ISO-10303-21;
HEADER;
FILE_DESCRIPTION (( 'STEP AP214' ),
    '1' );
FILE_NAME ('reoriented-430450600.STEP',
    '2023-10-11T09:25:45',
    ( '' ),
    ( '' ),
    'SwSTEP 2.0',
    'SolidWorks 2021',
    '' );
FILE_SCHEMA (( 'AUTOMOTIVE_DESIGN' ));
ENDSEC;

DATA;
#1 = ORIENTED_EDGE ( 'NONE', *, *, #5789, .F. ) ;
#2 = ORIENTED_EDGE ( 'NONE', *, *, #6289, .T. ) ;
#3 = ADVANCED_FACE ( 'NONE', ( #4197 ), #4481, .F. ) ;
#4 = EDGE_CURVE ( 'NONE', #4049, #7954, #9853, .T. ) ;
#5 = AXIS2_PLACEMENT_3D ( 'NONE', #3646, #2949, #9772 ) ;
#6 = LINE ( 'NONE', #1313, #7808 ) ;
#7 = DIRECTION ( 'NONE',  ( 0.000000000000000000, 1.000000000000000000, 0.000000000000000000 ) ) ;
#8 = ADVANCED_FACE ( 'NONE', ( #6597 ), #2938, .F. ) ;
#9 = VECTOR ( 'NONE', #1799, 1000.000000000000000 ) ;
#10 = PLANE ( 'NONE',  #8952 ) ;
#11 = ORIENTED_EDGE ( 'NONE', *, *, #447, .F. ) ;
#12 = ORIENTED_EDGE ( 'NONE', *, *, #4411, .F. ) ;
#13 = VERTEX_POINT ( 'NONE', #9064 ) ;
#14 = FACE_OUTER_BOUND ( 'NONE', #5396, .T. ) ;
#15 = LINE ( 'NONE', #5900, #84 ) ;
#16 = EDGE_LOOP ( 'NONE', ( #2543, #3394, #2894, #3988, #7058, #3608, #1750, #5519, #5526, #6209, #1793, #8424, #3585, #2415 ) ) ;
#17 = AXIS2_PLACEMENT_3D ( 'NONE', #7326, #4084, #1104 ) ;
#18 = ORIENTED_EDGE ( 'NONE', *, *, #7159, .T. ) ;
#19 = CARTESIAN_POINT ( 'NONE',  ( -3.320000000000000728, 1.160000000000000808, -0.3199999999999999512 ) ) ;
#20 = EDGE_CURVE ( 'NONE', #3653, #3395, #7573, .T. ) ;
#21 = DIRECTION ( 'NONE',  ( 0.000000000000000000, 0.000000000000000000, 1.000000000000000000 ) ) ;
#22 = CARTESIAN_POINT ( 'NONE',  ( -3.000000000000000888, -2.679999999999999272, -0.2300000000000001765 ) ) ;
#23 = DIRECTION ( 'NONE',  ( 0.000000000000000000, 1.000000000000000000, 0.000000000000000000 ) ) ;
#24 = EDGE_LOOP ( 'NONE', ( #1554, #214, #924, #5737 ) ) ;
#25 = CARTESIAN_POINT ( 'NONE',  ( -9.324999999999999289, 7.370000000000000995, 5.750000000000000000 ) ) ;
#26 = LINE ( 'NONE', #3063, #2609 ) ;
#27 = CARTESIAN_POINT ( 'NONE',  ( 0.3199999999999991185, -2.179999999999998828, -0.3199999999999999512 ) ) ;
#28 = VERTEX_POINT ( 'NONE', #8039 ) ;
#29 = PLANE ( 'NONE',  #5589 ) ;
#31 = EDGE_LOOP ( 'NONE', ( #7930, #6330, #2826, #3797 ) ) ;
#30 = FACE_OUTER_BOUND ( 'NONE', #362, .T. ) ;
#32 = LINE ( 'NONE', #5319, #4407 ) ;
#33 = LINE ( 'NONE', #6119, #2112 ) ;
#34 = CARTESIAN_POINT ( 'NONE',  ( 3.324999999999998845, 5.040000000000000924, 7.270000000000000462 ) ) ;
#35 = CARTESIAN_POINT ( 'NONE',  ( -6.570000000000001172, 1.170000000000000817, 2.319999999999999840 ) ) ;
#36 = EDGE_CURVE ( 'NONE', #7493, #6790, #4581, .T. ) ;
#37 = ORIENTED_EDGE ( 'NONE', *, *, #5854, .F. ) ;
#38 = EDGE_CURVE ( 'NONE', #2108, #166, #7617, .T. ) ;
#39 = ORIENTED_EDGE ( 'NONE', *, *, #793, .F. ) ;
#40 = AXIS2_PLACEMENT_3D ( 'NONE', #2854, #5246, #1315 ) ;
#41 = CARTESIAN_POINT ( 'NONE',  ( -0.3200000000000008393, 7.115000000000001101, 0.3099999999999999423 ) ) ;
#42 = CARTESIAN_POINT ( 'NONE',  ( 1.940485608556998587, 6.620000000000000995, 7.270000000000000462 ) ) ;
#43 = DIRECTION ( 'NONE',  ( 0.000000000000000000, -1.000000000000000000, 0.000000000000000000 ) ) ;
#44 = LINE ( 'NONE', #6723, #6898 ) ;
#45 = DIRECTION ( 'NONE',  ( -1.000000000000000000, 0.000000000000000000, 0.000000000000000000 ) ) ;
#46 = EDGE_CURVE ( 'NONE', #1182, #6991, #6845, .T. ) ;
#47 = ORIENTED_EDGE ( 'NONE', *, *, #8616, .T. ) ;
#48 = CARTESIAN_POINT ( 'NONE',  ( -1.694337613708001067, -2.099999999999999645, 5.320000000000000284 ) ) ;
#49 = DIRECTION ( 'NONE',  ( 1.000000000000000000, 0.000000000000000000, 0.000000000000000000 ) ) ;
#50 = VERTEX_POINT ( 'NONE', #8239 ) ;
#51 = ORIENTED_EDGE ( 'NONE', *, *, #3220, .F. ) ;
#52 = EDGE_LOOP ( 'NONE', ( #879, #4216, #7282, #1777 ) ) ;
#53 = ADVANCED_FACE ( 'NONE', ( #2262 ), #8941, .T. ) ;
#54 = VECTOR ( 'NONE', #1367, 1000.000000000000227 ) ;
#55 = CARTESIAN_POINT ( 'NONE',  ( -4.475000000000000533, 8.673617379884035472E-16, 4.320000000000000284 ) ) ;
#56 = LINE ( 'NONE', #911, #6760 ) ;
#57 = ADVANCED_FACE ( 'NONE', ( #6100 ), #3615, .T. ) ;
#58 = EDGE_CURVE ( 'NONE', #8857, #8975, #9828, .T. ) ;
#59 = EDGE_CURVE ( 'NONE', #2724, #1517, #5301, .T. ) ;
#60 = VECTOR ( 'NONE', #2775, 1000.000000000000000 ) ;
#61 = VECTOR ( 'NONE', #357, 1000.000000000000000 ) ;
#62 = DIRECTION ( 'NONE',  ( 1.000000000000000000, 0.000000000000000000, 0.000000000000000000 ) ) ;
#63 = VECTOR ( 'NONE', #2319, 1000.000000000000000 ) ;
#64 = ORIENTED_EDGE ( 'NONE', *, *, #8930, .T. ) ;
#65 = ORIENTED_EDGE ( 'NONE', *, *, #4703, .T. ) ;
#66 = PLANE ( 'NONE',  #6575 ) ;
#67 = DIRECTION ( 'NONE',  ( -0.000000000000000000, 1.000000000000000000, 0.000000000000000000 ) ) ;
#68 = VERTEX_POINT ( 'NONE', #6792 ) ;
#69 = ADVANCED_FACE ( 'NONE', ( #725 ), #9137, .T. ) ;
#70 = EDGE_CURVE ( 'NONE', #318, #3723, #8196, .T. ) ;
#71 = DIRECTION ( 'NONE',  ( 0.000000000000000000, 0.000000000000000000, 1.000000000000000000 ) ) ;
#72 = VECTOR ( 'NONE', #6009, 1000.000000000000000 ) ;
#73 = ORIENTED_EDGE ( 'NONE', *, *, #444, .T. ) ;
#74 = VECTOR ( 'NONE', #9108, 1000.000000000000227 ) ;
#75 = CARTESIAN_POINT ( 'NONE',  ( -2.770000000000000906, 5.440000000000000391, 6.019999999999999574 ) ) ;
#76 = VECTOR ( 'NONE', #2883, 1000.000000000000000 ) ;
#77 = EDGE_CURVE ( 'NONE', #2506, #8021, #4408, .T. ) ;
#78 = DIRECTION ( 'NONE',  ( 0.1744369497454954787, 0.9690941652527760297, 0.1744369497454954787 ) ) ;
#79 = DIRECTION ( 'NONE',  ( 1.000000000000000000, 0.000000000000000000, 0.000000000000000000 ) ) ;
#80 = ORIENTED_EDGE ( 'NONE', *, *, #2333, .T. ) ;
#81 = PLANE ( 'NONE',  #7878 ) ;
#82 = LINE ( 'NONE', #3012, #1818 ) ;
#83 = CARTESIAN_POINT ( 'NONE',  ( 1.824999999999999289, 7.115000000000001101, -0.9900000000000004352 ) ) ;
#84 = VECTOR ( 'NONE', #9086, 1000.000000000000000 ) ;
#85 = ORIENTED_EDGE ( 'NONE', *, *, #7793, .F. ) ;
#86 = DIRECTION ( 'NONE',  ( 0.000000000000000000, 0.000000000000000000, -1.000000000000000000 ) ) ;
#88 = ORIENTED_EDGE ( 'NONE', *, *, #6088, .T. ) ;
#87 = LINE ( 'NONE', #4668, #3935 ) ;
#89 = DIRECTION ( 'NONE',  ( -1.000000000000000000, 0.000000000000000000, 0.000000000000000000 ) ) ;
#90 = ADVANCED_FACE ( 'NONE', ( #7591 ), #9855, .T. ) ;
#91 = CARTESIAN_POINT ( 'NONE',  ( -2.680000000000001048, 5.120000000000000995, 2.319999999999999840 ) ) ;
#92 = CARTESIAN_POINT ( 'NONE',  ( 1.940431652050774725, 1.966666666666667673, 7.270000000000000462 ) ) ;
#93 = DIRECTION ( 'NONE',  ( 1.000000000000000000, 0.000000000000000000, 0.000000000000000000 ) ) ;
#94 = ORIENTED_EDGE ( 'NONE', *, *, #8636, .T. ) ;
#95 = CARTESIAN_POINT ( 'NONE',  ( -9.324999999999999289, 8.673617379884035472E-16, -0.9900000000000004352 ) ) ;
#96 = LINE ( 'NONE', #2488, #1081 ) ;
#97 = EDGE_CURVE ( 'NONE', #2138, #3707, #9685, .T. ) ;
#98 = CARTESIAN_POINT ( 'NONE',  ( 0.1399999999999990696, -3.179999999999998828, -0.1400000000000003741 ) ) ;
#99 = EDGE_CURVE ( 'NONE', #2847, #9737, #2864, .T. ) ;
#100 = DIRECTION ( 'NONE',  ( 0.000000000000000000, 1.000000000000000000, 0.000000000000000000 ) ) ;
#101 = FACE_OUTER_BOUND ( 'NONE', #8725, .T. ) ;
#102 = ORIENTED_EDGE ( 'NONE', *, *, #7566, .T. ) ;
#103 = CARTESIAN_POINT ( 'NONE',  ( -2.680000000000001048, 5.529000000000000803, -3.319999999999999840 ) ) ;
#104 = DIRECTION ( 'NONE',  ( -1.000000000000000000, 0.000000000000000000, 0.000000000000000000 ) ) ;
#105 = ORIENTED_EDGE ( 'NONE', *, *, #9647, .T. ) ;
#106 = ORIENTED_EDGE ( 'NONE', *, *, #4518, .F. ) ;
#107 = AXIS2_PLACEMENT_3D ( 'NONE', #388, #8499, #1686 ) ;
#108 = FACE_BOUND ( 'NONE', #9716, .T. ) ;
#109 = DIRECTION ( 'NONE',  ( 0.000000000000000000, -1.000000000000000000, 0.000000000000000000 ) ) ;
#110 = EDGE_CURVE ( 'NONE', #633, #5756, #5416, .T. ) ;
#111 = VECTOR ( 'NONE', #4364, 1000.000000000000000 ) ;
#112 = CARTESIAN_POINT ( 'NONE',  ( -3.475000000000000977, -1.749999999999998890, 5.320000000000000284 ) ) ;
#113 = ORIENTED_EDGE ( 'NONE', *, *, #9521, .T. ) ;
#114 = ORIENTED_EDGE ( 'NONE', *, *, #110, .T. ) ;
#115 = EDGE_LOOP ( 'NONE', ( #7540, #3613, #8272, #6432 ) ) ;
#116 = PLANE ( 'NONE',  #3058 ) ;
#117 = DIRECTION ( 'NONE',  ( -1.000000000000000000, 0.000000000000000000, 0.000000000000000000 ) ) ;
#118 = ORIENTED_EDGE ( 'NONE', *, *, #6730, .T. ) ;
#119 = VECTOR ( 'NONE', #5477, 1000.000000000000000 ) ;
#120 = DIRECTION ( 'NONE',  ( 1.000000000000000000, 0.000000000000000000, 0.000000000000000000 ) ) ;
#121 = ORIENTED_EDGE ( 'NONE', *, *, #3601, .F. ) ;
#122 = DIRECTION ( 'NONE',  ( 0.1744369497454954787, 0.1744369497454954787, -0.9690941652527760297 ) ) ;
#123 = DIRECTION ( 'NONE',  ( 1.000000000000000000, 0.000000000000000000, 0.000000000000000000 ) ) ;
#124 = EDGE_CURVE ( 'NONE', #6342, #6156, #673, .T. ) ;
#125 = AXIS2_PLACEMENT_3D ( 'NONE', #1150, #4173, #7225 ) ;
#126 = CARTESIAN_POINT ( 'NONE',  ( 1.269999999999999352, 6.710000000000000853, 8.920000000000001705 ) ) ;
#127 = VERTEX_POINT ( 'NONE', #2164 ) ;
#128 = CARTESIAN_POINT ( 'NONE',  ( -3.320000000000000728, 2.120000000000000995, 5.519999999999999574 ) ) ;
#129 = CARTESIAN_POINT ( 'NONE',  ( 0.1399999999999990696, -3.179999999999998828, 0.1399999999999999301 ) ) ;
#130 = DIRECTION ( 'NONE',  ( 0.000000000000000000, 1.000000000000000000, 0.000000000000000000 ) ) ;
#131 = ORIENTED_EDGE ( 'NONE', *, *, #8585, .F. ) ;
#132 = EDGE_CURVE ( 'NONE', #6930, #7514, #5350, .T. ) ;
#133 = CARTESIAN_POINT ( 'NONE',  ( -7.940323739037999928, 2.840000000000000302, 7.270000000000000462 ) ) ;
#134 = EDGE_CURVE ( 'NONE', #8109, #2006, #5206, .T. ) ;
#135 = CARTESIAN_POINT ( 'NONE',  ( -0.3200000000000008393, 7.370000000000000995, 0.3099999999999999423 ) ) ;
#137 = ORIENTED_EDGE ( 'NONE', *, *, #1812, .T. ) ;
#136 = CARTESIAN_POINT ( 'NONE',  ( -9.324999999999999289, 7.370000000000000995, 7.270000000000000462 ) ) ;
#138 = FACE_BOUND ( 'NONE', #9497, .T. ) ;
#139 = FACE_OUTER_BOUND ( 'NONE', #6245, .T. ) ;
#140 = EDGE_CURVE ( 'NONE', #9717, #5711, #6746, .T. ) ;
#141 = AXIS2_PLACEMENT_3D ( 'NONE', #6443, #3543, #5047 ) ;
#142 = DIRECTION ( 'NONE',  ( 0.000000000000000000, 0.000000000000000000, 1.000000000000000000 ) ) ;
#143 = CARTESIAN_POINT ( 'NONE',  ( -3.475000000000000977, -3.179999999999998828, 4.852124141977799177 ) ) ;
#144 = VERTEX_POINT ( 'NONE', #7640 ) ;
#145 = APPLICATION_CONTEXT ( 'automotive_design' ) ;
#146 = LINE ( 'NONE', #4683, #8322 ) ;
#147 = DIRECTION ( 'NONE',  ( 0.000000000000000000, 0.000000000000000000, -1.000000000000000000 ) ) ;
#148 = CARTESIAN_POINT ( 'NONE',  ( -9.574999999999999289, 2.840000000000000302, 5.750000000000000000 ) ) ;
#149 = EDGE_CURVE ( 'NONE', #274, #144, #6000, .T. ) ;
#150 = CARTESIAN_POINT ( 'NONE',  ( -2.770000000000000906, -2.679999999999999272, -3.000000000000000000 ) ) ;
#151 = CARTESIAN_POINT ( 'NONE',  ( 1.940485608556998587, 1.530000000000000915, 7.270000000000000462 ) ) ;
#152 = VERTEX_POINT ( 'NONE', #3255 ) ;
#153 = LINE ( 'NONE', #3783, #4686 ) ;
#154 = LINE ( 'NONE', #7725, #1975 ) ;
#155 = EDGE_LOOP ( 'NONE', ( #9422, #3705, #3263, #2946 ) ) ;
#156 = ORIENTED_EDGE ( 'NONE', *, *, #4622, .T. ) ;
#157 = VECTOR ( 'NONE', #1549, 1000.000000000000000 ) ;
#158 = DIRECTION ( 'NONE',  ( 0.000000000000000000, -1.000000000000000000, 0.000000000000000000 ) ) ;
#159 = VECTOR ( 'NONE', #1048, 1000.000000000000000 ) ;
#160 = FACE_OUTER_BOUND ( 'NONE', #6231, .T. ) ;
#161 = DIRECTION ( 'NONE',  ( 0.000000000000000000, 0.000000000000000000, -1.000000000000000000 ) ) ;
#162 = VECTOR ( 'NONE', #8854, 1000.000000000000000 ) ;
#163 = CARTESIAN_POINT ( 'NONE',  ( 3.574999999999999289, 2.940000000000000835, -0.3199999999999999512 ) ) ;
#164 = VECTOR ( 'NONE', #6197, 1000.000000000000000 ) ;
#165 = ORIENTED_EDGE ( 'NONE', *, *, #3603, .F. ) ;
#166 = VERTEX_POINT ( 'NONE', #9285 ) ;
#167 = ORIENTED_EDGE ( 'NONE', *, *, #97, .T. ) ;
#168 = EDGE_CURVE ( 'NONE', #5289, #8238, #8428, .T. ) ;
#169 = CARTESIAN_POINT ( 'NONE',  ( -3.320000000000000728, 5.120000000000000995, 2.319999999999999840 ) ) ;
#170 = DIRECTION ( 'NONE',  ( 0.000000000000000000, 0.000000000000000000, 1.000000000000000000 ) ) ;
#171 = ORIENTED_EDGE ( 'NONE', *, *, #1946, .F. ) ;
#172 = DIRECTION ( 'NONE',  ( 0.000000000000000000, 1.000000000000000000, 0.000000000000000000 ) ) ;
#173 = ORIENTED_EDGE ( 'NONE', *, *, #38, .T. ) ;
#174 = CIRCLE ( 'NONE', #5266, 1.299999999999999156 ) ;
#175 = EDGE_CURVE ( 'NONE', #611, #1370, #7742, .T. ) ;
#176 = DIRECTION ( 'NONE',  ( 0.000000000000000000, -1.000000000000000000, 0.000000000000000000 ) ) ;
#177 = LINE ( 'NONE', #5556, #4517 ) ;
#178 = EDGE_LOOP ( 'NONE', ( #6022, #2792, #1373, #2553, #6239, #8691 ) ) ;
#179 = ORIENTED_EDGE ( 'NONE', *, *, #4617, .T. ) ;
#180 = DIRECTION ( 'NONE',  ( 0.000000000000000000, 0.000000000000000000, -1.000000000000000000 ) ) ;
#181 = CARTESIAN_POINT ( 'NONE',  ( -5.680000000000000604, 1.160000000000000808, -0.9900000000000004352 ) ) ;
#182 = DIRECTION ( 'NONE',  ( 0.000000000000000000, 0.000000000000000000, -1.000000000000000000 ) ) ;
#183 = VERTEX_POINT ( 'NONE', #5403 ) ;
#184 = VECTOR ( 'NONE', #6372, 1000.000000000000000 ) ;
#185 = LINE ( 'NONE', #9349, #6688 ) ;
#186 = PLANE ( 'NONE',  #9571 ) ;
#188 = ORIENTED_EDGE ( 'NONE', *, *, #4500, .F. ) ;
#187 = CARTESIAN_POINT ( 'NONE',  ( -6.000000000000000888, -2.679999999999999272, -0.2300000000000001765 ) ) ;
#189 = DIRECTION ( 'NONE',  ( 0.000000000000000000, -1.000000000000000000, 0.000000000000000000 ) ) ;
#190 = PLANE ( 'NONE',  #8483 ) ;
#191 = DIRECTION ( 'NONE',  ( 1.000000000000000000, 0.000000000000000000, 0.000000000000000000 ) ) ;
#192 = EDGE_CURVE ( 'NONE', #953, #3957, #973, .T. ) ;
#193 = EDGE_CURVE ( 'NONE', #7837, #5586, #1616, .T. ) ;
#194 = DIRECTION ( 'NONE',  ( 1.000000000000000000, 0.000000000000000000, 0.000000000000000000 ) ) ;
#195 = PLANE ( 'NONE',  #9854 ) ;
#196 = EDGE_LOOP ( 'NONE', ( #2492, #6839, #4680, #9278 ) ) ;
#197 = CARTESIAN_POINT ( 'NONE',  ( -1.730000000000000870, 3.710000000000000409, 8.920000000000001705 ) ) ;
#198 = EDGE_CURVE ( 'NONE', #7352, #9397, #8581, .T. ) ;
#199 = EDGE_CURVE ( 'NONE', #3829, #2309, #4757, .T. ) ;
#200 = CARTESIAN_POINT ( 'NONE',  ( 1.940485608556998587, 7.370000000000000995, 8.920000000000001705 ) ) ;
#201 = B_SPLINE_CURVE_WITH_KNOTS ( 'NONE', 3,
 ( #4422, #5219, #8299, #8909, #688, #9796, #496, #3525, #5123, #9605, #2971 ),
 .UNSPECIFIED., .F., .F.,
 ( 4, 1, 1, 1, 1, 1, 1, 1, 4 ),
 ( 0.000000000000000000, 0.1250000000000000000, 0.2500000000000000000, 0.3750000000000000000, 0.5000000000000000000, 0.6250000000000000000, 0.7500000000000000000, 0.8750000000000000000, 1.000000000000000000 ),
 .UNSPECIFIED. ) ;
#202 = CARTESIAN_POINT ( 'NONE',  ( -2.680000000000001048, 2.760000000000000675, -0.3199999999999999512 ) ) ;
#203 = CARTESIAN_POINT ( 'NONE',  ( 1.940161869518999493, 4.515000000000000568, 3.770000000000000018 ) ) ;
#204 = CARTESIAN_POINT ( 'NONE',  ( 0.3199999999999991185, 7.370000000000000995, 0.3099999999999999423 ) ) ;
#205 = EDGE_LOOP ( 'NONE', ( #8530, #4052, #8226, #85 ) ) ;
#206 = CARTESIAN_POINT ( 'NONE',  ( 0.3199999999999991185, 3.940000000000000835, 3.964999999999999858 ) ) ;
#207 = ORIENTED_EDGE ( 'NONE', *, *, #5090, .T. ) ;
#208 = ORIENTED_EDGE ( 'NONE', *, *, #746, .F. ) ;
#209 = CARTESIAN_POINT ( 'NONE',  ( -0.3200000000000008393, -2.179999999999998828, 0.3199999999999999512 ) ) ;
#210 = DIRECTION ( 'NONE',  ( 0.000000000000000000, 0.000000000000000000, 1.000000000000000000 ) ) ;
#211 = VECTOR ( 'NONE', #270, 1000.000000000000227 ) ;
#212 = CARTESIAN_POINT ( 'NONE',  ( -0.3200000000000008393, 5.540000000000000924, -0.9900000000000004352 ) ) ;
#213 = CARTESIAN_POINT ( 'NONE',  ( -3.140000000000001013, -3.179999999999998828, 0.1399999999999999301 ) ) ;
#214 = ORIENTED_EDGE ( 'NONE', *, *, #6396, .T. ) ;
#215 = ORIENTED_EDGE ( 'NONE', *, *, #9434, .F. ) ;
#216 = ORIENTED_EDGE ( 'NONE', *, *, #1797, .T. ) ;
#217 = LINE ( 'NONE', #6295, #1635 ) ;
#218 = CARTESIAN_POINT ( 'NONE',  ( -5.680000000000000604, 4.889000000000001123, -2.680000000000000160 ) ) ;
#219 = ORIENTED_EDGE ( 'NONE', *, *, #1085, .T. ) ;
#220 = VECTOR ( 'NONE', #4229, 1000.000000000000000 ) ;
#221 = DIRECTION ( 'NONE',  ( 0.000000000000000000, 0.000000000000000000, 1.000000000000000000 ) ) ;
#222 = ORIENTED_EDGE ( 'NONE', *, *, #9271, .F. ) ;
#223 = AXIS2_PLACEMENT_3D ( 'NONE', #3805, #5213, #7695 ) ;
#224 = AXIS2_PLACEMENT_3D ( 'NONE', #649, #3683, #3029 ) ;
#225 = CIRCLE ( 'NONE', #5001, 0.5321241419777998916 ) ;
#226 = CARTESIAN_POINT ( 'NONE',  ( -6.000000000000000888, 5.670000000000000817, 6.019999999999999574 ) ) ;
#227 = CARTESIAN_POINT ( 'NONE',  ( 0.3199999999999991185, 4.260000000000000675, 0.3099999999999999423 ) ) ;
#228 = EDGE_LOOP ( 'NONE', ( #316, #2361 ) ) ;
#229 = ORIENTED_EDGE ( 'NONE', *, *, #5044, .F. ) ;
#230 = LINE ( 'NONE', #1728, #8015 ) ;
#231 = DIRECTION ( 'NONE',  ( -0.9841833239736893502, 0.000000000000000000, 0.1771529983152980714 ) ) ;
#232 = EDGE_LOOP ( 'NONE', ( #7446, #4244, #7734, #6412 ) ) ;
#233 = VECTOR ( 'NONE', #3912, 1000.000000000000000 ) ;
#234 = AXIS2_PLACEMENT_3D ( 'NONE', #5224, #6021, #7512 ) ;
#235 = CARTESIAN_POINT ( 'NONE',  ( 3.324999999999998845, 1.440000000000000835, 6.387021250724999710 ) ) ;
#236 = CARTESIAN_POINT ( 'NONE',  ( 1.940485608556998587, 2.840000000000000746, 4.936666666666667425 ) ) ;
#237 = AXIS2_PLACEMENT_3D ( 'NONE', #5620, #834, #8552 ) ;
#239 = EDGE_LOOP ( 'NONE', ( #6042, #2397, #931, #7836, #5105 ) ) ;
#238 = FACE_OUTER_BOUND ( 'NONE', #9023, .T. ) ;
#240 = CARTESIAN_POINT ( 'NONE',  ( -1.730000000000000870, 4.170000000000000817, 8.920000000000001705 ) ) ;
#241 = LINE ( 'NONE', #4777, #8170 ) ;
#242 = DIRECTION ( 'NONE',  ( 0.000000000000000000, 1.000000000000000000, 0.000000000000000000 ) ) ;
#243 = VECTOR ( 'NONE', #2149, 1000.000000000000000 ) ;
#244 = VECTOR ( 'NONE', #8999, 1000.000000000000000 ) ;
#245 = CARTESIAN_POINT ( 'NONE',  ( -4.270000000000001350, 3.710000000000000409, 8.920000000000001705 ) ) ;
#246 = VECTOR ( 'NONE', #6810, 1000.000000000000000 ) ;
#247 = CARTESIAN_POINT ( 'NONE',  ( -7.270000000000001350, 1.870000000000000995, 8.920000000000001705 ) ) ;
#248 = FACE_OUTER_BOUND ( 'NONE', #3749, .T. ) ;
#249 = EDGE_LOOP ( 'NONE', ( #1650, #9512, #4952, #2953 ) ) ;
#250 = ORIENTED_EDGE ( 'NONE', *, *, #6051, .F. ) ;
#251 = CARTESIAN_POINT ( 'NONE',  ( 1.824999999999999289, 7.370000000000000995, -0.9900000000000004352 ) ) ;
#252 = EDGE_CURVE ( 'NONE', #8645, #5851, #4807, .T. ) ;
#253 = FACE_OUTER_BOUND ( 'NONE', #4085, .T. ) ;
#254 = DIRECTION ( 'NONE',  ( 0.000000000000000000, 1.000000000000000000, 0.000000000000000000 ) ) ;
#255 = DIRECTION ( 'NONE',  ( -1.000000000000000000, 0.000000000000000000, 0.000000000000000000 ) ) ;
#256 = EDGE_CURVE ( 'NONE', #1417, #8044, #6894, .T. ) ;
#257 = LINE ( 'NONE', #3288, #3825 ) ;
#258 = ORIENTED_EDGE ( 'NONE', *, *, #1722, .T. ) ;
#259 = ADVANCED_FACE ( 'NONE', ( #7791 ), #6944, .T. ) ;
#260 = VERTEX_POINT ( 'NONE', #8638 ) ;
#261 = VERTEX_POINT ( 'NONE', #9239 ) ;
#262 = CARTESIAN_POINT ( 'NONE',  ( -7.940215826025386114, 5.040000000000000924, 4.936666666666666536 ) ) ;
#263 = LINE ( 'NONE', #7729, #4950 ) ;
#264 = EDGE_CURVE ( 'NONE', #6359, #4257, #7044, .T. ) ;
#265 = LINE ( 'NONE', #6237, #8503 ) ;
#266 = LINE ( 'NONE', #3302, #3639 ) ;
#267 = ORIENTED_EDGE ( 'NONE', *, *, #5188, .F. ) ;
#268 = ORIENTED_EDGE ( 'NONE', *, *, #862, .F. ) ;
#269 = ORIENTED_EDGE ( 'NONE', *, *, #193, .T. ) ;
#270 = DIRECTION ( 'NONE',  ( 0.1744369497454954787, -0.1744369497454954787, 0.9690941652527760297 ) ) ;
#271 = CARTESIAN_POINT ( 'NONE',  ( -3.320000000000000728, 5.529000000000000803, -3.319999999999999840 ) ) ;
#272 = EDGE_LOOP ( 'NONE', ( #4930, #3359, #1585, #4009 ) ) ;
#273 = PLANE ( 'NONE',  #8761 ) ;
#274 = VERTEX_POINT ( 'NONE', #6993 ) ;
#275 = AXIS2_PLACEMENT_3D ( 'NONE', #461, #1905, #4946 ) ;
#276 = CARTESIAN_POINT ( 'NONE',  ( -4.270000000000001350, 4.870000000000000995, 2.319999999999999840 ) ) ;
#277 = ADVANCED_FACE ( 'NONE', ( #5506 ), #273, .T. ) ;
#278 = LINE ( 'NONE', #2367, #4041 ) ;
#279 = ORIENTED_EDGE ( 'NONE', *, *, #4549, .F. ) ;
#280 = ORIENTED_EDGE ( 'NONE', *, *, #3111, .F. ) ;
#281 = ORIENTED_EDGE ( 'NONE', *, *, #3772, .T. ) ;
#282 = CARTESIAN_POINT ( 'NONE',  ( -1.525000000000001021, 0.5100000000000008971, 7.509999999999998899 ) ) ;
#283 = FACE_OUTER_BOUND ( 'NONE', #7857, .T. ) ;
#284 = AXIS2_PLACEMENT_3D ( 'NONE', #9852, #604, #6026 ) ;
#285 = ORIENTED_EDGE ( 'NONE', *, *, #7341, .F. ) ;
#286 = CARTESIAN_POINT ( 'NONE',  ( -9.324999999999999289, 1.160000000000000808, -0.9900000000000004352 ) ) ;
#287 = DIRECTION ( 'NONE',  ( 0.000000000000000000, 0.000000000000000000, -1.000000000000000000 ) ) ;
#289 = ORIENTED_EDGE ( 'NONE', *, *, #8171, .T. ) ;
#288 = CARTESIAN_POINT ( 'NONE',  ( -4.475000000000000533, 8.673617379884035472E-16, 0.3099999999999999423 ) ) ;
#290 = CARTESIAN_POINT ( 'NONE',  ( -3.700000000000001066, 8.769999999999999574, 6.720000000000000639 ) ) ;
#291 = VECTOR ( 'NONE', #6213, 1000.000000000000000 ) ;
#292 = DIRECTION ( 'NONE',  ( -1.000000000000000000, 0.000000000000000000, 0.000000000000000000 ) ) ;
#293 = CARTESIAN_POINT ( 'NONE',  ( 0.3199999999999991185, 5.120000000000000995, 5.519999999999999574 ) ) ;
#294 = CARTESIAN_POINT ( 'NONE',  ( -0.3200000000000008393, 3.620000000000000995, -0.9900000000000004352 ) ) ;
#295 = DIRECTION ( 'NONE',  ( -1.000000000000000000, 0.000000000000000000, 0.000000000000000000 ) ) ;
#296 = CARTESIAN_POINT ( 'NONE',  ( -8.340485608557001385, 3.540000000000000480, 1.269999999999999796 ) ) ;
#297 = ORIENTED_EDGE ( 'NONE', *, *, #3085, .T. ) ;
#298 = ORIENTED_EDGE ( 'NONE', *, *, #3942, .T. ) ;
#299 = EDGE_CURVE ( 'NONE', #6943, #5546, #9188, .T. ) ;
#300 = DIRECTION ( 'NONE',  ( 0.000000000000000000, 0.000000000000000000, -1.000000000000000000 ) ) ;
#301 = CARTESIAN_POINT ( 'NONE',  ( 3.324999999999998845, 5.040000000000000924, 7.270000000000000462 ) ) ;
#302 = LINE ( 'NONE', #9264, #927 ) ;
#303 = DIRECTION ( 'NONE',  ( 0.000000000000000000, -0.6447027996602189281, 0.7644333195971219075 ) ) ;
#304 = EDGE_CURVE ( 'NONE', #7050, #9766, #5452, .T. ) ;
#305 = LINE ( 'NONE', #8019, #1778 ) ;
#306 = VERTEX_POINT ( 'NONE', #3204 ) ;
#307 = VERTEX_POINT ( 'NONE', #8531 ) ;
#308 = ORIENTED_EDGE ( 'NONE', *, *, #5621, .T. ) ;
#309 = EDGE_CURVE ( 'NONE', #2895, #7743, #6244, .T. ) ;
#310 = DIRECTION ( 'NONE',  ( 0.000000000000000000, -1.000000000000000000, 0.000000000000000000 ) ) ;
#311 = PLANE ( 'NONE',  #4569 ) ;
#312 = CARTESIAN_POINT ( 'NONE',  ( 0.1399999999999990696, 5.580000000000000959, 6.519999999999999574 ) ) ;
#313 = EDGE_CURVE ( 'NONE', #7054, #8792, #1166, .T. ) ;
#314 = ADVANCED_FACE ( 'NONE', ( #9581 ), #5655, .F. ) ;
#315 = CARTESIAN_POINT ( 'NONE',  ( -5.860000000000000320, 2.300000000000000711, 6.519999999999999574 ) ) ;
#316 = ORIENTED_EDGE ( 'NONE', *, *, #6705, .T. ) ;
#317 = ORIENTED_EDGE ( 'NONE', *, *, #8897, .T. ) ;
#318 = VERTEX_POINT ( 'NONE', #9534 ) ;
#319 = CARTESIAN_POINT ( 'NONE',  ( -6.320000000000001172, 5.120000000000000995, 2.319999999999999840 ) ) ;
#320 = VECTOR ( 'NONE', #3223, 1000.000000000000227 ) ;
#321 = EDGE_LOOP ( 'NONE', ( #2023, #851, #6988, #3360 ) ) ;
#322 = VECTOR ( 'NONE', #4890, 1000.000000000000000 ) ;
#323 = EDGE_CURVE ( 'NONE', #8715, #9633, #366, .T. ) ;
#324 = ORIENTED_EDGE ( 'NONE', *, *, #3207, .F. ) ;
#325 = AXIS2_PLACEMENT_3D ( 'NONE', #1961, #6498, #4295 ) ;
#326 = CARTESIAN_POINT ( 'NONE',  ( 3.574999999999999289, 5.040000000000000924, 5.750000000000000000 ) ) ;
#327 = ORIENTED_EDGE ( 'NONE', *, *, #1652, .F. ) ;
#328 = ORIENTED_EDGE ( 'NONE', *, *, #2772, .F. ) ;
#329 = ORIENTED_EDGE ( 'NONE', *, *, #8156, .F. ) ;
#330 = DIRECTION ( 'NONE',  ( 0.000000000000000000, 0.000000000000000000, -1.000000000000000000 ) ) ;
#331 = CARTESIAN_POINT ( 'NONE',  ( -6.140000000000001457, 2.300000000000000711, 6.519999999999999574 ) ) ;
#332 = ORIENTED_EDGE ( 'NONE', *, *, #1955, .F. ) ;
#333 = DIRECTION ( 'NONE',  ( 0.000000000000000000, 0.000000000000000000, 1.000000000000000000 ) ) ;
#334 = VECTOR ( 'NONE', #8896, 1000.000000000000000 ) ;
#335 = DIRECTION ( 'NONE',  ( 0.000000000000000000, 0.000000000000000000, -1.000000000000000000 ) ) ;
#336 = EDGE_CURVE ( 'NONE', #8507, #4008, #8692, .T. ) ;
#338 = ORIENTED_EDGE ( 'NONE', *, *, #4887, .F. ) ;
#337 = CARTESIAN_POINT ( 'NONE',  ( -3.475000000000000977, -2.619615242270999733, 5.320000000000000284 ) ) ;
#339 = CARTESIAN_POINT ( 'NONE',  ( -3.320000000000000728, 5.120000000000000995, 5.519999999999999574 ) ) ;
#340 = CARTESIAN_POINT ( 'NONE',  ( 3.824999999999999289, 2.840000000000000302, 7.270000000000000462 ) ) ;
#341 = CARTESIAN_POINT ( 'NONE',  ( -3.475000000000000977, 8.673617379884035472E-16, 4.320000000000000284 ) ) ;
#342 = LINE ( 'NONE', #3277, #8594 ) ;
#343 = VECTOR ( 'NONE', #7123, 1000.000000000000000 ) ;
#344 = PLANE ( 'NONE',  #697 ) ;
#345 = DIRECTION ( 'NONE',  ( -0.000000000000000000, 1.000000000000000000, 0.000000000000000000 ) ) ;
#346 = EDGE_LOOP ( 'NONE', ( #131, #6831, #2199, #3190 ) ) ;
#347 = ORIENTED_EDGE ( 'NONE', *, *, #7815, .F. ) ;
#348 = CARTESIAN_POINT ( 'NONE',  ( 2.324999999999998845, 3.940000000000000835, 3.964999999999999858 ) ) ;
#349 = DIRECTION ( 'NONE',  ( 0.000000000000000000, -1.000000000000000000, 0.000000000000000000 ) ) ;
#350 = CARTESIAN_POINT ( 'NONE',  ( 3.324999999999998845, 8.673617379884035472E-16, 3.319999999999999840 ) ) ;
#351 = ADVANCED_FACE ( 'NONE', ( #4195 ), #5750, .T. ) ;
#352 = PLANE ( 'NONE',  #5094 ) ;
#353 = LINE ( 'NONE', #2696, #8617 ) ;
#354 = ORIENTED_EDGE ( 'NONE', *, *, #8902, .F. ) ;
#355 = ORIENTED_EDGE ( 'NONE', *, *, #389, .T. ) ;
#356 = VERTEX_POINT ( 'NONE', #8085 ) ;
#357 = DIRECTION ( 'NONE',  ( 0.000000000000000000, 0.000000000000000000, -1.000000000000000000 ) ) ;
#358 = CARTESIAN_POINT ( 'NONE',  ( -9.574999999999999289, 4.940000000000000391, -0.3199999999999999512 ) ) ;
#359 = PLANE ( 'NONE',  #275 ) ;
#360 = EDGE_CURVE ( 'NONE', #2314, #9035, #5844, .T. ) ;
#361 = PLANE ( 'NONE',  #141 ) ;
#362 = EDGE_LOOP ( 'NONE', ( #8515, #7193, #88, #9296, #121, #7612, #3348, #1317, #530, #7219, #9109, #8475, #6931, #5404 ) ) ;
#363 = VERTEX_POINT ( 'NONE', #1868 ) ;
#364 = ORIENTED_EDGE ( 'NONE', *, *, #5370, .F. ) ;
#365 = ORIENTED_EDGE ( 'NONE', *, *, #8048, .F. ) ;
#366 = LINE ( 'NONE', #7197, #961 ) ;
#367 = EDGE_CURVE ( 'NONE', #1097, #3953, #2755, .T. ) ;
#368 = VERTEX_POINT ( 'NONE', #5704 ) ;
#369 = EDGE_CURVE ( 'NONE', #2649, #5661, #8738, .T. ) ;
#370 = ADVANCED_FACE ( 'NONE', ( #8786 ), #8883, .T. ) ;
#371 = EDGE_CURVE ( 'NONE', #6651, #5931, #7250, .T. ) ;
#372 = VECTOR ( 'NONE', #8302, 1000.000000000000000 ) ;
#373 = CARTESIAN_POINT ( 'NONE',  ( -7.940377695544548864, 3.365000000000000657, 2.036666666666666625 ) ) ;
#374 = ADVANCED_FACE ( 'NONE', ( #8838 ), #4150, .T. ) ;
#375 = EDGE_LOOP ( 'NONE', ( #8893, #3316, #2611, #5597 ) ) ;
#376 = VERTEX_POINT ( 'NONE', #2055 ) ;
#377 = VERTEX_POINT ( 'NONE', #7898 ) ;
#378 = DIRECTION ( 'NONE',  ( -1.000000000000000000, 0.000000000000000000, 0.000000000000000000 ) ) ;
#379 = CARTESIAN_POINT ( 'NONE',  ( -9.324999999999999289, 0.5100000000000008971, 0.6099999999999998757 ) ) ;
#380 = EDGE_CURVE ( 'NONE', #8177, #9269, #3402, .T. ) ;
#381 = ORIENTED_EDGE ( 'NONE', *, *, #7465, .F. ) ;
#382 = DIRECTION ( 'NONE',  ( 0.000000000000000000, 0.000000000000000000, -1.000000000000000000 ) ) ;
#383 = VECTOR ( 'NONE', #49, 1000.000000000000000 ) ;
#385 = ORIENTED_EDGE ( 'NONE', *, *, #9798, .F. ) ;
#384 = CARTESIAN_POINT ( 'NONE',  ( -3.475000000000000977, 8.673617379884035472E-16, 3.319999999999999840 ) ) ;
#386 = AXIS2_PLACEMENT_3D ( 'NONE', #2794, #6629, #6674 ) ;
#387 = VECTOR ( 'NONE', #3567, 1000.000000000000000 ) ;
#388 = CARTESIAN_POINT ( 'NONE',  ( -2.680000000000001048, 4.260000000000000675, -0.9900000000000004352 ) ) ;
#389 = EDGE_CURVE ( 'NONE', #1774, #4646, #7989, .T. ) ;
#390 = CARTESIAN_POINT ( 'NONE',  ( -4.730000000000000426, 4.170000000000000817, 8.920000000000001705 ) ) ;
#391 = FACE_OUTER_BOUND ( 'NONE', #6571, .T. ) ;
#392 = PLANE ( 'NONE',  #8180 ) ;
#393 = AXIS2_PLACEMENT_3D ( 'NONE', #7403, #2718, #5014 ) ;
#394 = CARTESIAN_POINT ( 'NONE',  ( 3.574999999999999289, 4.940000000000000391, 0.2799999999999998601 ) ) ;
#395 = CARTESIAN_POINT ( 'NONE',  ( -6.320000000000001172, 2.760000000000000675, 5.519999999999999574 ) ) ;
#396 = VERTEX_POINT ( 'NONE', #1072 ) ;
#397 = AXIS2_PLACEMENT_3D ( 'NONE', #7426, #9614, #4385 ) ;
#398 = EDGE_LOOP ( 'NONE', ( #8175, #3819, #1167, #5665 ) ) ;
#399 = VECTOR ( 'NONE', #1689, 1000.000000000000000 ) ;
#400 = DIRECTION ( 'NONE',  ( 0.000000000000000000, 0.000000000000000000, -1.000000000000000000 ) ) ;
#401 = PLANE ( 'NONE',  #3626 ) ;
#402 = VECTOR ( 'NONE', #8596, 1000.000000000000000 ) ;
#403 = VECTOR ( 'NONE', #5242, 1000.000000000000000 ) ;
#404 = LINE ( 'NONE', #2736, #3861 ) ;
#405 = VECTOR ( 'NONE', #9056, 1000.000000000000000 ) ;
#406 = DIRECTION ( 'NONE',  ( 0.000000000000000000, 1.000000000000000000, 0.000000000000000000 ) ) ;
#407 = CARTESIAN_POINT ( 'NONE',  ( 3.574999999999999289, 3.365000000000000657, 3.770000000000000018 ) ) ;
#408 = DIRECTION ( 'NONE',  ( 0.000000000000000000, 1.000000000000000000, 0.000000000000000000 ) ) ;
#409 = VERTEX_POINT ( 'NONE', #1263 ) ;
#410 = ORIENTED_EDGE ( 'NONE', *, *, #6071, .T. ) ;
#411 = VECTOR ( 'NONE', #2943, 1000.000000000000000 ) ;
#412 = CARTESIAN_POINT ( 'NONE',  ( -3.475000000000000977, -3.179999999999998828, 4.852124141977799177 ) ) ;
#413 = ADVANCED_FACE ( 'NONE', ( #7150 ), #3352, .F. ) ;
#414 = DIRECTION ( 'NONE',  ( 0.000000000000000000, -1.000000000000000000, 0.000000000000000000 ) ) ;
#415 = FACE_OUTER_BOUND ( 'NONE', #6877, .T. ) ;
#416 = ADVANCED_FACE ( 'NONE', ( #5935 ), #4347, .T. ) ;
#417 = CARTESIAN_POINT ( 'NONE',  ( 0.3199999999999991185, 4.889000000000001123, -0.3199999999999999512 ) ) ;
#418 = ORIENTED_EDGE ( 'NONE', *, *, #8930, .F. ) ;
#419 = ORIENTED_EDGE ( 'NONE', *, *, #9016, .T. ) ;
#420 = EDGE_LOOP ( 'NONE', ( #5966, #3151, #6151, #1596, #3947, #6927 ) ) ;
#421 = DIRECTION ( 'NONE',  ( -0.6427876096865049460, 0.000000000000000000, 0.7660444431190069903 ) ) ;
#422 = ADVANCED_FACE ( 'NONE', ( #9125 ), #4490, .T. ) ;
#423 = DIRECTION ( 'NONE',  ( 0.000000000000000000, 1.000000000000000000, 0.000000000000000000 ) ) ;
#424 = DIRECTION ( 'NONE',  ( -0.000000000000000000, 1.000000000000000000, 0.000000000000000000 ) ) ;
#425 = CARTESIAN_POINT ( 'NONE',  ( -4.475000000000000533, 0.5100000000000008971, 7.509999999999998899 ) ) ;
#426 = CARTESIAN_POINT ( 'NONE',  ( 2.340485608556998720, 4.340000000000000746, 1.169999999999999707 ) ) ;
#427 = VERTEX_POINT ( 'NONE', #6085 ) ;
#428 = ORIENTED_EDGE ( 'NONE', *, *, #1109, .F. ) ;
#429 = VERTEX_POINT ( 'NONE', #2849 ) ;
#430 = DIRECTION ( 'NONE',  ( 1.000000000000000000, 0.000000000000000000, 0.000000000000000000 ) ) ;
#431 = CARTESIAN_POINT ( 'NONE',  ( 0.3199999999999991185, -2.179999999999998828, -2.680000000000000160 ) ) ;
#432 = VERTEX_POINT ( 'NONE', #8931 ) ;
#433 = EDGE_CURVE ( 'NONE', #579, #9763, #713, .T. ) ;
#434 = VECTOR ( 'NONE', #2069, 1000.000000000000000 ) ;
#435 = FACE_OUTER_BOUND ( 'NONE', #7805, .T. ) ;
#437 = VERTEX_POINT ( 'NONE', #7581 ) ;
#436 = DIRECTION ( 'NONE',  ( 0.000000000000000000, -1.000000000000000000, 0.000000000000000000 ) ) ;
#438 = DIRECTION ( 'NONE',  ( 1.000000000000000000, 0.000000000000000000, 0.000000000000000000 ) ) ;
#439 = FACE_OUTER_BOUND ( 'NONE', #4311, .T. ) ;
#440 = DIRECTION ( 'NONE',  ( 0.000000000000000000, 1.000000000000000000, 0.000000000000000000 ) ) ;
#441 = AXIS2_PLACEMENT_3D ( 'NONE', #2142, #3735, #1352 ) ;
#442 = PLANE ( 'NONE',  #1345 ) ;
#444 = EDGE_CURVE ( 'NONE', #3070, #5870, #3788, .T. ) ;
#443 = CARTESIAN_POINT ( 'NONE',  ( -6.320000000000001172, 1.160000000000000808, -0.9900000000000004352 ) ) ;
#445 = DIRECTION ( 'NONE',  ( 1.000000000000000000, 0.000000000000000000, 0.000000000000000000 ) ) ;
#446 = ORIENTED_EDGE ( 'NONE', *, *, #1054, .T. ) ;
#447 = EDGE_CURVE ( 'NONE', #6203, #3946, #6, .T. ) ;
#448 = DIRECTION ( 'NONE',  ( 0.000000000000000000, 0.000000000000000000, 1.000000000000000000 ) ) ;
#449 = VECTOR ( 'NONE', #2476, 1000.000000000000000 ) ;
#450 = CARTESIAN_POINT ( 'NONE',  ( -1.270000000000000906, 4.170000000000000817, 8.920000000000001705 ) ) ;
#451 = EDGE_CURVE ( 'NONE', #2649, #5502, #3043, .T. ) ;
#452 = LINE ( 'NONE', #2036, #843 ) ;
#453 = DIRECTION ( 'NONE',  ( 0.000000000000000000, 1.000000000000000000, 0.000000000000000000 ) ) ;
#454 = CARTESIAN_POINT ( 'NONE',  ( -7.270000000000001350, 4.870000000000000995, 8.920000000000001705 ) ) ;
#455 = CARTESIAN_POINT ( 'NONE',  ( 0.5699999999999988409, 4.170000000000000817, 2.319999999999999840 ) ) ;
#456 = ORIENTED_EDGE ( 'NONE', *, *, #3598, .T. ) ;
#457 = VECTOR ( 'NONE', #254, 1000.000000000000000 ) ;
#458 = ORIENTED_EDGE ( 'NONE', *, *, #1788, .T. ) ;
#459 = FACE_OUTER_BOUND ( 'NONE', #1325, .T. ) ;
#460 = CARTESIAN_POINT ( 'NONE',  ( -0.3200000000000008393, 4.260000000000000675, 0.3099999999999999423 ) ) ;
#461 = CARTESIAN_POINT ( 'NONE',  ( -0.5700000000000010614, 1.170000000000000817, 8.920000000000001705 ) ) ;
#462 = EDGE_CURVE ( 'NONE', #152, #482, #6784, .T. ) ;
#463 = LINE ( 'NONE', #5604, #9062 ) ;
#464 = CARTESIAN_POINT ( 'NONE',  ( 0.3199999999999991185, 1.160000000000000808, -0.9900000000000004352 ) ) ;
#465 = ORIENTED_EDGE ( 'NONE', *, *, #2325, .F. ) ;
#466 = ORIENTED_EDGE ( 'NONE', *, *, #8496, .T. ) ;
#467 = ORIENTED_EDGE ( 'NONE', *, *, #3391, .T. ) ;
#468 =( LENGTH_UNIT ( ) NAMED_UNIT ( * ) SI_UNIT ( .MILLI., .METRE. ) );
#469 = DIRECTION ( 'NONE',  ( 8.074349270000999407E-14, 1.000000000000000000, 8.074349270000999407E-14 ) ) ;
#470 = ORIENTED_EDGE ( 'NONE', *, *, #2081, .F. ) ;
#471 = ADVANCED_FACE ( 'NONE', ( #5989 ), #7438, .T. ) ;
#472 = CARTESIAN_POINT ( 'NONE',  ( -3.320000000000000728, -2.179999999999998828, -3.319999999999999840 ) ) ;
#473 = CARTESIAN_POINT ( 'NONE',  ( -7.940485608557000141, 3.365000000000000657, 1.169999999999999707 ) ) ;
#474 = ORIENTED_EDGE ( 'NONE', *, *, #5426, .T. ) ;
#475 = ORIENTED_EDGE ( 'NONE', *, *, #2137, .T. ) ;
#476 = VERTEX_POINT ( 'NONE', #2098 ) ;
#477 = CARTESIAN_POINT ( 'NONE',  ( -6.320000000000001172, 4.889000000000001123, -2.680000000000000160 ) ) ;
#478 = DIRECTION ( 'NONE',  ( 0.000000000000000000, 1.000000000000000000, 0.000000000000000000 ) ) ;
#479 = ORIENTED_EDGE ( 'NONE', *, *, #264, .T. ) ;
#480 = VECTOR ( 'NONE', #2342, 1000.000000000000000 ) ;
#481 = PLANE ( 'NONE',  #2231 ) ;
#482 = VERTEX_POINT ( 'NONE', #5290 ) ;
#483 = DIRECTION ( 'NONE',  ( 0.000000000000000000, 0.000000000000000000, -1.000000000000000000 ) ) ;
#484 = VECTOR ( 'NONE', #8288, 1000.000000000000000 ) ;
#485 = EDGE_CURVE ( 'NONE', #6739, #9147, #3600, .T. ) ;
#486 = CARTESIAN_POINT ( 'NONE',  ( -3.000000000000000888, -2.679999999999999272, -2.770000000000000018 ) ) ;
#487 = CARTESIAN_POINT ( 'NONE',  ( -2.680000000000001048, 7.370000000000000995, 0.3099999999999999423 ) ) ;
#488 = VECTOR ( 'NONE', #5524, 1000.000000000000000 ) ;
#489 = LINE ( 'NONE', #2774, #162 ) ;
#490 = DIRECTION ( 'NONE',  ( -1.000000000000000000, 0.000000000000000000, 0.000000000000000000 ) ) ;
#491 = LINE ( 'NONE', #3623, #5490 ) ;
#492 = VERTEX_POINT ( 'NONE', #1364 ) ;
#493 = AXIS2_PLACEMENT_3D ( 'NONE', #1507, #7033, #3888 ) ;
#494 = ADVANCED_FACE ( 'NONE', ( #3693 ), #5889, .T. ) ;
#495 = FACE_OUTER_BOUND ( 'NONE', #8787, .T. ) ;
#497 = ORIENTED_EDGE ( 'NONE', *, *, #9810, .T. ) ;
#496 = CARTESIAN_POINT ( 'NONE',  ( -2.050514811696600770, -2.437048056911000238, 3.319999999999999840 ) ) ;
#498 = PRODUCT ( 'reoriented-430450600', 'reoriented-430450600', '', ( #8784 ) ) ;
#499 = EDGE_CURVE ( 'NONE', #4468, #8783, #174, .T. ) ;
#500 = EDGE_CURVE ( 'NONE', #356, #1097, #8319, .T. ) ;
#501 = VECTOR ( 'NONE', #8107, 1000.000000000000000 ) ;
#502 = CARTESIAN_POINT ( 'NONE',  ( -6.320000000000001172, 3.620000000000000995, 0.3099999999999999423 ) ) ;
#503 = FACE_OUTER_BOUND ( 'NONE', #321, .T. ) ;
#504 = ADVANCED_FACE ( 'NONE', ( #2898 ), #8274, .F. ) ;
#505 = FACE_OUTER_BOUND ( 'NONE', #4102, .T. ) ;
#506 = PLANE ( 'NONE',  #6862 ) ;
#507 = VERTEX_POINT ( 'NONE', #7483 ) ;
#508 = EDGE_CURVE ( 'NONE', #7146, #2989, #2249, .T. ) ;
#509 = ORIENTED_EDGE ( 'NONE', *, *, #3049, .T. ) ;
#510 = ADVANCED_FACE ( 'NONE', ( #5240 ), #9076, .T. ) ;
#511 = FACE_OUTER_BOUND ( 'NONE', #8701, .T. ) ;
#512 = VECTOR ( 'NONE', #1595, 1000.000000000000227 ) ;
#513 = DIRECTION ( 'NONE',  ( 0.000000000000000000, 1.000000000000000000, 0.000000000000000000 ) ) ;
#514 = LINE ( 'NONE', #4850, #7709 ) ;
#515 = LINE ( 'NONE', #8877, #7961 ) ;
#516 = LINE ( 'NONE', #6492, #5391 ) ;
#517 = ORIENTED_EDGE ( 'NONE', *, *, #9513, .F. ) ;
#518 = EDGE_LOOP ( 'NONE', ( #6483, #8465, #4966, #4995 ) ) ;
#519 = ORIENTED_EDGE ( 'NONE', *, *, #3299, .F. ) ;
#520 = CARTESIAN_POINT ( 'NONE',  ( -2.860000000000001208, 2.580000000000000515, 6.519999999999999574 ) ) ;
#521 = EDGE_LOOP ( 'NONE', ( #1319, #3178, #9477, #7070 ) ) ;
#522 = LINE ( 'NONE', #3551, #7059 ) ;
#523 = DIRECTION ( 'NONE',  ( -1.000000000000000000, 0.000000000000000000, 0.000000000000000000 ) ) ;
#524 = EDGE_LOOP ( 'NONE', ( #106, #2639, #1488, #3596, #4100 ) ) ;
#525 = ORIENTED_EDGE ( 'NONE', *, *, #4770, .T. ) ;
#526 = ORIENTED_EDGE ( 'NONE', *, *, #369, .T. ) ;
#527 = CARTESIAN_POINT ( 'NONE',  ( -8.304999999999999716, 0.5100000000000008971, 8.485588664446000351 ) ) ;
#528 = CARTESIAN_POINT ( 'NONE',  ( -5.680000000000000604, 5.529000000000000803, -0.3199999999999999512 ) ) ;
#529 = VECTOR ( 'NONE', #3697, 1000.000000000000000 ) ;
#530 = ORIENTED_EDGE ( 'NONE', *, *, #1506, .T. ) ;
#531 = LINE ( 'NONE', #2673, #9711 ) ;
#532 = ADVANCED_FACE ( 'NONE', ( #108, #7832, #854 ), #1754, .T. ) ;
#533 = ORIENTED_EDGE ( 'NONE', *, *, #5070, .T. ) ;
#534 = CARTESIAN_POINT ( 'NONE',  ( -0.1400000000000007905, -3.179999999999998828, -0.1400000000000003741 ) ) ;
#535 = VECTOR ( 'NONE', #7147, 1000.000000000000000 ) ;
#536 = CARTESIAN_POINT ( 'NONE',  ( 3.324999999999998845, 3.940000000000000835, 3.964999999999999858 ) ) ;
#537 = LINE ( 'NONE', #1141, #387 ) ;
#538 = CARTESIAN_POINT ( 'NONE',  ( -9.574999999999999289, 4.515000000000000568, 3.770000000000000018 ) ) ;
#539 = DIRECTION ( 'NONE',  ( 1.000000000000000000, 0.000000000000000000, 0.000000000000000000 ) ) ;
#540 = CARTESIAN_POINT ( 'NONE',  ( -4.730000000000000426, 4.170000000000000817, 8.920000000000001705 ) ) ;
#541 = ORIENTED_EDGE ( 'NONE', *, *, #323, .T. ) ;
#542 = VECTOR ( 'NONE', #4300, 1000.000000000000000 ) ;
#543 = PLANE ( 'NONE',  #6059 ) ;
#544 = EDGE_CURVE ( 'NONE', #6946, #2740, #3142, .T. ) ;
#546 = VERTEX_POINT ( 'NONE', #6187 ) ;
#545 = CARTESIAN_POINT ( 'NONE',  ( 3.324999999999998845, 1.740000000000000657, 5.750000000000000000 ) ) ;
#547 = LINE ( 'NONE', #5034, #7380 ) ;
#548 = LINE ( 'NONE', #4230, #2937 ) ;
#549 = VECTOR ( 'NONE', #9345, 1000.000000000000000 ) ;
#550 = VECTOR ( 'NONE', #958, 1000.000000000000000 ) ;
#551 = VECTOR ( 'NONE', #1075, 1000.000000000000000 ) ;
#552 = DIRECTION ( 'NONE',  ( 0.000000000000000000, 1.000000000000000000, 0.000000000000000000 ) ) ;
#553 = LINE ( 'NONE', #5921, #8318 ) ;
#554 = EDGE_LOOP ( 'NONE', ( #8271, #4648, #4575, #2945 ) ) ;
#555 = ORIENTED_EDGE ( 'NONE', *, *, #4020, .T. ) ;
#556 = VECTOR ( 'NONE', #8794, 1000.000000000000000 ) ;
#557 = LINE ( 'NONE', #696, #4900 ) ;
#558 = VECTOR ( 'NONE', #9095, 1000.000000000000114 ) ;
#559 = VECTOR ( 'NONE', #5569, 1000.000000000000000 ) ;
#560 = CARTESIAN_POINT ( 'NONE',  ( -5.680000000000000604, 4.889000000000001123, 0.3099999999999999423 ) ) ;
#561 = EDGE_CURVE ( 'NONE', #8575, #1970, #2351, .T. ) ;
#562 = ADVANCED_FACE ( 'NONE', ( #3837, #5495 ), #3992, .T. ) ;
#563 = CARTESIAN_POINT ( 'NONE',  ( 3.574999999999999289, 7.370000000000000995, 5.750000000000000000 ) ) ;
#564 = VECTOR ( 'NONE', #2193, 1000.000000000000000 ) ;
#565 = FACE_OUTER_BOUND ( 'NONE', #1760, .T. ) ;
#566 = PLANE ( 'NONE',  #1256 ) ;
#567 = ORIENTED_EDGE ( 'NONE', *, *, #7495, .F. ) ;
#568 = ORIENTED_EDGE ( 'NONE', *, *, #3426, .F. ) ;
#569 = VERTEX_POINT ( 'NONE', #6288 ) ;
#570 = EDGE_CURVE ( 'NONE', #7649, #1629, #263, .T. ) ;
#571 = EDGE_CURVE ( 'NONE', #6010, #906, #3097, .T. ) ;
#572 = DIRECTION ( 'NONE',  ( -1.000000000000000000, 0.000000000000000000, 0.000000000000000000 ) ) ;
#573 = CARTESIAN_POINT ( 'NONE',  ( 3.824999999999999289, 5.040000000000000924, 3.770000000000000018 ) ) ;
#574 = ADVANCED_FACE ( 'NONE', ( #2400 ), #8369, .T. ) ;
#575 = DIRECTION ( 'NONE',  ( -1.000000000000000000, 0.000000000000000000, 0.000000000000000000 ) ) ;
#576 = CARTESIAN_POINT ( 'NONE',  ( -3.320000000000000728, 2.120000000000000995, 2.319999999999999840 ) ) ;
#577 = ORIENTED_EDGE ( 'NONE', *, *, #6099, .F. ) ;
#578 = EDGE_LOOP ( 'NONE', ( #9626, #1082, #8216, #7626 ) ) ;
#579 = VERTEX_POINT ( 'NONE', #5440 ) ;
#580 = DIRECTION ( 'NONE',  ( 1.000000000000000000, 0.000000000000000000, 0.000000000000000000 ) ) ;
#581 = FACE_OUTER_BOUND ( 'NONE', #4036, .T. ) ;
#582 = EDGE_LOOP ( 'NONE', ( #4343, #1133, #3792, #219, #2620 ) ) ;
#583 = FACE_OUTER_BOUND ( 'NONE', #398, .T. ) ;
#584 = ORIENTED_EDGE ( 'NONE', *, *, #2871, .F. ) ;
#585 = CARTESIAN_POINT ( 'NONE',  ( -8.304999999999999716, 0.5100000000000008971, 0.6099999999999998757 ) ) ;
#586 = ADVANCED_FACE ( 'NONE', ( #1604 ), #6141, .T. ) ;
#587 = CARTESIAN_POINT ( 'NONE',  ( -2.680000000000001048, 5.529000000000000803, -3.319999999999999840 ) ) ;
#588 = FACE_OUTER_BOUND ( 'NONE', #9569, .T. ) ;
#589 = LINE ( 'NONE', #5074, #4359 ) ;
#590 = DIRECTION ( 'NONE',  ( 0.000000000000000000, 1.000000000000000000, 8.074349270000999407E-14 ) ) ;
#591 = ORIENTED_EDGE ( 'NONE', *, *, #3928, .T. ) ;
#592 = LINE ( 'NONE', #6762, #501 ) ;
#594 = ORIENTED_EDGE ( 'NONE', *, *, #8721, .T. ) ;
#593 = CARTESIAN_POINT ( 'NONE',  ( -6.320000000000001172, 5.120000000000000995, 5.519999999999999574 ) ) ;
#595 = VECTOR ( 'NONE', #4970, 1000.000000000000000 ) ;
#596 = LINE ( 'NONE', #8112, #3076 ) ;
#597 = LINE ( 'NONE', #9702, #76 ) ;
#598 = CARTESIAN_POINT ( 'NONE',  ( -3.320000000000000728, 1.160000000000000808, -0.9900000000000004352 ) ) ;
#599 = DIRECTION ( 'NONE',  ( 0.000000000000000000, 0.000000000000000000, -1.000000000000000000 ) ) ;
#600 = EDGE_CURVE ( 'NONE', #4452, #2740, #1656, .T. ) ;
#601 = EDGE_LOOP ( 'NONE', ( #7148, #9198, #1609, #3702, #5832 ) ) ;
#602 = VECTOR ( 'NONE', #6175, 1000.000000000000000 ) ;
#603 = CARTESIAN_POINT ( 'NONE',  ( 2.340485608556998720, 3.540000000000000480, 1.169999999999999707 ) ) ;
#604 = DIRECTION ( 'NONE',  ( -0.000000000000000000, 1.000000000000000000, 0.000000000000000000 ) ) ;
#605 = EDGE_CURVE ( 'NONE', #4419, #8993, #4700, .T. ) ;
#606 = VECTOR ( 'NONE', #939, 1000.000000000000000 ) ;
#607 = FACE_OUTER_BOUND ( 'NONE', #3913, .T. ) ;
#608 = EDGE_CURVE ( 'NONE', #2242, #1224, #7674, .T. ) ;
#609 = DIRECTION ( 'NONE',  ( -1.000000000000000000, 0.000000000000000000, 0.000000000000000000 ) ) ;
#610 = PLANE ( 'NONE',  #8087 ) ;
#611 = VERTEX_POINT ( 'NONE', #3241 ) ;
#612 = VERTEX_POINT ( 'NONE', #7628 ) ;
#613 = B_SPLINE_CURVE_WITH_KNOTS ( 'NONE', 3,
 ( #1418, #6788, #2257, #9183, #6743, #1565, #4597, #4404, #5298, #8633, #4101 ),
 .UNSPECIFIED., .F., .F.,
 ( 4, 1, 1, 1, 1, 1, 1, 1, 4 ),
 ( 0.000000000000000000, 0.1250000000000000000, 0.2500000000000000000, 0.3750000000000000000, 0.5000000000000000000, 0.6250000000000000000, 0.7500000000000000000, 0.8750000000000000000, 1.000000000000000000 ),
 .UNSPECIFIED. ) ;
#614 = CARTESIAN_POINT ( 'NONE',  ( -6.000000000000000888, 2.210000000000000853, 6.019999999999999574 ) ) ;
#615 = DIRECTION ( 'NONE',  ( 0.000000000000000000, -1.000000000000000000, 0.000000000000000000 ) ) ;
#616 = EDGE_CURVE ( 'NONE', #7092, #6117, #6983, .T. ) ;
#617 = VECTOR ( 'NONE', #4949, 1000.000000000000000 ) ;
#618 = ADVANCED_FACE ( 'NONE', ( #160 ), #1008, .T. ) ;
#619 = FACE_OUTER_BOUND ( 'NONE', #1998, .T. ) ;
#620 = LINE ( 'NONE', #3650, #3709 ) ;
#621 = LINE ( 'NONE', #3651, #1322 ) ;
#622 = ORIENTED_EDGE ( 'NONE', *, *, #6182, .T. ) ;
#623 = VERTEX_POINT ( 'NONE', #2303 ) ;
#624 = CARTESIAN_POINT ( 'NONE',  ( -6.320000000000001172, 1.160000000000000808, -0.3199999999999999512 ) ) ;
#625 = LINE ( 'NONE', #9038, #3891 ) ;
#626 = ORIENTED_EDGE ( 'NONE', *, *, #8938, .F. ) ;
#627 = EDGE_CURVE ( 'NONE', #7328, #429, #5341, .T. ) ;
#628 = DIRECTION ( 'NONE',  ( 0.000000000000000000, 0.000000000000000000, 1.000000000000000000 ) ) ;
#629 = ORIENTED_EDGE ( 'NONE', *, *, #7793, .T. ) ;
#630 = DIRECTION ( 'NONE',  ( -1.000000000000000000, 0.000000000000000000, 0.000000000000000000 ) ) ;
#631 = CARTESIAN_POINT ( 'NONE',  ( -3.475000000000000977, 8.673617379884035472E-16, 5.320000000000000284 ) ) ;
#632 = DIRECTION ( 'NONE',  ( 0.000000000000000000, -1.000000000000000000, 0.000000000000000000 ) ) ;
#633 = VERTEX_POINT ( 'NONE', #55 ) ;
#634 = AXIS2_PLACEMENT_3D ( 'NONE', #9762, #5982, #8311 ) ;
#635 = DIRECTION ( 'NONE',  ( 0.000000000000000000, 1.000000000000000000, 0.000000000000000000 ) ) ;
#636 = CARTESIAN_POINT ( 'NONE',  ( -0.3200000000000008393, 4.889000000000001123, -2.680000000000000160 ) ) ;
#637 = ORIENTED_EDGE ( 'NONE', *, *, #1237, .T. ) ;
#638 = CARTESIAN_POINT ( 'NONE',  ( -5.680000000000000604, 7.370000000000000995, 0.3099999999999999423 ) ) ;
#640 = VERTEX_POINT ( 'NONE', #9373 ) ;
#639 = CARTESIAN_POINT ( 'NONE',  ( 3.324999999999998845, 5.040000000000000924, 7.270000000000000462 ) ) ;
#641 = VECTOR ( 'NONE', #9219, 1000.000000000000000 ) ;
#642 = CARTESIAN_POINT ( 'NONE',  ( -7.270000000000001350, 6.710000000000000853, 2.319999999999999840 ) ) ;
#643 = PLANE ( 'NONE',  #8986 ) ;
#644 = CARTESIAN_POINT ( 'NONE',  ( 3.324999999999998845, 8.673617379884035472E-16, 8.920000000000001705 ) ) ;
#645 = VECTOR ( 'NONE', #2957, 1000.000000000000000 ) ;
#646 = CARTESIAN_POINT ( 'NONE',  ( -4.730000000000000426, 3.710000000000000409, 8.920000000000001705 ) ) ;
#647 = EDGE_LOOP ( 'NONE', ( #381, #2295, #9539, #7319, #2793, #7202 ) ) ;
#648 = ORIENTED_EDGE ( 'NONE', *, *, #8414, .F. ) ;
#649 = CARTESIAN_POINT ( 'NONE',  ( 0.3199999999999991185, 3.940000000000000835, 3.964999999999999858 ) ) ;
#650 = LINE ( 'NONE', #8168, #5845 ) ;
#651 = VECTOR ( 'NONE', #3964, 1000.000000000000000 ) ;
#652 = EDGE_CURVE ( 'NONE', #3732, #3385, #1805, .T. ) ;
#653 = CARTESIAN_POINT ( 'NONE',  ( -0.5700000000000010614, 1.170000000000000817, 2.319999999999999840 ) ) ;
#654 = PRODUCT_DEFINITION_SHAPE ( 'NONE', 'NONE',  #1779 ) ;
#655 = CARTESIAN_POINT ( 'NONE',  ( -7.270000000000001350, 4.870000000000000995, 8.920000000000001705 ) ) ;
#656 = DIRECTION ( 'NONE',  ( 0.000000000000000000, -1.000000000000000000, 0.000000000000000000 ) ) ;
#657 = DIRECTION ( 'NONE',  ( -1.000000000000000000, 0.000000000000000000, 0.000000000000000000 ) ) ;
#658 = VECTOR ( 'NONE', #9154, 1000.000000000000000 ) ;
#659 = ORIENTED_EDGE ( 'NONE', *, *, #5439, .T. ) ;
#660 = EDGE_LOOP ( 'NONE', ( #1911, #8070, #250, #8848 ) ) ;
#661 = EDGE_LOOP ( 'NONE', ( #9430, #7570, #1130, #5727 ) ) ;
#662 = DIRECTION ( 'NONE',  ( 0.000000000000000000, 0.8660254037844288266, -0.5000000000000169864 ) ) ;
#663 = EDGE_CURVE ( 'NONE', #1938, #2855, #8627, .T. ) ;
#664 = CARTESIAN_POINT ( 'NONE',  ( -4.061125333798001336, -2.346466597971999413, 3.319999999999999840 ) ) ;
#665 = DIRECTION ( 'NONE',  ( 0.000000000000000000, 0.000000000000000000, -1.000000000000000000 ) ) ;
#666 = DIRECTION ( 'NONE',  ( 0.000000000000000000, 0.8660254037844288266, -0.5000000000000169864 ) ) ;
#667 = VERTEX_POINT ( 'NONE', #7055 ) ;
#668 = VERTEX_POINT ( 'NONE', #8600 ) ;
#669 = DIRECTION ( 'NONE',  ( 1.000000000000000000, 0.000000000000000000, 0.000000000000000000 ) ) ;
#670 =( NAMED_UNIT ( * ) PLANE_ANGLE_UNIT ( ) SI_UNIT ( $, .RADIAN. ) );
#671 = ORIENTED_EDGE ( 'NONE', *, *, #7378, .T. ) ;
#672 = EDGE_CURVE ( 'NONE', #9147, #4694, #1682, .T. ) ;
#673 = LINE ( 'NONE', #8995, #1592 ) ;
#674 = ORIENTED_EDGE ( 'NONE', *, *, #1940, .T. ) ;
#675 = CARTESIAN_POINT ( 'NONE',  ( -6.320000000000001172, 2.760000000000000675, 0.3099999999999999423 ) ) ;
#676 = EDGE_CURVE ( 'NONE', #6404, #7514, #4417, .T. ) ;
#677 = FACE_OUTER_BOUND ( 'NONE', #6234, .T. ) ;
#678 = EDGE_CURVE ( 'NONE', #307, #8880, #4113, .T. ) ;
#679 = CARTESIAN_POINT ( 'NONE',  ( -7.940323739037999928, 5.040000000000000924, 7.270000000000000462 ) ) ;
#680 = VERTEX_POINT ( 'NONE', #6959 ) ;
#681 = CARTESIAN_POINT ( 'NONE',  ( -0.5700000000000010614, 1.170000000000000817, 8.920000000000001705 ) ) ;
#682 = LINE ( 'NONE', #5360, #1986 ) ;
#683 = ORIENTED_EDGE ( 'NONE', *, *, #132, .T. ) ;
#684 = ADVANCED_FACE ( 'NONE', ( #6355 ), #7853, .T. ) ;
#685 = EDGE_CURVE ( 'NONE', #363, #3290, #185, .T. ) ;
#686 = CARTESIAN_POINT ( 'NONE',  ( -5.680000000000000604, 7.370000000000000995, 0.3099999999999999423 ) ) ;
#687 = VECTOR ( 'NONE', #4453, 1000.000000000000000 ) ;
#689 = VERTEX_POINT ( 'NONE', #7756 ) ;
#688 = CARTESIAN_POINT ( 'NONE',  ( -2.254974802434701164, -2.559969197974998778, 3.319999999999999840 ) ) ;
#690 = DIRECTION ( 'NONE',  ( 1.000000000000000000, 0.000000000000000000, 0.000000000000000000 ) ) ;
#691 = CARTESIAN_POINT ( 'NONE',  ( -6.320000000000001172, 5.120000000000000995, 2.319999999999999840 ) ) ;
#692 = CARTESIAN_POINT ( 'NONE',  ( 2.340485608556998720, 4.340000000000000746, 1.169999999999999707 ) ) ;
#693 = AXIS2_PLACEMENT_3D ( 'NONE', #1265, #5102, #7345 ) ;
#694 = ORIENTED_EDGE ( 'NONE', *, *, #1904, .T. ) ;
#695 = CARTESIAN_POINT ( 'NONE',  ( -7.825000000000001954, 7.115000000000001101, 0.7599999999999997868 ) ) ;
#696 = CARTESIAN_POINT ( 'NONE',  ( -5.680000000000000604, 5.120000000000000995, 5.519999999999999574 ) ) ;
#697 = AXIS2_PLACEMENT_3D ( 'NONE', #4586, #6978, #4927 ) ;
#698 = ORIENTED_EDGE ( 'NONE', *, *, #8459, .T. ) ;
#699 = VECTOR ( 'NONE', #4971, 1000.000000000000000 ) ;
#700 = VECTOR ( 'NONE', #6106, 1000.000000000000000 ) ;
#701 = CARTESIAN_POINT ( 'NONE',  ( 2.304999999999998828, 0.5100000000000008971, -0.9900000000000004352 ) ) ;
#702 = ADVANCED_FACE ( 'NONE', ( #8649 ), #1828, .F. ) ;
#703 = CARTESIAN_POINT ( 'NONE',  ( -1.525000000000001021, 8.673617379884035472E-16, 4.320000000000000284 ) ) ;
#704 = VERTEX_POINT ( 'NONE', #3318 ) ;
#705 = DIRECTION ( 'NONE',  ( -1.000000000000000000, 0.000000000000000000, 0.000000000000000000 ) ) ;
#706 = PLANE ( 'NONE',  #2521 ) ;
#707 = ORIENTED_EDGE ( 'NONE', *, *, #4573, .F. ) ;
#708 = VERTEX_POINT ( 'NONE', #4870 ) ;
#709 = EDGE_CURVE ( 'NONE', #9823, #5152, #7908, .T. ) ;
#710 = VECTOR ( 'NONE', #5252, 1000.000000000000000 ) ;
#711 = VECTOR ( 'NONE', #4675, 1000.000000000000000 ) ;
#712 = VECTOR ( 'NONE', #2070, 1000.000000000000227 ) ;
#713 = LINE ( 'NONE', #5143, #2077 ) ;
#714 = LINE ( 'NONE', #1410, #1672 ) ;
#715 = AXIS2_PLACEMENT_3D ( 'NONE', #4168, #1648, #6419 ) ;
#716 = AXIS2_PLACEMENT_3D ( 'NONE', #9675, #5936, #2997 ) ;
#717 = VECTOR ( 'NONE', #9317, 1000.000000000000000 ) ;
#718 = DIRECTION ( 'NONE',  ( 0.000000000000000000, 1.000000000000000000, 0.000000000000000000 ) ) ;
#719 = ORIENTED_EDGE ( 'NONE', *, *, #1602, .T. ) ;
#720 = EDGE_LOOP ( 'NONE', ( #2348, #355, #5898, #8306 ) ) ;
#721 = EDGE_CURVE ( 'NONE', #5384, #7943, #3215, .T. ) ;
#722 = CARTESIAN_POINT ( 'NONE',  ( -2.525000000000000799, 0.5100000000000008971, 0.3099999999999999423 ) ) ;
#723 = CARTESIAN_POINT ( 'NONE',  ( -9.324999999999999289, 1.530000000000000915, 7.270000000000000462 ) ) ;
#724 = VERTEX_POINT ( 'NONE', #4013 ) ;
#725 = FACE_OUTER_BOUND ( 'NONE', #7621, .T. ) ;
#726 = ORIENTED_EDGE ( 'NONE', *, *, #3044, .F. ) ;
#727 = CARTESIAN_POINT ( 'NONE',  ( -3.320000000000000728, 7.370000000000000995, 0.3099999999999999423 ) ) ;
#728 = CARTESIAN_POINT ( 'NONE',  ( -8.304999999999999716, 0.5100000000000008971, 8.920000000000001705 ) ) ;
#729 = ORIENTED_EDGE ( 'NONE', *, *, #134, .T. ) ;
#730 = LINE ( 'NONE', #5357, #9770 ) ;
#731 = EDGE_CURVE ( 'NONE', #7314, #2614, #6254, .T. ) ;
#732 = DIRECTION ( 'NONE',  ( 0.000000000000000000, -1.000000000000000000, 0.000000000000000000 ) ) ;
#733 = FACE_OUTER_BOUND ( 'NONE', #3514, .T. ) ;
#734 = EDGE_LOOP ( 'NONE', ( #51, #591, #3199, #7579, #3841, #8737, #6293, #2595 ) ) ;
#735 = FACE_OUTER_BOUND ( 'NONE', #582, .T. ) ;
#737 = ORIENTED_EDGE ( 'NONE', *, *, #1848, .F. ) ;
#736 = DIRECTION ( 'NONE',  ( 0.000000000000000000, 1.000000000000000000, 0.000000000000000000 ) ) ;
#738 = CARTESIAN_POINT ( 'NONE',  ( -3.000000000000000888, -2.679999999999999272, 0.2299999999999997324 ) ) ;
#739 = PLANE ( 'NONE',  #5633 ) ;
#740 = CARTESIAN_POINT ( 'NONE',  ( 2.340485608556998720, 3.365000000000000657, 1.269999999999999796 ) ) ;
#741 = EDGE_CURVE ( 'NONE', #6404, #689, #2053, .T. ) ;
#742 = DIRECTION ( 'NONE',  ( 0.000000000000000000, 0.000000000000000000, -1.000000000000000000 ) ) ;
#743 = EDGE_LOOP ( 'NONE', ( #3691, #4805, #6045, #5277, #6082 ) ) ;
#744 = VERTEX_POINT ( 'NONE', #3268 ) ;
#745 = CARTESIAN_POINT ( 'NONE',  ( -6.320000000000001172, 5.529000000000000803, -0.3199999999999999512 ) ) ;
#746 = EDGE_CURVE ( 'NONE', #7122, #8843, #4818, .T. ) ;
#747 = VECTOR ( 'NONE', #6861, 1000.000000000000000 ) ;
#748 = CARTESIAN_POINT ( 'NONE',  ( -6.140000000000001457, -3.179999999999998828, -0.1400000000000003741 ) ) ;
#749 = VERTEX_POINT ( 'NONE', #2574 ) ;
#750 = FACE_OUTER_BOUND ( 'NONE', #8567, .T. ) ;
#751 = CARTESIAN_POINT ( 'NONE',  ( 3.324999999999998845, 8.673617379884035472E-16, 5.750000000000000000 ) ) ;
#752 = ORIENTED_EDGE ( 'NONE', *, *, #7221, .F. ) ;
#753 = CARTESIAN_POINT ( 'NONE',  ( -2.680000000000001048, 1.160000000000000808, -0.9900000000000004352 ) ) ;
#754 = AXIS2_PLACEMENT_3D ( 'NONE', #9616, #2795, #8626 ) ;
#755 = CARTESIAN_POINT ( 'NONE',  ( -6.320000000000001172, 7.370000000000000995, -0.9900000000000004352 ) ) ;
#756 = ORIENTED_EDGE ( 'NONE', *, *, #2557, .F. ) ;
#757 = ORIENTED_EDGE ( 'NONE', *, *, #2897, .F. ) ;
#758 = ORIENTED_EDGE ( 'NONE', *, *, #8562, .F. ) ;
#759 = EDGE_CURVE ( 'NONE', #28, #1441, #5613, .T. ) ;
#760 = DIRECTION ( 'NONE',  ( 1.000000000000000000, 0.000000000000000000, 0.000000000000000000 ) ) ;
#761 = FACE_BOUND ( 'NONE', #6605, .T. ) ;
#762 = AXIS2_PLACEMENT_3D ( 'NONE', #8442, #736, #8497 ) ;
#763 = LINE ( 'NONE', #3048, #8637 ) ;
#764 = VERTEX_POINT ( 'NONE', #1625 ) ;
#765 = EDGE_LOOP ( 'NONE', ( #6694, #1163, #4171, #6627 ) ) ;
#766 = DIRECTION ( 'NONE',  ( -1.000000000000000000, 0.000000000000000000, 0.000000000000000000 ) ) ;
#767 = SURFACE_SIDE_STYLE ('',( #7588 ) ) ;
#768 = EDGE_LOOP ( 'NONE', ( #5278, #2456, #8565, #2608 ) ) ;
#769 = DIRECTION ( 'NONE',  ( 0.000000000000000000, 0.000000000000000000, 1.000000000000000000 ) ) ;
#770 = VERTEX_POINT ( 'NONE', #2419 ) ;
#771 = PLANE ( 'NONE',  #9347 ) ;
#772 = EDGE_CURVE ( 'NONE', #8435, #2656, #4665, .T. ) ;
#773 = ADVANCED_FACE ( 'NONE', ( #9251 ), #8494, .F. ) ;
#774 = DIRECTION ( 'NONE',  ( 1.000000000000000000, 0.000000000000000000, 0.000000000000000000 ) ) ;
#775 = DIRECTION ( 'NONE',  ( 0.000000000000000000, 1.000000000000000000, 0.000000000000000000 ) ) ;
#776 = ORIENTED_EDGE ( 'NONE', *, *, #9508, .T. ) ;
#777 = LINE ( 'NONE', #1622, #8178 ) ;
#778 = PLANE ( 'NONE',  #6272 ) ;
#779 = ORIENTED_EDGE ( 'NONE', *, *, #6815, .F. ) ;
#780 = FACE_OUTER_BOUND ( 'NONE', #8910, .T. ) ;
#782 = VERTEX_POINT ( 'NONE', #5516 ) ;
#781 = LINE ( 'NONE', #136, #291 ) ;
#783 = DIRECTION ( 'NONE',  ( 1.000000000000000000, 0.000000000000000000, 0.000000000000000000 ) ) ;
#784 = FACE_OUTER_BOUND ( 'NONE', #1456, .T. ) ;
#785 = DIRECTION ( 'NONE',  ( 0.000000000000000000, 1.000000000000000000, 0.000000000000000000 ) ) ;
#786 = DIRECTION ( 'NONE',  ( 0.000000000000000000, 0.000000000000000000, -1.000000000000000000 ) ) ;
#787 = ORIENTED_EDGE ( 'NONE', *, *, #8197, .F. ) ;
#788 = EDGE_CURVE ( 'NONE', #507, #2994, #8544, .T. ) ;
#789 = ORIENTED_EDGE ( 'NONE', *, *, #7445, .T. ) ;
#790 = DIRECTION ( 'NONE',  ( 0.000000000000000000, 0.000000000000000000, -1.000000000000000000 ) ) ;
#791 = CARTESIAN_POINT ( 'NONE',  ( -2.495992024646000562, -2.619615242270999733, 5.320000000000000284 ) ) ;
#792 = VECTOR ( 'NONE', #7774, 1000.000000000000000 ) ;
#793 = EDGE_CURVE ( 'NONE', #4319, #6054, #9591, .T. ) ;
#794 = CARTESIAN_POINT ( 'NONE',  ( 0.3199999999999991185, -2.179999999999998828, 0.3199999999999999512 ) ) ;
#795 = EDGE_CURVE ( 'NONE', #3785, #4452, #1275, .T. ) ;
#796 = EDGE_CURVE ( 'NONE', #9823, #8081, #5020, .T. ) ;
#797 = DIRECTION ( 'NONE',  ( 0.000000000000000000, 0.000000000000000000, 1.000000000000000000 ) ) ;
#798 = VECTOR ( 'NONE', #7918, 1000.000000000000227 ) ;
#799 = CARTESIAN_POINT ( 'NONE',  ( -2.860000000000001208, -3.179999999999998828, -2.860000000000000764 ) ) ;
#800 = DIRECTION ( 'NONE',  ( -0.000000000000000000, 1.000000000000000000, 0.000000000000000000 ) ) ;
#801 = ADVANCED_FACE ( 'NONE', ( #583 ), #7305, .F. ) ;
#802 = ORIENTED_EDGE ( 'NONE', *, *, #3152, .F. ) ;
#803 = DIRECTION ( 'NONE',  ( 0.000000000000000000, 0.000000000000000000, -1.000000000000000000 ) ) ;
#804 = ADVANCED_FACE ( 'NONE', ( #3419 ), #481, .F. ) ;
#805 = LINE ( 'NONE', #5677, #383 ) ;
#806 = ORIENTED_EDGE ( 'NONE', *, *, #1178, .F. ) ;
#807 = ORIENTED_EDGE ( 'NONE', *, *, #2202, .F. ) ;
#808 = ORIENTED_EDGE ( 'NONE', *, *, #7436, .T. ) ;
#809 = AXIS2_PLACEMENT_3D ( 'NONE', #8228, #1408, #4443 ) ;
#810 = CARTESIAN_POINT ( 'NONE',  ( -2.680000000000001048, 5.120000000000000995, 5.519999999999999574 ) ) ;
#811 = EDGE_CURVE ( 'NONE', #7776, #6203, #5581, .T. ) ;
#812 = LINE ( 'NONE', #3243, #4697 ) ;
#813 = AXIS2_PLACEMENT_3D ( 'NONE', #204, #2491, #8564 ) ;
#814 = LINE ( 'NONE', #6886, #9364 ) ;
#815 = ORIENTED_EDGE ( 'NONE', *, *, #4437, .T. ) ;
#816 = ORIENTED_EDGE ( 'NONE', *, *, #2960, .F. ) ;
#817 = CARTESIAN_POINT ( 'NONE',  ( -2.525000000000000799, -2.929999999999999272, 3.787875858022199616 ) ) ;
#818 = CARTESIAN_POINT ( 'NONE',  ( -5.680000000000000604, 4.889000000000001123, -0.3199999999999999512 ) ) ;
#819 = ORIENTED_EDGE ( 'NONE', *, *, #7141, .F. ) ;
#820 = ORIENTED_EDGE ( 'NONE', *, *, #99, .F. ) ;
#821 = CARTESIAN_POINT ( 'NONE',  ( 1.940485608556998587, 0.5100000000000008971, 8.920000000000001705 ) ) ;
#822 = DIRECTION ( 'NONE',  ( 0.000000000000000000, 0.000000000000000000, 1.000000000000000000 ) ) ;
#823 = CARTESIAN_POINT ( 'NONE',  ( -6.320000000000001172, 3.620000000000000995, -0.9900000000000004352 ) ) ;
#824 = ORIENTED_EDGE ( 'NONE', *, *, #8096, .T. ) ;
#825 = DIRECTION ( 'NONE',  ( 0.000000000000000000, 1.000000000000000000, 0.000000000000000000 ) ) ;
#826 = CARTESIAN_POINT ( 'NONE',  ( -2.680000000000001048, 2.760000000000000675, 5.519999999999999574 ) ) ;
#827 = EDGE_LOOP ( 'NONE', ( #3761, #2256, #956, #683 ) ) ;
#828 = EDGE_CURVE ( 'NONE', #5728, #396, #5666, .T. ) ;
#829 = EDGE_CURVE ( 'NONE', #3958, #482, #4259, .T. ) ;
#831 = ORIENTED_EDGE ( 'NONE', *, *, #3100, .F. ) ;
#830 = DIRECTION ( 'NONE',  ( -1.000000000000000000, 0.000000000000000000, 0.000000000000000000 ) ) ;
#832 = DIRECTION ( 'NONE',  ( 0.000000000000000000, 0.000000000000000000, -1.000000000000000000 ) ) ;
#833 = DIRECTION ( 'NONE',  ( 0.000000000000000000, 0.000000000000000000, 1.000000000000000000 ) ) ;
#834 = DIRECTION ( 'NONE',  ( -1.000000000000000000, 0.000000000000000000, 0.000000000000000000 ) ) ;
#835 = DIRECTION ( 'NONE',  ( 0.000000000000000000, 0.000000000000000000, 1.000000000000000000 ) ) ;
#836 = ORIENTED_EDGE ( 'NONE', *, *, #3640, .T. ) ;
#837 = VECTOR ( 'NONE', #2407, 1000.000000000000000 ) ;
#838 = EDGE_CURVE ( 'NONE', #7499, #9260, #4967, .T. ) ;
#839 = VECTOR ( 'NONE', #5199, 1000.000000000000000 ) ;
#840 = CARTESIAN_POINT ( 'NONE',  ( -5.680000000000000604, 7.370000000000000995, 0.3099999999999999423 ) ) ;
#841 = LINE ( 'NONE', #5428, #6964 ) ;
#842 = CARTESIAN_POINT ( 'NONE',  ( 2.640485608556998987, 3.540000000000000480, 1.269999999999999796 ) ) ;
#843 = VECTOR ( 'NONE', #4325, 1000.000000000000000 ) ;
#844 = CARTESIAN_POINT ( 'NONE',  ( -0.3200000000000008393, 1.160000000000000808, -0.9900000000000004352 ) ) ;
#845 = CARTESIAN_POINT ( 'NONE',  ( -3.320000000000000728, 0.5100000000000008971, -0.3199999999999999512 ) ) ;
#846 = ORIENTED_EDGE ( 'NONE', *, *, #7792, .F. ) ;
#847 = CARTESIAN_POINT ( 'NONE',  ( 1.940485608556998587, 6.620000000000000995, 7.270000000000000462 ) ) ;
#848 = DIRECTION ( 'NONE',  ( 1.000000000000000000, 0.000000000000000000, 0.000000000000000000 ) ) ;
#849 = ORIENTED_EDGE ( 'NONE', *, *, #7437, .T. ) ;
#850 = ORIENTED_EDGE ( 'NONE', *, *, #4956, .T. ) ;
#851 = ORIENTED_EDGE ( 'NONE', *, *, #796, .T. ) ;
#852 = AXIS2_PLACEMENT_3D ( 'NONE', #7156, #9444, #1678 ) ;
#853 = AXIS2_PLACEMENT_3D ( 'NONE', #95, #9315, #3180 ) ;
#854 = FACE_OUTER_BOUND ( 'NONE', #3910, .T. ) ;
#855 = VECTOR ( 'NONE', #1171, 1000.000000000000000 ) ;
#856 = CARTESIAN_POINT ( 'NONE',  ( 3.274999999999999467, 1.440000000000000835, 6.387021250724999710 ) ) ;
#857 = EDGE_CURVE ( 'NONE', #5792, #9182, #2021, .T. ) ;
#858 = AXIS2_PLACEMENT_3D ( 'NONE', #2106, #430, #3461 ) ;
#859 = ADVANCED_FACE ( 'NONE', ( #435 ), #8702, .F. ) ;
#860 = VECTOR ( 'NONE', #9691, 1000.000000000000000 ) ;
#861 = CARTESIAN_POINT ( 'NONE',  ( -2.860000000000001208, -3.179999999999998828, -2.860000000000000764 ) ) ;
#862 = EDGE_CURVE ( 'NONE', #306, #3690, #8097, .T. ) ;
#863 = VERTEX_POINT ( 'NONE', #7955 ) ;
#864 = ORIENTED_EDGE ( 'NONE', *, *, #4862, .T. ) ;
#865 = VECTOR ( 'NONE', #5820, 1000.000000000000000 ) ;
#866 = ORIENTED_EDGE ( 'NONE', *, *, #8982, .F. ) ;
#867 = CARTESIAN_POINT ( 'NONE',  ( 0.3199999999999991185, -2.179999999999998828, -2.680000000000000160 ) ) ;
#868 = CARTESIAN_POINT ( 'NONE',  ( -3.320000000000000728, 7.115000000000001101, 0.3099999999999999423 ) ) ;
#869 = ORIENTED_EDGE ( 'NONE', *, *, #6089, .T. ) ;
#870 = DIRECTION ( 'NONE',  ( 0.000000000000000000, -1.000000000000000000, 0.000000000000000000 ) ) ;
#871 = EDGE_CURVE ( 'NONE', #3597, #4008, #1134, .T. ) ;
#872 = CIRCLE ( 'NONE', #6441, 1.000000000000000000 ) ;
#873 = ORIENTED_EDGE ( 'NONE', *, *, #7984, .F. ) ;
#874 = AXIS2_PLACEMENT_3D ( 'NONE', #7833, #6142, #2352 ) ;
#875 = LINE ( 'NONE', #7688, #1552 ) ;
#876 = VECTOR ( 'NONE', #5733, 1000.000000000000000 ) ;
#877 = CARTESIAN_POINT ( 'NONE',  ( -2.525000000000000799, -3.054999999999999716, 4.320000000000000284 ) ) ;
#878 = CARTESIAN_POINT ( 'NONE',  ( -1.270000000000000906, 4.170000000000000817, 2.319999999999999840 ) ) ;
#879 = ORIENTED_EDGE ( 'NONE', *, *, #5268, .F. ) ;
#880 = DIRECTION ( 'NONE',  ( -0.1744369497454954787, 0.9690941652527760297, 0.1744369497454954787 ) ) ;
#881 = CARTESIAN_POINT ( 'NONE',  ( -3.320000000000000728, -2.179999999999998828, 0.3099999999999999423 ) ) ;
#882 = VECTOR ( 'NONE', #4755, 1000.000000000000000 ) ;
#883 = EDGE_LOOP ( 'NONE', ( #2290, #2783, #11, #7259, #7201, #5302 ) ) ;
#884 = DIRECTION ( 'NONE',  ( -1.000000000000000000, 0.000000000000000000, 0.000000000000000000 ) ) ;
#885 = DIRECTION ( 'NONE',  ( -0.9370821148326586858, -0.3491090231729219173, 0.000000000000000000 ) ) ;
#886 = ADVANCED_FACE ( 'NONE', ( #7353 ), #9499, .F. ) ;
#888 = ORIENTED_EDGE ( 'NONE', *, *, #1196, .F. ) ;
#887 = DIRECTION ( 'NONE',  ( 1.000000000000000000, 0.000000000000000000, 0.000000000000000000 ) ) ;
#889 = LINE ( 'NONE', #6063, #747 ) ;
#890 = EDGE_CURVE ( 'NONE', #1863, #7942, #531, .T. ) ;
#891 = LINE ( 'NONE', #9256, #5796 ) ;
#892 = CARTESIAN_POINT ( 'NONE',  ( -2.525000000000000799, 0.5100000000000008971, 0.3099999999999999423 ) ) ;
#893 = DIRECTION ( 'NONE',  ( 0.000000000000000000, 0.000000000000000000, -1.000000000000000000 ) ) ;
#894 = DIRECTION ( 'NONE',  ( 0.6389710663782904865, 0.000000000000000000, -0.7692307692307883693 ) ) ;
#895 = ORIENTED_EDGE ( 'NONE', *, *, #5491, .T. ) ;
#896 = LINE ( 'NONE', #3925, #6593 ) ;
#897 = CARTESIAN_POINT ( 'NONE',  ( 2.640485608556998987, 3.540000000000000480, 1.169999999999999707 ) ) ;
#898 = CARTESIAN_POINT ( 'NONE',  ( 3.574999999999999289, 4.940000000000000391, -0.3199999999999999512 ) ) ;
#899 = ADVANCED_FACE ( 'NONE', ( #7999 ), #1232, .T. ) ;
#900 = CARTESIAN_POINT ( 'NONE',  ( 0.3199999999999991185, 5.540000000000000924, -0.3199999999999999512 ) ) ;
#901 = DIRECTION ( 'NONE',  ( -0.000000000000000000, 1.000000000000000000, 0.000000000000000000 ) ) ;
#902 = VERTEX_POINT ( 'NONE', #6558 ) ;
#903 = DIRECTION ( 'NONE',  ( -0.1744369497454954787, 0.9690941652527760297, 0.1744369497454954787 ) ) ;
#904 = PLANE ( 'NONE',  #8814 ) ;
#905 = VERTEX_POINT ( 'NONE', #3560 ) ;
#906 = VERTEX_POINT ( 'NONE', #9642 ) ;
#907 = AXIS2_PLACEMENT_3D ( 'NONE', #3019, #783, #3765 ) ;
#908 = CARTESIAN_POINT ( 'NONE',  ( -3.475000000000000977, -3.179999999999998828, 4.320000000000000284 ) ) ;
#909 = CARTESIAN_POINT ( 'NONE',  ( 0.3199999999999991185, 3.620000000000000995, -0.3199999999999999512 ) ) ;
#910 = ADVANCED_FACE ( 'NONE', ( #4613 ), #29, .T. ) ;
#911 = CARTESIAN_POINT ( 'NONE',  ( -0.3200000000000008393, 3.620000000000000995, -0.9900000000000004352 ) ) ;
#912 = ADVANCED_FACE ( 'NONE', ( #7757 ), #186, .F. ) ;
#913 = VECTOR ( 'NONE', #2264, 1000.000000000000000 ) ;
#914 = DIRECTION ( 'NONE',  ( -0.000000000000000000, 1.000000000000000000, 0.000000000000000000 ) ) ;
#915 = ORIENTED_EDGE ( 'NONE', *, *, #2539, .T. ) ;
#916 = ORIENTED_EDGE ( 'NONE', *, *, #8133, .F. ) ;
#917 = ORIENTED_EDGE ( 'NONE', *, *, #1837, .T. ) ;
#918 = DIRECTION ( 'NONE',  ( -0.000000000000000000, 1.000000000000000000, 0.000000000000000000 ) ) ;
#919 = LINE ( 'NONE', #7738, #1358 ) ;
#920 = VERTEX_POINT ( 'NONE', #1732 ) ;
#921 = VECTOR ( 'NONE', #1832, 1000.000000000000000 ) ;
#922 = DIRECTION ( 'NONE',  ( 0.000000000000000000, 0.000000000000000000, -1.000000000000000000 ) ) ;
#923 = EDGE_CURVE ( 'NONE', #13, #2515, #3966, .T. ) ;
#924 = ORIENTED_EDGE ( 'NONE', *, *, #5065, .T. ) ;
#925 = ADVANCED_FACE ( 'NONE', ( #9839 ), #7701, .F. ) ;
#926 = CARTESIAN_POINT ( 'NONE',  ( -5.680000000000000604, 2.760000000000000675, 5.519999999999999574 ) ) ;
#927 = VECTOR ( 'NONE', #4081, 1000.000000000000000 ) ;
#928 = PLANE ( 'NONE',  #7871 ) ;
#929 = EDGE_CURVE ( 'NONE', #7776, #2662, #4959, .T. ) ;
#930 = VERTEX_POINT ( 'NONE', #2375 ) ;
#931 = ORIENTED_EDGE ( 'NONE', *, *, #2877, .T. ) ;
#932 = CARTESIAN_POINT ( 'NONE',  ( -6.320000000000001172, 5.120000000000000995, 5.519999999999999574 ) ) ;
#933 = DIRECTION ( 'NONE',  ( 0.000000000000000000, -1.000000000000000000, 0.000000000000000000 ) ) ;
#934 = PLANE ( 'NONE',  #8672 ) ;
#935 = EDGE_CURVE ( 'NONE', #2312, #1333, #5461, .T. ) ;
#936 = ORIENTED_EDGE ( 'NONE', *, *, #741, .F. ) ;
#937 = DIRECTION ( 'NONE',  ( -1.000000000000000000, 0.000000000000000000, 0.000000000000000000 ) ) ;
#938 = DIRECTION ( 'NONE',  ( -0.3491090231729219728, 0.9370821148326587968, 0.000000000000000000 ) ) ;
#940 = ORIENTED_EDGE ( 'NONE', *, *, #6068, .F. ) ;
#939 = DIRECTION ( 'NONE',  ( 0.000000000000000000, -1.000000000000000000, 0.000000000000000000 ) ) ;
#941 = FACE_OUTER_BOUND ( 'NONE', #4055, .T. ) ;
#942 = CARTESIAN_POINT ( 'NONE',  ( -5.680000000000000604, 3.620000000000000995, -0.9900000000000004352 ) ) ;
#943 = LINE ( 'NONE', #6169, #3249 ) ;
#944 = DIRECTION ( 'NONE',  ( -0.9841833239736893502, -0.1771529983152980714, 0.000000000000000000 ) ) ;
#945 = CARTESIAN_POINT ( 'NONE',  ( 3.274999999999999467, 1.740000000000000657, 6.769999999999999574 ) ) ;
#946 = ORIENTED_EDGE ( 'NONE', *, *, #1196, .T. ) ;
#947 = DIRECTION ( 'NONE',  ( 0.000000000000000000, -1.000000000000000000, 0.000000000000000000 ) ) ;
#948 = DIRECTION ( 'NONE',  ( 0.000000000000000000, -1.000000000000000000, 0.000000000000000000 ) ) ;
#949 = PLANE ( 'NONE',  #6167 ) ;
#950 = LINE ( 'NONE', #1696, #2194 ) ;
#951 = DIRECTION ( 'NONE',  ( 0.000000000000000000, -0.6428712937138820749, -0.7659742160925780974 ) ) ;
#952 = DIRECTION ( 'NONE',  ( 0.000000000000000000, 1.000000000000000000, 0.000000000000000000 ) ) ;
#953 = VERTEX_POINT ( 'NONE', #7603 ) ;
#954 = LINE ( 'NONE', #5535, #8185 ) ;
#955 = ORIENTED_EDGE ( 'NONE', *, *, #6523, .T. ) ;
#956 = ORIENTED_EDGE ( 'NONE', *, *, #6200, .F. ) ;
#957 = VECTOR ( 'NONE', #9520, 1000.000000000000000 ) ;
#958 = DIRECTION ( 'NONE',  ( 0.000000000000000000, 0.000000000000000000, -1.000000000000000000 ) ) ;
#959 = VECTOR ( 'NONE', #4076, 1000.000000000000114 ) ;
#960 = DIRECTION ( 'NONE',  ( 1.000000000000000000, 0.000000000000000000, 0.000000000000000000 ) ) ;
#961 = VECTOR ( 'NONE', #9630, 1000.000000000000000 ) ;
#962 = DIRECTION ( 'NONE',  ( 0.000000000000000000, 0.000000000000000000, -1.000000000000000000 ) ) ;
#963 = VECTOR ( 'NONE', #7466, 1000.000000000000000 ) ;
#964 = CARTESIAN_POINT ( 'NONE',  ( -5.860000000000000320, 2.580000000000000515, 6.519999999999999574 ) ) ;
#965 = VECTOR ( 'NONE', #3548, 1000.000000000000227 ) ;
#966 = ORIENTED_EDGE ( 'NONE', *, *, #7792, .T. ) ;
#967 = ORIENTED_EDGE ( 'NONE', *, *, #3336, .F. ) ;
#968 = ORIENTED_EDGE ( 'NONE', *, *, #6130, .F. ) ;
#969 = CARTESIAN_POINT ( 'NONE',  ( 2.340485608556998720, 3.365000000000000657, 1.169999999999999707 ) ) ;
#970 = DIRECTION ( 'NONE',  ( 0.000000000000000000, -1.000000000000000000, 0.000000000000000000 ) ) ;
#971 = ORIENTED_EDGE ( 'NONE', *, *, #2202, .T. ) ;
#972 = EDGE_CURVE ( 'NONE', #6331, #3496, #6858, .T. ) ;
#973 = LINE ( 'NONE', #1020, #4294 ) ;
#974 = ORIENTED_EDGE ( 'NONE', *, *, #3952, .F. ) ;
#975 = AXIS2_PLACEMENT_3D ( 'NONE', #4746, #8468, #3940 ) ;
#976 = LINE ( 'NONE', #5454, #3407 ) ;
#977 = CARTESIAN_POINT ( 'NONE',  ( -5.680000000000000604, 4.889000000000001123, 0.3099999999999999423 ) ) ;
#978 = EDGE_LOOP ( 'NONE', ( #1194, #9706, #4766, #9525, #7144 ) ) ;
#979 = VERTEX_POINT ( 'NONE', #5365 ) ;
#981 = ADVANCED_FACE ( 'NONE', ( #4666 ), #6115, .F. ) ;
#980 = FACE_OUTER_BOUND ( 'NONE', #7386, .T. ) ;
#982 = DIRECTION ( 'NONE',  ( 0.000000000000000000, 1.000000000000000000, 0.000000000000000000 ) ) ;
#983 = ORIENTED_EDGE ( 'NONE', *, *, #5439, .F. ) ;
#984 = VECTOR ( 'NONE', #4172, 1000.000000000000000 ) ;
#985 = CARTESIAN_POINT ( 'NONE',  ( -7.940323739037999928, 2.840000000000000302, 7.270000000000000462 ) ) ;
#986 = CARTESIAN_POINT ( 'NONE',  ( -3.700000000000001066, 8.120000000000000995, 5.969999999999999751 ) ) ;
#988 = ORIENTED_EDGE ( 'NONE', *, *, #8336, .F. ) ;
#987 = DIRECTION ( 'NONE',  ( 0.000000000000000000, 0.000000000000000000, -1.000000000000000000 ) ) ;
#990 = EDGE_CURVE ( 'NONE', #3312, #6298, #2475, .T. ) ;
#989 = CARTESIAN_POINT ( 'NONE',  ( -7.270000000000001350, 3.710000000000000409, 8.920000000000001705 ) ) ;
#991 = ADVANCED_FACE ( 'NONE', ( #735 ), #3762, .F. ) ;
#992 = DIRECTION ( 'NONE',  ( 1.000000000000000000, 0.000000000000000000, 0.000000000000000000 ) ) ;
#993 = CARTESIAN_POINT ( 'NONE',  ( 1.940377695544386993, 2.403333333333334210, 7.270000000000000462 ) ) ;
#994 = CARTESIAN_POINT ( 'NONE',  ( -2.680000000000001048, 5.529000000000000803, -3.319999999999999840 ) ) ;
#995 = CARTESIAN_POINT ( 'NONE',  ( -7.270000000000001350, 6.710000000000000853, 8.920000000000001705 ) ) ;
#996 = CARTESIAN_POINT ( 'NONE',  ( -8.325000000000001066, 8.673617379884035472E-16, 0.6099999999999998757 ) ) ;
#998 = EDGE_CURVE ( 'NONE', #8001, #7585, #7008, .T. ) ;
#997 = ORIENTED_EDGE ( 'NONE', *, *, #2865, .F. ) ;
#999 = DIRECTION ( 'NONE',  ( 0.000000000000000000, 0.000000000000000000, 1.000000000000000000 ) ) ;
#1000 = DIRECTION ( 'NONE',  ( 0.000000000000000000, 0.000000000000000000, 1.000000000000000000 ) ) ;
#1001 = LINE ( 'NONE', #9418, #792 ) ;
#1002 = LINE ( 'NONE', #6926, #512 ) ;
#1003 = ORIENTED_EDGE ( 'NONE', *, *, #8900, .F. ) ;
#1004 = AXIS2_PLACEMENT_3D ( 'NONE', #5010, #6602, #4960 ) ;
#1005 = ORIENTED_EDGE ( 'NONE', *, *, #8532, .F. ) ;
#1006 = ORIENTED_EDGE ( 'NONE', *, *, #4375, .F. ) ;
#1007 = CARTESIAN_POINT ( 'NONE',  ( -5.680000000000000604, 0.5100000000000008971, -0.9900000000000004352 ) ) ;
#1008 = PLANE ( 'NONE',  #5101 ) ;
#1009 = STYLED_ITEM ( 'NONE', ( #1866 ), #5478 ) ;
#1010 = LINE ( 'NONE', #212, #5019 ) ;
#1011 = EDGE_CURVE ( 'NONE', #4821, #7704, #6908, .T. ) ;
#1012 = DIRECTION ( 'NONE',  ( 0.000000000000000000, 1.000000000000000000, 0.000000000000000000 ) ) ;
#1013 = ORIENTED_EDGE ( 'NONE', *, *, #1240, .F. ) ;
#1014 = ORIENTED_EDGE ( 'NONE', *, *, #8454, .F. ) ;
#1015 = EDGE_LOOP ( 'NONE', ( #5248, #6707, #7976, #2218 ) ) ;
#1016 = CARTESIAN_POINT ( 'NONE',  ( -7.270000000000001350, 1.870000000000000995, 2.319999999999999840 ) ) ;
#1017 = DIRECTION ( 'NONE',  ( 1.000000000000000000, 0.000000000000000000, 0.000000000000000000 ) ) ;
#1018 = VERTEX_POINT ( 'NONE', #6060 ) ;
#1019 = VECTOR ( 'NONE', #8211, 1000.000000000000000 ) ;
#1020 = CARTESIAN_POINT ( 'NONE',  ( 2.304999999999998828, 0.5100000000000008971, 8.485588664446000351 ) ) ;
#1021 = ORIENTED_EDGE ( 'NONE', *, *, #336, .T. ) ;
#1022 = AXIS2_PLACEMENT_3D ( 'NONE', #9555, #539, #635 ) ;
#1023 = AXIS2_PLACEMENT_3D ( 'NONE', #8467, #310, #1858 ) ;
#1024 = AXIS2_PLACEMENT_3D ( 'NONE', #3158, #8434, #9390 ) ;
#1025 = CARTESIAN_POINT ( 'NONE',  ( -2.680000000000001048, 2.760000000000000675, 2.319999999999999840 ) ) ;
#1026 = ADVANCED_FACE ( 'NONE', ( #780 ), #3121, .T. ) ;
#1027 = DIRECTION ( 'NONE',  ( -1.000000000000000000, 0.000000000000000000, 0.000000000000000000 ) ) ;
#1028 = ORIENTED_EDGE ( 'NONE', *, *, #5799, .T. ) ;
#1029 = ORIENTED_EDGE ( 'NONE', *, *, #1240, .T. ) ;
#1030 = ORIENTED_EDGE ( 'NONE', *, *, #313, .T. ) ;
#1031 = DIRECTION ( 'NONE',  ( 1.000000000000000000, 0.000000000000000000, 0.000000000000000000 ) ) ;
#1032 = DIRECTION ( 'NONE',  ( 0.000000000000000000, -1.000000000000000000, 0.000000000000000000 ) ) ;
#1033 = ORIENTED_EDGE ( 'NONE', *, *, #1448, .T. ) ;
#1034 = VECTOR ( 'NONE', #590, 1000.000000000000000 ) ;
#1035 = VECTOR ( 'NONE', #3830, 1000.000000000000000 ) ;
#1036 = DIRECTION ( 'NONE',  ( 0.000000000000000000, 0.000000000000000000, -1.000000000000000000 ) ) ;
#1037 = PLANE ( 'NONE',  #9715 ) ;
#1038 = AXIS2_PLACEMENT_3D ( 'NONE', #3425, #8853, #7357 ) ;
#1040 = EDGE_LOOP ( 'NONE', ( #94, #3554, #895, #1122, #4841, #3833, #18, #5949 ) ) ;
#1039 = CARTESIAN_POINT ( 'NONE',  ( -3.700000000000001066, 8.120000000000000995, 5.969999999999999751 ) ) ;
#1041 = CARTESIAN_POINT ( 'NONE',  ( -0.3200000000000008393, 3.620000000000000995, 0.3099999999999999423 ) ) ;
#1042 = DIRECTION ( 'NONE',  ( -0.000000000000000000, 1.000000000000000000, 0.000000000000000000 ) ) ;
#1043 = DIRECTION ( 'NONE',  ( -0.000000000000000000, 1.000000000000000000, 0.000000000000000000 ) ) ;
#1044 = EDGE_CURVE ( 'NONE', #6888, #6445, #9252, .T. ) ;
#1045 = VECTOR ( 'NONE', #2258, 1000.000000000000000 ) ;
#1046 = PLANE ( 'NONE',  #1279 ) ;
#1047 = LINE ( 'NONE', #4781, #5950 ) ;
#1048 = DIRECTION ( 'NONE',  ( -1.000000000000000000, 0.000000000000000000, 0.000000000000000000 ) ) ;
#1049 = VERTEX_POINT ( 'NONE', #4871 ) ;
#1050 = ORIENTED_EDGE ( 'NONE', *, *, #5800, .T. ) ;
#1051 = LINE ( 'NONE', #8011, #3031 ) ;
#1052 = CARTESIAN_POINT ( 'NONE',  ( -4.305662386292000932, -2.099999999999999645, 3.319999999999999840 ) ) ;
#1053 = EDGE_CURVE ( 'NONE', #8975, #3395, #2523, .T. ) ;
#1054 = EDGE_CURVE ( 'NONE', #5661, #3070, #7161, .T. ) ;
#1055 = CARTESIAN_POINT ( 'NONE',  ( -9.574999999999999289, 4.515000000000000568, 3.770000000000000018 ) ) ;
#1056 = DIRECTION ( 'NONE',  ( -1.000000000000000000, 0.000000000000000000, 0.000000000000000000 ) ) ;
#1057 = ORIENTED_EDGE ( 'NONE', *, *, #3207, .T. ) ;
#1058 = ORIENTED_EDGE ( 'NONE', *, *, #140, .F. ) ;
#1059 = ORIENTED_EDGE ( 'NONE', *, *, #5293, .T. ) ;
#1060 = EDGE_CURVE ( 'NONE', #6402, #4740, #1688, .T. ) ;
#1061 = PLANE ( 'NONE',  #1023 ) ;
#1062 = B_SPLINE_CURVE_WITH_KNOTS ( 'NONE', 3,
 ( #1598, #4638, #2730, #1380 ),
 .UNSPECIFIED., .F., .F.,
 ( 4, 4 ),
 ( 0.000000000000000000, 1.000000000000000000 ),
 .UNSPECIFIED. ) ;
#1063 = PLANE ( 'NONE',  #7922 ) ;
#1064 = CARTESIAN_POINT ( 'NONE',  ( -3.320000000000000728, 3.620000000000000995, 0.3099999999999999423 ) ) ;
#1065 = DIRECTION ( 'NONE',  ( 0.000000000000000000, 0.000000000000000000, 1.000000000000000000 ) ) ;
#1066 = ORIENTED_EDGE ( 'NONE', *, *, #313, .F. ) ;
#1067 = ORIENTED_EDGE ( 'NONE', *, *, #935, .T. ) ;
#1068 = ORIENTED_EDGE ( 'NONE', *, *, #2677, .F. ) ;
#1069 = ADVANCED_FACE ( 'NONE', ( #5564 ), #4773, .F. ) ;
#1070 = DIRECTION ( 'NONE',  ( 0.000000000000000000, 1.000000000000000000, 0.000000000000000000 ) ) ;
#1071 = ORIENTED_EDGE ( 'NONE', *, *, #7317, .T. ) ;
#1072 = CARTESIAN_POINT ( 'NONE',  ( -2.680000000000001048, 4.889000000000001123, 0.3099999999999999423 ) ) ;
#1073 = ORIENTED_EDGE ( 'NONE', *, *, #6924, .T. ) ;
#1074 = AXIS2_PLACEMENT_3D ( 'NONE', #6463, #9644, #2725 ) ;
#1075 = DIRECTION ( 'NONE',  ( 0.000000000000000000, 1.000000000000000000, 0.000000000000000000 ) ) ;
#1076 = ORIENTED_EDGE ( 'NONE', *, *, #2664, .T. ) ;
#1077 = VERTEX_POINT ( 'NONE', #9350 ) ;
#1078 = ORIENTED_EDGE ( 'NONE', *, *, #7429, .T. ) ;
#1079 = CARTESIAN_POINT ( 'NONE',  ( -2.680000000000001048, -2.179999999999998828, -3.319999999999999840 ) ) ;
#1080 = CARTESIAN_POINT ( 'NONE',  ( -8.325000000000001066, 8.673617379884035472E-16, 0.6099999999999998757 ) ) ;
#1081 = VECTOR ( 'NONE', #6226, 1000.000000000000000 ) ;
#1082 = ORIENTED_EDGE ( 'NONE', *, *, #7527, .F. ) ;
#1083 = CARTESIAN_POINT ( 'NONE',  ( -9.574999999999999289, 2.940000000000000835, 0.2799999999999998601 ) ) ;
#1084 = CARTESIAN_POINT ( 'NONE',  ( -5.680000000000000604, -2.179999999999998828, -0.3199999999999999512 ) ) ;
#1085 = EDGE_CURVE ( 'NONE', #953, #3496, #5614, .T. ) ;
#1087 = VERTEX_POINT ( 'NONE', #986 ) ;
#1086 = DIRECTION ( 'NONE',  ( -1.000000000000000000, 0.000000000000000000, 0.000000000000000000 ) ) ;
#1088 = ADVANCED_FACE ( 'NONE', ( #1782 ), #8650, .T. ) ;
#1089 = LINE ( 'NONE', #290, #6635 ) ;
#1090 = VECTOR ( 'NONE', #2034, 1000.000000000000000 ) ;
#1091 = CARTESIAN_POINT ( 'NONE',  ( 3.324999999999998845, 7.370000000000000995, 7.270000000000000462 ) ) ;
#1092 = PLANE ( 'NONE',  #5325 ) ;
#1093 = PLANE ( 'NONE',  #6046 ) ;
#1094 = DIRECTION ( 'NONE',  ( 0.000000000000000000, -1.000000000000000000, 0.000000000000000000 ) ) ;
#1095 = DIRECTION ( 'NONE',  ( 0.000000000000000000, 1.000000000000000000, 0.000000000000000000 ) ) ;
#1096 = LINE ( 'NONE', #9259, #9696 ) ;
#1097 = VERTEX_POINT ( 'NONE', #7110 ) ;
#1098 = ORIENTED_EDGE ( 'NONE', *, *, #1904, .F. ) ;
#1099 = ADVANCED_FACE ( 'NONE', ( #6309 ), #1037, .T. ) ;
#1100 = LINE ( 'NONE', #8062, #7187 ) ;
#1101 = DIRECTION ( 'NONE',  ( 0.000000000000000000, -1.000000000000000000, 0.000000000000000000 ) ) ;
#1102 = LINE ( 'NONE', #2537, #2464 ) ;
#1103 = DIRECTION ( 'NONE',  ( 0.000000000000000000, -1.000000000000000000, 0.000000000000000000 ) ) ;
#1104 = DIRECTION ( 'NONE',  ( 1.000000000000000000, 0.000000000000000000, 0.000000000000000000 ) ) ;
#1105 = ORIENTED_EDGE ( 'NONE', *, *, #2612, .T. ) ;
#1106 = ORIENTED_EDGE ( 'NONE', *, *, #8508, .F. ) ;
#1107 = VERTEX_POINT ( 'NONE', #1084 ) ;
#1108 = EDGE_CURVE ( 'NONE', #1228, #7462, #1894, .T. ) ;
#1109 = EDGE_CURVE ( 'NONE', #7387, #9695, #9415, .T. ) ;
#1110 = CARTESIAN_POINT ( 'NONE',  ( 0.3199999999999991185, 5.120000000000000995, 5.519999999999999574 ) ) ;
#1111 = EDGE_CURVE ( 'NONE', #2152, #9766, #1051, .T. ) ;
#1112 = CARTESIAN_POINT ( 'NONE',  ( 2.340485608556998720, 3.365000000000000657, 1.269999999999999796 ) ) ;
#1113 = EDGE_CURVE ( 'NONE', #3198, #9420, #4835, .T. ) ;
#1114 = DIRECTION ( 'NONE',  ( 0.000000000000000000, 0.000000000000000000, -1.000000000000000000 ) ) ;
#1115 = EDGE_CURVE ( 'NONE', #1097, #2855, #5729, .T. ) ;
#1116 = ADVANCED_FACE ( 'NONE', ( #8717 ), #6322, .F. ) ;
#1117 = LINE ( 'NONE', #6388, #617 ) ;
#1118 = ORIENTED_EDGE ( 'NONE', *, *, #8387, .F. ) ;
#1119 = ORIENTED_EDGE ( 'NONE', *, *, #3591, .F. ) ;
#1120 = ORIENTED_EDGE ( 'NONE', *, *, #5865, .F. ) ;
#1121 = CARTESIAN_POINT ( 'NONE',  ( -0.003000000000000000930, 0.003940000000000000793, 0.003964999999999999775 ) ) ;
#1122 = ORIENTED_EDGE ( 'NONE', *, *, #2677, .T. ) ;
#1123 = ADVANCED_FACE ( 'NONE', ( #6424 ), #5578, .T. ) ;
#1124 = DIRECTION ( 'NONE',  ( -1.000000000000000000, 0.000000000000000000, 0.000000000000000000 ) ) ;
#1125 = VECTOR ( 'NONE', #1619, 1000.000000000000000 ) ;
#1126 = ORIENTED_EDGE ( 'NONE', *, *, #3111, .T. ) ;
#1127 = CARTESIAN_POINT ( 'NONE',  ( -0.3200000000000008393, 3.620000000000000995, 0.3099999999999999423 ) ) ;
#1128 = EDGE_LOOP ( 'NONE', ( #1126, #4499, #3447, #2013 ) ) ;
#1129 = VERTEX_POINT ( 'NONE', #2588 ) ;
#1130 = ORIENTED_EDGE ( 'NONE', *, *, #4323, .T. ) ;
#1131 = DIRECTION ( 'NONE',  ( 0.000000000000000000, 1.000000000000000000, 0.000000000000000000 ) ) ;
#1132 = DIRECTION ( 'NONE',  ( 0.000000000000000000, 0.000000000000000000, -1.000000000000000000 ) ) ;
#1133 = ORIENTED_EDGE ( 'NONE', *, *, #4760, .F. ) ;
#1134 = LINE ( 'NONE', #8050, #4621 ) ;
#1135 = VECTOR ( 'NONE', #6933, 1000.000000000000227 ) ;
#1137 = ORIENTED_EDGE ( 'NONE', *, *, #3296, .T. ) ;
#1136 = LINE ( 'NONE', #9451, #5703 ) ;
#1138 = PLANE ( 'NONE',  #107 ) ;
#1139 = DIRECTION ( 'NONE',  ( 0.000000000000000000, 0.000000000000000000, -1.000000000000000000 ) ) ;
#1140 = DIRECTION ( 'NONE',  ( 0.000000000000000000, 0.000000000000000000, -1.000000000000000000 ) ) ;
#1141 = CARTESIAN_POINT ( 'NONE',  ( 2.324999999999998845, 4.940000000000000391, -0.3199999999999999512 ) ) ;
#1142 = VECTOR ( 'NONE', #6179, 1000.000000000000000 ) ;
#1143 = EDGE_CURVE ( 'NONE', #3882, #8857, #9362, .T. ) ;
#1144 = LINE ( 'NONE', #7668, #7531 ) ;
#1145 = DIRECTION ( 'NONE',  ( -1.000000000000000000, 0.000000000000000000, 0.000000000000000000 ) ) ;
#1146 = ORIENTED_EDGE ( 'NONE', *, *, #2502, .T. ) ;
#1147 = ORIENTED_EDGE ( 'NONE', *, *, #1531, .F. ) ;
#1148 = EDGE_CURVE ( 'NONE', #1567, #6341, #1941, .T. ) ;
#1149 = CARTESIAN_POINT ( 'NONE',  ( -0.3200000000000008393, 5.529000000000000803, -0.3199999999999999512 ) ) ;
#1150 = CARTESIAN_POINT ( 'NONE',  ( -3.230000000000001315, -2.679999999999999272, -3.000000000000000000 ) ) ;
#1151 = CARTESIAN_POINT ( 'NONE',  ( -6.320000000000001172, -2.179999999999998828, -0.3199999999999999512 ) ) ;
#1152 = DIRECTION ( 'NONE',  ( 0.000000000000000000, 0.000000000000000000, 1.000000000000000000 ) ) ;
#1153 = DIRECTION ( 'NONE',  ( 1.000000000000000000, 0.000000000000000000, 0.000000000000000000 ) ) ;
#1154 = ADVANCED_FACE ( 'NONE', ( #7176 ), #5628, .T. ) ;
#1155 = ORIENTED_EDGE ( 'NONE', *, *, #9077, .F. ) ;
#1156 = ORIENTED_EDGE ( 'NONE', *, *, #1508, .T. ) ;
#1157 = CARTESIAN_POINT ( 'NONE',  ( -7.940485608557000141, 0.5100000000000008971, 8.920000000000001705 ) ) ;
#1158 = B_SPLINE_CURVE_WITH_KNOTS ( 'NONE', 3,
 ( #4836, #6373, #8012, #3380 ),
 .UNSPECIFIED., .F., .F.,
 ( 4, 4 ),
 ( 0.000000000000000000, 1.000000000000000000 ),
 .UNSPECIFIED. ) ;
#1159 = DIRECTION ( 'NONE',  ( 0.000000000000000000, 1.000000000000000000, 0.000000000000000000 ) ) ;
#1160 = FACE_OUTER_BOUND ( 'NONE', #5204, .T. ) ;
#1161 = CARTESIAN_POINT ( 'NONE',  ( -0.3200000000000008393, 3.620000000000000995, -0.3199999999999999512 ) ) ;
#1162 = ORIENTED_EDGE ( 'NONE', *, *, #8829, .F. ) ;
#1163 = ORIENTED_EDGE ( 'NONE', *, *, #8096, .F. ) ;
#1164 = ORIENTED_EDGE ( 'NONE', *, *, #8197, .T. ) ;
#1165 = DIRECTION ( 'NONE',  ( 0.000000000000000000, 0.000000000000000000, 1.000000000000000000 ) ) ;
#1166 = LINE ( 'NONE', #6547, #5742 ) ;
#1167 = ORIENTED_EDGE ( 'NONE', *, *, #8749, .F. ) ;
#1168 = ADVANCED_FACE ( 'NONE', ( #1197 ), #4227, .T. ) ;
#1169 = EDGE_CURVE ( 'NONE', #4108, #1969, #1847, .T. ) ;
#1170 = VECTOR ( 'NONE', #7372, 1000.000000000000227 ) ;
#1171 = DIRECTION ( 'NONE',  ( 0.000000000000000000, 0.000000000000000000, 1.000000000000000000 ) ) ;
#1172 = ORIENTED_EDGE ( 'NONE', *, *, #8382, .T. ) ;
#1173 = EDGE_LOOP ( 'NONE', ( #467, #9320, #3476, #2298 ) ) ;
#1174 = ORIENTED_EDGE ( 'NONE', *, *, #7240, .T. ) ;
#1175 = FACE_OUTER_BOUND ( 'NONE', #5877, .T. ) ;
#1176 = LINE ( 'NONE', #431, #3727 ) ;
#1177 = ORIENTED_EDGE ( 'NONE', *, *, #2692, .F. ) ;
#1178 = EDGE_CURVE ( 'NONE', #9185, #1417, #6520, .T. ) ;
#1179 = CARTESIAN_POINT ( 'NONE',  ( -3.700000000000001066, 8.769999999999999574, 6.720000000000000639 ) ) ;
#1180 = VECTOR ( 'NONE', #8410, 1000.000000000000000 ) ;
#1182 = VERTEX_POINT ( 'NONE', #3331 ) ;
#1181 = DIRECTION ( 'NONE',  ( 0.000000000000000000, -1.000000000000000000, 0.000000000000000000 ) ) ;
#1183 = VECTOR ( 'NONE', #5279, 1000.000000000000000 ) ;
#1184 = VECTOR ( 'NONE', #3909, 1000.000000000000000 ) ;
#1185 = PLANE ( 'NONE',  #7583 ) ;
#1186 = LINE ( 'NONE', #4165, #699 ) ;
#1187 = PLANE ( 'NONE',  #6600 ) ;
#1188 = FACE_OUTER_BOUND ( 'NONE', #9013, .T. ) ;
#1189 = CARTESIAN_POINT ( 'NONE',  ( 3.324999999999998845, 2.840000000000000302, 7.270000000000000462 ) ) ;
#1190 = DIRECTION ( 'NONE',  ( 0.000000000000000000, 0.000000000000000000, 1.000000000000000000 ) ) ;
#1191 = VECTOR ( 'NONE', #6565, 1000.000000000000000 ) ;
#1192 = ORIENTED_EDGE ( 'NONE', *, *, #7376, .T. ) ;
#1193 = VECTOR ( 'NONE', #21, 1000.000000000000000 ) ;
#1194 = ORIENTED_EDGE ( 'NONE', *, *, #2443, .F. ) ;
#1195 = VECTOR ( 'NONE', #176, 1000.000000000000000 ) ;
#1196 = EDGE_CURVE ( 'NONE', #4468, #1369, #2734, .T. ) ;
#1197 = FACE_OUTER_BOUND ( 'NONE', #9029, .T. ) ;
#1198 = CARTESIAN_POINT ( 'NONE',  ( -1.730000000000000870, 1.170000000000000817, 8.920000000000001705 ) ) ;
#1199 = VECTOR ( 'NONE', #4435, 1000.000000000000000 ) ;
#1200 = VECTOR ( 'NONE', #2950, 1000.000000000000000 ) ;
#1201 = CARTESIAN_POINT ( 'NONE',  ( 3.324999999999998845, 1.740000000000000657, 6.769999999999999574 ) ) ;
#1202 = VECTOR ( 'NONE', #2280, 1000.000000000000000 ) ;
#1203 = FACE_OUTER_BOUND ( 'NONE', #8086, .T. ) ;
#1204 = CARTESIAN_POINT ( 'NONE',  ( -9.324999999999999289, 1.160000000000000808, -0.3199999999999999512 ) ) ;
#1205 = DIRECTION ( 'NONE',  ( 1.000000000000000000, 0.000000000000000000, 0.000000000000000000 ) ) ;
#1206 = EDGE_LOOP ( 'NONE', ( #9412, #9637, #4429, #1349 ) ) ;
#1207 = ORIENTED_EDGE ( 'NONE', *, *, #2904, .T. ) ;
#1208 = DIRECTION ( 'NONE',  ( -0.000000000000000000, 1.000000000000000000, 0.000000000000000000 ) ) ;
#1209 = DIRECTION ( 'NONE',  ( 0.000000000000000000, 0.000000000000000000, -1.000000000000000000 ) ) ;
#1210 = CARTESIAN_POINT ( 'NONE',  ( 0.3199999999999991185, 4.260000000000000675, -0.9900000000000004352 ) ) ;
#1211 = EDGE_CURVE ( 'NONE', #8792, #3056, #5032, .T. ) ;
#1212 = DIRECTION ( 'NONE',  ( 0.000000000000000000, -1.000000000000000000, 0.000000000000000000 ) ) ;
#1213 = CARTESIAN_POINT ( 'NONE',  ( 3.574999999999999289, 2.940000000000000835, 0.2799999999999998601 ) ) ;
#1214 = ORIENTED_EDGE ( 'NONE', *, *, #5293, .F. ) ;
#1215 = VERTEX_POINT ( 'NONE', #7921 ) ;
#1216 = ORIENTED_EDGE ( 'NONE', *, *, #8111, .T. ) ;
#1217 = CARTESIAN_POINT ( 'NONE',  ( 1.940485608556998587, 3.365000000000000657, 1.169999999999999707 ) ) ;
#1218 = EDGE_CURVE ( 'NONE', #7493, #6048, #1100, .T. ) ;
#1219 = DIRECTION ( 'NONE',  ( -0.000000000000000000, 1.000000000000000000, 0.000000000000000000 ) ) ;
#1220 = ORIENTED_EDGE ( 'NONE', *, *, #6084, .T. ) ;
#1221 = CARTESIAN_POINT ( 'NONE',  ( -3.570000000000001172, 1.170000000000000817, 2.319999999999999840 ) ) ;
#1222 = LINE ( 'NONE', #9584, #2121 ) ;
#1223 = ORIENTED_EDGE ( 'NONE', *, *, #59, .T. ) ;
#1224 = VERTEX_POINT ( 'NONE', #4272 ) ;
#1225 = EDGE_LOOP ( 'NONE', ( #8680, #4163, #6814, #8367 ) ) ;
#1226 = DIRECTION ( 'NONE',  ( 0.1744369497454954787, 0.1744369497454954787, -0.9690941652527760297 ) ) ;
#1227 = CARTESIAN_POINT ( 'NONE',  ( 2.324999999999998845, 4.940000000000000391, 0.2799999999999998601 ) ) ;
#1228 = VERTEX_POINT ( 'NONE', #3378 ) ;
#1229 = ADVANCED_FACE ( 'NONE', ( #7316 ), #2642, .T. ) ;
#1230 = VECTOR ( 'NONE', #9665, 1000.000000000000000 ) ;
#1231 = ADVANCED_FACE ( 'NONE', ( #4374 ), #2828, .T. ) ;
#1232 = PLANE ( 'NONE',  #5424 ) ;
#1233 = ADVANCED_FACE ( 'NONE', ( #8153 ), #1336, .F. ) ;
#1235 = VERTEX_POINT ( 'NONE', #9651 ) ;
#1234 = CARTESIAN_POINT ( 'NONE',  ( -3.140000000000001013, 5.300000000000000711, 6.519999999999999574 ) ) ;
#1236 = CARTESIAN_POINT ( 'NONE',  ( 2.304999999999998828, 8.673617379884035472E-16, -0.9900000000000004352 ) ) ;
#1237 = EDGE_CURVE ( 'NONE', #9684, #9817, #9165, .T. ) ;
#1238 = CARTESIAN_POINT ( 'NONE',  ( -9.574999999999999289, 3.365000000000000657, 3.770000000000000018 ) ) ;
#1239 = CARTESIAN_POINT ( 'NONE',  ( -5.680000000000000604, 5.760000000000001563, 5.519999999999999574 ) ) ;
#1240 = EDGE_CURVE ( 'NONE', #3163, #1608, #6712, .T. ) ;
#1241 = VECTOR ( 'NONE', #8775, 1000.000000000000000 ) ;
#1242 = LINE ( 'NONE', #7311, #3564 ) ;
#1243 = CARTESIAN_POINT ( 'NONE',  ( 3.574999999999999289, 4.515000000000000568, 3.770000000000000018 ) ) ;
#1244 = PLANE ( 'NONE',  #3094 ) ;
#1245 = ORIENTED_EDGE ( 'NONE', *, *, #9810, .F. ) ;
#1246 = CARTESIAN_POINT ( 'NONE',  ( -9.324999999999999289, 5.540000000000000924, -0.3199999999999999512 ) ) ;
#1247 = AXIS2_PLACEMENT_3D ( 'NONE', #8108, #9052, #4322 ) ;
#1249 = ORIENTED_EDGE ( 'NONE', *, *, #3028, .T. ) ;
#1248 = DIRECTION ( 'NONE',  ( 0.000000000000000000, 0.000000000000000000, -1.000000000000000000 ) ) ;
#1250 = CARTESIAN_POINT ( 'NONE',  ( -5.680000000000000604, 3.620000000000000995, -0.9900000000000004352 ) ) ;
#1251 = DIRECTION ( 'NONE',  ( -0.1744369497454954787, 0.1744369497454954787, 0.9690941652527760297 ) ) ;
#1252 = DIRECTION ( 'NONE',  ( 0.000000000000000000, 1.000000000000000000, 0.000000000000000000 ) ) ;
#1253 = ORIENTED_EDGE ( 'NONE', *, *, #605, .T. ) ;
#1254 = EDGE_LOOP ( 'NONE', ( #5922, #3440, #1957, #1316, #9829, #1298 ) ) ;
#1255 = PLANE ( 'NONE',  #7442 ) ;
#1256 = AXIS2_PLACEMENT_3D ( 'NONE', #4390, #7433, #5190 ) ;
#1257 = DIRECTION ( 'NONE',  ( -1.000000000000000000, 0.000000000000000000, 0.000000000000000000 ) ) ;
#1258 = CARTESIAN_POINT ( 'NONE',  ( -2.860000000000001208, 5.580000000000000959, 6.519999999999999574 ) ) ;
#1259 = CARTESIAN_POINT ( 'NONE',  ( 1.940485608556998587, 6.620000000000000995, 8.920000000000001705 ) ) ;
#1260 = VERTEX_POINT ( 'NONE', #6011 ) ;
#1261 = ORIENTED_EDGE ( 'NONE', *, *, #4764, .F. ) ;
#1262 = ORIENTED_EDGE ( 'NONE', *, *, #4506, .F. ) ;
#1263 = CARTESIAN_POINT ( 'NONE',  ( -2.525000000000000799, -3.054999999999999716, 3.571369507076100014 ) ) ;
#1264 = ORIENTED_EDGE ( 'NONE', *, *, #7021, .F. ) ;
#1265 = CARTESIAN_POINT ( 'NONE',  ( -6.570000000000001172, 4.170000000000000817, 8.920000000000001705 ) ) ;
#1266 = FACE_OUTER_BOUND ( 'NONE', #8281, .T. ) ;
#1267 = ORIENTED_EDGE ( 'NONE', *, *, #5369, .T. ) ;
#1268 = ORIENTED_EDGE ( 'NONE', *, *, #1831, .T. ) ;
#1269 = ORIENTED_EDGE ( 'NONE', *, *, #1218, .F. ) ;
#1270 = EDGE_CURVE ( 'NONE', #7885, #50, #592, .T. ) ;
#1271 = CARTESIAN_POINT ( 'NONE',  ( -2.680000000000001048, 2.120000000000000995, 2.319999999999999840 ) ) ;
#1272 = DIRECTION ( 'NONE',  ( 0.000000000000000000, -1.000000000000000000, 0.000000000000000000 ) ) ;
#1273 = VERTEX_POINT ( 'NONE', #6619 ) ;
#1274 = VECTOR ( 'NONE', #1056, 1000.000000000000000 ) ;
#1275 = LINE ( 'NONE', #1881, #3991 ) ;
#1276 = ORIENTED_EDGE ( 'NONE', *, *, #7141, .T. ) ;
#1277 = DIRECTION ( 'NONE',  ( 0.000000000000000000, -1.000000000000000000, 0.000000000000000000 ) ) ;
#1278 = DIRECTION ( 'NONE',  ( -0.9841833239736893502, -0.1771529983152980714, 0.000000000000000000 ) ) ;
#1279 = AXIS2_PLACEMENT_3D ( 'NONE', #4074, #142, #9407 ) ;
#1280 = EDGE_CURVE ( 'NONE', #3938, #8996, #5868, .T. ) ;
#1281 = LINE ( 'NONE', #5862, #2920 ) ;
#1282 = CARTESIAN_POINT ( 'NONE',  ( -0.3200000000000008393, 7.370000000000000995, -0.9900000000000004352 ) ) ;
#1283 = DIRECTION ( 'NONE',  ( 0.000000000000000000, 0.000000000000000000, -1.000000000000000000 ) ) ;
#1284 = ORIENTED_EDGE ( 'NONE', *, *, #1640, .T. ) ;
#1285 = VECTOR ( 'NONE', #5857, 1000.000000000000000 ) ;
#1286 = EDGE_CURVE ( 'NONE', #6991, #1810, #2122, .T. ) ;
#1287 = CARTESIAN_POINT ( 'NONE',  ( 1.940161869518999493, 3.365000000000000657, 3.770000000000000018 ) ) ;
#1288 = ADVANCED_FACE ( 'NONE', ( #2078 ), #4321, .T. ) ;
#1290 = VERTEX_POINT ( 'NONE', #9744 ) ;
#1289 = CARTESIAN_POINT ( 'NONE',  ( -1.270000000000000906, 3.710000000000000409, 2.319999999999999840 ) ) ;
#1291 = VECTOR ( 'NONE', #3366, 1000.000000000000000 ) ;
#1292 = LINE ( 'NONE', #6572, #220 ) ;
#1293 = DIRECTION ( 'NONE',  ( 0.000000000000000000, 0.000000000000000000, -1.000000000000000000 ) ) ;
#1294 = ADVANCED_FACE ( 'NONE', ( #2921 ), #543, .F. ) ;
#1295 = CARTESIAN_POINT ( 'NONE',  ( -5.680000000000000604, 3.620000000000000995, 0.3099999999999999423 ) ) ;
#1296 = EDGE_CURVE ( 'NONE', #2837, #1610, #9697, .T. ) ;
#1297 = CARTESIAN_POINT ( 'NONE',  ( -6.320000000000001172, 5.760000000000001563, 5.519999999999999574 ) ) ;
#1298 = ORIENTED_EDGE ( 'NONE', *, *, #9069, .T. ) ;
#1299 = LINE ( 'NONE', #4331, #711 ) ;
#1300 = ORIENTED_EDGE ( 'NONE', *, *, #1270, .T. ) ;
#1301 = DIRECTION ( 'NONE',  ( 1.000000000000000000, 0.000000000000000000, 0.000000000000000000 ) ) ;
#1302 = AXIS2_PLACEMENT_3D ( 'NONE', #5690, #5037, #1854 ) ;
#1303 = FACE_OUTER_BOUND ( 'NONE', #9673, .T. ) ;
#1304 = CARTESIAN_POINT ( 'NONE',  ( -5.860000000000000320, -3.179999999999998828, -2.860000000000000764 ) ) ;
#1305 = PLANE ( 'NONE',  #6206 ) ;
#1306 = DIRECTION ( 'NONE',  ( 0.000000000000000000, 1.000000000000000000, 0.000000000000000000 ) ) ;
#1307 = CARTESIAN_POINT ( 'NONE',  ( -1.525000000000001021, 8.673617379884035472E-16, 0.3099999999999999423 ) ) ;
#1308 = VERTEX_POINT ( 'NONE', #5171 ) ;
#1309 = VERTEX_POINT ( 'NONE', #8207 ) ;
#1310 = ORIENTED_EDGE ( 'NONE', *, *, #8706, .F. ) ;
#1311 = DIRECTION ( 'NONE',  ( 0.000000000000000000, 0.000000000000000000, 1.000000000000000000 ) ) ;
#1312 = EDGE_CURVE ( 'NONE', #1810, #1290, #5825, .T. ) ;
#1313 = CARTESIAN_POINT ( 'NONE',  ( -3.475000000000000977, -3.054999999999999716, 3.571369507076100014 ) ) ;
#1314 = LINE ( 'NONE', #6689, #7686 ) ;
#1315 = DIRECTION ( 'NONE',  ( 1.000000000000000000, 0.000000000000000000, 0.000000000000000000 ) ) ;
#1316 = ORIENTED_EDGE ( 'NONE', *, *, #1060, .F. ) ;
#1317 = ORIENTED_EDGE ( 'NONE', *, *, #5359, .F. ) ;
#1318 = COLOUR_RGB ( '',0.7921568627450980005, 0.8196078431372548767, 0.9333333333333333481 ) ;
#1319 = ORIENTED_EDGE ( 'NONE', *, *, #5122, .F. ) ;
#1320 = DIRECTION ( 'NONE',  ( 0.000000000000000000, 0.000000000000000000, 1.000000000000000000 ) ) ;
#1321 = DIRECTION ( 'NONE',  ( 0.000000000000000000, -1.000000000000000000, 0.000000000000000000 ) ) ;
#1322 = VECTOR ( 'NONE', #6690, 1000.000000000000000 ) ;
#1323 = ORIENTED_EDGE ( 'NONE', *, *, #7984, .T. ) ;
#1324 = DIRECTION ( 'NONE',  ( 1.000000000000000000, 0.000000000000000000, 0.000000000000000000 ) ) ;
#1325 = EDGE_LOOP ( 'NONE', ( #1712, #5500, #2909, #7108 ) ) ;
#1326 = DIRECTION ( 'NONE',  ( 0.000000000000000000, 1.000000000000000000, 0.000000000000000000 ) ) ;
#1327 = EDGE_CURVE ( 'NONE', #1430, #7050, #2177, .T. ) ;
#1328 = AXIS2_PLACEMENT_3D ( 'NONE', #8933, #1965, #5009 ) ;
#1329 = LINE ( 'NONE', #4366, #9144 ) ;
#1330 = DIRECTION ( 'NONE',  ( -1.000000000000000000, 0.000000000000000000, 0.000000000000000000 ) ) ;
#1331 = CARTESIAN_POINT ( 'NONE',  ( -3.320000000000000728, 0.5100000000000008971, 0.3099999999999999423 ) ) ;
#1332 = CARTESIAN_POINT ( 'NONE',  ( 3.324999999999998845, 7.370000000000000995, 7.270000000000000462 ) ) ;
#1333 = VERTEX_POINT ( 'NONE', #9006 ) ;
#1334 = MECHANICAL_DESIGN_GEOMETRIC_PRESENTATION_REPRESENTATION (  '', ( #5813 ), #9478 ) ;
#1335 = VECTOR ( 'NONE', #9158, 1000.000000000000000 ) ;
#1336 = PLANE ( 'NONE',  #4473 ) ;
#1337 = ADVANCED_FACE ( 'NONE', ( #495 ), #5217, .F. ) ;
#1339 = ORIENTED_EDGE ( 'NONE', *, *, #9141, .F. ) ;
#1338 = CARTESIAN_POINT ( 'NONE',  ( -4.305662386292000932, -1.749999999999998890, 5.320000000000000284 ) ) ;
#1340 = EDGE_CURVE ( 'NONE', #1869, #476, #3721, .T. ) ;
#1341 = CARTESIAN_POINT ( 'NONE',  ( -6.320000000000001172, 4.260000000000000675, -0.9900000000000004352 ) ) ;
#1342 = PLANE ( 'NONE',  #8035 ) ;
#1343 = VECTOR ( 'NONE', #880, 1000.000000000000227 ) ;
#1344 = VECTOR ( 'NONE', #9756, 1000.000000000000000 ) ;
#1345 = AXIS2_PLACEMENT_3D ( 'NONE', #6417, #3473, #5674 ) ;
#1346 = CARTESIAN_POINT ( 'NONE',  ( 1.940323739037999040, 2.840000000000000302, 7.270000000000000462 ) ) ;
#1347 = PLANE ( 'NONE',  #5465 ) ;
#1348 = EDGE_LOOP ( 'NONE', ( #2606, #4226, #3628, #1921, #3338, #3093 ) ) ;
#1349 = ORIENTED_EDGE ( 'NONE', *, *, #3417, .T. ) ;
#1350 = EDGE_CURVE ( 'NONE', #749, #5885, #5078, .T. ) ;
#1351 = VECTOR ( 'NONE', #4661, 1000.000000000000000 ) ;
#1352 = DIRECTION ( 'NONE',  ( 0.000000000000000000, 0.000000000000000000, -1.000000000000000000 ) ) ;
#1353 = EDGE_CURVE ( 'NONE', #274, #6279, #257, .T. ) ;
#1354 = AXIS2_PLACEMENT_3D ( 'NONE', #5892, #8985, #9721 ) ;
#1355 = VECTOR ( 'NONE', #5071, 1000.000000000000000 ) ;
#1356 = LINE ( 'NONE', #4388, #8419 ) ;
#1357 = EDGE_CURVE ( 'NONE', #3799, #5975, #3696, .T. ) ;
#1358 = VECTOR ( 'NONE', #6195, 1000.000000000000000 ) ;
#1359 = LINE ( 'NONE', #4389, #9307 ) ;
#1360 = FACE_OUTER_BOUND ( 'NONE', #578, .T. ) ;
#1361 = VERTEX_POINT ( 'NONE', #6735 ) ;
#1362 = ORIENTED_EDGE ( 'NONE', *, *, #2435, .T. ) ;
#1363 = EDGE_LOOP ( 'NONE', ( #2409, #9046, #2930, #7543, #7592 ) ) ;
#1364 = CARTESIAN_POINT ( 'NONE',  ( -8.325000000000001066, 8.673617379884035472E-16, 0.6099999999999998757 ) ) ;
#1365 = DIRECTION ( 'NONE',  ( -1.000000000000000000, 0.000000000000000000, 0.000000000000000000 ) ) ;
#1366 = LINE ( 'NONE', #4399, #4199 ) ;
#1367 = DIRECTION ( 'NONE',  ( -0.1744369497454954787, -0.1744369497454954787, -0.9690941652527760297 ) ) ;
#1368 = CARTESIAN_POINT ( 'NONE',  ( -9.324999999999999289, 3.940000000000000835, 3.964999999999999858 ) ) ;
#1369 = VERTEX_POINT ( 'NONE', #5484 ) ;
#1370 = VERTEX_POINT ( 'NONE', #7027 ) ;
#1371 = LINE ( 'NONE', #4306, #4998 ) ;
#1372 =( LENGTH_UNIT ( ) NAMED_UNIT ( * ) SI_UNIT ( .MILLI., .METRE. ) );
#1373 = ORIENTED_EDGE ( 'NONE', *, *, #6440, .F. ) ;
#1374 = DIRECTION ( 'NONE',  ( 0.000000000000000000, 0.000000000000000000, -1.000000000000000000 ) ) ;
#1375 = ORIENTED_EDGE ( 'NONE', *, *, #7397, .T. ) ;
#1376 = FACE_OUTER_BOUND ( 'NONE', #9279, .T. ) ;
#1377 = DIRECTION ( 'NONE',  ( 1.000000000000000000, 0.000000000000000000, 0.000000000000000000 ) ) ;
#1378 = CARTESIAN_POINT ( 'NONE',  ( -6.320000000000001172, 2.120000000000000995, 5.519999999999999574 ) ) ;
#1379 = FACE_OUTER_BOUND ( 'NONE', #1206, .T. ) ;
#1380 = CARTESIAN_POINT ( 'NONE',  ( -7.940485608557000141, 4.515000000000000568, 1.169999999999999707 ) ) ;
#1381 = DIRECTION ( 'NONE',  ( 0.000000000000000000, 1.000000000000000000, 0.000000000000000000 ) ) ;
#1382 = AXIS2_PLACEMENT_3D ( 'NONE', #2676, #5719, #1930 ) ;
#1383 = ORIENTED_EDGE ( 'NONE', *, *, #2260, .F. ) ;
#1384 = EDGE_CURVE ( 'NONE', #1702, #770, #5533, .T. ) ;
#1385 = CARTESIAN_POINT ( 'NONE',  ( -9.324999999999999289, 0.8900000000000005684, 7.270000000000000462 ) ) ;
#1387 = EDGE_LOOP ( 'NONE', ( #9466, #6952, #9074, #3120 ) ) ;
#1386 = DIRECTION ( 'NONE',  ( 1.000000000000000000, 0.000000000000000000, 0.000000000000000000 ) ) ;
#1388 = AXIS2_PLACEMENT_3D ( 'NONE', #727, #5208, #6794 ) ;
#1389 = DIRECTION ( 'NONE',  ( -1.000000000000000000, 0.000000000000000000, 0.000000000000000000 ) ) ;
#1390 = CARTESIAN_POINT ( 'NONE',  ( -2.680000000000001048, 4.260000000000000675, -0.3199999999999999512 ) ) ;
#1391 = DIRECTION ( 'NONE',  ( 0.000000000000000000, 1.000000000000000000, 0.000000000000000000 ) ) ;
#1392 = LINE ( 'NONE', #7467, #4991 ) ;
#1393 = ORIENTED_EDGE ( 'NONE', *, *, #3379, .F. ) ;
#1394 = ORIENTED_EDGE ( 'NONE', *, *, #5937, .F. ) ;
#1395 = EDGE_CURVE ( 'NONE', #1541, #1899, #7775, .T. ) ;
#1396 = VECTOR ( 'NONE', #630, 1000.000000000000000 ) ;
#1397 = DIRECTION ( 'NONE',  ( 0.000000000000000000, -1.000000000000000000, 0.000000000000000000 ) ) ;
#1398 = DIRECTION ( 'NONE',  ( 1.000000000000000000, 0.000000000000000000, 0.000000000000000000 ) ) ;
#1399 = CARTESIAN_POINT ( 'NONE',  ( 1.269999999999999352, 6.710000000000000853, 8.920000000000001705 ) ) ;
#1400 = VECTOR ( 'NONE', #7209, 1000.000000000000000 ) ;
#1401 = DIRECTION ( 'NONE',  ( 0.000000000000000000, 0.000000000000000000, 1.000000000000000000 ) ) ;
#1402 = ADVANCED_FACE ( 'NONE', ( #6278 ), #9319, .F. ) ;
#1403 = DIRECTION ( 'NONE',  ( 1.000000000000000000, 0.000000000000000000, 0.000000000000000000 ) ) ;
#1404 = PLANE ( 'NONE',  #6812 ) ;
#1405 = ORIENTED_EDGE ( 'NONE', *, *, #7863, .T. ) ;
#1406 = ORIENTED_EDGE ( 'NONE', *, *, #9398, .F. ) ;
#1407 = EDGE_CURVE ( 'NONE', #8889, #5875, #3186, .T. ) ;
#1408 = DIRECTION ( 'NONE',  ( 0.000000000000000000, -0.7659742160925780974, 0.6428712937138820749 ) ) ;
#1409 = EDGE_CURVE ( 'NONE', #3290, #7290, #5433, .T. ) ;
#1410 = CARTESIAN_POINT ( 'NONE',  ( -2.860000000000001208, 2.580000000000000515, 6.519999999999999574 ) ) ;
#1411 = ADVANCED_FACE ( 'NONE', ( #1645 ), #9777, .F. ) ;
#1412 = DIRECTION ( 'NONE',  ( 0.000000000000000000, 0.000000000000000000, -1.000000000000000000 ) ) ;
#1413 = DIRECTION ( 'NONE',  ( 0.000000000000000000, -1.000000000000000000, 0.000000000000000000 ) ) ;
#1414 = CARTESIAN_POINT ( 'NONE',  ( -6.320000000000001172, 3.940000000000000835, 3.964999999999999858 ) ) ;
#1415 = ADVANCED_FACE ( 'NONE', ( #5383 ), #4739, .F. ) ;
#1416 = VERTEX_POINT ( 'NONE', #3232 ) ;
#1417 = VERTEX_POINT ( 'NONE', #4690 ) ;
#1418 = CARTESIAN_POINT ( 'NONE',  ( -4.305662386292000932, -2.099999999999999645, 5.320000000000000284 ) ) ;
#1419 = CARTESIAN_POINT ( 'NONE',  ( -5.680000000000000604, 2.760000000000000675, 2.319999999999999840 ) ) ;
#1420 = ORIENTED_EDGE ( 'NONE', *, *, #1395, .F. ) ;
#1421 = DIRECTION ( 'NONE',  ( 0.000000000000000000, 1.000000000000000000, 0.000000000000000000 ) ) ;
#1422 = ORIENTED_EDGE ( 'NONE', *, *, #7140, .F. ) ;
#1423 = LINE ( 'NONE', #675, #7124 ) ;
#1424 = CARTESIAN_POINT ( 'NONE',  ( -6.320000000000001172, 5.540000000000000924, -0.9900000000000004352 ) ) ;
#1425 = LINE ( 'NONE', #9045, #2616 ) ;
#1426 = ORIENTED_EDGE ( 'NONE', *, *, #2485, .T. ) ;
#1427 = VECTOR ( 'NONE', #7881, 1000.000000000000000 ) ;
#1428 = DIRECTION ( 'NONE',  ( -0.1744369497454954787, -0.1744369497454954787, -0.9690941652527760297 ) ) ;
#1429 = CARTESIAN_POINT ( 'NONE',  ( -2.680000000000001048, 2.120000000000000995, 5.519999999999999574 ) ) ;
#1430 = VERTEX_POINT ( 'NONE', #6134 ) ;
#1431 = VECTOR ( 'NONE', #9359, 1000.000000000000000 ) ;
#1432 = CARTESIAN_POINT ( 'NONE',  ( -4.730000000000000426, 1.170000000000000817, 8.920000000000001705 ) ) ;
#1434 = ORIENTED_EDGE ( 'NONE', *, *, #5551, .T. ) ;
#1433 = LINE ( 'NONE', #4471, #3775 ) ;
#1435 = VECTOR ( 'NONE', #7167, 1000.000000000000000 ) ;
#1436 = LINE ( 'NONE', #2975, #7858 ) ;
#1437 = PLANE ( 'NONE',  #3420 ) ;
#1438 = EDGE_CURVE ( 'NONE', #8144, #9397, #8620, .T. ) ;
#1439 = FACE_OUTER_BOUND ( 'NONE', #2573, .T. ) ;
#1440 = VECTOR ( 'NONE', #4104, 1000.000000000000000 ) ;
#1441 = VERTEX_POINT ( 'NONE', #3985 ) ;
#1442 = ORIENTED_EDGE ( 'NONE', *, *, #4579, .T. ) ;
#1443 = CARTESIAN_POINT ( 'NONE',  ( 3.324999999999998845, 5.040000000000000924, 5.750000000000000000 ) ) ;
#1444 = LINE ( 'NONE', #5134, #8378 ) ;
#1445 = VECTOR ( 'NONE', #5415, 1000.000000000000000 ) ;
#1446 = VERTEX_POINT ( 'NONE', #3932 ) ;
#1447 = DIRECTION ( 'NONE',  ( 1.000000000000000000, 0.000000000000000000, 0.000000000000000000 ) ) ;
#1448 = EDGE_CURVE ( 'NONE', #1610, #6589, #3878, .T. ) ;
#1449 = CARTESIAN_POINT ( 'NONE',  ( -3.320000000000000728, 3.940000000000000835, 3.964999999999999858 ) ) ;
#1450 = EDGE_LOOP ( 'NONE', ( #165, #1267, #5566, #347 ) ) ;
#1451 = DIRECTION ( 'NONE',  ( -1.000000000000000000, 0.000000000000000000, 0.000000000000000000 ) ) ;
#1452 = DIRECTION ( 'NONE',  ( -0.1744369497454954787, -0.9690941652527760297, 0.1744369497454954787 ) ) ;
#1453 = VECTOR ( 'NONE', #4519, 1000.000000000000000 ) ;
#1454 = VERTEX_POINT ( 'NONE', #9169 ) ;
#1455 = ORIENTED_EDGE ( 'NONE', *, *, #4664, .F. ) ;
#1456 = EDGE_LOOP ( 'NONE', ( #8974, #2526, #4765, #3140 ) ) ;
#1457 = DIRECTION ( 'NONE',  ( -0.000000000000000000, 1.000000000000000000, 0.000000000000000000 ) ) ;
#1458 = DIRECTION ( 'NONE',  ( 0.000000000000000000, 1.000000000000000000, 0.000000000000000000 ) ) ;
#1459 = ADVANCED_FACE ( 'NONE', ( #7827 ), #2343, .T. ) ;
#1460 = EDGE_CURVE ( 'NONE', #9175, #9489, #1002, .T. ) ;
#1461 = CARTESIAN_POINT ( 'NONE',  ( -0.3200000000000008393, 0.5100000000000008971, -0.3199999999999999512 ) ) ;
#1462 = ORIENTED_EDGE ( 'NONE', *, *, #9788, .F. ) ;
#1463 = EDGE_LOOP ( 'NONE', ( #7790, #6382, #3386, #7521, #2560, #419 ) ) ;
#1464 = DIRECTION ( 'NONE',  ( 0.000000000000000000, 0.000000000000000000, -1.000000000000000000 ) ) ;
#1465 = DIRECTION ( 'NONE',  ( 1.000000000000000000, 0.000000000000000000, 0.000000000000000000 ) ) ;
#1466 = VERTEX_POINT ( 'NONE', #4634 ) ;
#1467 = DIRECTION ( 'NONE',  ( 0.000000000000000000, -1.000000000000000000, 0.000000000000000000 ) ) ;
#1468 = EDGE_CURVE ( 'NONE', #8507, #9090, #7665, .T. ) ;
#1469 = ORIENTED_EDGE ( 'NONE', *, *, #7536, .T. ) ;
#1470 = CARTESIAN_POINT ( 'NONE',  ( -4.270000000000001350, 3.710000000000000409, 2.319999999999999840 ) ) ;
#1471 = DIRECTION ( 'NONE',  ( 1.000000000000000000, 0.000000000000000000, 0.000000000000000000 ) ) ;
#1472 = CARTESIAN_POINT ( 'NONE',  ( -3.320000000000000728, 4.260000000000000675, 0.3099999999999999423 ) ) ;
#1473 = ORIENTED_EDGE ( 'NONE', *, *, #4875, .F. ) ;
#1474 = DIRECTION ( 'NONE',  ( -0.1744369497454954787, 0.1744369497454954787, 0.9690941652527760297 ) ) ;
#1475 = CARTESIAN_POINT ( 'NONE',  ( 3.324999999999998845, 0.8900000000000005684, 5.750000000000000000 ) ) ;
#1476 = ADVANCED_FACE ( 'NONE', ( #101 ), #3134, .T. ) ;
#1477 = ORIENTED_EDGE ( 'NONE', *, *, #500, .F. ) ;
#1478 = DIRECTION ( 'NONE',  ( 0.000000000000000000, -1.000000000000000000, 0.000000000000000000 ) ) ;
#1480 = EDGE_LOOP ( 'NONE', ( #7904, #4156, #4477, #4752 ) ) ;
#1479 = DIRECTION ( 'NONE',  ( 0.000000000000000000, 0.000000000000000000, 1.000000000000000000 ) ) ;
#1481 = LINE ( 'NONE', #3588, #5046 ) ;
#1482 = CARTESIAN_POINT ( 'NONE',  ( -3.475000000000000977, -1.749999999999998890, 5.320000000000000284 ) ) ;
#1483 = CARTESIAN_POINT ( 'NONE',  ( -6.320000000000001172, 7.370000000000000995, -0.9900000000000004352 ) ) ;
#1484 = CARTESIAN_POINT ( 'NONE',  ( -2.525000000000000799, 0.5100000000000008971, 0.3099999999999999423 ) ) ;
#1485 = ORIENTED_EDGE ( 'NONE', *, *, #5659, .T. ) ;
#1486 = ADVANCED_FACE ( 'NONE', ( #8769 ), #506, .T. ) ;
#1487 = AXIS2_PLACEMENT_3D ( 'NONE', #5635, #1153, #408 ) ;
#1488 = ORIENTED_EDGE ( 'NONE', *, *, #1327, .T. ) ;
#1489 = CARTESIAN_POINT ( 'NONE',  ( -2.525000000000000799, -2.619615242270999733, 5.320000000000000284 ) ) ;
#1490 = PLANE ( 'NONE',  #441 ) ;
#1491 = VECTOR ( 'NONE', #7457, 1000.000000000000114 ) ;
#1492 = ORIENTED_EDGE ( 'NONE', *, *, #9824, .T. ) ;
#1493 = VECTOR ( 'NONE', #9551, 1000.000000000000114 ) ;
#1494 = VECTOR ( 'NONE', #5307, 1000.000000000000000 ) ;
#1495 = DIRECTION ( 'NONE',  ( 0.000000000000000000, 1.000000000000000000, 0.000000000000000000 ) ) ;
#1496 = LINE ( 'NONE', #3828, #8747 ) ;
#1497 = ORIENTED_EDGE ( 'NONE', *, *, #7556, .T. ) ;
#1498 = CARTESIAN_POINT ( 'NONE',  ( -2.860000000000001208, 5.580000000000000959, 6.519999999999999574 ) ) ;
#1499 = CARTESIAN_POINT ( 'NONE',  ( 0.3199999999999991185, 4.889000000000001123, -0.3199999999999999512 ) ) ;
#1500 = ORIENTED_EDGE ( 'NONE', *, *, #6414, .F. ) ;
#1501 = VERTEX_POINT ( 'NONE', #7181 ) ;
#1502 = ORIENTED_EDGE ( 'NONE', *, *, #2772, .T. ) ;
#1503 = AXIS2_PLACEMENT_3D ( 'NONE', #1937, #1283, #6470 ) ;
#1504 = VECTOR ( 'NONE', #8566, 1000.000000000000000 ) ;
#1505 = VECTOR ( 'NONE', #4972, 1000.000000000000000 ) ;
#1506 = EDGE_CURVE ( 'NONE', #7524, #8131, #7883, .T. ) ;
#1507 = CARTESIAN_POINT ( 'NONE',  ( -9.324999999999999289, 8.673617379884035472E-16, 0.6099999999999998757 ) ) ;
#1508 = EDGE_CURVE ( 'NONE', #6618, #8280, #4936, .T. ) ;
#1509 = CARTESIAN_POINT ( 'NONE',  ( -3.562732921459501156, -2.615200264132999219, 3.319999999999999840 ) ) ;
#1510 = VECTOR ( 'NONE', #5530, 1000.000000000000000 ) ;
#1511 = VECTOR ( 'NONE', #7924, 1000.000000000000000 ) ;
#1512 = CARTESIAN_POINT ( 'NONE',  ( -3.320000000000000728, 4.889000000000001123, -2.680000000000000160 ) ) ;
#1513 = ORIENTED_EDGE ( 'NONE', *, *, #7175, .F. ) ;
#1514 = ORIENTED_EDGE ( 'NONE', *, *, #8907, .F. ) ;
#1515 = CARTESIAN_POINT ( 'NONE',  ( -7.940323739037999928, 5.040000000000000924, 7.270000000000000462 ) ) ;
#1516 =( NAMED_UNIT ( * ) SI_UNIT ( $, .STERADIAN. ) SOLID_ANGLE_UNIT ( ) );
#1517 = VERTEX_POINT ( 'NONE', #5780 ) ;
#1518 = CARTESIAN_POINT ( 'NONE',  ( 2.324999999999998845, 4.940000000000000391, -0.3199999999999999512 ) ) ;
#1519 = ORIENTED_EDGE ( 'NONE', *, *, #2018, .T. ) ;
#1520 = DIRECTION ( 'NONE',  ( 1.000000000000000000, 0.000000000000000000, 0.000000000000000000 ) ) ;
#1521 = EDGE_CURVE ( 'NONE', #9661, #3799, #353, .T. ) ;
#1522 = DIRECTION ( 'NONE',  ( 0.000000000000000000, 0.000000000000000000, 1.000000000000000000 ) ) ;
#1523 = CARTESIAN_POINT ( 'NONE',  ( -7.825000000000001954, 7.370000000000000995, 0.7599999999999997868 ) ) ;
#1524 = ORIENTED_EDGE ( 'NONE', *, *, #3965, .T. ) ;
#1525 = CARTESIAN_POINT ( 'NONE',  ( 0.3199999999999991185, 3.940000000000000835, 3.964999999999999858 ) ) ;
#1527 = ADVANCED_FACE ( 'NONE', ( #6576 ), #4891, .T. ) ;
#1526 = CARTESIAN_POINT ( 'NONE',  ( -3.320000000000000728, 7.115000000000001101, 0.3099999999999999423 ) ) ;
#1528 = CARTESIAN_POINT ( 'NONE',  ( -5.860000000000000320, -3.179999999999998828, -0.1400000000000003741 ) ) ;
#1529 = ORIENTED_EDGE ( 'NONE', *, *, #6357, .T. ) ;
#1530 = ADVANCED_FACE ( 'NONE', ( #3439 ), #4178, .T. ) ;
#1531 = EDGE_CURVE ( 'NONE', #6531, #3962, #3531, .T. ) ;
#1532 = DIRECTION ( 'NONE',  ( 0.000000000000000000, 0.000000000000000000, -1.000000000000000000 ) ) ;
#1534 = ORIENTED_EDGE ( 'NONE', *, *, #5917, .T. ) ;
#1533 = PLANE ( 'NONE',  #9033 ) ;
#1536 = EDGE_CURVE ( 'NONE', #3996, #7245, #305, .T. ) ;
#1535 = DIRECTION ( 'NONE',  ( -1.000000000000000000, 0.000000000000000000, 0.000000000000000000 ) ) ;
#1537 = ADVANCED_FACE ( 'NONE', ( #4985 ), #5830, .T. ) ;
#1538 = DIRECTION ( 'NONE',  ( 0.000000000000000000, 0.000000000000000000, -1.000000000000000000 ) ) ;
#1539 = DIRECTION ( 'NONE',  ( 0.000000000000000000, 0.7659743427824879936, -0.6428711427641899956 ) ) ;
#1540 = PLANE ( 'NONE',  #7329 ) ;
#1541 = VERTEX_POINT ( 'NONE', #4232 ) ;
#1542 = CARTESIAN_POINT ( 'NONE',  ( -0.3200000000000008393, 5.529000000000000803, 0.3099999999999999423 ) ) ;
#1543 = ORIENTED_EDGE ( 'NONE', *, *, #4447, .T. ) ;
#1544 = CARTESIAN_POINT ( 'NONE',  ( -9.574999999999999289, 3.365000000000000657, 1.269999999999999796 ) ) ;
#1545 = VECTOR ( 'NONE', #4616, 1000.000000000000000 ) ;
#1546 = DIRECTION ( 'NONE',  ( 0.000000000000000000, 1.000000000000000000, 0.000000000000000000 ) ) ;
#1547 = DIRECTION ( 'NONE',  ( -1.000000000000000000, 0.000000000000000000, 0.000000000000000000 ) ) ;
#1548 = DIRECTION ( 'NONE',  ( -1.000000000000000000, 0.000000000000000000, 0.000000000000000000 ) ) ;
#1549 = DIRECTION ( 'NONE',  ( 0.000000000000000000, -1.000000000000000000, 0.000000000000000000 ) ) ;
#1550 = VERTEX_POINT ( 'NONE', #7280 ) ;
#1551 = PLANE ( 'NONE',  #9464 ) ;
#1552 = VECTOR ( 'NONE', #122, 1000.000000000000227 ) ;
#1553 = CARTESIAN_POINT ( 'NONE',  ( -6.320000000000001172, 4.889000000000001123, -0.3199999999999999512 ) ) ;
#1554 = ORIENTED_EDGE ( 'NONE', *, *, #6407, .T. ) ;
#1555 = VERTEX_POINT ( 'NONE', #455 ) ;
#1556 = EDGE_LOOP ( 'NONE', ( #9680, #5943, #9523, #4564, #1529 ) ) ;
#1557 = CARTESIAN_POINT ( 'NONE',  ( -2.525000000000000799, -3.054999999999999716, 5.068630492923999142 ) ) ;
#1558 = FACE_OUTER_BOUND ( 'NONE', #8427, .T. ) ;
#1559 = VECTOR ( 'NONE', #2689, 1000.000000000000000 ) ;
#1560 = EDGE_CURVE ( 'NONE', #5510, #1416, #3384, .T. ) ;
#1561 = DIRECTION ( 'NONE',  ( 0.000000000000000000, 0.000000000000000000, 1.000000000000000000 ) ) ;
#1562 = VERTEX_POINT ( 'NONE', #6530 ) ;
#1563 = ORIENTED_EDGE ( 'NONE', *, *, #336, .F. ) ;
#1564 = EDGE_LOOP ( 'NONE', ( #4308, #5057, #7220, #1073 ) ) ;
#1565 = CARTESIAN_POINT ( 'NONE',  ( -3.843989187575401090, -2.507961848436999652, 5.320000000000000284 ) ) ;
#1566 = CARTESIAN_POINT ( 'NONE',  ( -2.300000000000000711, 8.120000000000000995, 5.969999999999999751 ) ) ;
#1567 = VERTEX_POINT ( 'NONE', #6379 ) ;
#1568 = DIRECTION ( 'NONE',  ( 1.000000000000000000, 0.000000000000000000, 0.000000000000000000 ) ) ;
#1569 = ORIENTED_EDGE ( 'NONE', *, *, #3286, .T. ) ;
#1570 = VECTOR ( 'NONE', #9625, 1000.000000000000000 ) ;
#1571 = DIRECTION ( 'NONE',  ( 0.000000000000000000, -1.000000000000000000, 0.000000000000000000 ) ) ;
#1572 = CARTESIAN_POINT ( 'NONE',  ( -7.270000000000001350, 6.710000000000000853, 2.319999999999999840 ) ) ;
#1573 = ADVANCED_FACE ( 'NONE', ( #2739 ), #7232, .F. ) ;
#1574 = CARTESIAN_POINT ( 'NONE',  ( 3.324999999999998845, 0.8900000000000005684, 7.270000000000000462 ) ) ;
#1575 = ORIENTED_EDGE ( 'NONE', *, *, #1211, .F. ) ;
#1576 = CARTESIAN_POINT ( 'NONE',  ( -2.680000000000001048, -2.179999999999998828, -2.680000000000000160 ) ) ;
#1577 = DIRECTION ( 'NONE',  ( 0.000000000000000000, 1.000000000000000000, 0.000000000000000000 ) ) ;
#1578 = ORIENTED_EDGE ( 'NONE', *, *, #8103, .F. ) ;
#1579 = CARTESIAN_POINT ( 'NONE',  ( -3.320000000000000728, 4.260000000000000675, -0.3199999999999999512 ) ) ;
#1581 = ORIENTED_EDGE ( 'NONE', *, *, #3049, .F. ) ;
#1580 = DIRECTION ( 'NONE',  ( 0.000000000000000000, 0.000000000000000000, -1.000000000000000000 ) ) ;
#1582 = FACE_OUTER_BOUND ( 'NONE', #5459, .T. ) ;
#1583 = DIRECTION ( 'NONE',  ( 1.000000000000000000, 0.000000000000000000, 0.000000000000000000 ) ) ;
#1584 = CARTESIAN_POINT ( 'NONE',  ( -5.680000000000000604, 2.760000000000000675, -0.3199999999999999512 ) ) ;
#1585 = ORIENTED_EDGE ( 'NONE', *, *, #9200, .T. ) ;
#1586 = ADVANCED_FACE ( 'NONE', ( #2594 ), #8069, .T. ) ;
#1587 = CARTESIAN_POINT ( 'NONE',  ( -2.680000000000001048, 5.760000000000001563, 5.519999999999999574 ) ) ;
#1588 = AXIS2_PLACEMENT_3D ( 'NONE', #1746, #1103, #4129 ) ;
#1589 = FACE_OUTER_BOUND ( 'NONE', #1564, .T. ) ;
#1590 = VECTOR ( 'NONE', #1891, 1000.000000000000000 ) ;
#1591 = EDGE_CURVE ( 'NONE', #8355, #6919, #4329, .T. ) ;
#1592 = VECTOR ( 'NONE', #9785, 1000.000000000000000 ) ;
#1593 = LINE ( 'NONE', #4631, #564 ) ;
#1594 = LINE ( 'NONE', #6178, #3011 ) ;
#1595 = DIRECTION ( 'NONE',  ( 0.1744369497454954787, 0.9690941652527760297, 0.1744369497454954787 ) ) ;
#1596 = ORIENTED_EDGE ( 'NONE', *, *, #8038, .T. ) ;
#1597 = CARTESIAN_POINT ( 'NONE',  ( -2.680000000000001048, 4.889000000000001123, -2.680000000000000160 ) ) ;
#1598 = CARTESIAN_POINT ( 'NONE',  ( -7.940161869519001492, 4.515000000000000568, 3.770000000000000018 ) ) ;
#1599 = ORIENTED_EDGE ( 'NONE', *, *, #8054, .F. ) ;
#1600 = ORIENTED_EDGE ( 'NONE', *, *, #9447, .F. ) ;
#1601 = ORIENTED_EDGE ( 'NONE', *, *, #3152, .T. ) ;
#1602 = EDGE_CURVE ( 'NONE', #7493, #5384, #4427, .T. ) ;
#1603 = VECTOR ( 'NONE', #7109, 1000.000000000000000 ) ;
#1604 = FACE_OUTER_BOUND ( 'NONE', #272, .T. ) ;
#1605 = PLANE ( 'NONE',  #2463 ) ;
#1606 = VECTOR ( 'NONE', #7560, 1000.000000000000000 ) ;
#1607 = CARTESIAN_POINT ( 'NONE',  ( -2.525000000000000799, -3.054999999999999716, 5.068630492923999142 ) ) ;
#1608 = VERTEX_POINT ( 'NONE', #646 ) ;
#1609 = ORIENTED_EDGE ( 'NONE', *, *, #2261, .F. ) ;
#1610 = VERTEX_POINT ( 'NONE', #2086 ) ;
#1611 = EDGE_CURVE ( 'NONE', #8151, #7795, #1392, .T. ) ;
#1612 = PLANE ( 'NONE',  #5296 ) ;
#1613 = FACE_OUTER_BOUND ( 'NONE', #3786, .T. ) ;
#1614 = ORIENTED_EDGE ( 'NONE', *, *, #8456, .F. ) ;
#1615 = ADVANCED_FACE ( 'NONE', ( #7422 ), #1347, .F. ) ;
#1616 = LINE ( 'NONE', #1766, #6684 ) ;
#1617 = ORIENTED_EDGE ( 'NONE', *, *, #4096, .T. ) ;
#1618 = DIRECTION ( 'NONE',  ( 0.9841833239736893502, 0.000000000000000000, 0.1771529983152980714 ) ) ;
#1619 = DIRECTION ( 'NONE',  ( 0.000000000000000000, 1.000000000000000000, 0.000000000000000000 ) ) ;
#1620 = CARTESIAN_POINT ( 'NONE',  ( -2.525000000000000799, 0.5100000000000008971, 0.3099999999999999423 ) ) ;
#1621 = EDGE_LOOP ( 'NONE', ( #1668, #6302, #9338, #5376 ) ) ;
#1622 = CARTESIAN_POINT ( 'NONE',  ( -9.324999999999999289, 8.673617379884035472E-16, 5.750000000000000000 ) ) ;
#1623 = CARTESIAN_POINT ( 'NONE',  ( -3.320000000000000728, -2.179999999999998828, 0.3099999999999999423 ) ) ;
#1624 = ORIENTED_EDGE ( 'NONE', *, *, #97, .F. ) ;
#1625 = CARTESIAN_POINT ( 'NONE',  ( -2.680000000000001048, 3.620000000000000995, -0.9900000000000004352 ) ) ;
#1626 = CARTESIAN_POINT ( 'NONE',  ( -0.3200000000000008393, 2.760000000000000675, 0.3099999999999999423 ) ) ;
#1627 = EDGE_CURVE ( 'NONE', #8996, #2040, #5129, .T. ) ;
#1629 = VERTEX_POINT ( 'NONE', #9705 ) ;
#1628 = CARTESIAN_POINT ( 'NONE',  ( 0.3199999999999991185, 4.260000000000000675, -0.9900000000000004352 ) ) ;
#1630 = DIRECTION ( 'NONE',  ( 0.000000000000000000, 0.000000000000000000, 1.000000000000000000 ) ) ;
#1631 = DIRECTION ( 'NONE',  ( 0.000000000000000000, 0.000000000000000000, -1.000000000000000000 ) ) ;
#1632 = CARTESIAN_POINT ( 'NONE',  ( -2.680000000000001048, 5.529000000000000803, -3.319999999999999840 ) ) ;
#1633 = FACE_OUTER_BOUND ( 'NONE', #9343, .T. ) ;
#1634 = ORIENTED_EDGE ( 'NONE', *, *, #6099, .T. ) ;
#1635 = VECTOR ( 'NONE', #3899, 1000.000000000000000 ) ;
#1636 = EDGE_CURVE ( 'NONE', #9763, #7977, #5085, .T. ) ;
#1637 = VECTOR ( 'NONE', #1561, 1000.000000000000000 ) ;
#1638 = LINE ( 'NONE', #251, #6437 ) ;
#1639 = CARTESIAN_POINT ( 'NONE',  ( -6.320000000000001172, 5.529000000000000803, -0.3199999999999999512 ) ) ;
#1640 = EDGE_CURVE ( 'NONE', #623, #7254, #553, .T. ) ;
#1641 = LINE ( 'NONE', #3080, #5696 ) ;
#1642 = PLANE ( 'NONE',  #1995 ) ;
#1643 = VECTOR ( 'NONE', #9750, 1000.000000000000000 ) ;
#1644 = CARTESIAN_POINT ( 'NONE',  ( 3.324999999999998845, 8.673617379884035472E-16, 5.750000000000000000 ) ) ;
#1645 = FACE_OUTER_BOUND ( 'NONE', #1856, .T. ) ;
#1646 = EDGE_LOOP ( 'NONE', ( #3712, #8366, #815, #7132 ) ) ;
#1647 = LINE ( 'NONE', #5385, #7076 ) ;
#1648 = DIRECTION ( 'NONE',  ( 0.000000000000000000, 0.000000000000000000, 1.000000000000000000 ) ) ;
#1649 = ORIENTED_EDGE ( 'NONE', *, *, #9069, .F. ) ;
#1650 = ORIENTED_EDGE ( 'NONE', *, *, #7613, .F. ) ;
#1651 = EDGE_CURVE ( 'NONE', #9737, #2598, #8959, .T. ) ;
#1652 = EDGE_CURVE ( 'NONE', #3070, #9140, #2835, .T. ) ;
#1653 = LINE ( 'NONE', #5639, #6113 ) ;
#1654 = VECTOR ( 'NONE', #3314, 1000.000000000000000 ) ;
#1655 = AXIS2_PLACEMENT_3D ( 'NONE', #4826, #292, #7061 ) ;
#1656 = LINE ( 'NONE', #7781, #3671 ) ;
#1657 = VECTOR ( 'NONE', #632, 1000.000000000000000 ) ;
#1658 = DIRECTION ( 'NONE',  ( -1.000000000000000000, 0.000000000000000000, 0.000000000000000000 ) ) ;
#1659 = ADVANCED_FACE ( 'NONE', ( #2135 ), #8214, .F. ) ;
#1660 = VECTOR ( 'NONE', #6852, 1000.000000000000000 ) ;
#1661 = DIRECTION ( 'NONE',  ( 0.000000000000000000, -1.000000000000000000, 0.000000000000000000 ) ) ;
#1662 = ORIENTED_EDGE ( 'NONE', *, *, #8938, .T. ) ;
#1663 = EDGE_LOOP ( 'NONE', ( #983, #47, #4864, #8568 ) ) ;
#1664 = VECTOR ( 'NONE', #7497, 1000.000000000000000 ) ;
#1665 = ORIENTED_EDGE ( 'NONE', *, *, #46, .T. ) ;
#1666 = CARTESIAN_POINT ( 'NONE',  ( -2.680000000000001048, -2.179999999999998828, 0.3099999999999999423 ) ) ;
#1667 = CARTESIAN_POINT ( 'NONE',  ( -0.3200000000000008393, 5.760000000000001563, 2.319999999999999840 ) ) ;
#1668 = ORIENTED_EDGE ( 'NONE', *, *, #1591, .F. ) ;
#1669 = CARTESIAN_POINT ( 'NONE',  ( -7.270000000000001350, 3.710000000000000409, 8.920000000000001705 ) ) ;
#1670 = VECTOR ( 'NONE', #2874, 1000.000000000000000 ) ;
#1671 = ORIENTED_EDGE ( 'NONE', *, *, #998, .T. ) ;
#1672 = VECTOR ( 'NONE', #615, 1000.000000000000000 ) ;
#1673 = AXIS2_PLACEMENT_3D ( 'NONE', #1944, #7972, #2833 ) ;
#1674 = CARTESIAN_POINT ( 'NONE',  ( 0.3199999999999991185, 4.889000000000001123, -2.680000000000000160 ) ) ;
#1675 = CARTESIAN_POINT ( 'NONE',  ( -8.640485608557000319, 3.540000000000000480, 1.169999999999999707 ) ) ;
#1676 = ORIENTED_EDGE ( 'NONE', *, *, #4895, .T. ) ;
#1677 = DIRECTION ( 'NONE',  ( 0.000000000000000000, -1.000000000000000000, 0.000000000000000000 ) ) ;
#1678 = DIRECTION ( 'NONE',  ( 1.000000000000000000, 0.000000000000000000, 0.000000000000000000 ) ) ;
#1679 = DIRECTION ( 'NONE',  ( 0.000000000000000000, -1.000000000000000000, 0.000000000000000000 ) ) ;
#1680 = AXIS2_PLACEMENT_3D ( 'NONE', #755, #705, #6778 ) ;
#1681 = EDGE_LOOP ( 'NONE', ( #8693, #4383, #7481, #4894, #8036, #4902, #1137, #671, #4611, #207, #2880, #8176, #1809, #1865, #7994, #8739, #308, #9360, #4538, #7185 ) ) ;
#1682 = LINE ( 'NONE', #3914, #1603 ) ;
#1683 = CARTESIAN_POINT ( 'NONE',  ( 3.574999999999999289, 2.940000000000000835, 0.2799999999999998601 ) ) ;
#1685 = ORIENTED_EDGE ( 'NONE', *, *, #8590, .T. ) ;
#1684 = CARTESIAN_POINT ( 'NONE',  ( -2.525000000000000799, -3.179999999999998828, 4.852124141977799177 ) ) ;
#1686 = DIRECTION ( 'NONE',  ( 1.000000000000000000, 0.000000000000000000, 0.000000000000000000 ) ) ;
#1687 = DIRECTION ( 'NONE',  ( 0.000000000000000000, 1.000000000000000000, 0.000000000000000000 ) ) ;
#1688 = B_SPLINE_CURVE_WITH_KNOTS ( 'NONE', 3,
 ( #4819, #9401, #236, #6356 ),
 .UNSPECIFIED., .F., .F.,
 ( 4, 4 ),
 ( 0.000000000000000000, 1.000000000000000000 ),
 .UNSPECIFIED. ) ;
#1689 = DIRECTION ( 'NONE',  ( 0.000000000000000000, 0.000000000000000000, 1.000000000000000000 ) ) ;
#1690 = DIRECTION ( 'NONE',  ( 0.000000000000000000, 0.000000000000000000, 1.000000000000000000 ) ) ;
#1691 = EDGE_CURVE ( 'NONE', #5711, #7885, #1314, .T. ) ;
#1692 = DIRECTION ( 'NONE',  ( -1.000000000000000000, 0.000000000000000000, 0.000000000000000000 ) ) ;
#1693 = ORIENTED_EDGE ( 'NONE', *, *, #6535, .F. ) ;
#1694 = PLANE ( 'NONE',  #9609 ) ;
#1695 = DIRECTION ( 'NONE',  ( 0.000000000000000000, -1.000000000000000000, 0.000000000000000000 ) ) ;
#1696 = CARTESIAN_POINT ( 'NONE',  ( -6.140000000000001457, 5.300000000000000711, 6.519999999999999574 ) ) ;
#1697 = DIRECTION ( 'NONE',  ( 0.000000000000000000, 1.000000000000000000, 0.000000000000000000 ) ) ;
#1698 = ADVANCED_FACE ( 'NONE', ( #2757 ), #3605, .T. ) ;
#1699 = DIRECTION ( 'NONE',  ( 1.000000000000000000, 0.000000000000000000, 0.000000000000000000 ) ) ;
#1700 = ORIENTED_EDGE ( 'NONE', *, *, #36, .T. ) ;
#1701 = LINE ( 'NONE', #4741, #8025 ) ;
#1702 = VERTEX_POINT ( 'NONE', #4400 ) ;
#1703 = ORIENTED_EDGE ( 'NONE', *, *, #58, .F. ) ;
#1704 = VECTOR ( 'NONE', #438, 1000.000000000000000 ) ;
#1705 = CARTESIAN_POINT ( 'NONE',  ( -9.825000000000001066, 2.840000000000000302, 7.270000000000000462 ) ) ;
#1706 = DIRECTION ( 'NONE',  ( 0.000000000000000000, 1.000000000000000000, 0.000000000000000000 ) ) ;
#1707 = CARTESIAN_POINT ( 'NONE',  ( -9.574999999999999289, 4.940000000000000391, 0.2799999999999998601 ) ) ;
#1708 = EDGE_CURVE ( 'NONE', #5086, #7646, #7443, .T. ) ;
#1709 = AXIS2_PLACEMENT_3D ( 'NONE', #9808, #8308, #4531 ) ;
#1710 = CARTESIAN_POINT ( 'NONE',  ( -7.825000000000001954, 7.115000000000001101, -0.9900000000000004352 ) ) ;
#1711 = VERTEX_POINT ( 'NONE', #9722 ) ;
#1712 = ORIENTED_EDGE ( 'NONE', *, *, #4285, .T. ) ;
#1713 = EDGE_LOOP ( 'NONE', ( #4442, #5402, #9392, #5398 ) ) ;
#1714 = DIRECTION ( 'NONE',  ( 1.000000000000000000, 0.000000000000000000, 0.000000000000000000 ) ) ;
#1715 = CARTESIAN_POINT ( 'NONE',  ( -6.000000000000000888, 2.670000000000000373, 6.019999999999999574 ) ) ;
#1716 = EDGE_LOOP ( 'NONE', ( #9679, #7669, #2238, #1665 ) ) ;
#1717 = EDGE_CURVE ( 'NONE', #4060, #7585, #4349, .T. ) ;
#1718 = EDGE_CURVE ( 'NONE', #8889, #5152, #5147, .T. ) ;
#1719 = VECTOR ( 'NONE', #6310, 1000.000000000000000 ) ;
#1720 = CARTESIAN_POINT ( 'NONE',  ( -3.140000000000001013, -3.179999999999998828, 0.1399999999999999301 ) ) ;
#1721 = ORIENTED_EDGE ( 'NONE', *, *, #5860, .T. ) ;
#1722 = EDGE_CURVE ( 'NONE', #6759, #1018, #620, .T. ) ;
#1723 = FACE_OUTER_BOUND ( 'NONE', #6069, .T. ) ;
#1724 = CARTESIAN_POINT ( 'NONE',  ( -3.140000000000001013, -3.179999999999998828, -3.140000000000000568 ) ) ;
#1725 = ORIENTED_EDGE ( 'NONE', *, *, #198, .T. ) ;
#1726 = ORIENTED_EDGE ( 'NONE', *, *, #8772, .T. ) ;
#1727 = ORIENTED_EDGE ( 'NONE', *, *, #4603, .T. ) ;
#1728 = CARTESIAN_POINT ( 'NONE',  ( -6.570000000000001172, 1.170000000000000817, 2.319999999999999840 ) ) ;
#1729 = PLANE ( 'NONE',  #8502 ) ;
#1730 = ORIENTED_EDGE ( 'NONE', *, *, #3164, .F. ) ;
#1731 = DIRECTION ( 'NONE',  ( 1.000000000000000000, 0.000000000000000000, 0.000000000000000000 ) ) ;
#1732 = CARTESIAN_POINT ( 'NONE',  ( -9.574999999999999289, 1.160000000000000808, -0.3199999999999999512 ) ) ;
#1734 = ORIENTED_EDGE ( 'NONE', *, *, #9683, .T. ) ;
#1733 = CARTESIAN_POINT ( 'NONE',  ( -3.320000000000000728, 4.889000000000001123, -0.3199999999999999512 ) ) ;
#1735 = PLANE ( 'NONE',  #3614 ) ;
#1736 = CARTESIAN_POINT ( 'NONE',  ( -2.680000000000001048, 7.115000000000001101, -0.9900000000000004352 ) ) ;
#1737 = DIRECTION ( 'NONE',  ( 0.000000000000000000, 0.000000000000000000, -1.000000000000000000 ) ) ;
#1738 = DIRECTION ( 'NONE',  ( 0.000000000000000000, 0.000000000000000000, 1.000000000000000000 ) ) ;
#1739 = DIRECTION ( 'NONE',  ( 0.000000000000000000, 1.000000000000000000, 0.000000000000000000 ) ) ;
#1740 = DIRECTION ( 'NONE',  ( 0.000000000000000000, -1.000000000000000000, 0.000000000000000000 ) ) ;
#1741 = VERTEX_POINT ( 'NONE', #8987 ) ;
#1742 = EDGE_CURVE ( 'NONE', #8867, #274, #4449, .T. ) ;
#1743 = CARTESIAN_POINT ( 'NONE',  ( 0.3199999999999991185, 3.620000000000000995, -0.9900000000000004352 ) ) ;
#1744 = CARTESIAN_POINT ( 'NONE',  ( 1.940161869518999493, 4.515000000000000568, 3.770000000000000018 ) ) ;
#1745 = FACE_OUTER_BOUND ( 'NONE', #375, .T. ) ;
#1746 = CARTESIAN_POINT ( 'NONE',  ( -9.825000000000001066, 5.040000000000000924, 3.770000000000000018 ) ) ;
#1747 = CARTESIAN_POINT ( 'NONE',  ( -4.270000000000001350, 1.870000000000000995, 8.920000000000001705 ) ) ;
#1748 = ORIENTED_EDGE ( 'NONE', *, *, #5370, .T. ) ;
#1749 = DIRECTION ( 'NONE',  ( 1.000000000000000000, 0.000000000000000000, 0.000000000000000000 ) ) ;
#1750 = ORIENTED_EDGE ( 'NONE', *, *, #1780, .T. ) ;
#1751 = ORIENTED_EDGE ( 'NONE', *, *, #8165, .T. ) ;
#1752 = AXIS2_PLACEMENT_3D ( 'NONE', #1204, #4381, #4231 ) ;
#1753 = LINE ( 'NONE', #8624, #550 ) ;
#1754 = PLANE ( 'NONE',  #9241 ) ;
#1755 = VECTOR ( 'NONE', #628, 1000.000000000000000 ) ;
#1756 = PLANE ( 'NONE',  #874 ) ;
#1757 = ADVANCED_FACE ( 'NONE', ( #6647 ), #3455, .T. ) ;
#1758 = DIRECTION ( 'NONE',  ( 0.000000000000000000, -1.000000000000000000, 0.000000000000000000 ) ) ;
#1759 = VECTOR ( 'NONE', #6732, 1000.000000000000000 ) ;
#1760 = EDGE_LOOP ( 'NONE', ( #4641, #1514, #5616, #3807, #2211, #2282 ) ) ;
#1761 = VERTEX_POINT ( 'NONE', #2713 ) ;
#1762 = ORIENTED_EDGE ( 'NONE', *, *, #5234, .F. ) ;
#1763 = FACE_OUTER_BOUND ( 'NONE', #2923, .T. ) ;
#1764 = DIRECTION ( 'NONE',  ( 0.000000000000000000, -1.000000000000000000, 0.000000000000000000 ) ) ;
#1765 = EDGE_LOOP ( 'NONE', ( #8879, #329, #8491, #6879 ) ) ;
#1766 = CARTESIAN_POINT ( 'NONE',  ( -5.680000000000000604, 5.540000000000000924, -0.3199999999999999512 ) ) ;
#1767 = EDGE_CURVE ( 'NONE', #4792, #7942, #9676, .T. ) ;
#1768 = EDGE_LOOP ( 'NONE', ( #5585, #1973, #5515, #2437 ) ) ;
#1769 = VECTOR ( 'NONE', #7080, 1000.000000000000000 ) ;
#1770 = DIRECTION ( 'NONE',  ( -1.000000000000000000, 0.000000000000000000, 0.000000000000000000 ) ) ;
#1771 = CARTESIAN_POINT ( 'NONE',  ( -9.574999999999999289, 4.515000000000000568, 1.269999999999999796 ) ) ;
#1772 = ORIENTED_EDGE ( 'NONE', *, *, #1536, .T. ) ;
#1773 = EDGE_LOOP ( 'NONE', ( #3896, #3895, #1844, #7681 ) ) ;
#1774 = VERTEX_POINT ( 'NONE', #2853 ) ;
#1775 = CARTESIAN_POINT ( 'NONE',  ( -1.525000000000001021, 0.5100000000000008971, 0.3099999999999999423 ) ) ;
#1776 = DIRECTION ( 'NONE',  ( 0.000000000000000000, -1.000000000000000000, 0.000000000000000000 ) ) ;
#1777 = ORIENTED_EDGE ( 'NONE', *, *, #1831, .F. ) ;
#1778 = VECTOR ( 'NONE', #9522, 1000.000000000000000 ) ;
#1779 = PRODUCT_DEFINITION ( 'UNKNOWN', '', #7046, #6019 ) ;
#1780 = EDGE_CURVE ( 'NONE', #3458, #4913, #5754, .T. ) ;
#1781 = CARTESIAN_POINT ( 'NONE',  ( -7.940485608557000141, 2.403333333333334210, 7.270000000000000462 ) ) ;
#1782 = FACE_OUTER_BOUND ( 'NONE', #2014, .T. ) ;
#1784 = ORIENTED_EDGE ( 'NONE', *, *, #7169, .F. ) ;
#1783 = CARTESIAN_POINT ( 'NONE',  ( -9.324999999999999289, 8.673617379884035472E-16, 8.920000000000001705 ) ) ;
#1785 = CARTESIAN_POINT ( 'NONE',  ( -4.475000000000000533, 0.5100000000000008971, 7.509999999999998899 ) ) ;
#1786 = CARTESIAN_POINT ( 'NONE',  ( -9.324999999999999289, 1.160000000000000808, -0.9900000000000004352 ) ) ;
#1787 = LINE ( 'NONE', #9406, #4687 ) ;
#1788 = EDGE_CURVE ( 'NONE', #7998, #5851, #8788, .T. ) ;
#1789 = CARTESIAN_POINT ( 'NONE',  ( 3.324999999999998845, 1.530000000000000915, 7.270000000000000462 ) ) ;
#1790 = CARTESIAN_POINT ( 'NONE',  ( -2.525000000000000799, 8.673617379884035472E-16, 0.3099999999999999423 ) ) ;
#1791 = CARTESIAN_POINT ( 'NONE',  ( -0.3200000000000008393, 5.760000000000001563, 5.519999999999999574 ) ) ;
#1792 = ORIENTED_EDGE ( 'NONE', *, *, #5772, .F. ) ;
#1793 = ORIENTED_EDGE ( 'NONE', *, *, #149, .T. ) ;
#1794 = DIRECTION ( 'NONE',  ( 0.000000000000000000, -1.000000000000000000, 0.000000000000000000 ) ) ;
#1795 = CARTESIAN_POINT ( 'NONE',  ( -1.525000000000001021, 8.673617379884035472E-16, 7.509999999999998899 ) ) ;
#1796 = LINE ( 'NONE', #1055, #717 ) ;
#1797 = EDGE_CURVE ( 'NONE', #1446, #2368, #5893, .T. ) ;
#1798 = FACE_OUTER_BOUND ( 'NONE', #1925, .T. ) ;
#1799 = DIRECTION ( 'NONE',  ( 0.000000000000000000, 0.000000000000000000, -1.000000000000000000 ) ) ;
#1800 = ORIENTED_EDGE ( 'NONE', *, *, #70, .F. ) ;
#1801 = EDGE_LOOP ( 'NONE', ( #216, #5626, #940, #8356 ) ) ;
#1802 = ORIENTED_EDGE ( 'NONE', *, *, #3998, .F. ) ;
#1803 = CARTESIAN_POINT ( 'NONE',  ( 2.324999999999998845, 4.940000000000000391, -0.3199999999999999512 ) ) ;
#1804 = CARTESIAN_POINT ( 'NONE',  ( -1.730000000000000870, 4.170000000000000817, 2.319999999999999840 ) ) ;
#1805 = LINE ( 'NONE', #2547, #4298 ) ;
#1806 = VECTOR ( 'NONE', #5653, 1000.000000000000000 ) ;
#1807 = PLANE ( 'NONE',  #8862 ) ;
#1808 = DIRECTION ( 'NONE',  ( 0.9841833239736893502, 0.000000000000000000, 0.1771529983152980714 ) ) ;
#1809 = ORIENTED_EDGE ( 'NONE', *, *, #4151, .F. ) ;
#1810 = VERTEX_POINT ( 'NONE', #472 ) ;
#1811 = EDGE_LOOP ( 'NONE', ( #6002, #2554, #2509, #1497 ) ) ;
#1812 = EDGE_CURVE ( 'NONE', #7038, #9726, #3504, .T. ) ;
#1813 = CARTESIAN_POINT ( 'NONE',  ( -0.3200000000000008393, 4.889000000000001123, -2.680000000000000160 ) ) ;
#1814 = VERTEX_POINT ( 'NONE', #2010 ) ;
#1815 = AXIS2_PLACEMENT_3D ( 'NONE', #8863, #3629, #3481 ) ;
#1816 = ADVANCED_FACE ( 'NONE', ( #8841 ), #8088, .F. ) ;
#1817 = ORIENTED_EDGE ( 'NONE', *, *, #7073, .F. ) ;
#1818 = VECTOR ( 'NONE', #1474, 1000.000000000000227 ) ;
#1819 = VECTOR ( 'NONE', #3341, 1000.000000000000000 ) ;
#1820 = DIRECTION ( 'NONE',  ( 0.000000000000000000, 0.000000000000000000, -1.000000000000000000 ) ) ;
#1821 = ORIENTED_EDGE ( 'NONE', *, *, #8625, .F. ) ;
#1822 = ORIENTED_EDGE ( 'NONE', *, *, #4020, .F. ) ;
#1823 = ORIENTED_EDGE ( 'NONE', *, *, #2948, .T. ) ;
#1824 = CARTESIAN_POINT ( 'NONE',  ( -8.673617379884035472E-16, -2.679999999999999272, 0.2299999999999997324 ) ) ;
#1825 = CARTESIAN_POINT ( 'NONE',  ( -9.574999999999999289, 8.673617379884035472E-16, -0.9900000000000004352 ) ) ;
#1826 = ORIENTED_EDGE ( 'NONE', *, *, #6696, .T. ) ;
#1827 = VECTOR ( 'NONE', #7751, 1000.000000000000000 ) ;
#1828 = PLANE ( 'NONE',  #2876 ) ;
#1829 = CARTESIAN_POINT ( 'NONE',  ( -6.230000000000001315, -2.679999999999999272, 0.000000000000000000 ) ) ;
#1830 = VECTOR ( 'NONE', #6153, 1000.000000000000000 ) ;
#1831 = EDGE_CURVE ( 'NONE', #5389, #2740, #522, .T. ) ;
#1833 = ORIENTED_EDGE ( 'NONE', *, *, #8399, .F. ) ;
#1832 = DIRECTION ( 'NONE',  ( -1.000000000000000000, 0.000000000000000000, 0.000000000000000000 ) ) ;
#1834 = CARTESIAN_POINT ( 'NONE',  ( -0.3200000000000008393, 3.940000000000000835, 3.964999999999999858 ) ) ;
#1835 = DIRECTION ( 'NONE',  ( -1.000000000000000000, 0.000000000000000000, 0.000000000000000000 ) ) ;
#1836 = LINE ( 'NONE', #1239, #1355 ) ;
#1837 = EDGE_CURVE ( 'NONE', #9420, #7327, #9634, .T. ) ;
#1838 = EDGE_CURVE ( 'NONE', #5098, #1863, #547, .T. ) ;
#1839 = LINE ( 'NONE', #994, #9553 ) ;
#1840 = DIRECTION ( 'NONE',  ( -0.7071067811865475727, -0.7071067811865475727, 0.000000000000000000 ) ) ;
#1841 = ADVANCED_FACE ( 'NONE', ( #7368, #8812 ), #7419, .T. ) ;
#1842 = DIRECTION ( 'NONE',  ( 0.000000000000000000, 0.000000000000000000, -1.000000000000000000 ) ) ;
#1843 = CARTESIAN_POINT ( 'NONE',  ( 3.574999999999999289, 4.515000000000000568, 3.770000000000000018 ) ) ;
#1844 = ORIENTED_EDGE ( 'NONE', *, *, #7659, .T. ) ;
#1845 = ORIENTED_EDGE ( 'NONE', *, *, #264, .F. ) ;
#1846 = ADVANCED_FACE ( 'NONE', ( #8066 ), #6583, .T. ) ;
#1847 = LINE ( 'NONE', #8669, #343 ) ;
#1848 = EDGE_CURVE ( 'NONE', #2268, #3996, #5871, .T. ) ;
#1849 = DIRECTION ( 'NONE',  ( -1.000000000000000000, 0.000000000000000000, 0.000000000000000000 ) ) ;
#1850 = PLANE ( 'NONE',  #6287 ) ;
#1851 = B_SPLINE_CURVE_WITH_KNOTS ( 'NONE', 3,
 ( #3393, #5697, #7985, #4901 ),
 .UNSPECIFIED., .F., .F.,
 ( 4, 4 ),
 ( 0.000000000000000000, 1.000000000000000000 ),
 .UNSPECIFIED. ) ;
#1852 = LINE ( 'NONE', #3984, #322 ) ;
#1853 = EDGE_CURVE ( 'NONE', #8780, #5253, #6622, .T. ) ;
#1854 = DIRECTION ( 'NONE',  ( 1.000000000000000000, 0.000000000000000000, 0.000000000000000000 ) ) ;
#1855 = ORIENTED_EDGE ( 'NONE', *, *, #5377, .F. ) ;
#1856 = EDGE_LOOP ( 'NONE', ( #719, #5961, #4354, #4996 ) ) ;
#1857 = ORIENTED_EDGE ( 'NONE', *, *, #1591, .T. ) ;
#1858 = DIRECTION ( 'NONE',  ( 0.000000000000000000, 0.000000000000000000, -1.000000000000000000 ) ) ;
#1859 = FACE_OUTER_BOUND ( 'NONE', #5281, .T. ) ;
#1860 = FACE_OUTER_BOUND ( 'NONE', #6030, .T. ) ;
#1861 = EDGE_CURVE ( 'NONE', #689, #782, #452, .T. ) ;
#1862 = CARTESIAN_POINT ( 'NONE',  ( -6.230000000000001315, -2.679999999999999272, -3.000000000000000000 ) ) ;
#1863 = VERTEX_POINT ( 'NONE', #6668 ) ;
#1864 = VERTEX_POINT ( 'NONE', #8912 ) ;
#1865 = ORIENTED_EDGE ( 'NONE', *, *, #2988, .T. ) ;
#1866 = PRESENTATION_STYLE_ASSIGNMENT (( #8690 ) ) ;
#1867 = ORIENTED_EDGE ( 'NONE', *, *, #8982, .T. ) ;
#1868 = CARTESIAN_POINT ( 'NONE',  ( 3.324999999999998845, 1.530000000000000915, 7.270000000000000462 ) ) ;
#1869 = VERTEX_POINT ( 'NONE', #1250 ) ;
#1870 = VECTOR ( 'NONE', #4874, 1000.000000000000000 ) ;
#1871 = EDGE_CURVE ( 'NONE', #6781, #4792, #4276, .T. ) ;
#1872 = ADVANCED_FACE ( 'NONE', ( #5125 ), #3528, .F. ) ;
#1873 = DIRECTION ( 'NONE',  ( 0.000000000000000000, 0.000000000000000000, -1.000000000000000000 ) ) ;
#1874 = ORIENTED_EDGE ( 'NONE', *, *, #3502, .T. ) ;
#1875 = VERTEX_POINT ( 'NONE', #7226 ) ;
#1876 = EDGE_LOOP ( 'NONE', ( #4962, #2043, #2715, #1563 ) ) ;
#1877 = FACE_OUTER_BOUND ( 'NONE', #178, .T. ) ;
#1878 = DIRECTION ( 'NONE',  ( 1.000000000000000000, 0.000000000000000000, 0.000000000000000000 ) ) ;
#1879 = CIRCLE ( 'NONE', #9506, 0.7486304929238997152 ) ;
#1880 = ORIENTED_EDGE ( 'NONE', *, *, #1211, .T. ) ;
#1881 = CARTESIAN_POINT ( 'NONE',  ( -6.140000000000001457, -3.179999999999998828, -3.140000000000000568 ) ) ;
#1883 = ORIENTED_EDGE ( 'NONE', *, *, #2412, .F. ) ;
#1882 = DIRECTION ( 'NONE',  ( 0.000000000000000000, 1.000000000000000000, 0.000000000000000000 ) ) ;
#1884 = CARTESIAN_POINT ( 'NONE',  ( -3.320000000000000728, 1.160000000000000808, -0.9900000000000004352 ) ) ;
#1885 = EDGE_CURVE ( 'NONE', #2095, #8413, #2604, .T. ) ;
#1886 = VECTOR ( 'NONE', #1181, 1000.000000000000000 ) ;
#1887 = CARTESIAN_POINT ( 'NONE',  ( 3.324999999999998845, 6.620000000000000995, 7.270000000000000462 ) ) ;
#1888 = DIRECTION ( 'NONE',  ( 0.000000000000000000, -1.000000000000000000, 0.000000000000000000 ) ) ;
#1889 = CARTESIAN_POINT ( 'NONE',  ( -8.673617379884035472E-16, -2.679999999999999272, -3.230000000000000426 ) ) ;
#1890 = CARTESIAN_POINT ( 'NONE',  ( 0.3199999999999991185, 4.260000000000000675, -0.3199999999999999512 ) ) ;
#1891 = DIRECTION ( 'NONE',  ( 0.000000000000000000, 0.000000000000000000, -1.000000000000000000 ) ) ;
#1892 = ORIENTED_EDGE ( 'NONE', *, *, #829, .T. ) ;
#1893 = ORIENTED_EDGE ( 'NONE', *, *, #9486, .F. ) ;
#1894 = LINE ( 'NONE', #3283, #3195 ) ;
#1895 = DIRECTION ( 'NONE',  ( 1.000000000000000000, 0.000000000000000000, 0.000000000000000000 ) ) ;
#1896 = VECTOR ( 'NONE', #8779, 1000.000000000000000 ) ;
#1897 = CARTESIAN_POINT ( 'NONE',  ( -3.475000000000000977, -1.749999999999998890, 4.320000000000000284 ) ) ;
#1898 = LINE ( 'NONE', #2592, #2066 ) ;
#1899 = VERTEX_POINT ( 'NONE', #502 ) ;
#1900 = EDGE_CURVE ( 'NONE', #1810, #7920, #1292, .T. ) ;
#1901 = ORIENTED_EDGE ( 'NONE', *, *, #2747, .F. ) ;
#1902 = LINE ( 'NONE', #5878, #2625 ) ;
#1903 = FACE_OUTER_BOUND ( 'NONE', #8798, .T. ) ;
#1904 = EDGE_CURVE ( 'NONE', #9726, #569, #8158, .T. ) ;
#1905 = DIRECTION ( 'NONE',  ( 0.000000000000000000, -1.000000000000000000, 0.000000000000000000 ) ) ;
#1906 = AXIS2_PLACEMENT_3D ( 'NONE', #5555, #9145, #3908 ) ;
#1907 = EDGE_CURVE ( 'NONE', #6340, #7766, #596, .T. ) ;
#1908 = DIRECTION ( 'NONE',  ( -1.000000000000000000, 0.000000000000000000, 0.000000000000000000 ) ) ;
#1909 = ORIENTED_EDGE ( 'NONE', *, *, #4823, .F. ) ;
#1910 = ORIENTED_EDGE ( 'NONE', *, *, #2190, .F. ) ;
#1911 = ORIENTED_EDGE ( 'NONE', *, *, #3237, .F. ) ;
#1912 =( NAMED_UNIT ( * ) SI_UNIT ( $, .STERADIAN. ) SOLID_ANGLE_UNIT ( ) );
#1913 = ORIENTED_EDGE ( 'NONE', *, *, #2278, .T. ) ;
#1914 = CARTESIAN_POINT ( 'NONE',  ( -9.324999999999999289, 8.673617379884035472E-16, -0.9900000000000004352 ) ) ;
#1915 = VECTOR ( 'NONE', #1690, 1000.000000000000000 ) ;
#1916 = ORIENTED_EDGE ( 'NONE', *, *, #721, .F. ) ;
#1917 = VECTOR ( 'NONE', #4002, 1000.000000000000000 ) ;
#1918 = EDGE_CURVE ( 'NONE', #2762, #1562, #2127, .T. ) ;
#1919 = DIRECTION ( 'NONE',  ( 0.000000000000000000, 1.000000000000000000, 0.000000000000000000 ) ) ;
#1920 = ORIENTED_EDGE ( 'NONE', *, *, #1357, .T. ) ;
#1921 = ORIENTED_EDGE ( 'NONE', *, *, #3821, .T. ) ;
#1922 = ORIENTED_EDGE ( 'NONE', *, *, #8463, .F. ) ;
#1923 = FACE_OUTER_BOUND ( 'NONE', #4069, .T. ) ;
#1924 = CARTESIAN_POINT ( 'NONE',  ( -3.700000000000001066, 8.120000000000000995, 5.219999999999999751 ) ) ;
#1925 = EDGE_LOOP ( 'NONE', ( #8613, #2, #8679, #8249, #6494, #3404 ) ) ;
#1926 = DIRECTION ( 'NONE',  ( -1.000000000000000000, 0.000000000000000000, 0.000000000000000000 ) ) ;
#1927 = AXIS2_PLACEMENT_3D ( 'NONE', #4212, #3512, #4358 ) ;
#1929 = ORIENTED_EDGE ( 'NONE', *, *, #1468, .F. ) ;
#1928 = CARTESIAN_POINT ( 'NONE',  ( -2.860000000000001208, 5.580000000000000959, 6.519999999999999574 ) ) ;
#1930 = DIRECTION ( 'NONE',  ( 0.000000000000000000, 0.000000000000000000, -1.000000000000000000 ) ) ;
#1931 = FACE_OUTER_BOUND ( 'NONE', #4906, .T. ) ;
#1932 = LINE ( 'NONE', #8803, #3887 ) ;
#1933 = CARTESIAN_POINT ( 'NONE',  ( -5.680000000000000604, 5.529000000000000803, -3.319999999999999840 ) ) ;
#1934 = AXIS2_PLACEMENT_3D ( 'NONE', #1683, #3066, #1532 ) ;
#1935 = PLANE ( 'NONE',  #5159 ) ;
#1936 = LINE ( 'NONE', #1189, #9287 ) ;
#1937 = CARTESIAN_POINT ( 'NONE',  ( 0.3199999999999991185, -3.179999999999998828, -3.319999999999999840 ) ) ;
#1938 = VERTEX_POINT ( 'NONE', #5176 ) ;
#1939 = ORIENTED_EDGE ( 'NONE', *, *, #5475, .T. ) ;
#1940 = EDGE_CURVE ( 'NONE', #7343, #1273, #8766, .T. ) ;
#1941 = LINE ( 'NONE', #9514, #7980 ) ;
#1942 = CARTESIAN_POINT ( 'NONE',  ( -3.140000000000001013, -3.179999999999998828, -0.1400000000000003741 ) ) ;
#1943 = DIRECTION ( 'NONE',  ( 0.000000000000000000, 1.000000000000000000, 0.000000000000000000 ) ) ;
#1944 = CARTESIAN_POINT ( 'NONE',  ( 3.324999999999998845, -3.179999999999998828, 5.320000000000000284 ) ) ;
#1945 = CARTESIAN_POINT ( 'NONE',  ( -3.475000000000000977, -1.749999999999998890, 4.320000000000000284 ) ) ;
#1946 = EDGE_CURVE ( 'NONE', #7292, #5875, #404, .T. ) ;
#1947 = DIRECTION ( 'NONE',  ( -1.000000000000000000, 0.000000000000000000, 0.000000000000000000 ) ) ;
#1948 = ORIENTED_EDGE ( 'NONE', *, *, #7073, .T. ) ;
#1949 = VERTEX_POINT ( 'NONE', #3435 ) ;
#1950 = CARTESIAN_POINT ( 'NONE',  ( -3.320000000000000728, -2.179999999999998828, -0.3199999999999999512 ) ) ;
#1951 = LINE ( 'NONE', #3389, #5371 ) ;
#1952 = DIRECTION ( 'NONE',  ( -1.000000000000000000, 0.000000000000000000, 0.000000000000000000 ) ) ;
#1953 = CARTESIAN_POINT ( 'NONE',  ( -3.140000000000001013, 2.300000000000000711, 6.519999999999999574 ) ) ;
#1954 = ADVANCED_FACE ( 'NONE', ( #5775 ), #9518, .T. ) ;
#1955 = EDGE_CURVE ( 'NONE', #6033, #1969, #7277, .T. ) ;
#1956 = DIRECTION ( 'NONE',  ( 0.000000000000000000, -1.000000000000000000, 0.000000000000000000 ) ) ;
#1957 = ORIENTED_EDGE ( 'NONE', *, *, #8183, .T. ) ;
#1958 = ORIENTED_EDGE ( 'NONE', *, *, #561, .T. ) ;
#1959 = ORIENTED_EDGE ( 'NONE', *, *, #5818, .T. ) ;
#1960 = VECTOR ( 'NONE', #766, 1000.000000000000000 ) ;
#1961 = CARTESIAN_POINT ( 'NONE',  ( -4.475000000000000533, 0.5100000000000008971, 0.3099999999999999423 ) ) ;
#1962 = EDGE_CURVE ( 'NONE', #8109, #8612, #8253, .T. ) ;
#1963 = EDGE_CURVE ( 'NONE', #8072, #9737, #1436, .T. ) ;
#1964 = VERTEX_POINT ( 'NONE', #4618 ) ;
#1965 = DIRECTION ( 'NONE',  ( 1.000000000000000000, 0.000000000000000000, 0.000000000000000000 ) ) ;
#1966 = VECTOR ( 'NONE', #5874, 1000.000000000000000 ) ;
#1967 = DIRECTION ( 'NONE',  ( 0.000000000000000000, 1.000000000000000000, 0.000000000000000000 ) ) ;
#1968 = ORIENTED_EDGE ( 'NONE', *, *, #1460, .T. ) ;
#1969 = VERTEX_POINT ( 'NONE', #9844 ) ;
#1970 = VERTEX_POINT ( 'NONE', #91 ) ;
#1971 = DIRECTION ( 'NONE',  ( 0.000000000000000000, -1.000000000000000000, 0.000000000000000000 ) ) ;
#1972 = DIRECTION ( 'NONE',  ( 1.000000000000000000, 0.000000000000000000, 0.000000000000000000 ) ) ;
#1973 = ORIENTED_EDGE ( 'NONE', *, *, #4394, .F. ) ;
#1974 = DIRECTION ( 'NONE',  ( 0.000000000000000000, 0.000000000000000000, 1.000000000000000000 ) ) ;
#1975 = VECTOR ( 'NONE', #7623, 1000.000000000000000 ) ;
#1977 = EDGE_LOOP ( 'NONE', ( #1569, #2914, #6519, #6545 ) ) ;
#1976 = LINE ( 'NONE', #8618, #9524 ) ;
#1978 = AXIS2_PLACEMENT_3D ( 'NONE', #7267, #7213, #8003 ) ;
#1979 = TOROIDAL_SURFACE ( 'NONE', #8017, 0.5321241419778000026, 0.2500000000000000000 ) ;
#1980 = CARTESIAN_POINT ( 'NONE',  ( 0.5699999999999988409, 4.170000000000000817, 8.920000000000001705 ) ) ;
#1981 = FACE_OUTER_BOUND ( 'NONE', #7549, .T. ) ;
#1982 = DIRECTION ( 'NONE',  ( 0.000000000000000000, 0.000000000000000000, 1.000000000000000000 ) ) ;
#1983 = PLANE ( 'NONE',  #5315 ) ;
#1984 = CARTESIAN_POINT ( 'NONE',  ( -3.320000000000000728, 3.620000000000000995, -0.9900000000000004352 ) ) ;
#1985 = DIRECTION ( 'NONE',  ( 0.000000000000000000, 0.000000000000000000, 1.000000000000000000 ) ) ;
#1986 = VECTOR ( 'NONE', #6159, 1000.000000000000000 ) ;
#1987 = ORIENTED_EDGE ( 'NONE', *, *, #8028, .F. ) ;
#1988 = AXIS2_PLACEMENT_3D ( 'NONE', #3278, #1094, #2683 ) ;
#1989 = AXIS2_PLACEMENT_3D ( 'NONE', #6216, #3971, #191 ) ;
#1990 = CARTESIAN_POINT ( 'NONE',  ( -4.305662386292000932, -2.099999999999999645, 3.319999999999999840 ) ) ;
#1991 = DIRECTION ( 'NONE',  ( 0.000000000000000000, 0.000000000000000000, -1.000000000000000000 ) ) ;
#1992 = COLOUR_RGB ( '',0.7921568627450980005, 0.8196078431372548767, 0.9333333333333333481 ) ;
#1993 = VECTOR ( 'NONE', #4184, 1000.000000000000000 ) ;
#1994 = DIRECTION ( 'NONE',  ( 0.000000000000000000, 0.000000000000000000, 1.000000000000000000 ) ) ;
#1995 = AXIS2_PLACEMENT_3D ( 'NONE', #3529, #9656, #7227 ) ;
#1996 = CARTESIAN_POINT ( 'NONE',  ( -9.574999999999999289, 2.940000000000000835, 0.2799999999999998601 ) ) ;
#1997 = FACE_OUTER_BOUND ( 'NONE', #7829, .T. ) ;
#1998 = EDGE_LOOP ( 'NONE', ( #5603, #2398, #4662, #1883, #1492 ) ) ;
#1999 = EDGE_LOOP ( 'NONE', ( #102, #9292, #6125, #4775 ) ) ;
#2000 = LINE ( 'NONE', #5041, #4095 ) ;
#2001 = LINE ( 'NONE', #5042, #9340 ) ;
#2002 = PLANE ( 'NONE',  #7320 ) ;
#2003 = CARTESIAN_POINT ( 'NONE',  ( -5.860000000000000320, 5.580000000000000959, 6.519999999999999574 ) ) ;
#2004 = ORIENTED_EDGE ( 'NONE', *, *, #1143, .T. ) ;
#2005 = ORIENTED_EDGE ( 'NONE', *, *, #627, .F. ) ;
#2006 = VERTEX_POINT ( 'NONE', #3072 ) ;
#2007 = CARTESIAN_POINT ( 'NONE',  ( -8.325000000000001066, 8.673617379884035472E-16, -0.9900000000000004352 ) ) ;
#2008 = EDGE_CURVE ( 'NONE', #3000, #507, #4570, .T. ) ;
#2009 = VERTEX_POINT ( 'NONE', #5220 ) ;
#2010 = CARTESIAN_POINT ( 'NONE',  ( -0.3200000000000008393, 5.760000000000001563, 5.519999999999999574 ) ) ;
#2011 = PLANE ( 'NONE',  #1004 ) ;
#2012 = ADVANCED_FACE ( 'NONE', ( #784 ), #739, .T. ) ;
#2013 = ORIENTED_EDGE ( 'NONE', *, *, #6345, .T. ) ;
#2014 = EDGE_LOOP ( 'NONE', ( #9232, #6482, #4911, #726 ) ) ;
#2015 = ORIENTED_EDGE ( 'NONE', *, *, #4986, .T. ) ;
#2016 = LINE ( 'NONE', #6506, #9460 ) ;
#2017 = CARTESIAN_POINT ( 'NONE',  ( -0.3200000000000008393, 5.529000000000000803, -3.319999999999999840 ) ) ;
#2018 = EDGE_CURVE ( 'NONE', #1228, #6962, #6017, .T. ) ;
#2019 = VERTEX_POINT ( 'NONE', #1482 ) ;
#2020 = VECTOR ( 'NONE', #7912, 1000.000000000000000 ) ;
#2021 = LINE ( 'NONE', #9449, #6848 ) ;
#2022 = ADVANCED_FACE ( 'NONE', ( #9104 ), #3768, .T. ) ;
#2023 = ORIENTED_EDGE ( 'NONE', *, *, #709, .F. ) ;
#2024 = FACE_OUTER_BOUND ( 'NONE', #7487, .T. ) ;
#2025 = EDGE_CURVE ( 'NONE', #6471, #1417, #2279, .T. ) ;
#2026 = DIRECTION ( 'NONE',  ( 0.000000000000000000, 0.000000000000000000, 1.000000000000000000 ) ) ;
#2027 = VECTOR ( 'NONE', #6049, 1000.000000000000000 ) ;
#2028 = CARTESIAN_POINT ( 'NONE',  ( -4.475000000000000533, 0.5100000000000008971, 0.3099999999999999423 ) ) ;
#2029 = CARTESIAN_POINT ( 'NONE',  ( 1.940323739037999040, 5.040000000000000924, 7.270000000000000462 ) ) ;
#2030 = CARTESIAN_POINT ( 'NONE',  ( -5.680000000000000604, 2.760000000000000675, 2.319999999999999840 ) ) ;
#2031 = ORIENTED_EDGE ( 'NONE', *, *, #4428, .T. ) ;
#2032 = DIRECTION ( 'NONE',  ( 0.000000000000000000, 1.000000000000000000, 0.000000000000000000 ) ) ;
#2033 = VECTOR ( 'NONE', #1991, 1000.000000000000000 ) ;
#2035 = ORIENTED_EDGE ( 'NONE', *, *, #5017, .T. ) ;
#2034 = DIRECTION ( 'NONE',  ( 1.000000000000000000, 0.000000000000000000, 0.000000000000000000 ) ) ;
#2036 = CARTESIAN_POINT ( 'NONE',  ( -7.940485608557000141, 1.530000000000000915, 7.270000000000000462 ) ) ;
#2037 = LINE ( 'NONE', #4380, #876 ) ;
#2038 = CARTESIAN_POINT ( 'NONE',  ( -5.680000000000000604, 7.115000000000001101, -0.9900000000000004352 ) ) ;
#2039 = DIRECTION ( 'NONE',  ( 0.000000000000000000, 1.000000000000000000, 0.000000000000000000 ) ) ;
#2040 = VERTEX_POINT ( 'NONE', #3815 ) ;
#2041 = CARTESIAN_POINT ( 'NONE',  ( -3.140000000000001013, 5.580000000000000959, 6.519999999999999574 ) ) ;
#2042 = EDGE_CURVE ( 'NONE', #5916, #8478, #7655, .T. ) ;
#2043 = ORIENTED_EDGE ( 'NONE', *, *, #652, .F. ) ;
#2044 = LINE ( 'NONE', #5040, #2779 ) ;
#2045 = CARTESIAN_POINT ( 'NONE',  ( -2.300000000000000711, 7.370000000000000995, 8.379999999999999005 ) ) ;
#2046 = CARTESIAN_POINT ( 'NONE',  ( -2.680000000000001048, 5.120000000000000995, 6.519999999999999574 ) ) ;
#2047 = CARTESIAN_POINT ( 'NONE',  ( -2.680000000000001048, -2.179999999999998828, -0.3199999999999999512 ) ) ;
#2048 = CARTESIAN_POINT ( 'NONE',  ( -2.680000000000001048, 4.889000000000001123, 0.3099999999999999423 ) ) ;
#2049 = ORIENTED_EDGE ( 'NONE', *, *, #2215, .T. ) ;
#2050 = ORIENTED_EDGE ( 'NONE', *, *, #890, .T. ) ;
#2051 = ORIENTED_EDGE ( 'NONE', *, *, #3426, .T. ) ;
#2052 = SURFACE_STYLE_FILL_AREA ( #2848 ) ;
#2053 = B_SPLINE_CURVE_WITH_KNOTS ( 'NONE', 3,
 ( #133, #1781, #4722, #9201 ),
 .UNSPECIFIED., .F., .F.,
 ( 4, 4 ),
 ( 0.000000000000000000, 1.000000000000000000 ),
 .UNSPECIFIED. ) ;
#2054 = EDGE_CURVE ( 'NONE', #50, #8575, #9055, .T. ) ;
#2055 = CARTESIAN_POINT ( 'NONE',  ( 2.324999999999998845, 2.940000000000000835, 0.2799999999999998601 ) ) ;
#2056 = DIRECTION ( 'NONE',  ( 1.000000000000000000, 0.000000000000000000, 0.000000000000000000 ) ) ;
#2057 = DIRECTION ( 'NONE',  ( 1.000000000000000000, 0.000000000000000000, 0.000000000000000000 ) ) ;
#2058 = ORIENTED_EDGE ( 'NONE', *, *, #7169, .T. ) ;
#2059 = ORIENTED_EDGE ( 'NONE', *, *, #4258, .T. ) ;
#2060 = ADVANCED_FACE ( 'NONE', ( #3125 ), #5320, .T. ) ;
#2061 = ORIENTED_EDGE ( 'NONE', *, *, #5245, .T. ) ;
#2062 = PLANE ( 'NONE',  #2104 ) ;
#2063 = DIRECTION ( 'NONE',  ( 0.000000000000000000, 0.000000000000000000, 1.000000000000000000 ) ) ;
#2064 = ORIENTED_EDGE ( 'NONE', *, *, #9437, .T. ) ;
#2065 = EDGE_CURVE ( 'NONE', #8652, #8300, #33, .T. ) ;
#2066 = VECTOR ( 'NONE', #6974, 1000.000000000000000 ) ;
#2067 = CARTESIAN_POINT ( 'NONE',  ( -8.325000000000001066, 3.940000000000000835, 3.964999999999999858 ) ) ;
#2068 = ORIENTED_EDGE ( 'NONE', *, *, #929, .T. ) ;
#2069 = DIRECTION ( 'NONE',  ( 1.000000000000000000, 0.000000000000000000, 0.000000000000000000 ) ) ;
#2070 = DIRECTION ( 'NONE',  ( -0.1744369497454954787, 0.9690941652527760297, -0.1744369497454954787 ) ) ;
#2071 = CARTESIAN_POINT ( 'NONE',  ( -5.680000000000000604, 5.120000000000000995, 5.519999999999999574 ) ) ;
#2073 = EDGE_CURVE ( 'NONE', #7082, #1308, #2331, .T. ) ;
#2072 = LINE ( 'NONE', #443, #2119 ) ;
#2074 = CARTESIAN_POINT ( 'NONE',  ( 0.3199999999999991185, 0.5100000000000008971, -0.3199999999999999512 ) ) ;
#2075 = EDGE_LOOP ( 'NONE', ( #3743, #474, #4817, #5817 ) ) ;
#2076 = EDGE_CURVE ( 'NONE', #708, #9548, #5372, .T. ) ;
#2077 = VECTOR ( 'NONE', #8132, 1000.000000000000000 ) ;
#2078 = FACE_OUTER_BOUND ( 'NONE', #765, .T. ) ;
#2080 = ORIENTED_EDGE ( 'NONE', *, *, #9824, .F. ) ;
#2079 = CARTESIAN_POINT ( 'NONE',  ( 0.3199999999999991185, 4.889000000000001123, -2.680000000000000160 ) ) ;
#2081 = EDGE_CURVE ( 'NONE', #432, #8412, #8394, .T. ) ;
#2082 = AXIS2_PLACEMENT_3D ( 'NONE', #8441, #9300, #86 ) ;
#2083 = DIRECTION ( 'NONE',  ( 1.000000000000000000, 0.000000000000000000, 0.000000000000000000 ) ) ;
#2084 = LINE ( 'NONE', #9519, #5021 ) ;
#2085 = LINE ( 'NONE', #9703, #4287 ) ;
#2086 = CARTESIAN_POINT ( 'NONE',  ( -8.640485608557000319, 4.340000000000000746, 1.269999999999999796 ) ) ;
#2087 = ORIENTED_EDGE ( 'NONE', *, *, #561, .F. ) ;
#2088 = ORIENTED_EDGE ( 'NONE', *, *, #2840, .F. ) ;
#2089 = CARTESIAN_POINT ( 'NONE',  ( -9.574999999999999289, 7.370000000000000995, -0.9900000000000004352 ) ) ;
#2090 = DIRECTION ( 'NONE',  ( 0.000000000000000000, 1.000000000000000000, 0.000000000000000000 ) ) ;
#2091 = EDGE_CURVE ( 'NONE', #2994, #4856, #7463, .T. ) ;
#2092 = CARTESIAN_POINT ( 'NONE',  ( -4.475000000000000533, 0.5100000000000008971, 7.509999999999998899 ) ) ;
#2093 = FACE_OUTER_BOUND ( 'NONE', #5223, .T. ) ;
#2094 = LINE ( 'NONE', #3742, #8884 ) ;
#2095 = VERTEX_POINT ( 'NONE', #5969 ) ;
#2096 = EDGE_LOOP ( 'NONE', ( #7950, #6692, #5679, #4955, #7256, #3803 ) ) ;
#2097 = ORIENTED_EDGE ( 'NONE', *, *, #5245, .F. ) ;
#2098 = CARTESIAN_POINT ( 'NONE',  ( -5.680000000000000604, 4.260000000000000675, -0.9900000000000004352 ) ) ;
#2099 = LINE ( 'NONE', #8182, #8984 ) ;
#2100 = EDGE_CURVE ( 'NONE', #8240, #5346, #9010, .T. ) ;
#2101 = DIRECTION ( 'NONE',  ( 0.000000000000000000, 1.000000000000000000, 0.000000000000000000 ) ) ;
#2102 = CARTESIAN_POINT ( 'NONE',  ( -7.940485608557000141, 6.620000000000000995, 7.270000000000000462 ) ) ;
#2103 = EDGE_LOOP ( 'NONE', ( #2068, #849, #9344, #8881 ) ) ;
#2104 = AXIS2_PLACEMENT_3D ( 'NONE', #5108, #4355, #580 ) ;
#2105 = ORIENTED_EDGE ( 'NONE', *, *, #3774, .T. ) ;
#2106 = CARTESIAN_POINT ( 'NONE',  ( 3.324999999999998845, 0.5100000000000008971, 8.920000000000001705 ) ) ;
#2107 = CARTESIAN_POINT ( 'NONE',  ( -1.730000000000000870, 3.710000000000000409, 8.920000000000001705 ) ) ;
#2108 = VERTEX_POINT ( 'NONE', #9405 ) ;
#2109 = DIRECTION ( 'NONE',  ( 0.000000000000000000, 0.000000000000000000, -1.000000000000000000 ) ) ;
#2110 = ORIENTED_EDGE ( 'NONE', *, *, #1438, .T. ) ;
#2111 = PLANE ( 'NONE',  #2967 ) ;
#2112 = VECTOR ( 'NONE', #2228, 1000.000000000000000 ) ;
#2113 = EDGE_CURVE ( 'NONE', #9028, #4646, #891, .T. ) ;
#2114 = LINE ( 'NONE', #2962, #7077 ) ;
#2115 = DIRECTION ( 'NONE',  ( 0.1744369497454954787, 0.1744369497454954787, -0.9690941652527760297 ) ) ;
#2116 = DIRECTION ( 'NONE',  ( 0.000000000000000000, 0.000000000000000000, -1.000000000000000000 ) ) ;
#2117 = FACE_OUTER_BOUND ( 'NONE', #720, .T. ) ;
#2118 = ORIENTED_EDGE ( 'NONE', *, *, #871, .F. ) ;
#2119 = VECTOR ( 'NONE', #7360, 1000.000000000000000 ) ;
#2120 = VECTOR ( 'NONE', #8606, 1000.000000000000000 ) ;
#2121 = VECTOR ( 'NONE', #8740, 1000.000000000000000 ) ;
#2122 = LINE ( 'NONE', #3625, #2881 ) ;
#2124 = ORIENTED_EDGE ( 'NONE', *, *, #2561, .F. ) ;
#2123 = FACE_OUTER_BOUND ( 'NONE', #8129, .T. ) ;
#2125 = ADVANCED_FACE ( 'NONE', ( #7860 ), #7116, .F. ) ;
#2126 = EDGE_CURVE ( 'NONE', #3751, #8355, #6965, .T. ) ;
#2127 = LINE ( 'NONE', #9606, #1019 ) ;
#2128 = CARTESIAN_POINT ( 'NONE',  ( -6.320000000000001172, 3.940000000000000835, 3.964999999999999858 ) ) ;
#2129 = ADVANCED_FACE ( 'NONE', ( #4118 ), #9305, .F. ) ;
#2130 = VECTOR ( 'NONE', #4964, 1000.000000000000000 ) ;
#2131 = VECTOR ( 'NONE', #790, 1000.000000000000000 ) ;
#2132 = CARTESIAN_POINT ( 'NONE',  ( 0.1399999999999990696, -3.179999999999998828, -3.140000000000000568 ) ) ;
#2133 = EDGE_CURVE ( 'NONE', #377, #6618, #4727, .T. ) ;
#2134 = VECTOR ( 'NONE', #1583, 1000.000000000000000 ) ;
#2135 = FACE_OUTER_BOUND ( 'NONE', #6700, .T. ) ;
#2136 = EDGE_LOOP ( 'NONE', ( #4599, #9579, #5308, #9413 ) ) ;
#2137 = EDGE_CURVE ( 'NONE', #9708, #3353, #241, .T. ) ;
#2138 = VERTEX_POINT ( 'NONE', #2580 ) ;
#2139 = EDGE_CURVE ( 'NONE', #3901, #9028, #8657, .T. ) ;
#2140 = DIRECTION ( 'NONE',  ( 1.000000000000000000, 0.000000000000000000, 0.000000000000000000 ) ) ;
#2141 = VECTOR ( 'NONE', #1132, 1000.000000000000000 ) ;
#2142 = CARTESIAN_POINT ( 'NONE',  ( 3.824999999999999289, 3.365000000000000657, 3.770000000000000018 ) ) ;
#2143 = VECTOR ( 'NONE', #8827, 1000.000000000000000 ) ;
#2144 = VECTOR ( 'NONE', #9607, 1000.000000000000000 ) ;
#2145 = ADVANCED_FACE ( 'NONE', ( #5521 ), #3173, .T. ) ;
#2146 = DIRECTION ( 'NONE',  ( -1.000000000000000000, 0.000000000000000000, 0.000000000000000000 ) ) ;
#2147 = FACE_OUTER_BOUND ( 'NONE', #2136, .T. ) ;
#2148 = VECTOR ( 'NONE', #5981, 1000.000000000000000 ) ;
#2149 = DIRECTION ( 'NONE',  ( 1.000000000000000000, 0.000000000000000000, 0.000000000000000000 ) ) ;
#2150 = PLANE ( 'NONE',  #5543 ) ;
#2151 = ORIENTED_EDGE ( 'NONE', *, *, #8165, .F. ) ;
#2152 = VERTEX_POINT ( 'NONE', #7706 ) ;
#2153 = ORIENTED_EDGE ( 'NONE', *, *, #8778, .F. ) ;
#2154 = CARTESIAN_POINT ( 'NONE',  ( -2.860000000000001208, 2.580000000000000515, 6.519999999999999574 ) ) ;
#2155 = CARTESIAN_POINT ( 'NONE',  ( -2.680000000000001048, 4.889000000000001123, -0.3199999999999999512 ) ) ;
#2156 = LINE ( 'NONE', #6646, #6916 ) ;
#2157 = DIRECTION ( 'NONE',  ( 1.000000000000000000, 0.000000000000000000, 0.000000000000000000 ) ) ;
#2158 = LINE ( 'NONE', #4546, #3851 ) ;
#2159 = EDGE_LOOP ( 'NONE', ( #9590, #137, #6292, #3159 ) ) ;
#2160 = ORIENTED_EDGE ( 'NONE', *, *, #6585, .T. ) ;
#2161 = DIRECTION ( 'NONE',  ( 1.000000000000000000, 0.000000000000000000, 0.000000000000000000 ) ) ;
#2162 = LINE ( 'NONE', #5299, #5005 ) ;
#2163 = VERTEX_POINT ( 'NONE', #2632 ) ;
#2164 = CARTESIAN_POINT ( 'NONE',  ( -5.860000000000000320, -3.179999999999998828, -3.140000000000000568 ) ) ;
#2165 = ADVANCED_FACE ( 'NONE', ( #8500 ), #7813, .F. ) ;
#2166 = ORIENTED_EDGE ( 'NONE', *, *, #9694, .T. ) ;
#2167 = CARTESIAN_POINT ( 'NONE',  ( -2.680000000000001048, 3.620000000000000995, -0.9900000000000004352 ) ) ;
#2168 = ADVANCED_FACE ( 'NONE', ( #7014 ), #190, .T. ) ;
#2169 = CARTESIAN_POINT ( 'NONE',  ( -4.730000000000000426, 1.170000000000000817, 8.920000000000001705 ) ) ;
#2170 = PLANE ( 'NONE',  #7702 ) ;
#2171 = FACE_OUTER_BOUND ( 'NONE', #4912, .T. ) ;
#2172 = ORIENTED_EDGE ( 'NONE', *, *, #3498, .F. ) ;
#2173 = CARTESIAN_POINT ( 'NONE',  ( -3.140000000000001013, 2.300000000000000711, 6.519999999999999574 ) ) ;
#2174 = PLANE ( 'NONE',  #5479 ) ;
#2175 = VECTOR ( 'NONE', #4410, 1000.000000000000114 ) ;
#2176 = ORIENTED_EDGE ( 'NONE', *, *, #8454, .T. ) ;
#2177 = LINE ( 'NONE', #1385, #5904 ) ;
#2178 = EDGE_CURVE ( 'NONE', #7373, #3339, #6415, .T. ) ;
#2179 = APPLICATION_CONTEXT ( 'automotive_design' ) ;
#2181 = ORIENTED_EDGE ( 'NONE', *, *, #4758, .T. ) ;
#2180 = PLANE ( 'NONE',  #8726 ) ;
#2182 = VECTOR ( 'NONE', #3847, 1000.000000000000114 ) ;
#2183 = DIRECTION ( 'NONE',  ( 0.1744369497454954787, 0.9690941652527760297, 0.1744369497454954787 ) ) ;
#2184 = LINE ( 'NONE', #1390, #9310 ) ;
#2185 = LINE ( 'NONE', #7510, #8120 ) ;
#2186 = ORIENTED_EDGE ( 'NONE', *, *, #8071, .T. ) ;
#2187 = VERTEX_POINT ( 'NONE', #5670 ) ;
#2188 = VECTOR ( 'NONE', #3367, 1000.000000000000000 ) ;
#2189 = CARTESIAN_POINT ( 'NONE',  ( -0.3200000000000008393, 2.120000000000000995, 5.519999999999999574 ) ) ;
#2190 = EDGE_CURVE ( 'NONE', #2666, #8507, #4672, .T. ) ;
#2191 = DIRECTION ( 'NONE',  ( 0.000000000000000000, -1.000000000000000000, 0.000000000000000000 ) ) ;
#2192 = ORIENTED_EDGE ( 'NONE', *, *, #2424, .F. ) ;
#2193 = DIRECTION ( 'NONE',  ( 0.000000000000000000, -1.000000000000000000, 0.000000000000000000 ) ) ;
#2194 = VECTOR ( 'NONE', #5482, 1000.000000000000227 ) ;
#2195 = FACE_OUTER_BOUND ( 'NONE', #7526, .T. ) ;
#2196 = ORIENTED_EDGE ( 'NONE', *, *, #4202, .F. ) ;
#2197 = DIRECTION ( 'NONE',  ( 0.000000000000000000, -1.000000000000000000, 0.000000000000000000 ) ) ;
#2198 = LINE ( 'NONE', #8269, #5076 ) ;
#2199 = ORIENTED_EDGE ( 'NONE', *, *, #608, .F. ) ;
#2200 = ORIENTED_EDGE ( 'NONE', *, *, #5067, .F. ) ;
#2201 = ORIENTED_EDGE ( 'NONE', *, *, #3299, .T. ) ;
#2202 = EDGE_CURVE ( 'NONE', #6471, #6782, #2479, .T. ) ;
#2203 = DIRECTION ( 'NONE',  ( 0.000000000000000000, 0.000000000000000000, 1.000000000000000000 ) ) ;
#2204 = CARTESIAN_POINT ( 'NONE',  ( -3.475000000000000977, -2.619615242270999733, 3.319999999999999840 ) ) ;
#2205 = EDGE_CURVE ( 'NONE', #3938, #3217, #4018, .T. ) ;
#2206 = FACE_OUTER_BOUND ( 'NONE', #3782, .T. ) ;
#2207 = ORIENTED_EDGE ( 'NONE', *, *, #5099, .F. ) ;
#2208 = ORIENTED_EDGE ( 'NONE', *, *, #8157, .T. ) ;
#2209 = EDGE_LOOP ( 'NONE', ( #622, #1249, #9585, #4225, #2958, #824 ) ) ;
#2210 = DIRECTION ( 'NONE',  ( -1.000000000000000000, 0.000000000000000000, 0.000000000000000000 ) ) ;
#2211 = ORIENTED_EDGE ( 'NONE', *, *, #3098, .F. ) ;
#2212 = CARTESIAN_POINT ( 'NONE',  ( -3.475000000000000977, 0.5100000000000008971, 7.509999999999998899 ) ) ;
#2213 = ORIENTED_EDGE ( 'NONE', *, *, #6440, .T. ) ;
#2214 = DIRECTION ( 'NONE',  ( 0.000000000000000000, 0.000000000000000000, -1.000000000000000000 ) ) ;
#2215 = EDGE_CURVE ( 'NONE', #8612, #152, #7959, .T. ) ;
#2216 = DIRECTION ( 'NONE',  ( 0.000000000000000000, -1.000000000000000000, 0.000000000000000000 ) ) ;
#2217 = DIRECTION ( 'NONE',  ( 1.000000000000000000, 0.000000000000000000, 0.000000000000000000 ) ) ;
#2218 = ORIENTED_EDGE ( 'NONE', *, *, #4247, .T. ) ;
#2219 = FACE_OUTER_BOUND ( 'NONE', #9014, .T. ) ;
#2220 = VECTOR ( 'NONE', #3530, 1000.000000000000000 ) ;
#2221 = CARTESIAN_POINT ( 'NONE',  ( -3.320000000000000728, 5.540000000000000924, -0.9900000000000004352 ) ) ;
#2222 = CARTESIAN_POINT ( 'NONE',  ( -2.525000000000000799, -1.749999999999998890, 4.320000000000000284 ) ) ;
#2223 = ORIENTED_EDGE ( 'NONE', *, *, #7783, .F. ) ;
#2224 = DIRECTION ( 'NONE',  ( 0.000000000000000000, 0.000000000000000000, -1.000000000000000000 ) ) ;
#2226 = ORIENTED_EDGE ( 'NONE', *, *, #3472, .F. ) ;
#2225 = LINE ( 'NONE', #9008, #5062 ) ;
#2227 = FACE_BOUND ( 'NONE', #4478, .T. ) ;
#2228 = DIRECTION ( 'NONE',  ( 0.000000000000000000, 0.000000000000000000, -1.000000000000000000 ) ) ;
#2229 = PLANE ( 'NONE',  #4214 ) ;
#2230 = PLANE ( 'NONE',  #4785 ) ;
#2231 = AXIS2_PLACEMENT_3D ( 'NONE', #2766, #5111, #1324 ) ;
#2232 = ADVANCED_FACE ( 'NONE', ( #5025, #1981 ), #2679, .T. ) ;
#2233 = ORIENTED_EDGE ( 'NONE', *, *, #7367, .T. ) ;
#2234 = ORIENTED_EDGE ( 'NONE', *, *, #5141, .T. ) ;
#2235 = DIRECTION ( 'NONE',  ( 0.000000000000000000, 0.000000000000000000, 1.000000000000000000 ) ) ;
#2236 = FACE_OUTER_BOUND ( 'NONE', #3376, .T. ) ;
#2237 = VECTOR ( 'NONE', #8521, 1000.000000000000000 ) ;
#2238 = ORIENTED_EDGE ( 'NONE', *, *, #9331, .T. ) ;
#2239 = EDGE_CURVE ( 'NONE', #6381, #7599, #8055, .T. ) ;
#2240 = CARTESIAN_POINT ( 'NONE',  ( -5.680000000000000604, 0.5100000000000008971, 0.3199999999999999512 ) ) ;
#2241 = LINE ( 'NONE', #3133, #641 ) ;
#2242 = VERTEX_POINT ( 'NONE', #8753 ) ;
#2243 = CARTESIAN_POINT ( 'NONE',  ( 0.1399999999999990696, 2.300000000000000711, 6.519999999999999574 ) ) ;
#2244 = CARTESIAN_POINT ( 'NONE',  ( -0.3200000000000008393, 2.120000000000000995, 2.319999999999999840 ) ) ;
#2245 = VECTOR ( 'NONE', #8859, 1000.000000000000000 ) ;
#2246 = ORIENTED_EDGE ( 'NONE', *, *, #7991, .F. ) ;
#2247 = VERTEX_POINT ( 'NONE', #1238 ) ;
#2248 = EDGE_CURVE ( 'NONE', #7897, #8715, #8802, .T. ) ;
#2249 = LINE ( 'NONE', #9031, #8765 ) ;
#2250 = DIRECTION ( 'NONE',  ( 0.000000000000000000, 0.000000000000000000, 1.000000000000000000 ) ) ;
#2251 = ADVANCED_FACE ( 'NONE', ( #1931 ), #7308, .T. ) ;
#2252 = EDGE_CURVE ( 'NONE', #6462, #4257, #1186, .T. ) ;
#2253 = ADVANCED_FACE ( 'NONE', ( #439 ), #4923, .T. ) ;
#2254 = FACE_OUTER_BOUND ( 'NONE', #8734, .T. ) ;
#2255 = ORIENTED_EDGE ( 'NONE', *, *, #433, .F. ) ;
#2256 = ORIENTED_EDGE ( 'NONE', *, *, #7003, .F. ) ;
#2257 = CARTESIAN_POINT ( 'NONE',  ( -4.179155998994001031, -2.235628634123998815, 5.320000000000000284 ) ) ;
#2258 = DIRECTION ( 'NONE',  ( 0.000000000000000000, 0.000000000000000000, 1.000000000000000000 ) ) ;
#2259 = ORIENTED_EDGE ( 'NONE', *, *, #9748, .F. ) ;
#2260 = EDGE_CURVE ( 'NONE', #4892, #3989, #3470, .T. ) ;
#2261 = EDGE_CURVE ( 'NONE', #782, #1430, #7515, .T. ) ;
#2262 = FACE_OUTER_BOUND ( 'NONE', #5668, .T. ) ;
#2263 = VERTEX_POINT ( 'NONE', #1443 ) ;
#2264 = DIRECTION ( 'NONE',  ( -1.000000000000000000, 0.000000000000000000, 0.000000000000000000 ) ) ;
#2265 = DIRECTION ( 'NONE',  ( 0.000000000000000000, -1.000000000000000000, 0.000000000000000000 ) ) ;
#2266 = VECTOR ( 'NONE', #9332, 1000.000000000000000 ) ;
#2267 = LINE ( 'NONE', #9690, #1657 ) ;
#2268 = VERTEX_POINT ( 'NONE', #5379 ) ;
#2269 = CARTESIAN_POINT ( 'NONE',  ( -4.270000000000001350, 1.870000000000000995, 8.920000000000001705 ) ) ;
#2270 = LINE ( 'NONE', #8295, #4191 ) ;
#2271 = DIRECTION ( 'NONE',  ( -1.000000000000000000, 0.000000000000000000, 0.000000000000000000 ) ) ;
#2272 = ORIENTED_EDGE ( 'NONE', *, *, #3821, .F. ) ;
#2273 = DIRECTION ( 'NONE',  ( 0.000000000000000000, 0.000000000000000000, 1.000000000000000000 ) ) ;
#2274 = AXIS2_PLACEMENT_3D ( 'NONE', #5202, #6890, #5251 ) ;
#2276 = EDGE_LOOP ( 'NONE', ( #8095, #1156, #5501, #258, #2051, #9005 ) ) ;
#2275 = DIRECTION ( 'NONE',  ( -1.000000000000000000, 0.000000000000000000, 0.000000000000000000 ) ) ;
#2277 = LINE ( 'NONE', #9843, #3760 ) ;
#2278 = EDGE_CURVE ( 'NONE', #1517, #7092, #4479, .T. ) ;
#2279 = LINE ( 'NONE', #8446, #1335 ) ;
#2280 = DIRECTION ( 'NONE',  ( 0.000000000000000000, 0.000000000000000000, -1.000000000000000000 ) ) ;
#2281 = CARTESIAN_POINT ( 'NONE',  ( -5.680000000000000604, 5.120000000000000995, 5.519999999999999574 ) ) ;
#2282 = ORIENTED_EDGE ( 'NONE', *, *, #256, .F. ) ;
#2283 = CARTESIAN_POINT ( 'NONE',  ( 0.3199999999999991185, 4.889000000000001123, -2.680000000000000160 ) ) ;
#2284 = VECTOR ( 'NONE', #5805, 1000.000000000000000 ) ;
#2285 = ORIENTED_EDGE ( 'NONE', *, *, #795, .F. ) ;
#2286 = DIRECTION ( 'NONE',  ( 0.000000000000000000, 1.000000000000000000, 0.000000000000000000 ) ) ;
#2287 = PLANE ( 'NONE',  #2974 ) ;
#2288 = VECTOR ( 'NONE', #5028, 1000.000000000000000 ) ;
#2289 = EDGE_CURVE ( 'NONE', #427, #7649, #4431, .T. ) ;
#2290 = ORIENTED_EDGE ( 'NONE', *, *, #499, .F. ) ;
#2291 = VECTOR ( 'NONE', #2337, 1000.000000000000000 ) ;
#2292 = VECTOR ( 'NONE', #79, 1000.000000000000000 ) ;
#2293 = CARTESIAN_POINT ( 'NONE',  ( -5.680000000000000604, 3.940000000000000835, 3.964999999999999858 ) ) ;
#2294 = LINE ( 'NONE', #9168, #3657 ) ;
#2295 = ORIENTED_EDGE ( 'NONE', *, *, #676, .T. ) ;
#2296 = DIRECTION ( 'NONE',  ( 0.000000000000000000, -1.000000000000000000, 0.000000000000000000 ) ) ;
#2297 = CARTESIAN_POINT ( 'NONE',  ( -5.680000000000000604, 3.620000000000000995, -0.3199999999999999512 ) ) ;
#2298 = ORIENTED_EDGE ( 'NONE', *, *, #5888, .T. ) ;
#2299 = VERTEX_POINT ( 'NONE', #1544 ) ;
#2300 = AXIS2_PLACEMENT_3D ( 'NONE', #3413, #2764, #8700 ) ;
#2301 = VECTOR ( 'NONE', #9047, 1000.000000000000000 ) ;
#2302 = AXIS2_PLACEMENT_3D ( 'NONE', #5026, #1278, #8056 ) ;
#2303 = CARTESIAN_POINT ( 'NONE',  ( -3.320000000000000728, 4.889000000000001123, -0.3199999999999999512 ) ) ;
#2304 = CARTESIAN_POINT ( 'NONE',  ( -3.320000000000000728, 5.540000000000000924, -0.3199999999999999512 ) ) ;
#2305 = ADVANCED_FACE ( 'NONE', ( #4625 ), #7660, .F. ) ;
#2306 = VECTOR ( 'NONE', #3642, 1000.000000000000000 ) ;
#2307 = LINE ( 'NONE', #4594, #6186 ) ;
#2308 = ORIENTED_EDGE ( 'NONE', *, *, #7746, .F. ) ;
#2309 = VERTEX_POINT ( 'NONE', #6073 ) ;
#2310 = DIRECTION ( 'NONE',  ( -1.000000000000000000, 0.000000000000000000, 0.000000000000000000 ) ) ;
#2311 = LINE ( 'NONE', #3704, #1045 ) ;
#2312 = VERTEX_POINT ( 'NONE', #3079 ) ;
#2313 = DIRECTION ( 'NONE',  ( -1.000000000000000000, 0.000000000000000000, 0.000000000000000000 ) ) ;
#2314 = VERTEX_POINT ( 'NONE', #6127 ) ;
#2315 = LINE ( 'NONE', #4654, #1396 ) ;
#2316 = ADVANCED_FACE ( 'NONE', ( #6771 ), #9015, .T. ) ;
#2317 = DIRECTION ( 'NONE',  ( -1.000000000000000000, 0.000000000000000000, 0.000000000000000000 ) ) ;
#2318 = EDGE_CURVE ( 'NONE', #50, #7884, #3822, .T. ) ;
#2319 = DIRECTION ( 'NONE',  ( 1.000000000000000000, 0.000000000000000000, 0.000000000000000000 ) ) ;
#2320 = EDGE_LOOP ( 'NONE', ( #3409, #5038, #4205, #568, #4987, #5807 ) ) ;
#2321 = DIRECTION ( 'NONE',  ( 0.000000000000000000, -1.000000000000000000, 0.000000000000000000 ) ) ;
#2322 = CARTESIAN_POINT ( 'NONE',  ( -4.270000000000001350, 4.870000000000000995, 8.920000000000001705 ) ) ;
#2323 = CARTESIAN_POINT ( 'NONE',  ( -6.140000000000001457, -3.179999999999998828, -0.1400000000000003741 ) ) ;
#2324 = ORIENTED_EDGE ( 'NONE', *, *, #8183, .F. ) ;
#2325 = EDGE_CURVE ( 'NONE', #2811, #429, #4542, .T. ) ;
#2326 = EDGE_CURVE ( 'NONE', #7795, #7894, #6920, .T. ) ;
#2327 = CARTESIAN_POINT ( 'NONE',  ( 0.3199999999999991185, 2.760000000000000675, 5.519999999999999574 ) ) ;
#2329 = VERTEX_POINT ( 'NONE', #7571 ) ;
#2328 = CYLINDRICAL_SURFACE ( 'NONE', #762, 1.000000000000000000 ) ;
#2330 = FACE_OUTER_BOUND ( 'NONE', #6740, .T. ) ;
#2331 = LINE ( 'NONE', #4424, #4670 ) ;
#2332 = CARTESIAN_POINT ( 'NONE',  ( -6.320000000000001172, 2.120000000000000995, 2.319999999999999840 ) ) ;
#2333 = EDGE_CURVE ( 'NONE', #2768, #7599, #8963, .T. ) ;
#2334 = FACE_OUTER_BOUND ( 'NONE', #2505, .T. ) ;
#2335 = ORIENTED_EDGE ( 'NONE', *, *, #3379, .T. ) ;
#2336 = VERTEX_POINT ( 'NONE', #5924 ) ;
#2337 = DIRECTION ( 'NONE',  ( 1.000000000000000000, 0.000000000000000000, 0.000000000000000000 ) ) ;
#2338 = VECTOR ( 'NONE', #1277, 1000.000000000000000 ) ;
#2339 = CARTESIAN_POINT ( 'NONE',  ( 1.940485608556998587, 4.690000000000000391, 3.770000000000000462 ) ) ;
#2340 = DIRECTION ( 'NONE',  ( 0.000000000000000000, 0.000000000000000000, 1.000000000000000000 ) ) ;
#2341 = EDGE_CURVE ( 'NONE', #6184, #377, #6023, .T. ) ;
#2342 = DIRECTION ( 'NONE',  ( 0.000000000000000000, 0.000000000000000000, 1.000000000000000000 ) ) ;
#2343 = PLANE ( 'NONE',  #6698 ) ;
#2344 = EDGE_LOOP ( 'NONE', ( #4291, #9094, #3347, #8790 ) ) ;
#2345 = PLANE ( 'NONE',  #3873 ) ;
#2346 = VECTOR ( 'NONE', #1571, 1000.000000000000000 ) ;
#2347 = LINE ( 'NONE', #1553, #6734 ) ;
#2348 = ORIENTED_EDGE ( 'NONE', *, *, #8200, .T. ) ;
#2349 = ORIENTED_EDGE ( 'NONE', *, *, #2239, .T. ) ;
#2350 = ORIENTED_EDGE ( 'NONE', *, *, #788, .T. ) ;
#2351 = LINE ( 'NONE', #810, #7178 ) ;
#2352 = DIRECTION ( 'NONE',  ( 0.000000000000000000, 0.000000000000000000, -1.000000000000000000 ) ) ;
#2353 = AXIS2_PLACEMENT_3D ( 'NONE', #7856, #3466, #7810 ) ;
#2354 = FACE_OUTER_BOUND ( 'NONE', #9532, .T. ) ;
#2355 = ORIENTED_EDGE ( 'NONE', *, *, #5612, .F. ) ;
#2356 = ORIENTED_EDGE ( 'NONE', *, *, #1312, .F. ) ;
#2357 = ORIENTED_EDGE ( 'NONE', *, *, #8160, .T. ) ;
#2358 = EDGE_CURVE ( 'NONE', #183, #7941, #5227, .T. ) ;
#2359 = DIRECTION ( 'NONE',  ( 1.000000000000000000, 0.000000000000000000, 0.000000000000000000 ) ) ;
#2360 = LINE ( 'NONE', #1667, #7251 ) ;
#2361 = ORIENTED_EDGE ( 'NONE', *, *, #5172, .T. ) ;
#2362 = CARTESIAN_POINT ( 'NONE',  ( -9.574999999999999289, 4.515000000000000568, 1.269999999999999796 ) ) ;
#2363 = ORIENTED_EDGE ( 'NONE', *, *, #1108, .F. ) ;
#2364 = LINE ( 'NONE', #6152, #5991 ) ;
#2365 = EDGE_CURVE ( 'NONE', #8001, #6889, #5182, .T. ) ;
#2366 = LINE ( 'NONE', #4005, #8978 ) ;
#2367 = CARTESIAN_POINT ( 'NONE',  ( -3.320000000000000728, 2.760000000000000675, 2.319999999999999840 ) ) ;
#2368 = VERTEX_POINT ( 'NONE', #2932 ) ;
#2369 = CARTESIAN_POINT ( 'NONE',  ( -9.574999999999999289, 7.370000000000000995, -0.9900000000000004352 ) ) ;
#2370 = ADVANCED_FACE ( 'NONE', ( #3776 ), #7471, .T. ) ;
#2371 = CARTESIAN_POINT ( 'NONE',  ( -5.860000000000000320, 5.580000000000000959, 6.519999999999999574 ) ) ;
#2372 = DIRECTION ( 'NONE',  ( 1.000000000000000000, 0.000000000000000000, 0.000000000000000000 ) ) ;
#2373 = VERTEX_POINT ( 'NONE', #8259 ) ;
#2374 = CARTESIAN_POINT ( 'NONE',  ( -7.940161869519001492, 2.840000000000000302, 3.770000000000000018 ) ) ;
#2375 = CARTESIAN_POINT ( 'NONE',  ( -2.300000000000000711, 8.769999999999999574, 5.969999999999999751 ) ) ;
#2377 = ORIENTED_EDGE ( 'NONE', *, *, #1722, .F. ) ;
#2376 = CARTESIAN_POINT ( 'NONE',  ( -6.320000000000001172, 5.760000000000001563, 2.319999999999999840 ) ) ;
#2378 = LINE ( 'NONE', #1304, #1545 ) ;
#2379 = CARTESIAN_POINT ( 'NONE',  ( 0.3199999999999991185, -2.179999999999998828, -0.3199999999999999512 ) ) ;
#2380 = FACE_OUTER_BOUND ( 'NONE', #6240, .T. ) ;
#2381 = ADVANCED_FACE ( 'NONE', ( #8509 ), #3978, .T. ) ;
#2382 = EDGE_CURVE ( 'NONE', #7373, #2667, #3129, .T. ) ;
#2383 = CARTESIAN_POINT ( 'NONE',  ( -3.000000000000000888, -2.679999999999999272, -3.230000000000000426 ) ) ;
#2384 = VERTEX_POINT ( 'NONE', #6269 ) ;
#2385 = LINE ( 'NONE', #3282, #7395 ) ;
#2386 = DIRECTION ( 'NONE',  ( -1.000000000000000000, 0.000000000000000000, 0.000000000000000000 ) ) ;
#2387 = AXIS2_PLACEMENT_3D ( 'NONE', #7846, #6950, #123 ) ;
#2388 = EDGE_CURVE ( 'NONE', #3901, #432, #146, .T. ) ;
#2389 = DIRECTION ( 'NONE',  ( 1.000000000000000000, 0.000000000000000000, 0.000000000000000000 ) ) ;
#2390 = VECTOR ( 'NONE', #2410, 1000.000000000000227 ) ;
#2391 = DIRECTION ( 'NONE',  ( 0.000000000000000000, 0.000000000000000000, -1.000000000000000000 ) ) ;
#2392 = LINE ( 'NONE', #1644, #7794 ) ;
#2393 = CARTESIAN_POINT ( 'NONE',  ( -1.270000000000000906, 6.710000000000000853, 2.319999999999999840 ) ) ;
#2394 = VERTEX_POINT ( 'NONE', #197 ) ;
#2395 = FACE_OUTER_BOUND ( 'NONE', #7919, .T. ) ;
#2396 = CARTESIAN_POINT ( 'NONE',  ( 1.269999999999999352, 1.170000000000000817, 8.920000000000001705 ) ) ;
#2397 = ORIENTED_EDGE ( 'NONE', *, *, #9079, .T. ) ;
#2398 = ORIENTED_EDGE ( 'NONE', *, *, #192, .F. ) ;
#2399 = VECTOR ( 'NONE', #8440, 1000.000000000000000 ) ;
#2400 = FACE_OUTER_BOUND ( 'NONE', #8584, .T. ) ;
#2401 = FACE_OUTER_BOUND ( 'NONE', #8080, .T. ) ;
#2402 = AXIS2_PLACEMENT_3D ( 'NONE', #8763, #4079, #5773 ) ;
#2403 = CARTESIAN_POINT ( 'NONE',  ( -9.324999999999999289, 8.673617379884035472E-16, 5.750000000000000000 ) ) ;
#2404 = ORIENTED_EDGE ( 'NONE', *, *, #6401, .T. ) ;
#2405 = ORIENTED_EDGE ( 'NONE', *, *, #6626, .T. ) ;
#2406 = ORIENTED_EDGE ( 'NONE', *, *, #3317, .F. ) ;
#2407 = DIRECTION ( 'NONE',  ( 0.000000000000000000, 1.000000000000000000, 0.000000000000000000 ) ) ;
#2408 = CARTESIAN_POINT ( 'NONE',  ( 2.640485608556998987, 3.540000000000000480, 1.269999999999999796 ) ) ;
#2409 = ORIENTED_EDGE ( 'NONE', *, *, #1871, .T. ) ;
#2410 = DIRECTION ( 'NONE',  ( -0.1744369497454954787, 0.9690941652527760297, 0.1744369497454954787 ) ) ;
#2411 = ORIENTED_EDGE ( 'NONE', *, *, #9448, .F. ) ;
#2412 = EDGE_CURVE ( 'NONE', #363, #5709, #8451, .T. ) ;
#2413 = CARTESIAN_POINT ( 'NONE',  ( -3.320000000000000728, 2.760000000000000675, -0.3199999999999999512 ) ) ;
#2414 = CARTESIAN_POINT ( 'NONE',  ( 1.269999999999999352, 3.710000000000000409, 2.319999999999999840 ) ) ;
#2415 = ORIENTED_EDGE ( 'NONE', *, *, #6260, .F. ) ;
#2416 = CARTESIAN_POINT ( 'NONE',  ( -8.340485608557001385, 3.365000000000000657, 1.169999999999999707 ) ) ;
#2417 = CARTESIAN_POINT ( 'NONE',  ( 0.3199999999999991185, 4.889000000000001123, 0.3099999999999999423 ) ) ;
#2418 = ORIENTED_EDGE ( 'NONE', *, *, #7261, .F. ) ;
#2419 = CARTESIAN_POINT ( 'NONE',  ( 3.574999999999999289, 2.840000000000000302, 3.770000000000000018 ) ) ;
#2420 = CARTESIAN_POINT ( 'NONE',  ( 2.340485608556998720, 4.340000000000000746, 1.269999999999999796 ) ) ;
#2422 = ORIENTED_EDGE ( 'NONE', *, *, #9022, .F. ) ;
#2421 = DIRECTION ( 'NONE',  ( 0.000000000000000000, -0.9841833239736893502, 0.1771529983152980714 ) ) ;
#2423 = LINE ( 'NONE', #6215, #7118 ) ;
#2424 = EDGE_CURVE ( 'NONE', #1608, #3829, #7022, .T. ) ;
#2425 = LINE ( 'NONE', #8501, #5008 ) ;
#2426 = LINE ( 'NONE', #2481, #4296 ) ;
#2427 = DIRECTION ( 'NONE',  ( -1.000000000000000000, 0.000000000000000000, 0.000000000000000000 ) ) ;
#2428 = ORIENTED_EDGE ( 'NONE', *, *, #3037, .F. ) ;
#2429 = DIRECTION ( 'NONE',  ( -0.9370821148326586858, 0.3491090231729219173, 0.000000000000000000 ) ) ;
#2430 = EDGE_CURVE ( 'NONE', #8105, #6054, #9216, .T. ) ;
#2431 = PLANE ( 'NONE',  #2663 ) ;
#2432 = CARTESIAN_POINT ( 'NONE',  ( -6.320000000000001172, 3.940000000000000835, 3.964999999999999858 ) ) ;
#2433 = AXIS2_PLACEMENT_3D ( 'NONE', #4840, #9419, #9475 ) ;
#2434 = CARTESIAN_POINT ( 'NONE',  ( -9.324999999999999289, 8.673617379884035472E-16, -0.9900000000000004352 ) ) ;
#2435 = EDGE_CURVE ( 'NONE', #5192, #6578, #8558, .T. ) ;
#2436 = DIRECTION ( 'NONE',  ( 0.1771529983152980992, -0.9841833239736893502, 0.000000000000000000 ) ) ;
#2437 = ORIENTED_EDGE ( 'NONE', *, *, #8469, .T. ) ;
#2438 = CARTESIAN_POINT ( 'NONE',  ( -0.3200000000000008393, 1.160000000000000808, -0.3199999999999999512 ) ) ;
#2439 = EDGE_CURVE ( 'NONE', #6184, #4108, #6174, .T. ) ;
#2440 = ORIENTED_EDGE ( 'NONE', *, *, #8694, .T. ) ;
#2441 = ORIENTED_EDGE ( 'NONE', *, *, #8586, .F. ) ;
#2442 = CARTESIAN_POINT ( 'NONE',  ( -5.680000000000000604, 3.620000000000000995, 0.3099999999999999423 ) ) ;
#2443 = EDGE_CURVE ( 'NONE', #1550, #7743, #896, .T. ) ;
#2444 = AXIS2_PLACEMENT_3D ( 'NONE', #3758, #6801, #5309 ) ;
#2445 = VECTOR ( 'NONE', #6971, 1000.000000000000000 ) ;
#2446 = CARTESIAN_POINT ( 'NONE',  ( -6.140000000000001457, -3.179999999999998828, -2.860000000000000764 ) ) ;
#2447 = AXIS2_PLACEMENT_3D ( 'NONE', #5723, #7270, #5768 ) ;
#2448 = ADVANCED_FACE ( 'NONE', ( #9261 ), #1694, .F. ) ;
#2449 = DIRECTION ( 'NONE',  ( 0.000000000000000000, 1.000000000000000000, 0.000000000000000000 ) ) ;
#2450 = CIRCLE ( 'NONE', #8023, 0.7499999999999997780 ) ;
#2451 = VECTOR ( 'NONE', #803, 1000.000000000000000 ) ;
#2452 = CARTESIAN_POINT ( 'NONE',  ( -3.475000000000000977, -2.929999999999999272, 4.852124141977799177 ) ) ;
#2453 = EDGE_LOOP ( 'NONE', ( #1030, #1880, #8742, #4123 ) ) ;
#2454 = EDGE_LOOP ( 'NONE', ( #6191, #8689, #9492, #4691 ) ) ;
#2455 = AXIS2_PLACEMENT_3D ( 'NONE', #6299, #9341, #3157 ) ;
#2456 = ORIENTED_EDGE ( 'NONE', *, *, #2018, .F. ) ;
#2457 = LINE ( 'NONE', #1016, #8800 ) ;
#2458 = CARTESIAN_POINT ( 'NONE',  ( -7.270000000000001350, 4.870000000000000995, 2.319999999999999840 ) ) ;
#2459 = ORIENTED_EDGE ( 'NONE', *, *, #2139, .T. ) ;
#2460 = DIRECTION ( 'NONE',  ( 0.000000000000000000, -1.000000000000000000, 0.000000000000000000 ) ) ;
#2461 = AXIS2_PLACEMENT_3D ( 'NONE', #4535, #9115, #5926 ) ;
#2462 = VERTEX_POINT ( 'NONE', #7032 ) ;
#2463 = AXIS2_PLACEMENT_3D ( 'NONE', #7730, #4593, #4644 ) ;
#2464 = VECTOR ( 'NONE', #3229, 1000.000000000000000 ) ;
#2465 = LINE ( 'NONE', #3955, #6751 ) ;
#2466 = EDGE_CURVE ( 'NONE', #9009, #1761, #1753, .T. ) ;
#2467 = CARTESIAN_POINT ( 'NONE',  ( -9.574999999999999289, 2.840000000000000302, 3.770000000000000018 ) ) ;
#2468 = ORIENTED_EDGE ( 'NONE', *, *, #3401, .T. ) ;
#2469 = VERTEX_POINT ( 'NONE', #9423 ) ;
#2470 = PLANE ( 'NONE',  #9758 ) ;
#2471 = CARTESIAN_POINT ( 'NONE',  ( -9.324999999999999289, 8.673617379884035472E-16, -0.9900000000000004352 ) ) ;
#2472 = ORIENTED_EDGE ( 'NONE', *, *, #7556, .F. ) ;
#2473 = EDGE_CURVE ( 'NONE', #6683, #6268, #3990, .T. ) ;
#2474 = DIRECTION ( 'NONE',  ( 0.000000000000000000, 0.000000000000000000, -1.000000000000000000 ) ) ;
#2475 = LINE ( 'NONE', #6960, #1606 ) ;
#2477 = VERTEX_POINT ( 'NONE', #209 ) ;
#2476 = DIRECTION ( 'NONE',  ( 0.000000000000000000, 1.000000000000000000, 0.000000000000000000 ) ) ;
#2478 = DIRECTION ( 'NONE',  ( 0.000000000000000000, -0.6447027996602189281, 0.7644333195971219075 ) ) ;
#2479 = LINE ( 'NONE', #1736, #4039 ) ;
#2480 = LINE ( 'NONE', #9257, #8826 ) ;
#2481 = CARTESIAN_POINT ( 'NONE',  ( -2.860000000000001208, -3.179999999999998828, 0.1399999999999999301 ) ) ;
#2482 = CARTESIAN_POINT ( 'NONE',  ( 1.940485608556998587, 4.515000000000000568, 1.169999999999999707 ) ) ;
#2483 = DIRECTION ( 'NONE',  ( 0.000000000000000000, 1.000000000000000000, 0.000000000000000000 ) ) ;
#2484 = ORIENTED_EDGE ( 'NONE', *, *, #4320, .T. ) ;
#2485 = EDGE_CURVE ( 'NONE', #9732, #7479, #4137, .T. ) ;
#2486 = LINE ( 'NONE', #4027, #8493 ) ;
#2487 = CARTESIAN_POINT ( 'NONE',  ( -7.940485608557000141, 1.530000000000000915, 8.920000000000001705 ) ) ;
#2488 = CARTESIAN_POINT ( 'NONE',  ( -7.270000000000001350, 1.870000000000000995, 8.920000000000001705 ) ) ;
#2489 = PLANE ( 'NONE',  #7768 ) ;
#2490 = CARTESIAN_POINT ( 'NONE',  ( -3.320000000000000728, 7.370000000000000995, -0.9900000000000004352 ) ) ;
#2491 = DIRECTION ( 'NONE',  ( 1.000000000000000000, 0.000000000000000000, 0.000000000000000000 ) ) ;
#2492 = ORIENTED_EDGE ( 'NONE', *, *, #7513, .F. ) ;
#2493 = DIRECTION ( 'NONE',  ( 0.000000000000000000, 0.000000000000000000, -1.000000000000000000 ) ) ;
#2494 = VERTEX_POINT ( 'NONE', #4037 ) ;
#2495 = VERTEX_POINT ( 'NONE', #4844 ) ;
#2496 = ADVANCED_FACE ( 'NONE', ( #7780 ), #1061, .T. ) ;
#2497 = VECTOR ( 'NONE', #1952, 1000.000000000000000 ) ;
#2498 = DIRECTION ( 'NONE',  ( 0.000000000000000000, 0.000000000000000000, -1.000000000000000000 ) ) ;
#2499 = CARTESIAN_POINT ( 'NONE',  ( -9.324999999999999289, 7.370000000000000995, 2.319999999999999840 ) ) ;
#2500 = CARTESIAN_POINT ( 'NONE',  ( -3.570000000000001172, 4.170000000000000817, 2.319999999999999840 ) ) ;
#2501 = VECTOR ( 'NONE', #3777, 1000.000000000000227 ) ;
#2502 = EDGE_CURVE ( 'NONE', #8867, #5896, #1653, .T. ) ;
#2503 = FACE_OUTER_BOUND ( 'NONE', #8372, .T. ) ;
#2504 = ORIENTED_EDGE ( 'NONE', *, *, #7740, .F. ) ;
#2505 = EDGE_LOOP ( 'NONE', ( #1922, #4281, #3884, #3689 ) ) ;
#2506 = VERTEX_POINT ( 'NONE', #1803 ) ;
#2507 = CARTESIAN_POINT ( 'NONE',  ( -3.320000000000000728, 5.760000000000001563, 5.519999999999999574 ) ) ;
#2508 = CARTESIAN_POINT ( 'NONE',  ( 1.940323739037999040, 5.040000000000000924, 7.270000000000000462 ) ) ;
#2509 = ORIENTED_EDGE ( 'NONE', *, *, #5216, .T. ) ;
#2510 = VECTOR ( 'NONE', #5730, 1000.000000000000000 ) ;
#2511 = ADVANCED_FACE ( 'NONE', ( #9479 ), #7186, .F. ) ;
#2512 = ORIENTED_EDGE ( 'NONE', *, *, #1918, .F. ) ;
#2513 = PLANE ( 'NONE',  #1906 ) ;
#2514 = PLANE ( 'NONE',  #1024 ) ;
#2515 = VERTEX_POINT ( 'NONE', #2546 ) ;
#2516 = EDGE_LOOP ( 'NONE', ( #4305, #4393, #9557, #7031 ) ) ;
#2517 = ORIENTED_EDGE ( 'NONE', *, *, #4878, .F. ) ;
#2518 = CARTESIAN_POINT ( 'NONE',  ( -2.860000000000001208, 5.580000000000000959, 6.519999999999999574 ) ) ;
#2519 = PLANE ( 'NONE',  #2934 ) ;
#2520 = ORIENTED_EDGE ( 'NONE', *, *, #9116, .T. ) ;
#2521 = AXIS2_PLACEMENT_3D ( 'NONE', #4439, #8314, #3643 ) ;
#2522 = DIRECTION ( 'NONE',  ( -0.000000000000000000, 1.000000000000000000, 0.000000000000000000 ) ) ;
#2523 = LINE ( 'NONE', #7909, #1291 ) ;
#2524 = EDGE_CURVE ( 'NONE', #3707, #1501, #5539, .T. ) ;
#2526 = ORIENTED_EDGE ( 'NONE', *, *, #9631, .T. ) ;
#2525 = DIRECTION ( 'NONE',  ( 0.000000000000000000, 1.000000000000000000, 0.000000000000000000 ) ) ;
#2527 = CARTESIAN_POINT ( 'NONE',  ( -2.300000000000000711, 8.769999999999999574, 6.720000000000000639 ) ) ;
#2528 = DIRECTION ( 'NONE',  ( 0.000000000000000000, -1.000000000000000000, 0.000000000000000000 ) ) ;
#2529 = DIRECTION ( 'NONE',  ( 0.000000000000000000, 0.000000000000000000, 1.000000000000000000 ) ) ;
#2530 = CARTESIAN_POINT ( 'NONE',  ( 3.324999999999998845, -3.179999999999998828, 5.320000000000000284 ) ) ;
#2531 = LINE ( 'NONE', #9312, #959 ) ;
#2532 = ORIENTED_EDGE ( 'NONE', *, *, #3681, .T. ) ;
#2533 = EDGE_LOOP ( 'NONE', ( #864, #3572, #6780, #1146, #1826 ) ) ;
#2534 = LINE ( 'NONE', #7614, #2131 ) ;
#2535 = CARTESIAN_POINT ( 'NONE',  ( 0.3199999999999991185, 4.889000000000001123, 0.3099999999999999423 ) ) ;
#2536 = CARTESIAN_POINT ( 'NONE',  ( 2.340485608556998720, 4.515000000000000568, 1.269999999999999796 ) ) ;
#2537 = CARTESIAN_POINT ( 'NONE',  ( -0.3200000000000008393, 0.5100000000000008971, -0.9900000000000004352 ) ) ;
#2538 = EDGE_CURVE ( 'NONE', #8238, #1864, #8569, .T. ) ;
#2539 = EDGE_CURVE ( 'NONE', #1501, #3523, #7831, .T. ) ;
#2540 = DIRECTION ( 'NONE',  ( 0.000000000000000000, 0.000000000000000000, 1.000000000000000000 ) ) ;
#2541 = CARTESIAN_POINT ( 'NONE',  ( -0.3200000000000008393, 3.940000000000000835, 3.964999999999999858 ) ) ;
#2542 = ORIENTED_EDGE ( 'NONE', *, *, #7341, .T. ) ;
#2543 = ORIENTED_EDGE ( 'NONE', *, *, #2827, .F. ) ;
#2544 = EDGE_LOOP ( 'NONE', ( #7639, #8350, #8390, #3441 ) ) ;
#2545 = VECTOR ( 'NONE', #3034, 1000.000000000000000 ) ;
#2546 = CARTESIAN_POINT ( 'NONE',  ( -3.320000000000000728, 4.260000000000000675, 0.3099999999999999423 ) ) ;
#2547 = CARTESIAN_POINT ( 'NONE',  ( -3.320000000000000728, 1.160000000000000808, -0.9900000000000004352 ) ) ;
#2548 = VECTOR ( 'NONE', #2710, 1000.000000000000000 ) ;
#2549 = CARTESIAN_POINT ( 'NONE',  ( -2.680000000000001048, -2.179999999999998828, 0.3099999999999999423 ) ) ;
#2550 = VECTOR ( 'NONE', #3127, 1000.000000000000000 ) ;
#2551 = CARTESIAN_POINT ( 'NONE',  ( -2.770000000000000906, 2.440000000000000835, 6.019999999999999574 ) ) ;
#2552 = AXIS2_PLACEMENT_3D ( 'NONE', #614, #7392, #572 ) ;
#2553 = ORIENTED_EDGE ( 'NONE', *, *, #1113, .T. ) ;
#2554 = ORIENTED_EDGE ( 'NONE', *, *, #2612, .F. ) ;
#2555 = ORIENTED_EDGE ( 'NONE', *, *, #685, .T. ) ;
#2556 = DIRECTION ( 'NONE',  ( 0.000000000000000000, -1.000000000000000000, 0.000000000000000000 ) ) ;
#2557 = EDGE_CURVE ( 'NONE', #863, #4270, #6433, .T. ) ;
#2558 = ORIENTED_EDGE ( 'NONE', *, *, #7772, .T. ) ;
#2559 = EDGE_CURVE ( 'NONE', #2875, #6161, #3191, .T. ) ;
#2560 = ORIENTED_EDGE ( 'NONE', *, *, #731, .T. ) ;
#2561 = EDGE_CURVE ( 'NONE', #2187, #6816, #4663, .T. ) ;
#2562 = VECTOR ( 'NONE', #1794, 1000.000000000000000 ) ;
#2563 = ADVANCED_FACE ( 'NONE', ( #4897 ), #4698, .F. ) ;
#2564 = CARTESIAN_POINT ( 'NONE',  ( -7.940161869519001492, 5.040000000000000924, 3.770000000000000018 ) ) ;
#2565 = DIRECTION ( 'NONE',  ( 0.000000000000000000, 0.000000000000000000, -1.000000000000000000 ) ) ;
#2566 = EDGE_CURVE ( 'NONE', #6359, #3753, #6981, .T. ) ;
#2567 = EDGE_LOOP ( 'NONE', ( #5474, #5998, #1261, #758 ) ) ;
#2568 = ORIENTED_EDGE ( 'NONE', *, *, #1742, .T. ) ;
#2569 = ORIENTED_EDGE ( 'NONE', *, *, #2850, .T. ) ;
#2570 = FACE_OUTER_BOUND ( 'NONE', #3579, .T. ) ;
#2571 = DIRECTION ( 'NONE',  ( 0.7660444431190069903, 0.000000000000000000, -0.6427876096865049460 ) ) ;
#2572 = EDGE_CURVE ( 'NONE', #764, #9277, #4745, .T. ) ;
#2573 = EDGE_LOOP ( 'NONE', ( #9441, #4371, #1800, #4714 ) ) ;
#2574 = CARTESIAN_POINT ( 'NONE',  ( -2.680000000000001048, 5.540000000000000924, -0.3199999999999999512 ) ) ;
#2575 = DIRECTION ( 'NONE',  ( 0.000000000000000000, 0.000000000000000000, -1.000000000000000000 ) ) ;
#2577 = ORIENTED_EDGE ( 'NONE', *, *, #7003, .T. ) ;
#2576 = LINE ( 'NONE', #1733, #1719 ) ;
#2578 = CARTESIAN_POINT ( 'NONE',  ( 0.3199999999999991185, 5.529000000000000803, -0.3199999999999999512 ) ) ;
#2579 = ADVANCED_FACE ( 'NONE', ( #5493 ), #8520, .T. ) ;
#2580 = CARTESIAN_POINT ( 'NONE',  ( -5.680000000000000604, 1.160000000000000808, -0.9900000000000004352 ) ) ;
#2581 = CARTESIAN_POINT ( 'NONE',  ( -9.324999999999999289, 7.115000000000001101, -0.9900000000000004352 ) ) ;
#2582 = FACE_OUTER_BOUND ( 'NONE', #5174, .T. ) ;
#2583 = LINE ( 'NONE', #6418, #7699 ) ;
#2584 = CARTESIAN_POINT ( 'NONE',  ( 0.3199999999999991185, 2.760000000000000675, 2.319999999999999840 ) ) ;
#2585 = CARTESIAN_POINT ( 'NONE',  ( -3.570000000000001172, 4.170000000000000817, 8.920000000000001705 ) ) ;
#2586 = VERTEX_POINT ( 'NONE', #3488 ) ;
#2587 = ORIENTED_EDGE ( 'NONE', *, *, #4029, .T. ) ;
#2588 = CARTESIAN_POINT ( 'NONE',  ( -1.694337613708001067, -1.749999999999998890, 3.319999999999999840 ) ) ;
#2589 = CARTESIAN_POINT ( 'NONE',  ( -3.320000000000000728, 2.120000000000000995, 2.319999999999999840 ) ) ;
#2590 = ADVANCED_FACE ( 'NONE', ( #6580 ), #4236, .T. ) ;
#2591 = DIRECTION ( 'NONE',  ( 0.000000000000000000, -1.000000000000000000, 0.000000000000000000 ) ) ;
#2592 = CARTESIAN_POINT ( 'NONE',  ( -2.680000000000001048, 5.120000000000000995, 2.319999999999999840 ) ) ;
#2593 = VECTOR ( 'NONE', #1714, 1000.000000000000000 ) ;
#2594 = FACE_OUTER_BOUND ( 'NONE', #1480, .T. ) ;
#2595 = ORIENTED_EDGE ( 'NONE', *, *, #8685, .F. ) ;
#2596 = AXIS2_PLACEMENT_3D ( 'NONE', #1414, #4450, #8323 ) ;
#2597 = ORIENTED_EDGE ( 'NONE', *, *, #4, .T. ) ;
#2598 = VERTEX_POINT ( 'NONE', #7284 ) ;
#2599 = DIRECTION ( 'NONE',  ( 0.000000000000000000, 0.000000000000000000, 1.000000000000000000 ) ) ;
#2600 = EDGE_CURVE ( 'NONE', #5728, #2515, #3535, .T. ) ;
#2601 = LINE ( 'NONE', #3489, #6484 ) ;
#2602 = DIRECTION ( 'NONE',  ( -0.000000000000000000, 1.000000000000000000, 0.000000000000000000 ) ) ;
#2603 = ADVANCED_FACE ( 'NONE', ( #459 ), #4335, .T. ) ;
#2604 = CIRCLE ( 'NONE', #3230, 0.7499999999999997780 ) ;
#2605 = CARTESIAN_POINT ( 'NONE',  ( -3.570000000000001172, 4.170000000000000817, 8.920000000000001705 ) ) ;
#2606 = ORIENTED_EDGE ( 'NONE', *, *, #1218, .T. ) ;
#2607 = EDGE_LOOP ( 'NONE', ( #3410, #1207, #8591, #3250, #4204, #4261 ) ) ;
#2608 = ORIENTED_EDGE ( 'NONE', *, *, #6825, .T. ) ;
#2609 = VECTOR ( 'NONE', #6954, 1000.000000000000000 ) ;
#2610 = DIRECTION ( 'NONE',  ( 0.000000000000000000, 0.000000000000000000, -1.000000000000000000 ) ) ;
#2611 = ORIENTED_EDGE ( 'NONE', *, *, #6170, .F. ) ;
#2612 = EDGE_CURVE ( 'NONE', #7605, #7795, #5089, .T. ) ;
#2613 = CARTESIAN_POINT ( 'NONE',  ( -4.730000000000000426, 1.170000000000000817, 2.319999999999999840 ) ) ;
#2614 = VERTEX_POINT ( 'NONE', #7330 ) ;
#2615 = VECTOR ( 'NONE', #4121, 1000.000000000000000 ) ;
#2616 = VECTOR ( 'NONE', #4509, 1000.000000000000000 ) ;
#2617 = CARTESIAN_POINT ( 'NONE',  ( 3.324999999999998845, 1.440000000000000835, 6.591276617050000119 ) ) ;
#2618 = ORIENTED_EDGE ( 'NONE', *, *, #1340, .T. ) ;
#2619 = ORIENTED_EDGE ( 'NONE', *, *, #7495, .T. ) ;
#2620 = ORIENTED_EDGE ( 'NONE', *, *, #972, .F. ) ;
#2621 = LINE ( 'NONE', #4914, #7689 ) ;
#2622 = DIRECTION ( 'NONE',  ( 0.9841833239736893502, 0.000000000000000000, 0.1771529983152980714 ) ) ;
#2623 = ORIENTED_EDGE ( 'NONE', *, *, #6644, .F. ) ;
#2624 = AXIS2_PLACEMENT_3D ( 'NONE', #3362, #2571, #6406 ) ;
#2625 = VECTOR ( 'NONE', #2701, 1000.000000000000000 ) ;
#2626 = DIRECTION ( 'NONE',  ( 0.000000000000000000, 0.000000000000000000, -1.000000000000000000 ) ) ;
#2627 = VECTOR ( 'NONE', #5767, 1000.000000000000000 ) ;
#2629 = ORIENTED_EDGE ( 'NONE', *, *, #9151, .T. ) ;
#2628 = CARTESIAN_POINT ( 'NONE',  ( -1.730000000000000870, 3.710000000000000409, 2.319999999999999840 ) ) ;
#2630 = CARTESIAN_POINT ( 'NONE',  ( -3.320000000000000728, -2.179999999999998828, -0.3199999999999999512 ) ) ;
#2631 = EDGE_CURVE ( 'NONE', #8696, #5384, #9663, .T. ) ;
#2632 = CARTESIAN_POINT ( 'NONE',  ( -2.525000000000000799, -2.619615242270999733, 3.319999999999999840 ) ) ;
#2633 = LINE ( 'NONE', #8708, #5170 ) ;
#2634 = VECTOR ( 'NONE', #6028, 1000.000000000000227 ) ;
#2635 = CARTESIAN_POINT ( 'NONE',  ( -9.825000000000001066, 3.365000000000000657, 1.269999999999999796 ) ) ;
#2636 = DIRECTION ( 'NONE',  ( -0.7071067811865475727, 0.7071067811865475727, 0.000000000000000000 ) ) ;
#2637 = LINE ( 'NONE', #5623, #4038 ) ;
#2638 = LINE ( 'NONE', #996, #1431 ) ;
#2639 = ORIENTED_EDGE ( 'NONE', *, *, #9513, .T. ) ;
#2641 = EDGE_CURVE ( 'NONE', #9794, #749, #1902, .T. ) ;
#2640 = ORIENTED_EDGE ( 'NONE', *, *, #3172, .T. ) ;
#2642 = PLANE ( 'NONE',  #4795 ) ;
#2643 = LINE ( 'NONE', #2536, #9821 ) ;
#2644 = ADVANCED_FACE ( 'NONE', ( #511 ), #9570, .T. ) ;
#2645 = LINE ( 'NONE', #8159, #5816 ) ;
#2646 = LINE ( 'NONE', #900, #1427 ) ;
#2647 = DIRECTION ( 'NONE',  ( 1.000000000000000000, 0.000000000000000000, 0.000000000000000000 ) ) ;
#2648 = ORIENTED_EDGE ( 'NONE', *, *, #929, .F. ) ;
#2649 = VERTEX_POINT ( 'NONE', #2743 ) ;
#2650 = CARTESIAN_POINT ( 'NONE',  ( -7.940161869519001492, 5.040000000000000924, 3.770000000000000018 ) ) ;
#2651 = DIRECTION ( 'NONE',  ( -1.000000000000000000, 0.000000000000000000, 0.000000000000000000 ) ) ;
#2652 = DIRECTION ( 'NONE',  ( 0.000000000000000000, 1.000000000000000000, 0.000000000000000000 ) ) ;
#2653 = EDGE_CURVE ( 'NONE', #6391, #3422, #5783, .T. ) ;
#2654 = EDGE_CURVE ( 'NONE', #9254, #7977, #7979, .T. ) ;
#2655 = CARTESIAN_POINT ( 'NONE',  ( -5.680000000000000604, 4.260000000000000675, -0.9900000000000004352 ) ) ;
#2656 = VERTEX_POINT ( 'NONE', #2089 ) ;
#2657 = EDGE_LOOP ( 'NONE', ( #1177, #9225, #114, #6867 ) ) ;
#2658 = ORIENTED_EDGE ( 'NONE', *, *, #8958, .T. ) ;
#2659 = CARTESIAN_POINT ( 'NONE',  ( -0.3200000000000008393, -2.179999999999998828, -0.3199999999999999512 ) ) ;
#2660 = VERTEX_POINT ( 'NONE', #6485 ) ;
#2661 = CARTESIAN_POINT ( 'NONE',  ( -2.525000000000000799, 8.673617379884035472E-16, 0.3099999999999999423 ) ) ;
#2662 = VERTEX_POINT ( 'NONE', #412 ) ;
#2663 = AXIS2_PLACEMENT_3D ( 'NONE', #8511, #8453, #8404 ) ;
#2664 = EDGE_CURVE ( 'NONE', #5831, #3358, #2044, .T. ) ;
#2665 = DIRECTION ( 'NONE',  ( 0.000000000000000000, 0.000000000000000000, 1.000000000000000000 ) ) ;
#2666 = VERTEX_POINT ( 'NONE', #1950 ) ;
#2667 = VERTEX_POINT ( 'NONE', #1157 ) ;
#2668 = ORIENTED_EDGE ( 'NONE', *, *, #3835, .T. ) ;
#2669 = CARTESIAN_POINT ( 'NONE',  ( 1.940485608556998587, 4.515000000000000568, 1.169999999999999707 ) ) ;
#2670 = LINE ( 'NONE', #5664, #8184 ) ;
#2671 = VECTOR ( 'NONE', #436, 1000.000000000000000 ) ;
#2672 = ORIENTED_EDGE ( 'NONE', *, *, #6218, .T. ) ;
#2673 = CARTESIAN_POINT ( 'NONE',  ( -1.730000000000000870, 1.170000000000000817, 8.920000000000001705 ) ) ;
#2675 = ORIENTED_EDGE ( 'NONE', *, *, #6407, .F. ) ;
#2674 = DIRECTION ( 'NONE',  ( 0.000000000000000000, 0.000000000000000000, -1.000000000000000000 ) ) ;
#2676 = CARTESIAN_POINT ( 'NONE',  ( -1.270000000000000906, 4.170000000000000817, 8.920000000000001705 ) ) ;
#2677 = EDGE_CURVE ( 'NONE', #1761, #8300, #4182, .T. ) ;
#2678 = VECTOR ( 'NONE', #8251, 1000.000000000000227 ) ;
#2679 = PLANE ( 'NONE',  #9453 ) ;
#2680 = FACE_OUTER_BOUND ( 'NONE', #7849, .T. ) ;
#2681 = ADVANCED_FACE ( 'NONE', ( #7375 ), #3637, .T. ) ;
#2682 = PLANE ( 'NONE',  #4679 ) ;
#2683 = DIRECTION ( 'NONE',  ( 0.000000000000000000, 0.000000000000000000, -1.000000000000000000 ) ) ;
#2684 = LINE ( 'NONE', #7963, #7228 ) ;
#2685 = DIRECTION ( 'NONE',  ( 0.000000000000000000, 1.000000000000000000, 0.000000000000000000 ) ) ;
#2686 = ORIENTED_EDGE ( 'NONE', *, *, #4247, .F. ) ;
#2687 = ORIENTED_EDGE ( 'NONE', *, *, #9327, .F. ) ;
#2688 = DIRECTION ( 'NONE',  ( 0.000000000000000000, 0.000000000000000000, -1.000000000000000000 ) ) ;
#2689 = DIRECTION ( 'NONE',  ( 0.000000000000000000, -1.000000000000000000, 0.000000000000000000 ) ) ;
#2690 = EDGE_CURVE ( 'NONE', #8105, #6243, #3934, .T. ) ;
#2691 = VECTOR ( 'NONE', #2705, 1000.000000000000000 ) ;
#2692 = EDGE_CURVE ( 'NONE', #6214, #144, #1701, .T. ) ;
#2693 = CARTESIAN_POINT ( 'NONE',  ( 0.3199999999999991185, 3.940000000000000835, 3.964999999999999858 ) ) ;
#2694 = PLANE ( 'NONE',  #6761 ) ;
#2695 = CARTESIAN_POINT ( 'NONE',  ( -6.320000000000001172, 4.889000000000001123, -0.3199999999999999512 ) ) ;
#2696 = CARTESIAN_POINT ( 'NONE',  ( -1.270000000000000906, 6.710000000000000853, 8.920000000000001705 ) ) ;
#2697 = EDGE_LOOP ( 'NONE', ( #1050, #9858, #173, #328 ) ) ;
#2698 = EDGE_CURVE ( 'NONE', #5456, #7920, #4692, .T. ) ;
#2699 = ORIENTED_EDGE ( 'NONE', *, *, #2798, .T. ) ;
#2700 = EDGE_CURVE ( 'NONE', #9695, #1290, #1647, .T. ) ;
#2701 = DIRECTION ( 'NONE',  ( -4.037174635001000157E-14, 1.000000000000000000, 8.074349270000999407E-14 ) ) ;
#2702 = LINE ( 'NONE', #8024, #3454 ) ;
#2703 = LINE ( 'NONE', #7890, #6160 ) ;
#2704 = VECTOR ( 'NONE', #2789, 1000.000000000000114 ) ;
#2705 = DIRECTION ( 'NONE',  ( -1.000000000000000000, 0.000000000000000000, 0.000000000000000000 ) ) ;
#2706 = VERTEX_POINT ( 'NONE', #8409 ) ;
#2707 = VERTEX_POINT ( 'NONE', #3136 ) ;
#2708 = ORIENTED_EDGE ( 'NONE', *, *, #1384, .F. ) ;
#2709 = CARTESIAN_POINT ( 'NONE',  ( -8.640485608557000319, 3.540000000000000480, 1.169999999999999707 ) ) ;
#2710 = DIRECTION ( 'NONE',  ( 1.000000000000000000, 0.000000000000000000, 0.000000000000000000 ) ) ;
#2711 = AXIS2_PLACEMENT_3D ( 'NONE', #5374, #8400, #835 ) ;
#2712 = DIRECTION ( 'NONE',  ( 0.000000000000000000, 1.000000000000000000, 0.000000000000000000 ) ) ;
#2713 = CARTESIAN_POINT ( 'NONE',  ( 2.340485608556998720, 3.540000000000000480, 1.169999999999999707 ) ) ;
#2714 = CARTESIAN_POINT ( 'NONE',  ( -7.940161869519001492, 3.365000000000000657, 3.770000000000000018 ) ) ;
#2715 = ORIENTED_EDGE ( 'NONE', *, *, #6336, .T. ) ;
#2716 = ORIENTED_EDGE ( 'NONE', *, *, #4021, .T. ) ;
#2717 = ORIENTED_EDGE ( 'NONE', *, *, #7891, .T. ) ;
#2718 = DIRECTION ( 'NONE',  ( 0.000000000000000000, -0.1771529983152980714, -0.9841833239736893502 ) ) ;
#2719 = CARTESIAN_POINT ( 'NONE',  ( -7.940485608557000141, 0.5100000000000008971, 8.920000000000001705 ) ) ;
#2720 = ORIENTED_EDGE ( 'NONE', *, *, #4500, .T. ) ;
#2721 = DIRECTION ( 'NONE',  ( -0.9841833239736893502, 0.000000000000000000, 0.1771529983152980714 ) ) ;
#2722 = VECTOR ( 'NONE', #3745, 1000.000000000000000 ) ;
#2724 = VERTEX_POINT ( 'NONE', #7577 ) ;
#2723 = DIRECTION ( 'NONE',  ( 1.000000000000000000, 0.000000000000000000, 0.000000000000000000 ) ) ;
#2725 = DIRECTION ( 'NONE',  ( 0.000000000000000000, 1.000000000000000000, 0.000000000000000000 ) ) ;
#2726 = CARTESIAN_POINT ( 'NONE',  ( -1.730000000000000870, 3.710000000000000409, 2.319999999999999840 ) ) ;
#2727 = CARTESIAN_POINT ( 'NONE',  ( 1.824999999999999289, 7.370000000000000995, 0.7599999999999997868 ) ) ;
#2728 = DIRECTION ( 'NONE',  ( 0.000000000000000000, 0.000000000000000000, 1.000000000000000000 ) ) ;
#2729 = VECTOR ( 'NONE', #2032, 1000.000000000000000 ) ;
#2730 = CARTESIAN_POINT ( 'NONE',  ( -7.940485608557000141, 4.515000000000000568, 2.036666666666667513 ) ) ;
#2731 = DIRECTION ( 'NONE',  ( -0.6427876096865049460, 0.000000000000000000, 0.7660444431190069903 ) ) ;
#2732 = ORIENTED_EDGE ( 'NONE', *, *, #2054, .T. ) ;
#2733 = EDGE_CURVE ( 'NONE', #4913, #1446, #3234, .T. ) ;
#2734 = LINE ( 'NONE', #1990, #184 ) ;
#2735 = LINE ( 'NONE', #8811, #4742 ) ;
#2736 = CARTESIAN_POINT ( 'NONE',  ( -9.574999999999999289, 4.940000000000000391, -0.3199999999999999512 ) ) ;
#2737 = DIRECTION ( 'NONE',  ( 0.000000000000000000, -1.000000000000000000, 0.000000000000000000 ) ) ;
#2738 = CARTESIAN_POINT ( 'NONE',  ( -2.680000000000001048, 1.160000000000000808, -0.3199999999999999512 ) ) ;
#2739 = FACE_OUTER_BOUND ( 'NONE', #1801, .T. ) ;
#2740 = VERTEX_POINT ( 'NONE', #6977 ) ;
#2741 = EDGE_LOOP ( 'NONE', ( #1078, #5124, #4977, #4961 ) ) ;
#2742 = EDGE_CURVE ( 'NONE', #7943, #6790, #153, .T. ) ;
#2743 = CARTESIAN_POINT ( 'NONE',  ( -2.860000000000001208, 2.580000000000000515, 6.519999999999999574 ) ) ;
#2744 = DIRECTION ( 'NONE',  ( 0.000000000000000000, -1.000000000000000000, 0.000000000000000000 ) ) ;
#2745 = LINE ( 'NONE', #7333, #1993 ) ;
#2746 = ADVANCED_FACE ( 'NONE', ( #2395 ), #2345, .T. ) ;
#2747 = EDGE_CURVE ( 'NONE', #8355, #307, #7667, .T. ) ;
#2748 = LINE ( 'NONE', #4992, #3340 ) ;
#2749 = FACE_OUTER_BOUND ( 'NONE', #196, .T. ) ;
#2750 = ORIENTED_EDGE ( 'NONE', *, *, #2466, .F. ) ;
#2751 = ORIENTED_EDGE ( 'NONE', *, *, #5387, .F. ) ;
#2752 = ORIENTED_EDGE ( 'NONE', *, *, #8885, .F. ) ;
#2753 = FACE_OUTER_BOUND ( 'NONE', #8533, .T. ) ;
#2754 = ADVANCED_FACE ( 'NONE', ( #3188 ), #1551, .T. ) ;
#2755 = LINE ( 'NONE', #4908, #9558 ) ;
#2756 = ORIENTED_EDGE ( 'NONE', *, *, #7636, .F. ) ;
#2757 = FACE_OUTER_BOUND ( 'NONE', #228, .T. ) ;
#2758 = VECTOR ( 'NONE', #2039, 1000.000000000000000 ) ;
#2759 = LINE ( 'NONE', #7253, #3874 ) ;
#2760 = ORIENTED_EDGE ( 'NONE', *, *, #2990, .T. ) ;
#2761 = ORIENTED_EDGE ( 'NONE', *, *, #1861, .T. ) ;
#2762 = VERTEX_POINT ( 'NONE', #7622 ) ;
#2763 = FACE_BOUND ( 'NONE', #8139, .T. ) ;
#2764 = DIRECTION ( 'NONE',  ( -0.000000000000000000, 0.7644333195971219075, 0.6447027996602189281 ) ) ;
#2765 = ORIENTED_EDGE ( 'NONE', *, *, #4338, .T. ) ;
#2766 = CARTESIAN_POINT ( 'NONE',  ( -1.730000000000000870, 6.710000000000000853, 8.920000000000001705 ) ) ;
#2767 = AXIS2_PLACEMENT_3D ( 'NONE', #8149, #8855, #6662 ) ;
#2768 = VERTEX_POINT ( 'NONE', #847 ) ;
#2769 = VECTOR ( 'NONE', #6870, 1000.000000000000000 ) ;
#2770 = VECTOR ( 'NONE', #5509, 1000.000000000000000 ) ;
#2771 = LINE ( 'NONE', #8799, #434 ) ;
#2772 = EDGE_CURVE ( 'NONE', #3210, #166, #6928, .T. ) ;
#2773 = CARTESIAN_POINT ( 'NONE',  ( 3.324999999999998845, 0.8900000000000005684, 5.750000000000000000 ) ) ;
#2774 = CARTESIAN_POINT ( 'NONE',  ( 3.574999999999999289, 1.160000000000000808, -0.3199999999999999512 ) ) ;
#2775 = DIRECTION ( 'NONE',  ( 0.000000000000000000, 1.000000000000000000, 0.000000000000000000 ) ) ;
#2776 = FACE_OUTER_BOUND ( 'NONE', #9613, .T. ) ;
#2777 = CIRCLE ( 'NONE', #8823, 1.000000000000000000 ) ;
#2778 = VERTEX_POINT ( 'NONE', #2438 ) ;
#2779 = VECTOR ( 'NONE', #8074, 1000.000000000000114 ) ;
#2780 = VECTOR ( 'NONE', #3864, 1000.000000000000000 ) ;
#2781 = DIRECTION ( 'NONE',  ( -0.1744369497454954787, 0.9690941652527760297, -0.1744369497454954787 ) ) ;
#2783 = ORIENTED_EDGE ( 'NONE', *, *, #3172, .F. ) ;
#2782 = CARTESIAN_POINT ( 'NONE',  ( -1.525000000000001021, 8.673617379884035472E-16, 0.3099999999999999423 ) ) ;
#2784 = VECTOR ( 'NONE', #9337, 1000.000000000000000 ) ;
#2785 = AXIS2_PLACEMENT_3D ( 'NONE', #6188, #5441, #161 ) ;
#2786 = DIRECTION ( 'NONE',  ( 1.000000000000000000, 0.000000000000000000, 0.000000000000000000 ) ) ;
#2787 = VECTOR ( 'NONE', #8457, 1000.000000000000000 ) ;
#2788 = LINE ( 'NONE', #4934, #5963 ) ;
#2789 = DIRECTION ( 'NONE',  ( 0.7071067811865474617, -0.7071067811865474617, 0.000000000000000000 ) ) ;
#2790 = DIRECTION ( 'NONE',  ( 0.000000000000000000, -1.000000000000000000, 0.000000000000000000 ) ) ;
#2791 = ADVANCED_FACE ( 'NONE', ( #5486 ), #5435, .T. ) ;
#2792 = ORIENTED_EDGE ( 'NONE', *, *, #6584, .T. ) ;
#2793 = ORIENTED_EDGE ( 'NONE', *, *, #4945, .T. ) ;
#2794 = CARTESIAN_POINT ( 'NONE',  ( -1.525000000000001021, 0.5100000000000008971, 7.509999999999998899 ) ) ;
#2795 = DIRECTION ( 'NONE',  ( 1.000000000000000000, 0.000000000000000000, 0.000000000000000000 ) ) ;
#2796 = LINE ( 'NONE', #8027, #2143 ) ;
#2797 = DIRECTION ( 'NONE',  ( 0.000000000000000000, -1.000000000000000000, 0.000000000000000000 ) ) ;
#2798 = EDGE_CURVE ( 'NONE', #569, #6342, #954, .T. ) ;
#2799 = LINE ( 'NONE', #6637, #7142 ) ;
#2800 = ORIENTED_EDGE ( 'NONE', *, *, #7196, .T. ) ;
#2801 = VERTEX_POINT ( 'NONE', #6827 ) ;
#2802 = ORIENTED_EDGE ( 'NONE', *, *, #1060, .T. ) ;
#2803 = LINE ( 'NONE', #9487, #8635 ) ;
#2804 = DIRECTION ( 'NONE',  ( 0.000000000000000000, 0.000000000000000000, 1.000000000000000000 ) ) ;
#2805 = EDGE_CURVE ( 'NONE', #668, #4615, #7029, .T. ) ;
#2806 = ADVANCED_FACE ( 'NONE', ( #3036 ), #6079, .F. ) ;
#2807 = CARTESIAN_POINT ( 'NONE',  ( -2.680000000000001048, 4.889000000000001123, -2.680000000000000160 ) ) ;
#2808 = DIRECTION ( 'NONE',  ( 0.000000000000000000, 0.000000000000000000, -1.000000000000000000 ) ) ;
#2809 = ORIENTED_EDGE ( 'NONE', *, *, #8532, .T. ) ;
#2810 = ORIENTED_EDGE ( 'NONE', *, *, #6632, .T. ) ;
#2811 = VERTEX_POINT ( 'NONE', #48 ) ;
#2812 = CARTESIAN_POINT ( 'NONE',  ( 2.640485608556998987, 4.340000000000000746, 1.269999999999999796 ) ) ;
#2813 = CARTESIAN_POINT ( 'NONE',  ( -0.3200000000000008393, 0.5100000000000008971, -0.3199999999999999512 ) ) ;
#2814 = EDGE_LOOP ( 'NONE', ( #6344, #9170, #2349 ) ) ;
#2815 = ADVANCED_FACE ( 'NONE', ( #3089 ), #6136, .F. ) ;
#2816 = VECTOR ( 'NONE', #7859, 1000.000000000000000 ) ;
#2817 = DIRECTION ( 'NONE',  ( -0.1744369497454954787, 0.9690941652527760297, -0.1744369497454954787 ) ) ;
#2818 = ORIENTED_EDGE ( 'NONE', *, *, #9725, .T. ) ;
#2819 = CARTESIAN_POINT ( 'NONE',  ( -2.680000000000001048, 0.5100000000000008971, -0.3199999999999999512 ) ) ;
#2820 = PLANE ( 'NONE',  #1038 ) ;
#2821 = VECTOR ( 'NONE', #5091, 1000.000000000000000 ) ;
#2822 = CARTESIAN_POINT ( 'NONE',  ( 3.324999999999998845, 1.590000000000000746, 6.565744705200000197 ) ) ;
#2823 = LINE ( 'NONE', #7500, #3886 ) ;
#2824 = CARTESIAN_POINT ( 'NONE',  ( -2.680000000000001048, 2.760000000000000675, 6.519999999999999574 ) ) ;
#2825 = DIRECTION ( 'NONE',  ( -1.000000000000000000, 0.000000000000000000, 0.000000000000000000 ) ) ;
#2826 = ORIENTED_EDGE ( 'NONE', *, *, #4348, .F. ) ;
#2827 = EDGE_CURVE ( 'NONE', #8543, #4884, #4280, .T. ) ;
#2828 = PLANE ( 'NONE',  #8609 ) ;
#2829 = VECTOR ( 'NONE', #9351, 1000.000000000000000 ) ;
#2831 = ORIENTED_EDGE ( 'NONE', *, *, #1885, .F. ) ;
#2830 = LINE ( 'NONE', #545, #449 ) ;
#2832 = DIRECTION ( 'NONE',  ( 0.7071067811865474617, -0.7071067811865474617, 0.000000000000000000 ) ) ;
#2833 = DIRECTION ( 'NONE',  ( 0.000000000000000000, -1.000000000000000000, 0.000000000000000000 ) ) ;
#2834 = DIRECTION ( 'NONE',  ( -0.9841833239736893502, 0.000000000000000000, 0.1771529983152980714 ) ) ;
#2835 = LINE ( 'NONE', #3633, #8479 ) ;
#2836 = VERTEX_POINT ( 'NONE', #2041 ) ;
#2837 = VERTEX_POINT ( 'NONE', #5087 ) ;
#2838 = PLANE ( 'NONE',  #1709 ) ;
#2839 = VECTOR ( 'NONE', #5095, 1000.000000000000000 ) ;
#2840 = EDGE_CURVE ( 'NONE', #3353, #6459, #1299, .T. ) ;
#2841 = EDGE_CURVE ( 'NONE', #546, #2329, #7713, .T. ) ;
#2842 = LINE ( 'NONE', #3541, #4136 ) ;
#2843 = CARTESIAN_POINT ( 'NONE',  ( -4.305662386292000932, -2.099999999999999645, 5.320000000000000284 ) ) ;
#2844 = DIRECTION ( 'NONE',  ( 0.000000000000000000, -1.000000000000000000, 0.000000000000000000 ) ) ;
#2845 = ORIENTED_EDGE ( 'NONE', *, *, #1907, .F. ) ;
#2846 = ORIENTED_EDGE ( 'NONE', *, *, #4824, .T. ) ;
#2847 = VERTEX_POINT ( 'NONE', #2283 ) ;
#2848 = FILL_AREA_STYLE ('',( #8837 ) ) ;
#2849 = CARTESIAN_POINT ( 'NONE',  ( -2.525000000000000799, -2.619615242270999733, 5.320000000000000284 ) ) ;
#2850 = EDGE_CURVE ( 'NONE', #6185, #9548, #4489, .T. ) ;
#2851 = CARTESIAN_POINT ( 'NONE',  ( -9.324999999999999289, 7.370000000000000995, 2.319999999999999840 ) ) ;
#2852 = AXIS2_PLACEMENT_3D ( 'NONE', #7171, #345, #3374 ) ;
#2853 = CARTESIAN_POINT ( 'NONE',  ( -8.325000000000001066, 8.673617379884035472E-16, -0.9900000000000004352 ) ) ;
#2854 = CARTESIAN_POINT ( 'NONE',  ( 3.324999999999998845, 8.673617379884035472E-16, 8.920000000000001705 ) ) ;
#2855 = VERTEX_POINT ( 'NONE', #1542 ) ;
#2856 = ORIENTED_EDGE ( 'NONE', *, *, #2091, .F. ) ;
#2857 = ORIENTED_EDGE ( 'NONE', *, *, #6676, .F. ) ;
#2858 = FACE_OUTER_BOUND ( 'NONE', #2903, .T. ) ;
#2859 = CARTESIAN_POINT ( 'NONE',  ( -8.325000000000001066, 4.940000000000000391, 0.2799999999999998601 ) ) ;
#2860 = ORIENTED_EDGE ( 'NONE', *, *, #3631, .F. ) ;
#2861 = VECTOR ( 'NONE', #1152, 1000.000000000000000 ) ;
#2862 = ADVANCED_FACE ( 'NONE', ( #7216 ), #9459, .T. ) ;
#2863 = ADVANCED_FACE ( 'NONE', ( #5675 ), #1935, .F. ) ;
#2864 = LINE ( 'NONE', #5903, #9231 ) ;
#2865 = EDGE_CURVE ( 'NONE', #6462, #5239, #4880, .T. ) ;
#2866 = ORIENTED_EDGE ( 'NONE', *, *, #2933, .T. ) ;
#2867 = CARTESIAN_POINT ( 'NONE',  ( -7.940485608557000141, 1.530000000000000915, 8.920000000000001705 ) ) ;
#2868 = CLOSED_SHELL ( 'NONE', ( #2970, #1757, #1615, #504, #1069, #5353, #2448, #5592, #6476, #7673, #801, #5133, #7036, #4130, #7968, #8920, #981, #1123, #912, #6836, #1872, #4737, #5974, #3415, #8374, #7712, #1088, #6162, #9491, #494, #1288, #3047, #1530, #6025, #7475, #7875, #8208, #8546, #2862, #9561, #471, #3403, #3810, #3527, #1099, #259, #9382, #5577, #7974, #6795, #3351, #3355, #9620, #4628, #9019, #1229, #4919, #7672, #5430, #5706, #9138, #8106, #7900, #6399, #4299, #3607, #9688, #1476, #1527, #416, #8167, #8801, #1026, #7135, #1659, #5447, #1402, #3724, #2316, #69, #3575, #6686, #5788, #4974, #3839, #5007, #6592, #6488, #6281, #2754, #2746, #2251, #4591, #5753, #2644, #9127, #7611, #374, #899, #1537, #3550, #586, #7063, #4028, #8455, #8668, #1231, #618, #6098, #6595, #4141, #1116, #413, #5681, #6665, #8875, #4004, #422, #910, #5602, #6193, #4086, #6881, #5967, #2496, #5497, #1154, #1294, #3326, #8951, #9007, #925, #8518, #5913, #3477, #1586, #1954, #2984, #2370, #2681, #8874, #804, #5554, #9176, #702, #1415, #8136, #4491, #3848, #2125, #3725, #2863, #773, #4023, #7432, #4387, #7983, #5128, #7266, #1816, #6513, #6742, #3536, #8895, #9718, #8671, #9624, #3, #3907, #991, #5744, #9575, #6300, #4135, #8840, #1459, #4213, #9850, #8227, #9388, #9730, #3109, #2165, #3589, #2815, #562, #2232, #9426, #3292, #3930, #1841, #4626, #57, #7596, #8338, #5876, #9562, #2145, #2060, #5311, #5072, #7324, #3576, #8084, #4637, #3836, #4413, #6703, #6090, #351, #5340, #886, #7928, #8849, #5542, #7012, #574, #6377, #8256, #6613, #8125, #3538, #4851, #9229, #4630, #6012, #6036, #8597, #2168, #684, #4395, #8276, #3196, #1411, #1486, #6205, #6500, #2381, #2791, #8152, #5910, #370, #5552, #8805, #7364, #3119, #3794, #6398, #9301, #4196, #7678, #6887, #6001, #1573, #314, #6532, #7249, #2563, #90, #3356, #9203, #4237, #4705, #3273, #1698, #6820, #3766, #1846, #4208, #5247, #9709, #2590, #9325, #4941, #6435, #53, #6783, #5175, #6634, #6755, #532, #6473, #2305, #1337, #1233, #8571, #5741, #8656, #3866, #2603, #7114, #6387, #5394, #2022, #9024, #5779, #9375, #6143, #7661, #6702, #6699, #4643, #5183, #4186, #9550, #7552, #9657, #4271, #4218, #6154, #9603, #8, #5707, #2129, #7825, #859, #3457, #5600, #3251, #1168, #4360, #9457, #277, #510, #5689, #8242, #2012, #2806, #2253, #5902, #2579, #7260, #2511 ) ) ;
#2869 = EDGE_CURVE ( 'NONE', #429, #1964, #1047, .T. ) ;
#2870 = CARTESIAN_POINT ( 'NONE',  ( -5.680000000000000604, 3.940000000000000835, 3.964999999999999858 ) ) ;
#2871 = EDGE_CURVE ( 'NONE', #1308, #2384, #8610, .T. ) ;
#2872 = LINE ( 'NONE', #5908, #7534 ) ;
#2873 = CARTESIAN_POINT ( 'NONE',  ( -6.320000000000001172, 2.760000000000000675, 2.319999999999999840 ) ) ;
#2874 = DIRECTION ( 'NONE',  ( 1.000000000000000000, 0.000000000000000000, 0.000000000000000000 ) ) ;
#2875 = VERTEX_POINT ( 'NONE', #995 ) ;
#2876 = AXIS2_PLACEMENT_3D ( 'NONE', #4772, #7006, #1036 ) ;
#2877 = EDGE_CURVE ( 'NONE', #8716, #4357, #7865, .T. ) ;
#2878 = CARTESIAN_POINT ( 'NONE',  ( -8.340485608557001385, 4.340000000000000746, 1.269999999999999796 ) ) ;
#2880 = ORIENTED_EDGE ( 'NONE', *, *, #2904, .F. ) ;
#2879 = CARTESIAN_POINT ( 'NONE',  ( -5.680000000000000604, 5.120000000000000995, 6.519999999999999574 ) ) ;
#2881 = VECTOR ( 'NONE', #2781, 1000.000000000000227 ) ;
#2882 = CARTESIAN_POINT ( 'NONE',  ( -4.270000000000001350, 1.870000000000000995, 2.319999999999999840 ) ) ;
#2883 = DIRECTION ( 'NONE',  ( 0.000000000000000000, 0.000000000000000000, -1.000000000000000000 ) ) ;
#2884 = CARTESIAN_POINT ( 'NONE',  ( -7.940323739037999928, 2.840000000000000302, 7.270000000000000462 ) ) ;
#2885 = DIRECTION ( 'NONE',  ( -0.1744369497454954787, 0.1744369497454954787, 0.9690941652527760297 ) ) ;
#2886 = ORIENTED_EDGE ( 'NONE', *, *, #5848, .F. ) ;
#2887 = ORIENTED_EDGE ( 'NONE', *, *, #7075, .F. ) ;
#2888 = CARTESIAN_POINT ( 'NONE',  ( -1.694337613708001067, -2.099999999999999645, 5.320000000000000284 ) ) ;
#2889 = DIRECTION ( 'NONE',  ( -0.000000000000000000, 1.000000000000000000, 0.000000000000000000 ) ) ;
#2890 = PLANE ( 'NONE',  #7166 ) ;
#2891 = LINE ( 'NONE', #3687, #4860 ) ;
#2892 = CARTESIAN_POINT ( 'NONE',  ( -8.640485608557000319, 4.340000000000000746, 1.269999999999999796 ) ) ;
#2893 = ORIENTED_EDGE ( 'NONE', *, *, #4824, .F. ) ;
#2894 = ORIENTED_EDGE ( 'NONE', *, *, #7746, .T. ) ;
#2895 = VERTEX_POINT ( 'NONE', #1790 ) ;
#2896 = EDGE_CURVE ( 'NONE', #7704, #6866, #8333, .T. ) ;
#2897 = EDGE_CURVE ( 'NONE', #1863, #2394, #8712, .T. ) ;
#2898 = FACE_OUTER_BOUND ( 'NONE', #4916, .T. ) ;
#2899 = PLANE ( 'NONE',  #3258 ) ;
#2900 = CARTESIAN_POINT ( 'NONE',  ( -0.1400000000000007905, 2.580000000000000515, 6.519999999999999574 ) ) ;
#2901 = DIRECTION ( 'NONE',  ( 0.000000000000000000, 0.000000000000000000, -1.000000000000000000 ) ) ;
#2902 = ORIENTED_EDGE ( 'NONE', *, *, #7137, .F. ) ;
#2903 = EDGE_LOOP ( 'NONE', ( #3363, #3128, #6233, #1076, #836 ) ) ;
#2904 = EDGE_CURVE ( 'NONE', #2801, #3281, #5724, .T. ) ;
#2905 = CARTESIAN_POINT ( 'NONE',  ( -4.730000000000000426, 6.710000000000000853, 2.319999999999999840 ) ) ;
#2906 = AXIS2_PLACEMENT_3D ( 'NONE', #5103, #3606, #6648 ) ;
#2907 = ORIENTED_EDGE ( 'NONE', *, *, #6857, .F. ) ;
#2908 = DIRECTION ( 'NONE',  ( 0.000000000000000000, -1.000000000000000000, 0.000000000000000000 ) ) ;
#2909 = ORIENTED_EDGE ( 'NONE', *, *, #5107, .T. ) ;
#2910 = DIRECTION ( 'NONE',  ( 0.000000000000000000, -1.000000000000000000, 0.000000000000000000 ) ) ;
#2911 = AXIS2_PLACEMENT_3D ( 'NONE', #6525, #1994, #2083 ) ;
#2912 = DIRECTION ( 'NONE',  ( 0.000000000000000000, 0.000000000000000000, 1.000000000000000000 ) ) ;
#2913 = CARTESIAN_POINT ( 'NONE',  ( -4.270000000000001350, 6.710000000000000853, 8.920000000000001705 ) ) ;
#2914 = ORIENTED_EDGE ( 'NONE', *, *, #4434, .F. ) ;
#2915 = CARTESIAN_POINT ( 'NONE',  ( -1.730000000000000870, 6.710000000000000853, 2.319999999999999840 ) ) ;
#2916 = DIRECTION ( 'NONE',  ( 1.000000000000000000, 0.000000000000000000, 0.000000000000000000 ) ) ;
#2917 = ORIENTED_EDGE ( 'NONE', *, *, #8636, .F. ) ;
#2918 = AXIS2_PLACEMENT_3D ( 'NONE', #2824, #5863, #6564 ) ;
#2919 = AXIS2_PLACEMENT_3D ( 'NONE', #942, #1631, #8551 ) ;
#2920 = VECTOR ( 'NONE', #4314, 1000.000000000000000 ) ;
#2921 = FACE_OUTER_BOUND ( 'NONE', #4077, .T. ) ;
#2923 = EDGE_LOOP ( 'NONE', ( #298, #4861, #6097, #9672 ) ) ;
#2922 = FACE_OUTER_BOUND ( 'NONE', #6222, .T. ) ;
#2924 = CARTESIAN_POINT ( 'NONE',  ( -5.680000000000000604, 3.620000000000000995, 0.3099999999999999423 ) ) ;
#2925 = PLANE ( 'NONE',  #237 ) ;
#2926 = VECTOR ( 'NONE', #9526, 1000.000000000000000 ) ;
#2927 = DIRECTION ( 'NONE',  ( -0.000000000000000000, 1.000000000000000000, 0.000000000000000000 ) ) ;
#2928 = EDGE_CURVE ( 'NONE', #5098, #4792, #2583, .T. ) ;
#2929 = AXIS2_PLACEMENT_3D ( 'NONE', #226, #6105, #7692 ) ;
#2930 = ORIENTED_EDGE ( 'NONE', *, *, #3171, .T. ) ;
#2931 = VERTEX_POINT ( 'NONE', #7359 ) ;
#2932 = CARTESIAN_POINT ( 'NONE',  ( -4.475000000000000533, 8.673617379884035472E-16, 0.3099999999999999423 ) ) ;
#2933 = EDGE_CURVE ( 'NONE', #6298, #2477, #2823, .T. ) ;
#2934 = AXIS2_PLACEMENT_3D ( 'NONE', #7906, #231, #4064 ) ;
#2935 = DIRECTION ( 'NONE',  ( 1.000000000000000000, 0.000000000000000000, 0.000000000000000000 ) ) ;
#2936 = VECTOR ( 'NONE', #6935, 1000.000000000000114 ) ;
#2937 = VECTOR ( 'NONE', #7278, 1000.000000000000000 ) ;
#2938 = PLANE ( 'NONE',  #3663 ) ;
#2939 = CARTESIAN_POINT ( 'NONE',  ( -7.825000000000001954, 7.370000000000000995, 0.7599999999999997868 ) ) ;
#2940 = CARTESIAN_POINT ( 'NONE',  ( -7.825000000000001954, 7.115000000000001101, -0.9900000000000004352 ) ) ;
#2941 = EDGE_LOOP ( 'NONE', ( #1500, #4997, #9335, #8698, #6107, #6939 ) ) ;
#2942 = AXIS2_PLACEMENT_3D ( 'NONE', #1715, #3949, #1017 ) ;
#2943 = DIRECTION ( 'NONE',  ( 0.000000000000000000, 0.000000000000000000, 1.000000000000000000 ) ) ;
#2944 = FACE_OUTER_BOUND ( 'NONE', #827, .T. ) ;
#2945 = ORIENTED_EDGE ( 'NONE', *, *, #9100, .T. ) ;
#2946 = ORIENTED_EDGE ( 'NONE', *, *, #5854, .T. ) ;
#2947 = ORIENTED_EDGE ( 'NONE', *, *, #2559, .T. ) ;
#2948 = EDGE_CURVE ( 'NONE', #7327, #1290, #3520, .T. ) ;
#2949 = DIRECTION ( 'NONE',  ( 0.000000000000000000, -1.000000000000000000, 0.000000000000000000 ) ) ;
#2950 = DIRECTION ( 'NONE',  ( -1.000000000000000000, 0.000000000000000000, 0.000000000000000000 ) ) ;
#2951 = CARTESIAN_POINT ( 'NONE',  ( -2.525000000000000799, -1.749999999999998890, 5.320000000000000284 ) ) ;
#2952 = ORIENTED_EDGE ( 'NONE', *, *, #2126, .F. ) ;
#2953 = ORIENTED_EDGE ( 'NONE', *, *, #3516, .T. ) ;
#2954 = CARTESIAN_POINT ( 'NONE',  ( -9.825000000000001066, 4.515000000000000568, 3.770000000000000018 ) ) ;
#2955 = FILL_AREA_STYLE_COLOUR ( '', #1992 ) ;
#2956 = ORIENTED_EDGE ( 'NONE', *, *, #6084, .F. ) ;
#2957 = DIRECTION ( 'NONE',  ( 0.000000000000000000, 1.000000000000000000, 0.000000000000000000 ) ) ;
#2958 = ORIENTED_EDGE ( 'NONE', *, *, #5268, .T. ) ;
#2959 = DIRECTION ( 'NONE',  ( 1.000000000000000000, 0.000000000000000000, 0.000000000000000000 ) ) ;
#2960 = EDGE_CURVE ( 'NONE', #5546, #4099, #9597, .T. ) ;
#2961 = CARTESIAN_POINT ( 'NONE',  ( -7.825000000000001954, 7.115000000000001101, -0.9900000000000004352 ) ) ;
#2962 = CARTESIAN_POINT ( 'NONE',  ( -2.300000000000000711, 8.769999999999999574, 5.969999999999999751 ) ) ;
#2963 = FACE_OUTER_BOUND ( 'NONE', #5587, .T. ) ;
#2964 = ORIENTED_EDGE ( 'NONE', *, *, #4572, .T. ) ;
#2965 = LINE ( 'NONE', #7002, #8169 ) ;
#2966 = CARTESIAN_POINT ( 'NONE',  ( 0.1399999999999990696, -3.179999999999998828, -2.860000000000000764 ) ) ;
#2967 = AXIS2_PLACEMENT_3D ( 'NONE', #3468, #5765, #8943 ) ;
#2968 = ORIENTED_EDGE ( 'NONE', *, *, #608, .T. ) ;
#2969 = CARTESIAN_POINT ( 'NONE',  ( -3.320000000000000728, -2.179999999999998828, -3.319999999999999840 ) ) ;
#2970 = ADVANCED_FACE ( 'NONE', ( #1379 ), #3568, .F. ) ;
#2972 = ORIENTED_EDGE ( 'NONE', *, *, #3161, .T. ) ;
#2971 = CARTESIAN_POINT ( 'NONE',  ( -1.694337613708001067, -2.099999999999999645, 3.319999999999999840 ) ) ;
#2973 = CARTESIAN_POINT ( 'NONE',  ( 1.269999999999999352, 4.870000000000000995, 2.319999999999999840 ) ) ;
#2974 = AXIS2_PLACEMENT_3D ( 'NONE', #8358, #4580, #7616 ) ;
#2975 = CARTESIAN_POINT ( 'NONE',  ( 0.1399999999999990696, -3.179999999999998828, -2.860000000000000764 ) ) ;
#2976 = DIRECTION ( 'NONE',  ( 1.000000000000000000, 0.000000000000000000, 0.000000000000000000 ) ) ;
#2977 = CARTESIAN_POINT ( 'NONE',  ( -0.1400000000000007905, -3.179999999999998828, -3.140000000000000568 ) ) ;
#2978 = VERTEX_POINT ( 'NONE', #128 ) ;
#2979 = EDGE_LOOP ( 'NONE', ( #7113, #8960, #458, #4808 ) ) ;
#2980 = VECTOR ( 'NONE', #4260, 1000.000000000000000 ) ;
#2981 = CARTESIAN_POINT ( 'NONE',  ( -2.254944256102100919, -2.559956229294999108, 5.320000000000000284 ) ) ;
#2982 = EDGE_CURVE ( 'NONE', #5289, #1814, #5262, .T. ) ;
#2983 = DIRECTION ( 'NONE',  ( 0.000000000000000000, 1.000000000000000000, 0.000000000000000000 ) ) ;
#2984 = ADVANCED_FACE ( 'NONE', ( #2219 ), #81, .T. ) ;
#2985 = EDGE_CURVE ( 'NONE', #166, #7146, #4559, .T. ) ;
#2986 = CARTESIAN_POINT ( 'NONE',  ( 2.340485608556998720, 3.365000000000000657, 1.269999999999999796 ) ) ;
#2987 = PLANE ( 'NONE',  #8110 ) ;
#2988 = EDGE_CURVE ( 'NONE', #2656, #6033, #6157, .T. ) ;
#2989 = VERTEX_POINT ( 'NONE', #4511 ) ;
#2990 = EDGE_CURVE ( 'NONE', #1273, #2506, #3010, .T. ) ;
#2991 = DIRECTION ( 'NONE',  ( 0.000000000000000000, 0.000000000000000000, -1.000000000000000000 ) ) ;
#2992 = CARTESIAN_POINT ( 'NONE',  ( -2.525000000000000799, -1.749999999999998890, 4.320000000000000284 ) ) ;
#2993 = ORIENTED_EDGE ( 'NONE', *, *, #4091, .F. ) ;
#2994 = VERTEX_POINT ( 'NONE', #25 ) ;
#2995 = EDGE_LOOP ( 'NONE', ( #1155, #9303, #3757, #5680, #5700, #3467 ) ) ;
#2996 = DIRECTION ( 'NONE',  ( 0.000000000000000000, 0.000000000000000000, -1.000000000000000000 ) ) ;
#2997 = DIRECTION ( 'NONE',  ( 0.000000000000000000, 1.000000000000000000, 0.000000000000000000 ) ) ;
#2998 = LINE ( 'NONE', #8988, #3540 ) ;
#2999 = ORIENTED_EDGE ( 'NONE', *, *, #3044, .T. ) ;
#3000 = VERTEX_POINT ( 'NONE', #9148 ) ;
#3001 = CARTESIAN_POINT ( 'NONE',  ( 0.3199999999999991185, 5.529000000000000803, -3.319999999999999840 ) ) ;
#3002 = DIRECTION ( 'NONE',  ( 1.000000000000000000, 0.000000000000000000, 0.000000000000000000 ) ) ;
#3003 = EDGE_LOOP ( 'NONE', ( #7687, #2532, #4502, #3050 ) ) ;
#3004 = CARTESIAN_POINT ( 'NONE',  ( -5.680000000000000604, 4.260000000000000675, 0.3099999999999999423 ) ) ;
#3005 = ORIENTED_EDGE ( 'NONE', *, *, #9683, .F. ) ;
#3006 = CARTESIAN_POINT ( 'NONE',  ( 3.574999999999999289, 3.365000000000000657, 1.269999999999999796 ) ) ;
#3007 = PLANE ( 'NONE',  #8674 ) ;
#3008 = LINE ( 'NONE', #8203, #9760 ) ;
#3009 = ORIENTED_EDGE ( 'NONE', *, *, #7134, .T. ) ;
#3010 = LINE ( 'NONE', #9246, #4853 ) ;
#3011 = VECTOR ( 'NONE', #5333, 1000.000000000000000 ) ;
#3012 = CARTESIAN_POINT ( 'NONE',  ( -2.680000000000001048, 5.120000000000000995, 5.519999999999999574 ) ) ;
#3013 = CARTESIAN_POINT ( 'NONE',  ( -6.320000000000001172, 3.940000000000000835, 3.964999999999999858 ) ) ;
#3014 = ORIENTED_EDGE ( 'NONE', *, *, #7367, .F. ) ;
#3015 = VECTOR ( 'NONE', #7252, 1000.000000000000000 ) ;
#3016 = DIRECTION ( 'NONE',  ( 0.000000000000000000, 1.000000000000000000, 0.000000000000000000 ) ) ;
#3018 = ORIENTED_EDGE ( 'NONE', *, *, #9486, .T. ) ;
#3017 = LINE ( 'NONE', #2376, #6005 ) ;
#3019 = CARTESIAN_POINT ( 'NONE',  ( -6.320000000000001172, 3.940000000000000835, 3.964999999999999858 ) ) ;
#3020 = VECTOR ( 'NONE', #8448, 1000.000000000000000 ) ;
#3021 = DIRECTION ( 'NONE',  ( 0.000000000000000000, 0.000000000000000000, 1.000000000000000000 ) ) ;
#3022 = CARTESIAN_POINT ( 'NONE',  ( 3.324999999999998845, 7.370000000000000995, 5.750000000000000000 ) ) ;
#3023 = UNCERTAINTY_MEASURE_WITH_UNIT (LENGTH_MEASURE( 1.000000000000000082E-05 ), #1372, 'distance_accuracy_value', 'NONE');
#3024 = CARTESIAN_POINT ( 'NONE',  ( 0.3199999999999991185, 0.5100000000000008971, -0.3199999999999999512 ) ) ;
#3025 = AXIS2_PLACEMENT_3D ( 'NONE', #8181, #7529, #5100 ) ;
#3026 = ORIENTED_EDGE ( 'NONE', *, *, #5083, .T. ) ;
#3027 = EDGE_LOOP ( 'NONE', ( #9797, #6253, #1120, #1220 ) ) ;
#3028 = EDGE_CURVE ( 'NONE', #6759, #8280, #730, .T. ) ;
#3029 = DIRECTION ( 'NONE',  ( 0.000000000000000000, 1.000000000000000000, 0.000000000000000000 ) ) ;
#3030 = LINE ( 'NONE', #897, #602 ) ;
#3031 = VECTOR ( 'NONE', #300, 1000.000000000000000 ) ;
#3032 = EDGE_LOOP ( 'NONE', ( #9040, #9133, #8851, #470 ) ) ;
#3033 = LINE ( 'NONE', #6775, #8195 ) ;
#3034 = DIRECTION ( 'NONE',  ( 0.000000000000000000, 1.000000000000000000, 0.000000000000000000 ) ) ;
#3035 = ORIENTED_EDGE ( 'NONE', *, *, #9151, .F. ) ;
#3036 = FACE_OUTER_BOUND ( 'NONE', #3032, .T. ) ;
#3037 = EDGE_CURVE ( 'NONE', #7198, #5098, #6055, .T. ) ;
#3038 = CARTESIAN_POINT ( 'NONE',  ( 3.324999999999998845, 7.370000000000000995, 7.270000000000000462 ) ) ;
#3039 = VECTOR ( 'NONE', #2647, 1000.000000000000000 ) ;
#3040 = ORIENTED_EDGE ( 'NONE', *, *, #7513, .T. ) ;
#3041 = ORIENTED_EDGE ( 'NONE', *, *, #1085, .F. ) ;
#3042 = ORIENTED_EDGE ( 'NONE', *, *, #759, .T. ) ;
#3043 = LINE ( 'NONE', #2154, #2722 ) ;
#3044 = EDGE_CURVE ( 'NONE', #1466, #2706, #8341, .T. ) ;
#3045 = CARTESIAN_POINT ( 'NONE',  ( -3.949485188303400562, -2.437048056911000238, 3.319999999999999840 ) ) ;
#3046 = EDGE_CURVE ( 'NONE', #4635, #1949, #3959, .T. ) ;
#3047 = ADVANCED_FACE ( 'NONE', ( #3211 ), #9163, .T. ) ;
#3048 = CARTESIAN_POINT ( 'NONE',  ( -5.680000000000000604, 5.540000000000000924, -0.9900000000000004352 ) ) ;
#3049 = EDGE_CURVE ( 'NONE', #2009, #7894, #2486, .T. ) ;
#3050 = ORIENTED_EDGE ( 'NONE', *, *, #149, .F. ) ;
#3051 = ORIENTED_EDGE ( 'NONE', *, *, #4324, .F. ) ;
#3052 = FACE_OUTER_BOUND ( 'NONE', #8935, .T. ) ;
#3053 = LINE ( 'NONE', #2107, #5656 ) ;
#3054 = ORIENTED_EDGE ( 'NONE', *, *, #3598, .F. ) ;
#3055 = DIRECTION ( 'NONE',  ( 0.000000000000000000, -1.000000000000000000, 0.000000000000000000 ) ) ;
#3056 = VERTEX_POINT ( 'NONE', #3078 ) ;
#3057 = FACE_OUTER_BOUND ( 'NONE', #2567, .T. ) ;
#3058 = AXIS2_PLACEMENT_3D ( 'NONE', #4649, #918, #7683 ) ;
#3059 = DIRECTION ( 'NONE',  ( 0.000000000000000000, -0.1771529983152980714, -0.9841833239736893502 ) ) ;
#3060 = VECTOR ( 'NONE', #5395, 1000.000000000000000 ) ;
#3061 = LINE ( 'NONE', #1378, #5797 ) ;
#3062 = ORIENTED_EDGE ( 'NONE', *, *, #5004, .F. ) ;
#3063 = CARTESIAN_POINT ( 'NONE',  ( -7.940485608557000141, 1.530000000000000915, 8.920000000000001705 ) ) ;
#3064 = LINE ( 'NONE', #826, #7542 ) ;
#3065 = VERTEX_POINT ( 'NONE', #4624 ) ;
#3066 = DIRECTION ( 'NONE',  ( 0.000000000000000000, -1.000000000000000000, 0.000000000000000000 ) ) ;
#3067 = VECTOR ( 'NONE', #6147, 1000.000000000000000 ) ;
#3068 = EDGE_CURVE ( 'NONE', #4391, #4344, #1638, .T. ) ;
#3070 = VERTEX_POINT ( 'NONE', #8557 ) ;
#3069 = PLANE ( 'NONE',  #2353 ) ;
#3071 = DIRECTION ( 'NONE',  ( 0.7071067811865474617, -0.7071067811865474617, 0.000000000000000000 ) ) ;
#3072 = CARTESIAN_POINT ( 'NONE',  ( -0.3200000000000008393, -2.179999999999998828, -0.3199999999999999512 ) ) ;
#3073 = CARTESIAN_POINT ( 'NONE',  ( 0.3199999999999991185, 5.760000000000001563, 5.519999999999999574 ) ) ;
#3074 = DIRECTION ( 'NONE',  ( 0.000000000000000000, -1.000000000000000000, 0.000000000000000000 ) ) ;
#3075 = ORIENTED_EDGE ( 'NONE', *, *, #6024, .T. ) ;
#3076 = VECTOR ( 'NONE', #8955, 1000.000000000000000 ) ;
#3077 = ORIENTED_EDGE ( 'NONE', *, *, #2805, .F. ) ;
#3078 = CARTESIAN_POINT ( 'NONE',  ( 0.3199999999999991185, 4.260000000000000675, 0.3099999999999999423 ) ) ;
#3079 = CARTESIAN_POINT ( 'NONE',  ( -0.3200000000000008393, 2.760000000000000675, 0.3099999999999999423 ) ) ;
#3080 = CARTESIAN_POINT ( 'NONE',  ( -3.320000000000000728, 5.120000000000000995, 5.519999999999999574 ) ) ;
#3081 = AXIS2_PLACEMENT_3D ( 'NONE', #1824, #4867, #4010 ) ;
#3082 = VECTOR ( 'NONE', #1397, 1000.000000000000000 ) ;
#3083 = VECTOR ( 'NONE', #2115, 1000.000000000000227 ) ;
#3084 = LINE ( 'NONE', #7663, #9784 ) ;
#3085 = EDGE_CURVE ( 'NONE', #3214, #7837, #2385, .T. ) ;
#3086 = LINE ( 'NONE', #6133, #5881 ) ;
#3087 = DIRECTION ( 'NONE',  ( -0.7071067811865475727, -0.7071067811865475727, 0.000000000000000000 ) ) ;
#3088 = ORIENTED_EDGE ( 'NONE', *, *, #199, .F. ) ;
#3089 = FACE_OUTER_BOUND ( 'NONE', #554, .T. ) ;
#3090 = LINE ( 'NONE', #9172, #1180 ) ;
#3091 = ORIENTED_EDGE ( 'NONE', *, *, #6821, .F. ) ;
#3092 = ORIENTED_EDGE ( 'NONE', *, *, #175, .T. ) ;
#3093 = ORIENTED_EDGE ( 'NONE', *, *, #1602, .F. ) ;
#3094 = AXIS2_PLACEMENT_3D ( 'NONE', #3522, #1145, #1190 ) ;
#3095 = VECTOR ( 'NONE', #9321, 1000.000000000000000 ) ;
#3096 = VECTOR ( 'NONE', #2317, 1000.000000000000000 ) ;
#3097 = LINE ( 'NONE', #9226, #4469 ) ;
#3098 = EDGE_CURVE ( 'NONE', #8044, #9794, #2534, .T. ) ;
#3099 = LINE ( 'NONE', #9275, #5962 ) ;
#3100 = EDGE_CURVE ( 'NONE', #1938, #1454, #6869, .T. ) ;
#3101 = VECTOR ( 'NONE', #3150, 1000.000000000000000 ) ;
#3102 = LINE ( 'NONE', #3840, #9435 ) ;
#3103 = VERTEX_POINT ( 'NONE', #4682 ) ;
#3104 = ORIENTED_EDGE ( 'NONE', *, *, #6992, .F. ) ;
#3105 = CARTESIAN_POINT ( 'NONE',  ( 0.3199999999999991185, 4.889000000000001123, 0.3099999999999999423 ) ) ;
#3106 = CARTESIAN_POINT ( 'NONE',  ( 1.940485608556998587, 6.620000000000000995, 7.270000000000000462 ) ) ;
#3107 = EDGE_LOOP ( 'NONE', ( #3917, #6727, #5886, #3680 ) ) ;
#3108 = CARTESIAN_POINT ( 'NONE',  ( -9.324999999999999289, 8.673617379884035472E-16, 0.6099999999999998757 ) ) ;
#3109 = ADVANCED_FACE ( 'NONE', ( #619 ), #5145, .F. ) ;
#3110 = ORIENTED_EDGE ( 'NONE', *, *, #5400, .F. ) ;
#3111 = EDGE_CURVE ( 'NONE', #1260, #979, #2156, .T. ) ;
#3112 = CARTESIAN_POINT ( 'NONE',  ( -9.324999999999999289, 7.370000000000000995, 2.319999999999999840 ) ) ;
#3113 = CARTESIAN_POINT ( 'NONE',  ( -0.3200000000000008393, 1.160000000000000808, -0.9900000000000004352 ) ) ;
#3114 = CARTESIAN_POINT ( 'NONE',  ( -0.3200000000000008393, 4.889000000000001123, 0.3099999999999999423 ) ) ;
#3115 = ORIENTED_EDGE ( 'NONE', *, *, #9707, .T. ) ;
#3116 = DIRECTION ( 'NONE',  ( 1.000000000000000000, 0.000000000000000000, 0.000000000000000000 ) ) ;
#3117 = DIRECTION ( 'NONE',  ( 0.000000000000000000, 1.000000000000000000, 0.000000000000000000 ) ) ;
#3118 = LINE ( 'NONE', #5310, #72 ) ;
#3119 = ADVANCED_FACE ( 'NONE', ( #3695 ), #3648, .F. ) ;
#3120 = ORIENTED_EDGE ( 'NONE', *, *, #6934, .F. ) ;
#3121 = PLANE ( 'NONE',  #5272 ) ;
#3123 = ORIENTED_EDGE ( 'NONE', *, *, #1651, .T. ) ;
#3122 = LINE ( 'NONE', #8391, #8237 ) ;
#3124 = CARTESIAN_POINT ( 'NONE',  ( -3.570000000000001172, 4.170000000000000817, 2.319999999999999840 ) ) ;
#3125 = FACE_OUTER_BOUND ( 'NONE', #7749, .T. ) ;
#3126 = DIRECTION ( 'NONE',  ( 0.000000000000000000, 0.000000000000000000, -1.000000000000000000 ) ) ;
#3127 = DIRECTION ( 'NONE',  ( 1.000000000000000000, 0.000000000000000000, 0.000000000000000000 ) ) ;
#3128 = ORIENTED_EDGE ( 'NONE', *, *, #4747, .T. ) ;
#3129 = LINE ( 'NONE', #2487, #6428 ) ;
#3130 = AXIS2_PLACEMENT_3D ( 'NONE', #1834, #4070, #6259 ) ;
#3131 = DIRECTION ( 'NONE',  ( 0.000000000000000000, 1.000000000000000000, 0.000000000000000000 ) ) ;
#3132 = FACE_OUTER_BOUND ( 'NONE', #9162, .T. ) ;
#3133 = CARTESIAN_POINT ( 'NONE',  ( -3.320000000000000728, 2.760000000000000675, -0.3199999999999999512 ) ) ;
#3134 = PLANE ( 'NONE',  #1302 ) ;
#3135 = ORIENTED_EDGE ( 'NONE', *, *, #8361, .T. ) ;
#3136 = CARTESIAN_POINT ( 'NONE',  ( -1.730000000000000870, 4.170000000000000817, 8.920000000000001705 ) ) ;
#3137 = AXIS2_PLACEMENT_3D ( 'NONE', #358, #414, #1209 ) ;
#3138 = CARTESIAN_POINT ( 'NONE',  ( -1.694337613708001067, -1.749999999999998890, 3.319999999999999840 ) ) ;
#3139 = ORIENTED_EDGE ( 'NONE', *, *, #6357, .F. ) ;
#3140 = ORIENTED_EDGE ( 'NONE', *, *, #4833, .F. ) ;
#3141 = EDGE_CURVE ( 'NONE', #7198, #6781, #1366, .T. ) ;
#3142 = LINE ( 'NONE', #2446, #1135 ) ;
#3143 = DIRECTION ( 'NONE',  ( 0.000000000000000000, 1.000000000000000000, 0.000000000000000000 ) ) ;
#3144 = VECTOR ( 'NONE', #7112, 1000.000000000000000 ) ;
#3145 = CARTESIAN_POINT ( 'NONE',  ( 1.940161869518999493, 5.040000000000000924, 3.770000000000000018 ) ) ;
#3146 = ORIENTED_EDGE ( 'NONE', *, *, #5054, .T. ) ;
#3147 = ORIENTED_EDGE ( 'NONE', *, *, #8709, .F. ) ;
#3148 = EDGE_LOOP ( 'NONE', ( #4209, #5895, #7104, #6192 ) ) ;
#3149 = CARTESIAN_POINT ( 'NONE',  ( -3.700000000000001066, 7.370000000000000995, 8.379999999999999005 ) ) ;
#3150 = DIRECTION ( 'NONE',  ( 0.000000000000000000, -1.000000000000000000, 0.000000000000000000 ) ) ;
#3151 = ORIENTED_EDGE ( 'NONE', *, *, #367, .T. ) ;
#3152 = EDGE_CURVE ( 'NONE', #5346, #8928, #9734, .T. ) ;
#3153 = CARTESIAN_POINT ( 'NONE',  ( -3.320000000000000728, 2.760000000000000675, 0.3099999999999999423 ) ) ;
#3154 = ORIENTED_EDGE ( 'NONE', *, *, #6218, .F. ) ;
#3155 = VECTOR ( 'NONE', #1908, 1000.000000000000000 ) ;
#3156 = CARTESIAN_POINT ( 'NONE',  ( -0.1400000000000007905, 2.580000000000000515, 6.519999999999999574 ) ) ;
#3157 = DIRECTION ( 'NONE',  ( 1.000000000000000000, 0.000000000000000000, 0.000000000000000000 ) ) ;
#3158 = CARTESIAN_POINT ( 'NONE',  ( -7.825000000000001954, 7.370000000000000995, -0.9900000000000004352 ) ) ;
#3159 = ORIENTED_EDGE ( 'NONE', *, *, #1340, .F. ) ;
#3161 = EDGE_CURVE ( 'NONE', #8413, #930, #5953, .T. ) ;
#3160 = CARTESIAN_POINT ( 'NONE',  ( -2.680000000000001048, 3.940000000000000835, 3.964999999999999858 ) ) ;
#3162 = DIRECTION ( 'NONE',  ( -1.000000000000000000, 0.000000000000000000, 0.000000000000000000 ) ) ;
#3163 = VERTEX_POINT ( 'NONE', #2169 ) ;
#3164 = EDGE_CURVE ( 'NONE', #6126, #6683, #7496, .T. ) ;
#3165 = CARTESIAN_POINT ( 'NONE',  ( 0.1399999999999990696, 5.580000000000000959, 6.519999999999999574 ) ) ;
#3166 = DIRECTION ( 'NONE',  ( 0.000000000000000000, 0.000000000000000000, -1.000000000000000000 ) ) ;
#3167 = EDGE_CURVE ( 'NONE', #7635, #8142, #7072, .T. ) ;
#3169 = ORIENTED_EDGE ( 'NONE', *, *, #2365, .T. ) ;
#3168 = LINE ( 'NONE', #6910, #6654 ) ;
#3171 = EDGE_CURVE ( 'NONE', #7942, #4892, #6642, .T. ) ;
#3170 = LINE ( 'NONE', #3918, #6315 ) ;
#3172 = EDGE_CURVE ( 'NONE', #3946, #4468, #7816, .T. ) ;
#3173 = PLANE ( 'NONE',  #2919 ) ;
#3174 = PLANE ( 'NONE',  #1989 ) ;
#3175 = VECTOR ( 'NONE', #8828, 1000.000000000000000 ) ;
#3176 = CARTESIAN_POINT ( 'NONE',  ( -0.5700000000000010614, 1.170000000000000817, 8.920000000000001705 ) ) ;
#3177 = CARTESIAN_POINT ( 'NONE',  ( -3.475000000000000977, -3.179999999999998828, 3.787875858022199616 ) ) ;
#3179 = EDGE_CURVE ( 'NONE', #8435, #2724, #6086, .T. ) ;
#3178 = ORIENTED_EDGE ( 'NONE', *, *, #3591, .T. ) ;
#3180 = DIRECTION ( 'NONE',  ( 0.000000000000000000, -1.000000000000000000, 0.000000000000000000 ) ) ;
#3181 = VECTOR ( 'NONE', #3438, 1000.000000000000000 ) ;
#3182 = CARTESIAN_POINT ( 'NONE',  ( -0.3200000000000008393, 0.5100000000000008971, 0.3199999999999999512 ) ) ;
#3183 = AXIS2_PLACEMENT_3D ( 'NONE', #3778, #5003, #3549 ) ;
#3184 = CARTESIAN_POINT ( 'NONE',  ( -6.320000000000001172, 3.620000000000000995, 0.3099999999999999423 ) ) ;
#3185 = DIRECTION ( 'NONE',  ( 0.9841833239736893502, -0.1771529983152980714, 0.000000000000000000 ) ) ;
#3186 = LINE ( 'NONE', #8460, #3994 ) ;
#3187 = ORIENTED_EDGE ( 'NONE', *, *, #9505, .F. ) ;
#3188 = FACE_OUTER_BOUND ( 'NONE', #9753, .T. ) ;
#3189 = ORIENTED_EDGE ( 'NONE', *, *, #2318, .T. ) ;
#3190 = ORIENTED_EDGE ( 'NONE', *, *, #6934, .T. ) ;
#3191 = LINE ( 'NONE', #5588, #7390 ) ;
#3192 = VECTOR ( 'NONE', #8850, 1000.000000000000000 ) ;
#3193 = DIRECTION ( 'NONE',  ( 0.000000000000000000, 0.000000000000000000, 1.000000000000000000 ) ) ;
#3194 = LINE ( 'NONE', #5591, #6442 ) ;
#3195 = VECTOR ( 'NONE', #4126, 1000.000000000000227 ) ;
#3196 = ADVANCED_FACE ( 'NONE', ( #4492 ), #2899, .F. ) ;
#3197 = DIRECTION ( 'NONE',  ( 0.000000000000000000, 1.000000000000000000, 0.000000000000000000 ) ) ;
#3198 = VERTEX_POINT ( 'NONE', #2155 ) ;
#3199 = ORIENTED_EDGE ( 'NONE', *, *, #8042, .T. ) ;
#3200 = ORIENTED_EDGE ( 'NONE', *, *, #7149, .F. ) ;
#3201 = FACE_OUTER_BOUND ( 'NONE', #6199, .T. ) ;
#3202 = LINE ( 'NONE', #271, #8510 ) ;
#3203 = ORIENTED_EDGE ( 'NONE', *, *, #3823, .F. ) ;
#3204 = CARTESIAN_POINT ( 'NONE',  ( -3.700000000000001066, 8.769999999999999574, 6.720000000000000639 ) ) ;
#3205 = ORIENTED_EDGE ( 'NONE', *, *, #1280, .F. ) ;
#3206 = LINE ( 'NONE', #4715, #5952 ) ;
#3207 = EDGE_CURVE ( 'NONE', #1107, #1501, #8370, .T. ) ;
#3208 = DIRECTION ( 'NONE',  ( 1.000000000000000000, 0.000000000000000000, 0.000000000000000000 ) ) ;
#3209 = ORIENTED_EDGE ( 'NONE', *, *, #4365, .T. ) ;
#3210 = VERTEX_POINT ( 'NONE', #3746 ) ;
#3211 = FACE_OUTER_BOUND ( 'NONE', #4596, .T. ) ;
#3212 = DIRECTION ( 'NONE',  ( 0.000000000000000000, 1.000000000000000000, 0.000000000000000000 ) ) ;
#3213 = FACE_OUTER_BOUND ( 'NONE', #2697, .T. ) ;
#3214 = VERTEX_POINT ( 'NONE', #2304 ) ;
#3215 = LINE ( 'NONE', #7160, #6542 ) ;
#3217 = VERTEX_POINT ( 'NONE', #5990 ) ;
#3216 = CARTESIAN_POINT ( 'NONE',  ( -3.320000000000000728, 2.120000000000000995, 5.519999999999999574 ) ) ;
#3218 = CARTESIAN_POINT ( 'NONE',  ( 0.1399999999999990696, -3.179999999999998828, -2.860000000000000764 ) ) ;
#3219 = CARTESIAN_POINT ( 'NONE',  ( -3.320000000000000728, -2.179999999999998828, -0.3199999999999999512 ) ) ;
#3220 = EDGE_CURVE ( 'NONE', #4615, #5288, #8320, .T. ) ;
#3221 = DIRECTION ( 'NONE',  ( 0.000000000000000000, 0.000000000000000000, 1.000000000000000000 ) ) ;
#3222 = CARTESIAN_POINT ( 'NONE',  ( -5.680000000000000604, 5.529000000000000803, 0.3099999999999999423 ) ) ;
#3223 = DIRECTION ( 'NONE',  ( 0.1744369497454954787, -0.1744369497454954787, 0.9690941652527760297 ) ) ;
#3224 = ORIENTED_EDGE ( 'NONE', *, *, #8452, .T. ) ;
#3225 = VECTOR ( 'NONE', #2210, 1000.000000000000000 ) ;
#3226 = DIRECTION ( 'NONE',  ( -1.000000000000000000, 0.000000000000000000, 0.000000000000000000 ) ) ;
#3227 = CARTESIAN_POINT ( 'NONE',  ( -4.730000000000000426, 3.710000000000000409, 8.920000000000001705 ) ) ;
#3228 = DIRECTION ( 'NONE',  ( 0.000000000000000000, 1.000000000000000000, 0.000000000000000000 ) ) ;
#3229 = DIRECTION ( 'NONE',  ( 0.000000000000000000, 0.000000000000000000, 1.000000000000000000 ) ) ;
#3230 = AXIS2_PLACEMENT_3D ( 'NONE', #8013, #6478, #7321 ) ;
#3231 = CARTESIAN_POINT ( 'NONE',  ( -3.475000000000000977, 0.5100000000000008971, 0.3099999999999999423 ) ) ;
#3232 = CARTESIAN_POINT ( 'NONE',  ( 2.304999999999998828, 8.673617379884035472E-16, 0.6099999999999998757 ) ) ;
#3233 = ORIENTED_EDGE ( 'NONE', *, *, #7806, .T. ) ;
#3234 = LINE ( 'NONE', #9222, #3095 ) ;
#3235 = ORIENTED_EDGE ( 'NONE', *, *, #7182, .F. ) ;
#3236 = EDGE_LOOP ( 'NONE', ( #4552, #752, #7517, #9030, #9098, #9827, #5983, #4361, #5801, #6932, #7787, #9058, #4333, #8064 ) ) ;
#3237 = EDGE_CURVE ( 'NONE', #2649, #9140, #714, .T. ) ;
#3238 = DIRECTION ( 'NONE',  ( 0.000000000000000000, 0.000000000000000000, -1.000000000000000000 ) ) ;
#3239 = VECTOR ( 'NONE', #8464, 1000.000000000000000 ) ;
#3240 = VECTOR ( 'NONE', #6514, 1000.000000000000000 ) ;
#3241 = CARTESIAN_POINT ( 'NONE',  ( -0.3200000000000008393, 4.260000000000000675, -0.9900000000000004352 ) ) ;
#3242 = AXIS2_PLACEMENT_3D ( 'NONE', #7598, #9834, #775 ) ;
#3243 = CARTESIAN_POINT ( 'NONE',  ( -0.3200000000000008393, -2.179999999999998828, -0.3199999999999999512 ) ) ;
#3244 = VECTOR ( 'NONE', #3759, 1000.000000000000000 ) ;
#3245 = VECTOR ( 'NONE', #3325, 1000.000000000000000 ) ;
#3246 = PLANE ( 'NONE',  #8471 ) ;
#3247 = ORIENTED_EDGE ( 'NONE', *, *, #1148, .F. ) ;
#3248 = ORIENTED_EDGE ( 'NONE', *, *, #1837, .F. ) ;
#3249 = VECTOR ( 'NONE', #4728, 1000.000000000000000 ) ;
#3250 = ORIENTED_EDGE ( 'NONE', *, *, #2561, .T. ) ;
#3251 = ADVANCED_FACE ( 'NONE', ( #1558 ), #7393, .F. ) ;
#3252 = CARTESIAN_POINT ( 'NONE',  ( -8.673617379884035472E-16, 5.210000000000000853, 6.019999999999999574 ) ) ;
#3253 = FACE_OUTER_BOUND ( 'NONE', #2453, .T. ) ;
#3254 = ORIENTED_EDGE ( 'NONE', *, *, #7378, .F. ) ;
#3255 = CARTESIAN_POINT ( 'NONE',  ( -0.1400000000000007905, -3.179999999999998828, -0.1400000000000003741 ) ) ;
#3256 = PRESENTATION_LAYER_ASSIGNMENT (  '', '', ( #5813 ) ) ;
#3257 = ORIENTED_EDGE ( 'NONE', *, *, #2042, .F. ) ;
#3258 = AXIS2_PLACEMENT_3D ( 'NONE', #6687, #5343, #7 ) ;
#3259 = VECTOR ( 'NONE', #1293, 1000.000000000000000 ) ;
#3260 = PLANE ( 'NONE',  #2455 ) ;
#3261 = CARTESIAN_POINT ( 'NONE',  ( 2.640485608556998987, 4.340000000000000746, 1.269999999999999796 ) ) ;
#3262 = ORIENTED_EDGE ( 'NONE', *, *, #3903, .F. ) ;
#3263 = ORIENTED_EDGE ( 'NONE', *, *, #7732, .F. ) ;
#3264 = ORIENTED_EDGE ( 'NONE', *, *, #59, .F. ) ;
#3265 = DIRECTION ( 'NONE',  ( 1.000000000000000000, 0.000000000000000000, 0.000000000000000000 ) ) ;
#3266 = FACE_OUTER_BOUND ( 'NONE', #9174, .T. ) ;
#3267 = ORIENTED_EDGE ( 'NONE', *, *, #4948, .F. ) ;
#3268 = CARTESIAN_POINT ( 'NONE',  ( -2.680000000000001048, -2.179999999999998828, -2.680000000000000160 ) ) ;
#3269 = DIRECTION ( 'NONE',  ( -0.1771529983152980714, 0.9841833239736893502, 0.000000000000000000 ) ) ;
#3270 = EDGE_CURVE ( 'NONE', #920, #5152, #8275, .T. ) ;
#3272 = ORIENTED_EDGE ( 'NONE', *, *, #1053, .F. ) ;
#3271 = CARTESIAN_POINT ( 'NONE',  ( -5.680000000000000604, -2.179999999999998828, 0.3199999999999999512 ) ) ;
#3273 = ADVANCED_FACE ( 'NONE', ( #7530 ), #3789, .T. ) ;
#3274 = LINE ( 'NONE', #5669, #5686 ) ;
#3275 = CARTESIAN_POINT ( 'NONE',  ( -3.320000000000000728, 3.620000000000000995, -0.3199999999999999512 ) ) ;
#3276 = DIRECTION ( 'NONE',  ( 1.000000000000000000, 0.000000000000000000, 0.000000000000000000 ) ) ;
#3277 = CARTESIAN_POINT ( 'NONE',  ( -9.324999999999999289, 5.040000000000000924, 7.270000000000000462 ) ) ;
#3278 = CARTESIAN_POINT ( 'NONE',  ( -2.525000000000000799, 8.673617379884035472E-16, 4.320000000000000284 ) ) ;
#3279 = PLANE ( 'NONE',  #2852 ) ;
#3280 = ORIENTED_EDGE ( 'NONE', *, *, #8071, .F. ) ;
#3281 = VERTEX_POINT ( 'NONE', #6038 ) ;
#3282 = CARTESIAN_POINT ( 'NONE',  ( -3.320000000000000728, 5.540000000000000924, -0.3199999999999999512 ) ) ;
#3283 = CARTESIAN_POINT ( 'NONE',  ( -5.860000000000000320, -3.179999999999998828, 0.1399999999999999301 ) ) ;
#3284 = DIRECTION ( 'NONE',  ( 1.000000000000000000, 0.000000000000000000, 0.000000000000000000 ) ) ;
#3285 = LINE ( 'NONE', #5582, #6013 ) ;
#3286 = EDGE_CURVE ( 'NONE', #5705, #6604, #8981, .T. ) ;
#3287 = CARTESIAN_POINT ( 'NONE',  ( -3.475000000000000977, -3.054999999999999716, 3.571369507076100014 ) ) ;
#3288 = CARTESIAN_POINT ( 'NONE',  ( -3.475000000000000977, 0.5100000000000008971, 7.509999999999998899 ) ) ;
#3289 = ORIENTED_EDGE ( 'NONE', *, *, #5720, .F. ) ;
#3290 = VERTEX_POINT ( 'NONE', #9078 ) ;
#3291 = ORIENTED_EDGE ( 'NONE', *, *, #1521, .T. ) ;
#3292 = ADVANCED_FACE ( 'NONE', ( #761, #4545 ), #3602, .T. ) ;
#3293 = AXIS2_PLACEMENT_3D ( 'NONE', #6487, #9528, #3490 ) ;
#3294 = EDGE_CURVE ( 'NONE', #3953, #749, #2099, .T. ) ;
#3295 = DIRECTION ( 'NONE',  ( 1.000000000000000000, 0.000000000000000000, 0.000000000000000000 ) ) ;
#3296 = EDGE_CURVE ( 'NONE', #2247, #2299, #5541, .T. ) ;
#3297 = CARTESIAN_POINT ( 'NONE',  ( -2.680000000000001048, 3.620000000000000995, 0.3099999999999999423 ) ) ;
#3298 = CARTESIAN_POINT ( 'NONE',  ( 0.3199999999999991185, 0.5100000000000008971, 0.3199999999999999512 ) ) ;
#3299 = EDGE_CURVE ( 'NONE', #1369, #3458, #7090, .T. ) ;
#3300 = EDGE_CURVE ( 'NONE', #1741, #1370, #265, .T. ) ;
#3301 = VECTOR ( 'NONE', #9166, 1000.000000000000000 ) ;
#3302 = CARTESIAN_POINT ( 'NONE',  ( -5.680000000000000604, 7.115000000000001101, -0.9900000000000004352 ) ) ;
#3303 = VERTEX_POINT ( 'NONE', #8522 ) ;
#3304 = ORIENTED_EDGE ( 'NONE', *, *, #2566, .F. ) ;
#3305 = ORIENTED_EDGE ( 'NONE', *, *, #2388, .T. ) ;
#3306 = CARTESIAN_POINT ( 'NONE',  ( -2.680000000000001048, 5.529000000000000803, -0.3199999999999999512 ) ) ;
#3307 = VERTEX_POINT ( 'NONE', #1707 ) ;
#3308 = VECTOR ( 'NONE', #7009, 1000.000000000000000 ) ;
#3309 = ORIENTED_EDGE ( 'NONE', *, *, #500, .T. ) ;
#3310 = LINE ( 'NONE', #6347, #3175 ) ;
#3311 = CARTESIAN_POINT ( 'NONE',  ( -2.680000000000001048, 2.760000000000000675, 0.3099999999999999423 ) ) ;
#3312 = VERTEX_POINT ( 'NONE', #3298 ) ;
#3313 = ORIENTED_EDGE ( 'NONE', *, *, #8286, .T. ) ;
#3314 = DIRECTION ( 'NONE',  ( -1.000000000000000000, 0.000000000000000000, 0.000000000000000000 ) ) ;
#3315 = CARTESIAN_POINT ( 'NONE',  ( -5.770000000000000462, 2.440000000000000835, 6.019999999999999574 ) ) ;
#3316 = ORIENTED_EDGE ( 'NONE', *, *, #2698, .F. ) ;
#3317 = EDGE_CURVE ( 'NONE', #3449, #9489, #6335, .T. ) ;
#3318 = CARTESIAN_POINT ( 'NONE',  ( 3.574999999999999289, 5.040000000000000924, 5.750000000000000000 ) ) ;
#3319 = CARTESIAN_POINT ( 'NONE',  ( -2.680000000000001048, 2.760000000000000675, 5.519999999999999574 ) ) ;
#3321 = EDGE_LOOP ( 'NONE', ( #5867, #1223, #5606, #8539 ) ) ;
#3320 = LINE ( 'NONE', #1039, #7929 ) ;
#3322 = FACE_OUTER_BOUND ( 'NONE', #3148, .T. ) ;
#3323 = PLANE ( 'NONE',  #3574 ) ;
#3324 = DIRECTION ( 'NONE',  ( -1.000000000000000000, 0.000000000000000000, 0.000000000000000000 ) ) ;
#3325 = DIRECTION ( 'NONE',  ( 0.000000000000000000, 1.000000000000000000, 0.000000000000000000 ) ) ;
#3326 = ADVANCED_FACE ( 'NONE', ( #5496 ), #1605, .F. ) ;
#3327 = CARTESIAN_POINT ( 'NONE',  ( -8.325000000000001066, 2.940000000000000835, -0.3199999999999999512 ) ) ;
#3328 = CARTESIAN_POINT ( 'NONE',  ( -2.525000000000000799, 8.673617379884035472E-16, 5.320000000000000284 ) ) ;
#3329 = ORIENTED_EDGE ( 'NONE', *, *, #570, .T. ) ;
#3330 = EDGE_LOOP ( 'NONE', ( #1172, #4289, #2831, #7155 ) ) ;
#3331 = CARTESIAN_POINT ( 'NONE',  ( -2.860000000000001208, -3.179999999999998828, -3.140000000000000568 ) ) ;
#3332 = LINE ( 'NONE', #8764, #5855 ) ;
#3333 = LINE ( 'NONE', #898, #5218 ) ;
#3334 = LINE ( 'NONE', #7826, #4608 ) ;
#3335 = CARTESIAN_POINT ( 'NONE',  ( 2.304999999999998828, 8.673617379884035472E-16, -0.9900000000000004352 ) ) ;
#3336 = EDGE_CURVE ( 'NONE', #2006, #2477, #812, .T. ) ;
#3337 = ORIENTED_EDGE ( 'NONE', *, *, #6769, .T. ) ;
#3338 = ORIENTED_EDGE ( 'NONE', *, *, #2631, .T. ) ;
#3339 = VERTEX_POINT ( 'NONE', #4748 ) ;
#3340 = VECTOR ( 'NONE', #6633, 1000.000000000000000 ) ;
#3341 = DIRECTION ( 'NONE',  ( 1.000000000000000000, 0.000000000000000000, 0.000000000000000000 ) ) ;
#3342 = CARTESIAN_POINT ( 'NONE',  ( -2.680000000000001048, 3.940000000000000835, 3.964999999999999858 ) ) ;
#3343 = CARTESIAN_POINT ( 'NONE',  ( -6.320000000000001172, 5.540000000000000924, -0.9900000000000004352 ) ) ;
#3344 = CARTESIAN_POINT ( 'NONE',  ( -0.3200000000000008393, 2.760000000000000675, 5.519999999999999574 ) ) ;
#3345 = VECTOR ( 'NONE', #382, 1000.000000000000000 ) ;
#3346 = ORIENTED_EDGE ( 'NONE', *, *, #6345, .F. ) ;
#3347 = ORIENTED_EDGE ( 'NONE', *, *, #8590, .F. ) ;
#3348 = ORIENTED_EDGE ( 'NONE', *, *, #7882, .F. ) ;
#3349 = LINE ( 'NONE', #3149, #1806 ) ;
#3350 = EDGE_LOOP ( 'NONE', ( #1, #2517, #2363, #497 ) ) ;
#3351 = ADVANCED_FACE ( 'NONE', ( #7034 ), #9374, .T. ) ;
#3352 = PLANE ( 'NONE',  #3818 ) ;
#3353 = VERTEX_POINT ( 'NONE', #856 ) ;
#3354 = VECTOR ( 'NONE', #3433, 1000.000000000000000 ) ;
#3355 = ADVANCED_FACE ( 'NONE', ( #2401 ), #8470, .T. ) ;
#3356 = ADVANCED_FACE ( 'NONE', ( #3838 ), #9775, .T. ) ;
#3357 = DIRECTION ( 'NONE',  ( 0.000000000000000000, 0.000000000000000000, -1.000000000000000000 ) ) ;
#3358 = VERTEX_POINT ( 'NONE', #2500 ) ;
#3359 = ORIENTED_EDGE ( 'NONE', *, *, #4572, .F. ) ;
#3360 = ORIENTED_EDGE ( 'NONE', *, *, #1718, .T. ) ;
#3361 = DIRECTION ( 'NONE',  ( 0.000000000000000000, 0.000000000000000000, 1.000000000000000000 ) ) ;
#3362 = CARTESIAN_POINT ( 'NONE',  ( -7.940485608557000141, 7.370000000000000995, 8.920000000000001705 ) ) ;
#3363 = ORIENTED_EDGE ( 'NONE', *, *, #4142, .T. ) ;
#3364 = EDGE_CURVE ( 'NONE', #4756, #611, #3194, .T. ) ;
#3365 = CARTESIAN_POINT ( 'NONE',  ( -9.574999999999999289, 1.160000000000000808, -0.9900000000000004352 ) ) ;
#3366 = DIRECTION ( 'NONE',  ( 0.000000000000000000, 0.000000000000000000, -1.000000000000000000 ) ) ;
#3368 = ORIENTED_EDGE ( 'NONE', *, *, #4267, .F. ) ;
#3367 = DIRECTION ( 'NONE',  ( 0.000000000000000000, 0.000000000000000000, -1.000000000000000000 ) ) ;
#3369 = DIRECTION ( 'NONE',  ( 0.000000000000000000, 0.000000000000000000, -1.000000000000000000 ) ) ;
#3370 = DIRECTION ( 'NONE',  ( 1.000000000000000000, 0.000000000000000000, 0.000000000000000000 ) ) ;
#3371 = DIRECTION ( 'NONE',  ( 0.000000000000000000, 1.000000000000000000, 0.000000000000000000 ) ) ;
#3372 = PLANE ( 'NONE',  #6844 ) ;
#3373 = DIRECTION ( 'NONE',  ( 0.000000000000000000, 0.000000000000000000, -1.000000000000000000 ) ) ;
#3374 = DIRECTION ( 'NONE',  ( 1.000000000000000000, 0.000000000000000000, 0.000000000000000000 ) ) ;
#3375 = ORIENTED_EDGE ( 'NONE', *, *, #8578, .F. ) ;
#3376 = EDGE_LOOP ( 'NONE', ( #2555, #9067, #2080 ) ) ;
#3377 = EDGE_CURVE ( 'NONE', #6351, #5586, #8572, .T. ) ;
#3378 = CARTESIAN_POINT ( 'NONE',  ( -5.860000000000000320, -3.179999999999998828, 0.1399999999999999301 ) ) ;
#3379 = EDGE_CURVE ( 'NONE', #6578, #611, #56, .T. ) ;
#3380 = CARTESIAN_POINT ( 'NONE',  ( 1.940161869518999493, 3.365000000000000657, 3.770000000000000018 ) ) ;
#3381 = DIRECTION ( 'NONE',  ( 0.000000000000000000, 0.000000000000000000, 1.000000000000000000 ) ) ;
#3382 = LINE ( 'NONE', #8723, #6039 ) ;
#3383 = VECTOR ( 'NONE', #421, 1000.000000000000114 ) ;
#3384 = LINE ( 'NONE', #3335, #9754 ) ;
#3385 = VERTEX_POINT ( 'NONE', #7782 ) ;
#3386 = ORIENTED_EDGE ( 'NONE', *, *, #4083, .T. ) ;
#3387 = ORIENTED_EDGE ( 'NONE', *, *, #8694, .F. ) ;
#3388 = CARTESIAN_POINT ( 'NONE',  ( -5.680000000000000604, 0.5100000000000008971, -0.3199999999999999512 ) ) ;
#3389 = CARTESIAN_POINT ( 'NONE',  ( -0.5700000000000010614, 1.170000000000000817, 8.920000000000001705 ) ) ;
#3390 = DIRECTION ( 'NONE',  ( 1.000000000000000000, 0.000000000000000000, 0.000000000000000000 ) ) ;
#3391 = EDGE_CURVE ( 'NONE', #7605, #7434, #3099, .T. ) ;
#3392 = VECTOR ( 'NONE', #8232, 1000.000000000000227 ) ;
#3393 = CARTESIAN_POINT ( 'NONE',  ( -7.940485608557000141, 6.620000000000000995, 7.270000000000000462 ) ) ;
#3394 = ORIENTED_EDGE ( 'NONE', *, *, #7437, .F. ) ;
#3395 = VERTEX_POINT ( 'NONE', #3941 ) ;
#3396 = ORIENTED_EDGE ( 'NONE', *, *, #1636, .F. ) ;
#3397 = AXIS2_PLACEMENT_3D ( 'NONE', #2396, #3831, #7170 ) ;
#3398 = EDGE_LOOP ( 'NONE', ( #3411, #1855, #297, #269 ) ) ;
#3399 = VECTOR ( 'NONE', #9272, 1000.000000000000000 ) ;
#3400 = VECTOR ( 'NONE', #7346, 1000.000000000000000 ) ;
#3401 = EDGE_CURVE ( 'NONE', #5648, #5885, #1010, .T. ) ;
#3402 = LINE ( 'NONE', #6450, #7325 ) ;
#3403 = ADVANCED_FACE ( 'NONE', ( #4042 ), #1756, .T. ) ;
#3404 = ORIENTED_EDGE ( 'NONE', *, *, #8562, .T. ) ;
#3405 = VECTOR ( 'NONE', #1971, 1000.000000000000000 ) ;
#3406 = AXIS2_PLACEMENT_3D ( 'NONE', #5117, #6953, #1677 ) ;
#3407 = VECTOR ( 'NONE', #78, 1000.000000000000227 ) ;
#3408 = PLANE ( 'NONE',  #5643 ) ;
#3409 = ORIENTED_EDGE ( 'NONE', *, *, #9161, .F. ) ;
#3410 = ORIENTED_EDGE ( 'NONE', *, *, #7298, .F. ) ;
#3411 = ORIENTED_EDGE ( 'NONE', *, *, #3377, .F. ) ;
#3412 = DIRECTION ( 'NONE',  ( -0.6251136299221046189, 0.2328854699710014020, -0.7449814142393056393 ) ) ;
#3413 = CARTESIAN_POINT ( 'NONE',  ( -3.700000000000001066, 8.769999999999999574, 6.720000000000000639 ) ) ;
#3414 = ORIENTED_EDGE ( 'NONE', *, *, #3621, .F. ) ;
#3415 = ADVANCED_FACE ( 'NONE', ( #5393 ), #8417, .T. ) ;
#3416 = AXIS2_PLACEMENT_3D ( 'NONE', #4224, #7272, #445 ) ;
#3417 = EDGE_CURVE ( 'NONE', #9361, #8240, #2745, .T. ) ;
#3418 = VECTOR ( 'NONE', #9032, 1000.000000000000000 ) ;
#3419 = FACE_OUTER_BOUND ( 'NONE', #7051, .T. ) ;
#3420 = AXIS2_PLACEMENT_3D ( 'NONE', #1483, #6018, #4524 ) ;
#3422 = VERTEX_POINT ( 'NONE', #6539 ) ;
#3421 = LINE ( 'NONE', #4068, #921 ) ;
#3423 = LINE ( 'NONE', #3617, #5196 ) ;
#3424 = CARTESIAN_POINT ( 'NONE',  ( 0.1399999999999990696, -3.179999999999998828, -0.1400000000000003741 ) ) ;
#3425 = CARTESIAN_POINT ( 'NONE',  ( -4.270000000000001350, 6.710000000000000853, 8.920000000000001705 ) ) ;
#3426 = EDGE_CURVE ( 'NONE', #1018, #6184, #2796, .T. ) ;
#3427 = VECTOR ( 'NONE', #7383, 1000.000000000000000 ) ;
#3428 = DIRECTION ( 'NONE',  ( 1.000000000000000000, 0.000000000000000000, 0.000000000000000000 ) ) ;
#3429 = FACE_OUTER_BOUND ( 'NONE', #1225, .T. ) ;
#3430 = LINE ( 'NONE', #5823, #6490 ) ;
#3431 = ORIENTED_EDGE ( 'NONE', *, *, #4993, .T. ) ;
#3432 = ORIENTED_EDGE ( 'NONE', *, *, #1312, .T. ) ;
#3433 = DIRECTION ( 'NONE',  ( -1.000000000000000000, 0.000000000000000000, 0.000000000000000000 ) ) ;
#3434 = LINE ( 'NONE', #6475, #3767 ) ;
#3435 = CARTESIAN_POINT ( 'NONE',  ( -6.320000000000001172, 5.120000000000000995, 2.319999999999999840 ) ) ;
#3436 = LINE ( 'NONE', #3482, #3259 ) ;
#3437 = B_SPLINE_CURVE_WITH_KNOTS ( 'NONE', 3,
 ( #9306, #993, #92, #4019 ),
 .UNSPECIFIED., .F., .F.,
 ( 4, 4 ),
 ( 0.000000000000000000, 1.000000000000000000 ),
 .UNSPECIFIED. ) ;
#3438 = DIRECTION ( 'NONE',  ( -1.000000000000000000, 0.000000000000000000, 0.000000000000000000 ) ) ;
#3439 = FACE_OUTER_BOUND ( 'NONE', #52, .T. ) ;
#3440 = ORIENTED_EDGE ( 'NONE', *, *, #1384, .T. ) ;
#3441 = ORIENTED_EDGE ( 'NONE', *, *, #8387, .T. ) ;
#3442 = CARTESIAN_POINT ( 'NONE',  ( -3.000000000000000888, 2.210000000000000853, 6.019999999999999574 ) ) ;
#3443 = CARTESIAN_POINT ( 'NONE',  ( -3.570000000000001172, 4.170000000000000817, 8.920000000000001705 ) ) ;
#3444 = PLANE ( 'NONE',  #3293 ) ;
#3445 = VECTOR ( 'NONE', #3071, 1000.000000000000114 ) ;
#3446 = FACE_OUTER_BOUND ( 'NONE', #6283, .T. ) ;
#3447 = ORIENTED_EDGE ( 'NONE', *, *, #6645, .F. ) ;
#3448 = ORIENTED_EDGE ( 'NONE', *, *, #9414, .T. ) ;
#3449 = VERTEX_POINT ( 'NONE', #6386 ) ;
#3450 = EDGE_CURVE ( 'NONE', #8142, #8843, #514, .T. ) ;
#3451 = DIRECTION ( 'NONE',  ( 1.000000000000000000, 0.000000000000000000, 0.000000000000000000 ) ) ;
#3452 = CARTESIAN_POINT ( 'NONE',  ( -3.320000000000000728, 0.5100000000000008971, -0.3199999999999999512 ) ) ;
#3453 = CARTESIAN_POINT ( 'NONE',  ( 1.269999999999999352, 4.870000000000000995, 2.319999999999999840 ) ) ;
#3454 = VECTOR ( 'NONE', #2651, 1000.000000000000000 ) ;
#3455 = PLANE ( 'NONE',  #6103 ) ;
#3456 = CARTESIAN_POINT ( 'NONE',  ( -6.320000000000001172, 0.5100000000000008971, -0.3199999999999999512 ) ) ;
#3457 = ADVANCED_FACE ( 'NONE', ( #1860 ), #4239, .T. ) ;
#3458 = VERTEX_POINT ( 'NONE', #9425 ) ;
#3459 = ORIENTED_EDGE ( 'NONE', *, *, #8347, .T. ) ;
#3460 = ORIENTED_EDGE ( 'NONE', *, *, #793, .T. ) ;
#3461 = DIRECTION ( 'NONE',  ( 0.000000000000000000, 1.000000000000000000, 0.000000000000000000 ) ) ;
#3462 = FACE_OUTER_BOUND ( 'NONE', #6855, .T. ) ;
#3463 = AXIS2_PLACEMENT_3D ( 'NONE', #4376, #8953, #7417 ) ;
#3464 = EDGE_LOOP ( 'NONE', ( #3200, #3329, #2720, #3616 ) ) ;
#3465 = DIRECTION ( 'NONE',  ( 0.000000000000000000, -1.000000000000000000, 0.000000000000000000 ) ) ;
#3467 = ORIENTED_EDGE ( 'NONE', *, *, #5426, .F. ) ;
#3466 = DIRECTION ( 'NONE',  ( -0.000000000000000000, 1.000000000000000000, 0.000000000000000000 ) ) ;
#3468 = CARTESIAN_POINT ( 'NONE',  ( -6.320000000000001172, 7.370000000000000995, 0.3099999999999999423 ) ) ;
#3469 = VECTOR ( 'NONE', #5431, 1000.000000000000000 ) ;
#3470 = LINE ( 'NONE', #2726, #5472 ) ;
#3471 = PLANE ( 'NONE',  #2302 ) ;
#3472 = EDGE_CURVE ( 'NONE', #3307, #9823, #7982, .T. ) ;
#3473 = DIRECTION ( 'NONE',  ( 0.000000000000000000, -1.000000000000000000, 0.000000000000000000 ) ) ;
#3474 = CARTESIAN_POINT ( 'NONE',  ( -8.673617379884035472E-16, -2.679999999999999272, -2.770000000000000018 ) ) ;
#3475 = LINE ( 'NONE', #5911, #1034 ) ;
#3476 = ORIENTED_EDGE ( 'NONE', *, *, #8432, .T. ) ;
#3477 = ADVANCED_FACE ( 'NONE', ( #415 ), #1807, .T. ) ;
#3478 = DIRECTION ( 'NONE',  ( 0.7071067811865474617, 0.7071067811865474617, 0.000000000000000000 ) ) ;
#3479 = EDGE_CURVE ( 'NONE', #2614, #9650, #9573, .T. ) ;
#3480 = DIRECTION ( 'NONE',  ( 0.000000000000000000, 0.000000000000000000, -1.000000000000000000 ) ) ;
#3481 = DIRECTION ( 'NONE',  ( 0.000000000000000000, 1.000000000000000000, 0.000000000000000000 ) ) ;
#3482 = CARTESIAN_POINT ( 'NONE',  ( -5.680000000000000604, 4.889000000000001123, -0.3199999999999999512 ) ) ;
#3483 = LINE ( 'NONE', #454, #2704 ) ;
#3484 = EDGE_CURVE ( 'NONE', #640, #7977, #2703, .T. ) ;
#3485 = DIRECTION ( 'NONE',  ( 0.000000000000000000, 0.000000000000000000, 1.000000000000000000 ) ) ;
#3486 = ORIENTED_EDGE ( 'NONE', *, *, #6828, .T. ) ;
#3487 = ORIENTED_EDGE ( 'NONE', *, *, #2289, .F. ) ;
#3488 = CARTESIAN_POINT ( 'NONE',  ( 0.3199999999999991185, 5.760000000000001563, 2.319999999999999840 ) ) ;
#3489 = CARTESIAN_POINT ( 'NONE',  ( -3.320000000000000728, 0.5100000000000008971, -0.9900000000000004352 ) ) ;
#3490 = DIRECTION ( 'NONE',  ( 0.000000000000000000, 1.000000000000000000, 0.000000000000000000 ) ) ;
#3491 = PLANE ( 'NONE',  #4445 ) ;
#3492 = AXIS2_PLACEMENT_3D ( 'NONE', #150, #3185, #6229 ) ;
#3493 = CARTESIAN_POINT ( 'NONE',  ( -8.340485608557001385, 3.540000000000000480, 1.269999999999999796 ) ) ;
#3494 = ORIENTED_EDGE ( 'NONE', *, *, #7838, .F. ) ;
#3495 = ORIENTED_EDGE ( 'NONE', *, *, #2690, .F. ) ;
#3496 = VERTEX_POINT ( 'NONE', #4140 ) ;
#3497 = AXIS2_PLACEMENT_3D ( 'NONE', #8037, #3499, #7342 ) ;
#3498 = EDGE_CURVE ( 'NONE', #3217, #8198, #8731, .T. ) ;
#3499 = DIRECTION ( 'NONE',  ( -0.000000000000000000, 0.9841833239736893502, 0.1771529983152980714 ) ) ;
#3500 = AXIS2_PLACEMENT_3D ( 'NONE', #6020, #93, #1391 ) ;
#3501 = ORIENTED_EDGE ( 'NONE', *, *, #3774, .F. ) ;
#3502 = EDGE_CURVE ( 'NONE', #1309, #4133, #5644, .T. ) ;
#3503 = VECTOR ( 'NONE', #2996, 1000.000000000000000 ) ;
#3504 = LINE ( 'NONE', #9583, #2284 ) ;
#3505 = CARTESIAN_POINT ( 'NONE',  ( -0.3200000000000008393, 7.115000000000001101, -0.9900000000000004352 ) ) ;
#3506 = ORIENTED_EDGE ( 'NONE', *, *, #7913, .T. ) ;
#3507 = ORIENTED_EDGE ( 'NONE', *, *, #380, .F. ) ;
#3508 = ORIENTED_EDGE ( 'NONE', *, *, #9798, .T. ) ;
#3509 = PLANE ( 'NONE',  #3718 ) ;
#3510 = PLANE ( 'NONE',  #3571 ) ;
#3511 = ORIENTED_EDGE ( 'NONE', *, *, #9280, .F. ) ;
#3512 = DIRECTION ( 'NONE',  ( 1.000000000000000000, 0.000000000000000000, 0.000000000000000000 ) ) ;
#3513 = AXIS2_PLACEMENT_3D ( 'NONE', #3915, #938, #2273 ) ;
#3514 = EDGE_LOOP ( 'NONE', ( #1543, #2658, #2031, #5104 ) ) ;
#3515 = CARTESIAN_POINT ( 'NONE',  ( -1.730000000000000870, 3.710000000000000409, 8.920000000000001705 ) ) ;
#3516 = EDGE_CURVE ( 'NONE', #7122, #7635, #7139, .T. ) ;
#3517 = LINE ( 'NONE', #6561, #865 ) ;
#3518 = DIRECTION ( 'NONE',  ( 0.000000000000000000, 0.000000000000000000, -1.000000000000000000 ) ) ;
#3519 = AXIS2_PLACEMENT_3D ( 'NONE', #1829, #7056, #3269 ) ;
#3520 = LINE ( 'NONE', #8058, #8825 ) ;
#3521 = CARTESIAN_POINT ( 'NONE',  ( -9.574999999999999289, 4.940000000000000391, -0.3199999999999999512 ) ) ;
#3522 = CARTESIAN_POINT ( 'NONE',  ( -8.325000000000001066, 0.5100000000000008971, 0.6099999999999998757 ) ) ;
#3523 = VERTEX_POINT ( 'NONE', #6439 ) ;
#3524 = DIRECTION ( 'NONE',  ( 1.000000000000000000, 0.000000000000000000, 0.000000000000000000 ) ) ;
#3526 = VERTEX_POINT ( 'NONE', #3343 ) ;
#3525 = CARTESIAN_POINT ( 'NONE',  ( -1.938874666202001107, -2.346466597971999413, 3.319999999999999840 ) ) ;
#3527 = ADVANCED_FACE ( 'NONE', ( #8684 ), #4899, .T. ) ;
#3528 = PLANE ( 'NONE',  #1815 ) ;
#3529 = CARTESIAN_POINT ( 'NONE',  ( -7.270000000000001350, 6.710000000000000853, 8.920000000000001705 ) ) ;
#3530 = DIRECTION ( 'NONE',  ( 0.000000000000000000, 0.000000000000000000, 1.000000000000000000 ) ) ;
#3531 = LINE ( 'NONE', #4131, #4798 ) ;
#3532 = ORIENTED_EDGE ( 'NONE', *, *, #7137, .T. ) ;
#3533 = CARTESIAN_POINT ( 'NONE',  ( -3.475000000000000977, -3.054999999999999716, 5.068630492923999142 ) ) ;
#3534 = ORIENTED_EDGE ( 'NONE', *, *, #2485, .F. ) ;
#3535 = LINE ( 'NONE', #5739, #4526 ) ;
#3536 = ADVANCED_FACE ( 'NONE', ( #7286 ), #359, .F. ) ;
#3537 = PLANE ( 'NONE',  #754 ) ;
#3538 = ADVANCED_FACE ( 'NONE', ( #1160 ), #3444, .F. ) ;
#3539 = CARTESIAN_POINT ( 'NONE',  ( -9.574999999999999289, 4.940000000000000391, 0.2799999999999998601 ) ) ;
#3540 = VECTOR ( 'NONE', #4401, 1000.000000000000000 ) ;
#3541 = CARTESIAN_POINT ( 'NONE',  ( -3.320000000000000728, 4.889000000000001123, -0.3199999999999999512 ) ) ;
#3542 = EDGE_CURVE ( 'NONE', #3312, #905, #2001, .T. ) ;
#3543 = DIRECTION ( 'NONE',  ( 1.000000000000000000, 0.000000000000000000, 0.000000000000000000 ) ) ;
#3544 = EDGE_LOOP ( 'NONE', ( #6803, #7255, #3487, #2357 ) ) ;
#3545 = ORIENTED_EDGE ( 'NONE', *, *, #6289, .F. ) ;
#3546 = ORIENTED_EDGE ( 'NONE', *, *, #1940, .F. ) ;
#3547 = PLANE ( 'NONE',  #6722 ) ;
#3548 = DIRECTION ( 'NONE',  ( 0.1744369497454954787, 0.1744369497454954787, -0.9690941652527760297 ) ) ;
#3549 = DIRECTION ( 'NONE',  ( 0.000000000000000000, 0.000000000000000000, -1.000000000000000000 ) ) ;
#3550 = ADVANCED_FACE ( 'NONE', ( #4568 ), #9157, .T. ) ;
#3551 = CARTESIAN_POINT ( 'NONE',  ( -5.680000000000000604, -2.179999999999998828, -2.680000000000000160 ) ) ;
#3552 = VECTOR ( 'NONE', #4474, 1000.000000000000000 ) ;
#3553 = CARTESIAN_POINT ( 'NONE',  ( 3.324999999999998845, 1.740000000000000657, 5.750000000000000000 ) ) ;
#3554 = ORIENTED_EDGE ( 'NONE', *, *, #8979, .T. ) ;
#3555 = VERTEX_POINT ( 'NONE', #5092 ) ;
#3556 = ORIENTED_EDGE ( 'NONE', *, *, #3098, .T. ) ;
#3557 = DIRECTION ( 'NONE',  ( 1.000000000000000000, 0.000000000000000000, 0.000000000000000000 ) ) ;
#3558 = PLANE ( 'NONE',  #9470 ) ;
#3559 = ORIENTED_EDGE ( 'NONE', *, *, #5342, .T. ) ;
#3560 = CARTESIAN_POINT ( 'NONE',  ( -0.3200000000000008393, 0.5100000000000008971, 0.3199999999999999512 ) ) ;
#3561 = VECTOR ( 'NONE', #1428, 1000.000000000000227 ) ;
#3562 = ORIENTED_EDGE ( 'NONE', *, *, #6449, .F. ) ;
#3563 = VECTOR ( 'NONE', #5467, 1000.000000000000000 ) ;
#3564 = VECTOR ( 'NONE', #7215, 1000.000000000000000 ) ;
#3565 = PLANE ( 'NONE',  #1074 ) ;
#3566 = DIRECTION ( 'NONE',  ( 1.000000000000000000, 0.000000000000000000, 0.000000000000000000 ) ) ;
#3567 = DIRECTION ( 'NONE',  ( 1.000000000000000000, 0.000000000000000000, 0.000000000000000000 ) ) ;
#3568 = PLANE ( 'NONE',  #3406 ) ;
#3569 = DIRECTION ( 'NONE',  ( 0.000000000000000000, 0.000000000000000000, 1.000000000000000000 ) ) ;
#3570 = LINE ( 'NONE', #4318, #8415 ) ;
#3571 = AXIS2_PLACEMENT_3D ( 'NONE', #8094, #7303, #478 ) ;
#3572 = ORIENTED_EDGE ( 'NONE', *, *, #8445, .T. ) ;
#3573 = VECTOR ( 'NONE', #5833, 1000.000000000000000 ) ;
#3574 = AXIS2_PLACEMENT_3D ( 'NONE', #6262, #3276, #8607 ) ;
#3575 = ADVANCED_FACE ( 'NONE', ( #1582 ), #7564, .T. ) ;
#3576 = ADVANCED_FACE ( 'NONE', ( #8393 ), #9206, .F. ) ;
#3577 = CARTESIAN_POINT ( 'NONE',  ( -2.680000000000001048, 5.540000000000000924, -0.3199999999999999512 ) ) ;
#3579 = EDGE_LOOP ( 'NONE', ( #5012, #1406, #7488, #2845 ) ) ;
#3578 = CARTESIAN_POINT ( 'NONE',  ( -3.140000000000001013, 2.580000000000000515, 6.519999999999999574 ) ) ;
#3580 = VECTOR ( 'NONE', #1764, 1000.000000000000000 ) ;
#3581 = DIRECTION ( 'NONE',  ( 0.000000000000000000, 0.000000000000000000, -1.000000000000000000 ) ) ;
#3582 = FACE_OUTER_BOUND ( 'NONE', #2516, .T. ) ;
#3583 = LINE ( 'NONE', #7370, #957 ) ;
#3584 = DIRECTION ( 'NONE',  ( -0.1744369497454954787, -0.1744369497454954787, -0.9690941652527760297 ) ) ;
#3585 = ORIENTED_EDGE ( 'NONE', *, *, #7425, .F. ) ;
#3586 = ORIENTED_EDGE ( 'NONE', *, *, #6948, .F. ) ;
#3587 = CARTESIAN_POINT ( 'NONE',  ( -1.270000000000000906, 3.710000000000000409, 2.319999999999999840 ) ) ;
#3588 = CARTESIAN_POINT ( 'NONE',  ( 0.1399999999999990696, 2.580000000000000515, 6.519999999999999574 ) ) ;
#3589 = ADVANCED_FACE ( 'NONE', ( #2227, #6912, #6166, #6963, #138, #8873, #6808 ), #7705, .T. ) ;
#3590 = DIRECTION ( 'NONE',  ( 1.000000000000000000, 0.000000000000000000, 0.000000000000000000 ) ) ;
#3591 = EDGE_CURVE ( 'NONE', #4078, #4060, #1481, .T. ) ;
#3592 = CARTESIAN_POINT ( 'NONE',  ( -0.1400000000000007905, 5.580000000000000959, 6.519999999999999574 ) ) ;
#3593 = EDGE_CURVE ( 'NONE', #8478, #979, #7379, .T. ) ;
#3594 = CARTESIAN_POINT ( 'NONE',  ( 0.3199999999999991185, 5.120000000000000995, 5.519999999999999574 ) ) ;
#3595 = VERTEX_POINT ( 'NONE', #560 ) ;
#3596 = ORIENTED_EDGE ( 'NONE', *, *, #5241, .T. ) ;
#3597 = VERTEX_POINT ( 'NONE', #9054 ) ;
#3598 = EDGE_CURVE ( 'NONE', #13, #623, #9103, .T. ) ;
#3599 =( NAMED_UNIT ( * ) PLANE_ANGLE_UNIT ( ) SI_UNIT ( $, .RADIAN. ) );
#3600 = LINE ( 'NONE', #9674, #9400 ) ;
#3601 = EDGE_CURVE ( 'NONE', #4732, #4856, #2277, .T. ) ;
#3602 = PLANE ( 'NONE',  #4532 ) ;
#3603 = EDGE_CURVE ( 'NONE', #667, #127, #2378, .T. ) ;
#3604 = DIRECTION ( 'NONE',  ( 0.000000000000000000, 1.000000000000000000, 0.000000000000000000 ) ) ;
#3605 = PLANE ( 'NONE',  #6731 ) ;
#3606 = DIRECTION ( 'NONE',  ( -0.7071067811865475727, -0.7071067811865475727, 0.000000000000000000 ) ) ;
#3607 = ADVANCED_FACE ( 'NONE', ( #2330 ), #7606, .T. ) ;
#3608 = ORIENTED_EDGE ( 'NONE', *, *, #7740, .T. ) ;
#3609 = ORIENTED_EDGE ( 'NONE', *, *, #2113, .T. ) ;
#3610 = ORIENTED_EDGE ( 'NONE', *, *, #5342, .F. ) ;
#3611 = FACE_OUTER_BOUND ( 'NONE', #3644, .T. ) ;
#3612 = CARTESIAN_POINT ( 'NONE',  ( -0.1400000000000007905, 2.300000000000000711, 6.519999999999999574 ) ) ;
#3613 = ORIENTED_EDGE ( 'NONE', *, *, #8231, .F. ) ;
#3614 = AXIS2_PLACEMENT_3D ( 'NONE', #989, #4164, #8705 ) ;
#3615 = PLANE ( 'NONE',  #8421 ) ;
#3616 = ORIENTED_EDGE ( 'NONE', *, *, #5917, .F. ) ;
#3617 = CARTESIAN_POINT ( 'NONE',  ( -6.320000000000001172, 3.620000000000000995, -0.3199999999999999512 ) ) ;
#3618 = DIRECTION ( 'NONE',  ( -0.000000000000000000, 1.000000000000000000, 0.000000000000000000 ) ) ;
#3619 = AXIS2_PLACEMENT_3D ( 'NONE', #5978, #2889, #8261 ) ;
#3620 = CARTESIAN_POINT ( 'NONE',  ( -0.3200000000000008393, 5.120000000000000995, 2.319999999999999840 ) ) ;
#3621 = EDGE_CURVE ( 'NONE', #2762, #4646, #889, .T. ) ;
#3622 = FACE_OUTER_BOUND ( 'NONE', #3027, .T. ) ;
#3623 = CARTESIAN_POINT ( 'NONE',  ( 3.574999999999999289, 4.940000000000000391, 0.2799999999999998601 ) ) ;
#3624 = ORIENTED_EDGE ( 'NONE', *, *, #8998, .F. ) ;
#3625 = CARTESIAN_POINT ( 'NONE',  ( -3.140000000000001013, -3.179999999999998828, -3.140000000000000568 ) ) ;
#3626 = AXIS2_PLACEMENT_3D ( 'NONE', #1198, #7275, #7125 ) ;
#3628 = ORIENTED_EDGE ( 'NONE', *, *, #8578, .T. ) ;
#3627 = DIRECTION ( 'NONE',  ( -0.000000000000000000, 1.000000000000000000, 0.000000000000000000 ) ) ;
#3629 = DIRECTION ( 'NONE',  ( 1.000000000000000000, 0.000000000000000000, 0.000000000000000000 ) ) ;
#3630 = CARTESIAN_POINT ( 'NONE',  ( -0.3200000000000008393, 3.620000000000000995, -0.3199999999999999512 ) ) ;
#3631 = EDGE_CURVE ( 'NONE', #476, #3723, #32, .T. ) ;
#3632 = CARTESIAN_POINT ( 'NONE',  ( -3.320000000000000728, 5.540000000000000924, -0.9900000000000004352 ) ) ;
#3633 = CARTESIAN_POINT ( 'NONE',  ( -2.680000000000001048, 2.120000000000000995, 5.519999999999999574 ) ) ;
#3634 = ORIENTED_EDGE ( 'NONE', *, *, #6585, .F. ) ;
#3635 = EDGE_CURVE ( 'NONE', #6340, #9348, #3170, .T. ) ;
#3636 = ORIENTED_EDGE ( 'NONE', *, *, #3161, .F. ) ;
#3637 = PLANE ( 'NONE',  #6273 ) ;
#3638 = LINE ( 'NONE', #4386, #9187 ) ;
#3639 = VECTOR ( 'NONE', #6339, 1000.000000000000000 ) ;
#3640 = EDGE_CURVE ( 'NONE', #3358, #4188, #4337, .T. ) ;
#3641 = CARTESIAN_POINT ( 'NONE',  ( -6.000000000000000888, -2.679999999999999272, -2.770000000000000018 ) ) ;
#3642 = DIRECTION ( 'NONE',  ( 0.000000000000000000, -1.000000000000000000, 0.000000000000000000 ) ) ;
#3643 = DIRECTION ( 'NONE',  ( 0.000000000000000000, 1.000000000000000000, 0.000000000000000000 ) ) ;
#3644 = EDGE_LOOP ( 'NONE', ( #6062, #9234, #8473, #2234 ) ) ;
#3645 = ORIENTED_EDGE ( 'NONE', *, *, #2178, .T. ) ;
#3646 = CARTESIAN_POINT ( 'NONE',  ( -5.680000000000000604, -3.179999999999998828, -2.680000000000000160 ) ) ;
#3647 = CARTESIAN_POINT ( 'NONE',  ( -4.305662386292000932, -2.099999999999999645, 3.319999999999999840 ) ) ;
#3648 = PLANE ( 'NONE',  #5480 ) ;
#3649 = VECTOR ( 'NONE', #8611, 1000.000000000000000 ) ;
#3650 = CARTESIAN_POINT ( 'NONE',  ( -5.680000000000000604, 5.529000000000000803, -3.319999999999999840 ) ) ;
#3651 = CARTESIAN_POINT ( 'NONE',  ( -0.3200000000000008393, 5.760000000000001563, 2.319999999999999840 ) ) ;
#3652 = ORIENTED_EDGE ( 'NONE', *, *, #4437, .F. ) ;
#3653 = VERTEX_POINT ( 'NONE', #2973 ) ;
#3654 = CARTESIAN_POINT ( 'NONE',  ( -5.680000000000000604, 4.889000000000001123, -2.680000000000000160 ) ) ;
#3655 = EDGE_CURVE ( 'NONE', #5030, #6930, #5271, .T. ) ;
#3656 = ORIENTED_EDGE ( 'NONE', *, *, #1280, .T. ) ;
#3657 = VECTOR ( 'NONE', #45, 1000.000000000000000 ) ;
#3658 = EDGE_CURVE ( 'NONE', #7093, #1567, #9304, .T. ) ;
#3659 = VECTOR ( 'NONE', #2483, 1000.000000000000000 ) ;
#3660 = ORIENTED_EDGE ( 'NONE', *, *, #5937, .T. ) ;
#3661 = CARTESIAN_POINT ( 'NONE',  ( 3.324999999999998845, 1.590000000000000746, 5.570000000000000284 ) ) ;
#3662 = EDGE_CURVE ( 'NONE', #306, #863, #1089, .T. ) ;
#3663 = AXIS2_PLACEMENT_3D ( 'NONE', #6774, #424, #9809 ) ;
#3664 = CARTESIAN_POINT ( 'NONE',  ( -1.525000000000001021, 0.5100000000000008971, 7.509999999999998899 ) ) ;
#3665 = CARTESIAN_POINT ( 'NONE',  ( 0.3199999999999991185, 5.540000000000000924, -0.9900000000000004352 ) ) ;
#3666 = ORIENTED_EDGE ( 'NONE', *, *, #4446, .T. ) ;
#3667 = DIRECTION ( 'NONE',  ( 0.000000000000000000, 0.000000000000000000, 1.000000000000000000 ) ) ;
#3668 = FACE_OUTER_BOUND ( 'NONE', #3330, .T. ) ;
#3669 = EDGE_CURVE ( 'NONE', #8072, #6531, #7760, .T. ) ;
#3670 = ORIENTED_EDGE ( 'NONE', *, *, #5976, .F. ) ;
#3671 = VECTOR ( 'NONE', #210, 1000.000000000000000 ) ;
#3672 = DIRECTION ( 'NONE',  ( -0.1771529983152980714, 0.9841833239736893502, 0.000000000000000000 ) ) ;
#3674 = ORIENTED_EDGE ( 'NONE', *, *, #7376, .F. ) ;
#3673 = DIRECTION ( 'NONE',  ( 0.000000000000000000, 0.000000000000000000, -1.000000000000000000 ) ) ;
#3675 = VECTOR ( 'NONE', #4885, 1000.000000000000000 ) ;
#3676 = DIRECTION ( 'NONE',  ( 0.000000000000000000, -1.000000000000000000, 0.000000000000000000 ) ) ;
#3677 = DIRECTION ( 'NONE',  ( -0.1744369497454954787, -0.9690941652527760297, 0.1744369497454954787 ) ) ;
#3678 = LINE ( 'NONE', #6813, #8267 ) ;
#3679 = DIRECTION ( 'NONE',  ( 0.000000000000000000, 0.000000000000000000, 1.000000000000000000 ) ) ;
#3680 = ORIENTED_EDGE ( 'NONE', *, *, #2733, .F. ) ;
#3681 = EDGE_CURVE ( 'NONE', #8867, #6214, #8654, .T. ) ;
#3682 = ORIENTED_EDGE ( 'NONE', *, *, #3364, .F. ) ;
#3683 = DIRECTION ( 'NONE',  ( 1.000000000000000000, 0.000000000000000000, 0.000000000000000000 ) ) ;
#3684 = FACE_OUTER_BOUND ( 'NONE', #1713, .T. ) ;
#3685 = LINE ( 'NONE', #2240, #4702 ) ;
#3686 = DIRECTION ( 'NONE',  ( 0.000000000000000000, 1.000000000000000000, 0.000000000000000000 ) ) ;
#3687 = CARTESIAN_POINT ( 'NONE',  ( -4.730000000000000426, 1.170000000000000817, 8.920000000000001705 ) ) ;
#3688 = CARTESIAN_POINT ( 'NONE',  ( -5.680000000000000604, 5.760000000000001563, 2.319999999999999840 ) ) ;
#3689 = ORIENTED_EDGE ( 'NONE', *, *, #46, .F. ) ;
#3690 = VERTEX_POINT ( 'NONE', #2527 ) ;
#3691 = ORIENTED_EDGE ( 'NONE', *, *, #3823, .T. ) ;
#3692 = EDGE_CURVE ( 'NONE', #3339, #7244, #7812, .T. ) ;
#3693 = FACE_OUTER_BOUND ( 'NONE', #1450, .T. ) ;
#3694 = CARTESIAN_POINT ( 'NONE',  ( 0.1399999999999990696, 5.300000000000000711, 6.519999999999999574 ) ) ;
#3695 = FACE_OUTER_BOUND ( 'NONE', #3744, .T. ) ;
#3696 = LINE ( 'NONE', #2393, #4310 ) ;
#3697 = DIRECTION ( 'NONE',  ( 0.000000000000000000, 0.000000000000000000, -1.000000000000000000 ) ) ;
#3698 = ORIENTED_EDGE ( 'NONE', *, *, #1717, .T. ) ;
#3699 = ORIENTED_EDGE ( 'NONE', *, *, #4375, .T. ) ;
#3700 = VECTOR ( 'NONE', #9825, 1000.000000000000000 ) ;
#3701 = EDGE_CURVE ( 'NONE', #396, #3198, #2423, .T. ) ;
#3702 = ORIENTED_EDGE ( 'NONE', *, *, #8397, .T. ) ;
#3703 = CARTESIAN_POINT ( 'NONE',  ( -1.270000000000000906, 6.710000000000000853, 8.920000000000001705 ) ) ;
#3704 = CARTESIAN_POINT ( 'NONE',  ( -4.475000000000000533, 8.673617379884035472E-16, 4.320000000000000284 ) ) ;
#3705 = ORIENTED_EDGE ( 'NONE', *, *, #4956, .F. ) ;
#3706 = DIRECTION ( 'NONE',  ( -1.000000000000000000, 0.000000000000000000, 0.000000000000000000 ) ) ;
#3707 = VERTEX_POINT ( 'NONE', #7164 ) ;
#3708 = LINE ( 'NONE', #3754, #2346 ) ;
#3709 = VECTOR ( 'NONE', #575, 1000.000000000000000 ) ;
#3710 = LINE ( 'NONE', #6752, #9618 ) ;
#3711 = DIRECTION ( 'NONE',  ( 0.000000000000000000, 0.000000000000000000, 1.000000000000000000 ) ) ;
#3712 = ORIENTED_EDGE ( 'NONE', *, *, #7862, .T. ) ;
#3714 = EDGE_CURVE ( 'NONE', #4146, #8880, #5520, .T. ) ;
#3713 = LINE ( 'NONE', #7551, #7867 ) ;
#3715 = CARTESIAN_POINT ( 'NONE',  ( -0.1400000000000007905, -3.179999999999998828, -3.140000000000000568 ) ) ;
#3716 = ORIENTED_EDGE ( 'NONE', *, *, #7951, .F. ) ;
#3717 = EDGE_CURVE ( 'NONE', #2666, #8144, #6312, .T. ) ;
#3718 = AXIS2_PLACEMENT_3D ( 'NONE', #9495, #7302, #3557 ) ;
#3719 = AXIS2_PLACEMENT_3D ( 'NONE', #840, #3733, #2286 ) ;
#3720 = VECTOR ( 'NONE', #1027, 1000.000000000000000 ) ;
#3721 = LINE ( 'NONE', #6567, #2729 ) ;
#3723 = VERTEX_POINT ( 'NONE', #5617 ) ;
#3722 = PLANE ( 'NONE',  #3463 ) ;
#3724 = ADVANCED_FACE ( 'NONE', ( #4776 ), #9404, .F. ) ;
#3725 = ADVANCED_FACE ( 'NONE', ( #9454 ), #1735, .F. ) ;
#3726 = DIRECTION ( 'NONE',  ( 0.000000000000000000, 1.000000000000000000, 0.000000000000000000 ) ) ;
#3727 = VECTOR ( 'NONE', #6507, 1000.000000000000000 ) ;
#3728 = AXIS2_PLACEMENT_3D ( 'NONE', #8660, #8554, #1739 ) ;
#3729 = PLANE ( 'NONE',  #2711 ) ;
#3730 = AXIS2_PLACEMENT_3D ( 'NONE', #877, #5354, #4656 ) ;
#3731 = ORIENTED_EDGE ( 'NONE', *, *, #4083, .F. ) ;
#3732 = VERTEX_POINT ( 'NONE', #1884 ) ;
#3733 = DIRECTION ( 'NONE',  ( 1.000000000000000000, 0.000000000000000000, 0.000000000000000000 ) ) ;
#3734 = VECTOR ( 'NONE', #1451, 1000.000000000000000 ) ;
#3735 = DIRECTION ( 'NONE',  ( 0.000000000000000000, -1.000000000000000000, 0.000000000000000000 ) ) ;
#3736 = VECTOR ( 'NONE', #9800, 1000.000000000000000 ) ;
#3737 = EDGE_LOOP ( 'NONE', ( #9379, #2355, #8598, #2246 ) ) ;
#3738 = CARTESIAN_POINT ( 'NONE',  ( -6.320000000000001172, 2.760000000000000675, -0.3199999999999999512 ) ) ;
#3739 = DIRECTION ( 'NONE',  ( 0.000000000000000000, 0.000000000000000000, 1.000000000000000000 ) ) ;
#3740 = EDGE_LOOP ( 'NONE', ( #7299, #6294, #4577, #6456, #5088, #2208, #525, #9205 ) ) ;
#3741 = LINE ( 'NONE', #4485, #243 ) ;
#3742 = CARTESIAN_POINT ( 'NONE',  ( -1.270000000000000906, 4.170000000000000817, 8.920000000000001705 ) ) ;
#3743 = ORIENTED_EDGE ( 'NONE', *, *, #3100, .T. ) ;
#3744 = EDGE_LOOP ( 'NONE', ( #6826, #1502, #5558, #6682 ) ) ;
#3745 = DIRECTION ( 'NONE',  ( -1.000000000000000000, 0.000000000000000000, 0.000000000000000000 ) ) ;
#3746 = CARTESIAN_POINT ( 'NONE',  ( -2.680000000000001048, 1.160000000000000808, -0.9900000000000004352 ) ) ;
#3747 = DIRECTION ( 'NONE',  ( 1.000000000000000000, 0.000000000000000000, 0.000000000000000000 ) ) ;
#3748 = ORIENTED_EDGE ( 'NONE', *, *, #8263, .T. ) ;
#3749 = EDGE_LOOP ( 'NONE', ( #9791, #4711, #4529, #229 ) ) ;
#3750 = DIRECTION ( 'NONE',  ( 1.000000000000000000, 0.000000000000000000, 0.000000000000000000 ) ) ;
#3751 = VERTEX_POINT ( 'NONE', #4117 ) ;
#3752 = CARTESIAN_POINT ( 'NONE',  ( -2.525000000000000799, 0.6945000000000006724, 4.320000000000000284 ) ) ;
#3753 = VERTEX_POINT ( 'NONE', #7115 ) ;
#3754 = CARTESIAN_POINT ( 'NONE',  ( 3.574999999999999289, 4.940000000000000391, 0.2799999999999998601 ) ) ;
#3755 = CARTESIAN_POINT ( 'NONE',  ( 3.324999999999998845, 0.8900000000000005684, 7.270000000000000462 ) ) ;
#3756 = CARTESIAN_POINT ( 'NONE',  ( -5.680000000000000604, -2.179999999999998828, 0.3199999999999999512 ) ) ;
#3757 = ORIENTED_EDGE ( 'NONE', *, *, #6224, .F. ) ;
#3758 = CARTESIAN_POINT ( 'NONE',  ( -3.475000000000000977, 0.6945000000000006724, 4.320000000000000284 ) ) ;
#3759 = DIRECTION ( 'NONE',  ( 0.000000000000000000, 1.000000000000000000, 0.000000000000000000 ) ) ;
#3760 = VECTOR ( 'NONE', #3862, 1000.000000000000114 ) ;
#3761 = ORIENTED_EDGE ( 'NONE', *, *, #8456, .T. ) ;
#3762 = PLANE ( 'NONE',  #3513 ) ;
#3764 = ORIENTED_EDGE ( 'NONE', *, *, #2054, .F. ) ;
#3763 = CARTESIAN_POINT ( 'NONE',  ( -6.320000000000001172, 0.5100000000000008971, 0.3199999999999999512 ) ) ;
#3765 = DIRECTION ( 'NONE',  ( 0.000000000000000000, 1.000000000000000000, 0.000000000000000000 ) ) ;
#3766 = ADVANCED_FACE ( 'NONE', ( #3322 ), #7958, .T. ) ;
#3767 = VECTOR ( 'NONE', #5774, 1000.000000000000227 ) ;
#3768 = PLANE ( 'NONE',  #4838 ) ;
#3769 = CARTESIAN_POINT ( 'NONE',  ( 3.324999999999998845, 1.440000000000000835, 6.387021250724999710 ) ) ;
#3770 = CARTESIAN_POINT ( 'NONE',  ( -9.324999999999999289, 8.673617379884035472E-16, 8.920000000000001705 ) ) ;
#3771 = VERTEX_POINT ( 'NONE', #4017 ) ;
#3772 = EDGE_CURVE ( 'NONE', #2707, #4188, #7060, .T. ) ;
#3773 = ORIENTED_EDGE ( 'NONE', *, *, #3141, .F. ) ;
#3774 = EDGE_CURVE ( 'NONE', #7646, #9717, #7211, .T. ) ;
#3775 = VECTOR ( 'NONE', #7461, 1000.000000000000227 ) ;
#3776 = FACE_OUTER_BOUND ( 'NONE', #7633, .T. ) ;
#3777 = DIRECTION ( 'NONE',  ( -0.1744369497454954787, 0.9690941652527760297, -0.1744369497454954787 ) ) ;
#3778 = CARTESIAN_POINT ( 'NONE',  ( 0.5699999999999988409, 4.170000000000000817, 8.920000000000001705 ) ) ;
#3779 = EDGE_CURVE ( 'NONE', #3449, #6010, #3274, .T. ) ;
#3780 = LINE ( 'NONE', #2986, #5631 ) ;
#3781 = DIRECTION ( 'NONE',  ( 1.000000000000000000, 0.000000000000000000, 0.000000000000000000 ) ) ;
#3782 = EDGE_LOOP ( 'NONE', ( #2810, #5434, #2856, #5988, #7408 ) ) ;
#3783 = CARTESIAN_POINT ( 'NONE',  ( 0.3199999999999991185, 0.5100000000000008971, -0.3199999999999999512 ) ) ;
#3784 = CARTESIAN_POINT ( 'NONE',  ( -1.270000000000000906, 1.870000000000000995, 8.920000000000001705 ) ) ;
#3785 = VERTEX_POINT ( 'NONE', #9353 ) ;
#3786 = EDGE_LOOP ( 'NONE', ( #5011, #694, #9072, #7624, #7010, #2860 ) ) ;
#3787 = ORIENTED_EDGE ( 'NONE', *, *, #652, .T. ) ;
#3788 = LINE ( 'NONE', #6833, #3503 ) ;
#3789 = PLANE ( 'NONE',  #716 ) ;
#3790 = LINE ( 'NONE', #8135, #6569 ) ;
#3791 = ORIENTED_EDGE ( 'NONE', *, *, #4332, .F. ) ;
#3792 = ORIENTED_EDGE ( 'NONE', *, *, #6895, .T. ) ;
#3793 = ORIENTED_EDGE ( 'NONE', *, *, #9100, .F. ) ;
#3794 = ADVANCED_FACE ( 'NONE', ( #5466 ), #1138, .T. ) ;
#3795 = FACE_OUTER_BOUND ( 'NONE', #734, .T. ) ;
#3796 = DIRECTION ( 'NONE',  ( 0.000000000000000000, 0.000000000000000000, 1.000000000000000000 ) ) ;
#3797 = ORIENTED_EDGE ( 'NONE', *, *, #5980, .T. ) ;
#3798 = CARTESIAN_POINT ( 'NONE',  ( -5.680000000000000604, 1.160000000000000808, -0.9900000000000004352 ) ) ;
#3799 = VERTEX_POINT ( 'NONE', #4726 ) ;
#3800 = DIRECTION ( 'NONE',  ( -1.000000000000000000, 0.000000000000000000, 0.000000000000000000 ) ) ;
#3801 = FACE_OUTER_BOUND ( 'NONE', #7158, .T. ) ;
#3802 = CARTESIAN_POINT ( 'NONE',  ( 2.340485608556998720, 4.340000000000000746, 1.269999999999999796 ) ) ;
#3803 = ORIENTED_EDGE ( 'NONE', *, *, #9437, .F. ) ;
#3804 = VECTOR ( 'NONE', #303, 1000.000000000000114 ) ;
#3805 = CARTESIAN_POINT ( 'NONE',  ( 3.824999999999999289, 4.515000000000000568, 3.770000000000000018 ) ) ;
#3806 = LINE ( 'NONE', #2323, #7708 ) ;
#3807 = ORIENTED_EDGE ( 'NONE', *, *, #2641, .F. ) ;
#3808 = VECTOR ( 'NONE', #1568, 1000.000000000000000 ) ;
#3809 = DIRECTION ( 'NONE',  ( -0.000000000000000000, 1.000000000000000000, 0.000000000000000000 ) ) ;
#3810 = ADVANCED_FACE ( 'NONE', ( #941 ), #1185, .T. ) ;
#3812 = ORIENTED_EDGE ( 'NONE', *, *, #7175, .T. ) ;
#3811 = DIRECTION ( 'NONE',  ( 0.000000000000000000, 0.000000000000000000, -1.000000000000000000 ) ) ;
#3813 = CARTESIAN_POINT ( 'NONE',  ( -7.270000000000001350, 4.870000000000000995, 2.319999999999999840 ) ) ;
#3814 = VECTOR ( 'NONE', #9106, 1000.000000000000000 ) ;
#3815 = CARTESIAN_POINT ( 'NONE',  ( -3.320000000000000728, 4.260000000000000675, -0.9900000000000004352 ) ) ;
#3816 = FACE_OUTER_BOUND ( 'NONE', #8285, .T. ) ;
#3817 = DIRECTION ( 'NONE',  ( 0.000000000000000000, -1.000000000000000000, 0.000000000000000000 ) ) ;
#3818 = AXIS2_PLACEMENT_3D ( 'NONE', #6395, #9436, #4544 ) ;
#3819 = ORIENTED_EDGE ( 'NONE', *, *, #6393, .F. ) ;
#3820 = ORIENTED_EDGE ( 'NONE', *, *, #2524, .T. ) ;
#3821 = EDGE_CURVE ( 'NONE', #5510, #8696, #7355, .T. ) ;
#3822 = LINE ( 'NONE', #1587, #1183 ) ;
#3823 = EDGE_CURVE ( 'NONE', #6243, #9361, #4262, .T. ) ;
#3824 = CARTESIAN_POINT ( 'NONE',  ( 0.3199999999999991185, 3.620000000000000995, -0.3199999999999999512 ) ) ;
#3825 = VECTOR ( 'NONE', #665, 1000.000000000000000 ) ;
#3826 = CARTESIAN_POINT ( 'NONE',  ( -0.3200000000000008393, 0.5100000000000008971, -0.9900000000000004352 ) ) ;
#3827 = LINE ( 'NONE', #9167, #6609 ) ;
#3828 = CARTESIAN_POINT ( 'NONE',  ( -2.680000000000001048, -2.179999999999998828, -0.3199999999999999512 ) ) ;
#3829 = VERTEX_POINT ( 'NONE', #8852 ) ;
#3830 = DIRECTION ( 'NONE',  ( 0.000000000000000000, 1.000000000000000000, 0.000000000000000000 ) ) ;
#3831 = DIRECTION ( 'NONE',  ( 1.000000000000000000, 0.000000000000000000, 0.000000000000000000 ) ) ;
#3832 = ORIENTED_EDGE ( 'NONE', *, *, #1812, .F. ) ;
#3833 = ORIENTED_EDGE ( 'NONE', *, *, #8524, .T. ) ;
#3834 = EDGE_LOOP ( 'NONE', ( #5553, #4903, #6397, #5270 ) ) ;
#3835 = EDGE_CURVE ( 'NONE', #979, #8715, #7307, .T. ) ;
#3836 = ADVANCED_FACE ( 'NONE', ( #2024 ), #2111, .F. ) ;
#3837 = FACE_BOUND ( 'NONE', #5013, .T. ) ;
#3838 = FACE_OUTER_BOUND ( 'NONE', #883, .T. ) ;
#3839 = ADVANCED_FACE ( 'NONE', ( #8899 ), #5069, .F. ) ;
#3840 = CARTESIAN_POINT ( 'NONE',  ( -4.730000000000000426, 3.710000000000000409, 8.920000000000001705 ) ) ;
#3841 = ORIENTED_EDGE ( 'NONE', *, *, #5141, .F. ) ;
#3842 = EDGE_LOOP ( 'NONE', ( #3018, #2672, #2569, #7153, #6793, #6851 ) ) ;
#3843 = LINE ( 'NONE', #3001, #3225 ) ;
#3844 = DIRECTION ( 'NONE',  ( 0.000000000000000000, 1.000000000000000000, 0.000000000000000000 ) ) ;
#3845 = ORIENTED_EDGE ( 'NONE', *, *, #6182, .F. ) ;
#3846 = ORIENTED_EDGE ( 'NONE', *, *, #4747, .F. ) ;
#3847 = DIRECTION ( 'NONE',  ( 0.000000000000000000, -0.6428712937138820749, -0.7659742160925780974 ) ) ;
#3848 = ADVANCED_FACE ( 'NONE', ( #1376 ), #5160, .F. ) ;
#3849 = VECTOR ( 'NONE', #1165, 1000.000000000000000 ) ;
#3850 = DIRECTION ( 'NONE',  ( -1.000000000000000000, 0.000000000000000000, 0.000000000000000000 ) ) ;
#3851 = VECTOR ( 'NONE', #3747, 1000.000000000000000 ) ;
#3852 = LINE ( 'NONE', #4059, #8816 ) ;
#3853 = VERTEX_POINT ( 'NONE', #6612 ) ;
#3854 = CARTESIAN_POINT ( 'NONE',  ( 0.3199999999999991185, 5.760000000000001563, 5.519999999999999574 ) ) ;
#3855 = CARTESIAN_POINT ( 'NONE',  ( -1.270000000000000906, 3.710000000000000409, 8.920000000000001705 ) ) ;
#3856 = FACE_OUTER_BOUND ( 'NONE', #8130, .T. ) ;
#3857 = ORIENTED_EDGE ( 'NONE', *, *, #7991, .T. ) ;
#3858 = DIRECTION ( 'NONE',  ( 1.000000000000000000, 0.000000000000000000, 0.000000000000000000 ) ) ;
#3860 = ORIENTED_EDGE ( 'NONE', *, *, #8819, .F. ) ;
#3859 = LINE ( 'NONE', #6061, #7131 ) ;
#3861 = VECTOR ( 'NONE', #2786, 1000.000000000000000 ) ;
#3862 = DIRECTION ( 'NONE',  ( -0.6427876096865049460, 0.000000000000000000, -0.7660444431190069903 ) ) ;
#3863 = DIRECTION ( 'NONE',  ( 0.000000000000000000, 0.000000000000000000, -1.000000000000000000 ) ) ;
#3864 = DIRECTION ( 'NONE',  ( -1.000000000000000000, 0.000000000000000000, 0.000000000000000000 ) ) ;
#3865 = LINE ( 'NONE', #6917, #2550 ) ;
#3866 = ADVANCED_FACE ( 'NONE', ( #8145 ), #3565, .T. ) ;
#3867 = VECTOR ( 'NONE', #5513, 1000.000000000000000 ) ;
#3868 = VECTOR ( 'NONE', #1687, 1000.000000000000000 ) ;
#3869 = ORIENTED_EDGE ( 'NONE', *, *, #5451, .F. ) ;
#3870 = CARTESIAN_POINT ( 'NONE',  ( 0.3199999999999991185, 5.529000000000000803, -3.319999999999999840 ) ) ;
#3871 = LINE ( 'NONE', #3182, #7590 ) ;
#3872 = VECTOR ( 'NONE', #8939, 1000.000000000000000 ) ;
#3873 = AXIS2_PLACEMENT_3D ( 'NONE', #1597, #9119, #3880 ) ;
#3874 = VECTOR ( 'NONE', #1873, 1000.000000000000000 ) ;
#3875 = DIRECTION ( 'NONE',  ( 1.000000000000000000, 0.000000000000000000, 0.000000000000000000 ) ) ;
#3876 = PLANE ( 'NONE',  #8911 ) ;
#3877 = EDGE_CURVE ( 'NONE', #2309, #3771, #6512, .T. ) ;
#3878 = LINE ( 'NONE', #4790, #9 ) ;
#3879 = ORIENTED_EDGE ( 'NONE', *, *, #571, .F. ) ;
#3880 = DIRECTION ( 'NONE',  ( 1.000000000000000000, 0.000000000000000000, 0.000000000000000000 ) ) ;
#3881 = CARTESIAN_POINT ( 'NONE',  ( 3.274999999999999467, 1.740000000000000657, 6.769999999999999574 ) ) ;
#3882 = VERTEX_POINT ( 'NONE', #1980 ) ;
#3883 = ORIENTED_EDGE ( 'NONE', *, *, #2928, .F. ) ;
#3884 = ORIENTED_EDGE ( 'NONE', *, *, #4125, .F. ) ;
#3885 = VECTOR ( 'NONE', #5061, 1000.000000000000000 ) ;
#3886 = VECTOR ( 'NONE', #9738, 1000.000000000000000 ) ;
#3887 = VECTOR ( 'NONE', #1982, 1000.000000000000000 ) ;
#3888 = DIRECTION ( 'NONE',  ( 0.000000000000000000, 0.000000000000000000, -1.000000000000000000 ) ) ;
#3889 = DIRECTION ( 'NONE',  ( 0.000000000000000000, 0.000000000000000000, 1.000000000000000000 ) ) ;
#3890 = EDGE_CURVE ( 'NONE', #7146, #6394, #6560, .T. ) ;
#3891 = VECTOR ( 'NONE', #3002, 1000.000000000000000 ) ;
#3892 = EDGE_CURVE ( 'NONE', #152, #2006, #9593, .T. ) ;
#3893 = EDGE_CURVE ( 'NONE', #6943, #7082, #2771, .T. ) ;
#3894 = DIRECTION ( 'NONE',  ( 0.000000000000000000, 1.000000000000000000, 0.000000000000000000 ) ) ;
#3895 = ORIENTED_EDGE ( 'NONE', *, *, #8146, .T. ) ;
#3896 = ORIENTED_EDGE ( 'NONE', *, *, #1611, .F. ) ;
#3897 = EDGE_CURVE ( 'NONE', #7054, #4116, #5114, .T. ) ;
#3898 = ORIENTED_EDGE ( 'NONE', *, *, #9383, .T. ) ;
#3899 = DIRECTION ( 'NONE',  ( 1.000000000000000000, 0.000000000000000000, 0.000000000000000000 ) ) ;
#3900 = DIRECTION ( 'NONE',  ( 0.000000000000000000, 0.000000000000000000, 1.000000000000000000 ) ) ;
#3901 = VERTEX_POINT ( 'NONE', #585 ) ;
#3902 = EDGE_CURVE ( 'NONE', #1541, #569, #3423, .T. ) ;
#3903 = EDGE_CURVE ( 'NONE', #7373, #782, #9687, .T. ) ;
#3904 = CARTESIAN_POINT ( 'NONE',  ( 0.3199999999999991185, 5.760000000000001563, 5.519999999999999574 ) ) ;
#3905 = EDGE_LOOP ( 'NONE', ( #281, #5328, #2993, #8918 ) ) ;
#3906 = CARTESIAN_POINT ( 'NONE',  ( 3.274999999999999467, 1.590000000000000746, 5.570000000000000284 ) ) ;
#3907 = ADVANCED_FACE ( 'NONE', ( #7454 ), #9502, .F. ) ;
#3908 = DIRECTION ( 'NONE',  ( 0.000000000000000000, -1.000000000000000000, 0.000000000000000000 ) ) ;
#3909 = DIRECTION ( 'NONE',  ( 0.000000000000000000, 0.000000000000000000, -1.000000000000000000 ) ) ;
#3910 = EDGE_LOOP ( 'NONE', ( #4793, #5139, #3026, #1276, #4988, #3562, #1916, #4859, #5840, #3041, #9802, #988, #4584, #6904, #2459, #3609, #3414, #7470, #7133, #5285, #7586, #7949, #2893, #7418, #4720, #9463, #5607 ) ) ;
#3911 = FACE_OUTER_BOUND ( 'NONE', #8163, .T. ) ;
#3912 = DIRECTION ( 'NONE',  ( -1.000000000000000000, 0.000000000000000000, 0.000000000000000000 ) ) ;
#3913 = EDGE_LOOP ( 'NONE', ( #7907, #5437, #3431, #1268 ) ) ;
#3914 = CARTESIAN_POINT ( 'NONE',  ( -1.270000000000000906, 3.710000000000000409, 8.920000000000001705 ) ) ;
#3915 = CARTESIAN_POINT ( 'NONE',  ( 3.324999999999998845, 0.8900000000000005684, 8.920000000000001705 ) ) ;
#3917 = ORIENTED_EDGE ( 'NONE', *, *, #5673, .T. ) ;
#3916 = LINE ( 'NONE', #4724, #3308 ) ;
#3918 = CARTESIAN_POINT ( 'NONE',  ( -8.340485608557001385, 3.365000000000000657, 1.269999999999999796 ) ) ;
#3919 = CARTESIAN_POINT ( 'NONE',  ( 3.324999999999998845, 1.740000000000000657, 5.570000000000000284 ) ) ;
#3920 = LINE ( 'NONE', #6966, #399 ) ;
#3921 = VECTOR ( 'NONE', #7011, 1000.000000000000000 ) ;
#3922 = LINE ( 'NONE', #1789, #5579 ) ;
#3923 = LINE ( 'NONE', #7120, #4293 ) ;
#3924 = ORIENTED_EDGE ( 'NONE', *, *, #6825, .F. ) ;
#3925 = CARTESIAN_POINT ( 'NONE',  ( -1.525000000000001021, 0.5100000000000008971, 0.3099999999999999423 ) ) ;
#3926 = AXIS2_PLACEMENT_3D ( 'NONE', #7071, #6922, #3131 ) ;
#3927 = DIRECTION ( 'NONE',  ( -1.000000000000000000, 0.000000000000000000, 0.000000000000000000 ) ) ;
#3928 = EDGE_CURVE ( 'NONE', #4615, #1215, #8002, .T. ) ;
#3929 = CARTESIAN_POINT ( 'NONE',  ( -3.320000000000000728, 3.620000000000000995, 0.3099999999999999423 ) ) ;
#3930 = ADVANCED_FACE ( 'NONE', ( #4555, #5257 ), #6701, .T. ) ;
#3931 = LINE ( 'NONE', #4032, #1274 ) ;
#3932 = CARTESIAN_POINT ( 'NONE',  ( -3.475000000000000977, 8.673617379884035472E-16, 0.3099999999999999423 ) ) ;
#3933 = ORIENTED_EDGE ( 'NONE', *, *, #5364, .F. ) ;
#3934 = LINE ( 'NONE', #4636, #1035 ) ;
#3935 = VECTOR ( 'NONE', #6806, 1000.000000000000000 ) ;
#3936 = DIRECTION ( 'NONE',  ( 0.000000000000000000, 1.000000000000000000, 0.000000000000000000 ) ) ;
#3937 = ORIENTED_EDGE ( 'NONE', *, *, #6767, .F. ) ;
#3938 = VERTEX_POINT ( 'NONE', #5304 ) ;
#3939 = DIRECTION ( 'NONE',  ( -0.000000000000000000, 1.000000000000000000, 0.000000000000000000 ) ) ;
#3940 = DIRECTION ( 'NONE',  ( -1.000000000000000000, 0.000000000000000000, 0.000000000000000000 ) ) ;
#3941 = CARTESIAN_POINT ( 'NONE',  ( 1.269999999999999352, 6.710000000000000853, 2.319999999999999840 ) ) ;
#3942 = EDGE_CURVE ( 'NONE', #8142, #2242, #2364, .T. ) ;
#3943 = VECTOR ( 'NONE', #1000, 1000.000000000000000 ) ;
#3944 = CARTESIAN_POINT ( 'NONE',  ( -5.680000000000000604, 2.120000000000000995, 2.319999999999999840 ) ) ;
#3945 = ORIENTED_EDGE ( 'NONE', *, *, #3779, .F. ) ;
#3946 = VERTEX_POINT ( 'NONE', #8997 ) ;
#3947 = ORIENTED_EDGE ( 'NONE', *, *, #7140, .T. ) ;
#3948 = LINE ( 'NONE', #319, #4177 ) ;
#3949 = DIRECTION ( 'NONE',  ( -0.000000000000000000, 0.9841833239736893502, 0.1771529983152980714 ) ) ;
#3950 = ORIENTED_EDGE ( 'NONE', *, *, #2473, .F. ) ;
#3951 = CARTESIAN_POINT ( 'NONE',  ( 0.3199999999999991185, 2.120000000000000995, 0.3199999999999999512 ) ) ;
#3952 = EDGE_CURVE ( 'NONE', #3395, #3799, #9190, .T. ) ;
#3953 = VERTEX_POINT ( 'NONE', #5352 ) ;
#3954 = VECTOR ( 'NONE', #9765, 1000.000000000000000 ) ;
#3955 = CARTESIAN_POINT ( 'NONE',  ( -3.320000000000000728, 2.760000000000000675, 0.3099999999999999423 ) ) ;
#3956 = DIRECTION ( 'NONE',  ( 0.000000000000000000, 0.000000000000000000, 1.000000000000000000 ) ) ;
#3957 = VERTEX_POINT ( 'NONE', #821 ) ;
#3958 = VERTEX_POINT ( 'NONE', #9091 ) ;
#3959 = LINE ( 'NONE', #932, #7237 ) ;
#3960 = DIRECTION ( 'NONE',  ( 0.000000000000000000, 1.000000000000000000, 0.000000000000000000 ) ) ;
#3961 = CARTESIAN_POINT ( 'NONE',  ( -6.140000000000001457, 2.300000000000000711, 6.519999999999999574 ) ) ;
#3962 = VERTEX_POINT ( 'NONE', #8381 ) ;
#3963 = EDGE_CURVE ( 'NONE', #8537, #5239, #1423, .T. ) ;
#3964 = DIRECTION ( 'NONE',  ( 0.000000000000000000, -1.000000000000000000, 0.000000000000000000 ) ) ;
#3965 = EDGE_CURVE ( 'NONE', #6318, #2336, #3708, .T. ) ;
#3966 = LINE ( 'NONE', #1579, #6384 ) ;
#3968 = VERTEX_POINT ( 'NONE', #6750 ) ;
#3967 = CARTESIAN_POINT ( 'NONE',  ( -2.525000000000000799, -1.749999999999998890, 3.319999999999999840 ) ) ;
#3969 = DIRECTION ( 'NONE',  ( 0.000000000000000000, 0.000000000000000000, -1.000000000000000000 ) ) ;
#3970 = DIRECTION ( 'NONE',  ( -0.7660444431190069903, 0.000000000000000000, -0.6427876096865049460 ) ) ;
#3971 = DIRECTION ( 'NONE',  ( 0.000000000000000000, 0.000000000000000000, 1.000000000000000000 ) ) ;
#3972 = AXIS2_PLACEMENT_3D ( 'NONE', #1945, #8068, #4935 ) ;
#3973 = EDGE_CURVE ( 'NONE', #4352, #2495, #4602, .T. ) ;
#3974 = LINE ( 'NONE', #3176, #488 ) ;
#3975 = LINE ( 'NONE', #7868, #159 ) ;
#3976 = EDGE_LOOP ( 'NONE', ( #9818, #9221, #285, #2004 ) ) ;
#3977 = DIRECTION ( 'NONE',  ( 0.000000000000000000, 0.000000000000000000, -1.000000000000000000 ) ) ;
#3978 = PLANE ( 'NONE',  #853 ) ;
#3979 = AXIS2_PLACEMENT_3D ( 'NONE', #2635, #8903, #3428 ) ;
#3980 = DIRECTION ( 'NONE',  ( -1.000000000000000000, 0.000000000000000000, 0.000000000000000000 ) ) ;
#3981 = VECTOR ( 'NONE', #4957, 1000.000000000000000 ) ;
#3982 = DIRECTION ( 'NONE',  ( -1.000000000000000000, 0.000000000000000000, 0.000000000000000000 ) ) ;
#3983 = EDGE_CURVE ( 'NONE', #9361, #4843, #9787, .T. ) ;
#3984 = CARTESIAN_POINT ( 'NONE',  ( -3.320000000000000728, 5.529000000000000803, -0.3199999999999999512 ) ) ;
#3985 = CARTESIAN_POINT ( 'NONE',  ( 3.324999999999998845, 1.590000000000000746, 6.565744705200000197 ) ) ;
#3986 = EDGE_LOOP ( 'NONE', ( #1948, #9485, #2223, #4743 ) ) ;
#3987 = DIRECTION ( 'NONE',  ( 0.000000000000000000, 1.000000000000000000, 0.000000000000000000 ) ) ;
#3988 = ORIENTED_EDGE ( 'NONE', *, *, #811, .T. ) ;
#3989 = VERTEX_POINT ( 'NONE', #1470 ) ;
#3990 = LINE ( 'NONE', #6333, #5314 ) ;
#3991 = VECTOR ( 'NONE', #2817, 1000.000000000000227 ) ;
#3992 = PLANE ( 'NONE',  #7643 ) ;
#3993 = DIRECTION ( 'NONE',  ( 1.000000000000000000, 0.000000000000000000, 0.000000000000000000 ) ) ;
#3994 = VECTOR ( 'NONE', #952, 1000.000000000000000 ) ;
#3995 = CARTESIAN_POINT ( 'NONE',  ( 1.940485608556998587, 5.040000000000000924, 6.103333333333333499 ) ) ;
#3996 = VERTEX_POINT ( 'NONE', #7642 ) ;
#3997 = ORIENTED_EDGE ( 'NONE', *, *, #2869, .F. ) ;
#3998 = EDGE_CURVE ( 'NONE', #764, #8996, #6847, .T. ) ;
#3999 = LINE ( 'NONE', #2507, #211 ) ;
#4000 = PLANE ( 'NONE',  #8830 ) ;
#4001 = ORIENTED_EDGE ( 'NONE', *, *, #2073, .F. ) ;
#4002 = DIRECTION ( 'NONE',  ( 0.000000000000000000, 0.000000000000000000, -1.000000000000000000 ) ) ;
#4003 = ORIENTED_EDGE ( 'NONE', *, *, #2948, .F. ) ;
#4004 = ADVANCED_FACE ( 'NONE', ( #3057 ), #4503, .F. ) ;
#4005 = CARTESIAN_POINT ( 'NONE',  ( -4.730000000000000426, 6.710000000000000853, 8.920000000000001705 ) ) ;
#4006 = CARTESIAN_POINT ( 'NONE',  ( -4.730000000000000426, 3.710000000000000409, 2.319999999999999840 ) ) ;
#4007 = ORIENTED_EDGE ( 'NONE', *, *, #7741, .F. ) ;
#4008 = VERTEX_POINT ( 'NONE', #19 ) ;
#4009 = ORIENTED_EDGE ( 'NONE', *, *, #4940, .T. ) ;
#4010 = DIRECTION ( 'NONE',  ( -1.000000000000000000, 0.000000000000000000, 0.000000000000000000 ) ) ;
#4011 = DIRECTION ( 'NONE',  ( 0.000000000000000000, 0.000000000000000000, -1.000000000000000000 ) ) ;
#4012 = ORIENTED_EDGE ( 'NONE', *, *, #9141, .T. ) ;
#4013 = CARTESIAN_POINT ( 'NONE',  ( -9.324999999999999289, 6.620000000000000995, 7.270000000000000462 ) ) ;
#4014 = DIRECTION ( 'NONE',  ( 0.000000000000000000, -1.000000000000000000, 0.000000000000000000 ) ) ;
#4016 = ORIENTED_EDGE ( 'NONE', *, *, #4506, .T. ) ;
#4015 = LINE ( 'NONE', #9547, #6491 ) ;
#4017 = CARTESIAN_POINT ( 'NONE',  ( -7.270000000000001350, 1.870000000000000995, 2.319999999999999840 ) ) ;
#4018 = LINE ( 'NONE', #3275, #7229 ) ;
#4019 = CARTESIAN_POINT ( 'NONE',  ( 1.940485608556998587, 1.530000000000000915, 7.270000000000000462 ) ) ;
#4020 = EDGE_CURVE ( 'NONE', #3307, #8461, #6102, .T. ) ;
#4021 = EDGE_CURVE ( 'NONE', #3996, #4791, #6003, .T. ) ;
#4022 = DIRECTION ( 'NONE',  ( 1.000000000000000000, 0.000000000000000000, 0.000000000000000000 ) ) ;
#4023 = ADVANCED_FACE ( 'NONE', ( #8430 ), #771, .F. ) ;
#4024 = CARTESIAN_POINT ( 'NONE',  ( -5.680000000000000604, 0.5100000000000008971, -0.3199999999999999512 ) ) ;
#4025 = ORIENTED_EDGE ( 'NONE', *, *, #2133, .F. ) ;
#4026 = AXIS2_PLACEMENT_3D ( 'NONE', #8326, #7637, #5399 ) ;
#4027 = CARTESIAN_POINT ( 'NONE',  ( -5.680000000000000604, 2.760000000000000675, 5.519999999999999574 ) ) ;
#4028 = ADVANCED_FACE ( 'NONE', ( #7593 ), #9143, .T. ) ;
#4029 = EDGE_CURVE ( 'NONE', #2394, #4152, #2315, .T. ) ;
#4030 = CARTESIAN_POINT ( 'NONE',  ( 3.574999999999999289, 8.673617379884035472E-16, 5.750000000000000000 ) ) ;
#4031 = LINE ( 'NONE', #3929, #6497 ) ;
#4032 = CARTESIAN_POINT ( 'NONE',  ( 0.3199999999999991185, 2.120000000000000995, 5.519999999999999574 ) ) ;
#4033 = DIRECTION ( 'NONE',  ( -0.7071067811865475727, 0.7071067811865475727, 0.000000000000000000 ) ) ;
#4034 = ORIENTED_EDGE ( 'NONE', *, *, #8721, .F. ) ;
#4035 = ORIENTED_EDGE ( 'NONE', *, *, #3714, .T. ) ;
#4036 = EDGE_LOOP ( 'NONE', ( #3305, #6728, #2181, #2558, #7385 ) ) ;
#4037 = CARTESIAN_POINT ( 'NONE',  ( -1.270000000000000906, 4.170000000000000817, 8.920000000000001705 ) ) ;
#4038 = VECTOR ( 'NONE', #104, 1000.000000000000000 ) ;
#4039 = VECTOR ( 'NONE', #992, 1000.000000000000000 ) ;
#4040 = DIRECTION ( 'NONE',  ( 0.000000000000000000, -1.000000000000000000, 0.000000000000000000 ) ) ;
#4041 = VECTOR ( 'NONE', #3956, 1000.000000000000000 ) ;
#4042 = FACE_OUTER_BOUND ( 'NONE', #8791, .T. ) ;
#4043 = CIRCLE ( 'NONE', #9615, 0.2500000000000002220 ) ;
#4044 = VECTOR ( 'NONE', #4926, 1000.000000000000000 ) ;
#4045 = CARTESIAN_POINT ( 'NONE',  ( -1.270000000000000906, 3.710000000000000409, 8.920000000000001705 ) ) ;
#4046 = ORIENTED_EDGE ( 'NONE', *, *, #2653, .T. ) ;
#4047 = EDGE_LOOP ( 'NONE', ( #2233, #7694, #3860, #1029 ) ) ;
#4048 = AXIS2_PLACEMENT_3D ( 'NONE', #9833, #8292, #2216 ) ;
#4049 = VERTEX_POINT ( 'NONE', #5951 ) ;
#4050 = CARTESIAN_POINT ( 'NONE',  ( -3.140000000000001013, -3.179999999999998828, -2.860000000000000764 ) ) ;
#4051 = PLANE ( 'NONE',  #6128 ) ;
#4052 = ORIENTED_EDGE ( 'NONE', *, *, #3601, .T. ) ;
#4053 = CARTESIAN_POINT ( 'NONE',  ( -5.680000000000000604, 3.620000000000000995, 0.3099999999999999423 ) ) ;
#4054 = VECTOR ( 'NONE', #9237, 1000.000000000000000 ) ;
#4055 = EDGE_LOOP ( 'NONE', ( #2049, #4802, #4460, #7300 ) ) ;
#4056 = VECTOR ( 'NONE', #8913, 1000.000000000000000 ) ;
#4057 = EDGE_CURVE ( 'NONE', #4078, #8001, #875, .T. ) ;
#4058 = FACE_OUTER_BOUND ( 'NONE', #7671, .T. ) ;
#4059 = CARTESIAN_POINT ( 'NONE',  ( -2.680000000000001048, -2.179999999999998828, -2.680000000000000160 ) ) ;
#4060 = VERTEX_POINT ( 'NONE', #3156 ) ;
#4061 = ORIENTED_EDGE ( 'NONE', *, *, #5611, .T. ) ;
#4062 = EDGE_LOOP ( 'NONE', ( #8770, #4181, #5575, #5338 ) ) ;
#4063 = PLANE ( 'NONE',  #9450 ) ;
#4064 = DIRECTION ( 'NONE',  ( 0.000000000000000000, 1.000000000000000000, 0.000000000000000000 ) ) ;
#4065 = ORIENTED_EDGE ( 'NONE', *, *, #7913, .F. ) ;
#4066 = CARTESIAN_POINT ( 'NONE',  ( -7.940215826025222690, 2.840000000000000302, 4.936666666666667425 ) ) ;
#4067 = CARTESIAN_POINT ( 'NONE',  ( 0.2299999999999988720, -2.679999999999999272, 0.000000000000000000 ) ) ;
#4069 = EDGE_LOOP ( 'NONE', ( #3091, #1874, #9369, #2472 ) ) ;
#4068 = CARTESIAN_POINT ( 'NONE',  ( -2.860000000000001208, 5.300000000000000711, 6.519999999999999574 ) ) ;
#4070 = DIRECTION ( 'NONE',  ( 1.000000000000000000, 0.000000000000000000, 0.000000000000000000 ) ) ;
#4071 = EDGE_CURVE ( 'NONE', #4843, #5346, #6949, .T. ) ;
#4072 = DIRECTION ( 'NONE',  ( 0.000000000000000000, 0.000000000000000000, -1.000000000000000000 ) ) ;
#4073 = DIRECTION ( 'NONE',  ( 0.000000000000000000, -1.000000000000000000, 0.000000000000000000 ) ) ;
#4074 = CARTESIAN_POINT ( 'NONE',  ( -3.320000000000000728, 7.370000000000000995, 0.3099999999999999423 ) ) ;
#4075 = CARTESIAN_POINT ( 'NONE',  ( -1.730000000000000870, 1.170000000000000817, 8.920000000000001705 ) ) ;
#4076 = DIRECTION ( 'NONE',  ( -0.6427876096865049460, 0.000000000000000000, -0.7660444431190069903 ) ) ;
#4077 = EDGE_LOOP ( 'NONE', ( #8771, #6830, #1067, #1662 ) ) ;
#4078 = VERTEX_POINT ( 'NONE', #4183 ) ;
#4079 = DIRECTION ( 'NONE',  ( 1.000000000000000000, 0.000000000000000000, 0.000000000000000000 ) ) ;
#4080 = LINE ( 'NONE', #1795, #4248 ) ;
#4081 = DIRECTION ( 'NONE',  ( 0.000000000000000000, 0.000000000000000000, -1.000000000000000000 ) ) ;
#4082 = CARTESIAN_POINT ( 'NONE',  ( 3.324999999999998845, 1.590000000000000746, 5.750000000000000000 ) ) ;
#4083 = EDGE_CURVE ( 'NONE', #1774, #8177, #2702, .T. ) ;
#4084 = DIRECTION ( 'NONE',  ( 0.000000000000000000, 0.000000000000000000, 1.000000000000000000 ) ) ;
#4085 = EDGE_LOOP ( 'NONE', ( #2176, #5367, #7988, #6250 ) ) ;
#4086 = ADVANCED_FACE ( 'NONE', ( #1903 ), #1255, .F. ) ;
#4087 = ORIENTED_EDGE ( 'NONE', *, *, #2538, .F. ) ;
#4088 = EDGE_LOOP ( 'NONE', ( #5096, #5791, #1006, #2800 ) ) ;
#4089 = VECTOR ( 'NONE', #3969, 1000.000000000000000 ) ;
#4090 = CARTESIAN_POINT ( 'NONE',  ( -7.940269782531773402, 5.040000000000000924, 6.103333333333333499 ) ) ;
#4091 = EDGE_CURVE ( 'NONE', #7479, #3358, #7934, .T. ) ;
#4092 = DIRECTION ( 'NONE',  ( -1.000000000000000000, 0.000000000000000000, 0.000000000000000000 ) ) ;
#4093 = EDGE_CURVE ( 'NONE', #5288, #9742, #7188, .T. ) ;
#4094 = CARTESIAN_POINT ( 'NONE',  ( -5.860000000000000320, 2.580000000000000515, 6.519999999999999574 ) ) ;
#4095 = VECTOR ( 'NONE', #4092, 1000.000000000000000 ) ;
#4096 = EDGE_CURVE ( 'NONE', #9156, #9842, #1951, .T. ) ;
#4097 = PLANE ( 'NONE',  #5715 ) ;
#4098 = EDGE_LOOP ( 'NONE', ( #1721, #6640, #4951, #9678 ) ) ;
#4099 = VERTEX_POINT ( 'NONE', #4283 ) ;
#4100 = ORIENTED_EDGE ( 'NONE', *, *, #2388, .F. ) ;
#4101 = CARTESIAN_POINT ( 'NONE',  ( -3.475000000000000977, -2.619615242270999733, 5.320000000000000284 ) ) ;
#4102 = EDGE_LOOP ( 'NONE', ( #8245, #2484, #3698, #8380 ) ) ;
#4103 = VECTOR ( 'NONE', #830, 1000.000000000000000 ) ;
#4104 = DIRECTION ( 'NONE',  ( 0.000000000000000000, 1.000000000000000000, 0.000000000000000000 ) ) ;
#4105 = ORIENTED_EDGE ( 'NONE', *, *, #7946, .F. ) ;
#4106 = EDGE_CURVE ( 'NONE', #3385, #8507, #2601, .T. ) ;
#4107 = LINE ( 'NONE', #9538, #4363 ) ;
#4108 = VERTEX_POINT ( 'NONE', #5694 ) ;
#4109 = ORIENTED_EDGE ( 'NONE', *, *, #544, .T. ) ;
#4110 = CARTESIAN_POINT ( 'NONE',  ( -2.680000000000001048, 3.620000000000000995, 0.3099999999999999423 ) ) ;
#4111 = PLANE ( 'NONE',  #7241 ) ;
#4112 = EDGE_LOOP ( 'NONE', ( #4751, #4811, #6557, #4402 ) ) ;
#4113 = LINE ( 'NONE', #7807, #1445 ) ;
#4114 = DIRECTION ( 'NONE',  ( 0.9841833239736893502, -0.1771529983152980714, 0.000000000000000000 ) ) ;
#4116 = VERTEX_POINT ( 'NONE', #460 ) ;
#4115 = PLANE ( 'NONE',  #7287 ) ;
#4117 = CARTESIAN_POINT ( 'NONE',  ( 3.574999999999999289, 7.370000000000000995, -0.9900000000000004352 ) ) ;
#4118 = FACE_OUTER_BOUND ( 'NONE', #1254, .T. ) ;
#4119 = LINE ( 'NONE', #7214, #9472 ) ;
#4120 = CARTESIAN_POINT ( 'NONE',  ( -2.300000000000000711, 3.940000000000000835, 3.964999999999999858 ) ) ;
#4121 = DIRECTION ( 'NONE',  ( 0.000000000000000000, -1.000000000000000000, 0.000000000000000000 ) ) ;
#4122 = LINE ( 'NONE', #7067, #6367 ) ;
#4123 = ORIENTED_EDGE ( 'NONE', *, *, #3897, .F. ) ;
#4124 = ORIENTED_EDGE ( 'NONE', *, *, #8839, .T. ) ;
#4125 = EDGE_CURVE ( 'NONE', #6991, #9695, #8683, .T. ) ;
#4126 = DIRECTION ( 'NONE',  ( 0.1744369497454954787, 0.9690941652527760297, 0.1744369497454954787 ) ) ;
#4127 = DIRECTION ( 'NONE',  ( -1.000000000000000000, 0.000000000000000000, 0.000000000000000000 ) ) ;
#4128 = CARTESIAN_POINT ( 'NONE',  ( 0.3199999999999991185, 2.760000000000000675, -0.3199999999999999512 ) ) ;
#4129 = DIRECTION ( 'NONE',  ( 0.000000000000000000, 0.000000000000000000, -1.000000000000000000 ) ) ;
#4130 = ADVANCED_FACE ( 'NONE', ( #1859 ), #4138, .T. ) ;
#4131 = CARTESIAN_POINT ( 'NONE',  ( 0.1399999999999990696, -3.179999999999998828, -3.140000000000000568 ) ) ;
#4132 = ORIENTED_EDGE ( 'NONE', *, *, #9740, .T. ) ;
#4133 = VERTEX_POINT ( 'NONE', #7889 ) ;
#4134 = ORIENTED_EDGE ( 'NONE', *, *, #6936, .T. ) ;
#4135 = ADVANCED_FACE ( 'NONE', ( #6486 ), #6436, .F. ) ;
#4136 = VECTOR ( 'NONE', #1401, 1000.000000000000000 ) ;
#4137 = LINE ( 'NONE', #8682, #9759 ) ;
#4138 = PLANE ( 'NONE',  #3137 ) ;
#4139 = VECTOR ( 'NONE', #2109, 1000.000000000000000 ) ;
#4140 = CARTESIAN_POINT ( 'NONE',  ( 2.304999999999998828, 0.5100000000000008971, 0.6099999999999998757 ) ) ;
#4141 = ADVANCED_FACE ( 'NONE', ( #8730 ), #1063, .F. ) ;
#4142 = EDGE_CURVE ( 'NONE', #4188, #9260, #5784, .T. ) ;
#4143 = CARTESIAN_POINT ( 'NONE',  ( -5.680000000000000604, -2.179999999999998828, 0.3199999999999999512 ) ) ;
#4144 = VECTOR ( 'NONE', #4918, 1000.000000000000000 ) ;
#4145 = ORIENTED_EDGE ( 'NONE', *, *, #4, .F. ) ;
#4146 = VERTEX_POINT ( 'NONE', #5740 ) ;
#4147 = ORIENTED_EDGE ( 'NONE', *, *, #1767, .F. ) ;
#4148 = DIRECTION ( 'NONE',  ( 1.000000000000000000, 0.000000000000000000, 0.000000000000000000 ) ) ;
#4149 = ORIENTED_EDGE ( 'NONE', *, *, #4258, .F. ) ;
#4150 = PLANE ( 'NONE',  #3497 ) ;
#4151 = EDGE_CURVE ( 'NONE', #2656, #3065, #4238, .T. ) ;
#4152 = VERTEX_POINT ( 'NONE', #8824 ) ;
#4153 = AXIS2_PLACEMENT_3D ( 'NONE', #7809, #4014, #2575 ) ;
#4154 = CARTESIAN_POINT ( 'NONE',  ( -0.3200000000000008393, 0.5100000000000008971, -0.3199999999999999512 ) ) ;
#4155 = EDGE_LOOP ( 'NONE', ( #5410, #8443, #9213, #5993 ) ) ;
#4156 = ORIENTED_EDGE ( 'NONE', *, *, #6449, .T. ) ;
#4157 = EDGE_LOOP ( 'NONE', ( #7726, #1821, #873, #2405 ) ) ;
#4158 = CARTESIAN_POINT ( 'NONE',  ( 0.1399999999999990696, 2.300000000000000711, 6.519999999999999574 ) ) ;
#4159 = LINE ( 'NONE', #1227, #7394 ) ;
#4160 = ORIENTED_EDGE ( 'NONE', *, *, #4323, .F. ) ;
#4161 = CARTESIAN_POINT ( 'NONE',  ( -3.320000000000000728, 4.889000000000001123, 0.3099999999999999423 ) ) ;
#4163 = ORIENTED_EDGE ( 'NONE', *, *, #7741, .T. ) ;
#4162 = CARTESIAN_POINT ( 'NONE',  ( -2.860000000000001208, 2.300000000000000711, 6.519999999999999574 ) ) ;
#4164 = DIRECTION ( 'NONE',  ( -1.000000000000000000, 0.000000000000000000, 0.000000000000000000 ) ) ;
#4165 = CARTESIAN_POINT ( 'NONE',  ( -5.680000000000000604, 2.760000000000000675, -0.3199999999999999512 ) ) ;
#4166 = PLANE ( 'NONE',  #6918 ) ;
#4167 = DIRECTION ( 'NONE',  ( 0.000000000000000000, -0.9841833239736893502, 0.1771529983152980714 ) ) ;
#4168 = CARTESIAN_POINT ( 'NONE',  ( -3.320000000000000728, 7.370000000000000995, 0.3099999999999999423 ) ) ;
#4169 = LINE ( 'NONE', #9510, #6121 ) ;
#4170 = ORIENTED_EDGE ( 'NONE', *, *, #9448, .T. ) ;
#4171 = ORIENTED_EDGE ( 'NONE', *, *, #4993, .F. ) ;
#4172 = DIRECTION ( 'NONE',  ( 0.000000000000000000, 0.000000000000000000, 1.000000000000000000 ) ) ;
#4173 = DIRECTION ( 'NONE',  ( -0.9841833239736893502, -0.1771529983152980714, 0.000000000000000000 ) ) ;
#4174 = DIRECTION ( 'NONE',  ( 0.000000000000000000, 0.000000000000000000, -1.000000000000000000 ) ) ;
#4175 = EDGE_CURVE ( 'NONE', #28, #3353, #2000, .T. ) ;
#4176 = DIRECTION ( 'NONE',  ( 0.000000000000000000, 0.000000000000000000, -1.000000000000000000 ) ) ;
#4177 = VECTOR ( 'NONE', #1070, 1000.000000000000000 ) ;
#4178 = PLANE ( 'NONE',  #17 ) ;
#4179 = ORIENTED_EDGE ( 'NONE', *, *, #7469, .F. ) ;
#4180 = VECTOR ( 'NONE', #3894, 1000.000000000000000 ) ;
#4181 = ORIENTED_EDGE ( 'NONE', *, *, #4234, .F. ) ;
#4182 = LINE ( 'NONE', #603, #8673 ) ;
#4183 = CARTESIAN_POINT ( 'NONE',  ( 0.1399999999999990696, 2.580000000000000515, 6.519999999999999574 ) ) ;
#4184 = DIRECTION ( 'NONE',  ( 0.000000000000000000, 1.000000000000000000, 0.000000000000000000 ) ) ;
#4185 = VECTOR ( 'NONE', #8162, 1000.000000000000000 ) ;
#4186 = ADVANCED_FACE ( 'NONE', ( #8075 ), #3537, .F. ) ;
#4187 = CARTESIAN_POINT ( 'NONE',  ( -1.730000000000000870, 6.710000000000000853, 8.920000000000001705 ) ) ;
#4188 = VERTEX_POINT ( 'NONE', #1804 ) ;
#4189 = ORIENTED_EDGE ( 'NONE', *, *, #7783, .T. ) ;
#4190 = ORIENTED_EDGE ( 'NONE', *, *, #4878, .T. ) ;
#4191 = VECTOR ( 'NONE', #6008, 1000.000000000000000 ) ;
#4192 = DIRECTION ( 'NONE',  ( 0.000000000000000000, -1.000000000000000000, 0.000000000000000000 ) ) ;
#4193 = VECTOR ( 'NONE', #1139, 1000.000000000000000 ) ;
#4194 = VECTOR ( 'NONE', #4606, 1000.000000000000000 ) ;
#4195 = FACE_OUTER_BOUND ( 'NONE', #9194, .T. ) ;
#4196 = ADVANCED_FACE ( 'NONE', ( #7138 ), #311, .T. ) ;
#4197 = FACE_OUTER_BOUND ( 'NONE', #3976, .T. ) ;
#4198 = EDGE_CURVE ( 'NONE', #2598, #8438, #650, .T. ) ;
#4199 = VECTOR ( 'NONE', #4504, 1000.000000000000000 ) ;
#4200 = AXIS2_PLACEMENT_3D ( 'NONE', #5259, #9789, #1522 ) ;
#4201 = DIRECTION ( 'NONE',  ( 1.000000000000000000, 0.000000000000000000, 0.000000000000000000 ) ) ;
#4202 = EDGE_CURVE ( 'NONE', #1416, #4319, #8965, .T. ) ;
#4203 = ORIENTED_EDGE ( 'NONE', *, *, #5054, .F. ) ;
#4204 = ORIENTED_EDGE ( 'NONE', *, *, #9632, .T. ) ;
#4205 = ORIENTED_EDGE ( 'NONE', *, *, #8054, .T. ) ;
#4206 = CARTESIAN_POINT ( 'NONE',  ( -5.680000000000000604, 7.115000000000001101, 0.3099999999999999423 ) ) ;
#4207 = PLANE ( 'NONE',  #5322 ) ;
#4208 = ADVANCED_FACE ( 'NONE', ( #7377 ), #9757, .F. ) ;
#4209 = ORIENTED_EDGE ( 'NONE', *, *, #8171, .F. ) ;
#4210 = VECTOR ( 'NONE', #7601, 1000.000000000000000 ) ;
#4211 = VECTOR ( 'NONE', #3993, 1000.000000000000000 ) ;
#4212 = CARTESIAN_POINT ( 'NONE',  ( -3.475000000000000977, -2.929999999999999272, 3.787875858022199616 ) ) ;
#4213 = ADVANCED_FACE ( 'NONE', ( #2236 ), #9018, .T. ) ;
#4214 = AXIS2_PLACEMENT_3D ( 'NONE', #2128, #2976, #8303 ) ;
#4216 = ORIENTED_EDGE ( 'NONE', *, *, #8508, .T. ) ;
#4215 = FACE_OUTER_BOUND ( 'NONE', #5334, .T. ) ;
#4217 = CARTESIAN_POINT ( 'NONE',  ( 3.324999999999998845, 1.590000000000000746, 5.750000000000000000 ) ) ;
#4218 = ADVANCED_FACE ( 'NONE', ( #6819 ), #1490, .F. ) ;
#4219 = DIRECTION ( 'NONE',  ( -1.000000000000000000, 0.000000000000000000, 0.000000000000000000 ) ) ;
#4220 = FACE_OUTER_BOUND ( 'NONE', #9446, .T. ) ;
#4221 = VECTOR ( 'NONE', #970, 1000.000000000000000 ) ;
#4222 = CARTESIAN_POINT ( 'NONE',  ( -8.340485608557001385, 4.340000000000000746, 1.269999999999999796 ) ) ;
#4223 = CARTESIAN_POINT ( 'NONE',  ( -1.270000000000000906, 1.870000000000000995, 2.319999999999999840 ) ) ;
#4224 = CARTESIAN_POINT ( 'NONE',  ( -4.730000000000000426, 6.710000000000000853, 8.920000000000001705 ) ) ;
#4225 = ORIENTED_EDGE ( 'NONE', *, *, #5162, .T. ) ;
#4226 = ORIENTED_EDGE ( 'NONE', *, *, #6818, .T. ) ;
#4227 = PLANE ( 'NONE',  #4629 ) ;
#4228 = LINE ( 'NONE', #450, #8550 ) ;
#4229 = DIRECTION ( 'NONE',  ( 0.000000000000000000, 1.000000000000000000, 0.000000000000000000 ) ) ;
#4230 = CARTESIAN_POINT ( 'NONE',  ( -9.574999999999999289, 2.840000000000000302, 5.750000000000000000 ) ) ;
#4231 = DIRECTION ( 'NONE',  ( 0.000000000000000000, -1.000000000000000000, 0.000000000000000000 ) ) ;
#4232 = CARTESIAN_POINT ( 'NONE',  ( -6.320000000000001172, 3.620000000000000995, -0.3199999999999999512 ) ) ;
#4233 = ORIENTED_EDGE ( 'NONE', *, *, #9082, .F. ) ;
#4234 = EDGE_CURVE ( 'NONE', #4694, #5253, #7516, .T. ) ;
#4235 = ORIENTED_EDGE ( 'NONE', *, *, #3692, .F. ) ;
#4236 = PLANE ( 'NONE',  #386 ) ;
#4237 = ADVANCED_FACE ( 'NONE', ( #1303 ), #6773, .T. ) ;
#4238 = LINE ( 'NONE', #6581, #8221 ) ;
#4239 = PLANE ( 'NONE',  #7557 ) ;
#4240 = DIRECTION ( 'NONE',  ( -1.000000000000000000, 0.000000000000000000, 0.000000000000000000 ) ) ;
#4241 = AXIS2_PLACEMENT_3D ( 'NONE', #7654, #4671, #8444 ) ;
#4242 = LINE ( 'NONE', #3493, #8248 ) ;
#4243 = ORIENTED_EDGE ( 'NONE', *, *, #2439, .T. ) ;
#4244 = ORIENTED_EDGE ( 'NONE', *, *, #6051, .T. ) ;
#4245 = ORIENTED_EDGE ( 'NONE', *, *, #7935, .T. ) ;
#4246 = CARTESIAN_POINT ( 'NONE',  ( -7.940485608557000141, 7.370000000000000995, 8.920000000000001705 ) ) ;
#4247 = EDGE_CURVE ( 'NONE', #2707, #7499, #8921, .T. ) ;
#4248 = VECTOR ( 'NONE', #5629, 1000.000000000000000 ) ;
#4249 = DIRECTION ( 'NONE',  ( -1.000000000000000000, 0.000000000000000000, 0.000000000000000000 ) ) ;
#4250 = DIRECTION ( 'NONE',  ( 1.000000000000000000, 0.000000000000000000, 0.000000000000000000 ) ) ;
#4251 = ORIENTED_EDGE ( 'NONE', *, *, #862, .T. ) ;
#4252 = ORIENTED_EDGE ( 'NONE', *, *, #4905, .F. ) ;
#4253 = ORIENTED_EDGE ( 'NONE', *, *, #8885, .T. ) ;
#4254 = DIRECTION ( 'NONE',  ( -0.000000000000000000, 1.000000000000000000, 0.000000000000000000 ) ) ;
#4255 = DIRECTION ( 'NONE',  ( 0.000000000000000000, 0.000000000000000000, -1.000000000000000000 ) ) ;
#4256 = VECTOR ( 'NONE', #6425, 1000.000000000000000 ) ;
#4257 = VERTEX_POINT ( 'NONE', #5280 ) ;
#4258 = EDGE_CURVE ( 'NONE', #6454, #4635, #5184, .T. ) ;
#4259 = LINE ( 'NONE', #7208, #1285 ) ;
#4261 = ORIENTED_EDGE ( 'NONE', *, *, #2008, .T. ) ;
#4260 = DIRECTION ( 'NONE',  ( 0.000000000000000000, 1.000000000000000000, 0.000000000000000000 ) ) ;
#4262 = LINE ( 'NONE', #4217, #595 ) ;
#4263 = DIRECTION ( 'NONE',  ( 1.000000000000000000, 0.000000000000000000, 0.000000000000000000 ) ) ;
#4264 = CARTESIAN_POINT ( 'NONE',  ( -2.860000000000001208, 5.300000000000000711, 6.519999999999999574 ) ) ;
#4265 = FACE_OUTER_BOUND ( 'NONE', #9083, .T. ) ;
#4267 = EDGE_CURVE ( 'NONE', #1049, #318, #3638, .T. ) ;
#4266 = LINE ( 'NONE', #2873, #4676 ) ;
#4268 = DIRECTION ( 'NONE',  ( -1.000000000000000000, 0.000000000000000000, 0.000000000000000000 ) ) ;
#4269 = AXIS2_PLACEMENT_3D ( 'NONE', #8832, #1065, #8079 ) ;
#4270 = VERTEX_POINT ( 'NONE', #2045 ) ;
#4271 = ADVANCED_FACE ( 'NONE', ( #6630 ), #9063, .T. ) ;
#4272 = CARTESIAN_POINT ( 'NONE',  ( -0.3200000000000008393, 5.120000000000000995, 2.319999999999999840 ) ) ;
#4274 = ORIENTED_EDGE ( 'NONE', *, *, #6815, .T. ) ;
#4273 = LINE ( 'NONE', #1942, #7597 ) ;
#4275 = EDGE_CURVE ( 'NONE', #2855, #1361, #1444, .T. ) ;
#4276 = LINE ( 'NONE', #2882, #7528 ) ;
#4277 = CARTESIAN_POINT ( 'NONE',  ( 2.640485608556998987, 4.340000000000000746, 1.269999999999999796 ) ) ;
#4278 = DIRECTION ( 'NONE',  ( 0.000000000000000000, 1.000000000000000000, 0.000000000000000000 ) ) ;
#4279 = ORIENTED_EDGE ( 'NONE', *, *, #1651, .F. ) ;
#4280 = LINE ( 'NONE', #3533, #6599 ) ;
#4281 = ORIENTED_EDGE ( 'NONE', *, *, #1109, .T. ) ;
#4282 = DIRECTION ( 'NONE',  ( 0.000000000000000000, -1.000000000000000000, 0.000000000000000000 ) ) ;
#4283 = CARTESIAN_POINT ( 'NONE',  ( -7.940161869519001492, 4.515000000000000568, 3.770000000000000018 ) ) ;
#4284 = DIRECTION ( 'NONE',  ( 0.9841833239736893502, -0.1771529983152980714, 0.000000000000000000 ) ) ;
#4285 = EDGE_CURVE ( 'NONE', #6454, #3555, #557, .T. ) ;
#4286 = DIRECTION ( 'NONE',  ( 0.000000000000000000, 0.000000000000000000, -1.000000000000000000 ) ) ;
#4287 = VECTOR ( 'NONE', #8161, 1000.000000000000000 ) ;
#4288 = CARTESIAN_POINT ( 'NONE',  ( -5.680000000000000604, 2.120000000000000995, 5.519999999999999574 ) ) ;
#4289 = ORIENTED_EDGE ( 'NONE', *, *, #4681, .T. ) ;
#4290 = ORIENTED_EDGE ( 'NONE', *, *, #485, .T. ) ;
#4291 = ORIENTED_EDGE ( 'NONE', *, *, #9434, .T. ) ;
#4292 = DIRECTION ( 'NONE',  ( 0.000000000000000000, 0.000000000000000000, -1.000000000000000000 ) ) ;
#4293 = VECTOR ( 'NONE', #1692, 1000.000000000000000 ) ;
#4294 = VECTOR ( 'NONE', #9384, 1000.000000000000114 ) ;
#4295 = DIRECTION ( 'NONE',  ( 0.000000000000000000, 1.000000000000000000, 0.000000000000000000 ) ) ;
#4296 = VECTOR ( 'NONE', #3324, 1000.000000000000000 ) ;
#4297 = ORIENTED_EDGE ( 'NONE', *, *, #7627, .F. ) ;
#4298 = VECTOR ( 'NONE', #5590, 1000.000000000000000 ) ;
#4299 = ADVANCED_FACE ( 'NONE', ( #3684 ), #2838, .T. ) ;
#4300 = DIRECTION ( 'NONE',  ( 0.000000000000000000, 1.000000000000000000, 0.000000000000000000 ) ) ;
#4301 = CARTESIAN_POINT ( 'NONE',  ( -2.680000000000001048, 0.5100000000000008971, -0.3199999999999999512 ) ) ;
#4302 = EDGE_CURVE ( 'NONE', #3303, #1466, #7572, .T. ) ;
#4303 = ORIENTED_EDGE ( 'NONE', *, *, #5498, .T. ) ;
#4304 = ORIENTED_EDGE ( 'NONE', *, *, #5980, .F. ) ;
#4305 = ORIENTED_EDGE ( 'NONE', *, *, #8897, .F. ) ;
#4306 = CARTESIAN_POINT ( 'NONE',  ( -5.860000000000000320, -3.179999999999998828, -0.1400000000000003741 ) ) ;
#4307 = FACE_OUTER_BOUND ( 'NONE', #5957, .T. ) ;
#4308 = ORIENTED_EDGE ( 'NONE', *, *, #8286, .F. ) ;
#4309 = DIRECTION ( 'NONE',  ( 0.000000000000000000, -1.000000000000000000, 0.000000000000000000 ) ) ;
#4310 = VECTOR ( 'NONE', #6230, 1000.000000000000000 ) ;
#4311 = EDGE_LOOP ( 'NONE', ( #2350, #6043, #7098, #8973 ) ) ;
#4312 = DIRECTION ( 'NONE',  ( 1.000000000000000000, 0.000000000000000000, 0.000000000000000000 ) ) ;
#4313 = PLANE ( 'NONE',  #5650 ) ;
#4314 = DIRECTION ( 'NONE',  ( 0.000000000000000000, 0.000000000000000000, 1.000000000000000000 ) ) ;
#4315 = VECTOR ( 'NONE', #9612, 1000.000000000000000 ) ;
#4316 = DIRECTION ( 'NONE',  ( 0.000000000000000000, 0.000000000000000000, -1.000000000000000000 ) ) ;
#4317 = CARTESIAN_POINT ( 'NONE',  ( 2.340485608556998720, 3.540000000000000480, 1.269999999999999796 ) ) ;
#4318 = CARTESIAN_POINT ( 'NONE',  ( -2.680000000000001048, -2.179999999999998828, -0.3199999999999999512 ) ) ;
#4319 = VERTEX_POINT ( 'NONE', #5834 ) ;
#4320 = EDGE_CURVE ( 'NONE', #8305, #4060, #8872, .T. ) ;
#4321 = PLANE ( 'NONE',  #5752 ) ;
#4322 = DIRECTION ( 'NONE',  ( 0.000000000000000000, 0.000000000000000000, 1.000000000000000000 ) ) ;
#4323 = EDGE_CURVE ( 'NONE', #905, #2477, #3871, .T. ) ;
#4324 = EDGE_CURVE ( 'NONE', #8332, #1097, #5529, .T. ) ;
#4325 = DIRECTION ( 'NONE',  ( -1.000000000000000000, 0.000000000000000000, 0.000000000000000000 ) ) ;
#4326 = DIRECTION ( 'NONE',  ( 0.000000000000000000, 0.000000000000000000, 1.000000000000000000 ) ) ;
#4327 = EDGE_CURVE ( 'NONE', #6185, #5931, #4721, .T. ) ;
#4328 = DIRECTION ( 'NONE',  ( -0.000000000000000000, 1.000000000000000000, 0.000000000000000000 ) ) ;
#4329 = LINE ( 'NONE', #8917, #1966 ) ;
#4330 = ORIENTED_EDGE ( 'NONE', *, *, #7732, .T. ) ;
#4331 = CARTESIAN_POINT ( 'NONE',  ( 3.274999999999999467, 1.440000000000000835, 6.387021250724999710 ) ) ;
#4332 = EDGE_CURVE ( 'NONE', #7646, #7884, #1641, .T. ) ;
#4333 = ORIENTED_EDGE ( 'NONE', *, *, #627, .T. ) ;
#4334 = EDGE_CURVE ( 'NONE', #9442, #6402, #841, .T. ) ;
#4335 = PLANE ( 'NONE',  #397 ) ;
#4336 = CARTESIAN_POINT ( 'NONE',  ( -1.730000000000000870, 4.170000000000000817, 8.920000000000001705 ) ) ;
#4337 = LINE ( 'NONE', #3124, #1230 ) ;
#4338 = EDGE_CURVE ( 'NONE', #1629, #7585, #4627, .T. ) ;
#4339 = AXIS2_PLACEMENT_3D ( 'NONE', #7041, #8476, #4803 ) ;
#4340 = DIRECTION ( 'NONE',  ( 0.7071067811865474617, -0.7071067811865474617, 0.000000000000000000 ) ) ;
#4341 = LINE ( 'NONE', #8924, #7717 ) ;
#4342 = DIRECTION ( 'NONE',  ( -0.1744369497454954787, 0.1744369497454954787, -0.9690941652527760297 ) ) ;
#4343 = ORIENTED_EDGE ( 'NONE', *, *, #5611, .F. ) ;
#4344 = VERTEX_POINT ( 'NONE', #5380 ) ;
#4345 = ORIENTED_EDGE ( 'NONE', *, *, #4940, .F. ) ;
#4346 = LINE ( 'NONE', #8882, #3383 ) ;
#4347 = PLANE ( 'NONE',  #3025 ) ;
#4348 = EDGE_CURVE ( 'NONE', #3853, #3771, #96, .T. ) ;
#4349 = LINE ( 'NONE', #2900, #3392 ) ;
#4350 = VECTOR ( 'NONE', #3021, 1000.000000000000000 ) ;
#4351 = CARTESIAN_POINT ( 'NONE',  ( -4.270000000000001350, 1.870000000000000995, 8.920000000000001705 ) ) ;
#4352 = VERTEX_POINT ( 'NONE', #4030 ) ;
#4353 = ORIENTED_EDGE ( 'NONE', *, *, #1861, .F. ) ;
#4354 = ORIENTED_EDGE ( 'NONE', *, *, #2742, .T. ) ;
#4355 = DIRECTION ( 'NONE',  ( 0.000000000000000000, 0.000000000000000000, 1.000000000000000000 ) ) ;
#4356 = FACE_OUTER_BOUND ( 'NONE', #8325, .T. ) ;
#4357 = VERTEX_POINT ( 'NONE', #9262 ) ;
#4358 = DIRECTION ( 'NONE',  ( 0.000000000000000000, -1.000000000000000000, 0.000000000000000000 ) ) ;
#4359 = VECTOR ( 'NONE', #8806, 1000.000000000000000 ) ;
#4360 = ADVANCED_FACE ( 'NONE', ( #1589 ), #2431, .T. ) ;
#4361 = ORIENTED_EDGE ( 'NONE', *, *, #7978, .F. ) ;
#4362 = VECTOR ( 'NONE', #9372, 1000.000000000000000 ) ;
#4363 = VECTOR ( 'NONE', #7152, 1000.000000000000000 ) ;
#4364 = DIRECTION ( 'NONE',  ( 0.000000000000000000, -1.000000000000000000, 0.000000000000000000 ) ) ;
#4365 = EDGE_CURVE ( 'NONE', #68, #7599, #7023, .T. ) ;
#4366 = CARTESIAN_POINT ( 'NONE',  ( -5.680000000000000604, -2.179999999999998828, -0.3199999999999999512 ) ) ;
#4367 = DIRECTION ( 'NONE',  ( 0.000000000000000000, 0.000000000000000000, -1.000000000000000000 ) ) ;
#4368 = DIRECTION ( 'NONE',  ( -1.000000000000000000, 0.000000000000000000, 0.000000000000000000 ) ) ;
#4369 = FACE_OUTER_BOUND ( 'NONE', #4112, .T. ) ;
#4370 = VECTOR ( 'NONE', #7851, 1000.000000000000000 ) ;
#4371 = ORIENTED_EDGE ( 'NONE', *, *, #9207, .F. ) ;
#4372 = VECTOR ( 'NONE', #6232, 1000.000000000000000 ) ;
#4373 = CIRCLE ( 'NONE', #3730, 0.7486304929238997152 ) ;
#4374 = FACE_OUTER_BOUND ( 'NONE', #4155, .T. ) ;
#4375 = EDGE_CURVE ( 'NONE', #4791, #9708, #4684, .T. ) ;
#4377 = ORIENTED_EDGE ( 'NONE', *, *, #9749, .F. ) ;
#4376 = CARTESIAN_POINT ( 'NONE',  ( 3.824999999999999289, 2.840000000000000302, 3.770000000000000018 ) ) ;
#4378 = AXIS2_PLACEMENT_3D ( 'NONE', #6680, #8268, #5286 ) ;
#4379 = DIRECTION ( 'NONE',  ( 0.000000000000000000, 0.000000000000000000, 1.000000000000000000 ) ) ;
#4380 = CARTESIAN_POINT ( 'NONE',  ( -9.324999999999999289, 0.8900000000000005684, 5.750000000000000000 ) ) ;
#4381 = DIRECTION ( 'NONE',  ( 0.000000000000000000, 0.000000000000000000, -1.000000000000000000 ) ) ;
#4382 = CARTESIAN_POINT ( 'NONE',  ( 0.3199999999999991185, 1.160000000000000808, -0.9900000000000004352 ) ) ;
#4383 = ORIENTED_EDGE ( 'NONE', *, *, #6332, .T. ) ;
#4384 = ORIENTED_EDGE ( 'NONE', *, *, #9236, .T. ) ;
#4385 = DIRECTION ( 'NONE',  ( 0.000000000000000000, 1.000000000000000000, 0.000000000000000000 ) ) ;
#4386 = CARTESIAN_POINT ( 'NONE',  ( -6.320000000000001172, 4.260000000000000675, 0.3099999999999999423 ) ) ;
#4387 = ADVANCED_FACE ( 'NONE', ( #4735 ), #5331, .F. ) ;
#4388 = CARTESIAN_POINT ( 'NONE',  ( -5.680000000000000604, 4.889000000000001123, 0.3099999999999999423 ) ) ;
#4389 = CARTESIAN_POINT ( 'NONE',  ( -9.324999999999999289, 8.673617379884035472E-16, 5.750000000000000000 ) ) ;
#4390 = CARTESIAN_POINT ( 'NONE',  ( -8.673617379884035472E-16, 2.210000000000000853, 6.019999999999999574 ) ) ;
#4391 = VERTEX_POINT ( 'NONE', #7718 ) ;
#4392 = ORIENTED_EDGE ( 'NONE', *, *, #1350, .T. ) ;
#4393 = ORIENTED_EDGE ( 'NONE', *, *, #6217, .T. ) ;
#4394 = EDGE_CURVE ( 'NONE', #8300, #2462, #3030, .T. ) ;
#4395 = ADVANCED_FACE ( 'NONE', ( #9217 ), #949, .F. ) ;
#4396 = CARTESIAN_POINT ( 'NONE',  ( -3.475000000000000977, -2.099999999999999645, 4.320000000000000284 ) ) ;
#4397 = CARTESIAN_POINT ( 'NONE',  ( -3.843960589017501039, -2.507979668849999122, 3.319999999999999840 ) ) ;
#4398 = EDGE_CURVE ( 'NONE', #6203, #8543, #1879, .T. ) ;
#4399 = CARTESIAN_POINT ( 'NONE',  ( -4.270000000000001350, 1.870000000000000995, 8.920000000000001705 ) ) ;
#4400 = CARTESIAN_POINT ( 'NONE',  ( 3.574999999999999289, 2.840000000000000302, 5.750000000000000000 ) ) ;
#4401 = DIRECTION ( 'NONE',  ( -1.000000000000000000, 0.000000000000000000, 0.000000000000000000 ) ) ;
#4402 = ORIENTED_EDGE ( 'NONE', *, *, #5672, .T. ) ;
#4403 = ORIENTED_EDGE ( 'NONE', *, *, #5818, .F. ) ;
#4404 = CARTESIAN_POINT ( 'NONE',  ( -3.651960555880200854, -2.594976224138998866, 5.320000000000000284 ) ) ;
#4405 = LINE ( 'NONE', #2408, #882 ) ;
#4406 = EDGE_LOOP ( 'NONE', ( #1310, #9586, #3205, #9568 ) ) ;
#4407 = VECTOR ( 'NONE', #6118, 1000.000000000000000 ) ;
#4408 = LINE ( 'NONE', #1518, #1755 ) ;
#4409 = ORIENTED_EDGE ( 'NONE', *, *, #1460, .F. ) ;
#4410 = DIRECTION ( 'NONE',  ( -0.6427876096865049460, 0.000000000000000000, -0.7660444431190069903 ) ) ;
#4411 = EDGE_CURVE ( 'NONE', #6298, #8109, #7771, .T. ) ;
#4412 = DIRECTION ( 'NONE',  ( 0.000000000000000000, 0.000000000000000000, -1.000000000000000000 ) ) ;
#4413 = ADVANCED_FACE ( 'NONE', ( #9316 ), #2287, .F. ) ;
#4414 = VECTOR ( 'NONE', #2191, 1000.000000000000000 ) ;
#4415 = DIRECTION ( 'NONE',  ( 0.000000000000000000, 0.000000000000000000, 1.000000000000000000 ) ) ;
#4416 = CARTESIAN_POINT ( 'NONE',  ( -8.325000000000001066, 0.5100000000000008971, 0.6099999999999998757 ) ) ;
#4417 = B_SPLINE_CURVE_WITH_KNOTS ( 'NONE', 3,
 ( #985, #6308, #4066, #2374 ),
 .UNSPECIFIED., .F., .F.,
 ( 4, 4 ),
 ( 0.000000000000000000, 1.000000000000000000 ),
 .UNSPECIFIED. ) ;
#4418 = LINE ( 'NONE', #8205, #6915 ) ;
#4419 = VERTEX_POINT ( 'NONE', #3824 ) ;
#4420 = DIRECTION ( 'NONE',  ( 0.000000000000000000, 0.000000000000000000, -1.000000000000000000 ) ) ;
#4421 = VECTOR ( 'NONE', #3811, 1000.000000000000000 ) ;
#4423 = EDGE_LOOP ( 'NONE', ( #5710, #2618, #8481, #9059 ) ) ;
#4422 = CARTESIAN_POINT ( 'NONE',  ( -2.525000000000000799, -2.619615242270999733, 3.319999999999999840 ) ) ;
#4424 = CARTESIAN_POINT ( 'NONE',  ( -8.340485608557001385, 4.515000000000000568, 1.269999999999999796 ) ) ;
#4425 = CARTESIAN_POINT ( 'NONE',  ( 0.3199999999999991185, -2.179999999999998828, -3.319999999999999840 ) ) ;
#4426 = FACE_OUTER_BOUND ( 'NONE', #4062, .T. ) ;
#4427 = LINE ( 'NONE', #4382, #4185 ) ;
#4428 = EDGE_CURVE ( 'NONE', #5113, #1333, #6871, .T. ) ;
#4429 = ORIENTED_EDGE ( 'NONE', *, *, #3983, .F. ) ;
#4430 = EDGE_LOOP ( 'NONE', ( #8527, #5547, #1192, #509 ) ) ;
#4431 = LINE ( 'NONE', #2189, #8815 ) ;
#4432 = CARTESIAN_POINT ( 'NONE',  ( 3.324999999999998845, 8.673617379884035472E-16, 3.319999999999999840 ) ) ;
#4433 = VECTOR ( 'NONE', #4994, 1000.000000000000000 ) ;
#4434 = EDGE_CURVE ( 'NONE', #9182, #6604, #4080, .T. ) ;
#4435 = DIRECTION ( 'NONE',  ( 0.000000000000000000, 1.000000000000000000, 0.000000000000000000 ) ) ;
#4436 = CARTESIAN_POINT ( 'NONE',  ( 0.3199999999999991185, 5.540000000000000924, -0.9900000000000004352 ) ) ;
#4437 = EDGE_CURVE ( 'NONE', #6889, #9377, #3434, .T. ) ;
#4438 = DIRECTION ( 'NONE',  ( 0.000000000000000000, 1.000000000000000000, 0.000000000000000000 ) ) ;
#4439 = CARTESIAN_POINT ( 'NONE',  ( -2.680000000000001048, 3.940000000000000835, 3.964999999999999858 ) ) ;
#4440 = ORIENTED_EDGE ( 'NONE', *, *, #6626, .F. ) ;
#4441 = ORIENTED_EDGE ( 'NONE', *, *, #9536, .T. ) ;
#4442 = ORIENTED_EDGE ( 'NONE', *, *, #5652, .F. ) ;
#4443 = DIRECTION ( 'NONE',  ( -1.000000000000000000, 0.000000000000000000, 0.000000000000000000 ) ) ;
#4444 = CARTESIAN_POINT ( 'NONE',  ( -3.504016840247801134, -2.619615242270999733, 3.319999999999999840 ) ) ;
#4445 = AXIS2_PLACEMENT_3D ( 'NONE', #8126, #6540, #4286 ) ;
#4446 = EDGE_CURVE ( 'NONE', #9717, #1970, #2735, .T. ) ;
#4447 = EDGE_CURVE ( 'NONE', #2312, #6341, #7177, .T. ) ;
#4448 = VECTOR ( 'NONE', #8714, 1000.000000000000000 ) ;
#4449 = LINE ( 'NONE', #425, #6893 ) ;
#4450 = DIRECTION ( 'NONE',  ( 1.000000000000000000, 0.000000000000000000, 0.000000000000000000 ) ) ;
#4451 = ORIENTED_EDGE ( 'NONE', *, *, #8900, .T. ) ;
#4452 = VERTEX_POINT ( 'NONE', #5685 ) ;
#4453 = DIRECTION ( 'NONE',  ( 0.000000000000000000, 0.000000000000000000, -1.000000000000000000 ) ) ;
#4454 = LINE ( 'NONE', #723, #9297 ) ;
#4455 = EDGE_LOOP ( 'NONE', ( #567, #7799, #4866, #6714 ) ) ;
#4456 = EDGE_CURVE ( 'NONE', #6279, #1446, #9363, .T. ) ;
#4457 = AXIS2_PLACEMENT_3D ( 'NONE', #7764, #944, #6263 ) ;
#4458 = EDGE_CURVE ( 'NONE', #144, #5756, #9469, .T. ) ;
#4459 = CARTESIAN_POINT ( 'NONE',  ( -2.860000000000001208, -3.179999999999998828, -3.140000000000000568 ) ) ;
#4460 = ORIENTED_EDGE ( 'NONE', *, *, #134, .F. ) ;
#4461 = DIRECTION ( 'NONE',  ( -0.1744369497454954787, -0.1744369497454954787, -0.9690941652527760297 ) ) ;
#4462 = VECTOR ( 'NONE', #6047, 1000.000000000000000 ) ;
#4463 = FACE_OUTER_BOUND ( 'NONE', #5757, .T. ) ;
#4464 = PLANE ( 'NONE',  #5942 ) ;
#4465 = EDGE_LOOP ( 'NONE', ( #9780, #6638, #1909, #9123 ) ) ;
#4466 = CARTESIAN_POINT ( 'NONE',  ( -6.140000000000001457, -3.179999999999998828, 0.1399999999999999301 ) ) ;
#4467 = DIRECTION ( 'NONE',  ( 0.000000000000000000, 0.000000000000000000, -1.000000000000000000 ) ) ;
#4468 = VERTEX_POINT ( 'NONE', #1052 ) ;
#4469 = VECTOR ( 'NONE', #9328, 1000.000000000000227 ) ;
#4470 = DIRECTION ( 'NONE',  ( 0.000000000000000000, 1.000000000000000000, 0.000000000000000000 ) ) ;
#4472 = ORIENTED_EDGE ( 'NONE', *, *, #4549, .T. ) ;
#4471 = CARTESIAN_POINT ( 'NONE',  ( -0.1400000000000007905, -3.179999999999998828, 0.1399999999999999301 ) ) ;
#4473 = AXIS2_PLACEMENT_3D ( 'NONE', #638, #7416, #9795 ) ;
#4474 = DIRECTION ( 'NONE',  ( -1.000000000000000000, 0.000000000000000000, 0.000000000000000000 ) ) ;
#4475 = LINE ( 'NONE', #9159, #8505 ) ;
#4476 = LINE ( 'NONE', #1484, #7802 ) ;
#4477 = ORIENTED_EDGE ( 'NONE', *, *, #990, .T. ) ;
#4478 = EDGE_LOOP ( 'NONE', ( #3534, #2907, #846, #2686, #3494 ) ) ;
#4479 = LINE ( 'NONE', #695, #2291 ) ;
#4480 = CARTESIAN_POINT ( 'NONE',  ( 2.304999999999998828, 8.673617379884035472E-16, 0.6099999999999998757 ) ) ;
#4481 = PLANE ( 'NONE',  #3183 ) ;
#4482 = LINE ( 'NONE', #8405, #4530 ) ;
#4483 = LINE ( 'NONE', #7026, #3804 ) ;
#4484 = ORIENTED_EDGE ( 'NONE', *, *, #2982, .T. ) ;
#4485 = CARTESIAN_POINT ( 'NONE',  ( -9.574999999999999289, 8.673617379884035472E-16, 5.750000000000000000 ) ) ;
#4486 = CARTESIAN_POINT ( 'NONE',  ( -4.730000000000000426, 6.710000000000000853, 8.920000000000001705 ) ) ;
#4487 = EDGE_LOOP ( 'NONE', ( #6328, #2857, #4601, #2999 ) ) ;
#4488 = ORIENTED_EDGE ( 'NONE', *, *, #6645, .T. ) ;
#4489 = B_SPLINE_CURVE_WITH_KNOTS ( 'NONE', 3,
 ( #4576, #5375, #9311, #2482 ),
 .UNSPECIFIED., .F., .F.,
 ( 4, 4 ),
 ( 0.000000000000000000, 1.000000000000000000 ),
 .UNSPECIFIED. ) ;
#4490 = PLANE ( 'NONE',  #7971 ) ;
#4491 = ADVANCED_FACE ( 'NONE', ( #253 ), #401, .F. ) ;
#4492 = FACE_OUTER_BOUND ( 'NONE', #2995, .T. ) ;
#4493 = LINE ( 'NONE', #2951, #7212 ) ;
#4494 = ORIENTED_EDGE ( 'NONE', *, *, #2430, .T. ) ;
#4495 = VECTOR ( 'NONE', #6941, 1000.000000000000000 ) ;
#4496 = ORIENTED_EDGE ( 'NONE', *, *, #9314, .F. ) ;
#4497 = DIRECTION ( 'NONE',  ( 0.000000000000000000, 0.000000000000000000, 1.000000000000000000 ) ) ;
#4498 = DIRECTION ( 'NONE',  ( 1.000000000000000000, 0.000000000000000000, 0.000000000000000000 ) ) ;
#4499 = ORIENTED_EDGE ( 'NONE', *, *, #3593, .F. ) ;
#4500 = EDGE_CURVE ( 'NONE', #1629, #368, #5033, .T. ) ;
#4501 = DIRECTION ( 'NONE',  ( 0.000000000000000000, -1.000000000000000000, 0.000000000000000000 ) ) ;
#4502 = ORIENTED_EDGE ( 'NONE', *, *, #2692, .T. ) ;
#4503 = PLANE ( 'NONE',  #1388 ) ;
#4504 = DIRECTION ( 'NONE',  ( 0.000000000000000000, 0.000000000000000000, -1.000000000000000000 ) ) ;
#4505 = VECTOR ( 'NONE', #9701, 1000.000000000000000 ) ;
#4506 = EDGE_CURVE ( 'NONE', #4623, #2263, #9416, .T. ) ;
#4507 = DIRECTION ( 'NONE',  ( 0.000000000000000000, 1.000000000000000000, 0.000000000000000000 ) ) ;
#4508 = EDGE_CURVE ( 'NONE', #2660, #6888, #2643, .T. ) ;
#4509 = DIRECTION ( 'NONE',  ( -1.000000000000000000, 0.000000000000000000, 0.000000000000000000 ) ) ;
#4510 = ORIENTED_EDGE ( 'NONE', *, *, #2572, .T. ) ;
#4511 = CARTESIAN_POINT ( 'NONE',  ( -2.680000000000001048, 0.5100000000000008971, 0.3099999999999999423 ) ) ;
#4512 = CARTESIAN_POINT ( 'NONE',  ( -5.680000000000000604, 4.260000000000000675, -0.3199999999999999512 ) ) ;
#4513 = DIRECTION ( 'NONE',  ( -1.000000000000000000, 0.000000000000000000, 0.000000000000000000 ) ) ;
#4514 = ORIENTED_EDGE ( 'NONE', *, *, #2698, .T. ) ;
#4515 = VECTOR ( 'NONE', #825, 1000.000000000000000 ) ;
#4516 = VECTOR ( 'NONE', #2235, 1000.000000000000000 ) ;
#4517 = VECTOR ( 'NONE', #6348, 1000.000000000000000 ) ;
#4518 = EDGE_CURVE ( 'NONE', #2469, #3901, #3332, .T. ) ;
#4519 = DIRECTION ( 'NONE',  ( -1.000000000000000000, 0.000000000000000000, 0.000000000000000000 ) ) ;
#4521 = ORIENTED_EDGE ( 'NONE', *, *, #4057, .T. ) ;
#4520 = CARTESIAN_POINT ( 'NONE',  ( 3.274999999999999467, 1.590000000000000746, 5.570000000000000284 ) ) ;
#4522 = CARTESIAN_POINT ( 'NONE',  ( -9.574999999999999289, 2.840000000000000302, 5.750000000000000000 ) ) ;
#4523 = DIRECTION ( 'NONE',  ( 0.000000000000000000, -1.000000000000000000, 0.000000000000000000 ) ) ;
#4524 = DIRECTION ( 'NONE',  ( 0.000000000000000000, 0.000000000000000000, 1.000000000000000000 ) ) ;
#4525 = VECTOR ( 'NONE', #4513, 1000.000000000000000 ) ;
#4526 = VECTOR ( 'NONE', #4282, 1000.000000000000000 ) ;
#4527 = DIRECTION ( 'NONE',  ( 0.000000000000000000, -1.000000000000000000, 0.000000000000000000 ) ) ;
#4528 = AXIS2_PLACEMENT_3D ( 'NONE', #2581, #1043, #8658 ) ;
#4529 = ORIENTED_EDGE ( 'NONE', *, *, #433, .T. ) ;
#4530 = VECTOR ( 'NONE', #1495, 1000.000000000000000 ) ;
#4531 = DIRECTION ( 'NONE',  ( 1.000000000000000000, 0.000000000000000000, 0.000000000000000000 ) ) ;
#4532 = AXIS2_PLACEMENT_3D ( 'NONE', #2851, #5890, #8932 ) ;
#4533 = VECTOR ( 'NONE', #453, 1000.000000000000000 ) ;
#4534 = ORIENTED_EDGE ( 'NONE', *, *, #2073, .T. ) ;
#4535 = CARTESIAN_POINT ( 'NONE',  ( -3.230000000000001315, 5.440000000000000391, 6.019999999999999574 ) ) ;
#4536 = EDGE_CURVE ( 'NONE', #4740, #9684, #1158, .T. ) ;
#4537 = LINE ( 'NONE', #8458, #157 ) ;
#4538 = ORIENTED_EDGE ( 'NONE', *, *, #709, .T. ) ;
#4539 = CARTESIAN_POINT ( 'NONE',  ( -1.730000000000000870, 4.170000000000000817, 8.920000000000001705 ) ) ;
#4540 = VERTEX_POINT ( 'NONE', #2589 ) ;
#4541 = EDGE_LOOP ( 'NONE', ( #1033, #5023, #6958, #7480 ) ) ;
#4542 = B_SPLINE_CURVE_WITH_KNOTS ( 'NONE', 3,
 ( #2888, #9806, #8307, #8357, #9111, #9849, #2981, #4578, #7615, #791, #1489 ),
 .UNSPECIFIED., .F., .F.,
 ( 4, 1, 1, 1, 1, 1, 1, 1, 4 ),
 ( 0.000000000000000000, 0.1250000000000000000, 0.2500000000000000000, 0.3750000000000000000, 0.5000000000000000000, 0.6250000000000000000, 0.7500000000000000000, 0.8750000000000000000, 1.000000000000000000 ),
 .UNSPECIFIED. ) ;
#4543 = ORIENTED_EDGE ( 'NONE', *, *, #9840, .F. ) ;
#4544 = DIRECTION ( 'NONE',  ( 0.000000000000000000, 1.000000000000000000, 0.000000000000000000 ) ) ;
#4545 = FACE_OUTER_BOUND ( 'NONE', #1363, .T. ) ;
#4546 = CARTESIAN_POINT ( 'NONE',  ( -9.574999999999999289, 5.040000000000000924, 5.750000000000000000 ) ) ;
#4547 = ORIENTED_EDGE ( 'NONE', *, *, #140, .T. ) ;
#4548 = ORIENTED_EDGE ( 'NONE', *, *, #3701, .T. ) ;
#4549 = EDGE_CURVE ( 'NONE', #5261, #7352, #4273, .T. ) ;
#4550 = FACE_OUTER_BOUND ( 'NONE', #3740, .T. ) ;
#4551 = LINE ( 'NONE', #9135, #710 ) ;
#4552 = ORIENTED_EDGE ( 'NONE', *, *, #7199, .T. ) ;
#4553 = DIRECTION ( 'NONE',  ( 0.000000000000000000, 0.000000000000000000, 1.000000000000000000 ) ) ;
#4554 = ORIENTED_EDGE ( 'NONE', *, *, #9324, .F. ) ;
#4555 = FACE_BOUND ( 'NONE', #3464, .T. ) ;
#4556 = CARTESIAN_POINT ( 'NONE',  ( -9.825000000000001066, 3.365000000000000657, 3.770000000000000018 ) ) ;
#4557 = FACE_OUTER_BOUND ( 'NONE', #1876, .T. ) ;
#4558 = ORIENTED_EDGE ( 'NONE', *, *, #9199, .F. ) ;
#4559 = LINE ( 'NONE', #6204, #1660 ) ;
#4560 = EDGE_CURVE ( 'NONE', #2494, #5975, #4228, .T. ) ;
#4561 = LINE ( 'NONE', #8342, #8321 ) ;
#4562 = DIRECTION ( 'NONE',  ( 1.000000000000000000, 0.000000000000000000, 0.000000000000000000 ) ) ;
#4563 = AXIS2_PLACEMENT_3D ( 'NONE', #9481, #8776, #1114 ) ;
#4564 = ORIENTED_EDGE ( 'NONE', *, *, #1780, .F. ) ;
#4565 = DIRECTION ( 'NONE',  ( -1.000000000000000000, 0.000000000000000000, 0.000000000000000000 ) ) ;
#4567 = ORIENTED_EDGE ( 'NONE', *, *, #8958, .F. ) ;
#4566 = DIRECTION ( 'NONE',  ( 1.000000000000000000, 0.000000000000000000, 0.000000000000000000 ) ) ;
#4568 = FACE_OUTER_BOUND ( 'NONE', #5808, .T. ) ;
#4569 = AXIS2_PLACEMENT_3D ( 'NONE', #3342, #7427, #2983 ) ;
#4570 = LINE ( 'NONE', #6168, #9439 ) ;
#4571 = DIRECTION ( 'NONE',  ( -1.000000000000000000, 0.000000000000000000, 0.000000000000000000 ) ) ;
#4572 = EDGE_CURVE ( 'NONE', #8575, #7646, #5580, .T. ) ;
#4573 = EDGE_CURVE ( 'NONE', #6268, #377, #4886, .T. ) ;
#4574 = PLANE ( 'NONE',  #3500 ) ;
#4575 = ORIENTED_EDGE ( 'NONE', *, *, #1521, .F. ) ;
#4576 = CARTESIAN_POINT ( 'NONE',  ( 1.940161869518999493, 4.515000000000000568, 3.770000000000000018 ) ) ;
#4577 = ORIENTED_EDGE ( 'NONE', *, *, #9803, .T. ) ;
#4578 = CARTESIAN_POINT ( 'NONE',  ( -2.348039444119800923, -2.594976224138998866, 5.320000000000000284 ) ) ;
#4579 = EDGE_CURVE ( 'NONE', #6156, #3595, #6521, .T. ) ;
#4580 = DIRECTION ( 'NONE',  ( 0.000000000000000000, 0.000000000000000000, 1.000000000000000000 ) ) ;
#4581 = LINE ( 'NONE', #8359, #7796 ) ;
#4582 = FACE_OUTER_BOUND ( 'NONE', #2209, .T. ) ;
#4583 = DIRECTION ( 'NONE',  ( 0.000000000000000000, -1.000000000000000000, 0.000000000000000000 ) ) ;
#4584 = ORIENTED_EDGE ( 'NONE', *, *, #5364, .T. ) ;
#4585 = DIRECTION ( 'NONE',  ( 0.000000000000000000, 1.000000000000000000, 0.000000000000000000 ) ) ;
#4586 = CARTESIAN_POINT ( 'NONE',  ( -0.3200000000000008393, 7.370000000000000995, -0.9900000000000004352 ) ) ;
#4587 = ORIENTED_EDGE ( 'NONE', *, *, #4633, .F. ) ;
#4588 = ORIENTED_EDGE ( 'NONE', *, *, #5064, .F. ) ;
#4589 = EDGE_LOOP ( 'NONE', ( #1614, #9371, #5048, #9438, #3645, #8648, #2619, #2124, #1394, #1867, #5215, #5973 ) ) ;
#4590 = VECTOR ( 'NONE', #6726, 1000.000000000000000 ) ;
#4591 = ADVANCED_FACE ( 'NONE', ( #7970 ), #9560, .T. ) ;
#4592 = DIRECTION ( 'NONE',  ( 0.000000000000000000, 0.8660254037844288266, 0.5000000000000169864 ) ) ;
#4593 = DIRECTION ( 'NONE',  ( -1.000000000000000000, 0.000000000000000000, 0.000000000000000000 ) ) ;
#4594 = CARTESIAN_POINT ( 'NONE',  ( 0.3199999999999991185, 4.260000000000000675, -0.3199999999999999512 ) ) ;
#4595 = ORIENTED_EDGE ( 'NONE', *, *, #9207, .T. ) ;
#4596 = EDGE_LOOP ( 'NONE', ( #6140, #1106, #6111, #3104, #5698, #7886 ) ) ;
#4597 = CARTESIAN_POINT ( 'NONE',  ( -3.745055743897900857, -2.559956229294999108, 5.320000000000000284 ) ) ;
#4598 = CARTESIAN_POINT ( 'NONE',  ( -7.940161869518999715, 3.015000000000000124, 3.770000000000000018 ) ) ;
#4599 = ORIENTED_EDGE ( 'NONE', *, *, #871, .T. ) ;
#4600 = CARTESIAN_POINT ( 'NONE',  ( -3.320000000000000728, 5.120000000000000995, 2.319999999999999840 ) ) ;
#4601 = ORIENTED_EDGE ( 'NONE', *, *, #5185, .F. ) ;
#4602 = LINE ( 'NONE', #5405, #9025 ) ;
#4603 = EDGE_CURVE ( 'NONE', #5557, #2019, #5915, .T. ) ;
#4604 = EDGE_CURVE ( 'NONE', #8438, #4146, #6620, .T. ) ;
#4605 = LINE ( 'NONE', #926, #1195 ) ;
#4606 = DIRECTION ( 'NONE',  ( -0.6251136299221046189, -0.2328854699710014020, 0.7449814142393056393 ) ) ;
#4607 = ORIENTED_EDGE ( 'NONE', *, *, #6270, .T. ) ;
#4608 = VECTOR ( 'NONE', #1697, 1000.000000000000000 ) ;
#4609 = DIRECTION ( 'NONE',  ( -1.000000000000000000, 0.000000000000000000, 0.000000000000000000 ) ) ;
#4610 = DIRECTION ( 'NONE',  ( 0.000000000000000000, 0.000000000000000000, 1.000000000000000000 ) ) ;
#4611 = ORIENTED_EDGE ( 'NONE', *, *, #299, .T. ) ;
#4612 = VECTOR ( 'NONE', #172, 1000.000000000000000 ) ;
#4613 = FACE_OUTER_BOUND ( 'NONE', #2979, .T. ) ;
#4615 = VERTEX_POINT ( 'NONE', #7506 ) ;
#4614 = LINE ( 'NONE', #6116, #6329 ) ;
#4616 = DIRECTION ( 'NONE',  ( 0.000000000000000000, 0.000000000000000000, -1.000000000000000000 ) ) ;
#4617 = EDGE_CURVE ( 'NONE', #482, #2477, #1433, .T. ) ;
#4618 = CARTESIAN_POINT ( 'NONE',  ( -2.525000000000000799, -1.749999999999998890, 5.320000000000000284 ) ) ;
#4619 = CARTESIAN_POINT ( 'NONE',  ( -9.574999999999999289, 4.515000000000000568, 3.770000000000000018 ) ) ;
#4620 = CARTESIAN_POINT ( 'NONE',  ( -2.525000000000000799, -3.179999999999998828, 3.787875858022199616 ) ) ;
#4621 = VECTOR ( 'NONE', #6460, 1000.000000000000000 ) ;
#4622 = EDGE_CURVE ( 'NONE', #2163, #5444, #201, .T. ) ;
#4623 = VERTEX_POINT ( 'NONE', #639 ) ;
#4624 = CARTESIAN_POINT ( 'NONE',  ( -9.574999999999999289, 7.370000000000000995, 5.750000000000000000 ) ) ;
#4625 = FACE_OUTER_BOUND ( 'NONE', #2096, .T. ) ;
#4626 = ADVANCED_FACE ( 'NONE', ( #6570 ), #8154, .T. ) ;
#4627 = LINE ( 'NONE', #7822, #6957 ) ;
#4628 = ADVANCED_FACE ( 'NONE', ( #9746 ), #5869, .T. ) ;
#4629 = AXIS2_PLACEMENT_3D ( 'NONE', #7274, #448, #7874 ) ;
#4630 = ADVANCED_FACE ( 'NONE', ( #2922 ), #3722, .F. ) ;
#4631 = CARTESIAN_POINT ( 'NONE',  ( 1.940485608556998587, 4.515000000000000568, 1.169999999999999707 ) ) ;
#4632 = DIRECTION ( 'NONE',  ( 1.000000000000000000, 0.000000000000000000, 0.000000000000000000 ) ) ;
#4633 = EDGE_CURVE ( 'NONE', #5502, #7295, #6763, .T. ) ;
#4634 = CARTESIAN_POINT ( 'NONE',  ( -6.320000000000001172, -2.179999999999998828, -0.3199999999999999512 ) ) ;
#4635 = VERTEX_POINT ( 'NONE', #593 ) ;
#4636 = CARTESIAN_POINT ( 'NONE',  ( 3.324999999999998845, 0.8900000000000005684, 5.750000000000000000 ) ) ;
#4637 = ADVANCED_FACE ( 'NONE', ( #6014 ), #2180, .T. ) ;
#4638 = CARTESIAN_POINT ( 'NONE',  ( -7.940485608557000141, 4.515000000000000568, 2.903333333333334210 ) ) ;
#4639 = ORIENTED_EDGE ( 'NONE', *, *, #1169, .F. ) ;
#4640 = ORIENTED_EDGE ( 'NONE', *, *, #1407, .T. ) ;
#4641 = ORIENTED_EDGE ( 'NONE', *, *, #2025, .F. ) ;
#4642 = DIRECTION ( 'NONE',  ( 0.000000000000000000, -1.000000000000000000, 0.000000000000000000 ) ) ;
#4643 = ADVANCED_FACE ( 'NONE', ( #2123 ), #8209, .F. ) ;
#4644 = DIRECTION ( 'NONE',  ( 0.000000000000000000, 0.000000000000000000, 1.000000000000000000 ) ) ;
#4645 = LINE ( 'NONE', #4045, #5927 ) ;
#4646 = VERTEX_POINT ( 'NONE', #5965 ) ;
#4647 = ORIENTED_EDGE ( 'NONE', *, *, #1885, .T. ) ;
#4648 = ORIENTED_EDGE ( 'NONE', *, *, #1357, .F. ) ;
#4649 = CARTESIAN_POINT ( 'NONE',  ( -3.000000000000000888, 6.620000000000000995, 3.964999999999999858 ) ) ;
#4650 = FACE_OUTER_BOUND ( 'NONE', #4430, .T. ) ;
#4651 = ORIENTED_EDGE ( 'NONE', *, *, #3300, .T. ) ;
#4652 = DIRECTION ( 'NONE',  ( 0.000000000000000000, 0.000000000000000000, -1.000000000000000000 ) ) ;
#4653 = ORIENTED_EDGE ( 'NONE', *, *, #7441, .F. ) ;
#4654 = CARTESIAN_POINT ( 'NONE',  ( -1.730000000000000870, 3.710000000000000409, 8.920000000000001705 ) ) ;
#4655 =( GEOMETRIC_REPRESENTATION_CONTEXT ( 3 ) GLOBAL_UNCERTAINTY_ASSIGNED_CONTEXT ( ( #8396 ) ) GLOBAL_UNIT_ASSIGNED_CONTEXT ( ( #468, #3599, #1912 ) ) REPRESENTATION_CONTEXT ( 'NONE', 'WORKASPACE' ) );
#4656 = DIRECTION ( 'NONE',  ( 0.000000000000000000, 0.000000000000000000, -1.000000000000000000 ) ) ;
#4657 = VECTOR ( 'NONE', #8420, 1000.000000000000227 ) ;
#4658 = FACE_OUTER_BOUND ( 'NONE', #8639, .T. ) ;
#4659 = ORIENTED_EDGE ( 'NONE', *, *, #5979, .T. ) ;
#4660 = LINE ( 'NONE', #4466, #1343 ) ;
#4661 = DIRECTION ( 'NONE',  ( 0.000000000000000000, 1.000000000000000000, 0.000000000000000000 ) ) ;
#4662 = ORIENTED_EDGE ( 'NONE', *, *, #6895, .F. ) ;
#4663 = B_SPLINE_CURVE_WITH_KNOTS ( 'NONE', 3,
 ( #2650, #262, #4090, #7932 ),
 .UNSPECIFIED., .F., .F.,
 ( 4, 4 ),
 ( 0.000000000000000000, 1.000000000000000000 ),
 .UNSPECIFIED. ) ;
#4664 = EDGE_CURVE ( 'NONE', #1550, #5792, #2225, .T. ) ;
#4665 = LINE ( 'NONE', #7700, #8278 ) ;
#4666 = FACE_OUTER_BOUND ( 'NONE', #9768, .T. ) ;
#4667 = EDGE_CURVE ( 'NONE', #7743, #6866, #7318, .T. ) ;
#4669 = ORIENTED_EDGE ( 'NONE', *, *, #2205, .F. ) ;
#4668 = CARTESIAN_POINT ( 'NONE',  ( -3.320000000000000728, 2.120000000000000995, 2.319999999999999840 ) ) ;
#4670 = VECTOR ( 'NONE', #5273, 1000.000000000000000 ) ;
#4671 = DIRECTION ( 'NONE',  ( 0.000000000000000000, -1.000000000000000000, 0.000000000000000000 ) ) ;
#4672 = LINE ( 'NONE', #3219, #9129 ) ;
#4673 = CARTESIAN_POINT ( 'NONE',  ( -3.140000000000001013, 2.580000000000000515, 6.519999999999999574 ) ) ;
#4674 = DIRECTION ( 'NONE',  ( 0.000000000000000000, -1.000000000000000000, 0.000000000000000000 ) ) ;
#4675 = DIRECTION ( 'NONE',  ( 0.000000000000000000, 0.6428711427641899956, 0.7659743427824879936 ) ) ;
#4676 = VECTOR ( 'NONE', #3667, 1000.000000000000000 ) ;
#4677 = DIRECTION ( 'NONE',  ( 1.000000000000000000, 0.000000000000000000, 0.000000000000000000 ) ) ;
#4678 = AXIS2_PLACEMENT_3D ( 'NONE', #1705, #1208, #8022 ) ;
#4679 = AXIS2_PLACEMENT_3D ( 'NONE', #6562, #1330, #8756 ) ;
#4680 = ORIENTED_EDGE ( 'NONE', *, *, #3484, .F. ) ;
#4681 = EDGE_CURVE ( 'NONE', #1087, #8413, #9652, .T. ) ;
#4682 = CARTESIAN_POINT ( 'NONE',  ( -7.940485608557000141, 3.365000000000000657, 1.169999999999999707 ) ) ;
#4683 = CARTESIAN_POINT ( 'NONE',  ( -8.304999999999999716, 0.5100000000000008971, 0.6099999999999998757 ) ) ;
#4684 = LINE ( 'NONE', #7662, #4734 ) ;
#4685 = VECTOR ( 'NONE', #3412, 1000.000000000000000 ) ;
#4686 = VECTOR ( 'NONE', #4585, 1000.000000000000000 ) ;
#4687 = VECTOR ( 'NONE', #2529, 1000.000000000000000 ) ;
#4688 = CARTESIAN_POINT ( 'NONE',  ( -6.570000000000001172, 1.170000000000000817, 8.920000000000001705 ) ) ;
#4689 = CARTESIAN_POINT ( 'NONE',  ( -6.320000000000001172, 4.889000000000001123, 0.3099999999999999423 ) ) ;
#4690 = CARTESIAN_POINT ( 'NONE',  ( -2.680000000000001048, 7.115000000000001101, 0.3099999999999999423 ) ) ;
#4691 = ORIENTED_EDGE ( 'NONE', *, *, #9447, .T. ) ;
#4692 = LINE ( 'NONE', #103, #1504 ) ;
#4693 = CARTESIAN_POINT ( 'NONE',  ( 0.3199999999999991185, 5.540000000000000924, -0.3199999999999999512 ) ) ;
#4694 = VERTEX_POINT ( 'NONE', #1289 ) ;
#4695 = EDGE_LOOP ( 'NONE', ( #5097, #9386, #5445, #6092, #1901, #2952, #7435, #3313, #5781, #3624, #1893, #7451, #3077, #1784, #2708, #64, #5649, #8498, #6249, #7405 ) ) ;
#4696 = VECTOR ( 'NONE', #4816, 1000.000000000000000 ) ;
#4697 = VECTOR ( 'NONE', #3889, 1000.000000000000000 ) ;
#4698 = PLANE ( 'NONE',  #5642 ) ;
#4699 = VECTOR ( 'NONE', #5177, 1000.000000000000000 ) ;
#4700 = LINE ( 'NONE', #909, #5746 ) ;
#4701 = CARTESIAN_POINT ( 'NONE',  ( -3.475000000000000977, -2.577499999999999236, 4.320000000000000284 ) ) ;
#4702 = VECTOR ( 'NONE', #5282, 1000.000000000000000 ) ;
#4703 = EDGE_CURVE ( 'NONE', #7172, #902, #2830, .T. ) ;
#4704 = DIRECTION ( 'NONE',  ( 1.000000000000000000, 0.000000000000000000, 0.000000000000000000 ) ) ;
#4705 = ADVANCED_FACE ( 'NONE', ( #7561 ), #2328, .T. ) ;
#4706 = ORIENTED_EDGE ( 'NONE', *, *, #5682, .T. ) ;
#4707 = ORIENTED_EDGE ( 'NONE', *, *, #7842, .T. ) ;
#4708 = ORIENTED_EDGE ( 'NONE', *, *, #2798, .F. ) ;
#4709 = FACE_OUTER_BOUND ( 'NONE', #3834, .T. ) ;
#4710 = DIRECTION ( 'NONE',  ( 0.000000000000000000, 0.000000000000000000, 1.000000000000000000 ) ) ;
#4711 = ORIENTED_EDGE ( 'NONE', *, *, #4829, .F. ) ;
#4712 = CARTESIAN_POINT ( 'NONE',  ( -9.324999999999999289, 0.8900000000000005684, 5.750000000000000000 ) ) ;
#4713 = EDGE_CURVE ( 'NONE', #4540, #183, #87, .T. ) ;
#4714 = ORIENTED_EDGE ( 'NONE', *, *, #5979, .F. ) ;
#4715 = CARTESIAN_POINT ( 'NONE',  ( -2.525000000000000799, 8.673617379884035472E-16, 3.319999999999999840 ) ) ;
#4716 = DIRECTION ( 'NONE',  ( 0.000000000000000000, 0.000000000000000000, -1.000000000000000000 ) ) ;
#4717 = ORIENTED_EDGE ( 'NONE', *, *, #5387, .T. ) ;
#4718 = LINE ( 'NONE', #7106, #4845 ) ;
#4719 = CARTESIAN_POINT ( 'NONE',  ( -3.570000000000001172, 1.170000000000000817, 8.920000000000001705 ) ) ;
#4720 = ORIENTED_EDGE ( 'NONE', *, *, #1468, .T. ) ;
#4721 = B_SPLINE_CURVE_WITH_KNOTS ( 'NONE', 3,
 ( #1744, #2339, #4786, #9112 ),
 .UNSPECIFIED., .F., .F.,
 ( 4, 4 ),
 ( 0.000000000000000000, 1.000000000000000000 ),
 .UNSPECIFIED. ) ;
#4722 = CARTESIAN_POINT ( 'NONE',  ( -7.940485608557000141, 1.966666666666667673, 7.270000000000000462 ) ) ;
#4723 = EDGE_CURVE ( 'NONE', #2875, #5916, #4614, .T. ) ;
#4725 = ORIENTED_EDGE ( 'NONE', *, *, #6730, .F. ) ;
#4724 = CARTESIAN_POINT ( 'NONE',  ( -0.3200000000000008393, 4.260000000000000675, 0.3099999999999999423 ) ) ;
#4726 = CARTESIAN_POINT ( 'NONE',  ( -1.270000000000000906, 6.710000000000000853, 2.319999999999999840 ) ) ;
#4727 = LINE ( 'NONE', #9355, #2120 ) ;
#4728 = DIRECTION ( 'NONE',  ( 0.000000000000000000, 1.000000000000000000, 0.000000000000000000 ) ) ;
#4729 = VECTOR ( 'NONE', #4990, 1000.000000000000000 ) ;
#4730 = CARTESIAN_POINT ( 'NONE',  ( -2.525000000000000799, 8.673617379884035472E-16, 7.509999999999998899 ) ) ;
#4731 = CARTESIAN_POINT ( 'NONE',  ( 3.324999999999998845, 6.620000000000000995, 7.270000000000000462 ) ) ;
#4732 = VERTEX_POINT ( 'NONE', #7703 ) ;
#4733 = DIRECTION ( 'NONE',  ( 0.000000000000000000, -1.000000000000000000, 0.000000000000000000 ) ) ;
#4734 = VECTOR ( 'NONE', #3980, 1000.000000000000000 ) ;
#4735 = FACE_OUTER_BOUND ( 'NONE', #7081, .T. ) ;
#4736 = DIRECTION ( 'NONE',  ( 1.000000000000000000, 0.000000000000000000, 0.000000000000000000 ) ) ;
#4737 = ADVANCED_FACE ( 'NONE', ( #9302 ), #1533, .T. ) ;
#4738 = LINE ( 'NONE', #6276, #6363 ) ;
#4739 = PLANE ( 'NONE',  #7336 ) ;
#4740 = VERTEX_POINT ( 'NONE', #9155 ) ;
#4741 = CARTESIAN_POINT ( 'NONE',  ( -4.475000000000000533, 8.673617379884035472E-16, 7.509999999999998899 ) ) ;
#4742 = VECTOR ( 'NONE', #3284, 1000.000000000000000 ) ;
#4743 = ORIENTED_EDGE ( 'NONE', *, *, #7951, .T. ) ;
#4744 = EDGE_LOOP ( 'NONE', ( #1405, #802, #8408, #6840, #8258 ) ) ;
#4745 = LINE ( 'NONE', #6235, #3399 ) ;
#4746 = CARTESIAN_POINT ( 'NONE',  ( -3.000000000000000888, 5.210000000000000853, 6.019999999999999574 ) ) ;
#4747 = EDGE_CURVE ( 'NONE', #9260, #437, #3168, .T. ) ;
#4748 = CARTESIAN_POINT ( 'NONE',  ( -7.940485608557000141, 6.620000000000000995, 8.920000000000001705 ) ) ;
#4749 = VECTOR ( 'NONE', #6375, 1000.000000000000000 ) ;
#4750 = LINE ( 'NONE', #8371, #7365 ) ;
#4751 = ORIENTED_EDGE ( 'NONE', *, *, #6884, .T. ) ;
#4752 = ORIENTED_EDGE ( 'NONE', *, *, #4411, .T. ) ;
#4753 = ORIENTED_EDGE ( 'NONE', *, *, #2025, .T. ) ;
#4754 = CARTESIAN_POINT ( 'NONE',  ( -9.324999999999999289, 2.840000000000000302, 5.750000000000000000 ) ) ;
#4755 = DIRECTION ( 'NONE',  ( 0.000000000000000000, 1.000000000000000000, 0.000000000000000000 ) ) ;
#4756 = VERTEX_POINT ( 'NONE', #1628 ) ;
#4757 = LINE ( 'NONE', #1669, #1917 ) ;
#4758 = EDGE_CURVE ( 'NONE', #8412, #492, #3122, .T. ) ;
#4759 = EDGE_LOOP ( 'NONE', ( #3486, #8297, #9421, #9084, #4441, #5884 ) ) ;
#4760 = EDGE_CURVE ( 'NONE', #5709, #8105, #8349, .T. ) ;
#4761 = EDGE_CURVE ( 'NONE', #4116, #3056, #3916, .T. ) ;
#4762 = LINE ( 'NONE', #8485, #6124 ) ;
#4763 = LINE ( 'NONE', #227, #5473 ) ;
#4764 = EDGE_CURVE ( 'NONE', #1875, #8044, #6961, .T. ) ;
#4765 = ORIENTED_EDGE ( 'NONE', *, *, #972, .T. ) ;
#4766 = ORIENTED_EDGE ( 'NONE', *, *, #857, .T. ) ;
#4767 = EDGE_LOOP ( 'NONE', ( #7347, #7028, #8429, #6846 ) ) ;
#4768 = CARTESIAN_POINT ( 'NONE',  ( 3.324999999999998845, 1.590000000000000746, 5.570000000000000284 ) ) ;
#4769 = CARTESIAN_POINT ( 'NONE',  ( -4.305662386292000932, -2.099999999999999645, 5.320000000000000284 ) ) ;
#4770 = EDGE_CURVE ( 'NONE', #9838, #1308, #9204, .T. ) ;
#4771 = ORIENTED_EDGE ( 'NONE', *, *, #5226, .T. ) ;
#4772 = CARTESIAN_POINT ( 'NONE',  ( -3.570000000000001172, 4.170000000000000817, 8.920000000000001705 ) ) ;
#4773 = PLANE ( 'NONE',  #4153 ) ;
#4775 = ORIENTED_EDGE ( 'NONE', *, *, #7111, .T. ) ;
#4774 = CARTESIAN_POINT ( 'NONE',  ( -4.730000000000000426, 6.710000000000000853, 2.319999999999999840 ) ) ;
#4776 = FACE_OUTER_BOUND ( 'NONE', #9847, .T. ) ;
#4777 = CARTESIAN_POINT ( 'NONE',  ( 3.274999999999999467, 1.440000000000000835, 6.591276617050000119 ) ) ;
#4778 = FACE_OUTER_BOUND ( 'NONE', #3544, .T. ) ;
#4779 = VECTOR ( 'NONE', #3686, 1000.000000000000000 ) ;
#4780 = CARTESIAN_POINT ( 'NONE',  ( -3.320000000000000728, 3.940000000000000835, 3.964999999999999858 ) ) ;
#4781 = CARTESIAN_POINT ( 'NONE',  ( -2.525000000000000799, -2.619615242270999733, 5.320000000000000284 ) ) ;
#4782 = DIRECTION ( 'NONE',  ( 1.000000000000000000, 0.000000000000000000, 0.000000000000000000 ) ) ;
#4783 = EDGE_LOOP ( 'NONE', ( #3670, #2699, #7402, #466 ) ) ;
#4784 = VECTOR ( 'NONE', #4501, 1000.000000000000000 ) ;
#4785 = AXIS2_PLACEMENT_3D ( 'NONE', #644, #2927, #5972 ) ;
#4786 = CARTESIAN_POINT ( 'NONE',  ( 1.940485608556998587, 4.865000000000001101, 3.770000000000000462 ) ) ;
#4787 = VECTOR ( 'NONE', #1974, 1000.000000000000000 ) ;
#4788 = DIRECTION ( 'NONE',  ( 0.1744369497454954787, 0.9690941652527760297, 0.1744369497454954787 ) ) ;
#4789 = CARTESIAN_POINT ( 'NONE',  ( 3.574999999999999289, 4.940000000000000391, 0.2799999999999998601 ) ) ;
#4790 = CARTESIAN_POINT ( 'NONE',  ( -8.640485608557000319, 4.340000000000000746, 1.269999999999999796 ) ) ;
#4791 = VERTEX_POINT ( 'NONE', #7604 ) ;
#4792 = VERTEX_POINT ( 'NONE', #9841 ) ;
#4793 = ORIENTED_EDGE ( 'NONE', *, *, #2985, .F. ) ;
#4794 = CARTESIAN_POINT ( 'NONE',  ( -9.324999999999999289, 3.940000000000000835, 3.964999999999999858 ) ) ;
#4795 = AXIS2_PLACEMENT_3D ( 'NONE', #5683, #7363, #3672 ) ;
#4796 = CARTESIAN_POINT ( 'NONE',  ( -3.700000000000001066, 8.120000000000000995, 5.969999999999999751 ) ) ;
#4797 = CARTESIAN_POINT ( 'NONE',  ( 0.3199999999999991185, -3.179999999999998828, -2.680000000000000160 ) ) ;
#4798 = VECTOR ( 'NONE', #1947, 1000.000000000000000 ) ;
#4799 = PLANE ( 'NONE',  #7843 ) ;
#4800 = ORIENTED_EDGE ( 'NONE', *, *, #8329, .F. ) ;
#4801 = ORIENTED_EDGE ( 'NONE', *, *, #9505, .T. ) ;
#4802 = ORIENTED_EDGE ( 'NONE', *, *, #3892, .T. ) ;
#4803 = DIRECTION ( 'NONE',  ( 1.000000000000000000, 0.000000000000000000, 0.000000000000000000 ) ) ;
#4804 = LINE ( 'NONE', #7840, #8344 ) ;
#4805 = ORIENTED_EDGE ( 'NONE', *, *, #3983, .T. ) ;
#4806 = EDGE_CURVE ( 'NONE', #4856, #724, #781, .T. ) ;
#4807 = LINE ( 'NONE', #3153, #5576 ) ;
#4808 = ORIENTED_EDGE ( 'NONE', *, *, #252, .F. ) ;
#4809 = FACE_OUTER_BOUND ( 'NONE', #2075, .T. ) ;
#4810 = DIRECTION ( 'NONE',  ( -1.000000000000000000, 0.000000000000000000, 0.000000000000000000 ) ) ;
#4811 = ORIENTED_EDGE ( 'NONE', *, *, #9582, .F. ) ;
#4812 = ORIENTED_EDGE ( 'NONE', *, *, #3903, .T. ) ;
#4813 = VERTEX_POINT ( 'NONE', #1684 ) ;
#4815 = EDGE_CURVE ( 'NONE', #5080, #2706, #7758, .T. ) ;
#4814 = DIRECTION ( 'NONE',  ( 1.000000000000000000, 0.000000000000000000, 0.000000000000000000 ) ) ;
#4816 = DIRECTION ( 'NONE',  ( 0.000000000000000000, 1.000000000000000000, 0.000000000000000000 ) ) ;
#4817 = ORIENTED_EDGE ( 'NONE', *, *, #4275, .F. ) ;
#4818 = LINE ( 'NONE', #3165, #2399 ) ;
#4819 = CARTESIAN_POINT ( 'NONE',  ( 1.940323739037999040, 2.840000000000000302, 7.270000000000000462 ) ) ;
#4821 = VERTEX_POINT ( 'NONE', #3967 ) ;
#4820 = DIRECTION ( 'NONE',  ( 1.000000000000000000, 0.000000000000000000, 0.000000000000000000 ) ) ;
#4823 = EDGE_CURVE ( 'NONE', #2978, #4540, #5317, .T. ) ;
#4822 = DIRECTION ( 'NONE',  ( 0.000000000000000000, -1.000000000000000000, 0.000000000000000000 ) ) ;
#4824 = EDGE_CURVE ( 'NONE', #3385, #3707, #6256, .T. ) ;
#4825 = VECTOR ( 'NONE', #718, 1000.000000000000000 ) ;
#4826 = CARTESIAN_POINT ( 'NONE',  ( -4.270000000000001350, 3.710000000000000409, 8.920000000000001705 ) ) ;
#4827 = LINE ( 'NONE', #9210, #8335 ) ;
#4828 = FACE_OUTER_BOUND ( 'NONE', #8474, .T. ) ;
#4829 = EDGE_CURVE ( 'NONE', #579, #7715, #3017, .T. ) ;
#4830 = LINE ( 'NONE', #143, #1590 ) ;
#4831 = ORIENTED_EDGE ( 'NONE', *, *, #8685, .T. ) ;
#4833 = EDGE_CURVE ( 'NONE', #1416, #3496, #3859, .T. ) ;
#4832 = ORIENTED_EDGE ( 'NONE', *, *, #1788, .F. ) ;
#4834 = AXIS2_PLACEMENT_3D ( 'NONE', #3105, #8283, #1464 ) ;
#4835 = LINE ( 'NONE', #4932, #7492 ) ;
#4836 = CARTESIAN_POINT ( 'NONE',  ( 1.940161869518999493, 2.840000000000000302, 3.770000000000000018 ) ) ;
#4837 = LINE ( 'NONE', #3184, #7088 ) ;
#4838 = AXIS2_PLACEMENT_3D ( 'NONE', #6913, #3676, #7508 ) ;
#4839 = DIRECTION ( 'NONE',  ( 0.000000000000000000, -1.000000000000000000, 0.000000000000000000 ) ) ;
#4840 = CARTESIAN_POINT ( 'NONE',  ( -3.475000000000000977, 0.5100000000000008971, 0.3099999999999999423 ) ) ;
#4841 = ORIENTED_EDGE ( 'NONE', *, *, #4394, .T. ) ;
#4842 = EDGE_LOOP ( 'NONE', ( #2005, #2886, #1174, #156, #289, #8034 ) ) ;
#4843 = VERTEX_POINT ( 'NONE', #4520 ) ;
#4844 = CARTESIAN_POINT ( 'NONE',  ( 3.574999999999999289, 8.673617379884035472E-16, -0.9900000000000004352 ) ) ;
#4845 = VECTOR ( 'NONE', #1031, 1000.000000000000000 ) ;
#4846 = DIRECTION ( 'NONE',  ( 0.000000000000000000, 0.000000000000000000, 1.000000000000000000 ) ) ;
#4847 = VECTOR ( 'NONE', #2140, 1000.000000000000000 ) ;
#4848 = CARTESIAN_POINT ( 'NONE',  ( -0.3200000000000008393, 7.115000000000001101, 0.3099999999999999423 ) ) ;
#4849 = VECTOR ( 'NONE', #523, 1000.000000000000000 ) ;
#4850 = CARTESIAN_POINT ( 'NONE',  ( -0.1400000000000007905, 5.300000000000000711, 6.519999999999999574 ) ) ;
#4851 = ADVANCED_FACE ( 'NONE', ( #6859, #30 ), #3069, .T. ) ;
#4852 = VECTOR ( 'NONE', #9295, 1000.000000000000114 ) ;
#4853 = VECTOR ( 'NONE', #7550, 1000.000000000000000 ) ;
#4854 = DIRECTION ( 'NONE',  ( 0.000000000000000000, -1.000000000000000000, 0.000000000000000000 ) ) ;
#4855 = ORIENTED_EDGE ( 'NONE', *, *, #2358, .F. ) ;
#4856 = VERTEX_POINT ( 'NONE', #5615 ) ;
#4857 = EDGE_LOOP ( 'NONE', ( #327, #7304, #8781, #7020 ) ) ;
#4858 = DIRECTION ( 'NONE',  ( 0.000000000000000000, -1.000000000000000000, 0.000000000000000000 ) ) ;
#4859 = ORIENTED_EDGE ( 'NONE', *, *, #2631, .F. ) ;
#4860 = VECTOR ( 'NONE', #6725, 1000.000000000000000 ) ;
#4861 = ORIENTED_EDGE ( 'NONE', *, *, #5408, .F. ) ;
#4862 = EDGE_CURVE ( 'NONE', #2368, #633, #8603, .T. ) ;
#4863 = DIRECTION ( 'NONE',  ( 0.000000000000000000, -1.000000000000000000, 0.000000000000000000 ) ) ;
#4864 = ORIENTED_EDGE ( 'NONE', *, *, #5004, .T. ) ;
#4865 = EDGE_LOOP ( 'NONE', ( #971, #6995, #2468, #9352 ) ) ;
#4866 = ORIENTED_EDGE ( 'NONE', *, *, #6632, .F. ) ;
#4867 = DIRECTION ( 'NONE',  ( 0.000000000000000000, -0.1771529983152980714, 0.9841833239736893502 ) ) ;
#4868 = DIRECTION ( 'NONE',  ( 0.9841833239736893502, 0.000000000000000000, 0.1771529983152980714 ) ) ;
#4869 = VERTEX_POINT ( 'NONE', #8750 ) ;
#4870 = CARTESIAN_POINT ( 'NONE',  ( 2.340485608556998720, 4.515000000000000568, 1.169999999999999707 ) ) ;
#4871 = CARTESIAN_POINT ( 'NONE',  ( -6.320000000000001172, 4.260000000000000675, 0.3099999999999999423 ) ) ;
#4873 = ORIENTED_EDGE ( 'NONE', *, *, #5275, .F. ) ;
#4872 = DIRECTION ( 'NONE',  ( 0.000000000000000000, -1.000000000000000000, 0.000000000000000000 ) ) ;
#4874 = DIRECTION ( 'NONE',  ( 1.000000000000000000, 0.000000000000000000, 0.000000000000000000 ) ) ;
#4875 = EDGE_CURVE ( 'NONE', #1087, #7966, #3320, .T. ) ;
#4876 = CARTESIAN_POINT ( 'NONE',  ( -8.304999999999999716, 0.5100000000000008971, 0.6099999999999998757 ) ) ;
#4877 = CARTESIAN_POINT ( 'NONE',  ( -7.940161869519001492, 3.365000000000000657, 3.770000000000000018 ) ) ;
#4878 = EDGE_CURVE ( 'NONE', #7462, #1107, #7956, .T. ) ;
#4879 = PLANE ( 'NONE',  #9394 ) ;
#4880 = LINE ( 'NONE', #9358, #9298 ) ;
#4881 = DIRECTION ( 'NONE',  ( -1.000000000000000000, 0.000000000000000000, 0.000000000000000000 ) ) ;
#4882 = LINE ( 'NONE', #2585, #8114 ) ;
#4883 = ORIENTED_EDGE ( 'NONE', *, *, #5090, .F. ) ;
#4884 = VERTEX_POINT ( 'NONE', #337 ) ;
#4885 = DIRECTION ( 'NONE',  ( 1.000000000000000000, 0.000000000000000000, 0.000000000000000000 ) ) ;
#4886 = LINE ( 'NONE', #7923, #8230 ) ;
#4887 = EDGE_CURVE ( 'NONE', #6126, #8435, #1136, .T. ) ;
#4888 = EDGE_CURVE ( 'NONE', #9140, #8091, #5667, .T. ) ;
#4889 = DIRECTION ( 'NONE',  ( 1.000000000000000000, 0.000000000000000000, 0.000000000000000000 ) ) ;
#4890 = DIRECTION ( 'NONE',  ( -1.009293658750000128E-14, 1.000000000000000000, 8.074349270000999407E-14 ) ) ;
#4891 = PLANE ( 'NONE',  #6064 ) ;
#4892 = VERTEX_POINT ( 'NONE', #2628 ) ;
#4893 = ORIENTED_EDGE ( 'NONE', *, *, #3294, .F. ) ;
#4894 = ORIENTED_EDGE ( 'NONE', *, *, #5226, .F. ) ;
#4895 = EDGE_CURVE ( 'NONE', #3526, #6683, #5565, .T. ) ;
#4896 = VECTOR ( 'NONE', #5024, 1000.000000000000227 ) ;
#4897 = FACE_OUTER_BOUND ( 'NONE', #9050, .T. ) ;
#4898 = DIRECTION ( 'NONE',  ( -1.000000000000000000, 0.000000000000000000, 0.000000000000000000 ) ) ;
#4899 = PLANE ( 'NONE',  #4563 ) ;
#4900 = VECTOR ( 'NONE', #6721, 1000.000000000000000 ) ;
#4901 = CARTESIAN_POINT ( 'NONE',  ( -7.940323739037999928, 5.040000000000000924, 7.270000000000000462 ) ) ;
#4902 = ORIENTED_EDGE ( 'NONE', *, *, #6200, .T. ) ;
#4903 = ORIENTED_EDGE ( 'NONE', *, *, #2443, .T. ) ;
#4904 = EDGE_LOOP ( 'NONE', ( #3375, #5923, #8623, #39, #2196, #7121 ) ) ;
#4905 = EDGE_CURVE ( 'NONE', #3829, #3853, #4920, .T. ) ;
#4906 = EDGE_LOOP ( 'NONE', ( #5249, #428, #2440, #4012 ) ) ;
#4907 = VECTOR ( 'NONE', #8719, 1000.000000000000000 ) ;
#4908 = CARTESIAN_POINT ( 'NONE',  ( -0.3200000000000008393, 5.529000000000000803, -0.3199999999999999512 ) ) ;
#4909 = ORIENTED_EDGE ( 'NONE', *, *, #5954, .T. ) ;
#4910 = CARTESIAN_POINT ( 'NONE',  ( -3.320000000000000728, 5.529000000000000803, -0.3199999999999999512 ) ) ;
#4911 = ORIENTED_EDGE ( 'NONE', *, *, #9196, .T. ) ;
#4912 = EDGE_LOOP ( 'NONE', ( #6304, #8888, #3264, #8049 ) ) ;
#4913 = VERTEX_POINT ( 'NONE', #384 ) ;
#4914 = CARTESIAN_POINT ( 'NONE',  ( -8.340485608557001385, 3.540000000000000480, 1.169999999999999707 ) ) ;
#4915 = CARTESIAN_POINT ( 'NONE',  ( 3.574999999999999289, 5.540000000000000924, -0.9900000000000004352 ) ) ;
#4916 = EDGE_LOOP ( 'NONE', ( #3699, #5158, #7739, #2716 ) ) ;
#4917 = VECTOR ( 'NONE', #1956, 1000.000000000000000 ) ;
#4918 = DIRECTION ( 'NONE',  ( 1.000000000000000000, 0.000000000000000000, 0.000000000000000000 ) ) ;
#4919 = ADVANCED_FACE ( 'NONE', ( #6461 ), #8651, .T. ) ;
#4921 = ORIENTED_EDGE ( 'NONE', *, *, #5243, .T. ) ;
#4920 = LINE ( 'NONE', #9402, #2671 ) ;
#4922 = CARTESIAN_POINT ( 'NONE',  ( -2.525000000000000799, 0.6945000000000006724, 4.320000000000000284 ) ) ;
#4923 = PLANE ( 'NONE',  #1978 ) ;
#4924 = FACE_OUTER_BOUND ( 'NONE', #8008, .T. ) ;
#4925 = DIRECTION ( 'NONE',  ( 0.000000000000000000, -0.1771529983152980714, -0.9841833239736893502 ) ) ;
#4926 = DIRECTION ( 'NONE',  ( 0.000000000000000000, 0.000000000000000000, -1.000000000000000000 ) ) ;
#4927 = DIRECTION ( 'NONE',  ( 0.000000000000000000, 0.000000000000000000, 1.000000000000000000 ) ) ;
#4928 = CARTESIAN_POINT ( 'NONE',  ( -6.320000000000001172, 2.120000000000000995, 5.519999999999999574 ) ) ;
#4929 = ORIENTED_EDGE ( 'NONE', *, *, #6401, .F. ) ;
#4930 = ORIENTED_EDGE ( 'NONE', *, *, #1708, .T. ) ;
#4931 = EDGE_CURVE ( 'NONE', #623, #7327, #2576, .T. ) ;
#4932 = CARTESIAN_POINT ( 'NONE',  ( -2.680000000000001048, 4.889000000000001123, -0.3199999999999999512 ) ) ;
#4933 = CARTESIAN_POINT ( 'NONE',  ( -6.320000000000001172, 4.889000000000001123, 0.3099999999999999423 ) ) ;
#4934 = CARTESIAN_POINT ( 'NONE',  ( -5.680000000000000604, 2.120000000000000995, 5.519999999999999574 ) ) ;
#4935 = DIRECTION ( 'NONE',  ( 0.000000000000000000, 0.000000000000000000, -1.000000000000000000 ) ) ;
#4936 = LINE ( 'NONE', #7129, #4315 ) ;
#4937 = ORIENTED_EDGE ( 'NONE', *, *, #1963, .F. ) ;
#4938 = ORIENTED_EDGE ( 'NONE', *, *, #3479, .T. ) ;
#4939 = AXIS2_PLACEMENT_3D ( 'NONE', #6776, #800, #4632 ) ;
#4940 = EDGE_CURVE ( 'NONE', #5596, #5086, #3421, .T. ) ;
#4941 = ADVANCED_FACE ( 'NONE', ( #4215 ), #9500, .T. ) ;
#4942 = EDGE_CURVE ( 'NONE', #9286, #5596, #5717, .T. ) ;
#4943 = DIRECTION ( 'NONE',  ( 1.000000000000000000, 0.000000000000000000, 0.000000000000000000 ) ) ;
#4944 = VECTOR ( 'NONE', #3706, 1000.000000000000000 ) ;
#4945 = EDGE_CURVE ( 'NONE', #5030, #9766, #4968, .T. ) ;
#4946 = DIRECTION ( 'NONE',  ( 0.000000000000000000, 0.000000000000000000, -1.000000000000000000 ) ) ;
#4947 = EDGE_CURVE ( 'NONE', #2978, #7295, #8000, .T. ) ;
#4948 = EDGE_CURVE ( 'NONE', #3281, #2187, #4015, .T. ) ;
#4949 = DIRECTION ( 'NONE',  ( -1.000000000000000000, 0.000000000000000000, 0.000000000000000000 ) ) ;
#4950 = VECTOR ( 'NONE', #1706, 1000.000000000000000 ) ;
#4951 = ORIENTED_EDGE ( 'NONE', *, *, #4667, .T. ) ;
#4952 = ORIENTED_EDGE ( 'NONE', *, *, #6909, .F. ) ;
#4953 = VERTEX_POINT ( 'NONE', #5763 ) ;
#4954 =( LENGTH_UNIT ( ) NAMED_UNIT ( * ) SI_UNIT ( .MILLI., .METRE. ) );
#4955 = ORIENTED_EDGE ( 'NONE', *, *, #7937, .F. ) ;
#4956 = EDGE_CURVE ( 'NONE', #9633, #5916, #7057, .T. ) ;
#4957 = DIRECTION ( 'NONE',  ( 0.000000000000000000, 1.000000000000000000, 0.000000000000000000 ) ) ;
#4958 = ORIENTED_EDGE ( 'NONE', *, *, #796, .F. ) ;
#4959 = CIRCLE ( 'NONE', #2082, 0.5321241419777998916 ) ;
#4960 = DIRECTION ( 'NONE',  ( 0.000000000000000000, 1.000000000000000000, 0.000000000000000000 ) ) ;
#4961 = ORIENTED_EDGE ( 'NONE', *, *, #4508, .F. ) ;
#4962 = ORIENTED_EDGE ( 'NONE', *, *, #4106, .F. ) ;
#4963 = ORIENTED_EDGE ( 'NONE', *, *, #4327, .F. ) ;
#4964 = DIRECTION ( 'NONE',  ( 0.000000000000000000, 0.000000000000000000, 1.000000000000000000 ) ) ;
#4965 = CARTESIAN_POINT ( 'NONE',  ( 3.274999999999999467, 1.590000000000000746, 6.565744705200000197 ) ) ;
#4966 = ORIENTED_EDGE ( 'NONE', *, *, #5720, .T. ) ;
#4967 = LINE ( 'NONE', #5716, #3345 ) ;
#4969 = ORIENTED_EDGE ( 'NONE', *, *, #7199, .F. ) ;
#4968 = LINE ( 'NONE', #7910, #7450 ) ;
#4970 = DIRECTION ( 'NONE',  ( 0.000000000000000000, 0.000000000000000000, -1.000000000000000000 ) ) ;
#4971 = DIRECTION ( 'NONE',  ( 0.000000000000000000, 1.000000000000000000, 0.000000000000000000 ) ) ;
#4972 = DIRECTION ( 'NONE',  ( 0.000000000000000000, 0.000000000000000000, -1.000000000000000000 ) ) ;
#4973 = CARTESIAN_POINT ( 'NONE',  ( -4.270000000000001350, 1.870000000000000995, 2.319999999999999840 ) ) ;
#4974 = ADVANCED_FACE ( 'NONE', ( #238 ), #4115, .T. ) ;
#4975 = FACE_OUTER_BOUND ( 'NONE', #2544, .T. ) ;
#4976 = PLANE ( 'NONE',  #3416 ) ;
#4977 = ORIENTED_EDGE ( 'NONE', *, *, #1044, .F. ) ;
#4978 = EDGE_LOOP ( 'NONE', ( #7083, #3787, #2846, #1624 ) ) ;
#4979 = DIRECTION ( 'NONE',  ( 0.000000000000000000, -1.000000000000000000, 0.000000000000000000 ) ) ;
#4980 = CARTESIAN_POINT ( 'NONE',  ( -3.475000000000000977, 8.673617379884035472E-16, 7.509999999999998899 ) ) ;
#4981 = DIRECTION ( 'NONE',  ( 0.000000000000000000, 1.000000000000000000, 0.000000000000000000 ) ) ;
#4982 = CARTESIAN_POINT ( 'NONE',  ( -9.574999999999999289, 2.940000000000000835, -0.3199999999999999512 ) ) ;
#4983 = PLANE ( 'NONE',  #5570 ) ;
#4984 = VECTOR ( 'NONE', #3451, 1000.000000000000000 ) ;
#4985 = FACE_OUTER_BOUND ( 'NONE', #4767, .T. ) ;
#4986 = EDGE_CURVE ( 'NONE', #5086, #2836, #5022, .T. ) ;
#4987 = ORIENTED_EDGE ( 'NONE', *, *, #8403, .F. ) ;
#4988 = ORIENTED_EDGE ( 'NONE', *, *, #3542, .F. ) ;
#4989 = DIRECTION ( 'NONE',  ( 0.000000000000000000, 0.000000000000000000, -1.000000000000000000 ) ) ;
#4990 = DIRECTION ( 'NONE',  ( 1.000000000000000000, 0.000000000000000000, 0.000000000000000000 ) ) ;
#4991 = VECTOR ( 'NONE', #3584, 1000.000000000000227 ) ;
#4992 = CARTESIAN_POINT ( 'NONE',  ( -0.3200000000000008393, 5.540000000000000924, -0.3199999999999999512 ) ) ;
#4993 = EDGE_CURVE ( 'NONE', #667, #5389, #1976, .T. ) ;
#4994 = DIRECTION ( 'NONE',  ( 0.000000000000000000, 0.000000000000000000, -1.000000000000000000 ) ) ;
#4995 = ORIENTED_EDGE ( 'NONE', *, *, #3479, .F. ) ;
#4996 = ORIENTED_EDGE ( 'NONE', *, *, #36, .F. ) ;
#4997 = ORIENTED_EDGE ( 'NONE', *, *, #2805, .T. ) ;
#4998 = VECTOR ( 'NONE', #5759, 1000.000000000000000 ) ;
#4999 = DIRECTION ( 'NONE',  ( 0.000000000000000000, 1.000000000000000000, 0.000000000000000000 ) ) ;
#5000 = VECTOR ( 'NONE', #5527, 1000.000000000000000 ) ;
#5001 = AXIS2_PLACEMENT_3D ( 'NONE', #8101, #9596, #3518 ) ;
#5002 = DIRECTION ( 'NONE',  ( 1.000000000000000000, 0.000000000000000000, 0.000000000000000000 ) ) ;
#5003 = DIRECTION ( 'NONE',  ( 0.7071067811865475727, -0.7071067811865475727, 0.000000000000000000 ) ) ;
#5004 = EDGE_CURVE ( 'NONE', #356, #7054, #8560, .T. ) ;
#5005 = VECTOR ( 'NONE', #1465, 1000.000000000000000 ) ;
#5006 = VECTOR ( 'NONE', #7065, 1000.000000000000000 ) ;
#5007 = ADVANCED_FACE ( 'NONE', ( #1745 ), #2489, .T. ) ;
#5008 = VECTOR ( 'NONE', #3126, 1000.000000000000000 ) ;
#5009 = DIRECTION ( 'NONE',  ( 0.000000000000000000, 1.000000000000000000, 0.000000000000000000 ) ) ;
#5010 = CARTESIAN_POINT ( 'NONE',  ( -0.3200000000000008393, 3.940000000000000835, 3.964999999999999858 ) ) ;
#5011 = ORIENTED_EDGE ( 'NONE', *, *, #7559, .T. ) ;
#5012 = ORIENTED_EDGE ( 'NONE', *, *, #3635, .T. ) ;
#5013 = EDGE_LOOP ( 'NONE', ( #4377, #1059, #2597, #6553 ) ) ;
#5014 = DIRECTION ( 'NONE',  ( 0.000000000000000000, -0.9841833239736893502, 0.1771529983152980714 ) ) ;
#5015 = CARTESIAN_POINT ( 'NONE',  ( 0.3199999999999991185, 5.120000000000000995, 5.519999999999999574 ) ) ;
#5016 = ORIENTED_EDGE ( 'NONE', *, *, #3037, .T. ) ;
#5017 = EDGE_CURVE ( 'NONE', #640, #4635, #950, .T. ) ;
#5018 = AXIS2_PLACEMENT_3D ( 'NONE', #4539, #9669, #1095 ) ;
#5019 = VECTOR ( 'NONE', #6290, 1000.000000000000000 ) ;
#5020 = LINE ( 'NONE', #7407, #6050 ) ;
#5021 = VECTOR ( 'NONE', #4326, 1000.000000000000000 ) ;
#5023 = ORIENTED_EDGE ( 'NONE', *, *, #8929, .F. ) ;
#5022 = LINE ( 'NONE', #1234, #2980 ) ;
#5024 = DIRECTION ( 'NONE',  ( -0.1744369497454954787, 0.9690941652527760297, -0.1744369497454954787 ) ) ;
#5025 = FACE_BOUND ( 'NONE', #8033, .T. ) ;
#5026 = CARTESIAN_POINT ( 'NONE',  ( -0.2300000000000010369, -2.679999999999999272, 0.000000000000000000 ) ) ;
#5027 = FACE_OUTER_BOUND ( 'NONE', #8290, .T. ) ;
#5028 = DIRECTION ( 'NONE',  ( 0.000000000000000000, 1.000000000000000000, 0.000000000000000000 ) ) ;
#5029 = LINE ( 'NONE', #5864, #1670 ) ;
#5030 = VERTEX_POINT ( 'NONE', #148 ) ;
#5031 = EDGE_CURVE ( 'NONE', #5238, #307, #3333, .T. ) ;
#5032 = LINE ( 'NONE', #2535, #2562 ) ;
#5033 = LINE ( 'NONE', #8063, #9516 ) ;
#5034 = CARTESIAN_POINT ( 'NONE',  ( -3.570000000000001172, 1.170000000000000817, 8.920000000000001705 ) ) ;
#5035 = FACE_OUTER_BOUND ( 'NONE', #1765, .T. ) ;
#5036 = CARTESIAN_POINT ( 'NONE',  ( 3.574999999999999289, 4.940000000000000391, -0.3199999999999999512 ) ) ;
#5037 = DIRECTION ( 'NONE',  ( 0.000000000000000000, 0.000000000000000000, 1.000000000000000000 ) ) ;
#5038 = ORIENTED_EDGE ( 'NONE', *, *, #8894, .F. ) ;
#5039 = ORIENTED_EDGE ( 'NONE', *, *, #6909, .T. ) ;
#5040 = CARTESIAN_POINT ( 'NONE',  ( -4.270000000000001350, 4.870000000000000995, 2.319999999999999840 ) ) ;
#5041 = CARTESIAN_POINT ( 'NONE',  ( 3.324999999999998845, 1.440000000000000835, 6.387021250724999710 ) ) ;
#5042 = CARTESIAN_POINT ( 'NONE',  ( 0.3199999999999991185, 0.5100000000000008971, 0.3199999999999999512 ) ) ;
#5043 = EDGE_CURVE ( 'NONE', #7203, #3163, #6973, .T. ) ;
#5044 = EDGE_CURVE ( 'NONE', #5326, #9763, #7719, .T. ) ;
#5045 = CARTESIAN_POINT ( 'NONE',  ( -5.680000000000000604, -3.179999999999998828, 0.3199999999999999512 ) ) ;
#5046 = VECTOR ( 'NONE', #89, 1000.000000000000000 ) ;
#5047 = DIRECTION ( 'NONE',  ( 0.000000000000000000, 1.000000000000000000, 0.000000000000000000 ) ) ;
#5048 = ORIENTED_EDGE ( 'NONE', *, *, #741, .T. ) ;
#5049 = ORIENTED_EDGE ( 'NONE', *, *, #2430, .F. ) ;
#5050 = EDGE_LOOP ( 'NONE', ( #7735, #4353, #936, #7163 ) ) ;
#5051 = DIRECTION ( 'NONE',  ( 0.000000000000000000, 0.000000000000000000, -1.000000000000000000 ) ) ;
#5052 = ORIENTED_EDGE ( 'NONE', *, *, #5400, .T. ) ;
#5053 = VECTOR ( 'NONE', #4846, 1000.000000000000000 ) ;
#5054 = EDGE_CURVE ( 'NONE', #9175, #906, #302, .T. ) ;
#5055 = CARTESIAN_POINT ( 'NONE',  ( -3.475000000000000977, 8.673617379884035472E-16, 0.3099999999999999423 ) ) ;
#5056 = CARTESIAN_POINT ( 'NONE',  ( 3.574999999999999289, 2.840000000000000302, 3.770000000000000018 ) ) ;
#5057 = ORIENTED_EDGE ( 'NONE', *, *, #1506, .F. ) ;
#5058 = ORIENTED_EDGE ( 'NONE', *, *, #508, .T. ) ;
#5059 = ORIENTED_EDGE ( 'NONE', *, *, #6225, .T. ) ;
#5060 = LINE ( 'NONE', #8093, #6434 ) ;
#5061 = DIRECTION ( 'NONE',  ( 1.000000000000000000, 0.000000000000000000, 0.000000000000000000 ) ) ;
#5062 = VECTOR ( 'NONE', #1479, 1000.000000000000000 ) ;
#5063 = ORIENTED_EDGE ( 'NONE', *, *, #5303, .F. ) ;
#5064 = EDGE_CURVE ( 'NONE', #3217, #8645, #4031, .T. ) ;
#5065 = EDGE_CURVE ( 'NONE', #4756, #8993, #6176, .T. ) ;
#5066 = DIRECTION ( 'NONE',  ( 0.000000000000000000, 1.000000000000000000, 0.000000000000000000 ) ) ;
#5067 = EDGE_CURVE ( 'NONE', #7998, #2931, #8675, .T. ) ;
#5068 = ORIENTED_EDGE ( 'NONE', *, *, #3270, .T. ) ;
#5069 = PLANE ( 'NONE',  #9498 ) ;
#5070 = EDGE_CURVE ( 'NONE', #1441, #6459, #3285, .T. ) ;
#5071 = DIRECTION ( 'NONE',  ( 0.000000000000000000, -1.000000000000000000, 0.000000000000000000 ) ) ;
#5072 = ADVANCED_FACE ( 'NONE', ( #9365 ), #1850, .F. ) ;
#5073 = DIRECTION ( 'NONE',  ( -0.000000000000000000, 1.000000000000000000, 0.000000000000000000 ) ) ;
#5074 = CARTESIAN_POINT ( 'NONE',  ( 0.3199999999999991185, 7.115000000000001101, -0.9900000000000004352 ) ) ;
#5075 = DIRECTION ( 'NONE',  ( -0.000000000000000000, 0.9841833239736893502, 0.1771529983152980714 ) ) ;
#5076 = VECTOR ( 'NONE', #1452, 1000.000000000000227 ) ;
#5077 = ORIENTED_EDGE ( 'NONE', *, *, #6524, .T. ) ;
#5078 = LINE ( 'NONE', #3577, #7823 ) ;
#5080 = VERTEX_POINT ( 'NONE', #5531 ) ;
#5079 = DIRECTION ( 'NONE',  ( 0.000000000000000000, -1.000000000000000000, 0.000000000000000000 ) ) ;
#5081 = DIRECTION ( 'NONE',  ( 0.000000000000000000, -1.000000000000000000, 0.000000000000000000 ) ) ;
#5082 = LINE ( 'NONE', #4277, #9776 ) ;
#5083 = EDGE_CURVE ( 'NONE', #2108, #8345, #1102, .T. ) ;
#5084 = PLANE ( 'NONE',  #9545 ) ;
#5085 = LINE ( 'NONE', #1297, #1170 ) ;
#5086 = VERTEX_POINT ( 'NONE', #7880 ) ;
#5087 = CARTESIAN_POINT ( 'NONE',  ( -8.340485608557001385, 4.340000000000000746, 1.269999999999999796 ) ) ;
#5088 = ORIENTED_EDGE ( 'NONE', *, *, #9314, .T. ) ;
#5089 = LINE ( 'NONE', #8121, #3573 ) ;
#5090 = EDGE_CURVE ( 'NONE', #5546, #3281, #1796, .T. ) ;
#5091 = DIRECTION ( 'NONE',  ( -1.000000000000000000, 0.000000000000000000, 0.000000000000000000 ) ) ;
#5092 = CARTESIAN_POINT ( 'NONE',  ( -5.680000000000000604, 5.120000000000000995, 2.319999999999999840 ) ) ;
#5093 = CARTESIAN_POINT ( 'NONE',  ( -7.940161869518999715, 4.690000000000000391, 3.770000000000000018 ) ) ;
#5094 = AXIS2_PLACEMENT_3D ( 'NONE', #2490, #255, #2540 ) ;
#5095 = DIRECTION ( 'NONE',  ( 0.000000000000000000, -1.000000000000000000, 0.000000000000000000 ) ) ;
#5096 = ORIENTED_EDGE ( 'NONE', *, *, #4175, .T. ) ;
#5097 = ORIENTED_EDGE ( 'NONE', *, *, #7565, .F. ) ;
#5098 = VERTEX_POINT ( 'NONE', #7773 ) ;
#5099 = EDGE_CURVE ( 'NONE', #1899, #6359, #4837, .T. ) ;
#5100 = DIRECTION ( 'NONE',  ( 1.000000000000000000, 0.000000000000000000, 0.000000000000000000 ) ) ;
#5101 = AXIS2_PLACEMENT_3D ( 'NONE', #3297, #6334, #6880 ) ;
#5102 = DIRECTION ( 'NONE',  ( 0.000000000000000000, -1.000000000000000000, 0.000000000000000000 ) ) ;
#5103 = CARTESIAN_POINT ( 'NONE',  ( -7.270000000000001350, 4.870000000000000995, 8.920000000000001705 ) ) ;
#5104 = ORIENTED_EDGE ( 'NONE', *, *, #935, .F. ) ;
#5105 = ORIENTED_EDGE ( 'NONE', *, *, #7018, .T. ) ;
#5106 = ORIENTED_EDGE ( 'NONE', *, *, #2928, .T. ) ;
#5107 = EDGE_CURVE ( 'NONE', #7715, #5326, #7126, .T. ) ;
#5108 = CARTESIAN_POINT ( 'NONE',  ( -5.680000000000000604, 2.760000000000000675, 6.519999999999999574 ) ) ;
#5109 = CARTESIAN_POINT ( 'NONE',  ( -5.770000000000000462, 5.440000000000000391, 6.019999999999999574 ) ) ;
#5110 = ORIENTED_EDGE ( 'NONE', *, *, #499, .T. ) ;
#5111 = DIRECTION ( 'NONE',  ( -0.000000000000000000, 1.000000000000000000, 0.000000000000000000 ) ) ;
#5112 = AXIS2_PLACEMENT_3D ( 'NONE', #2541, #1699, #6327 ) ;
#5113 = VERTEX_POINT ( 'NONE', #4128 ) ;
#5114 = LINE ( 'NONE', #8752, #111 ) ;
#5115 = PLANE ( 'NONE',  #6438 ) ;
#5116 = PLANE ( 'NONE',  #3979 ) ;
#5117 = CARTESIAN_POINT ( 'NONE',  ( 3.324999999999998845, 1.590000000000000746, 5.570000000000000284 ) ) ;
#5118 = PLANE ( 'NONE',  #6112 ) ;
#5119 = CARTESIAN_POINT ( 'NONE',  ( -3.320000000000000728, 5.760000000000001563, 5.519999999999999574 ) ) ;
#5120 = EDGE_LOOP ( 'NONE', ( #3793, #5201, #1703, #8316, #2756 ) ) ;
#5121 = CARTESIAN_POINT ( 'NONE',  ( 1.940485608556998587, 3.365000000000000657, 2.036666666666666625 ) ) ;
#5122 = EDGE_CURVE ( 'NONE', #4078, #9377, #5630, .T. ) ;
#5124 = ORIENTED_EDGE ( 'NONE', *, *, #7159, .F. ) ;
#5123 = CARTESIAN_POINT ( 'NONE',  ( -1.820817630892000993, -2.235602391787999466, 3.319999999999999840 ) ) ;
#5125 = FACE_OUTER_BOUND ( 'NONE', #3737, .T. ) ;
#5126 = LINE ( 'NONE', #7369, #4533 ) ;
#5127 = CARTESIAN_POINT ( 'NONE',  ( -2.680000000000001048, 3.940000000000000835, 3.964999999999999858 ) ) ;
#5128 = ADVANCED_FACE ( 'NONE', ( #3132 ), #1642, .F. ) ;
#5129 = LINE ( 'NONE', #8117, #2758 ) ;
#5130 = VERTEX_POINT ( 'NONE', #5776 ) ;
#5131 = ORIENTED_EDGE ( 'NONE', *, *, #8777, .F. ) ;
#5132 = DIRECTION ( 'NONE',  ( 0.000000000000000000, -0.9841833239736893502, 0.1771529983152980714 ) ) ;
#5133 = ADVANCED_FACE ( 'NONE', ( #503 ), #6526, .T. ) ;
#5134 = CARTESIAN_POINT ( 'NONE',  ( -0.3200000000000008393, 5.529000000000000803, 0.3099999999999999423 ) ) ;
#5135 = VECTOR ( 'NONE', #2901, 1000.000000000000000 ) ;
#5136 = DIRECTION ( 'NONE',  ( 0.000000000000000000, 1.000000000000000000, 0.000000000000000000 ) ) ;
#5137 = LINE ( 'NONE', #3038, #8681 ) ;
#5138 = LINE ( 'NONE', #8174, #5866 ) ;
#5139 = ORIENTED_EDGE ( 'NONE', *, *, #38, .F. ) ;
#5140 = ORIENTED_EDGE ( 'NONE', *, *, #6524, .F. ) ;
#5141 = EDGE_CURVE ( 'NONE', #5130, #6888, #5082, .T. ) ;
#5142 = VECTOR ( 'NONE', #2056, 1000.000000000000000 ) ;
#5143 = CARTESIAN_POINT ( 'NONE',  ( -6.320000000000001172, 5.760000000000001563, 2.319999999999999840 ) ) ;
#5144 = CARTESIAN_POINT ( 'NONE',  ( -1.730000000000000870, 1.170000000000000817, 2.319999999999999840 ) ) ;
#5145 = PLANE ( 'NONE',  #1354 ) ;
#5146 = AXIS2_PLACEMENT_3D ( 'NONE', #5608, #7052, #3361 ) ;
#5147 = LINE ( 'NONE', #7398, #8010 ) ;
#5148 = AXIS2_PLACEMENT_3D ( 'NONE', #486, #8707, #4219 ) ;
#5149 = CARTESIAN_POINT ( 'NONE',  ( 1.940485608556998587, 1.530000000000000915, 8.920000000000001705 ) ) ;
#5150 = VECTOR ( 'NONE', #4201, 1000.000000000000000 ) ;
#5151 = ORIENTED_EDGE ( 'NONE', *, *, #8561, .T. ) ;
#5152 = VERTEX_POINT ( 'NONE', #4982 ) ;
#5153 = LINE ( 'NONE', #8140, #7698 ) ;
#5154 = LINE ( 'NONE', #8193, #7085 ) ;
#5155 = ORIENTED_EDGE ( 'NONE', *, *, #168, .T. ) ;
#5156 = CARTESIAN_POINT ( 'NONE',  ( 1.269999999999999352, 4.870000000000000995, 8.920000000000001705 ) ) ;
#5157 = VECTOR ( 'NONE', #5810, 1000.000000000000000 ) ;
#5158 = ORIENTED_EDGE ( 'NONE', *, *, #6277, .F. ) ;
#5159 = AXIS2_PLACEMENT_3D ( 'NONE', #247, #1840, #2636 ) ;
#5160 = PLANE ( 'NONE',  #9654 ) ;
#5161 = VECTOR ( 'NONE', #4073, 1000.000000000000000 ) ;
#5162 = EDGE_CURVE ( 'NONE', #8422, #9587, #3436, .T. ) ;
#5163 = FACE_OUTER_BOUND ( 'NONE', #7948, .T. ) ;
#5164 = DIRECTION ( 'NONE',  ( 0.000000000000000000, 1.000000000000000000, 0.000000000000000000 ) ) ;
#5165 = CARTESIAN_POINT ( 'NONE',  ( -2.860000000000001208, 2.300000000000000711, 6.519999999999999574 ) ) ;
#5166 = CARTESIAN_POINT ( 'NONE',  ( -6.140000000000001457, 5.580000000000000959, 6.519999999999999574 ) ) ;
#5167 = VECTOR ( 'NONE', #7553, 1000.000000000000227 ) ;
#5168 = ORIENTED_EDGE ( 'NONE', *, *, #2865, .T. ) ;
#5169 = VECTOR ( 'NONE', #2250, 1000.000000000000000 ) ;
#5170 = VECTOR ( 'NONE', #1888, 1000.000000000000000 ) ;
#5171 = CARTESIAN_POINT ( 'NONE',  ( -8.340485608557001385, 4.515000000000000568, 1.169999999999999707 ) ) ;
#5172 = EDGE_CURVE ( 'NONE', #4813, #6508, #6573, .T. ) ;
#5174 = EDGE_LOOP ( 'NONE', ( #5534, #1792, #4472, #1725, #5574 ) ) ;
#5173 = DIRECTION ( 'NONE',  ( 1.000000000000000000, 0.000000000000000000, 0.000000000000000000 ) ) ;
#5175 = ADVANCED_FACE ( 'NONE', ( #5035 ), #8767, .F. ) ;
#5176 = CARTESIAN_POINT ( 'NONE',  ( -0.3200000000000008393, 7.115000000000001101, 0.3099999999999999423 ) ) ;
#5177 = DIRECTION ( 'NONE',  ( 0.000000000000000000, 0.000000000000000000, 1.000000000000000000 ) ) ;
#5178 = CARTESIAN_POINT ( 'NONE',  ( -2.680000000000001048, 7.115000000000001101, -0.9900000000000004352 ) ) ;
#5179 = DIRECTION ( 'NONE',  ( 1.000000000000000000, 0.000000000000000000, 0.000000000000000000 ) ) ;
#5180 = ORIENTED_EDGE ( 'NONE', *, *, #3890, .F. ) ;
#5181 = EDGE_LOOP ( 'NONE', ( #7670, #2377, #3845, #5425 ) ) ;
#5182 = LINE ( 'NONE', #8217, #3082 ) ;
#5183 = ADVANCED_FACE ( 'NONE', ( #1203 ), #2694, .F. ) ;
#5184 = LINE ( 'NONE', #5925, #2821 ) ;
#5185 = EDGE_CURVE ( 'NONE', #1466, #1562, #8813, .T. ) ;
#5186 = CARTESIAN_POINT ( 'NONE',  ( -4.270000000000001350, 3.710000000000000409, 2.319999999999999840 ) ) ;
#5187 = FACE_OUTER_BOUND ( 'NONE', #3398, .T. ) ;
#5188 = EDGE_CURVE ( 'NONE', #5711, #7884, #2084, .T. ) ;
#5189 = CARTESIAN_POINT ( 'NONE',  ( -4.730000000000000426, 6.710000000000000853, 8.920000000000001705 ) ) ;
#5190 = DIRECTION ( 'NONE',  ( -1.000000000000000000, 0.000000000000000000, 0.000000000000000000 ) ) ;
#5191 = EDGE_LOOP ( 'NONE', ( #1958, #4607, #1300, #2732 ) ) ;
#5192 = VERTEX_POINT ( 'NONE', #8067 ) ;
#5193 = ORIENTED_EDGE ( 'NONE', *, *, #5067, .T. ) ;
#5194 = DIRECTION ( 'NONE',  ( -1.000000000000000000, 0.000000000000000000, 0.000000000000000000 ) ) ;
#5195 = CARTESIAN_POINT ( 'NONE',  ( -2.525000000000000799, 0.5100000000000008971, 7.509999999999998899 ) ) ;
#5196 = VECTOR ( 'NONE', #6659, 1000.000000000000000 ) ;
#5197 = DIRECTION ( 'NONE',  ( 1.000000000000000000, 0.000000000000000000, 0.000000000000000000 ) ) ;
#5198 = CARTESIAN_POINT ( 'NONE',  ( -2.525000000000000799, -3.179999999999998828, 4.320000000000000284 ) ) ;
#5199 = DIRECTION ( 'NONE',  ( 1.000000000000000000, 0.000000000000000000, 0.000000000000000000 ) ) ;
#5200 = ORIENTED_EDGE ( 'NONE', *, *, #9022, .T. ) ;
#5201 = ORIENTED_EDGE ( 'NONE', *, *, #6945, .F. ) ;
#5202 = CARTESIAN_POINT ( 'NONE',  ( 3.824999999999999289, 3.365000000000000657, 1.269999999999999796 ) ) ;
#5203 = SURFACE_STYLE_USAGE ( .BOTH. , #767 ) ;
#5204 = EDGE_LOOP ( 'NONE', ( #7103, #5702, #1473, #7634, #6455 ) ) ;
#5205 = VECTOR ( 'NONE', #6271, 1000.000000000000000 ) ;
#5206 = LINE ( 'NONE', #9041, #4944 ) ;
#5207 = ORIENTED_EDGE ( 'NONE', *, *, #4931, .T. ) ;
#5208 = DIRECTION ( 'NONE',  ( 0.000000000000000000, 0.000000000000000000, 1.000000000000000000 ) ) ;
#5209 = PLANE ( 'NONE',  #9467 ) ;
#5210 = AXIS2_PLACEMENT_3D ( 'NONE', #8703, #6358, #987 ) ;
#5211 = CARTESIAN_POINT ( 'NONE',  ( 3.324999999999998845, 5.040000000000000924, 5.750000000000000000 ) ) ;
#5212 = ORIENTED_EDGE ( 'NONE', *, *, #1718, .F. ) ;
#5213 = DIRECTION ( 'NONE',  ( 0.000000000000000000, 0.000000000000000000, -1.000000000000000000 ) ) ;
#5214 = CARTESIAN_POINT ( 'NONE',  ( 0.3199999999999991185, 2.760000000000000675, -0.3199999999999999512 ) ) ;
#5215 = ORIENTED_EDGE ( 'NONE', *, *, #8157, .F. ) ;
#5216 = EDGE_CURVE ( 'NONE', #7605, #7927, #2788, .T. ) ;
#5217 = PLANE ( 'NONE',  #9089 ) ;
#5218 = VECTOR ( 'NONE', #7824, 1000.000000000000000 ) ;
#5219 = CARTESIAN_POINT ( 'NONE',  ( -2.495983159752200642, -2.619615242270999733, 3.319999999999999840 ) ) ;
#5220 = CARTESIAN_POINT ( 'NONE',  ( -5.680000000000000604, 2.760000000000000675, 5.519999999999999574 ) ) ;
#5221 = LINE ( 'NONE', #2332, #6446 ) ;
#5222 = PLANE ( 'NONE',  #6534 ) ;
#5223 = EDGE_LOOP ( 'NONE', ( #2512, #7423, #4938, #6655 ) ) ;
#5224 = CARTESIAN_POINT ( 'NONE',  ( -1.270000000000000906, 6.710000000000000853, 8.920000000000001705 ) ) ;
#5225 = ORIENTED_EDGE ( 'NONE', *, *, #7806, .F. ) ;
#5226 = EDGE_CURVE ( 'NONE', #5030, #9269, #548, .T. ) ;
#5227 = LINE ( 'NONE', #9164, #4847 ) ;
#5228 = CARTESIAN_POINT ( 'NONE',  ( 3.824999999999999289, 3.365000000000000657, 1.169999999999999707 ) ) ;
#5229 = VECTOR ( 'NONE', #5287, 1000.000000000000000 ) ;
#5230 = EDGE_LOOP ( 'NONE', ( #6770, #7040, #8593, #2356 ) ) ;
#5231 = DIRECTION ( 'NONE',  ( 1.000000000000000000, 0.000000000000000000, 0.000000000000000000 ) ) ;
#5232 = CARTESIAN_POINT ( 'NONE',  ( -2.680000000000001048, -2.179999999999998828, -3.319999999999999840 ) ) ;
#5233 = ORIENTED_EDGE ( 'NONE', *, *, #7048, .T. ) ;
#5234 = EDGE_CURVE ( 'NONE', #1369, #5557, #7558, .T. ) ;
#5235 = PLANE ( 'NONE',  #7887 ) ;
#5236 = DIRECTION ( 'NONE',  ( -0.1744369497454954787, 0.1744369497454954787, 0.9690941652527760297 ) ) ;
#5237 = EDGE_LOOP ( 'NONE', ( #6349, #7902, #6611, #2866 ) ) ;
#5238 = VERTEX_POINT ( 'NONE', #8864 ) ;
#5239 = VERTEX_POINT ( 'NONE', #7322 ) ;
#5240 = FACE_OUTER_BOUND ( 'NONE', #4904, .T. ) ;
#5241 = EDGE_CURVE ( 'NONE', #7050, #432, #2037, .T. ) ;
#5242 = DIRECTION ( 'NONE',  ( 0.000000000000000000, 1.000000000000000000, 0.000000000000000000 ) ) ;
#5243 = EDGE_CURVE ( 'NONE', #2263, #7524, #5126, .T. ) ;
#5244 = VECTOR ( 'NONE', #8768, 1000.000000000000000 ) ;
#5245 = EDGE_CURVE ( 'NONE', #8190, #437, #2645, .T. ) ;
#5246 = DIRECTION ( 'NONE',  ( -0.000000000000000000, 1.000000000000000000, 0.000000000000000000 ) ) ;
#5247 = ADVANCED_FACE ( 'NONE', ( #3582 ), #1342, .F. ) ;
#5248 = ORIENTED_EDGE ( 'NONE', *, *, #838, .T. ) ;
#5249 = ORIENTED_EDGE ( 'NONE', *, *, #2700, .F. ) ;
#5250 = ORIENTED_EDGE ( 'NONE', *, *, #9079, .F. ) ;
#5251 = DIRECTION ( 'NONE',  ( 0.000000000000000000, -1.000000000000000000, 0.000000000000000000 ) ) ;
#5252 = DIRECTION ( 'NONE',  ( 0.000000000000000000, 1.000000000000000000, 0.000000000000000000 ) ) ;
#5253 = VERTEX_POINT ( 'NONE', #9473 ) ;
#5254 = VECTOR ( 'NONE', #8608, 1000.000000000000000 ) ;
#5255 = DIRECTION ( 'NONE',  ( 0.000000000000000000, -0.9841833239736893502, 0.1771529983152980714 ) ) ;
#5256 = ORIENTED_EDGE ( 'NONE', *, *, #2841, .T. ) ;
#5257 = FACE_OUTER_BOUND ( 'NONE', #239, .T. ) ;
#5258 = VECTOR ( 'NONE', #870, 1000.000000000000000 ) ;
#5259 = CARTESIAN_POINT ( 'NONE',  ( 1.940485608556998587, 6.620000000000000995, 7.270000000000000462 ) ) ;
#5260 = LINE ( 'NONE', #6053, #700 ) ;
#5261 = VERTEX_POINT ( 'NONE', #5687 ) ;
#5262 = LINE ( 'NONE', #3854, #2301 ) ;
#5263 = LINE ( 'NONE', #7501, #4515 ) ;
#5264 = CARTESIAN_POINT ( 'NONE',  ( 0.3199999999999991185, 1.160000000000000808, -0.3199999999999999512 ) ) ;
#5265 = EDGE_LOOP ( 'NONE', ( #5300, #5151, #7872, #8735 ) ) ;
#5266 = AXIS2_PLACEMENT_3D ( 'NONE', #4396, #6685, #9719 ) ;
#5267 = DIRECTION ( 'NONE',  ( 0.000000000000000000, 0.000000000000000000, -1.000000000000000000 ) ) ;
#5268 = EDGE_CURVE ( 'NONE', #9587, #5389, #8722, .T. ) ;
#5270 = ORIENTED_EDGE ( 'NONE', *, *, #6426, .F. ) ;
#5269 = CARTESIAN_POINT ( 'NONE',  ( -5.680000000000000604, 5.529000000000000803, -3.319999999999999840 ) ) ;
#5271 = LINE ( 'NONE', #4522, #4089 ) ;
#5272 = AXIS2_PLACEMENT_3D ( 'NONE', #9202, #6163, #3166 ) ;
#5273 = DIRECTION ( 'NONE',  ( 0.000000000000000000, 0.000000000000000000, -1.000000000000000000 ) ) ;
#5274 = CARTESIAN_POINT ( 'NONE',  ( -6.320000000000001172, 5.540000000000000924, -0.3199999999999999512 ) ) ;
#5275 = EDGE_CURVE ( 'NONE', #1741, #6578, #7608, .T. ) ;
#5276 = LINE ( 'NONE', #8304, #1435 ) ;
#5277 = ORIENTED_EDGE ( 'NONE', *, *, #5070, .F. ) ;
#5278 = ORIENTED_EDGE ( 'NONE', *, *, #9196, .F. ) ;
#5279 = DIRECTION ( 'NONE',  ( -1.000000000000000000, 0.000000000000000000, 0.000000000000000000 ) ) ;
#5280 = CARTESIAN_POINT ( 'NONE',  ( -5.680000000000000604, 3.620000000000000995, -0.3199999999999999512 ) ) ;
#5281 = EDGE_LOOP ( 'NONE', ( #7895, #1822, #7911, #6135 ) ) ;
#5282 = DIRECTION ( 'NONE',  ( 0.000000000000000000, -1.000000000000000000, 0.000000000000000000 ) ) ;
#5283 = EDGE_CURVE ( 'NONE', #9641, #3198, #2184, .T. ) ;
#5284 = CARTESIAN_POINT ( 'NONE',  ( -1.694337613708001067, -1.749999999999998890, 5.320000000000000284 ) ) ;
#5285 = ORIENTED_EDGE ( 'NONE', *, *, #9743, .T. ) ;
#5286 = DIRECTION ( 'NONE',  ( 0.000000000000000000, -1.000000000000000000, 0.000000000000000000 ) ) ;
#5287 = DIRECTION ( 'NONE',  ( 0.000000000000000000, 1.000000000000000000, 0.000000000000000000 ) ) ;
#5288 = VERTEX_POINT ( 'NONE', #740 ) ;
#5289 = VERTEX_POINT ( 'NONE', #3073 ) ;
#5290 = CARTESIAN_POINT ( 'NONE',  ( -0.1400000000000007905, -3.179999999999998828, 0.1399999999999999301 ) ) ;
#5291 = CARTESIAN_POINT ( 'NONE',  ( -4.179182369108001005, -2.235602391787999466, 3.319999999999999840 ) ) ;
#5292 = VECTOR ( 'NONE', #2565, 1000.000000000000000 ) ;
#5293 = EDGE_CURVE ( 'NONE', #7779, #4049, #5221, .T. ) ;
#5294 = PLANE ( 'NONE',  #2596 ) ;
#5295 = EDGE_LOOP ( 'NONE', ( #5106, #6979, #3773, #5016 ) ) ;
#5296 = AXIS2_PLACEMENT_3D ( 'NONE', #5448, #2610, #2556 ) ;
#5297 = ORIENTED_EDGE ( 'NONE', *, *, #7048, .F. ) ;
#5298 = CARTESIAN_POINT ( 'NONE',  ( -3.562714805387700689, -2.615203068017999399, 5.320000000000000284 ) ) ;
#5299 = CARTESIAN_POINT ( 'NONE',  ( -7.940485608557000141, 7.370000000000000995, 8.920000000000001705 ) ) ;
#5300 = ORIENTED_EDGE ( 'NONE', *, *, #1395, .T. ) ;
#5301 = LINE ( 'NONE', #7452, #7967 ) ;
#5302 = ORIENTED_EDGE ( 'NONE', *, *, #9666, .F. ) ;
#5303 = EDGE_CURVE ( 'NONE', #4623, #9122, #8353, .T. ) ;
#5304 = CARTESIAN_POINT ( 'NONE',  ( -3.320000000000000728, 3.620000000000000995, -0.3199999999999999512 ) ) ;
#5305 = AXIS2_PLACEMENT_3D ( 'NONE', #9564, #4981, #3581 ) ;
#5306 = DIRECTION ( 'NONE',  ( 0.3491090231729219728, 0.9370821148326587968, 0.000000000000000000 ) ) ;
#5307 = DIRECTION ( 'NONE',  ( 0.000000000000000000, -1.000000000000000000, 0.000000000000000000 ) ) ;
#5308 = ORIENTED_EDGE ( 'NONE', *, *, #7618, .F. ) ;
#5309 = DIRECTION ( 'NONE',  ( 0.000000000000000000, 0.000000000000000000, 1.000000000000000000 ) ) ;
#5310 = CARTESIAN_POINT ( 'NONE',  ( -5.680000000000000604, -2.179999999999998828, -2.680000000000000160 ) ) ;
#5311 = ADVANCED_FACE ( 'NONE', ( #6120 ), #2229, .F. ) ;
#5312 = ORIENTED_EDGE ( 'NONE', *, *, #5043, .T. ) ;
#5313 = VECTOR ( 'NONE', #9048, 1000.000000000000000 ) ;
#5314 = VECTOR ( 'NONE', #2599, 1000.000000000000000 ) ;
#5315 = AXIS2_PLACEMENT_3D ( 'NONE', #4222, #5073, #7962 ) ;
#5316 = DIRECTION ( 'NONE',  ( 1.000000000000000000, 0.000000000000000000, 0.000000000000000000 ) ) ;
#5318 = ORIENTED_EDGE ( 'NONE', *, *, #7891, .F. ) ;
#5317 = LINE ( 'NONE', #3216, #8384 ) ;
#5319 = CARTESIAN_POINT ( 'NONE',  ( -5.680000000000000604, 4.260000000000000675, -0.9900000000000004352 ) ) ;
#5320 = PLANE ( 'NONE',  #8961 ) ;
#5321 = LINE ( 'NONE', #7464, #7246 ) ;
#5322 = AXIS2_PLACEMENT_3D ( 'NONE', #379, #2063, #9496 ) ;
#5323 = VECTOR ( 'NONE', #2296, 1000.000000000000000 ) ;
#5324 = CARTESIAN_POINT ( 'NONE',  ( -2.680000000000001048, -3.179999999999998828, -2.680000000000000160 ) ) ;
#5325 = AXIS2_PLACEMENT_3D ( 'NONE', #5722, #9552, #2026 ) ;
#5326 = VERTEX_POINT ( 'NONE', #5970 ) ;
#5327 = EDGE_CURVE ( 'NONE', #4108, #3526, #7420, .T. ) ;
#5328 = ORIENTED_EDGE ( 'NONE', *, *, #3640, .F. ) ;
#5329 = DIRECTION ( 'NONE',  ( 0.000000000000000000, 0.000000000000000000, -1.000000000000000000 ) ) ;
#5330 = AXIS2_PLACEMENT_3D ( 'NONE', #1399, #5332, #8264 ) ;
#5331 = PLANE ( 'NONE',  #3926 ) ;
#5332 = DIRECTION ( 'NONE',  ( -0.000000000000000000, 1.000000000000000000, 0.000000000000000000 ) ) ;
#5333 = DIRECTION ( 'NONE',  ( 1.000000000000000000, 0.000000000000000000, 0.000000000000000000 ) ) ;
#5334 = EDGE_LOOP ( 'NONE', ( #869, #7995, #6860, #9484 ) ) ;
#5335 = CARTESIAN_POINT ( 'NONE',  ( -9.324999999999999289, 0.8900000000000005684, 8.920000000000001705 ) ) ;
#5336 = LINE ( 'NONE', #1498, #3734 ) ;
#5337 = ORIENTED_EDGE ( 'NONE', *, *, #2358, .T. ) ;
#5338 = ORIENTED_EDGE ( 'NONE', *, *, #7382, .T. ) ;
#5339 = ORIENTED_EDGE ( 'NONE', *, *, #4096, .F. ) ;
#5340 = ADVANCED_FACE ( 'NONE', ( #9845 ), #1437, .F. ) ;
#5341 = LINE ( 'NONE', #1557, #7818 ) ;
#5342 = EDGE_CURVE ( 'NONE', #9732, #5831, #9011, .T. ) ;
#5343 = DIRECTION ( 'NONE',  ( 1.000000000000000000, 0.000000000000000000, 0.000000000000000000 ) ) ;
#5344 = LINE ( 'NONE', #6985, #9110 ) ;
#5345 = ORIENTED_EDGE ( 'NONE', *, *, #4348, .T. ) ;
#5346 = VERTEX_POINT ( 'NONE', #6669 ) ;
#5347 = CARTESIAN_POINT ( 'NONE',  ( 2.324999999999998845, 2.940000000000000835, 0.2799999999999998601 ) ) ;
#5348 = PLANE ( 'NONE',  #9623 ) ;
#5349 = ORIENTED_EDGE ( 'NONE', *, *, #9536, .F. ) ;
#5350 = LINE ( 'NONE', #8379, #3808 ) ;
#5351 = ORIENTED_EDGE ( 'NONE', *, *, #2742, .F. ) ;
#5352 = CARTESIAN_POINT ( 'NONE',  ( -0.3200000000000008393, 5.540000000000000924, -0.3199999999999999512 ) ) ;
#5353 = ADVANCED_FACE ( 'NONE', ( #3816 ), #643, .F. ) ;
#5354 = DIRECTION ( 'NONE',  ( 0.000000000000000000, -1.000000000000000000, 0.000000000000000000 ) ) ;
#5355 = PLANE ( 'NONE',  #6267 ) ;
#5356 = ORIENTED_EDGE ( 'NONE', *, *, #9743, .F. ) ;
#5357 = CARTESIAN_POINT ( 'NONE',  ( -5.680000000000000604, 5.529000000000000803, -3.319999999999999840 ) ) ;
#5359 = EDGE_CURVE ( 'NONE', #7524, #7354, #6066, .T. ) ;
#5358 = LINE ( 'NONE', #2221, #6905 ) ;
#5360 = CARTESIAN_POINT ( 'NONE',  ( -4.270000000000001350, 3.710000000000000409, 8.920000000000001705 ) ) ;
#5361 = VECTOR ( 'NONE', #5567, 1000.000000000000000 ) ;
#5362 = ORIENTED_EDGE ( 'NONE', *, *, #4764, .T. ) ;
#5363 = EDGE_CURVE ( 'NONE', #356, #8119, #5373, .T. ) ;
#5364 = EDGE_CURVE ( 'NONE', #2667, #2469, #5321, .T. ) ;
#5365 = CARTESIAN_POINT ( 'NONE',  ( -6.570000000000001172, 4.170000000000000817, 2.319999999999999840 ) ) ;
#5367 = ORIENTED_EDGE ( 'NONE', *, *, #3171, .F. ) ;
#5366 = CARTESIAN_POINT ( 'NONE',  ( -3.320000000000000728, 5.529000000000000803, 0.3099999999999999423 ) ) ;
#5369 = EDGE_CURVE ( 'NONE', #667, #6946, #4475, .T. ) ;
#5368 = DIRECTION ( 'NONE',  ( 0.000000000000000000, -1.000000000000000000, 0.000000000000000000 ) ) ;
#5370 = EDGE_CURVE ( 'NONE', #1949, #3555, #8395, .T. ) ;
#5371 = VECTOR ( 'NONE', #9572, 1000.000000000000000 ) ;
#5372 = LINE ( 'NONE', #6715, #372 ) ;
#5373 = LINE ( 'NONE', #9105, #1202 ) ;
#5374 = CARTESIAN_POINT ( 'NONE',  ( -1.270000000000000906, 3.710000000000000409, 8.920000000000001705 ) ) ;
#5375 = CARTESIAN_POINT ( 'NONE',  ( 1.940269782531774512, 4.515000000000000568, 2.903333333333333321 ) ) ;
#5377 = EDGE_CURVE ( 'NONE', #3214, #6351, #597, .T. ) ;
#5376 = ORIENTED_EDGE ( 'NONE', *, *, #6224, .T. ) ;
#5378 = AXIS2_PLACEMENT_3D ( 'NONE', #2879, #5079, #3673 ) ;
#5379 = CARTESIAN_POINT ( 'NONE',  ( 3.324999999999998845, 1.740000000000000657, 6.769999999999999574 ) ) ;
#5380 = CARTESIAN_POINT ( 'NONE',  ( 1.824999999999999289, 7.370000000000000995, 0.7599999999999997868 ) ) ;
#5381 = LINE ( 'NONE', #3738, #1199 ) ;
#5382 = DIRECTION ( 'NONE',  ( 0.000000000000000000, 1.000000000000000000, 0.000000000000000000 ) ) ;
#5383 = FACE_OUTER_BOUND ( 'NONE', #5295, .T. ) ;
#5384 = VERTEX_POINT ( 'NONE', #5919 ) ;
#5385 = CARTESIAN_POINT ( 'NONE',  ( -3.140000000000001013, -3.179999999999998828, -2.860000000000000764 ) ) ;
#5386 = PLANE ( 'NONE',  #715 ) ;
#5387 = EDGE_CURVE ( 'NONE', #2598, #6531, #8956, .T. ) ;
#5388 = EDGE_LOOP ( 'NONE', ( #1362, #2335, #3682, #6083 ) ) ;
#5389 = VERTEX_POINT ( 'NONE', #6716 ) ;
#5390 = ORIENTED_EDGE ( 'NONE', *, *, #7382, .F. ) ;
#5391 = VECTOR ( 'NONE', #9482, 1000.000000000000000 ) ;
#5392 = DIRECTION ( 'NONE',  ( 0.000000000000000000, 0.000000000000000000, -1.000000000000000000 ) ) ;
#5393 = FACE_OUTER_BOUND ( 'NONE', #3350, .T. ) ;
#5394 = ADVANCED_FACE ( 'NONE', ( #9751 ), #2925, .T. ) ;
#5395 = DIRECTION ( 'NONE',  ( 0.000000000000000000, 1.000000000000000000, 0.000000000000000000 ) ) ;
#5396 = EDGE_LOOP ( 'NONE', ( #6257, #4403, #6145, #916, #1066, #3062 ) ) ;
#5397 = EDGE_LOOP ( 'NONE', ( #9636, #9267, #3610, #1426 ) ) ;
#5398 = ORIENTED_EDGE ( 'NONE', *, *, #2982, .F. ) ;
#5399 = DIRECTION ( 'NONE',  ( 0.000000000000000000, 1.000000000000000000, 0.000000000000000000 ) ) ;
#5400 = EDGE_CURVE ( 'NONE', #2373, #6117, #7707, .T. ) ;
#5401 = CARTESIAN_POINT ( 'NONE',  ( -0.3200000000000008393, 7.370000000000000995, 0.3099999999999999423 ) ) ;
#5402 = ORIENTED_EDGE ( 'NONE', *, *, #7317, .F. ) ;
#5403 = CARTESIAN_POINT ( 'NONE',  ( -3.320000000000000728, 2.760000000000000675, 2.319999999999999840 ) ) ;
#5404 = ORIENTED_EDGE ( 'NONE', *, *, #3179, .F. ) ;
#5405 = CARTESIAN_POINT ( 'NONE',  ( 3.574999999999999289, 8.673617379884035472E-16, 5.750000000000000000 ) ) ;
#5406 = AXIS2_PLACEMENT_3D ( 'NONE', #7361, #5075, #8060 ) ;
#5407 = LINE ( 'NONE', #3113, #7238 ) ;
#5408 = EDGE_CURVE ( 'NONE', #8238, #2242, #7015, .T. ) ;
#5409 = LINE ( 'NONE', #878, #2292 ) ;
#5410 = ORIENTED_EDGE ( 'NONE', *, *, #3998, .T. ) ;
#5411 = VECTOR ( 'NONE', #4278, 1000.000000000000000 ) ;
#5412 = LINE ( 'NONE', #1576, #8482 ) ;
#5413 = CARTESIAN_POINT ( 'NONE',  ( 3.574999999999999289, 2.840000000000000302, 3.770000000000000018 ) ) ;
#5414 = ORIENTED_EDGE ( 'NONE', *, *, #7415, .T. ) ;
#5415 = DIRECTION ( 'NONE',  ( -1.000000000000000000, 0.000000000000000000, 0.000000000000000000 ) ) ;
#5416 = CIRCLE ( 'NONE', #6838, 1.000000000000000444 ) ;
#5417 = CARTESIAN_POINT ( 'NONE',  ( -2.525000000000000799, -1.749999999999998890, 3.319999999999999840 ) ) ;
#5419 = ORIENTED_EDGE ( 'NONE', *, *, #4986, .F. ) ;
#5418 = CARTESIAN_POINT ( 'NONE',  ( -3.320000000000000728, 0.5100000000000008971, -0.9900000000000004352 ) ) ;
#5420 = CARTESIAN_POINT ( 'NONE',  ( -3.320000000000000728, 4.260000000000000675, -0.3199999999999999512 ) ) ;
#5421 = DIRECTION ( 'NONE',  ( -0.1744369497454954787, -0.9690941652527760297, 0.1744369497454954787 ) ) ;
#5422 = CARTESIAN_POINT ( 'NONE',  ( 2.304999999999998828, 8.673617379884035472E-16, -0.9900000000000004352 ) ) ;
#5423 = DIRECTION ( 'NONE',  ( 0.000000000000000000, -0.1771529983152980714, -0.9841833239736893502 ) ) ;
#5424 = AXIS2_PLACEMENT_3D ( 'NONE', #9546, #2721, #5762 ) ;
#5425 = ORIENTED_EDGE ( 'NONE', *, *, #8655, .T. ) ;
#5426 = EDGE_CURVE ( 'NONE', #1454, #1361, #7117, .T. ) ;
#5427 = CARTESIAN_POINT ( 'NONE',  ( 3.324999999999998845, 0.8900000000000005684, 5.750000000000000000 ) ) ;
#5428 = CARTESIAN_POINT ( 'NONE',  ( 3.324999999999998845, 2.840000000000000302, 7.270000000000000462 ) ) ;
#5429 = VECTOR ( 'NONE', #3016, 1000.000000000000000 ) ;
#5430 = ADVANCED_FACE ( 'NONE', ( #7062 ), #3174, .T. ) ;
#5431 = DIRECTION ( 'NONE',  ( 0.000000000000000000, 0.000000000000000000, 1.000000000000000000 ) ) ;
#5432 = FACE_OUTER_BOUND ( 'NONE', #1999, .T. ) ;
#5433 = LINE ( 'NONE', #151, #1142 ) ;
#5434 = ORIENTED_EDGE ( 'NONE', *, *, #4806, .F. ) ;
#5435 = PLANE ( 'NONE',  #9142 ) ;
#5436 = DIRECTION ( 'NONE',  ( 0.000000000000000000, 0.000000000000000000, -1.000000000000000000 ) ) ;
#5437 = ORIENTED_EDGE ( 'NONE', *, *, #5369, .F. ) ;
#5438 = ORIENTED_EDGE ( 'NONE', *, *, #6376, .F. ) ;
#5439 = EDGE_CURVE ( 'NONE', #1370, #4116, #6914, .T. ) ;
#5440 = CARTESIAN_POINT ( 'NONE',  ( -6.320000000000001172, 5.760000000000001563, 2.319999999999999840 ) ) ;
#5441 = DIRECTION ( 'NONE',  ( 0.9841833239736893502, -0.1771529983152980714, 0.000000000000000000 ) ) ;
#5442 = B_SPLINE_CURVE_WITH_KNOTS ( 'NONE', 3,
 ( #3106, #5449, #5504, #2508 ),
 .UNSPECIFIED., .F., .F.,
 ( 4, 4 ),
 ( 0.000000000000000000, 1.000000000000000000 ),
 .UNSPECIFIED. ) ;
#5443 = LINE ( 'NONE', #964, #4657 ) ;
#5444 = VERTEX_POINT ( 'NONE', #5468 ) ;
#5445 = ORIENTED_EDGE ( 'NONE', *, *, #6338, .F. ) ;
#5446 = VERTEX_POINT ( 'NONE', #892 ) ;
#5447 = ADVANCED_FACE ( 'NONE', ( #4778 ), #3323, .F. ) ;
#5448 = CARTESIAN_POINT ( 'NONE',  ( -2.525000000000000799, 0.5100000000000008971, 0.3099999999999999423 ) ) ;
#5449 = CARTESIAN_POINT ( 'NONE',  ( 1.940431652050611522, 6.093333333333334600, 7.270000000000000462 ) ) ;
#5450 = EDGE_LOOP ( 'NONE', ( #4061, #7247, #3460, #5049 ) ) ;
#5451 = EDGE_CURVE ( 'NONE', #6402, #3290, #3437, .T. ) ;
#5452 = LINE ( 'NONE', #4712, #4612 ) ;
#5453 = EDGE_LOOP ( 'NONE', ( #8898, #1748, #5559, #2059 ) ) ;
#5454 = CARTESIAN_POINT ( 'NONE',  ( 0.1399999999999990696, -3.179999999999998828, 0.1399999999999999301 ) ) ;
#5455 = DIRECTION ( 'NONE',  ( -1.000000000000000000, 0.000000000000000000, 0.000000000000000000 ) ) ;
#5456 = VERTEX_POINT ( 'NONE', #1632 ) ;
#5457 = PLANE ( 'NONE',  #5146 ) ;
#5458 = CARTESIAN_POINT ( 'NONE',  ( -2.680000000000001048, 3.620000000000000995, 0.3099999999999999423 ) ) ;
#5459 = EDGE_LOOP ( 'NONE', ( #9053, #2623, #1968, #3506 ) ) ;
#5460 = CARTESIAN_POINT ( 'NONE',  ( -6.570000000000001172, 1.170000000000000817, 8.920000000000001705 ) ) ;
#5461 = LINE ( 'NONE', #1626, #658 ) ;
#5462 = EDGE_CURVE ( 'NONE', #8081, #8889, #2425, .T. ) ;
#5464 = EDGE_LOOP ( 'NONE', ( #7005, #9804, #3396, #2752 ) ) ;
#5463 = CARTESIAN_POINT ( 'NONE',  ( -7.940485608557000141, 4.515000000000000568, 1.169999999999999707 ) ) ;
#5465 = AXIS2_PLACEMENT_3D ( 'NONE', #6671, #3679, #5179 ) ;
#5466 = FACE_OUTER_BOUND ( 'NONE', #4759, .T. ) ;
#5467 = DIRECTION ( 'NONE',  ( -1.000000000000000000, 0.000000000000000000, 0.000000000000000000 ) ) ;
#5468 = CARTESIAN_POINT ( 'NONE',  ( -1.694337613708001067, -2.099999999999999645, 3.319999999999999840 ) ) ;
#5469 = CARTESIAN_POINT ( 'NONE',  ( -6.320000000000001172, 7.115000000000001101, -0.9900000000000004352 ) ) ;
#5470 = VECTOR ( 'NONE', #3936, 1000.000000000000000 ) ;
#5471 = LINE ( 'NONE', #1791, #320 ) ;
#5472 = VECTOR ( 'NONE', #5766, 1000.000000000000000 ) ;
#5473 = VECTOR ( 'NONE', #4716, 1000.000000000000000 ) ;
#5474 = ORIENTED_EDGE ( 'NONE', *, *, #1178, .T. ) ;
#5475 = EDGE_CURVE ( 'NONE', #7290, #7599, #943, .T. ) ;
#5476 = CARTESIAN_POINT ( 'NONE',  ( 3.324999999999998845, 1.590000000000000746, 6.565744705200000197 ) ) ;
#5477 = DIRECTION ( 'NONE',  ( 0.000000000000000000, 1.000000000000000000, 0.000000000000000000 ) ) ;
#5478 = ADVANCED_BREP_SHAPE_REPRESENTATION ( 'reoriented-430450600', ( #8418, #6882 ), #4655 ) ;
#5479 = AXIS2_PLACEMENT_3D ( 'NONE', #3013, #4562, #6903 ) ;
#5480 = AXIS2_PLACEMENT_3D ( 'NONE', #8186, #5197, #3604 ) ;
#5481 = VECTOR ( 'NONE', #822, 1000.000000000000000 ) ;
#5482 = DIRECTION ( 'NONE',  ( -0.1744369497454954787, -0.1744369497454954787, -0.9690941652527760297 ) ) ;
#5483 = DIRECTION ( 'NONE',  ( -1.000000000000000000, 0.000000000000000000, 0.000000000000000000 ) ) ;
#5484 = CARTESIAN_POINT ( 'NONE',  ( -4.305662386292000932, -1.749999999999998890, 3.319999999999999840 ) ) ;
#5485 = ORIENTED_EDGE ( 'NONE', *, *, #6320, .F. ) ;
#5486 = FACE_OUTER_BOUND ( 'NONE', #4865, .T. ) ;
#5487 = EDGE_LOOP ( 'NONE', ( #1929, #1910, #7682, #1751 ) ) ;
#5488 = ORIENTED_EDGE ( 'NONE', *, *, #8263, .F. ) ;
#5489 = EDGE_CURVE ( 'NONE', #8240, #7172, #2480, .T. ) ;
#5490 = VECTOR ( 'NONE', #7413, 1000.000000000000000 ) ;
#5491 = EDGE_CURVE ( 'NONE', #9742, #1761, #4827, .T. ) ;
#5492 = AXIS2_PLACEMENT_3D ( 'NONE', #4701, #3143, #9329 ) ;
#5493 = FACE_OUTER_BOUND ( 'NONE', #647, .T. ) ;
#5494 = VECTOR ( 'NONE', #7568, 1000.000000000000000 ) ;
#5495 = FACE_OUTER_BOUND ( 'NONE', #8118, .T. ) ;
#5496 = FACE_OUTER_BOUND ( 'NONE', #1663, .T. ) ;
#5497 = ADVANCED_FACE ( 'NONE', ( #2380 ), #6314, .T. ) ;
#5498 = EDGE_CURVE ( 'NONE', #9277, #9641, #1787, .T. ) ;
#5499 = CARTESIAN_POINT ( 'NONE',  ( -2.680000000000001048, 7.370000000000000995, 0.3099999999999999423 ) ) ;
#5500 = ORIENTED_EDGE ( 'NONE', *, *, #9271, .T. ) ;
#5501 = ORIENTED_EDGE ( 'NONE', *, *, #3028, .F. ) ;
#5502 = VERTEX_POINT ( 'NONE', #4673 ) ;
#5503 = LINE ( 'NONE', #8528, #4495 ) ;
#5504 = CARTESIAN_POINT ( 'NONE',  ( 1.940377695544224235, 5.566666666666667318, 7.270000000000000462 ) ) ;
#5505 = ORIENTED_EDGE ( 'NONE', *, *, #2382, .F. ) ;
#5506 = FACE_OUTER_BOUND ( 'NONE', #7811, .T. ) ;
#5507 = ORIENTED_EDGE ( 'NONE', *, *, #2566, .T. ) ;
#5508 = DIRECTION ( 'NONE',  ( 1.000000000000000000, 0.000000000000000000, 0.000000000000000000 ) ) ;
#5509 = DIRECTION ( 'NONE',  ( 1.000000000000000000, 0.000000000000000000, 0.000000000000000000 ) ) ;
#5510 = VERTEX_POINT ( 'NONE', #5422 ) ;
#5511 = ORIENTED_EDGE ( 'NONE', *, *, #2690, .T. ) ;
#5512 = EDGE_LOOP ( 'NONE', ( #1987, #5077, #5256, #5812 ) ) ;
#5513 = DIRECTION ( 'NONE',  ( 0.000000000000000000, 0.000000000000000000, 1.000000000000000000 ) ) ;
#5514 = CARTESIAN_POINT ( 'NONE',  ( -7.940485608557000141, 3.365000000000000657, 1.169999999999999707 ) ) ;
#5515 = ORIENTED_EDGE ( 'NONE', *, *, #2065, .F. ) ;
#5516 = CARTESIAN_POINT ( 'NONE',  ( -9.324999999999999289, 1.530000000000000915, 7.270000000000000462 ) ) ;
#5517 = CARTESIAN_POINT ( 'NONE',  ( -2.680000000000001048, 2.760000000000000675, -0.3199999999999999512 ) ) ;
#5519 = ORIENTED_EDGE ( 'NONE', *, *, #2733, .T. ) ;
#5518 = DIRECTION ( 'NONE',  ( 1.000000000000000000, 0.000000000000000000, 0.000000000000000000 ) ) ;
#5520 = LINE ( 'NONE', #2578, #2816 ) ;
#5521 = FACE_OUTER_BOUND ( 'NONE', #2159, .T. ) ;
#5522 = CARTESIAN_POINT ( 'NONE',  ( -9.324999999999999289, 5.540000000000000924, -0.3199999999999999512 ) ) ;
#5523 = VECTOR ( 'NONE', #9255, 1000.000000000000000 ) ;
#5524 = DIRECTION ( 'NONE',  ( 0.000000000000000000, 0.000000000000000000, -1.000000000000000000 ) ) ;
#5525 = DIRECTION ( 'NONE',  ( 0.000000000000000000, 0.000000000000000000, -1.000000000000000000 ) ) ;
#5526 = ORIENTED_EDGE ( 'NONE', *, *, #4456, .F. ) ;
#5527 = DIRECTION ( 'NONE',  ( 0.000000000000000000, -1.000000000000000000, 0.000000000000000000 ) ) ;
#5528 = VECTOR ( 'NONE', #3800, 1000.000000000000000 ) ;
#5529 = LINE ( 'NONE', #8559, #3301 ) ;
#5530 = DIRECTION ( 'NONE',  ( 1.000000000000000000, 0.000000000000000000, 0.000000000000000000 ) ) ;
#5531 = CARTESIAN_POINT ( 'NONE',  ( -6.320000000000001172, 0.5100000000000008971, 0.3199999999999999512 ) ) ;
#5532 = CARTESIAN_POINT ( 'NONE',  ( 0.3199999999999991185, -2.179999999999998828, 0.3199999999999999512 ) ) ;
#5533 = LINE ( 'NONE', #8514, #8289 ) ;
#5534 = ORIENTED_EDGE ( 'NONE', *, *, #3717, .F. ) ;
#5535 = CARTESIAN_POINT ( 'NONE',  ( -6.320000000000001172, 4.260000000000000675, -0.3199999999999999512 ) ) ;
#5536 = VECTOR ( 'NONE', #1849, 1000.000000000000000 ) ;
#5537 = ORIENTED_EDGE ( 'NONE', *, *, #4888, .T. ) ;
#5538 = ORIENTED_EDGE ( 'NONE', *, *, #6956, .T. ) ;
#5539 = LINE ( 'NONE', #1007, #4362 ) ;
#5540 = DIRECTION ( 'NONE',  ( 0.000000000000000000, 1.000000000000000000, 0.000000000000000000 ) ) ;
#5541 = LINE ( 'NONE', #7676, #7242 ) ;
#5542 = ADVANCED_FACE ( 'NONE', ( #8447 ), #7861, .T. ) ;
#5543 = AXIS2_PLACEMENT_3D ( 'NONE', #2892, #8878, #6681 ) ;
#5544 = DIRECTION ( 'NONE',  ( 1.000000000000000000, 0.000000000000000000, 0.000000000000000000 ) ) ;
#5545 = EDGE_LOOP ( 'NONE', ( #73, #776, #1028, #446 ) ) ;
#5546 = VERTEX_POINT ( 'NONE', #4619 ) ;
#5547 = ORIENTED_EDGE ( 'NONE', *, *, #3502, .F. ) ;
#5548 = CARTESIAN_POINT ( 'NONE',  ( 3.274999999999999467, 1.440000000000000835, 6.591276617050000119 ) ) ;
#5549 = CARTESIAN_POINT ( 'NONE',  ( -3.475000000000000977, -3.054999999999999716, 5.068630492923999142 ) ) ;
#5550 = ORIENTED_EDGE ( 'NONE', *, *, #3364, .T. ) ;
#5551 = EDGE_CURVE ( 'NONE', #7966, #306, #3920, .T. ) ;
#5552 = ADVANCED_FACE ( 'NONE', ( #139 ), #4313, .F. ) ;
#5553 = ORIENTED_EDGE ( 'NONE', *, *, #6948, .T. ) ;
#5554 = ADVANCED_FACE ( 'NONE', ( #391 ), #2820, .F. ) ;
#5555 = CARTESIAN_POINT ( 'NONE',  ( -9.324999999999999289, 8.673617379884035472E-16, -0.9900000000000004352 ) ) ;
#5556 = CARTESIAN_POINT ( 'NONE',  ( -0.3200000000000008393, 5.120000000000000995, 5.519999999999999574 ) ) ;
#5557 = VERTEX_POINT ( 'NONE', #6465 ) ;
#5558 = ORIENTED_EDGE ( 'NONE', *, *, #2985, .T. ) ;
#5559 = ORIENTED_EDGE ( 'NONE', *, *, #4285, .F. ) ;
#5560 = LINE ( 'NONE', #282, #1654 ) ;
#5561 = DIRECTION ( 'NONE',  ( 0.000000000000000000, -1.000000000000000000, 0.000000000000000000 ) ) ;
#5562 = ORIENTED_EDGE ( 'NONE', *, *, #600, .F. ) ;
#5563 = DIRECTION ( 'NONE',  ( 1.000000000000000000, 0.000000000000000000, 0.000000000000000000 ) ) ;
#5564 = FACE_OUTER_BOUND ( 'NONE', #4088, .T. ) ;
#5566 = ORIENTED_EDGE ( 'NONE', *, *, #9521, .F. ) ;
#5565 = LINE ( 'NONE', #7263, #9192 ) ;
#5567 = DIRECTION ( 'NONE',  ( 0.000000000000000000, 0.000000000000000000, -1.000000000000000000 ) ) ;
#5568 = DIRECTION ( 'NONE',  ( 0.000000000000000000, 0.000000000000000000, -1.000000000000000000 ) ) ;
#5569 = DIRECTION ( 'NONE',  ( 1.000000000000000000, 0.000000000000000000, 0.000000000000000000 ) ) ;
#5570 = AXIS2_PLACEMENT_3D ( 'NONE', #5777, #4328, #9658 ) ;
#5571 = CARTESIAN_POINT ( 'NONE',  ( 3.574999999999999289, 5.040000000000000924, 3.770000000000000018 ) ) ;
#5572 = CARTESIAN_POINT ( 'NONE',  ( -0.5700000000000010614, 1.170000000000000817, 2.319999999999999840 ) ) ;
#5573 = LINE ( 'NONE', #4024, #3649 ) ;
#5574 = ORIENTED_EDGE ( 'NONE', *, *, #1438, .F. ) ;
#5575 = ORIENTED_EDGE ( 'NONE', *, *, #672, .F. ) ;
#5576 = VECTOR ( 'NONE', #4652, 1000.000000000000000 ) ;
#5577 = ADVANCED_FACE ( 'NONE', ( #7268 ), #3471, .T. ) ;
#5578 = PLANE ( 'NONE',  #6549 ) ;
#5579 = VECTOR ( 'NONE', #6967, 1000.000000000000000 ) ;
#5580 = LINE ( 'NONE', #8615, #5536 ) ;
#5581 = CIRCLE ( 'NONE', #1927, 0.2500000000000002220 ) ;
#5582 = CARTESIAN_POINT ( 'NONE',  ( 3.324999999999998845, 1.590000000000000746, 6.565744705200000197 ) ) ;
#5583 = PLANE ( 'NONE',  #6522 ) ;
#5584 = DIRECTION ( 'NONE',  ( 0.000000000000000000, 0.000000000000000000, -1.000000000000000000 ) ) ;
#5585 = ORIENTED_EDGE ( 'NONE', *, *, #6982, .T. ) ;
#5586 = VERTEX_POINT ( 'NONE', #9504 ) ;
#5587 = EDGE_LOOP ( 'NONE', ( #4132, #4510, #4303, #3035 ) ) ;
#5588 = CARTESIAN_POINT ( 'NONE',  ( -7.270000000000001350, 6.710000000000000853, 8.920000000000001705 ) ) ;
#5589 = AXIS2_PLACEMENT_3D ( 'NONE', #5517, #8348, #3858 ) ;
#5590 = DIRECTION ( 'NONE',  ( 0.000000000000000000, -1.000000000000000000, 0.000000000000000000 ) ) ;
#5591 = CARTESIAN_POINT ( 'NONE',  ( 0.3199999999999991185, 4.260000000000000675, -0.9900000000000004352 ) ) ;
#5592 = ADVANCED_FACE ( 'NONE', ( #2680 ), #4166, .F. ) ;
#5593 = AXIS2_PLACEMENT_3D ( 'NONE', #7975, #8866, #1205 ) ;
#5594 = CARTESIAN_POINT ( 'NONE',  ( -7.940161869519001492, 2.840000000000000302, 3.770000000000000018 ) ) ;
#5595 = ORIENTED_EDGE ( 'NONE', *, *, #7315, .T. ) ;
#5596 = VERTEX_POINT ( 'NONE', #4264 ) ;
#5597 = ORIENTED_EDGE ( 'NONE', *, *, #9629, .T. ) ;
#5598 = LINE ( 'NONE', #1813, #7371 ) ;
#5599 = ORIENTED_EDGE ( 'NONE', *, *, #5275, .T. ) ;
#5600 = ADVANCED_FACE ( 'NONE', ( #8004 ), #6614, .T. ) ;
#5601 = CARTESIAN_POINT ( 'NONE',  ( -0.3200000000000008393, 4.260000000000000675, -0.9900000000000004352 ) ) ;
#5602 = ADVANCED_FACE ( 'NONE', ( #4220 ), #1092, .F. ) ;
#5603 = ORIENTED_EDGE ( 'NONE', *, *, #5676, .T. ) ;
#5604 = CARTESIAN_POINT ( 'NONE',  ( -6.320000000000001172, 4.260000000000000675, -0.3199999999999999512 ) ) ;
#5605 = LINE ( 'NONE', #9291, #8666 ) ;
#5606 = ORIENTED_EDGE ( 'NONE', *, *, #7397, .F. ) ;
#5607 = ORIENTED_EDGE ( 'NONE', *, *, #508, .F. ) ;
#5608 = CARTESIAN_POINT ( 'NONE',  ( -8.340485608557001385, 3.540000000000000480, 1.269999999999999796 ) ) ;
#5609 = LINE ( 'NONE', #1623, #4370 ) ;
#5610 = ORIENTED_EDGE ( 'NONE', *, *, #4815, .T. ) ;
#5611 = EDGE_CURVE ( 'NONE', #8105, #6331, #9595, .T. ) ;
#5612 = EDGE_CURVE ( 'NONE', #4344, #7092, #8754, .T. ) ;
#5613 = LINE ( 'NONE', #235, #6220 ) ;
#5614 = LINE ( 'NONE', #7854, #7650 ) ;
#5616 = ORIENTED_EDGE ( 'NONE', *, *, #1350, .F. ) ;
#5615 = CARTESIAN_POINT ( 'NONE',  ( -9.324999999999999289, 7.370000000000000995, 7.270000000000000462 ) ) ;
#5617 = CARTESIAN_POINT ( 'NONE',  ( -5.680000000000000604, 4.260000000000000675, -0.3199999999999999512 ) ) ;
#5618 = CIRCLE ( 'NONE', #7938, 0.2500000000000002220 ) ;
#5619 = DIRECTION ( 'NONE',  ( 0.000000000000000000, -1.000000000000000000, 0.000000000000000000 ) ) ;
#5620 = CARTESIAN_POINT ( 'NONE',  ( -9.574999999999999289, 7.370000000000000995, -0.9900000000000004352 ) ) ;
#5621 = EDGE_CURVE ( 'NONE', #7292, #3307, #1932, .T. ) ;
#5622 = PLANE ( 'NONE',  #4457 ) ;
#5623 = CARTESIAN_POINT ( 'NONE',  ( -8.340485608557001385, 4.340000000000000746, 1.169999999999999707 ) ) ;
#5624 = LINE ( 'NONE', #945, #9387 ) ;
#5625 = EDGE_LOOP ( 'NONE', ( #7233, #6390, #4717, #6754 ) ) ;
#5626 = ORIENTED_EDGE ( 'NONE', *, *, #6696, .F. ) ;
#5627 = VECTOR ( 'NONE', #6863, 1000.000000000000000 ) ;
#5628 = PLANE ( 'NONE',  #6856 ) ;
#5629 = DIRECTION ( 'NONE',  ( -1.000000000000000000, 0.000000000000000000, 0.000000000000000000 ) ) ;
#5630 = LINE ( 'NONE', #7179, #2787 ) ;
#5631 = VECTOR ( 'NONE', #9856, 1000.000000000000000 ) ;
#5632 = EDGE_CURVE ( 'NONE', #5326, #6454, #1836, .T. ) ;
#5633 = AXIS2_PLACEMENT_3D ( 'NONE', #6065, #833, #690 ) ;
#5634 = CARTESIAN_POINT ( 'NONE',  ( 3.274999999999999467, 1.590000000000000746, 6.769999999999999574 ) ) ;
#5635 = CARTESIAN_POINT ( 'NONE',  ( 0.3199999999999991185, 3.940000000000000835, 3.964999999999999858 ) ) ;
#5636 = ORIENTED_EDGE ( 'NONE', *, *, #8964, .T. ) ;
#5637 = VERTEX_POINT ( 'NONE', #4877 ) ;
#5638 = ORIENTED_EDGE ( 'NONE', *, *, #2559, .F. ) ;
#5639 = CARTESIAN_POINT ( 'NONE',  ( -4.475000000000000533, 0.5100000000000008971, 7.509999999999998899 ) ) ;
#5640 = AXIS2_PLACEMENT_3D ( 'NONE', #2322, #9096, #7600 ) ;
#5641 = DIRECTION ( 'NONE',  ( 0.000000000000000000, 0.000000000000000000, 1.000000000000000000 ) ) ;
#5642 = AXIS2_PLACEMENT_3D ( 'NONE', #908, #3939, #3295 ) ;
#5643 = AXIS2_PLACEMENT_3D ( 'NONE', #7200, #4250, #1967 ) ;
#5644 = LINE ( 'NONE', #4094, #2497 ) ;
#5645 = VECTOR ( 'NONE', #182, 1000.000000000000000 ) ;
#5646 = VECTOR ( 'NONE', #2321, 1000.000000000000000 ) ;
#5647 = LINE ( 'NONE', #1161, #9211 ) ;
#5648 = VERTEX_POINT ( 'NONE', #7309 ) ;
#5649 = ORIENTED_EDGE ( 'NONE', *, *, #3973, .T. ) ;
#5650 = AXIS2_PLACEMENT_3D ( 'NONE', #487, #7960, #9456 ) ;
#5651 = ORIENTED_EDGE ( 'NONE', *, *, #3952, .T. ) ;
#5652 = EDGE_CURVE ( 'NONE', #2586, #5289, #3517, .T. ) ;
#5653 = DIRECTION ( 'NONE',  ( 0.000000000000000000, 0.000000000000000000, -1.000000000000000000 ) ) ;
#5654 = ORIENTED_EDGE ( 'NONE', *, *, #2382, .T. ) ;
#5655 = PLANE ( 'NONE',  #325 ) ;
#5656 = VECTOR ( 'NONE', #6096, 1000.000000000000000 ) ;
#5657 = EDGE_LOOP ( 'NONE', ( #9535, #268, #8266, #9511 ) ) ;
#5658 = CARTESIAN_POINT ( 'NONE',  ( -2.680000000000001048, 1.160000000000000808, -0.3199999999999999512 ) ) ;
#5659 = EDGE_CURVE ( 'NONE', #2837, #2384, #7914, .T. ) ;
#5660 = EDGE_LOOP ( 'NONE', ( #1003, #188, #2765, #6590 ) ) ;
#5661 = VERTEX_POINT ( 'NONE', #5671 ) ;
#5662 = ORIENTED_EDGE ( 'NONE', *, *, #4681, .F. ) ;
#5663 = DIRECTION ( 'NONE',  ( 0.000000000000000000, 0.000000000000000000, -1.000000000000000000 ) ) ;
#5664 = CARTESIAN_POINT ( 'NONE',  ( 3.574999999999999289, 7.370000000000000995, -0.9900000000000004352 ) ) ;
#5665 = ORIENTED_EDGE ( 'NONE', *, *, #1407, .F. ) ;
#5666 = LINE ( 'NONE', #4161, #3192 ) ;
#5668 = EDGE_LOOP ( 'NONE', ( #7151, #8538, #3459, #4969, #3280 ) ) ;
#5667 = LINE ( 'NONE', #4162, #1400 ) ;
#5669 = CARTESIAN_POINT ( 'NONE',  ( -2.680000000000001048, -2.179999999999998828, 0.3099999999999999423 ) ) ;
#5670 = CARTESIAN_POINT ( 'NONE',  ( -7.940161869519001492, 5.040000000000000924, 3.770000000000000018 ) ) ;
#5671 = CARTESIAN_POINT ( 'NONE',  ( -2.680000000000001048, 2.760000000000000675, 5.519999999999999574 ) ) ;
#5672 = EDGE_CURVE ( 'NONE', #2598, #1077, #4119, .T. ) ;
#5673 = EDGE_CURVE ( 'NONE', #4913, #633, #8495, .T. ) ;
#5674 = DIRECTION ( 'NONE',  ( 0.000000000000000000, 0.000000000000000000, -1.000000000000000000 ) ) ;
#5675 = FACE_OUTER_BOUND ( 'NONE', #31, .T. ) ;
#5676 = EDGE_CURVE ( 'NONE', #7290, #3957, #2633, .T. ) ;
#5677 = CARTESIAN_POINT ( 'NONE',  ( -3.700000000000001066, 7.370000000000000995, 5.219999999999999751 ) ) ;
#5678 = LINE ( 'NONE', #9411, #4448 ) ;
#5679 = ORIENTED_EDGE ( 'NONE', *, *, #193, .F. ) ;
#5680 = ORIENTED_EDGE ( 'NONE', *, *, #3714, .F. ) ;
#5681 = ADVANCED_FACE ( 'NONE', ( #4924 ), #1187, .T. ) ;
#5682 = EDGE_CURVE ( 'NONE', #930, #3690, #2114, .T. ) ;
#5683 = CARTESIAN_POINT ( 'NONE',  ( -0.2300000000000010369, -2.679999999999999272, -3.000000000000000000 ) ) ;
#5684 = EDGE_CURVE ( 'NONE', #3526, #6033, #8243, .T. ) ;
#5685 = CARTESIAN_POINT ( 'NONE',  ( -6.320000000000001172, -2.179999999999998828, -3.319999999999999840 ) ) ;
#5686 = VECTOR ( 'NONE', #8605, 1000.000000000000000 ) ;
#5687 = CARTESIAN_POINT ( 'NONE',  ( -3.140000000000001013, -3.179999999999998828, -0.1400000000000003741 ) ) ;
#5688 = CARTESIAN_POINT ( 'NONE',  ( -6.320000000000001172, 7.115000000000001101, 0.3099999999999999423 ) ) ;
#5689 = ADVANCED_FACE ( 'NONE', ( #4463 ), #3007, .F. ) ;
#5690 = CARTESIAN_POINT ( 'NONE',  ( 0.3199999999999991185, 5.760000000000001563, 6.519999999999999574 ) ) ;
#5691 = ORIENTED_EDGE ( 'NONE', *, *, #616, .T. ) ;
#5692 = EDGE_LOOP ( 'NONE', ( #2035, #4149, #118, #6807 ) ) ;
#5693 = VECTOR ( 'NONE', #8076, 1000.000000000000000 ) ;
#5694 = CARTESIAN_POINT ( 'NONE',  ( -6.320000000000001172, 5.540000000000000924, -0.3199999999999999512 ) ) ;
#5695 = CARTESIAN_POINT ( 'NONE',  ( 3.324999999999998845, 3.940000000000000835, 3.964999999999999858 ) ) ;
#5696 = VECTOR ( 'NONE', #6129, 1000.000000000000000 ) ;
#5697 = CARTESIAN_POINT ( 'NONE',  ( -7.940485608557000141, 6.093333333333334600, 7.270000000000000462 ) ) ;
#5698 = ORIENTED_EDGE ( 'NONE', *, *, #4579, .F. ) ;
#5699 = ORIENTED_EDGE ( 'NONE', *, *, #9324, .T. ) ;
#5700 = ORIENTED_EDGE ( 'NONE', *, *, #7436, .F. ) ;
#5701 = DIRECTION ( 'NONE',  ( 0.7660444431190069903, 0.000000000000000000, -0.6427876096865049460 ) ) ;
#5702 = ORIENTED_EDGE ( 'NONE', *, *, #5551, .F. ) ;
#5703 = VECTOR ( 'NONE', #6411, 1000.000000000000000 ) ;
#5704 = CARTESIAN_POINT ( 'NONE',  ( 0.3199999999999991185, 2.760000000000000675, 2.319999999999999840 ) ) ;
#5705 = VERTEX_POINT ( 'NONE', #6004 ) ;
#5706 = ADVANCED_FACE ( 'NONE', ( #5163 ), #6660, .T. ) ;
#5707 = ADVANCED_FACE ( 'NONE', ( #677 ), #8202, .F. ) ;
#5708 = CARTESIAN_POINT ( 'NONE',  ( -8.340485608557001385, 4.515000000000000568, 1.269999999999999796 ) ) ;
#5709 = VERTEX_POINT ( 'NONE', #3755 ) ;
#5710 = ORIENTED_EDGE ( 'NONE', *, *, #9199, .T. ) ;
#5711 = VERTEX_POINT ( 'NONE', #9689 ) ;
#5712 = DIRECTION ( 'NONE',  ( 1.000000000000000000, 0.000000000000000000, 0.000000000000000000 ) ) ;
#5713 = CARTESIAN_POINT ( 'NONE',  ( -5.680000000000000604, 2.120000000000000995, 0.3199999999999999512 ) ) ;
#5714 = EDGE_LOOP ( 'NONE', ( #8377, #4855, #5538, #5849 ) ) ;
#5715 = AXIS2_PLACEMENT_3D ( 'NONE', #2551, #1808, #4854 ) ;
#5716 = CARTESIAN_POINT ( 'NONE',  ( -1.730000000000000870, 6.710000000000000853, 8.920000000000001705 ) ) ;
#5718 = ORIENTED_EDGE ( 'NONE', *, *, #5676, .F. ) ;
#5717 = LINE ( 'NONE', #1928, #1886 ) ;
#5719 = DIRECTION ( 'NONE',  ( 0.000000000000000000, -1.000000000000000000, 0.000000000000000000 ) ) ;
#5720 = EDGE_CURVE ( 'NONE', #920, #9650, #3710, .T. ) ;
#5721 = DIRECTION ( 'NONE',  ( 0.000000000000000000, 0.000000000000000000, 1.000000000000000000 ) ) ;
#5722 = CARTESIAN_POINT ( 'NONE',  ( -3.320000000000000728, 7.370000000000000995, -0.9900000000000004352 ) ) ;
#5723 = CARTESIAN_POINT ( 'NONE',  ( -1.270000000000000906, 1.870000000000000995, 8.920000000000001705 ) ) ;
#5724 = LINE ( 'NONE', #9409, #4044 ) ;
#5725 = PLANE ( 'NONE',  #2918 ) ;
#5726 = FACE_OUTER_BOUND ( 'NONE', #155, .T. ) ;
#5727 = ORIENTED_EDGE ( 'NONE', *, *, #2933, .F. ) ;
#5728 = VERTEX_POINT ( 'NONE', #8337 ) ;
#5729 = LINE ( 'NONE', #1149, #984 ) ;
#5730 = DIRECTION ( 'NONE',  ( 0.000000000000000000, 0.000000000000000000, -1.000000000000000000 ) ) ;
#5731 = VECTOR ( 'NONE', #7128, 1000.000000000000000 ) ;
#5732 = DIRECTION ( 'NONE',  ( 1.000000000000000000, 0.000000000000000000, 0.000000000000000000 ) ) ;
#5733 = DIRECTION ( 'NONE',  ( 0.000000000000000000, 0.000000000000000000, -1.000000000000000000 ) ) ;
#5734 = CARTESIAN_POINT ( 'NONE',  ( 3.324999999999998845, 5.040000000000000924, 7.270000000000000462 ) ) ;
#5735 = CARTESIAN_POINT ( 'NONE',  ( -9.324999999999999289, 8.673617379884035472E-16, -0.9900000000000004352 ) ) ;
#5736 = ORIENTED_EDGE ( 'NONE', *, *, #2178, .F. ) ;
#5737 = ORIENTED_EDGE ( 'NONE', *, *, #605, .F. ) ;
#5738 = AXIS2_PLACEMENT_3D ( 'NONE', #3770, #9846, #742 ) ;
#5739 = CARTESIAN_POINT ( 'NONE',  ( -3.320000000000000728, 4.889000000000001123, 0.3099999999999999423 ) ) ;
#5740 = CARTESIAN_POINT ( 'NONE',  ( 0.3199999999999991185, 5.529000000000000803, -0.3199999999999999512 ) ) ;
#5741 = ADVANCED_FACE ( 'NONE', ( #8901 ), #7547, .T. ) ;
#5742 = VECTOR ( 'NONE', #7944, 1000.000000000000000 ) ;
#5743 = DIRECTION ( 'NONE',  ( 0.000000000000000000, 0.000000000000000000, -1.000000000000000000 ) ) ;
#5744 = ADVANCED_FACE ( 'NONE', ( #9044 ), #5209, .F. ) ;
#5745 = DIRECTION ( 'NONE',  ( 0.000000000000000000, 0.000000000000000000, 1.000000000000000000 ) ) ;
#5746 = VECTOR ( 'NONE', #5540, 1000.000000000000000 ) ;
#5747 = ORIENTED_EDGE ( 'NONE', *, *, #7018, .F. ) ;
#5748 = ORIENTED_EDGE ( 'NONE', *, *, #3835, .F. ) ;
#5749 = ORIENTED_EDGE ( 'NONE', *, *, #7415, .F. ) ;
#5750 = PLANE ( 'NONE',  #8273 ) ;
#5751 = ORIENTED_EDGE ( 'NONE', *, *, #5065, .F. ) ;
#5752 = AXIS2_PLACEMENT_3D ( 'NONE', #9051, #6666, #5267 ) ;
#5753 = ADVANCED_FACE ( 'NONE', ( #7455 ), #5115, .T. ) ;
#5754 = LINE ( 'NONE', #9537, #542 ) ;
#5755 = DIRECTION ( 'NONE',  ( 0.000000000000000000, 0.000000000000000000, 1.000000000000000000 ) ) ;
#5756 = VERTEX_POINT ( 'NONE', #631 ) ;
#5757 = EDGE_LOOP ( 'NONE', ( #7992, #2272, #6718, #7848 ) ) ;
#5758 = ORIENTED_EDGE ( 'NONE', *, *, #451, .F. ) ;
#5759 = DIRECTION ( 'NONE',  ( -1.000000000000000000, 0.000000000000000000, 0.000000000000000000 ) ) ;
#5760 = DIRECTION ( 'NONE',  ( 0.000000000000000000, -1.000000000000000000, 0.000000000000000000 ) ) ;
#5761 = ORIENTED_EDGE ( 'NONE', *, *, #4428, .F. ) ;
#5762 = DIRECTION ( 'NONE',  ( 0.000000000000000000, 1.000000000000000000, 0.000000000000000000 ) ) ;
#5764 = EDGE_LOOP ( 'NONE', ( #3189, #7291, #1162, #4909 ) ) ;
#5763 = CARTESIAN_POINT ( 'NONE',  ( 1.269999999999999352, 3.710000000000000409, 2.319999999999999840 ) ) ;
#5765 = DIRECTION ( 'NONE',  ( 0.000000000000000000, 0.000000000000000000, 1.000000000000000000 ) ) ;
#5766 = DIRECTION ( 'NONE',  ( -1.000000000000000000, 0.000000000000000000, 0.000000000000000000 ) ) ;
#5767 = DIRECTION ( 'NONE',  ( 0.000000000000000000, -1.000000000000000000, 0.000000000000000000 ) ) ;
#5768 = DIRECTION ( 'NONE',  ( -0.7071067811865475727, 0.7071067811865475727, 0.000000000000000000 ) ) ;
#5769 = DIRECTION ( 'NONE',  ( 0.000000000000000000, 1.000000000000000000, 0.000000000000000000 ) ) ;
#5770 = DIRECTION ( 'NONE',  ( 0.000000000000000000, 1.000000000000000000, 0.000000000000000000 ) ) ;
#5771 = ORIENTED_EDGE ( 'NONE', *, *, #2538, .T. ) ;
#5772 = EDGE_CURVE ( 'NONE', #5261, #2666, #6704, .T. ) ;
#5773 = DIRECTION ( 'NONE',  ( 0.000000000000000000, 1.000000000000000000, 0.000000000000000000 ) ) ;
#5774 = DIRECTION ( 'NONE',  ( -0.1744369497454954787, 0.1744369497454954787, 0.9690941652527760297 ) ) ;
#5775 = FACE_OUTER_BOUND ( 'NONE', #6165, .T. ) ;
#5776 = CARTESIAN_POINT ( 'NONE',  ( 2.640485608556998987, 4.340000000000000746, 1.269999999999999796 ) ) ;
#5777 = CARTESIAN_POINT ( 'NONE',  ( -3.700000000000001066, 8.769999999999999574, 5.969999999999999751 ) ) ;
#5778 =( GEOMETRIC_REPRESENTATION_CONTEXT ( 3 ) GLOBAL_UNCERTAINTY_ASSIGNED_CONTEXT ( ( #6811 ) ) GLOBAL_UNIT_ASSIGNED_CONTEXT ( ( #4954, #6546, #8083 ) ) REPRESENTATION_CONTEXT ( 'NONE', 'WORKASPACE' ) );
#5779 = ADVANCED_FACE ( 'NONE', ( #6052 ), #2170, .T. ) ;
#5780 = CARTESIAN_POINT ( 'NONE',  ( -7.825000000000001954, 7.115000000000001101, 0.7599999999999997868 ) ) ;
#5781 = ORIENTED_EDGE ( 'NONE', *, *, #7182, .T. ) ;
#5782 = ORIENTED_EDGE ( 'NONE', *, *, #2248, .T. ) ;
#5783 = LINE ( 'NONE', #8729, #9617 ) ;
#5784 = LINE ( 'NONE', #9527, #7283 ) ;
#5785 = CARTESIAN_POINT ( 'NONE',  ( -6.320000000000001172, 1.160000000000000808, -0.9900000000000004352 ) ) ;
#5786 = VECTOR ( 'NONE', #4379, 1000.000000000000000 ) ;
#5787 = DIRECTION ( 'NONE',  ( 1.000000000000000000, 0.000000000000000000, 0.000000000000000000 ) ) ;
#5788 = ADVANCED_FACE ( 'NONE', ( #3801 ), #6849, .T. ) ;
#5789 = EDGE_CURVE ( 'NONE', #1107, #8043, #1329, .T. ) ;
#5790 = PLANE ( 'NONE',  #4269 ) ;
#5791 = ORIENTED_EDGE ( 'NONE', *, *, #2137, .F. ) ;
#5792 = VERTEX_POINT ( 'NONE', #3664 ) ;
#5793 = ORIENTED_EDGE ( 'NONE', *, *, #6523, .F. ) ;
#5794 = EDGE_CURVE ( 'NONE', #6548, #640, #4762, .T. ) ;
#5795 = VECTOR ( 'NONE', #8699, 1000.000000000000227 ) ;
#5796 = VECTOR ( 'NONE', #4072, 1000.000000000000000 ) ;
#5797 = VECTOR ( 'NONE', #6753, 1000.000000000000000 ) ;
#5798 = CARTESIAN_POINT ( 'NONE',  ( 3.574999999999999289, 5.040000000000000924, 3.770000000000000018 ) ) ;
#5799 = EDGE_CURVE ( 'NONE', #7941, #5661, #7747, .T. ) ;
#5800 = EDGE_CURVE ( 'NONE', #3210, #6078, #9242, .T. ) ;
#5801 = ORIENTED_EDGE ( 'NONE', *, *, #7240, .F. ) ;
#5802 = VECTOR ( 'NONE', #130, 1000.000000000000000 ) ;
#5803 = VECTOR ( 'NONE', #6467, 1000.000000000000000 ) ;
#5804 = AXIS2_PLACEMENT_3D ( 'NONE', #5861, #9645, #6515 ) ;
#5805 = DIRECTION ( 'NONE',  ( 0.000000000000000000, 1.000000000000000000, 0.000000000000000000 ) ) ;
#5806 = CARTESIAN_POINT ( 'NONE',  ( 0.1399999999999990696, 5.580000000000000959, 6.519999999999999574 ) ) ;
#5807 = ORIENTED_EDGE ( 'NONE', *, *, #600, .T. ) ;
#5808 = EDGE_LOOP ( 'NONE', ( #2105, #3666, #2087, #2964 ) ) ;
#5809 = ORIENTED_EDGE ( 'NONE', *, *, #5031, .F. ) ;
#5810 = DIRECTION ( 'NONE',  ( -1.000000000000000000, 0.000000000000000000, 0.000000000000000000 ) ) ;
#5811 = CARTESIAN_POINT ( 'NONE',  ( 2.640485608556998987, 3.540000000000000480, 1.169999999999999707 ) ) ;
#5812 = ORIENTED_EDGE ( 'NONE', *, *, #9515, .F. ) ;
#5813 = STYLED_ITEM ( 'NONE', ( #6842 ), #8418 ) ;
#5814 = AXIS2_PLACEMENT_3D ( 'NONE', #573, #7484, #6785 ) ;
#5815 = CARTESIAN_POINT ( 'NONE',  ( -9.324999999999999289, 5.040000000000000924, 5.750000000000000000 ) ) ;
#5816 = VECTOR ( 'NONE', #9565, 1000.000000000000000 ) ;
#5817 = ORIENTED_EDGE ( 'NONE', *, *, #663, .F. ) ;
#5818 = EDGE_CURVE ( 'NONE', #2847, #8119, #6899, .T. ) ;
#5819 = DIRECTION ( 'NONE',  ( 0.000000000000000000, -0.9841833239736893502, 0.1771529983152980714 ) ) ;
#5820 = DIRECTION ( 'NONE',  ( 0.000000000000000000, 0.000000000000000000, 1.000000000000000000 ) ) ;
#5821 = CARTESIAN_POINT ( 'NONE',  ( -6.320000000000001172, 7.370000000000000995, 0.3099999999999999423 ) ) ;
#5822 = FACE_OUTER_BOUND ( 'NONE', #660, .T. ) ;
#5823 = CARTESIAN_POINT ( 'NONE',  ( -2.690000000000000835, -2.235555555555999163, 0.3099999999999999423 ) ) ;
#5824 = EDGE_LOOP ( 'NONE', ( #1442, #4659, #3368, #9783 ) ) ;
#5825 = LINE ( 'NONE', #2969, #2245 ) ;
#5826 = DIRECTION ( 'NONE',  ( 0.000000000000000000, 0.000000000000000000, 1.000000000000000000 ) ) ;
#5827 = CARTESIAN_POINT ( 'NONE',  ( 3.574999999999999289, 2.940000000000000835, -0.3199999999999999512 ) ) ;
#5828 = DIRECTION ( 'NONE',  ( -0.6389710663782904865, 0.000000000000000000, -0.7692307692307883693 ) ) ;
#5829 = FACE_OUTER_BOUND ( 'NONE', #9638, .T. ) ;
#5830 = PLANE ( 'NONE',  #5593 ) ;
#5831 = VERTEX_POINT ( 'NONE', #276 ) ;
#5832 = ORIENTED_EDGE ( 'NONE', *, *, #1111, .T. ) ;
#5833 = DIRECTION ( 'NONE',  ( -1.000000000000000000, 0.000000000000000000, 0.000000000000000000 ) ) ;
#5834 = CARTESIAN_POINT ( 'NONE',  ( 3.324999999999998845, 8.673617379884035472E-16, 0.6099999999999998757 ) ) ;
#5835 = DIRECTION ( 'NONE',  ( 0.000000000000000000, 1.000000000000000000, 0.000000000000000000 ) ) ;
#5836 = EDGE_CURVE ( 'NONE', #3958, #6298, #976, .T. ) ;
#5837 = DIRECTION ( 'NONE',  ( 0.000000000000000000, 0.000000000000000000, -1.000000000000000000 ) ) ;
#5838 = AXIS2_PLACEMENT_3D ( 'NONE', #8124, #1630, #6016 ) ;
#5839 = LINE ( 'NONE', #2048, #2839 ) ;
#5840 = ORIENTED_EDGE ( 'NONE', *, *, #6568, .F. ) ;
#5841 = ORIENTED_EDGE ( 'NONE', *, *, #6769, .F. ) ;
#5842 = ORIENTED_EDGE ( 'NONE', *, *, #7445, .F. ) ;
#5843 = CARTESIAN_POINT ( 'NONE',  ( -9.574999999999999289, 2.940000000000000835, 0.2799999999999998601 ) ) ;
#5844 = LINE ( 'NONE', #2613, #3981 ) ;
#5845 = VECTOR ( 'NONE', #8218, 1000.000000000000000 ) ;
#5846 = DIRECTION ( 'NONE',  ( 1.000000000000000000, 0.000000000000000000, 0.000000000000000000 ) ) ;
#5847 = LINE ( 'NONE', #5056, #3400 ) ;
#5848 = EDGE_CURVE ( 'NONE', #409, #7328, #4373, .T. ) ;
#5849 = ORIENTED_EDGE ( 'NONE', *, *, #7990, .F. ) ;
#5850 = ORIENTED_EDGE ( 'NONE', *, *, #4895, .F. ) ;
#5851 = VERTEX_POINT ( 'NONE', #2413 ) ;
#5852 = CARTESIAN_POINT ( 'NONE',  ( -6.140000000000001457, -3.179999999999998828, -3.140000000000000568 ) ) ;
#5853 = CARTESIAN_POINT ( 'NONE',  ( -2.525000000000000799, 8.673617379884035472E-16, 4.320000000000000284 ) ) ;
#5854 = EDGE_CURVE ( 'NONE', #8795, #2875, #2366, .T. ) ;
#5855 = VECTOR ( 'NONE', #1248, 1000.000000000000000 ) ;
#5856 = ORIENTED_EDGE ( 'NONE', *, *, #6040, .F. ) ;
#5857 = DIRECTION ( 'NONE',  ( -1.000000000000000000, 0.000000000000000000, 0.000000000000000000 ) ) ;
#5858 = ORIENTED_EDGE ( 'NONE', *, *, #3164, .T. ) ;
#5859 = CARTESIAN_POINT ( 'NONE',  ( -6.570000000000001172, 4.170000000000000817, 2.319999999999999840 ) ) ;
#5860 = EDGE_CURVE ( 'NONE', #7704, #2895, #3206, .T. ) ;
#5861 = CARTESIAN_POINT ( 'NONE',  ( 3.324999999999998845, 3.940000000000000835, 3.964999999999999858 ) ) ;
#5862 = CARTESIAN_POINT ( 'NONE',  ( -3.320000000000000728, 7.115000000000001101, -0.9900000000000004352 ) ) ;
#5863 = DIRECTION ( 'NONE',  ( 0.000000000000000000, 0.000000000000000000, 1.000000000000000000 ) ) ;
#5864 = CARTESIAN_POINT ( 'NONE',  ( -6.320000000000001172, 2.760000000000000675, 0.3099999999999999423 ) ) ;
#5865 = EDGE_CURVE ( 'NONE', #6078, #2108, #5407, .T. ) ;
#5866 = VECTOR ( 'NONE', #4342, 1000.000000000000227 ) ;
#5867 = ORIENTED_EDGE ( 'NONE', *, *, #3179, .T. ) ;
#5868 = LINE ( 'NONE', #8908, #9080 ) ;
#5870 = VERTEX_POINT ( 'NONE', #9290 ) ;
#5869 = PLANE ( 'NONE',  #9354 ) ;
#5871 = LINE ( 'NONE', #1201, #9602 ) ;
#5872 = DIRECTION ( 'NONE',  ( -1.000000000000000000, 0.000000000000000000, 0.000000000000000000 ) ) ;
#5873 = LINE ( 'NONE', #7279, #5244 ) ;
#5874 = DIRECTION ( 'NONE',  ( -1.000000000000000000, 0.000000000000000000, 0.000000000000000000 ) ) ;
#5875 = VERTEX_POINT ( 'NONE', #6996 ) ;
#5876 = ADVANCED_FACE ( 'NONE', ( #7047 ), #6247, .T. ) ;
#5877 = EDGE_LOOP ( 'NONE', ( #8836, #7273, #9541, #6987 ) ) ;
#5878 = CARTESIAN_POINT ( 'NONE',  ( -2.680000000000001048, 5.529000000000000803, -0.3199999999999999512 ) ) ;
#5879 = DIRECTION ( 'NONE',  ( 1.000000000000000000, 0.000000000000000000, 0.000000000000000000 ) ) ;
#5880 = FACE_OUTER_BOUND ( 'NONE', #6533, .T. ) ;
#5881 = VECTOR ( 'NONE', #4583, 1000.000000000000000 ) ;
#5882 = CARTESIAN_POINT ( 'NONE',  ( -7.940485608557000141, 6.620000000000000995, 7.270000000000000462 ) ) ;
#5883 = LINE ( 'NONE', #8127, #3954 ) ;
#5884 = ORIENTED_EDGE ( 'NONE', *, *, #5498, .F. ) ;
#5885 = VERTEX_POINT ( 'NONE', #8433 ) ;
#5886 = ORIENTED_EDGE ( 'NONE', *, *, #1797, .F. ) ;
#5887 = AXIS2_PLACEMENT_3D ( 'NONE', #3951, #71, #120 ) ;
#5888 = EDGE_CURVE ( 'NONE', #2009, #7605, #4605, .T. ) ;
#5889 = PLANE ( 'NONE',  #5 ) ;
#5890 = DIRECTION ( 'NONE',  ( 0.000000000000000000, 0.000000000000000000, 1.000000000000000000 ) ) ;
#5891 = AXIS2_PLACEMENT_3D ( 'NONE', #6610, #1926, #7262 ) ;
#5892 = CARTESIAN_POINT ( 'NONE',  ( 3.324999999999998845, 7.370000000000000995, 7.270000000000000462 ) ) ;
#5893 = LINE ( 'NONE', #5055, #9284 ) ;
#5894 = LINE ( 'NONE', #2102, #7677 ) ;
#5895 = ORIENTED_EDGE ( 'NONE', *, *, #6217, .F. ) ;
#5896 = VERTEX_POINT ( 'NONE', #8535 ) ;
#5897 = EDGE_CURVE ( 'NONE', #8645, #612, #2465, .T. ) ;
#5898 = ORIENTED_EDGE ( 'NONE', *, *, #2113, .F. ) ;
#5899 = PLANE ( 'NONE',  #393 ) ;
#5900 = CARTESIAN_POINT ( 'NONE',  ( -8.640485608557000319, 4.340000000000000746, 1.269999999999999796 ) ) ;
#5901 = ORIENTED_EDGE ( 'NONE', *, *, #5632, .F. ) ;
#5902 = ADVANCED_FACE ( 'NONE', ( #1723 ), #3260, .T. ) ;
#5903 = CARTESIAN_POINT ( 'NONE',  ( 0.3199999999999991185, 4.889000000000001123, -2.680000000000000160 ) ) ;
#5904 = VECTOR ( 'NONE', #4420, 1000.000000000000000 ) ;
#5905 = ORIENTED_EDGE ( 'NONE', *, *, #3294, .T. ) ;
#5906 = CARTESIAN_POINT ( 'NONE',  ( -8.673617379884035472E-16, -2.679999999999999272, -0.2300000000000001765 ) ) ;
#5907 = DIRECTION ( 'NONE',  ( 0.000000000000000000, 1.000000000000000000, 0.000000000000000000 ) ) ;
#5908 = CARTESIAN_POINT ( 'NONE',  ( -0.3200000000000008393, -2.179999999999998828, -3.319999999999999840 ) ) ;
#5910 = ADVANCED_FACE ( 'NONE', ( #4058 ), #2513, .T. ) ;
#5909 = LINE ( 'NONE', #4223, #1491 ) ;
#5911 = CARTESIAN_POINT ( 'NONE',  ( -5.680000000000000604, 5.529000000000000803, -0.3199999999999999512 ) ) ;
#5912 = ORIENTED_EDGE ( 'NONE', *, *, #7933, .F. ) ;
#5913 = ADVANCED_FACE ( 'NONE', ( #4809 ), #8383, .F. ) ;
#5914 = CARTESIAN_POINT ( 'NONE',  ( -0.3200000000000008393, 7.370000000000000995, -0.9900000000000004352 ) ) ;
#5916 = VERTEX_POINT ( 'NONE', #1572 ) ;
#5915 = LINE ( 'NONE', #1338, #6970 ) ;
#5917 = EDGE_CURVE ( 'NONE', #6896, #368, #7644, .T. ) ;
#5918 = DIRECTION ( 'NONE',  ( 1.000000000000000000, 0.000000000000000000, 0.000000000000000000 ) ) ;
#5919 = CARTESIAN_POINT ( 'NONE',  ( 0.3199999999999991185, 0.5100000000000008971, -0.9900000000000004352 ) ) ;
#5920 = LINE ( 'NONE', #8957, #9851 ) ;
#5921 = CARTESIAN_POINT ( 'NONE',  ( -3.320000000000000728, 4.889000000000001123, -0.3199999999999999512 ) ) ;
#5922 = ORIENTED_EDGE ( 'NONE', *, *, #6711, .T. ) ;
#5923 = ORIENTED_EDGE ( 'NONE', *, *, #3973, .F. ) ;
#5924 = CARTESIAN_POINT ( 'NONE',  ( 3.574999999999999289, 2.940000000000000835, 0.2799999999999998601 ) ) ;
#5925 = CARTESIAN_POINT ( 'NONE',  ( -5.680000000000000604, 5.120000000000000995, 5.519999999999999574 ) ) ;
#5926 = DIRECTION ( 'NONE',  ( 0.000000000000000000, 1.000000000000000000, 0.000000000000000000 ) ) ;
#5927 = VECTOR ( 'NONE', #1661, 1000.000000000000000 ) ;
#5928 = DIRECTION ( 'NONE',  ( 0.1744369497454954787, 0.1744369497454954787, -0.9690941652527760297 ) ) ;
#5929 = LINE ( 'NONE', #8173, #411 ) ;
#5930 = CARTESIAN_POINT ( 'NONE',  ( -9.825000000000001066, 2.840000000000000302, 3.770000000000000018 ) ) ;
#5931 = VERTEX_POINT ( 'NONE', #6201 ) ;
#5932 = EDGE_LOOP ( 'NONE', ( #6608, #105, #2760, #9747 ) ) ;
#5933 = ORIENTED_EDGE ( 'NONE', *, *, #5971, .F. ) ;
#5934 = VECTOR ( 'NONE', #4523, 1000.000000000000000 ) ;
#5935 = FACE_OUTER_BOUND ( 'NONE', #9493, .T. ) ;
#5936 = DIRECTION ( 'NONE',  ( 1.000000000000000000, 0.000000000000000000, 0.000000000000000000 ) ) ;
#5937 = EDGE_CURVE ( 'NONE', #4099, #2187, #7594, .T. ) ;
#5938 = AXIS2_PLACEMENT_3D ( 'NONE', #1282, #4368, #3569 ) ;
#5939 = DIRECTION ( 'NONE',  ( -1.000000000000000000, 0.000000000000000000, 0.000000000000000000 ) ) ;
#5940 = AXIS2_PLACEMENT_3D ( 'NONE', #4794, #6383, #9326 ) ;
#5941 = CARTESIAN_POINT ( 'NONE',  ( -3.320000000000000728, 2.760000000000000675, 5.519999999999999574 ) ) ;
#5942 = AXIS2_PLACEMENT_3D ( 'NONE', #1523, #4415, #2217 ) ;
#5943 = ORIENTED_EDGE ( 'NONE', *, *, #110, .F. ) ;
#5944 = ORIENTED_EDGE ( 'NONE', *, *, #5800, .F. ) ;
#5945 = FACE_OUTER_BOUND ( 'NONE', #6664, .T. ) ;
#5946 = ORIENTED_EDGE ( 'NONE', *, *, #5451, .T. ) ;
#5947 = CARTESIAN_POINT ( 'NONE',  ( -3.475000000000000977, 8.673617379884035472E-16, 4.320000000000000284 ) ) ;
#5948 = VECTOR ( 'NONE', #8891, 1000.000000000000000 ) ;
#5949 = ORIENTED_EDGE ( 'NONE', *, *, #2076, .T. ) ;
#5950 = VECTOR ( 'NONE', #7819, 1000.000000000000000 ) ;
#5951 = CARTESIAN_POINT ( 'NONE',  ( -6.320000000000001172, 2.760000000000000675, 2.319999999999999840 ) ) ;
#5952 = VECTOR ( 'NONE', #7101, 1000.000000000000000 ) ;
#5953 = LINE ( 'NONE', #9832, #244 ) ;
#5954 = EDGE_CURVE ( 'NONE', #9286, #50, #9668, .T. ) ;
#5955 = DIRECTION ( 'NONE',  ( 0.000000000000000000, 0.000000000000000000, -1.000000000000000000 ) ) ;
#5956 = CARTESIAN_POINT ( 'NONE',  ( -2.525000000000000799, -2.929999999999999272, 4.320000000000000284 ) ) ;
#5957 = EDGE_LOOP ( 'NONE', ( #4725, #5901, #1600, #3040 ) ) ;
#5958 = PLANE ( 'NONE',  #223 ) ;
#5959 = DIRECTION ( 'NONE',  ( -1.127570259384924611E-14, 0.000000000000000000, -1.000000000000000000 ) ) ;
#5960 = VECTOR ( 'NONE', #1381, 1000.000000000000000 ) ;
#5961 = ORIENTED_EDGE ( 'NONE', *, *, #721, .T. ) ;
#5962 = VECTOR ( 'NONE', #962, 1000.000000000000000 ) ;
#5963 = VECTOR ( 'NONE', #1251, 1000.000000000000227 ) ;
#5964 = DIRECTION ( 'NONE',  ( -1.000000000000000000, 0.000000000000000000, 0.000000000000000000 ) ) ;
#5966 = ORIENTED_EDGE ( 'NONE', *, *, #1115, .F. ) ;
#5965 = CARTESIAN_POINT ( 'NONE',  ( -8.325000000000001066, 0.5100000000000008971, -0.9900000000000004352 ) ) ;
#5967 = ADVANCED_FACE ( 'NONE', ( #5187 ), #3491, .T. ) ;
#5968 = AXIS2_PLACEMENT_3D ( 'NONE', #5882, #9026, #2197 ) ;
#5969 = CARTESIAN_POINT ( 'NONE',  ( -2.300000000000000711, 7.370000000000000995, 5.219999999999999751 ) ) ;
#5970 = CARTESIAN_POINT ( 'NONE',  ( -5.680000000000000604, 5.760000000000001563, 5.519999999999999574 ) ) ;
#5971 = EDGE_CURVE ( 'NONE', #3953, #5648, #2748, .T. ) ;
#5972 = DIRECTION ( 'NONE',  ( 1.000000000000000000, 0.000000000000000000, 0.000000000000000000 ) ) ;
#5973 = ORIENTED_EDGE ( 'NONE', *, *, #7127, .F. ) ;
#5974 = ADVANCED_FACE ( 'NONE', ( #5880 ), #2002, .T. ) ;
#5975 = VERTEX_POINT ( 'NONE', #7381 ) ;
#5976 = EDGE_CURVE ( 'NONE', #569, #1049, #463, .T. ) ;
#5977 = CARTESIAN_POINT ( 'NONE',  ( -6.320000000000001172, 2.120000000000000995, 5.519999999999999574 ) ) ;
#5978 = CARTESIAN_POINT ( 'NONE',  ( -3.000000000000000888, 1.530000000000000915, 3.964999999999999858 ) ) ;
#5979 = EDGE_CURVE ( 'NONE', #3595, #318, #1356, .T. ) ;
#5980 = EDGE_CURVE ( 'NONE', #3853, #7203, #515, .T. ) ;
#5981 = DIRECTION ( 'NONE',  ( 1.000000000000000000, 0.000000000000000000, 0.000000000000000000 ) ) ;
#5982 = DIRECTION ( 'NONE',  ( 0.000000000000000000, 0.000000000000000000, -1.000000000000000000 ) ) ;
#5983 = ORIENTED_EDGE ( 'NONE', *, *, #1011, .F. ) ;
#5984 = PLANE ( 'NONE',  #5968 ) ;
#5985 = DIRECTION ( 'NONE',  ( 0.000000000000000000, -0.1771529983152980714, 0.9841833239736893502 ) ) ;
#5986 = ORIENTED_EDGE ( 'NONE', *, *, #3893, .F. ) ;
#5987 = ORIENTED_EDGE ( 'NONE', *, *, #299, .F. ) ;
#5988 = ORIENTED_EDGE ( 'NONE', *, *, #788, .F. ) ;
#5989 = FACE_OUTER_BOUND ( 'NONE', #1811, .T. ) ;
#5990 = CARTESIAN_POINT ( 'NONE',  ( -3.320000000000000728, 3.620000000000000995, 0.3099999999999999423 ) ) ;
#5991 = VECTOR ( 'NONE', #4461, 1000.000000000000227 ) ;
#5992 = PLANE ( 'NONE',  #40 ) ;
#5993 = ORIENTED_EDGE ( 'NONE', *, *, #2572, .F. ) ;
#5994 = ORIENTED_EDGE ( 'NONE', *, *, #2252, .T. ) ;
#5995 = EDGE_CURVE ( 'NONE', #623, #5728, #2842, .T. ) ;
#5996 = DIRECTION ( 'NONE',  ( 0.000000000000000000, 0.000000000000000000, 1.000000000000000000 ) ) ;
#5997 = CARTESIAN_POINT ( 'NONE',  ( -4.730000000000000426, 4.170000000000000817, 8.920000000000001705 ) ) ;
#5998 = ORIENTED_EDGE ( 'NONE', *, *, #256, .T. ) ;
#5999 = VECTOR ( 'NONE', #8334, 1000.000000000000000 ) ;
#6000 = LINE ( 'NONE', #2212, #4784 ) ;
#6001 = ADVANCED_FACE ( 'NONE', ( #6586 ), #9621, .F. ) ;
#6002 = ORIENTED_EDGE ( 'NONE', *, *, #1611, .T. ) ;
#6003 = LINE ( 'NONE', #9831, #2182 ) ;
#6004 = CARTESIAN_POINT ( 'NONE',  ( -2.525000000000000799, 0.5100000000000008971, 7.509999999999998899 ) ) ;
#6005 = VECTOR ( 'NONE', #5518, 1000.000000000000000 ) ;
#6006 = DIRECTION ( 'NONE',  ( 0.000000000000000000, 0.000000000000000000, 1.000000000000000000 ) ) ;
#6007 = ORIENTED_EDGE ( 'NONE', *, *, #323, .F. ) ;
#6008 = DIRECTION ( 'NONE',  ( 0.000000000000000000, 0.000000000000000000, -1.000000000000000000 ) ) ;
#6009 = DIRECTION ( 'NONE',  ( 0.000000000000000000, 0.000000000000000000, -1.000000000000000000 ) ) ;
#6010 = VERTEX_POINT ( 'NONE', #2047 ) ;
#6011 = CARTESIAN_POINT ( 'NONE',  ( -6.570000000000001172, 4.170000000000000817, 8.920000000000001705 ) ) ;
#6012 = ADVANCED_FACE ( 'NONE', ( #8923 ), #1305, .T. ) ;
#6013 = VECTOR ( 'NONE', #3982, 1000.000000000000000 ) ;
#6015 = ORIENTED_EDGE ( 'NONE', *, *, #2466, .T. ) ;
#6014 = FACE_OUTER_BOUND ( 'NONE', #2276, .T. ) ;
#6016 = DIRECTION ( 'NONE',  ( 1.000000000000000000, 0.000000000000000000, 0.000000000000000000 ) ) ;
#6017 = LINE ( 'NONE', #6765, #3552 ) ;
#6018 = DIRECTION ( 'NONE',  ( -1.000000000000000000, 0.000000000000000000, 0.000000000000000000 ) ) ;
#6019 = PRODUCT_DEFINITION_CONTEXT ( 'detailed design', #2179, 'design' ) ;
#6020 = CARTESIAN_POINT ( 'NONE',  ( -5.680000000000000604, 7.370000000000000995, 0.3099999999999999423 ) ) ;
#6021 = DIRECTION ( 'NONE',  ( -1.000000000000000000, 0.000000000000000000, 0.000000000000000000 ) ) ;
#6022 = ORIENTED_EDGE ( 'NONE', *, *, #6170, .T. ) ;
#6023 = LINE ( 'NONE', #745, #4516 ) ;
#6024 = EDGE_CURVE ( 'NONE', #6919, #2373, #8172, .T. ) ;
#6025 = ADVANCED_FACE ( 'NONE', ( #607 ), #7476, .T. ) ;
#6026 = DIRECTION ( 'NONE',  ( 1.000000000000000000, 0.000000000000000000, 0.000000000000000000 ) ) ;
#6027 = ORIENTED_EDGE ( 'NONE', *, *, #7873, .T. ) ;
#6028 = DIRECTION ( 'NONE',  ( 0.1744369497454954787, 0.9690941652527760297, 0.1744369497454954787 ) ) ;
#6029 = DIRECTION ( 'NONE',  ( 1.000000000000000000, 0.000000000000000000, 0.000000000000000000 ) ) ;
#6030 = EDGE_LOOP ( 'NONE', ( #65, #1649, #8061, #8556, #6370, #5511, #6346, #7899, #8834, #6282, #737, #4543 ) ) ;
#6031 = CARTESIAN_POINT ( 'NONE',  ( -4.475000000000000533, 0.5100000000000008971, 7.509999999999998899 ) ) ;
#6032 = CARTESIAN_POINT ( 'NONE',  ( 3.324999999999998845, 1.590000000000000746, 5.750000000000000000 ) ) ;
#6033 = VERTEX_POINT ( 'NONE', #9712 ) ;
#6034 = ORIENTED_EDGE ( 'NONE', *, *, #7863, .F. ) ;
#6035 = ORIENTED_EDGE ( 'NONE', *, *, #8277, .F. ) ;
#6036 = ADVANCED_FACE ( 'NONE', ( #2147 ), #2890, .T. ) ;
#6037 = DIRECTION ( 'NONE',  ( 0.000000000000000000, 1.000000000000000000, 0.000000000000000000 ) ) ;
#6038 = CARTESIAN_POINT ( 'NONE',  ( -9.574999999999999289, 5.040000000000000924, 3.770000000000000018 ) ) ;
#6039 = VECTOR ( 'NONE', #7720, 1000.000000000000000 ) ;
#6040 = EDGE_CURVE ( 'NONE', #6889, #6896, #3310, .T. ) ;
#6041 = LINE ( 'NONE', #7584, #5135 ) ;
#6042 = ORIENTED_EDGE ( 'NONE', *, *, #4234, .T. ) ;
#6043 = ORIENTED_EDGE ( 'NONE', *, *, #6088, .F. ) ;
#6044 = DIRECTION ( 'NONE',  ( 0.000000000000000000, 1.000000000000000000, 0.000000000000000000 ) ) ;
#6045 = ORIENTED_EDGE ( 'NONE', *, *, #8361, .F. ) ;
#6046 = AXIS2_PLACEMENT_3D ( 'NONE', #4780, #194, #7864 ) ;
#6047 = DIRECTION ( 'NONE',  ( -1.000000000000000000, 0.000000000000000000, 0.000000000000000000 ) ) ;
#6048 = VERTEX_POINT ( 'NONE', #9389 ) ;
#6049 = DIRECTION ( 'NONE',  ( -1.000000000000000000, 0.000000000000000000, 0.000000000000000000 ) ) ;
#6050 = VECTOR ( 'NONE', #6409, 1000.000000000000000 ) ;
#6051 = EDGE_CURVE ( 'NONE', #8091, #5502, #8641, .T. ) ;
#6052 = FACE_OUTER_BOUND ( 'NONE', #8224, .T. ) ;
#6053 = CARTESIAN_POINT ( 'NONE',  ( 3.574999999999999289, 1.160000000000000808, -0.9900000000000004352 ) ) ;
#6054 = VERTEX_POINT ( 'NONE', #751 ) ;
#6055 = LINE ( 'NONE', #2269, #558 ) ;
#6056 = LINE ( 'NONE', #4512, #9608 ) ;
#6057 = CARTESIAN_POINT ( 'NONE',  ( -3.140000000000001013, 2.300000000000000711, 6.519999999999999574 ) ) ;
#6058 = ORIENTED_EDGE ( 'NONE', *, *, #4365, .F. ) ;
#6059 = AXIS2_PLACEMENT_3D ( 'NONE', #5914, #5964, #8298 ) ;
#6060 = CARTESIAN_POINT ( 'NONE',  ( -6.320000000000001172, 5.529000000000000803, -3.319999999999999840 ) ) ;
#6062 = ORIENTED_EDGE ( 'NONE', *, *, #1044, .T. ) ;
#6061 = CARTESIAN_POINT ( 'NONE',  ( 2.304999999999998828, 8.673617379884035472E-16, 0.6099999999999998757 ) ) ;
#6063 = CARTESIAN_POINT ( 'NONE',  ( -6.320000000000001172, 0.5100000000000008971, -0.9900000000000004352 ) ) ;
#6064 = AXIS2_PLACEMENT_3D ( 'NONE', #6481, #7926, #8724 ) ;
#6065 = CARTESIAN_POINT ( 'NONE',  ( -9.324999999999999289, 0.5100000000000008971, 0.6099999999999998757 ) ) ;
#6066 = LINE ( 'NONE', #3022, #4699 ) ;
#6067 = DIRECTION ( 'NONE',  ( 0.000000000000000000, 1.000000000000000000, 0.000000000000000000 ) ) ;
#6068 = EDGE_CURVE ( 'NONE', #6279, #5896, #2294, .T. ) ;
#6069 = EDGE_LOOP ( 'NONE', ( #4771, #6559, #9113, #8487, #8743 ) ) ;
#6070 = CARTESIAN_POINT ( 'NONE',  ( -0.1400000000000007905, -3.179999999999998828, -2.860000000000000764 ) ) ;
#6071 = EDGE_CURVE ( 'NONE', #4732, #3339, #3086, .T. ) ;
#6072 = EDGE_LOOP ( 'NONE', ( #4587, #5758, #526, #9378 ) ) ;
#6073 = CARTESIAN_POINT ( 'NONE',  ( -7.270000000000001350, 3.710000000000000409, 2.319999999999999840 ) ) ;
#6074 = CARTESIAN_POINT ( 'NONE',  ( 0.3199999999999991185, 7.370000000000000995, 0.3099999999999999423 ) ) ;
#6075 = CARTESIAN_POINT ( 'NONE',  ( -6.320000000000001172, 2.760000000000000675, 2.319999999999999840 ) ) ;
#6076 = PLANE ( 'NONE',  #5330 ) ;
#6077 = CARTESIAN_POINT ( 'NONE',  ( 1.824999999999999289, 7.115000000000001101, -0.9900000000000004352 ) ) ;
#6078 = VERTEX_POINT ( 'NONE', #844 ) ;
#6079 = PLANE ( 'NONE',  #7544 ) ;
#6080 = PLANE ( 'NONE',  #4378 ) ;
#6081 = ORIENTED_EDGE ( 'NONE', *, *, #4823, .T. ) ;
#6082 = ORIENTED_EDGE ( 'NONE', *, *, #6772, .T. ) ;
#6083 = ORIENTED_EDGE ( 'NONE', *, *, #6396, .F. ) ;
#6084 = EDGE_CURVE ( 'NONE', #6078, #2778, #9117, .T. ) ;
#6085 = CARTESIAN_POINT ( 'NONE',  ( -0.3200000000000008393, 2.120000000000000995, 5.519999999999999574 ) ) ;
#6086 = LINE ( 'NONE', #9126, #5169 ) ;
#6087 = VECTOR ( 'NONE', #8189, 1000.000000000000000 ) ;
#6088 = EDGE_CURVE ( 'NONE', #3065, #2994, #1594, .T. ) ;
#6089 = EDGE_CURVE ( 'NONE', #6866, #9182, #9812, .T. ) ;
#6090 = ADVANCED_FACE ( 'NONE', ( #8362 ), #8265, .T. ) ;
#6091 = DIRECTION ( 'NONE',  ( 1.000000000000000000, 0.000000000000000000, 0.000000000000000000 ) ) ;
#6092 = ORIENTED_EDGE ( 'NONE', *, *, #5031, .T. ) ;
#6093 = AXIS2_PLACEMENT_3D ( 'NONE', #6095, #3750, #6044 ) ;
#6094 = ORIENTED_EDGE ( 'NONE', *, *, #4447, .F. ) ;
#6095 = CARTESIAN_POINT ( 'NONE',  ( 1.269999999999999352, 4.870000000000000995, 8.920000000000001705 ) ) ;
#6096 = DIRECTION ( 'NONE',  ( 0.000000000000000000, 0.000000000000000000, -1.000000000000000000 ) ) ;
#6097 = ORIENTED_EDGE ( 'NONE', *, *, #7613, .T. ) ;
#6098 = ADVANCED_FACE ( 'NONE', ( #7620 ), #2987, .F. ) ;
#6099 = EDGE_CURVE ( 'NONE', #5851, #3938, #2241, .T. ) ;
#6100 = FACE_OUTER_BOUND ( 'NONE', #5692, .T. ) ;
#6101 = ORIENTED_EDGE ( 'NONE', *, *, #8902, .T. ) ;
#6102 = LINE ( 'NONE', #8241, #5999 ) ;
#6103 = AXIS2_PLACEMENT_3D ( 'NONE', #8040, #5846, #2101 ) ;
#6104 = EDGE_CURVE ( 'NONE', #6010, #2666, #1496, .T. ) ;
#6105 = DIRECTION ( 'NONE',  ( -0.000000000000000000, 0.9841833239736893502, 0.1771529983152980714 ) ) ;
#6106 = DIRECTION ( 'NONE',  ( 0.000000000000000000, -1.000000000000000000, 0.000000000000000000 ) ) ;
#6107 = ORIENTED_EDGE ( 'NONE', *, *, #8979, .F. ) ;
#6108 = DIRECTION ( 'NONE',  ( 0.000000000000000000, 1.000000000000000000, 0.000000000000000000 ) ) ;
#6109 = CARTESIAN_POINT ( 'NONE',  ( -3.700000000000001066, 7.370000000000000995, 5.219999999999999751 ) ) ;
#6110 = LINE ( 'NONE', #7648, #3244 ) ;
#6111 = ORIENTED_EDGE ( 'NONE', *, *, #5162, .F. ) ;
#6112 = AXIS2_PLACEMENT_3D ( 'NONE', #3474, #8204, #490 ) ;
#6113 = VECTOR ( 'NONE', #2498, 1000.000000000000000 ) ;
#6114 = VECTOR ( 'NONE', #5755, 1000.000000000000000 ) ;
#6115 = PLANE ( 'NONE',  #1934 ) ;
#6117 = VERTEX_POINT ( 'NONE', #6077 ) ;
#6116 = CARTESIAN_POINT ( 'NONE',  ( -7.270000000000001350, 6.710000000000000853, 8.920000000000001705 ) ) ;
#6118 = DIRECTION ( 'NONE',  ( 0.000000000000000000, 0.000000000000000000, 1.000000000000000000 ) ) ;
#6119 = CARTESIAN_POINT ( 'NONE',  ( 2.640485608556998987, 3.540000000000000480, 1.269999999999999796 ) ) ;
#6120 = FACE_OUTER_BOUND ( 'NONE', #4487, .T. ) ;
#6121 = VECTOR ( 'NONE', #2685, 1000.000000000000000 ) ;
#6122 = AXIS2_PLACEMENT_3D ( 'NONE', #7769, #947, #3977 ) ;
#6123 = CARTESIAN_POINT ( 'NONE',  ( -9.324999999999999289, 8.673617379884035472E-16, -0.9900000000000004352 ) ) ;
#6124 = VECTOR ( 'NONE', #3850, 1000.000000000000000 ) ;
#6125 = ORIENTED_EDGE ( 'NONE', *, *, #6805, .F. ) ;
#6126 = VERTEX_POINT ( 'NONE', #2940 ) ;
#6127 = CARTESIAN_POINT ( 'NONE',  ( -4.730000000000000426, 1.170000000000000817, 2.319999999999999840 ) ) ;
#6128 = AXIS2_PLACEMENT_3D ( 'NONE', #7097, #67, #6891 ) ;
#6129 = DIRECTION ( 'NONE',  ( 0.000000000000000000, 1.000000000000000000, 0.000000000000000000 ) ) ;
#6130 = EDGE_CURVE ( 'NONE', #7093, #2312, #4537, .T. ) ;
#6131 = CARTESIAN_POINT ( 'NONE',  ( -3.320000000000000728, 2.760000000000000675, 0.3099999999999999423 ) ) ;
#6132 = EDGE_CURVE ( 'NONE', #6054, #4352, #2392, .T. ) ;
#6133 = CARTESIAN_POINT ( 'NONE',  ( -7.940485608557000141, 7.370000000000000995, 8.920000000000001705 ) ) ;
#6134 = CARTESIAN_POINT ( 'NONE',  ( -9.324999999999999289, 0.8900000000000005684, 7.270000000000000462 ) ) ;
#6135 = ORIENTED_EDGE ( 'NONE', *, *, #1946, .T. ) ;
#6136 = PLANE ( 'NONE',  #234 ) ;
#6137 = LINE ( 'NONE', #9461, #6284 ) ;
#6138 = ORIENTED_EDGE ( 'NONE', *, *, #4327, .T. ) ;
#6139 = VERTEX_POINT ( 'NONE', #5284 ) ;
#6140 = ORIENTED_EDGE ( 'NONE', *, *, #8894, .T. ) ;
#6141 = PLANE ( 'NONE',  #975 ) ;
#6142 = DIRECTION ( 'NONE',  ( 0.000000000000000000, -1.000000000000000000, 0.000000000000000000 ) ) ;
#6143 = ADVANCED_FACE ( 'NONE', ( #5432 ), #9021, .F. ) ;
#6144 = CARTESIAN_POINT ( 'NONE',  ( 3.324999999999998845, 7.370000000000000995, 7.270000000000000462 ) ) ;
#6145 = ORIENTED_EDGE ( 'NONE', *, *, #7536, .F. ) ;
#6146 = ORIENTED_EDGE ( 'NONE', *, *, #3167, .F. ) ;
#6147 = DIRECTION ( 'NONE',  ( 0.000000000000000000, 1.000000000000000000, 0.000000000000000000 ) ) ;
#6148 = CARTESIAN_POINT ( 'NONE',  ( -2.680000000000001048, 5.120000000000000995, 5.519999999999999574 ) ) ;
#6149 = ORIENTED_EDGE ( 'NONE', *, *, #9740, .F. ) ;
#6150 = DIRECTION ( 'NONE',  ( 0.000000000000000000, -1.000000000000000000, 0.000000000000000000 ) ) ;
#6151 = ORIENTED_EDGE ( 'NONE', *, *, #5971, .T. ) ;
#6152 = CARTESIAN_POINT ( 'NONE',  ( -0.1400000000000007905, 5.300000000000000711, 6.519999999999999574 ) ) ;
#6153 = DIRECTION ( 'NONE',  ( 1.000000000000000000, 0.000000000000000000, 0.000000000000000000 ) ) ;
#6154 = ADVANCED_FACE ( 'NONE', ( #2195 ), #3876, .F. ) ;
#6155 = FACE_OUTER_BOUND ( 'NONE', #7666, .T. ) ;
#6156 = VERTEX_POINT ( 'NONE', #4689 ) ;
#6157 = LINE ( 'NONE', #2369, #5646 ) ;
#6158 = DIRECTION ( 'NONE',  ( 0.000000000000000000, 1.000000000000000000, 0.000000000000000000 ) ) ;
#6159 = DIRECTION ( 'NONE',  ( 0.000000000000000000, 0.000000000000000000, -1.000000000000000000 ) ) ;
#6160 = VECTOR ( 'NONE', #5835, 1000.000000000000000 ) ;
#6161 = VERTEX_POINT ( 'NONE', #655 ) ;
#6162 = ADVANCED_FACE ( 'NONE', ( #9066 ), #6724, .T. ) ;
#6163 = DIRECTION ( 'NONE',  ( 0.000000000000000000, -1.000000000000000000, 0.000000000000000000 ) ) ;
#6165 = EDGE_LOOP ( 'NONE', ( #8138, #7306, #9428, #1469, #9627, #3123 ) ) ;
#6164 = CARTESIAN_POINT ( 'NONE',  ( 3.324999999999998845, 0.8900000000000005684, 7.270000000000000462 ) ) ;
#6166 = FACE_BOUND ( 'NONE', #7447, .T. ) ;
#6167 = AXIS2_PLACEMENT_3D ( 'NONE', #6074, #2389, #3228 ) ;
#6168 = CARTESIAN_POINT ( 'NONE',  ( -9.324999999999999289, 5.040000000000000924, 7.270000000000000462 ) ) ;
#6169 = CARTESIAN_POINT ( 'NONE',  ( 1.940485608556998587, 1.530000000000000915, 8.920000000000001705 ) ) ;
#6170 = EDGE_CURVE ( 'NONE', #261, #5456, #9857, .T. ) ;
#6171 = FACE_OUTER_BOUND ( 'NONE', #4744, .T. ) ;
#6172 = ORIENTED_EDGE ( 'NONE', *, *, #9060, .F. ) ;
#6173 = AXIS2_PLACEMENT_3D ( 'NONE', #1783, #4872, #2674 ) ;
#6174 = LINE ( 'NONE', #1639, #7690 ) ;
#6175 = DIRECTION ( 'NONE',  ( 0.000000000000000000, 1.000000000000000000, 0.000000000000000000 ) ) ;
#6176 = LINE ( 'NONE', #7078, #3469 ) ;
#6177 = EDGE_CURVE ( 'NONE', #3690, #4270, #4483, .T. ) ;
#6178 = CARTESIAN_POINT ( 'NONE',  ( -9.574999999999999289, 7.370000000000000995, 5.750000000000000000 ) ) ;
#6179 = DIRECTION ( 'NONE',  ( 0.000000000000000000, 0.000000000000000000, 1.000000000000000000 ) ) ;
#6180 = ORIENTED_EDGE ( 'NONE', *, *, #9280, .T. ) ;
#6181 = CARTESIAN_POINT ( 'NONE',  ( -2.680000000000001048, 4.889000000000001123, 0.3099999999999999423 ) ) ;
#6182 = EDGE_CURVE ( 'NONE', #1711, #6759, #9366, .T. ) ;
#6183 = DIRECTION ( 'NONE',  ( 0.000000000000000000, 1.000000000000000000, 0.000000000000000000 ) ) ;
#6184 = VERTEX_POINT ( 'NONE', #6326 ) ;
#6185 = VERTEX_POINT ( 'NONE', #203 ) ;
#6186 = VECTOR ( 'NONE', #7631, 1000.000000000000000 ) ;
#6187 = CARTESIAN_POINT ( 'NONE',  ( -0.1400000000000007905, -3.179999999999998828, -2.860000000000000764 ) ) ;
#6188 = CARTESIAN_POINT ( 'NONE',  ( 0.2299999999999988720, -2.679999999999999272, -3.000000000000000000 ) ) ;
#6189 = CARTESIAN_POINT ( 'NONE',  ( 1.940485608556998587, 5.040000000000000924, 4.936666666666667425 ) ) ;
#6190 = ORIENTED_EDGE ( 'NONE', *, *, #3902, .F. ) ;
#6191 = ORIENTED_EDGE ( 'NONE', *, *, #5044, .T. ) ;
#6192 = ORIENTED_EDGE ( 'NONE', *, *, #8762, .T. ) ;
#6193 = ADVANCED_FACE ( 'NONE', ( #1798 ), #352, .F. ) ;
#6194 = CARTESIAN_POINT ( 'NONE',  ( -6.320000000000001172, 4.260000000000000675, -0.9900000000000004352 ) ) ;
#6195 = DIRECTION ( 'NONE',  ( -1.000000000000000000, 0.000000000000000000, 0.000000000000000000 ) ) ;
#6196 = ORIENTED_EDGE ( 'NONE', *, *, #6644, .T. ) ;
#6197 = DIRECTION ( 'NONE',  ( 0.000000000000000000, 0.000000000000000000, 1.000000000000000000 ) ) ;
#6198 = AXIS2_PLACEMENT_3D ( 'NONE', #2092, #8029, #1212 ) ;
#6199 = EDGE_LOOP ( 'NONE', ( #8990, #5747, #1817, #4290 ) ) ;
#6200 = EDGE_CURVE ( 'NONE', #6930, #2247, #3382, .T. ) ;
#6201 = CARTESIAN_POINT ( 'NONE',  ( 1.940161869518999493, 5.040000000000000924, 3.770000000000000018 ) ) ;
#6202 = LINE ( 'NONE', #4006, #6738 ) ;
#6203 = VERTEX_POINT ( 'NONE', #3287 ) ;
#6204 = CARTESIAN_POINT ( 'NONE',  ( -2.680000000000001048, 0.5100000000000008971, -0.9900000000000004352 ) ) ;
#6205 = ADVANCED_FACE ( 'NONE', ( #6430 ), #5583, .T. ) ;
#6206 = AXIS2_PLACEMENT_3D ( 'NONE', #563, #3590, #5136 ) ;
#6207 = LINE ( 'NONE', #9247, #7388 ) ;
#6208 = LINE ( 'NONE', #2417, #5645 ) ;
#6209 = ORIENTED_EDGE ( 'NONE', *, *, #1353, .F. ) ;
#6210 = DIRECTION ( 'NONE',  ( 0.000000000000000000, 0.6428711427641899956, 0.7659743427824879936 ) ) ;
#6211 = VECTOR ( 'NONE', #2460, 1000.000000000000000 ) ;
#6212 = CARTESIAN_POINT ( 'NONE',  ( 3.574999999999999289, 4.940000000000000391, -0.3199999999999999512 ) ) ;
#6214 = VERTEX_POINT ( 'NONE', #9474 ) ;
#6213 = DIRECTION ( 'NONE',  ( 0.000000000000000000, -1.000000000000000000, 0.000000000000000000 ) ) ;
#6215 = CARTESIAN_POINT ( 'NONE',  ( -2.680000000000001048, 4.889000000000001123, 0.3099999999999999423 ) ) ;
#6216 = CARTESIAN_POINT ( 'NONE',  ( 0.3199999999999991185, 2.760000000000000675, 6.519999999999999574 ) ) ;
#6217 = EDGE_CURVE ( 'NONE', #1129, #5444, #1001, .T. ) ;
#6218 = EDGE_CURVE ( 'NONE', #7821, #6185, #4738, .T. ) ;
#6219 = PLANE ( 'NONE',  #8755 ) ;
#6220 = VECTOR ( 'NONE', #6210, 1000.000000000000000 ) ;
#6221 = LINE ( 'NONE', #9462, #3659 ) ;
#6222 = EDGE_LOOP ( 'NONE', ( #2058, #7459, #8989, #2324 ) ) ;
#6223 = DIRECTION ( 'NONE',  ( 0.000000000000000000, -1.000000000000000000, 0.000000000000000000 ) ) ;
#6224 = EDGE_CURVE ( 'NONE', #8880, #6919, #2646, .T. ) ;
#6225 = EDGE_CURVE ( 'NONE', #6889, #427, #3931, .T. ) ;
#6226 = DIRECTION ( 'NONE',  ( 0.000000000000000000, 0.000000000000000000, -1.000000000000000000 ) ) ;
#6227 = VECTOR ( 'NONE', #885, 1000.000000000000114 ) ;
#6228 = DIRECTION ( 'NONE',  ( 0.000000000000000000, -1.000000000000000000, 0.000000000000000000 ) ) ;
#6229 = DIRECTION ( 'NONE',  ( 0.000000000000000000, 0.000000000000000000, -1.000000000000000000 ) ) ;
#6230 = DIRECTION ( 'NONE',  ( 0.000000000000000000, -1.000000000000000000, 0.000000000000000000 ) ) ;
#6231 = EDGE_LOOP ( 'NONE', ( #4554, #2172, #4669, #3656, #1802, #6149 ) ) ;
#6232 = DIRECTION ( 'NONE',  ( 0.000000000000000000, 0.000000000000000000, 1.000000000000000000 ) ) ;
#6233 = ORIENTED_EDGE ( 'NONE', *, *, #8720, .T. ) ;
#6234 = EDGE_LOOP ( 'NONE', ( #6138, #5414, #1005, #80, #9136, #6403, #3869, #2802, #6505, #637, #2917, #9544 ) ) ;
#6235 = CARTESIAN_POINT ( 'NONE',  ( -2.680000000000001048, 3.620000000000000995, -0.9900000000000004352 ) ) ;
#6236 = DIRECTION ( 'NONE',  ( 0.000000000000000000, 0.000000000000000000, -1.000000000000000000 ) ) ;
#6237 = CARTESIAN_POINT ( 'NONE',  ( -0.3200000000000008393, 3.620000000000000995, -0.3199999999999999512 ) ) ;
#6238 = CARTESIAN_POINT ( 'NONE',  ( 2.340485608556998720, 4.515000000000000568, 1.269999999999999796 ) ) ;
#6239 = ORIENTED_EDGE ( 'NONE', *, *, #9060, .T. ) ;
#6240 = EDGE_LOOP ( 'NONE', ( #9577, #5933, #5905, #4392 ) ) ;
#6241 = LINE ( 'NONE', #9380, #2593 ) ;
#6242 = DIRECTION ( 'NONE',  ( 1.000000000000000000, 0.000000000000000000, 0.000000000000000000 ) ) ;
#6243 = VERTEX_POINT ( 'NONE', #4082 ) ;
#6244 = LINE ( 'NONE', #2661, #2548 ) ;
#6245 = EDGE_LOOP ( 'NONE', ( #4548, #6311, #5349, #4007 ) ) ;
#6246 = VECTOR ( 'NONE', #4999, 1000.000000000000000 ) ;
#6247 = PLANE ( 'NONE',  #2929 ) ;
#6248 = CARTESIAN_POINT ( 'NONE',  ( -9.324999999999999289, 0.8900000000000005684, 5.750000000000000000 ) ) ;
#6249 = ORIENTED_EDGE ( 'NONE', *, *, #8277, .T. ) ;
#6250 = ORIENTED_EDGE ( 'NONE', *, *, #2897, .T. ) ;
#6251 = CARTESIAN_POINT ( 'NONE',  ( -2.680000000000001048, 4.260000000000000675, -0.9900000000000004352 ) ) ;
#6252 = CARTESIAN_POINT ( 'NONE',  ( -4.270000000000001350, 6.710000000000000853, 8.920000000000001705 ) ) ;
#6253 = ORIENTED_EDGE ( 'NONE', *, *, #5083, .F. ) ;
#6254 = LINE ( 'NONE', #3365, #8431 ) ;
#6255 = DIRECTION ( 'NONE',  ( 0.000000000000000000, 0.000000000000000000, 1.000000000000000000 ) ) ;
#6257 = ORIENTED_EDGE ( 'NONE', *, *, #5363, .T. ) ;
#6256 = LINE ( 'NONE', #5418, #4103 ) ;
#6258 = VECTOR ( 'NONE', #8134, 1000.000000000000000 ) ;
#6259 = DIRECTION ( 'NONE',  ( 0.000000000000000000, 1.000000000000000000, 0.000000000000000000 ) ) ;
#6260 = EDGE_CURVE ( 'NONE', #4884, #2019, #3334, .T. ) ;
#6261 = DIRECTION ( 'NONE',  ( 0.000000000000000000, 1.000000000000000000, 0.000000000000000000 ) ) ;
#6262 = CARTESIAN_POINT ( 'NONE',  ( -0.3200000000000008393, 3.940000000000000835, 3.964999999999999858 ) ) ;
#6263 = DIRECTION ( 'NONE',  ( -0.1771529983152980714, 0.9841833239736893502, 0.000000000000000000 ) ) ;
#6264 = VECTOR ( 'NONE', #9692, 1000.000000000000000 ) ;
#6265 = FACE_OUTER_BOUND ( 'NONE', #7610, .T. ) ;
#6266 = AXIS2_PLACEMENT_3D ( 'NONE', #340, #2528, #6361 ) ;
#6267 = AXIS2_PLACEMENT_3D ( 'NONE', #8385, #7548, #3711 ) ;
#6268 = VERTEX_POINT ( 'NONE', #5688 ) ;
#6269 = CARTESIAN_POINT ( 'NONE',  ( -8.340485608557001385, 4.340000000000000746, 1.169999999999999707 ) ) ;
#6270 = EDGE_CURVE ( 'NONE', #1970, #7885, #1898, .T. ) ;
#6271 = DIRECTION ( 'NONE',  ( 0.000000000000000000, 0.000000000000000000, -1.000000000000000000 ) ) ;
#6272 = AXIS2_PLACEMENT_3D ( 'NONE', #5214, #6854, #2372 ) ;
#6273 = AXIS2_PLACEMENT_3D ( 'NONE', #206, #1749, #6280 ) ;
#6274 = VECTOR ( 'NONE', #3677, 1000.000000000000227 ) ;
#6275 = CARTESIAN_POINT ( 'NONE',  ( -0.3200000000000008393, 4.889000000000001123, -0.3199999999999999512 ) ) ;
#6276 = CARTESIAN_POINT ( 'NONE',  ( 3.574999999999999289, 4.515000000000000568, 3.770000000000000018 ) ) ;
#6277 = EDGE_CURVE ( 'NONE', #7245, #9708, #7079, .T. ) ;
#6278 = FACE_OUTER_BOUND ( 'NONE', #346, .T. ) ;
#6279 = VERTEX_POINT ( 'NONE', #3231 ) ;
#6280 = DIRECTION ( 'NONE',  ( 0.000000000000000000, 1.000000000000000000, 0.000000000000000000 ) ) ;
#6281 = ADVANCED_FACE ( 'NONE', ( #9318 ), #8676, .T. ) ;
#6282 = ORIENTED_EDGE ( 'NONE', *, *, #4021, .F. ) ;
#6283 = EDGE_LOOP ( 'NONE', ( #2285, #113, #4109, #5562 ) ) ;
#6284 = VECTOR ( 'NONE', #6183, 1000.000000000000000 ) ;
#6285 = AXIS2_PLACEMENT_3D ( 'NONE', #9619, #4284, #5743 ) ;
#6286 = DIRECTION ( 'NONE',  ( 0.7071067811865474617, -0.7071067811865474617, 0.000000000000000000 ) ) ;
#6287 = AXIS2_PLACEMENT_3D ( 'NONE', #2432, #4889, #9218 ) ;
#6288 = CARTESIAN_POINT ( 'NONE',  ( -6.320000000000001172, 4.260000000000000675, -0.3199999999999999512 ) ) ;
#6289 = EDGE_CURVE ( 'NONE', #7254, #3214, #1852, .T. ) ;
#6290 = DIRECTION ( 'NONE',  ( -1.000000000000000000, 0.000000000000000000, 0.000000000000000000 ) ) ;
#6291 = LINE ( 'NONE', #112, #9745 ) ;
#6292 = ORIENTED_EDGE ( 'NONE', *, *, #7559, .F. ) ;
#6293 = ORIENTED_EDGE ( 'NONE', *, *, #8583, .F. ) ;
#6294 = ORIENTED_EDGE ( 'NONE', *, *, #7527, .T. ) ;
#6295 = CARTESIAN_POINT ( 'NONE',  ( -6.320000000000001172, 0.5100000000000008971, 0.3199999999999999512 ) ) ;
#6296 = PLANE ( 'NONE',  #2942 ) ;
#6297 = ORIENTED_EDGE ( 'NONE', *, *, #4175, .F. ) ;
#6298 = VERTEX_POINT ( 'NONE', #5532 ) ;
#6299 = CARTESIAN_POINT ( 'NONE',  ( -9.574999999999999289, 7.370000000000000995, 5.750000000000000000 ) ) ;
#6300 = ADVANCED_FACE ( 'NONE', ( #8563 ), #7925, .T. ) ;
#6301 = LINE ( 'NONE', #1620, #2770 ) ;
#6302 = ORIENTED_EDGE ( 'NONE', *, *, #2747, .T. ) ;
#6303 = ORIENTED_EDGE ( 'NONE', *, *, #2641, .T. ) ;
#6304 = ORIENTED_EDGE ( 'NONE', *, *, #5612, .T. ) ;
#6305 = CARTESIAN_POINT ( 'NONE',  ( -2.680000000000001048, 4.889000000000001123, -2.680000000000000160 ) ) ;
#6306 = DIRECTION ( 'NONE',  ( 0.000000000000000000, 0.000000000000000000, -1.000000000000000000 ) ) ;
#6307 = ORIENTED_EDGE ( 'NONE', *, *, #1848, .T. ) ;
#6308 = CARTESIAN_POINT ( 'NONE',  ( -7.940269782531612641, 2.840000000000000302, 6.103333333333333499 ) ) ;
#6309 = FACE_OUTER_BOUND ( 'NONE', #6999, .T. ) ;
#6311 = ORIENTED_EDGE ( 'NONE', *, *, #5283, .F. ) ;
#6310 = DIRECTION ( 'NONE',  ( 0.000000000000000000, 0.000000000000000000, -1.000000000000000000 ) ) ;
#6312 = LINE ( 'NONE', #2630, #3921 ) ;
#6313 = CARTESIAN_POINT ( 'NONE',  ( 3.574999999999999289, 7.370000000000000995, -0.9900000000000004352 ) ) ;
#6314 = PLANE ( 'NONE',  #8026 ) ;
#6315 = VECTOR ( 'NONE', #832, 1000.000000000000000 ) ;
#6316 = DIRECTION ( 'NONE',  ( 0.000000000000000000, 1.000000000000000000, 0.000000000000000000 ) ) ;
#6317 = LINE ( 'NONE', #7964, #6527 ) ;
#6318 = VERTEX_POINT ( 'NONE', #4789 ) ;
#6319 = ORIENTED_EDGE ( 'NONE', *, *, #7013, .F. ) ;
#6320 = EDGE_CURVE ( 'NONE', #9090, #2989, #7180, .T. ) ;
#6321 = DIRECTION ( 'NONE',  ( -1.000000000000000000, 0.000000000000000000, 0.000000000000000000 ) ) ;
#6322 = PLANE ( 'NONE',  #2402 ) ;
#6323 = VECTOR ( 'NONE', #2090, 1000.000000000000000 ) ;
#6324 = CARTESIAN_POINT ( 'NONE',  ( -0.3200000000000008393, 2.760000000000000675, 0.3099999999999999423 ) ) ;
#6325 = CARTESIAN_POINT ( 'NONE',  ( -5.680000000000000604, 5.760000000000001563, 5.519999999999999574 ) ) ;
#6326 = CARTESIAN_POINT ( 'NONE',  ( -6.320000000000001172, 5.529000000000000803, -0.3199999999999999512 ) ) ;
#6327 = DIRECTION ( 'NONE',  ( 0.000000000000000000, 1.000000000000000000, 0.000000000000000000 ) ) ;
#6328 = ORIENTED_EDGE ( 'NONE', *, *, #4815, .F. ) ;
#6329 = VECTOR ( 'NONE', #9253, 1000.000000000000000 ) ;
#6330 = ORIENTED_EDGE ( 'NONE', *, *, #9694, .F. ) ;
#6331 = VERTEX_POINT ( 'NONE', #6574 ) ;
#6332 = EDGE_CURVE ( 'NONE', #7314, #8177, #5873, .T. ) ;
#6333 = CARTESIAN_POINT ( 'NONE',  ( -6.320000000000001172, 7.115000000000001101, -0.9900000000000004352 ) ) ;
#6334 = DIRECTION ( 'NONE',  ( 0.000000000000000000, -1.000000000000000000, 0.000000000000000000 ) ) ;
#6335 = LINE ( 'NONE', #2549, #2936 ) ;
#6336 = EDGE_CURVE ( 'NONE', #3732, #4008, #7323, .T. ) ;
#6337 = VECTOR ( 'NONE', #7243, 1000.000000000000000 ) ;
#6338 = EDGE_CURVE ( 'NONE', #5238, #6318, #9611, .T. ) ;
#6339 = DIRECTION ( 'NONE',  ( 0.000000000000000000, 0.000000000000000000, 1.000000000000000000 ) ) ;
#6340 = VERTEX_POINT ( 'NONE', #8018 ) ;
#6341 = VERTEX_POINT ( 'NONE', #7421 ) ;
#6342 = VERTEX_POINT ( 'NONE', #2695 ) ;
#6343 = DIRECTION ( 'NONE',  ( 0.7071067811865474617, -0.7071067811865474617, 0.000000000000000000 ) ) ;
#6344 = ORIENTED_EDGE ( 'NONE', *, *, #2333, .F. ) ;
#6345 = EDGE_CURVE ( 'NONE', #6161, #1260, #3483, .T. ) ;
#6346 = ORIENTED_EDGE ( 'NONE', *, *, #6772, .F. ) ;
#6347 = CARTESIAN_POINT ( 'NONE',  ( 0.3199999999999991185, 2.120000000000000995, 5.519999999999999574 ) ) ;
#6348 = DIRECTION ( 'NONE',  ( 0.000000000000000000, 1.000000000000000000, 0.000000000000000000 ) ) ;
#6349 = ORIENTED_EDGE ( 'NONE', *, *, #4617, .F. ) ;
#6350 = ORIENTED_EDGE ( 'NONE', *, *, #3516, .F. ) ;
#6351 = VERTEX_POINT ( 'NONE', #3632 ) ;
#6352 = LINE ( 'NONE', #181, #3867 ) ;
#6353 = FACE_OUTER_BOUND ( 'NONE', #205, .T. ) ;
#6354 = ORIENTED_EDGE ( 'NONE', *, *, #4093, .F. ) ;
#6355 = FACE_OUTER_BOUND ( 'NONE', #9153, .T. ) ;
#6356 = CARTESIAN_POINT ( 'NONE',  ( 1.940161869518999493, 2.840000000000000302, 3.770000000000000018 ) ) ;
#6357 = EDGE_CURVE ( 'NONE', #3458, #2019, #8260, .T. ) ;
#6359 = VERTEX_POINT ( 'NONE', #1295 ) ;
#6358 = DIRECTION ( 'NONE',  ( 0.000000000000000000, -1.000000000000000000, 0.000000000000000000 ) ) ;
#6360 = DIRECTION ( 'NONE',  ( 0.000000000000000000, 0.000000000000000000, 1.000000000000000000 ) ) ;
#6361 = DIRECTION ( 'NONE',  ( 0.000000000000000000, 0.000000000000000000, -1.000000000000000000 ) ) ;
#6362 = DIRECTION ( 'NONE',  ( 0.000000000000000000, -1.000000000000000000, 0.000000000000000000 ) ) ;
#6363 = VECTOR ( 'NONE', #5483, 1000.000000000000000 ) ;
#6364 = AXIS2_PLACEMENT_3D ( 'NONE', #8856, #4268, #1985 ) ;
#6365 = CARTESIAN_POINT ( 'NONE',  ( -6.320000000000001172, 0.5100000000000008971, -0.3199999999999999512 ) ) ;
#6366 = PLANE ( 'NONE',  #3397 ) ;
#6367 = VECTOR ( 'NONE', #7019, 1000.000000000000114 ) ;
#6368 = CARTESIAN_POINT ( 'NONE',  ( -6.320000000000001172, 2.120000000000000995, 2.319999999999999840 ) ) ;
#6369 = EDGE_LOOP ( 'NONE', ( #465, #6503, #8317, #3997 ) ) ;
#6370 = ORIENTED_EDGE ( 'NONE', *, *, #4760, .T. ) ;
#6371 = AXIS2_PLACEMENT_3D ( 'NONE', #3752, #7541, #4553 ) ;
#6372 = DIRECTION ( 'NONE',  ( 0.000000000000000000, 1.000000000000000000, 0.000000000000000000 ) ) ;
#6373 = CARTESIAN_POINT ( 'NONE',  ( 1.940485608556998587, 3.015000000000000568, 3.770000000000000462 ) ) ;
#6374 = VECTOR ( 'NONE', #9273, 1000.000000000000000 ) ;
#6375 = DIRECTION ( 'NONE',  ( -1.000000000000000000, 0.000000000000000000, 0.000000000000000000 ) ) ;
#6376 = EDGE_CURVE ( 'NONE', #4623, #6381, #6528, .T. ) ;
#6377 = ADVANCED_FACE ( 'NONE', ( #5829 ), #4983, .T. ) ;
#6378 = CARTESIAN_POINT ( 'NONE',  ( -5.680000000000000604, -2.179999999999998828, -3.319999999999999840 ) ) ;
#6379 = CARTESIAN_POINT ( 'NONE',  ( 0.3199999999999991185, 3.620000000000000995, 0.3099999999999999423 ) ) ;
#6380 = ORIENTED_EDGE ( 'NONE', *, *, #6821, .T. ) ;
#6381 = VERTEX_POINT ( 'NONE', #6480 ) ;
#6382 = ORIENTED_EDGE ( 'NONE', *, *, #389, .F. ) ;
#6383 = DIRECTION ( 'NONE',  ( 1.000000000000000000, 0.000000000000000000, 0.000000000000000000 ) ) ;
#6384 = VECTOR ( 'NONE', #6804, 1000.000000000000000 ) ;
#6385 = DIRECTION ( 'NONE',  ( 0.000000000000000000, 0.000000000000000000, 1.000000000000000000 ) ) ;
#6386 = CARTESIAN_POINT ( 'NONE',  ( -2.680000000000001048, -2.179999999999998828, 0.3099999999999999423 ) ) ;
#6387 = ADVANCED_FACE ( 'NONE', ( #8865 ), #9566, .T. ) ;
#6388 = CARTESIAN_POINT ( 'NONE',  ( -7.940323739037999928, 2.840000000000000302, 7.270000000000000462 ) ) ;
#6389 = ORIENTED_EDGE ( 'NONE', *, *, #5897, .F. ) ;
#6390 = ORIENTED_EDGE ( 'NONE', *, *, #5672, .F. ) ;
#6391 = VERTEX_POINT ( 'NONE', #2038 ) ;
#6392 = LINE ( 'NONE', #2709, #4984 ) ;
#6393 = EDGE_CURVE ( 'NONE', #8461, #8081, #3583, .T. ) ;
#6394 = VERTEX_POINT ( 'NONE', #2738 ) ;
#6395 = CARTESIAN_POINT ( 'NONE',  ( -3.320000000000000728, 3.940000000000000835, 3.964999999999999858 ) ) ;
#6396 = EDGE_CURVE ( 'NONE', #5192, #4756, #8817, .T. ) ;
#6397 = ORIENTED_EDGE ( 'NONE', *, *, #309, .F. ) ;
#6398 = ADVANCED_FACE ( 'NONE', ( #1997 ), #5084, .T. ) ;
#6399 = ADVANCED_FACE ( 'NONE', ( #505 ), #8115, .T. ) ;
#6400 = LINE ( 'NONE', #2617, #529 ) ;
#6401 = EDGE_CURVE ( 'NONE', #1864, #2586, #2085, .T. ) ;
#6402 = VERTEX_POINT ( 'NONE', #1346 ) ;
#6403 = ORIENTED_EDGE ( 'NONE', *, *, #1409, .F. ) ;
#6404 = VERTEX_POINT ( 'NONE', #2884 ) ;
#6405 = PLANE ( 'NONE',  #3081 ) ;
#6406 = DIRECTION ( 'NONE',  ( 0.000000000000000000, -1.000000000000000000, 0.000000000000000000 ) ) ;
#6407 = EDGE_CURVE ( 'NONE', #4419, #5192, #5920, .T. ) ;
#6408 = ORIENTED_EDGE ( 'NONE', *, *, #7882, .T. ) ;
#6409 = DIRECTION ( 'NONE',  ( 1.000000000000000000, 0.000000000000000000, 0.000000000000000000 ) ) ;
#6410 = DIRECTION ( 'NONE',  ( 0.000000000000000000, -1.000000000000000000, 0.000000000000000000 ) ) ;
#6412 = ORIENTED_EDGE ( 'NONE', *, *, #4947, .F. ) ;
#6411 = DIRECTION ( 'NONE',  ( 0.000000000000000000, 1.000000000000000000, 0.000000000000000000 ) ) ;
#6413 = DIRECTION ( 'NONE',  ( 0.000000000000000000, 0.000000000000000000, -1.000000000000000000 ) ) ;
#6414 = EDGE_CURVE ( 'NONE', #668, #9684, #7231, .T. ) ;
#6415 = LINE ( 'NONE', #9455, #3868 ) ;
#6416 = DIRECTION ( 'NONE',  ( 0.000000000000000000, 0.000000000000000000, -1.000000000000000000 ) ) ;
#6417 = CARTESIAN_POINT ( 'NONE',  ( -2.525000000000000799, -1.749999999999998890, 4.320000000000000284 ) ) ;
#6418 = CARTESIAN_POINT ( 'NONE',  ( -3.570000000000001172, 1.170000000000000817, 8.920000000000001705 ) ) ;
#6419 = DIRECTION ( 'NONE',  ( 1.000000000000000000, 0.000000000000000000, 0.000000000000000000 ) ) ;
#6420 = DIRECTION ( 'NONE',  ( 0.000000000000000000, -1.000000000000000000, 0.000000000000000000 ) ) ;
#6421 = ORIENTED_EDGE ( 'NONE', *, *, #6338, .T. ) ;
#6422 = ORIENTED_EDGE ( 'NONE', *, *, #2190, .T. ) ;
#6423 = VECTOR ( 'NONE', #6809, 1000.000000000000000 ) ;
#6424 = FACE_OUTER_BOUND ( 'NONE', #5932, .T. ) ;
#6425 = DIRECTION ( 'NONE',  ( 1.000000000000000000, 0.000000000000000000, 0.000000000000000000 ) ) ;
#6426 = EDGE_CURVE ( 'NONE', #5446, #2895, #4476, .T. ) ;
#6427 = DIRECTION ( 'NONE',  ( 1.000000000000000000, 0.000000000000000000, 0.000000000000000000 ) ) ;
#6428 = VECTOR ( 'NONE', #4733, 1000.000000000000000 ) ;
#6429 = VECTOR ( 'NONE', #2665, 1000.000000000000000 ) ;
#6430 = FACE_OUTER_BOUND ( 'NONE', #7490, .T. ) ;
#6431 = EDGE_LOOP ( 'NONE', ( #7210, #7301, #6745, #5312 ) ) ;
#6432 = ORIENTED_EDGE ( 'NONE', *, *, #9601, .T. ) ;
#6433 = LINE ( 'NONE', #7136, #1819 ) ;
#6434 = VECTOR ( 'NONE', #378, 1000.000000000000000 ) ;
#6435 = ADVANCED_FACE ( 'NONE', ( #8213 ), #7609, .T. ) ;
#6436 = PLANE ( 'NONE',  #8718 ) ;
#6437 = VECTOR ( 'NONE', #9215, 1000.000000000000000 ) ;
#6438 = AXIS2_PLACEMENT_3D ( 'NONE', #6797, #2265, #5955 ) ;
#6439 = CARTESIAN_POINT ( 'NONE',  ( -5.680000000000000604, 0.5100000000000008971, 0.3199999999999999512 ) ) ;
#6440 = EDGE_CURVE ( 'NONE', #3198, #9794, #3678, .T. ) ;
#6441 = AXIS2_PLACEMENT_3D ( 'NONE', #5853, #7404, #1878 ) ;
#6442 = VECTOR ( 'NONE', #6883, 1000.000000000000000 ) ;
#6443 = CARTESIAN_POINT ( 'NONE',  ( 2.340485608556998720, 4.340000000000000746, 1.269999999999999796 ) ) ;
#6444 = ORIENTED_EDGE ( 'NONE', *, *, #2990, .F. ) ;
#6445 = VERTEX_POINT ( 'NONE', #692 ) ;
#6446 = VECTOR ( 'NONE', #785, 1000.000000000000000 ) ;
#6447 = ORIENTED_EDGE ( 'NONE', *, *, #7721, .T. ) ;
#6448 = ORIENTED_EDGE ( 'NONE', *, *, #5652, .T. ) ;
#6449 = EDGE_CURVE ( 'NONE', #7943, #3312, #6717, .T. ) ;
#6450 = CARTESIAN_POINT ( 'NONE',  ( -9.574999999999999289, 8.673617379884035472E-16, -0.9900000000000004352 ) ) ;
#6451 = AXIS2_PLACEMENT_3D ( 'NONE', #2293, #5231, #7574 ) ;
#6452 = ORIENTED_EDGE ( 'NONE', *, *, #4057, .F. ) ;
#6453 = CARTESIAN_POINT ( 'NONE',  ( -7.940269782531775178, 3.365000000000000657, 2.903333333333333321 ) ) ;
#6454 = VERTEX_POINT ( 'NONE', #2281 ) ;
#6455 = ORIENTED_EDGE ( 'NONE', *, *, #9725, .F. ) ;
#6456 = ORIENTED_EDGE ( 'NONE', *, *, #9398, .T. ) ;
#6457 = CARTESIAN_POINT ( 'NONE',  ( -2.680000000000001048, 4.260000000000000675, 0.3099999999999999423 ) ) ;
#6458 = CARTESIAN_POINT ( 'NONE',  ( 3.574999999999999289, 1.160000000000000808, -0.9900000000000004352 ) ) ;
#6459 = VERTEX_POINT ( 'NONE', #7569 ) ;
#6460 = DIRECTION ( 'NONE',  ( 1.000000000000000000, 0.000000000000000000, 0.000000000000000000 ) ) ;
#6462 = VERTEX_POINT ( 'NONE', #1584 ) ;
#6461 = FACE_OUTER_BOUND ( 'NONE', #6658, .T. ) ;
#6463 = CARTESIAN_POINT ( 'NONE',  ( -5.680000000000000604, 3.940000000000000835, 3.964999999999999858 ) ) ;
#6464 = CARTESIAN_POINT ( 'NONE',  ( -9.324999999999999289, 7.370000000000000995, 2.319999999999999840 ) ) ;
#6465 = CARTESIAN_POINT ( 'NONE',  ( -4.305662386292000932, -1.749999999999998890, 5.320000000000000284 ) ) ;
#6466 = FACE_OUTER_BOUND ( 'NONE', #4541, .T. ) ;
#6467 = DIRECTION ( 'NONE',  ( 0.000000000000000000, -1.000000000000000000, 0.000000000000000000 ) ) ;
#6469 = LINE ( 'NONE', #2584, #3239 ) ;
#6468 = PRODUCT_RELATED_PRODUCT_CATEGORY ( 'part', '', ( #498 ) ) ;
#6470 = DIRECTION ( 'NONE',  ( 0.000000000000000000, -1.000000000000000000, 0.000000000000000000 ) ) ;
#6471 = VERTEX_POINT ( 'NONE', #5178 ) ;
#6473 = ADVANCED_FACE ( 'NONE', ( #1439 ), #4574, .F. ) ;
#6472 = ORIENTED_EDGE ( 'NONE', *, *, #3635, .F. ) ;
#6474 = DIRECTION ( 'NONE',  ( 0.000000000000000000, 1.000000000000000000, 0.000000000000000000 ) ) ;
#6475 = CARTESIAN_POINT ( 'NONE',  ( 0.3199999999999991185, 2.120000000000000995, 5.519999999999999574 ) ) ;
#6476 = ADVANCED_FACE ( 'NONE', ( #6171 ), #1540, .F. ) ;
#6477 = VECTOR ( 'NONE', #4822, 1000.000000000000000 ) ;
#6478 = DIRECTION ( 'NONE',  ( -1.000000000000000000, 0.000000000000000000, 0.000000000000000000 ) ) ;
#6479 = DIRECTION ( 'NONE',  ( 1.000000000000000000, 0.000000000000000000, 0.000000000000000000 ) ) ;
#6480 = CARTESIAN_POINT ( 'NONE',  ( 3.324999999999998845, 6.620000000000000995, 7.270000000000000462 ) ) ;
#6481 = CARTESIAN_POINT ( 'NONE',  ( 0.2299999999999988720, 5.440000000000000391, 6.019999999999999574 ) ) ;
#6482 = ORIENTED_EDGE ( 'NONE', *, *, #8048, .T. ) ;
#6483 = ORIENTED_EDGE ( 'NONE', *, *, #731, .F. ) ;
#6484 = VECTOR ( 'NONE', #5641, 1000.000000000000000 ) ;
#6485 = CARTESIAN_POINT ( 'NONE',  ( 2.340485608556998720, 4.515000000000000568, 1.269999999999999796 ) ) ;
#6486 = FACE_OUTER_BOUND ( 'NONE', #4455, .T. ) ;
#6487 = CARTESIAN_POINT ( 'NONE',  ( -3.700000000000001066, 3.940000000000000835, 3.964999999999999858 ) ) ;
#6488 = ADVANCED_FACE ( 'NONE', ( #2334 ), #5222, .T. ) ;
#6489 = B_SPLINE_CURVE_WITH_KNOTS ( 'NONE', 3,
 ( #2714, #6453, #373, #473 ),
 .UNSPECIFIED., .F., .F.,
 ( 4, 4 ),
 ( 0.000000000000000000, 1.000000000000000000 ),
 .UNSPECIFIED. ) ;
#6490 = VECTOR ( 'NONE', #9649, 1000.000000000000000 ) ;
#6491 = VECTOR ( 'NONE', #4820, 1000.000000000000000 ) ;
#6492 = CARTESIAN_POINT ( 'NONE',  ( -8.640485608557000319, 4.340000000000000746, 1.169999999999999707 ) ) ;
#6493 = ORIENTED_EDGE ( 'NONE', *, *, #9214, .F. ) ;
#6494 = ORIENTED_EDGE ( 'NONE', *, *, #6767, .T. ) ;
#6495 = EDGE_LOOP ( 'NONE', ( #5233, #8942, #8869, #5651, #1920 ) ) ;
#6496 = LINE ( 'NONE', #2659, #6246 ) ;
#6497 = VECTOR ( 'NONE', #2591, 1000.000000000000000 ) ;
#6498 = DIRECTION ( 'NONE',  ( 1.000000000000000000, 0.000000000000000000, 0.000000000000000000 ) ) ;
#6499 = ORIENTED_EDGE ( 'NONE', *, *, #3779, .T. ) ;
#6500 = ADVANCED_FACE ( 'NONE', ( #8255 ), #9752, .T. ) ;
#6501 = DIRECTION ( 'NONE',  ( 0.000000000000000000, 0.000000000000000000, -1.000000000000000000 ) ) ;
#6502 = LINE ( 'NONE', #3456, #551 ) ;
#6503 = ORIENTED_EDGE ( 'NONE', *, *, #8762, .F. ) ;
#6504 = VERTEX_POINT ( 'NONE', #35 ) ;
#6505 = ORIENTED_EDGE ( 'NONE', *, *, #4536, .T. ) ;
#6506 = CARTESIAN_POINT ( 'NONE',  ( 3.574999999999999289, 4.515000000000000568, 1.269999999999999796 ) ) ;
#6507 = DIRECTION ( 'NONE',  ( -1.000000000000000000, 0.000000000000000000, 0.000000000000000000 ) ) ;
#6508 = VERTEX_POINT ( 'NONE', #4620 ) ;
#6509 = DIRECTION ( 'NONE',  ( 0.000000000000000000, 0.000000000000000000, -1.000000000000000000 ) ) ;
#6511 = ORIENTED_EDGE ( 'NONE', *, *, #7937, .T. ) ;
#6510 = CARTESIAN_POINT ( 'NONE',  ( -3.320000000000000728, 2.120000000000000995, 5.519999999999999574 ) ) ;
#6512 = LINE ( 'NONE', #9549, #2338 ) ;
#6513 = ADVANCED_FACE ( 'NONE', ( #4426 ), #3729, .F. ) ;
#6514 = DIRECTION ( 'NONE',  ( -1.000000000000000000, 0.000000000000000000, 0.000000000000000000 ) ) ;
#6515 = DIRECTION ( 'NONE',  ( 0.000000000000000000, 1.000000000000000000, 0.000000000000000000 ) ) ;
#6516 = LINE ( 'NONE', #2028, #7001 ) ;
#6517 = FACE_OUTER_BOUND ( 'NONE', #4589, .T. ) ;
#6518 = FACE_OUTER_BOUND ( 'NONE', #5265, .T. ) ;
#6519 = ORIENTED_EDGE ( 'NONE', *, *, #857, .F. ) ;
#6520 = LINE ( 'NONE', #9468, #3675 ) ;
#6521 = LINE ( 'NONE', #4933, #4256 ) ;
#6522 = AXIS2_PLACEMENT_3D ( 'NONE', #2434, #8619, #4839 ) ;
#6523 = EDGE_CURVE ( 'NONE', #1224, #1864, #3865, .T. ) ;
#6524 = EDGE_CURVE ( 'NONE', #3962, #546, #9801, .T. ) ;
#6525 = CARTESIAN_POINT ( 'NONE',  ( -9.324999999999999289, 7.370000000000000995, 2.319999999999999840 ) ) ;
#6526 = PLANE ( 'NONE',  #8346 ) ;
#6527 = VECTOR ( 'NONE', #5525, 1000.000000000000000 ) ;
#6528 = LINE ( 'NONE', #5734, #9700 ) ;
#6529 = VECTOR ( 'NONE', #1124, 1000.000000000000000 ) ;
#6530 = CARTESIAN_POINT ( 'NONE',  ( -6.320000000000001172, 0.5100000000000008971, -0.3199999999999999512 ) ) ;
#6531 = VERTEX_POINT ( 'NONE', #2132 ) ;
#6532 = ADVANCED_FACE ( 'NONE', ( #9012 ), #2230, .F. ) ;
#6533 = EDGE_LOOP ( 'NONE', ( #215, #1245, #1519, #365 ) ) ;
#6534 = AXIS2_PLACEMENT_3D ( 'NONE', #5324, #3074, #9160 ) ;
#6535 = EDGE_CURVE ( 'NONE', #3938, #13, #2185, .T. ) ;
#6536 = CARTESIAN_POINT ( 'NONE',  ( 2.304999999999998828, 0.5100000000000008971, -0.9900000000000004352 ) ) ;
#6537 = DIRECTION ( 'NONE',  ( 0.000000000000000000, 0.000000000000000000, 1.000000000000000000 ) ) ;
#6538 = AXIS2_PLACEMENT_3D ( 'NONE', #1914, #5051, #6596 ) ;
#6539 = CARTESIAN_POINT ( 'NONE',  ( -3.320000000000000728, 7.115000000000001101, -0.9900000000000004352 ) ) ;
#6540 = DIRECTION ( 'NONE',  ( 0.000000000000000000, -1.000000000000000000, 0.000000000000000000 ) ) ;
#6541 = DIRECTION ( 'NONE',  ( 0.000000000000000000, 0.000000000000000000, -1.000000000000000000 ) ) ;
#6542 = VECTOR ( 'NONE', #333, 1000.000000000000000 ) ;
#6543 = ORIENTED_EDGE ( 'NONE', *, *, #6270, .F. ) ;
#6544 = ORIENTED_EDGE ( 'NONE', *, *, #7946, .T. ) ;
#6545 = ORIENTED_EDGE ( 'NONE', *, *, #9327, .T. ) ;
#6546 =( NAMED_UNIT ( * ) PLANE_ANGLE_UNIT ( ) SI_UNIT ( $, .RADIAN. ) );
#6547 = CARTESIAN_POINT ( 'NONE',  ( -0.3200000000000008393, 4.889000000000001123, 0.3099999999999999423 ) ) ;
#6548 = VERTEX_POINT ( 'NONE', #9057 ) ;
#6549 = AXIS2_PLACEMENT_3D ( 'NONE', #348, #7223, #6474 ) ;
#6550 = CARTESIAN_POINT ( 'NONE',  ( -3.140000000000001013, 5.300000000000000711, 6.519999999999999574 ) ) ;
#6551 = LINE ( 'NONE', #4910, #6114 ) ;
#6552 = ORIENTED_EDGE ( 'NONE', *, *, #5216, .F. ) ;
#6553 = ORIENTED_EDGE ( 'NONE', *, *, #9243, .F. ) ;
#6554 = ORIENTED_EDGE ( 'NONE', *, *, #5359, .T. ) ;
#6555 = LINE ( 'NONE', #9588, #5157 ) ;
#6556 = DIRECTION ( 'NONE',  ( 0.000000000000000000, -1.000000000000000000, 0.000000000000000000 ) ) ;
#6557 = ORIENTED_EDGE ( 'NONE', *, *, #4198, .F. ) ;
#6558 = CARTESIAN_POINT ( 'NONE',  ( 3.324999999999998845, 2.840000000000000302, 5.750000000000000000 ) ) ;
#6559 = ORIENTED_EDGE ( 'NONE', *, *, #8777, .T. ) ;
#6560 = LINE ( 'NONE', #2819, #9179 ) ;
#6561 = CARTESIAN_POINT ( 'NONE',  ( 0.3199999999999991185, 5.760000000000001563, 2.319999999999999840 ) ) ;
#6562 = CARTESIAN_POINT ( 'NONE',  ( -2.525000000000000799, 0.5100000000000008971, 7.509999999999998899 ) ) ;
#6563 = DIRECTION ( 'NONE',  ( 0.000000000000000000, -1.000000000000000000, 0.000000000000000000 ) ) ;
#6564 = DIRECTION ( 'NONE',  ( 1.000000000000000000, 0.000000000000000000, 0.000000000000000000 ) ) ;
#6565 = DIRECTION ( 'NONE',  ( 0.000000000000000000, 1.000000000000000000, 0.000000000000000000 ) ) ;
#6566 = ORIENTED_EDGE ( 'NONE', *, *, #9263, .T. ) ;
#6567 = CARTESIAN_POINT ( 'NONE',  ( -5.680000000000000604, 3.620000000000000995, -0.9900000000000004352 ) ) ;
#6568 = EDGE_CURVE ( 'NONE', #3496, #8696, #5276, .T. ) ;
#6569 = VECTOR ( 'NONE', #666, 1000.000000000000114 ) ;
#6571 = EDGE_LOOP ( 'NONE', ( #3559, #8678, #2097, #8386 ) ) ;
#6570 = FACE_OUTER_BOUND ( 'NONE', #5453, .T. ) ;
#6572 = CARTESIAN_POINT ( 'NONE',  ( -3.320000000000000728, -2.179999999999998828, -3.319999999999999840 ) ) ;
#6573 = LINE ( 'NONE', #8014, #4056 ) ;
#6574 = CARTESIAN_POINT ( 'NONE',  ( 3.324999999999998845, 0.8900000000000005684, 0.6099999999999998757 ) ) ;
#6575 = AXIS2_PLACEMENT_3D ( 'NONE', #2954, #5996, #2161 ) ;
#6576 = FACE_OUTER_BOUND ( 'NONE', #249, .T. ) ;
#6577 = ORIENTED_EDGE ( 'NONE', *, *, #5122, .T. ) ;
#6578 = VERTEX_POINT ( 'NONE', #294 ) ;
#6579 = EDGE_CURVE ( 'NONE', #8857, #3653, #8504, .T. ) ;
#6580 = FACE_OUTER_BOUND ( 'NONE', #1977, .T. ) ;
#6581 = CARTESIAN_POINT ( 'NONE',  ( -9.574999999999999289, 7.370000000000000995, -0.9900000000000004352 ) ) ;
#6582 = DIRECTION ( 'NONE',  ( 1.000000000000000000, 0.000000000000000000, 0.000000000000000000 ) ) ;
#6583 = CONICAL_SURFACE ( 'NONE', #5305, 1.024315246461999784, 0.5235987755981996727 ) ;
#6584 = EDGE_CURVE ( 'NONE', #5456, #9794, #1839, .T. ) ;
#6585 = EDGE_CURVE ( 'NONE', #9156, #8716, #3974, .T. ) ;
#6586 = FACE_OUTER_BOUND ( 'NONE', #3003, .T. ) ;
#6587 = CARTESIAN_POINT ( 'NONE',  ( -6.000000000000000888, -2.679999999999999272, 0.2299999999999997324 ) ) ;
#6588 = ORIENTED_EDGE ( 'NONE', *, *, #8200, .F. ) ;
#6589 = VERTEX_POINT ( 'NONE', #7064 ) ;
#6590 = ORIENTED_EDGE ( 'NONE', *, *, #998, .F. ) ;
#6591 = VECTOR ( 'NONE', #4881, 1000.000000000000000 ) ;
#6592 = ADVANCED_FACE ( 'NONE', ( #8659 ), #4879, .T. ) ;
#6593 = VECTOR ( 'NONE', #6223, 1000.000000000000000 ) ;
#6594 = VECTOR ( 'NONE', #5455, 1000.000000000000000 ) ;
#6595 = ADVANCED_FACE ( 'NONE', ( #7916 ), #1093, .F. ) ;
#6596 = DIRECTION ( 'NONE',  ( 0.000000000000000000, -1.000000000000000000, 0.000000000000000000 ) ) ;
#6597 = FACE_OUTER_BOUND ( 'NONE', #3842, .T. ) ;
#6598 = CIRCLE ( 'NONE', #8983, 1.299999999999999156 ) ;
#6599 = VECTOR ( 'NONE', #8868, 1000.000000000000114 ) ;
#6600 = AXIS2_PLACEMENT_3D ( 'NONE', #587, #3618, #1471 ) ;
#6601 = DIRECTION ( 'NONE',  ( -1.000000000000000000, 0.000000000000000000, 0.000000000000000000 ) ) ;
#6602 = DIRECTION ( 'NONE',  ( 1.000000000000000000, 0.000000000000000000, 0.000000000000000000 ) ) ;
#6603 = EDGE_LOOP ( 'NONE', ( #5636, #5225, #756, #2818 ) ) ;
#6604 = VERTEX_POINT ( 'NONE', #4730 ) ;
#6605 = EDGE_LOOP ( 'NONE', ( #2418, #8643, #5337, #7183 ) ) ;
#6606 = PLANE ( 'NONE',  #8950 ) ;
#6607 = FACE_OUTER_BOUND ( 'NONE', #5657, .T. ) ;
#6608 = ORIENTED_EDGE ( 'NONE', *, *, #8287, .T. ) ;
#6609 = VECTOR ( 'NONE', #2340, 1000.000000000000000 ) ;
#6610 = CARTESIAN_POINT ( 'NONE',  ( -6.320000000000001172, 7.370000000000000995, -0.9900000000000004352 ) ) ;
#6611 = ORIENTED_EDGE ( 'NONE', *, *, #5836, .T. ) ;
#6612 = CARTESIAN_POINT ( 'NONE',  ( -7.270000000000001350, 1.870000000000000995, 8.920000000000001705 ) ) ;
#6613 = ADVANCED_FACE ( 'NONE', ( #1633 ), #3372, .T. ) ;
#6614 = PLANE ( 'NONE',  #5804 ) ;
#6615 = PLANE ( 'NONE',  #2447 ) ;
#6616 = LINE ( 'NONE', #3521, #60 ) ;
#6617 = PLANE ( 'NONE',  #5406 ) ;
#6618 = VERTEX_POINT ( 'NONE', #3222 ) ;
#6619 = CARTESIAN_POINT ( 'NONE',  ( 2.324999999999998845, 2.940000000000000835, -0.3199999999999999512 ) ) ;
#6621 = ORIENTED_EDGE ( 'NONE', *, *, #4446, .F. ) ;
#6620 = LINE ( 'NONE', #7366, #8077 ) ;
#6622 = LINE ( 'NONE', #9655, #4505 ) ;
#6623 = DIRECTION ( 'NONE',  ( -0.000000000000000000, 1.000000000000000000, 0.000000000000000000 ) ) ;
#6624 = CARTESIAN_POINT ( 'NONE',  ( -0.2300000000000010369, 2.440000000000000835, 6.019999999999999574 ) ) ;
#6625 = DIRECTION ( 'NONE',  ( 0.000000000000000000, 1.000000000000000000, 0.000000000000000000 ) ) ;
#6626 = EDGE_CURVE ( 'NONE', #4152, #7198, #7817, .T. ) ;
#6627 = ORIENTED_EDGE ( 'NONE', *, *, #3603, .T. ) ;
#6628 = ORIENTED_EDGE ( 'NONE', *, *, #8336, .T. ) ;
#6629 = DIRECTION ( 'NONE',  ( 0.000000000000000000, 0.000000000000000000, 1.000000000000000000 ) ) ;
#6630 = FACE_OUTER_BOUND ( 'NONE', #1040, .T. ) ;
#6631 = DIRECTION ( 'NONE',  ( 0.000000000000000000, 1.000000000000000000, 0.000000000000000000 ) ) ;
#6632 = EDGE_CURVE ( 'NONE', #3000, #724, #342, .T. ) ;
#6633 = DIRECTION ( 'NONE',  ( 0.000000000000000000, 0.000000000000000000, -1.000000000000000000 ) ) ;
#6634 = ADVANCED_FACE ( 'NONE', ( #8553 ), #6219, .F. ) ;
#6635 = VECTOR ( 'NONE', #2478, 1000.000000000000114 ) ;
#6636 = CARTESIAN_POINT ( 'NONE',  ( 1.269999999999999352, 4.870000000000000995, 8.920000000000001705 ) ) ;
#6637 = CARTESIAN_POINT ( 'NONE',  ( -3.475000000000000977, -2.619615242270999733, 3.319999999999999840 ) ) ;
#6638 = ORIENTED_EDGE ( 'NONE', *, *, #4713, .F. ) ;
#6639 = ORIENTED_EDGE ( 'NONE', *, *, #4770, .F. ) ;
#6640 = ORIENTED_EDGE ( 'NONE', *, *, #309, .T. ) ;
#6641 = CARTESIAN_POINT ( 'NONE',  ( -0.1400000000000007905, -3.179999999999998828, -0.1400000000000003741 ) ) ;
#6642 = LINE ( 'NONE', #5144, #8031 ) ;
#6643 = VECTOR ( 'NONE', #1159, 1000.000000000000000 ) ;
#6644 = EDGE_CURVE ( 'NONE', #9175, #7352, #2426, .T. ) ;
#6645 = EDGE_CURVE ( 'NONE', #6161, #8478, #9357, .T. ) ;
#6646 = CARTESIAN_POINT ( 'NONE',  ( -6.570000000000001172, 4.170000000000000817, 8.920000000000001705 ) ) ;
#6647 = FACE_OUTER_BOUND ( 'NONE', #8052, .T. ) ;
#6648 = DIRECTION ( 'NONE',  ( -0.7071067811865475727, 0.7071067811865475727, 0.000000000000000000 ) ) ;
#6649 = ORIENTED_EDGE ( 'NONE', *, *, #6040, .T. ) ;
#6650 = ORIENTED_EDGE ( 'NONE', *, *, #1115, .T. ) ;
#6651 = VERTEX_POINT ( 'NONE', #5571 ) ;
#6652 = FACE_OUTER_BOUND ( 'NONE', #5464, .T. ) ;
#6653 = LINE ( 'NONE', #8892, #7877 ) ;
#6654 = VECTOR ( 'NONE', #2275, 1000.000000000000000 ) ;
#6655 = ORIENTED_EDGE ( 'NONE', *, *, #7084, .F. ) ;
#6656 = EDGE_CURVE ( 'NONE', #363, #9442, #3922, .T. ) ;
#6657 = DIRECTION ( 'NONE',  ( 0.000000000000000000, 1.000000000000000000, 0.000000000000000000 ) ) ;
#6658 = EDGE_LOOP ( 'NONE', ( #8604, #8736, #5856, #5059 ) ) ;
#6659 = DIRECTION ( 'NONE',  ( 0.000000000000000000, 1.000000000000000000, 0.000000000000000000 ) ) ;
#6660 = PLANE ( 'NONE',  #4048 ) ;
#6661 = CARTESIAN_POINT ( 'NONE',  ( 0.1399999999999990696, 5.580000000000000959, 6.519999999999999574 ) ) ;
#6662 = DIRECTION ( 'NONE',  ( 1.000000000000000000, 0.000000000000000000, 0.000000000000000000 ) ) ;
#6663 = LINE ( 'NONE', #1332, #6677 ) ;
#6664 = EDGE_LOOP ( 'NONE', ( #3660, #3267, #4883, #7100 ) ) ;
#6665 = ADVANCED_FACE ( 'NONE', ( #4828 ), #1046, .F. ) ;
#6666 = DIRECTION ( 'NONE',  ( 0.9841833239736893502, -0.1771529983152980714, 0.000000000000000000 ) ) ;
#6667 = DIRECTION ( 'NONE',  ( 0.000000000000000000, 0.000000000000000000, 1.000000000000000000 ) ) ;
#6668 = CARTESIAN_POINT ( 'NONE',  ( -1.730000000000000870, 1.170000000000000817, 8.920000000000001705 ) ) ;
#6669 = CARTESIAN_POINT ( 'NONE',  ( 3.274999999999999467, 1.740000000000000657, 5.570000000000000284 ) ) ;
#6670 = CARTESIAN_POINT ( 'NONE',  ( 0.3199999999999991185, 3.620000000000000995, -0.9900000000000004352 ) ) ;
#6671 = CARTESIAN_POINT ( 'NONE',  ( 3.324999999999998845, 1.740000000000000657, 6.769999999999999574 ) ) ;
#6672 = ORIENTED_EDGE ( 'NONE', *, *, #3300, .F. ) ;
#6673 = ORIENTED_EDGE ( 'NONE', *, *, #9331, .F. ) ;
#6674 = DIRECTION ( 'NONE',  ( 1.000000000000000000, 0.000000000000000000, 0.000000000000000000 ) ) ;
#6675 = DIRECTION ( 'NONE',  ( 0.000000000000000000, 0.000000000000000000, 1.000000000000000000 ) ) ;
#6676 = EDGE_CURVE ( 'NONE', #1562, #5080, #7119, .T. ) ;
#6677 = VECTOR ( 'NONE', #2731, 1000.000000000000114 ) ;
#6678 = DIRECTION ( 'NONE',  ( 0.000000000000000000, -0.1771529983152980714, 0.9841833239736893502 ) ) ;
#6679 = VECTOR ( 'NONE', #5928, 1000.000000000000227 ) ;
#6680 = CARTESIAN_POINT ( 'NONE',  ( 0.3199999999999991185, 3.620000000000000995, -0.9900000000000004352 ) ) ;
#6681 = DIRECTION ( 'NONE',  ( 0.000000000000000000, 0.000000000000000000, 1.000000000000000000 ) ) ;
#6682 = ORIENTED_EDGE ( 'NONE', *, *, #3890, .T. ) ;
#6683 = VERTEX_POINT ( 'NONE', #5469 ) ;
#6684 = VECTOR ( 'NONE', #8480, 1000.000000000000000 ) ;
#6685 = DIRECTION ( 'NONE',  ( 0.000000000000000000, 1.000000000000000000, 0.000000000000000000 ) ) ;
#6686 = ADVANCED_FACE ( 'NONE', ( #2582 ), #5622, .T. ) ;
#6687 = CARTESIAN_POINT ( 'NONE',  ( 0.3199999999999991185, 7.370000000000000995, 0.3099999999999999423 ) ) ;
#6688 = VECTOR ( 'NONE', #937, 1000.000000000000000 ) ;
#6689 = CARTESIAN_POINT ( 'NONE',  ( -3.320000000000000728, 5.760000000000001563, 2.319999999999999840 ) ) ;
#6690 = DIRECTION ( 'NONE',  ( 1.000000000000000000, 0.000000000000000000, 0.000000000000000000 ) ) ;
#6691 = EDGE_LOOP ( 'NONE', ( #4003, #9073, #1284, #7841, #6777, #3432 ) ) ;
#6692 = ORIENTED_EDGE ( 'NONE', *, *, #7224, .F. ) ;
#6693 = PLANE ( 'NONE',  #4834 ) ;
#6694 = ORIENTED_EDGE ( 'NONE', *, *, #7731, .F. ) ;
#6695 = EDGE_CURVE ( 'NONE', #8090, #7343, #489, .T. ) ;
#6696 = EDGE_CURVE ( 'NONE', #5896, #2368, #6516, .T. ) ;
#6697 = CARTESIAN_POINT ( 'NONE',  ( -6.000000000000000888, 5.210000000000000853, 6.019999999999999574 ) ) ;
#6698 = AXIS2_PLACEMENT_3D ( 'NONE', #7722, #901, #8407 ) ;
#6699 = ADVANCED_FACE ( 'NONE', ( #1188 ), #5116, .T. ) ;
#6700 = EDGE_LOOP ( 'NONE', ( #385, #8927, #3309, #3051, #6832, #9660 ) ) ;
#6701 = PLANE ( 'NONE',  #9017 ) ;
#6702 = ADVANCED_FACE ( 'NONE', ( #6466 ), #1983, .F. ) ;
#6703 = ADVANCED_FACE ( 'NONE', ( #5027 ), #392, .F. ) ;
#6704 = LINE ( 'NONE', #9000, #712 ) ;
#6705 = EDGE_CURVE ( 'NONE', #6508, #4813, #225, .T. ) ;
#6706 = LINE ( 'NONE', #5211, #6907 ) ;
#6707 = ORIENTED_EDGE ( 'NONE', *, *, #4142, .F. ) ;
#6708 = LINE ( 'NONE', #8946, #8661 ) ;
#6709 = CYLINDRICAL_SURFACE ( 'NONE', #7074, 0.7499999999999997780 ) ;
#6710 = EDGE_LOOP ( 'NONE', ( #8644, #757, #8373, #2428, #4440 ) ) ;
#6711 = EDGE_CURVE ( 'NONE', #902, #1702, #1242, .T. ) ;
#6712 = LINE ( 'NONE', #1432, #9408 ) ;
#6714 = ORIENTED_EDGE ( 'NONE', *, *, #9632, .F. ) ;
#6713 = DIRECTION ( 'NONE',  ( 0.000000000000000000, 0.000000000000000000, 1.000000000000000000 ) ) ;
#6715 = CARTESIAN_POINT ( 'NONE',  ( 2.340485608556998720, 4.515000000000000568, 1.169999999999999707 ) ) ;
#6716 = CARTESIAN_POINT ( 'NONE',  ( -5.680000000000000604, -2.179999999999998828, -2.680000000000000160 ) ) ;
#6717 = LINE ( 'NONE', #3024, #3814 ) ;
#6718 = ORIENTED_EDGE ( 'NONE', *, *, #1560, .T. ) ;
#6719 = EDGE_LOOP ( 'NONE', ( #1685, #8401, #9848, #3289, #5068, #5212, #4640, #171, #2520, #4639, #8632, #1599, #4708, #6190, #3147, #997, #5994, #1726, #4595, #7154, #6511, #8215, #3545, #8937, #3054, #1693, #577, #4832, #5193, #2629, #8688, #2213, #6303, #4893, #9779, #1477, #9835, #6672, #626, #5761, #8906, #1253, #7173, #6447, #4035, #8622, #5809, #5841, #6444, #3546, #8234, #1578, #5351, #2259, #729, #7940, #8630, #2902, #5180, #5318, #9578, #6422, #1021, #2118, #8845, #324 ) ) ;
#6720 = CARTESIAN_POINT ( 'NONE',  ( -9.324999999999999289, 1.530000000000000915, 7.270000000000000462 ) ) ;
#6721 = DIRECTION ( 'NONE',  ( 0.000000000000000000, 0.000000000000000000, -1.000000000000000000 ) ) ;
#6722 = AXIS2_PLACEMENT_3D ( 'NONE', #4246, #5701, #4192 ) ;
#6723 = CARTESIAN_POINT ( 'NONE',  ( -5.680000000000000604, -2.179999999999998828, -0.3199999999999999512 ) ) ;
#6724 = PLANE ( 'NONE',  #634 ) ;
#6725 = DIRECTION ( 'NONE',  ( 0.000000000000000000, 0.000000000000000000, -1.000000000000000000 ) ) ;
#6726 = DIRECTION ( 'NONE',  ( 0.000000000000000000, 1.000000000000000000, 0.000000000000000000 ) ) ;
#6727 = ORIENTED_EDGE ( 'NONE', *, *, #4862, .F. ) ;
#6728 = ORIENTED_EDGE ( 'NONE', *, *, #2081, .T. ) ;
#6729 = ORIENTED_EDGE ( 'NONE', *, *, #4829, .T. ) ;
#6730 = EDGE_CURVE ( 'NONE', #6454, #6548, #7358, .T. ) ;
#6731 = AXIS2_PLACEMENT_3D ( 'NONE', #5198, #1413, #6501 ) ;
#6732 = DIRECTION ( 'NONE',  ( 0.000000000000000000, 0.000000000000000000, 1.000000000000000000 ) ) ;
#6733 = CARTESIAN_POINT ( 'NONE',  ( -9.574999999999999289, 1.160000000000000808, -0.3199999999999999512 ) ) ;
#6734 = VECTOR ( 'NONE', #1842, 1000.000000000000000 ) ;
#6735 = CARTESIAN_POINT ( 'NONE',  ( 0.3199999999999991185, 5.529000000000000803, 0.3099999999999999423 ) ) ;
#6736 = VECTOR ( 'NONE', #7087, 1000.000000000000000 ) ;
#6737 = DIRECTION ( 'NONE',  ( 0.000000000000000000, 1.000000000000000000, 0.000000000000000000 ) ) ;
#6738 = VECTOR ( 'NONE', #4810, 1000.000000000000000 ) ;
#6739 = VERTEX_POINT ( 'NONE', #9507 ) ;
#6740 = EDGE_LOOP ( 'NONE', ( #2968, #955, #4087, #8751 ) ) ;
#6741 = EDGE_LOOP ( 'NONE', ( #6940, #9767, #2568, #7537 ) ) ;
#6742 = ADVANCED_FACE ( 'NONE', ( #4265 ), #6615, .F. ) ;
#6743 = CARTESIAN_POINT ( 'NONE',  ( -3.949500478620100896, -2.437035986035998913, 5.320000000000000284 ) ) ;
#6744 = CARTESIAN_POINT ( 'NONE',  ( -9.324999999999999289, 8.673617379884035472E-16, 0.6099999999999998757 ) ) ;
#6745 = ORIENTED_EDGE ( 'NONE', *, *, #9330, .F. ) ;
#6746 = LINE ( 'NONE', #4600, #645 ) ;
#6747 = AXIS2_PLACEMENT_3D ( 'NONE', #5713, #8745, #1972 ) ;
#6748 = EDGE_LOOP ( 'NONE', ( #5345, #7504, #3088, #9036 ) ) ;
#6749 = AXIS2_PLACEMENT_3D ( 'NONE', #3442, #5132, #8773 ) ;
#6750 = CARTESIAN_POINT ( 'NONE',  ( -2.680000000000001048, 4.260000000000000675, 0.3099999999999999423 ) ) ;
#6751 = VECTOR ( 'NONE', #5508, 1000.000000000000000 ) ;
#6752 = CARTESIAN_POINT ( 'NONE',  ( -9.574999999999999289, 1.160000000000000808, -0.3199999999999999512 ) ) ;
#6753 = DIRECTION ( 'NONE',  ( 0.000000000000000000, 0.000000000000000000, -1.000000000000000000 ) ) ;
#6754 = ORIENTED_EDGE ( 'NONE', *, *, #1531, .T. ) ;
#6755 = ADVANCED_FACE ( 'NONE', ( #8148 ), #2682, .T. ) ;
#6756 = PLANE ( 'NONE',  #5640 ) ;
#6757 = DIRECTION ( 'NONE',  ( -1.000000000000000000, 0.000000000000000000, 0.000000000000000000 ) ) ;
#6758 = VECTOR ( 'NONE', #6923, 1000.000000000000000 ) ;
#6759 = VERTEX_POINT ( 'NONE', #1933 ) ;
#6760 = VECTOR ( 'NONE', #2449, 1000.000000000000000 ) ;
#6761 = AXIS2_PLACEMENT_3D ( 'NONE', #8113, #2737, #4174 ) ;
#6762 = CARTESIAN_POINT ( 'NONE',  ( -2.680000000000001048, 5.760000000000001563, 2.319999999999999840 ) ) ;
#6764 = ORIENTED_EDGE ( 'NONE', *, *, #5684, .F. ) ;
#6763 = LINE ( 'NONE', #3578, #2678 ) ;
#6765 = CARTESIAN_POINT ( 'NONE',  ( -5.860000000000000320, -3.179999999999998828, 0.1399999999999999301 ) ) ;
#6766 = CARTESIAN_POINT ( 'NONE',  ( -5.680000000000000604, 4.889000000000001123, -2.680000000000000160 ) ) ;
#6767 = EDGE_CURVE ( 'NONE', #3422, #9185, #1281, .T. ) ;
#6768 = DIRECTION ( 'NONE',  ( 0.000000000000000000, 1.000000000000000000, 0.000000000000000000 ) ) ;
#6769 = EDGE_CURVE ( 'NONE', #2506, #5238, #537, .T. ) ;
#6770 = ORIENTED_EDGE ( 'NONE', *, *, #1286, .F. ) ;
#6771 = FACE_OUTER_BOUND ( 'NONE', #7094, .T. ) ;
#6772 = EDGE_CURVE ( 'NONE', #1441, #6243, #9646, .T. ) ;
#6773 = PLANE ( 'NONE',  #284 ) ;
#6774 = CARTESIAN_POINT ( 'NONE',  ( 3.824999999999999289, 4.515000000000000568, 1.269999999999999796 ) ) ;
#6775 = CARTESIAN_POINT ( 'NONE',  ( -4.270000000000001350, 6.710000000000000853, 2.319999999999999840 ) ) ;
#6776 = CARTESIAN_POINT ( 'NONE',  ( -5.680000000000000604, 2.760000000000000675, -0.3199999999999999512 ) ) ;
#6777 = ORIENTED_EDGE ( 'NONE', *, *, #1900, .F. ) ;
#6778 = DIRECTION ( 'NONE',  ( 0.000000000000000000, 0.000000000000000000, 1.000000000000000000 ) ) ;
#6779 = FACE_OUTER_BOUND ( 'NONE', #5191, .T. ) ;
#6780 = ORIENTED_EDGE ( 'NONE', *, *, #3681, .F. ) ;
#6781 = VERTEX_POINT ( 'NONE', #4973 ) ;
#6782 = VERTEX_POINT ( 'NONE', #7411 ) ;
#6783 = ADVANCED_FACE ( 'NONE', ( #588 ), #442, .F. ) ;
#6784 = LINE ( 'NONE', #6641, #1759 ) ;
#6785 = DIRECTION ( 'NONE',  ( 1.000000000000000000, 0.000000000000000000, 0.000000000000000000 ) ) ;
#6786 = CARTESIAN_POINT ( 'NONE',  ( -9.574999999999999289, 1.160000000000000808, -0.9900000000000004352 ) ) ;
#6787 = ORIENTED_EDGE ( 'NONE', *, *, #772, .F. ) ;
#6788 = CARTESIAN_POINT ( 'NONE',  ( -4.262711674315001531, -2.147534856565000094, 5.320000000000000284 ) ) ;
#6789 = CARTESIAN_POINT ( 'NONE',  ( -3.000000000000000888, 5.670000000000000817, 6.019999999999999574 ) ) ;
#6790 = VERTEX_POINT ( 'NONE', #9458 ) ;
#6791 = AXIS2_PLACEMENT_3D ( 'NONE', #5228, #7473, #9664 ) ;
#6792 = CARTESIAN_POINT ( 'NONE',  ( 1.940485608556998587, 7.370000000000000995, 8.920000000000001705 ) ) ;
#6793 = ORIENTED_EDGE ( 'NONE', *, *, #7429, .F. ) ;
#6794 = DIRECTION ( 'NONE',  ( 1.000000000000000000, 0.000000000000000000, 0.000000000000000000 ) ) ;
#6795 = ADVANCED_FACE ( 'NONE', ( #8005 ), #8711, .T. ) ;
#6796 = EDGE_CURVE ( 'NONE', #1224, #260, #8244, .T. ) ;
#6797 = CARTESIAN_POINT ( 'NONE',  ( -2.680000000000001048, 2.120000000000000995, 6.519999999999999574 ) ) ;
#6798 = VECTOR ( 'NONE', #4566, 1000.000000000000000 ) ;
#6799 = PLANE ( 'NONE',  #3242 ) ;
#6800 = EDGE_LOOP ( 'NONE', ( #4189, #9531, #3634, #1617 ) ) ;
#6801 = DIRECTION ( 'NONE',  ( 0.000000000000000000, 1.000000000000000000, 0.000000000000000000 ) ) ;
#6802 = DIRECTION ( 'NONE',  ( 0.000000000000000000, -1.000000000000000000, 0.000000000000000000 ) ) ;
#6803 = ORIENTED_EDGE ( 'NONE', *, *, #4338, .F. ) ;
#6804 = DIRECTION ( 'NONE',  ( 0.000000000000000000, 0.000000000000000000, 1.000000000000000000 ) ) ;
#6805 = EDGE_CURVE ( 'NONE', #1235, #6980, #3008, .T. ) ;
#6807 = ORIENTED_EDGE ( 'NONE', *, *, #5794, .T. ) ;
#6806 = DIRECTION ( 'NONE',  ( 0.000000000000000000, 1.000000000000000000, 0.000000000000000000 ) ) ;
#6808 = FACE_OUTER_BOUND ( 'NONE', #7339, .T. ) ;
#6809 = DIRECTION ( 'NONE',  ( 0.000000000000000000, -1.000000000000000000, 0.000000000000000000 ) ) ;
#6810 = DIRECTION ( 'NONE',  ( 0.000000000000000000, 0.000000000000000000, -1.000000000000000000 ) ) ;
#6811 = UNCERTAINTY_MEASURE_WITH_UNIT (LENGTH_MEASURE( 1.000000000000000082E-05 ), #4954, 'distance_accuracy_value', 'NONE');
#6812 = AXIS2_PLACEMENT_3D ( 'NONE', #5930, #7384, #8972 ) ;
#6813 = CARTESIAN_POINT ( 'NONE',  ( -2.680000000000001048, 4.889000000000001123, -0.3199999999999999512 ) ) ;
#6814 = ORIENTED_EDGE ( 'NONE', *, *, #6868, .F. ) ;
#6815 = EDGE_CURVE ( 'NONE', #7795, #7779, #3061, .T. ) ;
#6816 = VERTEX_POINT ( 'NONE', #679 ) ;
#6817 = DIRECTION ( 'NONE',  ( 1.000000000000000000, 0.000000000000000000, 0.000000000000000000 ) ) ;
#6818 = EDGE_CURVE ( 'NONE', #6048, #2495, #5260, .T. ) ;
#6819 = FACE_OUTER_BOUND ( 'NONE', #2941, .T. ) ;
#6820 = ADVANCED_FACE ( 'NONE', ( #9093 ), #1979, .T. ) ;
#6821 = EDGE_CURVE ( 'NONE', #1309, #7927, #2267, .T. ) ;
#6822 = ORIENTED_EDGE ( 'NONE', *, *, #4560, .F. ) ;
#6823 = LINE ( 'NONE', #2939, #2148 ) ;
#6824 = DIRECTION ( 'NONE',  ( -1.000000000000000000, 0.000000000000000000, 0.000000000000000000 ) ) ;
#6825 = EDGE_CURVE ( 'NONE', #7462, #2706, #9790, .T. ) ;
#6826 = ORIENTED_EDGE ( 'NONE', *, *, #8839, .F. ) ;
#6827 = CARTESIAN_POINT ( 'NONE',  ( -9.574999999999999289, 5.040000000000000924, 5.750000000000000000 ) ) ;
#6828 = EDGE_CURVE ( 'NONE', #9277, #2040, #1425, .T. ) ;
#6829 = FACE_OUTER_BOUND ( 'NONE', #5388, .T. ) ;
#6830 = ORIENTED_EDGE ( 'NONE', *, *, #6130, .T. ) ;
#6831 = ORIENTED_EDGE ( 'NONE', *, *, #6796, .F. ) ;
#6832 = ORIENTED_EDGE ( 'NONE', *, *, #6884, .F. ) ;
#6833 = CARTESIAN_POINT ( 'NONE',  ( -2.680000000000001048, 2.120000000000000995, 5.519999999999999574 ) ) ;
#6834 = CARTESIAN_POINT ( 'NONE',  ( 3.574999999999999289, 3.365000000000000657, 1.269999999999999796 ) ) ;
#6835 = AXIS2_PLACEMENT_3D ( 'NONE', #6873, #8406, #7575 ) ;
#6836 = ADVANCED_FACE ( 'NONE', ( #2171 ), #4464, .F. ) ;
#6837 = CARTESIAN_POINT ( 'NONE',  ( -3.320000000000000728, 5.529000000000000803, -0.3199999999999999512 ) ) ;
#6838 = AXIS2_PLACEMENT_3D ( 'NONE', #5947, #1421, #2313 ) ;
#6839 = ORIENTED_EDGE ( 'NONE', *, *, #2654, .T. ) ;
#6840 = ORIENTED_EDGE ( 'NONE', *, *, #5489, .T. ) ;
#6841 = PLANE ( 'NONE',  #2274 ) ;
#6842 = PRESENTATION_STYLE_ASSIGNMENT (( #5203 ) ) ;
#6843 = ORIENTED_EDGE ( 'NONE', *, *, #8452, .F. ) ;
#6844 = AXIS2_PLACEMENT_3D ( 'NONE', #4120, #4022, #6316 ) ;
#6845 = LINE ( 'NONE', #4459, #4462 ) ;
#6846 = ORIENTED_EDGE ( 'NONE', *, *, #2318, .F. ) ;
#6847 = LINE ( 'NONE', #2167, #913 ) ;
#6848 = VECTOR ( 'NONE', #4309, 1000.000000000000000 ) ;
#6849 = PLANE ( 'NONE',  #9771 ) ;
#6850 = LINE ( 'NONE', #1574, #4194 ) ;
#6851 = ORIENTED_EDGE ( 'NONE', *, *, #8042, .F. ) ;
#6852 = DIRECTION ( 'NONE',  ( 0.000000000000000000, 0.000000000000000000, 1.000000000000000000 ) ) ;
#6853 = CYLINDRICAL_SURFACE ( 'NONE', #2444, 1.300000000000000044 ) ;
#6854 = DIRECTION ( 'NONE',  ( -0.000000000000000000, 1.000000000000000000, 0.000000000000000000 ) ) ;
#6855 = EDGE_LOOP ( 'NONE', ( #4034, #5356, #5610, #3924 ) ) ;
#6856 = AXIS2_PLACEMENT_3D ( 'NONE', #1246, #8810, #400 ) ;
#6857 = EDGE_CURVE ( 'NONE', #8190, #9732, #7456, .T. ) ;
#6858 = LINE ( 'NONE', #9099, #6227 ) ;
#6860 = ORIENTED_EDGE ( 'NONE', *, *, #7221, .T. ) ;
#6859 = FACE_BOUND ( 'NONE', #6603, .T. ) ;
#6861 = DIRECTION ( 'NONE',  ( -1.000000000000000000, 0.000000000000000000, 0.000000000000000000 ) ) ;
#6862 = AXIS2_PLACEMENT_3D ( 'NONE', #5735, #9567, #2790 ) ;
#6863 = DIRECTION ( 'NONE',  ( 0.000000000000000000, -1.000000000000000000, 0.000000000000000000 ) ) ;
#6864 = DIRECTION ( 'NONE',  ( -0.6427876096865049460, 0.000000000000000000, -0.7660444431190069903 ) ) ;
#6865 = CARTESIAN_POINT ( 'NONE',  ( 3.324999999999998845, 1.740000000000000657, 5.570000000000000284 ) ) ;
#6866 = VERTEX_POINT ( 'NONE', #7498 ) ;
#6867 = ORIENTED_EDGE ( 'NONE', *, *, #4458, .F. ) ;
#6868 = EDGE_CURVE ( 'NONE', #2515, #3968, #9146, .T. ) ;
#6869 = LINE ( 'NONE', #41, #8977 ) ;
#6870 = DIRECTION ( 'NONE',  ( 0.000000000000000000, 1.000000000000000000, 0.000000000000000000 ) ) ;
#6871 = LINE ( 'NONE', #9517, #8542 ) ;
#6872 = FACE_OUTER_BOUND ( 'NONE', #8449, .T. ) ;
#6873 = CARTESIAN_POINT ( 'NONE',  ( -8.640485608557000319, 3.540000000000000480, 1.269999999999999796 ) ) ;
#6874 = ORIENTED_EDGE ( 'NONE', *, *, #1907, .T. ) ;
#6875 = DIRECTION ( 'NONE',  ( 0.000000000000000000, 0.000000000000000000, 1.000000000000000000 ) ) ;
#6876 = LINE ( 'NONE', #7917, #2615 ) ;
#6877 = EDGE_LOOP ( 'NONE', ( #5550, #3092, #659, #9643, #4134, #5751 ) ) ;
#6878 = ORIENTED_EDGE ( 'NONE', *, *, #571, .T. ) ;
#6879 = ORIENTED_EDGE ( 'NONE', *, *, #6260, .T. ) ;
#6880 = DIRECTION ( 'NONE',  ( 0.000000000000000000, 0.000000000000000000, -1.000000000000000000 ) ) ;
#6881 = ADVANCED_FACE ( 'NONE', ( #4557 ), #5355, .F. ) ;
#6882 = AXIS2_PLACEMENT_3D ( 'NONE', #1121, #1311, #4148 ) ;
#6883 = DIRECTION ( 'NONE',  ( -1.000000000000000000, 0.000000000000000000, 0.000000000000000000 ) ) ;
#6884 = EDGE_CURVE ( 'NONE', #1077, #8332, #2872, .T. ) ;
#6885 = VECTOR ( 'NONE', #3357, 1000.000000000000000 ) ;
#6886 = CARTESIAN_POINT ( 'NONE',  ( -3.700000000000001066, 8.769999999999999574, 5.969999999999999751 ) ) ;
#6887 = ADVANCED_FACE ( 'NONE', ( #2963 ), #6799, .T. ) ;
#6888 = VERTEX_POINT ( 'NONE', #3802 ) ;
#6889 = VERTEX_POINT ( 'NONE', #8945 ) ;
#6890 = DIRECTION ( 'NONE',  ( 0.000000000000000000, 0.000000000000000000, -1.000000000000000000 ) ) ;
#6891 = DIRECTION ( 'NONE',  ( 1.000000000000000000, 0.000000000000000000, 0.000000000000000000 ) ) ;
#6892 = ORIENTED_EDGE ( 'NONE', *, *, #5995, .T. ) ;
#6893 = VECTOR ( 'NONE', #8188, 1000.000000000000000 ) ;
#6894 = LINE ( 'NONE', #7844, #5258 ) ;
#6895 = EDGE_CURVE ( 'NONE', #5709, #953, #6850, .T. ) ;
#6896 = VERTEX_POINT ( 'NONE', #7645 ) ;
#6897 = DIRECTION ( 'NONE',  ( 0.000000000000000000, 1.000000000000000000, 0.000000000000000000 ) ) ;
#6898 = VECTOR ( 'NONE', #1548, 1000.000000000000000 ) ;
#6899 = LINE ( 'NONE', #1674, #3096 ) ;
#6900 = DIRECTION ( 'NONE',  ( 1.000000000000000000, 0.000000000000000000, 0.000000000000000000 ) ) ;
#6901 = ORIENTED_EDGE ( 'NONE', *, *, #8998, .T. ) ;
#6902 = CARTESIAN_POINT ( 'NONE',  ( -1.525000000000001021, 8.673617379884035472E-16, 7.509999999999998899 ) ) ;
#6903 = DIRECTION ( 'NONE',  ( 0.000000000000000000, 1.000000000000000000, 0.000000000000000000 ) ) ;
#6904 = ORIENTED_EDGE ( 'NONE', *, *, #4518, .T. ) ;
#6905 = VECTOR ( 'NONE', #8388, 1000.000000000000000 ) ;
#6906 = VECTOR ( 'NONE', #158, 1000.000000000000000 ) ;
#6907 = VECTOR ( 'NONE', #7847, 1000.000000000000000 ) ;
#6908 = LINE ( 'NONE', #5417, #5429 ) ;
#6909 = EDGE_CURVE ( 'NONE', #7122, #5289, #9736, .T. ) ;
#6911 = ORIENTED_EDGE ( 'NONE', *, *, #4703, .F. ) ;
#6910 = CARTESIAN_POINT ( 'NONE',  ( -1.730000000000000870, 6.710000000000000853, 2.319999999999999840 ) ) ;
#6912 = FACE_BOUND ( 'NONE', #6710, .T. ) ;
#6913 = CARTESIAN_POINT ( 'NONE',  ( -9.825000000000001066, 4.515000000000000568, 1.269999999999999796 ) ) ;
#6914 = LINE ( 'NONE', #7814, #8187 ) ;
#6915 = VECTOR ( 'NONE', #1577, 1000.000000000000000 ) ;
#6916 = VECTOR ( 'NONE', #1412, 1000.000000000000000 ) ;
#6917 = CARTESIAN_POINT ( 'NONE',  ( -0.3200000000000008393, 5.120000000000000995, 2.319999999999999840 ) ) ;
#6918 = AXIS2_PLACEMENT_3D ( 'NONE', #536, #3566, #440 ) ;
#6919 = VERTEX_POINT ( 'NONE', #3665 ) ;
#6920 = LINE ( 'NONE', #5977, #2769 ) ;
#6921 = AXIS2_PLACEMENT_3D ( 'NONE', #8360, #9811, #3875 ) ;
#6922 = DIRECTION ( 'NONE',  ( 1.000000000000000000, 0.000000000000000000, 0.000000000000000000 ) ) ;
#6923 = DIRECTION ( 'NONE',  ( 0.000000000000000000, -1.000000000000000000, 0.000000000000000000 ) ) ;
#6924 = EDGE_CURVE ( 'NONE', #2263, #704, #6706, .T. ) ;
#6925 = CARTESIAN_POINT ( 'NONE',  ( 2.340485608556998720, 3.365000000000000657, 1.269999999999999796 ) ) ;
#6926 = CARTESIAN_POINT ( 'NONE',  ( -2.860000000000001208, -3.179999999999998828, 0.1399999999999999301 ) ) ;
#6927 = ORIENTED_EDGE ( 'NONE', *, *, #663, .T. ) ;
#6928 = LINE ( 'NONE', #753, #5323 ) ;
#6929 = CARTESIAN_POINT ( 'NONE',  ( -0.3200000000000008393, 2.760000000000000675, -0.3199999999999999512 ) ) ;
#6930 = VERTEX_POINT ( 'NONE', #2467 ) ;
#6931 = ORIENTED_EDGE ( 'NONE', *, *, #8728, .F. ) ;
#6932 = ORIENTED_EDGE ( 'NONE', *, *, #9601, .F. ) ;
#6933 = DIRECTION ( 'NONE',  ( -0.1744369497454954787, 0.9690941652527760297, 0.1744369497454954787 ) ) ;
#6934 = EDGE_CURVE ( 'NONE', #2242, #1814, #177, .T. ) ;
#6935 = DIRECTION ( 'NONE',  ( -0.1771529983152980992, -0.9841833239736893502, 0.000000000000000000 ) ) ;
#6936 = EDGE_CURVE ( 'NONE', #3056, #8993, #4763, .T. ) ;
#6937 = LINE ( 'NONE', #1710, #1637 ) ;
#6938 = ORIENTED_EDGE ( 'NONE', *, *, #8583, .T. ) ;
#6939 = ORIENTED_EDGE ( 'NONE', *, *, #1237, .F. ) ;
#6940 = ORIENTED_EDGE ( 'NONE', *, *, #6068, .T. ) ;
#6941 = DIRECTION ( 'NONE',  ( 0.000000000000000000, 1.000000000000000000, 0.000000000000000000 ) ) ;
#6942 = CARTESIAN_POINT ( 'NONE',  ( -6.320000000000001172, 4.889000000000001123, 0.3099999999999999423 ) ) ;
#6943 = VERTEX_POINT ( 'NONE', #1771 ) ;
#6944 = PLANE ( 'NONE',  #5887 ) ;
#6945 = EDGE_CURVE ( 'NONE', #8975, #9661, #7798, .T. ) ;
#6946 = VERTEX_POINT ( 'NONE', #8536 ) ;
#6947 = VECTOR ( 'NONE', #6631, 1000.000000000000000 ) ;
#6948 = EDGE_CURVE ( 'NONE', #5446, #1550, #6301, .T. ) ;
#6949 = LINE ( 'NONE', #3906, #6643 ) ;
#6950 = DIRECTION ( 'NONE',  ( 0.000000000000000000, 0.000000000000000000, 1.000000000000000000 ) ) ;
#6951 = LINE ( 'NONE', #977, #9610 ) ;
#6952 = ORIENTED_EDGE ( 'NONE', *, *, #3450, .T. ) ;
#6953 = DIRECTION ( 'NONE',  ( 0.000000000000000000, 0.000000000000000000, -1.000000000000000000 ) ) ;
#6954 = DIRECTION ( 'NONE',  ( 0.000000000000000000, 0.000000000000000000, -1.000000000000000000 ) ) ;
#6955 = DIRECTION ( 'NONE',  ( 0.6389710663782904865, 0.000000000000000000, -0.7692307692307883693 ) ) ;
#6956 = EDGE_CURVE ( 'NONE', #183, #7295, #278, .T. ) ;
#6957 = VECTOR ( 'NONE', #999, 1000.000000000000000 ) ;
#6958 = ORIENTED_EDGE ( 'NONE', *, *, #5659, .F. ) ;
#6959 = CARTESIAN_POINT ( 'NONE',  ( -8.340485608557001385, 3.540000000000000480, 1.169999999999999707 ) ) ;
#6960 = CARTESIAN_POINT ( 'NONE',  ( 0.3199999999999991185, 0.5100000000000008971, 0.3199999999999999512 ) ) ;
#6962 = VERTEX_POINT ( 'NONE', #7049 ) ;
#6961 = LINE ( 'NONE', #5366, #6798 ) ;
#6963 = FACE_BOUND ( 'NONE', #9483, .T. ) ;
#6964 = VECTOR ( 'NONE', #3927, 1000.000000000000000 ) ;
#6965 = LINE ( 'NONE', #6313, #8016 ) ;
#6966 = CARTESIAN_POINT ( 'NONE',  ( -3.700000000000001066, 8.769999999999999574, 5.969999999999999751 ) ) ;
#6967 = DIRECTION ( 'NONE',  ( 0.000000000000000000, 1.000000000000000000, 0.000000000000000000 ) ) ;
#6968 = DIRECTION ( 'NONE',  ( 0.000000000000000000, 0.000000000000000000, -1.000000000000000000 ) ) ;
#6969 = ORIENTED_EDGE ( 'NONE', *, *, #4324, .T. ) ;
#6970 = VECTOR ( 'NONE', #1386, 1000.000000000000000 ) ;
#6971 = DIRECTION ( 'NONE',  ( -1.000000000000000000, 0.000000000000000000, 0.000000000000000000 ) ) ;
#6972 = CARTESIAN_POINT ( 'NONE',  ( -3.475000000000000977, -3.054999999999999716, 4.320000000000000284 ) ) ;
#6973 = LINE ( 'NONE', #4688, #9039 ) ;
#6974 = DIRECTION ( 'NONE',  ( 0.000000000000000000, 1.000000000000000000, 0.000000000000000000 ) ) ;
#6975 = DIRECTION ( 'NONE',  ( 0.000000000000000000, 0.000000000000000000, 1.000000000000000000 ) ) ;
#6976 = ORIENTED_EDGE ( 'NONE', *, *, #6711, .F. ) ;
#6977 = CARTESIAN_POINT ( 'NONE',  ( -6.320000000000001172, -2.179999999999998828, -2.680000000000000160 ) ) ;
#6978 = DIRECTION ( 'NONE',  ( -1.000000000000000000, 0.000000000000000000, 0.000000000000000000 ) ) ;
#6979 = ORIENTED_EDGE ( 'NONE', *, *, #1871, .F. ) ;
#6980 = VERTEX_POINT ( 'NONE', #1675 ) ;
#6981 = LINE ( 'NONE', #2442, #6906 ) ;
#6982 = EDGE_CURVE ( 'NONE', #5130, #2462, #7102, .T. ) ;
#6983 = LINE ( 'NONE', #8570, #2237 ) ;
#6984 = DIRECTION ( 'NONE',  ( 0.000000000000000000, 1.000000000000000000, 0.000000000000000000 ) ) ;
#6985 = CARTESIAN_POINT ( 'NONE',  ( 0.3199999999999991185, 5.529000000000000803, 0.3099999999999999423 ) ) ;
#6986 = ORIENTED_EDGE ( 'NONE', *, *, #5491, .F. ) ;
#6987 = ORIENTED_EDGE ( 'NONE', *, *, #7815, .T. ) ;
#6988 = ORIENTED_EDGE ( 'NONE', *, *, #5462, .T. ) ;
#6989 = CARTESIAN_POINT ( 'NONE',  ( -4.270000000000001350, 4.870000000000000995, 8.920000000000001705 ) ) ;
#6990 = LINE ( 'NONE', #7474, #9152 ) ;
#6991 = VERTEX_POINT ( 'NONE', #1724 ) ;
#6992 = EDGE_CURVE ( 'NONE', #3595, #8422, #6951, .T. ) ;
#6993 = CARTESIAN_POINT ( 'NONE',  ( -3.475000000000000977, 0.5100000000000008971, 7.509999999999998899 ) ) ;
#6994 = VECTOR ( 'NONE', #8513, 1000.000000000000000 ) ;
#6995 = ORIENTED_EDGE ( 'NONE', *, *, #8038, .F. ) ;
#6996 = CARTESIAN_POINT ( 'NONE',  ( -8.325000000000001066, 4.940000000000000391, -0.3199999999999999512 ) ) ;
#6997 = DIRECTION ( 'NONE',  ( 0.000000000000000000, 0.000000000000000000, 1.000000000000000000 ) ) ;
#6998 = ORIENTED_EDGE ( 'NONE', *, *, #923, .F. ) ;
#6999 = EDGE_LOOP ( 'NONE', ( #9293, #12, #8315, #6180 ) ) ;
#7000 = CARTESIAN_POINT ( 'NONE',  ( -6.320000000000001172, -2.179999999999998828, -0.3199999999999999512 ) ) ;
#7001 = VECTOR ( 'NONE', #9554, 1000.000000000000000 ) ;
#7003 = EDGE_CURVE ( 'NONE', #2247, #5637, #5605, .T. ) ;
#7002 = CARTESIAN_POINT ( 'NONE',  ( -5.680000000000000604, 5.120000000000000995, 2.319999999999999840 ) ) ;
#7004 = LINE ( 'NONE', #8541, #8331 ) ;
#7005 = ORIENTED_EDGE ( 'NONE', *, *, #5017, .F. ) ;
#7006 = DIRECTION ( 'NONE',  ( 0.000000000000000000, -1.000000000000000000, 0.000000000000000000 ) ) ;
#7007 = AXIS2_PLACEMENT_3D ( 'NONE', #8330, #2908, #1374 ) ;
#7008 = LINE ( 'NONE', #2327, #8128 ) ;
#7010 = ORIENTED_EDGE ( 'NONE', *, *, #70, .T. ) ;
#7009 = DIRECTION ( 'NONE',  ( 1.000000000000000000, 0.000000000000000000, 0.000000000000000000 ) ) ;
#7012 = ADVANCED_FACE ( 'NONE', ( #8589 ), #2514, .F. ) ;
#7011 = DIRECTION ( 'NONE',  ( 0.000000000000000000, 0.000000000000000000, 1.000000000000000000 ) ) ;
#7013 = EDGE_CURVE ( 'NONE', #9035, #2309, #6202, .T. ) ;
#7014 = FACE_OUTER_BOUND ( 'NONE', #7555, .T. ) ;
#7015 = LINE ( 'NONE', #293, #2780 ) ;
#7016 = DIRECTION ( 'NONE',  ( 0.000000000000000000, -0.9841833239736893502, 0.1771529983152980714 ) ) ;
#7017 = VECTOR ( 'NONE', #6037, 1000.000000000000000 ) ;
#7018 = EDGE_CURVE ( 'NONE', #4953, #4694, #9244, .T. ) ;
#7019 = DIRECTION ( 'NONE',  ( 0.7071067811865474617, 0.7071067811865474617, 0.000000000000000000 ) ) ;
#7021 = EDGE_CURVE ( 'NONE', #744, #261, #3852, .T. ) ;
#7020 = ORIENTED_EDGE ( 'NONE', *, *, #3237, .T. ) ;
#7022 = LINE ( 'NONE', #3227, #9288 ) ;
#7023 = LINE ( 'NONE', #200, #8073 ) ;
#7024 = AXIS2_PLACEMENT_3D ( 'NONE', #135, #6255, #8545 ) ;
#7025 = CARTESIAN_POINT ( 'NONE',  ( -5.680000000000000604, 5.760000000000001563, 2.319999999999999840 ) ) ;
#7026 = CARTESIAN_POINT ( 'NONE',  ( -2.300000000000000711, 8.769999999999999574, 6.720000000000000639 ) ) ;
#7027 = CARTESIAN_POINT ( 'NONE',  ( -0.3200000000000008393, 4.260000000000000675, -0.3199999999999999512 ) ) ;
#7028 = ORIENTED_EDGE ( 'NONE', *, *, #1691, .F. ) ;
#7029 = LINE ( 'NONE', #9859, #2451 ) ;
#7030 = ORIENTED_EDGE ( 'NONE', *, *, #7261, .T. ) ;
#7031 = ORIENTED_EDGE ( 'NONE', *, *, #7978, .T. ) ;
#7032 = CARTESIAN_POINT ( 'NONE',  ( 2.640485608556998987, 4.340000000000000746, 1.169999999999999707 ) ) ;
#7033 = DIRECTION ( 'NONE',  ( 0.000000000000000000, -1.000000000000000000, 0.000000000000000000 ) ) ;
#7034 = FACE_OUTER_BOUND ( 'NONE', #9686, .T. ) ;
#7035 = EDGE_CURVE ( 'NONE', #612, #7998, #8642, .T. ) ;
#7036 = ADVANCED_FACE ( 'NONE', ( #4658 ), #7748, .T. ) ;
#7037 = CARTESIAN_POINT ( 'NONE',  ( 1.940323739037999040, 5.040000000000000924, 7.270000000000000462 ) ) ;
#7038 = VERTEX_POINT ( 'NONE', #823 ) ;
#7039 = ORIENTED_EDGE ( 'NONE', *, *, #838, .F. ) ;
#7040 = ORIENTED_EDGE ( 'NONE', *, *, #4125, .T. ) ;
#7041 = CARTESIAN_POINT ( 'NONE',  ( 1.269999999999999352, 3.710000000000000409, 8.920000000000001705 ) ) ;
#7042 = LINE ( 'NONE', #8579, #3101 ) ;
#7043 = ORIENTED_EDGE ( 'NONE', *, *, #9622, .T. ) ;
#7044 = LINE ( 'NONE', #4053, #8116 ) ;
#7045 = EDGE_LOOP ( 'NONE', ( #2640, #946, #2201, #2504 ) ) ;
#7046 = PRODUCT_DEFINITION_FORMATION_WITH_SPECIFIED_SOURCE ( 'ANY', '', #498, .NOT_KNOWN. ) ;
#7047 = FACE_OUTER_BOUND ( 'NONE', #2454, .T. ) ;
#7048 = EDGE_CURVE ( 'NONE', #5975, #1555, #5409, .T. ) ;
#7049 = CARTESIAN_POINT ( 'NONE',  ( -6.140000000000001457, -3.179999999999998828, 0.1399999999999999301 ) ) ;
#7050 = VERTEX_POINT ( 'NONE', #6248 ) ;
#7051 = EDGE_LOOP ( 'NONE', ( #2061, #3846, #7039, #966 ) ) ;
#7052 = DIRECTION ( 'NONE',  ( -1.000000000000000000, 0.000000000000000000, 0.000000000000000000 ) ) ;
#7053 = LINE ( 'NONE', #331, #5802 ) ;
#7054 = VERTEX_POINT ( 'NONE', #3114 ) ;
#7055 = CARTESIAN_POINT ( 'NONE',  ( -5.860000000000000320, -3.179999999999998828, -2.860000000000000764 ) ) ;
#7056 = DIRECTION ( 'NONE',  ( -0.9841833239736893502, -0.1771529983152980714, 0.000000000000000000 ) ) ;
#7058 = ORIENTED_EDGE ( 'NONE', *, *, #447, .T. ) ;
#7057 = LINE ( 'NONE', #4774, #7761 ) ;
#7059 = VECTOR ( 'NONE', #6601, 1000.000000000000000 ) ;
#7060 = LINE ( 'NONE', #240, #5523 ) ;
#7061 = DIRECTION ( 'NONE',  ( 0.000000000000000000, 0.000000000000000000, 1.000000000000000000 ) ) ;
#7062 = FACE_OUTER_BOUND ( 'NONE', #521, .T. ) ;
#7063 = ADVANCED_FACE ( 'NONE', ( #6155 ), #928, .T. ) ;
#7064 = CARTESIAN_POINT ( 'NONE',  ( -8.640485608557000319, 4.340000000000000746, 1.169999999999999707 ) ) ;
#7065 = DIRECTION ( 'NONE',  ( 1.000000000000000000, 0.000000000000000000, 0.000000000000000000 ) ) ;
#7066 = VECTOR ( 'NONE', #5769, 1000.000000000000000 ) ;
#7067 = CARTESIAN_POINT ( 'NONE',  ( 0.5699999999999988409, 4.170000000000000817, 2.319999999999999840 ) ) ;
#7068 = AXIS2_PLACEMENT_3D ( 'NONE', #1091, #3970, #7762 ) ;
#7069 = AXIS2_PLACEMENT_3D ( 'NONE', #1889, #4925, #4167 ) ;
#7070 = ORIENTED_EDGE ( 'NONE', *, *, #8785, .F. ) ;
#7071 = CARTESIAN_POINT ( 'NONE',  ( -4.730000000000000426, 4.170000000000000817, 8.920000000000001705 ) ) ;
#7072 = LINE ( 'NONE', #3694, #1200 ) ;
#7073 = EDGE_CURVE ( 'NONE', #6739, #4953, #2759, .T. ) ;
#7074 = AXIS2_PLACEMENT_3D ( 'NONE', #9741, #2916, #4467 ) ;
#7075 = EDGE_CURVE ( 'NONE', #6139, #1964, #7297, .T. ) ;
#7076 = VECTOR ( 'NONE', #903, 1000.000000000000227 ) ;
#7077 = VECTOR ( 'NONE', #2912, 1000.000000000000000 ) ;
#7078 = CARTESIAN_POINT ( 'NONE',  ( 0.3199999999999991185, 4.260000000000000675, -0.9900000000000004352 ) ) ;
#7079 = LINE ( 'NONE', #5634, #7630 ) ;
#7080 = DIRECTION ( 'NONE',  ( 0.000000000000000000, 0.000000000000000000, 1.000000000000000000 ) ) ;
#7081 = EDGE_LOOP ( 'NONE', ( #4330, #6007, #9333, #3224 ) ) ;
#7082 = VERTEX_POINT ( 'NONE', #5708 ) ;
#7083 = ORIENTED_EDGE ( 'NONE', *, *, #7618, .T. ) ;
#7084 = EDGE_CURVE ( 'NONE', #1562, #9650, #6502, .T. ) ;
#7085 = VECTOR ( 'NONE', #9728, 1000.000000000000000 ) ;
#7086 = AXIS2_PLACEMENT_3D ( 'NONE', #4797, #109, #9227 ) ;
#7087 = DIRECTION ( 'NONE',  ( 0.000000000000000000, 0.000000000000000000, 1.000000000000000000 ) ) ;
#7088 = VECTOR ( 'NONE', #4736, 1000.000000000000000 ) ;
#7089 = CARTESIAN_POINT ( 'NONE',  ( -9.324999999999999289, 0.5100000000000008971, 8.920000000000001705 ) ) ;
#7090 = LINE ( 'NONE', #7629, #4211 ) ;
#7091 = DIRECTION ( 'NONE',  ( 0.000000000000000000, 0.000000000000000000, -1.000000000000000000 ) ) ;
#7092 = VERTEX_POINT ( 'NONE', #7993 ) ;
#7093 = VERTEX_POINT ( 'NONE', #1127 ) ;
#7094 = EDGE_LOOP ( 'NONE', ( #9107, #808, #8098, #7576, #6969, #6650 ) ) ;
#7095 = EDGE_CURVE ( 'NONE', #7254, #1875, #6551, .T. ) ;
#7096 = PLANE ( 'NONE',  #4339 ) ;
#7097 = CARTESIAN_POINT ( 'NONE',  ( -5.680000000000000604, 4.260000000000000675, -0.9900000000000004352 ) ) ;
#7098 = ORIENTED_EDGE ( 'NONE', *, *, #7503, .T. ) ;
#7099 = DIRECTION ( 'NONE',  ( 0.000000000000000000, 0.000000000000000000, -1.000000000000000000 ) ) ;
#7100 = ORIENTED_EDGE ( 'NONE', *, *, #2960, .T. ) ;
#7101 = DIRECTION ( 'NONE',  ( 0.000000000000000000, 0.000000000000000000, -1.000000000000000000 ) ) ;
#7102 = LINE ( 'NONE', #3261, #1184 ) ;
#7103 = ORIENTED_EDGE ( 'NONE', *, *, #3662, .F. ) ;
#7104 = ORIENTED_EDGE ( 'NONE', *, *, #7627, .T. ) ;
#7105 = ORIENTED_EDGE ( 'NONE', *, *, #3593, .T. ) ;
#7106 = CARTESIAN_POINT ( 'NONE',  ( -8.340485608557001385, 3.365000000000000657, 1.169999999999999707 ) ) ;
#7107 = LINE ( 'NONE', #5413, #233 ) ;
#7108 = ORIENTED_EDGE ( 'NONE', *, *, #5632, .T. ) ;
#7109 = DIRECTION ( 'NONE',  ( 0.000000000000000000, 0.000000000000000000, -1.000000000000000000 ) ) ;
#7110 = CARTESIAN_POINT ( 'NONE',  ( -0.3200000000000008393, 5.529000000000000803, -0.3199999999999999512 ) ) ;
#7111 = EDGE_CURVE ( 'NONE', #1235, #7766, #4107, .T. ) ;
#7113 = ORIENTED_EDGE ( 'NONE', *, *, #5897, .T. ) ;
#7112 = DIRECTION ( 'NONE',  ( 0.000000000000000000, 1.000000000000000000, 0.000000000000000000 ) ) ;
#7114 = ADVANCED_FACE ( 'NONE', ( #8789 ), #3408, .T. ) ;
#7115 = CARTESIAN_POINT ( 'NONE',  ( -5.680000000000000604, 2.760000000000000675, 0.3099999999999999423 ) ) ;
#7116 = PLANE ( 'NONE',  #1655 ) ;
#7117 = LINE ( 'NONE', #7656, #5161 ) ;
#7118 = VECTOR ( 'NONE', #6413, 1000.000000000000000 ) ;
#7119 = LINE ( 'NONE', #6365, #1915 ) ;
#7120 = CARTESIAN_POINT ( 'NONE',  ( -5.860000000000000320, -3.179999999999998828, -3.140000000000000568 ) ) ;
#7121 = ORIENTED_EDGE ( 'NONE', *, *, #1560, .F. ) ;
#7122 = VERTEX_POINT ( 'NONE', #5806 ) ;
#7123 = DIRECTION ( 'NONE',  ( -1.000000000000000000, 0.000000000000000000, 0.000000000000000000 ) ) ;
#7124 = VECTOR ( 'NONE', #8291, 1000.000000000000000 ) ;
#7125 = DIRECTION ( 'NONE',  ( 0.000000000000000000, 1.000000000000000000, 0.000000000000000000 ) ) ;
#7126 = LINE ( 'NONE', #7025, #1511 ) ;
#7127 = EDGE_CURVE ( 'NONE', #5637, #3103, #6489, .T. ) ;
#7128 = DIRECTION ( 'NONE',  ( 0.000000000000000000, 1.000000000000000000, 0.000000000000000000 ) ) ;
#7129 = CARTESIAN_POINT ( 'NONE',  ( -5.680000000000000604, 5.529000000000000803, 0.3099999999999999423 ) ) ;
#7130 = ORIENTED_EDGE ( 'NONE', *, *, #8463, .T. ) ;
#7131 = VECTOR ( 'NONE', #8547, 1000.000000000000000 ) ;
#7132 = ORIENTED_EDGE ( 'NONE', *, *, #8785, .T. ) ;
#7133 = ORIENTED_EDGE ( 'NONE', *, *, #6676, .T. ) ;
#7134 = EDGE_CURVE ( 'NONE', #1541, #7038, #8695, .T. ) ;
#7135 = ADVANCED_FACE ( 'NONE', ( #1266 ), #2011, .F. ) ;
#7136 = CARTESIAN_POINT ( 'NONE',  ( -3.700000000000001066, 7.370000000000000995, 8.379999999999999005 ) ) ;
#7137 = EDGE_CURVE ( 'NONE', #6394, #2778, #9490, .T. ) ;
#7138 = FACE_OUTER_BOUND ( 'NONE', #5545, .T. ) ;
#7139 = LINE ( 'NONE', #312, #7276 ) ;
#7140 = EDGE_CURVE ( 'NONE', #6782, #1938, #8041, .T. ) ;
#7141 = EDGE_CURVE ( 'NONE', #8345, #905, #7947, .T. ) ;
#7142 = VECTOR ( 'NONE', #9816, 1000.000000000000000 ) ;
#7143 = CARTESIAN_POINT ( 'NONE',  ( -9.574999999999999289, 7.370000000000000995, 5.750000000000000000 ) ) ;
#7144 = ORIENTED_EDGE ( 'NONE', *, *, #4667, .F. ) ;
#7145 = ORIENTED_EDGE ( 'NONE', *, *, #9200, .F. ) ;
#7146 = VERTEX_POINT ( 'NONE', #4301 ) ;
#7147 = DIRECTION ( 'NONE',  ( 0.000000000000000000, 0.000000000000000000, -1.000000000000000000 ) ) ;
#7148 = ORIENTED_EDGE ( 'NONE', *, *, #304, .F. ) ;
#7149 = EDGE_CURVE ( 'NONE', #7649, #6896, #1222, .T. ) ;
#7150 = FACE_OUTER_BOUND ( 'NONE', #4406, .T. ) ;
#7151 = ORIENTED_EDGE ( 'NONE', *, *, #1011, .T. ) ;
#7152 = DIRECTION ( 'NONE',  ( 1.000000000000000000, 0.000000000000000000, 0.000000000000000000 ) ) ;
#7153 = ORIENTED_EDGE ( 'NONE', *, *, #2076, .F. ) ;
#7154 = ORIENTED_EDGE ( 'NONE', *, *, #7356, .T. ) ;
#7155 = ORIENTED_EDGE ( 'NONE', *, *, #8964, .F. ) ;
#7156 = CARTESIAN_POINT ( 'NONE',  ( -3.000000000000000888, 6.620000000000000995, 3.964999999999999858 ) ) ;
#7157 = LINE ( 'NONE', #1080, #402 ) ;
#7158 = EDGE_LOOP ( 'NONE', ( #4170, #7653, #9488, #6878 ) ) ;
#7159 = EDGE_CURVE ( 'NONE', #6445, #708, #8842, .T. ) ;
#7160 = CARTESIAN_POINT ( 'NONE',  ( 0.3199999999999991185, 0.5100000000000008971, -0.9900000000000004352 ) ) ;
#7161 = LINE ( 'NONE', #3319, #8774 ) ;
#7163 = ORIENTED_EDGE ( 'NONE', *, *, #7465, .T. ) ;
#7162 = CARTESIAN_POINT ( 'NONE',  ( -2.770000000000000906, -2.679999999999999272, 0.000000000000000000 ) ) ;
#7164 = CARTESIAN_POINT ( 'NONE',  ( -5.680000000000000604, 0.5100000000000008971, -0.9900000000000004352 ) ) ;
#7165 = DIRECTION ( 'NONE',  ( -1.000000000000000000, 0.000000000000000000, 0.000000000000000000 ) ) ;
#7166 = AXIS2_PLACEMENT_3D ( 'NONE', #8970, #7288, #5787 ) ;
#7167 = DIRECTION ( 'NONE',  ( 0.000000000000000000, 0.000000000000000000, -1.000000000000000000 ) ) ;
#7168 = CARTESIAN_POINT ( 'NONE',  ( -8.340485608557001385, 4.515000000000000568, 1.169999999999999707 ) ) ;
#7169 = EDGE_CURVE ( 'NONE', #770, #668, #5847, .T. ) ;
#7170 = DIRECTION ( 'NONE',  ( 0.000000000000000000, 1.000000000000000000, 0.000000000000000000 ) ) ;
#7171 = CARTESIAN_POINT ( 'NONE',  ( -5.680000000000000604, 5.760000000000001563, 0.3099999999999999423 ) ) ;
#7172 = VERTEX_POINT ( 'NONE', #3553 ) ;
#7173 = ORIENTED_EDGE ( 'NONE', *, *, #7441, .T. ) ;
#7174 = VECTOR ( 'NONE', #2712, 1000.000000000000000 ) ;
#7175 = EDGE_CURVE ( 'NONE', #6268, #4869, #9635, .T. ) ;
#7176 = FACE_OUTER_BOUND ( 'NONE', #1621, .T. ) ;
#7177 = LINE ( 'NONE', #6324, #4907 ) ;
#7178 = VECTOR ( 'NONE', #5392, 1000.000000000000000 ) ;
#7179 = CARTESIAN_POINT ( 'NONE',  ( 0.1399999999999990696, 2.580000000000000515, 6.519999999999999574 ) ) ;
#7180 = LINE ( 'NONE', #9265, #6994 ) ;
#7181 = CARTESIAN_POINT ( 'NONE',  ( -5.680000000000000604, 0.5100000000000008971, -0.3199999999999999512 ) ) ;
#7182 = EDGE_CURVE ( 'NONE', #704, #6651, #7901, .T. ) ;
#7183 = ORIENTED_EDGE ( 'NONE', *, *, #9508, .F. ) ;
#7184 = ORIENTED_EDGE ( 'NONE', *, *, #8492, .T. ) ;
#7185 = ORIENTED_EDGE ( 'NONE', *, *, #3270, .F. ) ;
#7186 = PLANE ( 'NONE',  #5940 ) ;
#7187 = VECTOR ( 'NONE', #8614, 1000.000000000000000 ) ;
#7188 = LINE ( 'NONE', #1112, #9814 ) ;
#7189 = DIRECTION ( 'NONE',  ( 0.000000000000000000, -1.000000000000000000, 0.000000000000000000 ) ) ;
#7190 = CARTESIAN_POINT ( 'NONE',  ( 3.324999999999998845, 7.370000000000000995, 5.750000000000000000 ) ) ;
#7191 = EDGE_LOOP ( 'NONE', ( #2542, #5297, #6822, #8309 ) ) ;
#7192 = ORIENTED_EDGE ( 'NONE', *, *, #685, .F. ) ;
#7193 = ORIENTED_EDGE ( 'NONE', *, *, #4151, .T. ) ;
#7194 = SURFACE_SIDE_STYLE ('',( #2052 ) ) ;
#7195 = ORIENTED_EDGE ( 'NONE', *, *, #3391, .F. ) ;
#7196 = EDGE_CURVE ( 'NONE', #4791, #28, #6400, .T. ) ;
#7197 = CARTESIAN_POINT ( 'NONE',  ( -4.730000000000000426, 4.170000000000000817, 2.319999999999999840 ) ) ;
#7198 = VERTEX_POINT ( 'NONE', #4351 ) ;
#7199 = EDGE_CURVE ( 'NONE', #1964, #7778, #4493, .T. ) ;
#7200 = CARTESIAN_POINT ( 'NONE',  ( -5.680000000000000604, 3.940000000000000835, 3.964999999999999858 ) ) ;
#7201 = ORIENTED_EDGE ( 'NONE', *, *, #2827, .T. ) ;
#7202 = ORIENTED_EDGE ( 'NONE', *, *, #1111, .F. ) ;
#7203 = VERTEX_POINT ( 'NONE', #7533 ) ;
#7204 = DIRECTION ( 'NONE',  ( 0.000000000000000000, 1.000000000000000000, 0.000000000000000000 ) ) ;
#7205 = PLANE ( 'NONE',  #6747 ) ;
#7206 = ORIENTED_EDGE ( 'NONE', *, *, #7013, .T. ) ;
#7207 = EDGE_CURVE ( 'NONE', #7244, #724, #5894, .T. ) ;
#7208 = CARTESIAN_POINT ( 'NONE',  ( 0.1399999999999990696, -3.179999999999998828, 0.1399999999999999301 ) ) ;
#7210 = ORIENTED_EDGE ( 'NONE', *, *, #8819, .T. ) ;
#7209 = DIRECTION ( 'NONE',  ( -1.000000000000000000, 0.000000000000000000, 0.000000000000000000 ) ) ;
#7211 = LINE ( 'NONE', #339, #8710 ) ;
#7212 = VECTOR ( 'NONE', #6737, 1000.000000000000000 ) ;
#7213 = DIRECTION ( 'NONE',  ( 0.000000000000000000, 0.000000000000000000, 1.000000000000000000 ) ) ;
#7214 = CARTESIAN_POINT ( 'NONE',  ( 0.3199999999999991185, -2.179999999999998828, -3.319999999999999840 ) ) ;
#7215 = DIRECTION ( 'NONE',  ( 1.000000000000000000, 0.000000000000000000, 0.000000000000000000 ) ) ;
#7216 = FACE_OUTER_BOUND ( 'NONE', #1773, .T. ) ;
#7217 = FACE_OUTER_BOUND ( 'NONE', #7903, .T. ) ;
#7218 = CARTESIAN_POINT ( 'NONE',  ( -2.680000000000001048, 2.760000000000000675, 2.319999999999999840 ) ) ;
#7219 = ORIENTED_EDGE ( 'NONE', *, *, #9186, .T. ) ;
#7220 = ORIENTED_EDGE ( 'NONE', *, *, #5243, .F. ) ;
#7221 = EDGE_CURVE ( 'NONE', #6604, #7778, #6041, .T. ) ;
#7222 = VECTOR ( 'NONE', #1389, 1000.000000000000000 ) ;
#7223 = DIRECTION ( 'NONE',  ( 1.000000000000000000, 0.000000000000000000, 0.000000000000000000 ) ) ;
#7224 = EDGE_CURVE ( 'NONE', #5586, #6391, #763, .T. ) ;
#7225 = DIRECTION ( 'NONE',  ( -0.1771529983152980714, 0.9841833239736893502, 0.000000000000000000 ) ) ;
#7226 = CARTESIAN_POINT ( 'NONE',  ( -3.320000000000000728, 5.529000000000000803, 0.3099999999999999423 ) ) ;
#7227 = DIRECTION ( 'NONE',  ( 0.000000000000000000, 0.000000000000000000, 1.000000000000000000 ) ) ;
#7228 = VECTOR ( 'NONE', #3373, 1000.000000000000000 ) ;
#7229 = VECTOR ( 'NONE', #9503, 1000.000000000000000 ) ;
#7230 = VECTOR ( 'NONE', #4367, 1000.000000000000000 ) ;
#7231 = LINE ( 'NONE', #407, #3181 ) ;
#7232 = PLANE ( 'NONE',  #2433 ) ;
#7233 = ORIENTED_EDGE ( 'NONE', *, *, #8028, .T. ) ;
#7234 = EDGE_LOOP ( 'NONE', ( #8727, #4243, #9403, #1676, #7580, #9249 ) ) ;
#7235 = DIRECTION ( 'NONE',  ( 1.000000000000000000, 0.000000000000000000, 0.000000000000000000 ) ) ;
#7236 = CARTESIAN_POINT ( 'NONE',  ( -3.140000000000001013, -3.179999999999998828, -3.140000000000000568 ) ) ;
#7237 = VECTOR ( 'NONE', #180, 1000.000000000000000 ) ;
#7238 = VECTOR ( 'NONE', #8588, 1000.000000000000000 ) ;
#7239 = DIRECTION ( 'NONE',  ( 0.000000000000000000, 1.000000000000000000, 0.000000000000000000 ) ) ;
#7240 = EDGE_CURVE ( 'NONE', #409, #2163, #3790, .T. ) ;
#7241 = AXIS2_PLACEMENT_3D ( 'NONE', #2471, #4011, #5561 ) ;
#7242 = VECTOR ( 'NONE', #9178, 1000.000000000000000 ) ;
#7243 = DIRECTION ( 'NONE',  ( 0.000000000000000000, -1.000000000000000000, 0.000000000000000000 ) ) ;
#7244 = VERTEX_POINT ( 'NONE', #9778 ) ;
#7245 = VERTEX_POINT ( 'NONE', #9034 ) ;
#7246 = VECTOR ( 'NONE', #6864, 1000.000000000000114 ) ;
#7247 = ORIENTED_EDGE ( 'NONE', *, *, #9631, .F. ) ;
#7248 = APPLICATION_PROTOCOL_DEFINITION ( 'draft international standard', 'automotive_design', 1998, #145 ) ;
#7249 = ADVANCED_FACE ( 'NONE', ( #9081 ), #5992, .F. ) ;
#7250 = LINE ( 'NONE', #5798, #6529 ) ;
#7251 = VECTOR ( 'NONE', #4710, 1000.000000000000000 ) ;
#7252 = DIRECTION ( 'NONE',  ( 1.000000000000000000, 0.000000000000000000, 0.000000000000000000 ) ) ;
#7253 = CARTESIAN_POINT ( 'NONE',  ( 1.269999999999999352, 3.710000000000000409, 8.920000000000001705 ) ) ;
#7254 = VERTEX_POINT ( 'NONE', #6837 ) ;
#7255 = ORIENTED_EDGE ( 'NONE', *, *, #570, .F. ) ;
#7256 = ORIENTED_EDGE ( 'NONE', *, *, #1508, .F. ) ;
#7257 = CARTESIAN_POINT ( 'NONE',  ( 3.324999999999998845, 2.840000000000000302, 7.270000000000000462 ) ) ;
#7258 = LINE ( 'NONE', #6458, #556 ) ;
#7259 = ORIENTED_EDGE ( 'NONE', *, *, #4398, .T. ) ;
#7260 = ADVANCED_FACE ( 'NONE', ( #2206 ), #10, .F. ) ;
#7261 = EDGE_CURVE ( 'NONE', #4540, #5870, #7486, .T. ) ;
#7262 = DIRECTION ( 'NONE',  ( 0.000000000000000000, 0.000000000000000000, 1.000000000000000000 ) ) ;
#7264 = ORIENTED_EDGE ( 'NONE', *, *, #7095, .T. ) ;
#7263 = CARTESIAN_POINT ( 'NONE',  ( -6.320000000000001172, 5.540000000000000924, -0.9900000000000004352 ) ) ;
#7265 = DIRECTION ( 'NONE',  ( 0.000000000000000000, 1.000000000000000000, 0.000000000000000000 ) ) ;
#7266 = ADVANCED_FACE ( 'NONE', ( #9130 ), #8279, .F. ) ;
#7267 = CARTESIAN_POINT ( 'NONE',  ( -9.574999999999999289, 7.370000000000000995, 5.750000000000000000 ) ) ;
#7268 = FACE_OUTER_BOUND ( 'NONE', #7348, .T. ) ;
#7269 = EDGE_CURVE ( 'NONE', #8345, #2778, #9677, .T. ) ;
#7270 = DIRECTION ( 'NONE',  ( -0.7071067811865475727, -0.7071067811865475727, 0.000000000000000000 ) ) ;
#7271 = PLANE ( 'NONE',  #5938 ) ;
#7272 = DIRECTION ( 'NONE',  ( -0.000000000000000000, 1.000000000000000000, 0.000000000000000000 ) ) ;
#7273 = ORIENTED_EDGE ( 'NONE', *, *, #8655, .F. ) ;
#7274 = CARTESIAN_POINT ( 'NONE',  ( 3.324999999999998845, 7.370000000000000995, 5.750000000000000000 ) ) ;
#7275 = DIRECTION ( 'NONE',  ( 1.000000000000000000, 0.000000000000000000, 0.000000000000000000 ) ) ;
#7276 = VECTOR ( 'NONE', #7189, 1000.000000000000000 ) ;
#7277 = LINE ( 'NONE', #7607, #4350 ) ;
#7278 = DIRECTION ( 'NONE',  ( 0.000000000000000000, -1.000000000000000000, 0.000000000000000000 ) ) ;
#7279 = CARTESIAN_POINT ( 'NONE',  ( -9.574999999999999289, 1.160000000000000808, -0.9900000000000004352 ) ) ;
#7280 = CARTESIAN_POINT ( 'NONE',  ( -1.525000000000001021, 0.5100000000000008971, 0.3099999999999999423 ) ) ;
#7281 = ORIENTED_EDGE ( 'NONE', *, *, #8778, .T. ) ;
#7282 = ORIENTED_EDGE ( 'NONE', *, *, #9161, .T. ) ;
#7283 = VECTOR ( 'NONE', #513, 1000.000000000000000 ) ;
#7284 = CARTESIAN_POINT ( 'NONE',  ( 0.3199999999999991185, -2.179999999999998828, -3.319999999999999840 ) ) ;
#7285 = CARTESIAN_POINT ( 'NONE',  ( -3.320000000000000728, 7.370000000000000995, -0.9900000000000004352 ) ) ;
#7286 = FACE_OUTER_BOUND ( 'NONE', #6800, .T. ) ;
#7287 = AXIS2_PLACEMENT_3D ( 'NONE', #7162, #8051, #8797 ) ;
#7288 = DIRECTION ( 'NONE',  ( -0.000000000000000000, 1.000000000000000000, 0.000000000000000000 ) ) ;
#7289 = PLANE ( 'NONE',  #8732 ) ;
#7290 = VERTEX_POINT ( 'NONE', #5149 ) ;
#7291 = ORIENTED_EDGE ( 'NONE', *, *, #9788, .T. ) ;
#7292 = VERTEX_POINT ( 'NONE', #8934 ) ;
#7293 = CARTESIAN_POINT ( 'NONE',  ( 1.269999999999999352, 1.170000000000000817, 8.920000000000001705 ) ) ;
#7294 = CARTESIAN_POINT ( 'NONE',  ( -5.680000000000000604, 2.760000000000000675, -0.3199999999999999512 ) ) ;
#7295 = VERTEX_POINT ( 'NONE', #5941 ) ;
#7296 = DIRECTION ( 'NONE',  ( -1.000000000000000000, 0.000000000000000000, 0.000000000000000000 ) ) ;
#7297 = LINE ( 'NONE', #8089, #4849 ) ;
#7298 = EDGE_CURVE ( 'NONE', #2801, #507, #2158, .T. ) ;
#7299 = ORIENTED_EDGE ( 'NONE', *, *, #8929, .T. ) ;
#7300 = ORIENTED_EDGE ( 'NONE', *, *, #1962, .T. ) ;
#7301 = ORIENTED_EDGE ( 'NONE', *, *, #9414, .F. ) ;
#7302 = DIRECTION ( 'NONE',  ( 0.000000000000000000, 0.000000000000000000, 1.000000000000000000 ) ) ;
#7303 = DIRECTION ( 'NONE',  ( 1.000000000000000000, 0.000000000000000000, 0.000000000000000000 ) ) ;
#7304 = ORIENTED_EDGE ( 'NONE', *, *, #1054, .F. ) ;
#7305 = PLANE ( 'NONE',  #9563 ) ;
#7306 = ORIENTED_EDGE ( 'NONE', *, *, #4604, .T. ) ;
#7307 = LINE ( 'NONE', #5859, #1704 ) ;
#7308 = PLANE ( 'NONE',  #5148 ) ;
#7309 = CARTESIAN_POINT ( 'NONE',  ( -0.3200000000000008393, 5.540000000000000924, -0.9900000000000004352 ) ) ;
#7310 = EDGE_CURVE ( 'NONE', #7314, #920, #8233, .T. ) ;
#7311 = CARTESIAN_POINT ( 'NONE',  ( 3.324999999999998845, 2.840000000000000302, 5.750000000000000000 ) ) ;
#7312 = PLANE ( 'NONE',  #1022 ) ;
#7313 = CARTESIAN_POINT ( 'NONE',  ( -5.680000000000000604, 3.620000000000000995, -0.9900000000000004352 ) ) ;
#7314 = VERTEX_POINT ( 'NONE', #9822 ) ;
#7315 = EDGE_CURVE ( 'NONE', #6381, #2768, #2998, .T. ) ;
#7316 = FACE_OUTER_BOUND ( 'NONE', #5512, .T. ) ;
#7317 = EDGE_CURVE ( 'NONE', #260, #2586, #621, .T. ) ;
#7319 = ORIENTED_EDGE ( 'NONE', *, *, #3655, .F. ) ;
#7318 = LINE ( 'NONE', #2782, #8876 ) ;
#7320 = AXIS2_PLACEMENT_3D ( 'NONE', #5045, #2797, #5837 ) ;
#7321 = DIRECTION ( 'NONE',  ( 0.000000000000000000, -1.000000000000000000, 0.000000000000000000 ) ) ;
#7322 = CARTESIAN_POINT ( 'NONE',  ( -6.320000000000001172, 2.760000000000000675, -0.3199999999999999512 ) ) ;
#7323 = LINE ( 'NONE', #598, #2861 ) ;
#7324 = ADVANCED_FACE ( 'NONE', ( #2254 ), #5294, .F. ) ;
#7325 = VECTOR ( 'NONE', #2804, 1000.000000000000000 ) ;
#7326 = CARTESIAN_POINT ( 'NONE',  ( -5.680000000000000604, 4.889000000000001123, -2.680000000000000160 ) ) ;
#7327 = VERTEX_POINT ( 'NONE', #1512 ) ;
#7328 = VERTEX_POINT ( 'NONE', #1607 ) ;
#7329 = AXIS2_PLACEMENT_3D ( 'NONE', #6865, #8354, #7657 ) ;
#7330 = CARTESIAN_POINT ( 'NONE',  ( -6.320000000000001172, 1.160000000000000808, -0.9900000000000004352 ) ) ;
#7331 = CARTESIAN_POINT ( 'NONE',  ( -3.320000000000000728, 3.940000000000000835, 3.964999999999999858 ) ) ;
#7332 = AXIS2_PLACEMENT_3D ( 'NONE', #5460, #9299, #2474 ) ;
#7333 = CARTESIAN_POINT ( 'NONE',  ( 3.324999999999998845, 1.590000000000000746, 5.570000000000000284 ) ) ;
#7334 = CARTESIAN_POINT ( 'NONE',  ( -7.940161869519001492, 4.515000000000000568, 3.770000000000000018 ) ) ;
#7335 = DIRECTION ( 'NONE',  ( -0.1771529983152980714, 0.9841833239736893502, 0.000000000000000000 ) ) ;
#7336 = AXIS2_PLACEMENT_3D ( 'NONE', #1747, #3087, #4033 ) ;
#7337 = ORIENTED_EDGE ( 'NONE', *, *, #1113, .F. ) ;
#7338 = ORIENTED_EDGE ( 'NONE', *, *, #8782, .T. ) ;
#7339 = EDGE_LOOP ( 'NONE', ( #6058, #1833, #410, #5736, #5654, #6628, #5718, #1939 ) ) ;
#7340 = CARTESIAN_POINT ( 'NONE',  ( 3.324999999999998845, 1.740000000000000657, 5.750000000000000000 ) ) ;
#7341 = EDGE_CURVE ( 'NONE', #3882, #1555, #4750, .T. ) ;
#7342 = DIRECTION ( 'NONE',  ( 1.000000000000000000, 0.000000000000000000, 0.000000000000000000 ) ) ;
#7343 = VERTEX_POINT ( 'NONE', #163 ) ;
#7344 = VECTOR ( 'NONE', #6975, 1000.000000000000000 ) ;
#7345 = DIRECTION ( 'NONE',  ( 0.000000000000000000, 0.000000000000000000, -1.000000000000000000 ) ) ;
#7346 = DIRECTION ( 'NONE',  ( 0.000000000000000000, 1.000000000000000000, 0.000000000000000000 ) ) ;
#7347 = ORIENTED_EDGE ( 'NONE', *, *, #1270, .F. ) ;
#7348 = EDGE_LOOP ( 'NONE', ( #9238, #8954, #179, #967 ) ) ;
#7349 = ORIENTED_EDGE ( 'NONE', *, *, #2365, .F. ) ;
#7350 = LINE ( 'NONE', #6457, #3872 ) ;
#7351 = CARTESIAN_POINT ( 'NONE',  ( 3.324999999999998845, 1.740000000000000657, 5.570000000000000284 ) ) ;
#7352 = VERTEX_POINT ( 'NONE', #213 ) ;
#7353 = FACE_OUTER_BOUND ( 'NONE', #7234, .T. ) ;
#7354 = VERTEX_POINT ( 'NONE', #6144 ) ;
#7355 = LINE ( 'NONE', #1236, #9807 ) ;
#7356 = EDGE_CURVE ( 'NONE', #8422, #8280, #8472, .T. ) ;
#7357 = DIRECTION ( 'NONE',  ( 0.000000000000000000, 0.000000000000000000, 1.000000000000000000 ) ) ;
#7358 = LINE ( 'NONE', #2071, #9289 ) ;
#7359 = CARTESIAN_POINT ( 'NONE',  ( -2.680000000000001048, 3.620000000000000995, -0.3199999999999999512 ) ) ;
#7360 = DIRECTION ( 'NONE',  ( 0.000000000000000000, -1.000000000000000000, 0.000000000000000000 ) ) ;
#7361 = CARTESIAN_POINT ( 'NONE',  ( -8.673617379884035472E-16, 2.670000000000000373, 6.019999999999999574 ) ) ;
#7362 = ORIENTED_EDGE ( 'NONE', *, *, #4942, .T. ) ;
#7363 = DIRECTION ( 'NONE',  ( -0.9841833239736893502, -0.1771529983152980714, 0.000000000000000000 ) ) ;
#7364 = ADVANCED_FACE ( 'NONE', ( #2354 ), #3246, .F. ) ;
#7365 = VECTOR ( 'NONE', #9180, 1000.000000000000000 ) ;
#7366 = CARTESIAN_POINT ( 'NONE',  ( 0.3199999999999991185, 5.529000000000000803, -3.319999999999999840 ) ) ;
#7367 = EDGE_CURVE ( 'NONE', #1608, #9035, #3102, .T. ) ;
#7368 = FACE_BOUND ( 'NONE', #7562, .T. ) ;
#7369 = CARTESIAN_POINT ( 'NONE',  ( 3.324999999999998845, 5.040000000000000924, 5.750000000000000000 ) ) ;
#7370 = CARTESIAN_POINT ( 'NONE',  ( -8.325000000000001066, 4.940000000000000391, 0.2799999999999998601 ) ) ;
#7371 = VECTOR ( 'NONE', #4858, 1000.000000000000000 ) ;
#7372 = DIRECTION ( 'NONE',  ( 0.1744369497454954787, -0.1744369497454954787, 0.9690941652527760297 ) ) ;
#7373 = VERTEX_POINT ( 'NONE', #7834 ) ;
#7374 = EDGE_LOOP ( 'NONE', ( #6081, #7030, #7680, #1216 ) ) ;
#7375 = FACE_OUTER_BOUND ( 'NONE', #24, .T. ) ;
#7376 = EDGE_CURVE ( 'NONE', #1309, #2009, #5443, .T. ) ;
#7377 = FACE_OUTER_BOUND ( 'NONE', #7045, .T. ) ;
#7378 = EDGE_CURVE ( 'NONE', #2299, #6943, #7784, .T. ) ;
#7379 = LINE ( 'NONE', #3813, #3445 ) ;
#7380 = VECTOR ( 'NONE', #5918, 1000.000000000000000 ) ;
#7381 = CARTESIAN_POINT ( 'NONE',  ( -1.270000000000000906, 4.170000000000000817, 2.319999999999999840 ) ) ;
#7382 = EDGE_CURVE ( 'NONE', #9147, #8780, #4645, .T. ) ;
#7383 = DIRECTION ( 'NONE',  ( -1.000000000000000000, 0.000000000000000000, 0.000000000000000000 ) ) ;
#7384 = DIRECTION ( 'NONE',  ( 0.000000000000000000, 0.000000000000000000, 1.000000000000000000 ) ) ;
#7385 = ORIENTED_EDGE ( 'NONE', *, *, #2139, .F. ) ;
#7386 = EDGE_LOOP ( 'NONE', ( #8257, #4235, #629 ) ) ;
#7387 = VERTEX_POINT ( 'NONE', #861 ) ;
#7388 = VECTOR ( 'NONE', #330, 1000.000000000000000 ) ;
#7389 = CARTESIAN_POINT ( 'NONE',  ( -7.940485608557000141, 4.515000000000000568, 1.169999999999999707 ) ) ;
#7390 = VECTOR ( 'NONE', #7888, 1000.000000000000000 ) ;
#7391 = VECTOR ( 'NONE', #9001, 1000.000000000000000 ) ;
#7392 = DIRECTION ( 'NONE',  ( 0.000000000000000000, -0.9841833239736893502, 0.1771529983152980714 ) ) ;
#7393 = PLANE ( 'NONE',  #5814 ) ;
#7394 = VECTOR ( 'NONE', #9589, 1000.000000000000000 ) ;
#7395 = VECTOR ( 'NONE', #6321, 1000.000000000000000 ) ;
#7396 = VECTOR ( 'NONE', #1140, 1000.000000000000000 ) ;
#7397 = EDGE_CURVE ( 'NONE', #6126, #1517, #6937, .T. ) ;
#7398 = CARTESIAN_POINT ( 'NONE',  ( -8.325000000000001066, 2.940000000000000835, -0.3199999999999999512 ) ) ;
#7399 = DIRECTION ( 'NONE',  ( 0.000000000000000000, 1.000000000000000000, 0.000000000000000000 ) ) ;
#7400 = ORIENTED_EDGE ( 'NONE', *, *, #3658, .F. ) ;
#7401 = VERTEX_POINT ( 'NONE', #2403 ) ;
#7402 = ORIENTED_EDGE ( 'NONE', *, *, #124, .T. ) ;
#7403 = CARTESIAN_POINT ( 'NONE',  ( -6.000000000000000888, -2.679999999999999272, -3.230000000000000426 ) ) ;
#7404 = DIRECTION ( 'NONE',  ( 0.000000000000000000, -1.000000000000000000, 0.000000000000000000 ) ) ;
#7405 = ORIENTED_EDGE ( 'NONE', *, *, #6695, .T. ) ;
#7406 = VECTOR ( 'NONE', #3844, 1000.000000000000000 ) ;
#7407 = CARTESIAN_POINT ( 'NONE',  ( -9.574999999999999289, 2.940000000000000835, 0.2799999999999998601 ) ) ;
#7408 = ORIENTED_EDGE ( 'NONE', *, *, #2008, .F. ) ;
#7409 = DIRECTION ( 'NONE',  ( 0.000000000000000000, -1.000000000000000000, 0.000000000000000000 ) ) ;
#7410 = DIRECTION ( 'NONE',  ( -0.1744369497454954787, -0.9690941652527760297, 0.1744369497454954787 ) ) ;
#7411 = CARTESIAN_POINT ( 'NONE',  ( -0.3200000000000008393, 7.115000000000001101, -0.9900000000000004352 ) ) ;
#7412 = LINE ( 'NONE', #8102, #2288 ) ;
#7413 = DIRECTION ( 'NONE',  ( -1.000000000000000000, 0.000000000000000000, 0.000000000000000000 ) ) ;
#7414 = ORIENTED_EDGE ( 'NONE', *, *, #7565, .T. ) ;
#7415 = EDGE_CURVE ( 'NONE', #5931, #9122, #7563, .T. ) ;
#7416 = DIRECTION ( 'NONE',  ( 1.000000000000000000, 0.000000000000000000, 0.000000000000000000 ) ) ;
#7418 = ORIENTED_EDGE ( 'NONE', *, *, #4106, .T. ) ;
#7417 = DIRECTION ( 'NONE',  ( 0.000000000000000000, -1.000000000000000000, 0.000000000000000000 ) ) ;
#7419 = PLANE ( 'NONE',  #2911 ) ;
#7420 = LINE ( 'NONE', #5274, #405 ) ;
#7421 = CARTESIAN_POINT ( 'NONE',  ( 0.3199999999999991185, 2.760000000000000675, 0.3099999999999999423 ) ) ;
#7422 = FACE_OUTER_BOUND ( 'NONE', #7525, .T. ) ;
#7423 = ORIENTED_EDGE ( 'NONE', *, *, #9016, .F. ) ;
#7424 = ORIENTED_EDGE ( 'NONE', *, *, #2239, .F. ) ;
#7425 = EDGE_CURVE ( 'NONE', #2019, #5756, #6291, .T. ) ;
#7426 = CARTESIAN_POINT ( 'NONE',  ( -5.680000000000000604, 3.940000000000000835, 3.964999999999999858 ) ) ;
#7427 = DIRECTION ( 'NONE',  ( 1.000000000000000000, 0.000000000000000000, 0.000000000000000000 ) ) ;
#7428 = DIRECTION ( 'NONE',  ( 0.000000000000000000, 1.000000000000000000, 0.000000000000000000 ) ) ;
#7429 = EDGE_CURVE ( 'NONE', #2660, #708, #9230, .T. ) ;
#7430 = AXIS2_PLACEMENT_3D ( 'NONE', #4922, #189, #6360 ) ;
#7431 = LINE ( 'NONE', #7522, #3427 ) ;
#7432 = ADVANCED_FACE ( 'NONE', ( #2503 ), #4799, .F. ) ;
#7433 = DIRECTION ( 'NONE',  ( 0.000000000000000000, -0.9841833239736893502, 0.1771529983152980714 ) ) ;
#7434 = VERTEX_POINT ( 'NONE', #3944 ) ;
#7435 = ORIENTED_EDGE ( 'NONE', *, *, #9186, .F. ) ;
#7436 = EDGE_CURVE ( 'NONE', #1361, #4146, #5344, .T. ) ;
#7437 = EDGE_CURVE ( 'NONE', #2662, #8543, #5618, .T. ) ;
#7438 = PLANE ( 'NONE',  #2552 ) ;
#7439 = EDGE_CURVE ( 'NONE', #6391, #4869, #266, .T. ) ;
#7440 = CARTESIAN_POINT ( 'NONE',  ( -5.680000000000000604, -2.179999999999998828, -0.3199999999999999512 ) ) ;
#7441 = EDGE_CURVE ( 'NONE', #8993, #8137, #2307, .T. ) ;
#7442 = AXIS2_PLACEMENT_3D ( 'NONE', #7285, #4898, #6385 ) ;
#7443 = LINE ( 'NONE', #6550, #54 ) ;
#7444 = DIRECTION ( 'NONE',  ( 0.000000000000000000, 1.000000000000000000, 0.000000000000000000 ) ) ;
#7445 = EDGE_CURVE ( 'NONE', #7966, #930, #814, .T. ) ;
#7446 = ORIENTED_EDGE ( 'NONE', *, *, #9263, .F. ) ;
#7447 = EDGE_LOOP ( 'NONE', ( #1013, #8363, #4304, #4252, #2192 ) ) ;
#7448 = LINE ( 'NONE', #722, #3700 ) ;
#7449 = FACE_OUTER_BOUND ( 'NONE', #5764, .T. ) ;
#7450 = VECTOR ( 'NONE', #2723, 1000.000000000000000 ) ;
#7451 = ORIENTED_EDGE ( 'NONE', *, *, #3928, .F. ) ;
#7452 = CARTESIAN_POINT ( 'NONE',  ( -7.825000000000001954, 7.370000000000000995, 0.7599999999999997868 ) ) ;
#7453 = ORIENTED_EDGE ( 'NONE', *, *, #3317, .T. ) ;
#7454 = FACE_OUTER_BOUND ( 'NONE', #7191, .T. ) ;
#7455 = FACE_OUTER_BOUND ( 'NONE', #7374, .T. ) ;
#7456 = LINE ( 'NONE', #2913, #1494 ) ;
#7457 = DIRECTION ( 'NONE',  ( 0.7071067811865474617, -0.7071067811865474617, 0.000000000000000000 ) ) ;
#7458 = CARTESIAN_POINT ( 'NONE',  ( 3.574999999999999289, 1.160000000000000808, -0.3199999999999999512 ) ) ;
#7459 = ORIENTED_EDGE ( 'NONE', *, *, #6414, .T. ) ;
#7460 = CARTESIAN_POINT ( 'NONE',  ( -2.680000000000001048, 3.620000000000000995, -0.9900000000000004352 ) ) ;
#7462 = VERTEX_POINT ( 'NONE', #4143 ) ;
#7461 = DIRECTION ( 'NONE',  ( -0.1744369497454954787, 0.9690941652527760297, 0.1744369497454954787 ) ) ;
#7463 = LINE ( 'NONE', #7567, #1643 ) ;
#7464 = CARTESIAN_POINT ( 'NONE',  ( -7.940485608557000141, 0.5100000000000008971, 8.920000000000001705 ) ) ;
#7465 = EDGE_CURVE ( 'NONE', #6404, #2152, #1117, .T. ) ;
#7466 = DIRECTION ( 'NONE',  ( 0.000000000000000000, 0.000000000000000000, 1.000000000000000000 ) ) ;
#7467 = CARTESIAN_POINT ( 'NONE',  ( -6.140000000000001457, 2.300000000000000711, 6.519999999999999574 ) ) ;
#7468 = ORIENTED_EDGE ( 'NONE', *, *, #7111, .F. ) ;
#7469 = EDGE_CURVE ( 'NONE', #1741, #7093, #5647, .T. ) ;
#7470 = ORIENTED_EDGE ( 'NONE', *, *, #1918, .T. ) ;
#7471 = PLANE ( 'NONE',  #224 ) ;
#7472 = VECTOR ( 'NONE', #7428, 1000.000000000000000 ) ;
#7473 = DIRECTION ( 'NONE',  ( 0.000000000000000000, 0.000000000000000000, 1.000000000000000000 ) ) ;
#7474 = CARTESIAN_POINT ( 'NONE',  ( -6.570000000000001172, 4.170000000000000817, 8.920000000000001705 ) ) ;
#7475 = ADVANCED_FACE ( 'NONE', ( #3446 ), #7289, .T. ) ;
#7476 = PLANE ( 'NONE',  #9385 ) ;
#7477 = DIRECTION ( 'NONE',  ( 0.000000000000000000, 0.000000000000000000, 1.000000000000000000 ) ) ;
#7478 = CARTESIAN_POINT ( 'NONE',  ( -2.525000000000000799, 8.673617379884035472E-16, 3.319999999999999840 ) ) ;
#7479 = VERTEX_POINT ( 'NONE', #2605 ) ;
#7480 = ORIENTED_EDGE ( 'NONE', *, *, #1296, .T. ) ;
#7481 = ORIENTED_EDGE ( 'NONE', *, *, #380, .T. ) ;
#7482 = SHAPE_DEFINITION_REPRESENTATION ( #654, #5478 ) ;
#7483 = CARTESIAN_POINT ( 'NONE',  ( -9.324999999999999289, 5.040000000000000924, 5.750000000000000000 ) ) ;
#7484 = DIRECTION ( 'NONE',  ( -0.000000000000000000, 1.000000000000000000, 0.000000000000000000 ) ) ;
#7485 = AXIS2_PLACEMENT_3D ( 'NONE', #4796, #9177, #4642 ) ;
#7486 = LINE ( 'NONE', #576, #839 ) ;
#7487 = EDGE_LOOP ( 'NONE', ( #5507, #8667, #9042, #9002 ) ) ;
#7488 = ORIENTED_EDGE ( 'NONE', *, *, #7566, .F. ) ;
#7489 = PLANE ( 'NONE',  #7518 ) ;
#7490 = EDGE_LOOP ( 'NONE', ( #7727, #9323, #6787, #338, #5858, #5850 ) ) ;
#7491 = DIRECTION ( 'NONE',  ( 0.000000000000000000, -1.000000000000000000, 0.000000000000000000 ) ) ;
#7492 = VECTOR ( 'NONE', #2688, 1000.000000000000000 ) ;
#7493 = VERTEX_POINT ( 'NONE', #464 ) ;
#7494 = DIRECTION ( 'NONE',  ( 0.000000000000000000, 0.000000000000000000, 1.000000000000000000 ) ) ;
#7495 = EDGE_CURVE ( 'NONE', #7244, #6816, #1851, .T. ) ;
#7496 = LINE ( 'NONE', #2961, #1510 ) ;
#7497 = DIRECTION ( 'NONE',  ( -1.000000000000000000, 0.000000000000000000, 0.000000000000000000 ) ) ;
#7498 = CARTESIAN_POINT ( 'NONE',  ( -1.525000000000001021, 8.673617379884035472E-16, 4.320000000000000284 ) ) ;
#7499 = VERTEX_POINT ( 'NONE', #4187 ) ;
#7500 = CARTESIAN_POINT ( 'NONE',  ( 0.3199999999999991185, -2.179999999999998828, 0.3199999999999999512 ) ) ;
#7501 = CARTESIAN_POINT ( 'NONE',  ( -2.680000000000001048, 3.620000000000000995, -0.3199999999999999512 ) ) ;
#7502 = CARTESIAN_POINT ( 'NONE',  ( 3.574999999999999289, 7.370000000000000995, 5.750000000000000000 ) ) ;
#7503 = EDGE_CURVE ( 'NONE', #3065, #2801, #8629, .T. ) ;
#7504 = ORIENTED_EDGE ( 'NONE', *, *, #3877, .F. ) ;
#7505 = DIRECTION ( 'NONE',  ( 0.000000000000000000, 1.000000000000000000, 0.000000000000000000 ) ) ;
#7507 = ORIENTED_EDGE ( 'NONE', *, *, #1691, .T. ) ;
#7506 = CARTESIAN_POINT ( 'NONE',  ( 3.574999999999999289, 3.365000000000000657, 1.269999999999999796 ) ) ;
#7508 = DIRECTION ( 'NONE',  ( 0.000000000000000000, 0.000000000000000000, -1.000000000000000000 ) ) ;
#7509 = CARTESIAN_POINT ( 'NONE',  ( -4.270000000000001350, 4.870000000000000995, 8.920000000000001705 ) ) ;
#7510 = CARTESIAN_POINT ( 'NONE',  ( -3.320000000000000728, 3.620000000000000995, -0.3199999999999999512 ) ) ;
#7511 = ORIENTED_EDGE ( 'NONE', *, *, #5064, .T. ) ;
#7512 = DIRECTION ( 'NONE',  ( 0.000000000000000000, 0.000000000000000000, 1.000000000000000000 ) ) ;
#7513 = EDGE_CURVE ( 'NONE', #9254, #6548, #7939, .T. ) ;
#7514 = VERTEX_POINT ( 'NONE', #5594 ) ;
#7515 = LINE ( 'NONE', #6720, #7532 ) ;
#7516 = LINE ( 'NONE', #3587, #4414 ) ;
#7517 = ORIENTED_EDGE ( 'NONE', *, *, #3286, .F. ) ;
#7518 = AXIS2_PLACEMENT_3D ( 'NONE', #8375, #4497, #2359 ) ;
#7519 = CARTESIAN_POINT ( 'NONE',  ( -4.730000000000000426, 4.170000000000000817, 2.319999999999999840 ) ) ;
#7520 = CARTESIAN_POINT ( 'NONE',  ( -0.3200000000000008393, 1.160000000000000808, -0.9900000000000004352 ) ) ;
#7521 = ORIENTED_EDGE ( 'NONE', *, *, #6332, .F. ) ;
#7522 = CARTESIAN_POINT ( 'NONE',  ( 0.1399999999999990696, -3.179999999999998828, -2.860000000000000764 ) ) ;
#7523 = CARTESIAN_POINT ( 'NONE',  ( -3.320000000000000728, 5.120000000000000995, 5.519999999999999574 ) ) ;
#7524 = VERTEX_POINT ( 'NONE', #7190 ) ;
#7525 = EDGE_LOOP ( 'NONE', ( #1772, #8759, #6034, #6307 ) ) ;
#7526 = EDGE_LOOP ( 'NONE', ( #6015, #6986, #6354, #4831 ) ) ;
#7527 = EDGE_CURVE ( 'NONE', #6589, #6980, #516, .T. ) ;
#7528 = VECTOR ( 'NONE', #2832, 1000.000000000000114 ) ;
#7529 = DIRECTION ( 'NONE',  ( -0.000000000000000000, 0.9841833239736893502, 0.1771529983152980714 ) ) ;
#7530 = FACE_OUTER_BOUND ( 'NONE', #16, .T. ) ;
#7531 = VECTOR ( 'NONE', #5436, 1000.000000000000000 ) ;
#7532 = VECTOR ( 'NONE', #9061, 1000.000000000000000 ) ;
#7533 = CARTESIAN_POINT ( 'NONE',  ( -6.570000000000001172, 1.170000000000000817, 8.920000000000001705 ) ) ;
#7534 = VECTOR ( 'NONE', #23, 1000.000000000000000 ) ;
#7535 = ORIENTED_EDGE ( 'NONE', *, *, #2326, .T. ) ;
#7536 = EDGE_CURVE ( 'NONE', #8137, #2847, #9427, .T. ) ;
#7537 = ORIENTED_EDGE ( 'NONE', *, *, #1353, .T. ) ;
#7538 = LINE ( 'NONE', #5347, #687 ) ;
#7539 = LINE ( 'NONE', #5997, #7406 ) ;
#7540 = ORIENTED_EDGE ( 'NONE', *, *, #5848, .T. ) ;
#7541 = DIRECTION ( 'NONE',  ( 0.000000000000000000, -1.000000000000000000, 0.000000000000000000 ) ) ;
#7542 = VECTOR ( 'NONE', #6757, 1000.000000000000000 ) ;
#7543 = ORIENTED_EDGE ( 'NONE', *, *, #2260, .T. ) ;
#7544 = AXIS2_PLACEMENT_3D ( 'NONE', #5335, #8364, #6875 ) ;
#7545 = CARTESIAN_POINT ( 'NONE',  ( 1.269999999999999352, 6.710000000000000853, 2.319999999999999840 ) ) ;
#7546 = AXIS2_PLACEMENT_3D ( 'NONE', #341, #3371, #6416 ) ;
#7547 = PLANE ( 'NONE',  #7879 ) ;
#7548 = DIRECTION ( 'NONE',  ( -1.000000000000000000, 0.000000000000000000, 0.000000000000000000 ) ) ;
#7549 = EDGE_LOOP ( 'NONE', ( #541, #850, #9233, #7105, #2668 ) ) ;
#7550 = DIRECTION ( 'NONE',  ( 0.000000000000000000, 1.000000000000000000, 0.000000000000000000 ) ) ;
#7552 = ADVANCED_FACE ( 'NONE', ( #9576 ), #361, .F. ) ;
#7551 = CARTESIAN_POINT ( 'NONE',  ( -5.680000000000000604, 2.120000000000000995, 2.319999999999999840 ) ) ;
#7553 = DIRECTION ( 'NONE',  ( -0.1744369497454954787, 0.9690941652527760297, -0.1744369497454954787 ) ) ;
#7554 = VECTOR ( 'NONE', #3796, 1000.000000000000000 ) ;
#7555 = EDGE_LOOP ( 'NONE', ( #3532, #2956, #5944, #4124 ) ) ;
#7556 = EDGE_CURVE ( 'NONE', #7927, #8151, #8032, .T. ) ;
#7557 = AXIS2_PLACEMENT_3D ( 'NONE', #5695, #3390, #2652 ) ;
#7558 = CIRCLE ( 'NONE', #8835, 1.299999999999999156 ) ;
#7559 = EDGE_CURVE ( 'NONE', #476, #9726, #9530, .T. ) ;
#7560 = DIRECTION ( 'NONE',  ( 0.000000000000000000, -1.000000000000000000, 0.000000000000000000 ) ) ;
#7562 = EDGE_LOOP ( 'NONE', ( #5793, #7750, #1071, #4929 ) ) ;
#7561 = FACE_OUTER_BOUND ( 'NONE', #1556, .T. ) ;
#7563 = B_SPLINE_CURVE_WITH_KNOTS ( 'NONE', 3,
 ( #3145, #6189, #3995, #7037 ),
 .UNSPECIFIED., .F., .F.,
 ( 4, 4 ),
 ( 0.000000000000000000, 1.000000000000000000 ),
 .UNSPECIFIED. ) ;
#7565 = EDGE_CURVE ( 'NONE', #2336, #7343, #8733, .T. ) ;
#7564 = PLANE ( 'NONE',  #8065 ) ;
#7566 = EDGE_CURVE ( 'NONE', #7766, #680, #4242, .T. ) ;
#7567 = CARTESIAN_POINT ( 'NONE',  ( -9.324999999999999289, 7.370000000000000995, 5.750000000000000000 ) ) ;
#7568 = DIRECTION ( 'NONE',  ( 0.000000000000000000, 0.000000000000000000, -1.000000000000000000 ) ) ;
#7569 = CARTESIAN_POINT ( 'NONE',  ( 3.274999999999999467, 1.590000000000000746, 6.565744705200000197 ) ) ;
#7570 = ORIENTED_EDGE ( 'NONE', *, *, #3542, .T. ) ;
#7571 = CARTESIAN_POINT ( 'NONE',  ( -0.3200000000000008393, -2.179999999999998828, -2.680000000000000160 ) ) ;
#7572 = LINE ( 'NONE', #748, #2501 ) ;
#7573 = LINE ( 'NONE', #3453, #7174 ) ;
#7574 = DIRECTION ( 'NONE',  ( 0.000000000000000000, 1.000000000000000000, 0.000000000000000000 ) ) ;
#7575 = DIRECTION ( 'NONE',  ( 0.000000000000000000, 0.000000000000000000, -1.000000000000000000 ) ) ;
#7576 = ORIENTED_EDGE ( 'NONE', *, *, #9582, .T. ) ;
#7577 = CARTESIAN_POINT ( 'NONE',  ( -7.825000000000001954, 7.370000000000000995, 0.7599999999999997868 ) ) ;
#7578 = FACE_OUTER_BOUND ( 'NONE', #1015, .T. ) ;
#7579 = ORIENTED_EDGE ( 'NONE', *, *, #4508, .T. ) ;
#7580 = ORIENTED_EDGE ( 'NONE', *, *, #2473, .T. ) ;
#7581 = CARTESIAN_POINT ( 'NONE',  ( -4.270000000000001350, 6.710000000000000853, 2.319999999999999840 ) ) ;
#7582 = CARTESIAN_POINT ( 'NONE',  ( -3.745025197565301056, -2.559969197974998778, 3.319999999999999840 ) ) ;
#7583 = AXIS2_PLACEMENT_3D ( 'NONE', #5906, #8053, #5819 ) ;
#7584 = CARTESIAN_POINT ( 'NONE',  ( -2.525000000000000799, 8.673617379884035472E-16, 7.509999999999998899 ) ) ;
#7585 = VERTEX_POINT ( 'NONE', #3344 ) ;
#7586 = ORIENTED_EDGE ( 'NONE', *, *, #2539, .F. ) ;
#7587 = CARTESIAN_POINT ( 'NONE',  ( -2.680000000000001048, -2.179999999999998828, -3.319999999999999840 ) ) ;
#7588 = SURFACE_STYLE_FILL_AREA ( #9826 ) ;
#7589 = ORIENTED_EDGE ( 'NONE', *, *, #8586, .T. ) ;
#7590 = VECTOR ( 'NONE', #43, 1000.000000000000000 ) ;
#7591 = FACE_OUTER_BOUND ( 'NONE', #2103, .T. ) ;
#7592 = ORIENTED_EDGE ( 'NONE', *, *, #8625, .T. ) ;
#7593 = FACE_OUTER_BOUND ( 'NONE', #8411, .T. ) ;
#7594 = B_SPLINE_CURVE_WITH_KNOTS ( 'NONE', 3,
 ( #7334, #5093, #8078, #2564 ),
 .UNSPECIFIED., .F., .F.,
 ( 4, 4 ),
 ( 0.000000000000000000, 1.000000000000000000 ),
 .UNSPECIFIED. ) ;
#7595 = DIRECTION ( 'NONE',  ( -0.000000000000000000, 1.000000000000000000, 0.000000000000000000 ) ) ;
#7596 = ADVANCED_FACE ( 'NONE', ( #2749 ), #5790, .T. ) ;
#7597 = VECTOR ( 'NONE', #8670, 1000.000000000000000 ) ;
#7598 = CARTESIAN_POINT ( 'NONE',  ( -2.680000000000001048, 3.940000000000000835, 3.964999999999999858 ) ) ;
#7599 = VERTEX_POINT ( 'NONE', #1259 ) ;
#7600 = DIRECTION ( 'NONE',  ( -0.7071067811865475727, 0.7071067811865475727, 0.000000000000000000 ) ) ;
#7601 = DIRECTION ( 'NONE',  ( 1.000000000000000000, 0.000000000000000000, 0.000000000000000000 ) ) ;
#7602 = EDGE_LOOP ( 'NONE', ( #1057, #915, #594, #4190 ) ) ;
#7603 = CARTESIAN_POINT ( 'NONE',  ( 2.304999999999998828, 0.5100000000000008971, 8.485588664446000351 ) ) ;
#7605 = VERTEX_POINT ( 'NONE', #4288 ) ;
#7604 = CARTESIAN_POINT ( 'NONE',  ( 3.324999999999998845, 1.440000000000000835, 6.591276617050000119 ) ) ;
#7606 = PLANE ( 'NONE',  #4241 ) ;
#7607 = CARTESIAN_POINT ( 'NONE',  ( -9.574999999999999289, 5.540000000000000924, -0.9900000000000004352 ) ) ;
#7608 = LINE ( 'NONE', #3630, #246 ) ;
#7609 = PLANE ( 'NONE',  #5738 ) ;
#7610 = EDGE_LOOP ( 'NONE', ( #9240, #5595, #2809, #5063 ) ) ;
#7611 = ADVANCED_FACE ( 'NONE', ( #9376 ), #4097, .T. ) ;
#7612 = ORIENTED_EDGE ( 'NONE', *, *, #8399, .T. ) ;
#7613 = EDGE_CURVE ( 'NONE', #8238, #7635, #7892, .T. ) ;
#7614 = CARTESIAN_POINT ( 'NONE',  ( -2.680000000000001048, 5.529000000000000803, 0.3099999999999999423 ) ) ;
#7615 = CARTESIAN_POINT ( 'NONE',  ( -2.437285194612301087, -2.615203068017999399, 5.320000000000000284 ) ) ;
#7616 = DIRECTION ( 'NONE',  ( 1.000000000000000000, 0.000000000000000000, 0.000000000000000000 ) ) ;
#7617 = LINE ( 'NONE', #3826, #8587 ) ;
#7618 = EDGE_CURVE ( 'NONE', #2138, #3732, #5883, .T. ) ;
#7619 = LINE ( 'NONE', #799, #2634 ) ;
#7620 = FACE_OUTER_BOUND ( 'NONE', #5487, .T. ) ;
#7621 = EDGE_LOOP ( 'NONE', ( #2411, #4203, #6196, #279 ) ) ;
#7622 = CARTESIAN_POINT ( 'NONE',  ( -6.320000000000001172, 0.5100000000000008971, -0.9900000000000004352 ) ) ;
#7623 = DIRECTION ( 'NONE',  ( 0.000000000000000000, 1.000000000000000000, 0.000000000000000000 ) ) ;
#7624 = ORIENTED_EDGE ( 'NONE', *, *, #4267, .T. ) ;
#7625 = ORIENTED_EDGE ( 'NONE', *, *, #2435, .F. ) ;
#7626 = ORIENTED_EDGE ( 'NONE', *, *, #8414, .T. ) ;
#7627 = EDGE_CURVE ( 'NONE', #1129, #6139, #9529, .T. ) ;
#7628 = CARTESIAN_POINT ( 'NONE',  ( -2.680000000000001048, 2.760000000000000675, 0.3099999999999999423 ) ) ;
#7629 = CARTESIAN_POINT ( 'NONE',  ( -4.305662386292000932, -1.749999999999998890, 3.319999999999999840 ) ) ;
#7630 = VECTOR ( 'NONE', #951, 1000.000000000000114 ) ;
#7631 = DIRECTION ( 'NONE',  ( 0.000000000000000000, 1.000000000000000000, 0.000000000000000000 ) ) ;
#7632 = VECTOR ( 'NONE', #7491, 1000.000000000000000 ) ;
#7633 = EDGE_LOOP ( 'NONE', ( #5771, #2404, #6448, #5155 ) ) ;
#7634 = ORIENTED_EDGE ( 'NONE', *, *, #8382, .F. ) ;
#7635 = VERTEX_POINT ( 'NONE', #8925 ) ;
#7636 = EDGE_CURVE ( 'NONE', #2494, #3882, #2094, .T. ) ;
#7637 = DIRECTION ( 'NONE',  ( -0.9841833239736893502, 0.000000000000000000, 0.1771529983152980714 ) ) ;
#7638 = CARTESIAN_POINT ( 'NONE',  ( -7.940161869518999715, 3.190000000000000391, 3.770000000000000018 ) ) ;
#7639 = ORIENTED_EDGE ( 'NONE', *, *, #2841, .F. ) ;
#7640 = CARTESIAN_POINT ( 'NONE',  ( -3.475000000000000977, 8.673617379884035472E-16, 7.509999999999998899 ) ) ;
#7641 = EDGE_LOOP ( 'NONE', ( #4384, #2761, #3262 ) ) ;
#7642 = CARTESIAN_POINT ( 'NONE',  ( 3.324999999999998845, 1.590000000000000746, 6.769999999999999574 ) ) ;
#7643 = AXIS2_PLACEMENT_3D ( 'NONE', #2499, #3193, #960 ) ;
#7644 = LINE ( 'NONE', #9191, #1125 ) ;
#7645 = CARTESIAN_POINT ( 'NONE',  ( 0.3199999999999991185, 2.120000000000000995, 2.319999999999999840 ) ) ;
#7646 = VERTEX_POINT ( 'NONE', #7523 ) ;
#7647 = FACE_OUTER_BOUND ( 'NONE', #5397, .T. ) ;
#7648 = CARTESIAN_POINT ( 'NONE',  ( -6.320000000000001172, 4.889000000000001123, -0.3199999999999999512 ) ) ;
#7649 = VERTEX_POINT ( 'NONE', #2244 ) ;
#7650 = VECTOR ( 'NONE', #8602, 1000.000000000000000 ) ;
#7651 = EDGE_CURVE ( 'NONE', #6243, #7172, #9714, .T. ) ;
#7653 = ORIENTED_EDGE ( 'NONE', *, *, #5772, .T. ) ;
#7652 = DIRECTION ( 'NONE',  ( 0.000000000000000000, -0.1771529983152980714, -0.9841833239736893502 ) ) ;
#7654 = CARTESIAN_POINT ( 'NONE',  ( 0.3199999999999991185, 5.120000000000000995, 6.519999999999999574 ) ) ;
#7655 = LINE ( 'NONE', #642, #5627 ) ;
#7656 = CARTESIAN_POINT ( 'NONE',  ( 0.3199999999999991185, 7.115000000000001101, 0.3099999999999999423 ) ) ;
#7657 = DIRECTION ( 'NONE',  ( 1.000000000000000000, 0.000000000000000000, 0.000000000000000000 ) ) ;
#7658 = EDGE_LOOP ( 'NONE', ( #820, #1959, #3508, #1118 ) ) ;
#7659 = EDGE_CURVE ( 'NONE', #4133, #7894, #5138, .T. ) ;
#7660 = PLANE ( 'NONE',  #3719 ) ;
#7661 = ADVANCED_FACE ( 'NONE', ( #1360 ), #2150, .F. ) ;
#7662 = CARTESIAN_POINT ( 'NONE',  ( 3.324999999999998845, 1.440000000000000835, 6.591276617050000119 ) ) ;
#7663 = CARTESIAN_POINT ( 'NONE',  ( -5.680000000000000604, -2.179999999999998828, -3.319999999999999840 ) ) ;
#7664 = DIRECTION ( 'NONE',  ( 1.000000000000000000, 0.000000000000000000, 0.000000000000000000 ) ) ;
#7665 = LINE ( 'NONE', #845, #7344 ) ;
#7666 = EDGE_LOOP ( 'NONE', ( #7685, #8621, #5419, #4345 ) ) ;
#7667 = LINE ( 'NONE', #8462, #4372 ) ;
#7668 = CARTESIAN_POINT ( 'NONE',  ( -5.680000000000000604, 2.760000000000000675, 0.3099999999999999423 ) ) ;
#7669 = ORIENTED_EDGE ( 'NONE', *, *, #9629, .F. ) ;
#7670 = ORIENTED_EDGE ( 'NONE', *, *, #8403, .T. ) ;
#7671 = EDGE_LOOP ( 'NONE', ( #5052, #3857, #4800, #8020, #1857, #3075 ) ) ;
#7672 = ADVANCED_FACE ( 'NONE', ( #8223 ), #566, .T. ) ;
#7673 = ADVANCED_FACE ( 'NONE', ( #2944 ), #1404, .T. ) ;
#7674 = LINE ( 'NONE', #8416, #6374 ) ;
#7675 = VECTOR ( 'NONE', #2310, 1000.000000000000000 ) ;
#7676 = CARTESIAN_POINT ( 'NONE',  ( -9.574999999999999289, 3.365000000000000657, 3.770000000000000018 ) ) ;
#7677 = VECTOR ( 'NONE', #9723, 1000.000000000000000 ) ;
#7678 = ADVANCED_FACE ( 'NONE', ( #6779 ), #706, .T. ) ;
#7679 = CARTESIAN_POINT ( 'NONE',  ( -5.680000000000000604, 4.889000000000001123, -0.3199999999999999512 ) ) ;
#7680 = ORIENTED_EDGE ( 'NONE', *, *, #444, .F. ) ;
#7681 = ORIENTED_EDGE ( 'NONE', *, *, #2326, .F. ) ;
#7682 = ORIENTED_EDGE ( 'NONE', *, *, #3717, .T. ) ;
#7683 = DIRECTION ( 'NONE',  ( 1.000000000000000000, 0.000000000000000000, 0.000000000000000000 ) ) ;
#7684 = CARTESIAN_POINT ( 'NONE',  ( -6.320000000000001172, 2.760000000000000675, 0.3099999999999999423 ) ) ;
#7685 = ORIENTED_EDGE ( 'NONE', *, *, #4942, .F. ) ;
#7686 = VECTOR ( 'NONE', #2157, 1000.000000000000000 ) ;
#7687 = ORIENTED_EDGE ( 'NONE', *, *, #1742, .F. ) ;
#7688 = CARTESIAN_POINT ( 'NONE',  ( 0.1399999999999990696, 2.580000000000000515, 6.519999999999999574 ) ) ;
#7689 = VECTOR ( 'NONE', #933, 1000.000000000000000 ) ;
#7690 = VECTOR ( 'NONE', #7716, 1000.000000000000000 ) ;
#7691 = VECTOR ( 'NONE', #1919, 1000.000000000000000 ) ;
#7692 = DIRECTION ( 'NONE',  ( 1.000000000000000000, 0.000000000000000000, 0.000000000000000000 ) ) ;
#7693 = CARTESIAN_POINT ( 'NONE',  ( -9.574999999999999289, 4.940000000000000391, 0.2799999999999998601 ) ) ;
#7694 = ORIENTED_EDGE ( 'NONE', *, *, #360, .F. ) ;
#7695 = DIRECTION ( 'NONE',  ( 0.000000000000000000, -1.000000000000000000, 0.000000000000000000 ) ) ;
#7696 = LINE ( 'NONE', #4769, #4696 ) ;
#7697 = ORIENTED_EDGE ( 'NONE', *, *, #2600, .T. ) ;
#7698 = VECTOR ( 'NONE', #1226, 1000.000000000000227 ) ;
#7699 = VECTOR ( 'NONE', #4316, 1000.000000000000000 ) ;
#7700 = CARTESIAN_POINT ( 'NONE',  ( -7.825000000000001954, 7.370000000000000995, -0.9900000000000004352 ) ) ;
#7701 = PLANE ( 'NONE',  #7024 ) ;
#7702 = AXIS2_PLACEMENT_3D ( 'NONE', #4556, #7595, #774 ) ;
#7704 = VERTEX_POINT ( 'NONE', #7478 ) ;
#7703 = CARTESIAN_POINT ( 'NONE',  ( -7.940485608557000141, 7.370000000000000995, 8.920000000000001705 ) ) ;
#7705 = PLANE ( 'NONE',  #5838 ) ;
#7706 = CARTESIAN_POINT ( 'NONE',  ( -9.324999999999999289, 2.840000000000000302, 7.270000000000000462 ) ) ;
#7707 = LINE ( 'NONE', #7763, #559 ) ;
#7708 = VECTOR ( 'NONE', #4610, 1000.000000000000000 ) ;
#7709 = VECTOR ( 'NONE', #7239, 1000.000000000000000 ) ;
#7710 = CARTESIAN_POINT ( 'NONE',  ( -7.270000000000001350, 4.870000000000000995, 8.920000000000001705 ) ) ;
#7711 = VECTOR ( 'NONE', #8254, 1000.000000000000000 ) ;
#7712 = ADVANCED_FACE ( 'NONE', ( #9071 ), #610, .T. ) ;
#7713 = LINE ( 'NONE', #6070, #74 ) ;
#7714 = LINE ( 'NONE', #4486, #1570 ) ;
#7715 = VERTEX_POINT ( 'NONE', #3688 ) ;
#7716 = DIRECTION ( 'NONE',  ( 4.037174635001000157E-14, 1.000000000000000000, 8.074349270000999407E-14 ) ) ;
#7717 = VECTOR ( 'NONE', #7477, 1000.000000000000000 ) ;
#7718 = CARTESIAN_POINT ( 'NONE',  ( 1.824999999999999289, 7.370000000000000995, -0.9900000000000004352 ) ) ;
#7719 = LINE ( 'NONE', #6325, #4749 ) ;
#7720 = DIRECTION ( 'NONE',  ( 0.000000000000000000, 1.000000000000000000, 0.000000000000000000 ) ) ;
#7721 = EDGE_CURVE ( 'NONE', #8137, #4146, #9027, .T. ) ;
#7722 = CARTESIAN_POINT ( 'NONE',  ( -3.000000000000000888, 1.530000000000000915, 3.964999999999999858 ) ) ;
#7723 = ORIENTED_EDGE ( 'NONE', *, *, #3658, .T. ) ;
#7724 = DIRECTION ( 'NONE',  ( 1.000000000000000000, 0.000000000000000000, 0.000000000000000000 ) ) ;
#7725 = CARTESIAN_POINT ( 'NONE',  ( -2.680000000000001048, 5.540000000000000924, -0.9900000000000004352 ) ) ;
#7726 = ORIENTED_EDGE ( 'NONE', *, *, #3141, .T. ) ;
#7727 = ORIENTED_EDGE ( 'NONE', *, *, #5684, .T. ) ;
#7728 = DIRECTION ( 'NONE',  ( 0.000000000000000000, -1.000000000000000000, 0.000000000000000000 ) ) ;
#7729 = CARTESIAN_POINT ( 'NONE',  ( -0.3200000000000008393, 2.120000000000000995, 2.319999999999999840 ) ) ;
#7730 = CARTESIAN_POINT ( 'NONE',  ( -0.3200000000000008393, 7.370000000000000995, -0.9900000000000004352 ) ) ;
#7731 = EDGE_CURVE ( 'NONE', #1711, #127, #2198, .T. ) ;
#7732 = EDGE_CURVE ( 'NONE', #8795, #9633, #7714, .T. ) ;
#7733 = CARTESIAN_POINT ( 'NONE',  ( -4.730000000000000426, 3.710000000000000409, 8.920000000000001705 ) ) ;
#7734 = ORIENTED_EDGE ( 'NONE', *, *, #4633, .T. ) ;
#7735 = ORIENTED_EDGE ( 'NONE', *, *, #8397, .F. ) ;
#7736 = ORIENTED_EDGE ( 'NONE', *, *, #5888, .F. ) ;
#7737 = DIRECTION ( 'NONE',  ( -1.000000000000000000, 0.000000000000000000, 0.000000000000000000 ) ) ;
#7738 = CARTESIAN_POINT ( 'NONE',  ( 3.574999999999999289, 8.673617379884035472E-16, -0.9900000000000004352 ) ) ;
#7739 = ORIENTED_EDGE ( 'NONE', *, *, #1536, .F. ) ;
#7740 = EDGE_CURVE ( 'NONE', #3946, #3458, #2799, .T. ) ;
#7741 = EDGE_CURVE ( 'NONE', #396, #3968, #5839, .T. ) ;
#7742 = LINE ( 'NONE', #5601, #8916 ) ;
#7743 = VERTEX_POINT ( 'NONE', #1307 ) ;
#7744 = VECTOR ( 'NONE', #9043, 1000.000000000000000 ) ;
#7745 = EDGE_CURVE ( 'NONE', #7082, #2837, #9670, .T. ) ;
#7746 = EDGE_CURVE ( 'NONE', #2662, #7776, #4830, .T. ) ;
#7747 = LINE ( 'NONE', #1025, #5481 ) ;
#7748 = PLANE ( 'NONE',  #9131 ) ;
#7749 = EDGE_LOOP ( 'NONE', ( #1845, #2207, #1420, #3009, #5912, #4558 ) ) ;
#7750 = ORIENTED_EDGE ( 'NONE', *, *, #6796, .T. ) ;
#7751 = DIRECTION ( 'NONE',  ( 0.000000000000000000, 0.000000000000000000, 1.000000000000000000 ) ) ;
#7752 = CARTESIAN_POINT ( 'NONE',  ( -3.310000000000000941, -2.235555555555999163, 0.3099999999999999423 ) ) ;
#7753 = CARTESIAN_POINT ( 'NONE',  ( -0.1400000000000007905, 5.300000000000000711, 6.519999999999999574 ) ) ;
#7754 = AXIS2_PLACEMENT_3D ( 'NONE', #75, #1618, #2910 ) ;
#7755 = ORIENTED_EDGE ( 'NONE', *, *, #7651, .T. ) ;
#7756 = CARTESIAN_POINT ( 'NONE',  ( -7.940485608557000141, 1.530000000000000915, 7.270000000000000462 ) ) ;
#7757 = FACE_OUTER_BOUND ( 'NONE', #8833, .T. ) ;
#7759 = ORIENTED_EDGE ( 'NONE', *, *, #2215, .F. ) ;
#7758 = LINE ( 'NONE', #3763, #606 ) ;
#7760 = LINE ( 'NONE', #3218, #2020 ) ;
#7761 = VECTOR ( 'NONE', #1086, 1000.000000000000000 ) ;
#7762 = DIRECTION ( 'NONE',  ( -0.6427876096865049460, 0.000000000000000000, 0.7660444431190069903 ) ) ;
#7763 = CARTESIAN_POINT ( 'NONE',  ( 0.3199999999999991185, 7.115000000000001101, -0.9900000000000004352 ) ) ;
#7764 = CARTESIAN_POINT ( 'NONE',  ( -3.230000000000001315, -2.679999999999999272, 0.000000000000000000 ) ) ;
#7765 = CARTESIAN_POINT ( 'NONE',  ( -8.340485608557001385, 4.515000000000000568, 1.269999999999999796 ) ) ;
#7766 = VERTEX_POINT ( 'NONE', #296 ) ;
#7767 = EDGE_CURVE ( 'NONE', #4357, #4953, #6221, .T. ) ;
#7768 = AXIS2_PLACEMENT_3D ( 'NONE', #9417, #2391, #6228 ) ;
#7769 = CARTESIAN_POINT ( 'NONE',  ( -5.680000000000000604, 4.889000000000001123, 0.3099999999999999423 ) ) ;
#7770 = CARTESIAN_POINT ( 'NONE',  ( 3.324999999999998845, 1.530000000000000915, 7.270000000000000462 ) ) ;
#7771 = LINE ( 'NONE', #794, #5205 ) ;
#7772 = EDGE_CURVE ( 'NONE', #492, #9028, #2638, .T. ) ;
#7773 = CARTESIAN_POINT ( 'NONE',  ( -3.570000000000001172, 1.170000000000000817, 8.920000000000001705 ) ) ;
#7774 = DIRECTION ( 'NONE',  ( 0.000000000000000000, -1.000000000000000000, 0.000000000000000000 ) ) ;
#7775 = LINE ( 'NONE', #9367, #1769 ) ;
#7776 = VERTEX_POINT ( 'NONE', #3177 ) ;
#7777 = DIRECTION ( 'NONE',  ( 0.000000000000000000, -1.000000000000000000, 0.000000000000000000 ) ) ;
#7778 = VERTEX_POINT ( 'NONE', #3328 ) ;
#7779 = VERTEX_POINT ( 'NONE', #6368 ) ;
#7780 = FACE_OUTER_BOUND ( 'NONE', #9189, .T. ) ;
#7781 = CARTESIAN_POINT ( 'NONE',  ( -6.320000000000001172, -2.179999999999998828, -3.319999999999999840 ) ) ;
#7782 = CARTESIAN_POINT ( 'NONE',  ( -3.320000000000000728, 0.5100000000000008971, -0.9900000000000004352 ) ) ;
#7783 = EDGE_CURVE ( 'NONE', #9842, #4357, #5678, .T. ) ;
#7784 = LINE ( 'NONE', #8523, #4180 ) ;
#7785 = ORIENTED_EDGE ( 'NONE', *, *, #2252, .F. ) ;
#7786 = ORIENTED_EDGE ( 'NONE', *, *, #8133, .T. ) ;
#7787 = ORIENTED_EDGE ( 'NONE', *, *, #5172, .F. ) ;
#7788 = PLANE ( 'NONE',  #9114 ) ;
#7789 = LINE ( 'NONE', #6942, #4221 ) ;
#7790 = ORIENTED_EDGE ( 'NONE', *, *, #3621, .T. ) ;
#7791 = FACE_OUTER_BOUND ( 'NONE', #661, .T. ) ;
#7792 = EDGE_CURVE ( 'NONE', #7499, #8190, #3975, .T. ) ;
#7793 = EDGE_CURVE ( 'NONE', #3339, #724, #2531, .T. ) ;
#7794 = VECTOR ( 'NONE', #6029, 1000.000000000000000 ) ;
#7795 = VERTEX_POINT ( 'NONE', #4928 ) ;
#7796 = VECTOR ( 'NONE', #797, 1000.000000000000000 ) ;
#7797 = CARTESIAN_POINT ( 'NONE',  ( -2.680000000000001048, 1.160000000000000808, -0.9900000000000004352 ) ) ;
#7798 = LINE ( 'NONE', #126, #6594 ) ;
#7799 = ORIENTED_EDGE ( 'NONE', *, *, #7207, .T. ) ;
#7800 = ORIENTED_EDGE ( 'NONE', *, *, #9805, .F. ) ;
#7801 = ORIENTED_EDGE ( 'NONE', *, *, #2653, .F. ) ;
#7802 = VECTOR ( 'NONE', #4527, 1000.000000000000000 ) ;
#7803 = DIRECTION ( 'NONE',  ( 0.000000000000000000, -1.000000000000000000, 0.000000000000000000 ) ) ;
#7804 = LINE ( 'NONE', #5514, #1351 ) ;
#7805 = EDGE_LOOP ( 'NONE', ( #5946, #7192, #9322, #9313 ) ) ;
#7806 = EDGE_CURVE ( 'NONE', #4270, #2095, #6317, .T. ) ;
#7807 = CARTESIAN_POINT ( 'NONE',  ( 3.574999999999999289, 5.540000000000000924, -0.3199999999999999512 ) ) ;
#7808 = VECTOR ( 'NONE', #662, 1000.000000000000114 ) ;
#7809 = CARTESIAN_POINT ( 'NONE',  ( 3.324999999999998845, 1.440000000000000835, 6.591276617050000119 ) ) ;
#7811 = EDGE_LOOP ( 'NONE', ( #8687, #8760, #5131, #3507, #3731, #6588 ) ) ;
#7810 = DIRECTION ( 'NONE',  ( 1.000000000000000000, 0.000000000000000000, 0.000000000000000000 ) ) ;
#7812 = LINE ( 'NONE', #8549, #5361 ) ;
#7813 = PLANE ( 'NONE',  #7068 ) ;
#7814 = CARTESIAN_POINT ( 'NONE',  ( -0.3200000000000008393, 4.260000000000000675, -0.3199999999999999512 ) ) ;
#7815 = EDGE_CURVE ( 'NONE', #127, #3785, #3923, .T. ) ;
#7816 = B_SPLINE_CURVE_WITH_KNOTS ( 'NONE', 3,
 ( #2204, #4444, #1509, #8229, #7582, #4397, #3045, #664, #5291, #9720, #3647 ),
 .UNSPECIFIED., .F., .F.,
 ( 4, 1, 1, 1, 1, 1, 1, 1, 4 ),
 ( 0.000000000000000000, 0.1250000000000000000, 0.2500000000000000000, 0.3750000000000000000, 0.5000000000000000000, 0.6250000000000000000, 0.7500000000000000000, 0.8750000000000000000, 1.000000000000000000 ),
 .UNSPECIFIED. ) ;
#7817 = LINE ( 'NONE', #245, #3020 ) ;
#7818 = VECTOR ( 'NONE', #4592, 1000.000000000000114 ) ;
#7819 = DIRECTION ( 'NONE',  ( 0.000000000000000000, 1.000000000000000000, 0.000000000000000000 ) ) ;
#7820 = LINE ( 'NONE', #8506, #798 ) ;
#7821 = VERTEX_POINT ( 'NONE', #1843 ) ;
#7822 = CARTESIAN_POINT ( 'NONE',  ( -0.3200000000000008393, 2.760000000000000675, 2.319999999999999840 ) ) ;
#7823 = VECTOR ( 'NONE', #5584, 1000.000000000000000 ) ;
#7824 = DIRECTION ( 'NONE',  ( 0.000000000000000000, 1.000000000000000000, 0.000000000000000000 ) ) ;
#7825 = ADVANCED_FACE ( 'NONE', ( #6265 ), #195, .F. ) ;
#7826 = CARTESIAN_POINT ( 'NONE',  ( -3.475000000000000977, -2.619615242270999733, 5.320000000000000284 ) ) ;
#7827 = FACE_OUTER_BOUND ( 'NONE', #7641, .T. ) ;
#7828 = ORIENTED_EDGE ( 'NONE', *, *, #8156, .T. ) ;
#7829 = EDGE_LOOP ( 'NONE', ( #6499, #2717, #5058, #8340 ) ) ;
#7830 = ORIENTED_EDGE ( 'NONE', *, *, #1296, .F. ) ;
#7831 = LINE ( 'NONE', #3388, #6736 ) ;
#7832 = FACE_BOUND ( 'NONE', #6741, .T. ) ;
#7833 = CARTESIAN_POINT ( 'NONE',  ( -5.680000000000000604, 2.120000000000000995, 6.519999999999999574 ) ) ;
#7834 = CARTESIAN_POINT ( 'NONE',  ( -7.940485608557000141, 1.530000000000000915, 8.920000000000001705 ) ) ;
#7835 = ORIENTED_EDGE ( 'NONE', *, *, #3450, .F. ) ;
#7836 = ORIENTED_EDGE ( 'NONE', *, *, #7767, .T. ) ;
#7837 = VERTEX_POINT ( 'NONE', #8555 ) ;
#7838 = EDGE_CURVE ( 'NONE', #7479, #2707, #4882, .T. ) ;
#7839 = CARTESIAN_POINT ( 'NONE',  ( -2.680000000000001048, 3.620000000000000995, -0.3199999999999999512 ) ) ;
#7840 = CARTESIAN_POINT ( 'NONE',  ( 2.640485608556998987, 4.340000000000000746, 1.169999999999999707 ) ) ;
#7841 = ORIENTED_EDGE ( 'NONE', *, *, #8492, .F. ) ;
#7842 = EDGE_CURVE ( 'NONE', #1501, #3597, #5573, .T. ) ;
#7843 = AXIS2_PLACEMENT_3D ( 'NONE', #7733, #914, #5544 ) ;
#7844 = CARTESIAN_POINT ( 'NONE',  ( -2.680000000000001048, 7.115000000000001101, 0.3099999999999999423 ) ) ;
#7845 = ORIENTED_EDGE ( 'NONE', *, *, #175, .F. ) ;
#7846 = CARTESIAN_POINT ( 'NONE',  ( -0.3200000000000008393, 7.370000000000000995, 0.3099999999999999423 ) ) ;
#7847 = DIRECTION ( 'NONE',  ( 1.000000000000000000, 0.000000000000000000, 0.000000000000000000 ) ) ;
#7848 = ORIENTED_EDGE ( 'NONE', *, *, #4833, .T. ) ;
#7849 = EDGE_LOOP ( 'NONE', ( #8861, #9540, #3203, #7755 ) ) ;
#7850 = FACE_OUTER_BOUND ( 'NONE', #978, .T. ) ;
#7851 = DIRECTION ( 'NONE',  ( 0.000000000000000000, 1.000000000000000000, 0.000000000000000000 ) ) ;
#7852 = ORIENTED_EDGE ( 'NONE', *, *, #9077, .T. ) ;
#7853 = PLANE ( 'NONE',  #8601 ) ;
#7854 = CARTESIAN_POINT ( 'NONE',  ( 2.304999999999998828, 0.5100000000000008971, 8.485588664446000351 ) ) ;
#7855 = EDGE_CURVE ( 'NONE', #8928, #7245, #5624, .T. ) ;
#7857 = EDGE_LOOP ( 'NONE', ( #6552, #7736, #3674, #6380 ) ) ;
#7856 = CARTESIAN_POINT ( 'NONE',  ( -9.324999999999999289, 7.370000000000000995, -0.9900000000000004352 ) ) ;
#7858 = VECTOR ( 'NONE', #2183, 1000.000000000000227 ) ;
#7859 = DIRECTION ( 'NONE',  ( -4.037174635001000157E-14, 1.000000000000000000, 8.074349270000999407E-14 ) ) ;
#7860 = FACE_OUTER_BOUND ( 'NONE', #4157, .T. ) ;
#7861 = PLANE ( 'NONE',  #4528 ) ;
#7862 = EDGE_CURVE ( 'NONE', #8305, #427, #7820, .T. ) ;
#7863 = EDGE_CURVE ( 'NONE', #2268, #8928, #1096, .T. ) ;
#7864 = DIRECTION ( 'NONE',  ( 0.000000000000000000, 1.000000000000000000, 0.000000000000000000 ) ) ;
#7865 = LINE ( 'NONE', #5572, #5006 ) ;
#7866 = EDGE_CURVE ( 'NONE', #1555, #3653, #4122, .T. ) ;
#7867 = VECTOR ( 'NONE', #6158, 1000.000000000000000 ) ;
#7868 = CARTESIAN_POINT ( 'NONE',  ( -1.730000000000000870, 6.710000000000000853, 8.920000000000001705 ) ) ;
#7869 = ORIENTED_EDGE ( 'NONE', *, *, #5954, .F. ) ;
#7870 = VECTOR ( 'NONE', #948, 1000.000000000000000 ) ;
#7871 = AXIS2_PLACEMENT_3D ( 'NONE', #9193, #6997, #3208 ) ;
#7872 = ORIENTED_EDGE ( 'NONE', *, *, #3963, .T. ) ;
#7873 = EDGE_CURVE ( 'NONE', #1814, #8843, #5471, .T. ) ;
#7874 = DIRECTION ( 'NONE',  ( 1.000000000000000000, 0.000000000000000000, 0.000000000000000000 ) ) ;
#7875 = ADVANCED_FACE ( 'NONE', ( #248 ), #3279, .T. ) ;
#7876 = CARTESIAN_POINT ( 'NONE',  ( -3.475000000000000977, 0.5100000000000008971, 0.3099999999999999423 ) ) ;
#7877 = VECTOR ( 'NONE', #4255, 1000.000000000000000 ) ;
#7878 = AXIS2_PLACEMENT_3D ( 'NONE', #1525, #3116, #6108 ) ;
#7879 = AXIS2_PLACEMENT_3D ( 'NONE', #2870, #8944, #4507 ) ;
#7880 = CARTESIAN_POINT ( 'NONE',  ( -3.140000000000001013, 5.300000000000000711, 6.519999999999999574 ) ) ;
#7881 = DIRECTION ( 'NONE',  ( 0.000000000000000000, 0.000000000000000000, -1.000000000000000000 ) ) ;
#7882 = EDGE_CURVE ( 'NONE', #7354, #68, #6663, .T. ) ;
#7883 = LINE ( 'NONE', #8677, #3039 ) ;
#7884 = VERTEX_POINT ( 'NONE', #5119 ) ;
#7885 = VERTEX_POINT ( 'NONE', #9693 ) ;
#7886 = ORIENTED_EDGE ( 'NONE', *, *, #124, .F. ) ;
#7887 = AXIS2_PLACEMENT_3D ( 'NONE', #8222, #1403, #4438 ) ;
#7888 = DIRECTION ( 'NONE',  ( 0.000000000000000000, -1.000000000000000000, 0.000000000000000000 ) ) ;
#7889 = CARTESIAN_POINT ( 'NONE',  ( -6.140000000000001457, 2.580000000000000515, 6.519999999999999574 ) ) ;
#7890 = CARTESIAN_POINT ( 'NONE',  ( -6.140000000000001457, 5.300000000000000711, 6.519999999999999574 ) ) ;
#7891 = EDGE_CURVE ( 'NONE', #6010, #7146, #3570, .T. ) ;
#7892 = LINE ( 'NONE', #3594, #8398 ) ;
#7893 = ORIENTED_EDGE ( 'NONE', *, *, #746, .T. ) ;
#7894 = VERTEX_POINT ( 'NONE', #395 ) ;
#7895 = ORIENTED_EDGE ( 'NONE', *, *, #8749, .T. ) ;
#7896 = DIRECTION ( 'NONE',  ( 0.000000000000000000, -0.9841833239736893502, 0.1771529983152980714 ) ) ;
#7897 = VERTEX_POINT ( 'NONE', #540 ) ;
#7898 = CARTESIAN_POINT ( 'NONE',  ( -6.320000000000001172, 5.529000000000000803, 0.3099999999999999423 ) ) ;
#7899 = ORIENTED_EDGE ( 'NONE', *, *, #759, .F. ) ;
#7900 = ADVANCED_FACE ( 'NONE', ( #2776 ), #6617, .T. ) ;
#7901 = LINE ( 'NONE', #326, #6885 ) ;
#7902 = ORIENTED_EDGE ( 'NONE', *, *, #829, .F. ) ;
#7903 = EDGE_LOOP ( 'NONE', ( #1524, #4801, #9102, #4105 ) ) ;
#7904 = ORIENTED_EDGE ( 'NONE', *, *, #9748, .T. ) ;
#7905 = LINE ( 'NONE', #4110, #8966 ) ;
#7906 = CARTESIAN_POINT ( 'NONE',  ( -0.2300000000000010369, 5.440000000000000391, 6.019999999999999574 ) ) ;
#7907 = ORIENTED_EDGE ( 'NONE', *, *, #544, .F. ) ;
#7908 = LINE ( 'NONE', #1083, #9075 ) ;
#7909 = CARTESIAN_POINT ( 'NONE',  ( 1.269999999999999352, 6.710000000000000853, 8.920000000000001705 ) ) ;
#7911 = ORIENTED_EDGE ( 'NONE', *, *, #5621, .F. ) ;
#7910 = CARTESIAN_POINT ( 'NONE',  ( -9.574999999999999289, 2.840000000000000302, 5.750000000000000000 ) ) ;
#7912 = DIRECTION ( 'NONE',  ( 0.000000000000000000, 0.000000000000000000, -1.000000000000000000 ) ) ;
#7913 = EDGE_CURVE ( 'NONE', #9489, #9397, #3430, .T. ) ;
#7914 = LINE ( 'NONE', #8100, #1505 ) ;
#7915 = VECTOR ( 'NONE', #7936, 1000.000000000000000 ) ;
#7916 = FACE_OUTER_BOUND ( 'NONE', #6691, .T. ) ;
#7917 = CARTESIAN_POINT ( 'NONE',  ( 3.574999999999999289, 2.840000000000000302, 5.750000000000000000 ) ) ;
#7918 = DIRECTION ( 'NONE',  ( -0.1744369497454954787, -0.1744369497454954787, -0.9690941652527760297 ) ) ;
#7919 = EDGE_LOOP ( 'NONE', ( #6172, #917, #1823, #1339 ) ) ;
#7920 = VERTEX_POINT ( 'NONE', #8807 ) ;
#7921 = CARTESIAN_POINT ( 'NONE',  ( 3.574999999999999289, 4.515000000000000568, 1.269999999999999796 ) ) ;
#7922 = AXIS2_PLACEMENT_3D ( 'NONE', #7331, #4943, #7981 ) ;
#7923 = CARTESIAN_POINT ( 'NONE',  ( -6.320000000000001172, 7.115000000000001101, 0.3099999999999999423 ) ) ;
#7924 = DIRECTION ( 'NONE',  ( 0.000000000000000000, 0.000000000000000000, 1.000000000000000000 ) ) ;
#7925 = PLANE ( 'NONE',  #1588 ) ;
#7926 = DIRECTION ( 'NONE',  ( 0.9841833239736893502, 0.000000000000000000, 0.1771529983152980714 ) ) ;
#7927 = VERTEX_POINT ( 'NONE', #9599 ) ;
#7928 = ADVANCED_FACE ( 'NONE', ( #6518 ), #9556, .F. ) ;
#7929 = VECTOR ( 'NONE', #2525, 1000.000000000000000 ) ;
#7930 = ORIENTED_EDGE ( 'NONE', *, *, #9330, .T. ) ;
#7931 = EDGE_LOOP ( 'NONE', ( #4921, #6554, #7281, #5438, #4016 ) ) ;
#7932 = CARTESIAN_POINT ( 'NONE',  ( -7.940323739037999928, 5.040000000000000924, 7.270000000000000462 ) ) ;
#7933 = EDGE_CURVE ( 'NONE', #1869, #7038, #8758, .T. ) ;
#7934 = LINE ( 'NONE', #3443, #1241 ) ;
#7935 = EDGE_CURVE ( 'NONE', #8537, #3753, #5029, .T. ) ;
#7936 = DIRECTION ( 'NONE',  ( 0.000000000000000000, 0.000000000000000000, 1.000000000000000000 ) ) ;
#7937 = EDGE_CURVE ( 'NONE', #8280, #7837, #3475, .T. ) ;
#7938 = AXIS2_PLACEMENT_3D ( 'NONE', #2452, #8573, #1758 ) ;
#7939 = LINE ( 'NONE', #2003, #6337 ) ;
#7940 = ORIENTED_EDGE ( 'NONE', *, *, #9805, .T. ) ;
#7941 = VERTEX_POINT ( 'NONE', #7218 ) ;
#7942 = VERTEX_POINT ( 'NONE', #8905 ) ;
#7943 = VERTEX_POINT ( 'NONE', #2074 ) ;
#7944 = DIRECTION ( 'NONE',  ( 1.000000000000000000, 0.000000000000000000, 0.000000000000000000 ) ) ;
#7945 = ORIENTED_EDGE ( 'NONE', *, *, #3336, .T. ) ;
#7946 = EDGE_CURVE ( 'NONE', #6318, #8021, #491, .T. ) ;
#7947 = LINE ( 'NONE', #4154, #6429 ) ;
#7948 = EDGE_LOOP ( 'NONE', ( #3652, #7349, #6452, #6577 ) ) ;
#7949 = ORIENTED_EDGE ( 'NONE', *, *, #2524, .F. ) ;
#7950 = ORIENTED_EDGE ( 'NONE', *, *, #7439, .F. ) ;
#7951 = EDGE_CURVE ( 'NONE', #9842, #6739, #8150, .T. ) ;
#7952 = LINE ( 'NONE', #1079, #5795 ) ;
#7953 = LINE ( 'NONE', #4965, #2141 ) ;
#7954 = VERTEX_POINT ( 'NONE', #2030 ) ;
#7955 = CARTESIAN_POINT ( 'NONE',  ( -3.700000000000001066, 7.370000000000000995, 8.379999999999999005 ) ) ;
#7957 = ORIENTED_EDGE ( 'NONE', *, *, #4723, .F. ) ;
#7956 = LINE ( 'NONE', #3271, #2188 ) ;
#7958 = CYLINDRICAL_SURFACE ( 'NONE', #7430, 1.300000000000000044 ) ;
#7959 = LINE ( 'NONE', #3424, #3240 ) ;
#7960 = DIRECTION ( 'NONE',  ( 1.000000000000000000, 0.000000000000000000, 0.000000000000000000 ) ) ;
#7961 = VECTOR ( 'NONE', #4340, 1000.000000000000114 ) ;
#7962 = DIRECTION ( 'NONE',  ( 1.000000000000000000, 0.000000000000000000, 0.000000000000000000 ) ) ;
#7963 = CARTESIAN_POINT ( 'NONE',  ( 0.3199999999999991185, 2.760000000000000675, 0.3099999999999999423 ) ) ;
#7964 = CARTESIAN_POINT ( 'NONE',  ( -2.300000000000000711, 7.370000000000000995, 8.379999999999999005 ) ) ;
#7965 = ORIENTED_EDGE ( 'NONE', *, *, #1169, .T. ) ;
#7966 = VERTEX_POINT ( 'NONE', #8007 ) ;
#7967 = VECTOR ( 'NONE', #1467, 1000.000000000000000 ) ;
#7968 = ADVANCED_FACE ( 'NONE', ( #2117 ), #1244, .F. ) ;
#7969 = CARTESIAN_POINT ( 'NONE',  ( -2.860000000000001208, -3.179999999999998828, -2.860000000000000764 ) ) ;
#7970 = FACE_OUTER_BOUND ( 'NONE', #5230, .T. ) ;
#7971 = AXIS2_PLACEMENT_3D ( 'NONE', #9819, #1457, #760 ) ;
#7972 = DIRECTION ( 'NONE',  ( 0.000000000000000000, 0.000000000000000000, -1.000000000000000000 ) ) ;
#7973 = DIRECTION ( 'NONE',  ( 1.000000000000000000, 0.000000000000000000, 0.000000000000000000 ) ) ;
#7974 = ADVANCED_FACE ( 'NONE', ( #4369 ), #8104, .T. ) ;
#7975 = CARTESIAN_POINT ( 'NONE',  ( -2.680000000000001048, 5.760000000000001563, 0.3099999999999999423 ) ) ;
#7976 = ORIENTED_EDGE ( 'NONE', *, *, #3772, .F. ) ;
#7977 = VERTEX_POINT ( 'NONE', #5166 ) ;
#7978 = EDGE_CURVE ( 'NONE', #2163, #4821, #4169, .T. ) ;
#7979 = LINE ( 'NONE', #8871, #8179 ) ;
#7980 = VECTOR ( 'NONE', #4979, 1000.000000000000000 ) ;
#7981 = DIRECTION ( 'NONE',  ( 0.000000000000000000, 1.000000000000000000, 0.000000000000000000 ) ) ;
#7982 = LINE ( 'NONE', #3539, #5693 ) ;
#7983 = ADVANCED_FACE ( 'NONE', ( #5726 ), #4976, .F. ) ;
#7984 = EDGE_CURVE ( 'NONE', #4152, #3989, #682, .T. ) ;
#7985 = CARTESIAN_POINT ( 'NONE',  ( -7.940485608557000141, 5.566666666666667318, 7.270000000000000462 ) ) ;
#7986 = ORIENTED_EDGE ( 'NONE', *, *, #9647, .F. ) ;
#7987 = EDGE_LOOP ( 'NONE', ( #1730, #1375, #1913, #5691, #3110, #7852, #831, #1422, #807, #4753, #806, #3937, #7801, #8423, #1513, #3950 ) ) ;
#7988 = ORIENTED_EDGE ( 'NONE', *, *, #890, .F. ) ;
#7989 = LINE ( 'NONE', #2007, #8123 ) ;
#7990 = EDGE_CURVE ( 'NONE', #5661, #7295, #3064, .T. ) ;
#7991 = EDGE_CURVE ( 'NONE', #6117, #4391, #8389, .T. ) ;
#7992 = ORIENTED_EDGE ( 'NONE', *, *, #6568, .T. ) ;
#7993 = CARTESIAN_POINT ( 'NONE',  ( 1.824999999999999289, 7.115000000000001101, 0.7599999999999997868 ) ) ;
#7994 = ORIENTED_EDGE ( 'NONE', *, *, #1955, .T. ) ;
#7995 = ORIENTED_EDGE ( 'NONE', *, *, #4434, .T. ) ;
#7996 = LINE ( 'NONE', #4206, #3405 ) ;
#7997 = DIRECTION ( 'NONE',  ( -1.000000000000000000, 0.000000000000000000, 0.000000000000000000 ) ) ;
#7998 = VERTEX_POINT ( 'NONE', #9049 ) ;
#7999 = FACE_OUTER_BOUND ( 'NONE', #232, .T. ) ;
#8001 = VERTEX_POINT ( 'NONE', #8296 ) ;
#8000 = LINE ( 'NONE', #6510, #3144 ) ;
#8002 = LINE ( 'NONE', #3006, #7744 ) ;
#8003 = DIRECTION ( 'NONE',  ( 1.000000000000000000, 0.000000000000000000, 0.000000000000000000 ) ) ;
#8004 = FACE_OUTER_BOUND ( 'NONE', #7931, .T. ) ;
#8005 = FACE_OUTER_BOUND ( 'NONE', #5625, .T. ) ;
#8006 = CARTESIAN_POINT ( 'NONE',  ( -4.730000000000000426, 3.710000000000000409, 2.319999999999999840 ) ) ;
#8007 = CARTESIAN_POINT ( 'NONE',  ( -3.700000000000001066, 8.769999999999999574, 5.969999999999999751 ) ) ;
#8008 = EDGE_LOOP ( 'NONE', ( #5362, #3556, #8697, #4514, #7184, #7264 ) ) ;
#8009 = ORIENTED_EDGE ( 'NONE', *, *, #6945, .T. ) ;
#8010 = VECTOR ( 'NONE', #5939, 1000.000000000000000 ) ;
#8011 = CARTESIAN_POINT ( 'NONE',  ( -9.324999999999999289, 2.840000000000000302, 7.270000000000000462 ) ) ;
#8012 = CARTESIAN_POINT ( 'NONE',  ( 1.940485608556998587, 3.190000000000000835, 3.770000000000000462 ) ) ;
#8013 = CARTESIAN_POINT ( 'NONE',  ( -2.300000000000000711, 8.120000000000000995, 5.219999999999999751 ) ) ;
#8014 = CARTESIAN_POINT ( 'NONE',  ( -2.525000000000000799, -3.179999999999998828, 4.852124141977799177 ) ) ;
#8015 = VECTOR ( 'NONE', #3265, 1000.000000000000000 ) ;
#8016 = VECTOR ( 'NONE', #5619, 1000.000000000000000 ) ;
#8017 = AXIS2_PLACEMENT_3D ( 'NONE', #5956, #8339, #6006 ) ;
#8018 = CARTESIAN_POINT ( 'NONE',  ( -8.340485608557001385, 3.365000000000000657, 1.269999999999999796 ) ) ;
#8019 = CARTESIAN_POINT ( 'NONE',  ( 3.324999999999998845, 1.590000000000000746, 6.769999999999999574 ) ) ;
#8020 = ORIENTED_EDGE ( 'NONE', *, *, #2126, .T. ) ;
#8021 = VERTEX_POINT ( 'NONE', #9837 ) ;
#8022 = DIRECTION ( 'NONE',  ( 1.000000000000000000, 0.000000000000000000, 0.000000000000000000 ) ) ;
#8023 = AXIS2_PLACEMENT_3D ( 'NONE', #1924, #7997, #5760 ) ;
#8024 = CARTESIAN_POINT ( 'NONE',  ( -8.325000000000001066, 8.673617379884035472E-16, -0.9900000000000004352 ) ) ;
#8025 = VECTOR ( 'NONE', #7724, 1000.000000000000000 ) ;
#8026 = AXIS2_PLACEMENT_3D ( 'NONE', #5522, #6362, #1737 ) ;
#8027 = CARTESIAN_POINT ( 'NONE',  ( -6.320000000000001172, 5.529000000000000803, -3.319999999999999840 ) ) ;
#8028 = EDGE_CURVE ( 'NONE', #3962, #1077, #9793, .T. ) ;
#8029 = DIRECTION ( 'NONE',  ( 0.000000000000000000, 0.000000000000000000, -1.000000000000000000 ) ) ;
#8030 = VECTOR ( 'NONE', #1306, 1000.000000000000000 ) ;
#8031 = VECTOR ( 'NONE', #9820, 1000.000000000000000 ) ;
#8032 = LINE ( 'NONE', #315, #2691 ) ;
#8033 = EDGE_LOOP ( 'NONE', ( #364, #1734, #6729, #222 ) ) ;
#8034 = ORIENTED_EDGE ( 'NONE', *, *, #2325, .T. ) ;
#8035 = AXIS2_PLACEMENT_3D ( 'NONE', #350, #3381, #6427 ) ;
#8036 = ORIENTED_EDGE ( 'NONE', *, *, #3655, .T. ) ;
#8037 = CARTESIAN_POINT ( 'NONE',  ( -3.000000000000000888, 2.670000000000000373, 6.019999999999999574 ) ) ;
#8038 = EDGE_CURVE ( 'NONE', #5648, #6782, #4418, .T. ) ;
#8039 = CARTESIAN_POINT ( 'NONE',  ( 3.324999999999998845, 1.440000000000000835, 6.387021250724999710 ) ) ;
#8040 = CARTESIAN_POINT ( 'NONE',  ( 3.274999999999999467, 3.940000000000000835, 3.964999999999999858 ) ) ;
#8041 = LINE ( 'NONE', #3505, #855 ) ;
#8042 = EDGE_CURVE ( 'NONE', #1215, #2660, #9197, .T. ) ;
#8043 = VERTEX_POINT ( 'NONE', #1528 ) ;
#8044 = VERTEX_POINT ( 'NONE', #9097 ) ;
#8045 = ORIENTED_EDGE ( 'NONE', *, *, #3902, .T. ) ;
#8046 = CARTESIAN_POINT ( 'NONE',  ( -0.3200000000000008393, -2.179999999999998828, -3.319999999999999840 ) ) ;
#8047 = PLANE ( 'NONE',  #2300 ) ;
#8048 = EDGE_CURVE ( 'NONE', #3303, #6962, #3806, .T. ) ;
#8049 = ORIENTED_EDGE ( 'NONE', *, *, #8728, .T. ) ;
#8050 = CARTESIAN_POINT ( 'NONE',  ( -5.680000000000000604, 1.160000000000000808, -0.3199999999999999512 ) ) ;
#8052 = EDGE_LOOP ( 'NONE', ( #8741, #9393, #475, #8166, #3135, #8225, #1601 ) ) ;
#8051 = DIRECTION ( 'NONE',  ( 0.9841833239736893502, -0.1771529983152980714, 0.000000000000000000 ) ) ;
#8053 = DIRECTION ( 'NONE',  ( 0.000000000000000000, -0.1771529983152980714, -0.9841833239736893502 ) ) ;
#8054 = EDGE_CURVE ( 'NONE', #6342, #6184, #6110, .T. ) ;
#8055 = LINE ( 'NONE', #1887, #1493 ) ;
#8056 = DIRECTION ( 'NONE',  ( -0.1771529983152980714, 0.9841833239736893502, 0.000000000000000000 ) ) ;
#8057 = DIRECTION ( 'NONE',  ( 1.000000000000000000, 0.000000000000000000, 0.000000000000000000 ) ) ;
#8058 = CARTESIAN_POINT ( 'NONE',  ( -3.320000000000000728, 4.889000000000001123, -2.680000000000000160 ) ) ;
#8059 = LINE ( 'NONE', #1243, #7066 ) ;
#8060 = DIRECTION ( 'NONE',  ( 1.000000000000000000, 0.000000000000000000, 0.000000000000000000 ) ) ;
#8061 = ORIENTED_EDGE ( 'NONE', *, *, #6656, .F. ) ;
#8062 = CARTESIAN_POINT ( 'NONE',  ( 0.3199999999999991185, 1.160000000000000808, -0.9900000000000004352 ) ) ;
#8064 = ORIENTED_EDGE ( 'NONE', *, *, #2869, .T. ) ;
#8063 = CARTESIAN_POINT ( 'NONE',  ( -0.3200000000000008393, 2.760000000000000675, 2.319999999999999840 ) ) ;
#8065 = AXIS2_PLACEMENT_3D ( 'NONE', #738, #8351, #1535 ) ;
#8066 = FACE_OUTER_BOUND ( 'NONE', #4842, .T. ) ;
#8067 = CARTESIAN_POINT ( 'NONE',  ( 0.3199999999999991185, 3.620000000000000995, -0.9900000000000004352 ) ) ;
#8068 = DIRECTION ( 'NONE',  ( 0.000000000000000000, 1.000000000000000000, 0.000000000000000000 ) ) ;
#8069 = PLANE ( 'NONE',  #1487 ) ;
#8070 = ORIENTED_EDGE ( 'NONE', *, *, #451, .T. ) ;
#8071 = EDGE_CURVE ( 'NONE', #4821, #1964, #2777, .T. ) ;
#8072 = VERTEX_POINT ( 'NONE', #2966 ) ;
#8073 = VECTOR ( 'NONE', #1695, 1000.000000000000000 ) ;
#8074 = DIRECTION ( 'NONE',  ( 0.7071067811865474617, -0.7071067811865474617, 0.000000000000000000 ) ) ;
#8075 = FACE_OUTER_BOUND ( 'NONE', #1768, .T. ) ;
#8076 = DIRECTION ( 'NONE',  ( 0.000000000000000000, -1.000000000000000000, 0.000000000000000000 ) ) ;
#8077 = VECTOR ( 'NONE', #6713, 1000.000000000000000 ) ;
#8078 = CARTESIAN_POINT ( 'NONE',  ( -7.940161869518999715, 4.865000000000001101, 3.770000000000000018 ) ) ;
#8079 = DIRECTION ( 'NONE',  ( 1.000000000000000000, 0.000000000000000000, 0.000000000000000000 ) ) ;
#8080 = EDGE_LOOP ( 'NONE', ( #2751, #4279, #4937, #8517 ) ) ;
#8081 = VERTEX_POINT ( 'NONE', #9004 ) ;
#8082 = ORIENTED_EDGE ( 'NONE', *, *, #3963, .F. ) ;
#8083 =( NAMED_UNIT ( * ) SI_UNIT ( $, .STERADIAN. ) SOLID_ANGLE_UNIT ( ) );
#8084 = ADVANCED_FACE ( 'NONE', ( #3856 ), #2174, .F. ) ;
#8085 = CARTESIAN_POINT ( 'NONE',  ( -0.3200000000000008393, 4.889000000000001123, -0.3199999999999999512 ) ) ;
#8086 = EDGE_LOOP ( 'NONE', ( #8890, #1068, #2750, #6938 ) ) ;
#8087 = AXIS2_PLACEMENT_3D ( 'NONE', #6587, #5985, #657 ) ;
#8088 = PLANE ( 'NONE',  #693 ) ;
#8089 = CARTESIAN_POINT ( 'NONE',  ( -1.694337613708001067, -1.749999999999998890, 5.320000000000000284 ) ) ;
#8090 = VERTEX_POINT ( 'NONE', #7458 ) ;
#8091 = VERTEX_POINT ( 'NONE', #6057 ) ;
#8092 = ORIENTED_EDGE ( 'NONE', *, *, #7651, .F. ) ;
#8093 = CARTESIAN_POINT ( 'NONE',  ( 3.574999999999999289, 2.940000000000000835, 0.2799999999999998601 ) ) ;
#8094 = CARTESIAN_POINT ( 'NONE',  ( 0.3199999999999991185, 7.370000000000000995, 0.3099999999999999423 ) ) ;
#8095 = ORIENTED_EDGE ( 'NONE', *, *, #2133, .T. ) ;
#8096 = EDGE_CURVE ( 'NONE', #5389, #1711, #3118, .T. ) ;
#8097 = LINE ( 'NONE', #1179, #4144 ) ;
#8098 = ORIENTED_EDGE ( 'NONE', *, *, #4604, .F. ) ;
#8099 = CARTESIAN_POINT ( 'NONE',  ( -3.475000000000000977, 0.5100000000000008971, 0.3099999999999999423 ) ) ;
#8100 = CARTESIAN_POINT ( 'NONE',  ( -8.340485608557001385, 4.340000000000000746, 1.269999999999999796 ) ) ;
#8101 = CARTESIAN_POINT ( 'NONE',  ( -2.525000000000000799, -3.179999999999998828, 4.320000000000000284 ) ) ;
#8103 = EDGE_CURVE ( 'NONE', #6790, #8090, #8343, .T. ) ;
#8102 = CARTESIAN_POINT ( 'NONE',  ( 0.3199999999999991185, 2.760000000000000675, -0.3199999999999999512 ) ) ;
#8104 = PLANE ( 'NONE',  #1503 ) ;
#8105 = VERTEX_POINT ( 'NONE', #1475 ) ;
#8106 = ADVANCED_FACE ( 'NONE', ( #733 ), #778, .T. ) ;
#8107 = DIRECTION ( 'NONE',  ( 0.000000000000000000, 0.000000000000000000, 1.000000000000000000 ) ) ;
#8109 = VERTEX_POINT ( 'NONE', #27 ) ;
#8108 = CARTESIAN_POINT ( 'NONE',  ( -8.340485608557001385, 4.515000000000000568, 1.269999999999999796 ) ) ;
#8110 = AXIS2_PLACEMENT_3D ( 'NONE', #1449, #7664, #5382 ) ;
#8111 = EDGE_CURVE ( 'NONE', #3070, #2978, #8247, .T. ) ;
#8112 = CARTESIAN_POINT ( 'NONE',  ( -8.340485608557001385, 3.365000000000000657, 1.269999999999999796 ) ) ;
#8113 = CARTESIAN_POINT ( 'NONE',  ( 2.340485608556998720, 3.540000000000000480, 1.269999999999999796 ) ) ;
#8114 = VECTOR ( 'NONE', #4782, 1000.000000000000000 ) ;
#8115 = PLANE ( 'NONE',  #8582 ) ;
#8116 = VECTOR ( 'NONE', #7099, 1000.000000000000000 ) ;
#8117 = CARTESIAN_POINT ( 'NONE',  ( -3.320000000000000728, 3.620000000000000995, -0.9900000000000004352 ) ) ;
#8118 = EDGE_LOOP ( 'NONE', ( #8634, #2166, #3448, #9813, #7206 ) ) ;
#8119 = VERTEX_POINT ( 'NONE', #636 ) ;
#8120 = VECTOR ( 'NONE', #6768, 1000.000000000000000 ) ;
#8121 = CARTESIAN_POINT ( 'NONE',  ( -5.680000000000000604, 2.120000000000000995, 5.519999999999999574 ) ) ;
#8122 = CARTESIAN_POINT ( 'NONE',  ( -0.1400000000000007905, 2.300000000000000711, 6.519999999999999574 ) ) ;
#8123 = VECTOR ( 'NONE', #423, 1000.000000000000000 ) ;
#8124 = CARTESIAN_POINT ( 'NONE',  ( -9.324999999999999289, 7.370000000000000995, 8.920000000000001705 ) ) ;
#8125 = ADVANCED_FACE ( 'NONE', ( #3668 ), #6709, .F. ) ;
#8126 = CARTESIAN_POINT ( 'NONE',  ( -9.324999999999999289, 5.540000000000000924, -0.3199999999999999512 ) ) ;
#8127 = CARTESIAN_POINT ( 'NONE',  ( -5.680000000000000604, 1.160000000000000808, -0.9900000000000004352 ) ) ;
#8128 = VECTOR ( 'NONE', #4565, 1000.000000000000000 ) ;
#8129 = EDGE_LOOP ( 'NONE', ( #1485, #584, #4001, #8526 ) ) ;
#8130 = EDGE_LOOP ( 'NONE', ( #1098, #3832, #9628, #8045 ) ) ;
#8131 = VERTEX_POINT ( 'NONE', #7502 ) ;
#8132 = DIRECTION ( 'NONE',  ( 0.000000000000000000, 0.000000000000000000, 1.000000000000000000 ) ) ;
#8133 = EDGE_CURVE ( 'NONE', #8792, #8137, #6208, .T. ) ;
#8134 = DIRECTION ( 'NONE',  ( -1.000000000000000000, 0.000000000000000000, 0.000000000000000000 ) ) ;
#8135 = CARTESIAN_POINT ( 'NONE',  ( -2.525000000000000799, -3.054999999999999716, 3.571369507076100014 ) ) ;
#8136 = ADVANCED_FACE ( 'NONE', ( #3266 ), #934, .F. ) ;
#8137 = VERTEX_POINT ( 'NONE', #9346 ) ;
#8138 = ORIENTED_EDGE ( 'NONE', *, *, #4198, .T. ) ;
#8139 = EDGE_LOOP ( 'NONE', ( #6621, #4547, #7507, #6543 ) ) ;
#8140 = CARTESIAN_POINT ( 'NONE',  ( -5.860000000000000320, 5.580000000000000959, 6.519999999999999574 ) ) ;
#8141 = LINE ( 'NONE', #2719, #3885 ) ;
#8142 = VERTEX_POINT ( 'NONE', #7753 ) ;
#8143 = CARTESIAN_POINT ( 'NONE',  ( 3.324999999999998845, 8.673617379884035472E-16, 0.6099999999999998757 ) ) ;
#8144 = VERTEX_POINT ( 'NONE', #881 ) ;
#8145 = FACE_OUTER_BOUND ( 'NONE', #1173, .T. ) ;
#8146 = EDGE_CURVE ( 'NONE', #8151, #4133, #7053, .T. ) ;
#8147 = DIRECTION ( 'NONE',  ( 0.000000000000000000, -0.9841833239736893502, 0.1771529983152980714 ) ) ;
#8148 = FACE_OUTER_BOUND ( 'NONE', #3236, .T. ) ;
#8149 = CARTESIAN_POINT ( 'NONE',  ( 0.3199999999999991185, 2.760000000000000675, -0.3199999999999999512 ) ) ;
#8150 = LINE ( 'NONE', #8947, #1191 ) ;
#8151 = VERTEX_POINT ( 'NONE', #3961 ) ;
#8152 = ADVANCED_FACE ( 'NONE', ( #3213 ), #4111, .T. ) ;
#8153 = FACE_OUTER_BOUND ( 'NONE', #8580, .T. ) ;
#8155 = ORIENTED_EDGE ( 'NONE', *, *, #5327, .F. ) ;
#8154 = PLANE ( 'NONE',  #5378 ) ;
#8156 = EDGE_CURVE ( 'NONE', #8783, #5557, #7696, .T. ) ;
#8157 = EDGE_CURVE ( 'NONE', #3103, #9838, #7804, .T. ) ;
#8158 = LINE ( 'NONE', #1341, #5786 ) ;
#8159 = CARTESIAN_POINT ( 'NONE',  ( -4.270000000000001350, 6.710000000000000853, 8.920000000000001705 ) ) ;
#8160 = EDGE_CURVE ( 'NONE', #427, #7585, #7004, .T. ) ;
#8161 = DIRECTION ( 'NONE',  ( 0.000000000000000000, 1.000000000000000000, 0.000000000000000000 ) ) ;
#8162 = DIRECTION ( 'NONE',  ( 0.000000000000000000, -1.000000000000000000, 0.000000000000000000 ) ) ;
#8163 = EDGE_LOOP ( 'NONE', ( #6901, #9370, #4963, #3154 ) ) ;
#8164 = AXIS2_PLACEMENT_3D ( 'NONE', #2693, #5732, #1943 ) ;
#8165 = EDGE_CURVE ( 'NONE', #8144, #9090, #5609, .T. ) ;
#8166 = ORIENTED_EDGE ( 'NONE', *, *, #2840, .T. ) ;
#8167 = ADVANCED_FACE ( 'NONE', ( #8490 ), #2519, .T. ) ;
#8168 = CARTESIAN_POINT ( 'NONE',  ( 0.3199999999999991185, -2.179999999999998828, -3.319999999999999840 ) ) ;
#8169 = VECTOR ( 'NONE', #3212, 1000.000000000000000 ) ;
#8170 = VECTOR ( 'NONE', #5568, 1000.000000000000000 ) ;
#8171 = EDGE_CURVE ( 'NONE', #5444, #2811, #6598, .T. ) ;
#8172 = LINE ( 'NONE', #4436, #7472 ) ;
#8173 = CARTESIAN_POINT ( 'NONE',  ( -2.680000000000001048, 1.160000000000000808, -0.9900000000000004352 ) ) ;
#8174 = CARTESIAN_POINT ( 'NONE',  ( -6.140000000000001457, 2.580000000000000515, 6.519999999999999574 ) ) ;
#8175 = ORIENTED_EDGE ( 'NONE', *, *, #5462, .F. ) ;
#8176 = ORIENTED_EDGE ( 'NONE', *, *, #7503, .F. ) ;
#8177 = VERTEX_POINT ( 'NONE', #1825 ) ;
#8178 = VECTOR ( 'NONE', #9195, 1000.000000000000000 ) ;
#8179 = VECTOR ( 'NONE', #8822, 1000.000000000000000 ) ;
#8180 = AXIS2_PLACEMENT_3D ( 'NONE', #5821, #2728, #8057 ) ;
#8181 = CARTESIAN_POINT ( 'NONE',  ( -8.673617379884035472E-16, 5.670000000000000817, 6.019999999999999574 ) ) ;
#8182 = CARTESIAN_POINT ( 'NONE',  ( -0.3200000000000008393, 5.540000000000000924, -0.3199999999999999512 ) ) ;
#8183 = EDGE_CURVE ( 'NONE', #770, #4740, #7107, .T. ) ;
#8184 = VECTOR ( 'NONE', #8847, 1000.000000000000000 ) ;
#8185 = VECTOR ( 'NONE', #3987, 1000.000000000000000 ) ;
#8186 = CARTESIAN_POINT ( 'NONE',  ( -2.680000000000001048, 7.370000000000000995, 0.3099999999999999423 ) ) ;
#8187 = VECTOR ( 'NONE', #3221, 1000.000000000000000 ) ;
#8188 = DIRECTION ( 'NONE',  ( 1.000000000000000000, 0.000000000000000000, 0.000000000000000000 ) ) ;
#8189 = DIRECTION ( 'NONE',  ( 0.000000000000000000, 0.000000000000000000, 1.000000000000000000 ) ) ;
#8190 = VERTEX_POINT ( 'NONE', #6252 ) ;
#8191 = ORIENTED_EDGE ( 'NONE', *, *, #7035, .F. ) ;
#8192 = LINE ( 'NONE', #8046, #2130 ) ;
#8193 = CARTESIAN_POINT ( 'NONE',  ( -2.860000000000001208, -3.179999999999998828, -2.860000000000000764 ) ) ;
#8194 = EDGE_LOOP ( 'NONE', ( #5782, #5748, #280, #7589 ) ) ;
#8195 = VECTOR ( 'NONE', #9065, 1000.000000000000000 ) ;
#8196 = LINE ( 'NONE', #3004, #4139 ) ;
#8197 = EDGE_CURVE ( 'NONE', #8780, #9156, #8437, .T. ) ;
#8198 = VERTEX_POINT ( 'NONE', #5458 ) ;
#8199 = DIRECTION ( 'NONE',  ( -0.000000000000000000, 1.000000000000000000, 0.000000000000000000 ) ) ;
#8200 = EDGE_CURVE ( 'NONE', #492, #1774, #7157, .T. ) ;
#8201 = CARTESIAN_POINT ( 'NONE',  ( 3.274999999999999467, 1.740000000000000657, 5.570000000000000284 ) ) ;
#8202 = PLANE ( 'NONE',  #4200 ) ;
#8203 = CARTESIAN_POINT ( 'NONE',  ( -8.640485608557000319, 3.540000000000000480, 1.269999999999999796 ) ) ;
#8204 = DIRECTION ( 'NONE',  ( 0.000000000000000000, -0.1771529983152980714, 0.9841833239736893502 ) ) ;
#8205 = CARTESIAN_POINT ( 'NONE',  ( -0.3200000000000008393, 5.540000000000000924, -0.9900000000000004352 ) ) ;
#8206 = ORIENTED_EDGE ( 'NONE', *, *, #8103, .T. ) ;
#8207 = CARTESIAN_POINT ( 'NONE',  ( -5.860000000000000320, 2.580000000000000515, 6.519999999999999574 ) ) ;
#8208 = ADVANCED_FACE ( 'NONE', ( #283 ), #1729, .T. ) ;
#8210 = ORIENTED_EDGE ( 'NONE', *, *, #58, .T. ) ;
#8209 = PLANE ( 'NONE',  #1247 ) ;
#8211 = DIRECTION ( 'NONE',  ( 0.000000000000000000, 0.000000000000000000, 1.000000000000000000 ) ) ;
#8212 = DIRECTION ( 'NONE',  ( -1.000000000000000000, 0.000000000000000000, 0.000000000000000000 ) ) ;
#8213 = FACE_OUTER_BOUND ( 'NONE', #4098, .T. ) ;
#8214 = PLANE ( 'NONE',  #1328 ) ;
#8215 = ORIENTED_EDGE ( 'NONE', *, *, #3085, .F. ) ;
#8216 = ORIENTED_EDGE ( 'NONE', *, *, #1448, .F. ) ;
#8217 = CARTESIAN_POINT ( 'NONE',  ( 0.3199999999999991185, 2.760000000000000675, 5.519999999999999574 ) ) ;
#8218 = DIRECTION ( 'NONE',  ( 0.000000000000000000, 1.000000000000000000, 0.000000000000000000 ) ) ;
#8219 = PLANE ( 'NONE',  #6451 ) ;
#8220 = DIRECTION ( 'NONE',  ( 0.000000000000000000, 0.000000000000000000, 1.000000000000000000 ) ) ;
#8221 = VECTOR ( 'NONE', #6537, 1000.000000000000000 ) ;
#8222 = CARTESIAN_POINT ( 'NONE',  ( -2.680000000000001048, 7.370000000000000995, 0.3099999999999999423 ) ) ;
#8223 = FACE_OUTER_BOUND ( 'NONE', #1646, .T. ) ;
#8224 = EDGE_LOOP ( 'NONE', ( #8312, #2577, #8328, #4496, #6472, #8962 ) ) ;
#8225 = ORIENTED_EDGE ( 'NONE', *, *, #4071, .T. ) ;
#8226 = ORIENTED_EDGE ( 'NONE', *, *, #4806, .T. ) ;
#8227 = ADVANCED_FACE ( 'NONE', ( #6353 ), #9396, .F. ) ;
#8228 = CARTESIAN_POINT ( 'NONE',  ( 3.324999999999998845, 1.590000000000000746, 6.769999999999999574 ) ) ;
#8229 = CARTESIAN_POINT ( 'NONE',  ( -3.651962023990500850, -2.594974179490999067, 3.319999999999999840 ) ) ;
#8230 = VECTOR ( 'NONE', #1101, 1000.000000000000000 ) ;
#8231 = EDGE_CURVE ( 'NONE', #4813, #7328, #4043, .T. ) ;
#8232 = DIRECTION ( 'NONE',  ( -0.1744369497454954787, 0.1744369497454954787, -0.9690941652527760297 ) ) ;
#8233 = LINE ( 'NONE', #6786, #6087 ) ;
#8234 = ORIENTED_EDGE ( 'NONE', *, *, #6695, .F. ) ;
#8235 = PLANE ( 'NONE',  #6093 ) ;
#8236 = CARTESIAN_POINT ( 'NONE',  ( -7.825000000000001954, 7.370000000000000995, -0.9900000000000004352 ) ) ;
#8237 = VECTOR ( 'NONE', #887, 1000.000000000000000 ) ;
#8238 = VERTEX_POINT ( 'NONE', #5015 ) ;
#8239 = CARTESIAN_POINT ( 'NONE',  ( -2.680000000000001048, 5.760000000000001563, 5.519999999999999574 ) ) ;
#8240 = VERTEX_POINT ( 'NONE', #7351 ) ;
#8241 = CARTESIAN_POINT ( 'NONE',  ( -9.574999999999999289, 4.940000000000000391, 0.2799999999999998601 ) ) ;
#8242 = ADVANCED_FACE ( 'NONE', ( #581 ), #4207, .T. ) ;
#8243 = LINE ( 'NONE', #1424, #1664 ) ;
#8244 = LINE ( 'NONE', #3620, #8484 ) ;
#8245 = ORIENTED_EDGE ( 'NONE', *, *, #7862, .F. ) ;
#8246 = CARTESIAN_POINT ( 'NONE',  ( -2.860000000000001208, -3.179999999999998828, 0.1399999999999999301 ) ) ;
#8247 = LINE ( 'NONE', #1429, #4525 ) ;
#8248 = VECTOR ( 'NONE', #6541, 1000.000000000000000 ) ;
#8249 = ORIENTED_EDGE ( 'NONE', *, *, #9214, .T. ) ;
#8250 = DIRECTION ( 'NONE',  ( 0.000000000000000000, 0.000000000000000000, -1.000000000000000000 ) ) ;
#8252 = ORIENTED_EDGE ( 'NONE', *, *, #5995, .F. ) ;
#8251 = DIRECTION ( 'NONE',  ( -0.1744369497454954787, 0.1744369497454954787, -0.9690941652527760297 ) ) ;
#8253 = LINE ( 'NONE', #2379, #8653 ) ;
#8254 = DIRECTION ( 'NONE',  ( -1.000000000000000000, 0.000000000000000000, 0.000000000000000000 ) ) ;
#8255 = FACE_OUTER_BOUND ( 'NONE', #4978, .T. ) ;
#8256 = ADVANCED_FACE ( 'NONE', ( #6607 ), #8047, .T. ) ;
#8257 = ORIENTED_EDGE ( 'NONE', *, *, #7207, .F. ) ;
#8258 = ORIENTED_EDGE ( 'NONE', *, *, #9840, .T. ) ;
#8259 = CARTESIAN_POINT ( 'NONE',  ( 0.3199999999999991185, 7.115000000000001101, -0.9900000000000004352 ) ) ;
#8260 = CIRCLE ( 'NONE', #3972, 1.000000000000000000 ) ;
#8261 = DIRECTION ( 'NONE',  ( 1.000000000000000000, 0.000000000000000000, 0.000000000000000000 ) ) ;
#8262 = ORIENTED_EDGE ( 'NONE', *, *, #3893, .T. ) ;
#8263 = EDGE_CURVE ( 'NONE', #1567, #4419, #6653, .T. ) ;
#8264 = DIRECTION ( 'NONE',  ( 1.000000000000000000, 0.000000000000000000, 0.000000000000000000 ) ) ;
#8265 = PLANE ( 'NONE',  #4939 ) ;
#8266 = ORIENTED_EDGE ( 'NONE', *, *, #3662, .T. ) ;
#8267 = VECTOR ( 'NONE', #6067, 1000.000000000000000 ) ;
#8268 = DIRECTION ( 'NONE',  ( 0.000000000000000000, 0.000000000000000000, -1.000000000000000000 ) ) ;
#8269 = CARTESIAN_POINT ( 'NONE',  ( -5.680000000000000604, -2.179999999999998828, -3.319999999999999840 ) ) ;
#8270 = ORIENTED_EDGE ( 'NONE', *, *, #462, .F. ) ;
#8271 = ORIENTED_EDGE ( 'NONE', *, *, #4560, .T. ) ;
#8272 = ORIENTED_EDGE ( 'NONE', *, *, #6705, .F. ) ;
#8273 = AXIS2_PLACEMENT_3D ( 'NONE', #7294, #1219, #5002 ) ;
#8274 = PLANE ( 'NONE',  #809 ) ;
#8275 = LINE ( 'NONE', #6733, #9471 ) ;
#8276 = ADVANCED_FACE ( 'NONE', ( #4356 ), #3510, .F. ) ;
#8277 = EDGE_CURVE ( 'NONE', #6048, #8090, #7258, .T. ) ;
#8278 = VECTOR ( 'NONE', #884, 1000.000000000000000 ) ;
#8279 = PLANE ( 'NONE',  #2906 ) ;
#8280 = VERTEX_POINT ( 'NONE', #528 ) ;
#8281 = EDGE_LOOP ( 'NONE', ( #4160, #819, #7800, #7945 ) ) ;
#8282 = ORIENTED_EDGE ( 'NONE', *, *, #3498, .T. ) ;
#8283 = DIRECTION ( 'NONE',  ( 0.000000000000000000, -1.000000000000000000, 0.000000000000000000 ) ) ;
#8284 = CARTESIAN_POINT ( 'NONE',  ( 0.3199999999999991185, 5.529000000000000803, -3.319999999999999840 ) ) ;
#8285 = EDGE_LOOP ( 'NONE', ( #533, #2088, #6297, #3042 ) ) ;
#8286 = EDGE_CURVE ( 'NONE', #8131, #704, #9543, .T. ) ;
#8287 = EDGE_CURVE ( 'NONE', #8021, #376, #4159, .T. ) ;
#8288 = DIRECTION ( 'NONE',  ( 0.000000000000000000, 1.000000000000000000, 0.000000000000000000 ) ) ;
#8289 = VECTOR ( 'NONE', #9220, 1000.000000000000000 ) ;
#8290 = EDGE_LOOP ( 'NONE', ( #3812, #2064, #4025, #707 ) ) ;
#8291 = DIRECTION ( 'NONE',  ( 0.000000000000000000, 0.000000000000000000, -1.000000000000000000 ) ) ;
#8292 = DIRECTION ( 'NONE',  ( 0.9841833239736893502, 0.000000000000000000, 0.1771529983152980714 ) ) ;
#8293 = DIRECTION ( 'NONE',  ( 0.000000000000000000, 0.000000000000000000, -1.000000000000000000 ) ) ;
#8294 = ORIENTED_EDGE ( 'NONE', *, *, #6132, .T. ) ;
#8295 = CARTESIAN_POINT ( 'NONE',  ( -5.680000000000000604, 3.620000000000000995, -0.3199999999999999512 ) ) ;
#8296 = CARTESIAN_POINT ( 'NONE',  ( 0.3199999999999991185, 2.760000000000000675, 5.519999999999999574 ) ) ;
#8297 = ORIENTED_EDGE ( 'NONE', *, *, #8706, .T. ) ;
#8298 = DIRECTION ( 'NONE',  ( 0.000000000000000000, 0.000000000000000000, 1.000000000000000000 ) ) ;
#8300 = VERTEX_POINT ( 'NONE', #5811 ) ;
#8299 = CARTESIAN_POINT ( 'NONE',  ( -2.437267078540500620, -2.615200264132999219, 3.319999999999999840 ) ) ;
#8301 = DIRECTION ( 'NONE',  ( 0.000000000000000000, 0.000000000000000000, -1.000000000000000000 ) ) ;
#8302 = DIRECTION ( 'NONE',  ( -1.000000000000000000, 0.000000000000000000, 0.000000000000000000 ) ) ;
#8303 = DIRECTION ( 'NONE',  ( 0.000000000000000000, 1.000000000000000000, 0.000000000000000000 ) ) ;
#8304 = CARTESIAN_POINT ( 'NONE',  ( 2.304999999999998828, 0.5100000000000008971, 0.6099999999999998757 ) ) ;
#8305 = VERTEX_POINT ( 'NONE', #3612 ) ;
#8306 = ORIENTED_EDGE ( 'NONE', *, *, #7772, .F. ) ;
#8307 = CARTESIAN_POINT ( 'NONE',  ( -1.820844001006000967, -2.235628634123998815, 5.320000000000000284 ) ) ;
#8308 = DIRECTION ( 'NONE',  ( -0.000000000000000000, 1.000000000000000000, 0.000000000000000000 ) ) ;
#8309 = ORIENTED_EDGE ( 'NONE', *, *, #7636, .T. ) ;
#8310 = LINE ( 'NONE', #5186, #6758 ) ;
#8311 = DIRECTION ( 'NONE',  ( 0.000000000000000000, -1.000000000000000000, 0.000000000000000000 ) ) ;
#8312 = ORIENTED_EDGE ( 'NONE', *, *, #3296, .F. ) ;
#8313 = PLANE ( 'NONE',  #5018 ) ;
#8314 = DIRECTION ( 'NONE',  ( 1.000000000000000000, 0.000000000000000000, 0.000000000000000000 ) ) ;
#8315 = ORIENTED_EDGE ( 'NONE', *, *, #5836, .F. ) ;
#8316 = ORIENTED_EDGE ( 'NONE', *, *, #1143, .F. ) ;
#8317 = ORIENTED_EDGE ( 'NONE', *, *, #7075, .T. ) ;
#8318 = VECTOR ( 'NONE', #6625, 1000.000000000000000 ) ;
#8319 = LINE ( 'NONE', #8980, #7017 ) ;
#8320 = LINE ( 'NONE', #6834, #3418 ) ;
#8321 = VECTOR ( 'NONE', #732, 1000.000000000000000 ) ;
#8322 = VECTOR ( 'NONE', #2429, 1000.000000000000114 ) ;
#8323 = DIRECTION ( 'NONE',  ( 0.000000000000000000, 1.000000000000000000, 0.000000000000000000 ) ) ;
#8324 = ORIENTED_EDGE ( 'NONE', *, *, #371, .F. ) ;
#8325 = EDGE_LOOP ( 'NONE', ( #7786, #4653, #9786, #1575 ) ) ;
#8326 = CARTESIAN_POINT ( 'NONE',  ( -6.230000000000001315, 5.440000000000000391, 6.019999999999999574 ) ) ;
#8327 = DIRECTION ( 'NONE',  ( 0.000000000000000000, 1.000000000000000000, 0.000000000000000000 ) ) ;
#8328 = ORIENTED_EDGE ( 'NONE', *, *, #7127, .T. ) ;
#8329 = EDGE_CURVE ( 'NONE', #3751, #4391, #2670, .T. ) ;
#8330 = CARTESIAN_POINT ( 'NONE',  ( -2.680000000000001048, -3.179999999999998828, 0.3199999999999999512 ) ) ;
#8331 = VECTOR ( 'NONE', #982, 1000.000000000000000 ) ;
#8332 = VERTEX_POINT ( 'NONE', #2017 ) ;
#8333 = CIRCLE ( 'NONE', #1988, 1.000000000000000000 ) ;
#8334 = DIRECTION ( 'NONE',  ( 1.000000000000000000, 0.000000000000000000, 0.000000000000000000 ) ) ;
#8335 = VECTOR ( 'NONE', #242, 1000.000000000000000 ) ;
#8336 = EDGE_CURVE ( 'NONE', #2667, #3957, #8141, .T. ) ;
#8337 = CARTESIAN_POINT ( 'NONE',  ( -3.320000000000000728, 4.889000000000001123, 0.3099999999999999423 ) ) ;
#8338 = ADVANCED_FACE ( 'NONE', ( #4307 ), #3558, .T. ) ;
#8339 = DIRECTION ( 'NONE',  ( 0.000000000000000000, -1.000000000000000000, 0.000000000000000000 ) ) ;
#8340 = ORIENTED_EDGE ( 'NONE', *, *, #9707, .F. ) ;
#8341 = LINE ( 'NONE', #7000, #1827 ) ;
#8342 = CARTESIAN_POINT ( 'NONE',  ( -6.320000000000001172, 4.889000000000001123, -2.680000000000000160 ) ) ;
#8343 = LINE ( 'NONE', #5264, #4210 ) ;
#8344 = VECTOR ( 'NONE', #117, 1000.000000000000000 ) ;
#8345 = VERTEX_POINT ( 'NONE', #2813 ) ;
#8346 = AXIS2_PLACEMENT_3D ( 'NONE', #1996, #6623, #6479 ) ;
#8347 = EDGE_CURVE ( 'NONE', #6866, #7778, #872, .T. ) ;
#8348 = DIRECTION ( 'NONE',  ( -0.000000000000000000, 1.000000000000000000, 0.000000000000000000 ) ) ;
#8350 = ORIENTED_EDGE ( 'NONE', *, *, #8782, .F. ) ;
#8349 = LINE ( 'NONE', #6164, #4421 ) ;
#8351 = DIRECTION ( 'NONE',  ( 0.000000000000000000, -0.1771529983152980714, 0.9841833239736893502 ) ) ;
#8352 = DIRECTION ( 'NONE',  ( 0.000000000000000000, -1.000000000000000000, 0.000000000000000000 ) ) ;
#8353 = LINE ( 'NONE', #34, #7711 ) ;
#8354 = DIRECTION ( 'NONE',  ( -0.000000000000000000, 1.000000000000000000, 0.000000000000000000 ) ) ;
#8355 = VERTEX_POINT ( 'NONE', #4915 ) ;
#8356 = ORIENTED_EDGE ( 'NONE', *, *, #4456, .T. ) ;
#8357 = CARTESIAN_POINT ( 'NONE',  ( -1.938878073919001022, -2.346468473089998508, 5.320000000000000284 ) ) ;
#8358 = CARTESIAN_POINT ( 'NONE',  ( -6.320000000000001172, 7.370000000000000995, 0.3099999999999999423 ) ) ;
#8359 = CARTESIAN_POINT ( 'NONE',  ( 0.3199999999999991185, 1.160000000000000808, -0.9900000000000004352 ) ) ;
#8360 = CARTESIAN_POINT ( 'NONE',  ( -9.324999999999999289, 1.160000000000000808, -0.9900000000000004352 ) ) ;
#8361 = EDGE_CURVE ( 'NONE', #6459, #4843, #7953, .T. ) ;
#8362 = FACE_OUTER_BOUND ( 'NONE', #9724, .T. ) ;
#8363 = ORIENTED_EDGE ( 'NONE', *, *, #5043, .F. ) ;
#8364 = DIRECTION ( 'NONE',  ( -1.000000000000000000, 0.000000000000000000, 0.000000000000000000 ) ) ;
#8365 = CARTESIAN_POINT ( 'NONE',  ( 1.269999999999999352, 6.710000000000000853, 8.920000000000001705 ) ) ;
#8366 = ORIENTED_EDGE ( 'NONE', *, *, #6225, .F. ) ;
#8367 = ORIENTED_EDGE ( 'NONE', *, *, #2600, .F. ) ;
#8368 = APPLICATION_PROTOCOL_DEFINITION ( 'draft international standard', 'automotive_design', 1998, #2179 ) ;
#8369 = PLANE ( 'NONE',  #7485 ) ;
#8370 = LINE ( 'NONE', #7440, #403 ) ;
#8371 = CARTESIAN_POINT ( 'NONE',  ( 0.5699999999999988409, 4.170000000000000817, 8.920000000000001705 ) ) ;
#8372 = EDGE_LOOP ( 'NONE', ( #9671, #6319, #3014, #8704 ) ) ;
#8373 = ORIENTED_EDGE ( 'NONE', *, *, #1838, .F. ) ;
#8374 = ADVANCED_FACE ( 'NONE', ( #3462 ), #7205, .T. ) ;
#8375 = CARTESIAN_POINT ( 'NONE',  ( 3.824999999999999289, 3.365000000000000657, 1.169999999999999707 ) ) ;
#8376 = DIRECTION ( 'NONE',  ( -0.000000000000000000, 0.9841833239736893502, 0.1771529983152980714 ) ) ;
#8377 = ORIENTED_EDGE ( 'NONE', *, *, #5799, .F. ) ;
#8378 = VECTOR ( 'NONE', #9710, 1000.000000000000000 ) ;
#8379 = CARTESIAN_POINT ( 'NONE',  ( -9.574999999999999289, 2.840000000000000302, 3.770000000000000018 ) ) ;
#8380 = ORIENTED_EDGE ( 'NONE', *, *, #8160, .F. ) ;
#8381 = CARTESIAN_POINT ( 'NONE',  ( -0.1400000000000007905, -3.179999999999998828, -3.140000000000000568 ) ) ;
#8382 = EDGE_CURVE ( 'NONE', #9173, #1087, #2450, .T. ) ;
#8383 = PLANE ( 'NONE',  #2387 ) ;
#8384 = VECTOR ( 'NONE', #1580, 1000.000000000000000 ) ;
#8385 = CARTESIAN_POINT ( 'NONE',  ( -3.320000000000000728, 7.370000000000000995, -0.9900000000000004352 ) ) ;
#8386 = ORIENTED_EDGE ( 'NONE', *, *, #6857, .T. ) ;
#8387 = EDGE_CURVE ( 'NONE', #9737, #2329, #1176, .T. ) ;
#8388 = DIRECTION ( 'NONE',  ( 0.000000000000000000, 1.000000000000000000, 0.000000000000000000 ) ) ;
#8389 = LINE ( 'NONE', #83, #5960 ) ;
#8390 = ORIENTED_EDGE ( 'NONE', *, *, #1963, .T. ) ;
#8392 = EDGE_LOOP ( 'NONE', ( #2153, #6408, #3209, #7424 ) ) ;
#8391 = CARTESIAN_POINT ( 'NONE',  ( -9.324999999999999289, 8.673617379884035472E-16, 0.6099999999999998757 ) ) ;
#8393 = FACE_OUTER_BOUND ( 'NONE', #9132, .T. ) ;
#8394 = LINE ( 'NONE', #9209, #5934 ) ;
#8395 = LINE ( 'NONE', #691, #2134 ) ;
#8396 = UNCERTAINTY_MEASURE_WITH_UNIT (LENGTH_MEASURE( 1.000000000000000082E-05 ), #468, 'distance_accuracy_value', 'NONE');
#8397 = EDGE_CURVE ( 'NONE', #782, #2152, #4454, .T. ) ;
#8398 = VECTOR ( 'NONE', #5236, 1000.000000000000227 ) ;
#8399 = EDGE_CURVE ( 'NONE', #4732, #68, #2162, .T. ) ;
#8400 = DIRECTION ( 'NONE',  ( -1.000000000000000000, 0.000000000000000000, 0.000000000000000000 ) ) ;
#8401 = ORIENTED_EDGE ( 'NONE', *, *, #5185, .T. ) ;
#8402 = DIRECTION ( 'NONE',  ( -0.000000000000000000, 1.000000000000000000, 0.000000000000000000 ) ) ;
#8403 = EDGE_CURVE ( 'NONE', #4452, #1018, #4551, .T. ) ;
#8404 = DIRECTION ( 'NONE',  ( 1.000000000000000000, 0.000000000000000000, 0.000000000000000000 ) ) ;
#8405 = CARTESIAN_POINT ( 'NONE',  ( -0.3200000000000008393, 4.260000000000000675, -0.3199999999999999512 ) ) ;
#8406 = DIRECTION ( 'NONE',  ( 0.000000000000000000, -1.000000000000000000, 0.000000000000000000 ) ) ;
#8407 = DIRECTION ( 'NONE',  ( 1.000000000000000000, 0.000000000000000000, 0.000000000000000000 ) ) ;
#8408 = ORIENTED_EDGE ( 'NONE', *, *, #2100, .F. ) ;
#8409 = CARTESIAN_POINT ( 'NONE',  ( -6.320000000000001172, -2.179999999999998828, 0.3199999999999999512 ) ) ;
#8410 = DIRECTION ( 'NONE',  ( 1.000000000000000000, 0.000000000000000000, 0.000000000000000000 ) ) ;
#8411 = EDGE_LOOP ( 'NONE', ( #7145, #3764, #7869, #7362 ) ) ;
#8412 = VERTEX_POINT ( 'NONE', #6744 ) ;
#8413 = VERTEX_POINT ( 'NONE', #1566 ) ;
#8414 = EDGE_CURVE ( 'NONE', #1610, #1235, #15, .T. ) ;
#8415 = VECTOR ( 'NONE', #5770, 1000.000000000000000 ) ;
#8416 = CARTESIAN_POINT ( 'NONE',  ( -0.3200000000000008393, 5.120000000000000995, 5.519999999999999574 ) ) ;
#8417 = PLANE ( 'NONE',  #6285 ) ;
#8418 = MANIFOLD_SOLID_BREP ( '430450600.STEP<1>', #2868 ) ;
#8419 = VECTOR ( 'NONE', #9574, 1000.000000000000000 ) ;
#8420 = DIRECTION ( 'NONE',  ( 0.1744369497454954787, 0.1744369497454954787, -0.9690941652527760297 ) ) ;
#8421 = AXIS2_PLACEMENT_3D ( 'NONE', #6697, #5255, #9731 ) ;
#8422 = VERTEX_POINT ( 'NONE', #818 ) ;
#8423 = ORIENTED_EDGE ( 'NONE', *, *, #7439, .T. ) ;
#8424 = ORIENTED_EDGE ( 'NONE', *, *, #4458, .T. ) ;
#8425 = DIRECTION ( 'NONE',  ( 0.000000000000000000, -1.000000000000000000, 0.000000000000000000 ) ) ;
#8426 = LINE ( 'NONE', #868, #3580 ) ;
#8427 = EDGE_LOOP ( 'NONE', ( #9334, #5749, #8324, #3235, #8808, #1262 ) ) ;
#8428 = LINE ( 'NONE', #3904, #6211 ) ;
#8429 = ORIENTED_EDGE ( 'NONE', *, *, #5188, .T. ) ;
#8430 = FACE_OUTER_BOUND ( 'NONE', #4047, .T. ) ;
#8431 = VECTOR ( 'NONE', #5563, 1000.000000000000000 ) ;
#8432 = EDGE_CURVE ( 'NONE', #7954, #2009, #8992, .T. ) ;
#8433 = CARTESIAN_POINT ( 'NONE',  ( -2.680000000000001048, 5.540000000000000924, -0.9900000000000004352 ) ) ;
#8434 = DIRECTION ( 'NONE',  ( -1.000000000000000000, 0.000000000000000000, 0.000000000000000000 ) ) ;
#8435 = VERTEX_POINT ( 'NONE', #8236 ) ;
#8436 = FACE_OUTER_BOUND ( 'NONE', #8548, .T. ) ;
#8437 = LINE ( 'NONE', #9248, #4852 ) ;
#8438 = VERTEX_POINT ( 'NONE', #8284 ) ;
#8439 = VECTOR ( 'NONE', #2436, 1000.000000000000114 ) ;
#8440 = DIRECTION ( 'NONE',  ( -1.000000000000000000, 0.000000000000000000, 0.000000000000000000 ) ) ;
#8441 = CARTESIAN_POINT ( 'NONE',  ( -3.475000000000000977, -3.179999999999998828, 4.320000000000000284 ) ) ;
#8443 = ORIENTED_EDGE ( 'NONE', *, *, #1627, .T. ) ;
#8442 = CARTESIAN_POINT ( 'NONE',  ( -3.475000000000000977, 0.6945000000000006724, 4.320000000000000284 ) ) ;
#8444 = DIRECTION ( 'NONE',  ( 0.000000000000000000, 0.000000000000000000, -1.000000000000000000 ) ) ;
#8445 = EDGE_CURVE ( 'NONE', #633, #6214, #2311, .T. ) ;
#8446 = CARTESIAN_POINT ( 'NONE',  ( -2.680000000000001048, 7.115000000000001101, -0.9900000000000004352 ) ) ;
#8447 = FACE_OUTER_BOUND ( 'NONE', #7987, .T. ) ;
#8448 = DIRECTION ( 'NONE',  ( 0.000000000000000000, -1.000000000000000000, 0.000000000000000000 ) ) ;
#8449 = EDGE_LOOP ( 'NONE', ( #9476, #2015, #1462, #3791 ) ) ;
#8450 = DIRECTION ( 'NONE',  ( 1.000000000000000000, 0.000000000000000000, 0.000000000000000000 ) ) ;
#8451 = LINE ( 'NONE', #7770, #7870 ) ;
#8452 = EDGE_CURVE ( 'NONE', #7897, #8795, #7539, .T. ) ;
#8453 = DIRECTION ( 'NONE',  ( 0.000000000000000000, 0.000000000000000000, 1.000000000000000000 ) ) ;
#8454 = EDGE_CURVE ( 'NONE', #2394, #4892, #3053, .T. ) ;
#8455 = ADVANCED_FACE ( 'NONE', ( #7449 ), #5348, .T. ) ;
#8456 = EDGE_CURVE ( 'NONE', #7514, #5637, #8599, .T. ) ;
#8457 = DIRECTION ( 'NONE',  ( 0.000000000000000000, -1.000000000000000000, 0.000000000000000000 ) ) ;
#8458 = CARTESIAN_POINT ( 'NONE',  ( -0.3200000000000008393, 3.620000000000000995, 0.3099999999999999423 ) ) ;
#8459 = EDGE_CURVE ( 'NONE', #2299, #6340, #625, .T. ) ;
#8460 = CARTESIAN_POINT ( 'NONE',  ( -8.325000000000001066, 2.940000000000000835, -0.3199999999999999512 ) ) ;
#8461 = VERTEX_POINT ( 'NONE', #2859 ) ;
#8462 = CARTESIAN_POINT ( 'NONE',  ( 3.574999999999999289, 5.540000000000000924, -0.9900000000000004352 ) ) ;
#8463 = EDGE_CURVE ( 'NONE', #7387, #1182, #5154, .T. ) ;
#8464 = DIRECTION ( 'NONE',  ( 0.000000000000000000, 0.000000000000000000, 1.000000000000000000 ) ) ;
#8465 = ORIENTED_EDGE ( 'NONE', *, *, #7310, .T. ) ;
#8466 = ORIENTED_EDGE ( 'NONE', *, *, #1853, .F. ) ;
#8467 = CARTESIAN_POINT ( 'NONE',  ( -9.324999999999999289, 5.540000000000000924, -0.3199999999999999512 ) ) ;
#8468 = DIRECTION ( 'NONE',  ( 0.000000000000000000, -0.9841833239736893502, 0.1771529983152980714 ) ) ;
#8469 = EDGE_CURVE ( 'NONE', #8652, #5130, #4405, .T. ) ;
#8470 = PLANE ( 'NONE',  #2785 ) ;
#8471 = AXIS2_PLACEMENT_3D ( 'NONE', #5499, #4704, #1012 ) ;
#8472 = LINE ( 'NONE', #7679, #3060 ) ;
#8473 = ORIENTED_EDGE ( 'NONE', *, *, #6982, .F. ) ;
#8474 = EDGE_LOOP ( 'NONE', ( #3898, #6389, #4588, #8282 ) ) ;
#8475 = ORIENTED_EDGE ( 'NONE', *, *, #3068, .T. ) ;
#8476 = DIRECTION ( 'NONE',  ( -0.000000000000000000, 1.000000000000000000, 0.000000000000000000 ) ) ;
#8477 = CARTESIAN_POINT ( 'NONE',  ( 2.340485608556998720, 3.540000000000000480, 1.269999999999999796 ) ) ;
#8478 = VERTEX_POINT ( 'NONE', #2458 ) ;
#8479 = VECTOR ( 'NONE', #2885, 1000.000000000000227 ) ;
#8480 = DIRECTION ( 'NONE',  ( 0.000000000000000000, 0.000000000000000000, -1.000000000000000000 ) ) ;
#8481 = ORIENTED_EDGE ( 'NONE', *, *, #3631, .T. ) ;
#8482 = VECTOR ( 'NONE', #4609, 1000.000000000000000 ) ;
#8483 = AXIS2_PLACEMENT_3D ( 'NONE', #1786, #1042, #3370 ) ;
#8484 = VECTOR ( 'NONE', #5164, 1000.000000000000000 ) ;
#8485 = CARTESIAN_POINT ( 'NONE',  ( -5.860000000000000320, 5.300000000000000711, 6.519999999999999574 ) ) ;
#8486 = DIRECTION ( 'NONE',  ( 0.000000000000000000, 0.000000000000000000, -1.000000000000000000 ) ) ;
#8487 = ORIENTED_EDGE ( 'NONE', *, *, #304, .T. ) ;
#8488 = DIRECTION ( 'NONE',  ( 0.000000000000000000, 0.000000000000000000, 1.000000000000000000 ) ) ;
#8489 = FACE_OUTER_BOUND ( 'NONE', #5237, .T. ) ;
#8490 = FACE_OUTER_BOUND ( 'NONE', #1387, .T. ) ;
#8491 = ORIENTED_EDGE ( 'NONE', *, *, #9666, .T. ) ;
#8492 = EDGE_CURVE ( 'NONE', #7920, #7254, #3202, .T. ) ;
#8493 = VECTOR ( 'NONE', #3226, 1000.000000000000000 ) ;
#8494 = PLANE ( 'NONE',  #7332 ) ;
#8495 = CIRCLE ( 'NONE', #7546, 1.000000000000000000 ) ;
#8496 = EDGE_CURVE ( 'NONE', #6156, #1049, #7789, .T. ) ;
#8498 = ORIENTED_EDGE ( 'NONE', *, *, #6818, .F. ) ;
#8497 = DIRECTION ( 'NONE',  ( 0.000000000000000000, 0.000000000000000000, 1.000000000000000000 ) ) ;
#8499 = DIRECTION ( 'NONE',  ( -0.000000000000000000, 1.000000000000000000, 0.000000000000000000 ) ) ;
#8500 = FACE_OUTER_BOUND ( 'NONE', #8392, .T. ) ;
#8501 = CARTESIAN_POINT ( 'NONE',  ( -8.325000000000001066, 2.940000000000000835, 0.2799999999999998601 ) ) ;
#8502 = AXIS2_PLACEMENT_3D ( 'NONE', #3315, #4868, #1679 ) ;
#8503 = VECTOR ( 'NONE', #6984, 1000.000000000000000 ) ;
#8504 = LINE ( 'NONE', #9258, #5254 ) ;
#8505 = VECTOR ( 'NONE', #8212, 1000.000000000000000 ) ;
#8506 = CARTESIAN_POINT ( 'NONE',  ( -0.1400000000000007905, 2.300000000000000711, 6.519999999999999574 ) ) ;
#8507 = VERTEX_POINT ( 'NONE', #9282 ) ;
#8508 = EDGE_CURVE ( 'NONE', #9587, #9494, #8529, .T. ) ;
#8509 = FACE_OUTER_BOUND ( 'NONE', #1463, .T. ) ;
#8510 = VECTOR ( 'NONE', #3900, 1000.000000000000000 ) ;
#8511 = CARTESIAN_POINT ( 'NONE',  ( 3.324999999999998845, 7.370000000000000995, 5.750000000000000000 ) ) ;
#8512 = DIRECTION ( 'NONE',  ( 1.000000000000000000, 0.000000000000000000, 0.000000000000000000 ) ) ;
#8513 = DIRECTION ( 'NONE',  ( 1.000000000000000000, 0.000000000000000000, 0.000000000000000000 ) ) ;
#8514 = CARTESIAN_POINT ( 'NONE',  ( 3.574999999999999289, 2.840000000000000302, 5.750000000000000000 ) ) ;
#8515 = ORIENTED_EDGE ( 'NONE', *, *, #772, .T. ) ;
#8516 = CARTESIAN_POINT ( 'NONE',  ( -9.324999999999999289, 8.673617379884035472E-16, -0.9900000000000004352 ) ) ;
#8517 = ORIENTED_EDGE ( 'NONE', *, *, #3669, .T. ) ;
#8518 = ADVANCED_FACE ( 'NONE', ( #3253 ), #4000, .F. ) ;
#8519 = EDGE_LOOP ( 'NONE', ( #4567, #3247, #3748, #4233 ) ) ;
#8520 = PLANE ( 'NONE',  #4678 ) ;
#8521 = DIRECTION ( 'NONE',  ( 0.000000000000000000, 0.000000000000000000, -1.000000000000000000 ) ) ;
#8522 = CARTESIAN_POINT ( 'NONE',  ( -6.140000000000001457, -3.179999999999998828, -0.1400000000000003741 ) ) ;
#8523 = CARTESIAN_POINT ( 'NONE',  ( -9.574999999999999289, 3.365000000000000657, 1.269999999999999796 ) ) ;
#8524 = EDGE_CURVE ( 'NONE', #2462, #6445, #4804, .T. ) ;
#8525 = ORIENTED_EDGE ( 'NONE', *, *, #77, .F. ) ;
#8526 = ORIENTED_EDGE ( 'NONE', *, *, #7745, .T. ) ;
#8527 = ORIENTED_EDGE ( 'NONE', *, *, #7659, .F. ) ;
#8528 = CARTESIAN_POINT ( 'NONE',  ( 0.3199999999999991185, -2.179999999999998828, -0.3199999999999999512 ) ) ;
#8529 = LINE ( 'NONE', #218, #2784 ) ;
#8530 = ORIENTED_EDGE ( 'NONE', *, *, #6071, .F. ) ;
#8531 = CARTESIAN_POINT ( 'NONE',  ( 3.574999999999999289, 5.540000000000000924, -0.3199999999999999512 ) ) ;
#8532 = EDGE_CURVE ( 'NONE', #2768, #9122, #5442, .T. ) ;
#8533 = EDGE_LOOP ( 'NONE', ( #9592, #517, #3933, #5505, #4812 ) ) ;
#8534 = AXIS2_PLACEMENT_3D ( 'NONE', #2046, #5368, #8301 ) ;
#8535 = CARTESIAN_POINT ( 'NONE',  ( -4.475000000000000533, 0.5100000000000008971, 0.3099999999999999423 ) ) ;
#8536 = CARTESIAN_POINT ( 'NONE',  ( -6.140000000000001457, -3.179999999999998828, -2.860000000000000764 ) ) ;
#8537 = VERTEX_POINT ( 'NONE', #7684 ) ;
#8538 = ORIENTED_EDGE ( 'NONE', *, *, #2896, .T. ) ;
#8539 = ORIENTED_EDGE ( 'NONE', *, *, #4887, .T. ) ;
#8540 = PLANE ( 'NONE',  #852 ) ;
#8541 = CARTESIAN_POINT ( 'NONE',  ( -0.3200000000000008393, 2.120000000000000995, 5.519999999999999574 ) ) ;
#8542 = VECTOR ( 'NONE', #4127, 1000.000000000000000 ) ;
#8543 = VERTEX_POINT ( 'NONE', #5549 ) ;
#8544 = LINE ( 'NONE', #5815, #334 ) ;
#8545 = DIRECTION ( 'NONE',  ( 1.000000000000000000, 0.000000000000000000, 0.000000000000000000 ) ) ;
#8546 = ADVANCED_FACE ( 'NONE', ( #4650 ), #6296, .T. ) ;
#8548 = EDGE_LOOP ( 'NONE', ( #1762, #888, #5110, #7828 ) ) ;
#8547 = DIRECTION ( 'NONE',  ( 0.000000000000000000, 1.000000000000000000, 0.000000000000000000 ) ) ;
#8549 = CARTESIAN_POINT ( 'NONE',  ( -7.940485608557000141, 6.620000000000000995, 8.920000000000001705 ) ) ;
#8550 = VECTOR ( 'NONE', #3480, 1000.000000000000000 ) ;
#8551 = DIRECTION ( 'NONE',  ( 0.000000000000000000, -1.000000000000000000, 0.000000000000000000 ) ) ;
#8552 = DIRECTION ( 'NONE',  ( 0.000000000000000000, 0.000000000000000000, 1.000000000000000000 ) ) ;
#8553 = FACE_OUTER_BOUND ( 'NONE', #6369, .T. ) ;
#8554 = DIRECTION ( 'NONE',  ( -0.9841833239736893502, 0.000000000000000000, 0.1771529983152980714 ) ) ;
#8555 = CARTESIAN_POINT ( 'NONE',  ( -5.680000000000000604, 5.540000000000000924, -0.3199999999999999512 ) ) ;
#8556 = ORIENTED_EDGE ( 'NONE', *, *, #2412, .T. ) ;
#8557 = CARTESIAN_POINT ( 'NONE',  ( -2.680000000000001048, 2.120000000000000995, 5.519999999999999574 ) ) ;
#8558 = LINE ( 'NONE', #1743, #2445 ) ;
#8559 = CARTESIAN_POINT ( 'NONE',  ( -0.3200000000000008393, 5.529000000000000803, -3.319999999999999840 ) ) ;
#8560 = LINE ( 'NONE', #6275, #3943 ) ;
#8561 = EDGE_CURVE ( 'NONE', #1899, #8537, #7042, .T. ) ;
#8562 = EDGE_CURVE ( 'NONE', #9185, #1875, #8426, .T. ) ;
#8563 = FACE_OUTER_BOUND ( 'NONE', #2607, .T. ) ;
#8564 = DIRECTION ( 'NONE',  ( 0.000000000000000000, 1.000000000000000000, 0.000000000000000000 ) ) ;
#8565 = ORIENTED_EDGE ( 'NONE', *, *, #1108, .T. ) ;
#8566 = DIRECTION ( 'NONE',  ( -1.000000000000000000, 0.000000000000000000, 0.000000000000000000 ) ) ;
#8567 = EDGE_LOOP ( 'NONE', ( #3291, #974, #3272, #8009 ) ) ;
#8568 = ORIENTED_EDGE ( 'NONE', *, *, #3897, .T. ) ;
#8569 = LINE ( 'NONE', #1110, #61 ) ;
#8570 = CARTESIAN_POINT ( 'NONE',  ( 1.824999999999999289, 7.115000000000001101, 0.7599999999999997868 ) ) ;
#8571 = ADVANCED_FACE ( 'NONE', ( #1613 ), #4051, .T. ) ;
#8572 = LINE ( 'NONE', #8628, #9308 ) ;
#8573 = DIRECTION ( 'NONE',  ( -1.000000000000000000, 0.000000000000000000, 0.000000000000000000 ) ) ;
#8574 = ORIENTED_EDGE ( 'NONE', *, *, #3669, .F. ) ;
#8575 = VERTEX_POINT ( 'NONE', #6148 ) ;
#8576 = ORIENTED_EDGE ( 'NONE', *, *, #1053, .T. ) ;
#8577 = FACE_OUTER_BOUND ( 'NONE', #2814, .T. ) ;
#8578 = EDGE_CURVE ( 'NONE', #2495, #5510, #919, .T. ) ;
#8579 = CARTESIAN_POINT ( 'NONE',  ( -6.320000000000001172, 3.620000000000000995, 0.3099999999999999423 ) ) ;
#8580 = EDGE_LOOP ( 'NONE', ( #8940, #167, #3820, #4707 ) ) ;
#8581 = LINE ( 'NONE', #1720, #2390 ) ;
#8582 = AXIS2_PLACEMENT_3D ( 'NONE', #6624, #2834, #8915 ) ;
#8583 = EDGE_CURVE ( 'NONE', #9009, #8652, #9184, .T. ) ;
#8584 = EDGE_LOOP ( 'NONE', ( #789, #3636, #5662, #9283 ) ) ;
#8585 = EDGE_CURVE ( 'NONE', #260, #1814, #2360, .T. ) ;
#8586 = EDGE_CURVE ( 'NONE', #1260, #7897, #6990, .T. ) ;
#8587 = VECTOR ( 'NONE', #1547, 1000.000000000000000 ) ;
#8588 = DIRECTION ( 'NONE',  ( 0.000000000000000000, -1.000000000000000000, 0.000000000000000000 ) ) ;
#8589 = FACE_OUTER_BOUND ( 'NONE', #3321, .T. ) ;
#8590 = EDGE_CURVE ( 'NONE', #1107, #1466, #44, .T. ) ;
#8591 = ORIENTED_EDGE ( 'NONE', *, *, #4948, .T. ) ;
#8592 = ORIENTED_EDGE ( 'NONE', *, *, #2205, .T. ) ;
#8593 = ORIENTED_EDGE ( 'NONE', *, *, #2700, .T. ) ;
#8594 = VECTOR ( 'NONE', #9309, 1000.000000000000000 ) ;
#8595 = LINE ( 'NONE', #9395, #549 ) ;
#8596 = DIRECTION ( 'NONE',  ( 0.000000000000000000, 0.000000000000000000, -1.000000000000000000 ) ) ;
#8597 = ADVANCED_FACE ( 'NONE', ( #8969 ), #9020, .T. ) ;
#8598 = ORIENTED_EDGE ( 'NONE', *, *, #3068, .F. ) ;
#8599 = B_SPLINE_CURVE_WITH_KNOTS ( 'NONE', 3,
 ( #9782, #4598, #7638, #9682 ),
 .UNSPECIFIED., .F., .F.,
 ( 4, 4 ),
 ( 0.000000000000000000, 1.000000000000000000 ),
 .UNSPECIFIED. ) ;
#8600 = CARTESIAN_POINT ( 'NONE',  ( 3.574999999999999289, 3.365000000000000657, 3.770000000000000018 ) ) ;
#8601 = AXIS2_PLACEMENT_3D ( 'NONE', #286, #2522, #1731 ) ;
#8602 = DIRECTION ( 'NONE',  ( 0.000000000000000000, 0.000000000000000000, -1.000000000000000000 ) ) ;
#8604 = ORIENTED_EDGE ( 'NONE', *, *, #2289, .T. ) ;
#8603 = LINE ( 'NONE', #288, #2829 ) ;
#8605 = DIRECTION ( 'NONE',  ( 0.000000000000000000, 0.000000000000000000, -1.000000000000000000 ) ) ;
#8606 = DIRECTION ( 'NONE',  ( 1.000000000000000000, 0.000000000000000000, 0.000000000000000000 ) ) ;
#8607 = DIRECTION ( 'NONE',  ( 0.000000000000000000, 1.000000000000000000, 0.000000000000000000 ) ) ;
#8608 = DIRECTION ( 'NONE',  ( 0.000000000000000000, 0.000000000000000000, -1.000000000000000000 ) ) ;
#8609 = AXIS2_PLACEMENT_3D ( 'NONE', #7460, #8250, #1478 ) ;
#8610 = LINE ( 'NONE', #7168, #5803 ) ;
#8611 = DIRECTION ( 'NONE',  ( 0.000000000000000000, 1.000000000000000000, 0.000000000000000000 ) ) ;
#8612 = VERTEX_POINT ( 'NONE', #98 ) ;
#8613 = ORIENTED_EDGE ( 'NONE', *, *, #7095, .F. ) ;
#8614 = DIRECTION ( 'NONE',  ( 1.000000000000000000, 0.000000000000000000, 0.000000000000000000 ) ) ;
#8615 = CARTESIAN_POINT ( 'NONE',  ( -2.680000000000001048, 5.120000000000000995, 5.519999999999999574 ) ) ;
#8616 = EDGE_CURVE ( 'NONE', #1370, #356, #4482, .T. ) ;
#8617 = VECTOR ( 'NONE', #8818, 1000.000000000000000 ) ;
#8618 = CARTESIAN_POINT ( 'NONE',  ( -5.860000000000000320, -3.179999999999998828, -2.860000000000000764 ) ) ;
#8619 = DIRECTION ( 'NONE',  ( 0.000000000000000000, 0.000000000000000000, -1.000000000000000000 ) ) ;
#8620 = LINE ( 'NONE', #9266, #8439 ) ;
#8621 = ORIENTED_EDGE ( 'NONE', *, *, #8829, .T. ) ;
#8622 = ORIENTED_EDGE ( 'NONE', *, *, #678, .F. ) ;
#8623 = ORIENTED_EDGE ( 'NONE', *, *, #6132, .F. ) ;
#8624 = CARTESIAN_POINT ( 'NONE',  ( 2.340485608556998720, 3.540000000000000480, 1.269999999999999796 ) ) ;
#8625 = EDGE_CURVE ( 'NONE', #3989, #6781, #8310, .T. ) ;
#8626 = DIRECTION ( 'NONE',  ( 0.000000000000000000, 1.000000000000000000, 0.000000000000000000 ) ) ;
#8627 = LINE ( 'NONE', #4848, #651 ) ;
#8628 = CARTESIAN_POINT ( 'NONE',  ( -3.320000000000000728, 5.540000000000000924, -0.9900000000000004352 ) ) ;
#8629 = LINE ( 'NONE', #7143, #4917 ) ;
#8630 = ORIENTED_EDGE ( 'NONE', *, *, #7269, .T. ) ;
#8631 = ORIENTED_EDGE ( 'NONE', *, *, #6393, .T. ) ;
#8632 = ORIENTED_EDGE ( 'NONE', *, *, #2439, .F. ) ;
#8633 = CARTESIAN_POINT ( 'NONE',  ( -3.504007975354001214, -2.619615242270999733, 5.320000000000000284 ) ) ;
#8634 = ORIENTED_EDGE ( 'NONE', *, *, #3877, .T. ) ;
#8635 = VECTOR ( 'NONE', #4292, 1000.000000000000000 ) ;
#8636 = EDGE_CURVE ( 'NONE', #9548, #9817, #1593, .T. ) ;
#8637 = VECTOR ( 'NONE', #7444, 1000.000000000000000 ) ;
#8638 = CARTESIAN_POINT ( 'NONE',  ( -0.3200000000000008393, 5.760000000000001563, 2.319999999999999840 ) ) ;
#8639 = EDGE_LOOP ( 'NONE', ( #8631, #4958, #2226, #555 ) ) ;
#8640 = AXIS2_PLACEMENT_3D ( 'NONE', #817, #669, #8425 ) ;
#8641 = LINE ( 'NONE', #1953, #4779 ) ;
#8642 = LINE ( 'NONE', #3311, #5292 ) ;
#8643 = ORIENTED_EDGE ( 'NONE', *, *, #4713, .T. ) ;
#8644 = ORIENTED_EDGE ( 'NONE', *, *, #4029, .F. ) ;
#8645 = VERTEX_POINT ( 'NONE', #6131 ) ;
#8646 = DIRECTION ( 'NONE',  ( 1.000000000000000000, 0.000000000000000000, 0.000000000000000000 ) ) ;
#8647 = CARTESIAN_POINT ( 'NONE',  ( -2.525000000000000799, -2.099999999999999645, 4.320000000000000284 ) ) ;
#8648 = ORIENTED_EDGE ( 'NONE', *, *, #3692, .T. ) ;
#8649 = FACE_OUTER_BOUND ( 'NONE', #3905, .T. ) ;
#8650 = PLANE ( 'NONE',  #3519 ) ;
#8652 = VERTEX_POINT ( 'NONE', #842 ) ;
#8651 = PLANE ( 'NONE',  #5210 ) ;
#8653 = VECTOR ( 'NONE', #5421, 1000.000000000000227 ) ;
#8655 = EDGE_CURVE ( 'NONE', #1711, #4452, #3084, .T. ) ;
#8654 = LINE ( 'NONE', #1785, #6477 ) ;
#8656 = ADVANCED_FACE ( 'NONE', ( #4582 ), #8219, .T. ) ;
#8657 = LINE ( 'NONE', #4876, #3563 ) ;
#8658 = DIRECTION ( 'NONE',  ( 1.000000000000000000, 0.000000000000000000, 0.000000000000000000 ) ) ;
#8659 = FACE_OUTER_BOUND ( 'NONE', #1716, .T. ) ;
#8660 = CARTESIAN_POINT ( 'NONE',  ( -6.230000000000001315, 2.440000000000000835, 6.019999999999999574 ) ) ;
#8661 = VECTOR ( 'NONE', #9739, 1000.000000000000000 ) ;
#8662 = LINE ( 'NONE', #3138, #6591 ) ;
#8663 = DIRECTION ( 'NONE',  ( 0.000000000000000000, -1.000000000000000000, 0.000000000000000000 ) ) ;
#8664 = ORIENTED_EDGE ( 'NONE', *, *, #6579, .F. ) ;
#8665 = VECTOR ( 'NONE', #1835, 1000.000000000000000 ) ;
#8666 = VECTOR ( 'NONE', #6900, 1000.000000000000000 ) ;
#8668 = ADVANCED_FACE ( 'NONE', ( #6872 ), #9761, .T. ) ;
#8667 = ORIENTED_EDGE ( 'NONE', *, *, #7935, .F. ) ;
#8669 = CARTESIAN_POINT ( 'NONE',  ( -6.320000000000001172, 5.540000000000000924, -0.3199999999999999512 ) ) ;
#8670 = DIRECTION ( 'NONE',  ( 0.000000000000000000, 0.000000000000000000, 1.000000000000000000 ) ) ;
#8671 = ADVANCED_FACE ( 'NONE', ( #750 ), #6076, .F. ) ;
#8672 = AXIS2_PLACEMENT_3D ( 'NONE', #4719, #1776, #6306 ) ;
#8673 = VECTOR ( 'NONE', #1301, 1000.000000000000000 ) ;
#8674 = AXIS2_PLACEMENT_3D ( 'NONE', #9735, #9092, #5907 ) ;
#8675 = LINE ( 'NONE', #202, #457 ) ;
#8676 = PLANE ( 'NONE',  #3492 ) ;
#8677 = CARTESIAN_POINT ( 'NONE',  ( 3.324999999999998845, 7.370000000000000995, 5.750000000000000000 ) ) ;
#8678 = ORIENTED_EDGE ( 'NONE', *, *, #8720, .F. ) ;
#8679 = ORIENTED_EDGE ( 'NONE', *, *, #5377, .T. ) ;
#8680 = ORIENTED_EDGE ( 'NONE', *, *, #828, .T. ) ;
#8681 = VECTOR ( 'NONE', #656, 1000.000000000000000 ) ;
#8682 = CARTESIAN_POINT ( 'NONE',  ( -4.270000000000001350, 4.870000000000000995, 8.920000000000001705 ) ) ;
#8683 = LINE ( 'NONE', #7236, #5053 ) ;
#8684 = FACE_OUTER_BOUND ( 'NONE', #9443, .T. ) ;
#8685 = EDGE_CURVE ( 'NONE', #5288, #9009, #3780, .T. ) ;
#8686 = DIRECTION ( 'NONE',  ( -0.9841833239736893502, -0.1771529983152980714, 0.000000000000000000 ) ) ;
#8687 = ORIENTED_EDGE ( 'NONE', *, *, #4758, .F. ) ;
#8688 = ORIENTED_EDGE ( 'NONE', *, *, #5283, .T. ) ;
#8689 = ORIENTED_EDGE ( 'NONE', *, *, #1636, .T. ) ;
#8690 = SURFACE_STYLE_USAGE ( .BOTH. , #7194 ) ;
#8691 = ORIENTED_EDGE ( 'NONE', *, *, #7021, .T. ) ;
#8692 = LINE ( 'NONE', #3452, #1440 ) ;
#8693 = ORIENTED_EDGE ( 'NONE', *, *, #7310, .F. ) ;
#8694 = EDGE_CURVE ( 'NONE', #7387, #744, #7619, .T. ) ;
#8695 = LINE ( 'NONE', #9440, #9465 ) ;
#8696 = VERTEX_POINT ( 'NONE', #701 ) ;
#8697 = ORIENTED_EDGE ( 'NONE', *, *, #6584, .F. ) ;
#8698 = ORIENTED_EDGE ( 'NONE', *, *, #4093, .T. ) ;
#8699 = DIRECTION ( 'NONE',  ( -0.1744369497454954787, -0.9690941652527760297, 0.1744369497454954787 ) ) ;
#8700 = DIRECTION ( 'NONE',  ( 1.000000000000000000, 0.000000000000000000, 0.000000000000000000 ) ) ;
#8701 = EDGE_LOOP ( 'NONE', ( #6566, #9600, #8746, #5537 ) ) ;
#8702 = PLANE ( 'NONE',  #8922 ) ;
#8704 = ORIENTED_EDGE ( 'NONE', *, *, #2424, .T. ) ;
#8703 = CARTESIAN_POINT ( 'NONE',  ( 0.3199999999999991185, 2.120000000000000995, 6.519999999999999574 ) ) ;
#8705 = DIRECTION ( 'NONE',  ( 0.000000000000000000, 0.000000000000000000, 1.000000000000000000 ) ) ;
#8706 = EDGE_CURVE ( 'NONE', #2040, #13, #3827, .T. ) ;
#8707 = DIRECTION ( 'NONE',  ( 0.000000000000000000, -0.1771529983152980714, 0.9841833239736893502 ) ) ;
#8708 = CARTESIAN_POINT ( 'NONE',  ( 1.940485608556998587, 1.530000000000000915, 8.920000000000001705 ) ) ;
#8709 = EDGE_CURVE ( 'NONE', #5239, #1541, #5381, .T. ) ;
#8710 = VECTOR ( 'NONE', #3369, 1000.000000000000000 ) ;
#8711 = PLANE ( 'NONE',  #7069 ) ;
#8712 = LINE ( 'NONE', #4075, #3245 ) ;
#8713 = LINE ( 'NONE', #6929, #5470 ) ;
#8714 = DIRECTION ( 'NONE',  ( 0.000000000000000000, 0.000000000000000000, -1.000000000000000000 ) ) ;
#8715 = VERTEX_POINT ( 'NONE', #7519 ) ;
#8716 = VERTEX_POINT ( 'NONE', #653 ) ;
#8717 = FACE_OUTER_BOUND ( 'NONE', #9181, .T. ) ;
#8718 = AXIS2_PLACEMENT_3D ( 'NONE', #9480, #4989, #2744 ) ;
#8719 = DIRECTION ( 'NONE',  ( 1.000000000000000000, 0.000000000000000000, 0.000000000000000000 ) ) ;
#8720 = EDGE_CURVE ( 'NONE', #437, #5831, #3033, .T. ) ;
#8721 = EDGE_CURVE ( 'NONE', #3523, #7462, #3685, .T. ) ;
#8722 = LINE ( 'NONE', #6766, #3736 ) ;
#8723 = CARTESIAN_POINT ( 'NONE',  ( -9.574999999999999289, 2.840000000000000302, 3.770000000000000018 ) ) ;
#8724 = DIRECTION ( 'NONE',  ( 0.000000000000000000, -1.000000000000000000, 0.000000000000000000 ) ) ;
#8725 = EDGE_LOOP ( 'NONE', ( #6350, #7893, #7835, #6146 ) ) ;
#8726 = AXIS2_PLACEMENT_3D ( 'NONE', #5269, #3627, #5173 ) ;
#8727 = ORIENTED_EDGE ( 'NONE', *, *, #2341, .F. ) ;
#8728 = EDGE_CURVE ( 'NONE', #2724, #4344, #6823, .T. ) ;
#8729 = CARTESIAN_POINT ( 'NONE',  ( -5.680000000000000604, 7.115000000000001101, -0.9900000000000004352 ) ) ;
#8730 = FACE_OUTER_BOUND ( 'NONE', #4465, .T. ) ;
#8731 = LINE ( 'NONE', #1064, #4729 ) ;
#8732 = AXIS2_PLACEMENT_3D ( 'NONE', #1862, #8686, #7335 ) ;
#8733 = LINE ( 'NONE', #1213, #4433 ) ;
#8734 = EDGE_LOOP ( 'NONE', ( #2422, #1214, #779, #7535 ) ) ;
#8735 = ORIENTED_EDGE ( 'NONE', *, *, #8709, .T. ) ;
#8736 = ORIENTED_EDGE ( 'NONE', *, *, #7149, .T. ) ;
#8737 = ORIENTED_EDGE ( 'NONE', *, *, #8469, .F. ) ;
#8738 = LINE ( 'NONE', #520, #965 ) ;
#8739 = ORIENTED_EDGE ( 'NONE', *, *, #9116, .F. ) ;
#8740 = DIRECTION ( 'NONE',  ( 1.000000000000000000, 0.000000000000000000, 0.000000000000000000 ) ) ;
#8741 = ORIENTED_EDGE ( 'NONE', *, *, #7855, .T. ) ;
#8742 = ORIENTED_EDGE ( 'NONE', *, *, #4761, .F. ) ;
#8743 = ORIENTED_EDGE ( 'NONE', *, *, #4945, .F. ) ;
#8744 = PLANE ( 'NONE',  #858 ) ;
#8745 = DIRECTION ( 'NONE',  ( 0.000000000000000000, 0.000000000000000000, 1.000000000000000000 ) ) ;
#8746 = ORIENTED_EDGE ( 'NONE', *, *, #1652, .T. ) ;
#8747 = VECTOR ( 'NONE', #6824, 1000.000000000000000 ) ;
#8748 = CARTESIAN_POINT ( 'NONE',  ( 3.324999999999998845, 6.620000000000000995, 7.270000000000000462 ) ) ;
#8749 = EDGE_CURVE ( 'NONE', #5875, #8461, #4341, .T. ) ;
#8751 = ORIENTED_EDGE ( 'NONE', *, *, #5408, .T. ) ;
#8750 = CARTESIAN_POINT ( 'NONE',  ( -5.680000000000000604, 7.115000000000001101, 0.3099999999999999423 ) ) ;
#8752 = CARTESIAN_POINT ( 'NONE',  ( -0.3200000000000008393, 4.889000000000001123, 0.3099999999999999423 ) ) ;
#8753 = CARTESIAN_POINT ( 'NONE',  ( -0.3200000000000008393, 5.120000000000000995, 5.519999999999999574 ) ) ;
#8754 = LINE ( 'NONE', #2727, #2627 ) ;
#8755 = AXIS2_PLACEMENT_3D ( 'NONE', #2530, #9212, #4674 ) ;
#8756 = DIRECTION ( 'NONE',  ( 0.000000000000000000, 0.000000000000000000, 1.000000000000000000 ) ) ;
#8757 = PLANE ( 'NONE',  #2767 ) ;
#8758 = LINE ( 'NONE', #7313, #9774 ) ;
#8759 = ORIENTED_EDGE ( 'NONE', *, *, #7855, .F. ) ;
#8760 = ORIENTED_EDGE ( 'NONE', *, *, #8858, .F. ) ;
#8761 = AXIS2_PLACEMENT_3D ( 'NONE', #3108, #6150, #922 ) ;
#8762 = EDGE_CURVE ( 'NONE', #6139, #2811, #8971, .T. ) ;
#8763 = CARTESIAN_POINT ( 'NONE',  ( -3.320000000000000728, 3.940000000000000835, 3.964999999999999858 ) ) ;
#8764 = CARTESIAN_POINT ( 'NONE',  ( -8.304999999999999716, 0.5100000000000008971, 8.485588664446000351 ) ) ;
#8765 = VECTOR ( 'NONE', #2203, 1000.000000000000000 ) ;
#8766 = LINE ( 'NONE', #5827, #7222 ) ;
#8767 = PLANE ( 'NONE',  #1673 ) ;
#8768 = DIRECTION ( 'NONE',  ( 0.000000000000000000, -1.000000000000000000, 0.000000000000000000 ) ) ;
#8769 = FACE_OUTER_BOUND ( 'NONE', #9452, .T. ) ;
#8770 = ORIENTED_EDGE ( 'NONE', *, *, #1853, .T. ) ;
#8771 = ORIENTED_EDGE ( 'NONE', *, *, #7469, .T. ) ;
#8772 = EDGE_CURVE ( 'NONE', #4257, #3723, #9764, .T. ) ;
#8773 = DIRECTION ( 'NONE',  ( -1.000000000000000000, 0.000000000000000000, 0.000000000000000000 ) ) ;
#8774 = VECTOR ( 'NONE', #6410, 1000.000000000000000 ) ;
#8775 = DIRECTION ( 'NONE',  ( 0.000000000000000000, 0.000000000000000000, -1.000000000000000000 ) ) ;
#8776 = DIRECTION ( 'NONE',  ( 0.000000000000000000, -1.000000000000000000, 0.000000000000000000 ) ) ;
#8777 = EDGE_CURVE ( 'NONE', #9269, #7401, #3741, .T. ) ;
#8778 = EDGE_CURVE ( 'NONE', #7354, #6381, #5137, .T. ) ;
#8779 = DIRECTION ( 'NONE',  ( 0.000000000000000000, 0.000000000000000000, -1.000000000000000000 ) ) ;
#8780 = VERTEX_POINT ( 'NONE', #3784 ) ;
#8781 = ORIENTED_EDGE ( 'NONE', *, *, #369, .F. ) ;
#8782 = EDGE_CURVE ( 'NONE', #8072, #546, #7431, .T. ) ;
#8783 = VERTEX_POINT ( 'NONE', #2843 ) ;
#8784 = PRODUCT_CONTEXT ( 'NONE', #145, 'mechanical' ) ;
#8785 = EDGE_CURVE ( 'NONE', #9377, #8305, #9070, .T. ) ;
#8786 = FACE_OUTER_BOUND ( 'NONE', #1348, .T. ) ;
#8787 = EDGE_LOOP ( 'NONE', ( #354, #3304, #479, #7785 ) ) ;
#8788 = LINE ( 'NONE', #8886, #9124 ) ;
#8789 = FACE_OUTER_BOUND ( 'NONE', #4423, .T. ) ;
#8790 = ORIENTED_EDGE ( 'NONE', *, *, #5789, .T. ) ;
#8791 = EDGE_LOOP ( 'NONE', ( #4274, #9699, #7195, #1105 ) ) ;
#8792 = VERTEX_POINT ( 'NONE', #9815 ) ;
#8793 = LINE ( 'NONE', #527, #4685 ) ;
#8794 = DIRECTION ( 'NONE',  ( 0.000000000000000000, 0.000000000000000000, 1.000000000000000000 ) ) ;
#8795 = VERTEX_POINT ( 'NONE', #5189 ) ;
#8796 = DIRECTION ( 'NONE',  ( 1.000000000000000000, 0.000000000000000000, 0.000000000000000000 ) ) ;
#8798 = EDGE_LOOP ( 'NONE', ( #8592, #7511, #9501, #1634 ) ) ;
#8797 = DIRECTION ( 'NONE',  ( 0.000000000000000000, 0.000000000000000000, -1.000000000000000000 ) ) ;
#8799 = CARTESIAN_POINT ( 'NONE',  ( -9.574999999999999289, 4.515000000000000568, 1.269999999999999796 ) ) ;
#8800 = VECTOR ( 'NONE', #6343, 1000.000000000000114 ) ;
#8801 = ADVANCED_FACE ( 'NONE', ( #6829 ), #6080, .T. ) ;
#8802 = LINE ( 'NONE', #390, #4193 ) ;
#8803 = CARTESIAN_POINT ( 'NONE',  ( -9.574999999999999289, 4.940000000000000391, -0.3199999999999999512 ) ) ;
#8804 = DIRECTION ( 'NONE',  ( -0.1744369497454954787, 0.1744369497454954787, 0.9690941652527760297 ) ) ;
#8805 = ADVANCED_FACE ( 'NONE', ( #565 ), #5235, .F. ) ;
#8806 = DIRECTION ( 'NONE',  ( 0.000000000000000000, 0.000000000000000000, 1.000000000000000000 ) ) ;
#8807 = CARTESIAN_POINT ( 'NONE',  ( -3.320000000000000728, 5.529000000000000803, -3.319999999999999840 ) ) ;
#8808 = ORIENTED_EDGE ( 'NONE', *, *, #6924, .F. ) ;
#8809 = VECTOR ( 'NONE', #599, 1000.000000000000000 ) ;
#8810 = DIRECTION ( 'NONE',  ( 0.000000000000000000, -1.000000000000000000, 0.000000000000000000 ) ) ;
#8811 = CARTESIAN_POINT ( 'NONE',  ( -3.320000000000000728, 5.120000000000000995, 2.319999999999999840 ) ) ;
#8812 = FACE_OUTER_BOUND ( 'NONE', #6495, .T. ) ;
#8813 = LINE ( 'NONE', #1151, #2144 ) ;
#8814 = AXIS2_PLACEMENT_3D ( 'NONE', #394, #9410, #848 ) ;
#8815 = VECTOR ( 'NONE', #5329, 1000.000000000000000 ) ;
#8816 = VECTOR ( 'NONE', #8486, 1000.000000000000000 ) ;
#8817 = LINE ( 'NONE', #6670, #5411 ) ;
#8818 = DIRECTION ( 'NONE',  ( 0.000000000000000000, 0.000000000000000000, -1.000000000000000000 ) ) ;
#8819 = EDGE_CURVE ( 'NONE', #3163, #2314, #2891, .T. ) ;
#8820 = ORIENTED_EDGE ( 'NONE', *, *, #3046, .F. ) ;
#8821 = ORIENTED_EDGE ( 'NONE', *, *, #1148, .T. ) ;
#8822 = DIRECTION ( 'NONE',  ( -1.000000000000000000, 0.000000000000000000, 0.000000000000000000 ) ) ;
#8823 = AXIS2_PLACEMENT_3D ( 'NONE', #2222, #6802, #5959 ) ;
#8824 = CARTESIAN_POINT ( 'NONE',  ( -4.270000000000001350, 3.710000000000000409, 8.920000000000001705 ) ) ;
#8825 = VECTOR ( 'NONE', #6563, 1000.000000000000000 ) ;
#8826 = VECTOR ( 'NONE', #9356, 1000.000000000000000 ) ;
#8827 = DIRECTION ( 'NONE',  ( 0.000000000000000000, 0.000000000000000000, 1.000000000000000000 ) ) ;
#8828 = DIRECTION ( 'NONE',  ( 0.000000000000000000, 0.000000000000000000, -1.000000000000000000 ) ) ;
#8829 = EDGE_CURVE ( 'NONE', #9286, #2836, #5336, .T. ) ;
#8830 = AXIS2_PLACEMENT_3D ( 'NONE', #5401, #170, #6242 ) ;
#8831 = VECTOR ( 'NONE', #9773, 1000.000000000000000 ) ;
#8832 = CARTESIAN_POINT ( 'NONE',  ( -5.680000000000000604, 5.760000000000001563, 6.519999999999999574 ) ) ;
#8833 = EDGE_LOOP ( 'NONE', ( #6421, #6544, #8525, #3337 ) ) ;
#8834 = ORIENTED_EDGE ( 'NONE', *, *, #7196, .F. ) ;
#8835 = AXIS2_PLACEMENT_3D ( 'NONE', #1897, #406, #5828 ) ;
#8836 = ORIENTED_EDGE ( 'NONE', *, *, #795, .T. ) ;
#8837 = FILL_AREA_STYLE_COLOUR ( '', #1318 ) ;
#8838 = FACE_OUTER_BOUND ( 'NONE', #6072, .T. ) ;
#8839 = EDGE_CURVE ( 'NONE', #3210, #6394, #5929, .T. ) ;
#8840 = ADVANCED_FACE ( 'NONE', ( #9861 ), #5984, .F. ) ;
#8841 = FACE_OUTER_BOUND ( 'NONE', #8194, .T. ) ;
#8842 = LINE ( 'NONE', #426, #7691 ) ;
#8843 = VERTEX_POINT ( 'NONE', #3592 ) ;
#8844 = ORIENTED_EDGE ( 'NONE', *, *, #7745, .F. ) ;
#8845 = ORIENTED_EDGE ( 'NONE', *, *, #7842, .F. ) ;
#8846 = FACE_OUTER_BOUND ( 'NONE', #5450, .T. ) ;
#8847 = DIRECTION ( 'NONE',  ( -1.000000000000000000, 0.000000000000000000, 0.000000000000000000 ) ) ;
#8848 = ORIENTED_EDGE ( 'NONE', *, *, #4888, .F. ) ;
#8849 = ADVANCED_FACE ( 'NONE', ( #2093 ), #9120, .F. ) ;
#8850 = DIRECTION ( 'NONE',  ( 1.000000000000000000, 0.000000000000000000, 0.000000000000000000 ) ) ;
#8851 = ORIENTED_EDGE ( 'NONE', *, *, #8858, .T. ) ;
#8852 = CARTESIAN_POINT ( 'NONE',  ( -7.270000000000001350, 3.710000000000000409, 8.920000000000001705 ) ) ;
#8853 = DIRECTION ( 'NONE',  ( -1.000000000000000000, 0.000000000000000000, 0.000000000000000000 ) ) ;
#8854 = DIRECTION ( 'NONE',  ( 0.000000000000000000, 1.000000000000000000, 0.000000000000000000 ) ) ;
#8855 = DIRECTION ( 'NONE',  ( -0.000000000000000000, 1.000000000000000000, 0.000000000000000000 ) ) ;
#8856 = CARTESIAN_POINT ( 'NONE',  ( -6.320000000000001172, 7.370000000000000995, -0.9900000000000004352 ) ) ;
#8857 = VERTEX_POINT ( 'NONE', #6636 ) ;
#8858 = EDGE_CURVE ( 'NONE', #7401, #8412, #1359, .T. ) ;
#8859 = DIRECTION ( 'NONE',  ( 0.000000000000000000, 0.000000000000000000, 1.000000000000000000 ) ) ;
#8861 = ORIENTED_EDGE ( 'NONE', *, *, #5489, .F. ) ;
#8860 = CARTESIAN_POINT ( 'NONE',  ( -3.700000000000001066, 8.120000000000000995, 5.969999999999999751 ) ) ;
#8862 = AXIS2_PLACEMENT_3D ( 'NONE', #1210, #2602, #6582 ) ;
#8863 = CARTESIAN_POINT ( 'NONE',  ( 1.824999999999999289, 7.370000000000000995, 0.7599999999999997868 ) ) ;
#8864 = CARTESIAN_POINT ( 'NONE',  ( 3.574999999999999289, 4.940000000000000391, -0.3199999999999999512 ) ) ;
#8865 = FACE_OUTER_BOUND ( 'NONE', #6719, .T. ) ;
#8866 = DIRECTION ( 'NONE',  ( -0.000000000000000000, 1.000000000000000000, 0.000000000000000000 ) ) ;
#8867 = VERTEX_POINT ( 'NONE', #6031 ) ;
#8868 = DIRECTION ( 'NONE',  ( 0.000000000000000000, 0.8660254037844288266, 0.5000000000000169864 ) ) ;
#8869 = ORIENTED_EDGE ( 'NONE', *, *, #20, .T. ) ;
#8870 = VECTOR ( 'NONE', #5879, 1000.000000000000000 ) ;
#8871 = CARTESIAN_POINT ( 'NONE',  ( -5.860000000000000320, 5.580000000000000959, 6.519999999999999574 ) ) ;
#8872 = LINE ( 'NONE', #8122, #119 ) ;
#8873 = FACE_BOUND ( 'NONE', #5120, .T. ) ;
#8874 = ADVANCED_FACE ( 'NONE', ( #7578 ), #8313, .F. ) ;
#8875 = ADVANCED_FACE ( 'NONE', ( #3429 ), #5386, .F. ) ;
#8876 = VECTOR ( 'NONE', #5826, 1000.000000000000000 ) ;
#8877 = CARTESIAN_POINT ( 'NONE',  ( -7.270000000000001350, 1.870000000000000995, 8.920000000000001705 ) ) ;
#8878 = DIRECTION ( 'NONE',  ( -1.000000000000000000, 0.000000000000000000, 0.000000000000000000 ) ) ;
#8879 = ORIENTED_EDGE ( 'NONE', *, *, #4603, .F. ) ;
#8880 = VERTEX_POINT ( 'NONE', #4693 ) ;
#8881 = ORIENTED_EDGE ( 'NONE', *, *, #811, .F. ) ;
#8882 = CARTESIAN_POINT ( 'NONE',  ( 3.324999999999998845, 1.530000000000000915, 7.270000000000000462 ) ) ;
#8883 = PLANE ( 'NONE',  #6538 ) ;
#8884 = VECTOR ( 'NONE', #4677, 1000.000000000000000 ) ;
#8885 = EDGE_CURVE ( 'NONE', #4635, #9763, #6137, .T. ) ;
#8886 = CARTESIAN_POINT ( 'NONE',  ( -2.680000000000001048, 2.760000000000000675, -0.3199999999999999512 ) ) ;
#8887 = CARTESIAN_POINT ( 'NONE',  ( -6.320000000000001172, 7.115000000000001101, 0.3099999999999999423 ) ) ;
#8888 = ORIENTED_EDGE ( 'NONE', *, *, #2278, .F. ) ;
#8889 = VERTEX_POINT ( 'NONE', #3327 ) ;
#8890 = ORIENTED_EDGE ( 'NONE', *, *, #2065, .T. ) ;
#8891 = DIRECTION ( 'NONE',  ( 0.000000000000000000, 0.000000000000000000, 1.000000000000000000 ) ) ;
#8892 = CARTESIAN_POINT ( 'NONE',  ( 0.3199999999999991185, 3.620000000000000995, 0.3099999999999999423 ) ) ;
#8893 = ORIENTED_EDGE ( 'NONE', *, *, #1900, .T. ) ;
#8894 = EDGE_CURVE ( 'NONE', #6342, #9494, #2347, .T. ) ;
#8895 = ADVANCED_FACE ( 'NONE', ( #9223 ), #6366, .F. ) ;
#8896 = DIRECTION ( 'NONE',  ( 0.000000000000000000, 1.000000000000000000, 0.000000000000000000 ) ) ;
#8897 = EDGE_CURVE ( 'NONE', #1129, #4821, #8662, .T. ) ;
#8898 = ORIENTED_EDGE ( 'NONE', *, *, #3046, .T. ) ;
#8899 = FACE_OUTER_BOUND ( 'NONE', #9653, .T. ) ;
#8900 = EDGE_CURVE ( 'NONE', #368, #8001, #6469, .T. ) ;
#8901 = FACE_OUTER_BOUND ( 'NONE', #7602, .T. ) ;
#8902 = EDGE_CURVE ( 'NONE', #3753, #6462, #1144, .T. ) ;
#8903 = DIRECTION ( 'NONE',  ( 0.000000000000000000, 0.000000000000000000, 1.000000000000000000 ) ) ;
#8904 = FACE_OUTER_BOUND ( 'NONE', #5660, .T. ) ;
#8905 = CARTESIAN_POINT ( 'NONE',  ( -1.730000000000000870, 1.170000000000000817, 2.319999999999999840 ) ) ;
#8906 = ORIENTED_EDGE ( 'NONE', *, *, #9082, .T. ) ;
#8907 = EDGE_CURVE ( 'NONE', #5885, #6471, #154, .T. ) ;
#8908 = CARTESIAN_POINT ( 'NONE',  ( -3.320000000000000728, 3.620000000000000995, -0.3199999999999999512 ) ) ;
#8910 = EDGE_LOOP ( 'NONE', ( #5488, #7400, #4179, #5599, #7625, #2675 ) ) ;
#8909 = CARTESIAN_POINT ( 'NONE',  ( -2.348037976009500927, -2.594974179490999067, 3.319999999999999840 ) ) ;
#8911 = AXIS2_PLACEMENT_3D ( 'NONE', #6925, #3781, #100 ) ;
#8912 = CARTESIAN_POINT ( 'NONE',  ( 0.3199999999999991185, 5.120000000000000995, 2.319999999999999840 ) ) ;
#8913 = DIRECTION ( 'NONE',  ( 0.000000000000000000, 0.000000000000000000, -1.000000000000000000 ) ) ;
#8914 = VECTOR ( 'NONE', #6420, 1000.000000000000000 ) ;
#8915 = DIRECTION ( 'NONE',  ( 0.000000000000000000, 1.000000000000000000, 0.000000000000000000 ) ) ;
#8916 = VECTOR ( 'NONE', #221, 1000.000000000000000 ) ;
#8917 = CARTESIAN_POINT ( 'NONE',  ( 3.574999999999999289, 5.540000000000000924, -0.9900000000000004352 ) ) ;
#8918 = ORIENTED_EDGE ( 'NONE', *, *, #7838, .T. ) ;
#8919 = ORIENTED_EDGE ( 'NONE', *, *, #7224, .T. ) ;
#8920 = ADVANCED_FACE ( 'NONE', ( #7217 ), #904, .F. ) ;
#8921 = LINE ( 'NONE', #4336, #6323 ) ;
#8922 = AXIS2_PLACEMENT_3D ( 'NONE', #8748, #2626, #3465 ) ;
#8923 = FACE_OUTER_BOUND ( 'NONE', #4695, .T. ) ;
#8924 = CARTESIAN_POINT ( 'NONE',  ( -8.325000000000001066, 4.940000000000000391, -0.3199999999999999512 ) ) ;
#8925 = CARTESIAN_POINT ( 'NONE',  ( 0.1399999999999990696, 5.300000000000000711, 6.519999999999999574 ) ) ;
#8926 = VECTOR ( 'NONE', #3478, 1000.000000000000114 ) ;
#8927 = ORIENTED_EDGE ( 'NONE', *, *, #5363, .F. ) ;
#8928 = VERTEX_POINT ( 'NONE', #3881 ) ;
#8929 = EDGE_CURVE ( 'NONE', #2384, #6589, #2637, .T. ) ;
#8930 = EDGE_CURVE ( 'NONE', #1702, #4352, #6876, .T. ) ;
#8931 = CARTESIAN_POINT ( 'NONE',  ( -9.324999999999999289, 0.8900000000000005684, 0.6099999999999998757 ) ) ;
#8932 = DIRECTION ( 'NONE',  ( 1.000000000000000000, 0.000000000000000000, 0.000000000000000000 ) ) ;
#8933 = CARTESIAN_POINT ( 'NONE',  ( -0.3200000000000008393, 3.940000000000000835, 3.964999999999999858 ) ) ;
#8934 = CARTESIAN_POINT ( 'NONE',  ( -9.574999999999999289, 4.940000000000000391, -0.3199999999999999512 ) ) ;
#8935 = EDGE_LOOP ( 'NONE', ( #8576, #9270, #8664, #8210 ) ) ;
#8936 = ORIENTED_EDGE ( 'NONE', *, *, #6177, .T. ) ;
#8937 = ORIENTED_EDGE ( 'NONE', *, *, #1640, .F. ) ;
#8938 = EDGE_CURVE ( 'NONE', #1333, #1741, #8713, .T. ) ;
#8939 = DIRECTION ( 'NONE',  ( 0.000000000000000000, 0.000000000000000000, -1.000000000000000000 ) ) ;
#8940 = ORIENTED_EDGE ( 'NONE', *, *, #9368, .F. ) ;
#8941 = CYLINDRICAL_SURFACE ( 'NONE', #6371, 1.000000000000000000 ) ;
#8942 = ORIENTED_EDGE ( 'NONE', *, *, #7866, .T. ) ;
#8943 = DIRECTION ( 'NONE',  ( 1.000000000000000000, 0.000000000000000000, 0.000000000000000000 ) ) ;
#8944 = DIRECTION ( 'NONE',  ( 1.000000000000000000, 0.000000000000000000, 0.000000000000000000 ) ) ;
#8945 = CARTESIAN_POINT ( 'NONE',  ( 0.3199999999999991185, 2.120000000000000995, 5.519999999999999574 ) ) ;
#8946 = CARTESIAN_POINT ( 'NONE',  ( -1.270000000000000906, 6.710000000000000853, 8.920000000000001705 ) ) ;
#8947 = CARTESIAN_POINT ( 'NONE',  ( 1.269999999999999352, 1.170000000000000817, 8.920000000000001705 ) ) ;
#8948 = ORIENTED_EDGE ( 'NONE', *, *, #1717, .F. ) ;
#8949 = CARTESIAN_POINT ( 'NONE',  ( 1.940485608556998587, 3.365000000000000657, 1.169999999999999707 ) ) ;
#8950 = AXIS2_PLACEMENT_3D ( 'NONE', #2812, #4254, #5712 ) ;
#8951 = ADVANCED_FACE ( 'NONE', ( #9509 ), #344, .F. ) ;
#8952 = AXIS2_PLACEMENT_3D ( 'NONE', #1368, #6091, #7399 ) ;
#8954 = ORIENTED_EDGE ( 'NONE', *, *, #462, .T. ) ;
#8953 = DIRECTION ( 'NONE',  ( 0.000000000000000000, 0.000000000000000000, -1.000000000000000000 ) ) ;
#8955 = DIRECTION ( 'NONE',  ( 0.000000000000000000, 1.000000000000000000, 0.000000000000000000 ) ) ;
#8956 = LINE ( 'NONE', #4425, #6274 ) ;
#8957 = CARTESIAN_POINT ( 'NONE',  ( 0.3199999999999991185, 3.620000000000000995, -0.3199999999999999512 ) ) ;
#8958 = EDGE_CURVE ( 'NONE', #6341, #5113, #2684, .T. ) ;
#8959 = LINE ( 'NONE', #9659, #8809 ) ;
#8960 = ORIENTED_EDGE ( 'NONE', *, *, #7035, .T. ) ;
#8961 = AXIS2_PLACEMENT_3D ( 'NONE', #2924, #8352, #1538 ) ;
#8962 = ORIENTED_EDGE ( 'NONE', *, *, #8459, .F. ) ;
#8963 = LINE ( 'NONE', #42, #1344 ) ;
#8964 = EDGE_CURVE ( 'NONE', #9173, #2095, #805, .T. ) ;
#8965 = LINE ( 'NONE', #4480, #8870 ) ;
#8966 = VECTOR ( 'NONE', #7803, 1000.000000000000000 ) ;
#8967 = AXIS2_PLACEMENT_3D ( 'NONE', #3870, #8402, #6817 ) ;
#8968 = VECTOR ( 'NONE', #2057, 1000.000000000000000 ) ;
#8969 = FACE_OUTER_BOUND ( 'NONE', #518, .T. ) ;
#8970 = CARTESIAN_POINT ( 'NONE',  ( -9.324999999999999289, 1.160000000000000808, -0.9900000000000004352 ) ) ;
#8971 = LINE ( 'NONE', #9713, #2306 ) ;
#8972 = DIRECTION ( 'NONE',  ( 1.000000000000000000, 0.000000000000000000, 0.000000000000000000 ) ) ;
#8973 = ORIENTED_EDGE ( 'NONE', *, *, #7298, .T. ) ;
#8974 = ORIENTED_EDGE ( 'NONE', *, *, #4202, .T. ) ;
#8975 = VERTEX_POINT ( 'NONE', #8365 ) ;
#8976 = VECTOR ( 'NONE', #7204, 1000.000000000000000 ) ;
#8977 = VECTOR ( 'NONE', #8450, 1000.000000000000000 ) ;
#8978 = VECTOR ( 'NONE', #1770, 1000.000000000000000 ) ;
#8979 = EDGE_CURVE ( 'NONE', #9817, #9742, #3090, .T. ) ;
#8980 = CARTESIAN_POINT ( 'NONE',  ( -0.3200000000000008393, 4.889000000000001123, -0.3199999999999999512 ) ) ;
#8981 = LINE ( 'NONE', #5195, #8831 ) ;
#8982 = EDGE_CURVE ( 'NONE', #4099, #9838, #1062, .T. ) ;
#8983 = AXIS2_PLACEMENT_3D ( 'NONE', #8647, #1032, #6955 ) ;
#8984 = VECTOR ( 'NONE', #1365, 1000.000000000000000 ) ;
#8985 = DIRECTION ( 'NONE',  ( -0.7660444431190069903, 0.000000000000000000, -0.6427876096865049460 ) ) ;
#8986 = AXIS2_PLACEMENT_3D ( 'NONE', #3769, #1539, #4571 ) ;
#8987 = CARTESIAN_POINT ( 'NONE',  ( -0.3200000000000008393, 3.620000000000000995, -0.3199999999999999512 ) ) ;
#8988 = CARTESIAN_POINT ( 'NONE',  ( 3.324999999999998845, 6.620000000000000995, 7.270000000000000462 ) ) ;
#8989 = ORIENTED_EDGE ( 'NONE', *, *, #4536, .F. ) ;
#8990 = ORIENTED_EDGE ( 'NONE', *, *, #672, .T. ) ;
#8991 = CARTESIAN_POINT ( 'NONE',  ( -2.680000000000001048, 4.260000000000000675, -0.3199999999999999512 ) ) ;
#8992 = LINE ( 'NONE', #1419, #7554 ) ;
#8993 = VERTEX_POINT ( 'NONE', #1890 ) ;
#8994 = VECTOR ( 'NONE', #609, 1000.000000000000000 ) ;
#8995 = CARTESIAN_POINT ( 'NONE',  ( -6.320000000000001172, 4.889000000000001123, -0.3199999999999999512 ) ) ;
#8996 = VERTEX_POINT ( 'NONE', #1984 ) ;
#8997 = CARTESIAN_POINT ( 'NONE',  ( -3.475000000000000977, -2.619615242270999733, 3.319999999999999840 ) ) ;
#8998 = EDGE_CURVE ( 'NONE', #7821, #6651, #8059, .T. ) ;
#8999 = DIRECTION ( 'NONE',  ( 0.000000000000000000, 1.000000000000000000, 0.000000000000000000 ) ) ;
#9000 = CARTESIAN_POINT ( 'NONE',  ( -3.140000000000001013, -3.179999999999998828, -0.1400000000000003741 ) ) ;
#9001 = DIRECTION ( 'NONE',  ( -1.000000000000000000, 0.000000000000000000, 0.000000000000000000 ) ) ;
#9002 = ORIENTED_EDGE ( 'NONE', *, *, #5099, .T. ) ;
#9003 = LINE ( 'NONE', #2173, #3561 ) ;
#9004 = CARTESIAN_POINT ( 'NONE',  ( -8.325000000000001066, 2.940000000000000835, 0.2799999999999998601 ) ) ;
#9005 = ORIENTED_EDGE ( 'NONE', *, *, #2341, .T. ) ;
#9006 = CARTESIAN_POINT ( 'NONE',  ( -0.3200000000000008393, 2.760000000000000675, -0.3199999999999999512 ) ) ;
#9007 = ADVANCED_FACE ( 'NONE', ( #3622 ), #7271, .F. ) ;
#9009 = VERTEX_POINT ( 'NONE', #4317 ) ;
#9008 = CARTESIAN_POINT ( 'NONE',  ( -1.525000000000001021, 0.5100000000000008971, 0.3099999999999999423 ) ) ;
#9010 = LINE ( 'NONE', #3919, #8665 ) ;
#9011 = LINE ( 'NONE', #7509, #5494 ) ;
#9012 = FACE_OUTER_BOUND ( 'NONE', #3107, .T. ) ;
#9013 = EDGE_LOOP ( 'NONE', ( #5986, #3254, #698, #6874, #7468, #648, #7830, #8844 ) ) ;
#9014 = EDGE_LOOP ( 'NONE', ( #6649, #1534, #4451, #3169 ) ) ;
#9015 = PLANE ( 'NONE',  #8967 ) ;
#9016 = EDGE_CURVE ( 'NONE', #2614, #2762, #2072, .T. ) ;
#9017 = AXIS2_PLACEMENT_3D ( 'NONE', #3112, #7494, #2959 ) ;
#9018 = PLANE ( 'NONE',  #3619 ) ;
#9019 = ADVANCED_FACE ( 'NONE', ( #4975 ), #5118, .T. ) ;
#9020 = PLANE ( 'NONE',  #6921 ) ;
#9021 = PLANE ( 'NONE',  #6835 ) ;
#9022 = EDGE_CURVE ( 'NONE', #4049, #7894, #4266, .T. ) ;
#9023 = EDGE_LOOP ( 'NONE', ( #4409, #3146, #3879, #3945, #7453 ) ) ;
#9024 = ADVANCED_FACE ( 'NONE', ( #6517 ), #7312, .F. ) ;
#9025 = VECTOR ( 'NONE', #2214, 1000.000000000000000 ) ;
#9026 = DIRECTION ( 'NONE',  ( 0.000000000000000000, 0.000000000000000000, -1.000000000000000000 ) ) ;
#9027 = LINE ( 'NONE', #1499, #4590 ) ;
#9028 = VERTEX_POINT ( 'NONE', #4416 ) ;
#9029 = EDGE_LOOP ( 'NONE', ( #8092, #3495, #4494, #8294, #418, #6976, #6911 ) ) ;
#9030 = ORIENTED_EDGE ( 'NONE', *, *, #9622, .F. ) ;
#9031 = CARTESIAN_POINT ( 'NONE',  ( -2.680000000000001048, 0.5100000000000008971, -0.3199999999999999512 ) ) ;
#9032 = DIRECTION ( 'NONE',  ( -1.000000000000000000, 0.000000000000000000, 0.000000000000000000 ) ) ;
#9033 = AXIS2_PLACEMENT_3D ( 'NONE', #187, #7652, #2421 ) ;
#9034 = CARTESIAN_POINT ( 'NONE',  ( 3.274999999999999467, 1.590000000000000746, 6.769999999999999574 ) ) ;
#9035 = VERTEX_POINT ( 'NONE', #8006 ) ;
#9036 = ORIENTED_EDGE ( 'NONE', *, *, #4905, .T. ) ;
#9037 = PLANE ( 'NONE',  #4026 ) ;
#9038 = CARTESIAN_POINT ( 'NONE',  ( -9.574999999999999289, 3.365000000000000657, 1.269999999999999796 ) ) ;
#9039 = VECTOR ( 'NONE', #8512, 1000.000000000000000 ) ;
#9040 = ORIENTED_EDGE ( 'NONE', *, *, #5241, .F. ) ;
#9041 = CARTESIAN_POINT ( 'NONE',  ( 0.3199999999999991185, -2.179999999999998828, -0.3199999999999999512 ) ) ;
#9042 = ORIENTED_EDGE ( 'NONE', *, *, #8561, .F. ) ;
#9043 = DIRECTION ( 'NONE',  ( 0.000000000000000000, 1.000000000000000000, 0.000000000000000000 ) ) ;
#9044 = FACE_OUTER_BOUND ( 'NONE', #524, .T. ) ;
#9045 = CARTESIAN_POINT ( 'NONE',  ( -2.680000000000001048, 4.260000000000000675, -0.9900000000000004352 ) ) ;
#9046 = ORIENTED_EDGE ( 'NONE', *, *, #1767, .T. ) ;
#9047 = DIRECTION ( 'NONE',  ( -1.000000000000000000, 0.000000000000000000, 0.000000000000000000 ) ) ;
#9048 = DIRECTION ( 'NONE',  ( 0.000000000000000000, 0.000000000000000000, -1.000000000000000000 ) ) ;
#9049 = CARTESIAN_POINT ( 'NONE',  ( -2.680000000000001048, 2.760000000000000675, -0.3199999999999999512 ) ) ;
#9050 = EDGE_LOOP ( 'NONE', ( #2648, #2308 ) ) ;
#9051 = CARTESIAN_POINT ( 'NONE',  ( -5.770000000000000462, -2.679999999999999272, -3.000000000000000000 ) ) ;
#9053 = ORIENTED_EDGE ( 'NONE', *, *, #198, .F. ) ;
#9052 = DIRECTION ( 'NONE',  ( -1.000000000000000000, 0.000000000000000000, 0.000000000000000000 ) ) ;
#9054 = CARTESIAN_POINT ( 'NONE',  ( -5.680000000000000604, 1.160000000000000808, -0.3199999999999999512 ) ) ;
#9055 = LINE ( 'NONE', #9799, #6423 ) ;
#9056 = DIRECTION ( 'NONE',  ( 0.000000000000000000, 0.000000000000000000, -1.000000000000000000 ) ) ;
#9057 = CARTESIAN_POINT ( 'NONE',  ( -5.860000000000000320, 5.300000000000000711, 6.519999999999999574 ) ) ;
#9058 = ORIENTED_EDGE ( 'NONE', *, *, #8231, .T. ) ;
#9059 = ORIENTED_EDGE ( 'NONE', *, *, #8772, .F. ) ;
#9060 = EDGE_CURVE ( 'NONE', #9420, #744, #9648, .T. ) ;
#9061 = DIRECTION ( 'NONE',  ( 0.000000000000000000, -1.000000000000000000, 0.000000000000000000 ) ) ;
#9062 = VECTOR ( 'NONE', #8220, 1000.000000000000000 ) ;
#9063 = PLANE ( 'NONE',  #6791 ) ;
#9064 = CARTESIAN_POINT ( 'NONE',  ( -3.320000000000000728, 4.260000000000000675, -0.3199999999999999512 ) ) ;
#9065 = DIRECTION ( 'NONE',  ( 0.000000000000000000, -1.000000000000000000, 0.000000000000000000 ) ) ;
#9066 = FACE_OUTER_BOUND ( 'NONE', #5181, .T. ) ;
#9067 = ORIENTED_EDGE ( 'NONE', *, *, #1409, .T. ) ;
#9068 = AXIS2_PLACEMENT_3D ( 'NONE', #6123, #786, #3817 ) ;
#9069 = EDGE_CURVE ( 'NONE', #9442, #902, #1936, .T. ) ;
#9070 = LINE ( 'NONE', #2243, #8994 ) ;
#9071 = FACE_OUTER_BOUND ( 'NONE', #768, .T. ) ;
#9072 = ORIENTED_EDGE ( 'NONE', *, *, #5976, .T. ) ;
#9073 = ORIENTED_EDGE ( 'NONE', *, *, #4931, .F. ) ;
#9074 = ORIENTED_EDGE ( 'NONE', *, *, #7873, .F. ) ;
#9075 = VECTOR ( 'NONE', #9399, 1000.000000000000000 ) ;
#9076 = PLANE ( 'NONE',  #493 ) ;
#9077 = EDGE_CURVE ( 'NONE', #2373, #1454, #589, .T. ) ;
#9078 = CARTESIAN_POINT ( 'NONE',  ( 1.940485608556998587, 1.530000000000000915, 7.270000000000000462 ) ) ;
#9079 = EDGE_CURVE ( 'NONE', #5253, #8716, #5909, .T. ) ;
#9080 = VECTOR ( 'NONE', #2224, 1000.000000000000000 ) ;
#9081 = FACE_OUTER_BOUND ( 'NONE', #2657, .T. ) ;
#9082 = EDGE_CURVE ( 'NONE', #5113, #4419, #7412, .T. ) ;
#9083 = EDGE_LOOP ( 'NONE', ( #2160, #5250, #8466, #1164 ) ) ;
#9084 = ORIENTED_EDGE ( 'NONE', *, *, #6868, .T. ) ;
#9085 = CARTESIAN_POINT ( 'NONE',  ( 3.324999999999998845, 8.673617379884035472E-16, 0.6099999999999998757 ) ) ;
#9086 = DIRECTION ( 'NONE',  ( 0.000000000000000000, -1.000000000000000000, 0.000000000000000000 ) ) ;
#9087 = ORIENTED_EDGE ( 'NONE', *, *, #485, .F. ) ;
#9088 = CARTESIAN_POINT ( 'NONE',  ( -3.475000000000000977, -2.929999999999999272, 4.320000000000000284 ) ) ;
#9089 = AXIS2_PLACEMENT_3D ( 'NONE', #686, #3524, #4470 ) ;
#9090 = VERTEX_POINT ( 'NONE', #1331 ) ;
#9091 = CARTESIAN_POINT ( 'NONE',  ( 0.1399999999999990696, -3.179999999999998828, 0.1399999999999999301 ) ) ;
#9092 = DIRECTION ( 'NONE',  ( 1.000000000000000000, 0.000000000000000000, 0.000000000000000000 ) ) ;
#9093 = FACE_OUTER_BOUND ( 'NONE', #115, .T. ) ;
#9094 = ORIENTED_EDGE ( 'NONE', *, *, #4302, .T. ) ;
#9095 = DIRECTION ( 'NONE',  ( 0.7071067811865474617, -0.7071067811865474617, 0.000000000000000000 ) ) ;
#9096 = DIRECTION ( 'NONE',  ( -0.7071067811865475727, -0.7071067811865475727, 0.000000000000000000 ) ) ;
#9097 = CARTESIAN_POINT ( 'NONE',  ( -2.680000000000001048, 5.529000000000000803, 0.3099999999999999423 ) ) ;
#9098 = ORIENTED_EDGE ( 'NONE', *, *, #6426, .T. ) ;
#9099 = CARTESIAN_POINT ( 'NONE',  ( 3.324999999999998845, 0.8900000000000005684, 0.6099999999999998757 ) ) ;
#9100 = EDGE_CURVE ( 'NONE', #9661, #2494, #6708, .T. ) ;
#9102 = ORIENTED_EDGE ( 'NONE', *, *, #8287, .F. ) ;
#9101 = DIRECTION ( 'NONE',  ( -1.000000000000000000, 0.000000000000000000, 0.000000000000000000 ) ) ;
#9103 = LINE ( 'NONE', #5420, #6947 ) ;
#9104 = FACE_OUTER_BOUND ( 'NONE', #9339, .T. ) ;
#9105 = CARTESIAN_POINT ( 'NONE',  ( -0.3200000000000008393, 4.889000000000001123, -0.3199999999999999512 ) ) ;
#9106 = DIRECTION ( 'NONE',  ( 0.000000000000000000, 0.000000000000000000, 1.000000000000000000 ) ) ;
#9107 = ORIENTED_EDGE ( 'NONE', *, *, #4275, .T. ) ;
#9108 = DIRECTION ( 'NONE',  ( -0.1744369497454954787, 0.9690941652527760297, 0.1744369497454954787 ) ) ;
#9109 = ORIENTED_EDGE ( 'NONE', *, *, #8329, .T. ) ;
#9110 = VECTOR ( 'NONE', #9276, 1000.000000000000000 ) ;
#9111 = CARTESIAN_POINT ( 'NONE',  ( -2.050499521379900880, -2.437035986035998913, 5.320000000000000284 ) ) ;
#9112 = CARTESIAN_POINT ( 'NONE',  ( 1.940161869518999493, 5.040000000000000924, 3.770000000000000018 ) ) ;
#9113 = ORIENTED_EDGE ( 'NONE', *, *, #9208, .T. ) ;
#9114 = AXIS2_PLACEMENT_3D ( 'NONE', #3252, #7896, #7737 ) ;
#9115 = DIRECTION ( 'NONE',  ( -0.9841833239736893502, 0.000000000000000000, 0.1771529983152980714 ) ) ;
#9116 = EDGE_CURVE ( 'NONE', #7292, #1969, #6616, .T. ) ;
#9117 = LINE ( 'NONE', #7520, #9228 ) ;
#9118 = ORIENTED_EDGE ( 'NONE', *, *, #828, .F. ) ;
#9119 = DIRECTION ( 'NONE',  ( 0.000000000000000000, 0.000000000000000000, 1.000000000000000000 ) ) ;
#9120 = PLANE ( 'NONE',  #1680 ) ;
#9121 = ORIENTED_EDGE ( 'NONE', *, *, #5682, .F. ) ;
#9122 = VERTEX_POINT ( 'NONE', #2029 ) ;
#9123 = ORIENTED_EDGE ( 'NONE', *, *, #4947, .T. ) ;
#9124 = VECTOR ( 'NONE', #4249, 1000.000000000000000 ) ;
#9125 = FACE_OUTER_BOUND ( 'NONE', #5714, .T. ) ;
#9126 = CARTESIAN_POINT ( 'NONE',  ( -7.825000000000001954, 7.370000000000000995, -0.9900000000000004352 ) ) ;
#9127 = ADVANCED_FACE ( 'NONE', ( #5822 ), #5725, .T. ) ;
#9128 = VECTOR ( 'NONE', #5663, 1000.000000000000000 ) ;
#9129 = VECTOR ( 'NONE', #6261, 1000.000000000000000 ) ;
#9130 = FACE_OUTER_BOUND ( 'NONE', #1128, .T. ) ;
#9131 = AXIS2_PLACEMENT_3D ( 'NONE', #7693, #1820, #4863 ) ;
#9132 = EDGE_LOOP ( 'NONE', ( #2255, #3005, #8820, #4253 ) ) ;
#9133 = ORIENTED_EDGE ( 'NONE', *, *, #9208, .F. ) ;
#9134 = LINE ( 'NONE', #7587, #1960 ) ;
#9135 = CARTESIAN_POINT ( 'NONE',  ( -6.320000000000001172, -2.179999999999998828, -3.319999999999999840 ) ) ;
#9136 = ORIENTED_EDGE ( 'NONE', *, *, #5475, .F. ) ;
#9137 = PLANE ( 'NONE',  #7007 ) ;
#9138 = ADVANCED_FACE ( 'NONE', ( #8904 ), #8757, .T. ) ;
#9139 = VECTOR ( 'NONE', #1272, 1000.000000000000000 ) ;
#9140 = VERTEX_POINT ( 'NONE', #5165 ) ;
#9141 = EDGE_CURVE ( 'NONE', #744, #1290, #5412, .T. ) ;
#9142 = AXIS2_PLACEMENT_3D ( 'NONE', #8516, #9171, #7777 ) ;
#9143 = PLANE ( 'NONE',  #7754 ) ;
#9144 = VECTOR ( 'NONE', #7410, 1000.000000000000227 ) ;
#9145 = DIRECTION ( 'NONE',  ( 0.000000000000000000, 0.000000000000000000, -1.000000000000000000 ) ) ;
#9146 = LINE ( 'NONE', #1472, #63 ) ;
#9147 = VERTEX_POINT ( 'NONE', #3855 ) ;
#9148 = CARTESIAN_POINT ( 'NONE',  ( -9.324999999999999289, 5.040000000000000924, 7.270000000000000462 ) ) ;
#9149 = LINE ( 'NONE', #9836, #5313 ) ;
#9150 = CARTESIAN_POINT ( 'NONE',  ( 3.574999999999999289, 4.515000000000000568, 1.269999999999999796 ) ) ;
#9151 = EDGE_CURVE ( 'NONE', #2931, #9641, #5263, .T. ) ;
#9152 = VECTOR ( 'NONE', #1447, 1000.000000000000000 ) ;
#9153 = EDGE_LOOP ( 'NONE', ( #8206, #6035, #1269, #1700 ) ) ;
#9154 = DIRECTION ( 'NONE',  ( 0.000000000000000000, 0.000000000000000000, -1.000000000000000000 ) ) ;
#9156 = VERTEX_POINT ( 'NONE', #681 ) ;
#9155 = CARTESIAN_POINT ( 'NONE',  ( 1.940161869518999493, 2.840000000000000302, 3.770000000000000018 ) ) ;
#9157 = PLANE ( 'NONE',  #8534 ) ;
#9158 = DIRECTION ( 'NONE',  ( 0.000000000000000000, 0.000000000000000000, 1.000000000000000000 ) ) ;
#9159 = CARTESIAN_POINT ( 'NONE',  ( -5.860000000000000320, -3.179999999999998828, -2.860000000000000764 ) ) ;
#9160 = DIRECTION ( 'NONE',  ( 0.000000000000000000, 0.000000000000000000, -1.000000000000000000 ) ) ;
#9161 = EDGE_CURVE ( 'NONE', #9494, #2740, #4561, .T. ) ;
#9162 = EDGE_LOOP ( 'NONE', ( #4488, #3257, #7957, #2947 ) ) ;
#9163 = PLANE ( 'NONE',  #6122 ) ;
#9164 = CARTESIAN_POINT ( 'NONE',  ( -3.320000000000000728, 2.760000000000000675, 2.319999999999999840 ) ) ;
#9165 = B_SPLINE_CURVE_WITH_KNOTS ( 'NONE', 3,
 ( #1287, #9604, #5121, #8949 ),
 .UNSPECIFIED., .F., .F.,
 ( 4, 4 ),
 ( 0.000000000000000000, 1.000000000000000000 ),
 .UNSPECIFIED. ) ;
#9166 = DIRECTION ( 'NONE',  ( 0.000000000000000000, 0.000000000000000000, 1.000000000000000000 ) ) ;
#9167 = CARTESIAN_POINT ( 'NONE',  ( -3.320000000000000728, 4.260000000000000675, -0.9900000000000004352 ) ) ;
#9168 = CARTESIAN_POINT ( 'NONE',  ( -3.475000000000000977, 0.5100000000000008971, 0.3099999999999999423 ) ) ;
#9169 = CARTESIAN_POINT ( 'NONE',  ( 0.3199999999999991185, 7.115000000000001101, 0.3099999999999999423 ) ) ;
#9170 = ORIENTED_EDGE ( 'NONE', *, *, #7315, .F. ) ;
#9171 = DIRECTION ( 'NONE',  ( 0.000000000000000000, 0.000000000000000000, -1.000000000000000000 ) ) ;
#9172 = CARTESIAN_POINT ( 'NONE',  ( 1.940485608556998587, 3.365000000000000657, 1.169999999999999707 ) ) ;
#9173 = VERTEX_POINT ( 'NONE', #6109 ) ;
#9174 = EDGE_LOOP ( 'NONE', ( #2050, #4147, #3883, #9533 ) ) ;
#9175 = VERTEX_POINT ( 'NONE', #8246 ) ;
#9176 = ADVANCED_FACE ( 'NONE', ( #7647 ), #6756, .F. ) ;
#9177 = DIRECTION ( 'NONE',  ( 0.000000000000000000, 0.000000000000000000, -1.000000000000000000 ) ) ;
#9178 = DIRECTION ( 'NONE',  ( 0.000000000000000000, 0.000000000000000000, -1.000000000000000000 ) ) ;
#9179 = VECTOR ( 'NONE', #1326, 1000.000000000000000 ) ;
#9180 = DIRECTION ( 'NONE',  ( 0.000000000000000000, 0.000000000000000000, -1.000000000000000000 ) ) ;
#9181 = EDGE_LOOP ( 'NONE', ( #267, #1058, #3501, #9245 ) ) ;
#9182 = VERTEX_POINT ( 'NONE', #6902 ) ;
#9183 = CARTESIAN_POINT ( 'NONE',  ( -4.061121926081001199, -2.346468473089998508, 5.320000000000000284 ) ) ;
#9184 = LINE ( 'NONE', #8477, #4054 ) ;
#9185 = VERTEX_POINT ( 'NONE', #1526 ) ;
#9186 = EDGE_CURVE ( 'NONE', #8131, #3751, #9149, .T. ) ;
#9187 = VECTOR ( 'NONE', #1398, 1000.000000000000000 ) ;
#9188 = LINE ( 'NONE', #2362, #164 ) ;
#9189 = EDGE_LOOP ( 'NONE', ( #7965, #332, #6764, #8155 ) ) ;
#9190 = LINE ( 'NONE', #7545, #2027 ) ;
#9191 = CARTESIAN_POINT ( 'NONE',  ( 0.3199999999999991185, 2.120000000000000995, 2.319999999999999840 ) ) ;
#9192 = VECTOR ( 'NONE', #1882, 1000.000000000000000 ) ;
#9193 = CARTESIAN_POINT ( 'NONE',  ( -2.680000000000001048, 5.760000000000001563, 6.519999999999999574 ) ) ;
#9194 = EDGE_LOOP ( 'NONE', ( #4245, #6101, #5168, #8082 ) ) ;
#9196 = EDGE_CURVE ( 'NONE', #6962, #2706, #4660, .T. ) ;
#9195 = DIRECTION ( 'NONE',  ( 0.000000000000000000, 1.000000000000000000, 0.000000000000000000 ) ) ;
#9197 = LINE ( 'NONE', #9150, #9769 ) ;
#9198 = ORIENTED_EDGE ( 'NONE', *, *, #1327, .F. ) ;
#9199 = EDGE_CURVE ( 'NONE', #4257, #1869, #2270, .T. ) ;
#9200 = EDGE_CURVE ( 'NONE', #8575, #5596, #82, .T. ) ;
#9201 = CARTESIAN_POINT ( 'NONE',  ( -7.940485608557000141, 1.530000000000000915, 7.270000000000000462 ) ) ;
#9202 = CARTESIAN_POINT ( 'NONE',  ( 0.3199999999999991185, 3.620000000000000995, 0.3099999999999999423 ) ) ;
#9203 = ADVANCED_FACE ( 'NONE', ( #8436 ), #6853, .T. ) ;
#9205 = ORIENTED_EDGE ( 'NONE', *, *, #2871, .T. ) ;
#9204 = LINE ( 'NONE', #5463, #9667 ) ;
#9207 = EDGE_CURVE ( 'NONE', #3723, #8422, #6056, .T. ) ;
#9206 = PLANE ( 'NONE',  #907 ) ;
#9208 = EDGE_CURVE ( 'NONE', #7401, #7050, #777, .T. ) ;
#9209 = CARTESIAN_POINT ( 'NONE',  ( -9.324999999999999289, 0.8900000000000005684, 0.6099999999999998757 ) ) ;
#9210 = CARTESIAN_POINT ( 'NONE',  ( 2.340485608556998720, 3.365000000000000657, 1.169999999999999707 ) ) ;
#9211 = VECTOR ( 'NONE', #5745, 1000.000000000000000 ) ;
#9212 = DIRECTION ( 'NONE',  ( 0.000000000000000000, 0.000000000000000000, -1.000000000000000000 ) ) ;
#9214 = EDGE_CURVE ( 'NONE', #6351, #3422, #5358, .T. ) ;
#9213 = ORIENTED_EDGE ( 'NONE', *, *, #6828, .F. ) ;
#9215 = DIRECTION ( 'NONE',  ( 0.000000000000000000, 0.000000000000000000, 1.000000000000000000 ) ) ;
#9216 = LINE ( 'NONE', #5427, #5000 ) ;
#9217 = FACE_OUTER_BOUND ( 'NONE', #8519, .T. ) ;
#9218 = DIRECTION ( 'NONE',  ( 0.000000000000000000, 1.000000000000000000, 0.000000000000000000 ) ) ;
#9219 = DIRECTION ( 'NONE',  ( 0.000000000000000000, 1.000000000000000000, 0.000000000000000000 ) ) ;
#9220 = DIRECTION ( 'NONE',  ( 0.000000000000000000, 0.000000000000000000, -1.000000000000000000 ) ) ;
#9221 = ORIENTED_EDGE ( 'NONE', *, *, #7866, .F. ) ;
#9222 = CARTESIAN_POINT ( 'NONE',  ( -3.475000000000000977, 8.673617379884035472E-16, 3.319999999999999840 ) ) ;
#9223 = FACE_OUTER_BOUND ( 'NONE', #3986, .T. ) ;
#9224 = ORIENTED_EDGE ( 'NONE', *, *, #5234, .T. ) ;
#9225 = ORIENTED_EDGE ( 'NONE', *, *, #8445, .F. ) ;
#9226 = CARTESIAN_POINT ( 'NONE',  ( -2.680000000000001048, -2.179999999999998828, -0.3199999999999999512 ) ) ;
#9227 = DIRECTION ( 'NONE',  ( 0.000000000000000000, 0.000000000000000000, -1.000000000000000000 ) ) ;
#9228 = VECTOR ( 'NONE', #3739, 1000.000000000000000 ) ;
#9229 = ADVANCED_FACE ( 'NONE', ( #3911 ), #5958, .F. ) ;
#9230 = LINE ( 'NONE', #6238, #2266 ) ;
#9231 = VECTOR ( 'NONE', #3055, 1000.000000000000000 ) ;
#9232 = ORIENTED_EDGE ( 'NONE', *, *, #4302, .F. ) ;
#9233 = ORIENTED_EDGE ( 'NONE', *, *, #2042, .T. ) ;
#9234 = ORIENTED_EDGE ( 'NONE', *, *, #8524, .F. ) ;
#9235 = CARTESIAN_POINT ( 'NONE',  ( 1.940161869518999493, 3.365000000000000657, 3.770000000000000018 ) ) ;
#9236 = EDGE_CURVE ( 'NONE', #7373, #689, #26, .T. ) ;
#9237 = DIRECTION ( 'NONE',  ( 1.000000000000000000, 0.000000000000000000, 0.000000000000000000 ) ) ;
#9238 = ORIENTED_EDGE ( 'NONE', *, *, #3892, .F. ) ;
#9239 = CARTESIAN_POINT ( 'NONE',  ( -2.680000000000001048, -2.179999999999998828, -3.319999999999999840 ) ) ;
#9240 = ORIENTED_EDGE ( 'NONE', *, *, #6376, .T. ) ;
#9241 = AXIS2_PLACEMENT_3D ( 'NONE', #7089, #4040, #6236 ) ;
#9242 = LINE ( 'NONE', #7797, #1830 ) ;
#9243 = EDGE_CURVE ( 'NONE', #7434, #7954, #3713, .T. ) ;
#9244 = LINE ( 'NONE', #2414, #3720 ) ;
#9245 = ORIENTED_EDGE ( 'NONE', *, *, #4332, .T. ) ;
#9246 = CARTESIAN_POINT ( 'NONE',  ( 2.324999999999998845, 2.940000000000000835, -0.3199999999999999512 ) ) ;
#9247 = CARTESIAN_POINT ( 'NONE',  ( -6.570000000000001172, 1.170000000000000817, 8.920000000000001705 ) ) ;
#9248 = CARTESIAN_POINT ( 'NONE',  ( -1.270000000000000906, 1.870000000000000995, 8.920000000000001705 ) ) ;
#9249 = ORIENTED_EDGE ( 'NONE', *, *, #4573, .T. ) ;
#9250 = VECTOR ( 'NONE', #335, 1000.000000000000000 ) ;
#9251 = FACE_OUTER_BOUND ( 'NONE', #6431, .T. ) ;
#9252 = LINE ( 'NONE', #2420, #9250 ) ;
#9254 = VERTEX_POINT ( 'NONE', #2371 ) ;
#9253 = DIRECTION ( 'NONE',  ( 0.000000000000000000, 0.000000000000000000, -1.000000000000000000 ) ) ;
#9255 = DIRECTION ( 'NONE',  ( 0.000000000000000000, 0.000000000000000000, -1.000000000000000000 ) ) ;
#9256 = CARTESIAN_POINT ( 'NONE',  ( -8.325000000000001066, 0.5100000000000008971, 0.6099999999999998757 ) ) ;
#9257 = CARTESIAN_POINT ( 'NONE',  ( 3.324999999999998845, 1.740000000000000657, 5.570000000000000284 ) ) ;
#9258 = CARTESIAN_POINT ( 'NONE',  ( 1.269999999999999352, 4.870000000000000995, 8.920000000000001705 ) ) ;
#9259 = CARTESIAN_POINT ( 'NONE',  ( 3.324999999999998845, 1.740000000000000657, 6.769999999999999574 ) ) ;
#9260 = VERTEX_POINT ( 'NONE', #2915 ) ;
#9261 = FACE_OUTER_BOUND ( 'NONE', #743, .T. ) ;
#9262 = CARTESIAN_POINT ( 'NONE',  ( 1.269999999999999352, 1.170000000000000817, 2.319999999999999840 ) ) ;
#9263 = EDGE_CURVE ( 'NONE', #8091, #2978, #9003, .T. ) ;
#9264 = CARTESIAN_POINT ( 'NONE',  ( -2.860000000000001208, -3.179999999999998828, 0.1399999999999999301 ) ) ;
#9265 = CARTESIAN_POINT ( 'NONE',  ( -3.320000000000000728, 0.5100000000000008971, 0.3099999999999999423 ) ) ;
#9266 = CARTESIAN_POINT ( 'NONE',  ( -3.320000000000000728, -2.179999999999998828, 0.3099999999999999423 ) ) ;
#9267 = ORIENTED_EDGE ( 'NONE', *, *, #2664, .F. ) ;
#9268 = DIRECTION ( 'NONE',  ( 0.000000000000000000, -1.000000000000000000, 0.000000000000000000 ) ) ;
#9269 = VERTEX_POINT ( 'NONE', #9792 ) ;
#9270 = ORIENTED_EDGE ( 'NONE', *, *, #20, .F. ) ;
#9271 = EDGE_CURVE ( 'NONE', #3555, #7715, #2965, .T. ) ;
#9272 = DIRECTION ( 'NONE',  ( 0.000000000000000000, 1.000000000000000000, 0.000000000000000000 ) ) ;
#9273 = DIRECTION ( 'NONE',  ( 0.000000000000000000, 0.000000000000000000, -1.000000000000000000 ) ) ;
#9274 = CIRCLE ( 'NONE', #8640, 0.2500000000000002220 ) ;
#9275 = CARTESIAN_POINT ( 'NONE',  ( -5.680000000000000604, 2.120000000000000995, 5.519999999999999574 ) ) ;
#9276 = DIRECTION ( 'NONE',  ( 0.000000000000000000, 0.000000000000000000, -1.000000000000000000 ) ) ;
#9277 = VERTEX_POINT ( 'NONE', #6251 ) ;
#9278 = ORIENTED_EDGE ( 'NONE', *, *, #5794, .F. ) ;
#9279 = EDGE_LOOP ( 'NONE', ( #1323, #1383, #1014, #2587 ) ) ;
#9280 = EDGE_CURVE ( 'NONE', #3958, #8612, #9294, .T. ) ;
#9281 = LINE ( 'NONE', #7839, #535 ) ;
#9282 = CARTESIAN_POINT ( 'NONE',  ( -3.320000000000000728, 0.5100000000000008971, -0.3199999999999999512 ) ) ;
#9283 = ORIENTED_EDGE ( 'NONE', *, *, #4875, .T. ) ;
#9284 = VECTOR ( 'NONE', #7296, 1000.000000000000000 ) ;
#9285 = CARTESIAN_POINT ( 'NONE',  ( -2.680000000000001048, 0.5100000000000008971, -0.9900000000000004352 ) ) ;
#9286 = VERTEX_POINT ( 'NONE', #2518 ) ;
#9287 = VECTOR ( 'NONE', #2116, 1000.000000000000000 ) ;
#9288 = VECTOR ( 'NONE', #2386, 1000.000000000000000 ) ;
#9289 = VECTOR ( 'NONE', #8804, 1000.000000000000227 ) ;
#9290 = CARTESIAN_POINT ( 'NONE',  ( -2.680000000000001048, 2.120000000000000995, 2.319999999999999840 ) ) ;
#9291 = CARTESIAN_POINT ( 'NONE',  ( -9.574999999999999289, 3.365000000000000657, 3.770000000000000018 ) ) ;
#9292 = ORIENTED_EDGE ( 'NONE', *, *, #9803, .F. ) ;
#9293 = ORIENTED_EDGE ( 'NONE', *, *, #1962, .F. ) ;
#9294 = LINE ( 'NONE', #129, #9128 ) ;
#9295 = DIRECTION ( 'NONE',  ( 0.7071067811865474617, -0.7071067811865474617, 0.000000000000000000 ) ) ;
#9296 = ORIENTED_EDGE ( 'NONE', *, *, #2091, .T. ) ;
#9297 = VECTOR ( 'NONE', #8327, 1000.000000000000000 ) ;
#9298 = VECTOR ( 'NONE', #295, 1000.000000000000000 ) ;
#9299 = DIRECTION ( 'NONE',  ( 0.000000000000000000, -1.000000000000000000, 0.000000000000000000 ) ) ;
#9300 = DIRECTION ( 'NONE',  ( 0.000000000000000000, 1.000000000000000000, 0.000000000000000000 ) ) ;
#9301 = ADVANCED_FACE ( 'NONE', ( #1877 ), #2470, .T. ) ;
#9303 = ORIENTED_EDGE ( 'NONE', *, *, #6024, .F. ) ;
#9302 = FACE_OUTER_BOUND ( 'NONE', #2344, .T. ) ;
#9304 = LINE ( 'NONE', #1041, #1870 ) ;
#9305 = PLANE ( 'NONE',  #6266 ) ;
#9306 = CARTESIAN_POINT ( 'NONE',  ( 1.940323739037999040, 2.840000000000000302, 7.270000000000000462 ) ) ;
#9307 = VECTOR ( 'NONE', #2991, 1000.000000000000000 ) ;
#9308 = VECTOR ( 'NONE', #1658, 1000.000000000000000 ) ;
#9309 = DIRECTION ( 'NONE',  ( 0.000000000000000000, 1.000000000000000000, 0.000000000000000000 ) ) ;
#9310 = VECTOR ( 'NONE', #3726, 1000.000000000000000 ) ;
#9311 = CARTESIAN_POINT ( 'NONE',  ( 1.940377695544549308, 4.515000000000000568, 2.036666666666666625 ) ) ;
#9312 = CARTESIAN_POINT ( 'NONE',  ( -7.940485608557000141, 6.620000000000000995, 8.920000000000001705 ) ) ;
#9313 = ORIENTED_EDGE ( 'NONE', *, *, #4334, .T. ) ;
#9314 = EDGE_CURVE ( 'NONE', #9348, #3103, #4718, .T. ) ;
#9315 = DIRECTION ( 'NONE',  ( 0.000000000000000000, 0.000000000000000000, -1.000000000000000000 ) ) ;
#9316 = FACE_OUTER_BOUND ( 'NONE', #5824, .T. ) ;
#9317 = DIRECTION ( 'NONE',  ( 0.000000000000000000, 1.000000000000000000, 0.000000000000000000 ) ) ;
#9318 = FACE_OUTER_BOUND ( 'NONE', #9432, .T. ) ;
#9319 = PLANE ( 'NONE',  #5112 ) ;
#9320 = ORIENTED_EDGE ( 'NONE', *, *, #9243, .T. ) ;
#9321 = DIRECTION ( 'NONE',  ( 0.000000000000000000, 0.000000000000000000, -1.000000000000000000 ) ) ;
#9322 = ORIENTED_EDGE ( 'NONE', *, *, #6656, .T. ) ;
#9323 = ORIENTED_EDGE ( 'NONE', *, *, #2988, .F. ) ;
#9324 = EDGE_CURVE ( 'NONE', #8198, #2931, #8595, .T. ) ;
#9325 = ADVANCED_FACE ( 'NONE', ( #7850 ), #4063, .T. ) ;
#9326 = DIRECTION ( 'NONE',  ( 0.000000000000000000, 1.000000000000000000, 0.000000000000000000 ) ) ;
#9327 = EDGE_CURVE ( 'NONE', #5792, #5705, #5560, .T. ) ;
#9328 = DIRECTION ( 'NONE',  ( -0.1744369497454954787, -0.9690941652527760297, 0.1744369497454954787 ) ) ;
#9329 = DIRECTION ( 'NONE',  ( 0.000000000000000000, 0.000000000000000000, 1.000000000000000000 ) ) ;
#9330 = EDGE_CURVE ( 'NONE', #7203, #6504, #6207, .T. ) ;
#9331 = EDGE_CURVE ( 'NONE', #261, #1182, #7952, .T. ) ;
#9332 = DIRECTION ( 'NONE',  ( 0.000000000000000000, 0.000000000000000000, -1.000000000000000000 ) ) ;
#9333 = ORIENTED_EDGE ( 'NONE', *, *, #2248, .F. ) ;
#9334 = ORIENTED_EDGE ( 'NONE', *, *, #5303, .T. ) ;
#9335 = ORIENTED_EDGE ( 'NONE', *, *, #3220, .T. ) ;
#9336 = CARTESIAN_POINT ( 'NONE',  ( -6.320000000000001172, 5.760000000000001563, 5.519999999999999574 ) ) ;
#9337 = DIRECTION ( 'NONE',  ( -1.000000000000000000, 0.000000000000000000, 0.000000000000000000 ) ) ;
#9338 = ORIENTED_EDGE ( 'NONE', *, *, #678, .T. ) ;
#9339 = EDGE_LOOP ( 'NONE', ( #816, #5987, #8262, #4534, #6639, #866 ) ) ;
#9340 = VECTOR ( 'NONE', #1257, 1000.000000000000000 ) ;
#9341 = DIRECTION ( 'NONE',  ( 0.000000000000000000, 0.000000000000000000, 1.000000000000000000 ) ) ;
#9342 = DIRECTION ( 'NONE',  ( 0.000000000000000000, 0.000000000000000000, -1.000000000000000000 ) ) ;
#9343 = EDGE_LOOP ( 'NONE', ( #4647, #2972, #4706, #8936, #3233 ) ) ;
#9344 = ORIENTED_EDGE ( 'NONE', *, *, #4398, .F. ) ;
#9345 = DIRECTION ( 'NONE',  ( 0.000000000000000000, 0.000000000000000000, -1.000000000000000000 ) ) ;
#9346 = CARTESIAN_POINT ( 'NONE',  ( 0.3199999999999991185, 4.889000000000001123, -0.3199999999999999512 ) ) ;
#9347 = AXIS2_PLACEMENT_3D ( 'NONE', #9733, #1520, #6897 ) ;
#9348 = VERTEX_POINT ( 'NONE', #2416 ) ;
#9349 = CARTESIAN_POINT ( 'NONE',  ( 3.324999999999998845, 1.530000000000000915, 7.270000000000000462 ) ) ;
#9350 = CARTESIAN_POINT ( 'NONE',  ( -0.3200000000000008393, -2.179999999999998828, -3.319999999999999840 ) ) ;
#9352 = ORIENTED_EDGE ( 'NONE', *, *, #8907, .T. ) ;
#9351 = DIRECTION ( 'NONE',  ( 0.000000000000000000, 0.000000000000000000, 1.000000000000000000 ) ) ;
#9353 = CARTESIAN_POINT ( 'NONE',  ( -6.140000000000001457, -3.179999999999998828, -3.140000000000000568 ) ) ;
#9354 = AXIS2_PLACEMENT_3D ( 'NONE', #2079, #6667, #9698 ) ;
#9355 = CARTESIAN_POINT ( 'NONE',  ( -6.320000000000001172, 5.529000000000000803, 0.3099999999999999423 ) ) ;
#9356 = DIRECTION ( 'NONE',  ( 0.000000000000000000, 0.000000000000000000, 1.000000000000000000 ) ) ;
#9357 = LINE ( 'NONE', #7710, #9860 ) ;
#9358 = CARTESIAN_POINT ( 'NONE',  ( -5.680000000000000604, 2.760000000000000675, -0.3199999999999999512 ) ) ;
#9359 = DIRECTION ( 'NONE',  ( 0.000000000000000000, 1.000000000000000000, 0.000000000000000000 ) ) ;
#9360 = ORIENTED_EDGE ( 'NONE', *, *, #3472, .T. ) ;
#9361 = VERTEX_POINT ( 'NONE', #4768 ) ;
#9362 = LINE ( 'NONE', #9559, #8926 ) ;
#9363 = LINE ( 'NONE', #7876, #1559 ) ;
#9364 = VECTOR ( 'NONE', #62, 1000.000000000000000 ) ;
#9365 = FACE_OUTER_BOUND ( 'NONE', #2320, .T. ) ;
#9366 = LINE ( 'NONE', #6378, #5731 ) ;
#9367 = CARTESIAN_POINT ( 'NONE',  ( -6.320000000000001172, 3.620000000000000995, -0.3199999999999999512 ) ) ;
#9368 = EDGE_CURVE ( 'NONE', #2138, #3597, #6352, .T. ) ;
#9369 = ORIENTED_EDGE ( 'NONE', *, *, #8146, .F. ) ;
#9370 = ORIENTED_EDGE ( 'NONE', *, *, #371, .T. ) ;
#9371 = ORIENTED_EDGE ( 'NONE', *, *, #676, .F. ) ;
#9372 = DIRECTION ( 'NONE',  ( 0.000000000000000000, 0.000000000000000000, 1.000000000000000000 ) ) ;
#9373 = CARTESIAN_POINT ( 'NONE',  ( -6.140000000000001457, 5.300000000000000711, 6.519999999999999574 ) ) ;
#9374 = PLANE ( 'NONE',  #7086 ) ;
#9375 = ADVANCED_FACE ( 'NONE', ( #2570 ), #5457, .F. ) ;
#9376 = FACE_OUTER_BOUND ( 'NONE', #4857, .T. ) ;
#9377 = VERTEX_POINT ( 'NONE', #4158 ) ;
#9378 = ORIENTED_EDGE ( 'NONE', *, *, #7990, .T. ) ;
#9379 = ORIENTED_EDGE ( 'NONE', *, *, #616, .F. ) ;
#9380 = CARTESIAN_POINT ( 'NONE',  ( -6.320000000000001172, 2.120000000000000995, 2.319999999999999840 ) ) ;
#9381 = ORIENTED_EDGE ( 'NONE', *, *, #3701, .F. ) ;
#9382 = ADVANCED_FACE ( 'NONE', ( #8489 ), #6405, .T. ) ;
#9383 = EDGE_CURVE ( 'NONE', #8198, #612, #7905, .T. ) ;
#9384 = DIRECTION ( 'NONE',  ( -0.6427876096865049460, 0.000000000000000000, 0.7660444431190069903 ) ) ;
#9385 = AXIS2_PLACEMENT_3D ( 'NONE', #3641, #6678, #4240 ) ;
#9386 = ORIENTED_EDGE ( 'NONE', *, *, #3965, .F. ) ;
#9387 = VECTOR ( 'NONE', #8663, 1000.000000000000000 ) ;
#9388 = ADVANCED_FACE ( 'NONE', ( #980 ), #8540, .F. ) ;
#9389 = CARTESIAN_POINT ( 'NONE',  ( 3.574999999999999289, 1.160000000000000808, -0.9900000000000004352 ) ) ;
#9390 = DIRECTION ( 'NONE',  ( 0.000000000000000000, 0.000000000000000000, 1.000000000000000000 ) ) ;
#9391 = EDGE_LOOP ( 'NONE', ( #8821, #6094, #968, #7723 ) ) ;
#9392 = ORIENTED_EDGE ( 'NONE', *, *, #8585, .T. ) ;
#9393 = ORIENTED_EDGE ( 'NONE', *, *, #6277, .T. ) ;
#9394 = AXIS2_PLACEMENT_3D ( 'NONE', #2383, #5423, #7016 ) ;
#9395 = CARTESIAN_POINT ( 'NONE',  ( -2.680000000000001048, 3.620000000000000995, 0.3099999999999999423 ) ) ;
#9396 = PLANE ( 'NONE',  #2624 ) ;
#9397 = VERTEX_POINT ( 'NONE', #7752 ) ;
#9398 = EDGE_CURVE ( 'NONE', #680, #9348, #2621, .T. ) ;
#9399 = DIRECTION ( 'NONE',  ( 0.000000000000000000, 0.000000000000000000, -1.000000000000000000 ) ) ;
#9400 = VECTOR ( 'NONE', #5194, 1000.000000000000000 ) ;
#9401 = CARTESIAN_POINT ( 'NONE',  ( 1.940485608556998587, 2.840000000000000746, 6.103333333333333499 ) ) ;
#9403 = ORIENTED_EDGE ( 'NONE', *, *, #5327, .T. ) ;
#9402 = CARTESIAN_POINT ( 'NONE',  ( -7.270000000000001350, 3.710000000000000409, 8.920000000000001705 ) ) ;
#9404 = PLANE ( 'NONE',  #3130 ) ;
#9405 = CARTESIAN_POINT ( 'NONE',  ( -0.3200000000000008393, 0.5100000000000008971, -0.9900000000000004352 ) ) ;
#9406 = CARTESIAN_POINT ( 'NONE',  ( -2.680000000000001048, 4.260000000000000675, -0.9900000000000004352 ) ) ;
#9407 = DIRECTION ( 'NONE',  ( 1.000000000000000000, 0.000000000000000000, 0.000000000000000000 ) ) ;
#9408 = VECTOR ( 'NONE', #7505, 1000.000000000000000 ) ;
#9409 = CARTESIAN_POINT ( 'NONE',  ( -9.574999999999999289, 5.040000000000000924, 5.750000000000000000 ) ) ;
#9410 = DIRECTION ( 'NONE',  ( 0.000000000000000000, 0.000000000000000000, 1.000000000000000000 ) ) ;
#9411 = CARTESIAN_POINT ( 'NONE',  ( 1.269999999999999352, 1.170000000000000817, 8.920000000000001705 ) ) ;
#9412 = ORIENTED_EDGE ( 'NONE', *, *, #2100, .T. ) ;
#9413 = ORIENTED_EDGE ( 'NONE', *, *, #9368, .T. ) ;
#9414 = EDGE_CURVE ( 'NONE', #6504, #2314, #230, .T. ) ;
#9415 = LINE ( 'NONE', #7969, #3354 ) ;
#9416 = LINE ( 'NONE', #301, #2510 ) ;
#9417 = CARTESIAN_POINT ( 'NONE',  ( -2.680000000000001048, -3.179999999999998828, -3.319999999999999840 ) ) ;
#9418 = CARTESIAN_POINT ( 'NONE',  ( -1.694337613708001067, -1.749999999999998890, 3.319999999999999840 ) ) ;
#9419 = DIRECTION ( 'NONE',  ( 0.000000000000000000, 0.000000000000000000, 1.000000000000000000 ) ) ;
#9420 = VERTEX_POINT ( 'NONE', #6305 ) ;
#9421 = ORIENTED_EDGE ( 'NONE', *, *, #923, .T. ) ;
#9422 = ORIENTED_EDGE ( 'NONE', *, *, #4723, .T. ) ;
#9423 = CARTESIAN_POINT ( 'NONE',  ( -8.304999999999999716, 0.5100000000000008971, 8.485588664446000351 ) ) ;
#9424 = DIRECTION ( 'NONE',  ( 0.000000000000000000, 0.000000000000000000, -1.000000000000000000 ) ) ;
#9425 = CARTESIAN_POINT ( 'NONE',  ( -3.475000000000000977, -1.749999999999998890, 3.319999999999999840 ) ) ;
#9426 = ADVANCED_FACE ( 'NONE', ( #2763, #2858 ), #3509, .T. ) ;
#9427 = LINE ( 'NONE', #417, #1896 ) ;
#9428 = ORIENTED_EDGE ( 'NONE', *, *, #7721, .F. ) ;
#9429 = ORIENTED_EDGE ( 'NONE', *, *, #8432, .F. ) ;
#9430 = ORIENTED_EDGE ( 'NONE', *, *, #990, .F. ) ;
#9431 = LINE ( 'NONE', #1666, #837 ) ;
#9432 = EDGE_LOOP ( 'NONE', ( #6673, #1264, #3387, #7130 ) ) ;
#9433 = PRESENTATION_LAYER_ASSIGNMENT (  '', '', ( #1009 ) ) ;
#9434 = EDGE_CURVE ( 'NONE', #8043, #3303, #1371, .T. ) ;
#9435 = VECTOR ( 'NONE', #7091, 1000.000000000000000 ) ;
#9436 = DIRECTION ( 'NONE',  ( 1.000000000000000000, 0.000000000000000000, 0.000000000000000000 ) ) ;
#9437 = EDGE_CURVE ( 'NONE', #4869, #6618, #7996, .T. ) ;
#9438 = ORIENTED_EDGE ( 'NONE', *, *, #9236, .F. ) ;
#9439 = VECTOR ( 'NONE', #3863, 1000.000000000000000 ) ;
#9440 = CARTESIAN_POINT ( 'NONE',  ( -6.320000000000001172, 3.620000000000000995, -0.3199999999999999512 ) ) ;
#9441 = ORIENTED_EDGE ( 'NONE', *, *, #6992, .T. ) ;
#9442 = VERTEX_POINT ( 'NONE', #7257 ) ;
#9443 = EDGE_LOOP ( 'NONE', ( #7759, #3511, #1892, #8270 ) ) ;
#9444 = DIRECTION ( 'NONE',  ( -0.000000000000000000, 1.000000000000000000, 0.000000000000000000 ) ) ;
#9445 = CARTESIAN_POINT ( 'NONE',  ( -2.525000000000000799, -2.929999999999999272, 4.852124141977799177 ) ) ;
#9446 = EDGE_LOOP ( 'NONE', ( #6998, #456, #6892, #7697 ) ) ;
#9447 = EDGE_CURVE ( 'NONE', #9254, #5326, #5153, .T. ) ;
#9448 = EDGE_CURVE ( 'NONE', #906, #5261, #6555, .T. ) ;
#9449 = CARTESIAN_POINT ( 'NONE',  ( -1.525000000000001021, 0.5100000000000008971, 7.509999999999998899 ) ) ;
#9450 = AXIS2_PLACEMENT_3D ( 'NONE', #1775, #4814, #3960 ) ;
#9452 = EDGE_LOOP ( 'NONE', ( #4046, #6493, #9729, #8919 ) ) ;
#9451 = CARTESIAN_POINT ( 'NONE',  ( -7.825000000000001954, 7.115000000000001101, -0.9900000000000004352 ) ) ;
#9453 = AXIS2_PLACEMENT_3D ( 'NONE', #6464, #5721, #4263 ) ;
#9454 = FACE_OUTER_BOUND ( 'NONE', #6748, .T. ) ;
#9455 = CARTESIAN_POINT ( 'NONE',  ( -7.940485608557000141, 1.530000000000000915, 8.920000000000001705 ) ) ;
#9456 = DIRECTION ( 'NONE',  ( 0.000000000000000000, 1.000000000000000000, 0.000000000000000000 ) ) ;
#9457 = ADVANCED_FACE ( 'NONE', ( #8846 ), #8744, .F. ) ;
#9458 = CARTESIAN_POINT ( 'NONE',  ( 0.3199999999999991185, 1.160000000000000808, -0.3199999999999999512 ) ) ;
#9459 = PLANE ( 'NONE',  #3728 ) ;
#9460 = VECTOR ( 'NONE', #1320, 1000.000000000000000 ) ;
#9461 = CARTESIAN_POINT ( 'NONE',  ( -6.320000000000001172, 5.120000000000000995, 5.519999999999999574 ) ) ;
#9462 = CARTESIAN_POINT ( 'NONE',  ( 1.269999999999999352, 1.170000000000000817, 2.319999999999999840 ) ) ;
#9463 = ORIENTED_EDGE ( 'NONE', *, *, #6320, .T. ) ;
#9464 = AXIS2_PLACEMENT_3D ( 'NONE', #6181, #9268, #2493 ) ;
#9465 = VECTOR ( 'NONE', #2808, 1000.000000000000000 ) ;
#9466 = ORIENTED_EDGE ( 'NONE', *, *, #3942, .F. ) ;
#9467 = AXIS2_PLACEMENT_3D ( 'NONE', #728, #5306, #4412 ) ;
#9468 = CARTESIAN_POINT ( 'NONE',  ( -3.320000000000000728, 7.115000000000001101, 0.3099999999999999423 ) ) ;
#9469 = LINE ( 'NONE', #4980, #2033 ) ;
#9470 = AXIS2_PLACEMENT_3D ( 'NONE', #5109, #2622, #1321 ) ;
#9471 = VECTOR ( 'NONE', #1458, 1000.000000000000000 ) ;
#9472 = VECTOR ( 'NONE', #7165, 1000.000000000000000 ) ;
#9473 = CARTESIAN_POINT ( 'NONE',  ( -1.270000000000000906, 1.870000000000000995, 2.319999999999999840 ) ) ;
#9474 = CARTESIAN_POINT ( 'NONE',  ( -4.475000000000000533, 8.673617379884035472E-16, 7.509999999999998899 ) ) ;
#9475 = DIRECTION ( 'NONE',  ( 1.000000000000000000, 0.000000000000000000, 0.000000000000000000 ) ) ;
#9476 = ORIENTED_EDGE ( 'NONE', *, *, #1708, .F. ) ;
#9477 = ORIENTED_EDGE ( 'NONE', *, *, #4320, .F. ) ;
#9478 =( GEOMETRIC_REPRESENTATION_CONTEXT ( 3 ) GLOBAL_UNCERTAINTY_ASSIGNED_CONTEXT ( ( #3023 ) ) GLOBAL_UNIT_ASSIGNED_CONTEXT ( ( #1372, #670, #1516 ) ) REPRESENTATION_CONTEXT ( 'NONE', 'WORKASPACE' ) );
#9479 = FACE_OUTER_BOUND ( 'NONE', #601, .T. ) ;
#9480 = CARTESIAN_POINT ( 'NONE',  ( -7.940485608557000141, 6.620000000000000995, 7.270000000000000462 ) ) ;
#9481 = CARTESIAN_POINT ( 'NONE',  ( 0.3199999999999991185, -3.179999999999998828, 0.3199999999999999512 ) ) ;
#9482 = DIRECTION ( 'NONE',  ( 0.000000000000000000, -1.000000000000000000, 0.000000000000000000 ) ) ;
#9483 = EDGE_LOOP ( 'NONE', ( #3346, #5638, #37, #6843, #2441 ) ) ;
#9484 = ORIENTED_EDGE ( 'NONE', *, *, #8347, .F. ) ;
#9485 = ORIENTED_EDGE ( 'NONE', *, *, #7767, .F. ) ;
#9486 = EDGE_CURVE ( 'NONE', #1215, #7821, #2016, .T. ) ;
#9487 = CARTESIAN_POINT ( 'NONE',  ( -5.860000000000000320, -3.179999999999998828, 0.1399999999999999301 ) ) ;
#9488 = ORIENTED_EDGE ( 'NONE', *, *, #6104, .F. ) ;
#9489 = VERTEX_POINT ( 'NONE', #9542 ) ;
#9490 = LINE ( 'NONE', #5658, #5150 ) ;
#9491 = ADVANCED_FACE ( 'NONE', ( #1175 ), #5899, .T. ) ;
#9492 = ORIENTED_EDGE ( 'NONE', *, *, #2654, .F. ) ;
#9493 = EDGE_LOOP ( 'NONE', ( #4484, #6027, #208, #5039 ) ) ;
#9494 = VERTEX_POINT ( 'NONE', #477 ) ;
#9495 = CARTESIAN_POINT ( 'NONE',  ( -9.324999999999999289, 7.370000000000000995, 2.319999999999999840 ) ) ;
#9496 = DIRECTION ( 'NONE',  ( 1.000000000000000000, 0.000000000000000000, 0.000000000000000000 ) ) ;
#9497 = EDGE_LOOP ( 'NONE', ( #3716, #5339, #787, #5390, #9087 ) ) ;
#9498 = AXIS2_PLACEMENT_3D ( 'NONE', #8099, #483, #7409 ) ;
#9499 = PLANE ( 'NONE',  #5891 ) ;
#9501 = ORIENTED_EDGE ( 'NONE', *, *, #252, .T. ) ;
#9500 = PLANE ( 'NONE',  #6173 ) ;
#9502 = PLANE ( 'NONE',  #1382 ) ;
#9503 = DIRECTION ( 'NONE',  ( 0.000000000000000000, 0.000000000000000000, 1.000000000000000000 ) ) ;
#9504 = CARTESIAN_POINT ( 'NONE',  ( -5.680000000000000604, 5.540000000000000924, -0.9900000000000004352 ) ) ;
#9505 = EDGE_CURVE ( 'NONE', #2336, #376, #5060, .T. ) ;
#9506 = AXIS2_PLACEMENT_3D ( 'NONE', #6972, #1546, #147 ) ;
#9507 = CARTESIAN_POINT ( 'NONE',  ( 1.269999999999999352, 3.710000000000000409, 8.920000000000001705 ) ) ;
#9508 = EDGE_CURVE ( 'NONE', #5870, #7941, #9639, .T. ) ;
#9509 = FACE_OUTER_BOUND ( 'NONE', #420, .T. ) ;
#9510 = CARTESIAN_POINT ( 'NONE',  ( -2.525000000000000799, -2.619615242270999733, 3.319999999999999840 ) ) ;
#9511 = ORIENTED_EDGE ( 'NONE', *, *, #2557, .T. ) ;
#9512 = ORIENTED_EDGE ( 'NONE', *, *, #168, .F. ) ;
#9513 = EDGE_CURVE ( 'NONE', #2469, #1430, #8793, .T. ) ;
#9514 = CARTESIAN_POINT ( 'NONE',  ( 0.3199999999999991185, 3.620000000000000995, 0.3099999999999999423 ) ) ;
#9515 = EDGE_CURVE ( 'NONE', #1077, #2329, #8192, .T. ) ;
#9516 = VECTOR ( 'NONE', #1895, 1000.000000000000000 ) ;
#9517 = CARTESIAN_POINT ( 'NONE',  ( 0.3199999999999991185, 2.760000000000000675, -0.3199999999999999512 ) ) ;
#9518 = PLANE ( 'NONE',  #8164 ) ;
#9519 = CARTESIAN_POINT ( 'NONE',  ( -3.320000000000000728, 5.760000000000001563, 2.319999999999999840 ) ) ;
#9520 = DIRECTION ( 'NONE',  ( 0.000000000000000000, -1.000000000000000000, 0.000000000000000000 ) ) ;
#9521 = EDGE_CURVE ( 'NONE', #3785, #6946, #9681, .T. ) ;
#9522 = DIRECTION ( 'NONE',  ( -1.000000000000000000, 0.000000000000000000, 0.000000000000000000 ) ) ;
#9523 = ORIENTED_EDGE ( 'NONE', *, *, #5673, .F. ) ;
#9524 = VECTOR ( 'NONE', #4788, 1000.000000000000227 ) ;
#9525 = ORIENTED_EDGE ( 'NONE', *, *, #6089, .F. ) ;
#9526 = DIRECTION ( 'NONE',  ( -1.000000000000000000, 0.000000000000000000, 0.000000000000000000 ) ) ;
#9527 = CARTESIAN_POINT ( 'NONE',  ( -1.730000000000000870, 4.170000000000000817, 2.319999999999999840 ) ) ;
#9528 = DIRECTION ( 'NONE',  ( 1.000000000000000000, 0.000000000000000000, 0.000000000000000000 ) ) ;
#9529 = CIRCLE ( 'NONE', #9830, 1.299999999999999156 ) ;
#9530 = LINE ( 'NONE', #2655, #3155 ) ;
#9531 = ORIENTED_EDGE ( 'NONE', *, *, #2877, .F. ) ;
#9532 = EDGE_LOOP ( 'NONE', ( #8191, #9755, #5699, #2200 ) ) ;
#9533 = ORIENTED_EDGE ( 'NONE', *, *, #1838, .T. ) ;
#9534 = CARTESIAN_POINT ( 'NONE',  ( -5.680000000000000604, 4.260000000000000675, 0.3099999999999999423 ) ) ;
#9535 = ORIENTED_EDGE ( 'NONE', *, *, #6177, .F. ) ;
#9536 = EDGE_CURVE ( 'NONE', #3968, #9641, #7350, .T. ) ;
#9537 = CARTESIAN_POINT ( 'NONE',  ( -3.475000000000000977, -1.749999999999998890, 3.319999999999999840 ) ) ;
#9538 = CARTESIAN_POINT ( 'NONE',  ( -8.640485608557000319, 3.540000000000000480, 1.269999999999999796 ) ) ;
#9539 = ORIENTED_EDGE ( 'NONE', *, *, #132, .F. ) ;
#9540 = ORIENTED_EDGE ( 'NONE', *, *, #3417, .F. ) ;
#9541 = ORIENTED_EDGE ( 'NONE', *, *, #7731, .T. ) ;
#9542 = CARTESIAN_POINT ( 'NONE',  ( -2.690000000000000835, -2.235555555555999163, 0.3099999999999999423 ) ) ;
#9543 = LINE ( 'NONE', #9640, #9139 ) ;
#9544 = ORIENTED_EDGE ( 'NONE', *, *, #2850, .F. ) ;
#9545 = AXIS2_PLACEMENT_3D ( 'NONE', #5127, #7973, #552 ) ;
#9546 = CARTESIAN_POINT ( 'NONE',  ( -3.230000000000001315, 2.440000000000000835, 6.019999999999999574 ) ) ;
#9548 = VERTEX_POINT ( 'NONE', #2669 ) ;
#9547 = CARTESIAN_POINT ( 'NONE',  ( -9.574999999999999289, 5.040000000000000924, 3.770000000000000018 ) ) ;
#9549 = CARTESIAN_POINT ( 'NONE',  ( -7.270000000000001350, 3.710000000000000409, 2.319999999999999840 ) ) ;
#9550 = ADVANCED_FACE ( 'NONE', ( #3611 ), #6606, .F. ) ;
#9551 = DIRECTION ( 'NONE',  ( -0.6427876096865049460, 0.000000000000000000, 0.7660444431190069903 ) ) ;
#9552 = DIRECTION ( 'NONE',  ( -1.000000000000000000, 0.000000000000000000, 0.000000000000000000 ) ) ;
#9553 = VECTOR ( 'NONE', #1738, 1000.000000000000000 ) ;
#9554 = DIRECTION ( 'NONE',  ( 0.000000000000000000, -1.000000000000000000, 0.000000000000000000 ) ) ;
#9555 = CARTESIAN_POINT ( 'NONE',  ( -7.940485608557000141, 6.620000000000000995, 8.920000000000001705 ) ) ;
#9556 = PLANE ( 'NONE',  #6364 ) ;
#9557 = ORIENTED_EDGE ( 'NONE', *, *, #4622, .F. ) ;
#9558 = VECTOR ( 'NONE', #469, 1000.000000000000000 ) ;
#9559 = CARTESIAN_POINT ( 'NONE',  ( 0.5699999999999988409, 4.170000000000000817, 8.920000000000001705 ) ) ;
#9560 = PLANE ( 'NONE',  #125 ) ;
#9561 = ADVANCED_FACE ( 'NONE', ( #1923 ), #2062, .T. ) ;
#9562 = ADVANCED_FACE ( 'NONE', ( #6652 ), #9037, .T. ) ;
#9563 = AXIS2_PLACEMENT_3D ( 'NONE', #2067, #8796, #5066 ) ;
#9564 = CARTESIAN_POINT ( 'NONE',  ( -2.525000000000000799, -2.577499999999999236, 4.320000000000000284 ) ) ;
#9565 = DIRECTION ( 'NONE',  ( 0.000000000000000000, 0.000000000000000000, -1.000000000000000000 ) ) ;
#9566 = PLANE ( 'NONE',  #1752 ) ;
#9567 = DIRECTION ( 'NONE',  ( 0.000000000000000000, 0.000000000000000000, -1.000000000000000000 ) ) ;
#9568 = ORIENTED_EDGE ( 'NONE', *, *, #6535, .T. ) ;
#9569 = EDGE_LOOP ( 'NONE', ( #4297, #317, #2186, #2887 ) ) ;
#9570 = PLANE ( 'NONE',  #6749 ) ;
#9571 = AXIS2_PLACEMENT_3D ( 'NONE', #6212, #3809, #5316 ) ;
#9572 = DIRECTION ( 'NONE',  ( 1.000000000000000000, 0.000000000000000000, 0.000000000000000000 ) ) ;
#9573 = LINE ( 'NONE', #5785, #7915 ) ;
#9574 = DIRECTION ( 'NONE',  ( 0.000000000000000000, -1.000000000000000000, 0.000000000000000000 ) ) ;
#9575 = ADVANCED_FACE ( 'NONE', ( #5945 ), #66, .T. ) ;
#9576 = FACE_OUTER_BOUND ( 'NONE', #2741, .T. ) ;
#9577 = ORIENTED_EDGE ( 'NONE', *, *, #3401, .F. ) ;
#9578 = ORIENTED_EDGE ( 'NONE', *, *, #6104, .T. ) ;
#9579 = ORIENTED_EDGE ( 'NONE', *, *, #6336, .F. ) ;
#9580 = LINE ( 'NONE', #7340, #3849 ) ;
#9581 = FACE_OUTER_BOUND ( 'NONE', #2533, .T. ) ;
#9582 = EDGE_CURVE ( 'NONE', #8438, #8332, #3843, .T. ) ;
#9583 = CARTESIAN_POINT ( 'NONE',  ( -6.320000000000001172, 3.620000000000000995, -0.9900000000000004352 ) ) ;
#9584 = CARTESIAN_POINT ( 'NONE',  ( -0.3200000000000008393, 2.120000000000000995, 2.319999999999999840 ) ) ;
#9585 = ORIENTED_EDGE ( 'NONE', *, *, #7356, .F. ) ;
#9586 = ORIENTED_EDGE ( 'NONE', *, *, #1627, .F. ) ;
#9587 = VERTEX_POINT ( 'NONE', #3654 ) ;
#9588 = CARTESIAN_POINT ( 'NONE',  ( -2.860000000000001208, -3.179999999999998828, -0.1400000000000003741 ) ) ;
#9589 = DIRECTION ( 'NONE',  ( 0.000000000000000000, -1.000000000000000000, 0.000000000000000000 ) ) ;
#9590 = ORIENTED_EDGE ( 'NONE', *, *, #7933, .T. ) ;
#9591 = LINE ( 'NONE', #8143, #4787 ) ;
#9592 = ORIENTED_EDGE ( 'NONE', *, *, #2261, .T. ) ;
#9593 = LINE ( 'NONE', #534, #4896 ) ;
#9594 = MECHANICAL_DESIGN_GEOMETRIC_PRESENTATION_REPRESENTATION (  '', ( #1009 ), #5778 ) ;
#9595 = LINE ( 'NONE', #2773, #7396 ) ;
#9596 = DIRECTION ( 'NONE',  ( 0.000000000000000000, -1.000000000000000000, 0.000000000000000000 ) ) ;
#9597 = LINE ( 'NONE', #538, #860 ) ;
#9598 = CARTESIAN_POINT ( 'NONE',  ( -2.680000000000001048, 4.889000000000001123, -2.680000000000000160 ) ) ;
#9599 = CARTESIAN_POINT ( 'NONE',  ( -5.860000000000000320, 2.300000000000000711, 6.519999999999999574 ) ) ;
#9600 = ORIENTED_EDGE ( 'NONE', *, *, #8111, .F. ) ;
#9601 = EDGE_CURVE ( 'NONE', #6508, #409, #9274, .T. ) ;
#9602 = VECTOR ( 'NONE', #5081, 1000.000000000000000 ) ;
#9603 = ADVANCED_FACE ( 'NONE', ( #3795 ), #6841, .F. ) ;
#9604 = CARTESIAN_POINT ( 'NONE',  ( 1.940485608556998587, 3.365000000000000657, 2.903333333333333766 ) ) ;
#9605 = CARTESIAN_POINT ( 'NONE',  ( -1.737277103670000988, -2.147522436820999303, 3.319999999999999840 ) ) ;
#9606 = CARTESIAN_POINT ( 'NONE',  ( -6.320000000000001172, 0.5100000000000008971, -0.9900000000000004352 ) ) ;
#9607 = DIRECTION ( 'NONE',  ( 0.000000000000000000, 1.000000000000000000, 0.000000000000000000 ) ) ;
#9608 = VECTOR ( 'NONE', #3117, 1000.000000000000000 ) ;
#9609 = AXIS2_PLACEMENT_3D ( 'NONE', #5476, #7728, #3238 ) ;
#9610 = VECTOR ( 'NONE', #9342, 1000.000000000000000 ) ;
#9611 = LINE ( 'NONE', #5036, #2220 ) ;
#9612 = DIRECTION ( 'NONE',  ( 0.000000000000000000, 0.000000000000000000, -1.000000000000000000 ) ) ;
#9613 = EDGE_LOOP ( 'NONE', ( #8948, #1119, #4521, #1671 ) ) ;
#9614 = DIRECTION ( 'NONE',  ( 1.000000000000000000, 0.000000000000000000, 0.000000000000000000 ) ) ;
#9615 = AXIS2_PLACEMENT_3D ( 'NONE', #9445, #3162, #6556 ) ;
#9616 = CARTESIAN_POINT ( 'NONE',  ( 2.640485608556998987, 3.540000000000000480, 1.269999999999999796 ) ) ;
#9617 = VECTOR ( 'NONE', #7235, 1000.000000000000000 ) ;
#9618 = VECTOR ( 'NONE', #1377, 1000.000000000000000 ) ;
#9619 = CARTESIAN_POINT ( 'NONE',  ( -5.770000000000000462, -2.679999999999999272, 0.000000000000000000 ) ) ;
#9620 = ADVANCED_FACE ( 'NONE', ( #14 ), #6693, .T. ) ;
#9621 = PLANE ( 'NONE',  #6198 ) ;
#9622 = EDGE_CURVE ( 'NONE', #5446, #5705, #7448, .T. ) ;
#9623 = AXIS2_PLACEMENT_3D ( 'NONE', #6789, #8376, #4498 ) ;
#9624 = ADVANCED_FACE ( 'NONE', ( #3052 ), #8235, .F. ) ;
#9625 = DIRECTION ( 'NONE',  ( 0.000000000000000000, 0.000000000000000000, -1.000000000000000000 ) ) ;
#9626 = ORIENTED_EDGE ( 'NONE', *, *, #6805, .T. ) ;
#9627 = ORIENTED_EDGE ( 'NONE', *, *, #99, .T. ) ;
#9628 = ORIENTED_EDGE ( 'NONE', *, *, #7134, .F. ) ;
#9629 = EDGE_CURVE ( 'NONE', #261, #1810, #9134, .T. ) ;
#9630 = DIRECTION ( 'NONE',  ( 0.000000000000000000, 1.000000000000000000, 0.000000000000000000 ) ) ;
#9631 = EDGE_CURVE ( 'NONE', #4319, #6331, #9727, .T. ) ;
#9632 = EDGE_CURVE ( 'NONE', #6816, #3000, #9781, .T. ) ;
#9633 = VERTEX_POINT ( 'NONE', #2905 ) ;
#9634 = LINE ( 'NONE', #2807, #6258 ) ;
#9635 = LINE ( 'NONE', #8887, #8968 ) ;
#9636 = ORIENTED_EDGE ( 'NONE', *, *, #4091, .T. ) ;
#9637 = ORIENTED_EDGE ( 'NONE', *, *, #4071, .F. ) ;
#9638 = EDGE_LOOP ( 'NONE', ( #4251, #9121, #5842, #1434 ) ) ;
#9639 = LINE ( 'NONE', #1271, #8976 ) ;
#9640 = CARTESIAN_POINT ( 'NONE',  ( 3.574999999999999289, 7.370000000000000995, 5.750000000000000000 ) ) ;
#9641 = VERTEX_POINT ( 'NONE', #8991 ) ;
#9642 = CARTESIAN_POINT ( 'NONE',  ( -2.860000000000001208, -3.179999999999998828, -0.1400000000000003741 ) ) ;
#9643 = ORIENTED_EDGE ( 'NONE', *, *, #4761, .T. ) ;
#9644 = DIRECTION ( 'NONE',  ( 1.000000000000000000, 0.000000000000000000, 0.000000000000000000 ) ) ;
#9645 = DIRECTION ( 'NONE',  ( 1.000000000000000000, 0.000000000000000000, 0.000000000000000000 ) ) ;
#9646 = LINE ( 'NONE', #2822, #7230 ) ;
#9647 = EDGE_CURVE ( 'NONE', #376, #1273, #7538, .T. ) ;
#9648 = LINE ( 'NONE', #9598, #6264 ) ;
#9649 = DIRECTION ( 'NONE',  ( -1.000000000000000000, 0.000000000000000000, 0.000000000000000000 ) ) ;
#9650 = VERTEX_POINT ( 'NONE', #624 ) ;
#9651 = CARTESIAN_POINT ( 'NONE',  ( -8.640485608557000319, 3.540000000000000480, 1.269999999999999796 ) ) ;
#9653 = EDGE_LOOP ( 'NONE', ( #5485, #2151, #2110, #4065, #2406, #3115 ) ) ;
#9652 = LINE ( 'NONE', #8860, #1090 ) ;
#9654 = AXIS2_PLACEMENT_3D ( 'NONE', #3515, #8199, #4312 ) ;
#9655 = CARTESIAN_POINT ( 'NONE',  ( -1.270000000000000906, 1.870000000000000995, 8.920000000000001705 ) ) ;
#9656 = DIRECTION ( 'NONE',  ( -1.000000000000000000, 0.000000000000000000, 0.000000000000000000 ) ) ;
#9657 = ADVANCED_FACE ( 'NONE', ( #4550 ), #7489, .T. ) ;
#9658 = DIRECTION ( 'NONE',  ( 1.000000000000000000, 0.000000000000000000, 0.000000000000000000 ) ) ;
#9659 = CARTESIAN_POINT ( 'NONE',  ( 0.3199999999999991185, -2.179999999999998828, -2.680000000000000160 ) ) ;
#9660 = ORIENTED_EDGE ( 'NONE', *, *, #9515, .T. ) ;
#9661 = VERTEX_POINT ( 'NONE', #3703 ) ;
#9662 = AXIS2_PLACEMENT_3D ( 'NONE', #4432, #6675, #2935 ) ;
#9663 = LINE ( 'NONE', #6536, #2926 ) ;
#9664 = DIRECTION ( 'NONE',  ( 1.000000000000000000, 0.000000000000000000, 0.000000000000000000 ) ) ;
#9665 = DIRECTION ( 'NONE',  ( 1.000000000000000000, 0.000000000000000000, 0.000000000000000000 ) ) ;
#9666 = EDGE_CURVE ( 'NONE', #8783, #4884, #613, .T. ) ;
#9667 = VECTOR ( 'NONE', #9101, 1000.000000000000000 ) ;
#9668 = LINE ( 'NONE', #1258, #6679 ) ;
#9669 = DIRECTION ( 'NONE',  ( 1.000000000000000000, 0.000000000000000000, 0.000000000000000000 ) ) ;
#9670 = LINE ( 'NONE', #7765, #8914 ) ;
#9671 = ORIENTED_EDGE ( 'NONE', *, *, #199, .T. ) ;
#9672 = ORIENTED_EDGE ( 'NONE', *, *, #3167, .T. ) ;
#9673 = EDGE_LOOP ( 'NONE', ( #3139, #519, #9224, #1727 ) ) ;
#9674 = CARTESIAN_POINT ( 'NONE',  ( 1.269999999999999352, 3.710000000000000409, 8.920000000000001705 ) ) ;
#9675 = CARTESIAN_POINT ( 'NONE',  ( -3.475000000000000977, 0.6945000000000006724, 4.320000000000000284 ) ) ;
#9676 = LINE ( 'NONE', #1221, #5142 ) ;
#9677 = LINE ( 'NONE', #1461, #4825 ) ;
#9678 = ORIENTED_EDGE ( 'NONE', *, *, #2896, .F. ) ;
#9679 = ORIENTED_EDGE ( 'NONE', *, *, #1286, .T. ) ;
#9680 = ORIENTED_EDGE ( 'NONE', *, *, #7425, .T. ) ;
#9681 = LINE ( 'NONE', #5852, #5948 ) ;
#9682 = CARTESIAN_POINT ( 'NONE',  ( -7.940161869519001492, 3.365000000000000657, 3.770000000000000018 ) ) ;
#9683 = EDGE_CURVE ( 'NONE', #1949, #579, #3948, .T. ) ;
#9684 = VERTEX_POINT ( 'NONE', #9235 ) ;
#9685 = LINE ( 'NONE', #3798, #7632 ) ;
#9686 = EDGE_LOOP ( 'NONE', ( #8574, #7338, #5140, #1147 ) ) ;
#9687 = LINE ( 'NONE', #2867, #2175 ) ;
#9688 = ADVANCED_FACE ( 'NONE', ( #1763 ), #7788, .T. ) ;
#9689 = CARTESIAN_POINT ( 'NONE',  ( -3.320000000000000728, 5.760000000000001563, 2.319999999999999840 ) ) ;
#9690 = CARTESIAN_POINT ( 'NONE',  ( -5.860000000000000320, 2.580000000000000515, 6.519999999999999574 ) ) ;
#9691 = DIRECTION ( 'NONE',  ( 1.000000000000000000, 0.000000000000000000, 0.000000000000000000 ) ) ;
#9692 = DIRECTION ( 'NONE',  ( 0.000000000000000000, -1.000000000000000000, 0.000000000000000000 ) ) ;
#9693 = CARTESIAN_POINT ( 'NONE',  ( -2.680000000000001048, 5.760000000000001563, 2.319999999999999840 ) ) ;
#9694 = EDGE_CURVE ( 'NONE', #3771, #6504, #2457, .T. ) ;
#9695 = VERTEX_POINT ( 'NONE', #4050 ) ;
#9696 = VECTOR ( 'NONE', #2427, 1000.000000000000000 ) ;
#9697 = LINE ( 'NONE', #2878, #1453 ) ;
#9699 = ORIENTED_EDGE ( 'NONE', *, *, #9749, .T. ) ;
#9698 = DIRECTION ( 'NONE',  ( 1.000000000000000000, 0.000000000000000000, 0.000000000000000000 ) ) ;
#9700 = VECTOR ( 'NONE', #1252, 1000.000000000000000 ) ;
#9701 = DIRECTION ( 'NONE',  ( 0.000000000000000000, 0.000000000000000000, -1.000000000000000000 ) ) ;
#9702 = CARTESIAN_POINT ( 'NONE',  ( -3.320000000000000728, 5.540000000000000924, -0.3199999999999999512 ) ) ;
#9703 = CARTESIAN_POINT ( 'NONE',  ( 0.3199999999999991185, 5.120000000000000995, 2.319999999999999840 ) ) ;
#9704 = AXIS2_PLACEMENT_3D ( 'NONE', #9088, #6657, #769 ) ;
#9705 = CARTESIAN_POINT ( 'NONE',  ( -0.3200000000000008393, 2.760000000000000675, 2.319999999999999840 ) ) ;
#9706 = ORIENTED_EDGE ( 'NONE', *, *, #4664, .T. ) ;
#9707 = EDGE_CURVE ( 'NONE', #3449, #2989, #9431, .T. ) ;
#9708 = VERTEX_POINT ( 'NONE', #5548 ) ;
#9709 = ADVANCED_FACE ( 'NONE', ( #4709 ), #1612, .T. ) ;
#9710 = DIRECTION ( 'NONE',  ( 1.000000000000000000, 0.000000000000000000, 0.000000000000000000 ) ) ;
#9711 = VECTOR ( 'NONE', #6509, 1000.000000000000000 ) ;
#9712 = CARTESIAN_POINT ( 'NONE',  ( -9.574999999999999289, 5.540000000000000924, -0.9900000000000004352 ) ) ;
#9713 = CARTESIAN_POINT ( 'NONE',  ( -1.694337613708001067, -1.749999999999998890, 5.320000000000000284 ) ) ;
#9714 = LINE ( 'NONE', #6032, #5229 ) ;
#9715 = AXIS2_PLACEMENT_3D ( 'NONE', #4067, #4114, #287 ) ;
#9716 = EDGE_LOOP ( 'NONE', ( #2687, #1455, #3586, #7043 ) ) ;
#9717 = VERTEX_POINT ( 'NONE', #169 ) ;
#9718 = ADVANCED_FACE ( 'NONE', ( #3201 ), #7096, .F. ) ;
#9719 = DIRECTION ( 'NONE',  ( -0.6389710663782904865, 0.000000000000000000, -0.7692307692307883693 ) ) ;
#9720 = CARTESIAN_POINT ( 'NONE',  ( -4.262722896330000566, -2.147522436820999303, 3.319999999999999840 ) ) ;
#9721 = DIRECTION ( 'NONE',  ( -0.6427876096865049460, 0.000000000000000000, 0.7660444431190069903 ) ) ;
#9722 = CARTESIAN_POINT ( 'NONE',  ( -5.680000000000000604, -2.179999999999998828, -3.319999999999999840 ) ) ;
#9723 = DIRECTION ( 'NONE',  ( -1.000000000000000000, 0.000000000000000000, 0.000000000000000000 ) ) ;
#9724 = EDGE_LOOP ( 'NONE', ( #9429, #4145, #5200, #1581 ) ) ;
#9725 = EDGE_CURVE ( 'NONE', #863, #9173, #3349, .T. ) ;
#9726 = VERTEX_POINT ( 'NONE', #6194 ) ;
#9727 = LINE ( 'NONE', #9085, #3067 ) ;
#9728 = DIRECTION ( 'NONE',  ( 0.000000000000000000, 0.000000000000000000, -1.000000000000000000 ) ) ;
#9729 = ORIENTED_EDGE ( 'NONE', *, *, #3377, .T. ) ;
#9730 = ADVANCED_FACE ( 'NONE', ( #8577 ), #116, .F. ) ;
#9731 = DIRECTION ( 'NONE',  ( -1.000000000000000000, 0.000000000000000000, 0.000000000000000000 ) ) ;
#9732 = VERTEX_POINT ( 'NONE', #6989 ) ;
#9733 = CARTESIAN_POINT ( 'NONE',  ( -4.730000000000000426, 1.170000000000000817, 8.920000000000001705 ) ) ;
#9734 = LINE ( 'NONE', #8201, #1193 ) ;
#9735 = CARTESIAN_POINT ( 'NONE',  ( 2.304999999999998828, 8.673617379884035472E-16, 0.6099999999999998757 ) ) ;
#9736 = LINE ( 'NONE', #6661, #3083 ) ;
#9737 = VERTEX_POINT ( 'NONE', #867 ) ;
#9738 = DIRECTION ( 'NONE',  ( -1.000000000000000000, 0.000000000000000000, 0.000000000000000000 ) ) ;
#9740 = EDGE_CURVE ( 'NONE', #2931, #764, #9281, .T. ) ;
#9739 = DIRECTION ( 'NONE',  ( 0.000000000000000000, -1.000000000000000000, 0.000000000000000000 ) ) ;
#9741 = CARTESIAN_POINT ( 'NONE',  ( -3.700000000000001066, 8.120000000000000995, 5.219999999999999751 ) ) ;
#9742 = VERTEX_POINT ( 'NONE', #969 ) ;
#9743 = EDGE_CURVE ( 'NONE', #5080, #3523, #217, .T. ) ;
#9744 = CARTESIAN_POINT ( 'NONE',  ( -3.320000000000000728, -2.179999999999998828, -2.680000000000000160 ) ) ;
#9745 = VECTOR ( 'NONE', #3197, 1000.000000000000000 ) ;
#9747 = ORIENTED_EDGE ( 'NONE', *, *, #77, .T. ) ;
#9746 = FACE_OUTER_BOUND ( 'NONE', #7658, .T. ) ;
#9748 = EDGE_CURVE ( 'NONE', #8109, #7943, #5503, .T. ) ;
#9749 = EDGE_CURVE ( 'NONE', #7779, #7434, #6241, .T. ) ;
#9750 = DIRECTION ( 'NONE',  ( 0.000000000000000000, 0.000000000000000000, 1.000000000000000000 ) ) ;
#9751 = FACE_OUTER_BOUND ( 'NONE', #1681, .T. ) ;
#9752 = PLANE ( 'NONE',  #9068 ) ;
#9753 = EDGE_LOOP ( 'NONE', ( #5207, #3248, #7337, #9381, #9118, #8252 ) ) ;
#9754 = VECTOR ( 'NONE', #3485, 1000.000000000000000 ) ;
#9755 = ORIENTED_EDGE ( 'NONE', *, *, #9383, .F. ) ;
#9756 = DIRECTION ( 'NONE',  ( 0.000000000000000000, 0.000000000000000000, 1.000000000000000000 ) ) ;
#9757 = PLANE ( 'NONE',  #9662 ) ;
#9758 = AXIS2_PLACEMENT_3D ( 'NONE', #3160, #8646, #1131 ) ;
#9759 = VECTOR ( 'NONE', #6286, 1000.000000000000114 ) ;
#9760 = VECTOR ( 'NONE', #8293, 1000.000000000000000 ) ;
#9761 = PLANE ( 'NONE',  #2461 ) ;
#9762 = CARTESIAN_POINT ( 'NONE',  ( -5.680000000000000604, -3.179999999999998828, -3.319999999999999840 ) ) ;
#9763 = VERTEX_POINT ( 'NONE', #9336 ) ;
#9764 = LINE ( 'NONE', #2297, #8030 ) ;
#9765 = DIRECTION ( 'NONE',  ( 1.000000000000000000, 0.000000000000000000, 0.000000000000000000 ) ) ;
#9766 = VERTEX_POINT ( 'NONE', #4754 ) ;
#9767 = ORIENTED_EDGE ( 'NONE', *, *, #2502, .F. ) ;
#9768 = EDGE_LOOP ( 'NONE', ( #7986, #3187, #7414, #674 ) ) ;
#9769 = VECTOR ( 'NONE', #2271, 1000.000000000000000 ) ;
#9770 = VECTOR ( 'NONE', #8488, 1000.000000000000000 ) ;
#9771 = AXIS2_PLACEMENT_3D ( 'NONE', #22, #3059, #8147 ) ;
#9772 = DIRECTION ( 'NONE',  ( 0.000000000000000000, 0.000000000000000000, -1.000000000000000000 ) ) ;
#9773 = DIRECTION ( 'NONE',  ( 0.000000000000000000, -1.000000000000000000, 0.000000000000000000 ) ) ;
#9774 = VECTOR ( 'NONE', #2825, 1000.000000000000000 ) ;
#9775 = CONICAL_SURFACE ( 'NONE', #5492, 1.024315246461999784, 0.5235987755981996727 ) ;
#9776 = VECTOR ( 'NONE', #5872, 1000.000000000000000 ) ;
#9777 = PLANE ( 'NONE',  #813 ) ;
#9778 = CARTESIAN_POINT ( 'NONE',  ( -7.940485608557000141, 6.620000000000000995, 7.270000000000000462 ) ) ;
#9779 = ORIENTED_EDGE ( 'NONE', *, *, #367, .F. ) ;
#9780 = ORIENTED_EDGE ( 'NONE', *, *, #6956, .F. ) ;
#9781 = LINE ( 'NONE', #1515, #7675 ) ;
#9782 = CARTESIAN_POINT ( 'NONE',  ( -7.940161869519001492, 2.840000000000000302, 3.770000000000000018 ) ) ;
#9783 = ORIENTED_EDGE ( 'NONE', *, *, #8496, .F. ) ;
#9784 = VECTOR ( 'NONE', #2146, 1000.000000000000000 ) ;
#9785 = DIRECTION ( 'NONE',  ( 0.000000000000000000, 0.000000000000000000, 1.000000000000000000 ) ) ;
#9786 = ORIENTED_EDGE ( 'NONE', *, *, #6936, .F. ) ;
#9787 = LINE ( 'NONE', #3661, #5528 ) ;
#9788 = EDGE_CURVE ( 'NONE', #7884, #2836, #3999, .T. ) ;
#9789 = DIRECTION ( 'NONE',  ( -1.000000000000000000, 0.000000000000000000, 0.000000000000000000 ) ) ;
#9790 = LINE ( 'NONE', #3756, #7391 ) ;
#9791 = ORIENTED_EDGE ( 'NONE', *, *, #5107, .F. ) ;
#9792 = CARTESIAN_POINT ( 'NONE',  ( -9.574999999999999289, 8.673617379884035472E-16, 5.750000000000000000 ) ) ;
#9793 = LINE ( 'NONE', #3715, #5167 ) ;
#9794 = VERTEX_POINT ( 'NONE', #3306 ) ;
#9795 = DIRECTION ( 'NONE',  ( 0.000000000000000000, 1.000000000000000000, 0.000000000000000000 ) ) ;
#9797 = ORIENTED_EDGE ( 'NONE', *, *, #7269, .F. ) ;
#9796 = CARTESIAN_POINT ( 'NONE',  ( -2.156039410982500737, -2.507979668849999122, 3.319999999999999840 ) ) ;
#9798 = EDGE_CURVE ( 'NONE', #8119, #2329, #5598, .T. ) ;
#9799 = CARTESIAN_POINT ( 'NONE',  ( -2.680000000000001048, 5.760000000000001563, 5.519999999999999574 ) ) ;
#9800 = DIRECTION ( 'NONE',  ( 0.000000000000000000, -1.000000000000000000, 0.000000000000000000 ) ) ;
#9801 = LINE ( 'NONE', #2977, #963 ) ;
#9802 = ORIENTED_EDGE ( 'NONE', *, *, #192, .T. ) ;
#9803 = EDGE_CURVE ( 'NONE', #6980, #680, #6392, .T. ) ;
#9804 = ORIENTED_EDGE ( 'NONE', *, *, #3484, .T. ) ;
#9805 = EDGE_CURVE ( 'NONE', #2006, #8345, #6496, .T. ) ;
#9806 = CARTESIAN_POINT ( 'NONE',  ( -1.737288325685000911, -2.147534856565000094, 5.320000000000000284 ) ) ;
#9807 = VECTOR ( 'NONE', #7265, 1000.000000000000000 ) ;
#9808 = CARTESIAN_POINT ( 'NONE',  ( 0.3199999999999991185, 5.760000000000001563, 0.3099999999999999423 ) ) ;
#9809 = DIRECTION ( 'NONE',  ( 1.000000000000000000, 0.000000000000000000, 0.000000000000000000 ) ) ;
#9810 = EDGE_CURVE ( 'NONE', #1228, #8043, #2803, .T. ) ;
#9811 = DIRECTION ( 'NONE',  ( -0.000000000000000000, 1.000000000000000000, 0.000000000000000000 ) ) ;
#9812 = LINE ( 'NONE', #703, #480 ) ;
#9813 = ORIENTED_EDGE ( 'NONE', *, *, #360, .T. ) ;
#9814 = VECTOR ( 'NONE', #9424, 1000.000000000000000 ) ;
#9815 = CARTESIAN_POINT ( 'NONE',  ( 0.3199999999999991185, 4.889000000000001123, 0.3099999999999999423 ) ) ;
#9816 = DIRECTION ( 'NONE',  ( 0.000000000000000000, 1.000000000000000000, 0.000000000000000000 ) ) ;
#9817 = VERTEX_POINT ( 'NONE', #1217 ) ;
#9818 = ORIENTED_EDGE ( 'NONE', *, *, #6579, .T. ) ;
#9819 = CARTESIAN_POINT ( 'NONE',  ( -2.680000000000001048, 2.760000000000000675, -0.3199999999999999512 ) ) ;
#9820 = DIRECTION ( 'NONE',  ( 0.000000000000000000, 1.000000000000000000, 0.000000000000000000 ) ) ;
#9821 = VECTOR ( 'NONE', #349, 1000.000000000000000 ) ;
#9822 = CARTESIAN_POINT ( 'NONE',  ( -9.574999999999999289, 1.160000000000000808, -0.9900000000000004352 ) ) ;
#9823 = VERTEX_POINT ( 'NONE', #5843 ) ;
#9824 = EDGE_CURVE ( 'NONE', #363, #7290, #4346, .T. ) ;
#9825 = DIRECTION ( 'NONE',  ( 0.000000000000000000, 0.000000000000000000, 1.000000000000000000 ) ) ;
#9826 = FILL_AREA_STYLE ('',( #2955 ) ) ;
#9827 = ORIENTED_EDGE ( 'NONE', *, *, #5860, .F. ) ;
#9828 = LINE ( 'NONE', #5156, #484 ) ;
#9829 = ORIENTED_EDGE ( 'NONE', *, *, #4334, .F. ) ;
#9830 = AXIS2_PLACEMENT_3D ( 'NONE', #2992, #2844, #894 ) ;
#9831 = CARTESIAN_POINT ( 'NONE',  ( 3.324999999999998845, 1.590000000000000746, 6.769999999999999574 ) ) ;
#9832 = CARTESIAN_POINT ( 'NONE',  ( -2.300000000000000711, 8.120000000000000995, 5.969999999999999751 ) ) ;
#9833 = CARTESIAN_POINT ( 'NONE',  ( 0.2299999999999988720, 2.440000000000000835, 6.019999999999999574 ) ) ;
#9834 = DIRECTION ( 'NONE',  ( 1.000000000000000000, 0.000000000000000000, 0.000000000000000000 ) ) ;
#9835 = ORIENTED_EDGE ( 'NONE', *, *, #8616, .F. ) ;
#9836 = CARTESIAN_POINT ( 'NONE',  ( 3.574999999999999289, 7.370000000000000995, 5.750000000000000000 ) ) ;
#9837 = CARTESIAN_POINT ( 'NONE',  ( 2.324999999999998845, 4.940000000000000391, 0.2799999999999998601 ) ) ;
#9838 = VERTEX_POINT ( 'NONE', #7389 ) ;
#9839 = FACE_OUTER_BOUND ( 'NONE', #9391, .T. ) ;
#9840 = EDGE_CURVE ( 'NONE', #7172, #2268, #9580, .T. ) ;
#9842 = VERTEX_POINT ( 'NONE', #7293 ) ;
#9841 = CARTESIAN_POINT ( 'NONE',  ( -3.570000000000001172, 1.170000000000000817, 2.319999999999999840 ) ) ;
#9843 = CARTESIAN_POINT ( 'NONE',  ( -7.940485608557000141, 7.370000000000000995, 8.920000000000001705 ) ) ;
#9844 = CARTESIAN_POINT ( 'NONE',  ( -9.574999999999999289, 5.540000000000000924, -0.3199999999999999512 ) ) ;
#9845 = FACE_OUTER_BOUND ( 'NONE', #4783, .T. ) ;
#9846 = DIRECTION ( 'NONE',  ( 0.000000000000000000, -1.000000000000000000, 0.000000000000000000 ) ) ;
#9847 = EDGE_LOOP ( 'NONE', ( #7845, #1393, #4873, #4651 ) ) ;
#9848 = ORIENTED_EDGE ( 'NONE', *, *, #7084, .T. ) ;
#9849 = CARTESIAN_POINT ( 'NONE',  ( -2.156010812424601131, -2.507961848436999652, 5.320000000000000284 ) ) ;
#9850 = ADVANCED_FACE ( 'NONE', ( #2753 ), #3547, .F. ) ;
#9851 = VECTOR ( 'NONE', #4176, 1000.000000000000000 ) ;
#9852 = CARTESIAN_POINT ( 'NONE',  ( -3.475000000000000977, -1.749999999999998890, 4.320000000000000284 ) ) ;
#9853 = LINE ( 'NONE', #6075, #3015 ) ;
#9854 = AXIS2_PLACEMENT_3D ( 'NONE', #4731, #6968, #1740 ) ;
#9855 = TOROIDAL_SURFACE ( 'NONE', #9704, 0.5321241419778000026, 0.2500000000000000000 ) ;
#9856 = DIRECTION ( 'NONE',  ( 0.000000000000000000, 1.000000000000000000, 0.000000000000000000 ) ) ;
#9857 = LINE ( 'NONE', #5232, #2545 ) ;
#9858 = ORIENTED_EDGE ( 'NONE', *, *, #5865, .T. ) ;
#9859 = CARTESIAN_POINT ( 'NONE',  ( 3.574999999999999289, 3.365000000000000657, 3.770000000000000018 ) ) ;
#9860 = VECTOR ( 'NONE', #893, 1000.000000000000000 ) ;
#9861 = FACE_OUTER_BOUND ( 'NONE', #5050, .T. ) ;
ENDSEC;
END-ISO-10303-21;
