ISO-10303-21;
HEADER;
FILE_DESCRIPTION( ( 'Unknown' ), '1' );
FILE_NAME( 'I:/User_Groups_Only/17_EMC_Product_&_Development/Article_Master/U_Automotive/IndMAIA/Master_Data/01_CAD_drawing/1_Drawing/IndMAIA_3012/02_Released_Data/WE-IndMAIA_SSMC-303012-S.stp', 'Unknown', ( 'Unknown' ), ( 'Unknown' ), 'PSStep 17.0.49', 'Unknown', '  ' );
FILE_SCHEMA( ( 'AUTOMOTIVE_DESIGN { 1 0 10303 214 1 1 1 1 }' ) );
ENDSEC;
DATA;
#1 = PRODUCT_DEFINITION_CONTEXT( '', #19, 'design' );
#2 = APPLICATION_PROTOCOL_DEFINITION( 'international standard', 'automotive_design', 2001, #19 );
#3 = PRODUCT_CATEGORY_RELATIONSHIP( 'NONE', 'NONE', #20, #21 );
#4 = SHAPE_DEFINITION_REPRESENTATION( #22, #23 );
#5 = PRODUCT_CATEGORY_RELATIONSHIP( 'NONE', 'NONE', #20, #24 );
#6 = CONTEXT_DEPENDENT_SHAPE_REPRESENTATION( #25, #26 );
#7 = SHAPE_DEFINITION_REPRESENTATION( #27, #28 );
#8 = SHAPE_REPRESENTATION_RELATIONSHIP( 'NONE', 'NONE', #28, #29 );
#9 = PRODUCT_CATEGORY_RELATIONSHIP( 'NONE', 'NONE', #20, #30 );
#10 = CONTEXT_DEPENDENT_SHAPE_REPRESENTATION( #31, #32 );
#11 = SHAPE_DEFINITION_REPRESENTATION( #33, #34 );
#12 = SHAPE_REPRESENTATION_RELATIONSHIP( 'NONE', 'NONE', #34, #35 );
#13 = CONTEXT_DEPENDENT_SHAPE_REPRESENTATION( #36, #37 );
#14 = MECHANICAL_DESIGN_GEOMETRIC_PRESENTATION_REPRESENTATION( ' ', ( #38, #39, #40, #41, #42, #43, #44, #45, #46, #47, #48, #49, #50, #51, #52, #53, #54, #55, #56, #57, #58, #59, #60, #61, #62, #63, #64, #65, #66, #67, #68, #69, #70, #71, #72, #73, #74, #75, #76, #77, #78, #79, #80, #81, #82, #83, #84, #85, #86, #87, #88, #89, #90, #91, #92, #93, #94, #95, #96, #97, #98, #99, #100, #101, #102, #103, #104, #105, #106, #107, #108, #109, #110, #111, #112, #113, #114, #115, #116, #117, #118, #119, #120, #121, #122, #123, #124, #125, #126, #127, #128, #129, #130, #131, #132, #133, #134 ), #15 );
#15 =  ( GEOMETRIC_REPRESENTATION_CONTEXT( 3 )GLOBAL_UNCERTAINTY_ASSIGNED_CONTEXT( ( #137 ) )GLOBAL_UNIT_ASSIGNED_CONTEXT( ( #139, #140, #141 ) )REPRESENTATION_CONTEXT( 'NONE', 'WORKSPACE' ) );
#19 = APPLICATION_CONTEXT( 'core data for automotive mechanical design processes' );
#20 = PRODUCT_CATEGORY( 'part', 'NONE' );
#21 = PRODUCT_RELATED_PRODUCT_CATEGORY( 'detail', ' ', ( #143 ) );
#22 = PRODUCT_DEFINITION_SHAPE( 'NONE', 'NONE', #144 );
#23 = SHAPE_REPRESENTATION( 'Assem1', ( #145, #146, #147, #148 ), #149 );
#24 = PRODUCT_RELATED_PRODUCT_CATEGORY( 'detail', ' ', ( #150 ) );
#25 = ( REPRESENTATION_RELATIONSHIP( '', '', #28, #23 )REPRESENTATION_RELATIONSHIP_WITH_TRANSFORMATION( #153 )SHAPE_REPRESENTATION_RELATIONSHIP(  ) );
#26 = PRODUCT_DEFINITION_SHAPE( 'NAUO-PROD-DEF', 'NAUO-PROD-DEF', #155 );
#27 = PRODUCT_DEFINITION_SHAPE( 'NONE', 'NONE', #156 );
#28 = SHAPE_REPRESENTATION( 'body_SSMC_303012', ( #145 ), #149 );
#29 = ADVANCED_BREP_SHAPE_REPRESENTATION( 'body_SSMC_303012', ( #157 ), #15 );
#30 = PRODUCT_RELATED_PRODUCT_CATEGORY( 'detail', ' ', ( #158 ) );
#31 = ( REPRESENTATION_RELATIONSHIP( '', '', #34, #23 )REPRESENTATION_RELATIONSHIP_WITH_TRANSFORMATION( #161 )SHAPE_REPRESENTATION_RELATIONSHIP(  ) );
#32 = PRODUCT_DEFINITION_SHAPE( 'NAUO-PROD-DEF', 'NAUO-PROD-DEF', #163 );
#33 = PRODUCT_DEFINITION_SHAPE( 'NONE', 'NONE', #164 );
#34 = SHAPE_REPRESENTATION( 'land_pattern_SSMC_303012', ( #145 ), #149 );
#35 = ADVANCED_BREP_SHAPE_REPRESENTATION( 'land_pattern_SSMC_303012', ( #165 ), #15 );
#36 = ( REPRESENTATION_RELATIONSHIP( '', '', #34, #23 )REPRESENTATION_RELATIONSHIP_WITH_TRANSFORMATION( #168 )SHAPE_REPRESENTATION_RELATIONSHIP(  ) );
#37 = PRODUCT_DEFINITION_SHAPE( 'NAUO-PROD-DEF', 'NAUO-PROD-DEF', #170 );
#38 = STYLED_ITEM( '', ( #171 ), #172 );
#39 = STYLED_ITEM( '', ( #173 ), #174 );
#40 = STYLED_ITEM( '', ( #175 ), #176 );
#41 = STYLED_ITEM( '', ( #177 ), #178 );
#42 = STYLED_ITEM( '', ( #179 ), #180 );
#43 = STYLED_ITEM( '', ( #181 ), #182 );
#44 = STYLED_ITEM( '', ( #183 ), #184 );
#45 = STYLED_ITEM( '', ( #185 ), #186 );
#46 = STYLED_ITEM( '', ( #187 ), #188 );
#47 = STYLED_ITEM( '', ( #189 ), #190 );
#48 = STYLED_ITEM( '', ( #191 ), #192 );
#49 = STYLED_ITEM( '', ( #193 ), #194 );
#50 = STYLED_ITEM( '', ( #195 ), #196 );
#51 = STYLED_ITEM( '', ( #197 ), #198 );
#52 = STYLED_ITEM( '', ( #199 ), #200 );
#53 = STYLED_ITEM( '', ( #201 ), #202 );
#54 = STYLED_ITEM( '', ( #203 ), #204 );
#55 = STYLED_ITEM( '', ( #205 ), #206 );
#56 = STYLED_ITEM( '', ( #207 ), #208 );
#57 = STYLED_ITEM( '', ( #209 ), #210 );
#58 = STYLED_ITEM( '', ( #211 ), #212 );
#59 = STYLED_ITEM( '', ( #213 ), #214 );
#60 = STYLED_ITEM( '', ( #215 ), #216 );
#61 = STYLED_ITEM( '', ( #217 ), #218 );
#62 = STYLED_ITEM( '', ( #219 ), #220 );
#63 = STYLED_ITEM( '', ( #221 ), #222 );
#64 = STYLED_ITEM( '', ( #223 ), #224 );
#65 = STYLED_ITEM( '', ( #225 ), #226 );
#66 = STYLED_ITEM( '', ( #227 ), #228 );
#67 = STYLED_ITEM( '', ( #229 ), #230 );
#68 = STYLED_ITEM( '', ( #231 ), #232 );
#69 = STYLED_ITEM( '', ( #233 ), #234 );
#70 = STYLED_ITEM( '', ( #235 ), #236 );
#71 = STYLED_ITEM( '', ( #237 ), #238 );
#72 = STYLED_ITEM( '', ( #239 ), #240 );
#73 = STYLED_ITEM( '', ( #241 ), #242 );
#74 = STYLED_ITEM( '', ( #243 ), #244 );
#75 = STYLED_ITEM( '', ( #245 ), #246 );
#76 = STYLED_ITEM( '', ( #247 ), #248 );
#77 = STYLED_ITEM( '', ( #249 ), #250 );
#78 = STYLED_ITEM( '', ( #251 ), #252 );
#79 = STYLED_ITEM( '', ( #253 ), #254 );
#80 = STYLED_ITEM( '', ( #255 ), #256 );
#81 = STYLED_ITEM( '', ( #257 ), #258 );
#82 = STYLED_ITEM( '', ( #259 ), #260 );
#83 = STYLED_ITEM( '', ( #261 ), #262 );
#84 = STYLED_ITEM( '', ( #263 ), #264 );
#85 = STYLED_ITEM( '', ( #265 ), #266 );
#86 = STYLED_ITEM( '', ( #267 ), #268 );
#87 = STYLED_ITEM( '', ( #269 ), #270 );
#88 = STYLED_ITEM( '', ( #271 ), #272 );
#89 = STYLED_ITEM( '', ( #273 ), #274 );
#90 = STYLED_ITEM( '', ( #275 ), #276 );
#91 = STYLED_ITEM( '', ( #277 ), #278 );
#92 = STYLED_ITEM( '', ( #279 ), #280 );
#93 = STYLED_ITEM( '', ( #281 ), #282 );
#94 = STYLED_ITEM( '', ( #283 ), #284 );
#95 = STYLED_ITEM( '', ( #285 ), #286 );
#96 = STYLED_ITEM( '', ( #287 ), #288 );
#97 = STYLED_ITEM( '', ( #289 ), #290 );
#98 = STYLED_ITEM( '', ( #291 ), #292 );
#99 = STYLED_ITEM( '', ( #293 ), #294 );
#100 = STYLED_ITEM( '', ( #295 ), #296 );
#101 = STYLED_ITEM( '', ( #297 ), #298 );
#102 = STYLED_ITEM( '', ( #299 ), #300 );
#103 = STYLED_ITEM( '', ( #301 ), #302 );
#104 = STYLED_ITEM( '', ( #303 ), #304 );
#105 = STYLED_ITEM( '', ( #305 ), #306 );
#106 = STYLED_ITEM( '', ( #307 ), #308 );
#107 = STYLED_ITEM( '', ( #309 ), #310 );
#108 = STYLED_ITEM( '', ( #311 ), #312 );
#109 = STYLED_ITEM( '', ( #313 ), #314 );
#110 = STYLED_ITEM( '', ( #315 ), #316 );
#111 = STYLED_ITEM( '', ( #317 ), #318 );
#112 = STYLED_ITEM( '', ( #319 ), #320 );
#113 = STYLED_ITEM( '', ( #321 ), #322 );
#114 = STYLED_ITEM( '', ( #323 ), #324 );
#115 = STYLED_ITEM( '', ( #325 ), #326 );
#116 = STYLED_ITEM( '', ( #327 ), #328 );
#117 = STYLED_ITEM( '', ( #329 ), #330 );
#118 = STYLED_ITEM( '', ( #331 ), #332 );
#119 = STYLED_ITEM( '', ( #333 ), #334 );
#120 = STYLED_ITEM( '', ( #335 ), #336 );
#121 = STYLED_ITEM( '', ( #337 ), #338 );
#122 = STYLED_ITEM( '', ( #339 ), #340 );
#123 = STYLED_ITEM( '', ( #341 ), #342 );
#124 = STYLED_ITEM( '', ( #343 ), #344 );
#125 = STYLED_ITEM( '', ( #345 ), #346 );
#126 = STYLED_ITEM( '', ( #347 ), #348 );
#127 = STYLED_ITEM( '', ( #349 ), #350 );
#128 = STYLED_ITEM( '', ( #351 ), #352 );
#129 = STYLED_ITEM( '', ( #353 ), #354 );
#130 = STYLED_ITEM( '', ( #355 ), #356 );
#131 = STYLED_ITEM( '', ( #357 ), #358 );
#132 = STYLED_ITEM( '', ( #359 ), #360 );
#133 = STYLED_ITEM( '', ( #361 ), #362 );
#134 = STYLED_ITEM( '', ( #363 ), #364 );
#137 = UNCERTAINTY_MEASURE_WITH_UNIT( LENGTH_MEASURE( 0.00100000000000000 ), #139, '', '' );
#139 =  ( CONVERSION_BASED_UNIT( 'MILLIMETRE', #367 )LENGTH_UNIT(  )NAMED_UNIT( #370 ) );
#140 =  ( NAMED_UNIT( #372 )PLANE_ANGLE_UNIT(  )SI_UNIT( $, .RADIAN. ) );
#141 =  ( NAMED_UNIT( #372 )SI_UNIT( $, .STERADIAN. )SOLID_ANGLE_UNIT(  ) );
#143 = PRODUCT( 'Assem1', 'Assem1', 'PART-Assem1-DESC', ( #378 ) );
#144 = PRODUCT_DEFINITION( 'NONE', 'NONE', #379, #1 );
#145 = AXIS2_PLACEMENT_3D( '', #380, #381, #382 );
#146 = AXIS2_PLACEMENT_3D( '', #383, #384, #385 );
#147 = AXIS2_PLACEMENT_3D( '', #386, #387, #388 );
#148 = AXIS2_PLACEMENT_3D( '', #389, #390, #391 );
#149 =  ( GEOMETRIC_REPRESENTATION_CONTEXT( 3 )GLOBAL_UNCERTAINTY_ASSIGNED_CONTEXT( ( #394 ) )GLOBAL_UNIT_ASSIGNED_CONTEXT( ( #396, #397, #398 ) )REPRESENTATION_CONTEXT( 'NONE', 'WORKSPACE' ) );
#150 = PRODUCT( 'body_SSMC_303012', 'body_SSMC_303012', 'PART-body_SSMC_303012-DESC', ( #378 ) );
#153 = ITEM_DEFINED_TRANSFORMATION( '', '', #145, #146 );
#155 = NEXT_ASSEMBLY_USAGE_OCCURRENCE( 'NAUO1', 'body_SSMC_303012', 'body_SSMC_303012', #144, #156, $ );
#156 = PRODUCT_DEFINITION( 'body_SSMC_303012', 'body_SSMC_303012', #400, #1 );
#157 = MANIFOLD_SOLID_BREP( 'body_SSMC_303012', #401 );
#158 = PRODUCT( 'land_pattern_SSMC_303012', 'land_pattern_SSMC_303012', 'PART-land_pattern_SSMC_303012-DESC', ( #378 ) );
#161 = ITEM_DEFINED_TRANSFORMATION( '', '', #145, #147 );
#163 = NEXT_ASSEMBLY_USAGE_OCCURRENCE( 'NAUO2', 'land_pattern_SSMC_303012', 'land_pattern_SSMC_303012', #144, #164, $ );
#164 = PRODUCT_DEFINITION( 'land_pattern_SSMC_303012', 'land_pattern_SSMC_303012', #402, #1 );
#165 = MANIFOLD_SOLID_BREP( 'land_pattern_SSMC_303012', #403 );
#168 = ITEM_DEFINED_TRANSFORMATION( '', '', #145, #148 );
#170 = NEXT_ASSEMBLY_USAGE_OCCURRENCE( 'NAUO3', 'land_pattern_SSMC_303012', 'land_pattern_SSMC_303012', #144, #164, $ );
#171 = PRESENTATION_STYLE_ASSIGNMENT( ( #404 ) );
#172 = ADVANCED_FACE( '', ( #405 ), #406, .T. );
#173 = PRESENTATION_STYLE_ASSIGNMENT( ( #407 ) );
#174 = ADVANCED_FACE( '', ( #408 ), #409, .T. );
#175 = PRESENTATION_STYLE_ASSIGNMENT( ( #410 ) );
#176 = ADVANCED_FACE( '', ( #411 ), #412, .T. );
#177 = PRESENTATION_STYLE_ASSIGNMENT( ( #413 ) );
#178 = ADVANCED_FACE( '', ( #414 ), #415, .T. );
#179 = PRESENTATION_STYLE_ASSIGNMENT( ( #416 ) );
#180 = ADVANCED_FACE( '', ( #417 ), #418, .T. );
#181 = PRESENTATION_STYLE_ASSIGNMENT( ( #419 ) );
#182 = ADVANCED_FACE( '', ( #420 ), #421, .T. );
#183 = PRESENTATION_STYLE_ASSIGNMENT( ( #422 ) );
#184 = ADVANCED_FACE( '', ( #423 ), #424, .T. );
#185 = PRESENTATION_STYLE_ASSIGNMENT( ( #425 ) );
#186 = ADVANCED_FACE( '', ( #426 ), #427, .T. );
#187 = PRESENTATION_STYLE_ASSIGNMENT( ( #428 ) );
#188 = ADVANCED_FACE( '', ( #429 ), #430, .F. );
#189 = PRESENTATION_STYLE_ASSIGNMENT( ( #431 ) );
#190 = ADVANCED_FACE( '', ( #432 ), #433, .T. );
#191 = PRESENTATION_STYLE_ASSIGNMENT( ( #434 ) );
#192 = ADVANCED_FACE( '', ( #435 ), #436, .T. );
#193 = PRESENTATION_STYLE_ASSIGNMENT( ( #437 ) );
#194 = ADVANCED_FACE( '', ( #438 ), #439, .T. );
#195 = PRESENTATION_STYLE_ASSIGNMENT( ( #440 ) );
#196 = ADVANCED_FACE( '', ( #441 ), #442, .T. );
#197 = PRESENTATION_STYLE_ASSIGNMENT( ( #443 ) );
#198 = ADVANCED_FACE( '', ( #444 ), #445, .T. );
#199 = PRESENTATION_STYLE_ASSIGNMENT( ( #446 ) );
#200 = ADVANCED_FACE( '', ( #447 ), #448, .F. );
#201 = PRESENTATION_STYLE_ASSIGNMENT( ( #449 ) );
#202 = ADVANCED_FACE( '', ( #450 ), #451, .T. );
#203 = PRESENTATION_STYLE_ASSIGNMENT( ( #452 ) );
#204 = ADVANCED_FACE( '', ( #453 ), #454, .T. );
#205 = PRESENTATION_STYLE_ASSIGNMENT( ( #455 ) );
#206 = ADVANCED_FACE( '', ( #456 ), #457, .T. );
#207 = PRESENTATION_STYLE_ASSIGNMENT( ( #458 ) );
#208 = ADVANCED_FACE( '', ( #459 ), #460, .T. );
#209 = PRESENTATION_STYLE_ASSIGNMENT( ( #461 ) );
#210 = ADVANCED_FACE( '', ( #462 ), #463, .T. );
#211 = PRESENTATION_STYLE_ASSIGNMENT( ( #464 ) );
#212 = ADVANCED_FACE( '', ( #465 ), #466, .T. );
#213 = PRESENTATION_STYLE_ASSIGNMENT( ( #467 ) );
#214 = ADVANCED_FACE( '', ( #468 ), #469, .T. );
#215 = PRESENTATION_STYLE_ASSIGNMENT( ( #470 ) );
#216 = ADVANCED_FACE( '', ( #471 ), #472, .F. );
#217 = PRESENTATION_STYLE_ASSIGNMENT( ( #473 ) );
#218 = ADVANCED_FACE( '', ( #474 ), #475, .T. );
#219 = PRESENTATION_STYLE_ASSIGNMENT( ( #476 ) );
#220 = ADVANCED_FACE( '', ( #477 ), #478, .T. );
#221 = PRESENTATION_STYLE_ASSIGNMENT( ( #479 ) );
#222 = ADVANCED_FACE( '', ( #480 ), #481, .T. );
#223 = PRESENTATION_STYLE_ASSIGNMENT( ( #482 ) );
#224 = ADVANCED_FACE( '', ( #483 ), #484, .T. );
#225 = PRESENTATION_STYLE_ASSIGNMENT( ( #485 ) );
#226 = ADVANCED_FACE( '', ( #486 ), #487, .F. );
#227 = PRESENTATION_STYLE_ASSIGNMENT( ( #488 ) );
#228 = ADVANCED_FACE( '', ( #489, #490, #491, #492, #493, #494, #495, #496, #497 ), #498, .F. );
#229 = PRESENTATION_STYLE_ASSIGNMENT( ( #499 ) );
#230 = ADVANCED_FACE( '', ( #500 ), #501, .T. );
#231 = PRESENTATION_STYLE_ASSIGNMENT( ( #502 ) );
#232 = ADVANCED_FACE( '', ( #503 ), #504, .T. );
#233 = PRESENTATION_STYLE_ASSIGNMENT( ( #505 ) );
#234 = ADVANCED_FACE( '', ( #506 ), #507, .T. );
#235 = PRESENTATION_STYLE_ASSIGNMENT( ( #508 ) );
#236 = ADVANCED_FACE( '', ( #509 ), #510, .T. );
#237 = PRESENTATION_STYLE_ASSIGNMENT( ( #511 ) );
#238 = ADVANCED_FACE( '', ( #512 ), #513, .T. );
#239 = PRESENTATION_STYLE_ASSIGNMENT( ( #514 ) );
#240 = ADVANCED_FACE( '', ( #515 ), #516, .T. );
#241 = PRESENTATION_STYLE_ASSIGNMENT( ( #517 ) );
#242 = ADVANCED_FACE( '', ( #518 ), #519, .T. );
#243 = PRESENTATION_STYLE_ASSIGNMENT( ( #520 ) );
#244 = ADVANCED_FACE( '', ( #521 ), #522, .F. );
#245 = PRESENTATION_STYLE_ASSIGNMENT( ( #523 ) );
#246 = ADVANCED_FACE( '', ( #524 ), #525, .T. );
#247 = PRESENTATION_STYLE_ASSIGNMENT( ( #526 ) );
#248 = ADVANCED_FACE( '', ( #527 ), #528, .T. );
#249 = PRESENTATION_STYLE_ASSIGNMENT( ( #529 ) );
#250 = ADVANCED_FACE( '', ( #530 ), #531, .T. );
#251 = PRESENTATION_STYLE_ASSIGNMENT( ( #532 ) );
#252 = ADVANCED_FACE( '', ( #533 ), #534, .T. );
#253 = PRESENTATION_STYLE_ASSIGNMENT( ( #535 ) );
#254 = ADVANCED_FACE( '', ( #536 ), #537, .T. );
#255 = PRESENTATION_STYLE_ASSIGNMENT( ( #538 ) );
#256 = ADVANCED_FACE( '', ( #539 ), #540, .F. );
#257 = PRESENTATION_STYLE_ASSIGNMENT( ( #541 ) );
#258 = ADVANCED_FACE( '', ( #542 ), #543, .T. );
#259 = PRESENTATION_STYLE_ASSIGNMENT( ( #544 ) );
#260 = ADVANCED_FACE( '', ( #545 ), #546, .T. );
#261 = PRESENTATION_STYLE_ASSIGNMENT( ( #547 ) );
#262 = ADVANCED_FACE( '', ( #548 ), #549, .T. );
#263 = PRESENTATION_STYLE_ASSIGNMENT( ( #550 ) );
#264 = ADVANCED_FACE( '', ( #551 ), #552, .T. );
#265 = PRESENTATION_STYLE_ASSIGNMENT( ( #553 ) );
#266 = ADVANCED_FACE( '', ( #554 ), #555, .T. );
#267 = PRESENTATION_STYLE_ASSIGNMENT( ( #556 ) );
#268 = ADVANCED_FACE( '', ( #557 ), #558, .T. );
#269 = PRESENTATION_STYLE_ASSIGNMENT( ( #559 ) );
#270 = ADVANCED_FACE( '', ( #560 ), #561, .T. );
#271 = PRESENTATION_STYLE_ASSIGNMENT( ( #562 ) );
#272 = ADVANCED_FACE( '', ( #563 ), #564, .T. );
#273 = PRESENTATION_STYLE_ASSIGNMENT( ( #565 ) );
#274 = ADVANCED_FACE( '', ( #566 ), #567, .F. );
#275 = PRESENTATION_STYLE_ASSIGNMENT( ( #568 ) );
#276 = ADVANCED_FACE( '', ( #569, #570 ), #571, .T. );
#277 = PRESENTATION_STYLE_ASSIGNMENT( ( #572 ) );
#278 = ADVANCED_FACE( '', ( #573 ), #574, .T. );
#279 = PRESENTATION_STYLE_ASSIGNMENT( ( #575 ) );
#280 = ADVANCED_FACE( '', ( #576 ), #577, .F. );
#281 = PRESENTATION_STYLE_ASSIGNMENT( ( #578 ) );
#282 = ADVANCED_FACE( '', ( #579 ), #580, .T. );
#283 = PRESENTATION_STYLE_ASSIGNMENT( ( #581 ) );
#284 = ADVANCED_FACE( '', ( #582 ), #583, .T. );
#285 = PRESENTATION_STYLE_ASSIGNMENT( ( #584 ) );
#286 = ADVANCED_FACE( '', ( #585 ), #586, .T. );
#287 = PRESENTATION_STYLE_ASSIGNMENT( ( #587 ) );
#288 = ADVANCED_FACE( '', ( #588 ), #589, .T. );
#289 = PRESENTATION_STYLE_ASSIGNMENT( ( #590 ) );
#290 = ADVANCED_FACE( '', ( #591 ), #592, .T. );
#291 = PRESENTATION_STYLE_ASSIGNMENT( ( #593 ) );
#292 = ADVANCED_FACE( '', ( #594 ), #595, .T. );
#293 = PRESENTATION_STYLE_ASSIGNMENT( ( #596 ) );
#294 = ADVANCED_FACE( '', ( #597 ), #598, .T. );
#295 = PRESENTATION_STYLE_ASSIGNMENT( ( #599 ) );
#296 = ADVANCED_FACE( '', ( #600 ), #601, .T. );
#297 = PRESENTATION_STYLE_ASSIGNMENT( ( #602 ) );
#298 = ADVANCED_FACE( '', ( #603 ), #604, .T. );
#299 = PRESENTATION_STYLE_ASSIGNMENT( ( #605 ) );
#300 = ADVANCED_FACE( '', ( #606 ), #607, .F. );
#301 = PRESENTATION_STYLE_ASSIGNMENT( ( #608 ) );
#302 = ADVANCED_FACE( '', ( #609 ), #610, .T. );
#303 = PRESENTATION_STYLE_ASSIGNMENT( ( #611 ) );
#304 = ADVANCED_FACE( '', ( #612 ), #613, .T. );
#305 = PRESENTATION_STYLE_ASSIGNMENT( ( #614 ) );
#306 = ADVANCED_FACE( '', ( #615 ), #616, .T. );
#307 = PRESENTATION_STYLE_ASSIGNMENT( ( #617 ) );
#308 = ADVANCED_FACE( '', ( #618 ), #619, .T. );
#309 = PRESENTATION_STYLE_ASSIGNMENT( ( #620 ) );
#310 = ADVANCED_FACE( '', ( #621 ), #622, .T. );
#311 = PRESENTATION_STYLE_ASSIGNMENT( ( #623 ) );
#312 = ADVANCED_FACE( '', ( #624 ), #625, .T. );
#313 = PRESENTATION_STYLE_ASSIGNMENT( ( #626 ) );
#314 = ADVANCED_FACE( '', ( #627 ), #628, .T. );
#315 = PRESENTATION_STYLE_ASSIGNMENT( ( #629 ) );
#316 = ADVANCED_FACE( '', ( #630 ), #631, .T. );
#317 = PRESENTATION_STYLE_ASSIGNMENT( ( #632 ) );
#318 = ADVANCED_FACE( '', ( #633 ), #634, .T. );
#319 = PRESENTATION_STYLE_ASSIGNMENT( ( #635 ) );
#320 = ADVANCED_FACE( '', ( #636 ), #637, .T. );
#321 = PRESENTATION_STYLE_ASSIGNMENT( ( #638 ) );
#322 = ADVANCED_FACE( '', ( #639 ), #640, .T. );
#323 = PRESENTATION_STYLE_ASSIGNMENT( ( #641 ) );
#324 = ADVANCED_FACE( '', ( #642 ), #643, .T. );
#325 = PRESENTATION_STYLE_ASSIGNMENT( ( #644 ) );
#326 = ADVANCED_FACE( '', ( #645 ), #646, .T. );
#327 = PRESENTATION_STYLE_ASSIGNMENT( ( #647 ) );
#328 = ADVANCED_FACE( '', ( #648 ), #649, .T. );
#329 = PRESENTATION_STYLE_ASSIGNMENT( ( #650 ) );
#330 = ADVANCED_FACE( '', ( #651 ), #652, .T. );
#331 = PRESENTATION_STYLE_ASSIGNMENT( ( #653 ) );
#332 = ADVANCED_FACE( '', ( #654 ), #655, .T. );
#333 = PRESENTATION_STYLE_ASSIGNMENT( ( #656 ) );
#334 = ADVANCED_FACE( '', ( #657, #658 ), #659, .T. );
#335 = PRESENTATION_STYLE_ASSIGNMENT( ( #660 ) );
#336 = ADVANCED_FACE( '', ( #661 ), #662, .T. );
#337 = PRESENTATION_STYLE_ASSIGNMENT( ( #663 ) );
#338 = ADVANCED_FACE( '', ( #664 ), #665, .T. );
#339 = PRESENTATION_STYLE_ASSIGNMENT( ( #666 ) );
#340 = ADVANCED_FACE( '', ( #667 ), #668, .T. );
#341 = PRESENTATION_STYLE_ASSIGNMENT( ( #669 ) );
#342 = ADVANCED_FACE( '', ( #670 ), #671, .T. );
#343 = PRESENTATION_STYLE_ASSIGNMENT( ( #672 ) );
#344 = ADVANCED_FACE( '', ( #673 ), #674, .T. );
#345 = PRESENTATION_STYLE_ASSIGNMENT( ( #675 ) );
#346 = ADVANCED_FACE( '', ( #676 ), #677, .T. );
#347 = PRESENTATION_STYLE_ASSIGNMENT( ( #678 ) );
#348 = ADVANCED_FACE( '', ( #679 ), #680, .T. );
#349 = PRESENTATION_STYLE_ASSIGNMENT( ( #681 ) );
#350 = ADVANCED_FACE( '', ( #682 ), #683, .T. );
#351 = PRESENTATION_STYLE_ASSIGNMENT( ( #684 ) );
#352 = ADVANCED_FACE( '', ( #685 ), #686, .T. );
#353 = PRESENTATION_STYLE_ASSIGNMENT( ( #687 ) );
#354 = ADVANCED_FACE( '', ( #688 ), #689, .T. );
#355 = PRESENTATION_STYLE_ASSIGNMENT( ( #690 ) );
#356 = ADVANCED_FACE( '', ( #691 ), #692, .T. );
#357 = PRESENTATION_STYLE_ASSIGNMENT( ( #693 ) );
#358 = ADVANCED_FACE( '', ( #694, #695 ), #696, .T. );
#359 = PRESENTATION_STYLE_ASSIGNMENT( ( #697 ) );
#360 = ADVANCED_FACE( '', ( #698 ), #699, .T. );
#361 = PRESENTATION_STYLE_ASSIGNMENT( ( #700 ) );
#362 = ADVANCED_FACE( '', ( #701 ), #702, .T. );
#363 = PRESENTATION_STYLE_ASSIGNMENT( ( #703 ) );
#364 = ADVANCED_FACE( '', ( #704 ), #705, .T. );
#367 = LENGTH_MEASURE_WITH_UNIT( LENGTH_MEASURE( 1.00000000000000 ), #706 );
#370 = DIMENSIONAL_EXPONENTS( 1.00000000000000, 0.000000000000000, 0.000000000000000, 0.000000000000000, 0.000000000000000, 0.000000000000000, 0.000000000000000 );
#372 = DIMENSIONAL_EXPONENTS( 0.000000000000000, 0.000000000000000, 0.000000000000000, 0.000000000000000, 0.000000000000000, 0.000000000000000, 0.000000000000000 );
#378 = PRODUCT_CONTEXT( '', #19, 'mechanical' );
#379 = PRODUCT_DEFINITION_FORMATION_WITH_SPECIFIED_SOURCE( ' ', 'NONE', #143, .NOT_KNOWN. );
#380 = CARTESIAN_POINT( '', ( 0.000000000000000, 0.000000000000000, 0.000000000000000 ) );
#381 = DIRECTION( '', ( 0.000000000000000, 0.000000000000000, 1.00000000000000 ) );
#382 = DIRECTION( '', ( 1.00000000000000, 0.000000000000000, 0.000000000000000 ) );
#383 = CARTESIAN_POINT( '', ( 0.000000000000000, 0.000000000000000, 0.000000000000000 ) );
#384 = DIRECTION( '', ( 0.000000000000000, 0.000000000000000, 1.00000000000000 ) );
#385 = DIRECTION( '', ( 1.00000000000000, 0.000000000000000, 0.000000000000000 ) );
#386 = CARTESIAN_POINT( '', ( 0.900000000000000, 5.42101086242752E-016, 1.19980000000000 ) );
#387 = DIRECTION( '', ( 3.33066907387548E-016, -6.66133814775094E-016, 1.00000000000000 ) );
#388 = DIRECTION( '', ( 1.16573417585641E-015, -1.00000000000000, -6.66133814775094E-016 ) );
#389 = CARTESIAN_POINT( '', ( -0.900000000000000, 2.16840434497101E-016, 1.19980000000000 ) );
#390 = DIRECTION( '', ( 1.98740607023270E-017, 2.74304453404876E-016, 1.00000000000000 ) );
#391 = DIRECTION( '', ( -4.16333634234433E-017, -1.00000000000000, 2.74304453404876E-016 ) );
#394 = UNCERTAINTY_MEASURE_WITH_UNIT( LENGTH_MEASURE( 0.00100000000000000 ), #396, '', '' );
#396 =  ( CONVERSION_BASED_UNIT( 'MILLIMETRE', #709 )LENGTH_UNIT(  )NAMED_UNIT( #712 ) );
#397 =  ( NAMED_UNIT( #714 )PLANE_ANGLE_UNIT(  )SI_UNIT( $, .RADIAN. ) );
#398 =  ( NAMED_UNIT( #714 )SI_UNIT( $, .STERADIAN. )SOLID_ANGLE_UNIT(  ) );
#400 = PRODUCT_DEFINITION_FORMATION_WITH_SPECIFIED_SOURCE( ' ', 'NONE', #150, .NOT_KNOWN. );
#401 = CLOSED_SHELL( '', ( #336, #176, #356, #344, #230, #324, #180, #178, #210, #294, #304, #354, #198, #326, #314, #182, #288, #246, #302, #234, #306, #320, #270, #196, #292, #262, #272, #268, #342, #222, #316, #318, #258, #284, #330, #290, #350, #328, #250, #286, #256, #360, #174, #228, #188, #274, #200, #358, #308, #184, #266, #236, #186, #346, #190, #224, #338, #296, #192, #310, #362, #194, #240, #208, #348, #202, #276, #334, #312, #322, #238, #340, #364, #278, #204, #172, #260, #254, #206, #232, #212, #214, #220, #332, #298, #352, #264, #280, #300, #244, #216 ) );
#402 = PRODUCT_DEFINITION_FORMATION_WITH_SPECIFIED_SOURCE( ' ', 'NONE', #158, .NOT_KNOWN. );
#403 = CLOSED_SHELL( '', ( #248, #218, #252, #242, #282, #226 ) );
#404 = SURFACE_STYLE_USAGE( .BOTH., #720 );
#405 = FACE_OUTER_BOUND( '', #721, .T. );
#406 = PLANE( '', #722 );
#407 = SURFACE_STYLE_USAGE( .BOTH., #723 );
#408 = FACE_OUTER_BOUND( '', #724, .T. );
#409 = PLANE( '', #725 );
#410 = SURFACE_STYLE_USAGE( .BOTH., #726 );
#411 = FACE_OUTER_BOUND( '', #727, .T. );
#412 = PLANE( '', #728 );
#413 = SURFACE_STYLE_USAGE( .BOTH., #729 );
#414 = FACE_OUTER_BOUND( '', #730, .T. );
#415 = PLANE( '', #731 );
#416 = SURFACE_STYLE_USAGE( .BOTH., #732 );
#417 = FACE_OUTER_BOUND( '', #733, .T. );
#418 = PLANE( '', #734 );
#419 = SURFACE_STYLE_USAGE( .BOTH., #735 );
#420 = FACE_OUTER_BOUND( '', #736, .T. );
#421 = PLANE( '', #737 );
#422 = SURFACE_STYLE_USAGE( .BOTH., #738 );
#423 = FACE_OUTER_BOUND( '', #739, .T. );
#424 = PLANE( '', #740 );
#425 = SURFACE_STYLE_USAGE( .BOTH., #741 );
#426 = FACE_OUTER_BOUND( '', #742, .T. );
#427 = PLANE( '', #743 );
#428 = SURFACE_STYLE_USAGE( .BOTH., #744 );
#429 = FACE_OUTER_BOUND( '', #745, .T. );
#430 = PLANE( '', #746 );
#431 = SURFACE_STYLE_USAGE( .BOTH., #747 );
#432 = FACE_OUTER_BOUND( '', #748, .T. );
#433 = PLANE( '', #749 );
#434 = SURFACE_STYLE_USAGE( .BOTH., #750 );
#435 = FACE_OUTER_BOUND( '', #751, .T. );
#436 = PLANE( '', #752 );
#437 = SURFACE_STYLE_USAGE( .BOTH., #753 );
#438 = FACE_OUTER_BOUND( '', #754, .T. );
#439 = PLANE( '', #755 );
#440 = SURFACE_STYLE_USAGE( .BOTH., #756 );
#441 = FACE_OUTER_BOUND( '', #757, .T. );
#442 = PLANE( '', #758 );
#443 = SURFACE_STYLE_USAGE( .BOTH., #759 );
#444 = FACE_OUTER_BOUND( '', #760, .T. );
#445 = PLANE( '', #761 );
#446 = SURFACE_STYLE_USAGE( .BOTH., #762 );
#447 = FACE_OUTER_BOUND( '', #763, .T. );
#448 = PLANE( '', #764 );
#449 = SURFACE_STYLE_USAGE( .BOTH., #765 );
#450 = FACE_OUTER_BOUND( '', #766, .T. );
#451 = PLANE( '', #767 );
#452 = SURFACE_STYLE_USAGE( .BOTH., #768 );
#453 = FACE_OUTER_BOUND( '', #769, .T. );
#454 = PLANE( '', #770 );
#455 = SURFACE_STYLE_USAGE( .BOTH., #771 );
#456 = FACE_OUTER_BOUND( '', #772, .T. );
#457 = PLANE( '', #773 );
#458 = SURFACE_STYLE_USAGE( .BOTH., #774 );
#459 = FACE_OUTER_BOUND( '', #775, .T. );
#460 = PLANE( '', #776 );
#461 = SURFACE_STYLE_USAGE( .BOTH., #777 );
#462 = FACE_OUTER_BOUND( '', #778, .T. );
#463 = PLANE( '', #779 );
#464 = SURFACE_STYLE_USAGE( .BOTH., #780 );
#465 = FACE_OUTER_BOUND( '', #781, .T. );
#466 = PLANE( '', #782 );
#467 = SURFACE_STYLE_USAGE( .BOTH., #783 );
#468 = FACE_OUTER_BOUND( '', #784, .T. );
#469 = PLANE( '', #785 );
#470 = SURFACE_STYLE_USAGE( .BOTH., #786 );
#471 = FACE_OUTER_BOUND( '', #787, .T. );
#472 = PLANE( '', #788 );
#473 = SURFACE_STYLE_USAGE( .BOTH., #789 );
#474 = FACE_OUTER_BOUND( '', #790, .T. );
#475 = PLANE( '', #791 );
#476 = SURFACE_STYLE_USAGE( .BOTH., #792 );
#477 = FACE_OUTER_BOUND( '', #793, .T. );
#478 = PLANE( '', #794 );
#479 = SURFACE_STYLE_USAGE( .BOTH., #795 );
#480 = FACE_OUTER_BOUND( '', #796, .T. );
#481 = PLANE( '', #797 );
#482 = SURFACE_STYLE_USAGE( .BOTH., #798 );
#483 = FACE_OUTER_BOUND( '', #799, .T. );
#484 = PLANE( '', #800 );
#485 = SURFACE_STYLE_USAGE( .BOTH., #801 );
#486 = FACE_OUTER_BOUND( '', #802, .T. );
#487 = PLANE( '', #803 );
#488 = SURFACE_STYLE_USAGE( .BOTH., #804 );
#489 = FACE_BOUND( '', #805, .T. );
#490 = FACE_BOUND( '', #806, .T. );
#491 = FACE_BOUND( '', #807, .T. );
#492 = FACE_BOUND( '', #808, .T. );
#493 = FACE_OUTER_BOUND( '', #809, .T. );
#494 = FACE_BOUND( '', #810, .T. );
#495 = FACE_BOUND( '', #811, .T. );
#496 = FACE_BOUND( '', #812, .T. );
#497 = FACE_BOUND( '', #813, .T. );
#498 = PLANE( '', #814 );
#499 = SURFACE_STYLE_USAGE( .BOTH., #815 );
#500 = FACE_OUTER_BOUND( '', #816, .T. );
#501 = PLANE( '', #817 );
#502 = SURFACE_STYLE_USAGE( .BOTH., #818 );
#503 = FACE_OUTER_BOUND( '', #819, .T. );
#504 = PLANE( '', #820 );
#505 = SURFACE_STYLE_USAGE( .BOTH., #821 );
#506 = FACE_OUTER_BOUND( '', #822, .T. );
#507 = PLANE( '', #823 );
#508 = SURFACE_STYLE_USAGE( .BOTH., #824 );
#509 = FACE_OUTER_BOUND( '', #825, .T. );
#510 = SURFACE_OF_LINEAR_EXTRUSION( '', #826, #827 );
#511 = SURFACE_STYLE_USAGE( .BOTH., #828 );
#512 = FACE_OUTER_BOUND( '', #829, .T. );
#513 = PLANE( '', #830 );
#514 = SURFACE_STYLE_USAGE( .BOTH., #831 );
#515 = FACE_OUTER_BOUND( '', #832, .T. );
#516 = PLANE( '', #833 );
#517 = SURFACE_STYLE_USAGE( .BOTH., #834 );
#518 = FACE_OUTER_BOUND( '', #835, .T. );
#519 = PLANE( '', #836 );
#520 = SURFACE_STYLE_USAGE( .BOTH., #837 );
#521 = FACE_OUTER_BOUND( '', #838, .T. );
#522 = PLANE( '', #839 );
#523 = SURFACE_STYLE_USAGE( .BOTH., #840 );
#524 = FACE_OUTER_BOUND( '', #841, .T. );
#525 = PLANE( '', #842 );
#526 = SURFACE_STYLE_USAGE( .BOTH., #843 );
#527 = FACE_OUTER_BOUND( '', #844, .T. );
#528 = PLANE( '', #845 );
#529 = SURFACE_STYLE_USAGE( .BOTH., #846 );
#530 = FACE_OUTER_BOUND( '', #847, .T. );
#531 = PLANE( '', #848 );
#532 = SURFACE_STYLE_USAGE( .BOTH., #849 );
#533 = FACE_OUTER_BOUND( '', #850, .T. );
#534 = PLANE( '', #851 );
#535 = SURFACE_STYLE_USAGE( .BOTH., #852 );
#536 = FACE_OUTER_BOUND( '', #853, .T. );
#537 = PLANE( '', #854 );
#538 = SURFACE_STYLE_USAGE( .BOTH., #855 );
#539 = FACE_OUTER_BOUND( '', #856, .T. );
#540 = PLANE( '', #857 );
#541 = SURFACE_STYLE_USAGE( .BOTH., #858 );
#542 = FACE_OUTER_BOUND( '', #859, .T. );
#543 = SURFACE_OF_LINEAR_EXTRUSION( '', #860, #861 );
#544 = SURFACE_STYLE_USAGE( .BOTH., #862 );
#545 = FACE_OUTER_BOUND( '', #863, .T. );
#546 = PLANE( '', #864 );
#547 = SURFACE_STYLE_USAGE( .BOTH., #865 );
#548 = FACE_OUTER_BOUND( '', #866, .T. );
#549 = PLANE( '', #867 );
#550 = SURFACE_STYLE_USAGE( .BOTH., #868 );
#551 = FACE_OUTER_BOUND( '', #869, .T. );
#552 = PLANE( '', #870 );
#553 = SURFACE_STYLE_USAGE( .BOTH., #871 );
#554 = FACE_OUTER_BOUND( '', #872, .T. );
#555 = SURFACE_OF_LINEAR_EXTRUSION( '', #873, #874 );
#556 = SURFACE_STYLE_USAGE( .BOTH., #875 );
#557 = FACE_OUTER_BOUND( '', #876, .T. );
#558 = PLANE( '', #877 );
#559 = SURFACE_STYLE_USAGE( .BOTH., #878 );
#560 = FACE_OUTER_BOUND( '', #879, .T. );
#561 = PLANE( '', #880 );
#562 = SURFACE_STYLE_USAGE( .BOTH., #881 );
#563 = FACE_OUTER_BOUND( '', #882, .T. );
#564 = PLANE( '', #883 );
#565 = SURFACE_STYLE_USAGE( .BOTH., #884 );
#566 = FACE_OUTER_BOUND( '', #885, .T. );
#567 = PLANE( '', #886 );
#568 = SURFACE_STYLE_USAGE( .BOTH., #887 );
#569 = FACE_OUTER_BOUND( '', #888, .T. );
#570 = FACE_OUTER_BOUND( '', #889, .T. );
#571 = SURFACE_OF_LINEAR_EXTRUSION( '', #890, #891 );
#572 = SURFACE_STYLE_USAGE( .BOTH., #892 );
#573 = FACE_OUTER_BOUND( '', #893, .T. );
#574 = PLANE( '', #894 );
#575 = SURFACE_STYLE_USAGE( .BOTH., #895 );
#576 = FACE_OUTER_BOUND( '', #896, .T. );
#577 = PLANE( '', #897 );
#578 = SURFACE_STYLE_USAGE( .BOTH., #898 );
#579 = FACE_OUTER_BOUND( '', #899, .T. );
#580 = PLANE( '', #900 );
#581 = SURFACE_STYLE_USAGE( .BOTH., #901 );
#582 = FACE_OUTER_BOUND( '', #902, .T. );
#583 = PLANE( '', #903 );
#584 = SURFACE_STYLE_USAGE( .BOTH., #904 );
#585 = FACE_OUTER_BOUND( '', #905, .T. );
#586 = SURFACE_OF_LINEAR_EXTRUSION( '', #906, #907 );
#587 = SURFACE_STYLE_USAGE( .BOTH., #908 );
#588 = FACE_OUTER_BOUND( '', #909, .T. );
#589 = PLANE( '', #910 );
#590 = SURFACE_STYLE_USAGE( .BOTH., #911 );
#591 = FACE_OUTER_BOUND( '', #912, .T. );
#592 = SURFACE_OF_LINEAR_EXTRUSION( '', #913, #914 );
#593 = SURFACE_STYLE_USAGE( .BOTH., #915 );
#594 = FACE_OUTER_BOUND( '', #916, .T. );
#595 = PLANE( '', #917 );
#596 = SURFACE_STYLE_USAGE( .BOTH., #918 );
#597 = FACE_OUTER_BOUND( '', #919, .T. );
#598 = PLANE( '', #920 );
#599 = SURFACE_STYLE_USAGE( .BOTH., #921 );
#600 = FACE_OUTER_BOUND( '', #922, .T. );
#601 = SURFACE_OF_LINEAR_EXTRUSION( '', #923, #924 );
#602 = SURFACE_STYLE_USAGE( .BOTH., #925 );
#603 = FACE_OUTER_BOUND( '', #926, .T. );
#604 = PLANE( '', #927 );
#605 = SURFACE_STYLE_USAGE( .BOTH., #928 );
#606 = FACE_OUTER_BOUND( '', #929, .T. );
#607 = PLANE( '', #930 );
#608 = SURFACE_STYLE_USAGE( .BOTH., #931 );
#609 = FACE_OUTER_BOUND( '', #932, .T. );
#610 = PLANE( '', #933 );
#611 = SURFACE_STYLE_USAGE( .BOTH., #934 );
#612 = FACE_OUTER_BOUND( '', #935, .T. );
#613 = PLANE( '', #936 );
#614 = SURFACE_STYLE_USAGE( .BOTH., #937 );
#615 = FACE_OUTER_BOUND( '', #938, .T. );
#616 = PLANE( '', #939 );
#617 = SURFACE_STYLE_USAGE( .BOTH., #940 );
#618 = FACE_OUTER_BOUND( '', #941, .T. );
#619 = SURFACE_OF_LINEAR_EXTRUSION( '', #942, #943 );
#620 = SURFACE_STYLE_USAGE( .BOTH., #944 );
#621 = FACE_OUTER_BOUND( '', #945, .T. );
#622 = PLANE( '', #946 );
#623 = SURFACE_STYLE_USAGE( .BOTH., #947 );
#624 = FACE_OUTER_BOUND( '', #948, .T. );
#625 = PLANE( '', #949 );
#626 = SURFACE_STYLE_USAGE( .BOTH., #950 );
#627 = FACE_OUTER_BOUND( '', #951, .T. );
#628 = PLANE( '', #952 );
#629 = SURFACE_STYLE_USAGE( .BOTH., #953 );
#630 = FACE_OUTER_BOUND( '', #954, .T. );
#631 = PLANE( '', #955 );
#632 = SURFACE_STYLE_USAGE( .BOTH., #956 );
#633 = FACE_OUTER_BOUND( '', #957, .T. );
#634 = SURFACE_OF_LINEAR_EXTRUSION( '', #958, #959 );
#635 = SURFACE_STYLE_USAGE( .BOTH., #960 );
#636 = FACE_OUTER_BOUND( '', #961, .T. );
#637 = PLANE( '', #962 );
#638 = SURFACE_STYLE_USAGE( .BOTH., #963 );
#639 = FACE_OUTER_BOUND( '', #964, .T. );
#640 = PLANE( '', #965 );
#641 = SURFACE_STYLE_USAGE( .BOTH., #966 );
#642 = FACE_OUTER_BOUND( '', #967, .T. );
#643 = PLANE( '', #968 );
#644 = SURFACE_STYLE_USAGE( .BOTH., #969 );
#645 = FACE_OUTER_BOUND( '', #970, .T. );
#646 = PLANE( '', #971 );
#647 = SURFACE_STYLE_USAGE( .BOTH., #972 );
#648 = FACE_OUTER_BOUND( '', #973, .T. );
#649 = PLANE( '', #974 );
#650 = SURFACE_STYLE_USAGE( .BOTH., #975 );
#651 = FACE_OUTER_BOUND( '', #976, .T. );
#652 = SURFACE_OF_LINEAR_EXTRUSION( '', #977, #978 );
#653 = SURFACE_STYLE_USAGE( .BOTH., #979 );
#654 = FACE_OUTER_BOUND( '', #980, .T. );
#655 = PLANE( '', #981 );
#656 = SURFACE_STYLE_USAGE( .BOTH., #982 );
#657 = FACE_BOUND( '', #983, .T. );
#658 = FACE_OUTER_BOUND( '', #984, .T. );
#659 = PLANE( '', #985 );
#660 = SURFACE_STYLE_USAGE( .BOTH., #986 );
#661 = FACE_OUTER_BOUND( '', #987, .T. );
#662 = SURFACE_OF_LINEAR_EXTRUSION( '', #988, #989 );
#663 = SURFACE_STYLE_USAGE( .BOTH., #990 );
#664 = FACE_OUTER_BOUND( '', #991, .T. );
#665 = SURFACE_OF_LINEAR_EXTRUSION( '', #992, #993 );
#666 = SURFACE_STYLE_USAGE( .BOTH., #994 );
#667 = FACE_OUTER_BOUND( '', #995, .T. );
#668 = PLANE( '', #996 );
#669 = SURFACE_STYLE_USAGE( .BOTH., #997 );
#670 = FACE_OUTER_BOUND( '', #998, .T. );
#671 = PLANE( '', #999 );
#672 = SURFACE_STYLE_USAGE( .BOTH., #1000 );
#673 = FACE_OUTER_BOUND( '', #1001, .T. );
#674 = PLANE( '', #1002 );
#675 = SURFACE_STYLE_USAGE( .BOTH., #1003 );
#676 = FACE_OUTER_BOUND( '', #1004, .T. );
#677 = PLANE( '', #1005 );
#678 = SURFACE_STYLE_USAGE( .BOTH., #1006 );
#679 = FACE_OUTER_BOUND( '', #1007, .T. );
#680 = PLANE( '', #1008 );
#681 = SURFACE_STYLE_USAGE( .BOTH., #1009 );
#682 = FACE_OUTER_BOUND( '', #1010, .T. );
#683 = PLANE( '', #1011 );
#684 = SURFACE_STYLE_USAGE( .BOTH., #1012 );
#685 = FACE_OUTER_BOUND( '', #1013, .T. );
#686 = PLANE( '', #1014 );
#687 = SURFACE_STYLE_USAGE( .BOTH., #1015 );
#688 = FACE_OUTER_BOUND( '', #1016, .T. );
#689 = PLANE( '', #1017 );
#690 = SURFACE_STYLE_USAGE( .BOTH., #1018 );
#691 = FACE_OUTER_BOUND( '', #1019, .T. );
#692 = PLANE( '', #1020 );
#693 = SURFACE_STYLE_USAGE( .BOTH., #1021 );
#694 = FACE_BOUND( '', #1022, .T. );
#695 = FACE_OUTER_BOUND( '', #1023, .T. );
#696 = PLANE( '', #1024 );
#697 = SURFACE_STYLE_USAGE( .BOTH., #1025 );
#698 = FACE_OUTER_BOUND( '', #1026, .T. );
#699 = PLANE( '', #1027 );
#700 = SURFACE_STYLE_USAGE( .BOTH., #1028 );
#701 = FACE_OUTER_BOUND( '', #1029, .T. );
#702 = PLANE( '', #1030 );
#703 = SURFACE_STYLE_USAGE( .BOTH., #1031 );
#704 = FACE_OUTER_BOUND( '', #1032, .T. );
#705 = PLANE( '', #1033 );
#706 =  ( LENGTH_UNIT(  )NAMED_UNIT( #370 )SI_UNIT( .MILLI., .METRE. ) );
#709 = LENGTH_MEASURE_WITH_UNIT( LENGTH_MEASURE( 1.00000000000000 ), #1035 );
#712 = DIMENSIONAL_EXPONENTS( 1.00000000000000, 0.000000000000000, 0.000000000000000, 0.000000000000000, 0.000000000000000, 0.000000000000000, 0.000000000000000 );
#714 = DIMENSIONAL_EXPONENTS( 0.000000000000000, 0.000000000000000, 0.000000000000000, 0.000000000000000, 0.000000000000000, 0.000000000000000, 0.000000000000000 );
#720 = SURFACE_SIDE_STYLE( '', ( #1036 ) );
#721 = EDGE_LOOP( '', ( #1037, #1038, #1039, #1040 ) );
#722 = AXIS2_PLACEMENT_3D( '', #1041, #1042, #1043 );
#723 = SURFACE_SIDE_STYLE( '', ( #1044 ) );
#724 = EDGE_LOOP( '', ( #1045, #1046, #1047, #1048 ) );
#725 = AXIS2_PLACEMENT_3D( '', #1049, #1050, #1051 );
#726 = SURFACE_SIDE_STYLE( '', ( #1052 ) );
#727 = EDGE_LOOP( '', ( #1053, #1054, #1055, #1056 ) );
#728 = AXIS2_PLACEMENT_3D( '', #1057, #1058, #1059 );
#729 = SURFACE_SIDE_STYLE( '', ( #1060 ) );
#730 = EDGE_LOOP( '', ( #1061, #1062, #1063, #1064 ) );
#731 = AXIS2_PLACEMENT_3D( '', #1065, #1066, #1067 );
#732 = SURFACE_SIDE_STYLE( '', ( #1068 ) );
#733 = EDGE_LOOP( '', ( #1069, #1070, #1071, #1072 ) );
#734 = AXIS2_PLACEMENT_3D( '', #1073, #1074, #1075 );
#735 = SURFACE_SIDE_STYLE( '', ( #1076 ) );
#736 = EDGE_LOOP( '', ( #1077, #1078, #1079, #1080 ) );
#737 = AXIS2_PLACEMENT_3D( '', #1081, #1082, #1083 );
#738 = SURFACE_SIDE_STYLE( '', ( #1084 ) );
#739 = EDGE_LOOP( '', ( #1085, #1086, #1087, #1088 ) );
#740 = AXIS2_PLACEMENT_3D( '', #1089, #1090, #1091 );
#741 = SURFACE_SIDE_STYLE( '', ( #1092 ) );
#742 = EDGE_LOOP( '', ( #1093, #1094, #1095, #1096 ) );
#743 = AXIS2_PLACEMENT_3D( '', #1097, #1098, #1099 );
#744 = SURFACE_SIDE_STYLE( '', ( #1100 ) );
#745 = EDGE_LOOP( '', ( #1101, #1102, #1103, #1104 ) );
#746 = AXIS2_PLACEMENT_3D( '', #1105, #1106, #1107 );
#747 = SURFACE_SIDE_STYLE( '', ( #1108 ) );
#748 = EDGE_LOOP( '', ( #1109, #1110, #1111, #1112 ) );
#749 = AXIS2_PLACEMENT_3D( '', #1113, #1114, #1115 );
#750 = SURFACE_SIDE_STYLE( '', ( #1116 ) );
#751 = EDGE_LOOP( '', ( #1117, #1118, #1119, #1120 ) );
#752 = AXIS2_PLACEMENT_3D( '', #1121, #1122, #1123 );
#753 = SURFACE_SIDE_STYLE( '', ( #1124 ) );
#754 = EDGE_LOOP( '', ( #1125, #1126, #1127, #1128 ) );
#755 = AXIS2_PLACEMENT_3D( '', #1129, #1130, #1131 );
#756 = SURFACE_SIDE_STYLE( '', ( #1132 ) );
#757 = EDGE_LOOP( '', ( #1133, #1134, #1135, #1136 ) );
#758 = AXIS2_PLACEMENT_3D( '', #1137, #1138, #1139 );
#759 = SURFACE_SIDE_STYLE( '', ( #1140 ) );
#760 = EDGE_LOOP( '', ( #1141, #1142, #1143, #1144 ) );
#761 = AXIS2_PLACEMENT_3D( '', #1145, #1146, #1147 );
#762 = SURFACE_SIDE_STYLE( '', ( #1148 ) );
#763 = EDGE_LOOP( '', ( #1149 ) );
#764 = AXIS2_PLACEMENT_3D( '', #1150, #1151, #1152 );
#765 = SURFACE_SIDE_STYLE( '', ( #1153 ) );
#766 = EDGE_LOOP( '', ( #1154, #1155, #1156, #1157 ) );
#767 = AXIS2_PLACEMENT_3D( '', #1158, #1159, #1160 );
#768 = SURFACE_SIDE_STYLE( '', ( #1161 ) );
#769 = EDGE_LOOP( '', ( #1162, #1163, #1164, #1165 ) );
#770 = AXIS2_PLACEMENT_3D( '', #1166, #1167, #1168 );
#771 = SURFACE_SIDE_STYLE( '', ( #1169 ) );
#772 = EDGE_LOOP( '', ( #1170, #1171, #1172, #1173 ) );
#773 = AXIS2_PLACEMENT_3D( '', #1174, #1175, #1176 );
#774 = SURFACE_SIDE_STYLE( '', ( #1177 ) );
#775 = EDGE_LOOP( '', ( #1178, #1179, #1180, #1181 ) );
#776 = AXIS2_PLACEMENT_3D( '', #1182, #1183, #1184 );
#777 = SURFACE_SIDE_STYLE( '', ( #1185 ) );
#778 = EDGE_LOOP( '', ( #1186, #1187, #1188, #1189 ) );
#779 = AXIS2_PLACEMENT_3D( '', #1190, #1191, #1192 );
#780 = SURFACE_SIDE_STYLE( '', ( #1193 ) );
#781 = EDGE_LOOP( '', ( #1194, #1195, #1196, #1197 ) );
#782 = AXIS2_PLACEMENT_3D( '', #1198, #1199, #1200 );
#783 = SURFACE_SIDE_STYLE( '', ( #1201 ) );
#784 = EDGE_LOOP( '', ( #1202, #1203, #1204, #1205 ) );
#785 = AXIS2_PLACEMENT_3D( '', #1206, #1207, #1208 );
#786 = SURFACE_SIDE_STYLE( '', ( #1209 ) );
#787 = EDGE_LOOP( '', ( #1210, #1211, #1212, #1213, #1214, #1215, #1216, #1217 ) );
#788 = AXIS2_PLACEMENT_3D( '', #1218, #1219, #1220 );
#789 = SURFACE_SIDE_STYLE( '', ( #1221 ) );
#790 = EDGE_LOOP( '', ( #1222, #1223, #1224, #1225 ) );
#791 = AXIS2_PLACEMENT_3D( '', #1226, #1227, #1228 );
#792 = SURFACE_SIDE_STYLE( '', ( #1229 ) );
#793 = EDGE_LOOP( '', ( #1230, #1231, #1232, #1233 ) );
#794 = AXIS2_PLACEMENT_3D( '', #1234, #1235, #1236 );
#795 = SURFACE_SIDE_STYLE( '', ( #1237 ) );
#796 = EDGE_LOOP( '', ( #1238, #1239, #1240, #1241 ) );
#797 = AXIS2_PLACEMENT_3D( '', #1242, #1243, #1244 );
#798 = SURFACE_SIDE_STYLE( '', ( #1245 ) );
#799 = EDGE_LOOP( '', ( #1246, #1247, #1248, #1249, #1250, #1251, #1252, #1253 ) );
#800 = AXIS2_PLACEMENT_3D( '', #1254, #1255, #1256 );
#801 = SURFACE_SIDE_STYLE( '', ( #1257 ) );
#802 = EDGE_LOOP( '', ( #1258, #1259, #1260, #1261 ) );
#803 = AXIS2_PLACEMENT_3D( '', #1262, #1263, #1264 );
#804 = SURFACE_SIDE_STYLE( '', ( #1265 ) );
#805 = EDGE_LOOP( '', ( #1266, #1267, #1268, #1269, #1270, #1271, #1272, #1273 ) );
#806 = EDGE_LOOP( '', ( #1274, #1275, #1276, #1277 ) );
#807 = EDGE_LOOP( '', ( #1278, #1279, #1280, #1281, #1282, #1283, #1284, #1285 ) );
#808 = EDGE_LOOP( '', ( #1286, #1287, #1288, #1289, #1290, #1291, #1292, #1293, #1294, #1295, #1296, #1297, #1298, #1299, #1300, #1301 ) );
#809 = EDGE_LOOP( '', ( #1302, #1303, #1304, #1305 ) );
#810 = EDGE_LOOP( '', ( #1306, #1307, #1308, #1309, #1310, #1311 ) );
#811 = EDGE_LOOP( '', ( #1312, #1313, #1314, #1315, #1316, #1317, #1318, #1319, #1320, #1321, #1322, #1323, #1324 ) );
#812 = EDGE_LOOP( '', ( #1325, #1326, #1327, #1328 ) );
#813 = EDGE_LOOP( '', ( #1329, #1330, #1331, #1332, #1333, #1334, #1335, #1336 ) );
#814 = AXIS2_PLACEMENT_3D( '', #1337, #1338, #1339 );
#815 = SURFACE_SIDE_STYLE( '', ( #1340 ) );
#816 = EDGE_LOOP( '', ( #1341, #1342, #1343, #1344 ) );
#817 = AXIS2_PLACEMENT_3D( '', #1345, #1346, #1347 );
#818 = SURFACE_SIDE_STYLE( '', ( #1348 ) );
#819 = EDGE_LOOP( '', ( #1349, #1350, #1351, #1352 ) );
#820 = AXIS2_PLACEMENT_3D( '', #1353, #1354, #1355 );
#821 = SURFACE_SIDE_STYLE( '', ( #1356 ) );
#822 = EDGE_LOOP( '', ( #1357, #1358, #1359, #1360 ) );
#823 = AXIS2_PLACEMENT_3D( '', #1361, #1362, #1363 );
#824 = SURFACE_SIDE_STYLE( '', ( #1364 ) );
#825 = EDGE_LOOP( '', ( #1365, #1366, #1367, #1368 ) );
#826 = B_SPLINE_CURVE_WITH_KNOTS( '', 3, ( #1369, #1370, #1371, #1372, #1373, #1374, #1375, #1376, #1377, #1378, #1379, #1380, #1381, #1382, #1383 ), .UNSPECIFIED., .F., .F., ( 4, 3, 3, 2, 3, 4 ), ( 0.0495883888133501, 0.229672537661832, 0.293549440108412, 0.347607496870202, 0.393084909701548, 0.431899563191179 ), .UNSPECIFIED. );
#827 = VECTOR( '', #1384, 1000.00000000000 );
#828 = SURFACE_SIDE_STYLE( '', ( #1385 ) );
#829 = EDGE_LOOP( '', ( #1386, #1387, #1388, #1389 ) );
#830 = AXIS2_PLACEMENT_3D( '', #1390, #1391, #1392 );
#831 = SURFACE_SIDE_STYLE( '', ( #1393 ) );
#832 = EDGE_LOOP( '', ( #1394, #1395, #1396, #1397 ) );
#833 = AXIS2_PLACEMENT_3D( '', #1398, #1399, #1400 );
#834 = SURFACE_SIDE_STYLE( '', ( #1401 ) );
#835 = EDGE_LOOP( '', ( #1402, #1403, #1404, #1405 ) );
#836 = AXIS2_PLACEMENT_3D( '', #1406, #1407, #1408 );
#837 = SURFACE_SIDE_STYLE( '', ( #1409 ) );
#838 = EDGE_LOOP( '', ( #1410, #1411, #1412, #1413, #1414, #1415, #1416, #1417 ) );
#839 = AXIS2_PLACEMENT_3D( '', #1418, #1419, #1420 );
#840 = SURFACE_SIDE_STYLE( '', ( #1421 ) );
#841 = EDGE_LOOP( '', ( #1422, #1423, #1424, #1425 ) );
#842 = AXIS2_PLACEMENT_3D( '', #1426, #1427, #1428 );
#843 = SURFACE_SIDE_STYLE( '', ( #1429 ) );
#844 = EDGE_LOOP( '', ( #1430, #1431, #1432, #1433 ) );
#845 = AXIS2_PLACEMENT_3D( '', #1434, #1435, #1436 );
#846 = SURFACE_SIDE_STYLE( '', ( #1437 ) );
#847 = EDGE_LOOP( '', ( #1438, #1439, #1440, #1441 ) );
#848 = AXIS2_PLACEMENT_3D( '', #1442, #1443, #1444 );
#849 = SURFACE_SIDE_STYLE( '', ( #1445 ) );
#850 = EDGE_LOOP( '', ( #1446, #1447, #1448, #1449 ) );
#851 = AXIS2_PLACEMENT_3D( '', #1450, #1451, #1452 );
#852 = SURFACE_SIDE_STYLE( '', ( #1453 ) );
#853 = EDGE_LOOP( '', ( #1454, #1455, #1456, #1457 ) );
#854 = AXIS2_PLACEMENT_3D( '', #1458, #1459, #1460 );
#855 = SURFACE_SIDE_STYLE( '', ( #1461 ) );
#856 = EDGE_LOOP( '', ( #1462, #1463, #1464, #1465 ) );
#857 = AXIS2_PLACEMENT_3D( '', #1466, #1467, #1468 );
#858 = SURFACE_SIDE_STYLE( '', ( #1469 ) );
#859 = EDGE_LOOP( '', ( #1470, #1471, #1472, #1473 ) );
#860 = B_SPLINE_CURVE_WITH_KNOTS( '', 3, ( #1474, #1475, #1476, #1477, #1478, #1479, #1480, #1481, #1482, #1483, #1484, #1485, #1486, #1487, #1488 ), .UNSPECIFIED., .F., .F., ( 4, 2, 3, 3, 3, 4 ), ( 0.0257269443227276, 0.138975675017387, 0.242828222815983, 0.377588407363604, 0.403725362251138, 0.411075917771917 ), .UNSPECIFIED. );
#861 = VECTOR( '', #1489, 1000.00000000000 );
#862 = SURFACE_SIDE_STYLE( '', ( #1490 ) );
#863 = EDGE_LOOP( '', ( #1491, #1492, #1493, #1494 ) );
#864 = AXIS2_PLACEMENT_3D( '', #1495, #1496, #1497 );
#865 = SURFACE_SIDE_STYLE( '', ( #1498 ) );
#866 = EDGE_LOOP( '', ( #1499, #1500, #1501, #1502 ) );
#867 = AXIS2_PLACEMENT_3D( '', #1503, #1504, #1505 );
#868 = SURFACE_SIDE_STYLE( '', ( #1506 ) );
#869 = EDGE_LOOP( '', ( #1507, #1508, #1509, #1510 ) );
#870 = AXIS2_PLACEMENT_3D( '', #1511, #1512, #1513 );
#871 = SURFACE_SIDE_STYLE( '', ( #1514 ) );
#872 = EDGE_LOOP( '', ( #1515, #1516, #1517, #1518 ) );
#873 = B_SPLINE_CURVE_WITH_KNOTS( '', 3, ( #1519, #1520, #1521, #1522, #1523, #1524, #1525, #1526, #1527, #1528, #1529, #1530 ), .UNSPECIFIED., .F., .F., ( 4, 3, 2, 3, 4 ), ( 0.453822850877080, 0.478591973587157, 0.506621391506644, 0.582494126219737, 0.613120944342866 ), .UNSPECIFIED. );
#874 = VECTOR( '', #1531, 1000.00000000000 );
#875 = SURFACE_SIDE_STYLE( '', ( #1532 ) );
#876 = EDGE_LOOP( '', ( #1533, #1534, #1535, #1536 ) );
#877 = AXIS2_PLACEMENT_3D( '', #1537, #1538, #1539 );
#878 = SURFACE_SIDE_STYLE( '', ( #1540 ) );
#879 = EDGE_LOOP( '', ( #1541, #1542, #1543, #1544 ) );
#880 = AXIS2_PLACEMENT_3D( '', #1545, #1546, #1547 );
#881 = SURFACE_SIDE_STYLE( '', ( #1548 ) );
#882 = EDGE_LOOP( '', ( #1549, #1550, #1551, #1552 ) );
#883 = AXIS2_PLACEMENT_3D( '', #1553, #1554, #1555 );
#884 = SURFACE_SIDE_STYLE( '', ( #1556 ) );
#885 = EDGE_LOOP( '', ( #1557, #1558, #1559 ) );
#886 = AXIS2_PLACEMENT_3D( '', #1560, #1561, #1562 );
#887 = SURFACE_SIDE_STYLE( '', ( #1563 ) );
#888 = EDGE_LOOP( '', ( #1564 ) );
#889 = EDGE_LOOP( '', ( #1565 ) );
#890 = B_SPLINE_CURVE_WITH_KNOTS( '', 3, ( #1566, #1567, #1568, #1569, #1570, #1571, #1572, #1573, #1574, #1575, #1576, #1577, #1578, #1579, #1580, #1581, #1582, #1583 ), .UNSPECIFIED., .T., .F., ( 4, 2, 2, 2, 2, 2, 2, 2, 4 ), ( 0.000000000000000, 0.124944506104328, 0.249889012208656, 0.376415094339621, 0.502941176470585, 0.627987421383644, 0.753033666296703, 0.876516833148351, 1.00000000000000 ), .UNSPECIFIED. );
#891 = VECTOR( '', #1584, 1000.00000000000 );
#892 = SURFACE_SIDE_STYLE( '', ( #1585 ) );
#893 = EDGE_LOOP( '', ( #1586, #1587, #1588, #1589 ) );
#894 = AXIS2_PLACEMENT_3D( '', #1590, #1591, #1592 );
#895 = SURFACE_SIDE_STYLE( '', ( #1593 ) );
#896 = EDGE_LOOP( '', ( #1594, #1595, #1596, #1597 ) );
#897 = AXIS2_PLACEMENT_3D( '', #1598, #1599, #1600 );
#898 = SURFACE_SIDE_STYLE( '', ( #1601 ) );
#899 = EDGE_LOOP( '', ( #1602, #1603, #1604, #1605 ) );
#900 = AXIS2_PLACEMENT_3D( '', #1606, #1607, #1608 );
#901 = SURFACE_SIDE_STYLE( '', ( #1609 ) );
#902 = EDGE_LOOP( '', ( #1610, #1611, #1612, #1613 ) );
#903 = AXIS2_PLACEMENT_3D( '', #1614, #1615, #1616 );
#904 = SURFACE_SIDE_STYLE( '', ( #1617 ) );
#905 = EDGE_LOOP( '', ( #1618, #1619, #1620, #1621 ) );
#906 = B_SPLINE_CURVE_WITH_KNOTS( '', 3, ( #1622, #1623, #1624, #1625, #1626, #1627, #1628, #1629, #1630, #1631, #1632, #1633 ), .UNSPECIFIED., .F., .F., ( 4, 2, 3, 3, 4 ), ( 0.429860670769464, 0.438069951923568, 0.468170649488614, 0.493201440926721, 0.500771499300546 ), .UNSPECIFIED. );
#907 = VECTOR( '', #1634, 1000.00000000000 );
#908 = SURFACE_SIDE_STYLE( '', ( #1635 ) );
#909 = EDGE_LOOP( '', ( #1636, #1637, #1638, #1639, #1640, #1641, #1642, #1643, #1644, #1645, #1646, #1647, #1648 ) );
#910 = AXIS2_PLACEMENT_3D( '', #1649, #1650, #1651 );
#911 = SURFACE_SIDE_STYLE( '', ( #1652 ) );
#912 = EDGE_LOOP( '', ( #1653, #1654, #1655, #1656 ) );
#913 = B_SPLINE_CURVE_WITH_KNOTS( '', 3, ( #1657, #1658, #1659, #1660, #1661, #1662, #1663, #1664, #1665, #1666, #1667, #1668, #1669, #1670, #1671, #1672, #1673, #1674, #1675, #1676, #1677, #1678 ), .UNSPECIFIED., .F., .F., ( 4, 3, 3, 3, 2, 3, 2, 2, 4 ), ( 0.148393534307995, 0.245942086050110, 0.312658626429203, 0.416676787619485, 0.517573302017042, 0.623126578617564, 0.721363726371279, 0.860681863185640, 1.00000000000000 ), .UNSPECIFIED. );
#914 = VECTOR( '', #1679, 1000.00000000000 );
#915 = SURFACE_SIDE_STYLE( '', ( #1680 ) );
#916 = EDGE_LOOP( '', ( #1681, #1682, #1683, #1684 ) );
#917 = AXIS2_PLACEMENT_3D( '', #1685, #1686, #1687 );
#918 = SURFACE_SIDE_STYLE( '', ( #1688 ) );
#919 = EDGE_LOOP( '', ( #1689, #1690, #1691, #1692 ) );
#920 = AXIS2_PLACEMENT_3D( '', #1693, #1694, #1695 );
#921 = SURFACE_SIDE_STYLE( '', ( #1696 ) );
#922 = EDGE_LOOP( '', ( #1697, #1698, #1699, #1700 ) );
#923 = B_SPLINE_CURVE_WITH_KNOTS( '', 3, ( #1701, #1702, #1703, #1704, #1705, #1706, #1707, #1708 ), .UNSPECIFIED., .F., .F., ( 4, 2, 2, 4 ), ( 0.428448452701390, 0.484770873364049, 0.541093294026708, 0.553224276938666 ), .UNSPECIFIED. );
#924 = VECTOR( '', #1709, 1000.00000000000 );
#925 = SURFACE_SIDE_STYLE( '', ( #1710 ) );
#926 = EDGE_LOOP( '', ( #1711, #1712, #1713, #1714 ) );
#927 = AXIS2_PLACEMENT_3D( '', #1715, #1716, #1717 );
#928 = SURFACE_SIDE_STYLE( '', ( #1718 ) );
#929 = EDGE_LOOP( '', ( #1719, #1720, #1721, #1722 ) );
#930 = AXIS2_PLACEMENT_3D( '', #1723, #1724, #1725 );
#931 = SURFACE_SIDE_STYLE( '', ( #1726 ) );
#932 = EDGE_LOOP( '', ( #1727, #1728, #1729, #1730 ) );
#933 = AXIS2_PLACEMENT_3D( '', #1731, #1732, #1733 );
#934 = SURFACE_SIDE_STYLE( '', ( #1734 ) );
#935 = EDGE_LOOP( '', ( #1735, #1736, #1737, #1738 ) );
#936 = AXIS2_PLACEMENT_3D( '', #1739, #1740, #1741 );
#937 = SURFACE_SIDE_STYLE( '', ( #1742 ) );
#938 = EDGE_LOOP( '', ( #1743, #1744, #1745, #1746 ) );
#939 = AXIS2_PLACEMENT_3D( '', #1747, #1748, #1749 );
#940 = SURFACE_SIDE_STYLE( '', ( #1750 ) );
#941 = EDGE_LOOP( '', ( #1751, #1752, #1753, #1754 ) );
#942 = B_SPLINE_CURVE_WITH_KNOTS( '', 3, ( #1755, #1756, #1757, #1758, #1759, #1760, #1761, #1762, #1763, #1764, #1765, #1766, #1767, #1768, #1769 ), .UNSPECIFIED., .F., .F., ( 4, 2, 2, 2, 2, 3, 4 ), ( 0.613816921729720, 0.647489166132686, 0.681161410535653, 0.805531474540154, 0.934916460480321, 0.968078158557423, 0.999304022613146 ), .UNSPECIFIED. );
#943 = VECTOR( '', #1770, 1000.00000000000 );
#944 = SURFACE_SIDE_STYLE( '', ( #1771 ) );
#945 = EDGE_LOOP( '', ( #1772, #1773, #1774, #1775 ) );
#946 = AXIS2_PLACEMENT_3D( '', #1776, #1777, #1778 );
#947 = SURFACE_SIDE_STYLE( '', ( #1779 ) );
#948 = EDGE_LOOP( '', ( #1780, #1781, #1782, #1783 ) );
#949 = AXIS2_PLACEMENT_3D( '', #1784, #1785, #1786 );
#950 = SURFACE_SIDE_STYLE( '', ( #1787 ) );
#951 = EDGE_LOOP( '', ( #1788, #1789, #1790, #1791 ) );
#952 = AXIS2_PLACEMENT_3D( '', #1792, #1793, #1794 );
#953 = SURFACE_SIDE_STYLE( '', ( #1795 ) );
#954 = EDGE_LOOP( '', ( #1796, #1797, #1798, #1799, #1800, #1801, #1802, #1803 ) );
#955 = AXIS2_PLACEMENT_3D( '', #1804, #1805, #1806 );
#956 = SURFACE_SIDE_STYLE( '', ( #1807 ) );
#957 = EDGE_LOOP( '', ( #1808, #1809, #1810, #1811 ) );
#958 = B_SPLINE_CURVE_WITH_KNOTS( '', 3, ( #1812, #1813, #1814, #1815, #1816, #1817, #1818, #1819, #1820, #1821, #1822, #1823, #1824 ), .UNSPECIFIED., .F., .F., ( 4, 3, 3, 3, 4 ), ( 0.591295154964319, 0.609562796619294, 0.674731454147155, 0.751271439800543, 0.961929121974348 ), .UNSPECIFIED. );
#959 = VECTOR( '', #1825, 1000.00000000000 );
#960 = SURFACE_SIDE_STYLE( '', ( #1826 ) );
#961 = EDGE_LOOP( '', ( #1827, #1828, #1829, #1830 ) );
#962 = AXIS2_PLACEMENT_3D( '', #1831, #1832, #1833 );
#963 = SURFACE_SIDE_STYLE( '', ( #1834 ) );
#964 = EDGE_LOOP( '', ( #1835, #1836, #1837, #1838, #1839, #1840, #1841, #1842, #1843, #1844, #1845, #1846, #1847, #1848, #1849, #1850 ) );
#965 = AXIS2_PLACEMENT_3D( '', #1851, #1852, #1853 );
#966 = SURFACE_SIDE_STYLE( '', ( #1854 ) );
#967 = EDGE_LOOP( '', ( #1855, #1856, #1857, #1858 ) );
#968 = AXIS2_PLACEMENT_3D( '', #1859, #1860, #1861 );
#969 = SURFACE_SIDE_STYLE( '', ( #1862 ) );
#970 = EDGE_LOOP( '', ( #1863, #1864, #1865, #1866 ) );
#971 = AXIS2_PLACEMENT_3D( '', #1867, #1868, #1869 );
#972 = SURFACE_SIDE_STYLE( '', ( #1870 ) );
#973 = EDGE_LOOP( '', ( #1871, #1872, #1873, #1874 ) );
#974 = AXIS2_PLACEMENT_3D( '', #1875, #1876, #1877 );
#975 = SURFACE_SIDE_STYLE( '', ( #1878 ) );
#976 = EDGE_LOOP( '', ( #1879, #1880, #1881, #1882 ) );
#977 = B_SPLINE_CURVE_WITH_KNOTS( '', 3, ( #1883, #1884, #1885, #1886, #1887, #1888, #1889, #1890, #1891, #1892, #1893, #1894, #1895, #1896, #1897, #1898, #1899, #1900, #1901, #1902, #1903, #1904, #1905, #1906 ), .UNSPECIFIED., .F., .F., ( 4, 2, 3, 2, 3, 3, 3, 2, 2, 4 ), ( 0.501588227691744, 0.577395052246874, 0.625728262533701, 0.676735416006300, 0.761232114688182, 0.811519827815156, 0.832332658054920, 0.863864128331158, 0.928428567468219, 1.00000000000000 ), .UNSPECIFIED. );
#978 = VECTOR( '', #1907, 1000.00000000000 );
#979 = SURFACE_SIDE_STYLE( '', ( #1908 ) );
#980 = EDGE_LOOP( '', ( #1909, #1910, #1911, #1912 ) );
#981 = AXIS2_PLACEMENT_3D( '', #1913, #1914, #1915 );
#982 = SURFACE_SIDE_STYLE( '', ( #1916 ) );
#983 = EDGE_LOOP( '', ( #1917, #1918, #1919 ) );
#984 = EDGE_LOOP( '', ( #1920, #1921, #1922, #1923, #1924, #1925 ) );
#985 = AXIS2_PLACEMENT_3D( '', #1926, #1927, #1928 );
#986 = SURFACE_SIDE_STYLE( '', ( #1929 ) );
#987 = EDGE_LOOP( '', ( #1930, #1931, #1932, #1933 ) );
#988 = B_SPLINE_CURVE_WITH_KNOTS( '', 3, ( #1934, #1935, #1936, #1937, #1938, #1939, #1940, #1941, #1942, #1943, #1944, #1945 ), .UNSPECIFIED., .F., .F., ( 4, 2, 3, 3, 4 ), ( 0.246257789420755, 0.307855663481921, 0.350353421555127, 0.393644989871565, 0.543088955836057 ), .UNSPECIFIED. );
#989 = VECTOR( '', #1946, 1000.00000000000 );
#990 = SURFACE_SIDE_STYLE( '', ( #1947 ) );
#991 = EDGE_LOOP( '', ( #1948, #1949, #1950, #1951 ) );
#992 = B_SPLINE_CURVE_WITH_KNOTS( '', 3, ( #1952, #1953, #1954, #1955, #1956, #1957, #1958, #1959, #1960, #1961, #1962, #1963, #1964, #1965, #1966 ), .UNSPECIFIED., .F., .F., ( 4, 3, 2, 3, 3, 4 ), ( 0.565476027601581, 0.708682216831832, 0.769601918792027, 0.804821121487765, 0.844517899856202, 0.977612928234477 ), .UNSPECIFIED. );
#993 = VECTOR( '', #1967, 1000.00000000000 );
#994 = SURFACE_SIDE_STYLE( '', ( #1968 ) );
#995 = EDGE_LOOP( '', ( #1969, #1970, #1971, #1972 ) );
#996 = AXIS2_PLACEMENT_3D( '', #1973, #1974, #1975 );
#997 = SURFACE_SIDE_STYLE( '', ( #1976 ) );
#998 = EDGE_LOOP( '', ( #1977, #1978, #1979, #1980 ) );
#999 = AXIS2_PLACEMENT_3D( '', #1981, #1982, #1983 );
#1000 = SURFACE_SIDE_STYLE( '', ( #1984 ) );
#1001 = EDGE_LOOP( '', ( #1985, #1986, #1987, #1988 ) );
#1002 = AXIS2_PLACEMENT_3D( '', #1989, #1990, #1991 );
#1003 = SURFACE_SIDE_STYLE( '', ( #1992 ) );
#1004 = EDGE_LOOP( '', ( #1993, #1994, #1995, #1996 ) );
#1005 = AXIS2_PLACEMENT_3D( '', #1997, #1998, #1999 );
#1006 = SURFACE_SIDE_STYLE( '', ( #2000 ) );
#1007 = EDGE_LOOP( '', ( #2001, #2002, #2003, #2004 ) );
#1008 = AXIS2_PLACEMENT_3D( '', #2005, #2006, #2007 );
#1009 = SURFACE_SIDE_STYLE( '', ( #2008 ) );
#1010 = EDGE_LOOP( '', ( #2009, #2010, #2011, #2012 ) );
#1011 = AXIS2_PLACEMENT_3D( '', #2013, #2014, #2015 );
#1012 = SURFACE_SIDE_STYLE( '', ( #2016 ) );
#1013 = EDGE_LOOP( '', ( #2017, #2018, #2019, #2020 ) );
#1014 = AXIS2_PLACEMENT_3D( '', #2021, #2022, #2023 );
#1015 = SURFACE_SIDE_STYLE( '', ( #2024 ) );
#1016 = EDGE_LOOP( '', ( #2025, #2026, #2027, #2028 ) );
#1017 = AXIS2_PLACEMENT_3D( '', #2029, #2030, #2031 );
#1018 = SURFACE_SIDE_STYLE( '', ( #2032 ) );
#1019 = EDGE_LOOP( '', ( #2033, #2034, #2035, #2036 ) );
#1020 = AXIS2_PLACEMENT_3D( '', #2037, #2038, #2039 );
#1021 = SURFACE_SIDE_STYLE( '', ( #2040 ) );
#1022 = EDGE_LOOP( '', ( #2041 ) );
#1023 = EDGE_LOOP( '', ( #2042, #2043, #2044, #2045, #2046, #2047, #2048, #2049 ) );
#1024 = AXIS2_PLACEMENT_3D( '', #2050, #2051, #2052 );
#1025 = SURFACE_SIDE_STYLE( '', ( #2053 ) );
#1026 = EDGE_LOOP( '', ( #2054, #2055, #2056, #2057 ) );
#1027 = AXIS2_PLACEMENT_3D( '', #2058, #2059, #2060 );
#1028 = SURFACE_SIDE_STYLE( '', ( #2061 ) );
#1029 = EDGE_LOOP( '', ( #2062, #2063, #2064, #2065 ) );
#1030 = AXIS2_PLACEMENT_3D( '', #2066, #2067, #2068 );
#1031 = SURFACE_SIDE_STYLE( '', ( #2069 ) );
#1032 = EDGE_LOOP( '', ( #2070, #2071, #2072, #2073 ) );
#1033 = AXIS2_PLACEMENT_3D( '', #2074, #2075, #2076 );
#1035 =  ( LENGTH_UNIT(  )NAMED_UNIT( #712 )SI_UNIT( .MILLI., .METRE. ) );
#1036 = SURFACE_STYLE_FILL_AREA( #2078 );
#1037 = ORIENTED_EDGE( '', *, *, #2079, .F. );
#1038 = ORIENTED_EDGE( '', *, *, #2080, .F. );
#1039 = ORIENTED_EDGE( '', *, *, #2081, .T. );
#1040 = ORIENTED_EDGE( '', *, *, #2082, .T. );
#1041 = CARTESIAN_POINT( '', ( -0.590243556927648, -0.299421540084801, 0.00200000000000000 ) );
#1042 = DIRECTION( '', ( 0.000000000000000, -1.00000000000000, 0.000000000000000 ) );
#1043 = DIRECTION( '', ( 0.000000000000000, 0.000000000000000, -1.00000000000000 ) );
#1044 = SURFACE_STYLE_FILL_AREA( #2083 );
#1045 = ORIENTED_EDGE( '', *, *, #2084, .F. );
#1046 = ORIENTED_EDGE( '', *, *, #2085, .T. );
#1047 = ORIENTED_EDGE( '', *, *, #2086, .T. );
#1048 = ORIENTED_EDGE( '', *, *, #2087, .T. );
#1049 = CARTESIAN_POINT( '', ( 0.000000000000000, 0.000000000000000, 1.20000000000000 ) );
#1050 = DIRECTION( '', ( 0.000000000000000, 0.000000000000000, 1.00000000000000 ) );
#1051 = DIRECTION( '', ( 1.00000000000000, 0.000000000000000, 0.000000000000000 ) );
#1052 = SURFACE_STYLE_FILL_AREA( #2088 );
#1053 = ORIENTED_EDGE( '', *, *, #2089, .F. );
#1054 = ORIENTED_EDGE( '', *, *, #2090, .F. );
#1055 = ORIENTED_EDGE( '', *, *, #2091, .T. );
#1056 = ORIENTED_EDGE( '', *, *, #2092, .T. );
#1057 = CARTESIAN_POINT( '', ( 0.465166279137926, -0.164011704019227, 0.00200000000000000 ) );
#1058 = DIRECTION( '', ( 0.000000000000000, 1.00000000000000, 0.000000000000000 ) );
#1059 = DIRECTION( '', ( 0.000000000000000, 0.000000000000000, 1.00000000000000 ) );
#1060 = SURFACE_STYLE_FILL_AREA( #2093 );
#1061 = ORIENTED_EDGE( '', *, *, #2094, .F. );
#1062 = ORIENTED_EDGE( '', *, *, #2095, .F. );
#1063 = ORIENTED_EDGE( '', *, *, #2096, .T. );
#1064 = ORIENTED_EDGE( '', *, *, #2097, .T. );
#1065 = CARTESIAN_POINT( '', ( 0.344838410285467, -0.214831376150375, 0.00200000000000000 ) );
#1066 = DIRECTION( '', ( -1.00000000000000, 0.000000000000000, 0.000000000000000 ) );
#1067 = DIRECTION( '', ( 0.000000000000000, 0.000000000000000, 1.00000000000000 ) );
#1068 = SURFACE_STYLE_FILL_AREA( #2098 );
#1069 = ORIENTED_EDGE( '', *, *, #2099, .F. );
#1070 = ORIENTED_EDGE( '', *, *, #2096, .F. );
#1071 = ORIENTED_EDGE( '', *, *, #2100, .F. );
#1072 = ORIENTED_EDGE( '', *, *, #2101, .F. );
#1073 = CARTESIAN_POINT( '', ( 0.324182672580549, 0.150414525488970, 0.00200000000000000 ) );
#1074 = DIRECTION( '', ( 0.000000000000000, 0.000000000000000, -1.00000000000000 ) );
#1075 = DIRECTION( '', ( -1.00000000000000, 0.000000000000000, 0.000000000000000 ) );
#1076 = SURFACE_STYLE_FILL_AREA( #2102 );
#1077 = ORIENTED_EDGE( '', *, *, #2103, .F. );
#1078 = ORIENTED_EDGE( '', *, *, #2104, .F. );
#1079 = ORIENTED_EDGE( '', *, *, #2105, .T. );
#1080 = ORIENTED_EDGE( '', *, *, #2106, .T. );
#1081 = CARTESIAN_POINT( '', ( 0.344838410285467, -0.270569081068408, 0.00200000000000000 ) );
#1082 = DIRECTION( '', ( 0.000000000000000, -1.00000000000000, 0.000000000000000 ) );
#1083 = DIRECTION( '', ( 0.000000000000000, 0.000000000000000, -1.00000000000000 ) );
#1084 = SURFACE_STYLE_FILL_AREA( #2107 );
#1085 = ORIENTED_EDGE( '', *, *, #2108, .F. );
#1086 = ORIENTED_EDGE( '', *, *, #2109, .F. );
#1087 = ORIENTED_EDGE( '', *, *, #2110, .T. );
#1088 = ORIENTED_EDGE( '', *, *, #2111, .T. );
#1089 = CARTESIAN_POINT( '', ( 0.917625295531369, 0.0851686238496253, 0.00200000000000000 ) );
#1090 = DIRECTION( '', ( 0.000000000000000, -1.00000000000000, 0.000000000000000 ) );
#1091 = DIRECTION( '', ( 0.000000000000000, 0.000000000000000, -1.00000000000000 ) );
#1092 = SURFACE_STYLE_FILL_AREA( #2112 );
#1093 = ORIENTED_EDGE( '', *, *, #2113, .F. );
#1094 = ORIENTED_EDGE( '', *, *, #2114, .F. );
#1095 = ORIENTED_EDGE( '', *, *, #2115, .T. );
#1096 = ORIENTED_EDGE( '', *, *, #2116, .T. );
#1097 = CARTESIAN_POINT( '', ( 0.921887590613336, -0.214831376150375, 0.00200000000000000 ) );
#1098 = DIRECTION( '', ( 0.000000000000000, 1.00000000000000, 0.000000000000000 ) );
#1099 = DIRECTION( '', ( 0.000000000000000, 0.000000000000000, 1.00000000000000 ) );
#1100 = SURFACE_STYLE_FILL_AREA( #2117 );
#1101 = ORIENTED_EDGE( '', *, *, #2118, .F. );
#1102 = ORIENTED_EDGE( '', *, *, #2119, .T. );
#1103 = ORIENTED_EDGE( '', *, *, #2120, .T. );
#1104 = ORIENTED_EDGE( '', *, *, #2121, .F. );
#1105 = CARTESIAN_POINT( '', ( 1.50000000000000, -1.50000000000000, 1.20000000000000 ) );
#1106 = DIRECTION( '', ( -1.00000000000000, 0.000000000000000, 0.000000000000000 ) );
#1107 = DIRECTION( '', ( 0.000000000000000, 0.000000000000000, 1.00000000000000 ) );
#1108 = SURFACE_STYLE_FILL_AREA( #2122 );
#1109 = ORIENTED_EDGE( '', *, *, #2123, .F. );
#1110 = ORIENTED_EDGE( '', *, *, #2124, .F. );
#1111 = ORIENTED_EDGE( '', *, *, #2125, .T. );
#1112 = ORIENTED_EDGE( '', *, *, #2126, .T. );
#1113 = CARTESIAN_POINT( '', ( 0.920576115203500, -0.158437933527424, 0.00200000000000000 ) );
#1114 = DIRECTION( '', ( 0.000000000000000, 1.00000000000000, 0.000000000000000 ) );
#1115 = DIRECTION( '', ( 0.000000000000000, 0.000000000000000, 1.00000000000000 ) );
#1116 = SURFACE_STYLE_FILL_AREA( #2127 );
#1117 = ORIENTED_EDGE( '', *, *, #2128, .F. );
#1118 = ORIENTED_EDGE( '', *, *, #2129, .F. );
#1119 = ORIENTED_EDGE( '', *, *, #2130, .T. );
#1120 = ORIENTED_EDGE( '', *, *, #2131, .T. );
#1121 = CARTESIAN_POINT( '', ( -0.128604212665353, -0.157782195822506, 0.00200000000000000 ) );
#1122 = DIRECTION( '', ( 0.000000000000000, 1.00000000000000, 0.000000000000000 ) );
#1123 = DIRECTION( '', ( 0.000000000000000, 0.000000000000000, 1.00000000000000 ) );
#1124 = SURFACE_STYLE_FILL_AREA( #2132 );
#1125 = ORIENTED_EDGE( '', *, *, #2133, .F. );
#1126 = ORIENTED_EDGE( '', *, *, #2134, .F. );
#1127 = ORIENTED_EDGE( '', *, *, #2135, .T. );
#1128 = ORIENTED_EDGE( '', *, *, #2136, .T. );
#1129 = CARTESIAN_POINT( '', ( -0.169915688075188, 0.150414525488970, 0.00200000000000000 ) );
#1130 = DIRECTION( '', ( 1.00000000000000, 0.000000000000000, 0.000000000000000 ) );
#1131 = DIRECTION( '', ( 0.000000000000000, 0.000000000000000, -1.00000000000000 ) );
#1132 = SURFACE_STYLE_FILL_AREA( #2137 );
#1133 = ORIENTED_EDGE( '', *, *, #2138, .F. );
#1134 = ORIENTED_EDGE( '', *, *, #2139, .F. );
#1135 = ORIENTED_EDGE( '', *, *, #2140, .T. );
#1136 = ORIENTED_EDGE( '', *, *, #2141, .T. );
#1137 = CARTESIAN_POINT( '', ( 0.201231852908418, -0.214831376150375, 0.00200000000000000 ) );
#1138 = DIRECTION( '', ( 0.000000000000000, 1.00000000000000, 0.000000000000000 ) );
#1139 = DIRECTION( '', ( 0.000000000000000, 0.000000000000000, 1.00000000000000 ) );
#1140 = SURFACE_STYLE_FILL_AREA( #2142 );
#1141 = ORIENTED_EDGE( '', *, *, #2143, .F. );
#1142 = ORIENTED_EDGE( '', *, *, #2144, .F. );
#1143 = ORIENTED_EDGE( '', *, *, #2145, .T. );
#1144 = ORIENTED_EDGE( '', *, *, #2104, .T. );
#1145 = CARTESIAN_POINT( '', ( 0.344838410285467, -0.340733015494637, 0.00200000000000000 ) );
#1146 = DIRECTION( '', ( -1.00000000000000, 0.000000000000000, 0.000000000000000 ) );
#1147 = DIRECTION( '', ( 0.000000000000000, 0.000000000000000, 1.00000000000000 ) );
#1148 = SURFACE_STYLE_FILL_AREA( #2146 );
#1149 = ORIENTED_EDGE( '', *, *, #2147, .T. );
#1150 = CARTESIAN_POINT( '', ( 0.000000000000000, 0.000000000000000, 0.000000000000000 ) );
#1151 = DIRECTION( '', ( 0.000000000000000, 0.000000000000000, 1.00000000000000 ) );
#1152 = DIRECTION( '', ( 1.00000000000000, 0.000000000000000, 0.000000000000000 ) );
#1153 = SURFACE_STYLE_FILL_AREA( #2148 );
#1154 = ORIENTED_EDGE( '', *, *, #2149, .F. );
#1155 = ORIENTED_EDGE( '', *, *, #2150, .F. );
#1156 = ORIENTED_EDGE( '', *, *, #2151, .T. );
#1157 = ORIENTED_EDGE( '', *, *, #2152, .T. );
#1158 = CARTESIAN_POINT( '', ( 0.730740049629730, 0.187791574669297, 0.00200000000000000 ) );
#1159 = DIRECTION( '', ( 0.000000000000000, 1.00000000000000, 0.000000000000000 ) );
#1160 = DIRECTION( '', ( 0.000000000000000, 0.000000000000000, 1.00000000000000 ) );
#1161 = SURFACE_STYLE_FILL_AREA( #2153 );
#1162 = ORIENTED_EDGE( '', *, *, #2154, .F. );
#1163 = ORIENTED_EDGE( '', *, *, #2082, .F. );
#1164 = ORIENTED_EDGE( '', *, *, #2155, .T. );
#1165 = ORIENTED_EDGE( '', *, *, #2156, .T. );
#1166 = CARTESIAN_POINT( '', ( -0.591555032337484, -0.299421540084801, 0.00200000000000000 ) );
#1167 = DIRECTION( '', ( -0.962261505627949, -0.272126431620732, 0.000000000000000 ) );
#1168 = DIRECTION( '', ( 0.272126431620732, -0.962261505627949, 0.000000000000000 ) );
#1169 = SURFACE_STYLE_FILL_AREA( #2157 );
#1170 = ORIENTED_EDGE( '', *, *, #2158, .F. );
#1171 = ORIENTED_EDGE( '', *, *, #2159, .F. );
#1172 = ORIENTED_EDGE( '', *, *, #2160, .T. );
#1173 = ORIENTED_EDGE( '', *, *, #2161, .T. );
#1174 = CARTESIAN_POINT( '', ( -0.545981261845681, -0.340733015494637, 0.00200000000000000 ) );
#1175 = DIRECTION( '', ( -1.00000000000000, 0.000000000000000, 0.000000000000000 ) );
#1176 = DIRECTION( '', ( 0.000000000000000, 0.000000000000000, 1.00000000000000 ) );
#1177 = SURFACE_STYLE_FILL_AREA( #2162 );
#1178 = ORIENTED_EDGE( '', *, *, #2163, .F. );
#1179 = ORIENTED_EDGE( '', *, *, #2164, .F. );
#1180 = ORIENTED_EDGE( '', *, *, #2165, .T. );
#1181 = ORIENTED_EDGE( '', *, *, #2166, .T. );
#1182 = CARTESIAN_POINT( '', ( -0.0207353602063363, -0.221060884347096, 0.00200000000000000 ) );
#1183 = DIRECTION( '', ( -1.00000000000000, 0.000000000000000, 0.000000000000000 ) );
#1184 = DIRECTION( '', ( 0.000000000000000, 0.000000000000000, 1.00000000000000 ) );
#1185 = SURFACE_STYLE_FILL_AREA( #2167 );
#1186 = ORIENTED_EDGE( '', *, *, #2168, .F. );
#1187 = ORIENTED_EDGE( '', *, *, #2169, .F. );
#1188 = ORIENTED_EDGE( '', *, *, #2100, .T. );
#1189 = ORIENTED_EDGE( '', *, *, #2095, .T. );
#1190 = CARTESIAN_POINT( '', ( 0.303526934875631, -0.214831376150375, 0.00200000000000000 ) );
#1191 = DIRECTION( '', ( 0.000000000000000, 1.00000000000000, 0.000000000000000 ) );
#1192 = DIRECTION( '', ( 0.000000000000000, 0.000000000000000, 1.00000000000000 ) );
#1193 = SURFACE_STYLE_FILL_AREA( #2170 );
#1194 = ORIENTED_EDGE( '', *, *, #2171, .F. );
#1195 = ORIENTED_EDGE( '', *, *, #2172, .F. );
#1196 = ORIENTED_EDGE( '', *, *, #2173, .T. );
#1197 = ORIENTED_EDGE( '', *, *, #2174, .T. );
#1198 = CARTESIAN_POINT( '', ( -0.736800933976828, 0.0953325582758548, 0.00200000000000000 ) );
#1199 = DIRECTION( '', ( 0.965081274590535, 0.261950631674574, 0.000000000000000 ) );
#1200 = DIRECTION( '', ( -0.261950631674574, 0.965081274590535, 0.000000000000000 ) );
#1201 = SURFACE_STYLE_FILL_AREA( #2175 );
#1202 = ORIENTED_EDGE( '', *, *, #2176, .F. );
#1203 = ORIENTED_EDGE( '', *, *, #2177, .F. );
#1204 = ORIENTED_EDGE( '', *, *, #2178, .T. );
#1205 = ORIENTED_EDGE( '', *, *, #2172, .T. );
#1206 = CARTESIAN_POINT( '', ( -0.738112409386664, 0.0953325582758548, 0.00200000000000000 ) );
#1207 = DIRECTION( '', ( 0.000000000000000, 1.00000000000000, 0.000000000000000 ) );
#1208 = DIRECTION( '', ( 0.000000000000000, 0.000000000000000, 1.00000000000000 ) );
#1209 = SURFACE_STYLE_FILL_AREA( #2179 );
#1210 = ORIENTED_EDGE( '', *, *, #2180, .F. );
#1211 = ORIENTED_EDGE( '', *, *, #2181, .T. );
#1212 = ORIENTED_EDGE( '', *, *, #2087, .F. );
#1213 = ORIENTED_EDGE( '', *, *, #2182, .F. );
#1214 = ORIENTED_EDGE( '', *, *, #2183, .T. );
#1215 = ORIENTED_EDGE( '', *, *, #2184, .T. );
#1216 = ORIENTED_EDGE( '', *, *, #2185, .T. );
#1217 = ORIENTED_EDGE( '', *, *, #2119, .F. );
#1218 = CARTESIAN_POINT( '', ( -1.50000000000000, -1.50000000000000, 1.20000000000000 ) );
#1219 = DIRECTION( '', ( 0.000000000000000, 1.00000000000000, 0.000000000000000 ) );
#1220 = DIRECTION( '', ( 0.000000000000000, 0.000000000000000, 1.00000000000000 ) );
#1221 = SURFACE_STYLE_FILL_AREA( #2186 );
#1222 = ORIENTED_EDGE( '', *, *, #2187, .F. );
#1223 = ORIENTED_EDGE( '', *, *, #2188, .F. );
#1224 = ORIENTED_EDGE( '', *, *, #2189, .T. );
#1225 = ORIENTED_EDGE( '', *, *, #2190, .T. );
#1226 = CARTESIAN_POINT( '', ( 1.50000000000000, -0.600000000000000, 0.000200000000000000 ) );
#1227 = DIRECTION( '', ( 0.000000000000000, -1.00000000000000, 0.000000000000000 ) );
#1228 = DIRECTION( '', ( 0.000000000000000, 0.000000000000000, -1.00000000000000 ) );
#1229 = SURFACE_STYLE_FILL_AREA( #2191 );
#1230 = ORIENTED_EDGE( '', *, *, #2192, .F. );
#1231 = ORIENTED_EDGE( '', *, *, #2193, .F. );
#1232 = ORIENTED_EDGE( '', *, *, #2194, .T. );
#1233 = ORIENTED_EDGE( '', *, *, #2177, .T. );
#1234 = CARTESIAN_POINT( '', ( -0.856473065124369, -0.340733015494637, 0.00200000000000000 ) );
#1235 = DIRECTION( '', ( -0.965081274590535, 0.261950631674574, 0.000000000000000 ) );
#1236 = DIRECTION( '', ( -0.261950631674574, -0.965081274590535, 0.000000000000000 ) );
#1237 = SURFACE_STYLE_FILL_AREA( #2195 );
#1238 = ORIENTED_EDGE( '', *, *, #2196, .F. );
#1239 = ORIENTED_EDGE( '', *, *, #2197, .F. );
#1240 = ORIENTED_EDGE( '', *, *, #2198, .T. );
#1241 = ORIENTED_EDGE( '', *, *, #2199, .T. );
#1242 = CARTESIAN_POINT( '', ( 0.0579531643838274, 0.150414525488970, 0.00200000000000000 ) );
#1243 = DIRECTION( '', ( 0.000000000000000, -1.00000000000000, 0.000000000000000 ) );
#1244 = DIRECTION( '', ( 0.000000000000000, 0.000000000000000, -1.00000000000000 ) );
#1245 = SURFACE_STYLE_FILL_AREA( #2200 );
#1246 = ORIENTED_EDGE( '', *, *, #2201, .F. );
#1247 = ORIENTED_EDGE( '', *, *, #2202, .F. );
#1248 = ORIENTED_EDGE( '', *, *, #2203, .F. );
#1249 = ORIENTED_EDGE( '', *, *, #2204, .F. );
#1250 = ORIENTED_EDGE( '', *, *, #2091, .F. );
#1251 = ORIENTED_EDGE( '', *, *, #2205, .F. );
#1252 = ORIENTED_EDGE( '', *, *, #2206, .F. );
#1253 = ORIENTED_EDGE( '', *, *, #2207, .F. );
#1254 = CARTESIAN_POINT( '', ( 0.653690869301861, -0.123425719740287, 0.00200000000000000 ) );
#1255 = DIRECTION( '', ( 0.000000000000000, 0.000000000000000, -1.00000000000000 ) );
#1256 = DIRECTION( '', ( -1.00000000000000, 0.000000000000000, 0.000000000000000 ) );
#1257 = SURFACE_STYLE_FILL_AREA( #2208 );
#1258 = ORIENTED_EDGE( '', *, *, #2209, .F. );
#1259 = ORIENTED_EDGE( '', *, *, #2210, .F. );
#1260 = ORIENTED_EDGE( '', *, *, #2211, .F. );
#1261 = ORIENTED_EDGE( '', *, *, #2189, .F. );
#1262 = CARTESIAN_POINT( '', ( 0.000000000000000, 0.000000000000000, 0.000200000000000000 ) );
#1263 = DIRECTION( '', ( 0.000000000000000, 0.000000000000000, -1.00000000000000 ) );
#1264 = DIRECTION( '', ( -1.00000000000000, 0.000000000000000, 0.000000000000000 ) );
#1265 = SURFACE_STYLE_FILL_AREA( #2212 );
#1266 = ORIENTED_EDGE( '', *, *, #2213, .T. );
#1267 = ORIENTED_EDGE( '', *, *, #2214, .T. );
#1268 = ORIENTED_EDGE( '', *, *, #2215, .T. );
#1269 = ORIENTED_EDGE( '', *, *, #2216, .T. );
#1270 = ORIENTED_EDGE( '', *, *, #2089, .T. );
#1271 = ORIENTED_EDGE( '', *, *, #2217, .T. );
#1272 = ORIENTED_EDGE( '', *, *, #2218, .T. );
#1273 = ORIENTED_EDGE( '', *, *, #2219, .T. );
#1274 = ORIENTED_EDGE( '', *, *, #2103, .T. );
#1275 = ORIENTED_EDGE( '', *, *, #2220, .T. );
#1276 = ORIENTED_EDGE( '', *, *, #2221, .T. );
#1277 = ORIENTED_EDGE( '', *, *, #2143, .T. );
#1278 = ORIENTED_EDGE( '', *, *, #2222, .T. );
#1279 = ORIENTED_EDGE( '', *, *, #2133, .T. );
#1280 = ORIENTED_EDGE( '', *, *, #2223, .T. );
#1281 = ORIENTED_EDGE( '', *, *, #2224, .T. );
#1282 = ORIENTED_EDGE( '', *, *, #2128, .T. );
#1283 = ORIENTED_EDGE( '', *, *, #2225, .T. );
#1284 = ORIENTED_EDGE( '', *, *, #2163, .T. );
#1285 = ORIENTED_EDGE( '', *, *, #2226, .T. );
#1286 = ORIENTED_EDGE( '', *, *, #2227, .T. );
#1287 = ORIENTED_EDGE( '', *, *, #2228, .T. );
#1288 = ORIENTED_EDGE( '', *, *, #2229, .T. );
#1289 = ORIENTED_EDGE( '', *, *, #2192, .T. );
#1290 = ORIENTED_EDGE( '', *, *, #2176, .T. );
#1291 = ORIENTED_EDGE( '', *, *, #2171, .T. );
#1292 = ORIENTED_EDGE( '', *, *, #2230, .T. );
#1293 = ORIENTED_EDGE( '', *, *, #2158, .T. );
#1294 = ORIENTED_EDGE( '', *, *, #2231, .T. );
#1295 = ORIENTED_EDGE( '', *, *, #2232, .T. );
#1296 = ORIENTED_EDGE( '', *, *, #2079, .T. );
#1297 = ORIENTED_EDGE( '', *, *, #2154, .T. );
#1298 = ORIENTED_EDGE( '', *, *, #2233, .T. );
#1299 = ORIENTED_EDGE( '', *, *, #2234, .T. );
#1300 = ORIENTED_EDGE( '', *, *, #2235, .T. );
#1301 = ORIENTED_EDGE( '', *, *, #2236, .T. );
#1302 = ORIENTED_EDGE( '', *, *, #2237, .F. );
#1303 = ORIENTED_EDGE( '', *, *, #2238, .F. );
#1304 = ORIENTED_EDGE( '', *, *, #2120, .F. );
#1305 = ORIENTED_EDGE( '', *, *, #2185, .F. );
#1306 = ORIENTED_EDGE( '', *, *, #2239, .T. );
#1307 = ORIENTED_EDGE( '', *, *, #2240, .T. );
#1308 = ORIENTED_EDGE( '', *, *, #2241, .T. );
#1309 = ORIENTED_EDGE( '', *, *, #2242, .T. );
#1310 = ORIENTED_EDGE( '', *, *, #2243, .T. );
#1311 = ORIENTED_EDGE( '', *, *, #2244, .T. );
#1312 = ORIENTED_EDGE( '', *, *, #2196, .T. );
#1313 = ORIENTED_EDGE( '', *, *, #2245, .T. );
#1314 = ORIENTED_EDGE( '', *, *, #2246, .T. );
#1315 = ORIENTED_EDGE( '', *, *, #2247, .T. );
#1316 = ORIENTED_EDGE( '', *, *, #2248, .T. );
#1317 = ORIENTED_EDGE( '', *, *, #2249, .T. );
#1318 = ORIENTED_EDGE( '', *, *, #2138, .T. );
#1319 = ORIENTED_EDGE( '', *, *, #2250, .T. );
#1320 = ORIENTED_EDGE( '', *, *, #2251, .T. );
#1321 = ORIENTED_EDGE( '', *, *, #2252, .T. );
#1322 = ORIENTED_EDGE( '', *, *, #2253, .T. );
#1323 = ORIENTED_EDGE( '', *, *, #2254, .T. );
#1324 = ORIENTED_EDGE( '', *, *, #2255, .T. );
#1325 = ORIENTED_EDGE( '', *, *, #2256, .T. );
#1326 = ORIENTED_EDGE( '', *, *, #2257, .T. );
#1327 = ORIENTED_EDGE( '', *, *, #2168, .T. );
#1328 = ORIENTED_EDGE( '', *, *, #2094, .T. );
#1329 = ORIENTED_EDGE( '', *, *, #2123, .T. );
#1330 = ORIENTED_EDGE( '', *, *, #2258, .T. );
#1331 = ORIENTED_EDGE( '', *, *, #2113, .T. );
#1332 = ORIENTED_EDGE( '', *, *, #2259, .T. );
#1333 = ORIENTED_EDGE( '', *, *, #2149, .T. );
#1334 = ORIENTED_EDGE( '', *, *, #2260, .T. );
#1335 = ORIENTED_EDGE( '', *, *, #2108, .T. );
#1336 = ORIENTED_EDGE( '', *, *, #2261, .T. );
#1337 = CARTESIAN_POINT( '', ( 0.000000000000000, 0.000000000000000, 0.000000000000000 ) );
#1338 = DIRECTION( '', ( 0.000000000000000, 0.000000000000000, 1.00000000000000 ) );
#1339 = DIRECTION( '', ( 1.00000000000000, 0.000000000000000, 0.000000000000000 ) );
#1340 = SURFACE_STYLE_FILL_AREA( #2262 );
#1341 = ORIENTED_EDGE( '', *, *, #2214, .F. );
#1342 = ORIENTED_EDGE( '', *, *, #2263, .F. );
#1343 = ORIENTED_EDGE( '', *, *, #2207, .T. );
#1344 = ORIENTED_EDGE( '', *, *, #2264, .T. );
#1345 = CARTESIAN_POINT( '', ( 0.428117098810057, 0.150414525488970, 0.00200000000000000 ) );
#1346 = DIRECTION( '', ( 1.00000000000000, 0.000000000000000, 0.000000000000000 ) );
#1347 = DIRECTION( '', ( 0.000000000000000, 0.000000000000000, -1.00000000000000 ) );
#1348 = SURFACE_STYLE_FILL_AREA( #2265 );
#1349 = ORIENTED_EDGE( '', *, *, #2230, .F. );
#1350 = ORIENTED_EDGE( '', *, *, #2174, .F. );
#1351 = ORIENTED_EDGE( '', *, *, #2266, .T. );
#1352 = ORIENTED_EDGE( '', *, *, #2159, .T. );
#1353 = CARTESIAN_POINT( '', ( -0.618440278239123, -0.340733015494637, 0.00200000000000000 ) );
#1354 = DIRECTION( '', ( 0.000000000000000, 1.00000000000000, 0.000000000000000 ) );
#1355 = DIRECTION( '', ( 0.000000000000000, 0.000000000000000, 1.00000000000000 ) );
#1356 = SURFACE_STYLE_FILL_AREA( #2267 );
#1357 = ORIENTED_EDGE( '', *, *, #2253, .F. );
#1358 = ORIENTED_EDGE( '', *, *, #2268, .F. );
#1359 = ORIENTED_EDGE( '', *, *, #2269, .T. );
#1360 = ORIENTED_EDGE( '', *, *, #2270, .T. );
#1361 = CARTESIAN_POINT( '', ( 0.221231852908418, 0.150414525488970, 0.00200000000000000 ) );
#1362 = DIRECTION( '', ( 0.870424717995354, -0.492301544079144, 0.000000000000000 ) );
#1363 = DIRECTION( '', ( 0.492301544079144, 0.870424717995354, 0.000000000000000 ) );
#1364 = SURFACE_STYLE_FILL_AREA( #2271 );
#1365 = ORIENTED_EDGE( '', *, *, #2259, .F. );
#1366 = ORIENTED_EDGE( '', *, *, #2116, .F. );
#1367 = ORIENTED_EDGE( '', *, *, #2272, .T. );
#1368 = ORIENTED_EDGE( '', *, *, #2150, .T. );
#1369 = CARTESIAN_POINT( '', ( 0.958936770941205, -0.214831376150375, 0.00200000000000000 ) );
#1370 = CARTESIAN_POINT( '', ( 0.958936770941205, -0.101716622052014, 0.00200000000000000 ) );
#1371 = CARTESIAN_POINT( '', ( 0.958936770941205, 0.0113981320463466, 0.00200000000000000 ) );
#1372 = CARTESIAN_POINT( '', ( 0.958936770941205, 0.124512886144707, 0.00200000000000000 ) );
#1373 = CARTESIAN_POINT( '', ( 0.958936770941205, 0.175660427128314, 0.00200000000000000 ) );
#1374 = CARTESIAN_POINT( '', ( 0.949428574219893, 0.214021082866019, 0.00200000000000000 ) );
#1375 = CARTESIAN_POINT( '', ( 0.930084311924811, 0.239266984505363, 0.00200000000000000 ) );
#1376 = CARTESIAN_POINT( '', ( 0.910861336715320, 0.264354596219445, 0.00200000000000000 ) );
#1377 = CARTESIAN_POINT( '', ( 0.880576115203500, 0.276971902538150, 0.00200000000000000 ) );
#1378 = CARTESIAN_POINT( '', ( 0.804510541433008, 0.276971902538150, 0.00200000000000000 ) );
#1379 = CARTESIAN_POINT( '', ( 0.777625295531369, 0.269103050079133, 0.00200000000000000 ) );
#1380 = CARTESIAN_POINT( '', ( 0.759264639793664, 0.252709607456183, 0.00200000000000000 ) );
#1381 = CARTESIAN_POINT( '', ( 0.740721550287096, 0.236153277539604, 0.00200000000000000 ) );
#1382 = CARTESIAN_POINT( '', ( 0.731067918482188, 0.214676820570937, 0.00200000000000000 ) );
#1383 = CARTESIAN_POINT( '', ( 0.730740049629730, 0.187791574669297, 0.00200000000000000 ) );
#1384 = DIRECTION( '', ( 0.000000000000000, 0.000000000000000, -1.00000000000000 ) );
#1385 = SURFACE_STYLE_FILL_AREA( #2273 );
#1386 = ORIENTED_EDGE( '', *, *, #2236, .F. );
#1387 = ORIENTED_EDGE( '', *, *, #2274, .F. );
#1388 = ORIENTED_EDGE( '', *, *, #2275, .T. );
#1389 = ORIENTED_EDGE( '', *, *, #2276, .T. );
#1390 = CARTESIAN_POINT( '', ( -0.888932081517812, -0.299421540084801, 0.00200000000000000 ) );
#1391 = DIRECTION( '', ( -1.00000000000000, 0.000000000000000, 0.000000000000000 ) );
#1392 = DIRECTION( '', ( 0.000000000000000, 0.000000000000000, 1.00000000000000 ) );
#1393 = SURFACE_STYLE_FILL_AREA( #2277 );
#1394 = ORIENTED_EDGE( '', *, *, #2222, .F. );
#1395 = ORIENTED_EDGE( '', *, *, #2278, .F. );
#1396 = ORIENTED_EDGE( '', *, *, #2279, .T. );
#1397 = ORIENTED_EDGE( '', *, *, #2134, .T. );
#1398 = CARTESIAN_POINT( '', ( -0.128604212665353, 0.150414525488970, 0.00200000000000000 ) );
#1399 = DIRECTION( '', ( 0.000000000000000, -1.00000000000000, 0.000000000000000 ) );
#1400 = DIRECTION( '', ( 0.000000000000000, 0.000000000000000, -1.00000000000000 ) );
#1401 = SURFACE_STYLE_FILL_AREA( #2280 );
#1402 = ORIENTED_EDGE( '', *, *, #2281, .F. );
#1403 = ORIENTED_EDGE( '', *, *, #2282, .F. );
#1404 = ORIENTED_EDGE( '', *, *, #2210, .T. );
#1405 = ORIENTED_EDGE( '', *, *, #2283, .T. );
#1406 = CARTESIAN_POINT( '', ( -1.50000000000000, 0.600000000000000, 0.000200000000000000 ) );
#1407 = DIRECTION( '', ( 0.000000000000000, 1.00000000000000, 0.000000000000000 ) );
#1408 = DIRECTION( '', ( 0.000000000000000, 0.000000000000000, 1.00000000000000 ) );
#1409 = SURFACE_STYLE_FILL_AREA( #2284 );
#1410 = ORIENTED_EDGE( '', *, *, #2085, .F. );
#1411 = ORIENTED_EDGE( '', *, *, #2285, .F. );
#1412 = ORIENTED_EDGE( '', *, *, #2286, .F. );
#1413 = ORIENTED_EDGE( '', *, *, #2121, .T. );
#1414 = ORIENTED_EDGE( '', *, *, #2238, .T. );
#1415 = ORIENTED_EDGE( '', *, *, #2287, .F. );
#1416 = ORIENTED_EDGE( '', *, *, #2288, .T. );
#1417 = ORIENTED_EDGE( '', *, *, #2289, .T. );
#1418 = CARTESIAN_POINT( '', ( 1.50000000000000, 1.50000000000000, 1.20000000000000 ) );
#1419 = DIRECTION( '', ( 0.000000000000000, -1.00000000000000, 0.000000000000000 ) );
#1420 = DIRECTION( '', ( 0.000000000000000, 0.000000000000000, -1.00000000000000 ) );
#1421 = SURFACE_STYLE_FILL_AREA( #2290 );
#1422 = ORIENTED_EDGE( '', *, *, #2255, .F. );
#1423 = ORIENTED_EDGE( '', *, *, #2291, .F. );
#1424 = ORIENTED_EDGE( '', *, *, #2292, .T. );
#1425 = ORIENTED_EDGE( '', *, *, #2197, .T. );
#1426 = CARTESIAN_POINT( '', ( 0.0579531643838274, 0.0225456730299531, 0.00200000000000000 ) );
#1427 = DIRECTION( '', ( -1.00000000000000, 0.000000000000000, 0.000000000000000 ) );
#1428 = DIRECTION( '', ( 0.000000000000000, 0.000000000000000, 1.00000000000000 ) );
#1429 = SURFACE_STYLE_FILL_AREA( #2293 );
#1430 = ORIENTED_EDGE( '', *, *, #2294, .F. );
#1431 = ORIENTED_EDGE( '', *, *, #2283, .F. );
#1432 = ORIENTED_EDGE( '', *, *, #2209, .T. );
#1433 = ORIENTED_EDGE( '', *, *, #2188, .T. );
#1434 = CARTESIAN_POINT( '', ( 1.50000000000000, 0.600000000000000, 0.000200000000000000 ) );
#1435 = DIRECTION( '', ( 1.00000000000000, 0.000000000000000, 0.000000000000000 ) );
#1436 = DIRECTION( '', ( 0.000000000000000, 0.000000000000000, -1.00000000000000 ) );
#1437 = SURFACE_STYLE_FILL_AREA( #2295 );
#1438 = ORIENTED_EDGE( '', *, *, #2244, .F. );
#1439 = ORIENTED_EDGE( '', *, *, #2296, .F. );
#1440 = ORIENTED_EDGE( '', *, *, #2297, .T. );
#1441 = ORIENTED_EDGE( '', *, *, #2298, .T. );
#1442 = CARTESIAN_POINT( '', ( -0.294505852009615, 0.0969719025381499, 0.00200000000000000 ) );
#1443 = DIRECTION( '', ( 0.000000000000000, -1.00000000000000, 0.000000000000000 ) );
#1444 = DIRECTION( '', ( 0.000000000000000, 0.000000000000000, -1.00000000000000 ) );
#1445 = SURFACE_STYLE_FILL_AREA( #2299 );
#1446 = ORIENTED_EDGE( '', *, *, #2300, .F. );
#1447 = ORIENTED_EDGE( '', *, *, #2190, .F. );
#1448 = ORIENTED_EDGE( '', *, *, #2211, .T. );
#1449 = ORIENTED_EDGE( '', *, *, #2282, .T. );
#1450 = CARTESIAN_POINT( '', ( -1.50000000000000, -0.600000000000000, 0.000200000000000000 ) );
#1451 = DIRECTION( '', ( -1.00000000000000, 0.000000000000000, 0.000000000000000 ) );
#1452 = DIRECTION( '', ( 0.000000000000000, 0.000000000000000, 1.00000000000000 ) );
#1453 = SURFACE_STYLE_FILL_AREA( #2301 );
#1454 = ORIENTED_EDGE( '', *, *, #2231, .F. );
#1455 = ORIENTED_EDGE( '', *, *, #2161, .F. );
#1456 = ORIENTED_EDGE( '', *, *, #2302, .T. );
#1457 = ORIENTED_EDGE( '', *, *, #2303, .T. );
#1458 = CARTESIAN_POINT( '', ( -0.545981261845681, 0.150414525488970, 0.00200000000000000 ) );
#1459 = DIRECTION( '', ( 0.000000000000000, -1.00000000000000, 0.000000000000000 ) );
#1460 = DIRECTION( '', ( 0.000000000000000, 0.000000000000000, -1.00000000000000 ) );
#1461 = SURFACE_STYLE_FILL_AREA( #2304 );
#1462 = ORIENTED_EDGE( '', *, *, #2184, .F. );
#1463 = ORIENTED_EDGE( '', *, *, #2305, .T. );
#1464 = ORIENTED_EDGE( '', *, *, #2287, .T. );
#1465 = ORIENTED_EDGE( '', *, *, #2237, .T. );
#1466 = CARTESIAN_POINT( '', ( -1.50000000000000, 1.50000000000000, 1.20000000000000 ) );
#1467 = DIRECTION( '', ( 1.00000000000000, 0.000000000000000, 0.000000000000000 ) );
#1468 = DIRECTION( '', ( 0.000000000000000, 0.000000000000000, -1.00000000000000 ) );
#1469 = SURFACE_STYLE_FILL_AREA( #2306 );
#1470 = ORIENTED_EDGE( '', *, *, #2241, .F. );
#1471 = ORIENTED_EDGE( '', *, *, #2307, .F. );
#1472 = ORIENTED_EDGE( '', *, *, #2308, .T. );
#1473 = ORIENTED_EDGE( '', *, *, #2309, .T. );
#1474 = CARTESIAN_POINT( '', ( -0.471227163485025, -0.106306785986440, 0.00200000000000000 ) );
#1475 = CARTESIAN_POINT( '', ( -0.471227163485025, -0.184011704019227, 0.00200000000000000 ) );
#1476 = CARTESIAN_POINT( '', ( -0.433522245452238, -0.223028097461850, 0.00200000000000000 ) );
#1477 = CARTESIAN_POINT( '', ( -0.289587819222730, -0.223028097461850, 0.00200000000000000 ) );
#1478 = CARTESIAN_POINT( '', ( -0.255161589714533, -0.190896949920867, 0.00200000000000000 ) );
#1479 = CARTESIAN_POINT( '', ( -0.255161589714533, -0.126306785986440, 0.00200000000000000 ) );
#1480 = CARTESIAN_POINT( '', ( -0.255161589714533, -0.0541756384454567, 0.00200000000000000 ) );
#1481 = CARTESIAN_POINT( '', ( -0.255161589714533, 0.0179555090955269, 0.00200000000000000 ) );
#1482 = CARTESIAN_POINT( '', ( -0.255161589714533, 0.0900866566365105, 0.00200000000000000 ) );
#1483 = CARTESIAN_POINT( '', ( -0.255161589714533, 0.110086656636510, 0.00200000000000000 ) );
#1484 = CARTESIAN_POINT( '', ( -0.247948474960434, 0.120250591062740, 0.00200000000000000 ) );
#1485 = CARTESIAN_POINT( '', ( -0.233850114304697, 0.120250591062740, 0.00200000000000000 ) );
#1486 = CARTESIAN_POINT( '', ( -0.229915688075189, 0.120250591062740, 0.00200000000000000 ) );
#1487 = CARTESIAN_POINT( '', ( -0.225981261845681, 0.120250591062740, 0.00200000000000000 ) );
#1488 = CARTESIAN_POINT( '', ( -0.222046835616173, 0.120250591062740, 0.00200000000000000 ) );
#1489 = DIRECTION( '', ( 0.000000000000000, 0.000000000000000, -1.00000000000000 ) );
#1490 = SURFACE_STYLE_FILL_AREA( #2310 );
#1491 = ORIENTED_EDGE( '', *, *, #2232, .F. );
#1492 = ORIENTED_EDGE( '', *, *, #2303, .F. );
#1493 = ORIENTED_EDGE( '', *, *, #2311, .T. );
#1494 = ORIENTED_EDGE( '', *, *, #2080, .T. );
#1495 = CARTESIAN_POINT( '', ( -0.590243556927648, 0.150414525488970, 0.00200000000000000 ) );
#1496 = DIRECTION( '', ( 1.00000000000000, 0.000000000000000, 0.000000000000000 ) );
#1497 = DIRECTION( '', ( 0.000000000000000, 0.000000000000000, -1.00000000000000 ) );
#1498 = SURFACE_STYLE_FILL_AREA( #2312 );
#1499 = ORIENTED_EDGE( '', *, *, #2248, .F. );
#1500 = ORIENTED_EDGE( '', *, *, #2313, .F. );
#1501 = ORIENTED_EDGE( '', *, *, #2314, .T. );
#1502 = ORIENTED_EDGE( '', *, *, #2315, .T. );
#1503 = CARTESIAN_POINT( '', ( 0.0579531643838274, -0.0331920318880796, 0.00200000000000000 ) );
#1504 = DIRECTION( '', ( 0.000000000000000, 1.00000000000000, 0.000000000000000 ) );
#1505 = DIRECTION( '', ( 0.000000000000000, 0.000000000000000, 1.00000000000000 ) );
#1506 = SURFACE_STYLE_FILL_AREA( #2316 );
#1507 = ORIENTED_EDGE( '', *, *, #2180, .T. );
#1508 = ORIENTED_EDGE( '', *, *, #2118, .T. );
#1509 = ORIENTED_EDGE( '', *, *, #2286, .T. );
#1510 = ORIENTED_EDGE( '', *, *, #2317, .T. );
#1511 = CARTESIAN_POINT( '', ( 0.000000000000000, 0.000000000000000, 1.19980000000000 ) );
#1512 = DIRECTION( '', ( 0.000000000000000, 0.000000000000000, 1.00000000000000 ) );
#1513 = DIRECTION( '', ( 1.00000000000000, 0.000000000000000, 0.000000000000000 ) );
#1514 = SURFACE_STYLE_FILL_AREA( #2318 );
#1515 = ORIENTED_EDGE( '', *, *, #2260, .F. );
#1516 = ORIENTED_EDGE( '', *, *, #2152, .F. );
#1517 = ORIENTED_EDGE( '', *, *, #2319, .T. );
#1518 = ORIENTED_EDGE( '', *, *, #2109, .T. );
#1519 = CARTESIAN_POINT( '', ( 0.772051525039565, 0.187791574669297, 0.00200000000000000 ) );
#1520 = CARTESIAN_POINT( '', ( 0.772051525039565, 0.204840754997167, 0.00200000000000000 ) );
#1521 = CARTESIAN_POINT( '', ( 0.778608902088746, 0.218283377947986, 0.00200000000000000 ) );
#1522 = CARTESIAN_POINT( '', ( 0.791723656187106, 0.228119443521757, 0.00200000000000000 ) );
#1523 = CARTESIAN_POINT( '', ( 0.805048246351041, 0.238112886144707, 0.00200000000000000 ) );
#1524 = CARTESIAN_POINT( '', ( 0.821559721760877, 0.242545673029953, 0.00200000000000000 ) );
#1525 = CARTESIAN_POINT( '', ( 0.892051525039566, 0.242545673029953, 0.00200000000000000 ) );
#1526 = CARTESIAN_POINT( '', ( 0.917625295531369, 0.209430918931592, 0.00200000000000000 ) );
#1527 = CARTESIAN_POINT( '', ( 0.917625295531369, 0.142873541882412, 0.00200000000000000 ) );
#1528 = CARTESIAN_POINT( '', ( 0.917625295531369, 0.123638569204817, 0.00200000000000000 ) );
#1529 = CARTESIAN_POINT( '', ( 0.917625295531369, 0.104403596527221, 0.00200000000000000 ) );
#1530 = CARTESIAN_POINT( '', ( 0.917625295531369, 0.0851686238496253, 0.00200000000000000 ) );
#1531 = DIRECTION( '', ( 0.000000000000000, 0.000000000000000, -1.00000000000000 ) );
#1532 = SURFACE_STYLE_FILL_AREA( #2320 );
#1533 = ORIENTED_EDGE( '', *, *, #2246, .F. );
#1534 = ORIENTED_EDGE( '', *, *, #2321, .F. );
#1535 = ORIENTED_EDGE( '', *, *, #2322, .T. );
#1536 = ORIENTED_EDGE( '', *, *, #2323, .T. );
#1537 = CARTESIAN_POINT( '', ( 0.0166416889739913, -0.340733015494637, 0.00200000000000000 ) );
#1538 = DIRECTION( '', ( 0.000000000000000, 1.00000000000000, 0.000000000000000 ) );
#1539 = DIRECTION( '', ( 0.000000000000000, 0.000000000000000, 1.00000000000000 ) );
#1540 = SURFACE_STYLE_FILL_AREA( #2324 );
#1541 = ORIENTED_EDGE( '', *, *, #2250, .F. );
#1542 = ORIENTED_EDGE( '', *, *, #2141, .F. );
#1543 = ORIENTED_EDGE( '', *, *, #2325, .T. );
#1544 = ORIENTED_EDGE( '', *, *, #2326, .T. );
#1545 = CARTESIAN_POINT( '', ( 0.252051525039565, -0.214831376150375, 0.00200000000000000 ) );
#1546 = DIRECTION( '', ( -0.775711678699104, -0.631087467416220, 0.000000000000000 ) );
#1547 = DIRECTION( '', ( 0.631087467416220, -0.775711678699104, 0.000000000000000 ) );
#1548 = SURFACE_STYLE_FILL_AREA( #2327 );
#1549 = ORIENTED_EDGE( '', *, *, #2247, .F. );
#1550 = ORIENTED_EDGE( '', *, *, #2323, .F. );
#1551 = ORIENTED_EDGE( '', *, *, #2328, .T. );
#1552 = ORIENTED_EDGE( '', *, *, #2313, .T. );
#1553 = CARTESIAN_POINT( '', ( 0.0579531643838274, -0.340733015494637, 0.00200000000000000 ) );
#1554 = DIRECTION( '', ( -1.00000000000000, 0.000000000000000, 0.000000000000000 ) );
#1555 = DIRECTION( '', ( 0.000000000000000, 0.000000000000000, 1.00000000000000 ) );
#1556 = SURFACE_STYLE_FILL_AREA( #2329 );
#1557 = ORIENTED_EDGE( '', *, *, #2330, .T. );
#1558 = ORIENTED_EDGE( '', *, *, #2331, .T. );
#1559 = ORIENTED_EDGE( '', *, *, #2332, .T. );
#1560 = CARTESIAN_POINT( '', ( 0.000000000000000, 0.000000000000000, 0.000000000000000 ) );
#1561 = DIRECTION( '', ( 0.000000000000000, 0.000000000000000, 1.00000000000000 ) );
#1562 = DIRECTION( '', ( 1.00000000000000, 0.000000000000000, 0.000000000000000 ) );
#1563 = SURFACE_STYLE_FILL_AREA( #2333 );
#1564 = ORIENTED_EDGE( '', *, *, #2334, .T. );
#1565 = ORIENTED_EDGE( '', *, *, #2147, .F. );
#1566 = CARTESIAN_POINT( '', ( 0.762215459465795, -0.0367985892651288, 0.00200000000000000 ) );
#1567 = CARTESIAN_POINT( '', ( 0.762215459465795, 0.0192669845053630, 0.00200000000000000 ) );
#1568 = CARTESIAN_POINT( '', ( 0.768772836514975, 0.0589391156529040, 0.00200000000000000 ) );
#1569 = CARTESIAN_POINT( '', ( 0.794346607006778, 0.104840754997166, 0.00200000000000000 ) );
#1570 = CARTESIAN_POINT( '', ( 0.814018738154319, 0.115988295980773, 0.00200000000000000 ) );
#1571 = CARTESIAN_POINT( '', ( 0.866149885695303, 0.115988295980773, 0.00200000000000000 ) );
#1572 = CARTESIAN_POINT( '', ( 0.885822016842844, 0.104840754997166, 0.00200000000000000 ) );
#1573 = CARTESIAN_POINT( '', ( 0.911395787334648, 0.0589391156529040, 0.00200000000000000 ) );
#1574 = CARTESIAN_POINT( '', ( 0.917625295531369, 0.0192669845053630, 0.00200000000000000 ) );
#1575 = CARTESIAN_POINT( '', ( 0.917625295531369, -0.0922084253307026, 0.00200000000000000 ) );
#1576 = CARTESIAN_POINT( '', ( 0.911395787334648, -0.131224818773326, 0.00200000000000000 ) );
#1577 = CARTESIAN_POINT( '', ( 0.885822016842844, -0.177126458117588, 0.00200000000000000 ) );
#1578 = CARTESIAN_POINT( '', ( 0.866149885695303, -0.188601867953654, 0.00200000000000000 ) );
#1579 = CARTESIAN_POINT( '', ( 0.814018738154319, -0.188601867953654, 0.00200000000000000 ) );
#1580 = CARTESIAN_POINT( '', ( 0.794346607006778, -0.177126458117588, 0.00200000000000000 ) );
#1581 = CARTESIAN_POINT( '', ( 0.768772836514975, -0.131224818773326, 0.00200000000000000 ) );
#1582 = CARTESIAN_POINT( '', ( 0.762215459465795, -0.0922084253307026, 0.00200000000000000 ) );
#1583 = CARTESIAN_POINT( '', ( 0.762215459465795, -0.0367985892651288, 0.00200000000000000 ) );
#1584 = DIRECTION( '', ( 0.000000000000000, 0.000000000000000, -1.00000000000000 ) );
#1585 = SURFACE_STYLE_FILL_AREA( #2335 );
#1586 = ORIENTED_EDGE( '', *, *, #2233, .F. );
#1587 = ORIENTED_EDGE( '', *, *, #2156, .F. );
#1588 = ORIENTED_EDGE( '', *, *, #2336, .T. );
#1589 = ORIENTED_EDGE( '', *, *, #2337, .T. );
#1590 = CARTESIAN_POINT( '', ( -0.718768147091582, 0.150414525488970, 0.00200000000000000 ) );
#1591 = DIRECTION( '', ( 0.000000000000000, -1.00000000000000, 0.000000000000000 ) );
#1592 = DIRECTION( '', ( 0.000000000000000, 0.000000000000000, -1.00000000000000 ) );
#1593 = SURFACE_STYLE_FILL_AREA( #2338 );
#1594 = ORIENTED_EDGE( '', *, *, #2084, .T. );
#1595 = ORIENTED_EDGE( '', *, *, #2181, .F. );
#1596 = ORIENTED_EDGE( '', *, *, #2317, .F. );
#1597 = ORIENTED_EDGE( '', *, *, #2285, .T. );
#1598 = CARTESIAN_POINT( '', ( 0.300000000000000, 1.50000000000000, 1.19980000000000 ) );
#1599 = DIRECTION( '', ( -1.00000000000000, -1.08420217248550E-016, 0.000000000000000 ) );
#1600 = DIRECTION( '', ( 1.08420217248550E-016, -1.00000000000000, 0.000000000000000 ) );
#1601 = SURFACE_STYLE_FILL_AREA( #2339 );
#1602 = ORIENTED_EDGE( '', *, *, #2294, .T. );
#1603 = ORIENTED_EDGE( '', *, *, #2187, .T. );
#1604 = ORIENTED_EDGE( '', *, *, #2300, .T. );
#1605 = ORIENTED_EDGE( '', *, *, #2281, .T. );
#1606 = CARTESIAN_POINT( '', ( 0.000000000000000, 0.000000000000000, 0.000000000000000 ) );
#1607 = DIRECTION( '', ( 0.000000000000000, 0.000000000000000, -1.00000000000000 ) );
#1608 = DIRECTION( '', ( -1.00000000000000, 0.000000000000000, 0.000000000000000 ) );
#1609 = SURFACE_STYLE_FILL_AREA( #2340 );
#1610 = ORIENTED_EDGE( '', *, *, #2240, .F. );
#1611 = ORIENTED_EDGE( '', *, *, #2341, .F. );
#1612 = ORIENTED_EDGE( '', *, *, #2342, .T. );
#1613 = ORIENTED_EDGE( '', *, *, #2307, .T. );
#1614 = CARTESIAN_POINT( '', ( -0.429915688075189, -0.106306785986440, 0.00200000000000000 ) );
#1615 = DIRECTION( '', ( 0.000000000000000, -1.00000000000000, 0.000000000000000 ) );
#1616 = DIRECTION( '', ( 0.000000000000000, 0.000000000000000, -1.00000000000000 ) );
#1617 = SURFACE_STYLE_FILL_AREA( #2343 );
#1618 = ORIENTED_EDGE( '', *, *, #2243, .F. );
#1619 = ORIENTED_EDGE( '', *, *, #2344, .F. );
#1620 = ORIENTED_EDGE( '', *, *, #2345, .T. );
#1621 = ORIENTED_EDGE( '', *, *, #2296, .T. );
#1622 = CARTESIAN_POINT( '', ( -0.222046835616173, 0.150414525488970, 0.00200000000000000 ) );
#1623 = CARTESIAN_POINT( '', ( -0.229915688075189, 0.153365345161101, 0.00200000000000000 ) );
#1624 = CARTESIAN_POINT( '', ( -0.236473065124370, 0.154676820570937, 0.00200000000000000 ) );
#1625 = CARTESIAN_POINT( '', ( -0.259423884796500, 0.154676820570937, 0.00200000000000000 ) );
#1626 = CARTESIAN_POINT( '', ( -0.272538638894861, 0.151398132046347, 0.00200000000000000 ) );
#1627 = CARTESIAN_POINT( '', ( -0.281391097911255, 0.145496492702084, 0.00200000000000000 ) );
#1628 = CARTESIAN_POINT( '', ( -0.290167894884773, 0.139645294719739, 0.00200000000000000 ) );
#1629 = CARTESIAN_POINT( '', ( -0.294505852009615, 0.127135836964379, 0.00200000000000000 ) );
#1630 = CARTESIAN_POINT( '', ( -0.294505852009615, 0.109103050079133, 0.00200000000000000 ) );
#1631 = CARTESIAN_POINT( '', ( -0.294505852009615, 0.105059334232139, 0.00200000000000000 ) );
#1632 = CARTESIAN_POINT( '', ( -0.294505852009615, 0.101015618385144, 0.00200000000000000 ) );
#1633 = CARTESIAN_POINT( '', ( -0.294505852009615, 0.0969719025381499, 0.00200000000000000 ) );
#1634 = DIRECTION( '', ( 0.000000000000000, 0.000000000000000, -1.00000000000000 ) );
#1635 = SURFACE_STYLE_FILL_AREA( #2346 );
#1636 = ORIENTED_EDGE( '', *, *, #2198, .F. );
#1637 = ORIENTED_EDGE( '', *, *, #2292, .F. );
#1638 = ORIENTED_EDGE( '', *, *, #2347, .F. );
#1639 = ORIENTED_EDGE( '', *, *, #2269, .F. );
#1640 = ORIENTED_EDGE( '', *, *, #2348, .F. );
#1641 = ORIENTED_EDGE( '', *, *, #2349, .F. );
#1642 = ORIENTED_EDGE( '', *, *, #2325, .F. );
#1643 = ORIENTED_EDGE( '', *, *, #2140, .F. );
#1644 = ORIENTED_EDGE( '', *, *, #2350, .F. );
#1645 = ORIENTED_EDGE( '', *, *, #2314, .F. );
#1646 = ORIENTED_EDGE( '', *, *, #2328, .F. );
#1647 = ORIENTED_EDGE( '', *, *, #2322, .F. );
#1648 = ORIENTED_EDGE( '', *, *, #2351, .F. );
#1649 = CARTESIAN_POINT( '', ( 0.0372974266789094, 0.150414525488970, 0.00200000000000000 ) );
#1650 = DIRECTION( '', ( 0.000000000000000, 0.000000000000000, -1.00000000000000 ) );
#1651 = DIRECTION( '', ( -1.00000000000000, 0.000000000000000, 0.000000000000000 ) );
#1652 = SURFACE_STYLE_FILL_AREA( #2352 );
#1653 = ORIENTED_EDGE( '', *, *, #2331, .F. );
#1654 = ORIENTED_EDGE( '', *, *, #2353, .F. );
#1655 = ORIENTED_EDGE( '', *, *, #2354, .T. );
#1656 = ORIENTED_EDGE( '', *, *, #2355, .T. );
#1657 = CARTESIAN_POINT( '', ( -0.297784540534206, -0.0558149827077518, 0.00200000000000000 ) );
#1658 = CARTESIAN_POINT( '', ( -0.301063229058796, -0.0476182613962764, 0.00200000000000000 ) );
#1659 = CARTESIAN_POINT( '', ( -0.315817327419451, -0.0394215400848009, 0.00200000000000000 ) );
#1660 = CARTESIAN_POINT( '', ( -0.342046835616173, -0.0318805564782436, 0.00200000000000000 ) );
#1661 = CARTESIAN_POINT( '', ( -0.353328792261522, -0.0286369939427055, 0.00200000000000000 ) );
#1662 = CARTESIAN_POINT( '', ( -0.364779076053331, -0.0259789171339813, 0.00200000000000000 ) );
#1663 = CARTESIAN_POINT( '', ( -0.376145196271910, -0.0230280974618501, 0.00200000000000000 ) );
#1664 = CARTESIAN_POINT( '', ( -0.397773805633709, -0.0174129777236907, 0.00200000000000000 ) );
#1665 = CARTESIAN_POINT( '', ( -0.413522245452238, -0.00860186795365340, 0.00200000000000000 ) );
#1666 = CARTESIAN_POINT( '', ( -0.423686179878467, 0.00287354188241217, 0.00200000000000000 ) );
#1667 = CARTESIAN_POINT( '', ( -0.434012848844915, 0.0145326842638859, 0.00200000000000000 ) );
#1668 = CARTESIAN_POINT( '', ( -0.438768147091582, 0.0313981320463467, 0.00200000000000000 ) );
#1669 = CARTESIAN_POINT( '', ( -0.438768147091582, 0.0750046894233958, 0.00200000000000000 ) );
#1670 = CARTESIAN_POINT( '', ( -0.433850114304697, 0.0923817386037237, 0.00200000000000000 ) );
#1671 = CARTESIAN_POINT( '', ( -0.423358311026008, 0.105168623849625, 0.00200000000000000 ) );
#1672 = CARTESIAN_POINT( '', ( -0.412998428260058, 0.117794730970628, 0.00200000000000000 ) );
#1673 = CARTESIAN_POINT( '', ( -0.399096015944041, 0.124512886144707, 0.00200000000000000 ) );
#1674 = CARTESIAN_POINT( '', ( -0.355489458566992, 0.124512886144707, 0.00200000000000000 ) );
#1675 = CARTESIAN_POINT( '', ( -0.334833720862074, 0.115332558275855, 0.00200000000000000 ) );
#1676 = CARTESIAN_POINT( '', ( -0.304014048730926, 0.0792669845053630, 0.00200000000000000 ) );
#1677 = CARTESIAN_POINT( '', ( -0.296473065124369, 0.0536932140135597, 0.00200000000000000 ) );
#1678 = CARTESIAN_POINT( '', ( -0.296473065124369, 0.0212341976201171, 0.00200000000000000 ) );
#1679 = DIRECTION( '', ( 0.000000000000000, 0.000000000000000, -1.00000000000000 ) );
#1680 = SURFACE_STYLE_FILL_AREA( #2356 );
#1681 = ORIENTED_EDGE( '', *, *, #2249, .F. );
#1682 = ORIENTED_EDGE( '', *, *, #2315, .F. );
#1683 = ORIENTED_EDGE( '', *, *, #2350, .T. );
#1684 = ORIENTED_EDGE( '', *, *, #2139, .T. );
#1685 = CARTESIAN_POINT( '', ( 0.0595925086461226, -0.0331920318880796, 0.00200000000000000 ) );
#1686 = DIRECTION( '', ( 0.788585135149460, 0.614925592751926, 0.000000000000000 ) );
#1687 = DIRECTION( '', ( -0.614925592751926, 0.788585135149460, 0.000000000000000 ) );
#1688 = SURFACE_STYLE_FILL_AREA( #2357 );
#1689 = ORIENTED_EDGE( '', *, *, #2257, .F. );
#1690 = ORIENTED_EDGE( '', *, *, #2358, .F. );
#1691 = ORIENTED_EDGE( '', *, *, #2101, .T. );
#1692 = ORIENTED_EDGE( '', *, *, #2169, .T. );
#1693 = CARTESIAN_POINT( '', ( 0.303526934875631, 0.150414525488970, 0.00200000000000000 ) );
#1694 = DIRECTION( '', ( 1.00000000000000, 0.000000000000000, 0.000000000000000 ) );
#1695 = DIRECTION( '', ( 0.000000000000000, 0.000000000000000, -1.00000000000000 ) );
#1696 = SURFACE_STYLE_FILL_AREA( #2359 );
#1697 = ORIENTED_EDGE( '', *, *, #2225, .F. );
#1698 = ORIENTED_EDGE( '', *, *, #2131, .F. );
#1699 = ORIENTED_EDGE( '', *, *, #2360, .T. );
#1700 = ORIENTED_EDGE( '', *, *, #2164, .T. );
#1701 = CARTESIAN_POINT( '', ( -0.127292737255517, -0.157782195822506, 0.00200000000000000 ) );
#1702 = CARTESIAN_POINT( '', ( -0.119423884796500, -0.178437933527424, 0.00200000000000000 ) );
#1703 = CARTESIAN_POINT( '', ( -0.107620606107976, -0.194503507297915, 0.00200000000000000 ) );
#1704 = CARTESIAN_POINT( '', ( -0.0754894585669921, -0.217454326970047, 0.00200000000000000 ) );
#1705 = CARTESIAN_POINT( '', ( -0.0564730651243693, -0.223028097461850, 0.00200000000000000 ) );
#1706 = CARTESIAN_POINT( '', ( -0.0305714257801068, -0.223028097461850, 0.00200000000000000 ) );
#1707 = CARTESIAN_POINT( '', ( -0.0256533929932216, -0.222372359756932, 0.00200000000000000 ) );
#1708 = CARTESIAN_POINT( '', ( -0.0207353602063363, -0.221060884347096, 0.00200000000000000 ) );
#1709 = DIRECTION( '', ( 0.000000000000000, 0.000000000000000, -1.00000000000000 ) );
#1710 = SURFACE_STYLE_FILL_AREA( #2361 );
#1711 = ORIENTED_EDGE( '', *, *, #2228, .F. );
#1712 = ORIENTED_EDGE( '', *, *, #2362, .F. );
#1713 = ORIENTED_EDGE( '', *, *, #2363, .T. );
#1714 = ORIENTED_EDGE( '', *, *, #2364, .T. );
#1715 = CARTESIAN_POINT( '', ( -0.932866507747320, 0.150414525488970, 0.00200000000000000 ) );
#1716 = DIRECTION( '', ( 1.00000000000000, 0.000000000000000, 0.000000000000000 ) );
#1717 = DIRECTION( '', ( 0.000000000000000, 0.000000000000000, -1.00000000000000 ) );
#1718 = SURFACE_STYLE_FILL_AREA( #2365 );
#1719 = ORIENTED_EDGE( '', *, *, #2183, .F. );
#1720 = ORIENTED_EDGE( '', *, *, #2366, .F. );
#1721 = ORIENTED_EDGE( '', *, *, #2288, .F. );
#1722 = ORIENTED_EDGE( '', *, *, #2305, .F. );
#1723 = CARTESIAN_POINT( '', ( 0.000000000000000, 0.000000000000000, 1.19980000000000 ) );
#1724 = DIRECTION( '', ( 0.000000000000000, 0.000000000000000, -1.00000000000000 ) );
#1725 = DIRECTION( '', ( -1.00000000000000, 0.000000000000000, 0.000000000000000 ) );
#1726 = SURFACE_STYLE_FILL_AREA( #2367 );
#1727 = ORIENTED_EDGE( '', *, *, #2254, .F. );
#1728 = ORIENTED_EDGE( '', *, *, #2270, .F. );
#1729 = ORIENTED_EDGE( '', *, *, #2347, .T. );
#1730 = ORIENTED_EDGE( '', *, *, #2291, .T. );
#1731 = CARTESIAN_POINT( '', ( 0.112379393892024, -0.0420444909044731, 0.00200000000000000 ) );
#1732 = DIRECTION( '', ( -0.764709836888619, -0.644374786413763, 0.000000000000000 ) );
#1733 = DIRECTION( '', ( 0.644374786413763, -0.764709836888619, 0.000000000000000 ) );
#1734 = SURFACE_STYLE_FILL_AREA( #2368 );
#1735 = ORIENTED_EDGE( '', *, *, #2256, .F. );
#1736 = ORIENTED_EDGE( '', *, *, #2097, .F. );
#1737 = ORIENTED_EDGE( '', *, *, #2099, .T. );
#1738 = ORIENTED_EDGE( '', *, *, #2358, .T. );
#1739 = CARTESIAN_POINT( '', ( 0.344838410285467, 0.150414525488970, 0.00200000000000000 ) );
#1740 = DIRECTION( '', ( 0.000000000000000, -1.00000000000000, 0.000000000000000 ) );
#1741 = DIRECTION( '', ( 0.000000000000000, 0.000000000000000, -1.00000000000000 ) );
#1742 = SURFACE_STYLE_FILL_AREA( #2369 );
#1743 = ORIENTED_EDGE( '', *, *, #2252, .F. );
#1744 = ORIENTED_EDGE( '', *, *, #2370, .F. );
#1745 = ORIENTED_EDGE( '', *, *, #2348, .T. );
#1746 = ORIENTED_EDGE( '', *, *, #2268, .T. );
#1747 = CARTESIAN_POINT( '', ( 0.272051525039565, 0.150414525488970, 0.00200000000000000 ) );
#1748 = DIRECTION( '', ( 0.000000000000000, -1.00000000000000, 0.000000000000000 ) );
#1749 = DIRECTION( '', ( 0.000000000000000, 0.000000000000000, -1.00000000000000 ) );
#1750 = SURFACE_STYLE_FILL_AREA( #2371 );
#1751 = ORIENTED_EDGE( '', *, *, #2261, .F. );
#1752 = ORIENTED_EDGE( '', *, *, #2111, .F. );
#1753 = ORIENTED_EDGE( '', *, *, #2372, .T. );
#1754 = ORIENTED_EDGE( '', *, *, #2124, .T. );
#1755 = CARTESIAN_POINT( '', ( 0.916313820121533, 0.0851686238496253, 0.00200000000000000 ) );
#1756 = CARTESIAN_POINT( '', ( 0.910084311924811, 0.106807968111920, 0.00200000000000000 ) );
#1757 = CARTESIAN_POINT( '', ( 0.899264639793664, 0.122873541882412, 0.00200000000000000 ) );
#1758 = CARTESIAN_POINT( '', ( 0.869100705367434, 0.145168623849625, 0.00200000000000000 ) );
#1759 = CARTESIAN_POINT( '', ( 0.851395787334647, 0.150414525488970, 0.00200000000000000 ) );
#1760 = CARTESIAN_POINT( '', ( 0.755985951269074, 0.150414525488970, 0.00200000000000000 ) );
#1761 = CARTESIAN_POINT( '', ( 0.718281033236287, 0.0894309189315925, 0.00200000000000000 ) );
#1762 = CARTESIAN_POINT( '', ( 0.718281033236287, -0.159421540084801, 0.00200000000000000 ) );
#1763 = CARTESIAN_POINT( '', ( 0.757297426678910, -0.223028097461850, 0.00200000000000000 ) );
#1764 = CARTESIAN_POINT( '', ( 0.855330213564155, -0.223028097461850, 0.00200000000000000 ) );
#1765 = CARTESIAN_POINT( '', ( 0.873035131596942, -0.217454326970047, 0.00200000000000000 ) );
#1766 = CARTESIAN_POINT( '', ( 0.888117098810057, -0.206306785986441, 0.00200000000000000 ) );
#1767 = CARTESIAN_POINT( '', ( 0.903567818277771, -0.194886688988564, 0.00200000000000000 ) );
#1768 = CARTESIAN_POINT( '', ( 0.914018738154320, -0.179093671232342, 0.00200000000000000 ) );
#1769 = CARTESIAN_POINT( '', ( 0.920576115203500, -0.158437933527424, 0.00200000000000000 ) );
#1770 = DIRECTION( '', ( 0.000000000000000, 0.000000000000000, -1.00000000000000 ) );
#1771 = SURFACE_STYLE_FILL_AREA( #2373 );
#1772 = ORIENTED_EDGE( '', *, *, #2224, .F. );
#1773 = ORIENTED_EDGE( '', *, *, #2374, .F. );
#1774 = ORIENTED_EDGE( '', *, *, #2375, .T. );
#1775 = ORIENTED_EDGE( '', *, *, #2129, .T. );
#1776 = CARTESIAN_POINT( '', ( -0.128604212665353, -0.214831376150375, 0.00200000000000000 ) );
#1777 = DIRECTION( '', ( -1.00000000000000, 0.000000000000000, 0.000000000000000 ) );
#1778 = DIRECTION( '', ( 0.000000000000000, 0.000000000000000, 1.00000000000000 ) );
#1779 = SURFACE_STYLE_FILL_AREA( #2376 );
#1780 = ORIENTED_EDGE( '', *, *, #2242, .F. );
#1781 = ORIENTED_EDGE( '', *, *, #2309, .F. );
#1782 = ORIENTED_EDGE( '', *, *, #2377, .T. );
#1783 = ORIENTED_EDGE( '', *, *, #2344, .T. );
#1784 = CARTESIAN_POINT( '', ( -0.222046835616173, 0.120250591062740, 0.00200000000000000 ) );
#1785 = DIRECTION( '', ( -1.00000000000000, 0.000000000000000, 0.000000000000000 ) );
#1786 = DIRECTION( '', ( 0.000000000000000, 0.000000000000000, 1.00000000000000 ) );
#1787 = SURFACE_STYLE_FILL_AREA( #2378 );
#1788 = ORIENTED_EDGE( '', *, *, #2220, .F. );
#1789 = ORIENTED_EDGE( '', *, *, #2106, .F. );
#1790 = ORIENTED_EDGE( '', *, *, #2379, .T. );
#1791 = ORIENTED_EDGE( '', *, *, #2380, .T. );
#1792 = CARTESIAN_POINT( '', ( 0.303526934875631, -0.270569081068408, 0.00200000000000000 ) );
#1793 = DIRECTION( '', ( 1.00000000000000, 0.000000000000000, 0.000000000000000 ) );
#1794 = DIRECTION( '', ( 0.000000000000000, 0.000000000000000, -1.00000000000000 ) );
#1795 = SURFACE_STYLE_FILL_AREA( #2381 );
#1796 = ORIENTED_EDGE( '', *, *, #2279, .F. );
#1797 = ORIENTED_EDGE( '', *, *, #2382, .F. );
#1798 = ORIENTED_EDGE( '', *, *, #2165, .F. );
#1799 = ORIENTED_EDGE( '', *, *, #2360, .F. );
#1800 = ORIENTED_EDGE( '', *, *, #2130, .F. );
#1801 = ORIENTED_EDGE( '', *, *, #2375, .F. );
#1802 = ORIENTED_EDGE( '', *, *, #2383, .F. );
#1803 = ORIENTED_EDGE( '', *, *, #2135, .F. );
#1804 = CARTESIAN_POINT( '', ( -0.0862627676247980, -0.209481431591103, 0.00200000000000000 ) );
#1805 = DIRECTION( '', ( 0.000000000000000, 0.000000000000000, -1.00000000000000 ) );
#1806 = DIRECTION( '', ( -1.00000000000000, 0.000000000000000, 0.000000000000000 ) );
#1807 = SURFACE_STYLE_FILL_AREA( #2384 );
#1808 = ORIENTED_EDGE( '', *, *, #2226, .F. );
#1809 = ORIENTED_EDGE( '', *, *, #2166, .F. );
#1810 = ORIENTED_EDGE( '', *, *, #2382, .T. );
#1811 = ORIENTED_EDGE( '', *, *, #2278, .T. );
#1812 = CARTESIAN_POINT( '', ( -0.0207353602063363, -0.179749408937260, 0.00200000000000000 ) );
#1813 = CARTESIAN_POINT( '', ( -0.0272927372555168, -0.181060884347096, 0.00200000000000000 ) );
#1814 = CARTESIAN_POINT( '', ( -0.0341779831571560, -0.181716622052014, 0.00200000000000000 ) );
#1815 = CARTESIAN_POINT( '', ( -0.0404074913538772, -0.182044490904473, 0.00200000000000000 ) );
#1816 = CARTESIAN_POINT( '', ( -0.0652394812098685, -0.183351437738999, 0.00200000000000000 ) );
#1817 = CARTESIAN_POINT( '', ( -0.0863091306981397, -0.172864163035620, 0.00200000000000000 ) );
#1818 = CARTESIAN_POINT( '', ( -0.103358311026009, -0.155159245002834, 0.00200000000000000 ) );
#1819 = CARTESIAN_POINT( '', ( -0.120413558677837, -0.137448026287473, 0.00200000000000000 ) );
#1820 = CARTESIAN_POINT( '', ( -0.128604212665353, -0.111224818773326, 0.00200000000000000 ) );
#1821 = CARTESIAN_POINT( '', ( -0.128604212665353, -0.0781100646749649, 0.00200000000000000 ) );
#1822 = CARTESIAN_POINT( '', ( -0.128604212665353, -0.00193520128698670, 0.00200000000000000 ) );
#1823 = CARTESIAN_POINT( '', ( -0.128604212665353, 0.0742396621009914, 0.00200000000000000 ) );
#1824 = CARTESIAN_POINT( '', ( -0.128604212665353, 0.150414525488970, 0.00200000000000000 ) );
#1825 = DIRECTION( '', ( 0.000000000000000, 0.000000000000000, -1.00000000000000 ) );
#1826 = SURFACE_STYLE_FILL_AREA( #2385 );
#1827 = ORIENTED_EDGE( '', *, *, #2251, .F. );
#1828 = ORIENTED_EDGE( '', *, *, #2326, .F. );
#1829 = ORIENTED_EDGE( '', *, *, #2349, .T. );
#1830 = ORIENTED_EDGE( '', *, *, #2370, .T. );
#1831 = CARTESIAN_POINT( '', ( 0.141887590613336, -0.0794215400848010, 0.00200000000000000 ) );
#1832 = DIRECTION( '', ( -0.870146391924012, 0.492793320390632, 0.000000000000000 ) );
#1833 = DIRECTION( '', ( -0.492793320390632, -0.870146391924012, 0.000000000000000 ) );
#1834 = SURFACE_STYLE_FILL_AREA( #2386 );
#1835 = ORIENTED_EDGE( '', *, *, #2387, .F. );
#1836 = ORIENTED_EDGE( '', *, *, #2275, .F. );
#1837 = ORIENTED_EDGE( '', *, *, #2388, .F. );
#1838 = ORIENTED_EDGE( '', *, *, #2389, .F. );
#1839 = ORIENTED_EDGE( '', *, *, #2336, .F. );
#1840 = ORIENTED_EDGE( '', *, *, #2155, .F. );
#1841 = ORIENTED_EDGE( '', *, *, #2081, .F. );
#1842 = ORIENTED_EDGE( '', *, *, #2311, .F. );
#1843 = ORIENTED_EDGE( '', *, *, #2302, .F. );
#1844 = ORIENTED_EDGE( '', *, *, #2160, .F. );
#1845 = ORIENTED_EDGE( '', *, *, #2266, .F. );
#1846 = ORIENTED_EDGE( '', *, *, #2173, .F. );
#1847 = ORIENTED_EDGE( '', *, *, #2178, .F. );
#1848 = ORIENTED_EDGE( '', *, *, #2194, .F. );
#1849 = ORIENTED_EDGE( '', *, *, #2390, .F. );
#1850 = ORIENTED_EDGE( '', *, *, #2363, .F. );
#1851 = CARTESIAN_POINT( '', ( -0.910899294632566, 0.150414525488970, 0.00200000000000000 ) );
#1852 = DIRECTION( '', ( 0.000000000000000, 0.000000000000000, -1.00000000000000 ) );
#1853 = DIRECTION( '', ( -1.00000000000000, 0.000000000000000, 0.000000000000000 ) );
#1854 = SURFACE_STYLE_FILL_AREA( #2391 );
#1855 = ORIENTED_EDGE( '', *, *, #2213, .F. );
#1856 = ORIENTED_EDGE( '', *, *, #2392, .F. );
#1857 = ORIENTED_EDGE( '', *, *, #2201, .T. );
#1858 = ORIENTED_EDGE( '', *, *, #2263, .T. );
#1859 = CARTESIAN_POINT( '', ( 0.469428574219893, 0.150414525488970, 0.00200000000000000 ) );
#1860 = DIRECTION( '', ( 0.000000000000000, -1.00000000000000, 0.000000000000000 ) );
#1861 = DIRECTION( '', ( 0.000000000000000, 0.000000000000000, -1.00000000000000 ) );
#1862 = SURFACE_STYLE_FILL_AREA( #2393 );
#1863 = ORIENTED_EDGE( '', *, *, #2221, .F. );
#1864 = ORIENTED_EDGE( '', *, *, #2380, .F. );
#1865 = ORIENTED_EDGE( '', *, *, #2394, .T. );
#1866 = ORIENTED_EDGE( '', *, *, #2144, .T. );
#1867 = CARTESIAN_POINT( '', ( 0.303526934875631, -0.340733015494637, 0.00200000000000000 ) );
#1868 = DIRECTION( '', ( 0.000000000000000, 1.00000000000000, 0.000000000000000 ) );
#1869 = DIRECTION( '', ( 0.000000000000000, 0.000000000000000, 1.00000000000000 ) );
#1870 = SURFACE_STYLE_FILL_AREA( #2395 );
#1871 = ORIENTED_EDGE( '', *, *, #2330, .F. );
#1872 = ORIENTED_EDGE( '', *, *, #2396, .F. );
#1873 = ORIENTED_EDGE( '', *, *, #2397, .T. );
#1874 = ORIENTED_EDGE( '', *, *, #2353, .T. );
#1875 = CARTESIAN_POINT( '', ( -0.296473065124369, -0.0558149827077518, 0.00200000000000000 ) );
#1876 = DIRECTION( '', ( 0.000000000000000, -1.00000000000000, 0.000000000000000 ) );
#1877 = DIRECTION( '', ( 0.000000000000000, 0.000000000000000, -1.00000000000000 ) );
#1878 = SURFACE_STYLE_FILL_AREA( #2398 );
#1879 = ORIENTED_EDGE( '', *, *, #2239, .F. );
#1880 = ORIENTED_EDGE( '', *, *, #2298, .F. );
#1881 = ORIENTED_EDGE( '', *, *, #2399, .T. );
#1882 = ORIENTED_EDGE( '', *, *, #2341, .T. );
#1883 = CARTESIAN_POINT( '', ( -0.295817327419451, 0.0969719025381499, 0.00200000000000000 ) );
#1884 = CARTESIAN_POINT( '', ( -0.309915688075189, 0.138283377947986, 0.00200000000000000 ) );
#1885 = CARTESIAN_POINT( '', ( -0.341391097911255, 0.158939115652904, 0.00200000000000000 ) );
#1886 = CARTESIAN_POINT( '', ( -0.421391097911255, 0.158939115652904, 0.00200000000000000 ) );
#1887 = CARTESIAN_POINT( '', ( -0.444669786435845, 0.149758787784051, 0.00200000000000000 ) );
#1888 = CARTESIAN_POINT( '', ( -0.460079622501418, 0.131726000898806, 0.00200000000000000 ) );
#1889 = CARTESIAN_POINT( '', ( -0.475351082125440, 0.113855143891971, 0.00200000000000000 ) );
#1890 = CARTESIAN_POINT( '', ( -0.483030442173550, 0.0881194435217565, 0.00200000000000000 ) );
#1891 = CARTESIAN_POINT( '', ( -0.483030442173550, 0.00188993532503507, 0.00200000000000000 ) );
#1892 = CARTESIAN_POINT( '', ( -0.458440278239123, -0.0318805564782436, 0.00200000000000000 ) );
#1893 = CARTESIAN_POINT( '', ( -0.409259950370271, -0.0456510482815222, 0.00200000000000000 ) );
#1894 = CARTESIAN_POINT( '', ( -0.383340150140017, -0.0529085923459934, 0.00200000000000000 ) );
#1895 = CARTESIAN_POINT( '', ( -0.357456671681747, -0.0602958570246916, 0.00200000000000000 ) );
#1896 = CARTESIAN_POINT( '', ( -0.331555032337484, -0.0676182613962763, 0.00200000000000000 ) );
#1897 = CARTESIAN_POINT( '', ( -0.316948690628067, -0.0717474803605420, 0.00200000000000000 ) );
#1898 = CARTESIAN_POINT( '', ( -0.307292737255516, -0.0767985892651288, 0.00200000000000000 ) );
#1899 = CARTESIAN_POINT( '', ( -0.303030442173549, -0.0836838351667682, 0.00200000000000000 ) );
#1900 = CARTESIAN_POINT( '', ( -0.298621412342859, -0.0908061141240378, 0.00200000000000000 ) );
#1901 = CARTESIAN_POINT( '', ( -0.296473065124369, -0.104667441724145, 0.00200000000000000 ) );
#1902 = CARTESIAN_POINT( '', ( -0.296473065124369, -0.167618261396277, 0.00200000000000000 ) );
#1903 = CARTESIAN_POINT( '', ( -0.317456671681747, -0.188601867953654, 0.00200000000000000 ) );
#1904 = CARTESIAN_POINT( '', ( -0.406636999550599, -0.188601867953654, 0.00200000000000000 ) );
#1905 = CARTESIAN_POINT( '', ( -0.429915688075189, -0.161060884347096, 0.00200000000000000 ) );
#1906 = CARTESIAN_POINT( '', ( -0.429915688075189, -0.106306785986440, 0.00200000000000000 ) );
#1907 = DIRECTION( '', ( 0.000000000000000, 0.000000000000000, -1.00000000000000 ) );
#1908 = SURFACE_STYLE_FILL_AREA( #2400 );
#1909 = ORIENTED_EDGE( '', *, *, #2229, .F. );
#1910 = ORIENTED_EDGE( '', *, *, #2364, .F. );
#1911 = ORIENTED_EDGE( '', *, *, #2390, .T. );
#1912 = ORIENTED_EDGE( '', *, *, #2193, .T. );
#1913 = CARTESIAN_POINT( '', ( -0.932866507747320, -0.340733015494637, 0.00200000000000000 ) );
#1914 = DIRECTION( '', ( 0.000000000000000, 1.00000000000000, 0.000000000000000 ) );
#1915 = DIRECTION( '', ( 0.000000000000000, 0.000000000000000, 1.00000000000000 ) );
#1916 = SURFACE_STYLE_FILL_AREA( #2401 );
#1917 = ORIENTED_EDGE( '', *, *, #2397, .F. );
#1918 = ORIENTED_EDGE( '', *, *, #2402, .F. );
#1919 = ORIENTED_EDGE( '', *, *, #2354, .F. );
#1920 = ORIENTED_EDGE( '', *, *, #2399, .F. );
#1921 = ORIENTED_EDGE( '', *, *, #2297, .F. );
#1922 = ORIENTED_EDGE( '', *, *, #2345, .F. );
#1923 = ORIENTED_EDGE( '', *, *, #2377, .F. );
#1924 = ORIENTED_EDGE( '', *, *, #2308, .F. );
#1925 = ORIENTED_EDGE( '', *, *, #2342, .F. );
#1926 = CARTESIAN_POINT( '', ( -0.426360164628171, -0.0396321799208392, 0.00200000000000000 ) );
#1927 = DIRECTION( '', ( 0.000000000000000, 0.000000000000000, -1.00000000000000 ) );
#1928 = DIRECTION( '', ( -1.00000000000000, 0.000000000000000, 0.000000000000000 ) );
#1929 = SURFACE_STYLE_FILL_AREA( #2403 );
#1930 = ORIENTED_EDGE( '', *, *, #2217, .F. );
#1931 = ORIENTED_EDGE( '', *, *, #2092, .F. );
#1932 = ORIENTED_EDGE( '', *, *, #2204, .T. );
#1933 = ORIENTED_EDGE( '', *, *, #2404, .T. );
#1934 = CARTESIAN_POINT( '', ( 0.466477754547762, -0.164011704019227, 0.00200000000000000 ) );
#1935 = CARTESIAN_POINT( '', ( 0.486805623400221, -0.203355966314309, 0.00200000000000000 ) );
#1936 = CARTESIAN_POINT( '', ( 0.517953164383828, -0.223028097461850, 0.00200000000000000 ) );
#1937 = CARTESIAN_POINT( '', ( 0.589428574219893, -0.223028097461850, 0.00200000000000000 ) );
#1938 = CARTESIAN_POINT( '', ( 0.612379393892024, -0.215159245002834, 0.00200000000000000 ) );
#1939 = CARTESIAN_POINT( '', ( 0.629100705367434, -0.199093671232342, 0.00200000000000000 ) );
#1940 = CARTESIAN_POINT( '', ( 0.645651527661467, -0.183191900792976, 0.00200000000000000 ) );
#1941 = CARTESIAN_POINT( '', ( 0.653690869301861, -0.158437933527424, 0.00200000000000000 ) );
#1942 = CARTESIAN_POINT( '', ( 0.653690869301861, -0.125323179429063, 0.00200000000000000 ) );
#1943 = CARTESIAN_POINT( '', ( 0.653690869301861, -0.0334106111230523, 0.00200000000000000 ) );
#1944 = CARTESIAN_POINT( '', ( 0.653690869301861, 0.0585019571829586, 0.00200000000000000 ) );
#1945 = CARTESIAN_POINT( '', ( 0.653690869301861, 0.150414525488970, 0.00200000000000000 ) );
#1946 = DIRECTION( '', ( 0.000000000000000, 0.000000000000000, -1.00000000000000 ) );
#1947 = SURFACE_STYLE_FILL_AREA( #2405 );
#1948 = ORIENTED_EDGE( '', *, *, #2219, .F. );
#1949 = ORIENTED_EDGE( '', *, *, #2406, .F. );
#1950 = ORIENTED_EDGE( '', *, *, #2202, .T. );
#1951 = ORIENTED_EDGE( '', *, *, #2392, .T. );
#1952 = CARTESIAN_POINT( '', ( 0.612379393892024, 0.150414525488970, 0.00200000000000000 ) );
#1953 = CARTESIAN_POINT( '', ( 0.612379393892024, 0.0623270937949805, 0.00200000000000000 ) );
#1954 = CARTESIAN_POINT( '', ( 0.612379393892024, -0.0257603378990086, 0.00200000000000000 ) );
#1955 = CARTESIAN_POINT( '', ( 0.612379393892024, -0.113847769592998, 0.00200000000000000 ) );
#1956 = CARTESIAN_POINT( '', ( 0.612379393892024, -0.163683835166768, 0.00200000000000000 ) );
#1957 = CARTESIAN_POINT( '', ( 0.591723656187106, -0.188601867953654, 0.00200000000000000 ) );
#1958 = CARTESIAN_POINT( '', ( 0.525494147990385, -0.188601867953654, 0.00200000000000000 ) );
#1959 = CARTESIAN_POINT( '', ( 0.506149885695303, -0.180077277789719, 0.00200000000000000 ) );
#1960 = CARTESIAN_POINT( '', ( 0.491395787334647, -0.163355966314309, 0.00200000000000000 ) );
#1961 = CARTESIAN_POINT( '', ( 0.476479030302052, -0.146450308344034, 0.00200000000000000 ) );
#1962 = CARTESIAN_POINT( '', ( 0.469428574219893, -0.123683835166768, 0.00200000000000000 ) );
#1963 = CARTESIAN_POINT( '', ( 0.469428574219893, -0.0951592450028338, 0.00200000000000000 ) );
#1964 = CARTESIAN_POINT( '', ( 0.469428574219893, -0.0133013215055660, 0.00200000000000000 ) );
#1965 = CARTESIAN_POINT( '', ( 0.469428574219893, 0.0685566019917018, 0.00200000000000000 ) );
#1966 = CARTESIAN_POINT( '', ( 0.469428574219893, 0.150414525488970, 0.00200000000000000 ) );
#1967 = DIRECTION( '', ( 0.000000000000000, 0.000000000000000, -1.00000000000000 ) );
#1968 = SURFACE_STYLE_FILL_AREA( #2407 );
#1969 = ORIENTED_EDGE( '', *, *, #2235, .F. );
#1970 = ORIENTED_EDGE( '', *, *, #2408, .F. );
#1971 = ORIENTED_EDGE( '', *, *, #2388, .T. );
#1972 = ORIENTED_EDGE( '', *, *, #2274, .T. );
#1973 = CARTESIAN_POINT( '', ( -0.887292737255517, -0.299421540084801, 0.00200000000000000 ) );
#1974 = DIRECTION( '', ( 0.000000000000000, -1.00000000000000, 0.000000000000000 ) );
#1975 = DIRECTION( '', ( 0.000000000000000, 0.000000000000000, -1.00000000000000 ) );
#1976 = SURFACE_STYLE_FILL_AREA( #2409 );
#1977 = ORIENTED_EDGE( '', *, *, #2245, .F. );
#1978 = ORIENTED_EDGE( '', *, *, #2199, .F. );
#1979 = ORIENTED_EDGE( '', *, *, #2351, .T. );
#1980 = ORIENTED_EDGE( '', *, *, #2321, .T. );
#1981 = CARTESIAN_POINT( '', ( 0.0166416889739913, 0.150414525488970, 0.00200000000000000 ) );
#1982 = DIRECTION( '', ( 1.00000000000000, 0.000000000000000, 0.000000000000000 ) );
#1983 = DIRECTION( '', ( 0.000000000000000, 0.000000000000000, -1.00000000000000 ) );
#1984 = SURFACE_STYLE_FILL_AREA( #2410 );
#1985 = ORIENTED_EDGE( '', *, *, #2215, .F. );
#1986 = ORIENTED_EDGE( '', *, *, #2264, .F. );
#1987 = ORIENTED_EDGE( '', *, *, #2206, .T. );
#1988 = ORIENTED_EDGE( '', *, *, #2411, .T. );
#1989 = CARTESIAN_POINT( '', ( 0.428117098810057, -0.214831376150375, 0.00200000000000000 ) );
#1990 = DIRECTION( '', ( 0.000000000000000, 1.00000000000000, 0.000000000000000 ) );
#1991 = DIRECTION( '', ( 0.000000000000000, 0.000000000000000, 1.00000000000000 ) );
#1992 = SURFACE_STYLE_FILL_AREA( #2412 );
#1993 = ORIENTED_EDGE( '', *, *, #2258, .F. );
#1994 = ORIENTED_EDGE( '', *, *, #2126, .F. );
#1995 = ORIENTED_EDGE( '', *, *, #2413, .T. );
#1996 = ORIENTED_EDGE( '', *, *, #2114, .T. );
#1997 = CARTESIAN_POINT( '', ( 0.921887590613336, -0.158437933527424, 0.00200000000000000 ) );
#1998 = DIRECTION( '', ( 1.00000000000000, 0.000000000000000, 0.000000000000000 ) );
#1999 = DIRECTION( '', ( 0.000000000000000, 0.000000000000000, -1.00000000000000 ) );
#2000 = SURFACE_STYLE_FILL_AREA( #2414 );
#2001 = ORIENTED_EDGE( '', *, *, #2218, .F. );
#2002 = ORIENTED_EDGE( '', *, *, #2404, .F. );
#2003 = ORIENTED_EDGE( '', *, *, #2203, .T. );
#2004 = ORIENTED_EDGE( '', *, *, #2406, .T. );
#2005 = CARTESIAN_POINT( '', ( 0.653690869301861, 0.150414525488970, 0.00200000000000000 ) );
#2006 = DIRECTION( '', ( 0.000000000000000, -1.00000000000000, 0.000000000000000 ) );
#2007 = DIRECTION( '', ( 0.000000000000000, 0.000000000000000, -1.00000000000000 ) );
#2008 = SURFACE_STYLE_FILL_AREA( #2415 );
#2009 = ORIENTED_EDGE( '', *, *, #2332, .F. );
#2010 = ORIENTED_EDGE( '', *, *, #2355, .F. );
#2011 = ORIENTED_EDGE( '', *, *, #2402, .T. );
#2012 = ORIENTED_EDGE( '', *, *, #2396, .T. );
#2013 = CARTESIAN_POINT( '', ( -0.296473065124369, 0.0212341976201171, 0.00200000000000000 ) );
#2014 = DIRECTION( '', ( 1.00000000000000, 0.000000000000000, 0.000000000000000 ) );
#2015 = DIRECTION( '', ( 0.000000000000000, 0.000000000000000, -1.00000000000000 ) );
#2016 = SURFACE_STYLE_FILL_AREA( #2416 );
#2017 = ORIENTED_EDGE( '', *, *, #2227, .F. );
#2018 = ORIENTED_EDGE( '', *, *, #2276, .F. );
#2019 = ORIENTED_EDGE( '', *, *, #2387, .T. );
#2020 = ORIENTED_EDGE( '', *, *, #2362, .T. );
#2021 = CARTESIAN_POINT( '', ( -0.888932081517812, 0.150414525488970, 0.00200000000000000 ) );
#2022 = DIRECTION( '', ( 0.000000000000000, -1.00000000000000, 0.000000000000000 ) );
#2023 = DIRECTION( '', ( 0.000000000000000, 0.000000000000000, -1.00000000000000 ) );
#2024 = SURFACE_STYLE_FILL_AREA( #2417 );
#2025 = ORIENTED_EDGE( '', *, *, #2105, .F. );
#2026 = ORIENTED_EDGE( '', *, *, #2145, .F. );
#2027 = ORIENTED_EDGE( '', *, *, #2394, .F. );
#2028 = ORIENTED_EDGE( '', *, *, #2379, .F. );
#2029 = CARTESIAN_POINT( '', ( 0.324182672580549, -0.270569081068408, 0.00200000000000000 ) );
#2030 = DIRECTION( '', ( 0.000000000000000, 0.000000000000000, -1.00000000000000 ) );
#2031 = DIRECTION( '', ( -1.00000000000000, 0.000000000000000, 0.000000000000000 ) );
#2032 = SURFACE_STYLE_FILL_AREA( #2418 );
#2033 = ORIENTED_EDGE( '', *, *, #2216, .F. );
#2034 = ORIENTED_EDGE( '', *, *, #2411, .F. );
#2035 = ORIENTED_EDGE( '', *, *, #2205, .T. );
#2036 = ORIENTED_EDGE( '', *, *, #2090, .T. );
#2037 = CARTESIAN_POINT( '', ( 0.465166279137926, -0.214831376150375, 0.00200000000000000 ) );
#2038 = DIRECTION( '', ( -1.00000000000000, 0.000000000000000, 0.000000000000000 ) );
#2039 = DIRECTION( '', ( 0.000000000000000, 0.000000000000000, 1.00000000000000 ) );
#2040 = SURFACE_STYLE_FILL_AREA( #2419 );
#2041 = ORIENTED_EDGE( '', *, *, #2334, .F. );
#2042 = ORIENTED_EDGE( '', *, *, #2125, .F. );
#2043 = ORIENTED_EDGE( '', *, *, #2372, .F. );
#2044 = ORIENTED_EDGE( '', *, *, #2110, .F. );
#2045 = ORIENTED_EDGE( '', *, *, #2319, .F. );
#2046 = ORIENTED_EDGE( '', *, *, #2151, .F. );
#2047 = ORIENTED_EDGE( '', *, *, #2272, .F. );
#2048 = ORIENTED_EDGE( '', *, *, #2115, .F. );
#2049 = ORIENTED_EDGE( '', *, *, #2413, .F. );
#2050 = CARTESIAN_POINT( '', ( 0.958078144683556, 0.149954151256439, 0.00200000000000000 ) );
#2051 = DIRECTION( '', ( 0.000000000000000, 0.000000000000000, -1.00000000000000 ) );
#2052 = DIRECTION( '', ( -1.00000000000000, 0.000000000000000, 0.000000000000000 ) );
#2053 = SURFACE_STYLE_FILL_AREA( #2420 );
#2054 = ORIENTED_EDGE( '', *, *, #2086, .F. );
#2055 = ORIENTED_EDGE( '', *, *, #2289, .F. );
#2056 = ORIENTED_EDGE( '', *, *, #2366, .T. );
#2057 = ORIENTED_EDGE( '', *, *, #2182, .T. );
#2058 = CARTESIAN_POINT( '', ( -0.300000000000000, 1.50000000000000, 1.19980000000000 ) );
#2059 = DIRECTION( '', ( -1.00000000000000, -1.44560289664734E-016, 0.000000000000000 ) );
#2060 = DIRECTION( '', ( 1.44560289664734E-016, -1.00000000000000, 0.000000000000000 ) );
#2061 = SURFACE_STYLE_FILL_AREA( #2421 );
#2062 = ORIENTED_EDGE( '', *, *, #2223, .F. );
#2063 = ORIENTED_EDGE( '', *, *, #2136, .F. );
#2064 = ORIENTED_EDGE( '', *, *, #2383, .T. );
#2065 = ORIENTED_EDGE( '', *, *, #2374, .T. );
#2066 = CARTESIAN_POINT( '', ( -0.169915688075188, -0.214831376150375, 0.00200000000000000 ) );
#2067 = DIRECTION( '', ( 0.000000000000000, 1.00000000000000, 0.000000000000000 ) );
#2068 = DIRECTION( '', ( 0.000000000000000, 0.000000000000000, 1.00000000000000 ) );
#2069 = SURFACE_STYLE_FILL_AREA( #2422 );
#2070 = ORIENTED_EDGE( '', *, *, #2234, .F. );
#2071 = ORIENTED_EDGE( '', *, *, #2337, .F. );
#2072 = ORIENTED_EDGE( '', *, *, #2389, .T. );
#2073 = ORIENTED_EDGE( '', *, *, #2408, .T. );
#2074 = CARTESIAN_POINT( '', ( -0.760079622501418, 0.150414525488970, 0.00200000000000000 ) );
#2075 = DIRECTION( '', ( 0.962261505627949, -0.272126431620732, 0.000000000000000 ) );
#2076 = DIRECTION( '', ( 0.272126431620732, 0.962261505627949, 0.000000000000000 ) );
#2078 = FILL_AREA_STYLE( '', ( #2423 ) );
#2079 = EDGE_CURVE( '', #2424, #2425, #2426, .T. );
#2080 = EDGE_CURVE( '', #2427, #2424, #2428, .T. );
#2081 = EDGE_CURVE( '', #2427, #2429, #2430, .T. );
#2082 = EDGE_CURVE( '', #2429, #2425, #2431, .T. );
#2083 = FILL_AREA_STYLE( '', ( #2432 ) );
#2084 = EDGE_CURVE( '', #2433, #2434, #2435, .T. );
#2085 = EDGE_CURVE( '', #2433, #2436, #2437, .T. );
#2086 = EDGE_CURVE( '', #2436, #2438, #2439, .T. );
#2087 = EDGE_CURVE( '', #2438, #2434, #2440, .T. );
#2088 = FILL_AREA_STYLE( '', ( #2441 ) );
#2089 = EDGE_CURVE( '', #2442, #2443, #2444, .T. );
#2090 = EDGE_CURVE( '', #2445, #2442, #2446, .T. );
#2091 = EDGE_CURVE( '', #2445, #2447, #2448, .T. );
#2092 = EDGE_CURVE( '', #2447, #2443, #2449, .T. );
#2093 = FILL_AREA_STYLE( '', ( #2450 ) );
#2094 = EDGE_CURVE( '', #2451, #2452, #2453, .T. );
#2095 = EDGE_CURVE( '', #2454, #2451, #2455, .T. );
#2096 = EDGE_CURVE( '', #2454, #2456, #2457, .T. );
#2097 = EDGE_CURVE( '', #2456, #2452, #2458, .T. );
#2098 = FILL_AREA_STYLE( '', ( #2459 ) );
#2099 = EDGE_CURVE( '', #2456, #2460, #2461, .T. );
#2100 = EDGE_CURVE( '', #2462, #2454, #2463, .T. );
#2101 = EDGE_CURVE( '', #2460, #2462, #2464, .T. );
#2102 = FILL_AREA_STYLE( '', ( #2465 ) );
#2103 = EDGE_CURVE( '', #2466, #2467, #2468, .T. );
#2104 = EDGE_CURVE( '', #2469, #2466, #2470, .T. );
#2105 = EDGE_CURVE( '', #2469, #2471, #2472, .T. );
#2106 = EDGE_CURVE( '', #2471, #2467, #2473, .T. );
#2107 = FILL_AREA_STYLE( '', ( #2474 ) );
#2108 = EDGE_CURVE( '', #2475, #2476, #2477, .T. );
#2109 = EDGE_CURVE( '', #2478, #2475, #2479, .T. );
#2110 = EDGE_CURVE( '', #2478, #2480, #2481, .T. );
#2111 = EDGE_CURVE( '', #2480, #2476, #2482, .T. );
#2112 = FILL_AREA_STYLE( '', ( #2483 ) );
#2113 = EDGE_CURVE( '', #2484, #2485, #2486, .T. );
#2114 = EDGE_CURVE( '', #2487, #2484, #2488, .T. );
#2115 = EDGE_CURVE( '', #2487, #2489, #2490, .T. );
#2116 = EDGE_CURVE( '', #2489, #2485, #2491, .T. );
#2117 = FILL_AREA_STYLE( '', ( #2492 ) );
#2118 = EDGE_CURVE( '', #2493, #2494, #2495, .T. );
#2119 = EDGE_CURVE( '', #2493, #2496, #2497, .T. );
#2120 = EDGE_CURVE( '', #2496, #2498, #2499, .T. );
#2121 = EDGE_CURVE( '', #2494, #2498, #2500, .T. );
#2122 = FILL_AREA_STYLE( '', ( #2501 ) );
#2123 = EDGE_CURVE( '', #2502, #2503, #2504, .T. );
#2124 = EDGE_CURVE( '', #2505, #2502, #2506, .T. );
#2125 = EDGE_CURVE( '', #2505, #2507, #2508, .T. );
#2126 = EDGE_CURVE( '', #2507, #2503, #2509, .T. );
#2127 = FILL_AREA_STYLE( '', ( #2510 ) );
#2128 = EDGE_CURVE( '', #2511, #2512, #2513, .T. );
#2129 = EDGE_CURVE( '', #2514, #2511, #2515, .T. );
#2130 = EDGE_CURVE( '', #2514, #2516, #2517, .T. );
#2131 = EDGE_CURVE( '', #2516, #2512, #2518, .T. );
#2132 = FILL_AREA_STYLE( '', ( #2519 ) );
#2133 = EDGE_CURVE( '', #2520, #2521, #2522, .T. );
#2134 = EDGE_CURVE( '', #2523, #2520, #2524, .T. );
#2135 = EDGE_CURVE( '', #2523, #2525, #2526, .T. );
#2136 = EDGE_CURVE( '', #2525, #2521, #2527, .T. );
#2137 = FILL_AREA_STYLE( '', ( #2528 ) );
#2138 = EDGE_CURVE( '', #2529, #2530, #2531, .T. );
#2139 = EDGE_CURVE( '', #2532, #2529, #2533, .T. );
#2140 = EDGE_CURVE( '', #2532, #2534, #2535, .T. );
#2141 = EDGE_CURVE( '', #2534, #2530, #2536, .T. );
#2142 = FILL_AREA_STYLE( '', ( #2537 ) );
#2143 = EDGE_CURVE( '', #2538, #2466, #2539, .T. );
#2144 = EDGE_CURVE( '', #2540, #2538, #2541, .T. );
#2145 = EDGE_CURVE( '', #2540, #2469, #2542, .T. );
#2146 = FILL_AREA_STYLE( '', ( #2543 ) );
#2147 = EDGE_CURVE( '', #2544, #2544, #2545, .T. );
#2148 = FILL_AREA_STYLE( '', ( #2546 ) );
#2149 = EDGE_CURVE( '', #2547, #2548, #2549, .T. );
#2150 = EDGE_CURVE( '', #2550, #2547, #2551, .T. );
#2151 = EDGE_CURVE( '', #2550, #2552, #2553, .T. );
#2152 = EDGE_CURVE( '', #2552, #2548, #2554, .T. );
#2153 = FILL_AREA_STYLE( '', ( #2555 ) );
#2154 = EDGE_CURVE( '', #2425, #2556, #2557, .T. );
#2155 = EDGE_CURVE( '', #2429, #2558, #2559, .T. );
#2156 = EDGE_CURVE( '', #2558, #2556, #2560, .T. );
#2157 = FILL_AREA_STYLE( '', ( #2561 ) );
#2158 = EDGE_CURVE( '', #2562, #2563, #2564, .T. );
#2159 = EDGE_CURVE( '', #2565, #2562, #2566, .T. );
#2160 = EDGE_CURVE( '', #2565, #2567, #2568, .T. );
#2161 = EDGE_CURVE( '', #2567, #2563, #2569, .T. );
#2162 = FILL_AREA_STYLE( '', ( #2570 ) );
#2163 = EDGE_CURVE( '', #2571, #2572, #2573, .T. );
#2164 = EDGE_CURVE( '', #2574, #2571, #2575, .T. );
#2165 = EDGE_CURVE( '', #2574, #2576, #2577, .T. );
#2166 = EDGE_CURVE( '', #2576, #2572, #2578, .T. );
#2167 = FILL_AREA_STYLE( '', ( #2579 ) );
#2168 = EDGE_CURVE( '', #2580, #2451, #2581, .T. );
#2169 = EDGE_CURVE( '', #2462, #2580, #2582, .T. );
#2170 = FILL_AREA_STYLE( '', ( #2583 ) );
#2171 = EDGE_CURVE( '', #2584, #2585, #2586, .T. );
#2172 = EDGE_CURVE( '', #2587, #2584, #2588, .T. );
#2173 = EDGE_CURVE( '', #2587, #2589, #2590, .T. );
#2174 = EDGE_CURVE( '', #2589, #2585, #2591, .T. );
#2175 = FILL_AREA_STYLE( '', ( #2592 ) );
#2176 = EDGE_CURVE( '', #2593, #2584, #2594, .T. );
#2177 = EDGE_CURVE( '', #2595, #2593, #2596, .T. );
#2178 = EDGE_CURVE( '', #2595, #2587, #2597, .T. );
#2179 = FILL_AREA_STYLE( '', ( #2598 ) );
#2180 = EDGE_CURVE( '', #2599, #2493, #2600, .T. );
#2181 = EDGE_CURVE( '', #2599, #2434, #2601, .T. );
#2182 = EDGE_CURVE( '', #2602, #2438, #2603, .T. );
#2183 = EDGE_CURVE( '', #2602, #2604, #2605, .T. );
#2184 = EDGE_CURVE( '', #2604, #2606, #2607, .T. );
#2185 = EDGE_CURVE( '', #2606, #2496, #2608, .T. );
#2186 = FILL_AREA_STYLE( '', ( #2609 ) );
#2187 = EDGE_CURVE( '', #2610, #2611, #2612, .T. );
#2188 = EDGE_CURVE( '', #2613, #2610, #2614, .T. );
#2189 = EDGE_CURVE( '', #2613, #2615, #2616, .T. );
#2190 = EDGE_CURVE( '', #2615, #2611, #2617, .T. );
#2191 = FILL_AREA_STYLE( '', ( #2618 ) );
#2192 = EDGE_CURVE( '', #2619, #2593, #2620, .T. );
#2193 = EDGE_CURVE( '', #2621, #2619, #2622, .T. );
#2194 = EDGE_CURVE( '', #2621, #2595, #2623, .T. );
#2195 = FILL_AREA_STYLE( '', ( #2624 ) );
#2196 = EDGE_CURVE( '', #2625, #2626, #2627, .T. );
#2197 = EDGE_CURVE( '', #2628, #2625, #2629, .T. );
#2198 = EDGE_CURVE( '', #2628, #2630, #2631, .T. );
#2199 = EDGE_CURVE( '', #2630, #2626, #2632, .T. );
#2200 = FILL_AREA_STYLE( '', ( #2633 ) );
#2201 = EDGE_CURVE( '', #2634, #2635, #2636, .T. );
#2202 = EDGE_CURVE( '', #2637, #2634, #2638, .T. );
#2203 = EDGE_CURVE( '', #2639, #2637, #2640, .T. );
#2204 = EDGE_CURVE( '', #2447, #2639, #2641, .T. );
#2205 = EDGE_CURVE( '', #2642, #2445, #2643, .T. );
#2206 = EDGE_CURVE( '', #2644, #2642, #2645, .T. );
#2207 = EDGE_CURVE( '', #2635, #2644, #2646, .T. );
#2208 = FILL_AREA_STYLE( '', ( #2647 ) );
#2209 = EDGE_CURVE( '', #2648, #2613, #2649, .T. );
#2210 = EDGE_CURVE( '', #2650, #2648, #2651, .T. );
#2211 = EDGE_CURVE( '', #2615, #2650, #2652, .T. );
#2212 = FILL_AREA_STYLE( '', ( #2653 ) );
#2213 = EDGE_CURVE( '', #2654, #2655, #2656, .T. );
#2214 = EDGE_CURVE( '', #2655, #2657, #2658, .T. );
#2215 = EDGE_CURVE( '', #2657, #2659, #2660, .T. );
#2216 = EDGE_CURVE( '', #2659, #2442, #2661, .T. );
#2217 = EDGE_CURVE( '', #2443, #2662, #2663, .T. );
#2218 = EDGE_CURVE( '', #2662, #2664, #2665, .T. );
#2219 = EDGE_CURVE( '', #2664, #2654, #2666, .T. );
#2220 = EDGE_CURVE( '', #2467, #2667, #2668, .T. );
#2221 = EDGE_CURVE( '', #2667, #2538, #2669, .T. );
#2222 = EDGE_CURVE( '', #2670, #2520, #2671, .T. );
#2223 = EDGE_CURVE( '', #2521, #2672, #2673, .T. );
#2224 = EDGE_CURVE( '', #2672, #2511, #2674, .T. );
#2225 = EDGE_CURVE( '', #2512, #2571, #2675, .T. );
#2226 = EDGE_CURVE( '', #2572, #2670, #2676, .T. );
#2227 = EDGE_CURVE( '', #2677, #2678, #2679, .T. );
#2228 = EDGE_CURVE( '', #2678, #2680, #2681, .T. );
#2229 = EDGE_CURVE( '', #2680, #2619, #2682, .T. );
#2230 = EDGE_CURVE( '', #2585, #2562, #2683, .T. );
#2231 = EDGE_CURVE( '', #2563, #2684, #2685, .T. );
#2232 = EDGE_CURVE( '', #2684, #2424, #2686, .T. );
#2233 = EDGE_CURVE( '', #2556, #2687, #2688, .T. );
#2234 = EDGE_CURVE( '', #2687, #2689, #2690, .T. );
#2235 = EDGE_CURVE( '', #2689, #2691, #2692, .T. );
#2236 = EDGE_CURVE( '', #2691, #2677, #2693, .T. );
#2237 = EDGE_CURVE( '', #2694, #2606, #2695, .T. );
#2238 = EDGE_CURVE( '', #2498, #2694, #2696, .T. );
#2239 = EDGE_CURVE( '', #2697, #2698, #2699, .T. );
#2240 = EDGE_CURVE( '', #2698, #2700, #2701, .T. );
#2241 = EDGE_CURVE( '', #2700, #2702, #2703, .T. );
#2242 = EDGE_CURVE( '', #2702, #2704, #2705, .T. );
#2243 = EDGE_CURVE( '', #2704, #2706, #2707, .T. );
#2244 = EDGE_CURVE( '', #2706, #2697, #2708, .T. );
#2245 = EDGE_CURVE( '', #2626, #2709, #2710, .T. );
#2246 = EDGE_CURVE( '', #2709, #2711, #2712, .T. );
#2247 = EDGE_CURVE( '', #2711, #2713, #2714, .T. );
#2248 = EDGE_CURVE( '', #2713, #2715, #2716, .T. );
#2249 = EDGE_CURVE( '', #2715, #2529, #2717, .T. );
#2250 = EDGE_CURVE( '', #2530, #2718, #2719, .T. );
#2251 = EDGE_CURVE( '', #2718, #2720, #2721, .T. );
#2252 = EDGE_CURVE( '', #2720, #2722, #2723, .T. );
#2253 = EDGE_CURVE( '', #2722, #2724, #2725, .T. );
#2254 = EDGE_CURVE( '', #2724, #2726, #2727, .T. );
#2255 = EDGE_CURVE( '', #2726, #2625, #2728, .T. );
#2256 = EDGE_CURVE( '', #2452, #2729, #2730, .T. );
#2257 = EDGE_CURVE( '', #2729, #2580, #2731, .T. );
#2258 = EDGE_CURVE( '', #2503, #2484, #2732, .T. );
#2259 = EDGE_CURVE( '', #2485, #2547, #2733, .T. );
#2260 = EDGE_CURVE( '', #2548, #2475, #2734, .T. );
#2261 = EDGE_CURVE( '', #2476, #2502, #2735, .T. );
#2262 = FILL_AREA_STYLE( '', ( #2736 ) );
#2263 = EDGE_CURVE( '', #2635, #2655, #2737, .T. );
#2264 = EDGE_CURVE( '', #2644, #2657, #2738, .T. );
#2265 = FILL_AREA_STYLE( '', ( #2739 ) );
#2266 = EDGE_CURVE( '', #2589, #2565, #2740, .T. );
#2267 = FILL_AREA_STYLE( '', ( #2741 ) );
#2268 = EDGE_CURVE( '', #2742, #2722, #2743, .T. );
#2269 = EDGE_CURVE( '', #2742, #2744, #2745, .T. );
#2270 = EDGE_CURVE( '', #2744, #2724, #2746, .T. );
#2271 = FILL_AREA_STYLE( '', ( #2747 ) );
#2272 = EDGE_CURVE( '', #2489, #2550, #2748, .T. );
#2273 = FILL_AREA_STYLE( '', ( #2749 ) );
#2274 = EDGE_CURVE( '', #2750, #2691, #2751, .T. );
#2275 = EDGE_CURVE( '', #2750, #2752, #2753, .T. );
#2276 = EDGE_CURVE( '', #2752, #2677, #2754, .T. );
#2277 = FILL_AREA_STYLE( '', ( #2755 ) );
#2278 = EDGE_CURVE( '', #2756, #2670, #2757, .T. );
#2279 = EDGE_CURVE( '', #2756, #2523, #2758, .T. );
#2280 = FILL_AREA_STYLE( '', ( #2759 ) );
#2281 = EDGE_CURVE( '', #2760, #2761, #2762, .T. );
#2282 = EDGE_CURVE( '', #2650, #2760, #2763, .T. );
#2283 = EDGE_CURVE( '', #2648, #2761, #2764, .T. );
#2284 = FILL_AREA_STYLE( '', ( #2765 ) );
#2285 = EDGE_CURVE( '', #2766, #2433, #2767, .T. );
#2286 = EDGE_CURVE( '', #2494, #2766, #2768, .T. );
#2287 = EDGE_CURVE( '', #2769, #2694, #2770, .T. );
#2288 = EDGE_CURVE( '', #2769, #2771, #2772, .T. );
#2289 = EDGE_CURVE( '', #2771, #2436, #2773, .T. );
#2290 = FILL_AREA_STYLE( '', ( #2774 ) );
#2291 = EDGE_CURVE( '', #2775, #2726, #2776, .T. );
#2292 = EDGE_CURVE( '', #2775, #2628, #2777, .T. );
#2293 = FILL_AREA_STYLE( '', ( #2778 ) );
#2294 = EDGE_CURVE( '', #2761, #2610, #2779, .T. );
#2295 = FILL_AREA_STYLE( '', ( #2780 ) );
#2296 = EDGE_CURVE( '', #2781, #2706, #2782, .T. );
#2297 = EDGE_CURVE( '', #2781, #2783, #2784, .T. );
#2298 = EDGE_CURVE( '', #2783, #2697, #2785, .T. );
#2299 = FILL_AREA_STYLE( '', ( #2786 ) );
#2300 = EDGE_CURVE( '', #2611, #2760, #2787, .T. );
#2301 = FILL_AREA_STYLE( '', ( #2788 ) );
#2302 = EDGE_CURVE( '', #2567, #2789, #2790, .T. );
#2303 = EDGE_CURVE( '', #2789, #2684, #2791, .T. );
#2304 = FILL_AREA_STYLE( '', ( #2792 ) );
#2305 = EDGE_CURVE( '', #2604, #2769, #2793, .T. );
#2306 = FILL_AREA_STYLE( '', ( #2794 ) );
#2307 = EDGE_CURVE( '', #2795, #2700, #2796, .T. );
#2308 = EDGE_CURVE( '', #2795, #2797, #2798, .T. );
#2309 = EDGE_CURVE( '', #2797, #2702, #2799, .T. );
#2310 = FILL_AREA_STYLE( '', ( #2800 ) );
#2311 = EDGE_CURVE( '', #2789, #2427, #2801, .T. );
#2312 = FILL_AREA_STYLE( '', ( #2802 ) );
#2313 = EDGE_CURVE( '', #2803, #2713, #2804, .T. );
#2314 = EDGE_CURVE( '', #2803, #2805, #2806, .T. );
#2315 = EDGE_CURVE( '', #2805, #2715, #2807, .T. );
#2316 = FILL_AREA_STYLE( '', ( #2808 ) );
#2317 = EDGE_CURVE( '', #2766, #2599, #2809, .T. );
#2318 = FILL_AREA_STYLE( '', ( #2810 ) );
#2319 = EDGE_CURVE( '', #2552, #2478, #2811, .T. );
#2320 = FILL_AREA_STYLE( '', ( #2812 ) );
#2321 = EDGE_CURVE( '', #2813, #2709, #2814, .T. );
#2322 = EDGE_CURVE( '', #2813, #2815, #2816, .T. );
#2323 = EDGE_CURVE( '', #2815, #2711, #2817, .T. );
#2324 = FILL_AREA_STYLE( '', ( #2818 ) );
#2325 = EDGE_CURVE( '', #2534, #2819, #2820, .T. );
#2326 = EDGE_CURVE( '', #2819, #2718, #2821, .T. );
#2327 = FILL_AREA_STYLE( '', ( #2822 ) );
#2328 = EDGE_CURVE( '', #2815, #2803, #2823, .T. );
#2329 = FILL_AREA_STYLE( '', ( #2824 ) );
#2330 = EDGE_CURVE( '', #2825, #2826, #2827, .T. );
#2331 = EDGE_CURVE( '', #2826, #2828, #2829, .T. );
#2332 = EDGE_CURVE( '', #2828, #2825, #2830, .T. );
#2333 = FILL_AREA_STYLE( '', ( #2831 ) );
#2334 = EDGE_CURVE( '', #2832, #2832, #2833, .T. );
#2335 = FILL_AREA_STYLE( '', ( #2834 ) );
#2336 = EDGE_CURVE( '', #2558, #2835, #2836, .T. );
#2337 = EDGE_CURVE( '', #2835, #2687, #2837, .T. );
#2338 = FILL_AREA_STYLE( '', ( #2838 ) );
#2339 = FILL_AREA_STYLE( '', ( #2839 ) );
#2340 = FILL_AREA_STYLE( '', ( #2840 ) );
#2341 = EDGE_CURVE( '', #2841, #2698, #2842, .T. );
#2342 = EDGE_CURVE( '', #2841, #2795, #2843, .T. );
#2343 = FILL_AREA_STYLE( '', ( #2844 ) );
#2344 = EDGE_CURVE( '', #2845, #2704, #2846, .T. );
#2345 = EDGE_CURVE( '', #2845, #2781, #2847, .T. );
#2346 = FILL_AREA_STYLE( '', ( #2848 ) );
#2347 = EDGE_CURVE( '', #2744, #2775, #2849, .T. );
#2348 = EDGE_CURVE( '', #2850, #2742, #2851, .T. );
#2349 = EDGE_CURVE( '', #2819, #2850, #2852, .T. );
#2350 = EDGE_CURVE( '', #2805, #2532, #2853, .T. );
#2351 = EDGE_CURVE( '', #2630, #2813, #2854, .T. );
#2352 = FILL_AREA_STYLE( '', ( #2855 ) );
#2353 = EDGE_CURVE( '', #2856, #2826, #2857, .T. );
#2354 = EDGE_CURVE( '', #2856, #2858, #2859, .T. );
#2355 = EDGE_CURVE( '', #2858, #2828, #2860, .T. );
#2356 = FILL_AREA_STYLE( '', ( #2861 ) );
#2357 = FILL_AREA_STYLE( '', ( #2862 ) );
#2358 = EDGE_CURVE( '', #2460, #2729, #2863, .T. );
#2359 = FILL_AREA_STYLE( '', ( #2864 ) );
#2360 = EDGE_CURVE( '', #2516, #2574, #2865, .T. );
#2361 = FILL_AREA_STYLE( '', ( #2866 ) );
#2362 = EDGE_CURVE( '', #2867, #2678, #2868, .T. );
#2363 = EDGE_CURVE( '', #2867, #2869, #2870, .T. );
#2364 = EDGE_CURVE( '', #2869, #2680, #2871, .T. );
#2365 = FILL_AREA_STYLE( '', ( #2872 ) );
#2366 = EDGE_CURVE( '', #2771, #2602, #2873, .T. );
#2367 = FILL_AREA_STYLE( '', ( #2874 ) );
#2368 = FILL_AREA_STYLE( '', ( #2875 ) );
#2369 = FILL_AREA_STYLE( '', ( #2876 ) );
#2370 = EDGE_CURVE( '', #2850, #2720, #2877, .T. );
#2371 = FILL_AREA_STYLE( '', ( #2878 ) );
#2372 = EDGE_CURVE( '', #2480, #2505, #2879, .T. );
#2373 = FILL_AREA_STYLE( '', ( #2880 ) );
#2374 = EDGE_CURVE( '', #2881, #2672, #2882, .T. );
#2375 = EDGE_CURVE( '', #2881, #2514, #2883, .T. );
#2376 = FILL_AREA_STYLE( '', ( #2884 ) );
#2377 = EDGE_CURVE( '', #2797, #2845, #2885, .T. );
#2378 = FILL_AREA_STYLE( '', ( #2886 ) );
#2379 = EDGE_CURVE( '', #2471, #2887, #2888, .T. );
#2380 = EDGE_CURVE( '', #2887, #2667, #2889, .T. );
#2381 = FILL_AREA_STYLE( '', ( #2890 ) );
#2382 = EDGE_CURVE( '', #2576, #2756, #2891, .T. );
#2383 = EDGE_CURVE( '', #2525, #2881, #2892, .T. );
#2384 = FILL_AREA_STYLE( '', ( #2893 ) );
#2385 = FILL_AREA_STYLE( '', ( #2894 ) );
#2386 = FILL_AREA_STYLE( '', ( #2895 ) );
#2387 = EDGE_CURVE( '', #2752, #2867, #2896, .T. );
#2388 = EDGE_CURVE( '', #2897, #2750, #2898, .T. );
#2389 = EDGE_CURVE( '', #2835, #2897, #2899, .T. );
#2390 = EDGE_CURVE( '', #2869, #2621, #2900, .T. );
#2391 = FILL_AREA_STYLE( '', ( #2901 ) );
#2392 = EDGE_CURVE( '', #2634, #2654, #2902, .T. );
#2393 = FILL_AREA_STYLE( '', ( #2903 ) );
#2394 = EDGE_CURVE( '', #2887, #2540, #2904, .T. );
#2395 = FILL_AREA_STYLE( '', ( #2905 ) );
#2396 = EDGE_CURVE( '', #2906, #2825, #2907, .T. );
#2397 = EDGE_CURVE( '', #2906, #2856, #2908, .T. );
#2398 = FILL_AREA_STYLE( '', ( #2909 ) );
#2399 = EDGE_CURVE( '', #2783, #2841, #2910, .T. );
#2400 = FILL_AREA_STYLE( '', ( #2911 ) );
#2401 = FILL_AREA_STYLE( '', ( #2912 ) );
#2402 = EDGE_CURVE( '', #2858, #2906, #2913, .T. );
#2403 = FILL_AREA_STYLE( '', ( #2914 ) );
#2404 = EDGE_CURVE( '', #2639, #2662, #2915, .T. );
#2405 = FILL_AREA_STYLE( '', ( #2916 ) );
#2406 = EDGE_CURVE( '', #2637, #2664, #2917, .T. );
#2407 = FILL_AREA_STYLE( '', ( #2918 ) );
#2408 = EDGE_CURVE( '', #2897, #2689, #2919, .T. );
#2409 = FILL_AREA_STYLE( '', ( #2920 ) );
#2410 = FILL_AREA_STYLE( '', ( #2921 ) );
#2411 = EDGE_CURVE( '', #2642, #2659, #2922, .T. );
#2412 = FILL_AREA_STYLE( '', ( #2923 ) );
#2413 = EDGE_CURVE( '', #2507, #2487, #2924, .T. );
#2414 = FILL_AREA_STYLE( '', ( #2925 ) );
#2415 = FILL_AREA_STYLE( '', ( #2926 ) );
#2416 = FILL_AREA_STYLE( '', ( #2927 ) );
#2417 = FILL_AREA_STYLE( '', ( #2928 ) );
#2418 = FILL_AREA_STYLE( '', ( #2929 ) );
#2419 = FILL_AREA_STYLE( '', ( #2930 ) );
#2420 = FILL_AREA_STYLE( '', ( #2931 ) );
#2421 = FILL_AREA_STYLE( '', ( #2932 ) );
#2422 = FILL_AREA_STYLE( '', ( #2933 ) );
#2423 = FILL_AREA_STYLE_COLOUR( '', #2934 );
#2424 = VERTEX_POINT( '', #2935 );
#2425 = VERTEX_POINT( '', #2936 );
#2426 = B_SPLINE_CURVE_WITH_KNOTS( '', 1, ( #2937, #2938 ), .UNSPECIFIED., .F., .F., ( 2, 2 ), ( 0.632050195647489, 0.632377799725261 ), .UNSPECIFIED. );
#2427 = VERTEX_POINT( '', #2939 );
#2428 = LINE( '', #2940, #2941 );
#2429 = VERTEX_POINT( '', #2942 );
#2430 = B_SPLINE_CURVE_WITH_KNOTS( '', 1, ( #2943, #2944 ), .UNSPECIFIED., .F., .F., ( 2, 2 ), ( 0.632050195647489, 0.632377799725261 ), .UNSPECIFIED. );
#2431 = LINE( '', #2945, #2946 );
#2432 = FILL_AREA_STYLE_COLOUR( '', #2947 );
#2433 = VERTEX_POINT( '', #2948 );
#2434 = VERTEX_POINT( '', #2949 );
#2435 = LINE( '', #2950, #2951 );
#2436 = VERTEX_POINT( '', #2952 );
#2437 = LINE( '', #2953, #2954 );
#2438 = VERTEX_POINT( '', #2955 );
#2439 = LINE( '', #2956, #2957 );
#2440 = LINE( '', #2958, #2959 );
#2441 = FILL_AREA_STYLE_COLOUR( '', #2960 );
#2442 = VERTEX_POINT( '', #2961 );
#2443 = VERTEX_POINT( '', #2962 );
#2444 = B_SPLINE_CURVE_WITH_KNOTS( '', 3, ( #2963, #2964, #2965, #2966 ), .UNSPECIFIED., .F., .F., ( 4, 4 ), ( 0.245547088729786, 0.246257789420755 ), .UNSPECIFIED. );
#2445 = VERTEX_POINT( '', #2967 );
#2446 = LINE( '', #2968, #2969 );
#2447 = VERTEX_POINT( '', #2970 );
#2448 = B_SPLINE_CURVE_WITH_KNOTS( '', 3, ( #2971, #2972, #2973, #2974 ), .UNSPECIFIED., .F., .F., ( 4, 4 ), ( 0.245547088729786, 0.246257789420755 ), .UNSPECIFIED. );
#2449 = LINE( '', #2975, #2976 );
#2450 = FILL_AREA_STYLE_COLOUR( '', #2977 );
#2451 = VERTEX_POINT( '', #2978 );
#2452 = VERTEX_POINT( '', #2979 );
#2453 = B_SPLINE_CURVE_WITH_KNOTS( '', 1, ( #2980, #2981 ), .UNSPECIFIED., .F., .F., ( 2, 2 ), ( 0.500000000000000, 0.949193548387097 ), .UNSPECIFIED. );
#2454 = VERTEX_POINT( '', #2982 );
#2455 = LINE( '', #2983, #2984 );
#2456 = VERTEX_POINT( '', #2985 );
#2457 = B_SPLINE_CURVE_WITH_KNOTS( '', 1, ( #2986, #2987 ), .UNSPECIFIED., .F., .F., ( 2, 2 ), ( 0.500000000000000, 0.949193548387097 ), .UNSPECIFIED. );
#2458 = LINE( '', #2988, #2989 );
#2459 = FILL_AREA_STYLE_COLOUR( '', #2990 );
#2460 = VERTEX_POINT( '', #2991 );
#2461 = B_SPLINE_CURVE_WITH_KNOTS( '', 1, ( #2992, #2993 ), .UNSPECIFIED., .F., .F., ( 2, 2 ), ( 0.949193548387097, 1.00000000000000 ), .UNSPECIFIED. );
#2462 = VERTEX_POINT( '', #2994 );
#2463 = B_SPLINE_CURVE_WITH_KNOTS( '', 1, ( #2995, #2996 ), .UNSPECIFIED., .F., .F., ( 2, 2 ), ( 0.449193548387097, 0.500000000000000 ), .UNSPECIFIED. );
#2464 = B_SPLINE_CURVE_WITH_KNOTS( '', 1, ( #2997, #2998 ), .UNSPECIFIED., .F., .F., ( 2, 2 ), ( 0.000000000000000, 0.449193548387097 ), .UNSPECIFIED. );
#2465 = FILL_AREA_STYLE_COLOUR( '', #2999 );
#2466 = VERTEX_POINT( '', #3000 );
#2467 = VERTEX_POINT( '', #3001 );
#2468 = B_SPLINE_CURVE_WITH_KNOTS( '', 1, ( #3002, #3003 ), .UNSPECIFIED., .F., .F., ( 2, 2 ), ( 0.814705882352941, 1.00000000000000 ), .UNSPECIFIED. );
#2469 = VERTEX_POINT( '', #3004 );
#2470 = LINE( '', #3005, #3006 );
#2471 = VERTEX_POINT( '', #3007 );
#2472 = B_SPLINE_CURVE_WITH_KNOTS( '', 1, ( #3008, #3009 ), .UNSPECIFIED., .F., .F., ( 2, 2 ), ( 0.814705882352941, 1.00000000000000 ), .UNSPECIFIED. );
#2473 = LINE( '', #3010, #3011 );
#2474 = FILL_AREA_STYLE_COLOUR( '', #3012 );
#2475 = VERTEX_POINT( '', #3013 );
#2476 = VERTEX_POINT( '', #3014 );
#2477 = B_SPLINE_CURVE_WITH_KNOTS( '', 3, ( #3015, #3016, #3017, #3018 ), .UNSPECIFIED., .F., .F., ( 4, 4 ), ( 0.613120944342866, 0.613816921729720 ), .UNSPECIFIED. );
#2478 = VERTEX_POINT( '', #3019 );
#2479 = LINE( '', #3020, #3021 );
#2480 = VERTEX_POINT( '', #3022 );
#2481 = B_SPLINE_CURVE_WITH_KNOTS( '', 3, ( #3023, #3024, #3025, #3026 ), .UNSPECIFIED., .F., .F., ( 4, 4 ), ( 0.613120944342866, 0.613816921729720 ), .UNSPECIFIED. );
#2482 = LINE( '', #3027, #3028 );
#2483 = FILL_AREA_STYLE_COLOUR( '', #3029 );
#2484 = VERTEX_POINT( '', #3030 );
#2485 = VERTEX_POINT( '', #3031 );
#2486 = B_SPLINE_CURVE_WITH_KNOTS( '', 3, ( #3032, #3033, #3034, #3035 ), .UNSPECIFIED., .F., .F., ( 4, 4 ), ( 0.0299270276347236, 0.0495883888133501 ), .UNSPECIFIED. );
#2487 = VERTEX_POINT( '', #3036 );
#2488 = LINE( '', #3037, #3038 );
#2489 = VERTEX_POINT( '', #3039 );
#2490 = B_SPLINE_CURVE_WITH_KNOTS( '', 3, ( #3040, #3041, #3042, #3043 ), .UNSPECIFIED., .F., .F., ( 4, 4 ), ( 0.0299270276347236, 0.0495883888133501 ), .UNSPECIFIED. );
#2491 = LINE( '', #3044, #3045 );
#2492 = FILL_AREA_STYLE_COLOUR( '', #3046 );
#2493 = VERTEX_POINT( '', #3047 );
#2494 = VERTEX_POINT( '', #3048 );
#2495 = LINE( '', #3049, #3050 );
#2496 = VERTEX_POINT( '', #3051 );
#2497 = LINE( '', #3052, #3053 );
#2498 = VERTEX_POINT( '', #3054 );
#2499 = LINE( '', #3055, #3056 );
#2500 = LINE( '', #3057, #3058 );
#2501 = FILL_AREA_STYLE_COLOUR( '', #3059 );
#2502 = VERTEX_POINT( '', #3060 );
#2503 = VERTEX_POINT( '', #3061 );
#2504 = B_SPLINE_CURVE_WITH_KNOTS( '', 3, ( #3062, #3063, #3064, #3065 ), .UNSPECIFIED., .F., .F., ( 4, 4 ), ( 0.999304022613146, 1.00000000000000 ), .UNSPECIFIED. );
#2505 = VERTEX_POINT( '', #3066 );
#2506 = LINE( '', #3067, #3068 );
#2507 = VERTEX_POINT( '', #3069 );
#2508 = B_SPLINE_CURVE_WITH_KNOTS( '', 3, ( #3070, #3071, #3072, #3073 ), .UNSPECIFIED., .F., .F., ( 4, 4 ), ( 0.999304022613146, 1.00000000000000 ), .UNSPECIFIED. );
#2509 = LINE( '', #3074, #3075 );
#2510 = FILL_AREA_STYLE_COLOUR( '', #3076 );
#2511 = VERTEX_POINT( '', #3077 );
#2512 = VERTEX_POINT( '', #3078 );
#2513 = B_SPLINE_CURVE_WITH_KNOTS( '', 3, ( #3079, #3080, #3081, #3082 ), .UNSPECIFIED., .F., .F., ( 4, 4 ), ( 0.427239853398989, 0.428448452701390 ), .UNSPECIFIED. );
#2514 = VERTEX_POINT( '', #3083 );
#2515 = LINE( '', #3084, #3085 );
#2516 = VERTEX_POINT( '', #3086 );
#2517 = B_SPLINE_CURVE_WITH_KNOTS( '', 3, ( #3087, #3088, #3089, #3090 ), .UNSPECIFIED., .F., .F., ( 4, 4 ), ( 0.427239853398989, 0.428448452701390 ), .UNSPECIFIED. );
#2518 = LINE( '', #3091, #3092 );
#2519 = FILL_AREA_STYLE_COLOUR( '', #3093 );
#2520 = VERTEX_POINT( '', #3094 );
#2521 = VERTEX_POINT( '', #3095 );
#2522 = B_SPLINE_CURVE_WITH_KNOTS( '', 3, ( #3096, #3097, #3098, #3099 ), .UNSPECIFIED., .F., .F., ( 4, 4 ), ( 0.000000000000000, 0.336594905718864 ), .UNSPECIFIED. );
#2523 = VERTEX_POINT( '', #3100 );
#2524 = LINE( '', #3101, #3102 );
#2525 = VERTEX_POINT( '', #3103 );
#2526 = B_SPLINE_CURVE_WITH_KNOTS( '', 3, ( #3104, #3105, #3106, #3107 ), .UNSPECIFIED., .F., .F., ( 4, 4 ), ( 0.000000000000000, 0.336594905718864 ), .UNSPECIFIED. );
#2527 = LINE( '', #3108, #3109 );
#2528 = FILL_AREA_STYLE_COLOUR( '', #3110 );
#2529 = VERTEX_POINT( '', #3111 );
#2530 = VERTEX_POINT( '', #3112 );
#2531 = B_SPLINE_CURVE_WITH_KNOTS( '', 1, ( #3113, #3114 ), .UNSPECIFIED., .F., .F., ( 2, 2 ), ( 0.513628102571191, 0.537977933124081 ), .UNSPECIFIED. );
#2532 = VERTEX_POINT( '', #3115 );
#2533 = LINE( '', #3116, #3117 );
#2534 = VERTEX_POINT( '', #3118 );
#2535 = B_SPLINE_CURVE_WITH_KNOTS( '', 1, ( #3119, #3120 ), .UNSPECIFIED., .F., .F., ( 2, 2 ), ( 0.513628102571191, 0.537977933124081 ), .UNSPECIFIED. );
#2536 = LINE( '', #3121, #3122 );
#2537 = FILL_AREA_STYLE_COLOUR( '', #3123 );
#2538 = VERTEX_POINT( '', #3124 );
#2539 = B_SPLINE_CURVE_WITH_KNOTS( '', 1, ( #3125, #3126 ), .UNSPECIFIED., .F., .F., ( 2, 2 ), ( 0.500000000000000, 0.814705882352941 ), .UNSPECIFIED. );
#2540 = VERTEX_POINT( '', #3127 );
#2541 = LINE( '', #3128, #3129 );
#2542 = B_SPLINE_CURVE_WITH_KNOTS( '', 1, ( #3130, #3131 ), .UNSPECIFIED., .F., .F., ( 2, 2 ), ( 0.500000000000000, 0.814705882352941 ), .UNSPECIFIED. );
#2543 = FILL_AREA_STYLE_COLOUR( '', #3132 );
#2544 = VERTEX_POINT( '', #3133 );
#2545 = B_SPLINE_CURVE_WITH_KNOTS( '', 3, ( #3134, #3135, #3136, #3137, #3138, #3139, #3140, #3141, #3142, #3143, #3144, #3145, #3146, #3147, #3148, #3149, #3150, #3151 ), .UNSPECIFIED., .T., .F., ( 4, 2, 2, 2, 2, 2, 2, 2, 4 ), ( 0.000000000000000, 0.124944506104328, 0.249889012208656, 0.376415094339621, 0.502941176470585, 0.627987421383644, 0.753033666296703, 0.876516833148351, 1.00000000000000 ), .UNSPECIFIED. );
#2546 = FILL_AREA_STYLE_COLOUR( '', #3152 );
#2547 = VERTEX_POINT( '', #3153 );
#2548 = VERTEX_POINT( '', #3154 );
#2549 = B_SPLINE_CURVE_WITH_KNOTS( '', 3, ( #3155, #3156, #3157, #3158 ), .UNSPECIFIED., .F., .F., ( 4, 4 ), ( 0.431899563191179, 0.453822850877080 ), .UNSPECIFIED. );
#2550 = VERTEX_POINT( '', #3159 );
#2551 = LINE( '', #3160, #3161 );
#2552 = VERTEX_POINT( '', #3162 );
#2553 = B_SPLINE_CURVE_WITH_KNOTS( '', 3, ( #3163, #3164, #3165, #3166 ), .UNSPECIFIED., .F., .F., ( 4, 4 ), ( 0.431899563191179, 0.453822850877080 ), .UNSPECIFIED. );
#2554 = LINE( '', #3167, #3168 );
#2555 = FILL_AREA_STYLE_COLOUR( '', #3169 );
#2556 = VERTEX_POINT( '', #3170 );
#2557 = B_SPLINE_CURVE_WITH_KNOTS( '', 1, ( #3171, #3172 ), .UNSPECIFIED., .F., .F., ( 2, 2 ), ( 0.632377799725261, 0.749152915448550 ), .UNSPECIFIED. );
#2558 = VERTEX_POINT( '', #3173 );
#2559 = B_SPLINE_CURVE_WITH_KNOTS( '', 1, ( #3174, #3175 ), .UNSPECIFIED., .F., .F., ( 2, 2 ), ( 0.632377799725261, 0.749152915448550 ), .UNSPECIFIED. );
#2560 = LINE( '', #3176, #3177 );
#2561 = FILL_AREA_STYLE_COLOUR( '', #3178 );
#2562 = VERTEX_POINT( '', #3179 );
#2563 = VERTEX_POINT( '', #3180 );
#2564 = B_SPLINE_CURVE_WITH_KNOTS( '', 1, ( #3181, #3182 ), .UNSPECIFIED., .F., .F., ( 2, 2 ), ( 0.385937632221330, 0.508625359346916 ), .UNSPECIFIED. );
#2565 = VERTEX_POINT( '', #3183 );
#2566 = LINE( '', #3184, #3185 );
#2567 = VERTEX_POINT( '', #3186 );
#2568 = B_SPLINE_CURVE_WITH_KNOTS( '', 1, ( #3187, #3188 ), .UNSPECIFIED., .F., .F., ( 2, 2 ), ( 0.385937632221330, 0.508625359346916 ), .UNSPECIFIED. );
#2569 = LINE( '', #3189, #3190 );
#2570 = FILL_AREA_STYLE_COLOUR( '', #3191 );
#2571 = VERTEX_POINT( '', #3192 );
#2572 = VERTEX_POINT( '', #3193 );
#2573 = B_SPLINE_CURVE_WITH_KNOTS( '', 3, ( #3194, #3195, #3196, #3197 ), .UNSPECIFIED., .F., .F., ( 4, 4 ), ( 0.553224276938666, 0.591295154964319 ), .UNSPECIFIED. );
#2574 = VERTEX_POINT( '', #3198 );
#2575 = LINE( '', #3199, #3200 );
#2576 = VERTEX_POINT( '', #3201 );
#2577 = B_SPLINE_CURVE_WITH_KNOTS( '', 3, ( #3202, #3203, #3204, #3205 ), .UNSPECIFIED., .F., .F., ( 4, 4 ), ( 0.553224276938666, 0.591295154964319 ), .UNSPECIFIED. );
#2578 = LINE( '', #3206, #3207 );
#2579 = FILL_AREA_STYLE_COLOUR( '', #3208 );
#2580 = VERTEX_POINT( '', #3209 );
#2581 = B_SPLINE_CURVE_WITH_KNOTS( '', 1, ( #3210, #3211 ), .UNSPECIFIED., .F., .F., ( 2, 2 ), ( 0.449193548387097, 0.500000000000000 ), .UNSPECIFIED. );
#2582 = LINE( '', #3212, #3213 );
#2583 = FILL_AREA_STYLE_COLOUR( '', #3214 );
#2584 = VERTEX_POINT( '', #3215 );
#2585 = VERTEX_POINT( '', #3216 );
#2586 = B_SPLINE_CURVE_WITH_KNOTS( '', 1, ( #3217, #3218 ), .UNSPECIFIED., .F., .F., ( 2, 2 ), ( 0.254967887829002, 0.367837506924431 ), .UNSPECIFIED. );
#2587 = VERTEX_POINT( '', #3219 );
#2588 = LINE( '', #3220, #3221 );
#2589 = VERTEX_POINT( '', #3222 );
#2590 = B_SPLINE_CURVE_WITH_KNOTS( '', 1, ( #3223, #3224 ), .UNSPECIFIED., .F., .F., ( 2, 2 ), ( 0.254967887829002, 0.367837506924431 ), .UNSPECIFIED. );
#2591 = LINE( '', #3225, #3226 );
#2592 = FILL_AREA_STYLE_COLOUR( '', #3227 );
#2593 = VERTEX_POINT( '', #3228 );
#2594 = B_SPLINE_CURVE_WITH_KNOTS( '', 1, ( #3229, #3230 ), .UNSPECIFIED., .F., .F., ( 2, 2 ), ( 0.254640283751230, 0.254967887829002 ), .UNSPECIFIED. );
#2595 = VERTEX_POINT( '', #3231 );
#2596 = LINE( '', #3232, #3233 );
#2597 = B_SPLINE_CURVE_WITH_KNOTS( '', 1, ( #3234, #3235 ), .UNSPECIFIED., .F., .F., ( 2, 2 ), ( 0.254640283751230, 0.254967887829002 ), .UNSPECIFIED. );
#2598 = FILL_AREA_STYLE_COLOUR( '', #3236 );
#2599 = VERTEX_POINT( '', #3237 );
#2600 = LINE( '', #3238, #3239 );
#2601 = LINE( '', #3240, #3241 );
#2602 = VERTEX_POINT( '', #3242 );
#2603 = LINE( '', #3243, #3244 );
#2604 = VERTEX_POINT( '', #3245 );
#2605 = LINE( '', #3246, #3247 );
#2606 = VERTEX_POINT( '', #3248 );
#2607 = LINE( '', #3249, #3250 );
#2608 = LINE( '', #3251, #3252 );
#2609 = FILL_AREA_STYLE_COLOUR( '', #3253 );
#2610 = VERTEX_POINT( '', #3254 );
#2611 = VERTEX_POINT( '', #3255 );
#2612 = LINE( '', #3256, #3257 );
#2613 = VERTEX_POINT( '', #3258 );
#2614 = LINE( '', #3259, #3260 );
#2615 = VERTEX_POINT( '', #3261 );
#2616 = LINE( '', #3262, #3263 );
#2617 = LINE( '', #3264, #3265 );
#2618 = FILL_AREA_STYLE_COLOUR( '', #3266 );
#2619 = VERTEX_POINT( '', #3267 );
#2620 = B_SPLINE_CURVE_WITH_KNOTS( '', 1, ( #3268, #3269 ), .UNSPECIFIED., .F., .F., ( 2, 2 ), ( 0.141770664655801, 0.254640283751230 ), .UNSPECIFIED. );
#2621 = VERTEX_POINT( '', #3270 );
#2622 = LINE( '', #3271, #3272 );
#2623 = B_SPLINE_CURVE_WITH_KNOTS( '', 1, ( #3273, #3274 ), .UNSPECIFIED., .F., .F., ( 2, 2 ), ( 0.141770664655801, 0.254640283751230 ), .UNSPECIFIED. );
#2624 = FILL_AREA_STYLE_COLOUR( '', #3275 );
#2625 = VERTEX_POINT( '', #3276 );
#2626 = VERTEX_POINT( '', #3277 );
#2627 = B_SPLINE_CURVE_WITH_KNOTS( '', 1, ( #3278, #3279 ), .UNSPECIFIED., .F., .F., ( 2, 2 ), ( 0.980205944195715, 1.00000000000000 ), .UNSPECIFIED. );
#2628 = VERTEX_POINT( '', #3280 );
#2629 = LINE( '', #3281, #3282 );
#2630 = VERTEX_POINT( '', #3283 );
#2631 = B_SPLINE_CURVE_WITH_KNOTS( '', 1, ( #3284, #3285 ), .UNSPECIFIED., .F., .F., ( 2, 2 ), ( 0.980205944195715, 1.00000000000000 ), .UNSPECIFIED. );
#2632 = LINE( '', #3286, #3287 );
#2633 = FILL_AREA_STYLE_COLOUR( '', #3288 );
#2634 = VERTEX_POINT( '', #3289 );
#2635 = VERTEX_POINT( '', #3290 );
#2636 = B_SPLINE_CURVE_WITH_KNOTS( '', 3, ( #3291, #3292, #3293, #3294 ), .UNSPECIFIED., .F., .F., ( 4, 4 ), ( 0.977612928234477, 1.00000000000000 ), .UNSPECIFIED. );
#2637 = VERTEX_POINT( '', #3295 );
#2638 = B_SPLINE_CURVE_WITH_KNOTS( '', 3, ( #3296, #3297, #3298, #3299, #3300, #3301, #3302, #3303, #3304, #3305, #3306, #3307, #3308, #3309, #3310 ), .UNSPECIFIED., .F., .F., ( 4, 3, 2, 3, 3, 4 ), ( 0.565476027601581, 0.708682216831832, 0.769601918792027, 0.804821121487765, 0.844517899856202, 0.977612928234477 ), .UNSPECIFIED. );
#2639 = VERTEX_POINT( '', #3311 );
#2640 = B_SPLINE_CURVE_WITH_KNOTS( '', 3, ( #3312, #3313, #3314, #3315 ), .UNSPECIFIED., .F., .F., ( 4, 4 ), ( 0.543088955836057, 0.565476027601581 ), .UNSPECIFIED. );
#2641 = B_SPLINE_CURVE_WITH_KNOTS( '', 3, ( #3316, #3317, #3318, #3319, #3320, #3321, #3322, #3323, #3324, #3325, #3326, #3327 ), .UNSPECIFIED., .F., .F., ( 4, 2, 3, 3, 4 ), ( 0.246257789420755, 0.307855663481921, 0.350353421555127, 0.393644989871565, 0.543088955836057 ), .UNSPECIFIED. );
#2642 = VERTEX_POINT( '', #3328 );
#2643 = B_SPLINE_CURVE_WITH_KNOTS( '', 3, ( #3329, #3330, #3331, #3332 ), .UNSPECIFIED., .F., .F., ( 4, 4 ), ( 0.218007436954738, 0.245547088729786 ), .UNSPECIFIED. );
#2644 = VERTEX_POINT( '', #3333 );
#2645 = B_SPLINE_CURVE_WITH_KNOTS( '', 3, ( #3334, #3335, #3336, #3337 ), .UNSPECIFIED., .F., .F., ( 4, 4 ), ( 0.197930142434864, 0.218007436954738 ), .UNSPECIFIED. );
#2646 = B_SPLINE_CURVE_WITH_KNOTS( '', 3, ( #3338, #3339, #3340, #3341 ), .UNSPECIFIED., .F., .F., ( 4, 4 ), ( 0.000000000000000, 0.197930142434864 ), .UNSPECIFIED. );
#2647 = FILL_AREA_STYLE_COLOUR( '', #3342 );
#2648 = VERTEX_POINT( '', #3343 );
#2649 = LINE( '', #3344, #3345 );
#2650 = VERTEX_POINT( '', #3346 );
#2651 = LINE( '', #3347, #3348 );
#2652 = LINE( '', #3349, #3350 );
#2653 = FILL_AREA_STYLE_COLOUR( '', #3351 );
#2654 = VERTEX_POINT( '', #3352 );
#2655 = VERTEX_POINT( '', #3353 );
#2656 = B_SPLINE_CURVE_WITH_KNOTS( '', 3, ( #3354, #3355, #3356, #3357 ), .UNSPECIFIED., .F., .F., ( 4, 4 ), ( 0.977612928234477, 1.00000000000000 ), .UNSPECIFIED. );
#2657 = VERTEX_POINT( '', #3358 );
#2658 = B_SPLINE_CURVE_WITH_KNOTS( '', 3, ( #3359, #3360, #3361, #3362 ), .UNSPECIFIED., .F., .F., ( 4, 4 ), ( 0.000000000000000, 0.197930142434864 ), .UNSPECIFIED. );
#2659 = VERTEX_POINT( '', #3363 );
#2660 = B_SPLINE_CURVE_WITH_KNOTS( '', 3, ( #3364, #3365, #3366, #3367 ), .UNSPECIFIED., .F., .F., ( 4, 4 ), ( 0.197930142434864, 0.218007436954738 ), .UNSPECIFIED. );
#2661 = B_SPLINE_CURVE_WITH_KNOTS( '', 3, ( #3368, #3369, #3370, #3371 ), .UNSPECIFIED., .F., .F., ( 4, 4 ), ( 0.218007436954738, 0.245547088729786 ), .UNSPECIFIED. );
#2662 = VERTEX_POINT( '', #3372 );
#2663 = B_SPLINE_CURVE_WITH_KNOTS( '', 3, ( #3373, #3374, #3375, #3376, #3377, #3378, #3379, #3380, #3381, #3382, #3383, #3384 ), .UNSPECIFIED., .F., .F., ( 4, 2, 3, 3, 4 ), ( 0.246257789420755, 0.307855663481921, 0.350353421555127, 0.393644989871565, 0.543088955836057 ), .UNSPECIFIED. );
#2664 = VERTEX_POINT( '', #3385 );
#2665 = B_SPLINE_CURVE_WITH_KNOTS( '', 3, ( #3386, #3387, #3388, #3389 ), .UNSPECIFIED., .F., .F., ( 4, 4 ), ( 0.543088955836057, 0.565476027601581 ), .UNSPECIFIED. );
#2666 = B_SPLINE_CURVE_WITH_KNOTS( '', 3, ( #3390, #3391, #3392, #3393, #3394, #3395, #3396, #3397, #3398, #3399, #3400, #3401, #3402, #3403, #3404 ), .UNSPECIFIED., .F., .F., ( 4, 3, 2, 3, 3, 4 ), ( 0.565476027601581, 0.708682216831832, 0.769601918792027, 0.804821121487765, 0.844517899856202, 0.977612928234477 ), .UNSPECIFIED. );
#2667 = VERTEX_POINT( '', #3405 );
#2668 = B_SPLINE_CURVE_WITH_KNOTS( '', 1, ( #3406, #3407 ), .UNSPECIFIED., .F., .F., ( 2, 2 ), ( 0.000000000000000, 0.314705882352941 ), .UNSPECIFIED. );
#2669 = B_SPLINE_CURVE_WITH_KNOTS( '', 1, ( #3408, #3409 ), .UNSPECIFIED., .F., .F., ( 2, 2 ), ( 0.314705882352941, 0.500000000000000 ), .UNSPECIFIED. );
#2670 = VERTEX_POINT( '', #3410 );
#2671 = B_SPLINE_CURVE_WITH_KNOTS( '', 3, ( #3411, #3412, #3413, #3414 ), .UNSPECIFIED., .F., .F., ( 4, 4 ), ( 0.961929121974348, 1.00000000000000 ), .UNSPECIFIED. );
#2672 = VERTEX_POINT( '', #3415 );
#2673 = B_SPLINE_CURVE_WITH_KNOTS( '', 3, ( #3416, #3417, #3418, #3419 ), .UNSPECIFIED., .F., .F., ( 4, 4 ), ( 0.336594905718864, 0.374665783744516 ), .UNSPECIFIED. );
#2674 = B_SPLINE_CURVE_WITH_KNOTS( '', 3, ( #3420, #3421, #3422, #3423 ), .UNSPECIFIED., .F., .F., ( 4, 4 ), ( 0.374665783744516, 0.427239853398989 ), .UNSPECIFIED. );
#2675 = B_SPLINE_CURVE_WITH_KNOTS( '', 3, ( #3424, #3425, #3426, #3427, #3428, #3429, #3430, #3431 ), .UNSPECIFIED., .F., .F., ( 4, 2, 2, 4 ), ( 0.428448452701390, 0.484770873364049, 0.541093294026708, 0.553224276938666 ), .UNSPECIFIED. );
#2676 = B_SPLINE_CURVE_WITH_KNOTS( '', 3, ( #3432, #3433, #3434, #3435, #3436, #3437, #3438, #3439, #3440, #3441, #3442, #3443, #3444 ), .UNSPECIFIED., .F., .F., ( 4, 3, 3, 3, 4 ), ( 0.591295154964319, 0.609562796619294, 0.674731454147155, 0.751271439800543, 0.961929121974348 ), .UNSPECIFIED. );
#2677 = VERTEX_POINT( '', #3445 );
#2678 = VERTEX_POINT( '', #3446 );
#2679 = B_SPLINE_CURVE_WITH_KNOTS( '', 1, ( #3447, #3448 ), .UNSPECIFIED., .F., .F., ( 2, 2 ), ( 0.989025263394640, 1.00000000000000 ), .UNSPECIFIED. );
#2680 = VERTEX_POINT( '', #3449 );
#2681 = B_SPLINE_CURVE_WITH_KNOTS( '', 1, ( #3450, #3451 ), .UNSPECIFIED., .F., .F., ( 2, 2 ), ( 0.000000000000000, 0.122687727125586 ), .UNSPECIFIED. );
#2682 = B_SPLINE_CURVE_WITH_KNOTS( '', 1, ( #3452, #3453 ), .UNSPECIFIED., .F., .F., ( 2, 2 ), ( 0.122687727125586, 0.141770664655801 ), .UNSPECIFIED. );
#2683 = B_SPLINE_CURVE_WITH_KNOTS( '', 1, ( #3454, #3455 ), .UNSPECIFIED., .F., .F., ( 2, 2 ), ( 0.367837506924431, 0.385937632221330 ), .UNSPECIFIED. );
#2684 = VERTEX_POINT( '', #3456 );
#2685 = B_SPLINE_CURVE_WITH_KNOTS( '', 1, ( #3457, #3458 ), .UNSPECIFIED., .F., .F., ( 2, 2 ), ( 0.508625359346916, 0.519681996971719 ), .UNSPECIFIED. );
#2686 = B_SPLINE_CURVE_WITH_KNOTS( '', 1, ( #3459, #3460 ), .UNSPECIFIED., .F., .F., ( 2, 2 ), ( 0.519681996971719, 0.632050195647489 ), .UNSPECIFIED. );
#2687 = VERTEX_POINT( '', #3461 );
#2688 = B_SPLINE_CURVE_WITH_KNOTS( '', 1, ( #3462, #3463 ), .UNSPECIFIED., .F., .F., ( 2, 2 ), ( 0.749152915448550, 0.759472443898366 ), .UNSPECIFIED. );
#2689 = VERTEX_POINT( '', #3464 );
#2690 = B_SPLINE_CURVE_WITH_KNOTS( '', 1, ( #3465, #3466 ), .UNSPECIFIED., .F., .F., ( 2, 2 ), ( 0.759472443898366, 0.876247559621655 ), .UNSPECIFIED. );
#2691 = VERTEX_POINT( '', #3467 );
#2692 = B_SPLINE_CURVE_WITH_KNOTS( '', 1, ( #3468, #3469 ), .UNSPECIFIED., .F., .F., ( 2, 2 ), ( 0.876247559621655, 0.876657064718870 ), .UNSPECIFIED. );
#2693 = B_SPLINE_CURVE_WITH_KNOTS( '', 1, ( #3470, #3471 ), .UNSPECIFIED., .F., .F., ( 2, 2 ), ( 0.876657064718870, 0.989025263394640 ), .UNSPECIFIED. );
#2694 = VERTEX_POINT( '', #3472 );
#2695 = LINE( '', #3473, #3474 );
#2696 = LINE( '', #3475, #3476 );
#2697 = VERTEX_POINT( '', #3477 );
#2698 = VERTEX_POINT( '', #3478 );
#2699 = B_SPLINE_CURVE_WITH_KNOTS( '', 3, ( #3479, #3480, #3481, #3482, #3483, #3484, #3485, #3486, #3487, #3488, #3489, #3490, #3491, #3492, #3493, #3494, #3495, #3496, #3497, #3498, #3499, #3500, #3501, #3502 ), .UNSPECIFIED., .F., .F., ( 4, 2, 3, 2, 3, 3, 3, 2, 2, 4 ), ( 0.501588227691744, 0.577395052246874, 0.625728262533701, 0.676735416006300, 0.761232114688182, 0.811519827815156, 0.832332658054920, 0.863864128331158, 0.928428567468219, 1.00000000000000 ), .UNSPECIFIED. );
#2700 = VERTEX_POINT( '', #3503 );
#2701 = B_SPLINE_CURVE_WITH_KNOTS( '', 3, ( #3504, #3505, #3506, #3507 ), .UNSPECIFIED., .F., .F., ( 4, 4 ), ( 0.000000000000000, 0.0257269443227276 ), .UNSPECIFIED. );
#2702 = VERTEX_POINT( '', #3508 );
#2703 = B_SPLINE_CURVE_WITH_KNOTS( '', 3, ( #3509, #3510, #3511, #3512, #3513, #3514, #3515, #3516, #3517, #3518, #3519, #3520, #3521, #3522, #3523 ), .UNSPECIFIED., .F., .F., ( 4, 2, 3, 3, 3, 4 ), ( 0.0257269443227276, 0.138975675017387, 0.242828222815983, 0.377588407363604, 0.403725362251138, 0.411075917771917 ), .UNSPECIFIED. );
#2704 = VERTEX_POINT( '', #3524 );
#2705 = B_SPLINE_CURVE_WITH_KNOTS( '', 3, ( #3525, #3526, #3527, #3528 ), .UNSPECIFIED., .F., .F., ( 4, 4 ), ( 0.411075917771917, 0.429860670769464 ), .UNSPECIFIED. );
#2706 = VERTEX_POINT( '', #3529 );
#2707 = B_SPLINE_CURVE_WITH_KNOTS( '', 3, ( #3530, #3531, #3532, #3533, #3534, #3535, #3536, #3537, #3538, #3539, #3540, #3541 ), .UNSPECIFIED., .F., .F., ( 4, 2, 3, 3, 4 ), ( 0.429860670769464, 0.438069951923568, 0.468170649488614, 0.493201440926721, 0.500771499300546 ), .UNSPECIFIED. );
#2708 = B_SPLINE_CURVE_WITH_KNOTS( '', 3, ( #3542, #3543, #3544, #3545 ), .UNSPECIFIED., .F., .F., ( 4, 4 ), ( 0.500771499300546, 0.501588227691744 ), .UNSPECIFIED. );
#2709 = VERTEX_POINT( '', #3546 );
#2710 = B_SPLINE_CURVE_WITH_KNOTS( '', 1, ( #3547, #3548 ), .UNSPECIFIED., .F., .F., ( 2, 2 ), ( 0.000000000000000, 0.235329330117615 ), .UNSPECIFIED. );
#2711 = VERTEX_POINT( '', #3549 );
#2712 = B_SPLINE_CURVE_WITH_KNOTS( '', 1, ( #3550, #3551 ), .UNSPECIFIED., .F., .F., ( 2, 2 ), ( 0.235329330117615, 0.255123385921899 ), .UNSPECIFIED. );
#2713 = VERTEX_POINT( '', #3552 );
#2714 = B_SPLINE_CURVE_WITH_KNOTS( '', 1, ( #3553, #3554 ), .UNSPECIFIED., .F., .F., ( 2, 2 ), ( 0.255123385921899, 0.402479134687135 ), .UNSPECIFIED. );
#2715 = VERTEX_POINT( '', #3555 );
#2716 = B_SPLINE_CURVE_WITH_KNOTS( '', 1, ( #3556, #3557 ), .UNSPECIFIED., .F., .F., ( 2, 2 ), ( 0.402479134687135, 0.403264613092067 ), .UNSPECIFIED. );
#2717 = B_SPLINE_CURVE_WITH_KNOTS( '', 1, ( #3558, #3559 ), .UNSPECIFIED., .F., .F., ( 2, 2 ), ( 0.403264613092067, 0.513628102571191 ), .UNSPECIFIED. );
#2718 = VERTEX_POINT( '', #3560 );
#2719 = B_SPLINE_CURVE_WITH_KNOTS( '', 1, ( #3561, #3562 ), .UNSPECIFIED., .F., .F., ( 2, 2 ), ( 0.537977933124081, 0.621617922090325 ), .UNSPECIFIED. );
#2720 = VERTEX_POINT( '', #3563 );
#2721 = B_SPLINE_CURVE_WITH_KNOTS( '', 1, ( #3564, #3565 ), .UNSPECIFIED., .F., .F., ( 2, 2 ), ( 0.621617922090325, 0.748176020122498 ), .UNSPECIFIED. );
#2722 = VERTEX_POINT( '', #3566 );
#2723 = B_SPLINE_CURVE_WITH_KNOTS( '', 1, ( #3567, #3568 ), .UNSPECIFIED., .F., .F., ( 2, 2 ), ( 0.748176020122498, 0.772525850675388 ), .UNSPECIFIED. );
#2724 = VERTEX_POINT( '', #3569 );
#2725 = B_SPLINE_CURVE_WITH_KNOTS( '', 1, ( #3570, #3571 ), .UNSPECIFIED., .F., .F., ( 2, 2 ), ( 0.772525850675388, 0.878468573615736 ), .UNSPECIFIED. );
#2726 = VERTEX_POINT( '', #3572 );
#2727 = B_SPLINE_CURVE_WITH_KNOTS( '', 1, ( #3573, #3574 ), .UNSPECIFIED., .F., .F., ( 2, 2 ), ( 0.878468573615736, 0.918938628611022 ), .UNSPECIFIED. );
#2728 = B_SPLINE_CURVE_WITH_KNOTS( '', 1, ( #3575, #3576 ), .UNSPECIFIED., .F., .F., ( 2, 2 ), ( 0.918938628611022, 0.980205944195715 ), .UNSPECIFIED. );
#2729 = VERTEX_POINT( '', #3577 );
#2730 = B_SPLINE_CURVE_WITH_KNOTS( '', 1, ( #3578, #3579 ), .UNSPECIFIED., .F., .F., ( 2, 2 ), ( 0.949193548387097, 1.00000000000000 ), .UNSPECIFIED. );
#2731 = B_SPLINE_CURVE_WITH_KNOTS( '', 1, ( #3580, #3581 ), .UNSPECIFIED., .F., .F., ( 2, 2 ), ( 0.000000000000000, 0.449193548387097 ), .UNSPECIFIED. );
#2732 = B_SPLINE_CURVE_WITH_KNOTS( '', 3, ( #3582, #3583, #3584, #3585 ), .UNSPECIFIED., .F., .F., ( 4, 4 ), ( 0.000000000000000, 0.0299270276347236 ), .UNSPECIFIED. );
#2733 = B_SPLINE_CURVE_WITH_KNOTS( '', 3, ( #3586, #3587, #3588, #3589, #3590, #3591, #3592, #3593, #3594, #3595, #3596, #3597, #3598, #3599, #3600 ), .UNSPECIFIED., .F., .F., ( 4, 3, 3, 2, 3, 4 ), ( 0.0495883888133501, 0.229672537661832, 0.293549440108412, 0.347607496870202, 0.393084909701548, 0.431899563191179 ), .UNSPECIFIED. );
#2734 = B_SPLINE_CURVE_WITH_KNOTS( '', 3, ( #3601, #3602, #3603, #3604, #3605, #3606, #3607, #3608, #3609, #3610, #3611, #3612 ), .UNSPECIFIED., .F., .F., ( 4, 3, 2, 3, 4 ), ( 0.453822850877080, 0.478591973587157, 0.506621391506644, 0.582494126219737, 0.613120944342866 ), .UNSPECIFIED. );
#2735 = B_SPLINE_CURVE_WITH_KNOTS( '', 3, ( #3613, #3614, #3615, #3616, #3617, #3618, #3619, #3620, #3621, #3622, #3623, #3624, #3625, #3626, #3627 ), .UNSPECIFIED., .F., .F., ( 4, 2, 2, 2, 2, 3, 4 ), ( 0.613816921729720, 0.647489166132686, 0.681161410535653, 0.805531474540154, 0.934916460480321, 0.968078158557423, 0.999304022613146 ), .UNSPECIFIED. );
#2736 = FILL_AREA_STYLE_COLOUR( '', #3628 );
#2737 = LINE( '', #3629, #3630 );
#2738 = LINE( '', #3631, #3632 );
#2739 = FILL_AREA_STYLE_COLOUR( '', #3633 );
#2740 = B_SPLINE_CURVE_WITH_KNOTS( '', 1, ( #3634, #3635 ), .UNSPECIFIED., .F., .F., ( 2, 2 ), ( 0.367837506924431, 0.385937632221330 ), .UNSPECIFIED. );
#2741 = FILL_AREA_STYLE_COLOUR( '', #3636 );
#2742 = VERTEX_POINT( '', #3637 );
#2743 = LINE( '', #3638, #3639 );
#2744 = VERTEX_POINT( '', #3640 );
#2745 = B_SPLINE_CURVE_WITH_KNOTS( '', 1, ( #3641, #3642 ), .UNSPECIFIED., .F., .F., ( 2, 2 ), ( 0.772525850675388, 0.878468573615736 ), .UNSPECIFIED. );
#2746 = LINE( '', #3643, #3644 );
#2747 = FILL_AREA_STYLE_COLOUR( '', #3645 );
#2748 = B_SPLINE_CURVE_WITH_KNOTS( '', 3, ( #3646, #3647, #3648, #3649, #3650, #3651, #3652, #3653, #3654, #3655, #3656, #3657, #3658, #3659, #3660 ), .UNSPECIFIED., .F., .F., ( 4, 3, 3, 2, 3, 4 ), ( 0.0495883888133501, 0.229672537661832, 0.293549440108412, 0.347607496870202, 0.393084909701548, 0.431899563191179 ), .UNSPECIFIED. );
#2749 = FILL_AREA_STYLE_COLOUR( '', #3661 );
#2750 = VERTEX_POINT( '', #3662 );
#2751 = LINE( '', #3663, #3664 );
#2752 = VERTEX_POINT( '', #3665 );
#2753 = B_SPLINE_CURVE_WITH_KNOTS( '', 1, ( #3666, #3667 ), .UNSPECIFIED., .F., .F., ( 2, 2 ), ( 0.876657064718870, 0.989025263394640 ), .UNSPECIFIED. );
#2754 = LINE( '', #3668, #3669 );
#2755 = FILL_AREA_STYLE_COLOUR( '', #3670 );
#2756 = VERTEX_POINT( '', #3671 );
#2757 = LINE( '', #3672, #3673 );
#2758 = B_SPLINE_CURVE_WITH_KNOTS( '', 3, ( #3674, #3675, #3676, #3677 ), .UNSPECIFIED., .F., .F., ( 4, 4 ), ( 0.961929121974348, 1.00000000000000 ), .UNSPECIFIED. );
#2759 = FILL_AREA_STYLE_COLOUR( '', #3678 );
#2760 = VERTEX_POINT( '', #3679 );
#2761 = VERTEX_POINT( '', #3680 );
#2762 = LINE( '', #3681, #3682 );
#2763 = LINE( '', #3683, #3684 );
#2764 = LINE( '', #3685, #3686 );
#2765 = FILL_AREA_STYLE_COLOUR( '', #3687 );
#2766 = VERTEX_POINT( '', #3688 );
#2767 = LINE( '', #3689, #3690 );
#2768 = LINE( '', #3691, #3692 );
#2769 = VERTEX_POINT( '', #3693 );
#2770 = LINE( '', #3694, #3695 );
#2771 = VERTEX_POINT( '', #3696 );
#2772 = LINE( '', #3697, #3698 );
#2773 = LINE( '', #3699, #3700 );
#2774 = FILL_AREA_STYLE_COLOUR( '', #3701 );
#2775 = VERTEX_POINT( '', #3702 );
#2776 = LINE( '', #3703, #3704 );
#2777 = B_SPLINE_CURVE_WITH_KNOTS( '', 1, ( #3705, #3706 ), .UNSPECIFIED., .F., .F., ( 2, 2 ), ( 0.918938628611022, 0.980205944195715 ), .UNSPECIFIED. );
#2778 = FILL_AREA_STYLE_COLOUR( '', #3707 );
#2779 = LINE( '', #3708, #3709 );
#2780 = FILL_AREA_STYLE_COLOUR( '', #3710 );
#2781 = VERTEX_POINT( '', #3711 );
#2782 = LINE( '', #3712, #3713 );
#2783 = VERTEX_POINT( '', #3714 );
#2784 = B_SPLINE_CURVE_WITH_KNOTS( '', 3, ( #3715, #3716, #3717, #3718 ), .UNSPECIFIED., .F., .F., ( 4, 4 ), ( 0.500771499300546, 0.501588227691744 ), .UNSPECIFIED. );
#2785 = LINE( '', #3719, #3720 );
#2786 = FILL_AREA_STYLE_COLOUR( '', #3721 );
#2787 = LINE( '', #3722, #3723 );
#2788 = FILL_AREA_STYLE_COLOUR( '', #3724 );
#2789 = VERTEX_POINT( '', #3725 );
#2790 = B_SPLINE_CURVE_WITH_KNOTS( '', 1, ( #3726, #3727 ), .UNSPECIFIED., .F., .F., ( 2, 2 ), ( 0.508625359346916, 0.519681996971719 ), .UNSPECIFIED. );
#2791 = LINE( '', #3728, #3729 );
#2792 = FILL_AREA_STYLE_COLOUR( '', #3730 );
#2793 = LINE( '', #3731, #3732 );
#2794 = FILL_AREA_STYLE_COLOUR( '', #3733 );
#2795 = VERTEX_POINT( '', #3734 );
#2796 = LINE( '', #3735, #3736 );
#2797 = VERTEX_POINT( '', #3737 );
#2798 = B_SPLINE_CURVE_WITH_KNOTS( '', 3, ( #3738, #3739, #3740, #3741, #3742, #3743, #3744, #3745, #3746, #3747, #3748, #3749, #3750, #3751, #3752 ), .UNSPECIFIED., .F., .F., ( 4, 2, 3, 3, 3, 4 ), ( 0.0257269443227276, 0.138975675017387, 0.242828222815983, 0.377588407363604, 0.403725362251138, 0.411075917771917 ), .UNSPECIFIED. );
#2799 = LINE( '', #3753, #3754 );
#2800 = FILL_AREA_STYLE_COLOUR( '', #3755 );
#2801 = B_SPLINE_CURVE_WITH_KNOTS( '', 1, ( #3756, #3757 ), .UNSPECIFIED., .F., .F., ( 2, 2 ), ( 0.519681996971719, 0.632050195647489 ), .UNSPECIFIED. );
#2802 = FILL_AREA_STYLE_COLOUR( '', #3758 );
#2803 = VERTEX_POINT( '', #3759 );
#2804 = LINE( '', #3760, #3761 );
#2805 = VERTEX_POINT( '', #3762 );
#2806 = B_SPLINE_CURVE_WITH_KNOTS( '', 1, ( #3763, #3764 ), .UNSPECIFIED., .F., .F., ( 2, 2 ), ( 0.402479134687135, 0.403264613092067 ), .UNSPECIFIED. );
#2807 = LINE( '', #3765, #3766 );
#2808 = FILL_AREA_STYLE_COLOUR( '', #3767 );
#2809 = LINE( '', #3768, #3769 );
#2810 = FILL_AREA_STYLE_COLOUR( '', #3770 );
#2811 = B_SPLINE_CURVE_WITH_KNOTS( '', 3, ( #3771, #3772, #3773, #3774, #3775, #3776, #3777, #3778, #3779, #3780, #3781, #3782 ), .UNSPECIFIED., .F., .F., ( 4, 3, 2, 3, 4 ), ( 0.453822850877080, 0.478591973587157, 0.506621391506644, 0.582494126219737, 0.613120944342866 ), .UNSPECIFIED. );
#2812 = FILL_AREA_STYLE_COLOUR( '', #3783 );
#2813 = VERTEX_POINT( '', #3784 );
#2814 = LINE( '', #3785, #3786 );
#2815 = VERTEX_POINT( '', #3787 );
#2816 = B_SPLINE_CURVE_WITH_KNOTS( '', 1, ( #3788, #3789 ), .UNSPECIFIED., .F., .F., ( 2, 2 ), ( 0.235329330117615, 0.255123385921899 ), .UNSPECIFIED. );
#2817 = LINE( '', #3790, #3791 );
#2818 = FILL_AREA_STYLE_COLOUR( '', #3792 );
#2819 = VERTEX_POINT( '', #3793 );
#2820 = B_SPLINE_CURVE_WITH_KNOTS( '', 1, ( #3794, #3795 ), .UNSPECIFIED., .F., .F., ( 2, 2 ), ( 0.537977933124081, 0.621617922090325 ), .UNSPECIFIED. );
#2821 = LINE( '', #3796, #3797 );
#2822 = FILL_AREA_STYLE_COLOUR( '', #3798 );
#2823 = B_SPLINE_CURVE_WITH_KNOTS( '', 1, ( #3799, #3800 ), .UNSPECIFIED., .F., .F., ( 2, 2 ), ( 0.255123385921899, 0.402479134687135 ), .UNSPECIFIED. );
#2824 = FILL_AREA_STYLE_COLOUR( '', #3801 );
#2825 = VERTEX_POINT( '', #3802 );
#2826 = VERTEX_POINT( '', #3803 );
#2827 = B_SPLINE_CURVE_WITH_KNOTS( '', 3, ( #3804, #3805, #3806, #3807 ), .UNSPECIFIED., .F., .F., ( 4, 4 ), ( 0.145909960512045, 0.148393534307995 ), .UNSPECIFIED. );
#2828 = VERTEX_POINT( '', #3808 );
#2829 = B_SPLINE_CURVE_WITH_KNOTS( '', 3, ( #3809, #3810, #3811, #3812, #3813, #3814, #3815, #3816, #3817, #3818, #3819, #3820, #3821, #3822, #3823, #3824, #3825, #3826, #3827, #3828, #3829, #3830 ), .UNSPECIFIED., .F., .F., ( 4, 3, 3, 3, 2, 3, 2, 2, 4 ), ( 0.148393534307995, 0.245942086050110, 0.312658626429203, 0.416676787619485, 0.517573302017042, 0.623126578617564, 0.721363726371279, 0.860681863185640, 1.00000000000000 ), .UNSPECIFIED. );
#2830 = B_SPLINE_CURVE_WITH_KNOTS( '', 3, ( #3831, #3832, #3833, #3834 ), .UNSPECIFIED., .F., .F., ( 4, 4 ), ( 0.000000000000000, 0.145909960512045 ), .UNSPECIFIED. );
#2831 = FILL_AREA_STYLE_COLOUR( '', #3835 );
#2832 = VERTEX_POINT( '', #3836 );
#2833 = B_SPLINE_CURVE_WITH_KNOTS( '', 3, ( #3837, #3838, #3839, #3840, #3841, #3842, #3843, #3844, #3845, #3846, #3847, #3848, #3849, #3850, #3851, #3852, #3853, #3854 ), .UNSPECIFIED., .T., .F., ( 4, 2, 2, 2, 2, 2, 2, 2, 4 ), ( 0.000000000000000, 0.124944506104328, 0.249889012208656, 0.376415094339621, 0.502941176470585, 0.627987421383644, 0.753033666296703, 0.876516833148351, 1.00000000000000 ), .UNSPECIFIED. );
#2834 = FILL_AREA_STYLE_COLOUR( '', #3855 );
#2835 = VERTEX_POINT( '', #3856 );
#2836 = B_SPLINE_CURVE_WITH_KNOTS( '', 1, ( #3857, #3858 ), .UNSPECIFIED., .F., .F., ( 2, 2 ), ( 0.749152915448550, 0.759472443898366 ), .UNSPECIFIED. );
#2837 = LINE( '', #3859, #3860 );
#2838 = FILL_AREA_STYLE_COLOUR( '', #3861 );
#2839 = FILL_AREA_STYLE_COLOUR( '', #3862 );
#2840 = FILL_AREA_STYLE_COLOUR( '', #3863 );
#2841 = VERTEX_POINT( '', #3864 );
#2842 = LINE( '', #3865, #3866 );
#2843 = B_SPLINE_CURVE_WITH_KNOTS( '', 3, ( #3867, #3868, #3869, #3870 ), .UNSPECIFIED., .F., .F., ( 4, 4 ), ( 0.000000000000000, 0.0257269443227276 ), .UNSPECIFIED. );
#2844 = FILL_AREA_STYLE_COLOUR( '', #3871 );
#2845 = VERTEX_POINT( '', #3872 );
#2846 = LINE( '', #3873, #3874 );
#2847 = B_SPLINE_CURVE_WITH_KNOTS( '', 3, ( #3875, #3876, #3877, #3878, #3879, #3880, #3881, #3882, #3883, #3884, #3885, #3886 ), .UNSPECIFIED., .F., .F., ( 4, 2, 3, 3, 4 ), ( 0.429860670769464, 0.438069951923568, 0.468170649488614, 0.493201440926721, 0.500771499300546 ), .UNSPECIFIED. );
#2848 = FILL_AREA_STYLE_COLOUR( '', #3887 );
#2849 = B_SPLINE_CURVE_WITH_KNOTS( '', 1, ( #3888, #3889 ), .UNSPECIFIED., .F., .F., ( 2, 2 ), ( 0.878468573615736, 0.918938628611022 ), .UNSPECIFIED. );
#2850 = VERTEX_POINT( '', #3890 );
#2851 = B_SPLINE_CURVE_WITH_KNOTS( '', 1, ( #3891, #3892 ), .UNSPECIFIED., .F., .F., ( 2, 2 ), ( 0.748176020122498, 0.772525850675388 ), .UNSPECIFIED. );
#2852 = B_SPLINE_CURVE_WITH_KNOTS( '', 1, ( #3893, #3894 ), .UNSPECIFIED., .F., .F., ( 2, 2 ), ( 0.621617922090325, 0.748176020122498 ), .UNSPECIFIED. );
#2853 = B_SPLINE_CURVE_WITH_KNOTS( '', 1, ( #3895, #3896 ), .UNSPECIFIED., .F., .F., ( 2, 2 ), ( 0.403264613092067, 0.513628102571191 ), .UNSPECIFIED. );
#2854 = B_SPLINE_CURVE_WITH_KNOTS( '', 1, ( #3897, #3898 ), .UNSPECIFIED., .F., .F., ( 2, 2 ), ( 0.000000000000000, 0.235329330117615 ), .UNSPECIFIED. );
#2855 = FILL_AREA_STYLE_COLOUR( '', #3899 );
#2856 = VERTEX_POINT( '', #3900 );
#2857 = LINE( '', #3901, #3902 );
#2858 = VERTEX_POINT( '', #3903 );
#2859 = B_SPLINE_CURVE_WITH_KNOTS( '', 3, ( #3904, #3905, #3906, #3907, #3908, #3909, #3910, #3911, #3912, #3913, #3914, #3915, #3916, #3917, #3918, #3919, #3920, #3921, #3922, #3923, #3924, #3925 ), .UNSPECIFIED., .F., .F., ( 4, 3, 3, 3, 2, 3, 2, 2, 4 ), ( 0.148393534307995, 0.245942086050110, 0.312658626429203, 0.416676787619485, 0.517573302017042, 0.623126578617564, 0.721363726371279, 0.860681863185640, 1.00000000000000 ), .UNSPECIFIED. );
#2860 = LINE( '', #3926, #3927 );
#2861 = FILL_AREA_STYLE_COLOUR( '', #3928 );
#2862 = FILL_AREA_STYLE_COLOUR( '', #3929 );
#2863 = LINE( '', #3930, #3931 );
#2864 = FILL_AREA_STYLE_COLOUR( '', #3932 );
#2865 = B_SPLINE_CURVE_WITH_KNOTS( '', 3, ( #3933, #3934, #3935, #3936, #3937, #3938, #3939, #3940 ), .UNSPECIFIED., .F., .F., ( 4, 2, 2, 4 ), ( 0.428448452701390, 0.484770873364049, 0.541093294026708, 0.553224276938666 ), .UNSPECIFIED. );
#2866 = FILL_AREA_STYLE_COLOUR( '', #3941 );
#2867 = VERTEX_POINT( '', #3942 );
#2868 = LINE( '', #3943, #3944 );
#2869 = VERTEX_POINT( '', #3945 );
#2870 = B_SPLINE_CURVE_WITH_KNOTS( '', 1, ( #3946, #3947 ), .UNSPECIFIED., .F., .F., ( 2, 2 ), ( 0.000000000000000, 0.122687727125586 ), .UNSPECIFIED. );
#2871 = LINE( '', #3948, #3949 );
#2872 = FILL_AREA_STYLE_COLOUR( '', #3950 );
#2873 = LINE( '', #3951, #3952 );
#2874 = FILL_AREA_STYLE_COLOUR( '', #3953 );
#2875 = FILL_AREA_STYLE_COLOUR( '', #3954 );
#2876 = FILL_AREA_STYLE_COLOUR( '', #3955 );
#2877 = LINE( '', #3956, #3957 );
#2878 = FILL_AREA_STYLE_COLOUR( '', #3958 );
#2879 = B_SPLINE_CURVE_WITH_KNOTS( '', 3, ( #3959, #3960, #3961, #3962, #3963, #3964, #3965, #3966, #3967, #3968, #3969, #3970, #3971, #3972, #3973 ), .UNSPECIFIED., .F., .F., ( 4, 2, 2, 2, 2, 3, 4 ), ( 0.613816921729720, 0.647489166132686, 0.681161410535653, 0.805531474540154, 0.934916460480321, 0.968078158557423, 0.999304022613146 ), .UNSPECIFIED. );
#2880 = FILL_AREA_STYLE_COLOUR( '', #3974 );
#2881 = VERTEX_POINT( '', #3975 );
#2882 = LINE( '', #3976, #3977 );
#2883 = B_SPLINE_CURVE_WITH_KNOTS( '', 3, ( #3978, #3979, #3980, #3981 ), .UNSPECIFIED., .F., .F., ( 4, 4 ), ( 0.374665783744516, 0.427239853398989 ), .UNSPECIFIED. );
#2884 = FILL_AREA_STYLE_COLOUR( '', #3982 );
#2885 = B_SPLINE_CURVE_WITH_KNOTS( '', 3, ( #3983, #3984, #3985, #3986 ), .UNSPECIFIED., .F., .F., ( 4, 4 ), ( 0.411075917771917, 0.429860670769464 ), .UNSPECIFIED. );
#2886 = FILL_AREA_STYLE_COLOUR( '', #3987 );
#2887 = VERTEX_POINT( '', #3988 );
#2888 = B_SPLINE_CURVE_WITH_KNOTS( '', 1, ( #3989, #3990 ), .UNSPECIFIED., .F., .F., ( 2, 2 ), ( 0.000000000000000, 0.314705882352941 ), .UNSPECIFIED. );
#2889 = LINE( '', #3991, #3992 );
#2890 = FILL_AREA_STYLE_COLOUR( '', #3993 );
#2891 = B_SPLINE_CURVE_WITH_KNOTS( '', 3, ( #3994, #3995, #3996, #3997, #3998, #3999, #4000, #4001, #4002, #4003, #4004, #4005, #4006 ), .UNSPECIFIED., .F., .F., ( 4, 3, 3, 3, 4 ), ( 0.591295154964319, 0.609562796619294, 0.674731454147155, 0.751271439800543, 0.961929121974348 ), .UNSPECIFIED. );
#2892 = B_SPLINE_CURVE_WITH_KNOTS( '', 3, ( #4007, #4008, #4009, #4010 ), .UNSPECIFIED., .F., .F., ( 4, 4 ), ( 0.336594905718864, 0.374665783744516 ), .UNSPECIFIED. );
#2893 = FILL_AREA_STYLE_COLOUR( '', #4011 );
#2894 = FILL_AREA_STYLE_COLOUR( '', #4012 );
#2895 = FILL_AREA_STYLE_COLOUR( '', #4013 );
#2896 = B_SPLINE_CURVE_WITH_KNOTS( '', 1, ( #4014, #4015 ), .UNSPECIFIED., .F., .F., ( 2, 2 ), ( 0.989025263394640, 1.00000000000000 ), .UNSPECIFIED. );
#2897 = VERTEX_POINT( '', #4016 );
#2898 = B_SPLINE_CURVE_WITH_KNOTS( '', 1, ( #4017, #4018 ), .UNSPECIFIED., .F., .F., ( 2, 2 ), ( 0.876247559621655, 0.876657064718870 ), .UNSPECIFIED. );
#2899 = B_SPLINE_CURVE_WITH_KNOTS( '', 1, ( #4019, #4020 ), .UNSPECIFIED., .F., .F., ( 2, 2 ), ( 0.759472443898366, 0.876247559621655 ), .UNSPECIFIED. );
#2900 = B_SPLINE_CURVE_WITH_KNOTS( '', 1, ( #4021, #4022 ), .UNSPECIFIED., .F., .F., ( 2, 2 ), ( 0.122687727125586, 0.141770664655801 ), .UNSPECIFIED. );
#2901 = FILL_AREA_STYLE_COLOUR( '', #4023 );
#2902 = LINE( '', #4024, #4025 );
#2903 = FILL_AREA_STYLE_COLOUR( '', #4026 );
#2904 = B_SPLINE_CURVE_WITH_KNOTS( '', 1, ( #4027, #4028 ), .UNSPECIFIED., .F., .F., ( 2, 2 ), ( 0.314705882352941, 0.500000000000000 ), .UNSPECIFIED. );
#2905 = FILL_AREA_STYLE_COLOUR( '', #4029 );
#2906 = VERTEX_POINT( '', #4030 );
#2907 = LINE( '', #4031, #4032 );
#2908 = B_SPLINE_CURVE_WITH_KNOTS( '', 3, ( #4033, #4034, #4035, #4036 ), .UNSPECIFIED., .F., .F., ( 4, 4 ), ( 0.145909960512045, 0.148393534307995 ), .UNSPECIFIED. );
#2909 = FILL_AREA_STYLE_COLOUR( '', #4037 );
#2910 = B_SPLINE_CURVE_WITH_KNOTS( '', 3, ( #4038, #4039, #4040, #4041, #4042, #4043, #4044, #4045, #4046, #4047, #4048, #4049, #4050, #4051, #4052, #4053, #4054, #4055, #4056, #4057, #4058, #4059, #4060, #4061 ), .UNSPECIFIED., .F., .F., ( 4, 2, 3, 2, 3, 3, 3, 2, 2, 4 ), ( 0.501588227691744, 0.577395052246874, 0.625728262533701, 0.676735416006300, 0.761232114688182, 0.811519827815156, 0.832332658054920, 0.863864128331158, 0.928428567468219, 1.00000000000000 ), .UNSPECIFIED. );
#2911 = FILL_AREA_STYLE_COLOUR( '', #4062 );
#2912 = FILL_AREA_STYLE_COLOUR( '', #4063 );
#2913 = B_SPLINE_CURVE_WITH_KNOTS( '', 3, ( #4064, #4065, #4066, #4067 ), .UNSPECIFIED., .F., .F., ( 4, 4 ), ( 0.000000000000000, 0.145909960512045 ), .UNSPECIFIED. );
#2914 = FILL_AREA_STYLE_COLOUR( '', #4068 );
#2915 = LINE( '', #4069, #4070 );
#2916 = FILL_AREA_STYLE_COLOUR( '', #4071 );
#2917 = LINE( '', #4072, #4073 );
#2918 = FILL_AREA_STYLE_COLOUR( '', #4074 );
#2919 = LINE( '', #4075, #4076 );
#2920 = FILL_AREA_STYLE_COLOUR( '', #4077 );
#2921 = FILL_AREA_STYLE_COLOUR( '', #4078 );
#2922 = LINE( '', #4079, #4080 );
#2923 = FILL_AREA_STYLE_COLOUR( '', #4081 );
#2924 = B_SPLINE_CURVE_WITH_KNOTS( '', 3, ( #4082, #4083, #4084, #4085 ), .UNSPECIFIED., .F., .F., ( 4, 4 ), ( 0.000000000000000, 0.0299270276347236 ), .UNSPECIFIED. );
#2925 = FILL_AREA_STYLE_COLOUR( '', #4086 );
#2926 = FILL_AREA_STYLE_COLOUR( '', #4087 );
#2927 = FILL_AREA_STYLE_COLOUR( '', #4088 );
#2928 = FILL_AREA_STYLE_COLOUR( '', #4089 );
#2929 = FILL_AREA_STYLE_COLOUR( '', #4090 );
#2930 = FILL_AREA_STYLE_COLOUR( '', #4091 );
#2931 = FILL_AREA_STYLE_COLOUR( '', #4092 );
#2932 = FILL_AREA_STYLE_COLOUR( '', #4093 );
#2933 = FILL_AREA_STYLE_COLOUR( '', #4094 );
#2934 = COLOUR_RGB( '', 0.119999997317791, 0.119999997317791, 0.119999997317791 );
#2935 = CARTESIAN_POINT( '', ( -0.590243556927648, -0.299421540084801, 0.000000000000000 ) );
#2936 = CARTESIAN_POINT( '', ( -0.591555032337484, -0.299421540084801, 0.000000000000000 ) );
#2937 = CARTESIAN_POINT( '', ( -0.590243556927648, -0.299421540084801, 0.000000000000000 ) );
#2938 = CARTESIAN_POINT( '', ( -0.591555032337484, -0.299421540084801, 0.000000000000000 ) );
#2939 = CARTESIAN_POINT( '', ( -0.590243556927648, -0.299421540084801, 0.00200000000000000 ) );
#2940 = CARTESIAN_POINT( '', ( -0.590243556927648, -0.299421540084801, 0.00200000000000000 ) );
#2941 = VECTOR( '', #4095, 1000.00000000000 );
#2942 = CARTESIAN_POINT( '', ( -0.591555032337484, -0.299421540084801, 0.00200000000000000 ) );
#2943 = CARTESIAN_POINT( '', ( -0.590243556927648, -0.299421540084801, 0.00200000000000000 ) );
#2944 = CARTESIAN_POINT( '', ( -0.591555032337484, -0.299421540084801, 0.00200000000000000 ) );
#2945 = CARTESIAN_POINT( '', ( -0.591555032337484, -0.299421540084801, 0.00200000000000000 ) );
#2946 = VECTOR( '', #4096, 1000.00000000000 );
#2947 = COLOUR_RGB( '', 0.119999997317791, 0.119999997317791, 0.119999997317791 );
#2948 = CARTESIAN_POINT( '', ( 0.300000000000000, 1.50000000000000, 1.20000000000000 ) );
#2949 = CARTESIAN_POINT( '', ( 0.300000000000000, -1.50000000000000, 1.20000000000000 ) );
#2950 = CARTESIAN_POINT( '', ( 0.300000000000000, 1.50000000000000, 1.20000000000000 ) );
#2951 = VECTOR( '', #4097, 1000.00000000000 );
#2952 = CARTESIAN_POINT( '', ( -0.300000000000000, 1.50000000000000, 1.20000000000000 ) );
#2953 = CARTESIAN_POINT( '', ( 1.50000000000000, 1.50000000000000, 1.20000000000000 ) );
#2954 = VECTOR( '', #4098, 1000.00000000000 );
#2955 = CARTESIAN_POINT( '', ( -0.300000000000000, -1.50000000000000, 1.20000000000000 ) );
#2956 = CARTESIAN_POINT( '', ( -0.300000000000000, 1.50000000000000, 1.20000000000000 ) );
#2957 = VECTOR( '', #4099, 1000.00000000000 );
#2958 = CARTESIAN_POINT( '', ( -1.50000000000000, -1.50000000000000, 1.20000000000000 ) );
#2959 = VECTOR( '', #4100, 1000.00000000000 );
#2960 = COLOUR_RGB( '', 0.119999997317791, 0.119999997317791, 0.119999997317791 );
#2961 = CARTESIAN_POINT( '', ( 0.465166279137926, -0.164011704019227, 0.000000000000000 ) );
#2962 = CARTESIAN_POINT( '', ( 0.466477754547762, -0.164011704019227, 0.000000000000000 ) );
#2963 = CARTESIAN_POINT( '', ( 0.465166279137926, -0.164011704019227, 0.000000000000000 ) );
#2964 = CARTESIAN_POINT( '', ( 0.465603437607871, -0.164011704019227, 0.000000000000000 ) );
#2965 = CARTESIAN_POINT( '', ( 0.466040596077817, -0.164011704019227, 0.000000000000000 ) );
#2966 = CARTESIAN_POINT( '', ( 0.466477754547762, -0.164011704019227, 0.000000000000000 ) );
#2967 = CARTESIAN_POINT( '', ( 0.465166279137926, -0.164011704019227, 0.00200000000000000 ) );
#2968 = CARTESIAN_POINT( '', ( 0.465166279137926, -0.164011704019227, 0.00200000000000000 ) );
#2969 = VECTOR( '', #4101, 1000.00000000000 );
#2970 = CARTESIAN_POINT( '', ( 0.466477754547762, -0.164011704019227, 0.00200000000000000 ) );
#2971 = CARTESIAN_POINT( '', ( 0.465166279137926, -0.164011704019227, 0.00200000000000000 ) );
#2972 = CARTESIAN_POINT( '', ( 0.465603437607871, -0.164011704019227, 0.00200000000000000 ) );
#2973 = CARTESIAN_POINT( '', ( 0.466040596077817, -0.164011704019227, 0.00200000000000000 ) );
#2974 = CARTESIAN_POINT( '', ( 0.466477754547762, -0.164011704019227, 0.00200000000000000 ) );
#2975 = CARTESIAN_POINT( '', ( 0.466477754547762, -0.164011704019227, 0.00200000000000000 ) );
#2976 = VECTOR( '', #4102, 1000.00000000000 );
#2977 = COLOUR_RGB( '', 0.119999997317791, 0.119999997317791, 0.119999997317791 );
#2978 = CARTESIAN_POINT( '', ( 0.344838410285467, -0.214831376150375, 0.000000000000000 ) );
#2979 = CARTESIAN_POINT( '', ( 0.344838410285467, 0.150414525488970, 0.000000000000000 ) );
#2980 = CARTESIAN_POINT( '', ( 0.344838410285467, -0.214831376150375, 0.000000000000000 ) );
#2981 = CARTESIAN_POINT( '', ( 0.344838410285467, 0.150414525488970, 0.000000000000000 ) );
#2982 = CARTESIAN_POINT( '', ( 0.344838410285467, -0.214831376150375, 0.00200000000000000 ) );
#2983 = CARTESIAN_POINT( '', ( 0.344838410285467, -0.214831376150375, 0.00200000000000000 ) );
#2984 = VECTOR( '', #4103, 1000.00000000000 );
#2985 = CARTESIAN_POINT( '', ( 0.344838410285467, 0.150414525488970, 0.00200000000000000 ) );
#2986 = CARTESIAN_POINT( '', ( 0.344838410285467, -0.214831376150375, 0.00200000000000000 ) );
#2987 = CARTESIAN_POINT( '', ( 0.344838410285467, 0.150414525488970, 0.00200000000000000 ) );
#2988 = CARTESIAN_POINT( '', ( 0.344838410285467, 0.150414525488970, 0.00200000000000000 ) );
#2989 = VECTOR( '', #4104, 1000.00000000000 );
#2990 = COLOUR_RGB( '', 0.119999997317791, 0.119999997317791, 0.119999997317791 );
#2991 = CARTESIAN_POINT( '', ( 0.303526934875631, 0.150414525488970, 0.00200000000000000 ) );
#2992 = CARTESIAN_POINT( '', ( 0.344838410285467, 0.150414525488970, 0.00200000000000000 ) );
#2993 = CARTESIAN_POINT( '', ( 0.303526934875631, 0.150414525488970, 0.00200000000000000 ) );
#2994 = CARTESIAN_POINT( '', ( 0.303526934875631, -0.214831376150375, 0.00200000000000000 ) );
#2995 = CARTESIAN_POINT( '', ( 0.303526934875631, -0.214831376150375, 0.00200000000000000 ) );
#2996 = CARTESIAN_POINT( '', ( 0.344838410285467, -0.214831376150375, 0.00200000000000000 ) );
#2997 = CARTESIAN_POINT( '', ( 0.303526934875631, 0.150414525488970, 0.00200000000000000 ) );
#2998 = CARTESIAN_POINT( '', ( 0.303526934875631, -0.214831376150375, 0.00200000000000000 ) );
#2999 = COLOUR_RGB( '', 0.119999997317791, 0.119999997317791, 0.119999997317791 );
#3000 = CARTESIAN_POINT( '', ( 0.344838410285467, -0.270569081068408, 0.000000000000000 ) );
#3001 = CARTESIAN_POINT( '', ( 0.303526934875631, -0.270569081068408, 0.000000000000000 ) );
#3002 = CARTESIAN_POINT( '', ( 0.344838410285467, -0.270569081068408, 0.000000000000000 ) );
#3003 = CARTESIAN_POINT( '', ( 0.303526934875631, -0.270569081068408, 0.000000000000000 ) );
#3004 = CARTESIAN_POINT( '', ( 0.344838410285467, -0.270569081068408, 0.00200000000000000 ) );
#3005 = CARTESIAN_POINT( '', ( 0.344838410285467, -0.270569081068408, 0.00200000000000000 ) );
#3006 = VECTOR( '', #4105, 1000.00000000000 );
#3007 = CARTESIAN_POINT( '', ( 0.303526934875631, -0.270569081068408, 0.00200000000000000 ) );
#3008 = CARTESIAN_POINT( '', ( 0.344838410285467, -0.270569081068408, 0.00200000000000000 ) );
#3009 = CARTESIAN_POINT( '', ( 0.303526934875631, -0.270569081068408, 0.00200000000000000 ) );
#3010 = CARTESIAN_POINT( '', ( 0.303526934875631, -0.270569081068408, 0.00200000000000000 ) );
#3011 = VECTOR( '', #4106, 1000.00000000000 );
#3012 = COLOUR_RGB( '', 0.119999997317791, 0.119999997317791, 0.119999997317791 );
#3013 = CARTESIAN_POINT( '', ( 0.917625295531369, 0.0851686238496253, 0.000000000000000 ) );
#3014 = CARTESIAN_POINT( '', ( 0.916313820121533, 0.0851686238496253, 0.000000000000000 ) );
#3015 = CARTESIAN_POINT( '', ( 0.917625295531369, 0.0851686238496253, 0.000000000000000 ) );
#3016 = CARTESIAN_POINT( '', ( 0.917188137061423, 0.0851686238496253, 0.000000000000000 ) );
#3017 = CARTESIAN_POINT( '', ( 0.916750978591478, 0.0851686238496253, 0.000000000000000 ) );
#3018 = CARTESIAN_POINT( '', ( 0.916313820121533, 0.0851686238496253, 0.000000000000000 ) );
#3019 = CARTESIAN_POINT( '', ( 0.917625295531369, 0.0851686238496253, 0.00200000000000000 ) );
#3020 = CARTESIAN_POINT( '', ( 0.917625295531369, 0.0851686238496253, 0.00200000000000000 ) );
#3021 = VECTOR( '', #4107, 1000.00000000000 );
#3022 = CARTESIAN_POINT( '', ( 0.916313820121533, 0.0851686238496253, 0.00200000000000000 ) );
#3023 = CARTESIAN_POINT( '', ( 0.917625295531369, 0.0851686238496253, 0.00200000000000000 ) );
#3024 = CARTESIAN_POINT( '', ( 0.917188137061423, 0.0851686238496253, 0.00200000000000000 ) );
#3025 = CARTESIAN_POINT( '', ( 0.916750978591478, 0.0851686238496253, 0.00200000000000000 ) );
#3026 = CARTESIAN_POINT( '', ( 0.916313820121533, 0.0851686238496253, 0.00200000000000000 ) );
#3027 = CARTESIAN_POINT( '', ( 0.916313820121533, 0.0851686238496253, 0.00200000000000000 ) );
#3028 = VECTOR( '', #4108, 1000.00000000000 );
#3029 = COLOUR_RGB( '', 0.119999997317791, 0.119999997317791, 0.119999997317791 );
#3030 = CARTESIAN_POINT( '', ( 0.921887590613336, -0.214831376150375, 0.000000000000000 ) );
#3031 = CARTESIAN_POINT( '', ( 0.958936770941205, -0.214831376150375, 0.000000000000000 ) );
#3032 = CARTESIAN_POINT( '', ( 0.921887590613336, -0.214831376150375, 0.000000000000000 ) );
#3033 = CARTESIAN_POINT( '', ( 0.934237317389292, -0.214831376150375, 0.000000000000000 ) );
#3034 = CARTESIAN_POINT( '', ( 0.946587044165249, -0.214831376150375, 0.000000000000000 ) );
#3035 = CARTESIAN_POINT( '', ( 0.958936770941205, -0.214831376150375, 0.000000000000000 ) );
#3036 = CARTESIAN_POINT( '', ( 0.921887590613336, -0.214831376150375, 0.00200000000000000 ) );
#3037 = CARTESIAN_POINT( '', ( 0.921887590613336, -0.214831376150375, 0.00200000000000000 ) );
#3038 = VECTOR( '', #4109, 1000.00000000000 );
#3039 = CARTESIAN_POINT( '', ( 0.958936770941205, -0.214831376150375, 0.00200000000000000 ) );
#3040 = CARTESIAN_POINT( '', ( 0.921887590613336, -0.214831376150375, 0.00200000000000000 ) );
#3041 = CARTESIAN_POINT( '', ( 0.934237317389292, -0.214831376150375, 0.00200000000000000 ) );
#3042 = CARTESIAN_POINT( '', ( 0.946587044165249, -0.214831376150375, 0.00200000000000000 ) );
#3043 = CARTESIAN_POINT( '', ( 0.958936770941205, -0.214831376150375, 0.00200000000000000 ) );
#3044 = CARTESIAN_POINT( '', ( 0.958936770941205, -0.214831376150375, 0.00200000000000000 ) );
#3045 = VECTOR( '', #4110, 1000.00000000000 );
#3046 = COLOUR_RGB( '', 0.119999997317791, 0.119999997317791, 0.119999997317791 );
#3047 = CARTESIAN_POINT( '', ( 1.50000000000000, -1.50000000000000, 1.19980000000000 ) );
#3048 = CARTESIAN_POINT( '', ( 1.50000000000000, 1.50000000000000, 1.19980000000000 ) );
#3049 = CARTESIAN_POINT( '', ( 1.50000000000000, -1.50000000000000, 1.19980000000000 ) );
#3050 = VECTOR( '', #4111, 1000.00000000000 );
#3051 = CARTESIAN_POINT( '', ( 1.50000000000000, -1.50000000000000, 0.000000000000000 ) );
#3052 = CARTESIAN_POINT( '', ( 1.50000000000000, -1.50000000000000, 1.20000000000000 ) );
#3053 = VECTOR( '', #4112, 1000.00000000000 );
#3054 = CARTESIAN_POINT( '', ( 1.50000000000000, 1.50000000000000, 0.000000000000000 ) );
#3055 = CARTESIAN_POINT( '', ( 1.50000000000000, -1.50000000000000, 0.000000000000000 ) );
#3056 = VECTOR( '', #4113, 1000.00000000000 );
#3057 = CARTESIAN_POINT( '', ( 1.50000000000000, 1.50000000000000, 1.20000000000000 ) );
#3058 = VECTOR( '', #4114, 1000.00000000000 );
#3059 = COLOUR_RGB( '', 0.119999997317791, 0.119999997317791, 0.119999997317791 );
#3060 = CARTESIAN_POINT( '', ( 0.920576115203500, -0.158437933527424, 4.23516473627150E-019 ) );
#3061 = CARTESIAN_POINT( '', ( 0.921887590613336, -0.158437933527424, 0.000000000000000 ) );
#3062 = CARTESIAN_POINT( '', ( 0.920576115203500, -0.158437933527424, 0.000000000000000 ) );
#3063 = CARTESIAN_POINT( '', ( 0.921013273673445, -0.158437933527424, 0.000000000000000 ) );
#3064 = CARTESIAN_POINT( '', ( 0.921450432143391, -0.158437933527424, 0.000000000000000 ) );
#3065 = CARTESIAN_POINT( '', ( 0.921887590613336, -0.158437933527424, 0.000000000000000 ) );
#3066 = CARTESIAN_POINT( '', ( 0.920576115203500, -0.158437933527424, 0.00200000000000000 ) );
#3067 = CARTESIAN_POINT( '', ( 0.920576115203500, -0.158437933527424, 0.00200000000000000 ) );
#3068 = VECTOR( '', #4115, 1000.00000000000 );
#3069 = CARTESIAN_POINT( '', ( 0.921887590613336, -0.158437933527424, 0.00200000000000000 ) );
#3070 = CARTESIAN_POINT( '', ( 0.920576115203500, -0.158437933527424, 0.00200000000000000 ) );
#3071 = CARTESIAN_POINT( '', ( 0.921013273673445, -0.158437933527424, 0.00200000000000000 ) );
#3072 = CARTESIAN_POINT( '', ( 0.921450432143391, -0.158437933527424, 0.00200000000000000 ) );
#3073 = CARTESIAN_POINT( '', ( 0.921887590613336, -0.158437933527424, 0.00200000000000000 ) );
#3074 = CARTESIAN_POINT( '', ( 0.921887590613336, -0.158437933527424, 0.00200000000000000 ) );
#3075 = VECTOR( '', #4116, 1000.00000000000 );
#3076 = COLOUR_RGB( '', 0.119999997317791, 0.119999997317791, 0.119999997317791 );
#3077 = CARTESIAN_POINT( '', ( -0.128604212665353, -0.157782195822506, 0.000000000000000 ) );
#3078 = CARTESIAN_POINT( '', ( -0.127292737255517, -0.157782195822506, 0.000000000000000 ) );
#3079 = CARTESIAN_POINT( '', ( -0.128604212665353, -0.157782195822506, 0.000000000000000 ) );
#3080 = CARTESIAN_POINT( '', ( -0.128167054195407, -0.157782195822506, 0.000000000000000 ) );
#3081 = CARTESIAN_POINT( '', ( -0.127729895725462, -0.157782195822506, 0.000000000000000 ) );
#3082 = CARTESIAN_POINT( '', ( -0.127292737255517, -0.157782195822506, 0.000000000000000 ) );
#3083 = CARTESIAN_POINT( '', ( -0.128604212665353, -0.157782195822506, 0.00200000000000000 ) );
#3084 = CARTESIAN_POINT( '', ( -0.128604212665353, -0.157782195822506, 0.00200000000000000 ) );
#3085 = VECTOR( '', #4117, 1000.00000000000 );
#3086 = CARTESIAN_POINT( '', ( -0.127292737255517, -0.157782195822506, 0.00200000000000000 ) );
#3087 = CARTESIAN_POINT( '', ( -0.128604212665353, -0.157782195822506, 0.00200000000000000 ) );
#3088 = CARTESIAN_POINT( '', ( -0.128167054195407, -0.157782195822506, 0.00200000000000000 ) );
#3089 = CARTESIAN_POINT( '', ( -0.127729895725462, -0.157782195822506, 0.00200000000000000 ) );
#3090 = CARTESIAN_POINT( '', ( -0.127292737255517, -0.157782195822506, 0.00200000000000000 ) );
#3091 = CARTESIAN_POINT( '', ( -0.127292737255517, -0.157782195822506, 0.00200000000000000 ) );
#3092 = VECTOR( '', #4118, 1000.00000000000 );
#3093 = COLOUR_RGB( '', 0.119999997317791, 0.119999997317791, 0.119999997317791 );
#3094 = CARTESIAN_POINT( '', ( -0.169915688075188, 0.150414525488970, 0.000000000000000 ) );
#3095 = CARTESIAN_POINT( '', ( -0.169915688075188, -0.214831376150375, 0.000000000000000 ) );
#3096 = CARTESIAN_POINT( '', ( -0.169915688075188, 0.150414525488970, 0.000000000000000 ) );
#3097 = CARTESIAN_POINT( '', ( -0.169915688075188, 0.0286658916091881, 0.000000000000000 ) );
#3098 = CARTESIAN_POINT( '', ( -0.169915688075188, -0.0930827422705933, 0.000000000000000 ) );
#3099 = CARTESIAN_POINT( '', ( -0.169915688075188, -0.214831376150375, 0.000000000000000 ) );
#3100 = CARTESIAN_POINT( '', ( -0.169915688075188, 0.150414525488970, 0.00200000000000000 ) );
#3101 = CARTESIAN_POINT( '', ( -0.169915688075188, 0.150414525488970, 0.00200000000000000 ) );
#3102 = VECTOR( '', #4119, 1000.00000000000 );
#3103 = CARTESIAN_POINT( '', ( -0.169915688075188, -0.214831376150375, 0.00200000000000000 ) );
#3104 = CARTESIAN_POINT( '', ( -0.169915688075188, 0.150414525488970, 0.00200000000000000 ) );
#3105 = CARTESIAN_POINT( '', ( -0.169915688075188, 0.0286658916091881, 0.00200000000000000 ) );
#3106 = CARTESIAN_POINT( '', ( -0.169915688075188, -0.0930827422705933, 0.00200000000000000 ) );
#3107 = CARTESIAN_POINT( '', ( -0.169915688075188, -0.214831376150375, 0.00200000000000000 ) );
#3108 = CARTESIAN_POINT( '', ( -0.169915688075188, -0.214831376150375, 0.00200000000000000 ) );
#3109 = VECTOR( '', #4120, 1000.00000000000 );
#3110 = COLOUR_RGB( '', 0.119999997317791, 0.119999997317791, 0.119999997317791 );
#3111 = CARTESIAN_POINT( '', ( 0.201231852908418, -0.214831376150375, 0.000000000000000 ) );
#3112 = CARTESIAN_POINT( '', ( 0.252051525039565, -0.214831376150375, 0.000000000000000 ) );
#3113 = CARTESIAN_POINT( '', ( 0.201231852908418, -0.214831376150375, 0.000000000000000 ) );
#3114 = CARTESIAN_POINT( '', ( 0.252051525039565, -0.214831376150375, 0.000000000000000 ) );
#3115 = CARTESIAN_POINT( '', ( 0.201231852908418, -0.214831376150375, 0.00200000000000000 ) );
#3116 = CARTESIAN_POINT( '', ( 0.201231852908418, -0.214831376150375, 0.00200000000000000 ) );
#3117 = VECTOR( '', #4121, 1000.00000000000 );
#3118 = CARTESIAN_POINT( '', ( 0.252051525039565, -0.214831376150375, 0.00200000000000000 ) );
#3119 = CARTESIAN_POINT( '', ( 0.201231852908418, -0.214831376150375, 0.00200000000000000 ) );
#3120 = CARTESIAN_POINT( '', ( 0.252051525039565, -0.214831376150375, 0.00200000000000000 ) );
#3121 = CARTESIAN_POINT( '', ( 0.252051525039565, -0.214831376150375, 0.00200000000000000 ) );
#3122 = VECTOR( '', #4122, 1000.00000000000 );
#3123 = COLOUR_RGB( '', 0.119999997317791, 0.119999997317791, 0.119999997317791 );
#3124 = CARTESIAN_POINT( '', ( 0.344838410285467, -0.340733015494637, 0.000000000000000 ) );
#3125 = CARTESIAN_POINT( '', ( 0.344838410285467, -0.340733015494637, 0.000000000000000 ) );
#3126 = CARTESIAN_POINT( '', ( 0.344838410285467, -0.270569081068408, 0.000000000000000 ) );
#3127 = CARTESIAN_POINT( '', ( 0.344838410285467, -0.340733015494637, 0.00200000000000000 ) );
#3128 = CARTESIAN_POINT( '', ( 0.344838410285467, -0.340733015494637, 0.00200000000000000 ) );
#3129 = VECTOR( '', #4123, 1000.00000000000 );
#3130 = CARTESIAN_POINT( '', ( 0.344838410285467, -0.340733015494637, 0.00200000000000000 ) );
#3131 = CARTESIAN_POINT( '', ( 0.344838410285467, -0.270569081068408, 0.00200000000000000 ) );
#3132 = COLOUR_RGB( '', 0.119999997317791, 0.119999997317791, 0.119999997317791 );
#3133 = CARTESIAN_POINT( '', ( 0.762215459465795, -0.0367985892651288, 0.000000000000000 ) );
#3134 = CARTESIAN_POINT( '', ( 0.762215459465795, -0.0367985892651288, 0.000000000000000 ) );
#3135 = CARTESIAN_POINT( '', ( 0.762215459465795, 0.0192669845053630, 0.000000000000000 ) );
#3136 = CARTESIAN_POINT( '', ( 0.768772836514975, 0.0589391156529040, 0.000000000000000 ) );
#3137 = CARTESIAN_POINT( '', ( 0.794346607006778, 0.104840754997166, 0.000000000000000 ) );
#3138 = CARTESIAN_POINT( '', ( 0.814018738154319, 0.115988295980773, 0.000000000000000 ) );
#3139 = CARTESIAN_POINT( '', ( 0.866149885695303, 0.115988295980773, 0.000000000000000 ) );
#3140 = CARTESIAN_POINT( '', ( 0.885822016842844, 0.104840754997166, 0.000000000000000 ) );
#3141 = CARTESIAN_POINT( '', ( 0.911395787334648, 0.0589391156529040, 0.000000000000000 ) );
#3142 = CARTESIAN_POINT( '', ( 0.917625295531369, 0.0192669845053630, 0.000000000000000 ) );
#3143 = CARTESIAN_POINT( '', ( 0.917625295531369, -0.0922084253307026, 0.000000000000000 ) );
#3144 = CARTESIAN_POINT( '', ( 0.911395787334648, -0.131224818773326, 0.000000000000000 ) );
#3145 = CARTESIAN_POINT( '', ( 0.885822016842844, -0.177126458117588, 0.000000000000000 ) );
#3146 = CARTESIAN_POINT( '', ( 0.866149885695303, -0.188601867953654, 0.000000000000000 ) );
#3147 = CARTESIAN_POINT( '', ( 0.814018738154319, -0.188601867953654, 0.000000000000000 ) );
#3148 = CARTESIAN_POINT( '', ( 0.794346607006778, -0.177126458117588, 0.000000000000000 ) );
#3149 = CARTESIAN_POINT( '', ( 0.768772836514975, -0.131224818773326, 0.000000000000000 ) );
#3150 = CARTESIAN_POINT( '', ( 0.762215459465795, -0.0922084253307026, 0.000000000000000 ) );
#3151 = CARTESIAN_POINT( '', ( 0.762215459465795, -0.0367985892651288, 0.000000000000000 ) );
#3152 = COLOUR_RGB( '', 0.119999997317791, 0.119999997317791, 0.119999997317791 );
#3153 = CARTESIAN_POINT( '', ( 0.730740049629730, 0.187791574669297, 0.000000000000000 ) );
#3154 = CARTESIAN_POINT( '', ( 0.772051525039565, 0.187791574669297, 0.000000000000000 ) );
#3155 = CARTESIAN_POINT( '', ( 0.730740049629730, 0.187791574669297, 0.000000000000000 ) );
#3156 = CARTESIAN_POINT( '', ( 0.744510541433008, 0.187791574669297, 0.000000000000000 ) );
#3157 = CARTESIAN_POINT( '', ( 0.758281033236287, 0.187791574669297, 0.000000000000000 ) );
#3158 = CARTESIAN_POINT( '', ( 0.772051525039565, 0.187791574669297, 0.000000000000000 ) );
#3159 = CARTESIAN_POINT( '', ( 0.730740049629730, 0.187791574669297, 0.00200000000000000 ) );
#3160 = CARTESIAN_POINT( '', ( 0.730740049629730, 0.187791574669297, 0.00200000000000000 ) );
#3161 = VECTOR( '', #4124, 1000.00000000000 );
#3162 = CARTESIAN_POINT( '', ( 0.772051525039565, 0.187791574669297, 0.00200000000000000 ) );
#3163 = CARTESIAN_POINT( '', ( 0.730740049629730, 0.187791574669297, 0.00200000000000000 ) );
#3164 = CARTESIAN_POINT( '', ( 0.744510541433008, 0.187791574669297, 0.00200000000000000 ) );
#3165 = CARTESIAN_POINT( '', ( 0.758281033236287, 0.187791574669297, 0.00200000000000000 ) );
#3166 = CARTESIAN_POINT( '', ( 0.772051525039565, 0.187791574669297, 0.00200000000000000 ) );
#3167 = CARTESIAN_POINT( '', ( 0.772051525039565, 0.187791574669297, 0.00200000000000000 ) );
#3168 = VECTOR( '', #4125, 1000.00000000000 );
#3169 = COLOUR_RGB( '', 0.119999997317791, 0.119999997317791, 0.119999997317791 );
#3170 = CARTESIAN_POINT( '', ( -0.718768147091582, 0.150414525488970, 0.000000000000000 ) );
#3171 = CARTESIAN_POINT( '', ( -0.591555032337484, -0.299421540084801, 0.000000000000000 ) );
#3172 = CARTESIAN_POINT( '', ( -0.718768147091582, 0.150414525488970, 0.000000000000000 ) );
#3173 = CARTESIAN_POINT( '', ( -0.718768147091582, 0.150414525488970, 0.00200000000000000 ) );
#3174 = CARTESIAN_POINT( '', ( -0.591555032337484, -0.299421540084801, 0.00200000000000000 ) );
#3175 = CARTESIAN_POINT( '', ( -0.718768147091582, 0.150414525488970, 0.00200000000000000 ) );
#3176 = CARTESIAN_POINT( '', ( -0.718768147091582, 0.150414525488970, 0.00200000000000000 ) );
#3177 = VECTOR( '', #4126, 1000.00000000000 );
#3178 = COLOUR_RGB( '', 0.119999997317791, 0.119999997317791, 0.119999997317791 );
#3179 = CARTESIAN_POINT( '', ( -0.545981261845681, -0.340733015494637, 0.000000000000000 ) );
#3180 = CARTESIAN_POINT( '', ( -0.545981261845681, 0.150414525488970, 0.000000000000000 ) );
#3181 = CARTESIAN_POINT( '', ( -0.545981261845681, -0.340733015494637, 0.000000000000000 ) );
#3182 = CARTESIAN_POINT( '', ( -0.545981261845681, 0.150414525488970, 0.000000000000000 ) );
#3183 = CARTESIAN_POINT( '', ( -0.545981261845681, -0.340733015494637, 0.00200000000000000 ) );
#3184 = CARTESIAN_POINT( '', ( -0.545981261845681, -0.340733015494637, 0.00200000000000000 ) );
#3185 = VECTOR( '', #4127, 1000.00000000000 );
#3186 = CARTESIAN_POINT( '', ( -0.545981261845681, 0.150414525488970, 0.00200000000000000 ) );
#3187 = CARTESIAN_POINT( '', ( -0.545981261845681, -0.340733015494637, 0.00200000000000000 ) );
#3188 = CARTESIAN_POINT( '', ( -0.545981261845681, 0.150414525488970, 0.00200000000000000 ) );
#3189 = CARTESIAN_POINT( '', ( -0.545981261845681, 0.150414525488970, 0.00200000000000000 ) );
#3190 = VECTOR( '', #4128, 1000.00000000000 );
#3191 = COLOUR_RGB( '', 0.119999997317791, 0.119999997317791, 0.119999997317791 );
#3192 = CARTESIAN_POINT( '', ( -0.0207353602063363, -0.221060884347096, 0.000000000000000 ) );
#3193 = CARTESIAN_POINT( '', ( -0.0207353602063363, -0.179749408937260, 0.000000000000000 ) );
#3194 = CARTESIAN_POINT( '', ( -0.0207353602063363, -0.221060884347096, 0.000000000000000 ) );
#3195 = CARTESIAN_POINT( '', ( -0.0207353602063363, -0.207290392543817, 0.000000000000000 ) );
#3196 = CARTESIAN_POINT( '', ( -0.0207353602063363, -0.193519900740539, 0.000000000000000 ) );
#3197 = CARTESIAN_POINT( '', ( -0.0207353602063363, -0.179749408937260, 0.000000000000000 ) );
#3198 = CARTESIAN_POINT( '', ( -0.0207353602063363, -0.221060884347096, 0.00200000000000000 ) );
#3199 = CARTESIAN_POINT( '', ( -0.0207353602063363, -0.221060884347096, 0.00200000000000000 ) );
#3200 = VECTOR( '', #4129, 1000.00000000000 );
#3201 = CARTESIAN_POINT( '', ( -0.0207353602063363, -0.179749408937260, 0.00200000000000000 ) );
#3202 = CARTESIAN_POINT( '', ( -0.0207353602063363, -0.221060884347096, 0.00200000000000000 ) );
#3203 = CARTESIAN_POINT( '', ( -0.0207353602063363, -0.207290392543817, 0.00200000000000000 ) );
#3204 = CARTESIAN_POINT( '', ( -0.0207353602063363, -0.193519900740539, 0.00200000000000000 ) );
#3205 = CARTESIAN_POINT( '', ( -0.0207353602063363, -0.179749408937260, 0.00200000000000000 ) );
#3206 = CARTESIAN_POINT( '', ( -0.0207353602063363, -0.179749408937260, 0.00200000000000000 ) );
#3207 = VECTOR( '', #4130, 1000.00000000000 );
#3208 = COLOUR_RGB( '', 0.119999997317791, 0.119999997317791, 0.119999997317791 );
#3209 = CARTESIAN_POINT( '', ( 0.303526934875631, -0.214831376150375, 0.000000000000000 ) );
#3210 = CARTESIAN_POINT( '', ( 0.303526934875631, -0.214831376150375, 0.000000000000000 ) );
#3211 = CARTESIAN_POINT( '', ( 0.344838410285467, -0.214831376150375, 0.000000000000000 ) );
#3212 = CARTESIAN_POINT( '', ( 0.303526934875631, -0.214831376150375, 0.00200000000000000 ) );
#3213 = VECTOR( '', #4131, 1000.00000000000 );
#3214 = COLOUR_RGB( '', 0.119999997317791, 0.119999997317791, 0.119999997317791 );
#3215 = CARTESIAN_POINT( '', ( -0.736800933976828, 0.0953325582758548, 0.000000000000000 ) );
#3216 = CARTESIAN_POINT( '', ( -0.618440278239123, -0.340733015494637, 0.000000000000000 ) );
#3217 = CARTESIAN_POINT( '', ( -0.736800933976828, 0.0953325582758548, 0.000000000000000 ) );
#3218 = CARTESIAN_POINT( '', ( -0.618440278239123, -0.340733015494637, 0.000000000000000 ) );
#3219 = CARTESIAN_POINT( '', ( -0.736800933976828, 0.0953325582758548, 0.00200000000000000 ) );
#3220 = CARTESIAN_POINT( '', ( -0.736800933976828, 0.0953325582758548, 0.00200000000000000 ) );
#3221 = VECTOR( '', #4132, 1000.00000000000 );
#3222 = CARTESIAN_POINT( '', ( -0.618440278239123, -0.340733015494637, 0.00200000000000000 ) );
#3223 = CARTESIAN_POINT( '', ( -0.736800933976828, 0.0953325582758548, 0.00200000000000000 ) );
#3224 = CARTESIAN_POINT( '', ( -0.618440278239123, -0.340733015494637, 0.00200000000000000 ) );
#3225 = CARTESIAN_POINT( '', ( -0.618440278239123, -0.340733015494637, 0.00200000000000000 ) );
#3226 = VECTOR( '', #4133, 1000.00000000000 );
#3227 = COLOUR_RGB( '', 0.119999997317791, 0.119999997317791, 0.119999997317791 );
#3228 = CARTESIAN_POINT( '', ( -0.738112409386664, 0.0953325582758548, 0.000000000000000 ) );
#3229 = CARTESIAN_POINT( '', ( -0.738112409386664, 0.0953325582758548, 0.000000000000000 ) );
#3230 = CARTESIAN_POINT( '', ( -0.736800933976828, 0.0953325582758548, 0.000000000000000 ) );
#3231 = CARTESIAN_POINT( '', ( -0.738112409386664, 0.0953325582758548, 0.00200000000000000 ) );
#3232 = CARTESIAN_POINT( '', ( -0.738112409386664, 0.0953325582758548, 0.00200000000000000 ) );
#3233 = VECTOR( '', #4134, 1000.00000000000 );
#3234 = CARTESIAN_POINT( '', ( -0.738112409386664, 0.0953325582758548, 0.00200000000000000 ) );
#3235 = CARTESIAN_POINT( '', ( -0.736800933976828, 0.0953325582758548, 0.00200000000000000 ) );
#3236 = COLOUR_RGB( '', 0.119999997317791, 0.119999997317791, 0.119999997317791 );
#3237 = CARTESIAN_POINT( '', ( 0.300000000000000, -1.50000000000000, 1.19980000000000 ) );
#3238 = CARTESIAN_POINT( '', ( 0.300000000000000, -1.50000000000000, 1.19980000000000 ) );
#3239 = VECTOR( '', #4135, 1000.00000000000 );
#3240 = CARTESIAN_POINT( '', ( 0.300000000000000, -1.50000000000000, 1.19980000000000 ) );
#3241 = VECTOR( '', #4136, 1000.00000000000 );
#3242 = CARTESIAN_POINT( '', ( -0.300000000000000, -1.50000000000000, 1.19980000000000 ) );
#3243 = CARTESIAN_POINT( '', ( -0.300000000000000, -1.50000000000000, 1.19980000000000 ) );
#3244 = VECTOR( '', #4137, 1000.00000000000 );
#3245 = CARTESIAN_POINT( '', ( -1.50000000000000, -1.50000000000000, 1.19980000000000 ) );
#3246 = CARTESIAN_POINT( '', ( -0.300000000000000, -1.50000000000000, 1.19980000000000 ) );
#3247 = VECTOR( '', #4138, 1000.00000000000 );
#3248 = CARTESIAN_POINT( '', ( -1.50000000000000, -1.50000000000000, 0.000000000000000 ) );
#3249 = CARTESIAN_POINT( '', ( -1.50000000000000, -1.50000000000000, 1.20000000000000 ) );
#3250 = VECTOR( '', #4139, 1000.00000000000 );
#3251 = CARTESIAN_POINT( '', ( -1.50000000000000, -1.50000000000000, 0.000000000000000 ) );
#3252 = VECTOR( '', #4140, 1000.00000000000 );
#3253 = COLOUR_RGB( '', 0.860000014305115, 0.860000014305115, 0.860000014305115 );
#3254 = CARTESIAN_POINT( '', ( 1.50000000000000, -0.600000000000000, 0.000000000000000 ) );
#3255 = CARTESIAN_POINT( '', ( -1.50000000000000, -0.600000000000000, 0.000000000000000 ) );
#3256 = CARTESIAN_POINT( '', ( 1.50000000000000, -0.600000000000000, 0.000000000000000 ) );
#3257 = VECTOR( '', #4141, 1000.00000000000 );
#3258 = CARTESIAN_POINT( '', ( 1.50000000000000, -0.600000000000000, 0.000200000000000000 ) );
#3259 = CARTESIAN_POINT( '', ( 1.50000000000000, -0.600000000000000, 0.000200000000000000 ) );
#3260 = VECTOR( '', #4142, 1000.00000000000 );
#3261 = CARTESIAN_POINT( '', ( -1.50000000000000, -0.600000000000000, 0.000200000000000000 ) );
#3262 = CARTESIAN_POINT( '', ( 1.50000000000000, -0.600000000000000, 0.000200000000000000 ) );
#3263 = VECTOR( '', #4143, 1000.00000000000 );
#3264 = CARTESIAN_POINT( '', ( -1.50000000000000, -0.600000000000000, 0.000200000000000000 ) );
#3265 = VECTOR( '', #4144, 1000.00000000000 );
#3266 = COLOUR_RGB( '', 0.119999997317791, 0.119999997317791, 0.119999997317791 );
#3267 = CARTESIAN_POINT( '', ( -0.856473065124369, -0.340733015494637, 0.000000000000000 ) );
#3268 = CARTESIAN_POINT( '', ( -0.856473065124369, -0.340733015494637, 0.000000000000000 ) );
#3269 = CARTESIAN_POINT( '', ( -0.738112409386664, 0.0953325582758548, 0.000000000000000 ) );
#3270 = CARTESIAN_POINT( '', ( -0.856473065124369, -0.340733015494637, 0.00200000000000000 ) );
#3271 = CARTESIAN_POINT( '', ( -0.856473065124369, -0.340733015494637, 0.00200000000000000 ) );
#3272 = VECTOR( '', #4145, 1000.00000000000 );
#3273 = CARTESIAN_POINT( '', ( -0.856473065124369, -0.340733015494637, 0.00200000000000000 ) );
#3274 = CARTESIAN_POINT( '', ( -0.738112409386664, 0.0953325582758548, 0.00200000000000000 ) );
#3275 = COLOUR_RGB( '', 0.119999997317791, 0.119999997317791, 0.119999997317791 );
#3276 = CARTESIAN_POINT( '', ( 0.0579531643838274, 0.150414525488970, 0.000000000000000 ) );
#3277 = CARTESIAN_POINT( '', ( 0.0166416889739913, 0.150414525488970, 0.000000000000000 ) );
#3278 = CARTESIAN_POINT( '', ( 0.0579531643838274, 0.150414525488970, 0.000000000000000 ) );
#3279 = CARTESIAN_POINT( '', ( 0.0166416889739913, 0.150414525488970, 0.000000000000000 ) );
#3280 = CARTESIAN_POINT( '', ( 0.0579531643838274, 0.150414525488970, 0.00200000000000000 ) );
#3281 = CARTESIAN_POINT( '', ( 0.0579531643838274, 0.150414525488970, 0.00200000000000000 ) );
#3282 = VECTOR( '', #4146, 1000.00000000000 );
#3283 = CARTESIAN_POINT( '', ( 0.0166416889739913, 0.150414525488970, 0.00200000000000000 ) );
#3284 = CARTESIAN_POINT( '', ( 0.0579531643838274, 0.150414525488970, 0.00200000000000000 ) );
#3285 = CARTESIAN_POINT( '', ( 0.0166416889739913, 0.150414525488970, 0.00200000000000000 ) );
#3286 = CARTESIAN_POINT( '', ( 0.0166416889739913, 0.150414525488970, 0.00200000000000000 ) );
#3287 = VECTOR( '', #4147, 1000.00000000000 );
#3288 = COLOUR_RGB( '', 0.119999997317791, 0.119999997317791, 0.119999997317791 );
#3289 = CARTESIAN_POINT( '', ( 0.469428574219893, 0.150414525488970, 0.00200000000000000 ) );
#3290 = CARTESIAN_POINT( '', ( 0.428117098810057, 0.150414525488970, 0.00200000000000000 ) );
#3291 = CARTESIAN_POINT( '', ( 0.469428574219893, 0.150414525488970, 0.00200000000000000 ) );
#3292 = CARTESIAN_POINT( '', ( 0.455658082416615, 0.150414525488970, 0.00200000000000000 ) );
#3293 = CARTESIAN_POINT( '', ( 0.441887590613336, 0.150414525488970, 0.00200000000000000 ) );
#3294 = CARTESIAN_POINT( '', ( 0.428117098810057, 0.150414525488970, 0.00200000000000000 ) );
#3295 = CARTESIAN_POINT( '', ( 0.612379393892024, 0.150414525488970, 0.00200000000000000 ) );
#3296 = CARTESIAN_POINT( '', ( 0.612379393892024, 0.150414525488970, 0.00200000000000000 ) );
#3297 = CARTESIAN_POINT( '', ( 0.612379393892024, 0.0623270937949805, 0.00200000000000000 ) );
#3298 = CARTESIAN_POINT( '', ( 0.612379393892024, -0.0257603378990086, 0.00200000000000000 ) );
#3299 = CARTESIAN_POINT( '', ( 0.612379393892024, -0.113847769592998, 0.00200000000000000 ) );
#3300 = CARTESIAN_POINT( '', ( 0.612379393892024, -0.163683835166768, 0.00200000000000000 ) );
#3301 = CARTESIAN_POINT( '', ( 0.591723656187106, -0.188601867953654, 0.00200000000000000 ) );
#3302 = CARTESIAN_POINT( '', ( 0.525494147990385, -0.188601867953654, 0.00200000000000000 ) );
#3303 = CARTESIAN_POINT( '', ( 0.506149885695303, -0.180077277789719, 0.00200000000000000 ) );
#3304 = CARTESIAN_POINT( '', ( 0.491395787334647, -0.163355966314309, 0.00200000000000000 ) );
#3305 = CARTESIAN_POINT( '', ( 0.476479030302052, -0.146450308344034, 0.00200000000000000 ) );
#3306 = CARTESIAN_POINT( '', ( 0.469428574219893, -0.123683835166768, 0.00200000000000000 ) );
#3307 = CARTESIAN_POINT( '', ( 0.469428574219893, -0.0951592450028338, 0.00200000000000000 ) );
#3308 = CARTESIAN_POINT( '', ( 0.469428574219893, -0.0133013215055660, 0.00200000000000000 ) );
#3309 = CARTESIAN_POINT( '', ( 0.469428574219893, 0.0685566019917018, 0.00200000000000000 ) );
#3310 = CARTESIAN_POINT( '', ( 0.469428574219893, 0.150414525488970, 0.00200000000000000 ) );
#3311 = CARTESIAN_POINT( '', ( 0.653690869301861, 0.150414525488970, 0.00200000000000000 ) );
#3312 = CARTESIAN_POINT( '', ( 0.653690869301861, 0.150414525488970, 0.00200000000000000 ) );
#3313 = CARTESIAN_POINT( '', ( 0.639920377498582, 0.150414525488970, 0.00200000000000000 ) );
#3314 = CARTESIAN_POINT( '', ( 0.626149885695303, 0.150414525488970, 0.00200000000000000 ) );
#3315 = CARTESIAN_POINT( '', ( 0.612379393892024, 0.150414525488970, 0.00200000000000000 ) );
#3316 = CARTESIAN_POINT( '', ( 0.466477754547762, -0.164011704019227, 0.00200000000000000 ) );
#3317 = CARTESIAN_POINT( '', ( 0.486805623400221, -0.203355966314309, 0.00200000000000000 ) );
#3318 = CARTESIAN_POINT( '', ( 0.517953164383828, -0.223028097461850, 0.00200000000000000 ) );
#3319 = CARTESIAN_POINT( '', ( 0.589428574219893, -0.223028097461850, 0.00200000000000000 ) );
#3320 = CARTESIAN_POINT( '', ( 0.612379393892024, -0.215159245002834, 0.00200000000000000 ) );
#3321 = CARTESIAN_POINT( '', ( 0.629100705367434, -0.199093671232342, 0.00200000000000000 ) );
#3322 = CARTESIAN_POINT( '', ( 0.645651527661467, -0.183191900792976, 0.00200000000000000 ) );
#3323 = CARTESIAN_POINT( '', ( 0.653690869301861, -0.158437933527424, 0.00200000000000000 ) );
#3324 = CARTESIAN_POINT( '', ( 0.653690869301861, -0.125323179429063, 0.00200000000000000 ) );
#3325 = CARTESIAN_POINT( '', ( 0.653690869301861, -0.0334106111230523, 0.00200000000000000 ) );
#3326 = CARTESIAN_POINT( '', ( 0.653690869301861, 0.0585019571829586, 0.00200000000000000 ) );
#3327 = CARTESIAN_POINT( '', ( 0.653690869301861, 0.150414525488970, 0.00200000000000000 ) );
#3328 = CARTESIAN_POINT( '', ( 0.465166279137926, -0.214831376150375, 0.00200000000000000 ) );
#3329 = CARTESIAN_POINT( '', ( 0.465166279137926, -0.214831376150375, 0.00200000000000000 ) );
#3330 = CARTESIAN_POINT( '', ( 0.465166279137926, -0.197891485439993, 0.00200000000000000 ) );
#3331 = CARTESIAN_POINT( '', ( 0.465166279137926, -0.180951594729610, 0.00200000000000000 ) );
#3332 = CARTESIAN_POINT( '', ( 0.465166279137926, -0.164011704019227, 0.00200000000000000 ) );
#3333 = CARTESIAN_POINT( '', ( 0.428117098810057, -0.214831376150375, 0.00200000000000000 ) );
#3334 = CARTESIAN_POINT( '', ( 0.428117098810057, -0.214831376150375, 0.00200000000000000 ) );
#3335 = CARTESIAN_POINT( '', ( 0.440466825586013, -0.214831376150375, 0.00200000000000000 ) );
#3336 = CARTESIAN_POINT( '', ( 0.452816552361970, -0.214831376150375, 0.00200000000000000 ) );
#3337 = CARTESIAN_POINT( '', ( 0.465166279137926, -0.214831376150375, 0.00200000000000000 ) );
#3338 = CARTESIAN_POINT( '', ( 0.428117098810057, 0.150414525488970, 0.00200000000000000 ) );
#3339 = CARTESIAN_POINT( '', ( 0.428117098810057, 0.0286658916091881, 0.00200000000000000 ) );
#3340 = CARTESIAN_POINT( '', ( 0.428117098810057, -0.0930827422705933, 0.00200000000000000 ) );
#3341 = CARTESIAN_POINT( '', ( 0.428117098810057, -0.214831376150375, 0.00200000000000000 ) );
#3342 = COLOUR_RGB( '', 0.860000014305115, 0.860000014305115, 0.860000014305115 );
#3343 = CARTESIAN_POINT( '', ( 1.50000000000000, 0.600000000000000, 0.000200000000000000 ) );
#3344 = CARTESIAN_POINT( '', ( 1.50000000000000, 0.600000000000000, 0.000200000000000000 ) );
#3345 = VECTOR( '', #4148, 1000.00000000000 );
#3346 = CARTESIAN_POINT( '', ( -1.50000000000000, 0.600000000000000, 0.000200000000000000 ) );
#3347 = CARTESIAN_POINT( '', ( -1.50000000000000, 0.600000000000000, 0.000200000000000000 ) );
#3348 = VECTOR( '', #4149, 1000.00000000000 );
#3349 = CARTESIAN_POINT( '', ( -1.50000000000000, -0.600000000000000, 0.000200000000000000 ) );
#3350 = VECTOR( '', #4150, 1000.00000000000 );
#3351 = COLOUR_RGB( '', 0.119999997317791, 0.119999997317791, 0.119999997317791 );
#3352 = CARTESIAN_POINT( '', ( 0.469428574219893, 0.150414525488970, 0.000000000000000 ) );
#3353 = CARTESIAN_POINT( '', ( 0.428117098810057, 0.150414525488970, 0.000000000000000 ) );
#3354 = CARTESIAN_POINT( '', ( 0.469428574219893, 0.150414525488970, 0.000000000000000 ) );
#3355 = CARTESIAN_POINT( '', ( 0.455658082416615, 0.150414525488970, 0.000000000000000 ) );
#3356 = CARTESIAN_POINT( '', ( 0.441887590613336, 0.150414525488970, 0.000000000000000 ) );
#3357 = CARTESIAN_POINT( '', ( 0.428117098810057, 0.150414525488970, 0.000000000000000 ) );
#3358 = CARTESIAN_POINT( '', ( 0.428117098810057, -0.214831376150375, 0.000000000000000 ) );
#3359 = CARTESIAN_POINT( '', ( 0.428117098810057, 0.150414525488970, 0.000000000000000 ) );
#3360 = CARTESIAN_POINT( '', ( 0.428117098810057, 0.0286658916091881, 0.000000000000000 ) );
#3361 = CARTESIAN_POINT( '', ( 0.428117098810057, -0.0930827422705933, 0.000000000000000 ) );
#3362 = CARTESIAN_POINT( '', ( 0.428117098810057, -0.214831376150375, 0.000000000000000 ) );
#3363 = CARTESIAN_POINT( '', ( 0.465166279137926, -0.214831376150375, 0.000000000000000 ) );
#3364 = CARTESIAN_POINT( '', ( 0.428117098810057, -0.214831376150375, 0.000000000000000 ) );
#3365 = CARTESIAN_POINT( '', ( 0.440466825586013, -0.214831376150375, 0.000000000000000 ) );
#3366 = CARTESIAN_POINT( '', ( 0.452816552361970, -0.214831376150375, 0.000000000000000 ) );
#3367 = CARTESIAN_POINT( '', ( 0.465166279137926, -0.214831376150375, 0.000000000000000 ) );
#3368 = CARTESIAN_POINT( '', ( 0.465166279137926, -0.214831376150375, 0.000000000000000 ) );
#3369 = CARTESIAN_POINT( '', ( 0.465166279137926, -0.197891485439993, 0.000000000000000 ) );
#3370 = CARTESIAN_POINT( '', ( 0.465166279137926, -0.180951594729610, 0.000000000000000 ) );
#3371 = CARTESIAN_POINT( '', ( 0.465166279137926, -0.164011704019227, 0.000000000000000 ) );
#3372 = CARTESIAN_POINT( '', ( 0.653690869301861, 0.150414525488970, 0.000000000000000 ) );
#3373 = CARTESIAN_POINT( '', ( 0.466477754547762, -0.164011704019227, 0.000000000000000 ) );
#3374 = CARTESIAN_POINT( '', ( 0.486805623400221, -0.203355966314309, 0.000000000000000 ) );
#3375 = CARTESIAN_POINT( '', ( 0.517953164383828, -0.223028097461850, 0.000000000000000 ) );
#3376 = CARTESIAN_POINT( '', ( 0.589428574219893, -0.223028097461850, 0.000000000000000 ) );
#3377 = CARTESIAN_POINT( '', ( 0.612379393892024, -0.215159245002834, 0.000000000000000 ) );
#3378 = CARTESIAN_POINT( '', ( 0.629100705367434, -0.199093671232342, 0.000000000000000 ) );
#3379 = CARTESIAN_POINT( '', ( 0.645651527661467, -0.183191900792976, 0.000000000000000 ) );
#3380 = CARTESIAN_POINT( '', ( 0.653690869301861, -0.158437933527424, 0.000000000000000 ) );
#3381 = CARTESIAN_POINT( '', ( 0.653690869301861, -0.125323179429063, 0.000000000000000 ) );
#3382 = CARTESIAN_POINT( '', ( 0.653690869301861, -0.0334106111230523, 0.000000000000000 ) );
#3383 = CARTESIAN_POINT( '', ( 0.653690869301861, 0.0585019571829586, 0.000000000000000 ) );
#3384 = CARTESIAN_POINT( '', ( 0.653690869301861, 0.150414525488970, 0.000000000000000 ) );
#3385 = CARTESIAN_POINT( '', ( 0.612379393892024, 0.150414525488970, 0.000000000000000 ) );
#3386 = CARTESIAN_POINT( '', ( 0.653690869301861, 0.150414525488970, 0.000000000000000 ) );
#3387 = CARTESIAN_POINT( '', ( 0.639920377498582, 0.150414525488970, 0.000000000000000 ) );
#3388 = CARTESIAN_POINT( '', ( 0.626149885695303, 0.150414525488970, 0.000000000000000 ) );
#3389 = CARTESIAN_POINT( '', ( 0.612379393892024, 0.150414525488970, 0.000000000000000 ) );
#3390 = CARTESIAN_POINT( '', ( 0.612379393892024, 0.150414525488970, 0.000000000000000 ) );
#3391 = CARTESIAN_POINT( '', ( 0.612379393892024, 0.0623270937949805, 0.000000000000000 ) );
#3392 = CARTESIAN_POINT( '', ( 0.612379393892024, -0.0257603378990086, 0.000000000000000 ) );
#3393 = CARTESIAN_POINT( '', ( 0.612379393892024, -0.113847769592998, 0.000000000000000 ) );
#3394 = CARTESIAN_POINT( '', ( 0.612379393892024, -0.163683835166768, 0.000000000000000 ) );
#3395 = CARTESIAN_POINT( '', ( 0.591723656187106, -0.188601867953654, 0.000000000000000 ) );
#3396 = CARTESIAN_POINT( '', ( 0.525494147990385, -0.188601867953654, 0.000000000000000 ) );
#3397 = CARTESIAN_POINT( '', ( 0.506149885695303, -0.180077277789719, 0.000000000000000 ) );
#3398 = CARTESIAN_POINT( '', ( 0.491395787334647, -0.163355966314309, 0.000000000000000 ) );
#3399 = CARTESIAN_POINT( '', ( 0.476479030302052, -0.146450308344034, 0.000000000000000 ) );
#3400 = CARTESIAN_POINT( '', ( 0.469428574219893, -0.123683835166768, 0.000000000000000 ) );
#3401 = CARTESIAN_POINT( '', ( 0.469428574219893, -0.0951592450028338, 0.000000000000000 ) );
#3402 = CARTESIAN_POINT( '', ( 0.469428574219893, -0.0133013215055660, 0.000000000000000 ) );
#3403 = CARTESIAN_POINT( '', ( 0.469428574219893, 0.0685566019917018, 0.000000000000000 ) );
#3404 = CARTESIAN_POINT( '', ( 0.469428574219893, 0.150414525488970, 0.000000000000000 ) );
#3405 = CARTESIAN_POINT( '', ( 0.303526934875631, -0.340733015494637, 0.000000000000000 ) );
#3406 = CARTESIAN_POINT( '', ( 0.303526934875631, -0.270569081068408, 0.000000000000000 ) );
#3407 = CARTESIAN_POINT( '', ( 0.303526934875631, -0.340733015494637, 0.000000000000000 ) );
#3408 = CARTESIAN_POINT( '', ( 0.303526934875631, -0.340733015494637, 0.000000000000000 ) );
#3409 = CARTESIAN_POINT( '', ( 0.344838410285467, -0.340733015494637, 0.000000000000000 ) );
#3410 = CARTESIAN_POINT( '', ( -0.128604212665353, 0.150414525488970, 0.000000000000000 ) );
#3411 = CARTESIAN_POINT( '', ( -0.128604212665353, 0.150414525488970, 0.000000000000000 ) );
#3412 = CARTESIAN_POINT( '', ( -0.142374704468631, 0.150414525488970, 0.000000000000000 ) );
#3413 = CARTESIAN_POINT( '', ( -0.156145196271910, 0.150414525488970, 0.000000000000000 ) );
#3414 = CARTESIAN_POINT( '', ( -0.169915688075188, 0.150414525488970, 0.000000000000000 ) );
#3415 = CARTESIAN_POINT( '', ( -0.128604212665353, -0.214831376150375, 0.000000000000000 ) );
#3416 = CARTESIAN_POINT( '', ( -0.169915688075188, -0.214831376150375, 0.000000000000000 ) );
#3417 = CARTESIAN_POINT( '', ( -0.156145196271910, -0.214831376150375, 0.000000000000000 ) );
#3418 = CARTESIAN_POINT( '', ( -0.142374704468631, -0.214831376150375, 0.000000000000000 ) );
#3419 = CARTESIAN_POINT( '', ( -0.128604212665353, -0.214831376150375, 0.000000000000000 ) );
#3420 = CARTESIAN_POINT( '', ( -0.128604212665353, -0.214831376150375, 0.000000000000000 ) );
#3421 = CARTESIAN_POINT( '', ( -0.128604212665353, -0.195814982707752, 0.000000000000000 ) );
#3422 = CARTESIAN_POINT( '', ( -0.128604212665353, -0.176798589265129, 0.000000000000000 ) );
#3423 = CARTESIAN_POINT( '', ( -0.128604212665353, -0.157782195822506, 0.000000000000000 ) );
#3424 = CARTESIAN_POINT( '', ( -0.127292737255517, -0.157782195822506, 0.000000000000000 ) );
#3425 = CARTESIAN_POINT( '', ( -0.119423884796500, -0.178437933527424, 0.000000000000000 ) );
#3426 = CARTESIAN_POINT( '', ( -0.107620606107976, -0.194503507297915, 0.000000000000000 ) );
#3427 = CARTESIAN_POINT( '', ( -0.0754894585669921, -0.217454326970047, 0.000000000000000 ) );
#3428 = CARTESIAN_POINT( '', ( -0.0564730651243693, -0.223028097461850, 0.000000000000000 ) );
#3429 = CARTESIAN_POINT( '', ( -0.0305714257801068, -0.223028097461850, 0.000000000000000 ) );
#3430 = CARTESIAN_POINT( '', ( -0.0256533929932216, -0.222372359756932, 0.000000000000000 ) );
#3431 = CARTESIAN_POINT( '', ( -0.0207353602063363, -0.221060884347096, 0.000000000000000 ) );
#3432 = CARTESIAN_POINT( '', ( -0.0207353602063363, -0.179749408937260, 0.000000000000000 ) );
#3433 = CARTESIAN_POINT( '', ( -0.0272927372555168, -0.181060884347096, 0.000000000000000 ) );
#3434 = CARTESIAN_POINT( '', ( -0.0341779831571560, -0.181716622052014, 0.000000000000000 ) );
#3435 = CARTESIAN_POINT( '', ( -0.0404074913538772, -0.182044490904473, 0.000000000000000 ) );
#3436 = CARTESIAN_POINT( '', ( -0.0652394812098685, -0.183351437738999, 0.000000000000000 ) );
#3437 = CARTESIAN_POINT( '', ( -0.0863091306981397, -0.172864163035620, 0.000000000000000 ) );
#3438 = CARTESIAN_POINT( '', ( -0.103358311026009, -0.155159245002834, 0.000000000000000 ) );
#3439 = CARTESIAN_POINT( '', ( -0.120413558677837, -0.137448026287473, 0.000000000000000 ) );
#3440 = CARTESIAN_POINT( '', ( -0.128604212665353, -0.111224818773326, 0.000000000000000 ) );
#3441 = CARTESIAN_POINT( '', ( -0.128604212665353, -0.0781100646749649, 0.000000000000000 ) );
#3442 = CARTESIAN_POINT( '', ( -0.128604212665353, -0.00193520128698670, 0.000000000000000 ) );
#3443 = CARTESIAN_POINT( '', ( -0.128604212665353, 0.0742396621009914, 0.000000000000000 ) );
#3444 = CARTESIAN_POINT( '', ( -0.128604212665353, 0.150414525488970, 0.000000000000000 ) );
#3445 = CARTESIAN_POINT( '', ( -0.888932081517812, 0.150414525488970, 0.000000000000000 ) );
#3446 = CARTESIAN_POINT( '', ( -0.932866507747320, 0.150414525488970, 0.000000000000000 ) );
#3447 = CARTESIAN_POINT( '', ( -0.888932081517812, 0.150414525488970, 0.000000000000000 ) );
#3448 = CARTESIAN_POINT( '', ( -0.932866507747320, 0.150414525488970, 0.000000000000000 ) );
#3449 = CARTESIAN_POINT( '', ( -0.932866507747320, -0.340733015494637, 0.000000000000000 ) );
#3450 = CARTESIAN_POINT( '', ( -0.932866507747320, 0.150414525488970, 0.000000000000000 ) );
#3451 = CARTESIAN_POINT( '', ( -0.932866507747320, -0.340733015494637, 0.000000000000000 ) );
#3452 = CARTESIAN_POINT( '', ( -0.932866507747320, -0.340733015494637, 0.000000000000000 ) );
#3453 = CARTESIAN_POINT( '', ( -0.856473065124369, -0.340733015494637, 0.000000000000000 ) );
#3454 = CARTESIAN_POINT( '', ( -0.618440278239123, -0.340733015494637, 0.000000000000000 ) );
#3455 = CARTESIAN_POINT( '', ( -0.545981261845681, -0.340733015494637, 0.000000000000000 ) );
#3456 = CARTESIAN_POINT( '', ( -0.590243556927648, 0.150414525488970, 0.000000000000000 ) );
#3457 = CARTESIAN_POINT( '', ( -0.545981261845681, 0.150414525488970, 0.000000000000000 ) );
#3458 = CARTESIAN_POINT( '', ( -0.590243556927648, 0.150414525488970, 0.000000000000000 ) );
#3459 = CARTESIAN_POINT( '', ( -0.590243556927648, 0.150414525488970, 0.000000000000000 ) );
#3460 = CARTESIAN_POINT( '', ( -0.590243556927648, -0.299421540084801, 0.000000000000000 ) );
#3461 = CARTESIAN_POINT( '', ( -0.760079622501418, 0.150414525488970, 0.000000000000000 ) );
#3462 = CARTESIAN_POINT( '', ( -0.718768147091582, 0.150414525488970, 0.000000000000000 ) );
#3463 = CARTESIAN_POINT( '', ( -0.760079622501418, 0.150414525488970, 0.000000000000000 ) );
#3464 = CARTESIAN_POINT( '', ( -0.887292737255517, -0.299421540084801, 0.000000000000000 ) );
#3465 = CARTESIAN_POINT( '', ( -0.760079622501418, 0.150414525488970, 0.000000000000000 ) );
#3466 = CARTESIAN_POINT( '', ( -0.887292737255517, -0.299421540084801, 0.000000000000000 ) );
#3467 = CARTESIAN_POINT( '', ( -0.888932081517812, -0.299421540084801, 0.000000000000000 ) );
#3468 = CARTESIAN_POINT( '', ( -0.887292737255517, -0.299421540084801, 0.000000000000000 ) );
#3469 = CARTESIAN_POINT( '', ( -0.888932081517812, -0.299421540084801, 0.000000000000000 ) );
#3470 = CARTESIAN_POINT( '', ( -0.888932081517812, -0.299421540084801, 0.000000000000000 ) );
#3471 = CARTESIAN_POINT( '', ( -0.888932081517812, 0.150414525488970, 0.000000000000000 ) );
#3472 = CARTESIAN_POINT( '', ( -1.50000000000000, 1.50000000000000, 0.000000000000000 ) );
#3473 = CARTESIAN_POINT( '', ( -1.50000000000000, 1.50000000000000, 0.000000000000000 ) );
#3474 = VECTOR( '', #4151, 1000.00000000000 );
#3475 = CARTESIAN_POINT( '', ( 1.50000000000000, 1.50000000000000, 0.000000000000000 ) );
#3476 = VECTOR( '', #4152, 1000.00000000000 );
#3477 = CARTESIAN_POINT( '', ( -0.295817327419451, 0.0969719025381499, 0.000000000000000 ) );
#3478 = CARTESIAN_POINT( '', ( -0.429915688075189, -0.106306785986440, 0.000000000000000 ) );
#3479 = CARTESIAN_POINT( '', ( -0.295817327419451, 0.0969719025381499, 0.000000000000000 ) );
#3480 = CARTESIAN_POINT( '', ( -0.309915688075189, 0.138283377947986, 0.000000000000000 ) );
#3481 = CARTESIAN_POINT( '', ( -0.341391097911255, 0.158939115652904, 0.000000000000000 ) );
#3482 = CARTESIAN_POINT( '', ( -0.421391097911255, 0.158939115652904, 0.000000000000000 ) );
#3483 = CARTESIAN_POINT( '', ( -0.444669786435845, 0.149758787784051, 0.000000000000000 ) );
#3484 = CARTESIAN_POINT( '', ( -0.460079622501418, 0.131726000898806, 0.000000000000000 ) );
#3485 = CARTESIAN_POINT( '', ( -0.475351082125440, 0.113855143891971, 0.000000000000000 ) );
#3486 = CARTESIAN_POINT( '', ( -0.483030442173550, 0.0881194435217565, 0.000000000000000 ) );
#3487 = CARTESIAN_POINT( '', ( -0.483030442173550, 0.00188993532503507, 0.000000000000000 ) );
#3488 = CARTESIAN_POINT( '', ( -0.458440278239123, -0.0318805564782436, 0.000000000000000 ) );
#3489 = CARTESIAN_POINT( '', ( -0.409259950370271, -0.0456510482815222, 0.000000000000000 ) );
#3490 = CARTESIAN_POINT( '', ( -0.383340150140017, -0.0529085923459934, 0.000000000000000 ) );
#3491 = CARTESIAN_POINT( '', ( -0.357456671681747, -0.0602958570246916, 0.000000000000000 ) );
#3492 = CARTESIAN_POINT( '', ( -0.331555032337484, -0.0676182613962763, 0.000000000000000 ) );
#3493 = CARTESIAN_POINT( '', ( -0.316948690628067, -0.0717474803605420, 0.000000000000000 ) );
#3494 = CARTESIAN_POINT( '', ( -0.307292737255516, -0.0767985892651288, 0.000000000000000 ) );
#3495 = CARTESIAN_POINT( '', ( -0.303030442173549, -0.0836838351667682, 0.000000000000000 ) );
#3496 = CARTESIAN_POINT( '', ( -0.298621412342859, -0.0908061141240378, 0.000000000000000 ) );
#3497 = CARTESIAN_POINT( '', ( -0.296473065124369, -0.104667441724145, 0.000000000000000 ) );
#3498 = CARTESIAN_POINT( '', ( -0.296473065124369, -0.167618261396277, 0.000000000000000 ) );
#3499 = CARTESIAN_POINT( '', ( -0.317456671681747, -0.188601867953654, 0.000000000000000 ) );
#3500 = CARTESIAN_POINT( '', ( -0.406636999550599, -0.188601867953654, 0.000000000000000 ) );
#3501 = CARTESIAN_POINT( '', ( -0.429915688075189, -0.161060884347096, 0.000000000000000 ) );
#3502 = CARTESIAN_POINT( '', ( -0.429915688075189, -0.106306785986440, 0.000000000000000 ) );
#3503 = CARTESIAN_POINT( '', ( -0.471227163485025, -0.106306785986440, 0.000000000000000 ) );
#3504 = CARTESIAN_POINT( '', ( -0.429915688075189, -0.106306785986440, 0.000000000000000 ) );
#3505 = CARTESIAN_POINT( '', ( -0.443686179878467, -0.106306785986440, 0.000000000000000 ) );
#3506 = CARTESIAN_POINT( '', ( -0.457456671681746, -0.106306785986440, 0.000000000000000 ) );
#3507 = CARTESIAN_POINT( '', ( -0.471227163485025, -0.106306785986440, 0.000000000000000 ) );
#3508 = CARTESIAN_POINT( '', ( -0.222046835616173, 0.120250591062740, 0.000000000000000 ) );
#3509 = CARTESIAN_POINT( '', ( -0.471227163485025, -0.106306785986440, 0.000000000000000 ) );
#3510 = CARTESIAN_POINT( '', ( -0.471227163485025, -0.184011704019227, 0.000000000000000 ) );
#3511 = CARTESIAN_POINT( '', ( -0.433522245452238, -0.223028097461850, 0.000000000000000 ) );
#3512 = CARTESIAN_POINT( '', ( -0.289587819222730, -0.223028097461850, 0.000000000000000 ) );
#3513 = CARTESIAN_POINT( '', ( -0.255161589714533, -0.190896949920867, 0.000000000000000 ) );
#3514 = CARTESIAN_POINT( '', ( -0.255161589714533, -0.126306785986440, 0.000000000000000 ) );
#3515 = CARTESIAN_POINT( '', ( -0.255161589714533, -0.0541756384454567, 0.000000000000000 ) );
#3516 = CARTESIAN_POINT( '', ( -0.255161589714533, 0.0179555090955269, 0.000000000000000 ) );
#3517 = CARTESIAN_POINT( '', ( -0.255161589714533, 0.0900866566365105, 0.000000000000000 ) );
#3518 = CARTESIAN_POINT( '', ( -0.255161589714533, 0.110086656636510, 0.000000000000000 ) );
#3519 = CARTESIAN_POINT( '', ( -0.247948474960434, 0.120250591062740, 0.000000000000000 ) );
#3520 = CARTESIAN_POINT( '', ( -0.233850114304697, 0.120250591062740, 0.000000000000000 ) );
#3521 = CARTESIAN_POINT( '', ( -0.229915688075189, 0.120250591062740, 0.000000000000000 ) );
#3522 = CARTESIAN_POINT( '', ( -0.225981261845681, 0.120250591062740, 0.000000000000000 ) );
#3523 = CARTESIAN_POINT( '', ( -0.222046835616173, 0.120250591062740, 0.000000000000000 ) );
#3524 = CARTESIAN_POINT( '', ( -0.222046835616173, 0.150414525488970, 0.000000000000000 ) );
#3525 = CARTESIAN_POINT( '', ( -0.222046835616173, 0.120250591062740, 0.000000000000000 ) );
#3526 = CARTESIAN_POINT( '', ( -0.222046835616173, 0.130305235871483, 0.000000000000000 ) );
#3527 = CARTESIAN_POINT( '', ( -0.222046835616173, 0.140359880680226, 0.000000000000000 ) );
#3528 = CARTESIAN_POINT( '', ( -0.222046835616173, 0.150414525488970, 0.000000000000000 ) );
#3529 = CARTESIAN_POINT( '', ( -0.294505852009615, 0.0969719025381499, 0.000000000000000 ) );
#3530 = CARTESIAN_POINT( '', ( -0.222046835616173, 0.150414525488970, 0.000000000000000 ) );
#3531 = CARTESIAN_POINT( '', ( -0.229915688075189, 0.153365345161101, 0.000000000000000 ) );
#3532 = CARTESIAN_POINT( '', ( -0.236473065124370, 0.154676820570937, 0.000000000000000 ) );
#3533 = CARTESIAN_POINT( '', ( -0.259423884796500, 0.154676820570937, 0.000000000000000 ) );
#3534 = CARTESIAN_POINT( '', ( -0.272538638894861, 0.151398132046347, 0.000000000000000 ) );
#3535 = CARTESIAN_POINT( '', ( -0.281391097911255, 0.145496492702084, 0.000000000000000 ) );
#3536 = CARTESIAN_POINT( '', ( -0.290167894884773, 0.139645294719739, 0.000000000000000 ) );
#3537 = CARTESIAN_POINT( '', ( -0.294505852009615, 0.127135836964379, 0.000000000000000 ) );
#3538 = CARTESIAN_POINT( '', ( -0.294505852009615, 0.109103050079133, 0.000000000000000 ) );
#3539 = CARTESIAN_POINT( '', ( -0.294505852009615, 0.105059334232139, 0.000000000000000 ) );
#3540 = CARTESIAN_POINT( '', ( -0.294505852009615, 0.101015618385144, 0.000000000000000 ) );
#3541 = CARTESIAN_POINT( '', ( -0.294505852009615, 0.0969719025381499, 0.000000000000000 ) );
#3542 = CARTESIAN_POINT( '', ( -0.294505852009615, 0.0969719025381499, 0.000000000000000 ) );
#3543 = CARTESIAN_POINT( '', ( -0.294943010479561, 0.0969719025381499, 0.000000000000000 ) );
#3544 = CARTESIAN_POINT( '', ( -0.295380168949506, 0.0969719025381499, 0.000000000000000 ) );
#3545 = CARTESIAN_POINT( '', ( -0.295817327419451, 0.0969719025381499, 0.000000000000000 ) );
#3546 = CARTESIAN_POINT( '', ( 0.0166416889739913, -0.340733015494637, 0.000000000000000 ) );
#3547 = CARTESIAN_POINT( '', ( 0.0166416889739913, 0.150414525488970, 0.000000000000000 ) );
#3548 = CARTESIAN_POINT( '', ( 0.0166416889739913, -0.340733015494637, 0.000000000000000 ) );
#3549 = CARTESIAN_POINT( '', ( 0.0579531643838274, -0.340733015494637, 0.000000000000000 ) );
#3550 = CARTESIAN_POINT( '', ( 0.0166416889739913, -0.340733015494637, 0.000000000000000 ) );
#3551 = CARTESIAN_POINT( '', ( 0.0579531643838274, -0.340733015494637, 0.000000000000000 ) );
#3552 = CARTESIAN_POINT( '', ( 0.0579531643838274, -0.0331920318880796, 0.000000000000000 ) );
#3553 = CARTESIAN_POINT( '', ( 0.0579531643838274, -0.340733015494637, 0.000000000000000 ) );
#3554 = CARTESIAN_POINT( '', ( 0.0579531643838274, -0.0331920318880796, 0.000000000000000 ) );
#3555 = CARTESIAN_POINT( '', ( 0.0595925086461226, -0.0331920318880796, 0.000000000000000 ) );
#3556 = CARTESIAN_POINT( '', ( 0.0579531643838274, -0.0331920318880796, 0.000000000000000 ) );
#3557 = CARTESIAN_POINT( '', ( 0.0595925086461226, -0.0331920318880796, 0.000000000000000 ) );
#3558 = CARTESIAN_POINT( '', ( 0.0595925086461226, -0.0331920318880796, 0.000000000000000 ) );
#3559 = CARTESIAN_POINT( '', ( 0.201231852908418, -0.214831376150375, 0.000000000000000 ) );
#3560 = CARTESIAN_POINT( '', ( 0.141887590613336, -0.0794215400848010, 0.000000000000000 ) );
#3561 = CARTESIAN_POINT( '', ( 0.252051525039565, -0.214831376150375, 0.000000000000000 ) );
#3562 = CARTESIAN_POINT( '', ( 0.141887590613336, -0.0794215400848010, 0.000000000000000 ) );
#3563 = CARTESIAN_POINT( '', ( 0.272051525039565, 0.150414525488970, 0.000000000000000 ) );
#3564 = CARTESIAN_POINT( '', ( 0.141887590613336, -0.0794215400848010, 0.000000000000000 ) );
#3565 = CARTESIAN_POINT( '', ( 0.272051525039565, 0.150414525488970, 0.000000000000000 ) );
#3566 = CARTESIAN_POINT( '', ( 0.221231852908418, 0.150414525488970, 0.000000000000000 ) );
#3567 = CARTESIAN_POINT( '', ( 0.272051525039565, 0.150414525488970, 0.000000000000000 ) );
#3568 = CARTESIAN_POINT( '', ( 0.221231852908418, 0.150414525488970, 0.000000000000000 ) );
#3569 = CARTESIAN_POINT( '', ( 0.112379393892024, -0.0420444909044731, 0.000000000000000 ) );
#3570 = CARTESIAN_POINT( '', ( 0.221231852908418, 0.150414525488970, 0.000000000000000 ) );
#3571 = CARTESIAN_POINT( '', ( 0.112379393892024, -0.0420444909044731, 0.000000000000000 ) );
#3572 = CARTESIAN_POINT( '', ( 0.0579531643838274, 0.0225456730299531, 0.000000000000000 ) );
#3573 = CARTESIAN_POINT( '', ( 0.112379393892024, -0.0420444909044731, 0.000000000000000 ) );
#3574 = CARTESIAN_POINT( '', ( 0.0579531643838274, 0.0225456730299531, 0.000000000000000 ) );
#3575 = CARTESIAN_POINT( '', ( 0.0579531643838274, 0.0225456730299531, 0.000000000000000 ) );
#3576 = CARTESIAN_POINT( '', ( 0.0579531643838274, 0.150414525488970, 0.000000000000000 ) );
#3577 = CARTESIAN_POINT( '', ( 0.303526934875631, 0.150414525488970, 0.000000000000000 ) );
#3578 = CARTESIAN_POINT( '', ( 0.344838410285467, 0.150414525488970, 0.000000000000000 ) );
#3579 = CARTESIAN_POINT( '', ( 0.303526934875631, 0.150414525488970, 0.000000000000000 ) );
#3580 = CARTESIAN_POINT( '', ( 0.303526934875631, 0.150414525488970, 0.000000000000000 ) );
#3581 = CARTESIAN_POINT( '', ( 0.303526934875631, -0.214831376150375, 0.000000000000000 ) );
#3582 = CARTESIAN_POINT( '', ( 0.921887590613336, -0.158437933527424, 0.000000000000000 ) );
#3583 = CARTESIAN_POINT( '', ( 0.921887590613336, -0.177235747735074, 0.000000000000000 ) );
#3584 = CARTESIAN_POINT( '', ( 0.921887590613336, -0.196033561942725, 0.000000000000000 ) );
#3585 = CARTESIAN_POINT( '', ( 0.921887590613336, -0.214831376150375, 0.000000000000000 ) );
#3586 = CARTESIAN_POINT( '', ( 0.958936770941205, -0.214831376150375, 0.000000000000000 ) );
#3587 = CARTESIAN_POINT( '', ( 0.958936770941205, -0.101716622052014, 0.000000000000000 ) );
#3588 = CARTESIAN_POINT( '', ( 0.958936770941205, 0.0113981320463466, 0.000000000000000 ) );
#3589 = CARTESIAN_POINT( '', ( 0.958936770941205, 0.124512886144707, 0.000000000000000 ) );
#3590 = CARTESIAN_POINT( '', ( 0.958936770941205, 0.175660427128314, 0.000000000000000 ) );
#3591 = CARTESIAN_POINT( '', ( 0.949428574219893, 0.214021082866019, 0.000000000000000 ) );
#3592 = CARTESIAN_POINT( '', ( 0.930084311924811, 0.239266984505363, 0.000000000000000 ) );
#3593 = CARTESIAN_POINT( '', ( 0.910861336715320, 0.264354596219445, 0.000000000000000 ) );
#3594 = CARTESIAN_POINT( '', ( 0.880576115203500, 0.276971902538150, 0.000000000000000 ) );
#3595 = CARTESIAN_POINT( '', ( 0.804510541433008, 0.276971902538150, 0.000000000000000 ) );
#3596 = CARTESIAN_POINT( '', ( 0.777625295531369, 0.269103050079133, 0.000000000000000 ) );
#3597 = CARTESIAN_POINT( '', ( 0.759264639793664, 0.252709607456183, 0.000000000000000 ) );
#3598 = CARTESIAN_POINT( '', ( 0.740721550287096, 0.236153277539604, 0.000000000000000 ) );
#3599 = CARTESIAN_POINT( '', ( 0.731067918482188, 0.214676820570937, 0.000000000000000 ) );
#3600 = CARTESIAN_POINT( '', ( 0.730740049629730, 0.187791574669297, 0.000000000000000 ) );
#3601 = CARTESIAN_POINT( '', ( 0.772051525039565, 0.187791574669297, 0.000000000000000 ) );
#3602 = CARTESIAN_POINT( '', ( 0.772051525039565, 0.204840754997167, 0.000000000000000 ) );
#3603 = CARTESIAN_POINT( '', ( 0.778608902088746, 0.218283377947986, 0.000000000000000 ) );
#3604 = CARTESIAN_POINT( '', ( 0.791723656187106, 0.228119443521757, 0.000000000000000 ) );
#3605 = CARTESIAN_POINT( '', ( 0.805048246351041, 0.238112886144707, 0.000000000000000 ) );
#3606 = CARTESIAN_POINT( '', ( 0.821559721760877, 0.242545673029953, 0.000000000000000 ) );
#3607 = CARTESIAN_POINT( '', ( 0.892051525039566, 0.242545673029953, 0.000000000000000 ) );
#3608 = CARTESIAN_POINT( '', ( 0.917625295531369, 0.209430918931592, 0.000000000000000 ) );
#3609 = CARTESIAN_POINT( '', ( 0.917625295531369, 0.142873541882412, 0.000000000000000 ) );
#3610 = CARTESIAN_POINT( '', ( 0.917625295531369, 0.123638569204817, 0.000000000000000 ) );
#3611 = CARTESIAN_POINT( '', ( 0.917625295531369, 0.104403596527221, 0.000000000000000 ) );
#3612 = CARTESIAN_POINT( '', ( 0.917625295531369, 0.0851686238496253, 0.000000000000000 ) );
#3613 = CARTESIAN_POINT( '', ( 0.916313820121533, 0.0851686238496253, 0.000000000000000 ) );
#3614 = CARTESIAN_POINT( '', ( 0.910084311924811, 0.106807968111920, 0.000000000000000 ) );
#3615 = CARTESIAN_POINT( '', ( 0.899264639793664, 0.122873541882412, 0.000000000000000 ) );
#3616 = CARTESIAN_POINT( '', ( 0.869100705367434, 0.145168623849625, 0.000000000000000 ) );
#3617 = CARTESIAN_POINT( '', ( 0.851395787334647, 0.150414525488970, 0.000000000000000 ) );
#3618 = CARTESIAN_POINT( '', ( 0.755985951269074, 0.150414525488970, 0.000000000000000 ) );
#3619 = CARTESIAN_POINT( '', ( 0.718281033236287, 0.0894309189315925, 0.000000000000000 ) );
#3620 = CARTESIAN_POINT( '', ( 0.718281033236287, -0.159421540084801, 0.000000000000000 ) );
#3621 = CARTESIAN_POINT( '', ( 0.757297426678910, -0.223028097461850, 0.000000000000000 ) );
#3622 = CARTESIAN_POINT( '', ( 0.855330213564155, -0.223028097461850, 0.000000000000000 ) );
#3623 = CARTESIAN_POINT( '', ( 0.873035131596942, -0.217454326970047, 0.000000000000000 ) );
#3624 = CARTESIAN_POINT( '', ( 0.888117098810057, -0.206306785986441, 0.000000000000000 ) );
#3625 = CARTESIAN_POINT( '', ( 0.903567818277771, -0.194886688988564, 0.000000000000000 ) );
#3626 = CARTESIAN_POINT( '', ( 0.914018738154320, -0.179093671232342, 0.000000000000000 ) );
#3627 = CARTESIAN_POINT( '', ( 0.920576115203500, -0.158437933527424, 0.000000000000000 ) );
#3628 = COLOUR_RGB( '', 0.119999997317791, 0.119999997317791, 0.119999997317791 );
#3629 = CARTESIAN_POINT( '', ( 0.428117098810057, 0.150414525488970, 0.00200000000000000 ) );
#3630 = VECTOR( '', #4153, 1000.00000000000 );
#3631 = CARTESIAN_POINT( '', ( 0.428117098810057, -0.214831376150375, 0.00200000000000000 ) );
#3632 = VECTOR( '', #4154, 1000.00000000000 );
#3633 = COLOUR_RGB( '', 0.119999997317791, 0.119999997317791, 0.119999997317791 );
#3634 = CARTESIAN_POINT( '', ( -0.618440278239123, -0.340733015494637, 0.00200000000000000 ) );
#3635 = CARTESIAN_POINT( '', ( -0.545981261845681, -0.340733015494637, 0.00200000000000000 ) );
#3636 = COLOUR_RGB( '', 0.119999997317791, 0.119999997317791, 0.119999997317791 );
#3637 = CARTESIAN_POINT( '', ( 0.221231852908418, 0.150414525488970, 0.00200000000000000 ) );
#3638 = CARTESIAN_POINT( '', ( 0.221231852908418, 0.150414525488970, 0.00200000000000000 ) );
#3639 = VECTOR( '', #4155, 1000.00000000000 );
#3640 = CARTESIAN_POINT( '', ( 0.112379393892024, -0.0420444909044731, 0.00200000000000000 ) );
#3641 = CARTESIAN_POINT( '', ( 0.221231852908418, 0.150414525488970, 0.00200000000000000 ) );
#3642 = CARTESIAN_POINT( '', ( 0.112379393892024, -0.0420444909044731, 0.00200000000000000 ) );
#3643 = CARTESIAN_POINT( '', ( 0.112379393892024, -0.0420444909044731, 0.00200000000000000 ) );
#3644 = VECTOR( '', #4156, 1000.00000000000 );
#3645 = COLOUR_RGB( '', 0.119999997317791, 0.119999997317791, 0.119999997317791 );
#3646 = CARTESIAN_POINT( '', ( 0.958936770941205, -0.214831376150375, 0.00200000000000000 ) );
#3647 = CARTESIAN_POINT( '', ( 0.958936770941205, -0.101716622052014, 0.00200000000000000 ) );
#3648 = CARTESIAN_POINT( '', ( 0.958936770941205, 0.0113981320463466, 0.00200000000000000 ) );
#3649 = CARTESIAN_POINT( '', ( 0.958936770941205, 0.124512886144707, 0.00200000000000000 ) );
#3650 = CARTESIAN_POINT( '', ( 0.958936770941205, 0.175660427128314, 0.00200000000000000 ) );
#3651 = CARTESIAN_POINT( '', ( 0.949428574219893, 0.214021082866019, 0.00200000000000000 ) );
#3652 = CARTESIAN_POINT( '', ( 0.930084311924811, 0.239266984505363, 0.00200000000000000 ) );
#3653 = CARTESIAN_POINT( '', ( 0.910861336715320, 0.264354596219445, 0.00200000000000000 ) );
#3654 = CARTESIAN_POINT( '', ( 0.880576115203500, 0.276971902538150, 0.00200000000000000 ) );
#3655 = CARTESIAN_POINT( '', ( 0.804510541433008, 0.276971902538150, 0.00200000000000000 ) );
#3656 = CARTESIAN_POINT( '', ( 0.777625295531369, 0.269103050079133, 0.00200000000000000 ) );
#3657 = CARTESIAN_POINT( '', ( 0.759264639793664, 0.252709607456183, 0.00200000000000000 ) );
#3658 = CARTESIAN_POINT( '', ( 0.740721550287096, 0.236153277539604, 0.00200000000000000 ) );
#3659 = CARTESIAN_POINT( '', ( 0.731067918482188, 0.214676820570937, 0.00200000000000000 ) );
#3660 = CARTESIAN_POINT( '', ( 0.730740049629730, 0.187791574669297, 0.00200000000000000 ) );
#3661 = COLOUR_RGB( '', 0.119999997317791, 0.119999997317791, 0.119999997317791 );
#3662 = CARTESIAN_POINT( '', ( -0.888932081517812, -0.299421540084801, 0.00200000000000000 ) );
#3663 = CARTESIAN_POINT( '', ( -0.888932081517812, -0.299421540084801, 0.00200000000000000 ) );
#3664 = VECTOR( '', #4157, 1000.00000000000 );
#3665 = CARTESIAN_POINT( '', ( -0.888932081517812, 0.150414525488970, 0.00200000000000000 ) );
#3666 = CARTESIAN_POINT( '', ( -0.888932081517812, -0.299421540084801, 0.00200000000000000 ) );
#3667 = CARTESIAN_POINT( '', ( -0.888932081517812, 0.150414525488970, 0.00200000000000000 ) );
#3668 = CARTESIAN_POINT( '', ( -0.888932081517812, 0.150414525488970, 0.00200000000000000 ) );
#3669 = VECTOR( '', #4158, 1000.00000000000 );
#3670 = COLOUR_RGB( '', 0.119999997317791, 0.119999997317791, 0.119999997317791 );
#3671 = CARTESIAN_POINT( '', ( -0.128604212665353, 0.150414525488970, 0.00200000000000000 ) );
#3672 = CARTESIAN_POINT( '', ( -0.128604212665353, 0.150414525488970, 0.00200000000000000 ) );
#3673 = VECTOR( '', #4159, 1000.00000000000 );
#3674 = CARTESIAN_POINT( '', ( -0.128604212665353, 0.150414525488970, 0.00200000000000000 ) );
#3675 = CARTESIAN_POINT( '', ( -0.142374704468631, 0.150414525488970, 0.00200000000000000 ) );
#3676 = CARTESIAN_POINT( '', ( -0.156145196271910, 0.150414525488970, 0.00200000000000000 ) );
#3677 = CARTESIAN_POINT( '', ( -0.169915688075188, 0.150414525488970, 0.00200000000000000 ) );
#3678 = COLOUR_RGB( '', 0.860000014305115, 0.860000014305115, 0.860000014305115 );
#3679 = CARTESIAN_POINT( '', ( -1.50000000000000, 0.600000000000000, 0.000000000000000 ) );
#3680 = CARTESIAN_POINT( '', ( 1.50000000000000, 0.600000000000000, 0.000000000000000 ) );
#3681 = CARTESIAN_POINT( '', ( -1.50000000000000, 0.600000000000000, 0.000000000000000 ) );
#3682 = VECTOR( '', #4160, 1000.00000000000 );
#3683 = CARTESIAN_POINT( '', ( -1.50000000000000, 0.600000000000000, 0.000200000000000000 ) );
#3684 = VECTOR( '', #4161, 1000.00000000000 );
#3685 = CARTESIAN_POINT( '', ( 1.50000000000000, 0.600000000000000, 0.000200000000000000 ) );
#3686 = VECTOR( '', #4162, 1000.00000000000 );
#3687 = COLOUR_RGB( '', 0.119999997317791, 0.119999997317791, 0.119999997317791 );
#3688 = CARTESIAN_POINT( '', ( 0.300000000000000, 1.50000000000000, 1.19980000000000 ) );
#3689 = CARTESIAN_POINT( '', ( 0.300000000000000, 1.50000000000000, 1.19980000000000 ) );
#3690 = VECTOR( '', #4163, 1000.00000000000 );
#3691 = CARTESIAN_POINT( '', ( 1.50000000000000, 1.50000000000000, 1.19980000000000 ) );
#3692 = VECTOR( '', #4164, 1000.00000000000 );
#3693 = CARTESIAN_POINT( '', ( -1.50000000000000, 1.50000000000000, 1.19980000000000 ) );
#3694 = CARTESIAN_POINT( '', ( -1.50000000000000, 1.50000000000000, 1.20000000000000 ) );
#3695 = VECTOR( '', #4165, 1000.00000000000 );
#3696 = CARTESIAN_POINT( '', ( -0.300000000000000, 1.50000000000000, 1.19980000000000 ) );
#3697 = CARTESIAN_POINT( '', ( -1.50000000000000, 1.50000000000000, 1.19980000000000 ) );
#3698 = VECTOR( '', #4166, 1000.00000000000 );
#3699 = CARTESIAN_POINT( '', ( -0.300000000000000, 1.50000000000000, 1.19980000000000 ) );
#3700 = VECTOR( '', #4167, 1000.00000000000 );
#3701 = COLOUR_RGB( '', 0.119999997317791, 0.119999997317791, 0.119999997317791 );
#3702 = CARTESIAN_POINT( '', ( 0.0579531643838274, 0.0225456730299531, 0.00200000000000000 ) );
#3703 = CARTESIAN_POINT( '', ( 0.0579531643838274, 0.0225456730299531, 0.00200000000000000 ) );
#3704 = VECTOR( '', #4168, 1000.00000000000 );
#3705 = CARTESIAN_POINT( '', ( 0.0579531643838274, 0.0225456730299531, 0.00200000000000000 ) );
#3706 = CARTESIAN_POINT( '', ( 0.0579531643838274, 0.150414525488970, 0.00200000000000000 ) );
#3707 = COLOUR_RGB( '', 0.860000014305115, 0.860000014305115, 0.860000014305115 );
#3708 = CARTESIAN_POINT( '', ( 1.50000000000000, 0.600000000000000, 0.000000000000000 ) );
#3709 = VECTOR( '', #4169, 1000.00000000000 );
#3710 = COLOUR_RGB( '', 0.119999997317791, 0.119999997317791, 0.119999997317791 );
#3711 = CARTESIAN_POINT( '', ( -0.294505852009615, 0.0969719025381499, 0.00200000000000000 ) );
#3712 = CARTESIAN_POINT( '', ( -0.294505852009615, 0.0969719025381499, 0.00200000000000000 ) );
#3713 = VECTOR( '', #4170, 1000.00000000000 );
#3714 = CARTESIAN_POINT( '', ( -0.295817327419451, 0.0969719025381499, 0.00200000000000000 ) );
#3715 = CARTESIAN_POINT( '', ( -0.294505852009615, 0.0969719025381499, 0.00200000000000000 ) );
#3716 = CARTESIAN_POINT( '', ( -0.294943010479561, 0.0969719025381499, 0.00200000000000000 ) );
#3717 = CARTESIAN_POINT( '', ( -0.295380168949506, 0.0969719025381499, 0.00200000000000000 ) );
#3718 = CARTESIAN_POINT( '', ( -0.295817327419451, 0.0969719025381499, 0.00200000000000000 ) );
#3719 = CARTESIAN_POINT( '', ( -0.295817327419451, 0.0969719025381499, 0.00200000000000000 ) );
#3720 = VECTOR( '', #4171, 1000.00000000000 );
#3721 = COLOUR_RGB( '', 0.860000014305115, 0.860000014305115, 0.860000014305115 );
#3722 = CARTESIAN_POINT( '', ( -1.50000000000000, -0.600000000000000, 0.000000000000000 ) );
#3723 = VECTOR( '', #4172, 1000.00000000000 );
#3724 = COLOUR_RGB( '', 0.119999997317791, 0.119999997317791, 0.119999997317791 );
#3725 = CARTESIAN_POINT( '', ( -0.590243556927648, 0.150414525488970, 0.00200000000000000 ) );
#3726 = CARTESIAN_POINT( '', ( -0.545981261845681, 0.150414525488970, 0.00200000000000000 ) );
#3727 = CARTESIAN_POINT( '', ( -0.590243556927648, 0.150414525488970, 0.00200000000000000 ) );
#3728 = CARTESIAN_POINT( '', ( -0.590243556927648, 0.150414525488970, 0.00200000000000000 ) );
#3729 = VECTOR( '', #4173, 1000.00000000000 );
#3730 = COLOUR_RGB( '', 0.119999997317791, 0.119999997317791, 0.119999997317791 );
#3731 = CARTESIAN_POINT( '', ( -1.50000000000000, -1.50000000000000, 1.19980000000000 ) );
#3732 = VECTOR( '', #4174, 1000.00000000000 );
#3733 = COLOUR_RGB( '', 0.119999997317791, 0.119999997317791, 0.119999997317791 );
#3734 = CARTESIAN_POINT( '', ( -0.471227163485025, -0.106306785986440, 0.00200000000000000 ) );
#3735 = CARTESIAN_POINT( '', ( -0.471227163485025, -0.106306785986440, 0.00200000000000000 ) );
#3736 = VECTOR( '', #4175, 1000.00000000000 );
#3737 = CARTESIAN_POINT( '', ( -0.222046835616173, 0.120250591062740, 0.00200000000000000 ) );
#3738 = CARTESIAN_POINT( '', ( -0.471227163485025, -0.106306785986440, 0.00200000000000000 ) );
#3739 = CARTESIAN_POINT( '', ( -0.471227163485025, -0.184011704019227, 0.00200000000000000 ) );
#3740 = CARTESIAN_POINT( '', ( -0.433522245452238, -0.223028097461850, 0.00200000000000000 ) );
#3741 = CARTESIAN_POINT( '', ( -0.289587819222730, -0.223028097461850, 0.00200000000000000 ) );
#3742 = CARTESIAN_POINT( '', ( -0.255161589714533, -0.190896949920867, 0.00200000000000000 ) );
#3743 = CARTESIAN_POINT( '', ( -0.255161589714533, -0.126306785986440, 0.00200000000000000 ) );
#3744 = CARTESIAN_POINT( '', ( -0.255161589714533, -0.0541756384454567, 0.00200000000000000 ) );
#3745 = CARTESIAN_POINT( '', ( -0.255161589714533, 0.0179555090955269, 0.00200000000000000 ) );
#3746 = CARTESIAN_POINT( '', ( -0.255161589714533, 0.0900866566365105, 0.00200000000000000 ) );
#3747 = CARTESIAN_POINT( '', ( -0.255161589714533, 0.110086656636510, 0.00200000000000000 ) );
#3748 = CARTESIAN_POINT( '', ( -0.247948474960434, 0.120250591062740, 0.00200000000000000 ) );
#3749 = CARTESIAN_POINT( '', ( -0.233850114304697, 0.120250591062740, 0.00200000000000000 ) );
#3750 = CARTESIAN_POINT( '', ( -0.229915688075189, 0.120250591062740, 0.00200000000000000 ) );
#3751 = CARTESIAN_POINT( '', ( -0.225981261845681, 0.120250591062740, 0.00200000000000000 ) );
#3752 = CARTESIAN_POINT( '', ( -0.222046835616173, 0.120250591062740, 0.00200000000000000 ) );
#3753 = CARTESIAN_POINT( '', ( -0.222046835616173, 0.120250591062740, 0.00200000000000000 ) );
#3754 = VECTOR( '', #4176, 1000.00000000000 );
#3755 = COLOUR_RGB( '', 0.119999997317791, 0.119999997317791, 0.119999997317791 );
#3756 = CARTESIAN_POINT( '', ( -0.590243556927648, 0.150414525488970, 0.00200000000000000 ) );
#3757 = CARTESIAN_POINT( '', ( -0.590243556927648, -0.299421540084801, 0.00200000000000000 ) );
#3758 = COLOUR_RGB( '', 0.119999997317791, 0.119999997317791, 0.119999997317791 );
#3759 = CARTESIAN_POINT( '', ( 0.0579531643838274, -0.0331920318880796, 0.00200000000000000 ) );
#3760 = CARTESIAN_POINT( '', ( 0.0579531643838274, -0.0331920318880796, 0.00200000000000000 ) );
#3761 = VECTOR( '', #4177, 1000.00000000000 );
#3762 = CARTESIAN_POINT( '', ( 0.0595925086461226, -0.0331920318880796, 0.00200000000000000 ) );
#3763 = CARTESIAN_POINT( '', ( 0.0579531643838274, -0.0331920318880796, 0.00200000000000000 ) );
#3764 = CARTESIAN_POINT( '', ( 0.0595925086461226, -0.0331920318880796, 0.00200000000000000 ) );
#3765 = CARTESIAN_POINT( '', ( 0.0595925086461226, -0.0331920318880796, 0.00200000000000000 ) );
#3766 = VECTOR( '', #4178, 1000.00000000000 );
#3767 = COLOUR_RGB( '', 0.119999997317791, 0.119999997317791, 0.119999997317791 );
#3768 = CARTESIAN_POINT( '', ( 0.300000000000000, 1.50000000000000, 1.19980000000000 ) );
#3769 = VECTOR( '', #4179, 1000.00000000000 );
#3770 = COLOUR_RGB( '', 0.119999997317791, 0.119999997317791, 0.119999997317791 );
#3771 = CARTESIAN_POINT( '', ( 0.772051525039565, 0.187791574669297, 0.00200000000000000 ) );
#3772 = CARTESIAN_POINT( '', ( 0.772051525039565, 0.204840754997167, 0.00200000000000000 ) );
#3773 = CARTESIAN_POINT( '', ( 0.778608902088746, 0.218283377947986, 0.00200000000000000 ) );
#3774 = CARTESIAN_POINT( '', ( 0.791723656187106, 0.228119443521757, 0.00200000000000000 ) );
#3775 = CARTESIAN_POINT( '', ( 0.805048246351041, 0.238112886144707, 0.00200000000000000 ) );
#3776 = CARTESIAN_POINT( '', ( 0.821559721760877, 0.242545673029953, 0.00200000000000000 ) );
#3777 = CARTESIAN_POINT( '', ( 0.892051525039566, 0.242545673029953, 0.00200000000000000 ) );
#3778 = CARTESIAN_POINT( '', ( 0.917625295531369, 0.209430918931592, 0.00200000000000000 ) );
#3779 = CARTESIAN_POINT( '', ( 0.917625295531369, 0.142873541882412, 0.00200000000000000 ) );
#3780 = CARTESIAN_POINT( '', ( 0.917625295531369, 0.123638569204817, 0.00200000000000000 ) );
#3781 = CARTESIAN_POINT( '', ( 0.917625295531369, 0.104403596527221, 0.00200000000000000 ) );
#3782 = CARTESIAN_POINT( '', ( 0.917625295531369, 0.0851686238496253, 0.00200000000000000 ) );
#3783 = COLOUR_RGB( '', 0.119999997317791, 0.119999997317791, 0.119999997317791 );
#3784 = CARTESIAN_POINT( '', ( 0.0166416889739913, -0.340733015494637, 0.00200000000000000 ) );
#3785 = CARTESIAN_POINT( '', ( 0.0166416889739913, -0.340733015494637, 0.00200000000000000 ) );
#3786 = VECTOR( '', #4180, 1000.00000000000 );
#3787 = CARTESIAN_POINT( '', ( 0.0579531643838274, -0.340733015494637, 0.00200000000000000 ) );
#3788 = CARTESIAN_POINT( '', ( 0.0166416889739913, -0.340733015494637, 0.00200000000000000 ) );
#3789 = CARTESIAN_POINT( '', ( 0.0579531643838274, -0.340733015494637, 0.00200000000000000 ) );
#3790 = CARTESIAN_POINT( '', ( 0.0579531643838274, -0.340733015494637, 0.00200000000000000 ) );
#3791 = VECTOR( '', #4181, 1000.00000000000 );
#3792 = COLOUR_RGB( '', 0.119999997317791, 0.119999997317791, 0.119999997317791 );
#3793 = CARTESIAN_POINT( '', ( 0.141887590613336, -0.0794215400848010, 0.00200000000000000 ) );
#3794 = CARTESIAN_POINT( '', ( 0.252051525039565, -0.214831376150375, 0.00200000000000000 ) );
#3795 = CARTESIAN_POINT( '', ( 0.141887590613336, -0.0794215400848010, 0.00200000000000000 ) );
#3796 = CARTESIAN_POINT( '', ( 0.141887590613336, -0.0794215400848010, 0.00200000000000000 ) );
#3797 = VECTOR( '', #4182, 1000.00000000000 );
#3798 = COLOUR_RGB( '', 0.119999997317791, 0.119999997317791, 0.119999997317791 );
#3799 = CARTESIAN_POINT( '', ( 0.0579531643838274, -0.340733015494637, 0.00200000000000000 ) );
#3800 = CARTESIAN_POINT( '', ( 0.0579531643838274, -0.0331920318880796, 0.00200000000000000 ) );
#3801 = COLOUR_RGB( '', 0.119999997317791, 0.119999997317791, 0.119999997317791 );
#3802 = CARTESIAN_POINT( '', ( -0.296473065124369, -0.0558149827077518, 0.000000000000000 ) );
#3803 = CARTESIAN_POINT( '', ( -0.297784540534206, -0.0558149827077518, 0.000000000000000 ) );
#3804 = CARTESIAN_POINT( '', ( -0.296473065124369, -0.0558149827077518, 0.000000000000000 ) );
#3805 = CARTESIAN_POINT( '', ( -0.296910223594314, -0.0558149827077518, 0.000000000000000 ) );
#3806 = CARTESIAN_POINT( '', ( -0.297347382064260, -0.0558149827077518, 0.000000000000000 ) );
#3807 = CARTESIAN_POINT( '', ( -0.297784540534206, -0.0558149827077518, 0.000000000000000 ) );
#3808 = CARTESIAN_POINT( '', ( -0.296473065124369, 0.0212341976201171, 0.000000000000000 ) );
#3809 = CARTESIAN_POINT( '', ( -0.297784540534206, -0.0558149827077518, 0.000000000000000 ) );
#3810 = CARTESIAN_POINT( '', ( -0.301063229058796, -0.0476182613962764, 0.000000000000000 ) );
#3811 = CARTESIAN_POINT( '', ( -0.315817327419451, -0.0394215400848009, 0.000000000000000 ) );
#3812 = CARTESIAN_POINT( '', ( -0.342046835616173, -0.0318805564782436, 0.000000000000000 ) );
#3813 = CARTESIAN_POINT( '', ( -0.353328792261522, -0.0286369939427055, 0.000000000000000 ) );
#3814 = CARTESIAN_POINT( '', ( -0.364779076053331, -0.0259789171339813, 0.000000000000000 ) );
#3815 = CARTESIAN_POINT( '', ( -0.376145196271910, -0.0230280974618501, 0.000000000000000 ) );
#3816 = CARTESIAN_POINT( '', ( -0.397773805633709, -0.0174129777236907, 0.000000000000000 ) );
#3817 = CARTESIAN_POINT( '', ( -0.413522245452238, -0.00860186795365340, 0.000000000000000 ) );
#3818 = CARTESIAN_POINT( '', ( -0.423686179878467, 0.00287354188241217, 0.000000000000000 ) );
#3819 = CARTESIAN_POINT( '', ( -0.434012848844915, 0.0145326842638859, 0.000000000000000 ) );
#3820 = CARTESIAN_POINT( '', ( -0.438768147091582, 0.0313981320463467, 0.000000000000000 ) );
#3821 = CARTESIAN_POINT( '', ( -0.438768147091582, 0.0750046894233958, 0.000000000000000 ) );
#3822 = CARTESIAN_POINT( '', ( -0.433850114304697, 0.0923817386037237, 0.000000000000000 ) );
#3823 = CARTESIAN_POINT( '', ( -0.423358311026008, 0.105168623849625, 0.000000000000000 ) );
#3824 = CARTESIAN_POINT( '', ( -0.412998428260058, 0.117794730970628, 0.000000000000000 ) );
#3825 = CARTESIAN_POINT( '', ( -0.399096015944041, 0.124512886144707, 0.000000000000000 ) );
#3826 = CARTESIAN_POINT( '', ( -0.355489458566992, 0.124512886144707, 0.000000000000000 ) );
#3827 = CARTESIAN_POINT( '', ( -0.334833720862074, 0.115332558275855, 0.000000000000000 ) );
#3828 = CARTESIAN_POINT( '', ( -0.304014048730926, 0.0792669845053630, 0.000000000000000 ) );
#3829 = CARTESIAN_POINT( '', ( -0.296473065124369, 0.0536932140135597, 0.000000000000000 ) );
#3830 = CARTESIAN_POINT( '', ( -0.296473065124369, 0.0212341976201171, 0.000000000000000 ) );
#3831 = CARTESIAN_POINT( '', ( -0.296473065124369, 0.0212341976201171, 0.000000000000000 ) );
#3832 = CARTESIAN_POINT( '', ( -0.296473065124369, -0.00444886248917253, 0.000000000000000 ) );
#3833 = CARTESIAN_POINT( '', ( -0.296473065124369, -0.0301319225984621, 0.000000000000000 ) );
#3834 = CARTESIAN_POINT( '', ( -0.296473065124369, -0.0558149827077518, 0.000000000000000 ) );
#3835 = COLOUR_RGB( '', 0.119999997317791, 0.119999997317791, 0.119999997317791 );
#3836 = CARTESIAN_POINT( '', ( 0.762215459465795, -0.0367985892651288, 0.00200000000000000 ) );
#3837 = CARTESIAN_POINT( '', ( 0.762215459465795, -0.0367985892651288, 0.00200000000000000 ) );
#3838 = CARTESIAN_POINT( '', ( 0.762215459465795, 0.0192669845053630, 0.00200000000000000 ) );
#3839 = CARTESIAN_POINT( '', ( 0.768772836514975, 0.0589391156529040, 0.00200000000000000 ) );
#3840 = CARTESIAN_POINT( '', ( 0.794346607006778, 0.104840754997166, 0.00200000000000000 ) );
#3841 = CARTESIAN_POINT( '', ( 0.814018738154319, 0.115988295980773, 0.00200000000000000 ) );
#3842 = CARTESIAN_POINT( '', ( 0.866149885695303, 0.115988295980773, 0.00200000000000000 ) );
#3843 = CARTESIAN_POINT( '', ( 0.885822016842844, 0.104840754997166, 0.00200000000000000 ) );
#3844 = CARTESIAN_POINT( '', ( 0.911395787334648, 0.0589391156529040, 0.00200000000000000 ) );
#3845 = CARTESIAN_POINT( '', ( 0.917625295531369, 0.0192669845053630, 0.00200000000000000 ) );
#3846 = CARTESIAN_POINT( '', ( 0.917625295531369, -0.0922084253307026, 0.00200000000000000 ) );
#3847 = CARTESIAN_POINT( '', ( 0.911395787334648, -0.131224818773326, 0.00200000000000000 ) );
#3848 = CARTESIAN_POINT( '', ( 0.885822016842844, -0.177126458117588, 0.00200000000000000 ) );
#3849 = CARTESIAN_POINT( '', ( 0.866149885695303, -0.188601867953654, 0.00200000000000000 ) );
#3850 = CARTESIAN_POINT( '', ( 0.814018738154319, -0.188601867953654, 0.00200000000000000 ) );
#3851 = CARTESIAN_POINT( '', ( 0.794346607006778, -0.177126458117588, 0.00200000000000000 ) );
#3852 = CARTESIAN_POINT( '', ( 0.768772836514975, -0.131224818773326, 0.00200000000000000 ) );
#3853 = CARTESIAN_POINT( '', ( 0.762215459465795, -0.0922084253307026, 0.00200000000000000 ) );
#3854 = CARTESIAN_POINT( '', ( 0.762215459465795, -0.0367985892651288, 0.00200000000000000 ) );
#3855 = COLOUR_RGB( '', 0.119999997317791, 0.119999997317791, 0.119999997317791 );
#3856 = CARTESIAN_POINT( '', ( -0.760079622501418, 0.150414525488970, 0.00200000000000000 ) );
#3857 = CARTESIAN_POINT( '', ( -0.718768147091582, 0.150414525488970, 0.00200000000000000 ) );
#3858 = CARTESIAN_POINT( '', ( -0.760079622501418, 0.150414525488970, 0.00200000000000000 ) );
#3859 = CARTESIAN_POINT( '', ( -0.760079622501418, 0.150414525488970, 0.00200000000000000 ) );
#3860 = VECTOR( '', #4183, 1000.00000000000 );
#3861 = COLOUR_RGB( '', 0.119999997317791, 0.119999997317791, 0.119999997317791 );
#3862 = COLOUR_RGB( '', 0.860000014305115, 0.860000014305115, 0.860000014305115 );
#3863 = COLOUR_RGB( '', 0.119999997317791, 0.119999997317791, 0.119999997317791 );
#3864 = CARTESIAN_POINT( '', ( -0.429915688075189, -0.106306785986440, 0.00200000000000000 ) );
#3865 = CARTESIAN_POINT( '', ( -0.429915688075189, -0.106306785986440, 0.00200000000000000 ) );
#3866 = VECTOR( '', #4184, 1000.00000000000 );
#3867 = CARTESIAN_POINT( '', ( -0.429915688075189, -0.106306785986440, 0.00200000000000000 ) );
#3868 = CARTESIAN_POINT( '', ( -0.443686179878467, -0.106306785986440, 0.00200000000000000 ) );
#3869 = CARTESIAN_POINT( '', ( -0.457456671681746, -0.106306785986440, 0.00200000000000000 ) );
#3870 = CARTESIAN_POINT( '', ( -0.471227163485025, -0.106306785986440, 0.00200000000000000 ) );
#3871 = COLOUR_RGB( '', 0.119999997317791, 0.119999997317791, 0.119999997317791 );
#3872 = CARTESIAN_POINT( '', ( -0.222046835616173, 0.150414525488970, 0.00200000000000000 ) );
#3873 = CARTESIAN_POINT( '', ( -0.222046835616173, 0.150414525488970, 0.00200000000000000 ) );
#3874 = VECTOR( '', #4185, 1000.00000000000 );
#3875 = CARTESIAN_POINT( '', ( -0.222046835616173, 0.150414525488970, 0.00200000000000000 ) );
#3876 = CARTESIAN_POINT( '', ( -0.229915688075189, 0.153365345161101, 0.00200000000000000 ) );
#3877 = CARTESIAN_POINT( '', ( -0.236473065124370, 0.154676820570937, 0.00200000000000000 ) );
#3878 = CARTESIAN_POINT( '', ( -0.259423884796500, 0.154676820570937, 0.00200000000000000 ) );
#3879 = CARTESIAN_POINT( '', ( -0.272538638894861, 0.151398132046347, 0.00200000000000000 ) );
#3880 = CARTESIAN_POINT( '', ( -0.281391097911255, 0.145496492702084, 0.00200000000000000 ) );
#3881 = CARTESIAN_POINT( '', ( -0.290167894884773, 0.139645294719739, 0.00200000000000000 ) );
#3882 = CARTESIAN_POINT( '', ( -0.294505852009615, 0.127135836964379, 0.00200000000000000 ) );
#3883 = CARTESIAN_POINT( '', ( -0.294505852009615, 0.109103050079133, 0.00200000000000000 ) );
#3884 = CARTESIAN_POINT( '', ( -0.294505852009615, 0.105059334232139, 0.00200000000000000 ) );
#3885 = CARTESIAN_POINT( '', ( -0.294505852009615, 0.101015618385144, 0.00200000000000000 ) );
#3886 = CARTESIAN_POINT( '', ( -0.294505852009615, 0.0969719025381499, 0.00200000000000000 ) );
#3887 = COLOUR_RGB( '', 0.119999997317791, 0.119999997317791, 0.119999997317791 );
#3888 = CARTESIAN_POINT( '', ( 0.112379393892024, -0.0420444909044731, 0.00200000000000000 ) );
#3889 = CARTESIAN_POINT( '', ( 0.0579531643838274, 0.0225456730299531, 0.00200000000000000 ) );
#3890 = CARTESIAN_POINT( '', ( 0.272051525039565, 0.150414525488970, 0.00200000000000000 ) );
#3891 = CARTESIAN_POINT( '', ( 0.272051525039565, 0.150414525488970, 0.00200000000000000 ) );
#3892 = CARTESIAN_POINT( '', ( 0.221231852908418, 0.150414525488970, 0.00200000000000000 ) );
#3893 = CARTESIAN_POINT( '', ( 0.141887590613336, -0.0794215400848010, 0.00200000000000000 ) );
#3894 = CARTESIAN_POINT( '', ( 0.272051525039565, 0.150414525488970, 0.00200000000000000 ) );
#3895 = CARTESIAN_POINT( '', ( 0.0595925086461226, -0.0331920318880796, 0.00200000000000000 ) );
#3896 = CARTESIAN_POINT( '', ( 0.201231852908418, -0.214831376150375, 0.00200000000000000 ) );
#3897 = CARTESIAN_POINT( '', ( 0.0166416889739913, 0.150414525488970, 0.00200000000000000 ) );
#3898 = CARTESIAN_POINT( '', ( 0.0166416889739913, -0.340733015494637, 0.00200000000000000 ) );
#3899 = COLOUR_RGB( '', 0.119999997317791, 0.119999997317791, 0.119999997317791 );
#3900 = CARTESIAN_POINT( '', ( -0.297784540534206, -0.0558149827077518, 0.00200000000000000 ) );
#3901 = CARTESIAN_POINT( '', ( -0.297784540534206, -0.0558149827077518, 0.00200000000000000 ) );
#3902 = VECTOR( '', #4186, 1000.00000000000 );
#3903 = CARTESIAN_POINT( '', ( -0.296473065124369, 0.0212341976201171, 0.00200000000000000 ) );
#3904 = CARTESIAN_POINT( '', ( -0.297784540534206, -0.0558149827077518, 0.00200000000000000 ) );
#3905 = CARTESIAN_POINT( '', ( -0.301063229058796, -0.0476182613962764, 0.00200000000000000 ) );
#3906 = CARTESIAN_POINT( '', ( -0.315817327419451, -0.0394215400848009, 0.00200000000000000 ) );
#3907 = CARTESIAN_POINT( '', ( -0.342046835616173, -0.0318805564782436, 0.00200000000000000 ) );
#3908 = CARTESIAN_POINT( '', ( -0.353328792261522, -0.0286369939427055, 0.00200000000000000 ) );
#3909 = CARTESIAN_POINT( '', ( -0.364779076053331, -0.0259789171339813, 0.00200000000000000 ) );
#3910 = CARTESIAN_POINT( '', ( -0.376145196271910, -0.0230280974618501, 0.00200000000000000 ) );
#3911 = CARTESIAN_POINT( '', ( -0.397773805633709, -0.0174129777236907, 0.00200000000000000 ) );
#3912 = CARTESIAN_POINT( '', ( -0.413522245452238, -0.00860186795365340, 0.00200000000000000 ) );
#3913 = CARTESIAN_POINT( '', ( -0.423686179878467, 0.00287354188241217, 0.00200000000000000 ) );
#3914 = CARTESIAN_POINT( '', ( -0.434012848844915, 0.0145326842638859, 0.00200000000000000 ) );
#3915 = CARTESIAN_POINT( '', ( -0.438768147091582, 0.0313981320463467, 0.00200000000000000 ) );
#3916 = CARTESIAN_POINT( '', ( -0.438768147091582, 0.0750046894233958, 0.00200000000000000 ) );
#3917 = CARTESIAN_POINT( '', ( -0.433850114304697, 0.0923817386037237, 0.00200000000000000 ) );
#3918 = CARTESIAN_POINT( '', ( -0.423358311026008, 0.105168623849625, 0.00200000000000000 ) );
#3919 = CARTESIAN_POINT( '', ( -0.412998428260058, 0.117794730970628, 0.00200000000000000 ) );
#3920 = CARTESIAN_POINT( '', ( -0.399096015944041, 0.124512886144707, 0.00200000000000000 ) );
#3921 = CARTESIAN_POINT( '', ( -0.355489458566992, 0.124512886144707, 0.00200000000000000 ) );
#3922 = CARTESIAN_POINT( '', ( -0.334833720862074, 0.115332558275855, 0.00200000000000000 ) );
#3923 = CARTESIAN_POINT( '', ( -0.304014048730926, 0.0792669845053630, 0.00200000000000000 ) );
#3924 = CARTESIAN_POINT( '', ( -0.296473065124369, 0.0536932140135597, 0.00200000000000000 ) );
#3925 = CARTESIAN_POINT( '', ( -0.296473065124369, 0.0212341976201171, 0.00200000000000000 ) );
#3926 = CARTESIAN_POINT( '', ( -0.296473065124369, 0.0212341976201171, 0.00200000000000000 ) );
#3927 = VECTOR( '', #4187, 1000.00000000000 );
#3928 = COLOUR_RGB( '', 0.119999997317791, 0.119999997317791, 0.119999997317791 );
#3929 = COLOUR_RGB( '', 0.119999997317791, 0.119999997317791, 0.119999997317791 );
#3930 = CARTESIAN_POINT( '', ( 0.303526934875631, 0.150414525488970, 0.00200000000000000 ) );
#3931 = VECTOR( '', #4188, 1000.00000000000 );
#3932 = COLOUR_RGB( '', 0.119999997317791, 0.119999997317791, 0.119999997317791 );
#3933 = CARTESIAN_POINT( '', ( -0.127292737255517, -0.157782195822506, 0.00200000000000000 ) );
#3934 = CARTESIAN_POINT( '', ( -0.119423884796500, -0.178437933527424, 0.00200000000000000 ) );
#3935 = CARTESIAN_POINT( '', ( -0.107620606107976, -0.194503507297915, 0.00200000000000000 ) );
#3936 = CARTESIAN_POINT( '', ( -0.0754894585669921, -0.217454326970047, 0.00200000000000000 ) );
#3937 = CARTESIAN_POINT( '', ( -0.0564730651243693, -0.223028097461850, 0.00200000000000000 ) );
#3938 = CARTESIAN_POINT( '', ( -0.0305714257801068, -0.223028097461850, 0.00200000000000000 ) );
#3939 = CARTESIAN_POINT( '', ( -0.0256533929932216, -0.222372359756932, 0.00200000000000000 ) );
#3940 = CARTESIAN_POINT( '', ( -0.0207353602063363, -0.221060884347096, 0.00200000000000000 ) );
#3941 = COLOUR_RGB( '', 0.119999997317791, 0.119999997317791, 0.119999997317791 );
#3942 = CARTESIAN_POINT( '', ( -0.932866507747320, 0.150414525488970, 0.00200000000000000 ) );
#3943 = CARTESIAN_POINT( '', ( -0.932866507747320, 0.150414525488970, 0.00200000000000000 ) );
#3944 = VECTOR( '', #4189, 1000.00000000000 );
#3945 = CARTESIAN_POINT( '', ( -0.932866507747320, -0.340733015494637, 0.00200000000000000 ) );
#3946 = CARTESIAN_POINT( '', ( -0.932866507747320, 0.150414525488970, 0.00200000000000000 ) );
#3947 = CARTESIAN_POINT( '', ( -0.932866507747320, -0.340733015494637, 0.00200000000000000 ) );
#3948 = CARTESIAN_POINT( '', ( -0.932866507747320, -0.340733015494637, 0.00200000000000000 ) );
#3949 = VECTOR( '', #4190, 1000.00000000000 );
#3950 = COLOUR_RGB( '', 0.119999997317791, 0.119999997317791, 0.119999997317791 );
#3951 = CARTESIAN_POINT( '', ( -0.300000000000000, 1.50000000000000, 1.19980000000000 ) );
#3952 = VECTOR( '', #4191, 1000.00000000000 );
#3953 = COLOUR_RGB( '', 0.119999997317791, 0.119999997317791, 0.119999997317791 );
#3954 = COLOUR_RGB( '', 0.119999997317791, 0.119999997317791, 0.119999997317791 );
#3955 = COLOUR_RGB( '', 0.119999997317791, 0.119999997317791, 0.119999997317791 );
#3956 = CARTESIAN_POINT( '', ( 0.272051525039565, 0.150414525488970, 0.00200000000000000 ) );
#3957 = VECTOR( '', #4192, 1000.00000000000 );
#3958 = COLOUR_RGB( '', 0.119999997317791, 0.119999997317791, 0.119999997317791 );
#3959 = CARTESIAN_POINT( '', ( 0.916313820121533, 0.0851686238496253, 0.00200000000000000 ) );
#3960 = CARTESIAN_POINT( '', ( 0.910084311924811, 0.106807968111920, 0.00200000000000000 ) );
#3961 = CARTESIAN_POINT( '', ( 0.899264639793664, 0.122873541882412, 0.00200000000000000 ) );
#3962 = CARTESIAN_POINT( '', ( 0.869100705367434, 0.145168623849625, 0.00200000000000000 ) );
#3963 = CARTESIAN_POINT( '', ( 0.851395787334647, 0.150414525488970, 0.00200000000000000 ) );
#3964 = CARTESIAN_POINT( '', ( 0.755985951269074, 0.150414525488970, 0.00200000000000000 ) );
#3965 = CARTESIAN_POINT( '', ( 0.718281033236287, 0.0894309189315925, 0.00200000000000000 ) );
#3966 = CARTESIAN_POINT( '', ( 0.718281033236287, -0.159421540084801, 0.00200000000000000 ) );
#3967 = CARTESIAN_POINT( '', ( 0.757297426678910, -0.223028097461850, 0.00200000000000000 ) );
#3968 = CARTESIAN_POINT( '', ( 0.855330213564155, -0.223028097461850, 0.00200000000000000 ) );
#3969 = CARTESIAN_POINT( '', ( 0.873035131596942, -0.217454326970047, 0.00200000000000000 ) );
#3970 = CARTESIAN_POINT( '', ( 0.888117098810057, -0.206306785986441, 0.00200000000000000 ) );
#3971 = CARTESIAN_POINT( '', ( 0.903567818277771, -0.194886688988564, 0.00200000000000000 ) );
#3972 = CARTESIAN_POINT( '', ( 0.914018738154320, -0.179093671232342, 0.00200000000000000 ) );
#3973 = CARTESIAN_POINT( '', ( 0.920576115203500, -0.158437933527424, 0.00200000000000000 ) );
#3974 = COLOUR_RGB( '', 0.119999997317791, 0.119999997317791, 0.119999997317791 );
#3975 = CARTESIAN_POINT( '', ( -0.128604212665353, -0.214831376150375, 0.00200000000000000 ) );
#3976 = CARTESIAN_POINT( '', ( -0.128604212665353, -0.214831376150375, 0.00200000000000000 ) );
#3977 = VECTOR( '', #4193, 1000.00000000000 );
#3978 = CARTESIAN_POINT( '', ( -0.128604212665353, -0.214831376150375, 0.00200000000000000 ) );
#3979 = CARTESIAN_POINT( '', ( -0.128604212665353, -0.195814982707752, 0.00200000000000000 ) );
#3980 = CARTESIAN_POINT( '', ( -0.128604212665353, -0.176798589265129, 0.00200000000000000 ) );
#3981 = CARTESIAN_POINT( '', ( -0.128604212665353, -0.157782195822506, 0.00200000000000000 ) );
#3982 = COLOUR_RGB( '', 0.119999997317791, 0.119999997317791, 0.119999997317791 );
#3983 = CARTESIAN_POINT( '', ( -0.222046835616173, 0.120250591062740, 0.00200000000000000 ) );
#3984 = CARTESIAN_POINT( '', ( -0.222046835616173, 0.130305235871483, 0.00200000000000000 ) );
#3985 = CARTESIAN_POINT( '', ( -0.222046835616173, 0.140359880680226, 0.00200000000000000 ) );
#3986 = CARTESIAN_POINT( '', ( -0.222046835616173, 0.150414525488970, 0.00200000000000000 ) );
#3987 = COLOUR_RGB( '', 0.119999997317791, 0.119999997317791, 0.119999997317791 );
#3988 = CARTESIAN_POINT( '', ( 0.303526934875631, -0.340733015494637, 0.00200000000000000 ) );
#3989 = CARTESIAN_POINT( '', ( 0.303526934875631, -0.270569081068408, 0.00200000000000000 ) );
#3990 = CARTESIAN_POINT( '', ( 0.303526934875631, -0.340733015494637, 0.00200000000000000 ) );
#3991 = CARTESIAN_POINT( '', ( 0.303526934875631, -0.340733015494637, 0.00200000000000000 ) );
#3992 = VECTOR( '', #4194, 1000.00000000000 );
#3993 = COLOUR_RGB( '', 0.119999997317791, 0.119999997317791, 0.119999997317791 );
#3994 = CARTESIAN_POINT( '', ( -0.0207353602063363, -0.179749408937260, 0.00200000000000000 ) );
#3995 = CARTESIAN_POINT( '', ( -0.0272927372555168, -0.181060884347096, 0.00200000000000000 ) );
#3996 = CARTESIAN_POINT( '', ( -0.0341779831571560, -0.181716622052014, 0.00200000000000000 ) );
#3997 = CARTESIAN_POINT( '', ( -0.0404074913538772, -0.182044490904473, 0.00200000000000000 ) );
#3998 = CARTESIAN_POINT( '', ( -0.0652394812098685, -0.183351437738999, 0.00200000000000000 ) );
#3999 = CARTESIAN_POINT( '', ( -0.0863091306981397, -0.172864163035620, 0.00200000000000000 ) );
#4000 = CARTESIAN_POINT( '', ( -0.103358311026009, -0.155159245002834, 0.00200000000000000 ) );
#4001 = CARTESIAN_POINT( '', ( -0.120413558677837, -0.137448026287473, 0.00200000000000000 ) );
#4002 = CARTESIAN_POINT( '', ( -0.128604212665353, -0.111224818773326, 0.00200000000000000 ) );
#4003 = CARTESIAN_POINT( '', ( -0.128604212665353, -0.0781100646749649, 0.00200000000000000 ) );
#4004 = CARTESIAN_POINT( '', ( -0.128604212665353, -0.00193520128698670, 0.00200000000000000 ) );
#4005 = CARTESIAN_POINT( '', ( -0.128604212665353, 0.0742396621009914, 0.00200000000000000 ) );
#4006 = CARTESIAN_POINT( '', ( -0.128604212665353, 0.150414525488970, 0.00200000000000000 ) );
#4007 = CARTESIAN_POINT( '', ( -0.169915688075188, -0.214831376150375, 0.00200000000000000 ) );
#4008 = CARTESIAN_POINT( '', ( -0.156145196271910, -0.214831376150375, 0.00200000000000000 ) );
#4009 = CARTESIAN_POINT( '', ( -0.142374704468631, -0.214831376150375, 0.00200000000000000 ) );
#4010 = CARTESIAN_POINT( '', ( -0.128604212665353, -0.214831376150375, 0.00200000000000000 ) );
#4011 = COLOUR_RGB( '', 0.119999997317791, 0.119999997317791, 0.119999997317791 );
#4012 = COLOUR_RGB( '', 0.119999997317791, 0.119999997317791, 0.119999997317791 );
#4013 = COLOUR_RGB( '', 0.119999997317791, 0.119999997317791, 0.119999997317791 );
#4014 = CARTESIAN_POINT( '', ( -0.888932081517812, 0.150414525488970, 0.00200000000000000 ) );
#4015 = CARTESIAN_POINT( '', ( -0.932866507747320, 0.150414525488970, 0.00200000000000000 ) );
#4016 = CARTESIAN_POINT( '', ( -0.887292737255517, -0.299421540084801, 0.00200000000000000 ) );
#4017 = CARTESIAN_POINT( '', ( -0.887292737255517, -0.299421540084801, 0.00200000000000000 ) );
#4018 = CARTESIAN_POINT( '', ( -0.888932081517812, -0.299421540084801, 0.00200000000000000 ) );
#4019 = CARTESIAN_POINT( '', ( -0.760079622501418, 0.150414525488970, 0.00200000000000000 ) );
#4020 = CARTESIAN_POINT( '', ( -0.887292737255517, -0.299421540084801, 0.00200000000000000 ) );
#4021 = CARTESIAN_POINT( '', ( -0.932866507747320, -0.340733015494637, 0.00200000000000000 ) );
#4022 = CARTESIAN_POINT( '', ( -0.856473065124369, -0.340733015494637, 0.00200000000000000 ) );
#4023 = COLOUR_RGB( '', 0.119999997317791, 0.119999997317791, 0.119999997317791 );
#4024 = CARTESIAN_POINT( '', ( 0.469428574219893, 0.150414525488970, 0.00200000000000000 ) );
#4025 = VECTOR( '', #4195, 1000.00000000000 );
#4026 = COLOUR_RGB( '', 0.119999997317791, 0.119999997317791, 0.119999997317791 );
#4027 = CARTESIAN_POINT( '', ( 0.303526934875631, -0.340733015494637, 0.00200000000000000 ) );
#4028 = CARTESIAN_POINT( '', ( 0.344838410285467, -0.340733015494637, 0.00200000000000000 ) );
#4029 = COLOUR_RGB( '', 0.119999997317791, 0.119999997317791, 0.119999997317791 );
#4030 = CARTESIAN_POINT( '', ( -0.296473065124369, -0.0558149827077518, 0.00200000000000000 ) );
#4031 = CARTESIAN_POINT( '', ( -0.296473065124369, -0.0558149827077518, 0.00200000000000000 ) );
#4032 = VECTOR( '', #4196, 1000.00000000000 );
#4033 = CARTESIAN_POINT( '', ( -0.296473065124369, -0.0558149827077518, 0.00200000000000000 ) );
#4034 = CARTESIAN_POINT( '', ( -0.296910223594314, -0.0558149827077518, 0.00200000000000000 ) );
#4035 = CARTESIAN_POINT( '', ( -0.297347382064260, -0.0558149827077518, 0.00200000000000000 ) );
#4036 = CARTESIAN_POINT( '', ( -0.297784540534206, -0.0558149827077518, 0.00200000000000000 ) );
#4037 = COLOUR_RGB( '', 0.119999997317791, 0.119999997317791, 0.119999997317791 );
#4038 = CARTESIAN_POINT( '', ( -0.295817327419451, 0.0969719025381499, 0.00200000000000000 ) );
#4039 = CARTESIAN_POINT( '', ( -0.309915688075189, 0.138283377947986, 0.00200000000000000 ) );
#4040 = CARTESIAN_POINT( '', ( -0.341391097911255, 0.158939115652904, 0.00200000000000000 ) );
#4041 = CARTESIAN_POINT( '', ( -0.421391097911255, 0.158939115652904, 0.00200000000000000 ) );
#4042 = CARTESIAN_POINT( '', ( -0.444669786435845, 0.149758787784051, 0.00200000000000000 ) );
#4043 = CARTESIAN_POINT( '', ( -0.460079622501418, 0.131726000898806, 0.00200000000000000 ) );
#4044 = CARTESIAN_POINT( '', ( -0.475351082125440, 0.113855143891971, 0.00200000000000000 ) );
#4045 = CARTESIAN_POINT( '', ( -0.483030442173550, 0.0881194435217565, 0.00200000000000000 ) );
#4046 = CARTESIAN_POINT( '', ( -0.483030442173550, 0.00188993532503507, 0.00200000000000000 ) );
#4047 = CARTESIAN_POINT( '', ( -0.458440278239123, -0.0318805564782436, 0.00200000000000000 ) );
#4048 = CARTESIAN_POINT( '', ( -0.409259950370271, -0.0456510482815222, 0.00200000000000000 ) );
#4049 = CARTESIAN_POINT( '', ( -0.383340150140017, -0.0529085923459934, 0.00200000000000000 ) );
#4050 = CARTESIAN_POINT( '', ( -0.357456671681747, -0.0602958570246916, 0.00200000000000000 ) );
#4051 = CARTESIAN_POINT( '', ( -0.331555032337484, -0.0676182613962763, 0.00200000000000000 ) );
#4052 = CARTESIAN_POINT( '', ( -0.316948690628067, -0.0717474803605420, 0.00200000000000000 ) );
#4053 = CARTESIAN_POINT( '', ( -0.307292737255516, -0.0767985892651288, 0.00200000000000000 ) );
#4054 = CARTESIAN_POINT( '', ( -0.303030442173549, -0.0836838351667682, 0.00200000000000000 ) );
#4055 = CARTESIAN_POINT( '', ( -0.298621412342859, -0.0908061141240378, 0.00200000000000000 ) );
#4056 = CARTESIAN_POINT( '', ( -0.296473065124369, -0.104667441724145, 0.00200000000000000 ) );
#4057 = CARTESIAN_POINT( '', ( -0.296473065124369, -0.167618261396277, 0.00200000000000000 ) );
#4058 = CARTESIAN_POINT( '', ( -0.317456671681747, -0.188601867953654, 0.00200000000000000 ) );
#4059 = CARTESIAN_POINT( '', ( -0.406636999550599, -0.188601867953654, 0.00200000000000000 ) );
#4060 = CARTESIAN_POINT( '', ( -0.429915688075189, -0.161060884347096, 0.00200000000000000 ) );
#4061 = CARTESIAN_POINT( '', ( -0.429915688075189, -0.106306785986440, 0.00200000000000000 ) );
#4062 = COLOUR_RGB( '', 0.119999997317791, 0.119999997317791, 0.119999997317791 );
#4063 = COLOUR_RGB( '', 0.119999997317791, 0.119999997317791, 0.119999997317791 );
#4064 = CARTESIAN_POINT( '', ( -0.296473065124369, 0.0212341976201171, 0.00200000000000000 ) );
#4065 = CARTESIAN_POINT( '', ( -0.296473065124369, -0.00444886248917253, 0.00200000000000000 ) );
#4066 = CARTESIAN_POINT( '', ( -0.296473065124369, -0.0301319225984621, 0.00200000000000000 ) );
#4067 = CARTESIAN_POINT( '', ( -0.296473065124369, -0.0558149827077518, 0.00200000000000000 ) );
#4068 = COLOUR_RGB( '', 0.119999997317791, 0.119999997317791, 0.119999997317791 );
#4069 = CARTESIAN_POINT( '', ( 0.653690869301861, 0.150414525488970, 0.00200000000000000 ) );
#4070 = VECTOR( '', #4197, 1000.00000000000 );
#4071 = COLOUR_RGB( '', 0.119999997317791, 0.119999997317791, 0.119999997317791 );
#4072 = CARTESIAN_POINT( '', ( 0.612379393892024, 0.150414525488970, 0.00200000000000000 ) );
#4073 = VECTOR( '', #4198, 1000.00000000000 );
#4074 = COLOUR_RGB( '', 0.119999997317791, 0.119999997317791, 0.119999997317791 );
#4075 = CARTESIAN_POINT( '', ( -0.887292737255517, -0.299421540084801, 0.00200000000000000 ) );
#4076 = VECTOR( '', #4199, 1000.00000000000 );
#4077 = COLOUR_RGB( '', 0.119999997317791, 0.119999997317791, 0.119999997317791 );
#4078 = COLOUR_RGB( '', 0.119999997317791, 0.119999997317791, 0.119999997317791 );
#4079 = CARTESIAN_POINT( '', ( 0.465166279137926, -0.214831376150375, 0.00200000000000000 ) );
#4080 = VECTOR( '', #4200, 1000.00000000000 );
#4081 = COLOUR_RGB( '', 0.119999997317791, 0.119999997317791, 0.119999997317791 );
#4082 = CARTESIAN_POINT( '', ( 0.921887590613336, -0.158437933527424, 0.00200000000000000 ) );
#4083 = CARTESIAN_POINT( '', ( 0.921887590613336, -0.177235747735074, 0.00200000000000000 ) );
#4084 = CARTESIAN_POINT( '', ( 0.921887590613336, -0.196033561942725, 0.00200000000000000 ) );
#4085 = CARTESIAN_POINT( '', ( 0.921887590613336, -0.214831376150375, 0.00200000000000000 ) );
#4086 = COLOUR_RGB( '', 0.119999997317791, 0.119999997317791, 0.119999997317791 );
#4087 = COLOUR_RGB( '', 0.119999997317791, 0.119999997317791, 0.119999997317791 );
#4088 = COLOUR_RGB( '', 0.119999997317791, 0.119999997317791, 0.119999997317791 );
#4089 = COLOUR_RGB( '', 0.119999997317791, 0.119999997317791, 0.119999997317791 );
#4090 = COLOUR_RGB( '', 0.119999997317791, 0.119999997317791, 0.119999997317791 );
#4091 = COLOUR_RGB( '', 0.119999997317791, 0.119999997317791, 0.119999997317791 );
#4092 = COLOUR_RGB( '', 0.119999997317791, 0.119999997317791, 0.119999997317791 );
#4093 = COLOUR_RGB( '', 0.119999997317791, 0.119999997317791, 0.119999997317791 );
#4094 = COLOUR_RGB( '', 0.119999997317791, 0.119999997317791, 0.119999997317791 );
#4095 = DIRECTION( '', ( 0.000000000000000, 0.000000000000000, -1.00000000000000 ) );
#4096 = DIRECTION( '', ( 0.000000000000000, 0.000000000000000, -1.00000000000000 ) );
#4097 = DIRECTION( '', ( 1.08420217248550E-016, -1.00000000000000, 0.000000000000000 ) );
#4098 = DIRECTION( '', ( -1.00000000000000, 0.000000000000000, 0.000000000000000 ) );
#4099 = DIRECTION( '', ( 1.44560289664734E-016, -1.00000000000000, 0.000000000000000 ) );
#4100 = DIRECTION( '', ( 1.00000000000000, 0.000000000000000, 0.000000000000000 ) );
#4101 = DIRECTION( '', ( 0.000000000000000, 0.000000000000000, -1.00000000000000 ) );
#4102 = DIRECTION( '', ( 0.000000000000000, 0.000000000000000, -1.00000000000000 ) );
#4103 = DIRECTION( '', ( 0.000000000000000, 0.000000000000000, -1.00000000000000 ) );
#4104 = DIRECTION( '', ( 0.000000000000000, 0.000000000000000, -1.00000000000000 ) );
#4105 = DIRECTION( '', ( 0.000000000000000, 0.000000000000000, -1.00000000000000 ) );
#4106 = DIRECTION( '', ( 0.000000000000000, 0.000000000000000, -1.00000000000000 ) );
#4107 = DIRECTION( '', ( 0.000000000000000, 0.000000000000000, -1.00000000000000 ) );
#4108 = DIRECTION( '', ( 0.000000000000000, 0.000000000000000, -1.00000000000000 ) );
#4109 = DIRECTION( '', ( 0.000000000000000, 0.000000000000000, -1.00000000000000 ) );
#4110 = DIRECTION( '', ( 0.000000000000000, 0.000000000000000, -1.00000000000000 ) );
#4111 = DIRECTION( '', ( 0.000000000000000, 1.00000000000000, 0.000000000000000 ) );
#4112 = DIRECTION( '', ( 0.000000000000000, 0.000000000000000, -1.00000000000000 ) );
#4113 = DIRECTION( '', ( 0.000000000000000, 1.00000000000000, 0.000000000000000 ) );
#4114 = DIRECTION( '', ( 0.000000000000000, 0.000000000000000, -1.00000000000000 ) );
#4115 = DIRECTION( '', ( 0.000000000000000, 0.000000000000000, -1.00000000000000 ) );
#4116 = DIRECTION( '', ( 0.000000000000000, 0.000000000000000, -1.00000000000000 ) );
#4117 = DIRECTION( '', ( 0.000000000000000, 0.000000000000000, -1.00000000000000 ) );
#4118 = DIRECTION( '', ( 0.000000000000000, 0.000000000000000, -1.00000000000000 ) );
#4119 = DIRECTION( '', ( 0.000000000000000, 0.000000000000000, -1.00000000000000 ) );
#4120 = DIRECTION( '', ( 0.000000000000000, 0.000000000000000, -1.00000000000000 ) );
#4121 = DIRECTION( '', ( 0.000000000000000, 0.000000000000000, -1.00000000000000 ) );
#4122 = DIRECTION( '', ( 0.000000000000000, 0.000000000000000, -1.00000000000000 ) );
#4123 = DIRECTION( '', ( 0.000000000000000, 0.000000000000000, -1.00000000000000 ) );
#4124 = DIRECTION( '', ( 0.000000000000000, 0.000000000000000, -1.00000000000000 ) );
#4125 = DIRECTION( '', ( 0.000000000000000, 0.000000000000000, -1.00000000000000 ) );
#4126 = DIRECTION( '', ( 0.000000000000000, 0.000000000000000, -1.00000000000000 ) );
#4127 = DIRECTION( '', ( 0.000000000000000, 0.000000000000000, -1.00000000000000 ) );
#4128 = DIRECTION( '', ( 0.000000000000000, 0.000000000000000, -1.00000000000000 ) );
#4129 = DIRECTION( '', ( 0.000000000000000, 0.000000000000000, -1.00000000000000 ) );
#4130 = DIRECTION( '', ( 0.000000000000000, 0.000000000000000, -1.00000000000000 ) );
#4131 = DIRECTION( '', ( 0.000000000000000, 0.000000000000000, -1.00000000000000 ) );
#4132 = DIRECTION( '', ( 0.000000000000000, 0.000000000000000, -1.00000000000000 ) );
#4133 = DIRECTION( '', ( 0.000000000000000, 0.000000000000000, -1.00000000000000 ) );
#4134 = DIRECTION( '', ( 0.000000000000000, 0.000000000000000, -1.00000000000000 ) );
#4135 = DIRECTION( '', ( 1.00000000000000, 1.80700362080917E-016, 0.000000000000000 ) );
#4136 = DIRECTION( '', ( 0.000000000000000, 0.000000000000000, 1.00000000000000 ) );
#4137 = DIRECTION( '', ( 0.000000000000000, 0.000000000000000, 1.00000000000000 ) );
#4138 = DIRECTION( '', ( -1.00000000000000, 0.000000000000000, 0.000000000000000 ) );
#4139 = DIRECTION( '', ( 0.000000000000000, 0.000000000000000, -1.00000000000000 ) );
#4140 = DIRECTION( '', ( 1.00000000000000, 0.000000000000000, 0.000000000000000 ) );
#4141 = DIRECTION( '', ( -1.00000000000000, 0.000000000000000, 0.000000000000000 ) );
#4142 = DIRECTION( '', ( 0.000000000000000, 0.000000000000000, -1.00000000000000 ) );
#4143 = DIRECTION( '', ( -1.00000000000000, 0.000000000000000, 0.000000000000000 ) );
#4144 = DIRECTION( '', ( 0.000000000000000, 0.000000000000000, -1.00000000000000 ) );
#4145 = DIRECTION( '', ( 0.000000000000000, 0.000000000000000, -1.00000000000000 ) );
#4146 = DIRECTION( '', ( 0.000000000000000, 0.000000000000000, -1.00000000000000 ) );
#4147 = DIRECTION( '', ( 0.000000000000000, 0.000000000000000, -1.00000000000000 ) );
#4148 = DIRECTION( '', ( 0.000000000000000, -1.00000000000000, 0.000000000000000 ) );
#4149 = DIRECTION( '', ( 1.00000000000000, 0.000000000000000, 0.000000000000000 ) );
#4150 = DIRECTION( '', ( 0.000000000000000, 1.00000000000000, 0.000000000000000 ) );
#4151 = DIRECTION( '', ( 0.000000000000000, -1.00000000000000, 0.000000000000000 ) );
#4152 = DIRECTION( '', ( -1.00000000000000, 0.000000000000000, 0.000000000000000 ) );
#4153 = DIRECTION( '', ( 0.000000000000000, 0.000000000000000, -1.00000000000000 ) );
#4154 = DIRECTION( '', ( 0.000000000000000, 0.000000000000000, -1.00000000000000 ) );
#4155 = DIRECTION( '', ( 0.000000000000000, 0.000000000000000, -1.00000000000000 ) );
#4156 = DIRECTION( '', ( 0.000000000000000, 0.000000000000000, -1.00000000000000 ) );
#4157 = DIRECTION( '', ( 0.000000000000000, 0.000000000000000, -1.00000000000000 ) );
#4158 = DIRECTION( '', ( 0.000000000000000, 0.000000000000000, -1.00000000000000 ) );
#4159 = DIRECTION( '', ( 0.000000000000000, 0.000000000000000, -1.00000000000000 ) );
#4160 = DIRECTION( '', ( 1.00000000000000, 0.000000000000000, 0.000000000000000 ) );
#4161 = DIRECTION( '', ( 0.000000000000000, 0.000000000000000, -1.00000000000000 ) );
#4162 = DIRECTION( '', ( 0.000000000000000, 0.000000000000000, -1.00000000000000 ) );
#4163 = DIRECTION( '', ( 0.000000000000000, 0.000000000000000, 1.00000000000000 ) );
#4164 = DIRECTION( '', ( -1.00000000000000, 0.000000000000000, 0.000000000000000 ) );
#4165 = DIRECTION( '', ( 0.000000000000000, 0.000000000000000, -1.00000000000000 ) );
#4166 = DIRECTION( '', ( 1.00000000000000, 0.000000000000000, 0.000000000000000 ) );
#4167 = DIRECTION( '', ( 0.000000000000000, 0.000000000000000, 1.00000000000000 ) );
#4168 = DIRECTION( '', ( 0.000000000000000, 0.000000000000000, -1.00000000000000 ) );
#4169 = DIRECTION( '', ( 0.000000000000000, -1.00000000000000, 0.000000000000000 ) );
#4170 = DIRECTION( '', ( 0.000000000000000, 0.000000000000000, -1.00000000000000 ) );
#4171 = DIRECTION( '', ( 0.000000000000000, 0.000000000000000, -1.00000000000000 ) );
#4172 = DIRECTION( '', ( 0.000000000000000, 1.00000000000000, 0.000000000000000 ) );
#4173 = DIRECTION( '', ( 0.000000000000000, 0.000000000000000, -1.00000000000000 ) );
#4174 = DIRECTION( '', ( 0.000000000000000, 1.00000000000000, 0.000000000000000 ) );
#4175 = DIRECTION( '', ( 0.000000000000000, 0.000000000000000, -1.00000000000000 ) );
#4176 = DIRECTION( '', ( 0.000000000000000, 0.000000000000000, -1.00000000000000 ) );
#4177 = DIRECTION( '', ( 0.000000000000000, 0.000000000000000, -1.00000000000000 ) );
#4178 = DIRECTION( '', ( 0.000000000000000, 0.000000000000000, -1.00000000000000 ) );
#4179 = DIRECTION( '', ( 1.08420217248550E-016, -1.00000000000000, 0.000000000000000 ) );
#4180 = DIRECTION( '', ( 0.000000000000000, 0.000000000000000, -1.00000000000000 ) );
#4181 = DIRECTION( '', ( 0.000000000000000, 0.000000000000000, -1.00000000000000 ) );
#4182 = DIRECTION( '', ( 0.000000000000000, 0.000000000000000, -1.00000000000000 ) );
#4183 = DIRECTION( '', ( 0.000000000000000, 0.000000000000000, -1.00000000000000 ) );
#4184 = DIRECTION( '', ( 0.000000000000000, 0.000000000000000, -1.00000000000000 ) );
#4185 = DIRECTION( '', ( 0.000000000000000, 0.000000000000000, -1.00000000000000 ) );
#4186 = DIRECTION( '', ( 0.000000000000000, 0.000000000000000, -1.00000000000000 ) );
#4187 = DIRECTION( '', ( 0.000000000000000, 0.000000000000000, -1.00000000000000 ) );
#4188 = DIRECTION( '', ( 0.000000000000000, 0.000000000000000, -1.00000000000000 ) );
#4189 = DIRECTION( '', ( 0.000000000000000, 0.000000000000000, -1.00000000000000 ) );
#4190 = DIRECTION( '', ( 0.000000000000000, 0.000000000000000, -1.00000000000000 ) );
#4191 = DIRECTION( '', ( 1.44560289664734E-016, -1.00000000000000, 0.000000000000000 ) );
#4192 = DIRECTION( '', ( 0.000000000000000, 0.000000000000000, -1.00000000000000 ) );
#4193 = DIRECTION( '', ( 0.000000000000000, 0.000000000000000, -1.00000000000000 ) );
#4194 = DIRECTION( '', ( 0.000000000000000, 0.000000000000000, -1.00000000000000 ) );
#4195 = DIRECTION( '', ( 0.000000000000000, 0.000000000000000, -1.00000000000000 ) );
#4196 = DIRECTION( '', ( 0.000000000000000, 0.000000000000000, -1.00000000000000 ) );
#4197 = DIRECTION( '', ( 0.000000000000000, 0.000000000000000, -1.00000000000000 ) );
#4198 = DIRECTION( '', ( 0.000000000000000, 0.000000000000000, -1.00000000000000 ) );
#4199 = DIRECTION( '', ( 0.000000000000000, 0.000000000000000, -1.00000000000000 ) );
#4200 = DIRECTION( '', ( 0.000000000000000, 0.000000000000000, -1.00000000000000 ) );
ENDSEC;
END-ISO-10303-21;
