ISO-10303-21;
HEADER;
FILE_DESCRIPTION (( 'STEP AP214' ),
    '1' );
FILE_NAME ('S2B-XH-A.STEP',
    '2024-02-02T09:49:58',
    ( '' ),
    ( '' ),
    'SwSTEP 2.0',
    'SolidWorks 2024',
    '' );
FILE_SCHEMA (( 'AUTOMOTIVE_DESIGN' ));
ENDSEC;

DATA;
#1 = CARTESIAN_POINT ( 'NONE',  ( 1.569999999999991624, 3.254999999999998561, 5.549999999999994493 ) ) ;
#2 = EDGE_CURVE ( 'NONE', #1368, #1948, #1336, .T. ) ;
#3 = EDGE_CURVE ( 'NONE', #2154, #1446, #689, .T. ) ;
#4 = COLOUR_RGB ( '',0.7529411764705882248, 0.7529411764705882248, 0.7529411764705882248 ) ;
#5 = VERTEX_POINT ( 'NONE', #1994 ) ;
#6 = DIRECTION ( 'NONE',  ( 3.491483361109382461E-15, -0.000000000000000000, 1.000000000000000000 ) ) ;
#7 = ORIENTED_EDGE ( 'NONE', *, *, #1106, .F. ) ;
#8 = AXIS2_PLACEMENT_3D ( 'NONE', #1853, #27, #700 ) ;
#9 = DIRECTION ( 'NONE',  ( 1.000000000000000000, 0.000000000000000000, -3.491483361109382461E-15 ) ) ;
#10 = CARTESIAN_POINT ( 'NONE',  ( 1.569999999999988738, 2.654999999999991367, -3.130000000000008331 ) ) ;
#11 = DIRECTION ( 'NONE',  ( 3.491483361109382461E-15, -0.000000000000000000, 1.000000000000000000 ) ) ;
#12 = EDGE_LOOP ( 'NONE', ( #1477, #1417, #7, #1434 ) ) ;
#13 = EDGE_CURVE ( 'NONE', #967, #1137, #158, .T. ) ;
#14 = CARTESIAN_POINT ( 'NONE',  ( -1.749999999999992450, 0.03186736870126102156, 2.050000000000006040 ) ) ;
#15 =( NAMED_UNIT ( * ) SI_UNIT ( $, .STERADIAN. ) SOLID_ANGLE_UNIT ( ) );
#16 = VERTEX_POINT ( 'NONE', #1182 ) ;
#17 = EDGE_CURVE ( 'NONE', #608, #591, #243, .T. ) ;
#18 = LINE ( 'NONE', #171, #1678 ) ;
#19 = SURFACE_STYLE_USAGE ( .BOTH. , #1681 ) ;
#20 = SURFACE_STYLE_USAGE ( .BOTH. , #1986 ) ;
#21 = ORIENTED_EDGE ( 'NONE', *, *, #2171, .F. ) ;
#22 = ORIENTED_EDGE ( 'NONE', *, *, #690, .T. ) ;
#23 = ORIENTED_EDGE ( 'NONE', *, *, #332, .F. ) ;
#24 = FILL_AREA_STYLE_COLOUR ( '', #1207 ) ;
#25 = STYLED_ITEM ( 'NONE', ( #1213 ), #1550 ) ;
#26 = CARTESIAN_POINT ( 'NONE',  ( 2.850000000000009859, 5.124999999999998224, 5.749999999999986677 ) ) ;
#27 = DIRECTION ( 'NONE',  ( -3.747993906249292199E-31, 1.000000000000000000, -1.073467497510400859E-16 ) ) ;
#28 = DIRECTION ( 'NONE',  ( 1.000000000000000000, 0.000000000000000000, -3.491483361109382066E-15 ) ) ;
#29 = VECTOR ( 'NONE', #393, 1000.000000000000000 ) ;
#30 = ORIENTED_EDGE ( 'NONE', *, *, #555, .F. ) ;
#31 = ORIENTED_EDGE ( 'NONE', *, *, #86, .T. ) ;
#32 = SURFACE_STYLE_USAGE ( .BOTH. , #203 ) ;
#33 = VECTOR ( 'NONE', #658, 1000.000000000000000 ) ;
#34 = DIRECTION ( 'NONE',  ( 9.796694536410330951E-32, 1.000000000000000000, 2.805883208705177183E-17 ) ) ;
#35 =( LENGTH_UNIT ( ) NAMED_UNIT ( * ) SI_UNIT ( .MILLI., .METRE. ) );
#36 = AXIS2_PLACEMENT_3D ( 'NONE', #373, #38, #1043 ) ;
#37 = CIRCLE ( 'NONE', #281, 1.240000000000003322 ) ;
#38 = DIRECTION ( 'NONE',  ( -1.000000000000000000, -0.000000000000000000, 3.491483361109382066E-15 ) ) ;
#39 = FILL_AREA_STYLE ('',( #879 ) ) ;
#40 = FILL_AREA_STYLE_COLOUR ( '', #1777 ) ;
#41 = ADVANCED_FACE ( 'NONE', ( #1421 ), #1926, .T. ) ;
#42 = EDGE_LOOP ( 'NONE', ( #296, #2095, #1111, #1067 ) ) ;
#43 =( NAMED_UNIT ( * ) SI_UNIT ( $, .STERADIAN. ) SOLID_ANGLE_UNIT ( ) );
#44 = PRESENTATION_STYLE_ASSIGNMENT (( #864 ) ) ;
#45 = ADVANCED_FACE ( 'NONE', ( #1728 ), #573, .T. ) ;
#46 = CARTESIAN_POINT ( 'NONE',  ( 0.9299999999999887246, 2.654999999999991367, -3.130000000000005667 ) ) ;
#47 =( NAMED_UNIT ( * ) SI_UNIT ( $, .STERADIAN. ) SOLID_ANGLE_UNIT ( ) );
#48 = ORIENTED_EDGE ( 'NONE', *, *, #1983, .F. ) ;
#49 = LINE ( 'NONE', #726, #1637 ) ;
#50 = VECTOR ( 'NONE', #1935, 1000.000000000000000 ) ;
#51 = LINE ( 'NONE', #1032, #826 ) ;
#52 = EDGE_LOOP ( 'NONE', ( #1408, #186, #1117, #1267 ) ) ;
#53 = FILL_AREA_STYLE_COLOUR ( '', #742 ) ;
#54 = CARTESIAN_POINT ( 'NONE',  ( -2.849999999999992095, 5.124999999999998224, 2.650000000000011902 ) ) ;
#55 = DIRECTION ( 'NONE',  ( 1.000000000000000000, -9.796694536410330951E-32, -2.748838070052749543E-48 ) ) ;
#56 = SURFACE_STYLE_FILL_AREA ( #185 ) ;
#57 = VERTEX_POINT ( 'NONE', #1412 ) ;
#58 = ADVANCED_FACE ( 'NONE', ( #409 ), #1547, .T. ) ;
#59 = COLOUR_RGB ( '',0.7529411764705882248, 0.7529411764705882248, 0.7529411764705882248 ) ;
#60 = UNCERTAINTY_MEASURE_WITH_UNIT (LENGTH_MEASURE( 1.000000000000000082E-05 ), #2093, 'distance_accuracy_value', 'NONE');
#61 = ORIENTED_EDGE ( 'NONE', *, *, #288, .T. ) ;
#62 = AXIS2_PLACEMENT_3D ( 'NONE', #166, #1330, #1999 ) ;
#63 =( GEOMETRIC_REPRESENTATION_CONTEXT ( 3 ) GLOBAL_UNCERTAINTY_ASSIGNED_CONTEXT ( ( #1744 ) ) GLOBAL_UNIT_ASSIGNED_CONTEXT ( ( #1329, #682, #1812 ) ) REPRESENTATION_CONTEXT ( 'NONE', 'WORKASPACE' ) );
#64 = FILL_AREA_STYLE ('',( #1516 ) ) ;
#65 = CARTESIAN_POINT ( 'NONE',  ( 1.569999999999986962, 2.654999999999991367, -3.770000000000011564 ) ) ;
#66 = PRESENTATION_LAYER_ASSIGNMENT (  '', '', ( #1677 ) ) ;
#67 = VECTOR ( 'NONE', #1071, 1000.000000000000000 ) ;
#68 = VECTOR ( 'NONE', #659, 1000.000000000000000 ) ;
#69 = ORIENTED_EDGE ( 'NONE', *, *, #1141, .T. ) ;
#70 = LINE ( 'NONE', #1059, #1599 ) ;
#71 = DIRECTION ( 'NONE',  ( 0.000000000000000000, 1.073467497510400859E-16, 1.000000000000000000 ) ) ;
#72 = ORIENTED_EDGE ( 'NONE', *, *, #619, .F. ) ;
#73 = EDGE_CURVE ( 'NONE', #647, #1684, #1758, .T. ) ;
#74 = SURFACE_STYLE_USAGE ( .BOTH. , #720 ) ;
#75 = SURFACE_SIDE_STYLE ('',( #2128 ) ) ;
#76 = ORIENTED_EDGE ( 'NONE', *, *, #1911, .T. ) ;
#77 = MECHANICAL_DESIGN_GEOMETRIC_PRESENTATION_REPRESENTATION (  '', ( #1211 ), #1319 ) ;
#78 = DIRECTION ( 'NONE',  ( 3.491483361109382461E-15, 0.000000000000000000, 1.000000000000000000 ) ) ;
#79 = SURFACE_STYLE_FILL_AREA ( #417 ) ;
#80 = ORIENTED_EDGE ( 'NONE', *, *, #1400, .F. ) ;
#81 =( LENGTH_UNIT ( ) NAMED_UNIT ( * ) SI_UNIT ( .MILLI., .METRE. ) );
#82 = EDGE_LOOP ( 'NONE', ( #1519, #2054, #1458, #1317 ) ) ;
#83 = VECTOR ( 'NONE', #212, 1000.000000000000000 ) ;
#84 = LINE ( 'NONE', #2134, #1507 ) ;
#85 = EDGE_CURVE ( 'NONE', #57, #1847, #1277, .T. ) ;
#86 = EDGE_CURVE ( 'NONE', #1770, #503, #632, .T. ) ;
#87 = PRESENTATION_STYLE_ASSIGNMENT (( #1122 ) ) ;
#88 = DIRECTION ( 'NONE',  ( -0.000000000000000000, 2.805883208705177183E-17, -1.000000000000000000 ) ) ;
#89 = CARTESIAN_POINT ( 'NONE',  ( -3.699999999999980638, 0.000000000000000000, 5.750000000000013323 ) ) ;
#90 = ORIENTED_EDGE ( 'NONE', *, *, #1523, .T. ) ;
#91 = FACE_OUTER_BOUND ( 'NONE', #293, .T. ) ;
#92 = DIRECTION ( 'NONE',  ( 0.000000000000000000, 0.000000000000000000, 1.000000000000000000 ) ) ;
#93 =( NAMED_UNIT ( * ) SI_UNIT ( $, .STERADIAN. ) SOLID_ANGLE_UNIT ( ) );
#94 = VECTOR ( 'NONE', #2023, 1000.000000000000000 ) ;
#95 = VERTEX_POINT ( 'NONE', #255 ) ;
#96 = STYLED_ITEM ( 'NONE', ( #87 ), #516 ) ;
#97 = VERTEX_POINT ( 'NONE', #962 ) ;
#98 = EDGE_CURVE ( 'NONE', #5, #196, #778, .T. ) ;
#99 = VECTOR ( 'NONE', #627, 1000.000000000000000 ) ;
#100 = CARTESIAN_POINT ( 'NONE',  ( 3.700000000000020606, 5.124999999999998224, 1.049999999999990274 ) ) ;
#101 = DIRECTION ( 'NONE',  ( -3.491483361109382461E-15, 0.000000000000000000, -1.000000000000000000 ) ) ;
#102 = EDGE_CURVE ( 'NONE', #2107, #1403, #1300, .T. ) ;
#103 = FACE_OUTER_BOUND ( 'NONE', #134, .T. ) ;
#104 = LINE ( 'NONE', #1751, #277 ) ;
#105 = DIRECTION ( 'NONE',  ( 0.000000000000000000, 1.000000000000000000, 0.000000000000000000 ) ) ;
#106 = AXIS2_PLACEMENT_3D ( 'NONE', #610, #1928, #1108 ) ;
#107 = EDGE_LOOP ( 'NONE', ( #474, #345, #80, #1685 ) ) ;
#108 = VECTOR ( 'NONE', #1997, 1000.000000000000000 ) ;
#109 = PLANE ( 'NONE',  #699 ) ;
#110 = ADVANCED_FACE ( 'NONE', ( #937 ), #2108, .F. ) ;
#111 = UNCERTAINTY_MEASURE_WITH_UNIT (LENGTH_MEASURE( 1.000000000000000082E-05 ), #785, 'distance_accuracy_value', 'NONE');
#112 = DIRECTION ( 'NONE',  ( -1.000000000000000000, -3.747993906249292199E-31, 4.023349639225659456E-47 ) ) ;
#113 = VERTEX_POINT ( 'NONE', #241 ) ;
#114 = EDGE_LOOP ( 'NONE', ( #1573, #1530, #871, #973, #1028, #1586, #824, #971 ) ) ;
#115 = FILL_AREA_STYLE ('',( #275 ) ) ;
#116 = DIRECTION ( 'NONE',  ( 0.000000000000000000, -1.000000000000000000, 0.000000000000000000 ) ) ;
#117 = DIRECTION ( 'NONE',  ( -3.497426362856456641E-15, 1.049227908856937032E-14, -1.000000000000000000 ) ) ;
#118 = LINE ( 'NONE', #2100, #2003 ) ;
#119 = FACE_OUTER_BOUND ( 'NONE', #226, .T. ) ;
#120 = CARTESIAN_POINT ( 'NONE',  ( 0.9299999999999959410, 5.950000000000000178, -1.250000000000006661 ) ) ;
#121 = EDGE_LOOP ( 'NONE', ( #1993, #1276, #1625, #403 ) ) ;
#122 = DIRECTION ( 'NONE',  ( 1.000000000000000000, 0.000000000000000000, -3.491483361109382066E-15 ) ) ;
#123 = ORIENTED_EDGE ( 'NONE', *, *, #160, .F. ) ;
#124 = CARTESIAN_POINT ( 'NONE',  ( 2.799999999999996714, 0.2499999999999992506, -1.250000000000008438 ) ) ;
#125 = CARTESIAN_POINT ( 'NONE',  ( -0.9299999999999963851, 3.895000000000001350, 1.050000000000003597 ) ) ;
#126 = LINE ( 'NONE', #1449, #209 ) ;
#127 = DIRECTION ( 'NONE',  ( -3.491483361109382461E-15, 1.281735474569444829E-14, -1.000000000000000000 ) ) ;
#128 = EDGE_CURVE ( 'NONE', #1294, #821, #439, .T. ) ;
#129 = PRESENTATION_STYLE_ASSIGNMENT (( #1146 ) ) ;
#130 = ORIENTED_EDGE ( 'NONE', *, *, #1189, .F. ) ;
#131 = UNCERTAINTY_MEASURE_WITH_UNIT (LENGTH_MEASURE( 1.000000000000000082E-05 ), #81, 'distance_accuracy_value', 'NONE');
#132 = EDGE_CURVE ( 'NONE', #938, #603, #2083, .T. ) ;
#133 = DIRECTION ( 'NONE',  ( 1.000000000000000000, 0.000000000000000000, -3.491483361109382066E-15 ) ) ;
#134 = EDGE_LOOP ( 'NONE', ( #1555, #764, #2109, #135 ) ) ;
#135 = ORIENTED_EDGE ( 'NONE', *, *, #1009, .F. ) ;
#136 = DIRECTION ( 'NONE',  ( -3.491483361109382461E-15, 0.000000000000000000, -1.000000000000000000 ) ) ;
#137 = ORIENTED_EDGE ( 'NONE', *, *, #381, .F. ) ;
#138 = AXIS2_PLACEMENT_3D ( 'NONE', #224, #1556, #233 ) ;
#139 = EDGE_CURVE ( 'NONE', #771, #426, #283, .T. ) ;
#140 = DIRECTION ( 'NONE',  ( -0.000000000000000000, 0.000000000000000000, -1.000000000000000000 ) ) ;
#141 = DIRECTION ( 'NONE',  ( 1.000000000000000000, 3.747993906249292199E-31, -4.023349639225659456E-47 ) ) ;
#142 = DIRECTION ( 'NONE',  ( 3.004629197474317668E-15, 0.5000000000000013323, 0.8660254037844380415 ) ) ;
#143 = VECTOR ( 'NONE', #1350, 1000.000000000000000 ) ;
#144 = ORIENTED_EDGE ( 'NONE', *, *, #558, .T. ) ;
#145 = CARTESIAN_POINT ( 'NONE',  ( -3.699999999999990408, 1.301042606982605321E-15, 2.650000000000015010 ) ) ;
#146 = VERTEX_POINT ( 'NONE', #934 ) ;
#147 = ORIENTED_EDGE ( 'NONE', *, *, #953, .F. ) ;
#148 = FACE_OUTER_BOUND ( 'NONE', #42, .T. ) ;
#149 = LINE ( 'NONE', #1956, #1265 ) ;
#150 = FILL_AREA_STYLE ('',( #1998 ) ) ;
#151 = SURFACE_SIDE_STYLE ('',( #335 ) ) ;
#152 = FACE_OUTER_BOUND ( 'NONE', #695, .T. ) ;
#153 = PRESENTATION_LAYER_ASSIGNMENT (  '', '', ( #1480 ) ) ;
#154 = ORIENTED_EDGE ( 'NONE', *, *, #2113, .T. ) ;
#155 = UNCERTAINTY_MEASURE_WITH_UNIT (LENGTH_MEASURE( 1.000000000000000082E-05 ), #1362, 'distance_accuracy_value', 'NONE');
#156 = CARTESIAN_POINT ( 'NONE',  ( 3.699999999999995737, 3.254999999999998117, -1.250000000000016431 ) ) ;
#157 = LINE ( 'NONE', #361, #1534 ) ;
#158 = LINE ( 'NONE', #1505, #2141 ) ;
#159 = VECTOR ( 'NONE', #1664, 1000.000000000000000 ) ;
#160 = EDGE_CURVE ( 'NONE', #1927, #832, #2091, .T. ) ;
#161 = ADVANCED_FACE ( 'NONE', ( #1769 ), #406, .F. ) ;
#162 = CARTESIAN_POINT ( 'NONE',  ( -3.699999999999982414, 5.124999999999999112, 5.750000000000014211 ) ) ;
#163 =( NAMED_UNIT ( * ) SI_UNIT ( $, .STERADIAN. ) SOLID_ANGLE_UNIT ( ) );
#164 = STYLED_ITEM ( 'NONE', ( #923 ), #161 ) ;
#165 = EDGE_CURVE ( 'NONE', #440, #924, #752, .T. ) ;
#166 = CARTESIAN_POINT ( 'NONE',  ( 3.700000000000020606, 5.124999999999998224, 5.749999999999986677 ) ) ;
#167 = VERTEX_POINT ( 'NONE', #1419 ) ;
#168 = DIRECTION ( 'NONE',  ( -0.000000000000000000, 0.000000000000000000, 1.000000000000000000 ) ) ;
#169 = CARTESIAN_POINT ( 'NONE',  ( -0.9299999999999805089, 2.654999999999991367, 5.550000000000007816 ) ) ;
#170 = EDGE_LOOP ( 'NONE', ( #1501, #297, #1436, #1332 ) ) ;
#171 = CARTESIAN_POINT ( 'NONE',  ( 3.700000000000009504, 4.124999999999998224, 2.649999999999988365 ) ) ;
#172 = EDGE_CURVE ( 'NONE', #1816, #549, #267, .T. ) ;
#173 = CARTESIAN_POINT ( 'NONE',  ( 1.569999999999988738, 3.895000000000001350, -3.130000000000008331 ) ) ;
#174 = FACE_OUTER_BOUND ( 'NONE', #2021, .T. ) ;
#175 = STYLED_ITEM ( 'NONE', ( #435 ), #1239 ) ;
#176 = ORIENTED_EDGE ( 'NONE', *, *, #1523, .F. ) ;
#177 = EDGE_CURVE ( 'NONE', #1909, #1221, #2118, .T. ) ;
#178 = CARTESIAN_POINT ( 'NONE',  ( -0.9300000000000104849, 2.654999999999997584, -3.129999999999999893 ) ) ;
#179 = CARTESIAN_POINT ( 'NONE',  ( -0.9300000000000127054, 2.654999999999991367, -3.770000000000003570 ) ) ;
#180 = VECTOR ( 'NONE', #1256, 1000.000000000000000 ) ;
#181 = ORIENTED_EDGE ( 'NONE', *, *, #1648, .T. ) ;
#182 =( GEOMETRIC_REPRESENTATION_CONTEXT ( 3 ) GLOBAL_UNCERTAINTY_ASSIGNED_CONTEXT ( ( #1976 ) ) GLOBAL_UNIT_ASSIGNED_CONTEXT ( ( #1196, #1695, #47 ) ) REPRESENTATION_CONTEXT ( 'NONE', 'WORKASPACE' ) );
#183 = FACE_OUTER_BOUND ( 'NONE', #82, .T. ) ;
#184 = FACE_OUTER_BOUND ( 'NONE', #791, .T. ) ;
#185 = FILL_AREA_STYLE ('',( #1683 ) ) ;
#186 = ORIENTED_EDGE ( 'NONE', *, *, #887, .F. ) ;
#187 = ORIENTED_EDGE ( 'NONE', *, *, #1562, .T. ) ;
#188 = VERTEX_POINT ( 'NONE', #1755 ) ;
#189 = SURFACE_SIDE_STYLE ('',( #1532 ) ) ;
#190 = LINE ( 'NONE', #863, #2063 ) ;
#191 = PRODUCT_DEFINITION_SHAPE ( 'NONE', 'NONE',  #1748 ) ;
#192 = DIRECTION ( 'NONE',  ( 1.000000000000000000, 0.000000000000000000, -3.491483361109382461E-15 ) ) ;
#193 = LINE ( 'NONE', #2078, #579 ) ;
#194 = DIRECTION ( 'NONE',  ( -3.614007241618349165E-15, 0.000000000000000000, -1.000000000000000000 ) ) ;
#195 = VERTEX_POINT ( 'NONE', #800 ) ;
#196 = VERTEX_POINT ( 'NONE', #1253 ) ;
#197 = EDGE_CURVE ( 'NONE', #608, #113, #447, .T. ) ;
#198 = PLANE ( 'NONE',  #268 ) ;
#199 = FILL_AREA_STYLE ('',( #1234 ) ) ;
#200 = CARTESIAN_POINT ( 'NONE',  ( 1.750000000000007105, 0.03186736870126102156, 2.049999999999994049 ) ) ;
#201 = PLANE ( 'NONE',  #1154 ) ;
#202 = AXIS2_PLACEMENT_3D ( 'NONE', #512, #6, #679 ) ;
#203 = SURFACE_SIDE_STYLE ('',( #1705 ) ) ;
#204 = AXIS2_PLACEMENT_3D ( 'NONE', #1908, #568, #1739 ) ;
#205 = VERTEX_POINT ( 'NONE', #1785 ) ;
#206 = VECTOR ( 'NONE', #2137, 1000.000000000000000 ) ;
#207 = PLANE ( 'NONE',  #1610 ) ;
#208 = DIRECTION ( 'NONE',  ( 0.000000000000000000, -0.000000000000000000, -1.000000000000000000 ) ) ;
#209 = VECTOR ( 'NONE', #1461, 1000.000000000000000 ) ;
#210 = COLOUR_RGB ( '',0.7529411764705882248, 0.7529411764705882248, 0.7529411764705882248 ) ;
#211 = VECTOR ( 'NONE', #300, 1000.000000000000000 ) ;
#212 = DIRECTION ( 'NONE',  ( -1.000000000000000000, -0.000000000000000000, 0.000000000000000000 ) ) ;
#213 = EDGE_LOOP ( 'NONE', ( #61, #1884, #1857, #776 ) ) ;
#214 = LINE ( 'NONE', #1893, #29 ) ;
#215 = FILL_AREA_STYLE ('',( #717 ) ) ;
#216 = VERTEX_POINT ( 'NONE', #1622 ) ;
#217 = EDGE_CURVE ( 'NONE', #1446, #1909, #1596, .T. ) ;
#218 = LINE ( 'NONE', #236, #1962 ) ;
#219 = DIRECTION ( 'NONE',  ( -3.491483361109382461E-15, 0.000000000000000000, -1.000000000000000000 ) ) ;
#220 = EDGE_CURVE ( 'NONE', #1221, #146, #1101, .T. ) ;
#221 = EDGE_CURVE ( 'NONE', #1152, #1821, #2106, .T. ) ;
#222 =( NAMED_UNIT ( * ) SI_UNIT ( $, .STERADIAN. ) SOLID_ANGLE_UNIT ( ) );
#223 = ORIENTED_EDGE ( 'NONE', *, *, #499, .F. ) ;
#224 = CARTESIAN_POINT ( 'NONE',  ( 3.700000000000020606, 5.124999999999998224, 5.749999999999986677 ) ) ;
#225 =( NAMED_UNIT ( * ) PLANE_ANGLE_UNIT ( ) SI_UNIT ( $, .RADIAN. ) );
#226 = EDGE_LOOP ( 'NONE', ( #1254, #1933, #705, #789 ) ) ;
#227 = FILL_AREA_STYLE ('',( #2055 ) ) ;
#228 = DIRECTION ( 'NONE',  ( -1.000000000000000000, 0.000000000000000000, 3.491483361109382461E-15 ) ) ;
#229 = CARTESIAN_POINT ( 'NONE',  ( -2.849999999999996092, 1.024999999999999023, 1.050000000000009148 ) ) ;
#230 = LINE ( 'NONE', #807, #1602 ) ;
#231 = ORIENTED_EDGE ( 'NONE', *, *, #544, .F. ) ;
#232 = APPLICATION_CONTEXT ( 'automotive_design' ) ;
#233 = DIRECTION ( 'NONE',  ( -1.000000000000000000, 0.000000000000000000, 3.491483361109382461E-15 ) ) ;
#234 = ORIENTED_EDGE ( 'NONE', *, *, #1689, .F. ) ;
#235 = VECTOR ( 'NONE', #943, 1000.000000000000000 ) ;
#236 = CARTESIAN_POINT ( 'NONE',  ( -2.849999999999980549, 0.000000000000000000, 5.750000000000009770 ) ) ;
#237 = FILL_AREA_STYLE ('',( #782 ) ) ;
#238 = LINE ( 'NONE', #1258, #877 ) ;
#239 = VERTEX_POINT ( 'NONE', #178 ) ;
#240 = LINE ( 'NONE', #1718, #1393 ) ;
#241 = CARTESIAN_POINT ( 'NONE',  ( -3.699999999999998401, 5.950000000000000178, -1.249999999999990674 ) ) ;
#242 = VERTEX_POINT ( 'NONE', #1324 ) ;
#243 = LINE ( 'NONE', #1093, #67 ) ;
#244 = CARTESIAN_POINT ( 'NONE',  ( -1.569999999999996509, 2.654999999999991367, 1.050000000000004485 ) ) ;
#245 = CARTESIAN_POINT ( 'NONE',  ( 1.569999999999988738, 2.654999999999991367, -3.130000000000008331 ) ) ;
#246 = DIRECTION ( 'NONE',  ( 0.000000000000000000, -0.000000000000000000, 1.000000000000000000 ) ) ;
#247 = DIRECTION ( 'NONE',  ( -1.000000000000000000, -0.000000000000000000, -0.000000000000000000 ) ) ;
#248 = CARTESIAN_POINT ( 'NONE',  ( 2.850000000000009859, 5.124999999999998224, 2.649999999999990141 ) ) ;
#249 = ORIENTED_EDGE ( 'NONE', *, *, #128, .T. ) ;
#250 = STYLED_ITEM ( 'NONE', ( #533 ), #401 ) ;
#251 = CARTESIAN_POINT ( 'NONE',  ( -3.700000000000019718, 1.301042606982605321E-15, -5.749999999999985789 ) ) ;
#252 = SHAPE_DEFINITION_REPRESENTATION ( #191, #1235 ) ;
#253 = CARTESIAN_POINT ( 'NONE',  ( 0.9300000000000199218, 3.895000000000001794, 5.550000000000001599 ) ) ;
#254 = EDGE_LOOP ( 'NONE', ( #1266, #1756, #392, #1848 ) ) ;
#255 = CARTESIAN_POINT ( 'NONE',  ( 2.850000000000012079, 4.124999999999998224, 2.649999999999991473 ) ) ;
#256 = VECTOR ( 'NONE', #1745, 1000.000000000000000 ) ;
#257 = ORIENTED_EDGE ( 'NONE', *, *, #878, .F. ) ;
#258 = AXIS2_PLACEMENT_3D ( 'NONE', #1693, #733, #1570 ) ;
#259 = CARTESIAN_POINT ( 'NONE',  ( -2.799999999999997602, 0.2499999999999996392, -1.249999999999993783 ) ) ;
#260 = ADVANCED_FACE ( 'NONE', ( #1172 ), #663, .T. ) ;
#261 = SURFACE_STYLE_FILL_AREA ( #1589 ) ;
#262 = PLANE ( 'NONE',  #455 ) ;
#263 = CARTESIAN_POINT ( 'NONE',  ( 0.9299999999999865041, 2.654999999999991367, -3.770000000000008900 ) ) ;
#264 = ORIENTED_EDGE ( 'NONE', *, *, #1496, .T. ) ;
#265 = SURFACE_STYLE_FILL_AREA ( #966 ) ;
#266 =( GEOMETRIC_REPRESENTATION_CONTEXT ( 3 ) GLOBAL_UNCERTAINTY_ASSIGNED_CONTEXT ( ( #642 ) ) GLOBAL_UNIT_ASSIGNED_CONTEXT ( ( #1747, #1914, #1316 ) ) REPRESENTATION_CONTEXT ( 'NONE', 'WORKASPACE' ) );
#267 = LINE ( 'NONE', #120, #657 ) ;
#268 = AXIS2_PLACEMENT_3D ( 'NONE', #1007, #319, #2002 ) ;
#269 = ORIENTED_EDGE ( 'NONE', *, *, #1364, .T. ) ;
#270 = EDGE_CURVE ( 'NONE', #771, #359, #1798, .T. ) ;
#271 = SURFACE_SIDE_STYLE ('',( #2146 ) ) ;
#272 = VECTOR ( 'NONE', #1942, 1000.000000000000000 ) ;
#273 = ORIENTED_EDGE ( 'NONE', *, *, #953, .T. ) ;
#274 = VECTOR ( 'NONE', #1476, 1000.000000000000114 ) ;
#275 = FILL_AREA_STYLE_COLOUR ( '', #210 ) ;
#276 = CARTESIAN_POINT ( 'NONE',  ( 3.700000000000009504, 4.124999999999998224, 2.649999999999988365 ) ) ;
#277 = VECTOR ( 'NONE', #247, 1000.000000000000000 ) ;
#278 = PLANE ( 'NONE',  #947 ) ;
#279 = CARTESIAN_POINT ( 'NONE',  ( 3.699999999999980194, 1.301042606982605321E-15, -5.750000000000014211 ) ) ;
#280 = AXIS2_PLACEMENT_3D ( 'NONE', #1868, #34, #1050 ) ;
#281 = AXIS2_PLACEMENT_3D ( 'NONE', #670, #637, #117 ) ;
#282 = ORIENTED_EDGE ( 'NONE', *, *, #484, .F. ) ;
#283 = LINE ( 'NONE', #1115, #1840 ) ;
#284 = VERTEX_POINT ( 'NONE', #1673 ) ;
#285 = DIRECTION ( 'NONE',  ( 0.000000000000000000, 1.073467497510400859E-16, 1.000000000000000000 ) ) ;
#286 = ORIENTED_EDGE ( 'NONE', *, *, #1174, .T. ) ;
#287 = PLANE ( 'NONE',  #106 ) ;
#288 = EDGE_CURVE ( 'NONE', #1286, #967, #1006, .T. ) ;
#289 = CARTESIAN_POINT ( 'NONE',  ( -0.9300000000000109290, 3.895000000000000906, -3.129999999999999449 ) ) ;
#290 = SURFACE_STYLE_USAGE ( .BOTH. , #2114 ) ;
#291 =( NAMED_UNIT ( * ) PLANE_ANGLE_UNIT ( ) SI_UNIT ( $, .RADIAN. ) );
#292 = DIRECTION ( 'NONE',  ( -1.000000000000000000, 0.000000000000000000, 3.491483361109382461E-15 ) ) ;
#293 = EDGE_LOOP ( 'NONE', ( #1452, #801, #1192, #1314, #2164, #890, #368, #1597 ) ) ;
#294 = EDGE_CURVE ( 'NONE', #1272, #442, #654, .T. ) ;
#295 = ORIENTED_EDGE ( 'NONE', *, *, #1907, .F. ) ;
#296 = ORIENTED_EDGE ( 'NONE', *, *, #1454, .F. ) ;
#297 = ORIENTED_EDGE ( 'NONE', *, *, #85, .T. ) ;
#298 = CARTESIAN_POINT ( 'NONE',  ( 0.9300000000000041567, 3.254999999999998117, -2.530000000000006466 ) ) ;
#299 = VECTOR ( 'NONE', #11, 1000.000000000000000 ) ;
#300 = DIRECTION ( 'NONE',  ( 0.000000000000000000, 1.000000000000000000, 0.000000000000000000 ) ) ;
#301 = DIRECTION ( 'NONE',  ( 1.000000000000000000, 0.000000000000000000, -3.491483361109382066E-15 ) ) ;
#302 = PLANE ( 'NONE',  #380 ) ;
#303 = CARTESIAN_POINT ( 'NONE',  ( -2.849999999999996092, 5.124999999999998224, 1.050000000000010925 ) ) ;
#304 = UNCERTAINTY_MEASURE_WITH_UNIT (LENGTH_MEASURE( 1.000000000000000082E-05 ), #1849, 'distance_accuracy_value', 'NONE');
#305 =( NAMED_UNIT ( * ) PLANE_ANGLE_UNIT ( ) SI_UNIT ( $, .RADIAN. ) );
#306 = ORIENTED_EDGE ( 'NONE', *, *, #1689, .T. ) ;
#307 = ORIENTED_EDGE ( 'NONE', *, *, #1053, .F. ) ;
#308 = VERTEX_POINT ( 'NONE', #496 ) ;
#309 = CIRCLE ( 'NONE', #586, 0.5999999999999998668 ) ;
#310 = AXIS2_PLACEMENT_3D ( 'NONE', #469, #1795, #1271 ) ;
#311 = CARTESIAN_POINT ( 'NONE',  ( -1.250000000000010436, 2.654999999999997584, -3.129999999999999005 ) ) ;
#312 = DIRECTION ( 'NONE',  ( -3.433306879537431628E-15, 0.000000000000000000, -1.000000000000000000 ) ) ;
#313 = LINE ( 'NONE', #660, #1356 ) ;
#314 = CARTESIAN_POINT ( 'NONE',  ( -1.570000000000011164, -3.399999999999999023, -3.129999999999997229 ) ) ;
#315 = STYLED_ITEM ( 'NONE', ( #1703 ), #1843 ) ;
#316 = VECTOR ( 'NONE', #1177, 1000.000000000000000 ) ;
#317 = ORIENTED_EDGE ( 'NONE', *, *, #1310, .F. ) ;
#318 = PLANE ( 'NONE',  #2046 ) ;
#319 = DIRECTION ( 'NONE',  ( -1.000000000000000000, 0.000000000000000000, 3.374272315435273607E-15 ) ) ;
#320 = ORIENTED_EDGE ( 'NONE', *, *, #1387, .T. ) ;
#321 = EDGE_CURVE ( 'NONE', #706, #1632, #1977, .T. ) ;
#322 = ADVANCED_FACE ( 'NONE', ( #1631 ), #318, .T. ) ;
#323 = CARTESIAN_POINT ( 'NONE',  ( -1.749999999999979350, 5.124999999999998224, 5.750000000000008882 ) ) ;
#324 = EDGE_CURVE ( 'NONE', #1446, #1672, #1512, .T. ) ;
#325 = CARTESIAN_POINT ( 'NONE',  ( -3.699999999999980194, 5.950000000000000178, 5.750000000000012434 ) ) ;
#326 = FILL_AREA_STYLE_COLOUR ( '', #383 ) ;
#327 = ORIENTED_EDGE ( 'NONE', *, *, #1661, .F. ) ;
#328 = DIRECTION ( 'NONE',  ( 1.000000000000000000, 0.000000000000000000, 0.000000000000000000 ) ) ;
#329 = PLANE ( 'NONE',  #1051 ) ;
#330 = EDGE_CURVE ( 'NONE', #1137, #1250, #842, .T. ) ;
#331 = ORIENTED_EDGE ( 'NONE', *, *, #1335, .F. ) ;
#332 = EDGE_CURVE ( 'NONE', #359, #1368, #1654, .T. ) ;
#333 = DIRECTION ( 'NONE',  ( -1.000000000000000000, 0.000000000000000000, 3.491483361109382461E-15 ) ) ;
#334 = CARTESIAN_POINT ( 'NONE',  ( 0.9299999999999909450, 2.654999999999997584, -2.530000000000004690 ) ) ;
#335 = SURFACE_STYLE_FILL_AREA ( #839 ) ;
#336 = COLOUR_RGB ( '',0.7529411764705882248, 0.7529411764705882248, 0.7529411764705882248 ) ;
#337 = ORIENTED_EDGE ( 'NONE', *, *, #324, .T. ) ;
#338 = LINE ( 'NONE', #1016, #1107 ) ;
#339 = VERTEX_POINT ( 'NONE', #833 ) ;
#340 = VECTOR ( 'NONE', #136, 1000.000000000000000 ) ;
#341 =( NAMED_UNIT ( * ) PLANE_ANGLE_UNIT ( ) SI_UNIT ( $, .RADIAN. ) );
#342 = CARTESIAN_POINT ( 'NONE',  ( 1.570000000000019158, 2.654999999999991367, 5.549999999999998934 ) ) ;
#343 = SURFACE_STYLE_USAGE ( .BOTH. , #858 ) ;
#344 = ORIENTED_EDGE ( 'NONE', *, *, #1344, .F. ) ;
#345 = ORIENTED_EDGE ( 'NONE', *, *, #2152, .T. ) ;
#346 = ORIENTED_EDGE ( 'NONE', *, *, #2145, .T. ) ;
#347 = FACE_OUTER_BOUND ( 'NONE', #2000, .T. ) ;
#348 = CARTESIAN_POINT ( 'NONE',  ( -2.849999999999996536, 5.124999999999998224, 1.050000000000005818 ) ) ;
#349 = AXIS2_PLACEMENT_3D ( 'NONE', #1270, #1931, #434 ) ;
#350 = VECTOR ( 'NONE', #623, 1000.000000000000000 ) ;
#351 = PRESENTATION_LAYER_ASSIGNMENT (  '', '', ( #852 ) ) ;
#352 =( NAMED_UNIT ( * ) PLANE_ANGLE_UNIT ( ) SI_UNIT ( $, .RADIAN. ) );
#353 = CARTESIAN_POINT ( 'NONE',  ( -3.699999999999990408, 5.124999999999998224, 5.749999999999986677 ) ) ;
#354 =( LENGTH_UNIT ( ) NAMED_UNIT ( * ) SI_UNIT ( .MILLI., .METRE. ) );
#355 = PLANE ( 'NONE',  #258 ) ;
#356 = EDGE_CURVE ( 'NONE', #1821, #113, #2001, .T. ) ;
#357 = DIRECTION ( 'NONE',  ( 0.000000000000000000, -1.000000000000000000, 0.000000000000000000 ) ) ;
#358 = VERTEX_POINT ( 'NONE', #1502 ) ;
#359 = VERTEX_POINT ( 'NONE', #678 ) ;
#360 = PLANE ( 'NONE',  #1657 ) ;
#361 = CARTESIAN_POINT ( 'NONE',  ( 0.9300000000000191447, 2.654999999999991367, 5.549999999999992717 ) ) ;
#362 = CARTESIAN_POINT ( 'NONE',  ( -2.849999999999996092, 3.254999999999998561, 1.050000000000010036 ) ) ;
#363 = LINE ( 'NONE', #1390, #1000 ) ;
#364 = VECTOR ( 'NONE', #969, 1000.000000000000000 ) ;
#365 = DIRECTION ( 'NONE',  ( -1.000000000000000000, 0.000000000000000000, 3.491483361109382461E-15 ) ) ;
#366 = PLANE ( 'NONE',  #2056 ) ;
#367 = LINE ( 'NONE', #1066, #1966 ) ;
#368 = ORIENTED_EDGE ( 'NONE', *, *, #139, .T. ) ;
#369 = DIRECTION ( 'NONE',  ( -3.491483361109382461E-15, 0.000000000000000000, -1.000000000000000000 ) ) ;
#370 = SURFACE_STYLE_USAGE ( .BOTH. , #2072 ) ;
#371 =( GEOMETRIC_REPRESENTATION_CONTEXT ( 3 ) GLOBAL_UNCERTAINTY_ASSIGNED_CONTEXT ( ( #1100 ) ) GLOBAL_UNIT_ASSIGNED_CONTEXT ( ( #1014, #2009, #671 ) ) REPRESENTATION_CONTEXT ( 'NONE', 'WORKASPACE' ) );
#372 = DIRECTION ( 'NONE',  ( 0.000000000000000000, -1.073467497510400859E-16, -1.000000000000000000 ) ) ;
#373 = CARTESIAN_POINT ( 'NONE',  ( -0.9300000000000083755, 2.654999999999997584, -2.530000000000000693 ) ) ;
#374 = FACE_BOUND ( 'NONE', #1038, .T. ) ;
#375 = AXIS2_PLACEMENT_3D ( 'NONE', #379, #1397, #1243 ) ;
#376 = DIRECTION ( 'NONE',  ( 0.000000000000000000, 1.000000000000000000, -0.000000000000000000 ) ) ;
#377 = VECTOR ( 'NONE', #140, 1000.000000000000000 ) ;
#378 = EDGE_LOOP ( 'NONE', ( #813, #761, #1644, #154, #1135, #1191 ) ) ;
#379 = CARTESIAN_POINT ( 'NONE',  ( -1.569999999999980522, 3.895000000000001794, 5.550000000000010481 ) ) ;
#380 = AXIS2_PLACEMENT_3D ( 'NONE', #1581, #760, #2088 ) ;
#381 = EDGE_CURVE ( 'NONE', #860, #1129, #338, .T. ) ;
#382 = DIRECTION ( 'NONE',  ( -1.000000000000000000, -0.000000000000000000, 3.491483361109382066E-15 ) ) ;
#383 = COLOUR_RGB ( '',0.7529411764705882248, 0.7529411764705882248, 0.7529411764705882248 ) ;
#384 = ORIENTED_EDGE ( 'NONE', *, *, #220, .T. ) ;
#385 = ADVANCED_FACE ( 'NONE', ( #461 ), #1136, .F. ) ;
#386 = AXIS2_PLACEMENT_3D ( 'NONE', #697, #1647, #372 ) ;
#387 = EDGE_CURVE ( 'NONE', #1286, #440, #1698, .T. ) ;
#388 = VECTOR ( 'NONE', #965, 1000.000000000000000 ) ;
#389 =( NAMED_UNIT ( * ) PLANE_ANGLE_UNIT ( ) SI_UNIT ( $, .RADIAN. ) );
#390 = CARTESIAN_POINT ( 'NONE',  ( -1.570000000000011164, 2.654999999999991367, -3.129999999999996785 ) ) ;
#391 = CARTESIAN_POINT ( 'NONE',  ( 2.850000000000020517, 4.124999999999998224, 5.749999999999988454 ) ) ;
#392 = ORIENTED_EDGE ( 'NONE', *, *, #221, .T. ) ;
#393 = DIRECTION ( 'NONE',  ( 1.000000000000000000, -0.000000000000000000, -3.491483361109382461E-15 ) ) ;
#394 = UNCERTAINTY_MEASURE_WITH_UNIT (LENGTH_MEASURE( 1.000000000000000082E-05 ), #1761, 'distance_accuracy_value', 'NONE');
#395 = SURFACE_SIDE_STYLE ('',( #1379 ) ) ;
#396 = ORIENTED_EDGE ( 'NONE', *, *, #1387, .F. ) ;
#397 =( NAMED_UNIT ( * ) PLANE_ANGLE_UNIT ( ) SI_UNIT ( $, .RADIAN. ) );
#398 = ADVANCED_FACE ( 'NONE', ( #347 ), #360, .F. ) ;
#399 = SURFACE_STYLE_FILL_AREA ( #1896 ) ;
#400 = LINE ( 'NONE', #65, #1592 ) ;
#401 = ADVANCED_FACE ( 'NONE', ( #1048 ), #1369, .T. ) ;
#402 = LINE ( 'NONE', #1075, #1710 ) ;
#403 = ORIENTED_EDGE ( 'NONE', *, *, #1486, .T. ) ;
#404 = PLANE ( 'NONE',  #138 ) ;
#405 = CARTESIAN_POINT ( 'NONE',  ( 0.000000000000000000, 0.000000000000000000, 0.000000000000000000 ) ) ;
#406 = PLANE ( 'NONE',  #1113 ) ;
#407 = STYLED_ITEM ( 'NONE', ( #1651 ), #1389 ) ;
#408 = EDGE_LOOP ( 'NONE', ( #418, #123, #902, #2025 ) ) ;
#409 = FACE_OUTER_BOUND ( 'NONE', #1842, .T. ) ;
#410 = CARTESIAN_POINT ( 'NONE',  ( -0.9300000000000127054, -3.399999999999999467, -3.770000000000000462 ) ) ;
#411 = DIRECTION ( 'NONE',  ( 3.747993906249292199E-31, -1.000000000000000000, 1.073467497510400859E-16 ) ) ;
#412 = ORIENTED_EDGE ( 'NONE', *, *, #2073, .T. ) ;
#413 = VECTOR ( 'NONE', #1513, 1000.000000000000000 ) ;
#414 = CARTESIAN_POINT ( 'NONE',  ( -2.849999999999980549, 1.024999999999999023, 1.050000000000009148 ) ) ;
#415 = UNCERTAINTY_MEASURE_WITH_UNIT (LENGTH_MEASURE( 1.000000000000000082E-05 ), #710, 'distance_accuracy_value', 'NONE');
#416 =( GEOMETRIC_REPRESENTATION_CONTEXT ( 3 ) GLOBAL_UNCERTAINTY_ASSIGNED_CONTEXT ( ( #799 ) ) GLOBAL_UNIT_ASSIGNED_CONTEXT ( ( #1995, #1982, #1200 ) ) REPRESENTATION_CONTEXT ( 'NONE', 'WORKASPACE' ) );
#417 = FILL_AREA_STYLE ('',( #630 ) ) ;
#418 = ORIENTED_EDGE ( 'NONE', *, *, #1588, .T. ) ;
#419 = COLOUR_RGB ( '',0.7529411764705882248, 0.7529411764705882248, 0.7529411764705882248 ) ;
#420 = DIRECTION ( 'NONE',  ( 3.491483361109382461E-15, -0.000000000000000000, 1.000000000000000000 ) ) ;
#421 = VECTOR ( 'NONE', #1514, 1000.000000000000000 ) ;
#422 = PLANE ( 'NONE',  #204 ) ;
#423 = CARTESIAN_POINT ( 'NONE',  ( -1.570000000000011164, -3.399999999999999467, -3.129999999999996785 ) ) ;
#424 = CARTESIAN_POINT ( 'NONE',  ( -2.849999999999985434, 4.124999999999998224, 5.750000000000010658 ) ) ;
#425 = ORIENTED_EDGE ( 'NONE', *, *, #2171, .T. ) ;
#426 = VERTEX_POINT ( 'NONE', #2074 ) ;
#427 = DIRECTION ( 'NONE',  ( 1.000000000000000000, 0.000000000000000000, -3.491483361109382461E-15 ) ) ;
#428 = ADVANCED_FACE ( 'NONE', ( #1402 ), #1557, .T. ) ;
#429 = ORIENTED_EDGE ( 'NONE', *, *, #1955, .F. ) ;
#430 =( GEOMETRIC_REPRESENTATION_CONTEXT ( 3 ) GLOBAL_UNCERTAINTY_ASSIGNED_CONTEXT ( ( #304 ) ) GLOBAL_UNIT_ASSIGNED_CONTEXT ( ( #1849, #686, #872 ) ) REPRESENTATION_CONTEXT ( 'NONE', 'WORKASPACE' ) );
#431 = LINE ( 'NONE', #940, #675 ) ;
#432 = DIRECTION ( 'NONE',  ( 1.000000000000000000, 0.000000000000000000, -3.491483361109382461E-15 ) ) ;
#433 =( NAMED_UNIT ( * ) PLANE_ANGLE_UNIT ( ) SI_UNIT ( $, .RADIAN. ) );
#434 = DIRECTION ( 'NONE',  ( -1.000000000000000000, 0.000000000000000000, 3.491483361109382461E-15 ) ) ;
#435 = PRESENTATION_STYLE_ASSIGNMENT (( #1145 ) ) ;
#436 = ORIENTED_EDGE ( 'NONE', *, *, #270, .F. ) ;
#437 = VECTOR ( 'NONE', #1838, 1000.000000000000000 ) ;
#438 = EDGE_CURVE ( 'NONE', #1821, #1153, #51, .T. ) ;
#439 = LINE ( 'NONE', #1410, #1285 ) ;
#440 = VERTEX_POINT ( 'NONE', #698 ) ;
#441 = CARTESIAN_POINT ( 'NONE',  ( 3.700000000000020606, 1.024999999999998135, 5.749999999999986677 ) ) ;
#442 = VERTEX_POINT ( 'NONE', #1363 ) ;
#443 = PLANE ( 'NONE',  #386 ) ;
#444 = CARTESIAN_POINT ( 'NONE',  ( 3.699999999999995737, 3.895000000000000906, -1.250000000000016431 ) ) ;
#445 = CARTESIAN_POINT ( 'NONE',  ( 1.750000000000019984, 5.124999999999998224, 5.749999999999993783 ) ) ;
#446 = SURFACE_SIDE_STYLE ('',( #265 ) ) ;
#447 = LINE ( 'NONE', #1089, #1666 ) ;
#448 = AXIS2_PLACEMENT_3D ( 'NONE', #1563, #509, #1846 ) ;
#449 = ORIENTED_EDGE ( 'NONE', *, *, #544, .T. ) ;
#450 = DIRECTION ( 'NONE',  ( 0.000000000000000000, -1.073467497510400859E-16, -1.000000000000000000 ) ) ;
#451 = ORIENTED_EDGE ( 'NONE', *, *, #1858, .T. ) ;
#452 = ADVANCED_FACE ( 'NONE', ( #2035 ), #1372, .F. ) ;
#453 = PRESENTATION_LAYER_ASSIGNMENT (  '', '', ( #1365 ) ) ;
#454 = DIRECTION ( 'NONE',  ( -1.000000000000000000, 0.000000000000000000, 3.491483361109382461E-15 ) ) ;
#455 = AXIS2_PLACEMENT_3D ( 'NONE', #1440, #769, #1133 ) ;
#456 = FACE_OUTER_BOUND ( 'NONE', #213, .T. ) ;
#457 = LINE ( 'NONE', #423, #1166 ) ;
#458 = VECTOR ( 'NONE', #1600, 1000.000000000000000 ) ;
#459 = FACE_BOUND ( 'NONE', #1147, .T. ) ;
#460 = EDGE_LOOP ( 'NONE', ( #1288, #483, #1236, #1058, #451, #1361, #511, #1119 ) ) ;
#461 = FACE_OUTER_BOUND ( 'NONE', #254, .T. ) ;
#462 = ORIENTED_EDGE ( 'NONE', *, *, #1661, .T. ) ;
#463 = EDGE_LOOP ( 'NONE', ( #1411, #249, #1969, #1806 ) ) ;
#464 =( NAMED_UNIT ( * ) PLANE_ANGLE_UNIT ( ) SI_UNIT ( $, .RADIAN. ) );
#465 = ORIENTED_EDGE ( 'NONE', *, *, #321, .F. ) ;
#466 = APPLICATION_CONTEXT ( 'automotive_design' ) ;
#467 = DIRECTION ( 'NONE',  ( 3.491483361109382461E-15, 0.000000000000000000, 1.000000000000000000 ) ) ;
#468 = LINE ( 'NONE', #311, #493 ) ;
#469 = CARTESIAN_POINT ( 'NONE',  ( -2.849999999999996092, 1.024999999999999023, 1.050000000000009148 ) ) ;
#470 = CARTESIAN_POINT ( 'NONE',  ( -1.570000000000012497, 2.654999999999994476, -3.770000000000000906 ) ) ;
#471 = EDGE_CURVE ( 'NONE', #503, #1719, #1210, .T. ) ;
#472 = EDGE_LOOP ( 'NONE', ( #337, #513, #1978, #1470 ) ) ;
#473 = PRESENTATION_STYLE_ASSIGNMENT (( #2166 ) ) ;
#474 = ORIENTED_EDGE ( 'NONE', *, *, #1278, .T. ) ;
#475 = ORIENTED_EDGE ( 'NONE', *, *, #565, .F. ) ;
#476 = VERTEX_POINT ( 'NONE', #1883 ) ;
#477 = AXIS2_PLACEMENT_3D ( 'NONE', #1358, #993, #507 ) ;
#478 = DIRECTION ( 'NONE',  ( -1.000000000000000000, -0.000000000000000000, 3.491483361109382066E-15 ) ) ;
#479 = LINE ( 'NONE', #1485, #299 ) ;
#480 = CARTESIAN_POINT ( 'NONE',  ( -3.700000000000017497, 2.351923788646675728, -5.749999999999987566 ) ) ;
#481 = VERTEX_POINT ( 'NONE', #536 ) ;
#482 = CARTESIAN_POINT ( 'NONE',  ( -2.800000000000020250, 2.351923788646675728, -5.749999999999992006 ) ) ;
#483 = ORIENTED_EDGE ( 'NONE', *, *, #589, .T. ) ;
#484 = EDGE_CURVE ( 'NONE', #1913, #882, #363, .T. ) ;
#485 = EDGE_LOOP ( 'NONE', ( #273, #1467, #436, #684 ) ) ;
#486 = VECTOR ( 'NONE', #1347, 1000.000000000000000 ) ;
#487 = COLOUR_RGB ( '',0.7529411764705882248, 0.7529411764705882248, 0.7529411764705882248 ) ;
#488 = STYLED_ITEM ( 'NONE', ( #519 ), #1346 ) ;
#489 = PLANE ( 'NONE',  #8 ) ;
#490 = LINE ( 'NONE', #173, #143 ) ;
#491 = PRESENTATION_LAYER_ASSIGNMENT (  '', '', ( #951 ) ) ;
#492 = LINE ( 'NONE', #1987, #736 ) ;
#493 = VECTOR ( 'NONE', #478, 1000.000000000000000 ) ;
#494 = ORIENTED_EDGE ( 'NONE', *, *, #1118, .F. ) ;
#495 = ADVANCED_FACE ( 'NONE', ( #1244 ), #1861, .T. ) ;
#496 = CARTESIAN_POINT ( 'NONE',  ( -2.799999999999978950, -2.271688518723846794E-32, 5.750000000000010658 ) ) ;
#497 = CARTESIAN_POINT ( 'NONE',  ( 1.569999999999994733, 3.895000000000000906, -1.250000000000009548 ) ) ;
#498 = EDGE_LOOP ( 'NONE', ( #494, #1877, #1653, #307 ) ) ;
#499 = EDGE_CURVE ( 'NONE', #1164, #585, #238, .T. ) ;
#500 = LINE ( 'NONE', #625, #316 ) ;
#501 =( NAMED_UNIT ( * ) PLANE_ANGLE_UNIT ( ) SI_UNIT ( $, .RADIAN. ) );
#502 = FILL_AREA_STYLE ('',( #683 ) ) ;
#503 = VERTEX_POINT ( 'NONE', #1603 ) ;
#504 = CARTESIAN_POINT ( 'NONE',  ( 2.800000000000010925, 1.102128135346162040E-32, 5.749999999999989342 ) ) ;
#505 = ORIENTED_EDGE ( 'NONE', *, *, #635, .F. ) ;
#506 = SURFACE_SIDE_STYLE ('',( #1825 ) ) ;
#507 = DIRECTION ( 'NONE',  ( 0.000000000000000000, 1.073467497510400859E-16, 1.000000000000000000 ) ) ;
#508 = VECTOR ( 'NONE', #767, 1000.000000000000000 ) ;
#509 = DIRECTION ( 'NONE',  ( 3.747993906249292199E-31, -1.000000000000000000, 1.073467497510400859E-16 ) ) ;
#510 = VERTEX_POINT ( 'NONE', #1269 ) ;
#511 = ORIENTED_EDGE ( 'NONE', *, *, #1552, .F. ) ;
#512 = CARTESIAN_POINT ( 'NONE',  ( 3.699999999999980194, 2.351923788646675728, -5.750000000000014211 ) ) ;
#513 = ORIENTED_EDGE ( 'NONE', *, *, #1344, .T. ) ;
#514 = ADVANCED_FACE ( 'NONE', ( #575 ), #907, .F. ) ;
#515 = ADVANCED_FACE ( 'NONE', ( #103 ), #278, .F. ) ;
#516 = MANIFOLD_SOLID_BREP ( 'NONE', #1575 ) ;
#517 =( NAMED_UNIT ( * ) SI_UNIT ( $, .STERADIAN. ) SOLID_ANGLE_UNIT ( ) );
#518 = FACE_OUTER_BOUND ( 'NONE', #121, .T. ) ;
#519 = PRESENTATION_STYLE_ASSIGNMENT (( #829 ) ) ;
#520 = FACE_OUTER_BOUND ( 'NONE', #12, .T. ) ;
#521 = ADVANCED_FACE ( 'NONE', ( #1763 ), #422, .F. ) ;
#522 = EDGE_CURVE ( 'NONE', #1719, #16, #2070, .T. ) ;
#523 = EDGE_LOOP ( 'NONE', ( #1633, #396, #1734, #1767 ) ) ;
#524 = ORIENTED_EDGE ( 'NONE', *, *, #1118, .T. ) ;
#525 = SURFACE_STYLE_USAGE ( .BOTH. , #189 ) ;
#526 = CARTESIAN_POINT ( 'NONE',  ( -0.9300000000000127054, 2.654999999999991367, -3.770000000000003570 ) ) ;
#527 = CIRCLE ( 'NONE', #636, 1.240000000000003322 ) ;
#528 = AXIS2_PLACEMENT_3D ( 'NONE', #1895, #743, #1721 ) ;
#529 = CARTESIAN_POINT ( 'NONE',  ( 3.699999999999995737, 4.949999999999999289, -1.250000000000016431 ) ) ;
#530 = SURFACE_SIDE_STYLE ('',( #1736 ) ) ;
#531 = LINE ( 'NONE', #1202, #543 ) ;
#532 = ORIENTED_EDGE ( 'NONE', *, *, #1720, .F. ) ;
#533 = PRESENTATION_STYLE_ASSIGNMENT (( #525 ) ) ;
#534 = CARTESIAN_POINT ( 'NONE',  ( 1.570000000000003837, 3.895000000000001350, 1.049999999999994937 ) ) ;
#535 = AXIS2_PLACEMENT_3D ( 'NONE', #2022, #1354, #1522 ) ;
#536 = CARTESIAN_POINT ( 'NONE',  ( 0.9299999999999867262, 2.654999999999994476, -3.770000000000009344 ) ) ;
#537 = PRESENTATION_LAYER_ASSIGNMENT (  '', '', ( #250 ) ) ;
#538 = DIRECTION ( 'NONE',  ( -0.000000000000000000, -1.000000000000000000, -0.000000000000000000 ) ) ;
#539 = FACE_OUTER_BOUND ( 'NONE', #2139, .T. ) ;
#540 = SURFACE_STYLE_USAGE ( .BOTH. , #2030 ) ;
#541 = ORIENTED_EDGE ( 'NONE', *, *, #102, .T. ) ;
#542 = LINE ( 'NONE', #1545, #734 ) ;
#543 = VECTOR ( 'NONE', #1864, 1000.000000000000000 ) ;
#544 = EDGE_CURVE ( 'NONE', #2102, #860, #402, .T. ) ;
#545 = DIRECTION ( 'NONE',  ( -3.497426362856456641E-15, 8.743565907141140616E-15, -1.000000000000000000 ) ) ;
#546 = UNCERTAINTY_MEASURE_WITH_UNIT (LENGTH_MEASURE( 1.000000000000000082E-05 ), #1768, 'distance_accuracy_value', 'NONE');
#547 = EDGE_CURVE ( 'NONE', #936, #1866, #230, .T. ) ;
#548 = CARTESIAN_POINT ( 'NONE',  ( -1.570000000000011164, 2.654999999999991367, -3.129999999999996785 ) ) ;
#549 = VERTEX_POINT ( 'NONE', #1811 ) ;
#550 = VECTOR ( 'NONE', #285, 1000.000000000000000 ) ;
#551 =( NAMED_UNIT ( * ) PLANE_ANGLE_UNIT ( ) SI_UNIT ( $, .RADIAN. ) );
#552 = DIRECTION ( 'NONE',  ( -0.000000000000000000, -1.000000000000000000, -0.000000000000000000 ) ) ;
#553 = VECTOR ( 'NONE', #577, 1000.000000000000000 ) ;
#554 = VERTEX_POINT ( 'NONE', #1649 ) ;
#555 = EDGE_CURVE ( 'NONE', #821, #677, #1495, .T. ) ;
#556 =( LENGTH_UNIT ( ) NAMED_UNIT ( * ) SI_UNIT ( .MILLI., .METRE. ) );
#557 =( GEOMETRIC_REPRESENTATION_CONTEXT ( 3 ) GLOBAL_UNCERTAINTY_ASSIGNED_CONTEXT ( ( #1233 ) ) GLOBAL_UNIT_ASSIGNED_CONTEXT ( ( #773, #1443, #1629 ) ) REPRESENTATION_CONTEXT ( 'NONE', 'WORKASPACE' ) );
#558 = EDGE_CURVE ( 'NONE', #798, #95, #1013, .T. ) ;
#559 = DIRECTION ( 'NONE',  ( 0.000000000000000000, -1.000000000000000000, 0.000000000000000000 ) ) ;
#560 = MECHANICAL_DESIGN_GEOMETRIC_PRESENTATION_REPRESENTATION (  '', ( #315 ), #739 ) ;
#561 = VERTEX_POINT ( 'NONE', #1132 ) ;
#562 = VECTOR ( 'NONE', #2148, 1000.000000000000000 ) ;
#563 = PRESENTATION_STYLE_ASSIGNMENT (( #593 ) ) ;
#564 = COLOUR_RGB ( '',0.7529411764705882248, 0.7529411764705882248, 0.7529411764705882248 ) ;
#565 = EDGE_CURVE ( 'NONE', #1927, #1582, #37, .T. ) ;
#566 = CARTESIAN_POINT ( 'NONE',  ( 1.569999999999988738, 2.654999999999991367, -3.130000000000008331 ) ) ;
#567 = DIRECTION ( 'NONE',  ( 0.000000000000000000, 1.000000000000000000, 0.000000000000000000 ) ) ;
#568 = DIRECTION ( 'NONE',  ( -3.491483361109382461E-15, 0.000000000000000000, -1.000000000000000000 ) ) ;
#569 = ORIENTED_EDGE ( 'NONE', *, *, #1880, .T. ) ;
#570 = FILL_AREA_STYLE_COLOUR ( '', #59 ) ;
#571 = DIRECTION ( 'NONE',  ( 0.000000000000000000, 1.000000000000000000, -0.000000000000000000 ) ) ;
#572 = ORIENTED_EDGE ( 'NONE', *, *, #1106, .T. ) ;
#573 = PLANE ( 'NONE',  #1874 ) ;
#574 = CARTESIAN_POINT ( 'NONE',  ( 3.700000000000020606, 5.124999999999998224, 2.650000000000012790 ) ) ;
#575 = FACE_OUTER_BOUND ( 'NONE', #2122, .T. ) ;
#576 = ORIENTED_EDGE ( 'NONE', *, *, #728, .F. ) ;
#577 = DIRECTION ( 'NONE',  ( -1.000000000000000000, -0.000000000000000000, 3.491483361109382066E-15 ) ) ;
#578 = CARTESIAN_POINT ( 'NONE',  ( -0.9300000000000083755, 3.254999999999998117, -2.529999999999998028 ) ) ;
#579 = VECTOR ( 'NONE', #867, 1000.000000000000000 ) ;
#580 = ORIENTED_EDGE ( 'NONE', *, *, #982, .T. ) ;
#581 = EDGE_CURVE ( 'NONE', #510, #1037, #794, .T. ) ;
#582 = LINE ( 'NONE', #1636, #180 ) ;
#583 = SURFACE_SIDE_STYLE ('',( #2099 ) ) ;
#584 = LINE ( 'NONE', #1259, #1571 ) ;
#585 = VERTEX_POINT ( 'NONE', #1307 ) ;
#586 = AXIS2_PLACEMENT_3D ( 'NONE', #1418, #1594, #979 ) ;
#587 = SURFACE_SIDE_STYLE ('',( #1124 ) ) ;
#588 =( GEOMETRIC_REPRESENTATION_CONTEXT ( 3 ) GLOBAL_UNCERTAINTY_ASSIGNED_CONTEXT ( ( #1252 ) ) GLOBAL_UNIT_ASSIGNED_CONTEXT ( ( #768, #600, #1617 ) ) REPRESENTATION_CONTEXT ( 'NONE', 'WORKASPACE' ) );
#589 = EDGE_CURVE ( 'NONE', #205, #1250, #1793, .T. ) ;
#590 = DIRECTION ( 'NONE',  ( 1.000000000000000000, 0.000000000000000000, -0.000000000000000000 ) ) ;
#591 = VERTEX_POINT ( 'NONE', #162 ) ;
#592 = VECTOR ( 'NONE', #1203, 1000.000000000000000 ) ;
#593 = SURFACE_STYLE_USAGE ( .BOTH. , #755 ) ;
#594 = VECTOR ( 'NONE', #2067, 1000.000000000000000 ) ;
#595 = ORIENTED_EDGE ( 'NONE', *, *, #221, .F. ) ;
#596 = PRESENTATION_LAYER_ASSIGNMENT (  '', '', ( #1784 ) ) ;
#597 = COLOUR_RGB ( '',0.7529411764705882248, 0.7529411764705882248, 0.7529411764705882248 ) ;
#598 = CARTESIAN_POINT ( 'NONE',  ( -0.9300000000000127054, 2.654999999999994476, -3.770000000000003570 ) ) ;
#599 = CARTESIAN_POINT ( 'NONE',  ( 3.700000000000020606, 5.950000000000000178, 2.049999999999994049 ) ) ;
#600 =( NAMED_UNIT ( * ) PLANE_ANGLE_UNIT ( ) SI_UNIT ( $, .RADIAN. ) );
#601 = PLANE ( 'NONE',  #349 ) ;
#602 = FILL_AREA_STYLE ('',( #1958 ) ) ;
#603 = VERTEX_POINT ( 'NONE', #2126 ) ;
#604 = DIRECTION ( 'NONE',  ( -0.000000000000000000, -1.000000000000000000, -0.000000000000000000 ) ) ;
#605 = APPLICATION_PROTOCOL_DEFINITION ( 'draft international standard', 'automotive_design', 1998, #232 ) ;
#606 = CARTESIAN_POINT ( 'NONE',  ( 3.700000000000020606, 5.124999999999998224, 2.050000000000006040 ) ) ;
#607 = EDGE_LOOP ( 'NONE', ( #787, #1725, #465, #1520, #2084, #1593, #1656, #595, #855, #1197 ) ) ;
#608 = VERTEX_POINT ( 'NONE', #325 ) ;
#609 = AXIS2_PLACEMENT_3D ( 'NONE', #1690, #559, #208 ) ;
#610 = CARTESIAN_POINT ( 'NONE',  ( 3.700000000000020606, 0.000000000000000000, 5.749999999999986677 ) ) ;
#611 =( NAMED_UNIT ( * ) SI_UNIT ( $, .STERADIAN. ) SOLID_ANGLE_UNIT ( ) );
#612 = FILL_AREA_STYLE_COLOUR ( '', #1163 ) ;
#613 = CARTESIAN_POINT ( 'NONE',  ( -2.849999999999992539, 1.024999999999999023, 1.050000000000010036 ) ) ;
#614 = EDGE_CURVE ( 'NONE', #561, #1927, #1803, .T. ) ;
#615 = CARTESIAN_POINT ( 'NONE',  ( -1.570000000000012497, -3.399999999999999467, -3.770000000000000462 ) ) ;
#616 = EDGE_CURVE ( 'NONE', #1250, #1286, #500, .T. ) ;
#617 = UNCERTAINTY_MEASURE_WITH_UNIT (LENGTH_MEASURE( 1.000000000000000082E-05 ), #873, 'distance_accuracy_value', 'NONE');
#618 = DIRECTION ( 'NONE',  ( -0.000000000000000000, -1.073467497510400859E-16, -1.000000000000000000 ) ) ;
#619 = EDGE_CURVE ( 'NONE', #999, #1105, #1473, .T. ) ;
#620 = ORIENTED_EDGE ( 'NONE', *, *, #751, .T. ) ;
#621 = AXIS2_PLACEMENT_3D ( 'NONE', #1613, #1950, #450 ) ;
#622 = ORIENTED_EDGE ( 'NONE', *, *, #102, .F. ) ;
#623 = DIRECTION ( 'NONE',  ( 0.000000000000000000, 1.000000000000000000, 0.000000000000000000 ) ) ;
#624 = DIRECTION ( 'NONE',  ( 1.000000000000000000, 0.000000000000000000, -3.491483361109382461E-15 ) ) ;
#625 = CARTESIAN_POINT ( 'NONE',  ( -0.9300000000000042677, 2.654999999999991367, -1.250000000000000666 ) ) ;
#626 = DIRECTION ( 'NONE',  ( 3.491483361109382461E-15, 0.000000000000000000, 1.000000000000000000 ) ) ;
#627 = DIRECTION ( 'NONE',  ( -0.000000000000000000, -1.000000000000000000, 0.000000000000000000 ) ) ;
#628 = DIRECTION ( 'NONE',  ( -1.000000000000000000, 0.000000000000000000, 3.491483361109382461E-15 ) ) ;
#629 = ORIENTED_EDGE ( 'NONE', *, *, #1722, .F. ) ;
#630 = FILL_AREA_STYLE_COLOUR ( '', #336 ) ;
#631 = ORIENTED_EDGE ( 'NONE', *, *, #1634, .T. ) ;
#632 = LINE ( 'NONE', #1457, #550 ) ;
#633 = ORIENTED_EDGE ( 'NONE', *, *, #880, .T. ) ;
#634 = DIRECTION ( 'NONE',  ( -3.491483361109382461E-15, 0.000000000000000000, -1.000000000000000000 ) ) ;
#635 = EDGE_CURVE ( 'NONE', #239, #1217, #468, .T. ) ;
#636 = AXIS2_PLACEMENT_3D ( 'NONE', #1002, #992, #1510 ) ;
#637 = DIRECTION ( 'NONE',  ( -1.000000000000000000, -0.000000000000000000, 3.491483361109382066E-15 ) ) ;
#638 = LINE ( 'NONE', #2150, #1608 ) ;
#639 = CARTESIAN_POINT ( 'NONE',  ( 1.569999999999995177, 2.654999999999991367, -1.250000000000009548 ) ) ;
#640 =( GEOMETRIC_REPRESENTATION_CONTEXT ( 3 ) GLOBAL_UNCERTAINTY_ASSIGNED_CONTEXT ( ( #948 ) ) GLOBAL_UNIT_ASSIGNED_CONTEXT ( ( #2026, #341, #517 ) ) REPRESENTATION_CONTEXT ( 'NONE', 'WORKASPACE' ) );
#641 = CARTESIAN_POINT ( 'NONE',  ( 3.700000000000020606, 5.950000000000000178, 5.750000000000006217 ) ) ;
#642 = UNCERTAINTY_MEASURE_WITH_UNIT (LENGTH_MEASURE( 1.000000000000000082E-05 ), #1747, 'distance_accuracy_value', 'NONE');
#643 = CARTESIAN_POINT ( 'NONE',  ( 3.699999999999995737, 3.895000000000000906, -1.250000000000016431 ) ) ;
#644 = ORIENTED_EDGE ( 'NONE', *, *, #1062, .F. ) ;
#645 = ORIENTED_EDGE ( 'NONE', *, *, #783, .F. ) ;
#646 = DIRECTION ( 'NONE',  ( -3.497426362856456641E-15, 0.000000000000000000, -1.000000000000000000 ) ) ;
#647 = VERTEX_POINT ( 'NONE', #1971 ) ;
#648 = VECTOR ( 'NONE', #571, 1000.000000000000000 ) ;
#649 = DIRECTION ( 'NONE',  ( -1.000000000000000000, 0.000000000000000000, 3.491483361109382461E-15 ) ) ;
#650 = CARTESIAN_POINT ( 'NONE',  ( 0.9299999999999909450, 3.254999999999998117, -2.530000000000005578 ) ) ;
#651 = DIRECTION ( 'NONE',  ( -3.747993906249292199E-31, 1.000000000000000000, -1.073467497510400859E-16 ) ) ;
#652 = CARTESIAN_POINT ( 'NONE',  ( 1.569999999999988738, 3.254999999999998117, -3.130000000000008331 ) ) ;
#653 = ORIENTED_EDGE ( 'NONE', *, *, #2104, .F. ) ;
#654 = LINE ( 'NONE', #822, #719 ) ;
#655 = ORIENTED_EDGE ( 'NONE', *, *, #1278, .F. ) ;
#656 = ORIENTED_EDGE ( 'NONE', *, *, #1141, .F. ) ;
#657 = VECTOR ( 'NONE', #1444, 1000.000000000000000 ) ;
#658 = DIRECTION ( 'NONE',  ( -0.000000000000000000, -1.000000000000000000, 0.000000000000000000 ) ) ;
#659 = DIRECTION ( 'NONE',  ( 1.000000000000000000, 3.747993906249292199E-31, -4.023349639225659456E-47 ) ) ;
#660 = CARTESIAN_POINT ( 'NONE',  ( 0.9299999999999887246, 3.895000000000001794, -3.130000000000005667 ) ) ;
#661 = PLANE ( 'NONE',  #62 ) ;
#662 = ORIENTED_EDGE ( 'NONE', *, *, #324, .F. ) ;
#663 = CYLINDRICAL_SURFACE ( 'NONE', #756, 1.240000000000003322 ) ;
#664 = DIRECTION ( 'NONE',  ( 0.000000000000000000, -2.805883208705177183E-17, 1.000000000000000000 ) ) ;
#665 = EDGE_CURVE ( 'NONE', #561, #481, #1611, .T. ) ;
#666 = ORIENTED_EDGE ( 'NONE', *, *, #3, .F. ) ;
#667 = VECTOR ( 'NONE', #1251, 1000.000000000000000 ) ;
#668 = STYLED_ITEM ( 'NONE', ( #1750 ), #515 ) ;
#669 = MECHANICAL_DESIGN_GEOMETRIC_PRESENTATION_REPRESENTATION (  '', ( #2065 ), #1165 ) ;
#670 = CARTESIAN_POINT ( 'NONE',  ( 1.569999999999991624, 2.654999999999997584, -2.530000000000007354 ) ) ;
#671 =( NAMED_UNIT ( * ) SI_UNIT ( $, .STERADIAN. ) SOLID_ANGLE_UNIT ( ) );
#672 = ADVANCED_FACE ( 'NONE', ( #1834 ), #827, .T. ) ;
#673 = STYLED_ITEM ( 'NONE', ( #1659 ), #1792 ) ;
#674 = PLANE ( 'NONE',  #1642 ) ;
#675 = VECTOR ( 'NONE', #1280, 1000.000000000000000 ) ;
#676 = VECTOR ( 'NONE', #976, 1000.000000000000000 ) ;
#677 = VERTEX_POINT ( 'NONE', #125 ) ;
#678 = CARTESIAN_POINT ( 'NONE',  ( 1.569999999999986962, -3.399999999999999023, -3.770000000000009788 ) ) ;
#679 = DIRECTION ( 'NONE',  ( 1.000000000000000000, 0.000000000000000000, -3.491483361109382461E-15 ) ) ;
#680 = ORIENTED_EDGE ( 'NONE', *, *, #941, .T. ) ;
#681 = DIRECTION ( 'NONE',  ( 0.000000000000000000, -0.000000000000000000, 1.000000000000000000 ) ) ;
#682 =( NAMED_UNIT ( * ) PLANE_ANGLE_UNIT ( ) SI_UNIT ( $, .RADIAN. ) );
#683 = FILL_AREA_STYLE_COLOUR ( '', #1873 ) ;
#684 = ORIENTED_EDGE ( 'NONE', *, *, #1248, .F. ) ;
#685 = ORIENTED_EDGE ( 'NONE', *, *, #1404, .T. ) ;
#686 =( NAMED_UNIT ( * ) PLANE_ANGLE_UNIT ( ) SI_UNIT ( $, .RADIAN. ) );
#687 = CARTESIAN_POINT ( 'NONE',  ( 3.699999999999980194, 3.226765690010953884E-16, -5.750000000000014211 ) ) ;
#688 = EDGE_CURVE ( 'NONE', #798, #196, #1658, .T. ) ;
#689 = LINE ( 'NONE', #845, #913 ) ;
#690 = EDGE_CURVE ( 'NONE', #503, #1294, #1143, .T. ) ;
#691 = CARTESIAN_POINT ( 'NONE',  ( 3.700000000000009504, 4.124999999999998224, 2.649999999999988365 ) ) ;
#692 =( NAMED_UNIT ( * ) PLANE_ANGLE_UNIT ( ) SI_UNIT ( $, .RADIAN. ) );
#693 = CARTESIAN_POINT ( 'NONE',  ( 2.799999999999980282, 8.066914225027387176E-17, -5.750000000000012434 ) ) ;
#694 = ORIENTED_EDGE ( 'NONE', *, *, #1679, .T. ) ;
#695 = EDGE_LOOP ( 'NONE', ( #1422, #580, #685, #1746 ) ) ;
#696 =( NAMED_UNIT ( * ) PLANE_ANGLE_UNIT ( ) SI_UNIT ( $, .RADIAN. ) );
#697 = CARTESIAN_POINT ( 'NONE',  ( -0.9300000000000083755, 3.895000000000000906, -2.529999999999989146 ) ) ;
#698 = CARTESIAN_POINT ( 'NONE',  ( -0.9300000000000085976, 3.254999999999998117, -2.529999999999999361 ) ) ;
#699 = AXIS2_PLACEMENT_3D ( 'NONE', #251, #762, #932 ) ;
#700 = DIRECTION ( 'NONE',  ( 0.000000000000000000, 1.073467497510400859E-16, 1.000000000000000000 ) ) ;
#701 = CARTESIAN_POINT ( 'NONE',  ( 2.850000000000009859, 5.124999999999998224, 2.649999999999991473 ) ) ;
#702 = DIRECTION ( 'NONE',  ( -3.614007241618349165E-15, 0.000000000000000000, -1.000000000000000000 ) ) ;
#703 = COLOUR_RGB ( '',0.7529411764705882248, 0.7529411764705882248, 0.7529411764705882248 ) ;
#704 = DIRECTION ( 'NONE',  ( 0.000000000000000000, -0.000000000000000000, -1.000000000000000000 ) ) ;
#705 = ORIENTED_EDGE ( 'NONE', *, *, #1331, .F. ) ;
#706 = VERTEX_POINT ( 'NONE', #817 ) ;
#707 = SURFACE_STYLE_FILL_AREA ( #1742 ) ;
#708 = AXIS2_PLACEMENT_3D ( 'NONE', #691, #357, #704 ) ;
#709 = LINE ( 'NONE', #1167, #1464 ) ;
#710 =( LENGTH_UNIT ( ) NAMED_UNIT ( * ) SI_UNIT ( .MILLI., .METRE. ) );
#711 = SURFACE_STYLE_FILL_AREA ( #39 ) ;
#712 = EDGE_CURVE ( 'NONE', #647, #920, #2149, .T. ) ;
#713 = ORIENTED_EDGE ( 'NONE', *, *, #614, .T. ) ;
#714 = EDGE_CURVE ( 'NONE', #591, #2154, #149, .T. ) ;
#715 = CARTESIAN_POINT ( 'NONE',  ( 3.700000000000020606, 0.2500000000000000000, 5.749999999999986677 ) ) ;
#716 = FACE_OUTER_BOUND ( 'NONE', #1788, .T. ) ;
#717 = FILL_AREA_STYLE_COLOUR ( '', #1832 ) ;
#718 = SURFACE_SIDE_STYLE ('',( #903 ) ) ;
#719 = VECTOR ( 'NONE', #2013, 1000.000000000000000 ) ;
#720 = SURFACE_SIDE_STYLE ('',( #399 ) ) ;
#721 = DIRECTION ( 'NONE',  ( 0.000000000000000000, 1.000000000000000000, -0.000000000000000000 ) ) ;
#722 = ADVANCED_FACE ( 'NONE', ( #456 ), #489, .F. ) ;
#723 = EDGE_CURVE ( 'NONE', #549, #561, #1033, .T. ) ;
#724 = FACE_OUTER_BOUND ( 'NONE', #1531, .T. ) ;
#725 = ORIENTED_EDGE ( 'NONE', *, *, #2052, .F. ) ;
#726 = CARTESIAN_POINT ( 'NONE',  ( -1.749999999999979572, 0.03186736870126102156, 5.750000000000006217 ) ) ;
#727 = MECHANICAL_DESIGN_GEOMETRIC_PRESENTATION_REPRESENTATION (  '', ( #1092 ), #1952 ) ;
#728 = EDGE_CURVE ( 'NONE', #706, #591, #1349, .T. ) ;
#729 = DIRECTION ( 'NONE',  ( 1.000000000000000000, 0.000000000000000000, -3.491483361109382461E-15 ) ) ;
#730 = VERTEX_POINT ( 'NONE', #1680 ) ;
#731 = COLOUR_RGB ( '',0.7529411764705882248, 0.7529411764705882248, 0.7529411764705882248 ) ;
#732 = PLANE ( 'NONE',  #1303 ) ;
#733 = DIRECTION ( 'NONE',  ( 3.491483361109382461E-15, -0.000000000000000000, 1.000000000000000000 ) ) ;
#734 = VECTOR ( 'NONE', #2049, 1000.000000000000000 ) ;
#735 = ORIENTED_EDGE ( 'NONE', *, *, #1488, .F. ) ;
#736 = VECTOR ( 'NONE', #1499, 1000.000000000000000 ) ;
#737 = APPLICATION_PROTOCOL_DEFINITION ( 'draft international standard', 'automotive_design', 1998, #466 ) ;
#738 = DIRECTION ( 'NONE',  ( 0.000000000000000000, -0.5000000000000013323, -0.8660254037844378194 ) ) ;
#739 =( GEOMETRIC_REPRESENTATION_CONTEXT ( 3 ) GLOBAL_UNCERTAINTY_ASSIGNED_CONTEXT ( ( #415 ) ) GLOBAL_UNIT_ASSIGNED_CONTEXT ( ( #710, #389, #1889 ) ) REPRESENTATION_CONTEXT ( 'NONE', 'WORKASPACE' ) );
#740 = ORIENTED_EDGE ( 'NONE', *, *, #1552, .T. ) ;
#741 = STYLED_ITEM ( 'NONE', ( #1382 ), #1904 ) ;
#742 = COLOUR_RGB ( '',0.7529411764705882248, 0.7529411764705882248, 0.7529411764705882248 ) ;
#743 = DIRECTION ( 'NONE',  ( 0.000000000000000000, -1.000000000000000000, 0.000000000000000000 ) ) ;
#744 = AXIS2_PLACEMENT_3D ( 'NONE', #1460, #2007, #991 ) ;
#745 = PLANE ( 'NONE',  #1538 ) ;
#746 = LINE ( 'NONE', #1227, #935 ) ;
#747 =( NAMED_UNIT ( * ) SI_UNIT ( $, .STERADIAN. ) SOLID_ANGLE_UNIT ( ) );
#748 = ORIENTED_EDGE ( 'NONE', *, *, #982, .F. ) ;
#749 = EDGE_CURVE ( 'NONE', #442, #1632, #18, .T. ) ;
#750 = UNCERTAINTY_MEASURE_WITH_UNIT (LENGTH_MEASURE( 1.000000000000000082E-05 ), #1924, 'distance_accuracy_value', 'NONE');
#751 = EDGE_CURVE ( 'NONE', #426, #1368, #847, .T. ) ;
#752 = LINE ( 'NONE', #578, #1381 ) ;
#753 = ORIENTED_EDGE ( 'NONE', *, *, #1911, .F. ) ;
#754 = ADVANCED_FACE ( 'NONE', ( #183 ), #1515, .F. ) ;
#755 = SURFACE_SIDE_STYLE ('',( #925 ) ) ;
#756 = AXIS2_PLACEMENT_3D ( 'NONE', #1161, #133, #854 ) ;
#757 = CARTESIAN_POINT ( 'NONE',  ( 1.569999999999991624, 3.254999999999998117, -2.530000000000006466 ) ) ;
#758 =( LENGTH_UNIT ( ) NAMED_UNIT ( * ) SI_UNIT ( .MILLI., .METRE. ) );
#759 = CARTESIAN_POINT ( 'NONE',  ( 3.700000000000020606, 5.124999999999998224, 5.749999999999986677 ) ) ;
#760 = DIRECTION ( 'NONE',  ( 1.000000000000000000, 0.000000000000000000, -3.608694406783490526E-15 ) ) ;
#761 = ORIENTED_EDGE ( 'NONE', *, *, #1062, .T. ) ;
#762 = DIRECTION ( 'NONE',  ( 1.000000000000000000, 0.000000000000000000, -3.491483361109382461E-15 ) ) ;
#763 = DIRECTION ( 'NONE',  ( 0.000000000000000000, -0.000000000000000000, -1.000000000000000000 ) ) ;
#764 = ORIENTED_EDGE ( 'NONE', *, *, #589, .F. ) ;
#765 = ORIENTED_EDGE ( 'NONE', *, *, #2152, .F. ) ;
#766 = LINE ( 'NONE', #1760, #883 ) ;
#767 = DIRECTION ( 'NONE',  ( -1.000000000000000000, -0.000000000000000000, -0.000000000000000000 ) ) ;
#768 =( LENGTH_UNIT ( ) NAMED_UNIT ( * ) SI_UNIT ( .MILLI., .METRE. ) );
#769 = DIRECTION ( 'NONE',  ( -3.491483361109382461E-15, 0.000000000000000000, -1.000000000000000000 ) ) ;
#770 = FACE_OUTER_BOUND ( 'NONE', #1833, .T. ) ;
#771 = VERTEX_POINT ( 'NONE', #1553 ) ;
#772 = VECTOR ( 'NONE', #1688, 1000.000000000000000 ) ;
#773 =( LENGTH_UNIT ( ) NAMED_UNIT ( * ) SI_UNIT ( .MILLI., .METRE. ) );
#774 = MECHANICAL_DESIGN_GEOMETRIC_PRESENTATION_REPRESENTATION (  '', ( #668 ), #1535 ) ;
#775 = DIRECTION ( 'NONE',  ( 0.000000000000000000, -0.000000000000000000, 1.000000000000000000 ) ) ;
#776 = ORIENTED_EDGE ( 'NONE', *, *, #387, .F. ) ;
#777 = MECHANICAL_DESIGN_GEOMETRIC_PRESENTATION_REPRESENTATION (  '', ( #488 ), #371 ) ;
#778 = LINE ( 'NONE', #1624, #1774 ) ;
#779 = VERTEX_POINT ( 'NONE', #693 ) ;
#780 = VECTOR ( 'NONE', #1984, 1000.000000000000000 ) ;
#781 = DIRECTION ( 'NONE',  ( 0.000000000000000000, 1.000000000000000000, -0.000000000000000000 ) ) ;
#782 = FILL_AREA_STYLE_COLOUR ( '', #1729 ) ;
#783 = EDGE_CURVE ( 'NONE', #113, #860, #367, .T. ) ;
#784 = ADVANCED_FACE ( 'NONE', ( #724 ), #1359, .F. ) ;
#785 =( LENGTH_UNIT ( ) NAMED_UNIT ( * ) SI_UNIT ( .MILLI., .METRE. ) );
#786 = PLANE ( 'NONE',  #1886 ) ;
#787 = ORIENTED_EDGE ( 'NONE', *, *, #1237, .T. ) ;
#788 = SURFACE_STYLE_USAGE ( .BOTH. , #1433 ) ;
#789 = ORIENTED_EDGE ( 'NONE', *, *, #132, .F. ) ;
#790 = CARTESIAN_POINT ( 'NONE',  ( 1.249999999999991340, 2.654999999999997584, -2.530000000000006022 ) ) ;
#791 = EDGE_LOOP ( 'NONE', ( #475, #841, #1686, #1245, #524, #1070, #23, #735 ) ) ;
#792 = CARTESIAN_POINT ( 'NONE',  ( 3.699999999999995737, 2.351923788646676616, -5.750000000000012434 ) ) ;
#793 =( NAMED_UNIT ( * ) PLANE_ANGLE_UNIT ( ) SI_UNIT ( $, .RADIAN. ) );
#794 = LINE ( 'NONE', #1340, #68 ) ;
#795 = CARTESIAN_POINT ( 'NONE',  ( 1.750000000000010214, 5.950000000000000178, 2.049999999999994049 ) ) ;
#796 = EDGE_CURVE ( 'NONE', #442, #1894, #1351, .T. ) ;
#797 = CARTESIAN_POINT ( 'NONE',  ( 0.9299999999999887246, 2.654999999999991367, -3.130000000000005667 ) ) ;
#798 = VERTEX_POINT ( 'NONE', #391 ) ;
#799 = UNCERTAINTY_MEASURE_WITH_UNIT (LENGTH_MEASURE( 1.000000000000000082E-05 ), #1995, 'distance_accuracy_value', 'NONE');
#800 = CARTESIAN_POINT ( 'NONE',  ( 1.569999999999995177, 3.254999999999998117, -1.250000000000009548 ) ) ;
#801 = ORIENTED_EDGE ( 'NONE', *, *, #887, .T. ) ;
#802 = ADVANCED_FACE ( 'NONE', ( #1716 ), #1543, .F. ) ;
#803 = SURFACE_STYLE_USAGE ( .BOTH. , #271 ) ;
#804 = ORIENTED_EDGE ( 'NONE', *, *, #438, .F. ) ;
#805 = STYLED_ITEM ( 'NONE', ( #1438 ), #1566 ) ;
#806 = CARTESIAN_POINT ( 'NONE',  ( 3.700000000000020606, 5.950000000000000178, 5.749999999999986677 ) ) ;
#807 = CARTESIAN_POINT ( 'NONE',  ( 3.699999999999980194, 3.226765690010947475E-16, -5.749999999999990230 ) ) ;
#808 = SURFACE_STYLE_FILL_AREA ( #1957 ) ;
#809 = CARTESIAN_POINT ( 'NONE',  ( -0.9300000000000049338, 3.895000000000000906, -1.250000000000000444 ) ) ;
#810 = FILL_AREA_STYLE_COLOUR ( '', #1915 ) ;
#811 = ORIENTED_EDGE ( 'NONE', *, *, #288, .F. ) ;
#812 = DIRECTION ( 'NONE',  ( 0.000000000000000000, 1.000000000000000000, 0.000000000000000000 ) ) ;
#813 = ORIENTED_EDGE ( 'NONE', *, *, #1870, .T. ) ;
#814 = ORIENTED_EDGE ( 'NONE', *, *, #73, .T. ) ;
#815 = DIRECTION ( 'NONE',  ( 1.000000000000000000, -0.000000000000000000, -3.491483361109382461E-15 ) ) ;
#816 = ORIENTED_EDGE ( 'NONE', *, *, #690, .F. ) ;
#817 = CARTESIAN_POINT ( 'NONE',  ( -3.699999999999990408, 5.124999999999999112, 2.650000000000014122 ) ) ;
#818 = CARTESIAN_POINT ( 'NONE',  ( 3.700000000000009504, 1.301042606982605321E-15, 2.649999999999988365 ) ) ;
#819 = COLOUR_RGB ( '',0.7529411764705882248, 0.7529411764705882248, 0.7529411764705882248 ) ;
#820 = DIRECTION ( 'NONE',  ( 0.000000000000000000, -1.239088197126290077E-16, -1.000000000000000000 ) ) ;
#821 = VERTEX_POINT ( 'NONE', #1025 ) ;
#822 = CARTESIAN_POINT ( 'NONE',  ( -2.849999999999980549, 4.124999999999998224, 5.750000000000011546 ) ) ;
#823 = EDGE_LOOP ( 'NONE', ( #2075, #90, #1612, #1077 ) ) ;
#824 = ORIENTED_EDGE ( 'NONE', *, *, #1621, .T. ) ;
#825 = CARTESIAN_POINT ( 'NONE',  ( -2.800000000000019806, 0.000000000000000000, -5.749999999999990230 ) ) ;
#826 = VECTOR ( 'NONE', #729, 1000.000000000000000 ) ;
#827 = PLANE ( 'NONE',  #1508 ) ;
#828 = PLANE ( 'NONE',  #1740 ) ;
#829 = SURFACE_STYLE_USAGE ( .BOTH. , #151 ) ;
#830 = ADVANCED_FACE ( 'NONE', ( #520 ), #329, .T. ) ;
#831 = CARTESIAN_POINT ( 'NONE',  ( -2.800000000000014921, 4.949999999999999289, -1.249999999999993783 ) ) ;
#832 = VERTEX_POINT ( 'NONE', #497 ) ;
#833 = CARTESIAN_POINT ( 'NONE',  ( 1.750000000000019984, 5.950000000000000178, 5.749999999999992006 ) ) ;
#834 = LINE ( 'NONE', #1818, #846 ) ;
#835 = ORIENTED_EDGE ( 'NONE', *, *, #714, .T. ) ;
#836 = EDGE_CURVE ( 'NONE', #924, #967, #1173, .T. ) ;
#837 = VECTOR ( 'NONE', #1079, 1000.000000000000000 ) ;
#838 = CARTESIAN_POINT ( 'NONE',  ( 3.700000000000020606, 4.124999999999998224, 5.749999999999986677 ) ) ;
#839 = FILL_AREA_STYLE ('',( #1845 ) ) ;
#840 =( NAMED_UNIT ( * ) PLANE_ANGLE_UNIT ( ) SI_UNIT ( $, .RADIAN. ) );
#841 = ORIENTED_EDGE ( 'NONE', *, *, #160, .T. ) ;
#842 = LINE ( 'NONE', #643, #437 ) ;
#843 = FACE_OUTER_BOUND ( 'NONE', #1008, .T. ) ;
#844 = VECTOR ( 'NONE', #815, 1000.000000000000000 ) ;
#845 = CARTESIAN_POINT ( 'NONE',  ( -1.749999999999979350, 5.124999999999998224, 5.749999999999986677 ) ) ;
#846 = VECTOR ( 'NONE', #998, 1000.000000000000000 ) ;
#847 = LINE ( 'NONE', #1509, #2006 ) ;
#848 = FACE_OUTER_BOUND ( 'NONE', #2071, .T. ) ;
#849 =( GEOMETRIC_REPRESENTATION_CONTEXT ( 3 ) GLOBAL_UNCERTAINTY_ASSIGNED_CONTEXT ( ( #1946 ) ) GLOBAL_UNIT_ASSIGNED_CONTEXT ( ( #354, #501, #163 ) ) REPRESENTATION_CONTEXT ( 'NONE', 'WORKASPACE' ) );
#850 = EDGE_CURVE ( 'NONE', #1623, #938, #157, .T. ) ;
#851 = MECHANICAL_DESIGN_GEOMETRIC_PRESENTATION_REPRESENTATION (  '', ( #741 ), #1820 ) ;
#852 = STYLED_ITEM ( 'NONE', ( #1517 ), #784 ) ;
#853 = ORIENTED_EDGE ( 'NONE', *, *, #86, .F. ) ;
#854 = DIRECTION ( 'NONE',  ( -3.497426362856456641E-15, 0.000000000000000000, -1.000000000000000000 ) ) ;
#855 = ORIENTED_EDGE ( 'NONE', *, *, #2017, .F. ) ;
#856 = DIRECTION ( 'NONE',  ( -3.491483361109382461E-15, 0.000000000000000000, -1.000000000000000000 ) ) ;
#857 = DIRECTION ( 'NONE',  ( -3.491483361109382461E-15, -0.000000000000000000, -1.000000000000000000 ) ) ;
#858 = SURFACE_SIDE_STYLE ('',( #56 ) ) ;
#859 = ORIENTED_EDGE ( 'NONE', *, *, #1030, .T. ) ;
#860 = VERTEX_POINT ( 'NONE', #1533 ) ;
#861 = ORIENTED_EDGE ( 'NONE', *, *, #220, .F. ) ;
#862 = DIRECTION ( 'NONE',  ( 0.000000000000000000, -0.5000000000000013323, -0.8660254037844378194 ) ) ;
#863 = CARTESIAN_POINT ( 'NONE',  ( 2.800000000000020695, 0.000000000000000000, 5.749999999999989342 ) ) ;
#864 = SURFACE_STYLE_USAGE ( .BOTH. , #1824 ) ;
#865 = ADVANCED_FACE ( 'NONE', ( #1699 ), #198, .F. ) ;
#866 = SURFACE_STYLE_FILL_AREA ( #150 ) ;
#867 = DIRECTION ( 'NONE',  ( -0.000000000000000000, -1.000000000000000000, 0.000000000000000000 ) ) ;
#868 = MECHANICAL_DESIGN_GEOMETRIC_PRESENTATION_REPRESENTATION (  '', ( #25 ), #1841 ) ;
#869 = FILL_AREA_STYLE ('',( #1216 ) ) ;
#870 = ORIENTED_EDGE ( 'NONE', *, *, #1400, .T. ) ;
#871 = ORIENTED_EDGE ( 'NONE', *, *, #13, .T. ) ;
#872 =( NAMED_UNIT ( * ) SI_UNIT ( $, .STERADIAN. ) SOLID_ANGLE_UNIT ( ) );
#873 =( LENGTH_UNIT ( ) NAMED_UNIT ( * ) SI_UNIT ( .MILLI., .METRE. ) );
#874 = CARTESIAN_POINT ( 'NONE',  ( 3.699999999999991740, 4.949999999999999289, -1.250000000000016653 ) ) ;
#875 = PRESENTATION_STYLE_ASSIGNMENT (( #1701 ) ) ;
#876 = COLOUR_RGB ( '',0.7529411764705882248, 0.7529411764705882248, 0.7529411764705882248 ) ;
#877 = VECTOR ( 'NONE', #1918, 1000.000000000000000 ) ;
#878 = EDGE_CURVE ( 'NONE', #936, #1902, #1991, .T. ) ;
#879 = FILL_AREA_STYLE_COLOUR ( '', #2163 ) ;
#880 = EDGE_CURVE ( 'NONE', #2092, #779, #1655, .T. ) ;
#881 = AXIS2_PLACEMENT_3D ( 'NONE', #1343, #1827, #1158 ) ;
#882 = VERTEX_POINT ( 'NONE', #2014 ) ;
#883 = VECTOR ( 'NONE', #1424, 1000.000000000000000 ) ;
#884 = MECHANICAL_DESIGN_GEOMETRIC_PRESENTATION_REPRESENTATION (  '', ( #1852 ), #1423 ) ;
#885 = DIRECTION ( 'NONE',  ( 3.491483361109382461E-15, -0.000000000000000000, 1.000000000000000000 ) ) ;
#886 = DIRECTION ( 'NONE',  ( -3.491483361109382461E-15, 0.000000000000000000, -1.000000000000000000 ) ) ;
#887 = EDGE_CURVE ( 'NONE', #1675, #1816, #834, .T. ) ;
#888 = FILL_AREA_STYLE_COLOUR ( '', #2098 ) ;
#889 = ADVANCED_FACE ( 'NONE', ( #1491 ), #2167, .F. ) ;
#890 = ORIENTED_EDGE ( 'NONE', *, *, #1248, .T. ) ;
#891 = FACE_OUTER_BOUND ( 'NONE', #1125, .T. ) ;
#892 = DIRECTION ( 'NONE',  ( 1.000000000000000000, 0.000000000000000000, 0.000000000000000000 ) ) ;
#893 = PRESENTATION_STYLE_ASSIGNMENT (( #1069 ) ) ;
#894 = ORIENTED_EDGE ( 'NONE', *, *, #1525, .T. ) ;
#895 = SURFACE_STYLE_USAGE ( .BOTH. , #1885 ) ;
#896 = LINE ( 'NONE', #574, #83 ) ;
#898 = ORIENTED_EDGE ( 'NONE', *, *, #2113, .F. ) ;
#897 = VECTOR ( 'NONE', #1601, 1000.000000000000000 ) ;
#899 = CARTESIAN_POINT ( 'NONE',  ( -1.749999999999982903, 5.950000000000000178, 5.750000000000006217 ) ) ;
#900 = UNCERTAINTY_MEASURE_WITH_UNIT (LENGTH_MEASURE( 1.000000000000000082E-05 ), #1128, 'distance_accuracy_value', 'NONE');
#901 = CARTESIAN_POINT ( 'NONE',  ( -1.569999999999980744, 2.654999999999991367, 5.550000000000000711 ) ) ;
#902 = ORIENTED_EDGE ( 'NONE', *, *, #614, .F. ) ;
#903 = SURFACE_STYLE_FILL_AREA ( #227 ) ;
#904 = LINE ( 'NONE', #1569, #594 ) ;
#905 = CARTESIAN_POINT ( 'NONE',  ( 3.700000000000014833, 5.124999999999999112, 2.649999999999988365 ) ) ;
#906 = EDGE_CURVE ( 'NONE', #16, #1294, #1334, .T. ) ;
#907 = PLANE ( 'NONE',  #1425 ) ;
#908 = CIRCLE ( 'NONE', #1085, 1.240000000000003322 ) ;
#909 = VERTEX_POINT ( 'NONE', #348 ) ;
#910 = CARTESIAN_POINT ( 'NONE',  ( -1.570000000000013163, 2.654999999999991367, -3.770000000000000462 ) ) ;
#911 = VECTOR ( 'NONE', #1650, 1000.000000000000000 ) ;
#912 = ORIENTED_EDGE ( 'NONE', *, *, #1621, .F. ) ;
#913 = VECTOR ( 'NONE', #2156, 1000.000000000000000 ) ;
#914 = ADVANCED_FACE ( 'NONE', ( #843 ), #1503, .F. ) ;
#915 = SURFACE_STYLE_FILL_AREA ( #1223 ) ;
#916 = VECTOR ( 'NONE', #649, 1000.000000000000000 ) ;
#917 = FACE_OUTER_BOUND ( 'NONE', #170, .T. ) ;
#918 = SURFACE_SIDE_STYLE ('',( #2086 ) ) ;
#919 =( LENGTH_UNIT ( ) NAMED_UNIT ( * ) SI_UNIT ( .MILLI., .METRE. ) );
#920 = VERTEX_POINT ( 'NONE', #504 ) ;
#921 = CARTESIAN_POINT ( 'NONE',  ( 2.799999999999996270, 4.949999999999997513, -1.250000000000015543 ) ) ;
#922 = MECHANICAL_DESIGN_GEOMETRIC_PRESENTATION_REPRESENTATION (  '', ( #1551 ), #1225 ) ;
#923 = PRESENTATION_STYLE_ASSIGNMENT (( #788 ) ) ;
#924 = VERTEX_POINT ( 'NONE', #1839 ) ;
#925 = SURFACE_STYLE_FILL_AREA ( #1392 ) ;
#926 = VECTOR ( 'NONE', #328, 1000.000000000000000 ) ;
#927 = DIRECTION ( 'NONE',  ( -0.000000000000000000, -1.000000000000000000, 0.000000000000000000 ) ) ;
#928 = DIRECTION ( 'NONE',  ( 3.491483361109382461E-15, -0.000000000000000000, 1.000000000000000000 ) ) ;
#929 = DIRECTION ( 'NONE',  ( 0.000000000000000000, -1.073467497510400859E-16, -1.000000000000000000 ) ) ;
#930 = LINE ( 'NONE', #342, #1261 ) ;
#931 = ORIENTED_EDGE ( 'NONE', *, *, #139, .F. ) ;
#932 = DIRECTION ( 'NONE',  ( -3.491483361109382461E-15, 0.000000000000000000, -1.000000000000000000 ) ) ;
#933 =( GEOMETRIC_REPRESENTATION_CONTEXT ( 3 ) GLOBAL_UNCERTAINTY_ASSIGNED_CONTEXT ( ( #900 ) ) GLOBAL_UNIT_ASSIGNED_CONTEXT ( ( #1128, #464, #1772 ) ) REPRESENTATION_CONTEXT ( 'NONE', 'WORKASPACE' ) );
#934 = CARTESIAN_POINT ( 'NONE',  ( 3.700000000000020606, 5.124999999999999112, 5.749999999999988454 ) ) ;
#935 = VECTOR ( 'NONE', #1065, 1000.000000000000000 ) ;
#936 = VERTEX_POINT ( 'NONE', #1017 ) ;
#937 = FACE_OUTER_BOUND ( 'NONE', #408, .T. ) ;
#938 = VERTEX_POINT ( 'NONE', #1850 ) ;
#939 = EDGE_CURVE ( 'NONE', #2005, #242, #1674, .T. ) ;
#940 = CARTESIAN_POINT ( 'NONE',  ( 2.850000000000020517, 1.024999999999999023, 5.749999999999989342 ) ) ;
#941 = EDGE_CURVE ( 'NONE', #216, #920, #190, .T. ) ;
#942 = SURFACE_STYLE_USAGE ( .BOTH. , #583 ) ;
#943 = DIRECTION ( 'NONE',  ( -0.000000000000000000, -1.000000000000000000, -0.000000000000000000 ) ) ;
#944 = CARTESIAN_POINT ( 'NONE',  ( 3.699999999999995737, 3.254999999999998117, -1.250000000000016431 ) ) ;
#945 = ORIENTED_EDGE ( 'NONE', *, *, #471, .T. ) ;
#946 = VECTOR ( 'NONE', #604, 1000.000000000000000 ) ;
#947 = AXIS2_PLACEMENT_3D ( 'NONE', #2112, #411, #929 ) ;
#948 = UNCERTAINTY_MEASURE_WITH_UNIT (LENGTH_MEASURE( 1.000000000000000082E-05 ), #2026, 'distance_accuracy_value', 'NONE');
#949 = ORIENTED_EDGE ( 'NONE', *, *, #197, .F. ) ;
#950 = VECTOR ( 'NONE', #1462, 1000.000000000000000 ) ;
#951 = STYLED_ITEM ( 'NONE', ( #1692 ), #1771 ) ;
#952 = VERTEX_POINT ( 'NONE', #899 ) ;
#953 = EDGE_CURVE ( 'NONE', #481, #1582, #214, .T. ) ;
#954 = VECTOR ( 'NONE', #1120, 1000.000000000000000 ) ;
#955 = PRESENTATION_LAYER_ASSIGNMENT (  '', '', ( #2142 ) ) ;
#956 = DIRECTION ( 'NONE',  ( -1.000000000000000000, -3.747993906249292199E-31, 4.023349639225659456E-47 ) ) ;
#957 = EDGE_CURVE ( 'NONE', #1138, #167, #1565, .T. ) ;
#958 = CARTESIAN_POINT ( 'NONE',  ( -1.569999999999980744, 3.895000000000001794, 5.550000000000007816 ) ) ;
#959 = CARTESIAN_POINT ( 'NONE',  ( -0.9300000000000042677, 3.254999999999998117, -1.250000000000000444 ) ) ;
#960 = ORIENTED_EDGE ( 'NONE', *, *, #2116, .T. ) ;
#961 = VERTEX_POINT ( 'NONE', #1376 ) ;
#962 = CARTESIAN_POINT ( 'NONE',  ( -2.799999999999979394, 0.2500000000000000000, 5.750000000000005329 ) ) ;
#963 = ORIENTED_EDGE ( 'NONE', *, *, #1562, .F. ) ;
#964 = CARTESIAN_POINT ( 'NONE',  ( 1.569999999999991180, 3.895000000000000906, -2.530000000000002913 ) ) ;
#965 = DIRECTION ( 'NONE',  ( -0.000000000000000000, -1.000000000000000000, 0.000000000000000000 ) ) ;
#966 = FILL_AREA_STYLE ('',( #1311 ) ) ;
#967 = VERTEX_POINT ( 'NONE', #1726 ) ;
#968 = UNCERTAINTY_MEASURE_WITH_UNIT (LENGTH_MEASURE( 1.000000000000000082E-05 ), #1282, 'distance_accuracy_value', 'NONE');
#969 = DIRECTION ( 'NONE',  ( -0.000000000000000000, -1.000000000000000000, -0.000000000000000000 ) ) ;
#970 = ORIENTED_EDGE ( 'NONE', *, *, #1494, .F. ) ;
#971 = ORIENTED_EDGE ( 'NONE', *, *, #1431, .T. ) ;
#972 = CARTESIAN_POINT ( 'NONE',  ( 3.699999999999980194, 0.000000000000000000, -5.750000000000014211 ) ) ;
#973 = ORIENTED_EDGE ( 'NONE', *, *, #1009, .T. ) ;
#974 = VECTOR ( 'NONE', #1035, 1000.000000000000000 ) ;
#975 = LINE ( 'NONE', #100, #458 ) ;
#976 = DIRECTION ( 'NONE',  ( 1.000000000000000000, -0.000000000000000000, -3.491483361109382461E-15 ) ) ;
#977 = DIRECTION ( 'NONE',  ( 0.000000000000000000, 1.000000000000000000, 0.000000000000000000 ) ) ;
#978 = CARTESIAN_POINT ( 'NONE',  ( 1.569999999999991624, 3.254999999999998117, -2.530000000000006466 ) ) ;
#979 = DIRECTION ( 'NONE',  ( -3.614007241618349165E-15, 0.000000000000000000, -1.000000000000000000 ) ) ;
#980 = EDGE_CURVE ( 'NONE', #1138, #2005, #542, .T. ) ;
#981 = VECTOR ( 'NONE', #1974, 1000.000000000000000 ) ;
#982 = EDGE_CURVE ( 'NONE', #216, #97, #1218, .T. ) ;
#983 =( NAMED_UNIT ( * ) SI_UNIT ( $, .STERADIAN. ) SOLID_ANGLE_UNIT ( ) );
#984 = ORIENTED_EDGE ( 'NONE', *, *, #294, .T. ) ;
#985 = ORIENTED_EDGE ( 'NONE', *, *, #1525, .F. ) ;
#986 = PRESENTATION_LAYER_ASSIGNMENT (  '', '', ( #175 ) ) ;
#987 = ADVANCED_FACE ( 'NONE', ( #2081 ), #1087, .F. ) ;
#988 = DIRECTION ( 'NONE',  ( 3.491483361109382461E-15, 0.000000000000000000, 1.000000000000000000 ) ) ;
#989 = CIRCLE ( 'NONE', #36, 0.5999999999999998668 ) ;
#990 = AXIS2_PLACEMENT_3D ( 'NONE', #2047, #1190, #194 ) ;
#991 = DIRECTION ( 'NONE',  ( -3.497426362856456641E-15, 1.049227908856937032E-14, -1.000000000000000000 ) ) ;
#992 = DIRECTION ( 'NONE',  ( -1.000000000000000000, -0.000000000000000000, 3.491483361109382066E-15 ) ) ;
#993 = DIRECTION ( 'NONE',  ( -3.747993906249292199E-31, 1.000000000000000000, -1.073467497510400859E-16 ) ) ;
#994 = FACE_OUTER_BOUND ( 'NONE', #1420, .T. ) ;
#995 = ORIENTED_EDGE ( 'NONE', *, *, #1074, .F. ) ;
#996 = UNCERTAINTY_MEASURE_WITH_UNIT (LENGTH_MEASURE( 1.000000000000000082E-05 ), #919, 'distance_accuracy_value', 'NONE');
#997 = DIRECTION ( 'NONE',  ( -3.491483361109382461E-15, 0.000000000000000000, -1.000000000000000000 ) ) ;
#998 = DIRECTION ( 'NONE',  ( 3.491483361109382461E-15, 0.000000000000000000, 1.000000000000000000 ) ) ;
#999 = VERTEX_POINT ( 'NONE', #1370 ) ;
#1000 = VECTOR ( 'NONE', #1201, 1000.000000000000000 ) ;
#1001 = CARTESIAN_POINT ( 'NONE',  ( 2.850000000000020517, 5.124999999999998224, 5.749999999999989342 ) ) ;
#1002 = CARTESIAN_POINT ( 'NONE',  ( -0.9300000000000083755, 2.654999999999997584, -2.530000000000000693 ) ) ;
#1003 = CARTESIAN_POINT ( 'NONE',  ( 2.799999999999997158, 0.2500000000000000000, 5.750000000000034639 ) ) ;
#1004 = CARTESIAN_POINT ( 'NONE',  ( -9.804462863060932065, 0.2500000000000000000, 5.750000000000034639 ) ) ;
#1005 = ORIENTED_EDGE ( 'NONE', *, *, #565, .T. ) ;
#1006 = LINE ( 'NONE', #156, #159 ) ;
#1007 = CARTESIAN_POINT ( 'NONE',  ( -1.749999999999979572, 0.03186736870126102156, 5.750000000000006217 ) ) ;
#1008 = EDGE_LOOP ( 'NONE', ( #257, #2143, #2033, #2132 ) ) ;
#1009 = EDGE_CURVE ( 'NONE', #1137, #476, #70, .T. ) ;
#1010 = VECTOR ( 'NONE', #1263, 1000.000000000000000 ) ;
#1011 = EDGE_CURVE ( 'NONE', #358, #1847, #240, .T. ) ;
#1012 = ADVANCED_FACE ( 'NONE', ( #891 ), #404, .F. ) ;
#1013 = LINE ( 'NONE', #2172, #108 ) ;
#1014 =( LENGTH_UNIT ( ) NAMED_UNIT ( * ) SI_UNIT ( .MILLI., .METRE. ) );
#1015 = ORIENTED_EDGE ( 'NONE', *, *, #619, .T. ) ;
#1016 = CARTESIAN_POINT ( 'NONE',  ( 3.699999999999980194, 5.950000000000000178, -5.750000000000014211 ) ) ;
#1017 = CARTESIAN_POINT ( 'NONE',  ( -2.800000000000010036, 2.975095767473747339E-16, -5.749999999999991118 ) ) ;
#1018 = PRESENTATION_LAYER_ASSIGNMENT (  '', '', ( #2061 ) ) ;
#1019 = ORIENTED_EDGE ( 'NONE', *, *, #17, .T. ) ;
#1020 = STYLED_ITEM ( 'NONE', ( #1574 ), #987 ) ;
#1021 = VECTOR ( 'NONE', #1662, 1000.000000000000000 ) ;
#1022 = CARTESIAN_POINT ( 'NONE',  ( 0.9299999999999958300, 3.895000000000000906, -2.529999999999998028 ) ) ;
#1023 = PLANE ( 'NONE',  #1920 ) ;
#1024 = PRESENTATION_LAYER_ASSIGNMENT (  '', '', ( #741 ) ) ;
#1025 = CARTESIAN_POINT ( 'NONE',  ( -0.9299999999999924993, 3.254999999999998561, 1.050000000000002931 ) ) ;
#1026 = MECHANICAL_DESIGN_GEOMETRIC_PRESENTATION_REPRESENTATION (  '', ( #2142 ), #640 ) ;
#1027 = ORIENTED_EDGE ( 'NONE', *, *, #1878, .T. ) ;
#1028 = ORIENTED_EDGE ( 'NONE', *, *, #2121, .T. ) ;
#1029 = ORIENTED_EDGE ( 'NONE', *, *, #128, .F. ) ;
#1030 = EDGE_CURVE ( 'NONE', #2154, #952, #49, .T. ) ;
#1031 = DIRECTION ( 'NONE',  ( 0.000000000000000000, -0.000000000000000000, -1.000000000000000000 ) ) ;
#1032 = CARTESIAN_POINT ( 'NONE',  ( 3.699999999999995737, 4.949999999999999289, -1.250000000000016431 ) ) ;
#1033 = LINE ( 'NONE', #1022, #1305 ) ;
#1034 = DIRECTION ( 'NONE',  ( 1.000000000000000000, 0.000000000000000000, -3.491483361109382461E-15 ) ) ;
#1035 = DIRECTION ( 'NONE',  ( 1.000000000000000000, -6.443359736700906521E-31, -1.189090148874340346E-46 ) ) ;
#1036 = DIRECTION ( 'NONE',  ( 1.000000000000000000, 0.000000000000000000, 0.000000000000000000 ) ) ;
#1037 = VERTEX_POINT ( 'NONE', #534 ) ;
#1038 = EDGE_LOOP ( 'NONE', ( #1807, #1442, #1967, #2048 ) ) ;
#1039 = PRESENTATION_STYLE_ASSIGNMENT (( #32 ) ) ;
#1040 = VECTOR ( 'NONE', #369, 1000.000000000000000 ) ;
#1041 = LINE ( 'NONE', #1378, #1056 ) ;
#1042 = SURFACE_SIDE_STYLE ('',( #1871 ) ) ;
#1043 = DIRECTION ( 'NONE',  ( -3.433306879537431628E-15, 1.445602896647339508E-15, -1.000000000000000000 ) ) ;
#1044 = DIRECTION ( 'NONE',  ( 0.000000000000000000, 1.000000000000000000, 0.000000000000000000 ) ) ;
#1045 = VECTOR ( 'NONE', #55, 1000.000000000000000 ) ;
#1046 = SURFACE_STYLE_FILL_AREA ( #869 ) ;
#1047 = ORIENTED_EDGE ( 'NONE', *, *, #712, .T. ) ;
#1048 = FACE_OUTER_BOUND ( 'NONE', #114, .T. ) ;
#1049 = DIRECTION ( 'NONE',  ( -1.000000000000000000, 0.000000000000000000, 3.491483361109382461E-15 ) ) ;
#1050 = DIRECTION ( 'NONE',  ( 0.000000000000000000, -2.805883208705177183E-17, 1.000000000000000000 ) ) ;
#1051 = AXIS2_PLACEMENT_3D ( 'NONE', #526, #1181, #1199 ) ;
#1052 = PRESENTATION_LAYER_ASSIGNMENT (  '', '', ( #96 ) ) ;
#1053 = EDGE_CURVE ( 'NONE', #1948, #188, #1388, .T. ) ;
#1054 = DIRECTION ( 'NONE',  ( 0.000000000000000000, 1.000000000000000000, -0.000000000000000000 ) ) ;
#1055 = LINE ( 'NONE', #229, #974 ) ;
#1056 = VECTOR ( 'NONE', #1219, 1000.000000000000000 ) ;
#1057 = MECHANICAL_DESIGN_GEOMETRIC_PRESENTATION_REPRESENTATION (  '', ( #951 ), #849 ) ;
#1058 = ORIENTED_EDGE ( 'NONE', *, *, #387, .T. ) ;
#1059 = CARTESIAN_POINT ( 'NONE',  ( -1.570000000000003615, 3.895000000000000906, -2.529999999999989146 ) ) ;
#1060 = AXIS2_PLACEMENT_3D ( 'NONE', #1094, #454, #467 ) ;
#1061 = LINE ( 'NONE', #26, #377 ) ;
#1062 = EDGE_CURVE ( 'NONE', #2107, #1198, #1583, .T. ) ;
#1063 =( NAMED_UNIT ( * ) SI_UNIT ( $, .STERADIAN. ) SOLID_ANGLE_UNIT ( ) );
#1064 = ORIENTED_EDGE ( 'NONE', *, *, #1364, .F. ) ;
#1065 = DIRECTION ( 'NONE',  ( -3.491483361109382461E-15, 0.000000000000000000, -1.000000000000000000 ) ) ;
#1066 = CARTESIAN_POINT ( 'NONE',  ( 3.700000000000020606, 5.950000000000000178, -1.249999999999990674 ) ) ;
#1067 = ORIENTED_EDGE ( 'NONE', *, *, #1668, .F. ) ;
#1068 = DIRECTION ( 'NONE',  ( -0.000000000000000000, -1.000000000000000000, 0.000000000000000000 ) ) ;
#1069 = SURFACE_STYLE_USAGE ( .BOTH. , #395 ) ;
#1070 = ORIENTED_EDGE ( 'NONE', *, *, #2, .F. ) ;
#1071 = DIRECTION ( 'NONE',  ( -0.000000000000000000, -1.000000000000000000, -0.000000000000000000 ) ) ;
#1072 = CARTESIAN_POINT ( 'NONE',  ( 1.570000000000007612, 3.254999999999998561, 1.049999999999994271 ) ) ;
#1073 = CARTESIAN_POINT ( 'NONE',  ( 1.750000000000006439, 0.03186736870126102156, 2.049999999999994049 ) ) ;
#1074 = EDGE_CURVE ( 'NONE', #882, #2092, #1910, .T. ) ;
#1075 = CARTESIAN_POINT ( 'NONE',  ( 3.699999999999995737, 5.950000000000000178, -1.250000000000016431 ) ) ;
#1077 = ORIENTED_EDGE ( 'NONE', *, *, #749, .F. ) ;
#1076 = MECHANICAL_DESIGN_GEOMETRIC_PRESENTATION_REPRESENTATION (  '', ( #805 ), #1301 ) ;
#1078 = UNCERTAINTY_MEASURE_WITH_UNIT (LENGTH_MEASURE( 1.000000000000000082E-05 ), #35, 'distance_accuracy_value', 'NONE');
#1079 = DIRECTION ( 'NONE',  ( 3.491483361109382461E-15, -0.000000000000000000, 1.000000000000000000 ) ) ;
#1080 = ORIENTED_EDGE ( 'NONE', *, *, #1776, .T. ) ;
#1081 = FILL_AREA_STYLE_COLOUR ( '', #2165 ) ;
#1082 = PRESENTATION_LAYER_ASSIGNMENT (  '', '', ( #1020 ) ) ;
#1083 = FACE_OUTER_BOUND ( 'NONE', #1360, .T. ) ;
#1084 = CARTESIAN_POINT ( 'NONE',  ( -1.569999999999980522, 3.895000000000001794, 5.550000000000010481 ) ) ;
#1085 = AXIS2_PLACEMENT_3D ( 'NONE', #2158, #382, #545 ) ;
#1086 = EDGE_LOOP ( 'NONE', ( #223, #912, #572, #740 ) ) ;
#1087 = PLANE ( 'NONE',  #375 ) ;
#1088 = ADVANCED_FACE ( 'NONE', ( #1923 ), #109, .F. ) ;
#1089 = CARTESIAN_POINT ( 'NONE',  ( -3.699999999999980638, 5.950000000000000178, 5.749999999999986677 ) ) ;
#1090 = AXIS2_PLACEMENT_3D ( 'NONE', #334, #1669, #312 ) ;
#1091 = EDGE_LOOP ( 'NONE', ( #2011, #2147, #331, #1180, #1380, #633 ) ) ;
#1092 = STYLED_ITEM ( 'NONE', ( #1585 ), #45 ) ;
#1093 = CARTESIAN_POINT ( 'NONE',  ( -3.699999999999979305, 1.301042606982605321E-15, 5.750000000000014211 ) ) ;
#1094 = CARTESIAN_POINT ( 'NONE',  ( -2.849999999999980549, 5.124999999999998224, 5.750000000000011546 ) ) ;
#1095 = PLANE ( 'NONE',  #1264 ) ;
#1096 = DIRECTION ( 'NONE',  ( 1.000000000000000000, -0.000000000000000000, -3.491483361109382461E-15 ) ) ;
#1097 = DIRECTION ( 'NONE',  ( 1.000000000000000000, 4.326255823213464306E-31, -5.360612528292685407E-47 ) ) ;
#1098 = ORIENTED_EDGE ( 'NONE', *, *, #13, .F. ) ;
#1099 = FACE_OUTER_BOUND ( 'NONE', #498, .T. ) ;
#1100 = UNCERTAINTY_MEASURE_WITH_UNIT (LENGTH_MEASURE( 1.000000000000000082E-05 ), #1014, 'distance_accuracy_value', 'NONE');
#1101 = LINE ( 'NONE', #1455, #1010 ) ;
#1102 = EDGE_LOOP ( 'NONE', ( #1098, #811, #1242, #1646 ) ) ;
#1103 = SURFACE_STYLE_USAGE ( .BOTH. , #718 ) ;
#1104 = EDGE_CURVE ( 'NONE', #196, #647, #1804, .T. ) ;
#1105 = VERTEX_POINT ( 'NONE', #1451 ) ;
#1106 = EDGE_CURVE ( 'NONE', #167, #242, #1607, .T. ) ;
#1107 = VECTOR ( 'NONE', #1963, 1000.000000000000000 ) ;
#1108 = DIRECTION ( 'NONE',  ( -1.000000000000000000, 0.000000000000000000, 3.491483361109382461E-15 ) ) ;
#1109 = CARTESIAN_POINT ( 'NONE',  ( 1.569999999999987184, 2.654999999999994476, -3.770000000000011564 ) ) ;
#1110 = LINE ( 'NONE', #263, #99 ) ;
#1111 = ORIENTED_EDGE ( 'NONE', *, *, #547, .F. ) ;
#1112 = SURFACE_STYLE_USAGE ( .BOTH. , #587 ) ;
#1113 = AXIS2_PLACEMENT_3D ( 'NONE', #1609, #1577, #71 ) ;
#1114 = ADVANCED_FACE ( 'NONE', ( #1283, #459, #1945 ), #1430, .F. ) ;
#1115 = CARTESIAN_POINT ( 'NONE',  ( 0.9299999999999887246, -3.399999999999999467, -3.130000000000005667 ) ) ;
#1116 =( GEOMETRIC_REPRESENTATION_CONTEXT ( 3 ) GLOBAL_UNCERTAINTY_ASSIGNED_CONTEXT ( ( #1882 ) ) GLOBAL_UNIT_ASSIGNED_CONTEXT ( ( #1836, #692, #1179 ) ) REPRESENTATION_CONTEXT ( 'NONE', 'WORKASPACE' ) );
#1117 = ORIENTED_EDGE ( 'NONE', *, *, #1938, .F. ) ;
#1118 = EDGE_CURVE ( 'NONE', #284, #1948, #309, .T. ) ;
#1119 = ORIENTED_EDGE ( 'NONE', *, *, #939, .F. ) ;
#1120 = DIRECTION ( 'NONE',  ( 1.000000000000000000, 1.511856643805703727E-15, -8.728708402773505456E-16 ) ) ;
#1121 = DIRECTION ( 'NONE',  ( 1.000000000000000000, 0.000000000000000000, -3.491483361109382461E-15 ) ) ;
#1122 = SURFACE_STYLE_USAGE ( .BOTH. , #1407 ) ;
#1123 = LINE ( 'NONE', #639, #1429 ) ;
#1124 = SURFACE_STYLE_FILL_AREA ( #1273 ) ;
#1125 = EDGE_LOOP ( 'NONE', ( #655, #384, #327, #1790 ) ) ;
#1126 = ORIENTED_EDGE ( 'NONE', *, *, #217, .F. ) ;
#1127 = VECTOR ( 'NONE', #105, 1000.000000000000000 ) ;
#1128 =( LENGTH_UNIT ( ) NAMED_UNIT ( * ) SI_UNIT ( .MILLI., .METRE. ) );
#1129 = VERTEX_POINT ( 'NONE', #1463 ) ;
#1130 = VECTOR ( 'NONE', #927, 1000.000000000000000 ) ;
#1131 = LINE ( 'NONE', #1626, #1398 ) ;
#1132 = CARTESIAN_POINT ( 'NONE',  ( 0.9299999999999934985, 3.895000000000000906, -2.530000000000000249 ) ) ;
#1133 = DIRECTION ( 'NONE',  ( -1.000000000000000000, 0.000000000000000000, 3.491483361109382461E-15 ) ) ;
#1134 = LINE ( 'NONE', #944, #950 ) ;
#1135 = ORIENTED_EDGE ( 'NONE', *, *, #796, .F. ) ;
#1136 = PLANE ( 'NONE',  #1694 ) ;
#1137 = VERTEX_POINT ( 'NONE', #2138 ) ;
#1138 = VERTEX_POINT ( 'NONE', #470 ) ;
#1139 = ORIENTED_EDGE ( 'NONE', *, *, #1548, .T. ) ;
#1140 = CARTESIAN_POINT ( 'NONE',  ( 1.750000000000006883, 5.124999999999998224, 2.049999999999997158 ) ) ;
#1141 = EDGE_CURVE ( 'NONE', #952, #608, #1782, .T. ) ;
#1142 = ADVANCED_FACE ( 'NONE', ( #91 ), #1796, .T. ) ;
#1143 = LINE ( 'NONE', #1638, #1399 ) ;
#1144 = LINE ( 'NONE', #1474, #1194 ) ;
#1145 = SURFACE_STYLE_USAGE ( .BOTH. , #75 ) ;
#1146 = SURFACE_STYLE_USAGE ( .BOTH. , #446 ) ;
#1147 = EDGE_LOOP ( 'NONE', ( #985, #1229, #1808, #1160 ) ) ;
#1148 =( LENGTH_UNIT ( ) NAMED_UNIT ( * ) SI_UNIT ( .MILLI., .METRE. ) );
#1149 = ADVANCED_FACE ( 'NONE', ( #1099 ), #2090, .F. ) ;
#1150 = EDGE_CURVE ( 'NONE', #1152, #1902, #492, .T. ) ;
#1151 = ORIENTED_EDGE ( 'NONE', *, *, #1527, .F. ) ;
#1152 = VERTEX_POINT ( 'NONE', #480 ) ;
#1153 = VERTEX_POINT ( 'NONE', #831 ) ;
#1154 = AXIS2_PLACEMENT_3D ( 'NONE', #1257, #624, #101 ) ;
#1155 = SURFACE_STYLE_FILL_AREA ( #115 ) ;
#1156 = FILL_AREA_STYLE_COLOUR ( '', #1922 ) ;
#1157 = LINE ( 'NONE', #1003, #1537 ) ;
#1158 = DIRECTION ( 'NONE',  ( -3.614007241618349165E-15, 0.000000000000000000, -1.000000000000000000 ) ) ;
#1159 = PRESENTATION_LAYER_ASSIGNMENT (  '', '', ( #1708 ) ) ;
#1160 = ORIENTED_EDGE ( 'NONE', *, *, #1011, .F. ) ;
#1161 = CARTESIAN_POINT ( 'NONE',  ( -1.250000000000008216, 2.654999999999997584, -2.529999999999999361 ) ) ;
#1162 = CARTESIAN_POINT ( 'NONE',  ( 2.799999999999980282, 2.351923788646675728, -5.750000000000011546 ) ) ;
#1163 = COLOUR_RGB ( '',0.8431372549019607865, 0.8156862745098039102, 0.7529411764705882248 ) ;
#1164 = VERTEX_POINT ( 'NONE', #314 ) ;
#1165 =( GEOMETRIC_REPRESENTATION_CONTEXT ( 3 ) GLOBAL_UNCERTAINTY_ASSIGNED_CONTEXT ( ( #546 ) ) GLOBAL_UNIT_ASSIGNED_CONTEXT ( ( #1768, #840, #1652 ) ) REPRESENTATION_CONTEXT ( 'NONE', 'WORKASPACE' ) );
#1166 = VECTOR ( 'NONE', #626, 1000.000000000000000 ) ;
#1167 = CARTESIAN_POINT ( 'NONE',  ( -3.700000000000019718, 4.124999999999998224, -5.749999999999985789 ) ) ;
#1168 = VECTOR ( 'NONE', #956, 1000.000000000000000 ) ;
#1169 = FILL_AREA_STYLE ('',( #1156 ) ) ;
#1170 = ORIENTED_EDGE ( 'NONE', *, *, #1053, .T. ) ;
#1171 = ADVANCED_FACE ( 'NONE', ( #152 ), #674, .T. ) ;
#1172 = FACE_OUTER_BOUND ( 'NONE', #1445, .T. ) ;
#1173 = LINE ( 'NONE', #1860, #1912 ) ;
#1174 = EDGE_CURVE ( 'NONE', #1902, #1153, #1641, .T. ) ;
#1175 = ORIENTED_EDGE ( 'NONE', *, *, #1878, .F. ) ;
#1176 = EDGE_CURVE ( 'NONE', #1623, #57, #2162, .T. ) ;
#1177 = DIRECTION ( 'NONE',  ( -0.000000000000000000, -1.000000000000000000, -0.000000000000000000 ) ) ;
#1178 = CARTESIAN_POINT ( 'NONE',  ( -1.569999999999996287, 3.254999999999998561, 1.050000000000004263 ) ) ;
#1179 =( NAMED_UNIT ( * ) SI_UNIT ( $, .STERADIAN. ) SOLID_ANGLE_UNIT ( ) );
#1180 = ORIENTED_EDGE ( 'NONE', *, *, #484, .T. ) ;
#1181 = DIRECTION ( 'NONE',  ( -3.491483361109382461E-15, 0.000000000000000000, -1.000000000000000000 ) ) ;
#1182 = CARTESIAN_POINT ( 'NONE',  ( -0.9299999999999885025, 3.895000000000001794, 5.550000000000007816 ) ) ;
#1183 = ADVANCED_FACE ( 'NONE', ( #994 ), #661, .F. ) ;
#1184 = PRESENTATION_LAYER_ASSIGNMENT (  '', '', ( #25 ) ) ;
#1185 = SURFACE_STYLE_USAGE ( .BOTH. , #506 ) ;
#1186 = FILL_AREA_STYLE ('',( #326 ) ) ;
#1187 = DIRECTION ( 'NONE',  ( 0.000000000000000000, 1.073467497510400859E-16, 1.000000000000000000 ) ) ;
#1188 = EDGE_CURVE ( 'NONE', #195, #284, #2153, .T. ) ;
#1189 = EDGE_CURVE ( 'NONE', #779, #920, #1604, .T. ) ;
#1190 = DIRECTION ( 'NONE',  ( 1.000000000000000000, 0.000000000000000000, -3.491483361109382066E-15 ) ) ;
#1191 = ORIENTED_EDGE ( 'NONE', *, *, #294, .F. ) ;
#1192 = ORIENTED_EDGE ( 'NONE', *, *, #172, .T. ) ;
#1193 = DIRECTION ( 'NONE',  ( 3.491483361109382461E-15, 0.000000000000000000, 1.000000000000000000 ) ) ;
#1194 = VECTOR ( 'NONE', #301, 1000.000000000000000 ) ;
#1195 = PRESENTATION_LAYER_ASSIGNMENT (  '', '', ( #1965 ) ) ;
#1196 =( LENGTH_UNIT ( ) NAMED_UNIT ( * ) SI_UNIT ( .MILLI., .METRE. ) );
#1197 = ORIENTED_EDGE ( 'NONE', *, *, #2028, .F. ) ;
#1198 = VERTEX_POINT ( 'NONE', #613 ) ;
#1199 = DIRECTION ( 'NONE',  ( -1.000000000000000000, 0.000000000000000000, 3.491483361109382461E-15 ) ) ;
#1200 =( NAMED_UNIT ( * ) SI_UNIT ( $, .STERADIAN. ) SOLID_ANGLE_UNIT ( ) );
#1201 = DIRECTION ( 'NONE',  ( 0.000000000000000000, 1.000000000000000000, 0.000000000000000000 ) ) ;
#1202 = CARTESIAN_POINT ( 'NONE',  ( 2.850000000000020517, 0.000000000000000000, 5.749999999999989342 ) ) ;
#1203 = DIRECTION ( 'NONE',  ( -3.491483361109382461E-15, 0.000000000000000000, -1.000000000000000000 ) ) ;
#1204 = VERTEX_POINT ( 'NONE', #2115 ) ;
#1205 = DIRECTION ( 'NONE',  ( 0.000000000000000000, -1.000000000000000000, 0.000000000000000000 ) ) ;
#1206 = DIRECTION ( 'NONE',  ( 0.000000000000000000, -1.073467497510400859E-16, -1.000000000000000000 ) ) ;
#1207 = COLOUR_RGB ( '',0.7529411764705882248, 0.7529411764705882248, 0.7529411764705882248 ) ;
#1208 = CARTESIAN_POINT ( 'NONE',  ( 2.799999999999984279, 2.351923788646676172, -5.750000000000010658 ) ) ;
#1209 = ADVANCED_FACE ( 'NONE', ( #770 ), #1591, .F. ) ;
#1210 = LINE ( 'NONE', #901, #648 ) ;
#1211 = STYLED_ITEM ( 'NONE', ( #473 ), #260 ) ;
#1212 = DIRECTION ( 'NONE',  ( -3.491483361109382461E-15, 0.000000000000000000, -1.000000000000000000 ) ) ;
#1213 = PRESENTATION_STYLE_ASSIGNMENT (( #2045 ) ) ;
#1214 = CIRCLE ( 'NONE', #1702, 0.5999999999999998668 ) ;
#1215 = STYLED_ITEM ( 'NONE', ( #1559 ), #58 ) ;
#1216 = FILL_AREA_STYLE_COLOUR ( '', #597 ) ;
#1217 = VERTEX_POINT ( 'NONE', #1309 ) ;
#1218 = LINE ( 'NONE', #715, #2170 ) ;
#1219 = DIRECTION ( 'NONE',  ( 0.000000000000000000, -0.000000000000000000, -1.000000000000000000 ) ) ;
#1220 = DIRECTION ( 'NONE',  ( -1.000000000000000000, 0.000000000000000000, 3.491483361109382461E-15 ) ) ;
#1221 = VERTEX_POINT ( 'NONE', #1919 ) ;
#1222 = MECHANICAL_DESIGN_GEOMETRIC_PRESENTATION_REPRESENTATION (  '', ( #1215 ), #266 ) ;
#1223 = FILL_AREA_STYLE ('',( #1081 ) ) ;
#1224 = MECHANICAL_DESIGN_GEOMETRIC_PRESENTATION_REPRESENTATION (  '', ( #1708 ), #1671 ) ;
#1225 =( GEOMETRIC_REPRESENTATION_CONTEXT ( 3 ) GLOBAL_UNCERTAINTY_ASSIGNED_CONTEXT ( ( #1078 ) ) GLOBAL_UNIT_ASSIGNED_CONTEXT ( ( #35, #225, #2053 ) ) REPRESENTATION_CONTEXT ( 'NONE', 'WORKASPACE' ) );
#1226 =( NAMED_UNIT ( * ) SI_UNIT ( $, .STERADIAN. ) SOLID_ANGLE_UNIT ( ) );
#1227 = CARTESIAN_POINT ( 'NONE',  ( 3.699999999999980194, 5.124999999999999112, -5.750000000000014211 ) ) ;
#1228 =( GEOMETRIC_REPRESENTATION_CONTEXT ( 3 ) GLOBAL_UNCERTAINTY_ASSIGNED_CONTEXT ( ( #968 ) ) GLOBAL_UNIT_ASSIGNED_CONTEXT ( ( #1282, #291, #1293 ) ) REPRESENTATION_CONTEXT ( 'NONE', 'WORKASPACE' ) );
#1229 = ORIENTED_EDGE ( 'NONE', *, *, #581, .T. ) ;
#1230 = DIRECTION ( 'NONE',  ( -0.000000000000000000, -1.000000000000000000, -0.000000000000000000 ) ) ;
#1231 = VECTOR ( 'NONE', #1809, 1000.000000000000000 ) ;
#1232 = VECTOR ( 'NONE', #681, 1000.000000000000000 ) ;
#1233 = UNCERTAINTY_MEASURE_WITH_UNIT (LENGTH_MEASURE( 1.000000000000000082E-05 ), #773, 'distance_accuracy_value', 'NONE');
#1234 = FILL_AREA_STYLE_COLOUR ( '', #2043 ) ;
#1235 = ADVANCED_BREP_SHAPE_REPRESENTATION ( 'S2B-XH-A', ( #516, #1735 ), #416 ) ;
#1236 = ORIENTED_EDGE ( 'NONE', *, *, #616, .T. ) ;
#1237 = EDGE_CURVE ( 'NONE', #961, #1204, #1427, .T. ) ;
#1238 =( NAMED_UNIT ( * ) SI_UNIT ( $, .STERADIAN. ) SOLID_ANGLE_UNIT ( ) );
#1239 = ADVANCED_FACE ( 'NONE', ( #119 ), #786, .F. ) ;
#1240 = CARTESIAN_POINT ( 'NONE',  ( 2.850000000000012079, 1.024999999999998357, 5.749999999999989342 ) ) ;
#1241 = DIRECTION ( 'NONE',  ( 0.000000000000000000, 1.000000000000000000, 0.000000000000000000 ) ) ;
#1242 = ORIENTED_EDGE ( 'NONE', *, *, #616, .F. ) ;
#1243 = DIRECTION ( 'NONE',  ( 0.000000000000000000, 1.000000000000000000, 1.281735474569444829E-14 ) ) ;
#1244 = FACE_OUTER_BOUND ( 'NONE', #1706, .T. ) ;
#1245 = ORIENTED_EDGE ( 'NONE', *, *, #1188, .T. ) ;
#1246 = DIRECTION ( 'NONE',  ( -3.491483361109382461E-15, 0.000000000000000000, -1.000000000000000000 ) ) ;
#1247 = LINE ( 'NONE', #1715, #1493 ) ;
#1248 = EDGE_CURVE ( 'NONE', #481, #771, #1110, .T. ) ;
#1250 = VERTEX_POINT ( 'NONE', #809 ) ;
#1249 = VECTOR ( 'NONE', #1730, 1000.000000000000000 ) ;
#1251 = DIRECTION ( 'NONE',  ( 0.000000000000000000, 1.845450506358305079E-16, -1.000000000000000000 ) ) ;
#1252 = UNCERTAINTY_MEASURE_WITH_UNIT (LENGTH_MEASURE( 1.000000000000000082E-05 ), #768, 'distance_accuracy_value', 'NONE');
#1253 = CARTESIAN_POINT ( 'NONE',  ( 3.700000000000014833, 4.124999999999998224, 5.749999999999986677 ) ) ;
#1254 = ORIENTED_EDGE ( 'NONE', *, *, #850, .F. ) ;
#1255 = AXIS2_PLACEMENT_3D ( 'NONE', #303, #2129, #628 ) ;
#1256 = DIRECTION ( 'NONE',  ( -3.491483361109382461E-15, -0.000000000000000000, -1.000000000000000000 ) ) ;
#1257 = CARTESIAN_POINT ( 'NONE',  ( -0.9300000000000109290, 2.654999999999991367, -3.129999999999999449 ) ) ;
#1258 = CARTESIAN_POINT ( 'NONE',  ( -0.9300000000000109290, -3.399999999999999467, -3.129999999999999449 ) ) ;
#1259 = CARTESIAN_POINT ( 'NONE',  ( -9.804462863060932065, 0.2499999999999991396, -1.249999999999994227 ) ) ;
#1260 = EDGE_LOOP ( 'NONE', ( #1302, #346, #1937, #72 ) ) ;
#1261 = VECTOR ( 'NONE', #2173, 1000.000000000000000 ) ;
#1262 = EDGE_CURVE ( 'NONE', #195, #1816, #1134, .T. ) ;
#1263 = DIRECTION ( 'NONE',  ( 1.000000000000000000, 0.000000000000000000, -0.000000000000000000 ) ) ;
#1264 = AXIS2_PLACEMENT_3D ( 'NONE', #245, #928, #432 ) ;
#1265 = VECTOR ( 'NONE', #1328, 1000.000000000000000 ) ;
#1266 = ORIENTED_EDGE ( 'NONE', *, *, #1174, .F. ) ;
#1267 = ORIENTED_EDGE ( 'NONE', *, *, #1188, .F. ) ;
#1268 = FACE_OUTER_BOUND ( 'NONE', #1352, .T. ) ;
#1269 = CARTESIAN_POINT ( 'NONE',  ( 0.9300000000000078204, 3.895000000000001794, 1.049999999999996714 ) ) ;
#1270 = CARTESIAN_POINT ( 'NONE',  ( 3.700000000000009504, 5.124999999999998224, 2.649999999999988365 ) ) ;
#1271 = DIRECTION ( 'NONE',  ( 0.000000000000000000, 1.845450506358305079E-16, -1.000000000000000000 ) ) ;
#1272 = VERTEX_POINT ( 'NONE', #424 ) ;
#1273 = FILL_AREA_STYLE ('',( #810 ) ) ;
#1274 = AXIS2_PLACEMENT_3D ( 'NONE', #529, #1536, #738 ) ;
#1275 = CARTESIAN_POINT ( 'NONE',  ( -3.700000000000019718, 2.351923788646675728, -5.749999999999985789 ) ) ;
#1276 = ORIENTED_EDGE ( 'NONE', *, *, #1431, .F. ) ;
#1277 = LINE ( 'NONE', #1468, #1670 ) ;
#1278 = EDGE_CURVE ( 'NONE', #1221, #339, #1944, .T. ) ;
#1279 = ORIENTED_EDGE ( 'NONE', *, *, #712, .F. ) ;
#1280 = DIRECTION ( 'NONE',  ( 3.491483361109382461E-15, 0.000000000000000000, 1.000000000000000000 ) ) ;
#1281 = LINE ( 'NONE', #2136, #1676 ) ;
#1282 =( LENGTH_UNIT ( ) NAMED_UNIT ( * ) SI_UNIT ( .MILLI., .METRE. ) );
#1283 = FACE_OUTER_BOUND ( 'NONE', #1260, .T. ) ;
#1284 = EDGE_CURVE ( 'NONE', #832, #195, #1123, .T. ) ;
#1285 = VECTOR ( 'NONE', #618, 1000.000000000000000 ) ;
#1286 = VERTEX_POINT ( 'NONE', #959 ) ;
#1287 = PRESENTATION_STYLE_ASSIGNMENT (( #803 ) ) ;
#1288 = ORIENTED_EDGE ( 'NONE', *, *, #1775, .F. ) ;
#1289 = DIRECTION ( 'NONE',  ( 1.000000000000000000, 0.000000000000000000, -3.491483361109382461E-15 ) ) ;
#1290 = MECHANICAL_DESIGN_GEOMETRIC_PRESENTATION_REPRESENTATION (  '', ( #2061 ), #933 ) ;
#1291 = CARTESIAN_POINT ( 'NONE',  ( 3.700000000000020606, 0.000000000000000000, 5.749999999999986677 ) ) ;
#1292 = LINE ( 'NONE', #279, #1713 ) ;
#1293 =( NAMED_UNIT ( * ) SI_UNIT ( $, .STERADIAN. ) SOLID_ANGLE_UNIT ( ) );
#1294 = VERTEX_POINT ( 'NONE', #1973 ) ;
#1295 = UNCERTAINTY_MEASURE_WITH_UNIT (LENGTH_MEASURE( 1.000000000000000082E-05 ), #758, 'distance_accuracy_value', 'NONE');
#1296 = CARTESIAN_POINT ( 'NONE',  ( -3.700000000000004174, 1.301042606982605321E-15, -1.249999999999990674 ) ) ;
#1297 = ORIENTED_EDGE ( 'NONE', *, *, #751, .F. ) ;
#1298 = MECHANICAL_DESIGN_GEOMETRIC_PRESENTATION_REPRESENTATION (  '', ( #175 ), #1228 ) ;
#1299 = ADVANCED_FACE ( 'NONE', ( #1620 ), #302, .F. ) ;
#1300 = LINE ( 'NONE', #441, #844 ) ;
#1301 =( GEOMETRIC_REPRESENTATION_CONTEXT ( 3 ) GLOBAL_UNCERTAINTY_ASSIGNED_CONTEXT ( ( #394 ) ) GLOBAL_UNIT_ASSIGNED_CONTEXT ( ( #1761, #793, #1917 ) ) REPRESENTATION_CONTEXT ( 'NONE', 'WORKASPACE' ) );
#1302 = ORIENTED_EDGE ( 'NONE', *, *, #1936, .T. ) ;
#1303 = AXIS2_PLACEMENT_3D ( 'NONE', #566, #1366, #1246 ) ;
#1304 = MECHANICAL_DESIGN_GEOMETRIC_PRESENTATION_REPRESENTATION (  '', ( #1965 ), #1471 ) ;
#1305 = VECTOR ( 'NONE', #2037, 1000.000000000000000 ) ;
#1306 = LINE ( 'NONE', #2123, #1786 ) ;
#1307 = CARTESIAN_POINT ( 'NONE',  ( -0.9300000000000115952, -3.399999999999999023, -3.129999999999999449 ) ) ;
#1308 = DIRECTION ( 'NONE',  ( -0.000000000000000000, -1.000000000000000000, -0.000000000000000000 ) ) ;
#1309 = CARTESIAN_POINT ( 'NONE',  ( -1.570000000000011164, 2.654999999999997584, -3.129999999999997229 ) ) ;
#1310 = EDGE_CURVE ( 'NONE', #2064, #1913, #584, .T. ) ;
#1311 = FILL_AREA_STYLE_COLOUR ( '', #876 ) ;
#1312 = VERTEX_POINT ( 'NONE', #248 ) ;
#1313 = CARTESIAN_POINT ( 'NONE',  ( 0.9299999999999869482, -3.399999999999999467, -3.770000000000008900 ) ) ;
#1314 = ORIENTED_EDGE ( 'NONE', *, *, #723, .T. ) ;
#1315 = ORIENTED_EDGE ( 'NONE', *, *, #165, .T. ) ;
#1316 =( NAMED_UNIT ( * ) SI_UNIT ( $, .STERADIAN. ) SOLID_ANGLE_UNIT ( ) );
#1317 = ORIENTED_EDGE ( 'NONE', *, *, #558, .F. ) ;
#1318 = LINE ( 'NONE', #362, #1231 ) ;
#1319 =( GEOMETRIC_REPRESENTATION_CONTEXT ( 3 ) GLOBAL_UNCERTAINTY_ASSIGNED_CONTEXT ( ( #1576 ) ) GLOBAL_UNIT_ASSIGNED_CONTEXT ( ( #1148, #305, #983 ) ) REPRESENTATION_CONTEXT ( 'NONE', 'WORKASPACE' ) );
#1320 = DIRECTION ( 'NONE',  ( -1.000000000000000000, 9.796694536410330951E-32, 2.748838070052749543E-48 ) ) ;
#1321 = LINE ( 'NONE', #818, #235 ) ;
#1322 = SURFACE_STYLE_FILL_AREA ( #502 ) ;
#1323 = ORIENTED_EDGE ( 'NONE', *, *, #2, .T. ) ;
#1324 = CARTESIAN_POINT ( 'NONE',  ( -0.9300000000000127054, -3.399999999999999023, -3.770000000000001350 ) ) ;
#1325 = ORIENTED_EDGE ( 'NONE', *, *, #1496, .F. ) ;
#1326 = ORIENTED_EDGE ( 'NONE', *, *, #177, .F. ) ;
#1327 = LINE ( 'NONE', #1482, #562 ) ;
#1328 = DIRECTION ( 'NONE',  ( 1.000000000000000000, 0.000000000000000000, -0.000000000000000000 ) ) ;
#1329 =( LENGTH_UNIT ( ) NAMED_UNIT ( * ) SI_UNIT ( .MILLI., .METRE. ) );
#1330 = DIRECTION ( 'NONE',  ( -3.491483361109382461E-15, 0.000000000000000000, -1.000000000000000000 ) ) ;
#1331 = EDGE_CURVE ( 'NONE', #603, #57, #930, .T. ) ;
#1332 = ORIENTED_EDGE ( 'NONE', *, *, #1830, .T. ) ;
#1333 = CARTESIAN_POINT ( 'NONE',  ( 1.569999999999986962, -3.399999999999999467, -3.770000000000008900 ) ) ;
#1334 = LINE ( 'NONE', #169, #94 ) ;
#1335 = EDGE_CURVE ( 'NONE', #1913, #216, #1157, .T. ) ;
#1336 = LINE ( 'NONE', #1481, #421 ) ;
#1337 = VECTOR ( 'NONE', #1765, 1000.000000000000000 ) ;
#1338 =( GEOMETRIC_REPRESENTATION_CONTEXT ( 3 ) GLOBAL_UNCERTAINTY_ASSIGNED_CONTEXT ( ( #155 ) ) GLOBAL_UNIT_ASSIGNED_CONTEXT ( ( #1362, #1881, #2050 ) ) REPRESENTATION_CONTEXT ( 'NONE', 'WORKASPACE' ) );
#1339 = VECTOR ( 'NONE', #1448, 1000.000000000000000 ) ;
#1340 = CARTESIAN_POINT ( 'NONE',  ( 1.569999999999991624, 3.895000000000001350, 1.049999999999995826 ) ) ;
#1341 = SURFACE_STYLE_FILL_AREA ( #1186 ) ;
#1342 = CARTESIAN_POINT ( 'NONE',  ( 1.569999999999988072, -3.399999999999999023, -3.130000000000008331 ) ) ;
#1343 = CARTESIAN_POINT ( 'NONE',  ( 1.249999999999991340, 2.654999999999997584, -2.530000000000006022 ) ) ;
#1344 = EDGE_CURVE ( 'NONE', #1672, #952, #1813, .T. ) ;
#1345 = ORIENTED_EDGE ( 'NONE', *, *, #356, .T. ) ;
#1346 = ADVANCED_FACE ( 'NONE', ( #174 ), #1854, .F. ) ;
#1347 = DIRECTION ( 'NONE',  ( -0.000000000000000000, -1.000000000000000000, -0.000000000000000000 ) ) ;
#1348 = ORIENTED_EDGE ( 'NONE', *, *, #749, .T. ) ;
#1349 = LINE ( 'NONE', #353, #1232 ) ;
#1350 = DIRECTION ( 'NONE',  ( 3.491483361109382461E-15, -0.000000000000000000, 1.000000000000000000 ) ) ;
#1351 = LINE ( 'NONE', #1891, #1542 ) ;
#1352 = EDGE_LOOP ( 'NONE', ( #1279, #1898, #1773, #1391, #622, #1479, #1961, #1799, #1837, #569, #748, #680 ) ) ;
#1353 = ORIENTED_EDGE ( 'NONE', *, *, #1720, .T. ) ;
#1354 = DIRECTION ( 'NONE',  ( -1.000000000000000000, 0.000000000000000000, 3.491483361109382461E-15 ) ) ;
#1355 = ORIENTED_EDGE ( 'NONE', *, *, #522, .F. ) ;
#1356 = VECTOR ( 'NONE', #857, 1000.000000000000000 ) ;
#1357 = SURFACE_SIDE_STYLE ('',( #1341 ) ) ;
#1358 = CARTESIAN_POINT ( 'NONE',  ( 1.569999999999991624, 3.254999999999998117, -2.530000000000006466 ) ) ;
#1359 = CYLINDRICAL_SURFACE ( 'NONE', #990, 0.5999999999999998668 ) ;
#1360 = EDGE_LOOP ( 'NONE', ( #1170, #429, #620, #1323 ) ) ;
#1361 = ORIENTED_EDGE ( 'NONE', *, *, #1486, .F. ) ;
#1362 =( LENGTH_UNIT ( ) NAMED_UNIT ( * ) SI_UNIT ( .MILLI., .METRE. ) );
#1363 = CARTESIAN_POINT ( 'NONE',  ( -2.849999999999990763, 4.124999999999998224, 2.650000000000012346 ) ) ;
#1364 = EDGE_CURVE ( 'NONE', #779, #1684, #2027, .T. ) ;
#1365 = STYLED_ITEM ( 'NONE', ( #129 ), #1142 ) ;
#1366 = DIRECTION ( 'NONE',  ( 1.000000000000000000, 0.000000000000000000, -3.491483361109382461E-15 ) ) ;
#1367 = LINE ( 'NONE', #390, #1526 ) ;
#1368 = VERTEX_POINT ( 'NONE', #1342 ) ;
#1369 = PLANE ( 'NONE',  #535 ) ;
#1370 = CARTESIAN_POINT ( 'NONE',  ( 2.850000000000005418, 5.124999999999998224, 1.049999999999990496 ) ) ;
#1371 = LINE ( 'NONE', #1546, #33 ) ;
#1372 = PLANE ( 'NONE',  #1274 ) ;
#1373 = SURFACE_STYLE_USAGE ( .BOTH. , #530 ) ;
#1374 = SURFACE_SIDE_STYLE ('',( #711 ) ) ;
#1375 = ORIENTED_EDGE ( 'NONE', *, *, #73, .F. ) ;
#1376 = CARTESIAN_POINT ( 'NONE',  ( -3.700000000000000178, 6.829166372877724268E-34, 5.750000000000014211 ) ) ;
#1377 = VECTOR ( 'NONE', #812, 1000.000000000000000 ) ;
#1378 = CARTESIAN_POINT ( 'NONE',  ( 1.750000000000019984, 5.950000000000000178, 5.749999999999986677 ) ) ;
#1379 = SURFACE_STYLE_FILL_AREA ( #215 ) ;
#1380 = ORIENTED_EDGE ( 'NONE', *, *, #1074, .T. ) ;
#1381 = VECTOR ( 'NONE', #112, 1000.000000000000000 ) ;
#1382 = PRESENTATION_STYLE_ASSIGNMENT (( #74 ) ) ;
#1383 = LINE ( 'NONE', #2058, #1416 ) ;
#1384 = EDGE_CURVE ( 'NONE', #677, #16, #479, .T. ) ;
#1385 =( LENGTH_UNIT ( ) NAMED_UNIT ( * ) SI_UNIT ( .MILLI., .METRE. ) );
#1386 = ORIENTED_EDGE ( 'NONE', *, *, #878, .T. ) ;
#1387 = EDGE_CURVE ( 'NONE', #938, #510, #313, .T. ) ;
#1388 = LINE ( 'NONE', #2062, #553 ) ;
#1389 = ADVANCED_FACE ( 'NONE', ( #2151 ), #2019, .F. ) ;
#1390 = CARTESIAN_POINT ( 'NONE',  ( 2.799999999999996714, 5.950000000000000178, -1.250000000000013545 ) ) ;
#1391 = ORIENTED_EDGE ( 'NONE', *, *, #1548, .F. ) ;
#1392 = FILL_AREA_STYLE ('',( #53 ) ) ;
#1393 = VECTOR ( 'NONE', #1899, 1000.000000000000000 ) ;
#1394 = CARTESIAN_POINT ( 'NONE',  ( 3.699999999999980194, -7.222237291452134449E-31, 5.750000000000013323 ) ) ;
#1395 = COLOUR_RGB ( '',0.7529411764705882248, 0.7529411764705882248, 0.7529411764705882248 ) ;
#1396 = EDGE_LOOP ( 'NONE', ( #1175, #1511, #1635, #1614 ) ) ;
#1397 = DIRECTION ( 'NONE',  ( -3.491483361109382461E-15, 1.281735474569444829E-14, -1.000000000000000000 ) ) ;
#1398 = VECTOR ( 'NONE', #1791, 1000.000000000000000 ) ;
#1399 = VECTOR ( 'NONE', #141, 1000.000000000000000 ) ;
#1400 = EDGE_CURVE ( 'NONE', #1909, #1759, #1549, .T. ) ;
#1401 = UNCERTAINTY_MEASURE_WITH_UNIT (LENGTH_MEASURE( 1.000000000000000082E-05 ), #1385, 'distance_accuracy_value', 'NONE');
#1402 = FACE_OUTER_BOUND ( 'NONE', #1975, .T. ) ;
#1403 = VERTEX_POINT ( 'NONE', #1240 ) ;
#1404 = EDGE_CURVE ( 'NONE', #97, #2064, #1561, .T. ) ;
#1405 = LINE ( 'NONE', #1875, #1819 ) ;
#1406 = DIRECTION ( 'NONE',  ( 1.000000000000000000, 0.000000000000000000, 0.000000000000000000 ) ) ;
#1407 = SURFACE_SIDE_STYLE ('',( #261 ) ) ;
#1408 = ORIENTED_EDGE ( 'NONE', *, *, #1262, .T. ) ;
#1409 = DIRECTION ( 'NONE',  ( 0.000000000000000000, 1.000000000000000000, -0.000000000000000000 ) ) ;
#1410 = CARTESIAN_POINT ( 'NONE',  ( -0.9299999999999806199, 3.254999999999998117, -2.529999999999998028 ) ) ;
#1411 = ORIENTED_EDGE ( 'NONE', *, *, #906, .T. ) ;
#1412 = CARTESIAN_POINT ( 'NONE',  ( 1.570000000000020046, 3.254999999999998561, 5.549999999999994493 ) ) ;
#1413 = LINE ( 'NONE', #298, #2069 ) ;
#1414 = DIRECTION ( 'NONE',  ( 3.491483361109382461E-15, 0.000000000000000000, 1.000000000000000000 ) ) ;
#1415 = CARTESIAN_POINT ( 'NONE',  ( 2.799999999999980282, 3.226765690010954870E-16, -5.750000000000014211 ) ) ;
#1417 = ORIENTED_EDGE ( 'NONE', *, *, #939, .T. ) ;
#1416 = VECTOR ( 'NONE', #567, 1000.000000000000000 ) ;
#1418 = CARTESIAN_POINT ( 'NONE',  ( 1.569999999999991624, 2.654999999999997584, -2.530000000000007354 ) ) ;
#1419 = CARTESIAN_POINT ( 'NONE',  ( -1.570000000000013163, -3.399999999999999023, -3.770000000000000462 ) ) ;
#1420 = EDGE_LOOP ( 'NONE', ( #859, #69, #1019, #835 ) ) ;
#1421 = FACE_OUTER_BOUND ( 'NONE', #1086, .T. ) ;
#1422 = ORIENTED_EDGE ( 'NONE', *, *, #1335, .T. ) ;
#1423 =( GEOMETRIC_REPRESENTATION_CONTEXT ( 3 ) GLOBAL_UNCERTAINTY_ASSIGNED_CONTEXT ( ( #1401 ) ) GLOBAL_UNIT_ASSIGNED_CONTEXT ( ( #1385, #1724, #222 ) ) REPRESENTATION_CONTEXT ( 'NONE', 'WORKASPACE' ) );
#1424 = DIRECTION ( 'NONE',  ( -0.000000000000000000, -1.000000000000000000, -0.000000000000000000 ) ) ;
#1425 = AXIS2_PLACEMENT_3D ( 'NONE', #759, #1241, #246 ) ;
#1426 = FACE_OUTER_BOUND ( 'NONE', #823, .T. ) ;
#1427 = LINE ( 'NONE', #89, #1127 ) ;
#1428 = EDGE_LOOP ( 'NONE', ( #1828, #2032, #814, #181, #306, #449, #1753, #462, #264, #1518 ) ) ;
#1429 = VECTOR ( 'NONE', #1450, 1000.000000000000000 ) ;
#1430 = PLANE ( 'NONE',  #1255 ) ;
#1431 = EDGE_CURVE ( 'NONE', #1164, #1217, #1367, .T. ) ;
#1432 = VECTOR ( 'NONE', #142, 999.9999999999997726 ) ;
#1433 = SURFACE_SIDE_STYLE ('',( #79 ) ) ;
#1434 = ORIENTED_EDGE ( 'NONE', *, *, #957, .F. ) ;
#1435 = DIRECTION ( 'NONE',  ( 3.491483361109382461E-15, -0.000000000000000000, 1.000000000000000000 ) ) ;
#1436 = ORIENTED_EDGE ( 'NONE', *, *, #1949, .T. ) ;
#1437 = DIRECTION ( 'NONE',  ( 0.000000000000000000, 1.073467497510400859E-16, 1.000000000000000000 ) ) ;
#1438 = PRESENTATION_STYLE_ASSIGNMENT (( #1580 ) ) ;
#1439 = ADVANCED_FACE ( 'NONE', ( #539, #374, #1897 ), #355, .F. ) ;
#1440 = CARTESIAN_POINT ( 'NONE',  ( 1.569999999999986962, 2.654999999999991367, -3.770000000000011564 ) ) ;
#1441 = CARTESIAN_POINT ( 'NONE',  ( 0.9300000000000199218, 3.895000000000001794, 5.550000000000001599 ) ) ;
#1442 = ORIENTED_EDGE ( 'NONE', *, *, #1262, .F. ) ;
#1443 =( NAMED_UNIT ( * ) PLANE_ANGLE_UNIT ( ) SI_UNIT ( $, .RADIAN. ) );
#1444 = DIRECTION ( 'NONE',  ( 0.000000000000000000, 1.000000000000000000, 0.000000000000000000 ) ) ;
#1445 = EDGE_LOOP ( 'NONE', ( #694, #2119, #1667, #1856 ) ) ;
#1446 = VERTEX_POINT ( 'NONE', #1723 ) ;
#1447 = LINE ( 'NONE', #757, #1168 ) ;
#1448 = DIRECTION ( 'NONE',  ( 1.000000000000000000, 0.000000000000000000, -3.491483361109382066E-15 ) ) ;
#1449 = CARTESIAN_POINT ( 'NONE',  ( 3.699999999999995737, 4.949999999999999289, -1.250000000000016431 ) ) ;
#1450 = DIRECTION ( 'NONE',  ( -0.000000000000000000, -1.000000000000000000, -0.000000000000000000 ) ) ;
#1451 = CARTESIAN_POINT ( 'NONE',  ( 2.850000000000004086, 1.024999999999999023, 1.049999999999994493 ) ) ;
#1452 = ORIENTED_EDGE ( 'NONE', *, *, #1823, .T. ) ;
#1453 = VECTOR ( 'NONE', #1682, 1000.000000000000000 ) ;
#1454 = EDGE_CURVE ( 'NONE', #961, #308, #1890, .T. ) ;
#1455 = CARTESIAN_POINT ( 'NONE',  ( 3.700000000000020606, 5.124999999999998224, 5.749999999999993783 ) ) ;
#1456 = VERTEX_POINT ( 'NONE', #905 ) ;
#1457 = CARTESIAN_POINT ( 'NONE',  ( -1.569999999999996287, 3.254999999999998117, -2.529999999999998028 ) ) ;
#1458 = ORIENTED_EDGE ( 'NONE', *, *, #1521, .F. ) ;
#1459 = LINE ( 'NONE', #806, #2004 ) ;
#1460 = CARTESIAN_POINT ( 'NONE',  ( 0.9299999999999912781, 2.654999999999997584, -2.530000000000004690 ) ) ;
#1461 = DIRECTION ( 'NONE',  ( -1.000000000000000000, -1.511856643805703727E-15, 8.728708402773505456E-16 ) ) ;
#1462 = DIRECTION ( 'NONE',  ( -1.000000000000000000, -0.000000000000000000, 3.491483361109382461E-15 ) ) ;
#1463 = CARTESIAN_POINT ( 'NONE',  ( 3.700000000000013944, 5.950000000000000178, 5.749999999999986677 ) ) ;
#1464 = VECTOR ( 'NONE', #885, 1000.000000000000000 ) ;
#1465 = SURFACE_STYLE_FILL_AREA ( #1829 ) ;
#1466 = ORIENTED_EDGE ( 'NONE', *, *, #906, .F. ) ;
#1467 = ORIENTED_EDGE ( 'NONE', *, *, #1488, .T. ) ;
#1468 = CARTESIAN_POINT ( 'NONE',  ( 1.570000000000020268, 3.254999999999998117, -2.530000000000006466 ) ) ;
#1469 = MECHANICAL_DESIGN_GEOMETRIC_PRESENTATION_REPRESENTATION (  '', ( #1784 ), #2140 ) ;
#1470 = ORIENTED_EDGE ( 'NONE', *, *, #3, .T. ) ;
#1471 =( GEOMETRIC_REPRESENTATION_CONTEXT ( 3 ) GLOBAL_UNCERTAINTY_ASSIGNED_CONTEXT ( ( #60 ) ) GLOBAL_UNIT_ASSIGNED_CONTEXT ( ( #2093, #397, #1238 ) ) REPRESENTATION_CONTEXT ( 'NONE', 'WORKASPACE' ) );
#1472 = ADVANCED_FACE ( 'NONE', ( #2068 ), #366, .F. ) ;
#1473 = LINE ( 'NONE', #1627, #388 ) ;
#1474 = CARTESIAN_POINT ( 'NONE',  ( -1.250000000000008216, 3.895000000000000906, -2.529999999999987814 ) ) ;
#1475 = CARTESIAN_POINT ( 'NONE',  ( 3.699999999999980194, 0.000000000000000000, -5.750000000000014211 ) ) ;
#1476 = DIRECTION ( 'NONE',  ( -0.000000000000000000, 0.5000000000000013323, 0.8660254037844378194 ) ) ;
#1477 = ORIENTED_EDGE ( 'NONE', *, *, #980, .T. ) ;
#1478 = DIRECTION ( 'NONE',  ( 1.000000000000000000, 0.000000000000000000, -3.491483361109382461E-15 ) ) ;
#1479 = ORIENTED_EDGE ( 'NONE', *, *, #1870, .F. ) ;
#1480 = STYLED_ITEM ( 'NONE', ( #893 ), #428 ) ;
#1481 = CARTESIAN_POINT ( 'NONE',  ( 1.569999999999988738, 2.654999999999991367, -3.130000000000008331 ) ) ;
#1482 = CARTESIAN_POINT ( 'NONE',  ( -2.849999999999996092, 5.124999999999998224, 5.749999999999986677 ) ) ;
#1483 = PRESENTATION_LAYER_ASSIGNMENT (  '', '', ( #1211 ) ) ;
#1484 = DIRECTION ( 'NONE',  ( 3.491483361109382461E-15, 0.000000000000000000, 1.000000000000000000 ) ) ;
#1485 = CARTESIAN_POINT ( 'NONE',  ( -0.9300000000000109290, 3.895000000000001350, -3.129999999999999449 ) ) ;
#1486 = EDGE_CURVE ( 'NONE', #585, #239, #1383, .T. ) ;
#1487 = DIRECTION ( 'NONE',  ( 4.326255823213464306E-31, -1.000000000000000000, 1.239088197126290077E-16 ) ) ;
#1488 = EDGE_CURVE ( 'NONE', #1582, #359, #400, .T. ) ;
#1489 = EDGE_LOOP ( 'NONE', ( #1605, #76, #1564, #1064 ) ) ;
#1490 = DIRECTION ( 'NONE',  ( 0.000000000000000000, 1.000000000000000000, 0.000000000000000000 ) ) ;
#1491 = FACE_OUTER_BOUND ( 'NONE', #1979, .T. ) ;
#1492 = ORIENTED_EDGE ( 'NONE', *, *, #1880, .F. ) ;
#1493 = VECTOR ( 'NONE', #1406, 1000.000000000000000 ) ;
#1494 = EDGE_CURVE ( 'NONE', #1198, #1105, #1055, .T. ) ;
#1495 = LINE ( 'NONE', #2135, #211 ) ;
#1496 = EDGE_CURVE ( 'NONE', #146, #1456, #746, .T. ) ;
#1497 = DIRECTION ( 'NONE',  ( -0.000000000000000000, 0.000000000000000000, 1.000000000000000000 ) ) ;
#1498 = AXIS2_PLACEMENT_3D ( 'NONE', #790, #122, #646 ) ;
#1499 = DIRECTION ( 'NONE',  ( 1.000000000000000000, 1.511856643805703727E-15, -8.728708402773505456E-16 ) ) ;
#1500 = MECHANICAL_DESIGN_GEOMETRIC_PRESENTATION_REPRESENTATION (  '', ( #1020 ), #2029 ) ;
#1501 = ORIENTED_EDGE ( 'NONE', *, *, #1331, .T. ) ;
#1502 = CARTESIAN_POINT ( 'NONE',  ( 0.9300000000000037126, 3.254999999999998561, 1.049999999999995604 ) ) ;
#1503 = PLANE ( 'NONE',  #202 ) ;
#1504 = AXIS2_PLACEMENT_3D ( 'NONE', #548, #1220, #1414 ) ;
#1505 = CARTESIAN_POINT ( 'NONE',  ( -1.570000000000003615, 5.950000000000000178, -1.249999999999998002 ) ) ;
#1506 = MECHANICAL_DESIGN_GEOMETRIC_PRESENTATION_REPRESENTATION (  '', ( #1365 ), #557 ) ;
#1507 = VECTOR ( 'NONE', #634, 1000.000000000000000 ) ;
#1508 = AXIS2_PLACEMENT_3D ( 'NONE', #1001, #333, #1484 ) ;
#1509 = CARTESIAN_POINT ( 'NONE',  ( 1.569999999999988738, -3.399999999999999467, -3.130000000000008331 ) ) ;
#1510 = DIRECTION ( 'NONE',  ( -3.497426362856456641E-15, 8.743565907141140616E-15, -1.000000000000000000 ) ) ;
#1511 = ORIENTED_EDGE ( 'NONE', *, *, #1992, .F. ) ;
#1512 = LINE ( 'NONE', #14, #1377 ) ;
#1513 = DIRECTION ( 'NONE',  ( 0.000000000000000000, 1.000000000000000000, 0.000000000000000000 ) ) ;
#1514 = DIRECTION ( 'NONE',  ( 0.000000000000000000, 1.000000000000000000, 0.000000000000000000 ) ) ;
#1515 = PLANE ( 'NONE',  #708 ) ;
#1516 = FILL_AREA_STYLE_COLOUR ( '', #419 ) ;
#1517 = PRESENTATION_STYLE_ASSIGNMENT (( #343 ) ) ;
#1518 = ORIENTED_EDGE ( 'NONE', *, *, #1711, .T. ) ;
#1519 = ORIENTED_EDGE ( 'NONE', *, *, #688, .T. ) ;
#1520 = ORIENTED_EDGE ( 'NONE', *, *, #728, .T. ) ;
#1521 = EDGE_CURVE ( 'NONE', #95, #5, #1247, .T. ) ;
#1522 = DIRECTION ( 'NONE',  ( 3.491483361109382461E-15, 0.000000000000000000, 1.000000000000000000 ) ) ;
#1523 = EDGE_CURVE ( 'NONE', #1894, #706, #896, .T. ) ;
#1524 = DIRECTION ( 'NONE',  ( -1.000000000000000000, 0.000000000000000000, 3.491483361109382461E-15 ) ) ;
#1525 = EDGE_CURVE ( 'NONE', #510, #358, #193, .T. ) ;
#1526 = VECTOR ( 'NONE', #721, 1000.000000000000000 ) ;
#1527 = EDGE_CURVE ( 'NONE', #1217, #924, #1214, .T. ) ;
#1528 = DIRECTION ( 'NONE',  ( 3.491483361109382461E-15, -0.000000000000000000, 1.000000000000000000 ) ) ;
#1529 = CARTESIAN_POINT ( 'NONE',  ( -1.570000000000008944, 2.654999999999997584, -2.529999999999998028 ) ) ;
#1530 = ORIENTED_EDGE ( 'NONE', *, *, #836, .T. ) ;
#1531 = EDGE_LOOP ( 'NONE', ( #2089, #1315, #1151, #505 ) ) ;
#1532 = SURFACE_STYLE_FILL_AREA ( #1859 ) ;
#1533 = CARTESIAN_POINT ( 'NONE',  ( 3.699999999999995737, 5.950000000000000178, -1.250000000000010214 ) ) ;
#1534 = VECTOR ( 'NONE', #1831, 1000.000000000000000 ) ;
#1535 =( GEOMETRIC_REPRESENTATION_CONTEXT ( 3 ) GLOBAL_UNCERTAINTY_ASSIGNED_CONTEXT ( ( #996 ) ) GLOBAL_UNIT_ASSIGNED_CONTEXT ( ( #919, #433, #747 ) ) REPRESENTATION_CONTEXT ( 'NONE', 'WORKASPACE' ) );
#1536 = DIRECTION ( 'NONE',  ( 1.745741680554696161E-15, -0.8660254037844379305, 0.5000000000000014433 ) ) ;
#1537 = VECTOR ( 'NONE', #1640, 1000.000000000000000 ) ;
#1538 = AXIS2_PLACEMENT_3D ( 'NONE', #200, #1212, #228 ) ;
#1539 = FACE_OUTER_BOUND ( 'NONE', #2020, .T. ) ;
#1540 = DIRECTION ( 'NONE',  ( 1.000000000000000000, 0.000000000000000000, -3.491483361109382461E-15 ) ) ;
#1541 = VECTOR ( 'NONE', #1121, 1000.000000000000000 ) ;
#1542 = VECTOR ( 'NONE', #376, 1000.000000000000000 ) ;
#1543 = PLANE ( 'NONE',  #448 ) ;
#1544 = ORIENTED_EDGE ( 'NONE', *, *, #270, .T. ) ;
#1545 = CARTESIAN_POINT ( 'NONE',  ( -0.9300000000000127054, 2.654999999999991367, -3.770000000000003570 ) ) ;
#1546 = CARTESIAN_POINT ( 'NONE',  ( -2.849999999999996980, 5.124999999999998224, 1.050000000000010925 ) ) ;
#1547 = CYLINDRICAL_SURFACE ( 'NONE', #1498, 1.240000000000003322 ) ;
#1548 = EDGE_CURVE ( 'NONE', #1403, #798, #531, .T. ) ;
#1549 = LINE ( 'NONE', #1073, #1905 ) ;
#1550 = ADVANCED_FACE ( 'NONE', ( #1704 ), #201, .T. ) ;
#1551 = STYLED_ITEM ( 'NONE', ( #875 ), #495 ) ;
#1552 = EDGE_CURVE ( 'NONE', #242, #585, #1616, .T. ) ;
#1553 = CARTESIAN_POINT ( 'NONE',  ( 0.9299999999999865041, -3.399999999999999023, -3.770000000000008900 ) ) ;
#1554 = ADVANCED_FACE ( 'NONE', ( #2124 ), #2097, .F. ) ;
#1555 = ORIENTED_EDGE ( 'NONE', *, *, #330, .T. ) ;
#1556 = DIRECTION ( 'NONE',  ( -3.491483361109382461E-15, 0.000000000000000000, -1.000000000000000000 ) ) ;
#1557 = PLANE ( 'NONE',  #609 ) ;
#1558 = ORIENTED_EDGE ( 'NONE', *, *, #1634, .F. ) ;
#1559 = PRESENTATION_STYLE_ASSIGNMENT (( #895 ) ) ;
#1560 = PRESENTATION_LAYER_ASSIGNMENT (  '', '', ( #164 ) ) ;
#1561 = LINE ( 'NONE', #1876, #1249 ) ;
#1562 = EDGE_CURVE ( 'NONE', #1759, #1672, #1906, .T. ) ;
#1563 = CARTESIAN_POINT ( 'NONE',  ( 1.569999999999991624, 3.895000000000000906, -2.529999999999998028 ) ) ;
#1564 = ORIENTED_EDGE ( 'NONE', *, *, #1648, .F. ) ;
#1565 = LINE ( 'NONE', #910, #1953 ) ;
#1566 = ADVANCED_FACE ( 'NONE', ( #1083 ), #1095, .T. ) ;
#1567 = ORIENTED_EDGE ( 'NONE', *, *, #1521, .T. ) ;
#1568 = PRODUCT_DEFINITION_FORMATION_WITH_SPECIFIED_SOURCE ( 'ANY', '', #2031, .NOT_KNOWN. ) ;
#1569 = CARTESIAN_POINT ( 'NONE',  ( -0.9300000000000083755, 3.895000000000001350, 1.050000000000004485 ) ) ;
#1570 = DIRECTION ( 'NONE',  ( 1.000000000000000000, 0.000000000000000000, -3.491483361109382461E-15 ) ) ;
#1571 = VECTOR ( 'NONE', #1097, 1000.000000000000000 ) ;
#1572 = AXIS2_PLACEMENT_3D ( 'NONE', #1826, #1528, #192 ) ;
#1573 = ORIENTED_EDGE ( 'NONE', *, *, #1527, .T. ) ;
#1574 = PRESENTATION_STYLE_ASSIGNMENT (( #370 ) ) ;
#1575 = CLOSED_SHELL ( 'NONE', ( #322, #2059, #754, #521, #514, #398, #452, #2012, #889, #672, #1209, #1934, #1088, #1171, #1012, #1299, #1872, #865, #1183, #1738, #1114, #1439, #1472, #1554, #2105, #385, #914, #2103, #1346, #161, #110, #1142, #1389, #515, #401, #722, #1843, #1904, #1239, #495, #1550, #987, #1149, #1566, #428, #1618, #58, #784, #1771, #41, #830, #260, #802, #2079, #1792, #45 ) ) ;
#1576 = UNCERTAINTY_MEASURE_WITH_UNIT (LENGTH_MEASURE( 1.000000000000000082E-05 ), #1148, 'distance_accuracy_value', 'NONE');
#1577 = DIRECTION ( 'NONE',  ( -3.747993906249292199E-31, 1.000000000000000000, -1.073467497510400859E-16 ) ) ;
#1578 = ORIENTED_EDGE ( 'NONE', *, *, #783, .T. ) ;
#1579 =( NAMED_UNIT ( * ) SI_UNIT ( $, .STERADIAN. ) SOLID_ANGLE_UNIT ( ) );
#1580 = SURFACE_STYLE_USAGE ( .BOTH. , #918 ) ;
#1581 = CARTESIAN_POINT ( 'NONE',  ( 1.750000000000019984, 0.03186736870126102156, 5.749999999999993783 ) ) ;
#1582 = VERTEX_POINT ( 'NONE', #1109 ) ;
#1583 = LINE ( 'NONE', #414, #667 ) ;
#1584 = ORIENTED_EDGE ( 'NONE', *, *, #1668, .T. ) ;
#1585 = PRESENTATION_STYLE_ASSIGNMENT (( #1103 ) ) ;
#1586 = ORIENTED_EDGE ( 'NONE', *, *, #957, .T. ) ;
#1587 = DIRECTION ( 'NONE',  ( -1.000000000000000000, -0.000000000000000000, -0.000000000000000000 ) ) ;
#1588 = EDGE_CURVE ( 'NONE', #549, #832, #2111, .T. ) ;
#1589 = FILL_AREA_STYLE ('',( #612 ) ) ;
#1590 = FILL_AREA_STYLE_COLOUR ( '', #1395 ) ;
#1591 = PLANE ( 'NONE',  #310 ) ;
#1593 = ORIENTED_EDGE ( 'NONE', *, *, #197, .T. ) ;
#1592 = VECTOR ( 'NONE', #552, 1000.000000000000000 ) ;
#1594 = DIRECTION ( 'NONE',  ( -1.000000000000000000, -0.000000000000000000, 3.491483361109382066E-15 ) ) ;
#1595 = UNCERTAINTY_MEASURE_WITH_UNIT (LENGTH_MEASURE( 1.000000000000000082E-05 ), #556, 'distance_accuracy_value', 'NONE');
#1596 = LINE ( 'NONE', #606, #1941 ) ;
#1597 = ORIENTED_EDGE ( 'NONE', *, *, #1955, .T. ) ;
#1598 = EDGE_LOOP ( 'NONE', ( #995, #1558, #234, #753 ) ) ;
#1599 = VECTOR ( 'NONE', #1206, 1000.000000000000000 ) ;
#1600 = DIRECTION ( 'NONE',  ( -1.000000000000000000, -0.000000000000000000, 0.000000000000000000 ) ) ;
#1601 = DIRECTION ( 'NONE',  ( -0.000000000000000000, 0.000000000000000000, 1.000000000000000000 ) ) ;
#1602 = VECTOR ( 'NONE', #1320, 1000.000000000000000 ) ;
#1603 = CARTESIAN_POINT ( 'NONE',  ( -1.569999999999984519, 3.254999999999998561, 5.550000000000002487 ) ) ;
#1604 = LINE ( 'NONE', #1415, #1337 ) ;
#1605 = ORIENTED_EDGE ( 'NONE', *, *, #880, .F. ) ;
#1606 = AXIS2_PLACEMENT_3D ( 'NONE', #797, #292, #78 ) ;
#1607 = LINE ( 'NONE', #615, #981 ) ;
#1608 = VECTOR ( 'NONE', #1308, 1000.000000000000000 ) ;
#1609 = CARTESIAN_POINT ( 'NONE',  ( -0.9300000000000083755, 3.254999999999998117, -2.529999999999998028 ) ) ;
#1610 = AXIS2_PLACEMENT_3D ( 'NONE', #825, #1524, #988 ) ;
#1611 = CIRCLE ( 'NONE', #744, 1.240000000000003322 ) ;
#1612 = ORIENTED_EDGE ( 'NONE', *, *, #321, .T. ) ;
#1613 = CARTESIAN_POINT ( 'NONE',  ( 1.569999999999991624, 3.895000000000000906, -2.529999999999998028 ) ) ;
#1614 = ORIENTED_EDGE ( 'NONE', *, *, #1384, .F. ) ;
#1615 = CARTESIAN_POINT ( 'NONE',  ( 1.569999999999989404, 2.654999999999997584, -3.130000000000007887 ) ) ;
#1616 = LINE ( 'NONE', #410, #897 ) ;
#1617 =( NAMED_UNIT ( * ) SI_UNIT ( $, .STERADIAN. ) SOLID_ANGLE_UNIT ( ) );
#1618 = ADVANCED_FACE ( 'NONE', ( #1779 ), #262, .T. ) ;
#1619 = LINE ( 'NONE', #1943, #1432 ) ;
#1620 = FACE_OUTER_BOUND ( 'NONE', #107, .T. ) ;
#1621 = EDGE_CURVE ( 'NONE', #167, #1164, #457, .T. ) ;
#1622 = CARTESIAN_POINT ( 'NONE',  ( 2.800000000000015365, 0.2499999999999995837, 5.749999999999989342 ) ) ;
#1623 = VERTEX_POINT ( 'NONE', #1794 ) ;
#1624 = CARTESIAN_POINT ( 'NONE',  ( 3.699999999999980194, 4.124999999999998224, -5.750000000000014211 ) ) ;
#1625 = ORIENTED_EDGE ( 'NONE', *, *, #499, .T. ) ;
#1626 = CARTESIAN_POINT ( 'NONE',  ( -3.700000000000019718, 1.301042606982605321E-15, -5.749999999999985789 ) ) ;
#1627 = CARTESIAN_POINT ( 'NONE',  ( 2.850000000000004086, 5.124999999999998224, 1.049999999999990274 ) ) ;
#1628 = PRESENTATION_STYLE_ASSIGNMENT (( #290 ) ) ;
#1629 =( NAMED_UNIT ( * ) SI_UNIT ( $, .STERADIAN. ) SOLID_ANGLE_UNIT ( ) );
#1630 = PRESENTATION_LAYER_ASSIGNMENT (  '', '', ( #407 ) ) ;
#1631 = FACE_OUTER_BOUND ( 'NONE', #1428, .T. ) ;
#1632 = VERTEX_POINT ( 'NONE', #2127 ) ;
#1633 = ORIENTED_EDGE ( 'NONE', *, *, #581, .F. ) ;
#1634 = EDGE_CURVE ( 'NONE', #2102, #882, #126, .T. ) ;
#1635 = ORIENTED_EDGE ( 'NONE', *, *, #522, .T. ) ;
#1636 = CARTESIAN_POINT ( 'NONE',  ( -1.570000000000011164, 3.895000000000001794, -3.129999999999996785 ) ) ;
#1637 = VECTOR ( 'NONE', #1409, 1000.000000000000000 ) ;
#1638 = CARTESIAN_POINT ( 'NONE',  ( -0.9300000000000083755, 3.254999999999998561, 5.550000000000002487 ) ) ;
#1639 = CARTESIAN_POINT ( 'NONE',  ( 3.700000000000000178, 1.613382845005476942E-16, -5.750000000000014211 ) ) ;
#1640 = DIRECTION ( 'NONE',  ( -0.000000000000000000, 1.239088197126290077E-16, 1.000000000000000000 ) ) ;
#1641 = LINE ( 'NONE', #2010, #274 ) ;
#1642 = AXIS2_PLACEMENT_3D ( 'NONE', #1004, #1487, #820 ) ;
#1643 = UNCERTAINTY_MEASURE_WITH_UNIT (LENGTH_MEASURE( 1.000000000000000082E-05 ), #1714, 'distance_accuracy_value', 'NONE');
#1644 = ORIENTED_EDGE ( 'NONE', *, *, #2145, .F. ) ;
#1645 = PRESENTATION_LAYER_ASSIGNMENT (  '', '', ( #315 ) ) ;
#1646 = ORIENTED_EDGE ( 'NONE', *, *, #330, .F. ) ;
#1647 = DIRECTION ( 'NONE',  ( 3.747993906249292199E-31, -1.000000000000000000, 1.073467497510400859E-16 ) ) ;
#1648 = EDGE_CURVE ( 'NONE', #1684, #730, #1292, .T. ) ;
#1649 = CARTESIAN_POINT ( 'NONE',  ( -1.569999999999992513, 3.895000000000001794, 1.050000000000005373 ) ) ;
#1650 = DIRECTION ( 'NONE',  ( 0.000000000000000000, 1.000000000000000000, 0.000000000000000000 ) ) ;
#1651 = PRESENTATION_STYLE_ASSIGNMENT (( #20 ) ) ;
#1652 =( NAMED_UNIT ( * ) SI_UNIT ( $, .STERADIAN. ) SOLID_ANGLE_UNIT ( ) );
#1653 = ORIENTED_EDGE ( 'NONE', *, *, #1823, .F. ) ;
#1654 = LINE ( 'NONE', #1333, #2157 ) ;
#1655 = LINE ( 'NONE', #1162, #486 ) ;
#1656 = ORIENTED_EDGE ( 'NONE', *, *, #356, .F. ) ;
#1657 = AXIS2_PLACEMENT_3D ( 'NONE', #2040, #1205, #1031 ) ;
#1658 = LINE ( 'NONE', #838, #676 ) ;
#1659 = PRESENTATION_STYLE_ASSIGNMENT (( #2160 ) ) ;
#1660 = CARTESIAN_POINT ( 'NONE',  ( -1.749999999999992450, 5.950000000000000178, 5.749999999999986677 ) ) ;
#1661 = EDGE_CURVE ( 'NONE', #1129, #146, #638, .T. ) ;
#1662 = DIRECTION ( 'NONE',  ( 1.000000000000000000, 3.747993906249292199E-31, -4.023349639225659456E-47 ) ) ;
#1663 = ORIENTED_EDGE ( 'NONE', *, *, #850, .T. ) ;
#1664 = DIRECTION ( 'NONE',  ( -1.000000000000000000, -0.000000000000000000, 3.491483361109382461E-15 ) ) ;
#1665 = DIRECTION ( 'NONE',  ( 9.796694536410330951E-32, 1.000000000000000000, 2.805883208705177183E-17 ) ) ;
#1666 = VECTOR ( 'NONE', #763, 1000.000000000000000 ) ;
#1667 = ORIENTED_EDGE ( 'NONE', *, *, #980, .F. ) ;
#1668 = EDGE_CURVE ( 'NONE', #308, #936, #1281, .T. ) ;
#1669 = DIRECTION ( 'NONE',  ( 1.000000000000000000, 0.000000000000000000, -3.491483361109382066E-15 ) ) ;
#1670 = VECTOR ( 'NONE', #2120, 1000.000000000000000 ) ;
#1671 =( GEOMETRIC_REPRESENTATION_CONTEXT ( 3 ) GLOBAL_UNCERTAINTY_ASSIGNED_CONTEXT ( ( #617 ) ) GLOBAL_UNIT_ASSIGNED_CONTEXT ( ( #873, #696, #15 ) ) REPRESENTATION_CONTEXT ( 'NONE', 'WORKASPACE' ) );
#1672 = VERTEX_POINT ( 'NONE', #1972 ) ;
#1673 = CARTESIAN_POINT ( 'NONE',  ( 1.569999999999991180, 3.254999999999998117, -2.530000000000006910 ) ) ;
#1674 = LINE ( 'NONE', #179, #772 ) ;
#1675 = VERTEX_POINT ( 'NONE', #650 ) ;
#1676 = VECTOR ( 'NONE', #88, 1000.000000000000000 ) ;
#1677 = STYLED_ITEM ( 'NONE', ( #44 ), #2079 ) ;
#1678 = VECTOR ( 'NONE', #2018, 1000.000000000000000 ) ;
#1679 = EDGE_CURVE ( 'NONE', #476, #205, #1144, .T. ) ;
#1680 = CARTESIAN_POINT ( 'NONE',  ( 3.699999999999980194, 2.351923788646676172, -5.750000000000014211 ) ) ;
#1681 = SURFACE_SIDE_STYLE ('',( #866 ) ) ;
#1682 = DIRECTION ( 'NONE',  ( 1.000000000000000000, 0.000000000000000000, -3.491483361109382461E-15 ) ) ;
#1683 = FILL_AREA_STYLE_COLOUR ( '', #564 ) ;
#1684 = VERTEX_POINT ( 'NONE', #1639 ) ;
#1685 = ORIENTED_EDGE ( 'NONE', *, *, #177, .T. ) ;
#1686 = ORIENTED_EDGE ( 'NONE', *, *, #1284, .T. ) ;
#1687 = DIRECTION ( 'NONE',  ( 1.745741680554696161E-15, -0.8660254037844379305, 0.5000000000000014433 ) ) ;
#1688 = DIRECTION ( 'NONE',  ( -0.000000000000000000, -1.000000000000000000, -0.000000000000000000 ) ) ;
#1689 = EDGE_CURVE ( 'NONE', #730, #2102, #1619, .T. ) ;
#1690 = CARTESIAN_POINT ( 'NONE',  ( 0.9299999999999869482, -3.399999999999999467, -3.770000000000008900 ) ) ;
#1691 = PRESENTATION_STYLE_ASSIGNMENT (( #1185 ) ) ;
#1692 = PRESENTATION_STYLE_ASSIGNMENT (( #19 ) ) ;
#1693 = CARTESIAN_POINT ( 'NONE',  ( 3.699999999999995737, 5.950000000000000178, -1.250000000000016431 ) ) ;
#1694 = AXIS2_PLACEMENT_3D ( 'NONE', #2034, #1687, #862 ) ;
#1695 =( NAMED_UNIT ( * ) PLANE_ANGLE_UNIT ( ) SI_UNIT ( $, .RADIAN. ) );
#1696 = ORIENTED_EDGE ( 'NONE', *, *, #1992, .T. ) ;
#1697 = ORIENTED_EDGE ( 'NONE', *, *, #714, .F. ) ;
#1698 = LINE ( 'NONE', #1867, #1040 ) ;
#1699 = FACE_OUTER_BOUND ( 'NONE', #472, .T. ) ;
#1700 = CARTESIAN_POINT ( 'NONE',  ( -2.849999999999980549, 1.024999999999998579, 5.750000000000005329 ) ) ;
#1701 = SURFACE_STYLE_USAGE ( .BOTH. , #1042 ) ;
#1702 = AXIS2_PLACEMENT_3D ( 'NONE', #1529, #28, #702 ) ;
#1703 = PRESENTATION_STYLE_ASSIGNMENT (( #1373 ) ) ;
#1704 = FACE_OUTER_BOUND ( 'NONE', #463, .T. ) ;
#1705 = SURFACE_STYLE_FILL_AREA ( #1865 ) ;
#1706 = EDGE_LOOP ( 'NONE', ( #945, #1696, #1797, #31 ) ) ;
#1707 =( NAMED_UNIT ( * ) PLANE_ANGLE_UNIT ( ) SI_UNIT ( $, .RADIAN. ) );
#1708 = STYLED_ITEM ( 'NONE', ( #1039 ), #830 ) ;
#1709 = PLANE ( 'NONE',  #280 ) ;
#1710 = VECTOR ( 'NONE', #1731, 1000.000000000000000 ) ;
#1711 = EDGE_CURVE ( 'NONE', #1456, #5, #1321, .T. ) ;
#1712 = PRESENTATION_LAYER_ASSIGNMENT (  '', '', ( #488 ) ) ;
#1713 = VECTOR ( 'NONE', #977, 1000.000000000000000 ) ;
#1714 =( LENGTH_UNIT ( ) NAMED_UNIT ( * ) SI_UNIT ( .MILLI., .METRE. ) );
#1715 = CARTESIAN_POINT ( 'NONE',  ( 3.700000000000009504, 4.124999999999998224, 2.649999999999991473 ) ) ;
#1716 = FACE_OUTER_BOUND ( 'NONE', #523, .T. ) ;
#1717 = EDGE_LOOP ( 'NONE', ( #1567, #1925, #532, #2080 ) ) ;
#1718 = CARTESIAN_POINT ( 'NONE',  ( -2.849999999999996092, 3.254999999999998561, 1.050000000000010036 ) ) ;
#1719 = VERTEX_POINT ( 'NONE', #958 ) ;
#1720 = EDGE_CURVE ( 'NONE', #1312, #1456, #118, .T. ) ;
#1721 = DIRECTION ( 'NONE',  ( 0.000000000000000000, -0.000000000000000000, -1.000000000000000000 ) ) ;
#1722 = EDGE_CURVE ( 'NONE', #1272, #1204, #104, .T. ) ;
#1723 = CARTESIAN_POINT ( 'NONE',  ( -1.749999999999988898, 5.124999999999998224, 2.050000000000006040 ) ) ;
#1724 =( NAMED_UNIT ( * ) PLANE_ANGLE_UNIT ( ) SI_UNIT ( $, .RADIAN. ) );
#1725 = ORIENTED_EDGE ( 'NONE', *, *, #2116, .F. ) ;
#1726 = CARTESIAN_POINT ( 'NONE',  ( -1.570000000000004059, 3.254999999999998117, -1.249999999999998002 ) ) ;
#1727 = ORIENTED_EDGE ( 'NONE', *, *, #665, .F. ) ;
#1728 = FACE_OUTER_BOUND ( 'NONE', #460, .T. ) ;
#1729 = COLOUR_RGB ( '',0.7529411764705882248, 0.7529411764705882248, 0.7529411764705882248 ) ;
#1730 = DIRECTION ( 'NONE',  ( 0.000000000000000000, -1.239088197126290077E-16, -1.000000000000000000 ) ) ;
#1731 = DIRECTION ( 'NONE',  ( 0.000000000000000000, 1.000000000000000000, 0.000000000000000000 ) ) ;
#1732 = EDGE_LOOP ( 'NONE', ( #1801, #1029, #816, #853 ) ) ;
#1733 = CARTESIAN_POINT ( 'NONE',  ( 1.569999999999988738, 3.895000000000000906, -3.130000000000008331 ) ) ;
#1734 = ORIENTED_EDGE ( 'NONE', *, *, #132, .T. ) ;
#1735 = AXIS2_PLACEMENT_3D ( 'NONE', #405, #92, #892 ) ;
#1736 = SURFACE_STYLE_FILL_AREA ( #64 ) ;
#1737 = DIRECTION ( 'NONE',  ( 0.000000000000000000, -0.000000000000000000, -1.000000000000000000 ) ) ;
#1738 = ADVANCED_FACE ( 'NONE', ( #1426 ), #601, .F. ) ;
#1739 = DIRECTION ( 'NONE',  ( -1.000000000000000000, 0.000000000000000000, 3.491483361109382461E-15 ) ) ;
#1740 = AXIS2_PLACEMENT_3D ( 'NONE', #10, #1034, #856 ) ;
#1741 = ORIENTED_EDGE ( 'NONE', *, *, #85, .F. ) ;
#1742 = FILL_AREA_STYLE ('',( #570 ) ) ;
#1743 = PRODUCT_CONTEXT ( 'NONE', #232, 'mechanical' ) ;
#1744 = UNCERTAINTY_MEASURE_WITH_UNIT (LENGTH_MEASURE( 1.000000000000000082E-05 ), #1329, 'distance_accuracy_value', 'NONE');
#1745 = DIRECTION ( 'NONE',  ( 1.000000000000000000, 4.475158082802854890E-29, -3.491483361109382461E-15 ) ) ;
#1746 = ORIENTED_EDGE ( 'NONE', *, *, #1310, .T. ) ;
#1747 =( LENGTH_UNIT ( ) NAMED_UNIT ( * ) SI_UNIT ( .MILLI., .METRE. ) );
#1748 = PRODUCT_DEFINITION ( 'UNKNOWN', '', #1568, #1900 ) ;
#1749 = LINE ( 'NONE', #792, #954 ) ;
#1750 = PRESENTATION_STYLE_ASSIGNMENT (( #942 ) ) ;
#1751 = CARTESIAN_POINT ( 'NONE',  ( 3.700000000000009504, 4.124999999999998224, 5.750000000000011546 ) ) ;
#1752 = MECHANICAL_DESIGN_GEOMETRIC_PRESENTATION_REPRESENTATION (  '', ( #1480 ), #1932 ) ;
#1753 = ORIENTED_EDGE ( 'NONE', *, *, #381, .T. ) ;
#1754 = CARTESIAN_POINT ( 'NONE',  ( 3.700000000000020606, 1.301042606982605321E-15, 5.749999999999986677 ) ) ;
#1755 = CARTESIAN_POINT ( 'NONE',  ( 0.9299999999999887246, 2.654999999999997584, -3.130000000000005222 ) ) ;
#1756 = ORIENTED_EDGE ( 'NONE', *, *, #1150, .F. ) ;
#1757 = MECHANICAL_DESIGN_GEOMETRIC_PRESENTATION_REPRESENTATION (  '', ( #250 ), #430 ) ;
#1758 = LINE ( 'NONE', #972, #340 ) ;
#1759 = VERTEX_POINT ( 'NONE', #795 ) ;
#1760 = CARTESIAN_POINT ( 'NONE',  ( -2.800000000000003819, 5.950000000000000178, -1.249999999999993783 ) ) ;
#1761 =( LENGTH_UNIT ( ) NAMED_UNIT ( * ) SI_UNIT ( .MILLI., .METRE. ) );
#1762 = MECHANICAL_DESIGN_GEOMETRIC_PRESENTATION_REPRESENTATION (  '', ( #164 ), #2051 ) ;
#1763 = FACE_OUTER_BOUND ( 'NONE', #1717, .T. ) ;
#1764 =( NAMED_UNIT ( * ) PLANE_ANGLE_UNIT ( ) SI_UNIT ( $, .RADIAN. ) );
#1765 = DIRECTION ( 'NONE',  ( 0.000000000000000000, -2.805883208705177183E-17, 1.000000000000000000 ) ) ;
#1767 = ORIENTED_EDGE ( 'NONE', *, *, #1830, .F. ) ;
#1766 = MECHANICAL_DESIGN_GEOMETRIC_PRESENTATION_REPRESENTATION (  '', ( #407 ), #1116 ) ;
#1768 =( LENGTH_UNIT ( ) NAMED_UNIT ( * ) SI_UNIT ( .MILLI., .METRE. ) );
#1769 = FACE_OUTER_BOUND ( 'NONE', #1732, .T. ) ;
#1770 = VERTEX_POINT ( 'NONE', #1178 ) ;
#1771 = ADVANCED_FACE ( 'NONE', ( #518 ), #1835, .T. ) ;
#1772 =( NAMED_UNIT ( * ) SI_UNIT ( $, .STERADIAN. ) SOLID_ANGLE_UNIT ( ) );
#1773 = ORIENTED_EDGE ( 'NONE', *, *, #688, .F. ) ;
#1774 = VECTOR ( 'NONE', #1435, 1000.000000000000000 ) ;
#1775 = EDGE_CURVE ( 'NONE', #205, #2005, #527, .T. ) ;
#1776 = EDGE_CURVE ( 'NONE', #95, #1312, #1844, .T. ) ;
#1777 = COLOUR_RGB ( '',0.7529411764705882248, 0.7529411764705882248, 0.7529411764705882248 ) ;
#1778 = LINE ( 'NONE', #1802, #350 ) ;
#1779 = FACE_OUTER_BOUND ( 'NONE', #485, .T. ) ;
#1780 =( NAMED_UNIT ( * ) SI_UNIT ( $, .STERADIAN. ) SOLID_ANGLE_UNIT ( ) );
#1781 = DIRECTION ( 'NONE',  ( 0.000000000000000000, 1.000000000000000000, 1.281735474569444829E-14 ) ) ;
#1782 = LINE ( 'NONE', #641, #1810 ) ;
#1783 = ORIENTED_EDGE ( 'NONE', *, *, #1404, .F. ) ;
#1784 = STYLED_ITEM ( 'NONE', ( #1628 ), #1618 ) ;
#1785 = CARTESIAN_POINT ( 'NONE',  ( -0.9300000000000085976, 3.895000000000000906, -2.529999999999994920 ) ) ;
#1786 = VECTOR ( 'NONE', #781, 1000.000000000000000 ) ;
#1787 = MECHANICAL_DESIGN_GEOMETRIC_PRESENTATION_REPRESENTATION (  '', ( #852 ), #182 ) ;
#1788 = EDGE_LOOP ( 'NONE', ( #1783, #1492, #1584, #1386, #286, #2144 ) ) ;
#1789 = FILL_AREA_STYLE_COLOUR ( '', #731 ) ;
#1790 = ORIENTED_EDGE ( 'NONE', *, *, #1907, .T. ) ;
#1791 = DIRECTION ( 'NONE',  ( 0.000000000000000000, 1.000000000000000000, 0.000000000000000000 ) ) ;
#1792 = ADVANCED_FACE ( 'NONE', ( #184 ), #828, .T. ) ;
#1793 = LINE ( 'NONE', #289, #780 ) ;
#1794 = CARTESIAN_POINT ( 'NONE',  ( 0.9300000000000158140, 3.254999999999998561, 5.549999999999994493 ) ) ;
#1795 = DIRECTION ( 'NONE',  ( -6.443359736700906521E-31, -1.000000000000000000, -1.845450506358305079E-16 ) ) ;
#1796 = PLANE ( 'NONE',  #1606 ) ;
#1797 = ORIENTED_EDGE ( 'NONE', *, *, #2015, .T. ) ;
#1798 = LINE ( 'NONE', #1313, #926 ) ;
#1799 = ORIENTED_EDGE ( 'NONE', *, *, #1237, .F. ) ;
#1800 = ORIENTED_EDGE ( 'NONE', *, *, #1011, .T. ) ;
#1801 = ORIENTED_EDGE ( 'NONE', *, *, #2104, .T. ) ;
#1802 = CARTESIAN_POINT ( 'NONE',  ( 1.570000000000003171, 2.654999999999991367, 1.049999999999994049 ) ) ;
#1803 = LINE ( 'NONE', #2159, #1339 ) ;
#1804 = LINE ( 'NONE', #1754, #946 ) ;
#1805 = CARTESIAN_POINT ( 'NONE',  ( 3.699999999999980194, 1.301042606982605321E-15, -5.750000000000014211 ) ) ;
#1806 = ORIENTED_EDGE ( 'NONE', *, *, #1384, .T. ) ;
#1807 = ORIENTED_EDGE ( 'NONE', *, *, #172, .F. ) ;
#1808 = ORIENTED_EDGE ( 'NONE', *, *, #1949, .F. ) ;
#1809 = DIRECTION ( 'NONE',  ( 1.000000000000000000, -0.000000000000000000, -3.491483361109382461E-15 ) ) ;
#1810 = VECTOR ( 'NONE', #1960, 1000.000000000000000 ) ;
#1811 = CARTESIAN_POINT ( 'NONE',  ( 0.9299999999999958300, 3.895000000000000906, -1.250000000000007327 ) ) ;
#1812 =( NAMED_UNIT ( * ) SI_UNIT ( $, .STERADIAN. ) SOLID_ANGLE_UNIT ( ) );
#1813 = LINE ( 'NONE', #1660, #1815 ) ;
#1814 = MECHANICAL_DESIGN_GEOMETRIC_PRESENTATION_REPRESENTATION (  '', ( #96 ), #588 ) ;
#1815 = VECTOR ( 'NONE', #1497, 1000.000000000000000 ) ;
#1816 = VERTEX_POINT ( 'NONE', #2008 ) ;
#1817 = SURFACE_SIDE_STYLE ('',( #1465 ) ) ;
#1818 = CARTESIAN_POINT ( 'NONE',  ( 0.9299999999999887246, 3.254999999999998117, -3.130000000000005667 ) ) ;
#1819 = VECTOR ( 'NONE', #1054, 1000.000000000000000 ) ;
#1820 =( GEOMETRIC_REPRESENTATION_CONTEXT ( 3 ) GLOBAL_UNCERTAINTY_ASSIGNED_CONTEXT ( ( #1643 ) ) GLOBAL_UNIT_ASSIGNED_CONTEXT ( ( #1714, #551, #1226 ) ) REPRESENTATION_CONTEXT ( 'NONE', 'WORKASPACE' ) );
#1821 = VERTEX_POINT ( 'NONE', #1985 ) ;
#1822 = PRESENTATION_LAYER_ASSIGNMENT (  '', '', ( #1852 ) ) ;
#1823 = EDGE_CURVE ( 'NONE', #188, #1675, #2036, .T. ) ;
#1824 = SURFACE_SIDE_STYLE ('',( #1155 ) ) ;
#1825 = SURFACE_STYLE_FILL_AREA ( #1169 ) ;
#1826 = CARTESIAN_POINT ( 'NONE',  ( -0.9300000000000109290, 2.654999999999991367, -3.129999999999999449 ) ) ;
#1827 = DIRECTION ( 'NONE',  ( 1.000000000000000000, 0.000000000000000000, -3.491483361109382066E-15 ) ) ;
#1828 = ORIENTED_EDGE ( 'NONE', *, *, #98, .T. ) ;
#1829 = FILL_AREA_STYLE ('',( #1990 ) ) ;
#1830 = EDGE_CURVE ( 'NONE', #1037, #603, #490, .T. ) ;
#1831 = DIRECTION ( 'NONE',  ( 0.000000000000000000, 1.000000000000000000, -0.000000000000000000 ) ) ;
#1832 = COLOUR_RGB ( '',0.7529411764705882248, 0.7529411764705882248, 0.7529411764705882248 ) ;
#1833 = EDGE_LOOP ( 'NONE', ( #970, #644, #541, #2039 ) ) ;
#1834 = FACE_OUTER_BOUND ( 'NONE', #1951, .T. ) ;
#1835 = PLANE ( 'NONE',  #1572 ) ;
#1836 =( LENGTH_UNIT ( ) NAMED_UNIT ( * ) SI_UNIT ( .MILLI., .METRE. ) );
#1837 = ORIENTED_EDGE ( 'NONE', *, *, #1454, .T. ) ;
#1838 = DIRECTION ( 'NONE',  ( 1.000000000000000000, 0.000000000000000000, -3.491483361109382461E-15 ) ) ;
#1839 = CARTESIAN_POINT ( 'NONE',  ( -1.570000000000008944, 3.254999999999998117, -2.529999999999998028 ) ) ;
#1840 = VECTOR ( 'NONE', #2131, 1000.000000000000000 ) ;
#1841 =( GEOMETRIC_REPRESENTATION_CONTEXT ( 3 ) GLOBAL_UNCERTAINTY_ASSIGNED_CONTEXT ( ( #1295 ) ) GLOBAL_UNIT_ASSIGNED_CONTEXT ( ( #758, #1929, #611 ) ) REPRESENTATION_CONTEXT ( 'NONE', 'WORKASPACE' ) );
#1842 = EDGE_LOOP ( 'NONE', ( #713, #1005, #147, #1727 ) ) ;
#1843 = ADVANCED_FACE ( 'NONE', ( #848 ), #1023, .T. ) ;
#1844 = LINE ( 'NONE', #701, #911 ) ;
#1845 = FILL_AREA_STYLE_COLOUR ( '', #4 ) ;
#1846 = DIRECTION ( 'NONE',  ( 0.000000000000000000, -1.073467497510400859E-16, -1.000000000000000000 ) ) ;
#1847 = VERTEX_POINT ( 'NONE', #1072 ) ;
#1848 = ORIENTED_EDGE ( 'NONE', *, *, #438, .T. ) ;
#1849 =( LENGTH_UNIT ( ) NAMED_UNIT ( * ) SI_UNIT ( .MILLI., .METRE. ) );
#1850 = CARTESIAN_POINT ( 'NONE',  ( 0.9300000000000198108, 3.895000000000001794, 5.549999999999998934 ) ) ;
#1851 = COLOUR_RGB ( '',0.7529411764705882248, 0.7529411764705882248, 0.7529411764705882248 ) ;
#1852 = STYLED_ITEM ( 'NONE', ( #1855 ), #802 ) ;
#1853 = CARTESIAN_POINT ( 'NONE',  ( -0.9300000000000083755, 3.254999999999998117, -2.529999999999998028 ) ) ;
#1854 = PLANE ( 'NONE',  #1988 ) ;
#1855 = PRESENTATION_STYLE_ASSIGNMENT (( #540 ) ) ;
#1856 = ORIENTED_EDGE ( 'NONE', *, *, #2121, .F. ) ;
#1857 = ORIENTED_EDGE ( 'NONE', *, *, #165, .F. ) ;
#1858 = EDGE_CURVE ( 'NONE', #440, #239, #989, .T. ) ;
#1859 = FILL_AREA_STYLE ('',( #24 ) ) ;
#1860 = CARTESIAN_POINT ( 'NONE',  ( -1.570000000000011164, 3.254999999999998117, -3.129999999999996785 ) ) ;
#1861 = PLANE ( 'NONE',  #1504 ) ;
#1862 = PRESENTATION_LAYER_ASSIGNMENT (  '', '', ( #1551 ) ) ;
#1863 = DIRECTION ( 'NONE',  ( 3.491483361109382461E-15, 0.000000000000000000, 1.000000000000000000 ) ) ;
#1864 = DIRECTION ( 'NONE',  ( 0.000000000000000000, 1.000000000000000000, 0.000000000000000000 ) ) ;
#1865 = FILL_AREA_STYLE ('',( #40 ) ) ;
#1866 = VERTEX_POINT ( 'NONE', #2044 ) ;
#1867 = CARTESIAN_POINT ( 'NONE',  ( -0.9300000000000109290, 3.254999999999998117, -3.129999999999999449 ) ) ;
#1868 = CARTESIAN_POINT ( 'NONE',  ( 3.699999999999980194, 3.226765690010953884E-16, -5.750000000000014211 ) ) ;
#1869 = VECTOR ( 'NONE', #775, 1000.000000000000000 ) ;
#1870 = EDGE_CURVE ( 'NONE', #1272, #2107, #218, .T. ) ;
#1871 = SURFACE_STYLE_FILL_AREA ( #199 ) ;
#1872 = ADVANCED_FACE ( 'NONE', ( #1539 ), #745, .F. ) ;
#1873 = COLOUR_RGB ( '',0.7529411764705882248, 0.7529411764705882248, 0.7529411764705882248 ) ;
#1874 = AXIS2_PLACEMENT_3D ( 'NONE', #1903, #427, #886 ) ;
#1875 = CARTESIAN_POINT ( 'NONE',  ( -2.799999999999979394, 0.000000000000000000, 5.750000000000011546 ) ) ;
#1876 = CARTESIAN_POINT ( 'NONE',  ( -2.799999999999979394, 0.2500000000000000000, 5.750000000000034639 ) ) ;
#1877 = ORIENTED_EDGE ( 'NONE', *, *, #1938, .T. ) ;
#1878 = EDGE_CURVE ( 'NONE', #554, #677, #904, .T. ) ;
#1879 = VECTOR ( 'NONE', #2041, 1000.000000000000114 ) ;
#1880 = EDGE_CURVE ( 'NONE', #308, #97, #1405, .T. ) ;
#1881 =( NAMED_UNIT ( * ) PLANE_ANGLE_UNIT ( ) SI_UNIT ( $, .RADIAN. ) );
#1882 = UNCERTAINTY_MEASURE_WITH_UNIT (LENGTH_MEASURE( 1.000000000000000082E-05 ), #1836, 'distance_accuracy_value', 'NONE');
#1883 = CARTESIAN_POINT ( 'NONE',  ( -1.570000000000005835, 3.895000000000000906, -2.529999999999992255 ) ) ;
#1884 = ORIENTED_EDGE ( 'NONE', *, *, #836, .F. ) ;
#1885 = SURFACE_SIDE_STYLE ('',( #915 ) ) ;
#1886 = AXIS2_PLACEMENT_3D ( 'NONE', #1441, #127, #1781 ) ;
#1887 = PRODUCT_RELATED_PRODUCT_CATEGORY ( 'part', '', ( #2031 ) ) ;
#1888 = MECHANICAL_DESIGN_GEOMETRIC_PRESENTATION_REPRESENTATION (  '', ( #673 ), #63 ) ;
#1889 =( NAMED_UNIT ( * ) SI_UNIT ( $, .STERADIAN. ) SOLID_ANGLE_UNIT ( ) );
#1890 = LINE ( 'NONE', #1394, #1045 ) ;
#1891 = CARTESIAN_POINT ( 'NONE',  ( -2.849999999999991651, 5.124999999999998224, 2.650000000000011902 ) ) ;
#1892 = EDGE_LOOP ( 'NONE', ( #2060, #1027, #30, #653 ) ) ;
#1893 = CARTESIAN_POINT ( 'NONE',  ( 1.569999999999986962, 2.654999999999991367, -3.770000000000011564 ) ) ;
#1894 = VERTEX_POINT ( 'NONE', #54 ) ;
#1895 = CARTESIAN_POINT ( 'NONE',  ( -1.570000000000012497, -3.399999999999999467, -3.770000000000000462 ) ) ;
#1896 = FILL_AREA_STYLE ('',( #888 ) ) ;
#1897 = FACE_BOUND ( 'NONE', #1102, .T. ) ;
#1898 = ORIENTED_EDGE ( 'NONE', *, *, #1104, .F. ) ;
#1899 = DIRECTION ( 'NONE',  ( 1.000000000000000000, -0.000000000000000000, -3.491483361109382461E-15 ) ) ;
#1900 = PRODUCT_DEFINITION_CONTEXT ( 'detailed design', #466, 'design' ) ;
#1901 =( NAMED_UNIT ( * ) PLANE_ANGLE_UNIT ( ) SI_UNIT ( $, .RADIAN. ) );
#1902 = VERTEX_POINT ( 'NONE', #2077 ) ;
#1903 = CARTESIAN_POINT ( 'NONE',  ( -0.9300000000000109290, 2.654999999999991367, -3.129999999999999449 ) ) ;
#1904 = ADVANCED_FACE ( 'NONE', ( #917 ), #732, .T. ) ;
#1905 = VECTOR ( 'NONE', #1044, 1000.000000000000000 ) ;
#1906 = LINE ( 'NONE', #599, #508 ) ;
#1907 = EDGE_CURVE ( 'NONE', #1129, #339, #1459, .T. ) ;
#1908 = CARTESIAN_POINT ( 'NONE',  ( 3.700000000000009504, 5.124999999999998224, 2.649999999999988365 ) ) ;
#1909 = VERTEX_POINT ( 'NONE', #1140 ) ;
#1910 = LINE ( 'NONE', #921, #1879 ) ;
#1911 = EDGE_CURVE ( 'NONE', #2092, #730, #1749, .T. ) ;
#1912 = VECTOR ( 'NONE', #1193, 1000.000000000000000 ) ;
#1913 = VERTEX_POINT ( 'NONE', #124 ) ;
#1914 =( NAMED_UNIT ( * ) PLANE_ANGLE_UNIT ( ) SI_UNIT ( $, .RADIAN. ) );
#1915 = COLOUR_RGB ( '',0.7529411764705882248, 0.7529411764705882248, 0.7529411764705882248 ) ;
#1916 = FACE_OUTER_BOUND ( 'NONE', #1489, .T. ) ;
#1917 =( NAMED_UNIT ( * ) SI_UNIT ( $, .STERADIAN. ) SOLID_ANGLE_UNIT ( ) );
#1918 = DIRECTION ( 'NONE',  ( 1.000000000000000000, 0.000000000000000000, -3.491483361109382461E-15 ) ) ;
#1919 = CARTESIAN_POINT ( 'NONE',  ( 1.750000000000016653, 5.124999999999998224, 5.749999999999993783 ) ) ;
#1920 = AXIS2_PLACEMENT_3D ( 'NONE', #46, #365, #1863 ) ;
#1921 = ORIENTED_EDGE ( 'NONE', *, *, #1176, .F. ) ;
#1922 = COLOUR_RGB ( '',0.7529411764705882248, 0.7529411764705882248, 0.7529411764705882248 ) ;
#1923 = FACE_OUTER_BOUND ( 'NONE', #607, .T. ) ;
#1924 =( LENGTH_UNIT ( ) NAMED_UNIT ( * ) SI_UNIT ( .MILLI., .METRE. ) );
#1925 = ORIENTED_EDGE ( 'NONE', *, *, #1711, .F. ) ;
#1926 = PLANE ( 'NONE',  #528 ) ;
#1927 = VERTEX_POINT ( 'NONE', #964 ) ;
#1928 = DIRECTION ( 'NONE',  ( -3.491483361109382461E-15, 0.000000000000000000, -1.000000000000000000 ) ) ;
#1929 =( NAMED_UNIT ( * ) PLANE_ANGLE_UNIT ( ) SI_UNIT ( $, .RADIAN. ) );
#1930 = FILL_AREA_STYLE ('',( #2087 ) ) ;
#1931 = DIRECTION ( 'NONE',  ( -3.491483361109382461E-15, 0.000000000000000000, -1.000000000000000000 ) ) ;
#1932 =( GEOMETRIC_REPRESENTATION_CONTEXT ( 3 ) GLOBAL_UNCERTAINTY_ASSIGNED_CONTEXT ( ( #2082 ) ) GLOBAL_UNIT_ASSIGNED_CONTEXT ( ( #2042, #352, #1063 ) ) REPRESENTATION_CONTEXT ( 'NONE', 'WORKASPACE' ) );
#1933 = ORIENTED_EDGE ( 'NONE', *, *, #1176, .T. ) ;
#1934 = ADVANCED_FACE ( 'NONE', ( #2096 ), #2085, .F. ) ;
#1935 = DIRECTION ( 'NONE',  ( 3.004629197474318851E-15, 0.5000000000000015543, 0.8660254037844378194 ) ) ;
#1936 = EDGE_CURVE ( 'NONE', #999, #909, #975, .T. ) ;
#1937 = ORIENTED_EDGE ( 'NONE', *, *, #1494, .T. ) ;
#1938 = EDGE_CURVE ( 'NONE', #284, #1675, #1447, .T. ) ;
#1939 = EDGE_LOOP ( 'NONE', ( #2130, #22, #1466, #1355 ) ) ;
#1940 = FACE_OUTER_BOUND ( 'NONE', #1396, .T. ) ;
#1941 = VECTOR ( 'NONE', #590, 1000.000000000000000 ) ;
#1942 = DIRECTION ( 'NONE',  ( 1.000000000000000000, 4.475158082802854890E-29, -3.491483361109382461E-15 ) ) ;
#1943 = CARTESIAN_POINT ( 'NONE',  ( 3.699999999999980194, 2.351923788646675728, -5.750000000000014211 ) ) ;
#1944 = LINE ( 'NONE', #445, #206 ) ;
#1945 = FACE_BOUND ( 'NONE', #1892, .T. ) ;
#1946 = UNCERTAINTY_MEASURE_WITH_UNIT (LENGTH_MEASURE( 1.000000000000000082E-05 ), #354, 'distance_accuracy_value', 'NONE');
#1947 = CARTESIAN_POINT ( 'NONE',  ( 1.750000000000007105, 5.124999999999998224, 5.749999999999986677 ) ) ;
#1948 = VERTEX_POINT ( 'NONE', #1615 ) ;
#1949 = EDGE_CURVE ( 'NONE', #1847, #1037, #1778, .T. ) ;
#1950 = DIRECTION ( 'NONE',  ( 3.747993906249292199E-31, -1.000000000000000000, 1.073467497510400859E-16 ) ) ;
#1951 = EDGE_LOOP ( 'NONE', ( #1139, #144, #1080, #425, #1015, #412 ) ) ;
#1952 =( GEOMETRIC_REPRESENTATION_CONTEXT ( 3 ) GLOBAL_UNCERTAINTY_ASSIGNED_CONTEXT ( ( #131 ) ) GLOBAL_UNIT_ASSIGNED_CONTEXT ( ( #81, #2076, #1579 ) ) REPRESENTATION_CONTEXT ( 'NONE', 'WORKASPACE' ) );
#1953 = VECTOR ( 'NONE', #1068, 1000.000000000000000 ) ;
#1954 = LINE ( 'NONE', #244, #1130 ) ;
#1955 = EDGE_CURVE ( 'NONE', #426, #188, #1306, .T. ) ;
#1956 = CARTESIAN_POINT ( 'NONE',  ( 3.700000000000020606, 5.124999999999998224, 5.750000000000014211 ) ) ;
#1957 = FILL_AREA_STYLE ('',( #1590 ) ) ;
#1958 = FILL_AREA_STYLE_COLOUR ( '', #703 ) ;
#1959 = PRESENTATION_LAYER_ASSIGNMENT (  '', '', ( #2065 ) ) ;
#1960 = DIRECTION ( 'NONE',  ( -1.000000000000000000, -0.000000000000000000, -0.000000000000000000 ) ) ;
#1961 = ORIENTED_EDGE ( 'NONE', *, *, #1722, .T. ) ;
#1962 = VECTOR ( 'NONE', #538, 1000.000000000000000 ) ;
#1963 = DIRECTION ( 'NONE',  ( 3.491483361109382461E-15, -0.000000000000000000, 1.000000000000000000 ) ) ;
#1964 = AXIS2_PLACEMENT_3D ( 'NONE', #1970, #420, #1289 ) ;
#1965 = STYLED_ITEM ( 'NONE', ( #563 ), #41 ) ;
#1966 = VECTOR ( 'NONE', #1036, 1000.000000000000000 ) ;
#1967 = ORIENTED_EDGE ( 'NONE', *, *, #1284, .F. ) ;
#1968 = FILL_AREA_STYLE ('',( #1789 ) ) ;
#1969 = ORIENTED_EDGE ( 'NONE', *, *, #555, .T. ) ;
#1970 = CARTESIAN_POINT ( 'NONE',  ( 3.699999999999980194, 2.351923788646675728, -5.750000000000014211 ) ) ;
#1971 = CARTESIAN_POINT ( 'NONE',  ( 3.700000000000020606, -2.407412430484143619E-32, 5.749999999999987566 ) ) ;
#1972 = CARTESIAN_POINT ( 'NONE',  ( -1.749999999999992450, 5.950000000000000178, 2.050000000000003375 ) ) ;
#1973 = CARTESIAN_POINT ( 'NONE',  ( -0.9299999999999805089, 3.254999999999998561, 5.550000000000002487 ) ) ;
#1974 = DIRECTION ( 'NONE',  ( 1.000000000000000000, 0.000000000000000000, 0.000000000000000000 ) ) ;
#1975 = EDGE_LOOP ( 'NONE', ( #1297, #931, #1544, #2168 ) ) ;
#1976 = UNCERTAINTY_MEASURE_WITH_UNIT (LENGTH_MEASURE( 1.000000000000000082E-05 ), #1196, 'distance_accuracy_value', 'NONE');
#1977 = LINE ( 'NONE', #145, #364 ) ;
#1978 = ORIENTED_EDGE ( 'NONE', *, *, #1030, .F. ) ;
#1979 = EDGE_LOOP ( 'NONE', ( #130, #269, #1375, #1047 ) ) ;
#1980 = ORIENTED_EDGE ( 'NONE', *, *, #1936, .F. ) ;
#1981 = VECTOR ( 'NONE', #1490, 1000.000000000000000 ) ;
#1982 =( NAMED_UNIT ( * ) PLANE_ANGLE_UNIT ( ) SI_UNIT ( $, .RADIAN. ) );
#1983 = EDGE_CURVE ( 'NONE', #358, #1623, #1413, .T. ) ;
#1984 = DIRECTION ( 'NONE',  ( 3.491483361109382461E-15, -0.000000000000000000, 1.000000000000000000 ) ) ;
#1985 = CARTESIAN_POINT ( 'NONE',  ( -3.700000000000007727, 4.949999999999998401, -1.249999999999992006 ) ) ;
#1986 = SURFACE_SIDE_STYLE ('',( #1322 ) ) ;
#1987 = CARTESIAN_POINT ( 'NONE',  ( 3.699999999999995737, 2.351923788646687274, -5.749999999999993783 ) ) ;
#1988 = AXIS2_PLACEMENT_3D ( 'NONE', #978, #651, #1187 ) ;
#1989 = ORIENTED_EDGE ( 'NONE', *, *, #1983, .T. ) ;
#1990 = FILL_AREA_STYLE_COLOUR ( '', #2161 ) ;
#1991 = LINE ( 'NONE', #482, #413 ) ;
#1992 = EDGE_CURVE ( 'NONE', #1719, #554, #582, .T. ) ;
#1993 = ORIENTED_EDGE ( 'NONE', *, *, #635, .T. ) ;
#1994 = CARTESIAN_POINT ( 'NONE',  ( 3.700000000000009504, 4.124999999999998224, 2.649999999999989253 ) ) ;
#1995 =( LENGTH_UNIT ( ) NAMED_UNIT ( * ) SI_UNIT ( .MILLI., .METRE. ) );
#1996 = AXIS2_PLACEMENT_3D ( 'NONE', #687, #1665, #664 ) ;
#1997 = DIRECTION ( 'NONE',  ( 0.000000000000000000, -0.000000000000000000, -1.000000000000000000 ) ) ;
#1998 = FILL_AREA_STYLE_COLOUR ( '', #1851 ) ;
#1999 = DIRECTION ( 'NONE',  ( -1.000000000000000000, 0.000000000000000000, 3.491483361109382461E-15 ) ) ;
#2000 = EDGE_LOOP ( 'NONE', ( #765, #295, #137, #645, #949, #656, #344, #963 ) ) ;
#2001 = LINE ( 'NONE', #1296, #1981 ) ;
#2002 = DIRECTION ( 'NONE',  ( 3.374272315435273607E-15, 0.000000000000000000, 1.000000000000000000 ) ) ;
#2003 = VECTOR ( 'NONE', #1096, 1000.000000000000000 ) ;
#2004 = VECTOR ( 'NONE', #1587, 1000.000000000000000 ) ;
#2005 = VERTEX_POINT ( 'NONE', #598 ) ;
#2006 = VECTOR ( 'NONE', #9, 1000.000000000000000 ) ;
#2007 = DIRECTION ( 'NONE',  ( -1.000000000000000000, -0.000000000000000000, 3.491483361109382066E-15 ) ) ;
#2008 = CARTESIAN_POINT ( 'NONE',  ( 0.9299999999999957190, 3.254999999999998117, -1.250000000000006661 ) ) ;
#2009 =( NAMED_UNIT ( * ) PLANE_ANGLE_UNIT ( ) SI_UNIT ( $, .RADIAN. ) );
#2010 = CARTESIAN_POINT ( 'NONE',  ( -2.800000000000023803, 4.949999999999990408, -1.250000000000010880 ) ) ;
#2011 = ORIENTED_EDGE ( 'NONE', *, *, #1189, .T. ) ;
#2012 = ADVANCED_FACE ( 'NONE', ( #1916 ), #2110, .F. ) ;
#2013 = DIRECTION ( 'NONE',  ( -3.491483361109382461E-15, -0.000000000000000000, -1.000000000000000000 ) ) ;
#2014 = CARTESIAN_POINT ( 'NONE',  ( 2.799999999999996270, 4.949999999999999289, -1.250000000000014211 ) ) ;
#2015 = EDGE_CURVE ( 'NONE', #554, #1770, #1954, .T. ) ;
#2016 = DIRECTION ( 'NONE',  ( 0.000000000000000000, 1.000000000000000000, 0.000000000000000000 ) ) ;
#2017 = EDGE_CURVE ( 'NONE', #1866, #1152, #1131, .T. ) ;
#2018 = DIRECTION ( 'NONE',  ( -1.000000000000000000, 0.000000000000000000, 3.491483361109382461E-15 ) ) ;
#2019 = PLANE ( 'NONE',  #477 ) ;
#2020 = EDGE_LOOP ( 'NONE', ( #870, #187, #662, #2155 ) ) ;
#2021 = EDGE_LOOP ( 'NONE', ( #1800, #1741, #1921, #48 ) ) ;
#2022 = CARTESIAN_POINT ( 'NONE',  ( -1.570000000000011164, 2.654999999999991367, -3.129999999999996785 ) ) ;
#2023 = DIRECTION ( 'NONE',  ( -0.000000000000000000, -1.000000000000000000, -0.000000000000000000 ) ) ;
#2024 = PRESENTATION_LAYER_ASSIGNMENT (  '', '', ( #805 ) ) ;
#2025 = ORIENTED_EDGE ( 'NONE', *, *, #723, .F. ) ;
#2026 =( LENGTH_UNIT ( ) NAMED_UNIT ( * ) SI_UNIT ( .MILLI., .METRE. ) );
#2027 = LINE ( 'NONE', #1475, #1453 ) ;
#2028 = EDGE_CURVE ( 'NONE', #961, #1866, #84, .T. ) ;
#2029 =( GEOMETRIC_REPRESENTATION_CONTEXT ( 3 ) GLOBAL_UNCERTAINTY_ASSIGNED_CONTEXT ( ( #1595 ) ) GLOBAL_UNIT_ASSIGNED_CONTEXT ( ( #556, #1707, #43 ) ) REPRESENTATION_CONTEXT ( 'NONE', 'WORKASPACE' ) );
#2030 = SURFACE_SIDE_STYLE ('',( #1046 ) ) ;
#2031 = PRODUCT ( 'S2B-XH-A', 'S2B-XH-A', '', ( #1743 ) ) ;
#2032 = ORIENTED_EDGE ( 'NONE', *, *, #1104, .T. ) ;
#2033 = ORIENTED_EDGE ( 'NONE', *, *, #2017, .T. ) ;
#2034 = CARTESIAN_POINT ( 'NONE',  ( 3.699999999999995737, 4.949999999999999289, -1.250000000000016431 ) ) ;
#2035 = FACE_OUTER_BOUND ( 'NONE', #1598, .T. ) ;
#2036 = CIRCLE ( 'NONE', #1090, 0.5999999999999998668 ) ;
#2037 = DIRECTION ( 'NONE',  ( 0.000000000000000000, -1.073467497510400859E-16, -1.000000000000000000 ) ) ;
#2038 = CARTESIAN_POINT ( 'NONE',  ( 2.799999999999980282, 0.000000000000000000, -5.750000000000010658 ) ) ;
#2039 = ORIENTED_EDGE ( 'NONE', *, *, #2073, .F. ) ;
#2040 = CARTESIAN_POINT ( 'NONE',  ( 3.700000000000020606, 5.950000000000000178, 5.749999999999986677 ) ) ;
#2041 = DIRECTION ( 'NONE',  ( 0.000000000000000000, -0.5000000000000013323, -0.8660254037844378194 ) ) ;
#2042 =( LENGTH_UNIT ( ) NAMED_UNIT ( * ) SI_UNIT ( .MILLI., .METRE. ) );
#2043 = COLOUR_RGB ( '',0.7529411764705882248, 0.7529411764705882248, 0.7529411764705882248 ) ;
#2044 = CARTESIAN_POINT ( 'NONE',  ( -3.700000000000020162, 2.975095767473747339E-16, -5.749999999999987566 ) ) ;
#2045 = SURFACE_STYLE_USAGE ( .BOTH. , #1374 ) ;
#2046 = AXIS2_PLACEMENT_3D ( 'NONE', #1805, #1478, #997 ) ;
#2047 = CARTESIAN_POINT ( 'NONE',  ( -1.250000000000008216, 2.654999999999997584, -2.529999999999999361 ) ) ;
#2048 = ORIENTED_EDGE ( 'NONE', *, *, #1588, .F. ) ;
#2049 = DIRECTION ( 'NONE',  ( 1.000000000000000000, -0.000000000000000000, -3.491483361109382461E-15 ) ) ;
#2050 =( NAMED_UNIT ( * ) SI_UNIT ( $, .STERADIAN. ) SOLID_ANGLE_UNIT ( ) );
#2051 =( GEOMETRIC_REPRESENTATION_CONTEXT ( 3 ) GLOBAL_UNCERTAINTY_ASSIGNED_CONTEXT ( ( #750 ) ) GLOBAL_UNIT_ASSIGNED_CONTEXT ( ( #1924, #1901, #93 ) ) REPRESENTATION_CONTEXT ( 'NONE', 'WORKASPACE' ) );
#2052 = EDGE_CURVE ( 'NONE', #1153, #2064, #766, .T. ) ;
#2053 =( NAMED_UNIT ( * ) SI_UNIT ( $, .STERADIAN. ) SOLID_ANGLE_UNIT ( ) );
#2054 = ORIENTED_EDGE ( 'NONE', *, *, #98, .F. ) ;
#2055 = FILL_AREA_STYLE_COLOUR ( '', #819 ) ;
#2056 = AXIS2_PLACEMENT_3D ( 'NONE', #2038, #1540, #219 ) ;
#2057 = PRESENTATION_LAYER_ASSIGNMENT (  '', '', ( #1092 ) ) ;
#2058 = CARTESIAN_POINT ( 'NONE',  ( -0.9300000000000109290, 2.654999999999991367, -3.129999999999999449 ) ) ;
#2059 = ADVANCED_FACE ( 'NONE', ( #1268 ), #287, .F. ) ;
#2060 = ORIENTED_EDGE ( 'NONE', *, *, #2015, .F. ) ;
#2061 = STYLED_ITEM ( 'NONE', ( #1287 ), #110 ) ;
#2062 = CARTESIAN_POINT ( 'NONE',  ( 1.249999999999989120, 2.654999999999997584, -3.130000000000006111 ) ) ;
#2063 = VECTOR ( 'NONE', #1230, 1000.000000000000000 ) ;
#2064 = VERTEX_POINT ( 'NONE', #259 ) ;
#2065 = STYLED_ITEM ( 'NONE', ( #2117 ), #1149 ) ;
#2066 = PRESENTATION_LAYER_ASSIGNMENT (  '', '', ( #673 ) ) ;
#2067 = DIRECTION ( 'NONE',  ( 1.000000000000000000, 3.747993906249292199E-31, -4.023349639225659456E-47 ) ) ;
#2068 = FACE_OUTER_BOUND ( 'NONE', #1091, .T. ) ;
#2069 = VECTOR ( 'NONE', #1437, 1000.000000000000000 ) ;
#2070 = LINE ( 'NONE', #1084, #272 ) ;
#2071 = EDGE_LOOP ( 'NONE', ( #1663, #320, #894, #1989 ) ) ;
#2072 = SURFACE_SIDE_STYLE ('',( #707 ) ) ;
#2073 = EDGE_CURVE ( 'NONE', #1105, #1403, #431, .T. ) ;
#2074 = CARTESIAN_POINT ( 'NONE',  ( 0.9299999999999887246, -3.399999999999999023, -3.130000000000006111 ) ) ;
#2075 = ORIENTED_EDGE ( 'NONE', *, *, #796, .T. ) ;
#2076 =( NAMED_UNIT ( * ) PLANE_ANGLE_UNIT ( ) SI_UNIT ( $, .RADIAN. ) );
#2077 = CARTESIAN_POINT ( 'NONE',  ( -2.800000000000021139, 2.351923788646676172, -5.749999999999990230 ) ) ;
#2078 = CARTESIAN_POINT ( 'NONE',  ( 0.9300000000000033795, 2.654999999999991367, 1.049999999999995826 ) ) ;
#2079 = ADVANCED_FACE ( 'NONE', ( #1940 ), #443, .F. ) ;
#2080 = ORIENTED_EDGE ( 'NONE', *, *, #1776, .F. ) ;
#2081 = FACE_OUTER_BOUND ( 'NONE', #1939, .T. ) ;
#2082 = UNCERTAINTY_MEASURE_WITH_UNIT (LENGTH_MEASURE( 1.000000000000000082E-05 ), #2042, 'distance_accuracy_value', 'NONE');
#2083 = LINE ( 'NONE', #253, #256 ) ;
#2084 = ORIENTED_EDGE ( 'NONE', *, *, #17, .F. ) ;
#2085 = PLANE ( 'NONE',  #1060 ) ;
#2086 = SURFACE_STYLE_FILL_AREA ( #237 ) ;
#2087 = FILL_AREA_STYLE_COLOUR ( '', #487 ) ;
#2088 = DIRECTION ( 'NONE',  ( -3.608694406783490526E-15, 0.000000000000000000, -1.000000000000000000 ) ) ;
#2089 = ORIENTED_EDGE ( 'NONE', *, *, #1858, .F. ) ;
#2090 = CYLINDRICAL_SURFACE ( 'NONE', #881, 0.5999999999999998668 ) ;
#2091 = LINE ( 'NONE', #1733, #837 ) ;
#2092 = VERTEX_POINT ( 'NONE', #1208 ) ;
#2093 =( LENGTH_UNIT ( ) NAMED_UNIT ( * ) SI_UNIT ( .MILLI., .METRE. ) );
#2094 = PRESENTATION_LAYER_ASSIGNMENT (  '', '', ( #668 ) ) ;
#2095 = ORIENTED_EDGE ( 'NONE', *, *, #2028, .T. ) ;
#2096 = FACE_OUTER_BOUND ( 'NONE', #378, .T. ) ;
#2097 = PLANE ( 'NONE',  #2125 ) ;
#2098 = COLOUR_RGB ( '',0.7529411764705882248, 0.7529411764705882248, 0.7529411764705882248 ) ;
#2099 = SURFACE_STYLE_FILL_AREA ( #1930 ) ;
#2100 = CARTESIAN_POINT ( 'NONE',  ( 3.700000000000009504, 5.124999999999998224, 2.649999999999988365 ) ) ;
#2101 = MECHANICAL_DESIGN_GEOMETRIC_PRESENTATION_REPRESENTATION (  '', ( #1677 ), #1338 ) ;
#2102 = VERTEX_POINT ( 'NONE', #874 ) ;
#2103 = ADVANCED_FACE ( 'NONE', ( #716 ), #207, .F. ) ;
#2104 = EDGE_CURVE ( 'NONE', #1770, #821, #1318, .T. ) ;
#2105 = ADVANCED_FACE ( 'NONE', ( #148 ), #1709, .F. ) ;
#2106 = LINE ( 'NONE', #1275, #50 ) ;
#2107 = VERTEX_POINT ( 'NONE', #1700 ) ;
#2108 = PLANE ( 'NONE',  #621 ) ;
#2109 = ORIENTED_EDGE ( 'NONE', *, *, #1679, .F. ) ;
#2110 = PLANE ( 'NONE',  #1964 ) ;
#2111 = LINE ( 'NONE', #444, #1541 ) ;
#2112 = CARTESIAN_POINT ( 'NONE',  ( -0.9300000000000083755, 3.895000000000000906, -2.529999999999989146 ) ) ;
#2113 = EDGE_CURVE ( 'NONE', #909, #1894, #1327, .T. ) ;
#2114 = SURFACE_SIDE_STYLE ('',( #808 ) ) ;
#2115 = CARTESIAN_POINT ( 'NONE',  ( -3.699999999999980194, 4.124999999999998224, 5.750000000000012434 ) ) ;
#2116 = EDGE_CURVE ( 'NONE', #1632, #1204, #709, .T. ) ;
#2117 = PRESENTATION_STYLE_ASSIGNMENT (( #1112 ) ) ;
#2118 = LINE ( 'NONE', #1947, #1869 ) ;
#2119 = ORIENTED_EDGE ( 'NONE', *, *, #1775, .T. ) ;
#2120 = DIRECTION ( 'NONE',  ( -0.000000000000000000, -1.073467497510400859E-16, -1.000000000000000000 ) ) ;
#2121 = EDGE_CURVE ( 'NONE', #476, #1138, #908, .T. ) ;
#2122 = EDGE_LOOP ( 'NONE', ( #1326, #1126, #666, #1697, #576, #176, #898, #1980, #21, #1353, #1325, #861 ) ) ;
#2123 = CARTESIAN_POINT ( 'NONE',  ( 0.9299999999999887246, 2.654999999999991367, -3.130000000000005667 ) ) ;
#2124 = FACE_OUTER_BOUND ( 'NONE', #2133, .T. ) ;
#2125 = AXIS2_PLACEMENT_3D ( 'NONE', #276, #116, #1737 ) ;
#2126 = CARTESIAN_POINT ( 'NONE',  ( 1.570000000000011831, 3.895000000000001794, 5.549999999999998934 ) ) ;
#2127 = CARTESIAN_POINT ( 'NONE',  ( -3.699999999999988187, 4.124999999999998224, 2.650000000000014122 ) ) ;
#2128 = SURFACE_STYLE_FILL_AREA ( #602 ) ;
#2129 = DIRECTION ( 'NONE',  ( -3.491483361109382461E-15, 4.231032868236114925E-16, -1.000000000000000000 ) ) ;
#2130 = ORIENTED_EDGE ( 'NONE', *, *, #471, .F. ) ;
#2131 = DIRECTION ( 'NONE',  ( 3.491483361109382461E-15, 0.000000000000000000, 1.000000000000000000 ) ) ;
#2132 = ORIENTED_EDGE ( 'NONE', *, *, #1150, .T. ) ;
#2133 = EDGE_LOOP ( 'NONE', ( #984, #1348, #960, #629 ) ) ;
#2134 = CARTESIAN_POINT ( 'NONE',  ( -3.700000000000019718, 0.000000000000000000, -5.749999999999985789 ) ) ;
#2135 = CARTESIAN_POINT ( 'NONE',  ( -0.9299999999999962741, 2.654999999999991367, 1.050000000000002709 ) ) ;
#2136 = CARTESIAN_POINT ( 'NONE',  ( -2.799999999999978506, 3.226765690010960294E-16, -5.750000000000014211 ) ) ;
#2137 = DIRECTION ( 'NONE',  ( 0.000000000000000000, 1.000000000000000000, 0.000000000000000000 ) ) ;
#2138 = CARTESIAN_POINT ( 'NONE',  ( -1.570000000000003615, 3.895000000000000906, -1.249999999999998446 ) ) ;
#2139 = EDGE_LOOP ( 'NONE', ( #725, #804, #1345, #1578, #231, #631, #282, #317 ) ) ;
#2140 =( GEOMETRIC_REPRESENTATION_CONTEXT ( 3 ) GLOBAL_UNCERTAINTY_ASSIGNED_CONTEXT ( ( #111 ) ) GLOBAL_UNIT_ASSIGNED_CONTEXT ( ( #785, #1764, #1780 ) ) REPRESENTATION_CONTEXT ( 'NONE', 'WORKASPACE' ) );
#2141 = VECTOR ( 'NONE', #2016, 1000.000000000000000 ) ;
#2142 = STYLED_ITEM ( 'NONE', ( #1691 ), #722 ) ;
#2143 = ORIENTED_EDGE ( 'NONE', *, *, #547, .T. ) ;
#2144 = ORIENTED_EDGE ( 'NONE', *, *, #2052, .T. ) ;
#2145 = EDGE_CURVE ( 'NONE', #909, #1198, #1371, .T. ) ;
#2146 = SURFACE_STYLE_FILL_AREA ( #1968 ) ;
#2147 = ORIENTED_EDGE ( 'NONE', *, *, #941, .F. ) ;
#2148 = DIRECTION ( 'NONE',  ( 0.000000000000000000, -0.000000000000000000, 1.000000000000000000 ) ) ;
#2149 = LINE ( 'NONE', #1291, #916 ) ;
#2150 = CARTESIAN_POINT ( 'NONE',  ( 3.700000000000020606, 5.124999999999998224, 5.749999999999986677 ) ) ;
#2151 = FACE_OUTER_BOUND ( 'NONE', #52, .T. ) ;
#2152 = EDGE_CURVE ( 'NONE', #339, #1759, #1041, .T. ) ;
#2153 = LINE ( 'NONE', #652, #592 ) ;
#2154 = VERTEX_POINT ( 'NONE', #323 ) ;
#2155 = ORIENTED_EDGE ( 'NONE', *, *, #217, .T. ) ;
#2156 = DIRECTION ( 'NONE',  ( -0.000000000000000000, 0.000000000000000000, -1.000000000000000000 ) ) ;
#2157 = VECTOR ( 'NONE', #168, 1000.000000000000000 ) ;
#2158 = CARTESIAN_POINT ( 'NONE',  ( -1.570000000000008278, 2.654999999999997584, -2.529999999999998028 ) ) ;
#2159 = CARTESIAN_POINT ( 'NONE',  ( 1.249999999999991340, 3.895000000000000906, -2.529999999999996252 ) ) ;
#2160 = SURFACE_STYLE_USAGE ( .BOTH. , #1357 ) ;
#2161 = COLOUR_RGB ( '',0.7529411764705882248, 0.7529411764705882248, 0.7529411764705882248 ) ;
#2162 = LINE ( 'NONE', #1, #1021 ) ;
#2163 = COLOUR_RGB ( '',0.7529411764705882248, 0.7529411764705882248, 0.7529411764705882248 ) ;
#2164 = ORIENTED_EDGE ( 'NONE', *, *, #665, .T. ) ;
#2165 = COLOUR_RGB ( '',0.7529411764705882248, 0.7529411764705882248, 0.7529411764705882248 ) ;
#2166 = SURFACE_STYLE_USAGE ( .BOTH. , #1817 ) ;
#2167 = PLANE ( 'NONE',  #1996 ) ;
#2168 = ORIENTED_EDGE ( 'NONE', *, *, #332, .T. ) ;
#2169 = PRESENTATION_LAYER_ASSIGNMENT (  '', '', ( #1215 ) ) ;
#2170 = VECTOR ( 'NONE', #1049, 1000.000000000000000 ) ;
#2171 = EDGE_CURVE ( 'NONE', #1312, #999, #1061, .T. ) ;
#2172 = CARTESIAN_POINT ( 'NONE',  ( 2.850000000000020517, 4.124999999999998224, 2.649999999999988365 ) ) ;
#2173 = DIRECTION ( 'NONE',  ( -0.000000000000000000, -1.000000000000000000, -0.000000000000000000 ) ) ;
ENDSEC;
END-ISO-10303-21;
