ISO-10303-21;
HEADER;
FILE_DESCRIPTION(('FreeCAD Model'),'2;1');
FILE_NAME('Open CASCADE Shape Model','2026-09-25T15:20:29',('FreeCAD'),(
    'FreeCAD'),'Open CASCADE STEP processor 7.8','FreeCAD','Unknown');
FILE_SCHEMA(('AUTOMOTIVE_DESIGN { 1 0 10303 214 1 1 1 1 }'));
ENDSEC;
DATA;
#1 = APPLICATION_PROTOCOL_DEFINITION('international standard',
  'automotive_design',2000,#2);
#2 = APPLICATION_CONTEXT(
  'core data for automotive mechanical design processes');
#3 = SHAPE_DEFINITION_REPRESENTATION(#4,#10);
#4 = PRODUCT_DEFINITION_SHAPE('','',#5);
#5 = PRODUCT_DEFINITION('design','',#6,#9);
#6 = PRODUCT_DEFINITION_FORMATION('','',#7);
#7 = PRODUCT('Open CASCADE STEP translator 7.8 15',
  'Open CASCADE STEP translator 7.8 15','',(#8));
#8 = PRODUCT_CONTEXT('',#2,'mechanical');
#9 = PRODUCT_DEFINITION_CONTEXT('part definition',#2,'design');
#10 = ADVANCED_BREP_SHAPE_REPRESENTATION('',(#11,#15),#4201);
#11 = AXIS2_PLACEMENT_3D('',#12,#13,#14);
#12 = CARTESIAN_POINT('',(0.,0.,0.));
#13 = DIRECTION('',(0.,0.,1.));
#14 = DIRECTION('',(1.,0.,-0.));
#15 = MANIFOLD_SOLID_BREP('',#16);
#16 = CLOSED_SHELL('',(#17,#185,#235,#361,#413,#437,#461,#627,#651,#675,
    #699,#758,#782,#858,#882,#975,#999,#1050,#1244,#1451,#1475,#1508,
    #1525,#1557,#1613,#1637,#1655,#1686,#1750,#1774,#1831,#1848,#1882,
    #1922,#1938,#1962,#1986,#2002,#2058,#2083,#2123,#2134,#2166,#2202,
    #2227,#2262,#2318,#2346,#2378,#2436,#2476,#2486,#2511,#2590,#2614,
    #2686,#2703,#2737,#2790,#2826,#2854,#2909,#2990,#3017,#3034,#3070,
    #3100,#3124,#3144,#3175,#3189,#3226,#3243,#3260,#3277,#3299,#3316,
    #3333,#3345,#3357,#3375,#3415,#3470,#3510,#3527,#3539,#3551,#3569,
    #3581,#3606,#3624,#3636,#3664,#3686,#3708,#3725,#3742,#3759,#3771,
    #3788,#3800,#3834,#3859,#3871,#3880,#3913,#3939,#3956,#3965,#3991,
    #4016,#4034,#4052,#4063,#4088,#4108,#4133,#4149,#4158,#4183,#4192));
#17 = ADVANCED_FACE('',(#18),#180,.T.);
#18 = FACE_BOUND('',#19,.T.);
#19 = EDGE_LOOP('',(#20,#31,#39,#48,#56,#64,#73,#82,#91,#100,#108,#116,
    #124,#133,#141,#149,#157,#166,#174));
#20 = ORIENTED_EDGE('',*,*,#21,.F.);
#21 = EDGE_CURVE('',#22,#24,#26,.T.);
#22 = VERTEX_POINT('',#23);
#23 = CARTESIAN_POINT('',(-0.5,0.9,23.5));
#24 = VERTEX_POINT('',#25);
#25 = CARTESIAN_POINT('',(0.9,-0.5,23.5));
#26 = CIRCLE('',#27,1.4);
#27 = AXIS2_PLACEMENT_3D('',#28,#29,#30);
#28 = CARTESIAN_POINT('',(0.9,0.9,23.5));
#29 = DIRECTION('',(-0.,0.,1.));
#30 = DIRECTION('',(0.,-1.,0.));
#31 = ORIENTED_EDGE('',*,*,#32,.T.);
#32 = EDGE_CURVE('',#22,#33,#35,.T.);
#33 = VERTEX_POINT('',#34);
#34 = CARTESIAN_POINT('',(-0.5,36.65,23.5));
#35 = LINE('',#36,#37);
#36 = CARTESIAN_POINT('',(-0.5,-0.5,23.5));
#37 = VECTOR('',#38,1.);
#38 = DIRECTION('',(0.,1.,0.));
#39 = ORIENTED_EDGE('',*,*,#40,.T.);
#40 = EDGE_CURVE('',#33,#41,#43,.T.);
#41 = VERTEX_POINT('',#42);
#42 = CARTESIAN_POINT('',(0.9,38.05,23.5));
#43 = CIRCLE('',#44,1.4);
#44 = AXIS2_PLACEMENT_3D('',#45,#46,#47);
#45 = CARTESIAN_POINT('',(0.9,36.65,23.5));
#46 = DIRECTION('',(-0.,-0.,-1.));
#47 = DIRECTION('',(0.,-1.,0.));
#48 = ORIENTED_EDGE('',*,*,#49,.T.);
#49 = EDGE_CURVE('',#41,#50,#52,.T.);
#50 = VERTEX_POINT('',#51);
#51 = CARTESIAN_POINT('',(15.27,38.05,23.5));
#52 = LINE('',#53,#54);
#53 = CARTESIAN_POINT('',(-0.5,38.05,23.5));
#54 = VECTOR('',#55,1.);
#55 = DIRECTION('',(1.,0.,0.));
#56 = ORIENTED_EDGE('',*,*,#57,.F.);
#57 = EDGE_CURVE('',#58,#50,#60,.T.);
#58 = VERTEX_POINT('',#59);
#59 = CARTESIAN_POINT('',(15.27,37.53173769149,23.5));
#60 = LINE('',#61,#62);
#61 = CARTESIAN_POINT('',(15.27,36.85,23.5));
#62 = VECTOR('',#63,1.);
#63 = DIRECTION('',(0.,1.,0.));
#64 = ORIENTED_EDGE('',*,*,#65,.T.);
#65 = EDGE_CURVE('',#58,#66,#68,.T.);
#66 = VERTEX_POINT('',#67);
#67 = CARTESIAN_POINT('',(17.02425,31.729304559589,23.5));
#68 = CIRCLE('',#69,3.25);
#69 = AXIS2_PLACEMENT_3D('',#70,#71,#72);
#70 = CARTESIAN_POINT('',(17.27,34.97,23.5));
#71 = DIRECTION('',(0.,0.,1.));
#72 = DIRECTION('',(1.,0.,0.));
#73 = ORIENTED_EDGE('',*,*,#74,.T.);
#74 = EDGE_CURVE('',#66,#75,#77,.T.);
#75 = VERTEX_POINT('',#76);
#76 = CARTESIAN_POINT('',(17.078666666667,31.725636956881,23.5));
#77 = CIRCLE('',#78,3.25);
#78 = AXIS2_PLACEMENT_3D('',#79,#80,#81);
#79 = CARTESIAN_POINT('',(17.27,34.97,23.5));
#80 = DIRECTION('',(0.,0.,1.));
#81 = DIRECTION('',(1.,0.,0.));
#82 = ORIENTED_EDGE('',*,*,#83,.T.);
#83 = EDGE_CURVE('',#75,#84,#86,.T.);
#84 = VERTEX_POINT('',#85);
#85 = CARTESIAN_POINT('',(20.52,34.97,23.5));
#86 = CIRCLE('',#87,3.25);
#87 = AXIS2_PLACEMENT_3D('',#88,#89,#90);
#88 = CARTESIAN_POINT('',(17.27,34.97,23.5));
#89 = DIRECTION('',(0.,0.,1.));
#90 = DIRECTION('',(1.,0.,0.));
#91 = ORIENTED_EDGE('',*,*,#92,.T.);
#92 = EDGE_CURVE('',#84,#93,#95,.T.);
#93 = VERTEX_POINT('',#94);
#94 = CARTESIAN_POINT('',(19.27,37.53173769149,23.5));
#95 = CIRCLE('',#96,3.25);
#96 = AXIS2_PLACEMENT_3D('',#97,#98,#99);
#97 = CARTESIAN_POINT('',(17.27,34.97,23.5));
#98 = DIRECTION('',(0.,0.,1.));
#99 = DIRECTION('',(1.,0.,0.));
#100 = ORIENTED_EDGE('',*,*,#101,.T.);
#101 = EDGE_CURVE('',#93,#102,#104,.T.);
#102 = VERTEX_POINT('',#103);
#103 = CARTESIAN_POINT('',(19.27,38.05,23.5));
#104 = LINE('',#105,#106);
#105 = CARTESIAN_POINT('',(19.27,36.85,23.5));
#106 = VECTOR('',#107,1.);
#107 = DIRECTION('',(0.,1.,0.));
#108 = ORIENTED_EDGE('',*,*,#109,.T.);
#109 = EDGE_CURVE('',#102,#110,#112,.T.);
#110 = VERTEX_POINT('',#111);
#111 = CARTESIAN_POINT('',(61.94,38.05,23.5));
#112 = LINE('',#113,#114);
#113 = CARTESIAN_POINT('',(-0.5,38.05,23.5));
#114 = VECTOR('',#115,1.);
#115 = DIRECTION('',(1.,0.,0.));
#116 = ORIENTED_EDGE('',*,*,#117,.F.);
#117 = EDGE_CURVE('',#118,#110,#120,.T.);
#118 = VERTEX_POINT('',#119);
#119 = CARTESIAN_POINT('',(61.94,37.42173769149,23.5));
#120 = LINE('',#121,#122);
#121 = CARTESIAN_POINT('',(61.94,36.85,23.5));
#122 = VECTOR('',#123,1.);
#123 = DIRECTION('',(0.,1.,0.));
#124 = ORIENTED_EDGE('',*,*,#125,.T.);
#125 = EDGE_CURVE('',#118,#126,#128,.T.);
#126 = VERTEX_POINT('',#127);
#127 = CARTESIAN_POINT('',(66.50173769149,32.86,23.5));
#128 = CIRCLE('',#129,3.25);
#129 = AXIS2_PLACEMENT_3D('',#130,#131,#132);
#130 = CARTESIAN_POINT('',(63.94,34.86,23.5));
#131 = DIRECTION('',(0.,0.,1.));
#132 = DIRECTION('',(1.,0.,0.));
#133 = ORIENTED_EDGE('',*,*,#134,.T.);
#134 = EDGE_CURVE('',#126,#135,#137,.T.);
#135 = VERTEX_POINT('',#136);
#136 = CARTESIAN_POINT('',(67.15,32.86,23.5));
#137 = LINE('',#138,#139);
#138 = CARTESIAN_POINT('',(65.9,32.86,23.5));
#139 = VECTOR('',#140,1.);
#140 = DIRECTION('',(1.,0.,0.));
#141 = ORIENTED_EDGE('',*,*,#142,.F.);
#142 = EDGE_CURVE('',#143,#135,#145,.T.);
#143 = VERTEX_POINT('',#144);
#144 = CARTESIAN_POINT('',(67.15,4.7,23.5));
#145 = LINE('',#146,#147);
#146 = CARTESIAN_POINT('',(67.15,-0.5,23.5));
#147 = VECTOR('',#148,1.);
#148 = DIRECTION('',(0.,1.,0.));
#149 = ORIENTED_EDGE('',*,*,#150,.F.);
#150 = EDGE_CURVE('',#151,#143,#153,.T.);
#151 = VERTEX_POINT('',#152);
#152 = CARTESIAN_POINT('',(66.55173769149,4.7,23.5));
#153 = LINE('',#154,#155);
#154 = CARTESIAN_POINT('',(65.9,4.7,23.5));
#155 = VECTOR('',#156,1.);
#156 = DIRECTION('',(1.,0.,0.));
#157 = ORIENTED_EDGE('',*,*,#158,.T.);
#158 = EDGE_CURVE('',#151,#159,#161,.T.);
#159 = VERTEX_POINT('',#160);
#160 = CARTESIAN_POINT('',(61.99,0.13826230851,23.5));
#161 = CIRCLE('',#162,3.25);
#162 = AXIS2_PLACEMENT_3D('',#163,#164,#165);
#163 = CARTESIAN_POINT('',(63.99,2.7,23.5));
#164 = DIRECTION('',(0.,0.,1.));
#165 = DIRECTION('',(1.,0.,0.));
#166 = ORIENTED_EDGE('',*,*,#167,.F.);
#167 = EDGE_CURVE('',#168,#159,#170,.T.);
#168 = VERTEX_POINT('',#169);
#169 = CARTESIAN_POINT('',(61.99,-0.5,23.5));
#170 = LINE('',#171,#172);
#171 = CARTESIAN_POINT('',(61.99,-1.,23.5));
#172 = VECTOR('',#173,1.);
#173 = DIRECTION('',(0.,1.,0.));
#174 = ORIENTED_EDGE('',*,*,#175,.F.);
#175 = EDGE_CURVE('',#24,#168,#176,.T.);
#176 = LINE('',#177,#178);
#177 = CARTESIAN_POINT('',(-0.5,-0.5,23.5));
#178 = VECTOR('',#179,1.);
#179 = DIRECTION('',(1.,0.,0.));
#180 = PLANE('',#181);
#181 = AXIS2_PLACEMENT_3D('',#182,#183,#184);
#182 = CARTESIAN_POINT('',(33.579924223154,19.820060730619,23.5));
#183 = DIRECTION('',(-0.,-0.,-1.));
#184 = DIRECTION('',(-1.,0.,0.));
#185 = ADVANCED_FACE('',(#186),#230,.F.);
#186 = FACE_BOUND('',#187,.F.);
#187 = EDGE_LOOP('',(#188,#189,#197,#206,#215,#224));
#188 = ORIENTED_EDGE('',*,*,#21,.F.);
#189 = ORIENTED_EDGE('',*,*,#190,.F.);
#190 = EDGE_CURVE('',#191,#22,#193,.T.);
#191 = VERTEX_POINT('',#192);
#192 = CARTESIAN_POINT('',(-0.5,0.9,11.96));
#193 = LINE('',#194,#195);
#194 = CARTESIAN_POINT('',(-0.5,0.9,-3.));
#195 = VECTOR('',#196,1.);
#196 = DIRECTION('',(0.,0.,1.));
#197 = ORIENTED_EDGE('',*,*,#198,.T.);
#198 = EDGE_CURVE('',#191,#199,#201,.T.);
#199 = VERTEX_POINT('',#200);
#200 = CARTESIAN_POINT('',(-0.2,3.397459621562E-02,11.96));
#201 = CIRCLE('',#202,1.4);
#202 = AXIS2_PLACEMENT_3D('',#203,#204,#205);
#203 = CARTESIAN_POINT('',(0.9,0.9,11.96));
#204 = DIRECTION('',(0.,0.,1.));
#205 = DIRECTION('',(-1.,0.,0.));
#206 = ORIENTED_EDGE('',*,*,#207,.T.);
#207 = EDGE_CURVE('',#199,#208,#210,.T.);
#208 = VERTEX_POINT('',#209);
#209 = CARTESIAN_POINT('',(3.397459621563E-02,-0.2,11.96));
#210 = CIRCLE('',#211,1.4);
#211 = AXIS2_PLACEMENT_3D('',#212,#213,#214);
#212 = CARTESIAN_POINT('',(0.9,0.9,11.96));
#213 = DIRECTION('',(0.,0.,1.));
#214 = DIRECTION('',(-1.,0.,0.));
#215 = ORIENTED_EDGE('',*,*,#216,.T.);
#216 = EDGE_CURVE('',#208,#217,#219,.T.);
#217 = VERTEX_POINT('',#218);
#218 = CARTESIAN_POINT('',(0.9,-0.5,11.96));
#219 = CIRCLE('',#220,1.4);
#220 = AXIS2_PLACEMENT_3D('',#221,#222,#223);
#221 = CARTESIAN_POINT('',(0.9,0.9,11.96));
#222 = DIRECTION('',(0.,0.,1.));
#223 = DIRECTION('',(-1.,0.,0.));
#224 = ORIENTED_EDGE('',*,*,#225,.T.);
#225 = EDGE_CURVE('',#217,#24,#226,.T.);
#226 = LINE('',#227,#228);
#227 = CARTESIAN_POINT('',(0.9,-0.5,-1.));
#228 = VECTOR('',#229,1.);
#229 = DIRECTION('',(0.,0.,1.));
#230 = CYLINDRICAL_SURFACE('',#231,1.4);
#231 = AXIS2_PLACEMENT_3D('',#232,#233,#234);
#232 = CARTESIAN_POINT('',(0.9,0.9,-1.));
#233 = DIRECTION('',(0.,0.,1.));
#234 = DIRECTION('',(-1.,0.,0.));
#235 = ADVANCED_FACE('',(#236,#286,#322),#356,.T.);
#236 = FACE_BOUND('',#237,.T.);
#237 = EDGE_LOOP('',(#238,#246,#247,#248,#256,#264,#272,#280));
#238 = ORIENTED_EDGE('',*,*,#239,.T.);
#239 = EDGE_CURVE('',#240,#33,#242,.T.);
#240 = VERTEX_POINT('',#241);
#241 = CARTESIAN_POINT('',(-0.5,36.65,11.96));
#242 = LINE('',#243,#244);
#243 = CARTESIAN_POINT('',(-0.5,36.65,11.96));
#244 = VECTOR('',#245,1.);
#245 = DIRECTION('',(0.,0.,1.));
#246 = ORIENTED_EDGE('',*,*,#32,.F.);
#247 = ORIENTED_EDGE('',*,*,#190,.F.);
#248 = ORIENTED_EDGE('',*,*,#249,.T.);
#249 = EDGE_CURVE('',#191,#250,#252,.T.);
#250 = VERTEX_POINT('',#251);
#251 = CARTESIAN_POINT('',(-0.5,23.03,11.96));
#252 = LINE('',#253,#254);
#253 = CARTESIAN_POINT('',(-0.5,22.03,11.96));
#254 = VECTOR('',#255,1.);
#255 = DIRECTION('',(0.,1.,0.));
#256 = ORIENTED_EDGE('',*,*,#257,.T.);
#257 = EDGE_CURVE('',#250,#258,#260,.T.);
#258 = VERTEX_POINT('',#259);
#259 = CARTESIAN_POINT('',(-0.5,23.03,15.6));
#260 = LINE('',#261,#262);
#261 = CARTESIAN_POINT('',(-0.5,23.03,11.96));
#262 = VECTOR('',#263,1.);
#263 = DIRECTION('',(0.,0.,1.));
#264 = ORIENTED_EDGE('',*,*,#265,.F.);
#265 = EDGE_CURVE('',#266,#258,#268,.T.);
#266 = VERTEX_POINT('',#267);
#267 = CARTESIAN_POINT('',(-0.5,36.03,15.6));
#268 = LINE('',#269,#270);
#269 = CARTESIAN_POINT('',(-0.5,10.765,15.6));
#270 = VECTOR('',#271,1.);
#271 = DIRECTION('',(0.,-1.,0.));
#272 = ORIENTED_EDGE('',*,*,#273,.T.);
#273 = EDGE_CURVE('',#266,#274,#276,.T.);
#274 = VERTEX_POINT('',#275);
#275 = CARTESIAN_POINT('',(-0.5,36.03,11.96));
#276 = LINE('',#277,#278);
#277 = CARTESIAN_POINT('',(-0.5,36.03,11.96));
#278 = VECTOR('',#279,1.);
#279 = DIRECTION('',(0.,0.,-1.));
#280 = ORIENTED_EDGE('',*,*,#281,.T.);
#281 = EDGE_CURVE('',#274,#240,#282,.T.);
#282 = LINE('',#283,#284);
#283 = CARTESIAN_POINT('',(-0.5,0.,11.96));
#284 = VECTOR('',#285,1.);
#285 = DIRECTION('',(0.,1.,0.));
#286 = FACE_BOUND('',#287,.T.);
#287 = EDGE_LOOP('',(#288,#299,#307,#316));
#288 = ORIENTED_EDGE('',*,*,#289,.F.);
#289 = EDGE_CURVE('',#290,#292,#294,.T.);
#290 = VERTEX_POINT('',#291);
#291 = CARTESIAN_POINT('',(-0.5,6.785301005062,23.));
#292 = VERTEX_POINT('',#293);
#293 = CARTESIAN_POINT('',(-0.5,8.82,16.1));
#294 = CIRCLE('',#295,3.75);
#295 = AXIS2_PLACEMENT_3D('',#296,#297,#298);
#296 = CARTESIAN_POINT('',(-0.5,8.82,19.85));
#297 = DIRECTION('',(1.,0.,-0.));
#298 = DIRECTION('',(0.,0.,1.));
#299 = ORIENTED_EDGE('',*,*,#300,.F.);
#300 = EDGE_CURVE('',#301,#290,#303,.T.);
#301 = VERTEX_POINT('',#302);
#302 = CARTESIAN_POINT('',(-0.5,16.354698994938,23.));
#303 = LINE('',#304,#305);
#304 = CARTESIAN_POINT('',(-0.5,-15.24268892877,23.));
#305 = VECTOR('',#306,1.);
#306 = DIRECTION('',(0.,-1.,0.));
#307 = ORIENTED_EDGE('',*,*,#308,.F.);
#308 = EDGE_CURVE('',#309,#301,#311,.T.);
#309 = VERTEX_POINT('',#310);
#310 = CARTESIAN_POINT('',(-0.5,14.32,16.1));
#311 = CIRCLE('',#312,3.75);
#312 = AXIS2_PLACEMENT_3D('',#313,#314,#315);
#313 = CARTESIAN_POINT('',(-0.5,14.32,19.85));
#314 = DIRECTION('',(1.,0.,-0.));
#315 = DIRECTION('',(0.,0.,1.));
#316 = ORIENTED_EDGE('',*,*,#317,.T.);
#317 = EDGE_CURVE('',#309,#292,#318,.T.);
#318 = LINE('',#319,#320);
#319 = CARTESIAN_POINT('',(-0.5,14.150118552806,16.1));
#320 = VECTOR('',#321,1.);
#321 = DIRECTION('',(0.,-1.,0.));
#322 = FACE_BOUND('',#323,.T.);
#323 = EDGE_LOOP('',(#324,#334,#342,#350));
#324 = ORIENTED_EDGE('',*,*,#325,.F.);
#325 = EDGE_CURVE('',#326,#328,#330,.T.);
#326 = VERTEX_POINT('',#327);
#327 = CARTESIAN_POINT('',(-0.5,3.2,15.2));
#328 = VERTEX_POINT('',#329);
#329 = CARTESIAN_POINT('',(-0.5,7.2,15.2));
#330 = LINE('',#331,#332);
#331 = CARTESIAN_POINT('',(-0.5,3.2,15.2));
#332 = VECTOR('',#333,1.);
#333 = DIRECTION('',(0.,1.,0.));
#334 = ORIENTED_EDGE('',*,*,#335,.T.);
#335 = EDGE_CURVE('',#326,#336,#338,.T.);
#336 = VERTEX_POINT('',#337);
#337 = CARTESIAN_POINT('',(-0.5,3.2,16.4));
#338 = LINE('',#339,#340);
#339 = CARTESIAN_POINT('',(-0.5,3.2,15.2));
#340 = VECTOR('',#341,1.);
#341 = DIRECTION('',(0.,0.,1.));
#342 = ORIENTED_EDGE('',*,*,#343,.T.);
#343 = EDGE_CURVE('',#336,#344,#346,.T.);
#344 = VERTEX_POINT('',#345);
#345 = CARTESIAN_POINT('',(-0.5,7.2,16.4));
#346 = LINE('',#347,#348);
#347 = CARTESIAN_POINT('',(-0.5,3.2,16.4));
#348 = VECTOR('',#349,1.);
#349 = DIRECTION('',(0.,1.,0.));
#350 = ORIENTED_EDGE('',*,*,#351,.F.);
#351 = EDGE_CURVE('',#328,#344,#352,.T.);
#352 = LINE('',#353,#354);
#353 = CARTESIAN_POINT('',(-0.5,7.2,15.2));
#354 = VECTOR('',#355,1.);
#355 = DIRECTION('',(0.,0.,1.));
#356 = PLANE('',#357);
#357 = AXIS2_PLACEMENT_3D('',#358,#359,#360);
#358 = CARTESIAN_POINT('',(-0.5,19.543666797565,17.912250147261));
#359 = DIRECTION('',(1.,0.,0.));
#360 = DIRECTION('',(0.,0.,1.));
#361 = ADVANCED_FACE('',(#362),#408,.F.);
#362 = FACE_BOUND('',#363,.F.);
#363 = EDGE_LOOP('',(#364,#375,#384,#393,#400,#401,#402));
#364 = ORIENTED_EDGE('',*,*,#365,.T.);
#365 = EDGE_CURVE('',#366,#368,#370,.T.);
#366 = VERTEX_POINT('',#367);
#367 = CARTESIAN_POINT('',(0.9,38.05,11.96));
#368 = VERTEX_POINT('',#369);
#369 = CARTESIAN_POINT('',(3.397459621564E-02,37.75,11.96));
#370 = CIRCLE('',#371,1.4);
#371 = AXIS2_PLACEMENT_3D('',#372,#373,#374);
#372 = CARTESIAN_POINT('',(0.9,36.65,11.96));
#373 = DIRECTION('',(0.,0.,1.));
#374 = DIRECTION('',(-1.,0.,0.));
#375 = ORIENTED_EDGE('',*,*,#376,.T.);
#376 = EDGE_CURVE('',#368,#377,#379,.T.);
#377 = VERTEX_POINT('',#378);
#378 = CARTESIAN_POINT('',(-0.2,37.516025403784,11.96));
#379 = CIRCLE('',#380,1.4);
#380 = AXIS2_PLACEMENT_3D('',#381,#382,#383);
#381 = CARTESIAN_POINT('',(0.9,36.65,11.96));
#382 = DIRECTION('',(0.,0.,1.));
#383 = DIRECTION('',(-1.,0.,0.));
#384 = ORIENTED_EDGE('',*,*,#385,.T.);
#385 = EDGE_CURVE('',#377,#386,#388,.T.);
#386 = VERTEX_POINT('',#387);
#387 = CARTESIAN_POINT('',(-0.447442021016,37.03,11.96));
#388 = CIRCLE('',#389,1.4);
#389 = AXIS2_PLACEMENT_3D('',#390,#391,#392);
#390 = CARTESIAN_POINT('',(0.9,36.65,11.96));
#391 = DIRECTION('',(0.,0.,1.));
#392 = DIRECTION('',(-1.,0.,0.));
#393 = ORIENTED_EDGE('',*,*,#394,.T.);
#394 = EDGE_CURVE('',#386,#240,#395,.T.);
#395 = CIRCLE('',#396,1.4);
#396 = AXIS2_PLACEMENT_3D('',#397,#398,#399);
#397 = CARTESIAN_POINT('',(0.9,36.65,11.96));
#398 = DIRECTION('',(0.,0.,1.));
#399 = DIRECTION('',(1.,0.,0.));
#400 = ORIENTED_EDGE('',*,*,#239,.T.);
#401 = ORIENTED_EDGE('',*,*,#40,.T.);
#402 = ORIENTED_EDGE('',*,*,#403,.F.);
#403 = EDGE_CURVE('',#366,#41,#404,.T.);
#404 = LINE('',#405,#406);
#405 = CARTESIAN_POINT('',(0.9,38.05,-3.));
#406 = VECTOR('',#407,1.);
#407 = DIRECTION('',(0.,0.,1.));
#408 = CYLINDRICAL_SURFACE('',#409,1.4);
#409 = AXIS2_PLACEMENT_3D('',#410,#411,#412);
#410 = CARTESIAN_POINT('',(0.9,36.65,-1.));
#411 = DIRECTION('',(0.,0.,1.));
#412 = DIRECTION('',(-1.,0.,0.));
#413 = ADVANCED_FACE('',(#414),#432,.T.);
#414 = FACE_BOUND('',#415,.T.);
#415 = EDGE_LOOP('',(#416,#424,#430,#431));
#416 = ORIENTED_EDGE('',*,*,#417,.T.);
#417 = EDGE_CURVE('',#366,#418,#420,.T.);
#418 = VERTEX_POINT('',#419);
#419 = CARTESIAN_POINT('',(15.27,38.05,11.96));
#420 = LINE('',#421,#422);
#421 = CARTESIAN_POINT('',(-50.25,38.05,11.96));
#422 = VECTOR('',#423,1.);
#423 = DIRECTION('',(1.,0.,0.));
#424 = ORIENTED_EDGE('',*,*,#425,.F.);
#425 = EDGE_CURVE('',#50,#418,#426,.T.);
#426 = LINE('',#427,#428);
#427 = CARTESIAN_POINT('',(15.27,38.05,5.48));
#428 = VECTOR('',#429,1.);
#429 = DIRECTION('',(0.,0.,-1.));
#430 = ORIENTED_EDGE('',*,*,#49,.F.);
#431 = ORIENTED_EDGE('',*,*,#403,.F.);
#432 = PLANE('',#433);
#433 = AXIS2_PLACEMENT_3D('',#434,#435,#436);
#434 = CARTESIAN_POINT('',(8.085,38.05,17.73));
#435 = DIRECTION('',(-0.,-1.,-3.5E-16));
#436 = DIRECTION('',(0.,3.5E-16,-1.));
#437 = ADVANCED_FACE('',(#438),#456,.T.);
#438 = FACE_BOUND('',#439,.T.);
#439 = EDGE_LOOP('',(#440,#448,#449,#450));
#440 = ORIENTED_EDGE('',*,*,#441,.T.);
#441 = EDGE_CURVE('',#442,#58,#444,.T.);
#442 = VERTEX_POINT('',#443);
#443 = CARTESIAN_POINT('',(15.27,37.53173769149,11.96));
#444 = LINE('',#445,#446);
#445 = CARTESIAN_POINT('',(15.27,37.53173769149,11.96));
#446 = VECTOR('',#447,1.);
#447 = DIRECTION('',(0.,0.,1.));
#448 = ORIENTED_EDGE('',*,*,#57,.T.);
#449 = ORIENTED_EDGE('',*,*,#425,.T.);
#450 = ORIENTED_EDGE('',*,*,#451,.F.);
#451 = EDGE_CURVE('',#442,#418,#452,.T.);
#452 = LINE('',#453,#454);
#453 = CARTESIAN_POINT('',(15.27,36.85,11.96));
#454 = VECTOR('',#455,1.);
#455 = DIRECTION('',(0.,1.,0.));
#456 = PLANE('',#457);
#457 = AXIS2_PLACEMENT_3D('',#458,#459,#460);
#458 = CARTESIAN_POINT('',(15.27,37.790868845745,17.73));
#459 = DIRECTION('',(-1.,-0.,-0.));
#460 = DIRECTION('',(0.,0.,-1.));
#461 = ADVANCED_FACE('',(#462),#622,.T.);
#462 = FACE_BOUND('',#463,.T.);
#463 = EDGE_LOOP('',(#464,#472,#473,#474,#475,#476,#477,#486,#494,#503,
    #511,#520,#529,#538,#547,#555,#564,#572,#581,#590,#598,#607,#615));
#464 = ORIENTED_EDGE('',*,*,#465,.T.);
#465 = EDGE_CURVE('',#466,#93,#468,.T.);
#466 = VERTEX_POINT('',#467);
#467 = CARTESIAN_POINT('',(19.27,37.53173769149,11.96));
#468 = LINE('',#469,#470);
#469 = CARTESIAN_POINT('',(19.27,37.53173769149,9.96));
#470 = VECTOR('',#471,1.);
#471 = DIRECTION('',(0.,0.,1.));
#472 = ORIENTED_EDGE('',*,*,#92,.F.);
#473 = ORIENTED_EDGE('',*,*,#83,.F.);
#474 = ORIENTED_EDGE('',*,*,#74,.F.);
#475 = ORIENTED_EDGE('',*,*,#65,.F.);
#476 = ORIENTED_EDGE('',*,*,#441,.F.);
#477 = ORIENTED_EDGE('',*,*,#478,.F.);
#478 = EDGE_CURVE('',#479,#442,#481,.T.);
#479 = VERTEX_POINT('',#480);
#480 = CARTESIAN_POINT('',(15.586521458408,37.75,11.96));
#481 = CIRCLE('',#482,3.25);
#482 = AXIS2_PLACEMENT_3D('',#483,#484,#485);
#483 = CARTESIAN_POINT('',(17.27,34.97,11.96));
#484 = DIRECTION('',(0.,0.,1.));
#485 = DIRECTION('',(1.,0.,0.));
#486 = ORIENTED_EDGE('',*,*,#487,.F.);
#487 = EDGE_CURVE('',#488,#479,#490,.T.);
#488 = VERTEX_POINT('',#489);
#489 = CARTESIAN_POINT('',(15.586521458408,37.75,6.2));
#490 = LINE('',#491,#492);
#491 = CARTESIAN_POINT('',(15.586521458408,37.75,6.2));
#492 = VECTOR('',#493,1.);
#493 = DIRECTION('',(0.,0.,1.));
#494 = ORIENTED_EDGE('',*,*,#495,.T.);
#495 = EDGE_CURVE('',#488,#496,#498,.T.);
#496 = VERTEX_POINT('',#497);
#497 = CARTESIAN_POINT('',(14.614028934579,36.84305037296,6.2));
#498 = CIRCLE('',#499,3.25);
#499 = AXIS2_PLACEMENT_3D('',#500,#501,#502);
#500 = CARTESIAN_POINT('',(17.27,34.97,6.2));
#501 = DIRECTION('',(0.,0.,1.));
#502 = DIRECTION('',(1.,0.,0.));
#503 = ORIENTED_EDGE('',*,*,#504,.T.);
#504 = EDGE_CURVE('',#496,#505,#507,.T.);
#505 = VERTEX_POINT('',#506);
#506 = CARTESIAN_POINT('',(14.614028934579,36.84305037296,8.1));
#507 = LINE('',#508,#509);
#508 = CARTESIAN_POINT('',(14.614028934579,36.84305037296,6.2));
#509 = VECTOR('',#510,1.);
#510 = DIRECTION('',(0.,0.,1.));
#511 = ORIENTED_EDGE('',*,*,#512,.T.);
#512 = EDGE_CURVE('',#505,#513,#515,.T.);
#513 = VERTEX_POINT('',#514);
#514 = CARTESIAN_POINT('',(14.152133507973,34.052716762446,
    8.845464683886));
#515 = ELLIPSE('',#516,4.596194077713,3.25);
#516 = AXIS2_PLACEMENT_3D('',#517,#518,#519);
#517 = CARTESIAN_POINT('',(17.27,34.97,5.65));
#518 = DIRECTION('',(0.703382642451,7.247660517969E-02,0.707106781187));
#519 = DIRECTION('',(-0.703382642452,-7.247660517975E-02,0.707106781186)
  );
#520 = ORIENTED_EDGE('',*,*,#521,.T.);
#521 = EDGE_CURVE('',#513,#522,#524,.T.);
#522 = VERTEX_POINT('',#523);
#523 = CARTESIAN_POINT('',(14.767713141946,32.896100175994,
    8.819900093302));
#524 = ELLIPSE('',#525,4.596194077713,3.25);
#525 = AXIS2_PLACEMENT_3D('',#526,#527,#528);
#526 = CARTESIAN_POINT('',(17.27,34.97,5.65));
#527 = DIRECTION('',(0.630568159972,0.31997467967,0.707106781187));
#528 = DIRECTION('',(-0.630568159972,-0.31997467967,0.707106781186));
#529 = ORIENTED_EDGE('',*,*,#530,.T.);
#530 = EDGE_CURVE('',#522,#531,#533,.T.);
#531 = VERTEX_POINT('',#532);
#532 = CARTESIAN_POINT('',(16.222609642053,31.893399044712,
    8.726600955288));
#533 = ELLIPSE('',#534,4.596194077713,3.25);
#534 = AXIS2_PLACEMENT_3D('',#535,#536,#537);
#535 = CARTESIAN_POINT('',(17.27,34.97,5.65));
#536 = DIRECTION('',(0.431447560754,0.560225849385,0.707106781187));
#537 = DIRECTION('',(-0.431447560754,-0.560225849385,0.707106781186));
#538 = ORIENTED_EDGE('',*,*,#539,.T.);
#539 = EDGE_CURVE('',#531,#540,#542,.T.);
#540 = VERTEX_POINT('',#541);
#541 = CARTESIAN_POINT('',(19.405415650406,32.52,8.1));
#542 = ELLIPSE('',#543,4.596194077713,3.25);
#543 = AXIS2_PLACEMENT_3D('',#544,#545,#546);
#544 = CARTESIAN_POINT('',(17.27,34.97,5.65));
#545 = DIRECTION('',(-7.999999999995E-17,0.707106781187,0.707106781187)
  );
#546 = DIRECTION('',(7.999999999995E-17,-0.707106781187,0.707106781187)
  );
#547 = ORIENTED_EDGE('',*,*,#548,.F.);
#548 = EDGE_CURVE('',#549,#540,#551,.T.);
#549 = VERTEX_POINT('',#550);
#550 = CARTESIAN_POINT('',(19.405415650406,32.52,6.2));
#551 = LINE('',#552,#553);
#552 = CARTESIAN_POINT('',(19.405415650406,32.52,6.2));
#553 = VECTOR('',#554,1.);
#554 = DIRECTION('',(0.,0.,1.));
#555 = ORIENTED_EDGE('',*,*,#556,.T.);
#556 = EDGE_CURVE('',#549,#557,#559,.T.);
#557 = VERTEX_POINT('',#558);
#558 = CARTESIAN_POINT('',(19.72,32.834584349594,6.2));
#559 = CIRCLE('',#560,3.25);
#560 = AXIS2_PLACEMENT_3D('',#561,#562,#563);
#561 = CARTESIAN_POINT('',(17.27,34.97,6.2));
#562 = DIRECTION('',(0.,0.,1.));
#563 = DIRECTION('',(1.,0.,0.));
#564 = ORIENTED_EDGE('',*,*,#565,.T.);
#565 = EDGE_CURVE('',#557,#566,#568,.T.);
#566 = VERTEX_POINT('',#567);
#567 = CARTESIAN_POINT('',(19.72,32.834584349594,8.1));
#568 = LINE('',#569,#570);
#569 = CARTESIAN_POINT('',(19.72,32.834584349594,6.2));
#570 = VECTOR('',#571,1.);
#571 = DIRECTION('',(0.,0.,1.));
#572 = ORIENTED_EDGE('',*,*,#573,.T.);
#573 = EDGE_CURVE('',#566,#574,#576,.T.);
#574 = VERTEX_POINT('',#575);
#575 = CARTESIAN_POINT('',(20.52,34.97,8.9));
#576 = ELLIPSE('',#577,4.596194077713,3.25);
#577 = AXIS2_PLACEMENT_3D('',#578,#579,#580);
#578 = CARTESIAN_POINT('',(17.27,34.97,5.65));
#579 = DIRECTION('',(-0.707106781187,0.,0.707106781187));
#580 = DIRECTION('',(0.707106781187,0.,0.707106781187));
#581 = ORIENTED_EDGE('',*,*,#582,.T.);
#582 = EDGE_CURVE('',#574,#583,#585,.T.);
#583 = VERTEX_POINT('',#584);
#584 = CARTESIAN_POINT('',(19.72,37.105415650406,8.1));
#585 = ELLIPSE('',#586,4.596194077713,3.25);
#586 = AXIS2_PLACEMENT_3D('',#587,#588,#589);
#587 = CARTESIAN_POINT('',(17.27,34.97,5.65));
#588 = DIRECTION('',(-0.707106781187,0.,0.707106781187));
#589 = DIRECTION('',(0.707106781187,0.,0.707106781187));
#590 = ORIENTED_EDGE('',*,*,#591,.F.);
#591 = EDGE_CURVE('',#592,#583,#594,.T.);
#592 = VERTEX_POINT('',#593);
#593 = CARTESIAN_POINT('',(19.72,37.105415650406,6.2));
#594 = LINE('',#595,#596);
#595 = CARTESIAN_POINT('',(19.72,37.105415650406,6.2));
#596 = VECTOR('',#597,1.);
#597 = DIRECTION('',(0.,0.,1.));
#598 = ORIENTED_EDGE('',*,*,#599,.T.);
#599 = EDGE_CURVE('',#592,#600,#602,.T.);
#600 = VERTEX_POINT('',#601);
#601 = CARTESIAN_POINT('',(18.953478541592,37.75,6.2));
#602 = CIRCLE('',#603,3.25);
#603 = AXIS2_PLACEMENT_3D('',#604,#605,#606);
#604 = CARTESIAN_POINT('',(17.27,34.97,6.2));
#605 = DIRECTION('',(0.,0.,1.));
#606 = DIRECTION('',(1.,0.,0.));
#607 = ORIENTED_EDGE('',*,*,#608,.T.);
#608 = EDGE_CURVE('',#600,#609,#611,.T.);
#609 = VERTEX_POINT('',#610);
#610 = CARTESIAN_POINT('',(18.953478541592,37.75,11.96));
#611 = LINE('',#612,#613);
#612 = CARTESIAN_POINT('',(18.953478541592,37.75,6.2));
#613 = VECTOR('',#614,1.);
#614 = DIRECTION('',(0.,0.,1.));
#615 = ORIENTED_EDGE('',*,*,#616,.F.);
#616 = EDGE_CURVE('',#466,#609,#617,.T.);
#617 = CIRCLE('',#618,3.25);
#618 = AXIS2_PLACEMENT_3D('',#619,#620,#621);
#619 = CARTESIAN_POINT('',(17.27,34.97,11.96));
#620 = DIRECTION('',(0.,0.,1.));
#621 = DIRECTION('',(1.,0.,0.));
#622 = CYLINDRICAL_SURFACE('',#623,3.25);
#623 = AXIS2_PLACEMENT_3D('',#624,#625,#626);
#624 = CARTESIAN_POINT('',(17.27,34.97,11.96));
#625 = DIRECTION('',(0.,0.,1.));
#626 = DIRECTION('',(1.,0.,0.));
#627 = ADVANCED_FACE('',(#628),#646,.T.);
#628 = FACE_BOUND('',#629,.T.);
#629 = EDGE_LOOP('',(#630,#638,#644,#645));
#630 = ORIENTED_EDGE('',*,*,#631,.T.);
#631 = EDGE_CURVE('',#466,#632,#634,.T.);
#632 = VERTEX_POINT('',#633);
#633 = CARTESIAN_POINT('',(19.27,38.05,11.96));
#634 = LINE('',#635,#636);
#635 = CARTESIAN_POINT('',(19.27,36.85,11.96));
#636 = VECTOR('',#637,1.);
#637 = DIRECTION('',(0.,1.,0.));
#638 = ORIENTED_EDGE('',*,*,#639,.F.);
#639 = EDGE_CURVE('',#102,#632,#640,.T.);
#640 = LINE('',#641,#642);
#641 = CARTESIAN_POINT('',(19.27,38.05,3.48));
#642 = VECTOR('',#643,1.);
#643 = DIRECTION('',(0.,0.,-1.));
#644 = ORIENTED_EDGE('',*,*,#101,.F.);
#645 = ORIENTED_EDGE('',*,*,#465,.F.);
#646 = PLANE('',#647);
#647 = AXIS2_PLACEMENT_3D('',#648,#649,#650);
#648 = CARTESIAN_POINT('',(19.27,37.790868845745,17.73));
#649 = DIRECTION('',(1.,0.,0.));
#650 = DIRECTION('',(0.,0.,1.));
#651 = ADVANCED_FACE('',(#652),#670,.T.);
#652 = FACE_BOUND('',#653,.T.);
#653 = EDGE_LOOP('',(#654,#662,#668,#669));
#654 = ORIENTED_EDGE('',*,*,#655,.T.);
#655 = EDGE_CURVE('',#632,#656,#658,.T.);
#656 = VERTEX_POINT('',#657);
#657 = CARTESIAN_POINT('',(61.94,38.05,11.96));
#658 = LINE('',#659,#660);
#659 = CARTESIAN_POINT('',(-50.25,38.05,11.96));
#660 = VECTOR('',#661,1.);
#661 = DIRECTION('',(1.,0.,0.));
#662 = ORIENTED_EDGE('',*,*,#663,.F.);
#663 = EDGE_CURVE('',#110,#656,#664,.T.);
#664 = LINE('',#665,#666);
#665 = CARTESIAN_POINT('',(61.94,38.05,3.48));
#666 = VECTOR('',#667,1.);
#667 = DIRECTION('',(0.,0.,-1.));
#668 = ORIENTED_EDGE('',*,*,#109,.F.);
#669 = ORIENTED_EDGE('',*,*,#639,.T.);
#670 = PLANE('',#671);
#671 = AXIS2_PLACEMENT_3D('',#672,#673,#674);
#672 = CARTESIAN_POINT('',(40.605,38.05,17.73));
#673 = DIRECTION('',(-0.,-1.,-4.9E-16));
#674 = DIRECTION('',(0.,4.9E-16,-1.));
#675 = ADVANCED_FACE('',(#676),#694,.T.);
#676 = FACE_BOUND('',#677,.T.);
#677 = EDGE_LOOP('',(#678,#686,#687,#688));
#678 = ORIENTED_EDGE('',*,*,#679,.T.);
#679 = EDGE_CURVE('',#680,#118,#682,.T.);
#680 = VERTEX_POINT('',#681);
#681 = CARTESIAN_POINT('',(61.94,37.42173769149,11.96));
#682 = LINE('',#683,#684);
#683 = CARTESIAN_POINT('',(61.94,37.42173769149,6.2));
#684 = VECTOR('',#685,1.);
#685 = DIRECTION('',(0.,0.,1.));
#686 = ORIENTED_EDGE('',*,*,#117,.T.);
#687 = ORIENTED_EDGE('',*,*,#663,.T.);
#688 = ORIENTED_EDGE('',*,*,#689,.F.);
#689 = EDGE_CURVE('',#680,#656,#690,.T.);
#690 = LINE('',#691,#692);
#691 = CARTESIAN_POINT('',(61.94,36.85,11.96));
#692 = VECTOR('',#693,1.);
#693 = DIRECTION('',(0.,1.,0.));
#694 = PLANE('',#695);
#695 = AXIS2_PLACEMENT_3D('',#696,#697,#698);
#696 = CARTESIAN_POINT('',(61.94,37.735868845745,17.73));
#697 = DIRECTION('',(-1.,-0.,-0.));
#698 = DIRECTION('',(0.,0.,-1.));
#699 = ADVANCED_FACE('',(#700),#753,.T.);
#700 = FACE_BOUND('',#701,.T.);
#701 = EDGE_LOOP('',(#702,#710,#711,#712,#721,#729,#738,#746));
#702 = ORIENTED_EDGE('',*,*,#703,.T.);
#703 = EDGE_CURVE('',#704,#126,#706,.T.);
#704 = VERTEX_POINT('',#705);
#705 = CARTESIAN_POINT('',(66.50173769149,32.86,11.96));
#706 = LINE('',#707,#708);
#707 = CARTESIAN_POINT('',(66.50173769149,32.86,4.2));
#708 = VECTOR('',#709,1.);
#709 = DIRECTION('',(0.,0.,1.));
#710 = ORIENTED_EDGE('',*,*,#125,.F.);
#711 = ORIENTED_EDGE('',*,*,#679,.F.);
#712 = ORIENTED_EDGE('',*,*,#713,.F.);
#713 = EDGE_CURVE('',#714,#680,#716,.T.);
#714 = VERTEX_POINT('',#715);
#715 = CARTESIAN_POINT('',(62.453258596797,37.75,11.96));
#716 = CIRCLE('',#717,3.25);
#717 = AXIS2_PLACEMENT_3D('',#718,#719,#720);
#718 = CARTESIAN_POINT('',(63.94,34.86,11.96));
#719 = DIRECTION('',(0.,0.,1.));
#720 = DIRECTION('',(1.,0.,0.));
#721 = ORIENTED_EDGE('',*,*,#722,.F.);
#722 = EDGE_CURVE('',#723,#714,#725,.T.);
#723 = VERTEX_POINT('',#724);
#724 = CARTESIAN_POINT('',(62.453258596796,37.75,6.2));
#725 = LINE('',#726,#727);
#726 = CARTESIAN_POINT('',(62.453258596796,37.75,6.2));
#727 = VECTOR('',#728,1.);
#728 = DIRECTION('',(0.,0.,1.));
#729 = ORIENTED_EDGE('',*,*,#730,.T.);
#730 = EDGE_CURVE('',#723,#731,#733,.T.);
#731 = VERTEX_POINT('',#732);
#732 = CARTESIAN_POINT('',(66.855,33.422893532128,6.2));
#733 = CIRCLE('',#734,3.25);
#734 = AXIS2_PLACEMENT_3D('',#735,#736,#737);
#735 = CARTESIAN_POINT('',(63.94,34.86,6.2));
#736 = DIRECTION('',(0.,0.,1.));
#737 = DIRECTION('',(1.,0.,0.));
#738 = ORIENTED_EDGE('',*,*,#739,.T.);
#739 = EDGE_CURVE('',#731,#740,#742,.T.);
#740 = VERTEX_POINT('',#741);
#741 = CARTESIAN_POINT('',(66.855,33.422893532128,11.96));
#742 = LINE('',#743,#744);
#743 = CARTESIAN_POINT('',(66.855,33.422893532128,6.2));
#744 = VECTOR('',#745,1.);
#745 = DIRECTION('',(0.,0.,1.));
#746 = ORIENTED_EDGE('',*,*,#747,.F.);
#747 = EDGE_CURVE('',#704,#740,#748,.T.);
#748 = CIRCLE('',#749,3.25);
#749 = AXIS2_PLACEMENT_3D('',#750,#751,#752);
#750 = CARTESIAN_POINT('',(63.94,34.86,11.96));
#751 = DIRECTION('',(0.,0.,1.));
#752 = DIRECTION('',(1.,0.,0.));
#753 = CYLINDRICAL_SURFACE('',#754,3.25);
#754 = AXIS2_PLACEMENT_3D('',#755,#756,#757);
#755 = CARTESIAN_POINT('',(63.94,34.86,6.2));
#756 = DIRECTION('',(0.,0.,1.));
#757 = DIRECTION('',(1.,0.,0.));
#758 = ADVANCED_FACE('',(#759),#777,.T.);
#759 = FACE_BOUND('',#760,.T.);
#760 = EDGE_LOOP('',(#761,#769,#775,#776));
#761 = ORIENTED_EDGE('',*,*,#762,.T.);
#762 = EDGE_CURVE('',#704,#763,#765,.T.);
#763 = VERTEX_POINT('',#764);
#764 = CARTESIAN_POINT('',(67.15,32.86,11.96));
#765 = LINE('',#766,#767);
#766 = CARTESIAN_POINT('',(65.9,32.86,11.96));
#767 = VECTOR('',#768,1.);
#768 = DIRECTION('',(1.,0.,0.));
#769 = ORIENTED_EDGE('',*,*,#770,.T.);
#770 = EDGE_CURVE('',#763,#135,#771,.T.);
#771 = LINE('',#772,#773);
#772 = CARTESIAN_POINT('',(67.15,32.86,3.48));
#773 = VECTOR('',#774,1.);
#774 = DIRECTION('',(0.,0.,1.));
#775 = ORIENTED_EDGE('',*,*,#134,.F.);
#776 = ORIENTED_EDGE('',*,*,#703,.F.);
#777 = PLANE('',#778);
#778 = AXIS2_PLACEMENT_3D('',#779,#780,#781);
#779 = CARTESIAN_POINT('',(66.825868845745,32.86,17.73));
#780 = DIRECTION('',(-0.,-1.,-0.));
#781 = DIRECTION('',(0.,0.,-1.));
#782 = ADVANCED_FACE('',(#783),#853,.T.);
#783 = FACE_BOUND('',#784,.T.);
#784 = EDGE_LOOP('',(#785,#793,#794,#795,#803,#812,#821,#829,#838,#847)
  );
#785 = ORIENTED_EDGE('',*,*,#786,.T.);
#786 = EDGE_CURVE('',#787,#143,#789,.T.);
#787 = VERTEX_POINT('',#788);
#788 = CARTESIAN_POINT('',(67.15,4.7,11.96));
#789 = LINE('',#790,#791);
#790 = CARTESIAN_POINT('',(67.15,4.7,5.48));
#791 = VECTOR('',#792,1.);
#792 = DIRECTION('',(0.,0.,1.));
#793 = ORIENTED_EDGE('',*,*,#142,.T.);
#794 = ORIENTED_EDGE('',*,*,#770,.F.);
#795 = ORIENTED_EDGE('',*,*,#796,.T.);
#796 = EDGE_CURVE('',#763,#797,#799,.T.);
#797 = VERTEX_POINT('',#798);
#798 = CARTESIAN_POINT('',(67.15,30.98,11.96));
#799 = LINE('',#800,#801);
#800 = CARTESIAN_POINT('',(67.15,-50.25,11.96));
#801 = VECTOR('',#802,1.);
#802 = DIRECTION('',(0.,-1.,0.));
#803 = ORIENTED_EDGE('',*,*,#804,.T.);
#804 = EDGE_CURVE('',#797,#805,#807,.T.);
#805 = VERTEX_POINT('',#806);
#806 = CARTESIAN_POINT('',(67.15,27.38,15.56));
#807 = CIRCLE('',#808,3.6);
#808 = AXIS2_PLACEMENT_3D('',#809,#810,#811);
#809 = CARTESIAN_POINT('',(67.15,27.38,11.96));
#810 = DIRECTION('',(1.,0.,-0.));
#811 = DIRECTION('',(0.,0.,1.));
#812 = ORIENTED_EDGE('',*,*,#813,.T.);
#813 = EDGE_CURVE('',#805,#814,#816,.T.);
#814 = VERTEX_POINT('',#815);
#815 = CARTESIAN_POINT('',(67.15,23.78,11.96));
#816 = CIRCLE('',#817,3.6);
#817 = AXIS2_PLACEMENT_3D('',#818,#819,#820);
#818 = CARTESIAN_POINT('',(67.15,27.38,11.96));
#819 = DIRECTION('',(1.,0.,-0.));
#820 = DIRECTION('',(0.,0.,1.));
#821 = ORIENTED_EDGE('',*,*,#822,.T.);
#822 = EDGE_CURVE('',#814,#823,#825,.T.);
#823 = VERTEX_POINT('',#824);
#824 = CARTESIAN_POINT('',(67.15,14.33,11.96));
#825 = LINE('',#826,#827);
#826 = CARTESIAN_POINT('',(67.15,-50.25,11.96));
#827 = VECTOR('',#828,1.);
#828 = DIRECTION('',(0.,-1.,0.));
#829 = ORIENTED_EDGE('',*,*,#830,.T.);
#830 = EDGE_CURVE('',#823,#831,#833,.T.);
#831 = VERTEX_POINT('',#832);
#832 = CARTESIAN_POINT('',(67.15,10.73,15.56));
#833 = CIRCLE('',#834,3.6);
#834 = AXIS2_PLACEMENT_3D('',#835,#836,#837);
#835 = CARTESIAN_POINT('',(67.15,10.73,11.96));
#836 = DIRECTION('',(1.,0.,-0.));
#837 = DIRECTION('',(0.,0.,1.));
#838 = ORIENTED_EDGE('',*,*,#839,.T.);
#839 = EDGE_CURVE('',#831,#840,#842,.T.);
#840 = VERTEX_POINT('',#841);
#841 = CARTESIAN_POINT('',(67.15,7.13,11.96));
#842 = CIRCLE('',#843,3.6);
#843 = AXIS2_PLACEMENT_3D('',#844,#845,#846);
#844 = CARTESIAN_POINT('',(67.15,10.73,11.96));
#845 = DIRECTION('',(1.,0.,-0.));
#846 = DIRECTION('',(0.,0.,1.));
#847 = ORIENTED_EDGE('',*,*,#848,.T.);
#848 = EDGE_CURVE('',#840,#787,#849,.T.);
#849 = LINE('',#850,#851);
#850 = CARTESIAN_POINT('',(67.15,-50.25,11.96));
#851 = VECTOR('',#852,1.);
#852 = DIRECTION('',(0.,-1.,0.));
#853 = PLANE('',#854);
#854 = AXIS2_PLACEMENT_3D('',#855,#856,#857);
#855 = CARTESIAN_POINT('',(67.15,18.805062857723,17.777309534469));
#856 = DIRECTION('',(-1.,-0.,-0.));
#857 = DIRECTION('',(0.,0.,-1.));
#858 = ADVANCED_FACE('',(#859),#877,.T.);
#859 = FACE_BOUND('',#860,.T.);
#860 = EDGE_LOOP('',(#861,#869,#875,#876));
#861 = ORIENTED_EDGE('',*,*,#862,.F.);
#862 = EDGE_CURVE('',#863,#787,#865,.T.);
#863 = VERTEX_POINT('',#864);
#864 = CARTESIAN_POINT('',(66.55173769149,4.7,11.96));
#865 = LINE('',#866,#867);
#866 = CARTESIAN_POINT('',(65.9,4.7,11.96));
#867 = VECTOR('',#868,1.);
#868 = DIRECTION('',(1.,0.,0.));
#869 = ORIENTED_EDGE('',*,*,#870,.T.);
#870 = EDGE_CURVE('',#863,#151,#871,.T.);
#871 = LINE('',#872,#873);
#872 = CARTESIAN_POINT('',(66.55173769149,4.7,6.2));
#873 = VECTOR('',#874,1.);
#874 = DIRECTION('',(0.,0.,1.));
#875 = ORIENTED_EDGE('',*,*,#150,.T.);
#876 = ORIENTED_EDGE('',*,*,#786,.F.);
#877 = PLANE('',#878);
#878 = AXIS2_PLACEMENT_3D('',#879,#880,#881);
#879 = CARTESIAN_POINT('',(66.850868845745,4.7,17.73));
#880 = DIRECTION('',(0.,1.,0.));
#881 = DIRECTION('',(0.,0.,1.));
#882 = ADVANCED_FACE('',(#883),#970,.T.);
#883 = FACE_BOUND('',#884,.T.);
#884 = EDGE_LOOP('',(#885,#893,#894,#895,#904,#912,#921,#929,#938,#946,
    #955,#963));
#885 = ORIENTED_EDGE('',*,*,#886,.T.);
#886 = EDGE_CURVE('',#887,#159,#889,.T.);
#887 = VERTEX_POINT('',#888);
#888 = CARTESIAN_POINT('',(61.99,0.13826230851,11.96));
#889 = LINE('',#890,#891);
#890 = CARTESIAN_POINT('',(61.99,0.13826230851,4.2));
#891 = VECTOR('',#892,1.);
#892 = DIRECTION('',(0.,0.,1.));
#893 = ORIENTED_EDGE('',*,*,#158,.F.);
#894 = ORIENTED_EDGE('',*,*,#870,.F.);
#895 = ORIENTED_EDGE('',*,*,#896,.F.);
#896 = EDGE_CURVE('',#897,#863,#899,.T.);
#897 = VERTEX_POINT('',#898);
#898 = CARTESIAN_POINT('',(66.855,4.234364689375,11.96));
#899 = CIRCLE('',#900,3.25);
#900 = AXIS2_PLACEMENT_3D('',#901,#902,#903);
#901 = CARTESIAN_POINT('',(63.99,2.7,11.96));
#902 = DIRECTION('',(0.,0.,1.));
#903 = DIRECTION('',(1.,0.,0.));
#904 = ORIENTED_EDGE('',*,*,#905,.F.);
#905 = EDGE_CURVE('',#906,#897,#908,.T.);
#906 = VERTEX_POINT('',#907);
#907 = CARTESIAN_POINT('',(66.855,4.234364689375,6.2));
#908 = LINE('',#909,#910);
#909 = CARTESIAN_POINT('',(66.855,4.234364689375,6.2));
#910 = VECTOR('',#911,1.);
#911 = DIRECTION('',(0.,0.,1.));
#912 = ORIENTED_EDGE('',*,*,#913,.T.);
#913 = EDGE_CURVE('',#906,#914,#916,.T.);
#914 = VERTEX_POINT('',#915);
#915 = CARTESIAN_POINT('',(61.54,4.835415650406,6.2));
#916 = CIRCLE('',#917,3.25);
#917 = AXIS2_PLACEMENT_3D('',#918,#919,#920);
#918 = CARTESIAN_POINT('',(63.99,2.7,6.2));
#919 = DIRECTION('',(0.,0.,1.));
#920 = DIRECTION('',(1.,0.,0.));
#921 = ORIENTED_EDGE('',*,*,#922,.T.);
#922 = EDGE_CURVE('',#914,#923,#925,.T.);
#923 = VERTEX_POINT('',#924);
#924 = CARTESIAN_POINT('',(61.54,4.835415650406,8.1));
#925 = LINE('',#926,#927);
#926 = CARTESIAN_POINT('',(61.54,4.835415650406,6.2));
#927 = VECTOR('',#928,1.);
#928 = DIRECTION('',(0.,0.,1.));
#929 = ORIENTED_EDGE('',*,*,#930,.T.);
#930 = EDGE_CURVE('',#923,#931,#933,.T.);
#931 = VERTEX_POINT('',#932);
#932 = CARTESIAN_POINT('',(61.54,0.564584349594,8.1));
#933 = ELLIPSE('',#934,4.596194077713,3.25);
#934 = AXIS2_PLACEMENT_3D('',#935,#936,#937);
#935 = CARTESIAN_POINT('',(63.99,2.7,5.65));
#936 = DIRECTION('',(0.707106781187,-8.999999999994E-17,0.707106781187)
  );
#937 = DIRECTION('',(-0.707106781187,8.999999999994E-17,0.707106781187)
  );
#938 = ORIENTED_EDGE('',*,*,#939,.F.);
#939 = EDGE_CURVE('',#940,#931,#942,.T.);
#940 = VERTEX_POINT('',#941);
#941 = CARTESIAN_POINT('',(61.54,0.564584349594,6.2));
#942 = LINE('',#943,#944);
#943 = CARTESIAN_POINT('',(61.54,0.564584349594,6.2));
#944 = VECTOR('',#945,1.);
#945 = DIRECTION('',(0.,0.,1.));
#946 = ORIENTED_EDGE('',*,*,#947,.T.);
#947 = EDGE_CURVE('',#940,#948,#950,.T.);
#948 = VERTEX_POINT('',#949);
#949 = CARTESIAN_POINT('',(62.522859924888,-0.2,6.2));
#950 = CIRCLE('',#951,3.25);
#951 = AXIS2_PLACEMENT_3D('',#952,#953,#954);
#952 = CARTESIAN_POINT('',(63.99,2.7,6.2));
#953 = DIRECTION('',(0.,0.,1.));
#954 = DIRECTION('',(1.,0.,0.));
#955 = ORIENTED_EDGE('',*,*,#956,.T.);
#956 = EDGE_CURVE('',#948,#957,#959,.T.);
#957 = VERTEX_POINT('',#958);
#958 = CARTESIAN_POINT('',(62.522859924888,-0.2,11.96));
#959 = LINE('',#960,#961);
#960 = CARTESIAN_POINT('',(62.522859924888,-0.2,6.2));
#961 = VECTOR('',#962,1.);
#962 = DIRECTION('',(0.,0.,1.));
#963 = ORIENTED_EDGE('',*,*,#964,.F.);
#964 = EDGE_CURVE('',#887,#957,#965,.T.);
#965 = CIRCLE('',#966,3.25);
#966 = AXIS2_PLACEMENT_3D('',#967,#968,#969);
#967 = CARTESIAN_POINT('',(63.99,2.7,11.96));
#968 = DIRECTION('',(0.,0.,1.));
#969 = DIRECTION('',(1.,0.,0.));
#970 = CYLINDRICAL_SURFACE('',#971,3.25);
#971 = AXIS2_PLACEMENT_3D('',#972,#973,#974);
#972 = CARTESIAN_POINT('',(63.99,2.7,6.2));
#973 = DIRECTION('',(0.,0.,1.));
#974 = DIRECTION('',(1.,0.,0.));
#975 = ADVANCED_FACE('',(#976),#994,.T.);
#976 = FACE_BOUND('',#977,.T.);
#977 = EDGE_LOOP('',(#978,#986,#992,#993));
#978 = ORIENTED_EDGE('',*,*,#979,.F.);
#979 = EDGE_CURVE('',#980,#887,#982,.T.);
#980 = VERTEX_POINT('',#981);
#981 = CARTESIAN_POINT('',(61.99,-0.5,11.96));
#982 = LINE('',#983,#984);
#983 = CARTESIAN_POINT('',(61.99,-1.,11.96));
#984 = VECTOR('',#985,1.);
#985 = DIRECTION('',(0.,1.,0.));
#986 = ORIENTED_EDGE('',*,*,#987,.F.);
#987 = EDGE_CURVE('',#168,#980,#988,.T.);
#988 = LINE('',#989,#990);
#989 = CARTESIAN_POINT('',(61.99,-0.5,3.48));
#990 = VECTOR('',#991,1.);
#991 = DIRECTION('',(0.,0.,-1.));
#992 = ORIENTED_EDGE('',*,*,#167,.T.);
#993 = ORIENTED_EDGE('',*,*,#886,.F.);
#994 = PLANE('',#995);
#995 = AXIS2_PLACEMENT_3D('',#996,#997,#998);
#996 = CARTESIAN_POINT('',(61.99,-0.180868845745,17.73));
#997 = DIRECTION('',(-1.,-0.,-0.));
#998 = DIRECTION('',(0.,0.,-1.));
#999 = ADVANCED_FACE('',(#1000,#1011),#1045,.T.);
#1000 = FACE_BOUND('',#1001,.T.);
#1001 = EDGE_LOOP('',(#1002,#1008,#1009,#1010));
#1002 = ORIENTED_EDGE('',*,*,#1003,.F.);
#1003 = EDGE_CURVE('',#217,#980,#1004,.T.);
#1004 = LINE('',#1005,#1006);
#1005 = CARTESIAN_POINT('',(-50.25,-0.5,11.96));
#1006 = VECTOR('',#1007,1.);
#1007 = DIRECTION('',(1.,0.,0.));
#1008 = ORIENTED_EDGE('',*,*,#225,.T.);
#1009 = ORIENTED_EDGE('',*,*,#175,.T.);
#1010 = ORIENTED_EDGE('',*,*,#987,.T.);
#1011 = FACE_BOUND('',#1012,.T.);
#1012 = EDGE_LOOP('',(#1013,#1023,#1031,#1039));
#1013 = ORIENTED_EDGE('',*,*,#1014,.F.);
#1014 = EDGE_CURVE('',#1015,#1017,#1019,.T.);
#1015 = VERTEX_POINT('',#1016);
#1016 = CARTESIAN_POINT('',(4.,-0.5,15.2));
#1017 = VERTEX_POINT('',#1018);
#1018 = CARTESIAN_POINT('',(4.,-0.5,16.4));
#1019 = LINE('',#1020,#1021);
#1020 = CARTESIAN_POINT('',(4.,-0.5,15.2));
#1021 = VECTOR('',#1022,1.);
#1022 = DIRECTION('',(0.,0.,1.));
#1023 = ORIENTED_EDGE('',*,*,#1024,.T.);
#1024 = EDGE_CURVE('',#1015,#1025,#1027,.T.);
#1025 = VERTEX_POINT('',#1026);
#1026 = CARTESIAN_POINT('',(8.,-0.5,15.2));
#1027 = LINE('',#1028,#1029);
#1028 = CARTESIAN_POINT('',(4.,-0.5,15.2));
#1029 = VECTOR('',#1030,1.);
#1030 = DIRECTION('',(1.,0.,0.));
#1031 = ORIENTED_EDGE('',*,*,#1032,.T.);
#1032 = EDGE_CURVE('',#1025,#1033,#1035,.T.);
#1033 = VERTEX_POINT('',#1034);
#1034 = CARTESIAN_POINT('',(8.,-0.5,16.4));
#1035 = LINE('',#1036,#1037);
#1036 = CARTESIAN_POINT('',(8.,-0.5,15.2));
#1037 = VECTOR('',#1038,1.);
#1038 = DIRECTION('',(0.,0.,1.));
#1039 = ORIENTED_EDGE('',*,*,#1040,.F.);
#1040 = EDGE_CURVE('',#1017,#1033,#1041,.T.);
#1041 = LINE('',#1042,#1043);
#1042 = CARTESIAN_POINT('',(4.,-0.5,16.4));
#1043 = VECTOR('',#1044,1.);
#1044 = DIRECTION('',(1.,0.,0.));
#1045 = PLANE('',#1046);
#1046 = AXIS2_PLACEMENT_3D('',#1047,#1048,#1049);
#1047 = CARTESIAN_POINT('',(31.445,-0.5,17.73));
#1048 = DIRECTION('',(0.,1.,0.));
#1049 = DIRECTION('',(0.,0.,1.));
#1050 = ADVANCED_FACE('',(#1051),#1239,.T.);
#1051 = FACE_BOUND('',#1052,.T.);
#1052 = EDGE_LOOP('',(#1053,#1064,#1073,#1082,#1090,#1096,#1097,#1098,
    #1099,#1100,#1101,#1102,#1103,#1111,#1120,#1129,#1138,#1147,#1156,
    #1165,#1171,#1172,#1173,#1174,#1182,#1190,#1198,#1206,#1215,#1224,
    #1233));
#1053 = ORIENTED_EDGE('',*,*,#1054,.F.);
#1054 = EDGE_CURVE('',#1055,#1057,#1059,.T.);
#1055 = VERTEX_POINT('',#1056);
#1056 = CARTESIAN_POINT('',(-0.2,-2.339594576085,11.96));
#1057 = VERTEX_POINT('',#1058);
#1058 = CARTESIAN_POINT('',(2.1,-2.9,11.96));
#1059 = CIRCLE('',#1060,5.);
#1060 = AXIS2_PLACEMENT_3D('',#1061,#1062,#1063);
#1061 = CARTESIAN_POINT('',(2.1,2.1,11.96));
#1062 = DIRECTION('',(0.,0.,1.));
#1063 = DIRECTION('',(-1.,0.,0.));
#1064 = ORIENTED_EDGE('',*,*,#1065,.F.);
#1065 = EDGE_CURVE('',#1066,#1055,#1068,.T.);
#1066 = VERTEX_POINT('',#1067);
#1067 = CARTESIAN_POINT('',(-2.339594576085,-0.2,11.96));
#1068 = CIRCLE('',#1069,5.);
#1069 = AXIS2_PLACEMENT_3D('',#1070,#1071,#1072);
#1070 = CARTESIAN_POINT('',(2.1,2.1,11.96));
#1071 = DIRECTION('',(0.,0.,1.));
#1072 = DIRECTION('',(-1.,0.,0.));
#1073 = ORIENTED_EDGE('',*,*,#1074,.F.);
#1074 = EDGE_CURVE('',#1075,#1066,#1077,.T.);
#1075 = VERTEX_POINT('',#1076);
#1076 = CARTESIAN_POINT('',(-2.9,2.1,11.96));
#1077 = CIRCLE('',#1078,5.);
#1078 = AXIS2_PLACEMENT_3D('',#1079,#1080,#1081);
#1079 = CARTESIAN_POINT('',(2.1,2.1,11.96));
#1080 = DIRECTION('',(0.,0.,1.));
#1081 = DIRECTION('',(-1.,0.,0.));
#1082 = ORIENTED_EDGE('',*,*,#1083,.F.);
#1083 = EDGE_CURVE('',#1084,#1075,#1086,.T.);
#1084 = VERTEX_POINT('',#1085);
#1085 = CARTESIAN_POINT('',(-2.9,23.03,11.96));
#1086 = LINE('',#1087,#1088);
#1087 = CARTESIAN_POINT('',(-2.9,-51.45,11.96));
#1088 = VECTOR('',#1089,1.);
#1089 = DIRECTION('',(0.,-1.,0.));
#1090 = ORIENTED_EDGE('',*,*,#1091,.T.);
#1091 = EDGE_CURVE('',#1084,#250,#1092,.T.);
#1092 = LINE('',#1093,#1094);
#1093 = CARTESIAN_POINT('',(-2.9,23.03,11.96));
#1094 = VECTOR('',#1095,1.);
#1095 = DIRECTION('',(1.,0.,0.));
#1096 = ORIENTED_EDGE('',*,*,#249,.F.);
#1097 = ORIENTED_EDGE('',*,*,#198,.T.);
#1098 = ORIENTED_EDGE('',*,*,#207,.T.);
#1099 = ORIENTED_EDGE('',*,*,#216,.T.);
#1100 = ORIENTED_EDGE('',*,*,#1003,.T.);
#1101 = ORIENTED_EDGE('',*,*,#979,.T.);
#1102 = ORIENTED_EDGE('',*,*,#964,.T.);
#1103 = ORIENTED_EDGE('',*,*,#1104,.T.);
#1104 = EDGE_CURVE('',#957,#1105,#1107,.T.);
#1105 = VERTEX_POINT('',#1106);
#1106 = CARTESIAN_POINT('',(64.883974596216,-0.2,11.96));
#1107 = LINE('',#1108,#1109);
#1108 = CARTESIAN_POINT('',(-10.,-0.2,11.96));
#1109 = VECTOR('',#1110,1.);
#1110 = DIRECTION('',(1.,0.,0.));
#1111 = ORIENTED_EDGE('',*,*,#1112,.T.);
#1112 = EDGE_CURVE('',#1105,#1113,#1115,.T.);
#1113 = VERTEX_POINT('',#1114);
#1114 = CARTESIAN_POINT('',(65.116561237027,-0.348501234907,11.96));
#1115 = CIRCLE('',#1116,1.4);
#1116 = AXIS2_PLACEMENT_3D('',#1117,#1118,#1119);
#1117 = CARTESIAN_POINT('',(65.75,0.9,11.96));
#1118 = DIRECTION('',(0.,0.,1.));
#1119 = DIRECTION('',(1.,0.,0.));
#1120 = ORIENTED_EDGE('',*,*,#1121,.T.);
#1121 = EDGE_CURVE('',#1113,#1122,#1124,.T.);
#1122 = VERTEX_POINT('',#1123);
#1123 = CARTESIAN_POINT('',(66.616025403784,-0.2,11.96));
#1124 = CIRCLE('',#1125,1.4);
#1125 = AXIS2_PLACEMENT_3D('',#1126,#1127,#1128);
#1126 = CARTESIAN_POINT('',(65.75,0.9,11.96));
#1127 = DIRECTION('',(0.,0.,1.));
#1128 = DIRECTION('',(1.,0.,0.));
#1129 = ORIENTED_EDGE('',*,*,#1130,.T.);
#1130 = EDGE_CURVE('',#1122,#1131,#1133,.T.);
#1131 = VERTEX_POINT('',#1132);
#1132 = CARTESIAN_POINT('',(66.855,4.036344889255E-02,11.96));
#1133 = CIRCLE('',#1134,1.4);
#1134 = AXIS2_PLACEMENT_3D('',#1135,#1136,#1137);
#1135 = CARTESIAN_POINT('',(65.75,0.9,11.96));
#1136 = DIRECTION('',(0.,0.,1.));
#1137 = DIRECTION('',(1.,0.,0.));
#1138 = ORIENTED_EDGE('',*,*,#1139,.T.);
#1139 = EDGE_CURVE('',#1131,#1140,#1142,.T.);
#1140 = VERTEX_POINT('',#1141);
#1141 = CARTESIAN_POINT('',(67.15,0.9,11.96));
#1142 = CIRCLE('',#1143,1.4);
#1143 = AXIS2_PLACEMENT_3D('',#1144,#1145,#1146);
#1144 = CARTESIAN_POINT('',(65.75,0.9,11.96));
#1145 = DIRECTION('',(0.,0.,1.));
#1146 = DIRECTION('',(1.,0.,0.));
#1147 = ORIENTED_EDGE('',*,*,#1148,.T.);
#1148 = EDGE_CURVE('',#1140,#1149,#1151,.T.);
#1149 = VERTEX_POINT('',#1150);
#1150 = CARTESIAN_POINT('',(67.012418818514,1.505226178103,11.96));
#1151 = CIRCLE('',#1152,1.4);
#1152 = AXIS2_PLACEMENT_3D('',#1153,#1154,#1155);
#1153 = CARTESIAN_POINT('',(65.75,0.9,11.96));
#1154 = DIRECTION('',(0.,0.,1.));
#1155 = DIRECTION('',(1.,0.,0.));
#1156 = ORIENTED_EDGE('',*,*,#1157,.T.);
#1157 = EDGE_CURVE('',#1149,#1158,#1160,.T.);
#1158 = VERTEX_POINT('',#1159);
#1159 = CARTESIAN_POINT('',(66.855,1.759636551107,11.96));
#1160 = CIRCLE('',#1161,1.4);
#1161 = AXIS2_PLACEMENT_3D('',#1162,#1163,#1164);
#1162 = CARTESIAN_POINT('',(65.75,0.9,11.96));
#1163 = DIRECTION('',(0.,0.,1.));
#1164 = DIRECTION('',(1.,0.,0.));
#1165 = ORIENTED_EDGE('',*,*,#1166,.T.);
#1166 = EDGE_CURVE('',#1158,#897,#1167,.T.);
#1167 = LINE('',#1168,#1169);
#1168 = CARTESIAN_POINT('',(66.855,-10.,11.96));
#1169 = VECTOR('',#1170,1.);
#1170 = DIRECTION('',(0.,1.,0.));
#1171 = ORIENTED_EDGE('',*,*,#896,.T.);
#1172 = ORIENTED_EDGE('',*,*,#862,.T.);
#1173 = ORIENTED_EDGE('',*,*,#848,.F.);
#1174 = ORIENTED_EDGE('',*,*,#1175,.T.);
#1175 = EDGE_CURVE('',#840,#1176,#1178,.T.);
#1176 = VERTEX_POINT('',#1177);
#1177 = CARTESIAN_POINT('',(68.35,7.13,11.96));
#1178 = LINE('',#1179,#1180);
#1179 = CARTESIAN_POINT('',(66.15,7.13,11.96));
#1180 = VECTOR('',#1181,1.);
#1181 = DIRECTION('',(1.,0.,0.));
#1182 = ORIENTED_EDGE('',*,*,#1183,.F.);
#1183 = EDGE_CURVE('',#1184,#1176,#1186,.T.);
#1184 = VERTEX_POINT('',#1185);
#1185 = CARTESIAN_POINT('',(68.35,4.73,11.96));
#1186 = LINE('',#1187,#1188);
#1187 = CARTESIAN_POINT('',(68.35,7.865,11.96));
#1188 = VECTOR('',#1189,1.);
#1189 = DIRECTION('',(0.,1.,0.));
#1190 = ORIENTED_EDGE('',*,*,#1191,.T.);
#1191 = EDGE_CURVE('',#1184,#1192,#1194,.T.);
#1192 = VERTEX_POINT('',#1193);
#1193 = CARTESIAN_POINT('',(69.55,4.73,11.96));
#1194 = LINE('',#1195,#1196);
#1195 = CARTESIAN_POINT('',(68.35,4.73,11.96));
#1196 = VECTOR('',#1197,1.);
#1197 = DIRECTION('',(1.,0.,0.));
#1198 = ORIENTED_EDGE('',*,*,#1199,.T.);
#1199 = EDGE_CURVE('',#1192,#1200,#1202,.T.);
#1200 = VERTEX_POINT('',#1201);
#1201 = CARTESIAN_POINT('',(69.55,2.1,11.96));
#1202 = LINE('',#1203,#1204);
#1203 = CARTESIAN_POINT('',(69.55,-51.45,11.96));
#1204 = VECTOR('',#1205,1.);
#1205 = DIRECTION('',(0.,-1.,0.));
#1206 = ORIENTED_EDGE('',*,*,#1207,.F.);
#1207 = EDGE_CURVE('',#1208,#1200,#1210,.T.);
#1208 = VERTEX_POINT('',#1209);
#1209 = CARTESIAN_POINT('',(68.989594576085,-0.2,11.96));
#1210 = CIRCLE('',#1211,5.);
#1211 = AXIS2_PLACEMENT_3D('',#1212,#1213,#1214);
#1212 = CARTESIAN_POINT('',(64.55,2.1,11.96));
#1213 = DIRECTION('',(0.,0.,1.));
#1214 = DIRECTION('',(1.,0.,0.));
#1215 = ORIENTED_EDGE('',*,*,#1216,.F.);
#1216 = EDGE_CURVE('',#1217,#1208,#1219,.T.);
#1217 = VERTEX_POINT('',#1218);
#1218 = CARTESIAN_POINT('',(66.855,-2.337000676132,11.96));
#1219 = CIRCLE('',#1220,5.);
#1220 = AXIS2_PLACEMENT_3D('',#1221,#1222,#1223);
#1221 = CARTESIAN_POINT('',(64.55,2.1,11.96));
#1222 = DIRECTION('',(0.,0.,1.));
#1223 = DIRECTION('',(1.,0.,0.));
#1224 = ORIENTED_EDGE('',*,*,#1225,.F.);
#1225 = EDGE_CURVE('',#1226,#1217,#1228,.T.);
#1226 = VERTEX_POINT('',#1227);
#1227 = CARTESIAN_POINT('',(64.55,-2.9,11.96));
#1228 = CIRCLE('',#1229,5.);
#1229 = AXIS2_PLACEMENT_3D('',#1230,#1231,#1232);
#1230 = CARTESIAN_POINT('',(64.55,2.1,11.96));
#1231 = DIRECTION('',(0.,0.,1.));
#1232 = DIRECTION('',(1.,0.,0.));
#1233 = ORIENTED_EDGE('',*,*,#1234,.F.);
#1234 = EDGE_CURVE('',#1057,#1226,#1235,.T.);
#1235 = LINE('',#1236,#1237);
#1236 = CARTESIAN_POINT('',(-51.45,-2.9,11.96));
#1237 = VECTOR('',#1238,1.);
#1238 = DIRECTION('',(1.,0.,0.));
#1239 = PLANE('',#1240);
#1240 = AXIS2_PLACEMENT_3D('',#1241,#1242,#1243);
#1241 = CARTESIAN_POINT('',(28.185138613162,2.015913564142,11.96));
#1242 = DIRECTION('',(-0.,-0.,-1.));
#1243 = DIRECTION('',(-1.,0.,0.));
#1244 = ADVANCED_FACE('',(#1245),#1446,.T.);
#1245 = FACE_BOUND('',#1246,.T.);
#1246 = EDGE_LOOP('',(#1247,#1258,#1267,#1276,#1285,#1291,#1292,#1293,
    #1294,#1295,#1296,#1302,#1303,#1304,#1305,#1306,#1307,#1308,#1309,
    #1310,#1318,#1327,#1336,#1345,#1354,#1362,#1371,#1380,#1389,#1397,
    #1405,#1413,#1419,#1420,#1421,#1422,#1430,#1439));
#1247 = ORIENTED_EDGE('',*,*,#1248,.T.);
#1248 = EDGE_CURVE('',#1249,#1251,#1253,.T.);
#1249 = VERTEX_POINT('',#1250);
#1250 = CARTESIAN_POINT('',(67.15,36.65,11.96));
#1251 = VERTEX_POINT('',#1252);
#1252 = CARTESIAN_POINT('',(66.855,37.509636551107,11.96));
#1253 = CIRCLE('',#1254,1.4);
#1254 = AXIS2_PLACEMENT_3D('',#1255,#1256,#1257);
#1255 = CARTESIAN_POINT('',(65.75,36.65,11.96));
#1256 = DIRECTION('',(0.,0.,1.));
#1257 = DIRECTION('',(1.,0.,0.));
#1258 = ORIENTED_EDGE('',*,*,#1259,.T.);
#1259 = EDGE_CURVE('',#1251,#1260,#1262,.T.);
#1260 = VERTEX_POINT('',#1261);
#1261 = CARTESIAN_POINT('',(66.616025403784,37.75,11.96));
#1262 = CIRCLE('',#1263,1.4);
#1263 = AXIS2_PLACEMENT_3D('',#1264,#1265,#1266);
#1264 = CARTESIAN_POINT('',(65.75,36.65,11.96));
#1265 = DIRECTION('',(0.,0.,1.));
#1266 = DIRECTION('',(1.,0.,0.));
#1267 = ORIENTED_EDGE('',*,*,#1268,.T.);
#1268 = EDGE_CURVE('',#1260,#1269,#1271,.T.);
#1269 = VERTEX_POINT('',#1270);
#1270 = CARTESIAN_POINT('',(65.106608451393,37.893401510044,11.96));
#1271 = CIRCLE('',#1272,1.4);
#1272 = AXIS2_PLACEMENT_3D('',#1273,#1274,#1275);
#1273 = CARTESIAN_POINT('',(65.75,36.65,11.96));
#1274 = DIRECTION('',(0.,0.,1.));
#1275 = DIRECTION('',(1.,0.,0.));
#1276 = ORIENTED_EDGE('',*,*,#1277,.T.);
#1277 = EDGE_CURVE('',#1269,#1278,#1280,.T.);
#1278 = VERTEX_POINT('',#1279);
#1279 = CARTESIAN_POINT('',(64.883974596216,37.75,11.96));
#1280 = CIRCLE('',#1281,1.4);
#1281 = AXIS2_PLACEMENT_3D('',#1282,#1283,#1284);
#1282 = CARTESIAN_POINT('',(65.75,36.65,11.96));
#1283 = DIRECTION('',(0.,0.,1.));
#1284 = DIRECTION('',(1.,0.,0.));
#1285 = ORIENTED_EDGE('',*,*,#1286,.F.);
#1286 = EDGE_CURVE('',#714,#1278,#1287,.T.);
#1287 = LINE('',#1288,#1289);
#1288 = CARTESIAN_POINT('',(-10.,37.75,11.96));
#1289 = VECTOR('',#1290,1.);
#1290 = DIRECTION('',(1.,0.,0.));
#1291 = ORIENTED_EDGE('',*,*,#713,.T.);
#1292 = ORIENTED_EDGE('',*,*,#689,.T.);
#1293 = ORIENTED_EDGE('',*,*,#655,.F.);
#1294 = ORIENTED_EDGE('',*,*,#631,.F.);
#1295 = ORIENTED_EDGE('',*,*,#616,.T.);
#1296 = ORIENTED_EDGE('',*,*,#1297,.F.);
#1297 = EDGE_CURVE('',#479,#609,#1298,.T.);
#1298 = LINE('',#1299,#1300);
#1299 = CARTESIAN_POINT('',(-10.,37.75,11.96));
#1300 = VECTOR('',#1301,1.);
#1301 = DIRECTION('',(1.,0.,0.));
#1302 = ORIENTED_EDGE('',*,*,#478,.T.);
#1303 = ORIENTED_EDGE('',*,*,#451,.T.);
#1304 = ORIENTED_EDGE('',*,*,#417,.F.);
#1305 = ORIENTED_EDGE('',*,*,#365,.T.);
#1306 = ORIENTED_EDGE('',*,*,#376,.T.);
#1307 = ORIENTED_EDGE('',*,*,#385,.T.);
#1308 = ORIENTED_EDGE('',*,*,#394,.T.);
#1309 = ORIENTED_EDGE('',*,*,#281,.F.);
#1310 = ORIENTED_EDGE('',*,*,#1311,.F.);
#1311 = EDGE_CURVE('',#1312,#274,#1314,.T.);
#1312 = VERTEX_POINT('',#1313);
#1313 = CARTESIAN_POINT('',(-2.866246067202,36.03,11.96));
#1314 = LINE('',#1315,#1316);
#1315 = CARTESIAN_POINT('',(-3.2,36.03,11.96));
#1316 = VECTOR('',#1317,1.);
#1317 = DIRECTION('',(1.,0.,0.));
#1318 = ORIENTED_EDGE('',*,*,#1319,.F.);
#1319 = EDGE_CURVE('',#1320,#1312,#1322,.T.);
#1320 = VERTEX_POINT('',#1321);
#1321 = CARTESIAN_POINT('',(-2.643795948394,37.03,11.96));
#1322 = CIRCLE('',#1323,5.);
#1323 = AXIS2_PLACEMENT_3D('',#1324,#1325,#1326);
#1324 = CARTESIAN_POINT('',(2.1,35.45,11.96));
#1325 = DIRECTION('',(0.,0.,1.));
#1326 = DIRECTION('',(1.,0.,0.));
#1327 = ORIENTED_EDGE('',*,*,#1328,.F.);
#1328 = EDGE_CURVE('',#1329,#1320,#1331,.T.);
#1329 = VERTEX_POINT('',#1330);
#1330 = CARTESIAN_POINT('',(-2.339594576085,37.75,11.96));
#1331 = CIRCLE('',#1332,5.);
#1332 = AXIS2_PLACEMENT_3D('',#1333,#1334,#1335);
#1333 = CARTESIAN_POINT('',(2.1,35.45,11.96));
#1334 = DIRECTION('',(0.,0.,1.));
#1335 = DIRECTION('',(-1.,0.,0.));
#1336 = ORIENTED_EDGE('',*,*,#1337,.F.);
#1337 = EDGE_CURVE('',#1338,#1329,#1340,.T.);
#1338 = VERTEX_POINT('',#1339);
#1339 = CARTESIAN_POINT('',(-0.2,39.889594576085,11.96));
#1340 = CIRCLE('',#1341,5.);
#1341 = AXIS2_PLACEMENT_3D('',#1342,#1343,#1344);
#1342 = CARTESIAN_POINT('',(2.1,35.45,11.96));
#1343 = DIRECTION('',(0.,0.,1.));
#1344 = DIRECTION('',(-1.,0.,0.));
#1345 = ORIENTED_EDGE('',*,*,#1346,.F.);
#1346 = EDGE_CURVE('',#1347,#1338,#1349,.T.);
#1347 = VERTEX_POINT('',#1348);
#1348 = CARTESIAN_POINT('',(2.1,40.45,11.96));
#1349 = CIRCLE('',#1350,5.);
#1350 = AXIS2_PLACEMENT_3D('',#1351,#1352,#1353);
#1351 = CARTESIAN_POINT('',(2.1,35.45,11.96));
#1352 = DIRECTION('',(0.,0.,1.));
#1353 = DIRECTION('',(-1.,0.,0.));
#1354 = ORIENTED_EDGE('',*,*,#1355,.T.);
#1355 = EDGE_CURVE('',#1347,#1356,#1358,.T.);
#1356 = VERTEX_POINT('',#1357);
#1357 = CARTESIAN_POINT('',(64.55,40.45,11.96));
#1358 = LINE('',#1359,#1360);
#1359 = CARTESIAN_POINT('',(-51.45,40.45,11.96));
#1360 = VECTOR('',#1361,1.);
#1361 = DIRECTION('',(1.,0.,0.));
#1362 = ORIENTED_EDGE('',*,*,#1363,.F.);
#1363 = EDGE_CURVE('',#1364,#1356,#1366,.T.);
#1364 = VERTEX_POINT('',#1365);
#1365 = CARTESIAN_POINT('',(66.855,39.887000676132,11.96));
#1366 = CIRCLE('',#1367,5.);
#1367 = AXIS2_PLACEMENT_3D('',#1368,#1369,#1370);
#1368 = CARTESIAN_POINT('',(64.55,35.45,11.96));
#1369 = DIRECTION('',(0.,0.,1.));
#1370 = DIRECTION('',(1.,0.,0.));
#1371 = ORIENTED_EDGE('',*,*,#1372,.F.);
#1372 = EDGE_CURVE('',#1373,#1364,#1375,.T.);
#1373 = VERTEX_POINT('',#1374);
#1374 = CARTESIAN_POINT('',(68.989594576085,37.75,11.96));
#1375 = CIRCLE('',#1376,5.);
#1376 = AXIS2_PLACEMENT_3D('',#1377,#1378,#1379);
#1377 = CARTESIAN_POINT('',(64.55,35.45,11.96));
#1378 = DIRECTION('',(0.,0.,1.));
#1379 = DIRECTION('',(1.,0.,0.));
#1380 = ORIENTED_EDGE('',*,*,#1381,.F.);
#1381 = EDGE_CURVE('',#1382,#1373,#1384,.T.);
#1382 = VERTEX_POINT('',#1383);
#1383 = CARTESIAN_POINT('',(69.55,35.45,11.96));
#1384 = CIRCLE('',#1385,5.);
#1385 = AXIS2_PLACEMENT_3D('',#1386,#1387,#1388);
#1386 = CARTESIAN_POINT('',(64.55,35.45,11.96));
#1387 = DIRECTION('',(0.,0.,1.));
#1388 = DIRECTION('',(1.,0.,0.));
#1389 = ORIENTED_EDGE('',*,*,#1390,.T.);
#1390 = EDGE_CURVE('',#1382,#1391,#1393,.T.);
#1391 = VERTEX_POINT('',#1392);
#1392 = CARTESIAN_POINT('',(69.55,33.38,11.96));
#1393 = LINE('',#1394,#1395);
#1394 = CARTESIAN_POINT('',(69.55,-51.45,11.96));
#1395 = VECTOR('',#1396,1.);
#1396 = DIRECTION('',(0.,-1.,0.));
#1397 = ORIENTED_EDGE('',*,*,#1398,.F.);
#1398 = EDGE_CURVE('',#1399,#1391,#1401,.T.);
#1399 = VERTEX_POINT('',#1400);
#1400 = CARTESIAN_POINT('',(68.35,33.38,11.96));
#1401 = LINE('',#1402,#1403);
#1402 = CARTESIAN_POINT('',(68.35,33.38,11.96));
#1403 = VECTOR('',#1404,1.);
#1404 = DIRECTION('',(1.,0.,0.));
#1405 = ORIENTED_EDGE('',*,*,#1406,.T.);
#1406 = EDGE_CURVE('',#1399,#1407,#1409,.T.);
#1407 = VERTEX_POINT('',#1408);
#1408 = CARTESIAN_POINT('',(68.35,30.98,11.96));
#1409 = LINE('',#1410,#1411);
#1410 = CARTESIAN_POINT('',(68.35,32.708807812766,11.96));
#1411 = VECTOR('',#1412,1.);
#1412 = DIRECTION('',(0.,-1.,0.));
#1413 = ORIENTED_EDGE('',*,*,#1414,.F.);
#1414 = EDGE_CURVE('',#797,#1407,#1415,.T.);
#1415 = LINE('',#1416,#1417);
#1416 = CARTESIAN_POINT('',(67.,30.98,11.96));
#1417 = VECTOR('',#1418,1.);
#1418 = DIRECTION('',(1.,0.,0.));
#1419 = ORIENTED_EDGE('',*,*,#796,.F.);
#1420 = ORIENTED_EDGE('',*,*,#762,.F.);
#1421 = ORIENTED_EDGE('',*,*,#747,.T.);
#1422 = ORIENTED_EDGE('',*,*,#1423,.T.);
#1423 = EDGE_CURVE('',#740,#1424,#1426,.T.);
#1424 = VERTEX_POINT('',#1425);
#1425 = CARTESIAN_POINT('',(66.855,35.790363448893,11.96));
#1426 = LINE('',#1427,#1428);
#1427 = CARTESIAN_POINT('',(66.855,-10.,11.96));
#1428 = VECTOR('',#1429,1.);
#1429 = DIRECTION('',(0.,1.,0.));
#1430 = ORIENTED_EDGE('',*,*,#1431,.T.);
#1431 = EDGE_CURVE('',#1424,#1432,#1434,.T.);
#1432 = VERTEX_POINT('',#1433);
#1433 = CARTESIAN_POINT('',(66.986176184884,35.992833019754,11.96));
#1434 = CIRCLE('',#1435,1.4);
#1435 = AXIS2_PLACEMENT_3D('',#1436,#1437,#1438);
#1436 = CARTESIAN_POINT('',(65.75,36.65,11.96));
#1437 = DIRECTION('',(0.,0.,1.));
#1438 = DIRECTION('',(1.,0.,0.));
#1439 = ORIENTED_EDGE('',*,*,#1440,.T.);
#1440 = EDGE_CURVE('',#1432,#1249,#1441,.T.);
#1441 = CIRCLE('',#1442,1.4);
#1442 = AXIS2_PLACEMENT_3D('',#1443,#1444,#1445);
#1443 = CARTESIAN_POINT('',(65.75,36.65,11.96));
#1444 = DIRECTION('',(0.,0.,1.));
#1445 = DIRECTION('',(1.,0.,0.));
#1446 = PLANE('',#1447);
#1447 = AXIS2_PLACEMENT_3D('',#1448,#1449,#1450);
#1448 = CARTESIAN_POINT('',(35.639445407769,38.567972631837,11.96));
#1449 = DIRECTION('',(-0.,-0.,-1.));
#1450 = DIRECTION('',(-1.,0.,0.));
#1451 = ADVANCED_FACE('',(#1452),#1470,.F.);
#1452 = FACE_BOUND('',#1453,.F.);
#1453 = EDGE_LOOP('',(#1454,#1455,#1463,#1469));
#1454 = ORIENTED_EDGE('',*,*,#1311,.F.);
#1455 = ORIENTED_EDGE('',*,*,#1456,.T.);
#1456 = EDGE_CURVE('',#1312,#1457,#1459,.T.);
#1457 = VERTEX_POINT('',#1458);
#1458 = CARTESIAN_POINT('',(-2.866246067202,36.03,15.6));
#1459 = LINE('',#1460,#1461);
#1460 = CARTESIAN_POINT('',(-2.866246067202,36.03,11.96));
#1461 = VECTOR('',#1462,1.);
#1462 = DIRECTION('',(0.,0.,1.));
#1463 = ORIENTED_EDGE('',*,*,#1464,.T.);
#1464 = EDGE_CURVE('',#1457,#266,#1465,.T.);
#1465 = LINE('',#1466,#1467);
#1466 = CARTESIAN_POINT('',(-3.2,36.03,15.6));
#1467 = VECTOR('',#1468,1.);
#1468 = DIRECTION('',(1.,0.,0.));
#1469 = ORIENTED_EDGE('',*,*,#273,.T.);
#1470 = PLANE('',#1471);
#1471 = AXIS2_PLACEMENT_3D('',#1472,#1473,#1474);
#1472 = CARTESIAN_POINT('',(-3.2,36.03,11.96));
#1473 = DIRECTION('',(0.,1.,0.));
#1474 = DIRECTION('',(0.,0.,1.));
#1475 = ADVANCED_FACE('',(#1476),#1503,.F.);
#1476 = FACE_BOUND('',#1477,.F.);
#1477 = EDGE_LOOP('',(#1478,#1479,#1488,#1496,#1502));
#1478 = ORIENTED_EDGE('',*,*,#1464,.F.);
#1479 = ORIENTED_EDGE('',*,*,#1480,.T.);
#1480 = EDGE_CURVE('',#1457,#1481,#1483,.T.);
#1481 = VERTEX_POINT('',#1482);
#1482 = CARTESIAN_POINT('',(-2.9,35.45,15.6));
#1483 = CIRCLE('',#1484,5.);
#1484 = AXIS2_PLACEMENT_3D('',#1485,#1486,#1487);
#1485 = CARTESIAN_POINT('',(2.1,35.45,15.6));
#1486 = DIRECTION('',(0.,0.,1.));
#1487 = DIRECTION('',(-1.,0.,0.));
#1488 = ORIENTED_EDGE('',*,*,#1489,.T.);
#1489 = EDGE_CURVE('',#1481,#1490,#1492,.T.);
#1490 = VERTEX_POINT('',#1491);
#1491 = CARTESIAN_POINT('',(-2.9,23.03,15.6));
#1492 = LINE('',#1493,#1494);
#1493 = CARTESIAN_POINT('',(-2.9,9.565,15.6));
#1494 = VECTOR('',#1495,1.);
#1495 = DIRECTION('',(0.,-1.,0.));
#1496 = ORIENTED_EDGE('',*,*,#1497,.T.);
#1497 = EDGE_CURVE('',#1490,#258,#1498,.T.);
#1498 = LINE('',#1499,#1500);
#1499 = CARTESIAN_POINT('',(-2.9,23.03,15.6));
#1500 = VECTOR('',#1501,1.);
#1501 = DIRECTION('',(1.,0.,0.));
#1502 = ORIENTED_EDGE('',*,*,#265,.F.);
#1503 = PLANE('',#1504);
#1504 = AXIS2_PLACEMENT_3D('',#1505,#1506,#1507);
#1505 = CARTESIAN_POINT('',(-6.,22.03,15.6));
#1506 = DIRECTION('',(0.,0.,1.));
#1507 = DIRECTION('',(1.,0.,0.));
#1508 = ADVANCED_FACE('',(#1509),#1520,.T.);
#1509 = FACE_BOUND('',#1510,.T.);
#1510 = EDGE_LOOP('',(#1511,#1512,#1518,#1519));
#1511 = ORIENTED_EDGE('',*,*,#1091,.F.);
#1512 = ORIENTED_EDGE('',*,*,#1513,.T.);
#1513 = EDGE_CURVE('',#1084,#1490,#1514,.T.);
#1514 = LINE('',#1515,#1516);
#1515 = CARTESIAN_POINT('',(-2.9,23.03,11.96));
#1516 = VECTOR('',#1517,1.);
#1517 = DIRECTION('',(0.,0.,1.));
#1518 = ORIENTED_EDGE('',*,*,#1497,.T.);
#1519 = ORIENTED_EDGE('',*,*,#257,.F.);
#1520 = PLANE('',#1521);
#1521 = AXIS2_PLACEMENT_3D('',#1522,#1523,#1524);
#1522 = CARTESIAN_POINT('',(-2.9,23.03,11.96));
#1523 = DIRECTION('',(0.,1.,0.));
#1524 = DIRECTION('',(0.,0.,1.));
#1525 = ADVANCED_FACE('',(#1526),#1552,.F.);
#1526 = FACE_BOUND('',#1527,.F.);
#1527 = EDGE_LOOP('',(#1528,#1529,#1537,#1546));
#1528 = ORIENTED_EDGE('',*,*,#289,.F.);
#1529 = ORIENTED_EDGE('',*,*,#1530,.F.);
#1530 = EDGE_CURVE('',#1531,#290,#1533,.T.);
#1531 = VERTEX_POINT('',#1532);
#1532 = CARTESIAN_POINT('',(-1.6,6.785301005062,23.));
#1533 = LINE('',#1534,#1535);
#1534 = CARTESIAN_POINT('',(-3.5,6.785301005062,23.));
#1535 = VECTOR('',#1536,1.);
#1536 = DIRECTION('',(1.,0.,0.));
#1537 = ORIENTED_EDGE('',*,*,#1538,.T.);
#1538 = EDGE_CURVE('',#1531,#1539,#1541,.T.);
#1539 = VERTEX_POINT('',#1540);
#1540 = CARTESIAN_POINT('',(-1.6,8.82,16.1));
#1541 = CIRCLE('',#1542,3.75);
#1542 = AXIS2_PLACEMENT_3D('',#1543,#1544,#1545);
#1543 = CARTESIAN_POINT('',(-1.6,8.82,19.85));
#1544 = DIRECTION('',(1.,0.,-0.));
#1545 = DIRECTION('',(0.,0.,1.));
#1546 = ORIENTED_EDGE('',*,*,#1547,.T.);
#1547 = EDGE_CURVE('',#1539,#292,#1548,.T.);
#1548 = LINE('',#1549,#1550);
#1549 = CARTESIAN_POINT('',(-3.5,8.82,16.1));
#1550 = VECTOR('',#1551,1.);
#1551 = DIRECTION('',(1.,0.,0.));
#1552 = CYLINDRICAL_SURFACE('',#1553,3.75);
#1553 = AXIS2_PLACEMENT_3D('',#1554,#1555,#1556);
#1554 = CARTESIAN_POINT('',(-3.5,8.82,19.85));
#1555 = DIRECTION('',(1.,0.,0.));
#1556 = DIRECTION('',(0.,0.,1.));
#1557 = ADVANCED_FACE('',(#1558),#1608,.F.);
#1558 = FACE_BOUND('',#1559,.F.);
#1559 = EDGE_LOOP('',(#1560,#1570,#1578,#1586,#1592,#1593,#1594,#1602));
#1560 = ORIENTED_EDGE('',*,*,#1561,.F.);
#1561 = EDGE_CURVE('',#1562,#1564,#1566,.T.);
#1562 = VERTEX_POINT('',#1563);
#1563 = CARTESIAN_POINT('',(-2.9,17.875277766926,23.));
#1564 = VERTEX_POINT('',#1565);
#1565 = CARTESIAN_POINT('',(-1.6,17.875277766926,23.));
#1566 = LINE('',#1567,#1568);
#1567 = CARTESIAN_POINT('',(-3.5,17.875277766926,23.));
#1568 = VECTOR('',#1569,1.);
#1569 = DIRECTION('',(1.,0.,0.));
#1570 = ORIENTED_EDGE('',*,*,#1571,.F.);
#1571 = EDGE_CURVE('',#1572,#1562,#1574,.T.);
#1572 = VERTEX_POINT('',#1573);
#1573 = CARTESIAN_POINT('',(-2.9,5.264722233074,23.));
#1574 = LINE('',#1575,#1576);
#1575 = CARTESIAN_POINT('',(-2.9,-15.85099335302,23.));
#1576 = VECTOR('',#1577,1.);
#1577 = DIRECTION('',(0.,1.,0.));
#1578 = ORIENTED_EDGE('',*,*,#1579,.T.);
#1579 = EDGE_CURVE('',#1572,#1580,#1582,.T.);
#1580 = VERTEX_POINT('',#1581);
#1581 = CARTESIAN_POINT('',(-1.6,5.264722233074,23.));
#1582 = LINE('',#1583,#1584);
#1583 = CARTESIAN_POINT('',(-3.5,5.264722233074,23.));
#1584 = VECTOR('',#1585,1.);
#1585 = DIRECTION('',(1.,0.,0.));
#1586 = ORIENTED_EDGE('',*,*,#1587,.T.);
#1587 = EDGE_CURVE('',#1580,#1531,#1588,.T.);
#1588 = LINE('',#1589,#1590);
#1589 = CARTESIAN_POINT('',(-1.6,-19.215,23.));
#1590 = VECTOR('',#1591,1.);
#1591 = DIRECTION('',(0.,1.,0.));
#1592 = ORIENTED_EDGE('',*,*,#1530,.T.);
#1593 = ORIENTED_EDGE('',*,*,#300,.F.);
#1594 = ORIENTED_EDGE('',*,*,#1595,.F.);
#1595 = EDGE_CURVE('',#1596,#301,#1598,.T.);
#1596 = VERTEX_POINT('',#1597);
#1597 = CARTESIAN_POINT('',(-1.6,16.354698994938,23.));
#1598 = LINE('',#1599,#1600);
#1599 = CARTESIAN_POINT('',(-3.5,16.354698994938,23.));
#1600 = VECTOR('',#1601,1.);
#1601 = DIRECTION('',(1.,0.,0.));
#1602 = ORIENTED_EDGE('',*,*,#1603,.T.);
#1603 = EDGE_CURVE('',#1596,#1564,#1604,.T.);
#1604 = LINE('',#1605,#1606);
#1605 = CARTESIAN_POINT('',(-1.6,-19.215,23.));
#1606 = VECTOR('',#1607,1.);
#1607 = DIRECTION('',(0.,1.,0.));
#1608 = PLANE('',#1609);
#1609 = AXIS2_PLACEMENT_3D('',#1610,#1611,#1612);
#1610 = CARTESIAN_POINT('',(-50.,-50.,23.));
#1611 = DIRECTION('',(0.,0.,1.));
#1612 = DIRECTION('',(1.,0.,0.));
#1613 = ADVANCED_FACE('',(#1614),#1632,.T.);
#1614 = FACE_BOUND('',#1615,.T.);
#1615 = EDGE_LOOP('',(#1616,#1624,#1625,#1626));
#1616 = ORIENTED_EDGE('',*,*,#1617,.F.);
#1617 = EDGE_CURVE('',#1539,#1618,#1620,.T.);
#1618 = VERTEX_POINT('',#1619);
#1619 = CARTESIAN_POINT('',(-1.6,14.32,16.1));
#1620 = LINE('',#1621,#1622);
#1621 = CARTESIAN_POINT('',(-1.6,8.82,16.1));
#1622 = VECTOR('',#1623,1.);
#1623 = DIRECTION('',(0.,1.,0.));
#1624 = ORIENTED_EDGE('',*,*,#1547,.T.);
#1625 = ORIENTED_EDGE('',*,*,#317,.F.);
#1626 = ORIENTED_EDGE('',*,*,#1627,.F.);
#1627 = EDGE_CURVE('',#1618,#309,#1628,.T.);
#1628 = LINE('',#1629,#1630);
#1629 = CARTESIAN_POINT('',(-3.5,14.32,16.1));
#1630 = VECTOR('',#1631,1.);
#1631 = DIRECTION('',(1.,0.,0.));
#1632 = PLANE('',#1633);
#1633 = AXIS2_PLACEMENT_3D('',#1634,#1635,#1636);
#1634 = CARTESIAN_POINT('',(-3.5,8.82,16.1));
#1635 = DIRECTION('',(0.,0.,1.));
#1636 = DIRECTION('',(1.,0.,0.));
#1637 = ADVANCED_FACE('',(#1638),#1650,.F.);
#1638 = FACE_BOUND('',#1639,.F.);
#1639 = EDGE_LOOP('',(#1640,#1641,#1648,#1649));
#1640 = ORIENTED_EDGE('',*,*,#1627,.F.);
#1641 = ORIENTED_EDGE('',*,*,#1642,.T.);
#1642 = EDGE_CURVE('',#1618,#1596,#1643,.T.);
#1643 = CIRCLE('',#1644,3.75);
#1644 = AXIS2_PLACEMENT_3D('',#1645,#1646,#1647);
#1645 = CARTESIAN_POINT('',(-1.6,14.32,19.85));
#1646 = DIRECTION('',(1.,0.,-0.));
#1647 = DIRECTION('',(0.,0.,1.));
#1648 = ORIENTED_EDGE('',*,*,#1595,.T.);
#1649 = ORIENTED_EDGE('',*,*,#308,.F.);
#1650 = CYLINDRICAL_SURFACE('',#1651,3.75);
#1651 = AXIS2_PLACEMENT_3D('',#1652,#1653,#1654);
#1652 = CARTESIAN_POINT('',(-3.5,14.32,19.85));
#1653 = DIRECTION('',(1.,0.,0.));
#1654 = DIRECTION('',(0.,0.,1.));
#1655 = ADVANCED_FACE('',(#1656),#1681,.F.);
#1656 = FACE_BOUND('',#1657,.F.);
#1657 = EDGE_LOOP('',(#1658,#1666,#1667,#1675));
#1658 = ORIENTED_EDGE('',*,*,#1659,.F.);
#1659 = EDGE_CURVE('',#328,#1660,#1662,.T.);
#1660 = VERTEX_POINT('',#1661);
#1661 = CARTESIAN_POINT('',(0.,7.2,15.2));
#1662 = LINE('',#1663,#1664);
#1663 = CARTESIAN_POINT('',(-0.5,7.2,15.2));
#1664 = VECTOR('',#1665,1.);
#1665 = DIRECTION('',(1.,0.,0.));
#1666 = ORIENTED_EDGE('',*,*,#325,.F.);
#1667 = ORIENTED_EDGE('',*,*,#1668,.T.);
#1668 = EDGE_CURVE('',#326,#1669,#1671,.T.);
#1669 = VERTEX_POINT('',#1670);
#1670 = CARTESIAN_POINT('',(0.,3.2,15.2));
#1671 = LINE('',#1672,#1673);
#1672 = CARTESIAN_POINT('',(-0.5,3.2,15.2));
#1673 = VECTOR('',#1674,1.);
#1674 = DIRECTION('',(1.,0.,0.));
#1675 = ORIENTED_EDGE('',*,*,#1676,.F.);
#1676 = EDGE_CURVE('',#1660,#1669,#1677,.T.);
#1677 = LINE('',#1678,#1679);
#1678 = CARTESIAN_POINT('',(0.,3.2,15.2));
#1679 = VECTOR('',#1680,1.);
#1680 = DIRECTION('',(0.,-1.,0.));
#1681 = PLANE('',#1682);
#1682 = AXIS2_PLACEMENT_3D('',#1683,#1684,#1685);
#1683 = CARTESIAN_POINT('',(-0.5,3.2,15.2));
#1684 = DIRECTION('',(0.,0.,1.));
#1685 = DIRECTION('',(1.,0.,0.));
#1686 = ADVANCED_FACE('',(#1687),#1745,.T.);
#1687 = FACE_BOUND('',#1688,.T.);
#1688 = EDGE_LOOP('',(#1689,#1699,#1707,#1715,#1723,#1729,#1730,#1731,
    #1739));
#1689 = ORIENTED_EDGE('',*,*,#1690,.F.);
#1690 = EDGE_CURVE('',#1691,#1693,#1695,.T.);
#1691 = VERTEX_POINT('',#1692);
#1692 = CARTESIAN_POINT('',(0.,7.2,7.8));
#1693 = VERTEX_POINT('',#1694);
#1694 = CARTESIAN_POINT('',(1.,7.2,7.8));
#1695 = LINE('',#1696,#1697);
#1696 = CARTESIAN_POINT('',(0.,7.2,7.8));
#1697 = VECTOR('',#1698,1.);
#1698 = DIRECTION('',(1.,0.,0.));
#1699 = ORIENTED_EDGE('',*,*,#1700,.F.);
#1700 = EDGE_CURVE('',#1701,#1691,#1703,.T.);
#1701 = VERTEX_POINT('',#1702);
#1702 = CARTESIAN_POINT('',(-1.,7.2,8.8));
#1703 = LINE('',#1704,#1705);
#1704 = CARTESIAN_POINT('',(-1.,7.2,8.8));
#1705 = VECTOR('',#1706,1.);
#1706 = DIRECTION('',(0.707106781187,0.,-0.707106781187));
#1707 = ORIENTED_EDGE('',*,*,#1708,.F.);
#1708 = EDGE_CURVE('',#1709,#1701,#1711,.T.);
#1709 = VERTEX_POINT('',#1710);
#1710 = CARTESIAN_POINT('',(-1.,7.2,9.8));
#1711 = LINE('',#1712,#1713);
#1712 = CARTESIAN_POINT('',(-1.,7.2,9.8));
#1713 = VECTOR('',#1714,1.);
#1714 = DIRECTION('',(0.,0.,-1.));
#1715 = ORIENTED_EDGE('',*,*,#1716,.F.);
#1716 = EDGE_CURVE('',#1717,#1709,#1719,.T.);
#1717 = VERTEX_POINT('',#1718);
#1718 = CARTESIAN_POINT('',(0.,7.2,9.8));
#1719 = LINE('',#1720,#1721);
#1720 = CARTESIAN_POINT('',(0.,7.2,9.8));
#1721 = VECTOR('',#1722,1.);
#1722 = DIRECTION('',(-1.,0.,0.));
#1723 = ORIENTED_EDGE('',*,*,#1724,.T.);
#1724 = EDGE_CURVE('',#1717,#1660,#1725,.T.);
#1725 = LINE('',#1726,#1727);
#1726 = CARTESIAN_POINT('',(0.,7.2,7.8));
#1727 = VECTOR('',#1728,1.);
#1728 = DIRECTION('',(0.,0.,1.));
#1729 = ORIENTED_EDGE('',*,*,#1659,.F.);
#1730 = ORIENTED_EDGE('',*,*,#351,.T.);
#1731 = ORIENTED_EDGE('',*,*,#1732,.T.);
#1732 = EDGE_CURVE('',#344,#1733,#1735,.T.);
#1733 = VERTEX_POINT('',#1734);
#1734 = CARTESIAN_POINT('',(1.,7.2,16.4));
#1735 = LINE('',#1736,#1737);
#1736 = CARTESIAN_POINT('',(-0.5,7.2,16.4));
#1737 = VECTOR('',#1738,1.);
#1738 = DIRECTION('',(1.,0.,0.));
#1739 = ORIENTED_EDGE('',*,*,#1740,.F.);
#1740 = EDGE_CURVE('',#1693,#1733,#1741,.T.);
#1741 = LINE('',#1742,#1743);
#1742 = CARTESIAN_POINT('',(1.,7.2,7.8));
#1743 = VECTOR('',#1744,1.);
#1744 = DIRECTION('',(0.,0.,1.));
#1745 = PLANE('',#1746);
#1746 = AXIS2_PLACEMENT_3D('',#1747,#1748,#1749);
#1747 = CARTESIAN_POINT('',(0.302712527566,7.2,12.091949208029));
#1748 = DIRECTION('',(0.,1.,0.));
#1749 = DIRECTION('',(0.,0.,1.));
#1750 = ADVANCED_FACE('',(#1751),#1769,.T.);
#1751 = FACE_BOUND('',#1752,.T.);
#1752 = EDGE_LOOP('',(#1753,#1754,#1755,#1763));
#1753 = ORIENTED_EDGE('',*,*,#1732,.F.);
#1754 = ORIENTED_EDGE('',*,*,#343,.F.);
#1755 = ORIENTED_EDGE('',*,*,#1756,.T.);
#1756 = EDGE_CURVE('',#336,#1757,#1759,.T.);
#1757 = VERTEX_POINT('',#1758);
#1758 = CARTESIAN_POINT('',(1.,3.2,16.4));
#1759 = LINE('',#1760,#1761);
#1760 = CARTESIAN_POINT('',(0.,3.2,16.4));
#1761 = VECTOR('',#1762,1.);
#1762 = DIRECTION('',(1.,0.,0.));
#1763 = ORIENTED_EDGE('',*,*,#1764,.T.);
#1764 = EDGE_CURVE('',#1757,#1733,#1765,.T.);
#1765 = LINE('',#1766,#1767);
#1766 = CARTESIAN_POINT('',(1.,3.2,16.4));
#1767 = VECTOR('',#1768,1.);
#1768 = DIRECTION('',(0.,1.,0.));
#1769 = PLANE('',#1770);
#1770 = AXIS2_PLACEMENT_3D('',#1771,#1772,#1773);
#1771 = CARTESIAN_POINT('',(0.25,5.2,16.4));
#1772 = DIRECTION('',(0.,0.,1.));
#1773 = DIRECTION('',(1.,0.,0.));
#1774 = ADVANCED_FACE('',(#1775),#1826,.T.);
#1775 = FACE_BOUND('',#1776,.T.);
#1776 = EDGE_LOOP('',(#1777,#1785,#1786,#1787,#1788,#1796,#1804,#1812,
    #1820));
#1777 = ORIENTED_EDGE('',*,*,#1778,.T.);
#1778 = EDGE_CURVE('',#1779,#1757,#1781,.T.);
#1779 = VERTEX_POINT('',#1780);
#1780 = CARTESIAN_POINT('',(1.,3.2,7.8));
#1781 = LINE('',#1782,#1783);
#1782 = CARTESIAN_POINT('',(1.,3.2,7.8));
#1783 = VECTOR('',#1784,1.);
#1784 = DIRECTION('',(0.,0.,1.));
#1785 = ORIENTED_EDGE('',*,*,#1756,.F.);
#1786 = ORIENTED_EDGE('',*,*,#335,.F.);
#1787 = ORIENTED_EDGE('',*,*,#1668,.T.);
#1788 = ORIENTED_EDGE('',*,*,#1789,.F.);
#1789 = EDGE_CURVE('',#1790,#1669,#1792,.T.);
#1790 = VERTEX_POINT('',#1791);
#1791 = CARTESIAN_POINT('',(0.,3.2,9.8));
#1792 = LINE('',#1793,#1794);
#1793 = CARTESIAN_POINT('',(0.,3.2,7.8));
#1794 = VECTOR('',#1795,1.);
#1795 = DIRECTION('',(0.,0.,1.));
#1796 = ORIENTED_EDGE('',*,*,#1797,.T.);
#1797 = EDGE_CURVE('',#1790,#1798,#1800,.T.);
#1798 = VERTEX_POINT('',#1799);
#1799 = CARTESIAN_POINT('',(-1.,3.2,9.8));
#1800 = LINE('',#1801,#1802);
#1801 = CARTESIAN_POINT('',(0.,3.2,9.8));
#1802 = VECTOR('',#1803,1.);
#1803 = DIRECTION('',(-1.,0.,0.));
#1804 = ORIENTED_EDGE('',*,*,#1805,.T.);
#1805 = EDGE_CURVE('',#1798,#1806,#1808,.T.);
#1806 = VERTEX_POINT('',#1807);
#1807 = CARTESIAN_POINT('',(-1.,3.2,8.8));
#1808 = LINE('',#1809,#1810);
#1809 = CARTESIAN_POINT('',(-1.,3.2,9.8));
#1810 = VECTOR('',#1811,1.);
#1811 = DIRECTION('',(0.,0.,-1.));
#1812 = ORIENTED_EDGE('',*,*,#1813,.T.);
#1813 = EDGE_CURVE('',#1806,#1814,#1816,.T.);
#1814 = VERTEX_POINT('',#1815);
#1815 = CARTESIAN_POINT('',(0.,3.2,7.8));
#1816 = LINE('',#1817,#1818);
#1817 = CARTESIAN_POINT('',(-1.,3.2,8.8));
#1818 = VECTOR('',#1819,1.);
#1819 = DIRECTION('',(0.707106781187,0.,-0.707106781187));
#1820 = ORIENTED_EDGE('',*,*,#1821,.T.);
#1821 = EDGE_CURVE('',#1814,#1779,#1822,.T.);
#1822 = LINE('',#1823,#1824);
#1823 = CARTESIAN_POINT('',(0.,3.2,7.8));
#1824 = VECTOR('',#1825,1.);
#1825 = DIRECTION('',(1.,0.,0.));
#1826 = PLANE('',#1827);
#1827 = AXIS2_PLACEMENT_3D('',#1828,#1829,#1830);
#1828 = CARTESIAN_POINT('',(0.302712527566,3.2,12.091949208029));
#1829 = DIRECTION('',(-0.,-1.,-0.));
#1830 = DIRECTION('',(0.,0.,-1.));
#1831 = ADVANCED_FACE('',(#1832),#1843,.T.);
#1832 = FACE_BOUND('',#1833,.T.);
#1833 = EDGE_LOOP('',(#1834,#1835,#1836,#1837));
#1834 = ORIENTED_EDGE('',*,*,#487,.T.);
#1835 = ORIENTED_EDGE('',*,*,#1297,.T.);
#1836 = ORIENTED_EDGE('',*,*,#608,.F.);
#1837 = ORIENTED_EDGE('',*,*,#1838,.T.);
#1838 = EDGE_CURVE('',#600,#488,#1839,.T.);
#1839 = LINE('',#1840,#1841);
#1840 = CARTESIAN_POINT('',(3.635,37.75,6.2));
#1841 = VECTOR('',#1842,1.);
#1842 = DIRECTION('',(-1.,0.,0.));
#1843 = PLANE('',#1844);
#1844 = AXIS2_PLACEMENT_3D('',#1845,#1846,#1847);
#1845 = CARTESIAN_POINT('',(-10.,37.75,5.55));
#1846 = DIRECTION('',(0.,1.,0.));
#1847 = DIRECTION('',(0.,0.,1.));
#1848 = ADVANCED_FACE('',(#1849),#1877,.F.);
#1849 = FACE_BOUND('',#1850,.F.);
#1850 = EDGE_LOOP('',(#1851,#1852,#1853,#1854,#1862,#1871));
#1851 = ORIENTED_EDGE('',*,*,#599,.T.);
#1852 = ORIENTED_EDGE('',*,*,#1838,.T.);
#1853 = ORIENTED_EDGE('',*,*,#495,.T.);
#1854 = ORIENTED_EDGE('',*,*,#1855,.F.);
#1855 = EDGE_CURVE('',#1856,#496,#1858,.T.);
#1856 = VERTEX_POINT('',#1857);
#1857 = CARTESIAN_POINT('',(14.781911670721,35.213754929601,6.2));
#1858 = LINE('',#1859,#1860);
#1859 = CARTESIAN_POINT('',(14.422913890394,38.697814464869,6.2));
#1860 = VECTOR('',#1861,1.);
#1861 = DIRECTION('',(-0.102497398,0.994733272492,0.));
#1862 = ORIENTED_EDGE('',*,*,#1863,.F.);
#1863 = EDGE_CURVE('',#1864,#1856,#1866,.T.);
#1864 = VERTEX_POINT('',#1865);
#1865 = CARTESIAN_POINT('',(19.72,35.467493718553,6.2));
#1866 = CIRCLE('',#1867,2.5);
#1867 = AXIS2_PLACEMENT_3D('',#1868,#1869,#1870);
#1868 = CARTESIAN_POINT('',(17.27,34.97,6.2));
#1869 = DIRECTION('',(0.,0.,1.));
#1870 = DIRECTION('',(1.,0.,0.));
#1871 = ORIENTED_EDGE('',*,*,#1872,.F.);
#1872 = EDGE_CURVE('',#592,#1864,#1873,.T.);
#1873 = LINE('',#1874,#1875);
#1874 = CARTESIAN_POINT('',(19.72,30.97,6.2));
#1875 = VECTOR('',#1876,1.);
#1876 = DIRECTION('',(0.,-1.,0.));
#1877 = PLANE('',#1878);
#1878 = AXIS2_PLACEMENT_3D('',#1879,#1880,#1881);
#1879 = CARTESIAN_POINT('',(17.27,34.97,6.2));
#1880 = DIRECTION('',(0.,0.,1.));
#1881 = DIRECTION('',(1.,0.,0.));
#1882 = ADVANCED_FACE('',(#1883),#1917,.F.);
#1883 = FACE_BOUND('',#1884,.F.);
#1884 = EDGE_LOOP('',(#1885,#1886,#1887,#1895,#1903,#1911));
#1885 = ORIENTED_EDGE('',*,*,#1855,.T.);
#1886 = ORIENTED_EDGE('',*,*,#504,.T.);
#1887 = ORIENTED_EDGE('',*,*,#1888,.T.);
#1888 = EDGE_CURVE('',#505,#1889,#1891,.T.);
#1889 = VERTEX_POINT('',#1890);
#1890 = CARTESIAN_POINT('',(14.87949543771,34.266708255503,8.1));
#1891 = LINE('',#1892,#1893);
#1892 = CARTESIAN_POINT('',(14.012924298395,42.676747554839,8.1));
#1893 = VECTOR('',#1894,1.);
#1894 = DIRECTION('',(0.102497398,-0.994733272492,0.));
#1895 = ORIENTED_EDGE('',*,*,#1896,.F.);
#1896 = EDGE_CURVE('',#1897,#1889,#1899,.T.);
#1897 = VERTEX_POINT('',#1898);
#1898 = CARTESIAN_POINT('',(14.87949543771,34.266708255503,5.6));
#1899 = LINE('',#1900,#1901);
#1900 = CARTESIAN_POINT('',(14.87949543771,34.266708255503,8.1));
#1901 = VECTOR('',#1902,1.);
#1902 = DIRECTION('',(0.,0.,1.));
#1903 = ORIENTED_EDGE('',*,*,#1904,.T.);
#1904 = EDGE_CURVE('',#1897,#1905,#1907,.T.);
#1905 = VERTEX_POINT('',#1906);
#1906 = CARTESIAN_POINT('',(14.781911670721,35.213754929601,5.6));
#1907 = LINE('',#1908,#1909);
#1908 = CARTESIAN_POINT('',(14.422913890394,38.697814464869,5.6));
#1909 = VECTOR('',#1910,1.);
#1910 = DIRECTION('',(-0.102497398,0.994733272492,0.));
#1911 = ORIENTED_EDGE('',*,*,#1912,.T.);
#1912 = EDGE_CURVE('',#1905,#1856,#1913,.T.);
#1913 = LINE('',#1914,#1915);
#1914 = CARTESIAN_POINT('',(14.781911670721,35.213754929601,5.6));
#1915 = VECTOR('',#1916,1.);
#1916 = DIRECTION('',(0.,0.,1.));
#1917 = PLANE('',#1918);
#1918 = AXIS2_PLACEMENT_3D('',#1919,#1920,#1921);
#1919 = CARTESIAN_POINT('',(14.012924298395,42.676747554839,8.1));
#1920 = DIRECTION('',(0.994733272492,0.102497398,0.));
#1921 = DIRECTION('',(0.,0.,-1.));
#1922 = ADVANCED_FACE('',(#1923),#1933,.F.);
#1923 = FACE_BOUND('',#1924,.F.);
#1924 = EDGE_LOOP('',(#1925,#1926,#1927));
#1925 = ORIENTED_EDGE('',*,*,#1888,.F.);
#1926 = ORIENTED_EDGE('',*,*,#512,.T.);
#1927 = ORIENTED_EDGE('',*,*,#1928,.F.);
#1928 = EDGE_CURVE('',#1889,#513,#1929,.T.);
#1929 = LINE('',#1930,#1931);
#1930 = CARTESIAN_POINT('',(14.056659267972,34.024628029271,
    8.943315109144));
#1931 = VECTOR('',#1932,1.);
#1932 = DIRECTION('',(-0.684073449061,-0.201255926026,0.701098829359));
#1933 = PLANE('',#1934);
#1934 = AXIS2_PLACEMENT_3D('',#1935,#1936,#1937);
#1935 = CARTESIAN_POINT('',(13.117664353152,42.584499896639,9.));
#1936 = DIRECTION('',(0.703382642451,7.247660517969E-02,0.707106781187)
  );
#1937 = DIRECTION('',(0.703382642452,7.247660517975E-02,-0.707106781186)
  );
#1938 = ADVANCED_FACE('',(#1939),#1957,.F.);
#1939 = FACE_BOUND('',#1940,.F.);
#1940 = EDGE_LOOP('',(#1941,#1949,#1950,#1951));
#1941 = ORIENTED_EDGE('',*,*,#1942,.F.);
#1942 = EDGE_CURVE('',#1889,#1943,#1945,.T.);
#1943 = VERTEX_POINT('',#1944);
#1944 = CARTESIAN_POINT('',(15.33599494565,33.367093151437,8.1));
#1945 = LINE('',#1946,#1947);
#1946 = CARTESIAN_POINT('',(11.465092539772,40.995408648232,8.1));
#1947 = VECTOR('',#1948,1.);
#1948 = DIRECTION('',(0.452512531605,-0.891758043833,0.));
#1949 = ORIENTED_EDGE('',*,*,#1928,.T.);
#1950 = ORIENTED_EDGE('',*,*,#521,.T.);
#1951 = ORIENTED_EDGE('',*,*,#1952,.F.);
#1952 = EDGE_CURVE('',#1943,#522,#1953,.T.);
#1953 = LINE('',#1954,#1955);
#1954 = CARTESIAN_POINT('',(14.691522613024,32.832953329335,
    8.916418349777));
#1955 = VECTOR('',#1956,1.);
#1956 = DIRECTION('',(-0.551175649263,-0.456815364044,0.698229995655));
#1957 = PLANE('',#1958);
#1958 = AXIS2_PLACEMENT_3D('',#1959,#1960,#1961);
#1959 = CARTESIAN_POINT('',(10.662510300322,40.588147369788,9.));
#1960 = DIRECTION('',(0.630568159972,0.31997467967,0.707106781187));
#1961 = DIRECTION('',(0.630568159972,0.31997467967,-0.707106781186));
#1962 = ADVANCED_FACE('',(#1963),#1981,.F.);
#1963 = FACE_BOUND('',#1964,.F.);
#1964 = EDGE_LOOP('',(#1965,#1973,#1974,#1975));
#1965 = ORIENTED_EDGE('',*,*,#1966,.F.);
#1966 = EDGE_CURVE('',#1943,#1967,#1969,.T.);
#1967 = VERTEX_POINT('',#1968);
#1968 = CARTESIAN_POINT('',(16.435928108889,32.52,8.1));
#1969 = LINE('',#1970,#1971);
#1970 = CARTESIAN_POINT('',(9.436878516376,37.910188399198,8.1));
#1971 = VECTOR('',#1972,1.);
#1972 = DIRECTION('',(0.792278994192,-0.610158991871,0.));
#1973 = ORIENTED_EDGE('',*,*,#1952,.T.);
#1974 = ORIENTED_EDGE('',*,*,#530,.T.);
#1975 = ORIENTED_EDGE('',*,*,#1976,.T.);
#1976 = EDGE_CURVE('',#531,#1967,#1977,.T.);
#1977 = LINE('',#1978,#1979);
#1978 = CARTESIAN_POINT('',(16.192003035168,31.803495299402,
    8.816504700598));
#1979 = VECTOR('',#1980,1.);
#1980 = DIRECTION('',(0.234039988548,0.687468284272,-0.687468284272));
#1981 = PLANE('',#1982);
#1982 = AXIS2_PLACEMENT_3D('',#1983,#1984,#1985);
#1983 = CARTESIAN_POINT('',(8.887735423691,37.197137304425,9.));
#1984 = DIRECTION('',(0.431447560754,0.560225849385,0.707106781187));
#1985 = DIRECTION('',(0.431447560754,0.560225849385,-0.707106781186));
#1986 = ADVANCED_FACE('',(#1987),#1997,.F.);
#1987 = FACE_BOUND('',#1988,.F.);
#1988 = EDGE_LOOP('',(#1989,#1995,#1996));
#1989 = ORIENTED_EDGE('',*,*,#1990,.F.);
#1990 = EDGE_CURVE('',#1967,#540,#1991,.T.);
#1991 = LINE('',#1992,#1993);
#1992 = CARTESIAN_POINT('',(9.27,32.52,8.1));
#1993 = VECTOR('',#1994,1.);
#1994 = DIRECTION('',(1.,0.,0.));
#1995 = ORIENTED_EDGE('',*,*,#1976,.F.);
#1996 = ORIENTED_EDGE('',*,*,#539,.T.);
#1997 = PLANE('',#1998);
#1998 = AXIS2_PLACEMENT_3D('',#1999,#2000,#2001);
#1999 = CARTESIAN_POINT('',(9.27,31.62,9.));
#2000 = DIRECTION('',(0.,0.707106781187,0.707106781187));
#2001 = DIRECTION('',(0.,0.707106781187,-0.707106781187));
#2002 = ADVANCED_FACE('',(#2003),#2053,.F.);
#2003 = FACE_BOUND('',#2004,.F.);
#2004 = EDGE_LOOP('',(#2005,#2015,#2021,#2022,#2023,#2031,#2039,#2047));
#2005 = ORIENTED_EDGE('',*,*,#2006,.T.);
#2006 = EDGE_CURVE('',#2007,#2009,#2011,.T.);
#2007 = VERTEX_POINT('',#2008);
#2008 = CARTESIAN_POINT('',(16.772506281447,32.52,6.2));
#2009 = VERTEX_POINT('',#2010);
#2010 = CARTESIAN_POINT('',(16.435928108889,32.52,6.2));
#2011 = LINE('',#2012,#2013);
#2012 = CARTESIAN_POINT('',(13.27,32.52,6.2));
#2013 = VECTOR('',#2014,1.);
#2014 = DIRECTION('',(-1.,-1.1E-16,0.));
#2015 = ORIENTED_EDGE('',*,*,#2016,.F.);
#2016 = EDGE_CURVE('',#1967,#2009,#2017,.T.);
#2017 = LINE('',#2018,#2019);
#2018 = CARTESIAN_POINT('',(16.435928108889,32.52,8.1));
#2019 = VECTOR('',#2020,1.);
#2020 = DIRECTION('',(0.,0.,-1.));
#2021 = ORIENTED_EDGE('',*,*,#1990,.T.);
#2022 = ORIENTED_EDGE('',*,*,#548,.F.);
#2023 = ORIENTED_EDGE('',*,*,#2024,.T.);
#2024 = EDGE_CURVE('',#549,#2025,#2027,.T.);
#2025 = VERTEX_POINT('',#2026);
#2026 = CARTESIAN_POINT('',(17.767493718553,32.52,6.2));
#2027 = LINE('',#2028,#2029);
#2028 = CARTESIAN_POINT('',(13.27,32.52,6.2));
#2029 = VECTOR('',#2030,1.);
#2030 = DIRECTION('',(-1.,-1.1E-16,0.));
#2031 = ORIENTED_EDGE('',*,*,#2032,.F.);
#2032 = EDGE_CURVE('',#2033,#2025,#2035,.T.);
#2033 = VERTEX_POINT('',#2034);
#2034 = CARTESIAN_POINT('',(17.767493718553,32.52,5.6));
#2035 = LINE('',#2036,#2037);
#2036 = CARTESIAN_POINT('',(17.767493718553,32.52,5.6));
#2037 = VECTOR('',#2038,1.);
#2038 = DIRECTION('',(0.,0.,1.));
#2039 = ORIENTED_EDGE('',*,*,#2040,.T.);
#2040 = EDGE_CURVE('',#2033,#2041,#2043,.T.);
#2041 = VERTEX_POINT('',#2042);
#2042 = CARTESIAN_POINT('',(16.772506281447,32.52,5.6));
#2043 = LINE('',#2044,#2045);
#2044 = CARTESIAN_POINT('',(13.27,32.52,5.6));
#2045 = VECTOR('',#2046,1.);
#2046 = DIRECTION('',(-1.,-1.1E-16,0.));
#2047 = ORIENTED_EDGE('',*,*,#2048,.T.);
#2048 = EDGE_CURVE('',#2041,#2007,#2049,.T.);
#2049 = LINE('',#2050,#2051);
#2050 = CARTESIAN_POINT('',(16.772506281447,32.52,5.6));
#2051 = VECTOR('',#2052,1.);
#2052 = DIRECTION('',(0.,0.,1.));
#2053 = PLANE('',#2054);
#2054 = AXIS2_PLACEMENT_3D('',#2055,#2056,#2057);
#2055 = CARTESIAN_POINT('',(9.27,32.52,8.1));
#2056 = DIRECTION('',(0.,1.,0.));
#2057 = DIRECTION('',(0.,0.,-1.));
#2058 = ADVANCED_FACE('',(#2059),#2078,.F.);
#2059 = FACE_BOUND('',#2060,.F.);
#2060 = EDGE_LOOP('',(#2061,#2062,#2063,#2071));
#2061 = ORIENTED_EDGE('',*,*,#2024,.F.);
#2062 = ORIENTED_EDGE('',*,*,#556,.T.);
#2063 = ORIENTED_EDGE('',*,*,#2064,.F.);
#2064 = EDGE_CURVE('',#2065,#557,#2067,.T.);
#2065 = VERTEX_POINT('',#2066);
#2066 = CARTESIAN_POINT('',(19.72,34.472506281447,6.2));
#2067 = LINE('',#2068,#2069);
#2068 = CARTESIAN_POINT('',(19.72,30.97,6.2));
#2069 = VECTOR('',#2070,1.);
#2070 = DIRECTION('',(0.,-1.,0.));
#2071 = ORIENTED_EDGE('',*,*,#2072,.F.);
#2072 = EDGE_CURVE('',#2025,#2065,#2073,.T.);
#2073 = CIRCLE('',#2074,2.5);
#2074 = AXIS2_PLACEMENT_3D('',#2075,#2076,#2077);
#2075 = CARTESIAN_POINT('',(17.27,34.97,6.2));
#2076 = DIRECTION('',(0.,0.,1.));
#2077 = DIRECTION('',(1.,0.,0.));
#2078 = PLANE('',#2079);
#2079 = AXIS2_PLACEMENT_3D('',#2080,#2081,#2082);
#2080 = CARTESIAN_POINT('',(17.27,34.97,6.2));
#2081 = DIRECTION('',(0.,0.,1.));
#2082 = DIRECTION('',(1.,0.,0.));
#2083 = ADVANCED_FACE('',(#2084),#2118,.F.);
#2084 = FACE_BOUND('',#2085,.F.);
#2085 = EDGE_LOOP('',(#2086,#2087,#2093,#2094,#2095,#2103,#2111,#2117));
#2086 = ORIENTED_EDGE('',*,*,#565,.T.);
#2087 = ORIENTED_EDGE('',*,*,#2088,.T.);
#2088 = EDGE_CURVE('',#566,#583,#2089,.T.);
#2089 = LINE('',#2090,#2091);
#2090 = CARTESIAN_POINT('',(19.72,26.97,8.1));
#2091 = VECTOR('',#2092,1.);
#2092 = DIRECTION('',(0.,1.,0.));
#2093 = ORIENTED_EDGE('',*,*,#591,.F.);
#2094 = ORIENTED_EDGE('',*,*,#1872,.T.);
#2095 = ORIENTED_EDGE('',*,*,#2096,.F.);
#2096 = EDGE_CURVE('',#2097,#1864,#2099,.T.);
#2097 = VERTEX_POINT('',#2098);
#2098 = CARTESIAN_POINT('',(19.72,35.467493718553,5.6));
#2099 = LINE('',#2100,#2101);
#2100 = CARTESIAN_POINT('',(19.72,35.467493718553,5.6));
#2101 = VECTOR('',#2102,1.);
#2102 = DIRECTION('',(0.,0.,1.));
#2103 = ORIENTED_EDGE('',*,*,#2104,.T.);
#2104 = EDGE_CURVE('',#2097,#2105,#2107,.T.);
#2105 = VERTEX_POINT('',#2106);
#2106 = CARTESIAN_POINT('',(19.72,34.472506281447,5.6));
#2107 = LINE('',#2108,#2109);
#2108 = CARTESIAN_POINT('',(19.72,30.97,5.6));
#2109 = VECTOR('',#2110,1.);
#2110 = DIRECTION('',(0.,-1.,0.));
#2111 = ORIENTED_EDGE('',*,*,#2112,.T.);
#2112 = EDGE_CURVE('',#2105,#2065,#2113,.T.);
#2113 = LINE('',#2114,#2115);
#2114 = CARTESIAN_POINT('',(19.72,34.472506281447,5.6));
#2115 = VECTOR('',#2116,1.);
#2116 = DIRECTION('',(0.,0.,1.));
#2117 = ORIENTED_EDGE('',*,*,#2064,.T.);
#2118 = PLANE('',#2119);
#2119 = AXIS2_PLACEMENT_3D('',#2120,#2121,#2122);
#2120 = CARTESIAN_POINT('',(19.72,26.97,8.1));
#2121 = DIRECTION('',(-1.,0.,0.));
#2122 = DIRECTION('',(0.,0.,-1.));
#2123 = ADVANCED_FACE('',(#2124),#2129,.F.);
#2124 = FACE_BOUND('',#2125,.F.);
#2125 = EDGE_LOOP('',(#2126,#2127,#2128));
#2126 = ORIENTED_EDGE('',*,*,#2088,.F.);
#2127 = ORIENTED_EDGE('',*,*,#573,.T.);
#2128 = ORIENTED_EDGE('',*,*,#582,.T.);
#2129 = PLANE('',#2130);
#2130 = AXIS2_PLACEMENT_3D('',#2131,#2132,#2133);
#2131 = CARTESIAN_POINT('',(20.62,26.97,9.));
#2132 = DIRECTION('',(-0.707106781187,0.,0.707106781187));
#2133 = DIRECTION('',(-0.707106781187,0.,-0.707106781187));
#2134 = ADVANCED_FACE('',(#2135),#2161,.T.);
#2135 = FACE_BOUND('',#2136,.T.);
#2136 = EDGE_LOOP('',(#2137,#2145,#2153,#2159,#2160));
#2137 = ORIENTED_EDGE('',*,*,#2138,.T.);
#2138 = EDGE_CURVE('',#1278,#2139,#2141,.T.);
#2139 = VERTEX_POINT('',#2140);
#2140 = CARTESIAN_POINT('',(65.426741403204,37.75,11.96));
#2141 = LINE('',#2142,#2143);
#2142 = CARTESIAN_POINT('',(-10.,37.75,11.96));
#2143 = VECTOR('',#2144,1.);
#2144 = DIRECTION('',(1.,0.,0.));
#2145 = ORIENTED_EDGE('',*,*,#2146,.F.);
#2146 = EDGE_CURVE('',#2147,#2139,#2149,.T.);
#2147 = VERTEX_POINT('',#2148);
#2148 = CARTESIAN_POINT('',(65.426741403204,37.75,6.2));
#2149 = LINE('',#2150,#2151);
#2150 = CARTESIAN_POINT('',(65.426741403204,37.75,6.2));
#2151 = VECTOR('',#2152,1.);
#2152 = DIRECTION('',(0.,0.,1.));
#2153 = ORIENTED_EDGE('',*,*,#2154,.T.);
#2154 = EDGE_CURVE('',#2147,#723,#2155,.T.);
#2155 = LINE('',#2156,#2157);
#2156 = CARTESIAN_POINT('',(26.97,37.75,6.2));
#2157 = VECTOR('',#2158,1.);
#2158 = DIRECTION('',(-1.,0.,0.));
#2159 = ORIENTED_EDGE('',*,*,#722,.T.);
#2160 = ORIENTED_EDGE('',*,*,#1286,.T.);
#2161 = PLANE('',#2162);
#2162 = AXIS2_PLACEMENT_3D('',#2163,#2164,#2165);
#2163 = CARTESIAN_POINT('',(-10.,37.75,5.55));
#2164 = DIRECTION('',(0.,1.,0.));
#2165 = DIRECTION('',(0.,0.,1.));
#2166 = ADVANCED_FACE('',(#2167,#2186),#2197,.F.);
#2167 = FACE_BOUND('',#2168,.F.);
#2168 = EDGE_LOOP('',(#2169,#2170,#2178,#2185));
#2169 = ORIENTED_EDGE('',*,*,#730,.T.);
#2170 = ORIENTED_EDGE('',*,*,#2171,.T.);
#2171 = EDGE_CURVE('',#731,#2172,#2174,.T.);
#2172 = VERTEX_POINT('',#2173);
#2173 = CARTESIAN_POINT('',(66.855,36.297106467872,6.2));
#2174 = LINE('',#2175,#2176);
#2175 = CARTESIAN_POINT('',(66.855,12.43,6.2));
#2176 = VECTOR('',#2177,1.);
#2177 = DIRECTION('',(0.,1.,0.));
#2178 = ORIENTED_EDGE('',*,*,#2179,.T.);
#2179 = EDGE_CURVE('',#2172,#2147,#2180,.T.);
#2180 = CIRCLE('',#2181,3.25);
#2181 = AXIS2_PLACEMENT_3D('',#2182,#2183,#2184);
#2182 = CARTESIAN_POINT('',(63.94,34.86,6.2));
#2183 = DIRECTION('',(0.,0.,1.));
#2184 = DIRECTION('',(1.,0.,0.));
#2185 = ORIENTED_EDGE('',*,*,#2154,.T.);
#2186 = FACE_BOUND('',#2187,.F.);
#2187 = EDGE_LOOP('',(#2188));
#2188 = ORIENTED_EDGE('',*,*,#2189,.F.);
#2189 = EDGE_CURVE('',#2190,#2190,#2192,.T.);
#2190 = VERTEX_POINT('',#2191);
#2191 = CARTESIAN_POINT('',(66.44,34.86,6.2));
#2192 = CIRCLE('',#2193,2.5);
#2193 = AXIS2_PLACEMENT_3D('',#2194,#2195,#2196);
#2194 = CARTESIAN_POINT('',(63.94,34.86,6.2));
#2195 = DIRECTION('',(0.,0.,1.));
#2196 = DIRECTION('',(1.,0.,0.));
#2197 = PLANE('',#2198);
#2198 = AXIS2_PLACEMENT_3D('',#2199,#2200,#2201);
#2199 = CARTESIAN_POINT('',(63.94,34.86,6.2));
#2200 = DIRECTION('',(0.,0.,1.));
#2201 = DIRECTION('',(1.,0.,0.));
#2202 = ADVANCED_FACE('',(#2203),#2222,.T.);
#2203 = FACE_BOUND('',#2204,.T.);
#2204 = EDGE_LOOP('',(#2205,#2213,#2219,#2220,#2221));
#2205 = ORIENTED_EDGE('',*,*,#2206,.T.);
#2206 = EDGE_CURVE('',#2172,#2207,#2209,.T.);
#2207 = VERTEX_POINT('',#2208);
#2208 = CARTESIAN_POINT('',(66.855,36.297106467872,11.96));
#2209 = LINE('',#2210,#2211);
#2210 = CARTESIAN_POINT('',(66.855,36.297106467872,6.2));
#2211 = VECTOR('',#2212,1.);
#2212 = DIRECTION('',(0.,0.,1.));
#2213 = ORIENTED_EDGE('',*,*,#2214,.F.);
#2214 = EDGE_CURVE('',#1424,#2207,#2215,.T.);
#2215 = LINE('',#2216,#2217);
#2216 = CARTESIAN_POINT('',(66.855,-10.,11.96));
#2217 = VECTOR('',#2218,1.);
#2218 = DIRECTION('',(0.,1.,0.));
#2219 = ORIENTED_EDGE('',*,*,#1423,.F.);
#2220 = ORIENTED_EDGE('',*,*,#739,.F.);
#2221 = ORIENTED_EDGE('',*,*,#2171,.T.);
#2222 = PLANE('',#2223);
#2223 = AXIS2_PLACEMENT_3D('',#2224,#2225,#2226);
#2224 = CARTESIAN_POINT('',(66.855,-10.,5.55));
#2225 = DIRECTION('',(1.,0.,0.));
#2226 = DIRECTION('',(0.,0.,1.));
#2227 = ADVANCED_FACE('',(#2228),#2257,.F.);
#2228 = FACE_BOUND('',#2229,.F.);
#2229 = EDGE_LOOP('',(#2230,#2238,#2247,#2254,#2255,#2256));
#2230 = ORIENTED_EDGE('',*,*,#2231,.T.);
#2231 = EDGE_CURVE('',#814,#2232,#2234,.T.);
#2232 = VERTEX_POINT('',#2233);
#2233 = CARTESIAN_POINT('',(68.35,23.78,11.96));
#2234 = LINE('',#2235,#2236);
#2235 = CARTESIAN_POINT('',(66.15,23.78,11.96));
#2236 = VECTOR('',#2237,1.);
#2237 = DIRECTION('',(1.,0.,0.));
#2238 = ORIENTED_EDGE('',*,*,#2239,.F.);
#2239 = EDGE_CURVE('',#2240,#2232,#2242,.T.);
#2240 = VERTEX_POINT('',#2241);
#2241 = CARTESIAN_POINT('',(68.35,27.38,15.56));
#2242 = CIRCLE('',#2243,3.6);
#2243 = AXIS2_PLACEMENT_3D('',#2244,#2245,#2246);
#2244 = CARTESIAN_POINT('',(68.35,27.38,11.96));
#2245 = DIRECTION('',(1.,0.,-0.));
#2246 = DIRECTION('',(0.,0.,1.));
#2247 = ORIENTED_EDGE('',*,*,#2248,.F.);
#2248 = EDGE_CURVE('',#1407,#2240,#2249,.T.);
#2249 = CIRCLE('',#2250,3.6);
#2250 = AXIS2_PLACEMENT_3D('',#2251,#2252,#2253);
#2251 = CARTESIAN_POINT('',(68.35,27.38,11.96));
#2252 = DIRECTION('',(1.,0.,-0.));
#2253 = DIRECTION('',(0.,0.,1.));
#2254 = ORIENTED_EDGE('',*,*,#1414,.F.);
#2255 = ORIENTED_EDGE('',*,*,#804,.T.);
#2256 = ORIENTED_EDGE('',*,*,#813,.T.);
#2257 = CYLINDRICAL_SURFACE('',#2258,3.6);
#2258 = AXIS2_PLACEMENT_3D('',#2259,#2260,#2261);
#2259 = CARTESIAN_POINT('',(66.15,27.38,11.96));
#2260 = DIRECTION('',(1.,0.,0.));
#2261 = DIRECTION('',(0.,0.,1.));
#2262 = ADVANCED_FACE('',(#2263),#2313,.T.);
#2263 = FACE_BOUND('',#2264,.T.);
#2264 = EDGE_LOOP('',(#2265,#2266,#2274,#2282,#2290,#2298,#2306,#2312));
#2265 = ORIENTED_EDGE('',*,*,#2231,.T.);
#2266 = ORIENTED_EDGE('',*,*,#2267,.F.);
#2267 = EDGE_CURVE('',#2268,#2232,#2270,.T.);
#2268 = VERTEX_POINT('',#2269);
#2269 = CARTESIAN_POINT('',(68.35,21.38,11.96));
#2270 = LINE('',#2271,#2272);
#2271 = CARTESIAN_POINT('',(68.35,16.19,11.96));
#2272 = VECTOR('',#2273,1.);
#2273 = DIRECTION('',(0.,1.,0.));
#2274 = ORIENTED_EDGE('',*,*,#2275,.T.);
#2275 = EDGE_CURVE('',#2268,#2276,#2278,.T.);
#2276 = VERTEX_POINT('',#2277);
#2277 = CARTESIAN_POINT('',(69.55,21.38,11.96));
#2278 = LINE('',#2279,#2280);
#2279 = CARTESIAN_POINT('',(68.35,21.38,11.96));
#2280 = VECTOR('',#2281,1.);
#2281 = DIRECTION('',(1.,0.,0.));
#2282 = ORIENTED_EDGE('',*,*,#2283,.F.);
#2283 = EDGE_CURVE('',#2284,#2276,#2286,.T.);
#2284 = VERTEX_POINT('',#2285);
#2285 = CARTESIAN_POINT('',(69.55,16.73,11.96));
#2286 = LINE('',#2287,#2288);
#2287 = CARTESIAN_POINT('',(69.55,5.,11.96));
#2288 = VECTOR('',#2289,1.);
#2289 = DIRECTION('',(0.,1.,0.));
#2290 = ORIENTED_EDGE('',*,*,#2291,.F.);
#2291 = EDGE_CURVE('',#2292,#2284,#2294,.T.);
#2292 = VERTEX_POINT('',#2293);
#2293 = CARTESIAN_POINT('',(68.35,16.73,11.96));
#2294 = LINE('',#2295,#2296);
#2295 = CARTESIAN_POINT('',(68.35,16.73,11.96));
#2296 = VECTOR('',#2297,1.);
#2297 = DIRECTION('',(1.,0.,0.));
#2298 = ORIENTED_EDGE('',*,*,#2299,.F.);
#2299 = EDGE_CURVE('',#2300,#2292,#2302,.T.);
#2300 = VERTEX_POINT('',#2301);
#2301 = CARTESIAN_POINT('',(68.35,14.33,11.96));
#2302 = LINE('',#2303,#2304);
#2303 = CARTESIAN_POINT('',(68.35,7.865,11.96));
#2304 = VECTOR('',#2305,1.);
#2305 = DIRECTION('',(0.,1.,0.));
#2306 = ORIENTED_EDGE('',*,*,#2307,.F.);
#2307 = EDGE_CURVE('',#823,#2300,#2308,.T.);
#2308 = LINE('',#2309,#2310);
#2309 = CARTESIAN_POINT('',(67.,14.33,11.96));
#2310 = VECTOR('',#2311,1.);
#2311 = DIRECTION('',(1.,0.,0.));
#2312 = ORIENTED_EDGE('',*,*,#822,.F.);
#2313 = PLANE('',#2314);
#2314 = AXIS2_PLACEMENT_3D('',#2315,#2316,#2317);
#2315 = CARTESIAN_POINT('',(68.106962025316,19.055,11.96));
#2316 = DIRECTION('',(-0.,-0.,-1.));
#2317 = DIRECTION('',(-1.,0.,0.));
#2318 = ADVANCED_FACE('',(#2319),#2341,.F.);
#2319 = FACE_BOUND('',#2320,.F.);
#2320 = EDGE_LOOP('',(#2321,#2330,#2337,#2338,#2339,#2340));
#2321 = ORIENTED_EDGE('',*,*,#2322,.F.);
#2322 = EDGE_CURVE('',#2323,#1176,#2325,.T.);
#2323 = VERTEX_POINT('',#2324);
#2324 = CARTESIAN_POINT('',(68.35,10.73,15.56));
#2325 = CIRCLE('',#2326,3.6);
#2326 = AXIS2_PLACEMENT_3D('',#2327,#2328,#2329);
#2327 = CARTESIAN_POINT('',(68.35,10.73,11.96));
#2328 = DIRECTION('',(1.,0.,-0.));
#2329 = DIRECTION('',(0.,0.,1.));
#2330 = ORIENTED_EDGE('',*,*,#2331,.F.);
#2331 = EDGE_CURVE('',#2300,#2323,#2332,.T.);
#2332 = CIRCLE('',#2333,3.6);
#2333 = AXIS2_PLACEMENT_3D('',#2334,#2335,#2336);
#2334 = CARTESIAN_POINT('',(68.35,10.73,11.96));
#2335 = DIRECTION('',(1.,0.,-0.));
#2336 = DIRECTION('',(0.,0.,1.));
#2337 = ORIENTED_EDGE('',*,*,#2307,.F.);
#2338 = ORIENTED_EDGE('',*,*,#830,.T.);
#2339 = ORIENTED_EDGE('',*,*,#839,.T.);
#2340 = ORIENTED_EDGE('',*,*,#1175,.T.);
#2341 = CYLINDRICAL_SURFACE('',#2342,3.6);
#2342 = AXIS2_PLACEMENT_3D('',#2343,#2344,#2345);
#2343 = CARTESIAN_POINT('',(66.15,10.73,11.96));
#2344 = DIRECTION('',(1.,0.,0.));
#2345 = DIRECTION('',(0.,0.,1.));
#2346 = ADVANCED_FACE('',(#2347),#2373,.T.);
#2347 = FACE_BOUND('',#2348,.T.);
#2348 = EDGE_LOOP('',(#2349,#2357,#2365,#2371,#2372));
#2349 = ORIENTED_EDGE('',*,*,#2350,.F.);
#2350 = EDGE_CURVE('',#2351,#1158,#2353,.T.);
#2351 = VERTEX_POINT('',#2352);
#2352 = CARTESIAN_POINT('',(66.855,1.165635310625,11.96));
#2353 = LINE('',#2354,#2355);
#2354 = CARTESIAN_POINT('',(66.855,-10.,11.96));
#2355 = VECTOR('',#2356,1.);
#2356 = DIRECTION('',(0.,1.,0.));
#2357 = ORIENTED_EDGE('',*,*,#2358,.F.);
#2358 = EDGE_CURVE('',#2359,#2351,#2361,.T.);
#2359 = VERTEX_POINT('',#2360);
#2360 = CARTESIAN_POINT('',(66.855,1.165635310625,6.2));
#2361 = LINE('',#2362,#2363);
#2362 = CARTESIAN_POINT('',(66.855,1.165635310625,6.2));
#2363 = VECTOR('',#2364,1.);
#2364 = DIRECTION('',(0.,0.,1.));
#2365 = ORIENTED_EDGE('',*,*,#2366,.T.);
#2366 = EDGE_CURVE('',#2359,#906,#2367,.T.);
#2367 = LINE('',#2368,#2369);
#2368 = CARTESIAN_POINT('',(66.855,-3.65,6.2));
#2369 = VECTOR('',#2370,1.);
#2370 = DIRECTION('',(0.,1.,0.));
#2371 = ORIENTED_EDGE('',*,*,#905,.T.);
#2372 = ORIENTED_EDGE('',*,*,#1166,.F.);
#2373 = PLANE('',#2374);
#2374 = AXIS2_PLACEMENT_3D('',#2375,#2376,#2377);
#2375 = CARTESIAN_POINT('',(66.855,-10.,5.55));
#2376 = DIRECTION('',(1.,0.,0.));
#2377 = DIRECTION('',(0.,0.,1.));
#2378 = ADVANCED_FACE('',(#2379),#2431,.F.);
#2379 = FACE_BOUND('',#2380,.F.);
#2380 = EDGE_LOOP('',(#2381,#2389,#2396,#2397,#2398,#2406,#2415,#2424,
    #2430));
#2381 = ORIENTED_EDGE('',*,*,#2382,.F.);
#2382 = EDGE_CURVE('',#2383,#948,#2385,.T.);
#2383 = VERTEX_POINT('',#2384);
#2384 = CARTESIAN_POINT('',(65.457140075112,-0.2,6.2));
#2385 = LINE('',#2386,#2387);
#2386 = CARTESIAN_POINT('',(26.995,-0.2,6.2));
#2387 = VECTOR('',#2388,1.);
#2388 = DIRECTION('',(-1.,0.,0.));
#2389 = ORIENTED_EDGE('',*,*,#2390,.T.);
#2390 = EDGE_CURVE('',#2383,#2359,#2391,.T.);
#2391 = CIRCLE('',#2392,3.25);
#2392 = AXIS2_PLACEMENT_3D('',#2393,#2394,#2395);
#2393 = CARTESIAN_POINT('',(63.99,2.7,6.2));
#2394 = DIRECTION('',(0.,0.,1.));
#2395 = DIRECTION('',(1.,0.,0.));
#2396 = ORIENTED_EDGE('',*,*,#2366,.T.);
#2397 = ORIENTED_EDGE('',*,*,#913,.T.);
#2398 = ORIENTED_EDGE('',*,*,#2399,.F.);
#2399 = EDGE_CURVE('',#2400,#914,#2402,.T.);
#2400 = VERTEX_POINT('',#2401);
#2401 = CARTESIAN_POINT('',(61.54,3.197493718553,6.2));
#2402 = LINE('',#2403,#2404);
#2403 = CARTESIAN_POINT('',(61.54,6.7,6.2));
#2404 = VECTOR('',#2405,1.);
#2405 = DIRECTION('',(1.2E-16,1.,0.));
#2406 = ORIENTED_EDGE('',*,*,#2407,.F.);
#2407 = EDGE_CURVE('',#2408,#2400,#2410,.T.);
#2408 = VERTEX_POINT('',#2409);
#2409 = CARTESIAN_POINT('',(66.49,2.7,6.2));
#2410 = CIRCLE('',#2411,2.5);
#2411 = AXIS2_PLACEMENT_3D('',#2412,#2413,#2414);
#2412 = CARTESIAN_POINT('',(63.99,2.7,6.2));
#2413 = DIRECTION('',(0.,0.,1.));
#2414 = DIRECTION('',(1.,0.,0.));
#2415 = ORIENTED_EDGE('',*,*,#2416,.F.);
#2416 = EDGE_CURVE('',#2417,#2408,#2419,.T.);
#2417 = VERTEX_POINT('',#2418);
#2418 = CARTESIAN_POINT('',(61.54,2.202506281447,6.2));
#2419 = CIRCLE('',#2420,2.5);
#2420 = AXIS2_PLACEMENT_3D('',#2421,#2422,#2423);
#2421 = CARTESIAN_POINT('',(63.99,2.7,6.2));
#2422 = DIRECTION('',(0.,0.,1.));
#2423 = DIRECTION('',(1.,0.,0.));
#2424 = ORIENTED_EDGE('',*,*,#2425,.F.);
#2425 = EDGE_CURVE('',#940,#2417,#2426,.T.);
#2426 = LINE('',#2427,#2428);
#2427 = CARTESIAN_POINT('',(61.54,6.7,6.2));
#2428 = VECTOR('',#2429,1.);
#2429 = DIRECTION('',(1.2E-16,1.,0.));
#2430 = ORIENTED_EDGE('',*,*,#947,.T.);
#2431 = PLANE('',#2432);
#2432 = AXIS2_PLACEMENT_3D('',#2433,#2434,#2435);
#2433 = CARTESIAN_POINT('',(63.99,2.7,6.2));
#2434 = DIRECTION('',(0.,0.,1.));
#2435 = DIRECTION('',(1.,0.,0.));
#2436 = ADVANCED_FACE('',(#2437),#2471,.F.);
#2437 = FACE_BOUND('',#2438,.F.);
#2438 = EDGE_LOOP('',(#2439,#2440,#2446,#2447,#2448,#2456,#2464,#2470));
#2439 = ORIENTED_EDGE('',*,*,#922,.T.);
#2440 = ORIENTED_EDGE('',*,*,#2441,.T.);
#2441 = EDGE_CURVE('',#923,#931,#2442,.T.);
#2442 = LINE('',#2443,#2444);
#2443 = CARTESIAN_POINT('',(61.54,10.7,8.1));
#2444 = VECTOR('',#2445,1.);
#2445 = DIRECTION('',(0.,-1.,0.));
#2446 = ORIENTED_EDGE('',*,*,#939,.F.);
#2447 = ORIENTED_EDGE('',*,*,#2425,.T.);
#2448 = ORIENTED_EDGE('',*,*,#2449,.F.);
#2449 = EDGE_CURVE('',#2450,#2417,#2452,.T.);
#2450 = VERTEX_POINT('',#2451);
#2451 = CARTESIAN_POINT('',(61.54,2.202506281447,5.6));
#2452 = LINE('',#2453,#2454);
#2453 = CARTESIAN_POINT('',(61.54,2.202506281447,5.6));
#2454 = VECTOR('',#2455,1.);
#2455 = DIRECTION('',(0.,0.,1.));
#2456 = ORIENTED_EDGE('',*,*,#2457,.T.);
#2457 = EDGE_CURVE('',#2450,#2458,#2460,.T.);
#2458 = VERTEX_POINT('',#2459);
#2459 = CARTESIAN_POINT('',(61.54,3.197493718553,5.6));
#2460 = LINE('',#2461,#2462);
#2461 = CARTESIAN_POINT('',(61.54,6.7,5.6));
#2462 = VECTOR('',#2463,1.);
#2463 = DIRECTION('',(1.2E-16,1.,0.));
#2464 = ORIENTED_EDGE('',*,*,#2465,.T.);
#2465 = EDGE_CURVE('',#2458,#2400,#2466,.T.);
#2466 = LINE('',#2467,#2468);
#2467 = CARTESIAN_POINT('',(61.54,3.197493718553,5.6));
#2468 = VECTOR('',#2469,1.);
#2469 = DIRECTION('',(0.,0.,1.));
#2470 = ORIENTED_EDGE('',*,*,#2399,.T.);
#2471 = PLANE('',#2472);
#2472 = AXIS2_PLACEMENT_3D('',#2473,#2474,#2475);
#2473 = CARTESIAN_POINT('',(61.54,10.7,8.1));
#2474 = DIRECTION('',(1.,0.,0.));
#2475 = DIRECTION('',(0.,0.,-1.));
#2476 = ADVANCED_FACE('',(#2477),#2481,.F.);
#2477 = FACE_BOUND('',#2478,.F.);
#2478 = EDGE_LOOP('',(#2479,#2480));
#2479 = ORIENTED_EDGE('',*,*,#2441,.F.);
#2480 = ORIENTED_EDGE('',*,*,#930,.T.);
#2481 = PLANE('',#2482);
#2482 = AXIS2_PLACEMENT_3D('',#2483,#2484,#2485);
#2483 = CARTESIAN_POINT('',(60.64,10.7,9.));
#2484 = DIRECTION('',(0.707106781187,0.,0.707106781187));
#2485 = DIRECTION('',(0.707106781187,0.,-0.707106781187));
#2486 = ADVANCED_FACE('',(#2487),#2506,.F.);
#2487 = FACE_BOUND('',#2488,.F.);
#2488 = EDGE_LOOP('',(#2489,#2497,#2503,#2504,#2505));
#2489 = ORIENTED_EDGE('',*,*,#2490,.T.);
#2490 = EDGE_CURVE('',#1105,#2491,#2493,.T.);
#2491 = VERTEX_POINT('',#2492);
#2492 = CARTESIAN_POINT('',(65.457140075112,-0.2,11.96));
#2493 = LINE('',#2494,#2495);
#2494 = CARTESIAN_POINT('',(-10.,-0.2,11.96));
#2495 = VECTOR('',#2496,1.);
#2496 = DIRECTION('',(1.,0.,0.));
#2497 = ORIENTED_EDGE('',*,*,#2498,.F.);
#2498 = EDGE_CURVE('',#2383,#2491,#2499,.T.);
#2499 = LINE('',#2500,#2501);
#2500 = CARTESIAN_POINT('',(65.457140075112,-0.2,6.2));
#2501 = VECTOR('',#2502,1.);
#2502 = DIRECTION('',(0.,0.,1.));
#2503 = ORIENTED_EDGE('',*,*,#2382,.T.);
#2504 = ORIENTED_EDGE('',*,*,#956,.T.);
#2505 = ORIENTED_EDGE('',*,*,#1104,.T.);
#2506 = PLANE('',#2507);
#2507 = AXIS2_PLACEMENT_3D('',#2508,#2509,#2510);
#2508 = CARTESIAN_POINT('',(-10.,-0.2,5.55));
#2509 = DIRECTION('',(0.,1.,0.));
#2510 = DIRECTION('',(0.,0.,1.));
#2511 = ADVANCED_FACE('',(#2512),#2585,.T.);
#2512 = FACE_BOUND('',#2513,.T.);
#2513 = EDGE_LOOP('',(#2514,#2524,#2532,#2540,#2548,#2556,#2562,#2563,
    #2571,#2579));
#2514 = ORIENTED_EDGE('',*,*,#2515,.T.);
#2515 = EDGE_CURVE('',#2516,#2518,#2520,.T.);
#2516 = VERTEX_POINT('',#2517);
#2517 = CARTESIAN_POINT('',(4.,0.,7.8));
#2518 = VERTEX_POINT('',#2519);
#2519 = CARTESIAN_POINT('',(4.,0.,7.9));
#2520 = LINE('',#2521,#2522);
#2521 = CARTESIAN_POINT('',(4.,0.,7.8));
#2522 = VECTOR('',#2523,1.);
#2523 = DIRECTION('',(0.,0.,1.));
#2524 = ORIENTED_EDGE('',*,*,#2525,.F.);
#2525 = EDGE_CURVE('',#2526,#2518,#2528,.T.);
#2526 = VERTEX_POINT('',#2527);
#2527 = CARTESIAN_POINT('',(4.,-0.9,8.8));
#2528 = LINE('',#2529,#2530);
#2529 = CARTESIAN_POINT('',(4.,-0.9,8.8));
#2530 = VECTOR('',#2531,1.);
#2531 = DIRECTION('',(0.,0.707106781187,-0.707106781187));
#2532 = ORIENTED_EDGE('',*,*,#2533,.F.);
#2533 = EDGE_CURVE('',#2534,#2526,#2536,.T.);
#2534 = VERTEX_POINT('',#2535);
#2535 = CARTESIAN_POINT('',(4.,-0.9,9.8));
#2536 = LINE('',#2537,#2538);
#2537 = CARTESIAN_POINT('',(4.,-0.9,9.8));
#2538 = VECTOR('',#2539,1.);
#2539 = DIRECTION('',(0.,0.,-1.));
#2540 = ORIENTED_EDGE('',*,*,#2541,.F.);
#2541 = EDGE_CURVE('',#2542,#2534,#2544,.T.);
#2542 = VERTEX_POINT('',#2543);
#2543 = CARTESIAN_POINT('',(4.,0.,9.8));
#2544 = LINE('',#2545,#2546);
#2545 = CARTESIAN_POINT('',(4.,0.,9.8));
#2546 = VECTOR('',#2547,1.);
#2547 = DIRECTION('',(0.,-1.,0.));
#2548 = ORIENTED_EDGE('',*,*,#2549,.T.);
#2549 = EDGE_CURVE('',#2542,#2550,#2552,.T.);
#2550 = VERTEX_POINT('',#2551);
#2551 = CARTESIAN_POINT('',(4.,0.,15.2));
#2552 = LINE('',#2553,#2554);
#2553 = CARTESIAN_POINT('',(4.,0.,7.8));
#2554 = VECTOR('',#2555,1.);
#2555 = DIRECTION('',(0.,0.,1.));
#2556 = ORIENTED_EDGE('',*,*,#2557,.F.);
#2557 = EDGE_CURVE('',#1015,#2550,#2558,.T.);
#2558 = LINE('',#2559,#2560);
#2559 = CARTESIAN_POINT('',(4.,-0.5,15.2));
#2560 = VECTOR('',#2561,1.);
#2561 = DIRECTION('',(0.,1.,0.));
#2562 = ORIENTED_EDGE('',*,*,#1014,.T.);
#2563 = ORIENTED_EDGE('',*,*,#2564,.T.);
#2564 = EDGE_CURVE('',#1017,#2565,#2567,.T.);
#2565 = VERTEX_POINT('',#2566);
#2566 = CARTESIAN_POINT('',(4.,1.,16.4));
#2567 = LINE('',#2568,#2569);
#2568 = CARTESIAN_POINT('',(4.,-0.5,16.4));
#2569 = VECTOR('',#2570,1.);
#2570 = DIRECTION('',(0.,1.,0.));
#2571 = ORIENTED_EDGE('',*,*,#2572,.F.);
#2572 = EDGE_CURVE('',#2573,#2565,#2575,.T.);
#2573 = VERTEX_POINT('',#2574);
#2574 = CARTESIAN_POINT('',(4.,1.,7.8));
#2575 = LINE('',#2576,#2577);
#2576 = CARTESIAN_POINT('',(4.,1.,7.8));
#2577 = VECTOR('',#2578,1.);
#2578 = DIRECTION('',(0.,0.,1.));
#2579 = ORIENTED_EDGE('',*,*,#2580,.F.);
#2580 = EDGE_CURVE('',#2516,#2573,#2581,.T.);
#2581 = LINE('',#2582,#2583);
#2582 = CARTESIAN_POINT('',(4.,0.,7.8));
#2583 = VECTOR('',#2584,1.);
#2584 = DIRECTION('',(0.,1.,0.));
#2585 = PLANE('',#2586);
#2586 = AXIS2_PLACEMENT_3D('',#2587,#2588,#2589);
#2587 = CARTESIAN_POINT('',(4.,0.320044242093,12.110805731493));
#2588 = DIRECTION('',(-1.,-0.,-0.));
#2589 = DIRECTION('',(0.,0.,-1.));
#2590 = ADVANCED_FACE('',(#2591),#2609,.T.);
#2591 = FACE_BOUND('',#2592,.T.);
#2592 = EDGE_LOOP('',(#2593,#2594,#2595,#2603));
#2593 = ORIENTED_EDGE('',*,*,#2564,.F.);
#2594 = ORIENTED_EDGE('',*,*,#1040,.T.);
#2595 = ORIENTED_EDGE('',*,*,#2596,.T.);
#2596 = EDGE_CURVE('',#1033,#2597,#2599,.T.);
#2597 = VERTEX_POINT('',#2598);
#2598 = CARTESIAN_POINT('',(8.,1.,16.4));
#2599 = LINE('',#2600,#2601);
#2600 = CARTESIAN_POINT('',(8.,0.,16.4));
#2601 = VECTOR('',#2602,1.);
#2602 = DIRECTION('',(0.,1.,0.));
#2603 = ORIENTED_EDGE('',*,*,#2604,.F.);
#2604 = EDGE_CURVE('',#2565,#2597,#2605,.T.);
#2605 = LINE('',#2606,#2607);
#2606 = CARTESIAN_POINT('',(4.,1.,16.4));
#2607 = VECTOR('',#2608,1.);
#2608 = DIRECTION('',(1.,0.,0.));
#2609 = PLANE('',#2610);
#2610 = AXIS2_PLACEMENT_3D('',#2611,#2612,#2613);
#2611 = CARTESIAN_POINT('',(6.,0.25,16.4));
#2612 = DIRECTION('',(0.,0.,1.));
#2613 = DIRECTION('',(1.,0.,0.));
#2614 = ADVANCED_FACE('',(#2615),#2681,.T.);
#2615 = FACE_BOUND('',#2616,.T.);
#2616 = EDGE_LOOP('',(#2617,#2627,#2635,#2641,#2642,#2643,#2651,#2659,
    #2667,#2675));
#2617 = ORIENTED_EDGE('',*,*,#2618,.F.);
#2618 = EDGE_CURVE('',#2619,#2621,#2623,.T.);
#2619 = VERTEX_POINT('',#2620);
#2620 = CARTESIAN_POINT('',(8.,0.,7.8));
#2621 = VERTEX_POINT('',#2622);
#2622 = CARTESIAN_POINT('',(8.,0.,7.9));
#2623 = LINE('',#2624,#2625);
#2624 = CARTESIAN_POINT('',(8.,0.,7.8));
#2625 = VECTOR('',#2626,1.);
#2626 = DIRECTION('',(0.,0.,1.));
#2627 = ORIENTED_EDGE('',*,*,#2628,.T.);
#2628 = EDGE_CURVE('',#2619,#2629,#2631,.T.);
#2629 = VERTEX_POINT('',#2630);
#2630 = CARTESIAN_POINT('',(8.,1.,7.8));
#2631 = LINE('',#2632,#2633);
#2632 = CARTESIAN_POINT('',(8.,0.,7.8));
#2633 = VECTOR('',#2634,1.);
#2634 = DIRECTION('',(0.,1.,0.));
#2635 = ORIENTED_EDGE('',*,*,#2636,.T.);
#2636 = EDGE_CURVE('',#2629,#2597,#2637,.T.);
#2637 = LINE('',#2638,#2639);
#2638 = CARTESIAN_POINT('',(8.,1.,7.8));
#2639 = VECTOR('',#2640,1.);
#2640 = DIRECTION('',(0.,0.,1.));
#2641 = ORIENTED_EDGE('',*,*,#2596,.F.);
#2642 = ORIENTED_EDGE('',*,*,#1032,.F.);
#2643 = ORIENTED_EDGE('',*,*,#2644,.T.);
#2644 = EDGE_CURVE('',#1025,#2645,#2647,.T.);
#2645 = VERTEX_POINT('',#2646);
#2646 = CARTESIAN_POINT('',(8.,0.,15.2));
#2647 = LINE('',#2648,#2649);
#2648 = CARTESIAN_POINT('',(8.,-0.5,15.2));
#2649 = VECTOR('',#2650,1.);
#2650 = DIRECTION('',(0.,1.,0.));
#2651 = ORIENTED_EDGE('',*,*,#2652,.F.);
#2652 = EDGE_CURVE('',#2653,#2645,#2655,.T.);
#2653 = VERTEX_POINT('',#2654);
#2654 = CARTESIAN_POINT('',(8.,0.,9.8));
#2655 = LINE('',#2656,#2657);
#2656 = CARTESIAN_POINT('',(8.,0.,7.8));
#2657 = VECTOR('',#2658,1.);
#2658 = DIRECTION('',(0.,0.,1.));
#2659 = ORIENTED_EDGE('',*,*,#2660,.T.);
#2660 = EDGE_CURVE('',#2653,#2661,#2663,.T.);
#2661 = VERTEX_POINT('',#2662);
#2662 = CARTESIAN_POINT('',(8.,-0.9,9.8));
#2663 = LINE('',#2664,#2665);
#2664 = CARTESIAN_POINT('',(8.,0.,9.8));
#2665 = VECTOR('',#2666,1.);
#2666 = DIRECTION('',(0.,-1.,0.));
#2667 = ORIENTED_EDGE('',*,*,#2668,.T.);
#2668 = EDGE_CURVE('',#2661,#2669,#2671,.T.);
#2669 = VERTEX_POINT('',#2670);
#2670 = CARTESIAN_POINT('',(8.,-0.9,8.8));
#2671 = LINE('',#2672,#2673);
#2672 = CARTESIAN_POINT('',(8.,-0.9,9.8));
#2673 = VECTOR('',#2674,1.);
#2674 = DIRECTION('',(0.,0.,-1.));
#2675 = ORIENTED_EDGE('',*,*,#2676,.T.);
#2676 = EDGE_CURVE('',#2669,#2621,#2677,.T.);
#2677 = LINE('',#2678,#2679);
#2678 = CARTESIAN_POINT('',(8.,-0.9,8.8));
#2679 = VECTOR('',#2680,1.);
#2680 = DIRECTION('',(0.,0.707106781187,-0.707106781187));
#2681 = PLANE('',#2682);
#2682 = AXIS2_PLACEMENT_3D('',#2683,#2684,#2685);
#2683 = CARTESIAN_POINT('',(8.,0.320044242093,12.110805731493));
#2684 = DIRECTION('',(1.,0.,0.));
#2685 = DIRECTION('',(0.,0.,1.));
#2686 = ADVANCED_FACE('',(#2687),#2698,.F.);
#2687 = FACE_BOUND('',#2688,.F.);
#2688 = EDGE_LOOP('',(#2689,#2690,#2691,#2692));
#2689 = ORIENTED_EDGE('',*,*,#2557,.F.);
#2690 = ORIENTED_EDGE('',*,*,#1024,.T.);
#2691 = ORIENTED_EDGE('',*,*,#2644,.T.);
#2692 = ORIENTED_EDGE('',*,*,#2693,.F.);
#2693 = EDGE_CURVE('',#2550,#2645,#2694,.T.);
#2694 = LINE('',#2695,#2696);
#2695 = CARTESIAN_POINT('',(4.,0.,15.2));
#2696 = VECTOR('',#2697,1.);
#2697 = DIRECTION('',(1.,0.,0.));
#2698 = PLANE('',#2699);
#2699 = AXIS2_PLACEMENT_3D('',#2700,#2701,#2702);
#2700 = CARTESIAN_POINT('',(4.,-0.5,15.2));
#2701 = DIRECTION('',(0.,0.,1.));
#2702 = DIRECTION('',(1.,0.,0.));
#2703 = ADVANCED_FACE('',(#2704),#2732,.T.);
#2704 = FACE_BOUND('',#2705,.T.);
#2705 = EDGE_LOOP('',(#2706,#2714,#2723,#2729,#2730,#2731));
#2706 = ORIENTED_EDGE('',*,*,#2707,.T.);
#2707 = EDGE_CURVE('',#1057,#2708,#2710,.T.);
#2708 = VERTEX_POINT('',#2709);
#2709 = CARTESIAN_POINT('',(2.1,-2.9,24.));
#2710 = LINE('',#2711,#2712);
#2711 = CARTESIAN_POINT('',(2.1,-2.9,-2.));
#2712 = VECTOR('',#2713,1.);
#2713 = DIRECTION('',(0.,0.,1.));
#2714 = ORIENTED_EDGE('',*,*,#2715,.T.);
#2715 = EDGE_CURVE('',#2708,#2716,#2718,.T.);
#2716 = VERTEX_POINT('',#2717);
#2717 = CARTESIAN_POINT('',(-2.9,2.1,24.));
#2718 = CIRCLE('',#2719,5.);
#2719 = AXIS2_PLACEMENT_3D('',#2720,#2721,#2722);
#2720 = CARTESIAN_POINT('',(2.1,2.1,24.));
#2721 = DIRECTION('',(-0.,0.,-1.));
#2722 = DIRECTION('',(-2.7E-16,-1.,0.));
#2723 = ORIENTED_EDGE('',*,*,#2724,.F.);
#2724 = EDGE_CURVE('',#1075,#2716,#2725,.T.);
#2725 = LINE('',#2726,#2727);
#2726 = CARTESIAN_POINT('',(-2.9,2.1,0.));
#2727 = VECTOR('',#2728,1.);
#2728 = DIRECTION('',(0.,0.,1.));
#2729 = ORIENTED_EDGE('',*,*,#1074,.T.);
#2730 = ORIENTED_EDGE('',*,*,#1065,.T.);
#2731 = ORIENTED_EDGE('',*,*,#1054,.T.);
#2732 = CYLINDRICAL_SURFACE('',#2733,5.);
#2733 = AXIS2_PLACEMENT_3D('',#2734,#2735,#2736);
#2734 = CARTESIAN_POINT('',(2.1,2.1,0.));
#2735 = DIRECTION('',(0.,0.,1.));
#2736 = DIRECTION('',(-1.,0.,0.));
#2737 = ADVANCED_FACE('',(#2738,#2758),#2785,.T.);
#2738 = FACE_BOUND('',#2739,.T.);
#2739 = EDGE_LOOP('',(#2740,#2741,#2749,#2755,#2756,#2757));
#2740 = ORIENTED_EDGE('',*,*,#2724,.T.);
#2741 = ORIENTED_EDGE('',*,*,#2742,.T.);
#2742 = EDGE_CURVE('',#2716,#2743,#2745,.T.);
#2743 = VERTEX_POINT('',#2744);
#2744 = CARTESIAN_POINT('',(-2.9,35.45,24.));
#2745 = LINE('',#2746,#2747);
#2746 = CARTESIAN_POINT('',(-2.9,2.1,24.));
#2747 = VECTOR('',#2748,1.);
#2748 = DIRECTION('',(0.,1.,0.));
#2749 = ORIENTED_EDGE('',*,*,#2750,.F.);
#2750 = EDGE_CURVE('',#1481,#2743,#2751,.T.);
#2751 = LINE('',#2752,#2753);
#2752 = CARTESIAN_POINT('',(-2.9,35.45,-2.));
#2753 = VECTOR('',#2754,1.);
#2754 = DIRECTION('',(0.,0.,1.));
#2755 = ORIENTED_EDGE('',*,*,#1489,.T.);
#2756 = ORIENTED_EDGE('',*,*,#1513,.F.);
#2757 = ORIENTED_EDGE('',*,*,#1083,.T.);
#2758 = FACE_BOUND('',#2759,.T.);
#2759 = EDGE_LOOP('',(#2760,#2769,#2770,#2779));
#2760 = ORIENTED_EDGE('',*,*,#2761,.T.);
#2761 = EDGE_CURVE('',#2762,#1562,#2764,.T.);
#2762 = VERTEX_POINT('',#2763);
#2763 = CARTESIAN_POINT('',(-2.9,14.32,15.1));
#2764 = CIRCLE('',#2765,4.75);
#2765 = AXIS2_PLACEMENT_3D('',#2766,#2767,#2768);
#2766 = CARTESIAN_POINT('',(-2.9,14.32,19.85));
#2767 = DIRECTION('',(1.,0.,-0.));
#2768 = DIRECTION('',(0.,0.,1.));
#2769 = ORIENTED_EDGE('',*,*,#1571,.F.);
#2770 = ORIENTED_EDGE('',*,*,#2771,.T.);
#2771 = EDGE_CURVE('',#1572,#2772,#2774,.T.);
#2772 = VERTEX_POINT('',#2773);
#2773 = CARTESIAN_POINT('',(-2.9,8.82,15.1));
#2774 = CIRCLE('',#2775,4.75);
#2775 = AXIS2_PLACEMENT_3D('',#2776,#2777,#2778);
#2776 = CARTESIAN_POINT('',(-2.9,8.82,19.85));
#2777 = DIRECTION('',(1.,0.,-0.));
#2778 = DIRECTION('',(0.,0.,1.));
#2779 = ORIENTED_EDGE('',*,*,#2780,.F.);
#2780 = EDGE_CURVE('',#2762,#2772,#2781,.T.);
#2781 = LINE('',#2782,#2783);
#2782 = CARTESIAN_POINT('',(-2.9,2.96,15.1));
#2783 = VECTOR('',#2784,1.);
#2784 = DIRECTION('',(0.,-1.,0.));
#2785 = PLANE('',#2786);
#2786 = AXIS2_PLACEMENT_3D('',#2787,#2788,#2789);
#2787 = CARTESIAN_POINT('',(-2.9,18.276996034369,18.478003965631));
#2788 = DIRECTION('',(-1.,-0.,-0.));
#2789 = DIRECTION('',(0.,0.,-1.));
#2790 = ADVANCED_FACE('',(#2791),#2821,.F.);
#2791 = FACE_BOUND('',#2792,.F.);
#2792 = EDGE_LOOP('',(#2793,#2794,#2795,#2802,#2809,#2810,#2811,#2812,
    #2819,#2820));
#2793 = ORIENTED_EDGE('',*,*,#1130,.T.);
#2794 = ORIENTED_EDGE('',*,*,#1139,.T.);
#2795 = ORIENTED_EDGE('',*,*,#2796,.T.);
#2796 = EDGE_CURVE('',#1140,#2797,#2799,.T.);
#2797 = VERTEX_POINT('',#2798);
#2798 = CARTESIAN_POINT('',(67.15,0.9,23.5));
#2799 = B_SPLINE_CURVE_WITH_KNOTS('',1,(#2800,#2801),.UNSPECIFIED.,.F.,
  .F.,(2,2),(0.,11.54),.PIECEWISE_BEZIER_KNOTS.);
#2800 = CARTESIAN_POINT('',(67.15,0.9,11.96));
#2801 = CARTESIAN_POINT('',(67.15,0.9,23.5));
#2802 = ORIENTED_EDGE('',*,*,#2803,.F.);
#2803 = EDGE_CURVE('',#2797,#2797,#2804,.T.);
#2804 = CIRCLE('',#2805,1.4);
#2805 = AXIS2_PLACEMENT_3D('',#2806,#2807,#2808);
#2806 = CARTESIAN_POINT('',(65.75,0.9,23.5));
#2807 = DIRECTION('',(0.,0.,1.));
#2808 = DIRECTION('',(1.,0.,0.));
#2809 = ORIENTED_EDGE('',*,*,#2796,.F.);
#2810 = ORIENTED_EDGE('',*,*,#1148,.T.);
#2811 = ORIENTED_EDGE('',*,*,#1157,.T.);
#2812 = ORIENTED_EDGE('',*,*,#2813,.T.);
#2813 = EDGE_CURVE('',#1158,#1105,#2814,.T.);
#2814 = CIRCLE('',#2815,1.4);
#2815 = AXIS2_PLACEMENT_3D('',#2816,#2817,#2818);
#2816 = CARTESIAN_POINT('',(65.75,0.9,11.96));
#2817 = DIRECTION('',(0.,0.,1.));
#2818 = DIRECTION('',(1.,0.,0.));
#2819 = ORIENTED_EDGE('',*,*,#1112,.T.);
#2820 = ORIENTED_EDGE('',*,*,#1121,.T.);
#2821 = CYLINDRICAL_SURFACE('',#2822,1.4);
#2822 = AXIS2_PLACEMENT_3D('',#2823,#2824,#2825);
#2823 = CARTESIAN_POINT('',(65.75,0.9,11.96));
#2824 = DIRECTION('',(0.,0.,1.));
#2825 = DIRECTION('',(1.,0.,0.));
#2826 = ADVANCED_FACE('',(#2827),#2849,.T.);
#2827 = FACE_BOUND('',#2828,.T.);
#2828 = EDGE_LOOP('',(#2829,#2830,#2839,#2846,#2847,#2848));
#2829 = ORIENTED_EDGE('',*,*,#2299,.T.);
#2830 = ORIENTED_EDGE('',*,*,#2831,.T.);
#2831 = EDGE_CURVE('',#2292,#2832,#2834,.T.);
#2832 = VERTEX_POINT('',#2833);
#2833 = CARTESIAN_POINT('',(68.35,10.73,17.96));
#2834 = CIRCLE('',#2835,6.);
#2835 = AXIS2_PLACEMENT_3D('',#2836,#2837,#2838);
#2836 = CARTESIAN_POINT('',(68.35,10.73,11.96));
#2837 = DIRECTION('',(1.,0.,-0.));
#2838 = DIRECTION('',(0.,0.,1.));
#2839 = ORIENTED_EDGE('',*,*,#2840,.T.);
#2840 = EDGE_CURVE('',#2832,#1184,#2841,.T.);
#2841 = CIRCLE('',#2842,6.);
#2842 = AXIS2_PLACEMENT_3D('',#2843,#2844,#2845);
#2843 = CARTESIAN_POINT('',(68.35,10.73,11.96));
#2844 = DIRECTION('',(1.,0.,-0.));
#2845 = DIRECTION('',(0.,0.,1.));
#2846 = ORIENTED_EDGE('',*,*,#1183,.T.);
#2847 = ORIENTED_EDGE('',*,*,#2322,.F.);
#2848 = ORIENTED_EDGE('',*,*,#2331,.F.);
#2849 = PLANE('',#2850);
#2850 = AXIS2_PLACEMENT_3D('',#2851,#2852,#2853);
#2851 = CARTESIAN_POINT('',(68.35,10.73,11.96));
#2852 = DIRECTION('',(1.,0.,0.));
#2853 = DIRECTION('',(0.,0.,1.));
#2854 = ADVANCED_FACE('',(#2855),#2904,.F.);
#2855 = FACE_BOUND('',#2856,.F.);
#2856 = EDGE_LOOP('',(#2857,#2866,#2867,#2868,#2869,#2870,#2879,#2888,
    #2897));
#2857 = ORIENTED_EDGE('',*,*,#2858,.F.);
#2858 = EDGE_CURVE('',#2284,#2859,#2861,.T.);
#2859 = VERTEX_POINT('',#2860);
#2860 = CARTESIAN_POINT('',(69.55,12.477111902541,17.7));
#2861 = CIRCLE('',#2862,6.);
#2862 = AXIS2_PLACEMENT_3D('',#2863,#2864,#2865);
#2863 = CARTESIAN_POINT('',(69.55,10.73,11.96));
#2864 = DIRECTION('',(1.,0.,-0.));
#2865 = DIRECTION('',(0.,0.,1.));
#2866 = ORIENTED_EDGE('',*,*,#2291,.F.);
#2867 = ORIENTED_EDGE('',*,*,#2831,.T.);
#2868 = ORIENTED_EDGE('',*,*,#2840,.T.);
#2869 = ORIENTED_EDGE('',*,*,#1191,.T.);
#2870 = ORIENTED_EDGE('',*,*,#2871,.F.);
#2871 = EDGE_CURVE('',#2872,#1192,#2874,.T.);
#2872 = VERTEX_POINT('',#2873);
#2873 = CARTESIAN_POINT('',(69.55,5.,13.739634793996));
#2874 = CIRCLE('',#2875,6.);
#2875 = AXIS2_PLACEMENT_3D('',#2876,#2877,#2878);
#2876 = CARTESIAN_POINT('',(69.55,10.73,11.96));
#2877 = DIRECTION('',(1.,0.,-0.));
#2878 = DIRECTION('',(0.,0.,1.));
#2879 = ORIENTED_EDGE('',*,*,#2880,.F.);
#2880 = EDGE_CURVE('',#2881,#2872,#2883,.T.);
#2881 = VERTEX_POINT('',#2882);
#2882 = CARTESIAN_POINT('',(69.55,8.982888097459,17.7));
#2883 = CIRCLE('',#2884,6.);
#2884 = AXIS2_PLACEMENT_3D('',#2885,#2886,#2887);
#2885 = CARTESIAN_POINT('',(69.55,10.73,11.96));
#2886 = DIRECTION('',(1.,0.,-0.));
#2887 = DIRECTION('',(0.,0.,1.));
#2888 = ORIENTED_EDGE('',*,*,#2889,.F.);
#2889 = EDGE_CURVE('',#2890,#2881,#2892,.T.);
#2890 = VERTEX_POINT('',#2891);
#2891 = CARTESIAN_POINT('',(69.55,10.73,17.96));
#2892 = CIRCLE('',#2893,6.);
#2893 = AXIS2_PLACEMENT_3D('',#2894,#2895,#2896);
#2894 = CARTESIAN_POINT('',(69.55,10.73,11.96));
#2895 = DIRECTION('',(1.,0.,-0.));
#2896 = DIRECTION('',(0.,0.,1.));
#2897 = ORIENTED_EDGE('',*,*,#2898,.F.);
#2898 = EDGE_CURVE('',#2859,#2890,#2899,.T.);
#2899 = CIRCLE('',#2900,6.);
#2900 = AXIS2_PLACEMENT_3D('',#2901,#2902,#2903);
#2901 = CARTESIAN_POINT('',(69.55,10.73,11.96));
#2902 = DIRECTION('',(1.,0.,-0.));
#2903 = DIRECTION('',(0.,0.,1.));
#2904 = CYLINDRICAL_SURFACE('',#2905,6.);
#2905 = AXIS2_PLACEMENT_3D('',#2906,#2907,#2908);
#2906 = CARTESIAN_POINT('',(68.35,10.73,11.96));
#2907 = DIRECTION('',(1.,0.,0.));
#2908 = DIRECTION('',(0.,0.,1.));
#2909 = ADVANCED_FACE('',(#2910),#2985,.T.);
#2910 = FACE_BOUND('',#2911,.T.);
#2911 = EDGE_LOOP('',(#2912,#2913,#2914,#2915,#2916,#2917,#2918,#2919,
    #2928,#2937,#2946,#2955,#2962,#2963,#2971,#2979));
#2912 = ORIENTED_EDGE('',*,*,#1199,.F.);
#2913 = ORIENTED_EDGE('',*,*,#2871,.F.);
#2914 = ORIENTED_EDGE('',*,*,#2880,.F.);
#2915 = ORIENTED_EDGE('',*,*,#2889,.F.);
#2916 = ORIENTED_EDGE('',*,*,#2898,.F.);
#2917 = ORIENTED_EDGE('',*,*,#2858,.F.);
#2918 = ORIENTED_EDGE('',*,*,#2283,.T.);
#2919 = ORIENTED_EDGE('',*,*,#2920,.F.);
#2920 = EDGE_CURVE('',#2921,#2276,#2923,.T.);
#2921 = VERTEX_POINT('',#2922);
#2922 = CARTESIAN_POINT('',(69.55,25.632888097459,17.7));
#2923 = CIRCLE('',#2924,6.);
#2924 = AXIS2_PLACEMENT_3D('',#2925,#2926,#2927);
#2925 = CARTESIAN_POINT('',(69.55,27.38,11.96));
#2926 = DIRECTION('',(1.,0.,-0.));
#2927 = DIRECTION('',(0.,0.,1.));
#2928 = ORIENTED_EDGE('',*,*,#2929,.F.);
#2929 = EDGE_CURVE('',#2930,#2921,#2932,.T.);
#2930 = VERTEX_POINT('',#2931);
#2931 = CARTESIAN_POINT('',(69.55,27.38,17.96));
#2932 = CIRCLE('',#2933,6.);
#2933 = AXIS2_PLACEMENT_3D('',#2934,#2935,#2936);
#2934 = CARTESIAN_POINT('',(69.55,27.38,11.96));
#2935 = DIRECTION('',(1.,0.,-0.));
#2936 = DIRECTION('',(0.,0.,1.));
#2937 = ORIENTED_EDGE('',*,*,#2938,.F.);
#2938 = EDGE_CURVE('',#2939,#2930,#2941,.T.);
#2939 = VERTEX_POINT('',#2940);
#2940 = CARTESIAN_POINT('',(69.55,29.127111902541,17.7));
#2941 = CIRCLE('',#2942,6.);
#2942 = AXIS2_PLACEMENT_3D('',#2943,#2944,#2945);
#2943 = CARTESIAN_POINT('',(69.55,27.38,11.96));
#2944 = DIRECTION('',(1.,0.,-0.));
#2945 = DIRECTION('',(0.,0.,1.));
#2946 = ORIENTED_EDGE('',*,*,#2947,.F.);
#2947 = EDGE_CURVE('',#2948,#2939,#2950,.T.);
#2948 = VERTEX_POINT('',#2949);
#2949 = CARTESIAN_POINT('',(69.55,33.1,13.771518699876));
#2950 = CIRCLE('',#2951,6.);
#2951 = AXIS2_PLACEMENT_3D('',#2952,#2953,#2954);
#2952 = CARTESIAN_POINT('',(69.55,27.38,11.96));
#2953 = DIRECTION('',(1.,0.,-0.));
#2954 = DIRECTION('',(0.,0.,1.));
#2955 = ORIENTED_EDGE('',*,*,#2956,.F.);
#2956 = EDGE_CURVE('',#1391,#2948,#2957,.T.);
#2957 = CIRCLE('',#2958,6.);
#2958 = AXIS2_PLACEMENT_3D('',#2959,#2960,#2961);
#2959 = CARTESIAN_POINT('',(69.55,27.38,11.96));
#2960 = DIRECTION('',(1.,0.,-0.));
#2961 = DIRECTION('',(0.,0.,1.));
#2962 = ORIENTED_EDGE('',*,*,#1390,.F.);
#2963 = ORIENTED_EDGE('',*,*,#2964,.T.);
#2964 = EDGE_CURVE('',#1382,#2965,#2967,.T.);
#2965 = VERTEX_POINT('',#2966);
#2966 = CARTESIAN_POINT('',(69.55,35.45,24.));
#2967 = LINE('',#2968,#2969);
#2968 = CARTESIAN_POINT('',(69.55,35.45,0.));
#2969 = VECTOR('',#2970,1.);
#2970 = DIRECTION('',(0.,0.,1.));
#2971 = ORIENTED_EDGE('',*,*,#2972,.T.);
#2972 = EDGE_CURVE('',#2965,#2973,#2975,.T.);
#2973 = VERTEX_POINT('',#2974);
#2974 = CARTESIAN_POINT('',(69.55,2.1,24.));
#2975 = LINE('',#2976,#2977);
#2976 = CARTESIAN_POINT('',(69.55,35.45,24.));
#2977 = VECTOR('',#2978,1.);
#2978 = DIRECTION('',(0.,-1.,0.));
#2979 = ORIENTED_EDGE('',*,*,#2980,.F.);
#2980 = EDGE_CURVE('',#1200,#2973,#2981,.T.);
#2981 = LINE('',#2982,#2983);
#2982 = CARTESIAN_POINT('',(69.55,2.1,-2.));
#2983 = VECTOR('',#2984,1.);
#2984 = DIRECTION('',(0.,0.,1.));
#2985 = PLANE('',#2986);
#2986 = AXIS2_PLACEMENT_3D('',#2987,#2988,#2989);
#2987 = CARTESIAN_POINT('',(69.55,18.811398156526,18.562198731414));
#2988 = DIRECTION('',(1.,0.,0.));
#2989 = DIRECTION('',(0.,0.,1.));
#2990 = ADVANCED_FACE('',(#2991),#3012,.T.);
#2991 = FACE_BOUND('',#2992,.T.);
#2992 = EDGE_LOOP('',(#2993,#3001,#3002,#3003,#3004,#3005));
#2993 = ORIENTED_EDGE('',*,*,#2994,.F.);
#2994 = EDGE_CURVE('',#1226,#2995,#2997,.T.);
#2995 = VERTEX_POINT('',#2996);
#2996 = CARTESIAN_POINT('',(64.55,-2.9,24.));
#2997 = LINE('',#2998,#2999);
#2998 = CARTESIAN_POINT('',(64.55,-2.9,0.));
#2999 = VECTOR('',#3000,1.);
#3000 = DIRECTION('',(0.,0.,1.));
#3001 = ORIENTED_EDGE('',*,*,#1225,.T.);
#3002 = ORIENTED_EDGE('',*,*,#1216,.T.);
#3003 = ORIENTED_EDGE('',*,*,#1207,.T.);
#3004 = ORIENTED_EDGE('',*,*,#2980,.T.);
#3005 = ORIENTED_EDGE('',*,*,#3006,.T.);
#3006 = EDGE_CURVE('',#2973,#2995,#3007,.T.);
#3007 = CIRCLE('',#3008,5.);
#3008 = AXIS2_PLACEMENT_3D('',#3009,#3010,#3011);
#3009 = CARTESIAN_POINT('',(64.55,2.1,24.));
#3010 = DIRECTION('',(0.,0.,-1.));
#3011 = DIRECTION('',(1.,0.,0.));
#3012 = CYLINDRICAL_SURFACE('',#3013,5.);
#3013 = AXIS2_PLACEMENT_3D('',#3014,#3015,#3016);
#3014 = CARTESIAN_POINT('',(64.55,2.1,0.));
#3015 = DIRECTION('',(0.,0.,1.));
#3016 = DIRECTION('',(1.,0.,0.));
#3017 = ADVANCED_FACE('',(#3018),#3029,.T.);
#3018 = FACE_BOUND('',#3019,.T.);
#3019 = EDGE_LOOP('',(#3020,#3021,#3022,#3028));
#3020 = ORIENTED_EDGE('',*,*,#1234,.T.);
#3021 = ORIENTED_EDGE('',*,*,#2994,.T.);
#3022 = ORIENTED_EDGE('',*,*,#3023,.T.);
#3023 = EDGE_CURVE('',#2995,#2708,#3024,.T.);
#3024 = LINE('',#3025,#3026);
#3025 = CARTESIAN_POINT('',(64.55,-2.9,24.));
#3026 = VECTOR('',#3027,1.);
#3027 = DIRECTION('',(-1.,0.,0.));
#3028 = ORIENTED_EDGE('',*,*,#2707,.F.);
#3029 = PLANE('',#3030);
#3030 = AXIS2_PLACEMENT_3D('',#3031,#3032,#3033);
#3031 = CARTESIAN_POINT('',(33.325,-2.9,17.98));
#3032 = DIRECTION('',(-0.,-1.,-0.));
#3033 = DIRECTION('',(0.,0.,-1.));
#3034 = ADVANCED_FACE('',(#3035),#3065,.F.);
#3035 = FACE_BOUND('',#3036,.F.);
#3036 = EDGE_LOOP('',(#3037,#3038,#3039,#3046,#3053,#3054,#3055,#3056,
    #3057,#3058));
#3037 = ORIENTED_EDGE('',*,*,#1431,.T.);
#3038 = ORIENTED_EDGE('',*,*,#1440,.T.);
#3039 = ORIENTED_EDGE('',*,*,#3040,.T.);
#3040 = EDGE_CURVE('',#1249,#3041,#3043,.T.);
#3041 = VERTEX_POINT('',#3042);
#3042 = CARTESIAN_POINT('',(67.15,36.65,23.5));
#3043 = B_SPLINE_CURVE_WITH_KNOTS('',1,(#3044,#3045),.UNSPECIFIED.,.F.,
  .F.,(2,2),(0.,11.54),.PIECEWISE_BEZIER_KNOTS.);
#3044 = CARTESIAN_POINT('',(67.15,36.65,11.96));
#3045 = CARTESIAN_POINT('',(67.15,36.65,23.5));
#3046 = ORIENTED_EDGE('',*,*,#3047,.F.);
#3047 = EDGE_CURVE('',#3041,#3041,#3048,.T.);
#3048 = CIRCLE('',#3049,1.4);
#3049 = AXIS2_PLACEMENT_3D('',#3050,#3051,#3052);
#3050 = CARTESIAN_POINT('',(65.75,36.65,23.5));
#3051 = DIRECTION('',(0.,0.,1.));
#3052 = DIRECTION('',(1.,0.,0.));
#3053 = ORIENTED_EDGE('',*,*,#3040,.F.);
#3054 = ORIENTED_EDGE('',*,*,#1248,.T.);
#3055 = ORIENTED_EDGE('',*,*,#1259,.T.);
#3056 = ORIENTED_EDGE('',*,*,#1268,.T.);
#3057 = ORIENTED_EDGE('',*,*,#1277,.T.);
#3058 = ORIENTED_EDGE('',*,*,#3059,.T.);
#3059 = EDGE_CURVE('',#1278,#1424,#3060,.T.);
#3060 = CIRCLE('',#3061,1.4);
#3061 = AXIS2_PLACEMENT_3D('',#3062,#3063,#3064);
#3062 = CARTESIAN_POINT('',(65.75,36.65,11.96));
#3063 = DIRECTION('',(0.,0.,1.));
#3064 = DIRECTION('',(1.,0.,0.));
#3065 = CYLINDRICAL_SURFACE('',#3066,1.4);
#3066 = AXIS2_PLACEMENT_3D('',#3067,#3068,#3069);
#3067 = CARTESIAN_POINT('',(65.75,36.65,11.96));
#3068 = DIRECTION('',(0.,0.,1.));
#3069 = DIRECTION('',(1.,0.,0.));
#3070 = ADVANCED_FACE('',(#3071),#3095,.T.);
#3071 = FACE_BOUND('',#3072,.T.);
#3072 = EDGE_LOOP('',(#3073,#3081,#3082,#3083,#3084,#3085,#3086,#3087,
    #3088));
#3073 = ORIENTED_EDGE('',*,*,#3074,.F.);
#3074 = EDGE_CURVE('',#1347,#3075,#3077,.T.);
#3075 = VERTEX_POINT('',#3076);
#3076 = CARTESIAN_POINT('',(2.1,40.45,24.));
#3077 = LINE('',#3078,#3079);
#3078 = CARTESIAN_POINT('',(2.1,40.45,0.));
#3079 = VECTOR('',#3080,1.);
#3080 = DIRECTION('',(0.,0.,1.));
#3081 = ORIENTED_EDGE('',*,*,#1346,.T.);
#3082 = ORIENTED_EDGE('',*,*,#1337,.T.);
#3083 = ORIENTED_EDGE('',*,*,#1328,.T.);
#3084 = ORIENTED_EDGE('',*,*,#1319,.T.);
#3085 = ORIENTED_EDGE('',*,*,#1456,.T.);
#3086 = ORIENTED_EDGE('',*,*,#1480,.T.);
#3087 = ORIENTED_EDGE('',*,*,#2750,.T.);
#3088 = ORIENTED_EDGE('',*,*,#3089,.T.);
#3089 = EDGE_CURVE('',#2743,#3075,#3090,.T.);
#3090 = CIRCLE('',#3091,5.);
#3091 = AXIS2_PLACEMENT_3D('',#3092,#3093,#3094);
#3092 = CARTESIAN_POINT('',(2.1,35.45,24.));
#3093 = DIRECTION('',(0.,0.,-1.));
#3094 = DIRECTION('',(-1.,0.,0.));
#3095 = CYLINDRICAL_SURFACE('',#3096,5.);
#3096 = AXIS2_PLACEMENT_3D('',#3097,#3098,#3099);
#3097 = CARTESIAN_POINT('',(2.1,35.45,0.));
#3098 = DIRECTION('',(0.,0.,1.));
#3099 = DIRECTION('',(-1.,0.,0.));
#3100 = ADVANCED_FACE('',(#3101),#3119,.T.);
#3101 = FACE_BOUND('',#3102,.T.);
#3102 = EDGE_LOOP('',(#3103,#3104,#3105,#3113));
#3103 = ORIENTED_EDGE('',*,*,#1355,.F.);
#3104 = ORIENTED_EDGE('',*,*,#3074,.T.);
#3105 = ORIENTED_EDGE('',*,*,#3106,.T.);
#3106 = EDGE_CURVE('',#3075,#3107,#3109,.T.);
#3107 = VERTEX_POINT('',#3108);
#3108 = CARTESIAN_POINT('',(64.55,40.45,24.));
#3109 = LINE('',#3110,#3111);
#3110 = CARTESIAN_POINT('',(2.1,40.45,24.));
#3111 = VECTOR('',#3112,1.);
#3112 = DIRECTION('',(1.,0.,0.));
#3113 = ORIENTED_EDGE('',*,*,#3114,.F.);
#3114 = EDGE_CURVE('',#1356,#3107,#3115,.T.);
#3115 = LINE('',#3116,#3117);
#3116 = CARTESIAN_POINT('',(64.55,40.45,-2.));
#3117 = VECTOR('',#3118,1.);
#3118 = DIRECTION('',(0.,0.,1.));
#3119 = PLANE('',#3120);
#3120 = AXIS2_PLACEMENT_3D('',#3121,#3122,#3123);
#3121 = CARTESIAN_POINT('',(33.325,40.45,17.98));
#3122 = DIRECTION('',(0.,1.,-5.1E-16));
#3123 = DIRECTION('',(0.,5.1E-16,1.));
#3124 = ADVANCED_FACE('',(#3125),#3139,.T.);
#3125 = FACE_BOUND('',#3126,.T.);
#3126 = EDGE_LOOP('',(#3127,#3128,#3135,#3136,#3137,#3138));
#3127 = ORIENTED_EDGE('',*,*,#3114,.T.);
#3128 = ORIENTED_EDGE('',*,*,#3129,.T.);
#3129 = EDGE_CURVE('',#3107,#2965,#3130,.T.);
#3130 = CIRCLE('',#3131,5.);
#3131 = AXIS2_PLACEMENT_3D('',#3132,#3133,#3134);
#3132 = CARTESIAN_POINT('',(64.55,35.45,24.));
#3133 = DIRECTION('',(0.,0.,-1.));
#3134 = DIRECTION('',(0.,1.,0.));
#3135 = ORIENTED_EDGE('',*,*,#2964,.F.);
#3136 = ORIENTED_EDGE('',*,*,#1381,.T.);
#3137 = ORIENTED_EDGE('',*,*,#1372,.T.);
#3138 = ORIENTED_EDGE('',*,*,#1363,.T.);
#3139 = CYLINDRICAL_SURFACE('',#3140,5.);
#3140 = AXIS2_PLACEMENT_3D('',#3141,#3142,#3143);
#3141 = CARTESIAN_POINT('',(64.55,35.45,0.));
#3142 = DIRECTION('',(0.,0.,1.));
#3143 = DIRECTION('',(1.,0.,0.));
#3144 = ADVANCED_FACE('',(#3145),#3170,.F.);
#3145 = FACE_BOUND('',#3146,.F.);
#3146 = EDGE_LOOP('',(#3147,#3148,#3149,#3150,#3151,#3152,#3153,#3154,
    #3163));
#3147 = ORIENTED_EDGE('',*,*,#2275,.T.);
#3148 = ORIENTED_EDGE('',*,*,#2920,.F.);
#3149 = ORIENTED_EDGE('',*,*,#2929,.F.);
#3150 = ORIENTED_EDGE('',*,*,#2938,.F.);
#3151 = ORIENTED_EDGE('',*,*,#2947,.F.);
#3152 = ORIENTED_EDGE('',*,*,#2956,.F.);
#3153 = ORIENTED_EDGE('',*,*,#1398,.F.);
#3154 = ORIENTED_EDGE('',*,*,#3155,.T.);
#3155 = EDGE_CURVE('',#1399,#3156,#3158,.T.);
#3156 = VERTEX_POINT('',#3157);
#3157 = CARTESIAN_POINT('',(68.35,27.38,17.96));
#3158 = CIRCLE('',#3159,6.);
#3159 = AXIS2_PLACEMENT_3D('',#3160,#3161,#3162);
#3160 = CARTESIAN_POINT('',(68.35,27.38,11.96));
#3161 = DIRECTION('',(1.,0.,-0.));
#3162 = DIRECTION('',(0.,0.,1.));
#3163 = ORIENTED_EDGE('',*,*,#3164,.T.);
#3164 = EDGE_CURVE('',#3156,#2268,#3165,.T.);
#3165 = CIRCLE('',#3166,6.);
#3166 = AXIS2_PLACEMENT_3D('',#3167,#3168,#3169);
#3167 = CARTESIAN_POINT('',(68.35,27.38,11.96));
#3168 = DIRECTION('',(1.,0.,-0.));
#3169 = DIRECTION('',(0.,0.,1.));
#3170 = CYLINDRICAL_SURFACE('',#3171,6.);
#3171 = AXIS2_PLACEMENT_3D('',#3172,#3173,#3174);
#3172 = CARTESIAN_POINT('',(68.35,27.38,11.96));
#3173 = DIRECTION('',(1.,0.,0.));
#3174 = DIRECTION('',(0.,0.,1.));
#3175 = ADVANCED_FACE('',(#3176),#3184,.T.);
#3176 = FACE_BOUND('',#3177,.T.);
#3177 = EDGE_LOOP('',(#3178,#3179,#3180,#3181,#3182,#3183));
#3178 = ORIENTED_EDGE('',*,*,#1406,.F.);
#3179 = ORIENTED_EDGE('',*,*,#3155,.T.);
#3180 = ORIENTED_EDGE('',*,*,#3164,.T.);
#3181 = ORIENTED_EDGE('',*,*,#2267,.T.);
#3182 = ORIENTED_EDGE('',*,*,#2239,.F.);
#3183 = ORIENTED_EDGE('',*,*,#2248,.F.);
#3184 = PLANE('',#3185);
#3185 = AXIS2_PLACEMENT_3D('',#3186,#3187,#3188);
#3186 = CARTESIAN_POINT('',(68.35,27.38,11.96));
#3187 = DIRECTION('',(1.,0.,0.));
#3188 = DIRECTION('',(0.,0.,1.));
#3189 = ADVANCED_FACE('',(#3190),#3221,.T.);
#3190 = FACE_BOUND('',#3191,.T.);
#3191 = EDGE_LOOP('',(#3192,#3201,#3202,#3203,#3204,#3205,#3206,#3215));
#3192 = ORIENTED_EDGE('',*,*,#3193,.F.);
#3193 = EDGE_CURVE('',#1580,#3194,#3196,.T.);
#3194 = VERTEX_POINT('',#3195);
#3195 = CARTESIAN_POINT('',(-1.6,8.82,15.1));
#3196 = CIRCLE('',#3197,4.75);
#3197 = AXIS2_PLACEMENT_3D('',#3198,#3199,#3200);
#3198 = CARTESIAN_POINT('',(-1.6,8.82,19.85));
#3199 = DIRECTION('',(1.,0.,-0.));
#3200 = DIRECTION('',(0.,0.,1.));
#3201 = ORIENTED_EDGE('',*,*,#1587,.T.);
#3202 = ORIENTED_EDGE('',*,*,#1538,.T.);
#3203 = ORIENTED_EDGE('',*,*,#1617,.T.);
#3204 = ORIENTED_EDGE('',*,*,#1642,.T.);
#3205 = ORIENTED_EDGE('',*,*,#1603,.T.);
#3206 = ORIENTED_EDGE('',*,*,#3207,.F.);
#3207 = EDGE_CURVE('',#3208,#1564,#3210,.T.);
#3208 = VERTEX_POINT('',#3209);
#3209 = CARTESIAN_POINT('',(-1.6,14.32,15.1));
#3210 = CIRCLE('',#3211,4.75);
#3211 = AXIS2_PLACEMENT_3D('',#3212,#3213,#3214);
#3212 = CARTESIAN_POINT('',(-1.6,14.32,19.85));
#3213 = DIRECTION('',(1.,0.,-0.));
#3214 = DIRECTION('',(0.,0.,1.));
#3215 = ORIENTED_EDGE('',*,*,#3216,.F.);
#3216 = EDGE_CURVE('',#3194,#3208,#3217,.T.);
#3217 = LINE('',#3218,#3219);
#3218 = CARTESIAN_POINT('',(-1.6,8.82,15.1));
#3219 = VECTOR('',#3220,1.);
#3220 = DIRECTION('',(0.,1.,0.));
#3221 = PLANE('',#3222);
#3222 = AXIS2_PLACEMENT_3D('',#3223,#3224,#3225);
#3223 = CARTESIAN_POINT('',(-1.6,11.57,19.85));
#3224 = DIRECTION('',(-1.,-0.,-0.));
#3225 = DIRECTION('',(0.,0.,-1.));
#3226 = ADVANCED_FACE('',(#3227),#3238,.F.);
#3227 = FACE_BOUND('',#3228,.F.);
#3228 = EDGE_LOOP('',(#3229,#3230,#3236,#3237));
#3229 = ORIENTED_EDGE('',*,*,#3207,.F.);
#3230 = ORIENTED_EDGE('',*,*,#3231,.F.);
#3231 = EDGE_CURVE('',#2762,#3208,#3232,.T.);
#3232 = LINE('',#3233,#3234);
#3233 = CARTESIAN_POINT('',(-3.5,14.32,15.1));
#3234 = VECTOR('',#3235,1.);
#3235 = DIRECTION('',(1.,0.,0.));
#3236 = ORIENTED_EDGE('',*,*,#2761,.T.);
#3237 = ORIENTED_EDGE('',*,*,#1561,.T.);
#3238 = CYLINDRICAL_SURFACE('',#3239,4.75);
#3239 = AXIS2_PLACEMENT_3D('',#3240,#3241,#3242);
#3240 = CARTESIAN_POINT('',(-3.5,14.32,19.85));
#3241 = DIRECTION('',(1.,0.,0.));
#3242 = DIRECTION('',(0.,0.,1.));
#3243 = ADVANCED_FACE('',(#3244),#3255,.F.);
#3244 = FACE_BOUND('',#3245,.F.);
#3245 = EDGE_LOOP('',(#3246,#3247,#3248,#3249));
#3246 = ORIENTED_EDGE('',*,*,#3193,.F.);
#3247 = ORIENTED_EDGE('',*,*,#1579,.F.);
#3248 = ORIENTED_EDGE('',*,*,#2771,.T.);
#3249 = ORIENTED_EDGE('',*,*,#3250,.T.);
#3250 = EDGE_CURVE('',#2772,#3194,#3251,.T.);
#3251 = LINE('',#3252,#3253);
#3252 = CARTESIAN_POINT('',(-3.5,8.82,15.1));
#3253 = VECTOR('',#3254,1.);
#3254 = DIRECTION('',(1.,0.,0.));
#3255 = CYLINDRICAL_SURFACE('',#3256,4.75);
#3256 = AXIS2_PLACEMENT_3D('',#3257,#3258,#3259);
#3257 = CARTESIAN_POINT('',(-3.5,8.82,19.85));
#3258 = DIRECTION('',(1.,0.,0.));
#3259 = DIRECTION('',(0.,0.,1.));
#3260 = ADVANCED_FACE('',(#3261),#3272,.F.);
#3261 = FACE_BOUND('',#3262,.F.);
#3262 = EDGE_LOOP('',(#3263,#3264,#3270,#3271));
#3263 = ORIENTED_EDGE('',*,*,#1789,.F.);
#3264 = ORIENTED_EDGE('',*,*,#3265,.T.);
#3265 = EDGE_CURVE('',#1790,#1717,#3266,.T.);
#3266 = LINE('',#3267,#3268);
#3267 = CARTESIAN_POINT('',(0.,3.2,9.8));
#3268 = VECTOR('',#3269,1.);
#3269 = DIRECTION('',(0.,1.,0.));
#3270 = ORIENTED_EDGE('',*,*,#1724,.T.);
#3271 = ORIENTED_EDGE('',*,*,#1676,.T.);
#3272 = PLANE('',#3273);
#3273 = AXIS2_PLACEMENT_3D('',#3274,#3275,#3276);
#3274 = CARTESIAN_POINT('',(0.,3.2,7.8));
#3275 = DIRECTION('',(1.,0.,0.));
#3276 = DIRECTION('',(0.,0.,1.));
#3277 = ADVANCED_FACE('',(#3278),#3294,.F.);
#3278 = FACE_BOUND('',#3279,.F.);
#3279 = EDGE_LOOP('',(#3280,#3286,#3287,#3293));
#3280 = ORIENTED_EDGE('',*,*,#3281,.F.);
#3281 = EDGE_CURVE('',#1814,#1691,#3282,.T.);
#3282 = LINE('',#3283,#3284);
#3283 = CARTESIAN_POINT('',(0.,3.2,7.8));
#3284 = VECTOR('',#3285,1.);
#3285 = DIRECTION('',(0.,1.,0.));
#3286 = ORIENTED_EDGE('',*,*,#1821,.T.);
#3287 = ORIENTED_EDGE('',*,*,#3288,.T.);
#3288 = EDGE_CURVE('',#1779,#1693,#3289,.T.);
#3289 = LINE('',#3290,#3291);
#3290 = CARTESIAN_POINT('',(1.,3.2,7.8));
#3291 = VECTOR('',#3292,1.);
#3292 = DIRECTION('',(0.,1.,0.));
#3293 = ORIENTED_EDGE('',*,*,#1690,.F.);
#3294 = PLANE('',#3295);
#3295 = AXIS2_PLACEMENT_3D('',#3296,#3297,#3298);
#3296 = CARTESIAN_POINT('',(0.,3.2,7.8));
#3297 = DIRECTION('',(0.,0.,1.));
#3298 = DIRECTION('',(1.,0.,0.));
#3299 = ADVANCED_FACE('',(#3300),#3311,.T.);
#3300 = FACE_BOUND('',#3301,.T.);
#3301 = EDGE_LOOP('',(#3302,#3308,#3309,#3310));
#3302 = ORIENTED_EDGE('',*,*,#3303,.T.);
#3303 = EDGE_CURVE('',#1806,#1701,#3304,.T.);
#3304 = LINE('',#3305,#3306);
#3305 = CARTESIAN_POINT('',(-1.,3.2,8.8));
#3306 = VECTOR('',#3307,1.);
#3307 = DIRECTION('',(0.,1.,0.));
#3308 = ORIENTED_EDGE('',*,*,#1700,.T.);
#3309 = ORIENTED_EDGE('',*,*,#3281,.F.);
#3310 = ORIENTED_EDGE('',*,*,#1813,.F.);
#3311 = PLANE('',#3312);
#3312 = AXIS2_PLACEMENT_3D('',#3313,#3314,#3315);
#3313 = CARTESIAN_POINT('',(-1.,3.2,8.8));
#3314 = DIRECTION('',(-0.707106781187,0.,-0.707106781187));
#3315 = DIRECTION('',(0.707106781187,0.,-0.707106781187));
#3316 = ADVANCED_FACE('',(#3317),#3328,.T.);
#3317 = FACE_BOUND('',#3318,.T.);
#3318 = EDGE_LOOP('',(#3319,#3325,#3326,#3327));
#3319 = ORIENTED_EDGE('',*,*,#3320,.T.);
#3320 = EDGE_CURVE('',#1798,#1709,#3321,.T.);
#3321 = LINE('',#3322,#3323);
#3322 = CARTESIAN_POINT('',(-1.,3.2,9.8));
#3323 = VECTOR('',#3324,1.);
#3324 = DIRECTION('',(0.,1.,0.));
#3325 = ORIENTED_EDGE('',*,*,#1708,.T.);
#3326 = ORIENTED_EDGE('',*,*,#3303,.F.);
#3327 = ORIENTED_EDGE('',*,*,#1805,.F.);
#3328 = PLANE('',#3329);
#3329 = AXIS2_PLACEMENT_3D('',#3330,#3331,#3332);
#3330 = CARTESIAN_POINT('',(-1.,3.2,9.8));
#3331 = DIRECTION('',(-1.,0.,0.));
#3332 = DIRECTION('',(0.,0.,-1.));
#3333 = ADVANCED_FACE('',(#3334),#3340,.T.);
#3334 = FACE_BOUND('',#3335,.T.);
#3335 = EDGE_LOOP('',(#3336,#3337,#3338,#3339));
#3336 = ORIENTED_EDGE('',*,*,#3265,.T.);
#3337 = ORIENTED_EDGE('',*,*,#1716,.T.);
#3338 = ORIENTED_EDGE('',*,*,#3320,.F.);
#3339 = ORIENTED_EDGE('',*,*,#1797,.F.);
#3340 = PLANE('',#3341);
#3341 = AXIS2_PLACEMENT_3D('',#3342,#3343,#3344);
#3342 = CARTESIAN_POINT('',(0.,3.2,9.8));
#3343 = DIRECTION('',(0.,0.,1.));
#3344 = DIRECTION('',(-1.,0.,0.));
#3345 = ADVANCED_FACE('',(#3346),#3352,.T.);
#3346 = FACE_BOUND('',#3347,.T.);
#3347 = EDGE_LOOP('',(#3348,#3349,#3350,#3351));
#3348 = ORIENTED_EDGE('',*,*,#1778,.F.);
#3349 = ORIENTED_EDGE('',*,*,#3288,.T.);
#3350 = ORIENTED_EDGE('',*,*,#1740,.T.);
#3351 = ORIENTED_EDGE('',*,*,#1764,.F.);
#3352 = PLANE('',#3353);
#3353 = AXIS2_PLACEMENT_3D('',#3354,#3355,#3356);
#3354 = CARTESIAN_POINT('',(1.,3.2,7.8));
#3355 = DIRECTION('',(1.,0.,0.));
#3356 = DIRECTION('',(0.,0.,1.));
#3357 = ADVANCED_FACE('',(#3358),#3370,.T.);
#3358 = FACE_BOUND('',#3359,.T.);
#3359 = EDGE_LOOP('',(#3360,#3361,#3362,#3369));
#3360 = ORIENTED_EDGE('',*,*,#1863,.F.);
#3361 = ORIENTED_EDGE('',*,*,#2096,.F.);
#3362 = ORIENTED_EDGE('',*,*,#3363,.T.);
#3363 = EDGE_CURVE('',#2097,#1905,#3364,.T.);
#3364 = CIRCLE('',#3365,2.5);
#3365 = AXIS2_PLACEMENT_3D('',#3366,#3367,#3368);
#3366 = CARTESIAN_POINT('',(17.27,34.97,5.6));
#3367 = DIRECTION('',(0.,0.,1.));
#3368 = DIRECTION('',(1.,0.,0.));
#3369 = ORIENTED_EDGE('',*,*,#1912,.T.);
#3370 = CYLINDRICAL_SURFACE('',#3371,2.5);
#3371 = AXIS2_PLACEMENT_3D('',#3372,#3373,#3374);
#3372 = CARTESIAN_POINT('',(17.27,34.97,5.6));
#3373 = DIRECTION('',(0.,0.,1.));
#3374 = DIRECTION('',(1.,0.,0.));
#3375 = ADVANCED_FACE('',(#3376),#3410,.F.);
#3376 = FACE_BOUND('',#3377,.F.);
#3377 = EDGE_LOOP('',(#3378,#3388,#3394,#3395,#3396,#3404));
#3378 = ORIENTED_EDGE('',*,*,#3379,.F.);
#3379 = EDGE_CURVE('',#3380,#3382,#3384,.T.);
#3380 = VERTEX_POINT('',#3381);
#3381 = CARTESIAN_POINT('',(15.310314934649,33.417700272292,5.6));
#3382 = VERTEX_POINT('',#3383);
#3383 = CARTESIAN_POINT('',(15.310314934649,33.417700272292,6.2));
#3384 = LINE('',#3385,#3386);
#3385 = CARTESIAN_POINT('',(15.310314934649,33.417700272292,5.6));
#3386 = VECTOR('',#3387,1.);
#3387 = DIRECTION('',(0.,0.,1.));
#3388 = ORIENTED_EDGE('',*,*,#3389,.T.);
#3389 = EDGE_CURVE('',#3380,#1897,#3390,.T.);
#3390 = LINE('',#3391,#3392);
#3391 = CARTESIAN_POINT('',(13.275142666191,37.4283764729,5.6));
#3392 = VECTOR('',#3393,1.);
#3393 = DIRECTION('',(-0.452512531605,0.891758043833,0.));
#3394 = ORIENTED_EDGE('',*,*,#1896,.T.);
#3395 = ORIENTED_EDGE('',*,*,#1942,.T.);
#3396 = ORIENTED_EDGE('',*,*,#3397,.F.);
#3397 = EDGE_CURVE('',#3398,#1943,#3400,.T.);
#3398 = VERTEX_POINT('',#3399);
#3399 = CARTESIAN_POINT('',(15.33599494565,33.367093151437,6.2));
#3400 = LINE('',#3401,#3402);
#3401 = CARTESIAN_POINT('',(15.33599494565,33.367093151437,8.1));
#3402 = VECTOR('',#3403,1.);
#3403 = DIRECTION('',(0.,0.,1.));
#3404 = ORIENTED_EDGE('',*,*,#3405,.T.);
#3405 = EDGE_CURVE('',#3398,#3382,#3406,.T.);
#3406 = LINE('',#3407,#3408);
#3407 = CARTESIAN_POINT('',(13.275142666191,37.4283764729,6.2));
#3408 = VECTOR('',#3409,1.);
#3409 = DIRECTION('',(-0.452512531605,0.891758043833,0.));
#3410 = PLANE('',#3411);
#3411 = AXIS2_PLACEMENT_3D('',#3412,#3413,#3414);
#3412 = CARTESIAN_POINT('',(11.465092539772,40.995408648232,8.1));
#3413 = DIRECTION('',(0.891758043833,0.452512531605,0.));
#3414 = DIRECTION('',(0.,0.,-1.));
#3415 = ADVANCED_FACE('',(#3416,#3454),#3465,.F.);
#3416 = FACE_BOUND('',#3417,.F.);
#3417 = EDGE_LOOP('',(#3418,#3419,#3420,#3421,#3422,#3431,#3439,#3446,
    #3447));
#3418 = ORIENTED_EDGE('',*,*,#2104,.F.);
#3419 = ORIENTED_EDGE('',*,*,#3363,.T.);
#3420 = ORIENTED_EDGE('',*,*,#1904,.F.);
#3421 = ORIENTED_EDGE('',*,*,#3389,.F.);
#3422 = ORIENTED_EDGE('',*,*,#3423,.T.);
#3423 = EDGE_CURVE('',#3380,#3424,#3426,.T.);
#3424 = VERTEX_POINT('',#3425);
#3425 = CARTESIAN_POINT('',(15.380956646963,33.332466730003,5.6));
#3426 = CIRCLE('',#3427,2.5);
#3427 = AXIS2_PLACEMENT_3D('',#3428,#3429,#3430);
#3428 = CARTESIAN_POINT('',(17.27,34.97,5.6));
#3429 = DIRECTION('',(0.,0.,1.));
#3430 = DIRECTION('',(1.,0.,0.));
#3431 = ORIENTED_EDGE('',*,*,#3432,.F.);
#3432 = EDGE_CURVE('',#3433,#3424,#3435,.T.);
#3433 = VERTEX_POINT('',#3434);
#3434 = CARTESIAN_POINT('',(16.169264292868,32.725366198454,5.6));
#3435 = LINE('',#3436,#3437);
#3436 = CARTESIAN_POINT('',(12.605994493145,35.469552431713,5.6));
#3437 = VECTOR('',#3438,1.);
#3438 = DIRECTION('',(-0.792278994192,0.610158991871,0.));
#3439 = ORIENTED_EDGE('',*,*,#3440,.T.);
#3440 = EDGE_CURVE('',#3433,#2041,#3441,.T.);
#3441 = CIRCLE('',#3442,2.5);
#3442 = AXIS2_PLACEMENT_3D('',#3443,#3444,#3445);
#3443 = CARTESIAN_POINT('',(17.27,34.97,5.6));
#3444 = DIRECTION('',(0.,0.,1.));
#3445 = DIRECTION('',(1.,0.,0.));
#3446 = ORIENTED_EDGE('',*,*,#2040,.F.);
#3447 = ORIENTED_EDGE('',*,*,#3448,.T.);
#3448 = EDGE_CURVE('',#2033,#2105,#3449,.T.);
#3449 = CIRCLE('',#3450,2.5);
#3450 = AXIS2_PLACEMENT_3D('',#3451,#3452,#3453);
#3451 = CARTESIAN_POINT('',(17.27,34.97,5.6));
#3452 = DIRECTION('',(0.,0.,1.));
#3453 = DIRECTION('',(1.,0.,0.));
#3454 = FACE_BOUND('',#3455,.F.);
#3455 = EDGE_LOOP('',(#3456));
#3456 = ORIENTED_EDGE('',*,*,#3457,.F.);
#3457 = EDGE_CURVE('',#3458,#3458,#3460,.T.);
#3458 = VERTEX_POINT('',#3459);
#3459 = CARTESIAN_POINT('',(18.87,34.97,5.6));
#3460 = CIRCLE('',#3461,1.6);
#3461 = AXIS2_PLACEMENT_3D('',#3462,#3463,#3464);
#3462 = CARTESIAN_POINT('',(17.27,34.97,5.6));
#3463 = DIRECTION('',(0.,0.,1.));
#3464 = DIRECTION('',(1.,0.,0.));
#3465 = PLANE('',#3466);
#3466 = AXIS2_PLACEMENT_3D('',#3467,#3468,#3469);
#3467 = CARTESIAN_POINT('',(17.27,34.97,5.6));
#3468 = DIRECTION('',(0.,0.,1.));
#3469 = DIRECTION('',(1.,0.,0.));
#3470 = ADVANCED_FACE('',(#3471),#3505,.F.);
#3471 = FACE_BOUND('',#3472,.F.);
#3472 = EDGE_LOOP('',(#3473,#3474,#3475,#3476,#3484,#3490,#3491,#3499));
#3473 = ORIENTED_EDGE('',*,*,#3397,.T.);
#3474 = ORIENTED_EDGE('',*,*,#1966,.T.);
#3475 = ORIENTED_EDGE('',*,*,#2016,.T.);
#3476 = ORIENTED_EDGE('',*,*,#3477,.T.);
#3477 = EDGE_CURVE('',#2009,#3478,#3480,.T.);
#3478 = VERTEX_POINT('',#3479);
#3479 = CARTESIAN_POINT('',(16.169264292868,32.725366198454,6.2));
#3480 = LINE('',#3481,#3482);
#3481 = CARTESIAN_POINT('',(12.605994493145,35.469552431713,6.2));
#3482 = VECTOR('',#3483,1.);
#3483 = DIRECTION('',(-0.792278994192,0.610158991871,0.));
#3484 = ORIENTED_EDGE('',*,*,#3485,.F.);
#3485 = EDGE_CURVE('',#3433,#3478,#3486,.T.);
#3486 = LINE('',#3487,#3488);
#3487 = CARTESIAN_POINT('',(16.169264292868,32.725366198454,5.6));
#3488 = VECTOR('',#3489,1.);
#3489 = DIRECTION('',(0.,0.,1.));
#3490 = ORIENTED_EDGE('',*,*,#3432,.T.);
#3491 = ORIENTED_EDGE('',*,*,#3492,.T.);
#3492 = EDGE_CURVE('',#3424,#3493,#3495,.T.);
#3493 = VERTEX_POINT('',#3494);
#3494 = CARTESIAN_POINT('',(15.380956646963,33.332466730003,6.2));
#3495 = LINE('',#3496,#3497);
#3496 = CARTESIAN_POINT('',(15.380956646963,33.332466730003,5.6));
#3497 = VECTOR('',#3498,1.);
#3498 = DIRECTION('',(0.,0.,1.));
#3499 = ORIENTED_EDGE('',*,*,#3500,.T.);
#3500 = EDGE_CURVE('',#3493,#3398,#3501,.T.);
#3501 = LINE('',#3502,#3503);
#3502 = CARTESIAN_POINT('',(12.605994493145,35.469552431713,6.2));
#3503 = VECTOR('',#3504,1.);
#3504 = DIRECTION('',(-0.792278994192,0.610158991871,0.));
#3505 = PLANE('',#3506);
#3506 = AXIS2_PLACEMENT_3D('',#3507,#3508,#3509);
#3507 = CARTESIAN_POINT('',(9.436878516376,37.910188399198,8.1));
#3508 = DIRECTION('',(0.610158991871,0.792278994192,0.));
#3509 = DIRECTION('',(0.,0.,-1.));
#3510 = ADVANCED_FACE('',(#3511),#3522,.F.);
#3511 = FACE_BOUND('',#3512,.F.);
#3512 = EDGE_LOOP('',(#3513,#3514,#3515));
#3513 = ORIENTED_EDGE('',*,*,#3477,.F.);
#3514 = ORIENTED_EDGE('',*,*,#2006,.F.);
#3515 = ORIENTED_EDGE('',*,*,#3516,.F.);
#3516 = EDGE_CURVE('',#3478,#2007,#3517,.T.);
#3517 = CIRCLE('',#3518,2.5);
#3518 = AXIS2_PLACEMENT_3D('',#3519,#3520,#3521);
#3519 = CARTESIAN_POINT('',(17.27,34.97,6.2));
#3520 = DIRECTION('',(0.,0.,1.));
#3521 = DIRECTION('',(1.,0.,0.));
#3522 = PLANE('',#3523);
#3523 = AXIS2_PLACEMENT_3D('',#3524,#3525,#3526);
#3524 = CARTESIAN_POINT('',(17.27,34.97,6.2));
#3525 = DIRECTION('',(0.,0.,1.));
#3526 = DIRECTION('',(1.,0.,0.));
#3527 = ADVANCED_FACE('',(#3528),#3534,.T.);
#3528 = FACE_BOUND('',#3529,.T.);
#3529 = EDGE_LOOP('',(#3530,#3531,#3532,#3533));
#3530 = ORIENTED_EDGE('',*,*,#2072,.F.);
#3531 = ORIENTED_EDGE('',*,*,#2032,.F.);
#3532 = ORIENTED_EDGE('',*,*,#3448,.T.);
#3533 = ORIENTED_EDGE('',*,*,#2112,.T.);
#3534 = CYLINDRICAL_SURFACE('',#3535,2.5);
#3535 = AXIS2_PLACEMENT_3D('',#3536,#3537,#3538);
#3536 = CARTESIAN_POINT('',(17.27,34.97,5.6));
#3537 = DIRECTION('',(0.,0.,1.));
#3538 = DIRECTION('',(1.,0.,0.));
#3539 = ADVANCED_FACE('',(#3540),#3546,.T.);
#3540 = FACE_BOUND('',#3541,.T.);
#3541 = EDGE_LOOP('',(#3542,#3543,#3544,#3545));
#3542 = ORIENTED_EDGE('',*,*,#3516,.F.);
#3543 = ORIENTED_EDGE('',*,*,#3485,.F.);
#3544 = ORIENTED_EDGE('',*,*,#3440,.T.);
#3545 = ORIENTED_EDGE('',*,*,#2048,.T.);
#3546 = CYLINDRICAL_SURFACE('',#3547,2.5);
#3547 = AXIS2_PLACEMENT_3D('',#3548,#3549,#3550);
#3548 = CARTESIAN_POINT('',(17.27,34.97,5.6));
#3549 = DIRECTION('',(0.,0.,1.));
#3550 = DIRECTION('',(1.,0.,0.));
#3551 = ADVANCED_FACE('',(#3552),#3564,.T.);
#3552 = FACE_BOUND('',#3553,.T.);
#3553 = EDGE_LOOP('',(#3554,#3555,#3556,#3563));
#3554 = ORIENTED_EDGE('',*,*,#3059,.T.);
#3555 = ORIENTED_EDGE('',*,*,#2214,.T.);
#3556 = ORIENTED_EDGE('',*,*,#3557,.T.);
#3557 = EDGE_CURVE('',#2207,#2139,#3558,.T.);
#3558 = CIRCLE('',#3559,3.25);
#3559 = AXIS2_PLACEMENT_3D('',#3560,#3561,#3562);
#3560 = CARTESIAN_POINT('',(63.94,34.86,11.96));
#3561 = DIRECTION('',(0.,0.,1.));
#3562 = DIRECTION('',(1.,0.,0.));
#3563 = ORIENTED_EDGE('',*,*,#2138,.F.);
#3564 = PLANE('',#3565);
#3565 = AXIS2_PLACEMENT_3D('',#3566,#3567,#3568);
#3566 = CARTESIAN_POINT('',(63.94,34.86,11.96));
#3567 = DIRECTION('',(0.,0.,1.));
#3568 = DIRECTION('',(1.,0.,0.));
#3569 = ADVANCED_FACE('',(#3570),#3576,.T.);
#3570 = FACE_BOUND('',#3571,.T.);
#3571 = EDGE_LOOP('',(#3572,#3573,#3574,#3575));
#3572 = ORIENTED_EDGE('',*,*,#2146,.T.);
#3573 = ORIENTED_EDGE('',*,*,#3557,.F.);
#3574 = ORIENTED_EDGE('',*,*,#2206,.F.);
#3575 = ORIENTED_EDGE('',*,*,#2179,.T.);
#3576 = CYLINDRICAL_SURFACE('',#3577,3.25);
#3577 = AXIS2_PLACEMENT_3D('',#3578,#3579,#3580);
#3578 = CARTESIAN_POINT('',(63.94,34.86,6.2));
#3579 = DIRECTION('',(0.,0.,1.));
#3580 = DIRECTION('',(1.,0.,0.));
#3581 = ADVANCED_FACE('',(#3582),#3601,.T.);
#3582 = FACE_BOUND('',#3583,.T.);
#3583 = EDGE_LOOP('',(#3584,#3585,#3593,#3600));
#3584 = ORIENTED_EDGE('',*,*,#2189,.F.);
#3585 = ORIENTED_EDGE('',*,*,#3586,.F.);
#3586 = EDGE_CURVE('',#3587,#2190,#3589,.T.);
#3587 = VERTEX_POINT('',#3588);
#3588 = CARTESIAN_POINT('',(66.44,34.86,5.6));
#3589 = LINE('',#3590,#3591);
#3590 = CARTESIAN_POINT('',(66.44,34.86,5.6));
#3591 = VECTOR('',#3592,1.);
#3592 = DIRECTION('',(0.,0.,1.));
#3593 = ORIENTED_EDGE('',*,*,#3594,.T.);
#3594 = EDGE_CURVE('',#3587,#3587,#3595,.T.);
#3595 = CIRCLE('',#3596,2.5);
#3596 = AXIS2_PLACEMENT_3D('',#3597,#3598,#3599);
#3597 = CARTESIAN_POINT('',(63.94,34.86,5.6));
#3598 = DIRECTION('',(0.,0.,1.));
#3599 = DIRECTION('',(1.,0.,0.));
#3600 = ORIENTED_EDGE('',*,*,#3586,.T.);
#3601 = CYLINDRICAL_SURFACE('',#3602,2.5);
#3602 = AXIS2_PLACEMENT_3D('',#3603,#3604,#3605);
#3603 = CARTESIAN_POINT('',(63.94,34.86,5.6));
#3604 = DIRECTION('',(0.,0.,1.));
#3605 = DIRECTION('',(1.,0.,0.));
#3606 = ADVANCED_FACE('',(#3607),#3619,.T.);
#3607 = FACE_BOUND('',#3608,.T.);
#3608 = EDGE_LOOP('',(#3609,#3610,#3611,#3612));
#3609 = ORIENTED_EDGE('',*,*,#2350,.T.);
#3610 = ORIENTED_EDGE('',*,*,#2813,.T.);
#3611 = ORIENTED_EDGE('',*,*,#2490,.T.);
#3612 = ORIENTED_EDGE('',*,*,#3613,.T.);
#3613 = EDGE_CURVE('',#2491,#2351,#3614,.T.);
#3614 = CIRCLE('',#3615,3.25);
#3615 = AXIS2_PLACEMENT_3D('',#3616,#3617,#3618);
#3616 = CARTESIAN_POINT('',(63.99,2.7,11.96));
#3617 = DIRECTION('',(0.,0.,1.));
#3618 = DIRECTION('',(1.,0.,0.));
#3619 = PLANE('',#3620);
#3620 = AXIS2_PLACEMENT_3D('',#3621,#3622,#3623);
#3621 = CARTESIAN_POINT('',(63.99,2.7,11.96));
#3622 = DIRECTION('',(0.,0.,1.));
#3623 = DIRECTION('',(1.,0.,0.));
#3624 = ADVANCED_FACE('',(#3625),#3631,.T.);
#3625 = FACE_BOUND('',#3626,.T.);
#3626 = EDGE_LOOP('',(#3627,#3628,#3629,#3630));
#3627 = ORIENTED_EDGE('',*,*,#2498,.F.);
#3628 = ORIENTED_EDGE('',*,*,#2390,.T.);
#3629 = ORIENTED_EDGE('',*,*,#2358,.T.);
#3630 = ORIENTED_EDGE('',*,*,#3613,.F.);
#3631 = CYLINDRICAL_SURFACE('',#3632,3.25);
#3632 = AXIS2_PLACEMENT_3D('',#3633,#3634,#3635);
#3633 = CARTESIAN_POINT('',(63.99,2.7,6.2));
#3634 = DIRECTION('',(0.,0.,1.));
#3635 = DIRECTION('',(1.,0.,0.));
#3636 = ADVANCED_FACE('',(#3637),#3659,.T.);
#3637 = FACE_BOUND('',#3638,.T.);
#3638 = EDGE_LOOP('',(#3639,#3648,#3649,#3650,#3651,#3652));
#3639 = ORIENTED_EDGE('',*,*,#3640,.T.);
#3640 = EDGE_CURVE('',#3641,#2458,#3643,.T.);
#3641 = VERTEX_POINT('',#3642);
#3642 = CARTESIAN_POINT('',(66.49,2.7,5.6));
#3643 = CIRCLE('',#3644,2.5);
#3644 = AXIS2_PLACEMENT_3D('',#3645,#3646,#3647);
#3645 = CARTESIAN_POINT('',(63.99,2.7,5.6));
#3646 = DIRECTION('',(0.,0.,1.));
#3647 = DIRECTION('',(1.,0.,0.));
#3648 = ORIENTED_EDGE('',*,*,#2465,.T.);
#3649 = ORIENTED_EDGE('',*,*,#2407,.F.);
#3650 = ORIENTED_EDGE('',*,*,#2416,.F.);
#3651 = ORIENTED_EDGE('',*,*,#2449,.F.);
#3652 = ORIENTED_EDGE('',*,*,#3653,.T.);
#3653 = EDGE_CURVE('',#2450,#3641,#3654,.T.);
#3654 = CIRCLE('',#3655,2.5);
#3655 = AXIS2_PLACEMENT_3D('',#3656,#3657,#3658);
#3656 = CARTESIAN_POINT('',(63.99,2.7,5.6));
#3657 = DIRECTION('',(0.,0.,1.));
#3658 = DIRECTION('',(1.,0.,0.));
#3659 = CYLINDRICAL_SURFACE('',#3660,2.5);
#3660 = AXIS2_PLACEMENT_3D('',#3661,#3662,#3663);
#3661 = CARTESIAN_POINT('',(63.99,2.7,5.6));
#3662 = DIRECTION('',(0.,0.,1.));
#3663 = DIRECTION('',(1.,0.,0.));
#3664 = ADVANCED_FACE('',(#3665,#3670),#3681,.F.);
#3665 = FACE_BOUND('',#3666,.F.);
#3666 = EDGE_LOOP('',(#3667,#3668,#3669));
#3667 = ORIENTED_EDGE('',*,*,#3653,.T.);
#3668 = ORIENTED_EDGE('',*,*,#3640,.T.);
#3669 = ORIENTED_EDGE('',*,*,#2457,.F.);
#3670 = FACE_BOUND('',#3671,.F.);
#3671 = EDGE_LOOP('',(#3672));
#3672 = ORIENTED_EDGE('',*,*,#3673,.F.);
#3673 = EDGE_CURVE('',#3674,#3674,#3676,.T.);
#3674 = VERTEX_POINT('',#3675);
#3675 = CARTESIAN_POINT('',(65.59,2.7,5.6));
#3676 = CIRCLE('',#3677,1.6);
#3677 = AXIS2_PLACEMENT_3D('',#3678,#3679,#3680);
#3678 = CARTESIAN_POINT('',(63.99,2.7,5.6));
#3679 = DIRECTION('',(0.,0.,1.));
#3680 = DIRECTION('',(1.,0.,0.));
#3681 = PLANE('',#3682);
#3682 = AXIS2_PLACEMENT_3D('',#3683,#3684,#3685);
#3683 = CARTESIAN_POINT('',(63.99,2.7,5.6));
#3684 = DIRECTION('',(0.,0.,1.));
#3685 = DIRECTION('',(1.,0.,0.));
#3686 = ADVANCED_FACE('',(#3687),#3703,.F.);
#3687 = FACE_BOUND('',#3688,.F.);
#3688 = EDGE_LOOP('',(#3689,#3690,#3696,#3697));
#3689 = ORIENTED_EDGE('',*,*,#2618,.F.);
#3690 = ORIENTED_EDGE('',*,*,#3691,.F.);
#3691 = EDGE_CURVE('',#2516,#2619,#3692,.T.);
#3692 = LINE('',#3693,#3694);
#3693 = CARTESIAN_POINT('',(4.,0.,7.8));
#3694 = VECTOR('',#3695,1.);
#3695 = DIRECTION('',(1.,0.,0.));
#3696 = ORIENTED_EDGE('',*,*,#2515,.T.);
#3697 = ORIENTED_EDGE('',*,*,#3698,.T.);
#3698 = EDGE_CURVE('',#2518,#2621,#3699,.T.);
#3699 = LINE('',#3700,#3701);
#3700 = CARTESIAN_POINT('',(4.,0.,7.9));
#3701 = VECTOR('',#3702,1.);
#3702 = DIRECTION('',(1.,0.,0.));
#3703 = PLANE('',#3704);
#3704 = AXIS2_PLACEMENT_3D('',#3705,#3706,#3707);
#3705 = CARTESIAN_POINT('',(4.,0.,7.8));
#3706 = DIRECTION('',(0.,1.,0.));
#3707 = DIRECTION('',(0.,0.,1.));
#3708 = ADVANCED_FACE('',(#3709),#3720,.F.);
#3709 = FACE_BOUND('',#3710,.F.);
#3710 = EDGE_LOOP('',(#3711,#3717,#3718,#3719));
#3711 = ORIENTED_EDGE('',*,*,#3712,.T.);
#3712 = EDGE_CURVE('',#2526,#2669,#3713,.T.);
#3713 = LINE('',#3714,#3715);
#3714 = CARTESIAN_POINT('',(4.,-0.9,8.8));
#3715 = VECTOR('',#3716,1.);
#3716 = DIRECTION('',(1.,0.,0.));
#3717 = ORIENTED_EDGE('',*,*,#2676,.T.);
#3718 = ORIENTED_EDGE('',*,*,#3698,.F.);
#3719 = ORIENTED_EDGE('',*,*,#2525,.F.);
#3720 = PLANE('',#3721);
#3721 = AXIS2_PLACEMENT_3D('',#3722,#3723,#3724);
#3722 = CARTESIAN_POINT('',(4.,-0.9,8.8));
#3723 = DIRECTION('',(0.,0.707106781187,0.707106781187));
#3724 = DIRECTION('',(0.,0.707106781187,-0.707106781187));
#3725 = ADVANCED_FACE('',(#3726),#3737,.F.);
#3726 = FACE_BOUND('',#3727,.F.);
#3727 = EDGE_LOOP('',(#3728,#3734,#3735,#3736));
#3728 = ORIENTED_EDGE('',*,*,#3729,.T.);
#3729 = EDGE_CURVE('',#2534,#2661,#3730,.T.);
#3730 = LINE('',#3731,#3732);
#3731 = CARTESIAN_POINT('',(4.,-0.9,9.8));
#3732 = VECTOR('',#3733,1.);
#3733 = DIRECTION('',(1.,0.,0.));
#3734 = ORIENTED_EDGE('',*,*,#2668,.T.);
#3735 = ORIENTED_EDGE('',*,*,#3712,.F.);
#3736 = ORIENTED_EDGE('',*,*,#2533,.F.);
#3737 = PLANE('',#3738);
#3738 = AXIS2_PLACEMENT_3D('',#3739,#3740,#3741);
#3739 = CARTESIAN_POINT('',(4.,-0.9,9.8));
#3740 = DIRECTION('',(0.,1.,0.));
#3741 = DIRECTION('',(0.,0.,-1.));
#3742 = ADVANCED_FACE('',(#3743),#3754,.F.);
#3743 = FACE_BOUND('',#3744,.F.);
#3744 = EDGE_LOOP('',(#3745,#3751,#3752,#3753));
#3745 = ORIENTED_EDGE('',*,*,#3746,.T.);
#3746 = EDGE_CURVE('',#2542,#2653,#3747,.T.);
#3747 = LINE('',#3748,#3749);
#3748 = CARTESIAN_POINT('',(4.,0.,9.8));
#3749 = VECTOR('',#3750,1.);
#3750 = DIRECTION('',(1.,0.,0.));
#3751 = ORIENTED_EDGE('',*,*,#2660,.T.);
#3752 = ORIENTED_EDGE('',*,*,#3729,.F.);
#3753 = ORIENTED_EDGE('',*,*,#2541,.F.);
#3754 = PLANE('',#3755);
#3755 = AXIS2_PLACEMENT_3D('',#3756,#3757,#3758);
#3756 = CARTESIAN_POINT('',(4.,0.,9.8));
#3757 = DIRECTION('',(0.,0.,-1.));
#3758 = DIRECTION('',(0.,-1.,0.));
#3759 = ADVANCED_FACE('',(#3760),#3766,.F.);
#3760 = FACE_BOUND('',#3761,.F.);
#3761 = EDGE_LOOP('',(#3762,#3763,#3764,#3765));
#3762 = ORIENTED_EDGE('',*,*,#2652,.F.);
#3763 = ORIENTED_EDGE('',*,*,#3746,.F.);
#3764 = ORIENTED_EDGE('',*,*,#2549,.T.);
#3765 = ORIENTED_EDGE('',*,*,#2693,.T.);
#3766 = PLANE('',#3767);
#3767 = AXIS2_PLACEMENT_3D('',#3768,#3769,#3770);
#3768 = CARTESIAN_POINT('',(4.,0.,7.8));
#3769 = DIRECTION('',(0.,1.,0.));
#3770 = DIRECTION('',(0.,0.,1.));
#3771 = ADVANCED_FACE('',(#3772),#3783,.T.);
#3772 = FACE_BOUND('',#3773,.T.);
#3773 = EDGE_LOOP('',(#3774,#3780,#3781,#3782));
#3774 = ORIENTED_EDGE('',*,*,#3775,.F.);
#3775 = EDGE_CURVE('',#2573,#2629,#3776,.T.);
#3776 = LINE('',#3777,#3778);
#3777 = CARTESIAN_POINT('',(4.,1.,7.8));
#3778 = VECTOR('',#3779,1.);
#3779 = DIRECTION('',(1.,0.,0.));
#3780 = ORIENTED_EDGE('',*,*,#2572,.T.);
#3781 = ORIENTED_EDGE('',*,*,#2604,.T.);
#3782 = ORIENTED_EDGE('',*,*,#2636,.F.);
#3783 = PLANE('',#3784);
#3784 = AXIS2_PLACEMENT_3D('',#3785,#3786,#3787);
#3785 = CARTESIAN_POINT('',(4.,1.,7.8));
#3786 = DIRECTION('',(0.,1.,0.));
#3787 = DIRECTION('',(0.,0.,1.));
#3788 = ADVANCED_FACE('',(#3789),#3795,.F.);
#3789 = FACE_BOUND('',#3790,.F.);
#3790 = EDGE_LOOP('',(#3791,#3792,#3793,#3794));
#3791 = ORIENTED_EDGE('',*,*,#2580,.F.);
#3792 = ORIENTED_EDGE('',*,*,#3691,.T.);
#3793 = ORIENTED_EDGE('',*,*,#2628,.T.);
#3794 = ORIENTED_EDGE('',*,*,#3775,.F.);
#3795 = PLANE('',#3796);
#3796 = AXIS2_PLACEMENT_3D('',#3797,#3798,#3799);
#3797 = CARTESIAN_POINT('',(4.,0.,7.8));
#3798 = DIRECTION('',(0.,0.,1.));
#3799 = DIRECTION('',(1.,0.,0.));
#3800 = ADVANCED_FACE('',(#3801),#3829,.T.);
#3801 = FACE_BOUND('',#3802,.T.);
#3802 = EDGE_LOOP('',(#3803,#3814,#3821,#3822));
#3803 = ORIENTED_EDGE('',*,*,#3804,.T.);
#3804 = EDGE_CURVE('',#3805,#3807,#3809,.T.);
#3805 = VERTEX_POINT('',#3806);
#3806 = CARTESIAN_POINT('',(2.1,-0.9,26.));
#3807 = VERTEX_POINT('',#3808);
#3808 = CARTESIAN_POINT('',(-0.9,2.1,26.));
#3809 = CIRCLE('',#3810,3.);
#3810 = AXIS2_PLACEMENT_3D('',#3811,#3812,#3813);
#3811 = CARTESIAN_POINT('',(2.1,2.1,26.));
#3812 = DIRECTION('',(-0.,0.,-1.));
#3813 = DIRECTION('',(-2.7E-16,-1.,0.));
#3814 = ORIENTED_EDGE('',*,*,#3815,.F.);
#3815 = EDGE_CURVE('',#2716,#3807,#3816,.T.);
#3816 = CIRCLE('',#3817,2.);
#3817 = AXIS2_PLACEMENT_3D('',#3818,#3819,#3820);
#3818 = CARTESIAN_POINT('',(-0.9,2.1,24.));
#3819 = DIRECTION('',(0.,1.,-0.));
#3820 = DIRECTION('',(-1.,0.,0.));
#3821 = ORIENTED_EDGE('',*,*,#2715,.F.);
#3822 = ORIENTED_EDGE('',*,*,#3823,.T.);
#3823 = EDGE_CURVE('',#2708,#3805,#3824,.T.);
#3824 = CIRCLE('',#3825,2.);
#3825 = AXIS2_PLACEMENT_3D('',#3826,#3827,#3828);
#3826 = CARTESIAN_POINT('',(2.1,-0.9,24.));
#3827 = DIRECTION('',(-1.,0.,0.));
#3828 = DIRECTION('',(0.,-1.,0.));
#3829 = TOROIDAL_SURFACE('',#3830,3.,2.);
#3830 = AXIS2_PLACEMENT_3D('',#3831,#3832,#3833);
#3831 = CARTESIAN_POINT('',(2.1,2.1,24.));
#3832 = DIRECTION('',(0.,0.,1.));
#3833 = DIRECTION('',(-2.7E-16,-1.,0.));
#3834 = ADVANCED_FACE('',(#3835),#3854,.T.);
#3835 = FACE_BOUND('',#3836,.T.);
#3836 = EDGE_LOOP('',(#3837,#3838,#3846,#3853));
#3837 = ORIENTED_EDGE('',*,*,#3815,.T.);
#3838 = ORIENTED_EDGE('',*,*,#3839,.T.);
#3839 = EDGE_CURVE('',#3807,#3840,#3842,.T.);
#3840 = VERTEX_POINT('',#3841);
#3841 = CARTESIAN_POINT('',(-0.9,35.45,26.));
#3842 = LINE('',#3843,#3844);
#3843 = CARTESIAN_POINT('',(-0.9,2.1,26.));
#3844 = VECTOR('',#3845,1.);
#3845 = DIRECTION('',(0.,1.,0.));
#3846 = ORIENTED_EDGE('',*,*,#3847,.F.);
#3847 = EDGE_CURVE('',#2743,#3840,#3848,.T.);
#3848 = CIRCLE('',#3849,2.);
#3849 = AXIS2_PLACEMENT_3D('',#3850,#3851,#3852);
#3850 = CARTESIAN_POINT('',(-0.9,35.45,24.));
#3851 = DIRECTION('',(0.,1.,-0.));
#3852 = DIRECTION('',(-1.,0.,0.));
#3853 = ORIENTED_EDGE('',*,*,#2742,.F.);
#3854 = CYLINDRICAL_SURFACE('',#3855,2.);
#3855 = AXIS2_PLACEMENT_3D('',#3856,#3857,#3858);
#3856 = CARTESIAN_POINT('',(-0.9,2.1,24.));
#3857 = DIRECTION('',(0.,1.,0.));
#3858 = DIRECTION('',(-1.,0.,0.));
#3859 = ADVANCED_FACE('',(#3860),#3866,.T.);
#3860 = FACE_BOUND('',#3861,.T.);
#3861 = EDGE_LOOP('',(#3862,#3863,#3864,#3865));
#3862 = ORIENTED_EDGE('',*,*,#2780,.T.);
#3863 = ORIENTED_EDGE('',*,*,#3250,.T.);
#3864 = ORIENTED_EDGE('',*,*,#3216,.T.);
#3865 = ORIENTED_EDGE('',*,*,#3231,.F.);
#3866 = PLANE('',#3867);
#3867 = AXIS2_PLACEMENT_3D('',#3868,#3869,#3870);
#3868 = CARTESIAN_POINT('',(-3.5,8.82,15.1));
#3869 = DIRECTION('',(0.,0.,1.));
#3870 = DIRECTION('',(1.,0.,0.));
#3871 = ADVANCED_FACE('',(#3872),#3875,.F.);
#3872 = FACE_BOUND('',#3873,.F.);
#3873 = EDGE_LOOP('',(#3874));
#3874 = ORIENTED_EDGE('',*,*,#2803,.T.);
#3875 = PLANE('',#3876);
#3876 = AXIS2_PLACEMENT_3D('',#3877,#3878,#3879);
#3877 = CARTESIAN_POINT('',(65.75,0.9,23.5));
#3878 = DIRECTION('',(0.,0.,1.));
#3879 = DIRECTION('',(1.,0.,0.));
#3880 = ADVANCED_FACE('',(#3881),#3908,.T.);
#3881 = FACE_BOUND('',#3882,.T.);
#3882 = EDGE_LOOP('',(#3883,#3892,#3900,#3907));
#3883 = ORIENTED_EDGE('',*,*,#3884,.T.);
#3884 = EDGE_CURVE('',#2965,#3885,#3887,.T.);
#3885 = VERTEX_POINT('',#3886);
#3886 = CARTESIAN_POINT('',(67.55,35.45,26.));
#3887 = CIRCLE('',#3888,2.);
#3888 = AXIS2_PLACEMENT_3D('',#3889,#3890,#3891);
#3889 = CARTESIAN_POINT('',(67.55,35.45,24.));
#3890 = DIRECTION('',(6.E-17,-1.,0.));
#3891 = DIRECTION('',(1.,6.E-17,0.));
#3892 = ORIENTED_EDGE('',*,*,#3893,.T.);
#3893 = EDGE_CURVE('',#3885,#3894,#3896,.T.);
#3894 = VERTEX_POINT('',#3895);
#3895 = CARTESIAN_POINT('',(67.55,2.1,26.));
#3896 = LINE('',#3897,#3898);
#3897 = CARTESIAN_POINT('',(67.55,35.45,26.));
#3898 = VECTOR('',#3899,1.);
#3899 = DIRECTION('',(0.,-1.,0.));
#3900 = ORIENTED_EDGE('',*,*,#3901,.F.);
#3901 = EDGE_CURVE('',#2973,#3894,#3902,.T.);
#3902 = CIRCLE('',#3903,2.);
#3903 = AXIS2_PLACEMENT_3D('',#3904,#3905,#3906);
#3904 = CARTESIAN_POINT('',(67.55,2.1,24.));
#3905 = DIRECTION('',(0.,-1.,0.));
#3906 = DIRECTION('',(1.,0.,0.));
#3907 = ORIENTED_EDGE('',*,*,#2972,.F.);
#3908 = CYLINDRICAL_SURFACE('',#3909,2.);
#3909 = AXIS2_PLACEMENT_3D('',#3910,#3911,#3912);
#3910 = CARTESIAN_POINT('',(67.55,35.45,24.));
#3911 = DIRECTION('',(0.,-1.,0.));
#3912 = DIRECTION('',(1.,0.,0.));
#3913 = ADVANCED_FACE('',(#3914),#3934,.T.);
#3914 = FACE_BOUND('',#3915,.T.);
#3915 = EDGE_LOOP('',(#3916,#3925,#3932,#3933));
#3916 = ORIENTED_EDGE('',*,*,#3917,.T.);
#3917 = EDGE_CURVE('',#3894,#3918,#3920,.T.);
#3918 = VERTEX_POINT('',#3919);
#3919 = CARTESIAN_POINT('',(64.55,-0.9,26.));
#3920 = CIRCLE('',#3921,3.);
#3921 = AXIS2_PLACEMENT_3D('',#3922,#3923,#3924);
#3922 = CARTESIAN_POINT('',(64.55,2.1,26.));
#3923 = DIRECTION('',(0.,0.,-1.));
#3924 = DIRECTION('',(1.,0.,0.));
#3925 = ORIENTED_EDGE('',*,*,#3926,.F.);
#3926 = EDGE_CURVE('',#2995,#3918,#3927,.T.);
#3927 = CIRCLE('',#3928,2.);
#3928 = AXIS2_PLACEMENT_3D('',#3929,#3930,#3931);
#3929 = CARTESIAN_POINT('',(64.55,-0.9,24.));
#3930 = DIRECTION('',(-1.,-6.E-17,0.));
#3931 = DIRECTION('',(6.E-17,-1.,0.));
#3932 = ORIENTED_EDGE('',*,*,#3006,.F.);
#3933 = ORIENTED_EDGE('',*,*,#3901,.T.);
#3934 = TOROIDAL_SURFACE('',#3935,3.,2.);
#3935 = AXIS2_PLACEMENT_3D('',#3936,#3937,#3938);
#3936 = CARTESIAN_POINT('',(64.55,2.1,24.));
#3937 = DIRECTION('',(0.,0.,1.));
#3938 = DIRECTION('',(1.,0.,0.));
#3939 = ADVANCED_FACE('',(#3940),#3951,.T.);
#3940 = FACE_BOUND('',#3941,.T.);
#3941 = EDGE_LOOP('',(#3942,#3943,#3949,#3950));
#3942 = ORIENTED_EDGE('',*,*,#3926,.T.);
#3943 = ORIENTED_EDGE('',*,*,#3944,.T.);
#3944 = EDGE_CURVE('',#3918,#3805,#3945,.T.);
#3945 = LINE('',#3946,#3947);
#3946 = CARTESIAN_POINT('',(64.55,-0.9,26.));
#3947 = VECTOR('',#3948,1.);
#3948 = DIRECTION('',(-1.,0.,0.));
#3949 = ORIENTED_EDGE('',*,*,#3823,.F.);
#3950 = ORIENTED_EDGE('',*,*,#3023,.F.);
#3951 = CYLINDRICAL_SURFACE('',#3952,2.);
#3952 = AXIS2_PLACEMENT_3D('',#3953,#3954,#3955);
#3953 = CARTESIAN_POINT('',(64.55,-0.9,24.));
#3954 = DIRECTION('',(-1.,0.,0.));
#3955 = DIRECTION('',(0.,-1.,0.));
#3956 = ADVANCED_FACE('',(#3957),#3960,.F.);
#3957 = FACE_BOUND('',#3958,.F.);
#3958 = EDGE_LOOP('',(#3959));
#3959 = ORIENTED_EDGE('',*,*,#3047,.T.);
#3960 = PLANE('',#3961);
#3961 = AXIS2_PLACEMENT_3D('',#3962,#3963,#3964);
#3962 = CARTESIAN_POINT('',(65.75,36.65,23.5));
#3963 = DIRECTION('',(0.,0.,1.));
#3964 = DIRECTION('',(1.,0.,0.));
#3965 = ADVANCED_FACE('',(#3966),#3986,.T.);
#3966 = FACE_BOUND('',#3967,.T.);
#3967 = EDGE_LOOP('',(#3968,#3977,#3984,#3985));
#3968 = ORIENTED_EDGE('',*,*,#3969,.T.);
#3969 = EDGE_CURVE('',#3840,#3970,#3972,.T.);
#3970 = VERTEX_POINT('',#3971);
#3971 = CARTESIAN_POINT('',(2.1,38.45,26.));
#3972 = CIRCLE('',#3973,3.);
#3973 = AXIS2_PLACEMENT_3D('',#3974,#3975,#3976);
#3974 = CARTESIAN_POINT('',(2.1,35.45,26.));
#3975 = DIRECTION('',(0.,0.,-1.));
#3976 = DIRECTION('',(-1.,0.,0.));
#3977 = ORIENTED_EDGE('',*,*,#3978,.F.);
#3978 = EDGE_CURVE('',#3075,#3970,#3979,.T.);
#3979 = CIRCLE('',#3980,2.);
#3980 = AXIS2_PLACEMENT_3D('',#3981,#3982,#3983);
#3981 = CARTESIAN_POINT('',(2.1,38.45,24.));
#3982 = DIRECTION('',(1.,6.E-17,-0.));
#3983 = DIRECTION('',(-6.E-17,1.,0.));
#3984 = ORIENTED_EDGE('',*,*,#3089,.F.);
#3985 = ORIENTED_EDGE('',*,*,#3847,.T.);
#3986 = TOROIDAL_SURFACE('',#3987,3.,2.);
#3987 = AXIS2_PLACEMENT_3D('',#3988,#3989,#3990);
#3988 = CARTESIAN_POINT('',(2.1,35.45,24.));
#3989 = DIRECTION('',(0.,0.,1.));
#3990 = DIRECTION('',(-1.,0.,0.));
#3991 = ADVANCED_FACE('',(#3992),#4011,.T.);
#3992 = FACE_BOUND('',#3993,.T.);
#3993 = EDGE_LOOP('',(#3994,#3995,#4003,#4010));
#3994 = ORIENTED_EDGE('',*,*,#3978,.T.);
#3995 = ORIENTED_EDGE('',*,*,#3996,.T.);
#3996 = EDGE_CURVE('',#3970,#3997,#3999,.T.);
#3997 = VERTEX_POINT('',#3998);
#3998 = CARTESIAN_POINT('',(64.55,38.45,26.));
#3999 = LINE('',#4000,#4001);
#4000 = CARTESIAN_POINT('',(2.1,38.45,26.));
#4001 = VECTOR('',#4002,1.);
#4002 = DIRECTION('',(1.,0.,0.));
#4003 = ORIENTED_EDGE('',*,*,#4004,.F.);
#4004 = EDGE_CURVE('',#3107,#3997,#4005,.T.);
#4005 = CIRCLE('',#4006,2.);
#4006 = AXIS2_PLACEMENT_3D('',#4007,#4008,#4009);
#4007 = CARTESIAN_POINT('',(64.55,38.45,24.));
#4008 = DIRECTION('',(1.,0.,0.));
#4009 = DIRECTION('',(0.,1.,0.));
#4010 = ORIENTED_EDGE('',*,*,#3106,.F.);
#4011 = CYLINDRICAL_SURFACE('',#4012,2.);
#4012 = AXIS2_PLACEMENT_3D('',#4013,#4014,#4015);
#4013 = CARTESIAN_POINT('',(2.1,38.45,24.));
#4014 = DIRECTION('',(1.,0.,0.));
#4015 = DIRECTION('',(0.,1.,0.));
#4016 = ADVANCED_FACE('',(#4017),#4029,.T.);
#4017 = FACE_BOUND('',#4018,.T.);
#4018 = EDGE_LOOP('',(#4019,#4026,#4027,#4028));
#4019 = ORIENTED_EDGE('',*,*,#4020,.T.);
#4020 = EDGE_CURVE('',#3997,#3885,#4021,.T.);
#4021 = CIRCLE('',#4022,3.);
#4022 = AXIS2_PLACEMENT_3D('',#4023,#4024,#4025);
#4023 = CARTESIAN_POINT('',(64.55,35.45,26.));
#4024 = DIRECTION('',(0.,0.,-1.));
#4025 = DIRECTION('',(0.,1.,0.));
#4026 = ORIENTED_EDGE('',*,*,#3884,.F.);
#4027 = ORIENTED_EDGE('',*,*,#3129,.F.);
#4028 = ORIENTED_EDGE('',*,*,#4004,.T.);
#4029 = TOROIDAL_SURFACE('',#4030,3.,2.);
#4030 = AXIS2_PLACEMENT_3D('',#4031,#4032,#4033);
#4031 = CARTESIAN_POINT('',(64.55,35.45,24.));
#4032 = DIRECTION('',(0.,0.,1.));
#4033 = DIRECTION('',(0.,1.,0.));
#4034 = ADVANCED_FACE('',(#4035),#4047,.T.);
#4035 = FACE_BOUND('',#4036,.T.);
#4036 = EDGE_LOOP('',(#4037,#4044,#4045,#4046));
#4037 = ORIENTED_EDGE('',*,*,#4038,.F.);
#4038 = EDGE_CURVE('',#3382,#3493,#4039,.T.);
#4039 = CIRCLE('',#4040,2.5);
#4040 = AXIS2_PLACEMENT_3D('',#4041,#4042,#4043);
#4041 = CARTESIAN_POINT('',(17.27,34.97,6.2));
#4042 = DIRECTION('',(0.,0.,1.));
#4043 = DIRECTION('',(1.,0.,0.));
#4044 = ORIENTED_EDGE('',*,*,#3379,.F.);
#4045 = ORIENTED_EDGE('',*,*,#3423,.T.);
#4046 = ORIENTED_EDGE('',*,*,#3492,.T.);
#4047 = CYLINDRICAL_SURFACE('',#4048,2.5);
#4048 = AXIS2_PLACEMENT_3D('',#4049,#4050,#4051);
#4049 = CARTESIAN_POINT('',(17.27,34.97,5.6));
#4050 = DIRECTION('',(0.,0.,1.));
#4051 = DIRECTION('',(1.,0.,0.));
#4052 = ADVANCED_FACE('',(#4053),#4058,.F.);
#4053 = FACE_BOUND('',#4054,.F.);
#4054 = EDGE_LOOP('',(#4055,#4056,#4057));
#4055 = ORIENTED_EDGE('',*,*,#3405,.F.);
#4056 = ORIENTED_EDGE('',*,*,#3500,.F.);
#4057 = ORIENTED_EDGE('',*,*,#4038,.F.);
#4058 = PLANE('',#4059);
#4059 = AXIS2_PLACEMENT_3D('',#4060,#4061,#4062);
#4060 = CARTESIAN_POINT('',(17.27,34.97,6.2));
#4061 = DIRECTION('',(0.,0.,1.));
#4062 = DIRECTION('',(1.,0.,0.));
#4063 = ADVANCED_FACE('',(#4064),#4083,.F.);
#4064 = FACE_BOUND('',#4065,.F.);
#4065 = EDGE_LOOP('',(#4066,#4075,#4081,#4082));
#4066 = ORIENTED_EDGE('',*,*,#4067,.F.);
#4067 = EDGE_CURVE('',#4068,#4068,#4070,.T.);
#4068 = VERTEX_POINT('',#4069);
#4069 = CARTESIAN_POINT('',(18.87,34.97,10.2));
#4070 = CIRCLE('',#4071,1.6);
#4071 = AXIS2_PLACEMENT_3D('',#4072,#4073,#4074);
#4072 = CARTESIAN_POINT('',(17.27,34.97,10.2));
#4073 = DIRECTION('',(0.,0.,1.));
#4074 = DIRECTION('',(1.,0.,0.));
#4075 = ORIENTED_EDGE('',*,*,#4076,.F.);
#4076 = EDGE_CURVE('',#3458,#4068,#4077,.T.);
#4077 = LINE('',#4078,#4079);
#4078 = CARTESIAN_POINT('',(18.87,34.97,5.6));
#4079 = VECTOR('',#4080,1.);
#4080 = DIRECTION('',(0.,0.,1.));
#4081 = ORIENTED_EDGE('',*,*,#3457,.T.);
#4082 = ORIENTED_EDGE('',*,*,#4076,.T.);
#4083 = CYLINDRICAL_SURFACE('',#4084,1.6);
#4084 = AXIS2_PLACEMENT_3D('',#4085,#4086,#4087);
#4085 = CARTESIAN_POINT('',(17.27,34.97,5.6));
#4086 = DIRECTION('',(0.,0.,1.));
#4087 = DIRECTION('',(1.,0.,0.));
#4088 = ADVANCED_FACE('',(#4089,#4092),#4103,.F.);
#4089 = FACE_BOUND('',#4090,.F.);
#4090 = EDGE_LOOP('',(#4091));
#4091 = ORIENTED_EDGE('',*,*,#3594,.T.);
#4092 = FACE_BOUND('',#4093,.F.);
#4093 = EDGE_LOOP('',(#4094));
#4094 = ORIENTED_EDGE('',*,*,#4095,.F.);
#4095 = EDGE_CURVE('',#4096,#4096,#4098,.T.);
#4096 = VERTEX_POINT('',#4097);
#4097 = CARTESIAN_POINT('',(65.54,34.86,5.6));
#4098 = CIRCLE('',#4099,1.6);
#4099 = AXIS2_PLACEMENT_3D('',#4100,#4101,#4102);
#4100 = CARTESIAN_POINT('',(63.94,34.86,5.6));
#4101 = DIRECTION('',(0.,0.,1.));
#4102 = DIRECTION('',(1.,0.,0.));
#4103 = PLANE('',#4104);
#4104 = AXIS2_PLACEMENT_3D('',#4105,#4106,#4107);
#4105 = CARTESIAN_POINT('',(63.94,34.86,5.6));
#4106 = DIRECTION('',(0.,0.,1.));
#4107 = DIRECTION('',(1.,0.,0.));
#4108 = ADVANCED_FACE('',(#4109),#4128,.F.);
#4109 = FACE_BOUND('',#4110,.F.);
#4110 = EDGE_LOOP('',(#4111,#4120,#4126,#4127));
#4111 = ORIENTED_EDGE('',*,*,#4112,.F.);
#4112 = EDGE_CURVE('',#4113,#4113,#4115,.T.);
#4113 = VERTEX_POINT('',#4114);
#4114 = CARTESIAN_POINT('',(65.59,2.7,10.2));
#4115 = CIRCLE('',#4116,1.6);
#4116 = AXIS2_PLACEMENT_3D('',#4117,#4118,#4119);
#4117 = CARTESIAN_POINT('',(63.99,2.7,10.2));
#4118 = DIRECTION('',(0.,0.,1.));
#4119 = DIRECTION('',(1.,0.,0.));
#4120 = ORIENTED_EDGE('',*,*,#4121,.F.);
#4121 = EDGE_CURVE('',#3674,#4113,#4122,.T.);
#4122 = LINE('',#4123,#4124);
#4123 = CARTESIAN_POINT('',(65.59,2.7,5.6));
#4124 = VECTOR('',#4125,1.);
#4125 = DIRECTION('',(0.,0.,1.));
#4126 = ORIENTED_EDGE('',*,*,#3673,.T.);
#4127 = ORIENTED_EDGE('',*,*,#4121,.T.);
#4128 = CYLINDRICAL_SURFACE('',#4129,1.6);
#4129 = AXIS2_PLACEMENT_3D('',#4130,#4131,#4132);
#4130 = CARTESIAN_POINT('',(63.99,2.7,5.6));
#4131 = DIRECTION('',(0.,0.,1.));
#4132 = DIRECTION('',(1.,0.,0.));
#4133 = ADVANCED_FACE('',(#4134),#4144,.T.);
#4134 = FACE_BOUND('',#4135,.T.);
#4135 = EDGE_LOOP('',(#4136,#4137,#4138,#4139,#4140,#4141,#4142,#4143));
#4136 = ORIENTED_EDGE('',*,*,#3839,.F.);
#4137 = ORIENTED_EDGE('',*,*,#3804,.F.);
#4138 = ORIENTED_EDGE('',*,*,#3944,.F.);
#4139 = ORIENTED_EDGE('',*,*,#3917,.F.);
#4140 = ORIENTED_EDGE('',*,*,#3893,.F.);
#4141 = ORIENTED_EDGE('',*,*,#4020,.F.);
#4142 = ORIENTED_EDGE('',*,*,#3996,.F.);
#4143 = ORIENTED_EDGE('',*,*,#3969,.F.);
#4144 = PLANE('',#4145);
#4145 = AXIS2_PLACEMENT_3D('',#4146,#4147,#4148);
#4146 = CARTESIAN_POINT('',(-2.9,-2.9,26.));
#4147 = DIRECTION('',(0.,0.,1.));
#4148 = DIRECTION('',(1.,0.,0.));
#4149 = ADVANCED_FACE('',(#4150),#4153,.F.);
#4150 = FACE_BOUND('',#4151,.F.);
#4151 = EDGE_LOOP('',(#4152));
#4152 = ORIENTED_EDGE('',*,*,#4067,.T.);
#4153 = PLANE('',#4154);
#4154 = AXIS2_PLACEMENT_3D('',#4155,#4156,#4157);
#4155 = CARTESIAN_POINT('',(17.27,34.97,10.2));
#4156 = DIRECTION('',(0.,0.,1.));
#4157 = DIRECTION('',(1.,0.,0.));
#4158 = ADVANCED_FACE('',(#4159),#4178,.F.);
#4159 = FACE_BOUND('',#4160,.F.);
#4160 = EDGE_LOOP('',(#4161,#4170,#4176,#4177));
#4161 = ORIENTED_EDGE('',*,*,#4162,.F.);
#4162 = EDGE_CURVE('',#4163,#4163,#4165,.T.);
#4163 = VERTEX_POINT('',#4164);
#4164 = CARTESIAN_POINT('',(65.54,34.86,10.2));
#4165 = CIRCLE('',#4166,1.6);
#4166 = AXIS2_PLACEMENT_3D('',#4167,#4168,#4169);
#4167 = CARTESIAN_POINT('',(63.94,34.86,10.2));
#4168 = DIRECTION('',(0.,0.,1.));
#4169 = DIRECTION('',(1.,0.,0.));
#4170 = ORIENTED_EDGE('',*,*,#4171,.F.);
#4171 = EDGE_CURVE('',#4096,#4163,#4172,.T.);
#4172 = LINE('',#4173,#4174);
#4173 = CARTESIAN_POINT('',(65.54,34.86,5.6));
#4174 = VECTOR('',#4175,1.);
#4175 = DIRECTION('',(0.,0.,1.));
#4176 = ORIENTED_EDGE('',*,*,#4095,.T.);
#4177 = ORIENTED_EDGE('',*,*,#4171,.T.);
#4178 = CYLINDRICAL_SURFACE('',#4179,1.6);
#4179 = AXIS2_PLACEMENT_3D('',#4180,#4181,#4182);
#4180 = CARTESIAN_POINT('',(63.94,34.86,5.6));
#4181 = DIRECTION('',(0.,0.,1.));
#4182 = DIRECTION('',(1.,0.,0.));
#4183 = ADVANCED_FACE('',(#4184),#4187,.F.);
#4184 = FACE_BOUND('',#4185,.F.);
#4185 = EDGE_LOOP('',(#4186));
#4186 = ORIENTED_EDGE('',*,*,#4112,.T.);
#4187 = PLANE('',#4188);
#4188 = AXIS2_PLACEMENT_3D('',#4189,#4190,#4191);
#4189 = CARTESIAN_POINT('',(63.99,2.7,10.2));
#4190 = DIRECTION('',(0.,0.,1.));
#4191 = DIRECTION('',(1.,0.,0.));
#4192 = ADVANCED_FACE('',(#4193),#4196,.F.);
#4193 = FACE_BOUND('',#4194,.F.);
#4194 = EDGE_LOOP('',(#4195));
#4195 = ORIENTED_EDGE('',*,*,#4162,.T.);
#4196 = PLANE('',#4197);
#4197 = AXIS2_PLACEMENT_3D('',#4198,#4199,#4200);
#4198 = CARTESIAN_POINT('',(63.94,34.86,10.2));
#4199 = DIRECTION('',(0.,0.,1.));
#4200 = DIRECTION('',(1.,0.,0.));
#4201 = ( GEOMETRIC_REPRESENTATION_CONTEXT(3) 
GLOBAL_UNCERTAINTY_ASSIGNED_CONTEXT((#4205)) 
GLOBAL_UNIT_ASSIGNED_CONTEXT((#4202,#4203,#4204)) REPRESENTATION_CONTEXT
('Context #1','3D Context with UNIT and UNCERTAINTY') );
#4202 = ( LENGTH_UNIT() NAMED_UNIT(*) SI_UNIT(.MILLI.,.METRE.) );
#4203 = ( NAMED_UNIT(*) PLANE_ANGLE_UNIT() SI_UNIT($,.RADIAN.) );
#4204 = ( NAMED_UNIT(*) SI_UNIT($,.STERADIAN.) SOLID_ANGLE_UNIT() );
#4205 = UNCERTAINTY_MEASURE_WITH_UNIT(LENGTH_MEASURE(1.E-07),#4202,
  'distance_accuracy_value','confusion accuracy');
#4206 = PRODUCT_RELATED_PRODUCT_CATEGORY('part',$,(#7));
ENDSEC;
END-ISO-10303-21;
