ISO-10303-21;
HEADER;
FILE_DESCRIPTION (( 'STEP AP214' ),
    '1' );
FILE_NAME ('SQD50P06-15L_GE3.STEP',
    '2026-09-18T12:02:19',
    ( '' ),
    ( '' ),
    'SwSTEP 2.0',
    'SolidWorks 2021',
    '' );
FILE_SCHEMA (( 'AUTOMOTIVE_DESIGN' ));
ENDSEC;

DATA;
#1 = DIRECTION ( 'NONE',  ( 1.000000000000000000, 0.000000000000000000, 0.000000000000000000 ) ) ;
#2 = FILL_AREA_STYLE ('',( #3943 ) ) ;
#3 = ORIENTED_EDGE ( 'NONE', *, *, #5172, .T. ) ;
#4 = CARTESIAN_POINT ( 'NONE',  ( -2.803133701591289828, 2.791138596892519974, 2.131987307660839992 ) ) ;
#5 = EDGE_CURVE ( 'NONE', #3604, #4373, #1350, .T. ) ;
#6 = CARTESIAN_POINT ( 'NONE',  ( -3.242815959658425395, 0.04809771563645240389, 0.000000000000000000 ) ) ;
#7 = DIRECTION ( 'NONE',  ( 1.000000000000000000, 0.000000000000000000, 0.000000000000000000 ) ) ;
#8 = AXIS2_PLACEMENT_3D ( 'NONE', #641, #1099, #1071 ) ;
#9 = CARTESIAN_POINT ( 'NONE',  ( 4.952500000000000568, -0.7672499999999999876, -2.044279695023479615 ) ) ;
#10 = AXIS2_PLACEMENT_3D ( 'NONE', #340, #1323, #4367 ) ;
#11 = AXIS2_PLACEMENT_3D ( 'NONE', #2817, #1511, #1078 ) ;
#12 = VERTEX_POINT ( 'NONE', #1718 ) ;
#13 = CARTESIAN_POINT ( 'NONE',  ( 3.270000000000000018, -2.534608270214920189, -1.355252715606880080E-17 ) ) ;
#14 = DIRECTION ( 'NONE',  ( 0.000000000000000000, -1.000000000000000000, 0.000000000000000000 ) ) ;
#15 = CARTESIAN_POINT ( 'NONE',  ( 3.545609128038689661, -0.7672499999999999876, 0.6562182560773820450 ) ) ;
#16 = DIRECTION ( 'NONE',  ( -1.000000000000000000, 0.000000000000000000, 0.000000000000000000 ) ) ;
#17 = EDGE_CURVE ( 'NONE', #1500, #95, #5278, .T. ) ;
#18 = ORIENTED_EDGE ( 'NONE', *, *, #391, .F. ) ;
#19 = ORIENTED_EDGE ( 'NONE', *, *, #4126, .F. ) ;
#20 = EDGE_CURVE ( 'NONE', #361, #3235, #3361, .T. ) ;
#21 = ORIENTED_EDGE ( 'NONE', *, *, #5454, .T. ) ;
#22 = FILL_AREA_STYLE_COLOUR ( '', #1644 ) ;
#23 = DIRECTION ( 'NONE',  ( 0.000000000000000000, -1.000000000000000000, 0.000000000000000000 ) ) ;
#25 = VECTOR ( 'NONE', #879, 1000.000000000000000 ) ;
#24 = LINE ( 'NONE', #4489, #4974 ) ;
#26 = LINE ( 'NONE', #2716, #4519 ) ;
#27 = CARTESIAN_POINT ( 'NONE',  ( -3.242815959658425395, 0.04809771563645270226, -1.899999999999999911 ) ) ;
#28 = ORIENTED_EDGE ( 'NONE', *, *, #4982, .T. ) ;
#29 = CARTESIAN_POINT ( 'NONE',  ( 3.572500000000000231, -0.7672499999999999876, -2.060000000000000053 ) ) ;
#30 = CARTESIAN_POINT ( 'NONE',  ( -4.952500000000000568, -0.6672500000000000098, 1.899999999999999911 ) ) ;
#31 = DIRECTION ( 'NONE',  ( 1.000000000000000000, 0.000000000000000000, 0.000000000000000000 ) ) ;
#32 = EDGE_CURVE ( 'NONE', #492, #2071, #3078, .T. ) ;
#33 = VECTOR ( 'NONE', #546, 1000.000000000000000 ) ;
#34 = DIRECTION ( 'NONE',  ( -1.084202172485502067E-15, 1.000000000000000000, 0.000000000000000000 ) ) ;
#35 = DIRECTION ( 'NONE',  ( 1.000000000000000000, 0.000000000000000000, 0.000000000000000000 ) ) ;
#36 = ORIENTED_EDGE ( 'NONE', *, *, #1712, .F. ) ;
#37 = LINE ( 'NONE', #5163, #5529 ) ;
#38 = CARTESIAN_POINT ( 'NONE',  ( -3.770634082987819991, 0.3248361564241389887, 2.754999999999999893 ) ) ;
#39 = VERTEX_POINT ( 'NONE', #2143 ) ;
#40 = EDGE_CURVE ( 'NONE', #4403, #95, #4822, .T. ) ;
#41 = VECTOR ( 'NONE', #555, 1000.000000000000000 ) ;
#42 = UNCERTAINTY_MEASURE_WITH_UNIT (LENGTH_MEASURE( 1.000000000000000082E-05 ), #1793, 'distance_accuracy_value', 'NONE');
#43 = ORIENTED_EDGE ( 'NONE', *, *, #496, .F. ) ;
#44 = FACE_OUTER_BOUND ( 'NONE', #3000, .T. ) ;
#45 = ORIENTED_EDGE ( 'NONE', *, *, #183, .F. ) ;
#46 = ORIENTED_EDGE ( 'NONE', *, *, #1285, .T. ) ;
#47 = B_SPLINE_CURVE_WITH_KNOTS ( 'NONE', 3,
 ( #1446, #185, #1966, #673, #1939, #4665, #4119, #4612, #4230, #235, #1076, #1129, #289, #3658, #1995, #260, #3685, #5421, #5448, #1591, #3280, #3739, #5506, #208, #1565, #2470, #1479, #3332, #2418, #3225 ),
 .UNSPECIFIED., .F., .F.,
 ( 4, 1, 2, 2, 2, 1, 2, 2, 2, 1, 2, 2, 2, 1, 2, 2, 4 ),
 ( 0.5000000000000000000, 0.5312500000000000000, 0.5468750000000000000, 0.5625000000000000000, 0.6250000000000000000, 0.6562500000000000000, 0.6718750000000000000, 0.6875000000000000000, 0.7500000000000000000, 0.7812500000000000000, 0.7968750000000000000, 0.8125000000000000000, 0.8750000000000000000, 0.9062500000000000000, 0.9218750000000000000, 0.9375000000000000000, 1.000000000000000000 ),
 .UNSPECIFIED. ) ;
#48 = AXIS2_PLACEMENT_3D ( 'NONE', #1513, #4532, #945 ) ;
#49 = CARTESIAN_POINT ( 'NONE',  ( 4.687102839788669151, -0.7672499999999999876, 0.000000000000000000 ) ) ;
#50 = EDGE_CURVE ( 'NONE', #126, #1111, #5485, .T. ) ;
#51 = EDGE_CURVE ( 'NONE', #830, #1597, #881, .T. ) ;
#52 = EDGE_CURVE ( 'NONE', #1130, #478, #4623, .T. ) ;
#53 = VERTEX_POINT ( 'NONE', #1687 ) ;
#54 = CARTESIAN_POINT ( 'NONE',  ( -3.770634082987819991, 0.3248361564241374899, -1.899999999999999911 ) ) ;
#55 = ORIENTED_EDGE ( 'NONE', *, *, #79, .T. ) ;
#56 = CARTESIAN_POINT ( 'NONE',  ( -3.270000000000000018, 3.047499999999999876, 0.07846988903112329938 ) ) ;
#57 = DIRECTION ( 'NONE',  ( 0.3333510335353614407, -0.8471196932672517832, -0.4138421362303549289 ) ) ;
#58 = FACE_OUTER_BOUND ( 'NONE', #2851, .T. ) ;
#59 = DIRECTION ( 'NONE',  ( -1.000000000000000000, -2.128539683750789910E-45, -7.362117524416030296E-31 ) ) ;
#60 = EDGE_CURVE ( 'NONE', #3871, #2095, #1751, .T. ) ;
#61 = ORIENTED_EDGE ( 'NONE', *, *, #1342, .F. ) ;
#62 = LINE ( 'NONE', #3619, #2823 ) ;
#63 = CARTESIAN_POINT ( 'NONE',  ( -4.319792374265440493, 0.2677499999999999880, 1.899999999999999911 ) ) ;
#64 = DIRECTION ( 'NONE',  ( 7.806255641895207833E-14, -0.7071067811866110775, -0.7071067811864839570 ) ) ;
#65 = CARTESIAN_POINT ( 'NONE',  ( 4.587102839788670394, -0.1922500000000000042, -1.844279695023479881 ) ) ;
#66 = DIRECTION ( 'NONE',  ( 0.000000000000000000, 1.000000000000000000, 0.000000000000000000 ) ) ;
#67 = ORIENTED_EDGE ( 'NONE', *, *, #5364, .T. ) ;
#68 = VECTOR ( 'NONE', #2582, 1000.000000000000000 ) ;
#69 = CARTESIAN_POINT ( 'NONE',  ( -4.120000000000000107, 0.03274999999999959888, -1.899999999999999911 ) ) ;
#70 = CARTESIAN_POINT ( 'NONE',  ( 4.587102839788670394, -0.1922500000000000042, 1.844279695023479881 ) ) ;
#71 = CARTESIAN_POINT ( 'NONE',  ( -4.270000000000000462, 0.2322500000000000120, -2.660000000000000142 ) ) ;
#72 = AXIS2_PLACEMENT_3D ( 'NONE', #2340, #1331, #2283 ) ;
#73 = AXIS2_PLACEMENT_3D ( 'NONE', #4229, #1153, #614 ) ;
#74 = ORIENTED_EDGE ( 'NONE', *, *, #1669, .T. ) ;
#75 = DIRECTION ( 'NONE',  ( -0.5675268619621517407, -0.8233548815373554763, 0.000000000000000000 ) ) ;
#76 = ORIENTED_EDGE ( 'NONE', *, *, #5, .F. ) ;
#77 = EDGE_CURVE ( 'NONE', #5109, #1784, #414, .T. ) ;
#78 = VERTEX_POINT ( 'NONE', #3921 ) ;
#79 = EDGE_CURVE ( 'NONE', #1759, #4200, #491, .T. ) ;
#80 = AXIS2_PLACEMENT_3D ( 'NONE', #525, #2278, #1846 ) ;
#81 = VERTEX_POINT ( 'NONE', #4415 ) ;
#82 = CARTESIAN_POINT ( 'NONE',  ( -3.798064039089805721, 0.2699408224499639242, -1.899999999999999911 ) ) ;
#83 = ORIENTED_EDGE ( 'NONE', *, *, #581, .F. ) ;
#84 = CARTESIAN_POINT ( 'NONE',  ( -3.587499999999999911, -0.2322500000000000120, 0.000000000000000000 ) ) ;
#85 = DIRECTION ( 'NONE',  ( -0.5314021314210146674, -0.5314021314210146674, 0.6597147485409168288 ) ) ;
#86 = DIRECTION ( 'NONE',  ( 0.000000000000000000, 3.564362208736594785E-16, -1.000000000000000000 ) ) ;
#87 = DIRECTION ( 'NONE',  ( 1.000000000000000000, 2.546383084002650169E-16, 0.000000000000000000 ) ) ;
#88 = ORIENTED_EDGE ( 'NONE', *, *, #2643, .F. ) ;
#89 = DIRECTION ( 'NONE',  ( 1.000000000000000000, 0.000000000000000000, 0.000000000000000000 ) ) ;
#90 = CARTESIAN_POINT ( 'NONE',  ( 4.852500000000000036, -0.5984999999999999210, -2.602500000000000036 ) ) ;
#91 = CIRCLE ( 'NONE', #5514, 0.09999999999999982514 ) ;
#92 = ADVANCED_FACE ( 'NONE', ( #2534 ), #5196, .T. ) ;
#93 = DIRECTION ( 'NONE',  ( 1.000000000000000000, 5.421010862427522170E-16, 1.897353801849632760E-15 ) ) ;
#94 = PLANE ( 'NONE',  #5492 ) ;
#95 = VERTEX_POINT ( 'NONE', #995 ) ;
#96 = CARTESIAN_POINT ( 'NONE',  ( -2.971360579745554897, -3.047500849660949918, 0.6750110128909360130 ) ) ;
#97 = SPHERICAL_SURFACE ( 'NONE', #4368, 0.09999999999999963085 ) ;
#98 = CARTESIAN_POINT ( 'NONE',  ( 0.4819120798423590091, -0.1922500000000000042, -0.3637895569954249786 ) ) ;
#99 = CIRCLE ( 'NONE', #5244, 0.7999999999999999334 ) ;
#100 = VERTEX_POINT ( 'NONE', #1424 ) ;
#101 = CARTESIAN_POINT ( 'NONE',  ( 0.000000000000000000, 0.000000000000000000, 2.354999999999999982 ) ) ;
#102 = ORIENTED_EDGE ( 'NONE', *, *, #116, .T. ) ;
#103 = ORIENTED_EDGE ( 'NONE', *, *, #3128, .T. ) ;
#104 = AXIS2_PLACEMENT_3D ( 'NONE', #3643, #86, #4870 ) ;
#105 = AXIS2_PLACEMENT_3D ( 'NONE', #4168, #5070, #1990 ) ;
#106 = AXIS2_PLACEMENT_3D ( 'NONE', #444, #820, #4791 ) ;
#107 = EDGE_CURVE ( 'NONE', #4677, #2877, #4443, .T. ) ;
#108 = ORIENTED_EDGE ( 'NONE', *, *, #3068, .T. ) ;
#109 =( NAMED_UNIT ( * ) SI_UNIT ( $, .STERADIAN. ) SOLID_ANGLE_UNIT ( ) );
#110 = ORIENTED_EDGE ( 'NONE', *, *, #345, .T. ) ;
#111 = CARTESIAN_POINT ( 'NONE',  ( -2.803133701591289828, -2.878590794297180011, 2.114950978616529920 ) ) ;
#112 = DIRECTION ( 'NONE',  ( 1.224646799147351975E-16, -1.000000000000000000, 0.000000000000000000 ) ) ;
#113 = CARTESIAN_POINT ( 'NONE',  ( 3.270000000000000018, 3.047499999999999876, 0.07846988903114750225 ) ) ;
#114 = DIRECTION ( 'NONE',  ( -2.593979029498029835E-16, -1.000000000000000000, 0.000000000000000000 ) ) ;
#115 = EDGE_CURVE ( 'NONE', #1737, #5060, #3427, .T. ) ;
#116 = EDGE_CURVE ( 'NONE', #1461, #5229, #5452, .T. ) ;
#117 = PRODUCT_CONTEXT ( 'NONE', #2481, 'mechanical' ) ;
#118 = ORIENTED_EDGE ( 'NONE', *, *, #5173, .F. ) ;
#119 = CARTESIAN_POINT ( 'NONE',  ( 3.972500000000000142, -0.1922500000000000042, 2.502499999999999947 ) ) ;
#120 = FACE_OUTER_BOUND ( 'NONE', #1268, .T. ) ;
#121 = DIRECTION ( 'NONE',  ( 0.000000000000000000, 0.000000000000000000, -1.000000000000000000 ) ) ;
#122 = DIRECTION ( 'NONE',  ( 0.000000000000000000, 0.000000000000000000, -1.000000000000000000 ) ) ;
#123 = EDGE_CURVE ( 'NONE', #4534, #1555, #1398, .T. ) ;
#124 = PLANE ( 'NONE',  #1452 ) ;
#125 = FACE_OUTER_BOUND ( 'NONE', #4768, .T. ) ;
#126 = VERTEX_POINT ( 'NONE', #4503 ) ;
#127 = DIRECTION ( 'NONE',  ( 0.000000000000000000, 0.000000000000000000, -1.000000000000000000 ) ) ;
#128 = FACE_OUTER_BOUND ( 'NONE', #2764, .T. ) ;
#129 = CARTESIAN_POINT ( 'NONE',  ( 3.399390871961310179, -0.09225000000000001255, 0.6562182560773820450 ) ) ;
#130 = CIRCLE ( 'NONE', #2150, 0.5000000000000000000 ) ;
#131 = EDGE_LOOP ( 'NONE', ( #2243, #2627, #1033, #3754 ) ) ;
#132 = CARTESIAN_POINT ( 'NONE',  ( 4.852500000000000036, -0.09224999999999888844, 2.502499999999999947 ) ) ;
#133 = EDGE_LOOP ( 'NONE', ( #3238, #2116, #3151, #278, #3880, #485, #5570, #2290 ) ) ;
#134 = VERTEX_POINT ( 'NONE', #968 ) ;
#135 = AXIS2_PLACEMENT_3D ( 'NONE', #386, #880, #4792 ) ;
#136 = ORIENTED_EDGE ( 'NONE', *, *, #115, .T. ) ;
#137 = DIRECTION ( 'NONE',  ( 0.000000000000000000, 1.000000000000000000, -8.673617379884035472E-15 ) ) ;
#138 = ORIENTED_EDGE ( 'NONE', *, *, #3799, .T. ) ;
#139 = CYLINDRICAL_SURFACE ( 'NONE', #682, 0.1000000000000000472 ) ;
#140 = CARTESIAN_POINT ( 'NONE',  ( -2.803133701591289828, 2.495677398353389975, 2.079999999999999627 ) ) ;
#141 = CARTESIAN_POINT ( 'NONE',  ( 3.872500000000000053, -0.7672499999999999876, 1.959999999999999964 ) ) ;
#142 = DIRECTION ( 'NONE',  ( 1.000000000000000000, 5.139921410301649810E-16, 0.000000000000000000 ) ) ;
#143 = VERTEX_POINT ( 'NONE', #4884 ) ;
#144 = LINE ( 'NONE', #1529, #4027 ) ;
#145 = DIRECTION ( 'NONE',  ( 0.000000000000000000, -1.000000000000000000, 0.000000000000000000 ) ) ;
#146 = CIRCLE ( 'NONE', #2882, 0.1000000000000002554 ) ;
#147 = CARTESIAN_POINT ( 'NONE',  ( 3.572500000000000231, -0.1922499999999977005, -2.060000000000005382 ) ) ;
#148 = DIRECTION ( 'NONE',  ( -8.223874256482640091E-16, 1.000000000000000000, 0.000000000000000000 ) ) ;
#149 = EDGE_CURVE ( 'NONE', #4421, #3802, #1964, .T. ) ;
#150 = CIRCLE ( 'NONE', #4370, 0.1000000000000000194 ) ;
#151 = CYLINDRICAL_SURFACE ( 'NONE', #3558, 0.1499999999999999667 ) ;
#152 = LINE ( 'NONE', #2759, #2897 ) ;
#153 = ORIENTED_EDGE ( 'NONE', *, *, #4501, .F. ) ;
#154 = DIRECTION ( 'NONE',  ( 0.000000000000000000, 1.000000000000000000, 0.000000000000000000 ) ) ;
#155 = DIRECTION ( 'NONE',  ( -5.284080787925679578E-49, 9.747408595967080022E-34, 1.000000000000000000 ) ) ;
#156 = DIRECTION ( 'NONE',  ( 0.000000000000000000, 0.000000000000000000, 1.000000000000000000 ) ) ;
#157 = ADVANCED_FACE ( 'NONE', ( #1882 ), #2731, .T. ) ;
#158 = CIRCLE ( 'NONE', #2535, 0.5650556301437581475 ) ;
#159 = PLANE ( 'NONE',  #5302 ) ;
#160 = VERTEX_POINT ( 'NONE', #4123 ) ;
#161 = VERTEX_POINT ( 'NONE', #3631 ) ;
#162 = AXIS2_PLACEMENT_3D ( 'NONE', #4900, #3615, #2748 ) ;
#163 = AXIS2_PLACEMENT_3D ( 'NONE', #3390, #3014, #5213 ) ;
#164 = EDGE_LOOP ( 'NONE', ( #1967, #5457, #271 ) ) ;
#165 = LINE ( 'NONE', #3368, #2378 ) ;
#166 = EDGE_CURVE ( 'NONE', #3553, #3934, #4009, .T. ) ;
#167 = ORIENTED_EDGE ( 'NONE', *, *, #936, .F. ) ;
#168 = DIRECTION ( 'NONE',  ( -1.000000000000000000, 0.000000000000000000, 0.000000000000000000 ) ) ;
#169 = AXIS2_PLACEMENT_3D ( 'NONE', #3298, #3324, #4601 ) ;
#170 = DIRECTION ( 'NONE',  ( -8.611386656002740130E-16, 1.000000000000000000, 0.000000000000000000 ) ) ;
#171 = CIRCLE ( 'NONE', #5411, 0.1000000000000000472 ) ;
#172 = DIRECTION ( 'NONE',  ( 1.000000000000000000, 0.000000000000000000, 0.000000000000000000 ) ) ;
#173 = ADVANCED_FACE ( 'NONE', ( #3602 ), #1943, .F. ) ;
#174 = AXIS2_PLACEMENT_3D ( 'NONE', #2628, #5373, #2216 ) ;
#175 = ORIENTED_EDGE ( 'NONE', *, *, #523, .T. ) ;
#176 = DIRECTION ( 'NONE',  ( 0.000000000000000000, 0.000000000000000000, 1.000000000000000000 ) ) ;
#177 = DIRECTION ( 'NONE',  ( -4.823386660693620032E-16, 1.000000000000000000, 0.000000000000000000 ) ) ;
#178 = CYLINDRICAL_SURFACE ( 'NONE', #1704, 0.1000000000000000194 ) ;
#179 = SPHERICAL_SURFACE ( 'NONE', #1851, 0.1000000000000090955 ) ;
#180 = EDGE_CURVE ( 'NONE', #4941, #2738, #2242, .T. ) ;
#181 = DIRECTION ( 'NONE',  ( 0.000000000000000000, -1.000000000000000000, 0.000000000000000000 ) ) ;
#182 = CIRCLE ( 'NONE', #358, 0.1499999999999999667 ) ;
#183 = EDGE_CURVE ( 'NONE', #3115, #5458, #2287, .T. ) ;
#184 = DIRECTION ( 'NONE',  ( 1.000000000000000000, 0.000000000000000000, 0.000000000000000000 ) ) ;
#185 = CARTESIAN_POINT ( 'NONE',  ( -0.5217879158365159586, -0.03299936581382575257, 2.330000000000000071 ) ) ;
#186 = ORIENTED_EDGE ( 'NONE', *, *, #5140, .F. ) ;
#187 = DIRECTION ( 'NONE',  ( 0.000000000000000000, -1.000000000000000000, 0.000000000000000000 ) ) ;
#188 = DIRECTION ( 'NONE',  ( 0.000000000000000000, 0.000000000000000000, 1.000000000000000000 ) ) ;
#189 = ADVANCED_FACE ( 'NONE', ( #1857 ), #5363, .T. ) ;
#190 = DIRECTION ( 'NONE',  ( 1.000000000000000000, 0.000000000000000000, 0.000000000000000000 ) ) ;
#191 = AXIS2_PLACEMENT_3D ( 'NONE', #2330, #172, #4080 ) ;
#192 = EDGE_LOOP ( 'NONE', ( #202, #2196, #3491, #3430 ) ) ;
#193 = ORIENTED_EDGE ( 'NONE', *, *, #2019, .F. ) ;
#194 = ORIENTED_EDGE ( 'NONE', *, *, #2329, .T. ) ;
#195 = VECTOR ( 'NONE', #4142, 1000.000000000000000 ) ;
#196 = EDGE_LOOP ( 'NONE', ( #1582, #3902, #3577, #1032 ) ) ;
#198 = AXIS2_PLACEMENT_3D ( 'NONE', #1448, #2761, #4530 ) ;
#197 = DIRECTION ( 'NONE',  ( 1.000000000000000000, 0.000000000000000000, 0.000000000000000000 ) ) ;
#199 = FACE_OUTER_BOUND ( 'NONE', #4181, .T. ) ;
#200 = CARTESIAN_POINT ( 'NONE',  ( -0.1876463634799900027, -0.5790205641327239583, 2.380000000000000338 ) ) ;
#201 =( NAMED_UNIT ( * ) PLANE_ANGLE_UNIT ( ) SI_UNIT ( $, .RADIAN. ) );
#202 = ORIENTED_EDGE ( 'NONE', *, *, #3826, .F. ) ;
#203 = CARTESIAN_POINT ( 'NONE',  ( -3.833333768778754980, 0.1521730769229940050, -2.754999999999999893 ) ) ;
#204 = CARTESIAN_POINT ( 'NONE',  ( 3.417221359549995174, -0.1028072809000079996, 2.060000000000000053 ) ) ;
#205 = CARTESIAN_POINT ( 'NONE',  ( -0.4710134658122529516, 0.2251759213886164734, 2.330000000000000071 ) ) ;
#206 = CARTESIAN_POINT ( 'NONE',  ( -2.855207625734559773, -0.2677499999999999880, -1.804999999999999938 ) ) ;
#207 = DIRECTION ( 'NONE',  ( 0.000000000000000000, 0.000000000000000000, -1.000000000000000000 ) ) ;
#208 = CARTESIAN_POINT ( 'NONE',  ( 0.4278595682413099954, -0.3025170797989929494, 2.330000000000000071 ) ) ;
#209 = EDGE_LOOP ( 'NONE', ( #3539, #1000, #1252, #365, #1854 ) ) ;
#210 = CARTESIAN_POINT ( 'NONE',  ( 0.9497701770995169435, -0.09225000000000001255, -0.8026513691178059906 ) ) ;
#211 = LINE ( 'NONE', #319, #321 ) ;
#212 = VECTOR ( 'NONE', #2617, 1000.000000000000000 ) ;
#213 = PRODUCT_DEFINITION_CONTEXT ( 'detailed design', #5064, 'design' ) ;
#214 = LINE ( 'NONE', #1082, #432 ) ;
#215 = ORIENTED_EDGE ( 'NONE', *, *, #4735, .T. ) ;
#216 = ORIENTED_EDGE ( 'NONE', *, *, #1041, .T. ) ;
#217 = EDGE_CURVE ( 'NONE', #4182, #822, #1410, .T. ) ;
#218 = EDGE_LOOP ( 'NONE', ( #3520, #3451, #2864, #3074 ) ) ;
#219 = CIRCLE ( 'NONE', #5089, 0.1000000000000002554 ) ;
#220 = VERTEX_POINT ( 'NONE', #2763 ) ;
#221 = DIRECTION ( 'NONE',  ( 1.000000000000000000, 0.000000000000000000, 0.000000000000000000 ) ) ;
#222 = EDGE_CURVE ( 'NONE', #616, #1272, #1799, .T. ) ;
#223 = ADVANCED_FACE ( 'NONE', ( #592 ), #4997, .F. ) ;
#224 = CARTESIAN_POINT ( 'NONE',  ( 4.852500000000000036, -0.1922500000000000042, -1.944279695023479970 ) ) ;
#225 = AXIS2_PLACEMENT_3D ( 'NONE', #3731, #4577, #4630 ) ;
#226 = ORIENTED_EDGE ( 'NONE', *, *, #1098, .F. ) ;
#227 = CARTESIAN_POINT ( 'NONE',  ( 4.852500000000000036, -0.4297500000000000209, -2.044279695023479615 ) ) ;
#228 = DIRECTION ( 'NONE',  ( 0.9982683598298541794, 4.489643301426651119E-16, -0.05882415968471771395 ) ) ;
#229 = DIRECTION ( 'NONE',  ( -1.000000000000000000, -3.383491205628860126E-44, 3.900899771617660644E-30 ) ) ;
#230 = DIRECTION ( 'NONE',  ( 0.7071067811865193731, 6.342582709039627910E-14, 0.7071067811865756614 ) ) ;
#231 = CARTESIAN_POINT ( 'NONE',  ( -2.855207625734559773, -0.2677499999999999880, 2.754999999999999893 ) ) ;
#232 = EDGE_CURVE ( 'NONE', #4064, #4419, #2065, .T. ) ;
#233 = ORIENTED_EDGE ( 'NONE', *, *, #5323, .F. ) ;
#234 = DIRECTION ( 'NONE',  ( -1.000000000000000000, -4.497431234013940009E-16, 0.000000000000000000 ) ) ;
#235 = CARTESIAN_POINT ( 'NONE',  ( -0.3025170797989855109, -0.4278595682413205425, 2.330000000000000071 ) ) ;
#236 = ORIENTED_EDGE ( 'NONE', *, *, #2902, .T. ) ;
#237 = DIRECTION ( 'NONE',  ( -1.084202172485502067E-15, 1.000000000000000000, 0.000000000000000000 ) ) ;
#238 = DIRECTION ( 'NONE',  ( -1.000000000000000000, 0.000000000000000000, 0.000000000000000000 ) ) ;
#239 = AXIS2_PLACEMENT_3D ( 'NONE', #812, #4697, #3854 ) ;
#240 = ORIENTED_EDGE ( 'NONE', *, *, #1626, .T. ) ;
#241 = ORIENTED_EDGE ( 'NONE', *, *, #4555, .F. ) ;
#242 = ADVANCED_FACE ( 'NONE', ( #5588 ), #3769, .T. ) ;
#243 = VECTOR ( 'NONE', #3155, 1000.000000000000227 ) ;
#244 = ORIENTED_EDGE ( 'NONE', *, *, #4911, .T. ) ;
#245 = VERTEX_POINT ( 'NONE', #5128 ) ;
#246 = DIRECTION ( 'NONE',  ( -1.000000000000000000, -1.084202172485503842E-15, 0.000000000000000000 ) ) ;
#247 = LINE ( 'NONE', #2880, #989 ) ;
#248 = AXIS2_PLACEMENT_3D ( 'NONE', #316, #3041, #5155 ) ;
#249 = ADVANCED_FACE ( 'NONE', ( #5509 ), #1105, .T. ) ;
#250 = EDGE_CURVE ( 'NONE', #78, #4622, #3258, .T. ) ;
#251 = VERTEX_POINT ( 'NONE', #5535 ) ;
#252 = AXIS2_PLACEMENT_3D ( 'NONE', #2556, #3072, #1713 ) ;
#253 = SPHERICAL_SURFACE ( 'NONE', #1180, 0.3000000000000028200 ) ;
#254 = FACE_OUTER_BOUND ( 'NONE', #2938, .T. ) ;
#255 = CARTESIAN_POINT ( 'NONE',  ( -3.414865336152355102, -0.3451191649770725123, 0.000000000000000000 ) ) ;
#256 = CARTESIAN_POINT ( 'NONE',  ( -0.2587350945008085046, 0.4587993498137860060, 2.330000000000000071 ) ) ;
#257 = DIRECTION ( 'NONE',  ( 1.017966884454942101E-14, 1.000000000000000000, 1.017966884454949674E-14 ) ) ;
#258 = VERTEX_POINT ( 'NONE', #4699 ) ;
#259 = LINE ( 'NONE', #1075, #3469 ) ;
#260 = CARTESIAN_POINT ( 'NONE',  ( 0.03299936581382414275, -0.5217879158365159586, 2.330000000000000071 ) ) ;
#261 = ORIENTED_EDGE ( 'NONE', *, *, #1742, .F. ) ;
#262 = CARTESIAN_POINT ( 'NONE',  ( -3.770634082987814661, 0.3248361564241374899, -2.660000000000000142 ) ) ;
#263 = FACE_OUTER_BOUND ( 'NONE', #1862, .T. ) ;
#264 =( GEOMETRIC_REPRESENTATION_CONTEXT ( 3 ) GLOBAL_UNCERTAINTY_ASSIGNED_CONTEXT ( ( #3957 ) ) GLOBAL_UNIT_ASSIGNED_CONTEXT ( ( #2351, #3668, #2451 ) ) REPRESENTATION_CONTEXT ( 'NONE', 'WORKASPACE' ) );
#265 = EDGE_CURVE ( 'NONE', #1588, #5060, #2446, .T. ) ;
#266 = DIRECTION ( 'NONE',  ( 1.000000000000000000, 7.228014483236697541E-16, 0.000000000000000000 ) ) ;
#267 = ORIENTED_EDGE ( 'NONE', *, *, #2902, .F. ) ;
#268 = ORIENTED_EDGE ( 'NONE', *, *, #5561, .T. ) ;
#269 = AXIS2_PLACEMENT_3D ( 'NONE', #5439, #3215, #3295 ) ;
#270 = ORIENTED_EDGE ( 'NONE', *, *, #605, .T. ) ;
#271 = ORIENTED_EDGE ( 'NONE', *, *, #4227, .F. ) ;
#272 = CARTESIAN_POINT ( 'NONE',  ( 3.872500000000000053, -0.09225000000000001255, -2.060000000000000053 ) ) ;
#273 = MECHANICAL_DESIGN_GEOMETRIC_PRESENTATION_REPRESENTATION (  '', ( #2927 ), #1383 ) ;
#274 = CARTESIAN_POINT ( 'NONE',  ( 0.3526862237599634464, -0.4989056601461620000, 2.380000000000000338 ) ) ;
#275 = EDGE_CURVE ( 'NONE', #4449, #5344, #211, .T. ) ;
#276 = SHAPE_DEFINITION_REPRESENTATION ( #597, #1073 ) ;
#277 = AXIS2_PLACEMENT_3D ( 'NONE', #4852, #2755, #5418 ) ;
#278 = ORIENTED_EDGE ( 'NONE', *, *, #17, .T. ) ;
#279 = LINE ( 'NONE', #2096, #917 ) ;
#280 = CARTESIAN_POINT ( 'NONE',  ( -3.269704183480209192, -2.749247090774319169, 0.6775218358312329325 ) ) ;
#281 = CARTESIAN_POINT ( 'NONE',  ( -3.270000000000000018, 3.047499999999999876, 0.6750000000000000444 ) ) ;
#282 = CARTESIAN_POINT ( 'NONE',  ( 0.8524999999999999245, -0.1922500000000000042, 0.8629237369103519573 ) ) ;
#283 = CARTESIAN_POINT ( 'NONE',  ( 3.372500000000000053, -0.1922500000000000042, -2.060000000000000053 ) ) ;
#284 = AXIS2_PLACEMENT_3D ( 'NONE', #206, #2017, #3248 ) ;
#285 = EDGE_CURVE ( 'NONE', #1013, #5183, #3714, .T. ) ;
#286 = EDGE_CURVE ( 'NONE', #5229, #4840, #3538, .T. ) ;
#287 = VERTEX_POINT ( 'NONE', #1594 ) ;
#288 = FACE_OUTER_BOUND ( 'NONE', #2055, .T. ) ;
#289 = CARTESIAN_POINT ( 'NONE',  ( -0.2073901124599374923, -0.4790325118501690405, 2.330000000000000071 ) ) ;
#290 = ORIENTED_EDGE ( 'NONE', *, *, #431, .T. ) ;
#291 = CARTESIAN_POINT ( 'NONE',  ( 0.9311267816958480603, -0.09225000000000001255, -0.7152007220331150217 ) ) ;
#292 = DIRECTION ( 'NONE',  ( 0.4082482904638307653, -0.8164965809277051623, 0.4082482904639369026 ) ) ;
#293 = ADVANCED_FACE ( 'NONE', ( #1539 ), #3742, .T. ) ;
#294 = ADVANCED_FACE ( 'NONE', ( #2077 ), #2050, .T. ) ;
#295 = EDGE_CURVE ( 'NONE', #95, #143, #1060, .T. ) ;
#296 = DIRECTION ( 'NONE',  ( 0.05882415968471822743, 0.000000000000000000, -0.9982683598298539573 ) ) ;
#297 = VERTEX_POINT ( 'NONE', #4639 ) ;
#298 = DIRECTION ( 'NONE',  ( 1.000000000000000000, 5.421010862427508365E-16, 0.000000000000000000 ) ) ;
#299 = CIRCLE ( 'NONE', #4998, 0.2999999999999999334 ) ;
#300 = DIRECTION ( 'NONE',  ( 1.000000000000000000, 4.497431234013940009E-16, 0.000000000000000000 ) ) ;
#301 = ORIENTED_EDGE ( 'NONE', *, *, #5208, .T. ) ;
#302 = PRODUCT_DEFINITION ( 'UNKNOWN', '', #3395, #213 ) ;
#303 = ORIENTED_EDGE ( 'NONE', *, *, #2153, .F. ) ;
#304 = ORIENTED_EDGE ( 'NONE', *, *, #4355, .T. ) ;
#305 = CARTESIAN_POINT ( 'NONE',  ( -3.269704183480209192, -2.749247090774319169, 0.6775218358312329325 ) ) ;
#306 = CIRCLE ( 'NONE', #498, 0.5000000000000000000 ) ;
#307 = ORIENTED_EDGE ( 'NONE', *, *, #3699, .T. ) ;
#308 = CYLINDRICAL_SURFACE ( 'NONE', #3011, 0.09999999999999999167 ) ;
#309 = DIRECTION ( 'NONE',  ( -0.1157205707370556474, -0.1157205707370560499, -0.9865178655334024826 ) ) ;
#310 = CARTESIAN_POINT ( 'NONE',  ( 0.5419194980434660636, -0.09225000000000001255, 0.3700601242125209911 ) ) ;
#311 = CARTESIAN_POINT ( 'NONE',  ( -2.803133701591289828, 2.495677398353389975, 2.079999999999999627 ) ) ;
#312 = SPHERICAL_SURFACE ( 'NONE', #2223, 0.09999999999999525935 ) ;
#313 = EDGE_LOOP ( 'NONE', ( #5565, #4918, #1837, #3464, #2673, #138, #5513, #3028 ) ) ;
#314 = CARTESIAN_POINT ( 'NONE',  ( -4.270000000000000462, -0.4997499999999999720, -2.660000000000000142 ) ) ;
#315 = EDGE_CURVE ( 'NONE', #2071, #2540, #513, .T. ) ;
#316 = CARTESIAN_POINT ( 'NONE',  ( -4.120000000000000107, 0.03274999999999959888, -2.754999999999999893 ) ) ;
#317 = ORIENTED_EDGE ( 'NONE', *, *, #3135, .T. ) ;
#318 = CARTESIAN_POINT ( 'NONE',  ( -0.2625295485153629760, 0.5492081243723240247, 2.380000000000000338 ) ) ;
#319 = CARTESIAN_POINT ( 'NONE',  ( -3.833333768778729667, 0.1521730769230759950, -2.660000000000000142 ) ) ;
#320 = B_SPLINE_CURVE_WITH_KNOTS ( 'NONE', 3,
 ( #941, #2232, #2727, #1419, #2672, #4933 ),
 .UNSPECIFIED., .F., .F.,
 ( 4, 2, 4 ),
 ( 0.000000000000000000, 0.5000000000000000000, 1.000000000000000000 ),
 .UNSPECIFIED. ) ;
#321 = VECTOR ( 'NONE', #5481, 1000.000000000000000 ) ;
#322 = DIRECTION ( 'NONE',  ( 0.000000000000000000, 0.000000000000000000, -1.000000000000000000 ) ) ;
#323 = ADVANCED_FACE ( 'NONE', ( #2025 ), #2422, .T. ) ;
#324 = CARTESIAN_POINT ( 'NONE',  ( 0.000000000000000000, 0.000000000000000000, 0.000000000000000000 ) ) ;
#325 = ORIENTED_EDGE ( 'NONE', *, *, #5182, .T. ) ;
#326 = FACE_OUTER_BOUND ( 'NONE', #2636, .T. ) ;
#327 = ORIENTED_EDGE ( 'NONE', *, *, #3178, .T. ) ;
#328 = VECTOR ( 'NONE', #842, 1000.000000000000000 ) ;
#329 = ORIENTED_EDGE ( 'NONE', *, *, #3568, .F. ) ;
#330 = ORIENTED_EDGE ( 'NONE', *, *, #1756, .T. ) ;
#331 = DIRECTION ( 'NONE',  ( -0.5773502691896257311, 0.5773502691896270633, -0.5773502691896246208 ) ) ;
#332 = EDGE_CURVE ( 'NONE', #5142, #2020, #421, .T. ) ;
#333 = VECTOR ( 'NONE', #1282, 1000.000000000000000 ) ;
#334 = VERTEX_POINT ( 'NONE', #4668 ) ;
#335 = DIRECTION ( 'NONE',  ( 0.000000000000000000, 0.000000000000000000, -1.000000000000000000 ) ) ;
#336 = CARTESIAN_POINT ( 'NONE',  ( -4.319792374265440493, -0.2322500000000000120, 0.000000000000000000 ) ) ;
#337 = LINE ( 'NONE', #3443, #1483 ) ;
#338 = FACE_OUTER_BOUND ( 'NONE', #1038, .T. ) ;
#339 = CIRCLE ( 'NONE', #5674, 0.3000000000000000444 ) ;
#340 = CARTESIAN_POINT ( 'NONE',  ( 3.772499999999999964, -0.7672499999999999876, -2.060000000000000053 ) ) ;
#341 = ORIENTED_EDGE ( 'NONE', *, *, #3203, .T. ) ;
#342 = PLANE ( 'NONE',  #443 ) ;
#343 = SPHERICAL_SURFACE ( 'NONE', #4856, 0.3000000000000003775 ) ;
#344 = VERTEX_POINT ( 'NONE', #734 ) ;
#345 = EDGE_CURVE ( 'NONE', #3543, #160, #5567, .T. ) ;
#346 = CARTESIAN_POINT ( 'NONE',  ( -4.952500000000000568, -0.2322500000000000120, 0.000000000000000000 ) ) ;
#347 = DIRECTION ( 'NONE',  ( 1.000000000000000000, 0.000000000000000000, 0.000000000000000000 ) ) ;
#348 = VECTOR ( 'NONE', #3540, 1000.000000000000000 ) ;
#349 = ADVANCED_FACE ( 'NONE', ( #263 ), #1617, .F. ) ;
#350 = EDGE_CURVE ( 'NONE', #1006, #5598, #890, .T. ) ;
#351 = CARTESIAN_POINT ( 'NONE',  ( 3.399390871961310179, -0.09225000000000001255, -0.6562182560773820450 ) ) ;
#352 = VECTOR ( 'NONE', #335, 1000.000000000000000 ) ;
#353 = VERTEX_POINT ( 'NONE', #4286 ) ;
#354 = DIRECTION ( 'NONE',  ( 0.000000000000000000, 0.000000000000000000, -1.000000000000000000 ) ) ;
#355 = CARTESIAN_POINT ( 'NONE',  ( 0.4760296638738870101, -0.7672499999999999876, 0.4636163929784100080 ) ) ;
#356 = VERTEX_POINT ( 'NONE', #4726 ) ;
#357 = EDGE_CURVE ( 'NONE', #2682, #2429, #5270, .T. ) ;
#358 = AXIS2_PLACEMENT_3D ( 'NONE', #3477, #3817, #5581 ) ;
#359 = EDGE_LOOP ( 'NONE', ( #1547, #4479, #2693, #5469 ) ) ;
#360 = CARTESIAN_POINT ( 'NONE',  ( 0.4760296638738870101, -0.7672499999999999876, 0.4636163929784100080 ) ) ;
#361 = VERTEX_POINT ( 'NONE', #3914 ) ;
#362 = EDGE_LOOP ( 'NONE', ( #2878, #797, #5162, #1864, #646 ) ) ;
#363 = CARTESIAN_POINT ( 'NONE',  ( 3.772500000000003961, -0.1922500000000074427, 2.059999999999994280 ) ) ;
#364 = EDGE_CURVE ( 'NONE', #856, #4505, #3948, .T. ) ;
#365 = ORIENTED_EDGE ( 'NONE', *, *, #2968, .T. ) ;
#366 = FACE_OUTER_BOUND ( 'NONE', #793, .T. ) ;
#367 = CARTESIAN_POINT ( 'NONE',  ( 0.4525000000000000133, -0.7672499999999999876, -0.8629237369103519573 ) ) ;
#368 = CARTESIAN_POINT ( 'NONE',  ( 3.827357911324219764, -0.09225000000000001255, 1.860000000000000098 ) ) ;
#369 = LINE ( 'NONE', #804, #3513 ) ;
#370 = CARTESIAN_POINT ( 'NONE',  ( -2.866011742435759846, -0.1013778989213650061, -2.754999999999999893 ) ) ;
#371 = PRODUCT_DEFINITION ( 'UNKNOWN', '', #4414, #2448 ) ;
#372 = CARTESIAN_POINT ( 'NONE',  ( 0.9525000000000000133, -0.1922500000000000042, -1.080000000000000071 ) ) ;
#373 = AXIS2_PLACEMENT_3D ( 'NONE', #4898, #4950, #2715 ) ;
#374 = ORIENTED_EDGE ( 'NONE', *, *, #2908, .F. ) ;
#375 = LINE ( 'NONE', #5211, #3932 ) ;
#376 = DIRECTION ( 'NONE',  ( -1.000000000000000000, -5.482582837655000045E-16, 0.000000000000000000 ) ) ;
#377 = EDGE_LOOP ( 'NONE', ( #4940, #1655, #2838, #3320 ) ) ;
#378 = CARTESIAN_POINT ( 'NONE',  ( -0.6083569003329799552, 7.450223307319891365E-17, 2.380000000000000338 ) ) ;
#379 = AXIS2_PLACEMENT_3D ( 'NONE', #3940, #2070, #1295 ) ;
#380 = CARTESIAN_POINT ( 'NONE',  ( 0.4917015374391100480, 0.1753850008624280032, 2.330000000000000071 ) ) ;
#381 = AXIS2_PLACEMENT_3D ( 'NONE', #3386, #3938, #1263 ) ;
#382 = CIRCLE ( 'NONE', #3683, 0.1000000000000002554 ) ;
#383 = FACE_OUTER_BOUND ( 'NONE', #1835, .T. ) ;
#384 = ORIENTED_EDGE ( 'NONE', *, *, #1918, .T. ) ;
#385 = DIRECTION ( 'NONE',  ( 0.000000000000000000, 0.000000000000000000, -1.000000000000000000 ) ) ;
#386 = CARTESIAN_POINT ( 'NONE',  ( 4.852500000000000036, -0.1922500000000000042, 2.502499999999999947 ) ) ;
#387 = DIRECTION ( 'NONE',  ( -0.8164965809277267006, 0.4082482904638618515, -0.4082482904638628507 ) ) ;
#388 = DIRECTION ( 'NONE',  ( 1.000000000000000000, 0.000000000000000000, 0.000000000000000000 ) ) ;
#389 = ORIENTED_EDGE ( 'NONE', *, *, #2876, .F. ) ;
#390 = EDGE_LOOP ( 'NONE', ( #5432, #4164, #2965, #3039 ) ) ;
#391 = EDGE_CURVE ( 'NONE', #4938, #857, #150, .T. ) ;
#392 = B_SPLINE_CURVE_WITH_KNOTS ( 'NONE', 3,
 ( #305, #1631, #3931, #5604, #3900, #1663, #5170, #2123 ),
 .UNSPECIFIED., .F., .F.,
 ( 4, 2, 2, 4 ),
 ( 4.470280076681872512E-19, 0.0001163153361844490265, 0.0002326306723688975923, 0.0004652613447377956725 ),
 .UNSPECIFIED. ) ;
#393 = LINE ( 'NONE', #2485, #4211 ) ;
#394 = ORIENTED_EDGE ( 'NONE', *, *, #3165, .T. ) ;
#395 = DIRECTION ( 'NONE',  ( 0.000000000000000000, 0.000000000000000000, 1.000000000000000000 ) ) ;
#396 = EDGE_CURVE ( 'NONE', #5183, #5252, #3350, .T. ) ;
#397 = DIRECTION ( 'NONE',  ( 1.000000000000000000, 0.000000000000000000, 0.000000000000000000 ) ) ;
#398 = CARTESIAN_POINT ( 'NONE',  ( 0.9415807083980660686, -0.09225000000000001255, 0.7415035219041959946 ) ) ;
#399 = CARTESIAN_POINT ( 'NONE',  ( 3.372499999999998721, -0.1922499999999927878, 2.060000000000004938 ) ) ;
#400 = FACE_OUTER_BOUND ( 'NONE', #456, .T. ) ;
#401 = VECTOR ( 'NONE', #5577, 1000.000000000000000 ) ;
#402 = ORIENTED_EDGE ( 'NONE', *, *, #5082, .F. ) ;
#403 = CARTESIAN_POINT ( 'NONE',  ( 3.772499999999999964, -0.09225000000000001255, -1.860000000000000098 ) ) ;
#404 = CARTESIAN_POINT ( 'NONE',  ( 0.3819120798423589758, -0.7672499999999999876, -0.4629237369103519906 ) ) ;
#405 = AXIS2_PLACEMENT_3D ( 'NONE', #2650, #14, #475 ) ;
#406 = DIRECTION ( 'NONE',  ( -5.482582837655000045E-16, 1.000000000000000000, 0.000000000000000000 ) ) ;
#407 = CARTESIAN_POINT ( 'NONE',  ( -1.955845883058599859E-09, 0.5217543599565258594, 2.330000000000000071 ) ) ;
#408 = AXIS2_PLACEMENT_3D ( 'NONE', #5043, #2015, #4603 ) ;
#409 = CARTESIAN_POINT ( 'NONE',  ( -3.770634082987819991, 0.3248361564241389887, 2.660000000000000142 ) ) ;
#410 = SHAPE_REPRESENTATION_RELATIONSHIP ( 'NONE' , 'NONE' ,  #5379, #1501 ) ;
#411 = ORIENTED_EDGE ( 'NONE', *, *, #5630, .F. ) ;
#412 = FACE_OUTER_BOUND ( 'NONE', #2964, .T. ) ;
#413 = DIRECTION ( 'NONE',  ( -0.5773502691896257311, 0.5773502691896270633, 0.5773502691896246208 ) ) ;
#414 = LINE ( 'NONE', #5686, #678 ) ;
#415 = CARTESIAN_POINT ( 'NONE',  ( -4.120000000000000107, -0.7672499999999999876, 1.899999999999999911 ) ) ;
#416 = ORIENTED_EDGE ( 'NONE', *, *, #3692, .F. ) ;
#417 = LINE ( 'NONE', #3083, #1852 ) ;
#418 = ORIENTED_EDGE ( 'NONE', *, *, #1423, .T. ) ;
#419 = AXIS2_PLACEMENT_3D ( 'NONE', #4447, #1482, #503 ) ;
#420 = EDGE_LOOP ( 'NONE', ( #561, #1920, #3421, #2509 ) ) ;
#421 = CIRCLE ( 'NONE', #3076, 0.1000000000000000472 ) ;
#422 = CARTESIAN_POINT ( 'NONE',  ( -1.635000000000000009, -3.047499999999999876, 0.6750000000000000444 ) ) ;
#423 = EDGE_CURVE ( 'NONE', #353, #2506, #783, .T. ) ;
#424 = ORIENTED_EDGE ( 'NONE', *, *, #4830, .F. ) ;
#425 = CYLINDRICAL_SURFACE ( 'NONE', #3105, 0.2999999999999999334 ) ;
#426 = CARTESIAN_POINT ( 'NONE',  ( -1.222500000000000142, 0.2322500000000000120, 1.899999999999999911 ) ) ;
#427 = CARTESIAN_POINT ( 'NONE',  ( 0.5121521893705730522, -0.09225000000000001255, 0.3655714916969055039 ) ) ;
#428 = LINE ( 'NONE', #4716, #2846 ) ;
#429 = FACE_OUTER_BOUND ( 'NONE', #481, .T. ) ;
#430 = CARTESIAN_POINT ( 'NONE',  ( -3.414865336152355102, -0.3451191649770725123, 2.660000000000000142 ) ) ;
#431 = EDGE_CURVE ( 'NONE', #4986, #1456, #3081, .T. ) ;
#432 = VECTOR ( 'NONE', #5026, 1000.000000000000000 ) ;
#433 = ORIENTED_EDGE ( 'NONE', *, *, #2262, .T. ) ;
#434 = CARTESIAN_POINT ( 'NONE',  ( 3.270000000000000018, -3.047499999999999876, 0.000000000000000000 ) ) ;
#435 = AXIS2_PLACEMENT_3D ( 'NONE', #909, #3976, #35 ) ;
#436 = CARTESIAN_POINT ( 'NONE',  ( -3.833333768778729667, 0.1521730769230759950, 2.660000000000000142 ) ) ;
#437 = LINE ( 'NONE', #468, #4600 ) ;
#438 = AXIS2_PLACEMENT_3D ( 'NONE', #1509, #5099, #1102 ) ;
#439 = EDGE_CURVE ( 'NONE', #2031, #2564, #5652, .T. ) ;
#440 = CYLINDRICAL_SURFACE ( 'NONE', #4481, 0.1000000000000002554 ) ;
#441 = FACE_OUTER_BOUND ( 'NONE', #4666, .T. ) ;
#442 = VERTEX_POINT ( 'NONE', #905 ) ;
#443 = AXIS2_PLACEMENT_3D ( 'NONE', #314, #2607, #5238 ) ;
#444 = CARTESIAN_POINT ( 'NONE',  ( -2.866011742435759846, -0.1013778989213650061, -2.660000000000000142 ) ) ;
#445 = DIRECTION ( 'NONE',  ( 0.000000000000000000, 1.000000000000000000, 0.000000000000000000 ) ) ;
#446 = VECTOR ( 'NONE', #1095, 1000.000000000000000 ) ;
#447 = EDGE_LOOP ( 'NONE', ( #5546, #5655, #1119, #1168 ) ) ;
#448 = CARTESIAN_POINT ( 'NONE',  ( 2.974041303662944724, 3.047499999999999876, 0.6750000000000000444 ) ) ;
#449 = ADVANCED_FACE ( 'NONE', ( #5241 ), #5216, .T. ) ;
#450 = AXIS2_PLACEMENT_3D ( 'NONE', #2254, #1475, #4990 ) ;
#451 = VECTOR ( 'NONE', #5143, 1000.000000000000000 ) ;
#452 = APPLICATION_PROTOCOL_DEFINITION ( 'draft international standard', 'automotive_design', 1998, #5064 ) ;
#453 = VERTEX_POINT ( 'NONE', #3972 ) ;
#454 = CARTESIAN_POINT ( 'NONE',  ( 3.872500000000000053, -0.7672499999999999876, 2.160000000000000142 ) ) ;
#455 = ORIENTED_EDGE ( 'NONE', *, *, #2908, .T. ) ;
#456 = EDGE_LOOP ( 'NONE', ( #4184, #465, #4128, #545, #628 ) ) ;
#457 = AXIS2_PLACEMENT_3D ( 'NONE', #897, #3850, #836 ) ;
#458 = DIRECTION ( 'NONE',  ( 1.000000000000000000, 8.223874256482640091E-16, 0.000000000000000000 ) ) ;
#459 = ORIENTED_EDGE ( 'NONE', *, *, #1305, .F. ) ;
#460 = FACE_OUTER_BOUND ( 'NONE', #3002, .T. ) ;
#461 = CARTESIAN_POINT ( 'NONE',  ( -4.319792374265440493, 0.2677499999999999880, -1.899999999999999911 ) ) ;
#462 = LINE ( 'NONE', #3613, #3121 ) ;
#463 = DIRECTION ( 'NONE',  ( 0.000000000000000000, -1.000000000000000000, 0.000000000000000000 ) ) ;
#464 = AXIS2_PLACEMENT_3D ( 'NONE', #1982, #4520, #634 ) ;
#465 = ORIENTED_EDGE ( 'NONE', *, *, #4227, .T. ) ;
#466 = CARTESIAN_POINT ( 'NONE',  ( -1.222500000000000142, 0.2322500000000000120, 2.660000000000000142 ) ) ;
#467 = PLANE ( 'NONE',  #1430 ) ;
#468 = CARTESIAN_POINT ( 'NONE',  ( -2.855207625734559773, 0.2322500000000000120, 0.000000000000000000 ) ) ;
#469 = EDGE_CURVE ( 'NONE', #3182, #2245, #657, .T. ) ;
#470 = CARTESIAN_POINT ( 'NONE',  ( 3.399390871961310179, -0.7672499999999999876, -0.6562182560773820450 ) ) ;
#471 = AXIS2_PLACEMENT_3D ( 'NONE', #5045, #4661, #1124 ) ;
#472 = AXIS2_PLACEMENT_3D ( 'NONE', #562, #187, #127 ) ;
#473 = EDGE_LOOP ( 'NONE', ( #5595, #2792, #4228, #303 ) ) ;
#474 = CARTESIAN_POINT ( 'NONE',  ( 4.952500000000000568, -0.09224999999999870803, 2.044279695023479615 ) ) ;
#475 = DIRECTION ( 'NONE',  ( 0.000000000000000000, 0.000000000000000000, -1.000000000000000000 ) ) ;
#476 = EDGE_CURVE ( 'NONE', #4081, #3712, #844, .T. ) ;
#477 = VERTEX_POINT ( 'NONE', #2170 ) ;
#478 = VERTEX_POINT ( 'NONE', #5677 ) ;
#479 = DIRECTION ( 'NONE',  ( -1.000000000000000000, 0.000000000000000000, 0.000000000000000000 ) ) ;
#480 = ORIENTED_EDGE ( 'NONE', *, *, #885, .T. ) ;
#481 = EDGE_LOOP ( 'NONE', ( #4589, #5429, #1660, #3424 ) ) ;
#482 = EDGE_CURVE ( 'NONE', #517, #1622, #4816, .T. ) ;
#483 = ORIENTED_EDGE ( 'NONE', *, *, #1125, .F. ) ;
#484 = CARTESIAN_POINT ( 'NONE',  ( -3.833333768778729667, 0.1521730769230759950, -1.899999999999999911 ) ) ;
#485 = ORIENTED_EDGE ( 'NONE', *, *, #977, .T. ) ;
#486 = DIRECTION ( 'NONE',  ( 1.000000000000000000, 0.000000000000000000, 0.000000000000000000 ) ) ;
#488 = CIRCLE ( 'NONE', #1039, 0.1000000000000002554 ) ;
#487 = PLANE ( 'NONE',  #4512 ) ;
#489 = CARTESIAN_POINT ( 'NONE',  ( 0.4819120798423590091, -0.09225000000000001255, 0.3637895569954249786 ) ) ;
#490 = DIRECTION ( 'NONE',  ( 0.000000000000000000, -1.000000000000000000, 0.000000000000000000 ) ) ;
#491 = CIRCLE ( 'NONE', #2144, 0.1499999999999999667 ) ;
#492 = VERTEX_POINT ( 'NONE', #4377 ) ;
#493 = CYLINDRICAL_SURFACE ( 'NONE', #1174, 0.09999999999999982514 ) ;
#494 = FILL_AREA_STYLE ('',( #4465 ) ) ;
#495 = DIRECTION ( 'NONE',  ( -0.8164965809277250353, 0.4082482904637821930, -0.4082482904639456733 ) ) ;
#496 = EDGE_CURVE ( 'NONE', #5221, #81, #437, .T. ) ;
#497 = ADVANCED_FACE ( 'NONE', ( #4031 ), #4060, .T. ) ;
#498 = AXIS2_PLACEMENT_3D ( 'NONE', #2714, #980, #486 ) ;
#499 = FACE_OUTER_BOUND ( 'NONE', #4547, .T. ) ;
#500 = CARTESIAN_POINT ( 'NONE',  ( -3.270000000000000018, 3.047499999999999876, 0.000000000000000000 ) ) ;
#501 = EDGE_LOOP ( 'NONE', ( #1691, #4762, #2743, #5001 ) ) ;
#502 = CARTESIAN_POINT ( 'NONE',  ( -3.833333768778729667, 0.1521730769230759950, 2.660000000000000142 ) ) ;
#503 = DIRECTION ( 'NONE',  ( 0.000000000000000000, 0.000000000000000000, -1.000000000000000000 ) ) ;
#504 = DIRECTION ( 'NONE',  ( 1.000000000000000000, 4.517509052022936456E-16, 0.000000000000000000 ) ) ;
#505 = PRODUCT ( '2.stp', '2.stp', '', ( #4217 ) ) ;
#506 = VECTOR ( 'NONE', #1474, 1000.000000000000114 ) ;
#507 = EDGE_CURVE ( 'NONE', #2931, #3526, #5336, .T. ) ;
#508 = ADVANCED_FACE ( 'NONE', ( #4904 ), #3566, .T. ) ;
#509 = ORIENTED_EDGE ( 'NONE', *, *, #1277, .F. ) ;
#510 = DIRECTION ( 'NONE',  ( -1.000000000000000000, -5.139921410301649810E-16, 0.000000000000000000 ) ) ;
#511 = VERTEX_POINT ( 'NONE', #3102 ) ;
#512 = VERTEX_POINT ( 'NONE', #2360 ) ;
#513 = CIRCLE ( 'NONE', #3715, 0.1000000000000002554 ) ;
#514 = FACE_OUTER_BOUND ( 'NONE', #5308, .T. ) ;
#515 = EDGE_LOOP ( 'NONE', ( #215, #2033, #3723, #3288, #1402 ) ) ;
#516 = DIRECTION ( 'NONE',  ( -1.000000000000000000, 0.000000000000000000, 0.000000000000000000 ) ) ;
#517 = VERTEX_POINT ( 'NONE', #2669 ) ;
#518 = CARTESIAN_POINT ( 'NONE',  ( 0.4819120798423590091, -0.7672499999999999876, -0.3637895569954249786 ) ) ;
#519 = CARTESIAN_POINT ( 'NONE',  ( -2.970000000000000195, -2.847500000000000142, -1.355252715606880080E-17 ) ) ;
#520 = DIRECTION ( 'NONE',  ( 0.000000000000000000, -1.000000000000000000, 0.000000000000000000 ) ) ;
#522 = CARTESIAN_POINT ( 'NONE',  ( -3.854999999999999982, -0.7672499999999999876, 0.000000000000000000 ) ) ;
#521 = VECTOR ( 'NONE', #4667, 1000.000000000000000 ) ;
#523 = EDGE_CURVE ( 'NONE', #5649, #4622, #4001, .T. ) ;
#524 = VERTEX_POINT ( 'NONE', #4440 ) ;
#525 = CARTESIAN_POINT ( 'NONE',  ( 0.9525000000000000133, -0.1922500000000000042, -2.060000000000000053 ) ) ;
#526 = CARTESIAN_POINT ( 'NONE',  ( -1.222500000000000142, 0.7672499999999999876, 0.000000000000000000 ) ) ;
#527 = VECTOR ( 'NONE', #1733, 1000.000000000000114 ) ;
#528 = PLANE ( 'NONE',  #1546 ) ;
#529 = DIRECTION ( 'NONE',  ( 0.000000000000000000, 0.000000000000000000, -1.000000000000000000 ) ) ;
#530 = EDGE_LOOP ( 'NONE', ( #3531, #5012, #1286, #2713, #2893 ) ) ;
#531 = AXIS2_PLACEMENT_3D ( 'NONE', #4769, #2563, #1312 ) ;
#532 = CARTESIAN_POINT ( 'NONE',  ( -3.242815959658429836, 0.04809771563645570680, -1.899999999999999911 ) ) ;
#533 = DIRECTION ( 'NONE',  ( -1.000000000000000000, 0.000000000000000000, 0.000000000000000000 ) ) ;
#534 = DIRECTION ( 'NONE',  ( 1.000000000000000000, 0.000000000000000000, 0.000000000000000000 ) ) ;
#535 = EDGE_CURVE ( 'NONE', #4622, #2341, #728, .T. ) ;
#536 = EDGE_CURVE ( 'NONE', #3983, #3618, #3933, .T. ) ;
#537 = AXIS2_PLACEMENT_3D ( 'NONE', #780, #5186, #4753 ) ;
#538 = CIRCLE ( 'NONE', #3831, 0.7999999999999999334 ) ;
#539 = ORIENTED_EDGE ( 'NONE', *, *, #3924, .F. ) ;
#540 = PLANE ( 'NONE',  #2896 ) ;
#541 = ORIENTED_EDGE ( 'NONE', *, *, #851, .F. ) ;
#542 = ORIENTED_EDGE ( 'NONE', *, *, #4156, .T. ) ;
#543 = ORIENTED_EDGE ( 'NONE', *, *, #423, .T. ) ;
#544 = CARTESIAN_POINT ( 'NONE',  ( 2.803133701591289828, 2.791138596892519974, 2.131987307660839992 ) ) ;
#545 = ORIENTED_EDGE ( 'NONE', *, *, #5569, .F. ) ;
#546 = DIRECTION ( 'NONE',  ( 0.000000000000000000, 1.000000000000000000, 0.000000000000000000 ) ) ;
#547 = PRESENTATION_LAYER_ASSIGNMENT (  '', '', ( #1831 ) ) ;
#548 = DIRECTION ( 'NONE',  ( -8.131516293641259589E-16, 1.000000000000000000, 0.000000000000000000 ) ) ;
#549 = EDGE_CURVE ( 'NONE', #3871, #3606, #1821, .T. ) ;
#550 = DIRECTION ( 'NONE',  ( 0.000000000000000000, 0.000000000000000000, -1.000000000000000000 ) ) ;
#551 = PLANE ( 'NONE',  #1908 ) ;
#552 = VERTEX_POINT ( 'NONE', #2335 ) ;
#553 = LINE ( 'NONE', #1353, #348 ) ;
#554 = PRODUCT ( '1.stp', '1.stp', '', ( #3781 ) ) ;
#555 = DIRECTION ( 'NONE',  ( 0.000000000000000000, 1.000000000000000000, 0.000000000000000000 ) ) ;
#556 = DIRECTION ( 'NONE',  ( 1.084202172485504040E-15, -1.000000000000000000, 0.000000000000000000 ) ) ;
#557 = LINE ( 'NONE', #4061, #1024 ) ;
#558 = CIRCLE ( 'NONE', #3297, 0.09999999999999997780 ) ;
#559 = DIRECTION ( 'NONE',  ( 0.000000000000000000, -1.000000000000000000, 0.000000000000000000 ) ) ;
#560 = CYLINDRICAL_SURFACE ( 'NONE', #5306, 0.09999999999999982514 ) ;
#561 = ORIENTED_EDGE ( 'NONE', *, *, #2974, .F. ) ;
#562 = CARTESIAN_POINT ( 'NONE',  ( 3.972500000000000142, -0.1922500000000000042, 2.502499999999999947 ) ) ;
#563 = CARTESIAN_POINT ( 'NONE',  ( -3.770634082987819991, 0.3248361564241389887, 1.899999999999999911 ) ) ;
#564 = PRODUCT_DEFINITION_FORMATION_WITH_SPECIFIED_SOURCE ( 'ANY', '', #554, .NOT_KNOWN. ) ;
#565 = DIRECTION ( 'NONE',  ( -1.000000000000000000, 0.000000000000000000, 0.000000000000000000 ) ) ;
#566 = AXIS2_PLACEMENT_3D ( 'NONE', #4778, #1262, #833 ) ;
#567 = ORIENTED_EDGE ( 'NONE', *, *, #3178, .F. ) ;
#568 = DIRECTION ( 'NONE',  ( -0.8233548815373554763, 0.5675268619621517407, 0.000000000000000000 ) ) ;
#569 = ORIENTED_EDGE ( 'NONE', *, *, #644, .F. ) ;
#570 = EDGE_LOOP ( 'NONE', ( #330, #1983, #1578, #819 ) ) ;
#571 = VECTOR ( 'NONE', #3560, 1000.000000000000000 ) ;
#572 = CIRCLE ( 'NONE', #5160, 0.7999999999999999334 ) ;
#573 = ADVANCED_FACE ( 'NONE', ( #1873 ), #5327, .F. ) ;
#574 = ORIENTED_EDGE ( 'NONE', *, *, #2136, .F. ) ;
#575 = CARTESIAN_POINT ( 'NONE',  ( -3.903095123049505233, -0.008589285714287469772, 1.899999999999999911 ) ) ;
#576 = ORIENTED_EDGE ( 'NONE', *, *, #4787, .F. ) ;
#577 = CARTESIAN_POINT ( 'NONE',  ( 3.399390871961310179, -0.7672499999999999876, -0.8062182560773819562 ) ) ;
#578 = CARTESIAN_POINT ( 'NONE',  ( 0.3819120798423589758, -0.1922500000000000042, -0.3637895569954249786 ) ) ;
#579 = CARTESIAN_POINT ( 'NONE',  ( 3.972500000000000142, -0.1922500000000000042, 2.502499999999999947 ) ) ;
#580 = CARTESIAN_POINT ( 'NONE',  ( 0.6083569003329799552, -0.03859069371924214731, 2.380000000000000338 ) ) ;
#581 = EDGE_CURVE ( 'NONE', #1597, #220, #2281, .T. ) ;
#582 = ADVANCED_FACE ( 'NONE', ( #610 ), #1848, .T. ) ;
#583 = ORIENTED_EDGE ( 'NONE', *, *, #275, .T. ) ;
#584 = DIRECTION ( 'NONE',  ( 0.000000000000000000, 1.000000000000000000, -4.155987014962277221E-16 ) ) ;
#585 = DIRECTION ( 'NONE',  ( 0.7071067811865192621, 3.035766082958877252E-14, 0.7071067811865756614 ) ) ;
#586 = CARTESIAN_POINT ( 'NONE',  ( -2.803133701591289828, -2.580633701591290130, 2.079999999999999627 ) ) ;
#587 = CARTESIAN_POINT ( 'NONE',  ( 3.269704183480206527, -2.749247090774314284, 0.6775218358312494749 ) ) ;
#588 = PLANE ( 'NONE',  #4571 ) ;
#589 = EDGE_LOOP ( 'NONE', ( #102, #4693, #756, #3370 ) ) ;
#590 = CARTESIAN_POINT ( 'NONE',  ( 3.772499999999999964, -0.1922500000000000042, -1.959999999999999964 ) ) ;
#591 = DIRECTION ( 'NONE',  ( 0.000000000000000000, 0.000000000000000000, -1.000000000000000000 ) ) ;
#592 = FACE_OUTER_BOUND ( 'NONE', #5407, .T. ) ;
#593 = B_SPLINE_CURVE_WITH_KNOTS ( 'NONE', 3,
 ( #3656, #1445, #990, #2726, #4442, #5329, #937, #587 ),
 .UNSPECIFIED., .F., .F.,
 ( 4, 2, 2, 4 ),
 ( 2.976132396144053582E-16, 0.0002327670293092528491, 0.0003491505439637299655, 0.0004655340586182071631 ),
 .UNSPECIFIED. ) ;
#594 = AXIS2_PLACEMENT_3D ( 'NONE', #2297, #1762, #2246 ) ;
#595 = ORIENTED_EDGE ( 'NONE', *, *, #3849, .F. ) ;
#596 = EDGE_LOOP ( 'NONE', ( #1246, #1974, #3032, #574 ) ) ;
#597 = PRODUCT_DEFINITION_SHAPE ( 'NONE', 'NONE',  #371 ) ;
#598 = ORIENTED_EDGE ( 'NONE', *, *, #5076, .T. ) ;
#599 = ADVANCED_FACE ( 'NONE', ( #3134 ), #3161, .T. ) ;
#600 = DIRECTION ( 'NONE',  ( -3.546072677496499713E-47, 6.541349514855209948E-32, -1.000000000000000000 ) ) ;
#601 = EDGE_LOOP ( 'NONE', ( #3496, #1952, #2937, #2119 ) ) ;
#602 = FACE_OUTER_BOUND ( 'NONE', #5200, .T. ) ;
#603 = DIRECTION ( 'NONE',  ( 0.000000000000000000, 0.000000000000000000, 1.000000000000000000 ) ) ;
#604 = FACE_OUTER_BOUND ( 'NONE', #589, .T. ) ;
#605 = EDGE_CURVE ( 'NONE', #442, #1601, #4393, .T. ) ;
#606 = EDGE_LOOP ( 'NONE', ( #4915, #2497, #2148, #2924 ) ) ;
#607 = DIRECTION ( 'NONE',  ( -0.3158179163250984245, -0.8555991741024927544, 0.4101330235462703477 ) ) ;
#608 = CARTESIAN_POINT ( 'NONE',  ( -1.222500000000000142, 0.2322500000000000120, -2.660000000000000142 ) ) ;
#609 = AXIS2_PLACEMENT_3D ( 'NONE', #1567, #1593, #5022 ) ;
#610 = FACE_OUTER_BOUND ( 'NONE', #377, .T. ) ;
#611 = LINE ( 'NONE', #1442, #5065 ) ;
#612 = EDGE_CURVE ( 'NONE', #878, #2576, #2200, .T. ) ;
#613 = AXIS2_PLACEMENT_3D ( 'NONE', #3824, #813, #2554 ) ;
#614 = DIRECTION ( 'NONE',  ( 1.000000000000000000, 0.000000000000000000, 0.000000000000000000 ) ) ;
#615 = LINE ( 'NONE', #1155, #5122 ) ;
#616 = VERTEX_POINT ( 'NONE', #2306 ) ;
#617 = CARTESIAN_POINT ( 'NONE',  ( 0.6024797205738970929, -0.09225000000000001255, -0.3818323824298660019 ) ) ;
#618 = CARTESIAN_POINT ( 'NONE',  ( 4.687102839788669151, -0.09224999999999888844, 1.844279695023479881 ) ) ;
#619 = EDGE_CURVE ( 'NONE', #2852, #3778, #171, .T. ) ;
#620 = AXIS2_PLACEMENT_3D ( 'NONE', #5537, #4236, #2476 ) ;
#621 = FACE_OUTER_BOUND ( 'NONE', #4290, .T. ) ;
#622 = EDGE_LOOP ( 'NONE', ( #3627, #4484, #4379, #1190, #2213, #3269, #2375, #2179, #3148, #4771, #67, #5165, #3495, #3052, #2751, #5050, #3635, #2023, #2350, #970, #4754, #1420, #1007, #1313, #4332, #1226, #2679, #3, #5074, #268, #4043, #301, #5110, #811, #3830, #4269 ) ) ;
#623 = ORIENTED_EDGE ( 'NONE', *, *, #1918, .F. ) ;
#624 = CIRCLE ( 'NONE', #5579, 0.09999999999999982514 ) ;
#625 = EDGE_CURVE ( 'NONE', #1456, #658, #969, .T. ) ;
#626 = CIRCLE ( 'NONE', #2996, 0.5000000000000000000 ) ;
#627 = EDGE_LOOP ( 'NONE', ( #418, #4020, #3844, #341 ) ) ;
#628 = ORIENTED_EDGE ( 'NONE', *, *, #1415, .F. ) ;
#629 = CARTESIAN_POINT ( 'NONE',  ( -3.833333768778729667, 0.1521730769230759950, 1.899999999999999911 ) ) ;
#630 = CYLINDRICAL_SURFACE ( 'NONE', #1026, 0.1000000000000000472 ) ;
#631 = AXIS2_PLACEMENT_3D ( 'NONE', #4404, #1014, #933 ) ;
#632 = DIRECTION ( 'NONE',  ( 8.131516293641259589E-16, -1.000000000000000000, 0.000000000000000000 ) ) ;
#633 = AXIS2_PLACEMENT_3D ( 'NONE', #3621, #121, #4086 ) ;
#634 = DIRECTION ( 'NONE',  ( 1.000000000000000000, 0.000000000000000000, 0.000000000000000000 ) ) ;
#635 = CIRCLE ( 'NONE', #3290, 0.1000000000000000472 ) ;
#636 = ORIENTED_EDGE ( 'NONE', *, *, #1844, .F. ) ;
#637 = CARTESIAN_POINT ( 'NONE',  ( 3.972500000000000142, -0.09225000000000001255, -2.005142088675780254 ) ) ;
#638 = DIRECTION ( 'NONE',  ( 0.7787739486924954990, -1.445602896647318998E-15, 0.6273046603030286716 ) ) ;
#639 = CARTESIAN_POINT ( 'NONE',  ( -3.770634082987819991, 0.3248361564241389887, 1.804999999999999938 ) ) ;
#640 = CARTESIAN_POINT ( 'NONE',  ( -0.3181927426440644968, 0.4195747179604719657, 2.330000000000000071 ) ) ;
#641 = CARTESIAN_POINT ( 'NONE',  ( -3.414865336152359987, -0.3451191649770700143, 2.660000000000000142 ) ) ;
#642 = VECTOR ( 'NONE', #5572, 1000.000000000000000 ) ;
#643 = LINE ( 'NONE', #1965, #4949 ) ;
#644 = EDGE_CURVE ( 'NONE', #1645, #297, #3300, .T. ) ;
#645 = DIRECTION ( 'NONE',  ( 1.000000000000000000, 0.000000000000000000, 0.000000000000000000 ) ) ;
#646 = ORIENTED_EDGE ( 'NONE', *, *, #4190, .F. ) ;
#647 = CARTESIAN_POINT ( 'NONE',  ( 4.412499999999999645, -0.1922500000000000042, -2.602500000000000036 ) ) ;
#648 = CARTESIAN_POINT ( 'NONE',  ( 3.269999999999998685, -2.739240710176464866, 0.6750000000000028200 ) ) ;
#649 = DIRECTION ( 'NONE',  ( 0.000000000000000000, 1.000000000000000000, 0.000000000000000000 ) ) ;
#650 = CYLINDRICAL_SURFACE ( 'NONE', #620, 0.1499999999999999667 ) ;
#651 = EDGE_CURVE ( 'NONE', #1611, #1228, #916, .T. ) ;
#652 = AXIS2_PLACEMENT_3D ( 'NONE', #4135, #5468, #5038 ) ;
#653 = EDGE_CURVE ( 'NONE', #4103, #718, #1643, .T. ) ;
#654 = ORIENTED_EDGE ( 'NONE', *, *, #677, .F. ) ;
#655 = VERTEX_POINT ( 'NONE', #1961 ) ;
#656 = AXIS2_PLACEMENT_3D ( 'NONE', #895, #548, #3534 ) ;
#657 = CIRCLE ( 'NONE', #3124, 0.2999999999999999334 ) ;
#658 = VERTEX_POINT ( 'NONE', #5550 ) ;
#659 = EDGE_CURVE ( 'NONE', #3437, #680, #2016, .T. ) ;
#660 = CIRCLE ( 'NONE', #5433, 0.09999999999999982514 ) ;
#661 = ORIENTED_EDGE ( 'NONE', *, *, #3700, .T. ) ;
#662 = COLOUR_RGB ( '',0.8313725490196077761, 0.8313725490196077761, 0.8313725490196077761 ) ;
#663 = CIRCLE ( 'NONE', #3865, 0.2999999999999999334 ) ;
#664 = CARTESIAN_POINT ( 'NONE',  ( 0.8524999999999999245, -0.7672499999999999876, 0.000000000000000000 ) ) ;
#665 = CARTESIAN_POINT ( 'NONE',  ( -0.09537653128744259801, -0.6030764423484329395, 2.380000000000000338 ) ) ;
#666 = ORIENTED_EDGE ( 'NONE', *, *, #20, .F. ) ;
#667 = CYLINDRICAL_SURFACE ( 'NONE', #5685, 0.1000000000000002554 ) ;
#668 = CARTESIAN_POINT ( 'NONE',  ( 4.852500000000000036, -0.1922500000000000042, -2.044279695023479615 ) ) ;
#669 = DIRECTION ( 'NONE',  ( 0.4082482904639024301, -0.8164965809277394682, -0.4082482904637966814 ) ) ;
#670 = CARTESIAN_POINT ( 'NONE',  ( 3.249390871961309823, -0.09225000000000001255, 0.8062182560773819562 ) ) ;
#671 = ORIENTED_EDGE ( 'NONE', *, *, #1490, .F. ) ;
#672 = CARTESIAN_POINT ( 'NONE',  ( 4.852500000000000036, -0.7672499999999999876, 1.944279695023479970 ) ) ;
#673 = CARTESIAN_POINT ( 'NONE',  ( -0.5057734480245429376, -0.1293981990646820013, 2.330000000000000071 ) ) ;
#674 = VERTEX_POINT ( 'NONE', #5118 ) ;
#675 = LINE ( 'NONE', #5558, #1613 ) ;
#676 = CARTESIAN_POINT ( 'NONE',  ( -2.803133701591289828, -2.580633701591290130, 2.079999999999999627 ) ) ;
#677 = EDGE_CURVE ( 'NONE', #442, #1537, #1150, .T. ) ;
#678 = VECTOR ( 'NONE', #2993, 1000.000000000000000 ) ;
#679 = CARTESIAN_POINT ( 'NONE',  ( -3.242815959658425395, 0.04809771563645280634, -2.754999999999999893 ) ) ;
#680 = VERTEX_POINT ( 'NONE', #2807 ) ;
#681 = EDGE_LOOP ( 'NONE', ( #4305, #4109, #4554, #4463 ) ) ;
#682 = AXIS2_PLACEMENT_3D ( 'NONE', #1953, #1191, #2772 ) ;
#683 = EDGE_CURVE ( 'NONE', #1055, #4782, #5072, .T. ) ;
#684 = EDGE_LOOP ( 'NONE', ( #1887, #5681, #1192, #1028, #923, #3889 ) ) ;
#685 = AXIS2_PLACEMENT_3D ( 'NONE', #3048, #2616, #2207 ) ;
#686 = ORIENTED_EDGE ( 'NONE', *, *, #1112, .F. ) ;
#687 = DIRECTION ( 'NONE',  ( 1.000000000000000000, 0.000000000000000000, 0.000000000000000000 ) ) ;
#688 = CARTESIAN_POINT ( 'NONE',  ( 4.687102839788669151, -0.09224999999999880518, -1.944279695023479970 ) ) ;
#689 = EDGE_CURVE ( 'NONE', #5516, #857, #4324, .T. ) ;
#690 = VECTOR ( 'NONE', #1638, 1000.000000000000000 ) ;
#691 = ORIENTED_EDGE ( 'NONE', *, *, #2974, .T. ) ;
#692 = FACE_OUTER_BOUND ( 'NONE', #2236, .T. ) ;
#693 = CARTESIAN_POINT ( 'NONE',  ( -4.319792374265440493, -0.2322500000000000120, 2.660000000000000142 ) ) ;
#694 = LINE ( 'NONE', #2464, #4729 ) ;
#695 = CARTESIAN_POINT ( 'NONE',  ( 3.572500000000000231, -0.7672499999999999876, -2.060000000000000053 ) ) ;
#696 = CARTESIAN_POINT ( 'NONE',  ( 3.572500000000000231, -0.7672499999999999876, 2.060000000000000053 ) ) ;
#697 = EDGE_CURVE ( 'NONE', #4174, #856, #4192, .T. ) ;
#698 = ORIENTED_EDGE ( 'NONE', *, *, #3580, .T. ) ;
#699 = DIRECTION ( 'NONE',  ( 0.000000000000000000, 0.000000000000000000, -1.000000000000000000 ) ) ;
#700 = AXIS2_PLACEMENT_3D ( 'NONE', #4149, #2369, #2472 ) ;
#701 = CARTESIAN_POINT ( 'NONE',  ( -3.055000000000000160, -0.03275000000000140299, -1.899999999999999911 ) ) ;
#702 = EDGE_LOOP ( 'NONE', ( #883, #3925, #4712, #5512, #4592, #3259 ) ) ;
#703 = CARTESIAN_POINT ( 'NONE',  ( 0.9525000000000000133, -0.1475286404500039950, 2.149442719099989851 ) ) ;
#704 = DIRECTION ( 'NONE',  ( 1.000000000000000000, 0.000000000000000000, 0.000000000000000000 ) ) ;
#705 = LINE ( 'NONE', #5081, #3734 ) ;
#706 = VERTEX_POINT ( 'NONE', #1097 ) ;
#707 = CARTESIAN_POINT ( 'NONE',  ( -2.974041303662934954, 3.047499999999999876, 0.6750000000000150324 ) ) ;
#708 = EDGE_LOOP ( 'NONE', ( #4800, #3605, #45, #1810 ) ) ;
#709 = EDGE_CURVE ( 'NONE', #2969, #978, #4053, .T. ) ;
#710 = CLOSED_SHELL ( 'NONE', ( #4467, #2698, #1596, #2994, #2670, #5217, #3240, #3875, #2042, #3339, #4215, #92, #3736, #5459, #5151, #294, #573, #4796, #4216, #173, #3842, #1795, #5645, #2962 ) ) ;
#711 = VECTOR ( 'NONE', #1, 1000.000000000000000 ) ;
#712 = ORIENTED_EDGE ( 'NONE', *, *, #873, .T. ) ;
#713 = ORIENTED_EDGE ( 'NONE', *, *, #1277, .T. ) ;
#714 = ADVANCED_FACE ( 'NONE', ( #2919 ), #179, .T. ) ;
#715 = EDGE_CURVE ( 'NONE', #978, #4957, #3327, .T. ) ;
#716 = CARTESIAN_POINT ( 'NONE',  ( -2.855207625734559773, -0.2677499999999999880, 2.660000000000000142 ) ) ;
#717 = CIRCLE ( 'NONE', #2190, 0.9999999999999692468 ) ;
#718 = VERTEX_POINT ( 'NONE', #2413 ) ;
#719 = VECTOR ( 'NONE', #1182, 1000.000000000000000 ) ;
#720 = CARTESIAN_POINT ( 'NONE',  ( 3.872500000000000053, -0.2610000000000000098, -2.502499999999999947 ) ) ;
#721 = CIRCLE ( 'NONE', #1736, 0.09999999999999982514 ) ;
#722 = EDGE_CURVE ( 'NONE', #2277, #4737, #3313, .T. ) ;
#723 = PLANE ( 'NONE',  #868 ) ;
#724 = ADVANCED_FACE ( 'NONE', ( #1559, #4223 ), #4659, .T. ) ;
#725 = CARTESIAN_POINT ( 'NONE',  ( 3.972500000000000142, -0.1922500000000000042, -2.602500000000000036 ) ) ;
#726 = CARTESIAN_POINT ( 'NONE',  ( 4.952500000000000568, -0.09224999999999870803, 0.000000000000000000 ) ) ;
#727 = FACE_OUTER_BOUND ( 'NONE', #530, .T. ) ;
#728 = CIRCLE ( 'NONE', #1179, 0.2999999999999999334 ) ;
#729 = ORIENTED_EDGE ( 'NONE', *, *, #4640, .T. ) ;
#730 = CARTESIAN_POINT ( 'NONE',  ( -3.242815959658425395, 0.04809771563645280634, -1.804999999999999938 ) ) ;
#731 = DIRECTION ( 'NONE',  ( -5.482582837655000045E-16, 1.000000000000000000, 0.000000000000000000 ) ) ;
#732 = ORIENTED_EDGE ( 'NONE', *, *, #4735, .F. ) ;
#733 = CARTESIAN_POINT ( 'NONE',  ( -2.803133701591284943, 2.495677398353394860, 2.079999999999999627 ) ) ;
#734 = CARTESIAN_POINT ( 'NONE',  ( 4.897221359549999598, -0.1028072809000074028, 2.044279695023479615 ) ) ;
#735 = VECTOR ( 'NONE', #4773, 1000.000000000000000 ) ;
#736 = FACE_OUTER_BOUND ( 'NONE', #5153, .T. ) ;
#737 = EDGE_LOOP ( 'NONE', ( #402, #2288, #5257, #1369 ) ) ;
#738 = FILL_AREA_STYLE ('',( #3236 ) ) ;
#739 = CYLINDRICAL_SURFACE ( 'NONE', #2059, 0.2999999999999998224 ) ;
#740 = ORIENTED_EDGE ( 'NONE', *, *, #5399, .F. ) ;
#741 = EDGE_LOOP ( 'NONE', ( #5538, #713, #826, #4158 ) ) ;
#742 = VERTEX_POINT ( 'NONE', #282 ) ;
#743 = AXIS2_PLACEMENT_3D ( 'NONE', #1534, #5095, #181 ) ;
#744 = CYLINDRICAL_SURFACE ( 'NONE', #921, 0.1000000000000002554 ) ;
#745 = EDGE_CURVE ( 'NONE', #1537, #4840, #428, .T. ) ;
#746 = AXIS2_PLACEMENT_3D ( 'NONE', #1936, #1178, #1507 ) ;
#747 = CIRCLE ( 'NONE', #2666, 0.09999999999999982514 ) ;
#748 = ORIENTED_EDGE ( 'NONE', *, *, #2768, .T. ) ;
#749 = SPHERICAL_SURFACE ( 'NONE', #3747, 0.09999999999999496791 ) ;
#750 = DIRECTION ( 'NONE',  ( 0.000000000000000000, 0.000000000000000000, -1.000000000000000000 ) ) ;
#751 = CARTESIAN_POINT ( 'NONE',  ( 0.9525000000000000133, -0.09225000000000001255, 0.8008376009669349038 ) ) ;
#752 = CARTESIAN_POINT ( 'NONE',  ( 3.972500000000000142, -0.1922500000000000042, -2.502499999999999947 ) ) ;
#753 = DIRECTION ( 'NONE',  ( 0.000000000000000000, -1.000000000000000000, 0.000000000000000000 ) ) ;
#754 = ORIENTED_EDGE ( 'NONE', *, *, #2529, .F. ) ;
#755 = CARTESIAN_POINT ( 'NONE',  ( -4.952500000000000568, -0.3322500000000000453, -1.899999999999999911 ) ) ;
#756 = ORIENTED_EDGE ( 'NONE', *, *, #3622, .F. ) ;
#757 = CARTESIAN_POINT ( 'NONE',  ( 3.972500000000000142, -0.7672499999999999876, -2.502499999999999947 ) ) ;
#758 = CARTESIAN_POINT ( 'NONE',  ( 3.872500000000000053, -0.1922500000000000042, 0.000000000000000000 ) ) ;
#759 = MANIFOLD_SOLID_BREP ( 'NONE', #710 ) ;
#760 = EDGE_LOOP ( 'NONE', ( #686, #3549, #2111, #5688 ) ) ;
#761 = VECTOR ( 'NONE', #5656, 1000.000000000000000 ) ;
#762 = DIRECTION ( 'NONE',  ( 0.1147640357803560301, 0.1721460536705335109, -0.9783634050275321625 ) ) ;
#763 = VERTEX_POINT ( 'NONE', #3906 ) ;
#764 = EDGE_CURVE ( 'NONE', #3082, #5661, #5341, .T. ) ;
#765 = ORIENTED_EDGE ( 'NONE', *, *, #51, .F. ) ;
#766 = EDGE_LOOP ( 'NONE', ( #2586, #5061, #3057 ) ) ;
#767 = LINE ( 'NONE', #2151, #1928 ) ;
#768 = ADVANCED_FACE ( 'NONE', ( #338 ), #1322, .T. ) ;
#769 = AXIS2_PLACEMENT_3D ( 'NONE', #1893, #762, #4980 ) ;
#770 = ORIENTED_EDGE ( 'NONE', *, *, #784, .T. ) ;
#771 = CARTESIAN_POINT ( 'NONE',  ( 0.9525000000000000133, -0.1922500000000000042, -2.160000000000000142 ) ) ;
#772 = DIRECTION ( 'NONE',  ( -0.9931903090196375627, 0.000000000000000000, 0.1165032620550891379 ) ) ;
#773 = DIRECTION ( 'NONE',  ( -0.4082482904638420340, -0.8164965809277459075, 0.4082482904638443100 ) ) ;
#774 = ADVANCED_FACE ( 'NONE', ( #2069 ), #3061, .T. ) ;
#775 = LINE ( 'NONE', #2945, #3500 ) ;
#776 = CARTESIAN_POINT ( 'NONE',  ( 0.9525000000000000133, -0.7672499999999999876, 2.160000000000000142 ) ) ;
#777 = VECTOR ( 'NONE', #1585, 1000.000000000000000 ) ;
#778 = EDGE_LOOP ( 'NONE', ( #3382, #543, #754, #583 ) ) ;
#779 = CARTESIAN_POINT ( 'NONE',  ( -1.222500000000000142, -0.4997499999999999720, -2.660000000000000142 ) ) ;
#780 = CARTESIAN_POINT ( 'NONE',  ( -4.120000000000000107, 0.03274999999999959888, 1.899999999999999911 ) ) ;
#781 = ORIENTED_EDGE ( 'NONE', *, *, #1138, .F. ) ;
#782 = CYLINDRICAL_SURFACE ( 'NONE', #983, 0.7999999999999999334 ) ;
#783 = LINE ( 'NONE', #2527, #4839 ) ;
#784 = EDGE_CURVE ( 'NONE', #3468, #1715, #299, .T. ) ;
#785 = VECTOR ( 'NONE', #238, 1000.000000000000000 ) ;
#786 = DIRECTION ( 'NONE',  ( 1.000000000000000000, 0.000000000000000000, 0.000000000000000000 ) ) ;
#787 = DIRECTION ( 'NONE',  ( 1.000000000000000000, 0.000000000000000000, 0.000000000000000000 ) ) ;
#788 = ORIENTED_EDGE ( 'NONE', *, *, #5242, .T. ) ;
#789 = LINE ( 'NONE', #474, #5453 ) ;
#790 = CARTESIAN_POINT ( 'NONE',  ( 3.572500000000000231, -0.7672499999999999876, 2.060000000000000053 ) ) ;
#791 = CARTESIAN_POINT ( 'NONE',  ( -1.222500000000000142, 0.2322500000000000120, 2.660000000000000142 ) ) ;
#792 = COLOUR_RGB ( '',0.8313725490196077761, 0.8313725490196077761, 0.8313725490196077761 ) ;
#793 = EDGE_LOOP ( 'NONE', ( #5352, #1563, #732, #424 ) ) ;
#794 = DIRECTION ( 'NONE',  ( 0.000000000000000000, 1.000000000000000000, 0.000000000000000000 ) ) ;
#795 = ORIENTED_EDGE ( 'NONE', *, *, #1003, .T. ) ;
#796 = EDGE_CURVE ( 'NONE', #1400, #4081, #3693, .T. ) ;
#797 = ORIENTED_EDGE ( 'NONE', *, *, #2308, .T. ) ;
#798 = LINE ( 'NONE', #5256, #642 ) ;
#799 = ORIENTED_EDGE ( 'NONE', *, *, #5364, .F. ) ;
#800 = AXIS2_PLACEMENT_3D ( 'NONE', #351, #4759, #3950 ) ;
#801 = LINE ( 'NONE', #3415, #4673 ) ;
#802 = PLANE ( 'NONE',  #5461 ) ;
#803 = CARTESIAN_POINT ( 'NONE',  ( 0.8386017010834400098, -0.09225000000000001255, 0.5433639958395750647 ) ) ;
#804 = CARTESIAN_POINT ( 'NONE',  ( -3.270000000000000018, -2.371979103387989785, -0.5488734380408860636 ) ) ;
#805 = VECTOR ( 'NONE', #529, 1000.000000000000000 ) ;
#806 = DIRECTION ( 'NONE',  ( 4.336808689942222051E-15, -0.7071067811865479058, 0.7071067811865471286 ) ) ;
#807 = CIRCLE ( 'NONE', #4763, 0.1000000000000002554 ) ;
#808 = EDGE_LOOP ( 'NONE', ( #394, #3633, #2114, #1127 ) ) ;
#809 = DIRECTION ( 'NONE',  ( 1.000000000000000000, 0.000000000000000000, 0.000000000000000000 ) ) ;
#810 = CARTESIAN_POINT ( 'NONE',  ( 4.852500000000000036, -0.1922500000000000042, 2.602500000000000036 ) ) ;
#811 = ORIENTED_EDGE ( 'NONE', *, *, #619, .T. ) ;
#812 = CARTESIAN_POINT ( 'NONE',  ( -4.319792374265440493, 0.2677499999999999880, -2.754999999999999893 ) ) ;
#813 = DIRECTION ( 'NONE',  ( 0.000000000000000000, 0.000000000000000000, 1.000000000000000000 ) ) ;
#814 = VECTOR ( 'NONE', #4928, 1000.000000000000000 ) ;
#815 = EDGE_CURVE ( 'NONE', #1537, #1461, #2766, .T. ) ;
#816 = DIRECTION ( 'NONE',  ( 1.000000000000000000, 0.000000000000000000, 0.000000000000000000 ) ) ;
#817 = CIRCLE ( 'NONE', #2101, 0.2999999999999999334 ) ;
#818 = SURFACE_STYLE_USAGE ( .BOTH. , #4703 ) ;
#819 = ORIENTED_EDGE ( 'NONE', *, *, #4155, .T. ) ;
#820 = DIRECTION ( 'NONE',  ( 0.000000000000000000, 0.000000000000000000, -1.000000000000000000 ) ) ;
#821 = CARTESIAN_POINT ( 'NONE',  ( 4.852500000000000036, -0.1922500000000000042, 2.044279695023479615 ) ) ;
#822 = VERTEX_POINT ( 'NONE', #3009 ) ;
#823 = EDGE_CURVE ( 'NONE', #3778, #4819, #4779, .T. ) ;
#824 = ORIENTED_EDGE ( 'NONE', *, *, #3592, .F. ) ;
#825 = DIRECTION ( 'NONE',  ( 1.000000000000000000, 0.000000000000000000, 0.000000000000000000 ) ) ;
#826 = ORIENTED_EDGE ( 'NONE', *, *, #2733, .T. ) ;
#827 = VERTEX_POINT ( 'NONE', #4747 ) ;
#828 = AXIS2_PLACEMENT_3D ( 'NONE', #1216, #2110, #2988 ) ;
#829 = DIRECTION ( 'NONE',  ( -3.050063254464720219E-16, 1.000000000000000000, 0.000000000000000000 ) ) ;
#830 = VERTEX_POINT ( 'NONE', #834 ) ;
#831 = CARTESIAN_POINT ( 'NONE',  ( -4.852500000000000036, -0.7672499999999999876, -2.660000000000000142 ) ) ;
#832 = CARTESIAN_POINT ( 'NONE',  ( -3.414865336152355102, -0.3451191649770725123, 0.000000000000000000 ) ) ;
#833 = DIRECTION ( 'NONE',  ( -1.000000000000000000, -3.395177445336869685E-16, 0.000000000000000000 ) ) ;
#834 = CARTESIAN_POINT ( 'NONE',  ( 3.972500000000000142, -0.7672499999999999876, -2.602500000000000036 ) ) ;
#835 = DIRECTION ( 'NONE',  ( 0.8164965809277254793, -0.4082482904638610188, -0.4082482904638664589 ) ) ;
#836 = DIRECTION ( 'NONE',  ( 0.000000000000000000, 1.000000000000000000, 0.000000000000000000 ) ) ;
#837 = APPLICATION_CONTEXT ( 'automotive_design' ) ;
#838 = CIRCLE ( 'NONE', #4226, 0.3000000000000000444 ) ;
#839 = EDGE_LOOP ( 'NONE', ( #3951, #3289, #5331, #4266, #241 ) ) ;
#840 = DIRECTION ( 'NONE',  ( -1.000000000000000000, 0.000000000000000000, 0.000000000000000000 ) ) ;
#841 = FACE_OUTER_BOUND ( 'NONE', #965, .T. ) ;
#842 = DIRECTION ( 'NONE',  ( 0.000000000000000000, 0.000000000000000000, -1.000000000000000000 ) ) ;
#843 = CIRCLE ( 'NONE', #1485, 0.09999999999999997780 ) ;
#844 = LINE ( 'NONE', #4344, #3860 ) ;
#845 = VECTOR ( 'NONE', #5500, 1000.000000000000000 ) ;
#846 = ORIENTED_EDGE ( 'NONE', *, *, #3377, .T. ) ;
#847 = CARTESIAN_POINT ( 'NONE',  ( 0.000000000000000000, 5.507292758028077538E-17, 2.330000000000004956 ) ) ;
#848 = CARTESIAN_POINT ( 'NONE',  ( 3.269999999999996909, 2.924613882647856045, 0.4679151216102805932 ) ) ;
#849 = CARTESIAN_POINT ( 'NONE',  ( 4.852500000000000036, -0.1922500000000000042, -2.044279695023479615 ) ) ;
#850 = DIRECTION ( 'NONE',  ( 0.000000000000000000, 0.000000000000000000, 1.000000000000000000 ) ) ;
#851 = EDGE_CURVE ( 'NONE', #5083, #763, #369, .T. ) ;
#852 = UNCERTAINTY_MEASURE_WITH_UNIT (LENGTH_MEASURE( 1.000000000000000082E-05 ), #4808, 'distance_accuracy_value', 'NONE');
#853 = SHAPE_DEFINITION_REPRESENTATION ( #4504, #5379 ) ;
#854 = ORIENTED_EDGE ( 'NONE', *, *, #697, .F. ) ;
#855 = DIRECTION ( 'NONE',  ( 0.000000000000000000, 0.000000000000000000, 1.000000000000000000 ) ) ;
#856 = VERTEX_POINT ( 'NONE', #4336 ) ;
#857 = VERTEX_POINT ( 'NONE', #2112 ) ;
#858 = EDGE_CURVE ( 'NONE', #742, #4819, #1218, .T. ) ;
#859 = FACE_OUTER_BOUND ( 'NONE', #2395, .T. ) ;
#860 =( BOUNDED_CURVE ( )  B_SPLINE_CURVE ( 3, ( #2585, #1717, #848, #4349 ),
 .UNSPECIFIED., .F., .F. ) 
 B_SPLINE_CURVE_WITH_KNOTS ( ( 4, 4 ),
 ( 0.02019034149695389871, 0.7147416074661669949 ),
 .UNSPECIFIED. ) 
 CURVE ( )  GEOMETRIC_REPRESENTATION_ITEM ( )  RATIONAL_B_SPLINE_CURVE ( ( 1.000000000000000000, 0.9602022700503860531, 0.9602022700503860531, 1.000000000000000000 ) ) 
 REPRESENTATION_ITEM ( '' )  );
#861 = EDGE_LOOP ( 'NONE', ( #889, #2525, #2356, #1948 ) ) ;
#862 = DIRECTION ( 'NONE',  ( 1.000000000000000000, 0.000000000000000000, 0.000000000000000000 ) ) ;
#863 = CARTESIAN_POINT ( 'NONE',  ( -4.952500000000000568, -0.6672500000000000098, 0.000000000000000000 ) ) ;
#864 = CARTESIAN_POINT ( 'NONE',  ( 0.7940053905823569735, -0.09225000000000001255, 0.4964893671043369427 ) ) ;
#865 = DIRECTION ( 'NONE',  ( -1.445602896647339508E-15, 0.000000000000000000, 1.000000000000000000 ) ) ;
#866 = EDGE_CURVE ( 'NONE', #1601, #2833, #789, .T. ) ;
#867 = CARTESIAN_POINT ( 'NONE',  ( 4.787102839788673236, -0.1922500000000052223, 1.844279695023471000 ) ) ;
#868 = AXIS2_PLACEMENT_3D ( 'NONE', #4307, #2942, #4714 ) ;
#869 = ORIENTED_EDGE ( 'NONE', *, *, #1003, .F. ) ;
#870 = CARTESIAN_POINT ( 'NONE',  ( 3.872500000000000053, -0.09225000000000001255, 2.502499999999999947 ) ) ;
#871 = LINE ( 'NONE', #2608, #4196 ) ;
#872 = CIRCLE ( 'NONE', #4919, 0.3999999999999999667 ) ;
#873 = EDGE_CURVE ( 'NONE', #5344, #4564, #2947, .T. ) ;
#874 = CARTESIAN_POINT ( 'NONE',  ( 3.872500000000000053, -0.7672499999999999876, -2.160000000000000142 ) ) ;
#875 = CARTESIAN_POINT ( 'NONE',  ( 4.952500000000000568, -0.09224999999999870803, 2.060000000000000053 ) ) ;
#876 = FACE_OUTER_BOUND ( 'NONE', #473, .T. ) ;
#877 =( NAMED_UNIT ( * ) PLANE_ANGLE_UNIT ( ) SI_UNIT ( $, .RADIAN. ) );
#878 = VERTEX_POINT ( 'NONE', #2175 ) ;
#879 = DIRECTION ( 'NONE',  ( 5.482582837655000045E-16, -1.000000000000000000, 0.000000000000000000 ) ) ;
#880 = DIRECTION ( 'NONE',  ( 0.000000000000000000, 0.000000000000000000, 1.000000000000000000 ) ) ;
#881 = LINE ( 'NONE', #3461, #333 ) ;
#882 = CARTESIAN_POINT ( 'NONE',  ( 3.062956411645905597, 3.047500000000003428, 0.6750000000000019318 ) ) ;
#883 = ORIENTED_EDGE ( 'NONE', *, *, #4371, .T. ) ;
#884 = FACE_OUTER_BOUND ( 'NONE', #1684, .T. ) ;
#885 = EDGE_CURVE ( 'NONE', #2028, #4241, #4711, .T. ) ;
#886 = VERTEX_POINT ( 'NONE', #2532 ) ;
#887 = ADVANCED_FACE ( 'NONE', ( #3859 ), #1247, .T. ) ;
#888 = AXIS2_PLACEMENT_3D ( 'NONE', #944, #2703, #1023 ) ;
#889 = ORIENTED_EDGE ( 'NONE', *, *, #3939, .F. ) ;
#890 = CIRCLE ( 'NONE', #2078, 0.1000000000000002554 ) ;
#891 = EDGE_CURVE ( 'NONE', #4068, #2682, #1776, .T. ) ;
#892 = ORIENTED_EDGE ( 'NONE', *, *, #2705, .T. ) ;
#893 = CARTESIAN_POINT ( 'NONE',  ( -3.770634082987819991, 0.3248361564241374899, -1.899999999999999911 ) ) ;
#894 = FACE_OUTER_BOUND ( 'NONE', #133, .T. ) ;
#895 = CARTESIAN_POINT ( 'NONE',  ( 4.787102839788669684, -0.09224999999999880518, 1.844279695023479881 ) ) ;
#896 = DIRECTION ( 'NONE',  ( -1.000000000000000000, 5.273387487129771350E-15, -6.014928269469970277E-32 ) ) ;
#897 = CARTESIAN_POINT ( 'NONE',  ( 3.772499999999999964, -0.1922500000000000042, 1.860000000000000098 ) ) ;
#898 = VECTOR ( 'NONE', #4939, 1000.000000000000000 ) ;
#899 = SURFACE_STYLE_USAGE ( .BOTH. , #3508 ) ;
#900 = EDGE_CURVE ( 'NONE', #3501, #1622, #5261, .T. ) ;
#901 = ORIENTED_EDGE ( 'NONE', *, *, #823, .F. ) ;
#902 = CARTESIAN_POINT ( 'NONE',  ( -3.770634082987819991, 0.3248361564241379895, 2.660000000000000142 ) ) ;
#903 = AXIS2_PLACEMENT_3D ( 'NONE', #4718, #1764, #4811 ) ;
#904 = FACE_OUTER_BOUND ( 'NONE', #861, .T. ) ;
#905 = CARTESIAN_POINT ( 'NONE',  ( 4.852500000000000036, -0.1922500000000000042, 1.944279695023479970 ) ) ;
#906 = AXIS2_PLACEMENT_3D ( 'NONE', #3711, #1536, #5478 ) ;
#907 = PRODUCT_RELATED_PRODUCT_CATEGORY ( 'part', '', ( #1374 ) ) ;
#908 = DIRECTION ( 'NONE',  ( 0.4643522996055911012, 0.8856505754816621501, 0.000000000000000000 ) ) ;
#909 = CARTESIAN_POINT ( 'NONE',  ( 4.687102839788669151, -0.09224999999999880518, 1.944279695023479970 ) ) ;
#910 = ORIENTED_EDGE ( 'NONE', *, *, #5025, .T. ) ;
#911 = DIRECTION ( 'NONE',  ( 0.000000000000000000, 1.000000000000000000, 3.564362208736594292E-16 ) ) ;
#912 = DIRECTION ( 'NONE',  ( -8.223874256482640091E-16, 1.000000000000000000, 0.000000000000000000 ) ) ;
#913 = CIRCLE ( 'NONE', #5590, 0.5000000000000000000 ) ;
#914 = DIRECTION ( 'NONE',  ( -7.228014483236700500E-16, 1.000000000000000000, 1.738068472813529877E-31 ) ) ;
#915 = CYLINDRICAL_SURFACE ( 'NONE', #2120, 0.5000000000000000000 ) ;
#916 = CIRCLE ( 'NONE', #4118, 0.1000000000000002554 ) ;
#917 = VECTOR ( 'NONE', #3006, 1000.000000000000000 ) ;
#918 = CYLINDRICAL_SURFACE ( 'NONE', #3130, 0.09999999999999982514 ) ;
#919 = ORIENTED_EDGE ( 'NONE', *, *, #1993, .T. ) ;
#920 = ORIENTED_EDGE ( 'NONE', *, *, #683, .F. ) ;
#921 = AXIS2_PLACEMENT_3D ( 'NONE', #5691, #3870, #2939 ) ;
#922 = CARTESIAN_POINT ( 'NONE',  ( 3.545609128038689661, -0.09225000000000001255, -0.8062182560773819562 ) ) ;
#923 = ORIENTED_EDGE ( 'NONE', *, *, #2010, .F. ) ;
#924 = CARTESIAN_POINT ( 'NONE',  ( 3.372500000000000053, -0.1922500000000000042, -2.060000000000000053 ) ) ;
#925 = ORIENTED_EDGE ( 'NONE', *, *, #1626, .F. ) ;
#926 = DIRECTION ( 'NONE',  ( 0.000000000000000000, 0.000000000000000000, -1.000000000000000000 ) ) ;
#927 = CARTESIAN_POINT ( 'NONE',  ( 3.270000000000000018, -8.237705465659549376E-16, 0.000000000000000000 ) ) ;
#928 = CARTESIAN_POINT ( 'NONE',  ( -1.222500000000000142, 0.7672499999999999876, -0.3800000000000000044 ) ) ;
#929 = DIRECTION ( 'NONE',  ( 1.084202172485502067E-15, -1.000000000000000000, 0.000000000000000000 ) ) ;
#930 = ADVANCED_FACE ( 'NONE', ( #4292 ), #2990, .T. ) ;
#931 = AXIS2_PLACEMENT_3D ( 'NONE', #324, #2956, #1189 ) ;
#932 = ORIENTED_EDGE ( 'NONE', *, *, #2683, .F. ) ;
#933 = DIRECTION ( 'NONE',  ( 0.000000000000000000, 0.000000000000000000, 1.000000000000000000 ) ) ;
#934 = CARTESIAN_POINT ( 'NONE',  ( -3.903095123049505233, -0.008589285714287448956, -1.804999999999999938 ) ) ;
#935 = DIRECTION ( 'NONE',  ( -1.000000000000000000, -1.084202172485503842E-15, 0.000000000000000000 ) ) ;
#936 = EDGE_CURVE ( 'NONE', #1748, #287, #3047, .T. ) ;
#937 = CARTESIAN_POINT ( 'NONE',  ( 3.268256239112223849, -2.786885616536767696, 0.6898655615683391140 ) ) ;
#938 = CIRCLE ( 'NONE', #284, 0.5000000000000000000 ) ;
#939 = AXIS2_PLACEMENT_3D ( 'NONE', #726, #1123, #2465 ) ;
#940 = VECTOR ( 'NONE', #2655, 1000.000000000000000 ) ;
#941 = CARTESIAN_POINT ( 'NONE',  ( 4.587102839788670394, -0.09224999999999888844, -1.844279695023479881 ) ) ;
#942 = ORIENTED_EDGE ( 'NONE', *, *, #3596, .T. ) ;
#943 = DIRECTION ( 'NONE',  ( 0.7923148865753539827, -4.336808689942114766E-15, 0.6101123835090417336 ) ) ;
#944 = CARTESIAN_POINT ( 'NONE',  ( 0.000000000000000000, 0.5217543599545274580, 2.380000000000003446 ) ) ;
#945 = DIRECTION ( 'NONE',  ( 1.000000000000000000, -3.523657060577887833E-15, 0.000000000000000000 ) ) ;
#946 = ORIENTED_EDGE ( 'NONE', *, *, #364, .T. ) ;
#947 = ORIENTED_EDGE ( 'NONE', *, *, #5121, .F. ) ;
#948 = ORIENTED_EDGE ( 'NONE', *, *, #5242, .F. ) ;
#949 = EDGE_CURVE ( 'NONE', #2816, #1500, #488, .T. ) ;
#950 = CARTESIAN_POINT ( 'NONE',  ( 4.952500000000000568, -0.7672499999999999876, 0.000000000000000000 ) ) ;
#951 = EDGE_LOOP ( 'NONE', ( #5602, #5601, #4934, #5367, #1343 ) ) ;
#952 = SURFACE_STYLE_USAGE ( .BOTH. , #3554 ) ;
#953 = ORIENTED_EDGE ( 'NONE', *, *, #2304, .T. ) ;
#954 = DIRECTION ( 'NONE',  ( 1.000000000000000000, 0.000000000000000000, 0.000000000000000000 ) ) ;
#955 = DIRECTION ( 'NONE',  ( -0.1147640357803560301, -0.1721460536705340105, 0.9783634050275321625 ) ) ;
#956 = LINE ( 'NONE', #141, #571 ) ;
#957 = DIRECTION ( 'NONE',  ( 0.000000000000000000, 0.000000000000000000, -1.000000000000000000 ) ) ;
#958 = AXIS2_PLACEMENT_3D ( 'NONE', #1249, #4936, #2704 ) ;
#959 = VERTEX_POINT ( 'NONE', #1685 ) ;
#960 = DIRECTION ( 'NONE',  ( -8.223874256482640091E-16, 1.000000000000000000, 0.000000000000000000 ) ) ;
#961 = ADVANCED_FACE ( 'NONE', ( #2615 ), #1219, .T. ) ;
#962 = CARTESIAN_POINT ( 'NONE',  ( 4.952500000000000568, -0.1922500000000000042, 0.000000000000000000 ) ) ;
#963 = ADVANCED_FACE ( 'NONE', ( #5223 ), #4381, .T. ) ;
#964 = DIRECTION ( 'NONE',  ( 0.000000000000000000, 0.000000000000000000, 1.000000000000000000 ) ) ;
#965 = EDGE_LOOP ( 'NONE', ( #1548, #1605, #1931, #3144 ) ) ;
#966 = DIRECTION ( 'NONE',  ( 0.8233548815373527008, -0.5675268619621558486, 0.000000000000000000 ) ) ;
#967 = FACE_OUTER_BOUND ( 'NONE', #1457, .T. ) ;
#968 = CARTESIAN_POINT ( 'NONE',  ( 3.249390871961309823, -0.7672499999999999876, -0.6562182560773820450 ) ) ;
#969 = B_SPLINE_CURVE_WITH_KNOTS ( 'NONE', 3,
 ( #4960, #1017, #2754, #4525, #1935, #5044, #256, #640, #3680, #5525, #4689, #205, #1177, #5015, #2041, #2862 ),
 .UNSPECIFIED., .F., .F.,
 ( 4, 1, 2, 2, 2, 1, 2, 2, 4 ),
 ( 0.2500000006167906741, 0.2812500000000000000, 0.2968750000000000000, 0.3125000000000000000, 0.3750000000000000000, 0.4062500000000000000, 0.4218750000000000000, 0.4375000000000000000, 0.5000000000000000000 ),
 .UNSPECIFIED. ) ;
#970 = ORIENTED_EDGE ( 'NONE', *, *, #2810, .T. ) ;
#971 = DIRECTION ( 'NONE',  ( 0.000000000000000000, 1.000000000000000000, 0.000000000000000000 ) ) ;
#972 = EDGE_CURVE ( 'NONE', #1109, #552, #1946, .T. ) ;
#973 = ADVANCED_FACE ( 'NONE', ( #412 ), #3075, .T. ) ;
#974 = VERTEX_POINT ( 'NONE', #13 ) ;
#975 = EDGE_LOOP ( 'NONE', ( #1103, #5689, #4390, #636, #1403, #226 ) ) ;
#976 = PLANE ( 'NONE',  #2646 ) ;
#977 = EDGE_CURVE ( 'NONE', #143, #3349, #5276, .T. ) ;
#978 = VERTEX_POINT ( 'NONE', #4412 ) ;
#979 = ORIENTED_EDGE ( 'NONE', *, *, #1235, .T. ) ;
#980 = DIRECTION ( 'NONE',  ( 0.000000000000000000, 0.000000000000000000, 1.000000000000000000 ) ) ;
#981 = DIRECTION ( 'NONE',  ( -0.7071067811865366926, -5.421010862426667045E-15, 0.7071067811865583419 ) ) ;
#982 = CARTESIAN_POINT ( 'NONE',  ( 4.941942719099990278, -0.1475286404500031900, 2.502499999999999947 ) ) ;
#984 = DIRECTION ( 'NONE',  ( 0.000000000000000000, 1.000000000000000000, -2.891205793294679017E-15 ) ) ;
#983 = AXIS2_PLACEMENT_3D ( 'NONE', #2579, #3823, #1240 ) ;
#985 = EDGE_LOOP ( 'NONE', ( #3818, #1431, #5484, #327, #2795, #1223 ) ) ;
#986 = FACE_OUTER_BOUND ( 'NONE', #447, .T. ) ;
#987 = LINE ( 'NONE', #5385, #1518 ) ;
#988 = DIRECTION ( 'NONE',  ( -1.000000000000000000, -5.482582837655000045E-16, 0.000000000000000000 ) ) ;
#989 = VECTOR ( 'NONE', #4652, 1000.000000000000000 ) ;
#990 = CARTESIAN_POINT ( 'NONE',  ( 3.127464182997049313, -3.014559639323644902, 0.6812228666394758436 ) ) ;
#991 = DIRECTION ( 'NONE',  ( -1.000000000000000000, -1.421660098671661550E-14, 0.000000000000000000 ) ) ;
#992 = ORIENTED_EDGE ( 'NONE', *, *, #715, .F. ) ;
#993 = CARTESIAN_POINT ( 'NONE',  ( 0.000000000000000000, 0.6083569003329788449, 2.330000000000004956 ) ) ;
#994 = CARTESIAN_POINT ( 'NONE',  ( -4.852500000000000036, -0.2322500000000000120, -1.899999999999999911 ) ) ;
#995 = CARTESIAN_POINT ( 'NONE',  ( -4.319792374265440493, -0.2322500000000000120, -2.660000000000000142 ) ) ;
#996 = AXIS2_PLACEMENT_3D ( 'NONE', #2104, #4814, #2982 ) ;
#997 = EDGE_CURVE ( 'NONE', #1748, #3883, #37, .T. ) ;
#998 = VECTOR ( 'NONE', #234, 1000.000000000000000 ) ;
#999 = EDGE_LOOP ( 'NONE', ( #4171, #3113, #3291, #389 ) ) ;
#1000 = ORIENTED_EDGE ( 'NONE', *, *, #1712, .T. ) ;
#1001 = ORIENTED_EDGE ( 'NONE', *, *, #217, .F. ) ;
#1002 = CYLINDRICAL_SURFACE ( 'NONE', #3108, 0.1000000000000000056 ) ;
#1003 = EDGE_CURVE ( 'NONE', #1006, #3458, #5342, .T. ) ;
#1004 = EDGE_CURVE ( 'NONE', #1100, #4068, #572, .T. ) ;
#1005 = AXIS2_PLACEMENT_3D ( 'NONE', #4457, #4895, #516 ) ;
#1006 = VERTEX_POINT ( 'NONE', #3200 ) ;
#1007 = ORIENTED_EDGE ( 'NONE', *, *, #3727, .T. ) ;
#1008 = DIRECTION ( 'NONE',  ( 0.000000000000000000, 0.2840883296913740419, -0.9587981127083872179 ) ) ;
#1009 = PRESENTATION_LAYER_ASSIGNMENT (  '', '', ( #3478 ) ) ;
#1010 = DIRECTION ( 'NONE',  ( 0.1147640357803538513, 0.1721460536705335664, -0.9783634050275323846 ) ) ;
#1011 = DIRECTION ( 'NONE',  ( -5.284080787928079298E-49, 9.747408595971459080E-34, 1.000000000000000000 ) ) ;
#1012 = CARTESIAN_POINT ( 'NONE',  ( -2.732499999999999929, 0.7672499999999999876, -0.3800000000000000044 ) ) ;
#1013 = VERTEX_POINT ( 'NONE', #590 ) ;
#1014 = DIRECTION ( 'NONE',  ( -1.000000000000000000, 0.000000000000000000, 0.000000000000000000 ) ) ;
#1015 = PRODUCT_DEFINITION_SHAPE ( 'NONE', 'NONE',  #5695 ) ;
#1016 = LINE ( 'NONE', #2753, #2966 ) ;
#1017 = CARTESIAN_POINT ( 'NONE',  ( -0.03299936581382584277, 0.5217879158365159586, 2.330000000000000071 ) ) ;
#1018 = CARTESIAN_POINT ( 'NONE',  ( 3.167922211362118379, 3.047500000000003428, 0.4634324369325715787 ) ) ;
#1019 = CARTESIAN_POINT ( 'NONE',  ( -3.770634082987819991, 0.3248361564241389887, -2.660000000000000142 ) ) ;
#1020 = CARTESIAN_POINT ( 'NONE',  ( -1.222500000000000142, 0.7672499999999999876, 0.000000000000000000 ) ) ;
#1021 = ORIENTED_EDGE ( 'NONE', *, *, #4342, .F. ) ;
#1022 = FACE_OUTER_BOUND ( 'NONE', #209, .T. ) ;
#1023 = DIRECTION ( 'NONE',  ( 0.000000000000000000, 0.000000000000000000, 1.000000000000000000 ) ) ;
#1024 = VECTOR ( 'NONE', #122, 1000.000000000000000 ) ;
#1025 = CARTESIAN_POINT ( 'NONE',  ( 3.772499999999999964, -0.1922500000000000042, 2.060000000000000053 ) ) ;
#1026 = AXIS2_PLACEMENT_3D ( 'NONE', #2384, #5490, #246 ) ;
#1027 = LINE ( 'NONE', #2736, #2720 ) ;
#1028 = ORIENTED_EDGE ( 'NONE', *, *, #5146, .T. ) ;
#1029 = ORIENTED_EDGE ( 'NONE', *, *, #396, .F. ) ;
#1030 = EDGE_CURVE ( 'NONE', #4505, #2105, #3356, .T. ) ;
#1031 = CIRCLE ( 'NONE', #3031, 0.09999999999999999167 ) ;
#1032 = ORIENTED_EDGE ( 'NONE', *, *, #1389, .F. ) ;
#1033 = ORIENTED_EDGE ( 'NONE', *, *, #2789, .F. ) ;
#1034 = CARTESIAN_POINT ( 'NONE',  ( -2.970000000000000195, -2.371979103387989785, -0.5488734380408860636 ) ) ;
#1035 = DIRECTION ( 'NONE',  ( 0.5220116514400391372, 0.5176389217158351430, 0.6779039625829831328 ) ) ;
#1036 = DIRECTION ( 'NONE',  ( -0.5773502691896246208, 0.5773502691896281735, 0.5773502691896246208 ) ) ;
#1037 = DIRECTION ( 'NONE',  ( -1.000000000000000000, 2.593979029498029835E-16, 0.000000000000000000 ) ) ;
#1038 = EDGE_LOOP ( 'NONE', ( #88, #108, #947, #1196, #1634, #3091 ) ) ;
#1039 = AXIS2_PLACEMENT_3D ( 'NONE', #2958, #354, #4820 ) ;
#1040 = CARTESIAN_POINT ( 'NONE',  ( -4.952500000000000568, -0.6672500000000000098, -1.899999999999999911 ) ) ;
#1041 = EDGE_CURVE ( 'NONE', #2225, #1588, #5436, .T. ) ;
#1042 = DIRECTION ( 'NONE',  ( 1.000000000000000000, 0.000000000000000000, 0.000000000000000000 ) ) ;
#1043 = CARTESIAN_POINT ( 'NONE',  ( 4.852499999999983160, -0.1922499999999949805, -2.502500000000001723 ) ) ;
#1044 = CARTESIAN_POINT ( 'NONE',  ( 3.572500000000000231, -0.1922500000000000042, 1.959999999999999964 ) ) ;
#1045 = EDGE_CURVE ( 'NONE', #258, #1798, #3080, .T. ) ;
#1046 = CARTESIAN_POINT ( 'NONE',  ( 3.872500000000000053, -0.7672499999999999876, -2.160000000000000142 ) ) ;
#1047 = FACE_OUTER_BOUND ( 'NONE', #3918, .T. ) ;
#1048 = ORIENTED_EDGE ( 'NONE', *, *, #651, .F. ) ;
#1049 = DIRECTION ( 'NONE',  ( -0.8856505754816621501, 0.4643522996055911012, 0.000000000000000000 ) ) ;
#1050 = DIRECTION ( 'NONE',  ( 0.000000000000000000, 0.000000000000000000, 1.000000000000000000 ) ) ;
#1051 = CARTESIAN_POINT ( 'NONE',  ( 3.101090794297179709, -2.580633701591290130, 2.114950978616529920 ) ) ;
#1052 = AXIS2_PLACEMENT_3D ( 'NONE', #1670, #309, #772 ) ;
#1053 = FACE_OUTER_BOUND ( 'NONE', #2155, .T. ) ;
#1054 = ORIENTED_EDGE ( 'NONE', *, *, #2391, .T. ) ;
#1055 = VERTEX_POINT ( 'NONE', #2729 ) ;
#1056 = VECTOR ( 'NONE', #5627, 1000.000000000000000 ) ;
#1057 = ORIENTED_EDGE ( 'NONE', *, *, #222, .T. ) ;
#1058 = VERTEX_POINT ( 'NONE', #2786 ) ;
#1059 = CARTESIAN_POINT ( 'NONE',  ( -4.852500000000000036, -0.6672500000000000098, -2.660000000000000142 ) ) ;
#1060 = CIRCLE ( 'NONE', #2970, 0.5000000000000000000 ) ;
#1061 = DIRECTION ( 'NONE',  ( 0.000000000000000000, 0.000000000000000000, -1.000000000000000000 ) ) ;
#1062 = CARTESIAN_POINT ( 'NONE',  ( 3.270000000000002238, -2.717896001968647557, 0.000000000000000000 ) ) ;
#1063 = EDGE_CURVE ( 'NONE', #2341, #3897, #663, .T. ) ;
#1064 = ADVANCED_FACE ( 'NONE', ( #5423 ), #5332, .T. ) ;
#1065 = EDGE_LOOP ( 'NONE', ( #2006, #2313, #2619, #5324, #2543, #1658 ) ) ;
#1066 = DIRECTION ( 'NONE',  ( 1.000000000000000000, 0.000000000000000000, 0.000000000000000000 ) ) ;
#1067 = CARTESIAN_POINT ( 'NONE',  ( 3.972500000000000142, -0.2610000000000000098, 2.602500000000000036 ) ) ;
#1068 = AXIS2_PLACEMENT_3D ( 'NONE', #757, #2553, #1740 ) ;
#1069 = LINE ( 'NONE', #281, #3624 ) ;
#1070 = DIRECTION ( 'NONE',  ( -1.000000000000000000, 0.000000000000000000, 0.000000000000000000 ) ) ;
#1071 = DIRECTION ( 'NONE',  ( 0.000000000000000000, 0.000000000000000000, -1.000000000000000000 ) ) ;
#1072 = EDGE_CURVE ( 'NONE', #4563, #4247, #382, .T. ) ;
#1073 = SHAPE_REPRESENTATION ( 'SQD50P08-25L_GE3.stp', ( #464, #3762, #191 ), #4220 ) ;
#1074 = EDGE_CURVE ( 'NONE', #4564, #3053, #3139, .T. ) ;
#1075 = CARTESIAN_POINT ( 'NONE',  ( -3.319999999999999840, 0.7672499999999999876, -1.899999999999999911 ) ) ;
#1076 = CARTESIAN_POINT ( 'NONE',  ( -0.2567365100197299688, -0.4546530281914720195, 2.330000000000000071 ) ) ;
#1077 = ORIENTED_EDGE ( 'NONE', *, *, #2262, .F. ) ;
#1078 = DIRECTION ( 'NONE',  ( -1.000000000000000000, 0.000000000000000000, 0.000000000000000000 ) ) ;
#1079 = CARTESIAN_POINT ( 'NONE',  ( -1.222500000000000142, 0.2322500000000000120, 0.000000000000000000 ) ) ;
#1080 = DIRECTION ( 'NONE',  ( 1.000000000000000000, 0.000000000000000000, 0.000000000000000000 ) ) ;
#1081 = EDGE_CURVE ( 'NONE', #2241, #5665, #3227, .T. ) ;
#1082 = CARTESIAN_POINT ( 'NONE',  ( 4.952500000000000568, -0.09224999999999870803, -2.060000000000000053 ) ) ;
#1083 = ORIENTED_EDGE ( 'NONE', *, *, #20, .T. ) ;
#1084 = ORIENTED_EDGE ( 'NONE', *, *, #345, .F. ) ;
#1085 = VECTOR ( 'NONE', #66, 1000.000000000000000 ) ;
#1086 = AXIS2_PLACEMENT_3D ( 'NONE', #3975, #34, #1796 ) ;
#1087 = VERTEX_POINT ( 'NONE', #1421 ) ;
#1088 = ORIENTED_EDGE ( 'NONE', *, *, #1289, .T. ) ;
#1089 = DIRECTION ( 'NONE',  ( 1.000000000000000000, 0.000000000000000000, 0.000000000000000000 ) ) ;
#1090 = CARTESIAN_POINT ( 'NONE',  ( -1.222500000000000142, 0.2322500000000000120, 0.000000000000000000 ) ) ;
#1091 = CIRCLE ( 'NONE', #3836, 0.09999999999999982514 ) ;
#1092 = PLANE ( 'NONE',  #4040 ) ;
#1093 = DIRECTION ( 'NONE',  ( 1.000000000000000000, 0.000000000000000000, 0.000000000000000000 ) ) ;
#1094 = EDGE_LOOP ( 'NONE', ( #3694, #5210, #3527, #2531, #2737 ) ) ;
#1095 = DIRECTION ( 'NONE',  ( 0.000000000000000000, -1.000000000000000000, 0.000000000000000000 ) ) ;
#1096 = CARTESIAN_POINT ( 'NONE',  ( -3.770634082987814661, 0.3248361564241374899, -2.660000000000000142 ) ) ;
#1097 = CARTESIAN_POINT ( 'NONE',  ( -4.952500000000000568, -0.6672500000000000098, -2.660000000000000142 ) ) ;
#1098 = EDGE_CURVE ( 'NONE', #3027, #2506, #4472, .T. ) ;
#1099 = DIRECTION ( 'NONE',  ( 0.5675268619621517407, 0.8233548815373554763, 0.000000000000000000 ) ) ;
#1100 = VERTEX_POINT ( 'NONE', #2285 ) ;
#1101 = DIRECTION ( 'NONE',  ( 0.000000000000000000, 0.000000000000000000, 1.000000000000000000 ) ) ;
#1102 = DIRECTION ( 'NONE',  ( 1.000000000000000000, 0.000000000000000000, 0.000000000000000000 ) ) ;
#1103 = ORIENTED_EDGE ( 'NONE', *, *, #1993, .F. ) ;
#1104 = CARTESIAN_POINT ( 'NONE',  ( 0.8940452588282801205, -0.09225000000000001255, -0.6257530980681529353 ) ) ;
#1105 = PLANE ( 'NONE',  #5017 ) ;
#1106 = EDGE_CURVE ( 'NONE', #3867, #3207, #4036, .T. ) ;
#1107 = CARTESIAN_POINT ( 'NONE',  ( 3.695609128038689573, -0.09225000000000001255, 0.6562182560773820450 ) ) ;
#1108 = ORIENTED_EDGE ( 'NONE', *, *, #77, .T. ) ;
#1109 = VERTEX_POINT ( 'NONE', #4995 ) ;
#1110 = AXIS2_PLACEMENT_3D ( 'NONE', #5227, #5120, #3302 ) ;
#1111 = VERTEX_POINT ( 'NONE', #4964 ) ;
#1112 = EDGE_CURVE ( 'NONE', #1892, #512, #1201, .T. ) ;
#1113 = AXIS2_PLACEMENT_3D ( 'NONE', #1408, #1436, #896 ) ;
#1114 = VERTEX_POINT ( 'NONE', #1362 ) ;
#1115 = AXIS2_PLACEMENT_3D ( 'NONE', #1639, #3848, #1937 ) ;
#1116 = CARTESIAN_POINT ( 'NONE',  ( -2.974041303662939839, 3.047499999999999876, 0.6750000000000000444 ) ) ;
#1117 = PLANE ( 'NONE',  #5212 ) ;
#1118 = CARTESIAN_POINT ( 'NONE',  ( 0.000000000000000000, 0.000000000000000000, 0.000000000000000000 ) ) ;
#1119 = ORIENTED_EDGE ( 'NONE', *, *, #431, .F. ) ;
#1120 = FACE_OUTER_BOUND ( 'NONE', #4734, .T. ) ;
#1121 = DIRECTION ( 'NONE',  ( -1.000000000000000000, 0.000000000000000000, 0.000000000000000000 ) ) ;
#1122 = CARTESIAN_POINT ( 'NONE',  ( 0.4819120798423590091, -0.1922500000000000042, -0.2314618684551759953 ) ) ;
#1123 = DIRECTION ( 'NONE',  ( -4.497431234013940009E-16, 1.000000000000000000, 0.000000000000000000 ) ) ;
#1124 = DIRECTION ( 'NONE',  ( -0.5773502691896249539, 0.5773502691896273964, -0.5773502691896249539 ) ) ;
#1125 = EDGE_CURVE ( 'NONE', #297, #5515, #1880, .T. ) ;
#1126 = ADVANCED_FACE ( 'NONE', ( #1022 ), #5393, .T. ) ;
#1127 = ORIENTED_EDGE ( 'NONE', *, *, #2634, .T. ) ;
#1128 = PLANE ( 'NONE',  #3653 ) ;
#1129 = CARTESIAN_POINT ( 'NONE',  ( -0.2251759213886214972, -0.4710134658122500095, 2.330000000000000071 ) ) ;
#1130 = VERTEX_POINT ( 'NONE', #2342 ) ;
#1131 = DIRECTION ( 'NONE',  ( -1.000000000000000000, -1.084202172485501673E-15, 0.000000000000000000 ) ) ;
#1132 = CARTESIAN_POINT ( 'NONE',  ( 4.682500000000000107, -0.1922500000000000042, -2.502499999999999947 ) ) ;
#1133 = EDGE_CURVE ( 'NONE', #1228, #4098, #1913, .T. ) ;
#1134 = UNCERTAINTY_MEASURE_WITH_UNIT (LENGTH_MEASURE( 1.000000000000000082E-05 ), #2583, 'distance_accuracy_value', 'NONE');
#1135 = ORIENTED_EDGE ( 'NONE', *, *, #1836, .F. ) ;
#1136 = EDGE_LOOP ( 'NONE', ( #5003, #542, #3749 ) ) ;
#1137 = AXIS2_PLACEMENT_3D ( 'NONE', #518, #3966, #1786 ) ;
#1138 = EDGE_CURVE ( 'NONE', #5344, #353, #4426, .T. ) ;
#1139 = EDGE_CURVE ( 'NONE', #4866, #4449, #2396, .T. ) ;
#1140 = EDGE_LOOP ( 'NONE', ( #765, #1709, #3114, #83 ) ) ;
#1141 = VECTOR ( 'NONE', #2382, 1000.000000000000000 ) ;
#1142 = VERTEX_POINT ( 'NONE', #5021 ) ;
#1143 = DIRECTION ( 'NONE',  ( 0.000000000000000000, -1.000000000000000000, 0.000000000000000000 ) ) ;
#1144 = CARTESIAN_POINT ( 'NONE',  ( -3.270000000000000018, 2.749041206907624879, 0.6749999999999789502 ) ) ;
#1145 = VECTOR ( 'NONE', #2861, 1000.000000000000000 ) ;
#1146 = ORIENTED_EDGE ( 'NONE', *, *, #2329, .F. ) ;
#1147 = CARTESIAN_POINT ( 'NONE',  ( -2.803133701591296933, -2.580633701591290574, 2.079999999999995186 ) ) ;
#1148 = DIRECTION ( 'NONE',  ( 0.4082482904638498611, 0.8164965809277379138, -0.4082482904638523591 ) ) ;
#1149 = DIRECTION ( 'NONE',  ( 0.000000000000000000, 0.000000000000000000, 1.000000000000000000 ) ) ;
#1150 = LINE ( 'NONE', #1609, #5591 ) ;
#1151 = PLANE ( 'NONE',  #4985 ) ;
#1152 = VERTEX_POINT ( 'NONE', #3687 ) ;
#1153 = DIRECTION ( 'NONE',  ( 0.000000000000000000, 0.000000000000000000, 1.000000000000000000 ) ) ;
#1154 = AXIS2_PLACEMENT_3D ( 'NONE', #1397, #5333, #4473 ) ;
#1155 = CARTESIAN_POINT ( 'NONE',  ( -1.222500000000000142, 0.2322500000000000120, 1.899999999999999911 ) ) ;
#1156 = ORIENTED_EDGE ( 'NONE', *, *, #3537, .T. ) ;
#1157 = CARTESIAN_POINT ( 'NONE',  ( -3.798064039089805721, 0.2699408224499639242, -2.660000000000000142 ) ) ;
#1158 = DIRECTION ( 'NONE',  ( -0.7071067811865909825, 4.851804721873459068E-14, 0.7071067811865041630 ) ) ;
#1159 = PLANE ( 'NONE',  #4105 ) ;
#1160 = ORIENTED_EDGE ( 'NONE', *, *, #4094, .F. ) ;
#1161 = DIRECTION ( 'NONE',  ( 0.000000000000000000, 1.000000000000000000, 0.000000000000000000 ) ) ;
#1162 = ORIENTED_EDGE ( 'NONE', *, *, #2153, .T. ) ;
#1163 = EDGE_CURVE ( 'NONE', #4782, #220, #4585, .T. ) ;
#1164 = CLOSED_SHELL ( 'NONE', ( #5383, #189, #4844, #1311, #1202, #3412, #1527, #1373, #5289, #2719, #3873, #5631, #1750, #1358, #3055, #349, #5446, #2746, #963, #2678, #3630, #1985, #4515, #2569 ) ) ;
#1165 = AXIS2_PLACEMENT_3D ( 'NONE', #5281, #2537, #5629 ) ;
#1166 = AXIS2_PLACEMENT_3D ( 'NONE', #3137, #964, #991 ) ;
#1167 = ORIENTED_EDGE ( 'NONE', *, *, #3455, .F. ) ;
#1168 = ORIENTED_EDGE ( 'NONE', *, *, #4983, .T. ) ;
#1169 = EDGE_CURVE ( 'NONE', #3664, #2590, #747, .T. ) ;
#1170 = DIRECTION ( 'NONE',  ( 1.000000000000000000, 0.000000000000000000, 0.000000000000000000 ) ) ;
#1171 = VECTOR ( 'NONE', #2496, 1000.000000000000227 ) ;
#1172 = EDGE_LOOP ( 'NONE', ( #1522, #3231, #2075, #2486 ) ) ;
#1173 = CARTESIAN_POINT ( 'NONE',  ( -4.952500000000000568, -0.4997499999999999720, 2.660000000000000142 ) ) ;
#1174 = AXIS2_PLACEMENT_3D ( 'NONE', #29, #4436, #4876 ) ;
#1175 = CARTESIAN_POINT ( 'NONE',  ( 4.852500000000000036, -0.7672499999999999876, 2.044279695023479615 ) ) ;
#1176 = DIRECTION ( 'NONE',  ( 1.000000000000000000, 0.000000000000000000, 0.000000000000000000 ) ) ;
#1177 = CARTESIAN_POINT ( 'NONE',  ( -0.4790325118501690405, 0.2073901124599374923, 2.330000000000000071 ) ) ;
#1178 = DIRECTION ( 'NONE',  ( 0.000000000000000000, 0.000000000000000000, -1.000000000000000000 ) ) ;
#1179 = AXIS2_PLACEMENT_3D ( 'NONE', #586, #2779, #3595 ) ;
#1180 = AXIS2_PLACEMENT_3D ( 'NONE', #1147, #2884, #4656 ) ;
#1181 = ORIENTED_EDGE ( 'NONE', *, *, #5225, .T. ) ;
#1182 = DIRECTION ( 'NONE',  ( -4.823386660693620032E-16, 1.000000000000000000, 0.000000000000000000 ) ) ;
#1183 = FACE_OUTER_BOUND ( 'NONE', #708, .T. ) ;
#1184 = ORIENTED_EDGE ( 'NONE', *, *, #3996, .F. ) ;
#1185 = EDGE_CURVE ( 'NONE', #4284, #161, #1690, .T. ) ;
#1186 = LINE ( 'NONE', #1079, #2171 ) ;
#1187 = DIRECTION ( 'NONE',  ( 0.000000000000000000, 0.000000000000000000, -1.000000000000000000 ) ) ;
#1188 = TOROIDAL_SURFACE ( 'NONE', #2383, 0.1999999999999961808, 0.1000000000000025452 ) ;
#1189 = DIRECTION ( 'NONE',  ( 1.000000000000000000, 0.000000000000000000, 0.000000000000000000 ) ) ;
#1190 = ORIENTED_EDGE ( 'NONE', *, *, #1742, .T. ) ;
#1191 = DIRECTION ( 'NONE',  ( 0.000000000000000000, 0.000000000000000000, 1.000000000000000000 ) ) ;
#1192 = ORIENTED_EDGE ( 'NONE', *, *, #1819, .T. ) ;
#1193 = EDGE_CURVE ( 'NONE', #4889, #2105, #417, .T. ) ;
#1194 = PRESENTATION_LAYER_ASSIGNMENT (  '', '', ( #2927 ) ) ;
#1195 = ADVANCED_FACE ( 'NONE', ( #4327 ), #1666, .F. ) ;
#1196 = ORIENTED_EDGE ( 'NONE', *, *, #1875, .T. ) ;
#1197 = ORIENTED_EDGE ( 'NONE', *, *, #4719, .F. ) ;
#1198 = VECTOR ( 'NONE', #4869, 1000.000000000000000 ) ;
#1199 = DIRECTION ( 'NONE',  ( 0.000000000000000000, 1.000000000000000000, 0.000000000000000000 ) ) ;
#1200 = CIRCLE ( 'NONE', #10, 0.09999999999999982514 ) ;
#1201 = CIRCLE ( 'NONE', #1579, 0.04999999999999579781 ) ;
#1202 = ADVANCED_FACE ( 'NONE', ( #1754 ), #2620, .T. ) ;
#1203 = ORIENTED_EDGE ( 'NONE', *, *, #2840, .F. ) ;
#1204 = FACE_OUTER_BOUND ( 'NONE', #681, .T. ) ;
#1205 = CARTESIAN_POINT ( 'NONE',  ( -4.319792374265440493, 0.2677499999999999880, 1.804999999999999938 ) ) ;
#1206 = CARTESIAN_POINT ( 'NONE',  ( 4.787102839788669684, -0.7672499999999999876, 1.944279695023479970 ) ) ;
#1207 = SURFACE_STYLE_USAGE ( .BOTH. , #2944 ) ;
#1208 = DIRECTION ( 'NONE',  ( 0.000000000000000000, -1.000000000000000000, 0.000000000000000000 ) ) ;
#1209 = PLANE ( 'NONE',  #5037 ) ;
#1210 = ORIENTED_EDGE ( 'NONE', *, *, #4616, .T. ) ;
#1211 = DIRECTION ( 'NONE',  ( -1.000000000000000000, -4.497431234013940009E-16, 0.000000000000000000 ) ) ;
#1212 = ORIENTED_EDGE ( 'NONE', *, *, #2269, .T. ) ;
#1213 = CARTESIAN_POINT ( 'NONE',  ( -3.833333768778729667, 0.1521730769230759950, -1.899999999999999911 ) ) ;
#1214 = DIRECTION ( 'NONE',  ( 0.000000000000000000, -1.000000000000000000, 0.000000000000000000 ) ) ;
#1215 = DIRECTION ( 'NONE',  ( 0.4082482904638394805, 0.8164965809277326958, 0.4082482904638731758 ) ) ;
#1216 = CARTESIAN_POINT ( 'NONE',  ( -2.803133701591289828, -2.580633701591290130, 2.079999999999999627 ) ) ;
#1217 = ORIENTED_EDGE ( 'NONE', *, *, #2222, .F. ) ;
#1218 = LINE ( 'NONE', #3890, #25 ) ;
#1219 = TOROIDAL_SURFACE ( 'NONE', #4441, 0.6083569003329787339, 0.04999999999999588801 ) ;
#1220 = DIRECTION ( 'NONE',  ( -1.445602896647339311E-15, -0.9848706617970867105, -0.1732910255361442831 ) ) ;
#1221 = EDGE_LOOP ( 'NONE', ( #5381, #569, #5557, #3987 ) ) ;
#1222 = VECTOR ( 'NONE', #1450, 1000.000000000000000 ) ;
#1223 = ORIENTED_EDGE ( 'NONE', *, *, #60, .F. ) ;
#1224 = DIRECTION ( 'NONE',  ( -1.000000000000000000, -5.139921410301649810E-16, 0.000000000000000000 ) ) ;
#1225 = EDGE_LOOP ( 'NONE', ( #5086, #4590, #3172, #3563 ) ) ;
#1226 = ORIENTED_EDGE ( 'NONE', *, *, #1346, .T. ) ;
#1227 = CARTESIAN_POINT ( 'NONE',  ( -2.732499999999999929, 0.7672499999999999876, -0.3800000000000000044 ) ) ;
#1228 = VERTEX_POINT ( 'NONE', #5253 ) ;
#1229 = CARTESIAN_POINT ( 'NONE',  ( -1.222500000000000142, -0.7672499999999999876, 1.899999999999999911 ) ) ;
#1230 = FACE_OUTER_BOUND ( 'NONE', #131, .T. ) ;
#1231 = DIRECTION ( 'NONE',  ( 0.000000000000000000, 0.000000000000000000, 1.000000000000000000 ) ) ;
#1232 =( NAMED_UNIT ( * ) SI_UNIT ( $, .STERADIAN. ) SOLID_ANGLE_UNIT ( ) );
#1233 = DIRECTION ( 'NONE',  ( -1.000000000000000000, 0.000000000000000000, 0.000000000000000000 ) ) ;
#1234 = DIRECTION ( 'NONE',  ( -1.000000000000000000, -3.383491205628860126E-44, -3.900899771617660644E-30 ) ) ;
#1235 = EDGE_CURVE ( 'NONE', #2536, #5123, #4387, .T. ) ;
#1236 = AXIS2_PLACEMENT_3D ( 'NONE', #1505, #2359, #1960 ) ;
#1237 = ORIENTED_EDGE ( 'NONE', *, *, #3514, .T. ) ;
#1238 = DIRECTION ( 'NONE',  ( 5.421010862427530059E-16, -1.000000000000000000, 0.000000000000000000 ) ) ;
#1239 = ORIENTED_EDGE ( 'NONE', *, *, #4087, .F. ) ;
#1240 = DIRECTION ( 'NONE',  ( 1.000000000000000000, 0.000000000000000000, 0.000000000000000000 ) ) ;
#1241 = DIRECTION ( 'NONE',  ( -1.000000000000000000, 0.000000000000000000, 0.000000000000000000 ) ) ;
#1242 = AXIS2_PLACEMENT_3D ( 'NONE', #676, #4234, #3257 ) ;
#1243 = EDGE_CURVE ( 'NONE', #453, #2989, #1781, .T. ) ;
#1244 = DIRECTION ( 'NONE',  ( 0.8856505754816621501, -0.4643522996055911012, 0.000000000000000000 ) ) ;
#1245 = PLANE ( 'NONE',  #2299 ) ;
#1246 = ORIENTED_EDGE ( 'NONE', *, *, #5390, .T. ) ;
#1247 = SPHERICAL_SURFACE ( 'NONE', #1780, 0.09999999999999811817 ) ;
#1248 = SPHERICAL_SURFACE ( 'NONE', #3616, 0.1000000000000147576 ) ;
#1249 = CARTESIAN_POINT ( 'NONE',  ( -3.575690672268250214, 0.0008476403358656010465, 2.754999999999999893 ) ) ;
#1250 = MECHANICAL_DESIGN_GEOMETRIC_PRESENTATION_REPRESENTATION (  '', ( #4002 ), #4175 ) ;
#1251 = EDGE_CURVE ( 'NONE', #4938, #5516, #3223, .T. ) ;
#1252 = ORIENTED_EDGE ( 'NONE', *, *, #123, .F. ) ;
#1253 = DIRECTION ( 'NONE',  ( 0.4082482904638640164, -0.8164965809277250353, -0.4082482904638640164 ) ) ;
#1254 = ORIENTED_EDGE ( 'NONE', *, *, #1346, .F. ) ;
#1255 = ORIENTED_EDGE ( 'NONE', *, *, #4835, .T. ) ;
#1256 = DIRECTION ( 'NONE',  ( 1.000000000000000000, 3.050063254464720219E-16, 0.000000000000000000 ) ) ;
#1257 = VECTOR ( 'NONE', #1814, 1000.000000000000000 ) ;
#1258 = ORIENTED_EDGE ( 'NONE', *, *, #1902, .F. ) ;
#1259 = DIRECTION ( 'NONE',  ( 1.000000000000000000, 4.517509052022936456E-16, 0.000000000000000000 ) ) ;
#1260 = ADVANCED_FACE ( 'NONE', ( #1657 ), #918, .T. ) ;
#1261 = CARTESIAN_POINT ( 'NONE',  ( 5.217897160211330210, -0.1922500000000000042, -1.944279695023479970 ) ) ;
#1262 = DIRECTION ( 'NONE',  ( 3.372057336110628984E-16, -0.9931903090196375627, 0.1165032620550900677 ) ) ;
#1263 = DIRECTION ( 'NONE',  ( 1.000000000000000000, 2.546383084002650169E-16, 0.000000000000000000 ) ) ;
#1264 = AXIS2_PLACEMENT_3D ( 'NONE', #4146, #2815, #645 ) ;
#1265 = CARTESIAN_POINT ( 'NONE',  ( -3.903095123049505233, -0.008589285714287448956, -2.754999999999999893 ) ) ;
#1266 = DIRECTION ( 'NONE',  ( 0.000000000000000000, 0.000000000000000000, 1.000000000000000000 ) ) ;
#1267 = AXIS2_PLACEMENT_3D ( 'NONE', #4582, #1101, #184 ) ;
#1268 = EDGE_LOOP ( 'NONE', ( #1029, #4137, #46, #5193, #1805 ) ) ;
#1269 = LINE ( 'NONE', #3881, #719 ) ;
#1270 = ADVANCED_FACE ( 'NONE', ( #3926 ), #5687, .T. ) ;
#1271 = DIRECTION ( 'NONE',  ( -1.000000000000000000, 0.000000000000000000, 0.000000000000000000 ) ) ;
#1272 = VERTEX_POINT ( 'NONE', #5198 ) ;
#1273 = LINE ( 'NONE', #3016, #1806 ) ;
#1274 = DIRECTION ( 'NONE',  ( 1.000000000000000000, 1.084202172485501673E-15, 0.000000000000000000 ) ) ;
#1275 = CARTESIAN_POINT ( 'NONE',  ( 3.695609128038689573, -0.7672499999999999876, 0.000000000000000000 ) ) ;
#1276 = EDGE_CURVE ( 'NONE', #4103, #477, #2998, .T. ) ;
#1277 = EDGE_CURVE ( 'NONE', #2590, #4709, #4757, .T. ) ;
#1278 = CIRCLE ( 'NONE', #4302, 0.1000000000000000472 ) ;
#1279 = ORIENTED_EDGE ( 'NONE', *, *, #5599, .F. ) ;
#1280 = DIRECTION ( 'NONE',  ( -0.8164965809276976128, 0.4082482904639465615, -0.4082482904638361498 ) ) ;
#1281 = CARTESIAN_POINT ( 'NONE',  ( 0.4525000000000000133, -0.7672499999999999876, 0.8629237369103519573 ) ) ;
#1282 = DIRECTION ( 'NONE',  ( 1.000000000000000000, 5.139921410301649810E-16, 0.000000000000000000 ) ) ;
#1283 = EDGE_LOOP ( 'NONE', ( #4828, #1083, #1326, #1860 ) ) ;
#1284 = DIRECTION ( 'NONE',  ( -4.823386660693620032E-16, 1.000000000000000000, 0.000000000000000000 ) ) ;
#1285 = EDGE_CURVE ( 'NONE', #959, #5516, #4380, .T. ) ;
#1286 = ORIENTED_EDGE ( 'NONE', *, *, #2733, .F. ) ;
#1287 = ORIENTED_EDGE ( 'NONE', *, *, #2740, .T. ) ;
#1288 = PLANE ( 'NONE',  #5137 ) ;
#1289 = EDGE_CURVE ( 'NONE', #2721, #4894, #2146, .T. ) ;
#1290 = EDGE_LOOP ( 'NONE', ( #1480, #5090, #3722, #1886, #4326, #3718, #2667, #979 ) ) ;
#1291 = CARTESIAN_POINT ( 'NONE',  ( 0.6083569003329799552, 7.450223307319891365E-17, 2.380000000000000338 ) ) ;
#1292 = CARTESIAN_POINT ( 'NONE',  ( -4.270000000000000462, -0.4997499999999999720, -2.660000000000000142 ) ) ;
#1293 = FACE_OUTER_BOUND ( 'NONE', #2233, .T. ) ;
#1294 = DIRECTION ( 'NONE',  ( 0.000000000000000000, -1.000000000000000000, 0.000000000000000000 ) ) ;
#1295 = DIRECTION ( 'NONE',  ( -1.000000000000000000, 0.000000000000000000, 0.000000000000000000 ) ) ;
#1296 = FACE_OUTER_BOUND ( 'NONE', #1094, .T. ) ;
#1297 = AXIS2_PLACEMENT_3D ( 'NONE', #2516, #2130, #5640 ) ;
#1298 =( BOUNDED_CURVE ( )  B_SPLINE_CURVE ( 3, ( #2457, #1930, #1062, #5544 ),
 .UNSPECIFIED., .F., .F. ) 
 B_SPLINE_CURVE_WITH_KNOTS ( ( 4, 4 ),
 ( 0.000000000000000000, 1.570796326794895004 ),
 .UNSPECIFIED. ) 
 CURVE ( )  GEOMETRIC_REPRESENTATION_ITEM ( )  RATIONAL_B_SPLINE_CURVE ( ( 1.000000000000000000, 0.8047378541243649375, 0.8047378541243649375, 1.000000000000000000 ) ) 
 REPRESENTATION_ITEM ( '' )  );
#1299 = ORIENTED_EDGE ( 'NONE', *, *, #77, .F. ) ;
#1300 = CARTESIAN_POINT ( 'NONE',  ( 3.572500000000000231, -0.1922500000000000042, 2.060000000000000053 ) ) ;
#1301 = LINE ( 'NONE', #3820, #1171 ) ;
#1302 = DIRECTION ( 'NONE',  ( 0.000000000000000000, 0.000000000000000000, 1.000000000000000000 ) ) ;
#1303 = AXIS2_PLACEMENT_3D ( 'NONE', #1842, #1467, #4925 ) ;
#1304 = DIRECTION ( 'NONE',  ( -0.1147640357803560024, 0.1721460536705349820, -0.9783634050275319405 ) ) ;
#1305 = EDGE_CURVE ( 'NONE', #4347, #2852, #3982, .T. ) ;
#1306 = LINE ( 'NONE', #3044, #4022 ) ;
#1307 = ORIENTED_EDGE ( 'NONE', *, *, #536, .T. ) ;
#1308 = CARTESIAN_POINT ( 'NONE',  ( -4.319792374265440493, 0.2677499999999999880, -1.804999999999999938 ) ) ;
#1309 = SPHERICAL_SURFACE ( 'NONE', #685, 0.3000000000000093148 ) ;
#1310 = ORIENTED_EDGE ( 'NONE', *, *, #5670, .F. ) ;
#1311 = ADVANCED_FACE ( 'NONE', ( #884 ), #3959, .T. ) ;
#1312 = DIRECTION ( 'NONE',  ( -1.000000000000000000, -5.421010862427532031E-16, 0.000000000000000000 ) ) ;
#1313 = ORIENTED_EDGE ( 'NONE', *, *, #32, .T. ) ;
#1314 = ORIENTED_EDGE ( 'NONE', *, *, #1243, .T. ) ;
#1315 = FACE_OUTER_BOUND ( 'NONE', #975, .T. ) ;
#1316 = EDGE_CURVE ( 'NONE', #1272, #4636, #2623, .T. ) ;
#1317 = ADVANCED_FACE ( 'NONE', ( #1053 ), #5218, .T. ) ;
#1318 = ORIENTED_EDGE ( 'NONE', *, *, #866, .T. ) ;
#1319 = DIRECTION ( 'NONE',  ( -1.127570259385144483E-13, 0.7071067811865952013, 0.7071067811864998331 ) ) ;
#1320 = CARTESIAN_POINT ( 'NONE',  ( 3.972500000000000142, -0.1922500000000000042, -2.502499999999999947 ) ) ;
#1321 = DIRECTION ( 'NONE',  ( 0.000000000000000000, 0.000000000000000000, 1.000000000000000000 ) ) ;
#1322 = PLANE ( 'NONE',  #381 ) ;
#1323 = DIRECTION ( 'NONE',  ( 0.000000000000000000, 1.000000000000000000, 0.000000000000000000 ) ) ;
#1324 = LINE ( 'NONE', #1703, #2830 ) ;
#1325 = VECTOR ( 'NONE', #145, 1000.000000000000000 ) ;
#1326 = ORIENTED_EDGE ( 'NONE', *, *, #3343, .F. ) ;
#1327 = PLANE ( 'NONE',  #1455 ) ;
#1328 = CARTESIAN_POINT ( 'NONE',  ( 0.4760296638738870101, -0.7672499999999999876, -0.4636163929784100080 ) ) ;
#1329 = CARTESIAN_POINT ( 'NONE',  ( 0.5217543599545370059, 3.611118645726069961E-32, 2.330000000000000071 ) ) ;
#1330 = DIRECTION ( 'NONE',  ( 0.000000000000000000, 1.000000000000000000, 0.000000000000000000 ) ) ;
#1331 = DIRECTION ( 'NONE',  ( 5.421010862427520198E-16, -1.000000000000000000, 0.000000000000000000 ) ) ;
#1332 = ORIENTED_EDGE ( 'NONE', *, *, #1106, .T. ) ;
#1333 = DIRECTION ( 'NONE',  ( -1.000000000000000000, -1.084202172485503842E-15, 0.000000000000000000 ) ) ;
#1334 = DIRECTION ( 'NONE',  ( 0.7071067811865681119, 6.938893903906207276E-14, 0.7071067811865269226 ) ) ;
#1335 = DIRECTION ( 'NONE',  ( 0.000000000000000000, 0.000000000000000000, -1.000000000000000000 ) ) ;
#1336 = DIRECTION ( 'NONE',  ( 0.000000000000000000, 0.000000000000000000, 1.000000000000000000 ) ) ;
#1337 = EDGE_LOOP ( 'NONE', ( #4389, #1615, #2960, #4864 ) ) ;
#1338 = CARTESIAN_POINT ( 'NONE',  ( 3.372500000000000053, -0.1922500000000000042, 2.060000000000000053 ) ) ;
#1339 = EDGE_LOOP ( 'NONE', ( #4599, #3367, #3853, #2769 ) ) ;
#1340 = VECTOR ( 'NONE', #3661, 1000.000000000000114 ) ;
#1341 = ORIENTED_EDGE ( 'NONE', *, *, #1671, .F. ) ;
#1342 = EDGE_CURVE ( 'NONE', #251, #552, #4506, .T. ) ;
#1343 = ORIENTED_EDGE ( 'NONE', *, *, #3771, .F. ) ;
#1344 = DIRECTION ( 'NONE',  ( 0.8164965809277638931, -0.4082482904637323995, 0.4082482904639176957 ) ) ;
#1345 = CARTESIAN_POINT ( 'NONE',  ( -3.341666231221270156, -0.1521730769230774938, 1.804999999999999938 ) ) ;
#1346 = EDGE_CURVE ( 'NONE', #2540, #2867, #4887, .T. ) ;
#1347 = CARTESIAN_POINT ( 'NONE',  ( -3.270000000000002238, -2.717896001968640896, 0.000000000000000000 ) ) ;
#1348 = FACE_OUTER_BOUND ( 'NONE', #1225, .T. ) ;
#1349 = CARTESIAN_POINT ( 'NONE',  ( 2.803133701591294713, -2.580633701591294571, 2.079999999999999627 ) ) ;
#1350 = CIRCLE ( 'NONE', #2809, 0.1499999999999999667 ) ;
#1351 = CIRCLE ( 'NONE', #3551, 0.4000000000000000222 ) ;
#1352 = ORIENTED_EDGE ( 'NONE', *, *, #2018, .F. ) ;
#1353 = CARTESIAN_POINT ( 'NONE',  ( -3.770634082987814661, 0.3248361564241369903, -2.660000000000000142 ) ) ;
#1354 = AXIS2_PLACEMENT_3D ( 'NONE', #716, #3166, #4089 ) ;
#1355 = CARTESIAN_POINT ( 'NONE',  ( 3.270000000000000018, -2.617931184094170138, 0.2812148343424689667 ) ) ;
#1356 = DIRECTION ( 'NONE',  ( 1.000000000000000000, 8.223874256482640091E-16, 0.000000000000000000 ) ) ;
#1357 = AXIS2_PLACEMENT_3D ( 'NONE', #65, #2309, #3569 ) ;
#1358 = ADVANCED_FACE ( 'NONE', ( #2264 ), #540, .T. ) ;
#1359 = CARTESIAN_POINT ( 'NONE',  ( -3.903095123049505233, -0.008589285714287448956, 2.754999999999999893 ) ) ;
#1360 = PLANE ( 'NONE',  #435 ) ;
#1361 = ORIENTED_EDGE ( 'NONE', *, *, #2292, .T. ) ;
#1362 = CARTESIAN_POINT ( 'NONE',  ( 3.270000000000000018, 2.749041206907615109, 0.6750000000000270228 ) ) ;
#1363 = CARTESIAN_POINT ( 'NONE',  ( 3.372500000000000053, -0.7672499999999999876, -2.160000000000000142 ) ) ;
#1364 = VECTOR ( 'NONE', #3510, 1000.000000000000000 ) ;
#1365 = DIRECTION ( 'NONE',  ( 0.5773502691896249539, 0.5773502691896273964, -0.5773502691896249539 ) ) ;
#1366 = CIRCLE ( 'NONE', #3567, 0.1000000000000002554 ) ;
#1367 = ORIENTED_EDGE ( 'NONE', *, *, #3808, .F. ) ;
#1368 = ORIENTED_EDGE ( 'NONE', *, *, #1619, .F. ) ;
#1369 = ORIENTED_EDGE ( 'NONE', *, *, #796, .F. ) ;
#1370 = EDGE_CURVE ( 'NONE', #5479, #1629, #1027, .T. ) ;
#1371 = AXIS2_PLACEMENT_3D ( 'NONE', #4272, #3470, #3806 ) ;
#1372 = CARTESIAN_POINT ( 'NONE',  ( 4.212500000000000355, -0.1922500000000000042, 1.860000000000000098 ) ) ;
#1373 = ADVANCED_FACE ( 'NONE', ( #621 ), #159, .T. ) ;
#1374 = PRODUCT ( 'SQD50P08-25L_GE3.stp', 'SQD50P08-25L_GE3.stp', '', ( #4653 ) ) ;
#1375 = ORIENTED_EDGE ( 'NONE', *, *, #3597, .T. ) ;
#1376 = PLANE ( 'NONE',  #174 ) ;
#1377 = ORIENTED_EDGE ( 'NONE', *, *, #2115, .T. ) ;
#1378 = CARTESIAN_POINT ( 'NONE',  ( -4.852500000000000036, -0.7672499999999999876, 0.000000000000000000 ) ) ;
#1379 = FACE_OUTER_BOUND ( 'NONE', #5340, .T. ) ;
#1380 = CARTESIAN_POINT ( 'NONE',  ( 4.952500000000000568, -0.1922500000000000042, 0.000000000000000000 ) ) ;
#1381 = CARTESIAN_POINT ( 'NONE',  ( 2.803133701591289828, 2.495677398353389975, 2.079999999999999627 ) ) ;
#1382 = ADVANCED_FACE ( 'NONE', ( #44 ), #3143, .T. ) ;
#1383 =( GEOMETRIC_REPRESENTATION_CONTEXT ( 3 ) GLOBAL_UNCERTAINTY_ASSIGNED_CONTEXT ( ( #5510 ) ) GLOBAL_UNIT_ASSIGNED_CONTEXT ( ( #1714, #5624, #4789 ) ) REPRESENTATION_CONTEXT ( 'NONE', 'WORKASPACE' ) );
#1384 = ORIENTED_EDGE ( 'NONE', *, *, #3455, .T. ) ;
#1385 = DIRECTION ( 'NONE',  ( 0.000000000000000000, 0.000000000000000000, -1.000000000000000000 ) ) ;
#1386 = CARTESIAN_POINT ( 'NONE',  ( 4.952500000000000568, -0.7672499999999999876, 0.000000000000000000 ) ) ;
#1387 = VECTOR ( 'NONE', #1061, 1000.000000000000000 ) ;
#1388 = AXIS2_PLACEMENT_3D ( 'NONE', #2580, #1741, #1274 ) ;
#1389 = EDGE_CURVE ( 'NONE', #4622, #1400, #5338, .T. ) ;
#1390 = LINE ( 'NONE', #5299, #3284 ) ;
#1391 = AXIS2_PLACEMENT_3D ( 'NONE', #5445, #4169, #5527 ) ;
#1392 = AXIS2_PLACEMENT_3D ( 'NONE', #752, #5474, #2887 ) ;
#1393 = AXIS2_PLACEMENT_3D ( 'NONE', #2559, #1749, #4348 ) ;
#1394 = DIRECTION ( 'NONE',  ( 0.000000000000000000, 0.000000000000000000, -1.000000000000000000 ) ) ;
#1395 = VERTEX_POINT ( 'NONE', #132 ) ;
#1396 = CARTESIAN_POINT ( 'NONE',  ( -2.970680289872789981, -3.047501534150534930, 0.6750051777580439172 ) ) ;
#1397 = CARTESIAN_POINT ( 'NONE',  ( -4.120000000000000107, 0.03274999999999959888, -2.660000000000000142 ) ) ;
#1398 = LINE ( 'NONE', #1051, #4159 ) ;
#1399 = PRODUCT_RELATED_PRODUCT_CATEGORY ( 'part', '', ( #2293 ) ) ;
#1400 = VERTEX_POINT ( 'NONE', #2289 ) ;
#1401 = ORIENTED_EDGE ( 'NONE', *, *, #3209, .F. ) ;
#1402 = ORIENTED_EDGE ( 'NONE', *, *, #3761, .T. ) ;
#1403 = ORIENTED_EDGE ( 'NONE', *, *, #3377, .F. ) ;
#1404 =( NAMED_UNIT ( * ) PLANE_ANGLE_UNIT ( ) SI_UNIT ( $, .RADIAN. ) );
#1405 = ORIENTED_EDGE ( 'NONE', *, *, #4555, .T. ) ;
#1406 = CARTESIAN_POINT ( 'NONE',  ( -3.414865336152355102, -0.3451191649770725123, 2.754999999999999893 ) ) ;
#1407 = SPHERICAL_SURFACE ( 'NONE', #5430, 0.1000000000000157985 ) ;
#1408 = CARTESIAN_POINT ( 'NONE',  ( 0.4524999999999993472, -0.1922499999999961739, -0.8629237369103505140 ) ) ;
#1409 = CARTESIAN_POINT ( 'NONE',  ( 3.270000000000000018, 2.749041206907619550, 0.6750000000000000444 ) ) ;
#1410 = CIRCLE ( 'NONE', #5476, 0.1000000000000002554 ) ;
#1411 = ORIENTED_EDGE ( 'NONE', *, *, #3230, .T. ) ;
#1412 = CARTESIAN_POINT ( 'NONE',  ( 4.952500000000000568, -0.1922500000000000042, 2.044279695023479615 ) ) ;
#1413 = DIRECTION ( 'NONE',  ( 0.000000000000000000, 0.000000000000000000, 1.000000000000000000 ) ) ;
#1414 = DIRECTION ( 'NONE',  ( -8.223874256482640091E-16, 1.000000000000000000, 0.000000000000000000 ) ) ;
#1415 = EDGE_CURVE ( 'NONE', #4539, #742, #2707, .T. ) ;
#1416 = VECTOR ( 'NONE', #1557, 1000.000000000000000 ) ;
#1417 = VECTOR ( 'NONE', #5224, 1000.000000000000000 ) ;
#1418 = CARTESIAN_POINT ( 'NONE',  ( 3.695609128038689573, -0.7672499999999999876, -0.6562182560773820450 ) ) ;
#1419 = CARTESIAN_POINT ( 'NONE',  ( 4.684366832248789692, -0.09224999999999880518, -2.024753480435915076 ) ) ;
#1420 = ORIENTED_EDGE ( 'NONE', *, *, #1902, .T. ) ;
#1421 = CARTESIAN_POINT ( 'NONE',  ( 0.3819120798423589758, -0.1922500000000000042, 0.3637895569954249786 ) ) ;
#1422 = CYLINDRICAL_SURFACE ( 'NONE', #5010, 0.7999999999999999334 ) ;
#1423 = EDGE_CURVE ( 'NONE', #2127, #1892, #158, .T. ) ;
#1424 = CARTESIAN_POINT ( 'NONE',  ( 3.545609128038689661, -0.09225000000000001255, 0.8062182560773819562 ) ) ;
#1425 = AXIS2_PLACEMENT_3D ( 'NONE', #4366, #1729, #1608 ) ;
#1426 = EDGE_LOOP ( 'NONE', ( #1510, #3984, #2562 ) ) ;
#1427 = LINE ( 'NONE', #3173, #898 ) ;
#1428 = ORIENTED_EDGE ( 'NONE', *, *, #4423, .T. ) ;
#1429 = ORIENTED_EDGE ( 'NONE', *, *, #1169, .T. ) ;
#1430 = AXIS2_PLACEMENT_3D ( 'NONE', #3565, #4903, #2228 ) ;
#1431 = ORIENTED_EDGE ( 'NONE', *, *, #1743, .T. ) ;
#1432 = FACE_OUTER_BOUND ( 'NONE', #5066, .T. ) ;
#1433 = EDGE_LOOP ( 'NONE', ( #2181, #5539, #4708, #3517 ) ) ;
#1434 = DIRECTION ( 'NONE',  ( 0.000000000000000000, 1.000000000000000000, 0.000000000000000000 ) ) ;
#1435 = CARTESIAN_POINT ( 'NONE',  ( 2.824157238781519919, 2.527212704138730004, 1.900774345453330127 ) ) ;
#1436 = DIRECTION ( 'NONE',  ( 5.273387487129771350E-15, 1.000000000000000000, 4.971794258162587839E-15 ) ) ;
#1437 = DIRECTION ( 'NONE',  ( -0.1147640357803560024, -0.1721460536705349820, 0.9783634050275319405 ) ) ;
#1438 = EDGE_LOOP ( 'NONE', ( #3702, #2785, #4240, #2711 ) ) ;
#1439 = CARTESIAN_POINT ( 'NONE',  ( -3.270000000000000018, -2.734608270214920367, 0.6750000000000000444 ) ) ;
#1440 = CARTESIAN_POINT ( 'NONE',  ( 2.803133701591288940, 2.495677398353387755, 2.079999999999995630 ) ) ;
#1441 = DIRECTION ( 'NONE',  ( 1.084202172485504040E-15, -1.000000000000000000, 0.000000000000000000 ) ) ;
#1442 = CARTESIAN_POINT ( 'NONE',  ( 4.952500000000000568, -0.09224999999999870803, 1.860000000000000098 ) ) ;
#1443 = EDGE_CURVE ( 'NONE', #1013, #4957, #1427, .T. ) ;
#1444 = AXIS2_PLACEMENT_3D ( 'NONE', #5111, #3266, #1093 ) ;
#1445 = CARTESIAN_POINT ( 'NONE',  ( 3.050733942340471572, -3.047339589700735374, 0.6763674977999332150 ) ) ;
#1446 = CARTESIAN_POINT ( 'NONE',  ( -0.5217543599545370059, -6.389648068594999981E-17, 2.330000000000000071 ) ) ;
#1447 = ORIENTED_EDGE ( 'NONE', *, *, #2542, .T. ) ;
#1448 = CARTESIAN_POINT ( 'NONE',  ( 2.834327549608200325, -2.611827549608200183, 1.814072445655880106 ) ) ;
#1449 = LINE ( 'NONE', #3140, #2266 ) ;
#1450 = DIRECTION ( 'NONE',  ( 8.611386656002740130E-16, -1.000000000000000000, 0.000000000000000000 ) ) ;
#1451 = VECTOR ( 'NONE', #5585, 1000.000000000000000 ) ;
#1452 = AXIS2_PLACEMENT_3D ( 'NONE', #1877, #3625, #2757 ) ;
#1453 = ORIENTED_EDGE ( 'NONE', *, *, #3835, .F. ) ;
#1454 = DIRECTION ( 'NONE',  ( -8.673617379885253473E-14, -0.7071067811863821495, -0.7071067811867128849 ) ) ;
#1455 = AXIS2_PLACEMENT_3D ( 'NONE', #3999, #3970, #4058 ) ;
#1456 = VERTEX_POINT ( 'NONE', #4969 ) ;
#1457 = EDGE_LOOP ( 'NONE', ( #455, #2002, #4886, #2827, #3782 ) ) ;
#1458 = AXIS2_PLACEMENT_3D ( 'NONE', #3652, #988, #2724 ) ;
#1459 =( GEOMETRIC_REPRESENTATION_CONTEXT ( 3 ) GLOBAL_UNCERTAINTY_ASSIGNED_CONTEXT ( ( #4417 ) ) GLOBAL_UNIT_ASSIGNED_CONTEXT ( ( #4705, #4643, #4209 ) ) REPRESENTATION_CONTEXT ( 'NONE', 'WORKASPACE' ) );
#1460 = ADVANCED_FACE ( 'NONE', ( #2928 ), #1159, .F. ) ;
#1461 = VERTEX_POINT ( 'NONE', #3366 ) ;
#1462 = FILL_AREA_STYLE_COLOUR ( '', #2548 ) ;
#1463 = ORIENTED_EDGE ( 'NONE', *, *, #5568, .T. ) ;
#1464 = CYLINDRICAL_SURFACE ( 'NONE', #5545, 0.2999999999999999334 ) ;
#1465 = CIRCLE ( 'NONE', #4402, 0.1000000000000000056 ) ;
#1466 = CARTESIAN_POINT ( 'NONE',  ( 2.803133701591289828, 2.495677398353389975, 2.079999999999999627 ) ) ;
#1467 = DIRECTION ( 'NONE',  ( -3.546072677496504575E-47, 6.541349514855200095E-32, -1.000000000000000000 ) ) ;
#1468 = CARTESIAN_POINT ( 'NONE',  ( 4.852500000000000036, -0.7672499999999999876, -2.044279695023479615 ) ) ;
#1469 = ADVANCED_FACE ( 'NONE', ( #5456 ), #4152, .T. ) ;
#1470 = DIRECTION ( 'NONE',  ( 0.000000000000000000, 0.000000000000000000, 1.000000000000000000 ) ) ;
#1471 = ORIENTED_EDGE ( 'NONE', *, *, #4619, .F. ) ;
#1472 = CARTESIAN_POINT ( 'NONE',  ( -3.903095123049505233, -0.008589285714287549570, 0.000000000000000000 ) ) ;
#1473 = SPHERICAL_SURFACE ( 'NONE', #4943, 0.3000000000000044853 ) ;
#1474 = DIRECTION ( 'NONE',  ( 0.8856505754816621501, -0.4643522996055911012, 0.000000000000000000 ) ) ;
#1475 = DIRECTION ( 'NONE',  ( 0.000000000000000000, 0.000000000000000000, -1.000000000000000000 ) ) ;
#1476 = CARTESIAN_POINT ( 'NONE',  ( -4.319792374265440493, 0.2677499999999999880, 0.000000000000000000 ) ) ;
#1477 =( GEOMETRIC_REPRESENTATION_CONTEXT ( 3 ) GLOBAL_UNCERTAINTY_ASSIGNED_CONTEXT ( ( #5055 ) ) GLOBAL_UNIT_ASSIGNED_CONTEXT ( ( #1735, #4874, #5293 ) ) REPRESENTATION_CONTEXT ( 'NONE', 'WORKASPACE' ) );
#1478 = FACE_OUTER_BOUND ( 'NONE', #985, .T. ) ;
#1479 = CARTESIAN_POINT ( 'NONE',  ( 0.4790155565739630528, -0.2074328170627940116, 2.330000000000000071 ) ) ;
#1480 = ORIENTED_EDGE ( 'NONE', *, *, #4170, .F. ) ;
#1481 = CARTESIAN_POINT ( 'NONE',  ( -3.903095123049499904, -0.008589285714289648585, -1.804999999999999938 ) ) ;
#1482 = DIRECTION ( 'NONE',  ( 0.000000000000000000, -1.000000000000000000, 0.000000000000000000 ) ) ;
#1483 = VECTOR ( 'NONE', #2099, 1000.000000000000000 ) ;
#1484 = DIRECTION ( 'NONE',  ( 0.000000000000000000, 0.000000000000000000, -1.000000000000000000 ) ) ;
#1485 = AXIS2_PLACEMENT_3D ( 'NONE', #2248, #4490, #4432 ) ;
#1486 = VECTOR ( 'NONE', #3051, 1000.000000000000000 ) ;
#1487 = CARTESIAN_POINT ( 'NONE',  ( 3.972500000000000142, -0.09225000000000001255, 0.000000000000000000 ) ) ;
#1488 = ORIENTED_EDGE ( 'NONE', *, *, #2600, .F. ) ;
#1489 = ORIENTED_EDGE ( 'NONE', *, *, #535, .F. ) ;
#1490 = EDGE_CURVE ( 'NONE', #857, #4636, #214, .T. ) ;
#1491 = EDGE_LOOP ( 'NONE', ( #1254, #1625, #4131, #4039 ) ) ;
#1492 = CARTESIAN_POINT ( 'NONE',  ( -3.270000000000000018, 3.047499999999999876, 0.07846988903112329938 ) ) ;
#1493 = ORIENTED_EDGE ( 'NONE', *, *, #651, .T. ) ;
#1494 = DIRECTION ( 'NONE',  ( 0.000000000000000000, 1.000000000000000000, 0.000000000000000000 ) ) ;
#1495 = CARTESIAN_POINT ( 'NONE',  ( 3.872500000000000053, -0.1922500000000000042, 0.000000000000000000 ) ) ;
#1496 = EDGE_CURVE ( 'NONE', #1978, #3871, #3315, .T. ) ;
#1497 = EDGE_CURVE ( 'NONE', #3647, #2095, #705, .T. ) ;
#1498 = CARTESIAN_POINT ( 'NONE',  ( -0.5492081243723240247, -0.2625295485153635311, 2.380000000000000338 ) ) ;
#1499 =( LENGTH_UNIT ( ) NAMED_UNIT ( * ) SI_UNIT ( .MILLI., .METRE. ) );
#1500 = VERTEX_POINT ( 'NONE', #3717 ) ;
#1501 = ADVANCED_BREP_SHAPE_REPRESENTATION ( '', ( #2652, #931 ), #2390 ) ;
#1502 = DIRECTION ( 'NONE',  ( -8.223874256482640091E-16, 1.000000000000000000, 0.000000000000000000 ) ) ;
#1503 = AXIS2_PLACEMENT_3D ( 'NONE', #4309, #5610, #1673 ) ;
#1504 = CARTESIAN_POINT ( 'NONE',  ( 4.687102839788669151, -0.09224999999999880518, -1.844279695023479881 ) ) ;
#1505 = CARTESIAN_POINT ( 'NONE',  ( 3.545609128038689661, -0.7672499999999999876, 0.6562182560773820450 ) ) ;
#1506 = CARTESIAN_POINT ( 'NONE',  ( 0.4819120798423590091, -0.7672499999999999876, 0.3637895569954249786 ) ) ;
#1507 = DIRECTION ( 'NONE',  ( 0.000000000000000000, -1.000000000000000000, 0.000000000000000000 ) ) ;
#1508 = DIRECTION ( 'NONE',  ( 4.823386660693620032E-16, -1.000000000000000000, 0.000000000000000000 ) ) ;
#1509 = CARTESIAN_POINT ( 'NONE',  ( 0.4819120798423590091, -0.1922500000000000042, 0.3637895569954249786 ) ) ;
#1510 = ORIENTED_EDGE ( 'NONE', *, *, #2739, .F. ) ;
#1511 = DIRECTION ( 'NONE',  ( 0.000000000000000000, 0.000000000000000000, -1.000000000000000000 ) ) ;
#1512 = CARTESIAN_POINT ( 'NONE',  ( 0.9083574686925470765, -0.09225000000000001255, -0.6546422774111569920 ) ) ;
#1513 = CARTESIAN_POINT ( 'NONE',  ( 0.9525000000000000133, -0.1922500000000000042, -2.060000000000000053 ) ) ;
#1514 = VECTOR ( 'NONE', #3503, 1000.000000000000000 ) ;
#1515 = CARTESIAN_POINT ( 'NONE',  ( 0.8630572809000081058, -0.1475286404500044113, 2.060000000000000053 ) ) ;
#1516 = VERTEX_POINT ( 'NONE', #1515 ) ;
#1517 = ORIENTED_EDGE ( 'NONE', *, *, #5002, .F. ) ;
#1518 = VECTOR ( 'NONE', #1820, 1000.000000000000000 ) ;
#1519 = PRODUCT_DEFINITION_SHAPE ( 'NONE', 'NONE',  #302 ) ;
#1520 = EDGE_CURVE ( 'NONE', #477, #5554, #2363, .T. ) ;
#1521 = VERTEX_POINT ( 'NONE', #679 ) ;
#1522 = ORIENTED_EDGE ( 'NONE', *, *, #4451, .F. ) ;
#1523 = CARTESIAN_POINT ( 'NONE',  ( -4.852500000000000036, -0.7672499999999999876, -1.899999999999999911 ) ) ;
#1524 = AXIS2_PLACEMENT_3D ( 'NONE', #5052, #2499, #4259 ) ;
#1525 = FACE_OUTER_BOUND ( 'NONE', #2263, .T. ) ;
#1526 = CARTESIAN_POINT ( 'NONE',  ( 4.852500000000000036, -0.1922500000000000042, -2.502499999999999947 ) ) ;
#1527 = ADVANCED_FACE ( 'NONE', ( #736 ), #2449, .F. ) ;
#1528 = ORIENTED_EDGE ( 'NONE', *, *, #5225, .F. ) ;
#1529 = CARTESIAN_POINT ( 'NONE',  ( -3.770634082987819991, 0.3248361564241389887, -1.804999999999999938 ) ) ;
#1530 = CARTESIAN_POINT ( 'NONE',  ( 1.647541093131910122E-16, -2.847500000000000142, 0.000000000000000000 ) ) ;
#1531 = PRESENTATION_LAYER_ASSIGNMENT (  '', '', ( #4002 ) ) ;
#1532 = FACE_OUTER_BOUND ( 'NONE', #2921, .T. ) ;
#1533 = DIRECTION ( 'NONE',  ( 0.000000000000000000, 0.000000000000000000, 1.000000000000000000 ) ) ;
#1534 = CARTESIAN_POINT ( 'NONE',  ( 4.852500000000000036, -0.1922500000000000042, 2.502499999999999947 ) ) ;
#1535 = CARTESIAN_POINT ( 'NONE',  ( 0.000000000000000000, 0.5650556301437581475, 2.354999999999999982 ) ) ;
#1536 = DIRECTION ( 'NONE',  ( 8.131516293641259589E-16, -1.000000000000000000, 0.000000000000000000 ) ) ;
#1537 = VERTEX_POINT ( 'NONE', #1947 ) ;
#1538 = CARTESIAN_POINT ( 'NONE',  ( 0.8383886049603430646, -0.09225000000000001255, -0.5435649046640880222 ) ) ;
#1539 = FACE_OUTER_BOUND ( 'NONE', #3584, .T. ) ;
#1540 = ADVANCED_FACE ( 'NONE', ( #4206 ), #5056, .F. ) ;
#1541 = VECTOR ( 'NONE', #5191, 1000.000000000000114 ) ;
#1542 = PRODUCT_DEFINITION_CONTEXT ( 'detailed design', #5540, 'design' ) ;
#1543 = ORIENTED_EDGE ( 'NONE', *, *, #2739, .T. ) ;
#1544 = VERTEX_POINT ( 'NONE', #1107 ) ;
#1545 = CIRCLE ( 'NONE', #3089, 0.3000000000000000444 ) ;
#1546 = AXIS2_PLACEMENT_3D ( 'NONE', #1019, #908, #4497 ) ;
#1547 = ORIENTED_EDGE ( 'NONE', *, *, #4225, .T. ) ;
#1548 = ORIENTED_EDGE ( 'NONE', *, *, #5059, .F. ) ;
#1549 = CARTESIAN_POINT ( 'NONE',  ( 4.587102839788670394, -0.09224999999999888844, 1.899875250484289957 ) ) ;
#1550 = AXIS2_PLACEMENT_3D ( 'NONE', #1583, #176, #1066 ) ;
#1551 = CARTESIAN_POINT ( 'NONE',  ( 0.2993161962930609987, -0.5301402761854548951, 2.380000000000000338 ) ) ;
#1552 = EDGE_CURVE ( 'NONE', #4819, #4103, #1351, .T. ) ;
#1553 =( NAMED_UNIT ( * ) PLANE_ANGLE_UNIT ( ) SI_UNIT ( $, .RADIAN. ) );
#1554 = AXIS2_PLACEMENT_3D ( 'NONE', #4946, #4675, #3400 ) ;
#1555 = VERTEX_POINT ( 'NONE', #3774 ) ;
#1556 = CARTESIAN_POINT ( 'NONE',  ( 2.970000000000000195, -2.905570617906684916, 0.1959883354350570039 ) ) ;
#1557 = DIRECTION ( 'NONE',  ( 0.000000000000000000, 0.000000000000000000, -1.000000000000000000 ) ) ;
#1558 = LINE ( 'NONE', #3299, #2875 ) ;
#1559 = FACE_BOUND ( 'NONE', #4654, .T. ) ;
#1560 = LINE ( 'NONE', #4580, #5520 ) ;
#1561 = B_SPLINE_CURVE_WITH_KNOTS ( 'NONE', 3,
 ( #3218, #637, #1958, #4987, #3729, #2462 ),
 .UNSPECIFIED., .F., .F.,
 ( 4, 2, 4 ),
 ( 0.000000000000000000, 0.5000000000000000000, 1.000000000000000000 ),
 .UNSPECIFIED. ) ;
#1562 = ADVANCED_FACE ( 'NONE', ( #1621 ), #650, .F. ) ;
#1563 = ORIENTED_EDGE ( 'NONE', *, *, #3164, .T. ) ;
#1564 = CARTESIAN_POINT ( 'NONE',  ( 3.392393295065270209, -0.09225000000000001255, 1.957631072937815020 ) ) ;
#1565 = CARTESIAN_POINT ( 'NONE',  ( 0.4546530281914639704, -0.2567365100197360195, 2.330000000000000071 ) ) ;
#1566 = EDGE_LOOP ( 'NONE', ( #1957, #5692, #384, #4740, #4339, #236, #5397, #2853 ) ) ;
#1567 = CARTESIAN_POINT ( 'NONE',  ( 1.635000000000000009, 2.897499999999999964, 1.527500000000000080 ) ) ;
#1568 = CARTESIAN_POINT ( 'NONE',  ( 4.787102839788669684, -0.7672499999999999876, 1.844279695023479881 ) ) ;
#1569 = AXIS2_PLACEMENT_3D ( 'NONE', #1788, #2301, #4050 ) ;
#1570 = EDGE_CURVE ( 'NONE', #3898, #2598, #2052, .T. ) ;
#1571 = DIRECTION ( 'NONE',  ( -1.084202172485502067E-15, 1.000000000000000000, 0.000000000000000000 ) ) ;
#1572 = PRODUCT_DEFINITION_FORMATION_WITH_SPECIFIED_SOURCE ( 'ANY', '', #2293, .NOT_KNOWN. ) ;
#1573 = ORIENTED_EDGE ( 'NONE', *, *, #2427, .T. ) ;
#1574 = ORIENTED_EDGE ( 'NONE', *, *, #1139, .T. ) ;
#1575 = VECTOR ( 'NONE', #2831, 1000.000000000000000 ) ;
#1576 = EDGE_LOOP ( 'NONE', ( #3868, #233, #19, #3020 ) ) ;
#1577 = AXIS2_PLACEMENT_3D ( 'NONE', #370, #3878, #3907 ) ;
#1578 = ORIENTED_EDGE ( 'NONE', *, *, #4225, .F. ) ;
#1579 = AXIS2_PLACEMENT_3D ( 'NONE', #993, #5303, #4065 ) ;
#1580 = CARTESIAN_POINT ( 'NONE',  ( 3.872500000000000053, -0.1922500000000000042, 2.060000000000000053 ) ) ;
#1581 = DIRECTION ( 'NONE',  ( 0.4082482904638600196, -0.8164965809277270337, 0.4082482904638640164 ) ) ;
#1582 = ORIENTED_EDGE ( 'NONE', *, *, #523, .F. ) ;
#1583 = CARTESIAN_POINT ( 'NONE',  ( -2.855207625734559773, -0.2677499999999999880, -2.660000000000000142 ) ) ;
#1584 = CARTESIAN_POINT ( 'NONE',  ( -2.855207625734559773, 0.2322500000000000120, 0.000000000000000000 ) ) ;
#1585 = DIRECTION ( 'NONE',  ( 1.000000000000000000, 4.497431234013940009E-16, 0.000000000000000000 ) ) ;
#1586 = DIRECTION ( 'NONE',  ( 1.000000000000000000, 0.000000000000000000, 0.000000000000000000 ) ) ;
#1587 = LINE ( 'NONE', #670, #2307 ) ;
#1588 = VERTEX_POINT ( 'NONE', #1683 ) ;
#1589 = CARTESIAN_POINT ( 'NONE',  ( 3.516904444539215024, -0.09225000000000001255, 1.860000000000000098 ) ) ;
#1590 = ADVANCED_FACE ( 'NONE', ( #3429 ), #440, .F. ) ;
#1591 = CARTESIAN_POINT ( 'NONE',  ( 0.1753850008624329992, -0.4917015374391079385, 2.330000000000000071 ) ) ;
#1592 = ORIENTED_EDGE ( 'NONE', *, *, #391, .T. ) ;
#1593 = DIRECTION ( 'NONE',  ( -2.507857993130596728E-16, 0.9848706617970867105, 0.1732910255361439777 ) ) ;
#1594 = CARTESIAN_POINT ( 'NONE',  ( -3.903095123049505233, -0.008589285714287469772, 2.660000000000000142 ) ) ;
#1595 = DIRECTION ( 'NONE',  ( 0.000000000000000000, 0.000000000000000000, 1.000000000000000000 ) ) ;
#1596 = ADVANCED_FACE ( 'NONE', ( #2109 ), #5654, .T. ) ;
#1597 = VERTEX_POINT ( 'NONE', #4846 ) ;
#1598 = CARTESIAN_POINT ( 'NONE',  ( -3.167922211362111717, 3.047499999999997211, 0.4634324369325767412 ) ) ;
#1599 = ORIENTED_EDGE ( 'NONE', *, *, #4423, .F. ) ;
#1600 = VECTOR ( 'NONE', #5667, 1000.000000000000000 ) ;
#1601 = VERTEX_POINT ( 'NONE', #5680 ) ;
#1602 = AXIS2_PLACEMENT_3D ( 'NONE', #2991, #3920, #413 ) ;
#1603 = VERTEX_POINT ( 'NONE', #2528 ) ;
#1604 = CARTESIAN_POINT ( 'NONE',  ( 0.2418278949238935049, -0.5585411085144159626, 2.380000000000000338 ) ) ;
#1605 = ORIENTED_EDGE ( 'NONE', *, *, #1081, .T. ) ;
#1606 = CARTESIAN_POINT ( 'NONE',  ( 1.621824378740389381E-09, 0.6083569003343944903, 2.380000000000000338 ) ) ;
#1607 = DIRECTION ( 'NONE',  ( 1.000000000000000000, 0.000000000000000000, 0.000000000000000000 ) ) ;
#1608 = DIRECTION ( 'NONE',  ( 1.000000000000000000, 8.131516293641262547E-16, 0.000000000000000000 ) ) ;
#1609 = CARTESIAN_POINT ( 'NONE',  ( 4.687102839788669151, -0.1922500000000000042, 1.944279695023479970 ) ) ;
#1610 = DIRECTION ( 'NONE',  ( 1.000000000000000000, 0.000000000000000000, 0.000000000000000000 ) ) ;
#1611 = VERTEX_POINT ( 'NONE', #2612 ) ;
#1612 = DIRECTION ( 'NONE',  ( 0.000000000000000000, 0.000000000000000000, -1.000000000000000000 ) ) ;
#1613 = VECTOR ( 'NONE', #3282, 1000.000000000000000 ) ;
#1614 = FACE_OUTER_BOUND ( 'NONE', #1858, .T. ) ;
#1615 = ORIENTED_EDGE ( 'NONE', *, *, #5182, .F. ) ;
#1616 = CARTESIAN_POINT ( 'NONE',  ( 0.9525000000000000133, -0.09225000000000001255, -0.8629237369103519573 ) ) ;
#1617 = CYLINDRICAL_SURFACE ( 'NONE', #613, 0.5000000000000000000 ) ;
#1618 = VECTOR ( 'NONE', #1771, 1000.000000000000000 ) ;
#1619 = EDGE_CURVE ( 'NONE', #2105, #2989, #2203, .T. ) ;
#1620 = EDGE_CURVE ( 'NONE', #1845, #4534, #5273, .T. ) ;
#1621 = FACE_OUTER_BOUND ( 'NONE', #4920, .T. ) ;
#1622 = VERTEX_POINT ( 'NONE', #4317 ) ;
#1623 = FACE_OUTER_BOUND ( 'NONE', #606, .T. ) ;
#1624 = DIRECTION ( 'NONE',  ( 5.482582837655000045E-16, -1.000000000000000000, 0.000000000000000000 ) ) ;
#1625 = ORIENTED_EDGE ( 'NONE', *, *, #4619, .T. ) ;
#1626 = EDGE_CURVE ( 'NONE', #3084, #1808, #3274, .T. ) ;
#1627 = VECTOR ( 'NONE', #4672, 1000.000000000000000 ) ;
#1628 = CIRCLE ( 'NONE', #1444, 0.7999999999999999334 ) ;
#1629 = VERTEX_POINT ( 'NONE', #9 ) ;
#1630 = VERTEX_POINT ( 'NONE', #1651 ) ;
#1631 = CARTESIAN_POINT ( 'NONE',  ( -3.268252183749662976, -2.786991033479222502, 0.6899001335341250485 ) ) ;
#1632 = VECTOR ( 'NONE', #2022, 1000.000000000000000 ) ;
#1633 = EDGE_CURVE ( 'NONE', #53, #4793, #5161, .T. ) ;
#1634 = ORIENTED_EDGE ( 'NONE', *, *, #3408, .T. ) ;
#1635 = CARTESIAN_POINT ( 'NONE',  ( 0.3709748431614650066, 0.4892670315653250279, 2.380000000000000338 ) ) ;
#1636 = CIRCLE ( 'NONE', #4204, 0.3000000000000000444 ) ;
#1637 = DIRECTION ( 'NONE',  ( 1.000000000000000000, 0.000000000000000000, 0.000000000000000000 ) ) ;
#1638 = DIRECTION ( 'NONE',  ( 8.611386656002740130E-16, -1.000000000000000000, 0.000000000000000000 ) ) ;
#1639 = CARTESIAN_POINT ( 'NONE',  ( 4.852499999999996483, -0.1922500000000043341, -2.044279695023476950 ) ) ;
#1640 = FACE_OUTER_BOUND ( 'NONE', #359, .T. ) ;
#1641 = ADVANCED_FACE ( 'NONE', ( #383 ), #3396, .T. ) ;
#1642 = CARTESIAN_POINT ( 'NONE',  ( 4.787102839788669684, -0.7672499999999999876, -1.944279695023479970 ) ) ;
#1643 = CIRCLE ( 'NONE', #4863, 0.09999999999999999167 ) ;
#1644 = COLOUR_RGB ( '',0.8313725490196077761, 0.8313725490196077761, 0.8313725490196077761 ) ;
#1645 = VERTEX_POINT ( 'NONE', #2139 ) ;
#1646 = CARTESIAN_POINT ( 'NONE',  ( 4.787102839788669684, -0.1922500000000000042, -1.944279695023479970 ) ) ;
#1647 = LINE ( 'NONE', #4375, #3190 ) ;
#1648 = ORIENTED_EDGE ( 'NONE', *, *, #50, .T. ) ;
#1649 = CARTESIAN_POINT ( 'NONE',  ( 4.852500000000000036, -0.1922500000000000042, 0.000000000000000000 ) ) ;
#1650 = DIRECTION ( 'NONE',  ( 0.000000000000000000, 0.000000000000000000, -1.000000000000000000 ) ) ;
#1651 = CARTESIAN_POINT ( 'NONE',  ( 3.972500000000000142, -0.1475286404500024129, 2.591942719099989745 ) ) ;
#1652 = DIRECTION ( 'NONE',  ( 1.000000000000000000, 0.000000000000000000, 0.000000000000000000 ) ) ;
#1653 = EDGE_LOOP ( 'NONE', ( #5187, #2657, #2906, #5286 ) ) ;
#1654 = DIRECTION ( 'NONE',  ( 0.000000000000000000, 0.000000000000000000, -1.000000000000000000 ) ) ;
#1655 = ORIENTED_EDGE ( 'NONE', *, *, #1671, .T. ) ;
#1656 = VERTEX_POINT ( 'NONE', #1745 ) ;
#1657 = FACE_OUTER_BOUND ( 'NONE', #5488, .T. ) ;
#1658 = ORIENTED_EDGE ( 'NONE', *, *, #439, .F. ) ;
#1659 = ADVANCED_FACE ( 'NONE', ( #1773 ), #3856, .T. ) ;
#1660 = ORIENTED_EDGE ( 'NONE', *, *, #4015, .F. ) ;
#1661 = ADVANCED_FACE ( 'NONE', ( #2987 ), #5623, .T. ) ;
#1662 = AXIS2_PLACEMENT_3D ( 'NONE', #4049, #112, #5517 ) ;
#1663 = CARTESIAN_POINT ( 'NONE',  ( -3.127569196565547216, -3.014460666173992998, 0.6812305769811589640 ) ) ;
#1664 = CIRCLE ( 'NONE', #4606, 0.2999999999999999334 ) ;
#1665 = MECHANICAL_DESIGN_GEOMETRIC_PRESENTATION_REPRESENTATION (  '', ( #2401 ), #3590 ) ;
#1666 = TOROIDAL_SURFACE ( 'NONE', #4054, 0.5217543599545274580, 0.05000000000000692085 ) ;
#1667 = EDGE_LOOP ( 'NONE', ( #3263, #4353, #1912, #1816, #193 ) ) ;
#1668 = CARTESIAN_POINT ( 'NONE',  ( 0.4989056601461319684, 0.3526862237599819316, 2.380000000000000338 ) ) ;
#1669 = EDGE_CURVE ( 'NONE', #4200, #3604, #2502, .T. ) ;
#1670 = CARTESIAN_POINT ( 'NONE',  ( -2.835817326225400059, -2.613317326225399917, 1.801372099994229981 ) ) ;
#1671 = EDGE_CURVE ( 'NONE', #5479, #3342, #2080, .T. ) ;
#1672 = CARTESIAN_POINT ( 'NONE',  ( 3.972500000000000142, -0.09224999999999899947, 2.060000000000000053 ) ) ;
#1673 = DIRECTION ( 'NONE',  ( -1.000000000000000000, -8.131516293641262547E-16, 0.000000000000000000 ) ) ;
#1674 = DIRECTION ( 'NONE',  ( 0.000000000000000000, 0.000000000000000000, 1.000000000000000000 ) ) ;
#1675 = CARTESIAN_POINT ( 'NONE',  ( 0.9525000000000000133, -0.1922500000000000042, 2.060000000000000053 ) ) ;
#1676 = EDGE_LOOP ( 'NONE', ( #3960, #5126, #4298, #21 ) ) ;
#1677 = PLANE ( 'NONE',  #5582 ) ;
#1678 = CARTESIAN_POINT ( 'NONE',  ( -3.903095123049505233, -0.008589285714287448956, 1.804999999999999938 ) ) ;
#1679 = ORIENTED_EDGE ( 'NONE', *, *, #3311, .F. ) ;
#1680 = EDGE_CURVE ( 'NONE', #4947, #4684, #538, .T. ) ;
#1681 = CARTESIAN_POINT ( 'NONE',  ( -0.4892670315653520619, 0.3709748431614339759, 2.380000000000000338 ) ) ;
#1682 = CARTESIAN_POINT ( 'NONE',  ( -3.833333768778729667, 0.1521730769230759950, 0.000000000000000000 ) ) ;
#1683 = CARTESIAN_POINT ( 'NONE',  ( 3.872500000000000053, -0.1922500000000000042, 2.502499999999999947 ) ) ;
#1684 = EDGE_LOOP ( 'NONE', ( #28, #5533, #5027, #2760 ) ) ;
#1685 = CARTESIAN_POINT ( 'NONE',  ( 3.472499999999999698, -0.1922500000000000042, -2.060000000000000053 ) ) ;
#1686 = CARTESIAN_POINT ( 'NONE',  ( -4.952500000000000568, -0.3322500000000000453, 2.660000000000000142 ) ) ;
#1687 = CARTESIAN_POINT ( 'NONE',  ( 2.972040853876992905, -3.047497946582585993, 0.6750175053834761574 ) ) ;
#1688 = AXIS2_PLACEMENT_3D ( 'NONE', #4474, #2261, #5425 ) ;
#1689 = ORIENTED_EDGE ( 'NONE', *, *, #2683, .T. ) ;
#1690 = LINE ( 'NONE', #3866, #4700 ) ;
#1691 = ORIENTED_EDGE ( 'NONE', *, *, #32, .F. ) ;
#1692 = ORIENTED_EDGE ( 'NONE', *, *, #2405, .F. ) ;
#1693 = AXIS2_PLACEMENT_3D ( 'NONE', #4602, #228, #3679 ) ;
#1694 = LINE ( 'NONE', #272, #2398 ) ;
#1695 = CARTESIAN_POINT ( 'NONE',  ( 4.587102839788670394, -0.09224999999999899947, 1.844279695023479881 ) ) ;
#1696 = EDGE_CURVE ( 'NONE', #1832, #39, #1306, .T. ) ;
#1697 = VECTOR ( 'NONE', #3442, 1000.000000000000000 ) ;
#1698 = EDGE_LOOP ( 'NONE', ( #1197, #4901, #4513, #3611 ) ) ;
#1699 = CARTESIAN_POINT ( 'NONE',  ( 0.9525000000000082290, -0.1922500000000051390, -2.060000000000001386 ) ) ;
#1700 = CARTESIAN_POINT ( 'NONE',  ( -3.055000000000000160, 0.7672499999999999876, 0.000000000000000000 ) ) ;
#1701 = CARTESIAN_POINT ( 'NONE',  ( 3.772499999999999964, -0.09225000000000001255, 1.860000000000000098 ) ) ;
#1702 = DIRECTION ( 'NONE',  ( -1.000000000000000000, 0.000000000000000000, 0.000000000000000000 ) ) ;
#1703 = CARTESIAN_POINT ( 'NONE',  ( -3.903095123049499904, -0.008589285714289648585, -2.754999999999999893 ) ) ;
#1704 = AXIS2_PLACEMENT_3D ( 'NONE', #3271, #1934, #3219 ) ;
#1705 = ADVANCED_FACE ( 'NONE', ( #876 ), #5388, .F. ) ;
#1706 = ORIENTED_EDGE ( 'NONE', *, *, #2840, .T. ) ;
#1707 = LINE ( 'NONE', #5616, #4951 ) ;
#1708 = PLANE ( 'NONE',  #3466 ) ;
#1709 = ORIENTED_EDGE ( 'NONE', *, *, #5173, .T. ) ;
#1710 = CARTESIAN_POINT ( 'NONE',  ( 1.621824378740389381E-09, 0.6083569003343944903, 2.380000000000000338 ) ) ;
#1711 = CARTESIAN_POINT ( 'NONE',  ( 1.635000000000000009, 2.791138596892519974, 2.131987307660839992 ) ) ;
#1712 = EDGE_CURVE ( 'NONE', #53, #1555, #593, .T. ) ;
#1713 = DIRECTION ( 'NONE',  ( 0.000000000000000000, 1.000000000000000000, 0.000000000000000000 ) ) ;
#1714 =( LENGTH_UNIT ( ) NAMED_UNIT ( * ) SI_UNIT ( .MILLI., .METRE. ) );
#1715 = VERTEX_POINT ( 'NONE', #1823 ) ;
#1716 = DIRECTION ( 'NONE',  ( 0.000000000000000000, -0.7071067811864518715, -0.7071067811866431629 ) ) ;
#1717 = CARTESIAN_POINT ( 'NONE',  ( 3.269999999999996909, 2.821004187620880455, 0.6750000000000535572 ) ) ;
#1718 = CARTESIAN_POINT ( 'NONE',  ( -2.803133701591289828, 2.625354187302469722, 2.350525286078505083 ) ) ;
#1719 = EDGE_CURVE ( 'NONE', #2347, #3604, #4469, .T. ) ;
#1720 = ORIENTED_EDGE ( 'NONE', *, *, #3174, .T. ) ;
#1721 = CARTESIAN_POINT ( 'NONE',  ( -2.732499999999999929, 0.7672499999999999876, 0.3800000000000000044 ) ) ;
#1722 = ORIENTED_EDGE ( 'NONE', *, *, #232, .T. ) ;
#1723 = ORIENTED_EDGE ( 'NONE', *, *, #3068, .F. ) ;
#1724 = DIRECTION ( 'NONE',  ( 0.000000000000000000, 0.000000000000000000, -1.000000000000000000 ) ) ;
#1725 = CIRCLE ( 'NONE', #4193, 0.05000000000000002359 ) ;
#1726 = ORIENTED_EDGE ( 'NONE', *, *, #2976, .F. ) ;
#1727 = CARTESIAN_POINT ( 'NONE',  ( 0.5941189764887230274, 0.1521824518414595095, 2.380000000000000338 ) ) ;
#1728 = LINE ( 'NONE', #336, #401 ) ;
#1729 = DIRECTION ( 'NONE',  ( 8.131516293641259589E-16, -1.000000000000000000, 0.000000000000000000 ) ) ;
#1730 = ADVANCED_FACE ( 'NONE', ( #499 ), #151, .F. ) ;
#1731 = AXIS2_PLACEMENT_3D ( 'NONE', #4166, #1148, #585 ) ;
#1732 = CYLINDRICAL_SURFACE ( 'NONE', #379, 0.9999999999999692468 ) ;
#1733 = DIRECTION ( 'NONE',  ( 0.1157205707370563830, 0.1157205707370581871, 0.9865178655334019275 ) ) ;
#1734 = VECTOR ( 'NONE', #3163, 1000.000000000000000 ) ;
#1735 =( LENGTH_UNIT ( ) NAMED_UNIT ( * ) SI_UNIT ( .MILLI., .METRE. ) );
#1736 = AXIS2_PLACEMENT_3D ( 'NONE', #1300, #1238, #4751 ) ;
#1737 = VERTEX_POINT ( 'NONE', #3541 ) ;
#1738 = FACE_OUTER_BOUND ( 'NONE', #4018, .T. ) ;
#1739 = CARTESIAN_POINT ( 'NONE',  ( 3.070526283876594764, -2.708506501081944684, 2.126365440677534746 ) ) ;
#1740 = DIRECTION ( 'NONE',  ( 0.000000000000000000, 0.000000000000000000, 1.000000000000000000 ) ) ;
#1741 = DIRECTION ( 'NONE',  ( 1.084202172485502067E-15, -1.000000000000000000, 0.000000000000000000 ) ) ;
#1742 = EDGE_CURVE ( 'NONE', #4486, #2241, #5496, .T. ) ;
#1743 = EDGE_CURVE ( 'NONE', #1978, #2105, #2004, .T. ) ;
#1744 = COLOUR_RGB ( '',0.2862745098039215508, 0.2862745098039215508, 0.2862745098039215508 ) ;
#1745 = CARTESIAN_POINT ( 'NONE',  ( -3.242815959658425395, 0.04809771563645270226, -2.660000000000000142 ) ) ;
#1746 = CIRCLE ( 'NONE', #2460, 0.1000000000000002554 ) ;
#1747 = CARTESIAN_POINT ( 'NONE',  ( 3.972500000000000142, -0.1922500000000000042, 2.502499999999999947 ) ) ;
#1748 = VERTEX_POINT ( 'NONE', #1359 ) ;
#1749 = DIRECTION ( 'NONE',  ( 0.000000000000000000, 0.000000000000000000, -1.000000000000000000 ) ) ;
#1750 = ADVANCED_FACE ( 'NONE', ( #4004 ), #528, .T. ) ;
#1751 = LINE ( 'NONE', #791, #212 ) ;
#1752 = ADVANCED_FACE ( 'NONE', ( #4906 ), #2282, .F. ) ;
#1753 = ORIENTED_EDGE ( 'NONE', *, *, #2115, .F. ) ;
#1754 = FACE_OUTER_BOUND ( 'NONE', #1290, .T. ) ;
#1755 = ORIENTED_EDGE ( 'NONE', *, *, #2405, .T. ) ;
#1756 = EDGE_CURVE ( 'NONE', #4213, #3775, #2725, .T. ) ;
#1757 = VERTEX_POINT ( 'NONE', #4879 ) ;
#1758 = LINE ( 'NONE', #2062, #735 ) ;
#1759 = VERTEX_POINT ( 'NONE', #4062 ) ;
#1760 = LINE ( 'NONE', #1838, #2642 ) ;
#1761 = AXIS2_PLACEMENT_3D ( 'NONE', #5279, #1336, #3079 ) ;
#1762 = DIRECTION ( 'NONE',  ( 1.000000000000000000, 3.614007241618350250E-16, 0.000000000000000000 ) ) ;
#1763 = CARTESIAN_POINT ( 'NONE',  ( -3.055000000000000160, 0.7672499999999999876, 1.899999999999999911 ) ) ;
#1764 = DIRECTION ( 'NONE',  ( 0.9931903090196375627, 1.809126741440810385E-16, 0.1165032620550900677 ) ) ;
#1765 = CIRCLE ( 'NONE', #4698, 0.4000000000000000222 ) ;
#1766 = SURFACE_STYLE_FILL_AREA ( #2 ) ;
#1767 = ORIENTED_EDGE ( 'NONE', *, *, #4362, .T. ) ;
#1768 = DIRECTION ( 'NONE',  ( 1.000000000000000000, 4.823386660693620032E-16, 0.000000000000000000 ) ) ;
#1769 = CARTESIAN_POINT ( 'NONE',  ( -0.1523532029945865174, 0.5940512099433720161, 2.380000000000000338 ) ) ;
#1770 = CIRCLE ( 'NONE', #1303, 0.1000000000000000472 ) ;
#1771 = DIRECTION ( 'NONE',  ( 0.000000000000000000, 0.000000000000000000, 1.000000000000000000 ) ) ;
#1772 = EDGE_CURVE ( 'NONE', #3526, #5139, #1390, .T. ) ;
#1773 = FACE_OUTER_BOUND ( 'NONE', #515, .T. ) ;
#1774 =( NAMED_UNIT ( * ) SI_UNIT ( $, .STERADIAN. ) SOLID_ANGLE_UNIT ( ) );
#1775 = ORIENTED_EDGE ( 'NONE', *, *, #4609, .T. ) ;
#1776 = LINE ( 'NONE', #5246, #4244 ) ;
#1777 = CARTESIAN_POINT ( 'NONE',  ( 0.9524999999999977929, -0.1922500000000155473, 2.059999999999990727 ) ) ;
#1778 = DIRECTION ( 'NONE',  ( 1.000000000000000000, 0.000000000000000000, 0.000000000000000000 ) ) ;
#1779 = DIRECTION ( 'NONE',  ( 0.000000000000000000, 1.000000000000000000, 0.000000000000000000 ) ) ;
#1780 = AXIS2_PLACEMENT_3D ( 'NONE', #1800, #1280, #1716 ) ;
#1781 = LINE ( 'NONE', #5167, #940 ) ;
#1782 = EDGE_LOOP ( 'NONE', ( #1574, #2874, #846, #4775, #2549, #1428 ) ) ;
#1783 = EDGE_LOOP ( 'NONE', ( #3436, #4427, #2013 ) ) ;
#1784 = VERTEX_POINT ( 'NONE', #2230 ) ;
#1785 = CARTESIAN_POINT ( 'NONE',  ( 0.9525000000000000133, -0.7672499999999999876, -2.160000000000000142 ) ) ;
#1786 = DIRECTION ( 'NONE',  ( 0.000000000000000000, 0.000000000000000000, -1.000000000000000000 ) ) ;
#1787 = DIRECTION ( 'NONE',  ( 0.000000000000000000, 0.000000000000000000, 1.000000000000000000 ) ) ;
#1788 = CARTESIAN_POINT ( 'NONE',  ( 4.852500000000000036, -0.1922500000000000042, -2.502499999999999947 ) ) ;
#1789 = DIRECTION ( 'NONE',  ( 1.000000000000000000, 0.000000000000000000, 0.000000000000000000 ) ) ;
#1790 = EDGE_CURVE ( 'NONE', #3342, #1130, #3136, .T. ) ;
#1791 = ORIENTED_EDGE ( 'NONE', *, *, #4245, .F. ) ;
#1792 = CARTESIAN_POINT ( 'NONE',  ( -3.269901378283665228, -2.744121119187155511, 0.6758407501317641453 ) ) ;
#1793 =( LENGTH_UNIT ( ) NAMED_UNIT ( * ) SI_UNIT ( .MILLI., .METRE. ) );
#1794 = DIRECTION ( 'NONE',  ( 0.000000000000000000, 0.000000000000000000, -1.000000000000000000 ) ) ;
#1795 = ADVANCED_FACE ( 'NONE', ( #1478 ), #124, .T. ) ;
#1796 = DIRECTION ( 'NONE',  ( -1.000000000000000000, -1.084202172485501673E-15, 0.000000000000000000 ) ) ;
#1797 = LINE ( 'NONE', #2312, #2089 ) ;
#1798 = VERTEX_POINT ( 'NONE', #4527 ) ;
#1799 = CIRCLE ( 'NONE', #48, 0.1000000000000000472 ) ;
#1800 = CARTESIAN_POINT ( 'NONE',  ( 4.852499999999990266, -0.1922499999999899012, -2.502500000000001279 ) ) ;
#1801 = DIRECTION ( 'NONE',  ( -0.8856505754816621501, 0.4643522996055911012, 0.000000000000000000 ) ) ;
#1802 = ORIENTED_EDGE ( 'NONE', *, *, #5036, .F. ) ;
#1803 = ADVANCED_FACE ( 'NONE', ( #3224 ), #4409, .T. ) ;
#1804 = VERTEX_POINT ( 'NONE', #3738 ) ;
#1805 = ORIENTED_EDGE ( 'NONE', *, *, #2051, .F. ) ;
#1806 = VECTOR ( 'NONE', #89, 1000.000000000000000 ) ;
#1807 = ORIENTED_EDGE ( 'NONE', *, *, #4509, .F. ) ;
#1808 = VERTEX_POINT ( 'NONE', #2021 ) ;
#1809 = FILL_AREA_STYLE ('',( #22 ) ) ;
#1810 = ORIENTED_EDGE ( 'NONE', *, *, #3761, .F. ) ;
#1811 = DIRECTION ( 'NONE',  ( 0.000000000000000000, 0.000000000000000000, -1.000000000000000000 ) ) ;
#1812 = CYLINDRICAL_SURFACE ( 'NONE', #5335, 0.3000000000000000444 ) ;
#1813 = DIRECTION ( 'NONE',  ( 0.000000000000000000, 0.000000000000000000, 1.000000000000000000 ) ) ;
#1814 = DIRECTION ( 'NONE',  ( 0.000000000000000000, 0.000000000000000000, 1.000000000000000000 ) ) ;
#1815 = VECTOR ( 'NONE', #3465, 1000.000000000000000 ) ;
#1816 = ORIENTED_EDGE ( 'NONE', *, *, #3915, .T. ) ;
#1817 = CARTESIAN_POINT ( 'NONE',  ( -3.269704183480209192, -2.749247090774319169, 0.6775218358312329325 ) ) ;
#1818 = VECTOR ( 'NONE', #5181, 1000.000000000000000 ) ;
#1819 = EDGE_CURVE ( 'NONE', #2090, #344, #1822, .T. ) ;
#1820 = DIRECTION ( 'NONE',  ( 0.000000000000000000, -1.000000000000000000, 0.000000000000000000 ) ) ;
#1821 = LINE ( 'NONE', #526, #3197 ) ;
#1822 = CIRCLE ( 'NONE', #73, 0.1000000000000002554 ) ;
#1823 = CARTESIAN_POINT ( 'NONE',  ( 2.803133701591289828, -2.712318337075284802, 2.349553625049725092 ) ) ;
#1824 = FACE_OUTER_BOUND ( 'NONE', #4922, .T. ) ;
#1825 = VERTEX_POINT ( 'NONE', #3305 ) ;
#1826 = DIRECTION ( 'NONE',  ( 0.3158179163251042532, 0.8555991741024897568, -0.4101330235462719020 ) ) ;
#1827 = DIRECTION ( 'NONE',  ( 5.482582837655000045E-16, -1.000000000000000000, 0.000000000000000000 ) ) ;
#1828 = CIRCLE ( 'NONE', #4670, 0.1000000000000000194 ) ;
#1829 = DIRECTION ( 'NONE',  ( 1.000000000000000000, 0.000000000000000000, 0.000000000000000000 ) ) ;
#1830 = APPLICATION_CONTEXT ( 'automotive_design' ) ;
#1831 = STYLED_ITEM ( 'NONE', ( #1891 ), #2637 ) ;
#1832 = VERTEX_POINT ( 'NONE', #2839 ) ;
#1833 = CARTESIAN_POINT ( 'NONE',  ( 0.000000000000000000, -5.507292758028076305E-17, 2.330000000000004956 ) ) ;
#1834 = ORIENTED_EDGE ( 'NONE', *, *, #3924, .T. ) ;
#1835 = EDGE_LOOP ( 'NONE', ( #2873, #3691, #5521, #920 ) ) ;
#1836 = EDGE_CURVE ( 'NONE', #3374, #1611, #4552, .T. ) ;
#1837 = ORIENTED_EDGE ( 'NONE', *, *, #3420, .F. ) ;
#1838 = CARTESIAN_POINT ( 'NONE',  ( -1.222500000000000142, 0.2322500000000000120, -1.899999999999999911 ) ) ;
#1839 = EDGE_LOOP ( 'NONE', ( #411, #1951, #4263 ) ) ;
#1840 = DIRECTION ( 'NONE',  ( -3.050063254464720219E-16, 1.000000000000000000, 0.000000000000000000 ) ) ;
#1841 = LINE ( 'NONE', #4836, #1198 ) ;
#1842 = CARTESIAN_POINT ( 'NONE',  ( 0.9525000000000000133, -0.1922500000000000042, 0.8629237369103519573 ) ) ;
#1843 = CARTESIAN_POINT ( 'NONE',  ( 3.249390871961309823, -0.09225000000000001255, -0.6562182560773820450 ) ) ;
#1844 = EDGE_CURVE ( 'NONE', #1804, #511, #259, .T. ) ;
#1845 = VERTEX_POINT ( 'NONE', #5018 ) ;
#1846 = DIRECTION ( 'NONE',  ( 0.000000000000000000, -1.000000000000000000, -4.336808689942016947E-15 ) ) ;
#1847 = LINE ( 'NONE', #1355, #5024 ) ;
#1848 = PLANE ( 'NONE',  #1922 ) ;
#1849 = CARTESIAN_POINT ( 'NONE',  ( 3.695609128038689573, -0.7672499999999999876, 0.8062182560773819562 ) ) ;
#1850 = CIRCLE ( 'NONE', #471, 0.09999999999999992228 ) ;
#1851 = AXIS2_PLACEMENT_3D ( 'NONE', #4113, #669, #230 ) ;
#1852 = VECTOR ( 'NONE', #2211, 1000.000000000000000 ) ;
#1853 = CARTESIAN_POINT ( 'NONE',  ( 3.872500000000000053, -0.7672499999999999876, -1.959999999999999964 ) ) ;
#1854 = ORIENTED_EDGE ( 'NONE', *, *, #3001, .T. ) ;
#1855 = CARTESIAN_POINT ( 'NONE',  ( -4.852500000000000036, -0.6672500000000000098, 1.899999999999999911 ) ) ;
#1856 = DIRECTION ( 'NONE',  ( -1.000000000000000000, -5.421010862427508365E-16, 0.000000000000000000 ) ) ;
#1857 = FACE_OUTER_BOUND ( 'NONE', #1339, .T. ) ;
#1858 = EDGE_LOOP ( 'NONE', ( #3851, #4455, #4212, #3964 ) ) ;
#1859 = CARTESIAN_POINT ( 'NONE',  ( -3.770634082987819991, 0.3248361564241389887, -2.660000000000000142 ) ) ;
#1860 = ORIENTED_EDGE ( 'NONE', *, *, #2275, .T. ) ;
#1861 = ORIENTED_EDGE ( 'NONE', *, *, #1844, .T. ) ;
#1862 = EDGE_LOOP ( 'NONE', ( #2741, #919, #153, #5282, #2483, #1367, #948, #2508 ) ) ;
#1863 = CARTESIAN_POINT ( 'NONE',  ( 4.852499999999982272, -0.1922499999999939257, 2.044279695023446752 ) ) ;
#1864 = ORIENTED_EDGE ( 'NONE', *, *, #4176, .T. ) ;
#1865 = DIRECTION ( 'NONE',  ( -1.000000000000000000, -3.349094667683650371E-16, 3.928556794936849754E-17 ) ) ;
#1866 = CARTESIAN_POINT ( 'NONE',  ( -3.055000000000000160, 0.7672499999999999876, -2.660000000000000142 ) ) ;
#1867 = CARTESIAN_POINT ( 'NONE',  ( 3.372500000000000053, -0.1922500000000000042, 2.060000000000000053 ) ) ;
#1868 = DIRECTION ( 'NONE',  ( 0.9931903090196375627, 0.000000000000000000, 0.1165032620550898596 ) ) ;
#1869 = ADVANCED_FACE ( 'NONE', ( #288 ), #1128, .F. ) ;
#1870 = APPLICATION_PROTOCOL_DEFINITION ( 'draft international standard', 'automotive_design', 1998, #5540 ) ;
#1871 = EDGE_LOOP ( 'NONE', ( #5000, #1401, #4858, #304 ) ) ;
#1872 = FACE_OUTER_BOUND ( 'NONE', #596, .T. ) ;
#1873 = FACE_OUTER_BOUND ( 'NONE', #2240, .T. ) ;
#1874 = CIRCLE ( 'NONE', #3054, 0.1000000000000000056 ) ;
#1875 = EDGE_CURVE ( 'NONE', #5617, #356, #2046, .T. ) ;
#1876 = VECTOR ( 'NONE', #912, 1000.000000000000000 ) ;
#1877 = CARTESIAN_POINT ( 'NONE',  ( -4.270000000000000462, -0.4997499999999999720, 2.660000000000000142 ) ) ;
#1878 = DIRECTION ( 'NONE',  ( 1.000000000000000000, 0.000000000000000000, 0.000000000000000000 ) ) ;
#1879 = VERTEX_POINT ( 'NONE', #730 ) ;
#1880 = LINE ( 'NONE', #3628, #4892 ) ;
#1881 = FACE_OUTER_BOUND ( 'NONE', #4100, .T. ) ;
#1882 = FACE_OUTER_BOUND ( 'NONE', #2403, .T. ) ;
#1883 = AXIS2_PLACEMENT_3D ( 'NONE', #2695, #3133, #4030 ) ;
#1884 = ORIENTED_EDGE ( 'NONE', *, *, #3799, .F. ) ;
#1885 = CARTESIAN_POINT ( 'NONE',  ( 4.852499999999976943, -0.1922499999999694176, 2.044279695023464516 ) ) ;
#1886 = ORIENTED_EDGE ( 'NONE', *, *, #891, .T. ) ;
#1887 = ORIENTED_EDGE ( 'NONE', *, *, #350, .F. ) ;
#1888 = EDGE_CURVE ( 'NONE', #4644, #4492, #807, .T. ) ;
#1889 = TOROIDAL_SURFACE ( 'NONE', #4468, 0.1999999999999961808, 0.1000000000000004219 ) ;
#1890 = ORIENTED_EDGE ( 'NONE', *, *, #644, .T. ) ;
#1891 = PRESENTATION_STYLE_ASSIGNMENT (( #3776 ) ) ;
#1892 = VERTEX_POINT ( 'NONE', #1535 ) ;
#1893 = CARTESIAN_POINT ( 'NONE',  ( 2.803133701591294713, 2.495677398353394860, 2.079999999999999627 ) ) ;
#1894 = AXIS2_PLACEMENT_3D ( 'NONE', #1132, #1080, #649 ) ;
#1895 = PLANE ( 'NONE',  #5613 ) ;
#1896 = DIRECTION ( 'NONE',  ( 1.000000000000000000, 0.000000000000000000, 0.000000000000000000 ) ) ;
#1897 = CARTESIAN_POINT ( 'NONE',  ( 0.5349199982454150293, -0.3017308323982785256, 2.380000000000000338 ) ) ;
#1898 = ORIENTED_EDGE ( 'NONE', *, *, #1045, .T. ) ;
#1899 = LINE ( 'NONE', #3703, #2635 ) ;
#1900 = EDGE_CURVE ( 'NONE', #1622, #2020, #5328, .T. ) ;
#1901 = CARTESIAN_POINT ( 'NONE',  ( -2.803133701591288940, -2.580633701591282581, 2.079999999999999627 ) ) ;
#1902 = EDGE_CURVE ( 'NONE', #4840, #1949, #4172, .T. ) ;
#1903 = CARTESIAN_POINT ( 'NONE',  ( 4.852500000000000036, -0.1922500000000000042, 2.044279695023479615 ) ) ;
#1904 = DIRECTION ( 'NONE',  ( 0.000000000000000000, -1.000000000000000000, 0.000000000000000000 ) ) ;
#1905 = APPLICATION_CONTEXT ( 'automotive_design' ) ;
#1906 = VECTOR ( 'NONE', #3049, 1000.000000000000000 ) ;
#1907 = AXIS2_PLACEMENT_3D ( 'NONE', #1833, #2791, #2680 ) ;
#1908 = AXIS2_PLACEMENT_3D ( 'NONE', #522, #114, #1037 ) ;
#1909 = DIRECTION ( 'NONE',  ( 0.000000000000000000, 0.000000000000000000, 1.000000000000000000 ) ) ;
#1910 = EDGE_CURVE ( 'NONE', #4908, #1978, #2865, .T. ) ;
#1911 = DIRECTION ( 'NONE',  ( 0.000000000000000000, 0.000000000000000000, 1.000000000000000000 ) ) ;
#1912 = ORIENTED_EDGE ( 'NONE', *, *, #2767, .T. ) ;
#1913 = LINE ( 'NONE', #1941, #4325 ) ;
#1914 = DIRECTION ( 'NONE',  ( 0.8856505754816621501, -0.4643522996055911012, 0.000000000000000000 ) ) ;
#1915 = DIRECTION ( 'NONE',  ( 0.000000000000000000, 1.000000000000000000, 2.168404344971008868E-14 ) ) ;
#1916 = TOROIDAL_SURFACE ( 'NONE', #996, 0.5000000000000005551, 0.1000000000000016154 ) ;
#1917 = VECTOR ( 'NONE', #4110, 1000.000000000000114 ) ;
#1918 = EDGE_CURVE ( 'NONE', #3746, #4098, #3743, .T. ) ;
#1919 = ADVANCED_FACE ( 'NONE', ( #2442 ), #5555, .T. ) ;
#1920 = ORIENTED_EDGE ( 'NONE', *, *, #5493, .F. ) ;
#1921 = VERTEX_POINT ( 'NONE', #5049 ) ;
#1922 = AXIS2_PLACEMENT_3D ( 'NONE', #1386, #1356, #148 ) ;
#1923 = CIRCLE ( 'NONE', #5132, 0.1499999999999999667 ) ;
#1924 = EDGE_CURVE ( 'NONE', #2064, #5252, #2783, .T. ) ;
#1925 = ORIENTED_EDGE ( 'NONE', *, *, #3947, .T. ) ;
#1926 = ORIENTED_EDGE ( 'NONE', *, *, #107, .F. ) ;
#1927 = LINE ( 'NONE', #3183, #5096 ) ;
#1928 = VECTOR ( 'NONE', #2967, 1000.000000000000000 ) ;
#1929 = DIRECTION ( 'NONE',  ( 0.3158179163250989241, -0.8555991741024927544, 0.4101330235462698481 ) ) ;
#1930 = CARTESIAN_POINT ( 'NONE',  ( 3.145735931288073495, -2.847500000000001030, 0.000000000000000000 ) ) ;
#1931 = ORIENTED_EDGE ( 'NONE', *, *, #5526, .T. ) ;
#1932 = CYLINDRICAL_SURFACE ( 'NONE', #169, 0.3000000000000000444 ) ;
#1933 = LINE ( 'NONE', #1504, #4071 ) ;
#1934 = DIRECTION ( 'NONE',  ( -1.000000000000000000, 0.000000000000000000, 0.000000000000000000 ) ) ;
#1935 = CARTESIAN_POINT ( 'NONE',  ( -0.1609122710552955138, 0.4965983550734299756, 2.330000000000000071 ) ) ;
#1936 = CARTESIAN_POINT ( 'NONE',  ( 4.412499999999999645, -0.4297500000000000209, -2.602500000000000036 ) ) ;
#1937 = DIRECTION ( 'NONE',  ( -0.7071067811864997221, 2.412349833780140396E-14, 0.7071067811865952013 ) ) ;
#1938 = CARTESIAN_POINT ( 'NONE',  ( 3.372500000000000053, -0.09225000000000001255, 2.060000000000000053 ) ) ;
#1939 = CARTESIAN_POINT ( 'NONE',  ( -0.4965983550734299756, -0.1609122710552955138, 2.330000000000000071 ) ) ;
#1940 = VERTEX_POINT ( 'NONE', #3791 ) ;
#1941 = CARTESIAN_POINT ( 'NONE',  ( -4.952500000000000568, -0.3322500000000000453, 0.000000000000000000 ) ) ;
#1942 = CARTESIAN_POINT ( 'NONE',  ( 3.269901378283665228, -2.744121119187150182, 0.6758407501317662547 ) ) ;
#1943 = PLANE ( 'NONE',  #5358 ) ;
#1944 = EDGE_CURVE ( 'NONE', #1808, #3991, #3684, .T. ) ;
#1945 = TOROIDAL_SURFACE ( 'NONE', #2032, 0.1999999999999983458, 0.1000000000000006162 ) ;
#1946 = CIRCLE ( 'NONE', #1393, 0.1000000000000002554 ) ;
#1947 = CARTESIAN_POINT ( 'NONE',  ( 4.787102839788669684, -0.1922500000000000042, 1.944279695023479970 ) ) ;
#1948 = ORIENTED_EDGE ( 'NONE', *, *, #3159, .F. ) ;
#1949 = VERTEX_POINT ( 'NONE', #672 ) ;
#1950 = EDGE_CURVE ( 'NONE', #3182, #5649, #643, .T. ) ;
#1951 = ORIENTED_EDGE ( 'NONE', *, *, #2239, .T. ) ;
#1952 = ORIENTED_EDGE ( 'NONE', *, *, #1552, .F. ) ;
#1953 = CARTESIAN_POINT ( 'NONE',  ( 0.9525000000000000133, -0.1922500000000000042, -1.080000000000000071 ) ) ;
#1954 = CYLINDRICAL_SURFACE ( 'NONE', #4136, 0.1000000000000000194 ) ;
#1955 = FACE_OUTER_BOUND ( 'NONE', #4314, .T. ) ;
#1956 = CARTESIAN_POINT ( 'NONE',  ( -0.4597725128299010033, -0.4006264186279425155, 2.380000000000000338 ) ) ;
#1957 = ORIENTED_EDGE ( 'NONE', *, *, #2018, .T. ) ;
#1958 = CARTESIAN_POINT ( 'NONE',  ( 3.952606704934719772, -0.09225000000000001255, -1.957631072937815020 ) ) ;
#1959 = AXIS2_PLACEMENT_3D ( 'NONE', #5626, #4732, #5683 ) ;
#1960 = DIRECTION ( 'NONE',  ( 1.000000000000000000, 7.228014483236697541E-16, 0.000000000000000000 ) ) ;
#1961 = CARTESIAN_POINT ( 'NONE',  ( -1.222500000000000142, 0.2322500000000000120, -1.899999999999999911 ) ) ;
#1962 = CARTESIAN_POINT ( 'NONE',  ( -2.855207625734559773, 0.2322500000000000120, 2.660000000000000142 ) ) ;
#1963 = ADVANCED_FACE ( 'NONE', ( #4145 ), #3710, .T. ) ;
#1964 = CIRCLE ( 'NONE', #3696, 0.5000000000000000000 ) ;
#1965 = CARTESIAN_POINT ( 'NONE',  ( 2.803133701591289828, -0.7618749999999999689, 2.380000000000000338 ) ) ;
#1966 = CARTESIAN_POINT ( 'NONE',  ( -0.5172339252429389855, -0.08175576762295830302, 2.330000000000000071 ) ) ;
#1967 = ORIENTED_EDGE ( 'NONE', *, *, #4151, .F. ) ;
#1968 = CARTESIAN_POINT ( 'NONE',  ( 3.545609128038689661, -0.7672499999999999876, -0.8062182560773819562 ) ) ;
#1969 = DIRECTION ( 'NONE',  ( 1.084202172485502067E-15, -1.000000000000000000, 0.000000000000000000 ) ) ;
#1970 = EDGE_CURVE ( 'NONE', #4097, #3553, #4374, .T. ) ;
#1971 = CIRCLE ( 'NONE', #4352, 0.1000000000000000472 ) ;
#1972 = CARTESIAN_POINT ( 'NONE',  ( 0.4819120798423590091, -0.1922500000000000042, 0.3637895569954249786 ) ) ;
#1973 = ORIENTED_EDGE ( 'NONE', *, *, #3275, .F. ) ;
#1974 = ORIENTED_EDGE ( 'NONE', *, *, #709, .F. ) ;
#1975 = EDGE_CURVE ( 'NONE', #134, #3084, #1269, .T. ) ;
#1976 = VECTOR ( 'NONE', #5473, 1000.000000000000000 ) ;
#1977 = ORIENTED_EDGE ( 'NONE', *, *, #5284, .T. ) ;
#1978 = VERTEX_POINT ( 'NONE', #3013 ) ;
#1979 = EDGE_CURVE ( 'NONE', #680, #3802, #3930, .T. ) ;
#1980 = CARTESIAN_POINT ( 'NONE',  ( 4.852500000000000036, -0.1475286404500031900, -1.954836975923490261 ) ) ;
#1981 = CARTESIAN_POINT ( 'NONE',  ( -0.5940512099433720161, -0.1523532029945885158, 2.380000000000000338 ) ) ;
#1982 = CARTESIAN_POINT ( 'NONE',  ( 0.000000000000000000, 0.000000000000000000, 0.000000000000000000 ) ) ;
#1983 = ORIENTED_EDGE ( 'NONE', *, *, #2467, .F. ) ;
#1984 = LINE ( 'NONE', #5414, #446 ) ;
#1985 = ADVANCED_FACE ( 'NONE', ( #3040 ), #342, .T. ) ;
#1986 = SPHERICAL_SURFACE ( 'NONE', #1731, 0.1000000000000176026 ) ;
#1987 = ADVANCED_FACE ( 'NONE', ( #3819 ), #1677, .T. ) ;
#1988 = VECTOR ( 'NONE', #3228, 1000.000000000000000 ) ;
#1989 = DIRECTION ( 'NONE',  ( 0.000000000000000000, 1.000000000000000000, 8.673617379884035472E-15 ) ) ;
#1990 = DIRECTION ( 'NONE',  ( 1.000000000000000000, 1.224646799147350742E-16, 0.000000000000000000 ) ) ;
#1991 = DIRECTION ( 'NONE',  ( 1.000000000000000000, 0.000000000000000000, 0.000000000000000000 ) ) ;
#1992 = VERTEX_POINT ( 'NONE', #1646 ) ;
#1993 = EDGE_CURVE ( 'NONE', #1152, #3027, #626, .T. ) ;
#1994 = DIRECTION ( 'NONE',  ( 0.000000000000000000, 0.000000000000000000, 1.000000000000000000 ) ) ;
#1995 = CARTESIAN_POINT ( 'NONE',  ( -0.06599873162764779977, -0.5216872481905789893, 2.330000000000000071 ) ) ;
#1996 = ORIENTED_EDGE ( 'NONE', *, *, #5636, .T. ) ;
#1997 = CARTESIAN_POINT ( 'NONE',  ( 3.372500000000000053, -0.7672499999999999876, 2.160000000000000142 ) ) ;
#1998 = CARTESIAN_POINT ( 'NONE',  ( -2.222500000000000142, 0.2322500000000000120, 0.000000000000000000 ) ) ;
#1999 = AXIS2_PLACEMENT_3D ( 'NONE', #3941, #2519, #5236 ) ;
#2000 = DIRECTION ( 'NONE',  ( -1.000000000000000000, -4.823386660693620032E-16, 0.000000000000000000 ) ) ;
#2001 = EDGE_LOOP ( 'NONE', ( #1791, #4210, #3911, #3790 ) ) ;
#2002 = ORIENTED_EDGE ( 'NONE', *, *, #2298, .T. ) ;
#2003 = AXIS2_PLACEMENT_3D ( 'NONE', #4784, #2551, #4313 ) ;
#2004 = CIRCLE ( 'NONE', #5040, 0.7999999999999999334 ) ;
#2005 = EDGE_CURVE ( 'NONE', #3664, #5142, #721, .T. ) ;
#2006 = ORIENTED_EDGE ( 'NONE', *, *, #5312, .T. ) ;
#2007 = ORIENTED_EDGE ( 'NONE', *, *, #3481, .F. ) ;
#2008 = CARTESIAN_POINT ( 'NONE',  ( 4.819801419894339745, -0.1922500000000000042, 2.044279695023479615 ) ) ;
#2009 = CARTESIAN_POINT ( 'NONE',  ( -3.270000000000000018, 3.047499999999999876, 0.07846988903112329938 ) ) ;
#2010 = EDGE_CURVE ( 'NONE', #1395, #1601, #375, .T. ) ;
#2011 = APPLICATION_CONTEXT ( 'automotive_design' ) ;
#2012 =( GEOMETRIC_REPRESENTATION_CONTEXT ( 3 ) GLOBAL_UNCERTAINTY_ASSIGNED_CONTEXT ( ( #4825 ) ) GLOBAL_UNIT_ASSIGNED_CONTEXT ( ( #3532, #1404, #109 ) ) REPRESENTATION_CONTEXT ( 'NONE', 'WORKASPACE' ) );
#2013 = ORIENTED_EDGE ( 'NONE', *, *, #2676, .F. ) ;
#2014 = DIRECTION ( 'NONE',  ( 0.000000000000000000, 1.000000000000000000, 0.000000000000000000 ) ) ;
#2015 = DIRECTION ( 'NONE',  ( 1.000000000000000000, 0.000000000000000000, 0.000000000000000000 ) ) ;
#2016 = LINE ( 'NONE', #3706, #2377 ) ;
#2017 = DIRECTION ( 'NONE',  ( 0.000000000000000000, 0.000000000000000000, -1.000000000000000000 ) ) ;
#2018 = EDGE_CURVE ( 'NONE', #287, #3593, #913, .T. ) ;
#2019 = EDGE_CURVE ( 'NONE', #1784, #4492, #4721, .T. ) ;
#2020 = VERTEX_POINT ( 'NONE', #3389 ) ;
#2021 = CARTESIAN_POINT ( 'NONE',  ( 3.399390871961310179, -0.09225000000000001255, -0.8062182560773819562 ) ) ;
#2022 = DIRECTION ( 'NONE',  ( -1.000000000000000000, 0.000000000000000000, 0.000000000000000000 ) ) ;
#2023 = ORIENTED_EDGE ( 'NONE', *, *, #3250, .T. ) ;
#2024 = CARTESIAN_POINT ( 'NONE',  ( 0.6714789782912459204, -0.09225000000000001255, -0.4132438281099359845 ) ) ;
#2025 = FACE_OUTER_BOUND ( 'NONE', #1667, .T. ) ;
#2026 = DIRECTION ( 'NONE',  ( 0.000000000000000000, 0.000000000000000000, 1.000000000000000000 ) ) ;
#2027 = COLOUR_RGB ( '',0.2862745098039215508, 0.2862745098039215508, 0.2862745098039215508 ) ;
#2028 = VERTEX_POINT ( 'NONE', #755 ) ;
#2029 = ORIENTED_EDGE ( 'NONE', *, *, #2380, .F. ) ;
#2030 = AXIS2_PLACEMENT_3D ( 'NONE', #140, #2408, #3724 ) ;
#2031 = VERTEX_POINT ( 'NONE', #4 ) ;
#2032 = AXIS2_PLACEMENT_3D ( 'NONE', #5263, #4252, #5209 ) ;
#2033 = ORIENTED_EDGE ( 'NONE', *, *, #2676, .T. ) ;
#2034 = CARTESIAN_POINT ( 'NONE',  ( -0.1509159562655364994, -0.5897157965750738917, 2.380000000000000338 ) ) ;
#2035 = ITEM_DEFINED_TRANSFORMATION ( 'NONE', 'NONE', #269,  #464 ) ;
#2036 = ORIENTED_EDGE ( 'NONE', *, *, #3275, .T. ) ;
#2037 = CARTESIAN_POINT ( 'NONE',  ( 4.852500000000009805, -0.1922500000000037790, -2.044279695023473398 ) ) ;
#2038 = LINE ( 'NONE', #832, #1697 ) ;
#2039 = PLANE ( 'NONE',  #225 ) ;
#2040 = EDGE_CURVE ( 'NONE', #655, #1152, #3480, .T. ) ;
#2041 = CARTESIAN_POINT ( 'NONE',  ( -0.5216872481905789893, 0.06599873162765129697, 2.330000000000000071 ) ) ;
#2042 = ADVANCED_FACE ( 'NONE', ( #1738 ), #2134, .F. ) ;
#2043 = DIRECTION ( 'NONE',  ( -1.000000000000000000, 0.000000000000000000, 0.000000000000000000 ) ) ;
#2044 = AXIS2_PLACEMENT_3D ( 'NONE', #311, #5148, #865 ) ;
#2045 = EDGE_LOOP ( 'NONE', ( #4731, #2435, #1573, #1807 ) ) ;
#2046 = LINE ( 'NONE', #4664, #2541 ) ;
#2047 = CARTESIAN_POINT ( 'NONE',  ( -4.952500000000000568, -0.7672499999999999876, -1.899999999999999911 ) ) ;
#2048 = EDGE_LOOP ( 'NONE', ( #1361, #3316, #4359, #5530 ) ) ;
#2049 = LINE ( 'NONE', #3335, #2981 ) ;
#2050 = CYLINDRICAL_SURFACE ( 'NONE', #4736, 0.9999999999999692468 ) ;
#2051 = EDGE_CURVE ( 'NONE', #5252, #857, #4572, .T. ) ;
#2052 = LINE ( 'NONE', #3798, #3825 ) ;
#2053 = CARTESIAN_POINT ( 'NONE',  ( 2.970000000000000195, -3.047499999999999876, 0.6750000000000000444 ) ) ;
#2054 = LINE ( 'NONE', #5435, #2423 ) ;
#2055 = EDGE_LOOP ( 'NONE', ( #5625, #2444, #1088, #824 ) ) ;
#2056 = EDGE_CURVE ( 'NONE', #2576, #2425, #1707, .T. ) ;
#2057 = CIRCLE ( 'NONE', #4724, 0.1000000000000000472 ) ;
#2058 = ORIENTED_EDGE ( 'NONE', *, *, #3822, .F. ) ;
#2059 = AXIS2_PLACEMENT_3D ( 'NONE', #1034, #1008, #2353 ) ;
#2060 = EDGE_CURVE ( 'NONE', #3695, #1588, #3422, .T. ) ;
#2061 = ORIENTED_EDGE ( 'NONE', *, *, #2227, .F. ) ;
#2062 = CARTESIAN_POINT ( 'NONE',  ( -3.319999999999999840, 0.7672499999999999876, 1.899999999999999911 ) ) ;
#2063 =( BOUNDED_CURVE ( )  B_SPLINE_CURVE ( 3, ( #707, #2504, #1598, #1492 ),
 .UNSPECIFIED., .F., .F. ) 
 B_SPLINE_CURVE_WITH_KNOTS ( ( 4, 4 ),
 ( 3.161782995086749981, 4.017837714415520622 ),
 .UNSPECIFIED. ) 
 CURVE ( )  GEOMETRIC_REPRESENTATION_ITEM ( )  RATIONAL_B_SPLINE_CURVE ( ( 1.000000000000000000, 0.9398575445120239680, 0.9398575445120239680, 1.000000000000000000 ) ) 
 REPRESENTATION_ITEM ( '' )  );
#2064 = VERTEX_POINT ( 'NONE', #403 ) ;
#2065 = CIRCLE ( 'NONE', #4268, 0.1000000000000000056 ) ;
#2066 = DIRECTION ( 'NONE',  ( 0.000000000000000000, 1.000000000000000000, 0.000000000000000000 ) ) ;
#2067 = DIRECTION ( 'NONE',  ( -0.8164965809277140441, 0.4082482904639367916, 0.4082482904638133347 ) ) ;
#2068 = DIRECTION ( 'NONE',  ( -0.9931903090196375627, 0.000000000000000000, 0.1165032620550900261 ) ) ;
#2069 = FACE_OUTER_BOUND ( 'NONE', #1783, .T. ) ;
#2070 = DIRECTION ( 'NONE',  ( 0.000000000000000000, 0.000000000000000000, -1.000000000000000000 ) ) ;
#2071 = VERTEX_POINT ( 'NONE', #5184 ) ;
#2072 = DIRECTION ( 'NONE',  ( 1.000000000000000000, 1.821530803322649831E-16, 0.000000000000000000 ) ) ;
#2073 = VECTOR ( 'NONE', #406, 1000.000000000000000 ) ;
#2074 = LINE ( 'NONE', #2047, #5219 ) ;
#2075 = ORIENTED_EDGE ( 'NONE', *, *, #3996, .T. ) ;
#2076 = PLANE ( 'NONE',  #2611 ) ;
#2077 = FACE_OUTER_BOUND ( 'NONE', #5237, .T. ) ;
#2078 = AXIS2_PLACEMENT_3D ( 'NONE', #2953, #2199, #3070 ) ;
#2079 = ADVANCED_FACE ( 'NONE', ( #4254 ), #3449, .F. ) ;
#2080 = LINE ( 'NONE', #3019, #2092 ) ;
#2081 = ORIENTED_EDGE ( 'NONE', *, *, #5560, .T. ) ;
#2082 = PLANE ( 'NONE',  #2204 ) ;
#2083 = CYLINDRICAL_SURFACE ( 'NONE', #2152, 0.09999999999999982514 ) ;
#2084 = ORIENTED_EDGE ( 'NONE', *, *, #3760, .T. ) ;
#2085 = VECTOR ( 'NONE', #1778, 1000.000000000000000 ) ;
#2086 = VECTOR ( 'NONE', #1224, 1000.000000000000000 ) ;
#2087 = ADVANCED_FACE ( 'NONE', ( #2252 ), #3066, .T. ) ;
#2088 = ORIENTED_EDGE ( 'NONE', *, *, #149, .T. ) ;
#2089 = VECTOR ( 'NONE', #2257, 1000.000000000000000 ) ;
#2090 = VERTEX_POINT ( 'NONE', #1412 ) ;
#2091 = ORIENTED_EDGE ( 'NONE', *, *, #4358, .F. ) ;
#2092 = VECTOR ( 'NONE', #4788, 1000.000000000000000 ) ;
#2093 = DIRECTION ( 'NONE',  ( 0.000000000000000000, 0.000000000000000000, 1.000000000000000000 ) ) ;
#2094 = EDGE_CURVE ( 'NONE', #3179, #5109, #62, .T. ) ;
#2095 = VERTEX_POINT ( 'NONE', #466 ) ;
#2096 = CARTESIAN_POINT ( 'NONE',  ( -2.732499999999999929, 0.7672499999999999876, 0.000000000000000000 ) ) ;
#2097 = TOROIDAL_SURFACE ( 'NONE', #2195, 0.5217543599545274580, 0.05000000000000692085 ) ;
#2098 = CYLINDRICAL_SURFACE ( 'NONE', #2420, 0.3999999999999999667 ) ;
#2099 = DIRECTION ( 'NONE',  ( 4.823386660693620032E-16, -1.000000000000000000, 0.000000000000000000 ) ) ;
#2100 = DIRECTION ( 'NONE',  ( 0.000000000000000000, 0.000000000000000000, 1.000000000000000000 ) ) ;
#2101 = AXIS2_PLACEMENT_3D ( 'NONE', #3150, #3582, #3058 ) ;
#2102 = ORIENTED_EDGE ( 'NONE', *, *, #2308, .F. ) ;
#2103 = CARTESIAN_POINT ( 'NONE',  ( 3.372500000000000053, -0.09225000000000001255, -2.060000000000000053 ) ) ;
#2104 = CARTESIAN_POINT ( 'NONE',  ( 0.4525000000000009570, -0.1922499999999996156, 0.8629237369103525124 ) ) ;
#2105 = VERTEX_POINT ( 'NONE', #902 ) ;
#2106 = LINE ( 'NONE', #874, #2709 ) ;
#2107 = DIRECTION ( 'NONE',  ( 0.000000000000000000, 0.000000000000000000, -1.000000000000000000 ) ) ;
#2108 = CIRCLE ( 'NONE', #1371, 0.09999999999999982514 ) ;
#2109 = FACE_OUTER_BOUND ( 'NONE', #3777, .T. ) ;
#2110 = DIRECTION ( 'NONE',  ( -0.1157205707370564246, -0.1157205707370560221, -0.9865178655334022606 ) ) ;
#2111 = ORIENTED_EDGE ( 'NONE', *, *, #722, .F. ) ;
#2112 = CARTESIAN_POINT ( 'NONE',  ( 3.372500000000000053, -0.09225000000000001255, -2.060000000000000053 ) ) ;
#2113 = FACE_OUTER_BOUND ( 'NONE', #164, .T. ) ;
#2114 = ORIENTED_EDGE ( 'NONE', *, *, #1756, .F. ) ;
#2115 = EDGE_CURVE ( 'NONE', #4684, #5489, #553, .T. ) ;
#2116 = ORIENTED_EDGE ( 'NONE', *, *, #4954, .T. ) ;
#2117 = DIRECTION ( 'NONE',  ( -0.8164965809277263675, 0.4082482904638621846, 0.4082482904638631838 ) ) ;
#2118 = ORIENTED_EDGE ( 'NONE', *, *, #5357, .T. ) ;
#2119 = ORIENTED_EDGE ( 'NONE', *, *, #5400, .F. ) ;
#2120 = AXIS2_PLACEMENT_3D ( 'NONE', #1476, #850, #2653 ) ;
#2121 = EDGE_CURVE ( 'NONE', #1142, #1100, #4082, .T. ) ;
#2122 = AXIS2_PLACEMENT_3D ( 'NONE', #1043, #495, #64 ) ;
#2123 = CARTESIAN_POINT ( 'NONE',  ( -2.972040853876690480, -3.047497946582585548, 0.6750175053834688299 ) ) ;
#2124 = AXIS2_PLACEMENT_3D ( 'NONE', #2574, #1674, #5235 ) ;
#2125 = PRESENTATION_LAYER_ASSIGNMENT (  '', '', ( #2401 ) ) ;
#2126 = VECTOR ( 'NONE', #2649, 1000.000000000000227 ) ;
#2127 = VERTEX_POINT ( 'NONE', #3100 ) ;
#2128 = DIRECTION ( 'NONE',  ( 0.000000000000000000, -1.000000000000000000, 0.000000000000000000 ) ) ;
#2129 = DIRECTION ( 'NONE',  ( 1.000000000000000000, 5.421010862427522170E-16, 0.000000000000000000 ) ) ;
#2130 = DIRECTION ( 'NONE',  ( 0.000000000000000000, 0.000000000000000000, 1.000000000000000000 ) ) ;
#2131 = CARTESIAN_POINT ( 'NONE',  ( -2.866011742435759846, -0.1013778989213650061, -2.660000000000000142 ) ) ;
#2132 = CARTESIAN_POINT ( 'NONE',  ( -2.732499999999999929, 0.2322500000000000120, -0.3800000000000000044 ) ) ;
#2133 = ORIENTED_EDGE ( 'NONE', *, *, #3699, .F. ) ;
#2134 = PLANE ( 'NONE',  #2905 ) ;
#2135 = ORIENTED_EDGE ( 'NONE', *, *, #1975, .F. ) ;
#2136 = EDGE_CURVE ( 'NONE', #5183, #959, #1091, .T. ) ;
#2137 = CARTESIAN_POINT ( 'NONE',  ( 0.9524999999999959055, -0.1922500000000029186, -2.059999999999999165 ) ) ;
#2138 = CARTESIAN_POINT ( 'NONE',  ( 0.2251759213886054822, 0.4710134658122599460, 2.330000000000000071 ) ) ;
#2139 = CARTESIAN_POINT ( 'NONE',  ( -1.222500000000000142, 0.2322500000000000120, 0.3800000000000000044 ) ) ;
#2140 = ORIENTED_EDGE ( 'NONE', *, *, #5536, .F. ) ;
#2141 = DIRECTION ( 'NONE',  ( 0.000000000000000000, 0.000000000000000000, -1.000000000000000000 ) ) ;
#2142 = DIRECTION ( 'NONE',  ( 8.131516293641259589E-16, -1.000000000000000000, 0.000000000000000000 ) ) ;
#2143 = CARTESIAN_POINT ( 'NONE',  ( 3.872500000000000053, -0.7672499999999999876, -2.502499999999999947 ) ) ;
#2144 = AXIS2_PLACEMENT_3D ( 'NONE', #15, #914, #2651 ) ;
#2145 = ORIENTED_EDGE ( 'NONE', *, *, #4358, .T. ) ;
#2146 = LINE ( 'NONE', #1721, #1815 ) ;
#2147 = ADVANCED_FACE ( 'NONE', ( #1872 ), #493, .F. ) ;
#2148 = ORIENTED_EDGE ( 'NONE', *, *, #3760, .F. ) ;
#2149 = ORIENTED_EDGE ( 'NONE', *, *, #166, .F. ) ;
#2150 = AXIS2_PLACEMENT_3D ( 'NONE', #1205, #3904, #1607 ) ;
#2151 = CARTESIAN_POINT ( 'NONE',  ( 3.695609128038689573, -0.7672499999999999876, 0.6562182560773820450 ) ) ;
#2152 = AXIS2_PLACEMENT_3D ( 'NONE', #5375, #1434, #168 ) ;
#2153 = EDGE_CURVE ( 'NONE', #2803, #4373, #3158, .T. ) ;
#2154 = ADVANCED_FACE ( 'NONE', ( #4958 ), #1327, .T. ) ;
#2155 = EDGE_LOOP ( 'NONE', ( #3838, #3065, #2793, #3333 ) ) ;
#2156 = B_SPLINE_CURVE_WITH_KNOTS ( 'NONE', 3,
 ( #1701, #368, #3876, #3475, #2189, #1672 ),
 .UNSPECIFIED., .F., .F.,
 ( 4, 2, 4 ),
 ( 0.000000000000000000, 0.5000000000000000000, 1.000000000000000000 ),
 .UNSPECIFIED. ) ;
#2157 = DIRECTION ( 'NONE',  ( 1.000000000000000000, 8.458728014072149070E-45, 1.950449885808830322E-30 ) ) ;
#2158 = CARTESIAN_POINT ( 'NONE',  ( -3.270000000000000018, 2.749041206907624879, 0.6749999999999789502 ) ) ;
#2159 = CARTESIAN_POINT ( 'NONE',  ( -3.833333768778729667, 0.1521730769230759950, -2.660000000000000142 ) ) ;
#2160 =( NAMED_UNIT ( * ) PLANE_ANGLE_UNIT ( ) SI_UNIT ( $, .RADIAN. ) );
#2161 = DIRECTION ( 'NONE',  ( 1.000000000000000000, 3.050063254464720219E-16, 0.000000000000000000 ) ) ;
#2162 = LINE ( 'NONE', #2132, #1818 ) ;
#2163 = CIRCLE ( 'NONE', #5372, 0.2999999999999996003 ) ;
#2164 = EDGE_CURVE ( 'NONE', #5083, #3748, #3607, .T. ) ;
#2165 = EDGE_CURVE ( 'NONE', #3618, #2028, #4841, .T. ) ;
#2166 = ORIENTED_EDGE ( 'NONE', *, *, #1924, .T. ) ;
#2167 = CARTESIAN_POINT ( 'NONE',  ( 3.695609128038689573, -0.7672499999999999876, -0.8062182560773819562 ) ) ;
#2168 = DIRECTION ( 'NONE',  ( 0.000000000000000000, -1.000000000000000000, 0.000000000000000000 ) ) ;
#2169 = CARTESIAN_POINT ( 'NONE',  ( -0.3526862237599585059, 0.4989056601461590024, 2.380000000000000338 ) ) ;
#2170 = CARTESIAN_POINT ( 'NONE',  ( 0.4760296638738870101, -0.1922500000000000042, 0.4636163929784100080 ) ) ;
#2171 = VECTOR ( 'NONE', #3362, 1000.000000000000000 ) ;
#2172 = DIRECTION ( 'NONE',  ( 0.000000000000000000, 0.000000000000000000, 1.000000000000000000 ) ) ;
#2173 = DIRECTION ( 'NONE',  ( 0.000000000000000000, 0.000000000000000000, 1.000000000000000000 ) ) ;
#2174 = EDGE_LOOP ( 'NONE', ( #541, #4720, #3131, #1332, #4681 ) ) ;
#2175 = CARTESIAN_POINT ( 'NONE',  ( 0.8524999999999999245, -0.7672499999999999876, -2.060000000000000053 ) ) ;
#2176 = CARTESIAN_POINT ( 'NONE',  ( -4.120000000000000107, -0.7672499999999999876, -1.899999999999999911 ) ) ;
#2177 = CARTESIAN_POINT ( 'NONE',  ( -4.319792374265440493, -0.2322500000000000120, 0.000000000000000000 ) ) ;
#2178 = CARTESIAN_POINT ( 'NONE',  ( -3.319999999999999840, 0.7672499999999999876, 0.000000000000000000 ) ) ;
#2179 = ORIENTED_EDGE ( 'NONE', *, *, #4544, .T. ) ;
#2180 = DIRECTION ( 'NONE',  ( 0.000000000000000000, -1.000000000000000000, 0.000000000000000000 ) ) ;
#2181 = ORIENTED_EDGE ( 'NONE', *, *, #4983, .F. ) ;
#2182 = ORIENTED_EDGE ( 'NONE', *, *, #4251, .T. ) ;
#2183 = VECTOR ( 'NONE', #1244, 1000.000000000000114 ) ;
#2184 = PLANE ( 'NONE',  #3843 ) ;
#2185 = CIRCLE ( 'NONE', #4480, 0.1000000000000002554 ) ;
#2186 = ORIENTED_EDGE ( 'NONE', *, *, #5569, .T. ) ;
#2187 = DIRECTION ( 'NONE',  ( 0.000000000000000000, -1.000000000000000000, 0.000000000000000000 ) ) ;
#2188 = CARTESIAN_POINT ( 'NONE',  ( -3.414865336152355102, -0.3451191649770725123, 1.899999999999999911 ) ) ;
#2189 = CARTESIAN_POINT ( 'NONE',  ( 3.972500000000000142, -0.09225000000000001255, 2.004404444539205077 ) ) ;
#2190 = AXIS2_PLACEMENT_3D ( 'NONE', #4255, #3793, #1271 ) ;
#2191 = CYLINDRICAL_SURFACE ( 'NONE', #3312, 0.1000000000000000194 ) ;
#2192 = DIRECTION ( 'NONE',  ( -1.000000000000000000, 0.000000000000000000, 0.000000000000000000 ) ) ;
#2193 = EDGE_CURVE ( 'NONE', #1588, #1109, #2374, .T. ) ;
#2194 = AXIS2_PLACEMENT_3D ( 'NONE', #5584, #2922, #4783 ) ;
#2195 = AXIS2_PLACEMENT_3D ( 'NONE', #5382, #4522, #584 ) ;
#2196 = ORIENTED_EDGE ( 'NONE', *, *, #2392, .F. ) ;
#2197 = DIRECTION ( 'NONE',  ( 0.000000000000000000, 0.000000000000000000, 1.000000000000000000 ) ) ;
#2198 = CARTESIAN_POINT ( 'NONE',  ( 0.8524999999999999245, -0.7672499999999999876, 2.060000000000000053 ) ) ;
#2199 = DIRECTION ( 'NONE',  ( 0.000000000000000000, 0.000000000000000000, 1.000000000000000000 ) ) ;
#2200 = CIRCLE ( 'NONE', #2641, 0.1000000000000000472 ) ;
#2201 = EDGE_CURVE ( 'NONE', #1629, #1130, #2722, .T. ) ;
#2202 =( REPRESENTATION_RELATIONSHIP ('NONE','NONE', #1073, #5008 ) REPRESENTATION_RELATIONSHIP_WITH_TRANSFORMATION ( #3753 )SHAPE_REPRESENTATION_RELATIONSHIP( ) );
#2203 = LINE ( 'NONE', #409, #2183 ) ;
#2204 = AXIS2_PLACEMENT_3D ( 'NONE', #5134, #5596, #1654 ) ;
#2205 = ORIENTED_EDGE ( 'NONE', *, *, #3208, .F. ) ;
#2206 = CARTESIAN_POINT ( 'NONE',  ( 2.970000000000000195, -2.617931184094170138, 0.2812148343424689667 ) ) ;
#2207 = DIRECTION ( 'NONE',  ( 0.7923148865753546488, -1.445602896647293754E-15, 0.6101123835090406233 ) ) ;
#2208 = DIRECTION ( 'NONE',  ( 1.000000000000000000, 0.000000000000000000, 0.000000000000000000 ) ) ;
#2209 = CONTEXT_DEPENDENT_SHAPE_REPRESENTATION ( #3989, #1015 ) ;
#2210 = ORIENTED_EDGE ( 'NONE', *, *, #2968, .F. ) ;
#2211 = DIRECTION ( 'NONE',  ( 0.000000000000000000, 0.000000000000000000, -1.000000000000000000 ) ) ;
#2212 = ORIENTED_EDGE ( 'NONE', *, *, #4251, .F. ) ;
#2213 = ORIENTED_EDGE ( 'NONE', *, *, #5059, .T. ) ;
#2214 = COLOUR_RGB ( '',0.8313725490196077761, 0.8313725490196077761, 0.8313725490196077761 ) ;
#2215 = ORIENTED_EDGE ( 'NONE', *, *, #3090, .F. ) ;
#2216 = DIRECTION ( 'NONE',  ( 1.000000000000000000, 0.000000000000000000, 0.000000000000000000 ) ) ;
#2217 = CIRCLE ( 'NONE', #3768, 0.2999999999999999334 ) ;
#2218 = CYLINDRICAL_SURFACE ( 'NONE', #1137, 0.09999999999999999167 ) ;
#2219 = CARTESIAN_POINT ( 'NONE',  ( 3.372500000000000053, -0.1475286404500049942, -2.149442719099989851 ) ) ;
#2220 = LINE ( 'NONE', #5319, #3772 ) ;
#2221 = CARTESIAN_POINT ( 'NONE',  ( 0.6030176788913839125, -0.09552533357592760122, 2.380000000000000338 ) ) ;
#2222 = EDGE_CURVE ( 'NONE', #3458, #827, #1828, .T. ) ;
#2223 = AXIS2_PLACEMENT_3D ( 'NONE', #399, #835, #806 ) ;
#2224 = AXIS2_PLACEMENT_3D ( 'NONE', #5361, #1826, #943 ) ;
#2225 = VERTEX_POINT ( 'NONE', #2752 ) ;
#2226 = CARTESIAN_POINT ( 'NONE',  ( -3.903095123049499904, -0.008589285714289610421, -1.899999999999999911 ) ) ;
#2227 = EDGE_CURVE ( 'NONE', #2425, #1058, #4581, .T. ) ;
#2228 = DIRECTION ( 'NONE',  ( 0.000000000000000000, 0.000000000000000000, 1.000000000000000000 ) ) ;
#2229 = CARTESIAN_POINT ( 'NONE',  ( 0.2567365100197049887, 0.4546530281914880067, 2.330000000000000071 ) ) ;
#2230 = CARTESIAN_POINT ( 'NONE',  ( 4.852500000000000036, -0.09224999999999888844, -2.502499999999999947 ) ) ;
#2231 = ADVANCED_FACE ( 'NONE', ( #986 ), #2097, .F. ) ;
#2232 = CARTESIAN_POINT ( 'NONE',  ( 4.587102839788670394, -0.09224999999999888844, -1.899137606347724994 ) ) ;
#2233 = EDGE_LOOP ( 'NONE', ( #43, #567, #3330, #5168, #4411, #3677, #3493, #3488 ) ) ;
#2234 = B_SPLINE_CURVE_WITH_KNOTS ( 'NONE', 3,
 ( #1616, #5451, #210, #3256, #291, #1512, #1104, #3741, #1538, #2925, #2445, #2818, #4122, #2024, #617, #2397, #5127 ),
 .UNSPECIFIED., .F., .F.,
 ( 4, 2, 2, 2, 2, 1, 2, 2, 4 ),
 ( 0.000000000000000000, 0.1250000000000000000, 0.2500000000000000000, 0.3750000000000000000, 0.5000000000000000000, 0.6250000000000000000, 0.6875000000000000000, 0.7500000000000000000, 1.000000000000000000 ),
 .UNSPECIFIED. ) ;
#2235 = LINE ( 'NONE', #2343, #1340 ) ;
#2236 = EDGE_LOOP ( 'NONE', ( #2461, #1489, #5402, #1310 ) ) ;
#2237 = ORIENTED_EDGE ( 'NONE', *, *, #3939, .T. ) ;
#2238 = CARTESIAN_POINT ( 'NONE',  ( 3.372500000000000053, -0.1922500000000000042, 2.060000000000000053 ) ) ;
#2239 = EDGE_CURVE ( 'NONE', #1630, #552, #4392, .T. ) ;
#2240 = EDGE_LOOP ( 'NONE', ( #4364, #1021, #1314, #1368 ) ) ;
#2241 = VERTEX_POINT ( 'NONE', #5013 ) ;
#2242 = CIRCLE ( 'NONE', #2954, 0.09999999999999999167 ) ;
#2243 = ORIENTED_EDGE ( 'NONE', *, *, #4593, .T. ) ;
#2244 = FACE_OUTER_BOUND ( 'NONE', #2710, .T. ) ;
#2245 = VERTEX_POINT ( 'NONE', #2776 ) ;
#2246 = DIRECTION ( 'NONE',  ( -3.614007241618348771E-16, 1.000000000000000000, 0.000000000000000000 ) ) ;
#2247 = CARTESIAN_POINT ( 'NONE',  ( -3.770634082987819991, 0.3248361564241379895, 2.754999999999999893 ) ) ;
#2248 = CARTESIAN_POINT ( 'NONE',  ( 4.852500000000000036, -0.1922500000000000042, 2.044279695023479615 ) ) ;
#2249 = PLANE ( 'NONE',  #2999 ) ;
#2250 = VECTOR ( 'NONE', #4867, 1000.000000000000000 ) ;
#2251 = ORIENTED_EDGE ( 'NONE', *, *, #1041, .F. ) ;
#2252 = FACE_OUTER_BOUND ( 'NONE', #3944, .T. ) ;
#2253 = SURFACE_STYLE_FILL_AREA ( #494 ) ;
#2254 = CARTESIAN_POINT ( 'NONE',  ( -4.120000000000000107, 0.03274999999999959888, 2.660000000000000142 ) ) ;
#2255 = VECTOR ( 'NONE', #5354, 1000.000000000000000 ) ;
#2256 = DIRECTION ( 'NONE',  ( -7.228014483236700500E-16, 1.000000000000000000, 0.000000000000000000 ) ) ;
#2257 = DIRECTION ( 'NONE',  ( -1.000000000000000000, -5.139921410301649810E-16, 0.000000000000000000 ) ) ;
#2258 = EDGE_LOOP ( 'NONE', ( #5267, #2212, #2379, #2828 ) ) ;
#2259 = DIRECTION ( 'NONE',  ( 0.000000000000000000, 0.000000000000000000, 1.000000000000000000 ) ) ;
#2260 = DIRECTION ( 'NONE',  ( 0.000000000000000000, 0.000000000000000000, 1.000000000000000000 ) ) ;
#2261 = DIRECTION ( 'NONE',  ( -0.3333510335353310206, -0.8471196932672491187, -0.4138421362303846274 ) ) ;
#2262 = EDGE_CURVE ( 'NONE', #160, #2064, #1561, .T. ) ;
#2263 = EDGE_LOOP ( 'NONE', ( #5637, #1592, #4127 ) ) ;
#2264 = FACE_OUTER_BOUND ( 'NONE', #5228, .T. ) ;
#2265 = ORIENTED_EDGE ( 'NONE', *, *, #4509, .T. ) ;
#2266 = VECTOR ( 'NONE', #533, 1000.000000000000000 ) ;
#2267 = ORIENTED_EDGE ( 'NONE', *, *, #3018, .F. ) ;
#2268 = CYLINDRICAL_SURFACE ( 'NONE', #5419, 0.2999999999999999334 ) ;
#2269 = EDGE_CURVE ( 'NONE', #3934, #1656, #3287, .T. ) ;
#2270 = ORIENTED_EDGE ( 'NONE', *, *, #4408, .F. ) ;
#2271 = ORIENTED_EDGE ( 'NONE', *, *, #1030, .F. ) ;
#2272 = PLANE ( 'NONE',  #5004 ) ;
#2273 = LINE ( 'NONE', #3994, #2935 ) ;
#2274 = LINE ( 'NONE', #4462, #1257 ) ;
#2275 = EDGE_CURVE ( 'NONE', #220, #1784, #4295, .T. ) ;
#2276 = VECTOR ( 'NONE', #4477, 1000.000000000000000 ) ;
#2277 = VERTEX_POINT ( 'NONE', #4575 ) ;
#2278 = DIRECTION ( 'NONE',  ( 1.000000000000000000, 8.458728014072149070E-45, -1.950449885808830322E-30 ) ) ;
#2279 = AXIS2_PLACEMENT_3D ( 'NONE', #1468, #929, #4433 ) ;
#2280 = DIRECTION ( 'NONE',  ( 1.434407882641044107E-14, 1.000000000000000000, -1.434407882641182316E-14 ) ) ;
#2281 = LINE ( 'NONE', #90, #4671 ) ;
#2282 = PLANE ( 'NONE',  #4488 ) ;
#2283 = DIRECTION ( 'NONE',  ( -1.000000000000000000, -5.421010862427519212E-16, 0.000000000000000000 ) ) ;
#2284 = ORIENTED_EDGE ( 'NONE', *, *, #5107, .F. ) ;
#2285 = CARTESIAN_POINT ( 'NONE',  ( -3.414865336152359987, -0.3451191649770715131, -1.899999999999999911 ) ) ;
#2286 = DIRECTION ( 'NONE',  ( -0.9931903090196375627, 0.000000000000000000, 0.1165032620550900677 ) ) ;
#2287 = LINE ( 'NONE', #3141, #2415 ) ;
#2288 = ORIENTED_EDGE ( 'NONE', *, *, #2328, .T. ) ;
#2289 = CARTESIAN_POINT ( 'NONE',  ( -2.803133701591289828, 2.495677398353389975, 2.380000000000000338 ) ) ;
#2290 = ORIENTED_EDGE ( 'NONE', *, *, #357, .T. ) ;
#2291 = ORIENTED_EDGE ( 'NONE', *, *, #5636, .F. ) ;
#2292 = EDGE_CURVE ( 'NONE', #353, #1879, #144, .T. ) ;
#2293 = PRODUCT ( 'SQD50P06-15L_GE3', 'SQD50P06-15L_GE3', '', ( #117 ) ) ;
#2294 = ORIENTED_EDGE ( 'NONE', *, *, #5, .T. ) ;
#2295 = CARTESIAN_POINT ( 'NONE',  ( 0.4819120798423590091, -0.09225000000000001255, -0.3637895569954249786 ) ) ;
#2296 = ORIENTED_EDGE ( 'NONE', *, *, #2492, .T. ) ;
#2297 = CARTESIAN_POINT ( 'NONE',  ( 0.8175000000000000044, 2.495677398353389975, 2.079999999999999627 ) ) ;
#2298 = EDGE_CURVE ( 'NONE', #78, #4081, #4548, .T. ) ;
#2299 = AXIS2_PLACEMENT_3D ( 'NONE', #2613, #787, #4262 ) ;
#2300 = FACE_OUTER_BOUND ( 'NONE', #3177, .T. ) ;
#2301 = DIRECTION ( 'NONE',  ( 8.131516293641259589E-16, -1.000000000000000000, 0.000000000000000000 ) ) ;
#2302 = CARTESIAN_POINT ( 'NONE',  ( -3.414865336152359987, -0.3451191649770715131, -1.804999999999999938 ) ) ;
#2303 = ORIENTED_EDGE ( 'NONE', *, *, #625, .T. ) ;
#2304 = EDGE_CURVE ( 'NONE', #258, #3524, #1899, .T. ) ;
#2305 = SPHERICAL_SURFACE ( 'NONE', #4456, 0.3000000000000054290 ) ;
#2306 = CARTESIAN_POINT ( 'NONE',  ( 0.8524999999999999245, -0.1922500000000000042, -2.060000000000000053 ) ) ;
#2307 = VECTOR ( 'NONE', #4114, 1000.000000000000000 ) ;
#2308 = EDGE_CURVE ( 'NONE', #1949, #442, #4165, .T. ) ;
#2309 = DIRECTION ( 'NONE',  ( 0.000000000000000000, 0.000000000000000000, 1.000000000000000000 ) ) ;
#2310 = AXIS2_PLACEMENT_3D ( 'NONE', #2440, #257, #3759 ) ;
#2311 = AXIS2_PLACEMENT_3D ( 'NONE', #3896, #5660, #479 ) ;
#2312 = CARTESIAN_POINT ( 'NONE',  ( 3.872500000000000053, -0.7672499999999999876, -1.944279695023479970 ) ) ;
#2313 = ORIENTED_EDGE ( 'NONE', *, *, #5082, .T. ) ;
#2314 = CARTESIAN_POINT ( 'NONE',  ( -3.798064039089805721, 0.2699408224499639242, 2.660000000000000142 ) ) ;
#2315 = DIRECTION ( 'NONE',  ( -1.665837977425084795E-14, 8.131516293641032397E-15, 1.000000000000000000 ) ) ;
#2316 = DIRECTION ( 'NONE',  ( 0.000000000000000000, -1.000000000000000000, 0.000000000000000000 ) ) ;
#2317 = EDGE_LOOP ( 'NONE', ( #5615, #3211, #3837, #5371, #1898, #4790 ) ) ;
#2318 = VERTEX_POINT ( 'NONE', #203 ) ;
#2319 = ORIENTED_EDGE ( 'NONE', *, *, #3085, .T. ) ;
#2320 = ADVANCED_FACE ( 'NONE', ( #5091 ), #667, .T. ) ;
#2321 = ORIENTED_EDGE ( 'NONE', *, *, #3285, .T. ) ;
#2322 = DIRECTION ( 'NONE',  ( -1.000000000000000000, -3.383491205628860126E-44, -3.900899771617660644E-30 ) ) ;
#2323 = ORIENTED_EDGE ( 'NONE', *, *, #3159, .T. ) ;
#2324 = CARTESIAN_POINT ( 'NONE',  ( -2.855207625734559773, 0.2322500000000000120, -2.660000000000000142 ) ) ;
#2325 = DIRECTION ( 'NONE',  ( 0.000000000000000000, 1.000000000000000000, 0.000000000000000000 ) ) ;
#2326 = DIRECTION ( 'NONE',  ( -0.4082482904638643495, -0.8164965809277247022, 0.4082482904638643495 ) ) ;
#2327 = CARTESIAN_POINT ( 'NONE',  ( 0.5896696252873919741, -0.1510328723493460090, 2.380000000000000338 ) ) ;
#2328 = EDGE_CURVE ( 'NONE', #12, #3262, #1636, .T. ) ;
#2329 = EDGE_CURVE ( 'NONE', #1656, #4684, #2436, .T. ) ;
#2330 = CARTESIAN_POINT ( 'NONE',  ( 0.000000000000000000, -0.8249999999999999556, 0.7672499999999999876 ) ) ;
#2331 = ORIENTED_EDGE ( 'NONE', *, *, #2917, .T. ) ;
#2332 = DIRECTION ( 'NONE',  ( -1.000000000000000000, 0.000000000000000000, 0.000000000000000000 ) ) ;
#2333 = LINE ( 'NONE', #1530, #2781 ) ;
#2334 = LINE ( 'NONE', #4059, #2255 ) ;
#2335 = CARTESIAN_POINT ( 'NONE',  ( 3.972500000000000142, -0.09225000000000001255, 2.502499999999999947 ) ) ;
#2336 = ADVANCED_FACE ( 'NONE', ( #1120 ), #1932, .T. ) ;
#2337 = EDGE_CURVE ( 'NONE', #3207, #763, #1984, .T. ) ;
#2338 = CIRCLE ( 'NONE', #5369, 0.1000000000000002554 ) ;
#2339 = CARTESIAN_POINT ( 'NONE',  ( 0.4525000000000000133, -0.7672499999999999876, -0.8629237369103519573 ) ) ;
#2340 = CARTESIAN_POINT ( 'NONE',  ( 0.9525000000000000133, -0.1922500000000000042, -2.060000000000000053 ) ) ;
#2341 = VERTEX_POINT ( 'NONE', #3678 ) ;
#2342 = CARTESIAN_POINT ( 'NONE',  ( 4.952500000000000568, -0.1922500000000000042, -2.044279695023479615 ) ) ;
#2343 = CARTESIAN_POINT ( 'NONE',  ( -3.770634082987819991, 0.3248361564241389887, -2.754999999999999893 ) ) ;
#2344 = DIRECTION ( 'NONE',  ( 0.000000000000000000, 0.000000000000000000, 1.000000000000000000 ) ) ;
#2345 = EDGE_CURVE ( 'NONE', #2598, #3437, #2411, .T. ) ;
#2346 = DIRECTION ( 'NONE',  ( 0.000000000000000000, 0.000000000000000000, 1.000000000000000000 ) ) ;
#2347 = VERTEX_POINT ( 'NONE', #5497 ) ;
#2348 = ORIENTED_EDGE ( 'NONE', *, *, #3808, .T. ) ;
#2349 = VECTOR ( 'NONE', #1914, 1000.000000000000114 ) ;
#2350 = ORIENTED_EDGE ( 'NONE', *, *, #4408, .T. ) ;
#2351 =( LENGTH_UNIT ( ) NAMED_UNIT ( * ) SI_UNIT ( .MILLI., .METRE. ) );
#2352 = ORIENTED_EDGE ( 'NONE', *, *, #1063, .T. ) ;
#2353 = DIRECTION ( 'NONE',  ( 0.000000000000000000, 0.9587981127083872179, 0.2840883296913740974 ) ) ;
#2354 = DIRECTION ( 'NONE',  ( -5.482582837655000045E-16, 1.000000000000000000, 0.000000000000000000 ) ) ;
#2355 = CARTESIAN_POINT ( 'NONE',  ( 0.2625295485153654740, -0.5492081243723259121, 2.380000000000000338 ) ) ;
#2356 = ORIENTED_EDGE ( 'NONE', *, *, #469, .F. ) ;
#2357 = DIRECTION ( 'NONE',  ( -0.5220116514400391372, 0.5176389217158351430, 0.6779039625829831328 ) ) ;
#2358 = LINE ( 'NONE', #4523, #3708 ) ;
#2359 = DIRECTION ( 'NONE',  ( 7.228014483236700500E-16, -1.000000000000000000, 0.000000000000000000 ) ) ;
#2360 = CARTESIAN_POINT ( 'NONE',  ( 1.621824378740389381E-09, 0.6083569003343944903, 2.380000000000000338 ) ) ;
#2361 = EDGE_CURVE ( 'NONE', #2606, #4006, #5067, .T. ) ;
#2362 = CARTESIAN_POINT ( 'NONE',  ( 3.572500000000000231, -0.1922500000000000042, -1.959999999999999964 ) ) ;
#2363 = CIRCLE ( 'NONE', #3641, 0.09999999999999997780 ) ;
#2364 = CIRCLE ( 'NONE', #4758, 0.1000000000000000056 ) ;
#2365 = CARTESIAN_POINT ( 'NONE',  ( 3.372500000000000053, -0.09225000000000001255, 2.005142088675770484 ) ) ;
#2366 = DIRECTION ( 'NONE',  ( 1.000000000000000000, 0.000000000000000000, 0.000000000000000000 ) ) ;
#2367 = ORIENTED_EDGE ( 'NONE', *, *, #1063, .F. ) ;
#2368 = CARTESIAN_POINT ( 'NONE',  ( 0.8524999999999999245, -0.7672499999999999876, -0.8629237369103519573 ) ) ;
#2369 = DIRECTION ( 'NONE',  ( 0.000000000000000000, 0.000000000000000000, -1.000000000000000000 ) ) ;
#2370 = DIRECTION ( 'NONE',  ( 0.1157205707370569658, -0.1157205707370583675, -0.9865178655334018165 ) ) ;
#2371 = ADVANCED_FACE ( 'NONE', ( #692 ), #253, .T. ) ;
#2372 = CIRCLE ( 'NONE', #5679, 0.09999999999999982514 ) ;
#2373 = CARTESIAN_POINT ( 'NONE',  ( -3.414865336152359987, -0.3451191649770700143, -2.660000000000000142 ) ) ;
#2374 = CIRCLE ( 'NONE', #3654, 0.1000000000000002554 ) ;
#2375 = ORIENTED_EDGE ( 'NONE', *, *, #4451, .T. ) ;
#2376 = ORIENTED_EDGE ( 'NONE', *, *, #3915, .F. ) ;
#2377 = VECTOR ( 'NONE', #3247, 1000.000000000000227 ) ;
#2378 = VECTOR ( 'NONE', #1161, 1000.000000000000000 ) ;
#2379 = ORIENTED_EDGE ( 'NONE', *, *, #180, .T. ) ;
#2380 = EDGE_CURVE ( 'NONE', #39, #1055, #4189, .T. ) ;
#2381 = ORIENTED_EDGE ( 'NONE', *, *, #1415, .T. ) ;
#2382 = DIRECTION ( 'NONE',  ( 4.823386660693620032E-16, -1.000000000000000000, 0.000000000000000000 ) ) ;
#2383 = AXIS2_PLACEMENT_3D ( 'NONE', #363, #5201, #2624 ) ;
#2384 = CARTESIAN_POINT ( 'NONE',  ( 0.9525000000000000133, -0.7672499999999999876, -2.060000000000000053 ) ) ;
#2385 = EDGE_LOOP ( 'NONE', ( #2658, #2858, #1307, #5434 ) ) ;
#2386 = DIRECTION ( 'NONE',  ( 0.8856505754816621501, -0.4643522996055911012, 0.000000000000000000 ) ) ;
#2387 = CARTESIAN_POINT ( 'NONE',  ( -4.270000000000000462, 0.2322500000000000120, 2.660000000000000142 ) ) ;
#2388 = DIRECTION ( 'NONE',  ( 0.000000000000000000, 0.000000000000000000, -1.000000000000000000 ) ) ;
#2389 = DIRECTION ( 'NONE',  ( -1.000000000000000000, 0.000000000000000000, 0.000000000000000000 ) ) ;
#2390 =( GEOMETRIC_REPRESENTATION_CONTEXT ( 3 ) GLOBAL_UNCERTAINTY_ASSIGNED_CONTEXT ( ( #1134 ) ) GLOBAL_UNIT_ASSIGNED_CONTEXT ( ( #2583, #877, #1774 ) ) REPRESENTATION_CONTEXT ( 'NONE', 'WORKASPACE' ) );
#2391 = EDGE_CURVE ( 'NONE', #1544, #100, #1923, .T. ) ;
#2392 = EDGE_CURVE ( 'NONE', #4098, #4182, #3383, .T. ) ;
#2393 = DIRECTION ( 'NONE',  ( 1.821530803322649831E-16, -1.000000000000000000, 0.000000000000000000 ) ) ;
#2394 = DIRECTION ( 'NONE',  ( 0.000000000000000000, 0.000000000000000000, 1.000000000000000000 ) ) ;
#2395 = EDGE_LOOP ( 'NONE', ( #5337, #1884, #2133, #2901, #5275, #5571, #5136, #5203, #1239, #5029 ) ) ;
#2396 = LINE ( 'NONE', #4148, #4797 ) ;
#2397 = CARTESIAN_POINT ( 'NONE',  ( 0.5438907049387580184, -0.09225000000000001255, -0.3674417217703669913 ) ) ;
#2398 = VECTOR ( 'NONE', #1779, 1000.000000000000000 ) ;
#2399 = CARTESIAN_POINT ( 'NONE',  ( -4.319792374265440493, 0.2677499999999999880, -2.660000000000000142 ) ) ;
#2400 = AXIS2_PLACEMENT_3D ( 'NONE', #3816, #4717, #5694 ) ;
#2401 = STYLED_ITEM ( 'NONE', ( #2517 ), #759 ) ;
#2402 = ADVANCED_FACE ( 'NONE', ( #1204 ), #308, .T. ) ;
#2403 = EDGE_LOOP ( 'NONE', ( #2854, #2210, #5057, #186 ) ) ;
#2404 = ORIENTED_EDGE ( 'NONE', *, *, #4701, .F. ) ;
#2405 = EDGE_CURVE ( 'NONE', #4247, #5139, #4306, .T. ) ;
#2406 = ORIENTED_EDGE ( 'NONE', *, *, #3050, .F. ) ;
#2407 = ORIENTED_EDGE ( 'NONE', *, *, #5025, .F. ) ;
#2408 = DIRECTION ( 'NONE',  ( 1.000000000000000000, 0.000000000000000000, 0.000000000000000000 ) ) ;
#2409 = DIRECTION ( 'NONE',  ( 1.000000000000000000, 0.000000000000000000, 0.000000000000000000 ) ) ;
#2410 = VERTEX_POINT ( 'NONE', #4685 ) ;
#2411 = LINE ( 'NONE', #1472, #3373 ) ;
#2412 = DIRECTION ( 'NONE',  ( 0.000000000000000000, 1.000000000000000000, 0.000000000000000000 ) ) ;
#2413 = CARTESIAN_POINT ( 'NONE',  ( 0.3819120798423589758, -0.7672499999999999876, 0.3637895569954249786 ) ) ;
#2414 = FACE_OUTER_BOUND ( 'NONE', #1140, .T. ) ;
#2415 = VECTOR ( 'NONE', #2316, 1000.000000000000000 ) ;
#2416 = ORIENTED_EDGE ( 'NONE', *, *, #2060, .T. ) ;
#2417 = DIRECTION ( 'NONE',  ( 0.000000000000000000, 1.000000000000000000, 0.000000000000000000 ) ) ;
#2418 = CARTESIAN_POINT ( 'NONE',  ( 0.5217543599545370059, -0.06652548983598680077, 2.330000000000000071 ) ) ;
#2419 = EDGE_LOOP ( 'NONE', ( #4499, #3317, #892, #5283 ) ) ;
#2420 = AXIS2_PLACEMENT_3D ( 'NONE', #367, #2463, #2129 ) ;
#2421 = DIRECTION ( 'NONE',  ( 1.084202172485502067E-15, -1.000000000000000000, 0.000000000000000000 ) ) ;
#2422 = CYLINDRICAL_SURFACE ( 'NONE', #1894, 0.1000000000000000056 ) ;
#2423 = VECTOR ( 'NONE', #3239, 1000.000000000000000 ) ;
#2424 = DIRECTION ( 'NONE',  ( -5.421010862427520198E-16, 1.000000000000000000, 0.000000000000000000 ) ) ;
#2425 = VERTEX_POINT ( 'NONE', #771 ) ;
#2426 = ORIENTED_EDGE ( 'NONE', *, *, #79, .F. ) ;
#2427 = EDGE_CURVE ( 'NONE', #4064, #4539, #635, .T. ) ;
#2428 = ORIENTED_EDGE ( 'NONE', *, *, #1790, .F. ) ;
#2429 = VERTEX_POINT ( 'NONE', #831 ) ;
#2430 = CARTESIAN_POINT ( 'NONE',  ( 4.852500000000000036, -0.09224999999999888844, -2.044279695023479615 ) ) ;
#2431 = EDGE_CURVE ( 'NONE', #2867, #3695, #2826, .T. ) ;
#2432 = ADVANCED_FACE ( 'NONE', ( #366 ), #749, .T. ) ;
#2433 = DIRECTION ( 'NONE',  ( 0.000000000000000000, 0.000000000000000000, -1.000000000000000000 ) ) ;
#2434 = CIRCLE ( 'NONE', #4742, 0.1000000000000002554 ) ;
#2435 = ORIENTED_EDGE ( 'NONE', *, *, #4878, .T. ) ;
#2436 = LINE ( 'NONE', #5041, #1917 ) ;
#2437 = CARTESIAN_POINT ( 'NONE',  ( 3.872500000000000053, -0.4297500000000000209, 2.060000000000000053 ) ) ;
#2438 = CYLINDRICAL_SURFACE ( 'NONE', #3438, 0.1000000000000000472 ) ;
#2439 = CARTESIAN_POINT ( 'NONE',  ( -3.833333768778734996, 0.1521730769230765223, 0.000000000000000000 ) ) ;
#2440 = CARTESIAN_POINT ( 'NONE',  ( 3.572500000000004228, -0.1922500000000020304, 2.060000000000003162 ) ) ;
#2441 = ORIENTED_EDGE ( 'NONE', *, *, #4170, .T. ) ;
#2442 = FACE_OUTER_BOUND ( 'NONE', #1172, .T. ) ;
#2443 = DIRECTION ( 'NONE',  ( 0.000000000000000000, 0.000000000000000000, -1.000000000000000000 ) ) ;
#2444 = ORIENTED_EDGE ( 'NONE', *, *, #4798, .F. ) ;
#2445 = CARTESIAN_POINT ( 'NONE',  ( 0.7578266399742319415, -0.09225000000000001255, -0.4644391480734699762 ) ) ;
#2446 = LINE ( 'NONE', #758, #2790 ) ;
#2447 = CIRCLE ( 'NONE', #2279, 0.1000000000000002554 ) ;
#2448 = PRODUCT_DEFINITION_CONTEXT ( 'detailed design', #2011, 'design' ) ;
#2449 = PLANE ( 'NONE',  #5575 ) ;
#2450 = EDGE_LOOP ( 'NONE', ( #4028, #799, #2468, #4070 ) ) ;
#2451 =( NAMED_UNIT ( * ) SI_UNIT ( $, .STERADIAN. ) SOLID_ANGLE_UNIT ( ) );
#2452 = ORIENTED_EDGE ( 'NONE', *, *, #3319, .T. ) ;
#2453 = CIRCLE ( 'NONE', #438, 0.1000000000000000472 ) ;
#2454 = EDGE_CURVE ( 'NONE', #2771, #2721, #279, .T. ) ;
#2455 = EDGE_LOOP ( 'NONE', ( #3509, #770, #4704 ) ) ;
#2456 = EDGE_LOOP ( 'NONE', ( #2614, #1279, #1001, #3005 ) ) ;
#2457 = CARTESIAN_POINT ( 'NONE',  ( 2.970000000000000195, -2.847500000000000142, -1.490777987167568104E-16 ) ) ;
#2458 = APPLICATION_PROTOCOL_DEFINITION ( 'draft international standard', 'automotive_design', 1998, #2011 ) ;
#2459 = ADVANCED_FACE ( 'NONE', ( #3845 ), #5204, .T. ) ;
#2460 = AXIS2_PLACEMENT_3D ( 'NONE', #2932, #600, #298 ) ;
#2461 = ORIENTED_EDGE ( 'NONE', *, *, #4931, .F. ) ;
#2462 = CARTESIAN_POINT ( 'NONE',  ( 3.772499999999999964, -0.09225000000000001255, -1.860000000000000098 ) ) ;
#2463 = DIRECTION ( 'NONE',  ( 5.421010862427520198E-16, -1.000000000000000000, 0.000000000000000000 ) ) ;
#2464 = CARTESIAN_POINT ( 'NONE',  ( -4.952500000000000568, -0.3322500000000000453, 0.000000000000000000 ) ) ;
#2465 = DIRECTION ( 'NONE',  ( 1.000000000000000000, 4.497431234013940009E-16, 0.000000000000000000 ) ) ;
#2466 = LINE ( 'NONE', #4224, #195 ) ;
#2467 = EDGE_CURVE ( 'NONE', #2708, #3775, #5666, .T. ) ;
#2468 = ORIENTED_EDGE ( 'NONE', *, *, #1443, .F. ) ;
#2469 = DIRECTION ( 'NONE',  ( -1.000000000000000000, 0.000000000000000000, 0.000000000000000000 ) ) ;
#2470 = CARTESIAN_POINT ( 'NONE',  ( 0.4710134658122459572, -0.2251759213886254940, 2.330000000000000071 ) ) ;
#2471 = EDGE_LOOP ( 'NONE', ( #2552, #598, #5600, #3318 ) ) ;
#2472 = DIRECTION ( 'NONE',  ( 1.000000000000000000, 0.000000000000000000, 0.000000000000000000 ) ) ;
#2473 = CARTESIAN_POINT ( 'NONE',  ( 3.972500000000000142, -0.1922500000000000042, -2.060000000000000053 ) ) ;
#2474 = DIRECTION ( 'NONE',  ( 1.000000000000000000, 0.000000000000000000, 0.000000000000000000 ) ) ;
#2475 = EDGE_CURVE ( 'NONE', #2588, #5554, #801, .T. ) ;
#2476 = DIRECTION ( 'NONE',  ( 1.000000000000000000, 7.228014483236697541E-16, 0.000000000000000000 ) ) ;
#2477 = AXIS2_PLACEMENT_3D ( 'NONE', #4133, #603, #221 ) ;
#2478 = ORIENTED_EDGE ( 'NONE', *, *, #4835, .F. ) ;
#2479 = DIRECTION ( 'NONE',  ( 0.000000000000000000, 0.000000000000000000, 1.000000000000000000 ) ) ;
#2480 = ORIENTED_EDGE ( 'NONE', *, *, #4859, .T. ) ;
#2481 = APPLICATION_CONTEXT ( 'automotive_design' ) ;
#2482 = TOROIDAL_SURFACE ( 'NONE', #2570, 0.2000000000000013989, 0.09999999999999958922 ) ;
#2483 = ORIENTED_EDGE ( 'NONE', *, *, #1235, .F. ) ;
#2484 = ORIENTED_EDGE ( 'NONE', *, *, #5630, .T. ) ;
#2485 = CARTESIAN_POINT ( 'NONE',  ( -2.803133701591289828, -2.878590794297180011, 2.114950978616529920 ) ) ;
#2486 = ORIENTED_EDGE ( 'NONE', *, *, #1185, .F. ) ;
#2487 = CARTESIAN_POINT ( 'NONE',  ( 0.1876463634799820090, 0.5790205641327239583, 2.380000000000000338 ) ) ;
#2488 = CARTESIAN_POINT ( 'NONE',  ( 3.872500000000000053, -0.7672499999999999876, 2.502499999999999947 ) ) ;
#2489 = CARTESIAN_POINT ( 'NONE',  ( -2.855207625734559773, -0.2677499999999999880, 0.000000000000000000 ) ) ;
#2490 = DIRECTION ( 'NONE',  ( -0.3333510335353621623, -0.8471196932672543367, -0.4138421362303492113 ) ) ;
#2491 = LINE ( 'NONE', #4338, #5528 ) ;
#2492 = EDGE_CURVE ( 'NONE', #1058, #4636, #2734, .T. ) ;
#2493 = VECTOR ( 'NONE', #2975, 1000.000000000000000 ) ;
#2494 = ORIENTED_EDGE ( 'NONE', *, *, #5426, .F. ) ;
#2495 = CARTESIAN_POINT ( 'NONE',  ( 3.572500000000000231, -0.09225000000000001255, -1.860000000000000098 ) ) ;
#2496 = DIRECTION ( 'NONE',  ( -0.8233548815373527008, 0.5675268619621558486, 0.000000000000000000 ) ) ;
#2497 = ORIENTED_EDGE ( 'NONE', *, *, #659, .T. ) ;
#2498 = CARTESIAN_POINT ( 'NONE',  ( -0.5897157965750738917, 0.1509159562655240094, 2.380000000000000338 ) ) ;
#2499 = DIRECTION ( 'NONE',  ( -0.4082482904638434773, 0.8164965809278424969, -0.4082482904636497434 ) ) ;
#2500 = EDGE_CURVE ( 'NONE', #512, #2277, #5185, .T. ) ;
#2501 = EDGE_CURVE ( 'NONE', #4793, #1715, #817, .T. ) ;
#2502 = LINE ( 'NONE', #1275, #2820 ) ;
#2503 = ORIENTED_EDGE ( 'NONE', *, *, #286, .F. ) ;
#2504 = CARTESIAN_POINT ( 'NONE',  ( -3.062956411645898935, 3.047499999999997211, 0.6750000000000284661 ) ) ;
#2505 = LINE ( 'NONE', #4514, #1141 ) ;
#2506 = VERTEX_POINT ( 'NONE', #54 ) ;
#2507 = ADVANCED_FACE ( 'NONE', ( #460 ), #3935, .T. ) ;
#2508 = ORIENTED_EDGE ( 'NONE', *, *, #2269, .F. ) ;
#2509 = ORIENTED_EDGE ( 'NONE', *, *, #3949, .T. ) ;
#2510 = AXIS2_PLACEMENT_3D ( 'NONE', #733, #4232, #2609 ) ;
#2511 = CARTESIAN_POINT ( 'NONE',  ( 3.972500000000000142, -0.1475286404500031900, -2.591942719099989745 ) ) ;
#2512 = EDGE_LOOP ( 'NONE', ( #1057, #1543, #2061, #2205 ) ) ;
#2513 = AXIS2_PLACEMENT_3D ( 'NONE', #4150, #292, #1158 ) ;
#2514 = DIRECTION ( 'NONE',  ( -1.000000000000000000, -5.421010862427519212E-16, 0.000000000000000000 ) ) ;
#2515 = FACE_OUTER_BOUND ( 'NONE', #2701, .T. ) ;
#2516 = CARTESIAN_POINT ( 'NONE',  ( -4.852500000000000036, -0.6672500000000000098, 0.000000000000000000 ) ) ;
#2517 = PRESENTATION_STYLE_ASSIGNMENT (( #1207 ) ) ;
#2518 = DIRECTION ( 'NONE',  ( 5.421010862427520198E-16, -1.000000000000000000, 0.000000000000000000 ) ) ;
#2519 = DIRECTION ( 'NONE',  ( 0.4082482904638600196, -0.8164965809277270337, 0.4082482904638640164 ) ) ;
#2520 = ORIENTED_EDGE ( 'NONE', *, *, #5603, .F. ) ;
#2521 = CARTESIAN_POINT ( 'NONE',  ( 3.392026214587565036, -0.09225000000000001255, -1.957263992460124724 ) ) ;
#2522 = CIRCLE ( 'NONE', #2510, 0.2999999999999999889 ) ;
#2523 = ADVANCED_FACE ( 'NONE', ( #5693 ), #425, .T. ) ;
#2524 = FACE_OUTER_BOUND ( 'NONE', #3210, .T. ) ;
#2525 = ORIENTED_EDGE ( 'NONE', *, *, #5002, .T. ) ;
#2526 = FACE_OUTER_BOUND ( 'NONE', #192, .T. ) ;
#2527 = CARTESIAN_POINT ( 'NONE',  ( -3.770634082987814661, 0.3248361564241369903, -2.660000000000000142 ) ) ;
#2528 = CARTESIAN_POINT ( 'NONE',  ( -3.770634082987814661, 0.3248361564241369903, 1.804999999999999938 ) ) ;
#2529 = EDGE_CURVE ( 'NONE', #4449, #2506, #3666, .T. ) ;
#2530 = DIRECTION ( 'NONE',  ( -1.680513367352527455E-14, -1.653408313040389844E-14, -1.000000000000000000 ) ) ;
#2531 = ORIENTED_EDGE ( 'NONE', *, *, #1620, .T. ) ;
#2532 = CARTESIAN_POINT ( 'NONE',  ( 0.9525000000000000133, -0.09225000000000001255, -0.8629237369103519573 ) ) ;
#2533 = CYLINDRICAL_SURFACE ( 'NONE', #4543, 0.4000000000000000222 ) ;
#2534 = FACE_OUTER_BOUND ( 'NONE', #702, .T. ) ;
#2535 = AXIS2_PLACEMENT_3D ( 'NONE', #101, #3205, #5366 ) ;
#2536 = VERTEX_POINT ( 'NONE', #4428 ) ;
#2537 = DIRECTION ( 'NONE',  ( 0.000000000000000000, 0.000000000000000000, -1.000000000000000000 ) ) ;
#2538 = AXIS2_PLACEMENT_3D ( 'NONE', #1381, #59, #984 ) ;
#2539 = ORIENTED_EDGE ( 'NONE', *, *, #4760, .T. ) ;
#2540 = VERTEX_POINT ( 'NONE', #5258 ) ;
#2541 = VECTOR ( 'NONE', #207, 1000.000000000000000 ) ;
#2542 = EDGE_CURVE ( 'NONE', #161, #959, #5412, .T. ) ;
#2543 = ORIENTED_EDGE ( 'NONE', *, *, #3018, .T. ) ;
#2544 = DIRECTION ( 'NONE',  ( 0.000000000000000000, 1.000000000000000000, 0.000000000000000000 ) ) ;
#2545 = DIRECTION ( 'NONE',  ( 8.611386656002740130E-16, -1.000000000000000000, 0.000000000000000000 ) ) ;
#2546 = CARTESIAN_POINT ( 'NONE',  ( 0.8922178877729609603, -0.09225000000000001255, 0.6243382217118859101 ) ) ;
#2547 = FACE_OUTER_BOUND ( 'NONE', #3440, .T. ) ;
#2548 = COLOUR_RGB ( '',0.8313725490196077761, 0.8313725490196077761, 0.8313725490196077761 ) ;
#2549 = ORIENTED_EDGE ( 'NONE', *, *, #1680, .T. ) ;
#2550 = DIRECTION ( 'NONE',  ( 1.000000000000000000, 0.000000000000000000, 0.000000000000000000 ) ) ;
#2551 = DIRECTION ( 'NONE',  ( 4.517509052022940401E-16, -1.000000000000000000, 0.000000000000000000 ) ) ;
#2552 = ORIENTED_EDGE ( 'NONE', *, *, #612, .F. ) ;
#2553 = DIRECTION ( 'NONE',  ( 0.000000000000000000, -1.000000000000000000, 0.000000000000000000 ) ) ;
#2554 = DIRECTION ( 'NONE',  ( 1.000000000000000000, 0.000000000000000000, 0.000000000000000000 ) ) ;
#2555 = EDGE_CURVE ( 'NONE', #2588, #4941, #1278, .T. ) ;
#2556 = CARTESIAN_POINT ( 'NONE',  ( 2.902500000000000302, -0.1922500000000000042, 2.060000000000000053 ) ) ;
#2557 = CARTESIAN_POINT ( 'NONE',  ( 2.803133701591289828, -2.580633701591290130, 2.380000000000000338 ) ) ;
#2558 = ORIENTED_EDGE ( 'NONE', *, *, #116, .F. ) ;
#2559 = CARTESIAN_POINT ( 'NONE',  ( 3.972500000000000142, -0.1922500000000000042, 2.502499999999999947 ) ) ;
#2560 = CIRCLE ( 'NONE', #3022, 0.1000000000000000194 ) ;
#2561 = CYLINDRICAL_SURFACE ( 'NONE', #3337, 0.09999999999999982514 ) ;
#2562 = ORIENTED_EDGE ( 'NONE', *, *, #2492, .F. ) ;
#2563 = DIRECTION ( 'NONE',  ( -5.284080787928079298E-49, 9.747408595971459080E-34, 1.000000000000000000 ) ) ;
#2564 = VERTEX_POINT ( 'NONE', #544 ) ;
#2565 = ORIENTED_EDGE ( 'NONE', *, *, #3233, .T. ) ;
#2566 = CIRCLE ( 'NONE', #3309, 0.09999999999999982514 ) ;
#2567 = CARTESIAN_POINT ( 'NONE',  ( -4.120000000000000107, -0.7672499999999999876, -2.660000000000000142 ) ) ;
#2568 = EDGE_CURVE ( 'NONE', #511, #655, #1760, .T. ) ;
#2569 = ADVANCED_FACE ( 'NONE', ( #2244 ), #1376, .T. ) ;
#2570 = AXIS2_PLACEMENT_3D ( 'NONE', #867, #2604, #3063 ) ;
#2571 = AXIS2_PLACEMENT_3D ( 'NONE', #3272, #3354, #4578 ) ;
#2572 = ORIENTED_EDGE ( 'NONE', *, *, #1743, .F. ) ;
#2573 = LINE ( 'NONE', #5609, #3988 ) ;
#2574 = CARTESIAN_POINT ( 'NONE',  ( -4.852500000000000036, -0.3322500000000000453, 0.000000000000000000 ) ) ;
#2575 = PRODUCT_RELATED_PRODUCT_CATEGORY ( 'part', '', ( #505 ) ) ;
#2576 = VERTEX_POINT ( 'NONE', #1785 ) ;
#2577 = CARTESIAN_POINT ( 'NONE',  ( 3.372500000000000053, -0.09225000000000001255, -2.004404444539229946 ) ) ;
#2578 = CARTESIAN_POINT ( 'NONE',  ( 0.8524999999999999245, -0.7672499999999999876, -2.160000000000000142 ) ) ;
#2579 = CARTESIAN_POINT ( 'NONE',  ( -3.055000000000000160, -0.03275000000000140299, 0.000000000000000000 ) ) ;
#2580 = CARTESIAN_POINT ( 'NONE',  ( 4.852500000000000036, -0.5984999999999999210, -2.502499999999999947 ) ) ;
#2581 = APPLICATION_CONTEXT ( 'automotive_design' ) ;
#2582 = DIRECTION ( 'NONE',  ( 1.796807147387284915E-16, -1.000000000000000000, 2.107691668489494878E-17 ) ) ;
#2583 =( LENGTH_UNIT ( ) NAMED_UNIT ( * ) SI_UNIT ( .MILLI., .METRE. ) );
#2584 = ORIENTED_EDGE ( 'NONE', *, *, #581, .T. ) ;
#2585 = CARTESIAN_POINT ( 'NONE',  ( 3.270000000000000018, 2.749041206907615109, 0.6750000000000270228 ) ) ;
#2586 = ORIENTED_EDGE ( 'NONE', *, *, #2328, .F. ) ;
#2587 = DIRECTION ( 'NONE',  ( -1.000000000000000000, 0.000000000000000000, 0.000000000000000000 ) ) ;
#2588 = VERTEX_POINT ( 'NONE', #2295 ) ;
#2589 = DIRECTION ( 'NONE',  ( 5.421010862427530059E-16, -1.000000000000000000, 2.591781831399295236E-31 ) ) ;
#2590 = VERTEX_POINT ( 'NONE', #2686 ) ;
#2591 = EDGE_CURVE ( 'NONE', #4737, #2127, #3379, .T. ) ;
#2592 = ORIENTED_EDGE ( 'NONE', *, *, #4330, .F. ) ;
#2593 = ADVANCED_FACE ( 'NONE', ( #1432 ), #2599, .T. ) ;
#2594 = CIRCLE ( 'NONE', #2961, 0.1000000000000000472 ) ;
#2595 = LINE ( 'NONE', #422, #4124 ) ;
#2596 = MANIFOLD_SOLID_BREP ( 'NONE', #1164 ) ;
#2597 = AXIS2_PLACEMENT_3D ( 'NONE', #3023, #4821, #1220 ) ;
#2598 = VERTEX_POINT ( 'NONE', #575 ) ;
#2599 = CYLINDRICAL_SURFACE ( 'NONE', #3840, 0.1000000000000002554 ) ;
#2600 = EDGE_CURVE ( 'NONE', #5313, #81, #4868, .T. ) ;
#2601 = FACE_OUTER_BOUND ( 'NONE', #1065, .T. ) ;
#2602 = CARTESIAN_POINT ( 'NONE',  ( 0.9142824793932300409, -0.09225000000000001255, 0.6707759941766210376 ) ) ;
#2603 = DIRECTION ( 'NONE',  ( 0.000000000000000000, 0.2840883296913740419, -0.9587981127083872179 ) ) ;
#2604 = DIRECTION ( 'NONE',  ( 1.850848880827277065E-14, 1.000000000000000000, -1.850848880827304202E-14 ) ) ;
#2605 = CARTESIAN_POINT ( 'NONE',  ( 4.952500000000000568, -0.5984999999999999210, 2.502499999999999947 ) ) ;
#2606 = VERTEX_POINT ( 'NONE', #2053 ) ;
#2607 = DIRECTION ( 'NONE',  ( 0.000000000000000000, 0.000000000000000000, -1.000000000000000000 ) ) ;
#2608 = CARTESIAN_POINT ( 'NONE',  ( 4.952500000000000568, -0.09224999999999870803, -0.8062182560773819562 ) ) ;
#2609 = DIRECTION ( 'NONE',  ( 0.000000000000000000, 0.9848706617970867105, 0.1732910255361442831 ) ) ;
#2610 = DIRECTION ( 'NONE',  ( 1.000000000000000000, 4.497431234013940009E-16, 0.000000000000000000 ) ) ;
#2611 = AXIS2_PLACEMENT_3D ( 'NONE', #346, #3393, #4376 ) ;
#2612 = CARTESIAN_POINT ( 'NONE',  ( -4.852500000000000036, -0.2322500000000000120, 1.899999999999999911 ) ) ;
#2613 = CARTESIAN_POINT ( 'NONE',  ( -1.222500000000000142, 0.2322500000000000120, 0.000000000000000000 ) ) ;
#2614 = ORIENTED_EDGE ( 'NONE', *, *, #1072, .T. ) ;
#2615 = FACE_OUTER_BOUND ( 'NONE', #760, .T. ) ;
#2616 = DIRECTION ( 'NONE',  ( 0.3158179163250906529, 0.8555991741025008590, -0.4101330235462593565 ) ) ;
#2617 = DIRECTION ( 'NONE',  ( 0.000000000000000000, -1.000000000000000000, 0.000000000000000000 ) ) ;
#2618 = FACE_BOUND ( 'NONE', #5406, .T. ) ;
#2619 = ORIENTED_EDGE ( 'NONE', *, *, #4752, .T. ) ;
#2620 = CYLINDRICAL_SURFACE ( 'NONE', #3405, 0.7999999999999999334 ) ;
#2621 = EDGE_LOOP ( 'NONE', ( #5048, #2296, #671, #18, #5632, #1184 ) ) ;
#2622 = EDGE_LOOP ( 'NONE', ( #2058, #2452, #2036, #2182 ) ) ;
#2623 = CIRCLE ( 'NONE', #1165, 0.1000000000000000472 ) ;
#2624 = DIRECTION ( 'NONE',  ( -1.000000000000000000, -1.850848880827071330E-14, 2.461315296946697232E-31 ) ) ;
#2625 = EDGE_CURVE ( 'NONE', #3226, #2771, #165, .T. ) ;
#2626 = AXIS2_PLACEMENT_3D ( 'NONE', #3127, #490, #957 ) ;
#2627 = ORIENTED_EDGE ( 'NONE', *, *, #4683, .F. ) ;
#2628 = CARTESIAN_POINT ( 'NONE',  ( -3.319999999999999840, 0.7672499999999999876, 0.000000000000000000 ) ) ;
#2629 = CYLINDRICAL_SURFACE ( 'NONE', #4914, 0.09999999999999982514 ) ;
#2630 = DIRECTION ( 'NONE',  ( -1.522630520287684783E-45, 1.000000000000000000, 5.266420411231160515E-31 ) ) ;
#2631 = AXIS2_PLACEMENT_3D ( 'NONE', #701, #2443, #4199 ) ;
#2632 = CARTESIAN_POINT ( 'NONE',  ( 3.772499999999999964, -0.4297500000000000209, 2.060000000000000053 ) ) ;
#2633 = CYLINDRICAL_SURFACE ( 'NONE', #2995, 0.1000000000000000472 ) ;
#2634 = EDGE_CURVE ( 'NONE', #4213, #1992, #1366, .T. ) ;
#2635 = VECTOR ( 'NONE', #2859, 1000.000000000000000 ) ;
#2636 = EDGE_LOOP ( 'NONE', ( #2291, #4322, #5504, #3667, #3217, #5657 ) ) ;
#2637 = MANIFOLD_SOLID_BREP ( 'NONE', #3181 ) ;
#2638 = CARTESIAN_POINT ( 'NONE',  ( -4.952500000000000568, 0.7672499999999999876, -1.899999999999999911 ) ) ;
#2639 = DIRECTION ( 'NONE',  ( 0.000000000000000000, 0.000000000000000000, 1.000000000000000000 ) ) ;
#2640 = CARTESIAN_POINT ( 'NONE',  ( 3.572500000000000231, -0.1922500000000000042, -1.860000000000000098 ) ) ;
#2641 = AXIS2_PLACEMENT_3D ( 'NONE', #4877, #556, #935 ) ;
#2642 = VECTOR ( 'NONE', #2187, 1000.000000000000000 ) ;
#2643 = EDGE_CURVE ( 'NONE', #3142, #3867, #2063, .T. ) ;
#2644 = DIRECTION ( 'NONE',  ( 1.000000000000000000, 0.000000000000000000, 0.000000000000000000 ) ) ;
#2645 =( BOUNDED_CURVE ( )  B_SPLINE_CURVE ( 3, ( #2009, #3322, #5088, #1144 ),
 .UNSPECIFIED., .F., .F. ) 
 B_SPLINE_CURVE_WITH_KNOTS ( ( 4, 4 ),
 ( 2.426851046123669864, 3.121402312092850018 ),
 .UNSPECIFIED. ) 
 CURVE ( )  GEOMETRIC_REPRESENTATION_ITEM ( )  RATIONAL_B_SPLINE_CURVE ( ( 1.000000000000000000, 0.9602022700503900499, 0.9602022700503900499, 1.000000000000000000 ) ) 
 REPRESENTATION_ITEM ( '' )  );
#2646 = AXIS2_PLACEMENT_3D ( 'NONE', #950, #458, #2684 ) ;
#2647 = CARTESIAN_POINT ( 'NONE',  ( 4.787102839788669684, -0.09224999999999888844, -2.044279695023479615 ) ) ;
#2648 = ORIENTED_EDGE ( 'NONE', *, *, #677, .T. ) ;
#2649 = DIRECTION ( 'NONE',  ( 0.8233548815373527008, -0.5675268619621558486, 0.000000000000000000 ) ) ;
#2650 = CARTESIAN_POINT ( 'NONE',  ( 3.772499999999999964, -0.1922500000000000042, -2.060000000000000053 ) ) ;
#2651 = DIRECTION ( 'NONE',  ( 1.000000000000000000, 7.228014483236697541E-16, -7.228014483236697541E-16 ) ) ;
#2652 = MANIFOLD_SOLID_BREP ( 'NONE', #5671 ) ;
#2653 = DIRECTION ( 'NONE',  ( 1.000000000000000000, 0.000000000000000000, 0.000000000000000000 ) ) ;
#2654 = EDGE_CURVE ( 'NONE', #5060, #251, #1746, .T. ) ;
#2655 = DIRECTION ( 'NONE',  ( 0.000000000000000000, 0.000000000000000000, -1.000000000000000000 ) ) ;
#2656 = EDGE_LOOP ( 'NONE', ( #901, #2265, #2381, #4458 ) ) ;
#2657 = ORIENTED_EDGE ( 'NONE', *, *, #1389, .T. ) ;
#2658 = ORIENTED_EDGE ( 'NONE', *, *, #4010, .F. ) ;
#2659 = VECTOR ( 'NONE', #2354, 1000.000000000000000 ) ;
#2660 = ORIENTED_EDGE ( 'NONE', *, *, #3025, .T. ) ;
#2661 = CARTESIAN_POINT ( 'NONE',  ( 4.587102839788670394, -0.09224999999999888844, -1.844279695023479881 ) ) ;
#2662 = LINE ( 'NONE', #927, #3958 ) ;
#2663 = CARTESIAN_POINT ( 'NONE',  ( -3.833333768778729667, 0.1521730769230759950, 2.660000000000000142 ) ) ;
#2664 = PLANE ( 'NONE',  #162 ) ;
#2665 = TOROIDAL_SURFACE ( 'NONE', #1113, 0.4999999999999986122, 0.09999999999999874267 ) ;
#2666 = AXIS2_PLACEMENT_3D ( 'NONE', #1338, #2589, #3407 ) ;
#2667 = ORIENTED_EDGE ( 'NONE', *, *, #3428, .T. ) ;
#2668 = DIRECTION ( 'NONE',  ( 5.421010862427530059E-16, -1.000000000000000000, 0.000000000000000000 ) ) ;
#2669 = CARTESIAN_POINT ( 'NONE',  ( 0.9525000000000000133, -0.09225000000000001255, 2.060000000000000053 ) ) ;
#2670 = ADVANCED_FACE ( 'NONE', ( #1623 ), #2082, .F. ) ;
#2671 = DIRECTION ( 'NONE',  ( 0.000000000000000000, 0.000000000000000000, -1.000000000000000000 ) ) ;
#2672 = CARTESIAN_POINT ( 'NONE',  ( 4.731507284327899576, -0.09224999999999880518, -2.044279695023479615 ) ) ;
#2673 = ORIENTED_EDGE ( 'NONE', *, *, #2121, .F. ) ;
#2674 = DIRECTION ( 'NONE',  ( 1.000000000000000000, 7.095132279169309552E-46, 4.908078349610689784E-31 ) ) ;
#2675 = LINE ( 'NONE', #5362, #5291 ) ;
#2676 = EDGE_CURVE ( 'NONE', #5031, #5109, #5690, .T. ) ;
#2677 = CARTESIAN_POINT ( 'NONE',  ( -4.852500000000000036, -0.6672500000000000098, 2.660000000000000142 ) ) ;
#2678 = ADVANCED_FACE ( 'NONE', ( #1315 ), #2184, .F. ) ;
#2679 = ORIENTED_EDGE ( 'NONE', *, *, #2431, .T. ) ;
#2680 = DIRECTION ( 'NONE',  ( 0.000000000000000000, 1.000000000000000000, -3.564362208736594292E-16 ) ) ;
#2681 = ORIENTED_EDGE ( 'NONE', *, *, #2337, .F. ) ;
#2682 = VERTEX_POINT ( 'NONE', #2567 ) ;
#2683 = EDGE_CURVE ( 'NONE', #1544, #4200, #767, .T. ) ;
#2684 = DIRECTION ( 'NONE',  ( -8.223874256482640091E-16, 1.000000000000000000, 0.000000000000000000 ) ) ;
#2685 = ORIENTED_EDGE ( 'NONE', *, *, #3413, .T. ) ;
#2686 = CARTESIAN_POINT ( 'NONE',  ( 3.417221359549995174, -0.1922500000000000042, 2.149442719099989851 ) ) ;
#2687 = EDGE_LOOP ( 'NONE', ( #5583, #4270, #4663, #3176 ) ) ;
#2688 = CARTESIAN_POINT ( 'NONE',  ( 0.3819120798423589758, -0.7672499999999999876, 0.000000000000000000 ) ) ;
#2689 = CARTESIAN_POINT ( 'NONE',  ( 3.772499999999999964, -0.7672499999999999876, -1.959999999999999964 ) ) ;
#2690 = DIRECTION ( 'NONE',  ( 0.000000000000000000, 0.000000000000000000, 1.000000000000000000 ) ) ;
#2691 = LINE ( 'NONE', #4025, #3186 ) ;
#2692 = VECTOR ( 'NONE', #926, 1000.000000000000000 ) ;
#2693 = ORIENTED_EDGE ( 'NONE', *, *, #4728, .F. ) ;
#2694 = CARTESIAN_POINT ( 'NONE',  ( 4.852500000000000036, -0.1922500000000000042, 2.502499999999999947 ) ) ;
#2695 = CARTESIAN_POINT ( 'NONE',  ( 3.872500000000000053, -0.7672499999999999876, 0.000000000000000000 ) ) ;
#2696 = DIRECTION ( 'NONE',  ( 0.3158179163250977028, -0.8555991741024913111, 0.4101330235462737339 ) ) ;
#2697 = AXIS2_PLACEMENT_3D ( 'NONE', #668, #229, #1989 ) ;
#2698 = ADVANCED_FACE ( 'NONE', ( #3841 ), #744, .T. ) ;
#2699 = DIRECTION ( 'NONE',  ( 0.000000000000000000, 0.000000000000000000, 1.000000000000000000 ) ) ;
#2700 = CARTESIAN_POINT ( 'NONE',  ( 0.3819120798423585317, -0.1922500000000000042, -0.4629237369103519906 ) ) ;
#2701 = EDGE_LOOP ( 'NONE', ( #3199, #261, #4383, #5659 ) ) ;
#2702 = DIRECTION ( 'NONE',  ( -5.482582837655000045E-16, 1.000000000000000000, 0.000000000000000000 ) ) ;
#2703 = DIRECTION ( 'NONE',  ( -1.000000000000000000, 0.000000000000000000, -0.000000000000000000 ) ) ;
#2704 = DIRECTION ( 'NONE',  ( 1.000000000000000000, 0.000000000000000000, 0.000000000000000000 ) ) ;
#2705 = EDGE_CURVE ( 'NONE', #3606, #4908, #1758, .T. ) ;
#2706 = ORIENTED_EDGE ( 'NONE', *, *, #5350, .F. ) ;
#2707 = LINE ( 'NONE', #4533, #2276 ) ;
#2708 = VERTEX_POINT ( 'NONE', #1695 ) ;
#2709 = VECTOR ( 'NONE', #5269, 1000.000000000000000 ) ;
#2710 = EDGE_LOOP ( 'NONE', ( #5254, #5039, #1861, #4723 ) ) ;
#2711 = ORIENTED_EDGE ( 'NONE', *, *, #1497, .T. ) ;
#2712 = DIRECTION ( 'NONE',  ( 1.000000000000000000, 0.000000000000000000, 0.000000000000000000 ) ) ;
#2713 = ORIENTED_EDGE ( 'NONE', *, *, #5618, .F. ) ;
#2714 = CARTESIAN_POINT ( 'NONE',  ( -2.855207625734559773, -0.2677499999999999880, -2.754999999999999893 ) ) ;
#2715 = DIRECTION ( 'NONE',  ( 0.000000000000000000, 0.2840883296913740419, -0.9587981127083872179 ) ) ;
#2716 = CARTESIAN_POINT ( 'NONE',  ( -4.852500000000000036, -0.7672499999999999876, 0.000000000000000000 ) ) ;
#2717 = FACE_OUTER_BOUND ( 'NONE', #4743, .T. ) ;
#2718 = CIRCLE ( 'NONE', #2538, 0.2999999999999999334 ) ;
#2719 = ADVANCED_FACE ( 'NONE', ( #5141 ), #1288, .T. ) ;
#2720 = VECTOR ( 'NONE', #4041, 1000.000000000000000 ) ;
#2721 = VERTEX_POINT ( 'NONE', #4331 ) ;
#2722 = LINE ( 'NONE', #4902, #5311 ) ;
#2723 = AXIS2_PLACEMENT_3D ( 'NONE', #2578, #376, #3882 ) ;
#2724 = DIRECTION ( 'NONE',  ( -5.482582837655000045E-16, 1.000000000000000000, 0.000000000000000000 ) ) ;
#2725 = CIRCLE ( 'NONE', #1357, 0.1000000000000002554 ) ;
#2726 = CARTESIAN_POINT ( 'NONE',  ( 3.209024742360838012, -2.931524720261111217, 0.6872812601755825535 ) ) ;
#2727 = CARTESIAN_POINT ( 'NONE',  ( 4.606996134853929448, -0.09224999999999888844, -1.946648622085664915 ) ) ;
#2728 = VERTEX_POINT ( 'NONE', #2511 ) ;
#2729 = CARTESIAN_POINT ( 'NONE',  ( 3.872500000000000053, -0.1922500000000000042, -2.502499999999999947 ) ) ;
#2730 = CARTESIAN_POINT ( 'NONE',  ( 0.4819120798423595642, -0.1922499999999996434, 0.3637895569954258113 ) ) ;
#2731 = SPHERICAL_SURFACE ( 'NONE', #1688, 0.2999999999999860556 ) ;
#2732 = EDGE_CURVE ( 'NONE', #3748, #1798, #392, .T. ) ;
#2733 = EDGE_CURVE ( 'NONE', #4709, #1622, #2108, .T. ) ;
#2734 = CIRCLE ( 'NONE', #4587, 0.1000000000000000194 ) ;
#2735 = VERTEX_POINT ( 'NONE', #4361 ) ;
#2736 = CARTESIAN_POINT ( 'NONE',  ( 4.952500000000000568, -0.7672499999999999876, 0.000000000000000000 ) ) ;
#2737 = ORIENTED_EDGE ( 'NONE', *, *, #123, .T. ) ;
#2738 = VERTEX_POINT ( 'NONE', #4741 ) ;
#2739 = EDGE_CURVE ( 'NONE', #1272, #1058, #5321, .T. ) ;
#2740 = EDGE_CURVE ( 'NONE', #3897, #1798, #393, .T. ) ;
#2741 = ORIENTED_EDGE ( 'NONE', *, *, #3580, .F. ) ;
#2742 = CARTESIAN_POINT ( 'NONE',  ( 4.852500000000000036, -0.1922500000000000042, -2.044279695023479615 ) ) ;
#2743 = ORIENTED_EDGE ( 'NONE', *, *, #5503, .T. ) ;
#2744 = FACE_OUTER_BOUND ( 'NONE', #1653, .T. ) ;
#2745 = FACE_OUTER_BOUND ( 'NONE', #3410, .T. ) ;
#2746 = ADVANCED_FACE ( 'NONE', ( #859 ), #3380, .F. ) ;
#2747 = DIRECTION ( 'NONE',  ( -1.000000000000000000, -5.421010862427532031E-16, 0.000000000000000000 ) ) ;
#2748 = DIRECTION ( 'NONE',  ( 0.000000000000000000, -1.000000000000000000, 0.000000000000000000 ) ) ;
#2749 = DIRECTION ( 'NONE',  ( 0.000000000000000000, 0.000000000000000000, 1.000000000000000000 ) ) ;
#2750 = PRESENTATION_LAYER_ASSIGNMENT (  '', '', ( #3579 ) ) ;
#2751 = ORIENTED_EDGE ( 'NONE', *, *, #4407, .T. ) ;
#2752 = CARTESIAN_POINT ( 'NONE',  ( 3.972500000000000142, -0.1922500000000000042, 2.602500000000000036 ) ) ;
#2753 = CARTESIAN_POINT ( 'NONE',  ( 3.972500000000000142, -0.09225000000000001255, 0.000000000000000000 ) ) ;
#2754 = CARTESIAN_POINT ( 'NONE',  ( -0.08175576762295819200, 0.5172339252429389855, 2.330000000000000071 ) ) ;
#2755 = DIRECTION ( 'NONE',  ( 0.000000000000000000, 0.000000000000000000, 1.000000000000000000 ) ) ;
#2756 = CIRCLE ( 'NONE', #4318, 0.3000000000000000444 ) ;
#2757 = DIRECTION ( 'NONE',  ( 1.000000000000000000, 0.000000000000000000, 0.000000000000000000 ) ) ;
#2758 = AXIS2_PLACEMENT_3D ( 'NONE', #3587, #3095, #1896 ) ;
#2759 = CARTESIAN_POINT ( 'NONE',  ( 3.249390871961309823, -0.7672499999999999876, 0.000000000000000000 ) ) ;
#2760 = ORIENTED_EDGE ( 'NONE', *, *, #4954, .F. ) ;
#2761 = DIRECTION ( 'NONE',  ( -0.1157205707370564246, 0.1157205707370560221, 0.9865178655334022606 ) ) ;
#2762 = LINE ( 'NONE', #4910, #1988 ) ;
#2763 = CARTESIAN_POINT ( 'NONE',  ( 4.852500000000000036, -0.1922500000000000042, -2.602500000000000036 ) ) ;
#2764 = EDGE_LOOP ( 'NONE', ( #3167, #3157, #1679 ) ) ;
#2765 = ORIENTED_EDGE ( 'NONE', *, *, #4267, .T. ) ;
#2766 = CIRCLE ( 'NONE', #1503, 0.1000000000000002554 ) ;
#2767 = EDGE_CURVE ( 'NONE', #4782, #2728, #1465, .T. ) ;
#2768 = EDGE_CURVE ( 'NONE', #2606, #258, #2595, .T. ) ;
#2769 = ORIENTED_EDGE ( 'NONE', *, *, #357, .F. ) ;
#2770 = FILL_AREA_STYLE ('',( #1462 ) ) ;
#2771 = VERTEX_POINT ( 'NONE', #1227 ) ;
#2772 = DIRECTION ( 'NONE',  ( 1.000000000000000000, 0.000000000000000000, 0.000000000000000000 ) ) ;
#2773 = CARTESIAN_POINT ( 'NONE',  ( 4.787102839788669684, -0.09224999999999888844, 2.044279695023479615 ) ) ;
#2774 = LINE ( 'NONE', #3096, #243 ) ;
#2775 = ORIENTED_EDGE ( 'NONE', *, *, #1316, .F. ) ;
#2776 = CARTESIAN_POINT ( 'NONE',  ( 2.803133701591289828, 2.625354187302469722, 2.350525286078505083 ) ) ;
#2777 = FACE_OUTER_BOUND ( 'NONE', #4154, .T. ) ;
#2778 = LINE ( 'NONE', #255, #1145 ) ;
#2779 = DIRECTION ( 'NONE',  ( 1.000000000000000000, 2.838052911667725065E-45, -9.816156699221390077E-31 ) ) ;
#2780 = FACE_OUTER_BOUND ( 'NONE', #196, .T. ) ;
#2781 = VECTOR ( 'NONE', #5092, 1000.000000000000000 ) ;
#2782 = VECTOR ( 'NONE', #1624, 1000.000000000000000 ) ;
#2783 = LINE ( 'NONE', #4198, #998 ) ;
#2784 = LINE ( 'NONE', #4553, #1632 ) ;
#2785 = ORIENTED_EDGE ( 'NONE', *, *, #496, .T. ) ;
#2786 = CARTESIAN_POINT ( 'NONE',  ( 0.9525000000000000133, -0.1475286404500041892, -2.149442719099989851 ) ) ;
#2787 = PLANE ( 'NONE',  #5566 ) ;
#2788 = DIRECTION ( 'NONE',  ( -1.000000000000000000, -2.114682003518040105E-43, 9.752249429044150210E-30 ) ) ;
#2789 = EDGE_CURVE ( 'NONE', #3086, #1603, #798, .T. ) ;
#2790 = VECTOR ( 'NONE', #1187, 1000.000000000000000 ) ;
#2791 = DIRECTION ( 'NONE',  ( -0.000000000000000000, -3.564362208736594785E-16, -1.000000000000000000 ) ) ;
#2792 = ORIENTED_EDGE ( 'NONE', *, *, #1944, .T. ) ;
#2793 = ORIENTED_EDGE ( 'NONE', *, *, #2591, .T. ) ;
#2794 = VECTOR ( 'NONE', #1050, 1000.000000000000000 ) ;
#2795 = ORIENTED_EDGE ( 'NONE', *, *, #4692, .T. ) ;
#2796 = ADVANCED_FACE ( 'NONE', ( #3439 ), #1188, .T. ) ;
#2797 = ORIENTED_EDGE ( 'NONE', *, *, #5208, .F. ) ;
#2798 = CARTESIAN_POINT ( 'NONE',  ( -3.798064039089805721, 0.2699408224499639242, 1.899999999999999911 ) ) ;
#2799 = CYLINDRICAL_SURFACE ( 'NONE', #2477, 0.1000000000000002554 ) ;
#2800 = CARTESIAN_POINT ( 'NONE',  ( -0.5217543599545370059, 0.000000000000000000, 2.380000000000000338 ) ) ;
#2801 = ADVANCED_FACE ( 'NONE', ( #4303 ), #1002, .T. ) ;
#2802 = DIRECTION ( 'NONE',  ( 1.000000000000000000, 0.000000000000000000, 0.000000000000000000 ) ) ;
#2803 = VERTEX_POINT ( 'NONE', #922 ) ;
#2804 = CARTESIAN_POINT ( 'NONE',  ( -3.101090794297179709, 1.523749999999999938, 2.114950978616529920 ) ) ;
#2805 = DIRECTION ( 'NONE',  ( 0.000000000000000000, 0.000000000000000000, 1.000000000000000000 ) ) ;
#2806 = LINE ( 'NONE', #2387, #1976 ) ;
#2807 = CARTESIAN_POINT ( 'NONE',  ( -3.414865336152355102, -0.3451191649770725123, 1.804999999999999938 ) ) ;
#2808 = DIRECTION ( 'NONE',  ( 0.000000000000000000, 0.000000000000000000, -1.000000000000000000 ) ) ;
#2809 = AXIS2_PLACEMENT_3D ( 'NONE', #3433, #3892, #3024 ) ;
#2810 = EDGE_CURVE ( 'NONE', #1757, #5229, #3986, .T. ) ;
#2811 = ADVANCED_FACE ( 'NONE', ( #4893 ), #976, .T. ) ;
#2812 = VECTOR ( 'NONE', #2346, 1000.000000000000000 ) ;
#2813 = AXIS2_PLACEMENT_3D ( 'NONE', #2800, #3346, #4161 ) ;
#2814 = CARTESIAN_POINT ( 'NONE',  ( -1.222500000000000142, -0.2322500000000000120, 1.899999999999999911 ) ) ;
#2815 = DIRECTION ( 'NONE',  ( 0.000000000000000000, 0.000000000000000000, 1.000000000000000000 ) ) ;
#2816 = VERTEX_POINT ( 'NONE', #4454 ) ;
#2817 = CARTESIAN_POINT ( 'NONE',  ( -2.866011742435759846, -0.1013778989213650061, -1.804999999999999938 ) ) ;
#2818 = CARTESIAN_POINT ( 'NONE',  ( 0.7165384061829219720, -0.09225000000000001255, -0.4380018747398845003 ) ) ;
#2819 = DIRECTION ( 'NONE',  ( 0.000000000000000000, 0.000000000000000000, 1.000000000000000000 ) ) ;
#2820 = VECTOR ( 'NONE', #322, 1000.000000000000000 ) ;
#2821 = ADVANCED_FACE ( 'NONE', ( #514 ), #2268, .T. ) ;
#2822 = CARTESIAN_POINT ( 'NONE',  ( 3.545609128038689661, -0.7672499999999999876, -0.6562182560773820450 ) ) ;
#2823 = VECTOR ( 'NONE', #5325, 1000.000000000000000 ) ;
#2824 = ORIENTED_EDGE ( 'NONE', *, *, #2454, .T. ) ;
#2825 = EDGE_LOOP ( 'NONE', ( #5365, #5543, #175, #5166, #2352, #595 ) ) ;
#2826 = CIRCLE ( 'NONE', #5593, 0.09999999999999982514 ) ;
#2827 = ORIENTED_EDGE ( 'NONE', *, *, #4679, .F. ) ;
#2828 = ORIENTED_EDGE ( 'NONE', *, *, #4056, .T. ) ;
#2829 = FACE_OUTER_BOUND ( 'NONE', #4013, .T. ) ;
#2830 = VECTOR ( 'NONE', #4280, 1000.000000000000227 ) ;
#2831 = DIRECTION ( 'NONE',  ( 0.000000000000000000, 0.000000000000000000, -1.000000000000000000 ) ) ;
#2832 = CARTESIAN_POINT ( 'NONE',  ( 2.803133701591289828, 2.495677398353389975, 2.079999999999999627 ) ) ;
#2833 = VERTEX_POINT ( 'NONE', #4271 ) ;
#2834 = DIRECTION ( 'NONE',  ( 1.000000000000000000, 0.000000000000000000, 0.000000000000000000 ) ) ;
#2835 = LINE ( 'NONE', #639, #506 ) ;
#2836 = DIRECTION ( 'NONE',  ( 0.000000000000000000, 1.000000000000000000, 0.000000000000000000 ) ) ;
#2837 = CARTESIAN_POINT ( 'NONE',  ( -2.803133701591289828, 2.495677398353389975, 2.079999999999999627 ) ) ;
#2838 = ORIENTED_EDGE ( 'NONE', *, *, #1790, .T. ) ;
#2839 = CARTESIAN_POINT ( 'NONE',  ( 3.872500000000000053, -0.7672499999999999876, -2.060000000000000053 ) ) ;
#2840 = EDGE_CURVE ( 'NONE', #3991, #134, #182, .T. ) ;
#2841 = PLANE ( 'NONE',  #1264 ) ;
#2842 = ORIENTED_EDGE ( 'NONE', *, *, #4267, .F. ) ;
#2843 = CARTESIAN_POINT ( 'NONE',  ( -4.319792374265440493, -0.2322500000000000120, -1.899999999999999911 ) ) ;
#2844 = TOROIDAL_SURFACE ( 'NONE', #1110, 0.5217543599545274580, 0.05000000000000692085 ) ;
#2845 = VECTOR ( 'NONE', #2610, 1000.000000000000000 ) ;
#2846 = VECTOR ( 'NONE', #1294, 1000.000000000000000 ) ;
#2847 = VECTOR ( 'NONE', #2702, 1000.000000000000000 ) ;
#2848 = UNCERTAINTY_MEASURE_WITH_UNIT (LENGTH_MEASURE( 1.000000000000000082E-05 ), #5494, 'distance_accuracy_value', 'NONE');
#2849 = EDGE_CURVE ( 'NONE', #5449, #2883, #1324, .T. ) ;
#2850 = EDGE_CURVE ( 'NONE', #1737, #334, #3381, .T. ) ;
#2851 = EDGE_LOOP ( 'NONE', ( #4147, #5483, #4357, #2091 ) ) ;
#2852 = VERTEX_POINT ( 'NONE', #776 ) ;
#2853 = ORIENTED_EDGE ( 'NONE', *, *, #3403, .T. ) ;
#2854 = ORIENTED_EDGE ( 'NONE', *, *, #784, .F. ) ;
#2855 = DIRECTION ( 'NONE',  ( -1.000000000000000000, 0.000000000000000000, 0.000000000000000000 ) ) ;
#2856 = DIRECTION ( 'NONE',  ( -1.000000000000000000, -4.497431234013940009E-16, 0.000000000000000000 ) ) ;
#2857 = APPLICATION_PROTOCOL_DEFINITION ( 'draft international standard', 'automotive_design', 1998, #2481 ) ;
#2858 = ORIENTED_EDGE ( 'NONE', *, *, #3770, .T. ) ;
#2859 = DIRECTION ( 'NONE',  ( 0.000000000000000000, 0.2840883296913740419, -0.9587981127083872179 ) ) ;
#2860 = LINE ( 'NONE', #2437, #1325 ) ;
#2861 = DIRECTION ( 'NONE',  ( 0.000000000000000000, 0.000000000000000000, -1.000000000000000000 ) ) ;
#2862 = CARTESIAN_POINT ( 'NONE',  ( -0.5217543599545370059, -6.389648068594999981E-17, 2.330000000000000071 ) ) ;
#2863 = DIRECTION ( 'NONE',  ( 0.000000000000000000, 1.000000000000000000, 0.000000000000000000 ) ) ;
#2864 = ORIENTED_EDGE ( 'NONE', *, *, #1285, .F. ) ;
#2865 = LINE ( 'NONE', #4992, #3093 ) ;
#2866 = CARTESIAN_POINT ( 'NONE',  ( -3.414865336152359987, -0.3451191649770715131, -2.660000000000000142 ) ) ;
#2867 = VERTEX_POINT ( 'NONE', #3507 ) ;
#2868 = VECTOR ( 'NONE', #4334, 1000.000000000000000 ) ;
#2869 = CARTESIAN_POINT ( 'NONE',  ( -3.242815959658425395, 0.04809771563645280634, 1.804999999999999938 ) ) ;
#2870 = DIRECTION ( 'NONE',  ( 0.000000000000000000, 0.000000000000000000, -1.000000000000000000 ) ) ;
#2871 = ADVANCED_FACE ( 'NONE', ( #400 ), #2633, .T. ) ;
#2872 = CIRCLE ( 'NONE', #405, 0.09999999999999982514 ) ;
#2873 = ORIENTED_EDGE ( 'NONE', *, *, #3835, .T. ) ;
#2874 = ORIENTED_EDGE ( 'NONE', *, *, #2529, .T. ) ;
#2875 = VECTOR ( 'NONE', #5069, 1000.000000000000000 ) ;
#2876 = EDGE_CURVE ( 'NONE', #4894, #3226, #2162, .T. ) ;
#2877 = VERTEX_POINT ( 'NONE', #5150 ) ;
#2878 = ORIENTED_EDGE ( 'NONE', *, *, #3727, .F. ) ;
#2879 = LINE ( 'NONE', #4160, #5152 ) ;
#2880 = CARTESIAN_POINT ( 'NONE',  ( 3.772499999999999964, -0.7672499999999999876, 1.959999999999999964 ) ) ;
#2881 = EDGE_CURVE ( 'NONE', #5598, #827, #3733, .T. ) ;
#2882 = AXIS2_PLACEMENT_3D ( 'NONE', #5101, #237, #1131 ) ;
#2883 = VERTEX_POINT ( 'NONE', #5612 ) ;
#2884 = DIRECTION ( 'NONE',  ( -0.3333510335353770393, 0.8471196932672486746, 0.4138421362303485451 ) ) ;
#2885 = DIRECTION ( 'NONE',  ( 8.673617379883101461E-14, 0.7071067811865273667, -0.7071067811865677788 ) ) ;
#2886 = CARTESIAN_POINT ( 'NONE',  ( 3.883057280900009900, -0.1475286404500035786, -2.502499999999999947 ) ) ;
#2887 = DIRECTION ( 'NONE',  ( 0.000000000000000000, 0.000000000000000000, 1.000000000000000000 ) ) ;
#2888 = DIRECTION ( 'NONE',  ( 0.000000000000000000, 0.000000000000000000, -1.000000000000000000 ) ) ;
#2889 = EDGE_CURVE ( 'NONE', #4419, #517, #3277, .T. ) ;
#2890 = ORIENTED_EDGE ( 'NONE', *, *, #4616, .F. ) ;
#2891 = DIRECTION ( 'NONE',  ( 0.000000000000000000, -1.000000000000000000, 0.000000000000000000 ) ) ;
#2892 = CARTESIAN_POINT ( 'NONE',  ( -4.952500000000000568, 0.7672499999999999876, 1.899999999999999911 ) ) ;
#2893 = ORIENTED_EDGE ( 'NONE', *, *, #2005, .T. ) ;
#2894 = AXIS2_PLACEMENT_3D ( 'NONE', #3862, #387, #1365 ) ;
#2895 = CARTESIAN_POINT ( 'NONE',  ( 3.472499999999999698, -0.1922500000000000042, 1.959999999999999964 ) ) ;
#2896 = AXIS2_PLACEMENT_3D ( 'NONE', #1859, #4012, #3634 ) ;
#2897 = VECTOR ( 'NONE', #1911, 1000.000000000000000 ) ;
#2898 = DIRECTION ( 'NONE',  ( -1.000000000000000000, -1.084202172485501673E-15, 0.000000000000000000 ) ) ;
#2899 = ORIENTED_EDGE ( 'NONE', *, *, #4437, .T. ) ;
#2900 = DIRECTION ( 'NONE',  ( -1.000000000000000000, -8.131516293641262547E-16, 0.000000000000000000 ) ) ;
#2901 = ORIENTED_EDGE ( 'NONE', *, *, #873, .F. ) ;
#2902 = EDGE_CURVE ( 'NONE', #822, #3526, #3879, .T. ) ;
#2903 = VECTOR ( 'NONE', #5391, 1000.000000000000000 ) ;
#2904 = VECTOR ( 'NONE', #2469, 1000.000000000000000 ) ;
#2905 = AXIS2_PLACEMENT_3D ( 'NONE', #5124, #2197, #2550 ) ;
#2906 = ORIENTED_EDGE ( 'NONE', *, *, #796, .T. ) ;
#2907 = ORIENTED_EDGE ( 'NONE', *, *, #350, .T. ) ;
#2908 = EDGE_CURVE ( 'NONE', #3748, #78, #4749, .T. ) ;
#2909 = AXIS2_PLACEMENT_3D ( 'NONE', #4549, #5355, #4495 ) ;
#2910 = AXIS2_PLACEMENT_3D ( 'NONE', #1699, #5606, #5547 ) ;
#2911 = CARTESIAN_POINT ( 'NONE',  ( -0.6083569003329799552, 7.450223307319891365E-17, 2.380000000000000338 ) ) ;
#2912 = AXIS2_PLACEMENT_3D ( 'NONE', #2742, #2322, #137 ) ;
#2913 = ORIENTED_EDGE ( 'NONE', *, *, #1342, .T. ) ;
#2914 = CARTESIAN_POINT ( 'NONE',  ( 3.545609128038689661, -0.09225000000000001255, 0.6562182560773820450 ) ) ;
#2915 = ADVANCED_FACE ( 'NONE', ( #1296 ), #4400, .T. ) ;
#2916 = CARTESIAN_POINT ( 'NONE',  ( 0.9525000000000000133, -0.1922500000000000042, -0.8629237369103519573 ) ) ;
#2917 = EDGE_CURVE ( 'NONE', #2071, #1006, #3445, .T. ) ;
#2918 = DIRECTION ( 'NONE',  ( -0.1157205707370564246, -0.1157205707370560221, -0.9865178655334022606 ) ) ;
#2919 = FACE_OUTER_BOUND ( 'NONE', #218, .T. ) ;
#2920 = SPHERICAL_SURFACE ( 'NONE', #1391, 0.1000000000000103445 ) ;
#2921 = EDGE_LOOP ( 'NONE', ( #5422, #3360, #3099, #1973 ) ) ;
#2922 = DIRECTION ( 'NONE',  ( 0.000000000000000000, 0.000000000000000000, 1.000000000000000000 ) ) ;
#2923 = CARTESIAN_POINT ( 'NONE',  ( 5.217897160211330210, -0.09224999999999859701, -1.944279695023479970 ) ) ;
#2924 = ORIENTED_EDGE ( 'NONE', *, *, #1570, .T. ) ;
#2925 = CARTESIAN_POINT ( 'NONE',  ( 0.7942184867054550290, -0.09225000000000001255, -0.4962884582798240407 ) ) ;
#2926 = DIRECTION ( 'NONE',  ( 0.000000000000000000, 0.000000000000000000, -1.000000000000000000 ) ) ;
#2927 = STYLED_ITEM ( 'NONE', ( #5220 ), #1501 ) ;
#2928 = FACE_OUTER_BOUND ( 'NONE', #3571, .T. ) ;
#2929 = VECTOR ( 'NONE', #5465, 1000.000000000000114 ) ;
#2930 = SURFACE_STYLE_FILL_AREA ( #3888 ) ;
#2931 = VERTEX_POINT ( 'NONE', #430 ) ;
#2932 = CARTESIAN_POINT ( 'NONE',  ( 3.972500000000000142, -0.1922500000000000042, 2.060000000000000053 ) ) ;
#2933 = CARTESIAN_POINT ( 'NONE',  ( -2.803133701591289828, 0.7618749999999999689, 2.079999999999999627 ) ) ;
#2934 = ORIENTED_EDGE ( 'NONE', *, *, #1888, .T. ) ;
#2935 = VECTOR ( 'NONE', #3213, 1000.000000000000000 ) ;
#2936 = AXIS2_PLACEMENT_3D ( 'NONE', #2206, #3952, #3489 ) ;
#2937 = ORIENTED_EDGE ( 'NONE', *, *, #858, .F. ) ;
#2938 = EDGE_LOOP ( 'NONE', ( #2367, #3794, #3546 ) ) ;
#2939 = DIRECTION ( 'NONE',  ( 1.000000000000000000, 0.000000000000000000, 0.000000000000000000 ) ) ;
#2940 = EDGE_CURVE ( 'NONE', #1892, #4737, #4108, .T. ) ;
#2941 = ORIENTED_EDGE ( 'NONE', *, *, #1719, .T. ) ;
#2942 = DIRECTION ( 'NONE',  ( -0.4643522996055911012, -0.8856505754816621501, 0.000000000000000000 ) ) ;
#2943 = FACE_OUTER_BOUND ( 'NONE', #2385, .T. ) ;
#2944 = SURFACE_SIDE_STYLE ('',( #3877 ) ) ;
#2945 = CARTESIAN_POINT ( 'NONE',  ( 3.572500000000000231, -0.7672499999999999876, -1.959999999999999964 ) ) ;
#2946 = CARTESIAN_POINT ( 'NONE',  ( -3.319999999999999840, 0.7672499999999999876, 0.000000000000000000 ) ) ;
#2947 = CIRCLE ( 'NONE', #5171, 0.5000000000000000000 ) ;
#2948 = VERTEX_POINT ( 'NONE', #1642 ) ;
#2949 = CARTESIAN_POINT ( 'NONE',  ( 4.952500000000000568, -0.09224999999999870803, -2.502499999999999947 ) ) ;
#2950 = DIRECTION ( 'NONE',  ( -0.3333510335353481180, -0.8471196932672570012, -0.4138421362303551509 ) ) ;
#2951 = EDGE_LOOP ( 'NONE', ( #4971, #2331, #795, #1471 ) ) ;
#2952 = LINE ( 'NONE', #2198, #2073 ) ;
#2953 = CARTESIAN_POINT ( 'NONE',  ( 4.852500000000000036, -0.1922500000000000042, 2.502499999999999947 ) ) ;
#2954 = AXIS2_PLACEMENT_3D ( 'NONE', #98, #4067, #1484 ) ;
#2955 = DIRECTION ( 'NONE',  ( -8.131516293641259589E-16, 1.000000000000000000, 0.000000000000000000 ) ) ;
#2956 = DIRECTION ( 'NONE',  ( 0.000000000000000000, 0.000000000000000000, 1.000000000000000000 ) ) ;
#2957 = ORIENTED_EDGE ( 'NONE', *, *, #1696, .F. ) ;
#2958 = CARTESIAN_POINT ( 'NONE',  ( -4.852500000000000036, -0.3322500000000000453, -2.660000000000000142 ) ) ;
#2959 = LINE ( 'NONE', #5195, #3893 ) ;
#2960 = ORIENTED_EDGE ( 'NONE', *, *, #332, .F. ) ;
#2961 = AXIS2_PLACEMENT_3D ( 'NONE', #2916, #2972, #3874 ) ;
#2962 = ADVANCED_FACE ( 'NONE', ( #3387 ), #1209, .T. ) ;
#2963 = CARTESIAN_POINT ( 'NONE',  ( -4.952500000000000568, -0.2322500000000000120, 0.000000000000000000 ) ) ;
#2964 = EDGE_LOOP ( 'NONE', ( #4329, #3188, #3576, #1405, #3547, #36 ) ) ;
#2965 = ORIENTED_EDGE ( 'NONE', *, *, #3947, .F. ) ;
#2966 = VECTOR ( 'NONE', #2639, 1000.000000000000000 ) ;
#2967 = DIRECTION ( 'NONE',  ( 4.823386660693620032E-16, -1.000000000000000000, 0.000000000000000000 ) ) ;
#2968 = EDGE_CURVE ( 'NONE', #4534, #3468, #339, .T. ) ;
#2969 = VERTEX_POINT ( 'NONE', #5378 ) ;
#2970 = AXIS2_PLACEMENT_3D ( 'NONE', #2399, #2819, #3363 ) ;
#2971 = DIRECTION ( 'NONE',  ( 0.000000000000000000, -1.000000000000000000, 4.336808689942016947E-15 ) ) ;
#2972 = DIRECTION ( 'NONE',  ( 0.000000000000000000, 0.000000000000000000, -1.000000000000000000 ) ) ;
#2973 = DIRECTION ( 'NONE',  ( 1.000000000000000000, 0.000000000000000000, 0.000000000000000000 ) ) ;
#2974 = EDGE_CURVE ( 'NONE', #1111, #1759, #3968, .T. ) ;
#2975 = DIRECTION ( 'NONE',  ( 0.000000000000000000, 0.000000000000000000, -1.000000000000000000 ) ) ;
#2976 = EDGE_CURVE ( 'NONE', #1500, #4241, #2274, .T. ) ;
#2977 = DIRECTION ( 'NONE',  ( 0.000000000000000000, -1.000000000000000000, 0.000000000000000000 ) ) ;
#2978 = DIRECTION ( 'NONE',  ( 1.000000000000000000, 0.000000000000000000, 0.000000000000000000 ) ) ;
#2979 = ORIENTED_EDGE ( 'NONE', *, *, #4355, .F. ) ;
#2980 = CARTESIAN_POINT ( 'NONE',  ( -4.319792374265440493, 0.2677499999999999880, 2.660000000000000142 ) ) ;
#2981 = VECTOR ( 'NONE', #3796, 1000.000000000000000 ) ;
#2982 = DIRECTION ( 'NONE',  ( -1.000000000000000000, 4.115814624101284764E-15, -1.894185417941283440E-32 ) ) ;
#2983 = EDGE_LOOP ( 'NONE', ( #3243, #2842, #483, #4294 ) ) ;
#2984 = CARTESIAN_POINT ( 'NONE',  ( -0.5790205641327239583, 0.1876463634799820090, 2.380000000000000338 ) ) ;
#2985 = ADVANCED_FACE ( 'NONE', ( #4542 ), #2249, .F. ) ;
#2986 = CARTESIAN_POINT ( 'NONE',  ( 0.4195747179604960020, 0.3181927426440474549, 2.330000000000000071 ) ) ;
#2987 = FACE_OUTER_BOUND ( 'NONE', #951, .T. ) ;
#2988 = DIRECTION ( 'NONE',  ( -0.9931903090196375627, 0.000000000000000000, 0.1165032620550900261 ) ) ;
#2989 = VERTEX_POINT ( 'NONE', #5292 ) ;
#2990 = CYLINDRICAL_SURFACE ( 'NONE', #3973, 0.1000000000000000472 ) ;
#2991 = CARTESIAN_POINT ( 'NONE',  ( 0.9525000000000000133, -0.1922500000000000042, 2.060000000000000053 ) ) ;
#2992 = EDGE_CURVE ( 'NONE', #1114, #1845, #3561, .T. ) ;
#2993 = DIRECTION ( 'NONE',  ( 0.000000000000000000, 0.000000000000000000, -1.000000000000000000 ) ) ;
#2994 = ADVANCED_FACE ( 'NONE', ( #4491 ), #551, .T. ) ;
#2995 = AXIS2_PLACEMENT_3D ( 'NONE', #372, #1266, #2978 ) ;
#2996 = AXIS2_PLACEMENT_3D ( 'NONE', #4282, #3852, #809 ) ;
#2997 = ORIENTED_EDGE ( 'NONE', *, *, #2391, .F. ) ;
#2998 = LINE ( 'NONE', #360, #5622 ) ;
#2999 = AXIS2_PLACEMENT_3D ( 'NONE', #1012, #3536, #5410 ) ;
#3000 = EDGE_LOOP ( 'NONE', ( #2140, #5028, #4476 ) ) ;
#3001 = EDGE_CURVE ( 'NONE', #3468, #4793, #1545, .T. ) ;
#3002 = EDGE_LOOP ( 'NONE', ( #4642, #4613, #2215, #270 ) ) ;
#3003 = VECTOR ( 'NONE', #3251, 1000.000000000000000 ) ;
#3004 = DIRECTION ( 'NONE',  ( -0.1157205707370537323, -0.1157205707370563275, -0.9865178655334024826 ) ) ;
#3005 = ORIENTED_EDGE ( 'NONE', *, *, #3826, .T. ) ;
#3006 = DIRECTION ( 'NONE',  ( 0.000000000000000000, 0.000000000000000000, 1.000000000000000000 ) ) ;
#3007 = DIRECTION ( 'NONE',  ( 1.000000000000000000, 0.000000000000000000, 0.000000000000000000 ) ) ;
#3008 = CARTESIAN_POINT ( 'NONE',  ( 0.4819120798423590091, -0.09225000000000001255, 0.3637895569954249786 ) ) ;
#3009 = CARTESIAN_POINT ( 'NONE',  ( -4.852500000000000036, -0.7672499999999999876, 2.660000000000000142 ) ) ;
#3010 = CARTESIAN_POINT ( 'NONE',  ( -3.587499999999999911, -0.2322500000000000120, -1.899999999999999911 ) ) ;
#3011 = AXIS2_PLACEMENT_3D ( 'NONE', #3033, #2544, #5176 ) ;
#3012 = ORIENTED_EDGE ( 'NONE', *, *, #5560, .F. ) ;
#3013 = CARTESIAN_POINT ( 'NONE',  ( -3.055000000000000160, 0.7672499999999999876, 2.660000000000000142 ) ) ;
#3014 = DIRECTION ( 'NONE',  ( -0.5675268619621517407, -0.8233548815373554763, 0.000000000000000000 ) ) ;
#3015 = EDGE_LOOP ( 'NONE', ( #4452, #3659, #4445, #2118 ) ) ;
#3016 = CARTESIAN_POINT ( 'NONE',  ( -1.222500000000000142, 0.2322500000000000120, -0.3800000000000000044 ) ) ;
#3017 = CARTESIAN_POINT ( 'NONE',  ( 2.803133701591289828, 2.495677398353389975, 2.079999999999999627 ) ) ;
#3018 = EDGE_CURVE ( 'NONE', #2245, #2564, #2718, .T. ) ;
#3019 = CARTESIAN_POINT ( 'NONE',  ( 4.952500000000000568, -0.7672499999999999876, -2.502499999999999947 ) ) ;
#3020 = ORIENTED_EDGE ( 'NONE', *, *, #2005, .F. ) ;
#3021 = DIRECTION ( 'NONE',  ( 0.000000000000000000, 3.564362208736594785E-16, -1.000000000000000000 ) ) ;
#3022 = AXIS2_PLACEMENT_3D ( 'NONE', #1747, #3516, #3487 ) ;
#3023 = CARTESIAN_POINT ( 'NONE',  ( 2.803133701591294713, 2.495677398353394860, 2.079999999999999627 ) ) ;
#3024 = DIRECTION ( 'NONE',  ( 1.000000000000000000, 7.228014483236697541E-16, 0.000000000000000000 ) ) ;
#3025 = EDGE_CURVE ( 'NONE', #2606, #53, #2774, .T. ) ;
#3026 = DIRECTION ( 'NONE',  ( 0.000000000000000000, 4.155987014962276234E-16, -1.000000000000000000 ) ) ;
#3027 = VERTEX_POINT ( 'NONE', #27 ) ;
#3028 = ORIENTED_EDGE ( 'NONE', *, *, #885, .F. ) ;
#3029 = CIRCLE ( 'NONE', #277, 0.1000000000000002554 ) ;
#3030 = CARTESIAN_POINT ( 'NONE',  ( -4.319792374265440493, 0.2677499999999999880, 0.000000000000000000 ) ) ;
#3031 = AXIS2_PLACEMENT_3D ( 'NONE', #3535, #463, #5348 ) ;
#3032 = ORIENTED_EDGE ( 'NONE', *, *, #4859, .F. ) ;
#3033 = CARTESIAN_POINT ( 'NONE',  ( 0.4819120798423590091, -0.7672499999999999876, 0.3637895569954249786 ) ) ;
#3034 = DIRECTION ( 'NONE',  ( 0.000000000000000000, 0.000000000000000000, 1.000000000000000000 ) ) ;
#3035 = CARTESIAN_POINT ( 'NONE',  ( 2.803133701591289828, -2.878590794297185340, 2.114950978616525035 ) ) ;
#3036 = DIRECTION ( 'NONE',  ( 0.5314021314210205515, -0.5314021314210104485, 0.6597147485409156076 ) ) ;
#3037 = FACE_OUTER_BOUND ( 'NONE', #2983, .T. ) ;
#3038 = SHAPE_REPRESENTATION ( 'SQD50P06-15L_GE3', ( #652, #269 ), #3118 ) ;
#3039 = ORIENTED_EDGE ( 'NONE', *, *, #285, .T. ) ;
#3040 = FACE_OUTER_BOUND ( 'NONE', #4057, .T. ) ;
#3041 = DIRECTION ( 'NONE',  ( 0.000000000000000000, 0.000000000000000000, 1.000000000000000000 ) ) ;
#3042 = CARTESIAN_POINT ( 'NONE',  ( -0.5349199982454050373, 0.3017308323982984541, 2.380000000000000338 ) ) ;
#3043 = CARTESIAN_POINT ( 'NONE',  ( 0.3025170797989534810, 0.4278595682413395274, 2.330000000000000071 ) ) ;
#3044 = CARTESIAN_POINT ( 'NONE',  ( 3.872500000000000053, -0.7672499999999999876, 0.000000000000000000 ) ) ;
#3045 = DIRECTION ( 'NONE',  ( 0.000000000000000000, 0.000000000000000000, 1.000000000000000000 ) ) ;
#3046 = ORIENTED_EDGE ( 'NONE', *, *, #4526, .F. ) ;
#3047 = LINE ( 'NONE', #3518, #761 ) ;
#3048 = CARTESIAN_POINT ( 'NONE',  ( -2.803133701591287608, 2.495677398353399745, 2.079999999999980975 ) ) ;
#3049 = DIRECTION ( 'NONE',  ( 0.000000000000000000, 0.000000000000000000, 1.000000000000000000 ) ) ;
#3050 = EDGE_CURVE ( 'NONE', #1629, #5458, #2447, .T. ) ;
#3051 = DIRECTION ( 'NONE',  ( 1.000000000000000000, 0.000000000000000000, 0.000000000000000000 ) ) ;
#3052 = ORIENTED_EDGE ( 'NONE', *, *, #51, .T. ) ;
#3053 = VERTEX_POINT ( 'NONE', #2302 ) ;
#3054 = AXIS2_PLACEMENT_3D ( 'NONE', #4239, #4074, #1494 ) ;
#3055 = ADVANCED_FACE ( 'NONE', ( #4051 ), #4926, .T. ) ;
#3056 = AXIS2_PLACEMENT_3D ( 'NONE', #1059, #3264, #197 ) ;
#3057 = ORIENTED_EDGE ( 'NONE', *, *, #4437, .F. ) ;
#3058 = DIRECTION ( 'NONE',  ( 0.000000000000000000, -1.000000000000000000, 0.000000000000000000 ) ) ;
#3059 = FACE_OUTER_BOUND ( 'NONE', #2258, .T. ) ;
#3060 = CARTESIAN_POINT ( 'NONE',  ( -2.803133701591289828, -2.580633701591290130, 2.079999999999999627 ) ) ;
#3061 = SPHERICAL_SURFACE ( 'NONE', #1115, 0.1000000000000044048 ) ;
#3062 = ADVANCED_FACE ( 'NONE', ( #2717 ), #2664, .F. ) ;
#3063 = DIRECTION ( 'NONE',  ( -2.461315296491195094E-31, 1.850848880827304202E-14, 1.000000000000000000 ) ) ;
#3064 = DIRECTION ( 'NONE',  ( 0.000000000000000000, 0.000000000000000000, -1.000000000000000000 ) ) ;
#3065 = ORIENTED_EDGE ( 'NONE', *, *, #722, .T. ) ;
#3066 = PLANE ( 'NONE',  #631 ) ;
#3067 = DIRECTION ( 'NONE',  ( 1.000000000000000000, 4.497431234013940009E-16, 0.000000000000000000 ) ) ;
#3068 = EDGE_CURVE ( 'NONE', #3142, #4237, #2691, .T. ) ;
#3069 =( NAMED_UNIT ( * ) PLANE_ANGLE_UNIT ( ) SI_UNIT ( $, .RADIAN. ) );
#3070 = DIRECTION ( 'NONE',  ( 1.000000000000000000, 0.000000000000000000, 0.000000000000000000 ) ) ;
#3071 = AXIS2_PLACEMENT_3D ( 'NONE', #4092, #4531, #591 ) ;
#3072 = DIRECTION ( 'NONE',  ( 1.000000000000000000, 0.000000000000000000, 0.000000000000000000 ) ) ;
#3073 = FACE_OUTER_BOUND ( 'NONE', #1566, .T. ) ;
#3074 = ORIENTED_EDGE ( 'NONE', *, *, #2542, .F. ) ;
#3075 = CYLINDRICAL_SURFACE ( 'NONE', #2936, 0.2999999999999998224 ) ;
#3076 = AXIS2_PLACEMENT_3D ( 'NONE', #5102, #4178, #5023 ) ;
#3077 = CARTESIAN_POINT ( 'NONE',  ( -3.833333768778754980, 0.1521730769229940050, 1.804999999999999938 ) ) ;
#3078 = LINE ( 'NONE', #5226, #1906 ) ;
#3079 = DIRECTION ( 'NONE',  ( 1.000000000000000000, 0.000000000000000000, 0.000000000000000000 ) ) ;
#3080 = B_SPLINE_CURVE_WITH_KNOTS ( 'NONE', 3,
 ( #3544, #1396, #96, #3660 ),
 .UNSPECIFIED., .F., .F.,
 ( 4, 4 ),
 ( 0.000000000000000000, 1.000000000000000000 ),
 .UNSPECIFIED. ) ;
#3081 = B_SPLINE_CURVE_WITH_KNOTS ( 'NONE', 3,
 ( #1329, #3855, #3426, #3512, #5190, #380, #3484, #2986, #4756, #3043, #2229, #2138, #4406, #3885, #4843, #407 ),
 .UNSPECIFIED., .F., .F.,
 ( 4, 1, 2, 2, 2, 1, 2, 2, 4 ),
 ( 0.000000000000000000, 0.03125000000000000000, 0.04687500000000000000, 0.06250000000000000000, 0.1250000000000000000, 0.1562500000000000000, 0.1718750000000000000, 0.1875000000000000000, 0.2500000006167906741 ),
 .UNSPECIFIED. ) ;
#3082 = VERTEX_POINT ( 'NONE', #4518 ) ;
#3083 = CARTESIAN_POINT ( 'NONE',  ( -3.770634082987819991, 0.3248361564241389887, 2.660000000000000142 ) ) ;
#3084 = VERTEX_POINT ( 'NONE', #1843 ) ;
#3085 = EDGE_CURVE ( 'NONE', #2277, #2410, #5265, .T. ) ;
#3086 = VERTEX_POINT ( 'NONE', #4625 ) ;
#3087 = CLOSED_SHELL ( 'NONE', ( #5678, #5542, #3901, #4482, #5389, #714, #4560, #4646, #4356, #5030, #1641, #323, #497, #2593, #2432, #1659, #5427, #1270, #5464, #5046, #2507, #4438, #293, #3956, #3522, #3557, #2796, #2801, #5322, #3663, #1661, #5280, #2871, #3454, #4304, #4727, #724, #3869, #3744, #3486, #5103, #1919, #1260, #2147, #3276, #3792, #2087, #1963, #5271, #449, #582, #2320, #3447, #1590, #3146, #4937, #3245, #1803, #2811, #1469, #4651, #3267, #4551, #5553, #3062, #4099, #3974, #4872, #930, #599, #4117, #2402, #3499, #1460, #1562, #1752, #4650, #2079, #1540, #1705, #1730, #4579, #2459, #4988, #4973, #887, #774, #1382, #242, #4803, #5431, #4130 ) ) ;
#3088 = AXIS2_PLACEMENT_3D ( 'NONE', #2822, #3340, #266 ) ;
#3089 = AXIS2_PLACEMENT_3D ( 'NONE', #1349, #5320, #4871 ) ;
#3090 = EDGE_CURVE ( 'NONE', #442, #1825, #2185, .T. ) ;
#3091 = ORIENTED_EDGE ( 'NONE', *, *, #1106, .F. ) ;
#3092 = CARTESIAN_POINT ( 'NONE',  ( 0.8524999999999999245, -0.7672499999999999876, 2.060000000000000053 ) ) ;
#3093 = VECTOR ( 'NONE', #4634, 1000.000000000000000 ) ;
#3094 = DIRECTION ( 'NONE',  ( 1.000000000000000000, 0.000000000000000000, 2.891205793294679017E-15 ) ) ;
#3095 = DIRECTION ( 'NONE',  ( 0.000000000000000000, 0.000000000000000000, 1.000000000000000000 ) ) ;
#3096 = CARTESIAN_POINT ( 'NONE',  ( 2.970000000000000195, -3.047499999999999876, 0.6750000000000000444 ) ) ;
#3097 = VECTOR ( 'NONE', #3358, 1000.000000000000000 ) ;
#3098 = EDGE_CURVE ( 'NONE', #4006, #974, #1298, .T. ) ;
#3099 = ORIENTED_EDGE ( 'NONE', *, *, #2555, .T. ) ;
#3100 = CARTESIAN_POINT ( 'NONE',  ( -0.5650556301437590356, 0.000000000000000000, 2.354999999999999982 ) ) ;
#3101 = DIRECTION ( 'NONE',  ( -3.098315148496786854E-31, 1.434407882641182316E-14, 1.000000000000000000 ) ) ;
#3102 = CARTESIAN_POINT ( 'NONE',  ( -1.222500000000000142, 0.7672499999999999876, -1.899999999999999911 ) ) ;
#3103 = AXIS2_PLACEMENT_3D ( 'NONE', #3220, #2696, #5417 ) ;
#3104 = B_SPLINE_CURVE_WITH_KNOTS ( 'NONE', 3,
 ( #2773, #4595, #3750, #5437, #1549, #3241 ),
 .UNSPECIFIED., .F., .F.,
 ( 4, 2, 4 ),
 ( 0.000000000000000000, 0.5000000000000000000, 1.000000000000000000 ),
 .UNSPECIFIED. ) ;
#3105 = AXIS2_PLACEMENT_3D ( 'NONE', #4019, #3180, #4395 ) ;
#3106 = EDGE_CURVE ( 'NONE', #658, #2127, #5487, .T. ) ;
#3107 = DIRECTION ( 'NONE',  ( 0.000000000000000000, 0.000000000000000000, 1.000000000000000000 ) ) ;
#3108 = AXIS2_PLACEMENT_3D ( 'NONE', #1372, #4860, #3117 ) ;
#3109 = LINE ( 'NONE', #1020, #5403 ) ;
#3110 = EDGE_LOOP ( 'NONE', ( #1162, #76, #3399, #2007 ) ) ;
#3111 = CARTESIAN_POINT ( 'NONE',  ( -3.819148566720100835, 0.2118780199885298143, 2.660000000000000142 ) ) ;
#3112 = CARTESIAN_POINT ( 'NONE',  ( -3.833333768778734996, 0.1521730769230765223, 0.000000000000000000 ) ) ;
#3113 = ORIENTED_EDGE ( 'NONE', *, *, #2454, .F. ) ;
#3114 = ORIENTED_EDGE ( 'NONE', *, *, #1163, .T. ) ;
#3115 = VERTEX_POINT ( 'NONE', #224 ) ;
#3116 = ORIENTED_EDGE ( 'NONE', *, *, #5350, .T. ) ;
#3117 = DIRECTION ( 'NONE',  ( 0.000000000000000000, 1.000000000000000000, 0.000000000000000000 ) ) ;
#3118 =( GEOMETRIC_REPRESENTATION_CONTEXT ( 3 ) GLOBAL_UNCERTAINTY_ASSIGNED_CONTEXT ( ( #3716 ) ) GLOBAL_UNIT_ASSIGNED_CONTEXT ( ( #1499, #5380, #4055 ) ) REPRESENTATION_CONTEXT ( 'NONE', 'WORKASPACE' ) );
#3119 = EDGE_LOOP ( 'NONE', ( #5633, #1352, #167, #3763, #3012, #4680, #854, #3639, #4042, #2890 ) ) ;
#3120 = CARTESIAN_POINT ( 'NONE',  ( 0.4819120798423590091, -0.1922500000000000042, -0.3637895569954249786 ) ) ;
#3121 = VECTOR ( 'NONE', #5347, 1000.000000000000000 ) ;
#3122 = ORIENTED_EDGE ( 'NONE', *, *, #972, .T. ) ;
#3123 = CARTESIAN_POINT ( 'NONE',  ( 3.772499999999999964, -0.4297500000000000209, -2.060000000000000053 ) ) ;
#3124 = AXIS2_PLACEMENT_3D ( 'NONE', #3017, #3394, #4786 ) ;
#3125 = PLANE ( 'NONE',  #373 ) ;
#3126 = DIRECTION ( 'NONE',  ( 0.000000000000000000, 0.000000000000000000, -1.000000000000000000 ) ) ;
#3127 = CARTESIAN_POINT ( 'NONE',  ( -2.222500000000000142, 0.2322500000000000120, 0.000000000000000000 ) ) ;
#3128 = EDGE_CURVE ( 'NONE', #361, #1784, #4853, .T. ) ;
#3129 = AXIS2_PLACEMENT_3D ( 'NONE', #2632, #520, #4952 ) ;
#3130 = AXIS2_PLACEMENT_3D ( 'NONE', #4420, #2180, #388 ) ;
#3131 = ORIENTED_EDGE ( 'NONE', *, *, #3174, .F. ) ;
#3132 = DIRECTION ( 'NONE',  ( 1.000000000000000000, 6.234162491791634718E-15, 0.000000000000000000 ) ) ;
#3133 = DIRECTION ( 'NONE',  ( 5.139921410301649810E-16, -1.000000000000000000, 0.000000000000000000 ) ) ;
#3134 = FACE_OUTER_BOUND ( 'NONE', #2656, .T. ) ;
#3135 = EDGE_CURVE ( 'NONE', #4908, #3086, #1628, .T. ) ;
#3136 = LINE ( 'NONE', #962, #4574 ) ;
#3137 = CARTESIAN_POINT ( 'NONE',  ( -2.866011742435759846, -0.1013778989213650061, 1.804999999999999938 ) ) ;
#3138 = ORIENTED_EDGE ( 'NONE', *, *, #4905, .F. ) ;
#3139 = LINE ( 'NONE', #1481, #4608 ) ;
#3140 = CARTESIAN_POINT ( 'NONE',  ( -3.319999999999999840, 0.7672499999999999876, -0.3800000000000000044 ) ) ;
#3141 = CARTESIAN_POINT ( 'NONE',  ( 4.852500000000000036, -0.09224999999999859701, -1.944279695023479970 ) ) ;
#3142 = VERTEX_POINT ( 'NONE', #4134 ) ;
#3143 = SPHERICAL_SURFACE ( 'NONE', #4655, 0.09999999999998594735 ) ;
#3144 = ORIENTED_EDGE ( 'NONE', *, *, #5076, .F. ) ;
#3145 = ORIENTED_EDGE ( 'NONE', *, *, #1072, .F. ) ;
#3146 = ADVANCED_FACE ( 'NONE', ( #604 ), #1117, .F. ) ;
#3147 = AXIS2_PLACEMENT_3D ( 'NONE', #5395, #3689, #3202 ) ;
#3148 = ORIENTED_EDGE ( 'NONE', *, *, #709, .T. ) ;
#3149 = CIRCLE ( 'NONE', #1693, 0.09999999999999997780 ) ;
#3150 = CARTESIAN_POINT ( 'NONE',  ( 2.803133701591289828, -2.580633701591290130, 2.079999999999999627 ) ) ;
#3151 = ORIENTED_EDGE ( 'NONE', *, *, #949, .T. ) ;
#3152 = CARTESIAN_POINT ( 'NONE',  ( 0.8524999999999999245, -0.1922500000000000042, 2.160000000000000142 ) ) ;
#3153 = CARTESIAN_POINT ( 'NONE',  ( 3.972500000000009024, -0.1922500000000140485, -2.502499999999995950 ) ) ;
#3154 = DIRECTION ( 'NONE',  ( 0.000000000000000000, 0.000000000000000000, 1.000000000000000000 ) ) ;
#3155 = DIRECTION ( 'NONE',  ( 0.9999627093287811741, 0.001006118500615642329, 0.008577160218051152127 ) ) ;
#3156 = CIRCLE ( 'NONE', #3056, 0.1000000000000002554 ) ;
#3157 = ORIENTED_EDGE ( 'NONE', *, *, #1520, .T. ) ;
#3158 = LINE ( 'NONE', #5353, #1364 ) ;
#3159 = EDGE_CURVE ( 'NONE', #1845, #3182, #3365, .T. ) ;
#3160 = LINE ( 'NONE', #4929, #41 ) ;
#3161 = PLANE ( 'NONE',  #1458 ) ;
#3162 = AXIS2_PLACEMENT_3D ( 'NONE', #5234, #773, #4715 ) ;
#3163 = DIRECTION ( 'NONE',  ( 4.823386660693620032E-16, -1.000000000000000000, 0.000000000000000000 ) ) ;
#3164 = EDGE_CURVE ( 'NONE', #478, #5031, #2364, .T. ) ;
#3165 = EDGE_CURVE ( 'NONE', #1992, #3179, #624, .T. ) ;
#3166 = DIRECTION ( 'NONE',  ( 0.000000000000000000, 0.000000000000000000, -1.000000000000000000 ) ) ;
#3167 = ORIENTED_EDGE ( 'NONE', *, *, #5502, .F. ) ;
#3168 = DIRECTION ( 'NONE',  ( 1.000000000000000000, 0.000000000000000000, 0.000000000000000000 ) ) ;
#3169 = LINE ( 'NONE', #563, #2349 ) ;
#3170 = CARTESIAN_POINT ( 'NONE',  ( -2.855207625734559773, -0.2677499999999999880, 1.804999999999999938 ) ) ;
#3171 = AXIS2_PLACEMENT_3D ( 'NONE', #5394, #4066, #3573 ) ;
#3172 = ORIENTED_EDGE ( 'NONE', *, *, #3597, .F. ) ;
#3173 = CARTESIAN_POINT ( 'NONE',  ( 3.772499999999999964, -0.4297500000000000209, -1.959999999999999964 ) ) ;
#3174 = EDGE_CURVE ( 'NONE', #3867, #3712, #2645, .T. ) ;
#3175 = EDGE_CURVE ( 'NONE', #1737, #5661, #247, .T. ) ;
#3176 = ORIENTED_EDGE ( 'NONE', *, *, #549, .F. ) ;
#3177 = EDGE_LOOP ( 'NONE', ( #5301, #4047, #4508, #4750, #5428, #2237 ) ) ;
#3178 = EDGE_CURVE ( 'NONE', #2989, #5221, #3827, .T. ) ;
#3179 = VERTEX_POINT ( 'NONE', #2647 ) ;
#3180 = DIRECTION ( 'NONE',  ( -1.000000000000000000, -3.614007241618350250E-16, 0.000000000000000000 ) ) ;
#3181 = CLOSED_SHELL ( 'NONE', ( #249, #1869, #5011, #5472, #2985, #5157 ) ) ;
#3182 = VERTEX_POINT ( 'NONE', #4410 ) ;
#3183 = CARTESIAN_POINT ( 'NONE',  ( 3.872500000000000053, -0.1922500000000000042, -2.160000000000000142 ) ) ;
#3184 = DIRECTION ( 'NONE',  ( 0.000000000000000000, -0.9848706617970864885, -0.1732910255361449769 ) ) ;
#3185 = CARTESIAN_POINT ( 'NONE',  ( 3.872500000000000053, -0.7672499999999999876, 0.8062182560773819562 ) ) ;
#3186 = VECTOR ( 'NONE', #87, 1000.000000000000000 ) ;
#3187 = SHAPE_DEFINITION_REPRESENTATION ( #4591, #3038 ) ;
#3188 = ORIENTED_EDGE ( 'NONE', *, *, #2361, .T. ) ;
#3189 = CARTESIAN_POINT ( 'NONE',  ( -3.269999999999998685, -2.739240710176464866, 0.6750000000000008216 ) ) ;
#3190 = VECTOR ( 'NONE', #4283, 1000.000000000000000 ) ;
#3191 = DIRECTION ( 'NONE',  ( 0.3158179163251212396, -0.8555991741024776553, 0.4101330235462841700 ) ) ;
#3192 = DIRECTION ( 'NONE',  ( -1.000000000000000000, -1.084202172485503842E-15, 0.000000000000000000 ) ) ;
#3193 = DIRECTION ( 'NONE',  ( 1.000000000000000000, 4.497431234013940009E-16, 0.000000000000000000 ) ) ;
#3194 = AXIS2_PLACEMENT_3D ( 'NONE', #5477, #2417, #1994 ) ;
#3195 = VECTOR ( 'NONE', #1211, 1000.000000000000000 ) ;
#3196 = DIRECTION ( 'NONE',  ( -5.421010862427520198E-16, 1.000000000000000000, 1.168238212852515995E-32 ) ) ;
#3197 = VECTOR ( 'NONE', #1794, 1000.000000000000000 ) ;
#3198 = DIRECTION ( 'NONE',  ( 1.000000000000000000, 0.000000000000000000, 0.000000000000000000 ) ) ;
#3199 = ORIENTED_EDGE ( 'NONE', *, *, #1081, .F. ) ;
#3200 = CARTESIAN_POINT ( 'NONE',  ( 4.952500000000000568, -0.1922500000000000042, 2.502499999999999947 ) ) ;
#3201 = DIRECTION ( 'NONE',  ( 0.000000000000000000, 1.000000000000000000, 0.000000000000000000 ) ) ;
#3202 = DIRECTION ( 'NONE',  ( -1.000000000000000000, 2.593979029498029835E-16, 0.000000000000000000 ) ) ;
#3203 = EDGE_CURVE ( 'NONE', #2410, #2127, #1725, .T. ) ;
#3204 = AXIS2_PLACEMENT_3D ( 'NONE', #3030, #2093, #5664 ) ;
#3205 = DIRECTION ( 'NONE',  ( 0.000000000000000000, 0.000000000000000000, -1.000000000000000000 ) ) ;
#3206 = EDGE_LOOP ( 'NONE', ( #1689, #2426, #3637, #2997 ) ) ;
#3207 = VERTEX_POINT ( 'NONE', #500 ) ;
#3208 = EDGE_CURVE ( 'NONE', #616, #2425, #4660, .T. ) ;
#3209 = EDGE_CURVE ( 'NONE', #511, #4097, #3109, .T. ) ;
#3210 = EDGE_LOOP ( 'NONE', ( #2186, #2478, #5138, #4188 ) ) ;
#3211 = ORIENTED_EDGE ( 'NONE', *, *, #851, .T. ) ;
#3212 = DIRECTION ( 'NONE',  ( 4.823386660693620032E-16, -1.000000000000000000, 0.000000000000000000 ) ) ;
#3213 = DIRECTION ( 'NONE',  ( 0.000000000000000000, -1.000000000000000000, 0.000000000000000000 ) ) ;
#3214 = CARTESIAN_POINT ( 'NONE',  ( 0.6083569003329799552, 7.450223307319891365E-17, 2.380000000000000338 ) ) ;
#3215 = DIRECTION ( 'NONE',  ( 0.000000000000000000, 0.000000000000000000, 1.000000000000000000 ) ) ;
#3216 = CIRCLE ( 'NONE', #743, 0.1000000000000000194 ) ;
#3217 = ORIENTED_EDGE ( 'NONE', *, *, #4760, .F. ) ;
#3218 = CARTESIAN_POINT ( 'NONE',  ( 3.972500000000000142, -0.09224999999999899947, -2.060000000000000053 ) ) ;
#3219 = DIRECTION ( 'NONE',  ( 0.000000000000000000, -1.000000000000000000, 0.000000000000000000 ) ) ;
#3220 = CARTESIAN_POINT ( 'NONE',  ( 2.803133701591288940, 2.495677398353391307, 2.079999999999989857 ) ) ;
#3221 = FACE_OUTER_BOUND ( 'NONE', #3779, .T. ) ;
#3222 = TOROIDAL_SURFACE ( 'NONE', #104, 0.6083569003329787339, 0.04999999999999588801 ) ;
#3223 = CIRCLE ( 'NONE', #4144, 0.09999999999999992228 ) ;
#3224 = FACE_OUTER_BOUND ( 'NONE', #362, .T. ) ;
#3225 = CARTESIAN_POINT ( 'NONE',  ( 0.5217543599545370059, 3.611118645726069961E-32, 2.330000000000000071 ) ) ;
#3226 = VERTEX_POINT ( 'NONE', #4528 ) ;
#3227 = LINE ( 'NONE', #2368, #2847 ) ;
#3228 = DIRECTION ( 'NONE',  ( -1.000000000000000000, -5.139921410301649810E-16, 0.000000000000000000 ) ) ;
#3229 = DIRECTION ( 'NONE',  ( 0.000000000000000000, -1.000000000000000000, 0.000000000000000000 ) ) ;
#3230 = EDGE_CURVE ( 'NONE', #4347, #3501, #4498, .T. ) ;
#3231 = ORIENTED_EDGE ( 'NONE', *, *, #2056, .T. ) ;
#3232 = ORIENTED_EDGE ( 'NONE', *, *, #1900, .T. ) ;
#3233 = EDGE_CURVE ( 'NONE', #134, #126, #152, .T. ) ;
#3234 = AXIS2_PLACEMENT_3D ( 'NONE', #5194, #385, #3459 ) ;
#3235 = VERTEX_POINT ( 'NONE', #5274 ) ;
#3236 = FILL_AREA_STYLE_COLOUR ( '', #1744 ) ;
#3237 = EDGE_CURVE ( 'NONE', #3775, #3179, #320, .T. ) ;
#3238 = ORIENTED_EDGE ( 'NONE', *, *, #4010, .T. ) ;
#3239 = DIRECTION ( 'NONE',  ( 1.821530803322649831E-16, -1.000000000000000000, 0.000000000000000000 ) ) ;
#3240 = ADVANCED_FACE ( 'NONE', ( #3073 ), #588, .T. ) ;
#3241 = CARTESIAN_POINT ( 'NONE',  ( 4.587102839788670394, -0.09224999999999899947, 1.844279695023479881 ) ) ;
#3242 = CARTESIAN_POINT ( 'NONE',  ( -0.4989056601461580032, -0.3526862237599594496, 2.380000000000000338 ) ) ;
#3243 = ORIENTED_EDGE ( 'NONE', *, *, #2625, .T. ) ;
#3244 = DIRECTION ( 'NONE',  ( 0.000000000000000000, 0.000000000000000000, -1.000000000000000000 ) ) ;
#3245 = ADVANCED_FACE ( 'NONE', ( #4444 ), #1360, .F. ) ;
#3246 = FACE_OUTER_BOUND ( 'NONE', #1491, .T. ) ;
#3247 = DIRECTION ( 'NONE',  ( 0.8233548815373527008, -0.5675268619621558486, 0.000000000000000000 ) ) ;
#3248 = DIRECTION ( 'NONE',  ( 1.000000000000000000, 0.000000000000000000, 0.000000000000000000 ) ) ;
#3249 = CIRCLE ( 'NONE', #769, 0.2999999999999999889 ) ;
#3250 = EDGE_CURVE ( 'NONE', #5458, #2948, #1797, .T. ) ;
#3251 = DIRECTION ( 'NONE',  ( 1.000000000000000000, 5.139921410301649810E-16, 0.000000000000000000 ) ) ;
#3252 = CARTESIAN_POINT ( 'NONE',  ( 0.3819120798423589758, -0.7672499999999999876, 0.3637895569954249786 ) ) ;
#3253 = ORIENTED_EDGE ( 'NONE', *, *, #265, .T. ) ;
#3254 = DIRECTION ( 'NONE',  ( 0.000000000000000000, 0.000000000000000000, 1.000000000000000000 ) ) ;
#3255 = CIRCLE ( 'NONE', #5467, 0.5000000000000000000 ) ;
#3256 = CARTESIAN_POINT ( 'NONE',  ( 0.9388508854975829987, -0.09225000000000001255, -0.7433172900550669704 ) ) ;
#3257 = DIRECTION ( 'NONE',  ( 0.000000000000000000, 0.000000000000000000, 1.000000000000000000 ) ) ;
#3258 = CIRCLE ( 'NONE', #1242, 0.2999999999999999334 ) ;
#3259 = ORIENTED_EDGE ( 'NONE', *, *, #3413, .F. ) ;
#3260 = EDGE_LOOP ( 'NONE', ( #5460, #1706, #2565, #1648, #691, #55, #74, #2294 ) ) ;
#3261 = AXIS2_PLACEMENT_3D ( 'NONE', #147, #2280, #3101 ) ;
#3262 = VERTEX_POINT ( 'NONE', #4005 ) ;
#3263 = ORIENTED_EDGE ( 'NONE', *, *, #2275, .F. ) ;
#3264 = DIRECTION ( 'NONE',  ( 0.000000000000000000, 0.000000000000000000, -1.000000000000000000 ) ) ;
#3265 = SPHERICAL_SURFACE ( 'NONE', #4418, 0.1000000000000002137 ) ;
#3266 = DIRECTION ( 'NONE',  ( 0.000000000000000000, 0.000000000000000000, 1.000000000000000000 ) ) ;
#3267 = ADVANCED_FACE ( 'NONE', ( #1824 ), #560, .T. ) ;
#3268 = EDGE_CURVE ( 'NONE', #1603, #4174, #3645, .T. ) ;
#3269 = ORIENTED_EDGE ( 'NONE', *, *, #612, .T. ) ;
#3270 = CARTESIAN_POINT ( 'NONE',  ( -2.803133701591289828, 2.495677398353389975, 2.079999999999999627 ) ) ;
#3271 = CARTESIAN_POINT ( 'NONE',  ( 4.412499999999999645, -0.1922500000000000042, -1.860000000000000098 ) ) ;
#3272 = CARTESIAN_POINT ( 'NONE',  ( 3.372500000000000053, -0.1922500000000000042, -2.060000000000000053 ) ) ;
#3273 = FACE_OUTER_BOUND ( 'NONE', #3448, .T. ) ;
#3274 = CIRCLE ( 'NONE', #800, 0.1499999999999999667 ) ;
#3275 = EDGE_CURVE ( 'NONE', #1087, #4941, #4063, .T. ) ;
#3276 = ADVANCED_FACE ( 'NONE', ( #125 ), #94, .F. ) ;
#3277 = CIRCLE ( 'NONE', #5119, 0.1000000000000000056 ) ;
#3278 = ORIENTED_EDGE ( 'NONE', *, *, #2850, .F. ) ;
#3279 = DIRECTION ( 'NONE',  ( 1.000000000000000000, 7.047314121155760677E-15, 0.000000000000000000 ) ) ;
#3280 = CARTESIAN_POINT ( 'NONE',  ( 0.2587350945008000114, -0.4587993498137909465, 2.330000000000000071 ) ) ;
#3281 = ORIENTED_EDGE ( 'NONE', *, *, #3301, .T. ) ;
#3282 = DIRECTION ( 'NONE',  ( -1.000000000000000000, 0.000000000000000000, 0.000000000000000000 ) ) ;
#3283 = DIRECTION ( 'NONE',  ( 0.000000000000000000, -1.000000000000000000, 0.000000000000000000 ) ) ;
#3284 = VECTOR ( 'NONE', #5420, 1000.000000000000000 ) ;
#3285 = EDGE_CURVE ( 'NONE', #3802, #4812, #5359, .T. ) ;
#3286 = CARTESIAN_POINT ( 'NONE',  ( -3.575690672268250214, 0.0008476403358656010465, -2.754999999999999893 ) ) ;
#3287 = CIRCLE ( 'NONE', #1550, 0.5000000000000000000 ) ;
#3288 = ORIENTED_EDGE ( 'NONE', *, *, #3165, .F. ) ;
#3289 = ORIENTED_EDGE ( 'NONE', *, *, #1875, .F. ) ;
#3290 = AXIS2_PLACEMENT_3D ( 'NONE', #3812, #3872, #2514 ) ;
#3291 = ORIENTED_EDGE ( 'NONE', *, *, #2625, .F. ) ;
#3292 = ORIENTED_EDGE ( 'NONE', *, *, #5426, .T. ) ;
#3293 = CARTESIAN_POINT ( 'NONE',  ( -4.120000000000000107, 0.03274999999999959888, 2.754999999999999893 ) ) ;
#3294 = DIRECTION ( 'NONE',  ( 0.5773502691896245098, 0.5773502691896239547, 0.5773502691896288397 ) ) ;
#3295 = DIRECTION ( 'NONE',  ( 1.000000000000000000, 0.000000000000000000, 0.000000000000000000 ) ) ;
#3296 = ORIENTED_EDGE ( 'NONE', *, *, #4640, .F. ) ;
#3297 = AXIS2_PLACEMENT_3D ( 'NONE', #579, #2326, #1036 ) ;
#3298 = CARTESIAN_POINT ( 'NONE',  ( -2.832726480062040419, 2.540066566059530295, 1.827721563536809812 ) ) ;
#3299 = CARTESIAN_POINT ( 'NONE',  ( 0.8175000000000000044, 2.495677398353389975, 2.380000000000000338 ) ) ;
#3300 = LINE ( 'NONE', #5444, #3376 ) ;
#3301 = EDGE_CURVE ( 'NONE', #658, #4986, #47, .T. ) ;
#3302 = DIRECTION ( 'NONE',  ( 0.000000000000000000, 1.000000000000000000, -4.155987014962277221E-16 ) ) ;
#3303 = AXIS2_PLACEMENT_3D ( 'NONE', #4761, #4378, #2530 ) ;
#3304 = ORIENTED_EDGE ( 'NONE', *, *, #4728, .T. ) ;
#3305 = CARTESIAN_POINT ( 'NONE',  ( 4.897221359549999598, -0.1922500000000000042, 1.954836975923490261 ) ) ;
#3306 = CARTESIAN_POINT ( 'NONE',  ( 4.852500000000000036, -0.1922500000000000042, -2.044279695023479615 ) ) ;
#3307 = ORIENTED_EDGE ( 'NONE', *, *, #3175, .F. ) ;
#3308 = CARTESIAN_POINT ( 'NONE',  ( 3.269704183480206527, -2.749247090774314284, 0.6775218358312494749 ) ) ;
#3309 = AXIS2_PLACEMENT_3D ( 'NONE', #3462, #753, #2043 ) ;
#3310 = DIRECTION ( 'NONE',  ( -1.000000000000000000, -1.084202172485501673E-15, 0.000000000000000000 ) ) ;
#3311 = EDGE_CURVE ( 'NONE', #1087, #5554, #2453, .T. ) ;
#3312 = AXIS2_PLACEMENT_3D ( 'NONE', #5180, #1233, #1208 ) ;
#3313 = CIRCLE ( 'NONE', #105, 0.05000000000000002359 ) ;
#3314 = UNCERTAINTY_MEASURE_WITH_UNIT (LENGTH_MEASURE( 1.000000000000000082E-05 ), #4546, 'distance_accuracy_value', 'NONE');
#3315 = LINE ( 'NONE', #5131, #1627 ) ;
#3316 = ORIENTED_EDGE ( 'NONE', *, *, #4501, .T. ) ;
#3317 = ORIENTED_EDGE ( 'NONE', *, *, #549, .T. ) ;
#3318 = ORIENTED_EDGE ( 'NONE', *, *, #2056, .F. ) ;
#3319 = EDGE_CURVE ( 'NONE', #718, #1087, #4173, .T. ) ;
#3320 = ORIENTED_EDGE ( 'NONE', *, *, #2201, .F. ) ;
#3321 = DIRECTION ( 'NONE',  ( -0.4082482904638500276, 0.8164965809277204833, 0.4082482904638869425 ) ) ;
#3322 = CARTESIAN_POINT ( 'NONE',  ( -3.269999999999999574, 2.924613882647859597, 0.4679151216102157007 ) ) ;
#3323 = ORIENTED_EDGE ( 'NONE', *, *, #1193, .T. ) ;
#3324 = DIRECTION ( 'NONE',  ( -0.1147640357803560301, 0.1721460536705340105, -0.9783634050275321625 ) ) ;
#3325 = LINE ( 'NONE', #1067, #5188 ) ;
#3326 = FACE_OUTER_BOUND ( 'NONE', #5309, .T. ) ;
#3327 = LINE ( 'NONE', #4631, #4891 ) ;
#3328 = DIRECTION ( 'NONE',  ( 0.000000000000000000, 1.000000000000000000, 0.000000000000000000 ) ) ;
#3329 = EDGE_CURVE ( 'NONE', #478, #5109, #3371, .T. ) ;
#3330 = ORIENTED_EDGE ( 'NONE', *, *, #1243, .F. ) ;
#3331 = CARTESIAN_POINT ( 'NONE',  ( 3.572500000000000231, -0.09225000000000001255, 1.860000000000000098 ) ) ;
#3332 = CARTESIAN_POINT ( 'NONE',  ( 0.5095432732743729876, -0.1305438296993553793, 2.330000000000000071 ) ) ;
#3333 = ORIENTED_EDGE ( 'NONE', *, *, #3203, .F. ) ;
#3334 = AXIS2_PLACEMENT_3D ( 'NONE', #461, #3612, #954 ) ;
#3335 = CARTESIAN_POINT ( 'NONE',  ( -3.414865336152359987, -0.3451191649770700143, -2.660000000000000142 ) ) ;
#3336 = DIRECTION ( 'NONE',  ( -1.084202172485502067E-15, 1.000000000000000000, 0.000000000000000000 ) ) ;
#3337 = AXIS2_PLACEMENT_3D ( 'NONE', #790, #445, #3432 ) ;
#3338 = EDGE_CURVE ( 'NONE', #2590, #3501, #2372, .T. ) ;
#3339 = ADVANCED_FACE ( 'NONE', ( #1047 ), #2841, .F. ) ;
#3340 = DIRECTION ( 'NONE',  ( 7.228014483236700500E-16, -1.000000000000000000, 0.000000000000000000 ) ) ;
#3341 = ORIENTED_EDGE ( 'NONE', *, *, #265, .F. ) ;
#3342 = VERTEX_POINT ( 'NONE', #4583 ) ;
#3343 = EDGE_CURVE ( 'NONE', #220, #3235, #4662, .T. ) ;
#3344 = ORIENTED_EDGE ( 'NONE', *, *, #2193, .F. ) ;
#3345 = ORIENTED_EDGE ( 'NONE', *, *, #4536, .T. ) ;
#3346 = DIRECTION ( 'NONE',  ( 0.000000000000000000, 1.000000000000000000, 0.000000000000000000 ) ) ;
#3347 = CIRCLE ( 'NONE', #888, 0.05000000000000706657 ) ;
#3348 = CONTEXT_DEPENDENT_SHAPE_REPRESENTATION ( #2202, #4084 ) ;
#3349 = VERTEX_POINT ( 'NONE', #2866 ) ;
#3350 = CIRCLE ( 'NONE', #4096, 0.1000000000000000194 ) ;
#3351 = CARTESIAN_POINT ( 'NONE',  ( 0.09537653128742640263, 0.6030764423484329395, 2.380000000000000338 ) ) ;
#3352 = CARTESIAN_POINT ( 'NONE',  ( -1.222500000000000142, 0.7672499999999999876, 0.000000000000000000 ) ) ;
#3353 = CARTESIAN_POINT ( 'NONE',  ( 0.6005085136786050271, -0.09225000000000001255, 0.3844507848720195575 ) ) ;
#3354 = DIRECTION ( 'NONE',  ( -5.284080787928079298E-49, 9.747408595971459080E-34, 1.000000000000000000 ) ) ;
#3355 = CARTESIAN_POINT ( 'NONE',  ( 3.572500000000000231, -0.09225000000000001255, -1.860000000000000098 ) ) ;
#3356 = B_SPLINE_CURVE_WITH_KNOTS ( 'NONE', 3,
 ( #502, #3111, #2314, #4091 ),
 .UNSPECIFIED., .F., .F.,
 ( 4, 4 ),
 ( 0.000000000000000000, 1.000000000000000000 ),
 .UNSPECIFIED. ) ;
#3357 = ORIENTED_EDGE ( 'NONE', *, *, #5493, .T. ) ;
#3358 = DIRECTION ( 'NONE',  ( 0.000000000000000000, 1.000000000000000000, 0.000000000000000000 ) ) ;
#3359 = DIRECTION ( 'NONE',  ( -1.000000000000000000, 0.000000000000000000, 0.000000000000000000 ) ) ;
#3360 = ORIENTED_EDGE ( 'NONE', *, *, #2475, .F. ) ;
#3361 = CIRCLE ( 'NONE', #2894, 0.09999999999999992228 ) ;
#3362 = DIRECTION ( 'NONE',  ( 0.000000000000000000, 0.000000000000000000, -1.000000000000000000 ) ) ;
#3363 = DIRECTION ( 'NONE',  ( 1.000000000000000000, 0.000000000000000000, 0.000000000000000000 ) ) ;
#3364 = AXIS2_PLACEMENT_3D ( 'NONE', #2963, #16, #3525 ) ;
#3365 = CIRCLE ( 'NONE', #3463, 0.2999999999999999334 ) ;
#3366 = CARTESIAN_POINT ( 'NONE',  ( 4.687102839788669151, -0.1922500000000000042, 1.844279695023479881 ) ) ;
#3367 = ORIENTED_EDGE ( 'NONE', *, *, #3420, .T. ) ;
#3368 = CARTESIAN_POINT ( 'NONE',  ( -2.732499999999999929, 0.7672499999999999876, -0.3800000000000000044 ) ) ;
#3369 = CARTESIAN_POINT ( 'NONE',  ( 0.9525000000000000133, -0.1922500000000000042, 2.160000000000000142 ) ) ;
#3370 = ORIENTED_EDGE ( 'NONE', *, *, #4155, .F. ) ;
#3371 = CIRCLE ( 'NONE', #3649, 0.1000000000000002554 ) ;
#3372 = EDGE_CURVE ( 'NONE', #81, #3647, #615, .T. ) ;
#3373 = VECTOR ( 'NONE', #3244, 1000.000000000000000 ) ;
#3374 = VERTEX_POINT ( 'NONE', #5532 ) ;
#3375 = ORIENTED_EDGE ( 'NONE', *, *, #745, .F. ) ;
#3376 = VECTOR ( 'NONE', #2388, 1000.000000000000000 ) ;
#3377 = EDGE_CURVE ( 'NONE', #2506, #1804, #4111, .T. ) ;
#3378 = EDGE_CURVE ( 'NONE', #100, #4677, #2784, .T. ) ;
#3379 = CIRCLE ( 'NONE', #1005, 0.5650556301437581475 ) ;
#3380 = CYLINDRICAL_SURFACE ( 'NONE', #3204, 0.5000000000000000000 ) ;
#3381 = CIRCLE ( 'NONE', #457, 0.1000000000000000056 ) ;
#3382 = ORIENTED_EDGE ( 'NONE', *, *, #1138, .T. ) ;
#3383 = LINE ( 'NONE', #1173, #451 ) ;
#3384 = SPHERICAL_SURFACE ( 'NONE', #5272, 0.1000000000000107470 ) ;
#3385 = CARTESIAN_POINT ( 'NONE',  ( 0.8682551399415080473, -0.09225000000000001255, 0.5815663338965619822 ) ) ;
#3386 = CARTESIAN_POINT ( 'NONE',  ( 3.270000000000000018, 3.047499999999999876, 0.000000000000000000 ) ) ;
#3387 = FACE_OUTER_BOUND ( 'NONE', #2419, .T. ) ;
#3388 = ORIENTED_EDGE ( 'NONE', *, *, #2201, .T. ) ;
#3389 = CARTESIAN_POINT ( 'NONE',  ( 3.572500000000000231, -0.09225000000000001255, 1.860000000000000098 ) ) ;
#3390 = CARTESIAN_POINT ( 'NONE',  ( -3.414865336152359987, -0.3451191649770700143, -2.660000000000000142 ) ) ;
#3391 = EDGE_LOOP ( 'NONE', ( #666, #5005, #2520 ) ) ;
#3392 = EDGE_CURVE ( 'NONE', #1228, #4563, #3765, .T. ) ;
#3393 = DIRECTION ( 'NONE',  ( -1.000000000000000000, 0.000000000000000000, 0.000000000000000000 ) ) ;
#3394 = DIRECTION ( 'NONE',  ( -1.000000000000000000, -2.607461112594720128E-44, 2.576741133545609991E-30 ) ) ;
#3395 = PRODUCT_DEFINITION_FORMATION_WITH_SPECIFIED_SOURCE ( 'ANY', '', #505, .NOT_KNOWN. ) ;
#3396 = SPHERICAL_SURFACE ( 'NONE', #5396, 0.1000000000000010880 ) ;
#3397 = AXIS2_PLACEMENT_3D ( 'NONE', #3521, #2587, #1904 ) ;
#3398 = CARTESIAN_POINT ( 'NONE',  ( 0.8524999999999999245, -0.1922500000000000042, -0.8629237369103519573 ) ) ;
#3399 = ORIENTED_EDGE ( 'NONE', *, *, #1719, .F. ) ;
#3400 = DIRECTION ( 'NONE',  ( 1.000000000000000000, 0.000000000000000000, 0.000000000000000000 ) ) ;
#3401 = CARTESIAN_POINT ( 'NONE',  ( 4.687102839788669151, -0.1922500000000000042, -1.944279695023479970 ) ) ;
#3402 = ORIENTED_EDGE ( 'NONE', *, *, #1133, .T. ) ;
#3403 = EDGE_CURVE ( 'NONE', #2931, #287, #1301, .T. ) ;
#3404 = TOROIDAL_SURFACE ( 'NONE', #2310, 0.2000000000000035638, 0.1000000000000006439 ) ;
#3405 = AXIS2_PLACEMENT_3D ( 'NONE', #4827, #855, #825 ) ;
#3406 = EDGE_LOOP ( 'NONE', ( #4963, #932, #2494, #2941 ) ) ;
#3407 = DIRECTION ( 'NONE',  ( -1.000000000000000000, -5.421010862427532031E-16, -4.336808689942025625E-15 ) ) ;
#3408 = EDGE_CURVE ( 'NONE', #356, #3207, #1647, .T. ) ;
#3409 = ORIENTED_EDGE ( 'NONE', *, *, #4967, .T. ) ;
#3410 = EDGE_LOOP ( 'NONE', ( #4573, #2503, #2558, #5672 ) ) ;
#3411 = DIRECTION ( 'NONE',  ( -0.4082482904638628507, -0.8164965809277257014, -0.4082482904638643495 ) ) ;
#3412 = ADVANCED_FACE ( 'NONE', ( #1614 ), #4341, .T. ) ;
#3413 = EDGE_CURVE ( 'NONE', #524, #4889, #717, .T. ) ;
#3414 = ORIENTED_EDGE ( 'NONE', *, *, #4810, .F. ) ;
#3415 = CARTESIAN_POINT ( 'NONE',  ( 0.4819120798423590091, -0.09225000000000001255, 0.000000000000000000 ) ) ;
#3416 = DIRECTION ( 'NONE',  ( 1.084202172485502067E-15, -1.000000000000000000, 0.000000000000000000 ) ) ;
#3417 = CARTESIAN_POINT ( 'NONE',  ( 0.6281220300064790374, -0.09225000000000001255, 0.3938154467924455115 ) ) ;
#3418 = DIRECTION ( 'NONE',  ( 0.000000000000000000, 0.000000000000000000, -1.000000000000000000 ) ) ;
#3419 = DIRECTION ( 'NONE',  ( 1.000000000000000000, 3.050063254464720219E-16, 0.000000000000000000 ) ) ;
#3420 = EDGE_CURVE ( 'NONE', #4068, #3983, #2074, .T. ) ;
#3421 = ORIENTED_EDGE ( 'NONE', *, *, #3378, .F. ) ;
#3422 = LINE ( 'NONE', #870, #3097 ) ;
#3423 = PLANE ( 'NONE',  #4388 ) ;
#3424 = ORIENTED_EDGE ( 'NONE', *, *, #2789, .T. ) ;
#3425 = CYLINDRICAL_SURFACE ( 'NONE', #4559, 0.1000000000000002554 ) ;
#3426 = CARTESIAN_POINT ( 'NONE',  ( 0.5171752024494759015, 0.08190452825825640659, 2.330000000000000071 ) ) ;
#3427 = CIRCLE ( 'NONE', #3886, 0.09999999999999982514 ) ;
#3428 = EDGE_CURVE ( 'NONE', #2883, #2536, #5404, .T. ) ;
#3429 = FACE_OUTER_BOUND ( 'NONE', #4633, .T. ) ;
#3430 = ORIENTED_EDGE ( 'NONE', *, *, #3392, .T. ) ;
#3431 = DIRECTION ( 'NONE',  ( 1.000000000000000000, 0.000000000000000000, 0.000000000000000000 ) ) ;
#3432 = DIRECTION ( 'NONE',  ( -1.000000000000000000, 0.000000000000000000, 0.000000000000000000 ) ) ;
#3433 = CARTESIAN_POINT ( 'NONE',  ( 3.545609128038689661, -0.7672499999999999876, -0.6562182560773820450 ) ) ;
#3434 = CIRCLE ( 'NONE', #3528, 0.1000000000000002554 ) ;
#3435 = CARTESIAN_POINT ( 'NONE',  ( -3.341666231221264827, -0.1521730769230780211, 0.000000000000000000 ) ) ;
#3436 = ORIENTED_EDGE ( 'NONE', *, *, #3164, .F. ) ;
#3437 = VERTEX_POINT ( 'NONE', #1678 ) ;
#3438 = AXIS2_PLACEMENT_3D ( 'NONE', #1122, #4989, #1042 ) ;
#3439 = FACE_OUTER_BOUND ( 'NONE', #4970, .T. ) ;
#3440 = EDGE_LOOP ( 'NONE', ( #4429, #4301, #1599, #1377 ) ) ;
#3441 = CARTESIAN_POINT ( 'NONE',  ( 0.5492081243723110351, 0.2625295485153745223, 2.380000000000000338 ) ) ;
#3442 = DIRECTION ( 'NONE',  ( 0.000000000000000000, 0.000000000000000000, -1.000000000000000000 ) ) ;
#3443 = CARTESIAN_POINT ( 'NONE',  ( 3.472499999999999698, -0.7672499999999999876, -2.060000000000000053 ) ) ;
#3444 = FACE_OUTER_BOUND ( 'NONE', #808, .T. ) ;
#3445 = LINE ( 'NONE', #2605, #4384 ) ;
#3446 = ADVANCED_FACE ( 'NONE', ( #4695 ), #343, .T. ) ;
#3447 = ADVANCED_FACE ( 'NONE', ( #1183 ), #3423, .F. ) ;
#3448 = EDGE_LOOP ( 'NONE', ( #1722, #4647, #416, #4618 ) ) ;
#3449 = PLANE ( 'NONE',  #5047 ) ;
#3450 = CIRCLE ( 'NONE', #1068, 0.09999999999999982514 ) ;
#3451 = ORIENTED_EDGE ( 'NONE', *, *, #1251, .T. ) ;
#3452 = DIRECTION ( 'NONE',  ( 0.000000000000000000, -1.000000000000000000, 0.000000000000000000 ) ) ;
#3453 = DIRECTION ( 'NONE',  ( 1.000000000000000000, 2.469915761387645069E-16, 4.345892835286174241E-17 ) ) ;
#3454 = ADVANCED_FACE ( 'NONE', ( #2524 ), #1916, .T. ) ;
#3455 = EDGE_CURVE ( 'NONE', #5139, #3898, #4483, .T. ) ;
#3456 = CARTESIAN_POINT ( 'NONE',  ( 2.972040853876690480, -3.047497946582585104, 0.6750175053834689409 ) ) ;
#3457 = CARTESIAN_POINT ( 'NONE',  ( -4.852500000000000036, -0.2322500000000000120, 0.000000000000000000 ) ) ;
#3458 = VERTEX_POINT ( 'NONE', #810 ) ;
#3459 = DIRECTION ( 'NONE',  ( 1.000000000000000000, 0.000000000000000000, 0.000000000000000000 ) ) ;
#3460 = DIRECTION ( 'NONE',  ( -5.421010862427520198E-16, 1.000000000000000000, 0.000000000000000000 ) ) ;
#3461 = CARTESIAN_POINT ( 'NONE',  ( 3.872500000000000053, -0.7672499999999999876, -2.602500000000000036 ) ) ;
#3462 = CARTESIAN_POINT ( 'NONE',  ( 3.372500000000000053, -0.7672499999999999876, 2.060000000000000053 ) ) ;
#3463 = AXIS2_PLACEMENT_3D ( 'NONE', #2832, #4597, #2409 ) ;
#3464 = ORIENTED_EDGE ( 'NONE', *, *, #1004, .F. ) ;
#3465 = DIRECTION ( 'NONE',  ( 0.000000000000000000, -1.000000000000000000, 0.000000000000000000 ) ) ;
#3466 = AXIS2_PLACEMENT_3D ( 'NONE', #404, #5675, #5239 ) ;
#3467 = ORIENTED_EDGE ( 'NONE', *, *, #1074, .T. ) ;
#3468 = VERTEX_POINT ( 'NONE', #1739 ) ;
#3469 = VECTOR ( 'NONE', #4611, 1000.000000000000000 ) ;
#3470 = DIRECTION ( 'NONE',  ( -5.284080787928079298E-49, 9.747408595971459080E-34, 1.000000000000000000 ) ) ;
#3471 = ORIENTED_EDGE ( 'NONE', *, *, #2060, .F. ) ;
#3472 = CARTESIAN_POINT ( 'NONE',  ( 0.6083569003329799552, 0.07753813299544939919, 2.380000000000000338 ) ) ;
#3473 = DIRECTION ( 'NONE',  ( -1.000000000000000000, -1.084202172485501673E-15, 0.000000000000000000 ) ) ;
#3474 = MECHANICAL_DESIGN_GEOMETRIC_PRESENTATION_REPRESENTATION (  '', ( #3478 ), #1459 ) ;
#3475 = CARTESIAN_POINT ( 'NONE',  ( 3.952973785412435159, -0.09225000000000001255, 1.957263992460099633 ) ) ;
#3476 = FACE_OUTER_BOUND ( 'NONE', #3608, .T. ) ;
#3477 = CARTESIAN_POINT ( 'NONE',  ( 3.399390871961310179, -0.7672499999999999876, -0.6562182560773820450 ) ) ;
#3478 = STYLED_ITEM ( 'NONE', ( #4511 ), #2652 ) ;
#3479 = ORIENTED_EDGE ( 'NONE', *, *, #1570, .F. ) ;
#3480 = LINE ( 'NONE', #3912, #4861 ) ;
#3481 = EDGE_CURVE ( 'NONE', #2803, #2347, #3735, .T. ) ;
#3482 = CARTESIAN_POINT ( 'NONE',  ( 3.372500000000000053, -0.1922500000000000042, 2.160000000000000142 ) ) ;
#3483 = CARTESIAN_POINT ( 'NONE',  ( -0.4006264186279420159, 0.4597725128299010033, 2.380000000000000338 ) ) ;
#3484 = CARTESIAN_POINT ( 'NONE',  ( 0.4587993498137819537, 0.2587350945008194958, 2.330000000000000071 ) ) ;
#3485 = CARTESIAN_POINT ( 'NONE',  ( 4.787102839788669684, -0.09224999999999888844, -1.844279695023479881 ) ) ;
#3486 = ADVANCED_FACE ( 'NONE', ( #841 ), #3913, .T. ) ;
#3487 = DIRECTION ( 'NONE',  ( 0.000000000000000000, -1.000000000000000000, 0.000000000000000000 ) ) ;
#3488 = ORIENTED_EDGE ( 'NONE', *, *, #2600, .T. ) ;
#3489 = DIRECTION ( 'NONE',  ( 0.000000000000000000, -0.9587981127083872179, -0.2840883296913740974 ) ) ;
#3490 = CARTESIAN_POINT ( 'NONE',  ( -4.120000000000000107, 0.03274999999999959888, -1.804999999999999938 ) ) ;
#3491 = ORIENTED_EDGE ( 'NONE', *, *, #1133, .F. ) ;
#3492 =( GEOMETRIC_REPRESENTATION_CONTEXT ( 3 ) GLOBAL_UNCERTAINTY_ASSIGNED_CONTEXT ( ( #2848 ) ) GLOBAL_UNIT_ASSIGNED_CONTEXT ( ( #5494, #201, #3726 ) ) REPRESENTATION_CONTEXT ( 'NONE', 'WORKASPACE' ) );
#3493 = ORIENTED_EDGE ( 'NONE', *, *, #4593, .F. ) ;
#3494 = DIRECTION ( 'NONE',  ( 0.5773502691896249539, 0.5773502691896273964, 0.5773502691896249539 ) ) ;
#3495 = ORIENTED_EDGE ( 'NONE', *, *, #4526, .T. ) ;
#3496 = ORIENTED_EDGE ( 'NONE', *, *, #1276, .F. ) ;
#3497 = VECTOR ( 'NONE', #1010, 1000.000000000000227 ) ;
#3498 = DIRECTION ( 'NONE',  ( -1.000000000000000000, -3.121165646469829784E-16, -9.247898211762458619E-17 ) ) ;
#3499 = ADVANCED_FACE ( 'NONE', ( #5648 ), #1708, .T. ) ;
#3500 = VECTOR ( 'NONE', #4279, 1000.000000000000000 ) ;
#3501 = VERTEX_POINT ( 'NONE', #3482 ) ;
#3502 = SURFACE_STYLE_FILL_AREA ( #1809 ) ;
#3503 = DIRECTION ( 'NONE',  ( 0.000000000000000000, 0.000000000000000000, 1.000000000000000000 ) ) ;
#3504 = LINE ( 'NONE', #5288, #3497 ) ;
#3505 = FILL_AREA_STYLE ('',( #3815 ) ) ;
#3506 = CARTESIAN_POINT ( 'NONE',  ( 4.852500000000000036, -0.7672499999999999876, -1.944279695023479970 ) ) ;
#3507 = CARTESIAN_POINT ( 'NONE',  ( 3.972500000000000142, -0.7672499999999999876, 2.602500000000000036 ) ) ;
#3508 = SURFACE_SIDE_STYLE ('',( #1766 ) ) ;
#3509 = ORIENTED_EDGE ( 'NONE', *, *, #3001, .F. ) ;
#3510 = DIRECTION ( 'NONE',  ( 0.000000000000000000, -1.000000000000000000, 0.000000000000000000 ) ) ;
#3511 = FACE_OUTER_BOUND ( 'NONE', #684, .T. ) ;
#3512 = CARTESIAN_POINT ( 'NONE',  ( 0.5057273086868220302, 0.1295150824209876095, 2.330000000000000071 ) ) ;
#3513 = VECTOR ( 'NONE', #2603, 1000.000000000000000 ) ;
#3514 = EDGE_CURVE ( 'NONE', #1808, #2803, #871, .T. ) ;
#3515 = DIRECTION ( 'NONE',  ( -0.8233548815373527008, 0.5675268619621558486, 0.000000000000000000 ) ) ;
#3516 = DIRECTION ( 'NONE',  ( -1.000000000000000000, 0.000000000000000000, 0.000000000000000000 ) ) ;
#3517 = ORIENTED_EDGE ( 'NONE', *, *, #2591, .F. ) ;
#3518 = CARTESIAN_POINT ( 'NONE',  ( -3.903095123049505233, -0.008589285714287549570, 0.000000000000000000 ) ) ;
#3519 = DIRECTION ( 'NONE',  ( -1.000000000000000000, -5.421010862427522170E-16, 0.000000000000000000 ) ) ;
#3520 = ORIENTED_EDGE ( 'NONE', *, *, #5351, .T. ) ;
#3521 = CARTESIAN_POINT ( 'NONE',  ( 2.803133701591289828, -2.580633701591290130, 2.079999999999999627 ) ) ;
#3522 = ADVANCED_FACE ( 'NONE', ( #2777 ), #1986, .T. ) ;
#3523 = ADVANCED_FACE ( 'NONE', ( #254 ), #1473, .T. ) ;
#3524 = VERTEX_POINT ( 'NONE', #3704 ) ;
#3525 = DIRECTION ( 'NONE',  ( 0.000000000000000000, 0.000000000000000000, 1.000000000000000000 ) ) ;
#3526 = VERTEX_POINT ( 'NONE', #4139 ) ;
#3527 = ORIENTED_EDGE ( 'NONE', *, *, #2992, .T. ) ;
#3528 = AXIS2_PLACEMENT_3D ( 'NONE', #1320, #4430, #4396 ) ;
#3529 = EDGE_CURVE ( 'NONE', #2883, #3349, #5498, .T. ) ;
#3530 = CIRCLE ( 'NONE', #1602, 0.09999999999999997780 ) ;
#3531 = ORIENTED_EDGE ( 'NONE', *, *, #332, .T. ) ;
#3532 =( LENGTH_UNIT ( ) NAMED_UNIT ( * ) SI_UNIT ( .MILLI., .METRE. ) );
#3533 = FACE_OUTER_BOUND ( 'NONE', #3015, .T. ) ;
#3534 = DIRECTION ( 'NONE',  ( -1.000000000000000000, -8.131516293641262547E-16, 0.000000000000000000 ) ) ;
#3535 = CARTESIAN_POINT ( 'NONE',  ( 0.4819120798423590091, -0.1922500000000000042, 0.3637895569954249786 ) ) ;
#3536 = DIRECTION ( 'NONE',  ( 1.000000000000000000, 0.000000000000000000, 0.000000000000000000 ) ) ;
#3537 = EDGE_CURVE ( 'NONE', #2867, #2225, #3325, .T. ) ;
#3538 = CIRCLE ( 'NONE', #3997, 0.1000000000000002554 ) ;
#3539 = ORIENTED_EDGE ( 'NONE', *, *, #1633, .F. ) ;
#3540 = DIRECTION ( 'NONE',  ( 0.000000000000000000, 0.000000000000000000, -1.000000000000000000 ) ) ;
#3541 = CARTESIAN_POINT ( 'NONE',  ( 3.772499999999999964, -0.1922500000000000042, 1.959999999999999964 ) ) ;
#3542 = DIRECTION ( 'NONE',  ( 0.000000000000000000, 0.000000000000000000, 1.000000000000000000 ) ) ;
#3543 = VERTEX_POINT ( 'NONE', #4112 ) ;
#3544 = CARTESIAN_POINT ( 'NONE',  ( -2.970000000000000195, -3.047499999999999876, 0.6750000000000000444 ) ) ;
#3545 = PLANE ( 'NONE',  #419 ) ;
#3546 = ORIENTED_EDGE ( 'NONE', *, *, #4833, .F. ) ;
#3547 = ORIENTED_EDGE ( 'NONE', *, *, #4372, .F. ) ;
#3548 = ORIENTED_EDGE ( 'NONE', *, *, #2193, .T. ) ;
#3549 = ORIENTED_EDGE ( 'NONE', *, *, #2940, .T. ) ;
#3550 = EDGE_CURVE ( 'NONE', #3524, #4006, #2333, .T. ) ;
#3551 = AXIS2_PLACEMENT_3D ( 'NONE', #4588, #2424, #4180 ) ;
#3552 = AXIS2_PLACEMENT_3D ( 'NONE', #5264, #3064, #2192 ) ;
#3553 = VERTEX_POINT ( 'NONE', #608 ) ;
#3554 = SURFACE_SIDE_STYLE ('',( #3502 ) ) ;
#3555 = ORIENTED_EDGE ( 'NONE', *, *, #5670, .T. ) ;
#3556 = FACE_OUTER_BOUND ( 'NONE', #2450, .T. ) ;
#3557 = ADVANCED_FACE ( 'NONE', ( #4576 ), #3757, .T. ) ;
#3558 = AXIS2_PLACEMENT_3D ( 'NONE', #470, #2256, #4088 ) ;
#3559 = CYLINDRICAL_SURFACE ( 'NONE', #656, 0.1000000000000002554 ) ;
#3560 = DIRECTION ( 'NONE',  ( -1.000000000000000000, -5.139921410301649810E-16, 0.000000000000000000 ) ) ;
#3561 = LINE ( 'NONE', #1409, #4942 ) ;
#3562 = AXIS2_PLACEMENT_3D ( 'NONE', #119, #2332, #5470 ) ;
#3563 = ORIENTED_EDGE ( 'NONE', *, *, #115, .F. ) ;
#3564 = CARTESIAN_POINT ( 'NONE',  ( 3.972500000000000142, -0.1922500000000000042, 2.502499999999999947 ) ) ;
#3565 = CARTESIAN_POINT ( 'NONE',  ( 3.872500000000000053, -0.09225000000000001255, 0.000000000000000000 ) ) ;
#3566 = SPHERICAL_SURFACE ( 'NONE', #3103, 0.3000000000000037081 ) ;
#3567 = AXIS2_PLACEMENT_3D ( 'NONE', #4072, #4238, #2900 ) ;
#3568 = EDGE_CURVE ( 'NONE', #2738, #2588, #3149, .T. ) ;
#3569 = DIRECTION ( 'NONE',  ( -1.000000000000000000, 0.000000000000000000, 0.000000000000000000 ) ) ;
#3570 = CARTESIAN_POINT ( 'NONE',  ( 3.972500000000000142, -0.2610000000000000098, 2.502499999999999947 ) ) ;
#3571 = EDGE_LOOP ( 'NONE', ( #1528, #1834, #3858, #4157 ) ) ;
#3572 = DIRECTION ( 'NONE',  ( -1.000000000000000000, -8.131516293641262547E-16, 0.000000000000000000 ) ) ;
#3573 = DIRECTION ( 'NONE',  ( 1.000000000000000000, 8.131516293641279311E-16, 0.000000000000000000 ) ) ;
#3574 = CARTESIAN_POINT ( 'NONE',  ( 0.9525000000000000133, -0.1922500000000000042, 2.060000000000000053 ) ) ;
#3575 = ORIENTED_EDGE ( 'NONE', *, *, #3622, .T. ) ;
#3576 = ORIENTED_EDGE ( 'NONE', *, *, #3098, .T. ) ;
#3577 = ORIENTED_EDGE ( 'NONE', *, *, #4752, .F. ) ;
#3578 = CARTESIAN_POINT ( 'NONE',  ( 2.803133701591289828, -0.7618749999999999689, 2.079999999999999627 ) ) ;
#3579 = STYLED_ITEM ( 'NONE', ( #5266 ), #4026 ) ;
#3580 = EDGE_CURVE ( 'NONE', #1152, #3934, #3730, .T. ) ;
#3581 = ORIENTED_EDGE ( 'NONE', *, *, #3343, .T. ) ;
#3582 = DIRECTION ( 'NONE',  ( -1.000000000000000000, 0.000000000000000000, 0.000000000000000000 ) ) ;
#3583 = VECTOR ( 'NONE', #4991, 1000.000000000000000 ) ;
#3584 = EDGE_LOOP ( 'NONE', ( #2907, #5315, #1217, #869 ) ) ;
#3585 = CARTESIAN_POINT ( 'NONE',  ( -1.222500000000000142, 0.7672499999999999876, 2.660000000000000142 ) ) ;
#3586 = CARTESIAN_POINT ( 'NONE',  ( -3.145735931288073495, -2.847500000000001030, 0.000000000000000000 ) ) ;
#3587 = CARTESIAN_POINT ( 'NONE',  ( -1.222500000000000142, 0.7672499999999999876, -0.3800000000000000044 ) ) ;
#3588 = CARTESIAN_POINT ( 'NONE',  ( 0.5733239114389059310, -0.2044834875729674983, 2.380000000000000338 ) ) ;
#3589 = VECTOR ( 'NONE', #2690, 1000.000000000000000 ) ;
#3590 =( GEOMETRIC_REPRESENTATION_CONTEXT ( 3 ) GLOBAL_UNCERTAINTY_ASSIGNED_CONTEXT ( ( #852 ) ) GLOBAL_UNIT_ASSIGNED_CONTEXT ( ( #4808, #2160, #1232 ) ) REPRESENTATION_CONTEXT ( 'NONE', 'WORKASPACE' ) );
#3591 = VECTOR ( 'NONE', #4935, 1000.000000000000000 ) ;
#3592 = EDGE_CURVE ( 'NONE', #1645, #4894, #5442, .T. ) ;
#3593 = VERTEX_POINT ( 'NONE', #693 ) ;
#3594 = DIRECTION ( 'NONE',  ( 1.000000000000000000, 5.421010862427532031E-16, 0.000000000000000000 ) ) ;
#3595 = DIRECTION ( 'NONE',  ( 0.000000000000000000, -1.000000000000000000, -2.891205793294679017E-15 ) ) ;
#3596 = EDGE_CURVE ( 'NONE', #4256, #3664, #2358, .T. ) ;
#3597 = EDGE_CURVE ( 'NONE', #5060, #3082, #2860, .T. ) ;
#3598 = DIRECTION ( 'NONE',  ( 0.000000000000000000, 0.000000000000000000, 1.000000000000000000 ) ) ;
#3599 = ORIENTED_EDGE ( 'NONE', *, *, #476, .F. ) ;
#3600 = CARTESIAN_POINT ( 'NONE',  ( -3.270000000000000018, 3.047499999999999876, 0.000000000000000000 ) ) ;
#3601 = CARTESIAN_POINT ( 'NONE',  ( 3.472499999999999698, -0.7672499999999999876, 2.060000000000000053 ) ) ;
#3602 = FACE_OUTER_BOUND ( 'NONE', #4707, .T. ) ;
#3603 = PRODUCT_DEFINITION ( 'UNKNOWN', '', #564, #4641 ) ;
#3604 = VERTEX_POINT ( 'NONE', #3650 ) ;
#3605 = ORIENTED_EDGE ( 'NONE', *, *, #3250, .F. ) ;
#3606 = VERTEX_POINT ( 'NONE', #5415 ) ;
#3607 =( BOUNDED_CURVE ( )  B_SPLINE_CURVE ( 3, ( #1439, #3189, #1792, #1817 ),
 .UNSPECIFIED., .F., .F. ) 
 B_SPLINE_CURVE_WITH_KNOTS ( ( 4, 4 ),
 ( 0.03331181698619709725, 0.07772391352221109939 ),
 .UNSPECIFIED. ) 
 CURVE ( )  GEOMETRIC_REPRESENTATION_ITEM ( )  RATIONAL_B_SPLINE_CURVE ( ( 1.000000000000000000, 0.9998356372276639981, 0.9998356372276639981, 1.000000000000000000 ) ) 
 REPRESENTATION_ITEM ( '' )  );
#3608 = EDGE_LOOP ( 'NONE', ( #509, #5310, #4521 ) ) ;
#3609 = VECTOR ( 'NONE', #3007, 1000.000000000000000 ) ;
#3610 = DIRECTION ( 'NONE',  ( 0.000000000000000000, 0.000000000000000000, 1.000000000000000000 ) ) ;
#3611 = ORIENTED_EDGE ( 'NONE', *, *, #3403, .F. ) ;
#3612 = DIRECTION ( 'NONE',  ( 0.000000000000000000, 0.000000000000000000, -1.000000000000000000 ) ) ;
#3613 = CARTESIAN_POINT ( 'NONE',  ( 0.9525000000000000133, -0.7672499999999999876, 2.160000000000000142 ) ) ;
#3614 = FACE_OUTER_BOUND ( 'NONE', #627, .T. ) ;
#3615 = DIRECTION ( 'NONE',  ( 0.000000000000000000, 0.000000000000000000, -1.000000000000000000 ) ) ;
#3616 = AXIS2_PLACEMENT_3D ( 'NONE', #1777, #5277, #1334 ) ;
#3617 = CARTESIAN_POINT ( 'NONE',  ( 0.000000000000000000, 0.000000000000000000, 0.1270000000000000018 ) ) ;
#3618 = VERTEX_POINT ( 'NONE', #1040 ) ;
#3619 = CARTESIAN_POINT ( 'NONE',  ( 4.952500000000000568, -0.09224999999999870803, -2.044279695023479615 ) ) ;
#3620 = DIRECTION ( 'NONE',  ( 1.000000000000000000, 0.000000000000000000, 0.000000000000000000 ) ) ;
#3621 = CARTESIAN_POINT ( 'NONE',  ( -4.852500000000000036, -0.6672500000000000098, -1.899999999999999911 ) ) ;
#3622 = EDGE_CURVE ( 'NONE', #4213, #1757, #1933, .T. ) ;
#3623 = LINE ( 'NONE', #5387, #3583 ) ;
#3624 = VECTOR ( 'NONE', #2412, 1000.000000000000000 ) ;
#3625 = DIRECTION ( 'NONE',  ( 0.000000000000000000, 0.000000000000000000, 1.000000000000000000 ) ) ;
#3626 = CARTESIAN_POINT ( 'NONE',  ( -3.341666231221264827, -0.1521730769230780211, 0.000000000000000000 ) ) ;
#3627 = ORIENTED_EDGE ( 'NONE', *, *, #653, .T. ) ;
#3628 = CARTESIAN_POINT ( 'NONE',  ( -1.222500000000000142, 0.7672499999999999876, -0.3800000000000000044 ) ) ;
#3629 = DIRECTION ( 'NONE',  ( -1.680513367352538184E-14, 1.000000000000000000, -8.131516293641313232E-15 ) ) ;
#3630 = ADVANCED_FACE ( 'NONE', ( #4687 ), #802, .T. ) ;
#3631 = CARTESIAN_POINT ( 'NONE',  ( 3.372500000000000053, -0.1922500000000000042, -2.160000000000000142 ) ) ;
#3632 = CIRCLE ( 'NONE', #700, 0.5000000000000000000 ) ;
#3633 = ORIENTED_EDGE ( 'NONE', *, *, #3237, .F. ) ;
#3634 = DIRECTION ( 'NONE',  ( 0.000000000000000000, 0.000000000000000000, -1.000000000000000000 ) ) ;
#3635 = ORIENTED_EDGE ( 'NONE', *, *, #3050, .T. ) ;
#3636 = ORIENTED_EDGE ( 'NONE', *, *, #4719, .T. ) ;
#3637 = ORIENTED_EDGE ( 'NONE', *, *, #3949, .F. ) ;
#3638 = SURFACE_STYLE_FILL_AREA ( #2770 ) ;
#3639 = ORIENTED_EDGE ( 'NONE', *, *, #3674, .F. ) ;
#3640 = CARTESIAN_POINT ( 'NONE',  ( 3.249390871961309823, -0.7672499999999999876, 0.6562182560773820450 ) ) ;
#3641 = AXIS2_PLACEMENT_3D ( 'NONE', #1972, #4702, #296 ) ;
#3642 = FACE_OUTER_BOUND ( 'NONE', #2471, .T. ) ;
#3643 = CARTESIAN_POINT ( 'NONE',  ( 0.000000000000000000, 5.507292758028077538E-17, 2.330000000000004956 ) ) ;
#3644 = CARTESIAN_POINT ( 'NONE',  ( 0.4892670315653450119, -0.3709748431614319775, 2.380000000000000338 ) ) ;
#3645 = CIRCLE ( 'NONE', #1166, 0.9999999999999692468 ) ;
#3646 = DIRECTION ( 'NONE',  ( 1.000000000000000000, 0.000000000000000000, 0.000000000000000000 ) ) ;
#3647 = VERTEX_POINT ( 'NONE', #3846 ) ;
#3648 = DIRECTION ( 'NONE',  ( 1.000000000000000000, 1.084202172485501673E-15, 0.000000000000000000 ) ) ;
#3649 = AXIS2_PLACEMENT_3D ( 'NONE', #3306, #2394, #2366 ) ;
#3650 = CARTESIAN_POINT ( 'NONE',  ( 3.695609128038689573, -0.7672499999999999876, -0.6562182560773820450 ) ) ;
#3651 = DIRECTION ( 'NONE',  ( -0.7923148865753557590, -1.301042606982580235E-14, 0.6101123835090395131 ) ) ;
#3652 = CARTESIAN_POINT ( 'NONE',  ( 0.8524999999999999245, -0.7672499999999999876, -2.160000000000000142 ) ) ;
#3653 = AXIS2_PLACEMENT_3D ( 'NONE', #5505, #5075, #2891 ) ;
#3654 = AXIS2_PLACEMENT_3D ( 'NONE', #3564, #1385, #3132 ) ;
#3655 = EDGE_CURVE ( 'NONE', #5665, #886, #2594, .T. ) ;
#3656 = CARTESIAN_POINT ( 'NONE',  ( 2.972040853876992905, -3.047497946582585993, 0.6750175053834761574 ) ) ;
#3657 = VECTOR ( 'NONE', #4466, 1000.000000000000000 ) ;
#3658 = CARTESIAN_POINT ( 'NONE',  ( -0.1307146481107805958, -0.5094754521695491478, 2.330000000000000071 ) ) ;
#3659 = ORIENTED_EDGE ( 'NONE', *, *, #1836, .T. ) ;
#3660 = CARTESIAN_POINT ( 'NONE',  ( -2.972040853876690480, -3.047497946582585548, 0.6750175053834688299 ) ) ;
#3661 = DIRECTION ( 'NONE',  ( -0.8856505754816621501, 0.4643522996055911012, 0.000000000000000000 ) ) ;
#3662 = VECTOR ( 'NONE', #862, 1000.000000000000000 ) ;
#3663 = ADVANCED_FACE ( 'NONE', ( #5177 ), #3384, .T. ) ;
#3664 = VERTEX_POINT ( 'NONE', #5608 ) ;
#3665 = ORIENTED_EDGE ( 'NONE', *, *, #2094, .T. ) ;
#3666 = B_SPLINE_CURVE_WITH_KNOTS ( 'NONE', 3,
 ( #484, #3990, #82, #893 ),
 .UNSPECIFIED., .F., .F.,
 ( 4, 4 ),
 ( 0.000000000000000000, 1.000000000000000000 ),
 .UNSPECIFIED. ) ;
#3667 = ORIENTED_EDGE ( 'NONE', *, *, #5251, .T. ) ;
#3668 =( NAMED_UNIT ( * ) PLANE_ANGLE_UNIT ( ) SI_UNIT ( $, .RADIAN. ) );
#3669 = ORIENTED_EDGE ( 'NONE', *, *, #5390, .F. ) ;
#3670 = DIRECTION ( 'NONE',  ( -1.000000000000000000, 0.000000000000000000, 0.000000000000000000 ) ) ;
#3671 = DIRECTION ( 'NONE',  ( -1.000000000000000000, 0.000000000000000000, 0.000000000000000000 ) ) ;
#3672 = LINE ( 'NONE', #863, #2692 ) ;
#3673 = CARTESIAN_POINT ( 'NONE',  ( -0.2044834875729594770, -0.5733239114389109270, 2.380000000000000338 ) ) ;
#3674 = EDGE_CURVE ( 'NONE', #3437, #4174, #130, .T. ) ;
#3675 =( NAMED_UNIT ( * ) SI_UNIT ( $, .STERADIAN. ) SOLID_ANGLE_UNIT ( ) );
#3676 = AXIS2_PLACEMENT_3D ( 'NONE', #5376, #1321, #3993 ) ;
#3677 = ORIENTED_EDGE ( 'NONE', *, *, #149, .F. ) ;
#3678 = CARTESIAN_POINT ( 'NONE',  ( -2.803133701591289828, -2.712318337075284802, 2.349553625049725092 ) ) ;
#3679 = DIRECTION ( 'NONE',  ( 0.05882415968471767925, 0.000000000000000000, 0.9982683598298539573 ) ) ;
#3680 = CARTESIAN_POINT ( 'NONE',  ( -0.3943076977342180323, 0.3436167100760140203, 2.330000000000000071 ) ) ;
#3681 = CARTESIAN_POINT ( 'NONE',  ( -3.242815959658425395, 0.04809771563645290349, 1.899999999999999911 ) ) ;
#3682 = AXIS2_PLACEMENT_3D ( 'NONE', #283, #1610, #2977 ) ;
#3683 = AXIS2_PLACEMENT_3D ( 'NONE', #1855, #2259, #3168 ) ;
#3684 = LINE ( 'NONE', #5447, #4203 ) ;
#3685 = CARTESIAN_POINT ( 'NONE',  ( 0.08175576762295529154, -0.5172339252429389855, 2.330000000000000071 ) ) ;
#3686 = ORIENTED_EDGE ( 'NONE', *, *, #3329, .F. ) ;
#3687 = CARTESIAN_POINT ( 'NONE',  ( -2.855207625734559773, 0.2322500000000000120, -1.899999999999999911 ) ) ;
#3688 = DIRECTION ( 'NONE',  ( -1.434407882641075977E-14, 1.000000000000000000, -1.434407882641054836E-14 ) ) ;
#3689 = DIRECTION ( 'NONE',  ( -2.593979029498029835E-16, -1.000000000000000000, 0.000000000000000000 ) ) ;
#3690 = ORIENTED_EDGE ( 'NONE', *, *, #3268, .F. ) ;
#3691 = ORIENTED_EDGE ( 'NONE', *, *, #5296, .T. ) ;
#3692 = EDGE_CURVE ( 'NONE', #4539, #1516, #2057, .T. ) ;
#3693 = CIRCLE ( 'NONE', #2044, 0.2999999999999999334 ) ;
#3694 = ORIENTED_EDGE ( 'NONE', *, *, #4372, .T. ) ;
#3695 = VERTEX_POINT ( 'NONE', #2488 ) ;
#3696 = AXIS2_PLACEMENT_3D ( 'NONE', #3170, #188, #1829 ) ;
#3697 = DIRECTION ( 'NONE',  ( 5.421010862427520198E-16, -1.000000000000000000, 0.000000000000000000 ) ) ;
#3698 = LINE ( 'NONE', #664, #1387 ) ;
#3699 = EDGE_CURVE ( 'NONE', #4564, #1142, #5145, .T. ) ;
#3700 = EDGE_CURVE ( 'NONE', #245, #5515, #3813, .T. ) ;
#3701 = DIRECTION ( 'NONE',  ( -1.000000000000000000, -8.131516293641262547E-16, 0.000000000000000000 ) ) ;
#3702 = ORIENTED_EDGE ( 'NONE', *, *, #4692, .F. ) ;
#3703 = CARTESIAN_POINT ( 'NONE',  ( -2.970000000000000195, -2.947500000000000231, 0.3375000000000000222 ) ) ;
#3704 = CARTESIAN_POINT ( 'NONE',  ( -2.970000000000000195, -2.847500000000000142, -1.355252715606880080E-17 ) ) ;
#3705 = FACE_OUTER_BOUND ( 'NONE', #3206, .T. ) ;
#3706 = CARTESIAN_POINT ( 'NONE',  ( -3.903095123049499904, -0.008589285714289648585, 1.804999999999999938 ) ) ;
#3707 = CARTESIAN_POINT ( 'NONE',  ( 4.687102839788669151, -0.7672499999999999876, 1.844279695023479881 ) ) ;
#3708 = VECTOR ( 'NONE', #177, 1000.000000000000000 ) ;
#3709 = ADVANCED_FACE ( 'NONE', ( #4249 ), #4657, .T. ) ;
#3710 = CYLINDRICAL_SURFACE ( 'NONE', #3194, 0.09999999999999982514 ) ;
#3711 = CARTESIAN_POINT ( 'NONE',  ( 4.852500000000000036, -0.1922500000000000042, -2.502499999999999947 ) ) ;
#3712 = VERTEX_POINT ( 'NONE', #2158 ) ;
#3713 = FACE_OUTER_BOUND ( 'NONE', #3740, .T. ) ;
#3714 = LINE ( 'NONE', #4202, #785 ) ;
#3715 = AXIS2_PLACEMENT_3D ( 'NONE', #5080, #1969, #4586 ) ;
#3716 = UNCERTAINTY_MEASURE_WITH_UNIT (LENGTH_MEASURE( 1.000000000000000082E-05 ), #1499, 'distance_accuracy_value', 'NONE');
#3717 = CARTESIAN_POINT ( 'NONE',  ( -4.852500000000000036, -0.2322500000000000120, -2.660000000000000142 ) ) ;
#3718 = ORIENTED_EDGE ( 'NONE', *, *, #3529, .F. ) ;
#3719 = ORIENTED_EDGE ( 'NONE', *, *, #183, .T. ) ;
#3720 = CIRCLE ( 'NONE', #4273, 0.09999999999999982514 ) ;
#3721 = EDGE_CURVE ( 'NONE', #3593, #3374, #1728, .T. ) ;
#3722 = ORIENTED_EDGE ( 'NONE', *, *, #1004, .T. ) ;
#3723 = ORIENTED_EDGE ( 'NONE', *, *, #2094, .F. ) ;
#3724 = DIRECTION ( 'NONE',  ( 0.000000000000000000, 1.000000000000000000, 0.000000000000000000 ) ) ;
#3725 = CARTESIAN_POINT ( 'NONE',  ( 4.852500000000000036, -0.1922500000000000042, -2.044279695023479615 ) ) ;
#3726 =( NAMED_UNIT ( * ) SI_UNIT ( $, .STERADIAN. ) SOLID_ANGLE_UNIT ( ) );
#3727 = EDGE_CURVE ( 'NONE', #1949, #492, #219, .T. ) ;
#3728 = EDGE_LOOP ( 'NONE', ( #2406, #3388, #3961, #3719 ) ) ;
#3729 = CARTESIAN_POINT ( 'NONE',  ( 3.828095555460800270, -0.09225000000000001255, -1.860000000000000098 ) ) ;
#3730 = LINE ( 'NONE', #1584, #1416 ) ;
#3731 = CARTESIAN_POINT ( 'NONE',  ( 4.412499999999999645, -0.4297500000000000209, 2.602500000000000036 ) ) ;
#3732 = CARTESIAN_POINT ( 'NONE',  ( -4.852500000000000036, -0.3322500000000000453, 1.899999999999999911 ) ) ;
#3733 = CIRCLE ( 'NONE', #1999, 0.1000000000000000056 ) ;
#3734 = VECTOR ( 'NONE', #2026, 1000.000000000000000 ) ;
#3735 = CIRCLE ( 'NONE', #2003, 0.1499999999999999667 ) ;
#3736 = ADVANCED_FACE ( 'NONE', ( #1230 ), #723, .F. ) ;
#3737 = ORIENTED_EDGE ( 'NONE', *, *, #4787, .T. ) ;
#3738 = CARTESIAN_POINT ( 'NONE',  ( -3.055000000000000160, 0.7672499999999999876, -1.899999999999999911 ) ) ;
#3739 = CARTESIAN_POINT ( 'NONE',  ( 0.3181927426440809836, -0.4195747179604514820, 2.330000000000000071 ) ) ;
#3740 = EDGE_LOOP ( 'NONE', ( #910, #5156, #3409, #1723 ) ) ;
#3741 = CARTESIAN_POINT ( 'NONE',  ( 0.8595657323745139466, -0.09225000000000001255, -0.5707548253180929620 ) ) ;
#3742 = SPHERICAL_SURFACE ( 'NONE', #1524, 0.09999999999997712108 ) ;
#3743 = CIRCLE ( 'NONE', #1267, 0.1000000000000002554 ) ;
#3744 = ADVANCED_FACE ( 'NONE', ( #2515 ), #2098, .F. ) ;
#3745 = EDGE_LOOP ( 'NONE', ( #4537, #4584, #2660, #5495, #3834, #1287 ) ) ;
#3746 = VERTEX_POINT ( 'NONE', #4777 ) ;
#3747 = AXIS2_PLACEMENT_3D ( 'NONE', #2037, #5638, #4219 ) ;
#3748 = VERTEX_POINT ( 'NONE', #280 ) ;
#3749 = ORIENTED_EDGE ( 'NONE', *, *, #5251, .F. ) ;
#3750 = CARTESIAN_POINT ( 'NONE',  ( 4.684733912726489535, -0.09224999999999880518, 2.024386399958185034 ) ) ;
#3751 = CARTESIAN_POINT ( 'NONE',  ( -0.3017308323983114438, -0.5349199982453920477, 2.380000000000000338 ) ) ;
#3752 = EDGE_CURVE ( 'NONE', #4947, #1804, #5639, .T. ) ;
#3753 = ITEM_DEFINED_TRANSFORMATION ( 'NONE', 'NONE', #191,  #931 ) ;
#3754 = ORIENTED_EDGE ( 'NONE', *, *, #4297, .T. ) ;
#3755 = CIRCLE ( 'NONE', #828, 0.2999999999999996003 ) ;
#3756 = DIRECTION ( 'NONE',  ( 1.084202172485502067E-15, -1.000000000000000000, 0.000000000000000000 ) ) ;
#3757 = CYLINDRICAL_SURFACE ( 'NONE', #4453, 0.1000000000000002554 ) ;
#3758 = LINE ( 'NONE', #5524, #777 ) ;
#3759 = DIRECTION ( 'NONE',  ( 3.043885184837802265E-31, -1.017966884454949674E-14, 1.000000000000000000 ) ) ;
#3760 = EDGE_CURVE ( 'NONE', #3898, #680, #2038, .T. ) ;
#3761 = EDGE_CURVE ( 'NONE', #1992, #3115, #5205, .T. ) ;
#3762 = AXIS2_PLACEMENT_3D ( 'NONE', #3617, #2749, #3646 ) ;
#3763 = ORIENTED_EDGE ( 'NONE', *, *, #4371, .F. ) ;
#3764 = CARTESIAN_POINT ( 'NONE',  ( 3.972500000000000142, -0.1922500000000000042, -2.502499999999999947 ) ) ;
#3765 = LINE ( 'NONE', #2892, #1451 ) ;
#3766 = ORIENTED_EDGE ( 'NONE', *, *, #605, .F. ) ;
#3767 = CARTESIAN_POINT ( 'NONE',  ( -3.819148566720100835, 0.2118780199885298143, -2.660000000000000142 ) ) ;
#3768 = AXIS2_PLACEMENT_3D ( 'NONE', #4460, #2630, #3094 ) ;
#3769 = SPHERICAL_SURFACE ( 'NONE', #2513, 0.09999999999998272771 ) ;
#3770 = EDGE_CURVE ( 'NONE', #2429, #3983, #3785, .T. ) ;
#3771 = EDGE_CURVE ( 'NONE', #3501, #4064, #5287, .T. ) ;
#3772 = VECTOR ( 'NONE', #3154, 1000.000000000000000 ) ;
#3773 = VECTOR ( 'NONE', #1049, 1000.000000000000114 ) ;
#3774 = CARTESIAN_POINT ( 'NONE',  ( 3.269704183480206527, -2.749247090774314284, 0.6775218358312494749 ) ) ;
#3775 = VERTEX_POINT ( 'NONE', #2661 ) ;
#3776 = SURFACE_STYLE_USAGE ( .BOTH. , #3832 ) ;
#3777 = EDGE_LOOP ( 'NONE', ( #1493, #3402, #623, #3980 ) ) ;
#3778 = VERTEX_POINT ( 'NONE', #3092 ) ;
#3779 = EDGE_LOOP ( 'NONE', ( #2765, #2824, #3839, #661 ) ) ;
#3780 = CARTESIAN_POINT ( 'NONE',  ( -0.5301402761854530077, -0.2993161962930575570, 2.380000000000000338 ) ) ;
#3781 = PRODUCT_CONTEXT ( 'NONE', #2581, 'mechanical' ) ;
#3782 = ORIENTED_EDGE ( 'NONE', *, *, #2164, .T. ) ;
#3783 = CARTESIAN_POINT ( 'NONE',  ( 4.587102839788670394, -0.09224999999999888844, 0.000000000000000000 ) ) ;
#3784 = ADVANCED_FACE ( 'NONE', ( #2601 ), #5259, .T. ) ;
#3785 = LINE ( 'NONE', #1378, #1514 ) ;
#3786 = CARTESIAN_POINT ( 'NONE',  ( 3.399390871961310179, -0.09225000000000001255, 0.8062182560773819562 ) ) ;
#3787 = DIRECTION ( 'NONE',  ( 0.000000000000000000, -1.000000000000000000, 0.000000000000000000 ) ) ;
#3788 = DIRECTION ( 'NONE',  ( 1.000000000000000000, 0.000000000000000000, 0.000000000000000000 ) ) ;
#3789 =( BOUNDED_CURVE ( )  B_SPLINE_CURVE ( 3, ( #3937, #1347, #3586, #519 ),
 .UNSPECIFIED., .F., .F. ) 
 B_SPLINE_CURVE_WITH_KNOTS ( ( 4, 4 ),
 ( 1.570796326794899889, 3.141592653589795336 ),
 .UNSPECIFIED. ) 
 CURVE ( )  GEOMETRIC_REPRESENTATION_ITEM ( )  RATIONAL_B_SPLINE_CURVE ( ( 1.000000000000000000, 0.8047378541243649375, 0.8047378541243649375, 1.000000000000000000 ) ) 
 REPRESENTATION_ITEM ( '' )  );
#3790 = ORIENTED_EDGE ( 'NONE', *, *, #625, .F. ) ;
#3791 = CARTESIAN_POINT ( 'NONE',  ( -3.070526283876589879, -2.708506501081944684, 2.126365440677534746 ) ) ;
#3792 = ADVANCED_FACE ( 'NONE', ( #3556 ), #2629, .F. ) ;
#3793 = DIRECTION ( 'NONE',  ( 0.000000000000000000, 0.000000000000000000, -1.000000000000000000 ) ) ;
#3794 = ORIENTED_EDGE ( 'NONE', *, *, #4931, .T. ) ;
#3795 = CIRCLE ( 'NONE', #3334, 0.5000000000000000000 ) ;
#3796 = DIRECTION ( 'NONE',  ( 0.000000000000000000, 0.000000000000000000, 1.000000000000000000 ) ) ;
#3797 = CARTESIAN_POINT ( 'NONE',  ( -2.866011742435759846, -0.1013778989213650061, 2.660000000000000142 ) ) ;
#3798 = CARTESIAN_POINT ( 'NONE',  ( -3.414865336152359987, -0.3451191649770700143, 1.899999999999999911 ) ) ;
#3799 = EDGE_CURVE ( 'NONE', #1142, #4403, #3795, .T. ) ;
#3800 = EDGE_LOOP ( 'NONE', ( #946, #4565, #2572, #4510, #317, #4648 ) ) ;
#3801 = CARTESIAN_POINT ( 'NONE',  ( -3.819148566720100835, 0.2118780199885298143, 1.899999999999999911 ) ) ;
#3802 = VERTEX_POINT ( 'NONE', #1345 ) ;
#3803 = AXIS2_PLACEMENT_3D ( 'NONE', #4448, #2344, #4093 ) ;
#3804 = ORIENTED_EDGE ( 'NONE', *, *, #3550, .T. ) ;
#3805 = ORIENTED_EDGE ( 'NONE', *, *, #2040, .T. ) ;
#3806 = DIRECTION ( 'NONE',  ( -1.000000000000000000, -5.421010862427532031E-16, 0.000000000000000000 ) ) ;
#3807 = AXIS2_PLACEMENT_3D ( 'NONE', #2137, #3884, #5676 ) ;
#3808 = EDGE_CURVE ( 'NONE', #1521, #2536, #306, .T. ) ;
#3809 = APPLICATION_PROTOCOL_DEFINITION ( 'draft international standard', 'automotive_design', 1998, #837 ) ;
#3810 = ORIENTED_EDGE ( 'NONE', *, *, #5370, .T. ) ;
#3811 = VECTOR ( 'NONE', #1241, 1000.000000000000000 ) ;
#3812 = CARTESIAN_POINT ( 'NONE',  ( 0.9525000000000000133, -0.1922500000000000042, 2.060000000000000053 ) ) ;
#3813 = LINE ( 'NONE', #3352, #1600 ) ;
#3814 = LINE ( 'NONE', #4250, #690 ) ;
#3815 = FILL_AREA_STYLE_COLOUR ( '', #662 ) ;
#3816 = CARTESIAN_POINT ( 'NONE',  ( -2.803133701591284943, 2.495677398353394860, 2.079999999999999627 ) ) ;
#3817 = DIRECTION ( 'NONE',  ( -7.228014483236700500E-16, 1.000000000000000000, 0.000000000000000000 ) ) ;
#3818 = ORIENTED_EDGE ( 'NONE', *, *, #1496, .F. ) ;
#3819 = FACE_OUTER_BOUND ( 'NONE', #839, .T. ) ;
#3820 = CARTESIAN_POINT ( 'NONE',  ( -3.414865336152359987, -0.3451191649770700143, 2.660000000000000142 ) ) ;
#3821 = ORIENTED_EDGE ( 'NONE', *, *, #4330, .T. ) ;
#3822 = EDGE_CURVE ( 'NONE', #718, #5662, #4923, .T. ) ;
#3823 = DIRECTION ( 'NONE',  ( 0.000000000000000000, 0.000000000000000000, 1.000000000000000000 ) ) ;
#3824 = CARTESIAN_POINT ( 'NONE',  ( -2.855207625734559773, -0.2677499999999999880, 0.000000000000000000 ) ) ;
#3825 = VECTOR ( 'NONE', #3515, 1000.000000000000227 ) ;
#3826 = EDGE_CURVE ( 'NONE', #4182, #4563, #3672, .T. ) ;
#3827 = CIRCLE ( 'NONE', #1354, 0.5000000000000000000 ) ;
#3828 = DIRECTION ( 'NONE',  ( -1.000000000000000000, -8.131516293641262547E-16, 0.000000000000000000 ) ) ;
#3829 = FACE_OUTER_BOUND ( 'NONE', #2687, .T. ) ;
#3830 = ORIENTED_EDGE ( 'NONE', *, *, #823, .T. ) ;
#3831 = AXIS2_PLACEMENT_3D ( 'NONE', #4346, #3916, #5243 ) ;
#3832 = SURFACE_SIDE_STYLE ('',( #3638 ) ) ;
#3833 = CARTESIAN_POINT ( 'NONE',  ( -3.101090794297179709, 2.495677398353389975, 2.114950978616529920 ) ) ;
#3834 = ORIENTED_EDGE ( 'NONE', *, *, #3849, .T. ) ;
#3835 = EDGE_CURVE ( 'NONE', #1055, #4644, #3434, .T. ) ;
#3836 = AXIS2_PLACEMENT_3D ( 'NONE', #5268, #2668, #3594 ) ;
#3837 = ORIENTED_EDGE ( 'NONE', *, *, #4968, .T. ) ;
#3838 = ORIENTED_EDGE ( 'NONE', *, *, #3085, .F. ) ;
#3839 = ORIENTED_EDGE ( 'NONE', *, *, #4798, .T. ) ;
#3840 = AXIS2_PLACEMENT_3D ( 'NONE', #3965, #4865, #2712 ) ;
#3841 = FACE_OUTER_BOUND ( 'NONE', #2456, .T. ) ;
#3842 = ADVANCED_FACE ( 'NONE', ( #3936 ), #4365, .T. ) ;
#3843 = AXIS2_PLACEMENT_3D ( 'NONE', #4710, #1724, #4243 ) ;
#3844 = ORIENTED_EDGE ( 'NONE', *, *, #4536, .F. ) ;
#3845 = FACE_OUTER_BOUND ( 'NONE', #1426, .T. ) ;
#3846 = CARTESIAN_POINT ( 'NONE',  ( -1.222500000000000142, 0.2322500000000000120, 1.899999999999999911 ) ) ;
#3847 = FACE_OUTER_BOUND ( 'NONE', #3745, .T. ) ;
#3848 = DIRECTION ( 'NONE',  ( 0.4082482904639015420, -0.8164965809277010544, 0.4082482904638743415 ) ) ;
#3849 = EDGE_CURVE ( 'NONE', #4793, #3897, #4806, .T. ) ;
#3850 = DIRECTION ( 'NONE',  ( -1.000000000000000000, 0.000000000000000000, 0.000000000000000000 ) ) ;
#3851 = ORIENTED_EDGE ( 'NONE', *, *, #2849, .T. ) ;
#3852 = DIRECTION ( 'NONE',  ( 0.000000000000000000, 0.000000000000000000, 1.000000000000000000 ) ) ;
#3853 = ORIENTED_EDGE ( 'NONE', *, *, #3770, .F. ) ;
#3854 = DIRECTION ( 'NONE',  ( 1.000000000000000000, 0.000000000000000000, 0.000000000000000000 ) ) ;
#3855 = CARTESIAN_POINT ( 'NONE',  ( 0.5217543599545370059, 0.03308437189113884458, 2.330000000000000071 ) ) ;
#3856 = CYLINDRICAL_SURFACE ( 'NONE', #5222, 0.1000000000000000056 ) ;
#3857 = CIRCLE ( 'NONE', #1662, 0.05000000000000002359 ) ;
#3858 = ORIENTED_EDGE ( 'NONE', *, *, #3233, .F. ) ;
#3859 = FACE_OUTER_BOUND ( 'NONE', #3391, .T. ) ;
#3860 = VECTOR ( 'NONE', #1304, 1000.000000000000000 ) ;
#3861 = LINE ( 'NONE', #3401, #1056 ) ;
#3862 = CARTESIAN_POINT ( 'NONE',  ( 4.852500000000000036, -0.1922500000000000042, -2.502499999999999947 ) ) ;
#3863 = CIRCLE ( 'NONE', #2400, 0.2999999999999999889 ) ;
#3864 = AXIS2_PLACEMENT_3D ( 'NONE', #4278, #5262, #3418 ) ;
#3865 = AXIS2_PLACEMENT_3D ( 'NONE', #4446, #2674, #4882 ) ;
#3866 = CARTESIAN_POINT ( 'NONE',  ( 3.372500000000000053, -0.7672499999999999876, -2.160000000000000142 ) ) ;
#3867 = VERTEX_POINT ( 'NONE', #56 ) ;
#3868 = ORIENTED_EDGE ( 'NONE', *, *, #3596, .F. ) ;
#3869 = ADVANCED_FACE ( 'NONE', ( #3059 ), #2218, .T. ) ;
#3870 = DIRECTION ( 'NONE',  ( 0.000000000000000000, 0.000000000000000000, 1.000000000000000000 ) ) ;
#3871 = VERTEX_POINT ( 'NONE', #3585 ) ;
#3872 = DIRECTION ( 'NONE',  ( 5.421010862427520198E-16, -1.000000000000000000, 0.000000000000000000 ) ) ;
#3873 = ADVANCED_FACE ( 'NONE', ( #894 ), #2272, .T. ) ;
#3874 = DIRECTION ( 'NONE',  ( 1.000000000000000000, 0.000000000000000000, 0.000000000000000000 ) ) ;
#3875 = ADVANCED_FACE ( 'NONE', ( #3533 ), #4021, .T. ) ;
#3876 = CARTESIAN_POINT ( 'NONE',  ( 3.874868927062184998, -0.09225000000000001255, 1.879893295065280023 ) ) ;
#3877 = SURFACE_STYLE_FILL_AREA ( #3505 ) ;
#3878 = DIRECTION ( 'NONE',  ( 0.000000000000000000, 0.000000000000000000, 1.000000000000000000 ) ) ;
#3879 = LINE ( 'NONE', #3909, #711 ) ;
#3880 = ORIENTED_EDGE ( 'NONE', *, *, #295, .T. ) ;
#3881 = CARTESIAN_POINT ( 'NONE',  ( 3.249390871961309823, -0.7672499999999999876, -0.6562182560773820450 ) ) ;
#3882 = DIRECTION ( 'NONE',  ( -5.482582837655000045E-16, 1.000000000000000000, 0.000000000000000000 ) ) ;
#3883 = VERTEX_POINT ( 'NONE', #1406 ) ;
#3884 = DIRECTION ( 'NONE',  ( -0.4082482904638337073, -0.8164965809277320297, -0.4082482904638801147 ) ) ;
#3885 = CARTESIAN_POINT ( 'NONE',  ( 0.1307146481107629987, 0.5094754521695491478, 2.330000000000000071 ) ) ;
#3886 = AXIS2_PLACEMENT_3D ( 'NONE', #1025, #3229, #4558 ) ;
#3887 = CARTESIAN_POINT ( 'NONE',  ( 3.972499999999997033, -0.1922500000000055553, -2.502500000000002167 ) ) ;
#3888 = FILL_AREA_STYLE ('',( #3917 ) ) ;
#3889 = ORIENTED_EDGE ( 'NONE', *, *, #4156, .F. ) ;
#3890 = CARTESIAN_POINT ( 'NONE',  ( 0.8524999999999999245, -0.7672499999999999876, 0.8629237369103519573 ) ) ;
#3891 = CARTESIAN_POINT ( 'NONE',  ( -4.952500000000000568, -0.6672500000000000098, 2.660000000000000142 ) ) ;
#3892 = DIRECTION ( 'NONE',  ( -7.228014483236700500E-16, 1.000000000000000000, 0.000000000000000000 ) ) ;
#3893 = VECTOR ( 'NONE', #5597, 1000.000000000000000 ) ;
#3894 = EDGE_CURVE ( 'NONE', #3647, #3606, #4487, .T. ) ;
#3895 = ORIENTED_EDGE ( 'NONE', *, *, #3550, .F. ) ;
#3896 = CARTESIAN_POINT ( 'NONE',  ( 4.587102839788670394, -0.1922500000000000042, -0.9721398475117399851 ) ) ;
#3897 = VERTEX_POINT ( 'NONE', #111 ) ;
#3898 = VERTEX_POINT ( 'NONE', #2188 ) ;
#3899 = CIRCLE ( 'NONE', #1425, 0.1000000000000002554 ) ;
#3900 = CARTESIAN_POINT ( 'NONE',  ( -3.208994713321153380, -2.931551321120277276, 0.6872790746909863691 ) ) ;
#3901 = ADVANCED_FACE ( 'NONE', ( #602 ), #139, .T. ) ;
#3902 = ORIENTED_EDGE ( 'NONE', *, *, #1950, .F. ) ;
#3903 = CARTESIAN_POINT ( 'NONE',  ( 0.2044834875729610035, 0.5733239114389089286, 2.380000000000000338 ) ) ;
#3904 = DIRECTION ( 'NONE',  ( 0.000000000000000000, 0.000000000000000000, 1.000000000000000000 ) ) ;
#3905 = CYLINDRICAL_SURFACE ( 'NONE', #1297, 0.1000000000000002554 ) ;
#3906 = CARTESIAN_POINT ( 'NONE',  ( -3.270000000000000018, -2.534608270214920189, 0.000000000000000000 ) ) ;
#3907 = DIRECTION ( 'NONE',  ( -1.000000000000000000, -1.421660098671661550E-14, 0.000000000000000000 ) ) ;
#3909 = CARTESIAN_POINT ( 'NONE',  ( -4.270000000000000462, -0.7672499999999999876, 2.660000000000000142 ) ) ;
#3908 = CIRCLE ( 'NONE', #3171, 0.1000000000000000472 ) ;
#3910 = ADVANCED_FACE ( 'NONE', ( #2744 ), #1464, .T. ) ;
#3911 = ORIENTED_EDGE ( 'NONE', *, *, #3106, .F. ) ;
#3912 = CARTESIAN_POINT ( 'NONE',  ( -4.952500000000000568, 0.2322500000000000120, -1.899999999999999911 ) ) ;
#3913 = PLANE ( 'NONE',  #2723 ) ;
#3914 = CARTESIAN_POINT ( 'NONE',  ( 4.897221359549989828, -0.1028072809000064036, -2.502499999999999947 ) ) ;
#3915 = EDGE_CURVE ( 'NONE', #2728, #4492, #1874, .T. ) ;
#3916 = DIRECTION ( 'NONE',  ( 0.000000000000000000, 0.000000000000000000, 1.000000000000000000 ) ) ;
#3917 = FILL_AREA_STYLE_COLOUR ( '', #2027 ) ;
#3918 = EDGE_LOOP ( 'NONE', ( #3981, #4801, #3690, #5541, #2088, #5078 ) ) ;
#3919 = DIRECTION ( 'NONE',  ( 0.000000000000000000, 0.000000000000000000, -1.000000000000000000 ) ) ;
#3920 = DIRECTION ( 'NONE',  ( -0.4082482904638628507, -0.8164965809277257014, 0.4082482904638643495 ) ) ;
#3921 = CARTESIAN_POINT ( 'NONE',  ( -3.101090794297179709, -2.580633701591290130, 2.114950978616529920 ) ) ;
#3922 = DIRECTION ( 'NONE',  ( -0.000000000000000000, 1.000000000000000000, 0.000000000000000000 ) ) ;
#3923 = AXIS2_PLACEMENT_3D ( 'NONE', #1526, #5518, #1170 ) ;
#3924 = EDGE_CURVE ( 'NONE', #2877, #126, #4706, .T. ) ;
#3925 = ORIENTED_EDGE ( 'NONE', *, *, #997, .T. ) ;
#3926 = FACE_OUTER_BOUND ( 'NONE', #570, .T. ) ;
#3927 = VECTOR ( 'NONE', #731, 1000.000000000000000 ) ;
#3928 = ORIENTED_EDGE ( 'NONE', *, *, #52, .F. ) ;
#3929 = ORIENTED_EDGE ( 'NONE', *, *, #4407, .F. ) ;
#3930 = CIRCLE ( 'NONE', #2194, 0.7999999999999999334 ) ;
#3931 = CARTESIAN_POINT ( 'NONE',  ( -3.260555603374171163, -2.826142069155540781, 0.6895267077566216152 ) ) ;
#3932 = VECTOR ( 'NONE', #5673, 1000.000000000000000 ) ;
#3933 = CIRCLE ( 'NONE', #633, 0.1000000000000002554 ) ;
#3934 = VERTEX_POINT ( 'NONE', #2324 ) ;
#3935 = SPHERICAL_SURFACE ( 'NONE', #5053, 0.09999999999998047950 ) ;
#3936 = FACE_OUTER_BOUND ( 'NONE', #3800, .T. ) ;
#3937 = CARTESIAN_POINT ( 'NONE',  ( -3.270000000000000018, -2.534608270214920189, 0.000000000000000000 ) ) ;
#3938 = DIRECTION ( 'NONE',  ( -2.546383084002650169E-16, 1.000000000000000000, 0.000000000000000000 ) ) ;
#3939 = EDGE_CURVE ( 'NONE', #2735, #1845, #3249, .T. ) ;
#3940 = CARTESIAN_POINT ( 'NONE',  ( -2.866011742435759846, -0.1013778989213650061, 2.660000000000000142 ) ) ;
#3941 = CARTESIAN_POINT ( 'NONE',  ( 4.852500000000000036, -0.1922500000000000042, 2.502499999999999947 ) ) ;
#3942 = AXIS2_PLACEMENT_3D ( 'NONE', #5634, #3411, #331 ) ;
#3943 = FILL_AREA_STYLE_COLOUR ( '', #2214 ) ;
#3944 = EDGE_LOOP ( 'NONE', ( #2957, #5413, #4881, #2029 ) ) ;
#3945 = CARTESIAN_POINT ( 'NONE',  ( 3.470131072937820083, -0.09225000000000001255, -1.879893295065255154 ) ) ;
#3946 = CARTESIAN_POINT ( 'NONE',  ( 3.101090794297184594, -2.580633701591290130, 2.114950978616529920 ) ) ;
#3947 = EDGE_CURVE ( 'NONE', #1013, #2064, #1971, .T. ) ;
#3948 = LINE ( 'NONE', #1682, #1618 ) ;
#3949 = EDGE_CURVE ( 'NONE', #100, #1759, #2505, .T. ) ;
#3950 = DIRECTION ( 'NONE',  ( -1.000000000000000000, -4.517509052022936456E-16, 0.000000000000000000 ) ) ;
#3951 = ORIENTED_EDGE ( 'NONE', *, *, #4905, .T. ) ;
#3952 = DIRECTION ( 'NONE',  ( 5.174756433973189383E-17, -0.2840883296913744860, 0.9587981127083869959 ) ) ;
#3953 = CARTESIAN_POINT ( 'NONE',  ( 4.952500000000000568, -0.7672499999999999876, 2.044279695023479615 ) ) ;
#3954 = ADVANCED_FACE ( 'NONE', ( #5006 ), #739, .T. ) ;
#3955 = ORIENTED_EDGE ( 'NONE', *, *, #3338, .T. ) ;
#3956 = ADVANCED_FACE ( 'NONE', ( #326 ), #4540, .T. ) ;
#3957 = UNCERTAINTY_MEASURE_WITH_UNIT (LENGTH_MEASURE( 1.000000000000000082E-05 ), #2351, 'distance_accuracy_value', 'NONE');
#3958 = VECTOR ( 'NONE', #4431, 1000.000000000000000 ) ;
#3959 = PLANE ( 'NONE',  #3364 ) ;
#3960 = ORIENTED_EDGE ( 'NONE', *, *, #40, .T. ) ;
#3961 = ORIENTED_EDGE ( 'NONE', *, *, #4830, .T. ) ;
#3962 = VECTOR ( 'NONE', #3126, 1000.000000000000000 ) ;
#3963 = AXIS2_PLACEMENT_3D ( 'NONE', #4556, #4007, #3572 ) ;
#3964 = ORIENTED_EDGE ( 'NONE', *, *, #4087, .T. ) ;
#3965 = CARTESIAN_POINT ( 'NONE',  ( 4.852500000000000036, -0.1922500000000000042, 0.000000000000000000 ) ) ;
#3966 = DIRECTION ( 'NONE',  ( 0.000000000000000000, -1.000000000000000000, 0.000000000000000000 ) ) ;
#3967 = CARTESIAN_POINT ( 'NONE',  ( -3.770634082987814661, 0.3248361564241369903, -2.754999999999999893 ) ) ;
#3968 = LINE ( 'NONE', #3185, #4017 ) ;
#3969 = ORIENTED_EDGE ( 'NONE', *, *, #949, .F. ) ;
#3970 = DIRECTION ( 'NONE',  ( -1.000000000000000000, 0.000000000000000000, 0.000000000000000000 ) ) ;
#3971 = FACE_OUTER_BOUND ( 'NONE', #4847, .T. ) ;
#3972 = CARTESIAN_POINT ( 'NONE',  ( -3.242815959658425395, 0.04809771563645280634, 2.754999999999999893 ) ) ;
#3973 = AXIS2_PLACEMENT_3D ( 'NONE', #4764, #3978, #1333 ) ;
#3974 = ADVANCED_FACE ( 'NONE', ( #2829 ), #2083, .T. ) ;
#3975 = CARTESIAN_POINT ( 'NONE',  ( 4.852500000000000036, -0.4297500000000000209, 2.044279695023479615 ) ) ;
#3976 = DIRECTION ( 'NONE',  ( 0.000000000000000000, 0.000000000000000000, 1.000000000000000000 ) ) ;
#3977 = ORIENTED_EDGE ( 'NONE', *, *, #2361, .F. ) ;
#3978 = DIRECTION ( 'NONE',  ( -1.084202172485504040E-15, 1.000000000000000000, 0.000000000000000000 ) ) ;
#3979 = LINE ( 'NONE', #38, #5202 ) ;
#3980 = ORIENTED_EDGE ( 'NONE', *, *, #5644, .F. ) ;
#3981 = ORIENTED_EDGE ( 'NONE', *, *, #659, .F. ) ;
#3982 = LINE ( 'NONE', #454, #2086 ) ;
#3983 = VERTEX_POINT ( 'NONE', #1523 ) ;
#3984 = ORIENTED_EDGE ( 'NONE', *, *, #1316, .T. ) ;
#3985 = VECTOR ( 'NONE', #4221, 1000.000000000000000 ) ;
#3986 = LINE ( 'NONE', #49, #4678 ) ;
#3987 = ORIENTED_EDGE ( 'NONE', *, *, #2876, .T. ) ;
#3988 = VECTOR ( 'NONE', #1176, 1000.000000000000000 ) ;
#3989 =( REPRESENTATION_RELATIONSHIP ('NONE','NONE', #3038, #1073 ) REPRESENTATION_RELATIONSHIP_WITH_TRANSFORMATION ( #2035 )SHAPE_REPRESENTATION_RELATIONSHIP( ) );
#3990 = CARTESIAN_POINT ( 'NONE',  ( -3.819148566720100835, 0.2118780199885298143, -1.899999999999999911 ) ) ;
#3991 = VERTEX_POINT ( 'NONE', #577 ) ;
#3992 = CARTESIAN_POINT ( 'NONE',  ( -1.635000000000000009, -2.878590794297180011, 2.114950978616529920 ) ) ;
#3993 = DIRECTION ( 'NONE',  ( 1.000000000000000000, 0.000000000000000000, 0.000000000000000000 ) ) ;
#3994 = CARTESIAN_POINT ( 'NONE',  ( 3.399390871961310179, -0.7672499999999999876, 0.8062182560773819562 ) ) ;
#3995 = DIRECTION ( 'NONE',  ( 0.1157205707370564246, -0.1157205707370560221, -0.9865178655334022606 ) ) ;
#3996 = EDGE_CURVE ( 'NONE', #2425, #161, #1927, .T. ) ;
#3997 = AXIS2_PLACEMENT_3D ( 'NONE', #1568, #3336, #3310 ) ;
#3998 = ORIENTED_EDGE ( 'NONE', *, *, #1620, .F. ) ;
#3999 = CARTESIAN_POINT ( 'NONE',  ( -3.270000000000000018, 3.047499999999999876, 0.000000000000000000 ) ) ;
#4000 = PLANE ( 'NONE',  #1883 ) ;
#4001 = LINE ( 'NONE', #4930, #3657 ) ;
#4002 = STYLED_ITEM ( 'NONE', ( #5326 ), #4569 ) ;
#4003 = EDGE_CURVE ( 'NONE', #1114, #1921, #2054, .T. ) ;
#4004 = FACE_OUTER_BOUND ( 'NONE', #2048, .T. ) ;
#4005 = CARTESIAN_POINT ( 'NONE',  ( -3.070883939416490183, 2.620054834882210137, 2.133292245468440207 ) ) ;
#4006 = VERTEX_POINT ( 'NONE', #4948 ) ;
#4007 = DIRECTION ( 'NONE',  ( 8.131516293641259589E-16, -1.000000000000000000, 0.000000000000000000 ) ) ;
#4008 = CARTESIAN_POINT ( 'NONE',  ( 4.687102839788669151, -0.1922500000000000042, -1.844279695023479881 ) ) ;
#4009 = LINE ( 'NONE', #71, #5455 ) ;
#4010 = EDGE_CURVE ( 'NONE', #2429, #706, #3156, .T. ) ;
#4011 = EDGE_LOOP ( 'NONE', ( #374, #5169, #5199, #4281, #3555 ) ) ;
#4012 = DIRECTION ( 'NONE',  ( 0.4643522996055911012, 0.8856505754816621501, 0.000000000000000000 ) ) ;
#4013 = EDGE_LOOP ( 'NONE', ( #2797, #942, #1429, #3955, #4014 ) ) ;
#4014 = ORIENTED_EDGE ( 'NONE', *, *, #3230, .F. ) ;
#4015 = EDGE_CURVE ( 'NONE', #3086, #856, #4977, .T. ) ;
#4016 = AXIS2_PLACEMENT_3D ( 'NONE', #4288, #2172, #816 ) ;
#4017 = VECTOR ( 'NONE', #142, 1000.000000000000000 ) ;
#4018 = EDGE_LOOP ( 'NONE', ( #1135, #1210, #3479, #1167, #1692, #3145, #4073, #1048 ) ) ;
#4019 = CARTESIAN_POINT ( 'NONE',  ( -0.8175000000000000044, -2.580633701591290130, 2.079999999999999627 ) ) ;
#4020 = ORIENTED_EDGE ( 'NONE', *, *, #1112, .T. ) ;
#4021 = PLANE ( 'NONE',  #5643 ) ;
#4022 = VECTOR ( 'NONE', #4817, 1000.000000000000000 ) ;
#4023 = FACE_OUTER_BOUND ( 'NONE', #5058, .T. ) ;
#4024 = LINE ( 'NONE', #2663, #4052 ) ;
#4025 = CARTESIAN_POINT ( 'NONE',  ( 3.270000000000000018, 3.047499999999999876, 0.6750000000000000444 ) ) ;
#4026 = ADVANCED_BREP_SHAPE_REPRESENTATION ( '', ( #4569, #2596, #2637, #759, #931 ), #1477 ) ;
#4027 = VECTOR ( 'NONE', #2386, 1000.000000000000114 ) ;
#4028 = ORIENTED_EDGE ( 'NONE', *, *, #5112, .F. ) ;
#4029 = DIRECTION ( 'NONE',  ( 0.8233548815373527008, -0.5675268619621558486, 0.000000000000000000 ) ) ;
#4030 = DIRECTION ( 'NONE',  ( 0.000000000000000000, 0.000000000000000000, -1.000000000000000000 ) ) ;
#4031 = FACE_OUTER_BOUND ( 'NONE', #1283, .T. ) ;
#4032 = STYLED_ITEM ( 'NONE', ( #4046 ), #2596 ) ;
#4033 = CARTESIAN_POINT ( 'NONE',  ( 3.249390871961309823, -0.7672499999999999876, -0.8062182560773819562 ) ) ;
#4034 = DIRECTION ( 'NONE',  ( -1.000000000000000000, 0.000000000000000000, 0.000000000000000000 ) ) ;
#4035 = ORIENTED_EDGE ( 'NONE', *, *, #2467, .T. ) ;
#4036 = LINE ( 'NONE', #3600, #3591 ) ;
#4037 = FACE_OUTER_BOUND ( 'NONE', #1438, .T. ) ;
#4038 = DIRECTION ( 'NONE',  ( 0.000000000000000000, 0.000000000000000000, 1.000000000000000000 ) ) ;
#4039 = ORIENTED_EDGE ( 'NONE', *, *, #3537, .F. ) ;
#4040 = AXIS2_PLACEMENT_3D ( 'NONE', #4596, #2173, #1652 ) ;
#4041 = DIRECTION ( 'NONE',  ( 0.000000000000000000, 0.000000000000000000, 1.000000000000000000 ) ) ;
#4042 = ORIENTED_EDGE ( 'NONE', *, *, #2345, .F. ) ;
#4043 = ORIENTED_EDGE ( 'NONE', *, *, #5323, .T. ) ;
#4044 = EDGE_CURVE ( 'NONE', #5665, #2738, #872, .T. ) ;
#4045 = ORIENTED_EDGE ( 'NONE', *, *, #1074, .F. ) ;
#4046 = PRESENTATION_STYLE_ASSIGNMENT (( #952 ) ) ;
#4047 = ORIENTED_EDGE ( 'NONE', *, *, #4183, .T. ) ;
#4048 = DIRECTION ( 'NONE',  ( 1.000000000000000000, 0.000000000000000000, 0.000000000000000000 ) ) ;
#4049 = CARTESIAN_POINT ( 'NONE',  ( 0.5217543599545370059, 6.389648068594999981E-17, 2.380000000000000338 ) ) ;
#4050 = DIRECTION ( 'NONE',  ( 1.000000000000000000, 8.131516293641262547E-16, 0.000000000000000000 ) ) ;
#4051 = FACE_OUTER_BOUND ( 'NONE', #4319, .T. ) ;
#4052 = VECTOR ( 'NONE', #1813, 1000.000000000000000 ) ;
#4053 = CIRCLE ( 'NONE', #4607, 0.09999999999999982514 ) ;
#4054 = AXIS2_PLACEMENT_3D ( 'NONE', #4855, #3026, #4799 ) ;
#4055 =( NAMED_UNIT ( * ) SI_UNIT ( $, .STERADIAN. ) SOLID_ANGLE_UNIT ( ) );
#4056 = EDGE_CURVE ( 'NONE', #2738, #4486, #4676, .T. ) ;
#4057 = EDGE_LOOP ( 'NONE', ( #4610, #1212, #194, #5605, #4478, #4529 ) ) ;
#4058 = DIRECTION ( 'NONE',  ( 0.000000000000000000, 0.000000000000000000, 1.000000000000000000 ) ) ;
#4059 = CARTESIAN_POINT ( 'NONE',  ( -3.242815959658425395, 0.04809771563645240389, 0.000000000000000000 ) ) ;
#4060 = SPHERICAL_SURFACE ( 'NONE', #2122, 0.1000000000000053069 ) ;
#4061 = CARTESIAN_POINT ( 'NONE',  ( 3.872500000000000053, -0.7672499999999999876, 0.000000000000000000 ) ) ;
#4062 = CARTESIAN_POINT ( 'NONE',  ( 3.545609128038689661, -0.7672499999999999876, 0.8062182560773819562 ) ) ;
#4063 = LINE ( 'NONE', #2700, #805 ) ;
#4064 = VERTEX_POINT ( 'NONE', #3369 ) ;
#4065 = DIRECTION ( 'NONE',  ( 0.000000000000000000, 0.000000000000000000, 1.000000000000000000 ) ) ;
#4066 = DIRECTION ( 'NONE',  ( 0.000000000000000000, 0.000000000000000000, -1.000000000000000000 ) ) ;
#4067 = DIRECTION ( 'NONE',  ( 0.000000000000000000, -1.000000000000000000, 0.000000000000000000 ) ) ;
#4068 = VERTEX_POINT ( 'NONE', #2176 ) ;
#4069 = ORIENTED_EDGE ( 'NONE', *, *, #5599, .T. ) ;
#4070 = ORIENTED_EDGE ( 'NONE', *, *, #4078, .F. ) ;
#4071 = VECTOR ( 'NONE', #2545, 1000.000000000000000 ) ;
#4072 = CARTESIAN_POINT ( 'NONE',  ( 4.787102839788669684, -0.1922500000000000042, -1.844279695023479881 ) ) ;
#4073 = ORIENTED_EDGE ( 'NONE', *, *, #3392, .F. ) ;
#4074 = DIRECTION ( 'NONE',  ( 1.000000000000000000, 0.000000000000000000, 0.000000000000000000 ) ) ;
#4075 = CARTESIAN_POINT ( 'NONE',  ( 3.372500000000004494, -0.1922499999999942311, -2.059999999999996945 ) ) ;
#4076 = CARTESIAN_POINT ( 'NONE',  ( 3.461942719099989851, -0.1475286404500039950, -2.060000000000000053 ) ) ;
#4077 = CARTESIAN_POINT ( 'NONE',  ( 0.5789911824041990007, -0.1877207646242325112, 2.380000000000000338 ) ) ;
#4078 = EDGE_CURVE ( 'NONE', #3543, #1013, #2872, .T. ) ;
#4079 = CIRCLE ( 'NONE', #2597, 0.2999999999999999889 ) ;
#4080 = DIRECTION ( 'NONE',  ( 0.000000000000000000, 1.000000000000000000, 0.000000000000000000 ) ) ;
#4081 = VERTEX_POINT ( 'NONE', #3833 ) ;
#4082 = LINE ( 'NONE', #2226, #4115 ) ;
#4083 = DIRECTION ( 'NONE',  ( 0.000000000000000000, 0.000000000000000000, 1.000000000000000000 ) ) ;
#4084 = PRODUCT_DEFINITION_SHAPE ( 'NONE', 'NONE',  #5697 ) ;
#4085 = DIRECTION ( 'NONE',  ( 5.174756433973190615E-17, -0.2840883296913740419, 0.9587981127083872179 ) ) ;
#4086 = DIRECTION ( 'NONE',  ( 1.000000000000000000, 0.000000000000000000, 0.000000000000000000 ) ) ;
#4087 = EDGE_CURVE ( 'NONE', #143, #5449, #4321, .T. ) ;
#4088 = DIRECTION ( 'NONE',  ( -1.000000000000000000, -7.228014483236697541E-16, 0.000000000000000000 ) ) ;
#4089 = DIRECTION ( 'NONE',  ( 1.000000000000000000, 1.734723475976807094E-15, 0.000000000000000000 ) ) ;
#4090 = ORIENTED_EDGE ( 'NONE', *, *, #4878, .F. ) ;
#4091 = CARTESIAN_POINT ( 'NONE',  ( -3.770634082987819991, 0.3248361564241379895, 2.660000000000000142 ) ) ;
#4092 = CARTESIAN_POINT ( 'NONE',  ( 0.4819120798423590091, -0.7672499999999999876, -0.3637895569954249786 ) ) ;
#4093 = DIRECTION ( 'NONE',  ( 1.000000000000000000, 0.000000000000000000, 0.000000000000000000 ) ) ;
#4094 = EDGE_CURVE ( 'NONE', #2564, #2735, #4079, .T. ) ;
#4095 = CIRCLE ( 'NONE', #1154, 0.7999999999999999334 ) ;
#4096 = AXIS2_PLACEMENT_3D ( 'NONE', #2640, #347, #1214 ) ;
#4097 = VERTEX_POINT ( 'NONE', #5164 ) ;
#4098 = VERTEX_POINT ( 'NONE', #1686 ) ;
#4099 = ADVANCED_FACE ( 'NONE', ( #4413 ), #2561, .F. ) ;
#4100 = EDGE_LOOP ( 'NONE', ( #2284, #3636, #4274, #5175, #1384, #2084, #5100, #2321 ) ) ;
#4101 = SURFACE_STYLE_FILL_AREA ( #738 ) ;
#4102 = VECTOR ( 'NONE', #1335, 1000.000000000000000 ) ;
#4103 = VERTEX_POINT ( 'NONE', #355 ) ;
#4104 = DIRECTION ( 'NONE',  ( 0.000000000000000000, -1.000000000000000000, 0.000000000000000000 ) ) ;
#4105 = AXIS2_PLACEMENT_3D ( 'NONE', #5511, #2000, #5562 ) ;
#4106 = LINE ( 'NONE', #4187, #2659 ) ;
#4107 = DIRECTION ( 'NONE',  ( -1.000000000000000000, -8.611386656002740130E-16, 0.000000000000000000 ) ) ;
#4108 = CIRCLE ( 'NONE', #3552, 0.5650556301437581475 ) ;
#4109 = ORIENTED_EDGE ( 'NONE', *, *, #1276, .T. ) ;
#4110 = DIRECTION ( 'NONE',  ( -0.8856505754816621501, 0.4643522996055911012, 0.000000000000000000 ) ) ;
#4111 = CIRCLE ( 'NONE', #2631, 0.7999999999999999334 ) ;
#4112 = CARTESIAN_POINT ( 'NONE',  ( 3.872500000000000053, -0.1922500000000000042, -2.060000000000000053 ) ) ;
#4113 = CARTESIAN_POINT ( 'NONE',  ( 3.372499999999992504, -0.1922500000000075260, -2.060000000000007159 ) ) ;
#4114 = DIRECTION ( 'NONE',  ( 0.000000000000000000, 0.000000000000000000, -1.000000000000000000 ) ) ;
#4115 = VECTOR ( 'NONE', #4029, 1000.000000000000227 ) ;
#4116 = CARTESIAN_POINT ( 'NONE',  ( 3.872500000000000053, -0.7672499999999999876, 1.944279695023479970 ) ) ;
#4117 = ADVANCED_FACE ( 'NONE', ( #4293 ), #2533, .F. ) ;
#4118 = AXIS2_PLACEMENT_3D ( 'NONE', #3732, #1533, #5094 ) ;
#4119 = CARTESIAN_POINT ( 'NONE',  ( -0.4587993498137909465, -0.2587350945007970138, 2.330000000000000071 ) ) ;
#4120 = ORIENTED_EDGE ( 'NONE', *, *, #2643, .T. ) ;
#4121 = DIRECTION ( 'NONE',  ( 1.000000000000000000, 0.000000000000000000, 0.000000000000000000 ) ) ;
#4122 = CARTESIAN_POINT ( 'NONE',  ( 0.6879248309753639434, -0.09225000000000001255, -0.4215797007114420181 ) ) ;
#4123 = CARTESIAN_POINT ( 'NONE',  ( 3.972500000000000142, -0.09224999999999899947, -2.060000000000000053 ) ) ;
#4124 = VECTOR ( 'NONE', #3498, 1000.000000000000000 ) ;
#4125 = CARTESIAN_POINT ( 'NONE',  ( 4.852500000000000036, -0.5984999999999999210, 2.502499999999999947 ) ) ;
#4126 = EDGE_CURVE ( 'NONE', #5142, #674, #2959, .T. ) ;
#4127 = ORIENTED_EDGE ( 'NONE', *, *, #689, .F. ) ;
#4128 = ORIENTED_EDGE ( 'NONE', *, *, #5568, .F. ) ;
#4129 = ORIENTED_EDGE ( 'NONE', *, *, #2431, .F. ) ;
#4130 = ADVANCED_FACE ( 'NONE', ( #2113 ), #1248, .T. ) ;
#4131 = ORIENTED_EDGE ( 'NONE', *, *, #5054, .T. ) ;
#4132 = DIRECTION ( 'NONE',  ( 1.000000000000000000, 5.421010862427522170E-16, 0.000000000000000000 ) ) ;
#4133 = CARTESIAN_POINT ( 'NONE',  ( 3.972500000000000142, -0.1922500000000000042, 0.000000000000000000 ) ) ;
#4134 = CARTESIAN_POINT ( 'NONE',  ( -2.974041303662934954, 3.047499999999999876, 0.6750000000000150324 ) ) ;
#4135 = CARTESIAN_POINT ( 'NONE',  ( 0.000000000000000000, 0.000000000000000000, 0.000000000000000000 ) ) ;
#4136 = AXIS2_PLACEMENT_3D ( 'NONE', #2008, #2855, #1143 ) ;
#4137 = ORIENTED_EDGE ( 'NONE', *, *, #2136, .T. ) ;
#4138 = CARTESIAN_POINT ( 'NONE',  ( 4.852500000000000036, -0.4297500000000000209, 1.944279695023479970 ) ) ;
#4139 = CARTESIAN_POINT ( 'NONE',  ( -4.120000000000000107, -0.7672499999999999876, 2.660000000000000142 ) ) ;
#4140 = DIRECTION ( 'NONE',  ( 0.000000000000000000, 0.000000000000000000, -1.000000000000000000 ) ) ;
#4141 = DIRECTION ( 'NONE',  ( 0.000000000000000000, 0.000000000000000000, 1.000000000000000000 ) ) ;
#4142 = DIRECTION ( 'NONE',  ( 0.000000000000000000, 0.000000000000000000, 1.000000000000000000 ) ) ;
#4143 = CIRCLE ( 'NONE', #3682, 0.1000000000000000194 ) ;
#4144 = AXIS2_PLACEMENT_3D ( 'NONE', #4738, #1253, #4299 ) ;
#4145 = FACE_OUTER_BOUND ( 'NONE', #4562, .T. ) ;
#4146 = CARTESIAN_POINT ( 'NONE',  ( -3.575690672268250214, 0.0008476403358656010465, 1.804999999999999938 ) ) ;
#4147 = ORIENTED_EDGE ( 'NONE', *, *, #3655, .F. ) ;
#4148 = CARTESIAN_POINT ( 'NONE',  ( -3.833333768778729667, 0.1521730769230759950, 0.000000000000000000 ) ) ;
#4149 = CARTESIAN_POINT ( 'NONE',  ( -4.319792374265440493, 0.2677499999999999880, 2.754999999999999893 ) ) ;
#4150 = CARTESIAN_POINT ( 'NONE',  ( 4.852500000000009805, -0.1922499999999769393, 2.502500000000001279 ) ) ;
#4151 = EDGE_CURVE ( 'NONE', #4419, #1516, #3530, .T. ) ;
#4152 = CYLINDRICAL_SURFACE ( 'NONE', #4848, 0.1000000000000002554 ) ;
#4153 = ORIENTED_EDGE ( 'NONE', *, *, #3771, .T. ) ;
#4154 = EDGE_LOOP ( 'NONE', ( #1996, #2484, #3344, #2251 ) ) ;
#4155 = EDGE_CURVE ( 'NONE', #1461, #4213, #3861, .T. ) ;
#4156 = EDGE_CURVE ( 'NONE', #5598, #1395, #4632, .T. ) ;
#4157 = ORIENTED_EDGE ( 'NONE', *, *, #1975, .T. ) ;
#4158 = ORIENTED_EDGE ( 'NONE', *, *, #900, .F. ) ;
#4159 = VECTOR ( 'NONE', #2370, 1000.000000000000227 ) ;
#4160 = CARTESIAN_POINT ( 'NONE',  ( 4.412499999999999645, -0.1922500000000000042, 2.602500000000000036 ) ) ;
#4161 = DIRECTION ( 'NONE',  ( -1.000000000000000000, 0.000000000000000000, 0.000000000000000000 ) ) ;
#4162 = VECTOR ( 'NONE', #1811, 1000.000000000000000 ) ;
#4163 = SHAPE_REPRESENTATION_RELATIONSHIP ( 'NONE' , 'NONE' ,  #5008, #4026 ) ;
#4164 = ORIENTED_EDGE ( 'NONE', *, *, #1924, .F. ) ;
#4165 = LINE ( 'NONE', #4138, #4767 ) ;
#4166 = CARTESIAN_POINT ( 'NONE',  ( 3.972500000000013465, -0.1922500000000118558, 2.502499999999991509 ) ) ;
#4167 = FACE_OUTER_BOUND ( 'NONE', #390, .T. ) ;
#4168 = CARTESIAN_POINT ( 'NONE',  ( 0.6083569003329799552, 7.450223307319891365E-17, 2.330000000000000071 ) ) ;
#4169 = DIRECTION ( 'NONE',  ( -0.4082482904639139210, -0.8164965809277161535, 0.4082482904638319310 ) ) ;
#4170 = EDGE_CURVE ( 'NONE', #3053, #5123, #5650, .T. ) ;
#4171 = ORIENTED_EDGE ( 'NONE', *, *, #1289, .F. ) ;
#4172 = LINE ( 'NONE', #4116, #3003 ) ;
#4173 = LINE ( 'NONE', #3252, #3927 ) ;
#4174 = VERTEX_POINT ( 'NONE', #3077 ) ;
#4175 =( GEOMETRIC_REPRESENTATION_CONTEXT ( 3 ) GLOBAL_UNCERTAINTY_ASSIGNED_CONTEXT ( ( #42 ) ) GLOBAL_UNIT_ASSIGNED_CONTEXT ( ( #1793, #3069, #4405 ) ) REPRESENTATION_CONTEXT ( 'NONE', 'WORKASPACE' ) );
#4176 = EDGE_CURVE ( 'NONE', #1825, #2090, #2338, .T. ) ;
#4177 = DIRECTION ( 'NONE',  ( 1.000000000000000000, 1.084202172485501673E-15, 0.000000000000000000 ) ) ;
#4178 = DIRECTION ( 'NONE',  ( -1.000000000000000000, -4.497431234013940009E-16, 0.000000000000000000 ) ) ;
#4179 = PRODUCT_DEFINITION_SHAPE ( 'NONE', 'NONE',  #5696 ) ;
#4180 = DIRECTION ( 'NONE',  ( -1.000000000000000000, -5.421010862427522170E-16, 0.000000000000000000 ) ) ;
#4181 = EDGE_LOOP ( 'NONE', ( #110, #3296, #4831, #1453, #1802 ) ) ;
#4182 = VERTEX_POINT ( 'NONE', #3891 ) ;
#4183 = EDGE_CURVE ( 'NONE', #1114, #5617, #860, .T. ) ;
#4184 = ORIENTED_EDGE ( 'NONE', *, *, #3692, .T. ) ;
#4185 = ORIENTED_EDGE ( 'NONE', *, *, #1185, .T. ) ;
#4186 = ADVANCED_FACE ( 'NONE', ( #5684 ), #1309, .T. ) ;
#4187 = CARTESIAN_POINT ( 'NONE',  ( 0.8524999999999999245, -0.7672499999999999876, -2.060000000000000053 ) ) ;
#4188 = ORIENTED_EDGE ( 'NONE', *, *, #5400, .T. ) ;
#4189 = LINE ( 'NONE', #720, #4207 ) ;
#4190 = EDGE_CURVE ( 'NONE', #492, #2090, #5247, .T. ) ;
#4191 = DIRECTION ( 'NONE',  ( 0.000000000000000000, 1.000000000000000000, 0.000000000000000000 ) ) ;
#4192 = LINE ( 'NONE', #2439, #845 ) ;
#4193 = AXIS2_PLACEMENT_3D ( 'NONE', #4962, #4907, #4034 ) ;
#4194 = CARTESIAN_POINT ( 'NONE',  ( -4.952500000000000568, 0.7672499999999999876, -1.899999999999999911 ) ) ;
#4195 =( BOUNDED_CURVE ( )  B_SPLINE_CURVE ( 3, ( #4823, #1018, #882, #448 ),
 .UNSPECIFIED., .F., .F. ) 
 B_SPLINE_CURVE_WITH_KNOTS ( ( 4, 4 ),
 ( 5.406940246353899582, 6.262994965682650239 ),
 .UNSPECIFIED. ) 
 CURVE ( )  GEOMETRIC_REPRESENTATION_ITEM ( )  RATIONAL_B_SPLINE_CURVE ( ( 1.000000000000000000, 0.9398575445120269656, 0.9398575445120269656, 1.000000000000000000 ) ) 
 REPRESENTATION_ITEM ( '' )  );
#4196 = VECTOR ( 'NONE', #3067, 1000.000000000000000 ) ;
#4197 = EDGE_LOOP ( 'NONE', ( #5245, #2934, #2376 ) ) ;
#4198 = CARTESIAN_POINT ( 'NONE',  ( 4.952500000000000568, -0.09224999999999870803, -1.860000000000000098 ) ) ;
#4199 = DIRECTION ( 'NONE',  ( 1.000000000000000000, 0.000000000000000000, 0.000000000000000000 ) ) ;
#4200 = VERTEX_POINT ( 'NONE', #4557 ) ;
#4201 = CARTESIAN_POINT ( 'NONE',  ( 3.772499999999999964, -0.1922500000000028908, -2.059999999999996501 ) ) ;
#4202 = CARTESIAN_POINT ( 'NONE',  ( 3.872500000000000053, -0.1922500000000000042, -1.959999999999999964 ) ) ;
#4203 = VECTOR ( 'NONE', #1508, 1000.000000000000000 ) ;
#4204 = AXIS2_PLACEMENT_3D ( 'NONE', #3270, #607, #2357 ) ;
#4205 = B_SPLINE_CURVE_WITH_KNOTS ( 'NONE', 3,
 ( #3008, #427, #310, #3353, #3417, #5117, #4688, #5578, #864, #803, #3385, #2546, #4308, #2602, #398, #751, #5147 ),
 .UNSPECIFIED., .F., .F.,
 ( 4, 2, 2, 2, 2, 1, 2, 2, 4 ),
 ( 0.000000000000000000, 0.1250000000000000000, 0.2500000000000000000, 0.3750000000000000000, 0.5000000000000000000, 0.6250000000000000000, 0.6875000000000000000, 0.7500000000000000000, 1.000000000000000000 ),
 .UNSPECIFIED. ) ;
#4206 = FACE_OUTER_BOUND ( 'NONE', #3110, .T. ) ;
#4207 = VECTOR ( 'NONE', #2066, 1000.000000000000000 ) ;
#4208 = ORIENTED_EDGE ( 'NONE', *, *, #1772, .F. ) ;
#4209 =( NAMED_UNIT ( * ) SI_UNIT ( $, .STERADIAN. ) SOLID_ANGLE_UNIT ( ) );
#4210 = ORIENTED_EDGE ( 'NONE', *, *, #1423, .F. ) ;
#4211 = VECTOR ( 'NONE', #3004, 1000.000000000000114 ) ;
#4212 = ORIENTED_EDGE ( 'NONE', *, *, #977, .F. ) ;
#4213 = VERTEX_POINT ( 'NONE', #4008 ) ;
#4214 = CARTESIAN_POINT ( 'NONE',  ( -0.03850566384010804810, -0.6083904794512939862, 2.380000000000000338 ) ) ;
#4215 = ADVANCED_FACE ( 'NONE', ( #1881 ), #1422, .T. ) ;
#4216 = ADVANCED_FACE ( 'NONE', ( #4037 ), #3545, .T. ) ;
#4217 = PRODUCT_CONTEXT ( 'NONE', #1905, 'mechanical' ) ;
#4218 = ORIENTED_EDGE ( 'NONE', *, *, #4078, .T. ) ;
#4219 = DIRECTION ( 'NONE',  ( -0.7071067811865388020, 6.207057437479808234E-14, 0.7071067811865561215 ) ) ;
#4220 =( GEOMETRIC_REPRESENTATION_CONTEXT ( 3 ) GLOBAL_UNCERTAINTY_ASSIGNED_CONTEXT ( ( #3314 ) ) GLOBAL_UNIT_ASSIGNED_CONTEXT ( ( #4546, #1553, #3675 ) ) REPRESENTATION_CONTEXT ( 'NONE', 'WORKASPACE' ) );
#4221 = DIRECTION ( 'NONE',  ( 0.000000000000000000, 0.000000000000000000, 1.000000000000000000 ) ) ;
#4222 = CARTESIAN_POINT ( 'NONE',  ( -3.158855226890179966E-17, 1.294515117288999956E-17, 2.330000000000000071 ) ) ;
#4223 = FACE_OUTER_BOUND ( 'NONE', #4594, .T. ) ;
#4224 = CARTESIAN_POINT ( 'NONE',  ( 0.9525000000000000133, -0.09225000000000001255, 0.000000000000000000 ) ) ;
#4225 = EDGE_CURVE ( 'NONE', #1461, #2708, #2434, .T. ) ;
#4226 = AXIS2_PLACEMENT_3D ( 'NONE', #3060, #57, #85 ) ;
#4227 = EDGE_CURVE ( 'NONE', #1516, #517, #3908, .T. ) ;
#4228 = ORIENTED_EDGE ( 'NONE', *, *, #4287, .F. ) ;
#4229 = CARTESIAN_POINT ( 'NONE',  ( 4.852500000000000036, -0.1922500000000000042, 2.044279695023479615 ) ) ;
#4230 = CARTESIAN_POINT ( 'NONE',  ( -0.3436167100760200155, -0.3943076977342154787, 2.330000000000000071 ) ) ;
#4231 = ORIENTED_EDGE ( 'NONE', *, *, #2019, .T. ) ;
#4232 = DIRECTION ( 'NONE',  ( -0.1147640357803560301, 0.1721460536705335109, -0.9783634050275321625 ) ) ;
#4233 = CIRCLE ( 'NONE', #3397, 0.2999999999999999334 ) ;
#4234 = DIRECTION ( 'NONE',  ( 0.000000000000000000, 1.000000000000000000, 0.000000000000000000 ) ) ;
#4235 = CIRCLE ( 'NONE', #1569, 0.1000000000000002554 ) ;
#4236 = DIRECTION ( 'NONE',  ( 7.228014483236700500E-16, -1.000000000000000000, 0.000000000000000000 ) ) ;
#4237 = VERTEX_POINT ( 'NONE', #4883 ) ;
#4238 = DIRECTION ( 'NONE',  ( 8.131516293641259589E-16, -1.000000000000000000, 0.000000000000000000 ) ) ;
#4239 = CARTESIAN_POINT ( 'NONE',  ( 3.972500000000000142, -0.1922500000000000042, -2.502499999999999947 ) ) ;
#4240 = ORIENTED_EDGE ( 'NONE', *, *, #3372, .T. ) ;
#4241 = VERTEX_POINT ( 'NONE', #994 ) ;
#4242 = EDGE_LOOP ( 'NONE', ( #4208, #267, #4069, #1755 ) ) ;
#4243 = DIRECTION ( 'NONE',  ( 0.000000000000000000, -1.000000000000000000, 0.000000000000000000 ) ) ;
#4244 = VECTOR ( 'NONE', #2141, 1000.000000000000000 ) ;
#4245 = EDGE_CURVE ( 'NONE', #1892, #1456, #3347, .T. ) ;
#4246 = ITEM_DEFINED_TRANSFORMATION ( 'NONE', 'NONE', #3762,  #931 ) ;
#4247 = VERTEX_POINT ( 'NONE', #5304 ) ;
#4248 = CARTESIAN_POINT ( 'NONE',  ( 0.3017308323983044493, 0.5349199982454020397, 2.380000000000000338 ) ) ;
#4249 = FACE_OUTER_BOUND ( 'NONE', #4011, .T. ) ;
#4250 = CARTESIAN_POINT ( 'NONE',  ( 4.787102839788669684, -0.09224999999999888844, -1.944279695023479970 ) ) ;
#4251 = EDGE_CURVE ( 'NONE', #4941, #5662, #2675, .T. ) ;
#4252 = DIRECTION ( 'NONE',  ( 1.434407882641081342E-14, 1.000000000000000000, 1.434407882641107847E-14 ) ) ;
#4253 = ORIENTED_EDGE ( 'NONE', *, *, #285, .F. ) ;
#4254 = FACE_OUTER_BOUND ( 'NONE', #3406, .T. ) ;
#4255 = CARTESIAN_POINT ( 'NONE',  ( -2.866011742435759846, -0.1013778989213650061, 2.754999999999999893 ) ) ;
#4256 = VERTEX_POINT ( 'NONE', #3601 ) ;
#4257 = VECTOR ( 'NONE', #1865, 1000.000000000000000 ) ;
#4258 = CARTESIAN_POINT ( 'NONE',  ( 3.372500000000000053, -0.7672499999999999876, -2.060000000000000053 ) ) ;
#4259 = DIRECTION ( 'NONE',  ( 0.7071067811865279218, 1.482646470874266334E-13, -0.7071067811865670016 ) ) ;
#4260 = EDGE_CURVE ( 'NONE', #3349, #2682, #4095, .T. ) ;
#4261 = CARTESIAN_POINT ( 'NONE',  ( 5.085198580105660504, -0.1922500000000000042, -2.044279695023479615 ) ) ;
#4262 = DIRECTION ( 'NONE',  ( 0.000000000000000000, 1.000000000000000000, 0.000000000000000000 ) ) ;
#4263 = ORIENTED_EDGE ( 'NONE', *, *, #972, .F. ) ;
#4264 = SURFACE_STYLE_USAGE ( .BOTH. , #4976 ) ;
#4265 = DIRECTION ( 'NONE',  ( 0.000000000000000000, 0.000000000000000000, 1.000000000000000000 ) ) ;
#4266 = ORIENTED_EDGE ( 'NONE', *, *, #4003, .T. ) ;
#4267 = EDGE_CURVE ( 'NONE', #5515, #2771, #1449, .T. ) ;
#4268 = AXIS2_PLACEMENT_3D ( 'NONE', #3574, #2788, #1915 ) ;
#4269 = ORIENTED_EDGE ( 'NONE', *, *, #1552, .T. ) ;
#4270 = ORIENTED_EDGE ( 'NONE', *, *, #1497, .F. ) ;
#4271 = CARTESIAN_POINT ( 'NONE',  ( 4.787102839788669684, -0.09224999999999888844, 2.044279695023479615 ) ) ;
#4272 = CARTESIAN_POINT ( 'NONE',  ( 3.372500000000000053, -0.1922500000000000042, 2.060000000000000053 ) ) ;
#4273 = AXIS2_PLACEMENT_3D ( 'NONE', #4258, #3452, #5215 ) ;
#4274 = ORIENTED_EDGE ( 'NONE', *, *, #507, .T. ) ;
#4275 = CARTESIAN_POINT ( 'NONE',  ( 3.972500000000000142, -0.7672499999999999876, 2.502499999999999947 ) ) ;
#4276 = CARTESIAN_POINT ( 'NONE',  ( 3.372499999999999609, -0.1922500000000124387, 2.059999999999994280 ) ) ;
#4277 = FACE_OUTER_BOUND ( 'NONE', #1839, .T. ) ;
#4278 = CARTESIAN_POINT ( 'NONE',  ( 3.772499999999999964, -0.7672499999999999876, 2.060000000000000053 ) ) ;
#4279 = DIRECTION ( 'NONE',  ( 0.000000000000000000, -1.000000000000000000, 0.000000000000000000 ) ) ;
#4280 = DIRECTION ( 'NONE',  ( 0.8233548815373527008, -0.5675268619621558486, 0.000000000000000000 ) ) ;
#4281 = ORIENTED_EDGE ( 'NONE', *, *, #4833, .T. ) ;
#4282 = CARTESIAN_POINT ( 'NONE',  ( -2.855207625734559773, -0.2677499999999999880, -1.899999999999999911 ) ) ;
#4283 = DIRECTION ( 'NONE',  ( -1.000000000000000000, 0.000000000000000000, 0.000000000000000000 ) ) ;
#4284 = VERTEX_POINT ( 'NONE', #1363 ) ;
#4285 = DIRECTION ( 'NONE',  ( 1.000000000000000000, 0.000000000000000000, 0.000000000000000000 ) ) ;
#4286 = CARTESIAN_POINT ( 'NONE',  ( -3.770634082987814661, 0.3248361564241369903, -1.804999999999999938 ) ) ;
#4287 = EDGE_CURVE ( 'NONE', #4373, #3991, #2762, .T. ) ;
#4288 = CARTESIAN_POINT ( 'NONE',  ( -4.852500000000000036, -0.3322500000000000453, 0.000000000000000000 ) ) ;
#4289 = CARTESIAN_POINT ( 'NONE',  ( 3.772499999999999964, -0.7672499999999999876, 1.959999999999999964 ) ) ;
#4290 = EDGE_LOOP ( 'NONE', ( #4045, #307, #4435, #1767 ) ) ;
#4291 = AXIS2_PLACEMENT_3D ( 'NONE', #4033, #2671, #559 ) ;
#4292 = FACE_OUTER_BOUND ( 'NONE', #2045, .T. ) ;
#4293 = FACE_OUTER_BOUND ( 'NONE', #601, .T. ) ;
#4294 = ORIENTED_EDGE ( 'NONE', *, *, #4545, .F. ) ;
#4295 = CIRCLE ( 'NONE', #5129, 0.1000000000000000056 ) ;
#4296 = ADVANCED_FACE ( 'NONE', ( #967 ), #2787, .T. ) ;
#4297 = EDGE_CURVE ( 'NONE', #3086, #5313, #3169, .T. ) ;
#4298 = ORIENTED_EDGE ( 'NONE', *, *, #2976, .T. ) ;
#4299 = DIRECTION ( 'NONE',  ( 0.5773502691896249539, 0.5773502691896273964, -0.5773502691896249539 ) ) ;
#4300 = ORIENTED_EDGE ( 'NONE', *, *, #1950, .T. ) ;
#4301 = ORIENTED_EDGE ( 'NONE', *, *, #4337, .T. ) ;
#4302 = AXIS2_PLACEMENT_3D ( 'NONE', #3120, #3610, #4485 ) ;
#4303 = FACE_OUTER_BOUND ( 'NONE', #1337, .T. ) ;
#4304 = ADVANCED_FACE ( 'NONE', ( #128 ), #97, .T. ) ;
#4305 = ORIENTED_EDGE ( 'NONE', *, *, #653, .F. ) ;
#4306 = LINE ( 'NONE', #1229, #3662 ) ;
#4307 = CARTESIAN_POINT ( 'NONE',  ( -3.770634082987819991, 0.3248361564241389887, 2.660000000000000142 ) ) ;
#4308 = CARTESIAN_POINT ( 'NONE',  ( 0.9069284549880149982, -0.09225000000000001255, 0.6538682690906209016 ) ) ;
#4309 = CARTESIAN_POINT ( 'NONE',  ( 4.787102839788669684, -0.1922500000000000042, 1.844279695023479881 ) ) ;
#4310 = CYLINDRICAL_SURFACE ( 'NONE', #4978, 0.9999999999999692468 ) ;
#4311 = ORIENTED_EDGE ( 'NONE', *, *, #3428, .F. ) ;
#4312 = DIRECTION ( 'NONE',  ( 0.000000000000000000, -1.000000000000000000, 0.000000000000000000 ) ) ;
#4313 = DIRECTION ( 'NONE',  ( 1.000000000000000000, 4.517509052022936456E-16, 0.000000000000000000 ) ) ;
#4314 = EDGE_LOOP ( 'NONE', ( #712, #3467, #2441, #1977, #4917, #781 ) ) ;
#4315 = CARTESIAN_POINT ( 'NONE',  ( 3.972500000000000142, -0.09225000000000001255, -2.502499999999999947 ) ) ;
#4316 = CARTESIAN_POINT ( 'NONE',  ( -4.270000000000000462, -0.7672499999999999876, -2.660000000000000142 ) ) ;
#4317 = CARTESIAN_POINT ( 'NONE',  ( 3.372500000000000053, -0.09225000000000001255, 2.060000000000000053 ) ) ;
#4318 = AXIS2_PLACEMENT_3D ( 'NONE', #1466, #1929, #1035 ) ;
#4319 = EDGE_LOOP ( 'NONE', ( #2149, #2979, #3805, #698 ) ) ;
#4320 = DIRECTION ( 'NONE',  ( -1.000000000000000000, -4.497431234013940009E-16, 0.000000000000000000 ) ) ;
#4321 = LINE ( 'NONE', #4850, #1417 ) ;
#4322 = ORIENTED_EDGE ( 'NONE', *, *, #5054, .F. ) ;
#4323 = EDGE_CURVE ( 'NONE', #5662, #4486, #5482, .T. ) ;
#4324 = CIRCLE ( 'NONE', #2571, 0.09999999999999982514 ) ;
#4325 = VECTOR ( 'NONE', #3254, 1000.000000000000000 ) ;
#4326 = ORIENTED_EDGE ( 'NONE', *, *, #4260, .F. ) ;
#4327 = FACE_OUTER_BOUND ( 'NONE', #1433, .T. ) ;
#4328 = ORIENTED_EDGE ( 'NONE', *, *, #4434, .F. ) ;
#4329 = ORIENTED_EDGE ( 'NONE', *, *, #3025, .F. ) ;
#4330 = EDGE_CURVE ( 'NONE', #1521, #5489, #2235, .T. ) ;
#4331 = CARTESIAN_POINT ( 'NONE',  ( -2.732499999999999929, 0.7672499999999999876, 0.3800000000000000044 ) ) ;
#4332 = ORIENTED_EDGE ( 'NONE', *, *, #315, .T. ) ;
#4333 = CARTESIAN_POINT ( 'NONE',  ( 0.4597725128298860153, 0.4006264186279560602, 2.380000000000000338 ) ) ;
#4334 = DIRECTION ( 'NONE',  ( 0.000000000000000000, 0.000000000000000000, -1.000000000000000000 ) ) ;
#4335 = SPHERICAL_SURFACE ( 'NONE', #3162, 0.09999999999999849287 ) ;
#4336 = CARTESIAN_POINT ( 'NONE',  ( -3.833333768778729667, 0.1521730769230759950, 1.899999999999999911 ) ) ;
#4337 = EDGE_CURVE ( 'NONE', #2318, #4866, #4996, .T. ) ;
#4338 = CARTESIAN_POINT ( 'NONE',  ( 3.695609128038689573, -0.09225000000000001255, -0.8062182560773819562 ) ) ;
#4339 = ORIENTED_EDGE ( 'NONE', *, *, #217, .T. ) ;
#4340 = DIRECTION ( 'NONE',  ( 0.000000000000000000, 1.000000000000000000, 0.000000000000000000 ) ) ;
#4341 = PLANE ( 'NONE',  #163 ) ;
#4342 = EDGE_CURVE ( 'NONE', #453, #4889, #3979, .T. ) ;
#4343 = CARTESIAN_POINT ( 'NONE',  ( -0.6030764423484329395, 0.09537653128742649977, 2.380000000000000338 ) ) ;
#4344 = CARTESIAN_POINT ( 'NONE',  ( -3.101090794297179709, 2.495677398353389975, 2.114950978616529920 ) ) ;
#4345 = AXIS2_PLACEMENT_3D ( 'NONE', #4834, #3034, #4048 ) ;
#4346 = CARTESIAN_POINT ( 'NONE',  ( -3.055000000000000160, -0.03275000000000140299, -2.660000000000000142 ) ) ;
#4347 = VERTEX_POINT ( 'NONE', #1997 ) ;
#4348 = DIRECTION ( 'NONE',  ( 1.000000000000000000, -3.523657060577880339E-15, 0.000000000000000000 ) ) ;
#4349 = CARTESIAN_POINT ( 'NONE',  ( 3.270000000000000018, 3.047499999999999876, 0.07846988903114750225 ) ) ;
#4350 = DIRECTION ( 'NONE',  ( 0.000000000000000000, 0.000000000000000000, 1.000000000000000000 ) ) ;
#4351 = FACE_OUTER_BOUND ( 'NONE', #3119, .T. ) ;
#4352 = AXIS2_PLACEMENT_3D ( 'NONE', #5135, #300, #4265 ) ;
#4353 = ORIENTED_EDGE ( 'NONE', *, *, #1163, .F. ) ;
#4354 = DIRECTION ( 'NONE',  ( 0.000000000000000000, 0.000000000000000000, 1.000000000000000000 ) ) ;
#4355 = EDGE_CURVE ( 'NONE', #655, #3553, #1186, .T. ) ;
#4356 = ADVANCED_FACE ( 'NONE', ( #5480 ), #1889, .T. ) ;
#4357 = ORIENTED_EDGE ( 'NONE', *, *, #3568, .T. ) ;
#4358 = EDGE_CURVE ( 'NONE', #886, #2588, #2234, .T. ) ;
#4359 = ORIENTED_EDGE ( 'NONE', *, *, #1098, .T. ) ;
#4360 = CIRCLE ( 'NONE', #408, 0.1000000000000000194 ) ;
#4361 = CARTESIAN_POINT ( 'NONE',  ( 3.070883939416495068, 2.620054834882210137, 2.133292245468435322 ) ) ;
#4362 = EDGE_CURVE ( 'NONE', #1100, #3053, #2049, .T. ) ;
#4363 = ADVANCED_FACE ( 'NONE', ( #3713 ), #5508, .T. ) ;
#4364 = ORIENTED_EDGE ( 'NONE', *, *, #1193, .F. ) ;
#4365 = CYLINDRICAL_SURFACE ( 'NONE', #4345, 0.7999999999999999334 ) ;
#4366 = CARTESIAN_POINT ( 'NONE',  ( 4.852500000000000036, -0.1922500000000000042, -2.044279695023479615 ) ) ;
#4367 = DIRECTION ( 'NONE',  ( 0.000000000000000000, 0.000000000000000000, -1.000000000000000000 ) ) ;
#4369 = DIRECTION ( 'NONE',  ( -8.223874256482640091E-16, 1.000000000000000000, 0.000000000000000000 ) ) ;
#4368 = AXIS2_PLACEMENT_3D ( 'NONE', #2730, #2315, #3629 ) ;
#4370 = AXIS2_PLACEMENT_3D ( 'NONE', #5621, #7, #5159 ) ;
#4371 = EDGE_CURVE ( 'NONE', #524, #1748, #3632, .T. ) ;
#4372 = EDGE_CURVE ( 'NONE', #1555, #1921, #4425, .T. ) ;
#4373 = VERTEX_POINT ( 'NONE', #1968 ) ;
#4374 = LINE ( 'NONE', #779, #5682 ) ;
#4375 = CARTESIAN_POINT ( 'NONE',  ( 1.647541093131910122E-16, 3.047499999999999876, 0.000000000000000000 ) ) ;
#4376 = DIRECTION ( 'NONE',  ( 0.000000000000000000, 0.000000000000000000, 1.000000000000000000 ) ) ;
#4377 = CARTESIAN_POINT ( 'NONE',  ( 4.952500000000000568, -0.7672499999999999876, 2.044279695023479615 ) ) ;
#4378 = DIRECTION ( 'NONE',  ( -1.665837977425133704E-14, 1.000000000000000000, -1.653408313040361761E-14 ) ) ;
#4379 = ORIENTED_EDGE ( 'NONE', *, *, #4323, .T. ) ;
#4380 = CIRCLE ( 'NONE', #531, 0.09999999999999982514 ) ;
#4381 = CYLINDRICAL_SURFACE ( 'NONE', #106, 0.9999999999999692468 ) ;
#4382 = DIRECTION ( 'NONE',  ( -1.000000000000000000, -8.131516293641262547E-16, 0.000000000000000000 ) ) ;
#4383 = ORIENTED_EDGE ( 'NONE', *, *, #4056, .F. ) ;
#4384 = VECTOR ( 'NONE', #4369, 1000.000000000000000 ) ;
#4385 = APPLICATION_PROTOCOL_DEFINITION ( 'draft international standard', 'automotive_design', 1998, #1905 ) ;
#4386 = ORIENTED_EDGE ( 'NONE', *, *, #3378, .T. ) ;
#4387 = LINE ( 'NONE', #3435, #5073 ) ;
#4388 = AXIS2_PLACEMENT_3D ( 'NONE', #2923, #4722, #2168 ) ;
#4389 = ORIENTED_EDGE ( 'NONE', *, *, #2850, .T. ) ;
#4390 = ORIENTED_EDGE ( 'NONE', *, *, #2568, .F. ) ;
#4391 = DIRECTION ( 'NONE',  ( 0.000000000000000000, 0.000000000000000000, 1.000000000000000000 ) ) ;
#4392 = CIRCLE ( 'NONE', #3562, 0.1000000000000000194 ) ;
#4393 = CIRCLE ( 'NONE', #5130, 0.1000000000000000194 ) ;
#4394 = ORIENTED_EDGE ( 'NONE', *, *, #2475, .T. ) ;
#4395 = DIRECTION ( 'NONE',  ( 3.614007241618348771E-16, -1.000000000000000000, 0.000000000000000000 ) ) ;
#4396 = DIRECTION ( 'NONE',  ( 1.000000000000000000, -1.246832498358326944E-14, 0.000000000000000000 ) ) ;
#4397 = AXIS2_PLACEMENT_3D ( 'NONE', #924, #5314, #4832 ) ;
#4398 = FACE_OUTER_BOUND ( 'NONE', #4197, .T. ) ;
#4399 = CARTESIAN_POINT ( 'NONE',  ( 4.952500000000000568, -0.7672499999999999876, -2.502499999999999947 ) ) ;
#4400 = PLANE ( 'NONE',  #903 ) ;
#4401 = EDGE_CURVE ( 'NONE', #4097, #4947, #675, .T. ) ;
#4402 = AXIS2_PLACEMENT_3D ( 'NONE', #5230, #4802, #1199 ) ;
#4403 = VERTEX_POINT ( 'NONE', #2843 ) ;
#4404 = CARTESIAN_POINT ( 'NONE',  ( 3.872500000000000053, -0.09225000000000001255, 0.000000000000000000 ) ) ;
#4405 =( NAMED_UNIT ( * ) SI_UNIT ( $, .STERADIAN. ) SOLID_ANGLE_UNIT ( ) );
#4406 = CARTESIAN_POINT ( 'NONE',  ( 0.2073901124599419887, 0.4790325118501690405, 2.330000000000000071 ) ) ;
#4407 = EDGE_CURVE ( 'NONE', #1597, #5479, #5384, .T. ) ;
#4408 = EDGE_CURVE ( 'NONE', #2948, #1757, #146, .T. ) ;
#4409 = CYLINDRICAL_SURFACE ( 'NONE', #1086, 0.1000000000000002554 ) ;
#4410 = CARTESIAN_POINT ( 'NONE',  ( 2.803133701591289828, 2.495677398353389975, 2.380000000000000338 ) ) ;
#4411 = ORIENTED_EDGE ( 'NONE', *, *, #3285, .F. ) ;
#4412 = CARTESIAN_POINT ( 'NONE',  ( 3.572500000000000231, -0.7672499999999999876, -1.959999999999999964 ) ) ;
#4413 = FACE_OUTER_BOUND ( 'NONE', #1576, .T. ) ;
#4414 = PRODUCT_DEFINITION_FORMATION_WITH_SPECIFIED_SOURCE ( 'ANY', '', #1374, .NOT_KNOWN. ) ;
#4415 = CARTESIAN_POINT ( 'NONE',  ( -2.855207625734559773, 0.2322500000000000120, 1.899999999999999911 ) ) ;
#4416 = PLANE ( 'NONE',  #4598 ) ;
#4417 = UNCERTAINTY_MEASURE_WITH_UNIT (LENGTH_MEASURE( 1.000000000000000082E-05 ), #4705, 'distance_accuracy_value', 'NONE');
#4418 = AXIS2_PLACEMENT_3D ( 'NONE', #4075, #3321, #5034 ) ;
#4419 = VERTEX_POINT ( 'NONE', #703 ) ;
#4420 = CARTESIAN_POINT ( 'NONE',  ( 3.372500000000000053, -0.7672499999999999876, -2.060000000000000053 ) ) ;
#4421 = VERTEX_POINT ( 'NONE', #2869 ) ;
#4422 = ORIENTED_EDGE ( 'NONE', *, *, #1443, .T. ) ;
#4423 = EDGE_CURVE ( 'NONE', #4684, #4866, #5589, .T. ) ;
#4424 = VECTOR ( 'NONE', #3419, 1000.000000000000000 ) ;
#4425 =( BOUNDED_CURVE ( )  B_SPLINE_CURVE ( 3, ( #3308, #1942, #648, #5079 ),
 .UNSPECIFIED., .F., .F. ) 
 B_SPLINE_CURVE_WITH_KNOTS ( ( 4, 4 ),
 ( 3.063868740067600349, 3.108280836603599884 ),
 .UNSPECIFIED. ) 
 CURVE ( )  GEOMETRIC_REPRESENTATION_ITEM ( )  RATIONAL_B_SPLINE_CURVE ( ( 1.000000000000000000, 0.9998356372276639981, 0.9998356372276639981, 1.000000000000000000 ) ) 
 REPRESENTATION_ITEM ( '' )  );
#4426 = CIRCLE ( 'NONE', #11, 0.9999999999999692468 ) ;
#4427 = ORIENTED_EDGE ( 'NONE', *, *, #3329, .T. ) ;
#4428 = CARTESIAN_POINT ( 'NONE',  ( -3.341666231221270156, -0.1521730769230774938, -2.754999999999999893 ) ) ;
#4429 = ORIENTED_EDGE ( 'NONE', *, *, #5399, .T. ) ;
#4430 = DIRECTION ( 'NONE',  ( 0.000000000000000000, 0.000000000000000000, -1.000000000000000000 ) ) ;
#4431 = DIRECTION ( 'NONE',  ( 0.000000000000000000, 1.000000000000000000, 0.000000000000000000 ) ) ;
#4432 = DIRECTION ( 'NONE',  ( 0.5773502691896246208, 0.5773502691896281735, -0.5773502691896246208 ) ) ;
#4433 = DIRECTION ( 'NONE',  ( 1.000000000000000000, 1.084202172485501673E-15, 0.000000000000000000 ) ) ;
#4434 = EDGE_CURVE ( 'NONE', #5142, #1737, #4638, .T. ) ;
#4435 = ORIENTED_EDGE ( 'NONE', *, *, #2121, .T. ) ;
#4436 = DIRECTION ( 'NONE',  ( 0.000000000000000000, -1.000000000000000000, 0.000000000000000000 ) ) ;
#4437 = EDGE_CURVE ( 'NONE', #3262, #2031, #2522, .T. ) ;
#4438 = ADVANCED_FACE ( 'NONE', ( #3511 ), #3425, .T. ) ;
#4439 = FACE_BOUND ( 'NONE', #3260, .T. ) ;
#4440 = CARTESIAN_POINT ( 'NONE',  ( -3.833333768778749651, 0.1521730769229935054, 2.754999999999999893 ) ) ;
#4441 = AXIS2_PLACEMENT_3D ( 'NONE', #847, #3021, #911 ) ;
#4442 = CARTESIAN_POINT ( 'NONE',  ( 3.230896580976123644, -2.898139993764635047, 0.6891772006314093035 ) ) ;
#4443 = CIRCLE ( 'NONE', #5174, 0.1499999999999999667 ) ;
#4444 = FACE_OUTER_BOUND ( 'NONE', #5113, .T. ) ;
#4445 = ORIENTED_EDGE ( 'NONE', *, *, #5644, .T. ) ;
#4446 = CARTESIAN_POINT ( 'NONE',  ( -2.803133701591289828, -2.580633701591290130, 2.079999999999999627 ) ) ;
#4447 = CARTESIAN_POINT ( 'NONE',  ( -2.222500000000000142, 0.2322500000000000120, 0.000000000000000000 ) ) ;
#4448 = CARTESIAN_POINT ( 'NONE',  ( 1.647541093131910122E-16, -8.237705465659549376E-16, 0.000000000000000000 ) ) ;
#4449 = VERTEX_POINT ( 'NONE', #1213 ) ;
#4450 = CARTESIAN_POINT ( 'NONE',  ( 3.872500000000000053, -0.7672499999999999876, 2.602500000000000036 ) ) ;
#4451 = EDGE_CURVE ( 'NONE', #2576, #4284, #2106, .T. ) ;
#4452 = ORIENTED_EDGE ( 'NONE', *, *, #3721, .T. ) ;
#4453 = AXIS2_PLACEMENT_3D ( 'NONE', #5042, #4083, #5523 ) ;
#4454 = CARTESIAN_POINT ( 'NONE',  ( -4.952500000000000568, -0.3322500000000000453, -2.660000000000000142 ) ) ;
#4455 = ORIENTED_EDGE ( 'NONE', *, *, #3529, .T. ) ;
#4456 = AXIS2_PLACEMENT_3D ( 'NONE', #1440, #3191, #3651 ) ;
#4457 = CARTESIAN_POINT ( 'NONE',  ( 0.000000000000000000, 0.000000000000000000, 2.354999999999999982 ) ) ;
#4458 = ORIENTED_EDGE ( 'NONE', *, *, #858, .T. ) ;
#4459 = DIRECTION ( 'NONE',  ( 0.000000000000000000, 0.000000000000000000, -1.000000000000000000 ) ) ;
#4460 = CARTESIAN_POINT ( 'NONE',  ( 2.803133701591289828, -2.580633701591290130, 2.079999999999999627 ) ) ;
#4461 = CARTESIAN_POINT ( 'NONE',  ( 0.8524999999999999245, -0.1922500000000000042, -2.160000000000000142 ) ) ;
#4462 = CARTESIAN_POINT ( 'NONE',  ( -4.852500000000000036, -0.2322500000000000120, 0.000000000000000000 ) ) ;
#4463 = ORIENTED_EDGE ( 'NONE', *, *, #3319, .F. ) ;
#4464 = DIRECTION ( 'NONE',  ( -1.000000000000000000, 0.000000000000000000, 0.000000000000000000 ) ) ;
#4465 = FILL_AREA_STYLE_COLOUR ( '', #792 ) ;
#4466 = DIRECTION ( 'NONE',  ( -1.000000000000000000, -3.395177445336869685E-16, 0.000000000000000000 ) ) ;
#4467 = ADVANCED_FACE ( 'NONE', ( #2526 ), #2076, .T. ) ;
#4468 = AXIS2_PLACEMENT_3D ( 'NONE', #4201, #3688, #5051 ) ;
#4469 = LINE ( 'NONE', #1418, #1734 ) ;
#4470 = CARTESIAN_POINT ( 'NONE',  ( -4.270000000000000462, -0.4997499999999999720, 2.660000000000000142 ) ) ;
#4471 = ORIENTED_EDGE ( 'NONE', *, *, #2849, .F. ) ;
#4472 = LINE ( 'NONE', #532, #3773 ) ;
#4473 = DIRECTION ( 'NONE',  ( 1.000000000000000000, 0.000000000000000000, 0.000000000000000000 ) ) ;
#4474 = CARTESIAN_POINT ( 'NONE',  ( 2.803133701591299598, -2.580633701591306561, 2.080000000000002736 ) ) ;
#4475 = EDGE_CURVE ( 'NONE', #5449, #2318, #4838, .T. ) ;
#4476 = ORIENTED_EDGE ( 'NONE', *, *, #4176, .F. ) ;
#4477 = DIRECTION ( 'NONE',  ( 0.000000000000000000, 0.000000000000000000, -1.000000000000000000 ) ) ;
#4478 = ORIENTED_EDGE ( 'NONE', *, *, #4401, .F. ) ;
#4479 = ORIENTED_EDGE ( 'NONE', *, *, #4999, .F. ) ;
#4480 = AXIS2_PLACEMENT_3D ( 'NONE', #5009, #632, #3701 ) ;
#4481 = AXIS2_PLACEMENT_3D ( 'NONE', #3485, #2955, #3828 ) ;
#4482 = ADVANCED_FACE ( 'NONE', ( #5240 ), #5189, .T. ) ;
#4483 = CIRCLE ( 'NONE', #537, 0.7999999999999999334 ) ;
#4484 = ORIENTED_EDGE ( 'NONE', *, *, #3822, .T. ) ;
#4485 = DIRECTION ( 'NONE',  ( 1.000000000000000000, 0.000000000000000000, 0.000000000000000000 ) ) ;
#4486 = VERTEX_POINT ( 'NONE', #1328 ) ;
#4487 = LINE ( 'NONE', #426, #33 ) ;
#4488 = AXIS2_PLACEMENT_3D ( 'NONE', #1849, #1909, #4932 ) ;
#4489 = CARTESIAN_POINT ( 'NONE',  ( -4.952500000000000568, -0.6672500000000000098, 0.000000000000000000 ) ) ;
#4490 = DIRECTION ( 'NONE',  ( -0.8164965809277267006, 0.4082482904638618515, -0.4082482904638628507 ) ) ;
#4491 = FACE_OUTER_BOUND ( 'NONE', #4242, .T. ) ;
#4492 = VERTEX_POINT ( 'NONE', #4315 ) ;
#4493 = DIRECTION ( 'NONE',  ( 0.000000000000000000, -1.000000000000000000, 0.000000000000000000 ) ) ;
#4494 = CARTESIAN_POINT ( 'NONE',  ( -2.803133701591289828, -2.580633701591290130, 2.380000000000000338 ) ) ;
#4495 = DIRECTION ( 'NONE',  ( -0.8856505754816621501, 0.4643522996055911012, 0.000000000000000000 ) ) ;
#4496 = MECHANICAL_DESIGN_GEOMETRIC_PRESENTATION_REPRESENTATION (  '', ( #4032 ), #2012 ) ;
#4497 = DIRECTION ( 'NONE',  ( 0.000000000000000000, 0.000000000000000000, -1.000000000000000000 ) ) ;
#4498 = LINE ( 'NONE', #4880, #1085 ) ;
#4499 = ORIENTED_EDGE ( 'NONE', *, *, #1496, .T. ) ;
#4500 = DIRECTION ( 'NONE',  ( 0.000000000000000000, 0.000000000000000000, -1.000000000000000000 ) ) ;
#4501 = EDGE_CURVE ( 'NONE', #1879, #3027, #4785, .T. ) ;
#4502 = CARTESIAN_POINT ( 'NONE',  ( -3.169999999999999929, 1.523749999999999938, 1.527500000000000080 ) ) ;
#4503 = CARTESIAN_POINT ( 'NONE',  ( 3.249390871961309823, -0.7672499999999999876, 0.6562182560773820450 ) ) ;
#4504 = PRODUCT_DEFINITION_SHAPE ( 'NONE', 'NONE',  #3603 ) ;
#4505 = VERTEX_POINT ( 'NONE', #436 ) ;
#4506 = LINE ( 'NONE', #1487, #2812 ) ;
#4507 = EDGE_LOOP ( 'NONE', ( #3969, #2404, #480, #1726 ) ) ;
#4508 = ORIENTED_EDGE ( 'NONE', *, *, #5121, .T. ) ;
#4509 = EDGE_CURVE ( 'NONE', #3778, #4539, #2952, .T. ) ;
#4510 = ORIENTED_EDGE ( 'NONE', *, *, #1910, .F. ) ;
#4511 = PRESENTATION_STYLE_ASSIGNMENT (( #4264 ) ) ;
#4512 = AXIS2_PLACEMENT_3D ( 'NONE', #5260, #1787, #2474 ) ;
#4513 = ORIENTED_EDGE ( 'NONE', *, *, #936, .T. ) ;
#4514 = CARTESIAN_POINT ( 'NONE',  ( 3.545609128038689661, -0.7672499999999999876, 0.8062182560773819562 ) ) ;
#4515 = ADVANCED_FACE ( 'NONE', ( #5619 ), #782, .T. ) ;
#4516 = DIRECTION ( 'NONE',  ( 0.000000000000000000, 0.000000000000000000, 1.000000000000000000 ) ) ;
#4517 = CYLINDRICAL_SURFACE ( 'NONE', #3129, 0.09999999999999982514 ) ;
#4518 = CARTESIAN_POINT ( 'NONE',  ( 3.872500000000000053, -0.7672499999999999876, 2.060000000000000053 ) ) ;
#4519 = VECTOR ( 'NONE', #550, 1000.000000000000000 ) ;
#4520 = DIRECTION ( 'NONE',  ( 0.000000000000000000, 0.000000000000000000, 1.000000000000000000 ) ) ;
#4521 = ORIENTED_EDGE ( 'NONE', *, *, #5618, .T. ) ;
#4522 = DIRECTION ( 'NONE',  ( 0.000000000000000000, -4.155987014962277221E-16, -1.000000000000000000 ) ) ;
#4523 = CARTESIAN_POINT ( 'NONE',  ( 3.472499999999999698, -0.7672499999999999876, 2.060000000000000053 ) ) ;
#4524 = FACE_OUTER_BOUND ( 'NONE', #622, .T. ) ;
#4525 = CARTESIAN_POINT ( 'NONE',  ( -0.1293981990646820013, 0.5057734480245429376, 2.330000000000000071 ) ) ;
#4526 = EDGE_CURVE ( 'NONE', #39, #830, #3450, .T. ) ;
#4527 = CARTESIAN_POINT ( 'NONE',  ( -2.972040853876690480, -3.047497946582585548, 0.6750175053834688299 ) ) ;
#4528 = CARTESIAN_POINT ( 'NONE',  ( -2.732499999999999929, 0.2322500000000000120, -0.3800000000000000044 ) ) ;
#4529 = ORIENTED_EDGE ( 'NONE', *, *, #1970, .T. ) ;
#4530 = DIRECTION ( 'NONE',  ( 0.9931903090196375627, 0.000000000000000000, 0.1165032620550898596 ) ) ;
#4531 = DIRECTION ( 'NONE',  ( 0.000000000000000000, -1.000000000000000000, 0.000000000000000000 ) ) ;
#4532 = DIRECTION ( 'NONE',  ( 0.000000000000000000, 0.000000000000000000, -1.000000000000000000 ) ) ;
#4533 = CARTESIAN_POINT ( 'NONE',  ( 0.8524999999999999245, -0.1922500000000000042, -2.160000000000000142 ) ) ;
#4534 = VERTEX_POINT ( 'NONE', #3946 ) ;
#4535 = ORIENTED_EDGE ( 'NONE', *, *, #2500, .T. ) ;
#4536 = EDGE_CURVE ( 'NONE', #2410, #512, #5108, .T. ) ;
#4537 = ORIENTED_EDGE ( 'NONE', *, *, #1045, .F. ) ;
#4538 = VECTOR ( 'NONE', #3212, 1000.000000000000000 ) ;
#4539 = VERTEX_POINT ( 'NONE', #4815 ) ;
#4540 = CYLINDRICAL_SURFACE ( 'NONE', #5552, 0.1000000000000000194 ) ;
#4541 = FACE_OUTER_BOUND ( 'NONE', #5401, .T. ) ;
#4542 = FACE_OUTER_BOUND ( 'NONE', #999, .T. ) ;
#4543 = AXIS2_PLACEMENT_3D ( 'NONE', #1281, #3460, #3519 ) ;
#4544 = EDGE_CURVE ( 'NONE', #4284, #2969, #3720, .T. ) ;
#4545 = EDGE_CURVE ( 'NONE', #3226, #297, #1273, .T. ) ;
#4546 =( LENGTH_UNIT ( ) NAMED_UNIT ( * ) SI_UNIT ( .MILLI., .METRE. ) );
#4547 = EDGE_LOOP ( 'NONE', ( #5084, #925, #2135, #1203 ) ) ;
#4548 = LINE ( 'NONE', #2804, #5409 ) ;
#4549 = CARTESIAN_POINT ( 'NONE',  ( -3.770634082987819991, 0.3248361564241389887, 2.660000000000000142 ) ) ;
#4550 = CARTESIAN_POINT ( 'NONE',  ( -3.341666231221270156, -0.1521730769230774938, -1.804999999999999938 ) ) ;
#4551 = ADVANCED_FACE ( 'NONE', ( #3971 ), #467, .T. ) ;
#4552 = LINE ( 'NONE', #2814, #2904 ) ;
#4553 = CARTESIAN_POINT ( 'NONE',  ( 3.695609128038689573, -0.09225000000000001255, 0.8062182560773819562 ) ) ;
#4554 = ORIENTED_EDGE ( 'NONE', *, *, #5502, .T. ) ;
#4555 = EDGE_CURVE ( 'NONE', #974, #1921, #1847, .T. ) ;
#4556 = CARTESIAN_POINT ( 'NONE',  ( 4.852500000000000036, -0.1922500000000000042, 2.502499999999999947 ) ) ;
#4557 = CARTESIAN_POINT ( 'NONE',  ( 3.695609128038689573, -0.7672499999999999876, 0.6562182560773820450 ) ) ;
#4558 = DIRECTION ( 'NONE',  ( 0.000000000000000000, 0.000000000000000000, -1.000000000000000000 ) ) ;
#4559 = AXIS2_PLACEMENT_3D ( 'NONE', #1649, #1302, #4285 ) ;
#4560 = ADVANCED_FACE ( 'NONE', ( #120 ), #4645, .T. ) ;
#4561 = AXIS2_PLACEMENT_3D ( 'NONE', #2473, #2870, #704 ) ;
#4562 = EDGE_LOOP ( 'NONE', ( #3046, #4829, #5097, #118 ) ) ;
#4563 = VERTEX_POINT ( 'NONE', #30 ) ;
#4564 = VERTEX_POINT ( 'NONE', #934 ) ;
#4565 = ORIENTED_EDGE ( 'NONE', *, *, #1030, .T. ) ;
#4566 = CARTESIAN_POINT ( 'NONE',  ( 0.4525000000000000133, -0.1922500000000000042, -0.8629237369103519573 ) ) ;
#4567 = AXIS2_PLACEMENT_3D ( 'NONE', #2238, #2117, #3494 ) ;
#4568 = CARTESIAN_POINT ( 'NONE',  ( -3.270000000000000018, -2.734608270214920367, 0.6750000000000000444 ) ) ;
#4569 = MANIFOLD_SOLID_BREP ( 'NONE', #3087 ) ;
#4570 = CARTESIAN_POINT ( 'NONE',  ( 0.07701132768021549946, -0.6082897420963520041, 2.380000000000000338 ) ) ;
#4571 = AXIS2_PLACEMENT_3D ( 'NONE', #4470, #3542, #3198 ) ;
#4572 = B_SPLINE_CURVE_WITH_KNOTS ( 'NONE', 3,
 ( #2495, #5154, #3945, #2521, #2577, #2103 ),
 .UNSPECIFIED., .F., .F.,
 ( 4, 2, 4 ),
 ( 0.000000000000000000, 0.5000000000000000000, 1.000000000000000000 ),
 .UNSPECIFIED. ) ;
#4573 = ORIENTED_EDGE ( 'NONE', *, *, #745, .T. ) ;
#4574 = VECTOR ( 'NONE', #2699, 1000.000000000000000 ) ;
#4575 = CARTESIAN_POINT ( 'NONE',  ( 0.6083569003329799552, 7.450223307319891365E-17, 2.380000000000000338 ) ) ;
#4576 = FACE_OUTER_BOUND ( 'NONE', #5563, .T. ) ;
#4577 = DIRECTION ( 'NONE',  ( 0.000000000000000000, 0.000000000000000000, 1.000000000000000000 ) ) ;
#4578 = DIRECTION ( 'NONE',  ( -1.000000000000000000, -5.421010862427532031E-16, 0.000000000000000000 ) ) ;
#4579 = ADVANCED_FACE ( 'NONE', ( #4439, #4524 ), #4000, .T. ) ;
#4580 = CARTESIAN_POINT ( 'NONE',  ( -3.242815959658425395, 0.04809771563645240389, 0.000000000000000000 ) ) ;
#4581 = CIRCLE ( 'NONE', #80, 0.1000000000000000194 ) ;
#4582 = CARTESIAN_POINT ( 'NONE',  ( -4.852500000000000036, -0.3322500000000000453, 2.660000000000000142 ) ) ;
#4583 = CARTESIAN_POINT ( 'NONE',  ( 4.952500000000000568, -0.1922500000000000042, -2.502499999999999947 ) ) ;
#4584 = ORIENTED_EDGE ( 'NONE', *, *, #2768, .F. ) ;
#4585 = LINE ( 'NONE', #647, #1486 ) ;
#4586 = DIRECTION ( 'NONE',  ( -1.000000000000000000, -1.084202172485501673E-15, 0.000000000000000000 ) ) ;
#4587 = AXIS2_PLACEMENT_3D ( 'NONE', #5115, #2157, #2971 ) ;
#4588 = CARTESIAN_POINT ( 'NONE',  ( 0.4525000000000000133, -0.7672499999999999876, 0.8629237369103519573 ) ) ;
#4589 = ORIENTED_EDGE ( 'NONE', *, *, #3268, .T. ) ;
#4590 = ORIENTED_EDGE ( 'NONE', *, *, #764, .F. ) ;
#4591 = PRODUCT_DEFINITION_SHAPE ( 'NONE', 'NONE',  #4626 ) ;
#4592 = ORIENTED_EDGE ( 'NONE', *, *, #4342, .T. ) ;
#4593 = EDGE_CURVE ( 'NONE', #5313, #4421, #2334, .T. ) ;
#4594 = EDGE_LOOP ( 'NONE', ( #3665, #1108, #4231, #729, #433, #2166, #4628, #5085, #3116, #2145, #4394, #1255, #1463, #5255, #3232, #325, #3737, #2913, #2539, #5646, #1318, #5586, #4035, #4854 ) ) ;
#4595 = CARTESIAN_POINT ( 'NONE',  ( 4.732244928464459655, -0.09224999999999880518, 2.044279695023479615 ) ) ;
#4596 = CARTESIAN_POINT ( 'NONE',  ( -3.575690672268250214, 0.0008476403358656010465, -1.804999999999999938 ) ) ;
#4597 = DIRECTION ( 'NONE',  ( 0.000000000000000000, -1.000000000000000000, 0.000000000000000000 ) ) ;
#4598 = AXIS2_PLACEMENT_3D ( 'NONE', #2178, #3922, #5249 ) ;
#4599 = ORIENTED_EDGE ( 'NONE', *, *, #891, .F. ) ;
#4600 = VECTOR ( 'NONE', #1650, 1000.000000000000000 ) ;
#4601 = DIRECTION ( 'NONE',  ( 0.000000000000000000, 0.9848706617970864885, 0.1732910255361449769 ) ) ;
#4602 = CARTESIAN_POINT ( 'NONE',  ( 0.4819120798423590091, -0.1922500000000000042, -0.3637895569954249786 ) ) ;
#4603 = DIRECTION ( 'NONE',  ( 0.000000000000000000, -1.000000000000000000, 0.000000000000000000 ) ) ;
#4604 = DIRECTION ( 'NONE',  ( 1.000000000000000000, 5.139921410301649810E-16, 0.000000000000000000 ) ) ;
#4605 = PLANE ( 'NONE',  #8 ) ;
#4606 = AXIS2_PLACEMENT_3D ( 'NONE', #2837, #3788, #2863 ) ;
#4607 = AXIS2_PLACEMENT_3D ( 'NONE', #695, #2836, #1586 ) ;
#4608 = VECTOR ( 'NONE', #4909, 1000.000000000000227 ) ;
#4609 = EDGE_CURVE ( 'NONE', #245, #1645, #987, .T. ) ;
#4610 = ORIENTED_EDGE ( 'NONE', *, *, #166, .T. ) ;
#4611 = DIRECTION ( 'NONE',  ( 1.000000000000000000, 0.000000000000000000, 0.000000000000000000 ) ) ;
#4612 = CARTESIAN_POINT ( 'NONE',  ( -0.4195747179604599753, -0.3181927426440689932, 2.330000000000000071 ) ) ;
#4613 = ORIENTED_EDGE ( 'NONE', *, *, #5536, .T. ) ;
#4614 = CARTESIAN_POINT ( 'NONE',  ( 4.852500000000000036, -0.7672499999999999876, -2.502499999999999947 ) ) ;
#4615 = DIRECTION ( 'NONE',  ( -1.000000000000000000, 0.000000000000000000, 0.000000000000000000 ) ) ;
#4616 = EDGE_CURVE ( 'NONE', #3374, #2598, #3255, .T. ) ;
#4617 = VERTEX_POINT ( 'NONE', #4842 ) ;
#4618 = ORIENTED_EDGE ( 'NONE', *, *, #2427, .F. ) ;
#4619 = EDGE_CURVE ( 'NONE', #2540, #3458, #3160, .T. ) ;
#4620 = ADVANCED_FACE ( 'NONE', ( #904 ), #2305, .T. ) ;
#4621 = ORIENTED_EDGE ( 'NONE', *, *, #4972, .T. ) ;
#4622 = VERTEX_POINT ( 'NONE', #4494 ) ;
#4623 = CIRCLE ( 'NONE', #5635, 0.1000000000000002554 ) ;
#4624 = DIRECTION ( 'NONE',  ( 0.000000000000000000, 0.000000000000000000, 1.000000000000000000 ) ) ;
#4625 = CARTESIAN_POINT ( 'NONE',  ( -3.770634082987814661, 0.3248361564241374899, 1.899999999999999911 ) ) ;
#4626 = PRODUCT_DEFINITION ( 'UNKNOWN', '', #1572, #1542 ) ;
#4627 = VECTOR ( 'NONE', #1121, 1000.000000000000000 ) ;
#4628 = ORIENTED_EDGE ( 'NONE', *, *, #2051, .T. ) ;
#4629 = DIRECTION ( 'NONE',  ( -5.174756433973190615E-17, 0.2840883296913740419, -0.9587981127083872179 ) ) ;
#4630 = DIRECTION ( 'NONE',  ( 1.000000000000000000, 0.000000000000000000, 0.000000000000000000 ) ) ;
#4631 = CARTESIAN_POINT ( 'NONE',  ( 3.872500000000000053, -0.7672499999999999876, -1.959999999999999964 ) ) ;
#4632 = CIRCLE ( 'NONE', #135, 0.1000000000000002554 ) ;
#4633 = EDGE_LOOP ( 'NONE', ( #3575, #2270, #3414, #4674 ) ) ;
#4634 = DIRECTION ( 'NONE',  ( 0.000000000000000000, 0.000000000000000000, 1.000000000000000000 ) ) ;
#4635 = DIRECTION ( 'NONE',  ( 1.000000000000000000, 0.000000000000000000, 0.000000000000000000 ) ) ;
#4636 = VERTEX_POINT ( 'NONE', #4959 ) ;
#4637 = AXIS2_PLACEMENT_3D ( 'NONE', #4222, #1149, #4658 ) ;
#4638 = LINE ( 'NONE', #2895, #521 ) ;
#4639 = CARTESIAN_POINT ( 'NONE',  ( -1.222500000000000142, 0.2322500000000000120, -0.3800000000000000044 ) ) ;
#4640 = EDGE_CURVE ( 'NONE', #4492, #160, #1016, .T. ) ;
#4641 = PRODUCT_DEFINITION_CONTEXT ( 'detailed design', #837, 'design' ) ;
#4642 = ORIENTED_EDGE ( 'NONE', *, *, #5146, .F. ) ;
#4643 =( NAMED_UNIT ( * ) PLANE_ANGLE_UNIT ( ) SI_UNIT ( $, .RADIAN. ) );
#4644 = VERTEX_POINT ( 'NONE', #2886 ) ;
#4645 = TOROIDAL_SURFACE ( 'NONE', #3261, 0.1999999999999983458, 0.09999999999999646672 ) ;
#4646 = ADVANCED_FACE ( 'NONE', ( #4167 ), #178, .T. ) ;
#4647 = ORIENTED_EDGE ( 'NONE', *, *, #4151, .T. ) ;
#4648 = ORIENTED_EDGE ( 'NONE', *, *, #4015, .T. ) ;
#4649 = FACE_OUTER_BOUND ( 'NONE', #5104, .T. ) ;
#4650 = ADVANCED_FACE ( 'NONE', ( #3705 ), #5443, .F. ) ;
#4651 = ADVANCED_FACE ( 'NONE', ( #3246 ), #2039, .T. ) ;
#4652 = DIRECTION ( 'NONE',  ( 0.000000000000000000, -1.000000000000000000, 0.000000000000000000 ) ) ;
#4653 = PRODUCT_CONTEXT ( 'NONE', #1830, 'mechanical' ) ;
#4654 = EDGE_LOOP ( 'NONE', ( #4386, #4979, #1181, #240, #1237, #5574, #3292, #1054 ) ) ;
#4655 = AXIS2_PLACEMENT_3D ( 'NONE', #1885, #5398, #1454 ) ;
#4656 = DIRECTION ( 'NONE',  ( 0.7787739486924921684, 1.011922027653128268E-14, 0.6273046603030332236 ) ) ;
#4657 = CYLINDRICAL_SURFACE ( 'NONE', #1052, 0.3000000000000000444 ) ;
#4658 = DIRECTION ( 'NONE',  ( 1.000000000000000000, 0.000000000000000000, 0.000000000000000000 ) ) ;
#4659 = PLANE ( 'NONE',  #939 ) ;
#4660 = CIRCLE ( 'NONE', #72, 0.1000000000000000472 ) ;
#4661 = DIRECTION ( 'NONE',  ( -0.4082482904638640164, -0.8164965809277250353, -0.4082482904638640164 ) ) ;
#4662 = CIRCLE ( 'NONE', #906, 0.1000000000000002554 ) ;
#4663 = ORIENTED_EDGE ( 'NONE', *, *, #3894, .T. ) ;
#4664 = CARTESIAN_POINT ( 'NONE',  ( 3.270000000000000018, 3.047499999999999876, 0.000000000000000000 ) ) ;
#4665 = CARTESIAN_POINT ( 'NONE',  ( -0.4917015374391079385, -0.1753850008624339984, 2.330000000000000071 ) ) ;
#4666 = EDGE_LOOP ( 'NONE', ( #5374, #4804, #329 ) ) ;
#4667 = DIRECTION ( 'NONE',  ( 1.000000000000000000, 0.000000000000000000, 0.000000000000000000 ) ) ;
#4668 = CARTESIAN_POINT ( 'NONE',  ( 3.772499999999999964, -0.09225000000000001255, 1.860000000000000098 ) ) ;
#4669 = AXIS2_PLACEMENT_3D ( 'NONE', #1046, #699, #5098 ) ;
#4670 = AXIS2_PLACEMENT_3D ( 'NONE', #2694, #4464, #4493 ) ;
#4671 = VECTOR ( 'NONE', #1414, 1000.000000000000000 ) ;
#4672 = DIRECTION ( 'NONE',  ( 1.000000000000000000, 0.000000000000000000, 0.000000000000000000 ) ) ;
#4673 = VECTOR ( 'NONE', #395, 1000.000000000000000 ) ;
#4674 = ORIENTED_EDGE ( 'NONE', *, *, #2634, .F. ) ;
#4675 = DIRECTION ( 'NONE',  ( 0.000000000000000000, 0.000000000000000000, -1.000000000000000000 ) ) ;
#4676 = LINE ( 'NONE', #5564, #2782 ) ;
#4677 = VERTEX_POINT ( 'NONE', #3786 ) ;
#4678 = VECTOR ( 'NONE', #4391, 1000.000000000000000 ) ;
#4679 = EDGE_CURVE ( 'NONE', #5083, #3712, #1069, .T. ) ;
#4680 = ORIENTED_EDGE ( 'NONE', *, *, #364, .F. ) ;
#4681 = ORIENTED_EDGE ( 'NONE', *, *, #2337, .T. ) ;
#4682 = CARTESIAN_POINT ( 'NONE',  ( -3.587499999999999911, -0.2322500000000000120, 0.000000000000000000 ) ) ;
#4683 = EDGE_CURVE ( 'NONE', #1603, #4421, #2835, .T. ) ;
#4684 = VERTEX_POINT ( 'NONE', #1096 ) ;
#4685 = CARTESIAN_POINT ( 'NONE',  ( -0.6083569003329799552, 7.450223307319891365E-17, 2.380000000000000338 ) ) ;
#4686 = MECHANICAL_DESIGN_GEOMETRIC_PRESENTATION_REPRESENTATION (  '', ( #3579 ), #3492 ) ;
#4687 = FACE_OUTER_BOUND ( 'NONE', #1871, .T. ) ;
#4688 = CARTESIAN_POINT ( 'NONE',  ( 0.7152334734501478719, -0.09225000000000001255, 0.4360944391209725102 ) ) ;
#4689 = CARTESIAN_POINT ( 'NONE',  ( -0.4546530281914760163, 0.2567365100197220307, 2.330000000000000071 ) ) ;
#4690 = DIRECTION ( 'NONE',  ( 0.000000000000000000, -1.000000000000000000, 0.000000000000000000 ) ) ;
#4691 = CIRCLE ( 'NONE', #3676, 0.1000000000000002554 ) ;
#4692 = EDGE_CURVE ( 'NONE', #5221, #2095, #2806, .T. ) ;
#4693 = ORIENTED_EDGE ( 'NONE', *, *, #2810, .F. ) ;
#4694 = DIRECTION ( 'NONE',  ( -1.821530803322649831E-16, 1.000000000000000000, 0.000000000000000000 ) ) ;
#4695 = FACE_OUTER_BOUND ( 'NONE', #2455, .T. ) ;
#4696 = ORIENTED_EDGE ( 'NONE', *, *, #222, .F. ) ;
#4697 = DIRECTION ( 'NONE',  ( 0.000000000000000000, 0.000000000000000000, 1.000000000000000000 ) ) ;
#4698 = AXIS2_PLACEMENT_3D ( 'NONE', #4748, #2518, #4809 ) ;
#4699 = CARTESIAN_POINT ( 'NONE',  ( -2.970000000000000195, -3.047499999999999876, 0.6750000000000000444 ) ) ;
#4700 = VECTOR ( 'NONE', #1284, 1000.000000000000000 ) ;
#4701 = EDGE_CURVE ( 'NONE', #2028, #2816, #694, .T. ) ;
#4702 = DIRECTION ( 'NONE',  ( -0.9982683598298539573, -4.489643301426650132E-16, -0.05882415968471819967 ) ) ;
#4703 = SURFACE_SIDE_STYLE ('',( #2930 ) ) ;
#4704 = ORIENTED_EDGE ( 'NONE', *, *, #2501, .F. ) ;
#4705 =( LENGTH_UNIT ( ) NAMED_UNIT ( * ) SI_UNIT ( .MILLI., .METRE. ) );
#4706 = LINE ( 'NONE', #3640, #4538 ) ;
#4707 = EDGE_LOOP ( 'NONE', ( #5440, #5339, #5214, #5392, #1488, #4945 ) ) ;
#4708 = ORIENTED_EDGE ( 'NONE', *, *, #3106, .T. ) ;
#4709 = VERTEX_POINT ( 'NONE', #204 ) ;
#4710 = CARTESIAN_POINT ( 'NONE',  ( -4.952500000000000568, 0.7672499999999999876, -1.899999999999999911 ) ) ;
#4711 = CIRCLE ( 'NONE', #3234, 0.1000000000000002554 ) ;
#4712 = ORIENTED_EDGE ( 'NONE', *, *, #5107, .T. ) ;
#4713 = DIRECTION ( 'NONE',  ( 4.517509052022940401E-16, -1.000000000000000000, 0.000000000000000000 ) ) ;
#4714 = DIRECTION ( 'NONE',  ( -0.8856505754816621501, 0.4643522996055911012, 0.000000000000000000 ) ) ;
#4715 = DIRECTION ( 'NONE',  ( -0.7071067811865410224, -8.402566836762776115E-15, -0.7071067811865540120 ) ) ;
#4716 = CARTESIAN_POINT ( 'NONE',  ( 4.787102839788669684, -0.09224999999999880518, 1.944279695023479970 ) ) ;
#4717 = DIRECTION ( 'NONE',  ( -0.1147640357803560301, 0.1721460536705335109, -0.9783634050275321625 ) ) ;
#4718 = CARTESIAN_POINT ( 'NONE',  ( 3.169999999999999929, -1.523749999999999938, 1.527500000000000080 ) ) ;
#4719 = EDGE_CURVE ( 'NONE', #3883, #2931, #2778, .T. ) ;
#4720 = ORIENTED_EDGE ( 'NONE', *, *, #4679, .T. ) ;
#4721 = LINE ( 'NONE', #2949, #3195 ) ;
#4722 = DIRECTION ( 'NONE',  ( 0.000000000000000000, 0.000000000000000000, -1.000000000000000000 ) ) ;
#4723 = ORIENTED_EDGE ( 'NONE', *, *, #3209, .T. ) ;
#4724 = AXIS2_PLACEMENT_3D ( 'NONE', #5116, #750, #397 ) ;
#4725 = CARTESIAN_POINT ( 'NONE',  ( -0.2418278949238904796, 0.5585411085144169618, 2.380000000000000338 ) ) ;
#4726 = CARTESIAN_POINT ( 'NONE',  ( 3.270000000000000018, 3.047499999999999876, 0.000000000000000000 ) ) ;
#4727 = ADVANCED_FACE ( 'NONE', ( #1532 ), #2438, .T. ) ;
#4728 = EDGE_CURVE ( 'NONE', #1537, #2833, #4360, .T. ) ;
#4729 = VECTOR ( 'NONE', #4140, 1000.000000000000000 ) ;
#4730 = DIRECTION ( 'NONE',  ( -0.7071067811865973107, 2.059984127722436652E-14, 0.7071067811864976127 ) ) ;
#4731 = ORIENTED_EDGE ( 'NONE', *, *, #619, .F. ) ;
#4732 = DIRECTION ( 'NONE',  ( -1.000000000000000000, 0.000000000000000000, 0.000000000000000000 ) ) ;
#4733 = DIRECTION ( 'NONE',  ( 0.000000000000000000, 0.000000000000000000, 1.000000000000000000 ) ) ;
#4734 = EDGE_LOOP ( 'NONE', ( #2407, #4120, #1720, #3599, #3810, #2899 ) ) ;
#4735 = EDGE_CURVE ( 'NONE', #3115, #5031, #4921, .T. ) ;
#4736 = AXIS2_PLACEMENT_3D ( 'NONE', #3797, #5559, #4615 ) ;
#4737 = VERTEX_POINT ( 'NONE', #5499 ) ;
#4738 = CARTESIAN_POINT ( 'NONE',  ( 3.372500000000000053, -0.1922500000000000042, -2.060000000000000053 ) ) ;
#4739 = ORIENTED_EDGE ( 'NONE', *, *, #3655, .T. ) ;
#4740 = ORIENTED_EDGE ( 'NONE', *, *, #2392, .T. ) ;
#4741 = CARTESIAN_POINT ( 'NONE',  ( 0.4760296638738870101, -0.1922500000000000042, -0.4636163929784100080 ) ) ;
#4742 = AXIS2_PLACEMENT_3D ( 'NONE', #70, #155, #1856 ) ;
#4743 = EDGE_LOOP ( 'NONE', ( #5305, #5231, #3307, #4328 ) ) ;
#4744 = CARTESIAN_POINT ( 'NONE',  ( 0.5301402761854330237, 0.2993161962930755426, 2.380000000000000338 ) ) ;
#4745 = CARTESIAN_POINT ( 'NONE',  ( -3.903095123049505233, -0.008589285714287549570, 0.000000000000000000 ) ) ;
#4746 = CARTESIAN_POINT ( 'NONE',  ( -2.803133701591289828, -2.580633701591290130, 2.079999999999999627 ) ) ;
#4747 = CARTESIAN_POINT ( 'NONE',  ( 4.852500000000000036, -0.1475286404500029958, 2.591942719099989745 ) ) ;
#4748 = CARTESIAN_POINT ( 'NONE',  ( 0.4525000000000000133, -0.1922500000000000042, 0.8629237369103519573 ) ) ;
#4749 = LINE ( 'NONE', #5669, #527 ) ;
#4750 = ORIENTED_EDGE ( 'NONE', *, *, #4967, .F. ) ;
#4751 = DIRECTION ( 'NONE',  ( -1.000000000000000000, -5.421010862427532031E-16, 0.000000000000000000 ) ) ;
#4752 = EDGE_CURVE ( 'NONE', #1400, #3182, #1558, .T. ) ;
#4753 = DIRECTION ( 'NONE',  ( 1.000000000000000000, 0.000000000000000000, 0.000000000000000000 ) ) ;
#4754 = ORIENTED_EDGE ( 'NONE', *, *, #286, .T. ) ;
#4755 = CARTESIAN_POINT ( 'NONE',  ( -0.07701132768019709751, 0.6082897420963520041, 2.380000000000000338 ) ) ;
#4756 = CARTESIAN_POINT ( 'NONE',  ( 0.3436167100760015303, 0.3943076977342270251, 2.330000000000000071 ) ) ;
#4757 = CIRCLE ( 'NONE', #4567, 0.09999999999999992228 ) ;
#4758 = AXIS2_PLACEMENT_3D ( 'NONE', #3725, #1581, #3294 ) ;
#4759 = DIRECTION ( 'NONE',  ( 4.517509052022940401E-16, -1.000000000000000000, 0.000000000000000000 ) ) ;
#4760 = EDGE_CURVE ( 'NONE', #552, #1395, #3758, .T. ) ;
#4761 = CARTESIAN_POINT ( 'NONE',  ( 0.4819120798423598417, -0.1922499999999983944, -0.3637895569954253672 ) ) ;
#4762 = ORIENTED_EDGE ( 'NONE', *, *, #4190, .T. ) ;
#4763 = AXIS2_PLACEMENT_3D ( 'NONE', #3764, #1612, #3279 ) ;
#4764 = CARTESIAN_POINT ( 'NONE',  ( 0.9525000000000000133, -0.7672499999999999876, 2.060000000000000053 ) ) ;
#4765 = DIRECTION ( 'NONE',  ( 1.000000000000000000, 0.000000000000000000, 0.000000000000000000 ) ) ;
#4766 = CARTESIAN_POINT ( 'NONE',  ( 3.399390871961310179, -0.7672499999999999876, 0.6562182560773820450 ) ) ;
#4767 = VECTOR ( 'NONE', #1502, 1000.000000000000000 ) ;
#4768 = EDGE_LOOP ( 'NONE', ( #4422, #992, #3669, #4253 ) ) ;
#4769 = CARTESIAN_POINT ( 'NONE',  ( 3.372500000000000053, -0.1922500000000000042, -2.060000000000000053 ) ) ;
#4770 = ORIENTED_EDGE ( 'NONE', *, *, #3700, .F. ) ;
#4771 = ORIENTED_EDGE ( 'NONE', *, *, #715, .T. ) ;
#4772 = MECHANICAL_DESIGN_GEOMETRIC_PRESENTATION_REPRESENTATION (  '', ( #1831 ), #264 ) ;
#4773 = DIRECTION ( 'NONE',  ( -1.000000000000000000, 0.000000000000000000, 0.000000000000000000 ) ) ;
#4774 = ADVANCED_FACE ( 'NONE', ( #3326 ), #5093, .T. ) ;
#4775 = ORIENTED_EDGE ( 'NONE', *, *, #3752, .F. ) ;
#4776 = CARTESIAN_POINT ( 'NONE',  ( 0.5585241668780789315, 0.2418705827121719887, 2.380000000000000338 ) ) ;
#4777 = CARTESIAN_POINT ( 'NONE',  ( -4.852500000000000036, -0.2322500000000000120, 2.660000000000000142 ) ) ;
#4778 = CARTESIAN_POINT ( 'NONE',  ( -1.635000000000000009, -2.947500000000000231, 1.527500000000000080 ) ) ;
#4779 = LINE ( 'NONE', #5179, #2493 ) ;
#4780 = CYLINDRICAL_SURFACE ( 'NONE', #2124, 0.1000000000000002554 ) ;
#4781 = VECTOR ( 'NONE', #3045, 1000.000000000000000 ) ;
#4782 = VERTEX_POINT ( 'NONE', #725 ) ;
#4783 = DIRECTION ( 'NONE',  ( 1.000000000000000000, 0.000000000000000000, 0.000000000000000000 ) ) ;
#4784 = CARTESIAN_POINT ( 'NONE',  ( 3.545609128038689661, -0.09225000000000001255, -0.6562182560773820450 ) ) ;
#4785 = LINE ( 'NONE', #6, #328 ) ;
#4786 = DIRECTION ( 'NONE',  ( 0.000000000000000000, 1.000000000000000000, 1.011922027653137735E-14 ) ) ;
#4787 = EDGE_CURVE ( 'NONE', #334, #251, #2156, .T. ) ;
#4788 = DIRECTION ( 'NONE',  ( -8.223874256482640091E-16, 1.000000000000000000, 0.000000000000000000 ) ) ;
#4789 =( NAMED_UNIT ( * ) SI_UNIT ( $, .STERADIAN. ) SOLID_ANGLE_UNIT ( ) );
#4790 = ORIENTED_EDGE ( 'NONE', *, *, #2732, .F. ) ;
#4791 = DIRECTION ( 'NONE',  ( -1.000000000000000000, 0.000000000000000000, 0.000000000000000000 ) ) ;
#4792 = DIRECTION ( 'NONE',  ( 1.000000000000000000, 0.000000000000000000, 0.000000000000000000 ) ) ;
#4793 = VERTEX_POINT ( 'NONE', #3035 ) ;
#4794 = PLANE ( 'NONE',  #1761 ) ;
#4795 = AXIS2_PLACEMENT_3D ( 'NONE', #231, #5551, #1991 ) ;
#4796 = ADVANCED_FACE ( 'NONE', ( #1293 ), #5178, .F. ) ;
#4797 = VECTOR ( 'NONE', #5450, 1000.000000000000000 ) ;
#4798 = EDGE_CURVE ( 'NONE', #2721, #245, #2573, .T. ) ;
#4799 = DIRECTION ( 'NONE',  ( 0.000000000000000000, 1.000000000000000000, 4.155987014962276234E-16 ) ) ;
#4800 = ORIENTED_EDGE ( 'NONE', *, *, #4810, .T. ) ;
#4801 = ORIENTED_EDGE ( 'NONE', *, *, #3674, .T. ) ;
#4802 = DIRECTION ( 'NONE',  ( 1.000000000000000000, 0.000000000000000000, 0.000000000000000000 ) ) ;
#4803 = ADVANCED_FACE ( 'NONE', ( #4277 ), #4335, .T. ) ;
#4804 = ORIENTED_EDGE ( 'NONE', *, *, #2555, .F. ) ;
#4805 = DIRECTION ( 'NONE',  ( 0.000000000000000000, 0.000000000000000000, -1.000000000000000000 ) ) ;
#4806 = LINE ( 'NONE', #3992, #4257 ) ;
#4807 = CARTESIAN_POINT ( 'NONE',  ( 0.8524999999999999245, -0.7672499999999999876, 0.8629237369103519573 ) ) ;
#4808 =( LENGTH_UNIT ( ) NAMED_UNIT ( * ) SI_UNIT ( .MILLI., .METRE. ) );
#4809 = DIRECTION ( 'NONE',  ( -1.000000000000000000, -5.421010862427522170E-16, 0.000000000000000000 ) ) ;
#4810 = EDGE_CURVE ( 'NONE', #1992, #2948, #3814, .T. ) ;
#4811 = DIRECTION ( 'NONE',  ( 0.000000000000000000, -1.000000000000000000, 1.552855009832549940E-15 ) ) ;
#4812 = VERTEX_POINT ( 'NONE', #5549 ) ;
#4813 = DIRECTION ( 'NONE',  ( 0.000000000000000000, 0.000000000000000000, -1.000000000000000000 ) ) ;
#4814 = DIRECTION ( 'NONE',  ( 4.115814624101284764E-15, 1.000000000000000000, -3.880424786858612281E-15 ) ) ;
#4815 = CARTESIAN_POINT ( 'NONE',  ( 0.8524999999999999245, -0.1922500000000000042, 2.060000000000000053 ) ) ;
#4816 = LINE ( 'NONE', #875, #2845 ) ;
#4817 = DIRECTION ( 'NONE',  ( 0.000000000000000000, 0.000000000000000000, -1.000000000000000000 ) ) ;
#4818 = SPHERICAL_SURFACE ( 'NONE', #3303, 0.1000000000000002554 ) ;
#4819 = VERTEX_POINT ( 'NONE', #4807 ) ;
#4820 = DIRECTION ( 'NONE',  ( 1.000000000000000000, 0.000000000000000000, 0.000000000000000000 ) ) ;
#4821 = DIRECTION ( 'NONE',  ( 0.1147640357803560301, 0.1721460536705335109, -0.9783634050275321625 ) ) ;
#4822 = LINE ( 'NONE', #2177, #4102 ) ;
#4823 = CARTESIAN_POINT ( 'NONE',  ( 3.270000000000000018, 3.047499999999999876, 0.07846988903114750225 ) ) ;
#4824 = AXIS2_PLACEMENT_3D ( 'NONE', #3490, #4733, #4765 ) ;
#4825 = UNCERTAINTY_MEASURE_WITH_UNIT (LENGTH_MEASURE( 1.000000000000000082E-05 ), #3532, 'distance_accuracy_value', 'NONE');
#4826 = SHAPE_DEFINITION_REPRESENTATION ( #1519, #5008 ) ;
#4827 = CARTESIAN_POINT ( 'NONE',  ( -4.120000000000000107, 0.03274999999999959888, 0.000000000000000000 ) ) ;
#4828 = ORIENTED_EDGE ( 'NONE', *, *, #3128, .F. ) ;
#4829 = ORIENTED_EDGE ( 'NONE', *, *, #2380, .T. ) ;
#4830 = EDGE_CURVE ( 'NONE', #1130, #3115, #3899, .T. ) ;
#4831 = ORIENTED_EDGE ( 'NONE', *, *, #1888, .F. ) ;
#4832 = DIRECTION ( 'NONE',  ( 1.000000000000000000, 5.421010862427532031E-16, 0.000000000000000000 ) ) ;
#4833 = EDGE_CURVE ( 'NONE', #3897, #1940, #2163, .T. ) ;
#4834 = CARTESIAN_POINT ( 'NONE',  ( -3.055000000000000160, -0.03275000000000140299, 0.000000000000000000 ) ) ;
#4835 = EDGE_CURVE ( 'NONE', #5554, #4617, #4205, .T. ) ;
#4836 = CARTESIAN_POINT ( 'NONE',  ( -4.952500000000000568, -0.4997499999999999720, -2.660000000000000142 ) ) ;
#4837 = FACE_OUTER_BOUND ( 'NONE', #4507, .T. ) ;
#4838 = CIRCLE ( 'NONE', #239, 0.5000000000000000000 ) ;
#4839 = VECTOR ( 'NONE', #2107, 1000.000000000000000 ) ;
#4840 = VERTEX_POINT ( 'NONE', #1206 ) ;
#4841 = LINE ( 'NONE', #2638, #814 ) ;
#4842 = CARTESIAN_POINT ( 'NONE',  ( 0.9525000000000000133, -0.09225000000000001255, 0.8629237369103519573 ) ) ;
#4843 = CARTESIAN_POINT ( 'NONE',  ( 0.06599873162765129697, 0.5216872481905789893, 2.330000000000000071 ) ) ;
#4844 = ADVANCED_FACE ( 'NONE', ( #2943 ), #3905, .T. ) ;
#4845 = AXIS2_PLACEMENT_3D ( 'NONE', #4766, #5628, #4851 ) ;
#4846 = CARTESIAN_POINT ( 'NONE',  ( 4.852500000000000036, -0.7672499999999999876, -2.602500000000000036 ) ) ;
#4847 = EDGE_LOOP ( 'NONE', ( #5133, #2416, #3253, #1375 ) ) ;
#4848 = AXIS2_PLACEMENT_3D ( 'NONE', #4125, #1571, #2898 ) ;
#4849 = CARTESIAN_POINT ( 'NONE',  ( -3.903095123049499904, -0.008589285714289610421, -2.660000000000000142 ) ) ;
#4850 = CARTESIAN_POINT ( 'NONE',  ( -3.903095123049505233, -0.008589285714287549570, 0.000000000000000000 ) ) ;
#4851 = DIRECTION ( 'NONE',  ( 1.000000000000000000, 7.228014483236697541E-16, 0.000000000000000000 ) ) ;
#4852 = CARTESIAN_POINT ( 'NONE',  ( 4.852500000000000036, -0.1922500000000000042, 2.044279695023479615 ) ) ;
#4853 = CIRCLE ( 'NONE', #3923, 0.1000000000000002554 ) ;
#4854 = ORIENTED_EDGE ( 'NONE', *, *, #3237, .T. ) ;
#4855 = CARTESIAN_POINT ( 'NONE',  ( 0.000000000000000000, -5.272817541778787622E-17, 2.380000000000003446 ) ) ;
#4856 = AXIS2_PLACEMENT_3D ( 'NONE', #5125, #2950, #5556 ) ;
#4857 = ORIENTED_EDGE ( 'NONE', *, *, #866, .F. ) ;
#4858 = ORIENTED_EDGE ( 'NONE', *, *, #2568, .T. ) ;
#4859 = EDGE_CURVE ( 'NONE', #959, #2969, #337, .T. ) ;
#4860 = DIRECTION ( 'NONE',  ( 1.000000000000000000, 0.000000000000000000, 0.000000000000000000 ) ) ;
#4861 = VECTOR ( 'NONE', #840, 1000.000000000000000 ) ;
#4862 = ADVANCED_FACE ( 'NONE', ( #3847 ), #5206, .T. ) ;
#4863 = AXIS2_PLACEMENT_3D ( 'NONE', #1506, #3787, #4141 ) ;
#4864 = ORIENTED_EDGE ( 'NONE', *, *, #4434, .T. ) ;
#4865 = DIRECTION ( 'NONE',  ( 0.000000000000000000, 0.000000000000000000, 1.000000000000000000 ) ) ;
#4866 = VERTEX_POINT ( 'NONE', #2159 ) ;
#4867 = DIRECTION ( 'NONE',  ( -1.000000000000000000, 0.000000000000000000, 0.000000000000000000 ) ) ;
#4868 = CIRCLE ( 'NONE', #1554, 0.5000000000000000000 ) ;
#4869 = DIRECTION ( 'NONE',  ( 0.000000000000000000, 1.000000000000000000, 0.000000000000000000 ) ) ;
#4870 = DIRECTION ( 'NONE',  ( 0.000000000000000000, 1.000000000000000000, 3.564362208736594292E-16 ) ) ;
#4871 = DIRECTION ( 'NONE',  ( 0.9931903090196375627, 0.000000000000000000, 0.1165032620550898596 ) ) ;
#4872 = ADVANCED_FACE ( 'NONE', ( #4023 ), #487, .T. ) ;
#4873 = VECTOR ( 'NONE', #2805, 1000.000000000000000 ) ;
#4874 =( NAMED_UNIT ( * ) PLANE_ANGLE_UNIT ( ) SI_UNIT ( $, .RADIAN. ) );
#4875 = ORIENTED_EDGE ( 'NONE', *, *, #4475, .T. ) ;
#4876 = DIRECTION ( 'NONE',  ( 1.000000000000000000, 0.000000000000000000, 0.000000000000000000 ) ) ;
#4877 = CARTESIAN_POINT ( 'NONE',  ( 0.9525000000000000133, -0.7672499999999999876, -2.060000000000000053 ) ) ;
#4878 = EDGE_CURVE ( 'NONE', #2852, #4064, #462, .T. ) ;
#4879 = CARTESIAN_POINT ( 'NONE',  ( 4.687102839788669151, -0.7672499999999999876, -1.844279695023479881 ) ) ;
#4880 = CARTESIAN_POINT ( 'NONE',  ( 3.372500000000000053, -0.7672499999999999876, 2.160000000000000142 ) ) ;
#4881 = ORIENTED_EDGE ( 'NONE', *, *, #5036, .T. ) ;
#4882 = DIRECTION ( 'NONE',  ( 0.000000000000000000, -1.000000000000000000, 1.445602896647339508E-15 ) ) ;
#4883 = CARTESIAN_POINT ( 'NONE',  ( 2.974041303662944724, 3.047499999999999876, 0.6750000000000000444 ) ) ;
#4884 = CARTESIAN_POINT ( 'NONE',  ( -3.903095123049505233, -0.008589285714287419465, -2.660000000000000142 ) ) ;
#4885 = CIRCLE ( 'NONE', #2030, 0.2999999999999999334 ) ;
#4886 = ORIENTED_EDGE ( 'NONE', *, *, #476, .T. ) ;
#4887 = LINE ( 'NONE', #4450, #5114 ) ;
#4888 = ORIENTED_EDGE ( 'NONE', *, *, #5526, .F. ) ;
#4889 = VERTEX_POINT ( 'NONE', #2247 ) ;
#4890 = CIRCLE ( 'NONE', #4795, 0.5000000000000000000 ) ;
#4891 = VECTOR ( 'NONE', #4604, 1000.000000000000000 ) ;
#4892 = VECTOR ( 'NONE', #154, 1000.000000000000000 ) ;
#4893 = FACE_OUTER_BOUND ( 'NONE', #501, .T. ) ;
#4894 = VERTEX_POINT ( 'NONE', #5318 ) ;
#4895 = DIRECTION ( 'NONE',  ( 0.000000000000000000, 0.000000000000000000, -1.000000000000000000 ) ) ;
#4896 = EDGE_LOOP ( 'NONE', ( #1517, #1160, #2267 ) ) ;
#4897 = DIRECTION ( 'NONE',  ( 0.000000000000000000, 0.000000000000000000, -1.000000000000000000 ) ) ;
#4898 = CARTESIAN_POINT ( 'NONE',  ( -1.635000000000000009, -2.947500000000000231, 0.3375000000000000222 ) ) ;
#4899 = PLANE ( 'NONE',  #2758 ) ;
#4900 = CARTESIAN_POINT ( 'NONE',  ( 3.472499999999999698, -0.7672499999999999876, 1.959999999999999964 ) ) ;
#4901 = ORIENTED_EDGE ( 'NONE', *, *, #997, .F. ) ;
#4902 = CARTESIAN_POINT ( 'NONE',  ( 4.952500000000000568, -0.4297500000000000209, -2.044279695023479615 ) ) ;
#4903 = DIRECTION ( 'NONE',  ( -1.000000000000000000, 0.000000000000000000, 0.000000000000000000 ) ) ;
#4904 = FACE_OUTER_BOUND ( 'NONE', #4896, .T. ) ;
#4905 = EDGE_CURVE ( 'NONE', #974, #356, #2662, .T. ) ;
#4906 = FACE_OUTER_BOUND ( 'NONE', #420, .T. ) ;
#4907 = DIRECTION ( 'NONE',  ( 0.000000000000000000, 1.000000000000000000, 0.000000000000000000 ) ) ;
#4908 = VERTEX_POINT ( 'NONE', #1763 ) ;
#4909 = DIRECTION ( 'NONE',  ( 0.8233548815373527008, -0.5675268619621558486, 0.000000000000000000 ) ) ;
#4910 = CARTESIAN_POINT ( 'NONE',  ( 3.872500000000000053, -0.7672499999999999876, -0.8062182560773819562 ) ) ;
#4911 = EDGE_CURVE ( 'NONE', #3342, #361, #4691, .T. ) ;
#4912 = CARTESIAN_POINT ( 'NONE',  ( -1.222500000000000142, 0.7672499999999999876, 1.899999999999999911 ) ) ;
#4913 = ADVANCED_FACE ( 'NONE', ( #2300 ), #1812, .T. ) ;
#4914 = AXIS2_PLACEMENT_3D ( 'NONE', #3123, #5316, #4897 ) ;
#4915 = ORIENTED_EDGE ( 'NONE', *, *, #2345, .T. ) ;
#4916 = CARTESIAN_POINT ( 'NONE',  ( -2.803133701591289828, 0.7618749999999999689, 2.380000000000000338 ) ) ;
#4917 = ORIENTED_EDGE ( 'NONE', *, *, #2292, .F. ) ;
#4918 = ORIENTED_EDGE ( 'NONE', *, *, #536, .F. ) ;
#4919 = AXIS2_PLACEMENT_3D ( 'NONE', #4566, #3697, #4132 ) ;
#4920 = EDGE_LOOP ( 'NONE', ( #3357, #5345, #539, #1926 ) ) ;
#4921 = CIRCLE ( 'NONE', #2697, 0.1000000000000000056 ) ;
#4922 = EDGE_LOOP ( 'NONE', ( #4129, #1156, #216, #3471 ) ) ;
#4923 = LINE ( 'NONE', #2688, #4162 ) ;
#4924 = DIRECTION ( 'NONE',  ( 0.4082482904638701227, 0.8164965809277219266, 0.4082482904638639054 ) ) ;
#4925 = DIRECTION ( 'NONE',  ( 1.000000000000000000, 5.421010862427519212E-16, 0.000000000000000000 ) ) ;
#4926 = PLANE ( 'NONE',  #2626 ) ;
#4927 = ORIENTED_EDGE ( 'NONE', *, *, #5603, .T. ) ;
#4928 = DIRECTION ( 'NONE',  ( 0.000000000000000000, 1.000000000000000000, 0.000000000000000000 ) ) ;
#4929 = CARTESIAN_POINT ( 'NONE',  ( 4.852500000000000036, -0.4297500000000000209, 2.602500000000000036 ) ) ;
#4930 = CARTESIAN_POINT ( 'NONE',  ( -0.8175000000000000044, -2.580633701591290130, 2.380000000000000338 ) ) ;
#4931 = EDGE_CURVE ( 'NONE', #2341, #1940, #838, .T. ) ;
#4932 = DIRECTION ( 'NONE',  ( 1.000000000000000000, 0.000000000000000000, 0.000000000000000000 ) ) ;
#4933 = CARTESIAN_POINT ( 'NONE',  ( 4.787102839788669684, -0.09224999999999888844, -2.044279695023479615 ) ) ;
#4934 = ORIENTED_EDGE ( 'NONE', *, *, #2889, .F. ) ;
#4935 = DIRECTION ( 'NONE',  ( 0.000000000000000000, 0.000000000000000000, -1.000000000000000000 ) ) ;
#4936 = DIRECTION ( 'NONE',  ( 0.000000000000000000, 0.000000000000000000, 1.000000000000000000 ) ) ;
#4937 = ADVANCED_FACE ( 'NONE', ( #2745 ), #3559, .F. ) ;
#4938 = VERTEX_POINT ( 'NONE', #2219 ) ;
#4939 = DIRECTION ( 'NONE',  ( 0.000000000000000000, -1.000000000000000000, 0.000000000000000000 ) ) ;
#4940 = ORIENTED_EDGE ( 'NONE', *, *, #1370, .F. ) ;
#4941 = VERTEX_POINT ( 'NONE', #578 ) ;
#4942 = VECTOR ( 'NONE', #1437, 1000.000000000000000 ) ;
#4943 = AXIS2_PLACEMENT_3D ( 'NONE', #1901, #5014, #638 ) ;
#4944 = ADVANCED_FACE ( 'NONE', ( #1379 ), #3125, .T. ) ;
#4945 = ORIENTED_EDGE ( 'NONE', *, *, #4297, .F. ) ;
#4946 = CARTESIAN_POINT ( 'NONE',  ( -2.855207625734559773, -0.2677499999999999880, 1.899999999999999911 ) ) ;
#4947 = VERTEX_POINT ( 'NONE', #1866 ) ;
#4948 = CARTESIAN_POINT ( 'NONE',  ( 2.970000000000000195, -2.847500000000000142, -1.490777987167568104E-16 ) ) ;
#4949 = VECTOR ( 'NONE', #2393, 1000.000000000000000 ) ;
#4950 = DIRECTION ( 'NONE',  ( 3.255289726899070946E-16, -0.9587981127083872179, -0.2840883296913740419 ) ) ;
#4951 = VECTOR ( 'NONE', #4340, 1000.000000000000000 ) ;
#4952 = DIRECTION ( 'NONE',  ( 0.000000000000000000, 0.000000000000000000, -1.000000000000000000 ) ) ;
#4953 = DIRECTION ( 'NONE',  ( -0.000000000000000000, 1.000000000000000000, 0.000000000000000000 ) ) ;
#4954 = EDGE_CURVE ( 'NONE', #706, #2816, #1841, .T. ) ;
#4955 = APPLICATION_PROTOCOL_DEFINITION ( 'draft international standard', 'automotive_design', 1998, #1830 ) ;
#4956 = VECTOR ( 'NONE', #4629, 1000.000000000000000 ) ;
#4957 = VERTEX_POINT ( 'NONE', #2689 ) ;
#4958 = FACE_OUTER_BOUND ( 'NONE', #2174, .T. ) ;
#4959 = CARTESIAN_POINT ( 'NONE',  ( 0.9525000000000000133, -0.09225000000000001255, -2.060000000000000053 ) ) ;
#4960 = CARTESIAN_POINT ( 'NONE',  ( -1.955845883058599859E-09, 0.5217543599565258594, 2.330000000000000071 ) ) ;
#4961 = CARTESIAN_POINT ( 'NONE',  ( -3.055000000000000160, -0.03275000000000140299, 2.660000000000000142 ) ) ;
#4962 = CARTESIAN_POINT ( 'NONE',  ( -0.6083569003329799552, 0.000000000000000000, 2.330000000000000071 ) ) ;
#4963 = ORIENTED_EDGE ( 'NONE', *, *, #1669, .F. ) ;
#4964 = CARTESIAN_POINT ( 'NONE',  ( 3.399390871961310179, -0.7672499999999999876, 0.8062182560773819562 ) ) ;
#4965 = DIRECTION ( 'NONE',  ( 1.000000000000000000, 0.000000000000000000, 0.000000000000000000 ) ) ;
#4966 = DIRECTION ( 'NONE',  ( 4.517509052022940401E-16, -1.000000000000000000, 0.000000000000000000 ) ) ;
#4967 = EDGE_CURVE ( 'NONE', #2564, #4237, #3504, .T. ) ;
#4968 = EDGE_CURVE ( 'NONE', #763, #3524, #3789, .T. ) ;
#4969 = CARTESIAN_POINT ( 'NONE',  ( -1.955845883058599859E-09, 0.5217543599565258594, 2.330000000000000071 ) ) ;
#4970 = EDGE_LOOP ( 'NONE', ( #5294, #576, #3278, #136 ) ) ;
#4971 = ORIENTED_EDGE ( 'NONE', *, *, #315, .F. ) ;
#4972 = EDGE_CURVE ( 'NONE', #5649, #4534, #2217, .T. ) ;
#4973 = ADVANCED_FACE ( 'NONE', ( #4398 ), #1407, .T. ) ;
#4974 = VECTOR ( 'NONE', #4516, 1000.000000000000000 ) ;
#4975 = ORIENTED_EDGE ( 'NONE', *, *, #3408, .F. ) ;
#4976 = SURFACE_SIDE_STYLE ('',( #4101 ) ) ;
#4977 = B_SPLINE_CURVE_WITH_KNOTS ( 'NONE', 3,
 ( #5463, #2798, #3801, #629 ),
 .UNSPECIFIED., .F., .F.,
 ( 4, 4 ),
 ( 0.000000000000000000, 1.000000000000000000 ),
 .UNSPECIFIED. ) ;
#4978 = AXIS2_PLACEMENT_3D ( 'NONE', #2131, #5641, #1702 ) ;
#4979 = ORIENTED_EDGE ( 'NONE', *, *, #107, .T. ) ;
#4980 = DIRECTION ( 'NONE',  ( -1.445602896647339311E-15, -0.9848706617970867105, -0.1732910255361442831 ) ) ;
#4981 = CARTESIAN_POINT ( 'NONE',  ( 0.5217543599545370059, 3.611118645726069961E-32, 2.330000000000000071 ) ) ;
#4982 = EDGE_CURVE ( 'NONE', #706, #3618, #24, .T. ) ;
#4983 = EDGE_CURVE ( 'NONE', #4986, #4737, #3857, .T. ) ;
#4984 = CARTESIAN_POINT ( 'NONE',  ( 0.4006264186279450135, -0.4597725128299030017, 2.380000000000000338 ) ) ;
#4985 = AXIS2_PLACEMENT_3D ( 'NONE', #4194, #2888, #4690 ) ;
#4986 = VERTEX_POINT ( 'NONE', #4981 ) ;
#4987 = CARTESIAN_POINT ( 'NONE',  ( 3.875236007539899941, -0.09225000000000001255, -1.879526214587565081 ) ) ;
#4988 = ADVANCED_FACE ( 'NONE', ( #1525 ), #3265, .T. ) ;
#4989 = DIRECTION ( 'NONE',  ( 0.000000000000000000, 0.000000000000000000, 1.000000000000000000 ) ) ;
#4990 = DIRECTION ( 'NONE',  ( 1.000000000000000000, 8.893845946170153560E-16, 0.000000000000000000 ) ) ;
#4991 = DIRECTION ( 'NONE',  ( 0.000000000000000000, 1.000000000000000000, 0.000000000000000000 ) ) ;
#4992 = CARTESIAN_POINT ( 'NONE',  ( -3.055000000000000160, 0.7672499999999999876, 0.000000000000000000 ) ) ;
#4993 = DIRECTION ( 'NONE',  ( -1.000000000000000000, -5.421010862427532031E-16, 1.734723475976810250E-14 ) ) ;
#4994 = ORIENTED_EDGE ( 'NONE', *, *, #4968, .F. ) ;
#4995 = CARTESIAN_POINT ( 'NONE',  ( 3.883057280900009900, -0.1475286404500029958, 2.502499999999999947 ) ) ;
#4996 = LINE ( 'NONE', #3112, #2794 ) ;
#4997 = PLANE ( 'NONE',  #3803 ) ;
#4998 = AXIS2_PLACEMENT_3D ( 'NONE', #5207, #2490, #3036 ) ;
#4999 = EDGE_CURVE ( 'NONE', #2833, #2708, #3104, .T. ) ;
#5000 = ORIENTED_EDGE ( 'NONE', *, *, #1970, .F. ) ;
#5001 = ORIENTED_EDGE ( 'NONE', *, *, #2917, .F. ) ;
#5002 = EDGE_CURVE ( 'NONE', #2735, #2245, #2756, .T. ) ;
#5003 = ORIENTED_EDGE ( 'NONE', *, *, #2881, .F. ) ;
#5004 = AXIS2_PLACEMENT_3D ( 'NONE', #1292, #4459, #23 ) ;
#5005 = ORIENTED_EDGE ( 'NONE', *, *, #4911, .F. ) ;
#5006 = FACE_OUTER_BOUND ( 'NONE', #2317, .T. ) ;
#5007 = LINE ( 'NONE', #1116, #2929 ) ;
#5008 = SHAPE_REPRESENTATION ( '2.stp', ( #931 ), #1477 ) ;
#5009 = CARTESIAN_POINT ( 'NONE',  ( 4.852500000000000036, -0.1922500000000000042, 2.044279695023479615 ) ) ;
#5010 = AXIS2_PLACEMENT_3D ( 'NONE', #5424, #2260, #4965 ) ;
#5011 = ADVANCED_FACE ( 'NONE', ( #4541 ), #1895, .T. ) ;
#5012 = ORIENTED_EDGE ( 'NONE', *, *, #1900, .F. ) ;
#5013 = CARTESIAN_POINT ( 'NONE',  ( 0.8524999999999999245, -0.7672499999999999876, -0.8629237369103519573 ) ) ;
#5014 = DIRECTION ( 'NONE',  ( -0.3333510335353586096, 0.8471196932672572233, 0.4138421362303459916 ) ) ;
#5015 = CARTESIAN_POINT ( 'NONE',  ( -0.5094754521695491478, 0.1307146481107802072, 2.330000000000000071 ) ) ;
#5016 = CARTESIAN_POINT ( 'NONE',  ( -3.833333768778749651, 0.1521730769229935054, -1.804999999999999938 ) ) ;
#5017 = AXIS2_PLACEMENT_3D ( 'NONE', #1998, #3283, #2926 ) ;
#5018 = CARTESIAN_POINT ( 'NONE',  ( 3.101090794297184594, 2.495677398353389975, 2.114950978616525035 ) ) ;
#5019 = DIRECTION ( 'NONE',  ( 5.421010862427530059E-16, -1.000000000000000000, -1.036712732559718095E-30 ) ) ;
#5020 = ORIENTED_EDGE ( 'NONE', *, *, #4544, .F. ) ;
#5021 = CARTESIAN_POINT ( 'NONE',  ( -3.903095123049505233, -0.008589285714287388240, -1.899999999999999911 ) ) ;
#5022 = DIRECTION ( 'NONE',  ( 1.000000000000000000, 0.000000000000000000, 1.447194386074842067E-15 ) ) ;
#5023 = DIRECTION ( 'NONE',  ( 0.000000000000000000, 0.000000000000000000, -1.000000000000000000 ) ) ;
#5024 = VECTOR ( 'NONE', #4085, 1000.000000000000000 ) ;
#5025 = EDGE_CURVE ( 'NONE', #3142, #2031, #5007, .T. ) ;
#5026 = DIRECTION ( 'NONE',  ( -1.000000000000000000, -4.497431234013940009E-16, 0.000000000000000000 ) ) ;
#5027 = ORIENTED_EDGE ( 'NONE', *, *, #4701, .T. ) ;
#5028 = ORIENTED_EDGE ( 'NONE', *, *, #1819, .F. ) ;
#5029 = ORIENTED_EDGE ( 'NONE', *, *, #295, .F. ) ;
#5030 = ADVANCED_FACE ( 'NONE', ( #199 ), #2799, .T. ) ;
#5031 = VERTEX_POINT ( 'NONE', #1980 ) ;
#5032 = CARTESIAN_POINT ( 'NONE',  ( 4.682500000000000107, -0.1922500000000000042, 2.502499999999999947 ) ) ;
#5033 = VECTOR ( 'NONE', #971, 1000.000000000000000 ) ;
#5034 = DIRECTION ( 'NONE',  ( -0.7071067811865692221, 1.029992063861227950E-14, -0.7071067811865259234 ) ) ;
#5035 = CARTESIAN_POINT ( 'NONE',  ( -0.5585411085144159626, -0.2418278949238900077, 2.380000000000000338 ) ) ;
#5036 = EDGE_CURVE ( 'NONE', #3543, #1055, #5087, .T. ) ;
#5037 = AXIS2_PLACEMENT_3D ( 'NONE', #2946, #4953, #1789 ) ;
#5038 = DIRECTION ( 'NONE',  ( 1.000000000000000000, 0.000000000000000000, 0.000000000000000000 ) ) ;
#5039 = ORIENTED_EDGE ( 'NONE', *, *, #3752, .T. ) ;
#5040 = AXIS2_PLACEMENT_3D ( 'NONE', #4961, #3107, #2644 ) ;
#5041 = CARTESIAN_POINT ( 'NONE',  ( -3.242815959658429836, 0.04809771563645570680, -2.660000000000000142 ) ) ;
#5042 = CARTESIAN_POINT ( 'NONE',  ( 3.972500000000000142, -0.1922500000000000042, 0.000000000000000000 ) ) ;
#5043 = CARTESIAN_POINT ( 'NONE',  ( 4.787102839788669684, -0.1922500000000000042, 2.044279695023479615 ) ) ;
#5044 = CARTESIAN_POINT ( 'NONE',  ( -0.1753850008624310008, 0.4917015374391090488, 2.330000000000000071 ) ) ;
#5045 = CARTESIAN_POINT ( 'NONE',  ( 3.972500000000000142, -0.1922500000000000042, -2.502499999999999947 ) ) ;
#5046 = ADVANCED_FACE ( 'NONE', ( #4649 ), #1954, .T. ) ;
#5047 = AXIS2_PLACEMENT_3D ( 'NONE', #2167, #1768, #5295 ) ;
#5048 = ORIENTED_EDGE ( 'NONE', *, *, #2227, .T. ) ;
#5049 = CARTESIAN_POINT ( 'NONE',  ( 3.270000000000000018, -2.734608270214920367, 0.6750000000000000444 ) ) ;
#5050 = ORIENTED_EDGE ( 'NONE', *, *, #1370, .T. ) ;
#5051 = DIRECTION ( 'NONE',  ( -1.000000000000000000, -1.434407882641075977E-14, -3.098315148637499115E-31 ) ) ;
#5052 = CARTESIAN_POINT ( 'NONE',  ( 4.852499999999988489, -0.1922499999999803533, 2.502500000000021263 ) ) ;
#5053 = AXIS2_PLACEMENT_3D ( 'NONE', #1863, #1344, #1319 ) ;
#5054 = EDGE_CURVE ( 'NONE', #3458, #2225, #2879, .T. ) ;
#5055 = UNCERTAINTY_MEASURE_WITH_UNIT (LENGTH_MEASURE( 1.000000000000000082E-05 ), #1735, 'distance_accuracy_value', 'NONE');
#5056 = CYLINDRICAL_SURFACE ( 'NONE', #3088, 0.1499999999999999667 ) ;
#5057 = ORIENTED_EDGE ( 'NONE', *, *, #4972, .F. ) ;
#5058 = EDGE_LOOP ( 'NONE', ( #459, #1411, #4153, #4090 ) ) ;
#5059 = EDGE_CURVE ( 'NONE', #2241, #878, #3698, .T. ) ;
#5060 = VERTEX_POINT ( 'NONE', #1580 ) ;
#5061 = ORIENTED_EDGE ( 'NONE', *, *, #5312, .F. ) ;
#5062 = DIRECTION ( 'NONE',  ( 1.000000000000000000, 0.000000000000000000, 0.000000000000000000 ) ) ;
#5063 = CARTESIAN_POINT ( 'NONE',  ( 4.787102839788669684, -0.1922500000000000042, -2.044279695023479615 ) ) ;
#5064 = APPLICATION_CONTEXT ( 'automotive_design' ) ;
#5065 = VECTOR ( 'NONE', #3193, 1000.000000000000000 ) ;
#5066 = EDGE_LOOP ( 'NONE', ( #3928, #2428, #244, #103, #1299, #3686 ) ) ;
#5067 = LINE ( 'NONE', #1556, #4956 ) ;
#5068 = CARTESIAN_POINT ( 'NONE',  ( -4.952500000000000568, 0.2322500000000000120, 0.3800000000000000044 ) ) ;
#5069 = DIRECTION ( 'NONE',  ( 1.000000000000000000, 2.546383084002650169E-16, 0.000000000000000000 ) ) ;
#5070 = DIRECTION ( 'NONE',  ( 1.224646799147351975E-16, -1.000000000000000000, 0.000000000000000000 ) ) ;
#5071 = FACE_OUTER_BOUND ( 'NONE', #313, .T. ) ;
#5072 = CIRCLE ( 'NONE', #1392, 0.09999999999999982514 ) ;
#5073 = VECTOR ( 'NONE', #4354, 1000.000000000000000 ) ;
#5074 = ORIENTED_EDGE ( 'NONE', *, *, #764, .T. ) ;
#5075 = DIRECTION ( 'NONE',  ( 0.000000000000000000, 0.000000000000000000, -1.000000000000000000 ) ) ;
#5076 = EDGE_CURVE ( 'NONE', #878, #616, #4106, .T. ) ;
#5077 = CARTESIAN_POINT ( 'NONE',  ( 3.372500000000000053, -0.1922500000000000042, 2.060000000000000053 ) ) ;
#5078 = ORIENTED_EDGE ( 'NONE', *, *, #1979, .F. ) ;
#5079 = CARTESIAN_POINT ( 'NONE',  ( 3.270000000000000018, -2.734608270214920367, 0.6750000000000000444 ) ) ;
#5080 = CARTESIAN_POINT ( 'NONE',  ( 4.852500000000000036, -0.7672499999999999876, 2.502499999999999947 ) ) ;
#5081 = CARTESIAN_POINT ( 'NONE',  ( -1.222500000000000142, 0.2322500000000000120, 0.000000000000000000 ) ) ;
#5082 = EDGE_CURVE ( 'NONE', #12, #1400, #4885, .T. ) ;
#5083 = VERTEX_POINT ( 'NONE', #4568 ) ;
#5084 = ORIENTED_EDGE ( 'NONE', *, *, #1944, .F. ) ;
#5085 = ORIENTED_EDGE ( 'NONE', *, *, #1490, .T. ) ;
#5086 = ORIENTED_EDGE ( 'NONE', *, *, #3175, .T. ) ;
#5087 = LINE ( 'NONE', #1495, #1575 ) ;
#5088 = CARTESIAN_POINT ( 'NONE',  ( -3.269999999999999574, 2.821004187620895554, 0.6749999999999611866 ) ) ;
#5089 = AXIS2_PLACEMENT_3D ( 'NONE', #1175, #3416, #3473 ) ;
#5090 = ORIENTED_EDGE ( 'NONE', *, *, #4362, .F. ) ;
#5091 = FACE_OUTER_BOUND ( 'NONE', #3728, .T. ) ;
#5092 = DIRECTION ( 'NONE',  ( 1.000000000000000000, 0.000000000000000000, 0.000000000000000000 ) ) ;
#5093 = PLANE ( 'NONE',  #4637 ) ;
#5094 = DIRECTION ( 'NONE',  ( 1.000000000000000000, 0.000000000000000000, 0.000000000000000000 ) ) ;
#5095 = DIRECTION ( 'NONE',  ( -1.000000000000000000, 0.000000000000000000, 0.000000000000000000 ) ) ;
#5096 = VECTOR ( 'NONE', #1089, 1000.000000000000000 ) ;
#5097 = ORIENTED_EDGE ( 'NONE', *, *, #683, .T. ) ;
#5098 = DIRECTION ( 'NONE',  ( 0.000000000000000000, -1.000000000000000000, 0.000000000000000000 ) ) ;
#5099 = DIRECTION ( 'NONE',  ( 0.000000000000000000, 0.000000000000000000, -1.000000000000000000 ) ) ;
#5100 = ORIENTED_EDGE ( 'NONE', *, *, #1979, .T. ) ;
#5101 = CARTESIAN_POINT ( 'NONE',  ( 4.787102839788669684, -0.7672499999999999876, -1.844279695023479881 ) ) ;
#5102 = CARTESIAN_POINT ( 'NONE',  ( 3.572500000000000231, -0.1922500000000000042, 1.860000000000000098 ) ) ;
#5103 = ADVANCED_FACE ( 'NONE', ( #3642 ), #630, .T. ) ;
#5104 = EDGE_LOOP ( 'NONE', ( #3304, #4857, #3766, #2648 ) ) ;
#5105 = EDGE_LOOP ( 'NONE', ( #3929, #2584, #3581, #4927, #1341 ) ) ;
#5106 = AXIS2_PLACEMENT_3D ( 'NONE', #4614, #2421, #4177 ) ;
#5107 = EDGE_CURVE ( 'NONE', #3883, #4812, #99, .T. ) ;
#5108 = B_SPLINE_CURVE_WITH_KNOTS ( 'NONE', 3,
 ( #378, #5587, #4343, #2498, #2984, #5158, #3042, #1681, #3483, #2169, #5651, #318, #4725, #1769, #4755, #1710 ),
 .UNSPECIFIED., .F., .F.,
 ( 4, 1, 2, 2, 2, 1, 2, 2, 4 ),
 ( 0.5000000000000000000, 0.5312500000000000000, 0.5468750000000000000, 0.5625000000000000000, 0.6250000000000000000, 0.6562500000000000000, 0.6718750000000000000, 0.6875000000000000000, 0.7500000004370929174 ),
 .UNSPECIFIED. ) ;
#5109 = VERTEX_POINT ( 'NONE', #2430 ) ;
#5110 = ORIENTED_EDGE ( 'NONE', *, *, #1305, .T. ) ;
#5111 = CARTESIAN_POINT ( 'NONE',  ( -3.055000000000000160, -0.03275000000000140299, 1.899999999999999911 ) ) ;
#5112 = EDGE_CURVE ( 'NONE', #1832, #3543, #1694, .T. ) ;
#5113 = EDGE_LOOP ( 'NONE', ( #2102, #1258, #3375, #654 ) ) ;
#5114 = VECTOR ( 'NONE', #510, 1000.000000000000000 ) ;
#5115 = CARTESIAN_POINT ( 'NONE',  ( 0.9525000000000000133, -0.1922500000000000042, -2.060000000000000053 ) ) ;
#5116 = CARTESIAN_POINT ( 'NONE',  ( 0.9525000000000000133, -0.1922500000000000042, 2.060000000000000053 ) ) ;
#5117 = CARTESIAN_POINT ( 'NONE',  ( 0.6872362234890729837, -0.09225000000000001255, 0.4201076311553980092 ) ) ;
#5118 = CARTESIAN_POINT ( 'NONE',  ( 3.572500000000000231, -0.7672499999999999876, 1.959999999999999964 ) ) ;
#5119 = AXIS2_PLACEMENT_3D ( 'NONE', #1675, #1234, #5642 ) ;
#5120 = DIRECTION ( 'NONE',  ( 0.000000000000000000, -4.155987014962277221E-16, -1.000000000000000000 ) ) ;
#5121 = EDGE_CURVE ( 'NONE', #5617, #4237, #4195, .T. ) ;
#5122 = VECTOR ( 'NONE', #4635, 1000.000000000000000 ) ;
#5123 = VERTEX_POINT ( 'NONE', #4550 ) ;
#5124 = CARTESIAN_POINT ( 'NONE',  ( -1.222500000000000142, 0.7672499999999999876, 1.899999999999999911 ) ) ;
#5125 = CARTESIAN_POINT ( 'NONE',  ( 2.803133701591291604, -2.580633701591286577, 2.080000000000000959 ) ) ;
#5126 = ORIENTED_EDGE ( 'NONE', *, *, #17, .F. ) ;
#5127 = CARTESIAN_POINT ( 'NONE',  ( 0.4819120798423590091, -0.09225000000000001255, -0.3637895569954249786 ) ) ;
#5128 = CARTESIAN_POINT ( 'NONE',  ( -1.222500000000000142, 0.7672499999999999876, 0.3800000000000000044 ) ) ;
#5129 = AXIS2_PLACEMENT_3D ( 'NONE', #5522, #2834, #5441 ) ;
#5130 = AXIS2_PLACEMENT_3D ( 'NONE', #1903, #31, #5298 ) ;
#5131 = CARTESIAN_POINT ( 'NONE',  ( -3.319999999999999840, 0.7672499999999999876, 2.660000000000000142 ) ) ;
#5132 = AXIS2_PLACEMENT_3D ( 'NONE', #2914, #4713, #1259 ) ;
#5133 = ORIENTED_EDGE ( 'NONE', *, *, #5172, .F. ) ;
#5134 = CARTESIAN_POINT ( 'NONE',  ( -3.414865336152359987, -0.3451191649770700143, 2.660000000000000142 ) ) ;
#5135 = CARTESIAN_POINT ( 'NONE',  ( 3.772499999999999964, -0.1922500000000000042, -1.860000000000000098 ) ) ;
#5136 = ORIENTED_EDGE ( 'NONE', *, *, #4337, .F. ) ;
#5137 = AXIS2_PLACEMENT_3D ( 'NONE', #4682, #829, #1256 ) ;
#5138 = ORIENTED_EDGE ( 'NONE', *, *, #1520, .F. ) ;
#5139 = VERTEX_POINT ( 'NONE', #415 ) ;
#5140 = EDGE_CURVE ( 'NONE', #1715, #5649, #4233, .T. ) ;
#5141 = FACE_OUTER_BOUND ( 'NONE', #1676, .T. ) ;
#5142 = VERTEX_POINT ( 'NONE', #1044 ) ;
#5143 = DIRECTION ( 'NONE',  ( 0.000000000000000000, -1.000000000000000000, 0.000000000000000000 ) ) ;
#5144 = ADVANCED_FACE ( 'NONE', ( #2618, #2780 ), #4794, .T. ) ;
#5145 = LINE ( 'NONE', #4745, #2868 ) ;
#5146 = EDGE_CURVE ( 'NONE', #344, #1601, #3029, .T. ) ;
#5147 = CARTESIAN_POINT ( 'NONE',  ( 0.9525000000000000133, -0.09225000000000001255, 0.8629237369103519573 ) ) ;
#5148 = DIRECTION ( 'NONE',  ( 0.000000000000000000, -1.000000000000000000, 0.000000000000000000 ) ) ;
#5149 = CARTESIAN_POINT ( 'NONE',  ( -3.587499999999999911, -0.2322500000000000120, 2.660000000000000142 ) ) ;
#5150 = CARTESIAN_POINT ( 'NONE',  ( 3.249390871961309823, -0.09225000000000001255, 0.6562182560773820450 ) ) ;
#5151 = ADVANCED_FACE ( 'NONE', ( #4351 ), #915, .F. ) ;
#5152 = VECTOR ( 'NONE', #3671, 1000.000000000000000 ) ;
#5153 = EDGE_LOOP ( 'NONE', ( #4471, #4875, #740, #2592, #2348, #4311 ) ) ;
#5154 = CARTESIAN_POINT ( 'NONE',  ( 3.517642088675755119, -0.09225000000000001255, -1.860000000000000098 ) ) ;
#5155 = DIRECTION ( 'NONE',  ( 1.000000000000000000, 0.000000000000000000, 0.000000000000000000 ) ) ;
#5156 = ORIENTED_EDGE ( 'NONE', *, *, #439, .T. ) ;
#5157 = ADVANCED_FACE ( 'NONE', ( #3221 ), #4416, .T. ) ;
#5158 = CARTESIAN_POINT ( 'NONE',  ( -0.5733239114389080404, 0.2044834875729624746, 2.380000000000000338 ) ) ;
#5159 = DIRECTION ( 'NONE',  ( 0.000000000000000000, -1.000000000000000000, 0.000000000000000000 ) ) ;
#5160 = AXIS2_PLACEMENT_3D ( 'NONE', #69, #4500, #4121 ) ;
#5161 = LINE ( 'NONE', #3456, #1541 ) ;
#5162 = ORIENTED_EDGE ( 'NONE', *, *, #3090, .T. ) ;
#5163 = CARTESIAN_POINT ( 'NONE',  ( -3.903095123049499904, -0.008589285714289648585, 2.754999999999999893 ) ) ;
#5164 = CARTESIAN_POINT ( 'NONE',  ( -1.222500000000000142, 0.7672499999999999876, -2.660000000000000142 ) ) ;
#5165 = ORIENTED_EDGE ( 'NONE', *, *, #1696, .T. ) ;
#5166 = ORIENTED_EDGE ( 'NONE', *, *, #535, .T. ) ;
#5167 = CARTESIAN_POINT ( 'NONE',  ( -3.242815959658425395, 0.04809771563645240389, 0.000000000000000000 ) ) ;
#5168 = ORIENTED_EDGE ( 'NONE', *, *, #5285, .F. ) ;
#5169 = ORIENTED_EDGE ( 'NONE', *, *, #2732, .T. ) ;
#5170 = CARTESIAN_POINT ( 'NONE',  ( -3.050715330598857467, -3.047339627153958119, 0.6763671785125301428 ) ) ;
#5171 = AXIS2_PLACEMENT_3D ( 'NONE', #1308, #3919, #3431 ) ;
#5172 = EDGE_CURVE ( 'NONE', #3695, #3082, #557, .T. ) ;
#5173 = EDGE_CURVE ( 'NONE', #830, #4782, #3623, .T. ) ;
#5174 = AXIS2_PLACEMENT_3D ( 'NONE', #129, #4966, #504 ) ;
#5175 = ORIENTED_EDGE ( 'NONE', *, *, #1772, .T. ) ;
#5176 = DIRECTION ( 'NONE',  ( 0.000000000000000000, 0.000000000000000000, 1.000000000000000000 ) ) ;
#5177 = FACE_OUTER_BOUND ( 'NONE', #741, .T. ) ;
#5178 = CYLINDRICAL_SURFACE ( 'NONE', #5653, 0.5000000000000000000 ) ;
#5179 = CARTESIAN_POINT ( 'NONE',  ( 0.8524999999999999245, -0.7672499999999999876, 0.000000000000000000 ) ) ;
#5180 = CARTESIAN_POINT ( 'NONE',  ( 4.412499999999999645, -0.1922500000000000042, -2.060000000000000053 ) ) ;
#5181 = DIRECTION ( 'NONE',  ( 0.000000000000000000, 0.000000000000000000, -1.000000000000000000 ) ) ;
#5182 = EDGE_CURVE ( 'NONE', #2020, #334, #611, .T. ) ;
#5183 = VERTEX_POINT ( 'NONE', #2362 ) ;
#5184 = CARTESIAN_POINT ( 'NONE',  ( 4.952500000000000568, -0.7672499999999999876, 2.502499999999999947 ) ) ;
#5185 = B_SPLINE_CURVE_WITH_KNOTS ( 'NONE', 3,
 ( #1606, #5232, #3351, #5576, #2487, #3903, #4248, #1635, #4333, #1668, #4744, #3441, #4776, #1727, #3472, #1291 ),
 .UNSPECIFIED., .F., .F.,
 ( 4, 1, 2, 2, 2, 1, 2, 2, 4 ),
 ( 0.7500000004370929174, 0.7812500000000000000, 0.7968750000000000000, 0.8125000000000000000, 0.8750000000000000000, 0.9062500000000000000, 0.9218750000000000000, 0.9375000000000000000, 1.000000000000000000 ),
 .UNSPECIFIED. ) ;
#5186 = DIRECTION ( 'NONE',  ( 0.000000000000000000, 0.000000000000000000, 1.000000000000000000 ) ) ;
#5187 = ORIENTED_EDGE ( 'NONE', *, *, #250, .T. ) ;
#5188 = VECTOR ( 'NONE', #4191, 1000.000000000000000 ) ;
#5189 = SPHERICAL_SURFACE ( 'NONE', #3807, 0.1000000000000020317 ) ;
#5190 = CARTESIAN_POINT ( 'NONE',  ( 0.4965689936766990442, 0.1609866513729444892, 2.330000000000000071 ) ) ;
#5191 = DIRECTION ( 'NONE',  ( -0.1157205707370543291, 0.1157205707370561332, 0.9865178655334024826 ) ) ;
#5192 = LINE ( 'NONE', #3457, #4781 ) ;
#5193 = ORIENTED_EDGE ( 'NONE', *, *, #689, .T. ) ;
#5194 = CARTESIAN_POINT ( 'NONE',  ( -4.852500000000000036, -0.3322500000000000453, -1.899999999999999911 ) ) ;
#5195 = CARTESIAN_POINT ( 'NONE',  ( 3.572500000000000231, -0.7672499999999999876, 1.959999999999999964 ) ) ;
#5196 = PLANE ( 'NONE',  #958 ) ;
#5197 = ADVANCED_FACE ( 'NONE', ( #5658 ), #2844, .F. ) ;
#5198 = CARTESIAN_POINT ( 'NONE',  ( 0.8630572809000081058, -0.1475286404500044113, -2.060000000000000053 ) ) ;
#5199 = ORIENTED_EDGE ( 'NONE', *, *, #2740, .F. ) ;
#5200 = EDGE_LOOP ( 'NONE', ( #4739, #2706, #2775, #4696, #4888 ) ) ;
#5201 = DIRECTION ( 'NONE',  ( -1.850848880827071330E-14, 1.000000000000000000, 1.850848880827044193E-14 ) ) ;
#5202 = VECTOR ( 'NONE', #1801, 1000.000000000000114 ) ;
#5203 = ORIENTED_EDGE ( 'NONE', *, *, #4475, .F. ) ;
#5204 = SPHERICAL_SURFACE ( 'NONE', #2910, 0.1000000000000093453 ) ;
#5205 = LINE ( 'NONE', #1261, #3609 ) ;
#5206 = PLANE ( 'NONE',  #566 ) ;
#5207 = CARTESIAN_POINT ( 'NONE',  ( 2.803133701591289828, -2.580633701591290130, 2.079999999999999627 ) ) ;
#5208 = EDGE_CURVE ( 'NONE', #4256, #4347, #2566, .T. ) ;
#5209 = DIRECTION ( 'NONE',  ( 3.098315148573806158E-31, -1.434407882641107847E-14, 1.000000000000000000 ) ) ;
#5210 = ORIENTED_EDGE ( 'NONE', *, *, #4003, .F. ) ;
#5211 = CARTESIAN_POINT ( 'NONE',  ( 4.852500000000000036, -0.09224999999999870803, 0.000000000000000000 ) ) ;
#5212 = AXIS2_PLACEMENT_3D ( 'NONE', #688, #4107, #170 ) ;
#5213 = DIRECTION ( 'NONE',  ( -0.8233548815373554763, 0.5675268619621517407, 0.000000000000000000 ) ) ;
#5214 = ORIENTED_EDGE ( 'NONE', *, *, #3894, .F. ) ;
#5215 = DIRECTION ( 'NONE',  ( 1.000000000000000000, 0.000000000000000000, 0.000000000000000000 ) ) ;
#5216 = CYLINDRICAL_SURFACE ( 'NONE', #1388, 0.1000000000000002554 ) ;
#5217 = ADVANCED_FACE ( 'NONE', ( #5501 ), #4605, .F. ) ;
#5218 = TOROIDAL_SURFACE ( 'NONE', #1907, 0.6083569003329787339, 0.04999999999999588801 ) ;
#5219 = VECTOR ( 'NONE', #3359, 1000.000000000000000 ) ;
#5220 = PRESENTATION_STYLE_ASSIGNMENT (( #818 ) ) ;
#5221 = VERTEX_POINT ( 'NONE', #1962 ) ;
#5222 = AXIS2_PLACEMENT_3D ( 'NONE', #4261, #786, #1330 ) ;
#5223 = FACE_OUTER_BOUND ( 'NONE', #778, .T. ) ;
#5224 = DIRECTION ( 'NONE',  ( 0.000000000000000000, 0.000000000000000000, -1.000000000000000000 ) ) ;
#5225 = EDGE_CURVE ( 'NONE', #2877, #3084, #1587, .T. ) ;
#5226 = CARTESIAN_POINT ( 'NONE',  ( 4.952500000000000568, -0.7672499999999999876, 0.000000000000000000 ) ) ;
#5227 = CARTESIAN_POINT ( 'NONE',  ( 0.000000000000000000, 5.272817541778788854E-17, 2.380000000000003446 ) ) ;
#5228 = EDGE_LOOP ( 'NONE', ( #3821, #1753, #1146, #788 ) ) ;
#5229 = VERTEX_POINT ( 'NONE', #3707 ) ;
#5230 = CARTESIAN_POINT ( 'NONE',  ( 3.972500000000000142, -0.1922500000000000042, -2.502499999999999947 ) ) ;
#5231 = ORIENTED_EDGE ( 'NONE', *, *, #5561, .F. ) ;
#5232 = CARTESIAN_POINT ( 'NONE',  ( 0.03850566384009879856, 0.6083904794512939862, 2.380000000000000338 ) ) ;
#5233 = CARTESIAN_POINT ( 'NONE',  ( -1.222500000000000142, 0.2322500000000000120, 0.000000000000000000 ) ) ;
#5234 = CARTESIAN_POINT ( 'NONE',  ( 3.972500000000003695, -0.1922499999999995046, 2.502500000000003944 ) ) ;
#5235 = DIRECTION ( 'NONE',  ( 1.000000000000000000, 0.000000000000000000, 0.000000000000000000 ) ) ;
#5236 = DIRECTION ( 'NONE',  ( 0.5773502691896245098, 0.5773502691896239547, 0.5773502691896288397 ) ) ;
#5237 = EDGE_LOOP ( 'NONE', ( #2685, #3323, #2271, #2081 ) ) ;
#5238 = DIRECTION ( 'NONE',  ( 0.000000000000000000, -1.000000000000000000, 0.000000000000000000 ) ) ;
#5239 = DIRECTION ( 'NONE',  ( -5.482582837655000045E-16, 1.000000000000000000, 0.000000000000000000 ) ) ;
#5240 = FACE_OUTER_BOUND ( 'NONE', #2512, .T. ) ;
#5241 = FACE_OUTER_BOUND ( 'NONE', #5105, .T. ) ;
#5242 = EDGE_CURVE ( 'NONE', #1656, #1521, #1560, .T. ) ;
#5243 = DIRECTION ( 'NONE',  ( 1.000000000000000000, 0.000000000000000000, 0.000000000000000000 ) ) ;
#5244 = AXIS2_PLACEMENT_3D ( 'NONE', #3293, #4624, #687 ) ;
#5245 = ORIENTED_EDGE ( 'NONE', *, *, #5296, .F. ) ;
#5246 = CARTESIAN_POINT ( 'NONE',  ( -4.120000000000000107, -0.7672499999999999876, 0.000000000000000000 ) ) ;
#5247 = LINE ( 'NONE', #3953, #1876 ) ;
#5248 = CARTESIAN_POINT ( 'NONE',  ( -4.270000000000000462, -0.2322500000000000120, -2.660000000000000142 ) ) ;
#5249 = DIRECTION ( 'NONE',  ( 1.000000000000000000, 0.000000000000000000, 0.000000000000000000 ) ) ;
#5250 = CIRCLE ( 'NONE', #1577, 0.9999999999999692468 ) ;
#5251 = EDGE_CURVE ( 'NONE', #827, #1395, #3216, .T. ) ;
#5252 = VERTEX_POINT ( 'NONE', #3355 ) ;
#5253 = CARTESIAN_POINT ( 'NONE',  ( -4.952500000000000568, -0.3322500000000000453, 1.899999999999999911 ) ) ;
#5254 = ORIENTED_EDGE ( 'NONE', *, *, #4401, .T. ) ;
#5255 = ORIENTED_EDGE ( 'NONE', *, *, #482, .T. ) ;
#5256 = CARTESIAN_POINT ( 'NONE',  ( -3.770634082987814661, 0.3248361564241369903, 2.660000000000000142 ) ) ;
#5257 = ORIENTED_EDGE ( 'NONE', *, *, #5370, .F. ) ;
#5258 = CARTESIAN_POINT ( 'NONE',  ( 4.852500000000000036, -0.7672499999999999876, 2.602500000000000036 ) ) ;
#5259 = CYLINDRICAL_SURFACE ( 'NONE', #594, 0.2999999999999999334 ) ;
#5261 = CIRCLE ( 'NONE', #1959, 0.1000000000000000056 ) ;
#5260 = CARTESIAN_POINT ( 'NONE',  ( 0.8524999999999999245, -0.7672499999999999876, 2.160000000000000142 ) ) ;
#5262 = DIRECTION ( 'NONE',  ( 0.000000000000000000, 1.000000000000000000, 0.000000000000000000 ) ) ;
#5263 = CARTESIAN_POINT ( 'NONE',  ( 4.787102839788669684, -0.1922500000000032516, -1.844279695023481436 ) ) ;
#5264 = CARTESIAN_POINT ( 'NONE',  ( 0.000000000000000000, 0.000000000000000000, 2.354999999999999982 ) ) ;
#5265 = B_SPLINE_CURVE_WITH_KNOTS ( 'NONE', 3,
 ( #3214, #580, #2221, #2327, #4077, #3588, #1897, #3644, #4984, #274, #1551, #2355, #1604, #5491, #4570, #4214, #665, #2034, #200, #3673, #3751, #5438, #1956, #3242, #3780, #1498, #5035, #1981, #5466, #2911 ),
 .UNSPECIFIED., .F., .F.,
 ( 4, 1, 2, 2, 2, 1, 2, 2, 2, 1, 2, 2, 2, 1, 2, 2, 4 ),
 ( 0.000000000000000000, 0.03125000000000000000, 0.04687500000000000000, 0.06250000000000000000, 0.1250000000000000000, 0.1562500000000000000, 0.1718750000000000000, 0.1875000000000000000, 0.2500000000000000000, 0.2812500000000000000, 0.2968750000000000000, 0.3125000000000000000, 0.3750000000000000000, 0.4062500000000000000, 0.4218750000000000000, 0.4375000000000000000, 0.5000000000000000000 ),
 .UNSPECIFIED. ) ;
#5266 = PRESENTATION_STYLE_ASSIGNMENT (( #899 ) ) ;
#5267 = ORIENTED_EDGE ( 'NONE', *, *, #4323, .F. ) ;
#5268 = CARTESIAN_POINT ( 'NONE',  ( 3.572500000000000231, -0.1922500000000000042, -2.060000000000000053 ) ) ;
#5269 = DIRECTION ( 'NONE',  ( 1.000000000000000000, 5.139921410301649810E-16, 0.000000000000000000 ) ) ;
#5270 = LINE ( 'NONE', #4316, #3811 ) ;
#5271 = ADVANCED_FACE ( 'NONE', ( #2414 ), #5475, .T. ) ;
#5272 = AXIS2_PLACEMENT_3D ( 'NONE', #4276, #2067, #2885 ) ;
#5273 = LINE ( 'NONE', #5592, #68 ) ;
#5274 = CARTESIAN_POINT ( 'NONE',  ( 4.897221359549999598, -0.1922500000000000042, -2.591942719099989745 ) ) ;
#5275 = ORIENTED_EDGE ( 'NONE', *, *, #275, .F. ) ;
#5276 = LINE ( 'NONE', #4849, #2126 ) ;
#5277 = DIRECTION ( 'NONE',  ( 0.4082482904637879106, 0.8164965809277490161, -0.4082482904638918275 ) ) ;
#5278 = LINE ( 'NONE', #5248, #2085 ) ;
#5279 = CARTESIAN_POINT ( 'NONE',  ( 0.000000000000000000, -5.551115123125779744E-16, 2.380000000000000338 ) ) ;
#5280 = ADVANCED_FACE ( 'NONE', ( #3273 ), #2920, .T. ) ;
#5281 = CARTESIAN_POINT ( 'NONE',  ( 0.9525000000000000133, -0.1922500000000000042, -2.060000000000000053 ) ) ;
#5282 = ORIENTED_EDGE ( 'NONE', *, *, #5284, .F. ) ;
#5283 = ORIENTED_EDGE ( 'NONE', *, *, #1910, .T. ) ;
#5284 = EDGE_CURVE ( 'NONE', #5123, #1879, #938, .T. ) ;
#5285 = EDGE_CURVE ( 'NONE', #4812, #453, #4890, .T. ) ;
#5286 = ORIENTED_EDGE ( 'NONE', *, *, #2298, .F. ) ;
#5287 = LINE ( 'NONE', #3152, #2250 ) ;
#5288 = CARTESIAN_POINT ( 'NONE',  ( 2.803133701591289828, 2.791138596892519974, 2.131987307660839992 ) ) ;
#5289 = ADVANCED_FACE ( 'NONE', ( #5071 ), #1151, .F. ) ;
#5290 = LINE ( 'NONE', #4461, #3962 ) ;
#5292 = CARTESIAN_POINT ( 'NONE',  ( -3.242815959658425395, 0.04809771563645270226, 2.660000000000000142 ) ) ;
#5291 = VECTOR ( 'NONE', #1827, 1000.000000000000000 ) ;
#5293 =( NAMED_UNIT ( * ) SI_UNIT ( $, .STERADIAN. ) SOLID_ANGLE_UNIT ( ) );
#5294 = ORIENTED_EDGE ( 'NONE', *, *, #2654, .T. ) ;
#5295 = DIRECTION ( 'NONE',  ( -4.823386660693620032E-16, 1.000000000000000000, 0.000000000000000000 ) ) ;
#5296 = EDGE_CURVE ( 'NONE', #4644, #2728, #1850, .T. ) ;
#5297 = SURFACE_SIDE_STYLE ('',( #2253 ) ) ;
#5298 = DIRECTION ( 'NONE',  ( 0.000000000000000000, -1.000000000000000000, 0.000000000000000000 ) ) ;
#5299 = CARTESIAN_POINT ( 'NONE',  ( -4.120000000000000107, -0.7672499999999999876, 0.000000000000000000 ) ) ;
#5300 = DIRECTION ( 'NONE',  ( 0.000000000000000000, 0.000000000000000000, -1.000000000000000000 ) ) ;
#5301 = ORIENTED_EDGE ( 'NONE', *, *, #2992, .F. ) ;
#5302 = AXIS2_PLACEMENT_3D ( 'NONE', #2373, #75, #568 ) ;
#5303 = DIRECTION ( 'NONE',  ( -1.000000000000000000, 0.000000000000000000, 0.000000000000000000 ) ) ;
#5304 = CARTESIAN_POINT ( 'NONE',  ( -4.852500000000000036, -0.7672499999999999876, 1.899999999999999911 ) ) ;
#5305 = ORIENTED_EDGE ( 'NONE', *, *, #4126, .T. ) ;
#5306 = AXIS2_PLACEMENT_3D ( 'NONE', #3570, #5330, #1394 ) ;
#5307 = AXIS2_PLACEMENT_3D ( 'NONE', #2339, #3196, #93 ) ;
#5308 = EDGE_LOOP ( 'NONE', ( #2323, #4300, #4621, #3998 ) ) ;
#5309 = EDGE_LOOP ( 'NONE', ( #3281, #290, #2303 ) ) ;
#5310 = ORIENTED_EDGE ( 'NONE', *, *, #1169, .F. ) ;
#5311 = VECTOR ( 'NONE', #960, 1000.000000000000000 ) ;
#5312 = EDGE_CURVE ( 'NONE', #2031, #12, #1664, .T. ) ;
#5313 = VERTEX_POINT ( 'NONE', #3681 ) ;
#5314 = DIRECTION ( 'NONE',  ( 5.421010862427530059E-16, -1.000000000000000000, 0.000000000000000000 ) ) ;
#5315 = ORIENTED_EDGE ( 'NONE', *, *, #2881, .T. ) ;
#5316 = DIRECTION ( 'NONE',  ( 0.000000000000000000, -1.000000000000000000, 0.000000000000000000 ) ) ;
#5317 = PRESENTATION_LAYER_ASSIGNMENT (  '', '', ( #4032 ) ) ;
#5318 = CARTESIAN_POINT ( 'NONE',  ( -2.732499999999999929, 0.2322500000000000120, 0.3800000000000000044 ) ) ;
#5319 = CARTESIAN_POINT ( 'NONE',  ( 0.9525000000000000133, -0.09225000000000001255, 0.000000000000000000 ) ) ;
#5320 = DIRECTION ( 'NONE',  ( 0.1157205707370564246, -0.1157205707370560221, -0.9865178655334022606 ) ) ;
#5321 = CIRCLE ( 'NONE', #3942, 0.09999999999999997780 ) ;
#5322 = ADVANCED_FACE ( 'NONE', ( #727 ), #3404, .T. ) ;
#5323 = EDGE_CURVE ( 'NONE', #674, #4256, #660, .T. ) ;
#5324 = ORIENTED_EDGE ( 'NONE', *, *, #469, .T. ) ;
#5325 = DIRECTION ( 'NONE',  ( 1.000000000000000000, 4.497431234013940009E-16, 0.000000000000000000 ) ) ;
#5326 = PRESENTATION_STYLE_ASSIGNMENT (( #5416 ) ) ;
#5327 = PLANE ( 'NONE',  #2909 ) ;
#5328 = B_SPLINE_CURVE_WITH_KNOTS ( 'NONE', 3,
 ( #1938, #2365, #1564, #5531, #1589, #3331 ),
 .UNSPECIFIED., .F., .F.,
 ( 4, 2, 4 ),
 ( 0.000000000000000000, 0.5000000000000000000, 1.000000000000000000 ),
 .UNSPECIFIED. ) ;
#5329 = CARTESIAN_POINT ( 'NONE',  ( 3.260460735463996063, -2.826405611078421032, 0.6895287937064642492 ) ) ;
#5330 = DIRECTION ( 'NONE',  ( 0.000000000000000000, -1.000000000000000000, 0.000000000000000000 ) ) ;
#5331 = ORIENTED_EDGE ( 'NONE', *, *, #4183, .F. ) ;
#5332 = SPHERICAL_SURFACE ( 'NONE', #2224, 0.2999999999999935496 ) ;
#5333 = DIRECTION ( 'NONE',  ( 0.000000000000000000, 0.000000000000000000, -1.000000000000000000 ) ) ;
#5334 = DIRECTION ( 'NONE',  ( 1.000000000000000000, 0.000000000000000000, 0.000000000000000000 ) ) ;
#5335 = AXIS2_PLACEMENT_3D ( 'NONE', #1435, #955, #3184 ) ;
#5336 = CIRCLE ( 'NONE', #450, 0.7999999999999999334 ) ;
#5337 = ORIENTED_EDGE ( 'NONE', *, *, #40, .F. ) ;
#5338 = LINE ( 'NONE', #4916, #5033 ) ;
#5339 = ORIENTED_EDGE ( 'NONE', *, *, #2705, .F. ) ;
#5340 = EDGE_LOOP ( 'NONE', ( #953, #3804, #3977, #748 ) ) ;
#5341 = CIRCLE ( 'NONE', #3864, 0.09999999999999982514 ) ;
#5342 = CIRCLE ( 'NONE', #3963, 0.1000000000000002554 ) ;
#5343 = DIRECTION ( 'NONE',  ( 3.614007241618350250E-16, -1.000000000000000000, 0.000000000000000000 ) ) ;
#5344 = VERTEX_POINT ( 'NONE', #5016 ) ;
#5345 = ORIENTED_EDGE ( 'NONE', *, *, #50, .F. ) ;
#5346 = DIRECTION ( 'NONE',  ( 1.000000000000000000, 3.050063254464720219E-16, 0.000000000000000000 ) ) ;
#5347 = DIRECTION ( 'NONE',  ( -5.482582837655000045E-16, 1.000000000000000000, 0.000000000000000000 ) ) ;
#5348 = DIRECTION ( 'NONE',  ( 0.000000000000000000, 0.000000000000000000, 1.000000000000000000 ) ) ;
#5349 = CARTESIAN_POINT ( 'NONE',  ( 2.803133701591294713, -2.580633701591294571, 2.079999999999999627 ) ) ;
#5350 = EDGE_CURVE ( 'NONE', #4636, #886, #2466, .T. ) ;
#5351 = EDGE_CURVE ( 'NONE', #161, #4938, #4143, .T. ) ;
#5352 = ORIENTED_EDGE ( 'NONE', *, *, #52, .T. ) ;
#5353 = CARTESIAN_POINT ( 'NONE',  ( 3.545609128038689661, -0.7672499999999999876, -0.8062182560773819562 ) ) ;
#5354 = DIRECTION ( 'NONE',  ( 0.000000000000000000, 0.000000000000000000, -1.000000000000000000 ) ) ;
#5355 = DIRECTION ( 'NONE',  ( -0.4643522996055911012, -0.8856505754816621501, 0.000000000000000000 ) ) ;
#5356 =( REPRESENTATION_RELATIONSHIP ('NONE','NONE', #1073, #5379 ) REPRESENTATION_RELATIONSHIP_WITH_TRANSFORMATION ( #4246 )SHAPE_REPRESENTATION_RELATIONSHIP( ) );
#5357 = EDGE_CURVE ( 'NONE', #3746, #3593, #5611, .T. ) ;
#5358 = AXIS2_PLACEMENT_3D ( 'NONE', #4912, #4038, #534 ) ;
#5359 = LINE ( 'NONE', #3626, #2903 ) ;
#5360 = ORIENTED_EDGE ( 'NONE', *, *, #3098, .F. ) ;
#5361 = CARTESIAN_POINT ( 'NONE',  ( -2.803133701591293825, 2.495677398353397081, 2.080000000000001403 ) ) ;
#5362 = CARTESIAN_POINT ( 'NONE',  ( 0.3819120798423589758, -0.7672499999999999876, -0.3637895569954249786 ) ) ;
#5363 = PLANE ( 'NONE',  #3147 ) ;
#5364 = EDGE_CURVE ( 'NONE', #4957, #1832, #1200, .T. ) ;
#5365 = ORIENTED_EDGE ( 'NONE', *, *, #2501, .T. ) ;
#5366 = DIRECTION ( 'NONE',  ( -1.000000000000000000, 0.000000000000000000, 0.000000000000000000 ) ) ;
#5367 = ORIENTED_EDGE ( 'NONE', *, *, #232, .F. ) ;
#5368 = ORIENTED_EDGE ( 'NONE', *, *, #2654, .F. ) ;
#5369 = AXIS2_PLACEMENT_3D ( 'NONE', #821, #2142, #4382 ) ;
#5370 = EDGE_CURVE ( 'NONE', #4081, #3262, #3863, .T. ) ;
#5371 = ORIENTED_EDGE ( 'NONE', *, *, #2304, .F. ) ;
#5372 = AXIS2_PLACEMENT_3D ( 'NONE', #4746, #2918, #2068 ) ;
#5373 = DIRECTION ( 'NONE',  ( -0.000000000000000000, 1.000000000000000000, 0.000000000000000000 ) ) ;
#5374 = ORIENTED_EDGE ( 'NONE', *, *, #180, .F. ) ;
#5375 = CARTESIAN_POINT ( 'NONE',  ( 3.372500000000000053, -0.7672499999999999876, 2.060000000000000053 ) ) ;
#5376 = CARTESIAN_POINT ( 'NONE',  ( 4.852500000000000036, -0.1922500000000000042, -2.502499999999999947 ) ) ;
#5377 = LINE ( 'NONE', #1380, #3589 ) ;
#5378 = CARTESIAN_POINT ( 'NONE',  ( 3.472499999999999698, -0.7672499999999999876, -2.060000000000000053 ) ) ;
#5379 = SHAPE_REPRESENTATION ( '1.stp', ( #931 ), #2390 ) ;
#5380 =( NAMED_UNIT ( * ) PLANE_ANGLE_UNIT ( ) SI_UNIT ( $, .RADIAN. ) );
#5381 = ORIENTED_EDGE ( 'NONE', *, *, #4545, .T. ) ;
#5382 = CARTESIAN_POINT ( 'NONE',  ( 0.000000000000000000, 5.272817541778788854E-17, 2.380000000000003446 ) ) ;
#5383 = ADVANCED_FACE ( 'NONE', ( #4837 ), #4780, .T. ) ;
#5384 = CIRCLE ( 'NONE', #5106, 0.1000000000000002554 ) ;
#5385 = CARTESIAN_POINT ( 'NONE',  ( -1.222500000000000142, 0.2322500000000000120, 0.3800000000000000044 ) ) ;
#5386 = CARTESIAN_POINT ( 'NONE',  ( 0.9525000000000000133, -0.7672499999999999876, 2.060000000000000053 ) ) ;
#5387 = CARTESIAN_POINT ( 'NONE',  ( 3.972500000000000142, -0.4297500000000000209, -2.602500000000000036 ) ) ;
#5388 = PLANE ( 'NONE',  #4291 ) ;
#5389 = ADVANCED_FACE ( 'NONE', ( #5580 ), #2191, .T. ) ;
#5390 = EDGE_CURVE ( 'NONE', #5183, #978, #775, .T. ) ;
#5391 = DIRECTION ( 'NONE',  ( 0.000000000000000000, 0.000000000000000000, 1.000000000000000000 ) ) ;
#5392 = ORIENTED_EDGE ( 'NONE', *, *, #3372, .F. ) ;
#5393 = CYLINDRICAL_SURFACE ( 'NONE', #198, 0.3000000000000000444 ) ;
#5394 = CARTESIAN_POINT ( 'NONE',  ( 0.9525000000000000133, -0.1922500000000000042, 2.060000000000000053 ) ) ;
#5395 = CARTESIAN_POINT ( 'NONE',  ( -3.854999999999999982, -0.7672499999999999876, 0.000000000000000000 ) ) ;
#5396 = AXIS2_PLACEMENT_3D ( 'NONE', #3887, #1215, #4730 ) ;
#5397 = ORIENTED_EDGE ( 'NONE', *, *, #507, .F. ) ;
#5398 = DIRECTION ( 'NONE',  ( -0.8164965809276488740, 0.4082482904640857280, -0.4082482904637946275 ) ) ;
#5399 = EDGE_CURVE ( 'NONE', #5489, #2318, #5250, .T. ) ;
#5400 = EDGE_CURVE ( 'NONE', #477, #742, #1765, .T. ) ;
#5401 = EDGE_LOOP ( 'NONE', ( #5507, #4770, #1775, #1890 ) ) ;
#5402 = ORIENTED_EDGE ( 'NONE', *, *, #250, .F. ) ;
#5403 = VECTOR ( 'NONE', #5300, 1000.000000000000000 ) ;
#5404 = CIRCLE ( 'NONE', #248, 0.7999999999999999334 ) ;
#5405 = PRODUCT_RELATED_PRODUCT_CATEGORY ( 'part', '', ( #554 ) ) ;
#5406 = EDGE_LOOP ( 'NONE', ( #3345, #4535, #2319 ) ) ;
#5407 = EDGE_LOOP ( 'NONE', ( #3895, #4994, #2681, #4975, #3138, #5360 ) ) ;
#5408 = DIRECTION ( 'NONE',  ( 0.000000000000000000, 1.000000000000000000, 0.000000000000000000 ) ) ;
#5409 = VECTOR ( 'NONE', #2014, 1000.000000000000000 ) ;
#5410 = DIRECTION ( 'NONE',  ( 0.000000000000000000, 1.000000000000000000, 0.000000000000000000 ) ) ;
#5411 = AXIS2_PLACEMENT_3D ( 'NONE', #5386, #1441, #3192 ) ;
#5412 = CIRCLE ( 'NONE', #4397, 0.09999999999999982514 ) ;
#5413 = ORIENTED_EDGE ( 'NONE', *, *, #5112, .T. ) ;
#5414 = CARTESIAN_POINT ( 'NONE',  ( -3.270000000000000018, -8.237705465659549376E-16, 0.000000000000000000 ) ) ;
#5415 = CARTESIAN_POINT ( 'NONE',  ( -1.222500000000000142, 0.7672499999999999876, 1.899999999999999911 ) ) ;
#5416 = SURFACE_STYLE_USAGE ( .BOTH. , #5297 ) ;
#5417 = DIRECTION ( 'NONE',  ( -0.7923148865753512071, 5.782411586589286247E-15, 0.6101123835090452863 ) ) ;
#5418 = DIRECTION ( 'NONE',  ( 1.000000000000000000, 0.000000000000000000, 0.000000000000000000 ) ) ;
#5419 = AXIS2_PLACEMENT_3D ( 'NONE', #3578, #5343, #5663 ) ;
#5420 = DIRECTION ( 'NONE',  ( 0.000000000000000000, 0.000000000000000000, -1.000000000000000000 ) ) ;
#5421 = CARTESIAN_POINT ( 'NONE',  ( 0.1293981990646795865, -0.5057734480245429376, 2.330000000000000071 ) ) ;
#5422 = ORIENTED_EDGE ( 'NONE', *, *, #3311, .T. ) ;
#5423 = FACE_OUTER_BOUND ( 'NONE', #737, .T. ) ;
#5424 = CARTESIAN_POINT ( 'NONE',  ( -4.120000000000000107, 0.03274999999999959888, 0.000000000000000000 ) ) ;
#5425 = DIRECTION ( 'NONE',  ( -0.7787739486925119303, -3.903127820947995192E-14, 0.6273046603030084656 ) ) ;
#5426 = EDGE_CURVE ( 'NONE', #2347, #1544, #2491, .T. ) ;
#5427 = ADVANCED_FACE ( 'NONE', ( #3444 ), #1945, .T. ) ;
#5428 = ORIENTED_EDGE ( 'NONE', *, *, #4094, .T. ) ;
#5429 = ORIENTED_EDGE ( 'NONE', *, *, #697, .T. ) ;
#5430 = AXIS2_PLACEMENT_3D ( 'NONE', #3153, #4924, #981 ) ;
#5431 = ADVANCED_FACE ( 'NONE', ( #3476 ), #312, .T. ) ;
#5432 = ORIENTED_EDGE ( 'NONE', *, *, #396, .T. ) ;
#5433 = AXIS2_PLACEMENT_3D ( 'NONE', #696, #3328, #2389 ) ;
#5434 = ORIENTED_EDGE ( 'NONE', *, *, #4982, .F. ) ;
#5436 = CIRCLE ( 'NONE', #472, 0.09999999999999982514 ) ;
#5435 = CARTESIAN_POINT ( 'NONE',  ( 3.270000000000000018, -3.047499999999999876, 0.6750000000000000444 ) ) ;
#5437 = CARTESIAN_POINT ( 'NONE',  ( 4.606629054376230492, -0.09224999999999888844, 1.947015702563395179 ) ) ;
#5438 = CARTESIAN_POINT ( 'NONE',  ( -0.3709748431614354747, -0.4892670315653510626, 2.380000000000000338 ) ) ;
#5439 = CARTESIAN_POINT ( 'NONE',  ( 0.000000000000000000, 0.000000000000000000, 0.000000000000000000 ) ) ;
#5440 = ORIENTED_EDGE ( 'NONE', *, *, #3135, .F. ) ;
#5441 = DIRECTION ( 'NONE',  ( 0.000000000000000000, 1.000000000000000000, 0.000000000000000000 ) ) ;
#5442 = LINE ( 'NONE', #5068, #4627 ) ;
#5443 = CYLINDRICAL_SURFACE ( 'NONE', #1236, 0.1499999999999999667 ) ;
#5444 = CARTESIAN_POINT ( 'NONE',  ( -1.222500000000000142, 0.2322500000000000120, 0.000000000000000000 ) ) ;
#5445 = CARTESIAN_POINT ( 'NONE',  ( 0.9525000000000087841, -0.1922500000000083864, 2.060000000000003606 ) ) ;
#5446 = ADVANCED_FACE ( 'NONE', ( #2547 ), #4310, .T. ) ;
#5447 = CARTESIAN_POINT ( 'NONE',  ( 3.399390871961310179, -0.7672499999999999876, -0.8062182560773819562 ) ) ;
#5448 = CARTESIAN_POINT ( 'NONE',  ( 0.1609122710552940150, -0.4965983550734299756, 2.330000000000000071 ) ) ;
#5449 = VERTEX_POINT ( 'NONE', #1265 ) ;
#5450 = DIRECTION ( 'NONE',  ( 0.000000000000000000, 0.000000000000000000, 1.000000000000000000 ) ) ;
#5451 = CARTESIAN_POINT ( 'NONE',  ( 0.9525000000000000133, -0.09225000000000001255, -0.8326311715591110385 ) ) ;
#5452 = LINE ( 'NONE', #618, #1222 ) ;
#5453 = VECTOR ( 'NONE', #4320, 1000.000000000000000 ) ;
#5454 = EDGE_CURVE ( 'NONE', #4241, #4403, #5668, .T. ) ;
#5455 = VECTOR ( 'NONE', #565, 1000.000000000000000 ) ;
#5456 = FACE_OUTER_BOUND ( 'NONE', #2951, .T. ) ;
#5457 = ORIENTED_EDGE ( 'NONE', *, *, #2889, .T. ) ;
#5458 = VERTEX_POINT ( 'NONE', #3506 ) ;
#5459 = ADVANCED_FACE ( 'NONE', ( #429 ), #1732, .T. ) ;
#5460 = ORIENTED_EDGE ( 'NONE', *, *, #4287, .T. ) ;
#5461 = AXIS2_PLACEMENT_3D ( 'NONE', #5233, #1637, #5548 ) ;
#5462 = EDGE_LOOP ( 'NONE', ( #1925, #1077, #1084, #4218 ) ) ;
#5463 = CARTESIAN_POINT ( 'NONE',  ( -3.770634082987814661, 0.3248361564241374899, 1.899999999999999911 ) ) ;
#5464 = ADVANCED_FACE ( 'NONE', ( #1640 ), #2482, .T. ) ;
#5465 = DIRECTION ( 'NONE',  ( 0.1147640357803537264, -0.1721460536705333721, 0.9783634050275323846 ) ) ;
#5466 = CARTESIAN_POINT ( 'NONE',  ( -0.6082897420963520041, -0.07701132768019700037, 2.380000000000000338 ) ) ;
#5467 = AXIS2_PLACEMENT_3D ( 'NONE', #63, #1413, #3620 ) ;
#5468 = DIRECTION ( 'NONE',  ( 0.000000000000000000, 0.000000000000000000, 1.000000000000000000 ) ) ;
#5469 = ORIENTED_EDGE ( 'NONE', *, *, #815, .T. ) ;
#5470 = DIRECTION ( 'NONE',  ( 0.000000000000000000, -1.000000000000000000, 0.000000000000000000 ) ) ;
#5471 = CARTESIAN_POINT ( 'NONE',  ( -3.414865336152359987, -0.3451191649770700143, -2.660000000000000142 ) ) ;
#5472 = ADVANCED_FACE ( 'NONE', ( #3037 ), #4899, .F. ) ;
#5473 = DIRECTION ( 'NONE',  ( 1.000000000000000000, 0.000000000000000000, 0.000000000000000000 ) ) ;
#5474 = DIRECTION ( 'NONE',  ( 0.000000000000000000, -1.000000000000000000, 0.000000000000000000 ) ) ;
#5475 = PLANE ( 'NONE',  #746 ) ;
#5476 = AXIS2_PLACEMENT_3D ( 'NONE', #2677, #156, #5334 ) ;
#5477 = CARTESIAN_POINT ( 'NONE',  ( 3.972500000000000142, -0.2610000000000000098, -2.502499999999999947 ) ) ;
#5478 = DIRECTION ( 'NONE',  ( 1.000000000000000000, 8.131516293641262547E-16, 0.000000000000000000 ) ) ;
#5479 = VERTEX_POINT ( 'NONE', #4399 ) ;
#5480 = FACE_OUTER_BOUND ( 'NONE', #5462, .T. ) ;
#5481 = DIRECTION ( 'NONE',  ( 0.000000000000000000, 0.000000000000000000, 1.000000000000000000 ) ) ;
#5482 = CIRCLE ( 'NONE', #3071, 0.09999999999999999167 ) ;
#5483 = ORIENTED_EDGE ( 'NONE', *, *, #4044, .T. ) ;
#5484 = ORIENTED_EDGE ( 'NONE', *, *, #1619, .T. ) ;
#5485 = CIRCLE ( 'NONE', #4845, 0.1499999999999999667 ) ;
#5486 = ADVANCED_FACE ( 'NONE', ( #3614 ), #3222, .T. ) ;
#5487 = CIRCLE ( 'NONE', #2813, 0.05000000000000002359 ) ;
#5488 = EDGE_LOOP ( 'NONE', ( #5020, #4185, #1447, #2480 ) ) ;
#5489 = VERTEX_POINT ( 'NONE', #3967 ) ;
#5490 = DIRECTION ( 'NONE',  ( -1.084202172485504040E-15, 1.000000000000000000, 0.000000000000000000 ) ) ;
#5491 = CARTESIAN_POINT ( 'NONE',  ( 0.1523532029945740274, -0.5940512099433720161, 2.380000000000000338 ) ) ;
#5492 = AXIS2_PLACEMENT_3D ( 'NONE', #1853, #3598, #1878 ) ;
#5493 = EDGE_CURVE ( 'NONE', #4677, #1111, #2273, .T. ) ;
#5494 =( LENGTH_UNIT ( ) NAMED_UNIT ( * ) SI_UNIT ( .MILLI., .METRE. ) );
#5495 = ORIENTED_EDGE ( 'NONE', *, *, #1633, .T. ) ;
#5496 = CIRCLE ( 'NONE', #5307, 0.3999999999999999667 ) ;
#5497 = CARTESIAN_POINT ( 'NONE',  ( 3.695609128038689573, -0.09225000000000001255, -0.6562182560773820450 ) ) ;
#5498 = LINE ( 'NONE', #5471, #4873 ) ;
#5499 = CARTESIAN_POINT ( 'NONE',  ( 0.5650556301437590356, 6.919935687957450604E-17, 2.354999999999999982 ) ) ;
#5500 = DIRECTION ( 'NONE',  ( 0.000000000000000000, 0.000000000000000000, 1.000000000000000000 ) ) ;
#5501 = FACE_OUTER_BOUND ( 'NONE', #1698, .T. ) ;
#5502 = EDGE_CURVE ( 'NONE', #477, #1087, #1031, .T. ) ;
#5503 = EDGE_CURVE ( 'NONE', #2090, #1006, #5377, .T. ) ;
#5504 = ORIENTED_EDGE ( 'NONE', *, *, #2222, .T. ) ;
#5505 = CARTESIAN_POINT ( 'NONE',  ( -4.952500000000000568, 0.7672499999999999876, 0.3800000000000000044 ) ) ;
#5506 = CARTESIAN_POINT ( 'NONE',  ( 0.3943076977342100387, -0.3436167100760240123, 2.330000000000000071 ) ) ;
#5507 = ORIENTED_EDGE ( 'NONE', *, *, #1125, .T. ) ;
#5508 = PLANE ( 'NONE',  #609 ) ;
#5509 = FACE_OUTER_BOUND ( 'NONE', #1221, .T. ) ;
#5510 = UNCERTAINTY_MEASURE_WITH_UNIT (LENGTH_MEASURE( 1.000000000000000082E-05 ), #1714, 'distance_accuracy_value', 'NONE');
#5511 = CARTESIAN_POINT ( 'NONE',  ( 3.249390871961309823, -0.7672499999999999876, 0.8062182560773819562 ) ) ;
#5512 = ORIENTED_EDGE ( 'NONE', *, *, #5285, .T. ) ;
#5513 = ORIENTED_EDGE ( 'NONE', *, *, #5454, .F. ) ;
#5514 = AXIS2_PLACEMENT_3D ( 'NONE', #1867, #1011, #2747 ) ;
#5515 = VERTEX_POINT ( 'NONE', #928 ) ;
#5516 = VERTEX_POINT ( 'NONE', #4076 ) ;
#5517 = DIRECTION ( 'NONE',  ( 1.000000000000000000, 1.224646799147350742E-16, 0.000000000000000000 ) ) ;
#5518 = DIRECTION ( 'NONE',  ( 0.000000000000000000, 0.000000000000000000, 1.000000000000000000 ) ) ;
#5519 = APPLICATION_PROTOCOL_DEFINITION ( 'draft international standard', 'automotive_design', 1998, #2581 ) ;
#5520 = VECTOR ( 'NONE', #2808, 1000.000000000000000 ) ;
#5521 = ORIENTED_EDGE ( 'NONE', *, *, #2767, .F. ) ;
#5522 = CARTESIAN_POINT ( 'NONE',  ( 4.852500000000000036, -0.1922500000000000042, -2.502499999999999947 ) ) ;
#5523 = DIRECTION ( 'NONE',  ( 1.000000000000000000, 0.000000000000000000, 0.000000000000000000 ) ) ;
#5524 = CARTESIAN_POINT ( 'NONE',  ( 4.952500000000000568, -0.09224999999999870803, 2.502499999999999947 ) ) ;
#5525 = CARTESIAN_POINT ( 'NONE',  ( -0.4278595682413244838, 0.3025170797989749638, 2.330000000000000071 ) ) ;
#5526 = EDGE_CURVE ( 'NONE', #5665, #616, #5290, .T. ) ;
#5527 = DIRECTION ( 'NONE',  ( -0.7071067811865209274, 4.445228907190101805E-14, -0.7071067811865739960 ) ) ;
#5528 = VECTOR ( 'NONE', #2100, 1000.000000000000000 ) ;
#5529 = VECTOR ( 'NONE', #966, 1000.000000000000227 ) ;
#5530 = ORIENTED_EDGE ( 'NONE', *, *, #423, .F. ) ;
#5531 = CARTESIAN_POINT ( 'NONE',  ( 3.469763992460114910, -0.09225000000000001255, 1.879526214587565081 ) ) ;
#5532 = CARTESIAN_POINT ( 'NONE',  ( -4.319792374265440493, -0.2322500000000000120, 1.899999999999999911 ) ) ;
#5533 = ORIENTED_EDGE ( 'NONE', *, *, #2165, .T. ) ;
#5534 = CARTESIAN_POINT ( 'NONE',  ( -3.833333768778729667, 0.1521730769230759950, -2.660000000000000142 ) ) ;
#5535 = CARTESIAN_POINT ( 'NONE',  ( 3.972500000000000142, -0.09224999999999899947, 2.060000000000000053 ) ) ;
#5536 = EDGE_CURVE ( 'NONE', #344, #1825, #843, .T. ) ;
#5537 = CARTESIAN_POINT ( 'NONE',  ( 3.399390871961310179, -0.7672499999999999876, 0.6562182560773820450 ) ) ;
#5538 = ORIENTED_EDGE ( 'NONE', *, *, #3338, .F. ) ;
#5539 = ORIENTED_EDGE ( 'NONE', *, *, #3301, .F. ) ;
#5540 = APPLICATION_CONTEXT ( 'automotive_design' ) ;
#5541 = ORIENTED_EDGE ( 'NONE', *, *, #4683, .T. ) ;
#5542 = ADVANCED_FACE ( 'NONE', ( #58 ), #2665, .T. ) ;
#5543 = ORIENTED_EDGE ( 'NONE', *, *, #5140, .T. ) ;
#5544 = CARTESIAN_POINT ( 'NONE',  ( 3.270000000000000018, -2.534608270214920189, -1.355252715606880080E-17 ) ) ;
#5545 = AXIS2_PLACEMENT_3D ( 'NONE', #2933, #5408, #2479 ) ;
#5546 = ORIENTED_EDGE ( 'NONE', *, *, #2940, .F. ) ;
#5547 = DIRECTION ( 'NONE',  ( -0.7071067811865306973, 2.900240811398451731E-14, 0.7071067811865643371 ) ) ;
#5548 = DIRECTION ( 'NONE',  ( 0.000000000000000000, 1.000000000000000000, 0.000000000000000000 ) ) ;
#5549 = CARTESIAN_POINT ( 'NONE',  ( -3.341666231221270156, -0.1521730769230774938, 2.754999999999999893 ) ) ;
#5550 = CARTESIAN_POINT ( 'NONE',  ( -0.5217543599545370059, -6.389648068594999981E-17, 2.330000000000000071 ) ) ;
#5551 = DIRECTION ( 'NONE',  ( 0.000000000000000000, 0.000000000000000000, -1.000000000000000000 ) ) ;
#5552 = AXIS2_PLACEMENT_3D ( 'NONE', #5032, #3670, #4104 ) ;
#5553 = ADVANCED_FACE ( 'NONE', ( #1348 ), #4517, .F. ) ;
#5554 = VERTEX_POINT ( 'NONE', #489 ) ;
#5555 = PLANE ( 'NONE',  #4669 ) ;
#5556 = DIRECTION ( 'NONE',  ( -0.7787739486925004950, -1.301042606982605005E-14, 0.6273046603030228985 ) ) ;
#5557 = ORIENTED_EDGE ( 'NONE', *, *, #3592, .T. ) ;
#5558 = CARTESIAN_POINT ( 'NONE',  ( -3.319999999999999840, 0.7672499999999999876, -2.660000000000000142 ) ) ;
#5559 = DIRECTION ( 'NONE',  ( 0.000000000000000000, 0.000000000000000000, -1.000000000000000000 ) ) ;
#5560 = EDGE_CURVE ( 'NONE', #4505, #524, #4024, .T. ) ;
#5561 = EDGE_CURVE ( 'NONE', #5661, #674, #956, .T. ) ;
#5562 = DIRECTION ( 'NONE',  ( -4.823386660693620032E-16, 1.000000000000000000, 0.000000000000000000 ) ) ;
#5563 = EDGE_LOOP ( 'NONE', ( #3548, #3122, #61, #5368, #3341 ) ) ;
#5564 = CARTESIAN_POINT ( 'NONE',  ( 0.4760296638738870101, -0.7672499999999999876, -0.4636163929784100080 ) ) ;
#5565 = ORIENTED_EDGE ( 'NONE', *, *, #2165, .F. ) ;
#5566 = AXIS2_PLACEMENT_3D ( 'NONE', #4502, #2286, #3201 ) ;
#5567 = CIRCLE ( 'NONE', #4561, 0.1000000000000002554 ) ;
#5568 = EDGE_CURVE ( 'NONE', #4617, #517, #2220, .T. ) ;
#5569 = EDGE_CURVE ( 'NONE', #742, #4617, #1770, .T. ) ;
#5570 = ORIENTED_EDGE ( 'NONE', *, *, #4260, .T. ) ;
#5571 = ORIENTED_EDGE ( 'NONE', *, *, #1139, .F. ) ;
#5572 = DIRECTION ( 'NONE',  ( 0.000000000000000000, 0.000000000000000000, -1.000000000000000000 ) ) ;
#5573 = CONTEXT_DEPENDENT_SHAPE_REPRESENTATION ( #5356, #4179 ) ;
#5574 = ORIENTED_EDGE ( 'NONE', *, *, #3481, .T. ) ;
#5575 = AXIS2_PLACEMENT_3D ( 'NONE', #3286, #1595, #190 ) ;
#5576 = CARTESIAN_POINT ( 'NONE',  ( 0.1509159562655240094, 0.5897157965750738917, 2.380000000000000338 ) ) ;
#5577 = DIRECTION ( 'NONE',  ( 0.000000000000000000, 0.000000000000000000, -1.000000000000000000 ) ) ;
#5578 = CARTESIAN_POINT ( 'NONE',  ( 0.7681082798118539223, -0.09225000000000001255, 0.4737494866203170174 ) ) ;
#5579 = AXIS2_PLACEMENT_3D ( 'NONE', #5063, #2856, #2433 ) ;
#5580 = FACE_OUTER_BOUND ( 'NONE', #2621, .T. ) ;
#5581 = DIRECTION ( 'NONE',  ( -1.000000000000000000, -7.228014483236697541E-16, 0.000000000000000000 ) ) ;
#5582 = AXIS2_PLACEMENT_3D ( 'NONE', #434, #2072, #4694 ) ;
#5583 = ORIENTED_EDGE ( 'NONE', *, *, #60, .T. ) ;
#5584 = CARTESIAN_POINT ( 'NONE',  ( -4.120000000000000107, 0.03274999999999959888, 1.804999999999999938 ) ) ;
#5585 = DIRECTION ( 'NONE',  ( 0.000000000000000000, -1.000000000000000000, 0.000000000000000000 ) ) ;
#5586 = ORIENTED_EDGE ( 'NONE', *, *, #4999, .T. ) ;
#5587 = CARTESIAN_POINT ( 'NONE',  ( -0.6083904794512939862, 0.03850566384009879856, 2.380000000000000338 ) ) ;
#5588 = FACE_OUTER_BOUND ( 'NONE', #1136, .T. ) ;
#5589 = B_SPLINE_CURVE_WITH_KNOTS ( 'NONE', 3,
 ( #262, #1157, #3767, #5534 ),
 .UNSPECIFIED., .F., .F.,
 ( 4, 4 ),
 ( 0.000000000000000000, 1.000000000000000000 ),
 .UNSPECIFIED. ) ;
#5590 = AXIS2_PLACEMENT_3D ( 'NONE', #2980, #4813, #5647 ) ;
#5591 = VECTOR ( 'NONE', #1070, 1000.000000000000000 ) ;
#5592 = CARTESIAN_POINT ( 'NONE',  ( 3.101090794297179709, -1.523749999999999938, 2.114950978616529920 ) ) ;
#5593 = AXIS2_PLACEMENT_3D ( 'NONE', #4275, #2128, #4805 ) ;
#5594 = CARTESIAN_POINT ( 'NONE',  ( 0.3819120798423589758, -0.7672499999999999876, -0.3637895569954249786 ) ) ;
#5595 = ORIENTED_EDGE ( 'NONE', *, *, #3514, .F. ) ;
#5596 = DIRECTION ( 'NONE',  ( 0.5675268619621517407, 0.8233548815373554763, 0.000000000000000000 ) ) ;
#5597 = DIRECTION ( 'NONE',  ( 4.823386660693620032E-16, -1.000000000000000000, 0.000000000000000000 ) ) ;
#5598 = VERTEX_POINT ( 'NONE', #982 ) ;
#5599 = EDGE_CURVE ( 'NONE', #822, #4247, #26, .T. ) ;
#5600 = ORIENTED_EDGE ( 'NONE', *, *, #3208, .T. ) ;
#5601 = ORIENTED_EDGE ( 'NONE', *, *, #482, .F. ) ;
#5602 = ORIENTED_EDGE ( 'NONE', *, *, #900, .T. ) ;
#5603 = EDGE_CURVE ( 'NONE', #3235, #3342, #4235, .T. ) ;
#5604 = CARTESIAN_POINT ( 'NONE',  ( -3.230878607874285269, -2.898216872058163585, 0.6891801927449601184 ) ) ;
#5605 = ORIENTED_EDGE ( 'NONE', *, *, #1680, .F. ) ;
#5606 = DIRECTION ( 'NONE',  ( 0.4082482904638849996, 0.8164965809277304754, 0.4082482904638321530 ) ) ;
#5607 = AXIS2_PLACEMENT_3D ( 'NONE', #1118, #1470, #2802 ) ;
#5608 = CARTESIAN_POINT ( 'NONE',  ( 3.472499999999999698, -0.1922500000000000042, 2.060000000000000053 ) ) ;
#5609 = CARTESIAN_POINT ( 'NONE',  ( -3.319999999999999840, 0.7672499999999999876, 0.3800000000000000044 ) ) ;
#5610 = DIRECTION ( 'NONE',  ( 8.131516293641259589E-16, -1.000000000000000000, 0.000000000000000000 ) ) ;
#5611 = LINE ( 'NONE', #5149, #4424 ) ;
#5612 = CARTESIAN_POINT ( 'NONE',  ( -3.414865336152359987, -0.3451191649770715131, -2.754999999999999893 ) ) ;
#5613 = AXIS2_PLACEMENT_3D ( 'NONE', #1090, #5062, #2325 ) ;
#5614 = VECTOR ( 'NONE', #3453, 1000.000000000000000 ) ;
#5615 = ORIENTED_EDGE ( 'NONE', *, *, #2164, .F. ) ;
#5616 = CARTESIAN_POINT ( 'NONE',  ( 0.9525000000000000133, -0.7672499999999999876, -2.160000000000000142 ) ) ;
#5617 = VERTEX_POINT ( 'NONE', #113 ) ;
#5618 = EDGE_CURVE ( 'NONE', #3664, #4709, #91, .T. ) ;
#5619 = FACE_OUTER_BOUND ( 'NONE', #1782, .T. ) ;
#5620 = VECTOR ( 'NONE', #2161, 1000.000000000000000 ) ;
#5621 = CARTESIAN_POINT ( 'NONE',  ( 3.372500000000000053, -0.1922500000000000042, -2.060000000000000053 ) ) ;
#5622 = VECTOR ( 'NONE', #794, 1000.000000000000000 ) ;
#5623 = CYLINDRICAL_SURFACE ( 'NONE', #252, 0.1000000000000000056 ) ;
#5624 =( NAMED_UNIT ( * ) PLANE_ANGLE_UNIT ( ) SI_UNIT ( $, .RADIAN. ) );
#5625 = ORIENTED_EDGE ( 'NONE', *, *, #4609, .F. ) ;
#5626 = CARTESIAN_POINT ( 'NONE',  ( 3.372500000000000053, -0.1922500000000000042, 2.060000000000000053 ) ) ;
#5627 = DIRECTION ( 'NONE',  ( 0.000000000000000000, 0.000000000000000000, -1.000000000000000000 ) ) ;
#5628 = DIRECTION ( 'NONE',  ( -7.228014483236700500E-16, 1.000000000000000000, 0.000000000000000000 ) ) ;
#5629 = DIRECTION ( 'NONE',  ( 1.000000000000000000, 2.710505431213759902E-15, 0.000000000000000000 ) ) ;
#5630 = EDGE_CURVE ( 'NONE', #1630, #1109, #558, .T. ) ;
#5631 = ADVANCED_FACE ( 'NONE', ( #1955 ), #1092, .T. ) ;
#5632 = ORIENTED_EDGE ( 'NONE', *, *, #5351, .F. ) ;
#5633 = ORIENTED_EDGE ( 'NONE', *, *, #3721, .F. ) ;
#5634 = CARTESIAN_POINT ( 'NONE',  ( 0.9525000000000000133, -0.1922500000000000042, -2.060000000000000053 ) ) ;
#5635 = AXIS2_PLACEMENT_3D ( 'NONE', #849, #4350, #2208 ) ;
#5636 = EDGE_CURVE ( 'NONE', #2225, #1630, #2560, .T. ) ;
#5637 = ORIENTED_EDGE ( 'NONE', *, *, #1251, .F. ) ;
#5638 = DIRECTION ( 'NONE',  ( 0.4082482904638806143, -0.8164965809276777398, 0.4082482904639422872 ) ) ;
#5639 = LINE ( 'NONE', #1700, #3985 ) ;
#5640 = DIRECTION ( 'NONE',  ( 1.000000000000000000, 0.000000000000000000, 0.000000000000000000 ) ) ;
#5641 = DIRECTION ( 'NONE',  ( 0.000000000000000000, 0.000000000000000000, -1.000000000000000000 ) ) ;
#5642 = DIRECTION ( 'NONE',  ( 0.000000000000000000, 1.000000000000000000, -8.673617379884035472E-15 ) ) ;
#5643 = AXIS2_PLACEMENT_3D ( 'NONE', #84, #1840, #5346 ) ;
#5644 = EDGE_CURVE ( 'NONE', #1611, #3746, #5192, .T. ) ;
#5645 = ADVANCED_FACE ( 'NONE', ( #3829 ), #1245, .T. ) ;
#5646 = ORIENTED_EDGE ( 'NONE', *, *, #2010, .T. ) ;
#5647 = DIRECTION ( 'NONE',  ( 1.000000000000000000, 0.000000000000000000, 0.000000000000000000 ) ) ;
#5648 = FACE_OUTER_BOUND ( 'NONE', #2622, .T. ) ;
#5649 = VERTEX_POINT ( 'NONE', #2557 ) ;
#5650 = CIRCLE ( 'NONE', #4824, 0.7999999999999999334 ) ;
#5651 = CARTESIAN_POINT ( 'NONE',  ( -0.2993161962930570019, 0.5301402761854540069, 2.380000000000000338 ) ) ;
#5652 = LINE ( 'NONE', #1711, #5614 ) ;
#5653 = AXIS2_PLACEMENT_3D ( 'NONE', #2489, #1231, #2973 ) ;
#5654 = CYLINDRICAL_SURFACE ( 'NONE', #4016, 0.1000000000000002554 ) ;
#5655 = ORIENTED_EDGE ( 'NONE', *, *, #4245, .T. ) ;
#5656 = DIRECTION ( 'NONE',  ( 0.000000000000000000, 0.000000000000000000, -1.000000000000000000 ) ) ;
#5657 = ORIENTED_EDGE ( 'NONE', *, *, #2239, .F. ) ;
#5658 = FACE_OUTER_BOUND ( 'NONE', #2001, .T. ) ;
#5659 = ORIENTED_EDGE ( 'NONE', *, *, #4044, .F. ) ;
#5660 = DIRECTION ( 'NONE',  ( 0.000000000000000000, 0.000000000000000000, -1.000000000000000000 ) ) ;
#5661 = VERTEX_POINT ( 'NONE', #4289 ) ;
#5662 = VERTEX_POINT ( 'NONE', #5594 ) ;
#5663 = DIRECTION ( 'NONE',  ( 1.000000000000000000, 3.614007241618348771E-16, 0.000000000000000000 ) ) ;
#5664 = DIRECTION ( 'NONE',  ( 1.000000000000000000, 0.000000000000000000, 0.000000000000000000 ) ) ;
#5665 = VERTEX_POINT ( 'NONE', #3398 ) ;
#5666 = LINE ( 'NONE', #3783, #352 ) ;
#5667 = DIRECTION ( 'NONE',  ( 0.000000000000000000, 0.000000000000000000, -1.000000000000000000 ) ) ;
#5668 = LINE ( 'NONE', #3010, #5620 ) ;
#5669 = CARTESIAN_POINT ( 'NONE',  ( -3.269704183480210080, -2.749247090774319613, 0.6775218358312279365 ) ) ;
#5670 = EDGE_CURVE ( 'NONE', #1940, #78, #3755, .T. ) ;
#5671 = CLOSED_SHELL ( 'NONE', ( #2231, #5486, #4774, #1195, #961, #4620, #1064, #3446, #5144, #3523, #2821, #4913, #3784, #2336, #3910, #1126, #2523, #3709, #2915, #4363, #4296, #4862, #1987, #768, #2154, #3954, #4944, #973, #223, #5197, #1317, #508, #4186, #157, #2371 ) ) ;
#5672 = ORIENTED_EDGE ( 'NONE', *, *, #815, .F. ) ;
#5673 = DIRECTION ( 'NONE',  ( 0.000000000000000000, 0.000000000000000000, -1.000000000000000000 ) ) ;
#5674 = AXIS2_PLACEMENT_3D ( 'NONE', #5349, #3995, #1868 ) ;
#5675 = DIRECTION ( 'NONE',  ( -1.000000000000000000, -5.482582837655000045E-16, 0.000000000000000000 ) ) ;
#5676 = DIRECTION ( 'NONE',  ( 0.7071067811865572317, 3.035766082959347413E-14, -0.7071067811865376918 ) ) ;
#5677 = CARTESIAN_POINT ( 'NONE',  ( 4.941942719099990278, -0.1475286404500025794, -2.044279695023479615 ) ) ;
#5678 = ADVANCED_FACE ( 'NONE', ( #441 ), #4818, .T. ) ;
#5679 = AXIS2_PLACEMENT_3D ( 'NONE', #5077, #5019, #4993 ) ;
#5680 = CARTESIAN_POINT ( 'NONE',  ( 4.852500000000000036, -0.09224999999999888844, 2.044279695023479615 ) ) ;
#5681 = ORIENTED_EDGE ( 'NONE', *, *, #5503, .F. ) ;
#5682 = VECTOR ( 'NONE', #4312, 1000.000000000000000 ) ;
#5683 = DIRECTION ( 'NONE',  ( 0.000000000000000000, 1.000000000000000000, 0.000000000000000000 ) ) ;
#5684 = FACE_OUTER_BOUND ( 'NONE', #766, .T. ) ;
#5685 = AXIS2_PLACEMENT_3D ( 'NONE', #227, #3756, #3648 ) ;
#5686 = CARTESIAN_POINT ( 'NONE',  ( 4.852500000000000036, -0.09224999999999870803, 0.000000000000000000 ) ) ;
#5687 = CYLINDRICAL_SURFACE ( 'NONE', #2311, 0.1000000000000002554 ) ;
#5688 = ORIENTED_EDGE ( 'NONE', *, *, #2500, .F. ) ;
#5689 = ORIENTED_EDGE ( 'NONE', *, *, #2040, .F. ) ;
#5690 = CIRCLE ( 'NONE', #2912, 0.1000000000000000056 ) ;
#5691 = CARTESIAN_POINT ( 'NONE',  ( -4.852500000000000036, -0.6672500000000000098, 0.000000000000000000 ) ) ;
#5692 = ORIENTED_EDGE ( 'NONE', *, *, #5357, .F. ) ;
#5693 = FACE_OUTER_BOUND ( 'NONE', #2825, .T. ) ;
#5694 = DIRECTION ( 'NONE',  ( 0.000000000000000000, 0.9848706617970867105, 0.1732910255361442831 ) ) ;
#5695 = NEXT_ASSEMBLY_USAGE_OCCURRENCE ( 'NAUO1', ' ', ' ', #4626, #371, $ ) ;
#5696 = NEXT_ASSEMBLY_USAGE_OCCURRENCE ( 'NAUO2', ' ', ' ', #371, #3603, $ ) ;
#5697 = NEXT_ASSEMBLY_USAGE_OCCURRENCE ( 'NAUO3', ' ', ' ', #371, #302, $ ) ;
ENDSEC;
END-ISO-10303-21;
