ISO-10303-21;
HEADER;
FILE_DESCRIPTION(('FreeCAD Model'),'2;1');
FILE_NAME('Open CASCADE Shape Model','2026-08-27T15:31:37',('FreeCAD'),(
    'FreeCAD'),'Open CASCADE STEP processor 7.8','FreeCAD','Unknown');
FILE_SCHEMA(('AUTOMOTIVE_DESIGN { 1 0 10303 214 1 1 1 1 }'));
ENDSEC;
DATA;
#1 = APPLICATION_PROTOCOL_DEFINITION('international standard',
  'automotive_design',2000,#2);
#2 = APPLICATION_CONTEXT(
  'core data for automotive mechanical design processes');
#3 = SHAPE_DEFINITION_REPRESENTATION(#4,#10);
#4 = PRODUCT_DEFINITION_SHAPE('','',#5);
#5 = PRODUCT_DEFINITION('design','',#6,#9);
#6 = PRODUCT_DEFINITION_FORMATION('','',#7);
#7 = PRODUCT('Open CASCADE STEP translator 7.8 17',
  'Open CASCADE STEP translator 7.8 17','',(#8));
#8 = PRODUCT_CONTEXT('',#2,'mechanical');
#9 = PRODUCT_DEFINITION_CONTEXT('part definition',#2,'design');
#10 = ADVANCED_BREP_SHAPE_REPRESENTATION('',(#11,#15),#9609);
#11 = AXIS2_PLACEMENT_3D('',#12,#13,#14);
#12 = CARTESIAN_POINT('',(0.,0.,0.));
#13 = DIRECTION('',(0.,0.,1.));
#14 = DIRECTION('',(1.,0.,-0.));
#15 = MANIFOLD_SOLID_BREP('',#16);
#16 = CLOSED_SHELL('',(#17,#185,#284,#318,#381,#414,#477,#501,#533,#565,
    #589,#636,#677,#708,#1025,#1058,#1097,#1119,#1197,#1232,#1267,#1306,
    #1330,#1587,#1611,#1646,#1658,#1707,#1776,#1818,#1857,#1896,#1910,
    #1935,#1953,#2015,#2027,#2051,#2068,#2103,#2129,#2196,#2250,#2266,
    #2290,#2302,#2322,#2340,#2365,#2376,#2404,#2426,#2451,#2460,#2485,
    #2494,#2503,#2535,#2559,#2584,#2633,#2670,#2695,#2719,#2737,#2759,
    #2776,#2798,#2815,#2832,#2863,#2905,#2930,#2964,#2996,#3028,#5110,
    #5136,#5162,#5179,#5214,#5242,#5270,#5291,#5326,#5350,#5374,#5398,
    #5426,#5454,#5478,#5506,#5534,#5558,#5579,#5610,#5638,#5666,#5694,
    #5718,#5746,#5774,#5802,#5826,#5854,#5882,#5910,#5934,#5962,#5990,
    #6011,#6042,#6066,#6090,#6114,#6142,#6170,#6194,#6222,#6250,#6274,
    #6298,#6322,#6346,#6370,#6394,#6411,#6442,#6466,#6490,#6514,#6542,
    #6570,#6594,#6622,#6650,#6674,#6698,#6726,#6754,#6775,#6806,#6830,
    #6854,#6878,#6902,#6926,#6950,#6974,#6998,#7022,#7050,#7078,#7102,
    #7130,#7158,#7182,#7199,#7230,#7254,#7278,#7302,#7326,#7350,#7374,
    #7398,#7422,#7439,#7470,#7494,#7518,#7542,#7566,#7594,#7622,#7646,
    #7674,#7702,#7726,#7743,#7829,#7876,#7900,#7924,#7991,#8016,#8034,
    #8108,#8145,#8169,#8225,#8293,#8330,#8354,#8410,#8478,#8546,#8607,
    #8624,#8687,#8738,#8762,#8786,#8835,#8903,#8927,#8988,#9049,#9073,
    #9127,#9139,#9151,#9162,#9175,#9189,#9223,#9251,#9268,#9298,#9315,
    #9337,#9354,#9376,#9393,#9423,#9432,#9448,#9479,#9494,#9508,#9522,
    #9536,#9550,#9570,#9600));
#17 = ADVANCED_FACE('',(#18),#180,.T.);
#18 = FACE_BOUND('',#19,.T.);
#19 = EDGE_LOOP('',(#20,#31,#39,#48,#56,#64,#73,#82,#91,#100,#108,#116,
    #124,#133,#141,#149,#157,#166,#174));
#20 = ORIENTED_EDGE('',*,*,#21,.F.);
#21 = EDGE_CURVE('',#22,#24,#26,.T.);
#22 = VERTEX_POINT('',#23);
#23 = CARTESIAN_POINT('',(-0.5,0.9,23.5));
#24 = VERTEX_POINT('',#25);
#25 = CARTESIAN_POINT('',(0.9,-0.5,23.5));
#26 = CIRCLE('',#27,1.4);
#27 = AXIS2_PLACEMENT_3D('',#28,#29,#30);
#28 = CARTESIAN_POINT('',(0.9,0.9,23.5));
#29 = DIRECTION('',(-0.,0.,1.));
#30 = DIRECTION('',(0.,-1.,0.));
#31 = ORIENTED_EDGE('',*,*,#32,.T.);
#32 = EDGE_CURVE('',#22,#33,#35,.T.);
#33 = VERTEX_POINT('',#34);
#34 = CARTESIAN_POINT('',(-0.5,36.65,23.5));
#35 = LINE('',#36,#37);
#36 = CARTESIAN_POINT('',(-0.5,-0.5,23.5));
#37 = VECTOR('',#38,1.);
#38 = DIRECTION('',(0.,1.,0.));
#39 = ORIENTED_EDGE('',*,*,#40,.T.);
#40 = EDGE_CURVE('',#33,#41,#43,.T.);
#41 = VERTEX_POINT('',#42);
#42 = CARTESIAN_POINT('',(0.9,38.05,23.5));
#43 = CIRCLE('',#44,1.4);
#44 = AXIS2_PLACEMENT_3D('',#45,#46,#47);
#45 = CARTESIAN_POINT('',(0.9,36.65,23.5));
#46 = DIRECTION('',(-0.,-0.,-1.));
#47 = DIRECTION('',(0.,-1.,0.));
#48 = ORIENTED_EDGE('',*,*,#49,.T.);
#49 = EDGE_CURVE('',#41,#50,#52,.T.);
#50 = VERTEX_POINT('',#51);
#51 = CARTESIAN_POINT('',(15.27,38.05,23.5));
#52 = LINE('',#53,#54);
#53 = CARTESIAN_POINT('',(-0.5,38.05,23.5));
#54 = VECTOR('',#55,1.);
#55 = DIRECTION('',(1.,0.,0.));
#56 = ORIENTED_EDGE('',*,*,#57,.F.);
#57 = EDGE_CURVE('',#58,#50,#60,.T.);
#58 = VERTEX_POINT('',#59);
#59 = CARTESIAN_POINT('',(15.27,37.53173769149,23.5));
#60 = LINE('',#61,#62);
#61 = CARTESIAN_POINT('',(15.27,36.85,23.5));
#62 = VECTOR('',#63,1.);
#63 = DIRECTION('',(0.,1.,0.));
#64 = ORIENTED_EDGE('',*,*,#65,.T.);
#65 = EDGE_CURVE('',#58,#66,#68,.T.);
#66 = VERTEX_POINT('',#67);
#67 = CARTESIAN_POINT('',(17.02425,31.729304559589,23.5));
#68 = CIRCLE('',#69,3.25);
#69 = AXIS2_PLACEMENT_3D('',#70,#71,#72);
#70 = CARTESIAN_POINT('',(17.27,34.97,23.5));
#71 = DIRECTION('',(0.,0.,1.));
#72 = DIRECTION('',(1.,0.,0.));
#73 = ORIENTED_EDGE('',*,*,#74,.T.);
#74 = EDGE_CURVE('',#66,#75,#77,.T.);
#75 = VERTEX_POINT('',#76);
#76 = CARTESIAN_POINT('',(17.078666666667,31.725636956881,23.5));
#77 = CIRCLE('',#78,3.25);
#78 = AXIS2_PLACEMENT_3D('',#79,#80,#81);
#79 = CARTESIAN_POINT('',(17.27,34.97,23.5));
#80 = DIRECTION('',(0.,0.,1.));
#81 = DIRECTION('',(1.,0.,0.));
#82 = ORIENTED_EDGE('',*,*,#83,.T.);
#83 = EDGE_CURVE('',#75,#84,#86,.T.);
#84 = VERTEX_POINT('',#85);
#85 = CARTESIAN_POINT('',(20.52,34.97,23.5));
#86 = CIRCLE('',#87,3.25);
#87 = AXIS2_PLACEMENT_3D('',#88,#89,#90);
#88 = CARTESIAN_POINT('',(17.27,34.97,23.5));
#89 = DIRECTION('',(0.,0.,1.));
#90 = DIRECTION('',(1.,0.,0.));
#91 = ORIENTED_EDGE('',*,*,#92,.T.);
#92 = EDGE_CURVE('',#84,#93,#95,.T.);
#93 = VERTEX_POINT('',#94);
#94 = CARTESIAN_POINT('',(19.27,37.53173769149,23.5));
#95 = CIRCLE('',#96,3.25);
#96 = AXIS2_PLACEMENT_3D('',#97,#98,#99);
#97 = CARTESIAN_POINT('',(17.27,34.97,23.5));
#98 = DIRECTION('',(0.,0.,1.));
#99 = DIRECTION('',(1.,0.,0.));
#100 = ORIENTED_EDGE('',*,*,#101,.T.);
#101 = EDGE_CURVE('',#93,#102,#104,.T.);
#102 = VERTEX_POINT('',#103);
#103 = CARTESIAN_POINT('',(19.27,38.05,23.5));
#104 = LINE('',#105,#106);
#105 = CARTESIAN_POINT('',(19.27,36.85,23.5));
#106 = VECTOR('',#107,1.);
#107 = DIRECTION('',(0.,1.,0.));
#108 = ORIENTED_EDGE('',*,*,#109,.T.);
#109 = EDGE_CURVE('',#102,#110,#112,.T.);
#110 = VERTEX_POINT('',#111);
#111 = CARTESIAN_POINT('',(61.94,38.05,23.5));
#112 = LINE('',#113,#114);
#113 = CARTESIAN_POINT('',(-0.5,38.05,23.5));
#114 = VECTOR('',#115,1.);
#115 = DIRECTION('',(1.,0.,0.));
#116 = ORIENTED_EDGE('',*,*,#117,.F.);
#117 = EDGE_CURVE('',#118,#110,#120,.T.);
#118 = VERTEX_POINT('',#119);
#119 = CARTESIAN_POINT('',(61.94,37.42173769149,23.5));
#120 = LINE('',#121,#122);
#121 = CARTESIAN_POINT('',(61.94,36.85,23.5));
#122 = VECTOR('',#123,1.);
#123 = DIRECTION('',(0.,1.,0.));
#124 = ORIENTED_EDGE('',*,*,#125,.T.);
#125 = EDGE_CURVE('',#118,#126,#128,.T.);
#126 = VERTEX_POINT('',#127);
#127 = CARTESIAN_POINT('',(66.50173769149,32.86,23.5));
#128 = CIRCLE('',#129,3.25);
#129 = AXIS2_PLACEMENT_3D('',#130,#131,#132);
#130 = CARTESIAN_POINT('',(63.94,34.86,23.5));
#131 = DIRECTION('',(0.,0.,1.));
#132 = DIRECTION('',(1.,0.,0.));
#133 = ORIENTED_EDGE('',*,*,#134,.T.);
#134 = EDGE_CURVE('',#126,#135,#137,.T.);
#135 = VERTEX_POINT('',#136);
#136 = CARTESIAN_POINT('',(67.15,32.86,23.5));
#137 = LINE('',#138,#139);
#138 = CARTESIAN_POINT('',(65.9,32.86,23.5));
#139 = VECTOR('',#140,1.);
#140 = DIRECTION('',(1.,0.,0.));
#141 = ORIENTED_EDGE('',*,*,#142,.F.);
#142 = EDGE_CURVE('',#143,#135,#145,.T.);
#143 = VERTEX_POINT('',#144);
#144 = CARTESIAN_POINT('',(67.15,4.7,23.5));
#145 = LINE('',#146,#147);
#146 = CARTESIAN_POINT('',(67.15,-0.5,23.5));
#147 = VECTOR('',#148,1.);
#148 = DIRECTION('',(0.,1.,0.));
#149 = ORIENTED_EDGE('',*,*,#150,.F.);
#150 = EDGE_CURVE('',#151,#143,#153,.T.);
#151 = VERTEX_POINT('',#152);
#152 = CARTESIAN_POINT('',(66.55173769149,4.7,23.5));
#153 = LINE('',#154,#155);
#154 = CARTESIAN_POINT('',(65.9,4.7,23.5));
#155 = VECTOR('',#156,1.);
#156 = DIRECTION('',(1.,0.,0.));
#157 = ORIENTED_EDGE('',*,*,#158,.T.);
#158 = EDGE_CURVE('',#151,#159,#161,.T.);
#159 = VERTEX_POINT('',#160);
#160 = CARTESIAN_POINT('',(61.99,0.13826230851,23.5));
#161 = CIRCLE('',#162,3.25);
#162 = AXIS2_PLACEMENT_3D('',#163,#164,#165);
#163 = CARTESIAN_POINT('',(63.99,2.7,23.5));
#164 = DIRECTION('',(0.,0.,1.));
#165 = DIRECTION('',(1.,0.,0.));
#166 = ORIENTED_EDGE('',*,*,#167,.F.);
#167 = EDGE_CURVE('',#168,#159,#170,.T.);
#168 = VERTEX_POINT('',#169);
#169 = CARTESIAN_POINT('',(61.99,-0.5,23.5));
#170 = LINE('',#171,#172);
#171 = CARTESIAN_POINT('',(61.99,-1.,23.5));
#172 = VECTOR('',#173,1.);
#173 = DIRECTION('',(0.,1.,0.));
#174 = ORIENTED_EDGE('',*,*,#175,.F.);
#175 = EDGE_CURVE('',#24,#168,#176,.T.);
#176 = LINE('',#177,#178);
#177 = CARTESIAN_POINT('',(-0.5,-0.5,23.5));
#178 = VECTOR('',#179,1.);
#179 = DIRECTION('',(1.,0.,0.));
#180 = PLANE('',#181);
#181 = AXIS2_PLACEMENT_3D('',#182,#183,#184);
#182 = CARTESIAN_POINT('',(33.579924223154,19.820060730619,23.5));
#183 = DIRECTION('',(-0.,-0.,-1.));
#184 = DIRECTION('',(-1.,0.,0.));
#185 = ADVANCED_FACE('',(#186,#243),#279,.T.);
#186 = FACE_BOUND('',#187,.T.);
#187 = EDGE_LOOP('',(#188,#196,#197,#205,#213,#221,#229,#237));
#188 = ORIENTED_EDGE('',*,*,#189,.T.);
#189 = EDGE_CURVE('',#190,#33,#192,.T.);
#190 = VERTEX_POINT('',#191);
#191 = CARTESIAN_POINT('',(-0.5,36.65,11.96));
#192 = LINE('',#193,#194);
#193 = CARTESIAN_POINT('',(-0.5,36.65,11.96));
#194 = VECTOR('',#195,1.);
#195 = DIRECTION('',(0.,0.,1.));
#196 = ORIENTED_EDGE('',*,*,#32,.F.);
#197 = ORIENTED_EDGE('',*,*,#198,.F.);
#198 = EDGE_CURVE('',#199,#22,#201,.T.);
#199 = VERTEX_POINT('',#200);
#200 = CARTESIAN_POINT('',(-0.5,0.9,11.96));
#201 = LINE('',#202,#203);
#202 = CARTESIAN_POINT('',(-0.5,0.9,-3.));
#203 = VECTOR('',#204,1.);
#204 = DIRECTION('',(0.,0.,1.));
#205 = ORIENTED_EDGE('',*,*,#206,.T.);
#206 = EDGE_CURVE('',#199,#207,#209,.T.);
#207 = VERTEX_POINT('',#208);
#208 = CARTESIAN_POINT('',(-0.5,23.03,11.96));
#209 = LINE('',#210,#211);
#210 = CARTESIAN_POINT('',(-0.5,22.03,11.96));
#211 = VECTOR('',#212,1.);
#212 = DIRECTION('',(0.,1.,0.));
#213 = ORIENTED_EDGE('',*,*,#214,.T.);
#214 = EDGE_CURVE('',#207,#215,#217,.T.);
#215 = VERTEX_POINT('',#216);
#216 = CARTESIAN_POINT('',(-0.5,23.03,15.6));
#217 = LINE('',#218,#219);
#218 = CARTESIAN_POINT('',(-0.5,23.03,11.96));
#219 = VECTOR('',#220,1.);
#220 = DIRECTION('',(0.,0.,1.));
#221 = ORIENTED_EDGE('',*,*,#222,.F.);
#222 = EDGE_CURVE('',#223,#215,#225,.T.);
#223 = VERTEX_POINT('',#224);
#224 = CARTESIAN_POINT('',(-0.5,36.03,15.6));
#225 = LINE('',#226,#227);
#226 = CARTESIAN_POINT('',(-0.5,10.765,15.6));
#227 = VECTOR('',#228,1.);
#228 = DIRECTION('',(0.,-1.,0.));
#229 = ORIENTED_EDGE('',*,*,#230,.T.);
#230 = EDGE_CURVE('',#223,#231,#233,.T.);
#231 = VERTEX_POINT('',#232);
#232 = CARTESIAN_POINT('',(-0.5,36.03,11.96));
#233 = LINE('',#234,#235);
#234 = CARTESIAN_POINT('',(-0.5,36.03,11.96));
#235 = VECTOR('',#236,1.);
#236 = DIRECTION('',(0.,0.,-1.));
#237 = ORIENTED_EDGE('',*,*,#238,.T.);
#238 = EDGE_CURVE('',#231,#190,#239,.T.);
#239 = LINE('',#240,#241);
#240 = CARTESIAN_POINT('',(-0.5,0.,11.96));
#241 = VECTOR('',#242,1.);
#242 = DIRECTION('',(0.,1.,0.));
#243 = FACE_BOUND('',#244,.T.);
#244 = EDGE_LOOP('',(#245,#256,#264,#273));
#245 = ORIENTED_EDGE('',*,*,#246,.F.);
#246 = EDGE_CURVE('',#247,#249,#251,.T.);
#247 = VERTEX_POINT('',#248);
#248 = CARTESIAN_POINT('',(-0.5,6.785301005062,23.));
#249 = VERTEX_POINT('',#250);
#250 = CARTESIAN_POINT('',(-0.5,8.82,16.1));
#251 = CIRCLE('',#252,3.75);
#252 = AXIS2_PLACEMENT_3D('',#253,#254,#255);
#253 = CARTESIAN_POINT('',(-0.5,8.82,19.85));
#254 = DIRECTION('',(1.,0.,-0.));
#255 = DIRECTION('',(0.,0.,1.));
#256 = ORIENTED_EDGE('',*,*,#257,.F.);
#257 = EDGE_CURVE('',#258,#247,#260,.T.);
#258 = VERTEX_POINT('',#259);
#259 = CARTESIAN_POINT('',(-0.5,16.354698994938,23.));
#260 = LINE('',#261,#262);
#261 = CARTESIAN_POINT('',(-0.5,-15.24268892877,23.));
#262 = VECTOR('',#263,1.);
#263 = DIRECTION('',(0.,-1.,0.));
#264 = ORIENTED_EDGE('',*,*,#265,.F.);
#265 = EDGE_CURVE('',#266,#258,#268,.T.);
#266 = VERTEX_POINT('',#267);
#267 = CARTESIAN_POINT('',(-0.5,14.32,16.1));
#268 = CIRCLE('',#269,3.75);
#269 = AXIS2_PLACEMENT_3D('',#270,#271,#272);
#270 = CARTESIAN_POINT('',(-0.5,14.32,19.85));
#271 = DIRECTION('',(1.,0.,-0.));
#272 = DIRECTION('',(0.,0.,1.));
#273 = ORIENTED_EDGE('',*,*,#274,.T.);
#274 = EDGE_CURVE('',#266,#249,#275,.T.);
#275 = LINE('',#276,#277);
#276 = CARTESIAN_POINT('',(-0.5,14.150118552806,16.1));
#277 = VECTOR('',#278,1.);
#278 = DIRECTION('',(0.,-1.,0.));
#279 = PLANE('',#280);
#280 = AXIS2_PLACEMENT_3D('',#281,#282,#283);
#281 = CARTESIAN_POINT('',(-0.5,19.543666797565,17.912250147261));
#282 = DIRECTION('',(1.,0.,0.));
#283 = DIRECTION('',(-0.,0.,1.));
#284 = ADVANCED_FACE('',(#285),#313,.F.);
#285 = FACE_BOUND('',#286,.F.);
#286 = EDGE_LOOP('',(#287,#297,#306));
#287 = ORIENTED_EDGE('',*,*,#288,.F.);
#288 = EDGE_CURVE('',#289,#291,#293,.T.);
#289 = VERTEX_POINT('',#290);
#290 = CARTESIAN_POINT('',(19.72,32.834584349594,8.1));
#291 = VERTEX_POINT('',#292);
#292 = CARTESIAN_POINT('',(19.72,37.105415650406,8.1));
#293 = LINE('',#294,#295);
#294 = CARTESIAN_POINT('',(19.72,26.97,8.1));
#295 = VECTOR('',#296,1.);
#296 = DIRECTION('',(0.,1.,0.));
#297 = ORIENTED_EDGE('',*,*,#298,.T.);
#298 = EDGE_CURVE('',#289,#299,#301,.T.);
#299 = VERTEX_POINT('',#300);
#300 = CARTESIAN_POINT('',(20.52,34.97,8.9));
#301 = ELLIPSE('',#302,4.596194077713,3.25);
#302 = AXIS2_PLACEMENT_3D('',#303,#304,#305);
#303 = CARTESIAN_POINT('',(17.27,34.97,5.65));
#304 = DIRECTION('',(-0.707106781187,0.,0.707106781187));
#305 = DIRECTION('',(0.707106781187,0.,0.707106781187));
#306 = ORIENTED_EDGE('',*,*,#307,.T.);
#307 = EDGE_CURVE('',#299,#291,#308,.T.);
#308 = ELLIPSE('',#309,4.596194077713,3.25);
#309 = AXIS2_PLACEMENT_3D('',#310,#311,#312);
#310 = CARTESIAN_POINT('',(17.27,34.97,5.65));
#311 = DIRECTION('',(-0.707106781187,0.,0.707106781187));
#312 = DIRECTION('',(0.707106781187,0.,0.707106781187));
#313 = PLANE('',#314);
#314 = AXIS2_PLACEMENT_3D('',#315,#316,#317);
#315 = CARTESIAN_POINT('',(20.62,26.97,9.));
#316 = DIRECTION('',(-0.707106781187,0.,0.707106781187));
#317 = DIRECTION('',(-0.707106781187,0.,-0.707106781187));
#318 = ADVANCED_FACE('',(#319),#376,.F.);
#319 = FACE_BOUND('',#320,.F.);
#320 = EDGE_LOOP('',(#321,#329,#330,#338,#346,#354,#362,#370));
#321 = ORIENTED_EDGE('',*,*,#322,.T.);
#322 = EDGE_CURVE('',#323,#289,#325,.T.);
#323 = VERTEX_POINT('',#324);
#324 = CARTESIAN_POINT('',(19.72,32.834584349594,6.2));
#325 = LINE('',#326,#327);
#326 = CARTESIAN_POINT('',(19.72,32.834584349594,6.2));
#327 = VECTOR('',#328,1.);
#328 = DIRECTION('',(0.,0.,1.));
#329 = ORIENTED_EDGE('',*,*,#288,.T.);
#330 = ORIENTED_EDGE('',*,*,#331,.F.);
#331 = EDGE_CURVE('',#332,#291,#334,.T.);
#332 = VERTEX_POINT('',#333);
#333 = CARTESIAN_POINT('',(19.72,37.105415650406,6.2));
#334 = LINE('',#335,#336);
#335 = CARTESIAN_POINT('',(19.72,37.105415650406,6.2));
#336 = VECTOR('',#337,1.);
#337 = DIRECTION('',(0.,0.,1.));
#338 = ORIENTED_EDGE('',*,*,#339,.T.);
#339 = EDGE_CURVE('',#332,#340,#342,.T.);
#340 = VERTEX_POINT('',#341);
#341 = CARTESIAN_POINT('',(19.72,35.467493718553,6.2));
#342 = LINE('',#343,#344);
#343 = CARTESIAN_POINT('',(19.72,30.97,6.2));
#344 = VECTOR('',#345,1.);
#345 = DIRECTION('',(0.,-1.,0.));
#346 = ORIENTED_EDGE('',*,*,#347,.F.);
#347 = EDGE_CURVE('',#348,#340,#350,.T.);
#348 = VERTEX_POINT('',#349);
#349 = CARTESIAN_POINT('',(19.72,35.467493718553,5.6));
#350 = LINE('',#351,#352);
#351 = CARTESIAN_POINT('',(19.72,35.467493718553,5.6));
#352 = VECTOR('',#353,1.);
#353 = DIRECTION('',(0.,0.,1.));
#354 = ORIENTED_EDGE('',*,*,#355,.T.);
#355 = EDGE_CURVE('',#348,#356,#358,.T.);
#356 = VERTEX_POINT('',#357);
#357 = CARTESIAN_POINT('',(19.72,34.472506281447,5.6));
#358 = LINE('',#359,#360);
#359 = CARTESIAN_POINT('',(19.72,30.97,5.6));
#360 = VECTOR('',#361,1.);
#361 = DIRECTION('',(0.,-1.,0.));
#362 = ORIENTED_EDGE('',*,*,#363,.T.);
#363 = EDGE_CURVE('',#356,#364,#366,.T.);
#364 = VERTEX_POINT('',#365);
#365 = CARTESIAN_POINT('',(19.72,34.472506281447,6.2));
#366 = LINE('',#367,#368);
#367 = CARTESIAN_POINT('',(19.72,34.472506281447,5.6));
#368 = VECTOR('',#369,1.);
#369 = DIRECTION('',(0.,0.,1.));
#370 = ORIENTED_EDGE('',*,*,#371,.T.);
#371 = EDGE_CURVE('',#364,#323,#372,.T.);
#372 = LINE('',#373,#374);
#373 = CARTESIAN_POINT('',(19.72,30.97,6.2));
#374 = VECTOR('',#375,1.);
#375 = DIRECTION('',(0.,-1.,0.));
#376 = PLANE('',#377);
#377 = AXIS2_PLACEMENT_3D('',#378,#379,#380);
#378 = CARTESIAN_POINT('',(19.72,26.97,8.1));
#379 = DIRECTION('',(-1.,0.,0.));
#380 = DIRECTION('',(0.,0.,-1.));
#381 = ADVANCED_FACE('',(#382),#409,.F.);
#382 = FACE_BOUND('',#383,.F.);
#383 = EDGE_LOOP('',(#384,#394,#401,#402));
#384 = ORIENTED_EDGE('',*,*,#385,.F.);
#385 = EDGE_CURVE('',#386,#388,#390,.T.);
#386 = VERTEX_POINT('',#387);
#387 = CARTESIAN_POINT('',(19.405415650406,32.52,6.2));
#388 = VERTEX_POINT('',#389);
#389 = CARTESIAN_POINT('',(17.767493718553,32.52,6.2));
#390 = LINE('',#391,#392);
#391 = CARTESIAN_POINT('',(13.27,32.52,6.2));
#392 = VECTOR('',#393,1.);
#393 = DIRECTION('',(-1.,-1.1E-16,0.));
#394 = ORIENTED_EDGE('',*,*,#395,.T.);
#395 = EDGE_CURVE('',#386,#323,#396,.T.);
#396 = CIRCLE('',#397,3.25);
#397 = AXIS2_PLACEMENT_3D('',#398,#399,#400);
#398 = CARTESIAN_POINT('',(17.27,34.97,6.2));
#399 = DIRECTION('',(0.,0.,1.));
#400 = DIRECTION('',(1.,0.,0.));
#401 = ORIENTED_EDGE('',*,*,#371,.F.);
#402 = ORIENTED_EDGE('',*,*,#403,.F.);
#403 = EDGE_CURVE('',#388,#364,#404,.T.);
#404 = CIRCLE('',#405,2.5);
#405 = AXIS2_PLACEMENT_3D('',#406,#407,#408);
#406 = CARTESIAN_POINT('',(17.27,34.97,6.2));
#407 = DIRECTION('',(0.,0.,1.));
#408 = DIRECTION('',(1.,0.,0.));
#409 = PLANE('',#410);
#410 = AXIS2_PLACEMENT_3D('',#411,#412,#413);
#411 = CARTESIAN_POINT('',(17.27,34.97,6.2));
#412 = DIRECTION('',(0.,0.,1.));
#413 = DIRECTION('',(1.,0.,0.));
#414 = ADVANCED_FACE('',(#415),#472,.F.);
#415 = FACE_BOUND('',#416,.F.);
#416 = EDGE_LOOP('',(#417,#427,#435,#443,#449,#450,#458,#466));
#417 = ORIENTED_EDGE('',*,*,#418,.T.);
#418 = EDGE_CURVE('',#419,#421,#423,.T.);
#419 = VERTEX_POINT('',#420);
#420 = CARTESIAN_POINT('',(16.772506281447,32.52,6.2));
#421 = VERTEX_POINT('',#422);
#422 = CARTESIAN_POINT('',(16.435928108889,32.52,6.2));
#423 = LINE('',#424,#425);
#424 = CARTESIAN_POINT('',(13.27,32.52,6.2));
#425 = VECTOR('',#426,1.);
#426 = DIRECTION('',(-1.,-1.1E-16,0.));
#427 = ORIENTED_EDGE('',*,*,#428,.F.);
#428 = EDGE_CURVE('',#429,#421,#431,.T.);
#429 = VERTEX_POINT('',#430);
#430 = CARTESIAN_POINT('',(16.435928108889,32.52,8.1));
#431 = LINE('',#432,#433);
#432 = CARTESIAN_POINT('',(16.435928108889,32.52,8.1));
#433 = VECTOR('',#434,1.);
#434 = DIRECTION('',(0.,0.,-1.));
#435 = ORIENTED_EDGE('',*,*,#436,.T.);
#436 = EDGE_CURVE('',#429,#437,#439,.T.);
#437 = VERTEX_POINT('',#438);
#438 = CARTESIAN_POINT('',(19.405415650406,32.52,8.1));
#439 = LINE('',#440,#441);
#440 = CARTESIAN_POINT('',(9.27,32.52,8.1));
#441 = VECTOR('',#442,1.);
#442 = DIRECTION('',(1.,0.,0.));
#443 = ORIENTED_EDGE('',*,*,#444,.F.);
#444 = EDGE_CURVE('',#386,#437,#445,.T.);
#445 = LINE('',#446,#447);
#446 = CARTESIAN_POINT('',(19.405415650406,32.52,6.2));
#447 = VECTOR('',#448,1.);
#448 = DIRECTION('',(0.,0.,1.));
#449 = ORIENTED_EDGE('',*,*,#385,.T.);
#450 = ORIENTED_EDGE('',*,*,#451,.F.);
#451 = EDGE_CURVE('',#452,#388,#454,.T.);
#452 = VERTEX_POINT('',#453);
#453 = CARTESIAN_POINT('',(17.767493718553,32.52,5.6));
#454 = LINE('',#455,#456);
#455 = CARTESIAN_POINT('',(17.767493718553,32.52,5.6));
#456 = VECTOR('',#457,1.);
#457 = DIRECTION('',(0.,0.,1.));
#458 = ORIENTED_EDGE('',*,*,#459,.T.);
#459 = EDGE_CURVE('',#452,#460,#462,.T.);
#460 = VERTEX_POINT('',#461);
#461 = CARTESIAN_POINT('',(16.772506281447,32.52,5.6));
#462 = LINE('',#463,#464);
#463 = CARTESIAN_POINT('',(13.27,32.52,5.6));
#464 = VECTOR('',#465,1.);
#465 = DIRECTION('',(-1.,-1.1E-16,0.));
#466 = ORIENTED_EDGE('',*,*,#467,.T.);
#467 = EDGE_CURVE('',#460,#419,#468,.T.);
#468 = LINE('',#469,#470);
#469 = CARTESIAN_POINT('',(16.772506281447,32.52,5.6));
#470 = VECTOR('',#471,1.);
#471 = DIRECTION('',(0.,0.,1.));
#472 = PLANE('',#473);
#473 = AXIS2_PLACEMENT_3D('',#474,#475,#476);
#474 = CARTESIAN_POINT('',(9.27,32.52,8.1));
#475 = DIRECTION('',(0.,1.,0.));
#476 = DIRECTION('',(0.,0.,-1.));
#477 = ADVANCED_FACE('',(#478),#496,.F.);
#478 = FACE_BOUND('',#479,.F.);
#479 = EDGE_LOOP('',(#480,#481,#489));
#480 = ORIENTED_EDGE('',*,*,#436,.F.);
#481 = ORIENTED_EDGE('',*,*,#482,.F.);
#482 = EDGE_CURVE('',#483,#429,#485,.T.);
#483 = VERTEX_POINT('',#484);
#484 = CARTESIAN_POINT('',(16.222609642053,31.893399044712,
    8.726600955288));
#485 = LINE('',#486,#487);
#486 = CARTESIAN_POINT('',(16.192003035168,31.803495299402,
    8.816504700598));
#487 = VECTOR('',#488,1.);
#488 = DIRECTION('',(0.234039988548,0.687468284272,-0.687468284272));
#489 = ORIENTED_EDGE('',*,*,#490,.T.);
#490 = EDGE_CURVE('',#483,#437,#491,.T.);
#491 = ELLIPSE('',#492,4.596194077713,3.25);
#492 = AXIS2_PLACEMENT_3D('',#493,#494,#495);
#493 = CARTESIAN_POINT('',(17.27,34.97,5.65));
#494 = DIRECTION('',(-8.E-17,0.707106781187,0.707106781187));
#495 = DIRECTION('',(8.E-17,-0.707106781187,0.707106781187));
#496 = PLANE('',#497);
#497 = AXIS2_PLACEMENT_3D('',#498,#499,#500);
#498 = CARTESIAN_POINT('',(9.27,31.62,9.));
#499 = DIRECTION('',(0.,0.707106781187,0.707106781187));
#500 = DIRECTION('',(0.,0.707106781187,-0.707106781187));
#501 = ADVANCED_FACE('',(#502),#528,.F.);
#502 = FACE_BOUND('',#503,.F.);
#503 = EDGE_LOOP('',(#504,#512,#520,#527));
#504 = ORIENTED_EDGE('',*,*,#505,.F.);
#505 = EDGE_CURVE('',#506,#429,#508,.T.);
#506 = VERTEX_POINT('',#507);
#507 = CARTESIAN_POINT('',(15.33599494565,33.367093151437,8.1));
#508 = LINE('',#509,#510);
#509 = CARTESIAN_POINT('',(9.436878516376,37.910188399198,8.1));
#510 = VECTOR('',#511,1.);
#511 = DIRECTION('',(0.792278994192,-0.610158991871,0.));
#512 = ORIENTED_EDGE('',*,*,#513,.T.);
#513 = EDGE_CURVE('',#506,#514,#516,.T.);
#514 = VERTEX_POINT('',#515);
#515 = CARTESIAN_POINT('',(14.767713141946,32.896100175994,
    8.819900093302));
#516 = LINE('',#517,#518);
#517 = CARTESIAN_POINT('',(14.691522613024,32.832953329335,
    8.916418349777));
#518 = VECTOR('',#519,1.);
#519 = DIRECTION('',(-0.551175649263,-0.456815364044,0.698229995655));
#520 = ORIENTED_EDGE('',*,*,#521,.T.);
#521 = EDGE_CURVE('',#514,#483,#522,.T.);
#522 = ELLIPSE('',#523,4.596194077713,3.25);
#523 = AXIS2_PLACEMENT_3D('',#524,#525,#526);
#524 = CARTESIAN_POINT('',(17.27,34.97,5.65));
#525 = DIRECTION('',(0.431447560754,0.560225849385,0.707106781187));
#526 = DIRECTION('',(-0.431447560754,-0.560225849385,0.707106781187));
#527 = ORIENTED_EDGE('',*,*,#482,.T.);
#528 = PLANE('',#529);
#529 = AXIS2_PLACEMENT_3D('',#530,#531,#532);
#530 = CARTESIAN_POINT('',(8.887735423691,37.197137304425,9.));
#531 = DIRECTION('',(0.431447560754,0.560225849385,0.707106781187));
#532 = DIRECTION('',(0.431447560754,0.560225849385,-0.707106781187));
#533 = ADVANCED_FACE('',(#534),#560,.F.);
#534 = FACE_BOUND('',#535,.F.);
#535 = EDGE_LOOP('',(#536,#544,#552,#559));
#536 = ORIENTED_EDGE('',*,*,#537,.F.);
#537 = EDGE_CURVE('',#538,#506,#540,.T.);
#538 = VERTEX_POINT('',#539);
#539 = CARTESIAN_POINT('',(14.87949543771,34.266708255503,8.1));
#540 = LINE('',#541,#542);
#541 = CARTESIAN_POINT('',(11.465092539772,40.995408648232,8.1));
#542 = VECTOR('',#543,1.);
#543 = DIRECTION('',(0.452512531605,-0.891758043833,0.));
#544 = ORIENTED_EDGE('',*,*,#545,.T.);
#545 = EDGE_CURVE('',#538,#546,#548,.T.);
#546 = VERTEX_POINT('',#547);
#547 = CARTESIAN_POINT('',(14.152133507973,34.052716762446,
    8.845464683886));
#548 = LINE('',#549,#550);
#549 = CARTESIAN_POINT('',(14.056659267972,34.024628029271,
    8.943315109144));
#550 = VECTOR('',#551,1.);
#551 = DIRECTION('',(-0.684073449061,-0.201255926026,0.701098829359));
#552 = ORIENTED_EDGE('',*,*,#553,.T.);
#553 = EDGE_CURVE('',#546,#514,#554,.T.);
#554 = ELLIPSE('',#555,4.596194077713,3.25);
#555 = AXIS2_PLACEMENT_3D('',#556,#557,#558);
#556 = CARTESIAN_POINT('',(17.27,34.97,5.65));
#557 = DIRECTION('',(0.630568159972,0.31997467967,0.707106781187));
#558 = DIRECTION('',(-0.630568159972,-0.31997467967,0.707106781187));
#559 = ORIENTED_EDGE('',*,*,#513,.F.);
#560 = PLANE('',#561);
#561 = AXIS2_PLACEMENT_3D('',#562,#563,#564);
#562 = CARTESIAN_POINT('',(10.662510300322,40.588147369788,9.));
#563 = DIRECTION('',(0.630568159972,0.31997467967,0.707106781187));
#564 = DIRECTION('',(0.630568159972,0.31997467967,-0.707106781187));
#565 = ADVANCED_FACE('',(#566),#584,.F.);
#566 = FACE_BOUND('',#567,.F.);
#567 = EDGE_LOOP('',(#568,#576,#583));
#568 = ORIENTED_EDGE('',*,*,#569,.F.);
#569 = EDGE_CURVE('',#570,#538,#572,.T.);
#570 = VERTEX_POINT('',#571);
#571 = CARTESIAN_POINT('',(14.614028934579,36.84305037296,8.1));
#572 = LINE('',#573,#574);
#573 = CARTESIAN_POINT('',(14.012924298395,42.676747554839,8.1));
#574 = VECTOR('',#575,1.);
#575 = DIRECTION('',(0.102497398,-0.994733272492,0.));
#576 = ORIENTED_EDGE('',*,*,#577,.T.);
#577 = EDGE_CURVE('',#570,#546,#578,.T.);
#578 = ELLIPSE('',#579,4.596194077713,3.25);
#579 = AXIS2_PLACEMENT_3D('',#580,#581,#582);
#580 = CARTESIAN_POINT('',(17.27,34.97,5.65));
#581 = DIRECTION('',(0.703382642451,7.24766051797E-02,0.707106781187));
#582 = DIRECTION('',(-0.703382642451,-7.24766051797E-02,0.707106781187)
  );
#583 = ORIENTED_EDGE('',*,*,#545,.F.);
#584 = PLANE('',#585);
#585 = AXIS2_PLACEMENT_3D('',#586,#587,#588);
#586 = CARTESIAN_POINT('',(13.117664353152,42.584499896639,9.));
#587 = DIRECTION('',(0.703382642451,7.24766051797E-02,0.707106781187));
#588 = DIRECTION('',(0.703382642451,7.24766051797E-02,-0.707106781187));
#589 = ADVANCED_FACE('',(#590),#631,.F.);
#590 = FACE_BOUND('',#591,.F.);
#591 = EDGE_LOOP('',(#592,#602,#608,#609,#617,#625));
#592 = ORIENTED_EDGE('',*,*,#593,.T.);
#593 = EDGE_CURVE('',#594,#596,#598,.T.);
#594 = VERTEX_POINT('',#595);
#595 = CARTESIAN_POINT('',(14.781911670721,35.213754929601,6.2));
#596 = VERTEX_POINT('',#597);
#597 = CARTESIAN_POINT('',(14.614028934579,36.84305037296,6.2));
#598 = LINE('',#599,#600);
#599 = CARTESIAN_POINT('',(14.422913890394,38.697814464869,6.2));
#600 = VECTOR('',#601,1.);
#601 = DIRECTION('',(-0.102497398,0.994733272492,0.));
#602 = ORIENTED_EDGE('',*,*,#603,.T.);
#603 = EDGE_CURVE('',#596,#570,#604,.T.);
#604 = LINE('',#605,#606);
#605 = CARTESIAN_POINT('',(14.614028934579,36.84305037296,6.2));
#606 = VECTOR('',#607,1.);
#607 = DIRECTION('',(0.,0.,1.));
#608 = ORIENTED_EDGE('',*,*,#569,.T.);
#609 = ORIENTED_EDGE('',*,*,#610,.F.);
#610 = EDGE_CURVE('',#611,#538,#613,.T.);
#611 = VERTEX_POINT('',#612);
#612 = CARTESIAN_POINT('',(14.87949543771,34.266708255503,5.6));
#613 = LINE('',#614,#615);
#614 = CARTESIAN_POINT('',(14.87949543771,34.266708255503,8.1));
#615 = VECTOR('',#616,1.);
#616 = DIRECTION('',(0.,0.,1.));
#617 = ORIENTED_EDGE('',*,*,#618,.T.);
#618 = EDGE_CURVE('',#611,#619,#621,.T.);
#619 = VERTEX_POINT('',#620);
#620 = CARTESIAN_POINT('',(14.781911670721,35.213754929601,5.6));
#621 = LINE('',#622,#623);
#622 = CARTESIAN_POINT('',(14.422913890394,38.697814464869,5.6));
#623 = VECTOR('',#624,1.);
#624 = DIRECTION('',(-0.102497398,0.994733272492,0.));
#625 = ORIENTED_EDGE('',*,*,#626,.T.);
#626 = EDGE_CURVE('',#619,#594,#627,.T.);
#627 = LINE('',#628,#629);
#628 = CARTESIAN_POINT('',(14.781911670721,35.213754929601,5.6));
#629 = VECTOR('',#630,1.);
#630 = DIRECTION('',(0.,0.,1.));
#631 = PLANE('',#632);
#632 = AXIS2_PLACEMENT_3D('',#633,#634,#635);
#633 = CARTESIAN_POINT('',(14.012924298395,42.676747554839,8.1));
#634 = DIRECTION('',(0.994733272492,0.102497398,0.));
#635 = DIRECTION('',(0.,-0.,-1.));
#636 = ADVANCED_FACE('',(#637),#672,.F.);
#637 = FACE_BOUND('',#638,.F.);
#638 = EDGE_LOOP('',(#639,#648,#656,#663,#664,#671));
#639 = ORIENTED_EDGE('',*,*,#640,.T.);
#640 = EDGE_CURVE('',#332,#641,#643,.T.);
#641 = VERTEX_POINT('',#642);
#642 = CARTESIAN_POINT('',(18.953478541592,37.75,6.2));
#643 = CIRCLE('',#644,3.25);
#644 = AXIS2_PLACEMENT_3D('',#645,#646,#647);
#645 = CARTESIAN_POINT('',(17.27,34.97,6.2));
#646 = DIRECTION('',(0.,0.,1.));
#647 = DIRECTION('',(1.,0.,0.));
#648 = ORIENTED_EDGE('',*,*,#649,.T.);
#649 = EDGE_CURVE('',#641,#650,#652,.T.);
#650 = VERTEX_POINT('',#651);
#651 = CARTESIAN_POINT('',(15.586521458408,37.75,6.2));
#652 = LINE('',#653,#654);
#653 = CARTESIAN_POINT('',(3.635,37.75,6.2));
#654 = VECTOR('',#655,1.);
#655 = DIRECTION('',(-1.,0.,0.));
#656 = ORIENTED_EDGE('',*,*,#657,.T.);
#657 = EDGE_CURVE('',#650,#596,#658,.T.);
#658 = CIRCLE('',#659,3.25);
#659 = AXIS2_PLACEMENT_3D('',#660,#661,#662);
#660 = CARTESIAN_POINT('',(17.27,34.97,6.2));
#661 = DIRECTION('',(0.,0.,1.));
#662 = DIRECTION('',(1.,0.,0.));
#663 = ORIENTED_EDGE('',*,*,#593,.F.);
#664 = ORIENTED_EDGE('',*,*,#665,.F.);
#665 = EDGE_CURVE('',#340,#594,#666,.T.);
#666 = CIRCLE('',#667,2.5);
#667 = AXIS2_PLACEMENT_3D('',#668,#669,#670);
#668 = CARTESIAN_POINT('',(17.27,34.97,6.2));
#669 = DIRECTION('',(0.,0.,1.));
#670 = DIRECTION('',(1.,0.,0.));
#671 = ORIENTED_EDGE('',*,*,#339,.F.);
#672 = PLANE('',#673);
#673 = AXIS2_PLACEMENT_3D('',#674,#675,#676);
#674 = CARTESIAN_POINT('',(17.27,34.97,6.2));
#675 = DIRECTION('',(0.,0.,1.));
#676 = DIRECTION('',(1.,0.,0.));
#677 = ADVANCED_FACE('',(#678),#703,.F.);
#678 = FACE_BOUND('',#679,.F.);
#679 = EDGE_LOOP('',(#680,#688,#696,#702));
#680 = ORIENTED_EDGE('',*,*,#681,.F.);
#681 = EDGE_CURVE('',#682,#231,#684,.T.);
#682 = VERTEX_POINT('',#683);
#683 = CARTESIAN_POINT('',(-2.866246067202,36.03,11.96));
#684 = LINE('',#685,#686);
#685 = CARTESIAN_POINT('',(-3.2,36.03,11.96));
#686 = VECTOR('',#687,1.);
#687 = DIRECTION('',(1.,0.,0.));
#688 = ORIENTED_EDGE('',*,*,#689,.T.);
#689 = EDGE_CURVE('',#682,#690,#692,.T.);
#690 = VERTEX_POINT('',#691);
#691 = CARTESIAN_POINT('',(-2.866246067202,36.03,15.6));
#692 = LINE('',#693,#694);
#693 = CARTESIAN_POINT('',(-2.866246067202,36.03,11.96));
#694 = VECTOR('',#695,1.);
#695 = DIRECTION('',(0.,0.,1.));
#696 = ORIENTED_EDGE('',*,*,#697,.T.);
#697 = EDGE_CURVE('',#690,#223,#698,.T.);
#698 = LINE('',#699,#700);
#699 = CARTESIAN_POINT('',(-3.2,36.03,15.6));
#700 = VECTOR('',#701,1.);
#701 = DIRECTION('',(1.,0.,0.));
#702 = ORIENTED_EDGE('',*,*,#230,.T.);
#703 = PLANE('',#704);
#704 = AXIS2_PLACEMENT_3D('',#705,#706,#707);
#705 = CARTESIAN_POINT('',(-3.2,36.03,11.96));
#706 = DIRECTION('',(0.,1.,0.));
#707 = DIRECTION('',(0.,0.,1.));
#708 = ADVANCED_FACE('',(#709),#1020,.T.);
#709 = FACE_BOUND('',#710,.T.);
#710 = EDGE_LOOP('',(#711,#722,#731,#740,#749,#757,#766,#774,#782,#790,
    #799,#807,#816,#824,#832,#841,#850,#859,#866,#867,#868,#877,#886,
    #895,#904,#912,#921,#930,#939,#947,#955,#963,#971,#979,#987,#996,
    #1004,#1013));
#711 = ORIENTED_EDGE('',*,*,#712,.T.);
#712 = EDGE_CURVE('',#713,#715,#717,.T.);
#713 = VERTEX_POINT('',#714);
#714 = CARTESIAN_POINT('',(67.15,36.65,11.96));
#715 = VERTEX_POINT('',#716);
#716 = CARTESIAN_POINT('',(66.855,37.509636551107,11.96));
#717 = CIRCLE('',#718,1.4);
#718 = AXIS2_PLACEMENT_3D('',#719,#720,#721);
#719 = CARTESIAN_POINT('',(65.75,36.65,11.96));
#720 = DIRECTION('',(0.,0.,1.));
#721 = DIRECTION('',(1.,0.,0.));
#722 = ORIENTED_EDGE('',*,*,#723,.T.);
#723 = EDGE_CURVE('',#715,#724,#726,.T.);
#724 = VERTEX_POINT('',#725);
#725 = CARTESIAN_POINT('',(66.616025403784,37.75,11.96));
#726 = CIRCLE('',#727,1.4);
#727 = AXIS2_PLACEMENT_3D('',#728,#729,#730);
#728 = CARTESIAN_POINT('',(65.75,36.65,11.96));
#729 = DIRECTION('',(0.,0.,1.));
#730 = DIRECTION('',(1.,0.,0.));
#731 = ORIENTED_EDGE('',*,*,#732,.T.);
#732 = EDGE_CURVE('',#724,#733,#735,.T.);
#733 = VERTEX_POINT('',#734);
#734 = CARTESIAN_POINT('',(65.106608451393,37.893401510044,11.96));
#735 = CIRCLE('',#736,1.4);
#736 = AXIS2_PLACEMENT_3D('',#737,#738,#739);
#737 = CARTESIAN_POINT('',(65.75,36.65,11.96));
#738 = DIRECTION('',(0.,0.,1.));
#739 = DIRECTION('',(1.,0.,0.));
#740 = ORIENTED_EDGE('',*,*,#741,.T.);
#741 = EDGE_CURVE('',#733,#742,#744,.T.);
#742 = VERTEX_POINT('',#743);
#743 = CARTESIAN_POINT('',(64.883974596216,37.75,11.96));
#744 = CIRCLE('',#745,1.4);
#745 = AXIS2_PLACEMENT_3D('',#746,#747,#748);
#746 = CARTESIAN_POINT('',(65.75,36.65,11.96));
#747 = DIRECTION('',(0.,0.,1.));
#748 = DIRECTION('',(1.,0.,0.));
#749 = ORIENTED_EDGE('',*,*,#750,.F.);
#750 = EDGE_CURVE('',#751,#742,#753,.T.);
#751 = VERTEX_POINT('',#752);
#752 = CARTESIAN_POINT('',(62.453258596797,37.75,11.96));
#753 = LINE('',#754,#755);
#754 = CARTESIAN_POINT('',(-10.,37.75,11.96));
#755 = VECTOR('',#756,1.);
#756 = DIRECTION('',(1.,0.,0.));
#757 = ORIENTED_EDGE('',*,*,#758,.T.);
#758 = EDGE_CURVE('',#751,#759,#761,.T.);
#759 = VERTEX_POINT('',#760);
#760 = CARTESIAN_POINT('',(61.94,37.42173769149,11.96));
#761 = CIRCLE('',#762,3.25);
#762 = AXIS2_PLACEMENT_3D('',#763,#764,#765);
#763 = CARTESIAN_POINT('',(63.94,34.86,11.96));
#764 = DIRECTION('',(0.,0.,1.));
#765 = DIRECTION('',(1.,0.,0.));
#766 = ORIENTED_EDGE('',*,*,#767,.T.);
#767 = EDGE_CURVE('',#759,#768,#770,.T.);
#768 = VERTEX_POINT('',#769);
#769 = CARTESIAN_POINT('',(61.94,38.05,11.96));
#770 = LINE('',#771,#772);
#771 = CARTESIAN_POINT('',(61.94,36.85,11.96));
#772 = VECTOR('',#773,1.);
#773 = DIRECTION('',(0.,1.,0.));
#774 = ORIENTED_EDGE('',*,*,#775,.F.);
#775 = EDGE_CURVE('',#776,#768,#778,.T.);
#776 = VERTEX_POINT('',#777);
#777 = CARTESIAN_POINT('',(19.27,38.05,11.96));
#778 = LINE('',#779,#780);
#779 = CARTESIAN_POINT('',(-50.25,38.05,11.96));
#780 = VECTOR('',#781,1.);
#781 = DIRECTION('',(1.,0.,0.));
#782 = ORIENTED_EDGE('',*,*,#783,.F.);
#783 = EDGE_CURVE('',#784,#776,#786,.T.);
#784 = VERTEX_POINT('',#785);
#785 = CARTESIAN_POINT('',(19.27,37.53173769149,11.96));
#786 = LINE('',#787,#788);
#787 = CARTESIAN_POINT('',(19.27,36.85,11.96));
#788 = VECTOR('',#789,1.);
#789 = DIRECTION('',(0.,1.,0.));
#790 = ORIENTED_EDGE('',*,*,#791,.T.);
#791 = EDGE_CURVE('',#784,#792,#794,.T.);
#792 = VERTEX_POINT('',#793);
#793 = CARTESIAN_POINT('',(18.953478541592,37.75,11.96));
#794 = CIRCLE('',#795,3.25);
#795 = AXIS2_PLACEMENT_3D('',#796,#797,#798);
#796 = CARTESIAN_POINT('',(17.27,34.97,11.96));
#797 = DIRECTION('',(0.,0.,1.));
#798 = DIRECTION('',(1.,0.,0.));
#799 = ORIENTED_EDGE('',*,*,#800,.F.);
#800 = EDGE_CURVE('',#801,#792,#803,.T.);
#801 = VERTEX_POINT('',#802);
#802 = CARTESIAN_POINT('',(15.586521458408,37.75,11.96));
#803 = LINE('',#804,#805);
#804 = CARTESIAN_POINT('',(-10.,37.75,11.96));
#805 = VECTOR('',#806,1.);
#806 = DIRECTION('',(1.,0.,0.));
#807 = ORIENTED_EDGE('',*,*,#808,.T.);
#808 = EDGE_CURVE('',#801,#809,#811,.T.);
#809 = VERTEX_POINT('',#810);
#810 = CARTESIAN_POINT('',(15.27,37.53173769149,11.96));
#811 = CIRCLE('',#812,3.25);
#812 = AXIS2_PLACEMENT_3D('',#813,#814,#815);
#813 = CARTESIAN_POINT('',(17.27,34.97,11.96));
#814 = DIRECTION('',(0.,0.,1.));
#815 = DIRECTION('',(1.,0.,0.));
#816 = ORIENTED_EDGE('',*,*,#817,.T.);
#817 = EDGE_CURVE('',#809,#818,#820,.T.);
#818 = VERTEX_POINT('',#819);
#819 = CARTESIAN_POINT('',(15.27,38.05,11.96));
#820 = LINE('',#821,#822);
#821 = CARTESIAN_POINT('',(15.27,36.85,11.96));
#822 = VECTOR('',#823,1.);
#823 = DIRECTION('',(0.,1.,0.));
#824 = ORIENTED_EDGE('',*,*,#825,.F.);
#825 = EDGE_CURVE('',#826,#818,#828,.T.);
#826 = VERTEX_POINT('',#827);
#827 = CARTESIAN_POINT('',(0.9,38.05,11.96));
#828 = LINE('',#829,#830);
#829 = CARTESIAN_POINT('',(-50.25,38.05,11.96));
#830 = VECTOR('',#831,1.);
#831 = DIRECTION('',(1.,0.,0.));
#832 = ORIENTED_EDGE('',*,*,#833,.T.);
#833 = EDGE_CURVE('',#826,#834,#836,.T.);
#834 = VERTEX_POINT('',#835);
#835 = CARTESIAN_POINT('',(3.397459621564E-02,37.75,11.96));
#836 = CIRCLE('',#837,1.4);
#837 = AXIS2_PLACEMENT_3D('',#838,#839,#840);
#838 = CARTESIAN_POINT('',(0.9,36.65,11.96));
#839 = DIRECTION('',(0.,0.,1.));
#840 = DIRECTION('',(-1.,0.,0.));
#841 = ORIENTED_EDGE('',*,*,#842,.T.);
#842 = EDGE_CURVE('',#834,#843,#845,.T.);
#843 = VERTEX_POINT('',#844);
#844 = CARTESIAN_POINT('',(-0.2,37.516025403784,11.96));
#845 = CIRCLE('',#846,1.4);
#846 = AXIS2_PLACEMENT_3D('',#847,#848,#849);
#847 = CARTESIAN_POINT('',(0.9,36.65,11.96));
#848 = DIRECTION('',(0.,0.,1.));
#849 = DIRECTION('',(-1.,0.,0.));
#850 = ORIENTED_EDGE('',*,*,#851,.T.);
#851 = EDGE_CURVE('',#843,#852,#854,.T.);
#852 = VERTEX_POINT('',#853);
#853 = CARTESIAN_POINT('',(-0.447442021016,37.03,11.96));
#854 = CIRCLE('',#855,1.4);
#855 = AXIS2_PLACEMENT_3D('',#856,#857,#858);
#856 = CARTESIAN_POINT('',(0.9,36.65,11.96));
#857 = DIRECTION('',(0.,0.,1.));
#858 = DIRECTION('',(-1.,0.,0.));
#859 = ORIENTED_EDGE('',*,*,#860,.T.);
#860 = EDGE_CURVE('',#852,#190,#861,.T.);
#861 = CIRCLE('',#862,1.4);
#862 = AXIS2_PLACEMENT_3D('',#863,#864,#865);
#863 = CARTESIAN_POINT('',(0.9,36.65,11.96));
#864 = DIRECTION('',(0.,0.,1.));
#865 = DIRECTION('',(1.,0.,0.));
#866 = ORIENTED_EDGE('',*,*,#238,.F.);
#867 = ORIENTED_EDGE('',*,*,#681,.F.);
#868 = ORIENTED_EDGE('',*,*,#869,.F.);
#869 = EDGE_CURVE('',#870,#682,#872,.T.);
#870 = VERTEX_POINT('',#871);
#871 = CARTESIAN_POINT('',(-2.643795948394,37.03,11.96));
#872 = CIRCLE('',#873,5.);
#873 = AXIS2_PLACEMENT_3D('',#874,#875,#876);
#874 = CARTESIAN_POINT('',(2.1,35.45,11.96));
#875 = DIRECTION('',(0.,0.,1.));
#876 = DIRECTION('',(1.,0.,0.));
#877 = ORIENTED_EDGE('',*,*,#878,.F.);
#878 = EDGE_CURVE('',#879,#870,#881,.T.);
#879 = VERTEX_POINT('',#880);
#880 = CARTESIAN_POINT('',(-2.339594576085,37.75,11.96));
#881 = CIRCLE('',#882,5.);
#882 = AXIS2_PLACEMENT_3D('',#883,#884,#885);
#883 = CARTESIAN_POINT('',(2.1,35.45,11.96));
#884 = DIRECTION('',(0.,0.,1.));
#885 = DIRECTION('',(-1.,0.,0.));
#886 = ORIENTED_EDGE('',*,*,#887,.F.);
#887 = EDGE_CURVE('',#888,#879,#890,.T.);
#888 = VERTEX_POINT('',#889);
#889 = CARTESIAN_POINT('',(-0.2,39.889594576085,11.96));
#890 = CIRCLE('',#891,5.);
#891 = AXIS2_PLACEMENT_3D('',#892,#893,#894);
#892 = CARTESIAN_POINT('',(2.1,35.45,11.96));
#893 = DIRECTION('',(0.,0.,1.));
#894 = DIRECTION('',(-1.,0.,0.));
#895 = ORIENTED_EDGE('',*,*,#896,.F.);
#896 = EDGE_CURVE('',#897,#888,#899,.T.);
#897 = VERTEX_POINT('',#898);
#898 = CARTESIAN_POINT('',(2.1,40.45,11.96));
#899 = CIRCLE('',#900,5.);
#900 = AXIS2_PLACEMENT_3D('',#901,#902,#903);
#901 = CARTESIAN_POINT('',(2.1,35.45,11.96));
#902 = DIRECTION('',(0.,0.,1.));
#903 = DIRECTION('',(-1.,0.,0.));
#904 = ORIENTED_EDGE('',*,*,#905,.T.);
#905 = EDGE_CURVE('',#897,#906,#908,.T.);
#906 = VERTEX_POINT('',#907);
#907 = CARTESIAN_POINT('',(64.55,40.45,11.96));
#908 = LINE('',#909,#910);
#909 = CARTESIAN_POINT('',(-51.45,40.45,11.96));
#910 = VECTOR('',#911,1.);
#911 = DIRECTION('',(1.,0.,0.));
#912 = ORIENTED_EDGE('',*,*,#913,.F.);
#913 = EDGE_CURVE('',#914,#906,#916,.T.);
#914 = VERTEX_POINT('',#915);
#915 = CARTESIAN_POINT('',(66.855,39.887000676132,11.96));
#916 = CIRCLE('',#917,5.);
#917 = AXIS2_PLACEMENT_3D('',#918,#919,#920);
#918 = CARTESIAN_POINT('',(64.55,35.45,11.96));
#919 = DIRECTION('',(0.,0.,1.));
#920 = DIRECTION('',(1.,0.,0.));
#921 = ORIENTED_EDGE('',*,*,#922,.F.);
#922 = EDGE_CURVE('',#923,#914,#925,.T.);
#923 = VERTEX_POINT('',#924);
#924 = CARTESIAN_POINT('',(68.989594576085,37.75,11.96));
#925 = CIRCLE('',#926,5.);
#926 = AXIS2_PLACEMENT_3D('',#927,#928,#929);
#927 = CARTESIAN_POINT('',(64.55,35.45,11.96));
#928 = DIRECTION('',(0.,0.,1.));
#929 = DIRECTION('',(1.,0.,0.));
#930 = ORIENTED_EDGE('',*,*,#931,.F.);
#931 = EDGE_CURVE('',#932,#923,#934,.T.);
#932 = VERTEX_POINT('',#933);
#933 = CARTESIAN_POINT('',(69.55,35.45,11.96));
#934 = CIRCLE('',#935,5.);
#935 = AXIS2_PLACEMENT_3D('',#936,#937,#938);
#936 = CARTESIAN_POINT('',(64.55,35.45,11.96));
#937 = DIRECTION('',(0.,0.,1.));
#938 = DIRECTION('',(1.,0.,0.));
#939 = ORIENTED_EDGE('',*,*,#940,.T.);
#940 = EDGE_CURVE('',#932,#941,#943,.T.);
#941 = VERTEX_POINT('',#942);
#942 = CARTESIAN_POINT('',(69.55,33.38,11.96));
#943 = LINE('',#944,#945);
#944 = CARTESIAN_POINT('',(69.55,-51.45,11.96));
#945 = VECTOR('',#946,1.);
#946 = DIRECTION('',(0.,-1.,0.));
#947 = ORIENTED_EDGE('',*,*,#948,.F.);
#948 = EDGE_CURVE('',#949,#941,#951,.T.);
#949 = VERTEX_POINT('',#950);
#950 = CARTESIAN_POINT('',(68.35,33.38,11.96));
#951 = LINE('',#952,#953);
#952 = CARTESIAN_POINT('',(68.35,33.38,11.96));
#953 = VECTOR('',#954,1.);
#954 = DIRECTION('',(1.,0.,0.));
#955 = ORIENTED_EDGE('',*,*,#956,.T.);
#956 = EDGE_CURVE('',#949,#957,#959,.T.);
#957 = VERTEX_POINT('',#958);
#958 = CARTESIAN_POINT('',(68.35,30.98,11.96));
#959 = LINE('',#960,#961);
#960 = CARTESIAN_POINT('',(68.35,32.708807812766,11.96));
#961 = VECTOR('',#962,1.);
#962 = DIRECTION('',(0.,-1.,0.));
#963 = ORIENTED_EDGE('',*,*,#964,.F.);
#964 = EDGE_CURVE('',#965,#957,#967,.T.);
#965 = VERTEX_POINT('',#966);
#966 = CARTESIAN_POINT('',(67.15,30.98,11.96));
#967 = LINE('',#968,#969);
#968 = CARTESIAN_POINT('',(67.,30.98,11.96));
#969 = VECTOR('',#970,1.);
#970 = DIRECTION('',(1.,0.,0.));
#971 = ORIENTED_EDGE('',*,*,#972,.F.);
#972 = EDGE_CURVE('',#973,#965,#975,.T.);
#973 = VERTEX_POINT('',#974);
#974 = CARTESIAN_POINT('',(67.15,32.86,11.96));
#975 = LINE('',#976,#977);
#976 = CARTESIAN_POINT('',(67.15,-50.25,11.96));
#977 = VECTOR('',#978,1.);
#978 = DIRECTION('',(0.,-1.,0.));
#979 = ORIENTED_EDGE('',*,*,#980,.F.);
#980 = EDGE_CURVE('',#981,#973,#983,.T.);
#981 = VERTEX_POINT('',#982);
#982 = CARTESIAN_POINT('',(66.50173769149,32.86,11.96));
#983 = LINE('',#984,#985);
#984 = CARTESIAN_POINT('',(65.9,32.86,11.96));
#985 = VECTOR('',#986,1.);
#986 = DIRECTION('',(1.,0.,0.));
#987 = ORIENTED_EDGE('',*,*,#988,.T.);
#988 = EDGE_CURVE('',#981,#989,#991,.T.);
#989 = VERTEX_POINT('',#990);
#990 = CARTESIAN_POINT('',(66.855,33.422893532128,11.96));
#991 = CIRCLE('',#992,3.25);
#992 = AXIS2_PLACEMENT_3D('',#993,#994,#995);
#993 = CARTESIAN_POINT('',(63.94,34.86,11.96));
#994 = DIRECTION('',(0.,0.,1.));
#995 = DIRECTION('',(1.,0.,0.));
#996 = ORIENTED_EDGE('',*,*,#997,.T.);
#997 = EDGE_CURVE('',#989,#998,#1000,.T.);
#998 = VERTEX_POINT('',#999);
#999 = CARTESIAN_POINT('',(66.855,35.790363448893,11.96));
#1000 = LINE('',#1001,#1002);
#1001 = CARTESIAN_POINT('',(66.855,-10.,11.96));
#1002 = VECTOR('',#1003,1.);
#1003 = DIRECTION('',(0.,1.,0.));
#1004 = ORIENTED_EDGE('',*,*,#1005,.T.);
#1005 = EDGE_CURVE('',#998,#1006,#1008,.T.);
#1006 = VERTEX_POINT('',#1007);
#1007 = CARTESIAN_POINT('',(66.986176184884,35.992833019754,11.96));
#1008 = CIRCLE('',#1009,1.4);
#1009 = AXIS2_PLACEMENT_3D('',#1010,#1011,#1012);
#1010 = CARTESIAN_POINT('',(65.75,36.65,11.96));
#1011 = DIRECTION('',(0.,0.,1.));
#1012 = DIRECTION('',(1.,0.,0.));
#1013 = ORIENTED_EDGE('',*,*,#1014,.T.);
#1014 = EDGE_CURVE('',#1006,#713,#1015,.T.);
#1015 = CIRCLE('',#1016,1.4);
#1016 = AXIS2_PLACEMENT_3D('',#1017,#1018,#1019);
#1017 = CARTESIAN_POINT('',(65.75,36.65,11.96));
#1018 = DIRECTION('',(0.,0.,1.));
#1019 = DIRECTION('',(1.,0.,0.));
#1020 = PLANE('',#1021);
#1021 = AXIS2_PLACEMENT_3D('',#1022,#1023,#1024);
#1022 = CARTESIAN_POINT('',(35.639445407769,38.567972631837,11.96));
#1023 = DIRECTION('',(-0.,-0.,-1.));
#1024 = DIRECTION('',(-1.,0.,0.));
#1025 = ADVANCED_FACE('',(#1026),#1053,.F.);
#1026 = FACE_BOUND('',#1027,.F.);
#1027 = EDGE_LOOP('',(#1028,#1029,#1038,#1046,#1052));
#1028 = ORIENTED_EDGE('',*,*,#697,.F.);
#1029 = ORIENTED_EDGE('',*,*,#1030,.T.);
#1030 = EDGE_CURVE('',#690,#1031,#1033,.T.);
#1031 = VERTEX_POINT('',#1032);
#1032 = CARTESIAN_POINT('',(-2.9,35.45,15.6));
#1033 = CIRCLE('',#1034,5.);
#1034 = AXIS2_PLACEMENT_3D('',#1035,#1036,#1037);
#1035 = CARTESIAN_POINT('',(2.1,35.45,15.6));
#1036 = DIRECTION('',(0.,0.,1.));
#1037 = DIRECTION('',(-1.,0.,0.));
#1038 = ORIENTED_EDGE('',*,*,#1039,.T.);
#1039 = EDGE_CURVE('',#1031,#1040,#1042,.T.);
#1040 = VERTEX_POINT('',#1041);
#1041 = CARTESIAN_POINT('',(-2.9,23.03,15.6));
#1042 = LINE('',#1043,#1044);
#1043 = CARTESIAN_POINT('',(-2.9,9.565,15.6));
#1044 = VECTOR('',#1045,1.);
#1045 = DIRECTION('',(0.,-1.,0.));
#1046 = ORIENTED_EDGE('',*,*,#1047,.T.);
#1047 = EDGE_CURVE('',#1040,#215,#1048,.T.);
#1048 = LINE('',#1049,#1050);
#1049 = CARTESIAN_POINT('',(-2.9,23.03,15.6));
#1050 = VECTOR('',#1051,1.);
#1051 = DIRECTION('',(1.,0.,0.));
#1052 = ORIENTED_EDGE('',*,*,#222,.F.);
#1053 = PLANE('',#1054);
#1054 = AXIS2_PLACEMENT_3D('',#1055,#1056,#1057);
#1055 = CARTESIAN_POINT('',(-6.,22.03,15.6));
#1056 = DIRECTION('',(0.,0.,1.));
#1057 = DIRECTION('',(1.,0.,0.));
#1058 = ADVANCED_FACE('',(#1059),#1092,.T.);
#1059 = FACE_BOUND('',#1060,.T.);
#1060 = EDGE_LOOP('',(#1061,#1069,#1077,#1085,#1091));
#1061 = ORIENTED_EDGE('',*,*,#1062,.T.);
#1062 = EDGE_CURVE('',#742,#1063,#1065,.T.);
#1063 = VERTEX_POINT('',#1064);
#1064 = CARTESIAN_POINT('',(65.426741403204,37.75,11.96));
#1065 = LINE('',#1066,#1067);
#1066 = CARTESIAN_POINT('',(-10.,37.75,11.96));
#1067 = VECTOR('',#1068,1.);
#1068 = DIRECTION('',(1.,0.,0.));
#1069 = ORIENTED_EDGE('',*,*,#1070,.F.);
#1070 = EDGE_CURVE('',#1071,#1063,#1073,.T.);
#1071 = VERTEX_POINT('',#1072);
#1072 = CARTESIAN_POINT('',(65.426741403204,37.75,6.2));
#1073 = LINE('',#1074,#1075);
#1074 = CARTESIAN_POINT('',(65.426741403204,37.75,6.2));
#1075 = VECTOR('',#1076,1.);
#1076 = DIRECTION('',(0.,0.,1.));
#1077 = ORIENTED_EDGE('',*,*,#1078,.T.);
#1078 = EDGE_CURVE('',#1071,#1079,#1081,.T.);
#1079 = VERTEX_POINT('',#1080);
#1080 = CARTESIAN_POINT('',(62.453258596796,37.75,6.2));
#1081 = LINE('',#1082,#1083);
#1082 = CARTESIAN_POINT('',(26.97,37.75,6.2));
#1083 = VECTOR('',#1084,1.);
#1084 = DIRECTION('',(-1.,0.,0.));
#1085 = ORIENTED_EDGE('',*,*,#1086,.T.);
#1086 = EDGE_CURVE('',#1079,#751,#1087,.T.);
#1087 = LINE('',#1088,#1089);
#1088 = CARTESIAN_POINT('',(62.453258596796,37.75,6.2));
#1089 = VECTOR('',#1090,1.);
#1090 = DIRECTION('',(0.,0.,1.));
#1091 = ORIENTED_EDGE('',*,*,#750,.T.);
#1092 = PLANE('',#1093);
#1093 = AXIS2_PLACEMENT_3D('',#1094,#1095,#1096);
#1094 = CARTESIAN_POINT('',(-10.,37.75,5.55));
#1095 = DIRECTION('',(0.,1.,0.));
#1096 = DIRECTION('',(0.,0.,1.));
#1097 = ADVANCED_FACE('',(#1098),#1114,.T.);
#1098 = FACE_BOUND('',#1099,.T.);
#1099 = EDGE_LOOP('',(#1100,#1106,#1107,#1113));
#1100 = ORIENTED_EDGE('',*,*,#1101,.T.);
#1101 = EDGE_CURVE('',#650,#801,#1102,.T.);
#1102 = LINE('',#1103,#1104);
#1103 = CARTESIAN_POINT('',(15.586521458408,37.75,6.2));
#1104 = VECTOR('',#1105,1.);
#1105 = DIRECTION('',(0.,0.,1.));
#1106 = ORIENTED_EDGE('',*,*,#800,.T.);
#1107 = ORIENTED_EDGE('',*,*,#1108,.F.);
#1108 = EDGE_CURVE('',#641,#792,#1109,.T.);
#1109 = LINE('',#1110,#1111);
#1110 = CARTESIAN_POINT('',(18.953478541592,37.75,6.2));
#1111 = VECTOR('',#1112,1.);
#1112 = DIRECTION('',(0.,0.,1.));
#1113 = ORIENTED_EDGE('',*,*,#649,.T.);
#1114 = PLANE('',#1115);
#1115 = AXIS2_PLACEMENT_3D('',#1116,#1117,#1118);
#1116 = CARTESIAN_POINT('',(-10.,37.75,5.55));
#1117 = DIRECTION('',(0.,1.,0.));
#1118 = DIRECTION('',(0.,0.,1.));
#1119 = ADVANCED_FACE('',(#1120),#1192,.F.);
#1120 = FACE_BOUND('',#1121,.F.);
#1121 = EDGE_LOOP('',(#1122,#1132,#1141,#1150,#1159,#1168,#1175,#1176,
    #1185));
#1122 = ORIENTED_EDGE('',*,*,#1123,.T.);
#1123 = EDGE_CURVE('',#1124,#1126,#1128,.T.);
#1124 = VERTEX_POINT('',#1125);
#1125 = CARTESIAN_POINT('',(68.35,21.38,11.96));
#1126 = VERTEX_POINT('',#1127);
#1127 = CARTESIAN_POINT('',(69.55,21.38,11.96));
#1128 = LINE('',#1129,#1130);
#1129 = CARTESIAN_POINT('',(68.35,21.38,11.96));
#1130 = VECTOR('',#1131,1.);
#1131 = DIRECTION('',(1.,0.,0.));
#1132 = ORIENTED_EDGE('',*,*,#1133,.F.);
#1133 = EDGE_CURVE('',#1134,#1126,#1136,.T.);
#1134 = VERTEX_POINT('',#1135);
#1135 = CARTESIAN_POINT('',(69.55,25.632888097459,17.7));
#1136 = CIRCLE('',#1137,6.);
#1137 = AXIS2_PLACEMENT_3D('',#1138,#1139,#1140);
#1138 = CARTESIAN_POINT('',(69.55,27.38,11.96));
#1139 = DIRECTION('',(1.,0.,-0.));
#1140 = DIRECTION('',(0.,0.,1.));
#1141 = ORIENTED_EDGE('',*,*,#1142,.F.);
#1142 = EDGE_CURVE('',#1143,#1134,#1145,.T.);
#1143 = VERTEX_POINT('',#1144);
#1144 = CARTESIAN_POINT('',(69.55,27.38,17.96));
#1145 = CIRCLE('',#1146,6.);
#1146 = AXIS2_PLACEMENT_3D('',#1147,#1148,#1149);
#1147 = CARTESIAN_POINT('',(69.55,27.38,11.96));
#1148 = DIRECTION('',(1.,0.,-0.));
#1149 = DIRECTION('',(0.,0.,1.));
#1150 = ORIENTED_EDGE('',*,*,#1151,.F.);
#1151 = EDGE_CURVE('',#1152,#1143,#1154,.T.);
#1152 = VERTEX_POINT('',#1153);
#1153 = CARTESIAN_POINT('',(69.55,29.127111902541,17.7));
#1154 = CIRCLE('',#1155,6.);
#1155 = AXIS2_PLACEMENT_3D('',#1156,#1157,#1158);
#1156 = CARTESIAN_POINT('',(69.55,27.38,11.96));
#1157 = DIRECTION('',(1.,0.,-0.));
#1158 = DIRECTION('',(0.,0.,1.));
#1159 = ORIENTED_EDGE('',*,*,#1160,.F.);
#1160 = EDGE_CURVE('',#1161,#1152,#1163,.T.);
#1161 = VERTEX_POINT('',#1162);
#1162 = CARTESIAN_POINT('',(69.55,33.1,13.771518699876));
#1163 = CIRCLE('',#1164,6.);
#1164 = AXIS2_PLACEMENT_3D('',#1165,#1166,#1167);
#1165 = CARTESIAN_POINT('',(69.55,27.38,11.96));
#1166 = DIRECTION('',(1.,0.,-0.));
#1167 = DIRECTION('',(0.,0.,1.));
#1168 = ORIENTED_EDGE('',*,*,#1169,.F.);
#1169 = EDGE_CURVE('',#941,#1161,#1170,.T.);
#1170 = CIRCLE('',#1171,6.);
#1171 = AXIS2_PLACEMENT_3D('',#1172,#1173,#1174);
#1172 = CARTESIAN_POINT('',(69.55,27.38,11.96));
#1173 = DIRECTION('',(1.,0.,-0.));
#1174 = DIRECTION('',(0.,0.,1.));
#1175 = ORIENTED_EDGE('',*,*,#948,.F.);
#1176 = ORIENTED_EDGE('',*,*,#1177,.T.);
#1177 = EDGE_CURVE('',#949,#1178,#1180,.T.);
#1178 = VERTEX_POINT('',#1179);
#1179 = CARTESIAN_POINT('',(68.35,27.38,17.96));
#1180 = CIRCLE('',#1181,6.);
#1181 = AXIS2_PLACEMENT_3D('',#1182,#1183,#1184);
#1182 = CARTESIAN_POINT('',(68.35,27.38,11.96));
#1183 = DIRECTION('',(1.,0.,-0.));
#1184 = DIRECTION('',(0.,0.,1.));
#1185 = ORIENTED_EDGE('',*,*,#1186,.T.);
#1186 = EDGE_CURVE('',#1178,#1124,#1187,.T.);
#1187 = CIRCLE('',#1188,6.);
#1188 = AXIS2_PLACEMENT_3D('',#1189,#1190,#1191);
#1189 = CARTESIAN_POINT('',(68.35,27.38,11.96));
#1190 = DIRECTION('',(1.,0.,-0.));
#1191 = DIRECTION('',(0.,0.,1.));
#1192 = CYLINDRICAL_SURFACE('',#1193,6.);
#1193 = AXIS2_PLACEMENT_3D('',#1194,#1195,#1196);
#1194 = CARTESIAN_POINT('',(68.35,27.38,11.96));
#1195 = DIRECTION('',(1.,0.,0.));
#1196 = DIRECTION('',(0.,0.,1.));
#1197 = ADVANCED_FACE('',(#1198),#1227,.T.);
#1198 = FACE_BOUND('',#1199,.T.);
#1199 = EDGE_LOOP('',(#1200,#1201,#1202,#1203,#1211,#1220));
#1200 = ORIENTED_EDGE('',*,*,#956,.F.);
#1201 = ORIENTED_EDGE('',*,*,#1177,.T.);
#1202 = ORIENTED_EDGE('',*,*,#1186,.T.);
#1203 = ORIENTED_EDGE('',*,*,#1204,.T.);
#1204 = EDGE_CURVE('',#1124,#1205,#1207,.T.);
#1205 = VERTEX_POINT('',#1206);
#1206 = CARTESIAN_POINT('',(68.35,23.78,11.96));
#1207 = LINE('',#1208,#1209);
#1208 = CARTESIAN_POINT('',(68.35,16.19,11.96));
#1209 = VECTOR('',#1210,1.);
#1210 = DIRECTION('',(0.,1.,0.));
#1211 = ORIENTED_EDGE('',*,*,#1212,.F.);
#1212 = EDGE_CURVE('',#1213,#1205,#1215,.T.);
#1213 = VERTEX_POINT('',#1214);
#1214 = CARTESIAN_POINT('',(68.35,27.38,15.56));
#1215 = CIRCLE('',#1216,3.6);
#1216 = AXIS2_PLACEMENT_3D('',#1217,#1218,#1219);
#1217 = CARTESIAN_POINT('',(68.35,27.38,11.96));
#1218 = DIRECTION('',(1.,0.,-0.));
#1219 = DIRECTION('',(0.,0.,1.));
#1220 = ORIENTED_EDGE('',*,*,#1221,.F.);
#1221 = EDGE_CURVE('',#957,#1213,#1222,.T.);
#1222 = CIRCLE('',#1223,3.6);
#1223 = AXIS2_PLACEMENT_3D('',#1224,#1225,#1226);
#1224 = CARTESIAN_POINT('',(68.35,27.38,11.96));
#1225 = DIRECTION('',(1.,0.,-0.));
#1226 = DIRECTION('',(0.,0.,1.));
#1227 = PLANE('',#1228);
#1228 = AXIS2_PLACEMENT_3D('',#1229,#1230,#1231);
#1229 = CARTESIAN_POINT('',(68.35,27.38,11.96));
#1230 = DIRECTION('',(1.,0.,0.));
#1231 = DIRECTION('',(0.,0.,1.));
#1232 = ADVANCED_FACE('',(#1233),#1262,.F.);
#1233 = FACE_BOUND('',#1234,.F.);
#1234 = EDGE_LOOP('',(#1235,#1243,#1244,#1245,#1246,#1255));
#1235 = ORIENTED_EDGE('',*,*,#1236,.T.);
#1236 = EDGE_CURVE('',#1237,#1205,#1239,.T.);
#1237 = VERTEX_POINT('',#1238);
#1238 = CARTESIAN_POINT('',(67.15,23.78,11.96));
#1239 = LINE('',#1240,#1241);
#1240 = CARTESIAN_POINT('',(66.15,23.78,11.96));
#1241 = VECTOR('',#1242,1.);
#1242 = DIRECTION('',(1.,0.,0.));
#1243 = ORIENTED_EDGE('',*,*,#1212,.F.);
#1244 = ORIENTED_EDGE('',*,*,#1221,.F.);
#1245 = ORIENTED_EDGE('',*,*,#964,.F.);
#1246 = ORIENTED_EDGE('',*,*,#1247,.T.);
#1247 = EDGE_CURVE('',#965,#1248,#1250,.T.);
#1248 = VERTEX_POINT('',#1249);
#1249 = CARTESIAN_POINT('',(67.15,27.38,15.56));
#1250 = CIRCLE('',#1251,3.6);
#1251 = AXIS2_PLACEMENT_3D('',#1252,#1253,#1254);
#1252 = CARTESIAN_POINT('',(67.15,27.38,11.96));
#1253 = DIRECTION('',(1.,0.,-0.));
#1254 = DIRECTION('',(0.,0.,1.));
#1255 = ORIENTED_EDGE('',*,*,#1256,.T.);
#1256 = EDGE_CURVE('',#1248,#1237,#1257,.T.);
#1257 = CIRCLE('',#1258,3.6);
#1258 = AXIS2_PLACEMENT_3D('',#1259,#1260,#1261);
#1259 = CARTESIAN_POINT('',(67.15,27.38,11.96));
#1260 = DIRECTION('',(1.,0.,-0.));
#1261 = DIRECTION('',(0.,0.,1.));
#1262 = CYLINDRICAL_SURFACE('',#1263,3.6);
#1263 = AXIS2_PLACEMENT_3D('',#1264,#1265,#1266);
#1264 = CARTESIAN_POINT('',(66.15,27.38,11.96));
#1265 = DIRECTION('',(1.,0.,0.));
#1266 = DIRECTION('',(0.,0.,1.));
#1267 = ADVANCED_FACE('',(#1268),#1301,.T.);
#1268 = FACE_BOUND('',#1269,.T.);
#1269 = EDGE_LOOP('',(#1270,#1280,#1286,#1287,#1295));
#1270 = ORIENTED_EDGE('',*,*,#1271,.T.);
#1271 = EDGE_CURVE('',#1272,#1274,#1276,.T.);
#1272 = VERTEX_POINT('',#1273);
#1273 = CARTESIAN_POINT('',(66.855,36.297106467872,6.2));
#1274 = VERTEX_POINT('',#1275);
#1275 = CARTESIAN_POINT('',(66.855,36.297106467872,11.96));
#1276 = LINE('',#1277,#1278);
#1277 = CARTESIAN_POINT('',(66.855,36.297106467872,6.2));
#1278 = VECTOR('',#1279,1.);
#1279 = DIRECTION('',(0.,0.,1.));
#1280 = ORIENTED_EDGE('',*,*,#1281,.F.);
#1281 = EDGE_CURVE('',#998,#1274,#1282,.T.);
#1282 = LINE('',#1283,#1284);
#1283 = CARTESIAN_POINT('',(66.855,-10.,11.96));
#1284 = VECTOR('',#1285,1.);
#1285 = DIRECTION('',(0.,1.,0.));
#1286 = ORIENTED_EDGE('',*,*,#997,.F.);
#1287 = ORIENTED_EDGE('',*,*,#1288,.F.);
#1288 = EDGE_CURVE('',#1289,#989,#1291,.T.);
#1289 = VERTEX_POINT('',#1290);
#1290 = CARTESIAN_POINT('',(66.855,33.422893532128,6.2));
#1291 = LINE('',#1292,#1293);
#1292 = CARTESIAN_POINT('',(66.855,33.422893532128,6.2));
#1293 = VECTOR('',#1294,1.);
#1294 = DIRECTION('',(0.,0.,1.));
#1295 = ORIENTED_EDGE('',*,*,#1296,.T.);
#1296 = EDGE_CURVE('',#1289,#1272,#1297,.T.);
#1297 = LINE('',#1298,#1299);
#1298 = CARTESIAN_POINT('',(66.855,12.43,6.2));
#1299 = VECTOR('',#1300,1.);
#1300 = DIRECTION('',(0.,1.,0.));
#1301 = PLANE('',#1302);
#1302 = AXIS2_PLACEMENT_3D('',#1303,#1304,#1305);
#1303 = CARTESIAN_POINT('',(66.855,-10.,5.55));
#1304 = DIRECTION('',(1.,0.,0.));
#1305 = DIRECTION('',(0.,0.,1.));
#1306 = ADVANCED_FACE('',(#1307),#1325,.T.);
#1307 = FACE_BOUND('',#1308,.T.);
#1308 = EDGE_LOOP('',(#1309,#1317,#1323,#1324));
#1309 = ORIENTED_EDGE('',*,*,#1310,.F.);
#1310 = EDGE_CURVE('',#1311,#207,#1313,.T.);
#1311 = VERTEX_POINT('',#1312);
#1312 = CARTESIAN_POINT('',(-2.9,23.03,11.96));
#1313 = LINE('',#1314,#1315);
#1314 = CARTESIAN_POINT('',(-2.9,23.03,11.96));
#1315 = VECTOR('',#1316,1.);
#1316 = DIRECTION('',(1.,0.,0.));
#1317 = ORIENTED_EDGE('',*,*,#1318,.T.);
#1318 = EDGE_CURVE('',#1311,#1040,#1319,.T.);
#1319 = LINE('',#1320,#1321);
#1320 = CARTESIAN_POINT('',(-2.9,23.03,11.96));
#1321 = VECTOR('',#1322,1.);
#1322 = DIRECTION('',(0.,0.,1.));
#1323 = ORIENTED_EDGE('',*,*,#1047,.T.);
#1324 = ORIENTED_EDGE('',*,*,#214,.F.);
#1325 = PLANE('',#1326);
#1326 = AXIS2_PLACEMENT_3D('',#1327,#1328,#1329);
#1327 = CARTESIAN_POINT('',(-2.9,23.03,11.96));
#1328 = DIRECTION('',(0.,1.,0.));
#1329 = DIRECTION('',(0.,0.,1.));
#1330 = ADVANCED_FACE('',(#1331),#1582,.T.);
#1331 = FACE_BOUND('',#1332,.T.);
#1332 = EDGE_LOOP('',(#1333,#1344,#1353,#1362,#1368,#1369,#1370,#1379,
    #1388,#1397,#1405,#1413,#1422,#1430,#1439,#1448,#1457,#1466,#1475,
    #1484,#1492,#1501,#1509,#1517,#1525,#1533,#1541,#1549,#1558,#1567,
    #1576));
#1333 = ORIENTED_EDGE('',*,*,#1334,.F.);
#1334 = EDGE_CURVE('',#1335,#1337,#1339,.T.);
#1335 = VERTEX_POINT('',#1336);
#1336 = CARTESIAN_POINT('',(-0.2,-2.339594576085,11.96));
#1337 = VERTEX_POINT('',#1338);
#1338 = CARTESIAN_POINT('',(2.1,-2.9,11.96));
#1339 = CIRCLE('',#1340,5.);
#1340 = AXIS2_PLACEMENT_3D('',#1341,#1342,#1343);
#1341 = CARTESIAN_POINT('',(2.1,2.1,11.96));
#1342 = DIRECTION('',(0.,0.,1.));
#1343 = DIRECTION('',(-1.,0.,0.));
#1344 = ORIENTED_EDGE('',*,*,#1345,.F.);
#1345 = EDGE_CURVE('',#1346,#1335,#1348,.T.);
#1346 = VERTEX_POINT('',#1347);
#1347 = CARTESIAN_POINT('',(-2.339594576085,-0.2,11.96));
#1348 = CIRCLE('',#1349,5.);
#1349 = AXIS2_PLACEMENT_3D('',#1350,#1351,#1352);
#1350 = CARTESIAN_POINT('',(2.1,2.1,11.96));
#1351 = DIRECTION('',(0.,0.,1.));
#1352 = DIRECTION('',(-1.,0.,0.));
#1353 = ORIENTED_EDGE('',*,*,#1354,.F.);
#1354 = EDGE_CURVE('',#1355,#1346,#1357,.T.);
#1355 = VERTEX_POINT('',#1356);
#1356 = CARTESIAN_POINT('',(-2.9,2.1,11.96));
#1357 = CIRCLE('',#1358,5.);
#1358 = AXIS2_PLACEMENT_3D('',#1359,#1360,#1361);
#1359 = CARTESIAN_POINT('',(2.1,2.1,11.96));
#1360 = DIRECTION('',(0.,0.,1.));
#1361 = DIRECTION('',(-1.,0.,0.));
#1362 = ORIENTED_EDGE('',*,*,#1363,.F.);
#1363 = EDGE_CURVE('',#1311,#1355,#1364,.T.);
#1364 = LINE('',#1365,#1366);
#1365 = CARTESIAN_POINT('',(-2.9,-51.45,11.96));
#1366 = VECTOR('',#1367,1.);
#1367 = DIRECTION('',(0.,-1.,0.));
#1368 = ORIENTED_EDGE('',*,*,#1310,.T.);
#1369 = ORIENTED_EDGE('',*,*,#206,.F.);
#1370 = ORIENTED_EDGE('',*,*,#1371,.T.);
#1371 = EDGE_CURVE('',#199,#1372,#1374,.T.);
#1372 = VERTEX_POINT('',#1373);
#1373 = CARTESIAN_POINT('',(-0.2,3.397459621562E-02,11.96));
#1374 = CIRCLE('',#1375,1.4);
#1375 = AXIS2_PLACEMENT_3D('',#1376,#1377,#1378);
#1376 = CARTESIAN_POINT('',(0.9,0.9,11.96));
#1377 = DIRECTION('',(0.,0.,1.));
#1378 = DIRECTION('',(-1.,0.,0.));
#1379 = ORIENTED_EDGE('',*,*,#1380,.T.);
#1380 = EDGE_CURVE('',#1372,#1381,#1383,.T.);
#1381 = VERTEX_POINT('',#1382);
#1382 = CARTESIAN_POINT('',(3.397459621563E-02,-0.2,11.96));
#1383 = CIRCLE('',#1384,1.4);
#1384 = AXIS2_PLACEMENT_3D('',#1385,#1386,#1387);
#1385 = CARTESIAN_POINT('',(0.9,0.9,11.96));
#1386 = DIRECTION('',(0.,0.,1.));
#1387 = DIRECTION('',(-1.,0.,0.));
#1388 = ORIENTED_EDGE('',*,*,#1389,.T.);
#1389 = EDGE_CURVE('',#1381,#1390,#1392,.T.);
#1390 = VERTEX_POINT('',#1391);
#1391 = CARTESIAN_POINT('',(0.9,-0.5,11.96));
#1392 = CIRCLE('',#1393,1.4);
#1393 = AXIS2_PLACEMENT_3D('',#1394,#1395,#1396);
#1394 = CARTESIAN_POINT('',(0.9,0.9,11.96));
#1395 = DIRECTION('',(0.,0.,1.));
#1396 = DIRECTION('',(-1.,0.,0.));
#1397 = ORIENTED_EDGE('',*,*,#1398,.T.);
#1398 = EDGE_CURVE('',#1390,#1399,#1401,.T.);
#1399 = VERTEX_POINT('',#1400);
#1400 = CARTESIAN_POINT('',(61.99,-0.5,11.96));
#1401 = LINE('',#1402,#1403);
#1402 = CARTESIAN_POINT('',(-50.25,-0.5,11.96));
#1403 = VECTOR('',#1404,1.);
#1404 = DIRECTION('',(1.,0.,0.));
#1405 = ORIENTED_EDGE('',*,*,#1406,.T.);
#1406 = EDGE_CURVE('',#1399,#1407,#1409,.T.);
#1407 = VERTEX_POINT('',#1408);
#1408 = CARTESIAN_POINT('',(61.99,0.13826230851,11.96));
#1409 = LINE('',#1410,#1411);
#1410 = CARTESIAN_POINT('',(61.99,-1.,11.96));
#1411 = VECTOR('',#1412,1.);
#1412 = DIRECTION('',(0.,1.,0.));
#1413 = ORIENTED_EDGE('',*,*,#1414,.T.);
#1414 = EDGE_CURVE('',#1407,#1415,#1417,.T.);
#1415 = VERTEX_POINT('',#1416);
#1416 = CARTESIAN_POINT('',(62.522859924888,-0.2,11.96));
#1417 = CIRCLE('',#1418,3.25);
#1418 = AXIS2_PLACEMENT_3D('',#1419,#1420,#1421);
#1419 = CARTESIAN_POINT('',(63.99,2.7,11.96));
#1420 = DIRECTION('',(0.,0.,1.));
#1421 = DIRECTION('',(1.,0.,0.));
#1422 = ORIENTED_EDGE('',*,*,#1423,.T.);
#1423 = EDGE_CURVE('',#1415,#1424,#1426,.T.);
#1424 = VERTEX_POINT('',#1425);
#1425 = CARTESIAN_POINT('',(64.883974596216,-0.2,11.96));
#1426 = LINE('',#1427,#1428);
#1427 = CARTESIAN_POINT('',(-10.,-0.2,11.96));
#1428 = VECTOR('',#1429,1.);
#1429 = DIRECTION('',(1.,0.,0.));
#1430 = ORIENTED_EDGE('',*,*,#1431,.T.);
#1431 = EDGE_CURVE('',#1424,#1432,#1434,.T.);
#1432 = VERTEX_POINT('',#1433);
#1433 = CARTESIAN_POINT('',(65.116561237027,-0.348501234907,11.96));
#1434 = CIRCLE('',#1435,1.4);
#1435 = AXIS2_PLACEMENT_3D('',#1436,#1437,#1438);
#1436 = CARTESIAN_POINT('',(65.75,0.9,11.96));
#1437 = DIRECTION('',(0.,0.,1.));
#1438 = DIRECTION('',(1.,0.,0.));
#1439 = ORIENTED_EDGE('',*,*,#1440,.T.);
#1440 = EDGE_CURVE('',#1432,#1441,#1443,.T.);
#1441 = VERTEX_POINT('',#1442);
#1442 = CARTESIAN_POINT('',(66.616025403784,-0.2,11.96));
#1443 = CIRCLE('',#1444,1.4);
#1444 = AXIS2_PLACEMENT_3D('',#1445,#1446,#1447);
#1445 = CARTESIAN_POINT('',(65.75,0.9,11.96));
#1446 = DIRECTION('',(0.,0.,1.));
#1447 = DIRECTION('',(1.,0.,0.));
#1448 = ORIENTED_EDGE('',*,*,#1449,.T.);
#1449 = EDGE_CURVE('',#1441,#1450,#1452,.T.);
#1450 = VERTEX_POINT('',#1451);
#1451 = CARTESIAN_POINT('',(66.855,4.036344889255E-02,11.96));
#1452 = CIRCLE('',#1453,1.4);
#1453 = AXIS2_PLACEMENT_3D('',#1454,#1455,#1456);
#1454 = CARTESIAN_POINT('',(65.75,0.9,11.96));
#1455 = DIRECTION('',(0.,0.,1.));
#1456 = DIRECTION('',(1.,0.,0.));
#1457 = ORIENTED_EDGE('',*,*,#1458,.T.);
#1458 = EDGE_CURVE('',#1450,#1459,#1461,.T.);
#1459 = VERTEX_POINT('',#1460);
#1460 = CARTESIAN_POINT('',(67.15,0.9,11.96));
#1461 = CIRCLE('',#1462,1.4);
#1462 = AXIS2_PLACEMENT_3D('',#1463,#1464,#1465);
#1463 = CARTESIAN_POINT('',(65.75,0.9,11.96));
#1464 = DIRECTION('',(0.,0.,1.));
#1465 = DIRECTION('',(1.,0.,0.));
#1466 = ORIENTED_EDGE('',*,*,#1467,.T.);
#1467 = EDGE_CURVE('',#1459,#1468,#1470,.T.);
#1468 = VERTEX_POINT('',#1469);
#1469 = CARTESIAN_POINT('',(67.012418818514,1.505226178103,11.96));
#1470 = CIRCLE('',#1471,1.4);
#1471 = AXIS2_PLACEMENT_3D('',#1472,#1473,#1474);
#1472 = CARTESIAN_POINT('',(65.75,0.9,11.96));
#1473 = DIRECTION('',(0.,0.,1.));
#1474 = DIRECTION('',(1.,0.,0.));
#1475 = ORIENTED_EDGE('',*,*,#1476,.T.);
#1476 = EDGE_CURVE('',#1468,#1477,#1479,.T.);
#1477 = VERTEX_POINT('',#1478);
#1478 = CARTESIAN_POINT('',(66.855,1.759636551107,11.96));
#1479 = CIRCLE('',#1480,1.4);
#1480 = AXIS2_PLACEMENT_3D('',#1481,#1482,#1483);
#1481 = CARTESIAN_POINT('',(65.75,0.9,11.96));
#1482 = DIRECTION('',(0.,0.,1.));
#1483 = DIRECTION('',(1.,0.,0.));
#1484 = ORIENTED_EDGE('',*,*,#1485,.T.);
#1485 = EDGE_CURVE('',#1477,#1486,#1488,.T.);
#1486 = VERTEX_POINT('',#1487);
#1487 = CARTESIAN_POINT('',(66.855,4.234364689375,11.96));
#1488 = LINE('',#1489,#1490);
#1489 = CARTESIAN_POINT('',(66.855,-10.,11.96));
#1490 = VECTOR('',#1491,1.);
#1491 = DIRECTION('',(0.,1.,0.));
#1492 = ORIENTED_EDGE('',*,*,#1493,.T.);
#1493 = EDGE_CURVE('',#1486,#1494,#1496,.T.);
#1494 = VERTEX_POINT('',#1495);
#1495 = CARTESIAN_POINT('',(66.55173769149,4.7,11.96));
#1496 = CIRCLE('',#1497,3.25);
#1497 = AXIS2_PLACEMENT_3D('',#1498,#1499,#1500);
#1498 = CARTESIAN_POINT('',(63.99,2.7,11.96));
#1499 = DIRECTION('',(0.,0.,1.));
#1500 = DIRECTION('',(1.,0.,0.));
#1501 = ORIENTED_EDGE('',*,*,#1502,.T.);
#1502 = EDGE_CURVE('',#1494,#1503,#1505,.T.);
#1503 = VERTEX_POINT('',#1504);
#1504 = CARTESIAN_POINT('',(67.15,4.7,11.96));
#1505 = LINE('',#1506,#1507);
#1506 = CARTESIAN_POINT('',(65.9,4.7,11.96));
#1507 = VECTOR('',#1508,1.);
#1508 = DIRECTION('',(1.,0.,0.));
#1509 = ORIENTED_EDGE('',*,*,#1510,.F.);
#1510 = EDGE_CURVE('',#1511,#1503,#1513,.T.);
#1511 = VERTEX_POINT('',#1512);
#1512 = CARTESIAN_POINT('',(67.15,7.13,11.96));
#1513 = LINE('',#1514,#1515);
#1514 = CARTESIAN_POINT('',(67.15,-50.25,11.96));
#1515 = VECTOR('',#1516,1.);
#1516 = DIRECTION('',(0.,-1.,0.));
#1517 = ORIENTED_EDGE('',*,*,#1518,.T.);
#1518 = EDGE_CURVE('',#1511,#1519,#1521,.T.);
#1519 = VERTEX_POINT('',#1520);
#1520 = CARTESIAN_POINT('',(68.35,7.13,11.96));
#1521 = LINE('',#1522,#1523);
#1522 = CARTESIAN_POINT('',(66.15,7.13,11.96));
#1523 = VECTOR('',#1524,1.);
#1524 = DIRECTION('',(1.,0.,0.));
#1525 = ORIENTED_EDGE('',*,*,#1526,.F.);
#1526 = EDGE_CURVE('',#1527,#1519,#1529,.T.);
#1527 = VERTEX_POINT('',#1528);
#1528 = CARTESIAN_POINT('',(68.35,4.73,11.96));
#1529 = LINE('',#1530,#1531);
#1530 = CARTESIAN_POINT('',(68.35,7.865,11.96));
#1531 = VECTOR('',#1532,1.);
#1532 = DIRECTION('',(0.,1.,0.));
#1533 = ORIENTED_EDGE('',*,*,#1534,.T.);
#1534 = EDGE_CURVE('',#1527,#1535,#1537,.T.);
#1535 = VERTEX_POINT('',#1536);
#1536 = CARTESIAN_POINT('',(69.55,4.73,11.96));
#1537 = LINE('',#1538,#1539);
#1538 = CARTESIAN_POINT('',(68.35,4.73,11.96));
#1539 = VECTOR('',#1540,1.);
#1540 = DIRECTION('',(1.,0.,0.));
#1541 = ORIENTED_EDGE('',*,*,#1542,.T.);
#1542 = EDGE_CURVE('',#1535,#1543,#1545,.T.);
#1543 = VERTEX_POINT('',#1544);
#1544 = CARTESIAN_POINT('',(69.55,2.1,11.96));
#1545 = LINE('',#1546,#1547);
#1546 = CARTESIAN_POINT('',(69.55,-51.45,11.96));
#1547 = VECTOR('',#1548,1.);
#1548 = DIRECTION('',(0.,-1.,0.));
#1549 = ORIENTED_EDGE('',*,*,#1550,.F.);
#1550 = EDGE_CURVE('',#1551,#1543,#1553,.T.);
#1551 = VERTEX_POINT('',#1552);
#1552 = CARTESIAN_POINT('',(68.989594576085,-0.2,11.96));
#1553 = CIRCLE('',#1554,5.);
#1554 = AXIS2_PLACEMENT_3D('',#1555,#1556,#1557);
#1555 = CARTESIAN_POINT('',(64.55,2.1,11.96));
#1556 = DIRECTION('',(0.,0.,1.));
#1557 = DIRECTION('',(1.,0.,0.));
#1558 = ORIENTED_EDGE('',*,*,#1559,.F.);
#1559 = EDGE_CURVE('',#1560,#1551,#1562,.T.);
#1560 = VERTEX_POINT('',#1561);
#1561 = CARTESIAN_POINT('',(66.855,-2.337000676132,11.96));
#1562 = CIRCLE('',#1563,5.);
#1563 = AXIS2_PLACEMENT_3D('',#1564,#1565,#1566);
#1564 = CARTESIAN_POINT('',(64.55,2.1,11.96));
#1565 = DIRECTION('',(0.,0.,1.));
#1566 = DIRECTION('',(1.,0.,0.));
#1567 = ORIENTED_EDGE('',*,*,#1568,.F.);
#1568 = EDGE_CURVE('',#1569,#1560,#1571,.T.);
#1569 = VERTEX_POINT('',#1570);
#1570 = CARTESIAN_POINT('',(64.55,-2.9,11.96));
#1571 = CIRCLE('',#1572,5.);
#1572 = AXIS2_PLACEMENT_3D('',#1573,#1574,#1575);
#1573 = CARTESIAN_POINT('',(64.55,2.1,11.96));
#1574 = DIRECTION('',(0.,0.,1.));
#1575 = DIRECTION('',(1.,0.,0.));
#1576 = ORIENTED_EDGE('',*,*,#1577,.F.);
#1577 = EDGE_CURVE('',#1337,#1569,#1578,.T.);
#1578 = LINE('',#1579,#1580);
#1579 = CARTESIAN_POINT('',(-51.45,-2.9,11.96));
#1580 = VECTOR('',#1581,1.);
#1581 = DIRECTION('',(1.,0.,0.));
#1582 = PLANE('',#1583);
#1583 = AXIS2_PLACEMENT_3D('',#1584,#1585,#1586);
#1584 = CARTESIAN_POINT('',(28.185138613162,2.015913564142,11.96));
#1585 = DIRECTION('',(-0.,-0.,-1.));
#1586 = DIRECTION('',(-1.,0.,0.));
#1587 = ADVANCED_FACE('',(#1588),#1606,.T.);
#1588 = FACE_BOUND('',#1589,.T.);
#1589 = EDGE_LOOP('',(#1590,#1597,#1598,#1605));
#1590 = ORIENTED_EDGE('',*,*,#1591,.T.);
#1591 = EDGE_CURVE('',#742,#998,#1592,.T.);
#1592 = CIRCLE('',#1593,1.4);
#1593 = AXIS2_PLACEMENT_3D('',#1594,#1595,#1596);
#1594 = CARTESIAN_POINT('',(65.75,36.65,11.96));
#1595 = DIRECTION('',(0.,0.,1.));
#1596 = DIRECTION('',(1.,0.,0.));
#1597 = ORIENTED_EDGE('',*,*,#1281,.T.);
#1598 = ORIENTED_EDGE('',*,*,#1599,.T.);
#1599 = EDGE_CURVE('',#1274,#1063,#1600,.T.);
#1600 = CIRCLE('',#1601,3.25);
#1601 = AXIS2_PLACEMENT_3D('',#1602,#1603,#1604);
#1602 = CARTESIAN_POINT('',(63.94,34.86,11.96));
#1603 = DIRECTION('',(0.,0.,1.));
#1604 = DIRECTION('',(1.,0.,0.));
#1605 = ORIENTED_EDGE('',*,*,#1062,.F.);
#1606 = PLANE('',#1607);
#1607 = AXIS2_PLACEMENT_3D('',#1608,#1609,#1610);
#1608 = CARTESIAN_POINT('',(63.94,34.86,11.96));
#1609 = DIRECTION('',(0.,0.,1.));
#1610 = DIRECTION('',(1.,0.,0.));
#1611 = ADVANCED_FACE('',(#1612,#1630),#1641,.F.);
#1612 = FACE_BOUND('',#1613,.F.);
#1613 = EDGE_LOOP('',(#1614,#1621,#1622,#1629));
#1614 = ORIENTED_EDGE('',*,*,#1615,.T.);
#1615 = EDGE_CURVE('',#1079,#1289,#1616,.T.);
#1616 = CIRCLE('',#1617,3.25);
#1617 = AXIS2_PLACEMENT_3D('',#1618,#1619,#1620);
#1618 = CARTESIAN_POINT('',(63.94,34.86,6.2));
#1619 = DIRECTION('',(0.,0.,1.));
#1620 = DIRECTION('',(1.,0.,0.));
#1621 = ORIENTED_EDGE('',*,*,#1296,.T.);
#1622 = ORIENTED_EDGE('',*,*,#1623,.T.);
#1623 = EDGE_CURVE('',#1272,#1071,#1624,.T.);
#1624 = CIRCLE('',#1625,3.25);
#1625 = AXIS2_PLACEMENT_3D('',#1626,#1627,#1628);
#1626 = CARTESIAN_POINT('',(63.94,34.86,6.2));
#1627 = DIRECTION('',(0.,0.,1.));
#1628 = DIRECTION('',(1.,0.,0.));
#1629 = ORIENTED_EDGE('',*,*,#1078,.T.);
#1630 = FACE_BOUND('',#1631,.F.);
#1631 = EDGE_LOOP('',(#1632));
#1632 = ORIENTED_EDGE('',*,*,#1633,.F.);
#1633 = EDGE_CURVE('',#1634,#1634,#1636,.T.);
#1634 = VERTEX_POINT('',#1635);
#1635 = CARTESIAN_POINT('',(66.44,34.86,6.2));
#1636 = CIRCLE('',#1637,2.5);
#1637 = AXIS2_PLACEMENT_3D('',#1638,#1639,#1640);
#1638 = CARTESIAN_POINT('',(63.94,34.86,6.2));
#1639 = DIRECTION('',(0.,0.,1.));
#1640 = DIRECTION('',(1.,0.,0.));
#1641 = PLANE('',#1642);
#1642 = AXIS2_PLACEMENT_3D('',#1643,#1644,#1645);
#1643 = CARTESIAN_POINT('',(63.94,34.86,6.2));
#1644 = DIRECTION('',(0.,0.,1.));
#1645 = DIRECTION('',(1.,0.,0.));
#1646 = ADVANCED_FACE('',(#1647),#1653,.T.);
#1647 = FACE_BOUND('',#1648,.T.);
#1648 = EDGE_LOOP('',(#1649,#1650,#1651,#1652));
#1649 = ORIENTED_EDGE('',*,*,#1070,.T.);
#1650 = ORIENTED_EDGE('',*,*,#1599,.F.);
#1651 = ORIENTED_EDGE('',*,*,#1271,.F.);
#1652 = ORIENTED_EDGE('',*,*,#1623,.T.);
#1653 = CYLINDRICAL_SURFACE('',#1654,3.25);
#1654 = AXIS2_PLACEMENT_3D('',#1655,#1656,#1657);
#1655 = CARTESIAN_POINT('',(63.94,34.86,6.2));
#1656 = DIRECTION('',(0.,0.,1.));
#1657 = DIRECTION('',(1.,0.,0.));
#1658 = ADVANCED_FACE('',(#1659),#1702,.T.);
#1659 = FACE_BOUND('',#1660,.T.);
#1660 = EDGE_LOOP('',(#1661,#1662,#1663,#1664,#1672,#1680,#1688,#1696));
#1661 = ORIENTED_EDGE('',*,*,#1236,.T.);
#1662 = ORIENTED_EDGE('',*,*,#1204,.F.);
#1663 = ORIENTED_EDGE('',*,*,#1123,.T.);
#1664 = ORIENTED_EDGE('',*,*,#1665,.F.);
#1665 = EDGE_CURVE('',#1666,#1126,#1668,.T.);
#1666 = VERTEX_POINT('',#1667);
#1667 = CARTESIAN_POINT('',(69.55,16.73,11.96));
#1668 = LINE('',#1669,#1670);
#1669 = CARTESIAN_POINT('',(69.55,5.,11.96));
#1670 = VECTOR('',#1671,1.);
#1671 = DIRECTION('',(0.,1.,0.));
#1672 = ORIENTED_EDGE('',*,*,#1673,.F.);
#1673 = EDGE_CURVE('',#1674,#1666,#1676,.T.);
#1674 = VERTEX_POINT('',#1675);
#1675 = CARTESIAN_POINT('',(68.35,16.73,11.96));
#1676 = LINE('',#1677,#1678);
#1677 = CARTESIAN_POINT('',(68.35,16.73,11.96));
#1678 = VECTOR('',#1679,1.);
#1679 = DIRECTION('',(1.,0.,0.));
#1680 = ORIENTED_EDGE('',*,*,#1681,.F.);
#1681 = EDGE_CURVE('',#1682,#1674,#1684,.T.);
#1682 = VERTEX_POINT('',#1683);
#1683 = CARTESIAN_POINT('',(68.35,14.33,11.96));
#1684 = LINE('',#1685,#1686);
#1685 = CARTESIAN_POINT('',(68.35,7.865,11.96));
#1686 = VECTOR('',#1687,1.);
#1687 = DIRECTION('',(0.,1.,0.));
#1688 = ORIENTED_EDGE('',*,*,#1689,.F.);
#1689 = EDGE_CURVE('',#1690,#1682,#1692,.T.);
#1690 = VERTEX_POINT('',#1691);
#1691 = CARTESIAN_POINT('',(67.15,14.33,11.96));
#1692 = LINE('',#1693,#1694);
#1693 = CARTESIAN_POINT('',(67.,14.33,11.96));
#1694 = VECTOR('',#1695,1.);
#1695 = DIRECTION('',(1.,0.,0.));
#1696 = ORIENTED_EDGE('',*,*,#1697,.F.);
#1697 = EDGE_CURVE('',#1237,#1690,#1698,.T.);
#1698 = LINE('',#1699,#1700);
#1699 = CARTESIAN_POINT('',(67.15,-50.25,11.96));
#1700 = VECTOR('',#1701,1.);
#1701 = DIRECTION('',(0.,-1.,0.));
#1702 = PLANE('',#1703);
#1703 = AXIS2_PLACEMENT_3D('',#1704,#1705,#1706);
#1704 = CARTESIAN_POINT('',(68.106962025316,19.055,11.96));
#1705 = DIRECTION('',(-0.,-0.,-1.));
#1706 = DIRECTION('',(-1.,0.,0.));
#1707 = ADVANCED_FACE('',(#1708),#1771,.F.);
#1708 = FACE_BOUND('',#1709,.F.);
#1709 = EDGE_LOOP('',(#1710,#1719,#1720,#1729,#1736,#1737,#1746,#1755,
    #1764));
#1710 = ORIENTED_EDGE('',*,*,#1711,.F.);
#1711 = EDGE_CURVE('',#1666,#1712,#1714,.T.);
#1712 = VERTEX_POINT('',#1713);
#1713 = CARTESIAN_POINT('',(69.55,12.477111902541,17.7));
#1714 = CIRCLE('',#1715,6.);
#1715 = AXIS2_PLACEMENT_3D('',#1716,#1717,#1718);
#1716 = CARTESIAN_POINT('',(69.55,10.73,11.96));
#1717 = DIRECTION('',(1.,0.,-0.));
#1718 = DIRECTION('',(0.,0.,1.));
#1719 = ORIENTED_EDGE('',*,*,#1673,.F.);
#1720 = ORIENTED_EDGE('',*,*,#1721,.T.);
#1721 = EDGE_CURVE('',#1674,#1722,#1724,.T.);
#1722 = VERTEX_POINT('',#1723);
#1723 = CARTESIAN_POINT('',(68.35,10.73,17.96));
#1724 = CIRCLE('',#1725,6.);
#1725 = AXIS2_PLACEMENT_3D('',#1726,#1727,#1728);
#1726 = CARTESIAN_POINT('',(68.35,10.73,11.96));
#1727 = DIRECTION('',(1.,0.,-0.));
#1728 = DIRECTION('',(0.,0.,1.));
#1729 = ORIENTED_EDGE('',*,*,#1730,.T.);
#1730 = EDGE_CURVE('',#1722,#1527,#1731,.T.);
#1731 = CIRCLE('',#1732,6.);
#1732 = AXIS2_PLACEMENT_3D('',#1733,#1734,#1735);
#1733 = CARTESIAN_POINT('',(68.35,10.73,11.96));
#1734 = DIRECTION('',(1.,0.,-0.));
#1735 = DIRECTION('',(0.,0.,1.));
#1736 = ORIENTED_EDGE('',*,*,#1534,.T.);
#1737 = ORIENTED_EDGE('',*,*,#1738,.F.);
#1738 = EDGE_CURVE('',#1739,#1535,#1741,.T.);
#1739 = VERTEX_POINT('',#1740);
#1740 = CARTESIAN_POINT('',(69.55,5.,13.739634793996));
#1741 = CIRCLE('',#1742,6.);
#1742 = AXIS2_PLACEMENT_3D('',#1743,#1744,#1745);
#1743 = CARTESIAN_POINT('',(69.55,10.73,11.96));
#1744 = DIRECTION('',(1.,0.,-0.));
#1745 = DIRECTION('',(0.,0.,1.));
#1746 = ORIENTED_EDGE('',*,*,#1747,.F.);
#1747 = EDGE_CURVE('',#1748,#1739,#1750,.T.);
#1748 = VERTEX_POINT('',#1749);
#1749 = CARTESIAN_POINT('',(69.55,8.982888097459,17.7));
#1750 = CIRCLE('',#1751,6.);
#1751 = AXIS2_PLACEMENT_3D('',#1752,#1753,#1754);
#1752 = CARTESIAN_POINT('',(69.55,10.73,11.96));
#1753 = DIRECTION('',(1.,0.,-0.));
#1754 = DIRECTION('',(0.,0.,1.));
#1755 = ORIENTED_EDGE('',*,*,#1756,.F.);
#1756 = EDGE_CURVE('',#1757,#1748,#1759,.T.);
#1757 = VERTEX_POINT('',#1758);
#1758 = CARTESIAN_POINT('',(69.55,10.73,17.96));
#1759 = CIRCLE('',#1760,6.);
#1760 = AXIS2_PLACEMENT_3D('',#1761,#1762,#1763);
#1761 = CARTESIAN_POINT('',(69.55,10.73,11.96));
#1762 = DIRECTION('',(1.,0.,-0.));
#1763 = DIRECTION('',(0.,0.,1.));
#1764 = ORIENTED_EDGE('',*,*,#1765,.F.);
#1765 = EDGE_CURVE('',#1712,#1757,#1766,.T.);
#1766 = CIRCLE('',#1767,6.);
#1767 = AXIS2_PLACEMENT_3D('',#1768,#1769,#1770);
#1768 = CARTESIAN_POINT('',(69.55,10.73,11.96));
#1769 = DIRECTION('',(1.,0.,-0.));
#1770 = DIRECTION('',(0.,0.,1.));
#1771 = CYLINDRICAL_SURFACE('',#1772,6.);
#1772 = AXIS2_PLACEMENT_3D('',#1773,#1774,#1775);
#1773 = CARTESIAN_POINT('',(68.35,10.73,11.96));
#1774 = DIRECTION('',(1.,0.,0.));
#1775 = DIRECTION('',(0.,0.,1.));
#1776 = ADVANCED_FACE('',(#1777),#1813,.F.);
#1777 = FACE_BOUND('',#1778,.F.);
#1778 = EDGE_LOOP('',(#1779,#1788,#1795,#1796,#1805,#1812));
#1779 = ORIENTED_EDGE('',*,*,#1780,.F.);
#1780 = EDGE_CURVE('',#1781,#1519,#1783,.T.);
#1781 = VERTEX_POINT('',#1782);
#1782 = CARTESIAN_POINT('',(68.35,10.73,15.56));
#1783 = CIRCLE('',#1784,3.6);
#1784 = AXIS2_PLACEMENT_3D('',#1785,#1786,#1787);
#1785 = CARTESIAN_POINT('',(68.35,10.73,11.96));
#1786 = DIRECTION('',(1.,0.,-0.));
#1787 = DIRECTION('',(0.,0.,1.));
#1788 = ORIENTED_EDGE('',*,*,#1789,.F.);
#1789 = EDGE_CURVE('',#1682,#1781,#1790,.T.);
#1790 = CIRCLE('',#1791,3.6);
#1791 = AXIS2_PLACEMENT_3D('',#1792,#1793,#1794);
#1792 = CARTESIAN_POINT('',(68.35,10.73,11.96));
#1793 = DIRECTION('',(1.,0.,-0.));
#1794 = DIRECTION('',(0.,0.,1.));
#1795 = ORIENTED_EDGE('',*,*,#1689,.F.);
#1796 = ORIENTED_EDGE('',*,*,#1797,.T.);
#1797 = EDGE_CURVE('',#1690,#1798,#1800,.T.);
#1798 = VERTEX_POINT('',#1799);
#1799 = CARTESIAN_POINT('',(67.15,10.73,15.56));
#1800 = CIRCLE('',#1801,3.6);
#1801 = AXIS2_PLACEMENT_3D('',#1802,#1803,#1804);
#1802 = CARTESIAN_POINT('',(67.15,10.73,11.96));
#1803 = DIRECTION('',(1.,0.,-0.));
#1804 = DIRECTION('',(0.,0.,1.));
#1805 = ORIENTED_EDGE('',*,*,#1806,.T.);
#1806 = EDGE_CURVE('',#1798,#1511,#1807,.T.);
#1807 = CIRCLE('',#1808,3.6);
#1808 = AXIS2_PLACEMENT_3D('',#1809,#1810,#1811);
#1809 = CARTESIAN_POINT('',(67.15,10.73,11.96));
#1810 = DIRECTION('',(1.,0.,-0.));
#1811 = DIRECTION('',(0.,0.,1.));
#1812 = ORIENTED_EDGE('',*,*,#1518,.T.);
#1813 = CYLINDRICAL_SURFACE('',#1814,3.6);
#1814 = AXIS2_PLACEMENT_3D('',#1815,#1816,#1817);
#1815 = CARTESIAN_POINT('',(66.15,10.73,11.96));
#1816 = DIRECTION('',(1.,0.,0.));
#1817 = DIRECTION('',(0.,0.,1.));
#1818 = ADVANCED_FACE('',(#1819),#1852,.F.);
#1819 = FACE_BOUND('',#1820,.F.);
#1820 = EDGE_LOOP('',(#1821,#1829,#1837,#1845,#1851));
#1821 = ORIENTED_EDGE('',*,*,#1822,.T.);
#1822 = EDGE_CURVE('',#1424,#1823,#1825,.T.);
#1823 = VERTEX_POINT('',#1824);
#1824 = CARTESIAN_POINT('',(65.457140075112,-0.2,11.96));
#1825 = LINE('',#1826,#1827);
#1826 = CARTESIAN_POINT('',(-10.,-0.2,11.96));
#1827 = VECTOR('',#1828,1.);
#1828 = DIRECTION('',(1.,0.,0.));
#1829 = ORIENTED_EDGE('',*,*,#1830,.F.);
#1830 = EDGE_CURVE('',#1831,#1823,#1833,.T.);
#1831 = VERTEX_POINT('',#1832);
#1832 = CARTESIAN_POINT('',(65.457140075112,-0.2,6.2));
#1833 = LINE('',#1834,#1835);
#1834 = CARTESIAN_POINT('',(65.457140075112,-0.2,6.2));
#1835 = VECTOR('',#1836,1.);
#1836 = DIRECTION('',(0.,0.,1.));
#1837 = ORIENTED_EDGE('',*,*,#1838,.T.);
#1838 = EDGE_CURVE('',#1831,#1839,#1841,.T.);
#1839 = VERTEX_POINT('',#1840);
#1840 = CARTESIAN_POINT('',(62.522859924888,-0.2,6.2));
#1841 = LINE('',#1842,#1843);
#1842 = CARTESIAN_POINT('',(26.995,-0.2,6.2));
#1843 = VECTOR('',#1844,1.);
#1844 = DIRECTION('',(-1.,0.,0.));
#1845 = ORIENTED_EDGE('',*,*,#1846,.T.);
#1846 = EDGE_CURVE('',#1839,#1415,#1847,.T.);
#1847 = LINE('',#1848,#1849);
#1848 = CARTESIAN_POINT('',(62.522859924888,-0.2,6.2));
#1849 = VECTOR('',#1850,1.);
#1850 = DIRECTION('',(0.,0.,1.));
#1851 = ORIENTED_EDGE('',*,*,#1423,.T.);
#1852 = PLANE('',#1853);
#1853 = AXIS2_PLACEMENT_3D('',#1854,#1855,#1856);
#1854 = CARTESIAN_POINT('',(-10.,-0.2,5.55));
#1855 = DIRECTION('',(0.,1.,0.));
#1856 = DIRECTION('',(0.,0.,1.));
#1857 = ADVANCED_FACE('',(#1858),#1891,.T.);
#1858 = FACE_BOUND('',#1859,.T.);
#1859 = EDGE_LOOP('',(#1860,#1868,#1876,#1884,#1890));
#1860 = ORIENTED_EDGE('',*,*,#1861,.F.);
#1861 = EDGE_CURVE('',#1862,#1477,#1864,.T.);
#1862 = VERTEX_POINT('',#1863);
#1863 = CARTESIAN_POINT('',(66.855,1.165635310625,11.96));
#1864 = LINE('',#1865,#1866);
#1865 = CARTESIAN_POINT('',(66.855,-10.,11.96));
#1866 = VECTOR('',#1867,1.);
#1867 = DIRECTION('',(0.,1.,0.));
#1868 = ORIENTED_EDGE('',*,*,#1869,.F.);
#1869 = EDGE_CURVE('',#1870,#1862,#1872,.T.);
#1870 = VERTEX_POINT('',#1871);
#1871 = CARTESIAN_POINT('',(66.855,1.165635310625,6.2));
#1872 = LINE('',#1873,#1874);
#1873 = CARTESIAN_POINT('',(66.855,1.165635310625,6.2));
#1874 = VECTOR('',#1875,1.);
#1875 = DIRECTION('',(0.,0.,1.));
#1876 = ORIENTED_EDGE('',*,*,#1877,.T.);
#1877 = EDGE_CURVE('',#1870,#1878,#1880,.T.);
#1878 = VERTEX_POINT('',#1879);
#1879 = CARTESIAN_POINT('',(66.855,4.234364689375,6.2));
#1880 = LINE('',#1881,#1882);
#1881 = CARTESIAN_POINT('',(66.855,-3.65,6.2));
#1882 = VECTOR('',#1883,1.);
#1883 = DIRECTION('',(0.,1.,0.));
#1884 = ORIENTED_EDGE('',*,*,#1885,.T.);
#1885 = EDGE_CURVE('',#1878,#1486,#1886,.T.);
#1886 = LINE('',#1887,#1888);
#1887 = CARTESIAN_POINT('',(66.855,4.234364689375,6.2));
#1888 = VECTOR('',#1889,1.);
#1889 = DIRECTION('',(0.,0.,1.));
#1890 = ORIENTED_EDGE('',*,*,#1485,.F.);
#1891 = PLANE('',#1892);
#1892 = AXIS2_PLACEMENT_3D('',#1893,#1894,#1895);
#1893 = CARTESIAN_POINT('',(66.855,-10.,5.55));
#1894 = DIRECTION('',(1.,0.,0.));
#1895 = DIRECTION('',(0.,0.,1.));
#1896 = ADVANCED_FACE('',(#1897),#1905,.T.);
#1897 = FACE_BOUND('',#1898,.T.);
#1898 = EDGE_LOOP('',(#1899,#1900,#1901,#1902,#1903,#1904));
#1899 = ORIENTED_EDGE('',*,*,#1681,.T.);
#1900 = ORIENTED_EDGE('',*,*,#1721,.T.);
#1901 = ORIENTED_EDGE('',*,*,#1730,.T.);
#1902 = ORIENTED_EDGE('',*,*,#1526,.T.);
#1903 = ORIENTED_EDGE('',*,*,#1780,.F.);
#1904 = ORIENTED_EDGE('',*,*,#1789,.F.);
#1905 = PLANE('',#1906);
#1906 = AXIS2_PLACEMENT_3D('',#1907,#1908,#1909);
#1907 = CARTESIAN_POINT('',(68.35,10.73,11.96));
#1908 = DIRECTION('',(1.,0.,0.));
#1909 = DIRECTION('',(0.,0.,1.));
#1910 = ADVANCED_FACE('',(#1911),#1930,.T.);
#1911 = FACE_BOUND('',#1912,.T.);
#1912 = EDGE_LOOP('',(#1913,#1914,#1922,#1929));
#1913 = ORIENTED_EDGE('',*,*,#1633,.F.);
#1914 = ORIENTED_EDGE('',*,*,#1915,.F.);
#1915 = EDGE_CURVE('',#1916,#1634,#1918,.T.);
#1916 = VERTEX_POINT('',#1917);
#1917 = CARTESIAN_POINT('',(66.44,34.86,5.6));
#1918 = LINE('',#1919,#1920);
#1919 = CARTESIAN_POINT('',(66.44,34.86,5.6));
#1920 = VECTOR('',#1921,1.);
#1921 = DIRECTION('',(0.,0.,1.));
#1922 = ORIENTED_EDGE('',*,*,#1923,.T.);
#1923 = EDGE_CURVE('',#1916,#1916,#1924,.T.);
#1924 = CIRCLE('',#1925,2.5);
#1925 = AXIS2_PLACEMENT_3D('',#1926,#1927,#1928);
#1926 = CARTESIAN_POINT('',(63.94,34.86,5.6));
#1927 = DIRECTION('',(0.,0.,1.));
#1928 = DIRECTION('',(1.,0.,0.));
#1929 = ORIENTED_EDGE('',*,*,#1915,.T.);
#1930 = CYLINDRICAL_SURFACE('',#1931,2.5);
#1931 = AXIS2_PLACEMENT_3D('',#1932,#1933,#1934);
#1932 = CARTESIAN_POINT('',(63.94,34.86,5.6));
#1933 = DIRECTION('',(0.,0.,1.));
#1934 = DIRECTION('',(1.,0.,0.));
#1935 = ADVANCED_FACE('',(#1936),#1948,.T.);
#1936 = FACE_BOUND('',#1937,.T.);
#1937 = EDGE_LOOP('',(#1938,#1939,#1940,#1947));
#1938 = ORIENTED_EDGE('',*,*,#403,.F.);
#1939 = ORIENTED_EDGE('',*,*,#451,.F.);
#1940 = ORIENTED_EDGE('',*,*,#1941,.T.);
#1941 = EDGE_CURVE('',#452,#356,#1942,.T.);
#1942 = CIRCLE('',#1943,2.5);
#1943 = AXIS2_PLACEMENT_3D('',#1944,#1945,#1946);
#1944 = CARTESIAN_POINT('',(17.27,34.97,5.6));
#1945 = DIRECTION('',(0.,0.,1.));
#1946 = DIRECTION('',(1.,0.,0.));
#1947 = ORIENTED_EDGE('',*,*,#363,.T.);
#1948 = CYLINDRICAL_SURFACE('',#1949,2.5);
#1949 = AXIS2_PLACEMENT_3D('',#1950,#1951,#1952);
#1950 = CARTESIAN_POINT('',(17.27,34.97,5.6));
#1951 = DIRECTION('',(0.,0.,1.));
#1952 = DIRECTION('',(1.,0.,0.));
#1953 = ADVANCED_FACE('',(#1954,#1999),#2010,.F.);
#1954 = FACE_BOUND('',#1955,.F.);
#1955 = EDGE_LOOP('',(#1956,#1957,#1964,#1965,#1973,#1982,#1990,#1997,
    #1998));
#1956 = ORIENTED_EDGE('',*,*,#355,.F.);
#1957 = ORIENTED_EDGE('',*,*,#1958,.T.);
#1958 = EDGE_CURVE('',#348,#619,#1959,.T.);
#1959 = CIRCLE('',#1960,2.5);
#1960 = AXIS2_PLACEMENT_3D('',#1961,#1962,#1963);
#1961 = CARTESIAN_POINT('',(17.27,34.97,5.6));
#1962 = DIRECTION('',(0.,0.,1.));
#1963 = DIRECTION('',(1.,0.,0.));
#1964 = ORIENTED_EDGE('',*,*,#618,.F.);
#1965 = ORIENTED_EDGE('',*,*,#1966,.F.);
#1966 = EDGE_CURVE('',#1967,#611,#1969,.T.);
#1967 = VERTEX_POINT('',#1968);
#1968 = CARTESIAN_POINT('',(15.310314934649,33.417700272292,5.6));
#1969 = LINE('',#1970,#1971);
#1970 = CARTESIAN_POINT('',(13.275142666191,37.4283764729,5.6));
#1971 = VECTOR('',#1972,1.);
#1972 = DIRECTION('',(-0.452512531605,0.891758043833,0.));
#1973 = ORIENTED_EDGE('',*,*,#1974,.T.);
#1974 = EDGE_CURVE('',#1967,#1975,#1977,.T.);
#1975 = VERTEX_POINT('',#1976);
#1976 = CARTESIAN_POINT('',(15.380956646963,33.332466730003,5.6));
#1977 = CIRCLE('',#1978,2.5);
#1978 = AXIS2_PLACEMENT_3D('',#1979,#1980,#1981);
#1979 = CARTESIAN_POINT('',(17.27,34.97,5.6));
#1980 = DIRECTION('',(0.,0.,1.));
#1981 = DIRECTION('',(1.,0.,0.));
#1982 = ORIENTED_EDGE('',*,*,#1983,.F.);
#1983 = EDGE_CURVE('',#1984,#1975,#1986,.T.);
#1984 = VERTEX_POINT('',#1985);
#1985 = CARTESIAN_POINT('',(16.169264292868,32.725366198454,5.6));
#1986 = LINE('',#1987,#1988);
#1987 = CARTESIAN_POINT('',(12.605994493145,35.469552431713,5.6));
#1988 = VECTOR('',#1989,1.);
#1989 = DIRECTION('',(-0.792278994192,0.610158991871,0.));
#1990 = ORIENTED_EDGE('',*,*,#1991,.T.);
#1991 = EDGE_CURVE('',#1984,#460,#1992,.T.);
#1992 = CIRCLE('',#1993,2.5);
#1993 = AXIS2_PLACEMENT_3D('',#1994,#1995,#1996);
#1994 = CARTESIAN_POINT('',(17.27,34.97,5.6));
#1995 = DIRECTION('',(0.,0.,1.));
#1996 = DIRECTION('',(1.,0.,0.));
#1997 = ORIENTED_EDGE('',*,*,#459,.F.);
#1998 = ORIENTED_EDGE('',*,*,#1941,.T.);
#1999 = FACE_BOUND('',#2000,.F.);
#2000 = EDGE_LOOP('',(#2001));
#2001 = ORIENTED_EDGE('',*,*,#2002,.F.);
#2002 = EDGE_CURVE('',#2003,#2003,#2005,.T.);
#2003 = VERTEX_POINT('',#2004);
#2004 = CARTESIAN_POINT('',(18.87,34.97,5.6));
#2005 = CIRCLE('',#2006,1.6);
#2006 = AXIS2_PLACEMENT_3D('',#2007,#2008,#2009);
#2007 = CARTESIAN_POINT('',(17.27,34.97,5.6));
#2008 = DIRECTION('',(0.,0.,1.));
#2009 = DIRECTION('',(1.,0.,0.));
#2010 = PLANE('',#2011);
#2011 = AXIS2_PLACEMENT_3D('',#2012,#2013,#2014);
#2012 = CARTESIAN_POINT('',(17.27,34.97,5.6));
#2013 = DIRECTION('',(0.,0.,1.));
#2014 = DIRECTION('',(1.,0.,0.));
#2015 = ADVANCED_FACE('',(#2016),#2022,.T.);
#2016 = FACE_BOUND('',#2017,.T.);
#2017 = EDGE_LOOP('',(#2018,#2019,#2020,#2021));
#2018 = ORIENTED_EDGE('',*,*,#665,.F.);
#2019 = ORIENTED_EDGE('',*,*,#347,.F.);
#2020 = ORIENTED_EDGE('',*,*,#1958,.T.);
#2021 = ORIENTED_EDGE('',*,*,#626,.T.);
#2022 = CYLINDRICAL_SURFACE('',#2023,2.5);
#2023 = AXIS2_PLACEMENT_3D('',#2024,#2025,#2026);
#2024 = CARTESIAN_POINT('',(17.27,34.97,5.6));
#2025 = DIRECTION('',(0.,0.,1.));
#2026 = DIRECTION('',(1.,0.,0.));
#2027 = ADVANCED_FACE('',(#2028),#2046,.F.);
#2028 = FACE_BOUND('',#2029,.F.);
#2029 = EDGE_LOOP('',(#2030,#2038,#2039));
#2030 = ORIENTED_EDGE('',*,*,#2031,.F.);
#2031 = EDGE_CURVE('',#421,#2032,#2034,.T.);
#2032 = VERTEX_POINT('',#2033);
#2033 = CARTESIAN_POINT('',(16.169264292868,32.725366198454,6.2));
#2034 = LINE('',#2035,#2036);
#2035 = CARTESIAN_POINT('',(12.605994493145,35.469552431713,6.2));
#2036 = VECTOR('',#2037,1.);
#2037 = DIRECTION('',(-0.792278994192,0.610158991871,0.));
#2038 = ORIENTED_EDGE('',*,*,#418,.F.);
#2039 = ORIENTED_EDGE('',*,*,#2040,.F.);
#2040 = EDGE_CURVE('',#2032,#419,#2041,.T.);
#2041 = CIRCLE('',#2042,2.5);
#2042 = AXIS2_PLACEMENT_3D('',#2043,#2044,#2045);
#2043 = CARTESIAN_POINT('',(17.27,34.97,6.2));
#2044 = DIRECTION('',(0.,0.,1.));
#2045 = DIRECTION('',(1.,0.,0.));
#2046 = PLANE('',#2047);
#2047 = AXIS2_PLACEMENT_3D('',#2048,#2049,#2050);
#2048 = CARTESIAN_POINT('',(17.27,34.97,6.2));
#2049 = DIRECTION('',(0.,0.,1.));
#2050 = DIRECTION('',(1.,0.,0.));
#2051 = ADVANCED_FACE('',(#2052),#2063,.T.);
#2052 = FACE_BOUND('',#2053,.T.);
#2053 = EDGE_LOOP('',(#2054,#2055,#2061,#2062));
#2054 = ORIENTED_EDGE('',*,*,#2040,.F.);
#2055 = ORIENTED_EDGE('',*,*,#2056,.F.);
#2056 = EDGE_CURVE('',#1984,#2032,#2057,.T.);
#2057 = LINE('',#2058,#2059);
#2058 = CARTESIAN_POINT('',(16.169264292868,32.725366198454,5.6));
#2059 = VECTOR('',#2060,1.);
#2060 = DIRECTION('',(0.,0.,1.));
#2061 = ORIENTED_EDGE('',*,*,#1991,.T.);
#2062 = ORIENTED_EDGE('',*,*,#467,.T.);
#2063 = CYLINDRICAL_SURFACE('',#2064,2.5);
#2064 = AXIS2_PLACEMENT_3D('',#2065,#2066,#2067);
#2065 = CARTESIAN_POINT('',(17.27,34.97,5.6));
#2066 = DIRECTION('',(0.,0.,1.));
#2067 = DIRECTION('',(1.,0.,0.));
#2068 = ADVANCED_FACE('',(#2069),#2098,.F.);
#2069 = FACE_BOUND('',#2070,.F.);
#2070 = EDGE_LOOP('',(#2071,#2079,#2080,#2081,#2082,#2083,#2084,#2092));
#2071 = ORIENTED_EDGE('',*,*,#2072,.T.);
#2072 = EDGE_CURVE('',#2073,#506,#2075,.T.);
#2073 = VERTEX_POINT('',#2074);
#2074 = CARTESIAN_POINT('',(15.33599494565,33.367093151437,6.2));
#2075 = LINE('',#2076,#2077);
#2076 = CARTESIAN_POINT('',(15.33599494565,33.367093151437,8.1));
#2077 = VECTOR('',#2078,1.);
#2078 = DIRECTION('',(0.,0.,1.));
#2079 = ORIENTED_EDGE('',*,*,#505,.T.);
#2080 = ORIENTED_EDGE('',*,*,#428,.T.);
#2081 = ORIENTED_EDGE('',*,*,#2031,.T.);
#2082 = ORIENTED_EDGE('',*,*,#2056,.F.);
#2083 = ORIENTED_EDGE('',*,*,#1983,.T.);
#2084 = ORIENTED_EDGE('',*,*,#2085,.T.);
#2085 = EDGE_CURVE('',#1975,#2086,#2088,.T.);
#2086 = VERTEX_POINT('',#2087);
#2087 = CARTESIAN_POINT('',(15.380956646963,33.332466730003,6.2));
#2088 = LINE('',#2089,#2090);
#2089 = CARTESIAN_POINT('',(15.380956646963,33.332466730003,5.6));
#2090 = VECTOR('',#2091,1.);
#2091 = DIRECTION('',(0.,0.,1.));
#2092 = ORIENTED_EDGE('',*,*,#2093,.T.);
#2093 = EDGE_CURVE('',#2086,#2073,#2094,.T.);
#2094 = LINE('',#2095,#2096);
#2095 = CARTESIAN_POINT('',(12.605994493145,35.469552431713,6.2));
#2096 = VECTOR('',#2097,1.);
#2097 = DIRECTION('',(-0.792278994192,0.610158991871,0.));
#2098 = PLANE('',#2099);
#2099 = AXIS2_PLACEMENT_3D('',#2100,#2101,#2102);
#2100 = CARTESIAN_POINT('',(9.436878516376,37.910188399198,8.1));
#2101 = DIRECTION('',(0.610158991871,0.792278994192,0.));
#2102 = DIRECTION('',(0.,-0.,-1.));
#2103 = ADVANCED_FACE('',(#2104),#2124,.F.);
#2104 = FACE_BOUND('',#2105,.F.);
#2105 = EDGE_LOOP('',(#2106,#2114,#2115,#2116,#2117,#2118));
#2106 = ORIENTED_EDGE('',*,*,#2107,.F.);
#2107 = EDGE_CURVE('',#1967,#2108,#2110,.T.);
#2108 = VERTEX_POINT('',#2109);
#2109 = CARTESIAN_POINT('',(15.310314934649,33.417700272292,6.2));
#2110 = LINE('',#2111,#2112);
#2111 = CARTESIAN_POINT('',(15.310314934649,33.417700272292,5.6));
#2112 = VECTOR('',#2113,1.);
#2113 = DIRECTION('',(0.,0.,1.));
#2114 = ORIENTED_EDGE('',*,*,#1966,.T.);
#2115 = ORIENTED_EDGE('',*,*,#610,.T.);
#2116 = ORIENTED_EDGE('',*,*,#537,.T.);
#2117 = ORIENTED_EDGE('',*,*,#2072,.F.);
#2118 = ORIENTED_EDGE('',*,*,#2119,.T.);
#2119 = EDGE_CURVE('',#2073,#2108,#2120,.T.);
#2120 = LINE('',#2121,#2122);
#2121 = CARTESIAN_POINT('',(13.275142666191,37.4283764729,6.2));
#2122 = VECTOR('',#2123,1.);
#2123 = DIRECTION('',(-0.452512531605,0.891758043833,0.));
#2124 = PLANE('',#2125);
#2125 = AXIS2_PLACEMENT_3D('',#2126,#2127,#2128);
#2126 = CARTESIAN_POINT('',(11.465092539772,40.995408648232,8.1));
#2127 = DIRECTION('',(0.891758043833,0.452512531605,0.));
#2128 = DIRECTION('',(0.,-0.,-1.));
#2129 = ADVANCED_FACE('',(#2130),#2191,.F.);
#2130 = FACE_BOUND('',#2131,.F.);
#2131 = EDGE_LOOP('',(#2132,#2133,#2140,#2141,#2150,#2158,#2167,#2176,
    #2184));
#2132 = ORIENTED_EDGE('',*,*,#1838,.F.);
#2133 = ORIENTED_EDGE('',*,*,#2134,.T.);
#2134 = EDGE_CURVE('',#1831,#1870,#2135,.T.);
#2135 = CIRCLE('',#2136,3.25);
#2136 = AXIS2_PLACEMENT_3D('',#2137,#2138,#2139);
#2137 = CARTESIAN_POINT('',(63.99,2.7,6.2));
#2138 = DIRECTION('',(0.,0.,1.));
#2139 = DIRECTION('',(1.,0.,0.));
#2140 = ORIENTED_EDGE('',*,*,#1877,.T.);
#2141 = ORIENTED_EDGE('',*,*,#2142,.T.);
#2142 = EDGE_CURVE('',#1878,#2143,#2145,.T.);
#2143 = VERTEX_POINT('',#2144);
#2144 = CARTESIAN_POINT('',(61.54,4.835415650406,6.2));
#2145 = CIRCLE('',#2146,3.25);
#2146 = AXIS2_PLACEMENT_3D('',#2147,#2148,#2149);
#2147 = CARTESIAN_POINT('',(63.99,2.7,6.2));
#2148 = DIRECTION('',(0.,0.,1.));
#2149 = DIRECTION('',(1.,0.,0.));
#2150 = ORIENTED_EDGE('',*,*,#2151,.F.);
#2151 = EDGE_CURVE('',#2152,#2143,#2154,.T.);
#2152 = VERTEX_POINT('',#2153);
#2153 = CARTESIAN_POINT('',(61.54,3.197493718553,6.2));
#2154 = LINE('',#2155,#2156);
#2155 = CARTESIAN_POINT('',(61.54,6.7,6.2));
#2156 = VECTOR('',#2157,1.);
#2157 = DIRECTION('',(1.2E-16,1.,0.));
#2158 = ORIENTED_EDGE('',*,*,#2159,.F.);
#2159 = EDGE_CURVE('',#2160,#2152,#2162,.T.);
#2160 = VERTEX_POINT('',#2161);
#2161 = CARTESIAN_POINT('',(66.49,2.7,6.2));
#2162 = CIRCLE('',#2163,2.5);
#2163 = AXIS2_PLACEMENT_3D('',#2164,#2165,#2166);
#2164 = CARTESIAN_POINT('',(63.99,2.7,6.2));
#2165 = DIRECTION('',(0.,0.,1.));
#2166 = DIRECTION('',(1.,0.,0.));
#2167 = ORIENTED_EDGE('',*,*,#2168,.F.);
#2168 = EDGE_CURVE('',#2169,#2160,#2171,.T.);
#2169 = VERTEX_POINT('',#2170);
#2170 = CARTESIAN_POINT('',(61.54,2.202506281447,6.2));
#2171 = CIRCLE('',#2172,2.5);
#2172 = AXIS2_PLACEMENT_3D('',#2173,#2174,#2175);
#2173 = CARTESIAN_POINT('',(63.99,2.7,6.2));
#2174 = DIRECTION('',(0.,0.,1.));
#2175 = DIRECTION('',(1.,0.,0.));
#2176 = ORIENTED_EDGE('',*,*,#2177,.F.);
#2177 = EDGE_CURVE('',#2178,#2169,#2180,.T.);
#2178 = VERTEX_POINT('',#2179);
#2179 = CARTESIAN_POINT('',(61.54,0.564584349594,6.2));
#2180 = LINE('',#2181,#2182);
#2181 = CARTESIAN_POINT('',(61.54,6.7,6.2));
#2182 = VECTOR('',#2183,1.);
#2183 = DIRECTION('',(1.2E-16,1.,0.));
#2184 = ORIENTED_EDGE('',*,*,#2185,.T.);
#2185 = EDGE_CURVE('',#2178,#1839,#2186,.T.);
#2186 = CIRCLE('',#2187,3.25);
#2187 = AXIS2_PLACEMENT_3D('',#2188,#2189,#2190);
#2188 = CARTESIAN_POINT('',(63.99,2.7,6.2));
#2189 = DIRECTION('',(0.,0.,1.));
#2190 = DIRECTION('',(1.,0.,0.));
#2191 = PLANE('',#2192);
#2192 = AXIS2_PLACEMENT_3D('',#2193,#2194,#2195);
#2193 = CARTESIAN_POINT('',(63.99,2.7,6.2));
#2194 = DIRECTION('',(0.,0.,1.));
#2195 = DIRECTION('',(1.,0.,0.));
#2196 = ADVANCED_FACE('',(#2197),#2245,.F.);
#2197 = FACE_BOUND('',#2198,.F.);
#2198 = EDGE_LOOP('',(#2199,#2207,#2215,#2221,#2222,#2230,#2238,#2244));
#2199 = ORIENTED_EDGE('',*,*,#2200,.T.);
#2200 = EDGE_CURVE('',#2143,#2201,#2203,.T.);
#2201 = VERTEX_POINT('',#2202);
#2202 = CARTESIAN_POINT('',(61.54,4.835415650406,8.1));
#2203 = LINE('',#2204,#2205);
#2204 = CARTESIAN_POINT('',(61.54,4.835415650406,6.2));
#2205 = VECTOR('',#2206,1.);
#2206 = DIRECTION('',(0.,0.,1.));
#2207 = ORIENTED_EDGE('',*,*,#2208,.T.);
#2208 = EDGE_CURVE('',#2201,#2209,#2211,.T.);
#2209 = VERTEX_POINT('',#2210);
#2210 = CARTESIAN_POINT('',(61.54,0.564584349594,8.1));
#2211 = LINE('',#2212,#2213);
#2212 = CARTESIAN_POINT('',(61.54,10.7,8.1));
#2213 = VECTOR('',#2214,1.);
#2214 = DIRECTION('',(0.,-1.,0.));
#2215 = ORIENTED_EDGE('',*,*,#2216,.F.);
#2216 = EDGE_CURVE('',#2178,#2209,#2217,.T.);
#2217 = LINE('',#2218,#2219);
#2218 = CARTESIAN_POINT('',(61.54,0.564584349594,6.2));
#2219 = VECTOR('',#2220,1.);
#2220 = DIRECTION('',(0.,0.,1.));
#2221 = ORIENTED_EDGE('',*,*,#2177,.T.);
#2222 = ORIENTED_EDGE('',*,*,#2223,.F.);
#2223 = EDGE_CURVE('',#2224,#2169,#2226,.T.);
#2224 = VERTEX_POINT('',#2225);
#2225 = CARTESIAN_POINT('',(61.54,2.202506281447,5.6));
#2226 = LINE('',#2227,#2228);
#2227 = CARTESIAN_POINT('',(61.54,2.202506281447,5.6));
#2228 = VECTOR('',#2229,1.);
#2229 = DIRECTION('',(0.,0.,1.));
#2230 = ORIENTED_EDGE('',*,*,#2231,.T.);
#2231 = EDGE_CURVE('',#2224,#2232,#2234,.T.);
#2232 = VERTEX_POINT('',#2233);
#2233 = CARTESIAN_POINT('',(61.54,3.197493718553,5.6));
#2234 = LINE('',#2235,#2236);
#2235 = CARTESIAN_POINT('',(61.54,6.7,5.6));
#2236 = VECTOR('',#2237,1.);
#2237 = DIRECTION('',(1.2E-16,1.,0.));
#2238 = ORIENTED_EDGE('',*,*,#2239,.T.);
#2239 = EDGE_CURVE('',#2232,#2152,#2240,.T.);
#2240 = LINE('',#2241,#2242);
#2241 = CARTESIAN_POINT('',(61.54,3.197493718553,5.6));
#2242 = VECTOR('',#2243,1.);
#2243 = DIRECTION('',(0.,0.,1.));
#2244 = ORIENTED_EDGE('',*,*,#2151,.T.);
#2245 = PLANE('',#2246);
#2246 = AXIS2_PLACEMENT_3D('',#2247,#2248,#2249);
#2247 = CARTESIAN_POINT('',(61.54,10.7,8.1));
#2248 = DIRECTION('',(1.,0.,0.));
#2249 = DIRECTION('',(0.,0.,-1.));
#2250 = ADVANCED_FACE('',(#2251),#2261,.F.);
#2251 = FACE_BOUND('',#2252,.F.);
#2252 = EDGE_LOOP('',(#2253,#2254));
#2253 = ORIENTED_EDGE('',*,*,#2208,.F.);
#2254 = ORIENTED_EDGE('',*,*,#2255,.T.);
#2255 = EDGE_CURVE('',#2201,#2209,#2256,.T.);
#2256 = ELLIPSE('',#2257,4.596194077713,3.25);
#2257 = AXIS2_PLACEMENT_3D('',#2258,#2259,#2260);
#2258 = CARTESIAN_POINT('',(63.99,2.7,5.65));
#2259 = DIRECTION('',(0.707106781187,-9.E-17,0.707106781187));
#2260 = DIRECTION('',(-0.707106781187,9.E-17,0.707106781187));
#2261 = PLANE('',#2262);
#2262 = AXIS2_PLACEMENT_3D('',#2263,#2264,#2265);
#2263 = CARTESIAN_POINT('',(60.64,10.7,9.));
#2264 = DIRECTION('',(0.707106781187,0.,0.707106781187));
#2265 = DIRECTION('',(0.707106781187,-0.,-0.707106781187));
#2266 = ADVANCED_FACE('',(#2267),#2285,.T.);
#2267 = FACE_BOUND('',#2268,.T.);
#2268 = EDGE_LOOP('',(#2269,#2270,#2277,#2278));
#2269 = ORIENTED_EDGE('',*,*,#1861,.T.);
#2270 = ORIENTED_EDGE('',*,*,#2271,.T.);
#2271 = EDGE_CURVE('',#1477,#1424,#2272,.T.);
#2272 = CIRCLE('',#2273,1.4);
#2273 = AXIS2_PLACEMENT_3D('',#2274,#2275,#2276);
#2274 = CARTESIAN_POINT('',(65.75,0.9,11.96));
#2275 = DIRECTION('',(0.,0.,1.));
#2276 = DIRECTION('',(1.,0.,0.));
#2277 = ORIENTED_EDGE('',*,*,#1822,.T.);
#2278 = ORIENTED_EDGE('',*,*,#2279,.T.);
#2279 = EDGE_CURVE('',#1823,#1862,#2280,.T.);
#2280 = CIRCLE('',#2281,3.25);
#2281 = AXIS2_PLACEMENT_3D('',#2282,#2283,#2284);
#2282 = CARTESIAN_POINT('',(63.99,2.7,11.96));
#2283 = DIRECTION('',(0.,0.,1.));
#2284 = DIRECTION('',(1.,0.,0.));
#2285 = PLANE('',#2286);
#2286 = AXIS2_PLACEMENT_3D('',#2287,#2288,#2289);
#2287 = CARTESIAN_POINT('',(63.99,2.7,11.96));
#2288 = DIRECTION('',(0.,0.,1.));
#2289 = DIRECTION('',(1.,0.,0.));
#2290 = ADVANCED_FACE('',(#2291),#2297,.T.);
#2291 = FACE_BOUND('',#2292,.T.);
#2292 = EDGE_LOOP('',(#2293,#2294,#2295,#2296));
#2293 = ORIENTED_EDGE('',*,*,#1830,.F.);
#2294 = ORIENTED_EDGE('',*,*,#2134,.T.);
#2295 = ORIENTED_EDGE('',*,*,#1869,.T.);
#2296 = ORIENTED_EDGE('',*,*,#2279,.F.);
#2297 = CYLINDRICAL_SURFACE('',#2298,3.25);
#2298 = AXIS2_PLACEMENT_3D('',#2299,#2300,#2301);
#2299 = CARTESIAN_POINT('',(63.99,2.7,6.2));
#2300 = DIRECTION('',(0.,0.,1.));
#2301 = DIRECTION('',(1.,0.,0.));
#2302 = ADVANCED_FACE('',(#2303,#2306),#2317,.F.);
#2303 = FACE_BOUND('',#2304,.F.);
#2304 = EDGE_LOOP('',(#2305));
#2305 = ORIENTED_EDGE('',*,*,#1923,.T.);
#2306 = FACE_BOUND('',#2307,.F.);
#2307 = EDGE_LOOP('',(#2308));
#2308 = ORIENTED_EDGE('',*,*,#2309,.F.);
#2309 = EDGE_CURVE('',#2310,#2310,#2312,.T.);
#2310 = VERTEX_POINT('',#2311);
#2311 = CARTESIAN_POINT('',(65.54,34.86,5.6));
#2312 = CIRCLE('',#2313,1.6);
#2313 = AXIS2_PLACEMENT_3D('',#2314,#2315,#2316);
#2314 = CARTESIAN_POINT('',(63.94,34.86,5.6));
#2315 = DIRECTION('',(0.,0.,1.));
#2316 = DIRECTION('',(1.,0.,0.));
#2317 = PLANE('',#2318);
#2318 = AXIS2_PLACEMENT_3D('',#2319,#2320,#2321);
#2319 = CARTESIAN_POINT('',(63.94,34.86,5.6));
#2320 = DIRECTION('',(0.,0.,1.));
#2321 = DIRECTION('',(1.,0.,0.));
#2322 = ADVANCED_FACE('',(#2323),#2335,.T.);
#2323 = FACE_BOUND('',#2324,.T.);
#2324 = EDGE_LOOP('',(#2325,#2332,#2333,#2334));
#2325 = ORIENTED_EDGE('',*,*,#2326,.F.);
#2326 = EDGE_CURVE('',#2108,#2086,#2327,.T.);
#2327 = CIRCLE('',#2328,2.5);
#2328 = AXIS2_PLACEMENT_3D('',#2329,#2330,#2331);
#2329 = CARTESIAN_POINT('',(17.27,34.97,6.2));
#2330 = DIRECTION('',(0.,0.,1.));
#2331 = DIRECTION('',(1.,0.,0.));
#2332 = ORIENTED_EDGE('',*,*,#2107,.F.);
#2333 = ORIENTED_EDGE('',*,*,#1974,.T.);
#2334 = ORIENTED_EDGE('',*,*,#2085,.T.);
#2335 = CYLINDRICAL_SURFACE('',#2336,2.5);
#2336 = AXIS2_PLACEMENT_3D('',#2337,#2338,#2339);
#2337 = CARTESIAN_POINT('',(17.27,34.97,5.6));
#2338 = DIRECTION('',(0.,0.,1.));
#2339 = DIRECTION('',(1.,0.,0.));
#2340 = ADVANCED_FACE('',(#2341),#2360,.F.);
#2341 = FACE_BOUND('',#2342,.F.);
#2342 = EDGE_LOOP('',(#2343,#2352,#2358,#2359));
#2343 = ORIENTED_EDGE('',*,*,#2344,.F.);
#2344 = EDGE_CURVE('',#2345,#2345,#2347,.T.);
#2345 = VERTEX_POINT('',#2346);
#2346 = CARTESIAN_POINT('',(18.87,34.97,10.2));
#2347 = CIRCLE('',#2348,1.6);
#2348 = AXIS2_PLACEMENT_3D('',#2349,#2350,#2351);
#2349 = CARTESIAN_POINT('',(17.27,34.97,10.2));
#2350 = DIRECTION('',(0.,0.,1.));
#2351 = DIRECTION('',(1.,0.,0.));
#2352 = ORIENTED_EDGE('',*,*,#2353,.F.);
#2353 = EDGE_CURVE('',#2003,#2345,#2354,.T.);
#2354 = LINE('',#2355,#2356);
#2355 = CARTESIAN_POINT('',(18.87,34.97,5.6));
#2356 = VECTOR('',#2357,1.);
#2357 = DIRECTION('',(0.,0.,1.));
#2358 = ORIENTED_EDGE('',*,*,#2002,.T.);
#2359 = ORIENTED_EDGE('',*,*,#2353,.T.);
#2360 = CYLINDRICAL_SURFACE('',#2361,1.6);
#2361 = AXIS2_PLACEMENT_3D('',#2362,#2363,#2364);
#2362 = CARTESIAN_POINT('',(17.27,34.97,5.6));
#2363 = DIRECTION('',(0.,0.,1.));
#2364 = DIRECTION('',(1.,0.,0.));
#2365 = ADVANCED_FACE('',(#2366),#2371,.F.);
#2366 = FACE_BOUND('',#2367,.F.);
#2367 = EDGE_LOOP('',(#2368,#2369,#2370));
#2368 = ORIENTED_EDGE('',*,*,#2119,.F.);
#2369 = ORIENTED_EDGE('',*,*,#2093,.F.);
#2370 = ORIENTED_EDGE('',*,*,#2326,.F.);
#2371 = PLANE('',#2372);
#2372 = AXIS2_PLACEMENT_3D('',#2373,#2374,#2375);
#2373 = CARTESIAN_POINT('',(17.27,34.97,6.2));
#2374 = DIRECTION('',(0.,0.,1.));
#2375 = DIRECTION('',(1.,0.,0.));
#2376 = ADVANCED_FACE('',(#2377),#2399,.T.);
#2377 = FACE_BOUND('',#2378,.T.);
#2378 = EDGE_LOOP('',(#2379,#2388,#2389,#2390,#2391,#2392));
#2379 = ORIENTED_EDGE('',*,*,#2380,.T.);
#2380 = EDGE_CURVE('',#2381,#2232,#2383,.T.);
#2381 = VERTEX_POINT('',#2382);
#2382 = CARTESIAN_POINT('',(66.49,2.7,5.6));
#2383 = CIRCLE('',#2384,2.5);
#2384 = AXIS2_PLACEMENT_3D('',#2385,#2386,#2387);
#2385 = CARTESIAN_POINT('',(63.99,2.7,5.6));
#2386 = DIRECTION('',(0.,0.,1.));
#2387 = DIRECTION('',(1.,0.,0.));
#2388 = ORIENTED_EDGE('',*,*,#2239,.T.);
#2389 = ORIENTED_EDGE('',*,*,#2159,.F.);
#2390 = ORIENTED_EDGE('',*,*,#2168,.F.);
#2391 = ORIENTED_EDGE('',*,*,#2223,.F.);
#2392 = ORIENTED_EDGE('',*,*,#2393,.T.);
#2393 = EDGE_CURVE('',#2224,#2381,#2394,.T.);
#2394 = CIRCLE('',#2395,2.5);
#2395 = AXIS2_PLACEMENT_3D('',#2396,#2397,#2398);
#2396 = CARTESIAN_POINT('',(63.99,2.7,5.6));
#2397 = DIRECTION('',(0.,0.,1.));
#2398 = DIRECTION('',(1.,0.,0.));
#2399 = CYLINDRICAL_SURFACE('',#2400,2.5);
#2400 = AXIS2_PLACEMENT_3D('',#2401,#2402,#2403);
#2401 = CARTESIAN_POINT('',(63.99,2.7,5.6));
#2402 = DIRECTION('',(0.,0.,1.));
#2403 = DIRECTION('',(1.,0.,0.));
#2404 = ADVANCED_FACE('',(#2405,#2410),#2421,.F.);
#2405 = FACE_BOUND('',#2406,.F.);
#2406 = EDGE_LOOP('',(#2407,#2408,#2409));
#2407 = ORIENTED_EDGE('',*,*,#2393,.T.);
#2408 = ORIENTED_EDGE('',*,*,#2380,.T.);
#2409 = ORIENTED_EDGE('',*,*,#2231,.F.);
#2410 = FACE_BOUND('',#2411,.F.);
#2411 = EDGE_LOOP('',(#2412));
#2412 = ORIENTED_EDGE('',*,*,#2413,.F.);
#2413 = EDGE_CURVE('',#2414,#2414,#2416,.T.);
#2414 = VERTEX_POINT('',#2415);
#2415 = CARTESIAN_POINT('',(65.59,2.7,5.6));
#2416 = CIRCLE('',#2417,1.6);
#2417 = AXIS2_PLACEMENT_3D('',#2418,#2419,#2420);
#2418 = CARTESIAN_POINT('',(63.99,2.7,5.6));
#2419 = DIRECTION('',(0.,0.,1.));
#2420 = DIRECTION('',(1.,0.,0.));
#2421 = PLANE('',#2422);
#2422 = AXIS2_PLACEMENT_3D('',#2423,#2424,#2425);
#2423 = CARTESIAN_POINT('',(63.99,2.7,5.6));
#2424 = DIRECTION('',(0.,0.,1.));
#2425 = DIRECTION('',(1.,0.,0.));
#2426 = ADVANCED_FACE('',(#2427),#2446,.F.);
#2427 = FACE_BOUND('',#2428,.F.);
#2428 = EDGE_LOOP('',(#2429,#2438,#2444,#2445));
#2429 = ORIENTED_EDGE('',*,*,#2430,.F.);
#2430 = EDGE_CURVE('',#2431,#2431,#2433,.T.);
#2431 = VERTEX_POINT('',#2432);
#2432 = CARTESIAN_POINT('',(65.54,34.86,10.2));
#2433 = CIRCLE('',#2434,1.6);
#2434 = AXIS2_PLACEMENT_3D('',#2435,#2436,#2437);
#2435 = CARTESIAN_POINT('',(63.94,34.86,10.2));
#2436 = DIRECTION('',(0.,0.,1.));
#2437 = DIRECTION('',(1.,0.,0.));
#2438 = ORIENTED_EDGE('',*,*,#2439,.F.);
#2439 = EDGE_CURVE('',#2310,#2431,#2440,.T.);
#2440 = LINE('',#2441,#2442);
#2441 = CARTESIAN_POINT('',(65.54,34.86,5.6));
#2442 = VECTOR('',#2443,1.);
#2443 = DIRECTION('',(0.,0.,1.));
#2444 = ORIENTED_EDGE('',*,*,#2309,.T.);
#2445 = ORIENTED_EDGE('',*,*,#2439,.T.);
#2446 = CYLINDRICAL_SURFACE('',#2447,1.6);
#2447 = AXIS2_PLACEMENT_3D('',#2448,#2449,#2450);
#2448 = CARTESIAN_POINT('',(63.94,34.86,5.6));
#2449 = DIRECTION('',(0.,0.,1.));
#2450 = DIRECTION('',(1.,0.,0.));
#2451 = ADVANCED_FACE('',(#2452),#2455,.F.);
#2452 = FACE_BOUND('',#2453,.F.);
#2453 = EDGE_LOOP('',(#2454));
#2454 = ORIENTED_EDGE('',*,*,#2344,.T.);
#2455 = PLANE('',#2456);
#2456 = AXIS2_PLACEMENT_3D('',#2457,#2458,#2459);
#2457 = CARTESIAN_POINT('',(17.27,34.97,10.2));
#2458 = DIRECTION('',(0.,0.,1.));
#2459 = DIRECTION('',(1.,0.,0.));
#2460 = ADVANCED_FACE('',(#2461),#2480,.F.);
#2461 = FACE_BOUND('',#2462,.F.);
#2462 = EDGE_LOOP('',(#2463,#2472,#2478,#2479));
#2463 = ORIENTED_EDGE('',*,*,#2464,.F.);
#2464 = EDGE_CURVE('',#2465,#2465,#2467,.T.);
#2465 = VERTEX_POINT('',#2466);
#2466 = CARTESIAN_POINT('',(65.59,2.7,10.2));
#2467 = CIRCLE('',#2468,1.6);
#2468 = AXIS2_PLACEMENT_3D('',#2469,#2470,#2471);
#2469 = CARTESIAN_POINT('',(63.99,2.7,10.2));
#2470 = DIRECTION('',(0.,0.,1.));
#2471 = DIRECTION('',(1.,0.,0.));
#2472 = ORIENTED_EDGE('',*,*,#2473,.F.);
#2473 = EDGE_CURVE('',#2414,#2465,#2474,.T.);
#2474 = LINE('',#2475,#2476);
#2475 = CARTESIAN_POINT('',(65.59,2.7,5.6));
#2476 = VECTOR('',#2477,1.);
#2477 = DIRECTION('',(0.,0.,1.));
#2478 = ORIENTED_EDGE('',*,*,#2413,.T.);
#2479 = ORIENTED_EDGE('',*,*,#2473,.T.);
#2480 = CYLINDRICAL_SURFACE('',#2481,1.6);
#2481 = AXIS2_PLACEMENT_3D('',#2482,#2483,#2484);
#2482 = CARTESIAN_POINT('',(63.99,2.7,5.6));
#2483 = DIRECTION('',(0.,0.,1.));
#2484 = DIRECTION('',(1.,0.,0.));
#2485 = ADVANCED_FACE('',(#2486),#2489,.F.);
#2486 = FACE_BOUND('',#2487,.F.);
#2487 = EDGE_LOOP('',(#2488));
#2488 = ORIENTED_EDGE('',*,*,#2430,.T.);
#2489 = PLANE('',#2490);
#2490 = AXIS2_PLACEMENT_3D('',#2491,#2492,#2493);
#2491 = CARTESIAN_POINT('',(63.94,34.86,10.2));
#2492 = DIRECTION('',(0.,0.,1.));
#2493 = DIRECTION('',(1.,0.,0.));
#2494 = ADVANCED_FACE('',(#2495),#2498,.F.);
#2495 = FACE_BOUND('',#2496,.F.);
#2496 = EDGE_LOOP('',(#2497));
#2497 = ORIENTED_EDGE('',*,*,#2464,.T.);
#2498 = PLANE('',#2499);
#2499 = AXIS2_PLACEMENT_3D('',#2500,#2501,#2502);
#2500 = CARTESIAN_POINT('',(63.99,2.7,10.2));
#2501 = DIRECTION('',(0.,0.,1.));
#2502 = DIRECTION('',(1.,0.,0.));
#2503 = ADVANCED_FACE('',(#2504),#2530,.F.);
#2504 = FACE_BOUND('',#2505,.F.);
#2505 = EDGE_LOOP('',(#2506,#2507,#2515,#2524));
#2506 = ORIENTED_EDGE('',*,*,#246,.F.);
#2507 = ORIENTED_EDGE('',*,*,#2508,.F.);
#2508 = EDGE_CURVE('',#2509,#247,#2511,.T.);
#2509 = VERTEX_POINT('',#2510);
#2510 = CARTESIAN_POINT('',(-1.6,6.785301005062,23.));
#2511 = LINE('',#2512,#2513);
#2512 = CARTESIAN_POINT('',(-3.5,6.785301005062,23.));
#2513 = VECTOR('',#2514,1.);
#2514 = DIRECTION('',(1.,0.,0.));
#2515 = ORIENTED_EDGE('',*,*,#2516,.T.);
#2516 = EDGE_CURVE('',#2509,#2517,#2519,.T.);
#2517 = VERTEX_POINT('',#2518);
#2518 = CARTESIAN_POINT('',(-1.6,8.82,16.1));
#2519 = CIRCLE('',#2520,3.75);
#2520 = AXIS2_PLACEMENT_3D('',#2521,#2522,#2523);
#2521 = CARTESIAN_POINT('',(-1.6,8.82,19.85));
#2522 = DIRECTION('',(1.,0.,-0.));
#2523 = DIRECTION('',(0.,0.,1.));
#2524 = ORIENTED_EDGE('',*,*,#2525,.T.);
#2525 = EDGE_CURVE('',#2517,#249,#2526,.T.);
#2526 = LINE('',#2527,#2528);
#2527 = CARTESIAN_POINT('',(-3.5,8.82,16.1));
#2528 = VECTOR('',#2529,1.);
#2529 = DIRECTION('',(1.,0.,0.));
#2530 = CYLINDRICAL_SURFACE('',#2531,3.75);
#2531 = AXIS2_PLACEMENT_3D('',#2532,#2533,#2534);
#2532 = CARTESIAN_POINT('',(-3.5,8.82,19.85));
#2533 = DIRECTION('',(1.,0.,0.));
#2534 = DIRECTION('',(0.,0.,1.));
#2535 = ADVANCED_FACE('',(#2536),#2554,.T.);
#2536 = FACE_BOUND('',#2537,.T.);
#2537 = EDGE_LOOP('',(#2538,#2546,#2547,#2548));
#2538 = ORIENTED_EDGE('',*,*,#2539,.F.);
#2539 = EDGE_CURVE('',#2517,#2540,#2542,.T.);
#2540 = VERTEX_POINT('',#2541);
#2541 = CARTESIAN_POINT('',(-1.6,14.32,16.1));
#2542 = LINE('',#2543,#2544);
#2543 = CARTESIAN_POINT('',(-1.6,8.82,16.1));
#2544 = VECTOR('',#2545,1.);
#2545 = DIRECTION('',(0.,1.,0.));
#2546 = ORIENTED_EDGE('',*,*,#2525,.T.);
#2547 = ORIENTED_EDGE('',*,*,#274,.F.);
#2548 = ORIENTED_EDGE('',*,*,#2549,.F.);
#2549 = EDGE_CURVE('',#2540,#266,#2550,.T.);
#2550 = LINE('',#2551,#2552);
#2551 = CARTESIAN_POINT('',(-3.5,14.32,16.1));
#2552 = VECTOR('',#2553,1.);
#2553 = DIRECTION('',(1.,0.,0.));
#2554 = PLANE('',#2555);
#2555 = AXIS2_PLACEMENT_3D('',#2556,#2557,#2558);
#2556 = CARTESIAN_POINT('',(-3.5,8.82,16.1));
#2557 = DIRECTION('',(0.,0.,1.));
#2558 = DIRECTION('',(1.,0.,0.));
#2559 = ADVANCED_FACE('',(#2560),#2579,.F.);
#2560 = FACE_BOUND('',#2561,.F.);
#2561 = EDGE_LOOP('',(#2562,#2563,#2572,#2578));
#2562 = ORIENTED_EDGE('',*,*,#2549,.F.);
#2563 = ORIENTED_EDGE('',*,*,#2564,.T.);
#2564 = EDGE_CURVE('',#2540,#2565,#2567,.T.);
#2565 = VERTEX_POINT('',#2566);
#2566 = CARTESIAN_POINT('',(-1.6,16.354698994938,23.));
#2567 = CIRCLE('',#2568,3.75);
#2568 = AXIS2_PLACEMENT_3D('',#2569,#2570,#2571);
#2569 = CARTESIAN_POINT('',(-1.6,14.32,19.85));
#2570 = DIRECTION('',(1.,0.,-0.));
#2571 = DIRECTION('',(0.,0.,1.));
#2572 = ORIENTED_EDGE('',*,*,#2573,.T.);
#2573 = EDGE_CURVE('',#2565,#258,#2574,.T.);
#2574 = LINE('',#2575,#2576);
#2575 = CARTESIAN_POINT('',(-3.5,16.354698994938,23.));
#2576 = VECTOR('',#2577,1.);
#2577 = DIRECTION('',(1.,0.,0.));
#2578 = ORIENTED_EDGE('',*,*,#265,.F.);
#2579 = CYLINDRICAL_SURFACE('',#2580,3.75);
#2580 = AXIS2_PLACEMENT_3D('',#2581,#2582,#2583);
#2581 = CARTESIAN_POINT('',(-3.5,14.32,19.85));
#2582 = DIRECTION('',(1.,0.,0.));
#2583 = DIRECTION('',(0.,0.,1.));
#2584 = ADVANCED_FACE('',(#2585),#2628,.F.);
#2585 = FACE_BOUND('',#2586,.F.);
#2586 = EDGE_LOOP('',(#2587,#2597,#2605,#2613,#2619,#2620,#2621,#2622));
#2587 = ORIENTED_EDGE('',*,*,#2588,.F.);
#2588 = EDGE_CURVE('',#2589,#2591,#2593,.T.);
#2589 = VERTEX_POINT('',#2590);
#2590 = CARTESIAN_POINT('',(-2.9,17.875277766926,23.));
#2591 = VERTEX_POINT('',#2592);
#2592 = CARTESIAN_POINT('',(-1.6,17.875277766926,23.));
#2593 = LINE('',#2594,#2595);
#2594 = CARTESIAN_POINT('',(-3.5,17.875277766926,23.));
#2595 = VECTOR('',#2596,1.);
#2596 = DIRECTION('',(1.,0.,0.));
#2597 = ORIENTED_EDGE('',*,*,#2598,.F.);
#2598 = EDGE_CURVE('',#2599,#2589,#2601,.T.);
#2599 = VERTEX_POINT('',#2600);
#2600 = CARTESIAN_POINT('',(-2.9,5.264722233074,23.));
#2601 = LINE('',#2602,#2603);
#2602 = CARTESIAN_POINT('',(-2.9,-15.85099335302,23.));
#2603 = VECTOR('',#2604,1.);
#2604 = DIRECTION('',(0.,1.,0.));
#2605 = ORIENTED_EDGE('',*,*,#2606,.T.);
#2606 = EDGE_CURVE('',#2599,#2607,#2609,.T.);
#2607 = VERTEX_POINT('',#2608);
#2608 = CARTESIAN_POINT('',(-1.6,5.264722233074,23.));
#2609 = LINE('',#2610,#2611);
#2610 = CARTESIAN_POINT('',(-3.5,5.264722233074,23.));
#2611 = VECTOR('',#2612,1.);
#2612 = DIRECTION('',(1.,0.,0.));
#2613 = ORIENTED_EDGE('',*,*,#2614,.T.);
#2614 = EDGE_CURVE('',#2607,#2509,#2615,.T.);
#2615 = LINE('',#2616,#2617);
#2616 = CARTESIAN_POINT('',(-1.6,-19.215,23.));
#2617 = VECTOR('',#2618,1.);
#2618 = DIRECTION('',(0.,1.,0.));
#2619 = ORIENTED_EDGE('',*,*,#2508,.T.);
#2620 = ORIENTED_EDGE('',*,*,#257,.F.);
#2621 = ORIENTED_EDGE('',*,*,#2573,.F.);
#2622 = ORIENTED_EDGE('',*,*,#2623,.T.);
#2623 = EDGE_CURVE('',#2565,#2591,#2624,.T.);
#2624 = LINE('',#2625,#2626);
#2625 = CARTESIAN_POINT('',(-1.6,-19.215,23.));
#2626 = VECTOR('',#2627,1.);
#2627 = DIRECTION('',(0.,1.,0.));
#2628 = PLANE('',#2629);
#2629 = AXIS2_PLACEMENT_3D('',#2630,#2631,#2632);
#2630 = CARTESIAN_POINT('',(-50.,-50.,23.));
#2631 = DIRECTION('',(0.,0.,1.));
#2632 = DIRECTION('',(1.,0.,-0.));
#2633 = ADVANCED_FACE('',(#2634),#2665,.T.);
#2634 = FACE_BOUND('',#2635,.T.);
#2635 = EDGE_LOOP('',(#2636,#2645,#2646,#2647,#2648,#2649,#2650,#2659));
#2636 = ORIENTED_EDGE('',*,*,#2637,.F.);
#2637 = EDGE_CURVE('',#2607,#2638,#2640,.T.);
#2638 = VERTEX_POINT('',#2639);
#2639 = CARTESIAN_POINT('',(-1.6,8.82,15.1));
#2640 = CIRCLE('',#2641,4.75);
#2641 = AXIS2_PLACEMENT_3D('',#2642,#2643,#2644);
#2642 = CARTESIAN_POINT('',(-1.6,8.82,19.85));
#2643 = DIRECTION('',(1.,0.,-0.));
#2644 = DIRECTION('',(0.,0.,1.));
#2645 = ORIENTED_EDGE('',*,*,#2614,.T.);
#2646 = ORIENTED_EDGE('',*,*,#2516,.T.);
#2647 = ORIENTED_EDGE('',*,*,#2539,.T.);
#2648 = ORIENTED_EDGE('',*,*,#2564,.T.);
#2649 = ORIENTED_EDGE('',*,*,#2623,.T.);
#2650 = ORIENTED_EDGE('',*,*,#2651,.F.);
#2651 = EDGE_CURVE('',#2652,#2591,#2654,.T.);
#2652 = VERTEX_POINT('',#2653);
#2653 = CARTESIAN_POINT('',(-1.6,14.32,15.1));
#2654 = CIRCLE('',#2655,4.75);
#2655 = AXIS2_PLACEMENT_3D('',#2656,#2657,#2658);
#2656 = CARTESIAN_POINT('',(-1.6,14.32,19.85));
#2657 = DIRECTION('',(1.,0.,-0.));
#2658 = DIRECTION('',(0.,0.,1.));
#2659 = ORIENTED_EDGE('',*,*,#2660,.F.);
#2660 = EDGE_CURVE('',#2638,#2652,#2661,.T.);
#2661 = LINE('',#2662,#2663);
#2662 = CARTESIAN_POINT('',(-1.6,8.82,15.1));
#2663 = VECTOR('',#2664,1.);
#2664 = DIRECTION('',(0.,1.,0.));
#2665 = PLANE('',#2666);
#2666 = AXIS2_PLACEMENT_3D('',#2667,#2668,#2669);
#2667 = CARTESIAN_POINT('',(-1.6,11.57,19.85));
#2668 = DIRECTION('',(-1.,-0.,-0.));
#2669 = DIRECTION('',(0.,0.,-1.));
#2670 = ADVANCED_FACE('',(#2671),#2690,.F.);
#2671 = FACE_BOUND('',#2672,.F.);
#2672 = EDGE_LOOP('',(#2673,#2674,#2682,#2689));
#2673 = ORIENTED_EDGE('',*,*,#2651,.F.);
#2674 = ORIENTED_EDGE('',*,*,#2675,.F.);
#2675 = EDGE_CURVE('',#2676,#2652,#2678,.T.);
#2676 = VERTEX_POINT('',#2677);
#2677 = CARTESIAN_POINT('',(-2.9,14.32,15.1));
#2678 = LINE('',#2679,#2680);
#2679 = CARTESIAN_POINT('',(-3.5,14.32,15.1));
#2680 = VECTOR('',#2681,1.);
#2681 = DIRECTION('',(1.,0.,0.));
#2682 = ORIENTED_EDGE('',*,*,#2683,.T.);
#2683 = EDGE_CURVE('',#2676,#2589,#2684,.T.);
#2684 = CIRCLE('',#2685,4.75);
#2685 = AXIS2_PLACEMENT_3D('',#2686,#2687,#2688);
#2686 = CARTESIAN_POINT('',(-2.9,14.32,19.85));
#2687 = DIRECTION('',(1.,0.,-0.));
#2688 = DIRECTION('',(0.,0.,1.));
#2689 = ORIENTED_EDGE('',*,*,#2588,.T.);
#2690 = CYLINDRICAL_SURFACE('',#2691,4.75);
#2691 = AXIS2_PLACEMENT_3D('',#2692,#2693,#2694);
#2692 = CARTESIAN_POINT('',(-3.5,14.32,19.85));
#2693 = DIRECTION('',(1.,0.,0.));
#2694 = DIRECTION('',(0.,0.,1.));
#2695 = ADVANCED_FACE('',(#2696),#2714,.T.);
#2696 = FACE_BOUND('',#2697,.T.);
#2697 = EDGE_LOOP('',(#2698,#2706,#2712,#2713));
#2698 = ORIENTED_EDGE('',*,*,#2699,.T.);
#2699 = EDGE_CURVE('',#2676,#2700,#2702,.T.);
#2700 = VERTEX_POINT('',#2701);
#2701 = CARTESIAN_POINT('',(-2.9,8.82,15.1));
#2702 = LINE('',#2703,#2704);
#2703 = CARTESIAN_POINT('',(-2.9,2.96,15.1));
#2704 = VECTOR('',#2705,1.);
#2705 = DIRECTION('',(0.,-1.,0.));
#2706 = ORIENTED_EDGE('',*,*,#2707,.T.);
#2707 = EDGE_CURVE('',#2700,#2638,#2708,.T.);
#2708 = LINE('',#2709,#2710);
#2709 = CARTESIAN_POINT('',(-3.5,8.82,15.1));
#2710 = VECTOR('',#2711,1.);
#2711 = DIRECTION('',(1.,0.,0.));
#2712 = ORIENTED_EDGE('',*,*,#2660,.T.);
#2713 = ORIENTED_EDGE('',*,*,#2675,.F.);
#2714 = PLANE('',#2715);
#2715 = AXIS2_PLACEMENT_3D('',#2716,#2717,#2718);
#2716 = CARTESIAN_POINT('',(-3.5,8.82,15.1));
#2717 = DIRECTION('',(0.,0.,1.));
#2718 = DIRECTION('',(1.,0.,0.));
#2719 = ADVANCED_FACE('',(#2720),#2732,.F.);
#2720 = FACE_BOUND('',#2721,.F.);
#2721 = EDGE_LOOP('',(#2722,#2723,#2724,#2731));
#2722 = ORIENTED_EDGE('',*,*,#2637,.F.);
#2723 = ORIENTED_EDGE('',*,*,#2606,.F.);
#2724 = ORIENTED_EDGE('',*,*,#2725,.T.);
#2725 = EDGE_CURVE('',#2599,#2700,#2726,.T.);
#2726 = CIRCLE('',#2727,4.75);
#2727 = AXIS2_PLACEMENT_3D('',#2728,#2729,#2730);
#2728 = CARTESIAN_POINT('',(-2.9,8.82,19.85));
#2729 = DIRECTION('',(1.,0.,-0.));
#2730 = DIRECTION('',(0.,0.,1.));
#2731 = ORIENTED_EDGE('',*,*,#2707,.T.);
#2732 = CYLINDRICAL_SURFACE('',#2733,4.75);
#2733 = AXIS2_PLACEMENT_3D('',#2734,#2735,#2736);
#2734 = CARTESIAN_POINT('',(-3.5,8.82,19.85));
#2735 = DIRECTION('',(1.,0.,0.));
#2736 = DIRECTION('',(0.,0.,1.));
#2737 = ADVANCED_FACE('',(#2738),#2754,.T.);
#2738 = FACE_BOUND('',#2739,.T.);
#2739 = EDGE_LOOP('',(#2740,#2746,#2747,#2753));
#2740 = ORIENTED_EDGE('',*,*,#2741,.T.);
#2741 = EDGE_CURVE('',#759,#118,#2742,.T.);
#2742 = LINE('',#2743,#2744);
#2743 = CARTESIAN_POINT('',(61.94,37.42173769149,6.2));
#2744 = VECTOR('',#2745,1.);
#2745 = DIRECTION('',(0.,0.,1.));
#2746 = ORIENTED_EDGE('',*,*,#117,.T.);
#2747 = ORIENTED_EDGE('',*,*,#2748,.T.);
#2748 = EDGE_CURVE('',#110,#768,#2749,.T.);
#2749 = LINE('',#2750,#2751);
#2750 = CARTESIAN_POINT('',(61.94,38.05,3.48));
#2751 = VECTOR('',#2752,1.);
#2752 = DIRECTION('',(0.,0.,-1.));
#2753 = ORIENTED_EDGE('',*,*,#767,.F.);
#2754 = PLANE('',#2755);
#2755 = AXIS2_PLACEMENT_3D('',#2756,#2757,#2758);
#2756 = CARTESIAN_POINT('',(61.94,37.735868845745,17.73));
#2757 = DIRECTION('',(-1.,-0.,-0.));
#2758 = DIRECTION('',(0.,0.,-1.));
#2759 = ADVANCED_FACE('',(#2760),#2771,.T.);
#2760 = FACE_BOUND('',#2761,.T.);
#2761 = EDGE_LOOP('',(#2762,#2763,#2764,#2765));
#2762 = ORIENTED_EDGE('',*,*,#775,.T.);
#2763 = ORIENTED_EDGE('',*,*,#2748,.F.);
#2764 = ORIENTED_EDGE('',*,*,#109,.F.);
#2765 = ORIENTED_EDGE('',*,*,#2766,.T.);
#2766 = EDGE_CURVE('',#102,#776,#2767,.T.);
#2767 = LINE('',#2768,#2769);
#2768 = CARTESIAN_POINT('',(19.27,38.05,3.48));
#2769 = VECTOR('',#2770,1.);
#2770 = DIRECTION('',(0.,0.,-1.));
#2771 = PLANE('',#2772);
#2772 = AXIS2_PLACEMENT_3D('',#2773,#2774,#2775);
#2773 = CARTESIAN_POINT('',(40.605,38.05,17.73));
#2774 = DIRECTION('',(-0.,-1.,-4.933558563135E-16));
#2775 = DIRECTION('',(0.,4.933558563135E-16,-1.));
#2776 = ADVANCED_FACE('',(#2777),#2793,.T.);
#2777 = FACE_BOUND('',#2778,.T.);
#2778 = EDGE_LOOP('',(#2779,#2780,#2786,#2787));
#2779 = ORIENTED_EDGE('',*,*,#825,.T.);
#2780 = ORIENTED_EDGE('',*,*,#2781,.F.);
#2781 = EDGE_CURVE('',#50,#818,#2782,.T.);
#2782 = LINE('',#2783,#2784);
#2783 = CARTESIAN_POINT('',(15.27,38.05,5.48));
#2784 = VECTOR('',#2785,1.);
#2785 = DIRECTION('',(0.,0.,-1.));
#2786 = ORIENTED_EDGE('',*,*,#49,.F.);
#2787 = ORIENTED_EDGE('',*,*,#2788,.F.);
#2788 = EDGE_CURVE('',#826,#41,#2789,.T.);
#2789 = LINE('',#2790,#2791);
#2790 = CARTESIAN_POINT('',(0.9,38.05,-3.));
#2791 = VECTOR('',#2792,1.);
#2792 = DIRECTION('',(0.,0.,1.));
#2793 = PLANE('',#2794);
#2794 = AXIS2_PLACEMENT_3D('',#2795,#2796,#2797);
#2795 = CARTESIAN_POINT('',(8.085,38.05,17.73));
#2796 = DIRECTION('',(-0.,-1.,-3.545787425979E-16));
#2797 = DIRECTION('',(0.,3.545787425979E-16,-1.));
#2798 = ADVANCED_FACE('',(#2799),#2810,.T.);
#2799 = FACE_BOUND('',#2800,.T.);
#2800 = EDGE_LOOP('',(#2801,#2802,#2803,#2804));
#2801 = ORIENTED_EDGE('',*,*,#783,.T.);
#2802 = ORIENTED_EDGE('',*,*,#2766,.F.);
#2803 = ORIENTED_EDGE('',*,*,#101,.F.);
#2804 = ORIENTED_EDGE('',*,*,#2805,.F.);
#2805 = EDGE_CURVE('',#784,#93,#2806,.T.);
#2806 = LINE('',#2807,#2808);
#2807 = CARTESIAN_POINT('',(19.27,37.53173769149,9.96));
#2808 = VECTOR('',#2809,1.);
#2809 = DIRECTION('',(0.,0.,1.));
#2810 = PLANE('',#2811);
#2811 = AXIS2_PLACEMENT_3D('',#2812,#2813,#2814);
#2812 = CARTESIAN_POINT('',(19.27,37.790868845745,17.73));
#2813 = DIRECTION('',(1.,0.,0.));
#2814 = DIRECTION('',(-0.,0.,1.));
#2815 = ADVANCED_FACE('',(#2816),#2827,.T.);
#2816 = FACE_BOUND('',#2817,.T.);
#2817 = EDGE_LOOP('',(#2818,#2824,#2825,#2826));
#2818 = ORIENTED_EDGE('',*,*,#2819,.T.);
#2819 = EDGE_CURVE('',#809,#58,#2820,.T.);
#2820 = LINE('',#2821,#2822);
#2821 = CARTESIAN_POINT('',(15.27,37.53173769149,11.96));
#2822 = VECTOR('',#2823,1.);
#2823 = DIRECTION('',(0.,0.,1.));
#2824 = ORIENTED_EDGE('',*,*,#57,.T.);
#2825 = ORIENTED_EDGE('',*,*,#2781,.T.);
#2826 = ORIENTED_EDGE('',*,*,#817,.F.);
#2827 = PLANE('',#2828);
#2828 = AXIS2_PLACEMENT_3D('',#2829,#2830,#2831);
#2829 = CARTESIAN_POINT('',(15.27,37.790868845745,17.73));
#2830 = DIRECTION('',(-1.,-0.,-0.));
#2831 = DIRECTION('',(0.,0.,-1.));
#2832 = ADVANCED_FACE('',(#2833),#2858,.T.);
#2833 = FACE_BOUND('',#2834,.T.);
#2834 = EDGE_LOOP('',(#2835,#2836,#2844,#2852));
#2835 = ORIENTED_EDGE('',*,*,#905,.F.);
#2836 = ORIENTED_EDGE('',*,*,#2837,.T.);
#2837 = EDGE_CURVE('',#897,#2838,#2840,.T.);
#2838 = VERTEX_POINT('',#2839);
#2839 = CARTESIAN_POINT('',(2.1,40.45,24.));
#2840 = LINE('',#2841,#2842);
#2841 = CARTESIAN_POINT('',(2.1,40.45,0.));
#2842 = VECTOR('',#2843,1.);
#2843 = DIRECTION('',(0.,0.,1.));
#2844 = ORIENTED_EDGE('',*,*,#2845,.T.);
#2845 = EDGE_CURVE('',#2838,#2846,#2848,.T.);
#2846 = VERTEX_POINT('',#2847);
#2847 = CARTESIAN_POINT('',(64.55,40.45,24.));
#2848 = LINE('',#2849,#2850);
#2849 = CARTESIAN_POINT('',(2.1,40.45,24.));
#2850 = VECTOR('',#2851,1.);
#2851 = DIRECTION('',(1.,0.,0.));
#2852 = ORIENTED_EDGE('',*,*,#2853,.F.);
#2853 = EDGE_CURVE('',#906,#2846,#2854,.T.);
#2854 = LINE('',#2855,#2856);
#2855 = CARTESIAN_POINT('',(64.55,40.45,-2.));
#2856 = VECTOR('',#2857,1.);
#2857 = DIRECTION('',(0.,0.,1.));
#2858 = PLANE('',#2859);
#2859 = AXIS2_PLACEMENT_3D('',#2860,#2861,#2862);
#2860 = CARTESIAN_POINT('',(33.325,40.45,17.98));
#2861 = DIRECTION('',(0.,1.,-5.072763525531E-16));
#2862 = DIRECTION('',(0.,5.072763525531E-16,1.));
#2863 = ADVANCED_FACE('',(#2864),#2900,.T.);
#2864 = FACE_BOUND('',#2865,.F.);
#2865 = EDGE_LOOP('',(#2866,#2877,#2884,#2893));
#2866 = ORIENTED_EDGE('',*,*,#2867,.F.);
#2867 = EDGE_CURVE('',#2868,#2870,#2872,.T.);
#2868 = VERTEX_POINT('',#2869);
#2869 = CARTESIAN_POINT('',(-2.9,35.45,24.));
#2870 = VERTEX_POINT('',#2871);
#2871 = CARTESIAN_POINT('',(-0.9,35.45,26.));
#2872 = CIRCLE('',#2873,2.);
#2873 = AXIS2_PLACEMENT_3D('',#2874,#2875,#2876);
#2874 = CARTESIAN_POINT('',(-0.9,35.45,24.));
#2875 = DIRECTION('',(0.,1.,-0.));
#2876 = DIRECTION('',(-1.,0.,0.));
#2877 = ORIENTED_EDGE('',*,*,#2878,.T.);
#2878 = EDGE_CURVE('',#2868,#2838,#2879,.T.);
#2879 = CIRCLE('',#2880,5.);
#2880 = AXIS2_PLACEMENT_3D('',#2881,#2882,#2883);
#2881 = CARTESIAN_POINT('',(2.1,35.45,24.));
#2882 = DIRECTION('',(0.,0.,-1.));
#2883 = DIRECTION('',(-1.,0.,0.));
#2884 = ORIENTED_EDGE('',*,*,#2885,.T.);
#2885 = EDGE_CURVE('',#2838,#2886,#2888,.T.);
#2886 = VERTEX_POINT('',#2887);
#2887 = CARTESIAN_POINT('',(2.1,38.45,26.));
#2888 = CIRCLE('',#2889,2.);
#2889 = AXIS2_PLACEMENT_3D('',#2890,#2891,#2892);
#2890 = CARTESIAN_POINT('',(2.1,38.45,24.));
#2891 = DIRECTION('',(1.,6.E-17,-0.));
#2892 = DIRECTION('',(-6.E-17,1.,0.));
#2893 = ORIENTED_EDGE('',*,*,#2894,.F.);
#2894 = EDGE_CURVE('',#2870,#2886,#2895,.T.);
#2895 = CIRCLE('',#2896,3.);
#2896 = AXIS2_PLACEMENT_3D('',#2897,#2898,#2899);
#2897 = CARTESIAN_POINT('',(2.1,35.45,26.));
#2898 = DIRECTION('',(0.,0.,-1.));
#2899 = DIRECTION('',(-1.,0.,0.));
#2900 = TOROIDAL_SURFACE('',#2901,3.,2.);
#2901 = AXIS2_PLACEMENT_3D('',#2902,#2903,#2904);
#2902 = CARTESIAN_POINT('',(2.1,35.45,24.));
#2903 = DIRECTION('',(0.,0.,1.));
#2904 = DIRECTION('',(-1.,0.,0.));
#2905 = ADVANCED_FACE('',(#2906),#2925,.T.);
#2906 = FACE_BOUND('',#2907,.T.);
#2907 = EDGE_LOOP('',(#2908,#2909,#2917,#2924));
#2908 = ORIENTED_EDGE('',*,*,#2885,.T.);
#2909 = ORIENTED_EDGE('',*,*,#2910,.T.);
#2910 = EDGE_CURVE('',#2886,#2911,#2913,.T.);
#2911 = VERTEX_POINT('',#2912);
#2912 = CARTESIAN_POINT('',(64.55,38.45,26.));
#2913 = LINE('',#2914,#2915);
#2914 = CARTESIAN_POINT('',(2.1,38.45,26.));
#2915 = VECTOR('',#2916,1.);
#2916 = DIRECTION('',(1.,0.,0.));
#2917 = ORIENTED_EDGE('',*,*,#2918,.F.);
#2918 = EDGE_CURVE('',#2846,#2911,#2919,.T.);
#2919 = CIRCLE('',#2920,2.);
#2920 = AXIS2_PLACEMENT_3D('',#2921,#2922,#2923);
#2921 = CARTESIAN_POINT('',(64.55,38.45,24.));
#2922 = DIRECTION('',(1.,0.,0.));
#2923 = DIRECTION('',(0.,1.,0.));
#2924 = ORIENTED_EDGE('',*,*,#2845,.F.);
#2925 = CYLINDRICAL_SURFACE('',#2926,2.);
#2926 = AXIS2_PLACEMENT_3D('',#2927,#2928,#2929);
#2927 = CARTESIAN_POINT('',(2.1,38.45,24.));
#2928 = DIRECTION('',(1.,0.,0.));
#2929 = DIRECTION('',(0.,1.,0.));
#2930 = ADVANCED_FACE('',(#2931),#2959,.T.);
#2931 = FACE_BOUND('',#2932,.F.);
#2932 = EDGE_LOOP('',(#2933,#2934,#2943,#2952));
#2933 = ORIENTED_EDGE('',*,*,#2918,.F.);
#2934 = ORIENTED_EDGE('',*,*,#2935,.T.);
#2935 = EDGE_CURVE('',#2846,#2936,#2938,.T.);
#2936 = VERTEX_POINT('',#2937);
#2937 = CARTESIAN_POINT('',(69.55,35.45,24.));
#2938 = CIRCLE('',#2939,5.);
#2939 = AXIS2_PLACEMENT_3D('',#2940,#2941,#2942);
#2940 = CARTESIAN_POINT('',(64.55,35.45,24.));
#2941 = DIRECTION('',(0.,0.,-1.));
#2942 = DIRECTION('',(0.,1.,0.));
#2943 = ORIENTED_EDGE('',*,*,#2944,.T.);
#2944 = EDGE_CURVE('',#2936,#2945,#2947,.T.);
#2945 = VERTEX_POINT('',#2946);
#2946 = CARTESIAN_POINT('',(67.55,35.45,26.));
#2947 = CIRCLE('',#2948,2.);
#2948 = AXIS2_PLACEMENT_3D('',#2949,#2950,#2951);
#2949 = CARTESIAN_POINT('',(67.55,35.45,24.));
#2950 = DIRECTION('',(6.E-17,-1.,0.));
#2951 = DIRECTION('',(1.,6.E-17,0.));
#2952 = ORIENTED_EDGE('',*,*,#2953,.F.);
#2953 = EDGE_CURVE('',#2911,#2945,#2954,.T.);
#2954 = CIRCLE('',#2955,3.);
#2955 = AXIS2_PLACEMENT_3D('',#2956,#2957,#2958);
#2956 = CARTESIAN_POINT('',(64.55,35.45,26.));
#2957 = DIRECTION('',(0.,0.,-1.));
#2958 = DIRECTION('',(0.,1.,0.));
#2959 = TOROIDAL_SURFACE('',#2960,3.,2.);
#2960 = AXIS2_PLACEMENT_3D('',#2961,#2962,#2963);
#2961 = CARTESIAN_POINT('',(64.55,35.45,24.));
#2962 = DIRECTION('',(0.,0.,1.));
#2963 = DIRECTION('',(0.,1.,0.));
#2964 = ADVANCED_FACE('',(#2965),#2991,.T.);
#2965 = FACE_BOUND('',#2966,.T.);
#2966 = EDGE_LOOP('',(#2967,#2968,#2976,#2985));
#2967 = ORIENTED_EDGE('',*,*,#2944,.T.);
#2968 = ORIENTED_EDGE('',*,*,#2969,.T.);
#2969 = EDGE_CURVE('',#2945,#2970,#2972,.T.);
#2970 = VERTEX_POINT('',#2971);
#2971 = CARTESIAN_POINT('',(67.55,2.1,26.));
#2972 = LINE('',#2973,#2974);
#2973 = CARTESIAN_POINT('',(67.55,35.45,26.));
#2974 = VECTOR('',#2975,1.);
#2975 = DIRECTION('',(0.,-1.,0.));
#2976 = ORIENTED_EDGE('',*,*,#2977,.F.);
#2977 = EDGE_CURVE('',#2978,#2970,#2980,.T.);
#2978 = VERTEX_POINT('',#2979);
#2979 = CARTESIAN_POINT('',(69.55,2.1,24.));
#2980 = CIRCLE('',#2981,2.);
#2981 = AXIS2_PLACEMENT_3D('',#2982,#2983,#2984);
#2982 = CARTESIAN_POINT('',(67.55,2.1,24.));
#2983 = DIRECTION('',(0.,-1.,0.));
#2984 = DIRECTION('',(1.,0.,0.));
#2985 = ORIENTED_EDGE('',*,*,#2986,.F.);
#2986 = EDGE_CURVE('',#2936,#2978,#2987,.T.);
#2987 = LINE('',#2988,#2989);
#2988 = CARTESIAN_POINT('',(69.55,35.45,24.));
#2989 = VECTOR('',#2990,1.);
#2990 = DIRECTION('',(0.,-1.,0.));
#2991 = CYLINDRICAL_SURFACE('',#2992,2.);
#2992 = AXIS2_PLACEMENT_3D('',#2993,#2994,#2995);
#2993 = CARTESIAN_POINT('',(67.55,35.45,24.));
#2994 = DIRECTION('',(0.,-1.,0.));
#2995 = DIRECTION('',(1.,0.,0.));
#2996 = ADVANCED_FACE('',(#2997),#3023,.T.);
#2997 = FACE_BOUND('',#2998,.T.);
#2998 = EDGE_LOOP('',(#2999,#3010,#3016,#3017));
#2999 = ORIENTED_EDGE('',*,*,#3000,.T.);
#3000 = EDGE_CURVE('',#3001,#3003,#3005,.T.);
#3001 = VERTEX_POINT('',#3002);
#3002 = CARTESIAN_POINT('',(-2.9,2.1,24.));
#3003 = VERTEX_POINT('',#3004);
#3004 = CARTESIAN_POINT('',(-0.9,2.1,26.));
#3005 = CIRCLE('',#3006,2.);
#3006 = AXIS2_PLACEMENT_3D('',#3007,#3008,#3009);
#3007 = CARTESIAN_POINT('',(-0.9,2.1,24.));
#3008 = DIRECTION('',(0.,1.,-0.));
#3009 = DIRECTION('',(-1.,0.,0.));
#3010 = ORIENTED_EDGE('',*,*,#3011,.T.);
#3011 = EDGE_CURVE('',#3003,#2870,#3012,.T.);
#3012 = LINE('',#3013,#3014);
#3013 = CARTESIAN_POINT('',(-0.9,2.1,26.));
#3014 = VECTOR('',#3015,1.);
#3015 = DIRECTION('',(0.,1.,0.));
#3016 = ORIENTED_EDGE('',*,*,#2867,.F.);
#3017 = ORIENTED_EDGE('',*,*,#3018,.F.);
#3018 = EDGE_CURVE('',#3001,#2868,#3019,.T.);
#3019 = LINE('',#3020,#3021);
#3020 = CARTESIAN_POINT('',(-2.9,2.1,24.));
#3021 = VECTOR('',#3022,1.);
#3022 = DIRECTION('',(0.,1.,0.));
#3023 = CYLINDRICAL_SURFACE('',#3024,2.);
#3024 = AXIS2_PLACEMENT_3D('',#3025,#3026,#3027);
#3025 = CARTESIAN_POINT('',(-0.9,2.1,24.));
#3026 = DIRECTION('',(0.,1.,0.));
#3027 = DIRECTION('',(-1.,0.,0.));
#3028 = ADVANCED_FACE('',(#3029,#3060,#3286,#3555,#4018,#4281,#4584,
    #4809,#4891),#5105,.T.);
#3029 = FACE_BOUND('',#3030,.T.);
#3030 = EDGE_LOOP('',(#3031,#3032,#3041,#3049,#3056,#3057,#3058,#3059));
#3031 = ORIENTED_EDGE('',*,*,#3011,.F.);
#3032 = ORIENTED_EDGE('',*,*,#3033,.F.);
#3033 = EDGE_CURVE('',#3034,#3003,#3036,.T.);
#3034 = VERTEX_POINT('',#3035);
#3035 = CARTESIAN_POINT('',(2.1,-0.9,26.));
#3036 = CIRCLE('',#3037,3.);
#3037 = AXIS2_PLACEMENT_3D('',#3038,#3039,#3040);
#3038 = CARTESIAN_POINT('',(2.1,2.1,26.));
#3039 = DIRECTION('',(-0.,0.,-1.));
#3040 = DIRECTION('',(-2.7E-16,-1.,0.));
#3041 = ORIENTED_EDGE('',*,*,#3042,.F.);
#3042 = EDGE_CURVE('',#3043,#3034,#3045,.T.);
#3043 = VERTEX_POINT('',#3044);
#3044 = CARTESIAN_POINT('',(64.55,-0.9,26.));
#3045 = LINE('',#3046,#3047);
#3046 = CARTESIAN_POINT('',(64.55,-0.9,26.));
#3047 = VECTOR('',#3048,1.);
#3048 = DIRECTION('',(-1.,0.,0.));
#3049 = ORIENTED_EDGE('',*,*,#3050,.F.);
#3050 = EDGE_CURVE('',#2970,#3043,#3051,.T.);
#3051 = CIRCLE('',#3052,3.);
#3052 = AXIS2_PLACEMENT_3D('',#3053,#3054,#3055);
#3053 = CARTESIAN_POINT('',(64.55,2.1,26.));
#3054 = DIRECTION('',(0.,0.,-1.));
#3055 = DIRECTION('',(1.,0.,0.));
#3056 = ORIENTED_EDGE('',*,*,#2969,.F.);
#3057 = ORIENTED_EDGE('',*,*,#2953,.F.);
#3058 = ORIENTED_EDGE('',*,*,#2910,.F.);
#3059 = ORIENTED_EDGE('',*,*,#2894,.F.);
#3060 = FACE_BOUND('',#3061,.T.);
#3061 = EDGE_LOOP('',(#3062,#3120,#3176,#3232));
#3062 = ORIENTED_EDGE('',*,*,#3063,.T.);
#3063 = EDGE_CURVE('',#3064,#3066,#3068,.T.);
#3064 = VERTEX_POINT('',#3065);
#3065 = CARTESIAN_POINT('',(15.484338184338,14.520027720028,26.));
#3066 = VERTEX_POINT('',#3067);
#3067 = CARTESIAN_POINT('',(12.784407484407,18.700207900208,26.));
#3068 = B_SPLINE_CURVE_WITH_KNOTS('',8,(#3069,#3070,#3071,#3072,#3073,
    #3074,#3075,#3076,#3077,#3078,#3079,#3080,#3081,#3082,#3083,#3084,
    #3085,#3086,#3087,#3088,#3089,#3090,#3091,#3092,#3093,#3094,#3095,
    #3096,#3097,#3098,#3099,#3100,#3101,#3102,#3103,#3104,#3105,#3106,
    #3107,#3108,#3109,#3110,#3111,#3112,#3113,#3114,#3115,#3116,#3117,
    #3118,#3119),.UNSPECIFIED.,.F.,.F.,(9,7,7,7,7,7,7,9),(0.,
    8.10561305669E-02,0.126519288041,0.221916163214,0.335507392011,
    0.393349517393,0.50691677711,1.),.UNSPECIFIED.);
#3069 = CARTESIAN_POINT('',(15.484338184338,14.520027720028,26.));
#3070 = CARTESIAN_POINT('',(15.42765626113,14.520027720028,26.));
#3071 = CARTESIAN_POINT('',(15.370996692041,14.521227924657,26.));
#3072 = CARTESIAN_POINT('',(15.31438903902,14.523670113078,26.));
#3073 = CARTESIAN_POINT('',(15.257866915871,14.527396210339,26.));
#3074 = CARTESIAN_POINT('',(15.201467887145,14.532447343236,26.));
#3075 = CARTESIAN_POINT('',(15.145233367038,14.538862896158,26.));
#3076 = CARTESIAN_POINT('',(15.089208518288,14.546679566943,26.));
#3077 = CARTESIAN_POINT('',(15.002163639299,14.561119087801,26.));
#3078 = CARTESIAN_POINT('',(14.970966470711,14.566758846776,26.));
#3079 = CARTESIAN_POINT('',(14.939859392066,14.572855628302,26.));
#3080 = CARTESIAN_POINT('',(14.908851434555,14.579414842814,26.));
#3081 = CARTESIAN_POINT('',(14.877951913808,14.586441382536,26.));
#3082 = CARTESIAN_POINT('',(14.847170429892,14.593939621478,26.));
#3083 = CARTESIAN_POINT('',(14.81651686731,14.60191341544,26.));
#3084 = CARTESIAN_POINT('',(14.721969751273,14.628102659045,26.));
#3085 = CARTESIAN_POINT('',(14.658541690891,14.64794869058,26.));
#3086 = CARTESIAN_POINT('',(14.595816177743,14.66993271763,26.));
#3087 = CARTESIAN_POINT('',(14.533891355215,14.694071021881,26.));
#3088 = CARTESIAN_POINT('',(14.472863814836,14.720365931804,26.));
#3089 = CARTESIAN_POINT('',(14.412827864931,14.748804108772,26.));
#3090 = CARTESIAN_POINT('',(14.353874799262,14.779354833169,26.));
#3091 = CARTESIAN_POINT('',(14.227289069766,14.850801875857,26.));
#3092 = CARTESIAN_POINT('',(14.160134070523,14.892566519474,26.));
#3093 = CARTESIAN_POINT('',(14.094778559388,14.937178016296,26.));
#3094 = CARTESIAN_POINT('',(14.031343060346,14.9845263348,26.));
#3095 = CARTESIAN_POINT('',(13.969920229333,15.034479606615,26.));
#3096 = CARTESIAN_POINT('',(13.910577853662,15.086888116142,26.));
#3097 = CARTESIAN_POINT('',(13.853361851436,15.141588290162,26.));
#3098 = CARTESIAN_POINT('',(13.7702606916,15.227339351494,26.));
#3099 = CARTESIAN_POINT('',(13.742778632295,15.256823163076,26.));
#3100 = CARTESIAN_POINT('',(13.715855647453,15.286836457094,26.));
#3101 = CARTESIAN_POINT('',(13.689492636235,15.317357548372,26.));
#3102 = CARTESIAN_POINT('',(13.663689010862,15.348364880277,26.));
#3103 = CARTESIAN_POINT('',(13.638442864921,15.379837173329,26.));
#3104 = CARTESIAN_POINT('',(13.613751141669,15.411753573806,26.));
#3105 = CARTESIAN_POINT('',(13.542210683854,15.507590624279,26.));
#3106 = CARTESIAN_POINT('',(13.496935036167,15.572719219068,26.));
#3107 = CARTESIAN_POINT('',(13.453748964073,15.639328637345,26.));
#3108 = CARTESIAN_POINT('',(13.41260643075,15.707275885714,26.));
#3109 = CARTESIAN_POINT('',(13.373451958102,15.776427659433,26.));
#3110 = CARTESIAN_POINT('',(13.336223327101,15.84666207508,26.));
#3111 = CARTESIAN_POINT('',(13.300854278138,15.917870403228,26.));
#3112 = CARTESIAN_POINT('',(13.121493220973,16.302950235867,26.));
#3113 = CARTESIAN_POINT('',(13.010065256113,16.631283660525,26.));
#3114 = CARTESIAN_POINT('',(12.925998853212,16.969100265939,26.));
#3115 = CARTESIAN_POINT('',(12.864831476066,17.312291893183,26.));
#3116 = CARTESIAN_POINT('',(12.822674353172,17.657958220217,26.));
#3117 = CARTESIAN_POINT('',(12.79663686563,18.004540739218,26.));
#3118 = CARTESIAN_POINT('',(12.784407484407,18.351666363389,26.));
#3119 = CARTESIAN_POINT('',(12.784407484407,18.700207900208,26.));
#3120 = ORIENTED_EDGE('',*,*,#3121,.T.);
#3121 = EDGE_CURVE('',#3066,#3122,#3124,.T.);
#3122 = VERTEX_POINT('',#3123);
#3123 = CARTESIAN_POINT('',(15.484338184338,22.880388080388,26.));
#3124 = B_SPLINE_CURVE_WITH_KNOTS('',8,(#3125,#3126,#3127,#3128,#3129,
    #3130,#3131,#3132,#3133,#3134,#3135,#3136,#3137,#3138,#3139,#3140,
    #3141,#3142,#3143,#3144,#3145,#3146,#3147,#3148,#3149,#3150,#3151,
    #3152,#3153,#3154,#3155,#3156,#3157,#3158,#3159,#3160,#3161,#3162,
    #3163,#3164,#3165,#3166,#3167,#3168,#3169,#3170,#3171,#3172,#3173,
    #3174,#3175),.UNSPECIFIED.,.F.,.F.,(9,7,7,7,7,7,7,9),(0.,
    0.487218789011,0.60398688397,0.662781839593,0.7780739159,
    0.873475055843,0.918940245773,1.),.UNSPECIFIED.);
#3125 = CARTESIAN_POINT('',(12.784407484407,18.700207900208,26.));
#3126 = CARTESIAN_POINT('',(12.784407484407,19.044582758493,26.));
#3127 = CARTESIAN_POINT('',(12.796346129871,19.387633423063,26.));
#3128 = CARTESIAN_POINT('',(12.821753792882,19.7301489927,26.));
#3129 = CARTESIAN_POINT('',(12.862849352498,20.071755691335,26.));
#3130 = CARTESIAN_POINT('',(12.922404321103,20.410969511092,26.));
#3131 = CARTESIAN_POINT('',(13.004129897819,20.745055296561,26.));
#3132 = CARTESIAN_POINT('',(13.112303029303,21.070142762972,26.));
#3133 = CARTESIAN_POINT('',(13.287455792962,21.455167198445,26.));
#3134 = CARTESIAN_POINT('',(13.323190151834,21.528704165486,26.));
#3135 = CARTESIAN_POINT('',(13.360870564973,21.601243145943,26.));
#3136 = CARTESIAN_POINT('',(13.400569775587,21.672668955389,26.));
#3137 = CARTESIAN_POINT('',(13.442356527045,21.742851718668,26.));
#3138 = CARTESIAN_POINT('',(13.486292599127,21.811648744651,26.));
#3139 = CARTESIAN_POINT('',(13.532429844274,21.878906400998,26.));
#3140 = CARTESIAN_POINT('',(13.605166154124,21.977470473666,26.));
#3141 = CARTESIAN_POINT('',(13.630092503276,22.010046809487,26.));
#3142 = CARTESIAN_POINT('',(13.655590755901,22.04216984788,26.));
#3143 = CARTESIAN_POINT('',(13.681664376333,22.073817799832,26.));
#3144 = CARTESIAN_POINT('',(13.708315627125,22.104968394645,26.));
#3145 = CARTESIAN_POINT('',(13.735545387532,22.135599038771,26.));
#3146 = CARTESIAN_POINT('',(13.763352971996,22.165686974641,26.));
#3147 = CARTESIAN_POINT('',(13.847392633376,22.253100566986,26.));
#3148 = CARTESIAN_POINT('',(13.905269448039,22.308825196831,26.));
#3149 = CARTESIAN_POINT('',(13.96533983592,22.362201633179,26.));
#3150 = CARTESIAN_POINT('',(14.027557370097,22.413058232393,26.));
#3151 = CARTESIAN_POINT('',(14.091852489005,22.461237729785,26.));
#3152 = CARTESIAN_POINT('',(14.158129231998,22.506601566359,26.));
#3153 = CARTESIAN_POINT('',(14.226261974921,22.549034215539,26.));
#3154 = CARTESIAN_POINT('',(14.353874799262,22.621060967247,26.));
#3155 = CARTESIAN_POINT('',(14.412827864931,22.651611691644,26.));
#3156 = CARTESIAN_POINT('',(14.472863814836,22.680049868612,26.));
#3157 = CARTESIAN_POINT('',(14.533891355215,22.706344778535,26.));
#3158 = CARTESIAN_POINT('',(14.595816177743,22.730483082785,26.));
#3159 = CARTESIAN_POINT('',(14.658541690891,22.752467109835,26.));
#3160 = CARTESIAN_POINT('',(14.721969751273,22.772313141371,26.));
#3161 = CARTESIAN_POINT('',(14.81651686731,22.798502384975,26.));
#3162 = CARTESIAN_POINT('',(14.847170429892,22.806476178938,26.));
#3163 = CARTESIAN_POINT('',(14.877951913808,22.81397441788,26.));
#3164 = CARTESIAN_POINT('',(14.908851434555,22.821000957602,26.));
#3165 = CARTESIAN_POINT('',(14.939859392066,22.827560172114,26.));
#3166 = CARTESIAN_POINT('',(14.970966470711,22.83365695364,26.));
#3167 = CARTESIAN_POINT('',(15.002163639299,22.839296712614,26.));
#3168 = CARTESIAN_POINT('',(15.089208518288,22.853736233473,26.));
#3169 = CARTESIAN_POINT('',(15.145233367038,22.861552904258,26.));
#3170 = CARTESIAN_POINT('',(15.201467887145,22.86796845718,26.));
#3171 = CARTESIAN_POINT('',(15.257866915871,22.873019590077,26.));
#3172 = CARTESIAN_POINT('',(15.31438903902,22.876745687338,26.));
#3173 = CARTESIAN_POINT('',(15.370996692041,22.879187875758,26.));
#3174 = CARTESIAN_POINT('',(15.42765626113,22.880388080388,26.));
#3175 = CARTESIAN_POINT('',(15.484338184338,22.880388080388,26.));
#3176 = ORIENTED_EDGE('',*,*,#3177,.T.);
#3177 = EDGE_CURVE('',#3122,#3178,#3180,.T.);
#3178 = VERTEX_POINT('',#3179);
#3179 = CARTESIAN_POINT('',(18.184268884269,18.700207900208,26.));
#3180 = B_SPLINE_CURVE_WITH_KNOTS('',8,(#3181,#3182,#3183,#3184,#3185,
    #3186,#3187,#3188,#3189,#3190,#3191,#3192,#3193,#3194,#3195,#3196,
    #3197,#3198,#3199,#3200,#3201,#3202,#3203,#3204,#3205,#3206,#3207,
    #3208,#3209,#3210,#3211,#3212,#3213,#3214,#3215,#3216,#3217,#3218,
    #3219,#3220,#3221,#3222,#3223,#3224,#3225,#3226,#3227,#3228,#3229,
    #3230,#3231),.UNSPECIFIED.,.F.,.F.,(9,7,7,7,7,7,7,9),(0.,
    7.999472972801E-02,0.125409971211,0.220757857907,0.334344504528,
    0.392188180627,0.505743143172,1.),.UNSPECIFIED.);
#3181 = CARTESIAN_POINT('',(15.484338184338,22.880388080388,26.));
#3182 = CARTESIAN_POINT('',(15.540256865465,22.880388080388,26.));
#3183 = CARTESIAN_POINT('',(15.596153845314,22.879212507004,26.));
#3184 = CARTESIAN_POINT('',(15.652000367155,22.876821345791,26.));
#3185 = CARTESIAN_POINT('',(15.707763851886,22.873174521428,26.));
#3186 = CARTESIAN_POINT('',(15.763407991933,22.868232784004,26.));
#3187 = CARTESIAN_POINT('',(15.818892845147,22.861958595303,26.));
#3188 = CARTESIAN_POINT('',(15.874174928707,22.854317015088,26.));
#3189 = CARTESIAN_POINT('',(15.960450734065,22.840144084177,26.));
#3190 = CARTESIAN_POINT('',(15.991613655924,22.834560796837,26.));
#3191 = CARTESIAN_POINT('',(16.022687362841,22.828520874855,26.));
#3192 = CARTESIAN_POINT('',(16.053662859507,22.822018984687,26.));
#3193 = CARTESIAN_POINT('',(16.084530871053,22.815050309753,26.));
#3194 = CARTESIAN_POINT('',(16.115281843054,22.807610550442,26.));
#3195 = CARTESIAN_POINT('',(16.145905941523,22.799695924108,26.));
#3196 = CARTESIAN_POINT('',(16.240399794882,22.773682828563,26.));
#3197 = CARTESIAN_POINT('',(16.303807119006,22.753954098091,26.));
#3198 = CARTESIAN_POINT('',(16.366516465844,22.732089029209,26.));
#3199 = CARTESIAN_POINT('',(16.428430153333,22.708071877084,26.));
#3200 = CARTESIAN_POINT('',(16.48945208577,22.68190076426,26.));
#3201 = CARTESIAN_POINT('',(16.549488462789,22.653589348404,26.));
#3202 = CARTESIAN_POINT('',(16.608448488341,22.623168490069,26.));
#3203 = CARTESIAN_POINT('',(16.735097376476,22.551994257564,26.));
#3204 = CARTESIAN_POINT('',(16.802309821547,22.510371143454,26.));
#3205 = CARTESIAN_POINT('',(16.867731714336,22.465902729982,26.));
#3206 = CARTESIAN_POINT('',(16.931242908393,22.418698768404,26.));
#3207 = CARTESIAN_POINT('',(16.992750848962,22.368890647209,26.));
#3208 = CARTESIAN_POINT('',(17.052187610578,22.31662742995,26.));
#3209 = CARTESIAN_POINT('',(17.109506934666,22.262071893088,26.));
#3210 = CARTESIAN_POINT('',(17.192778638717,22.176534813908,26.));
#3211 = CARTESIAN_POINT('',(17.220321581937,22.14712146543,26.));
#3212 = CARTESIAN_POINT('',(17.247307464562,22.117178087831,26.));
#3213 = CARTESIAN_POINT('',(17.273735296172,22.086726273289,26.));
#3214 = CARTESIAN_POINT('',(17.299605562297,22.055787489556,26.));
#3215 = CARTESIAN_POINT('',(17.324920058549,22.024382932798,26.));
#3216 = CARTESIAN_POINT('',(17.349681724754,21.992533380426,26.));
#3217 = CARTESIAN_POINT('',(17.421427391871,21.896900154626,26.));
#3218 = CARTESIAN_POINT('',(17.466843102511,21.831906213667,26.));
#3219 = CARTESIAN_POINT('',(17.510174537075,21.765427639923,26.));
#3220 = CARTESIAN_POINT('',(17.551466747904,21.697606997825,26.));
#3221 = CARTESIAN_POINT('',(17.590774239365,21.628577273072,26.));
#3222 = CARTESIAN_POINT('',(17.628158293596,21.558460148334,26.));
#3223 = CARTESIAN_POINT('',(17.663684296258,21.487364278959,26.));
#3224 = CARTESIAN_POINT('',(17.844252270184,21.102081896789,26.));
#3225 = CARTESIAN_POINT('',(17.956568314666,20.77327218012,26.));
#3226 = CARTESIAN_POINT('',(18.041354111043,20.434866297393,26.));
#3227 = CARTESIAN_POINT('',(18.103073307722,20.0910126029,26.));
#3228 = CARTESIAN_POINT('',(18.145626379095,19.744643759679,26.));
#3229 = CARTESIAN_POINT('',(18.171916838309,19.397339647853,26.));
#3230 = CARTESIAN_POINT('',(18.184268884269,19.049485098058,26.));
#3231 = CARTESIAN_POINT('',(18.184268884269,18.700207900208,26.));
#3232 = ORIENTED_EDGE('',*,*,#3233,.T.);
#3233 = EDGE_CURVE('',#3178,#3064,#3234,.T.);
#3234 = B_SPLINE_CURVE_WITH_KNOTS('',8,(#3235,#3236,#3237,#3238,#3239,
    #3240,#3241,#3242,#3243,#3244,#3245,#3246,#3247,#3248,#3249,#3250,
    #3251,#3252,#3253,#3254,#3255,#3256,#3257,#3258,#3259,#3260,#3261,
    #3262,#3263,#3264,#3265,#3266,#3267,#3268,#3269,#3270,#3271,#3272,
    #3273,#3274,#3275,#3276,#3277,#3278,#3279,#3280,#3281,#3282,#3283,
    #3284,#3285),.UNSPECIFIED.,.F.,.F.,(9,7,7,7,7,7,7,9),(0.,
    0.489372817071,0.606033502252,0.664795077906,0.779233753178,
    0.874585263143,0.92000223043,1.),.UNSPECIFIED.);
#3235 = CARTESIAN_POINT('',(18.184268884269,18.700207900208,26.));
#3236 = CARTESIAN_POINT('',(18.184268884269,18.354399849118,26.));
#3237 = CARTESIAN_POINT('',(18.172161064297,18.009937603691,26.));
#3238 = CARTESIAN_POINT('',(18.146399426914,17.666019075689,26.));
#3239 = CARTESIAN_POINT('',(18.104737411907,17.323029338472,26.));
#3240 = CARTESIAN_POINT('',(18.044371166937,16.98248533579,26.));
#3241 = CARTESIAN_POINT('',(17.961548558815,16.647180543357,26.));
#3242 = CARTESIAN_POINT('',(17.851960095835,16.321063224447,26.));
#3243 = CARTESIAN_POINT('',(17.674781262352,15.935529777281,26.));
#3244 = CARTESIAN_POINT('',(17.638802203399,15.862223131652,26.));
#3245 = CARTESIAN_POINT('',(17.600878061929,15.789923547068,26.));
#3246 = CARTESIAN_POINT('',(17.560937315599,15.718746424922,26.));
#3247 = CARTESIAN_POINT('',(17.518912598421,15.648821679982,26.));
#3248 = CARTESIAN_POINT('',(17.47474365382,15.580291856479,26.));
#3249 = CARTESIAN_POINT('',(17.428380287688,15.513310244203,26.));
#3250 = CARTESIAN_POINT('',(17.355308208341,15.415162096384,26.));
#3251 = CARTESIAN_POINT('',(17.330265432051,15.382719738447,26.));
#3252 = CARTESIAN_POINT('',(17.304652724077,15.350733012557,26.));
#3253 = CARTESIAN_POINT('',(17.278466839075,15.319223631154,26.));
#3254 = CARTESIAN_POINT('',(17.251705733612,15.288213769573,26.));
#3255 = CARTESIAN_POINT('',(17.224368744931,15.257725908278,26.));
#3256 = CARTESIAN_POINT('',(17.19645676971,15.227782675099,26.));
#3257 = CARTESIAN_POINT('',(17.112498970611,15.141196698223,26.));
#3258 = CARTESIAN_POINT('',(17.054847373201,15.086130692584,26.));
#3259 = CARTESIAN_POINT('',(16.995044990388,15.033385273456,26.));
#3260 = CARTESIAN_POINT('',(16.933138359164,14.983127199362,26.));
#3261 = CARTESIAN_POINT('',(16.869196304573,14.935509257823,26.));
#3262 = CARTESIAN_POINT('',(16.803313030562,14.890666138753,26.));
#3263 = CARTESIAN_POINT('',(16.735611210827,14.848710307847,26.));
#3264 = CARTESIAN_POINT('',(16.608448488341,14.777247310347,26.));
#3265 = CARTESIAN_POINT('',(16.549488462789,14.746826452012,26.));
#3266 = CARTESIAN_POINT('',(16.48945208577,14.718515036156,26.));
#3267 = CARTESIAN_POINT('',(16.428430153333,14.692343923332,26.));
#3268 = CARTESIAN_POINT('',(16.366516465844,14.668326771207,26.));
#3269 = CARTESIAN_POINT('',(16.303807119006,14.646461702324,26.));
#3270 = CARTESIAN_POINT('',(16.240399794882,14.626732971852,26.));
#3271 = CARTESIAN_POINT('',(16.145905941523,14.600719876307,26.));
#3272 = CARTESIAN_POINT('',(16.115281843054,14.592805249973,26.));
#3273 = CARTESIAN_POINT('',(16.084530871053,14.585365490663,26.));
#3274 = CARTESIAN_POINT('',(16.053662859507,14.578396815729,26.));
#3275 = CARTESIAN_POINT('',(16.022687362841,14.571894925561,26.));
#3276 = CARTESIAN_POINT('',(15.991613655924,14.565855003579,26.));
#3277 = CARTESIAN_POINT('',(15.960450734065,14.560271716239,26.));
#3278 = CARTESIAN_POINT('',(15.874174928707,14.546098785328,26.));
#3279 = CARTESIAN_POINT('',(15.818892845147,14.538457205113,26.));
#3280 = CARTESIAN_POINT('',(15.763407991933,14.532183016412,26.));
#3281 = CARTESIAN_POINT('',(15.707763851886,14.527241278988,26.));
#3282 = CARTESIAN_POINT('',(15.652000367155,14.523594454625,26.));
#3283 = CARTESIAN_POINT('',(15.596153845314,14.521203293412,26.));
#3284 = CARTESIAN_POINT('',(15.540256865465,14.520027720028,26.));
#3285 = CARTESIAN_POINT('',(15.484338184338,14.520027720028,26.));
#3286 = FACE_BOUND('',#3287,.T.);
#3287 = EDGE_LOOP('',(#3288,#3332,#3359,#3367,#3399,#3441,#3449,#3491,
    #3533,#3541,#3549));
#3288 = ORIENTED_EDGE('',*,*,#3289,.T.);
#3289 = EDGE_CURVE('',#3290,#3292,#3294,.T.);
#3290 = VERTEX_POINT('',#3291);
#3291 = CARTESIAN_POINT('',(27.988288288288,17.219958419958,26.));
#3292 = VERTEX_POINT('',#3293);
#3293 = CARTESIAN_POINT('',(29.668121968122,15.407068607069,26.));
#3294 = B_SPLINE_CURVE_WITH_KNOTS('',6,(#3295,#3296,#3297,#3298,#3299,
    #3300,#3301,#3302,#3303,#3304,#3305,#3306,#3307,#3308,#3309,#3310,
    #3311,#3312,#3313,#3314,#3315,#3316,#3317,#3318,#3319,#3320,#3321,
    #3322,#3323,#3324,#3325,#3326,#3327,#3328,#3329,#3330,#3331),
  .UNSPECIFIED.,.F.,.F.,(7,5,5,5,5,5,5,7),(0.,0.25022088207,
    0.36626993329,0.435166401847,0.58379479453,0.75904135022,
    0.844478185312,1.),.UNSPECIFIED.);
#3295 = CARTESIAN_POINT('',(27.988288288288,17.219958419958,26.));
#3296 = CARTESIAN_POINT('',(27.988288288288,17.101651524297,26.));
#3297 = CARTESIAN_POINT('',(27.994306345999,16.983657955279,26.));
#3298 = CARTESIAN_POINT('',(28.006834526548,16.866354721058,26.));
#3299 = CARTESIAN_POINT('',(28.026406776838,16.750300148967,26.));
#3300 = CARTESIAN_POINT('',(28.053547575194,16.636227710029,26.));
#3301 = CARTESIAN_POINT('',(28.104957127327,16.473449349334,26.));
#3302 = CARTESIAN_POINT('',(28.122960945645,16.422495848417,26.));
#3303 = CARTESIAN_POINT('',(28.142719072972,16.372255721859,26.));
#3304 = CARTESIAN_POINT('',(28.164263997348,16.322830029463,26.));
#3305 = CARTESIAN_POINT('',(28.187617528774,16.274326781267,26.));
#3306 = CARTESIAN_POINT('',(28.22772929613,16.198678087543,26.));
#3307 = CARTESIAN_POINT('',(28.243311767673,16.17086204979,26.));
#3308 = CARTESIAN_POINT('',(28.259535749739,16.14343470071,26.));
#3309 = CARTESIAN_POINT('',(28.276400774105,16.116420009982,26.));
#3310 = CARTESIAN_POINT('',(28.293904307551,16.089842072436,26.));
#3311 = CARTESIAN_POINT('',(28.351169144753,16.007383723338,26.));
#3312 = CARTESIAN_POINT('',(28.393249947241,15.953182409527,26.));
#3313 = CARTESIAN_POINT('',(28.438230450211,15.901372261241,26.));
#3314 = CARTESIAN_POINT('',(28.486014678331,15.852183846295,26.));
#3315 = CARTESIAN_POINT('',(28.536457228326,15.805819033243,26.));
#3316 = CARTESIAN_POINT('',(28.65172875469,15.711298269622,26.));
#3317 = CARTESIAN_POINT('',(28.717530185215,15.664297459171,26.));
#3318 = CARTESIAN_POINT('',(28.786425437618,15.621716736485,26.));
#3319 = CARTESIAN_POINT('',(28.858034953738,15.583705715125,26.));
#3320 = CARTESIAN_POINT('',(28.931950176959,15.550308684831,26.));
#3321 = CARTESIAN_POINT('',(29.044702940701,15.507434294665,26.));
#3322 = CARTESIAN_POINT('',(29.082107543984,15.494468810125,26.));
#3323 = CARTESIAN_POINT('',(29.119916551219,15.482583514962,26.));
#3324 = CARTESIAN_POINT('',(29.158085513471,15.471768268971,26.));
#3325 = CARTESIAN_POINT('',(29.196571942189,15.462008846219,26.));
#3326 = CARTESIAN_POINT('',(29.305896785139,15.437410323346,26.));
#3327 = CARTESIAN_POINT('',(29.377375410429,15.42497255304,26.));
#3328 = CARTESIAN_POINT('',(29.449531519112,15.415865299797,26.));
#3329 = CARTESIAN_POINT('',(29.52215467647,15.409949049382,26.));
#3330 = CARTESIAN_POINT('',(29.595066247954,15.407068607069,26.));
#3331 = CARTESIAN_POINT('',(29.668121968122,15.407068607069,26.));
#3332 = ORIENTED_EDGE('',*,*,#3333,.T.);
#3333 = EDGE_CURVE('',#3292,#3334,#3336,.T.);
#3334 = VERTEX_POINT('',#3335);
#3335 = CARTESIAN_POINT('',(31.153915453915,16.255301455301,26.));
#3336 = B_SPLINE_CURVE_WITH_KNOTS('',6,(#3337,#3338,#3339,#3340,#3341,
    #3342,#3343,#3344,#3345,#3346,#3347,#3348,#3349,#3350,#3351,#3352,
    #3353,#3354,#3355,#3356,#3357,#3358),.UNSPECIFIED.,.F.,.F.,(7,5,5,5,
    7),(0.,0.469524653515,0.639568026502,0.925525836404,1.),
  .UNSPECIFIED.);
#3337 = CARTESIAN_POINT('',(29.668121968122,15.407068607069,26.));
#3338 = CARTESIAN_POINT('',(29.81789162341,15.407068607069,26.));
#3339 = CARTESIAN_POINT('',(29.966574142405,15.417070761019,26.));
#3340 = CARTESIAN_POINT('',(30.113395306885,15.438001670419,26.));
#3341 = CARTESIAN_POINT('',(30.256914229451,15.471009116396,26.));
#3342 = CARTESIAN_POINT('',(30.395041262082,15.517254708678,26.));
#3343 = CARTESIAN_POINT('',(30.572182834409,15.599605147989,26.));
#3344 = CARTESIAN_POINT('',(30.618203949676,15.623356344162,26.));
#3345 = CARTESIAN_POINT('',(30.663011465481,15.649002215352,26.));
#3346 = CARTESIAN_POINT('',(30.706450660976,15.676571204124,26.));
#3347 = CARTESIAN_POINT('',(30.74835535956,15.706074842834,26.));
#3348 = CARTESIAN_POINT('',(30.856153744037,15.790348462943,26.));
#3349 = CARTESIAN_POINT('',(30.918963454774,15.848659554585,26.));
#3350 = CARTESIAN_POINT('',(30.976089410257,15.912332041248,26.));
#3351 = CARTESIAN_POINT('',(31.026697690071,15.981080790951,26.));
#3352 = CARTESIAN_POINT('',(31.070082977358,16.054392550501,26.));
#3353 = CARTESIAN_POINT('',(31.115171461986,16.151477690311,26.));
#3354 = CARTESIAN_POINT('',(31.123972313961,16.17179155814,26.));
#3355 = CARTESIAN_POINT('',(31.132251148742,16.192345357406,26.));
#3356 = CARTESIAN_POINT('',(31.140003135711,16.213124847404,26.));
#3357 = CARTESIAN_POINT('',(31.147225086284,16.234115291134,26.));
#3358 = CARTESIAN_POINT('',(31.153915453915,16.255301455301,26.));
#3359 = ORIENTED_EDGE('',*,*,#3360,.T.);
#3360 = EDGE_CURVE('',#3334,#3361,#3363,.T.);
#3361 = VERTEX_POINT('',#3362);
#3362 = CARTESIAN_POINT('',(32.068676368676,16.255301455301,26.));
#3363 = LINE('',#3364,#3365);
#3364 = CARTESIAN_POINT('',(14.584338184338,16.255301455301,26.));
#3365 = VECTOR('',#3366,1.);
#3366 = DIRECTION('',(1.,0.,0.));
#3367 = ORIENTED_EDGE('',*,*,#3368,.T.);
#3368 = EDGE_CURVE('',#3361,#3369,#3371,.T.);
#3369 = VERTEX_POINT('',#3370);
#3370 = CARTESIAN_POINT('',(29.668121968122,14.5920997921,26.));
#3371 = B_SPLINE_CURVE_WITH_KNOTS('',6,(#3372,#3373,#3374,#3375,#3376,
    #3377,#3378,#3379,#3380,#3381,#3382,#3383,#3384,#3385,#3386,#3387,
    #3388,#3389,#3390,#3391,#3392,#3393,#3394,#3395,#3396,#3397,#3398),
  .UNSPECIFIED.,.F.,.F.,(7,5,5,5,5,7),(0.,0.123331256787,0.306050709781,
    0.397250845918,0.563368043182,1.),.UNSPECIFIED.);
#3372 = CARTESIAN_POINT('',(32.068676368676,16.255301455301,26.));
#3373 = CARTESIAN_POINT('',(32.056886933862,16.191352702822,26.));
#3374 = CARTESIAN_POINT('',(32.042441274858,16.127950314346,26.));
#3375 = CARTESIAN_POINT('',(32.025323958903,16.065237806578,26.));
#3376 = CARTESIAN_POINT('',(32.005542247233,16.003356476489,26.));
#3377 = CARTESIAN_POINT('',(31.983127563499,15.942444656805,26.));
#3378 = CARTESIAN_POINT('',(31.921112536076,15.794029850884,26.));
#3379 = CARTESIAN_POINT('',(31.878428679846,15.707834074348,26.));
#3380 = CARTESIAN_POINT('',(31.830273910516,15.624496969336,26.));
#3381 = CARTESIAN_POINT('',(31.776932945626,15.544381213359,26.));
#3382 = CARTESIAN_POINT('',(31.718763148007,15.467776151824,26.));
#3383 = CARTESIAN_POINT('',(31.624929550947,15.358539241242,26.));
#3384 = CARTESIAN_POINT('',(31.59258433644,15.323098409617,26.));
#3385 = CARTESIAN_POINT('',(31.559184551316,15.288612543969,26.));
#3386 = CARTESIAN_POINT('',(31.524779969784,15.255102906724,26.));
#3387 = CARTESIAN_POINT('',(31.489420915994,15.222586099769,26.));
#3388 = CARTESIAN_POINT('',(31.387107374593,15.133676222635,26.));
#3389 = CARTESIAN_POINT('',(31.318058187004,15.079612633937,26.));
#3390 = CARTESIAN_POINT('',(31.246313866604,15.028955520649,26.));
#3391 = CARTESIAN_POINT('',(31.172169646903,14.981731912567,26.));
#3392 = CARTESIAN_POINT('',(31.095904022312,14.93793525035,26.));
#3393 = CARTESIAN_POINT('',(30.812397845599,14.791351884313,26.));
#3394 = CARTESIAN_POINT('',(30.594271601711,14.708725317771,26.));
#3395 = CARTESIAN_POINT('',(30.367720473273,14.648901161384,26.));
#3396 = CARTESIAN_POINT('',(30.136261307493,14.610551613765,26.));
#3397 = CARTESIAN_POINT('',(29.902509276517,14.5920997921,26.));
#3398 = CARTESIAN_POINT('',(29.668121968122,14.5920997921,26.));
#3399 = ORIENTED_EDGE('',*,*,#3400,.T.);
#3400 = EDGE_CURVE('',#3369,#3401,#3403,.T.);
#3401 = VERTEX_POINT('',#3402);
#3402 = CARTESIAN_POINT('',(27.056895356895,17.297574497574,26.));
#3403 = B_SPLINE_CURVE_WITH_KNOTS('',6,(#3404,#3405,#3406,#3407,#3408,
    #3409,#3410,#3411,#3412,#3413,#3414,#3415,#3416,#3417,#3418,#3419,
    #3420,#3421,#3422,#3423,#3424,#3425,#3426,#3427,#3428,#3429,#3430,
    #3431,#3432,#3433,#3434,#3435,#3436,#3437,#3438,#3439,#3440),
  .UNSPECIFIED.,.F.,.F.,(7,5,5,5,5,5,5,7),(0.,0.203727888299,
    0.297256466692,0.471372836008,0.597501692866,0.656745726056,
    0.758744512315,1.),.UNSPECIFIED.);
#3404 = CARTESIAN_POINT('',(29.668121968122,14.5920997921,26.));
#3405 = CARTESIAN_POINT('',(29.522034779992,14.5920997921,26.));
#3406 = CARTESIAN_POINT('',(29.37613197383,14.59830711774,26.));
#3407 = CARTESIAN_POINT('',(29.230719758637,14.611308600901,26.));
#3408 = CARTESIAN_POINT('',(29.086294238117,14.631763307834,26.));
#3409 = CARTESIAN_POINT('',(28.943536653409,14.660361947242,26.));
#3410 = CARTESIAN_POINT('',(28.738911211617,14.714857317238,26.));
#3411 = CARTESIAN_POINT('',(28.675063060399,14.733846620411,26.));
#3412 = CARTESIAN_POINT('',(28.611836306296,14.754735561595,26.));
#3413 = CARTESIAN_POINT('',(28.549327321825,14.777575671713,26.));
#3414 = CARTESIAN_POINT('',(28.487640768453,14.802408723444,26.));
#3415 = CARTESIAN_POINT('',(28.313787892273,14.879253553689,26.));
#3416 = CARTESIAN_POINT('',(28.203889703812,14.936261848681,26.));
#3417 = CARTESIAN_POINT('',(28.097975280237,15.000444089554,26.));
#3418 = CARTESIAN_POINT('',(27.996811834722,15.07179059537,26.));
#3419 = CARTESIAN_POINT('',(27.901109661597,15.150063548573,26.));
#3420 = CARTESIAN_POINT('',(27.746509024023,15.296011961741,26.));
#3421 = CARTESIAN_POINT('',(27.684721570025,15.360676956242,26.));
#3422 = CARTESIAN_POINT('',(27.626309627604,15.428492524314,26.));
#3423 = CARTESIAN_POINT('',(27.571412944981,15.499213058814,26.));
#3424 = CARTESIAN_POINT('',(27.520105522192,15.572561217466,26.));
#3425 = CARTESIAN_POINT('',(27.450003237742,15.683784580049,26.));
#3426 = CARTESIAN_POINT('',(27.428394434708,15.719846293361,26.));
#3427 = CARTESIAN_POINT('',(27.407582155758,15.75639362897,26.));
#3428 = CARTESIAN_POINT('',(27.38756484721,15.793397251604,26.));
#3429 = CARTESIAN_POINT('',(27.368338332638,15.830828280526,26.));
#3430 = CARTESIAN_POINT('',(27.318143845132,15.933789152447,26.));
#3431 = CARTESIAN_POINT('',(27.288716103674,16.000102845667,26.));
#3432 = CARTESIAN_POINT('',(27.261578687678,16.067456064062,26.));
#3433 = CARTESIAN_POINT('',(27.236678825197,16.13571450967,26.));
#3434 = CARTESIAN_POINT('',(27.213951319455,16.204755612539,26.));
#3435 = CARTESIAN_POINT('',(27.144538003537,16.439368120511,26.));
#3436 = CARTESIAN_POINT('',(27.107521607008,16.607986300046,26.));
#3437 = CARTESIAN_POINT('',(27.081284907419,16.778992831439,26.));
#3438 = CARTESIAN_POINT('',(27.064741847798,16.951347545915,26.));
#3439 = CARTESIAN_POINT('',(27.056895356895,17.124335741648,26.));
#3440 = CARTESIAN_POINT('',(27.056895356895,17.297574497574,26.));
#3441 = ORIENTED_EDGE('',*,*,#3442,.T.);
#3442 = EDGE_CURVE('',#3401,#3443,#3445,.T.);
#3443 = VERTEX_POINT('',#3444);
#3444 = CARTESIAN_POINT('',(27.056895356895,18.201247401247,26.));
#3445 = LINE('',#3446,#3447);
#3446 = CARTESIAN_POINT('',(27.056895356895,7.650623700624,26.));
#3447 = VECTOR('',#3448,1.);
#3448 = DIRECTION('',(0.,1.,0.));
#3449 = ORIENTED_EDGE('',*,*,#3450,.T.);
#3450 = EDGE_CURVE('',#3443,#3451,#3453,.T.);
#3451 = VERTEX_POINT('',#3452);
#3452 = CARTESIAN_POINT('',(29.601593901594,20.829106029106,26.));
#3453 = B_SPLINE_CURVE_WITH_KNOTS('',6,(#3454,#3455,#3456,#3457,#3458,
    #3459,#3460,#3461,#3462,#3463,#3464,#3465,#3466,#3467,#3468,#3469,
    #3470,#3471,#3472,#3473,#3474,#3475,#3476,#3477,#3478,#3479,#3480,
    #3481,#3482,#3483,#3484,#3485,#3486,#3487,#3488,#3489,#3490),
  .UNSPECIFIED.,.F.,.F.,(7,5,5,5,5,5,5,7),(0.,0.217810222853,
    0.32714112658,0.393468733503,0.539086004598,0.731078753069,
    0.825902753479,1.),.UNSPECIFIED.);
#3454 = CARTESIAN_POINT('',(27.056895356895,18.201247401247,26.));
#3455 = CARTESIAN_POINT('',(27.056895356895,18.351899456338,26.));
#3456 = CARTESIAN_POINT('',(27.064222448973,18.50238093435,26.));
#3457 = CARTESIAN_POINT('',(27.07939041119,18.652253453774,26.));
#3458 = CARTESIAN_POINT('',(27.102929209539,18.800919364044,26.));
#3459 = CARTESIAN_POINT('',(27.135334943725,18.947627934272,26.));
#3460 = CARTESIAN_POINT('',(27.197878208418,19.163704751391,26.));
#3461 = CARTESIAN_POINT('',(27.221106360217,19.235198141018,26.));
#3462 = CARTESIAN_POINT('',(27.246705753664,19.305856423811,26.));
#3463 = CARTESIAN_POINT('',(27.274712590257,19.375554823826,26.));
#3464 = CARTESIAN_POINT('',(27.305149887948,19.444160985149,26.));
#3465 = CARTESIAN_POINT('',(27.357966416229,19.552411527487,26.));
#3466 = CARTESIAN_POINT('',(27.378806177843,19.592833625454,26.));
#3467 = CARTESIAN_POINT('',(27.400543894672,19.63277205225,26.));
#3468 = CARTESIAN_POINT('',(27.423178399461,19.672195629025,26.));
#3469 = CARTESIAN_POINT('',(27.446705957741,19.71107300746,26.));
#3470 = CARTESIAN_POINT('',(27.524720048916,19.833456697047,26.));
#3471 = CARTESIAN_POINT('',(27.582597842866,19.914762879911,26.));
#3472 = CARTESIAN_POINT('',(27.644678075202,19.992947252872,26.));
#3473 = CARTESIAN_POINT('',(27.710829366229,20.067691202683,26.));
#3474 = CARTESIAN_POINT('',(27.780856296276,20.13870964599,26.));
#3475 = CARTESIAN_POINT('',(27.951576920913,20.294162384731,26.));
#3476 = CARTESIAN_POINT('',(28.054959633828,20.375689228087,26.));
#3477 = CARTESIAN_POINT('',(28.164014087891,20.449761978566,26.));
#3478 = CARTESIAN_POINT('',(28.278016244352,20.516059610777,26.));
#3479 = CARTESIAN_POINT('',(28.396191358946,20.574451372331,26.));
#3480 = CARTESIAN_POINT('',(28.577756108095,20.649928735348,26.));
#3481 = CARTESIAN_POINT('',(28.638609986867,20.672965755126,26.));
#3482 = CARTESIAN_POINT('',(28.700199488379,20.694092569354,26.));
#3483 = CARTESIAN_POINT('',(28.762436636833,20.713326034509,26.));
#3484 = CARTESIAN_POINT('',(28.825237751422,20.730691351442,26.));
#3485 = CARTESIAN_POINT('',(29.004718589395,20.774730012705,26.));
#3486 = CARTESIAN_POINT('',(29.122546581967,20.797047342511,26.));
#3487 = CARTESIAN_POINT('',(29.241529528955,20.813369442427,26.));
#3488 = CARTESIAN_POINT('',(29.361251619583,20.823957944088,26.));
#3489 = CARTESIAN_POINT('',(29.481364847532,20.829106029106,26.));
#3490 = CARTESIAN_POINT('',(29.601593901594,20.829106029106,26.));
#3491 = ORIENTED_EDGE('',*,*,#3492,.T.);
#3492 = EDGE_CURVE('',#3451,#3493,#3495,.T.);
#3493 = VERTEX_POINT('',#3494);
#3494 = CARTESIAN_POINT('',(32.085308385308,18.051559251559,26.));
#3495 = B_SPLINE_CURVE_WITH_KNOTS('',6,(#3496,#3497,#3498,#3499,#3500,
    #3501,#3502,#3503,#3504,#3505,#3506,#3507,#3508,#3509,#3510,#3511,
    #3512,#3513,#3514,#3515,#3516,#3517,#3518,#3519,#3520,#3521,#3522,
    #3523,#3524,#3525,#3526,#3527,#3528,#3529,#3530,#3531,#3532),
  .UNSPECIFIED.,.F.,.F.,(7,5,5,5,5,5,5,7),(0.,0.162722766268,
    0.244823699046,0.405782376702,0.53995359593,0.603859730906,
    0.715924777572,1.),.UNSPECIFIED.);
#3496 = CARTESIAN_POINT('',(29.601593901594,20.829106029106,26.));
#3497 = CARTESIAN_POINT('',(29.716782404997,20.829106029106,26.));
#3498 = CARTESIAN_POINT('',(29.83184571084,20.824603377877,26.));
#3499 = CARTESIAN_POINT('',(29.946568572557,20.815262224786,26.));
#3500 = CARTESIAN_POINT('',(30.060648286694,20.800719905174,26.));
#3501 = CARTESIAN_POINT('',(30.173700568231,20.780625660197,26.));
#3502 = CARTESIAN_POINT('',(30.341554899675,20.741588283001,26.));
#3503 = CARTESIAN_POINT('',(30.397464041139,20.727007979998,26.));
#3504 = CARTESIAN_POINT('',(30.452931983621,20.710900872229,26.));
#3505 = CARTESIAN_POINT('',(30.507892353553,20.693233479471,26.));
#3506 = CARTESIAN_POINT('',(30.562274115459,20.673978916286,26.));
#3507 = CARTESIAN_POINT('',(30.721336620328,20.612224344538,26.));
#3508 = CARTESIAN_POINT('',(30.824182259355,20.565151293516,26.));
#3509 = CARTESIAN_POINT('',(30.923933237594,20.511778897937,26.));
#3510 = CARTESIAN_POINT('',(31.019993504079,20.452110578338,26.));
#3511 = CARTESIAN_POINT('',(31.111808012125,20.386323356775,26.));
#3512 = CARTESIAN_POINT('',(31.271486160668,20.25521049371,26.));
#3513 = CARTESIAN_POINT('',(31.340809493144,20.191616641683,26.));
#3514 = CARTESIAN_POINT('',(31.406587411715,20.124259911868,26.));
#3515 = CARTESIAN_POINT('',(31.468636700246,20.053422578877,26.));
#3516 = CARTESIAN_POINT('',(31.526852325891,19.979429630703,26.));
#3517 = CARTESIAN_POINT('',(31.607074990336,19.866055989565,26.));
#3518 = CARTESIAN_POINT('',(31.632079482237,19.82884014405,26.));
#3519 = CARTESIAN_POINT('',(31.656202996447,19.791023097607,26.));
#3520 = CARTESIAN_POINT('',(31.679445800636,19.752640968051,26.));
#3521 = CARTESIAN_POINT('',(31.701811484038,19.713729335075,26.));
#3522 = CARTESIAN_POINT('',(31.761001166807,19.605221175836,26.));
#3523 = CARTESIAN_POINT('',(31.796018830679,19.53459850701,26.));
#3524 = CARTESIAN_POINT('',(31.828396399756,19.462641351977,26.));
#3525 = CARTESIAN_POINT('',(31.858195409823,19.389523823922,26.));
#3526 = CARTESIAN_POINT('',(31.885493638957,19.31540386582,26.));
#3527 = CARTESIAN_POINT('',(31.973451573757,19.050339137424,26.));
#3528 = CARTESIAN_POINT('',(32.02097086563,18.854804551045,26.));
#3529 = CARTESIAN_POINT('',(32.054427898671,18.655867516261,26.));
#3530 = CARTESIAN_POINT('',(32.075401706123,18.455089507891,26.));
#3531 = CARTESIAN_POINT('',(32.085308385308,18.253494517916,26.));
#3532 = CARTESIAN_POINT('',(32.085308385308,18.051559251559,26.));
#3533 = ORIENTED_EDGE('',*,*,#3534,.T.);
#3534 = EDGE_CURVE('',#3493,#3535,#3537,.T.);
#3535 = VERTEX_POINT('',#3536);
#3536 = CARTESIAN_POINT('',(32.085308385308,17.463894663895,26.));
#3537 = LINE('',#3538,#3539);
#3538 = CARTESIAN_POINT('',(32.085308385308,7.281947331947,26.));
#3539 = VECTOR('',#3540,1.);
#3540 = DIRECTION('',(0.,-1.,0.));
#3541 = ORIENTED_EDGE('',*,*,#3542,.T.);
#3542 = EDGE_CURVE('',#3535,#3543,#3545,.T.);
#3543 = VERTEX_POINT('',#3544);
#3544 = CARTESIAN_POINT('',(27.988288288288,17.463894663895,26.));
#3545 = LINE('',#3546,#3547);
#3546 = CARTESIAN_POINT('',(12.544144144144,17.463894663895,26.));
#3547 = VECTOR('',#3548,1.);
#3548 = DIRECTION('',(-1.,0.,0.));
#3549 = ORIENTED_EDGE('',*,*,#3550,.T.);
#3550 = EDGE_CURVE('',#3543,#3290,#3551,.T.);
#3551 = LINE('',#3552,#3553);
#3552 = CARTESIAN_POINT('',(27.988288288288,7.159979209979,26.));
#3553 = VECTOR('',#3554,1.);
#3554 = DIRECTION('',(0.,-1.,0.));
#3555 = FACE_BOUND('',#3556,.T.);
#3556 = EDGE_LOOP('',(#3557,#3567,#3604,#3641,#3678,#3686,#3718,#3755,
    #3787,#3795,#3832,#3869,#3906,#3914,#3946,#3983));
#3557 = ORIENTED_EDGE('',*,*,#3558,.T.);
#3558 = EDGE_CURVE('',#3559,#3561,#3563,.T.);
#3559 = VERTEX_POINT('',#3560);
#3560 = CARTESIAN_POINT('',(36.881981981982,17.23659043659,26.));
#3561 = VERTEX_POINT('',#3562);
#3562 = CARTESIAN_POINT('',(35.989397089397,17.441718641719,26.));
#3563 = LINE('',#3564,#3565);
#3564 = CARTESIAN_POINT('',(19.740286719197,21.175986242324,26.));
#3565 = VECTOR('',#3566,1.);
#3566 = DIRECTION('',(-0.974594841169,0.223975211946,0.));
#3567 = ORIENTED_EDGE('',*,*,#3568,.T.);
#3568 = EDGE_CURVE('',#3561,#3569,#3571,.T.);
#3569 = VERTEX_POINT('',#3570);
#3570 = CARTESIAN_POINT('',(34.365003465003,19.093832293832,26.));
#3571 = B_SPLINE_CURVE_WITH_KNOTS('',6,(#3572,#3573,#3574,#3575,#3576,
    #3577,#3578,#3579,#3580,#3581,#3582,#3583,#3584,#3585,#3586,#3587,
    #3588,#3589,#3590,#3591,#3592,#3593,#3594,#3595,#3596,#3597,#3598,
    #3599,#3600,#3601,#3602,#3603),.UNSPECIFIED.,.F.,.F.,(7,5,5,5,5,5,7)
  ,(0.,0.346661638538,0.4718716291,0.54117247007,0.684204080811,
    0.884987991147,1.),.UNSPECIFIED.);
#3572 = CARTESIAN_POINT('',(35.989397089397,17.441718641719,26.));
#3573 = CARTESIAN_POINT('',(35.842220309701,17.475509228894,26.));
#3574 = CARTESIAN_POINT('',(35.69703973808,17.515084197216,26.));
#3575 = CARTESIAN_POINT('',(35.554274268674,17.561316348437,26.));
#3576 = CARTESIAN_POINT('',(35.41486922419,17.615245825615,26.));
#3577 = CARTESIAN_POINT('',(35.280304104991,17.678091562945,26.));
#3578 = CARTESIAN_POINT('',(35.106360959505,17.777478922897,26.));
#3579 = CARTESIAN_POINT('',(35.061102669019,17.805170405944,26.));
#3580 = CARTESIAN_POINT('',(35.016841001261,17.834233067861,26.));
#3581 = CARTESIAN_POINT('',(34.973689966553,17.86471353263,26.));
#3582 = CARTESIAN_POINT('',(34.931773330462,17.896647316069,26.));
#3583 = CARTESIAN_POINT('',(34.868774482055,17.948542250569,26.));
#3584 = CARTESIAN_POINT('',(34.846746679712,17.967482230022,26.));
#3585 = CARTESIAN_POINT('',(34.825158727087,17.98687607574,26.));
#3586 = CARTESIAN_POINT('',(34.804032808217,18.006724895148,26.));
#3587 = CARTESIAN_POINT('',(34.783391037865,18.027027749771,26.));
#3588 = CARTESIAN_POINT('',(34.721697179151,18.090616121417,26.));
#3589 = CARTESIAN_POINT('',(34.682290534635,18.135376014171,26.));
#3590 = CARTESIAN_POINT('',(34.645235618479,18.182025655836,26.));
#3591 = CARTESIAN_POINT('',(34.610707955834,18.230495351661,26.));
#3592 = CARTESIAN_POINT('',(34.578846580541,18.280672788117,26.));
#3593 = CARTESIAN_POINT('',(34.508886038718,18.404999876206,26.));
#3594 = CARTESIAN_POINT('',(34.473448461573,18.480674083732,26.));
#3595 = CARTESIAN_POINT('',(34.443696822957,18.558949797916,26.));
#3596 = CARTESIAN_POINT('',(34.419612778876,18.639319979186,26.));
#3597 = CARTESIAN_POINT('',(34.400982229132,18.721272244834,26.));
#3598 = CARTESIAN_POINT('',(34.379754137482,18.851896194191,26.));
#3599 = CARTESIAN_POINT('',(34.373705821096,18.899838744884,26.));
#3600 = CARTESIAN_POINT('',(34.369279382077,18.948070111312,26.));
#3601 = CARTESIAN_POINT('',(34.366403808313,18.99651869196,26.));
#3602 = CARTESIAN_POINT('',(34.365003465003,19.045122960784,26.));
#3603 = CARTESIAN_POINT('',(34.365003465003,19.093832293832,26.));
#3604 = ORIENTED_EDGE('',*,*,#3605,.T.);
#3605 = EDGE_CURVE('',#3569,#3606,#3608,.T.);
#3606 = VERTEX_POINT('',#3607);
#3607 = CARTESIAN_POINT('',(36.577061677062,20.83465003465,26.));
#3608 = B_SPLINE_CURVE_WITH_KNOTS('',6,(#3609,#3610,#3611,#3612,#3613,
    #3614,#3615,#3616,#3617,#3618,#3619,#3620,#3621,#3622,#3623,#3624,
    #3625,#3626,#3627,#3628,#3629,#3630,#3631,#3632,#3633,#3634,#3635,
    #3636,#3637,#3638,#3639,#3640),.UNSPECIFIED.,.F.,.F.,(7,5,5,5,5,5,7)
  ,(0.,7.660963559846E-02,0.233673951286,0.388227269975,0.464532183376,
    0.604494117522,1.),.UNSPECIFIED.);
#3609 = CARTESIAN_POINT('',(34.365003465003,19.093832293832,26.));
#3610 = CARTESIAN_POINT('',(34.365003465003,19.134117266713,26.));
#3611 = CARTESIAN_POINT('',(34.366063368336,19.174364345027,26.));
#3612 = CARTESIAN_POINT('',(34.368210254272,19.214538974202,26.));
#3613 = CARTESIAN_POINT('',(34.37146763707,19.25460378764,26.));
#3614 = CARTESIAN_POINT('',(34.375855465981,19.294518606715,26.));
#3615 = CARTESIAN_POINT('',(34.392737228817,19.415677751301,26.));
#3616 = CARTESIAN_POINT('',(34.408905888249,19.49631736765,26.));
#3617 = CARTESIAN_POINT('',(34.430029953995,19.575765155419,26.));
#3618 = CARTESIAN_POINT('',(34.456158276587,19.653622096374,26.));
#3619 = CARTESIAN_POINT('',(34.487232184553,19.729493465834,26.));
#3620 = CARTESIAN_POINT('',(34.558320911239,19.875327432552,26.));
#3621 = CARTESIAN_POINT('',(34.59819349704,19.945382739943,26.));
#3622 = CARTESIAN_POINT('',(34.64250391651,20.012801810768,26.));
#3623 = CARTESIAN_POINT('',(34.69099097509,20.077308453122,26.));
#3624 = CARTESIAN_POINT('',(34.743330976632,20.138699736013,26.));
#3625 = CARTESIAN_POINT('',(34.826722911757,20.22553460118,26.));
#3626 = CARTESIAN_POINT('',(34.855138658643,20.25344377029,26.));
#3627 = CARTESIAN_POINT('',(34.884364419775,20.280545849258,26.));
#3628 = CARTESIAN_POINT('',(34.914357756937,20.306829976345,26.));
#3629 = CARTESIAN_POINT('',(34.945076227726,20.332289406859,26.));
#3630 = CARTESIAN_POINT('',(35.034074813922,20.402102840103,26.));
#3631 = CARTESIAN_POINT('',(35.093969134753,20.444499666214,26.));
#3632 = CARTESIAN_POINT('',(35.155903073855,20.484095829624,26.));
#3633 = CARTESIAN_POINT('',(35.219631262348,20.520913411709,26.));
#3634 = CARTESIAN_POINT('',(35.284928297898,20.555000980201,26.));
#3635 = CARTESIAN_POINT('',(35.539989366231,20.675211201424,26.));
#3636 = CARTESIAN_POINT('',(35.739106344335,20.742600399808,26.));
#3637 = CARTESIAN_POINT('',(35.94489796422,20.790339573451,26.));
#3638 = CARTESIAN_POINT('',(36.15431593424,20.820382247612,26.));
#3639 = CARTESIAN_POINT('',(36.365344192045,20.83465003465,26.));
#3640 = CARTESIAN_POINT('',(36.577061677062,20.83465003465,26.));
#3641 = ORIENTED_EDGE('',*,*,#3642,.T.);
#3642 = EDGE_CURVE('',#3606,#3643,#3645,.T.);
#3643 = VERTEX_POINT('',#3644);
#3644 = CARTESIAN_POINT('',(38.78911988912,19.204712404712,26.));
#3645 = B_SPLINE_CURVE_WITH_KNOTS('',6,(#3646,#3647,#3648,#3649,#3650,
    #3651,#3652,#3653,#3654,#3655,#3656,#3657,#3658,#3659,#3660,#3661,
    #3662,#3663,#3664,#3665,#3666,#3667,#3668,#3669,#3670,#3671,#3672,
    #3673,#3674,#3675,#3676,#3677),.UNSPECIFIED.,.F.,.F.,(7,5,5,5,5,5,7)
  ,(0.,0.358435112847,0.498131036731,0.577407965986,0.740482058358,
    0.914990920507,1.),.UNSPECIFIED.);
#3646 = CARTESIAN_POINT('',(36.577061677062,20.83465003465,26.));
#3647 = CARTESIAN_POINT('',(36.761583677666,20.83465003465,26.));
#3648 = CARTESIAN_POINT('',(36.945569358437,20.823780384092,26.));
#3649 = CARTESIAN_POINT('',(37.128332174898,20.800925671198,26.));
#3650 = CARTESIAN_POINT('',(37.308566585691,20.764743607448,26.));
#3651 = CARTESIAN_POINT('',(37.484368067454,20.7138324553,26.));
#3652 = CARTESIAN_POINT('',(37.719120502161,20.620924057157,26.));
#3653 = CARTESIAN_POINT('',(37.783892362394,20.592453836262,26.));
#3654 = CARTESIAN_POINT('',(37.847445370982,20.561504648062,26.));
#3655 = CARTESIAN_POINT('',(37.909602353676,20.528023183628,26.));
#3656 = CARTESIAN_POINT('',(37.970170849955,20.491975682457,26.));
#3657 = CARTESIAN_POINT('',(38.06230427099,20.431440727341,26.));
#3658 = CARTESIAN_POINT('',(38.09508350591,20.40869671786,26.));
#3659 = CARTESIAN_POINT('',(38.127248410316,20.385123695137,26.));
#3660 = CARTESIAN_POINT('',(38.158761222297,20.36072412266,26.));
#3661 = CARTESIAN_POINT('',(38.189584000757,20.335504005629,26.));
#3662 = CARTESIAN_POINT('',(38.28158381837,20.2559264123,26.));
#3663 = CARTESIAN_POINT('',(38.340415952405,20.198942126326,26.));
#3664 = CARTESIAN_POINT('',(38.395831722365,20.138617351177,26.));
#3665 = CARTESIAN_POINT('',(38.447521088163,20.075107647576,26.));
#3666 = CARTESIAN_POINT('',(38.495223919632,20.00863889772,26.));
#3667 = CARTESIAN_POINT('',(38.585321180238,19.865553204222,26.));
#3668 = CARTESIAN_POINT('',(38.627119865174,19.788533918494,26.));
#3669 = CARTESIAN_POINT('',(38.663901151783,19.708841340895,26.));
#3670 = CARTESIAN_POINT('',(38.69556199938,19.626885183246,26.));
#3671 = CARTESIAN_POINT('',(38.722113441472,19.543091998043,26.));
#3672 = CARTESIAN_POINT('',(38.754150330158,19.416388423284,26.));
#3673 = CARTESIAN_POINT('',(38.763456589688,19.374547547653,26.));
#3674 = CARTESIAN_POINT('',(38.771587803923,19.332416428174,26.));
#3675 = CARTESIAN_POINT('',(38.778560843513,19.290039429334,26.));
#3676 = CARTESIAN_POINT('',(38.784396580662,19.247458346259,26.));
#3677 = CARTESIAN_POINT('',(38.78911988912,19.204712404712,26.));
#3678 = ORIENTED_EDGE('',*,*,#3679,.T.);
#3679 = EDGE_CURVE('',#3643,#3680,#3682,.T.);
#3680 = VERTEX_POINT('',#3681);
#3681 = CARTESIAN_POINT('',(37.879902979903,19.204712404712,26.));
#3682 = LINE('',#3683,#3684);
#3683 = CARTESIAN_POINT('',(17.489951489951,19.204712404712,26.));
#3684 = VECTOR('',#3685,1.);
#3685 = DIRECTION('',(-1.,0.,0.));
#3686 = ORIENTED_EDGE('',*,*,#3687,.T.);
#3687 = EDGE_CURVE('',#3680,#3688,#3690,.T.);
#3688 = VERTEX_POINT('',#3689);
#3689 = CARTESIAN_POINT('',(36.56042966043,20.052945252945,26.));
#3690 = B_SPLINE_CURVE_WITH_KNOTS('',6,(#3691,#3692,#3693,#3694,#3695,
    #3696,#3697,#3698,#3699,#3700,#3701,#3702,#3703,#3704,#3705,#3706,
    #3707,#3708,#3709,#3710,#3711,#3712,#3713,#3714,#3715,#3716,#3717),
  .UNSPECIFIED.,.F.,.F.,(7,5,5,5,5,7),(0.,0.156190070569,0.341747019077,
    0.431459576243,0.590892195213,1.),.UNSPECIFIED.);
#3691 = CARTESIAN_POINT('',(37.879902979903,19.204712404712,26.));
#3692 = CARTESIAN_POINT('',(37.870884864227,19.247548454176,26.));
#3693 = CARTESIAN_POINT('',(37.859688872107,19.289749360401,26.));
#3694 = CARTESIAN_POINT('',(37.846289425396,19.331177554163,26.));
#3695 = CARTESIAN_POINT('',(37.83068732537,19.371698446246,26.));
#3696 = CARTESIAN_POINT('',(37.812913398228,19.411182817711,26.));
#3697 = CARTESIAN_POINT('',(37.769412806247,19.495041736055,26.));
#3698 = CARTESIAN_POINT('',(37.742815473564,19.538946913725,26.));
#3699 = CARTESIAN_POINT('',(37.713348388675,19.581018447373,26.));
#3700 = CARTESIAN_POINT('',(37.681169693107,19.621098985497,26.));
#3701 = CARTESIAN_POINT('',(37.646474997076,19.659073911118,26.));
#3702 = CARTESIAN_POINT('',(37.591601109105,19.712169371882,26.));
#3703 = CARTESIAN_POINT('',(37.573179686425,19.728964065069,26.));
#3704 = CARTESIAN_POINT('',(37.554244958147,19.745241352086,26.));
#3705 = CARTESIAN_POINT('',(37.534821351307,19.760995567676,26.));
#3706 = CARTESIAN_POINT('',(37.514933446583,19.776223240806,26.));
#3707 = CARTESIAN_POINT('',(37.458481029809,19.817046931413,26.));
#3708 = CARTESIAN_POINT('',(37.42096763206,19.841503454255,26.));
#3709 = CARTESIAN_POINT('',(37.382202685112,19.864285194332,26.));
#3710 = CARTESIAN_POINT('',(37.342318711825,19.885403363986,26.));
#3711 = CARTESIAN_POINT('',(37.301439843193,19.904882433935,26.));
#3712 = CARTESIAN_POINT('',(37.152515439949,19.968615387231,26.));
#3713 = CARTESIAN_POINT('',(37.039601732357,20.003868911291,26.));
#3714 = CARTESIAN_POINT('',(36.922714060793,20.029143574606,26.));
#3715 = CARTESIAN_POINT('',(36.803277288156,20.045236879246,26.));
#3716 = CARTESIAN_POINT('',(36.682312591093,20.052945252945,26.));
#3717 = CARTESIAN_POINT('',(36.56042966043,20.052945252945,26.));
#3718 = ORIENTED_EDGE('',*,*,#3719,.T.);
#3719 = EDGE_CURVE('',#3688,#3720,#3722,.T.);
#3720 = VERTEX_POINT('',#3721);
#3721 = CARTESIAN_POINT('',(35.30194040194,19.149272349272,26.));
#3722 = B_SPLINE_CURVE_WITH_KNOTS('',6,(#3723,#3724,#3725,#3726,#3727,
    #3728,#3729,#3730,#3731,#3732,#3733,#3734,#3735,#3736,#3737,#3738,
    #3739,#3740,#3741,#3742,#3743,#3744,#3745,#3746,#3747,#3748,#3749,
    #3750,#3751,#3752,#3753,#3754),.UNSPECIFIED.,.F.,.F.,(7,5,5,5,5,5,7)
  ,(0.,0.427877345817,0.570911736955,0.648508480637,0.805381863402,
    0.937623266999,1.),.UNSPECIFIED.);
#3723 = CARTESIAN_POINT('',(36.56042966043,20.052945252945,26.));
#3724 = CARTESIAN_POINT('',(36.429263711669,20.052945252945,26.));
#3725 = CARTESIAN_POINT('',(36.299245656996,20.04460193855,26.));
#3726 = CARTESIAN_POINT('',(36.170930891762,20.02699052361,26.));
#3727 = CARTESIAN_POINT('',(36.045658305412,19.998868805249,26.));
#3728 = CARTESIAN_POINT('',(35.925518398878,19.958912228697,26.));
#3729 = CARTESIAN_POINT('',(35.775875994735,19.888091893005,26.));
#3730 = CARTESIAN_POINT('',(35.739296080986,19.868891136927,26.));
#3731 = CARTESIAN_POINT('',(35.70374458144,19.848193499538,26.));
#3732 = CARTESIAN_POINT('',(35.669356194581,19.825967446431,26.));
#3733 = CARTESIAN_POINT('',(35.636277308712,19.802196023075,26.));
#3734 = CARTESIAN_POINT('',(35.587508088746,19.763151729796,26.));
#3735 = CARTESIAN_POINT('',(35.570786060794,19.748966420064,26.));
#3736 = CARTESIAN_POINT('',(35.554519135039,19.734328552923,26.));
#3737 = CARTESIAN_POINT('',(35.538732006499,19.719241192867,26.));
#3738 = CARTESIAN_POINT('',(35.523449240712,19.7037097314,26.));
#3739 = CARTESIAN_POINT('',(35.478867930487,19.65546050974,26.));
#3740 = CARTESIAN_POINT('',(35.451197224212,19.62139127054,26.));
#3741 = CARTESIAN_POINT('',(35.425890862025,19.585607712437,26.));
#3742 = CARTESIAN_POINT('',(35.403130687875,19.548218426004,26.));
#3743 = CARTESIAN_POINT('',(35.383058086741,19.509373610351,26.));
#3744 = CARTESIAN_POINT('',(35.351176901653,19.43546639874,26.));
#3745 = CARTESIAN_POINT('',(35.338563184938,19.400762344768,26.));
#3746 = CARTESIAN_POINT('',(35.327970076547,19.365276535794,26.));
#3747 = CARTESIAN_POINT('',(35.31941358846,19.329131322641,26.));
#3748 = CARTESIAN_POINT('',(35.312878777074,19.292451923852,26.));
#3749 = CARTESIAN_POINT('',(35.306176467476,19.237870066507,26.));
#3750 = CARTESIAN_POINT('',(35.304468955943,19.220284571616,26.));
#3751 = CARTESIAN_POINT('',(35.303197616274,19.202620186787,26.));
#3752 = CARTESIAN_POINT('',(35.302356945826,19.184889044217,26.));
#3753 = CARTESIAN_POINT('',(35.30194040194,19.167102743029,26.));
#3754 = CARTESIAN_POINT('',(35.30194040194,19.149272349272,26.));
#3755 = ORIENTED_EDGE('',*,*,#3756,.T.);
#3756 = EDGE_CURVE('',#3720,#3757,#3759,.T.);
#3757 = VERTEX_POINT('',#3758);
#3758 = CARTESIAN_POINT('',(36.366389466389,18.262231462231,26.));
#3759 = B_SPLINE_CURVE_WITH_KNOTS('',6,(#3760,#3761,#3762,#3763,#3764,
    #3765,#3766,#3767,#3768,#3769,#3770,#3771,#3772,#3773,#3774,#3775,
    #3776,#3777,#3778,#3779,#3780,#3781,#3782,#3783,#3784,#3785,#3786),
  .UNSPECIFIED.,.F.,.F.,(7,5,5,5,5,7),(0.,9.096738986279E-02,
    0.258208253531,0.46052171699,0.585713499546,1.),.UNSPECIFIED.);
#3760 = CARTESIAN_POINT('',(35.30194040194,19.149272349272,26.));
#3761 = CARTESIAN_POINT('',(35.30194040194,19.126851958113,26.));
#3762 = CARTESIAN_POINT('',(35.302530051217,19.10456200556,26.));
#3763 = CARTESIAN_POINT('',(35.303739965236,19.082420712431,26.));
#3764 = CARTESIAN_POINT('',(35.305600782888,19.060448988744,26.));
#3765 = CARTESIAN_POINT('',(35.308141430758,19.038670011275,26.));
#3766 = CARTESIAN_POINT('',(35.317354982929,18.977469152051,26.));
#3767 = CARTESIAN_POINT('',(35.325707820389,18.938556457962,26.));
#3768 = CARTESIAN_POINT('',(35.336603313527,18.900543689987,26.));
#3769 = CARTESIAN_POINT('',(35.35015449987,18.863602420164,26.));
#3770 = CARTESIAN_POINT('',(35.366395406419,18.827892385134,26.));
#3771 = CARTESIAN_POINT('',(35.408050727773,18.752007886725,26.));
#3772 = CARTESIAN_POINT('',(35.434685572938,18.712448340474,26.));
#3773 = CARTESIAN_POINT('',(35.465014071077,18.675125470356,26.));
#3774 = CARTESIAN_POINT('',(35.498724801577,18.640116707274,26.));
#3775 = CARTESIAN_POINT('',(35.535411962786,18.607385247309,26.));
#3776 = CARTESIAN_POINT('',(35.598939493337,18.557940908635,26.));
#3777 = CARTESIAN_POINT('',(35.624208451347,18.53987320507,26.));
#3778 = CARTESIAN_POINT('',(35.650370887306,18.522611310682,26.));
#3779 = CARTESIAN_POINT('',(35.677338324705,18.506119629898,26.));
#3780 = CARTESIAN_POINT('',(35.705029595483,18.490357867011,26.));
#3781 = CARTESIAN_POINT('',(35.827176490988,18.425405204682,26.));
#3782 = CARTESIAN_POINT('',(35.928000297565,18.383143705265,26.));
#3783 = CARTESIAN_POINT('',(36.033579399647,18.346793121531,26.));
#3784 = CARTESIAN_POINT('',(36.142331573537,18.315109100213,26.));
#3785 = CARTESIAN_POINT('',(36.253358697744,18.287164720021,26.));
#3786 = CARTESIAN_POINT('',(36.366389466389,18.262231462231,26.));
#3787 = ORIENTED_EDGE('',*,*,#3788,.T.);
#3788 = EDGE_CURVE('',#3757,#3789,#3791,.T.);
#3789 = VERTEX_POINT('',#3790);
#3790 = CARTESIAN_POINT('',(37.214622314622,18.068191268191,26.));
#3791 = LINE('',#3792,#3793);
#3792 = CARTESIAN_POINT('',(20.433780195563,21.906946001309,26.));
#3793 = VECTOR('',#3794,1.);
#3794 = DIRECTION('',(0.974818948223,-0.222997798613,0.));
#3795 = ORIENTED_EDGE('',*,*,#3796,.T.);
#3796 = EDGE_CURVE('',#3789,#3797,#3799,.T.);
#3797 = VERTEX_POINT('',#3798);
#3798 = CARTESIAN_POINT('',(38.916632016632,16.421621621622,26.));
#3799 = B_SPLINE_CURVE_WITH_KNOTS('',6,(#3800,#3801,#3802,#3803,#3804,
    #3805,#3806,#3807,#3808,#3809,#3810,#3811,#3812,#3813,#3814,#3815,
    #3816,#3817,#3818,#3819,#3820,#3821,#3822,#3823,#3824,#3825,#3826,
    #3827,#3828,#3829,#3830,#3831),.UNSPECIFIED.,.F.,.F.,(7,5,5,5,5,5,7)
  ,(0.,0.377134720068,0.495881834424,0.560153052891,0.690042484884,
    0.882523214389,1.),.UNSPECIFIED.);
#3800 = CARTESIAN_POINT('',(37.214622314622,18.068191268191,26.));
#3801 = CARTESIAN_POINT('',(37.379295161431,18.030730146642,26.));
#3802 = CARTESIAN_POINT('',(37.541828160381,17.987589735673,26.));
#3803 = CARTESIAN_POINT('',(37.701918824533,17.937613788267,26.));
#3804 = CARTESIAN_POINT('',(37.858455529235,17.879349273111,26.));
#3805 = CARTESIAN_POINT('',(38.009467634013,17.810930447793,26.));
#3806 = CARTESIAN_POINT('',(38.197070117401,17.704591758692,26.));
#3807 = CARTESIAN_POINT('',(38.24114928917,17.677903154954,26.));
#3808 = CARTESIAN_POINT('',(38.284284362596,17.649928311516,26.));
#3809 = CARTESIAN_POINT('',(38.326359195813,17.620608478172,26.));
#3810 = CARTESIAN_POINT('',(38.367245655354,17.589894929548,26.));
#3811 = CARTESIAN_POINT('',(38.428222466969,17.540360280517,26.));
#3812 = CARTESIAN_POINT('',(38.449248263666,17.522547575241,26.));
#3813 = CARTESIAN_POINT('',(38.469864547686,17.504312364905,26.));
#3814 = CARTESIAN_POINT('',(38.490049430599,17.48565160623,26.));
#3815 = CARTESIAN_POINT('',(38.509780994589,17.466564276633,26.));
#3816 = CARTESIAN_POINT('',(38.567953461311,17.407616618331,26.));
#3817 = CARTESIAN_POINT('',(38.604933136955,17.366439845883,26.));
#3818 = CARTESIAN_POINT('',(38.639789011331,17.323538705991,26.));
#3819 = CARTESIAN_POINT('',(38.672356288763,17.278962899535,26.));
#3820 = CARTESIAN_POINT('',(38.702505303982,17.232803928445,26.));
#3821 = CARTESIAN_POINT('',(38.771126435419,17.11466864992,26.));
#3822 = CARTESIAN_POINT('',(38.806624720017,17.04094135916,26.));
#3823 = CARTESIAN_POINT('',(38.836360106489,16.96450755292,26.));
#3824 = CARTESIAN_POINT('',(38.860400033388,16.885904282362,26.));
#3825 = CARTESIAN_POINT('',(38.879040091901,16.805673062626,26.));
#3826 = CARTESIAN_POINT('',(38.900998167763,16.674654677381,26.));
#3827 = CARTESIAN_POINT('',(38.907458511387,16.624564202547,26.));
#3828 = CARTESIAN_POINT('',(38.912148537546,16.574138521647,26.));
#3829 = CARTESIAN_POINT('',(38.915171087826,16.523462305256,26.));
#3830 = CARTESIAN_POINT('',(38.916632016632,16.472605434554,26.));
#3831 = CARTESIAN_POINT('',(38.916632016632,16.421621621622,26.));
#3832 = ORIENTED_EDGE('',*,*,#3833,.T.);
#3833 = EDGE_CURVE('',#3797,#3834,#3836,.T.);
#3834 = VERTEX_POINT('',#3835);
#3835 = CARTESIAN_POINT('',(36.565973665974,14.5920997921,26.));
#3836 = B_SPLINE_CURVE_WITH_KNOTS('',6,(#3837,#3838,#3839,#3840,#3841,
    #3842,#3843,#3844,#3845,#3846,#3847,#3848,#3849,#3850,#3851,#3852,
    #3853,#3854,#3855,#3856,#3857,#3858,#3859,#3860,#3861,#3862,#3863,
    #3864,#3865,#3866,#3867,#3868),.UNSPECIFIED.,.F.,.F.,(7,5,5,5,5,5,7)
  ,(0.,8.336567242932E-02,0.248493093999,0.398370609016,0.472538644847,
    0.607599783115,1.),.UNSPECIFIED.);
#3837 = CARTESIAN_POINT('',(38.916632016632,16.421621621622,26.));
#3838 = CARTESIAN_POINT('',(38.916632016632,16.375137422453,26.));
#3839 = CARTESIAN_POINT('',(38.91533023881,16.328698263924,26.));
#3840 = CARTESIAN_POINT('',(38.912686739256,16.282349467383,26.));
#3841 = CARTESIAN_POINT('',(38.908664366945,16.236141435897,26.));
#3842 = CARTESIAN_POINT('',(38.903230837276,16.190129412939,26.));
#3843 = CARTESIAN_POINT('',(38.882752919031,16.053741228412,26.));
#3844 = CARTESIAN_POINT('',(38.863505658847,15.964092463966,26.));
#3845 = CARTESIAN_POINT('',(38.838424595065,15.875928552614,26.));
#3846 = CARTESIAN_POINT('',(38.807426163842,15.789762616346,26.));
#3847 = CARTESIAN_POINT('',(38.770577859229,15.706102843877,26.));
#3848 = CARTESIAN_POINT('',(38.689618372359,15.552219006053,26.));
#3849 = CARTESIAN_POINT('',(38.646481640854,15.481447419741,26.));
#3850 = CARTESIAN_POINT('',(38.598916824429,15.413481845475,26.));
#3851 = CARTESIAN_POINT('',(38.547198426669,15.348589139351,26.));
#3852 = CARTESIAN_POINT('',(38.491664042698,15.286957032276,26.));
#3853 = CARTESIAN_POINT('',(38.40350854725,15.199884086006,26.));
#3854 = CARTESIAN_POINT('',(38.373481310265,15.17188606325,26.));
#3855 = CARTESIAN_POINT('',(38.342654028429,15.144727286291,26.));
#3856 = CARTESIAN_POINT('',(38.311070692828,15.118416085949,26.));
#3857 = CARTESIAN_POINT('',(38.278775087402,15.092956482155,26.));
#3858 = CARTESIAN_POINT('',(38.185782292547,15.023536093011,26.));
#3859 = CARTESIAN_POINT('',(38.123536454233,14.981548177132,26.));
#3860 = CARTESIAN_POINT('',(38.059331269383,14.942382659579,26.));
#3861 = CARTESIAN_POINT('',(37.993410717614,14.906000185302,26.));
#3862 = CARTESIAN_POINT('',(37.925996714441,14.872336186425,26.));
#3863 = CARTESIAN_POINT('',(37.657637872451,14.751180674982,26.));
#3864 = CARTESIAN_POINT('',(37.447276578148,14.683461478839,26.));
#3865 = CARTESIAN_POINT('',(37.230413501721,14.635887665842,26.));
#3866 = CARTESIAN_POINT('',(37.010138949866,14.606152269012,26.));
#3867 = CARTESIAN_POINT('',(36.788407370217,14.5920997921,26.));
#3868 = CARTESIAN_POINT('',(36.565973665974,14.5920997921,26.));
#3869 = ORIENTED_EDGE('',*,*,#3870,.T.);
#3870 = EDGE_CURVE('',#3834,#3871,#3873,.T.);
#3871 = VERTEX_POINT('',#3872);
#3872 = CARTESIAN_POINT('',(34.193139293139,16.260845460845,26.));
#3873 = B_SPLINE_CURVE_WITH_KNOTS('',6,(#3874,#3875,#3876,#3877,#3878,
    #3879,#3880,#3881,#3882,#3883,#3884,#3885,#3886,#3887,#3888,#3889,
    #3890,#3891,#3892,#3893,#3894,#3895,#3896,#3897,#3898,#3899,#3900,
    #3901,#3902,#3903,#3904,#3905),.UNSPECIFIED.,.F.,.F.,(7,5,5,5,5,5,7)
  ,(0.,0.401200411611,0.541340836147,0.618416873296,0.773914790434,
    0.926566048689,1.),.UNSPECIFIED.);
#3874 = CARTESIAN_POINT('',(36.565973665974,14.5920997921,26.));
#3875 = CARTESIAN_POINT('',(36.347755644977,14.5920997921,26.));
#3876 = CARTESIAN_POINT('',(36.130247312192,14.605157838785,26.));
#3877 = CARTESIAN_POINT('',(35.914117645864,14.632829222408,26.));
#3878 = CARTESIAN_POINT('',(35.701115293686,14.677159179294,26.));
#3879 = CARTESIAN_POINT('',(35.494024663842,14.740394255545,26.));
#3880 = CARTESIAN_POINT('',(35.227695363385,14.854243037507,26.));
#3881 = CARTESIAN_POINT('',(35.15996282403,14.88628284639,26.));
#3882 = CARTESIAN_POINT('',(35.093624628074,14.920971524122,26.));
#3883 = CARTESIAN_POINT('',(35.028889997671,14.958379700689,26.));
#3884 = CARTESIAN_POINT('',(34.965989476873,14.998554879551,26.));
#3885 = CARTESIAN_POINT('',(34.871715955561,15.065134199418,26.));
#3886 = CARTESIAN_POINT('',(34.838893172385,15.089599316699,26.));
#3887 = CARTESIAN_POINT('',(34.806740632688,15.114906967978,26.));
#3888 = CARTESIAN_POINT('',(34.775300083346,15.141055179397,26.));
#3889 = CARTESIAN_POINT('',(34.744613551134,15.168037903145,26.));
#3890 = CARTESIAN_POINT('',(34.654421005937,15.251944792656,26.));
#3891 = CARTESIAN_POINT('',(34.597350901049,15.311407310425,26.));
#3892 = CARTESIAN_POINT('',(34.543873007952,15.374132409796,26.));
#3893 = CARTESIAN_POINT('',(34.494310832302,15.439957936551,26.));
#3894 = CARTESIAN_POINT('',(34.448930846438,15.508645477179,26.));
#3895 = CARTESIAN_POINT('',(34.367663753428,15.649782891691,26.));
#3896 = CARTESIAN_POINT('',(34.331609218866,15.722156149553,26.));
#3897 = CARTESIAN_POINT('',(34.299939116099,15.796675665069,26.));
#3898 = CARTESIAN_POINT('',(34.272724962486,15.873010608427,26.));
#3899 = CARTESIAN_POINT('',(34.249947894303,15.950818548615,26.));
#3900 = CARTESIAN_POINT('',(34.222651516011,16.067727160744,26.));
#3901 = CARTESIAN_POINT('',(34.214790942611,16.105963386521,26.));
#3902 = CARTESIAN_POINT('',(34.207924926594,16.144426819017,26.));
#3903 = CARTESIAN_POINT('',(34.202039502314,16.183083018837,26.));
#3904 = CARTESIAN_POINT('',(34.197117649476,16.221899446181,26.));
#3905 = CARTESIAN_POINT('',(34.193139293139,16.260845460845,26.));
#3906 = ORIENTED_EDGE('',*,*,#3907,.T.);
#3907 = EDGE_CURVE('',#3871,#3908,#3910,.T.);
#3908 = VERTEX_POINT('',#3909);
#3909 = CARTESIAN_POINT('',(35.152252252252,16.260845460845,26.));
#3910 = LINE('',#3911,#3912);
#3911 = CARTESIAN_POINT('',(16.126126126126,16.260845460845,26.));
#3912 = VECTOR('',#3913,1.);
#3913 = DIRECTION('',(1.,0.,0.));
#3914 = ORIENTED_EDGE('',*,*,#3915,.T.);
#3915 = EDGE_CURVE('',#3908,#3916,#3918,.T.);
#3916 = VERTEX_POINT('',#3917);
#3917 = CARTESIAN_POINT('',(36.599237699238,15.384892584893,26.));
#3918 = B_SPLINE_CURVE_WITH_KNOTS('',6,(#3919,#3920,#3921,#3922,#3923,
    #3924,#3925,#3926,#3927,#3928,#3929,#3930,#3931,#3932,#3933,#3934,
    #3935,#3936,#3937,#3938,#3939,#3940,#3941,#3942,#3943,#3944,#3945),
  .UNSPECIFIED.,.F.,.F.,(7,5,5,5,5,7),(0.,0.177216385636,0.355178360745,
    0.44159860816,0.59529766291,1.),.UNSPECIFIED.);
#3919 = CARTESIAN_POINT('',(35.152252252252,16.260845460845,26.));
#3920 = CARTESIAN_POINT('',(35.165177324659,16.209145171218,26.));
#3921 = CARTESIAN_POINT('',(35.18100662676,16.158402104412,26.));
#3922 = CARTESIAN_POINT('',(35.199794822602,16.108835459681,26.));
#3923 = CARTESIAN_POINT('',(35.221550798847,16.060659746563,26.));
#3924 = CARTESIAN_POINT('',(35.24622663247,16.014078105918,26.));
#3925 = CARTESIAN_POINT('',(35.301302098732,15.92428466186,26.));
#3926 = CARTESIAN_POINT('',(35.331730582208,15.881079409473,26.));
#3927 = CARTESIAN_POINT('',(35.364876287213,15.839847880111,26.));
#3928 = CARTESIAN_POINT('',(35.400576621729,15.800724364384,26.));
#3929 = CARTESIAN_POINT('',(35.438634070489,15.763797219478,26.));
#3930 = CARTESIAN_POINT('',(35.498346815131,15.71227539491,26.));
#3931 = CARTESIAN_POINT('',(35.518370493693,15.695963054802,26.));
#3932 = CARTESIAN_POINT('',(35.538874699141,15.680184392472,26.));
#3933 = CARTESIAN_POINT('',(35.559834979494,15.66494193805,26.));
#3934 = CARTESIAN_POINT('',(35.5812269094,15.650235990416,26.));
#3935 = CARTESIAN_POINT('',(35.641796095714,15.610860724221,26.));
#3936 = CARTESIAN_POINT('',(35.681854375978,15.587348158043,26.));
#3937 = CARTESIAN_POINT('',(35.723065834075,15.565516426314,26.));
#3938 = CARTESIAN_POINT('',(35.765301384826,15.545336897858,26.));
#3939 = CARTESIAN_POINT('',(35.808441913158,15.526768797087,26.));
#3940 = CARTESIAN_POINT('',(35.968080731582,15.464993315251,26.));
#3941 = CARTESIAN_POINT('',(36.089244148703,15.431099175387,26.));
#3942 = CARTESIAN_POINT('',(36.214094169816,15.407130834034,26.));
#3943 = CARTESIAN_POINT('',(36.341254103732,15.392047250895,26.));
#3944 = CARTESIAN_POINT('',(36.46979410287,15.384892584893,26.));
#3945 = CARTESIAN_POINT('',(36.599237699238,15.384892584893,26.));
#3946 = ORIENTED_EDGE('',*,*,#3947,.T.);
#3947 = EDGE_CURVE('',#3916,#3948,#3950,.T.);
#3948 = VERTEX_POINT('',#3949);
#3949 = CARTESIAN_POINT('',(37.940887040887,16.332917532918,26.));
#3950 = B_SPLINE_CURVE_WITH_KNOTS('',6,(#3951,#3952,#3953,#3954,#3955,
    #3956,#3957,#3958,#3959,#3960,#3961,#3962,#3963,#3964,#3965,#3966,
    #3967,#3968,#3969,#3970,#3971,#3972,#3973,#3974,#3975,#3976,#3977,
    #3978,#3979,#3980,#3981,#3982),.UNSPECIFIED.,.F.,.F.,(7,5,5,5,5,5,7)
  ,(0.,0.437617604532,0.578177513043,0.654345315988,0.807180516074,
    0.93816170374,1.),.UNSPECIFIED.);
#3951 = CARTESIAN_POINT('',(36.599237699238,15.384892584893,26.));
#3952 = CARTESIAN_POINT('',(36.740997690247,15.384892584893,26.));
#3953 = CARTESIAN_POINT('',(36.881572391287,15.393763048734,26.));
#3954 = CARTESIAN_POINT('',(37.020452067098,15.412557467541,26.));
#3955 = CARTESIAN_POINT('',(37.156180562965,15.442742479259,26.));
#3956 = CARTESIAN_POINT('',(37.286404547957,15.485913015754,26.));
#3957 = CARTESIAN_POINT('',(37.446813531862,15.562295354656,26.));
#3958 = CARTESIAN_POINT('',(37.484879286335,15.58236486685,26.));
#3959 = CARTESIAN_POINT('',(37.521891828202,15.603979296303,26.));
#3960 = CARTESIAN_POINT('',(37.557709706491,15.627175551753,26.));
#3961 = CARTESIAN_POINT('',(37.592178246113,15.651975287385,26.));
#3962 = CARTESIAN_POINT('',(37.642994822056,15.692684318575,26.));
#3963 = CARTESIAN_POINT('',(37.660410267613,15.707461570055,26.));
#3964 = CARTESIAN_POINT('',(37.677355643712,15.722708885099,26.));
#3965 = CARTESIAN_POINT('',(37.693804736002,15.738423533914,26.));
#3966 = CARTESIAN_POINT('',(37.709731415124,15.754600272068,26.));
#3967 = CARTESIAN_POINT('',(37.755966947545,15.804602562589,26.));
#3968 = CARTESIAN_POINT('',(37.784621002916,15.839807727071,26.));
#3969 = CARTESIAN_POINT('',(37.810855051558,15.876773504664,26.));
#3970 = CARTESIAN_POINT('',(37.834479208724,15.915389712004,26.));
#3971 = CARTESIAN_POINT('',(37.855345963131,15.955501992727,26.));
#3972 = CARTESIAN_POINT('',(37.888808752229,16.032386831077,26.));
#3973 = CARTESIAN_POINT('',(37.902163522802,16.068822962344,26.));
#3974 = CARTESIAN_POINT('',(37.913373368074,16.10608521887,26.));
#3975 = CARTESIAN_POINT('',(37.922422287769,16.144040267614,26.));
#3976 = CARTESIAN_POINT('',(37.929328925275,16.182551897766,26.));
#3977 = CARTESIAN_POINT('',(37.936412244412,16.239864172278,26.));
#3978 = CARTESIAN_POINT('',(37.938216994257,16.258338990052,26.));
#3979 = CARTESIAN_POINT('',(37.939559996392,16.276894526119,26.));
#3980 = CARTESIAN_POINT('',(37.94044754006,16.295517676493,26.));
#3981 = CARTESIAN_POINT('',(37.940887040887,16.314195962928,26.));
#3982 = CARTESIAN_POINT('',(37.940887040887,16.332917532918,26.));
#3983 = ORIENTED_EDGE('',*,*,#3984,.T.);
#3984 = EDGE_CURVE('',#3948,#3559,#3985,.T.);
#3985 = B_SPLINE_CURVE_WITH_KNOTS('',6,(#3986,#3987,#3988,#3989,#3990,
    #3991,#3992,#3993,#3994,#3995,#3996,#3997,#3998,#3999,#4000,#4001,
    #4002,#4003,#4004,#4005,#4006,#4007,#4008,#4009,#4010,#4011,#4012,
    #4013,#4014,#4015,#4016,#4017),.UNSPECIFIED.,.F.,.F.,(7,5,5,5,5,5,7)
  ,(0.,0.104045874164,0.283717032703,0.413601023392,0.478342954355,
    0.599002381763,1.),.UNSPECIFIED.);
#3986 = CARTESIAN_POINT('',(37.940887040887,16.332917532918,26.));
#3987 = CARTESIAN_POINT('',(37.940887040887,16.359002865525,26.));
#3988 = CARTESIAN_POINT('',(37.940183389856,16.384913773835,26.));
#3989 = CARTESIAN_POINT('',(37.938728542603,16.410625717315,26.));
#3990 = CARTESIAN_POINT('',(37.936473266218,16.436109147604,26.));
#3991 = CARTESIAN_POINT('',(37.933369835017,16.46133038375,26.));
#3992 = CARTESIAN_POINT('',(37.922477151635,16.529289112236,26.));
#3993 = CARTESIAN_POINT('',(37.91291952242,16.571447022085,26.));
#3994 = CARTESIAN_POINT('',(37.900482955639,16.61250930335,26.));
#3995 = CARTESIAN_POINT('',(37.884998386167,16.652258119154,26.));
#3996 = CARTESIAN_POINT('',(37.866405046793,16.690492734247,26.));
#3997 = CARTESIAN_POINT('',(37.829196303403,16.753472949851,26.));
#3998 = CARTESIAN_POINT('',(37.812010997377,16.779026740219,26.));
#3999 = CARTESIAN_POINT('',(37.793288626458,16.80364848742,26.));
#4000 = CARTESIAN_POINT('',(37.773097184174,16.827307038864,26.));
#4001 = CARTESIAN_POINT('',(37.751528532886,16.849993749514,26.));
#4002 = CARTESIAN_POINT('',(37.717306473734,16.882543243968,26.));
#4003 = CARTESIAN_POINT('',(37.705606515235,16.893131542862,26.));
#4004 = CARTESIAN_POINT('',(37.6936034514,16.903482107599,26.));
#4005 = CARTESIAN_POINT('',(37.681310367748,16.913597414228,26.));
#4006 = CARTESIAN_POINT('',(37.668740482983,16.923480922434,26.));
#4007 = CARTESIAN_POINT('',(37.631989686112,16.95113323177,26.));
#4008 = CARTESIAN_POINT('',(37.60715726361,16.968339184825,26.));
#4009 = CARTESIAN_POINT('',(37.581494297975,16.984783765569,26.));
#4010 = CARTESIAN_POINT('',(37.555082461102,17.00050330617,26.));
#4011 = CARTESIAN_POINT('',(37.527996735714,17.015538040127,26.));
#4012 = CARTESIAN_POINT('',(37.408259468648,17.077753534905,26.));
#4013 = CARTESIAN_POINT('',(37.309618769431,17.118393303192,26.));
#4014 = CARTESIAN_POINT('',(37.206500493084,17.15353660437,26.));
#4015 = CARTESIAN_POINT('',(37.100392552597,17.184393080717,26.));
#4016 = CARTESIAN_POINT('',(36.992133880591,17.211846169512,26.));
#4017 = CARTESIAN_POINT('',(36.881981981982,17.23659043659,26.));
#4018 = FACE_BOUND('',#4019,.T.);
#4019 = EDGE_LOOP('',(#4020,#4030,#4038,#4046,#4054,#4062,#4070,#4078,
    #4086,#4128,#4160,#4168,#4217,#4259,#4267,#4275));
#4020 = ORIENTED_EDGE('',*,*,#4021,.T.);
#4021 = EDGE_CURVE('',#4022,#4024,#4026,.T.);
#4022 = VERTEX_POINT('',#4023);
#4023 = CARTESIAN_POINT('',(40.952390852391,20.701593901594,26.));
#4024 = VERTEX_POINT('',#4025);
#4025 = CARTESIAN_POINT('',(42.554608454608,20.701593901594,26.));
#4026 = LINE('',#4027,#4028);
#4027 = CARTESIAN_POINT('',(19.827304227304,20.701593901594,26.));
#4028 = VECTOR('',#4029,1.);
#4029 = DIRECTION('',(1.,0.,0.));
#4030 = ORIENTED_EDGE('',*,*,#4031,.T.);
#4031 = EDGE_CURVE('',#4024,#4032,#4034,.T.);
#4032 = VERTEX_POINT('',#4033);
#4033 = CARTESIAN_POINT('',(42.554608454608,22.331531531532,26.));
#4034 = LINE('',#4035,#4036);
#4035 = CARTESIAN_POINT('',(42.554608454608,9.715765765766,26.));
#4036 = VECTOR('',#4037,1.);
#4037 = DIRECTION('',(0.,1.,0.));
#4038 = ORIENTED_EDGE('',*,*,#4039,.T.);
#4039 = EDGE_CURVE('',#4032,#4040,#4042,.T.);
#4040 = VERTEX_POINT('',#4041);
#4041 = CARTESIAN_POINT('',(43.486001386001,22.331531531532,26.));
#4042 = LINE('',#4043,#4044);
#4043 = CARTESIAN_POINT('',(20.293000693001,22.331531531532,26.));
#4044 = VECTOR('',#4045,1.);
#4045 = DIRECTION('',(1.,0.,0.));
#4046 = ORIENTED_EDGE('',*,*,#4047,.T.);
#4047 = EDGE_CURVE('',#4040,#4048,#4050,.T.);
#4048 = VERTEX_POINT('',#4049);
#4049 = CARTESIAN_POINT('',(43.486001386001,20.701593901594,26.));
#4050 = LINE('',#4051,#4052);
#4051 = CARTESIAN_POINT('',(43.486001386001,8.900796950797,26.));
#4052 = VECTOR('',#4053,1.);
#4053 = DIRECTION('',(0.,-1.,0.));
#4054 = ORIENTED_EDGE('',*,*,#4055,.T.);
#4055 = EDGE_CURVE('',#4048,#4056,#4058,.T.);
#4056 = VERTEX_POINT('',#4057);
#4057 = CARTESIAN_POINT('',(45.925363825364,20.701593901594,26.));
#4058 = LINE('',#4059,#4060);
#4059 = CARTESIAN_POINT('',(21.512681912682,20.701593901594,26.));
#4060 = VECTOR('',#4061,1.);
#4061 = DIRECTION('',(1.,0.,0.));
#4062 = ORIENTED_EDGE('',*,*,#4063,.T.);
#4063 = EDGE_CURVE('',#4056,#4064,#4066,.T.);
#4064 = VERTEX_POINT('',#4065);
#4065 = CARTESIAN_POINT('',(45.925363825364,19.897713097713,26.));
#4066 = LINE('',#4067,#4068);
#4067 = CARTESIAN_POINT('',(45.925363825364,8.498856548857,26.));
#4068 = VECTOR('',#4069,1.);
#4069 = DIRECTION('',(0.,-1.,0.));
#4070 = ORIENTED_EDGE('',*,*,#4071,.T.);
#4071 = EDGE_CURVE('',#4064,#4072,#4074,.T.);
#4072 = VERTEX_POINT('',#4073);
#4073 = CARTESIAN_POINT('',(43.497089397089,19.897713097713,26.));
#4074 = LINE('',#4075,#4076);
#4075 = CARTESIAN_POINT('',(20.298544698545,19.897713097713,26.));
#4076 = VECTOR('',#4077,1.);
#4077 = DIRECTION('',(-1.,0.,0.));
#4078 = ORIENTED_EDGE('',*,*,#4079,.T.);
#4079 = EDGE_CURVE('',#4072,#4080,#4082,.T.);
#4080 = VERTEX_POINT('',#4081);
#4081 = CARTESIAN_POINT('',(43.497089397089,16.504781704782,26.));
#4082 = LINE('',#4083,#4084);
#4083 = CARTESIAN_POINT('',(43.497089397089,6.802390852391,26.));
#4084 = VECTOR('',#4085,1.);
#4085 = DIRECTION('',(0.,-1.,0.));
#4086 = ORIENTED_EDGE('',*,*,#4087,.T.);
#4087 = EDGE_CURVE('',#4080,#4088,#4090,.T.);
#4088 = VERTEX_POINT('',#4089);
#4089 = CARTESIAN_POINT('',(44.805474705475,15.495772695773,26.));
#4090 = B_SPLINE_CURVE_WITH_KNOTS('',6,(#4091,#4092,#4093,#4094,#4095,
    #4096,#4097,#4098,#4099,#4100,#4101,#4102,#4103,#4104,#4105,#4106,
    #4107,#4108,#4109,#4110,#4111,#4112,#4113,#4114,#4115,#4116,#4117,
    #4118,#4119,#4120,#4121,#4122,#4123,#4124,#4125,#4126,#4127),
  .UNSPECIFIED.,.F.,.F.,(7,5,5,5,5,5,5,7),(0.,0.123939572895,
    0.191386167688,0.329399279085,0.465222935844,0.532168745656,
    0.652626162586,1.),.UNSPECIFIED.);
#4091 = CARTESIAN_POINT('',(43.497089397089,16.504781704782,26.));
#4092 = CARTESIAN_POINT('',(43.497089397089,16.465573666883,26.));
#4093 = CARTESIAN_POINT('',(43.49841176382,16.426543211689,26.));
#4094 = CARTESIAN_POINT('',(43.501136330565,16.387749981554,26.));
#4095 = CARTESIAN_POINT('',(43.505345504111,16.349268319921,26.));
#4096 = CARTESIAN_POINT('',(43.511117283351,16.311185675236,26.));
#4097 = CARTESIAN_POINT('',(43.522545820254,16.253147827753,26.));
#4098 = CARTESIAN_POINT('',(43.52705569362,16.232842221649,26.));
#4099 = CARTESIAN_POINT('',(43.532058806047,16.21270049763,26.));
#4100 = CARTESIAN_POINT('',(43.537564458354,16.192739730887,26.));
#4101 = CARTESIAN_POINT('',(43.543580344122,16.172977760704,26.));
#4102 = CARTESIAN_POINT('',(43.563479125396,16.113439963854,26.));
#4103 = CARTESIAN_POINT('',(43.579008889545,16.07435186045,26.));
#4104 = CARTESIAN_POINT('',(43.596749169788,16.036336710646,26.));
#4105 = CARTESIAN_POINT('',(43.61671180945,15.999556440489,26.));
#4106 = CARTESIAN_POINT('',(43.638861703766,15.964160151461,26.));
#4107 = CARTESIAN_POINT('',(43.68696436489,15.896931771825,26.));
#4108 = CARTESIAN_POINT('',(43.712855883163,15.865045537144,26.));
#4109 = CARTESIAN_POINT('',(43.740692215244,15.834742535763,26.));
#4110 = CARTESIAN_POINT('',(43.770350549746,15.806100957891,26.));
#4111 = CARTESIAN_POINT('',(43.80168229072,15.779161057808,26.));
#4112 = CARTESIAN_POINT('',(43.850708899072,15.741498501043,26.));
#4113 = CARTESIAN_POINT('',(43.8672628394,15.729479176156,26.));
#4114 = CARTESIAN_POINT('',(43.884165173091,15.717875503301,26.));
#4115 = CARTESIAN_POINT('',(43.901397011493,15.706686151071,26.));
#4116 = CARTESIAN_POINT('',(43.918939633996,15.695908045965,26.));
#4117 = CARTESIAN_POINT('',(43.968865226119,15.666874337957,26.));
#4118 = CARTESIAN_POINT('',(44.001902008474,15.649528655033,26.));
#4119 = CARTESIAN_POINT('',(44.035778941437,15.633471603915,26.));
#4120 = CARTESIAN_POINT('',(44.070396381452,15.618662099407,26.));
#4121 = CARTESIAN_POINT('',(44.10566430617,15.605051140804,26.));
#4122 = CARTESIAN_POINT('',(44.244864680065,15.556644058337,26.));
#4123 = CARTESIAN_POINT('',(44.352885815179,15.530277111928,26.));
#4124 = CARTESIAN_POINT('',(44.463917560436,15.512132518033,26.));
#4125 = CARTESIAN_POINT('',(44.576760239347,15.500970187932,26.));
#4126 = CARTESIAN_POINT('',(44.690693323583,15.495772695773,26.));
#4127 = CARTESIAN_POINT('',(44.805474705475,15.495772695773,26.));
#4128 = ORIENTED_EDGE('',*,*,#4129,.T.);
#4129 = EDGE_CURVE('',#4088,#4130,#4132,.T.);
#4130 = VERTEX_POINT('',#4131);
#4131 = CARTESIAN_POINT('',(45.908731808732,15.529036729037,26.));
#4132 = B_SPLINE_CURVE_WITH_KNOTS('',6,(#4133,#4134,#4135,#4136,#4137,
    #4138,#4139,#4140,#4141,#4142,#4143,#4144,#4145,#4146,#4147,#4148,
    #4149,#4150,#4151,#4152,#4153,#4154,#4155,#4156,#4157,#4158,#4159),
  .UNSPECIFIED.,.F.,.F.,(7,5,5,5,5,7),(0.,0.208453312478,0.391770205724,
    0.609322603413,0.818104694389,1.),.UNSPECIFIED.);
#4133 = CARTESIAN_POINT('',(44.805474705475,15.495772695773,26.));
#4134 = CARTESIAN_POINT('',(44.842547805485,15.495772695773,26.));
#4135 = CARTESIAN_POINT('',(44.880873389148,15.495932570935,26.));
#4136 = CARTESIAN_POINT('',(44.920068919042,15.496222614467,26.));
#4137 = CARTESIAN_POINT('',(44.959906354996,15.496625994658,26.));
#4138 = CARTESIAN_POINT('',(45.000218010933,15.497129963279,26.));
#4139 = CARTESIAN_POINT('',(45.076666193107,15.498250709135,26.));
#4140 = CARTESIAN_POINT('',(45.112712215146,15.498846416965,26.));
#4141 = CARTESIAN_POINT('',(45.148948580015,15.499507612497,26.));
#4142 = CARTESIAN_POINT('',(45.185306617118,15.500230365548,26.));
#4143 = CARTESIAN_POINT('',(45.221726105956,15.501012181027,26.));
#4144 = CARTESIAN_POINT('',(45.301372569405,15.502847704148,26.));
#4145 = CARTESIAN_POINT('',(45.344598011593,15.503924844468,26.));
#4146 = CARTESIAN_POINT('',(45.387727264527,15.505080703923,26.));
#4147 = CARTESIAN_POINT('',(45.430660710637,15.506314753693,26.));
#4148 = CARTESIAN_POINT('',(45.473279025329,15.50762853745,26.));
#4149 = CARTESIAN_POINT('',(45.555873327747,15.510367111756,26.));
#4150 = CARTESIAN_POINT('',(45.595871739317,15.511784855967,26.));
#4151 = CARTESIAN_POINT('',(45.635302077272,15.513283252394,26.));
#4152 = CARTESIAN_POINT('',(45.673967069642,15.514868156625,26.));
#4153 = CARTESIAN_POINT('',(45.711593016635,15.51654647833,26.));
#4154 = CARTESIAN_POINT('',(45.779161950696,15.519887025497,26.));
#4155 = CARTESIAN_POINT('',(45.809392372847,15.521519703608,26.));
#4156 = CARTESIAN_POINT('',(45.838196285429,15.523243124584,26.));
#4157 = CARTESIAN_POINT('',(45.865031764596,15.525067560103,26.));
#4158 = CARTESIAN_POINT('',(45.889022183842,15.526997802324,26.));
#4159 = CARTESIAN_POINT('',(45.908731808732,15.529036729037,26.));
#4160 = ORIENTED_EDGE('',*,*,#4161,.T.);
#4161 = EDGE_CURVE('',#4130,#4162,#4164,.T.);
#4162 = VERTEX_POINT('',#4163);
#4163 = CARTESIAN_POINT('',(45.908731808732,14.7306999307,26.));
#4164 = LINE('',#4165,#4166);
#4165 = CARTESIAN_POINT('',(45.908731808732,5.91534996535,26.));
#4166 = VECTOR('',#4167,1.);
#4167 = DIRECTION('',(0.,-1.,0.));
#4168 = ORIENTED_EDGE('',*,*,#4169,.T.);
#4169 = EDGE_CURVE('',#4162,#4170,#4172,.T.);
#4170 = VERTEX_POINT('',#4171);
#4171 = CARTESIAN_POINT('',(44.738946638947,14.67525987526,26.));
#4172 = B_SPLINE_CURVE_WITH_KNOTS('',7,(#4173,#4174,#4175,#4176,#4177,
    #4178,#4179,#4180,#4181,#4182,#4183,#4184,#4185,#4186,#4187,#4188,
    #4189,#4190,#4191,#4192,#4193,#4194,#4195,#4196,#4197,#4198,#4199,
    #4200,#4201,#4202,#4203,#4204,#4205,#4206,#4207,#4208,#4209,#4210,
    #4211,#4212,#4213,#4214,#4215,#4216),.UNSPECIFIED.,.F.,.F.,(8,6,6,6,
    6,6,6,8),(0.,8.58654167587E-02,0.252265341391,0.422941010795,
    0.552167806923,0.636753383413,0.779358923527,1.),.UNSPECIFIED.);
#4173 = CARTESIAN_POINT('',(45.908731808732,14.7306999307,26.));
#4174 = CARTESIAN_POINT('',(45.900960262563,14.729260755483,26.));
#4175 = CARTESIAN_POINT('',(45.892175672575,14.727860008806,26.));
#4176 = CARTESIAN_POINT('',(45.882544471271,14.726498442245,26.));
#4177 = CARTESIAN_POINT('',(45.872207415782,14.725175771114,26.));
#4178 = CARTESIAN_POINT('',(45.86127899813,14.723890779535,26.));
#4179 = CARTESIAN_POINT('',(45.849846855497,14.722641425516,26.));
#4180 = CARTESIAN_POINT('',(45.814957125449,14.719067511539,26.));
#4181 = CARTESIAN_POINT('',(45.790315478711,14.716837266672,26.));
#4182 = CARTESIAN_POINT('',(45.764510003431,14.714715447952,26.));
#4183 = CARTESIAN_POINT('',(45.737833508952,14.712690628357,26.));
#4184 = CARTESIAN_POINT('',(45.710483902166,14.71075359151,26.));
#4185 = CARTESIAN_POINT('',(45.682597367643,14.708895210938,26.));
#4186 = CARTESIAN_POINT('',(45.625151292036,14.705273517287,26.));
#4187 = CARTESIAN_POINT('',(45.595595160336,14.703515554144,26.));
#4188 = CARTESIAN_POINT('',(45.565675590637,14.701826182515,26.));
#4189 = CARTESIAN_POINT('',(45.535469867881,14.700200425314,26.));
#4190 = CARTESIAN_POINT('',(45.505037962118,14.698634560492,26.));
#4191 = CARTESIAN_POINT('',(45.474428389728,14.697125616047,26.));
#4192 = CARTESIAN_POINT('',(45.420397549262,14.694570325863,26.));
#4193 = CARTESIAN_POINT('',(45.397037348039,14.693500694614,26.));
#4194 = CARTESIAN_POINT('',(45.373616486448,14.692461591899,26.));
#4195 = CARTESIAN_POINT('',(45.350151112307,14.691452375372,26.));
#4196 = CARTESIAN_POINT('',(45.326656168938,14.690472642841,26.));
#4197 = CARTESIAN_POINT('',(45.303145906463,14.689522210036,26.));
#4198 = CARTESIAN_POINT('',(45.264244899806,14.687998166924,26.));
#4199 = CARTESIAN_POINT('',(45.248854964931,14.687407807908,26.));
#4200 = CARTESIAN_POINT('',(45.233468495531,14.686830016368,26.));
#4201 = CARTESIAN_POINT('',(45.218089504872,14.686264840442,26.));
#4202 = CARTESIAN_POINT('',(45.20272211243,14.68571237136,26.));
#4203 = CARTESIAN_POINT('',(45.18737054389,14.685172743444,26.));
#4204 = CARTESIAN_POINT('',(45.146191409982,14.683758306519,26.));
#4205 = CARTESIAN_POINT('',(45.120401505434,14.682907495382,26.));
#4206 = CARTESIAN_POINT('',(45.09469010547,14.68209456871,26.));
#4207 = CARTESIAN_POINT('',(45.069080018819,14.681320756456,26.));
#4208 = CARTESIAN_POINT('',(45.043597600325,14.680587773689,26.));
#4209 = CARTESIAN_POINT('',(45.0182741763,14.679897943764,26.));
#4210 = CARTESIAN_POINT('',(44.954271115234,14.67825850107,26.));
#4211 = CARTESIAN_POINT('',(44.915918441987,14.677374633551,26.));
#4212 = CARTESIAN_POINT('',(44.878165618214,14.676612234364,26.));
#4213 = CARTESIAN_POINT('',(44.841178897385,14.675986751869,26.));
#4214 = CARTESIAN_POINT('',(44.805285860446,14.675525053003,26.));
#4215 = CARTESIAN_POINT('',(44.77092217911,14.67525987526,26.));
#4216 = CARTESIAN_POINT('',(44.738946638947,14.67525987526,26.));
#4217 = ORIENTED_EDGE('',*,*,#4218,.T.);
#4218 = EDGE_CURVE('',#4170,#4219,#4221,.T.);
#4219 = VERTEX_POINT('',#4220);
#4220 = CARTESIAN_POINT('',(42.554608454608,16.493693693694,26.));
#4221 = B_SPLINE_CURVE_WITH_KNOTS('',6,(#4222,#4223,#4224,#4225,#4226,
    #4227,#4228,#4229,#4230,#4231,#4232,#4233,#4234,#4235,#4236,#4237,
    #4238,#4239,#4240,#4241,#4242,#4243,#4244,#4245,#4246,#4247,#4248,
    #4249,#4250,#4251,#4252,#4253,#4254,#4255,#4256,#4257,#4258),
  .UNSPECIFIED.,.F.,.F.,(7,5,5,5,5,5,5,7),(0.,0.336983888107,
    0.437279336437,0.49039088328,0.598715304751,0.736536025482,
    0.813587167606,1.),.UNSPECIFIED.);
#4222 = CARTESIAN_POINT('',(44.738946638947,14.67525987526,26.));
#4223 = CARTESIAN_POINT('',(44.551226957575,14.67525987526,26.));
#4224 = CARTESIAN_POINT('',(44.364265224065,14.682427657086,26.));
#4225 = CARTESIAN_POINT('',(44.177971362505,14.698200570129,26.));
#4226 = CARTESIAN_POINT('',(43.993250038059,14.724660600948,26.));
#4227 = CARTESIAN_POINT('',(43.8120153023,14.764633598646,26.));
#4228 = CARTESIAN_POINT('',(43.58520294112,14.838974961327,26.));
#4229 = CARTESIAN_POINT('',(43.533779759312,14.857550957164,26.));
#4230 = CARTESIAN_POINT('',(43.483050374335,14.877742603605,26.));
#4231 = CARTESIAN_POINT('',(43.433131345294,14.899640817207,26.));
#4232 = CARTESIAN_POINT('',(43.384156496302,14.923327596106,26.));
#4233 = CARTESIAN_POINT('',(43.31091528417,14.962391345838,26.));
#4234 = CARTESIAN_POINT('',(43.28586422683,14.976434957545,26.));
#4235 = CARTESIAN_POINT('',(43.261141533233,14.991007344429,26.));
#4236 = CARTESIAN_POINT('',(43.236770120801,15.006115856947,26.));
#4237 = CARTESIAN_POINT('',(43.212773487336,15.02176564162,26.));
#4238 = CARTESIAN_POINT('',(43.141046525945,15.070988346105,26.));
#4239 = CARTESIAN_POINT('',(43.094570187896,15.106284461706,26.));
#4240 = CARTESIAN_POINT('',(43.049960609364,15.143863308246,26.));
#4241 = CARTESIAN_POINT('',(43.007415147695,15.183699019544,26.));
#4242 = CARTESIAN_POINT('',(42.967102160775,15.225710666332,26.));
#4243 = CARTESIAN_POINT('',(42.880860354317,15.325777383402,26.));
#4244 = CARTESIAN_POINT('',(42.836375387455,15.385104772711,26.));
#4245 = CARTESIAN_POINT('',(42.795967775172,15.447416966772,26.));
#4246 = CARTESIAN_POINT('',(42.759705177571,15.512327165433,26.));
#4247 = CARTESIAN_POINT('',(42.727508887213,15.579413051336,26.));
#4248 = CARTESIAN_POINT('',(42.683395103312,15.686741532178,26.));
#4249 = CARTESIAN_POINT('',(42.668793121475,15.725783453425,26.));
#4250 = CARTESIAN_POINT('',(42.655376971419,15.765313489563,26.));
#4251 = CARTESIAN_POINT('',(42.643107084626,15.80526956087,26.));
#4252 = CARTESIAN_POINT('',(42.631938809381,15.845595614258,26.));
#4253 = CARTESIAN_POINT('',(42.597359338881,15.984582680389,26.));
#4254 = CARTESIAN_POINT('',(42.579077470905,16.084773113248,26.));
#4255 = CARTESIAN_POINT('',(42.566300789901,16.186180614536,26.));
#4256 = CARTESIAN_POINT('',(42.558341844589,16.288319607465,26.));
#4257 = CARTESIAN_POINT('',(42.554608454608,16.390873099416,26.));
#4258 = CARTESIAN_POINT('',(42.554608454608,16.493693693694,26.));
#4259 = ORIENTED_EDGE('',*,*,#4260,.T.);
#4260 = EDGE_CURVE('',#4219,#4261,#4263,.T.);
#4261 = VERTEX_POINT('',#4262);
#4262 = CARTESIAN_POINT('',(42.554608454608,19.897713097713,26.));
#4263 = LINE('',#4264,#4265);
#4264 = CARTESIAN_POINT('',(42.554608454608,8.498856548857,26.));
#4265 = VECTOR('',#4266,1.);
#4266 = DIRECTION('',(0.,1.,0.));
#4267 = ORIENTED_EDGE('',*,*,#4268,.T.);
#4268 = EDGE_CURVE('',#4261,#4269,#4271,.T.);
#4269 = VERTEX_POINT('',#4270);
#4270 = CARTESIAN_POINT('',(40.952390852391,19.897713097713,26.));
#4271 = LINE('',#4272,#4273);
#4272 = CARTESIAN_POINT('',(19.026195426195,19.897713097713,26.));
#4273 = VECTOR('',#4274,1.);
#4274 = DIRECTION('',(-1.,0.,0.));
#4275 = ORIENTED_EDGE('',*,*,#4276,.T.);
#4276 = EDGE_CURVE('',#4269,#4022,#4277,.T.);
#4277 = LINE('',#4278,#4279);
#4278 = CARTESIAN_POINT('',(40.952390852391,8.900796950797,26.));
#4279 = VECTOR('',#4280,1.);
#4280 = DIRECTION('',(0.,1.,0.));
#4281 = FACE_BOUND('',#4282,.T.);
#4282 = EDGE_LOOP('',(#4283,#4293,#4320,#4355,#4390,#4398,#4406,#4448,
    #4480,#4488,#4520,#4562,#4570,#4578));
#4283 = ORIENTED_EDGE('',*,*,#4284,.T.);
#4284 = EDGE_CURVE('',#4285,#4287,#4289,.T.);
#4285 = VERTEX_POINT('',#4286);
#4286 = CARTESIAN_POINT('',(51.908454608455,15.601108801109,26.));
#4287 = VERTEX_POINT('',#4288);
#4288 = CARTESIAN_POINT('',(51.814206514207,15.601108801109,26.));
#4289 = LINE('',#4290,#4291);
#4290 = CARTESIAN_POINT('',(24.457103257103,15.601108801109,26.));
#4291 = VECTOR('',#4292,1.);
#4292 = DIRECTION('',(-1.,0.,0.));
#4293 = ORIENTED_EDGE('',*,*,#4294,.T.);
#4294 = EDGE_CURVE('',#4287,#4295,#4297,.T.);
#4295 = VERTEX_POINT('',#4296);
#4296 = CARTESIAN_POINT('',(49.995772695773,14.597643797644,26.));
#4297 = B_SPLINE_CURVE_WITH_KNOTS('',6,(#4298,#4299,#4300,#4301,#4302,
    #4303,#4304,#4305,#4306,#4307,#4308,#4309,#4310,#4311,#4312,#4313,
    #4314,#4315,#4316,#4317,#4318,#4319),.UNSPECIFIED.,.F.,.F.,(7,5,5,5,
    7),(0.,0.187870786784,0.481284069022,0.641954844927,1.),
  .UNSPECIFIED.);
#4298 = CARTESIAN_POINT('',(51.814206514207,15.601108801109,26.));
#4299 = CARTESIAN_POINT('',(51.786181195804,15.538590783133,26.));
#4300 = CARTESIAN_POINT('',(51.755113839115,15.477595466467,26.));
#4301 = CARTESIAN_POINT('',(51.721004489704,15.418339268246,26.));
#4302 = CARTESIAN_POINT('',(51.683892251814,15.361026689181,26.));
#4303 = CARTESIAN_POINT('',(51.643861389881,15.305845387034,26.));
#4304 = CARTESIAN_POINT('',(51.53418134244,15.170367737513,26.));
#4305 = CARTESIAN_POINT('',(51.460504400179,15.09334956975,26.));
#4306 = CARTESIAN_POINT('',(51.380547251619,15.022572058589,26.));
#4307 = CARTESIAN_POINT('',(51.295021187489,14.958381835523,26.));
#4308 = CARTESIAN_POINT('',(51.204719438044,14.900904183654,26.));
#4309 = CARTESIAN_POINT('',(51.058862427424,14.822265925621,26.));
#4310 = CARTESIAN_POINT('',(51.006060015542,14.796434048967,26.));
#4311 = CARTESIAN_POINT('',(50.952190193558,14.772583389651,26.));
#4312 = CARTESIAN_POINT('',(50.897373236903,14.750685771647,26.));
#4313 = CARTESIAN_POINT('',(50.841721490984,14.730701514111,26.));
#4314 = CARTESIAN_POINT('',(50.659687136635,14.672210979735,26.));
#4315 = CARTESIAN_POINT('',(50.530425256476,14.641117778248,26.));
#4316 = CARTESIAN_POINT('',(50.398628424796,14.618763665359,26.));
#4317 = CARTESIAN_POINT('',(50.265182818857,14.604489142521,26.));
#4318 = CARTESIAN_POINT('',(50.130752414159,14.597643797644,26.));
#4319 = CARTESIAN_POINT('',(49.995772695773,14.597643797644,26.));
#4320 = ORIENTED_EDGE('',*,*,#4321,.T.);
#4321 = EDGE_CURVE('',#4295,#4322,#4324,.T.);
#4322 = VERTEX_POINT('',#4323);
#4323 = CARTESIAN_POINT('',(48.083090783091,16.410533610534,26.));
#4324 = B_SPLINE_CURVE_WITH_KNOTS('',5,(#4325,#4326,#4327,#4328,#4329,
    #4330,#4331,#4332,#4333,#4334,#4335,#4336,#4337,#4338,#4339,#4340,
    #4341,#4342,#4343,#4344,#4345,#4346,#4347,#4348,#4349,#4350,#4351,
    #4352,#4353,#4354),.UNSPECIFIED.,.F.,.F.,(6,4,4,4,4,4,4,6),(0.,
    0.231586916069,0.346857907075,0.417078673361,0.569626448428,
    0.75479563062,0.842798325756,1.),.UNSPECIFIED.);
#4325 = CARTESIAN_POINT('',(49.995772695773,14.597643797644,26.));
#4326 = CARTESIAN_POINT('',(49.856471751236,14.597643797644,26.));
#4327 = CARTESIAN_POINT('',(49.717542455105,14.606493718726,26.));
#4328 = CARTESIAN_POINT('',(49.579731900034,14.62499933574,26.));
#4329 = CARTESIAN_POINT('',(49.444192525832,14.654020949816,26.));
#4330 = CARTESIAN_POINT('',(49.246823259196,14.714076879725,26.));
#4331 = CARTESIAN_POINT('',(49.18216729165,14.73677797675,26.));
#4332 = CARTESIAN_POINT('',(49.118635688542,14.762287705819,26.));
#4333 = CARTESIAN_POINT('',(49.056439520394,14.790649969291,26.));
#4334 = CARTESIAN_POINT('',(48.958863779854,14.840882486971,26.));
#4335 = CARTESIAN_POINT('',(48.922503396555,14.860957866434,26.));
#4336 = CARTESIAN_POINT('',(48.886772326049,14.88209290283,26.));
#4337 = CARTESIAN_POINT('',(48.851721672701,14.904281820359,26.));
#4338 = CARTESIAN_POINT('',(48.742848236435,14.977978874377,26.));
#4339 = CARTESIAN_POINT('',(48.671739260448,15.033366531096,26.));
#4340 = CARTESIAN_POINT('',(48.604617685322,15.093536691809,26.));
#4341 = CARTESIAN_POINT('',(48.541960955785,15.158219272493,26.));
#4342 = CARTESIAN_POINT('',(48.413949756537,15.310433351959,26.));
#4343 = CARTESIAN_POINT('',(48.350864711602,15.399916060208,26.));
#4344 = CARTESIAN_POINT('',(48.295556845623,15.49462554964,26.));
#4345 = CARTESIAN_POINT('',(48.248275209314,15.593611098397,26.));
#4346 = CARTESIAN_POINT('',(48.190295276803,15.74446781472,26.));
#4347 = CARTESIAN_POINT('',(48.173417691621,15.79381068207,26.));
#4348 = CARTESIAN_POINT('',(48.158332846644,15.843795264865,26.));
#4349 = CARTESIAN_POINT('',(48.145019295411,15.894324972662,26.));
#4350 = CARTESIAN_POINT('',(48.112761528188,16.036383411376,26.));
#4351 = CARTESIAN_POINT('',(48.097622941655,16.128907623604,26.));
#4352 = CARTESIAN_POINT('',(48.087831658081,16.222372498991,26.));
#4353 = CARTESIAN_POINT('',(48.083090783091,16.316355209422,26.));
#4354 = CARTESIAN_POINT('',(48.083090783091,16.410533610534,26.));
#4355 = ORIENTED_EDGE('',*,*,#4356,.T.);
#4356 = EDGE_CURVE('',#4322,#4357,#4359,.T.);
#4357 = VERTEX_POINT('',#4358);
#4358 = CARTESIAN_POINT('',(50.217532917533,18.179071379071,26.));
#4359 = B_SPLINE_CURVE_WITH_KNOTS('',5,(#4360,#4361,#4362,#4363,#4364,
    #4365,#4366,#4367,#4368,#4369,#4370,#4371,#4372,#4373,#4374,#4375,
    #4376,#4377,#4378,#4379,#4380,#4381,#4382,#4383,#4384,#4385,#4386,
    #4387,#4388,#4389),.UNSPECIFIED.,.F.,.F.,(6,4,4,4,4,4,4,6),(0.,
    0.115988163804,0.180200407904,0.311155485325,0.447060931708,
    0.513625011463,0.635490081956,1.),.UNSPECIFIED.);
#4360 = CARTESIAN_POINT('',(48.083090783091,16.410533610534,26.));
#4361 = CARTESIAN_POINT('',(48.083090783091,16.482923104357,26.));
#4362 = CARTESIAN_POINT('',(48.086039552965,16.555163438412,26.));
#4363 = CARTESIAN_POINT('',(48.092160160083,16.627092660174,26.));
#4364 = CARTESIAN_POINT('',(48.101682225985,16.69848826073,26.));
#4365 = CARTESIAN_POINT('',(48.122039207244,16.808153332085,26.));
#4366 = CARTESIAN_POINT('',(48.130390385603,16.846983244186,26.));
#4367 = CARTESIAN_POINT('',(48.13986974532,16.885517681689,26.));
#4368 = CARTESIAN_POINT('',(48.150501062968,16.9237052098,26.));
#4369 = CARTESIAN_POINT('',(48.18636567487,17.038550246855,26.));
#4370 = CARTESIAN_POINT('',(48.215293298798,17.113948536255,26.));
#4371 = CARTESIAN_POINT('',(48.249211064236,17.187190677639,26.));
#4372 = CARTESIAN_POINT('',(48.28809300054,17.25779775292,26.));
#4373 = CARTESIAN_POINT('',(48.376891075438,17.395463416712,26.));
#4374 = CARTESIAN_POINT('',(48.427180343169,17.462304868653,26.));
#4375 = CARTESIAN_POINT('',(48.482236793252,17.525408605758,26.));
#4376 = CARTESIAN_POINT('',(48.541578700252,17.584536782293,26.));
#4377 = CARTESIAN_POINT('',(48.635528540463,17.66657365603,26.));
#4378 = CARTESIAN_POINT('',(48.66731084092,17.69257181038,26.));
#4379 = CARTESIAN_POINT('',(48.699924584595,17.717590616919,26.));
#4380 = CARTESIAN_POINT('',(48.733307017171,17.741632163286,26.));
#4381 = CARTESIAN_POINT('',(48.829807142826,17.806953965831,26.));
#4382 = CARTESIAN_POINT('',(48.894587164233,17.845960635916,26.));
#4383 = CARTESIAN_POINT('',(48.961366021662,17.88179577855,26.));
#4384 = CARTESIAN_POINT('',(49.029808708665,17.914602979464,26.));
#4385 = CARTESIAN_POINT('',(49.308557304718,18.034098755025,26.));
#4386 = CARTESIAN_POINT('',(49.529646432574,18.097862124051,26.));
#4387 = CARTESIAN_POINT('',(49.756704466558,18.140747203394,26.));
#4388 = CARTESIAN_POINT('',(49.98622865085,18.166897470299,26.));
#4389 = CARTESIAN_POINT('',(50.217532917533,18.179071379071,26.));
#4390 = ORIENTED_EDGE('',*,*,#4391,.T.);
#4391 = EDGE_CURVE('',#4357,#4392,#4394,.T.);
#4392 = VERTEX_POINT('',#4393);
#4393 = CARTESIAN_POINT('',(51.869646569647,18.262231462231,26.));
#4394 = LINE('',#4395,#4396);
#4395 = CARTESIAN_POINT('',(24.022771570449,16.860543123346,26.));
#4396 = VECTOR('',#4397,1.);
#4397 = DIRECTION('',(0.998735567407,5.027192453391E-02,0.));
#4398 = ORIENTED_EDGE('',*,*,#4399,.T.);
#4399 = EDGE_CURVE('',#4392,#4400,#4402,.T.);
#4400 = VERTEX_POINT('',#4401);
#4401 = CARTESIAN_POINT('',(51.869646569647,18.805544005544,26.));
#4402 = LINE('',#4403,#4404);
#4403 = CARTESIAN_POINT('',(51.869646569647,7.952772002772,26.));
#4404 = VECTOR('',#4405,1.);
#4405 = DIRECTION('',(0.,1.,0.));
#4406 = ORIENTED_EDGE('',*,*,#4407,.T.);
#4407 = EDGE_CURVE('',#4400,#4408,#4410,.T.);
#4408 = VERTEX_POINT('',#4409);
#4409 = CARTESIAN_POINT('',(50.572349272349,19.975329175329,26.));
#4410 = B_SPLINE_CURVE_WITH_KNOTS('',6,(#4411,#4412,#4413,#4414,#4415,
    #4416,#4417,#4418,#4419,#4420,#4421,#4422,#4423,#4424,#4425,#4426,
    #4427,#4428,#4429,#4430,#4431,#4432,#4433,#4434,#4435,#4436,#4437,
    #4438,#4439,#4440,#4441,#4442,#4443,#4444,#4445,#4446,#4447),
  .UNSPECIFIED.,.F.,.F.,(7,5,5,5,5,5,5,7),(0.,0.174755206036,
    0.260883536622,0.427840632332,0.559897573519,0.623151322959,
    0.732613884005,1.),.UNSPECIFIED.);
#4411 = CARTESIAN_POINT('',(51.869646569647,18.805544005544,26.));
#4412 = CARTESIAN_POINT('',(51.869646569647,18.864935026967,26.));
#4413 = CARTESIAN_POINT('',(51.867362241756,18.924048988029,26.));
#4414 = CARTESIAN_POINT('',(51.862608928797,18.982766399186,26.));
#4415 = CARTESIAN_POINT('',(51.85518313706,19.04091837729,26.));
#4416 = CARTESIAN_POINT('',(51.844883927809,19.098291724007,26.));
#4417 = CARTESIAN_POINT('',(51.824954931669,19.18240237036,26.));
#4418 = CARTESIAN_POINT('',(51.817634901785,19.209919315694,26.));
#4419 = CARTESIAN_POINT('',(51.809553584994,19.237153679323,26.));
#4420 = CARTESIAN_POINT('',(51.800692244009,19.264071585614,26.));
#4421 = CARTESIAN_POINT('',(51.791035385872,19.290637013969,26.));
#4422 = CARTESIAN_POINT('',(51.760289372817,19.367552480991,26.));
#4423 = CARTESIAN_POINT('',(51.736972013561,19.416837546423,26.));
#4424 = CARTESIAN_POINT('',(51.710546591768,19.464373842106,26.));
#4425 = CARTESIAN_POINT('',(51.681000929436,19.509876226416,26.));
#4426 = CARTESIAN_POINT('',(51.648410030395,19.553086624461,26.));
#4427 = CARTESIAN_POINT('',(51.584923908114,19.625989379591,26.));
#4428 = CARTESIAN_POINT('',(51.555092753673,19.656625852952,26.));
#4429 = CARTESIAN_POINT('',(51.523558280827,19.685598414641,26.));
#4430 = CARTESIAN_POINT('',(51.490435017696,19.712842388988,26.));
#4431 = CARTESIAN_POINT('',(51.455856183581,19.738325863435,26.));
#4432 = CARTESIAN_POINT('',(51.402777376987,19.773404133954,26.));
#4433 = CARTESIAN_POINT('',(51.385285887688,19.784359981031,26.));
#4434 = CARTESIAN_POINT('',(51.367508603502,19.794911105305,26.));
#4435 = CARTESIAN_POINT('',(51.349460862064,19.805058838312,26.));
#4436 = CARTESIAN_POINT('',(51.33115786317,19.81480588724,26.));
#4437 = CARTESIAN_POINT('',(51.280525099909,19.84033757255,26.));
#4438 = CARTESIAN_POINT('',(51.247716126632,19.85533087506,26.));
#4439 = CARTESIAN_POINT('',(51.214264715929,19.869156979489,26.));
#4440 = CARTESIAN_POINT('',(51.180243721902,19.881846436798,26.));
#4441 = CARTESIAN_POINT('',(51.145720025099,19.893436047309,26.));
#4442 = CARTESIAN_POINT('',(51.025337305332,19.929685276819,26.));
#4443 = CARTESIAN_POINT('',(50.937307394152,19.949068403774,26.));
#4444 = CARTESIAN_POINT('',(50.847464107055,19.962721484517,26.));
#4445 = CARTESIAN_POINT('',(50.756436952815,19.97128501954,26.));
#4446 = CARTESIAN_POINT('',(50.664656005251,19.975329175329,26.));
#4447 = CARTESIAN_POINT('',(50.572349272349,19.975329175329,26.));
#4448 = ORIENTED_EDGE('',*,*,#4449,.T.);
#4449 = EDGE_CURVE('',#4408,#4450,#4452,.T.);
#4450 = VERTEX_POINT('',#4451);
#4451 = CARTESIAN_POINT('',(49.236243936244,19.165904365904,26.));
#4452 = B_SPLINE_CURVE_WITH_KNOTS('',6,(#4453,#4454,#4455,#4456,#4457,
    #4458,#4459,#4460,#4461,#4462,#4463,#4464,#4465,#4466,#4467,#4468,
    #4469,#4470,#4471,#4472,#4473,#4474,#4475,#4476,#4477,#4478,#4479),
  .UNSPECIFIED.,.F.,.F.,(7,5,5,5,5,7),(0.,0.364685183669,0.518953790733,
    0.60865959117,0.796541197356,1.),.UNSPECIFIED.);
#4453 = CARTESIAN_POINT('',(50.572349272349,19.975329175329,26.));
#4454 = CARTESIAN_POINT('',(50.465055834952,19.975329175329,26.));
#4455 = CARTESIAN_POINT('',(50.358522278117,19.969694621143,26.));
#4456 = CARTESIAN_POINT('',(50.253143104549,19.957906715292,26.));
#4457 = CARTESIAN_POINT('',(50.149549322167,19.939369727426,26.));
#4458 = CARTESIAN_POINT('',(50.048603625675,19.913465950554,26.));
#4459 = CARTESIAN_POINT('',(49.910229103783,19.865385486628,26.));
#4460 = CARTESIAN_POINT('',(49.869763446908,19.849683855449,26.));
#4461 = CARTESIAN_POINT('',(49.830050823755,19.832536825358,26.));
#4462 = CARTESIAN_POINT('',(49.791184523338,19.813913077511,26.));
#4463 = CARTESIAN_POINT('',(49.753264286371,19.793790640344,26.));
#4464 = CARTESIAN_POINT('',(49.694953904491,19.759583530078,26.));
#4465 = CARTESIAN_POINT('',(49.673868913368,19.746496505778,26.));
#4466 = CARTESIAN_POINT('',(49.653159426121,19.732898141656,26.));
#4467 = CARTESIAN_POINT('',(49.632846059969,19.718788478291,26.));
#4468 = CARTESIAN_POINT('',(49.612949423941,19.704169363567,26.));
#4469 = CARTESIAN_POINT('',(49.552734164707,19.657366539576,26.));
#4470 = CARTESIAN_POINT('',(49.51389265823,19.623467219469,26.));
#4471 = CARTESIAN_POINT('',(49.477160408601,19.587386403452,26.));
#4472 = CARTESIAN_POINT('',(49.442713238077,19.549197480992,26.));
#4473 = CARTESIAN_POINT('',(49.410699285729,19.509013385587,26.));
#4474 = CARTESIAN_POINT('',(49.349318074493,19.421488012049,26.));
#4475 = CARTESIAN_POINT('',(49.320384418715,19.373821128196,26.));
#4476 = CARTESIAN_POINT('',(49.294573872757,19.324194119894,26.));
#4477 = CARTESIAN_POINT('',(49.271953824886,19.272834727546,26.));
#4478 = CARTESIAN_POINT('',(49.252526999887,19.219987398718,26.));
#4479 = CARTESIAN_POINT('',(49.236243936244,19.165904365904,26.));
#4480 = ORIENTED_EDGE('',*,*,#4481,.T.);
#4481 = EDGE_CURVE('',#4450,#4482,#4484,.T.);
#4482 = VERTEX_POINT('',#4483);
#4483 = CARTESIAN_POINT('',(48.310395010395,19.165904365904,26.));
#4484 = LINE('',#4485,#4486);
#4485 = CARTESIAN_POINT('',(22.705197505198,19.165904365904,26.));
#4486 = VECTOR('',#4487,1.);
#4487 = DIRECTION('',(-1.,0.,0.));
#4488 = ORIENTED_EDGE('',*,*,#4489,.T.);
#4489 = EDGE_CURVE('',#4482,#4490,#4492,.T.);
#4490 = VERTEX_POINT('',#4491);
#4491 = CARTESIAN_POINT('',(50.583437283437,20.790297990298,26.));
#4492 = B_SPLINE_CURVE_WITH_KNOTS('',6,(#4493,#4494,#4495,#4496,#4497,
    #4498,#4499,#4500,#4501,#4502,#4503,#4504,#4505,#4506,#4507,#4508,
    #4509,#4510,#4511,#4512,#4513,#4514,#4515,#4516,#4517,#4518,#4519),
  .UNSPECIFIED.,.F.,.F.,(7,5,5,5,5,7),(0.,0.119885710406,0.287187143548,
    0.371892006142,0.528687903478,1.),.UNSPECIFIED.);
#4493 = CARTESIAN_POINT('',(48.310395010395,19.165904365904,26.));
#4494 = CARTESIAN_POINT('',(48.317353954445,19.226447179139,26.));
#4495 = CARTESIAN_POINT('',(48.326966119785,19.286617565748,26.));
#4496 = CARTESIAN_POINT('',(48.339264994551,19.346266284342,26.));
#4497 = CARTESIAN_POINT('',(48.354257919359,19.405244454463,26.));
#4498 = CARTESIAN_POINT('',(48.371923649418,19.463404500181,26.));
#4499 = CARTESIAN_POINT('',(48.420519558921,19.600419380864,26.));
#4500 = CARTESIAN_POINT('',(48.453937209717,19.678373751338,26.));
#4501 = CARTESIAN_POINT('',(48.492319295473,19.754061275248,26.));
#4502 = CARTESIAN_POINT('',(48.535427722699,19.827153983222,26.));
#4503 = CARTESIAN_POINT('',(48.582953803575,19.897388634505,26.));
#4504 = CARTESIAN_POINT('',(48.66066142267,19.998563626872,26.));
#4505 = CARTESIAN_POINT('',(48.687823893581,20.031786847706,26.));
#4506 = CARTESIAN_POINT('',(48.715984638173,20.064201470496,26.));
#4507 = CARTESIAN_POINT('',(48.745098111546,20.095787235491,26.));
#4508 = CARTESIAN_POINT('',(48.775118180027,20.126528300288,26.));
#4509 = CARTESIAN_POINT('',(48.86315951584,20.211732802025,26.));
#4510 = CARTESIAN_POINT('',(48.923267444792,20.264117759421,26.));
#4511 = CARTESIAN_POINT('',(48.986030639767,20.313496283859,26.));
#4512 = CARTESIAN_POINT('',(49.051165514632,20.359840692623,26.));
#4513 = CARTESIAN_POINT('',(49.118406204144,20.403155576548,26.));
#4514 = CARTESIAN_POINT('',(49.39524723328,20.564634636177,26.));
#4515 = CARTESIAN_POINT('',(49.619559198664,20.658484825885,26.));
#4516 = CARTESIAN_POINT('',(49.854491819823,20.726207062949,26.));
#4517 = CARTESIAN_POINT('',(50.095407788765,20.7694807254,26.));
#4518 = CARTESIAN_POINT('',(50.339004587687,20.790297990298,26.));
#4519 = CARTESIAN_POINT('',(50.583437283437,20.790297990298,26.));
#4520 = ORIENTED_EDGE('',*,*,#4521,.T.);
#4521 = EDGE_CURVE('',#4490,#4522,#4524,.T.);
#4522 = VERTEX_POINT('',#4523);
#4523 = CARTESIAN_POINT('',(52.806583506584,18.816632016632,26.));
#4524 = B_SPLINE_CURVE_WITH_KNOTS('',6,(#4525,#4526,#4527,#4528,#4529,
    #4530,#4531,#4532,#4533,#4534,#4535,#4536,#4537,#4538,#4539,#4540,
    #4541,#4542,#4543,#4544,#4545,#4546,#4547,#4548,#4549,#4550,#4551,
    #4552,#4553,#4554,#4555,#4556,#4557,#4558,#4559,#4560,#4561),
  .UNSPECIFIED.,.F.,.F.,(7,5,5,5,5,5,5,7),(0.,0.286804616853,
    0.39785896838,0.46069256247,0.591652360466,0.750869297893,
    0.833519907095,1.),.UNSPECIFIED.);
#4525 = CARTESIAN_POINT('',(50.583437283437,20.790297990298,26.));
#4526 = CARTESIAN_POINT('',(50.7473773748,20.790297990298,26.));
#4527 = CARTESIAN_POINT('',(50.910908578962,20.782544685481,26.));
#4528 = CARTESIAN_POINT('',(51.07367459131,20.766073670343,26.));
#4529 = CARTESIAN_POINT('',(51.234854964054,20.739689983914,26.));
#4530 = CARTESIAN_POINT('',(51.393170685708,20.702029740599,26.));
#4531 = CARTESIAN_POINT('',(51.606459634508,20.632296273289,26.));
#4532 = CARTESIAN_POINT('',(51.665297317672,20.610945570084,26.));
#4533 = CARTESIAN_POINT('',(51.723329060435,20.587636971284,26.));
#4534 = CARTESIAN_POINT('',(51.780429829989,20.562303777686,26.));
#4535 = CARTESIAN_POINT('',(51.836461359946,20.534891773748,26.));
#4536 = CARTESIAN_POINT('',(51.922289115465,20.488661384921,26.));
#4537 = CARTESIAN_POINT('',(51.952912920685,20.471279922554,26.));
#4538 = CARTESIAN_POINT('',(51.983119834004,20.453215776727,26.));
#4539 = CARTESIAN_POINT('',(52.012882186223,20.434465181465,26.));
#4540 = CARTESIAN_POINT('',(52.0421718789,20.41502696022,26.));
#4541 = CARTESIAN_POINT('',(52.130962313477,20.35295853245,26.));
#4542 = CARTESIAN_POINT('',(52.188793862533,20.308029493496,26.));
#4543 = CARTESIAN_POINT('',(52.244186419747,20.260138393609,26.));
#4544 = CARTESIAN_POINT('',(52.29689265843,20.209356954976,26.));
#4545 = CARTESIAN_POINT('',(52.346698226484,20.155817448891,26.));
#4546 = CARTESIAN_POINT('',(52.450252681395,20.031528415714,26.));
#4547 = CARTESIAN_POINT('',(52.502549138603,19.959539257563,26.));
#4548 = CARTESIAN_POINT('',(52.550008008966,19.884129837433,26.));
#4549 = CARTESIAN_POINT('',(52.592496090932,19.805734784465,26.));
#4550 = CARTESIAN_POINT('',(52.630020565495,19.724823846332,26.));
#4551 = CARTESIAN_POINT('',(52.679645558771,19.598815960716,26.));
#4552 = CARTESIAN_POINT('',(52.695296454722,19.55520265592,26.));
#4553 = CARTESIAN_POINT('',(52.70965679183,19.51109741354,26.));
#4554 = CARTESIAN_POINT('',(52.722750598511,19.466559182605,26.));
#4555 = CARTESIAN_POINT('',(52.734607379559,19.421642923267,26.));
#4556 = CARTESIAN_POINT('',(52.766716840349,19.285265261679,26.));
#4557 = CARTESIAN_POINT('',(52.783285744134,19.192808218246,26.));
#4558 = CARTESIAN_POINT('',(52.795241781784,19.099424205618,26.));
#4559 = CARTESIAN_POINT('',(52.802900544155,19.005442504092,26.));
#4560 = CARTESIAN_POINT('',(52.806583506584,18.911119330474,26.));
#4561 = CARTESIAN_POINT('',(52.806583506584,18.816632016632,26.));
#4562 = ORIENTED_EDGE('',*,*,#4563,.T.);
#4563 = EDGE_CURVE('',#4522,#4564,#4566,.T.);
#4564 = VERTEX_POINT('',#4565);
#4565 = CARTESIAN_POINT('',(52.806583506584,14.697435897436,26.));
#4566 = LINE('',#4567,#4568);
#4567 = CARTESIAN_POINT('',(52.806583506584,5.898717948718,26.));
#4568 = VECTOR('',#4569,1.);
#4569 = DIRECTION('',(0.,-1.,0.));
#4570 = ORIENTED_EDGE('',*,*,#4571,.T.);
#4571 = EDGE_CURVE('',#4564,#4572,#4574,.T.);
#4572 = VERTEX_POINT('',#4573);
#4573 = CARTESIAN_POINT('',(51.908454608455,14.697435897436,26.));
#4574 = LINE('',#4575,#4576);
#4575 = CARTESIAN_POINT('',(24.504227304227,14.697435897436,26.));
#4576 = VECTOR('',#4577,1.);
#4577 = DIRECTION('',(-1.,0.,0.));
#4578 = ORIENTED_EDGE('',*,*,#4579,.T.);
#4579 = EDGE_CURVE('',#4572,#4285,#4580,.T.);
#4580 = LINE('',#4581,#4582);
#4581 = CARTESIAN_POINT('',(51.908454608455,6.350554400554,26.));
#4582 = VECTOR('',#4583,1.);
#4583 = DIRECTION('',(0.,1.,0.));
#4584 = FACE_BOUND('',#4585,.T.);
#4585 = EDGE_LOOP('',(#4586,#4596,#4604,#4612,#4649,#4670,#4678,#4697,
    #4739,#4747,#4755,#4763,#4771,#4779,#4787,#4795,#4803));
#4586 = ORIENTED_EDGE('',*,*,#4587,.T.);
#4587 = EDGE_CURVE('',#4588,#4590,#4592,.T.);
#4588 = VERTEX_POINT('',#4589);
#4589 = CARTESIAN_POINT('',(55.136174636175,20.718225918226,26.));
#4590 = VERTEX_POINT('',#4591);
#4591 = CARTESIAN_POINT('',(57.381496881497,20.718225918226,26.));
#4592 = LINE('',#4593,#4594);
#4593 = CARTESIAN_POINT('',(27.240748440748,20.718225918226,26.));
#4594 = VECTOR('',#4595,1.);
#4595 = DIRECTION('',(1.,0.,0.));
#4596 = ORIENTED_EDGE('',*,*,#4597,.T.);
#4597 = EDGE_CURVE('',#4590,#4598,#4600,.T.);
#4598 = VERTEX_POINT('',#4599);
#4599 = CARTESIAN_POINT('',(57.381496881497,19.182536382536,26.));
#4600 = LINE('',#4601,#4602);
#4601 = CARTESIAN_POINT('',(57.381496881497,8.141268191268,26.));
#4602 = VECTOR('',#4603,1.);
#4603 = DIRECTION('',(0.,-1.,0.));
#4604 = ORIENTED_EDGE('',*,*,#4605,.T.);
#4605 = EDGE_CURVE('',#4598,#4606,#4608,.T.);
#4606 = VERTEX_POINT('',#4607);
#4607 = CARTESIAN_POINT('',(57.503465003465,19.182536382536,26.));
#4608 = LINE('',#4609,#4610);
#4609 = CARTESIAN_POINT('',(27.301732501732,19.182536382536,26.));
#4610 = VECTOR('',#4611,1.);
#4611 = DIRECTION('',(1.,0.,0.));
#4612 = ORIENTED_EDGE('',*,*,#4613,.T.);
#4613 = EDGE_CURVE('',#4606,#4614,#4616,.T.);
#4614 = VERTEX_POINT('',#4615);
#4615 = CARTESIAN_POINT('',(59.632363132363,20.873458073458,26.));
#4616 = B_SPLINE_CURVE_WITH_KNOTS('',6,(#4617,#4618,#4619,#4620,#4621,
    #4622,#4623,#4624,#4625,#4626,#4627,#4628,#4629,#4630,#4631,#4632,
    #4633,#4634,#4635,#4636,#4637,#4638,#4639,#4640,#4641,#4642,#4643,
    #4644,#4645,#4646,#4647,#4648),.UNSPECIFIED.,.F.,.F.,(7,5,5,5,5,5,7)
  ,(0.,0.187435224798,0.281224856468,0.46564045678,0.665572534827,
    0.772072866691,1.),.UNSPECIFIED.);
#4617 = CARTESIAN_POINT('',(57.503465003465,19.182536382536,26.));
#4618 = CARTESIAN_POINT('',(57.521911563733,19.275230347882,26.));
#4619 = CARTESIAN_POINT('',(57.543695686971,19.367066990385,26.));
#4620 = CARTESIAN_POINT('',(57.569050257451,19.457839249813,26.));
#4621 = CARTESIAN_POINT('',(57.598219134637,19.547270877811,26.));
#4622 = CARTESIAN_POINT('',(57.63142930775,19.635027099572,26.));
#4623 = CARTESIAN_POINT('',(57.687594305,19.763607291745,26.));
#4624 = CARTESIAN_POINT('',(57.707382463056,19.805972827743,26.));
#4625 = CARTESIAN_POINT('',(57.72824940278,19.84777279569,26.));
#4626 = CARTESIAN_POINT('',(57.750213493775,19.888954737853,26.));
#4627 = CARTESIAN_POINT('',(57.773287880396,19.929463816785,26.));
#4628 = CARTESIAN_POINT('',(57.845044540412,20.047461945159,26.));
#4629 = CARTESIAN_POINT('',(57.89693624874,20.122876375653,26.));
#4630 = CARTESIAN_POINT('',(57.953186932939,20.195031359332,26.));
#4631 = CARTESIAN_POINT('',(58.013740310185,20.263496151176,26.));
#4632 = CARTESIAN_POINT('',(58.078417416262,20.327895004339,26.));
#4633 = CARTESIAN_POINT('',(58.221109705367,20.453031213589,26.));
#4634 = CARTESIAN_POINT('',(58.299815158098,20.513027146375,26.));
#4635 = CARTESIAN_POINT('',(58.382573148464,20.567545992382,26.));
#4636 = CARTESIAN_POINT('',(58.46887238492,20.616442498476,26.));
#4637 = CARTESIAN_POINT('',(58.558155801373,20.659746688368,26.));
#4638 = CARTESIAN_POINT('',(58.698708637055,20.717772092346,26.));
#4639 = CARTESIAN_POINT('',(58.748251080585,20.736396423071,26.));
#4640 = CARTESIAN_POINT('',(58.798408326693,20.753502735534,26.));
#4641 = CARTESIAN_POINT('',(58.849106202287,20.769125322738,26.));
#4642 = CARTESIAN_POINT('',(58.900276206201,20.783305200297,26.));
#4643 = CARTESIAN_POINT('',(59.062247022677,20.823441609311,26.));
#4644 = CARTESIAN_POINT('',(59.174503157373,20.844388628897,26.));
#4645 = CARTESIAN_POINT('',(59.288049165635,20.859375945508,26.));
#4646 = CARTESIAN_POINT('',(59.402417147355,20.868906485534,26.));
#4647 = CARTESIAN_POINT('',(59.517261660239,20.873458073458,26.));
#4648 = CARTESIAN_POINT('',(59.632363132363,20.873458073458,26.));
#4649 = ORIENTED_EDGE('',*,*,#4650,.T.);
#4650 = EDGE_CURVE('',#4614,#4651,#4653,.T.);
#4651 = VERTEX_POINT('',#4652);
#4652 = CARTESIAN_POINT('',(60.502772002772,20.740401940402,26.));
#4653 = B_SPLINE_CURVE_WITH_KNOTS('',8,(#4654,#4655,#4656,#4657,#4658,
    #4659,#4660,#4661,#4662,#4663,#4664,#4665,#4666,#4667,#4668,#4669),
  .UNSPECIFIED.,.F.,.F.,(9,7,9),(0.,0.935249456375,1.),.UNSPECIFIED.);
#4654 = CARTESIAN_POINT('',(59.632363132363,20.873458073458,26.));
#4655 = CARTESIAN_POINT('',(59.744807316776,20.873458073458,26.));
#4656 = CARTESIAN_POINT('',(59.856331617918,20.869389647844,26.));
#4657 = CARTESIAN_POINT('',(59.966500826319,20.861395791021,26.));
#4658 = CARTESIAN_POINT('',(60.074605314583,20.849439411367,26.));
#4659 = CARTESIAN_POINT('',(60.179628811757,20.833399801524,26.));
#4660 = CARTESIAN_POINT('',(60.280024701229,20.813037147624,26.));
#4661 = CARTESIAN_POINT('',(60.37381233274,20.788059465556,26.));
#4662 = CARTESIAN_POINT('',(60.463529359061,20.755748858907,26.));
#4663 = CARTESIAN_POINT('',(60.469290283878,20.753631947337,26.));
#4664 = CARTESIAN_POINT('',(60.475001714735,20.751490106473,26.));
#4665 = CARTESIAN_POINT('',(60.48066242026,20.749323191034,26.));
#4666 = CARTESIAN_POINT('',(60.486271130256,20.747131057524,26.));
#4667 = CARTESIAN_POINT('',(60.491826535706,20.744913564233,26.));
#4668 = CARTESIAN_POINT('',(60.497327288766,20.742670571238,26.));
#4669 = CARTESIAN_POINT('',(60.502772002772,20.740401940402,26.));
#4670 = ORIENTED_EDGE('',*,*,#4671,.T.);
#4671 = EDGE_CURVE('',#4651,#4672,#4674,.T.);
#4672 = VERTEX_POINT('',#4673);
#4673 = CARTESIAN_POINT('',(60.502772002772,19.681496881497,26.));
#4674 = LINE('',#4675,#4676);
#4675 = CARTESIAN_POINT('',(60.502772002772,8.390748440748,26.));
#4676 = VECTOR('',#4677,1.);
#4677 = DIRECTION('',(0.,-1.,0.));
#4678 = ORIENTED_EDGE('',*,*,#4679,.T.);
#4679 = EDGE_CURVE('',#4672,#4680,#4682,.T.);
#4680 = VERTEX_POINT('',#4681);
#4681 = CARTESIAN_POINT('',(59.510395010395,19.847817047817,26.));
#4682 = B_SPLINE_CURVE_WITH_KNOTS('',7,(#4683,#4684,#4685,#4686,#4687,
    #4688,#4689,#4690,#4691,#4692,#4693,#4694,#4695,#4696),
  .UNSPECIFIED.,.F.,.F.,(8,6,8),(0.,0.572622087447,1.),.UNSPECIFIED.);
#4683 = CARTESIAN_POINT('',(60.502772002772,19.681496881497,26.));
#4684 = CARTESIAN_POINT('',(60.430281325515,19.707593525309,26.));
#4685 = CARTESIAN_POINT('',(60.353971902406,19.731172572746,26.));
#4686 = CARTESIAN_POINT('',(60.274985288144,19.752409261077,26.));
#4687 = CARTESIAN_POINT('',(60.194078147077,19.771371868373,26.));
#4688 = CARTESIAN_POINT('',(60.111853231078,19.788088141552,26.));
#4689 = CARTESIAN_POINT('',(60.028767544176,19.802535977133,26.));
#4690 = CARTESIAN_POINT('',(59.882842817749,19.82364470397,26.));
#4691 = CARTESIAN_POINT('',(59.820245243489,19.831346549926,26.));
#4692 = CARTESIAN_POINT('',(59.757591369736,19.837690666514,26.));
#4693 = CARTESIAN_POINT('',(59.695064154941,19.842613577225,26.));
#4694 = CARTESIAN_POINT('',(59.6328623739,19.846028194419,26.));
#4695 = CARTESIAN_POINT('',(59.571214166913,19.847817047817,26.));
#4696 = CARTESIAN_POINT('',(59.510395010395,19.847817047817,26.));
#4697 = ORIENTED_EDGE('',*,*,#4698,.T.);
#4698 = EDGE_CURVE('',#4680,#4699,#4701,.T.);
#4699 = VERTEX_POINT('',#4700);
#4700 = CARTESIAN_POINT('',(57.392584892585,17.397366597367,26.));
#4701 = B_SPLINE_CURVE_WITH_KNOTS('',6,(#4702,#4703,#4704,#4705,#4706,
    #4707,#4708,#4709,#4710,#4711,#4712,#4713,#4714,#4715,#4716,#4717,
    #4718,#4719,#4720,#4721,#4722,#4723,#4724,#4725,#4726,#4727,#4728,
    #4729,#4730,#4731,#4732,#4733,#4734,#4735,#4736,#4737,#4738),
  .UNSPECIFIED.,.F.,.F.,(7,5,5,5,5,5,5,7),(0.,0.146064426479,
    0.222911223334,0.376263007858,0.512989996987,0.578672216037,
    0.695570197305,1.),.UNSPECIFIED.);
#4702 = CARTESIAN_POINT('',(59.510395010395,19.847817047817,26.));
#4703 = CARTESIAN_POINT('',(59.420577240705,19.847817047817,26.));
#4704 = CARTESIAN_POINT('',(59.330877803983,19.844461947195,26.));
#4705 = CARTESIAN_POINT('',(59.241453267025,19.837530141391,26.));
#4706 = CARTESIAN_POINT('',(59.152511299905,19.826789179059,26.));
#4707 = CARTESIAN_POINT('',(59.064307198276,19.81201895637,26.));
#4708 = CARTESIAN_POINT('',(58.93128058226,19.783047106005,26.));
#4709 = CARTESIAN_POINT('',(58.885708651226,19.771893154949,26.));
#4710 = CARTESIAN_POINT('',(58.840469166377,19.759546689542,26.));
#4711 = CARTESIAN_POINT('',(58.79561015523,19.745984467128,26.));
#4712 = CARTESIAN_POINT('',(58.75118260166,19.73118795754,26.));
#4713 = CARTESIAN_POINT('',(58.619550036267,19.683130232177,26.));
#4714 = CARTESIAN_POINT('',(58.533775235102,19.646145655353,26.));
#4715 = CARTESIAN_POINT('',(58.450368638422,19.604101952629,26.));
#4716 = CARTESIAN_POINT('',(58.369773963973,19.557002829692,26.));
#4717 = CARTESIAN_POINT('',(58.292406281578,19.504976592579,26.));
#4718 = CARTESIAN_POINT('',(58.152856993052,19.397782436798,26.));
#4719 = CARTESIAN_POINT('',(58.089923937518,19.343555568781,26.));
#4720 = CARTESIAN_POINT('',(58.0300921612,19.285824418148,26.));
#4721 = CARTESIAN_POINT('',(57.973535928016,19.224842116328,26.));
#4722 = CARTESIAN_POINT('',(57.920358697805,19.160903213311,26.));
#4723 = CARTESIAN_POINT('',(57.846706248732,19.062347725582,26.));
#4724 = CARTESIAN_POINT('',(57.823595082674,19.029756277214,26.));
#4725 = CARTESIAN_POINT('',(57.801276826107,18.996589133988,26.));
#4726 = CARTESIAN_POINT('',(57.779752037159,18.96288013729,26.));
#4727 = CARTESIAN_POINT('',(57.759018133092,18.928662682014,26.));
#4728 = CARTESIAN_POINT('',(57.703565599559,18.832224883864,26.));
#4729 = CARTESIAN_POINT('',(57.67054944827,18.768973829206,26.));
#4730 = CARTESIAN_POINT('',(57.639989336667,18.704399312887,26.));
#4731 = CARTESIAN_POINT('',(57.611828661863,18.638672532037,26.));
#4732 = CARTESIAN_POINT('',(57.58599469332,18.571948651119,26.));
#4733 = CARTESIAN_POINT('',(57.500980721615,18.328351682458,26.));
#4734 = CARTESIAN_POINT('',(57.454831732962,18.146608293188,26.));
#4735 = CARTESIAN_POINT('',(57.422421203284,17.961296443139,26.));
#4736 = CARTESIAN_POINT('',(57.402147590737,17.774048204012,26.));
#4737 = CARTESIAN_POINT('',(57.392584892585,17.585916963529,26.));
#4738 = CARTESIAN_POINT('',(57.392584892585,17.397366597367,26.));
#4739 = ORIENTED_EDGE('',*,*,#4740,.T.);
#4740 = EDGE_CURVE('',#4699,#4741,#4743,.T.);
#4741 = VERTEX_POINT('',#4742);
#4742 = CARTESIAN_POINT('',(57.392584892585,15.456964656965,26.));
#4743 = LINE('',#4744,#4745);
#4744 = CARTESIAN_POINT('',(57.392584892585,6.278482328482,26.));
#4745 = VECTOR('',#4746,1.);
#4746 = DIRECTION('',(0.,-1.,0.));
#4747 = ORIENTED_EDGE('',*,*,#4748,.T.);
#4748 = EDGE_CURVE('',#4741,#4749,#4751,.T.);
#4749 = VERTEX_POINT('',#4750);
#4750 = CARTESIAN_POINT('',(59.255370755371,15.456964656965,26.));
#4751 = LINE('',#4752,#4753);
#4752 = CARTESIAN_POINT('',(28.177685377685,15.456964656965,26.));
#4753 = VECTOR('',#4754,1.);
#4754 = DIRECTION('',(1.,0.,0.));
#4755 = ORIENTED_EDGE('',*,*,#4756,.T.);
#4756 = EDGE_CURVE('',#4749,#4757,#4759,.T.);
#4757 = VERTEX_POINT('',#4758);
#4758 = CARTESIAN_POINT('',(59.255370755371,14.70297990298,26.));
#4759 = LINE('',#4760,#4761);
#4760 = CARTESIAN_POINT('',(59.255370755371,5.90148995149,26.));
#4761 = VECTOR('',#4762,1.);
#4762 = DIRECTION('',(0.,-1.,0.));
#4763 = ORIENTED_EDGE('',*,*,#4764,.T.);
#4764 = EDGE_CURVE('',#4757,#4765,#4767,.T.);
#4765 = VERTEX_POINT('',#4766);
#4766 = CARTESIAN_POINT('',(55.258142758143,14.70297990298,26.));
#4767 = LINE('',#4768,#4769);
#4768 = CARTESIAN_POINT('',(26.179071379071,14.70297990298,26.));
#4769 = VECTOR('',#4770,1.);
#4770 = DIRECTION('',(-1.,0.,0.));
#4771 = ORIENTED_EDGE('',*,*,#4772,.T.);
#4772 = EDGE_CURVE('',#4765,#4773,#4775,.T.);
#4773 = VERTEX_POINT('',#4774);
#4774 = CARTESIAN_POINT('',(55.258142758143,15.456964656965,26.));
#4775 = LINE('',#4776,#4777);
#4776 = CARTESIAN_POINT('',(55.258142758143,6.278482328482,26.));
#4777 = VECTOR('',#4778,1.);
#4778 = DIRECTION('',(0.,1.,0.));
#4779 = ORIENTED_EDGE('',*,*,#4780,.T.);
#4780 = EDGE_CURVE('',#4773,#4781,#4783,.T.);
#4781 = VERTEX_POINT('',#4782);
#4782 = CARTESIAN_POINT('',(56.47227997228,15.456964656965,26.));
#4783 = LINE('',#4784,#4785);
#4784 = CARTESIAN_POINT('',(26.78613998614,15.456964656965,26.));
#4785 = VECTOR('',#4786,1.);
#4786 = DIRECTION('',(1.,0.,0.));
#4787 = ORIENTED_EDGE('',*,*,#4788,.T.);
#4788 = EDGE_CURVE('',#4781,#4789,#4791,.T.);
#4789 = VERTEX_POINT('',#4790);
#4790 = CARTESIAN_POINT('',(56.47227997228,19.964241164241,26.));
#4791 = LINE('',#4792,#4793);
#4792 = CARTESIAN_POINT('',(56.47227997228,8.532120582121,26.));
#4793 = VECTOR('',#4794,1.);
#4794 = DIRECTION('',(0.,1.,0.));
#4795 = ORIENTED_EDGE('',*,*,#4796,.T.);
#4796 = EDGE_CURVE('',#4789,#4797,#4799,.T.);
#4797 = VERTEX_POINT('',#4798);
#4798 = CARTESIAN_POINT('',(55.136174636175,19.964241164241,26.));
#4799 = LINE('',#4800,#4801);
#4800 = CARTESIAN_POINT('',(26.118087318087,19.964241164241,26.));
#4801 = VECTOR('',#4802,1.);
#4802 = DIRECTION('',(-1.,0.,0.));
#4803 = ORIENTED_EDGE('',*,*,#4804,.T.);
#4804 = EDGE_CURVE('',#4797,#4588,#4805,.T.);
#4805 = LINE('',#4806,#4807);
#4806 = CARTESIAN_POINT('',(55.136174636175,8.909112959113,26.));
#4807 = VECTOR('',#4808,1.);
#4808 = DIRECTION('',(0.,1.,0.));
#4809 = FACE_BOUND('',#4810,.T.);
#4810 = EDGE_LOOP('',(#4811,#4821,#4829,#4837,#4845,#4853,#4861,#4869,
    #4877,#4885));
#4811 = ORIENTED_EDGE('',*,*,#4812,.T.);
#4812 = EDGE_CURVE('',#4813,#4815,#4817,.T.);
#4813 = VERTEX_POINT('',#4814);
#4814 = CARTESIAN_POINT('',(9.096534996535,15.484684684685,26.));
#4815 = VERTEX_POINT('',#4816);
#4816 = CARTESIAN_POINT('',(11.081288981289,15.484684684685,26.));
#4817 = LINE('',#4818,#4819);
#4818 = CARTESIAN_POINT('',(4.090644490644,15.484684684685,26.));
#4819 = VECTOR('',#4820,1.);
#4820 = DIRECTION('',(1.,0.,0.));
#4821 = ORIENTED_EDGE('',*,*,#4822,.T.);
#4822 = EDGE_CURVE('',#4815,#4823,#4825,.T.);
#4823 = VERTEX_POINT('',#4824);
#4824 = CARTESIAN_POINT('',(11.081288981289,14.70297990298,26.));
#4825 = LINE('',#4826,#4827);
#4826 = CARTESIAN_POINT('',(11.081288981289,5.90148995149,26.));
#4827 = VECTOR('',#4828,1.);
#4828 = DIRECTION('',(0.,-1.,0.));
#4829 = ORIENTED_EDGE('',*,*,#4830,.T.);
#4830 = EDGE_CURVE('',#4823,#4831,#4833,.T.);
#4831 = VERTEX_POINT('',#4832);
#4832 = CARTESIAN_POINT('',(6.097227997228,14.70297990298,26.));
#4833 = LINE('',#4834,#4835);
#4834 = CARTESIAN_POINT('',(1.598613998614,14.70297990298,26.));
#4835 = VECTOR('',#4836,1.);
#4836 = DIRECTION('',(-1.,0.,0.));
#4837 = ORIENTED_EDGE('',*,*,#4838,.T.);
#4838 = EDGE_CURVE('',#4831,#4839,#4841,.T.);
#4839 = VERTEX_POINT('',#4840);
#4840 = CARTESIAN_POINT('',(6.097227997228,15.484684684685,26.));
#4841 = LINE('',#4842,#4843);
#4842 = CARTESIAN_POINT('',(6.097227997228,6.292342342342,26.));
#4843 = VECTOR('',#4844,1.);
#4844 = DIRECTION('',(0.,1.,0.));
#4845 = ORIENTED_EDGE('',*,*,#4846,.T.);
#4846 = EDGE_CURVE('',#4839,#4847,#4849,.T.);
#4847 = VERTEX_POINT('',#4848);
#4848 = CARTESIAN_POINT('',(8.154054054054,15.484684684685,26.));
#4849 = LINE('',#4850,#4851);
#4850 = CARTESIAN_POINT('',(2.627027027027,15.484684684685,26.));
#4851 = VECTOR('',#4852,1.);
#4852 = DIRECTION('',(1.,0.,0.));
#4853 = ORIENTED_EDGE('',*,*,#4854,.T.);
#4854 = EDGE_CURVE('',#4847,#4855,#4857,.T.);
#4855 = VERTEX_POINT('',#4856);
#4856 = CARTESIAN_POINT('',(8.154054054054,22.298267498267,26.));
#4857 = LINE('',#4858,#4859);
#4858 = CARTESIAN_POINT('',(8.154054054054,9.699133749134,26.));
#4859 = VECTOR('',#4860,1.);
#4860 = DIRECTION('',(0.,1.,0.));
#4861 = ORIENTED_EDGE('',*,*,#4862,.T.);
#4862 = EDGE_CURVE('',#4855,#4863,#4865,.T.);
#4863 = VERTEX_POINT('',#4864);
#4864 = CARTESIAN_POINT('',(6.11386001386,22.298267498267,26.));
#4865 = LINE('',#4866,#4867);
#4866 = CARTESIAN_POINT('',(1.60693000693,22.298267498267,26.));
#4867 = VECTOR('',#4868,1.);
#4868 = DIRECTION('',(-1.,0.,0.));
#4869 = ORIENTED_EDGE('',*,*,#4870,.T.);
#4870 = EDGE_CURVE('',#4863,#4871,#4873,.T.);
#4871 = VERTEX_POINT('',#4872);
#4872 = CARTESIAN_POINT('',(6.11386001386,23.079972279972,26.));
#4873 = LINE('',#4874,#4875);
#4874 = CARTESIAN_POINT('',(6.11386001386,10.089986139986,26.));
#4875 = VECTOR('',#4876,1.);
#4876 = DIRECTION('',(0.,1.,0.));
#4877 = ORIENTED_EDGE('',*,*,#4878,.T.);
#4878 = EDGE_CURVE('',#4871,#4879,#4881,.T.);
#4879 = VERTEX_POINT('',#4880);
#4880 = CARTESIAN_POINT('',(9.096534996535,23.079972279972,26.));
#4881 = LINE('',#4882,#4883);
#4882 = CARTESIAN_POINT('',(3.098267498267,23.079972279972,26.));
#4883 = VECTOR('',#4884,1.);
#4884 = DIRECTION('',(1.,0.,0.));
#4885 = ORIENTED_EDGE('',*,*,#4886,.T.);
#4886 = EDGE_CURVE('',#4879,#4813,#4887,.T.);
#4887 = LINE('',#4888,#4889);
#4888 = CARTESIAN_POINT('',(9.096534996535,6.292342342342,26.));
#4889 = VECTOR('',#4890,1.);
#4890 = DIRECTION('',(0.,-1.,0.));
#4891 = FACE_BOUND('',#4892,.T.);
#4892 = EDGE_LOOP('',(#4893,#4903,#4911,#4919,#4951,#4993,#5001,#5043,
    #5075,#5083,#5091,#5099));
#4893 = ORIENTED_EDGE('',*,*,#4894,.T.);
#4894 = EDGE_CURVE('',#4895,#4897,#4899,.T.);
#4895 = VERTEX_POINT('',#4896);
#4896 = CARTESIAN_POINT('',(24.960152460152,14.70297990298,26.));
#4897 = VERTEX_POINT('',#4898);
#4898 = CARTESIAN_POINT('',(24.034303534304,14.70297990298,26.));
#4899 = LINE('',#4900,#4901);
#4900 = CARTESIAN_POINT('',(10.567151767152,14.70297990298,26.));
#4901 = VECTOR('',#4902,1.);
#4902 = DIRECTION('',(-1.,0.,0.));
#4903 = ORIENTED_EDGE('',*,*,#4904,.T.);
#4904 = EDGE_CURVE('',#4897,#4905,#4907,.T.);
#4905 = VERTEX_POINT('',#4906);
#4906 = CARTESIAN_POINT('',(24.034303534304,15.623284823285,26.));
#4907 = LINE('',#4908,#4909);
#4908 = CARTESIAN_POINT('',(24.034303534304,6.361642411642,26.));
#4909 = VECTOR('',#4910,1.);
#4910 = DIRECTION('',(0.,1.,0.));
#4911 = ORIENTED_EDGE('',*,*,#4912,.T.);
#4912 = EDGE_CURVE('',#4905,#4913,#4915,.T.);
#4913 = VERTEX_POINT('',#4914);
#4914 = CARTESIAN_POINT('',(23.928967428967,15.623284823285,26.));
#4915 = LINE('',#4916,#4917);
#4916 = CARTESIAN_POINT('',(10.514483714484,15.623284823285,26.));
#4917 = VECTOR('',#4918,1.);
#4918 = DIRECTION('',(-1.,0.,0.));
#4919 = ORIENTED_EDGE('',*,*,#4920,.T.);
#4920 = EDGE_CURVE('',#4913,#4921,#4923,.T.);
#4921 = VERTEX_POINT('',#4922);
#4922 = CARTESIAN_POINT('',(22.127165627166,14.603187803188,26.));
#4923 = B_SPLINE_CURVE_WITH_KNOTS('',6,(#4924,#4925,#4926,#4927,#4928,
    #4929,#4930,#4931,#4932,#4933,#4934,#4935,#4936,#4937,#4938,#4939,
    #4940,#4941,#4942,#4943,#4944,#4945,#4946,#4947,#4948,#4949,#4950),
  .UNSPECIFIED.,.F.,.F.,(7,5,5,5,5,7),(0.,9.481608037359E-02,
    0.29493724086,0.565957240839,0.707077232831,1.),.UNSPECIFIED.);
#4924 = CARTESIAN_POINT('',(23.928967428967,15.623284823285,26.));
#4925 = CARTESIAN_POINT('',(23.914278139813,15.591807775097,26.));
#4926 = CARTESIAN_POINT('',(23.898921759835,15.560691031972,26.));
#4927 = CARTESIAN_POINT('',(23.882892748029,15.529958404881,26.));
#4928 = CARTESIAN_POINT('',(23.866187716862,15.499633946079,26.));
#4929 = CARTESIAN_POINT('',(23.848805432267,15.469741949107,26.));
#4930 = CARTESIAN_POINT('',(23.792631847281,15.378180710295,26.));
#4931 = CARTESIAN_POINT('',(23.751501201911,15.318085000428,26.));
#4932 = CARTESIAN_POINT('',(23.707370513166,15.260258506679,26.));
#4933 = CARTESIAN_POINT('',(23.660298443231,15.204921287882,26.));
#4934 = CARTESIAN_POINT('',(23.610394930062,15.152266850666,26.));
#4935 = CARTESIAN_POINT('',(23.486641062483,15.034994005693,26.));
#4936 = CARTESIAN_POINT('',(23.410550781892,14.972727727148,26.));
#4937 = CARTESIAN_POINT('',(23.329988747658,14.916065705399,26.));
#4938 = CARTESIAN_POINT('',(23.245479035611,14.865195252995,26.));
#4939 = CARTESIAN_POINT('',(23.157599966351,14.820131781969,26.));
#4940 = CARTESIAN_POINT('',(23.019740128501,14.760274194743,26.));
#4941 = CARTESIAN_POINT('',(22.971777077646,14.741321658148,26.));
#4942 = CARTESIAN_POINT('',(22.923133230043,14.723895445598,26.));
#4943 = CARTESIAN_POINT('',(22.873883073297,14.70796913852,26.));
#4944 = CARTESIAN_POINT('',(22.824096447017,14.693509510897,26.));
#4945 = CARTESIAN_POINT('',(22.66951458173,14.653432460132,26.));
#4946 = CARTESIAN_POINT('',(22.563165938557,14.632546776674,26.));
#4947 = CARTESIAN_POINT('',(22.455344662462,14.617480461187,26.));
#4948 = CARTESIAN_POINT('',(22.346514976796,14.607828169386,26.));
#4949 = CARTESIAN_POINT('',(22.237037561011,14.603187803188,26.));
#4950 = CARTESIAN_POINT('',(22.127165627166,14.603187803188,26.));
#4951 = ORIENTED_EDGE('',*,*,#4952,.T.);
#4952 = EDGE_CURVE('',#4921,#4953,#4955,.T.);
#4953 = VERTEX_POINT('',#4954);
#4954 = CARTESIAN_POINT('',(19.826403326403,17.15343035343,26.));
#4955 = B_SPLINE_CURVE_WITH_KNOTS('',6,(#4956,#4957,#4958,#4959,#4960,
    #4961,#4962,#4963,#4964,#4965,#4966,#4967,#4968,#4969,#4970,#4971,
    #4972,#4973,#4974,#4975,#4976,#4977,#4978,#4979,#4980,#4981,#4982,
    #4983,#4984,#4985,#4986,#4987,#4988,#4989,#4990,#4991,#4992),
  .UNSPECIFIED.,.F.,.F.,(7,5,5,5,5,5,5,7),(0.,0.13917336247,
    0.218160117618,0.383208507977,0.533988789024,0.605533391415,
    0.726499915491,1.),.UNSPECIFIED.);
#4956 = CARTESIAN_POINT('',(22.127165627166,14.603187803188,26.));
#4957 = CARTESIAN_POINT('',(22.03697842808,14.603187803188,26.));
#4958 = CARTESIAN_POINT('',(21.946878949552,14.60655990489,26.));
#4959 = CARTESIAN_POINT('',(21.85702561365,14.613468467461,26.));
#4960 = CARTESIAN_POINT('',(21.767609957213,14.624074623818,26.));
#4961 = CARTESIAN_POINT('',(21.678854624356,14.638521611685,26.));
#4962 = CARTESIAN_POINT('',(21.541156599622,14.667362025659,26.));
#4963 = CARTESIAN_POINT('',(21.491595637941,14.679076470232,26.));
#4964 = CARTESIAN_POINT('',(21.44237519811,14.692084085567,26.));
#4965 = CARTESIAN_POINT('',(21.393544175425,14.706400924735,26.));
#4966 = CARTESIAN_POINT('',(21.345153636297,14.722038446673,26.));
#4967 = CARTESIAN_POINT('',(21.197173042092,14.774453224307,26.));
#4968 = CARTESIAN_POINT('',(21.099229869479,14.815703992674,26.));
#4969 = CARTESIAN_POINT('',(21.003938322699,14.862804762445,26.));
#4970 = CARTESIAN_POINT('',(20.911794625531,14.91570467265,26.));
#4971 = CARTESIAN_POINT('',(20.823265254923,14.974229694542,26.));
#4972 = CARTESIAN_POINT('',(20.661583007036,15.096370896228,26.));
#4973 = CARTESIAN_POINT('',(20.58774744715,15.159120841754,26.));
#4974 = CARTESIAN_POINT('',(20.517584906067,15.226068420467,26.));
#4975 = CARTESIAN_POINT('',(20.451328566409,15.296913986099,26.));
#4976 = CARTESIAN_POINT('',(20.389136778089,15.371312283128,26.));
#4977 = CARTESIAN_POINT('',(20.303568631351,15.48569410655,26.));
#4978 = CARTESIAN_POINT('',(20.276967874117,15.523219174404,26.));
#4979 = CARTESIAN_POINT('',(20.251311139793,15.561422014573,26.));
#4980 = CARTESIAN_POINT('',(20.226603743466,15.600263871391,26.));
#4981 = CARTESIAN_POINT('',(20.202847539867,15.63970622425,26.));
#4982 = CARTESIAN_POINT('',(20.141479843551,15.747349894025,26.));
#4983 = CARTESIAN_POINT('',(20.105633655851,15.816596662209,26.));
#4984 = CARTESIAN_POINT('',(20.072495434253,15.887267935222,26.));
#4985 = CARTESIAN_POINT('',(20.042033488906,15.959189308956,26.));
#4986 = CARTESIAN_POINT('',(20.01419838962,16.032198587286,26.));
#4987 = CARTESIAN_POINT('',(19.931799228039,16.273348461705,26.));
#4988 = CARTESIAN_POINT('',(19.887804661126,16.445314615833,26.));
#4989 = CARTESIAN_POINT('',(19.856202676793,16.620438703164,26.));
#4990 = CARTESIAN_POINT('',(19.836051729241,16.797415712716,26.));
#4991 = CARTESIAN_POINT('',(19.826403326403,16.975282505676,26.));
#4992 = CARTESIAN_POINT('',(19.826403326403,17.15343035343,26.));
#4993 = ORIENTED_EDGE('',*,*,#4994,.T.);
#4994 = EDGE_CURVE('',#4953,#4995,#4997,.T.);
#4995 = VERTEX_POINT('',#4996);
#4996 = CARTESIAN_POINT('',(19.826403326403,18.273319473319,26.));
#4997 = LINE('',#4998,#4999);
#4998 = CARTESIAN_POINT('',(19.826403326403,7.68665973666,26.));
#4999 = VECTOR('',#5000,1.);
#5000 = DIRECTION('',(0.,1.,0.));
#5001 = ORIENTED_EDGE('',*,*,#5002,.T.);
#5002 = EDGE_CURVE('',#4995,#5003,#5005,.T.);
#5003 = VERTEX_POINT('',#5004);
#5004 = CARTESIAN_POINT('',(22.127165627166,20.818018018018,26.));
#5005 = B_SPLINE_CURVE_WITH_KNOTS('',6,(#5006,#5007,#5008,#5009,#5010,
    #5011,#5012,#5013,#5014,#5015,#5016,#5017,#5018,#5019,#5020,#5021,
    #5022,#5023,#5024,#5025,#5026,#5027,#5028,#5029,#5030,#5031,#5032,
    #5033,#5034,#5035,#5036,#5037,#5038,#5039,#5040,#5041,#5042),
  .UNSPECIFIED.,.F.,.F.,(7,5,5,5,5,5,5,7),(0.,0.272043204398,
    0.392996085821,0.464561516486,0.615436541661,0.781578367426,
    0.860658174352,1.),.UNSPECIFIED.);
#5006 = CARTESIAN_POINT('',(19.826403326403,18.273319473319,26.));
#5007 = CARTESIAN_POINT('',(19.826403326403,18.450275466127,26.));
#5008 = CARTESIAN_POINT('',(19.835991673502,18.626954267361,26.));
#5009 = CARTESIAN_POINT('',(19.856007052796,18.802748358172,26.));
#5010 = CARTESIAN_POINT('',(19.887377146012,18.976705114019,26.));
#5011 = CARTESIAN_POINT('',(19.931019252117,19.147539110923,26.));
#5012 = CARTESIAN_POINT('',(20.012833501705,19.38753216945,26.));
#5013 = CARTESIAN_POINT('',(20.040578903018,19.460456714306,26.));
#5014 = CARTESIAN_POINT('',(20.070948851549,19.532296761211,26.));
#5015 = CARTESIAN_POINT('',(20.103991825965,19.602890808818,26.));
#5016 = CARTESIAN_POINT('',(20.139738642677,19.672065343929,26.));
#5017 = CARTESIAN_POINT('',(20.200949712999,19.779619791846,26.));
#5018 = CARTESIAN_POINT('',(20.224652565773,19.819040788004,26.));
#5019 = CARTESIAN_POINT('',(20.249305552782,19.857863123377,26.));
#5020 = CARTESIAN_POINT('',(20.274906705273,19.896048465119,26.));
#5021 = CARTESIAN_POINT('',(20.301450622821,19.933558255185,26.));
#5022 = CARTESIAN_POINT('',(20.386857578855,20.047926292076,26.));
#5023 = CARTESIAN_POINT('',(20.448943218212,20.122332199908,26.));
#5024 = CARTESIAN_POINT('',(20.515089858938,20.193195649739,26.));
#5025 = CARTESIAN_POINT('',(20.585139203322,20.260172872204,26.));
#5026 = CARTESIAN_POINT('',(20.658858779848,20.322965270122,26.));
#5027 = CARTESIAN_POINT('',(20.8208010561,20.44560597538,26.));
#5028 = CARTESIAN_POINT('',(20.909754647982,20.504527082204,26.));
#5029 = CARTESIAN_POINT('',(21.002363688003,20.557769925242,26.));
#5030 = CARTESIAN_POINT('',(21.098155111004,20.605157268339,26.));
#5031 = CARTESIAN_POINT('',(21.19662560684,20.646636942134,26.));
#5032 = CARTESIAN_POINT('',(21.345155032517,20.699213089311,26.));
#5033 = CARTESIAN_POINT('',(21.393546256656,20.714841806179,26.));
#5034 = CARTESIAN_POINT('',(21.442377375846,20.729151130093,26.));
#5035 = CARTESIAN_POINT('',(21.491597435498,20.742152436461,26.));
#5036 = CARTESIAN_POINT('',(21.541157641252,20.753861672432,26.));
#5037 = CARTESIAN_POINT('',(21.678855630639,20.782690980056,26.));
#5038 = CARTESIAN_POINT('',(21.767611151662,20.797133871219,26.));
#5039 = CARTESIAN_POINT('',(21.857026593409,20.807738029322,26.));
#5040 = CARTESIAN_POINT('',(21.946879595078,20.814645942113,26.));
#5041 = CARTESIAN_POINT('',(22.036978755868,20.818018018018,26.));
#5042 = CARTESIAN_POINT('',(22.127165627166,20.818018018018,26.));
#5043 = ORIENTED_EDGE('',*,*,#5044,.T.);
#5044 = EDGE_CURVE('',#5003,#5045,#5047,.T.);
#5045 = VERTEX_POINT('',#5046);
#5046 = CARTESIAN_POINT('',(23.901247401247,19.786832986833,26.));
#5047 = B_SPLINE_CURVE_WITH_KNOTS('',6,(#5048,#5049,#5050,#5051,#5052,
    #5053,#5054,#5055,#5056,#5057,#5058,#5059,#5060,#5061,#5062,#5063,
    #5064,#5065,#5066,#5067,#5068,#5069,#5070,#5071,#5072,#5073,#5074),
  .UNSPECIFIED.,.F.,.F.,(7,5,5,5,5,7),(0.,0.346232087131,0.501098277715,
    0.592340903458,0.78544629446,1.),.UNSPECIFIED.);
#5048 = CARTESIAN_POINT('',(22.127165627166,20.818018018018,26.));
#5049 = CARTESIAN_POINT('',(22.256862843196,20.818018018018,26.));
#5050 = CARTESIAN_POINT('',(22.386028089759,20.811420266639,26.));
#5051 = CARTESIAN_POINT('',(22.51423983092,20.797665355985,26.));
#5052 = CARTESIAN_POINT('',(22.640857636336,20.776131024827,26.));
#5053 = CARTESIAN_POINT('',(22.765028247366,20.746187623488,26.));
#5054 = CARTESIAN_POINT('',(22.939697991592,20.689935862106,26.));
#5055 = CARTESIAN_POINT('',(22.99297822769,20.670767402002,26.));
#5056 = CARTESIAN_POINT('',(23.045459383186,20.649771610973,26.));
#5057 = CARTESIAN_POINT('',(23.097034634074,20.626911198073,26.));
#5058 = CARTESIAN_POINT('',(23.14758970027,20.602159766681,26.));
#5059 = CARTESIAN_POINT('',(23.226119361825,20.559802895273,26.));
#5060 = CARTESIAN_POINT('',(23.254838052102,20.543439296276,26.));
#5061 = CARTESIAN_POINT('',(23.283136612459,20.526413157624,26.));
#5062 = CARTESIAN_POINT('',(23.310990287115,20.508724253106,26.));
#5063 = CARTESIAN_POINT('',(23.338374220386,20.490374499314,26.));
#5064 = CARTESIAN_POINT('',(23.42217168842,20.431142611229,26.));
#5065 = CARTESIAN_POINT('',(23.476869091042,20.38797229166,26.));
#5066 = CARTESIAN_POINT('',(23.529111747851,20.34190285995,26.));
#5067 = CARTESIAN_POINT('',(23.578676346098,20.293021545026,26.));
#5068 = CARTESIAN_POINT('',(23.625369038297,20.241464473769,26.));
#5069 = CARTESIAN_POINT('',(23.717549492114,20.127381651823,26.));
#5070 = CARTESIAN_POINT('',(23.762336154303,20.06426274361,26.));
#5071 = CARTESIAN_POINT('',(23.803177101331,19.998333188183,26.));
#5072 = CARTESIAN_POINT('',(23.83995425973,19.929896416925,26.));
#5073 = CARTESIAN_POINT('',(23.872633155996,19.859281820554,26.));
#5074 = CARTESIAN_POINT('',(23.901247401247,19.786832986833,26.));
#5075 = ORIENTED_EDGE('',*,*,#5076,.T.);
#5076 = EDGE_CURVE('',#5045,#5077,#5079,.T.);
#5077 = VERTEX_POINT('',#5078);
#5078 = CARTESIAN_POINT('',(24.001039501039,19.786832986833,26.));
#5079 = LINE('',#5080,#5081);
#5080 = CARTESIAN_POINT('',(10.55051975052,19.786832986833,26.));
#5081 = VECTOR('',#5082,1.);
#5082 = DIRECTION('',(1.,0.,0.));
#5083 = ORIENTED_EDGE('',*,*,#5084,.T.);
#5084 = EDGE_CURVE('',#5077,#5085,#5087,.T.);
#5085 = VERTEX_POINT('',#5086);
#5086 = CARTESIAN_POINT('',(24.001039501039,23.079972279972,26.));
#5087 = LINE('',#5088,#5089);
#5088 = CARTESIAN_POINT('',(24.001039501039,10.089986139986,26.));
#5089 = VECTOR('',#5090,1.);
#5090 = DIRECTION('',(0.,1.,0.));
#5091 = ORIENTED_EDGE('',*,*,#5092,.T.);
#5092 = EDGE_CURVE('',#5085,#5093,#5095,.T.);
#5093 = VERTEX_POINT('',#5094);
#5094 = CARTESIAN_POINT('',(24.960152460152,23.079972279972,26.));
#5095 = LINE('',#5096,#5097);
#5096 = CARTESIAN_POINT('',(11.030076230076,23.079972279972,26.));
#5097 = VECTOR('',#5098,1.);
#5098 = DIRECTION('',(1.,0.,0.));
#5099 = ORIENTED_EDGE('',*,*,#5100,.T.);
#5100 = EDGE_CURVE('',#5093,#4895,#5101,.T.);
#5101 = LINE('',#5102,#5103);
#5102 = CARTESIAN_POINT('',(24.960152460152,5.90148995149,26.));
#5103 = VECTOR('',#5104,1.);
#5104 = DIRECTION('',(0.,-1.,0.));
#5105 = PLANE('',#5106);
#5106 = AXIS2_PLACEMENT_3D('',#5107,#5108,#5109);
#5107 = CARTESIAN_POINT('',(-2.9,-2.9,26.));
#5108 = DIRECTION('',(0.,0.,1.));
#5109 = DIRECTION('',(1.,0.,0.));
#5110 = ADVANCED_FACE('',(#5111),#5131,.T.);
#5111 = FACE_BOUND('',#5112,.F.);
#5112 = EDGE_LOOP('',(#5113,#5114,#5123,#5130));
#5113 = ORIENTED_EDGE('',*,*,#2977,.F.);
#5114 = ORIENTED_EDGE('',*,*,#5115,.T.);
#5115 = EDGE_CURVE('',#2978,#5116,#5118,.T.);
#5116 = VERTEX_POINT('',#5117);
#5117 = CARTESIAN_POINT('',(64.55,-2.9,24.));
#5118 = CIRCLE('',#5119,5.);
#5119 = AXIS2_PLACEMENT_3D('',#5120,#5121,#5122);
#5120 = CARTESIAN_POINT('',(64.55,2.1,24.));
#5121 = DIRECTION('',(0.,0.,-1.));
#5122 = DIRECTION('',(1.,0.,0.));
#5123 = ORIENTED_EDGE('',*,*,#5124,.T.);
#5124 = EDGE_CURVE('',#5116,#3043,#5125,.T.);
#5125 = CIRCLE('',#5126,2.);
#5126 = AXIS2_PLACEMENT_3D('',#5127,#5128,#5129);
#5127 = CARTESIAN_POINT('',(64.55,-0.9,24.));
#5128 = DIRECTION('',(-1.,-6.E-17,0.));
#5129 = DIRECTION('',(6.E-17,-1.,0.));
#5130 = ORIENTED_EDGE('',*,*,#3050,.F.);
#5131 = TOROIDAL_SURFACE('',#5132,3.,2.);
#5132 = AXIS2_PLACEMENT_3D('',#5133,#5134,#5135);
#5133 = CARTESIAN_POINT('',(64.55,2.1,24.));
#5134 = DIRECTION('',(0.,0.,1.));
#5135 = DIRECTION('',(1.,0.,0.));
#5136 = ADVANCED_FACE('',(#5137),#5157,.T.);
#5137 = FACE_BOUND('',#5138,.F.);
#5138 = EDGE_LOOP('',(#5139,#5148,#5155,#5156));
#5139 = ORIENTED_EDGE('',*,*,#5140,.F.);
#5140 = EDGE_CURVE('',#5141,#3034,#5143,.T.);
#5141 = VERTEX_POINT('',#5142);
#5142 = CARTESIAN_POINT('',(2.1,-2.9,24.));
#5143 = CIRCLE('',#5144,2.);
#5144 = AXIS2_PLACEMENT_3D('',#5145,#5146,#5147);
#5145 = CARTESIAN_POINT('',(2.1,-0.9,24.));
#5146 = DIRECTION('',(-1.,0.,0.));
#5147 = DIRECTION('',(0.,-1.,0.));
#5148 = ORIENTED_EDGE('',*,*,#5149,.T.);
#5149 = EDGE_CURVE('',#5141,#3001,#5150,.T.);
#5150 = CIRCLE('',#5151,5.);
#5151 = AXIS2_PLACEMENT_3D('',#5152,#5153,#5154);
#5152 = CARTESIAN_POINT('',(2.1,2.1,24.));
#5153 = DIRECTION('',(-0.,0.,-1.));
#5154 = DIRECTION('',(-2.7E-16,-1.,0.));
#5155 = ORIENTED_EDGE('',*,*,#3000,.T.);
#5156 = ORIENTED_EDGE('',*,*,#3033,.F.);
#5157 = TOROIDAL_SURFACE('',#5158,3.,2.);
#5158 = AXIS2_PLACEMENT_3D('',#5159,#5160,#5161);
#5159 = CARTESIAN_POINT('',(2.1,2.1,24.));
#5160 = DIRECTION('',(0.,0.,1.));
#5161 = DIRECTION('',(-2.7E-16,-1.,0.));
#5162 = ADVANCED_FACE('',(#5163),#5174,.T.);
#5163 = FACE_BOUND('',#5164,.T.);
#5164 = EDGE_LOOP('',(#5165,#5166,#5167,#5168));
#5165 = ORIENTED_EDGE('',*,*,#5124,.T.);
#5166 = ORIENTED_EDGE('',*,*,#3042,.T.);
#5167 = ORIENTED_EDGE('',*,*,#5140,.F.);
#5168 = ORIENTED_EDGE('',*,*,#5169,.F.);
#5169 = EDGE_CURVE('',#5116,#5141,#5170,.T.);
#5170 = LINE('',#5171,#5172);
#5171 = CARTESIAN_POINT('',(64.55,-2.9,24.));
#5172 = VECTOR('',#5173,1.);
#5173 = DIRECTION('',(-1.,0.,0.));
#5174 = CYLINDRICAL_SURFACE('',#5175,2.);
#5175 = AXIS2_PLACEMENT_3D('',#5176,#5177,#5178);
#5176 = CARTESIAN_POINT('',(64.55,-0.9,24.));
#5177 = DIRECTION('',(-1.,0.,0.));
#5178 = DIRECTION('',(0.,-1.,0.));
#5179 = ADVANCED_FACE('',(#5180),#5206,.T.);
#5180 = FACE_BOUND('',#5181,.T.);
#5181 = EDGE_LOOP('',(#5182,#5193,#5199,#5200));
#5182 = ORIENTED_EDGE('',*,*,#5183,.F.);
#5183 = EDGE_CURVE('',#5184,#5186,#5188,.T.);
#5184 = VERTEX_POINT('',#5185);
#5185 = CARTESIAN_POINT('',(12.784407484407,18.700207900208,25.5));
#5186 = VERTEX_POINT('',#5187);
#5187 = CARTESIAN_POINT('',(15.484338184338,14.520027720028,25.5));
#5188 = B_SPLINE_CURVE_WITH_KNOTS('',3,(#5189,#5190,#5191,#5192),
  .UNSPECIFIED.,.F.,.F.,(4,4),(0.,1.),.PIECEWISE_BEZIER_KNOTS.);
#5189 = CARTESIAN_POINT('',(12.784407484407,18.700207900208,25.5));
#5190 = CARTESIAN_POINT('',(12.784407484407,16.005821205821,25.5));
#5191 = CARTESIAN_POINT('',(13.74352044352,14.520027720028,25.5));
#5192 = CARTESIAN_POINT('',(15.484338184338,14.520027720028,25.5));
#5193 = ORIENTED_EDGE('',*,*,#5194,.T.);
#5194 = EDGE_CURVE('',#5184,#3066,#5195,.T.);
#5195 = LINE('',#5196,#5197);
#5196 = CARTESIAN_POINT('',(12.784407484407,18.700207900208,25.5));
#5197 = VECTOR('',#5198,1.);
#5198 = DIRECTION('',(0.,0.,1.));
#5199 = ORIENTED_EDGE('',*,*,#3063,.F.);
#5200 = ORIENTED_EDGE('',*,*,#5201,.F.);
#5201 = EDGE_CURVE('',#5186,#3064,#5202,.T.);
#5202 = LINE('',#5203,#5204);
#5203 = CARTESIAN_POINT('',(15.484338184338,14.520027720028,25.5));
#5204 = VECTOR('',#5205,1.);
#5205 = DIRECTION('',(0.,0.,1.));
#5206 = SURFACE_OF_LINEAR_EXTRUSION('',#5207,#5212);
#5207 = B_SPLINE_CURVE_WITH_KNOTS('',3,(#5208,#5209,#5210,#5211),
  .UNSPECIFIED.,.F.,.F.,(4,4),(0.,1.),.PIECEWISE_BEZIER_KNOTS.);
#5208 = CARTESIAN_POINT('',(12.784407484407,18.700207900208,25.5));
#5209 = CARTESIAN_POINT('',(12.784407484407,16.005821205821,25.5));
#5210 = CARTESIAN_POINT('',(13.74352044352,14.520027720028,25.5));
#5211 = CARTESIAN_POINT('',(15.484338184338,14.520027720028,25.5));
#5212 = VECTOR('',#5213,1.);
#5213 = DIRECTION('',(-0.,-0.,-1.));
#5214 = ADVANCED_FACE('',(#5215),#5234,.T.);
#5215 = FACE_BOUND('',#5216,.T.);
#5216 = EDGE_LOOP('',(#5217,#5226,#5227,#5228));
#5217 = ORIENTED_EDGE('',*,*,#5218,.F.);
#5218 = EDGE_CURVE('',#5186,#5219,#5221,.T.);
#5219 = VERTEX_POINT('',#5220);
#5220 = CARTESIAN_POINT('',(18.184268884269,18.700207900208,25.5));
#5221 = B_SPLINE_CURVE_WITH_KNOTS('',3,(#5222,#5223,#5224,#5225),
  .UNSPECIFIED.,.F.,.F.,(4,4),(0.,1.),.PIECEWISE_BEZIER_KNOTS.);
#5222 = CARTESIAN_POINT('',(15.484338184338,14.520027720028,25.5));
#5223 = CARTESIAN_POINT('',(17.219611919612,14.520027720028,25.5));
#5224 = CARTESIAN_POINT('',(18.184268884269,16.005821205821,25.5));
#5225 = CARTESIAN_POINT('',(18.184268884269,18.700207900208,25.5));
#5226 = ORIENTED_EDGE('',*,*,#5201,.T.);
#5227 = ORIENTED_EDGE('',*,*,#3233,.F.);
#5228 = ORIENTED_EDGE('',*,*,#5229,.F.);
#5229 = EDGE_CURVE('',#5219,#3178,#5230,.T.);
#5230 = LINE('',#5231,#5232);
#5231 = CARTESIAN_POINT('',(18.184268884269,18.700207900208,25.5));
#5232 = VECTOR('',#5233,1.);
#5233 = DIRECTION('',(0.,0.,1.));
#5234 = SURFACE_OF_LINEAR_EXTRUSION('',#5235,#5240);
#5235 = B_SPLINE_CURVE_WITH_KNOTS('',3,(#5236,#5237,#5238,#5239),
  .UNSPECIFIED.,.F.,.F.,(4,4),(0.,1.),.PIECEWISE_BEZIER_KNOTS.);
#5236 = CARTESIAN_POINT('',(15.484338184338,14.520027720028,25.5));
#5237 = CARTESIAN_POINT('',(17.219611919612,14.520027720028,25.5));
#5238 = CARTESIAN_POINT('',(18.184268884269,16.005821205821,25.5));
#5239 = CARTESIAN_POINT('',(18.184268884269,18.700207900208,25.5));
#5240 = VECTOR('',#5241,1.);
#5241 = DIRECTION('',(-0.,-0.,-1.));
#5242 = ADVANCED_FACE('',(#5243),#5262,.T.);
#5243 = FACE_BOUND('',#5244,.T.);
#5244 = EDGE_LOOP('',(#5245,#5254,#5255,#5256));
#5245 = ORIENTED_EDGE('',*,*,#5246,.F.);
#5246 = EDGE_CURVE('',#5219,#5247,#5249,.T.);
#5247 = VERTEX_POINT('',#5248);
#5248 = CARTESIAN_POINT('',(15.484338184338,22.880388080388,25.5));
#5249 = B_SPLINE_CURVE_WITH_KNOTS('',3,(#5250,#5251,#5252,#5253),
  .UNSPECIFIED.,.F.,.F.,(4,4),(0.,1.),.PIECEWISE_BEZIER_KNOTS.);
#5250 = CARTESIAN_POINT('',(18.184268884269,18.700207900208,25.5));
#5251 = CARTESIAN_POINT('',(18.184268884269,21.394594594595,25.5));
#5252 = CARTESIAN_POINT('',(17.219611919612,22.880388080388,25.5));
#5253 = CARTESIAN_POINT('',(15.484338184338,22.880388080388,25.5));
#5254 = ORIENTED_EDGE('',*,*,#5229,.T.);
#5255 = ORIENTED_EDGE('',*,*,#3177,.F.);
#5256 = ORIENTED_EDGE('',*,*,#5257,.F.);
#5257 = EDGE_CURVE('',#5247,#3122,#5258,.T.);
#5258 = LINE('',#5259,#5260);
#5259 = CARTESIAN_POINT('',(15.484338184338,22.880388080388,25.5));
#5260 = VECTOR('',#5261,1.);
#5261 = DIRECTION('',(0.,0.,1.));
#5262 = SURFACE_OF_LINEAR_EXTRUSION('',#5263,#5268);
#5263 = B_SPLINE_CURVE_WITH_KNOTS('',3,(#5264,#5265,#5266,#5267),
  .UNSPECIFIED.,.F.,.F.,(4,4),(0.,1.),.PIECEWISE_BEZIER_KNOTS.);
#5264 = CARTESIAN_POINT('',(18.184268884269,18.700207900208,25.5));
#5265 = CARTESIAN_POINT('',(18.184268884269,21.394594594595,25.5));
#5266 = CARTESIAN_POINT('',(17.219611919612,22.880388080388,25.5));
#5267 = CARTESIAN_POINT('',(15.484338184338,22.880388080388,25.5));
#5268 = VECTOR('',#5269,1.);
#5269 = DIRECTION('',(-0.,-0.,-1.));
#5270 = ADVANCED_FACE('',(#5271),#5283,.T.);
#5271 = FACE_BOUND('',#5272,.T.);
#5272 = EDGE_LOOP('',(#5273,#5280,#5281,#5282));
#5273 = ORIENTED_EDGE('',*,*,#5274,.F.);
#5274 = EDGE_CURVE('',#5247,#5184,#5275,.T.);
#5275 = B_SPLINE_CURVE_WITH_KNOTS('',3,(#5276,#5277,#5278,#5279),
  .UNSPECIFIED.,.F.,.F.,(4,4),(0.,1.),.PIECEWISE_BEZIER_KNOTS.);
#5276 = CARTESIAN_POINT('',(15.484338184338,22.880388080388,25.5));
#5277 = CARTESIAN_POINT('',(13.74352044352,22.880388080388,25.5));
#5278 = CARTESIAN_POINT('',(12.784407484407,21.394594594595,25.5));
#5279 = CARTESIAN_POINT('',(12.784407484407,18.700207900208,25.5));
#5280 = ORIENTED_EDGE('',*,*,#5257,.T.);
#5281 = ORIENTED_EDGE('',*,*,#3121,.F.);
#5282 = ORIENTED_EDGE('',*,*,#5194,.F.);
#5283 = SURFACE_OF_LINEAR_EXTRUSION('',#5284,#5289);
#5284 = B_SPLINE_CURVE_WITH_KNOTS('',3,(#5285,#5286,#5287,#5288),
  .UNSPECIFIED.,.F.,.F.,(4,4),(0.,1.),.PIECEWISE_BEZIER_KNOTS.);
#5285 = CARTESIAN_POINT('',(15.484338184338,22.880388080388,25.5));
#5286 = CARTESIAN_POINT('',(13.74352044352,22.880388080388,25.5));
#5287 = CARTESIAN_POINT('',(12.784407484407,21.394594594595,25.5));
#5288 = CARTESIAN_POINT('',(12.784407484407,18.700207900208,25.5));
#5289 = VECTOR('',#5290,1.);
#5290 = DIRECTION('',(-0.,-0.,-1.));
#5291 = ADVANCED_FACE('',(#5292),#5318,.T.);
#5292 = FACE_BOUND('',#5293,.T.);
#5293 = EDGE_LOOP('',(#5294,#5305,#5311,#5312));
#5294 = ORIENTED_EDGE('',*,*,#5295,.F.);
#5295 = EDGE_CURVE('',#5296,#5298,#5300,.T.);
#5296 = VERTEX_POINT('',#5297);
#5297 = CARTESIAN_POINT('',(29.668121968122,15.407068607069,25.5));
#5298 = VERTEX_POINT('',#5299);
#5299 = CARTESIAN_POINT('',(27.988288288288,17.219958419958,25.5));
#5300 = B_SPLINE_CURVE_WITH_KNOTS('',3,(#5301,#5302,#5303,#5304),
  .UNSPECIFIED.,.F.,.F.,(4,4),(0.,1.),.PIECEWISE_BEZIER_KNOTS.);
#5301 = CARTESIAN_POINT('',(29.668121968122,15.407068607069,25.5));
#5302 = CARTESIAN_POINT('',(28.642480942481,15.407068607069,25.5));
#5303 = CARTESIAN_POINT('',(27.988288288288,16.116701316701,25.5));
#5304 = CARTESIAN_POINT('',(27.988288288288,17.219958419958,25.5));
#5305 = ORIENTED_EDGE('',*,*,#5306,.T.);
#5306 = EDGE_CURVE('',#5296,#3292,#5307,.T.);
#5307 = LINE('',#5308,#5309);
#5308 = CARTESIAN_POINT('',(29.668121968122,15.407068607069,25.5));
#5309 = VECTOR('',#5310,1.);
#5310 = DIRECTION('',(0.,0.,1.));
#5311 = ORIENTED_EDGE('',*,*,#3289,.F.);
#5312 = ORIENTED_EDGE('',*,*,#5313,.F.);
#5313 = EDGE_CURVE('',#5298,#3290,#5314,.T.);
#5314 = LINE('',#5315,#5316);
#5315 = CARTESIAN_POINT('',(27.988288288288,17.219958419958,25.5));
#5316 = VECTOR('',#5317,1.);
#5317 = DIRECTION('',(0.,0.,1.));
#5318 = SURFACE_OF_LINEAR_EXTRUSION('',#5319,#5324);
#5319 = B_SPLINE_CURVE_WITH_KNOTS('',3,(#5320,#5321,#5322,#5323),
  .UNSPECIFIED.,.F.,.F.,(4,4),(0.,1.),.PIECEWISE_BEZIER_KNOTS.);
#5320 = CARTESIAN_POINT('',(29.668121968122,15.407068607069,25.5));
#5321 = CARTESIAN_POINT('',(28.642480942481,15.407068607069,25.5));
#5322 = CARTESIAN_POINT('',(27.988288288288,16.116701316701,25.5));
#5323 = CARTESIAN_POINT('',(27.988288288288,17.219958419958,25.5));
#5324 = VECTOR('',#5325,1.);
#5325 = DIRECTION('',(-0.,-0.,-1.));
#5326 = ADVANCED_FACE('',(#5327),#5345,.T.);
#5327 = FACE_BOUND('',#5328,.T.);
#5328 = EDGE_LOOP('',(#5329,#5337,#5338,#5339));
#5329 = ORIENTED_EDGE('',*,*,#5330,.F.);
#5330 = EDGE_CURVE('',#5298,#5331,#5333,.T.);
#5331 = VERTEX_POINT('',#5332);
#5332 = CARTESIAN_POINT('',(27.988288288288,17.463894663895,25.5));
#5333 = LINE('',#5334,#5335);
#5334 = CARTESIAN_POINT('',(27.988288288288,17.219958419958,25.5));
#5335 = VECTOR('',#5336,1.);
#5336 = DIRECTION('',(0.,1.,0.));
#5337 = ORIENTED_EDGE('',*,*,#5313,.T.);
#5338 = ORIENTED_EDGE('',*,*,#3550,.F.);
#5339 = ORIENTED_EDGE('',*,*,#5340,.F.);
#5340 = EDGE_CURVE('',#5331,#3543,#5341,.T.);
#5341 = LINE('',#5342,#5343);
#5342 = CARTESIAN_POINT('',(27.988288288288,17.463894663895,25.5));
#5343 = VECTOR('',#5344,1.);
#5344 = DIRECTION('',(0.,0.,1.));
#5345 = PLANE('',#5346);
#5346 = AXIS2_PLACEMENT_3D('',#5347,#5348,#5349);
#5347 = CARTESIAN_POINT('',(27.988288288288,17.219958419958,25.5));
#5348 = DIRECTION('',(-1.,0.,0.));
#5349 = DIRECTION('',(0.,1.,0.));
#5350 = ADVANCED_FACE('',(#5351),#5369,.T.);
#5351 = FACE_BOUND('',#5352,.T.);
#5352 = EDGE_LOOP('',(#5353,#5361,#5362,#5363));
#5353 = ORIENTED_EDGE('',*,*,#5354,.F.);
#5354 = EDGE_CURVE('',#5331,#5355,#5357,.T.);
#5355 = VERTEX_POINT('',#5356);
#5356 = CARTESIAN_POINT('',(32.085308385308,17.463894663895,25.5));
#5357 = LINE('',#5358,#5359);
#5358 = CARTESIAN_POINT('',(27.988288288288,17.463894663895,25.5));
#5359 = VECTOR('',#5360,1.);
#5360 = DIRECTION('',(1.,0.,0.));
#5361 = ORIENTED_EDGE('',*,*,#5340,.T.);
#5362 = ORIENTED_EDGE('',*,*,#3542,.F.);
#5363 = ORIENTED_EDGE('',*,*,#5364,.F.);
#5364 = EDGE_CURVE('',#5355,#3535,#5365,.T.);
#5365 = LINE('',#5366,#5367);
#5366 = CARTESIAN_POINT('',(32.085308385308,17.463894663895,25.5));
#5367 = VECTOR('',#5368,1.);
#5368 = DIRECTION('',(0.,0.,1.));
#5369 = PLANE('',#5370);
#5370 = AXIS2_PLACEMENT_3D('',#5371,#5372,#5373);
#5371 = CARTESIAN_POINT('',(27.988288288288,17.463894663895,25.5));
#5372 = DIRECTION('',(0.,1.,0.));
#5373 = DIRECTION('',(1.,0.,0.));
#5374 = ADVANCED_FACE('',(#5375),#5393,.T.);
#5375 = FACE_BOUND('',#5376,.T.);
#5376 = EDGE_LOOP('',(#5377,#5385,#5386,#5387));
#5377 = ORIENTED_EDGE('',*,*,#5378,.F.);
#5378 = EDGE_CURVE('',#5355,#5379,#5381,.T.);
#5379 = VERTEX_POINT('',#5380);
#5380 = CARTESIAN_POINT('',(32.085308385308,18.051559251559,25.5));
#5381 = LINE('',#5382,#5383);
#5382 = CARTESIAN_POINT('',(32.085308385308,17.463894663895,25.5));
#5383 = VECTOR('',#5384,1.);
#5384 = DIRECTION('',(0.,1.,0.));
#5385 = ORIENTED_EDGE('',*,*,#5364,.T.);
#5386 = ORIENTED_EDGE('',*,*,#3534,.F.);
#5387 = ORIENTED_EDGE('',*,*,#5388,.F.);
#5388 = EDGE_CURVE('',#5379,#3493,#5389,.T.);
#5389 = LINE('',#5390,#5391);
#5390 = CARTESIAN_POINT('',(32.085308385308,18.051559251559,25.5));
#5391 = VECTOR('',#5392,1.);
#5392 = DIRECTION('',(0.,0.,1.));
#5393 = PLANE('',#5394);
#5394 = AXIS2_PLACEMENT_3D('',#5395,#5396,#5397);
#5395 = CARTESIAN_POINT('',(32.085308385308,17.463894663895,25.5));
#5396 = DIRECTION('',(-1.,0.,0.));
#5397 = DIRECTION('',(0.,1.,0.));
#5398 = ADVANCED_FACE('',(#5399),#5418,.T.);
#5399 = FACE_BOUND('',#5400,.T.);
#5400 = EDGE_LOOP('',(#5401,#5410,#5411,#5412));
#5401 = ORIENTED_EDGE('',*,*,#5402,.F.);
#5402 = EDGE_CURVE('',#5379,#5403,#5405,.T.);
#5403 = VERTEX_POINT('',#5404);
#5404 = CARTESIAN_POINT('',(29.601593901594,20.829106029106,25.5));
#5405 = B_SPLINE_CURVE_WITH_KNOTS('',3,(#5406,#5407,#5408,#5409),
  .UNSPECIFIED.,.F.,.F.,(4,4),(0.,1.),.PIECEWISE_BEZIER_KNOTS.);
#5406 = CARTESIAN_POINT('',(32.085308385308,18.051559251559,25.5));
#5407 = CARTESIAN_POINT('',(32.085308385308,19.792376992377,25.5));
#5408 = CARTESIAN_POINT('',(31.165003465003,20.829106029106,25.5));
#5409 = CARTESIAN_POINT('',(29.601593901594,20.829106029106,25.5));
#5410 = ORIENTED_EDGE('',*,*,#5388,.T.);
#5411 = ORIENTED_EDGE('',*,*,#3492,.F.);
#5412 = ORIENTED_EDGE('',*,*,#5413,.F.);
#5413 = EDGE_CURVE('',#5403,#3451,#5414,.T.);
#5414 = LINE('',#5415,#5416);
#5415 = CARTESIAN_POINT('',(29.601593901594,20.829106029106,25.5));
#5416 = VECTOR('',#5417,1.);
#5417 = DIRECTION('',(0.,0.,1.));
#5418 = SURFACE_OF_LINEAR_EXTRUSION('',#5419,#5424);
#5419 = B_SPLINE_CURVE_WITH_KNOTS('',3,(#5420,#5421,#5422,#5423),
  .UNSPECIFIED.,.F.,.F.,(4,4),(0.,1.),.PIECEWISE_BEZIER_KNOTS.);
#5420 = CARTESIAN_POINT('',(32.085308385308,18.051559251559,25.5));
#5421 = CARTESIAN_POINT('',(32.085308385308,19.792376992377,25.5));
#5422 = CARTESIAN_POINT('',(31.165003465003,20.829106029106,25.5));
#5423 = CARTESIAN_POINT('',(29.601593901594,20.829106029106,25.5));
#5424 = VECTOR('',#5425,1.);
#5425 = DIRECTION('',(-0.,-0.,-1.));
#5426 = ADVANCED_FACE('',(#5427),#5446,.T.);
#5427 = FACE_BOUND('',#5428,.T.);
#5428 = EDGE_LOOP('',(#5429,#5438,#5439,#5440));
#5429 = ORIENTED_EDGE('',*,*,#5430,.F.);
#5430 = EDGE_CURVE('',#5403,#5431,#5433,.T.);
#5431 = VERTEX_POINT('',#5432);
#5432 = CARTESIAN_POINT('',(27.056895356895,18.201247401247,25.5));
#5433 = B_SPLINE_CURVE_WITH_KNOTS('',3,(#5434,#5435,#5436,#5437),
  .UNSPECIFIED.,.F.,.F.,(4,4),(0.,1.),.PIECEWISE_BEZIER_KNOTS.);
#5434 = CARTESIAN_POINT('',(29.601593901594,20.829106029106,25.5));
#5435 = CARTESIAN_POINT('',(28.071448371448,20.829106029106,25.5));
#5436 = CARTESIAN_POINT('',(27.056895356895,19.786832986833,25.5));
#5437 = CARTESIAN_POINT('',(27.056895356895,18.201247401247,25.5));
#5438 = ORIENTED_EDGE('',*,*,#5413,.T.);
#5439 = ORIENTED_EDGE('',*,*,#3450,.F.);
#5440 = ORIENTED_EDGE('',*,*,#5441,.F.);
#5441 = EDGE_CURVE('',#5431,#3443,#5442,.T.);
#5442 = LINE('',#5443,#5444);
#5443 = CARTESIAN_POINT('',(27.056895356895,18.201247401247,25.5));
#5444 = VECTOR('',#5445,1.);
#5445 = DIRECTION('',(0.,0.,1.));
#5446 = SURFACE_OF_LINEAR_EXTRUSION('',#5447,#5452);
#5447 = B_SPLINE_CURVE_WITH_KNOTS('',3,(#5448,#5449,#5450,#5451),
  .UNSPECIFIED.,.F.,.F.,(4,4),(0.,1.),.PIECEWISE_BEZIER_KNOTS.);
#5448 = CARTESIAN_POINT('',(29.601593901594,20.829106029106,25.5));
#5449 = CARTESIAN_POINT('',(28.071448371448,20.829106029106,25.5));
#5450 = CARTESIAN_POINT('',(27.056895356895,19.786832986833,25.5));
#5451 = CARTESIAN_POINT('',(27.056895356895,18.201247401247,25.5));
#5452 = VECTOR('',#5453,1.);
#5453 = DIRECTION('',(-0.,-0.,-1.));
#5454 = ADVANCED_FACE('',(#5455),#5473,.T.);
#5455 = FACE_BOUND('',#5456,.T.);
#5456 = EDGE_LOOP('',(#5457,#5465,#5466,#5467));
#5457 = ORIENTED_EDGE('',*,*,#5458,.F.);
#5458 = EDGE_CURVE('',#5431,#5459,#5461,.T.);
#5459 = VERTEX_POINT('',#5460);
#5460 = CARTESIAN_POINT('',(27.056895356895,17.297574497574,25.5));
#5461 = LINE('',#5462,#5463);
#5462 = CARTESIAN_POINT('',(27.056895356895,18.201247401247,25.5));
#5463 = VECTOR('',#5464,1.);
#5464 = DIRECTION('',(0.,-1.,0.));
#5465 = ORIENTED_EDGE('',*,*,#5441,.T.);
#5466 = ORIENTED_EDGE('',*,*,#3442,.F.);
#5467 = ORIENTED_EDGE('',*,*,#5468,.F.);
#5468 = EDGE_CURVE('',#5459,#3401,#5469,.T.);
#5469 = LINE('',#5470,#5471);
#5470 = CARTESIAN_POINT('',(27.056895356895,17.297574497574,25.5));
#5471 = VECTOR('',#5472,1.);
#5472 = DIRECTION('',(0.,0.,1.));
#5473 = PLANE('',#5474);
#5474 = AXIS2_PLACEMENT_3D('',#5475,#5476,#5477);
#5475 = CARTESIAN_POINT('',(27.056895356895,18.201247401247,25.5));
#5476 = DIRECTION('',(1.,0.,0.));
#5477 = DIRECTION('',(0.,-1.,0.));
#5478 = ADVANCED_FACE('',(#5479),#5498,.T.);
#5479 = FACE_BOUND('',#5480,.T.);
#5480 = EDGE_LOOP('',(#5481,#5490,#5491,#5492));
#5481 = ORIENTED_EDGE('',*,*,#5482,.F.);
#5482 = EDGE_CURVE('',#5459,#5483,#5485,.T.);
#5483 = VERTEX_POINT('',#5484);
#5484 = CARTESIAN_POINT('',(29.668121968122,14.5920997921,25.5));
#5485 = B_SPLINE_CURVE_WITH_KNOTS('',3,(#5486,#5487,#5488,#5489),
  .UNSPECIFIED.,.F.,.F.,(4,4),(0.,1.),.PIECEWISE_BEZIER_KNOTS.);
#5486 = CARTESIAN_POINT('',(27.056895356895,17.297574497574,25.5));
#5487 = CARTESIAN_POINT('',(27.056895356895,15.584476784477,25.5));
#5488 = CARTESIAN_POINT('',(28.016008316008,14.5920997921,25.5));
#5489 = CARTESIAN_POINT('',(29.668121968122,14.5920997921,25.5));
#5490 = ORIENTED_EDGE('',*,*,#5468,.T.);
#5491 = ORIENTED_EDGE('',*,*,#3400,.F.);
#5492 = ORIENTED_EDGE('',*,*,#5493,.F.);
#5493 = EDGE_CURVE('',#5483,#3369,#5494,.T.);
#5494 = LINE('',#5495,#5496);
#5495 = CARTESIAN_POINT('',(29.668121968122,14.5920997921,25.5));
#5496 = VECTOR('',#5497,1.);
#5497 = DIRECTION('',(0.,0.,1.));
#5498 = SURFACE_OF_LINEAR_EXTRUSION('',#5499,#5504);
#5499 = B_SPLINE_CURVE_WITH_KNOTS('',3,(#5500,#5501,#5502,#5503),
  .UNSPECIFIED.,.F.,.F.,(4,4),(0.,1.),.PIECEWISE_BEZIER_KNOTS.);
#5500 = CARTESIAN_POINT('',(27.056895356895,17.297574497574,25.5));
#5501 = CARTESIAN_POINT('',(27.056895356895,15.584476784477,25.5));
#5502 = CARTESIAN_POINT('',(28.016008316008,14.5920997921,25.5));
#5503 = CARTESIAN_POINT('',(29.668121968122,14.5920997921,25.5));
#5504 = VECTOR('',#5505,1.);
#5505 = DIRECTION('',(-0.,-0.,-1.));
#5506 = ADVANCED_FACE('',(#5507),#5526,.T.);
#5507 = FACE_BOUND('',#5508,.T.);
#5508 = EDGE_LOOP('',(#5509,#5518,#5519,#5520));
#5509 = ORIENTED_EDGE('',*,*,#5510,.F.);
#5510 = EDGE_CURVE('',#5483,#5511,#5513,.T.);
#5511 = VERTEX_POINT('',#5512);
#5512 = CARTESIAN_POINT('',(32.068676368676,16.255301455301,25.5));
#5513 = B_SPLINE_CURVE_WITH_KNOTS('',3,(#5514,#5515,#5516,#5517),
  .UNSPECIFIED.,.F.,.F.,(4,4),(0.,1.),.PIECEWISE_BEZIER_KNOTS.);
#5514 = CARTESIAN_POINT('',(29.668121968122,14.5920997921,25.5));
#5515 = CARTESIAN_POINT('',(30.932155232155,14.5920997921,25.5));
#5516 = CARTESIAN_POINT('',(31.885724185724,15.262924462924,25.5));
#5517 = CARTESIAN_POINT('',(32.068676368676,16.255301455301,25.5));
#5518 = ORIENTED_EDGE('',*,*,#5493,.T.);
#5519 = ORIENTED_EDGE('',*,*,#3368,.F.);
#5520 = ORIENTED_EDGE('',*,*,#5521,.F.);
#5521 = EDGE_CURVE('',#5511,#3361,#5522,.T.);
#5522 = LINE('',#5523,#5524);
#5523 = CARTESIAN_POINT('',(32.068676368676,16.255301455301,25.5));
#5524 = VECTOR('',#5525,1.);
#5525 = DIRECTION('',(0.,0.,1.));
#5526 = SURFACE_OF_LINEAR_EXTRUSION('',#5527,#5532);
#5527 = B_SPLINE_CURVE_WITH_KNOTS('',3,(#5528,#5529,#5530,#5531),
  .UNSPECIFIED.,.F.,.F.,(4,4),(0.,1.),.PIECEWISE_BEZIER_KNOTS.);
#5528 = CARTESIAN_POINT('',(29.668121968122,14.5920997921,25.5));
#5529 = CARTESIAN_POINT('',(30.932155232155,14.5920997921,25.5));
#5530 = CARTESIAN_POINT('',(31.885724185724,15.262924462924,25.5));
#5531 = CARTESIAN_POINT('',(32.068676368676,16.255301455301,25.5));
#5532 = VECTOR('',#5533,1.);
#5533 = DIRECTION('',(-0.,-0.,-1.));
#5534 = ADVANCED_FACE('',(#5535),#5553,.T.);
#5535 = FACE_BOUND('',#5536,.T.);
#5536 = EDGE_LOOP('',(#5537,#5545,#5546,#5547));
#5537 = ORIENTED_EDGE('',*,*,#5538,.F.);
#5538 = EDGE_CURVE('',#5511,#5539,#5541,.T.);
#5539 = VERTEX_POINT('',#5540);
#5540 = CARTESIAN_POINT('',(31.153915453915,16.255301455301,25.5));
#5541 = LINE('',#5542,#5543);
#5542 = CARTESIAN_POINT('',(32.068676368676,16.255301455301,25.5));
#5543 = VECTOR('',#5544,1.);
#5544 = DIRECTION('',(-1.,0.,0.));
#5545 = ORIENTED_EDGE('',*,*,#5521,.T.);
#5546 = ORIENTED_EDGE('',*,*,#3360,.F.);
#5547 = ORIENTED_EDGE('',*,*,#5548,.F.);
#5548 = EDGE_CURVE('',#5539,#3334,#5549,.T.);
#5549 = LINE('',#5550,#5551);
#5550 = CARTESIAN_POINT('',(31.153915453915,16.255301455301,25.5));
#5551 = VECTOR('',#5552,1.);
#5552 = DIRECTION('',(0.,0.,1.));
#5553 = PLANE('',#5554);
#5554 = AXIS2_PLACEMENT_3D('',#5555,#5556,#5557);
#5555 = CARTESIAN_POINT('',(32.068676368676,16.255301455301,25.5));
#5556 = DIRECTION('',(0.,-1.,0.));
#5557 = DIRECTION('',(-1.,0.,0.));
#5558 = ADVANCED_FACE('',(#5559),#5571,.T.);
#5559 = FACE_BOUND('',#5560,.T.);
#5560 = EDGE_LOOP('',(#5561,#5568,#5569,#5570));
#5561 = ORIENTED_EDGE('',*,*,#5562,.F.);
#5562 = EDGE_CURVE('',#5539,#5296,#5563,.T.);
#5563 = B_SPLINE_CURVE_WITH_KNOTS('',3,(#5564,#5565,#5566,#5567),
  .UNSPECIFIED.,.F.,.F.,(4,4),(0.,1.),.PIECEWISE_BEZIER_KNOTS.);
#5564 = CARTESIAN_POINT('',(31.153915453915,16.255301455301,25.5));
#5565 = CARTESIAN_POINT('',(30.987595287595,15.728620928621,25.5));
#5566 = CARTESIAN_POINT('',(30.427650727651,15.407068607069,25.5));
#5567 = CARTESIAN_POINT('',(29.668121968122,15.407068607069,25.5));
#5568 = ORIENTED_EDGE('',*,*,#5548,.T.);
#5569 = ORIENTED_EDGE('',*,*,#3333,.F.);
#5570 = ORIENTED_EDGE('',*,*,#5306,.F.);
#5571 = SURFACE_OF_LINEAR_EXTRUSION('',#5572,#5577);
#5572 = B_SPLINE_CURVE_WITH_KNOTS('',3,(#5573,#5574,#5575,#5576),
  .UNSPECIFIED.,.F.,.F.,(4,4),(0.,1.),.PIECEWISE_BEZIER_KNOTS.);
#5573 = CARTESIAN_POINT('',(31.153915453915,16.255301455301,25.5));
#5574 = CARTESIAN_POINT('',(30.987595287595,15.728620928621,25.5));
#5575 = CARTESIAN_POINT('',(30.427650727651,15.407068607069,25.5));
#5576 = CARTESIAN_POINT('',(29.668121968122,15.407068607069,25.5));
#5577 = VECTOR('',#5578,1.);
#5578 = DIRECTION('',(-0.,-0.,-1.));
#5579 = ADVANCED_FACE('',(#5580),#5605,.T.);
#5580 = FACE_BOUND('',#5581,.T.);
#5581 = EDGE_LOOP('',(#5582,#5592,#5598,#5599));
#5582 = ORIENTED_EDGE('',*,*,#5583,.F.);
#5583 = EDGE_CURVE('',#5584,#5586,#5588,.T.);
#5584 = VERTEX_POINT('',#5585);
#5585 = CARTESIAN_POINT('',(35.989397089397,17.441718641719,25.5));
#5586 = VERTEX_POINT('',#5587);
#5587 = CARTESIAN_POINT('',(36.881981981982,17.23659043659,25.5));
#5588 = LINE('',#5589,#5590);
#5589 = CARTESIAN_POINT('',(35.989397089397,17.441718641719,25.5));
#5590 = VECTOR('',#5591,1.);
#5591 = DIRECTION('',(0.974594841169,-0.223975211946,0.));
#5592 = ORIENTED_EDGE('',*,*,#5593,.T.);
#5593 = EDGE_CURVE('',#5584,#3561,#5594,.T.);
#5594 = LINE('',#5595,#5596);
#5595 = CARTESIAN_POINT('',(35.989397089397,17.441718641719,25.5));
#5596 = VECTOR('',#5597,1.);
#5597 = DIRECTION('',(0.,0.,1.));
#5598 = ORIENTED_EDGE('',*,*,#3558,.F.);
#5599 = ORIENTED_EDGE('',*,*,#5600,.F.);
#5600 = EDGE_CURVE('',#5586,#3559,#5601,.T.);
#5601 = LINE('',#5602,#5603);
#5602 = CARTESIAN_POINT('',(36.881981981982,17.23659043659,25.5));
#5603 = VECTOR('',#5604,1.);
#5604 = DIRECTION('',(0.,0.,1.));
#5605 = PLANE('',#5606);
#5606 = AXIS2_PLACEMENT_3D('',#5607,#5608,#5609);
#5607 = CARTESIAN_POINT('',(35.989397089397,17.441718641719,25.5));
#5608 = DIRECTION('',(0.223975211946,0.974594841169,0.));
#5609 = DIRECTION('',(0.974594841169,-0.223975211946,0.));
#5610 = ADVANCED_FACE('',(#5611),#5630,.T.);
#5611 = FACE_BOUND('',#5612,.T.);
#5612 = EDGE_LOOP('',(#5613,#5622,#5623,#5624));
#5613 = ORIENTED_EDGE('',*,*,#5614,.F.);
#5614 = EDGE_CURVE('',#5586,#5615,#5617,.T.);
#5615 = VERTEX_POINT('',#5616);
#5616 = CARTESIAN_POINT('',(37.940887040887,16.332917532918,25.5));
#5617 = B_SPLINE_CURVE_WITH_KNOTS('',3,(#5618,#5619,#5620,#5621),
  .UNSPECIFIED.,.F.,.F.,(4,4),(0.,1.),.PIECEWISE_BEZIER_KNOTS.);
#5618 = CARTESIAN_POINT('',(36.881981981982,17.23659043659,25.5));
#5619 = CARTESIAN_POINT('',(37.647054747055,17.064726264726,25.5));
#5620 = CARTESIAN_POINT('',(37.940887040887,16.809702009702,25.5));
#5621 = CARTESIAN_POINT('',(37.940887040887,16.332917532918,25.5));
#5622 = ORIENTED_EDGE('',*,*,#5600,.T.);
#5623 = ORIENTED_EDGE('',*,*,#3984,.F.);
#5624 = ORIENTED_EDGE('',*,*,#5625,.F.);
#5625 = EDGE_CURVE('',#5615,#3948,#5626,.T.);
#5626 = LINE('',#5627,#5628);
#5627 = CARTESIAN_POINT('',(37.940887040887,16.332917532918,25.5));
#5628 = VECTOR('',#5629,1.);
#5629 = DIRECTION('',(0.,0.,1.));
#5630 = SURFACE_OF_LINEAR_EXTRUSION('',#5631,#5636);
#5631 = B_SPLINE_CURVE_WITH_KNOTS('',3,(#5632,#5633,#5634,#5635),
  .UNSPECIFIED.,.F.,.F.,(4,4),(0.,1.),.PIECEWISE_BEZIER_KNOTS.);
#5632 = CARTESIAN_POINT('',(36.881981981982,17.23659043659,25.5));
#5633 = CARTESIAN_POINT('',(37.647054747055,17.064726264726,25.5));
#5634 = CARTESIAN_POINT('',(37.940887040887,16.809702009702,25.5));
#5635 = CARTESIAN_POINT('',(37.940887040887,16.332917532918,25.5));
#5636 = VECTOR('',#5637,1.);
#5637 = DIRECTION('',(-0.,-0.,-1.));
#5638 = ADVANCED_FACE('',(#5639),#5658,.T.);
#5639 = FACE_BOUND('',#5640,.T.);
#5640 = EDGE_LOOP('',(#5641,#5650,#5651,#5652));
#5641 = ORIENTED_EDGE('',*,*,#5642,.F.);
#5642 = EDGE_CURVE('',#5615,#5643,#5645,.T.);
#5643 = VERTEX_POINT('',#5644);
#5644 = CARTESIAN_POINT('',(36.599237699238,15.384892584893,25.5));
#5645 = B_SPLINE_CURVE_WITH_KNOTS('',3,(#5646,#5647,#5648,#5649),
  .UNSPECIFIED.,.F.,.F.,(4,4),(0.,1.),.PIECEWISE_BEZIER_KNOTS.);
#5646 = CARTESIAN_POINT('',(37.940887040887,16.332917532918,25.5));
#5647 = CARTESIAN_POINT('',(37.940887040887,15.756340956341,25.5));
#5648 = CARTESIAN_POINT('',(37.419750519751,15.384892584893,25.5));
#5649 = CARTESIAN_POINT('',(36.599237699238,15.384892584893,25.5));
#5650 = ORIENTED_EDGE('',*,*,#5625,.T.);
#5651 = ORIENTED_EDGE('',*,*,#3947,.F.);
#5652 = ORIENTED_EDGE('',*,*,#5653,.F.);
#5653 = EDGE_CURVE('',#5643,#3916,#5654,.T.);
#5654 = LINE('',#5655,#5656);
#5655 = CARTESIAN_POINT('',(36.599237699238,15.384892584893,25.5));
#5656 = VECTOR('',#5657,1.);
#5657 = DIRECTION('',(0.,0.,1.));
#5658 = SURFACE_OF_LINEAR_EXTRUSION('',#5659,#5664);
#5659 = B_SPLINE_CURVE_WITH_KNOTS('',3,(#5660,#5661,#5662,#5663),
  .UNSPECIFIED.,.F.,.F.,(4,4),(0.,1.),.PIECEWISE_BEZIER_KNOTS.);
#5660 = CARTESIAN_POINT('',(37.940887040887,16.332917532918,25.5));
#5661 = CARTESIAN_POINT('',(37.940887040887,15.756340956341,25.5));
#5662 = CARTESIAN_POINT('',(37.419750519751,15.384892584893,25.5));
#5663 = CARTESIAN_POINT('',(36.599237699238,15.384892584893,25.5));
#5664 = VECTOR('',#5665,1.);
#5665 = DIRECTION('',(-0.,-0.,-1.));
#5666 = ADVANCED_FACE('',(#5667),#5686,.T.);
#5667 = FACE_BOUND('',#5668,.T.);
#5668 = EDGE_LOOP('',(#5669,#5678,#5679,#5680));
#5669 = ORIENTED_EDGE('',*,*,#5670,.F.);
#5670 = EDGE_CURVE('',#5643,#5671,#5673,.T.);
#5671 = VERTEX_POINT('',#5672);
#5672 = CARTESIAN_POINT('',(35.152252252252,16.260845460845,25.5));
#5673 = B_SPLINE_CURVE_WITH_KNOTS('',3,(#5674,#5675,#5676,#5677),
  .UNSPECIFIED.,.F.,.F.,(4,4),(0.,1.),.PIECEWISE_BEZIER_KNOTS.);
#5674 = CARTESIAN_POINT('',(36.599237699238,15.384892584893,25.5));
#5675 = CARTESIAN_POINT('',(35.823076923077,15.384892584893,25.5));
#5676 = CARTESIAN_POINT('',(35.290852390852,15.706444906445,25.5));
#5677 = CARTESIAN_POINT('',(35.152252252252,16.260845460845,25.5));
#5678 = ORIENTED_EDGE('',*,*,#5653,.T.);
#5679 = ORIENTED_EDGE('',*,*,#3915,.F.);
#5680 = ORIENTED_EDGE('',*,*,#5681,.F.);
#5681 = EDGE_CURVE('',#5671,#3908,#5682,.T.);
#5682 = LINE('',#5683,#5684);
#5683 = CARTESIAN_POINT('',(35.152252252252,16.260845460845,25.5));
#5684 = VECTOR('',#5685,1.);
#5685 = DIRECTION('',(0.,0.,1.));
#5686 = SURFACE_OF_LINEAR_EXTRUSION('',#5687,#5692);
#5687 = B_SPLINE_CURVE_WITH_KNOTS('',3,(#5688,#5689,#5690,#5691),
  .UNSPECIFIED.,.F.,.F.,(4,4),(0.,1.),.PIECEWISE_BEZIER_KNOTS.);
#5688 = CARTESIAN_POINT('',(36.599237699238,15.384892584893,25.5));
#5689 = CARTESIAN_POINT('',(35.823076923077,15.384892584893,25.5));
#5690 = CARTESIAN_POINT('',(35.290852390852,15.706444906445,25.5));
#5691 = CARTESIAN_POINT('',(35.152252252252,16.260845460845,25.5));
#5692 = VECTOR('',#5693,1.);
#5693 = DIRECTION('',(-0.,-0.,-1.));
#5694 = ADVANCED_FACE('',(#5695),#5713,.T.);
#5695 = FACE_BOUND('',#5696,.T.);
#5696 = EDGE_LOOP('',(#5697,#5705,#5706,#5707));
#5697 = ORIENTED_EDGE('',*,*,#5698,.F.);
#5698 = EDGE_CURVE('',#5671,#5699,#5701,.T.);
#5699 = VERTEX_POINT('',#5700);
#5700 = CARTESIAN_POINT('',(34.193139293139,16.260845460845,25.5));
#5701 = LINE('',#5702,#5703);
#5702 = CARTESIAN_POINT('',(35.152252252252,16.260845460845,25.5));
#5703 = VECTOR('',#5704,1.);
#5704 = DIRECTION('',(-1.,0.,0.));
#5705 = ORIENTED_EDGE('',*,*,#5681,.T.);
#5706 = ORIENTED_EDGE('',*,*,#3907,.F.);
#5707 = ORIENTED_EDGE('',*,*,#5708,.F.);
#5708 = EDGE_CURVE('',#5699,#3871,#5709,.T.);
#5709 = LINE('',#5710,#5711);
#5710 = CARTESIAN_POINT('',(34.193139293139,16.260845460845,25.5));
#5711 = VECTOR('',#5712,1.);
#5712 = DIRECTION('',(0.,0.,1.));
#5713 = PLANE('',#5714);
#5714 = AXIS2_PLACEMENT_3D('',#5715,#5716,#5717);
#5715 = CARTESIAN_POINT('',(35.152252252252,16.260845460845,25.5));
#5716 = DIRECTION('',(0.,-1.,0.));
#5717 = DIRECTION('',(-1.,0.,0.));
#5718 = ADVANCED_FACE('',(#5719),#5738,.T.);
#5719 = FACE_BOUND('',#5720,.T.);
#5720 = EDGE_LOOP('',(#5721,#5730,#5731,#5732));
#5721 = ORIENTED_EDGE('',*,*,#5722,.F.);
#5722 = EDGE_CURVE('',#5699,#5723,#5725,.T.);
#5723 = VERTEX_POINT('',#5724);
#5724 = CARTESIAN_POINT('',(36.565973665974,14.5920997921,25.5));
#5725 = B_SPLINE_CURVE_WITH_KNOTS('',3,(#5726,#5727,#5728,#5729),
  .UNSPECIFIED.,.F.,.F.,(4,4),(0.,1.),.PIECEWISE_BEZIER_KNOTS.);
#5726 = CARTESIAN_POINT('',(34.193139293139,16.260845460845,25.5));
#5727 = CARTESIAN_POINT('',(34.298475398475,15.22966042966,25.5));
#5728 = CARTESIAN_POINT('',(35.202148302148,14.5920997921,25.5));
#5729 = CARTESIAN_POINT('',(36.565973665974,14.5920997921,25.5));
#5730 = ORIENTED_EDGE('',*,*,#5708,.T.);
#5731 = ORIENTED_EDGE('',*,*,#3870,.F.);
#5732 = ORIENTED_EDGE('',*,*,#5733,.F.);
#5733 = EDGE_CURVE('',#5723,#3834,#5734,.T.);
#5734 = LINE('',#5735,#5736);
#5735 = CARTESIAN_POINT('',(36.565973665974,14.5920997921,25.5));
#5736 = VECTOR('',#5737,1.);
#5737 = DIRECTION('',(0.,0.,1.));
#5738 = SURFACE_OF_LINEAR_EXTRUSION('',#5739,#5744);
#5739 = B_SPLINE_CURVE_WITH_KNOTS('',3,(#5740,#5741,#5742,#5743),
  .UNSPECIFIED.,.F.,.F.,(4,4),(0.,1.),.PIECEWISE_BEZIER_KNOTS.);
#5740 = CARTESIAN_POINT('',(34.193139293139,16.260845460845,25.5));
#5741 = CARTESIAN_POINT('',(34.298475398475,15.22966042966,25.5));
#5742 = CARTESIAN_POINT('',(35.202148302148,14.5920997921,25.5));
#5743 = CARTESIAN_POINT('',(36.565973665974,14.5920997921,25.5));
#5744 = VECTOR('',#5745,1.);
#5745 = DIRECTION('',(-0.,-0.,-1.));
#5746 = ADVANCED_FACE('',(#5747),#5766,.T.);
#5747 = FACE_BOUND('',#5748,.T.);
#5748 = EDGE_LOOP('',(#5749,#5758,#5759,#5760));
#5749 = ORIENTED_EDGE('',*,*,#5750,.F.);
#5750 = EDGE_CURVE('',#5723,#5751,#5753,.T.);
#5751 = VERTEX_POINT('',#5752);
#5752 = CARTESIAN_POINT('',(38.916632016632,16.421621621622,25.5));
#5753 = B_SPLINE_CURVE_WITH_KNOTS('',3,(#5754,#5755,#5756,#5757),
  .UNSPECIFIED.,.F.,.F.,(4,4),(0.,1.),.PIECEWISE_BEZIER_KNOTS.);
#5754 = CARTESIAN_POINT('',(36.565973665974,14.5920997921,25.5));
#5755 = CARTESIAN_POINT('',(37.990783090783,14.5920997921,25.5));
#5756 = CARTESIAN_POINT('',(38.916632016632,15.312820512821,25.5));
#5757 = CARTESIAN_POINT('',(38.916632016632,16.421621621622,25.5));
#5758 = ORIENTED_EDGE('',*,*,#5733,.T.);
#5759 = ORIENTED_EDGE('',*,*,#3833,.F.);
#5760 = ORIENTED_EDGE('',*,*,#5761,.F.);
#5761 = EDGE_CURVE('',#5751,#3797,#5762,.T.);
#5762 = LINE('',#5763,#5764);
#5763 = CARTESIAN_POINT('',(38.916632016632,16.421621621622,25.5));
#5764 = VECTOR('',#5765,1.);
#5765 = DIRECTION('',(0.,0.,1.));
#5766 = SURFACE_OF_LINEAR_EXTRUSION('',#5767,#5772);
#5767 = B_SPLINE_CURVE_WITH_KNOTS('',3,(#5768,#5769,#5770,#5771),
  .UNSPECIFIED.,.F.,.F.,(4,4),(0.,1.),.PIECEWISE_BEZIER_KNOTS.);
#5768 = CARTESIAN_POINT('',(36.565973665974,14.5920997921,25.5));
#5769 = CARTESIAN_POINT('',(37.990783090783,14.5920997921,25.5));
#5770 = CARTESIAN_POINT('',(38.916632016632,15.312820512821,25.5));
#5771 = CARTESIAN_POINT('',(38.916632016632,16.421621621622,25.5));
#5772 = VECTOR('',#5773,1.);
#5773 = DIRECTION('',(-0.,-0.,-1.));
#5774 = ADVANCED_FACE('',(#5775),#5794,.T.);
#5775 = FACE_BOUND('',#5776,.T.);
#5776 = EDGE_LOOP('',(#5777,#5786,#5787,#5788));
#5777 = ORIENTED_EDGE('',*,*,#5778,.F.);
#5778 = EDGE_CURVE('',#5751,#5779,#5781,.T.);
#5779 = VERTEX_POINT('',#5780);
#5780 = CARTESIAN_POINT('',(37.214622314622,18.068191268191,25.5));
#5781 = B_SPLINE_CURVE_WITH_KNOTS('',3,(#5782,#5783,#5784,#5785),
  .UNSPECIFIED.,.F.,.F.,(4,4),(0.,1.),.PIECEWISE_BEZIER_KNOTS.);
#5782 = CARTESIAN_POINT('',(38.916632016632,16.421621621622,25.5));
#5783 = CARTESIAN_POINT('',(38.916632016632,17.29203049203,25.5));
#5784 = CARTESIAN_POINT('',(38.384407484407,17.802079002079,25.5));
#5785 = CARTESIAN_POINT('',(37.214622314622,18.068191268191,25.5));
#5786 = ORIENTED_EDGE('',*,*,#5761,.T.);
#5787 = ORIENTED_EDGE('',*,*,#3796,.F.);
#5788 = ORIENTED_EDGE('',*,*,#5789,.F.);
#5789 = EDGE_CURVE('',#5779,#3789,#5790,.T.);
#5790 = LINE('',#5791,#5792);
#5791 = CARTESIAN_POINT('',(37.214622314622,18.068191268191,25.5));
#5792 = VECTOR('',#5793,1.);
#5793 = DIRECTION('',(0.,0.,1.));
#5794 = SURFACE_OF_LINEAR_EXTRUSION('',#5795,#5800);
#5795 = B_SPLINE_CURVE_WITH_KNOTS('',3,(#5796,#5797,#5798,#5799),
  .UNSPECIFIED.,.F.,.F.,(4,4),(0.,1.),.PIECEWISE_BEZIER_KNOTS.);
#5796 = CARTESIAN_POINT('',(38.916632016632,16.421621621622,25.5));
#5797 = CARTESIAN_POINT('',(38.916632016632,17.29203049203,25.5));
#5798 = CARTESIAN_POINT('',(38.384407484407,17.802079002079,25.5));
#5799 = CARTESIAN_POINT('',(37.214622314622,18.068191268191,25.5));
#5800 = VECTOR('',#5801,1.);
#5801 = DIRECTION('',(-0.,-0.,-1.));
#5802 = ADVANCED_FACE('',(#5803),#5821,.T.);
#5803 = FACE_BOUND('',#5804,.T.);
#5804 = EDGE_LOOP('',(#5805,#5813,#5814,#5815));
#5805 = ORIENTED_EDGE('',*,*,#5806,.F.);
#5806 = EDGE_CURVE('',#5779,#5807,#5809,.T.);
#5807 = VERTEX_POINT('',#5808);
#5808 = CARTESIAN_POINT('',(36.366389466389,18.262231462231,25.5));
#5809 = LINE('',#5810,#5811);
#5810 = CARTESIAN_POINT('',(37.214622314622,18.068191268191,25.5));
#5811 = VECTOR('',#5812,1.);
#5812 = DIRECTION('',(-0.974818948223,0.222997798613,0.));
#5813 = ORIENTED_EDGE('',*,*,#5789,.T.);
#5814 = ORIENTED_EDGE('',*,*,#3788,.F.);
#5815 = ORIENTED_EDGE('',*,*,#5816,.F.);
#5816 = EDGE_CURVE('',#5807,#3757,#5817,.T.);
#5817 = LINE('',#5818,#5819);
#5818 = CARTESIAN_POINT('',(36.366389466389,18.262231462231,25.5));
#5819 = VECTOR('',#5820,1.);
#5820 = DIRECTION('',(0.,0.,1.));
#5821 = PLANE('',#5822);
#5822 = AXIS2_PLACEMENT_3D('',#5823,#5824,#5825);
#5823 = CARTESIAN_POINT('',(37.214622314622,18.068191268191,25.5));
#5824 = DIRECTION('',(-0.222997798613,-0.974818948223,0.));
#5825 = DIRECTION('',(-0.974818948223,0.222997798613,0.));
#5826 = ADVANCED_FACE('',(#5827),#5846,.T.);
#5827 = FACE_BOUND('',#5828,.T.);
#5828 = EDGE_LOOP('',(#5829,#5838,#5839,#5840));
#5829 = ORIENTED_EDGE('',*,*,#5830,.F.);
#5830 = EDGE_CURVE('',#5807,#5831,#5833,.T.);
#5831 = VERTEX_POINT('',#5832);
#5832 = CARTESIAN_POINT('',(35.30194040194,19.149272349272,25.5));
#5833 = B_SPLINE_CURVE_WITH_KNOTS('',3,(#5834,#5835,#5836,#5837),
  .UNSPECIFIED.,.F.,.F.,(4,4),(0.,1.),.PIECEWISE_BEZIER_KNOTS.);
#5834 = CARTESIAN_POINT('',(36.366389466389,18.262231462231,25.5));
#5835 = CARTESIAN_POINT('',(35.612404712405,18.428551628552,25.5));
#5836 = CARTESIAN_POINT('',(35.30194040194,18.68911988912,25.5));
#5837 = CARTESIAN_POINT('',(35.30194040194,19.149272349272,25.5));
#5838 = ORIENTED_EDGE('',*,*,#5816,.T.);
#5839 = ORIENTED_EDGE('',*,*,#3756,.F.);
#5840 = ORIENTED_EDGE('',*,*,#5841,.F.);
#5841 = EDGE_CURVE('',#5831,#3720,#5842,.T.);
#5842 = LINE('',#5843,#5844);
#5843 = CARTESIAN_POINT('',(35.30194040194,19.149272349272,25.5));
#5844 = VECTOR('',#5845,1.);
#5845 = DIRECTION('',(0.,0.,1.));
#5846 = SURFACE_OF_LINEAR_EXTRUSION('',#5847,#5852);
#5847 = B_SPLINE_CURVE_WITH_KNOTS('',3,(#5848,#5849,#5850,#5851),
  .UNSPECIFIED.,.F.,.F.,(4,4),(0.,1.),.PIECEWISE_BEZIER_KNOTS.);
#5848 = CARTESIAN_POINT('',(36.366389466389,18.262231462231,25.5));
#5849 = CARTESIAN_POINT('',(35.612404712405,18.428551628552,25.5));
#5850 = CARTESIAN_POINT('',(35.30194040194,18.68911988912,25.5));
#5851 = CARTESIAN_POINT('',(35.30194040194,19.149272349272,25.5));
#5852 = VECTOR('',#5853,1.);
#5853 = DIRECTION('',(-0.,-0.,-1.));
#5854 = ADVANCED_FACE('',(#5855),#5874,.T.);
#5855 = FACE_BOUND('',#5856,.T.);
#5856 = EDGE_LOOP('',(#5857,#5866,#5867,#5868));
#5857 = ORIENTED_EDGE('',*,*,#5858,.F.);
#5858 = EDGE_CURVE('',#5831,#5859,#5861,.T.);
#5859 = VERTEX_POINT('',#5860);
#5860 = CARTESIAN_POINT('',(36.56042966043,20.052945252945,25.5));
#5861 = B_SPLINE_CURVE_WITH_KNOTS('',3,(#5862,#5863,#5864,#5865),
  .UNSPECIFIED.,.F.,.F.,(4,4),(0.,1.),.PIECEWISE_BEZIER_KNOTS.);
#5862 = CARTESIAN_POINT('',(35.30194040194,19.149272349272,25.5));
#5863 = CARTESIAN_POINT('',(35.30194040194,19.698128898129,25.5));
#5864 = CARTESIAN_POINT('',(35.795356895357,20.052945252945,25.5));
#5865 = CARTESIAN_POINT('',(36.56042966043,20.052945252945,25.5));
#5866 = ORIENTED_EDGE('',*,*,#5841,.T.);
#5867 = ORIENTED_EDGE('',*,*,#3719,.F.);
#5868 = ORIENTED_EDGE('',*,*,#5869,.F.);
#5869 = EDGE_CURVE('',#5859,#3688,#5870,.T.);
#5870 = LINE('',#5871,#5872);
#5871 = CARTESIAN_POINT('',(36.56042966043,20.052945252945,25.5));
#5872 = VECTOR('',#5873,1.);
#5873 = DIRECTION('',(0.,0.,1.));
#5874 = SURFACE_OF_LINEAR_EXTRUSION('',#5875,#5880);
#5875 = B_SPLINE_CURVE_WITH_KNOTS('',3,(#5876,#5877,#5878,#5879),
  .UNSPECIFIED.,.F.,.F.,(4,4),(0.,1.),.PIECEWISE_BEZIER_KNOTS.);
#5876 = CARTESIAN_POINT('',(35.30194040194,19.149272349272,25.5));
#5877 = CARTESIAN_POINT('',(35.30194040194,19.698128898129,25.5));
#5878 = CARTESIAN_POINT('',(35.795356895357,20.052945252945,25.5));
#5879 = CARTESIAN_POINT('',(36.56042966043,20.052945252945,25.5));
#5880 = VECTOR('',#5881,1.);
#5881 = DIRECTION('',(-0.,-0.,-1.));
#5882 = ADVANCED_FACE('',(#5883),#5902,.T.);
#5883 = FACE_BOUND('',#5884,.T.);
#5884 = EDGE_LOOP('',(#5885,#5894,#5895,#5896));
#5885 = ORIENTED_EDGE('',*,*,#5886,.F.);
#5886 = EDGE_CURVE('',#5859,#5887,#5889,.T.);
#5887 = VERTEX_POINT('',#5888);
#5888 = CARTESIAN_POINT('',(37.879902979903,19.204712404712,25.5));
#5889 = B_SPLINE_CURVE_WITH_KNOTS('',3,(#5890,#5891,#5892,#5893),
  .UNSPECIFIED.,.F.,.F.,(4,4),(0.,1.),.PIECEWISE_BEZIER_KNOTS.);
#5890 = CARTESIAN_POINT('',(36.56042966043,20.052945252945,25.5));
#5891 = CARTESIAN_POINT('',(37.264518364518,20.052945252945,25.5));
#5892 = CARTESIAN_POINT('',(37.769022869023,19.731392931393,25.5));
#5893 = CARTESIAN_POINT('',(37.879902979903,19.204712404712,25.5));
#5894 = ORIENTED_EDGE('',*,*,#5869,.T.);
#5895 = ORIENTED_EDGE('',*,*,#3687,.F.);
#5896 = ORIENTED_EDGE('',*,*,#5897,.F.);
#5897 = EDGE_CURVE('',#5887,#3680,#5898,.T.);
#5898 = LINE('',#5899,#5900);
#5899 = CARTESIAN_POINT('',(37.879902979903,19.204712404712,25.5));
#5900 = VECTOR('',#5901,1.);
#5901 = DIRECTION('',(0.,0.,1.));
#5902 = SURFACE_OF_LINEAR_EXTRUSION('',#5903,#5908);
#5903 = B_SPLINE_CURVE_WITH_KNOTS('',3,(#5904,#5905,#5906,#5907),
  .UNSPECIFIED.,.F.,.F.,(4,4),(0.,1.),.PIECEWISE_BEZIER_KNOTS.);
#5904 = CARTESIAN_POINT('',(36.56042966043,20.052945252945,25.5));
#5905 = CARTESIAN_POINT('',(37.264518364518,20.052945252945,25.5));
#5906 = CARTESIAN_POINT('',(37.769022869023,19.731392931393,25.5));
#5907 = CARTESIAN_POINT('',(37.879902979903,19.204712404712,25.5));
#5908 = VECTOR('',#5909,1.);
#5909 = DIRECTION('',(-0.,-0.,-1.));
#5910 = ADVANCED_FACE('',(#5911),#5929,.T.);
#5911 = FACE_BOUND('',#5912,.T.);
#5912 = EDGE_LOOP('',(#5913,#5921,#5922,#5923));
#5913 = ORIENTED_EDGE('',*,*,#5914,.F.);
#5914 = EDGE_CURVE('',#5887,#5915,#5917,.T.);
#5915 = VERTEX_POINT('',#5916);
#5916 = CARTESIAN_POINT('',(38.78911988912,19.204712404712,25.5));
#5917 = LINE('',#5918,#5919);
#5918 = CARTESIAN_POINT('',(37.879902979903,19.204712404712,25.5));
#5919 = VECTOR('',#5920,1.);
#5920 = DIRECTION('',(1.,0.,0.));
#5921 = ORIENTED_EDGE('',*,*,#5897,.T.);
#5922 = ORIENTED_EDGE('',*,*,#3679,.F.);
#5923 = ORIENTED_EDGE('',*,*,#5924,.F.);
#5924 = EDGE_CURVE('',#5915,#3643,#5925,.T.);
#5925 = LINE('',#5926,#5927);
#5926 = CARTESIAN_POINT('',(38.78911988912,19.204712404712,25.5));
#5927 = VECTOR('',#5928,1.);
#5928 = DIRECTION('',(0.,0.,1.));
#5929 = PLANE('',#5930);
#5930 = AXIS2_PLACEMENT_3D('',#5931,#5932,#5933);
#5931 = CARTESIAN_POINT('',(37.879902979903,19.204712404712,25.5));
#5932 = DIRECTION('',(0.,1.,0.));
#5933 = DIRECTION('',(1.,0.,0.));
#5934 = ADVANCED_FACE('',(#5935),#5954,.T.);
#5935 = FACE_BOUND('',#5936,.T.);
#5936 = EDGE_LOOP('',(#5937,#5946,#5947,#5948));
#5937 = ORIENTED_EDGE('',*,*,#5938,.F.);
#5938 = EDGE_CURVE('',#5915,#5939,#5941,.T.);
#5939 = VERTEX_POINT('',#5940);
#5940 = CARTESIAN_POINT('',(36.577061677062,20.83465003465,25.5));
#5941 = B_SPLINE_CURVE_WITH_KNOTS('',3,(#5942,#5943,#5944,#5945),
  .UNSPECIFIED.,.F.,.F.,(4,4),(0.,1.),.PIECEWISE_BEZIER_KNOTS.);
#5942 = CARTESIAN_POINT('',(38.78911988912,19.204712404712,25.5));
#5943 = CARTESIAN_POINT('',(38.67823977824,20.208177408177,25.5));
#5944 = CARTESIAN_POINT('',(37.830006930007,20.83465003465,25.5));
#5945 = CARTESIAN_POINT('',(36.577061677062,20.83465003465,25.5));
#5946 = ORIENTED_EDGE('',*,*,#5924,.T.);
#5947 = ORIENTED_EDGE('',*,*,#3642,.F.);
#5948 = ORIENTED_EDGE('',*,*,#5949,.F.);
#5949 = EDGE_CURVE('',#5939,#3606,#5950,.T.);
#5950 = LINE('',#5951,#5952);
#5951 = CARTESIAN_POINT('',(36.577061677062,20.83465003465,25.5));
#5952 = VECTOR('',#5953,1.);
#5953 = DIRECTION('',(0.,0.,1.));
#5954 = SURFACE_OF_LINEAR_EXTRUSION('',#5955,#5960);
#5955 = B_SPLINE_CURVE_WITH_KNOTS('',3,(#5956,#5957,#5958,#5959),
  .UNSPECIFIED.,.F.,.F.,(4,4),(0.,1.),.PIECEWISE_BEZIER_KNOTS.);
#5956 = CARTESIAN_POINT('',(38.78911988912,19.204712404712,25.5));
#5957 = CARTESIAN_POINT('',(38.67823977824,20.208177408177,25.5));
#5958 = CARTESIAN_POINT('',(37.830006930007,20.83465003465,25.5));
#5959 = CARTESIAN_POINT('',(36.577061677062,20.83465003465,25.5));
#5960 = VECTOR('',#5961,1.);
#5961 = DIRECTION('',(-0.,-0.,-1.));
#5962 = ADVANCED_FACE('',(#5963),#5982,.T.);
#5963 = FACE_BOUND('',#5964,.T.);
#5964 = EDGE_LOOP('',(#5965,#5974,#5975,#5976));
#5965 = ORIENTED_EDGE('',*,*,#5966,.F.);
#5966 = EDGE_CURVE('',#5939,#5967,#5969,.T.);
#5967 = VERTEX_POINT('',#5968);
#5968 = CARTESIAN_POINT('',(34.365003465003,19.093832293832,25.5));
#5969 = B_SPLINE_CURVE_WITH_KNOTS('',3,(#5970,#5971,#5972,#5973),
  .UNSPECIFIED.,.F.,.F.,(4,4),(0.,1.),.PIECEWISE_BEZIER_KNOTS.);
#5970 = CARTESIAN_POINT('',(36.577061677062,20.83465003465,25.5));
#5971 = CARTESIAN_POINT('',(35.252044352044,20.83465003465,25.5));
#5972 = CARTESIAN_POINT('',(34.365003465003,20.136105336105,25.5));
#5973 = CARTESIAN_POINT('',(34.365003465003,19.093832293832,25.5));
#5974 = ORIENTED_EDGE('',*,*,#5949,.T.);
#5975 = ORIENTED_EDGE('',*,*,#3605,.F.);
#5976 = ORIENTED_EDGE('',*,*,#5977,.F.);
#5977 = EDGE_CURVE('',#5967,#3569,#5978,.T.);
#5978 = LINE('',#5979,#5980);
#5979 = CARTESIAN_POINT('',(34.365003465003,19.093832293832,25.5));
#5980 = VECTOR('',#5981,1.);
#5981 = DIRECTION('',(0.,0.,1.));
#5982 = SURFACE_OF_LINEAR_EXTRUSION('',#5983,#5988);
#5983 = B_SPLINE_CURVE_WITH_KNOTS('',3,(#5984,#5985,#5986,#5987),
  .UNSPECIFIED.,.F.,.F.,(4,4),(0.,1.),.PIECEWISE_BEZIER_KNOTS.);
#5984 = CARTESIAN_POINT('',(36.577061677062,20.83465003465,25.5));
#5985 = CARTESIAN_POINT('',(35.252044352044,20.83465003465,25.5));
#5986 = CARTESIAN_POINT('',(34.365003465003,20.136105336105,25.5));
#5987 = CARTESIAN_POINT('',(34.365003465003,19.093832293832,25.5));
#5988 = VECTOR('',#5989,1.);
#5989 = DIRECTION('',(-0.,-0.,-1.));
#5990 = ADVANCED_FACE('',(#5991),#6003,.T.);
#5991 = FACE_BOUND('',#5992,.T.);
#5992 = EDGE_LOOP('',(#5993,#6000,#6001,#6002));
#5993 = ORIENTED_EDGE('',*,*,#5994,.F.);
#5994 = EDGE_CURVE('',#5967,#5584,#5995,.T.);
#5995 = B_SPLINE_CURVE_WITH_KNOTS('',3,(#5996,#5997,#5998,#5999),
  .UNSPECIFIED.,.F.,.F.,(4,4),(0.,1.),.PIECEWISE_BEZIER_KNOTS.);
#5996 = CARTESIAN_POINT('',(34.365003465003,19.093832293832,25.5));
#5997 = CARTESIAN_POINT('',(34.365003465003,18.240055440055,25.5));
#5998 = CARTESIAN_POINT('',(34.902772002772,17.691198891199,25.5));
#5999 = CARTESIAN_POINT('',(35.989397089397,17.441718641719,25.5));
#6000 = ORIENTED_EDGE('',*,*,#5977,.T.);
#6001 = ORIENTED_EDGE('',*,*,#3568,.F.);
#6002 = ORIENTED_EDGE('',*,*,#5593,.F.);
#6003 = SURFACE_OF_LINEAR_EXTRUSION('',#6004,#6009);
#6004 = B_SPLINE_CURVE_WITH_KNOTS('',3,(#6005,#6006,#6007,#6008),
  .UNSPECIFIED.,.F.,.F.,(4,4),(0.,1.),.PIECEWISE_BEZIER_KNOTS.);
#6005 = CARTESIAN_POINT('',(34.365003465003,19.093832293832,25.5));
#6006 = CARTESIAN_POINT('',(34.365003465003,18.240055440055,25.5));
#6007 = CARTESIAN_POINT('',(34.902772002772,17.691198891199,25.5));
#6008 = CARTESIAN_POINT('',(35.989397089397,17.441718641719,25.5));
#6009 = VECTOR('',#6010,1.);
#6010 = DIRECTION('',(-0.,-0.,-1.));
#6011 = ADVANCED_FACE('',(#6012),#6037,.T.);
#6012 = FACE_BOUND('',#6013,.T.);
#6013 = EDGE_LOOP('',(#6014,#6024,#6030,#6031));
#6014 = ORIENTED_EDGE('',*,*,#6015,.F.);
#6015 = EDGE_CURVE('',#6016,#6018,#6020,.T.);
#6016 = VERTEX_POINT('',#6017);
#6017 = CARTESIAN_POINT('',(42.554608454608,20.701593901594,25.5));
#6018 = VERTEX_POINT('',#6019);
#6019 = CARTESIAN_POINT('',(40.952390852391,20.701593901594,25.5));
#6020 = LINE('',#6021,#6022);
#6021 = CARTESIAN_POINT('',(42.554608454608,20.701593901594,25.5));
#6022 = VECTOR('',#6023,1.);
#6023 = DIRECTION('',(-1.,0.,0.));
#6024 = ORIENTED_EDGE('',*,*,#6025,.T.);
#6025 = EDGE_CURVE('',#6016,#4024,#6026,.T.);
#6026 = LINE('',#6027,#6028);
#6027 = CARTESIAN_POINT('',(42.554608454608,20.701593901594,25.5));
#6028 = VECTOR('',#6029,1.);
#6029 = DIRECTION('',(0.,0.,1.));
#6030 = ORIENTED_EDGE('',*,*,#4021,.F.);
#6031 = ORIENTED_EDGE('',*,*,#6032,.F.);
#6032 = EDGE_CURVE('',#6018,#4022,#6033,.T.);
#6033 = LINE('',#6034,#6035);
#6034 = CARTESIAN_POINT('',(40.952390852391,20.701593901594,25.5));
#6035 = VECTOR('',#6036,1.);
#6036 = DIRECTION('',(0.,0.,1.));
#6037 = PLANE('',#6038);
#6038 = AXIS2_PLACEMENT_3D('',#6039,#6040,#6041);
#6039 = CARTESIAN_POINT('',(42.554608454608,20.701593901594,25.5));
#6040 = DIRECTION('',(0.,-1.,0.));
#6041 = DIRECTION('',(-1.,0.,0.));
#6042 = ADVANCED_FACE('',(#6043),#6061,.T.);
#6043 = FACE_BOUND('',#6044,.T.);
#6044 = EDGE_LOOP('',(#6045,#6053,#6054,#6055));
#6045 = ORIENTED_EDGE('',*,*,#6046,.F.);
#6046 = EDGE_CURVE('',#6018,#6047,#6049,.T.);
#6047 = VERTEX_POINT('',#6048);
#6048 = CARTESIAN_POINT('',(40.952390852391,19.897713097713,25.5));
#6049 = LINE('',#6050,#6051);
#6050 = CARTESIAN_POINT('',(40.952390852391,20.701593901594,25.5));
#6051 = VECTOR('',#6052,1.);
#6052 = DIRECTION('',(0.,-1.,0.));
#6053 = ORIENTED_EDGE('',*,*,#6032,.T.);
#6054 = ORIENTED_EDGE('',*,*,#4276,.F.);
#6055 = ORIENTED_EDGE('',*,*,#6056,.F.);
#6056 = EDGE_CURVE('',#6047,#4269,#6057,.T.);
#6057 = LINE('',#6058,#6059);
#6058 = CARTESIAN_POINT('',(40.952390852391,19.897713097713,25.5));
#6059 = VECTOR('',#6060,1.);
#6060 = DIRECTION('',(0.,0.,1.));
#6061 = PLANE('',#6062);
#6062 = AXIS2_PLACEMENT_3D('',#6063,#6064,#6065);
#6063 = CARTESIAN_POINT('',(40.952390852391,20.701593901594,25.5));
#6064 = DIRECTION('',(1.,0.,0.));
#6065 = DIRECTION('',(0.,-1.,0.));
#6066 = ADVANCED_FACE('',(#6067),#6085,.T.);
#6067 = FACE_BOUND('',#6068,.T.);
#6068 = EDGE_LOOP('',(#6069,#6077,#6078,#6079));
#6069 = ORIENTED_EDGE('',*,*,#6070,.F.);
#6070 = EDGE_CURVE('',#6047,#6071,#6073,.T.);
#6071 = VERTEX_POINT('',#6072);
#6072 = CARTESIAN_POINT('',(42.554608454608,19.897713097713,25.5));
#6073 = LINE('',#6074,#6075);
#6074 = CARTESIAN_POINT('',(40.952390852391,19.897713097713,25.5));
#6075 = VECTOR('',#6076,1.);
#6076 = DIRECTION('',(1.,0.,0.));
#6077 = ORIENTED_EDGE('',*,*,#6056,.T.);
#6078 = ORIENTED_EDGE('',*,*,#4268,.F.);
#6079 = ORIENTED_EDGE('',*,*,#6080,.F.);
#6080 = EDGE_CURVE('',#6071,#4261,#6081,.T.);
#6081 = LINE('',#6082,#6083);
#6082 = CARTESIAN_POINT('',(42.554608454608,19.897713097713,25.5));
#6083 = VECTOR('',#6084,1.);
#6084 = DIRECTION('',(0.,0.,1.));
#6085 = PLANE('',#6086);
#6086 = AXIS2_PLACEMENT_3D('',#6087,#6088,#6089);
#6087 = CARTESIAN_POINT('',(40.952390852391,19.897713097713,25.5));
#6088 = DIRECTION('',(0.,1.,0.));
#6089 = DIRECTION('',(1.,0.,0.));
#6090 = ADVANCED_FACE('',(#6091),#6109,.T.);
#6091 = FACE_BOUND('',#6092,.T.);
#6092 = EDGE_LOOP('',(#6093,#6101,#6102,#6103));
#6093 = ORIENTED_EDGE('',*,*,#6094,.F.);
#6094 = EDGE_CURVE('',#6071,#6095,#6097,.T.);
#6095 = VERTEX_POINT('',#6096);
#6096 = CARTESIAN_POINT('',(42.554608454608,16.493693693694,25.5));
#6097 = LINE('',#6098,#6099);
#6098 = CARTESIAN_POINT('',(42.554608454608,19.897713097713,25.5));
#6099 = VECTOR('',#6100,1.);
#6100 = DIRECTION('',(0.,-1.,0.));
#6101 = ORIENTED_EDGE('',*,*,#6080,.T.);
#6102 = ORIENTED_EDGE('',*,*,#4260,.F.);
#6103 = ORIENTED_EDGE('',*,*,#6104,.F.);
#6104 = EDGE_CURVE('',#6095,#4219,#6105,.T.);
#6105 = LINE('',#6106,#6107);
#6106 = CARTESIAN_POINT('',(42.554608454608,16.493693693694,25.5));
#6107 = VECTOR('',#6108,1.);
#6108 = DIRECTION('',(0.,0.,1.));
#6109 = PLANE('',#6110);
#6110 = AXIS2_PLACEMENT_3D('',#6111,#6112,#6113);
#6111 = CARTESIAN_POINT('',(42.554608454608,19.897713097713,25.5));
#6112 = DIRECTION('',(1.,0.,0.));
#6113 = DIRECTION('',(0.,-1.,0.));
#6114 = ADVANCED_FACE('',(#6115),#6134,.T.);
#6115 = FACE_BOUND('',#6116,.T.);
#6116 = EDGE_LOOP('',(#6117,#6126,#6127,#6128));
#6117 = ORIENTED_EDGE('',*,*,#6118,.F.);
#6118 = EDGE_CURVE('',#6095,#6119,#6121,.T.);
#6119 = VERTEX_POINT('',#6120);
#6120 = CARTESIAN_POINT('',(44.738946638947,14.67525987526,25.5));
#6121 = B_SPLINE_CURVE_WITH_KNOTS('',3,(#6122,#6123,#6124,#6125),
  .UNSPECIFIED.,.F.,.F.,(4,4),(0.,1.),.PIECEWISE_BEZIER_KNOTS.);
#6122 = CARTESIAN_POINT('',(42.554608454608,16.493693693694,25.5));
#6123 = CARTESIAN_POINT('',(42.554608454608,15.240748440748,25.5));
#6124 = CARTESIAN_POINT('',(43.247609147609,14.67525987526,25.5));
#6125 = CARTESIAN_POINT('',(44.738946638947,14.67525987526,25.5));
#6126 = ORIENTED_EDGE('',*,*,#6104,.T.);
#6127 = ORIENTED_EDGE('',*,*,#4218,.F.);
#6128 = ORIENTED_EDGE('',*,*,#6129,.F.);
#6129 = EDGE_CURVE('',#6119,#4170,#6130,.T.);
#6130 = LINE('',#6131,#6132);
#6131 = CARTESIAN_POINT('',(44.738946638947,14.67525987526,25.5));
#6132 = VECTOR('',#6133,1.);
#6133 = DIRECTION('',(0.,0.,1.));
#6134 = SURFACE_OF_LINEAR_EXTRUSION('',#6135,#6140);
#6135 = B_SPLINE_CURVE_WITH_KNOTS('',3,(#6136,#6137,#6138,#6139),
  .UNSPECIFIED.,.F.,.F.,(4,4),(0.,1.),.PIECEWISE_BEZIER_KNOTS.);
#6136 = CARTESIAN_POINT('',(42.554608454608,16.493693693694,25.5));
#6137 = CARTESIAN_POINT('',(42.554608454608,15.240748440748,25.5));
#6138 = CARTESIAN_POINT('',(43.247609147609,14.67525987526,25.5));
#6139 = CARTESIAN_POINT('',(44.738946638947,14.67525987526,25.5));
#6140 = VECTOR('',#6141,1.);
#6141 = DIRECTION('',(-0.,-0.,-1.));
#6142 = ADVANCED_FACE('',(#6143),#6162,.T.);
#6143 = FACE_BOUND('',#6144,.T.);
#6144 = EDGE_LOOP('',(#6145,#6154,#6155,#6156));
#6145 = ORIENTED_EDGE('',*,*,#6146,.F.);
#6146 = EDGE_CURVE('',#6119,#6147,#6149,.T.);
#6147 = VERTEX_POINT('',#6148);
#6148 = CARTESIAN_POINT('',(45.908731808732,14.7306999307,25.5));
#6149 = B_SPLINE_CURVE_WITH_KNOTS('',3,(#6150,#6151,#6152,#6153),
  .UNSPECIFIED.,.F.,.F.,(4,4),(0.,1.),.PIECEWISE_BEZIER_KNOTS.);
#6150 = CARTESIAN_POINT('',(44.738946638947,14.67525987526,25.5));
#6151 = CARTESIAN_POINT('',(45.027234927235,14.67525987526,25.5));
#6152 = CARTESIAN_POINT('',(45.759043659044,14.70297990298,25.5));
#6153 = CARTESIAN_POINT('',(45.908731808732,14.7306999307,25.5));
#6154 = ORIENTED_EDGE('',*,*,#6129,.T.);
#6155 = ORIENTED_EDGE('',*,*,#4169,.F.);
#6156 = ORIENTED_EDGE('',*,*,#6157,.F.);
#6157 = EDGE_CURVE('',#6147,#4162,#6158,.T.);
#6158 = LINE('',#6159,#6160);
#6159 = CARTESIAN_POINT('',(45.908731808732,14.7306999307,25.5));
#6160 = VECTOR('',#6161,1.);
#6161 = DIRECTION('',(0.,0.,1.));
#6162 = SURFACE_OF_LINEAR_EXTRUSION('',#6163,#6168);
#6163 = B_SPLINE_CURVE_WITH_KNOTS('',3,(#6164,#6165,#6166,#6167),
  .UNSPECIFIED.,.F.,.F.,(4,4),(0.,1.),.PIECEWISE_BEZIER_KNOTS.);
#6164 = CARTESIAN_POINT('',(44.738946638947,14.67525987526,25.5));
#6165 = CARTESIAN_POINT('',(45.027234927235,14.67525987526,25.5));
#6166 = CARTESIAN_POINT('',(45.759043659044,14.70297990298,25.5));
#6167 = CARTESIAN_POINT('',(45.908731808732,14.7306999307,25.5));
#6168 = VECTOR('',#6169,1.);
#6169 = DIRECTION('',(-0.,-0.,-1.));
#6170 = ADVANCED_FACE('',(#6171),#6189,.T.);
#6171 = FACE_BOUND('',#6172,.T.);
#6172 = EDGE_LOOP('',(#6173,#6181,#6182,#6183));
#6173 = ORIENTED_EDGE('',*,*,#6174,.F.);
#6174 = EDGE_CURVE('',#6147,#6175,#6177,.T.);
#6175 = VERTEX_POINT('',#6176);
#6176 = CARTESIAN_POINT('',(45.908731808732,15.529036729037,25.5));
#6177 = LINE('',#6178,#6179);
#6178 = CARTESIAN_POINT('',(45.908731808732,14.7306999307,25.5));
#6179 = VECTOR('',#6180,1.);
#6180 = DIRECTION('',(0.,1.,0.));
#6181 = ORIENTED_EDGE('',*,*,#6157,.T.);
#6182 = ORIENTED_EDGE('',*,*,#4161,.F.);
#6183 = ORIENTED_EDGE('',*,*,#6184,.F.);
#6184 = EDGE_CURVE('',#6175,#4130,#6185,.T.);
#6185 = LINE('',#6186,#6187);
#6186 = CARTESIAN_POINT('',(45.908731808732,15.529036729037,25.5));
#6187 = VECTOR('',#6188,1.);
#6188 = DIRECTION('',(0.,0.,1.));
#6189 = PLANE('',#6190);
#6190 = AXIS2_PLACEMENT_3D('',#6191,#6192,#6193);
#6191 = CARTESIAN_POINT('',(45.908731808732,14.7306999307,25.5));
#6192 = DIRECTION('',(-1.,0.,0.));
#6193 = DIRECTION('',(0.,1.,0.));
#6194 = ADVANCED_FACE('',(#6195),#6214,.T.);
#6195 = FACE_BOUND('',#6196,.T.);
#6196 = EDGE_LOOP('',(#6197,#6206,#6207,#6208));
#6197 = ORIENTED_EDGE('',*,*,#6198,.F.);
#6198 = EDGE_CURVE('',#6175,#6199,#6201,.T.);
#6199 = VERTEX_POINT('',#6200);
#6200 = CARTESIAN_POINT('',(44.805474705475,15.495772695773,25.5));
#6201 = B_SPLINE_CURVE_WITH_KNOTS('',3,(#6202,#6203,#6204,#6205),
  .UNSPECIFIED.,.F.,.F.,(4,4),(0.,1.),.PIECEWISE_BEZIER_KNOTS.);
#6202 = CARTESIAN_POINT('',(45.908731808732,15.529036729037,25.5));
#6203 = CARTESIAN_POINT('',(45.747955647956,15.512404712405,25.5));
#6204 = CARTESIAN_POINT('',(45.143659043659,15.495772695773,25.5));
#6205 = CARTESIAN_POINT('',(44.805474705475,15.495772695773,25.5));
#6206 = ORIENTED_EDGE('',*,*,#6184,.T.);
#6207 = ORIENTED_EDGE('',*,*,#4129,.F.);
#6208 = ORIENTED_EDGE('',*,*,#6209,.F.);
#6209 = EDGE_CURVE('',#6199,#4088,#6210,.T.);
#6210 = LINE('',#6211,#6212);
#6211 = CARTESIAN_POINT('',(44.805474705475,15.495772695773,25.5));
#6212 = VECTOR('',#6213,1.);
#6213 = DIRECTION('',(0.,0.,1.));
#6214 = SURFACE_OF_LINEAR_EXTRUSION('',#6215,#6220);
#6215 = B_SPLINE_CURVE_WITH_KNOTS('',3,(#6216,#6217,#6218,#6219),
  .UNSPECIFIED.,.F.,.F.,(4,4),(0.,1.),.PIECEWISE_BEZIER_KNOTS.);
#6216 = CARTESIAN_POINT('',(45.908731808732,15.529036729037,25.5));
#6217 = CARTESIAN_POINT('',(45.747955647956,15.512404712405,25.5));
#6218 = CARTESIAN_POINT('',(45.143659043659,15.495772695773,25.5));
#6219 = CARTESIAN_POINT('',(44.805474705475,15.495772695773,25.5));
#6220 = VECTOR('',#6221,1.);
#6221 = DIRECTION('',(-0.,-0.,-1.));
#6222 = ADVANCED_FACE('',(#6223),#6242,.T.);
#6223 = FACE_BOUND('',#6224,.T.);
#6224 = EDGE_LOOP('',(#6225,#6234,#6235,#6236));
#6225 = ORIENTED_EDGE('',*,*,#6226,.F.);
#6226 = EDGE_CURVE('',#6199,#6227,#6229,.T.);
#6227 = VERTEX_POINT('',#6228);
#6228 = CARTESIAN_POINT('',(43.497089397089,16.504781704782,25.5));
#6229 = B_SPLINE_CURVE_WITH_KNOTS('',3,(#6230,#6231,#6232,#6233),
  .UNSPECIFIED.,.F.,.F.,(4,4),(0.,1.),.PIECEWISE_BEZIER_KNOTS.);
#6230 = CARTESIAN_POINT('',(44.805474705475,15.495772695773,25.5));
#6231 = CARTESIAN_POINT('',(43.957241857242,15.495772695773,25.5));
#6232 = CARTESIAN_POINT('',(43.497089397089,15.850589050589,25.5));
#6233 = CARTESIAN_POINT('',(43.497089397089,16.504781704782,25.5));
#6234 = ORIENTED_EDGE('',*,*,#6209,.T.);
#6235 = ORIENTED_EDGE('',*,*,#4087,.F.);
#6236 = ORIENTED_EDGE('',*,*,#6237,.F.);
#6237 = EDGE_CURVE('',#6227,#4080,#6238,.T.);
#6238 = LINE('',#6239,#6240);
#6239 = CARTESIAN_POINT('',(43.497089397089,16.504781704782,25.5));
#6240 = VECTOR('',#6241,1.);
#6241 = DIRECTION('',(0.,0.,1.));
#6242 = SURFACE_OF_LINEAR_EXTRUSION('',#6243,#6248);
#6243 = B_SPLINE_CURVE_WITH_KNOTS('',3,(#6244,#6245,#6246,#6247),
  .UNSPECIFIED.,.F.,.F.,(4,4),(0.,1.),.PIECEWISE_BEZIER_KNOTS.);
#6244 = CARTESIAN_POINT('',(44.805474705475,15.495772695773,25.5));
#6245 = CARTESIAN_POINT('',(43.957241857242,15.495772695773,25.5));
#6246 = CARTESIAN_POINT('',(43.497089397089,15.850589050589,25.5));
#6247 = CARTESIAN_POINT('',(43.497089397089,16.504781704782,25.5));
#6248 = VECTOR('',#6249,1.);
#6249 = DIRECTION('',(-0.,-0.,-1.));
#6250 = ADVANCED_FACE('',(#6251),#6269,.T.);
#6251 = FACE_BOUND('',#6252,.T.);
#6252 = EDGE_LOOP('',(#6253,#6261,#6262,#6263));
#6253 = ORIENTED_EDGE('',*,*,#6254,.F.);
#6254 = EDGE_CURVE('',#6227,#6255,#6257,.T.);
#6255 = VERTEX_POINT('',#6256);
#6256 = CARTESIAN_POINT('',(43.497089397089,19.897713097713,25.5));
#6257 = LINE('',#6258,#6259);
#6258 = CARTESIAN_POINT('',(43.497089397089,16.504781704782,25.5));
#6259 = VECTOR('',#6260,1.);
#6260 = DIRECTION('',(0.,1.,0.));
#6261 = ORIENTED_EDGE('',*,*,#6237,.T.);
#6262 = ORIENTED_EDGE('',*,*,#4079,.F.);
#6263 = ORIENTED_EDGE('',*,*,#6264,.F.);
#6264 = EDGE_CURVE('',#6255,#4072,#6265,.T.);
#6265 = LINE('',#6266,#6267);
#6266 = CARTESIAN_POINT('',(43.497089397089,19.897713097713,25.5));
#6267 = VECTOR('',#6268,1.);
#6268 = DIRECTION('',(0.,0.,1.));
#6269 = PLANE('',#6270);
#6270 = AXIS2_PLACEMENT_3D('',#6271,#6272,#6273);
#6271 = CARTESIAN_POINT('',(43.497089397089,16.504781704782,25.5));
#6272 = DIRECTION('',(-1.,0.,0.));
#6273 = DIRECTION('',(0.,1.,0.));
#6274 = ADVANCED_FACE('',(#6275),#6293,.T.);
#6275 = FACE_BOUND('',#6276,.T.);
#6276 = EDGE_LOOP('',(#6277,#6285,#6286,#6287));
#6277 = ORIENTED_EDGE('',*,*,#6278,.F.);
#6278 = EDGE_CURVE('',#6255,#6279,#6281,.T.);
#6279 = VERTEX_POINT('',#6280);
#6280 = CARTESIAN_POINT('',(45.925363825364,19.897713097713,25.5));
#6281 = LINE('',#6282,#6283);
#6282 = CARTESIAN_POINT('',(43.497089397089,19.897713097713,25.5));
#6283 = VECTOR('',#6284,1.);
#6284 = DIRECTION('',(1.,0.,0.));
#6285 = ORIENTED_EDGE('',*,*,#6264,.T.);
#6286 = ORIENTED_EDGE('',*,*,#4071,.F.);
#6287 = ORIENTED_EDGE('',*,*,#6288,.F.);
#6288 = EDGE_CURVE('',#6279,#4064,#6289,.T.);
#6289 = LINE('',#6290,#6291);
#6290 = CARTESIAN_POINT('',(45.925363825364,19.897713097713,25.5));
#6291 = VECTOR('',#6292,1.);
#6292 = DIRECTION('',(0.,0.,1.));
#6293 = PLANE('',#6294);
#6294 = AXIS2_PLACEMENT_3D('',#6295,#6296,#6297);
#6295 = CARTESIAN_POINT('',(43.497089397089,19.897713097713,25.5));
#6296 = DIRECTION('',(0.,1.,0.));
#6297 = DIRECTION('',(1.,0.,0.));
#6298 = ADVANCED_FACE('',(#6299),#6317,.T.);
#6299 = FACE_BOUND('',#6300,.T.);
#6300 = EDGE_LOOP('',(#6301,#6309,#6310,#6311));
#6301 = ORIENTED_EDGE('',*,*,#6302,.F.);
#6302 = EDGE_CURVE('',#6279,#6303,#6305,.T.);
#6303 = VERTEX_POINT('',#6304);
#6304 = CARTESIAN_POINT('',(45.925363825364,20.701593901594,25.5));
#6305 = LINE('',#6306,#6307);
#6306 = CARTESIAN_POINT('',(45.925363825364,19.897713097713,25.5));
#6307 = VECTOR('',#6308,1.);
#6308 = DIRECTION('',(0.,1.,0.));
#6309 = ORIENTED_EDGE('',*,*,#6288,.T.);
#6310 = ORIENTED_EDGE('',*,*,#4063,.F.);
#6311 = ORIENTED_EDGE('',*,*,#6312,.F.);
#6312 = EDGE_CURVE('',#6303,#4056,#6313,.T.);
#6313 = LINE('',#6314,#6315);
#6314 = CARTESIAN_POINT('',(45.925363825364,20.701593901594,25.5));
#6315 = VECTOR('',#6316,1.);
#6316 = DIRECTION('',(0.,0.,1.));
#6317 = PLANE('',#6318);
#6318 = AXIS2_PLACEMENT_3D('',#6319,#6320,#6321);
#6319 = CARTESIAN_POINT('',(45.925363825364,19.897713097713,25.5));
#6320 = DIRECTION('',(-1.,0.,0.));
#6321 = DIRECTION('',(0.,1.,0.));
#6322 = ADVANCED_FACE('',(#6323),#6341,.T.);
#6323 = FACE_BOUND('',#6324,.T.);
#6324 = EDGE_LOOP('',(#6325,#6333,#6334,#6335));
#6325 = ORIENTED_EDGE('',*,*,#6326,.F.);
#6326 = EDGE_CURVE('',#6303,#6327,#6329,.T.);
#6327 = VERTEX_POINT('',#6328);
#6328 = CARTESIAN_POINT('',(43.486001386001,20.701593901594,25.5));
#6329 = LINE('',#6330,#6331);
#6330 = CARTESIAN_POINT('',(45.925363825364,20.701593901594,25.5));
#6331 = VECTOR('',#6332,1.);
#6332 = DIRECTION('',(-1.,0.,0.));
#6333 = ORIENTED_EDGE('',*,*,#6312,.T.);
#6334 = ORIENTED_EDGE('',*,*,#4055,.F.);
#6335 = ORIENTED_EDGE('',*,*,#6336,.F.);
#6336 = EDGE_CURVE('',#6327,#4048,#6337,.T.);
#6337 = LINE('',#6338,#6339);
#6338 = CARTESIAN_POINT('',(43.486001386001,20.701593901594,25.5));
#6339 = VECTOR('',#6340,1.);
#6340 = DIRECTION('',(0.,0.,1.));
#6341 = PLANE('',#6342);
#6342 = AXIS2_PLACEMENT_3D('',#6343,#6344,#6345);
#6343 = CARTESIAN_POINT('',(45.925363825364,20.701593901594,25.5));
#6344 = DIRECTION('',(0.,-1.,0.));
#6345 = DIRECTION('',(-1.,0.,0.));
#6346 = ADVANCED_FACE('',(#6347),#6365,.T.);
#6347 = FACE_BOUND('',#6348,.T.);
#6348 = EDGE_LOOP('',(#6349,#6357,#6358,#6359));
#6349 = ORIENTED_EDGE('',*,*,#6350,.F.);
#6350 = EDGE_CURVE('',#6327,#6351,#6353,.T.);
#6351 = VERTEX_POINT('',#6352);
#6352 = CARTESIAN_POINT('',(43.486001386001,22.331531531532,25.5));
#6353 = LINE('',#6354,#6355);
#6354 = CARTESIAN_POINT('',(43.486001386001,20.701593901594,25.5));
#6355 = VECTOR('',#6356,1.);
#6356 = DIRECTION('',(0.,1.,0.));
#6357 = ORIENTED_EDGE('',*,*,#6336,.T.);
#6358 = ORIENTED_EDGE('',*,*,#4047,.F.);
#6359 = ORIENTED_EDGE('',*,*,#6360,.F.);
#6360 = EDGE_CURVE('',#6351,#4040,#6361,.T.);
#6361 = LINE('',#6362,#6363);
#6362 = CARTESIAN_POINT('',(43.486001386001,22.331531531532,25.5));
#6363 = VECTOR('',#6364,1.);
#6364 = DIRECTION('',(0.,0.,1.));
#6365 = PLANE('',#6366);
#6366 = AXIS2_PLACEMENT_3D('',#6367,#6368,#6369);
#6367 = CARTESIAN_POINT('',(43.486001386001,20.701593901594,25.5));
#6368 = DIRECTION('',(-1.,0.,0.));
#6369 = DIRECTION('',(0.,1.,0.));
#6370 = ADVANCED_FACE('',(#6371),#6389,.T.);
#6371 = FACE_BOUND('',#6372,.T.);
#6372 = EDGE_LOOP('',(#6373,#6381,#6382,#6383));
#6373 = ORIENTED_EDGE('',*,*,#6374,.F.);
#6374 = EDGE_CURVE('',#6351,#6375,#6377,.T.);
#6375 = VERTEX_POINT('',#6376);
#6376 = CARTESIAN_POINT('',(42.554608454608,22.331531531532,25.5));
#6377 = LINE('',#6378,#6379);
#6378 = CARTESIAN_POINT('',(43.486001386001,22.331531531532,25.5));
#6379 = VECTOR('',#6380,1.);
#6380 = DIRECTION('',(-1.,0.,0.));
#6381 = ORIENTED_EDGE('',*,*,#6360,.T.);
#6382 = ORIENTED_EDGE('',*,*,#4039,.F.);
#6383 = ORIENTED_EDGE('',*,*,#6384,.F.);
#6384 = EDGE_CURVE('',#6375,#4032,#6385,.T.);
#6385 = LINE('',#6386,#6387);
#6386 = CARTESIAN_POINT('',(42.554608454608,22.331531531532,25.5));
#6387 = VECTOR('',#6388,1.);
#6388 = DIRECTION('',(0.,0.,1.));
#6389 = PLANE('',#6390);
#6390 = AXIS2_PLACEMENT_3D('',#6391,#6392,#6393);
#6391 = CARTESIAN_POINT('',(43.486001386001,22.331531531532,25.5));
#6392 = DIRECTION('',(0.,-1.,0.));
#6393 = DIRECTION('',(-1.,0.,0.));
#6394 = ADVANCED_FACE('',(#6395),#6406,.T.);
#6395 = FACE_BOUND('',#6396,.T.);
#6396 = EDGE_LOOP('',(#6397,#6403,#6404,#6405));
#6397 = ORIENTED_EDGE('',*,*,#6398,.F.);
#6398 = EDGE_CURVE('',#6375,#6016,#6399,.T.);
#6399 = LINE('',#6400,#6401);
#6400 = CARTESIAN_POINT('',(42.554608454608,22.331531531532,25.5));
#6401 = VECTOR('',#6402,1.);
#6402 = DIRECTION('',(0.,-1.,0.));
#6403 = ORIENTED_EDGE('',*,*,#6384,.T.);
#6404 = ORIENTED_EDGE('',*,*,#4031,.F.);
#6405 = ORIENTED_EDGE('',*,*,#6025,.F.);
#6406 = PLANE('',#6407);
#6407 = AXIS2_PLACEMENT_3D('',#6408,#6409,#6410);
#6408 = CARTESIAN_POINT('',(42.554608454608,22.331531531532,25.5));
#6409 = DIRECTION('',(1.,0.,0.));
#6410 = DIRECTION('',(0.,-1.,0.));
#6411 = ADVANCED_FACE('',(#6412),#6437,.T.);
#6412 = FACE_BOUND('',#6413,.T.);
#6413 = EDGE_LOOP('',(#6414,#6424,#6430,#6431));
#6414 = ORIENTED_EDGE('',*,*,#6415,.F.);
#6415 = EDGE_CURVE('',#6416,#6418,#6420,.T.);
#6416 = VERTEX_POINT('',#6417);
#6417 = CARTESIAN_POINT('',(51.814206514207,15.601108801109,25.5));
#6418 = VERTEX_POINT('',#6419);
#6419 = CARTESIAN_POINT('',(51.908454608455,15.601108801109,25.5));
#6420 = LINE('',#6421,#6422);
#6421 = CARTESIAN_POINT('',(51.814206514207,15.601108801109,25.5));
#6422 = VECTOR('',#6423,1.);
#6423 = DIRECTION('',(1.,0.,0.));
#6424 = ORIENTED_EDGE('',*,*,#6425,.T.);
#6425 = EDGE_CURVE('',#6416,#4287,#6426,.T.);
#6426 = LINE('',#6427,#6428);
#6427 = CARTESIAN_POINT('',(51.814206514207,15.601108801109,25.5));
#6428 = VECTOR('',#6429,1.);
#6429 = DIRECTION('',(0.,0.,1.));
#6430 = ORIENTED_EDGE('',*,*,#4284,.F.);
#6431 = ORIENTED_EDGE('',*,*,#6432,.F.);
#6432 = EDGE_CURVE('',#6418,#4285,#6433,.T.);
#6433 = LINE('',#6434,#6435);
#6434 = CARTESIAN_POINT('',(51.908454608455,15.601108801109,25.5));
#6435 = VECTOR('',#6436,1.);
#6436 = DIRECTION('',(0.,0.,1.));
#6437 = PLANE('',#6438);
#6438 = AXIS2_PLACEMENT_3D('',#6439,#6440,#6441);
#6439 = CARTESIAN_POINT('',(51.814206514207,15.601108801109,25.5));
#6440 = DIRECTION('',(0.,1.,0.));
#6441 = DIRECTION('',(1.,0.,0.));
#6442 = ADVANCED_FACE('',(#6443),#6461,.T.);
#6443 = FACE_BOUND('',#6444,.T.);
#6444 = EDGE_LOOP('',(#6445,#6453,#6454,#6455));
#6445 = ORIENTED_EDGE('',*,*,#6446,.F.);
#6446 = EDGE_CURVE('',#6418,#6447,#6449,.T.);
#6447 = VERTEX_POINT('',#6448);
#6448 = CARTESIAN_POINT('',(51.908454608455,14.697435897436,25.5));
#6449 = LINE('',#6450,#6451);
#6450 = CARTESIAN_POINT('',(51.908454608455,15.601108801109,25.5));
#6451 = VECTOR('',#6452,1.);
#6452 = DIRECTION('',(0.,-1.,0.));
#6453 = ORIENTED_EDGE('',*,*,#6432,.T.);
#6454 = ORIENTED_EDGE('',*,*,#4579,.F.);
#6455 = ORIENTED_EDGE('',*,*,#6456,.F.);
#6456 = EDGE_CURVE('',#6447,#4572,#6457,.T.);
#6457 = LINE('',#6458,#6459);
#6458 = CARTESIAN_POINT('',(51.908454608455,14.697435897436,25.5));
#6459 = VECTOR('',#6460,1.);
#6460 = DIRECTION('',(0.,0.,1.));
#6461 = PLANE('',#6462);
#6462 = AXIS2_PLACEMENT_3D('',#6463,#6464,#6465);
#6463 = CARTESIAN_POINT('',(51.908454608455,15.601108801109,25.5));
#6464 = DIRECTION('',(1.,0.,0.));
#6465 = DIRECTION('',(0.,-1.,0.));
#6466 = ADVANCED_FACE('',(#6467),#6485,.T.);
#6467 = FACE_BOUND('',#6468,.T.);
#6468 = EDGE_LOOP('',(#6469,#6477,#6478,#6479));
#6469 = ORIENTED_EDGE('',*,*,#6470,.F.);
#6470 = EDGE_CURVE('',#6447,#6471,#6473,.T.);
#6471 = VERTEX_POINT('',#6472);
#6472 = CARTESIAN_POINT('',(52.806583506584,14.697435897436,25.5));
#6473 = LINE('',#6474,#6475);
#6474 = CARTESIAN_POINT('',(51.908454608455,14.697435897436,25.5));
#6475 = VECTOR('',#6476,1.);
#6476 = DIRECTION('',(1.,0.,0.));
#6477 = ORIENTED_EDGE('',*,*,#6456,.T.);
#6478 = ORIENTED_EDGE('',*,*,#4571,.F.);
#6479 = ORIENTED_EDGE('',*,*,#6480,.F.);
#6480 = EDGE_CURVE('',#6471,#4564,#6481,.T.);
#6481 = LINE('',#6482,#6483);
#6482 = CARTESIAN_POINT('',(52.806583506584,14.697435897436,25.5));
#6483 = VECTOR('',#6484,1.);
#6484 = DIRECTION('',(0.,0.,1.));
#6485 = PLANE('',#6486);
#6486 = AXIS2_PLACEMENT_3D('',#6487,#6488,#6489);
#6487 = CARTESIAN_POINT('',(51.908454608455,14.697435897436,25.5));
#6488 = DIRECTION('',(0.,1.,0.));
#6489 = DIRECTION('',(1.,0.,0.));
#6490 = ADVANCED_FACE('',(#6491),#6509,.T.);
#6491 = FACE_BOUND('',#6492,.T.);
#6492 = EDGE_LOOP('',(#6493,#6501,#6502,#6503));
#6493 = ORIENTED_EDGE('',*,*,#6494,.F.);
#6494 = EDGE_CURVE('',#6471,#6495,#6497,.T.);
#6495 = VERTEX_POINT('',#6496);
#6496 = CARTESIAN_POINT('',(52.806583506584,18.816632016632,25.5));
#6497 = LINE('',#6498,#6499);
#6498 = CARTESIAN_POINT('',(52.806583506584,14.697435897436,25.5));
#6499 = VECTOR('',#6500,1.);
#6500 = DIRECTION('',(0.,1.,0.));
#6501 = ORIENTED_EDGE('',*,*,#6480,.T.);
#6502 = ORIENTED_EDGE('',*,*,#4563,.F.);
#6503 = ORIENTED_EDGE('',*,*,#6504,.F.);
#6504 = EDGE_CURVE('',#6495,#4522,#6505,.T.);
#6505 = LINE('',#6506,#6507);
#6506 = CARTESIAN_POINT('',(52.806583506584,18.816632016632,25.5));
#6507 = VECTOR('',#6508,1.);
#6508 = DIRECTION('',(0.,0.,1.));
#6509 = PLANE('',#6510);
#6510 = AXIS2_PLACEMENT_3D('',#6511,#6512,#6513);
#6511 = CARTESIAN_POINT('',(52.806583506584,14.697435897436,25.5));
#6512 = DIRECTION('',(-1.,0.,0.));
#6513 = DIRECTION('',(0.,1.,0.));
#6514 = ADVANCED_FACE('',(#6515),#6534,.T.);
#6515 = FACE_BOUND('',#6516,.T.);
#6516 = EDGE_LOOP('',(#6517,#6526,#6527,#6528));
#6517 = ORIENTED_EDGE('',*,*,#6518,.F.);
#6518 = EDGE_CURVE('',#6495,#6519,#6521,.T.);
#6519 = VERTEX_POINT('',#6520);
#6520 = CARTESIAN_POINT('',(50.583437283437,20.790297990298,25.5));
#6521 = B_SPLINE_CURVE_WITH_KNOTS('',3,(#6522,#6523,#6524,#6525),
  .UNSPECIFIED.,.F.,.F.,(4,4),(0.,1.),.PIECEWISE_BEZIER_KNOTS.);
#6522 = CARTESIAN_POINT('',(52.806583506584,18.816632016632,25.5));
#6523 = CARTESIAN_POINT('',(52.806583506584,20.069577269577,25.5));
#6524 = CARTESIAN_POINT('',(51.997158697159,20.790297990298,25.5));
#6525 = CARTESIAN_POINT('',(50.583437283437,20.790297990298,25.5));
#6526 = ORIENTED_EDGE('',*,*,#6504,.T.);
#6527 = ORIENTED_EDGE('',*,*,#4521,.F.);
#6528 = ORIENTED_EDGE('',*,*,#6529,.F.);
#6529 = EDGE_CURVE('',#6519,#4490,#6530,.T.);
#6530 = LINE('',#6531,#6532);
#6531 = CARTESIAN_POINT('',(50.583437283437,20.790297990298,25.5));
#6532 = VECTOR('',#6533,1.);
#6533 = DIRECTION('',(0.,0.,1.));
#6534 = SURFACE_OF_LINEAR_EXTRUSION('',#6535,#6540);
#6535 = B_SPLINE_CURVE_WITH_KNOTS('',3,(#6536,#6537,#6538,#6539),
  .UNSPECIFIED.,.F.,.F.,(4,4),(0.,1.),.PIECEWISE_BEZIER_KNOTS.);
#6536 = CARTESIAN_POINT('',(52.806583506584,18.816632016632,25.5));
#6537 = CARTESIAN_POINT('',(52.806583506584,20.069577269577,25.5));
#6538 = CARTESIAN_POINT('',(51.997158697159,20.790297990298,25.5));
#6539 = CARTESIAN_POINT('',(50.583437283437,20.790297990298,25.5));
#6540 = VECTOR('',#6541,1.);
#6541 = DIRECTION('',(-0.,-0.,-1.));
#6542 = ADVANCED_FACE('',(#6543),#6562,.T.);
#6543 = FACE_BOUND('',#6544,.T.);
#6544 = EDGE_LOOP('',(#6545,#6554,#6555,#6556));
#6545 = ORIENTED_EDGE('',*,*,#6546,.F.);
#6546 = EDGE_CURVE('',#6519,#6547,#6549,.T.);
#6547 = VERTEX_POINT('',#6548);
#6548 = CARTESIAN_POINT('',(48.310395010395,19.165904365904,25.5));
#6549 = B_SPLINE_CURVE_WITH_KNOTS('',3,(#6550,#6551,#6552,#6553),
  .UNSPECIFIED.,.F.,.F.,(4,4),(0.,1.),.PIECEWISE_BEZIER_KNOTS.);
#6550 = CARTESIAN_POINT('',(50.583437283437,20.790297990298,25.5));
#6551 = CARTESIAN_POINT('',(49.352668052668,20.790297990298,25.5));
#6552 = CARTESIAN_POINT('',(48.421275121275,20.130561330561,25.5));
#6553 = CARTESIAN_POINT('',(48.310395010395,19.165904365904,25.5));
#6554 = ORIENTED_EDGE('',*,*,#6529,.T.);
#6555 = ORIENTED_EDGE('',*,*,#4489,.F.);
#6556 = ORIENTED_EDGE('',*,*,#6557,.F.);
#6557 = EDGE_CURVE('',#6547,#4482,#6558,.T.);
#6558 = LINE('',#6559,#6560);
#6559 = CARTESIAN_POINT('',(48.310395010395,19.165904365904,25.5));
#6560 = VECTOR('',#6561,1.);
#6561 = DIRECTION('',(0.,0.,1.));
#6562 = SURFACE_OF_LINEAR_EXTRUSION('',#6563,#6568);
#6563 = B_SPLINE_CURVE_WITH_KNOTS('',3,(#6564,#6565,#6566,#6567),
  .UNSPECIFIED.,.F.,.F.,(4,4),(0.,1.),.PIECEWISE_BEZIER_KNOTS.);
#6564 = CARTESIAN_POINT('',(50.583437283437,20.790297990298,25.5));
#6565 = CARTESIAN_POINT('',(49.352668052668,20.790297990298,25.5));
#6566 = CARTESIAN_POINT('',(48.421275121275,20.130561330561,25.5));
#6567 = CARTESIAN_POINT('',(48.310395010395,19.165904365904,25.5));
#6568 = VECTOR('',#6569,1.);
#6569 = DIRECTION('',(-0.,-0.,-1.));
#6570 = ADVANCED_FACE('',(#6571),#6589,.T.);
#6571 = FACE_BOUND('',#6572,.T.);
#6572 = EDGE_LOOP('',(#6573,#6581,#6582,#6583));
#6573 = ORIENTED_EDGE('',*,*,#6574,.F.);
#6574 = EDGE_CURVE('',#6547,#6575,#6577,.T.);
#6575 = VERTEX_POINT('',#6576);
#6576 = CARTESIAN_POINT('',(49.236243936244,19.165904365904,25.5));
#6577 = LINE('',#6578,#6579);
#6578 = CARTESIAN_POINT('',(48.310395010395,19.165904365904,25.5));
#6579 = VECTOR('',#6580,1.);
#6580 = DIRECTION('',(1.,0.,0.));
#6581 = ORIENTED_EDGE('',*,*,#6557,.T.);
#6582 = ORIENTED_EDGE('',*,*,#4481,.F.);
#6583 = ORIENTED_EDGE('',*,*,#6584,.F.);
#6584 = EDGE_CURVE('',#6575,#4450,#6585,.T.);
#6585 = LINE('',#6586,#6587);
#6586 = CARTESIAN_POINT('',(49.236243936244,19.165904365904,25.5));
#6587 = VECTOR('',#6588,1.);
#6588 = DIRECTION('',(0.,0.,1.));
#6589 = PLANE('',#6590);
#6590 = AXIS2_PLACEMENT_3D('',#6591,#6592,#6593);
#6591 = CARTESIAN_POINT('',(48.310395010395,19.165904365904,25.5));
#6592 = DIRECTION('',(0.,1.,0.));
#6593 = DIRECTION('',(1.,0.,0.));
#6594 = ADVANCED_FACE('',(#6595),#6614,.T.);
#6595 = FACE_BOUND('',#6596,.T.);
#6596 = EDGE_LOOP('',(#6597,#6606,#6607,#6608));
#6597 = ORIENTED_EDGE('',*,*,#6598,.F.);
#6598 = EDGE_CURVE('',#6575,#6599,#6601,.T.);
#6599 = VERTEX_POINT('',#6600);
#6600 = CARTESIAN_POINT('',(50.572349272349,19.975329175329,25.5));
#6601 = B_SPLINE_CURVE_WITH_KNOTS('',3,(#6602,#6603,#6604,#6605),
  .UNSPECIFIED.,.F.,.F.,(4,4),(0.,1.),.PIECEWISE_BEZIER_KNOTS.);
#6602 = CARTESIAN_POINT('',(49.236243936244,19.165904365904,25.5));
#6603 = CARTESIAN_POINT('',(49.391476091476,19.681496881497,25.5));
#6604 = CARTESIAN_POINT('',(49.879348579349,19.975329175329,25.5));
#6605 = CARTESIAN_POINT('',(50.572349272349,19.975329175329,25.5));
#6606 = ORIENTED_EDGE('',*,*,#6584,.T.);
#6607 = ORIENTED_EDGE('',*,*,#4449,.F.);
#6608 = ORIENTED_EDGE('',*,*,#6609,.F.);
#6609 = EDGE_CURVE('',#6599,#4408,#6610,.T.);
#6610 = LINE('',#6611,#6612);
#6611 = CARTESIAN_POINT('',(50.572349272349,19.975329175329,25.5));
#6612 = VECTOR('',#6613,1.);
#6613 = DIRECTION('',(0.,0.,1.));
#6614 = SURFACE_OF_LINEAR_EXTRUSION('',#6615,#6620);
#6615 = B_SPLINE_CURVE_WITH_KNOTS('',3,(#6616,#6617,#6618,#6619),
  .UNSPECIFIED.,.F.,.F.,(4,4),(0.,1.),.PIECEWISE_BEZIER_KNOTS.);
#6616 = CARTESIAN_POINT('',(49.236243936244,19.165904365904,25.5));
#6617 = CARTESIAN_POINT('',(49.391476091476,19.681496881497,25.5));
#6618 = CARTESIAN_POINT('',(49.879348579349,19.975329175329,25.5));
#6619 = CARTESIAN_POINT('',(50.572349272349,19.975329175329,25.5));
#6620 = VECTOR('',#6621,1.);
#6621 = DIRECTION('',(-0.,-0.,-1.));
#6622 = ADVANCED_FACE('',(#6623),#6642,.T.);
#6623 = FACE_BOUND('',#6624,.T.);
#6624 = EDGE_LOOP('',(#6625,#6634,#6635,#6636));
#6625 = ORIENTED_EDGE('',*,*,#6626,.F.);
#6626 = EDGE_CURVE('',#6599,#6627,#6629,.T.);
#6627 = VERTEX_POINT('',#6628);
#6628 = CARTESIAN_POINT('',(51.869646569647,18.805544005544,25.5));
#6629 = B_SPLINE_CURVE_WITH_KNOTS('',3,(#6630,#6631,#6632,#6633),
  .UNSPECIFIED.,.F.,.F.,(4,4),(0.,1.),.PIECEWISE_BEZIER_KNOTS.);
#6630 = CARTESIAN_POINT('',(50.572349272349,19.975329175329,25.5));
#6631 = CARTESIAN_POINT('',(51.409494109494,19.975329175329,25.5));
#6632 = CARTESIAN_POINT('',(51.869646569647,19.559528759529,25.5));
#6633 = CARTESIAN_POINT('',(51.869646569647,18.805544005544,25.5));
#6634 = ORIENTED_EDGE('',*,*,#6609,.T.);
#6635 = ORIENTED_EDGE('',*,*,#4407,.F.);
#6636 = ORIENTED_EDGE('',*,*,#6637,.F.);
#6637 = EDGE_CURVE('',#6627,#4400,#6638,.T.);
#6638 = LINE('',#6639,#6640);
#6639 = CARTESIAN_POINT('',(51.869646569647,18.805544005544,25.5));
#6640 = VECTOR('',#6641,1.);
#6641 = DIRECTION('',(0.,0.,1.));
#6642 = SURFACE_OF_LINEAR_EXTRUSION('',#6643,#6648);
#6643 = B_SPLINE_CURVE_WITH_KNOTS('',3,(#6644,#6645,#6646,#6647),
  .UNSPECIFIED.,.F.,.F.,(4,4),(0.,1.),.PIECEWISE_BEZIER_KNOTS.);
#6644 = CARTESIAN_POINT('',(50.572349272349,19.975329175329,25.5));
#6645 = CARTESIAN_POINT('',(51.409494109494,19.975329175329,25.5));
#6646 = CARTESIAN_POINT('',(51.869646569647,19.559528759529,25.5));
#6647 = CARTESIAN_POINT('',(51.869646569647,18.805544005544,25.5));
#6648 = VECTOR('',#6649,1.);
#6649 = DIRECTION('',(-0.,-0.,-1.));
#6650 = ADVANCED_FACE('',(#6651),#6669,.T.);
#6651 = FACE_BOUND('',#6652,.T.);
#6652 = EDGE_LOOP('',(#6653,#6661,#6662,#6663));
#6653 = ORIENTED_EDGE('',*,*,#6654,.F.);
#6654 = EDGE_CURVE('',#6627,#6655,#6657,.T.);
#6655 = VERTEX_POINT('',#6656);
#6656 = CARTESIAN_POINT('',(51.869646569647,18.262231462231,25.5));
#6657 = LINE('',#6658,#6659);
#6658 = CARTESIAN_POINT('',(51.869646569647,18.805544005544,25.5));
#6659 = VECTOR('',#6660,1.);
#6660 = DIRECTION('',(0.,-1.,0.));
#6661 = ORIENTED_EDGE('',*,*,#6637,.T.);
#6662 = ORIENTED_EDGE('',*,*,#4399,.F.);
#6663 = ORIENTED_EDGE('',*,*,#6664,.F.);
#6664 = EDGE_CURVE('',#6655,#4392,#6665,.T.);
#6665 = LINE('',#6666,#6667);
#6666 = CARTESIAN_POINT('',(51.869646569647,18.262231462231,25.5));
#6667 = VECTOR('',#6668,1.);
#6668 = DIRECTION('',(0.,0.,1.));
#6669 = PLANE('',#6670);
#6670 = AXIS2_PLACEMENT_3D('',#6671,#6672,#6673);
#6671 = CARTESIAN_POINT('',(51.869646569647,18.805544005544,25.5));
#6672 = DIRECTION('',(1.,0.,0.));
#6673 = DIRECTION('',(0.,-1.,0.));
#6674 = ADVANCED_FACE('',(#6675),#6693,.T.);
#6675 = FACE_BOUND('',#6676,.T.);
#6676 = EDGE_LOOP('',(#6677,#6685,#6686,#6687));
#6677 = ORIENTED_EDGE('',*,*,#6678,.F.);
#6678 = EDGE_CURVE('',#6655,#6679,#6681,.T.);
#6679 = VERTEX_POINT('',#6680);
#6680 = CARTESIAN_POINT('',(50.217532917533,18.179071379071,25.5));
#6681 = LINE('',#6682,#6683);
#6682 = CARTESIAN_POINT('',(51.869646569647,18.262231462231,25.5));
#6683 = VECTOR('',#6684,1.);
#6684 = DIRECTION('',(-0.998735567407,-5.027192453391E-02,0.));
#6685 = ORIENTED_EDGE('',*,*,#6664,.T.);
#6686 = ORIENTED_EDGE('',*,*,#4391,.F.);
#6687 = ORIENTED_EDGE('',*,*,#6688,.F.);
#6688 = EDGE_CURVE('',#6679,#4357,#6689,.T.);
#6689 = LINE('',#6690,#6691);
#6690 = CARTESIAN_POINT('',(50.217532917533,18.179071379071,25.5));
#6691 = VECTOR('',#6692,1.);
#6692 = DIRECTION('',(0.,0.,1.));
#6693 = PLANE('',#6694);
#6694 = AXIS2_PLACEMENT_3D('',#6695,#6696,#6697);
#6695 = CARTESIAN_POINT('',(51.869646569647,18.262231462231,25.5));
#6696 = DIRECTION('',(5.027192453391E-02,-0.998735567407,0.));
#6697 = DIRECTION('',(-0.998735567407,-5.027192453391E-02,0.));
#6698 = ADVANCED_FACE('',(#6699),#6718,.T.);
#6699 = FACE_BOUND('',#6700,.T.);
#6700 = EDGE_LOOP('',(#6701,#6710,#6711,#6712));
#6701 = ORIENTED_EDGE('',*,*,#6702,.F.);
#6702 = EDGE_CURVE('',#6679,#6703,#6705,.T.);
#6703 = VERTEX_POINT('',#6704);
#6704 = CARTESIAN_POINT('',(48.083090783091,16.410533610534,25.5));
#6705 = B_SPLINE_CURVE_WITH_KNOTS('',3,(#6706,#6707,#6708,#6709),
  .UNSPECIFIED.,.F.,.F.,(4,4),(0.,1.),.PIECEWISE_BEZIER_KNOTS.);
#6706 = CARTESIAN_POINT('',(50.217532917533,18.179071379071,25.5));
#6707 = CARTESIAN_POINT('',(48.848163548164,18.106999306999,25.5));
#6708 = CARTESIAN_POINT('',(48.083090783091,17.474982674983,25.5));
#6709 = CARTESIAN_POINT('',(48.083090783091,16.410533610534,25.5));
#6710 = ORIENTED_EDGE('',*,*,#6688,.T.);
#6711 = ORIENTED_EDGE('',*,*,#4356,.F.);
#6712 = ORIENTED_EDGE('',*,*,#6713,.F.);
#6713 = EDGE_CURVE('',#6703,#4322,#6714,.T.);
#6714 = LINE('',#6715,#6716);
#6715 = CARTESIAN_POINT('',(48.083090783091,16.410533610534,25.5));
#6716 = VECTOR('',#6717,1.);
#6717 = DIRECTION('',(0.,0.,1.));
#6718 = SURFACE_OF_LINEAR_EXTRUSION('',#6719,#6724);
#6719 = B_SPLINE_CURVE_WITH_KNOTS('',3,(#6720,#6721,#6722,#6723),
  .UNSPECIFIED.,.F.,.F.,(4,4),(0.,1.),.PIECEWISE_BEZIER_KNOTS.);
#6720 = CARTESIAN_POINT('',(50.217532917533,18.179071379071,25.5));
#6721 = CARTESIAN_POINT('',(48.848163548164,18.106999306999,25.5));
#6722 = CARTESIAN_POINT('',(48.083090783091,17.474982674983,25.5));
#6723 = CARTESIAN_POINT('',(48.083090783091,16.410533610534,25.5));
#6724 = VECTOR('',#6725,1.);
#6725 = DIRECTION('',(-0.,-0.,-1.));
#6726 = ADVANCED_FACE('',(#6727),#6746,.T.);
#6727 = FACE_BOUND('',#6728,.T.);
#6728 = EDGE_LOOP('',(#6729,#6738,#6739,#6740));
#6729 = ORIENTED_EDGE('',*,*,#6730,.F.);
#6730 = EDGE_CURVE('',#6703,#6731,#6733,.T.);
#6731 = VERTEX_POINT('',#6732);
#6732 = CARTESIAN_POINT('',(49.995772695773,14.597643797644,25.5));
#6733 = B_SPLINE_CURVE_WITH_KNOTS('',3,(#6734,#6735,#6736,#6737),
  .UNSPECIFIED.,.F.,.F.,(4,4),(0.,1.),.PIECEWISE_BEZIER_KNOTS.);
#6734 = CARTESIAN_POINT('',(48.083090783091,16.410533610534,25.5));
#6735 = CARTESIAN_POINT('',(48.083090783091,15.318364518365,25.5));
#6736 = CARTESIAN_POINT('',(48.848163548164,14.597643797644,25.5));
#6737 = CARTESIAN_POINT('',(49.995772695773,14.597643797644,25.5));
#6738 = ORIENTED_EDGE('',*,*,#6713,.T.);
#6739 = ORIENTED_EDGE('',*,*,#4321,.F.);
#6740 = ORIENTED_EDGE('',*,*,#6741,.F.);
#6741 = EDGE_CURVE('',#6731,#4295,#6742,.T.);
#6742 = LINE('',#6743,#6744);
#6743 = CARTESIAN_POINT('',(49.995772695773,14.597643797644,25.5));
#6744 = VECTOR('',#6745,1.);
#6745 = DIRECTION('',(0.,0.,1.));
#6746 = SURFACE_OF_LINEAR_EXTRUSION('',#6747,#6752);
#6747 = B_SPLINE_CURVE_WITH_KNOTS('',3,(#6748,#6749,#6750,#6751),
  .UNSPECIFIED.,.F.,.F.,(4,4),(0.,1.),.PIECEWISE_BEZIER_KNOTS.);
#6748 = CARTESIAN_POINT('',(48.083090783091,16.410533610534,25.5));
#6749 = CARTESIAN_POINT('',(48.083090783091,15.318364518365,25.5));
#6750 = CARTESIAN_POINT('',(48.848163548164,14.597643797644,25.5));
#6751 = CARTESIAN_POINT('',(49.995772695773,14.597643797644,25.5));
#6752 = VECTOR('',#6753,1.);
#6753 = DIRECTION('',(-0.,-0.,-1.));
#6754 = ADVANCED_FACE('',(#6755),#6767,.T.);
#6755 = FACE_BOUND('',#6756,.T.);
#6756 = EDGE_LOOP('',(#6757,#6764,#6765,#6766));
#6757 = ORIENTED_EDGE('',*,*,#6758,.F.);
#6758 = EDGE_CURVE('',#6731,#6416,#6759,.T.);
#6759 = B_SPLINE_CURVE_WITH_KNOTS('',3,(#6760,#6761,#6762,#6763),
  .UNSPECIFIED.,.F.,.F.,(4,4),(0.,1.),.PIECEWISE_BEZIER_KNOTS.);
#6760 = CARTESIAN_POINT('',(49.995772695773,14.597643797644,25.5));
#6761 = CARTESIAN_POINT('',(50.871725571726,14.597643797644,25.5));
#6762 = CARTESIAN_POINT('',(51.525918225918,14.958004158004,25.5));
#6763 = CARTESIAN_POINT('',(51.814206514207,15.601108801109,25.5));
#6764 = ORIENTED_EDGE('',*,*,#6741,.T.);
#6765 = ORIENTED_EDGE('',*,*,#4294,.F.);
#6766 = ORIENTED_EDGE('',*,*,#6425,.F.);
#6767 = SURFACE_OF_LINEAR_EXTRUSION('',#6768,#6773);
#6768 = B_SPLINE_CURVE_WITH_KNOTS('',3,(#6769,#6770,#6771,#6772),
  .UNSPECIFIED.,.F.,.F.,(4,4),(0.,1.),.PIECEWISE_BEZIER_KNOTS.);
#6769 = CARTESIAN_POINT('',(49.995772695773,14.597643797644,25.5));
#6770 = CARTESIAN_POINT('',(50.871725571726,14.597643797644,25.5));
#6771 = CARTESIAN_POINT('',(51.525918225918,14.958004158004,25.5));
#6772 = CARTESIAN_POINT('',(51.814206514207,15.601108801109,25.5));
#6773 = VECTOR('',#6774,1.);
#6774 = DIRECTION('',(-0.,-0.,-1.));
#6775 = ADVANCED_FACE('',(#6776),#6801,.T.);
#6776 = FACE_BOUND('',#6777,.T.);
#6777 = EDGE_LOOP('',(#6778,#6788,#6794,#6795));
#6778 = ORIENTED_EDGE('',*,*,#6779,.F.);
#6779 = EDGE_CURVE('',#6780,#6782,#6784,.T.);
#6780 = VERTEX_POINT('',#6781);
#6781 = CARTESIAN_POINT('',(57.381496881497,20.718225918226,25.5));
#6782 = VERTEX_POINT('',#6783);
#6783 = CARTESIAN_POINT('',(55.136174636175,20.718225918226,25.5));
#6784 = LINE('',#6785,#6786);
#6785 = CARTESIAN_POINT('',(57.381496881497,20.718225918226,25.5));
#6786 = VECTOR('',#6787,1.);
#6787 = DIRECTION('',(-1.,0.,0.));
#6788 = ORIENTED_EDGE('',*,*,#6789,.T.);
#6789 = EDGE_CURVE('',#6780,#4590,#6790,.T.);
#6790 = LINE('',#6791,#6792);
#6791 = CARTESIAN_POINT('',(57.381496881497,20.718225918226,25.5));
#6792 = VECTOR('',#6793,1.);
#6793 = DIRECTION('',(0.,0.,1.));
#6794 = ORIENTED_EDGE('',*,*,#4587,.F.);
#6795 = ORIENTED_EDGE('',*,*,#6796,.F.);
#6796 = EDGE_CURVE('',#6782,#4588,#6797,.T.);
#6797 = LINE('',#6798,#6799);
#6798 = CARTESIAN_POINT('',(55.136174636175,20.718225918226,25.5));
#6799 = VECTOR('',#6800,1.);
#6800 = DIRECTION('',(0.,0.,1.));
#6801 = PLANE('',#6802);
#6802 = AXIS2_PLACEMENT_3D('',#6803,#6804,#6805);
#6803 = CARTESIAN_POINT('',(57.381496881497,20.718225918226,25.5));
#6804 = DIRECTION('',(0.,-1.,0.));
#6805 = DIRECTION('',(-1.,0.,0.));
#6806 = ADVANCED_FACE('',(#6807),#6825,.T.);
#6807 = FACE_BOUND('',#6808,.T.);
#6808 = EDGE_LOOP('',(#6809,#6817,#6818,#6819));
#6809 = ORIENTED_EDGE('',*,*,#6810,.F.);
#6810 = EDGE_CURVE('',#6782,#6811,#6813,.T.);
#6811 = VERTEX_POINT('',#6812);
#6812 = CARTESIAN_POINT('',(55.136174636175,19.964241164241,25.5));
#6813 = LINE('',#6814,#6815);
#6814 = CARTESIAN_POINT('',(55.136174636175,20.718225918226,25.5));
#6815 = VECTOR('',#6816,1.);
#6816 = DIRECTION('',(0.,-1.,0.));
#6817 = ORIENTED_EDGE('',*,*,#6796,.T.);
#6818 = ORIENTED_EDGE('',*,*,#4804,.F.);
#6819 = ORIENTED_EDGE('',*,*,#6820,.F.);
#6820 = EDGE_CURVE('',#6811,#4797,#6821,.T.);
#6821 = LINE('',#6822,#6823);
#6822 = CARTESIAN_POINT('',(55.136174636175,19.964241164241,25.5));
#6823 = VECTOR('',#6824,1.);
#6824 = DIRECTION('',(0.,0.,1.));
#6825 = PLANE('',#6826);
#6826 = AXIS2_PLACEMENT_3D('',#6827,#6828,#6829);
#6827 = CARTESIAN_POINT('',(55.136174636175,20.718225918226,25.5));
#6828 = DIRECTION('',(1.,0.,0.));
#6829 = DIRECTION('',(0.,-1.,0.));
#6830 = ADVANCED_FACE('',(#6831),#6849,.T.);
#6831 = FACE_BOUND('',#6832,.T.);
#6832 = EDGE_LOOP('',(#6833,#6841,#6842,#6843));
#6833 = ORIENTED_EDGE('',*,*,#6834,.F.);
#6834 = EDGE_CURVE('',#6811,#6835,#6837,.T.);
#6835 = VERTEX_POINT('',#6836);
#6836 = CARTESIAN_POINT('',(56.47227997228,19.964241164241,25.5));
#6837 = LINE('',#6838,#6839);
#6838 = CARTESIAN_POINT('',(55.136174636175,19.964241164241,25.5));
#6839 = VECTOR('',#6840,1.);
#6840 = DIRECTION('',(1.,0.,0.));
#6841 = ORIENTED_EDGE('',*,*,#6820,.T.);
#6842 = ORIENTED_EDGE('',*,*,#4796,.F.);
#6843 = ORIENTED_EDGE('',*,*,#6844,.F.);
#6844 = EDGE_CURVE('',#6835,#4789,#6845,.T.);
#6845 = LINE('',#6846,#6847);
#6846 = CARTESIAN_POINT('',(56.47227997228,19.964241164241,25.5));
#6847 = VECTOR('',#6848,1.);
#6848 = DIRECTION('',(0.,0.,1.));
#6849 = PLANE('',#6850);
#6850 = AXIS2_PLACEMENT_3D('',#6851,#6852,#6853);
#6851 = CARTESIAN_POINT('',(55.136174636175,19.964241164241,25.5));
#6852 = DIRECTION('',(0.,1.,0.));
#6853 = DIRECTION('',(1.,0.,0.));
#6854 = ADVANCED_FACE('',(#6855),#6873,.T.);
#6855 = FACE_BOUND('',#6856,.T.);
#6856 = EDGE_LOOP('',(#6857,#6865,#6866,#6867));
#6857 = ORIENTED_EDGE('',*,*,#6858,.F.);
#6858 = EDGE_CURVE('',#6835,#6859,#6861,.T.);
#6859 = VERTEX_POINT('',#6860);
#6860 = CARTESIAN_POINT('',(56.47227997228,15.456964656965,25.5));
#6861 = LINE('',#6862,#6863);
#6862 = CARTESIAN_POINT('',(56.47227997228,19.964241164241,25.5));
#6863 = VECTOR('',#6864,1.);
#6864 = DIRECTION('',(0.,-1.,0.));
#6865 = ORIENTED_EDGE('',*,*,#6844,.T.);
#6866 = ORIENTED_EDGE('',*,*,#4788,.F.);
#6867 = ORIENTED_EDGE('',*,*,#6868,.F.);
#6868 = EDGE_CURVE('',#6859,#4781,#6869,.T.);
#6869 = LINE('',#6870,#6871);
#6870 = CARTESIAN_POINT('',(56.47227997228,15.456964656965,25.5));
#6871 = VECTOR('',#6872,1.);
#6872 = DIRECTION('',(0.,0.,1.));
#6873 = PLANE('',#6874);
#6874 = AXIS2_PLACEMENT_3D('',#6875,#6876,#6877);
#6875 = CARTESIAN_POINT('',(56.47227997228,19.964241164241,25.5));
#6876 = DIRECTION('',(1.,0.,0.));
#6877 = DIRECTION('',(0.,-1.,0.));
#6878 = ADVANCED_FACE('',(#6879),#6897,.T.);
#6879 = FACE_BOUND('',#6880,.T.);
#6880 = EDGE_LOOP('',(#6881,#6889,#6890,#6891));
#6881 = ORIENTED_EDGE('',*,*,#6882,.F.);
#6882 = EDGE_CURVE('',#6859,#6883,#6885,.T.);
#6883 = VERTEX_POINT('',#6884);
#6884 = CARTESIAN_POINT('',(55.258142758143,15.456964656965,25.5));
#6885 = LINE('',#6886,#6887);
#6886 = CARTESIAN_POINT('',(56.47227997228,15.456964656965,25.5));
#6887 = VECTOR('',#6888,1.);
#6888 = DIRECTION('',(-1.,0.,0.));
#6889 = ORIENTED_EDGE('',*,*,#6868,.T.);
#6890 = ORIENTED_EDGE('',*,*,#4780,.F.);
#6891 = ORIENTED_EDGE('',*,*,#6892,.F.);
#6892 = EDGE_CURVE('',#6883,#4773,#6893,.T.);
#6893 = LINE('',#6894,#6895);
#6894 = CARTESIAN_POINT('',(55.258142758143,15.456964656965,25.5));
#6895 = VECTOR('',#6896,1.);
#6896 = DIRECTION('',(0.,0.,1.));
#6897 = PLANE('',#6898);
#6898 = AXIS2_PLACEMENT_3D('',#6899,#6900,#6901);
#6899 = CARTESIAN_POINT('',(56.47227997228,15.456964656965,25.5));
#6900 = DIRECTION('',(0.,-1.,0.));
#6901 = DIRECTION('',(-1.,0.,0.));
#6902 = ADVANCED_FACE('',(#6903),#6921,.T.);
#6903 = FACE_BOUND('',#6904,.T.);
#6904 = EDGE_LOOP('',(#6905,#6913,#6914,#6915));
#6905 = ORIENTED_EDGE('',*,*,#6906,.F.);
#6906 = EDGE_CURVE('',#6883,#6907,#6909,.T.);
#6907 = VERTEX_POINT('',#6908);
#6908 = CARTESIAN_POINT('',(55.258142758143,14.70297990298,25.5));
#6909 = LINE('',#6910,#6911);
#6910 = CARTESIAN_POINT('',(55.258142758143,15.456964656965,25.5));
#6911 = VECTOR('',#6912,1.);
#6912 = DIRECTION('',(0.,-1.,0.));
#6913 = ORIENTED_EDGE('',*,*,#6892,.T.);
#6914 = ORIENTED_EDGE('',*,*,#4772,.F.);
#6915 = ORIENTED_EDGE('',*,*,#6916,.F.);
#6916 = EDGE_CURVE('',#6907,#4765,#6917,.T.);
#6917 = LINE('',#6918,#6919);
#6918 = CARTESIAN_POINT('',(55.258142758143,14.70297990298,25.5));
#6919 = VECTOR('',#6920,1.);
#6920 = DIRECTION('',(0.,0.,1.));
#6921 = PLANE('',#6922);
#6922 = AXIS2_PLACEMENT_3D('',#6923,#6924,#6925);
#6923 = CARTESIAN_POINT('',(55.258142758143,15.456964656965,25.5));
#6924 = DIRECTION('',(1.,0.,0.));
#6925 = DIRECTION('',(0.,-1.,0.));
#6926 = ADVANCED_FACE('',(#6927),#6945,.T.);
#6927 = FACE_BOUND('',#6928,.T.);
#6928 = EDGE_LOOP('',(#6929,#6937,#6938,#6939));
#6929 = ORIENTED_EDGE('',*,*,#6930,.F.);
#6930 = EDGE_CURVE('',#6907,#6931,#6933,.T.);
#6931 = VERTEX_POINT('',#6932);
#6932 = CARTESIAN_POINT('',(59.255370755371,14.70297990298,25.5));
#6933 = LINE('',#6934,#6935);
#6934 = CARTESIAN_POINT('',(55.258142758143,14.70297990298,25.5));
#6935 = VECTOR('',#6936,1.);
#6936 = DIRECTION('',(1.,0.,0.));
#6937 = ORIENTED_EDGE('',*,*,#6916,.T.);
#6938 = ORIENTED_EDGE('',*,*,#4764,.F.);
#6939 = ORIENTED_EDGE('',*,*,#6940,.F.);
#6940 = EDGE_CURVE('',#6931,#4757,#6941,.T.);
#6941 = LINE('',#6942,#6943);
#6942 = CARTESIAN_POINT('',(59.255370755371,14.70297990298,25.5));
#6943 = VECTOR('',#6944,1.);
#6944 = DIRECTION('',(0.,0.,1.));
#6945 = PLANE('',#6946);
#6946 = AXIS2_PLACEMENT_3D('',#6947,#6948,#6949);
#6947 = CARTESIAN_POINT('',(55.258142758143,14.70297990298,25.5));
#6948 = DIRECTION('',(0.,1.,0.));
#6949 = DIRECTION('',(1.,0.,0.));
#6950 = ADVANCED_FACE('',(#6951),#6969,.T.);
#6951 = FACE_BOUND('',#6952,.T.);
#6952 = EDGE_LOOP('',(#6953,#6961,#6962,#6963));
#6953 = ORIENTED_EDGE('',*,*,#6954,.F.);
#6954 = EDGE_CURVE('',#6931,#6955,#6957,.T.);
#6955 = VERTEX_POINT('',#6956);
#6956 = CARTESIAN_POINT('',(59.255370755371,15.456964656965,25.5));
#6957 = LINE('',#6958,#6959);
#6958 = CARTESIAN_POINT('',(59.255370755371,14.70297990298,25.5));
#6959 = VECTOR('',#6960,1.);
#6960 = DIRECTION('',(0.,1.,0.));
#6961 = ORIENTED_EDGE('',*,*,#6940,.T.);
#6962 = ORIENTED_EDGE('',*,*,#4756,.F.);
#6963 = ORIENTED_EDGE('',*,*,#6964,.F.);
#6964 = EDGE_CURVE('',#6955,#4749,#6965,.T.);
#6965 = LINE('',#6966,#6967);
#6966 = CARTESIAN_POINT('',(59.255370755371,15.456964656965,25.5));
#6967 = VECTOR('',#6968,1.);
#6968 = DIRECTION('',(0.,0.,1.));
#6969 = PLANE('',#6970);
#6970 = AXIS2_PLACEMENT_3D('',#6971,#6972,#6973);
#6971 = CARTESIAN_POINT('',(59.255370755371,14.70297990298,25.5));
#6972 = DIRECTION('',(-1.,0.,0.));
#6973 = DIRECTION('',(0.,1.,0.));
#6974 = ADVANCED_FACE('',(#6975),#6993,.T.);
#6975 = FACE_BOUND('',#6976,.T.);
#6976 = EDGE_LOOP('',(#6977,#6985,#6986,#6987));
#6977 = ORIENTED_EDGE('',*,*,#6978,.F.);
#6978 = EDGE_CURVE('',#6955,#6979,#6981,.T.);
#6979 = VERTEX_POINT('',#6980);
#6980 = CARTESIAN_POINT('',(57.392584892585,15.456964656965,25.5));
#6981 = LINE('',#6982,#6983);
#6982 = CARTESIAN_POINT('',(59.255370755371,15.456964656965,25.5));
#6983 = VECTOR('',#6984,1.);
#6984 = DIRECTION('',(-1.,0.,0.));
#6985 = ORIENTED_EDGE('',*,*,#6964,.T.);
#6986 = ORIENTED_EDGE('',*,*,#4748,.F.);
#6987 = ORIENTED_EDGE('',*,*,#6988,.F.);
#6988 = EDGE_CURVE('',#6979,#4741,#6989,.T.);
#6989 = LINE('',#6990,#6991);
#6990 = CARTESIAN_POINT('',(57.392584892585,15.456964656965,25.5));
#6991 = VECTOR('',#6992,1.);
#6992 = DIRECTION('',(0.,0.,1.));
#6993 = PLANE('',#6994);
#6994 = AXIS2_PLACEMENT_3D('',#6995,#6996,#6997);
#6995 = CARTESIAN_POINT('',(59.255370755371,15.456964656965,25.5));
#6996 = DIRECTION('',(0.,-1.,0.));
#6997 = DIRECTION('',(-1.,0.,0.));
#6998 = ADVANCED_FACE('',(#6999),#7017,.T.);
#6999 = FACE_BOUND('',#7000,.T.);
#7000 = EDGE_LOOP('',(#7001,#7009,#7010,#7011));
#7001 = ORIENTED_EDGE('',*,*,#7002,.F.);
#7002 = EDGE_CURVE('',#6979,#7003,#7005,.T.);
#7003 = VERTEX_POINT('',#7004);
#7004 = CARTESIAN_POINT('',(57.392584892585,17.397366597367,25.5));
#7005 = LINE('',#7006,#7007);
#7006 = CARTESIAN_POINT('',(57.392584892585,15.456964656965,25.5));
#7007 = VECTOR('',#7008,1.);
#7008 = DIRECTION('',(0.,1.,0.));
#7009 = ORIENTED_EDGE('',*,*,#6988,.T.);
#7010 = ORIENTED_EDGE('',*,*,#4740,.F.);
#7011 = ORIENTED_EDGE('',*,*,#7012,.F.);
#7012 = EDGE_CURVE('',#7003,#4699,#7013,.T.);
#7013 = LINE('',#7014,#7015);
#7014 = CARTESIAN_POINT('',(57.392584892585,17.397366597367,25.5));
#7015 = VECTOR('',#7016,1.);
#7016 = DIRECTION('',(0.,0.,1.));
#7017 = PLANE('',#7018);
#7018 = AXIS2_PLACEMENT_3D('',#7019,#7020,#7021);
#7019 = CARTESIAN_POINT('',(57.392584892585,15.456964656965,25.5));
#7020 = DIRECTION('',(-1.,0.,0.));
#7021 = DIRECTION('',(0.,1.,0.));
#7022 = ADVANCED_FACE('',(#7023),#7042,.T.);
#7023 = FACE_BOUND('',#7024,.T.);
#7024 = EDGE_LOOP('',(#7025,#7034,#7035,#7036));
#7025 = ORIENTED_EDGE('',*,*,#7026,.F.);
#7026 = EDGE_CURVE('',#7003,#7027,#7029,.T.);
#7027 = VERTEX_POINT('',#7028);
#7028 = CARTESIAN_POINT('',(59.510395010395,19.847817047817,25.5));
#7029 = B_SPLINE_CURVE_WITH_KNOTS('',3,(#7030,#7031,#7032,#7033),
  .UNSPECIFIED.,.F.,.F.,(4,4),(0.,1.),.PIECEWISE_BEZIER_KNOTS.);
#7030 = CARTESIAN_POINT('',(57.392584892585,17.397366597367,25.5));
#7031 = CARTESIAN_POINT('',(57.392584892585,18.927512127512,25.5));
#7032 = CARTESIAN_POINT('',(58.179833679834,19.847817047817,25.5));
#7033 = CARTESIAN_POINT('',(59.510395010395,19.847817047817,25.5));
#7034 = ORIENTED_EDGE('',*,*,#7012,.T.);
#7035 = ORIENTED_EDGE('',*,*,#4698,.F.);
#7036 = ORIENTED_EDGE('',*,*,#7037,.F.);
#7037 = EDGE_CURVE('',#7027,#4680,#7038,.T.);
#7038 = LINE('',#7039,#7040);
#7039 = CARTESIAN_POINT('',(59.510395010395,19.847817047817,25.5));
#7040 = VECTOR('',#7041,1.);
#7041 = DIRECTION('',(0.,0.,1.));
#7042 = SURFACE_OF_LINEAR_EXTRUSION('',#7043,#7048);
#7043 = B_SPLINE_CURVE_WITH_KNOTS('',3,(#7044,#7045,#7046,#7047),
  .UNSPECIFIED.,.F.,.F.,(4,4),(0.,1.),.PIECEWISE_BEZIER_KNOTS.);
#7044 = CARTESIAN_POINT('',(57.392584892585,17.397366597367,25.5));
#7045 = CARTESIAN_POINT('',(57.392584892585,18.927512127512,25.5));
#7046 = CARTESIAN_POINT('',(58.179833679834,19.847817047817,25.5));
#7047 = CARTESIAN_POINT('',(59.510395010395,19.847817047817,25.5));
#7048 = VECTOR('',#7049,1.);
#7049 = DIRECTION('',(-0.,-0.,-1.));
#7050 = ADVANCED_FACE('',(#7051),#7070,.T.);
#7051 = FACE_BOUND('',#7052,.T.);
#7052 = EDGE_LOOP('',(#7053,#7062,#7063,#7064));
#7053 = ORIENTED_EDGE('',*,*,#7054,.F.);
#7054 = EDGE_CURVE('',#7027,#7055,#7057,.T.);
#7055 = VERTEX_POINT('',#7056);
#7056 = CARTESIAN_POINT('',(60.502772002772,19.681496881497,25.5));
#7057 = B_SPLINE_CURVE_WITH_KNOTS('',3,(#7058,#7059,#7060,#7061),
  .UNSPECIFIED.,.F.,.F.,(4,4),(0.,1.),.PIECEWISE_BEZIER_KNOTS.);
#7058 = CARTESIAN_POINT('',(59.510395010395,19.847817047817,25.5));
#7059 = CARTESIAN_POINT('',(59.837491337491,19.847817047817,25.5));
#7060 = CARTESIAN_POINT('',(60.225571725572,19.781288981289,25.5));
#7061 = CARTESIAN_POINT('',(60.502772002772,19.681496881497,25.5));
#7062 = ORIENTED_EDGE('',*,*,#7037,.T.);
#7063 = ORIENTED_EDGE('',*,*,#4679,.F.);
#7064 = ORIENTED_EDGE('',*,*,#7065,.F.);
#7065 = EDGE_CURVE('',#7055,#4672,#7066,.T.);
#7066 = LINE('',#7067,#7068);
#7067 = CARTESIAN_POINT('',(60.502772002772,19.681496881497,25.5));
#7068 = VECTOR('',#7069,1.);
#7069 = DIRECTION('',(0.,0.,1.));
#7070 = SURFACE_OF_LINEAR_EXTRUSION('',#7071,#7076);
#7071 = B_SPLINE_CURVE_WITH_KNOTS('',3,(#7072,#7073,#7074,#7075),
  .UNSPECIFIED.,.F.,.F.,(4,4),(0.,1.),.PIECEWISE_BEZIER_KNOTS.);
#7072 = CARTESIAN_POINT('',(59.510395010395,19.847817047817,25.5));
#7073 = CARTESIAN_POINT('',(59.837491337491,19.847817047817,25.5));
#7074 = CARTESIAN_POINT('',(60.225571725572,19.781288981289,25.5));
#7075 = CARTESIAN_POINT('',(60.502772002772,19.681496881497,25.5));
#7076 = VECTOR('',#7077,1.);
#7077 = DIRECTION('',(-0.,-0.,-1.));
#7078 = ADVANCED_FACE('',(#7079),#7097,.T.);
#7079 = FACE_BOUND('',#7080,.T.);
#7080 = EDGE_LOOP('',(#7081,#7089,#7090,#7091));
#7081 = ORIENTED_EDGE('',*,*,#7082,.F.);
#7082 = EDGE_CURVE('',#7055,#7083,#7085,.T.);
#7083 = VERTEX_POINT('',#7084);
#7084 = CARTESIAN_POINT('',(60.502772002772,20.740401940402,25.5));
#7085 = LINE('',#7086,#7087);
#7086 = CARTESIAN_POINT('',(60.502772002772,19.681496881497,25.5));
#7087 = VECTOR('',#7088,1.);
#7088 = DIRECTION('',(0.,1.,0.));
#7089 = ORIENTED_EDGE('',*,*,#7065,.T.);
#7090 = ORIENTED_EDGE('',*,*,#4671,.F.);
#7091 = ORIENTED_EDGE('',*,*,#7092,.F.);
#7092 = EDGE_CURVE('',#7083,#4651,#7093,.T.);
#7093 = LINE('',#7094,#7095);
#7094 = CARTESIAN_POINT('',(60.502772002772,20.740401940402,25.5));
#7095 = VECTOR('',#7096,1.);
#7096 = DIRECTION('',(0.,0.,1.));
#7097 = PLANE('',#7098);
#7098 = AXIS2_PLACEMENT_3D('',#7099,#7100,#7101);
#7099 = CARTESIAN_POINT('',(60.502772002772,19.681496881497,25.5));
#7100 = DIRECTION('',(-1.,0.,0.));
#7101 = DIRECTION('',(0.,1.,0.));
#7102 = ADVANCED_FACE('',(#7103),#7122,.T.);
#7103 = FACE_BOUND('',#7104,.T.);
#7104 = EDGE_LOOP('',(#7105,#7114,#7115,#7116));
#7105 = ORIENTED_EDGE('',*,*,#7106,.F.);
#7106 = EDGE_CURVE('',#7083,#7107,#7109,.T.);
#7107 = VERTEX_POINT('',#7108);
#7108 = CARTESIAN_POINT('',(59.632363132363,20.873458073458,25.5));
#7109 = B_SPLINE_CURVE_WITH_KNOTS('',3,(#7110,#7111,#7112,#7113),
  .UNSPECIFIED.,.F.,.F.,(4,4),(0.,1.),.PIECEWISE_BEZIER_KNOTS.);
#7110 = CARTESIAN_POINT('',(60.502772002772,20.740401940402,25.5));
#7111 = CARTESIAN_POINT('',(60.303187803188,20.823562023562,25.5));
#7112 = CARTESIAN_POINT('',(59.976091476091,20.873458073458,25.5));
#7113 = CARTESIAN_POINT('',(59.632363132363,20.873458073458,25.5));
#7114 = ORIENTED_EDGE('',*,*,#7092,.T.);
#7115 = ORIENTED_EDGE('',*,*,#4650,.F.);
#7116 = ORIENTED_EDGE('',*,*,#7117,.F.);
#7117 = EDGE_CURVE('',#7107,#4614,#7118,.T.);
#7118 = LINE('',#7119,#7120);
#7119 = CARTESIAN_POINT('',(59.632363132363,20.873458073458,25.5));
#7120 = VECTOR('',#7121,1.);
#7121 = DIRECTION('',(0.,0.,1.));
#7122 = SURFACE_OF_LINEAR_EXTRUSION('',#7123,#7128);
#7123 = B_SPLINE_CURVE_WITH_KNOTS('',3,(#7124,#7125,#7126,#7127),
  .UNSPECIFIED.,.F.,.F.,(4,4),(0.,1.),.PIECEWISE_BEZIER_KNOTS.);
#7124 = CARTESIAN_POINT('',(60.502772002772,20.740401940402,25.5));
#7125 = CARTESIAN_POINT('',(60.303187803188,20.823562023562,25.5));
#7126 = CARTESIAN_POINT('',(59.976091476091,20.873458073458,25.5));
#7127 = CARTESIAN_POINT('',(59.632363132363,20.873458073458,25.5));
#7128 = VECTOR('',#7129,1.);
#7129 = DIRECTION('',(-0.,-0.,-1.));
#7130 = ADVANCED_FACE('',(#7131),#7150,.T.);
#7131 = FACE_BOUND('',#7132,.T.);
#7132 = EDGE_LOOP('',(#7133,#7142,#7143,#7144));
#7133 = ORIENTED_EDGE('',*,*,#7134,.F.);
#7134 = EDGE_CURVE('',#7107,#7135,#7137,.T.);
#7135 = VERTEX_POINT('',#7136);
#7136 = CARTESIAN_POINT('',(57.503465003465,19.182536382536,25.5));
#7137 = B_SPLINE_CURVE_WITH_KNOTS('',3,(#7138,#7139,#7140,#7141),
  .UNSPECIFIED.,.F.,.F.,(4,4),(0.,1.),.PIECEWISE_BEZIER_KNOTS.);
#7138 = CARTESIAN_POINT('',(59.632363132363,20.873458073458,25.5));
#7139 = CARTESIAN_POINT('',(58.473665973666,20.873458073458,25.5));
#7140 = CARTESIAN_POINT('',(57.725225225225,20.296881496881,25.5));
#7141 = CARTESIAN_POINT('',(57.503465003465,19.182536382536,25.5));
#7142 = ORIENTED_EDGE('',*,*,#7117,.T.);
#7143 = ORIENTED_EDGE('',*,*,#4613,.F.);
#7144 = ORIENTED_EDGE('',*,*,#7145,.F.);
#7145 = EDGE_CURVE('',#7135,#4606,#7146,.T.);
#7146 = LINE('',#7147,#7148);
#7147 = CARTESIAN_POINT('',(57.503465003465,19.182536382536,25.5));
#7148 = VECTOR('',#7149,1.);
#7149 = DIRECTION('',(0.,0.,1.));
#7150 = SURFACE_OF_LINEAR_EXTRUSION('',#7151,#7156);
#7151 = B_SPLINE_CURVE_WITH_KNOTS('',3,(#7152,#7153,#7154,#7155),
  .UNSPECIFIED.,.F.,.F.,(4,4),(0.,1.),.PIECEWISE_BEZIER_KNOTS.);
#7152 = CARTESIAN_POINT('',(59.632363132363,20.873458073458,25.5));
#7153 = CARTESIAN_POINT('',(58.473665973666,20.873458073458,25.5));
#7154 = CARTESIAN_POINT('',(57.725225225225,20.296881496881,25.5));
#7155 = CARTESIAN_POINT('',(57.503465003465,19.182536382536,25.5));
#7156 = VECTOR('',#7157,1.);
#7157 = DIRECTION('',(-0.,-0.,-1.));
#7158 = ADVANCED_FACE('',(#7159),#7177,.T.);
#7159 = FACE_BOUND('',#7160,.T.);
#7160 = EDGE_LOOP('',(#7161,#7169,#7170,#7171));
#7161 = ORIENTED_EDGE('',*,*,#7162,.F.);
#7162 = EDGE_CURVE('',#7135,#7163,#7165,.T.);
#7163 = VERTEX_POINT('',#7164);
#7164 = CARTESIAN_POINT('',(57.381496881497,19.182536382536,25.5));
#7165 = LINE('',#7166,#7167);
#7166 = CARTESIAN_POINT('',(57.503465003465,19.182536382536,25.5));
#7167 = VECTOR('',#7168,1.);
#7168 = DIRECTION('',(-1.,0.,0.));
#7169 = ORIENTED_EDGE('',*,*,#7145,.T.);
#7170 = ORIENTED_EDGE('',*,*,#4605,.F.);
#7171 = ORIENTED_EDGE('',*,*,#7172,.F.);
#7172 = EDGE_CURVE('',#7163,#4598,#7173,.T.);
#7173 = LINE('',#7174,#7175);
#7174 = CARTESIAN_POINT('',(57.381496881497,19.182536382536,25.5));
#7175 = VECTOR('',#7176,1.);
#7176 = DIRECTION('',(0.,0.,1.));
#7177 = PLANE('',#7178);
#7178 = AXIS2_PLACEMENT_3D('',#7179,#7180,#7181);
#7179 = CARTESIAN_POINT('',(57.503465003465,19.182536382536,25.5));
#7180 = DIRECTION('',(0.,-1.,0.));
#7181 = DIRECTION('',(-1.,0.,0.));
#7182 = ADVANCED_FACE('',(#7183),#7194,.T.);
#7183 = FACE_BOUND('',#7184,.T.);
#7184 = EDGE_LOOP('',(#7185,#7191,#7192,#7193));
#7185 = ORIENTED_EDGE('',*,*,#7186,.F.);
#7186 = EDGE_CURVE('',#7163,#6780,#7187,.T.);
#7187 = LINE('',#7188,#7189);
#7188 = CARTESIAN_POINT('',(57.381496881497,19.182536382536,25.5));
#7189 = VECTOR('',#7190,1.);
#7190 = DIRECTION('',(0.,1.,0.));
#7191 = ORIENTED_EDGE('',*,*,#7172,.T.);
#7192 = ORIENTED_EDGE('',*,*,#4597,.F.);
#7193 = ORIENTED_EDGE('',*,*,#6789,.F.);
#7194 = PLANE('',#7195);
#7195 = AXIS2_PLACEMENT_3D('',#7196,#7197,#7198);
#7196 = CARTESIAN_POINT('',(57.381496881497,19.182536382536,25.5));
#7197 = DIRECTION('',(-1.,0.,0.));
#7198 = DIRECTION('',(0.,1.,0.));
#7199 = ADVANCED_FACE('',(#7200),#7225,.T.);
#7200 = FACE_BOUND('',#7201,.T.);
#7201 = EDGE_LOOP('',(#7202,#7212,#7218,#7219));
#7202 = ORIENTED_EDGE('',*,*,#7203,.F.);
#7203 = EDGE_CURVE('',#7204,#7206,#7208,.T.);
#7204 = VERTEX_POINT('',#7205);
#7205 = CARTESIAN_POINT('',(11.081288981289,15.484684684685,25.5));
#7206 = VERTEX_POINT('',#7207);
#7207 = CARTESIAN_POINT('',(9.096534996535,15.484684684685,25.5));
#7208 = LINE('',#7209,#7210);
#7209 = CARTESIAN_POINT('',(11.081288981289,15.484684684685,25.5));
#7210 = VECTOR('',#7211,1.);
#7211 = DIRECTION('',(-1.,0.,0.));
#7212 = ORIENTED_EDGE('',*,*,#7213,.T.);
#7213 = EDGE_CURVE('',#7204,#4815,#7214,.T.);
#7214 = LINE('',#7215,#7216);
#7215 = CARTESIAN_POINT('',(11.081288981289,15.484684684685,25.5));
#7216 = VECTOR('',#7217,1.);
#7217 = DIRECTION('',(0.,0.,1.));
#7218 = ORIENTED_EDGE('',*,*,#4812,.F.);
#7219 = ORIENTED_EDGE('',*,*,#7220,.F.);
#7220 = EDGE_CURVE('',#7206,#4813,#7221,.T.);
#7221 = LINE('',#7222,#7223);
#7222 = CARTESIAN_POINT('',(9.096534996535,15.484684684685,25.5));
#7223 = VECTOR('',#7224,1.);
#7224 = DIRECTION('',(0.,0.,1.));
#7225 = PLANE('',#7226);
#7226 = AXIS2_PLACEMENT_3D('',#7227,#7228,#7229);
#7227 = CARTESIAN_POINT('',(11.081288981289,15.484684684685,25.5));
#7228 = DIRECTION('',(0.,-1.,0.));
#7229 = DIRECTION('',(-1.,0.,0.));
#7230 = ADVANCED_FACE('',(#7231),#7249,.T.);
#7231 = FACE_BOUND('',#7232,.T.);
#7232 = EDGE_LOOP('',(#7233,#7241,#7242,#7243));
#7233 = ORIENTED_EDGE('',*,*,#7234,.F.);
#7234 = EDGE_CURVE('',#7206,#7235,#7237,.T.);
#7235 = VERTEX_POINT('',#7236);
#7236 = CARTESIAN_POINT('',(9.096534996535,23.079972279972,25.5));
#7237 = LINE('',#7238,#7239);
#7238 = CARTESIAN_POINT('',(9.096534996535,15.484684684685,25.5));
#7239 = VECTOR('',#7240,1.);
#7240 = DIRECTION('',(0.,1.,0.));
#7241 = ORIENTED_EDGE('',*,*,#7220,.T.);
#7242 = ORIENTED_EDGE('',*,*,#4886,.F.);
#7243 = ORIENTED_EDGE('',*,*,#7244,.F.);
#7244 = EDGE_CURVE('',#7235,#4879,#7245,.T.);
#7245 = LINE('',#7246,#7247);
#7246 = CARTESIAN_POINT('',(9.096534996535,23.079972279972,25.5));
#7247 = VECTOR('',#7248,1.);
#7248 = DIRECTION('',(0.,0.,1.));
#7249 = PLANE('',#7250);
#7250 = AXIS2_PLACEMENT_3D('',#7251,#7252,#7253);
#7251 = CARTESIAN_POINT('',(9.096534996535,15.484684684685,25.5));
#7252 = DIRECTION('',(-1.,0.,0.));
#7253 = DIRECTION('',(0.,1.,0.));
#7254 = ADVANCED_FACE('',(#7255),#7273,.T.);
#7255 = FACE_BOUND('',#7256,.T.);
#7256 = EDGE_LOOP('',(#7257,#7265,#7266,#7267));
#7257 = ORIENTED_EDGE('',*,*,#7258,.F.);
#7258 = EDGE_CURVE('',#7235,#7259,#7261,.T.);
#7259 = VERTEX_POINT('',#7260);
#7260 = CARTESIAN_POINT('',(6.11386001386,23.079972279972,25.5));
#7261 = LINE('',#7262,#7263);
#7262 = CARTESIAN_POINT('',(9.096534996535,23.079972279972,25.5));
#7263 = VECTOR('',#7264,1.);
#7264 = DIRECTION('',(-1.,0.,0.));
#7265 = ORIENTED_EDGE('',*,*,#7244,.T.);
#7266 = ORIENTED_EDGE('',*,*,#4878,.F.);
#7267 = ORIENTED_EDGE('',*,*,#7268,.F.);
#7268 = EDGE_CURVE('',#7259,#4871,#7269,.T.);
#7269 = LINE('',#7270,#7271);
#7270 = CARTESIAN_POINT('',(6.11386001386,23.079972279972,25.5));
#7271 = VECTOR('',#7272,1.);
#7272 = DIRECTION('',(0.,0.,1.));
#7273 = PLANE('',#7274);
#7274 = AXIS2_PLACEMENT_3D('',#7275,#7276,#7277);
#7275 = CARTESIAN_POINT('',(9.096534996535,23.079972279972,25.5));
#7276 = DIRECTION('',(0.,-1.,0.));
#7277 = DIRECTION('',(-1.,0.,0.));
#7278 = ADVANCED_FACE('',(#7279),#7297,.T.);
#7279 = FACE_BOUND('',#7280,.T.);
#7280 = EDGE_LOOP('',(#7281,#7289,#7290,#7291));
#7281 = ORIENTED_EDGE('',*,*,#7282,.F.);
#7282 = EDGE_CURVE('',#7259,#7283,#7285,.T.);
#7283 = VERTEX_POINT('',#7284);
#7284 = CARTESIAN_POINT('',(6.11386001386,22.298267498267,25.5));
#7285 = LINE('',#7286,#7287);
#7286 = CARTESIAN_POINT('',(6.11386001386,23.079972279972,25.5));
#7287 = VECTOR('',#7288,1.);
#7288 = DIRECTION('',(0.,-1.,0.));
#7289 = ORIENTED_EDGE('',*,*,#7268,.T.);
#7290 = ORIENTED_EDGE('',*,*,#4870,.F.);
#7291 = ORIENTED_EDGE('',*,*,#7292,.F.);
#7292 = EDGE_CURVE('',#7283,#4863,#7293,.T.);
#7293 = LINE('',#7294,#7295);
#7294 = CARTESIAN_POINT('',(6.11386001386,22.298267498267,25.5));
#7295 = VECTOR('',#7296,1.);
#7296 = DIRECTION('',(0.,0.,1.));
#7297 = PLANE('',#7298);
#7298 = AXIS2_PLACEMENT_3D('',#7299,#7300,#7301);
#7299 = CARTESIAN_POINT('',(6.11386001386,23.079972279972,25.5));
#7300 = DIRECTION('',(1.,0.,0.));
#7301 = DIRECTION('',(0.,-1.,0.));
#7302 = ADVANCED_FACE('',(#7303),#7321,.T.);
#7303 = FACE_BOUND('',#7304,.T.);
#7304 = EDGE_LOOP('',(#7305,#7313,#7314,#7315));
#7305 = ORIENTED_EDGE('',*,*,#7306,.F.);
#7306 = EDGE_CURVE('',#7283,#7307,#7309,.T.);
#7307 = VERTEX_POINT('',#7308);
#7308 = CARTESIAN_POINT('',(8.154054054054,22.298267498267,25.5));
#7309 = LINE('',#7310,#7311);
#7310 = CARTESIAN_POINT('',(6.11386001386,22.298267498267,25.5));
#7311 = VECTOR('',#7312,1.);
#7312 = DIRECTION('',(1.,0.,0.));
#7313 = ORIENTED_EDGE('',*,*,#7292,.T.);
#7314 = ORIENTED_EDGE('',*,*,#4862,.F.);
#7315 = ORIENTED_EDGE('',*,*,#7316,.F.);
#7316 = EDGE_CURVE('',#7307,#4855,#7317,.T.);
#7317 = LINE('',#7318,#7319);
#7318 = CARTESIAN_POINT('',(8.154054054054,22.298267498267,25.5));
#7319 = VECTOR('',#7320,1.);
#7320 = DIRECTION('',(0.,0.,1.));
#7321 = PLANE('',#7322);
#7322 = AXIS2_PLACEMENT_3D('',#7323,#7324,#7325);
#7323 = CARTESIAN_POINT('',(6.11386001386,22.298267498267,25.5));
#7324 = DIRECTION('',(0.,1.,0.));
#7325 = DIRECTION('',(1.,0.,0.));
#7326 = ADVANCED_FACE('',(#7327),#7345,.T.);
#7327 = FACE_BOUND('',#7328,.T.);
#7328 = EDGE_LOOP('',(#7329,#7337,#7338,#7339));
#7329 = ORIENTED_EDGE('',*,*,#7330,.F.);
#7330 = EDGE_CURVE('',#7307,#7331,#7333,.T.);
#7331 = VERTEX_POINT('',#7332);
#7332 = CARTESIAN_POINT('',(8.154054054054,15.484684684685,25.5));
#7333 = LINE('',#7334,#7335);
#7334 = CARTESIAN_POINT('',(8.154054054054,22.298267498267,25.5));
#7335 = VECTOR('',#7336,1.);
#7336 = DIRECTION('',(0.,-1.,0.));
#7337 = ORIENTED_EDGE('',*,*,#7316,.T.);
#7338 = ORIENTED_EDGE('',*,*,#4854,.F.);
#7339 = ORIENTED_EDGE('',*,*,#7340,.F.);
#7340 = EDGE_CURVE('',#7331,#4847,#7341,.T.);
#7341 = LINE('',#7342,#7343);
#7342 = CARTESIAN_POINT('',(8.154054054054,15.484684684685,25.5));
#7343 = VECTOR('',#7344,1.);
#7344 = DIRECTION('',(0.,0.,1.));
#7345 = PLANE('',#7346);
#7346 = AXIS2_PLACEMENT_3D('',#7347,#7348,#7349);
#7347 = CARTESIAN_POINT('',(8.154054054054,22.298267498267,25.5));
#7348 = DIRECTION('',(1.,0.,0.));
#7349 = DIRECTION('',(0.,-1.,0.));
#7350 = ADVANCED_FACE('',(#7351),#7369,.T.);
#7351 = FACE_BOUND('',#7352,.T.);
#7352 = EDGE_LOOP('',(#7353,#7361,#7362,#7363));
#7353 = ORIENTED_EDGE('',*,*,#7354,.F.);
#7354 = EDGE_CURVE('',#7331,#7355,#7357,.T.);
#7355 = VERTEX_POINT('',#7356);
#7356 = CARTESIAN_POINT('',(6.097227997228,15.484684684685,25.5));
#7357 = LINE('',#7358,#7359);
#7358 = CARTESIAN_POINT('',(8.154054054054,15.484684684685,25.5));
#7359 = VECTOR('',#7360,1.);
#7360 = DIRECTION('',(-1.,0.,0.));
#7361 = ORIENTED_EDGE('',*,*,#7340,.T.);
#7362 = ORIENTED_EDGE('',*,*,#4846,.F.);
#7363 = ORIENTED_EDGE('',*,*,#7364,.F.);
#7364 = EDGE_CURVE('',#7355,#4839,#7365,.T.);
#7365 = LINE('',#7366,#7367);
#7366 = CARTESIAN_POINT('',(6.097227997228,15.484684684685,25.5));
#7367 = VECTOR('',#7368,1.);
#7368 = DIRECTION('',(0.,0.,1.));
#7369 = PLANE('',#7370);
#7370 = AXIS2_PLACEMENT_3D('',#7371,#7372,#7373);
#7371 = CARTESIAN_POINT('',(8.154054054054,15.484684684685,25.5));
#7372 = DIRECTION('',(0.,-1.,0.));
#7373 = DIRECTION('',(-1.,0.,0.));
#7374 = ADVANCED_FACE('',(#7375),#7393,.T.);
#7375 = FACE_BOUND('',#7376,.T.);
#7376 = EDGE_LOOP('',(#7377,#7385,#7386,#7387));
#7377 = ORIENTED_EDGE('',*,*,#7378,.F.);
#7378 = EDGE_CURVE('',#7355,#7379,#7381,.T.);
#7379 = VERTEX_POINT('',#7380);
#7380 = CARTESIAN_POINT('',(6.097227997228,14.70297990298,25.5));
#7381 = LINE('',#7382,#7383);
#7382 = CARTESIAN_POINT('',(6.097227997228,15.484684684685,25.5));
#7383 = VECTOR('',#7384,1.);
#7384 = DIRECTION('',(0.,-1.,0.));
#7385 = ORIENTED_EDGE('',*,*,#7364,.T.);
#7386 = ORIENTED_EDGE('',*,*,#4838,.F.);
#7387 = ORIENTED_EDGE('',*,*,#7388,.F.);
#7388 = EDGE_CURVE('',#7379,#4831,#7389,.T.);
#7389 = LINE('',#7390,#7391);
#7390 = CARTESIAN_POINT('',(6.097227997228,14.70297990298,25.5));
#7391 = VECTOR('',#7392,1.);
#7392 = DIRECTION('',(0.,0.,1.));
#7393 = PLANE('',#7394);
#7394 = AXIS2_PLACEMENT_3D('',#7395,#7396,#7397);
#7395 = CARTESIAN_POINT('',(6.097227997228,15.484684684685,25.5));
#7396 = DIRECTION('',(1.,0.,0.));
#7397 = DIRECTION('',(0.,-1.,0.));
#7398 = ADVANCED_FACE('',(#7399),#7417,.T.);
#7399 = FACE_BOUND('',#7400,.T.);
#7400 = EDGE_LOOP('',(#7401,#7409,#7410,#7411));
#7401 = ORIENTED_EDGE('',*,*,#7402,.F.);
#7402 = EDGE_CURVE('',#7379,#7403,#7405,.T.);
#7403 = VERTEX_POINT('',#7404);
#7404 = CARTESIAN_POINT('',(11.081288981289,14.70297990298,25.5));
#7405 = LINE('',#7406,#7407);
#7406 = CARTESIAN_POINT('',(6.097227997228,14.70297990298,25.5));
#7407 = VECTOR('',#7408,1.);
#7408 = DIRECTION('',(1.,0.,0.));
#7409 = ORIENTED_EDGE('',*,*,#7388,.T.);
#7410 = ORIENTED_EDGE('',*,*,#4830,.F.);
#7411 = ORIENTED_EDGE('',*,*,#7412,.F.);
#7412 = EDGE_CURVE('',#7403,#4823,#7413,.T.);
#7413 = LINE('',#7414,#7415);
#7414 = CARTESIAN_POINT('',(11.081288981289,14.70297990298,25.5));
#7415 = VECTOR('',#7416,1.);
#7416 = DIRECTION('',(0.,0.,1.));
#7417 = PLANE('',#7418);
#7418 = AXIS2_PLACEMENT_3D('',#7419,#7420,#7421);
#7419 = CARTESIAN_POINT('',(6.097227997228,14.70297990298,25.5));
#7420 = DIRECTION('',(0.,1.,0.));
#7421 = DIRECTION('',(1.,0.,0.));
#7422 = ADVANCED_FACE('',(#7423),#7434,.T.);
#7423 = FACE_BOUND('',#7424,.T.);
#7424 = EDGE_LOOP('',(#7425,#7431,#7432,#7433));
#7425 = ORIENTED_EDGE('',*,*,#7426,.F.);
#7426 = EDGE_CURVE('',#7403,#7204,#7427,.T.);
#7427 = LINE('',#7428,#7429);
#7428 = CARTESIAN_POINT('',(11.081288981289,14.70297990298,25.5));
#7429 = VECTOR('',#7430,1.);
#7430 = DIRECTION('',(0.,1.,0.));
#7431 = ORIENTED_EDGE('',*,*,#7412,.T.);
#7432 = ORIENTED_EDGE('',*,*,#4822,.F.);
#7433 = ORIENTED_EDGE('',*,*,#7213,.F.);
#7434 = PLANE('',#7435);
#7435 = AXIS2_PLACEMENT_3D('',#7436,#7437,#7438);
#7436 = CARTESIAN_POINT('',(11.081288981289,14.70297990298,25.5));
#7437 = DIRECTION('',(-1.,0.,0.));
#7438 = DIRECTION('',(0.,1.,0.));
#7439 = ADVANCED_FACE('',(#7440),#7465,.T.);
#7440 = FACE_BOUND('',#7441,.T.);
#7441 = EDGE_LOOP('',(#7442,#7452,#7458,#7459));
#7442 = ORIENTED_EDGE('',*,*,#7443,.F.);
#7443 = EDGE_CURVE('',#7444,#7446,#7448,.T.);
#7444 = VERTEX_POINT('',#7445);
#7445 = CARTESIAN_POINT('',(24.034303534304,14.70297990298,25.5));
#7446 = VERTEX_POINT('',#7447);
#7447 = CARTESIAN_POINT('',(24.960152460152,14.70297990298,25.5));
#7448 = LINE('',#7449,#7450);
#7449 = CARTESIAN_POINT('',(24.034303534304,14.70297990298,25.5));
#7450 = VECTOR('',#7451,1.);
#7451 = DIRECTION('',(1.,0.,0.));
#7452 = ORIENTED_EDGE('',*,*,#7453,.T.);
#7453 = EDGE_CURVE('',#7444,#4897,#7454,.T.);
#7454 = LINE('',#7455,#7456);
#7455 = CARTESIAN_POINT('',(24.034303534304,14.70297990298,25.5));
#7456 = VECTOR('',#7457,1.);
#7457 = DIRECTION('',(0.,0.,1.));
#7458 = ORIENTED_EDGE('',*,*,#4894,.F.);
#7459 = ORIENTED_EDGE('',*,*,#7460,.F.);
#7460 = EDGE_CURVE('',#7446,#4895,#7461,.T.);
#7461 = LINE('',#7462,#7463);
#7462 = CARTESIAN_POINT('',(24.960152460152,14.70297990298,25.5));
#7463 = VECTOR('',#7464,1.);
#7464 = DIRECTION('',(0.,0.,1.));
#7465 = PLANE('',#7466);
#7466 = AXIS2_PLACEMENT_3D('',#7467,#7468,#7469);
#7467 = CARTESIAN_POINT('',(24.034303534304,14.70297990298,25.5));
#7468 = DIRECTION('',(0.,1.,0.));
#7469 = DIRECTION('',(1.,0.,0.));
#7470 = ADVANCED_FACE('',(#7471),#7489,.T.);
#7471 = FACE_BOUND('',#7472,.T.);
#7472 = EDGE_LOOP('',(#7473,#7481,#7482,#7483));
#7473 = ORIENTED_EDGE('',*,*,#7474,.F.);
#7474 = EDGE_CURVE('',#7446,#7475,#7477,.T.);
#7475 = VERTEX_POINT('',#7476);
#7476 = CARTESIAN_POINT('',(24.960152460152,23.079972279972,25.5));
#7477 = LINE('',#7478,#7479);
#7478 = CARTESIAN_POINT('',(24.960152460152,14.70297990298,25.5));
#7479 = VECTOR('',#7480,1.);
#7480 = DIRECTION('',(0.,1.,0.));
#7481 = ORIENTED_EDGE('',*,*,#7460,.T.);
#7482 = ORIENTED_EDGE('',*,*,#5100,.F.);
#7483 = ORIENTED_EDGE('',*,*,#7484,.F.);
#7484 = EDGE_CURVE('',#7475,#5093,#7485,.T.);
#7485 = LINE('',#7486,#7487);
#7486 = CARTESIAN_POINT('',(24.960152460152,23.079972279972,25.5));
#7487 = VECTOR('',#7488,1.);
#7488 = DIRECTION('',(0.,0.,1.));
#7489 = PLANE('',#7490);
#7490 = AXIS2_PLACEMENT_3D('',#7491,#7492,#7493);
#7491 = CARTESIAN_POINT('',(24.960152460152,14.70297990298,25.5));
#7492 = DIRECTION('',(-1.,0.,0.));
#7493 = DIRECTION('',(0.,1.,0.));
#7494 = ADVANCED_FACE('',(#7495),#7513,.T.);
#7495 = FACE_BOUND('',#7496,.T.);
#7496 = EDGE_LOOP('',(#7497,#7505,#7506,#7507));
#7497 = ORIENTED_EDGE('',*,*,#7498,.F.);
#7498 = EDGE_CURVE('',#7475,#7499,#7501,.T.);
#7499 = VERTEX_POINT('',#7500);
#7500 = CARTESIAN_POINT('',(24.001039501039,23.079972279972,25.5));
#7501 = LINE('',#7502,#7503);
#7502 = CARTESIAN_POINT('',(24.960152460152,23.079972279972,25.5));
#7503 = VECTOR('',#7504,1.);
#7504 = DIRECTION('',(-1.,0.,0.));
#7505 = ORIENTED_EDGE('',*,*,#7484,.T.);
#7506 = ORIENTED_EDGE('',*,*,#5092,.F.);
#7507 = ORIENTED_EDGE('',*,*,#7508,.F.);
#7508 = EDGE_CURVE('',#7499,#5085,#7509,.T.);
#7509 = LINE('',#7510,#7511);
#7510 = CARTESIAN_POINT('',(24.001039501039,23.079972279972,25.5));
#7511 = VECTOR('',#7512,1.);
#7512 = DIRECTION('',(0.,0.,1.));
#7513 = PLANE('',#7514);
#7514 = AXIS2_PLACEMENT_3D('',#7515,#7516,#7517);
#7515 = CARTESIAN_POINT('',(24.960152460152,23.079972279972,25.5));
#7516 = DIRECTION('',(0.,-1.,0.));
#7517 = DIRECTION('',(-1.,0.,0.));
#7518 = ADVANCED_FACE('',(#7519),#7537,.T.);
#7519 = FACE_BOUND('',#7520,.T.);
#7520 = EDGE_LOOP('',(#7521,#7529,#7530,#7531));
#7521 = ORIENTED_EDGE('',*,*,#7522,.F.);
#7522 = EDGE_CURVE('',#7499,#7523,#7525,.T.);
#7523 = VERTEX_POINT('',#7524);
#7524 = CARTESIAN_POINT('',(24.001039501039,19.786832986833,25.5));
#7525 = LINE('',#7526,#7527);
#7526 = CARTESIAN_POINT('',(24.001039501039,23.079972279972,25.5));
#7527 = VECTOR('',#7528,1.);
#7528 = DIRECTION('',(0.,-1.,0.));
#7529 = ORIENTED_EDGE('',*,*,#7508,.T.);
#7530 = ORIENTED_EDGE('',*,*,#5084,.F.);
#7531 = ORIENTED_EDGE('',*,*,#7532,.F.);
#7532 = EDGE_CURVE('',#7523,#5077,#7533,.T.);
#7533 = LINE('',#7534,#7535);
#7534 = CARTESIAN_POINT('',(24.001039501039,19.786832986833,25.5));
#7535 = VECTOR('',#7536,1.);
#7536 = DIRECTION('',(0.,0.,1.));
#7537 = PLANE('',#7538);
#7538 = AXIS2_PLACEMENT_3D('',#7539,#7540,#7541);
#7539 = CARTESIAN_POINT('',(24.001039501039,23.079972279972,25.5));
#7540 = DIRECTION('',(1.,0.,0.));
#7541 = DIRECTION('',(0.,-1.,0.));
#7542 = ADVANCED_FACE('',(#7543),#7561,.T.);
#7543 = FACE_BOUND('',#7544,.T.);
#7544 = EDGE_LOOP('',(#7545,#7553,#7554,#7555));
#7545 = ORIENTED_EDGE('',*,*,#7546,.F.);
#7546 = EDGE_CURVE('',#7523,#7547,#7549,.T.);
#7547 = VERTEX_POINT('',#7548);
#7548 = CARTESIAN_POINT('',(23.901247401247,19.786832986833,25.5));
#7549 = LINE('',#7550,#7551);
#7550 = CARTESIAN_POINT('',(24.001039501039,19.786832986833,25.5));
#7551 = VECTOR('',#7552,1.);
#7552 = DIRECTION('',(-1.,0.,0.));
#7553 = ORIENTED_EDGE('',*,*,#7532,.T.);
#7554 = ORIENTED_EDGE('',*,*,#5076,.F.);
#7555 = ORIENTED_EDGE('',*,*,#7556,.F.);
#7556 = EDGE_CURVE('',#7547,#5045,#7557,.T.);
#7557 = LINE('',#7558,#7559);
#7558 = CARTESIAN_POINT('',(23.901247401247,19.786832986833,25.5));
#7559 = VECTOR('',#7560,1.);
#7560 = DIRECTION('',(0.,0.,1.));
#7561 = PLANE('',#7562);
#7562 = AXIS2_PLACEMENT_3D('',#7563,#7564,#7565);
#7563 = CARTESIAN_POINT('',(24.001039501039,19.786832986833,25.5));
#7564 = DIRECTION('',(0.,-1.,0.));
#7565 = DIRECTION('',(-1.,0.,0.));
#7566 = ADVANCED_FACE('',(#7567),#7586,.T.);
#7567 = FACE_BOUND('',#7568,.T.);
#7568 = EDGE_LOOP('',(#7569,#7578,#7579,#7580));
#7569 = ORIENTED_EDGE('',*,*,#7570,.F.);
#7570 = EDGE_CURVE('',#7547,#7571,#7573,.T.);
#7571 = VERTEX_POINT('',#7572);
#7572 = CARTESIAN_POINT('',(22.127165627166,20.818018018018,25.5));
#7573 = B_SPLINE_CURVE_WITH_KNOTS('',3,(#7574,#7575,#7576,#7577),
  .UNSPECIFIED.,.F.,.F.,(4,4),(0.,1.),.PIECEWISE_BEZIER_KNOTS.);
#7574 = CARTESIAN_POINT('',(23.901247401247,19.786832986833,25.5));
#7575 = CARTESIAN_POINT('',(23.640679140679,20.44656964657,25.5));
#7576 = CARTESIAN_POINT('',(22.997574497574,20.818018018018,25.5));
#7577 = CARTESIAN_POINT('',(22.127165627166,20.818018018018,25.5));
#7578 = ORIENTED_EDGE('',*,*,#7556,.T.);
#7579 = ORIENTED_EDGE('',*,*,#5044,.F.);
#7580 = ORIENTED_EDGE('',*,*,#7581,.F.);
#7581 = EDGE_CURVE('',#7571,#5003,#7582,.T.);
#7582 = LINE('',#7583,#7584);
#7583 = CARTESIAN_POINT('',(22.127165627166,20.818018018018,25.5));
#7584 = VECTOR('',#7585,1.);
#7585 = DIRECTION('',(0.,0.,1.));
#7586 = SURFACE_OF_LINEAR_EXTRUSION('',#7587,#7592);
#7587 = B_SPLINE_CURVE_WITH_KNOTS('',3,(#7588,#7589,#7590,#7591),
  .UNSPECIFIED.,.F.,.F.,(4,4),(0.,1.),.PIECEWISE_BEZIER_KNOTS.);
#7588 = CARTESIAN_POINT('',(23.901247401247,19.786832986833,25.5));
#7589 = CARTESIAN_POINT('',(23.640679140679,20.44656964657,25.5));
#7590 = CARTESIAN_POINT('',(22.997574497574,20.818018018018,25.5));
#7591 = CARTESIAN_POINT('',(22.127165627166,20.818018018018,25.5));
#7592 = VECTOR('',#7593,1.);
#7593 = DIRECTION('',(-0.,-0.,-1.));
#7594 = ADVANCED_FACE('',(#7595),#7614,.T.);
#7595 = FACE_BOUND('',#7596,.T.);
#7596 = EDGE_LOOP('',(#7597,#7606,#7607,#7608));
#7597 = ORIENTED_EDGE('',*,*,#7598,.F.);
#7598 = EDGE_CURVE('',#7571,#7599,#7601,.T.);
#7599 = VERTEX_POINT('',#7600);
#7600 = CARTESIAN_POINT('',(19.826403326403,18.273319473319,25.5));
#7601 = B_SPLINE_CURVE_WITH_KNOTS('',3,(#7602,#7603,#7604,#7605),
  .UNSPECIFIED.,.F.,.F.,(4,4),(0.,1.),.PIECEWISE_BEZIER_KNOTS.);
#7602 = CARTESIAN_POINT('',(22.127165627166,20.818018018018,25.5));
#7603 = CARTESIAN_POINT('',(20.73562023562,20.818018018018,25.5));
#7604 = CARTESIAN_POINT('',(19.826403326403,19.814553014553,25.5));
#7605 = CARTESIAN_POINT('',(19.826403326403,18.273319473319,25.5));
#7606 = ORIENTED_EDGE('',*,*,#7581,.T.);
#7607 = ORIENTED_EDGE('',*,*,#5002,.F.);
#7608 = ORIENTED_EDGE('',*,*,#7609,.F.);
#7609 = EDGE_CURVE('',#7599,#4995,#7610,.T.);
#7610 = LINE('',#7611,#7612);
#7611 = CARTESIAN_POINT('',(19.826403326403,18.273319473319,25.5));
#7612 = VECTOR('',#7613,1.);
#7613 = DIRECTION('',(0.,0.,1.));
#7614 = SURFACE_OF_LINEAR_EXTRUSION('',#7615,#7620);
#7615 = B_SPLINE_CURVE_WITH_KNOTS('',3,(#7616,#7617,#7618,#7619),
  .UNSPECIFIED.,.F.,.F.,(4,4),(0.,1.),.PIECEWISE_BEZIER_KNOTS.);
#7616 = CARTESIAN_POINT('',(22.127165627166,20.818018018018,25.5));
#7617 = CARTESIAN_POINT('',(20.73562023562,20.818018018018,25.5));
#7618 = CARTESIAN_POINT('',(19.826403326403,19.814553014553,25.5));
#7619 = CARTESIAN_POINT('',(19.826403326403,18.273319473319,25.5));
#7620 = VECTOR('',#7621,1.);
#7621 = DIRECTION('',(-0.,-0.,-1.));
#7622 = ADVANCED_FACE('',(#7623),#7641,.T.);
#7623 = FACE_BOUND('',#7624,.T.);
#7624 = EDGE_LOOP('',(#7625,#7633,#7634,#7635));
#7625 = ORIENTED_EDGE('',*,*,#7626,.F.);
#7626 = EDGE_CURVE('',#7599,#7627,#7629,.T.);
#7627 = VERTEX_POINT('',#7628);
#7628 = CARTESIAN_POINT('',(19.826403326403,17.15343035343,25.5));
#7629 = LINE('',#7630,#7631);
#7630 = CARTESIAN_POINT('',(19.826403326403,18.273319473319,25.5));
#7631 = VECTOR('',#7632,1.);
#7632 = DIRECTION('',(0.,-1.,0.));
#7633 = ORIENTED_EDGE('',*,*,#7609,.T.);
#7634 = ORIENTED_EDGE('',*,*,#4994,.F.);
#7635 = ORIENTED_EDGE('',*,*,#7636,.F.);
#7636 = EDGE_CURVE('',#7627,#4953,#7637,.T.);
#7637 = LINE('',#7638,#7639);
#7638 = CARTESIAN_POINT('',(19.826403326403,17.15343035343,25.5));
#7639 = VECTOR('',#7640,1.);
#7640 = DIRECTION('',(0.,0.,1.));
#7641 = PLANE('',#7642);
#7642 = AXIS2_PLACEMENT_3D('',#7643,#7644,#7645);
#7643 = CARTESIAN_POINT('',(19.826403326403,18.273319473319,25.5));
#7644 = DIRECTION('',(1.,0.,0.));
#7645 = DIRECTION('',(0.,-1.,0.));
#7646 = ADVANCED_FACE('',(#7647),#7666,.T.);
#7647 = FACE_BOUND('',#7648,.T.);
#7648 = EDGE_LOOP('',(#7649,#7658,#7659,#7660));
#7649 = ORIENTED_EDGE('',*,*,#7650,.F.);
#7650 = EDGE_CURVE('',#7627,#7651,#7653,.T.);
#7651 = VERTEX_POINT('',#7652);
#7652 = CARTESIAN_POINT('',(22.127165627166,14.603187803188,25.5));
#7653 = B_SPLINE_CURVE_WITH_KNOTS('',3,(#7654,#7655,#7656,#7657),
  .UNSPECIFIED.,.F.,.F.,(4,4),(0.,1.),.PIECEWISE_BEZIER_KNOTS.);
#7654 = CARTESIAN_POINT('',(19.826403326403,17.15343035343,25.5));
#7655 = CARTESIAN_POINT('',(19.826403326403,15.606652806653,25.5));
#7656 = CARTESIAN_POINT('',(20.73562023562,14.603187803188,25.5));
#7657 = CARTESIAN_POINT('',(22.127165627166,14.603187803188,25.5));
#7658 = ORIENTED_EDGE('',*,*,#7636,.T.);
#7659 = ORIENTED_EDGE('',*,*,#4952,.F.);
#7660 = ORIENTED_EDGE('',*,*,#7661,.F.);
#7661 = EDGE_CURVE('',#7651,#4921,#7662,.T.);
#7662 = LINE('',#7663,#7664);
#7663 = CARTESIAN_POINT('',(22.127165627166,14.603187803188,25.5));
#7664 = VECTOR('',#7665,1.);
#7665 = DIRECTION('',(0.,0.,1.));
#7666 = SURFACE_OF_LINEAR_EXTRUSION('',#7667,#7672);
#7667 = B_SPLINE_CURVE_WITH_KNOTS('',3,(#7668,#7669,#7670,#7671),
  .UNSPECIFIED.,.F.,.F.,(4,4),(0.,1.),.PIECEWISE_BEZIER_KNOTS.);
#7668 = CARTESIAN_POINT('',(19.826403326403,17.15343035343,25.5));
#7669 = CARTESIAN_POINT('',(19.826403326403,15.606652806653,25.5));
#7670 = CARTESIAN_POINT('',(20.73562023562,14.603187803188,25.5));
#7671 = CARTESIAN_POINT('',(22.127165627166,14.603187803188,25.5));
#7672 = VECTOR('',#7673,1.);
#7673 = DIRECTION('',(-0.,-0.,-1.));
#7674 = ADVANCED_FACE('',(#7675),#7694,.T.);
#7675 = FACE_BOUND('',#7676,.T.);
#7676 = EDGE_LOOP('',(#7677,#7686,#7687,#7688));
#7677 = ORIENTED_EDGE('',*,*,#7678,.F.);
#7678 = EDGE_CURVE('',#7651,#7679,#7681,.T.);
#7679 = VERTEX_POINT('',#7680);
#7680 = CARTESIAN_POINT('',(23.928967428967,15.623284823285,25.5));
#7681 = B_SPLINE_CURVE_WITH_KNOTS('',3,(#7682,#7683,#7684,#7685),
  .UNSPECIFIED.,.F.,.F.,(4,4),(0.,1.),.PIECEWISE_BEZIER_KNOTS.);
#7682 = CARTESIAN_POINT('',(22.127165627166,14.603187803188,25.5));
#7683 = CARTESIAN_POINT('',(22.986486486486,14.603187803188,25.5));
#7684 = CARTESIAN_POINT('',(23.618503118503,14.958004158004,25.5));
#7685 = CARTESIAN_POINT('',(23.928967428967,15.623284823285,25.5));
#7686 = ORIENTED_EDGE('',*,*,#7661,.T.);
#7687 = ORIENTED_EDGE('',*,*,#4920,.F.);
#7688 = ORIENTED_EDGE('',*,*,#7689,.F.);
#7689 = EDGE_CURVE('',#7679,#4913,#7690,.T.);
#7690 = LINE('',#7691,#7692);
#7691 = CARTESIAN_POINT('',(23.928967428967,15.623284823285,25.5));
#7692 = VECTOR('',#7693,1.);
#7693 = DIRECTION('',(0.,0.,1.));
#7694 = SURFACE_OF_LINEAR_EXTRUSION('',#7695,#7700);
#7695 = B_SPLINE_CURVE_WITH_KNOTS('',3,(#7696,#7697,#7698,#7699),
  .UNSPECIFIED.,.F.,.F.,(4,4),(0.,1.),.PIECEWISE_BEZIER_KNOTS.);
#7696 = CARTESIAN_POINT('',(22.127165627166,14.603187803188,25.5));
#7697 = CARTESIAN_POINT('',(22.986486486486,14.603187803188,25.5));
#7698 = CARTESIAN_POINT('',(23.618503118503,14.958004158004,25.5));
#7699 = CARTESIAN_POINT('',(23.928967428967,15.623284823285,25.5));
#7700 = VECTOR('',#7701,1.);
#7701 = DIRECTION('',(-0.,-0.,-1.));
#7702 = ADVANCED_FACE('',(#7703),#7721,.T.);
#7703 = FACE_BOUND('',#7704,.T.);
#7704 = EDGE_LOOP('',(#7705,#7713,#7714,#7715));
#7705 = ORIENTED_EDGE('',*,*,#7706,.F.);
#7706 = EDGE_CURVE('',#7679,#7707,#7709,.T.);
#7707 = VERTEX_POINT('',#7708);
#7708 = CARTESIAN_POINT('',(24.034303534304,15.623284823285,25.5));
#7709 = LINE('',#7710,#7711);
#7710 = CARTESIAN_POINT('',(23.928967428967,15.623284823285,25.5));
#7711 = VECTOR('',#7712,1.);
#7712 = DIRECTION('',(1.,0.,0.));
#7713 = ORIENTED_EDGE('',*,*,#7689,.T.);
#7714 = ORIENTED_EDGE('',*,*,#4912,.F.);
#7715 = ORIENTED_EDGE('',*,*,#7716,.F.);
#7716 = EDGE_CURVE('',#7707,#4905,#7717,.T.);
#7717 = LINE('',#7718,#7719);
#7718 = CARTESIAN_POINT('',(24.034303534304,15.623284823285,25.5));
#7719 = VECTOR('',#7720,1.);
#7720 = DIRECTION('',(0.,0.,1.));
#7721 = PLANE('',#7722);
#7722 = AXIS2_PLACEMENT_3D('',#7723,#7724,#7725);
#7723 = CARTESIAN_POINT('',(23.928967428967,15.623284823285,25.5));
#7724 = DIRECTION('',(0.,1.,0.));
#7725 = DIRECTION('',(1.,0.,0.));
#7726 = ADVANCED_FACE('',(#7727),#7738,.T.);
#7727 = FACE_BOUND('',#7728,.T.);
#7728 = EDGE_LOOP('',(#7729,#7735,#7736,#7737));
#7729 = ORIENTED_EDGE('',*,*,#7730,.F.);
#7730 = EDGE_CURVE('',#7707,#7444,#7731,.T.);
#7731 = LINE('',#7732,#7733);
#7732 = CARTESIAN_POINT('',(24.034303534304,15.623284823285,25.5));
#7733 = VECTOR('',#7734,1.);
#7734 = DIRECTION('',(0.,-1.,0.));
#7735 = ORIENTED_EDGE('',*,*,#7716,.T.);
#7736 = ORIENTED_EDGE('',*,*,#4904,.F.);
#7737 = ORIENTED_EDGE('',*,*,#7453,.F.);
#7738 = PLANE('',#7739);
#7739 = AXIS2_PLACEMENT_3D('',#7740,#7741,#7742);
#7740 = CARTESIAN_POINT('',(24.034303534304,15.623284823285,25.5));
#7741 = DIRECTION('',(1.,0.,0.));
#7742 = DIRECTION('',(0.,-1.,0.));
#7743 = ADVANCED_FACE('',(#7744,#7750,#7787),#7824,.T.);
#7744 = FACE_BOUND('',#7745,.F.);
#7745 = EDGE_LOOP('',(#7746,#7747,#7748,#7749));
#7746 = ORIENTED_EDGE('',*,*,#5274,.F.);
#7747 = ORIENTED_EDGE('',*,*,#5246,.F.);
#7748 = ORIENTED_EDGE('',*,*,#5218,.F.);
#7749 = ORIENTED_EDGE('',*,*,#5183,.F.);
#7750 = FACE_BOUND('',#7751,.F.);
#7751 = EDGE_LOOP('',(#7752,#7763,#7771,#7780));
#7752 = ORIENTED_EDGE('',*,*,#7753,.F.);
#7753 = EDGE_CURVE('',#7754,#7756,#7758,.T.);
#7754 = VERTEX_POINT('',#7755);
#7755 = CARTESIAN_POINT('',(17.169715869716,19.592792792793,25.5));
#7756 = VERTEX_POINT('',#7757);
#7757 = CARTESIAN_POINT('',(17.208523908524,18.700207900208,25.5));
#7758 = B_SPLINE_CURVE_WITH_KNOTS('',3,(#7759,#7760,#7761,#7762),
  .UNSPECIFIED.,.F.,.F.,(4,4),(0.,1.),.PIECEWISE_BEZIER_KNOTS.);
#7759 = CARTESIAN_POINT('',(17.169715869716,19.592792792793,25.5));
#7760 = CARTESIAN_POINT('',(17.197435897436,19.315592515593,25.5));
#7761 = CARTESIAN_POINT('',(17.208523908524,19.02176022176,25.5));
#7762 = CARTESIAN_POINT('',(17.208523908524,18.700207900208,25.5));
#7763 = ORIENTED_EDGE('',*,*,#7764,.F.);
#7764 = EDGE_CURVE('',#7765,#7754,#7767,.T.);
#7765 = VERTEX_POINT('',#7766);
#7766 = CARTESIAN_POINT('',(13.954192654193,16.87623007623,25.5));
#7767 = LINE('',#7768,#7769);
#7768 = CARTESIAN_POINT('',(13.954192654193,16.87623007623,25.5));
#7769 = VECTOR('',#7770,1.);
#7770 = DIRECTION('',(0.763885625546,0.645351649168,0.));
#7771 = ORIENTED_EDGE('',*,*,#7772,.F.);
#7772 = EDGE_CURVE('',#7773,#7765,#7775,.T.);
#7773 = VERTEX_POINT('',#7774);
#7774 = CARTESIAN_POINT('',(15.484338184338,15.384892584893,25.5));
#7775 = B_SPLINE_CURVE_WITH_KNOTS('',3,(#7776,#7777,#7778,#7779),
  .UNSPECIFIED.,.F.,.F.,(4,4),(0.,1.),.PIECEWISE_BEZIER_KNOTS.);
#7776 = CARTESIAN_POINT('',(15.484338184338,15.384892584893,25.5));
#7777 = CARTESIAN_POINT('',(14.730353430353,15.384892584893,25.5));
#7778 = CARTESIAN_POINT('',(14.214760914761,15.894941094941,25.5));
#7779 = CARTESIAN_POINT('',(13.954192654193,16.87623007623,25.5));
#7780 = ORIENTED_EDGE('',*,*,#7781,.F.);
#7781 = EDGE_CURVE('',#7756,#7773,#7782,.T.);
#7782 = B_SPLINE_CURVE_WITH_KNOTS('',3,(#7783,#7784,#7785,#7786),
  .UNSPECIFIED.,.F.,.F.,(4,4),(0.,1.),.PIECEWISE_BEZIER_KNOTS.);
#7783 = CARTESIAN_POINT('',(17.208523908524,18.700207900208,25.5));
#7784 = CARTESIAN_POINT('',(17.208523908524,16.532501732502,25.5));
#7785 = CARTESIAN_POINT('',(16.615315315315,15.384892584893,25.5));
#7786 = CARTESIAN_POINT('',(15.484338184338,15.384892584893,25.5));
#7787 = FACE_BOUND('',#7788,.F.);
#7788 = EDGE_LOOP('',(#7789,#7800,#7808,#7817));
#7789 = ORIENTED_EDGE('',*,*,#7790,.F.);
#7790 = EDGE_CURVE('',#7791,#7793,#7795,.T.);
#7791 = VERTEX_POINT('',#7792);
#7792 = CARTESIAN_POINT('',(13.793416493416,17.818711018711,25.5));
#7793 = VERTEX_POINT('',#7794);
#7794 = CARTESIAN_POINT('',(13.754608454608,18.700207900208,25.5));
#7795 = B_SPLINE_CURVE_WITH_KNOTS('',3,(#7796,#7797,#7798,#7799),
  .UNSPECIFIED.,.F.,.F.,(4,4),(0.,1.),.PIECEWISE_BEZIER_KNOTS.);
#7796 = CARTESIAN_POINT('',(13.793416493416,17.818711018711,25.5));
#7797 = CARTESIAN_POINT('',(13.765696465696,18.090367290367,25.5));
#7798 = CARTESIAN_POINT('',(13.754608454608,18.3841995842,25.5));
#7799 = CARTESIAN_POINT('',(13.754608454608,18.700207900208,25.5));
#7800 = ORIENTED_EDGE('',*,*,#7801,.F.);
#7801 = EDGE_CURVE('',#7802,#7791,#7804,.T.);
#7802 = VERTEX_POINT('',#7803);
#7803 = CARTESIAN_POINT('',(17.014483714484,20.507553707554,25.5));
#7804 = LINE('',#7805,#7806);
#7805 = CARTESIAN_POINT('',(17.014483714484,20.507553707554,25.5));
#7806 = VECTOR('',#7807,1.);
#7807 = DIRECTION('',(-0.767679485415,-0.640833993849,0.));
#7808 = ORIENTED_EDGE('',*,*,#7809,.F.);
#7809 = EDGE_CURVE('',#7810,#7802,#7812,.T.);
#7810 = VERTEX_POINT('',#7811);
#7811 = CARTESIAN_POINT('',(15.484338184338,22.015523215523,25.5));
#7812 = B_SPLINE_CURVE_WITH_KNOTS('',3,(#7813,#7814,#7815,#7816),
  .UNSPECIFIED.,.F.,.F.,(4,4),(0.,1.),.PIECEWISE_BEZIER_KNOTS.);
#7813 = CARTESIAN_POINT('',(15.484338184338,22.015523215523,25.5));
#7814 = CARTESIAN_POINT('',(16.243866943867,22.015523215523,25.5));
#7815 = CARTESIAN_POINT('',(16.759459459459,21.499930699931,25.5));
#7816 = CARTESIAN_POINT('',(17.014483714484,20.507553707554,25.5));
#7817 = ORIENTED_EDGE('',*,*,#7818,.F.);
#7818 = EDGE_CURVE('',#7793,#7810,#7819,.T.);
#7819 = B_SPLINE_CURVE_WITH_KNOTS('',3,(#7820,#7821,#7822,#7823),
  .UNSPECIFIED.,.F.,.F.,(4,4),(0.,1.),.PIECEWISE_BEZIER_KNOTS.);
#7820 = CARTESIAN_POINT('',(13.754608454608,18.700207900208,25.5));
#7821 = CARTESIAN_POINT('',(13.754608454608,20.873458073458,25.5));
#7822 = CARTESIAN_POINT('',(14.353361053361,22.015523215523,25.5));
#7823 = CARTESIAN_POINT('',(15.484338184338,22.015523215523,25.5));
#7824 = PLANE('',#7825);
#7825 = AXIS2_PLACEMENT_3D('',#7826,#7827,#7828);
#7826 = CARTESIAN_POINT('',(15.484181550604,18.700827641799,25.5));
#7827 = DIRECTION('',(0.,0.,1.));
#7828 = DIRECTION('',(1.,0.,0.));
#7829 = ADVANCED_FACE('',(#7830,#7843),#7871,.T.);
#7830 = FACE_BOUND('',#7831,.F.);
#7831 = EDGE_LOOP('',(#7832,#7833,#7834,#7835,#7836,#7837,#7838,#7839,
    #7840,#7841,#7842));
#7832 = ORIENTED_EDGE('',*,*,#5562,.F.);
#7833 = ORIENTED_EDGE('',*,*,#5538,.F.);
#7834 = ORIENTED_EDGE('',*,*,#5510,.F.);
#7835 = ORIENTED_EDGE('',*,*,#5482,.F.);
#7836 = ORIENTED_EDGE('',*,*,#5458,.F.);
#7837 = ORIENTED_EDGE('',*,*,#5430,.F.);
#7838 = ORIENTED_EDGE('',*,*,#5402,.F.);
#7839 = ORIENTED_EDGE('',*,*,#5378,.F.);
#7840 = ORIENTED_EDGE('',*,*,#5354,.F.);
#7841 = ORIENTED_EDGE('',*,*,#5330,.F.);
#7842 = ORIENTED_EDGE('',*,*,#5295,.F.);
#7843 = FACE_BOUND('',#7844,.F.);
#7844 = EDGE_LOOP('',(#7845,#7856,#7865));
#7845 = ORIENTED_EDGE('',*,*,#7846,.F.);
#7846 = EDGE_CURVE('',#7847,#7849,#7851,.T.);
#7847 = VERTEX_POINT('',#7848);
#7848 = CARTESIAN_POINT('',(29.59604989605,20.019681219681,25.5));
#7849 = VERTEX_POINT('',#7850);
#7850 = CARTESIAN_POINT('',(31.153915453915,18.179071379071,25.5));
#7851 = B_SPLINE_CURVE_WITH_KNOTS('',3,(#7852,#7853,#7854,#7855),
  .UNSPECIFIED.,.F.,.F.,(4,4),(0.,1.),.PIECEWISE_BEZIER_KNOTS.);
#7852 = CARTESIAN_POINT('',(29.59604989605,20.019681219681,25.5));
#7853 = CARTESIAN_POINT('',(30.566250866251,20.019681219681,25.5));
#7854 = CARTESIAN_POINT('',(31.153915453915,19.326680526681,25.5));
#7855 = CARTESIAN_POINT('',(31.153915453915,18.179071379071,25.5));
#7856 = ORIENTED_EDGE('',*,*,#7857,.F.);
#7857 = EDGE_CURVE('',#7858,#7847,#7860,.T.);
#7858 = VERTEX_POINT('',#7859);
#7859 = CARTESIAN_POINT('',(27.988288288288,18.179071379071,25.5));
#7860 = B_SPLINE_CURVE_WITH_KNOTS('',3,(#7861,#7862,#7863,#7864),
  .UNSPECIFIED.,.F.,.F.,(4,4),(0.,1.),.PIECEWISE_BEZIER_KNOTS.);
#7861 = CARTESIAN_POINT('',(27.988288288288,18.179071379071,25.5));
#7862 = CARTESIAN_POINT('',(27.988288288288,19.332224532225,25.5));
#7863 = CARTESIAN_POINT('',(28.592584892585,20.019681219681,25.5));
#7864 = CARTESIAN_POINT('',(29.59604989605,20.019681219681,25.5));
#7865 = ORIENTED_EDGE('',*,*,#7866,.F.);
#7866 = EDGE_CURVE('',#7849,#7858,#7867,.T.);
#7867 = LINE('',#7868,#7869);
#7868 = CARTESIAN_POINT('',(31.153915453915,18.179071379071,25.5));
#7869 = VECTOR('',#7870,1.);
#7870 = DIRECTION('',(-1.,0.,0.));
#7871 = PLANE('',#7872);
#7872 = AXIS2_PLACEMENT_3D('',#7873,#7874,#7875);
#7873 = CARTESIAN_POINT('',(29.571379136309,17.714000613508,25.5));
#7874 = DIRECTION('',(0.,0.,1.));
#7875 = DIRECTION('',(1.,0.,0.));
#7876 = ADVANCED_FACE('',(#7877),#7895,.T.);
#7877 = FACE_BOUND('',#7878,.F.);
#7878 = EDGE_LOOP('',(#7879,#7880,#7881,#7882,#7883,#7884,#7885,#7886,
    #7887,#7888,#7889,#7890,#7891,#7892,#7893,#7894));
#7879 = ORIENTED_EDGE('',*,*,#5994,.F.);
#7880 = ORIENTED_EDGE('',*,*,#5966,.F.);
#7881 = ORIENTED_EDGE('',*,*,#5938,.F.);
#7882 = ORIENTED_EDGE('',*,*,#5914,.F.);
#7883 = ORIENTED_EDGE('',*,*,#5886,.F.);
#7884 = ORIENTED_EDGE('',*,*,#5858,.F.);
#7885 = ORIENTED_EDGE('',*,*,#5830,.F.);
#7886 = ORIENTED_EDGE('',*,*,#5806,.F.);
#7887 = ORIENTED_EDGE('',*,*,#5778,.F.);
#7888 = ORIENTED_EDGE('',*,*,#5750,.F.);
#7889 = ORIENTED_EDGE('',*,*,#5722,.F.);
#7890 = ORIENTED_EDGE('',*,*,#5698,.F.);
#7891 = ORIENTED_EDGE('',*,*,#5670,.F.);
#7892 = ORIENTED_EDGE('',*,*,#5642,.F.);
#7893 = ORIENTED_EDGE('',*,*,#5614,.F.);
#7894 = ORIENTED_EDGE('',*,*,#5583,.F.);
#7895 = PLANE('',#7896);
#7896 = AXIS2_PLACEMENT_3D('',#7897,#7898,#7899);
#7897 = CARTESIAN_POINT('',(36.585178096414,17.68519488891,25.5));
#7898 = DIRECTION('',(0.,0.,1.));
#7899 = DIRECTION('',(1.,0.,0.));
#7900 = ADVANCED_FACE('',(#7901),#7919,.T.);
#7901 = FACE_BOUND('',#7902,.F.);
#7902 = EDGE_LOOP('',(#7903,#7904,#7905,#7906,#7907,#7908,#7909,#7910,
    #7911,#7912,#7913,#7914,#7915,#7916,#7917,#7918));
#7903 = ORIENTED_EDGE('',*,*,#6398,.F.);
#7904 = ORIENTED_EDGE('',*,*,#6374,.F.);
#7905 = ORIENTED_EDGE('',*,*,#6350,.F.);
#7906 = ORIENTED_EDGE('',*,*,#6326,.F.);
#7907 = ORIENTED_EDGE('',*,*,#6302,.F.);
#7908 = ORIENTED_EDGE('',*,*,#6278,.F.);
#7909 = ORIENTED_EDGE('',*,*,#6254,.F.);
#7910 = ORIENTED_EDGE('',*,*,#6226,.F.);
#7911 = ORIENTED_EDGE('',*,*,#6198,.F.);
#7912 = ORIENTED_EDGE('',*,*,#6174,.F.);
#7913 = ORIENTED_EDGE('',*,*,#6146,.F.);
#7914 = ORIENTED_EDGE('',*,*,#6118,.F.);
#7915 = ORIENTED_EDGE('',*,*,#6094,.F.);
#7916 = ORIENTED_EDGE('',*,*,#6070,.F.);
#7917 = ORIENTED_EDGE('',*,*,#6046,.F.);
#7918 = ORIENTED_EDGE('',*,*,#6015,.F.);
#7919 = PLANE('',#7920);
#7920 = AXIS2_PLACEMENT_3D('',#7921,#7922,#7923);
#7921 = CARTESIAN_POINT('',(43.554431403518,18.602559485273,25.5));
#7922 = DIRECTION('',(0.,0.,1.));
#7923 = DIRECTION('',(1.,0.,0.));
#7924 = ADVANCED_FACE('',(#7925,#7941),#7986,.T.);
#7925 = FACE_BOUND('',#7926,.F.);
#7926 = EDGE_LOOP('',(#7927,#7928,#7929,#7930,#7931,#7932,#7933,#7934,
    #7935,#7936,#7937,#7938,#7939,#7940));
#7927 = ORIENTED_EDGE('',*,*,#6758,.F.);
#7928 = ORIENTED_EDGE('',*,*,#6730,.F.);
#7929 = ORIENTED_EDGE('',*,*,#6702,.F.);
#7930 = ORIENTED_EDGE('',*,*,#6678,.F.);
#7931 = ORIENTED_EDGE('',*,*,#6654,.F.);
#7932 = ORIENTED_EDGE('',*,*,#6626,.F.);
#7933 = ORIENTED_EDGE('',*,*,#6598,.F.);
#7934 = ORIENTED_EDGE('',*,*,#6574,.F.);
#7935 = ORIENTED_EDGE('',*,*,#6546,.F.);
#7936 = ORIENTED_EDGE('',*,*,#6518,.F.);
#7937 = ORIENTED_EDGE('',*,*,#6494,.F.);
#7938 = ORIENTED_EDGE('',*,*,#6470,.F.);
#7939 = ORIENTED_EDGE('',*,*,#6446,.F.);
#7940 = ORIENTED_EDGE('',*,*,#6415,.F.);
#7941 = FACE_BOUND('',#7942,.F.);
#7942 = EDGE_LOOP('',(#7943,#7954,#7963,#7971,#7979));
#7943 = ORIENTED_EDGE('',*,*,#7944,.F.);
#7944 = EDGE_CURVE('',#7945,#7947,#7949,.T.);
#7945 = VERTEX_POINT('',#7946);
#7946 = CARTESIAN_POINT('',(50.267428967429,15.423700623701,25.5));
#7947 = VERTEX_POINT('',#7948);
#7948 = CARTESIAN_POINT('',(49.03665973666,16.443797643798,25.5));
#7949 = B_SPLINE_CURVE_WITH_KNOTS('',3,(#7950,#7951,#7952,#7953),
  .UNSPECIFIED.,.F.,.F.,(4,4),(0.,1.),.PIECEWISE_BEZIER_KNOTS.);
#7950 = CARTESIAN_POINT('',(50.267428967429,15.423700623701,25.5));
#7951 = CARTESIAN_POINT('',(49.5079002079,15.423700623701,25.5));
#7952 = CARTESIAN_POINT('',(49.03665973666,15.811781011781,25.5));
#7953 = CARTESIAN_POINT('',(49.03665973666,16.443797643798,25.5));
#7954 = ORIENTED_EDGE('',*,*,#7955,.F.);
#7955 = EDGE_CURVE('',#7956,#7945,#7958,.T.);
#7956 = VERTEX_POINT('',#7957);
#7957 = CARTESIAN_POINT('',(51.869646569647,16.831878031878,25.5));
#7958 = B_SPLINE_CURVE_WITH_KNOTS('',3,(#7959,#7960,#7961,#7962),
  .UNSPECIFIED.,.F.,.F.,(4,4),(0.,1.),.PIECEWISE_BEZIER_KNOTS.);
#7959 = CARTESIAN_POINT('',(51.869646569647,16.831878031878,25.5));
#7960 = CARTESIAN_POINT('',(51.869646569647,16.027997227997,25.5));
#7961 = CARTESIAN_POINT('',(51.176645876646,15.423700623701,25.5));
#7962 = CARTESIAN_POINT('',(50.267428967429,15.423700623701,25.5));
#7963 = ORIENTED_EDGE('',*,*,#7964,.F.);
#7964 = EDGE_CURVE('',#7965,#7956,#7967,.T.);
#7965 = VERTEX_POINT('',#7966);
#7966 = CARTESIAN_POINT('',(51.869646569647,17.541510741511,25.5));
#7967 = LINE('',#7968,#7969);
#7968 = CARTESIAN_POINT('',(51.869646569647,17.541510741511,25.5));
#7969 = VECTOR('',#7970,1.);
#7970 = DIRECTION('',(0.,-1.,0.));
#7971 = ORIENTED_EDGE('',*,*,#7972,.F.);
#7972 = EDGE_CURVE('',#7973,#7965,#7975,.T.);
#7973 = VERTEX_POINT('',#7974);
#7974 = CARTESIAN_POINT('',(50.322869022869,17.469438669439,25.5));
#7975 = LINE('',#7976,#7977);
#7976 = CARTESIAN_POINT('',(50.322869022869,17.469438669439,25.5));
#7977 = VECTOR('',#7978,1.);
#7978 = DIRECTION('',(0.998916218246,4.654448328746E-02,0.));
#7979 = ORIENTED_EDGE('',*,*,#7980,.F.);
#7980 = EDGE_CURVE('',#7947,#7973,#7981,.T.);
#7981 = B_SPLINE_CURVE_WITH_KNOTS('',3,(#7982,#7983,#7984,#7985),
  .UNSPECIFIED.,.F.,.F.,(4,4),(0.,1.),.PIECEWISE_BEZIER_KNOTS.);
#7982 = CARTESIAN_POINT('',(49.03665973666,16.443797643798,25.5));
#7983 = CARTESIAN_POINT('',(49.03665973666,17.07027027027,25.5));
#7984 = CARTESIAN_POINT('',(49.48018018018,17.430630630631,25.5));
#7985 = CARTESIAN_POINT('',(50.322869022869,17.469438669439,25.5));
#7986 = PLANE('',#7987);
#7987 = AXIS2_PLACEMENT_3D('',#7988,#7989,#7990);
#7988 = CARTESIAN_POINT('',(50.659850881955,17.511949496412,25.5));
#7989 = DIRECTION('',(0.,0.,1.));
#7990 = DIRECTION('',(1.,0.,0.));
#7991 = ADVANCED_FACE('',(#7992),#8011,.T.);
#7992 = FACE_BOUND('',#7993,.F.);
#7993 = EDGE_LOOP('',(#7994,#7995,#7996,#7997,#7998,#7999,#8000,#8001,
    #8002,#8003,#8004,#8005,#8006,#8007,#8008,#8009,#8010));
#7994 = ORIENTED_EDGE('',*,*,#7186,.F.);
#7995 = ORIENTED_EDGE('',*,*,#7162,.F.);
#7996 = ORIENTED_EDGE('',*,*,#7134,.F.);
#7997 = ORIENTED_EDGE('',*,*,#7106,.F.);
#7998 = ORIENTED_EDGE('',*,*,#7082,.F.);
#7999 = ORIENTED_EDGE('',*,*,#7054,.F.);
#8000 = ORIENTED_EDGE('',*,*,#7026,.F.);
#8001 = ORIENTED_EDGE('',*,*,#7002,.F.);
#8002 = ORIENTED_EDGE('',*,*,#6978,.F.);
#8003 = ORIENTED_EDGE('',*,*,#6954,.F.);
#8004 = ORIENTED_EDGE('',*,*,#6930,.F.);
#8005 = ORIENTED_EDGE('',*,*,#6906,.F.);
#8006 = ORIENTED_EDGE('',*,*,#6882,.F.);
#8007 = ORIENTED_EDGE('',*,*,#6858,.F.);
#8008 = ORIENTED_EDGE('',*,*,#6834,.F.);
#8009 = ORIENTED_EDGE('',*,*,#6810,.F.);
#8010 = ORIENTED_EDGE('',*,*,#6779,.F.);
#8011 = PLANE('',#8012);
#8012 = AXIS2_PLACEMENT_3D('',#8013,#8014,#8015);
#8013 = CARTESIAN_POINT('',(57.473740370993,18.019458726142,25.5));
#8014 = DIRECTION('',(0.,0.,1.));
#8015 = DIRECTION('',(1.,0.,0.));
#8016 = ADVANCED_FACE('',(#8017),#8029,.T.);
#8017 = FACE_BOUND('',#8018,.F.);
#8018 = EDGE_LOOP('',(#8019,#8020,#8021,#8022,#8023,#8024,#8025,#8026,
    #8027,#8028));
#8019 = ORIENTED_EDGE('',*,*,#7426,.F.);
#8020 = ORIENTED_EDGE('',*,*,#7402,.F.);
#8021 = ORIENTED_EDGE('',*,*,#7378,.F.);
#8022 = ORIENTED_EDGE('',*,*,#7354,.F.);
#8023 = ORIENTED_EDGE('',*,*,#7330,.F.);
#8024 = ORIENTED_EDGE('',*,*,#7306,.F.);
#8025 = ORIENTED_EDGE('',*,*,#7282,.F.);
#8026 = ORIENTED_EDGE('',*,*,#7258,.F.);
#8027 = ORIENTED_EDGE('',*,*,#7234,.F.);
#8028 = ORIENTED_EDGE('',*,*,#7203,.F.);
#8029 = PLANE('',#8030);
#8030 = AXIS2_PLACEMENT_3D('',#8031,#8032,#8033);
#8031 = CARTESIAN_POINT('',(8.362471143681,18.397973783719,25.5));
#8032 = DIRECTION('',(0.,0.,1.));
#8033 = DIRECTION('',(1.,0.,0.));
#8034 = ADVANCED_FACE('',(#8035,#8049),#8103,.T.);
#8035 = FACE_BOUND('',#8036,.F.);
#8036 = EDGE_LOOP('',(#8037,#8038,#8039,#8040,#8041,#8042,#8043,#8044,
    #8045,#8046,#8047,#8048));
#8037 = ORIENTED_EDGE('',*,*,#7730,.F.);
#8038 = ORIENTED_EDGE('',*,*,#7706,.F.);
#8039 = ORIENTED_EDGE('',*,*,#7678,.F.);
#8040 = ORIENTED_EDGE('',*,*,#7650,.F.);
#8041 = ORIENTED_EDGE('',*,*,#7626,.F.);
#8042 = ORIENTED_EDGE('',*,*,#7598,.F.);
#8043 = ORIENTED_EDGE('',*,*,#7570,.F.);
#8044 = ORIENTED_EDGE('',*,*,#7546,.F.);
#8045 = ORIENTED_EDGE('',*,*,#7522,.F.);
#8046 = ORIENTED_EDGE('',*,*,#7498,.F.);
#8047 = ORIENTED_EDGE('',*,*,#7474,.F.);
#8048 = ORIENTED_EDGE('',*,*,#7443,.F.);
#8049 = FACE_BOUND('',#8050,.F.);
#8050 = EDGE_LOOP('',(#8051,#8062,#8070,#8079,#8088,#8096));
#8051 = ORIENTED_EDGE('',*,*,#8052,.F.);
#8052 = EDGE_CURVE('',#8053,#8055,#8057,.T.);
#8053 = VERTEX_POINT('',#8054);
#8054 = CARTESIAN_POINT('',(20.774428274428,18.151351351351,25.5));
#8055 = VERTEX_POINT('',#8056);
#8056 = CARTESIAN_POINT('',(22.404365904366,19.969785169785,25.5));
#8057 = B_SPLINE_CURVE_WITH_KNOTS('',3,(#8058,#8059,#8060,#8061),
  .UNSPECIFIED.,.F.,.F.,(4,4),(0.,1.),.PIECEWISE_BEZIER_KNOTS.);
#8058 = CARTESIAN_POINT('',(20.774428274428,18.151351351351,25.5));
#8059 = CARTESIAN_POINT('',(20.774428274428,19.260152460152,25.5));
#8060 = CARTESIAN_POINT('',(21.411988911989,19.969785169785,25.5));
#8061 = CARTESIAN_POINT('',(22.404365904366,19.969785169785,25.5));
#8062 = ORIENTED_EDGE('',*,*,#8063,.F.);
#8063 = EDGE_CURVE('',#8064,#8053,#8066,.T.);
#8064 = VERTEX_POINT('',#8065);
#8065 = CARTESIAN_POINT('',(20.774428274428,17.286486486486,25.5));
#8066 = LINE('',#8067,#8068);
#8067 = CARTESIAN_POINT('',(20.774428274428,17.286486486486,25.5));
#8068 = VECTOR('',#8069,1.);
#8069 = DIRECTION('',(0.,1.,0.));
#8070 = ORIENTED_EDGE('',*,*,#8071,.F.);
#8071 = EDGE_CURVE('',#8072,#8064,#8074,.T.);
#8072 = VERTEX_POINT('',#8073);
#8073 = CARTESIAN_POINT('',(22.404365904366,15.462508662509,25.5));
#8074 = B_SPLINE_CURVE_WITH_KNOTS('',3,(#8075,#8076,#8077,#8078),
  .UNSPECIFIED.,.F.,.F.,(4,4),(0.,1.),.PIECEWISE_BEZIER_KNOTS.);
#8075 = CARTESIAN_POINT('',(22.404365904366,15.462508662509,25.5));
#8076 = CARTESIAN_POINT('',(21.411988911989,15.462508662509,25.5));
#8077 = CARTESIAN_POINT('',(20.774428274428,16.177685377685,25.5));
#8078 = CARTESIAN_POINT('',(20.774428274428,17.286486486486,25.5));
#8079 = ORIENTED_EDGE('',*,*,#8080,.F.);
#8080 = EDGE_CURVE('',#8081,#8072,#8083,.T.);
#8081 = VERTEX_POINT('',#8082);
#8082 = CARTESIAN_POINT('',(24.02875952876,17.286486486486,25.5));
#8083 = B_SPLINE_CURVE_WITH_KNOTS('',3,(#8084,#8085,#8086,#8087),
  .UNSPECIFIED.,.F.,.F.,(4,4),(0.,1.),.PIECEWISE_BEZIER_KNOTS.);
#8084 = CARTESIAN_POINT('',(24.02875952876,17.286486486486,25.5));
#8085 = CARTESIAN_POINT('',(24.02875952876,16.172141372141,25.5));
#8086 = CARTESIAN_POINT('',(23.391198891199,15.462508662509,25.5));
#8087 = CARTESIAN_POINT('',(22.404365904366,15.462508662509,25.5));
#8088 = ORIENTED_EDGE('',*,*,#8089,.F.);
#8089 = EDGE_CURVE('',#8090,#8081,#8092,.T.);
#8090 = VERTEX_POINT('',#8091);
#8091 = CARTESIAN_POINT('',(24.02875952876,18.151351351351,25.5));
#8092 = LINE('',#8093,#8094);
#8093 = CARTESIAN_POINT('',(24.02875952876,18.151351351351,25.5));
#8094 = VECTOR('',#8095,1.);
#8095 = DIRECTION('',(0.,-1.,0.));
#8096 = ORIENTED_EDGE('',*,*,#8097,.F.);
#8097 = EDGE_CURVE('',#8055,#8090,#8098,.T.);
#8098 = B_SPLINE_CURVE_WITH_KNOTS('',3,(#8099,#8100,#8101,#8102),
  .UNSPECIFIED.,.F.,.F.,(4,4),(0.,1.),.PIECEWISE_BEZIER_KNOTS.);
#8099 = CARTESIAN_POINT('',(22.404365904366,19.969785169785,25.5));
#8100 = CARTESIAN_POINT('',(23.391198891199,19.969785169785,25.5));
#8101 = CARTESIAN_POINT('',(24.02875952876,19.260152460152,25.5));
#8102 = CARTESIAN_POINT('',(24.02875952876,18.151351351351,25.5));
#8103 = PLANE('',#8104);
#8104 = AXIS2_PLACEMENT_3D('',#8105,#8106,#8107);
#8105 = CARTESIAN_POINT('',(22.878977274577,18.259950140053,25.5));
#8106 = DIRECTION('',(0.,0.,1.));
#8107 = DIRECTION('',(1.,0.,0.));
#8108 = ADVANCED_FACE('',(#8109),#8137,.T.);
#8109 = FACE_BOUND('',#8110,.T.);
#8110 = EDGE_LOOP('',(#8111,#8112,#8120,#8131));
#8111 = ORIENTED_EDGE('',*,*,#7753,.F.);
#8112 = ORIENTED_EDGE('',*,*,#8113,.T.);
#8113 = EDGE_CURVE('',#7754,#8114,#8116,.T.);
#8114 = VERTEX_POINT('',#8115);
#8115 = CARTESIAN_POINT('',(17.169715869716,19.592792792793,26.));
#8116 = LINE('',#8117,#8118);
#8117 = CARTESIAN_POINT('',(17.169715869716,19.592792792793,25.5));
#8118 = VECTOR('',#8119,1.);
#8119 = DIRECTION('',(0.,0.,1.));
#8120 = ORIENTED_EDGE('',*,*,#8121,.F.);
#8121 = EDGE_CURVE('',#8122,#8114,#8124,.T.);
#8122 = VERTEX_POINT('',#8123);
#8123 = CARTESIAN_POINT('',(17.208523908524,18.700207900208,26.));
#8124 = B_SPLINE_CURVE_WITH_KNOTS('',5,(#8125,#8126,#8127,#8128,#8129,
    #8130),.UNSPECIFIED.,.F.,.F.,(6,6),(0.,1.),
  .PIECEWISE_BEZIER_KNOTS.);
#8125 = CARTESIAN_POINT('',(17.208523908524,18.700207900208,26.));
#8126 = CARTESIAN_POINT('',(17.208523908524,18.886482788785,26.));
#8127 = CARTESIAN_POINT('',(17.205422580415,19.068743584243,26.));
#8128 = CARTESIAN_POINT('',(17.198475283699,19.247039501936,26.));
#8129 = CARTESIAN_POINT('',(17.186836100273,19.421590487223,26.));
#8130 = CARTESIAN_POINT('',(17.169715869716,19.592792792793,26.));
#8131 = ORIENTED_EDGE('',*,*,#8132,.F.);
#8132 = EDGE_CURVE('',#7756,#8122,#8133,.T.);
#8133 = LINE('',#8134,#8135);
#8134 = CARTESIAN_POINT('',(17.208523908524,18.700207900208,25.5));
#8135 = VECTOR('',#8136,1.);
#8136 = DIRECTION('',(0.,0.,1.));
#8137 = SURFACE_OF_LINEAR_EXTRUSION('',#8138,#8143);
#8138 = B_SPLINE_CURVE_WITH_KNOTS('',3,(#8139,#8140,#8141,#8142),
  .UNSPECIFIED.,.F.,.F.,(4,4),(0.,1.),.PIECEWISE_BEZIER_KNOTS.);
#8139 = CARTESIAN_POINT('',(17.169715869716,19.592792792793,25.5));
#8140 = CARTESIAN_POINT('',(17.197435897436,19.315592515593,25.5));
#8141 = CARTESIAN_POINT('',(17.208523908524,19.02176022176,25.5));
#8142 = CARTESIAN_POINT('',(17.208523908524,18.700207900208,25.5));
#8143 = VECTOR('',#8144,1.);
#8144 = DIRECTION('',(-0.,-0.,-1.));
#8145 = ADVANCED_FACE('',(#8146),#8164,.T.);
#8146 = FACE_BOUND('',#8147,.T.);
#8147 = EDGE_LOOP('',(#8148,#8149,#8157,#8163));
#8148 = ORIENTED_EDGE('',*,*,#7764,.F.);
#8149 = ORIENTED_EDGE('',*,*,#8150,.T.);
#8150 = EDGE_CURVE('',#7765,#8151,#8153,.T.);
#8151 = VERTEX_POINT('',#8152);
#8152 = CARTESIAN_POINT('',(13.954192654193,16.87623007623,26.));
#8153 = LINE('',#8154,#8155);
#8154 = CARTESIAN_POINT('',(13.954192654193,16.87623007623,25.5));
#8155 = VECTOR('',#8156,1.);
#8156 = DIRECTION('',(0.,0.,1.));
#8157 = ORIENTED_EDGE('',*,*,#8158,.F.);
#8158 = EDGE_CURVE('',#8114,#8151,#8159,.T.);
#8159 = LINE('',#8160,#8161);
#8160 = CARTESIAN_POINT('',(4.162210870554,8.603693741777,26.));
#8161 = VECTOR('',#8162,1.);
#8162 = DIRECTION('',(-0.763885625546,-0.645351649168,0.));
#8163 = ORIENTED_EDGE('',*,*,#8113,.F.);
#8164 = PLANE('',#8165);
#8165 = AXIS2_PLACEMENT_3D('',#8166,#8167,#8168);
#8166 = CARTESIAN_POINT('',(13.954192654193,16.87623007623,25.5));
#8167 = DIRECTION('',(-0.645351649168,0.763885625546,0.));
#8168 = DIRECTION('',(0.763885625546,0.645351649168,0.));
#8169 = ADVANCED_FACE('',(#8170),#8217,.T.);
#8170 = FACE_BOUND('',#8171,.T.);
#8171 = EDGE_LOOP('',(#8172,#8173,#8181,#8216));
#8172 = ORIENTED_EDGE('',*,*,#7772,.F.);
#8173 = ORIENTED_EDGE('',*,*,#8174,.T.);
#8174 = EDGE_CURVE('',#7773,#8175,#8177,.T.);
#8175 = VERTEX_POINT('',#8176);
#8176 = CARTESIAN_POINT('',(15.484338184338,15.384892584893,26.));
#8177 = LINE('',#8178,#8179);
#8178 = CARTESIAN_POINT('',(15.484338184338,15.384892584893,25.5));
#8179 = VECTOR('',#8180,1.);
#8180 = DIRECTION('',(0.,0.,1.));
#8181 = ORIENTED_EDGE('',*,*,#8182,.F.);
#8182 = EDGE_CURVE('',#8151,#8175,#8183,.T.);
#8183 = B_SPLINE_CURVE_WITH_KNOTS('',6,(#8184,#8185,#8186,#8187,#8188,
    #8189,#8190,#8191,#8192,#8193,#8194,#8195,#8196,#8197,#8198,#8199,
    #8200,#8201,#8202,#8203,#8204,#8205,#8206,#8207,#8208,#8209,#8210,
    #8211,#8212,#8213,#8214,#8215),.UNSPECIFIED.,.F.,.F.,(7,5,5,5,5,5,7)
  ,(0.,0.372633515586,0.506277737398,0.580167505005,0.733303827719,
    0.909224871917,1.),.UNSPECIFIED.);
#8184 = CARTESIAN_POINT('',(13.954192654193,16.87623007623,26.));
#8185 = CARTESIAN_POINT('',(13.992495840769,16.731981905505,26.));
#8186 = CARTESIAN_POINT('',(14.036745900071,16.590085731652,26.));
#8187 = CARTESIAN_POINT('',(14.087797464394,16.451028072142,26.));
#8188 = CARTESIAN_POINT('',(14.146650876781,16.315857308935,26.));
#8189 = CARTESIAN_POINT('',(14.214445032262,16.186185069696,26.));
#8190 = CARTESIAN_POINT('',(14.320242230414,16.020321192302,26.));
#8191 = CARTESIAN_POINT('',(14.349457691183,15.977526930032,26.));
#8192 = CARTESIAN_POINT('',(14.380005476873,15.935826771895,26.));
#8193 = CARTESIAN_POINT('',(14.411923795053,15.895339657766,26.));
#8194 = CARTESIAN_POINT('',(14.44523886101,15.856193731489,26.));
#8195 = CARTESIAN_POINT('',(14.49915565542,15.79769265532,26.));
#8196 = CARTESIAN_POINT('',(14.518781438961,15.777314489995,26.));
#8197 = CARTESIAN_POINT('',(14.538838071349,15.757409467789,26.));
#8198 = CARTESIAN_POINT('',(14.559324924136,15.738000156344,26.));
#8199 = CARTESIAN_POINT('',(14.580239304351,15.719108926948,26.));
#8200 = CARTESIAN_POINT('',(14.645797634443,15.662725619005,26.));
#8201 = CARTESIAN_POINT('',(14.691839168761,15.627009327236,26.));
#8202 = CARTESIAN_POINT('',(14.739648665511,15.593812313346,26.));
#8203 = CARTESIAN_POINT('',(14.789140306166,15.563310518513,26.));
#8204 = CARTESIAN_POINT('',(14.840186956559,15.535639599016,26.));
#8205 = CARTESIAN_POINT('',(14.952837814798,15.482440646448,26.));
#8206 = CARTESIAN_POINT('',(15.014897238923,15.457837240673,26.));
#8207 = CARTESIAN_POINT('',(15.078520563048,15.437201792737,26.));
#8208 = CARTESIAN_POINT('',(15.143423396968,15.420536242963,26.));
#8209 = CARTESIAN_POINT('',(15.209317487604,15.407745555108,26.));
#8210 = CARTESIAN_POINT('',(15.310288755824,15.393985315203,26.));
#8211 = CARTESIAN_POINT('',(15.344848413383,15.390290183027,26.));
#8212 = CARTESIAN_POINT('',(15.379564535181,15.387561242197,26.));
#8213 = CARTESIAN_POINT('',(15.414404236186,15.385771869264,26.));
#8214 = CARTESIAN_POINT('',(15.44933765808,15.384892584893,26.));
#8215 = CARTESIAN_POINT('',(15.484338184338,15.384892584893,26.));
#8216 = ORIENTED_EDGE('',*,*,#8150,.F.);
#8217 = SURFACE_OF_LINEAR_EXTRUSION('',#8218,#8223);
#8218 = B_SPLINE_CURVE_WITH_KNOTS('',3,(#8219,#8220,#8221,#8222),
  .UNSPECIFIED.,.F.,.F.,(4,4),(0.,1.),.PIECEWISE_BEZIER_KNOTS.);
#8219 = CARTESIAN_POINT('',(15.484338184338,15.384892584893,25.5));
#8220 = CARTESIAN_POINT('',(14.730353430353,15.384892584893,25.5));
#8221 = CARTESIAN_POINT('',(14.214760914761,15.894941094941,25.5));
#8222 = CARTESIAN_POINT('',(13.954192654193,16.87623007623,25.5));
#8223 = VECTOR('',#8224,1.);
#8224 = DIRECTION('',(-0.,-0.,-1.));
#8225 = ADVANCED_FACE('',(#8226),#8285,.T.);
#8226 = FACE_BOUND('',#8227,.T.);
#8227 = EDGE_LOOP('',(#8228,#8229,#8230,#8284));
#8228 = ORIENTED_EDGE('',*,*,#7781,.F.);
#8229 = ORIENTED_EDGE('',*,*,#8132,.T.);
#8230 = ORIENTED_EDGE('',*,*,#8231,.F.);
#8231 = EDGE_CURVE('',#8175,#8122,#8232,.T.);
#8232 = B_SPLINE_CURVE_WITH_KNOTS('',8,(#8233,#8234,#8235,#8236,#8237,
    #8238,#8239,#8240,#8241,#8242,#8243,#8244,#8245,#8246,#8247,#8248,
    #8249,#8250,#8251,#8252,#8253,#8254,#8255,#8256,#8257,#8258,#8259,
    #8260,#8261,#8262,#8263,#8264,#8265,#8266,#8267,#8268,#8269,#8270,
    #8271,#8272,#8273,#8274,#8275,#8276,#8277,#8278,#8279,#8280,#8281,
    #8282,#8283),.UNSPECIFIED.,.F.,.F.,(9,7,7,7,7,7,7,9),(0.,
    5.227564848922E-02,0.149954278277,0.244998314843,0.294307449912,
    0.394663999019,0.769604006058,1.),.UNSPECIFIED.);
#8233 = CARTESIAN_POINT('',(15.484338184338,15.384892584893,26.));
#8234 = CARTESIAN_POINT('',(15.511197626922,15.384892584893,26.));
#8235 = CARTESIAN_POINT('',(15.538038646628,15.38538574366,26.));
#8236 = CARTESIAN_POINT('',(15.564850794292,15.386385128681,26.));
#8237 = CARTESIAN_POINT('',(15.591622666658,15.387903566133,26.));
#8238 = CARTESIAN_POINT('',(15.618341930282,15.389953419364,26.));
#8239 = CARTESIAN_POINT('',(15.644995345438,15.392546367368,26.));
#8240 = CARTESIAN_POINT('',(15.671568790017,15.395693183275,26.));
#8241 = CARTESIAN_POINT('',(15.747523148986,15.406336375761,26.));
#8242 = CARTESIAN_POINT('',(15.796675219177,15.415237804872,26.));
#8243 = CARTESIAN_POINT('',(15.845396382792,15.426170190793,26.));
#8244 = CARTESIAN_POINT('',(15.893576941286,15.439181126007,26.));
#8245 = CARTESIAN_POINT('',(15.94110590815,15.454299360165,26.));
#8246 = CARTESIAN_POINT('',(15.987872308251,15.471530755424,26.));
#8247 = CARTESIAN_POINT('',(16.033766477193,15.490854241772,26.));
#8248 = CARTESIAN_POINT('',(16.1223847975,15.533005084655,26.));
#8249 = CARTESIAN_POINT('',(16.165170716604,15.555728461968,26.));
#8250 = CARTESIAN_POINT('',(16.206940241527,15.580341433248,26.));
#8251 = CARTESIAN_POINT('',(16.247614417814,15.606778213631,26.));
#8252 = CARTESIAN_POINT('',(16.287132209846,15.634956791209,26.));
#8253 = CARTESIAN_POINT('',(16.325448497696,15.664782013807,26.));
#8254 = CARTESIAN_POINT('',(16.362532073965,15.696148675753,26.));
#8255 = CARTESIAN_POINT('',(16.416953166342,15.745959232251,26.));
#8256 = CARTESIAN_POINT('',(16.435207073468,15.763359799215,26.));
#8257 = CARTESIAN_POINT('',(16.453123446073,15.78113148456,26.));
#8258 = CARTESIAN_POINT('',(16.47070151265,15.799259399123,26.));
#8259 = CARTESIAN_POINT('',(16.487941527067,15.81772870774,26.));
#8260 = CARTESIAN_POINT('',(16.504844649504,15.836524751435,26.));
#8261 = CARTESIAN_POINT('',(16.521412827396,15.855633169598,26.));
#8262 = CARTESIAN_POINT('',(16.570692731439,15.914537870821,26.));
#8263 = CARTESIAN_POINT('',(16.602358344809,15.955269966248,26.));
#8264 = CARTESIAN_POINT('',(16.632670805881,15.997120958022,26.));
#8265 = CARTESIAN_POINT('',(16.661664106451,16.039981799191,26.));
#8266 = CARTESIAN_POINT('',(16.689378939697,16.083751260148,26.));
#8267 = CARTESIAN_POINT('',(16.715860699159,16.128337442502,26.));
#8268 = CARTESIAN_POINT('',(16.741157477731,16.173659292939,26.));
#8269 = CARTESIAN_POINT('',(16.855583938231,16.391466002485,26.));
#8270 = CARTESIAN_POINT('',(16.929731661086,16.572094571898,26.));
#8271 = CARTESIAN_POINT('',(16.990882741767,16.758601560269,26.));
#8272 = CARTESIAN_POINT('',(17.041089397919,16.948920924334,26.));
#8273 = CARTESIAN_POINT('',(17.082090855035,17.141567260903,26.));
#8274 = CARTESIAN_POINT('',(17.115227495735,17.335674603821,26.));
#8275 = CARTESIAN_POINT('',(17.141602441181,17.530923930335,26.));
#8276 = CARTESIAN_POINT('',(17.174623029144,17.848388982446,26.));
#8277 = CARTESIAN_POINT('',(17.184935094052,17.969551398036,26.));
#8278 = CARTESIAN_POINT('',(17.193185634332,18.090972838266,26.));
#8279 = CARTESIAN_POINT('',(17.199538070427,18.212591991146,26.));
#8280 = CARTESIAN_POINT('',(17.204132621397,18.334358935906,26.));
#8281 = CARTESIAN_POINT('',(17.207091829849,18.456234573798,26.));
#8282 = CARTESIAN_POINT('',(17.208523908524,18.578190297655,26.));
#8283 = CARTESIAN_POINT('',(17.208523908524,18.700207900208,26.));
#8284 = ORIENTED_EDGE('',*,*,#8174,.F.);
#8285 = SURFACE_OF_LINEAR_EXTRUSION('',#8286,#8291);
#8286 = B_SPLINE_CURVE_WITH_KNOTS('',3,(#8287,#8288,#8289,#8290),
  .UNSPECIFIED.,.F.,.F.,(4,4),(0.,1.),.PIECEWISE_BEZIER_KNOTS.);
#8287 = CARTESIAN_POINT('',(17.208523908524,18.700207900208,25.5));
#8288 = CARTESIAN_POINT('',(17.208523908524,16.532501732502,25.5));
#8289 = CARTESIAN_POINT('',(16.615315315315,15.384892584893,25.5));
#8290 = CARTESIAN_POINT('',(15.484338184338,15.384892584893,25.5));
#8291 = VECTOR('',#8292,1.);
#8292 = DIRECTION('',(-0.,-0.,-1.));
#8293 = ADVANCED_FACE('',(#8294),#8322,.T.);
#8294 = FACE_BOUND('',#8295,.T.);
#8295 = EDGE_LOOP('',(#8296,#8297,#8305,#8316));
#8296 = ORIENTED_EDGE('',*,*,#7790,.F.);
#8297 = ORIENTED_EDGE('',*,*,#8298,.T.);
#8298 = EDGE_CURVE('',#7791,#8299,#8301,.T.);
#8299 = VERTEX_POINT('',#8300);
#8300 = CARTESIAN_POINT('',(13.793416493416,17.818711018711,26.));
#8301 = LINE('',#8302,#8303);
#8302 = CARTESIAN_POINT('',(13.793416493416,17.818711018711,25.5));
#8303 = VECTOR('',#8304,1.);
#8304 = DIRECTION('',(0.,0.,1.));
#8305 = ORIENTED_EDGE('',*,*,#8306,.F.);
#8306 = EDGE_CURVE('',#8307,#8299,#8309,.T.);
#8307 = VERTEX_POINT('',#8308);
#8308 = CARTESIAN_POINT('',(13.754608454608,18.700207900208,26.));
#8309 = B_SPLINE_CURVE_WITH_KNOTS('',5,(#8310,#8311,#8312,#8313,#8314,
    #8315),.UNSPECIFIED.,.F.,.F.,(6,6),(0.,1.),
  .PIECEWISE_BEZIER_KNOTS.);
#8310 = CARTESIAN_POINT('',(13.754608454608,18.700207900208,26.));
#8311 = CARTESIAN_POINT('',(13.754608454608,18.516627362013,26.));
#8312 = CARTESIAN_POINT('',(13.757727036019,18.336336078759,26.));
#8313 = CARTESIAN_POINT('',(13.764666421628,18.159635547171,26.));
#8314 = CARTESIAN_POINT('',(13.776251005659,17.986932798738,26.));
#8315 = CARTESIAN_POINT('',(13.793416493416,17.818711018711,26.));
#8316 = ORIENTED_EDGE('',*,*,#8317,.F.);
#8317 = EDGE_CURVE('',#7793,#8307,#8318,.T.);
#8318 = LINE('',#8319,#8320);
#8319 = CARTESIAN_POINT('',(13.754608454608,18.700207900208,25.5));
#8320 = VECTOR('',#8321,1.);
#8321 = DIRECTION('',(0.,0.,1.));
#8322 = SURFACE_OF_LINEAR_EXTRUSION('',#8323,#8328);
#8323 = B_SPLINE_CURVE_WITH_KNOTS('',3,(#8324,#8325,#8326,#8327),
  .UNSPECIFIED.,.F.,.F.,(4,4),(0.,1.),.PIECEWISE_BEZIER_KNOTS.);
#8324 = CARTESIAN_POINT('',(13.793416493416,17.818711018711,25.5));
#8325 = CARTESIAN_POINT('',(13.765696465696,18.090367290367,25.5));
#8326 = CARTESIAN_POINT('',(13.754608454608,18.3841995842,25.5));
#8327 = CARTESIAN_POINT('',(13.754608454608,18.700207900208,25.5));
#8328 = VECTOR('',#8329,1.);
#8329 = DIRECTION('',(-0.,-0.,-1.));
#8330 = ADVANCED_FACE('',(#8331),#8349,.T.);
#8331 = FACE_BOUND('',#8332,.T.);
#8332 = EDGE_LOOP('',(#8333,#8334,#8342,#8348));
#8333 = ORIENTED_EDGE('',*,*,#7801,.F.);
#8334 = ORIENTED_EDGE('',*,*,#8335,.T.);
#8335 = EDGE_CURVE('',#7802,#8336,#8338,.T.);
#8336 = VERTEX_POINT('',#8337);
#8337 = CARTESIAN_POINT('',(17.014483714484,20.507553707554,26.));
#8338 = LINE('',#8339,#8340);
#8339 = CARTESIAN_POINT('',(17.014483714484,20.507553707554,25.5));
#8340 = VECTOR('',#8341,1.);
#8341 = DIRECTION('',(0.,0.,1.));
#8342 = ORIENTED_EDGE('',*,*,#8343,.F.);
#8343 = EDGE_CURVE('',#8299,#8336,#8344,.T.);
#8344 = LINE('',#8345,#8346);
#8345 = CARTESIAN_POINT('',(5.388631687175,10.802668624516,26.));
#8346 = VECTOR('',#8347,1.);
#8347 = DIRECTION('',(0.767679485415,0.640833993849,0.));
#8348 = ORIENTED_EDGE('',*,*,#8298,.F.);
#8349 = PLANE('',#8350);
#8350 = AXIS2_PLACEMENT_3D('',#8351,#8352,#8353);
#8351 = CARTESIAN_POINT('',(17.014483714484,20.507553707554,25.5));
#8352 = DIRECTION('',(0.640833993849,-0.767679485415,0.));
#8353 = DIRECTION('',(-0.767679485415,-0.640833993849,0.));
#8354 = ADVANCED_FACE('',(#8355),#8402,.T.);
#8355 = FACE_BOUND('',#8356,.T.);
#8356 = EDGE_LOOP('',(#8357,#8358,#8366,#8401));
#8357 = ORIENTED_EDGE('',*,*,#7809,.F.);
#8358 = ORIENTED_EDGE('',*,*,#8359,.T.);
#8359 = EDGE_CURVE('',#7810,#8360,#8362,.T.);
#8360 = VERTEX_POINT('',#8361);
#8361 = CARTESIAN_POINT('',(15.484338184338,22.015523215523,26.));
#8362 = LINE('',#8363,#8364);
#8363 = CARTESIAN_POINT('',(15.484338184338,22.015523215523,25.5));
#8364 = VECTOR('',#8365,1.);
#8365 = DIRECTION('',(0.,0.,1.));
#8366 = ORIENTED_EDGE('',*,*,#8367,.F.);
#8367 = EDGE_CURVE('',#8336,#8360,#8368,.T.);
#8368 = B_SPLINE_CURVE_WITH_KNOTS('',6,(#8369,#8370,#8371,#8372,#8373,
    #8374,#8375,#8376,#8377,#8378,#8379,#8380,#8381,#8382,#8383,#8384,
    #8385,#8386,#8387,#8388,#8389,#8390,#8391,#8392,#8393,#8394,#8395,
    #8396,#8397,#8398,#8399,#8400),.UNSPECIFIED.,.F.,.F.,(7,5,5,5,5,5,7)
  ,(0.,0.374192328779,0.506755839919,0.580560796213,0.732571776457,
    0.908280577816,1.),.UNSPECIFIED.);
#8369 = CARTESIAN_POINT('',(17.014483714484,20.507553707554,26.));
#8370 = CARTESIAN_POINT('',(16.976938913904,20.653651953287,26.));
#8371 = CARTESIAN_POINT('',(16.933351392579,20.797417430331,26.));
#8372 = CARTESIAN_POINT('',(16.882839613357,20.938368781143,26.));
#8373 = CARTESIAN_POINT('',(16.824364567234,21.075440073876,26.));
#8374 = CARTESIAN_POINT('',(16.756735975744,21.206978720972,26.));
#8375 = CARTESIAN_POINT('',(16.651128411657,21.374699366889,26.));
#8376 = CARTESIAN_POINT('',(16.622211374772,21.417594960219,26.));
#8377 = CARTESIAN_POINT('',(16.591958019084,21.459407409799,26.));
#8378 = CARTESIAN_POINT('',(16.560329173902,21.50001793642,26.));
#8379 = CARTESIAN_POINT('',(16.527297577771,21.539298375023,26.));
#8380 = CARTESIAN_POINT('',(16.473676753678,21.598171475473,26.));
#8381 = CARTESIAN_POINT('',(16.454062338624,21.61877332925,26.));
#8382 = CARTESIAN_POINT('',(16.434008631514,21.638898555011,26.));
#8383 = CARTESIAN_POINT('',(16.413516107402,21.658524041162,26.));
#8384 = CARTESIAN_POINT('',(16.392587372812,21.677626859625,26.));
#8385 = CARTESIAN_POINT('',(16.327233019853,21.734405676045,26.));
#8386 = CARTESIAN_POINT('',(16.281404050657,21.770317982451,26.));
#8387 = CARTESIAN_POINT('',(16.233791822208,21.803716521683,26.));
#8388 = CARTESIAN_POINT('',(16.184481717007,21.834423967739,26.));
#8389 = CARTESIAN_POINT('',(16.133600980456,21.862303428083,26.));
#8390 = CARTESIAN_POINT('',(16.020903237549,21.916132066583,26.));
#8391 = CARTESIAN_POINT('',(15.958603050206,21.941109795029,26.));
#8392 = CARTESIAN_POINT('',(15.894702615622,21.962070558128,26.));
#8393 = CARTESIAN_POINT('',(15.829493454109,21.979012829091,26.));
#8394 = CARTESIAN_POINT('',(15.763270999195,21.992034964669,26.));
#8395 = CARTESIAN_POINT('',(15.661376975571,22.006140044916,26.));
#8396 = CARTESIAN_POINT('',(15.626229559017,22.009955053289,26.));
#8397 = CARTESIAN_POINT('',(15.590918922149,22.012771169346,26.));
#8398 = CARTESIAN_POINT('',(15.555479782561,22.014616765744,26.));
#8399 = CARTESIAN_POINT('',(15.51994356908,22.015523215523,26.));
#8400 = CARTESIAN_POINT('',(15.484338184338,22.015523215523,26.));
#8401 = ORIENTED_EDGE('',*,*,#8335,.F.);
#8402 = SURFACE_OF_LINEAR_EXTRUSION('',#8403,#8408);
#8403 = B_SPLINE_CURVE_WITH_KNOTS('',3,(#8404,#8405,#8406,#8407),
  .UNSPECIFIED.,.F.,.F.,(4,4),(0.,1.),.PIECEWISE_BEZIER_KNOTS.);
#8404 = CARTESIAN_POINT('',(15.484338184338,22.015523215523,25.5));
#8405 = CARTESIAN_POINT('',(16.243866943867,22.015523215523,25.5));
#8406 = CARTESIAN_POINT('',(16.759459459459,21.499930699931,25.5));
#8407 = CARTESIAN_POINT('',(17.014483714484,20.507553707554,25.5));
#8408 = VECTOR('',#8409,1.);
#8409 = DIRECTION('',(-0.,-0.,-1.));
#8410 = ADVANCED_FACE('',(#8411),#8470,.T.);
#8411 = FACE_BOUND('',#8412,.T.);
#8412 = EDGE_LOOP('',(#8413,#8414,#8415,#8469));
#8413 = ORIENTED_EDGE('',*,*,#7818,.F.);
#8414 = ORIENTED_EDGE('',*,*,#8317,.T.);
#8415 = ORIENTED_EDGE('',*,*,#8416,.F.);
#8416 = EDGE_CURVE('',#8360,#8307,#8417,.T.);
#8417 = B_SPLINE_CURVE_WITH_KNOTS('',8,(#8418,#8419,#8420,#8421,#8422,
    #8423,#8424,#8425,#8426,#8427,#8428,#8429,#8430,#8431,#8432,#8433,
    #8434,#8435,#8436,#8437,#8438,#8439,#8440,#8441,#8442,#8443,#8444,
    #8445,#8446,#8447,#8448,#8449,#8450,#8451,#8452,#8453,#8454,#8455,
    #8456,#8457,#8458,#8459,#8460,#8461,#8462,#8463,#8464,#8465,#8466,
    #8467,#8468),.UNSPECIFIED.,.F.,.F.,(9,7,7,7,7,7,7,9),(0.,
    5.224642204005E-02,0.150666659843,0.246502633299,0.295856923748,
    0.396330602932,0.773294896233,1.),.UNSPECIFIED.);
#8418 = CARTESIAN_POINT('',(15.484338184338,22.015523215523,26.));
#8419 = CARTESIAN_POINT('',(15.457471749966,22.015523215523,26.));
#8420 = CARTESIAN_POINT('',(15.430623559458,22.015032183745,26.));
#8421 = CARTESIAN_POINT('',(15.403803964702,22.014037172993,26.));
#8422 = CARTESIAN_POINT('',(15.377024259323,22.012525472582,26.));
#8423 = CARTESIAN_POINT('',(15.350296655381,22.010484825335,26.));
#8424 = CARTESIAN_POINT('',(15.323634260072,22.007903644576,26.));
#8425 = CARTESIAN_POINT('',(15.297051052427,22.004771231126,26.));
#8426 = CARTESIAN_POINT('',(15.220662316376,21.994120774352,26.));
#8427 = CARTESIAN_POINT('',(15.171088522239,21.985172281347,26.));
#8428 = CARTESIAN_POINT('',(15.121949162469,21.974168914218,26.));
#8429 = CARTESIAN_POINT('',(15.073355628149,21.961062062479,26.));
#8430 = CARTESIAN_POINT('',(15.025420683792,21.945822251739,26.));
#8431 = CARTESIAN_POINT('',(14.978257134555,21.92844329321,26.));
#8432 = CARTESIAN_POINT('',(14.931976493449,21.908946433221,26.));
#8433 = CARTESIAN_POINT('',(14.842587973182,21.866388733524,26.));
#8434 = CARTESIAN_POINT('',(14.799418832222,21.843430229999,26.));
#8435 = CARTESIAN_POINT('',(14.757281052723,21.818556278874,26.));
#8436 = CARTESIAN_POINT('',(14.716255073012,21.791833903084,26.));
#8437 = CARTESIAN_POINT('',(14.67640299972,21.763346696496,26.));
#8438 = CARTESIAN_POINT('',(14.637770664795,21.733191658609,26.));
#8439 = CARTESIAN_POINT('',(14.600389682531,21.701476029264,26.));
#8440 = CARTESIAN_POINT('',(14.54568323164,21.651236169459,26.));
#8441 = CARTESIAN_POINT('',(14.527422607891,21.633773387285,26.));
#8442 = CARTESIAN_POINT('',(14.509499512094,21.615940542259,26.));
#8443 = CARTESIAN_POINT('',(14.491914687104,21.59775246335,26.));
#8444 = CARTESIAN_POINT('',(14.474667859666,21.579223922503,26.));
#8445 = CARTESIAN_POINT('',(14.457757858205,21.560369514076,26.));
#8446 = CARTESIAN_POINT('',(14.441182730613,21.541203534281,26.));
#8447 = CARTESIAN_POINT('',(14.391873217767,21.482116417859,26.));
#8448 = CARTESIAN_POINT('',(14.360185396593,21.441261160317,26.));
#8449 = CARTESIAN_POINT('',(14.329851138936,21.399289018447,26.));
#8450 = CARTESIAN_POINT('',(14.300836535172,21.356308644187,26.));
#8451 = CARTESIAN_POINT('',(14.273101012036,21.312420911574,26.));
#8452 = CARTESIAN_POINT('',(14.246599319023,21.267717417348,26.));
#8453 = CARTESIAN_POINT('',(14.221283514778,21.222278981564,26.));
#8454 = CARTESIAN_POINT('',(14.106390108197,21.003194756263,26.));
#8455 = CARTESIAN_POINT('',(14.031945379231,20.821340123576,26.));
#8456 = CARTESIAN_POINT('',(13.970616911117,20.633570029946,26.));
#8457 = CARTESIAN_POINT('',(13.920332337721,20.441969426504,26.));
#8458 = CARTESIAN_POINT('',(13.879334383558,20.248036992383,26.));
#8459 = CARTESIAN_POINT('',(13.846269519505,20.052645299749,26.));
#8460 = CARTESIAN_POINT('',(13.820024193864,19.856114184309,26.));
#8461 = CARTESIAN_POINT('',(13.787560731028,19.539166025898,26.));
#8462 = CARTESIAN_POINT('',(13.77754839316,19.419820202675,26.));
#8463 = CARTESIAN_POINT('',(13.769531380248,19.300226378114,26.));
#8464 = CARTESIAN_POINT('',(13.763354487515,19.180442664023,26.));
#8465 = CARTESIAN_POINT('',(13.758884129458,19.060516527451,26.));
#8466 = CARTESIAN_POINT('',(13.756003293324,18.940485305266,26.));
#8467 = CARTESIAN_POINT('',(13.754608454608,18.820376506177,26.));
#8468 = CARTESIAN_POINT('',(13.754608454608,18.700207900208,26.));
#8469 = ORIENTED_EDGE('',*,*,#8359,.F.);
#8470 = SURFACE_OF_LINEAR_EXTRUSION('',#8471,#8476);
#8471 = B_SPLINE_CURVE_WITH_KNOTS('',3,(#8472,#8473,#8474,#8475),
  .UNSPECIFIED.,.F.,.F.,(4,4),(0.,1.),.PIECEWISE_BEZIER_KNOTS.);
#8472 = CARTESIAN_POINT('',(13.754608454608,18.700207900208,25.5));
#8473 = CARTESIAN_POINT('',(13.754608454608,20.873458073458,25.5));
#8474 = CARTESIAN_POINT('',(14.353361053361,22.015523215523,25.5));
#8475 = CARTESIAN_POINT('',(15.484338184338,22.015523215523,25.5));
#8476 = VECTOR('',#8477,1.);
#8477 = DIRECTION('',(-0.,-0.,-1.));
#8478 = ADVANCED_FACE('',(#8479),#8538,.T.);
#8479 = FACE_BOUND('',#8480,.T.);
#8480 = EDGE_LOOP('',(#8481,#8482,#8490,#8532));
#8481 = ORIENTED_EDGE('',*,*,#7846,.F.);
#8482 = ORIENTED_EDGE('',*,*,#8483,.T.);
#8483 = EDGE_CURVE('',#7847,#8484,#8486,.T.);
#8484 = VERTEX_POINT('',#8485);
#8485 = CARTESIAN_POINT('',(29.59604989605,20.019681219681,26.));
#8486 = LINE('',#8487,#8488);
#8487 = CARTESIAN_POINT('',(29.59604989605,20.019681219681,25.5));
#8488 = VECTOR('',#8489,1.);
#8489 = DIRECTION('',(0.,0.,1.));
#8490 = ORIENTED_EDGE('',*,*,#8491,.F.);
#8491 = EDGE_CURVE('',#8492,#8484,#8494,.T.);
#8492 = VERTEX_POINT('',#8493);
#8493 = CARTESIAN_POINT('',(31.153915453915,18.179071379071,26.));
#8494 = B_SPLINE_CURVE_WITH_KNOTS('',6,(#8495,#8496,#8497,#8498,#8499,
    #8500,#8501,#8502,#8503,#8504,#8505,#8506,#8507,#8508,#8509,#8510,
    #8511,#8512,#8513,#8514,#8515,#8516,#8517,#8518,#8519,#8520,#8521,
    #8522,#8523,#8524,#8525,#8526,#8527,#8528,#8529,#8530,#8531),
  .UNSPECIFIED.,.F.,.F.,(7,5,5,5,5,5,5,7),(0.,0.311356699041,
    0.432611701315,0.501389464784,0.644202551506,0.794290919584,
    0.867075824172,1.),.UNSPECIFIED.);
#8495 = CARTESIAN_POINT('',(31.153915453915,18.179071379071,26.));
#8496 = CARTESIAN_POINT('',(31.153915453915,18.323906244516,26.));
#8497 = CARTESIAN_POINT('',(31.146427424294,18.468232275848,26.));
#8498 = CARTESIAN_POINT('',(31.130590698731,18.611638332399,26.));
#8499 = CARTESIAN_POINT('',(31.105349768605,18.75326965604,26.));
#8500 = CARTESIAN_POINT('',(31.06953960807,18.891836477291,26.));
#8501 = CARTESIAN_POINT('',(31.003585361891,19.077767562725,26.));
#8502 = CARTESIAN_POINT('',(30.983335581449,19.129148689395,26.));
#8503 = CARTESIAN_POINT('',(30.961263072345,19.179688745653,26.));
#8504 = CARTESIAN_POINT('',(30.937314959635,19.229263938607,26.));
#8505 = CARTESIAN_POINT('',(30.911451186409,19.277738616177,26.));
#8506 = CARTESIAN_POINT('',(30.867882616844,19.351758641358,26.));
#8507 = CARTESIAN_POINT('',(30.851491230909,19.378148057455,26.));
#8508 = CARTESIAN_POINT('',(30.83447320363,19.404110457769,26.));
#8509 = CARTESIAN_POINT('',(30.816827200787,19.429618902608,26.));
#8510 = CARTESIAN_POINT('',(30.79855439936,19.454646186587,26.));
#8511 = CARTESIAN_POINT('',(30.74042220884,19.530076415337,26.));
#8512 = CARTESIAN_POINT('',(30.698495143296,19.578801122656,26.));
#8513 = CARTESIAN_POINT('',(30.653920274757,19.625083921138,26.));
#8514 = CARTESIAN_POINT('',(30.60678565067,19.668692389605,26.));
#8515 = CARTESIAN_POINT('',(30.557234428423,19.709428620813,26.));
#8516 = CARTESIAN_POINT('',(30.451078646978,19.786774789047,26.));
#8517 = CARTESIAN_POINT('',(30.39423187419,19.823077157711,26.));
#8518 = CARTESIAN_POINT('',(30.335176549694,19.855869632903,26.));
#8519 = CARTESIAN_POINT('',(30.274183648459,19.885067767726,26.));
#8520 = CARTESIAN_POINT('',(30.211542707568,19.910664357306,26.));
#8521 = CARTESIAN_POINT('',(30.11651894723,19.94340473643,26.));
#8522 = CARTESIAN_POINT('',(30.085166793881,19.953263038845,26.));
#8523 = CARTESIAN_POINT('',(30.053527100664,19.96229446371,26.));
#8524 = CARTESIAN_POINT('',(30.02163065645,19.970508811981,26.));
#8525 = CARTESIAN_POINT('',(29.989506837983,19.977918666592,26.));
#8526 = CARTESIAN_POINT('',(29.898152984245,19.996630560706,26.));
#8527 = CARTESIAN_POINT('',(29.838457697391,20.006089072975,26.));
#8528 = CARTESIAN_POINT('',(29.778264725222,20.013006889188,26.));
#8529 = CARTESIAN_POINT('',(29.717720468258,20.017496783956,26.));
#8530 = CARTESIAN_POINT('',(29.656948930129,20.019681219681,26.));
#8531 = CARTESIAN_POINT('',(29.59604989605,20.019681219681,26.));
#8532 = ORIENTED_EDGE('',*,*,#8533,.F.);
#8533 = EDGE_CURVE('',#7849,#8492,#8534,.T.);
#8534 = LINE('',#8535,#8536);
#8535 = CARTESIAN_POINT('',(31.153915453915,18.179071379071,25.5));
#8536 = VECTOR('',#8537,1.);
#8537 = DIRECTION('',(0.,0.,1.));
#8538 = SURFACE_OF_LINEAR_EXTRUSION('',#8539,#8544);
#8539 = B_SPLINE_CURVE_WITH_KNOTS('',3,(#8540,#8541,#8542,#8543),
  .UNSPECIFIED.,.F.,.F.,(4,4),(0.,1.),.PIECEWISE_BEZIER_KNOTS.);
#8540 = CARTESIAN_POINT('',(29.59604989605,20.019681219681,25.5));
#8541 = CARTESIAN_POINT('',(30.566250866251,20.019681219681,25.5));
#8542 = CARTESIAN_POINT('',(31.153915453915,19.326680526681,25.5));
#8543 = CARTESIAN_POINT('',(31.153915453915,18.179071379071,25.5));
#8544 = VECTOR('',#8545,1.);
#8545 = DIRECTION('',(-0.,-0.,-1.));
#8546 = ADVANCED_FACE('',(#8547),#8599,.T.);
#8547 = FACE_BOUND('',#8548,.T.);
#8548 = EDGE_LOOP('',(#8549,#8550,#8558,#8598));
#8549 = ORIENTED_EDGE('',*,*,#7857,.F.);
#8550 = ORIENTED_EDGE('',*,*,#8551,.T.);
#8551 = EDGE_CURVE('',#7858,#8552,#8554,.T.);
#8552 = VERTEX_POINT('',#8553);
#8553 = CARTESIAN_POINT('',(27.988288288288,18.179071379071,26.));
#8554 = LINE('',#8555,#8556);
#8555 = CARTESIAN_POINT('',(27.988288288288,18.179071379071,25.5));
#8556 = VECTOR('',#8557,1.);
#8557 = DIRECTION('',(0.,0.,1.));
#8558 = ORIENTED_EDGE('',*,*,#8559,.F.);
#8559 = EDGE_CURVE('',#8484,#8552,#8560,.T.);
#8560 = B_SPLINE_CURVE_WITH_KNOTS('',6,(#8561,#8562,#8563,#8564,#8565,
    #8566,#8567,#8568,#8569,#8570,#8571,#8572,#8573,#8574,#8575,#8576,
    #8577,#8578,#8579,#8580,#8581,#8582,#8583,#8584,#8585,#8586,#8587,
    #8588,#8589,#8590,#8591,#8592,#8593,#8594,#8595,#8596,#8597),
  .UNSPECIFIED.,.F.,.F.,(7,5,5,5,5,5,5,7),(0.,0.147920846786,
    0.225945215202,0.384767096425,0.524302948566,0.591368738556,
    0.708864733324,1.),.UNSPECIFIED.);
#8561 = CARTESIAN_POINT('',(29.59604989605,20.019681219681,26.));
#8562 = CARTESIAN_POINT('',(29.527163224258,20.019681219681,26.));
#8563 = CARTESIAN_POINT('',(29.458426867163,20.01708926889,26.));
#8564 = CARTESIAN_POINT('',(29.389965062309,20.011743649102,26.));
#8565 = CARTESIAN_POINT('',(29.321938350633,20.003476717143,26.));
#8566 = CARTESIAN_POINT('',(29.25454076052,19.992131466098,26.));
#8567 = CARTESIAN_POINT('',(29.15289689858,19.969901560394,26.));
#8568 = CARTESIAN_POINT('',(29.118034706299,19.961332792119,26.));
#8569 = CARTESIAN_POINT('',(29.083444278852,19.95185242598,26.));
#8570 = CARTESIAN_POINT('',(29.049161415667,19.941444542227,26.));
#8571 = CARTESIAN_POINT('',(29.015223851772,19.930096657094,26.));
#8572 = CARTESIAN_POINT('',(28.913373542566,19.892768796212,26.));
#8573 = CARTESIAN_POINT('',(28.846659031781,19.86380204693,26.));
#8574 = CARTESIAN_POINT('',(28.78188215847,19.830834719362,26.));
#8575 = CARTESIAN_POINT('',(28.719388338569,19.793874547188,26.));
#8576 = CARTESIAN_POINT('',(28.659498848701,19.753025052512,26.));
#8577 = CARTESIAN_POINT('',(28.55241455446,19.669398321335,26.));
#8578 = CARTESIAN_POINT('',(28.50455107921,19.627449601397,26.));
#8579 = CARTESIAN_POINT('',(28.459095098231,19.582810261234,26.));
#8580 = CARTESIAN_POINT('',(28.416175732481,19.535668665599,26.));
#8581 = CARTESIAN_POINT('',(28.375870546143,19.486243832157,26.));
#8582 = CARTESIAN_POINT('',(28.320115972535,19.410037724629,26.));
#8583 = CARTESIAN_POINT('',(28.302628436713,19.384826728186,26.));
#8584 = CARTESIAN_POINT('',(28.285755010296,19.359167964163,26.));
#8585 = CARTESIAN_POINT('',(28.269496295894,19.333086836578,26.));
#8586 = CARTESIAN_POINT('',(28.253850569881,19.306608495656,26.));
#8587 = CARTESIAN_POINT('',(28.212470063734,19.232716794244,26.));
#8588 = CARTESIAN_POINT('',(28.187995750606,19.184532859204,26.));
#8589 = CARTESIAN_POINT('',(28.165369633273,19.135338000601,26.));
#8590 = CARTESIAN_POINT('',(28.144552655497,19.085256687628,26.));
#8591 = CARTESIAN_POINT('',(28.125493981296,19.034402771698,26.));
#8592 = CARTESIAN_POINT('',(28.065129541079,18.85520262407,26.));
#8593 = CARTESIAN_POINT('',(28.032591025072,18.723462158996,26.));
#8594 = CARTESIAN_POINT('',(28.009596017546,18.58906444378,26.));
#8595 = CARTESIAN_POINT('',(27.995135569025,18.453101588138,26.));
#8596 = CARTESIAN_POINT('',(27.988288288288,18.3163115775,26.));
#8597 = CARTESIAN_POINT('',(27.988288288288,18.179071379071,26.));
#8598 = ORIENTED_EDGE('',*,*,#8483,.F.);
#8599 = SURFACE_OF_LINEAR_EXTRUSION('',#8600,#8605);
#8600 = B_SPLINE_CURVE_WITH_KNOTS('',3,(#8601,#8602,#8603,#8604),
  .UNSPECIFIED.,.F.,.F.,(4,4),(0.,1.),.PIECEWISE_BEZIER_KNOTS.);
#8601 = CARTESIAN_POINT('',(27.988288288288,18.179071379071,25.5));
#8602 = CARTESIAN_POINT('',(27.988288288288,19.332224532225,25.5));
#8603 = CARTESIAN_POINT('',(28.592584892585,20.019681219681,25.5));
#8604 = CARTESIAN_POINT('',(29.59604989605,20.019681219681,25.5));
#8605 = VECTOR('',#8606,1.);
#8606 = DIRECTION('',(-0.,-0.,-1.));
#8607 = ADVANCED_FACE('',(#8608),#8619,.T.);
#8608 = FACE_BOUND('',#8609,.T.);
#8609 = EDGE_LOOP('',(#8610,#8611,#8612,#8618));
#8610 = ORIENTED_EDGE('',*,*,#7866,.F.);
#8611 = ORIENTED_EDGE('',*,*,#8533,.T.);
#8612 = ORIENTED_EDGE('',*,*,#8613,.F.);
#8613 = EDGE_CURVE('',#8552,#8492,#8614,.T.);
#8614 = LINE('',#8615,#8616);
#8615 = CARTESIAN_POINT('',(14.126957726958,18.179071379071,26.));
#8616 = VECTOR('',#8617,1.);
#8617 = DIRECTION('',(1.,0.,0.));
#8618 = ORIENTED_EDGE('',*,*,#8551,.F.);
#8619 = PLANE('',#8620);
#8620 = AXIS2_PLACEMENT_3D('',#8621,#8622,#8623);
#8621 = CARTESIAN_POINT('',(31.153915453915,18.179071379071,25.5));
#8622 = DIRECTION('',(0.,-1.,0.));
#8623 = DIRECTION('',(-1.,0.,0.));
#8624 = ADVANCED_FACE('',(#8625),#8679,.T.);
#8625 = FACE_BOUND('',#8626,.T.);
#8626 = EDGE_LOOP('',(#8627,#8628,#8636,#8673));
#8627 = ORIENTED_EDGE('',*,*,#7944,.F.);
#8628 = ORIENTED_EDGE('',*,*,#8629,.T.);
#8629 = EDGE_CURVE('',#7945,#8630,#8632,.T.);
#8630 = VERTEX_POINT('',#8631);
#8631 = CARTESIAN_POINT('',(50.267428967429,15.423700623701,26.));
#8632 = LINE('',#8633,#8634);
#8633 = CARTESIAN_POINT('',(50.267428967429,15.423700623701,25.5));
#8634 = VECTOR('',#8635,1.);
#8635 = DIRECTION('',(0.,0.,1.));
#8636 = ORIENTED_EDGE('',*,*,#8637,.F.);
#8637 = EDGE_CURVE('',#8638,#8630,#8640,.T.);
#8638 = VERTEX_POINT('',#8639);
#8639 = CARTESIAN_POINT('',(49.03665973666,16.443797643798,26.));
#8640 = B_SPLINE_CURVE_WITH_KNOTS('',6,(#8641,#8642,#8643,#8644,#8645,
    #8646,#8647,#8648,#8649,#8650,#8651,#8652,#8653,#8654,#8655,#8656,
    #8657,#8658,#8659,#8660,#8661,#8662,#8663,#8664,#8665,#8666,#8667,
    #8668,#8669,#8670,#8671,#8672),.UNSPECIFIED.,.F.,.F.,(7,5,5,5,5,5,7)
  ,(0.,0.11465458225,0.327496369499,0.481258312191,0.555295966626,
    0.684762052147,1.),.UNSPECIFIED.);
#8641 = CARTESIAN_POINT('',(49.03665973666,16.443797643798,26.));
#8642 = CARTESIAN_POINT('',(49.03665973666,16.408893872065,26.));
#8643 = CARTESIAN_POINT('',(49.037809549801,16.374119503158,26.));
#8644 = CARTESIAN_POINT('',(49.040154302654,16.339522413192,26.));
#8645 = CARTESIAN_POINT('',(49.043737161118,16.305157305532,26.));
#8646 = CARTESIAN_POINT('',(49.048596222639,16.271085062624,26.));
#8647 = CARTESIAN_POINT('',(49.066206299172,16.174788225968,26.));
#8648 = CARTESIAN_POINT('',(49.08215648975,16.113421235652,26.));
#8649 = CARTESIAN_POINT('',(49.102799749469,16.053734882299,26.));
#8650 = CARTESIAN_POINT('',(49.128219684551,15.996205356939,26.));
#8651 = CARTESIAN_POINT('',(49.158344403007,15.941291199144,26.));
#8652 = CARTESIAN_POINT('',(49.217855477847,15.851918098998,26.));
#8653 = CARTESIAN_POINT('',(49.245132075633,15.816002428422,26.));
#8654 = CARTESIAN_POINT('',(49.274624608711,15.781806585917,26.));
#8655 = CARTESIAN_POINT('',(49.306197787151,15.749438572967,26.));
#8656 = CARTESIAN_POINT('',(49.339689860977,15.718969696153,26.));
#8657 = CARTESIAN_POINT('',(49.391885213785,15.676703096866,26.));
#8658 = CARTESIAN_POINT('',(49.409253445731,15.663414968595,26.));
#8659 = CARTESIAN_POINT('',(49.427006309848,15.65057966726,26.));
#8660 = CARTESIAN_POINT('',(49.445124342109,15.638199237006,26.));
#8661 = CARTESIAN_POINT('',(49.463588086366,15.626273972487,26.));
#8662 = CARTESIAN_POINT('',(49.515235277613,15.59474266478,26.));
#8663 = CARTESIAN_POINT('',(49.549090261647,15.57607049389,26.));
#8664 = CARTESIAN_POINT('',(49.583840431218,15.558778516679,26.));
#8665 = CARTESIAN_POINT('',(49.619387413949,15.542845586041,26.));
#8666 = CARTESIAN_POINT('',(49.655639774649,15.528241099507,26.));
#8667 = CARTESIAN_POINT('',(49.782305201782,15.482516304003,26.));
#8668 = CARTESIAN_POINT('',(49.875752377891,15.457781516911,26.));
#8669 = CARTESIAN_POINT('',(49.971746367195,15.44016500036,26.));
#8670 = CARTESIAN_POINT('',(50.069399422367,15.429012172311,26.));
#8671 = CARTESIAN_POINT('',(50.168082196299,15.423700623701,26.));
#8672 = CARTESIAN_POINT('',(50.267428967429,15.423700623701,26.));
#8673 = ORIENTED_EDGE('',*,*,#8674,.F.);
#8674 = EDGE_CURVE('',#7947,#8638,#8675,.T.);
#8675 = LINE('',#8676,#8677);
#8676 = CARTESIAN_POINT('',(49.03665973666,16.443797643798,25.5));
#8677 = VECTOR('',#8678,1.);
#8678 = DIRECTION('',(0.,0.,1.));
#8679 = SURFACE_OF_LINEAR_EXTRUSION('',#8680,#8685);
#8680 = B_SPLINE_CURVE_WITH_KNOTS('',3,(#8681,#8682,#8683,#8684),
  .UNSPECIFIED.,.F.,.F.,(4,4),(0.,1.),.PIECEWISE_BEZIER_KNOTS.);
#8681 = CARTESIAN_POINT('',(50.267428967429,15.423700623701,25.5));
#8682 = CARTESIAN_POINT('',(49.5079002079,15.423700623701,25.5));
#8683 = CARTESIAN_POINT('',(49.03665973666,15.811781011781,25.5));
#8684 = CARTESIAN_POINT('',(49.03665973666,16.443797643798,25.5));
#8685 = VECTOR('',#8686,1.);
#8686 = DIRECTION('',(-0.,-0.,-1.));
#8687 = ADVANCED_FACE('',(#8688),#8730,.T.);
#8688 = FACE_BOUND('',#8689,.T.);
#8689 = EDGE_LOOP('',(#8690,#8691,#8699,#8729));
#8690 = ORIENTED_EDGE('',*,*,#7955,.F.);
#8691 = ORIENTED_EDGE('',*,*,#8692,.T.);
#8692 = EDGE_CURVE('',#7956,#8693,#8695,.T.);
#8693 = VERTEX_POINT('',#8694);
#8694 = CARTESIAN_POINT('',(51.869646569647,16.831878031878,26.));
#8695 = LINE('',#8696,#8697);
#8696 = CARTESIAN_POINT('',(51.869646569647,16.831878031878,25.5));
#8697 = VECTOR('',#8698,1.);
#8698 = DIRECTION('',(0.,0.,1.));
#8699 = ORIENTED_EDGE('',*,*,#8700,.F.);
#8700 = EDGE_CURVE('',#8630,#8693,#8701,.T.);
#8701 = B_SPLINE_CURVE_WITH_KNOTS('',6,(#8702,#8703,#8704,#8705,#8706,
    #8707,#8708,#8709,#8710,#8711,#8712,#8713,#8714,#8715,#8716,#8717,
    #8718,#8719,#8720,#8721,#8722,#8723,#8724,#8725,#8726,#8727,#8728),
  .UNSPECIFIED.,.F.,.F.,(7,5,5,5,5,7),(0.,0.394808127034,0.559771464303,
    0.649693188798,0.826128753582,1.),.UNSPECIFIED.);
#8702 = CARTESIAN_POINT('',(50.267428967429,15.423700623701,26.));
#8703 = CARTESIAN_POINT('',(50.426830843032,15.423700623701,26.));
#8704 = CARTESIAN_POINT('',(50.585613065784,15.438559214668,26.));
#8705 = CARTESIAN_POINT('',(50.742030382516,15.469049108799,26.));
#8706 = CARTESIAN_POINT('',(50.893949380786,15.515672900537,26.));
#8707 = CARTESIAN_POINT('',(51.038852724025,15.578567463795,26.));
#8708 = CARTESIAN_POINT('',(51.230382100635,15.690191272457,26.));
#8709 = CARTESIAN_POINT('',(51.285106610931,15.725848043142,26.));
#8710 = CARTESIAN_POINT('',(51.337904779976,15.76423048621,26.));
#8711 = CARTESIAN_POINT('',(51.388559436076,15.805283210654,26.));
#8712 = CARTESIAN_POINT('',(51.436849446229,15.848925518251,26.));
#8713 = CARTESIAN_POINT('',(51.507469669764,15.920185813326,26.));
#8714 = CARTESIAN_POINT('',(51.531616334028,15.946062180561,26.));
#8715 = CARTESIAN_POINT('',(51.554959451392,15.972656686073,26.));
#8716 = CARTESIAN_POINT('',(51.577464128203,15.999948376796,26.));
#8717 = CARTESIAN_POINT('',(51.599096451473,16.027913425808,26.));
#8718 = CARTESIAN_POINT('',(51.660492043377,16.112664209154,26.));
#8719 = CARTESIAN_POINT('',(51.697679239983,16.17129775371,26.));
#8720 = CARTESIAN_POINT('',(51.731132149054,16.232214128414,26.));
#8721 = CARTESIAN_POINT('',(51.760632241849,16.295168499184,26.));
#8722 = CARTESIAN_POINT('',(51.786009644928,16.359878495382,26.));
#8723 = CARTESIAN_POINT('',(51.827997782272,16.491199943964,26.));
#8724 = CARTESIAN_POINT('',(51.844734024673,16.557780584511,26.));
#8725 = CARTESIAN_POINT('',(51.857262118446,16.62544858844,26.));
#8726 = CARTESIAN_POINT('',(51.865552943078,16.693891795841,26.));
#8727 = CARTESIAN_POINT('',(51.869646569647,16.762802029058,26.));
#8728 = CARTESIAN_POINT('',(51.869646569647,16.831878031878,26.));
#8729 = ORIENTED_EDGE('',*,*,#8629,.F.);
#8730 = SURFACE_OF_LINEAR_EXTRUSION('',#8731,#8736);
#8731 = B_SPLINE_CURVE_WITH_KNOTS('',3,(#8732,#8733,#8734,#8735),
  .UNSPECIFIED.,.F.,.F.,(4,4),(0.,1.),.PIECEWISE_BEZIER_KNOTS.);
#8732 = CARTESIAN_POINT('',(51.869646569647,16.831878031878,25.5));
#8733 = CARTESIAN_POINT('',(51.869646569647,16.027997227997,25.5));
#8734 = CARTESIAN_POINT('',(51.176645876646,15.423700623701,25.5));
#8735 = CARTESIAN_POINT('',(50.267428967429,15.423700623701,25.5));
#8736 = VECTOR('',#8737,1.);
#8737 = DIRECTION('',(-0.,-0.,-1.));
#8738 = ADVANCED_FACE('',(#8739),#8757,.T.);
#8739 = FACE_BOUND('',#8740,.T.);
#8740 = EDGE_LOOP('',(#8741,#8742,#8750,#8756));
#8741 = ORIENTED_EDGE('',*,*,#7964,.F.);
#8742 = ORIENTED_EDGE('',*,*,#8743,.T.);
#8743 = EDGE_CURVE('',#7965,#8744,#8746,.T.);
#8744 = VERTEX_POINT('',#8745);
#8745 = CARTESIAN_POINT('',(51.869646569647,17.541510741511,26.));
#8746 = LINE('',#8747,#8748);
#8747 = CARTESIAN_POINT('',(51.869646569647,17.541510741511,25.5));
#8748 = VECTOR('',#8749,1.);
#8749 = DIRECTION('',(0.,0.,1.));
#8750 = ORIENTED_EDGE('',*,*,#8751,.F.);
#8751 = EDGE_CURVE('',#8693,#8744,#8752,.T.);
#8752 = LINE('',#8753,#8754);
#8753 = CARTESIAN_POINT('',(51.869646569647,7.320755370755,26.));
#8754 = VECTOR('',#8755,1.);
#8755 = DIRECTION('',(0.,1.,0.));
#8756 = ORIENTED_EDGE('',*,*,#8692,.F.);
#8757 = PLANE('',#8758);
#8758 = AXIS2_PLACEMENT_3D('',#8759,#8760,#8761);
#8759 = CARTESIAN_POINT('',(51.869646569647,17.541510741511,25.5));
#8760 = DIRECTION('',(1.,0.,0.));
#8761 = DIRECTION('',(0.,-1.,0.));
#8762 = ADVANCED_FACE('',(#8763),#8781,.T.);
#8763 = FACE_BOUND('',#8764,.T.);
#8764 = EDGE_LOOP('',(#8765,#8766,#8774,#8780));
#8765 = ORIENTED_EDGE('',*,*,#7972,.F.);
#8766 = ORIENTED_EDGE('',*,*,#8767,.T.);
#8767 = EDGE_CURVE('',#7973,#8768,#8770,.T.);
#8768 = VERTEX_POINT('',#8769);
#8769 = CARTESIAN_POINT('',(50.322869022869,17.469438669439,26.));
#8770 = LINE('',#8771,#8772);
#8771 = CARTESIAN_POINT('',(50.322869022869,17.469438669439,25.5));
#8772 = VECTOR('',#8773,1.);
#8773 = DIRECTION('',(0.,0.,1.));
#8774 = ORIENTED_EDGE('',*,*,#8775,.F.);
#8775 = EDGE_CURVE('',#8744,#8768,#8776,.T.);
#8776 = LINE('',#8777,#8778);
#8777 = CARTESIAN_POINT('',(23.295556488173,16.210101526245,26.));
#8778 = VECTOR('',#8779,1.);
#8779 = DIRECTION('',(-0.998916218246,-4.654448328746E-02,0.));
#8780 = ORIENTED_EDGE('',*,*,#8743,.F.);
#8781 = PLANE('',#8782);
#8782 = AXIS2_PLACEMENT_3D('',#8783,#8784,#8785);
#8783 = CARTESIAN_POINT('',(50.322869022869,17.469438669439,25.5));
#8784 = DIRECTION('',(-4.654448328746E-02,0.998916218246,0.));
#8785 = DIRECTION('',(0.998916218246,4.654448328746E-02,0.));
#8786 = ADVANCED_FACE('',(#8787),#8827,.T.);
#8787 = FACE_BOUND('',#8788,.T.);
#8788 = EDGE_LOOP('',(#8789,#8790,#8791,#8826));
#8789 = ORIENTED_EDGE('',*,*,#7980,.F.);
#8790 = ORIENTED_EDGE('',*,*,#8674,.T.);
#8791 = ORIENTED_EDGE('',*,*,#8792,.F.);
#8792 = EDGE_CURVE('',#8768,#8638,#8793,.T.);
#8793 = B_SPLINE_CURVE_WITH_KNOTS('',6,(#8794,#8795,#8796,#8797,#8798,
    #8799,#8800,#8801,#8802,#8803,#8804,#8805,#8806,#8807,#8808,#8809,
    #8810,#8811,#8812,#8813,#8814,#8815,#8816,#8817,#8818,#8819,#8820,
    #8821,#8822,#8823,#8824,#8825),.UNSPECIFIED.,.F.,.F.,(7,5,5,5,5,5,7)
  ,(0.,0.356858245654,0.480494263789,0.54845082516,0.687881174578,
    0.885953964104,1.),.UNSPECIFIED.);
#8794 = CARTESIAN_POINT('',(50.322869022869,17.469438669439,26.));
#8795 = CARTESIAN_POINT('',(50.2064106644,17.464075455562,26.));
#8796 = CARTESIAN_POINT('',(50.091070833378,17.453570030868,26.));
#8797 = CARTESIAN_POINT('',(49.977126987516,17.437157496803,26.));
#8798 = CARTESIAN_POINT('',(49.865348913125,17.413842747154,26.));
#8799 = CARTESIAN_POINT('',(49.756999279975,17.382422355122,26.));
#8800 = CARTESIAN_POINT('',(49.618043674405,17.327451200305,26.));
#8801 = CARTESIAN_POINT('',(49.582919683922,17.312182509333,26.));
#8802 = CARTESIAN_POINT('',(49.548505880047,17.295741005819,26.));
#8803 = CARTESIAN_POINT('',(49.514894619539,17.278080901813,26.));
#8804 = CARTESIAN_POINT('',(49.482187484757,17.259164683389,26.));
#8805 = CARTESIAN_POINT('',(49.433070030465,17.227867537953,26.));
#8806 = CARTESIAN_POINT('',(49.415953959559,17.216380084828,26.));
#8807 = CARTESIAN_POINT('',(49.39916159263,17.204502047102,26.));
#8808 = CARTESIAN_POINT('',(49.382711169171,17.192231077092,26.));
#8809 = CARTESIAN_POINT('',(49.366621014241,17.179566491685,26.));
#8810 = CARTESIAN_POINT('',(49.318673408299,17.139719031382,26.));
#8811 = CARTESIAN_POINT('',(49.288027401185,17.111273111987,26.));
#8812 = CARTESIAN_POINT('',(49.259136129069,17.081186922188,26.));
#8813 = CARTESIAN_POINT('',(49.232146589856,17.049505110391,26.));
#8814 = CARTESIAN_POINT('',(49.207178487191,17.016309162085,26.));
#8815 = CARTESIAN_POINT('',(49.151834363613,16.932595218316,26.));
#8816 = CARTESIAN_POINT('',(49.12358766301,16.880643824227,26.));
#8817 = CARTESIAN_POINT('',(49.099826275016,16.826243808389,26.));
#8818 = CARTESIAN_POINT('',(49.080560443255,16.769822540888,26.));
#8819 = CARTESIAN_POINT('',(49.065634536354,16.711824217554,26.));
#8820 = CARTESIAN_POINT('',(49.048566050573,16.618613918293,26.));
#8821 = CARTESIAN_POINT('',(49.043685121547,16.584165362344,26.));
#8822 = CARTESIAN_POINT('',(49.040112123085,16.549398947742,26.));
#8823 = CARTESIAN_POINT('',(49.037790524623,16.514379521174,26.));
#8824 = CARTESIAN_POINT('',(49.03665973666,16.479163456954,26.));
#8825 = CARTESIAN_POINT('',(49.03665973666,16.443797643798,26.));
#8826 = ORIENTED_EDGE('',*,*,#8767,.F.);
#8827 = SURFACE_OF_LINEAR_EXTRUSION('',#8828,#8833);
#8828 = B_SPLINE_CURVE_WITH_KNOTS('',3,(#8829,#8830,#8831,#8832),
  .UNSPECIFIED.,.F.,.F.,(4,4),(0.,1.),.PIECEWISE_BEZIER_KNOTS.);
#8829 = CARTESIAN_POINT('',(49.03665973666,16.443797643798,25.5));
#8830 = CARTESIAN_POINT('',(49.03665973666,17.07027027027,25.5));
#8831 = CARTESIAN_POINT('',(49.48018018018,17.430630630631,25.5));
#8832 = CARTESIAN_POINT('',(50.322869022869,17.469438669439,25.5));
#8833 = VECTOR('',#8834,1.);
#8834 = DIRECTION('',(-0.,-0.,-1.));
#8835 = ADVANCED_FACE('',(#8836),#8895,.T.);
#8836 = FACE_BOUND('',#8837,.T.);
#8837 = EDGE_LOOP('',(#8838,#8839,#8847,#8889));
#8838 = ORIENTED_EDGE('',*,*,#8052,.F.);
#8839 = ORIENTED_EDGE('',*,*,#8840,.T.);
#8840 = EDGE_CURVE('',#8053,#8841,#8843,.T.);
#8841 = VERTEX_POINT('',#8842);
#8842 = CARTESIAN_POINT('',(20.774428274428,18.151351351351,26.));
#8843 = LINE('',#8844,#8845);
#8844 = CARTESIAN_POINT('',(20.774428274428,18.151351351351,25.5));
#8845 = VECTOR('',#8846,1.);
#8846 = DIRECTION('',(0.,0.,1.));
#8847 = ORIENTED_EDGE('',*,*,#8848,.F.);
#8848 = EDGE_CURVE('',#8849,#8841,#8851,.T.);
#8849 = VERTEX_POINT('',#8850);
#8850 = CARTESIAN_POINT('',(22.404365904366,19.969785169785,26.));
#8851 = B_SPLINE_CURVE_WITH_KNOTS('',6,(#8852,#8853,#8854,#8855,#8856,
    #8857,#8858,#8859,#8860,#8861,#8862,#8863,#8864,#8865,#8866,#8867,
    #8868,#8869,#8870,#8871,#8872,#8873,#8874,#8875,#8876,#8877,#8878,
    #8879,#8880,#8881,#8882,#8883,#8884,#8885,#8886,#8887,#8888),
  .UNSPECIFIED.,.F.,.F.,(7,5,5,5,5,5,5,7),(0.,0.138994641371,
    0.21796696883,0.382196196654,0.533120495607,0.604709365916,
    0.726708851485,1.),.UNSPECIFIED.);
#8852 = CARTESIAN_POINT('',(22.404365904366,19.969785169785,26.));
#8853 = CARTESIAN_POINT('',(22.339997794949,19.969785169785,26.));
#8854 = CARTESIAN_POINT('',(22.275750620015,19.967396672326,26.));
#8855 = CARTESIAN_POINT('',(22.211736702794,19.962504555904,26.));
#8856 = CARTESIAN_POINT('',(22.148091061878,19.954995947905,26.));
#8857 = CARTESIAN_POINT('',(22.084969795133,19.944770366081,26.));
#8858 = CARTESIAN_POINT('',(21.987082651524,19.924352023244,26.));
#8859 = CARTESIAN_POINT('',(21.951842792616,19.916052130745,26.));
#8860 = CARTESIAN_POINT('',(21.916861569338,19.90683559314,26.));
#8861 = CARTESIAN_POINT('',(21.882173092272,19.896691010898,26.));
#8862 = CARTESIAN_POINT('',(21.847812900137,19.885610174337,26.));
#8863 = CARTESIAN_POINT('',(21.743122781058,19.848587129462,26.));
#8864 = CARTESIAN_POINT('',(21.673997277335,19.819512576319,26.));
#8865 = CARTESIAN_POINT('',(21.606790266507,19.786328279963,26.));
#8866 = CARTESIAN_POINT('',(21.541839857521,19.749066486229,26.));
#8867 = CARTESIAN_POINT('',(21.479462691882,19.707843530268,26.));
#8868 = CARTESIAN_POINT('',(21.365245614276,19.621550633834,26.));
#8869 = CARTESIAN_POINT('',(21.312951402919,19.577055383863,26.));
#8870 = CARTESIAN_POINT('',(21.263280224057,19.529555067763,26.));
#8871 = CARTESIAN_POINT('',(21.21639158266,19.479257194195,26.));
#8872 = CARTESIAN_POINT('',(21.172392656286,19.426401897967,26.));
#8873 = CARTESIAN_POINT('',(21.111876281879,19.34509287354,26.));
#8874 = CARTESIAN_POINT('',(21.093069849554,19.318415956653,26.));
#8875 = CARTESIAN_POINT('',(21.074932599379,19.29124875683,26.));
#8876 = CARTESIAN_POINT('',(21.057467888674,19.263618338416,26.));
#8877 = CARTESIAN_POINT('',(21.040676671423,19.235551642012,26.));
#8878 = CARTESIAN_POINT('',(20.997087713898,19.158547318635,26.));
#8879 = CARTESIAN_POINT('',(20.971569862941,19.108829693996,26.));
#8880 = CARTESIAN_POINT('',(20.947997373435,19.058053966782,26.));
#8881 = CARTESIAN_POINT('',(20.926345973321,19.006345509735,26.));
#8882 = CARTESIAN_POINT('',(20.906578779862,18.953821087923,26.));
#8883 = CARTESIAN_POINT('',(20.848492226086,18.781334795467,26.));
#8884 = CARTESIAN_POINT('',(20.817575612775,18.658549164078,26.));
#8885 = CARTESIAN_POINT('',(20.7953698632,18.533358368929,26.));
#8886 = CARTESIAN_POINT('',(20.781209372181,18.406682139301,26.));
#8887 = CARTESIAN_POINT('',(20.774428274428,18.279201597601,26.));
#8888 = CARTESIAN_POINT('',(20.774428274428,18.151351351351,26.));
#8889 = ORIENTED_EDGE('',*,*,#8890,.F.);
#8890 = EDGE_CURVE('',#8055,#8849,#8891,.T.);
#8891 = LINE('',#8892,#8893);
#8892 = CARTESIAN_POINT('',(22.404365904366,19.969785169785,25.5));
#8893 = VECTOR('',#8894,1.);
#8894 = DIRECTION('',(0.,0.,1.));
#8895 = SURFACE_OF_LINEAR_EXTRUSION('',#8896,#8901);
#8896 = B_SPLINE_CURVE_WITH_KNOTS('',3,(#8897,#8898,#8899,#8900),
  .UNSPECIFIED.,.F.,.F.,(4,4),(0.,1.),.PIECEWISE_BEZIER_KNOTS.);
#8897 = CARTESIAN_POINT('',(20.774428274428,18.151351351351,25.5));
#8898 = CARTESIAN_POINT('',(20.774428274428,19.260152460152,25.5));
#8899 = CARTESIAN_POINT('',(21.411988911989,19.969785169785,25.5));
#8900 = CARTESIAN_POINT('',(22.404365904366,19.969785169785,25.5));
#8901 = VECTOR('',#8902,1.);
#8902 = DIRECTION('',(-0.,-0.,-1.));
#8903 = ADVANCED_FACE('',(#8904),#8922,.T.);
#8904 = FACE_BOUND('',#8905,.T.);
#8905 = EDGE_LOOP('',(#8906,#8907,#8915,#8921));
#8906 = ORIENTED_EDGE('',*,*,#8063,.F.);
#8907 = ORIENTED_EDGE('',*,*,#8908,.T.);
#8908 = EDGE_CURVE('',#8064,#8909,#8911,.T.);
#8909 = VERTEX_POINT('',#8910);
#8910 = CARTESIAN_POINT('',(20.774428274428,17.286486486486,26.));
#8911 = LINE('',#8912,#8913);
#8912 = CARTESIAN_POINT('',(20.774428274428,17.286486486486,25.5));
#8913 = VECTOR('',#8914,1.);
#8914 = DIRECTION('',(0.,0.,1.));
#8915 = ORIENTED_EDGE('',*,*,#8916,.F.);
#8916 = EDGE_CURVE('',#8841,#8909,#8917,.T.);
#8917 = LINE('',#8918,#8919);
#8918 = CARTESIAN_POINT('',(20.774428274428,7.193243243243,26.));
#8919 = VECTOR('',#8920,1.);
#8920 = DIRECTION('',(0.,-1.,0.));
#8921 = ORIENTED_EDGE('',*,*,#8840,.F.);
#8922 = PLANE('',#8923);
#8923 = AXIS2_PLACEMENT_3D('',#8924,#8925,#8926);
#8924 = CARTESIAN_POINT('',(20.774428274428,17.286486486486,25.5));
#8925 = DIRECTION('',(-1.,0.,0.));
#8926 = DIRECTION('',(0.,1.,0.));
#8927 = ADVANCED_FACE('',(#8928),#8980,.T.);
#8928 = FACE_BOUND('',#8929,.T.);
#8929 = EDGE_LOOP('',(#8930,#8931,#8939,#8979));
#8930 = ORIENTED_EDGE('',*,*,#8071,.F.);
#8931 = ORIENTED_EDGE('',*,*,#8932,.T.);
#8932 = EDGE_CURVE('',#8072,#8933,#8935,.T.);
#8933 = VERTEX_POINT('',#8934);
#8934 = CARTESIAN_POINT('',(22.404365904366,15.462508662509,26.));
#8935 = LINE('',#8936,#8937);
#8936 = CARTESIAN_POINT('',(22.404365904366,15.462508662509,25.5));
#8937 = VECTOR('',#8938,1.);
#8938 = DIRECTION('',(0.,0.,1.));
#8939 = ORIENTED_EDGE('',*,*,#8940,.F.);
#8940 = EDGE_CURVE('',#8909,#8933,#8941,.T.);
#8941 = B_SPLINE_CURVE_WITH_KNOTS('',6,(#8942,#8943,#8944,#8945,#8946,
    #8947,#8948,#8949,#8950,#8951,#8952,#8953,#8954,#8955,#8956,#8957,
    #8958,#8959,#8960,#8961,#8962,#8963,#8964,#8965,#8966,#8967,#8968,
    #8969,#8970,#8971,#8972,#8973,#8974,#8975,#8976,#8977,#8978),
  .UNSPECIFIED.,.F.,.F.,(7,5,5,5,5,5,5,7),(0.,0.276292575663,
    0.39920277137,0.470776162951,0.622674127016,0.78609047758,
    0.864139573675,1.),.UNSPECIFIED.);
#8942 = CARTESIAN_POINT('',(20.774428274428,17.286486486486,26.));
#8943 = CARTESIAN_POINT('',(20.774428274428,17.157074973732,26.));
#8944 = CARTESIAN_POINT('',(20.781375999095,17.028037342271,26.));
#8945 = CARTESIAN_POINT('',(20.795880756046,16.899823621589,26.));
#8946 = CARTESIAN_POINT('',(20.818620276669,16.773138099248,26.));
#8947 = CARTESIAN_POINT('',(20.850270031345,16.648931111408,26.));
#8948 = CARTESIAN_POINT('',(20.909648431956,16.474736059277,26.));
#8949 = CARTESIAN_POINT('',(20.929797715188,16.421830880664,26.));
#8950 = CARTESIAN_POINT('',(20.951858545181,16.369761160337,26.));
#8951 = CARTESIAN_POINT('',(20.975867422919,16.31864620723,26.));
#8952 = CARTESIAN_POINT('',(21.001847948701,16.268614069891,26.));
#8953 = CARTESIAN_POINT('',(21.046086050283,16.191372626067,26.));
#8954 = CARTESIAN_POINT('',(21.063036845572,16.163358963088,26.));
#8955 = CARTESIAN_POINT('',(21.08065924256,16.135784602136,26.));
#8956 = CARTESIAN_POINT('',(21.098952072193,16.10867641172,26.));
#8957 = CARTESIAN_POINT('',(21.117911788029,16.082061378021,26.));
#8958 = CARTESIAN_POINT('',(21.179172816226,16.000586486349,26.));
#8959 = CARTESIAN_POINT('',(21.223794064607,15.947543915341,26.));
#8960 = CARTESIAN_POINT('',(21.271330682964,15.897106492698,26.));
#8961 = CARTESIAN_POINT('',(21.321672080977,15.849518459898,26.));
#8962 = CARTESIAN_POINT('',(21.374654568583,15.804990711623,26.));
#8963 = CARTESIAN_POINT('',(21.489652941663,15.719259143184,26.));
#8964 = CARTESIAN_POINT('',(21.552060912189,15.678554706245,26.));
#8965 = CARTESIAN_POINT('',(21.616996048232,15.641789148283,26.));
#8966 = CARTESIAN_POINT('',(21.684146185609,15.609076909684,26.));
#8967 = CARTESIAN_POINT('',(21.753178321693,15.580450133363,26.));
#8968 = CARTESIAN_POINT('',(21.857453825775,15.544135597074,26.));
#8969 = CARTESIAN_POINT('',(21.891511996754,15.533320868222,26.));
#8970 = CARTESIAN_POINT('',(21.925887567614,15.523424612668,26.));
#8971 = CARTESIAN_POINT('',(21.9605461833,15.514438979851,26.));
#8972 = CARTESIAN_POINT('',(21.995454838709,15.506353047116,26.));
#8973 = CARTESIAN_POINT('',(22.091727681337,15.486619350227,26.));
#8974 = CARTESIAN_POINT('',(22.153535269179,15.476770128214,26.));
#8975 = CARTESIAN_POINT('',(22.215839966346,15.469532835211,26.));
#8976 = CARTESIAN_POINT('',(22.278494914501,15.464814091681,26.));
#8977 = CARTESIAN_POINT('',(22.341372520549,15.462508662509,26.));
#8978 = CARTESIAN_POINT('',(22.404365904366,15.462508662509,26.));
#8979 = ORIENTED_EDGE('',*,*,#8908,.F.);
#8980 = SURFACE_OF_LINEAR_EXTRUSION('',#8981,#8986);
#8981 = B_SPLINE_CURVE_WITH_KNOTS('',3,(#8982,#8983,#8984,#8985),
  .UNSPECIFIED.,.F.,.F.,(4,4),(0.,1.),.PIECEWISE_BEZIER_KNOTS.);
#8982 = CARTESIAN_POINT('',(22.404365904366,15.462508662509,25.5));
#8983 = CARTESIAN_POINT('',(21.411988911989,15.462508662509,25.5));
#8984 = CARTESIAN_POINT('',(20.774428274428,16.177685377685,25.5));
#8985 = CARTESIAN_POINT('',(20.774428274428,17.286486486486,25.5));
#8986 = VECTOR('',#8987,1.);
#8987 = DIRECTION('',(-0.,-0.,-1.));
#8988 = ADVANCED_FACE('',(#8989),#9041,.T.);
#8989 = FACE_BOUND('',#8990,.T.);
#8990 = EDGE_LOOP('',(#8991,#8992,#9000,#9040));
#8991 = ORIENTED_EDGE('',*,*,#8080,.F.);
#8992 = ORIENTED_EDGE('',*,*,#8993,.T.);
#8993 = EDGE_CURVE('',#8081,#8994,#8996,.T.);
#8994 = VERTEX_POINT('',#8995);
#8995 = CARTESIAN_POINT('',(24.02875952876,17.286486486486,26.));
#8996 = LINE('',#8997,#8998);
#8997 = CARTESIAN_POINT('',(24.02875952876,17.286486486486,25.5));
#8998 = VECTOR('',#8999,1.);
#8999 = DIRECTION('',(0.,0.,1.));
#9000 = ORIENTED_EDGE('',*,*,#9001,.F.);
#9001 = EDGE_CURVE('',#8933,#8994,#9002,.T.);
#9002 = B_SPLINE_CURVE_WITH_KNOTS('',6,(#9003,#9004,#9005,#9006,#9007,
    #9008,#9009,#9010,#9011,#9012,#9013,#9014,#9015,#9016,#9017,#9018,
    #9019,#9020,#9021,#9022,#9023,#9024,#9025,#9026,#9027,#9028,#9029,
    #9030,#9031,#9032,#9033,#9034,#9035,#9036,#9037,#9038,#9039),
  .UNSPECIFIED.,.F.,.F.,(7,5,5,5,5,5,5,7),(0.,0.136382368517,
    0.214178832413,0.376284479711,0.528961597104,0.60055651742,
    0.722641401134,1.),.UNSPECIFIED.);
#9003 = CARTESIAN_POINT('',(22.404365904366,15.462508662509,26.));
#9004 = CARTESIAN_POINT('',(22.467492547269,15.462508662509,26.));
#9005 = CARTESIAN_POINT('',(22.530502267516,15.464831795098,26.));
#9006 = CARTESIAN_POINT('',(22.593286860465,15.469587479887,26.));
#9007 = CARTESIAN_POINT('',(22.655716947178,15.476882603703,26.));
#9008 = CARTESIAN_POINT('',(22.717643470753,15.486812074409,26.));
#9009 = CARTESIAN_POINT('',(22.813841235459,15.506658057836,26.));
#9010 = CARTESIAN_POINT('',(22.848565020392,15.514747667866,26.));
#9011 = CARTESIAN_POINT('',(22.883039068391,15.523732123621,26.));
#9012 = CARTESIAN_POINT('',(22.917230558344,15.533622294676,26.));
#9013 = CARTESIAN_POINT('',(22.951105327101,15.544426001363,26.));
#9014 = CARTESIAN_POINT('',(23.054479288906,15.580573348224,26.));
#9015 = CARTESIAN_POINT('',(23.122810782386,15.608988600215,26.));
#9016 = CARTESIAN_POINT('',(23.189285635749,15.641428473743,26.));
#9017 = CARTESIAN_POINT('',(23.253577428902,15.677862016348,26.));
#9018 = CARTESIAN_POINT('',(23.315380062857,15.718177825251,26.));
#9019 = CARTESIAN_POINT('',(23.430021707137,15.80360201203,26.));
#9020 = CARTESIAN_POINT('',(23.48318332419,15.848302920631,26.));
#9021 = CARTESIAN_POINT('',(23.533672879724,15.896101533663,26.));
#9022 = CARTESIAN_POINT('',(23.581323974598,15.946782591843,26.));
#9023 = CARTESIAN_POINT('',(23.626025190499,16.000096404158,26.));
#9024 = CARTESIAN_POINT('',(23.687259782931,16.081875903812,26.));
#9025 = CARTESIAN_POINT('',(23.706145831448,16.108502628692,26.));
#9026 = CARTESIAN_POINT('',(23.724364129862,16.13562210378,26.));
#9027 = CARTESIAN_POINT('',(23.741911356575,16.163207163866,26.));
#9028 = CARTESIAN_POINT('',(23.758786595786,16.19123078016,26.));
#9029 = CARTESIAN_POINT('',(23.802623940448,16.268154386738,26.));
#9030 = CARTESIAN_POINT('',(23.82830669385,16.31784002802,26.));
#9031 = CARTESIAN_POINT('',(23.852046392448,16.368591039491,26.));
#9032 = CARTESIAN_POINT('',(23.873867536266,16.420281545668,26.));
#9033 = CARTESIAN_POINT('',(23.893807225658,16.472794391189,26.));
#9034 = CARTESIAN_POINT('',(23.953036980565,16.646953029799,26.));
#9035 = CARTESIAN_POINT('',(23.984671987738,16.771547186456,26.));
#9036 = CARTESIAN_POINT('',(24.007373468542,16.898627677855,26.));
#9037 = CARTESIAN_POINT('',(24.021837835732,17.02723746312,26.));
#9038 = CARTESIAN_POINT('',(24.02875952876,17.156671781672,26.));
#9039 = CARTESIAN_POINT('',(24.02875952876,17.286486486486,26.));
#9040 = ORIENTED_EDGE('',*,*,#8932,.F.);
#9041 = SURFACE_OF_LINEAR_EXTRUSION('',#9042,#9047);
#9042 = B_SPLINE_CURVE_WITH_KNOTS('',3,(#9043,#9044,#9045,#9046),
  .UNSPECIFIED.,.F.,.F.,(4,4),(0.,1.),.PIECEWISE_BEZIER_KNOTS.);
#9043 = CARTESIAN_POINT('',(24.02875952876,17.286486486486,25.5));
#9044 = CARTESIAN_POINT('',(24.02875952876,16.172141372141,25.5));
#9045 = CARTESIAN_POINT('',(23.391198891199,15.462508662509,25.5));
#9046 = CARTESIAN_POINT('',(22.404365904366,15.462508662509,25.5));
#9047 = VECTOR('',#9048,1.);
#9048 = DIRECTION('',(-0.,-0.,-1.));
#9049 = ADVANCED_FACE('',(#9050),#9068,.T.);
#9050 = FACE_BOUND('',#9051,.T.);
#9051 = EDGE_LOOP('',(#9052,#9053,#9061,#9067));
#9052 = ORIENTED_EDGE('',*,*,#8089,.F.);
#9053 = ORIENTED_EDGE('',*,*,#9054,.T.);
#9054 = EDGE_CURVE('',#8090,#9055,#9057,.T.);
#9055 = VERTEX_POINT('',#9056);
#9056 = CARTESIAN_POINT('',(24.02875952876,18.151351351351,26.));
#9057 = LINE('',#9058,#9059);
#9058 = CARTESIAN_POINT('',(24.02875952876,18.151351351351,25.5));
#9059 = VECTOR('',#9060,1.);
#9060 = DIRECTION('',(0.,0.,1.));
#9061 = ORIENTED_EDGE('',*,*,#9062,.F.);
#9062 = EDGE_CURVE('',#8994,#9055,#9063,.T.);
#9063 = LINE('',#9064,#9065);
#9064 = CARTESIAN_POINT('',(24.02875952876,7.625675675676,26.));
#9065 = VECTOR('',#9066,1.);
#9066 = DIRECTION('',(0.,1.,0.));
#9067 = ORIENTED_EDGE('',*,*,#8993,.F.);
#9068 = PLANE('',#9069);
#9069 = AXIS2_PLACEMENT_3D('',#9070,#9071,#9072);
#9070 = CARTESIAN_POINT('',(24.02875952876,18.151351351351,25.5));
#9071 = DIRECTION('',(1.,0.,0.));
#9072 = DIRECTION('',(0.,-1.,0.));
#9073 = ADVANCED_FACE('',(#9074),#9119,.T.);
#9074 = FACE_BOUND('',#9075,.T.);
#9075 = EDGE_LOOP('',(#9076,#9077,#9078,#9118));
#9076 = ORIENTED_EDGE('',*,*,#8097,.F.);
#9077 = ORIENTED_EDGE('',*,*,#8890,.T.);
#9078 = ORIENTED_EDGE('',*,*,#9079,.F.);
#9079 = EDGE_CURVE('',#9055,#8849,#9080,.T.);
#9080 = B_SPLINE_CURVE_WITH_KNOTS('',6,(#9081,#9082,#9083,#9084,#9085,
    #9086,#9087,#9088,#9089,#9090,#9091,#9092,#9093,#9094,#9095,#9096,
    #9097,#9098,#9099,#9100,#9101,#9102,#9103,#9104,#9105,#9106,#9107,
    #9108,#9109,#9110,#9111,#9112,#9113,#9114,#9115,#9116,#9117),
  .UNSPECIFIED.,.F.,.F.,(7,5,5,5,5,5,5,7),(0.,0.27575196188,
    0.397804886348,0.469422726035,0.622226669229,0.7854793601,
    0.863397938626,1.),.UNSPECIFIED.);
#9081 = CARTESIAN_POINT('',(24.02875952876,18.151351351351,26.));
#9082 = CARTESIAN_POINT('',(24.02875952876,18.280153095269,26.));
#9083 = CARTESIAN_POINT('',(24.021877122871,18.408579452346,26.));
#9084 = CARTESIAN_POINT('',(24.007504064351,18.536186207025,26.));
#9085 = CARTESIAN_POINT('',(23.984963492058,18.662276289419,26.));
#9086 = CARTESIAN_POINT('',(23.953580170819,18.785907985518,26.));
#9087 = CARTESIAN_POINT('',(23.89477508703,18.959046913492,26.));
#9088 = CARTESIAN_POINT('',(23.874897313198,19.011454367868,26.));
#9089 = CARTESIAN_POINT('',(23.853140493296,19.063042119089,26.));
#9090 = CARTESIAN_POINT('',(23.829468543753,19.113693694805,26.));
#9091 = CARTESIAN_POINT('',(23.803857922576,19.16328410564,26.));
#9092 = CARTESIAN_POINT('',(23.760133833898,19.240081474081,26.));
#9093 = CARTESIAN_POINT('',(23.743295532309,19.268070167802,26.));
#9094 = CARTESIAN_POINT('',(23.725786404105,19.295621806735,26.));
#9095 = CARTESIAN_POINT('',(23.707607499806,19.322709546514,26.));
#9096 = CARTESIAN_POINT('',(23.688762250234,19.349306418052,26.));
#9097 = CARTESIAN_POINT('',(23.627638893575,19.431027332696,26.));
#9098 = CARTESIAN_POINT('',(23.58301039139,19.48431732852,26.));
#9099 = CARTESIAN_POINT('',(23.535436512099,19.534983332742,26.));
#9100 = CARTESIAN_POINT('',(23.485028933461,19.582777252414,26.));
#9101 = CARTESIAN_POINT('',(23.431953643912,19.627485052518,26.));
#9102 = CARTESIAN_POINT('',(23.317128523598,19.713223279426,26.));
#9103 = CARTESIAN_POINT('',(23.255021979303,19.753801909859,26.));
#9104 = CARTESIAN_POINT('',(23.190399057994,19.79046296467,26.));
#9105 = CARTESIAN_POINT('',(23.123570070802,19.823093046874,26.));
#9106 = CARTESIAN_POINT('',(23.054865907866,19.851660283025,26.));
#9107 = CARTESIAN_POINT('',(22.951104084468,19.887911619303,26.));
#9108 = CARTESIAN_POINT('',(22.91722870525,19.898706861566,26.));
#9109 = CARTESIAN_POINT('',(22.883037128473,19.908589822719,26.));
#9110 = CARTESIAN_POINT('',(22.848563418347,19.917568235958,26.));
#9111 = CARTESIAN_POINT('',(22.813840306635,19.925652864306,26.));
#9112 = CARTESIAN_POINT('',(22.717642579846,19.945488226023,26.));
#9113 = CARTESIAN_POINT('',(22.655715887359,19.955413781713,26.));
#9114 = CARTESIAN_POINT('',(22.593285989505,19.962706995901,26.));
#9115 = CARTESIAN_POINT('',(22.530501692902,19.967462059786,26.));
#9116 = CARTESIAN_POINT('',(22.467492255295,19.969785169785,26.));
#9117 = CARTESIAN_POINT('',(22.404365904366,19.969785169785,26.));
#9118 = ORIENTED_EDGE('',*,*,#9054,.F.);
#9119 = SURFACE_OF_LINEAR_EXTRUSION('',#9120,#9125);
#9120 = B_SPLINE_CURVE_WITH_KNOTS('',3,(#9121,#9122,#9123,#9124),
  .UNSPECIFIED.,.F.,.F.,(4,4),(0.,1.),.PIECEWISE_BEZIER_KNOTS.);
#9121 = CARTESIAN_POINT('',(22.404365904366,19.969785169785,25.5));
#9122 = CARTESIAN_POINT('',(23.391198891199,19.969785169785,25.5));
#9123 = CARTESIAN_POINT('',(24.02875952876,19.260152460152,25.5));
#9124 = CARTESIAN_POINT('',(24.02875952876,18.151351351351,25.5));
#9125 = VECTOR('',#9126,1.);
#9126 = DIRECTION('',(-0.,-0.,-1.));
#9127 = ADVANCED_FACE('',(#9128),#9134,.T.);
#9128 = FACE_BOUND('',#9129,.T.);
#9129 = EDGE_LOOP('',(#9130,#9131,#9132,#9133));
#9130 = ORIENTED_EDGE('',*,*,#8231,.T.);
#9131 = ORIENTED_EDGE('',*,*,#8121,.T.);
#9132 = ORIENTED_EDGE('',*,*,#8158,.T.);
#9133 = ORIENTED_EDGE('',*,*,#8182,.T.);
#9134 = PLANE('',#9135);
#9135 = AXIS2_PLACEMENT_3D('',#9136,#9137,#9138);
#9136 = CARTESIAN_POINT('',(-2.9,-2.9,26.));
#9137 = DIRECTION('',(0.,0.,1.));
#9138 = DIRECTION('',(1.,0.,0.));
#9139 = ADVANCED_FACE('',(#9140),#9146,.T.);
#9140 = FACE_BOUND('',#9141,.T.);
#9141 = EDGE_LOOP('',(#9142,#9143,#9144,#9145));
#9142 = ORIENTED_EDGE('',*,*,#8416,.T.);
#9143 = ORIENTED_EDGE('',*,*,#8306,.T.);
#9144 = ORIENTED_EDGE('',*,*,#8343,.T.);
#9145 = ORIENTED_EDGE('',*,*,#8367,.T.);
#9146 = PLANE('',#9147);
#9147 = AXIS2_PLACEMENT_3D('',#9148,#9149,#9150);
#9148 = CARTESIAN_POINT('',(-2.9,-2.9,26.));
#9149 = DIRECTION('',(0.,0.,1.));
#9150 = DIRECTION('',(1.,0.,0.));
#9151 = ADVANCED_FACE('',(#9152),#9157,.T.);
#9152 = FACE_BOUND('',#9153,.T.);
#9153 = EDGE_LOOP('',(#9154,#9155,#9156));
#9154 = ORIENTED_EDGE('',*,*,#8613,.T.);
#9155 = ORIENTED_EDGE('',*,*,#8491,.T.);
#9156 = ORIENTED_EDGE('',*,*,#8559,.T.);
#9157 = PLANE('',#9158);
#9158 = AXIS2_PLACEMENT_3D('',#9159,#9160,#9161);
#9159 = CARTESIAN_POINT('',(-2.9,-2.9,26.));
#9160 = DIRECTION('',(0.,0.,1.));
#9161 = DIRECTION('',(1.,0.,0.));
#9162 = ADVANCED_FACE('',(#9163),#9170,.T.);
#9163 = FACE_BOUND('',#9164,.T.);
#9164 = EDGE_LOOP('',(#9165,#9166,#9167,#9168,#9169));
#9165 = ORIENTED_EDGE('',*,*,#8792,.T.);
#9166 = ORIENTED_EDGE('',*,*,#8637,.T.);
#9167 = ORIENTED_EDGE('',*,*,#8700,.T.);
#9168 = ORIENTED_EDGE('',*,*,#8751,.T.);
#9169 = ORIENTED_EDGE('',*,*,#8775,.T.);
#9170 = PLANE('',#9171);
#9171 = AXIS2_PLACEMENT_3D('',#9172,#9173,#9174);
#9172 = CARTESIAN_POINT('',(-2.9,-2.9,26.));
#9173 = DIRECTION('',(0.,0.,1.));
#9174 = DIRECTION('',(1.,0.,0.));
#9175 = ADVANCED_FACE('',(#9176),#9184,.T.);
#9176 = FACE_BOUND('',#9177,.T.);
#9177 = EDGE_LOOP('',(#9178,#9179,#9180,#9181,#9182,#9183));
#9178 = ORIENTED_EDGE('',*,*,#9079,.T.);
#9179 = ORIENTED_EDGE('',*,*,#8848,.T.);
#9180 = ORIENTED_EDGE('',*,*,#8916,.T.);
#9181 = ORIENTED_EDGE('',*,*,#8940,.T.);
#9182 = ORIENTED_EDGE('',*,*,#9001,.T.);
#9183 = ORIENTED_EDGE('',*,*,#9062,.T.);
#9184 = PLANE('',#9185);
#9185 = AXIS2_PLACEMENT_3D('',#9186,#9187,#9188);
#9186 = CARTESIAN_POINT('',(-2.9,-2.9,26.));
#9187 = DIRECTION('',(0.,0.,1.));
#9188 = DIRECTION('',(1.,0.,0.));
#9189 = ADVANCED_FACE('',(#9190),#9218,.T.);
#9190 = FACE_BOUND('',#9191,.T.);
#9191 = EDGE_LOOP('',(#9192,#9193,#9194,#9195,#9196,#9197,#9198,#9199,
    #9200,#9201,#9202,#9203,#9204,#9205,#9211,#9212));
#9192 = ORIENTED_EDGE('',*,*,#1542,.F.);
#9193 = ORIENTED_EDGE('',*,*,#1738,.F.);
#9194 = ORIENTED_EDGE('',*,*,#1747,.F.);
#9195 = ORIENTED_EDGE('',*,*,#1756,.F.);
#9196 = ORIENTED_EDGE('',*,*,#1765,.F.);
#9197 = ORIENTED_EDGE('',*,*,#1711,.F.);
#9198 = ORIENTED_EDGE('',*,*,#1665,.T.);
#9199 = ORIENTED_EDGE('',*,*,#1133,.F.);
#9200 = ORIENTED_EDGE('',*,*,#1142,.F.);
#9201 = ORIENTED_EDGE('',*,*,#1151,.F.);
#9202 = ORIENTED_EDGE('',*,*,#1160,.F.);
#9203 = ORIENTED_EDGE('',*,*,#1169,.F.);
#9204 = ORIENTED_EDGE('',*,*,#940,.F.);
#9205 = ORIENTED_EDGE('',*,*,#9206,.T.);
#9206 = EDGE_CURVE('',#932,#2936,#9207,.T.);
#9207 = LINE('',#9208,#9209);
#9208 = CARTESIAN_POINT('',(69.55,35.45,0.));
#9209 = VECTOR('',#9210,1.);
#9210 = DIRECTION('',(0.,0.,1.));
#9211 = ORIENTED_EDGE('',*,*,#2986,.T.);
#9212 = ORIENTED_EDGE('',*,*,#9213,.F.);
#9213 = EDGE_CURVE('',#1543,#2978,#9214,.T.);
#9214 = LINE('',#9215,#9216);
#9215 = CARTESIAN_POINT('',(69.55,2.1,-2.));
#9216 = VECTOR('',#9217,1.);
#9217 = DIRECTION('',(0.,0.,1.));
#9218 = PLANE('',#9219);
#9219 = AXIS2_PLACEMENT_3D('',#9220,#9221,#9222);
#9220 = CARTESIAN_POINT('',(69.55,18.811398156526,18.562198731414));
#9221 = DIRECTION('',(1.,0.,0.));
#9222 = DIRECTION('',(-0.,0.,1.));
#9223 = ADVANCED_FACE('',(#9224),#9246,.T.);
#9224 = FACE_BOUND('',#9225,.T.);
#9225 = EDGE_LOOP('',(#9226,#9232,#9233,#9239,#9240,#9241,#9242,#9243,
    #9244,#9245));
#9226 = ORIENTED_EDGE('',*,*,#9227,.T.);
#9227 = EDGE_CURVE('',#1503,#143,#9228,.T.);
#9228 = LINE('',#9229,#9230);
#9229 = CARTESIAN_POINT('',(67.15,4.7,5.48));
#9230 = VECTOR('',#9231,1.);
#9231 = DIRECTION('',(0.,0.,1.));
#9232 = ORIENTED_EDGE('',*,*,#142,.T.);
#9233 = ORIENTED_EDGE('',*,*,#9234,.F.);
#9234 = EDGE_CURVE('',#973,#135,#9235,.T.);
#9235 = LINE('',#9236,#9237);
#9236 = CARTESIAN_POINT('',(67.15,32.86,3.48));
#9237 = VECTOR('',#9238,1.);
#9238 = DIRECTION('',(0.,0.,1.));
#9239 = ORIENTED_EDGE('',*,*,#972,.T.);
#9240 = ORIENTED_EDGE('',*,*,#1247,.T.);
#9241 = ORIENTED_EDGE('',*,*,#1256,.T.);
#9242 = ORIENTED_EDGE('',*,*,#1697,.T.);
#9243 = ORIENTED_EDGE('',*,*,#1797,.T.);
#9244 = ORIENTED_EDGE('',*,*,#1806,.T.);
#9245 = ORIENTED_EDGE('',*,*,#1510,.T.);
#9246 = PLANE('',#9247);
#9247 = AXIS2_PLACEMENT_3D('',#9248,#9249,#9250);
#9248 = CARTESIAN_POINT('',(67.15,18.805062857723,17.777309534469));
#9249 = DIRECTION('',(-1.,-0.,-0.));
#9250 = DIRECTION('',(0.,0.,-1.));
#9251 = ADVANCED_FACE('',(#9252),#9263,.T.);
#9252 = FACE_BOUND('',#9253,.T.);
#9253 = EDGE_LOOP('',(#9254,#9255,#9256,#9257));
#9254 = ORIENTED_EDGE('',*,*,#980,.T.);
#9255 = ORIENTED_EDGE('',*,*,#9234,.T.);
#9256 = ORIENTED_EDGE('',*,*,#134,.F.);
#9257 = ORIENTED_EDGE('',*,*,#9258,.F.);
#9258 = EDGE_CURVE('',#981,#126,#9259,.T.);
#9259 = LINE('',#9260,#9261);
#9260 = CARTESIAN_POINT('',(66.50173769149,32.86,4.2));
#9261 = VECTOR('',#9262,1.);
#9262 = DIRECTION('',(0.,0.,1.));
#9263 = PLANE('',#9264);
#9264 = AXIS2_PLACEMENT_3D('',#9265,#9266,#9267);
#9265 = CARTESIAN_POINT('',(66.825868845745,32.86,17.73));
#9266 = DIRECTION('',(-0.,-1.,-0.));
#9267 = DIRECTION('',(0.,0.,-1.));
#9268 = ADVANCED_FACE('',(#9269,#9287),#9293,.T.);
#9269 = FACE_BOUND('',#9270,.T.);
#9270 = EDGE_LOOP('',(#9271,#9277,#9278,#9284,#9285,#9286));
#9271 = ORIENTED_EDGE('',*,*,#9272,.T.);
#9272 = EDGE_CURVE('',#1355,#3001,#9273,.T.);
#9273 = LINE('',#9274,#9275);
#9274 = CARTESIAN_POINT('',(-2.9,2.1,0.));
#9275 = VECTOR('',#9276,1.);
#9276 = DIRECTION('',(0.,0.,1.));
#9277 = ORIENTED_EDGE('',*,*,#3018,.T.);
#9278 = ORIENTED_EDGE('',*,*,#9279,.F.);
#9279 = EDGE_CURVE('',#1031,#2868,#9280,.T.);
#9280 = LINE('',#9281,#9282);
#9281 = CARTESIAN_POINT('',(-2.9,35.45,-2.));
#9282 = VECTOR('',#9283,1.);
#9283 = DIRECTION('',(0.,0.,1.));
#9284 = ORIENTED_EDGE('',*,*,#1039,.T.);
#9285 = ORIENTED_EDGE('',*,*,#1318,.F.);
#9286 = ORIENTED_EDGE('',*,*,#1363,.T.);
#9287 = FACE_BOUND('',#9288,.T.);
#9288 = EDGE_LOOP('',(#9289,#9290,#9291,#9292));
#9289 = ORIENTED_EDGE('',*,*,#2683,.T.);
#9290 = ORIENTED_EDGE('',*,*,#2598,.F.);
#9291 = ORIENTED_EDGE('',*,*,#2725,.T.);
#9292 = ORIENTED_EDGE('',*,*,#2699,.F.);
#9293 = PLANE('',#9294);
#9294 = AXIS2_PLACEMENT_3D('',#9295,#9296,#9297);
#9295 = CARTESIAN_POINT('',(-2.9,18.276996034369,18.478003965631));
#9296 = DIRECTION('',(-1.,-0.,-0.));
#9297 = DIRECTION('',(0.,0.,-1.));
#9298 = ADVANCED_FACE('',(#9299),#9310,.T.);
#9299 = FACE_BOUND('',#9300,.T.);
#9300 = EDGE_LOOP('',(#9301,#9302,#9308,#9309));
#9301 = ORIENTED_EDGE('',*,*,#1502,.F.);
#9302 = ORIENTED_EDGE('',*,*,#9303,.T.);
#9303 = EDGE_CURVE('',#1494,#151,#9304,.T.);
#9304 = LINE('',#9305,#9306);
#9305 = CARTESIAN_POINT('',(66.55173769149,4.7,6.2));
#9306 = VECTOR('',#9307,1.);
#9307 = DIRECTION('',(0.,0.,1.));
#9308 = ORIENTED_EDGE('',*,*,#150,.T.);
#9309 = ORIENTED_EDGE('',*,*,#9227,.F.);
#9310 = PLANE('',#9311);
#9311 = AXIS2_PLACEMENT_3D('',#9312,#9313,#9314);
#9312 = CARTESIAN_POINT('',(66.850868845745,4.7,17.73));
#9313 = DIRECTION('',(0.,1.,0.));
#9314 = DIRECTION('',(0.,-0.,1.));
#9315 = ADVANCED_FACE('',(#9316),#9332,.T.);
#9316 = FACE_BOUND('',#9317,.T.);
#9317 = EDGE_LOOP('',(#9318,#9319,#9325,#9326));
#9318 = ORIENTED_EDGE('',*,*,#1398,.F.);
#9319 = ORIENTED_EDGE('',*,*,#9320,.T.);
#9320 = EDGE_CURVE('',#1390,#24,#9321,.T.);
#9321 = LINE('',#9322,#9323);
#9322 = CARTESIAN_POINT('',(0.9,-0.5,-1.));
#9323 = VECTOR('',#9324,1.);
#9324 = DIRECTION('',(0.,0.,1.));
#9325 = ORIENTED_EDGE('',*,*,#175,.T.);
#9326 = ORIENTED_EDGE('',*,*,#9327,.T.);
#9327 = EDGE_CURVE('',#168,#1399,#9328,.T.);
#9328 = LINE('',#9329,#9330);
#9329 = CARTESIAN_POINT('',(61.99,-0.5,3.48));
#9330 = VECTOR('',#9331,1.);
#9331 = DIRECTION('',(0.,0.,-1.));
#9332 = PLANE('',#9333);
#9333 = AXIS2_PLACEMENT_3D('',#9334,#9335,#9336);
#9334 = CARTESIAN_POINT('',(31.445,-0.5,17.73));
#9335 = DIRECTION('',(0.,1.,0.));
#9336 = DIRECTION('',(0.,-0.,1.));
#9337 = ADVANCED_FACE('',(#9338),#9349,.T.);
#9338 = FACE_BOUND('',#9339,.T.);
#9339 = EDGE_LOOP('',(#9340,#9341,#9342,#9343));
#9340 = ORIENTED_EDGE('',*,*,#1406,.F.);
#9341 = ORIENTED_EDGE('',*,*,#9327,.F.);
#9342 = ORIENTED_EDGE('',*,*,#167,.T.);
#9343 = ORIENTED_EDGE('',*,*,#9344,.F.);
#9344 = EDGE_CURVE('',#1407,#159,#9345,.T.);
#9345 = LINE('',#9346,#9347);
#9346 = CARTESIAN_POINT('',(61.99,0.13826230851,4.2));
#9347 = VECTOR('',#9348,1.);
#9348 = DIRECTION('',(0.,0.,1.));
#9349 = PLANE('',#9350);
#9350 = AXIS2_PLACEMENT_3D('',#9351,#9352,#9353);
#9351 = CARTESIAN_POINT('',(61.99,-0.180868845745,17.73));
#9352 = DIRECTION('',(-1.,-0.,-0.));
#9353 = DIRECTION('',(0.,0.,-1.));
#9354 = ADVANCED_FACE('',(#9355),#9371,.T.);
#9355 = FACE_BOUND('',#9356,.T.);
#9356 = EDGE_LOOP('',(#9357,#9358,#9364,#9365));
#9357 = ORIENTED_EDGE('',*,*,#1577,.T.);
#9358 = ORIENTED_EDGE('',*,*,#9359,.T.);
#9359 = EDGE_CURVE('',#1569,#5116,#9360,.T.);
#9360 = LINE('',#9361,#9362);
#9361 = CARTESIAN_POINT('',(64.55,-2.9,0.));
#9362 = VECTOR('',#9363,1.);
#9363 = DIRECTION('',(0.,0.,1.));
#9364 = ORIENTED_EDGE('',*,*,#5169,.T.);
#9365 = ORIENTED_EDGE('',*,*,#9366,.F.);
#9366 = EDGE_CURVE('',#1337,#5141,#9367,.T.);
#9367 = LINE('',#9368,#9369);
#9368 = CARTESIAN_POINT('',(2.1,-2.9,-2.));
#9369 = VECTOR('',#9370,1.);
#9370 = DIRECTION('',(0.,0.,1.));
#9371 = PLANE('',#9372);
#9372 = AXIS2_PLACEMENT_3D('',#9373,#9374,#9375);
#9373 = CARTESIAN_POINT('',(33.325,-2.9,17.98));
#9374 = DIRECTION('',(-0.,-1.,-0.));
#9375 = DIRECTION('',(0.,0.,-1.));
#9376 = ADVANCED_FACE('',(#9377),#9388,.T.);
#9377 = FACE_BOUND('',#9378,.F.);
#9378 = EDGE_LOOP('',(#9379,#9380,#9381,#9382,#9383,#9384,#9385,#9386,
    #9387));
#9379 = ORIENTED_EDGE('',*,*,#2878,.F.);
#9380 = ORIENTED_EDGE('',*,*,#9279,.F.);
#9381 = ORIENTED_EDGE('',*,*,#1030,.F.);
#9382 = ORIENTED_EDGE('',*,*,#689,.F.);
#9383 = ORIENTED_EDGE('',*,*,#869,.F.);
#9384 = ORIENTED_EDGE('',*,*,#878,.F.);
#9385 = ORIENTED_EDGE('',*,*,#887,.F.);
#9386 = ORIENTED_EDGE('',*,*,#896,.F.);
#9387 = ORIENTED_EDGE('',*,*,#2837,.T.);
#9388 = CYLINDRICAL_SURFACE('',#9389,5.);
#9389 = AXIS2_PLACEMENT_3D('',#9390,#9391,#9392);
#9390 = CARTESIAN_POINT('',(2.1,35.45,0.));
#9391 = DIRECTION('',(0.,0.,1.));
#9392 = DIRECTION('',(-1.,0.,0.));
#9393 = ADVANCED_FACE('',(#9394),#9418,.F.);
#9394 = FACE_BOUND('',#9395,.F.);
#9395 = EDGE_LOOP('',(#9396,#9397,#9398,#9405,#9412,#9413,#9414,#9415,
    #9416,#9417));
#9396 = ORIENTED_EDGE('',*,*,#1005,.T.);
#9397 = ORIENTED_EDGE('',*,*,#1014,.T.);
#9398 = ORIENTED_EDGE('',*,*,#9399,.T.);
#9399 = EDGE_CURVE('',#713,#9400,#9402,.T.);
#9400 = VERTEX_POINT('',#9401);
#9401 = CARTESIAN_POINT('',(67.15,36.65,23.5));
#9402 = B_SPLINE_CURVE_WITH_KNOTS('',1,(#9403,#9404),.UNSPECIFIED.,.F.,
  .F.,(2,2),(0.,11.54),.PIECEWISE_BEZIER_KNOTS.);
#9403 = CARTESIAN_POINT('',(67.15,36.65,11.96));
#9404 = CARTESIAN_POINT('',(67.15,36.65,23.5));
#9405 = ORIENTED_EDGE('',*,*,#9406,.F.);
#9406 = EDGE_CURVE('',#9400,#9400,#9407,.T.);
#9407 = CIRCLE('',#9408,1.4);
#9408 = AXIS2_PLACEMENT_3D('',#9409,#9410,#9411);
#9409 = CARTESIAN_POINT('',(65.75,36.65,23.5));
#9410 = DIRECTION('',(0.,0.,1.));
#9411 = DIRECTION('',(1.,0.,0.));
#9412 = ORIENTED_EDGE('',*,*,#9399,.F.);
#9413 = ORIENTED_EDGE('',*,*,#712,.T.);
#9414 = ORIENTED_EDGE('',*,*,#723,.T.);
#9415 = ORIENTED_EDGE('',*,*,#732,.T.);
#9416 = ORIENTED_EDGE('',*,*,#741,.T.);
#9417 = ORIENTED_EDGE('',*,*,#1591,.T.);
#9418 = CYLINDRICAL_SURFACE('',#9419,1.4);
#9419 = AXIS2_PLACEMENT_3D('',#9420,#9421,#9422);
#9420 = CARTESIAN_POINT('',(65.75,36.65,11.96));
#9421 = DIRECTION('',(0.,0.,1.));
#9422 = DIRECTION('',(1.,0.,0.));
#9423 = ADVANCED_FACE('',(#9424),#9427,.F.);
#9424 = FACE_BOUND('',#9425,.F.);
#9425 = EDGE_LOOP('',(#9426));
#9426 = ORIENTED_EDGE('',*,*,#9406,.T.);
#9427 = PLANE('',#9428);
#9428 = AXIS2_PLACEMENT_3D('',#9429,#9430,#9431);
#9429 = CARTESIAN_POINT('',(65.75,36.65,23.5));
#9430 = DIRECTION('',(0.,0.,1.));
#9431 = DIRECTION('',(1.,0.,0.));
#9432 = ADVANCED_FACE('',(#9433),#9443,.T.);
#9433 = FACE_BOUND('',#9434,.T.);
#9434 = EDGE_LOOP('',(#9435,#9436,#9437,#9438,#9439,#9440,#9441,#9442));
#9435 = ORIENTED_EDGE('',*,*,#9258,.T.);
#9436 = ORIENTED_EDGE('',*,*,#125,.F.);
#9437 = ORIENTED_EDGE('',*,*,#2741,.F.);
#9438 = ORIENTED_EDGE('',*,*,#758,.F.);
#9439 = ORIENTED_EDGE('',*,*,#1086,.F.);
#9440 = ORIENTED_EDGE('',*,*,#1615,.T.);
#9441 = ORIENTED_EDGE('',*,*,#1288,.T.);
#9442 = ORIENTED_EDGE('',*,*,#988,.F.);
#9443 = CYLINDRICAL_SURFACE('',#9444,3.25);
#9444 = AXIS2_PLACEMENT_3D('',#9445,#9446,#9447);
#9445 = CARTESIAN_POINT('',(63.94,34.86,6.2));
#9446 = DIRECTION('',(0.,0.,1.));
#9447 = DIRECTION('',(1.,0.,0.));
#9448 = ADVANCED_FACE('',(#9449),#9474,.T.);
#9449 = FACE_BOUND('',#9450,.T.);
#9450 = EDGE_LOOP('',(#9451,#9452,#9453,#9454,#9455,#9456,#9457,#9458,
    #9459,#9460,#9461,#9462,#9463,#9464,#9465,#9466,#9467,#9468,#9469,
    #9470,#9471,#9472,#9473));
#9451 = ORIENTED_EDGE('',*,*,#2805,.T.);
#9452 = ORIENTED_EDGE('',*,*,#92,.F.);
#9453 = ORIENTED_EDGE('',*,*,#83,.F.);
#9454 = ORIENTED_EDGE('',*,*,#74,.F.);
#9455 = ORIENTED_EDGE('',*,*,#65,.F.);
#9456 = ORIENTED_EDGE('',*,*,#2819,.F.);
#9457 = ORIENTED_EDGE('',*,*,#808,.F.);
#9458 = ORIENTED_EDGE('',*,*,#1101,.F.);
#9459 = ORIENTED_EDGE('',*,*,#657,.T.);
#9460 = ORIENTED_EDGE('',*,*,#603,.T.);
#9461 = ORIENTED_EDGE('',*,*,#577,.T.);
#9462 = ORIENTED_EDGE('',*,*,#553,.T.);
#9463 = ORIENTED_EDGE('',*,*,#521,.T.);
#9464 = ORIENTED_EDGE('',*,*,#490,.T.);
#9465 = ORIENTED_EDGE('',*,*,#444,.F.);
#9466 = ORIENTED_EDGE('',*,*,#395,.T.);
#9467 = ORIENTED_EDGE('',*,*,#322,.T.);
#9468 = ORIENTED_EDGE('',*,*,#298,.T.);
#9469 = ORIENTED_EDGE('',*,*,#307,.T.);
#9470 = ORIENTED_EDGE('',*,*,#331,.F.);
#9471 = ORIENTED_EDGE('',*,*,#640,.T.);
#9472 = ORIENTED_EDGE('',*,*,#1108,.T.);
#9473 = ORIENTED_EDGE('',*,*,#791,.F.);
#9474 = CYLINDRICAL_SURFACE('',#9475,3.25);
#9475 = AXIS2_PLACEMENT_3D('',#9476,#9477,#9478);
#9476 = CARTESIAN_POINT('',(17.27,34.97,11.96));
#9477 = DIRECTION('',(0.,0.,1.));
#9478 = DIRECTION('',(1.,0.,0.));
#9479 = ADVANCED_FACE('',(#9480),#9489,.F.);
#9480 = FACE_BOUND('',#9481,.T.);
#9481 = EDGE_LOOP('',(#9482,#9483,#9484,#9485,#9486,#9487,#9488));
#9482 = ORIENTED_EDGE('',*,*,#2788,.T.);
#9483 = ORIENTED_EDGE('',*,*,#40,.F.);
#9484 = ORIENTED_EDGE('',*,*,#189,.F.);
#9485 = ORIENTED_EDGE('',*,*,#860,.F.);
#9486 = ORIENTED_EDGE('',*,*,#851,.F.);
#9487 = ORIENTED_EDGE('',*,*,#842,.F.);
#9488 = ORIENTED_EDGE('',*,*,#833,.F.);
#9489 = CYLINDRICAL_SURFACE('',#9490,1.4);
#9490 = AXIS2_PLACEMENT_3D('',#9491,#9492,#9493);
#9491 = CARTESIAN_POINT('',(0.9,36.65,-1.));
#9492 = DIRECTION('',(0.,0.,1.));
#9493 = DIRECTION('',(-1.,0.,0.));
#9494 = ADVANCED_FACE('',(#9495),#9503,.T.);
#9495 = FACE_BOUND('',#9496,.T.);
#9496 = EDGE_LOOP('',(#9497,#9498,#9499,#9500,#9501,#9502));
#9497 = ORIENTED_EDGE('',*,*,#2853,.T.);
#9498 = ORIENTED_EDGE('',*,*,#2935,.T.);
#9499 = ORIENTED_EDGE('',*,*,#9206,.F.);
#9500 = ORIENTED_EDGE('',*,*,#931,.T.);
#9501 = ORIENTED_EDGE('',*,*,#922,.T.);
#9502 = ORIENTED_EDGE('',*,*,#913,.T.);
#9503 = CYLINDRICAL_SURFACE('',#9504,5.);
#9504 = AXIS2_PLACEMENT_3D('',#9505,#9506,#9507);
#9505 = CARTESIAN_POINT('',(64.55,35.45,0.));
#9506 = DIRECTION('',(0.,0.,1.));
#9507 = DIRECTION('',(1.,0.,0.));
#9508 = ADVANCED_FACE('',(#9509),#9517,.F.);
#9509 = FACE_BOUND('',#9510,.F.);
#9510 = EDGE_LOOP('',(#9511,#9512,#9513,#9514,#9515,#9516));
#9511 = ORIENTED_EDGE('',*,*,#21,.F.);
#9512 = ORIENTED_EDGE('',*,*,#198,.F.);
#9513 = ORIENTED_EDGE('',*,*,#1371,.T.);
#9514 = ORIENTED_EDGE('',*,*,#1380,.T.);
#9515 = ORIENTED_EDGE('',*,*,#1389,.T.);
#9516 = ORIENTED_EDGE('',*,*,#9320,.T.);
#9517 = CYLINDRICAL_SURFACE('',#9518,1.4);
#9518 = AXIS2_PLACEMENT_3D('',#9519,#9520,#9521);
#9519 = CARTESIAN_POINT('',(0.9,0.9,-1.));
#9520 = DIRECTION('',(0.,0.,1.));
#9521 = DIRECTION('',(-1.,0.,0.));
#9522 = ADVANCED_FACE('',(#9523),#9531,.T.);
#9523 = FACE_BOUND('',#9524,.F.);
#9524 = EDGE_LOOP('',(#9525,#9526,#9527,#9528,#9529,#9530));
#9525 = ORIENTED_EDGE('',*,*,#5115,.F.);
#9526 = ORIENTED_EDGE('',*,*,#9213,.F.);
#9527 = ORIENTED_EDGE('',*,*,#1550,.F.);
#9528 = ORIENTED_EDGE('',*,*,#1559,.F.);
#9529 = ORIENTED_EDGE('',*,*,#1568,.F.);
#9530 = ORIENTED_EDGE('',*,*,#9359,.T.);
#9531 = CYLINDRICAL_SURFACE('',#9532,5.);
#9532 = AXIS2_PLACEMENT_3D('',#9533,#9534,#9535);
#9533 = CARTESIAN_POINT('',(64.55,2.1,0.));
#9534 = DIRECTION('',(0.,0.,1.));
#9535 = DIRECTION('',(1.,0.,0.));
#9536 = ADVANCED_FACE('',(#9537),#9545,.T.);
#9537 = FACE_BOUND('',#9538,.T.);
#9538 = EDGE_LOOP('',(#9539,#9540,#9541,#9542,#9543,#9544));
#9539 = ORIENTED_EDGE('',*,*,#9366,.T.);
#9540 = ORIENTED_EDGE('',*,*,#5149,.T.);
#9541 = ORIENTED_EDGE('',*,*,#9272,.F.);
#9542 = ORIENTED_EDGE('',*,*,#1354,.T.);
#9543 = ORIENTED_EDGE('',*,*,#1345,.T.);
#9544 = ORIENTED_EDGE('',*,*,#1334,.T.);
#9545 = CYLINDRICAL_SURFACE('',#9546,5.);
#9546 = AXIS2_PLACEMENT_3D('',#9547,#9548,#9549);
#9547 = CARTESIAN_POINT('',(2.1,2.1,0.));
#9548 = DIRECTION('',(0.,0.,1.));
#9549 = DIRECTION('',(-1.,0.,0.));
#9550 = ADVANCED_FACE('',(#9551),#9565,.T.);
#9551 = FACE_BOUND('',#9552,.T.);
#9552 = EDGE_LOOP('',(#9553,#9554,#9555,#9556,#9557,#9558,#9559,#9560,
    #9561,#9562,#9563,#9564));
#9553 = ORIENTED_EDGE('',*,*,#9344,.T.);
#9554 = ORIENTED_EDGE('',*,*,#158,.F.);
#9555 = ORIENTED_EDGE('',*,*,#9303,.F.);
#9556 = ORIENTED_EDGE('',*,*,#1493,.F.);
#9557 = ORIENTED_EDGE('',*,*,#1885,.F.);
#9558 = ORIENTED_EDGE('',*,*,#2142,.T.);
#9559 = ORIENTED_EDGE('',*,*,#2200,.T.);
#9560 = ORIENTED_EDGE('',*,*,#2255,.T.);
#9561 = ORIENTED_EDGE('',*,*,#2216,.F.);
#9562 = ORIENTED_EDGE('',*,*,#2185,.T.);
#9563 = ORIENTED_EDGE('',*,*,#1846,.T.);
#9564 = ORIENTED_EDGE('',*,*,#1414,.F.);
#9565 = CYLINDRICAL_SURFACE('',#9566,3.25);
#9566 = AXIS2_PLACEMENT_3D('',#9567,#9568,#9569);
#9567 = CARTESIAN_POINT('',(63.99,2.7,6.2));
#9568 = DIRECTION('',(0.,0.,1.));
#9569 = DIRECTION('',(1.,0.,0.));
#9570 = ADVANCED_FACE('',(#9571),#9595,.F.);
#9571 = FACE_BOUND('',#9572,.F.);
#9572 = EDGE_LOOP('',(#9573,#9574,#9575,#9582,#9589,#9590,#9591,#9592,
    #9593,#9594));
#9573 = ORIENTED_EDGE('',*,*,#1449,.T.);
#9574 = ORIENTED_EDGE('',*,*,#1458,.T.);
#9575 = ORIENTED_EDGE('',*,*,#9576,.T.);
#9576 = EDGE_CURVE('',#1459,#9577,#9579,.T.);
#9577 = VERTEX_POINT('',#9578);
#9578 = CARTESIAN_POINT('',(67.15,0.9,23.5));
#9579 = B_SPLINE_CURVE_WITH_KNOTS('',1,(#9580,#9581),.UNSPECIFIED.,.F.,
  .F.,(2,2),(0.,11.54),.PIECEWISE_BEZIER_KNOTS.);
#9580 = CARTESIAN_POINT('',(67.15,0.9,11.96));
#9581 = CARTESIAN_POINT('',(67.15,0.9,23.5));
#9582 = ORIENTED_EDGE('',*,*,#9583,.F.);
#9583 = EDGE_CURVE('',#9577,#9577,#9584,.T.);
#9584 = CIRCLE('',#9585,1.4);
#9585 = AXIS2_PLACEMENT_3D('',#9586,#9587,#9588);
#9586 = CARTESIAN_POINT('',(65.75,0.9,23.5));
#9587 = DIRECTION('',(0.,0.,1.));
#9588 = DIRECTION('',(1.,0.,0.));
#9589 = ORIENTED_EDGE('',*,*,#9576,.F.);
#9590 = ORIENTED_EDGE('',*,*,#1467,.T.);
#9591 = ORIENTED_EDGE('',*,*,#1476,.T.);
#9592 = ORIENTED_EDGE('',*,*,#2271,.T.);
#9593 = ORIENTED_EDGE('',*,*,#1431,.T.);
#9594 = ORIENTED_EDGE('',*,*,#1440,.T.);
#9595 = CYLINDRICAL_SURFACE('',#9596,1.4);
#9596 = AXIS2_PLACEMENT_3D('',#9597,#9598,#9599);
#9597 = CARTESIAN_POINT('',(65.75,0.9,11.96));
#9598 = DIRECTION('',(0.,0.,1.));
#9599 = DIRECTION('',(1.,0.,0.));
#9600 = ADVANCED_FACE('',(#9601),#9604,.F.);
#9601 = FACE_BOUND('',#9602,.F.);
#9602 = EDGE_LOOP('',(#9603));
#9603 = ORIENTED_EDGE('',*,*,#9583,.T.);
#9604 = PLANE('',#9605);
#9605 = AXIS2_PLACEMENT_3D('',#9606,#9607,#9608);
#9606 = CARTESIAN_POINT('',(65.75,0.9,23.5));
#9607 = DIRECTION('',(0.,0.,1.));
#9608 = DIRECTION('',(1.,0.,0.));
#9609 = ( GEOMETRIC_REPRESENTATION_CONTEXT(3) 
GLOBAL_UNCERTAINTY_ASSIGNED_CONTEXT((#9613)) 
GLOBAL_UNIT_ASSIGNED_CONTEXT((#9610,#9611,#9612)) REPRESENTATION_CONTEXT
('Context #1','3D Context with UNIT and UNCERTAINTY') );
#9610 = ( LENGTH_UNIT() NAMED_UNIT(*) SI_UNIT(.MILLI.,.METRE.) );
#9611 = ( NAMED_UNIT(*) PLANE_ANGLE_UNIT() SI_UNIT($,.RADIAN.) );
#9612 = ( NAMED_UNIT(*) SI_UNIT($,.STERADIAN.) SOLID_ANGLE_UNIT() );
#9613 = UNCERTAINTY_MEASURE_WITH_UNIT(LENGTH_MEASURE(1.E-06),#9610,
  'distance_accuracy_value','confusion accuracy');
#9614 = PRODUCT_RELATED_PRODUCT_CATEGORY('part',$,(#7));
ENDSEC;
END-ISO-10303-21;
