ISO-10303-21;
HEADER;
FILE_DESCRIPTION(('FreeCAD Model'),'2;1');
FILE_NAME('Open CASCADE Shape Model','2026-09-06T15:57:01',('FreeCAD'),(
    'FreeCAD'),'Open CASCADE STEP processor 7.8','FreeCAD','Unknown');
FILE_SCHEMA(('AUTOMOTIVE_DESIGN { 1 0 10303 214 1 1 1 1 }'));
ENDSEC;
DATA;
#1 = APPLICATION_PROTOCOL_DEFINITION('international standard',
  'automotive_design',2000,#2);
#2 = APPLICATION_CONTEXT(
  'core data for automotive mechanical design processes');
#3 = SHAPE_DEFINITION_REPRESENTATION(#4,#10);
#4 = PRODUCT_DEFINITION_SHAPE('','',#5);
#5 = PRODUCT_DEFINITION('design','',#6,#9);
#6 = PRODUCT_DEFINITION_FORMATION('','',#7);
#7 = PRODUCT('Open CASCADE STEP translator 7.8 1',
  'Open CASCADE STEP translator 7.8 1','',(#8));
#8 = PRODUCT_CONTEXT('',#2,'mechanical');
#9 = PRODUCT_DEFINITION_CONTEXT('part definition',#2,'design');
#10 = ADVANCED_BREP_SHAPE_REPRESENTATION('',(#11,#15),#3872);
#11 = AXIS2_PLACEMENT_3D('',#12,#13,#14);
#12 = CARTESIAN_POINT('',(0.,0.,0.));
#13 = DIRECTION('',(0.,0.,1.));
#14 = DIRECTION('',(1.,0.,-0.));
#15 = MANIFOLD_SOLID_BREP('',#16);
#16 = CLOSED_SHELL('',(#17,#121,#181,#227,#331,#391,#437,#479,#510,#667,
    #707,#812,#837,#862,#1010,#1040,#1065,#1090,#1179,#1203,#1227,#1262,
    #1286,#1349,#1367,#1428,#1484,#1501,#1527,#1578,#1603,#1619,#1739,
    #1764,#1797,#1945,#1975,#2003,#2021,#2045,#2104,#2147,#2468,#2488,
    #2504,#2514,#2526,#2548,#2565,#2662,#2770,#2787,#2804,#2820,#2837,
    #2869,#2920,#2938,#2955,#2974,#2986,#2998,#3073,#3097,#3122,#3146,
    #3209,#3233,#3296,#3320,#3344,#3368,#3445,#3469,#3493,#3517,#3542,
    #3559,#3569,#3579,#3610,#3630,#3646,#3662,#3682,#3707,#3758,#3770,
    #3795,#3820,#3829));
#17 = ADVANCED_FACE('',(#18),#116,.F.);
#18 = FACE_BOUND('',#19,.F.);
#19 = EDGE_LOOP('',(#20,#31,#40,#49,#56,#65,#74,#83,#92,#99,#100,#109));
#20 = ORIENTED_EDGE('',*,*,#21,.T.);
#21 = EDGE_CURVE('',#22,#24,#26,.T.);
#22 = VERTEX_POINT('',#23);
#23 = CARTESIAN_POINT('',(64.111590598019,37.103447495858,-2.5));
#24 = VERTEX_POINT('',#25);
#25 = CARTESIAN_POINT('',(62.752444226636,36.771075949603,-2.5));
#26 = CIRCLE('',#27,2.25);
#27 = AXIS2_PLACEMENT_3D('',#28,#29,#30);
#28 = CARTESIAN_POINT('',(63.94,34.86,-2.5));
#29 = DIRECTION('',(0.,0.,1.));
#30 = DIRECTION('',(1.,0.,0.));
#31 = ORIENTED_EDGE('',*,*,#32,.T.);
#32 = EDGE_CURVE('',#24,#33,#35,.T.);
#33 = VERTEX_POINT('',#34);
#34 = CARTESIAN_POINT('',(65.837763328686,33.651284008423,-2.5));
#35 = CIRCLE('',#36,2.25);
#36 = AXIS2_PLACEMENT_3D('',#37,#38,#39);
#37 = CARTESIAN_POINT('',(63.94,34.86,-2.5));
#38 = DIRECTION('',(0.,0.,1.));
#39 = DIRECTION('',(1.,0.,0.));
#40 = ORIENTED_EDGE('',*,*,#41,.T.);
#41 = EDGE_CURVE('',#33,#42,#44,.T.);
#42 = VERTEX_POINT('',#43);
#43 = CARTESIAN_POINT('',(66.19,34.86,-2.5));
#44 = CIRCLE('',#45,2.25);
#45 = AXIS2_PLACEMENT_3D('',#46,#47,#48);
#46 = CARTESIAN_POINT('',(63.94,34.86,-2.5));
#47 = DIRECTION('',(0.,0.,1.));
#48 = DIRECTION('',(1.,0.,0.));
#49 = ORIENTED_EDGE('',*,*,#50,.T.);
#50 = EDGE_CURVE('',#42,#51,#53,.T.);
#51 = VERTEX_POINT('',#52);
#52 = CARTESIAN_POINT('',(66.19,34.86,-0.8));
#53 = B_SPLINE_CURVE_WITH_KNOTS('',1,(#54,#55),.UNSPECIFIED.,.F.,.F.,(2,
    2),(0.,1.7),.PIECEWISE_BEZIER_KNOTS.);
#54 = CARTESIAN_POINT('',(66.19,34.86,-2.5));
#55 = CARTESIAN_POINT('',(66.19,34.86,-0.8));
#56 = ORIENTED_EDGE('',*,*,#57,.F.);
#57 = EDGE_CURVE('',#58,#51,#60,.T.);
#58 = VERTEX_POINT('',#59);
#59 = CARTESIAN_POINT('',(65.837763328686,33.651284008423,-0.8));
#60 = CIRCLE('',#61,2.25);
#61 = AXIS2_PLACEMENT_3D('',#62,#63,#64);
#62 = CARTESIAN_POINT('',(63.94,34.86,-0.8));
#63 = DIRECTION('',(0.,0.,1.));
#64 = DIRECTION('',(1.,0.,0.));
#65 = ORIENTED_EDGE('',*,*,#66,.F.);
#66 = EDGE_CURVE('',#67,#58,#69,.T.);
#67 = VERTEX_POINT('',#68);
#68 = CARTESIAN_POINT('',(62.752444226636,36.771075949603,-0.8));
#69 = CIRCLE('',#70,2.25);
#70 = AXIS2_PLACEMENT_3D('',#71,#72,#73);
#71 = CARTESIAN_POINT('',(63.94,34.86,-0.8));
#72 = DIRECTION('',(0.,0.,1.));
#73 = DIRECTION('',(1.,0.,0.));
#74 = ORIENTED_EDGE('',*,*,#75,.F.);
#75 = EDGE_CURVE('',#76,#67,#78,.T.);
#76 = VERTEX_POINT('',#77);
#77 = CARTESIAN_POINT('',(64.111590598019,37.103447495858,-0.8));
#78 = CIRCLE('',#79,2.25);
#79 = AXIS2_PLACEMENT_3D('',#80,#81,#82);
#80 = CARTESIAN_POINT('',(63.94,34.86,-0.8));
#81 = DIRECTION('',(0.,0.,1.));
#82 = DIRECTION('',(1.,0.,0.));
#83 = ORIENTED_EDGE('',*,*,#84,.F.);
#84 = EDGE_CURVE('',#85,#76,#87,.T.);
#85 = VERTEX_POINT('',#86);
#86 = CARTESIAN_POINT('',(66.185215519076,35.006653581269,-0.8));
#87 = CIRCLE('',#88,2.25);
#88 = AXIS2_PLACEMENT_3D('',#89,#90,#91);
#89 = CARTESIAN_POINT('',(63.94,34.86,-0.8));
#90 = DIRECTION('',(0.,0.,1.));
#91 = DIRECTION('',(1.,0.,0.));
#92 = ORIENTED_EDGE('',*,*,#93,.F.);
#93 = EDGE_CURVE('',#51,#85,#94,.T.);
#94 = CIRCLE('',#95,2.25);
#95 = AXIS2_PLACEMENT_3D('',#96,#97,#98);
#96 = CARTESIAN_POINT('',(63.94,34.86,-0.8));
#97 = DIRECTION('',(0.,0.,1.));
#98 = DIRECTION('',(1.,0.,0.));
#99 = ORIENTED_EDGE('',*,*,#50,.F.);
#100 = ORIENTED_EDGE('',*,*,#101,.T.);
#101 = EDGE_CURVE('',#42,#102,#104,.T.);
#102 = VERTEX_POINT('',#103);
#103 = CARTESIAN_POINT('',(66.185215519076,35.006653581269,-2.5));
#104 = CIRCLE('',#105,2.25);
#105 = AXIS2_PLACEMENT_3D('',#106,#107,#108);
#106 = CARTESIAN_POINT('',(63.94,34.86,-2.5));
#107 = DIRECTION('',(0.,0.,1.));
#108 = DIRECTION('',(1.,0.,0.));
#109 = ORIENTED_EDGE('',*,*,#110,.T.);
#110 = EDGE_CURVE('',#102,#22,#111,.T.);
#111 = CIRCLE('',#112,2.25);
#112 = AXIS2_PLACEMENT_3D('',#113,#114,#115);
#113 = CARTESIAN_POINT('',(63.94,34.86,-2.5));
#114 = DIRECTION('',(0.,0.,1.));
#115 = DIRECTION('',(1.,0.,0.));
#116 = CYLINDRICAL_SURFACE('',#117,2.25);
#117 = AXIS2_PLACEMENT_3D('',#118,#119,#120);
#118 = CARTESIAN_POINT('',(63.94,34.86,-2.5));
#119 = DIRECTION('',(0.,0.,1.));
#120 = DIRECTION('',(1.,0.,0.));
#121 = ADVANCED_FACE('',(#122,#129),#176,.T.);
#122 = FACE_BOUND('',#123,.T.);
#123 = EDGE_LOOP('',(#124,#125,#126,#127,#128));
#124 = ORIENTED_EDGE('',*,*,#93,.F.);
#125 = ORIENTED_EDGE('',*,*,#57,.F.);
#126 = ORIENTED_EDGE('',*,*,#66,.F.);
#127 = ORIENTED_EDGE('',*,*,#75,.F.);
#128 = ORIENTED_EDGE('',*,*,#84,.F.);
#129 = FACE_BOUND('',#130,.T.);
#130 = EDGE_LOOP('',(#131,#142,#151,#160,#169));
#131 = ORIENTED_EDGE('',*,*,#132,.T.);
#132 = EDGE_CURVE('',#133,#135,#137,.T.);
#133 = VERTEX_POINT('',#134);
#134 = CARTESIAN_POINT('',(64.564343929716,33.894238819673,-0.8));
#135 = VERTEX_POINT('',#136);
#136 = CARTESIAN_POINT('',(65.09,34.86,-0.8));
#137 = CIRCLE('',#138,1.15);
#138 = AXIS2_PLACEMENT_3D('',#139,#140,#141);
#139 = CARTESIAN_POINT('',(63.94,34.86,-0.8));
#140 = DIRECTION('',(0.,0.,1.));
#141 = DIRECTION('',(1.,0.,0.));
#142 = ORIENTED_EDGE('',*,*,#143,.T.);
#143 = EDGE_CURVE('',#135,#144,#146,.T.);
#144 = VERTEX_POINT('',#145);
#145 = CARTESIAN_POINT('',(65.066009512311,35.093671945652,-0.8));
#146 = CIRCLE('',#147,1.15);
#147 = AXIS2_PLACEMENT_3D('',#148,#149,#150);
#148 = CARTESIAN_POINT('',(63.94,34.86,-0.8));
#149 = DIRECTION('',(0.,0.,1.));
#150 = DIRECTION('',(1.,0.,0.));
#151 = ORIENTED_EDGE('',*,*,#152,.T.);
#152 = EDGE_CURVE('',#144,#153,#155,.T.);
#153 = VERTEX_POINT('',#154);
#154 = CARTESIAN_POINT('',(64.18616835257,35.983343732877,-0.8));
#155 = CIRCLE('',#156,1.15);
#156 = AXIS2_PLACEMENT_3D('',#157,#158,#159);
#157 = CARTESIAN_POINT('',(63.94,34.86,-0.8));
#158 = DIRECTION('',(0.,0.,1.));
#159 = DIRECTION('',(1.,0.,0.));
#160 = ORIENTED_EDGE('',*,*,#161,.T.);
#161 = EDGE_CURVE('',#153,#162,#164,.T.);
#162 = VERTEX_POINT('',#163);
#163 = CARTESIAN_POINT('',(62.981235373392,35.495035739754,-0.8));
#164 = CIRCLE('',#165,1.15);
#165 = AXIS2_PLACEMENT_3D('',#166,#167,#168);
#166 = CARTESIAN_POINT('',(63.94,34.86,-0.8));
#167 = DIRECTION('',(0.,0.,1.));
#168 = DIRECTION('',(1.,0.,0.));
#169 = ORIENTED_EDGE('',*,*,#170,.T.);
#170 = EDGE_CURVE('',#162,#133,#171,.T.);
#171 = CIRCLE('',#172,1.15);
#172 = AXIS2_PLACEMENT_3D('',#173,#174,#175);
#173 = CARTESIAN_POINT('',(63.94,34.86,-0.8));
#174 = DIRECTION('',(0.,0.,1.));
#175 = DIRECTION('',(1.,0.,0.));
#176 = PLANE('',#177);
#177 = AXIS2_PLACEMENT_3D('',#178,#179,#180);
#178 = CARTESIAN_POINT('',(64.019076411439,34.937798387714,-0.8));
#179 = DIRECTION('',(-0.,-0.,-1.));
#180 = DIRECTION('',(-1.,0.,0.));
#181 = ADVANCED_FACE('',(#182),#222,.F.);
#182 = FACE_BOUND('',#183,.F.);
#183 = EDGE_LOOP('',(#184,#185,#186,#187,#194,#203,#212,#219,#220,#221)
  );
#184 = ORIENTED_EDGE('',*,*,#161,.T.);
#185 = ORIENTED_EDGE('',*,*,#170,.T.);
#186 = ORIENTED_EDGE('',*,*,#132,.T.);
#187 = ORIENTED_EDGE('',*,*,#188,.T.);
#188 = EDGE_CURVE('',#135,#189,#191,.T.);
#189 = VERTEX_POINT('',#190);
#190 = CARTESIAN_POINT('',(65.09,34.86,4.));
#191 = B_SPLINE_CURVE_WITH_KNOTS('',1,(#192,#193),.UNSPECIFIED.,.F.,.F.,
  (2,2),(2.2,7.),.PIECEWISE_BEZIER_KNOTS.);
#192 = CARTESIAN_POINT('',(65.09,34.86,-0.8));
#193 = CARTESIAN_POINT('',(65.09,34.86,4.));
#194 = ORIENTED_EDGE('',*,*,#195,.F.);
#195 = EDGE_CURVE('',#196,#189,#198,.T.);
#196 = VERTEX_POINT('',#197);
#197 = CARTESIAN_POINT('',(64.186168352569,35.983343732878,4.));
#198 = CIRCLE('',#199,1.15);
#199 = AXIS2_PLACEMENT_3D('',#200,#201,#202);
#200 = CARTESIAN_POINT('',(63.94,34.86,4.));
#201 = DIRECTION('',(0.,0.,1.));
#202 = DIRECTION('',(1.,0.,0.));
#203 = ORIENTED_EDGE('',*,*,#204,.F.);
#204 = EDGE_CURVE('',#205,#196,#207,.T.);
#205 = VERTEX_POINT('',#206);
#206 = CARTESIAN_POINT('',(65.066009512312,35.093671945651,4.));
#207 = CIRCLE('',#208,1.15);
#208 = AXIS2_PLACEMENT_3D('',#209,#210,#211);
#209 = CARTESIAN_POINT('',(63.94,34.86,4.));
#210 = DIRECTION('',(0.,0.,1.));
#211 = DIRECTION('',(1.,0.,0.));
#212 = ORIENTED_EDGE('',*,*,#213,.F.);
#213 = EDGE_CURVE('',#189,#205,#214,.T.);
#214 = CIRCLE('',#215,1.15);
#215 = AXIS2_PLACEMENT_3D('',#216,#217,#218);
#216 = CARTESIAN_POINT('',(63.94,34.86,4.));
#217 = DIRECTION('',(0.,0.,1.));
#218 = DIRECTION('',(1.,0.,0.));
#219 = ORIENTED_EDGE('',*,*,#188,.F.);
#220 = ORIENTED_EDGE('',*,*,#143,.T.);
#221 = ORIENTED_EDGE('',*,*,#152,.T.);
#222 = CYLINDRICAL_SURFACE('',#223,1.15);
#223 = AXIS2_PLACEMENT_3D('',#224,#225,#226);
#224 = CARTESIAN_POINT('',(63.94,34.86,-3.));
#225 = DIRECTION('',(0.,0.,1.));
#226 = DIRECTION('',(1.,0.,0.));
#227 = ADVANCED_FACE('',(#228),#326,.F.);
#228 = FACE_BOUND('',#229,.F.);
#229 = EDGE_LOOP('',(#230,#241,#248,#257,#266,#275,#284,#291,#292,#301,
    #310,#319));
#230 = ORIENTED_EDGE('',*,*,#231,.T.);
#231 = EDGE_CURVE('',#232,#234,#236,.T.);
#232 = VERTEX_POINT('',#233);
#233 = CARTESIAN_POINT('',(66.23355178476,2.529778411765,-2.5));
#234 = VERTEX_POINT('',#235);
#235 = CARTESIAN_POINT('',(66.24,2.7,-2.5));
#236 = CIRCLE('',#237,2.25);
#237 = AXIS2_PLACEMENT_3D('',#238,#239,#240);
#238 = CARTESIAN_POINT('',(63.99,2.7,-2.5));
#239 = DIRECTION('',(0.,0.,1.));
#240 = DIRECTION('',(1.,0.,0.));
#241 = ORIENTED_EDGE('',*,*,#242,.T.);
#242 = EDGE_CURVE('',#234,#243,#245,.T.);
#243 = VERTEX_POINT('',#244);
#244 = CARTESIAN_POINT('',(66.24,2.7,-0.8));
#245 = B_SPLINE_CURVE_WITH_KNOTS('',1,(#246,#247),.UNSPECIFIED.,.F.,.F.,
  (2,2),(0.,1.7),.PIECEWISE_BEZIER_KNOTS.);
#246 = CARTESIAN_POINT('',(66.24,2.7,-2.5));
#247 = CARTESIAN_POINT('',(66.24,2.7,-0.8));
#248 = ORIENTED_EDGE('',*,*,#249,.F.);
#249 = EDGE_CURVE('',#250,#243,#252,.T.);
#250 = VERTEX_POINT('',#251);
#251 = CARTESIAN_POINT('',(66.23355178476,2.529778411765,-0.8));
#252 = CIRCLE('',#253,2.25);
#253 = AXIS2_PLACEMENT_3D('',#254,#255,#256);
#254 = CARTESIAN_POINT('',(63.99,2.7,-0.8));
#255 = DIRECTION('',(0.,0.,1.));
#256 = DIRECTION('',(1.,0.,0.));
#257 = ORIENTED_EDGE('',*,*,#258,.F.);
#258 = EDGE_CURVE('',#259,#250,#261,.T.);
#259 = VERTEX_POINT('',#260);
#260 = CARTESIAN_POINT('',(64.109768083961,0.453189904317,-0.8));
#261 = CIRCLE('',#262,2.25);
#262 = AXIS2_PLACEMENT_3D('',#263,#264,#265);
#263 = CARTESIAN_POINT('',(63.99,2.7,-0.8));
#264 = DIRECTION('',(0.,0.,1.));
#265 = DIRECTION('',(1.,0.,0.));
#266 = ORIENTED_EDGE('',*,*,#267,.F.);
#267 = EDGE_CURVE('',#268,#259,#270,.T.);
#268 = VERTEX_POINT('',#269);
#269 = CARTESIAN_POINT('',(62.751017909711,0.821856400606,-0.8));
#270 = CIRCLE('',#271,2.25);
#271 = AXIS2_PLACEMENT_3D('',#272,#273,#274);
#272 = CARTESIAN_POINT('',(63.99,2.7,-0.8));
#273 = DIRECTION('',(0.,0.,1.));
#274 = DIRECTION('',(1.,0.,0.));
#275 = ORIENTED_EDGE('',*,*,#276,.F.);
#276 = EDGE_CURVE('',#277,#268,#279,.T.);
#277 = VERTEX_POINT('',#278);
#278 = CARTESIAN_POINT('',(65.895508220054,3.896469148497,-0.8));
#279 = CIRCLE('',#280,2.25);
#280 = AXIS2_PLACEMENT_3D('',#281,#282,#283);
#281 = CARTESIAN_POINT('',(63.99,2.7,-0.8));
#282 = DIRECTION('',(0.,0.,1.));
#283 = DIRECTION('',(1.,0.,0.));
#284 = ORIENTED_EDGE('',*,*,#285,.F.);
#285 = EDGE_CURVE('',#243,#277,#286,.T.);
#286 = CIRCLE('',#287,2.25);
#287 = AXIS2_PLACEMENT_3D('',#288,#289,#290);
#288 = CARTESIAN_POINT('',(63.99,2.7,-0.8));
#289 = DIRECTION('',(0.,0.,1.));
#290 = DIRECTION('',(1.,0.,0.));
#291 = ORIENTED_EDGE('',*,*,#242,.F.);
#292 = ORIENTED_EDGE('',*,*,#293,.T.);
#293 = EDGE_CURVE('',#234,#294,#296,.T.);
#294 = VERTEX_POINT('',#295);
#295 = CARTESIAN_POINT('',(65.895508220054,3.896469148497,-2.5));
#296 = CIRCLE('',#297,2.25);
#297 = AXIS2_PLACEMENT_3D('',#298,#299,#300);
#298 = CARTESIAN_POINT('',(63.99,2.7,-2.5));
#299 = DIRECTION('',(0.,0.,1.));
#300 = DIRECTION('',(1.,0.,0.));
#301 = ORIENTED_EDGE('',*,*,#302,.T.);
#302 = EDGE_CURVE('',#294,#303,#305,.T.);
#303 = VERTEX_POINT('',#304);
#304 = CARTESIAN_POINT('',(62.751017909711,0.821856400606,-2.5));
#305 = CIRCLE('',#306,2.25);
#306 = AXIS2_PLACEMENT_3D('',#307,#308,#309);
#307 = CARTESIAN_POINT('',(63.99,2.7,-2.5));
#308 = DIRECTION('',(0.,0.,1.));
#309 = DIRECTION('',(1.,0.,0.));
#310 = ORIENTED_EDGE('',*,*,#311,.T.);
#311 = EDGE_CURVE('',#303,#312,#314,.T.);
#312 = VERTEX_POINT('',#313);
#313 = CARTESIAN_POINT('',(64.10976808396,0.453189904317,-2.5));
#314 = CIRCLE('',#315,2.25);
#315 = AXIS2_PLACEMENT_3D('',#316,#317,#318);
#316 = CARTESIAN_POINT('',(63.99,2.7,-2.5));
#317 = DIRECTION('',(0.,0.,1.));
#318 = DIRECTION('',(1.,0.,0.));
#319 = ORIENTED_EDGE('',*,*,#320,.T.);
#320 = EDGE_CURVE('',#312,#232,#321,.T.);
#321 = CIRCLE('',#322,2.25);
#322 = AXIS2_PLACEMENT_3D('',#323,#324,#325);
#323 = CARTESIAN_POINT('',(63.99,2.7,-2.5));
#324 = DIRECTION('',(0.,0.,1.));
#325 = DIRECTION('',(1.,0.,0.));
#326 = CYLINDRICAL_SURFACE('',#327,2.25);
#327 = AXIS2_PLACEMENT_3D('',#328,#329,#330);
#328 = CARTESIAN_POINT('',(63.99,2.7,-2.5));
#329 = DIRECTION('',(0.,0.,1.));
#330 = DIRECTION('',(1.,0.,0.));
#331 = ADVANCED_FACE('',(#332,#339),#386,.T.);
#332 = FACE_BOUND('',#333,.T.);
#333 = EDGE_LOOP('',(#334,#335,#336,#337,#338));
#334 = ORIENTED_EDGE('',*,*,#267,.F.);
#335 = ORIENTED_EDGE('',*,*,#276,.F.);
#336 = ORIENTED_EDGE('',*,*,#285,.F.);
#337 = ORIENTED_EDGE('',*,*,#249,.F.);
#338 = ORIENTED_EDGE('',*,*,#258,.F.);
#339 = FACE_BOUND('',#340,.T.);
#340 = EDGE_LOOP('',(#341,#352,#361,#370,#379));
#341 = ORIENTED_EDGE('',*,*,#342,.T.);
#342 = EDGE_CURVE('',#343,#345,#347,.T.);
#343 = VERTEX_POINT('',#344);
#344 = CARTESIAN_POINT('',(63.004011194697,2.108116501482,-0.8));
#345 = VERTEX_POINT('',#346);
#346 = CARTESIAN_POINT('',(64.1862597642,1.566870658329,-0.8));
#347 = CIRCLE('',#348,1.15);
#348 = AXIS2_PLACEMENT_3D('',#349,#350,#351);
#349 = CARTESIAN_POINT('',(63.99,2.7,-0.8));
#350 = DIRECTION('',(0.,0.,1.));
#351 = DIRECTION('',(1.,0.,0.));
#352 = ORIENTED_EDGE('',*,*,#353,.T.);
#353 = EDGE_CURVE('',#345,#354,#356,.T.);
#354 = VERTEX_POINT('',#355);
#355 = CARTESIAN_POINT('',(65.118433495078,2.478329417409,-0.8));
#356 = CIRCLE('',#357,1.15);
#357 = AXIS2_PLACEMENT_3D('',#358,#359,#360);
#358 = CARTESIAN_POINT('',(63.99,2.7,-0.8));
#359 = DIRECTION('',(0.,0.,1.));
#360 = DIRECTION('',(1.,0.,0.));
#361 = ORIENTED_EDGE('',*,*,#362,.T.);
#362 = EDGE_CURVE('',#354,#363,#365,.T.);
#363 = VERTEX_POINT('',#364);
#364 = CARTESIAN_POINT('',(65.14,2.7,-0.8));
#365 = CIRCLE('',#366,1.15);
#366 = AXIS2_PLACEMENT_3D('',#367,#368,#369);
#367 = CARTESIAN_POINT('',(63.99,2.7,-0.8));
#368 = DIRECTION('',(0.,0.,1.));
#369 = DIRECTION('',(1.,0.,0.));
#370 = ORIENTED_EDGE('',*,*,#371,.T.);
#371 = EDGE_CURVE('',#363,#372,#374,.T.);
#372 = VERTEX_POINT('',#373);
#373 = CARTESIAN_POINT('',(64.603888325626,3.672440807279,-0.8));
#374 = CIRCLE('',#375,1.15);
#375 = AXIS2_PLACEMENT_3D('',#376,#377,#378);
#376 = CARTESIAN_POINT('',(63.99,2.7,-0.8));
#377 = DIRECTION('',(0.,0.,1.));
#378 = DIRECTION('',(1.,0.,0.));
#379 = ORIENTED_EDGE('',*,*,#380,.T.);
#380 = EDGE_CURVE('',#372,#343,#381,.T.);
#381 = CIRCLE('',#382,1.15);
#382 = AXIS2_PLACEMENT_3D('',#383,#384,#385);
#383 = CARTESIAN_POINT('',(63.99,2.7,-0.8));
#384 = DIRECTION('',(0.,0.,1.));
#385 = DIRECTION('',(1.,0.,0.));
#386 = PLANE('',#387);
#387 = AXIS2_PLACEMENT_3D('',#388,#389,#390);
#388 = CARTESIAN_POINT('',(64.066746188342,2.621988057696,-0.8));
#389 = DIRECTION('',(-0.,-0.,-1.));
#390 = DIRECTION('',(-1.,0.,0.));
#391 = ADVANCED_FACE('',(#392),#432,.F.);
#392 = FACE_BOUND('',#393,.F.);
#393 = EDGE_LOOP('',(#394,#395,#402,#411,#420,#427,#428,#429,#430,#431)
  );
#394 = ORIENTED_EDGE('',*,*,#362,.T.);
#395 = ORIENTED_EDGE('',*,*,#396,.T.);
#396 = EDGE_CURVE('',#363,#397,#399,.T.);
#397 = VERTEX_POINT('',#398);
#398 = CARTESIAN_POINT('',(65.14,2.7,4.));
#399 = B_SPLINE_CURVE_WITH_KNOTS('',1,(#400,#401),.UNSPECIFIED.,.F.,.F.,
  (2,2),(2.2,7.),.PIECEWISE_BEZIER_KNOTS.);
#400 = CARTESIAN_POINT('',(65.14,2.7,-0.8));
#401 = CARTESIAN_POINT('',(65.14,2.7,4.));
#402 = ORIENTED_EDGE('',*,*,#403,.F.);
#403 = EDGE_CURVE('',#404,#397,#406,.T.);
#404 = VERTEX_POINT('',#405);
#405 = CARTESIAN_POINT('',(65.118433495078,2.478329417409,4.));
#406 = CIRCLE('',#407,1.15);
#407 = AXIS2_PLACEMENT_3D('',#408,#409,#410);
#408 = CARTESIAN_POINT('',(63.99,2.7,4.));
#409 = DIRECTION('',(0.,0.,1.));
#410 = DIRECTION('',(1.,0.,0.));
#411 = ORIENTED_EDGE('',*,*,#412,.F.);
#412 = EDGE_CURVE('',#413,#404,#415,.T.);
#413 = VERTEX_POINT('',#414);
#414 = CARTESIAN_POINT('',(64.1862597642,1.566870658329,4.));
#415 = CIRCLE('',#416,1.15);
#416 = AXIS2_PLACEMENT_3D('',#417,#418,#419);
#417 = CARTESIAN_POINT('',(63.99,2.7,4.));
#418 = DIRECTION('',(0.,0.,1.));
#419 = DIRECTION('',(1.,0.,0.));
#420 = ORIENTED_EDGE('',*,*,#421,.F.);
#421 = EDGE_CURVE('',#397,#413,#422,.T.);
#422 = CIRCLE('',#423,1.15);
#423 = AXIS2_PLACEMENT_3D('',#424,#425,#426);
#424 = CARTESIAN_POINT('',(63.99,2.7,4.));
#425 = DIRECTION('',(0.,0.,1.));
#426 = DIRECTION('',(1.,0.,0.));
#427 = ORIENTED_EDGE('',*,*,#396,.F.);
#428 = ORIENTED_EDGE('',*,*,#371,.T.);
#429 = ORIENTED_EDGE('',*,*,#380,.T.);
#430 = ORIENTED_EDGE('',*,*,#342,.T.);
#431 = ORIENTED_EDGE('',*,*,#353,.T.);
#432 = CYLINDRICAL_SURFACE('',#433,1.15);
#433 = AXIS2_PLACEMENT_3D('',#434,#435,#436);
#434 = CARTESIAN_POINT('',(63.99,2.7,-3.));
#435 = DIRECTION('',(0.,0.,1.));
#436 = DIRECTION('',(1.,0.,0.));
#437 = ADVANCED_FACE('',(#438),#474,.T.);
#438 = FACE_BOUND('',#439,.T.);
#439 = EDGE_LOOP('',(#440,#450,#459,#467));
#440 = ORIENTED_EDGE('',*,*,#441,.T.);
#441 = EDGE_CURVE('',#442,#444,#446,.T.);
#442 = VERTEX_POINT('',#443);
#443 = CARTESIAN_POINT('',(2.1,-2.9,-1.5));
#444 = VERTEX_POINT('',#445);
#445 = CARTESIAN_POINT('',(2.1,-2.9,11.96));
#446 = LINE('',#447,#448);
#447 = CARTESIAN_POINT('',(2.1,-2.9,0.));
#448 = VECTOR('',#449,1.);
#449 = DIRECTION('',(0.,0.,1.));
#450 = ORIENTED_EDGE('',*,*,#451,.F.);
#451 = EDGE_CURVE('',#452,#444,#454,.T.);
#452 = VERTEX_POINT('',#453);
#453 = CARTESIAN_POINT('',(-2.9,2.1,11.96));
#454 = CIRCLE('',#455,5.);
#455 = AXIS2_PLACEMENT_3D('',#456,#457,#458);
#456 = CARTESIAN_POINT('',(2.1,2.1,11.96));
#457 = DIRECTION('',(0.,0.,1.));
#458 = DIRECTION('',(-1.,0.,0.));
#459 = ORIENTED_EDGE('',*,*,#460,.F.);
#460 = EDGE_CURVE('',#461,#452,#463,.T.);
#461 = VERTEX_POINT('',#462);
#462 = CARTESIAN_POINT('',(-2.9,2.1,-1.5));
#463 = LINE('',#464,#465);
#464 = CARTESIAN_POINT('',(-2.9,2.1,-2.5));
#465 = VECTOR('',#466,1.);
#466 = DIRECTION('',(0.,0.,1.));
#467 = ORIENTED_EDGE('',*,*,#468,.F.);
#468 = EDGE_CURVE('',#442,#461,#469,.T.);
#469 = CIRCLE('',#470,5.);
#470 = AXIS2_PLACEMENT_3D('',#471,#472,#473);
#471 = CARTESIAN_POINT('',(2.1,2.1,-1.5));
#472 = DIRECTION('',(-0.,0.,-1.));
#473 = DIRECTION('',(-2.7E-16,-1.,0.));
#474 = CYLINDRICAL_SURFACE('',#475,5.);
#475 = AXIS2_PLACEMENT_3D('',#476,#477,#478);
#476 = CARTESIAN_POINT('',(2.1,2.1,0.));
#477 = DIRECTION('',(0.,0.,1.));
#478 = DIRECTION('',(-1.,0.,0.));
#479 = ADVANCED_FACE('',(#480),#505,.T.);
#480 = FACE_BOUND('',#481,.T.);
#481 = EDGE_LOOP('',(#482,#483,#491,#499));
#482 = ORIENTED_EDGE('',*,*,#441,.F.);
#483 = ORIENTED_EDGE('',*,*,#484,.F.);
#484 = EDGE_CURVE('',#485,#442,#487,.T.);
#485 = VERTEX_POINT('',#486);
#486 = CARTESIAN_POINT('',(64.55,-2.9,-1.5));
#487 = LINE('',#488,#489);
#488 = CARTESIAN_POINT('',(64.55,-2.9,-1.5));
#489 = VECTOR('',#490,1.);
#490 = DIRECTION('',(-1.,0.,0.));
#491 = ORIENTED_EDGE('',*,*,#492,.T.);
#492 = EDGE_CURVE('',#485,#493,#495,.T.);
#493 = VERTEX_POINT('',#494);
#494 = CARTESIAN_POINT('',(64.55,-2.9,11.96));
#495 = LINE('',#496,#497);
#496 = CARTESIAN_POINT('',(64.55,-2.9,-2.5));
#497 = VECTOR('',#498,1.);
#498 = DIRECTION('',(0.,0.,1.));
#499 = ORIENTED_EDGE('',*,*,#500,.F.);
#500 = EDGE_CURVE('',#444,#493,#501,.T.);
#501 = LINE('',#502,#503);
#502 = CARTESIAN_POINT('',(-51.45,-2.9,11.96));
#503 = VECTOR('',#504,1.);
#504 = DIRECTION('',(1.,0.,0.));
#505 = PLANE('',#506);
#506 = AXIS2_PLACEMENT_3D('',#507,#508,#509);
#507 = CARTESIAN_POINT('',(33.325,-2.9,5.23));
#508 = DIRECTION('',(-0.,-1.,-0.));
#509 = DIRECTION('',(0.,0.,-1.));
#510 = ADVANCED_FACE('',(#511),#662,.T.);
#511 = FACE_BOUND('',#512,.T.);
#512 = EDGE_LOOP('',(#513,#514,#515,#524,#532,#540,#548,#556,#564,#572,
    #580,#589,#598,#606,#614,#623,#631,#640,#648,#656));
#513 = ORIENTED_EDGE('',*,*,#451,.T.);
#514 = ORIENTED_EDGE('',*,*,#500,.T.);
#515 = ORIENTED_EDGE('',*,*,#516,.T.);
#516 = EDGE_CURVE('',#493,#517,#519,.T.);
#517 = VERTEX_POINT('',#518);
#518 = CARTESIAN_POINT('',(69.55,2.1,11.96));
#519 = CIRCLE('',#520,5.);
#520 = AXIS2_PLACEMENT_3D('',#521,#522,#523);
#521 = CARTESIAN_POINT('',(64.55,2.1,11.96));
#522 = DIRECTION('',(0.,0.,1.));
#523 = DIRECTION('',(1.,0.,0.));
#524 = ORIENTED_EDGE('',*,*,#525,.F.);
#525 = EDGE_CURVE('',#526,#517,#528,.T.);
#526 = VERTEX_POINT('',#527);
#527 = CARTESIAN_POINT('',(69.55,4.73,11.96));
#528 = LINE('',#529,#530);
#529 = CARTESIAN_POINT('',(69.55,-51.45,11.96));
#530 = VECTOR('',#531,1.);
#531 = DIRECTION('',(0.,-1.,0.));
#532 = ORIENTED_EDGE('',*,*,#533,.F.);
#533 = EDGE_CURVE('',#534,#526,#536,.T.);
#534 = VERTEX_POINT('',#535);
#535 = CARTESIAN_POINT('',(68.35,4.73,11.96));
#536 = LINE('',#537,#538);
#537 = CARTESIAN_POINT('',(68.35,4.73,11.96));
#538 = VECTOR('',#539,1.);
#539 = DIRECTION('',(1.,0.,0.));
#540 = ORIENTED_EDGE('',*,*,#541,.T.);
#541 = EDGE_CURVE('',#534,#542,#544,.T.);
#542 = VERTEX_POINT('',#543);
#543 = CARTESIAN_POINT('',(68.35,7.13,11.96));
#544 = LINE('',#545,#546);
#545 = CARTESIAN_POINT('',(68.35,-44.635,11.96));
#546 = VECTOR('',#547,1.);
#547 = DIRECTION('',(0.,1.,0.));
#548 = ORIENTED_EDGE('',*,*,#549,.F.);
#549 = EDGE_CURVE('',#550,#542,#552,.T.);
#550 = VERTEX_POINT('',#551);
#551 = CARTESIAN_POINT('',(67.15,7.13,11.96));
#552 = LINE('',#553,#554);
#553 = CARTESIAN_POINT('',(67.,7.13,11.96));
#554 = VECTOR('',#555,1.);
#555 = DIRECTION('',(1.,0.,0.));
#556 = ORIENTED_EDGE('',*,*,#557,.T.);
#557 = EDGE_CURVE('',#550,#558,#560,.T.);
#558 = VERTEX_POINT('',#559);
#559 = CARTESIAN_POINT('',(67.15,4.7,11.96));
#560 = LINE('',#561,#562);
#561 = CARTESIAN_POINT('',(67.15,-50.25,11.96));
#562 = VECTOR('',#563,1.);
#563 = DIRECTION('',(0.,-1.,0.));
#564 = ORIENTED_EDGE('',*,*,#565,.T.);
#565 = EDGE_CURVE('',#558,#566,#568,.T.);
#566 = VERTEX_POINT('',#567);
#567 = CARTESIAN_POINT('',(67.155,4.7,11.96));
#568 = LINE('',#569,#570);
#569 = CARTESIAN_POINT('',(65.9,4.7,11.96));
#570 = VECTOR('',#571,1.);
#571 = DIRECTION('',(1.,0.,0.));
#572 = ORIENTED_EDGE('',*,*,#573,.F.);
#573 = EDGE_CURVE('',#574,#566,#576,.T.);
#574 = VERTEX_POINT('',#575);
#575 = CARTESIAN_POINT('',(67.155,3.438427383024,11.96));
#576 = LINE('',#577,#578);
#577 = CARTESIAN_POINT('',(67.155,-0.5,11.96));
#578 = VECTOR('',#579,1.);
#579 = DIRECTION('',(0.,1.,0.));
#580 = ORIENTED_EDGE('',*,*,#581,.F.);
#581 = EDGE_CURVE('',#582,#574,#584,.T.);
#582 = VERTEX_POINT('',#583);
#583 = CARTESIAN_POINT('',(67.24,2.7,11.96));
#584 = CIRCLE('',#585,3.25);
#585 = AXIS2_PLACEMENT_3D('',#586,#587,#588);
#586 = CARTESIAN_POINT('',(63.99,2.7,11.96));
#587 = DIRECTION('',(0.,0.,1.));
#588 = DIRECTION('',(1.,0.,0.));
#589 = ORIENTED_EDGE('',*,*,#590,.F.);
#590 = EDGE_CURVE('',#591,#582,#593,.T.);
#591 = VERTEX_POINT('',#592);
#592 = CARTESIAN_POINT('',(67.155,1.961572616976,11.96));
#593 = CIRCLE('',#594,3.25);
#594 = AXIS2_PLACEMENT_3D('',#595,#596,#597);
#595 = CARTESIAN_POINT('',(63.99,2.7,11.96));
#596 = DIRECTION('',(0.,0.,1.));
#597 = DIRECTION('',(1.,0.,0.));
#598 = ORIENTED_EDGE('',*,*,#599,.F.);
#599 = EDGE_CURVE('',#600,#591,#602,.T.);
#600 = VERTEX_POINT('',#601);
#601 = CARTESIAN_POINT('',(67.155,-0.5,11.96));
#602 = LINE('',#603,#604);
#603 = CARTESIAN_POINT('',(67.155,-0.5,11.96));
#604 = VECTOR('',#605,1.);
#605 = DIRECTION('',(0.,1.,0.));
#606 = ORIENTED_EDGE('',*,*,#607,.F.);
#607 = EDGE_CURVE('',#608,#600,#610,.T.);
#608 = VERTEX_POINT('',#609);
#609 = CARTESIAN_POINT('',(64.55789083458,-0.5,11.96));
#610 = LINE('',#611,#612);
#611 = CARTESIAN_POINT('',(61.99,-0.5,11.96));
#612 = VECTOR('',#613,1.);
#613 = DIRECTION('',(1.,0.,0.));
#614 = ORIENTED_EDGE('',*,*,#615,.F.);
#615 = EDGE_CURVE('',#616,#608,#618,.T.);
#616 = VERTEX_POINT('',#617);
#617 = CARTESIAN_POINT('',(63.42210916542,-0.5,11.96));
#618 = CIRCLE('',#619,3.25);
#619 = AXIS2_PLACEMENT_3D('',#620,#621,#622);
#620 = CARTESIAN_POINT('',(63.99,2.7,11.96));
#621 = DIRECTION('',(0.,0.,1.));
#622 = DIRECTION('',(1.,0.,0.));
#623 = ORIENTED_EDGE('',*,*,#624,.F.);
#624 = EDGE_CURVE('',#625,#616,#627,.T.);
#625 = VERTEX_POINT('',#626);
#626 = CARTESIAN_POINT('',(0.9,-0.5,11.96));
#627 = LINE('',#628,#629);
#628 = CARTESIAN_POINT('',(61.99,-0.5,11.96));
#629 = VECTOR('',#630,1.);
#630 = DIRECTION('',(1.,0.,0.));
#631 = ORIENTED_EDGE('',*,*,#632,.F.);
#632 = EDGE_CURVE('',#633,#625,#635,.T.);
#633 = VERTEX_POINT('',#634);
#634 = CARTESIAN_POINT('',(-0.5,0.9,11.96));
#635 = CIRCLE('',#636,1.4);
#636 = AXIS2_PLACEMENT_3D('',#637,#638,#639);
#637 = CARTESIAN_POINT('',(0.9,0.9,11.96));
#638 = DIRECTION('',(0.,0.,1.));
#639 = DIRECTION('',(-1.,0.,0.));
#640 = ORIENTED_EDGE('',*,*,#641,.F.);
#641 = EDGE_CURVE('',#642,#633,#644,.T.);
#642 = VERTEX_POINT('',#643);
#643 = CARTESIAN_POINT('',(-0.5,23.03,11.96));
#644 = LINE('',#645,#646);
#645 = CARTESIAN_POINT('',(-0.5,-5.25,11.96));
#646 = VECTOR('',#647,1.);
#647 = DIRECTION('',(0.,-1.,0.));
#648 = ORIENTED_EDGE('',*,*,#649,.F.);
#649 = EDGE_CURVE('',#650,#642,#652,.T.);
#650 = VERTEX_POINT('',#651);
#651 = CARTESIAN_POINT('',(-2.9,23.03,11.96));
#652 = LINE('',#653,#654);
#653 = CARTESIAN_POINT('',(-2.9,23.03,11.96));
#654 = VECTOR('',#655,1.);
#655 = DIRECTION('',(1.,0.,0.));
#656 = ORIENTED_EDGE('',*,*,#657,.F.);
#657 = EDGE_CURVE('',#452,#650,#658,.T.);
#658 = LINE('',#659,#660);
#659 = CARTESIAN_POINT('',(-2.9,22.03,11.96));
#660 = VECTOR('',#661,1.);
#661 = DIRECTION('',(0.,1.,0.));
#662 = PLANE('',#663);
#663 = AXIS2_PLACEMENT_3D('',#664,#665,#666);
#664 = CARTESIAN_POINT('',(28.037282490478,2.009890046929,11.96));
#665 = DIRECTION('',(0.,0.,1.));
#666 = DIRECTION('',(1.,0.,0.));
#667 = ADVANCED_FACE('',(#668),#702,.T.);
#668 = FACE_BOUND('',#669,.T.);
#669 = EDGE_LOOP('',(#670,#671,#679,#687,#695,#701));
#670 = ORIENTED_EDGE('',*,*,#657,.T.);
#671 = ORIENTED_EDGE('',*,*,#672,.F.);
#672 = EDGE_CURVE('',#673,#650,#675,.T.);
#673 = VERTEX_POINT('',#674);
#674 = CARTESIAN_POINT('',(-2.9,23.03,4.5));
#675 = LINE('',#676,#677);
#676 = CARTESIAN_POINT('',(-2.9,23.03,4.5));
#677 = VECTOR('',#678,1.);
#678 = DIRECTION('',(0.,0.,1.));
#679 = ORIENTED_EDGE('',*,*,#680,.F.);
#680 = EDGE_CURVE('',#681,#673,#683,.T.);
#681 = VERTEX_POINT('',#682);
#682 = CARTESIAN_POINT('',(-2.9,35.45,4.5));
#683 = LINE('',#684,#685);
#684 = CARTESIAN_POINT('',(-2.9,9.565,4.5));
#685 = VECTOR('',#686,1.);
#686 = DIRECTION('',(0.,-1.,0.));
#687 = ORIENTED_EDGE('',*,*,#688,.F.);
#688 = EDGE_CURVE('',#689,#681,#691,.T.);
#689 = VERTEX_POINT('',#690);
#690 = CARTESIAN_POINT('',(-2.9,35.45,-1.5));
#691 = LINE('',#692,#693);
#692 = CARTESIAN_POINT('',(-2.9,35.45,0.));
#693 = VECTOR('',#694,1.);
#694 = DIRECTION('',(0.,0.,1.));
#695 = ORIENTED_EDGE('',*,*,#696,.F.);
#696 = EDGE_CURVE('',#461,#689,#697,.T.);
#697 = LINE('',#698,#699);
#698 = CARTESIAN_POINT('',(-2.9,2.1,-1.5));
#699 = VECTOR('',#700,1.);
#700 = DIRECTION('',(0.,1.,0.));
#701 = ORIENTED_EDGE('',*,*,#460,.T.);
#702 = PLANE('',#703);
#703 = AXIS2_PLACEMENT_3D('',#704,#705,#706);
#704 = CARTESIAN_POINT('',(-2.9,17.785326853236,4.240326853236));
#705 = DIRECTION('',(-1.,-0.,-0.));
#706 = DIRECTION('',(0.,0.,-1.));
#707 = ADVANCED_FACE('',(#708),#807,.T.);
#708 = FACE_BOUND('',#709,.T.);
#709 = EDGE_LOOP('',(#710,#719,#720,#729,#738,#800));
#710 = ORIENTED_EDGE('',*,*,#711,.F.);
#711 = EDGE_CURVE('',#442,#712,#714,.T.);
#712 = VERTEX_POINT('',#713);
#713 = CARTESIAN_POINT('',(2.1,-1.9,-2.5));
#714 = CIRCLE('',#715,1.);
#715 = AXIS2_PLACEMENT_3D('',#716,#717,#718);
#716 = CARTESIAN_POINT('',(2.1,-1.9,-1.5));
#717 = DIRECTION('',(1.,0.,0.));
#718 = DIRECTION('',(0.,-1.,0.));
#719 = ORIENTED_EDGE('',*,*,#468,.T.);
#720 = ORIENTED_EDGE('',*,*,#721,.T.);
#721 = EDGE_CURVE('',#461,#722,#724,.T.);
#722 = VERTEX_POINT('',#723);
#723 = CARTESIAN_POINT('',(-1.9,2.1,-2.5));
#724 = CIRCLE('',#725,1.);
#725 = AXIS2_PLACEMENT_3D('',#726,#727,#728);
#726 = CARTESIAN_POINT('',(-1.9,2.1,-1.5));
#727 = DIRECTION('',(-0.,-1.,-0.));
#728 = DIRECTION('',(-1.,0.,0.));
#729 = ORIENTED_EDGE('',*,*,#730,.F.);
#730 = EDGE_CURVE('',#731,#722,#733,.T.);
#731 = VERTEX_POINT('',#732);
#732 = CARTESIAN_POINT('',(-1.898246704824,1.981580038157,-2.5));
#733 = CIRCLE('',#734,4.);
#734 = AXIS2_PLACEMENT_3D('',#735,#736,#737);
#735 = CARTESIAN_POINT('',(2.1,2.1,-2.5));
#736 = DIRECTION('',(-0.,0.,-1.));
#737 = DIRECTION('',(-2.7E-16,-1.,0.));
#738 = ORIENTED_EDGE('',*,*,#739,.T.);
#739 = EDGE_CURVE('',#731,#740,#742,.T.);
#740 = VERTEX_POINT('',#741);
#741 = CARTESIAN_POINT('',(1.981580038157,-1.898246704824,-2.5));
#742 = B_SPLINE_CURVE_WITH_KNOTS('',6,(#743,#744,#745,#746,#747,#748,
    #749,#750,#751,#752,#753,#754,#755,#756,#757,#758,#759,#760,#761,
    #762,#763,#764,#765,#766,#767,#768,#769,#770,#771,#772,#773,#774,
    #775,#776,#777,#778,#779,#780,#781,#782,#783,#784,#785,#786,#787,
    #788,#789,#790,#791,#792,#793,#794,#795,#796,#797,#798,#799),
  .UNSPECIFIED.,.F.,.F.,(7,5,5,5,5,5,5,5,5,5,5,7),(0.,6.177311206785E-02
    ,0.197707062556,0.323010823869,0.373245266287,0.417984393756,
    0.4996058424,0.626458274959,0.676589057198,0.802011747125,
    0.938717639441,1.),.UNSPECIFIED.);
#743 = CARTESIAN_POINT('',(-1.898246704824,1.981580038157,-2.5));
#744 = CARTESIAN_POINT('',(-1.923170059073,1.9170987317,-2.5));
#745 = CARTESIAN_POINT('',(-1.94637264556,1.851767098285,-2.499136732455
    ));
#746 = CARTESIAN_POINT('',(-1.967803024142,1.785668599848,
    -2.497467776283));
#747 = CARTESIAN_POINT('',(-1.987419526904,1.718884952264,
    -2.495048971407));
#748 = CARTESIAN_POINT('',(-2.005188515463,1.651495410398,
    -2.491934596874));
#749 = CARTESIAN_POINT('',(-2.056058226017,1.434117069498,
    -2.479910030186));
#750 = CARTESIAN_POINT('',(-2.081952276509,1.282104069161,
    -2.468531142071));
#751 = CARTESIAN_POINT('',(-2.098480884649,1.128330678426,
    -2.454604402436));
#752 = CARTESIAN_POINT('',(-2.105490294233,0.973552519926,
    -2.438661368542));
#753 = CARTESIAN_POINT('',(-2.102906130984,0.818475316224,
    -2.421226504665));
#754 = CARTESIAN_POINT('',(-2.079415031411,0.521110913807,
    -2.385895279901));
#755 = CARTESIAN_POINT('',(-2.059958090086,0.37878884968,-2.368143539392
    ));
#756 = CARTESIAN_POINT('',(-2.032278413818,0.237272019487,
    -2.350011102014));
#757 = CARTESIAN_POINT('',(-1.99636447905,9.707360500705E-02,
    -2.33193920348));
#758 = CARTESIAN_POINT('',(-1.952229318978,-4.12823174648E-02,
    -2.314413582474));
#759 = CARTESIAN_POINT('',(-1.878943110981,-0.231762530469,
    -2.291333901033));
#760 = CARTESIAN_POINT('',(-1.8566570067,-0.285887367565,-2.284898077829
    ));
#761 = CARTESIAN_POINT('',(-1.833060608273,-0.339589948714,
    -2.278664285245));
#762 = CARTESIAN_POINT('',(-1.80815937875,-0.392831753706,
    -2.272665499694));
#763 = CARTESIAN_POINT('',(-1.781961029901,-0.445572380529,
    -2.266934621315));
#764 = CARTESIAN_POINT('',(-1.729996746849,-0.544256686427,
    -2.256668348755));
#765 = CARTESIAN_POINT('',(-1.704497258691,-0.590312746826,
    -2.252070487891));
#766 = CARTESIAN_POINT('',(-1.677984236581,-0.635907511217,
    -2.24773418868));
#767 = CARTESIAN_POINT('',(-1.650467340679,-0.681009591631,
    -2.243681447372));
#768 = CARTESIAN_POINT('',(-1.621958712469,-0.725586427465,
    -2.239932959176));
#769 = CARTESIAN_POINT('',(-1.538679600525,-0.84990986008,
    -2.230259885609));
#770 = CARTESIAN_POINT('',(-1.481631232615,-0.928359611694,
    -2.225087836985));
#771 = CARTESIAN_POINT('',(-1.421424042119,-1.004740339509,
    -2.221108558283));
#772 = CARTESIAN_POINT('',(-1.358181297549,-1.078840385396,
    -2.218411755828));
#773 = CARTESIAN_POINT('',(-1.292059494223,-1.150453788261,
    -2.217048065288));
#774 = CARTESIAN_POINT('',(-1.116320790266,-1.326513395178,
    -2.216968363615));
#775 = CARTESIAN_POINT('',(-1.002881285045,-1.427187435237,
    -2.220138341805));
#776 = CARTESIAN_POINT('',(-0.883691038237,-1.520641988988,
    -2.226534688526));
#777 = CARTESIAN_POINT('',(-0.759545417261,-1.606385356755,
    -2.235865127069));
#778 = CARTESIAN_POINT('',(-0.631218934842,-1.684097275053,
    -2.247638261976));
#779 = CARTESIAN_POINT('',(-0.447385100195,-1.781048104336,
    -2.266739580989));
#780 = CARTESIAN_POINT('',(-0.394771807874,-1.807228136267,
    -2.272450204182));
#781 = CARTESIAN_POINT('',(-0.341658505376,-1.832116771621,
    -2.278428371391));
#782 = CARTESIAN_POINT('',(-0.288085373819,-1.855706301444,
    -2.284641398182));
#783 = CARTESIAN_POINT('',(-0.234090724709,-1.877991256919,
    -2.291056515325));
#784 = CARTESIAN_POINT('',(-4.365783950332E-02,-1.951451350366,
    -2.314114326523));
#785 = CARTESIAN_POINT('',(9.479253238034E-02,-1.995742094046,
    -2.331646494443));
#786 = CARTESIAN_POINT('',(0.235094530798,-2.031797290815,
    -2.349731399373));
#787 = CARTESIAN_POINT('',(0.376722473548,-2.059603695804,
    -2.367881653668));
#788 = CARTESIAN_POINT('',(0.519161792512,-2.079172742638,
    -2.385654662853));
#789 = CARTESIAN_POINT('',(0.817512895598,-2.102925185975,
    -2.421121880625));
#790 = CARTESIAN_POINT('',(0.973463574366,-2.105564487498,
    -2.438662872939));
#791 = CARTESIAN_POINT('',(1.129113725268,-2.0985020166,-2.454696390894)
  );
#792 = CARTESIAN_POINT('',(1.283745613943,-2.081813182814,
    -2.468689183648));
#793 = CARTESIAN_POINT('',(1.436590485029,-2.055654679456,
    -2.480100706031));
#794 = CARTESIAN_POINT('',(1.654194856739,-2.004475448508,
    -2.492058921723));
#795 = CARTESIAN_POINT('',(1.721025134855,-1.986790109957,
    -2.495126206094));
#796 = CARTESIAN_POINT('',(1.787257315827,-1.967287543147,
    -2.497507739083));
#797 = CARTESIAN_POINT('',(1.852813998064,-1.946000708628,
    -2.499150511226));
#798 = CARTESIAN_POINT('',(1.917615397895,-1.922970356937,-2.5));
#799 = CARTESIAN_POINT('',(1.981580038157,-1.898246704824,-2.5));
#800 = ORIENTED_EDGE('',*,*,#801,.F.);
#801 = EDGE_CURVE('',#712,#740,#802,.T.);
#802 = CIRCLE('',#803,4.);
#803 = AXIS2_PLACEMENT_3D('',#804,#805,#806);
#804 = CARTESIAN_POINT('',(2.1,2.1,-2.5));
#805 = DIRECTION('',(-0.,0.,-1.));
#806 = DIRECTION('',(-2.7E-16,-1.,0.));
#807 = TOROIDAL_SURFACE('',#808,4.,1.);
#808 = AXIS2_PLACEMENT_3D('',#809,#810,#811);
#809 = CARTESIAN_POINT('',(2.1,2.1,-1.5));
#810 = DIRECTION('',(-0.,-0.,-1.));
#811 = DIRECTION('',(-2.7E-16,-1.,0.));
#812 = ADVANCED_FACE('',(#813),#832,.T.);
#813 = FACE_BOUND('',#814,.T.);
#814 = EDGE_LOOP('',(#815,#816,#817,#825));
#815 = ORIENTED_EDGE('',*,*,#484,.T.);
#816 = ORIENTED_EDGE('',*,*,#711,.T.);
#817 = ORIENTED_EDGE('',*,*,#818,.F.);
#818 = EDGE_CURVE('',#819,#712,#821,.T.);
#819 = VERTEX_POINT('',#820);
#820 = CARTESIAN_POINT('',(64.55,-1.9,-2.5));
#821 = LINE('',#822,#823);
#822 = CARTESIAN_POINT('',(64.55,-1.9,-2.5));
#823 = VECTOR('',#824,1.);
#824 = DIRECTION('',(-1.,0.,0.));
#825 = ORIENTED_EDGE('',*,*,#826,.F.);
#826 = EDGE_CURVE('',#485,#819,#827,.T.);
#827 = CIRCLE('',#828,1.);
#828 = AXIS2_PLACEMENT_3D('',#829,#830,#831);
#829 = CARTESIAN_POINT('',(64.55,-1.9,-1.5));
#830 = DIRECTION('',(1.,6.E-17,0.));
#831 = DIRECTION('',(6.E-17,-1.,0.));
#832 = CYLINDRICAL_SURFACE('',#833,1.);
#833 = AXIS2_PLACEMENT_3D('',#834,#835,#836);
#834 = CARTESIAN_POINT('',(64.55,-1.9,-1.5));
#835 = DIRECTION('',(-1.,0.,0.));
#836 = DIRECTION('',(0.,-1.,0.));
#837 = ADVANCED_FACE('',(#838),#857,.T.);
#838 = FACE_BOUND('',#839,.T.);
#839 = EDGE_LOOP('',(#840,#841,#850,#856));
#840 = ORIENTED_EDGE('',*,*,#492,.F.);
#841 = ORIENTED_EDGE('',*,*,#842,.F.);
#842 = EDGE_CURVE('',#843,#485,#845,.T.);
#843 = VERTEX_POINT('',#844);
#844 = CARTESIAN_POINT('',(69.55,2.1,-1.5));
#845 = CIRCLE('',#846,5.);
#846 = AXIS2_PLACEMENT_3D('',#847,#848,#849);
#847 = CARTESIAN_POINT('',(64.55,2.1,-1.5));
#848 = DIRECTION('',(0.,0.,-1.));
#849 = DIRECTION('',(1.,0.,0.));
#850 = ORIENTED_EDGE('',*,*,#851,.T.);
#851 = EDGE_CURVE('',#843,#517,#852,.T.);
#852 = LINE('',#853,#854);
#853 = CARTESIAN_POINT('',(69.55,2.1,0.));
#854 = VECTOR('',#855,1.);
#855 = DIRECTION('',(0.,0.,1.));
#856 = ORIENTED_EDGE('',*,*,#516,.F.);
#857 = CYLINDRICAL_SURFACE('',#858,5.);
#858 = AXIS2_PLACEMENT_3D('',#859,#860,#861);
#859 = CARTESIAN_POINT('',(64.55,2.1,0.));
#860 = DIRECTION('',(0.,0.,1.));
#861 = DIRECTION('',(1.,0.,0.));
#862 = ADVANCED_FACE('',(#863),#1005,.T.);
#863 = FACE_BOUND('',#864,.T.);
#864 = EDGE_LOOP('',(#865,#866,#874,#882,#890,#899,#908,#917,#926,#935,
    #944,#952,#961,#970,#979,#988,#997,#1004));
#865 = ORIENTED_EDGE('',*,*,#851,.F.);
#866 = ORIENTED_EDGE('',*,*,#867,.F.);
#867 = EDGE_CURVE('',#868,#843,#870,.T.);
#868 = VERTEX_POINT('',#869);
#869 = CARTESIAN_POINT('',(69.55,35.45,-1.5));
#870 = LINE('',#871,#872);
#871 = CARTESIAN_POINT('',(69.55,35.45,-1.5));
#872 = VECTOR('',#873,1.);
#873 = DIRECTION('',(0.,-1.,0.));
#874 = ORIENTED_EDGE('',*,*,#875,.T.);
#875 = EDGE_CURVE('',#868,#876,#878,.T.);
#876 = VERTEX_POINT('',#877);
#877 = CARTESIAN_POINT('',(69.55,35.45,11.96));
#878 = LINE('',#879,#880);
#879 = CARTESIAN_POINT('',(69.55,35.45,-2.5));
#880 = VECTOR('',#881,1.);
#881 = DIRECTION('',(0.,0.,1.));
#882 = ORIENTED_EDGE('',*,*,#883,.T.);
#883 = EDGE_CURVE('',#876,#884,#886,.T.);
#884 = VERTEX_POINT('',#885);
#885 = CARTESIAN_POINT('',(69.55,33.38,11.96));
#886 = LINE('',#887,#888);
#887 = CARTESIAN_POINT('',(69.55,-51.45,11.96));
#888 = VECTOR('',#889,1.);
#889 = DIRECTION('',(0.,-1.,0.));
#890 = ORIENTED_EDGE('',*,*,#891,.F.);
#891 = EDGE_CURVE('',#892,#884,#894,.T.);
#892 = VERTEX_POINT('',#893);
#893 = CARTESIAN_POINT('',(69.55,33.1,10.148481300124));
#894 = CIRCLE('',#895,6.);
#895 = AXIS2_PLACEMENT_3D('',#896,#897,#898);
#896 = CARTESIAN_POINT('',(69.55,27.38,11.96));
#897 = DIRECTION('',(1.,0.,-0.));
#898 = DIRECTION('',(0.,0.,1.));
#899 = ORIENTED_EDGE('',*,*,#900,.F.);
#900 = EDGE_CURVE('',#901,#892,#903,.T.);
#901 = VERTEX_POINT('',#902);
#902 = CARTESIAN_POINT('',(69.55,29.06,6.2));
#903 = CIRCLE('',#904,6.);
#904 = AXIS2_PLACEMENT_3D('',#905,#906,#907);
#905 = CARTESIAN_POINT('',(69.55,27.38,11.96));
#906 = DIRECTION('',(1.,0.,-0.));
#907 = DIRECTION('',(0.,0.,1.));
#908 = ORIENTED_EDGE('',*,*,#909,.F.);
#909 = EDGE_CURVE('',#910,#901,#912,.T.);
#910 = VERTEX_POINT('',#911);
#911 = CARTESIAN_POINT('',(69.55,28.071664658632,6.));
#912 = CIRCLE('',#913,6.);
#913 = AXIS2_PLACEMENT_3D('',#914,#915,#916);
#914 = CARTESIAN_POINT('',(69.55,27.38,11.96));
#915 = DIRECTION('',(1.,0.,-0.));
#916 = DIRECTION('',(0.,0.,1.));
#917 = ORIENTED_EDGE('',*,*,#918,.F.);
#918 = EDGE_CURVE('',#919,#910,#921,.T.);
#919 = VERTEX_POINT('',#920);
#920 = CARTESIAN_POINT('',(69.55,26.688335341368,6.));
#921 = CIRCLE('',#922,6.);
#922 = AXIS2_PLACEMENT_3D('',#923,#924,#925);
#923 = CARTESIAN_POINT('',(69.55,27.38,11.96));
#924 = DIRECTION('',(1.,0.,-0.));
#925 = DIRECTION('',(0.,0.,1.));
#926 = ORIENTED_EDGE('',*,*,#927,.F.);
#927 = EDGE_CURVE('',#928,#919,#930,.T.);
#928 = VERTEX_POINT('',#929);
#929 = CARTESIAN_POINT('',(69.55,25.7,6.2));
#930 = CIRCLE('',#931,6.);
#931 = AXIS2_PLACEMENT_3D('',#932,#933,#934);
#932 = CARTESIAN_POINT('',(69.55,27.38,11.96));
#933 = DIRECTION('',(1.,0.,-0.));
#934 = DIRECTION('',(0.,0.,1.));
#935 = ORIENTED_EDGE('',*,*,#936,.F.);
#936 = EDGE_CURVE('',#937,#928,#939,.T.);
#937 = VERTEX_POINT('',#938);
#938 = CARTESIAN_POINT('',(69.55,21.38,11.96));
#939 = CIRCLE('',#940,6.);
#940 = AXIS2_PLACEMENT_3D('',#941,#942,#943);
#941 = CARTESIAN_POINT('',(69.55,27.38,11.96));
#942 = DIRECTION('',(1.,0.,-0.));
#943 = DIRECTION('',(0.,0.,1.));
#944 = ORIENTED_EDGE('',*,*,#945,.F.);
#945 = EDGE_CURVE('',#946,#937,#948,.T.);
#946 = VERTEX_POINT('',#947);
#947 = CARTESIAN_POINT('',(69.55,16.73,11.96));
#948 = LINE('',#949,#950);
#949 = CARTESIAN_POINT('',(69.55,5.,11.96));
#950 = VECTOR('',#951,1.);
#951 = DIRECTION('',(0.,1.,0.));
#952 = ORIENTED_EDGE('',*,*,#953,.F.);
#953 = EDGE_CURVE('',#954,#946,#956,.T.);
#954 = VERTEX_POINT('',#955);
#955 = CARTESIAN_POINT('',(69.55,12.41,6.2));
#956 = CIRCLE('',#957,6.);
#957 = AXIS2_PLACEMENT_3D('',#958,#959,#960);
#958 = CARTESIAN_POINT('',(69.55,10.73,11.96));
#959 = DIRECTION('',(1.,0.,-0.));
#960 = DIRECTION('',(0.,0.,1.));
#961 = ORIENTED_EDGE('',*,*,#962,.F.);
#962 = EDGE_CURVE('',#963,#954,#965,.T.);
#963 = VERTEX_POINT('',#964);
#964 = CARTESIAN_POINT('',(69.55,11.421664658632,6.));
#965 = CIRCLE('',#966,6.);
#966 = AXIS2_PLACEMENT_3D('',#967,#968,#969);
#967 = CARTESIAN_POINT('',(69.55,10.73,11.96));
#968 = DIRECTION('',(1.,0.,-0.));
#969 = DIRECTION('',(0.,0.,1.));
#970 = ORIENTED_EDGE('',*,*,#971,.F.);
#971 = EDGE_CURVE('',#972,#963,#974,.T.);
#972 = VERTEX_POINT('',#973);
#973 = CARTESIAN_POINT('',(69.55,10.038335341368,6.));
#974 = CIRCLE('',#975,6.);
#975 = AXIS2_PLACEMENT_3D('',#976,#977,#978);
#976 = CARTESIAN_POINT('',(69.55,10.73,11.96));
#977 = DIRECTION('',(1.,0.,-0.));
#978 = DIRECTION('',(0.,0.,1.));
#979 = ORIENTED_EDGE('',*,*,#980,.F.);
#980 = EDGE_CURVE('',#981,#972,#983,.T.);
#981 = VERTEX_POINT('',#982);
#982 = CARTESIAN_POINT('',(69.55,9.05,6.2));
#983 = CIRCLE('',#984,6.);
#984 = AXIS2_PLACEMENT_3D('',#985,#986,#987);
#985 = CARTESIAN_POINT('',(69.55,10.73,11.96));
#986 = DIRECTION('',(1.,0.,-0.));
#987 = DIRECTION('',(0.,0.,1.));
#988 = ORIENTED_EDGE('',*,*,#989,.F.);
#989 = EDGE_CURVE('',#990,#981,#992,.T.);
#990 = VERTEX_POINT('',#991);
#991 = CARTESIAN_POINT('',(69.55,5.,10.180365206004));
#992 = CIRCLE('',#993,6.);
#993 = AXIS2_PLACEMENT_3D('',#994,#995,#996);
#994 = CARTESIAN_POINT('',(69.55,10.73,11.96));
#995 = DIRECTION('',(1.,0.,-0.));
#996 = DIRECTION('',(0.,0.,1.));
#997 = ORIENTED_EDGE('',*,*,#998,.F.);
#998 = EDGE_CURVE('',#526,#990,#999,.T.);
#999 = CIRCLE('',#1000,6.);
#1000 = AXIS2_PLACEMENT_3D('',#1001,#1002,#1003);
#1001 = CARTESIAN_POINT('',(69.55,10.73,11.96));
#1002 = DIRECTION('',(1.,0.,-0.));
#1003 = DIRECTION('',(0.,0.,1.));
#1004 = ORIENTED_EDGE('',*,*,#525,.T.);
#1005 = PLANE('',#1006);
#1006 = AXIS2_PLACEMENT_3D('',#1007,#1008,#1009);
#1007 = CARTESIAN_POINT('',(69.55,18.810427638985,4.752988427112));
#1008 = DIRECTION('',(1.,0.,0.));
#1009 = DIRECTION('',(0.,0.,1.));
#1010 = ADVANCED_FACE('',(#1011),#1035,.F.);
#1011 = FACE_BOUND('',#1012,.F.);
#1012 = EDGE_LOOP('',(#1013,#1014,#1023,#1029,#1030,#1031,#1032,#1033,
    #1034));
#1013 = ORIENTED_EDGE('',*,*,#533,.F.);
#1014 = ORIENTED_EDGE('',*,*,#1015,.T.);
#1015 = EDGE_CURVE('',#534,#1016,#1018,.T.);
#1016 = VERTEX_POINT('',#1017);
#1017 = CARTESIAN_POINT('',(68.35,16.73,11.96));
#1018 = CIRCLE('',#1019,6.);
#1019 = AXIS2_PLACEMENT_3D('',#1020,#1021,#1022);
#1020 = CARTESIAN_POINT('',(68.35,10.73,11.96));
#1021 = DIRECTION('',(1.,0.,-0.));
#1022 = DIRECTION('',(0.,0.,1.));
#1023 = ORIENTED_EDGE('',*,*,#1024,.T.);
#1024 = EDGE_CURVE('',#1016,#946,#1025,.T.);
#1025 = LINE('',#1026,#1027);
#1026 = CARTESIAN_POINT('',(68.35,16.73,11.96));
#1027 = VECTOR('',#1028,1.);
#1028 = DIRECTION('',(1.,0.,0.));
#1029 = ORIENTED_EDGE('',*,*,#953,.F.);
#1030 = ORIENTED_EDGE('',*,*,#962,.F.);
#1031 = ORIENTED_EDGE('',*,*,#971,.F.);
#1032 = ORIENTED_EDGE('',*,*,#980,.F.);
#1033 = ORIENTED_EDGE('',*,*,#989,.F.);
#1034 = ORIENTED_EDGE('',*,*,#998,.F.);
#1035 = CYLINDRICAL_SURFACE('',#1036,6.);
#1036 = AXIS2_PLACEMENT_3D('',#1037,#1038,#1039);
#1037 = CARTESIAN_POINT('',(68.35,10.73,11.96));
#1038 = DIRECTION('',(1.,0.,0.));
#1039 = DIRECTION('',(0.,0.,1.));
#1040 = ADVANCED_FACE('',(#1041),#1060,.T.);
#1041 = FACE_BOUND('',#1042,.T.);
#1042 = EDGE_LOOP('',(#1043,#1044,#1045,#1053));
#1043 = ORIENTED_EDGE('',*,*,#541,.F.);
#1044 = ORIENTED_EDGE('',*,*,#1015,.T.);
#1045 = ORIENTED_EDGE('',*,*,#1046,.F.);
#1046 = EDGE_CURVE('',#1047,#1016,#1049,.T.);
#1047 = VERTEX_POINT('',#1048);
#1048 = CARTESIAN_POINT('',(68.35,14.33,11.96));
#1049 = LINE('',#1050,#1051);
#1050 = CARTESIAN_POINT('',(68.35,7.865,11.96));
#1051 = VECTOR('',#1052,1.);
#1052 = DIRECTION('',(0.,1.,0.));
#1053 = ORIENTED_EDGE('',*,*,#1054,.F.);
#1054 = EDGE_CURVE('',#542,#1047,#1055,.T.);
#1055 = CIRCLE('',#1056,3.6);
#1056 = AXIS2_PLACEMENT_3D('',#1057,#1058,#1059);
#1057 = CARTESIAN_POINT('',(68.35,10.73,11.96));
#1058 = DIRECTION('',(1.,0.,-0.));
#1059 = DIRECTION('',(0.,0.,1.));
#1060 = PLANE('',#1061);
#1061 = AXIS2_PLACEMENT_3D('',#1062,#1063,#1064);
#1062 = CARTESIAN_POINT('',(68.35,10.73,11.96));
#1063 = DIRECTION('',(1.,0.,0.));
#1064 = DIRECTION('',(0.,0.,1.));
#1065 = ADVANCED_FACE('',(#1066),#1085,.F.);
#1066 = FACE_BOUND('',#1067,.F.);
#1067 = EDGE_LOOP('',(#1068,#1069,#1070,#1079));
#1068 = ORIENTED_EDGE('',*,*,#1054,.F.);
#1069 = ORIENTED_EDGE('',*,*,#549,.F.);
#1070 = ORIENTED_EDGE('',*,*,#1071,.T.);
#1071 = EDGE_CURVE('',#550,#1072,#1074,.T.);
#1072 = VERTEX_POINT('',#1073);
#1073 = CARTESIAN_POINT('',(67.15,14.33,11.96));
#1074 = CIRCLE('',#1075,3.6);
#1075 = AXIS2_PLACEMENT_3D('',#1076,#1077,#1078);
#1076 = CARTESIAN_POINT('',(67.15,10.73,11.96));
#1077 = DIRECTION('',(1.,0.,-0.));
#1078 = DIRECTION('',(0.,0.,1.));
#1079 = ORIENTED_EDGE('',*,*,#1080,.T.);
#1080 = EDGE_CURVE('',#1072,#1047,#1081,.T.);
#1081 = LINE('',#1082,#1083);
#1082 = CARTESIAN_POINT('',(66.15,14.33,11.96));
#1083 = VECTOR('',#1084,1.);
#1084 = DIRECTION('',(1.,0.,0.));
#1085 = CYLINDRICAL_SURFACE('',#1086,3.6);
#1086 = AXIS2_PLACEMENT_3D('',#1087,#1088,#1089);
#1087 = CARTESIAN_POINT('',(66.15,10.73,11.96));
#1088 = DIRECTION('',(1.,0.,0.));
#1089 = DIRECTION('',(0.,0.,1.));
#1090 = ADVANCED_FACE('',(#1091),#1174,.T.);
#1091 = FACE_BOUND('',#1092,.T.);
#1092 = EDGE_LOOP('',(#1093,#1101,#1102,#1103,#1111,#1120,#1128,#1136,
    #1144,#1152,#1160,#1168));
#1093 = ORIENTED_EDGE('',*,*,#1094,.T.);
#1094 = EDGE_CURVE('',#1095,#558,#1097,.T.);
#1095 = VERTEX_POINT('',#1096);
#1096 = CARTESIAN_POINT('',(67.15,4.7,6.2));
#1097 = LINE('',#1098,#1099);
#1098 = CARTESIAN_POINT('',(67.15,4.7,2.6));
#1099 = VECTOR('',#1100,1.);
#1100 = DIRECTION('',(0.,0.,1.));
#1101 = ORIENTED_EDGE('',*,*,#557,.F.);
#1102 = ORIENTED_EDGE('',*,*,#1071,.T.);
#1103 = ORIENTED_EDGE('',*,*,#1104,.F.);
#1104 = EDGE_CURVE('',#1105,#1072,#1107,.T.);
#1105 = VERTEX_POINT('',#1106);
#1106 = CARTESIAN_POINT('',(67.15,23.78,11.96));
#1107 = LINE('',#1108,#1109);
#1108 = CARTESIAN_POINT('',(67.15,-50.25,11.96));
#1109 = VECTOR('',#1110,1.);
#1110 = DIRECTION('',(0.,-1.,0.));
#1111 = ORIENTED_EDGE('',*,*,#1112,.T.);
#1112 = EDGE_CURVE('',#1105,#1113,#1115,.T.);
#1113 = VERTEX_POINT('',#1114);
#1114 = CARTESIAN_POINT('',(67.15,30.98,11.96));
#1115 = CIRCLE('',#1116,3.6);
#1116 = AXIS2_PLACEMENT_3D('',#1117,#1118,#1119);
#1117 = CARTESIAN_POINT('',(67.15,27.38,11.96));
#1118 = DIRECTION('',(1.,0.,-0.));
#1119 = DIRECTION('',(0.,0.,1.));
#1120 = ORIENTED_EDGE('',*,*,#1121,.F.);
#1121 = EDGE_CURVE('',#1122,#1113,#1124,.T.);
#1122 = VERTEX_POINT('',#1123);
#1123 = CARTESIAN_POINT('',(67.15,32.86,11.96));
#1124 = LINE('',#1125,#1126);
#1125 = CARTESIAN_POINT('',(67.15,-50.25,11.96));
#1126 = VECTOR('',#1127,1.);
#1127 = DIRECTION('',(0.,-1.,0.));
#1128 = ORIENTED_EDGE('',*,*,#1129,.F.);
#1129 = EDGE_CURVE('',#1130,#1122,#1132,.T.);
#1130 = VERTEX_POINT('',#1131);
#1131 = CARTESIAN_POINT('',(67.15,32.86,6.2));
#1132 = LINE('',#1133,#1134);
#1133 = CARTESIAN_POINT('',(67.15,32.86,2.6));
#1134 = VECTOR('',#1135,1.);
#1135 = DIRECTION('',(0.,0.,1.));
#1136 = ORIENTED_EDGE('',*,*,#1137,.F.);
#1137 = EDGE_CURVE('',#1138,#1130,#1140,.T.);
#1138 = VERTEX_POINT('',#1139);
#1139 = CARTESIAN_POINT('',(67.15,36.65,6.2));
#1140 = LINE('',#1141,#1142);
#1141 = CARTESIAN_POINT('',(67.15,16.18,6.2));
#1142 = VECTOR('',#1143,1.);
#1143 = DIRECTION('',(0.,-1.,0.));
#1144 = ORIENTED_EDGE('',*,*,#1145,.F.);
#1145 = EDGE_CURVE('',#1146,#1138,#1148,.T.);
#1146 = VERTEX_POINT('',#1147);
#1147 = CARTESIAN_POINT('',(67.15,36.65,1.5));
#1148 = LINE('',#1149,#1150);
#1149 = CARTESIAN_POINT('',(67.15,36.65,-1.));
#1150 = VECTOR('',#1151,1.);
#1151 = DIRECTION('',(0.,0.,1.));
#1152 = ORIENTED_EDGE('',*,*,#1153,.T.);
#1153 = EDGE_CURVE('',#1146,#1154,#1156,.T.);
#1154 = VERTEX_POINT('',#1155);
#1155 = CARTESIAN_POINT('',(67.15,0.9,1.5));
#1156 = LINE('',#1157,#1158);
#1157 = CARTESIAN_POINT('',(67.15,15.075,1.5));
#1158 = VECTOR('',#1159,1.);
#1159 = DIRECTION('',(0.,-1.,0.));
#1160 = ORIENTED_EDGE('',*,*,#1161,.T.);
#1161 = EDGE_CURVE('',#1154,#1162,#1164,.T.);
#1162 = VERTEX_POINT('',#1163);
#1163 = CARTESIAN_POINT('',(67.15,0.9,6.2));
#1164 = LINE('',#1165,#1166);
#1165 = CARTESIAN_POINT('',(67.15,0.9,-1.));
#1166 = VECTOR('',#1167,1.);
#1167 = DIRECTION('',(0.,0.,1.));
#1168 = ORIENTED_EDGE('',*,*,#1169,.F.);
#1169 = EDGE_CURVE('',#1095,#1162,#1170,.T.);
#1170 = LINE('',#1171,#1172);
#1171 = CARTESIAN_POINT('',(67.15,-0.5,6.2));
#1172 = VECTOR('',#1173,1.);
#1173 = DIRECTION('',(0.,-1.,0.));
#1174 = PLANE('',#1175);
#1175 = AXIS2_PLACEMENT_3D('',#1176,#1177,#1178);
#1176 = CARTESIAN_POINT('',(67.15,18.79581509737,6.218484672433));
#1177 = DIRECTION('',(-1.,-0.,-0.));
#1178 = DIRECTION('',(0.,0.,-1.));
#1179 = ADVANCED_FACE('',(#1180),#1198,.F.);
#1180 = FACE_BOUND('',#1181,.F.);
#1181 = EDGE_LOOP('',(#1182,#1190,#1191,#1192));
#1182 = ORIENTED_EDGE('',*,*,#1183,.F.);
#1183 = EDGE_CURVE('',#1095,#1184,#1186,.T.);
#1184 = VERTEX_POINT('',#1185);
#1185 = CARTESIAN_POINT('',(67.155,4.7,6.2));
#1186 = LINE('',#1187,#1188);
#1187 = CARTESIAN_POINT('',(65.9,4.7,6.2));
#1188 = VECTOR('',#1189,1.);
#1189 = DIRECTION('',(1.,0.,0.));
#1190 = ORIENTED_EDGE('',*,*,#1094,.T.);
#1191 = ORIENTED_EDGE('',*,*,#565,.T.);
#1192 = ORIENTED_EDGE('',*,*,#1193,.F.);
#1193 = EDGE_CURVE('',#1184,#566,#1194,.T.);
#1194 = LINE('',#1195,#1196);
#1195 = CARTESIAN_POINT('',(67.155,4.7,6.2));
#1196 = VECTOR('',#1197,1.);
#1197 = DIRECTION('',(0.,0.,1.));
#1198 = PLANE('',#1199);
#1199 = AXIS2_PLACEMENT_3D('',#1200,#1201,#1202);
#1200 = CARTESIAN_POINT('',(65.9,4.7,6.2));
#1201 = DIRECTION('',(0.,1.,0.));
#1202 = DIRECTION('',(0.,0.,1.));
#1203 = ADVANCED_FACE('',(#1204),#1222,.F.);
#1204 = FACE_BOUND('',#1205,.F.);
#1205 = EDGE_LOOP('',(#1206,#1214,#1220,#1221));
#1206 = ORIENTED_EDGE('',*,*,#1207,.F.);
#1207 = EDGE_CURVE('',#1208,#574,#1210,.T.);
#1208 = VERTEX_POINT('',#1209);
#1209 = CARTESIAN_POINT('',(67.155,3.438427383024,6.2));
#1210 = LINE('',#1211,#1212);
#1211 = CARTESIAN_POINT('',(67.155,3.438427383024,6.2));
#1212 = VECTOR('',#1213,1.);
#1213 = DIRECTION('',(0.,0.,1.));
#1214 = ORIENTED_EDGE('',*,*,#1215,.T.);
#1215 = EDGE_CURVE('',#1208,#1184,#1216,.T.);
#1216 = LINE('',#1217,#1218);
#1217 = CARTESIAN_POINT('',(67.155,-0.5,6.2));
#1218 = VECTOR('',#1219,1.);
#1219 = DIRECTION('',(0.,1.,0.));
#1220 = ORIENTED_EDGE('',*,*,#1193,.T.);
#1221 = ORIENTED_EDGE('',*,*,#573,.F.);
#1222 = PLANE('',#1223);
#1223 = AXIS2_PLACEMENT_3D('',#1224,#1225,#1226);
#1224 = CARTESIAN_POINT('',(67.155,-0.5,6.2));
#1225 = DIRECTION('',(1.,0.,0.));
#1226 = DIRECTION('',(0.,0.,1.));
#1227 = ADVANCED_FACE('',(#1228),#1257,.F.);
#1228 = FACE_BOUND('',#1229,.F.);
#1229 = EDGE_LOOP('',(#1230,#1231,#1232,#1233,#1241,#1250));
#1230 = ORIENTED_EDGE('',*,*,#1207,.T.);
#1231 = ORIENTED_EDGE('',*,*,#581,.F.);
#1232 = ORIENTED_EDGE('',*,*,#590,.F.);
#1233 = ORIENTED_EDGE('',*,*,#1234,.F.);
#1234 = EDGE_CURVE('',#1235,#591,#1237,.T.);
#1235 = VERTEX_POINT('',#1236);
#1236 = CARTESIAN_POINT('',(67.155,1.961572616976,6.2));
#1237 = LINE('',#1238,#1239);
#1238 = CARTESIAN_POINT('',(67.155,1.961572616976,6.2));
#1239 = VECTOR('',#1240,1.);
#1240 = DIRECTION('',(0.,0.,1.));
#1241 = ORIENTED_EDGE('',*,*,#1242,.T.);
#1242 = EDGE_CURVE('',#1235,#1243,#1245,.T.);
#1243 = VERTEX_POINT('',#1244);
#1244 = CARTESIAN_POINT('',(67.24,2.7,6.2));
#1245 = CIRCLE('',#1246,3.25);
#1246 = AXIS2_PLACEMENT_3D('',#1247,#1248,#1249);
#1247 = CARTESIAN_POINT('',(63.99,2.7,6.2));
#1248 = DIRECTION('',(0.,0.,1.));
#1249 = DIRECTION('',(1.,0.,0.));
#1250 = ORIENTED_EDGE('',*,*,#1251,.T.);
#1251 = EDGE_CURVE('',#1243,#1208,#1252,.T.);
#1252 = CIRCLE('',#1253,3.25);
#1253 = AXIS2_PLACEMENT_3D('',#1254,#1255,#1256);
#1254 = CARTESIAN_POINT('',(63.99,2.7,6.2));
#1255 = DIRECTION('',(0.,0.,1.));
#1256 = DIRECTION('',(1.,0.,0.));
#1257 = CYLINDRICAL_SURFACE('',#1258,3.25);
#1258 = AXIS2_PLACEMENT_3D('',#1259,#1260,#1261);
#1259 = CARTESIAN_POINT('',(63.99,2.7,6.2));
#1260 = DIRECTION('',(0.,0.,1.));
#1261 = DIRECTION('',(1.,0.,0.));
#1262 = ADVANCED_FACE('',(#1263),#1281,.T.);
#1263 = FACE_BOUND('',#1264,.T.);
#1264 = EDGE_LOOP('',(#1265,#1273,#1279,#1280));
#1265 = ORIENTED_EDGE('',*,*,#1266,.F.);
#1266 = EDGE_CURVE('',#1267,#1235,#1269,.T.);
#1267 = VERTEX_POINT('',#1268);
#1268 = CARTESIAN_POINT('',(67.155,-0.5,6.2));
#1269 = LINE('',#1270,#1271);
#1270 = CARTESIAN_POINT('',(67.155,-0.5,6.2));
#1271 = VECTOR('',#1272,1.);
#1272 = DIRECTION('',(0.,1.,0.));
#1273 = ORIENTED_EDGE('',*,*,#1274,.T.);
#1274 = EDGE_CURVE('',#1267,#600,#1275,.T.);
#1275 = LINE('',#1276,#1277);
#1276 = CARTESIAN_POINT('',(67.155,-0.5,6.2));
#1277 = VECTOR('',#1278,1.);
#1278 = DIRECTION('',(0.,0.,1.));
#1279 = ORIENTED_EDGE('',*,*,#599,.T.);
#1280 = ORIENTED_EDGE('',*,*,#1234,.F.);
#1281 = PLANE('',#1282);
#1282 = AXIS2_PLACEMENT_3D('',#1283,#1284,#1285);
#1283 = CARTESIAN_POINT('',(67.155,0.730786308488,9.08));
#1284 = DIRECTION('',(-1.,-0.,-0.));
#1285 = DIRECTION('',(0.,0.,-1.));
#1286 = ADVANCED_FACE('',(#1287),#1344,.T.);
#1287 = FACE_BOUND('',#1288,.T.);
#1288 = EDGE_LOOP('',(#1289,#1297,#1305,#1313,#1319,#1320,#1328,#1336,
    #1342,#1343));
#1289 = ORIENTED_EDGE('',*,*,#1290,.F.);
#1290 = EDGE_CURVE('',#1291,#1267,#1293,.T.);
#1291 = VERTEX_POINT('',#1292);
#1292 = CARTESIAN_POINT('',(65.75,-0.5,6.2));
#1293 = LINE('',#1294,#1295);
#1294 = CARTESIAN_POINT('',(61.99,-0.5,6.2));
#1295 = VECTOR('',#1296,1.);
#1296 = DIRECTION('',(1.,0.,0.));
#1297 = ORIENTED_EDGE('',*,*,#1298,.F.);
#1298 = EDGE_CURVE('',#1299,#1291,#1301,.T.);
#1299 = VERTEX_POINT('',#1300);
#1300 = CARTESIAN_POINT('',(65.75,-0.5,1.5));
#1301 = LINE('',#1302,#1303);
#1302 = CARTESIAN_POINT('',(65.75,-0.5,-1.));
#1303 = VECTOR('',#1304,1.);
#1304 = DIRECTION('',(0.,0.,1.));
#1305 = ORIENTED_EDGE('',*,*,#1306,.F.);
#1306 = EDGE_CURVE('',#1307,#1299,#1309,.T.);
#1307 = VERTEX_POINT('',#1308);
#1308 = CARTESIAN_POINT('',(0.9,-0.5,1.5));
#1309 = LINE('',#1310,#1311);
#1310 = CARTESIAN_POINT('',(29.625,-0.5,1.5));
#1311 = VECTOR('',#1312,1.);
#1312 = DIRECTION('',(1.,0.,0.));
#1313 = ORIENTED_EDGE('',*,*,#1314,.T.);
#1314 = EDGE_CURVE('',#1307,#625,#1315,.T.);
#1315 = LINE('',#1316,#1317);
#1316 = CARTESIAN_POINT('',(0.9,-0.5,-1.));
#1317 = VECTOR('',#1318,1.);
#1318 = DIRECTION('',(0.,0.,1.));
#1319 = ORIENTED_EDGE('',*,*,#624,.T.);
#1320 = ORIENTED_EDGE('',*,*,#1321,.F.);
#1321 = EDGE_CURVE('',#1322,#616,#1324,.T.);
#1322 = VERTEX_POINT('',#1323);
#1323 = CARTESIAN_POINT('',(63.42210916542,-0.5,6.2));
#1324 = LINE('',#1325,#1326);
#1325 = CARTESIAN_POINT('',(63.42210916542,-0.5,6.2));
#1326 = VECTOR('',#1327,1.);
#1327 = DIRECTION('',(0.,0.,1.));
#1328 = ORIENTED_EDGE('',*,*,#1329,.T.);
#1329 = EDGE_CURVE('',#1322,#1330,#1332,.T.);
#1330 = VERTEX_POINT('',#1331);
#1331 = CARTESIAN_POINT('',(64.55789083458,-0.5,6.2));
#1332 = LINE('',#1333,#1334);
#1333 = CARTESIAN_POINT('',(30.745,-0.5,6.2));
#1334 = VECTOR('',#1335,1.);
#1335 = DIRECTION('',(1.,0.,0.));
#1336 = ORIENTED_EDGE('',*,*,#1337,.T.);
#1337 = EDGE_CURVE('',#1330,#608,#1338,.T.);
#1338 = LINE('',#1339,#1340);
#1339 = CARTESIAN_POINT('',(64.55789083458,-0.5,6.2));
#1340 = VECTOR('',#1341,1.);
#1341 = DIRECTION('',(0.,0.,1.));
#1342 = ORIENTED_EDGE('',*,*,#607,.T.);
#1343 = ORIENTED_EDGE('',*,*,#1274,.F.);
#1344 = PLANE('',#1345);
#1345 = AXIS2_PLACEMENT_3D('',#1346,#1347,#1348);
#1346 = CARTESIAN_POINT('',(36.0800280388,-0.5,6.894494680725));
#1347 = DIRECTION('',(0.,1.,0.));
#1348 = DIRECTION('',(0.,0.,1.));
#1349 = ADVANCED_FACE('',(#1350),#1362,.F.);
#1350 = FACE_BOUND('',#1351,.F.);
#1351 = EDGE_LOOP('',(#1352,#1353,#1354,#1361));
#1352 = ORIENTED_EDGE('',*,*,#615,.F.);
#1353 = ORIENTED_EDGE('',*,*,#1321,.F.);
#1354 = ORIENTED_EDGE('',*,*,#1355,.T.);
#1355 = EDGE_CURVE('',#1322,#1330,#1356,.T.);
#1356 = CIRCLE('',#1357,3.25);
#1357 = AXIS2_PLACEMENT_3D('',#1358,#1359,#1360);
#1358 = CARTESIAN_POINT('',(63.99,2.7,6.2));
#1359 = DIRECTION('',(0.,0.,1.));
#1360 = DIRECTION('',(1.,0.,0.));
#1361 = ORIENTED_EDGE('',*,*,#1337,.T.);
#1362 = CYLINDRICAL_SURFACE('',#1363,3.25);
#1363 = AXIS2_PLACEMENT_3D('',#1364,#1365,#1366);
#1364 = CARTESIAN_POINT('',(63.99,2.7,6.2));
#1365 = DIRECTION('',(0.,0.,1.));
#1366 = DIRECTION('',(1.,0.,0.));
#1367 = ADVANCED_FACE('',(#1368),#1423,.F.);
#1368 = FACE_BOUND('',#1369,.F.);
#1369 = EDGE_LOOP('',(#1370,#1378,#1387,#1396,#1405,#1414,#1421,#1422));
#1370 = ORIENTED_EDGE('',*,*,#1371,.F.);
#1371 = EDGE_CURVE('',#1372,#633,#1374,.T.);
#1372 = VERTEX_POINT('',#1373);
#1373 = CARTESIAN_POINT('',(-0.5,0.9,1.5));
#1374 = LINE('',#1375,#1376);
#1375 = CARTESIAN_POINT('',(-0.5,0.9,-1.));
#1376 = VECTOR('',#1377,1.);
#1377 = DIRECTION('',(0.,0.,1.));
#1378 = ORIENTED_EDGE('',*,*,#1379,.T.);
#1379 = EDGE_CURVE('',#1372,#1380,#1382,.T.);
#1380 = VERTEX_POINT('',#1381);
#1381 = CARTESIAN_POINT('',(-0.499106857963,0.85,1.5));
#1382 = CIRCLE('',#1383,1.4);
#1383 = AXIS2_PLACEMENT_3D('',#1384,#1385,#1386);
#1384 = CARTESIAN_POINT('',(0.9,0.9,1.5));
#1385 = DIRECTION('',(0.,0.,1.));
#1386 = DIRECTION('',(-1.,0.,0.));
#1387 = ORIENTED_EDGE('',*,*,#1388,.T.);
#1388 = EDGE_CURVE('',#1380,#1389,#1391,.T.);
#1389 = VERTEX_POINT('',#1390);
#1390 = CARTESIAN_POINT('',(-0.3,0.178889744907,1.5));
#1391 = CIRCLE('',#1392,1.4);
#1392 = AXIS2_PLACEMENT_3D('',#1393,#1394,#1395);
#1393 = CARTESIAN_POINT('',(0.9,0.9,1.5));
#1394 = DIRECTION('',(0.,0.,1.));
#1395 = DIRECTION('',(-1.,0.,0.));
#1396 = ORIENTED_EDGE('',*,*,#1397,.T.);
#1397 = EDGE_CURVE('',#1389,#1398,#1400,.T.);
#1398 = VERTEX_POINT('',#1399);
#1399 = CARTESIAN_POINT('',(0.178889744907,-0.3,1.5));
#1400 = CIRCLE('',#1401,1.4);
#1401 = AXIS2_PLACEMENT_3D('',#1402,#1403,#1404);
#1402 = CARTESIAN_POINT('',(0.9,0.9,1.5));
#1403 = DIRECTION('',(0.,0.,1.));
#1404 = DIRECTION('',(-1.,0.,0.));
#1405 = ORIENTED_EDGE('',*,*,#1406,.T.);
#1406 = EDGE_CURVE('',#1398,#1407,#1409,.T.);
#1407 = VERTEX_POINT('',#1408);
#1408 = CARTESIAN_POINT('',(0.85,-0.499106857963,1.5));
#1409 = CIRCLE('',#1410,1.4);
#1410 = AXIS2_PLACEMENT_3D('',#1411,#1412,#1413);
#1411 = CARTESIAN_POINT('',(0.9,0.9,1.5));
#1412 = DIRECTION('',(0.,0.,1.));
#1413 = DIRECTION('',(-1.,0.,0.));
#1414 = ORIENTED_EDGE('',*,*,#1415,.T.);
#1415 = EDGE_CURVE('',#1407,#1307,#1416,.T.);
#1416 = CIRCLE('',#1417,1.4);
#1417 = AXIS2_PLACEMENT_3D('',#1418,#1419,#1420);
#1418 = CARTESIAN_POINT('',(0.9,0.9,1.5));
#1419 = DIRECTION('',(0.,0.,1.));
#1420 = DIRECTION('',(-1.,0.,0.));
#1421 = ORIENTED_EDGE('',*,*,#1314,.T.);
#1422 = ORIENTED_EDGE('',*,*,#632,.F.);
#1423 = CYLINDRICAL_SURFACE('',#1424,1.4);
#1424 = AXIS2_PLACEMENT_3D('',#1425,#1426,#1427);
#1425 = CARTESIAN_POINT('',(0.9,0.9,-1.));
#1426 = DIRECTION('',(0.,0.,1.));
#1427 = DIRECTION('',(-1.,0.,0.));
#1428 = ADVANCED_FACE('',(#1429),#1479,.T.);
#1429 = FACE_BOUND('',#1430,.T.);
#1430 = EDGE_LOOP('',(#1431,#1441,#1449,#1457,#1463,#1464,#1465,#1473));
#1431 = ORIENTED_EDGE('',*,*,#1432,.F.);
#1432 = EDGE_CURVE('',#1433,#1435,#1437,.T.);
#1433 = VERTEX_POINT('',#1434);
#1434 = CARTESIAN_POINT('',(-0.5,36.03,11.96));
#1435 = VERTEX_POINT('',#1436);
#1436 = CARTESIAN_POINT('',(-0.5,36.65,11.96));
#1437 = LINE('',#1438,#1439);
#1438 = CARTESIAN_POINT('',(-0.5,0.,11.96));
#1439 = VECTOR('',#1440,1.);
#1440 = DIRECTION('',(0.,1.,0.));
#1441 = ORIENTED_EDGE('',*,*,#1442,.T.);
#1442 = EDGE_CURVE('',#1433,#1443,#1445,.T.);
#1443 = VERTEX_POINT('',#1444);
#1444 = CARTESIAN_POINT('',(-0.5,36.03,4.5));
#1445 = LINE('',#1446,#1447);
#1446 = CARTESIAN_POINT('',(-0.5,36.03,4.5));
#1447 = VECTOR('',#1448,1.);
#1448 = DIRECTION('',(0.,0.,-1.));
#1449 = ORIENTED_EDGE('',*,*,#1450,.T.);
#1450 = EDGE_CURVE('',#1443,#1451,#1453,.T.);
#1451 = VERTEX_POINT('',#1452);
#1452 = CARTESIAN_POINT('',(-0.5,23.03,4.5));
#1453 = LINE('',#1454,#1455);
#1454 = CARTESIAN_POINT('',(-0.5,10.765,4.5));
#1455 = VECTOR('',#1456,1.);
#1456 = DIRECTION('',(0.,-1.,0.));
#1457 = ORIENTED_EDGE('',*,*,#1458,.T.);
#1458 = EDGE_CURVE('',#1451,#642,#1459,.T.);
#1459 = LINE('',#1460,#1461);
#1460 = CARTESIAN_POINT('',(-0.5,23.03,4.5));
#1461 = VECTOR('',#1462,1.);
#1462 = DIRECTION('',(0.,0.,1.));
#1463 = ORIENTED_EDGE('',*,*,#641,.T.);
#1464 = ORIENTED_EDGE('',*,*,#1371,.F.);
#1465 = ORIENTED_EDGE('',*,*,#1466,.T.);
#1466 = EDGE_CURVE('',#1372,#1467,#1469,.T.);
#1467 = VERTEX_POINT('',#1468);
#1468 = CARTESIAN_POINT('',(-0.5,36.65,1.5));
#1469 = LINE('',#1470,#1471);
#1470 = CARTESIAN_POINT('',(-0.5,-0.5,1.5));
#1471 = VECTOR('',#1472,1.);
#1472 = DIRECTION('',(0.,1.,0.));
#1473 = ORIENTED_EDGE('',*,*,#1474,.T.);
#1474 = EDGE_CURVE('',#1467,#1435,#1475,.T.);
#1475 = LINE('',#1476,#1477);
#1476 = CARTESIAN_POINT('',(-0.5,36.65,-1.));
#1477 = VECTOR('',#1478,1.);
#1478 = DIRECTION('',(0.,0.,1.));
#1479 = PLANE('',#1480);
#1480 = AXIS2_PLACEMENT_3D('',#1481,#1482,#1483);
#1481 = CARTESIAN_POINT('',(-0.5,20.269918949134,6.035012111049));
#1482 = DIRECTION('',(1.,0.,0.));
#1483 = DIRECTION('',(0.,0.,1.));
#1484 = ADVANCED_FACE('',(#1485),#1496,.T.);
#1485 = FACE_BOUND('',#1486,.T.);
#1486 = EDGE_LOOP('',(#1487,#1493,#1494,#1495));
#1487 = ORIENTED_EDGE('',*,*,#1488,.F.);
#1488 = EDGE_CURVE('',#673,#1451,#1489,.T.);
#1489 = LINE('',#1490,#1491);
#1490 = CARTESIAN_POINT('',(-2.9,23.03,4.5));
#1491 = VECTOR('',#1492,1.);
#1492 = DIRECTION('',(1.,0.,0.));
#1493 = ORIENTED_EDGE('',*,*,#672,.T.);
#1494 = ORIENTED_EDGE('',*,*,#649,.T.);
#1495 = ORIENTED_EDGE('',*,*,#1458,.F.);
#1496 = PLANE('',#1497);
#1497 = AXIS2_PLACEMENT_3D('',#1498,#1499,#1500);
#1498 = CARTESIAN_POINT('',(-2.9,23.03,4.5));
#1499 = DIRECTION('',(0.,1.,0.));
#1500 = DIRECTION('',(0.,0.,1.));
#1501 = ADVANCED_FACE('',(#1502),#1522,.T.);
#1502 = FACE_BOUND('',#1503,.T.);
#1503 = EDGE_LOOP('',(#1504,#1512,#1519,#1520,#1521));
#1504 = ORIENTED_EDGE('',*,*,#1505,.F.);
#1505 = EDGE_CURVE('',#1506,#1443,#1508,.T.);
#1506 = VERTEX_POINT('',#1507);
#1507 = CARTESIAN_POINT('',(-2.866246067202,36.03,4.5));
#1508 = LINE('',#1509,#1510);
#1509 = CARTESIAN_POINT('',(-3.2,36.03,4.5));
#1510 = VECTOR('',#1511,1.);
#1511 = DIRECTION('',(1.,0.,0.));
#1512 = ORIENTED_EDGE('',*,*,#1513,.T.);
#1513 = EDGE_CURVE('',#1506,#681,#1514,.T.);
#1514 = CIRCLE('',#1515,5.);
#1515 = AXIS2_PLACEMENT_3D('',#1516,#1517,#1518);
#1516 = CARTESIAN_POINT('',(2.1,35.45,4.5));
#1517 = DIRECTION('',(0.,0.,1.));
#1518 = DIRECTION('',(-1.,0.,0.));
#1519 = ORIENTED_EDGE('',*,*,#680,.T.);
#1520 = ORIENTED_EDGE('',*,*,#1488,.T.);
#1521 = ORIENTED_EDGE('',*,*,#1450,.F.);
#1522 = PLANE('',#1523);
#1523 = AXIS2_PLACEMENT_3D('',#1524,#1525,#1526);
#1524 = CARTESIAN_POINT('',(-1.686572904409,29.492368771265,4.5));
#1525 = DIRECTION('',(0.,0.,1.));
#1526 = DIRECTION('',(1.,0.,0.));
#1527 = ADVANCED_FACE('',(#1528),#1573,.T.);
#1528 = FACE_BOUND('',#1529,.T.);
#1529 = EDGE_LOOP('',(#1530,#1538,#1547,#1556,#1564,#1571,#1572));
#1530 = ORIENTED_EDGE('',*,*,#1531,.T.);
#1531 = EDGE_CURVE('',#1506,#1532,#1534,.T.);
#1532 = VERTEX_POINT('',#1533);
#1533 = CARTESIAN_POINT('',(-2.866246067202,36.03,11.96));
#1534 = LINE('',#1535,#1536);
#1535 = CARTESIAN_POINT('',(-2.866246067202,36.03,4.5));
#1536 = VECTOR('',#1537,1.);
#1537 = DIRECTION('',(0.,0.,1.));
#1538 = ORIENTED_EDGE('',*,*,#1539,.F.);
#1539 = EDGE_CURVE('',#1540,#1532,#1542,.T.);
#1540 = VERTEX_POINT('',#1541);
#1541 = CARTESIAN_POINT('',(-2.643795948394,37.03,11.96));
#1542 = CIRCLE('',#1543,5.);
#1543 = AXIS2_PLACEMENT_3D('',#1544,#1545,#1546);
#1544 = CARTESIAN_POINT('',(2.1,35.45,11.96));
#1545 = DIRECTION('',(0.,0.,1.));
#1546 = DIRECTION('',(1.,0.,0.));
#1547 = ORIENTED_EDGE('',*,*,#1548,.F.);
#1548 = EDGE_CURVE('',#1549,#1540,#1551,.T.);
#1549 = VERTEX_POINT('',#1550);
#1550 = CARTESIAN_POINT('',(2.1,40.45,11.96));
#1551 = CIRCLE('',#1552,5.);
#1552 = AXIS2_PLACEMENT_3D('',#1553,#1554,#1555);
#1553 = CARTESIAN_POINT('',(2.1,35.45,11.96));
#1554 = DIRECTION('',(0.,0.,1.));
#1555 = DIRECTION('',(-1.,0.,0.));
#1556 = ORIENTED_EDGE('',*,*,#1557,.F.);
#1557 = EDGE_CURVE('',#1558,#1549,#1560,.T.);
#1558 = VERTEX_POINT('',#1559);
#1559 = CARTESIAN_POINT('',(2.1,40.45,-1.5));
#1560 = LINE('',#1561,#1562);
#1561 = CARTESIAN_POINT('',(2.1,40.45,-2.5));
#1562 = VECTOR('',#1563,1.);
#1563 = DIRECTION('',(0.,0.,1.));
#1564 = ORIENTED_EDGE('',*,*,#1565,.F.);
#1565 = EDGE_CURVE('',#689,#1558,#1566,.T.);
#1566 = CIRCLE('',#1567,5.);
#1567 = AXIS2_PLACEMENT_3D('',#1568,#1569,#1570);
#1568 = CARTESIAN_POINT('',(2.1,35.45,-1.5));
#1569 = DIRECTION('',(0.,0.,-1.));
#1570 = DIRECTION('',(-1.,0.,0.));
#1571 = ORIENTED_EDGE('',*,*,#688,.T.);
#1572 = ORIENTED_EDGE('',*,*,#1513,.F.);
#1573 = CYLINDRICAL_SURFACE('',#1574,5.);
#1574 = AXIS2_PLACEMENT_3D('',#1575,#1576,#1577);
#1575 = CARTESIAN_POINT('',(2.1,35.45,0.));
#1576 = DIRECTION('',(0.,0.,1.));
#1577 = DIRECTION('',(-1.,0.,0.));
#1578 = ADVANCED_FACE('',(#1579),#1598,.T.);
#1579 = FACE_BOUND('',#1580,.T.);
#1580 = EDGE_LOOP('',(#1581,#1582,#1591,#1597));
#1581 = ORIENTED_EDGE('',*,*,#696,.T.);
#1582 = ORIENTED_EDGE('',*,*,#1583,.T.);
#1583 = EDGE_CURVE('',#689,#1584,#1586,.T.);
#1584 = VERTEX_POINT('',#1585);
#1585 = CARTESIAN_POINT('',(-1.9,35.45,-2.5));
#1586 = CIRCLE('',#1587,1.);
#1587 = AXIS2_PLACEMENT_3D('',#1588,#1589,#1590);
#1588 = CARTESIAN_POINT('',(-1.9,35.45,-1.5));
#1589 = DIRECTION('',(-0.,-1.,-0.));
#1590 = DIRECTION('',(-1.,0.,0.));
#1591 = ORIENTED_EDGE('',*,*,#1592,.F.);
#1592 = EDGE_CURVE('',#722,#1584,#1593,.T.);
#1593 = LINE('',#1594,#1595);
#1594 = CARTESIAN_POINT('',(-1.9,2.1,-2.5));
#1595 = VECTOR('',#1596,1.);
#1596 = DIRECTION('',(0.,1.,0.));
#1597 = ORIENTED_EDGE('',*,*,#721,.F.);
#1598 = CYLINDRICAL_SURFACE('',#1599,1.);
#1599 = AXIS2_PLACEMENT_3D('',#1600,#1601,#1602);
#1600 = CARTESIAN_POINT('',(-1.9,2.1,-1.5));
#1601 = DIRECTION('',(0.,1.,0.));
#1602 = DIRECTION('',(-1.,0.,0.));
#1603 = ADVANCED_FACE('',(#1604),#1614,.T.);
#1604 = FACE_BOUND('',#1605,.T.);
#1605 = EDGE_LOOP('',(#1606,#1613));
#1606 = ORIENTED_EDGE('',*,*,#1607,.F.);
#1607 = EDGE_CURVE('',#740,#731,#1608,.T.);
#1608 = CIRCLE('',#1609,4.);
#1609 = AXIS2_PLACEMENT_3D('',#1610,#1611,#1612);
#1610 = CARTESIAN_POINT('',(2.1,2.1,-2.5));
#1611 = DIRECTION('',(-0.,0.,-1.));
#1612 = DIRECTION('',(-2.7E-16,-1.,0.));
#1613 = ORIENTED_EDGE('',*,*,#739,.F.);
#1614 = TOROIDAL_SURFACE('',#1615,4.,1.);
#1615 = AXIS2_PLACEMENT_3D('',#1616,#1617,#1618);
#1616 = CARTESIAN_POINT('',(2.1,2.1,-1.5));
#1617 = DIRECTION('',(-0.,-0.,-1.));
#1618 = DIRECTION('',(-2.7E-16,-1.,0.));
#1619 = ADVANCED_FACE('',(#1620),#1734,.T.);
#1620 = FACE_BOUND('',#1621,.T.);
#1621 = EDGE_LOOP('',(#1622,#1636,#1645,#1652,#1653,#1654,#1663));
#1622 = ORIENTED_EDGE('',*,*,#1623,.T.);
#1623 = EDGE_CURVE('',#1624,#1626,#1628,.T.);
#1624 = VERTEX_POINT('',#1625);
#1625 = CARTESIAN_POINT('',(68.75,0.9,-2.429799692701));
#1626 = VERTEX_POINT('',#1627);
#1627 = CARTESIAN_POINT('',(68.548246704824,1.981580038157,-2.5));
#1628 = B_SPLINE_CURVE_WITH_KNOTS('',6,(#1629,#1630,#1631,#1632,#1633,
    #1634,#1635),.UNSPECIFIED.,.F.,.F.,(7,7),(0.,1.),
  .PIECEWISE_BEZIER_KNOTS.);
#1629 = CARTESIAN_POINT('',(68.75,0.9,-2.429799692701));
#1630 = CARTESIAN_POINT('',(68.75,1.085708395424,-2.449995435131));
#1631 = CARTESIAN_POINT('',(68.736205190043,1.270925191969,
    -2.468035368139));
#1632 = CARTESIAN_POINT('',(68.708750919953,1.454492952076,
    -2.483001362548));
#1633 = CARTESIAN_POINT('',(68.667876434213,1.635094424267,
    -2.49397909939));
#1634 = CARTESIAN_POINT('',(68.614067719406,1.811288954128,-2.5));
#1635 = CARTESIAN_POINT('',(68.548246704824,1.981580038157,-2.5));
#1636 = ORIENTED_EDGE('',*,*,#1637,.F.);
#1637 = EDGE_CURVE('',#1638,#1626,#1640,.T.);
#1638 = VERTEX_POINT('',#1639);
#1639 = CARTESIAN_POINT('',(68.55,2.1,-2.5));
#1640 = CIRCLE('',#1641,4.);
#1641 = AXIS2_PLACEMENT_3D('',#1642,#1643,#1644);
#1642 = CARTESIAN_POINT('',(64.55,2.1,-2.5));
#1643 = DIRECTION('',(0.,0.,-1.));
#1644 = DIRECTION('',(1.,0.,0.));
#1645 = ORIENTED_EDGE('',*,*,#1646,.F.);
#1646 = EDGE_CURVE('',#843,#1638,#1647,.T.);
#1647 = CIRCLE('',#1648,1.);
#1648 = AXIS2_PLACEMENT_3D('',#1649,#1650,#1651);
#1649 = CARTESIAN_POINT('',(68.55,2.1,-1.5));
#1650 = DIRECTION('',(-0.,1.,0.));
#1651 = DIRECTION('',(1.,0.,0.));
#1652 = ORIENTED_EDGE('',*,*,#842,.T.);
#1653 = ORIENTED_EDGE('',*,*,#826,.T.);
#1654 = ORIENTED_EDGE('',*,*,#1655,.F.);
#1655 = EDGE_CURVE('',#1656,#819,#1658,.T.);
#1656 = VERTEX_POINT('',#1657);
#1657 = CARTESIAN_POINT('',(64.668419961843,-1.898246704824,-2.5));
#1658 = CIRCLE('',#1659,4.);
#1659 = AXIS2_PLACEMENT_3D('',#1660,#1661,#1662);
#1660 = CARTESIAN_POINT('',(64.55,2.1,-2.5));
#1661 = DIRECTION('',(0.,0.,-1.));
#1662 = DIRECTION('',(1.,0.,0.));
#1663 = ORIENTED_EDGE('',*,*,#1664,.T.);
#1664 = EDGE_CURVE('',#1656,#1624,#1665,.T.);
#1665 = B_SPLINE_CURVE_WITH_KNOTS('',7,(#1666,#1667,#1668,#1669,#1670,
    #1671,#1672,#1673,#1674,#1675,#1676,#1677,#1678,#1679,#1680,#1681,
    #1682,#1683,#1684,#1685,#1686,#1687,#1688,#1689,#1690,#1691,#1692,
    #1693,#1694,#1695,#1696,#1697,#1698,#1699,#1700,#1701,#1702,#1703,
    #1704,#1705,#1706,#1707,#1708,#1709,#1710,#1711,#1712,#1713,#1714,
    #1715,#1716,#1717,#1718,#1719,#1720,#1721,#1722,#1723,#1724,#1725,
    #1726,#1727,#1728,#1729,#1730,#1731,#1732,#1733),.UNSPECIFIED.,.F.,
  .F.,(8,6,6,6,6,6,6,6,6,6,6,8),(0.,7.379525249127E-02,0.236184354523,
    0.38587444451,0.445885398109,0.499331551254,0.596837977751,
    0.748378137802,0.958120710171,0.979621068075,0.990182248904,1.),
  .UNSPECIFIED.);
#1666 = CARTESIAN_POINT('',(64.668419961843,-1.898246704824,-2.5));
#1667 = CARTESIAN_POINT('',(64.723689653093,-1.919609579894,-2.5));
#1668 = CARTESIAN_POINT('',(64.779566720739,-1.939743335135,
    -2.499383380325));
#1669 = CARTESIAN_POINT('',(64.83600347225,-1.958618576178,
    -2.498183043214));
#1670 = CARTESIAN_POINT('',(64.892952963402,-1.976210096754,
    -2.496431145622));
#1671 = CARTESIAN_POINT('',(64.950369202555,-1.992496380778,
    -2.494159150112));
#1672 = CARTESIAN_POINT('',(65.008207354924,-2.007459104435,
    -2.491397875745));
#1673 = CARTESIAN_POINT('',(65.194531647124,-2.051061713481,
    -2.481091104297));
#1674 = CARTESIAN_POINT('',(65.324463645029,-2.074553976368,
    -2.471782252961));
#1675 = CARTESIAN_POINT('',(65.455766439831,-2.091397195446,
    -2.460573005137));
#1676 = CARTESIAN_POINT('',(65.588002818074,-2.101484917328,
    -2.447771673624));
#1677 = CARTESIAN_POINT('',(65.720755252561,-2.104751961876,
    -2.433679978863));
#1678 = CARTESIAN_POINT('',(65.853629301322,-2.101159917356,
    -2.418600153951));
#1679 = CARTESIAN_POINT('',(66.108513074822,-2.081024689151,
    -2.38831624701));
#1680 = CARTESIAN_POINT('',(66.230547703427,-2.065517216179,
    -2.373215465252));
#1681 = CARTESIAN_POINT('',(66.35207791043,-2.044141132218,
    -2.357782146605));
#1682 = CARTESIAN_POINT('',(66.47281301529,-2.016886727489,
    -2.342266002642));
#1683 = CARTESIAN_POINT('',(66.592456658557,-1.983754433315,
    -2.326931883193));
#1684 = CARTESIAN_POINT('',(66.71070656866,-1.944755945808,
    -2.312060028146));
#1685 = CARTESIAN_POINT('',(66.873975322663,-1.881939196096,
    -2.292277444054));
#1686 = CARTESIAN_POINT('',(66.920423128395,-1.863024465066,
    -2.286736884459));
#1687 = CARTESIAN_POINT('',(66.966574556793,-1.843173350456,
    -2.281335910638));
#1688 = CARTESIAN_POINT('',(67.012407865139,-1.822388652763,
    -2.276093377152));
#1689 = CARTESIAN_POINT('',(67.057900504227,-1.800674136221,
    -2.271028105871));
#1690 = CARTESIAN_POINT('',(67.103029118362,-1.778034528803,
    -2.266158885981));
#1691 = CARTESIAN_POINT('',(67.187615666275,-1.733493714759,
    -2.257359223787));
#1692 = CARTESIAN_POINT('',(67.227153872427,-1.711782826736,
    -2.253384162424));
#1693 = CARTESIAN_POINT('',(67.266366897907,-1.689346960342,
    -2.249592602628));
#1694 = CARTESIAN_POINT('',(67.305236974252,-1.666191281194,
    -2.245997299548));
#1695 = CARTESIAN_POINT('',(67.343745830441,-1.642322018333,
    -2.242610450744));
#1696 = CARTESIAN_POINT('',(67.381874692897,-1.617746464223,
    -2.239443696188));
#1697 = CARTESIAN_POINT('',(67.488437635139,-1.546364368272,
    -2.231152490274));
#1698 = CARTESIAN_POINT('',(67.555945396948,-1.497930766303,
    -2.226565565164));
#1699 = CARTESIAN_POINT('',(67.622005741874,-1.44722712376,
    -2.222813963441));
#1700 = CARTESIAN_POINT('',(67.686497502032,-1.394320008732,
    -2.219952785803));
#1701 = CARTESIAN_POINT('',(67.749301357644,-1.339289353742,
    -2.21802212996));
#1702 = CARTESIAN_POINT('',(67.810301023993,-1.282230206998,
    -2.217043607473));
#1703 = CARTESIAN_POINT('',(67.961209258491,-1.13159703218,
    -2.216975291753));
#1704 = CARTESIAN_POINT('',(68.048423423787,-1.035292572256,
    -2.21923263375));
#1705 = CARTESIAN_POINT('',(68.130590037375,-0.93477257259,
    -2.223793397074));
#1706 = CARTESIAN_POINT('',(68.207389146595,-0.830485772114,
    -2.230533447901));
#1707 = CARTESIAN_POINT('',(68.278588761974,-0.722880708012,
    -2.239228879899));
#1708 = CARTESIAN_POINT('',(68.344024325024,-0.612395705824,
    -2.249594096183));
#1709 = CARTESIAN_POINT('',(68.486025167861,-0.343140046491,
    -2.277571199826));
#1710 = CARTESIAN_POINT('',(68.557208899361,-0.182128654537,
    -2.296435994509));
#1711 = CARTESIAN_POINT('',(68.616940296119,-1.737956648327E-02,
    -2.317140433149));
#1712 = CARTESIAN_POINT('',(68.66514160669,0.15022080434,-2.338842622185
    ));
#1713 = CARTESIAN_POINT('',(68.701786176782,0.319826950437,
    -2.360782503604));
#1714 = CARTESIAN_POINT('',(68.72690199094,0.490639199532,
    -2.382263969786));
#1715 = CARTESIAN_POINT('',(68.741935537399,0.679473464089,
    -2.40471210527));
#1716 = CARTESIAN_POINT('',(68.743212652823,0.69703524553,
    -2.406787449862));
#1717 = CARTESIAN_POINT('',(68.74436916046,0.714600618102,
    -2.408850249053));
#1718 = CARTESIAN_POINT('',(68.745405122044,0.73216869952,
    -2.410899783674));
#1719 = CARTESIAN_POINT('',(68.74632060474,0.74973860353,-2.41293533694)
  );
#1720 = CARTESIAN_POINT('',(68.747115681148,0.767309439915,
    -2.414956194448));
#1721 = CARTESIAN_POINT('',(68.748121872028,0.793511295632,
    -2.417946740201));
#1722 = CARTESIAN_POINT('',(68.748423336827,0.80211768909,
    -2.418925311109));
#1723 = CARTESIAN_POINT('',(68.748695142679,0.81069970935,
    -2.419897347253));
#1724 = CARTESIAN_POINT('',(68.748937601183,0.819257563606,
    -2.420862839078));
#1725 = CARTESIAN_POINT('',(68.749151016555,0.82779145176,
    -2.421821777126));
#1726 = CARTESIAN_POINT('',(68.74933568563,0.83630156642,-2.422774152028
    ));
#1727 = CARTESIAN_POINT('',(68.74963711389,0.85267723011,-2.424599179423
    ));
#1728 = CARTESIAN_POINT('',(68.749758105742,0.860565823742,
    -2.425474936474));
#1729 = CARTESIAN_POINT('',(68.749854881675,0.868454466387,
    -2.426347232445));
#1730 = CARTESIAN_POINT('',(68.749927450295,0.876341221174,
    -2.427215808144));
#1731 = CARTESIAN_POINT('',(68.74997581992,0.884228948924,
    -2.428080908236));
#1732 = CARTESIAN_POINT('',(68.750000000193,0.892114698155,
    -2.428942168664));
#1733 = CARTESIAN_POINT('',(68.75,0.9,-2.429799692701));
#1734 = TOROIDAL_SURFACE('',#1735,4.,1.);
#1735 = AXIS2_PLACEMENT_3D('',#1736,#1737,#1738);
#1736 = CARTESIAN_POINT('',(64.55,2.1,-1.5));
#1737 = DIRECTION('',(-0.,-0.,-1.));
#1738 = DIRECTION('',(1.,0.,0.));
#1739 = ADVANCED_FACE('',(#1740),#1759,.T.);
#1740 = FACE_BOUND('',#1741,.T.);
#1741 = EDGE_LOOP('',(#1742,#1743,#1744,#1752));
#1742 = ORIENTED_EDGE('',*,*,#867,.T.);
#1743 = ORIENTED_EDGE('',*,*,#1646,.T.);
#1744 = ORIENTED_EDGE('',*,*,#1745,.F.);
#1745 = EDGE_CURVE('',#1746,#1638,#1748,.T.);
#1746 = VERTEX_POINT('',#1747);
#1747 = CARTESIAN_POINT('',(68.55,35.45,-2.5));
#1748 = LINE('',#1749,#1750);
#1749 = CARTESIAN_POINT('',(68.55,35.45,-2.5));
#1750 = VECTOR('',#1751,1.);
#1751 = DIRECTION('',(0.,-1.,0.));
#1752 = ORIENTED_EDGE('',*,*,#1753,.F.);
#1753 = EDGE_CURVE('',#868,#1746,#1754,.T.);
#1754 = CIRCLE('',#1755,1.);
#1755 = AXIS2_PLACEMENT_3D('',#1756,#1757,#1758);
#1756 = CARTESIAN_POINT('',(68.55,35.45,-1.5));
#1757 = DIRECTION('',(-6.E-17,1.,0.));
#1758 = DIRECTION('',(1.,6.E-17,0.));
#1759 = CYLINDRICAL_SURFACE('',#1760,1.);
#1760 = AXIS2_PLACEMENT_3D('',#1761,#1762,#1763);
#1761 = CARTESIAN_POINT('',(68.55,35.45,-1.5));
#1762 = DIRECTION('',(0.,-1.,0.));
#1763 = DIRECTION('',(1.,0.,0.));
#1764 = ADVANCED_FACE('',(#1765),#1792,.T.);
#1765 = FACE_BOUND('',#1766,.T.);
#1766 = EDGE_LOOP('',(#1767,#1777,#1784,#1785));
#1767 = ORIENTED_EDGE('',*,*,#1768,.T.);
#1768 = EDGE_CURVE('',#1769,#1771,#1773,.T.);
#1769 = VERTEX_POINT('',#1770);
#1770 = CARTESIAN_POINT('',(64.55,40.45,-1.5));
#1771 = VERTEX_POINT('',#1772);
#1772 = CARTESIAN_POINT('',(64.55,40.45,11.96));
#1773 = LINE('',#1774,#1775);
#1774 = CARTESIAN_POINT('',(64.55,40.45,0.));
#1775 = VECTOR('',#1776,1.);
#1776 = DIRECTION('',(0.,0.,1.));
#1777 = ORIENTED_EDGE('',*,*,#1778,.F.);
#1778 = EDGE_CURVE('',#876,#1771,#1779,.T.);
#1779 = CIRCLE('',#1780,5.);
#1780 = AXIS2_PLACEMENT_3D('',#1781,#1782,#1783);
#1781 = CARTESIAN_POINT('',(64.55,35.45,11.96));
#1782 = DIRECTION('',(0.,0.,1.));
#1783 = DIRECTION('',(1.,0.,0.));
#1784 = ORIENTED_EDGE('',*,*,#875,.F.);
#1785 = ORIENTED_EDGE('',*,*,#1786,.F.);
#1786 = EDGE_CURVE('',#1769,#868,#1787,.T.);
#1787 = CIRCLE('',#1788,5.);
#1788 = AXIS2_PLACEMENT_3D('',#1789,#1790,#1791);
#1789 = CARTESIAN_POINT('',(64.55,35.45,-1.5));
#1790 = DIRECTION('',(0.,0.,-1.));
#1791 = DIRECTION('',(0.,1.,0.));
#1792 = CYLINDRICAL_SURFACE('',#1793,5.);
#1793 = AXIS2_PLACEMENT_3D('',#1794,#1795,#1796);
#1794 = CARTESIAN_POINT('',(64.55,35.45,0.));
#1795 = DIRECTION('',(0.,0.,1.));
#1796 = DIRECTION('',(1.,0.,0.));
#1797 = ADVANCED_FACE('',(#1798),#1940,.T.);
#1798 = FACE_BOUND('',#1799,.T.);
#1799 = EDGE_LOOP('',(#1800,#1811,#1819,#1828,#1836,#1844,#1853,#1862,
    #1870,#1876,#1877,#1885,#1893,#1899,#1900,#1901,#1907,#1908,#1909,
    #1915,#1916,#1925,#1934));
#1800 = ORIENTED_EDGE('',*,*,#1801,.F.);
#1801 = EDGE_CURVE('',#1802,#1804,#1806,.T.);
#1802 = VERTEX_POINT('',#1803);
#1803 = CARTESIAN_POINT('',(18.307352399139,38.05,11.96));
#1804 = VERTEX_POINT('',#1805);
#1805 = CARTESIAN_POINT('',(16.232647600861,38.05,11.96));
#1806 = CIRCLE('',#1807,3.25);
#1807 = AXIS2_PLACEMENT_3D('',#1808,#1809,#1810);
#1808 = CARTESIAN_POINT('',(17.27,34.97,11.96));
#1809 = DIRECTION('',(0.,0.,1.));
#1810 = DIRECTION('',(1.,0.,0.));
#1811 = ORIENTED_EDGE('',*,*,#1812,.T.);
#1812 = EDGE_CURVE('',#1802,#1813,#1815,.T.);
#1813 = VERTEX_POINT('',#1814);
#1814 = CARTESIAN_POINT('',(63.318389189283,38.05,11.96));
#1815 = LINE('',#1816,#1817);
#1816 = CARTESIAN_POINT('',(15.27,38.05,11.96));
#1817 = VECTOR('',#1818,1.);
#1818 = DIRECTION('',(1.,0.,0.));
#1819 = ORIENTED_EDGE('',*,*,#1820,.F.);
#1820 = EDGE_CURVE('',#1821,#1813,#1823,.T.);
#1821 = VERTEX_POINT('',#1822);
#1822 = CARTESIAN_POINT('',(64.561610810717,38.05,11.96));
#1823 = CIRCLE('',#1824,3.25);
#1824 = AXIS2_PLACEMENT_3D('',#1825,#1826,#1827);
#1825 = CARTESIAN_POINT('',(63.94,34.86,11.96));
#1826 = DIRECTION('',(0.,0.,1.));
#1827 = DIRECTION('',(1.,0.,0.));
#1828 = ORIENTED_EDGE('',*,*,#1829,.T.);
#1829 = EDGE_CURVE('',#1821,#1830,#1832,.T.);
#1830 = VERTEX_POINT('',#1831);
#1831 = CARTESIAN_POINT('',(67.155,38.05,11.96));
#1832 = LINE('',#1833,#1834);
#1833 = CARTESIAN_POINT('',(61.94,38.05,11.96));
#1834 = VECTOR('',#1835,1.);
#1835 = DIRECTION('',(1.,0.,0.));
#1836 = ORIENTED_EDGE('',*,*,#1837,.F.);
#1837 = EDGE_CURVE('',#1838,#1830,#1840,.T.);
#1838 = VERTEX_POINT('',#1839);
#1839 = CARTESIAN_POINT('',(67.155,35.335683718452,11.96));
#1840 = LINE('',#1841,#1842);
#1841 = CARTESIAN_POINT('',(67.155,32.86,11.96));
#1842 = VECTOR('',#1843,1.);
#1843 = DIRECTION('',(0.,1.,0.));
#1844 = ORIENTED_EDGE('',*,*,#1845,.F.);
#1845 = EDGE_CURVE('',#1846,#1838,#1848,.T.);
#1846 = VERTEX_POINT('',#1847);
#1847 = CARTESIAN_POINT('',(67.19,34.86,11.96));
#1848 = CIRCLE('',#1849,3.25);
#1849 = AXIS2_PLACEMENT_3D('',#1850,#1851,#1852);
#1850 = CARTESIAN_POINT('',(63.94,34.86,11.96));
#1851 = DIRECTION('',(0.,0.,1.));
#1852 = DIRECTION('',(1.,0.,0.));
#1853 = ORIENTED_EDGE('',*,*,#1854,.F.);
#1854 = EDGE_CURVE('',#1855,#1846,#1857,.T.);
#1855 = VERTEX_POINT('',#1856);
#1856 = CARTESIAN_POINT('',(67.155,34.384316281548,11.96));
#1857 = CIRCLE('',#1858,3.25);
#1858 = AXIS2_PLACEMENT_3D('',#1859,#1860,#1861);
#1859 = CARTESIAN_POINT('',(63.94,34.86,11.96));
#1860 = DIRECTION('',(0.,0.,1.));
#1861 = DIRECTION('',(1.,0.,0.));
#1862 = ORIENTED_EDGE('',*,*,#1863,.F.);
#1863 = EDGE_CURVE('',#1864,#1855,#1866,.T.);
#1864 = VERTEX_POINT('',#1865);
#1865 = CARTESIAN_POINT('',(67.155,32.86,11.96));
#1866 = LINE('',#1867,#1868);
#1867 = CARTESIAN_POINT('',(67.155,32.86,11.96));
#1868 = VECTOR('',#1869,1.);
#1869 = DIRECTION('',(0.,1.,0.));
#1870 = ORIENTED_EDGE('',*,*,#1871,.F.);
#1871 = EDGE_CURVE('',#1122,#1864,#1872,.T.);
#1872 = LINE('',#1873,#1874);
#1873 = CARTESIAN_POINT('',(65.9,32.86,11.96));
#1874 = VECTOR('',#1875,1.);
#1875 = DIRECTION('',(1.,0.,0.));
#1876 = ORIENTED_EDGE('',*,*,#1121,.T.);
#1877 = ORIENTED_EDGE('',*,*,#1878,.T.);
#1878 = EDGE_CURVE('',#1113,#1879,#1881,.T.);
#1879 = VERTEX_POINT('',#1880);
#1880 = CARTESIAN_POINT('',(68.35,30.98,11.96));
#1881 = LINE('',#1882,#1883);
#1882 = CARTESIAN_POINT('',(66.15,30.98,11.96));
#1883 = VECTOR('',#1884,1.);
#1884 = DIRECTION('',(1.,0.,0.));
#1885 = ORIENTED_EDGE('',*,*,#1886,.T.);
#1886 = EDGE_CURVE('',#1879,#1887,#1889,.T.);
#1887 = VERTEX_POINT('',#1888);
#1888 = CARTESIAN_POINT('',(68.35,33.38,11.96));
#1889 = LINE('',#1890,#1891);
#1890 = CARTESIAN_POINT('',(68.35,16.19,11.96));
#1891 = VECTOR('',#1892,1.);
#1892 = DIRECTION('',(0.,1.,0.));
#1893 = ORIENTED_EDGE('',*,*,#1894,.T.);
#1894 = EDGE_CURVE('',#1887,#884,#1895,.T.);
#1895 = LINE('',#1896,#1897);
#1896 = CARTESIAN_POINT('',(68.35,33.38,11.96));
#1897 = VECTOR('',#1898,1.);
#1898 = DIRECTION('',(1.,0.,0.));
#1899 = ORIENTED_EDGE('',*,*,#883,.F.);
#1900 = ORIENTED_EDGE('',*,*,#1778,.T.);
#1901 = ORIENTED_EDGE('',*,*,#1902,.F.);
#1902 = EDGE_CURVE('',#1549,#1771,#1903,.T.);
#1903 = LINE('',#1904,#1905);
#1904 = CARTESIAN_POINT('',(-51.45,40.45,11.96));
#1905 = VECTOR('',#1906,1.);
#1906 = DIRECTION('',(1.,0.,0.));
#1907 = ORIENTED_EDGE('',*,*,#1548,.T.);
#1908 = ORIENTED_EDGE('',*,*,#1539,.T.);
#1909 = ORIENTED_EDGE('',*,*,#1910,.T.);
#1910 = EDGE_CURVE('',#1532,#1433,#1911,.T.);
#1911 = LINE('',#1912,#1913);
#1912 = CARTESIAN_POINT('',(-3.2,36.03,11.96));
#1913 = VECTOR('',#1914,1.);
#1914 = DIRECTION('',(1.,0.,0.));
#1915 = ORIENTED_EDGE('',*,*,#1432,.T.);
#1916 = ORIENTED_EDGE('',*,*,#1917,.F.);
#1917 = EDGE_CURVE('',#1918,#1435,#1920,.T.);
#1918 = VERTEX_POINT('',#1919);
#1919 = CARTESIAN_POINT('',(-0.447442021016,37.03,11.96));
#1920 = CIRCLE('',#1921,1.4);
#1921 = AXIS2_PLACEMENT_3D('',#1922,#1923,#1924);
#1922 = CARTESIAN_POINT('',(0.9,36.65,11.96));
#1923 = DIRECTION('',(0.,0.,1.));
#1924 = DIRECTION('',(1.,0.,0.));
#1925 = ORIENTED_EDGE('',*,*,#1926,.F.);
#1926 = EDGE_CURVE('',#1927,#1918,#1929,.T.);
#1927 = VERTEX_POINT('',#1928);
#1928 = CARTESIAN_POINT('',(0.9,38.05,11.96));
#1929 = CIRCLE('',#1930,1.4);
#1930 = AXIS2_PLACEMENT_3D('',#1931,#1932,#1933);
#1931 = CARTESIAN_POINT('',(0.9,36.65,11.96));
#1932 = DIRECTION('',(0.,0.,1.));
#1933 = DIRECTION('',(-1.,0.,0.));
#1934 = ORIENTED_EDGE('',*,*,#1935,.T.);
#1935 = EDGE_CURVE('',#1927,#1804,#1936,.T.);
#1936 = LINE('',#1937,#1938);
#1937 = CARTESIAN_POINT('',(-5.25,38.05,11.96));
#1938 = VECTOR('',#1939,1.);
#1939 = DIRECTION('',(1.,0.,0.));
#1940 = PLANE('',#1941);
#1941 = AXIS2_PLACEMENT_3D('',#1942,#1943,#1944);
#1942 = CARTESIAN_POINT('',(35.605638975173,38.614372036614,11.96));
#1943 = DIRECTION('',(0.,0.,1.));
#1944 = DIRECTION('',(1.,0.,0.));
#1945 = ADVANCED_FACE('',(#1946),#1970,.F.);
#1946 = FACE_BOUND('',#1947,.F.);
#1947 = EDGE_LOOP('',(#1948,#1956,#1963,#1964,#1965,#1966,#1967,#1968,
    #1969));
#1948 = ORIENTED_EDGE('',*,*,#1949,.F.);
#1949 = EDGE_CURVE('',#1950,#937,#1952,.T.);
#1950 = VERTEX_POINT('',#1951);
#1951 = CARTESIAN_POINT('',(68.35,21.38,11.96));
#1952 = LINE('',#1953,#1954);
#1953 = CARTESIAN_POINT('',(68.35,21.38,11.96));
#1954 = VECTOR('',#1955,1.);
#1955 = DIRECTION('',(1.,0.,0.));
#1956 = ORIENTED_EDGE('',*,*,#1957,.T.);
#1957 = EDGE_CURVE('',#1950,#1887,#1958,.T.);
#1958 = CIRCLE('',#1959,6.);
#1959 = AXIS2_PLACEMENT_3D('',#1960,#1961,#1962);
#1960 = CARTESIAN_POINT('',(68.35,27.38,11.96));
#1961 = DIRECTION('',(1.,0.,-0.));
#1962 = DIRECTION('',(0.,0.,1.));
#1963 = ORIENTED_EDGE('',*,*,#1894,.T.);
#1964 = ORIENTED_EDGE('',*,*,#891,.F.);
#1965 = ORIENTED_EDGE('',*,*,#900,.F.);
#1966 = ORIENTED_EDGE('',*,*,#909,.F.);
#1967 = ORIENTED_EDGE('',*,*,#918,.F.);
#1968 = ORIENTED_EDGE('',*,*,#927,.F.);
#1969 = ORIENTED_EDGE('',*,*,#936,.F.);
#1970 = CYLINDRICAL_SURFACE('',#1971,6.);
#1971 = AXIS2_PLACEMENT_3D('',#1972,#1973,#1974);
#1972 = CARTESIAN_POINT('',(68.35,27.38,11.96));
#1973 = DIRECTION('',(1.,0.,0.));
#1974 = DIRECTION('',(0.,0.,1.));
#1975 = ADVANCED_FACE('',(#1976),#1998,.T.);
#1976 = FACE_BOUND('',#1977,.T.);
#1977 = EDGE_LOOP('',(#1978,#1979,#1980,#1981,#1982,#1983,#1984,#1992));
#1978 = ORIENTED_EDGE('',*,*,#1104,.T.);
#1979 = ORIENTED_EDGE('',*,*,#1080,.T.);
#1980 = ORIENTED_EDGE('',*,*,#1046,.T.);
#1981 = ORIENTED_EDGE('',*,*,#1024,.T.);
#1982 = ORIENTED_EDGE('',*,*,#945,.T.);
#1983 = ORIENTED_EDGE('',*,*,#1949,.F.);
#1984 = ORIENTED_EDGE('',*,*,#1985,.T.);
#1985 = EDGE_CURVE('',#1950,#1986,#1988,.T.);
#1986 = VERTEX_POINT('',#1987);
#1987 = CARTESIAN_POINT('',(68.35,23.78,11.96));
#1988 = LINE('',#1989,#1990);
#1989 = CARTESIAN_POINT('',(68.35,16.19,11.96));
#1990 = VECTOR('',#1991,1.);
#1991 = DIRECTION('',(0.,1.,0.));
#1992 = ORIENTED_EDGE('',*,*,#1993,.F.);
#1993 = EDGE_CURVE('',#1105,#1986,#1994,.T.);
#1994 = LINE('',#1995,#1996);
#1995 = CARTESIAN_POINT('',(67.,23.78,11.96));
#1996 = VECTOR('',#1997,1.);
#1997 = DIRECTION('',(1.,0.,0.));
#1998 = PLANE('',#1999);
#1999 = AXIS2_PLACEMENT_3D('',#2000,#2001,#2002);
#2000 = CARTESIAN_POINT('',(68.106962025316,19.055,11.96));
#2001 = DIRECTION('',(0.,0.,1.));
#2002 = DIRECTION('',(1.,0.,0.));
#2003 = ADVANCED_FACE('',(#2004),#2016,.F.);
#2004 = FACE_BOUND('',#2005,.F.);
#2005 = EDGE_LOOP('',(#2006,#2013,#2014,#2015));
#2006 = ORIENTED_EDGE('',*,*,#2007,.F.);
#2007 = EDGE_CURVE('',#1986,#1879,#2008,.T.);
#2008 = CIRCLE('',#2009,3.6);
#2009 = AXIS2_PLACEMENT_3D('',#2010,#2011,#2012);
#2010 = CARTESIAN_POINT('',(68.35,27.38,11.96));
#2011 = DIRECTION('',(1.,0.,-0.));
#2012 = DIRECTION('',(0.,0.,1.));
#2013 = ORIENTED_EDGE('',*,*,#1993,.F.);
#2014 = ORIENTED_EDGE('',*,*,#1112,.T.);
#2015 = ORIENTED_EDGE('',*,*,#1878,.T.);
#2016 = CYLINDRICAL_SURFACE('',#2017,3.6);
#2017 = AXIS2_PLACEMENT_3D('',#2018,#2019,#2020);
#2018 = CARTESIAN_POINT('',(66.15,27.38,11.96));
#2019 = DIRECTION('',(1.,0.,0.));
#2020 = DIRECTION('',(0.,0.,1.));
#2021 = ADVANCED_FACE('',(#2022),#2040,.T.);
#2022 = FACE_BOUND('',#2023,.T.);
#2023 = EDGE_LOOP('',(#2024,#2032,#2033,#2034));
#2024 = ORIENTED_EDGE('',*,*,#2025,.F.);
#2025 = EDGE_CURVE('',#1130,#2026,#2028,.T.);
#2026 = VERTEX_POINT('',#2027);
#2027 = CARTESIAN_POINT('',(67.155,32.86,6.2));
#2028 = LINE('',#2029,#2030);
#2029 = CARTESIAN_POINT('',(65.9,32.86,6.2));
#2030 = VECTOR('',#2031,1.);
#2031 = DIRECTION('',(1.,0.,0.));
#2032 = ORIENTED_EDGE('',*,*,#1129,.T.);
#2033 = ORIENTED_EDGE('',*,*,#1871,.T.);
#2034 = ORIENTED_EDGE('',*,*,#2035,.F.);
#2035 = EDGE_CURVE('',#2026,#1864,#2036,.T.);
#2036 = LINE('',#2037,#2038);
#2037 = CARTESIAN_POINT('',(67.155,32.86,6.2));
#2038 = VECTOR('',#2039,1.);
#2039 = DIRECTION('',(0.,0.,1.));
#2040 = PLANE('',#2041);
#2041 = AXIS2_PLACEMENT_3D('',#2042,#2043,#2044);
#2042 = CARTESIAN_POINT('',(65.9,32.86,6.2));
#2043 = DIRECTION('',(0.,1.,0.));
#2044 = DIRECTION('',(0.,0.,1.));
#2045 = ADVANCED_FACE('',(#2046),#2099,.T.);
#2046 = FACE_BOUND('',#2047,.T.);
#2047 = EDGE_LOOP('',(#2048,#2058,#2066,#2073,#2074,#2075,#2083,#2092));
#2048 = ORIENTED_EDGE('',*,*,#2049,.T.);
#2049 = EDGE_CURVE('',#2050,#2052,#2054,.T.);
#2050 = VERTEX_POINT('',#2051);
#2051 = CARTESIAN_POINT('',(67.155,35.335683718452,6.2));
#2052 = VERTEX_POINT('',#2053);
#2053 = CARTESIAN_POINT('',(67.155,38.05,6.2));
#2054 = LINE('',#2055,#2056);
#2055 = CARTESIAN_POINT('',(67.155,32.86,6.2));
#2056 = VECTOR('',#2057,1.);
#2057 = DIRECTION('',(0.,1.,0.));
#2058 = ORIENTED_EDGE('',*,*,#2059,.F.);
#2059 = EDGE_CURVE('',#2060,#2052,#2062,.T.);
#2060 = VERTEX_POINT('',#2061);
#2061 = CARTESIAN_POINT('',(65.75,38.05,6.2));
#2062 = LINE('',#2063,#2064);
#2063 = CARTESIAN_POINT('',(65.9,38.05,6.2));
#2064 = VECTOR('',#2065,1.);
#2065 = DIRECTION('',(1.,0.,0.));
#2066 = ORIENTED_EDGE('',*,*,#2067,.F.);
#2067 = EDGE_CURVE('',#1138,#2060,#2068,.T.);
#2068 = CIRCLE('',#2069,1.4);
#2069 = AXIS2_PLACEMENT_3D('',#2070,#2071,#2072);
#2070 = CARTESIAN_POINT('',(65.75,36.65,6.2));
#2071 = DIRECTION('',(0.,0.,1.));
#2072 = DIRECTION('',(1.,0.,0.));
#2073 = ORIENTED_EDGE('',*,*,#1137,.T.);
#2074 = ORIENTED_EDGE('',*,*,#2025,.T.);
#2075 = ORIENTED_EDGE('',*,*,#2076,.T.);
#2076 = EDGE_CURVE('',#2026,#2077,#2079,.T.);
#2077 = VERTEX_POINT('',#2078);
#2078 = CARTESIAN_POINT('',(67.155,34.384316281548,6.2));
#2079 = LINE('',#2080,#2081);
#2080 = CARTESIAN_POINT('',(67.155,32.86,6.2));
#2081 = VECTOR('',#2082,1.);
#2082 = DIRECTION('',(0.,1.,0.));
#2083 = ORIENTED_EDGE('',*,*,#2084,.T.);
#2084 = EDGE_CURVE('',#2077,#2085,#2087,.T.);
#2085 = VERTEX_POINT('',#2086);
#2086 = CARTESIAN_POINT('',(67.19,34.86,6.2));
#2087 = CIRCLE('',#2088,3.25);
#2088 = AXIS2_PLACEMENT_3D('',#2089,#2090,#2091);
#2089 = CARTESIAN_POINT('',(63.94,34.86,6.2));
#2090 = DIRECTION('',(0.,0.,1.));
#2091 = DIRECTION('',(1.,0.,0.));
#2092 = ORIENTED_EDGE('',*,*,#2093,.T.);
#2093 = EDGE_CURVE('',#2085,#2050,#2094,.T.);
#2094 = CIRCLE('',#2095,3.25);
#2095 = AXIS2_PLACEMENT_3D('',#2096,#2097,#2098);
#2096 = CARTESIAN_POINT('',(63.94,34.86,6.2));
#2097 = DIRECTION('',(0.,0.,1.));
#2098 = DIRECTION('',(1.,0.,0.));
#2099 = PLANE('',#2100);
#2100 = AXIS2_PLACEMENT_3D('',#2101,#2102,#2103);
#2101 = CARTESIAN_POINT('',(66.984265432462,35.890193420672,6.2));
#2102 = DIRECTION('',(0.,0.,1.));
#2103 = DIRECTION('',(1.,0.,0.));
#2104 = ADVANCED_FACE('',(#2105),#2142,.F.);
#2105 = FACE_BOUND('',#2106,.F.);
#2106 = EDGE_LOOP('',(#2107,#2108,#2117,#2126,#2135,#2141));
#2107 = ORIENTED_EDGE('',*,*,#1145,.F.);
#2108 = ORIENTED_EDGE('',*,*,#2109,.T.);
#2109 = EDGE_CURVE('',#1146,#2110,#2112,.T.);
#2110 = VERTEX_POINT('',#2111);
#2111 = CARTESIAN_POINT('',(67.149106857963,36.7,1.5));
#2112 = CIRCLE('',#2113,1.4);
#2113 = AXIS2_PLACEMENT_3D('',#2114,#2115,#2116);
#2114 = CARTESIAN_POINT('',(65.75,36.65,1.5));
#2115 = DIRECTION('',(0.,0.,1.));
#2116 = DIRECTION('',(1.,0.,0.));
#2117 = ORIENTED_EDGE('',*,*,#2118,.T.);
#2118 = EDGE_CURVE('',#2110,#2119,#2121,.T.);
#2119 = VERTEX_POINT('',#2120);
#2120 = CARTESIAN_POINT('',(65.8,38.049106857963,1.5));
#2121 = CIRCLE('',#2122,1.4);
#2122 = AXIS2_PLACEMENT_3D('',#2123,#2124,#2125);
#2123 = CARTESIAN_POINT('',(65.75,36.65,1.5));
#2124 = DIRECTION('',(0.,0.,1.));
#2125 = DIRECTION('',(1.,0.,0.));
#2126 = ORIENTED_EDGE('',*,*,#2127,.T.);
#2127 = EDGE_CURVE('',#2119,#2128,#2130,.T.);
#2128 = VERTEX_POINT('',#2129);
#2129 = CARTESIAN_POINT('',(65.75,38.05,1.5));
#2130 = CIRCLE('',#2131,1.4);
#2131 = AXIS2_PLACEMENT_3D('',#2132,#2133,#2134);
#2132 = CARTESIAN_POINT('',(65.75,36.65,1.5));
#2133 = DIRECTION('',(0.,0.,1.));
#2134 = DIRECTION('',(1.,0.,0.));
#2135 = ORIENTED_EDGE('',*,*,#2136,.T.);
#2136 = EDGE_CURVE('',#2128,#2060,#2137,.T.);
#2137 = LINE('',#2138,#2139);
#2138 = CARTESIAN_POINT('',(65.75,38.05,-1.));
#2139 = VECTOR('',#2140,1.);
#2140 = DIRECTION('',(0.,0.,1.));
#2141 = ORIENTED_EDGE('',*,*,#2067,.F.);
#2142 = CYLINDRICAL_SURFACE('',#2143,1.4);
#2143 = AXIS2_PLACEMENT_3D('',#2144,#2145,#2146);
#2144 = CARTESIAN_POINT('',(65.75,36.65,-1.));
#2145 = DIRECTION('',(0.,0.,1.));
#2146 = DIRECTION('',(1.,0.,0.));
#2147 = ADVANCED_FACE('',(#2148,#2237),#2463,.T.);
#2148 = FACE_BOUND('',#2149,.T.);
#2149 = EDGE_LOOP('',(#2150,#2151,#2152,#2153,#2154,#2155,#2156,#2157,
    #2166,#2175,#2182,#2183,#2184,#2185,#2186,#2194,#2203,#2212,#2221,
    #2230));
#2150 = ORIENTED_EDGE('',*,*,#1466,.F.);
#2151 = ORIENTED_EDGE('',*,*,#1379,.T.);
#2152 = ORIENTED_EDGE('',*,*,#1388,.T.);
#2153 = ORIENTED_EDGE('',*,*,#1397,.T.);
#2154 = ORIENTED_EDGE('',*,*,#1406,.T.);
#2155 = ORIENTED_EDGE('',*,*,#1415,.T.);
#2156 = ORIENTED_EDGE('',*,*,#1306,.T.);
#2157 = ORIENTED_EDGE('',*,*,#2158,.T.);
#2158 = EDGE_CURVE('',#1299,#2159,#2161,.T.);
#2159 = VERTEX_POINT('',#2160);
#2160 = CARTESIAN_POINT('',(65.8,-0.499106857963,1.5));
#2161 = CIRCLE('',#2162,1.4);
#2162 = AXIS2_PLACEMENT_3D('',#2163,#2164,#2165);
#2163 = CARTESIAN_POINT('',(65.75,0.9,1.5));
#2164 = DIRECTION('',(0.,0.,1.));
#2165 = DIRECTION('',(1.,0.,0.));
#2166 = ORIENTED_EDGE('',*,*,#2167,.T.);
#2167 = EDGE_CURVE('',#2159,#2168,#2170,.T.);
#2168 = VERTEX_POINT('',#2169);
#2169 = CARTESIAN_POINT('',(67.149106857963,0.85,1.5));
#2170 = CIRCLE('',#2171,1.4);
#2171 = AXIS2_PLACEMENT_3D('',#2172,#2173,#2174);
#2172 = CARTESIAN_POINT('',(65.75,0.9,1.5));
#2173 = DIRECTION('',(0.,0.,1.));
#2174 = DIRECTION('',(1.,0.,0.));
#2175 = ORIENTED_EDGE('',*,*,#2176,.T.);
#2176 = EDGE_CURVE('',#2168,#1154,#2177,.T.);
#2177 = CIRCLE('',#2178,1.4);
#2178 = AXIS2_PLACEMENT_3D('',#2179,#2180,#2181);
#2179 = CARTESIAN_POINT('',(65.75,0.9,1.5));
#2180 = DIRECTION('',(0.,0.,1.));
#2181 = DIRECTION('',(1.,0.,0.));
#2182 = ORIENTED_EDGE('',*,*,#1153,.F.);
#2183 = ORIENTED_EDGE('',*,*,#2109,.T.);
#2184 = ORIENTED_EDGE('',*,*,#2118,.T.);
#2185 = ORIENTED_EDGE('',*,*,#2127,.T.);
#2186 = ORIENTED_EDGE('',*,*,#2187,.F.);
#2187 = EDGE_CURVE('',#2188,#2128,#2190,.T.);
#2188 = VERTEX_POINT('',#2189);
#2189 = CARTESIAN_POINT('',(0.9,38.05,1.5));
#2190 = LINE('',#2191,#2192);
#2191 = CARTESIAN_POINT('',(29.625,38.05,1.5));
#2192 = VECTOR('',#2193,1.);
#2193 = DIRECTION('',(1.,0.,0.));
#2194 = ORIENTED_EDGE('',*,*,#2195,.T.);
#2195 = EDGE_CURVE('',#2188,#2196,#2198,.T.);
#2196 = VERTEX_POINT('',#2197);
#2197 = CARTESIAN_POINT('',(0.85,38.049106857963,1.5));
#2198 = CIRCLE('',#2199,1.4);
#2199 = AXIS2_PLACEMENT_3D('',#2200,#2201,#2202);
#2200 = CARTESIAN_POINT('',(0.9,36.65,1.5));
#2201 = DIRECTION('',(0.,0.,1.));
#2202 = DIRECTION('',(-1.,0.,0.));
#2203 = ORIENTED_EDGE('',*,*,#2204,.T.);
#2204 = EDGE_CURVE('',#2196,#2205,#2207,.T.);
#2205 = VERTEX_POINT('',#2206);
#2206 = CARTESIAN_POINT('',(0.269523989354,37.9,1.5));
#2207 = CIRCLE('',#2208,1.4);
#2208 = AXIS2_PLACEMENT_3D('',#2209,#2210,#2211);
#2209 = CARTESIAN_POINT('',(0.9,36.65,1.5));
#2210 = DIRECTION('',(0.,0.,1.));
#2211 = DIRECTION('',(-1.,0.,0.));
#2212 = ORIENTED_EDGE('',*,*,#2213,.T.);
#2213 = EDGE_CURVE('',#2205,#2214,#2216,.T.);
#2214 = VERTEX_POINT('',#2215);
#2215 = CARTESIAN_POINT('',(-0.3,37.371110255093,1.5));
#2216 = CIRCLE('',#2217,1.4);
#2217 = AXIS2_PLACEMENT_3D('',#2218,#2219,#2220);
#2218 = CARTESIAN_POINT('',(0.9,36.65,1.5));
#2219 = DIRECTION('',(0.,0.,1.));
#2220 = DIRECTION('',(-1.,0.,0.));
#2221 = ORIENTED_EDGE('',*,*,#2222,.T.);
#2222 = EDGE_CURVE('',#2214,#2223,#2225,.T.);
#2223 = VERTEX_POINT('',#2224);
#2224 = CARTESIAN_POINT('',(-0.499106857963,36.7,1.5));
#2225 = CIRCLE('',#2226,1.4);
#2226 = AXIS2_PLACEMENT_3D('',#2227,#2228,#2229);
#2227 = CARTESIAN_POINT('',(0.9,36.65,1.5));
#2228 = DIRECTION('',(0.,0.,1.));
#2229 = DIRECTION('',(-1.,0.,0.));
#2230 = ORIENTED_EDGE('',*,*,#2231,.T.);
#2231 = EDGE_CURVE('',#2223,#1467,#2232,.T.);
#2232 = CIRCLE('',#2233,1.4);
#2233 = AXIS2_PLACEMENT_3D('',#2234,#2235,#2236);
#2234 = CARTESIAN_POINT('',(0.9,36.65,1.5));
#2235 = DIRECTION('',(0.,0.,1.));
#2236 = DIRECTION('',(-1.,0.,0.));
#2237 = FACE_BOUND('',#2238,.T.);
#2238 = EDGE_LOOP('',(#2239,#2250,#2258,#2267,#2275,#2283,#2291,#2300,
    #2308,#2316,#2324,#2333,#2342,#2351,#2360,#2369,#2378,#2386,#2395,
    #2404,#2413,#2422,#2431,#2440,#2448,#2457));
#2239 = ORIENTED_EDGE('',*,*,#2240,.F.);
#2240 = EDGE_CURVE('',#2241,#2243,#2245,.T.);
#2241 = VERTEX_POINT('',#2242);
#2242 = CARTESIAN_POINT('',(0.85,9.273030998353,1.5));
#2243 = VERTEX_POINT('',#2244);
#2244 = CARTESIAN_POINT('',(0.85,5.046969001647,1.5));
#2245 = CIRCLE('',#2246,2.75);
#2246 = AXIS2_PLACEMENT_3D('',#2247,#2248,#2249);
#2247 = CARTESIAN_POINT('',(2.61,7.16,1.5));
#2248 = DIRECTION('',(0.,0.,1.));
#2249 = DIRECTION('',(1.,0.,0.));
#2250 = ORIENTED_EDGE('',*,*,#2251,.T.);
#2251 = EDGE_CURVE('',#2241,#2252,#2254,.T.);
#2252 = VERTEX_POINT('',#2253);
#2253 = CARTESIAN_POINT('',(0.85,36.1,1.5));
#2254 = LINE('',#2255,#2256);
#2255 = CARTESIAN_POINT('',(0.85,0.25,1.5));
#2256 = VECTOR('',#2257,1.);
#2257 = DIRECTION('',(0.,1.,0.));
#2258 = ORIENTED_EDGE('',*,*,#2259,.F.);
#2259 = EDGE_CURVE('',#2260,#2252,#2262,.T.);
#2260 = VERTEX_POINT('',#2261);
#2261 = CARTESIAN_POINT('',(1.45,36.7,1.5));
#2262 = CIRCLE('',#2263,0.6);
#2263 = AXIS2_PLACEMENT_3D('',#2264,#2265,#2266);
#2264 = CARTESIAN_POINT('',(1.45,36.1,1.5));
#2265 = DIRECTION('',(0.,0.,1.));
#2266 = DIRECTION('',(1.,0.,0.));
#2267 = ORIENTED_EDGE('',*,*,#2268,.T.);
#2268 = EDGE_CURVE('',#2260,#2269,#2271,.T.);
#2269 = VERTEX_POINT('',#2270);
#2270 = CARTESIAN_POINT('',(13.,36.7,1.5));
#2271 = LINE('',#2272,#2273);
#2272 = CARTESIAN_POINT('',(-5.1,36.7,1.5));
#2273 = VECTOR('',#2274,1.);
#2274 = DIRECTION('',(1.,0.,0.));
#2275 = ORIENTED_EDGE('',*,*,#2276,.F.);
#2276 = EDGE_CURVE('',#2277,#2269,#2279,.T.);
#2277 = VERTEX_POINT('',#2278);
#2278 = CARTESIAN_POINT('',(13.,36.695,1.5));
#2279 = LINE('',#2280,#2281);
#2280 = CARTESIAN_POINT('',(13.,36.695,1.5));
#2281 = VECTOR('',#2282,1.);
#2282 = DIRECTION('',(0.,1.,0.));
#2283 = ORIENTED_EDGE('',*,*,#2284,.T.);
#2284 = EDGE_CURVE('',#2277,#2285,#2287,.T.);
#2285 = VERTEX_POINT('',#2286);
#2286 = CARTESIAN_POINT('',(15.128300908157,36.695,1.5));
#2287 = LINE('',#2288,#2289);
#2288 = CARTESIAN_POINT('',(13.,36.695,1.5));
#2289 = VECTOR('',#2290,1.);
#2290 = DIRECTION('',(1.,0.,0.));
#2291 = ORIENTED_EDGE('',*,*,#2292,.F.);
#2292 = EDGE_CURVE('',#2293,#2285,#2295,.T.);
#2293 = VERTEX_POINT('',#2294);
#2294 = CARTESIAN_POINT('',(19.411699091843,36.695,1.5));
#2295 = CIRCLE('',#2296,2.75);
#2296 = AXIS2_PLACEMENT_3D('',#2297,#2298,#2299);
#2297 = CARTESIAN_POINT('',(17.27,34.97,1.5));
#2298 = DIRECTION('',(0.,0.,1.));
#2299 = DIRECTION('',(1.,0.,0.));
#2300 = ORIENTED_EDGE('',*,*,#2301,.T.);
#2301 = EDGE_CURVE('',#2293,#2302,#2304,.T.);
#2302 = VERTEX_POINT('',#2303);
#2303 = CARTESIAN_POINT('',(20.6,36.695,1.5));
#2304 = LINE('',#2305,#2306);
#2305 = CARTESIAN_POINT('',(13.,36.695,1.5));
#2306 = VECTOR('',#2307,1.);
#2307 = DIRECTION('',(1.,0.,0.));
#2308 = ORIENTED_EDGE('',*,*,#2309,.T.);
#2309 = EDGE_CURVE('',#2302,#2310,#2312,.T.);
#2310 = VERTEX_POINT('',#2311);
#2311 = CARTESIAN_POINT('',(20.6,36.7,1.5));
#2312 = LINE('',#2313,#2314);
#2313 = CARTESIAN_POINT('',(20.6,36.695,1.5));
#2314 = VECTOR('',#2315,1.);
#2315 = DIRECTION('',(0.,1.,0.));
#2316 = ORIENTED_EDGE('',*,*,#2317,.F.);
#2317 = EDGE_CURVE('',#2318,#2310,#2320,.T.);
#2318 = VERTEX_POINT('',#2319);
#2319 = CARTESIAN_POINT('',(61.89625344037,36.7,1.5));
#2320 = LINE('',#2321,#2322);
#2321 = CARTESIAN_POINT('',(0.25,36.7,1.5));
#2322 = VECTOR('',#2323,1.);
#2323 = DIRECTION('',(-1.,0.,0.));
#2324 = ORIENTED_EDGE('',*,*,#2325,.F.);
#2325 = EDGE_CURVE('',#2326,#2318,#2328,.T.);
#2326 = VERTEX_POINT('',#2327);
#2327 = CARTESIAN_POINT('',(64.328521971264,37.582416330734,1.5));
#2328 = CIRCLE('',#2329,2.75);
#2329 = AXIS2_PLACEMENT_3D('',#2330,#2331,#2332);
#2330 = CARTESIAN_POINT('',(63.94,34.86,1.5));
#2331 = DIRECTION('',(0.,0.,1.));
#2332 = DIRECTION('',(1.,0.,0.));
#2333 = ORIENTED_EDGE('',*,*,#2334,.F.);
#2334 = EDGE_CURVE('',#2335,#2326,#2337,.T.);
#2335 = VERTEX_POINT('',#2336);
#2336 = CARTESIAN_POINT('',(65.8,36.885561650506,1.5));
#2337 = CIRCLE('',#2338,2.75);
#2338 = AXIS2_PLACEMENT_3D('',#2339,#2340,#2341);
#2339 = CARTESIAN_POINT('',(63.94,34.86,1.5));
#2340 = DIRECTION('',(0.,0.,1.));
#2341 = DIRECTION('',(1.,0.,0.));
#2342 = ORIENTED_EDGE('',*,*,#2343,.F.);
#2343 = EDGE_CURVE('',#2344,#2335,#2346,.T.);
#2344 = VERTEX_POINT('',#2345);
#2345 = CARTESIAN_POINT('',(65.98374655963,36.7,1.5));
#2346 = CIRCLE('',#2347,2.75);
#2347 = AXIS2_PLACEMENT_3D('',#2348,#2349,#2350);
#2348 = CARTESIAN_POINT('',(63.94,34.86,1.5));
#2349 = DIRECTION('',(0.,0.,1.));
#2350 = DIRECTION('',(1.,0.,0.));
#2351 = ORIENTED_EDGE('',*,*,#2352,.F.);
#2352 = EDGE_CURVE('',#2353,#2344,#2355,.T.);
#2353 = VERTEX_POINT('',#2354);
#2354 = CARTESIAN_POINT('',(66.666565063087,35.218249852409,1.5));
#2355 = CIRCLE('',#2356,2.75);
#2356 = AXIS2_PLACEMENT_3D('',#2357,#2358,#2359);
#2357 = CARTESIAN_POINT('',(63.94,34.86,1.5));
#2358 = DIRECTION('',(0.,0.,1.));
#2359 = DIRECTION('',(1.,0.,0.));
#2360 = ORIENTED_EDGE('',*,*,#2361,.F.);
#2361 = EDGE_CURVE('',#2362,#2353,#2364,.T.);
#2362 = VERTEX_POINT('',#2363);
#2363 = CARTESIAN_POINT('',(66.69,34.86,1.5));
#2364 = CIRCLE('',#2365,2.75);
#2365 = AXIS2_PLACEMENT_3D('',#2366,#2367,#2368);
#2366 = CARTESIAN_POINT('',(63.94,34.86,1.5));
#2367 = DIRECTION('',(0.,0.,1.));
#2368 = DIRECTION('',(1.,0.,0.));
#2369 = ORIENTED_EDGE('',*,*,#2370,.F.);
#2370 = EDGE_CURVE('',#2371,#2362,#2373,.T.);
#2371 = VERTEX_POINT('',#2372);
#2372 = CARTESIAN_POINT('',(65.8,32.834438349494,1.5));
#2373 = CIRCLE('',#2374,2.75);
#2374 = AXIS2_PLACEMENT_3D('',#2375,#2376,#2377);
#2375 = CARTESIAN_POINT('',(63.94,34.86,1.5));
#2376 = DIRECTION('',(0.,0.,1.));
#2377 = DIRECTION('',(1.,0.,0.));
#2378 = ORIENTED_EDGE('',*,*,#2379,.F.);
#2379 = EDGE_CURVE('',#2380,#2371,#2382,.T.);
#2380 = VERTEX_POINT('',#2381);
#2381 = CARTESIAN_POINT('',(65.8,4.770362287137,1.5));
#2382 = LINE('',#2383,#2384);
#2383 = CARTESIAN_POINT('',(65.8,0.25,1.5));
#2384 = VECTOR('',#2385,1.);
#2385 = DIRECTION('',(0.,1.,0.));
#2386 = ORIENTED_EDGE('',*,*,#2387,.F.);
#2387 = EDGE_CURVE('',#2388,#2380,#2390,.T.);
#2388 = VERTEX_POINT('',#2389);
#2389 = CARTESIAN_POINT('',(66.74,2.7,1.5));
#2390 = CIRCLE('',#2391,2.75);
#2391 = AXIS2_PLACEMENT_3D('',#2392,#2393,#2394);
#2392 = CARTESIAN_POINT('',(63.99,2.7,1.5));
#2393 = DIRECTION('',(0.,0.,1.));
#2394 = DIRECTION('',(1.,0.,0.));
#2395 = ORIENTED_EDGE('',*,*,#2396,.F.);
#2396 = EDGE_CURVE('',#2397,#2388,#2399,.T.);
#2397 = VERTEX_POINT('',#2398);
#2398 = CARTESIAN_POINT('',(66.7110840573,2.302254411582,1.5));
#2399 = CIRCLE('',#2400,2.75);
#2400 = AXIS2_PLACEMENT_3D('',#2401,#2402,#2403);
#2401 = CARTESIAN_POINT('',(63.99,2.7,1.5));
#2402 = DIRECTION('',(0.,0.,1.));
#2403 = DIRECTION('',(1.,0.,0.));
#2404 = ORIENTED_EDGE('',*,*,#2405,.F.);
#2405 = EDGE_CURVE('',#2406,#2397,#2408,.T.);
#2406 = VERTEX_POINT('',#2407);
#2407 = CARTESIAN_POINT('',(66.024698994938,0.85,1.5));
#2408 = CIRCLE('',#2409,2.75);
#2409 = AXIS2_PLACEMENT_3D('',#2410,#2411,#2412);
#2410 = CARTESIAN_POINT('',(63.99,2.7,1.5));
#2411 = DIRECTION('',(0.,0.,1.));
#2412 = DIRECTION('',(1.,0.,0.));
#2413 = ORIENTED_EDGE('',*,*,#2414,.F.);
#2414 = EDGE_CURVE('',#2415,#2406,#2417,.T.);
#2415 = VERTEX_POINT('',#2416);
#2416 = CARTESIAN_POINT('',(65.8,0.629637712863,1.5));
#2417 = CIRCLE('',#2418,2.75);
#2418 = AXIS2_PLACEMENT_3D('',#2419,#2420,#2421);
#2419 = CARTESIAN_POINT('',(63.99,2.7,1.5));
#2420 = DIRECTION('',(0.,0.,1.));
#2421 = DIRECTION('',(1.,0.,0.));
#2422 = ORIENTED_EDGE('',*,*,#2423,.F.);
#2423 = EDGE_CURVE('',#2424,#2415,#2426,.T.);
#2424 = VERTEX_POINT('',#2425);
#2425 = CARTESIAN_POINT('',(64.326504935379,-2.933406318571E-02,1.5));
#2426 = CIRCLE('',#2427,2.75);
#2427 = AXIS2_PLACEMENT_3D('',#2428,#2429,#2430);
#2428 = CARTESIAN_POINT('',(63.99,2.7,1.5));
#2429 = DIRECTION('',(0.,0.,1.));
#2430 = DIRECTION('',(1.,0.,0.));
#2431 = ORIENTED_EDGE('',*,*,#2432,.F.);
#2432 = EDGE_CURVE('',#2433,#2424,#2435,.T.);
#2433 = VERTEX_POINT('',#2434);
#2434 = CARTESIAN_POINT('',(61.955301005062,0.85,1.5));
#2435 = CIRCLE('',#2436,2.75);
#2436 = AXIS2_PLACEMENT_3D('',#2437,#2438,#2439);
#2437 = CARTESIAN_POINT('',(63.99,2.7,1.5));
#2438 = DIRECTION('',(0.,0.,1.));
#2439 = DIRECTION('',(1.,0.,0.));
#2440 = ORIENTED_EDGE('',*,*,#2441,.T.);
#2441 = EDGE_CURVE('',#2433,#2442,#2444,.T.);
#2442 = VERTEX_POINT('',#2443);
#2443 = CARTESIAN_POINT('',(1.45,0.85,1.5));
#2444 = LINE('',#2445,#2446);
#2445 = CARTESIAN_POINT('',(0.25,0.85,1.5));
#2446 = VECTOR('',#2447,1.);
#2447 = DIRECTION('',(-1.,0.,0.));
#2448 = ORIENTED_EDGE('',*,*,#2449,.F.);
#2449 = EDGE_CURVE('',#2450,#2442,#2452,.T.);
#2450 = VERTEX_POINT('',#2451);
#2451 = CARTESIAN_POINT('',(0.85,1.45,1.5));
#2452 = CIRCLE('',#2453,0.6);
#2453 = AXIS2_PLACEMENT_3D('',#2454,#2455,#2456);
#2454 = CARTESIAN_POINT('',(1.45,1.45,1.5));
#2455 = DIRECTION('',(0.,0.,1.));
#2456 = DIRECTION('',(1.,0.,0.));
#2457 = ORIENTED_EDGE('',*,*,#2458,.T.);
#2458 = EDGE_CURVE('',#2450,#2243,#2459,.T.);
#2459 = LINE('',#2460,#2461);
#2460 = CARTESIAN_POINT('',(0.85,-5.1,1.5));
#2461 = VECTOR('',#2462,1.);
#2462 = DIRECTION('',(0.,1.,0.));
#2463 = PLANE('',#2464);
#2464 = AXIS2_PLACEMENT_3D('',#2465,#2466,#2467);
#2465 = CARTESIAN_POINT('',(33.318541816315,18.774992816037,1.5));
#2466 = DIRECTION('',(0.,0.,1.));
#2467 = DIRECTION('',(1.,0.,0.));
#2468 = ADVANCED_FACE('',(#2469),#2483,.F.);
#2469 = FACE_BOUND('',#2470,.F.);
#2470 = EDGE_LOOP('',(#2471,#2472,#2473,#2474,#2481,#2482));
#2471 = ORIENTED_EDGE('',*,*,#2167,.T.);
#2472 = ORIENTED_EDGE('',*,*,#2176,.T.);
#2473 = ORIENTED_EDGE('',*,*,#1161,.T.);
#2474 = ORIENTED_EDGE('',*,*,#2475,.F.);
#2475 = EDGE_CURVE('',#1291,#1162,#2476,.T.);
#2476 = CIRCLE('',#2477,1.4);
#2477 = AXIS2_PLACEMENT_3D('',#2478,#2479,#2480);
#2478 = CARTESIAN_POINT('',(65.75,0.9,6.2));
#2479 = DIRECTION('',(0.,0.,1.));
#2480 = DIRECTION('',(1.,0.,0.));
#2481 = ORIENTED_EDGE('',*,*,#1298,.F.);
#2482 = ORIENTED_EDGE('',*,*,#2158,.T.);
#2483 = CYLINDRICAL_SURFACE('',#2484,1.4);
#2484 = AXIS2_PLACEMENT_3D('',#2485,#2486,#2487);
#2485 = CARTESIAN_POINT('',(65.75,0.9,-1.));
#2486 = DIRECTION('',(0.,0.,1.));
#2487 = DIRECTION('',(1.,0.,0.));
#2488 = ADVANCED_FACE('',(#2489),#2499,.T.);
#2489 = FACE_BOUND('',#2490,.T.);
#2490 = EDGE_LOOP('',(#2491,#2492,#2493,#2494,#2495,#2496,#2497,#2498));
#2491 = ORIENTED_EDGE('',*,*,#1266,.T.);
#2492 = ORIENTED_EDGE('',*,*,#1242,.T.);
#2493 = ORIENTED_EDGE('',*,*,#1251,.T.);
#2494 = ORIENTED_EDGE('',*,*,#1215,.T.);
#2495 = ORIENTED_EDGE('',*,*,#1183,.F.);
#2496 = ORIENTED_EDGE('',*,*,#1169,.T.);
#2497 = ORIENTED_EDGE('',*,*,#2475,.F.);
#2498 = ORIENTED_EDGE('',*,*,#1290,.T.);
#2499 = PLANE('',#2500);
#2500 = AXIS2_PLACEMENT_3D('',#2501,#2502,#2503);
#2501 = CARTESIAN_POINT('',(66.989449393474,1.665401368204,6.2));
#2502 = DIRECTION('',(0.,0.,1.));
#2503 = DIRECTION('',(1.,0.,0.));
#2504 = ADVANCED_FACE('',(#2505),#2509,.T.);
#2505 = FACE_BOUND('',#2506,.T.);
#2506 = EDGE_LOOP('',(#2507,#2508));
#2507 = ORIENTED_EDGE('',*,*,#1329,.F.);
#2508 = ORIENTED_EDGE('',*,*,#1355,.T.);
#2509 = PLANE('',#2510);
#2510 = AXIS2_PLACEMENT_3D('',#2511,#2512,#2513);
#2511 = CARTESIAN_POINT('',(63.99,2.7,6.2));
#2512 = DIRECTION('',(0.,0.,1.));
#2513 = DIRECTION('',(1.,0.,0.));
#2514 = ADVANCED_FACE('',(#2515),#2521,.F.);
#2515 = FACE_BOUND('',#2516,.F.);
#2516 = EDGE_LOOP('',(#2517,#2518,#2519,#2520));
#2517 = ORIENTED_EDGE('',*,*,#1505,.F.);
#2518 = ORIENTED_EDGE('',*,*,#1531,.T.);
#2519 = ORIENTED_EDGE('',*,*,#1910,.T.);
#2520 = ORIENTED_EDGE('',*,*,#1442,.T.);
#2521 = PLANE('',#2522);
#2522 = AXIS2_PLACEMENT_3D('',#2523,#2524,#2525);
#2523 = CARTESIAN_POINT('',(-3.2,36.03,4.5));
#2524 = DIRECTION('',(0.,1.,0.));
#2525 = DIRECTION('',(0.,0.,1.));
#2526 = ADVANCED_FACE('',(#2527),#2543,.F.);
#2527 = FACE_BOUND('',#2528,.F.);
#2528 = EDGE_LOOP('',(#2529,#2530,#2531,#2537,#2538,#2539,#2540,#2541,
    #2542));
#2529 = ORIENTED_EDGE('',*,*,#1917,.F.);
#2530 = ORIENTED_EDGE('',*,*,#1926,.F.);
#2531 = ORIENTED_EDGE('',*,*,#2532,.F.);
#2532 = EDGE_CURVE('',#2188,#1927,#2533,.T.);
#2533 = LINE('',#2534,#2535);
#2534 = CARTESIAN_POINT('',(0.9,38.05,-1.));
#2535 = VECTOR('',#2536,1.);
#2536 = DIRECTION('',(0.,0.,1.));
#2537 = ORIENTED_EDGE('',*,*,#2195,.T.);
#2538 = ORIENTED_EDGE('',*,*,#2204,.T.);
#2539 = ORIENTED_EDGE('',*,*,#2213,.T.);
#2540 = ORIENTED_EDGE('',*,*,#2222,.T.);
#2541 = ORIENTED_EDGE('',*,*,#2231,.T.);
#2542 = ORIENTED_EDGE('',*,*,#1474,.T.);
#2543 = CYLINDRICAL_SURFACE('',#2544,1.4);
#2544 = AXIS2_PLACEMENT_3D('',#2545,#2546,#2547);
#2545 = CARTESIAN_POINT('',(0.9,36.65,-1.));
#2546 = DIRECTION('',(0.,0.,1.));
#2547 = DIRECTION('',(-1.,0.,0.));
#2548 = ADVANCED_FACE('',(#2549),#2560,.T.);
#2549 = FACE_BOUND('',#2550,.T.);
#2550 = EDGE_LOOP('',(#2551,#2552,#2558,#2559));
#2551 = ORIENTED_EDGE('',*,*,#1768,.F.);
#2552 = ORIENTED_EDGE('',*,*,#2553,.F.);
#2553 = EDGE_CURVE('',#1558,#1769,#2554,.T.);
#2554 = LINE('',#2555,#2556);
#2555 = CARTESIAN_POINT('',(2.1,40.45,-1.5));
#2556 = VECTOR('',#2557,1.);
#2557 = DIRECTION('',(1.,0.,0.));
#2558 = ORIENTED_EDGE('',*,*,#1557,.T.);
#2559 = ORIENTED_EDGE('',*,*,#1902,.T.);
#2560 = PLANE('',#2561);
#2561 = AXIS2_PLACEMENT_3D('',#2562,#2563,#2564);
#2562 = CARTESIAN_POINT('',(33.325,40.45,5.23));
#2563 = DIRECTION('',(0.,1.,4.5E-16));
#2564 = DIRECTION('',(0.,-4.5E-16,1.));
#2565 = ADVANCED_FACE('',(#2566),#2657,.T.);
#2566 = FACE_BOUND('',#2567,.T.);
#2567 = EDGE_LOOP('',(#2568,#2569,#2570,#2579,#2588,#2650));
#2568 = ORIENTED_EDGE('',*,*,#1583,.F.);
#2569 = ORIENTED_EDGE('',*,*,#1565,.T.);
#2570 = ORIENTED_EDGE('',*,*,#2571,.T.);
#2571 = EDGE_CURVE('',#1558,#2572,#2574,.T.);
#2572 = VERTEX_POINT('',#2573);
#2573 = CARTESIAN_POINT('',(2.1,39.45,-2.5));
#2574 = CIRCLE('',#2575,1.);
#2575 = AXIS2_PLACEMENT_3D('',#2576,#2577,#2578);
#2576 = CARTESIAN_POINT('',(2.1,39.45,-1.5));
#2577 = DIRECTION('',(-1.,-6.E-17,-0.));
#2578 = DIRECTION('',(-6.E-17,1.,0.));
#2579 = ORIENTED_EDGE('',*,*,#2580,.F.);
#2580 = EDGE_CURVE('',#2581,#2572,#2583,.T.);
#2581 = VERTEX_POINT('',#2582);
#2582 = CARTESIAN_POINT('',(1.981580038157,39.448246704824,-2.5));
#2583 = CIRCLE('',#2584,4.);
#2584 = AXIS2_PLACEMENT_3D('',#2585,#2586,#2587);
#2585 = CARTESIAN_POINT('',(2.1,35.45,-2.5));
#2586 = DIRECTION('',(0.,0.,-1.));
#2587 = DIRECTION('',(-1.,0.,0.));
#2588 = ORIENTED_EDGE('',*,*,#2589,.T.);
#2589 = EDGE_CURVE('',#2581,#2590,#2592,.T.);
#2590 = VERTEX_POINT('',#2591);
#2591 = CARTESIAN_POINT('',(-1.898246704824,35.568419961843,-2.5));
#2592 = B_SPLINE_CURVE_WITH_KNOTS('',6,(#2593,#2594,#2595,#2596,#2597,
    #2598,#2599,#2600,#2601,#2602,#2603,#2604,#2605,#2606,#2607,#2608,
    #2609,#2610,#2611,#2612,#2613,#2614,#2615,#2616,#2617,#2618,#2619,
    #2620,#2621,#2622,#2623,#2624,#2625,#2626,#2627,#2628,#2629,#2630,
    #2631,#2632,#2633,#2634,#2635,#2636,#2637,#2638,#2639,#2640,#2641,
    #2642,#2643,#2644,#2645,#2646,#2647,#2648,#2649),.UNSPECIFIED.,.F.,
  .F.,(7,5,5,5,5,5,5,5,5,5,5,7),(0.,6.177311206788E-02,0.197707062556,
    0.323010823869,0.373245266287,0.417984393756,0.4996058424,
    0.626458274962,0.676589057201,0.802011747127,0.938717639443,1.),
  .UNSPECIFIED.);
#2593 = CARTESIAN_POINT('',(1.981580038158,39.448246704824,-2.5));
#2594 = CARTESIAN_POINT('',(1.9170987317,39.473170059073,-2.5));
#2595 = CARTESIAN_POINT('',(1.851767098285,39.49637264556,
    -2.499136732455));
#2596 = CARTESIAN_POINT('',(1.785668599848,39.517803024141,
    -2.497467776283));
#2597 = CARTESIAN_POINT('',(1.718884952264,39.537419526904,
    -2.495048971407));
#2598 = CARTESIAN_POINT('',(1.651495410398,39.555188515463,
    -2.491934596874));
#2599 = CARTESIAN_POINT('',(1.434117069498,39.606058226017,
    -2.479910030186));
#2600 = CARTESIAN_POINT('',(1.282104069161,39.631952276509,
    -2.468531142071));
#2601 = CARTESIAN_POINT('',(1.128330678426,39.648480884649,
    -2.454604402436));
#2602 = CARTESIAN_POINT('',(0.973552519926,39.655490294233,
    -2.438661368542));
#2603 = CARTESIAN_POINT('',(0.818475316224,39.652906130984,
    -2.421226504665));
#2604 = CARTESIAN_POINT('',(0.521110913807,39.629415031411,
    -2.385895279901));
#2605 = CARTESIAN_POINT('',(0.378788849679,39.609958090086,
    -2.368143539392));
#2606 = CARTESIAN_POINT('',(0.237272019488,39.582278413818,
    -2.350011102014));
#2607 = CARTESIAN_POINT('',(9.707360500666E-02,39.54636447905,
    -2.33193920348));
#2608 = CARTESIAN_POINT('',(-4.128231746462E-02,39.502229318978,
    -2.314413582474));
#2609 = CARTESIAN_POINT('',(-0.231762530469,39.428943110981,
    -2.291333901033));
#2610 = CARTESIAN_POINT('',(-0.285887367565,39.4066570067,
    -2.284898077829));
#2611 = CARTESIAN_POINT('',(-0.339589948714,39.383060608273,
    -2.278664285245));
#2612 = CARTESIAN_POINT('',(-0.392831753706,39.35815937875,
    -2.272665499694));
#2613 = CARTESIAN_POINT('',(-0.445572380529,39.331961029901,
    -2.266934621315));
#2614 = CARTESIAN_POINT('',(-0.544256686427,39.279996746849,
    -2.256668348755));
#2615 = CARTESIAN_POINT('',(-0.590312746826,39.254497258691,
    -2.252070487891));
#2616 = CARTESIAN_POINT('',(-0.635907511217,39.227984236581,
    -2.24773418868));
#2617 = CARTESIAN_POINT('',(-0.681009591631,39.200467340679,
    -2.243681447372));
#2618 = CARTESIAN_POINT('',(-0.725586427465,39.171958712469,
    -2.239932959176));
#2619 = CARTESIAN_POINT('',(-0.84990986008,39.088679600525,
    -2.230259885609));
#2620 = CARTESIAN_POINT('',(-0.928359611694,39.031631232615,
    -2.225087836985));
#2621 = CARTESIAN_POINT('',(-1.004740339509,38.971424042119,
    -2.221108558283));
#2622 = CARTESIAN_POINT('',(-1.078840385396,38.908181297549,
    -2.218411755828));
#2623 = CARTESIAN_POINT('',(-1.150453788261,38.842059494223,
    -2.217048065288));
#2624 = CARTESIAN_POINT('',(-1.326513395181,38.666320790263,
    -2.216968363615));
#2625 = CARTESIAN_POINT('',(-1.427187435242,38.552881285039,
    -2.220138341805));
#2626 = CARTESIAN_POINT('',(-1.520641988996,38.433691038228,
    -2.226534688527));
#2627 = CARTESIAN_POINT('',(-1.606385356763,38.309545417249,
    -2.23586512707));
#2628 = CARTESIAN_POINT('',(-1.684097275063,38.181218934826,
    -2.247638261977));
#2629 = CARTESIAN_POINT('',(-1.781048104347,37.997385100174,
    -2.266739580991));
#2630 = CARTESIAN_POINT('',(-1.807228136277,37.944771807854,
    -2.272450204185));
#2631 = CARTESIAN_POINT('',(-1.832116771631,37.891658505355,
    -2.278428371393));
#2632 = CARTESIAN_POINT('',(-1.855706301453,37.838085373798,
    -2.284641398185));
#2633 = CARTESIAN_POINT('',(-1.877991256928,37.784090724688,
    -2.291056515327));
#2634 = CARTESIAN_POINT('',(-1.951451350373,37.593657839482,
    -2.314114326526));
#2635 = CARTESIAN_POINT('',(-1.995742094051,37.455207467599,
    -2.331646494445));
#2636 = CARTESIAN_POINT('',(-2.03179729082,37.314905469182,
    -2.349731399376));
#2637 = CARTESIAN_POINT('',(-2.059603695807,37.173277526433,
    -2.36788165367));
#2638 = CARTESIAN_POINT('',(-2.07917274264,37.03083820747,
    -2.385654662855));
#2639 = CARTESIAN_POINT('',(-2.102925185976,36.732487104384,
    -2.421121880627));
#2640 = CARTESIAN_POINT('',(-2.105564487498,36.576536425618,
    -2.438662872941));
#2641 = CARTESIAN_POINT('',(-2.098502016598,36.420886274716,
    -2.454696390896));
#2642 = CARTESIAN_POINT('',(-2.081813182812,36.266254386041,
    -2.468689183649));
#2643 = CARTESIAN_POINT('',(-2.055654679453,36.113409514956,
    -2.480100706032));
#2644 = CARTESIAN_POINT('',(-2.004475448505,35.895805143249,
    -2.492058921724));
#2645 = CARTESIAN_POINT('',(-1.986790109954,35.828974865136,
    -2.495126206095));
#2646 = CARTESIAN_POINT('',(-1.967287543144,35.762742684167,
    -2.497507739083));
#2647 = CARTESIAN_POINT('',(-1.946000708626,35.697186001931,
    -2.499150511226));
#2648 = CARTESIAN_POINT('',(-1.922970356936,35.632384602103,-2.5));
#2649 = CARTESIAN_POINT('',(-1.898246704824,35.568419961842,-2.5));
#2650 = ORIENTED_EDGE('',*,*,#2651,.F.);
#2651 = EDGE_CURVE('',#1584,#2590,#2652,.T.);
#2652 = CIRCLE('',#2653,4.);
#2653 = AXIS2_PLACEMENT_3D('',#2654,#2655,#2656);
#2654 = CARTESIAN_POINT('',(2.1,35.45,-2.5));
#2655 = DIRECTION('',(0.,0.,-1.));
#2656 = DIRECTION('',(-1.,0.,0.));
#2657 = TOROIDAL_SURFACE('',#2658,4.,1.);
#2658 = AXIS2_PLACEMENT_3D('',#2659,#2660,#2661);
#2659 = CARTESIAN_POINT('',(2.1,35.45,-1.5));
#2660 = DIRECTION('',(-0.,-0.,-1.));
#2661 = DIRECTION('',(-1.,0.,0.));
#2662 = ADVANCED_FACE('',(#2663),#2765,.T.);
#2663 = FACE_BOUND('',#2664,.T.);
#2664 = EDGE_LOOP('',(#2665,#2728,#2737,#2744,#2745,#2746,#2755));
#2665 = ORIENTED_EDGE('',*,*,#2666,.T.);
#2666 = EDGE_CURVE('',#2667,#2669,#2671,.T.);
#2667 = VERTEX_POINT('',#2668);
#2668 = CARTESIAN_POINT('',(68.75,36.65,-2.429799692701));
#2669 = VERTEX_POINT('',#2670);
#2670 = CARTESIAN_POINT('',(64.668419961843,39.448246704824,-2.5));
#2671 = B_SPLINE_CURVE_WITH_KNOTS('',7,(#2672,#2673,#2674,#2675,#2676,
    #2677,#2678,#2679,#2680,#2681,#2682,#2683,#2684,#2685,#2686,#2687,
    #2688,#2689,#2690,#2691,#2692,#2693,#2694,#2695,#2696,#2697,#2698,
    #2699,#2700,#2701,#2702,#2703,#2704,#2705,#2706,#2707,#2708,#2709,
    #2710,#2711,#2712,#2713,#2714,#2715,#2716,#2717,#2718,#2719,#2720,
    #2721,#2722,#2723,#2724,#2725,#2726,#2727),.UNSPECIFIED.,.F.,.F.,(8,
    6,6,6,6,6,6,6,6,8),(0.,4.131563116371E-02,0.25108977974,
    0.304548633747,0.40207823152,0.553654403344,0.613555754143,
    0.763423524239,0.926773610673,1.),.UNSPECIFIED.);
#2672 = CARTESIAN_POINT('',(68.75,36.65,-2.429799692701));
#2673 = CARTESIAN_POINT('',(68.75,36.683736617895,-2.426130843784));
#2674 = CARTESIAN_POINT('',(68.749557377195,36.717488706275,
    -2.422392861947));
#2675 = CARTESIAN_POINT('',(68.748671413553,36.751249798142,
    -2.418590752693));
#2676 = CARTESIAN_POINT('',(68.747341472343,36.785013487813,
    -2.414729547186));
#2677 = CARTESIAN_POINT('',(68.745566998142,36.818773430925,
    -2.410814302247));
#2678 = CARTESIAN_POINT('',(68.743347516831,36.852523344429,
    -2.406850100358));
#2679 = CARTESIAN_POINT('',(68.727152086087,37.057534802916,
    -2.382491751275));
#2680 = CARTESIAN_POINT('',(68.70214227311,37.228354110818,
    -2.361015887619));
#2681 = CARTESIAN_POINT('',(68.665604267663,37.397973348259,
    -2.339076358753));
#2682 = CARTESIAN_POINT('',(68.617509938114,37.565592965702,
    -2.317368927384));
#2683 = CARTESIAN_POINT('',(68.557885676956,37.730367823116,
    -2.296653166149));
#2684 = CARTESIAN_POINT('',(68.486808764808,37.891412170255,
    -2.277770560209));
#2685 = CARTESIAN_POINT('',(68.383493714759,38.087615666275,
    -2.257359223787));
#2686 = CARTESIAN_POINT('',(68.361782826736,38.127153872426,
    -2.253384162424));
#2687 = CARTESIAN_POINT('',(68.339346960342,38.166366897907,
    -2.249592602628));
#2688 = CARTESIAN_POINT('',(68.316191281194,38.205236974252,
    -2.245997299548));
#2689 = CARTESIAN_POINT('',(68.292322018333,38.24374583044,
    -2.242610450744));
#2690 = CARTESIAN_POINT('',(68.267746464224,38.281874692897,
    -2.239443696188));
#2691 = CARTESIAN_POINT('',(68.196364368272,38.388437635138,
    -2.231152490274));
#2692 = CARTESIAN_POINT('',(68.147930766303,38.455945396947,
    -2.226565565164));
#2693 = CARTESIAN_POINT('',(68.09722712376,38.522005741874,
    -2.222813963441));
#2694 = CARTESIAN_POINT('',(68.044320008732,38.586497502032,
    -2.219952785803));
#2695 = CARTESIAN_POINT('',(67.989289353742,38.649301357643,
    -2.21802212996));
#2696 = CARTESIAN_POINT('',(67.932230206998,38.710301023992,
    -2.217043607473));
#2697 = CARTESIAN_POINT('',(67.781597032178,38.861209258493,
    -2.216975291753));
#2698 = CARTESIAN_POINT('',(67.685292572249,38.948423423793,
    -2.219232633751));
#2699 = CARTESIAN_POINT('',(67.584772572581,39.030590037382,
    -2.223793397074));
#2700 = CARTESIAN_POINT('',(67.480485772101,39.107389146605,
    -2.230533447902));
#2701 = CARTESIAN_POINT('',(67.372880707994,39.178588761986,
    -2.2392288799));
#2702 = CARTESIAN_POINT('',(67.262395705802,39.244024325037,
    -2.249594096186));
#2703 = CARTESIAN_POINT('',(67.104823847532,39.327125035851,
    -2.26596665534));
#2704 = CARTESIAN_POINT('',(67.059804177102,39.349748127148,
    -2.270818597556));
#2705 = CARTESIAN_POINT('',(67.014421349297,39.371450213616,
    -2.275866299731));
#2706 = CARTESIAN_POINT('',(66.968698591845,39.39222657012,
    -2.281091097159));
#2707 = CARTESIAN_POINT('',(66.922658331209,39.412073431583,
    -2.286474288795));
#2708 = CARTESIAN_POINT('',(66.876322192591,39.430987992986,
    -2.291997137249));
#2709 = CARTESIAN_POINT('',(66.713094005272,39.493953787368,
    -2.311760975419));
#2710 = CARTESIAN_POINT('',(66.594764716722,39.533087595854,
    -2.326637303609));
#2711 = CARTESIAN_POINT('',(66.475034897088,39.56634506363,
    -2.341980725832));
#2712 = CARTESIAN_POINT('',(66.354207779445,39.593714321526,
    -2.357510079786));
#2713 = CARTESIAN_POINT('',(66.23258057817,39.615194852043,
    -2.372959656293));
#2714 = CARTESIAN_POINT('',(66.110444727539,39.630796316246,
    -2.388078987707));
#2715 = CARTESIAN_POINT('',(65.854715210608,39.651155553392,
    -2.418479460083));
#2716 = CARTESIAN_POINT('',(65.721093762419,39.654810401349,
    -2.43365116085));
#2717 = CARTESIAN_POINT('',(65.587593482256,39.651528789842,
    -2.4478248832));
#2718 = CARTESIAN_POINT('',(65.454615465294,39.641349659262,
    -2.460693302075));
#2719 = CARTESIAN_POINT('',(65.322584422884,39.624339324711,
    -2.471949618615));
#2720 = CARTESIAN_POINT('',(65.191945182487,39.600606398391,
    -2.481280255483));
#2721 = CARTESIAN_POINT('',(65.005427149593,39.556738486151,
    -2.491530154648));
#2722 = CARTESIAN_POINT('',(64.948069230317,39.541843063828,
    -2.494249839131));
#2723 = CARTESIAN_POINT('',(64.891127904587,39.525645786065,
    -2.496487082088));
#2724 = CARTESIAN_POINT('',(64.834646963212,39.508164614066,
    -2.498211784287));
#2725 = CARTESIAN_POINT('',(64.778671316269,39.489420608144,
    -2.499393222304));
#2726 = CARTESIAN_POINT('',(64.723246796353,39.469438406635,-2.5));
#2727 = CARTESIAN_POINT('',(64.668419961842,39.448246704824,-2.5));
#2728 = ORIENTED_EDGE('',*,*,#2729,.F.);
#2729 = EDGE_CURVE('',#2730,#2669,#2732,.T.);
#2730 = VERTEX_POINT('',#2731);
#2731 = CARTESIAN_POINT('',(64.55,39.45,-2.5));
#2732 = CIRCLE('',#2733,4.);
#2733 = AXIS2_PLACEMENT_3D('',#2734,#2735,#2736);
#2734 = CARTESIAN_POINT('',(64.55,35.45,-2.5));
#2735 = DIRECTION('',(0.,0.,-1.));
#2736 = DIRECTION('',(0.,1.,0.));
#2737 = ORIENTED_EDGE('',*,*,#2738,.F.);
#2738 = EDGE_CURVE('',#1769,#2730,#2739,.T.);
#2739 = CIRCLE('',#2740,1.);
#2740 = AXIS2_PLACEMENT_3D('',#2741,#2742,#2743);
#2741 = CARTESIAN_POINT('',(64.55,39.45,-1.5));
#2742 = DIRECTION('',(-1.,0.,0.));
#2743 = DIRECTION('',(0.,1.,0.));
#2744 = ORIENTED_EDGE('',*,*,#1786,.T.);
#2745 = ORIENTED_EDGE('',*,*,#1753,.T.);
#2746 = ORIENTED_EDGE('',*,*,#2747,.F.);
#2747 = EDGE_CURVE('',#2748,#1746,#2750,.T.);
#2748 = VERTEX_POINT('',#2749);
#2749 = CARTESIAN_POINT('',(68.548246704824,35.568419961842,-2.5));
#2750 = CIRCLE('',#2751,4.);
#2751 = AXIS2_PLACEMENT_3D('',#2752,#2753,#2754);
#2752 = CARTESIAN_POINT('',(64.55,35.45,-2.5));
#2753 = DIRECTION('',(0.,0.,-1.));
#2754 = DIRECTION('',(0.,1.,0.));
#2755 = ORIENTED_EDGE('',*,*,#2756,.T.);
#2756 = EDGE_CURVE('',#2748,#2667,#2757,.T.);
#2757 = B_SPLINE_CURVE_WITH_KNOTS('',6,(#2758,#2759,#2760,#2761,#2762,
    #2763,#2764),.UNSPECIFIED.,.F.,.F.,(7,7),(0.,1.),
  .PIECEWISE_BEZIER_KNOTS.);
#2758 = CARTESIAN_POINT('',(68.548246704824,35.568419961842,-2.5));
#2759 = CARTESIAN_POINT('',(68.614067719017,35.738711044864,-2.5));
#2760 = CARTESIAN_POINT('',(68.667876434725,35.914905575236,
    -2.49397909982));
#2761 = CARTESIAN_POINT('',(68.708750919239,36.095507050026,
    -2.483001361507));
#2762 = CARTESIAN_POINT('',(68.736205190046,36.279074803951,
    -2.468035369301));
#2763 = CARTESIAN_POINT('',(68.749999999887,36.464291602909,
    -2.449995434958));
#2764 = CARTESIAN_POINT('',(68.75,36.65,-2.429799692701));
#2765 = TOROIDAL_SURFACE('',#2766,4.,1.);
#2766 = AXIS2_PLACEMENT_3D('',#2767,#2768,#2769);
#2767 = CARTESIAN_POINT('',(64.55,35.45,-1.5));
#2768 = DIRECTION('',(-0.,-0.,-1.));
#2769 = DIRECTION('',(0.,1.,0.));
#2770 = ADVANCED_FACE('',(#2771),#2782,.T.);
#2771 = FACE_BOUND('',#2772,.T.);
#2772 = EDGE_LOOP('',(#2773,#2774,#2781));
#2773 = ORIENTED_EDGE('',*,*,#2756,.F.);
#2774 = ORIENTED_EDGE('',*,*,#2775,.F.);
#2775 = EDGE_CURVE('',#2669,#2748,#2776,.T.);
#2776 = CIRCLE('',#2777,4.);
#2777 = AXIS2_PLACEMENT_3D('',#2778,#2779,#2780);
#2778 = CARTESIAN_POINT('',(64.55,35.45,-2.5));
#2779 = DIRECTION('',(0.,0.,-1.));
#2780 = DIRECTION('',(0.,1.,0.));
#2781 = ORIENTED_EDGE('',*,*,#2666,.F.);
#2782 = TOROIDAL_SURFACE('',#2783,4.,1.);
#2783 = AXIS2_PLACEMENT_3D('',#2784,#2785,#2786);
#2784 = CARTESIAN_POINT('',(64.55,35.45,-1.5));
#2785 = DIRECTION('',(-0.,-0.,-1.));
#2786 = DIRECTION('',(0.,1.,0.));
#2787 = ADVANCED_FACE('',(#2788),#2799,.T.);
#2788 = FACE_BOUND('',#2789,.T.);
#2789 = EDGE_LOOP('',(#2790,#2791,#2792,#2798));
#2790 = ORIENTED_EDGE('',*,*,#2553,.T.);
#2791 = ORIENTED_EDGE('',*,*,#2738,.T.);
#2792 = ORIENTED_EDGE('',*,*,#2793,.F.);
#2793 = EDGE_CURVE('',#2572,#2730,#2794,.T.);
#2794 = LINE('',#2795,#2796);
#2795 = CARTESIAN_POINT('',(2.1,39.45,-2.5));
#2796 = VECTOR('',#2797,1.);
#2797 = DIRECTION('',(1.,0.,0.));
#2798 = ORIENTED_EDGE('',*,*,#2571,.F.);
#2799 = CYLINDRICAL_SURFACE('',#2800,1.);
#2800 = AXIS2_PLACEMENT_3D('',#2801,#2802,#2803);
#2801 = CARTESIAN_POINT('',(2.1,39.45,-1.5));
#2802 = DIRECTION('',(1.,0.,0.));
#2803 = DIRECTION('',(0.,1.,0.));
#2804 = ADVANCED_FACE('',(#2805),#2815,.T.);
#2805 = FACE_BOUND('',#2806,.T.);
#2806 = EDGE_LOOP('',(#2807,#2814));
#2807 = ORIENTED_EDGE('',*,*,#2808,.F.);
#2808 = EDGE_CURVE('',#2590,#2581,#2809,.T.);
#2809 = CIRCLE('',#2810,4.);
#2810 = AXIS2_PLACEMENT_3D('',#2811,#2812,#2813);
#2811 = CARTESIAN_POINT('',(2.1,35.45,-2.5));
#2812 = DIRECTION('',(0.,0.,-1.));
#2813 = DIRECTION('',(-1.,0.,0.));
#2814 = ORIENTED_EDGE('',*,*,#2589,.F.);
#2815 = TOROIDAL_SURFACE('',#2816,4.,1.);
#2816 = AXIS2_PLACEMENT_3D('',#2817,#2818,#2819);
#2817 = CARTESIAN_POINT('',(2.1,35.45,-1.5));
#2818 = DIRECTION('',(-0.,-0.,-1.));
#2819 = DIRECTION('',(-1.,0.,0.));
#2820 = ADVANCED_FACE('',(#2821),#2832,.T.);
#2821 = FACE_BOUND('',#2822,.T.);
#2822 = EDGE_LOOP('',(#2823,#2824,#2831));
#2823 = ORIENTED_EDGE('',*,*,#1664,.F.);
#2824 = ORIENTED_EDGE('',*,*,#2825,.F.);
#2825 = EDGE_CURVE('',#1626,#1656,#2826,.T.);
#2826 = CIRCLE('',#2827,4.);
#2827 = AXIS2_PLACEMENT_3D('',#2828,#2829,#2830);
#2828 = CARTESIAN_POINT('',(64.55,2.1,-2.5));
#2829 = DIRECTION('',(0.,0.,-1.));
#2830 = DIRECTION('',(1.,0.,0.));
#2831 = ORIENTED_EDGE('',*,*,#1623,.F.);
#2832 = TOROIDAL_SURFACE('',#2833,4.,1.);
#2833 = AXIS2_PLACEMENT_3D('',#2834,#2835,#2836);
#2834 = CARTESIAN_POINT('',(64.55,2.1,-1.5));
#2835 = DIRECTION('',(-0.,-0.,-1.));
#2836 = DIRECTION('',(1.,0.,0.));
#2837 = ADVANCED_FACE('',(#2838),#2864,.F.);
#2838 = FACE_BOUND('',#2839,.F.);
#2839 = EDGE_LOOP('',(#2840,#2841,#2849,#2858));
#2840 = ORIENTED_EDGE('',*,*,#1801,.F.);
#2841 = ORIENTED_EDGE('',*,*,#2842,.F.);
#2842 = EDGE_CURVE('',#2843,#1802,#2845,.T.);
#2843 = VERTEX_POINT('',#2844);
#2844 = CARTESIAN_POINT('',(18.307352399139,38.05,6.2));
#2845 = LINE('',#2846,#2847);
#2846 = CARTESIAN_POINT('',(18.307352399139,38.05,6.2));
#2847 = VECTOR('',#2848,1.);
#2848 = DIRECTION('',(0.,0.,1.));
#2849 = ORIENTED_EDGE('',*,*,#2850,.T.);
#2850 = EDGE_CURVE('',#2843,#2851,#2853,.T.);
#2851 = VERTEX_POINT('',#2852);
#2852 = CARTESIAN_POINT('',(16.232647600861,38.05,6.2));
#2853 = CIRCLE('',#2854,3.25);
#2854 = AXIS2_PLACEMENT_3D('',#2855,#2856,#2857);
#2855 = CARTESIAN_POINT('',(17.27,34.97,6.2));
#2856 = DIRECTION('',(0.,0.,1.));
#2857 = DIRECTION('',(1.,0.,0.));
#2858 = ORIENTED_EDGE('',*,*,#2859,.T.);
#2859 = EDGE_CURVE('',#2851,#1804,#2860,.T.);
#2860 = LINE('',#2861,#2862);
#2861 = CARTESIAN_POINT('',(16.232647600861,38.05,6.2));
#2862 = VECTOR('',#2863,1.);
#2863 = DIRECTION('',(0.,0.,1.));
#2864 = CYLINDRICAL_SURFACE('',#2865,3.25);
#2865 = AXIS2_PLACEMENT_3D('',#2866,#2867,#2868);
#2866 = CARTESIAN_POINT('',(17.27,34.97,6.2));
#2867 = DIRECTION('',(0.,0.,1.));
#2868 = DIRECTION('',(1.,0.,0.));
#2869 = ADVANCED_FACE('',(#2870),#2915,.T.);
#2870 = FACE_BOUND('',#2871,.T.);
#2871 = EDGE_LOOP('',(#2872,#2873,#2881,#2889,#2895,#2896,#2897,#2903,
    #2904,#2905,#2906,#2907,#2908,#2909));
#2872 = ORIENTED_EDGE('',*,*,#1829,.F.);
#2873 = ORIENTED_EDGE('',*,*,#2874,.F.);
#2874 = EDGE_CURVE('',#2875,#1821,#2877,.T.);
#2875 = VERTEX_POINT('',#2876);
#2876 = CARTESIAN_POINT('',(64.561610810717,38.05,6.2));
#2877 = LINE('',#2878,#2879);
#2878 = CARTESIAN_POINT('',(64.561610810717,38.05,6.2));
#2879 = VECTOR('',#2880,1.);
#2880 = DIRECTION('',(0.,0.,1.));
#2881 = ORIENTED_EDGE('',*,*,#2882,.F.);
#2882 = EDGE_CURVE('',#2883,#2875,#2885,.T.);
#2883 = VERTEX_POINT('',#2884);
#2884 = CARTESIAN_POINT('',(63.318389189283,38.05,6.2));
#2885 = LINE('',#2886,#2887);
#2886 = CARTESIAN_POINT('',(30.72,38.05,6.2));
#2887 = VECTOR('',#2888,1.);
#2888 = DIRECTION('',(1.,0.,0.));
#2889 = ORIENTED_EDGE('',*,*,#2890,.T.);
#2890 = EDGE_CURVE('',#2883,#1813,#2891,.T.);
#2891 = LINE('',#2892,#2893);
#2892 = CARTESIAN_POINT('',(63.318389189283,38.05,6.2));
#2893 = VECTOR('',#2894,1.);
#2894 = DIRECTION('',(0.,0.,1.));
#2895 = ORIENTED_EDGE('',*,*,#1812,.F.);
#2896 = ORIENTED_EDGE('',*,*,#2842,.F.);
#2897 = ORIENTED_EDGE('',*,*,#2898,.F.);
#2898 = EDGE_CURVE('',#2851,#2843,#2899,.T.);
#2899 = LINE('',#2900,#2901);
#2900 = CARTESIAN_POINT('',(7.385,38.05,6.2));
#2901 = VECTOR('',#2902,1.);
#2902 = DIRECTION('',(1.,0.,0.));
#2903 = ORIENTED_EDGE('',*,*,#2859,.T.);
#2904 = ORIENTED_EDGE('',*,*,#1935,.F.);
#2905 = ORIENTED_EDGE('',*,*,#2532,.F.);
#2906 = ORIENTED_EDGE('',*,*,#2187,.T.);
#2907 = ORIENTED_EDGE('',*,*,#2136,.T.);
#2908 = ORIENTED_EDGE('',*,*,#2059,.T.);
#2909 = ORIENTED_EDGE('',*,*,#2910,.T.);
#2910 = EDGE_CURVE('',#2052,#1830,#2911,.T.);
#2911 = LINE('',#2912,#2913);
#2912 = CARTESIAN_POINT('',(67.155,38.05,6.2));
#2913 = VECTOR('',#2914,1.);
#2914 = DIRECTION('',(0.,0.,1.));
#2915 = PLANE('',#2916);
#2916 = AXIS2_PLACEMENT_3D('',#2917,#2918,#2919);
#2917 = CARTESIAN_POINT('',(34.848841304471,38.05,6.965939501459));
#2918 = DIRECTION('',(-0.,-1.,-0.));
#2919 = DIRECTION('',(0.,0.,-1.));
#2920 = ADVANCED_FACE('',(#2921),#2933,.F.);
#2921 = FACE_BOUND('',#2922,.F.);
#2922 = EDGE_LOOP('',(#2923,#2930,#2931,#2932));
#2923 = ORIENTED_EDGE('',*,*,#2924,.T.);
#2924 = EDGE_CURVE('',#2875,#2883,#2925,.T.);
#2925 = CIRCLE('',#2926,3.25);
#2926 = AXIS2_PLACEMENT_3D('',#2927,#2928,#2929);
#2927 = CARTESIAN_POINT('',(63.94,34.86,6.2));
#2928 = DIRECTION('',(0.,0.,1.));
#2929 = DIRECTION('',(1.,0.,0.));
#2930 = ORIENTED_EDGE('',*,*,#2890,.T.);
#2931 = ORIENTED_EDGE('',*,*,#1820,.F.);
#2932 = ORIENTED_EDGE('',*,*,#2874,.F.);
#2933 = CYLINDRICAL_SURFACE('',#2934,3.25);
#2934 = AXIS2_PLACEMENT_3D('',#2935,#2936,#2937);
#2935 = CARTESIAN_POINT('',(63.94,34.86,6.2));
#2936 = DIRECTION('',(0.,0.,1.));
#2937 = DIRECTION('',(1.,0.,0.));
#2938 = ADVANCED_FACE('',(#2939),#2950,.T.);
#2939 = FACE_BOUND('',#2940,.T.);
#2940 = EDGE_LOOP('',(#2941,#2942,#2948,#2949));
#2941 = ORIENTED_EDGE('',*,*,#2049,.F.);
#2942 = ORIENTED_EDGE('',*,*,#2943,.T.);
#2943 = EDGE_CURVE('',#2050,#1838,#2944,.T.);
#2944 = LINE('',#2945,#2946);
#2945 = CARTESIAN_POINT('',(67.155,35.335683718452,6.2));
#2946 = VECTOR('',#2947,1.);
#2947 = DIRECTION('',(0.,0.,1.));
#2948 = ORIENTED_EDGE('',*,*,#1837,.T.);
#2949 = ORIENTED_EDGE('',*,*,#2910,.F.);
#2950 = PLANE('',#2951);
#2951 = AXIS2_PLACEMENT_3D('',#2952,#2953,#2954);
#2952 = CARTESIAN_POINT('',(67.155,36.692841859226,9.08));
#2953 = DIRECTION('',(-1.,-0.,-0.));
#2954 = DIRECTION('',(0.,0.,-1.));
#2955 = ADVANCED_FACE('',(#2956),#2969,.F.);
#2956 = FACE_BOUND('',#2957,.F.);
#2957 = EDGE_LOOP('',(#2958,#2959,#2960,#2961,#2967,#2968));
#2958 = ORIENTED_EDGE('',*,*,#2943,.T.);
#2959 = ORIENTED_EDGE('',*,*,#1845,.F.);
#2960 = ORIENTED_EDGE('',*,*,#1854,.F.);
#2961 = ORIENTED_EDGE('',*,*,#2962,.F.);
#2962 = EDGE_CURVE('',#2077,#1855,#2963,.T.);
#2963 = LINE('',#2964,#2965);
#2964 = CARTESIAN_POINT('',(67.155,34.384316281548,6.2));
#2965 = VECTOR('',#2966,1.);
#2966 = DIRECTION('',(0.,0.,1.));
#2967 = ORIENTED_EDGE('',*,*,#2084,.T.);
#2968 = ORIENTED_EDGE('',*,*,#2093,.T.);
#2969 = CYLINDRICAL_SURFACE('',#2970,3.25);
#2970 = AXIS2_PLACEMENT_3D('',#2971,#2972,#2973);
#2971 = CARTESIAN_POINT('',(63.94,34.86,6.2));
#2972 = DIRECTION('',(0.,0.,1.));
#2973 = DIRECTION('',(1.,0.,0.));
#2974 = ADVANCED_FACE('',(#2975),#2981,.F.);
#2975 = FACE_BOUND('',#2976,.F.);
#2976 = EDGE_LOOP('',(#2977,#2978,#2979,#2980));
#2977 = ORIENTED_EDGE('',*,*,#2035,.F.);
#2978 = ORIENTED_EDGE('',*,*,#2076,.T.);
#2979 = ORIENTED_EDGE('',*,*,#2962,.T.);
#2980 = ORIENTED_EDGE('',*,*,#1863,.F.);
#2981 = PLANE('',#2982);
#2982 = AXIS2_PLACEMENT_3D('',#2983,#2984,#2985);
#2983 = CARTESIAN_POINT('',(67.155,32.86,6.2));
#2984 = DIRECTION('',(1.,0.,0.));
#2985 = DIRECTION('',(0.,0.,1.));
#2986 = ADVANCED_FACE('',(#2987),#2993,.T.);
#2987 = FACE_BOUND('',#2988,.T.);
#2988 = EDGE_LOOP('',(#2989,#2990,#2991,#2992));
#2989 = ORIENTED_EDGE('',*,*,#1985,.F.);
#2990 = ORIENTED_EDGE('',*,*,#1957,.T.);
#2991 = ORIENTED_EDGE('',*,*,#1886,.F.);
#2992 = ORIENTED_EDGE('',*,*,#2007,.F.);
#2993 = PLANE('',#2994);
#2994 = AXIS2_PLACEMENT_3D('',#2995,#2996,#2997);
#2995 = CARTESIAN_POINT('',(68.35,27.38,11.96));
#2996 = DIRECTION('',(1.,0.,0.));
#2997 = DIRECTION('',(0.,0.,1.));
#2998 = ADVANCED_FACE('',(#2999),#3068,.T.);
#2999 = FACE_BOUND('',#3000,.T.);
#3000 = EDGE_LOOP('',(#3001,#3011,#3018,#3019,#3028,#3037,#3043,#3044,
    #3052,#3061));
#3001 = ORIENTED_EDGE('',*,*,#3002,.T.);
#3002 = EDGE_CURVE('',#3003,#3005,#3007,.T.);
#3003 = VERTEX_POINT('',#3004);
#3004 = CARTESIAN_POINT('',(5.36,7.16,0.));
#3005 = VERTEX_POINT('',#3006);
#3006 = CARTESIAN_POINT('',(5.36,7.16,4.));
#3007 = LINE('',#3008,#3009);
#3008 = CARTESIAN_POINT('',(5.36,7.16,-1.));
#3009 = VECTOR('',#3010,1.);
#3010 = DIRECTION('',(0.,0.,1.));
#3011 = ORIENTED_EDGE('',*,*,#3012,.F.);
#3012 = EDGE_CURVE('',#3005,#3005,#3013,.T.);
#3013 = CIRCLE('',#3014,2.75);
#3014 = AXIS2_PLACEMENT_3D('',#3015,#3016,#3017);
#3015 = CARTESIAN_POINT('',(2.61,7.16,4.));
#3016 = DIRECTION('',(0.,0.,1.));
#3017 = DIRECTION('',(1.,0.,0.));
#3018 = ORIENTED_EDGE('',*,*,#3002,.F.);
#3019 = ORIENTED_EDGE('',*,*,#3020,.T.);
#3020 = EDGE_CURVE('',#3003,#3021,#3023,.T.);
#3021 = VERTEX_POINT('',#3022);
#3022 = CARTESIAN_POINT('',(2.27489234603,9.889505973661,0.));
#3023 = CIRCLE('',#3024,2.75);
#3024 = AXIS2_PLACEMENT_3D('',#3025,#3026,#3027);
#3025 = CARTESIAN_POINT('',(2.61,7.16,0.));
#3026 = DIRECTION('',(0.,0.,1.));
#3027 = DIRECTION('',(1.,0.,0.));
#3028 = ORIENTED_EDGE('',*,*,#3029,.T.);
#3029 = EDGE_CURVE('',#3021,#3030,#3032,.T.);
#3030 = VERTEX_POINT('',#3031);
#3031 = CARTESIAN_POINT('',(0.85,9.273030998353,0.));
#3032 = CIRCLE('',#3033,2.75);
#3033 = AXIS2_PLACEMENT_3D('',#3034,#3035,#3036);
#3034 = CARTESIAN_POINT('',(2.61,7.16,0.));
#3035 = DIRECTION('',(0.,0.,1.));
#3036 = DIRECTION('',(1.,0.,0.));
#3037 = ORIENTED_EDGE('',*,*,#3038,.T.);
#3038 = EDGE_CURVE('',#3030,#2241,#3039,.T.);
#3039 = LINE('',#3040,#3041);
#3040 = CARTESIAN_POINT('',(0.85,9.273030998353,-1.));
#3041 = VECTOR('',#3042,1.);
#3042 = DIRECTION('',(0.,0.,1.));
#3043 = ORIENTED_EDGE('',*,*,#2240,.T.);
#3044 = ORIENTED_EDGE('',*,*,#3045,.F.);
#3045 = EDGE_CURVE('',#3046,#2243,#3048,.T.);
#3046 = VERTEX_POINT('',#3047);
#3047 = CARTESIAN_POINT('',(0.85,5.046969001647,0.));
#3048 = LINE('',#3049,#3050);
#3049 = CARTESIAN_POINT('',(0.85,5.046969001647,-1.));
#3050 = VECTOR('',#3051,1.);
#3051 = DIRECTION('',(0.,0.,1.));
#3052 = ORIENTED_EDGE('',*,*,#3053,.T.);
#3053 = EDGE_CURVE('',#3046,#3054,#3056,.T.);
#3054 = VERTEX_POINT('',#3055);
#3055 = CARTESIAN_POINT('',(3.41510765397,4.530494026339,0.));
#3056 = CIRCLE('',#3057,2.75);
#3057 = AXIS2_PLACEMENT_3D('',#3058,#3059,#3060);
#3058 = CARTESIAN_POINT('',(2.61,7.16,0.));
#3059 = DIRECTION('',(0.,0.,1.));
#3060 = DIRECTION('',(1.,0.,0.));
#3061 = ORIENTED_EDGE('',*,*,#3062,.T.);
#3062 = EDGE_CURVE('',#3054,#3003,#3063,.T.);
#3063 = CIRCLE('',#3064,2.75);
#3064 = AXIS2_PLACEMENT_3D('',#3065,#3066,#3067);
#3065 = CARTESIAN_POINT('',(2.61,7.16,0.));
#3066 = DIRECTION('',(0.,0.,1.));
#3067 = DIRECTION('',(1.,0.,0.));
#3068 = CYLINDRICAL_SURFACE('',#3069,2.75);
#3069 = AXIS2_PLACEMENT_3D('',#3070,#3071,#3072);
#3070 = CARTESIAN_POINT('',(2.61,7.16,-1.));
#3071 = DIRECTION('',(0.,0.,1.));
#3072 = DIRECTION('',(1.,0.,0.));
#3073 = ADVANCED_FACE('',(#3074),#3092,.T.);
#3074 = FACE_BOUND('',#3075,.T.);
#3075 = EDGE_LOOP('',(#3076,#3077,#3085,#3091));
#3076 = ORIENTED_EDGE('',*,*,#2458,.F.);
#3077 = ORIENTED_EDGE('',*,*,#3078,.F.);
#3078 = EDGE_CURVE('',#3079,#2450,#3081,.T.);
#3079 = VERTEX_POINT('',#3080);
#3080 = CARTESIAN_POINT('',(0.85,1.45,0.));
#3081 = LINE('',#3082,#3083);
#3082 = CARTESIAN_POINT('',(0.85,1.45,0.));
#3083 = VECTOR('',#3084,1.);
#3084 = DIRECTION('',(0.,0.,1.));
#3085 = ORIENTED_EDGE('',*,*,#3086,.T.);
#3086 = EDGE_CURVE('',#3079,#3046,#3087,.T.);
#3087 = LINE('',#3088,#3089);
#3088 = CARTESIAN_POINT('',(0.85,-5.1,0.));
#3089 = VECTOR('',#3090,1.);
#3090 = DIRECTION('',(0.,1.,0.));
#3091 = ORIENTED_EDGE('',*,*,#3045,.T.);
#3092 = PLANE('',#3093);
#3093 = AXIS2_PLACEMENT_3D('',#3094,#3095,#3096);
#3094 = CARTESIAN_POINT('',(0.85,3.550388292405,0.75));
#3095 = DIRECTION('',(1.,0.,0.));
#3096 = DIRECTION('',(0.,0.,1.));
#3097 = ADVANCED_FACE('',(#3098),#3117,.F.);
#3098 = FACE_BOUND('',#3099,.F.);
#3099 = EDGE_LOOP('',(#3100,#3101,#3102,#3111));
#3100 = ORIENTED_EDGE('',*,*,#2449,.F.);
#3101 = ORIENTED_EDGE('',*,*,#3078,.F.);
#3102 = ORIENTED_EDGE('',*,*,#3103,.T.);
#3103 = EDGE_CURVE('',#3079,#3104,#3106,.T.);
#3104 = VERTEX_POINT('',#3105);
#3105 = CARTESIAN_POINT('',(1.45,0.85,0.));
#3106 = CIRCLE('',#3107,0.6);
#3107 = AXIS2_PLACEMENT_3D('',#3108,#3109,#3110);
#3108 = CARTESIAN_POINT('',(1.45,1.45,0.));
#3109 = DIRECTION('',(0.,0.,1.));
#3110 = DIRECTION('',(1.,0.,0.));
#3111 = ORIENTED_EDGE('',*,*,#3112,.T.);
#3112 = EDGE_CURVE('',#3104,#2442,#3113,.T.);
#3113 = LINE('',#3114,#3115);
#3114 = CARTESIAN_POINT('',(1.45,0.85,0.));
#3115 = VECTOR('',#3116,1.);
#3116 = DIRECTION('',(0.,0.,1.));
#3117 = CYLINDRICAL_SURFACE('',#3118,0.6);
#3118 = AXIS2_PLACEMENT_3D('',#3119,#3120,#3121);
#3119 = CARTESIAN_POINT('',(1.45,1.45,0.));
#3120 = DIRECTION('',(0.,0.,1.));
#3121 = DIRECTION('',(1.,0.,0.));
#3122 = ADVANCED_FACE('',(#3123),#3141,.T.);
#3123 = FACE_BOUND('',#3124,.T.);
#3124 = EDGE_LOOP('',(#3125,#3133,#3139,#3140));
#3125 = ORIENTED_EDGE('',*,*,#3126,.F.);
#3126 = EDGE_CURVE('',#3127,#2433,#3129,.T.);
#3127 = VERTEX_POINT('',#3128);
#3128 = CARTESIAN_POINT('',(61.955301005063,0.85,0.));
#3129 = LINE('',#3130,#3131);
#3130 = CARTESIAN_POINT('',(61.955301005062,0.85,0.));
#3131 = VECTOR('',#3132,1.);
#3132 = DIRECTION('',(0.,0.,1.));
#3133 = ORIENTED_EDGE('',*,*,#3134,.T.);
#3134 = EDGE_CURVE('',#3127,#3104,#3135,.T.);
#3135 = LINE('',#3136,#3137);
#3136 = CARTESIAN_POINT('',(0.25,0.85,0.));
#3137 = VECTOR('',#3138,1.);
#3138 = DIRECTION('',(-1.,0.,0.));
#3139 = ORIENTED_EDGE('',*,*,#3112,.T.);
#3140 = ORIENTED_EDGE('',*,*,#2441,.F.);
#3141 = PLANE('',#3142);
#3142 = AXIS2_PLACEMENT_3D('',#3143,#3144,#3145);
#3143 = CARTESIAN_POINT('',(31.702650502531,0.85,0.75));
#3144 = DIRECTION('',(0.,1.,0.));
#3145 = DIRECTION('',(0.,0.,1.));
#3146 = ADVANCED_FACE('',(#3147),#3204,.T.);
#3147 = FACE_BOUND('',#3148,.T.);
#3148 = EDGE_LOOP('',(#3149,#3150,#3151,#3152,#3153,#3160,#3169,#3178,
    #3185,#3186,#3187,#3195,#3202,#3203));
#3149 = ORIENTED_EDGE('',*,*,#2423,.T.);
#3150 = ORIENTED_EDGE('',*,*,#2414,.T.);
#3151 = ORIENTED_EDGE('',*,*,#2405,.T.);
#3152 = ORIENTED_EDGE('',*,*,#2396,.T.);
#3153 = ORIENTED_EDGE('',*,*,#3154,.T.);
#3154 = EDGE_CURVE('',#2388,#3155,#3157,.T.);
#3155 = VERTEX_POINT('',#3156);
#3156 = CARTESIAN_POINT('',(66.74,2.7,4.));
#3157 = B_SPLINE_CURVE_WITH_KNOTS('',1,(#3158,#3159),.UNSPECIFIED.,.F.,
  .F.,(2,2),(1.5,4.),.PIECEWISE_BEZIER_KNOTS.);
#3158 = CARTESIAN_POINT('',(66.74,2.7,1.5));
#3159 = CARTESIAN_POINT('',(66.74,2.7,4.));
#3160 = ORIENTED_EDGE('',*,*,#3161,.F.);
#3161 = EDGE_CURVE('',#3162,#3155,#3164,.T.);
#3162 = VERTEX_POINT('',#3163);
#3163 = CARTESIAN_POINT('',(66.7110840573,2.302254411582,4.));
#3164 = CIRCLE('',#3165,2.75);
#3165 = AXIS2_PLACEMENT_3D('',#3166,#3167,#3168);
#3166 = CARTESIAN_POINT('',(63.99,2.7,4.));
#3167 = DIRECTION('',(0.,0.,1.));
#3168 = DIRECTION('',(1.,0.,0.));
#3169 = ORIENTED_EDGE('',*,*,#3170,.F.);
#3170 = EDGE_CURVE('',#3171,#3162,#3173,.T.);
#3171 = VERTEX_POINT('',#3172);
#3172 = CARTESIAN_POINT('',(64.326504935379,-2.933406318571E-02,4.));
#3173 = CIRCLE('',#3174,2.75);
#3174 = AXIS2_PLACEMENT_3D('',#3175,#3176,#3177);
#3175 = CARTESIAN_POINT('',(63.99,2.7,4.));
#3176 = DIRECTION('',(0.,0.,1.));
#3177 = DIRECTION('',(1.,0.,0.));
#3178 = ORIENTED_EDGE('',*,*,#3179,.F.);
#3179 = EDGE_CURVE('',#3155,#3171,#3180,.T.);
#3180 = CIRCLE('',#3181,2.75);
#3181 = AXIS2_PLACEMENT_3D('',#3182,#3183,#3184);
#3182 = CARTESIAN_POINT('',(63.99,2.7,4.));
#3183 = DIRECTION('',(0.,0.,1.));
#3184 = DIRECTION('',(1.,0.,0.));
#3185 = ORIENTED_EDGE('',*,*,#3154,.F.);
#3186 = ORIENTED_EDGE('',*,*,#2387,.T.);
#3187 = ORIENTED_EDGE('',*,*,#3188,.F.);
#3188 = EDGE_CURVE('',#3189,#2380,#3191,.T.);
#3189 = VERTEX_POINT('',#3190);
#3190 = CARTESIAN_POINT('',(65.8,4.770362287137,0.));
#3191 = LINE('',#3192,#3193);
#3192 = CARTESIAN_POINT('',(65.8,4.770362287137,0.));
#3193 = VECTOR('',#3194,1.);
#3194 = DIRECTION('',(0.,0.,1.));
#3195 = ORIENTED_EDGE('',*,*,#3196,.T.);
#3196 = EDGE_CURVE('',#3189,#3127,#3197,.T.);
#3197 = CIRCLE('',#3198,2.75);
#3198 = AXIS2_PLACEMENT_3D('',#3199,#3200,#3201);
#3199 = CARTESIAN_POINT('',(63.99,2.7,0.));
#3200 = DIRECTION('',(0.,0.,1.));
#3201 = DIRECTION('',(1.,0.,0.));
#3202 = ORIENTED_EDGE('',*,*,#3126,.T.);
#3203 = ORIENTED_EDGE('',*,*,#2432,.T.);
#3204 = CYLINDRICAL_SURFACE('',#3205,2.75);
#3205 = AXIS2_PLACEMENT_3D('',#3206,#3207,#3208);
#3206 = CARTESIAN_POINT('',(63.99,2.7,0.));
#3207 = DIRECTION('',(0.,0.,1.));
#3208 = DIRECTION('',(1.,0.,0.));
#3209 = ADVANCED_FACE('',(#3210),#3228,.F.);
#3210 = FACE_BOUND('',#3211,.F.);
#3211 = EDGE_LOOP('',(#3212,#3213,#3214,#3222));
#3212 = ORIENTED_EDGE('',*,*,#2379,.F.);
#3213 = ORIENTED_EDGE('',*,*,#3188,.F.);
#3214 = ORIENTED_EDGE('',*,*,#3215,.T.);
#3215 = EDGE_CURVE('',#3189,#3216,#3218,.T.);
#3216 = VERTEX_POINT('',#3217);
#3217 = CARTESIAN_POINT('',(65.8,32.834438349494,0.));
#3218 = LINE('',#3219,#3220);
#3219 = CARTESIAN_POINT('',(65.8,0.25,0.));
#3220 = VECTOR('',#3221,1.);
#3221 = DIRECTION('',(0.,1.,0.));
#3222 = ORIENTED_EDGE('',*,*,#3223,.T.);
#3223 = EDGE_CURVE('',#3216,#2371,#3224,.T.);
#3224 = LINE('',#3225,#3226);
#3225 = CARTESIAN_POINT('',(65.8,32.834438349494,0.));
#3226 = VECTOR('',#3227,1.);
#3227 = DIRECTION('',(0.,0.,1.));
#3228 = PLANE('',#3229);
#3229 = AXIS2_PLACEMENT_3D('',#3230,#3231,#3232);
#3230 = CARTESIAN_POINT('',(65.8,0.85,-0.5));
#3231 = DIRECTION('',(1.,0.,0.));
#3232 = DIRECTION('',(0.,0.,1.));
#3233 = ADVANCED_FACE('',(#3234),#3291,.T.);
#3234 = FACE_BOUND('',#3235,.T.);
#3235 = EDGE_LOOP('',(#3236,#3237,#3238,#3239,#3240,#3248,#3255,#3256,
    #3257,#3264,#3273,#3282,#3289,#3290));
#3236 = ORIENTED_EDGE('',*,*,#2352,.T.);
#3237 = ORIENTED_EDGE('',*,*,#2343,.T.);
#3238 = ORIENTED_EDGE('',*,*,#2334,.T.);
#3239 = ORIENTED_EDGE('',*,*,#2325,.T.);
#3240 = ORIENTED_EDGE('',*,*,#3241,.F.);
#3241 = EDGE_CURVE('',#3242,#2318,#3244,.T.);
#3242 = VERTEX_POINT('',#3243);
#3243 = CARTESIAN_POINT('',(61.89625344037,36.7,0.));
#3244 = LINE('',#3245,#3246);
#3245 = CARTESIAN_POINT('',(61.89625344037,36.7,0.));
#3246 = VECTOR('',#3247,1.);
#3247 = DIRECTION('',(0.,0.,1.));
#3248 = ORIENTED_EDGE('',*,*,#3249,.T.);
#3249 = EDGE_CURVE('',#3242,#3216,#3250,.T.);
#3250 = CIRCLE('',#3251,2.75);
#3251 = AXIS2_PLACEMENT_3D('',#3252,#3253,#3254);
#3252 = CARTESIAN_POINT('',(63.94,34.86,0.));
#3253 = DIRECTION('',(0.,0.,1.));
#3254 = DIRECTION('',(1.,0.,0.));
#3255 = ORIENTED_EDGE('',*,*,#3223,.T.);
#3256 = ORIENTED_EDGE('',*,*,#2370,.T.);
#3257 = ORIENTED_EDGE('',*,*,#3258,.T.);
#3258 = EDGE_CURVE('',#2362,#3259,#3261,.T.);
#3259 = VERTEX_POINT('',#3260);
#3260 = CARTESIAN_POINT('',(66.69,34.86,4.));
#3261 = B_SPLINE_CURVE_WITH_KNOTS('',1,(#3262,#3263),.UNSPECIFIED.,.F.,
  .F.,(2,2),(1.5,4.),.PIECEWISE_BEZIER_KNOTS.);
#3262 = CARTESIAN_POINT('',(66.69,34.86,1.5));
#3263 = CARTESIAN_POINT('',(66.69,34.86,4.));
#3264 = ORIENTED_EDGE('',*,*,#3265,.F.);
#3265 = EDGE_CURVE('',#3266,#3259,#3268,.T.);
#3266 = VERTEX_POINT('',#3267);
#3267 = CARTESIAN_POINT('',(64.328521971264,37.582416330734,4.));
#3268 = CIRCLE('',#3269,2.75);
#3269 = AXIS2_PLACEMENT_3D('',#3270,#3271,#3272);
#3270 = CARTESIAN_POINT('',(63.94,34.86,4.));
#3271 = DIRECTION('',(0.,0.,1.));
#3272 = DIRECTION('',(1.,0.,0.));
#3273 = ORIENTED_EDGE('',*,*,#3274,.F.);
#3274 = EDGE_CURVE('',#3275,#3266,#3277,.T.);
#3275 = VERTEX_POINT('',#3276);
#3276 = CARTESIAN_POINT('',(66.666565063087,35.218249852409,4.));
#3277 = CIRCLE('',#3278,2.75);
#3278 = AXIS2_PLACEMENT_3D('',#3279,#3280,#3281);
#3279 = CARTESIAN_POINT('',(63.94,34.86,4.));
#3280 = DIRECTION('',(0.,0.,1.));
#3281 = DIRECTION('',(1.,0.,0.));
#3282 = ORIENTED_EDGE('',*,*,#3283,.F.);
#3283 = EDGE_CURVE('',#3259,#3275,#3284,.T.);
#3284 = CIRCLE('',#3285,2.75);
#3285 = AXIS2_PLACEMENT_3D('',#3286,#3287,#3288);
#3286 = CARTESIAN_POINT('',(63.94,34.86,4.));
#3287 = DIRECTION('',(0.,0.,1.));
#3288 = DIRECTION('',(1.,0.,0.));
#3289 = ORIENTED_EDGE('',*,*,#3258,.F.);
#3290 = ORIENTED_EDGE('',*,*,#2361,.T.);
#3291 = CYLINDRICAL_SURFACE('',#3292,2.75);
#3292 = AXIS2_PLACEMENT_3D('',#3293,#3294,#3295);
#3293 = CARTESIAN_POINT('',(63.94,34.86,0.));
#3294 = DIRECTION('',(0.,0.,1.));
#3295 = DIRECTION('',(1.,0.,0.));
#3296 = ADVANCED_FACE('',(#3297),#3315,.F.);
#3297 = FACE_BOUND('',#3298,.F.);
#3298 = EDGE_LOOP('',(#3299,#3300,#3308,#3314));
#3299 = ORIENTED_EDGE('',*,*,#3241,.F.);
#3300 = ORIENTED_EDGE('',*,*,#3301,.T.);
#3301 = EDGE_CURVE('',#3242,#3302,#3304,.T.);
#3302 = VERTEX_POINT('',#3303);
#3303 = CARTESIAN_POINT('',(20.6,36.7,0.));
#3304 = LINE('',#3305,#3306);
#3305 = CARTESIAN_POINT('',(0.25,36.7,0.));
#3306 = VECTOR('',#3307,1.);
#3307 = DIRECTION('',(-1.,0.,0.));
#3308 = ORIENTED_EDGE('',*,*,#3309,.F.);
#3309 = EDGE_CURVE('',#2310,#3302,#3310,.T.);
#3310 = LINE('',#3311,#3312);
#3311 = CARTESIAN_POINT('',(20.6,36.7,-0.25));
#3312 = VECTOR('',#3313,1.);
#3313 = DIRECTION('',(0.,0.,-1.));
#3314 = ORIENTED_EDGE('',*,*,#2317,.F.);
#3315 = PLANE('',#3316);
#3316 = AXIS2_PLACEMENT_3D('',#3317,#3318,#3319);
#3317 = CARTESIAN_POINT('',(0.85,36.7,-0.5));
#3318 = DIRECTION('',(0.,1.,0.));
#3319 = DIRECTION('',(0.,0.,1.));
#3320 = ADVANCED_FACE('',(#3321),#3339,.T.);
#3321 = FACE_BOUND('',#3322,.T.);
#3322 = EDGE_LOOP('',(#3323,#3331,#3337,#3338));
#3323 = ORIENTED_EDGE('',*,*,#3324,.F.);
#3324 = EDGE_CURVE('',#3325,#2302,#3327,.T.);
#3325 = VERTEX_POINT('',#3326);
#3326 = CARTESIAN_POINT('',(20.6,36.695,0.));
#3327 = LINE('',#3328,#3329);
#3328 = CARTESIAN_POINT('',(20.6,36.695,0.));
#3329 = VECTOR('',#3330,1.);
#3330 = DIRECTION('',(0.,0.,1.));
#3331 = ORIENTED_EDGE('',*,*,#3332,.T.);
#3332 = EDGE_CURVE('',#3325,#3302,#3333,.T.);
#3333 = LINE('',#3334,#3335);
#3334 = CARTESIAN_POINT('',(20.6,36.695,0.));
#3335 = VECTOR('',#3336,1.);
#3336 = DIRECTION('',(0.,1.,0.));
#3337 = ORIENTED_EDGE('',*,*,#3309,.F.);
#3338 = ORIENTED_EDGE('',*,*,#2309,.F.);
#3339 = PLANE('',#3340);
#3340 = AXIS2_PLACEMENT_3D('',#3341,#3342,#3343);
#3341 = CARTESIAN_POINT('',(20.6,36.695,0.));
#3342 = DIRECTION('',(1.,0.,0.));
#3343 = DIRECTION('',(0.,0.,1.));
#3344 = ADVANCED_FACE('',(#3345),#3363,.F.);
#3345 = FACE_BOUND('',#3346,.F.);
#3346 = EDGE_LOOP('',(#3347,#3355,#3361,#3362));
#3347 = ORIENTED_EDGE('',*,*,#3348,.F.);
#3348 = EDGE_CURVE('',#3349,#3325,#3351,.T.);
#3349 = VERTEX_POINT('',#3350);
#3350 = CARTESIAN_POINT('',(19.411699091843,36.695,0.));
#3351 = LINE('',#3352,#3353);
#3352 = CARTESIAN_POINT('',(13.,36.695,0.));
#3353 = VECTOR('',#3354,1.);
#3354 = DIRECTION('',(1.,0.,0.));
#3355 = ORIENTED_EDGE('',*,*,#3356,.T.);
#3356 = EDGE_CURVE('',#3349,#2293,#3357,.T.);
#3357 = LINE('',#3358,#3359);
#3358 = CARTESIAN_POINT('',(19.411699091843,36.695,0.));
#3359 = VECTOR('',#3360,1.);
#3360 = DIRECTION('',(0.,0.,1.));
#3361 = ORIENTED_EDGE('',*,*,#2301,.T.);
#3362 = ORIENTED_EDGE('',*,*,#3324,.F.);
#3363 = PLANE('',#3364);
#3364 = AXIS2_PLACEMENT_3D('',#3365,#3366,#3367);
#3365 = CARTESIAN_POINT('',(13.,36.695,0.));
#3366 = DIRECTION('',(0.,1.,0.));
#3367 = DIRECTION('',(0.,0.,1.));
#3368 = ADVANCED_FACE('',(#3369),#3440,.T.);
#3369 = FACE_BOUND('',#3370,.T.);
#3370 = EDGE_LOOP('',(#3371,#3382,#3391,#3400,#3408,#3415,#3416,#3425,
    #3432,#3433,#3434));
#3371 = ORIENTED_EDGE('',*,*,#3372,.T.);
#3372 = EDGE_CURVE('',#3373,#3375,#3377,.T.);
#3373 = VERTEX_POINT('',#3374);
#3374 = CARTESIAN_POINT('',(15.128300908157,36.695,0.));
#3375 = VERTEX_POINT('',#3376);
#3376 = CARTESIAN_POINT('',(16.97,32.236412613433,0.));
#3377 = CIRCLE('',#3378,2.75);
#3378 = AXIS2_PLACEMENT_3D('',#3379,#3380,#3381);
#3379 = CARTESIAN_POINT('',(17.27,34.97,0.));
#3380 = DIRECTION('',(0.,0.,1.));
#3381 = DIRECTION('',(1.,0.,0.));
#3382 = ORIENTED_EDGE('',*,*,#3383,.T.);
#3383 = EDGE_CURVE('',#3375,#3384,#3386,.T.);
#3384 = VERTEX_POINT('',#3385);
#3385 = CARTESIAN_POINT('',(19.52425,33.394926370769,0.));
#3386 = CIRCLE('',#3387,2.75);
#3387 = AXIS2_PLACEMENT_3D('',#3388,#3389,#3390);
#3388 = CARTESIAN_POINT('',(17.27,34.97,0.));
#3389 = DIRECTION('',(0.,0.,1.));
#3390 = DIRECTION('',(1.,0.,0.));
#3391 = ORIENTED_EDGE('',*,*,#3392,.T.);
#3392 = EDGE_CURVE('',#3384,#3393,#3395,.T.);
#3393 = VERTEX_POINT('',#3394);
#3394 = CARTESIAN_POINT('',(20.02,34.97,0.));
#3395 = CIRCLE('',#3396,2.75);
#3396 = AXIS2_PLACEMENT_3D('',#3397,#3398,#3399);
#3397 = CARTESIAN_POINT('',(17.27,34.97,0.));
#3398 = DIRECTION('',(0.,0.,1.));
#3399 = DIRECTION('',(1.,0.,0.));
#3400 = ORIENTED_EDGE('',*,*,#3401,.T.);
#3401 = EDGE_CURVE('',#3393,#3402,#3404,.T.);
#3402 = VERTEX_POINT('',#3403);
#3403 = CARTESIAN_POINT('',(20.02,34.97,4.));
#3404 = LINE('',#3405,#3406);
#3405 = CARTESIAN_POINT('',(20.02,34.97,0.));
#3406 = VECTOR('',#3407,1.);
#3407 = DIRECTION('',(0.,0.,1.));
#3408 = ORIENTED_EDGE('',*,*,#3409,.F.);
#3409 = EDGE_CURVE('',#3402,#3402,#3410,.T.);
#3410 = CIRCLE('',#3411,2.75);
#3411 = AXIS2_PLACEMENT_3D('',#3412,#3413,#3414);
#3412 = CARTESIAN_POINT('',(17.27,34.97,4.));
#3413 = DIRECTION('',(0.,0.,1.));
#3414 = DIRECTION('',(1.,0.,0.));
#3415 = ORIENTED_EDGE('',*,*,#3401,.F.);
#3416 = ORIENTED_EDGE('',*,*,#3417,.T.);
#3417 = EDGE_CURVE('',#3393,#3418,#3420,.T.);
#3418 = VERTEX_POINT('',#3419);
#3419 = CARTESIAN_POINT('',(19.52425,36.545073629231,0.));
#3420 = CIRCLE('',#3421,2.75);
#3421 = AXIS2_PLACEMENT_3D('',#3422,#3423,#3424);
#3422 = CARTESIAN_POINT('',(17.27,34.97,0.));
#3423 = DIRECTION('',(0.,0.,1.));
#3424 = DIRECTION('',(1.,0.,0.));
#3425 = ORIENTED_EDGE('',*,*,#3426,.T.);
#3426 = EDGE_CURVE('',#3418,#3349,#3427,.T.);
#3427 = CIRCLE('',#3428,2.75);
#3428 = AXIS2_PLACEMENT_3D('',#3429,#3430,#3431);
#3429 = CARTESIAN_POINT('',(17.27,34.97,0.));
#3430 = DIRECTION('',(0.,0.,1.));
#3431 = DIRECTION('',(1.,0.,0.));
#3432 = ORIENTED_EDGE('',*,*,#3356,.T.);
#3433 = ORIENTED_EDGE('',*,*,#2292,.T.);
#3434 = ORIENTED_EDGE('',*,*,#3435,.F.);
#3435 = EDGE_CURVE('',#3373,#2285,#3436,.T.);
#3436 = LINE('',#3437,#3438);
#3437 = CARTESIAN_POINT('',(15.128300908157,36.695,0.));
#3438 = VECTOR('',#3439,1.);
#3439 = DIRECTION('',(0.,0.,1.));
#3440 = CYLINDRICAL_SURFACE('',#3441,2.75);
#3441 = AXIS2_PLACEMENT_3D('',#3442,#3443,#3444);
#3442 = CARTESIAN_POINT('',(17.27,34.97,0.));
#3443 = DIRECTION('',(0.,0.,1.));
#3444 = DIRECTION('',(1.,0.,0.));
#3445 = ADVANCED_FACE('',(#3446),#3464,.F.);
#3446 = FACE_BOUND('',#3447,.F.);
#3447 = EDGE_LOOP('',(#3448,#3456,#3462,#3463));
#3448 = ORIENTED_EDGE('',*,*,#3449,.T.);
#3449 = EDGE_CURVE('',#3373,#3450,#3452,.T.);
#3450 = VERTEX_POINT('',#3451);
#3451 = CARTESIAN_POINT('',(13.,36.695,0.));
#3452 = LINE('',#3453,#3454);
#3453 = CARTESIAN_POINT('',(-16.665,36.695,0.));
#3454 = VECTOR('',#3455,1.);
#3455 = DIRECTION('',(-1.,0.,0.));
#3456 = ORIENTED_EDGE('',*,*,#3457,.T.);
#3457 = EDGE_CURVE('',#3450,#2277,#3458,.T.);
#3458 = LINE('',#3459,#3460);
#3459 = CARTESIAN_POINT('',(13.,36.695,0.));
#3460 = VECTOR('',#3461,1.);
#3461 = DIRECTION('',(0.,0.,1.));
#3462 = ORIENTED_EDGE('',*,*,#2284,.T.);
#3463 = ORIENTED_EDGE('',*,*,#3435,.F.);
#3464 = PLANE('',#3465);
#3465 = AXIS2_PLACEMENT_3D('',#3466,#3467,#3468);
#3466 = CARTESIAN_POINT('',(13.,36.695,0.));
#3467 = DIRECTION('',(0.,1.,0.));
#3468 = DIRECTION('',(0.,0.,1.));
#3469 = ADVANCED_FACE('',(#3470),#3488,.F.);
#3470 = FACE_BOUND('',#3471,.F.);
#3471 = EDGE_LOOP('',(#3472,#3473,#3481,#3487));
#3472 = ORIENTED_EDGE('',*,*,#3457,.F.);
#3473 = ORIENTED_EDGE('',*,*,#3474,.T.);
#3474 = EDGE_CURVE('',#3450,#3475,#3477,.T.);
#3475 = VERTEX_POINT('',#3476);
#3476 = CARTESIAN_POINT('',(13.,36.7,0.));
#3477 = LINE('',#3478,#3479);
#3478 = CARTESIAN_POINT('',(13.,36.695,0.));
#3479 = VECTOR('',#3480,1.);
#3480 = DIRECTION('',(0.,1.,0.));
#3481 = ORIENTED_EDGE('',*,*,#3482,.F.);
#3482 = EDGE_CURVE('',#2269,#3475,#3483,.T.);
#3483 = LINE('',#3484,#3485);
#3484 = CARTESIAN_POINT('',(13.,36.7,-0.25));
#3485 = VECTOR('',#3486,1.);
#3486 = DIRECTION('',(0.,0.,-1.));
#3487 = ORIENTED_EDGE('',*,*,#2276,.F.);
#3488 = PLANE('',#3489);
#3489 = AXIS2_PLACEMENT_3D('',#3490,#3491,#3492);
#3490 = CARTESIAN_POINT('',(13.,36.695,0.));
#3491 = DIRECTION('',(1.,0.,0.));
#3492 = DIRECTION('',(0.,0.,1.));
#3493 = ADVANCED_FACE('',(#3494),#3512,.T.);
#3494 = FACE_BOUND('',#3495,.T.);
#3495 = EDGE_LOOP('',(#3496,#3497,#3498,#3506));
#3496 = ORIENTED_EDGE('',*,*,#3482,.F.);
#3497 = ORIENTED_EDGE('',*,*,#2268,.F.);
#3498 = ORIENTED_EDGE('',*,*,#3499,.F.);
#3499 = EDGE_CURVE('',#3500,#2260,#3502,.T.);
#3500 = VERTEX_POINT('',#3501);
#3501 = CARTESIAN_POINT('',(1.45,36.7,0.));
#3502 = LINE('',#3503,#3504);
#3503 = CARTESIAN_POINT('',(1.45,36.7,0.));
#3504 = VECTOR('',#3505,1.);
#3505 = DIRECTION('',(0.,0.,1.));
#3506 = ORIENTED_EDGE('',*,*,#3507,.F.);
#3507 = EDGE_CURVE('',#3475,#3500,#3508,.T.);
#3508 = LINE('',#3509,#3510);
#3509 = CARTESIAN_POINT('',(0.25,36.7,0.));
#3510 = VECTOR('',#3511,1.);
#3511 = DIRECTION('',(-1.,0.,0.));
#3512 = PLANE('',#3513);
#3513 = AXIS2_PLACEMENT_3D('',#3514,#3515,#3516);
#3514 = CARTESIAN_POINT('',(7.225,36.7,0.75));
#3515 = DIRECTION('',(-0.,-1.,-0.));
#3516 = DIRECTION('',(0.,0.,-1.));
#3517 = ADVANCED_FACE('',(#3518),#3537,.F.);
#3518 = FACE_BOUND('',#3519,.F.);
#3519 = EDGE_LOOP('',(#3520,#3521,#3522,#3531));
#3520 = ORIENTED_EDGE('',*,*,#2259,.F.);
#3521 = ORIENTED_EDGE('',*,*,#3499,.F.);
#3522 = ORIENTED_EDGE('',*,*,#3523,.T.);
#3523 = EDGE_CURVE('',#3500,#3524,#3526,.T.);
#3524 = VERTEX_POINT('',#3525);
#3525 = CARTESIAN_POINT('',(0.85,36.1,0.));
#3526 = CIRCLE('',#3527,0.6);
#3527 = AXIS2_PLACEMENT_3D('',#3528,#3529,#3530);
#3528 = CARTESIAN_POINT('',(1.45,36.1,0.));
#3529 = DIRECTION('',(0.,0.,1.));
#3530 = DIRECTION('',(1.,0.,0.));
#3531 = ORIENTED_EDGE('',*,*,#3532,.T.);
#3532 = EDGE_CURVE('',#3524,#2252,#3533,.T.);
#3533 = LINE('',#3534,#3535);
#3534 = CARTESIAN_POINT('',(0.85,36.1,0.));
#3535 = VECTOR('',#3536,1.);
#3536 = DIRECTION('',(0.,0.,1.));
#3537 = CYLINDRICAL_SURFACE('',#3538,0.6);
#3538 = AXIS2_PLACEMENT_3D('',#3539,#3540,#3541);
#3539 = CARTESIAN_POINT('',(1.45,36.1,0.));
#3540 = DIRECTION('',(0.,0.,1.));
#3541 = DIRECTION('',(1.,0.,0.));
#3542 = ADVANCED_FACE('',(#3543),#3554,.T.);
#3543 = FACE_BOUND('',#3544,.T.);
#3544 = EDGE_LOOP('',(#3545,#3546,#3547,#3553));
#3545 = ORIENTED_EDGE('',*,*,#2251,.F.);
#3546 = ORIENTED_EDGE('',*,*,#3038,.F.);
#3547 = ORIENTED_EDGE('',*,*,#3548,.T.);
#3548 = EDGE_CURVE('',#3030,#3524,#3549,.T.);
#3549 = LINE('',#3550,#3551);
#3550 = CARTESIAN_POINT('',(0.85,0.25,0.));
#3551 = VECTOR('',#3552,1.);
#3552 = DIRECTION('',(0.,1.,0.));
#3553 = ORIENTED_EDGE('',*,*,#3532,.T.);
#3554 = PLANE('',#3555);
#3555 = AXIS2_PLACEMENT_3D('',#3556,#3557,#3558);
#3556 = CARTESIAN_POINT('',(0.85,22.484611707595,0.75));
#3557 = DIRECTION('',(1.,0.,0.));
#3558 = DIRECTION('',(0.,0.,1.));
#3559 = ADVANCED_FACE('',(#3560),#3564,.T.);
#3560 = FACE_BOUND('',#3561,.T.);
#3561 = EDGE_LOOP('',(#3562,#3563));
#3562 = ORIENTED_EDGE('',*,*,#2898,.T.);
#3563 = ORIENTED_EDGE('',*,*,#2850,.T.);
#3564 = PLANE('',#3565);
#3565 = AXIS2_PLACEMENT_3D('',#3566,#3567,#3568);
#3566 = CARTESIAN_POINT('',(17.27,34.97,6.2));
#3567 = DIRECTION('',(0.,0.,1.));
#3568 = DIRECTION('',(1.,0.,0.));
#3569 = ADVANCED_FACE('',(#3570),#3574,.T.);
#3570 = FACE_BOUND('',#3571,.T.);
#3571 = EDGE_LOOP('',(#3572,#3573));
#3572 = ORIENTED_EDGE('',*,*,#2924,.T.);
#3573 = ORIENTED_EDGE('',*,*,#2882,.T.);
#3574 = PLANE('',#3575);
#3575 = AXIS2_PLACEMENT_3D('',#3576,#3577,#3578);
#3576 = CARTESIAN_POINT('',(63.94,34.86,6.2));
#3577 = DIRECTION('',(0.,0.,1.));
#3578 = DIRECTION('',(1.,0.,0.));
#3579 = ADVANCED_FACE('',(#3580),#3605,.T.);
#3580 = FACE_BOUND('',#3581,.T.);
#3581 = EDGE_LOOP('',(#3582,#3583,#3584,#3585,#3586,#3587,#3588,#3589,
    #3590,#3591,#3592,#3593,#3594,#3595,#3596,#3597,#3598,#3599,#3600,
    #3601,#3602,#3603,#3604));
#3582 = ORIENTED_EDGE('',*,*,#3062,.F.);
#3583 = ORIENTED_EDGE('',*,*,#3053,.F.);
#3584 = ORIENTED_EDGE('',*,*,#3086,.F.);
#3585 = ORIENTED_EDGE('',*,*,#3103,.T.);
#3586 = ORIENTED_EDGE('',*,*,#3134,.F.);
#3587 = ORIENTED_EDGE('',*,*,#3196,.F.);
#3588 = ORIENTED_EDGE('',*,*,#3215,.T.);
#3589 = ORIENTED_EDGE('',*,*,#3249,.F.);
#3590 = ORIENTED_EDGE('',*,*,#3301,.T.);
#3591 = ORIENTED_EDGE('',*,*,#3332,.F.);
#3592 = ORIENTED_EDGE('',*,*,#3348,.F.);
#3593 = ORIENTED_EDGE('',*,*,#3426,.F.);
#3594 = ORIENTED_EDGE('',*,*,#3417,.F.);
#3595 = ORIENTED_EDGE('',*,*,#3392,.F.);
#3596 = ORIENTED_EDGE('',*,*,#3383,.F.);
#3597 = ORIENTED_EDGE('',*,*,#3372,.F.);
#3598 = ORIENTED_EDGE('',*,*,#3449,.T.);
#3599 = ORIENTED_EDGE('',*,*,#3474,.T.);
#3600 = ORIENTED_EDGE('',*,*,#3507,.T.);
#3601 = ORIENTED_EDGE('',*,*,#3523,.T.);
#3602 = ORIENTED_EDGE('',*,*,#3548,.F.);
#3603 = ORIENTED_EDGE('',*,*,#3029,.F.);
#3604 = ORIENTED_EDGE('',*,*,#3020,.F.);
#3605 = PLANE('',#3606);
#3606 = AXIS2_PLACEMENT_3D('',#3607,#3608,#3609);
#3607 = CARTESIAN_POINT('',(31.677167980315,18.847781961564,0.));
#3608 = DIRECTION('',(0.,0.,1.));
#3609 = DIRECTION('',(1.,0.,0.));
#3610 = ADVANCED_FACE('',(#3611,#3614),#3625,.T.);
#3611 = FACE_BOUND('',#3612,.T.);
#3612 = EDGE_LOOP('',(#3613));
#3613 = ORIENTED_EDGE('',*,*,#3012,.T.);
#3614 = FACE_BOUND('',#3615,.T.);
#3615 = EDGE_LOOP('',(#3616));
#3616 = ORIENTED_EDGE('',*,*,#3617,.F.);
#3617 = EDGE_CURVE('',#3618,#3618,#3620,.T.);
#3618 = VERTEX_POINT('',#3619);
#3619 = CARTESIAN_POINT('',(3.61,7.16,4.));
#3620 = CIRCLE('',#3621,1.);
#3621 = AXIS2_PLACEMENT_3D('',#3622,#3623,#3624);
#3622 = CARTESIAN_POINT('',(2.61,7.16,4.));
#3623 = DIRECTION('',(0.,0.,1.));
#3624 = DIRECTION('',(1.,0.,0.));
#3625 = PLANE('',#3626);
#3626 = AXIS2_PLACEMENT_3D('',#3627,#3628,#3629);
#3627 = CARTESIAN_POINT('',(2.61,7.16,4.));
#3628 = DIRECTION('',(0.,0.,1.));
#3629 = DIRECTION('',(1.,0.,0.));
#3630 = ADVANCED_FACE('',(#3631,#3636),#3641,.T.);
#3631 = FACE_BOUND('',#3632,.T.);
#3632 = EDGE_LOOP('',(#3633,#3634,#3635));
#3633 = ORIENTED_EDGE('',*,*,#3161,.T.);
#3634 = ORIENTED_EDGE('',*,*,#3179,.T.);
#3635 = ORIENTED_EDGE('',*,*,#3170,.T.);
#3636 = FACE_BOUND('',#3637,.T.);
#3637 = EDGE_LOOP('',(#3638,#3639,#3640));
#3638 = ORIENTED_EDGE('',*,*,#421,.F.);
#3639 = ORIENTED_EDGE('',*,*,#403,.F.);
#3640 = ORIENTED_EDGE('',*,*,#412,.F.);
#3641 = PLANE('',#3642);
#3642 = AXIS2_PLACEMENT_3D('',#3643,#3644,#3645);
#3643 = CARTESIAN_POINT('',(64.126026876555,2.581012625116,4.));
#3644 = DIRECTION('',(0.,0.,1.));
#3645 = DIRECTION('',(1.,0.,0.));
#3646 = ADVANCED_FACE('',(#3647,#3652),#3657,.T.);
#3647 = FACE_BOUND('',#3648,.T.);
#3648 = EDGE_LOOP('',(#3649,#3650,#3651));
#3649 = ORIENTED_EDGE('',*,*,#3265,.T.);
#3650 = ORIENTED_EDGE('',*,*,#3283,.T.);
#3651 = ORIENTED_EDGE('',*,*,#3274,.T.);
#3652 = FACE_BOUND('',#3653,.T.);
#3653 = EDGE_LOOP('',(#3654,#3655,#3656));
#3654 = ORIENTED_EDGE('',*,*,#213,.F.);
#3655 = ORIENTED_EDGE('',*,*,#195,.F.);
#3656 = ORIENTED_EDGE('',*,*,#204,.F.);
#3657 = PLANE('',#3658);
#3658 = AXIS2_PLACEMENT_3D('',#3659,#3660,#3661);
#3659 = CARTESIAN_POINT('',(64.076820055448,34.977528983475,4.));
#3660 = DIRECTION('',(0.,0.,1.));
#3661 = DIRECTION('',(1.,0.,0.));
#3662 = ADVANCED_FACE('',(#3663,#3666),#3677,.T.);
#3663 = FACE_BOUND('',#3664,.T.);
#3664 = EDGE_LOOP('',(#3665));
#3665 = ORIENTED_EDGE('',*,*,#3409,.T.);
#3666 = FACE_BOUND('',#3667,.T.);
#3667 = EDGE_LOOP('',(#3668));
#3668 = ORIENTED_EDGE('',*,*,#3669,.F.);
#3669 = EDGE_CURVE('',#3670,#3670,#3672,.T.);
#3670 = VERTEX_POINT('',#3671);
#3671 = CARTESIAN_POINT('',(18.42,34.97,4.));
#3672 = CIRCLE('',#3673,1.15);
#3673 = AXIS2_PLACEMENT_3D('',#3674,#3675,#3676);
#3674 = CARTESIAN_POINT('',(17.27,34.97,4.));
#3675 = DIRECTION('',(0.,0.,1.));
#3676 = DIRECTION('',(1.,0.,0.));
#3677 = PLANE('',#3678);
#3678 = AXIS2_PLACEMENT_3D('',#3679,#3680,#3681);
#3679 = CARTESIAN_POINT('',(17.27,34.97,4.));
#3680 = DIRECTION('',(0.,0.,1.));
#3681 = DIRECTION('',(1.,0.,0.));
#3682 = ADVANCED_FACE('',(#3683),#3702,.F.);
#3683 = FACE_BOUND('',#3684,.F.);
#3684 = EDGE_LOOP('',(#3685,#3693,#3694,#3695));
#3685 = ORIENTED_EDGE('',*,*,#3686,.T.);
#3686 = EDGE_CURVE('',#3687,#3670,#3689,.T.);
#3687 = VERTEX_POINT('',#3688);
#3688 = CARTESIAN_POINT('',(18.42,34.97,-0.8));
#3689 = LINE('',#3690,#3691);
#3690 = CARTESIAN_POINT('',(18.42,34.97,-0.85));
#3691 = VECTOR('',#3692,1.);
#3692 = DIRECTION('',(0.,0.,1.));
#3693 = ORIENTED_EDGE('',*,*,#3669,.F.);
#3694 = ORIENTED_EDGE('',*,*,#3686,.F.);
#3695 = ORIENTED_EDGE('',*,*,#3696,.T.);
#3696 = EDGE_CURVE('',#3687,#3687,#3697,.T.);
#3697 = CIRCLE('',#3698,1.15);
#3698 = AXIS2_PLACEMENT_3D('',#3699,#3700,#3701);
#3699 = CARTESIAN_POINT('',(17.27,34.97,-0.8));
#3700 = DIRECTION('',(0.,0.,1.));
#3701 = DIRECTION('',(1.,0.,0.));
#3702 = CYLINDRICAL_SURFACE('',#3703,1.15);
#3703 = AXIS2_PLACEMENT_3D('',#3704,#3705,#3706);
#3704 = CARTESIAN_POINT('',(17.27,34.97,-0.85));
#3705 = DIRECTION('',(0.,0.,1.));
#3706 = DIRECTION('',(1.,0.,0.));
#3707 = ADVANCED_FACE('',(#3708),#3753,.F.);
#3708 = FACE_BOUND('',#3709,.F.);
#3709 = EDGE_LOOP('',(#3710,#3720,#3727,#3728,#3737,#3746));
#3710 = ORIENTED_EDGE('',*,*,#3711,.T.);
#3711 = EDGE_CURVE('',#3712,#3714,#3716,.T.);
#3712 = VERTEX_POINT('',#3713);
#3713 = CARTESIAN_POINT('',(19.52,34.97,-2.5));
#3714 = VERTEX_POINT('',#3715);
#3715 = CARTESIAN_POINT('',(19.52,34.97,-0.8));
#3716 = LINE('',#3717,#3718);
#3717 = CARTESIAN_POINT('',(19.52,34.97,-2.55));
#3718 = VECTOR('',#3719,1.);
#3719 = DIRECTION('',(0.,0.,1.));
#3720 = ORIENTED_EDGE('',*,*,#3721,.F.);
#3721 = EDGE_CURVE('',#3714,#3714,#3722,.T.);
#3722 = CIRCLE('',#3723,2.25);
#3723 = AXIS2_PLACEMENT_3D('',#3724,#3725,#3726);
#3724 = CARTESIAN_POINT('',(17.27,34.97,-0.8));
#3725 = DIRECTION('',(0.,0.,1.));
#3726 = DIRECTION('',(1.,0.,0.));
#3727 = ORIENTED_EDGE('',*,*,#3711,.F.);
#3728 = ORIENTED_EDGE('',*,*,#3729,.T.);
#3729 = EDGE_CURVE('',#3712,#3730,#3732,.T.);
#3730 = VERTEX_POINT('',#3731);
#3731 = CARTESIAN_POINT('',(16.97,37.199910312098,-2.5));
#3732 = CIRCLE('',#3733,2.25);
#3733 = AXIS2_PLACEMENT_3D('',#3734,#3735,#3736);
#3734 = CARTESIAN_POINT('',(17.27,34.97,-2.5));
#3735 = DIRECTION('',(0.,0.,1.));
#3736 = DIRECTION('',(1.,0.,0.));
#3737 = ORIENTED_EDGE('',*,*,#3738,.T.);
#3738 = EDGE_CURVE('',#3730,#3739,#3741,.T.);
#3739 = VERTEX_POINT('',#3740);
#3740 = CARTESIAN_POINT('',(16.97,32.740089687902,-2.5));
#3741 = CIRCLE('',#3742,2.25);
#3742 = AXIS2_PLACEMENT_3D('',#3743,#3744,#3745);
#3743 = CARTESIAN_POINT('',(17.27,34.97,-2.5));
#3744 = DIRECTION('',(0.,0.,1.));
#3745 = DIRECTION('',(1.,0.,0.));
#3746 = ORIENTED_EDGE('',*,*,#3747,.T.);
#3747 = EDGE_CURVE('',#3739,#3712,#3748,.T.);
#3748 = CIRCLE('',#3749,2.25);
#3749 = AXIS2_PLACEMENT_3D('',#3750,#3751,#3752);
#3750 = CARTESIAN_POINT('',(17.27,34.97,-2.5));
#3751 = DIRECTION('',(0.,0.,1.));
#3752 = DIRECTION('',(1.,0.,0.));
#3753 = CYLINDRICAL_SURFACE('',#3754,2.25);
#3754 = AXIS2_PLACEMENT_3D('',#3755,#3756,#3757);
#3755 = CARTESIAN_POINT('',(17.27,34.97,-2.55));
#3756 = DIRECTION('',(0.,0.,1.));
#3757 = DIRECTION('',(1.,0.,0.));
#3758 = ADVANCED_FACE('',(#3759,#3762),#3765,.F.);
#3759 = FACE_BOUND('',#3760,.F.);
#3760 = EDGE_LOOP('',(#3761));
#3761 = ORIENTED_EDGE('',*,*,#3721,.T.);
#3762 = FACE_BOUND('',#3763,.F.);
#3763 = EDGE_LOOP('',(#3764));
#3764 = ORIENTED_EDGE('',*,*,#3696,.F.);
#3765 = PLANE('',#3766);
#3766 = AXIS2_PLACEMENT_3D('',#3767,#3768,#3769);
#3767 = CARTESIAN_POINT('',(17.27,34.97,-0.8));
#3768 = DIRECTION('',(0.,0.,1.));
#3769 = DIRECTION('',(1.,0.,0.));
#3770 = ADVANCED_FACE('',(#3771),#3790,.T.);
#3771 = FACE_BOUND('',#3772,.T.);
#3772 = EDGE_LOOP('',(#3773,#3782,#3788,#3789));
#3773 = ORIENTED_EDGE('',*,*,#3774,.F.);
#3774 = EDGE_CURVE('',#3775,#3775,#3777,.T.);
#3775 = VERTEX_POINT('',#3776);
#3776 = CARTESIAN_POINT('',(3.61,7.16,5.8));
#3777 = CIRCLE('',#3778,1.);
#3778 = AXIS2_PLACEMENT_3D('',#3779,#3780,#3781);
#3779 = CARTESIAN_POINT('',(2.61,7.16,5.8));
#3780 = DIRECTION('',(0.,0.,1.));
#3781 = DIRECTION('',(1.,0.,0.));
#3782 = ORIENTED_EDGE('',*,*,#3783,.F.);
#3783 = EDGE_CURVE('',#3618,#3775,#3784,.T.);
#3784 = LINE('',#3785,#3786);
#3785 = CARTESIAN_POINT('',(3.61,7.16,4.));
#3786 = VECTOR('',#3787,1.);
#3787 = DIRECTION('',(0.,0.,1.));
#3788 = ORIENTED_EDGE('',*,*,#3617,.T.);
#3789 = ORIENTED_EDGE('',*,*,#3783,.T.);
#3790 = CYLINDRICAL_SURFACE('',#3791,1.);
#3791 = AXIS2_PLACEMENT_3D('',#3792,#3793,#3794);
#3792 = CARTESIAN_POINT('',(2.61,7.16,4.));
#3793 = DIRECTION('',(0.,0.,1.));
#3794 = DIRECTION('',(1.,0.,0.));
#3795 = ADVANCED_FACE('',(#3796),#3815,.T.);
#3796 = FACE_BOUND('',#3797,.T.);
#3797 = EDGE_LOOP('',(#3798,#3807,#3813,#3814));
#3798 = ORIENTED_EDGE('',*,*,#3799,.F.);
#3799 = EDGE_CURVE('',#3800,#3800,#3802,.T.);
#3800 = VERTEX_POINT('',#3801);
#3801 = CARTESIAN_POINT('',(3.16,7.16,6.2));
#3802 = CIRCLE('',#3803,0.55);
#3803 = AXIS2_PLACEMENT_3D('',#3804,#3805,#3806);
#3804 = CARTESIAN_POINT('',(2.61,7.16,6.2));
#3805 = DIRECTION('',(0.,0.,1.));
#3806 = DIRECTION('',(1.,0.,0.));
#3807 = ORIENTED_EDGE('',*,*,#3808,.F.);
#3808 = EDGE_CURVE('',#3775,#3800,#3809,.T.);
#3809 = LINE('',#3810,#3811);
#3810 = CARTESIAN_POINT('',(3.61,7.16,5.8));
#3811 = VECTOR('',#3812,1.);
#3812 = DIRECTION('',(-0.747409318684,1.8E-16,0.66436383883));
#3813 = ORIENTED_EDGE('',*,*,#3774,.T.);
#3814 = ORIENTED_EDGE('',*,*,#3808,.T.);
#3815 = CONICAL_SURFACE('',#3816,1.,0.844153986113);
#3816 = AXIS2_PLACEMENT_3D('',#3817,#3818,#3819);
#3817 = CARTESIAN_POINT('',(2.61,7.16,5.8));
#3818 = DIRECTION('',(-0.,-0.,-1.));
#3819 = DIRECTION('',(1.,0.,0.));
#3820 = ADVANCED_FACE('',(#3821),#3824,.T.);
#3821 = FACE_BOUND('',#3822,.T.);
#3822 = EDGE_LOOP('',(#3823));
#3823 = ORIENTED_EDGE('',*,*,#3799,.T.);
#3824 = PLANE('',#3825);
#3825 = AXIS2_PLACEMENT_3D('',#3826,#3827,#3828);
#3826 = CARTESIAN_POINT('',(2.61,7.16,6.2));
#3827 = DIRECTION('',(0.,0.,1.));
#3828 = DIRECTION('',(1.,0.,0.));
#3829 = ADVANCED_FACE('',(#3830,#3848,#3855,#3862),#3867,.T.);
#3830 = FACE_BOUND('',#3831,.T.);
#3831 = EDGE_LOOP('',(#3832,#3833,#3834,#3835,#3836,#3837,#3838,#3839,
    #3840,#3841,#3842,#3843,#3844,#3845,#3846,#3847));
#3832 = ORIENTED_EDGE('',*,*,#1637,.T.);
#3833 = ORIENTED_EDGE('',*,*,#2825,.T.);
#3834 = ORIENTED_EDGE('',*,*,#1655,.T.);
#3835 = ORIENTED_EDGE('',*,*,#818,.T.);
#3836 = ORIENTED_EDGE('',*,*,#801,.T.);
#3837 = ORIENTED_EDGE('',*,*,#1607,.T.);
#3838 = ORIENTED_EDGE('',*,*,#730,.T.);
#3839 = ORIENTED_EDGE('',*,*,#1592,.T.);
#3840 = ORIENTED_EDGE('',*,*,#2651,.T.);
#3841 = ORIENTED_EDGE('',*,*,#2808,.T.);
#3842 = ORIENTED_EDGE('',*,*,#2580,.T.);
#3843 = ORIENTED_EDGE('',*,*,#2793,.T.);
#3844 = ORIENTED_EDGE('',*,*,#2729,.T.);
#3845 = ORIENTED_EDGE('',*,*,#2775,.T.);
#3846 = ORIENTED_EDGE('',*,*,#2747,.T.);
#3847 = ORIENTED_EDGE('',*,*,#1745,.T.);
#3848 = FACE_BOUND('',#3849,.T.);
#3849 = EDGE_LOOP('',(#3850,#3851,#3852,#3853,#3854));
#3850 = ORIENTED_EDGE('',*,*,#293,.T.);
#3851 = ORIENTED_EDGE('',*,*,#302,.T.);
#3852 = ORIENTED_EDGE('',*,*,#311,.T.);
#3853 = ORIENTED_EDGE('',*,*,#320,.T.);
#3854 = ORIENTED_EDGE('',*,*,#231,.T.);
#3855 = FACE_BOUND('',#3856,.T.);
#3856 = EDGE_LOOP('',(#3857,#3858,#3859,#3860,#3861));
#3857 = ORIENTED_EDGE('',*,*,#21,.T.);
#3858 = ORIENTED_EDGE('',*,*,#32,.T.);
#3859 = ORIENTED_EDGE('',*,*,#41,.T.);
#3860 = ORIENTED_EDGE('',*,*,#101,.T.);
#3861 = ORIENTED_EDGE('',*,*,#110,.T.);
#3862 = FACE_BOUND('',#3863,.T.);
#3863 = EDGE_LOOP('',(#3864,#3865,#3866));
#3864 = ORIENTED_EDGE('',*,*,#3729,.T.);
#3865 = ORIENTED_EDGE('',*,*,#3738,.T.);
#3866 = ORIENTED_EDGE('',*,*,#3747,.T.);
#3867 = PLANE('',#3868);
#3868 = AXIS2_PLACEMENT_3D('',#3869,#3870,#3871);
#3869 = CARTESIAN_POINT('',(33.325,18.775,-2.5));
#3870 = DIRECTION('',(-0.,-0.,-1.));
#3871 = DIRECTION('',(-1.,0.,0.));
#3872 = ( GEOMETRIC_REPRESENTATION_CONTEXT(3) 
GLOBAL_UNCERTAINTY_ASSIGNED_CONTEXT((#3876)) 
GLOBAL_UNIT_ASSIGNED_CONTEXT((#3873,#3874,#3875)) REPRESENTATION_CONTEXT
('Context #1','3D Context with UNIT and UNCERTAINTY') );
#3873 = ( LENGTH_UNIT() NAMED_UNIT(*) SI_UNIT(.MILLI.,.METRE.) );
#3874 = ( NAMED_UNIT(*) PLANE_ANGLE_UNIT() SI_UNIT($,.RADIAN.) );
#3875 = ( NAMED_UNIT(*) SI_UNIT($,.STERADIAN.) SOLID_ANGLE_UNIT() );
#3876 = UNCERTAINTY_MEASURE_WITH_UNIT(LENGTH_MEASURE(5.E-07),#3873,
  'distance_accuracy_value','confusion accuracy');
#3877 = PRODUCT_RELATED_PRODUCT_CATEGORY('part',$,(#7));
ENDSEC;
END-ISO-10303-21;
