ISO-10303-21;
HEADER;
FILE_DESCRIPTION(('FreeCAD Model'),'2;1');
FILE_NAME('Open CASCADE Shape Model','2026-10-08T22:51:56',('FreeCAD'),(
    'FreeCAD'),'Open CASCADE STEP processor 7.8','FreeCAD','Unknown');
FILE_SCHEMA(('AUTOMOTIVE_DESIGN { 1 0 10303 214 1 1 1 1 }'));
ENDSEC;
DATA;
#1 = APPLICATION_PROTOCOL_DEFINITION('international standard',
  'automotive_design',2000,#2);
#2 = APPLICATION_CONTEXT(
  'core data for automotive mechanical design processes');
#3 = SHAPE_DEFINITION_REPRESENTATION(#4,#10);
#4 = PRODUCT_DEFINITION_SHAPE('','',#5);
#5 = PRODUCT_DEFINITION('design','',#6,#9);
#6 = PRODUCT_DEFINITION_FORMATION('','',#7);
#7 = PRODUCT('Open CASCADE STEP translator 7.8 1',
  'Open CASCADE STEP translator 7.8 1','',(#8));
#8 = PRODUCT_CONTEXT('',#2,'mechanical');
#9 = PRODUCT_DEFINITION_CONTEXT('part definition',#2,'design');
#10 = ADVANCED_BREP_SHAPE_REPRESENTATION('',(#11,#15),#6128);
#11 = AXIS2_PLACEMENT_3D('',#12,#13,#14);
#12 = CARTESIAN_POINT('',(0.,0.,0.));
#13 = DIRECTION('',(0.,0.,1.));
#14 = DIRECTION('',(1.,0.,-0.));
#15 = MANIFOLD_SOLID_BREP('',#16);
#16 = CLOSED_SHELL('',(#17,#57,#189,#213,#349,#366,#397,#422,#968,#992,
    #1039,#1056,#1073,#1090,#1118,#1167,#1191,#1801,#1819,#1843,#1902,
    #1926,#1950,#1990,#2041,#2058,#2083,#2116,#2142,#2175,#2226,#2251,
    #2268,#2280,#2308,#2330,#2355,#2380,#2405,#2430,#2455,#2480,#2505,
    #2530,#2552,#2574,#2596,#2621,#2646,#2671,#2696,#2721,#2746,#2762,
    #2790,#2812,#2834,#2856,#2878,#2900,#2922,#2938,#2969,#2994,#3019,
    #3044,#3069,#3094,#3119,#3144,#3169,#3188,#3208,#3225,#3237,#3262,
    #3295,#3326,#3351,#3376,#3401,#3426,#3451,#3476,#3501,#3523,#3548,
    #3573,#3598,#3623,#3648,#3673,#3698,#3723,#3739,#3767,#3789,#3811,
    #3833,#3855,#3877,#3899,#3915,#3943,#3968,#3993,#4018,#4043,#4068,
    #4093,#4118,#4140,#4162,#4184,#4209,#4234,#4259,#4281,#4303,#4325,
    #4341,#4359,#4379,#4400,#4454,#4491,#4509,#4526,#4554,#4570,#4654,
    #4679,#4697,#4723,#4762,#4859,#4884,#4909,#4951,#4983,#5024,#5056,
    #5068,#5108,#5140,#5172,#5206,#5240,#5274,#5308,#5336,#5356,#5384,
    #5406,#5422,#5450,#5489,#5519,#5547,#5579,#5611,#5645,#5667,#5683,
    #5703,#5723,#5751,#5779,#5793,#5813,#5829,#5854,#5865,#5882,#5907,
    #5932,#5957,#5977,#5997,#6017,#6026,#6051,#6076,#6101,#6110,#6119));
#17 = ADVANCED_FACE('',(#18),#52,.F.);
#18 = FACE_BOUND('',#19,.F.);
#19 = EDGE_LOOP('',(#20,#30,#38,#46));
#20 = ORIENTED_EDGE('',*,*,#21,.F.);
#21 = EDGE_CURVE('',#22,#24,#26,.T.);
#22 = VERTEX_POINT('',#23);
#23 = CARTESIAN_POINT('',(0.9,36.69,12.));
#24 = VERTEX_POINT('',#25);
#25 = CARTESIAN_POINT('',(9.27,36.69,12.));
#26 = LINE('',#27,#28);
#27 = CARTESIAN_POINT('',(-250.25,36.69,12.));
#28 = VECTOR('',#29,1.);
#29 = DIRECTION('',(1.,0.,0.));
#30 = ORIENTED_EDGE('',*,*,#31,.T.);
#31 = EDGE_CURVE('',#22,#32,#34,.T.);
#32 = VERTEX_POINT('',#33);
#33 = CARTESIAN_POINT('',(0.9,36.69,26.));
#34 = LINE('',#35,#36);
#35 = CARTESIAN_POINT('',(0.9,36.69,0.));
#36 = VECTOR('',#37,1.);
#37 = DIRECTION('',(0.,0.,1.));
#38 = ORIENTED_EDGE('',*,*,#39,.T.);
#39 = EDGE_CURVE('',#32,#40,#42,.T.);
#40 = VERTEX_POINT('',#41);
#41 = CARTESIAN_POINT('',(9.27,36.69,26.));
#42 = LINE('',#43,#44);
#43 = CARTESIAN_POINT('',(-0.5,36.69,26.));
#44 = VECTOR('',#45,1.);
#45 = DIRECTION('',(1.,0.,0.));
#46 = ORIENTED_EDGE('',*,*,#47,.T.);
#47 = EDGE_CURVE('',#40,#24,#48,.T.);
#48 = LINE('',#49,#50);
#49 = CARTESIAN_POINT('',(9.27,36.69,6.));
#50 = VECTOR('',#51,1.);
#51 = DIRECTION('',(0.,0.,-1.));
#52 = PLANE('',#53);
#53 = AXIS2_PLACEMENT_3D('',#54,#55,#56);
#54 = CARTESIAN_POINT('',(-0.5,36.69,0.));
#55 = DIRECTION('',(0.,1.,0.));
#56 = DIRECTION('',(0.,0.,1.));
#57 = ADVANCED_FACE('',(#58),#184,.T.);
#58 = FACE_BOUND('',#59,.T.);
#59 = EDGE_LOOP('',(#60,#70,#79,#87,#95,#103,#112,#120,#128,#137,#143,
    #144,#153,#161,#169,#177));
#60 = ORIENTED_EDGE('',*,*,#61,.T.);
#61 = EDGE_CURVE('',#62,#64,#66,.T.);
#62 = VERTEX_POINT('',#63);
#63 = CARTESIAN_POINT('',(2.1,39.09,12.));
#64 = VERTEX_POINT('',#65);
#65 = CARTESIAN_POINT('',(61.,39.09,12.));
#66 = LINE('',#67,#68);
#67 = CARTESIAN_POINT('',(-251.45,39.09,12.));
#68 = VECTOR('',#69,1.);
#69 = DIRECTION('',(1.,0.,0.));
#70 = ORIENTED_EDGE('',*,*,#71,.F.);
#71 = EDGE_CURVE('',#72,#64,#74,.T.);
#72 = VERTEX_POINT('',#73);
#73 = CARTESIAN_POINT('',(66.,34.09,12.));
#74 = CIRCLE('',#75,5.);
#75 = AXIS2_PLACEMENT_3D('',#76,#77,#78);
#76 = CARTESIAN_POINT('',(61.,34.09,12.));
#77 = DIRECTION('',(0.,0.,1.));
#78 = DIRECTION('',(1.,0.,0.));
#79 = ORIENTED_EDGE('',*,*,#80,.T.);
#80 = EDGE_CURVE('',#72,#81,#83,.T.);
#81 = VERTEX_POINT('',#82);
#82 = CARTESIAN_POINT('',(66.,33.325,12.));
#83 = LINE('',#84,#85);
#84 = CARTESIAN_POINT('',(66.,-251.45,12.));
#85 = VECTOR('',#86,1.);
#86 = DIRECTION('',(0.,-1.,0.));
#87 = ORIENTED_EDGE('',*,*,#88,.F.);
#88 = EDGE_CURVE('',#89,#81,#91,.T.);
#89 = VERTEX_POINT('',#90);
#90 = CARTESIAN_POINT('',(63.6,33.325,12.));
#91 = LINE('',#92,#93);
#92 = CARTESIAN_POINT('',(-218.7,33.325,12.));
#93 = VECTOR('',#94,1.);
#94 = DIRECTION('',(1.,0.,0.));
#95 = ORIENTED_EDGE('',*,*,#96,.F.);
#96 = EDGE_CURVE('',#97,#89,#99,.T.);
#97 = VERTEX_POINT('',#98);
#98 = CARTESIAN_POINT('',(63.6,35.29,12.));
#99 = LINE('',#100,#101);
#100 = CARTESIAN_POINT('',(63.6,-250.25,12.));
#101 = VECTOR('',#102,1.);
#102 = DIRECTION('',(0.,-1.,0.));
#103 = ORIENTED_EDGE('',*,*,#104,.T.);
#104 = EDGE_CURVE('',#97,#105,#107,.T.);
#105 = VERTEX_POINT('',#106);
#106 = CARTESIAN_POINT('',(62.2,36.69,12.));
#107 = CIRCLE('',#108,1.4);
#108 = AXIS2_PLACEMENT_3D('',#109,#110,#111);
#109 = CARTESIAN_POINT('',(62.2,35.29,12.));
#110 = DIRECTION('',(0.,0.,1.));
#111 = DIRECTION('',(1.,0.,0.));
#112 = ORIENTED_EDGE('',*,*,#113,.F.);
#113 = EDGE_CURVE('',#114,#105,#116,.T.);
#114 = VERTEX_POINT('',#115);
#115 = CARTESIAN_POINT('',(14.77,36.69,12.));
#116 = LINE('',#117,#118);
#117 = CARTESIAN_POINT('',(-250.25,36.69,12.));
#118 = VECTOR('',#119,1.);
#119 = DIRECTION('',(1.,0.,0.));
#120 = ORIENTED_EDGE('',*,*,#121,.F.);
#121 = EDGE_CURVE('',#122,#114,#124,.T.);
#122 = VERTEX_POINT('',#123);
#123 = CARTESIAN_POINT('',(14.77,33.63,12.));
#124 = LINE('',#125,#126);
#125 = CARTESIAN_POINT('',(14.77,33.63,12.));
#126 = VECTOR('',#127,1.);
#127 = DIRECTION('',(0.,1.,0.));
#128 = ORIENTED_EDGE('',*,*,#129,.T.);
#129 = EDGE_CURVE('',#122,#130,#132,.T.);
#130 = VERTEX_POINT('',#131);
#131 = CARTESIAN_POINT('',(9.27,33.63,12.));
#132 = CIRCLE('',#133,2.75);
#133 = AXIS2_PLACEMENT_3D('',#134,#135,#136);
#134 = CARTESIAN_POINT('',(12.02,33.63,12.));
#135 = DIRECTION('',(0.,0.,1.));
#136 = DIRECTION('',(1.,0.,0.));
#137 = ORIENTED_EDGE('',*,*,#138,.T.);
#138 = EDGE_CURVE('',#130,#24,#139,.T.);
#139 = LINE('',#140,#141);
#140 = CARTESIAN_POINT('',(9.27,33.63,12.));
#141 = VECTOR('',#142,1.);
#142 = DIRECTION('',(0.,1.,0.));
#143 = ORIENTED_EDGE('',*,*,#21,.F.);
#144 = ORIENTED_EDGE('',*,*,#145,.T.);
#145 = EDGE_CURVE('',#22,#146,#148,.T.);
#146 = VERTEX_POINT('',#147);
#147 = CARTESIAN_POINT('',(-0.5,35.29,12.));
#148 = CIRCLE('',#149,1.4);
#149 = AXIS2_PLACEMENT_3D('',#150,#151,#152);
#150 = CARTESIAN_POINT('',(0.9,35.29,12.));
#151 = DIRECTION('',(0.,0.,1.));
#152 = DIRECTION('',(-1.,0.,0.));
#153 = ORIENTED_EDGE('',*,*,#154,.T.);
#154 = EDGE_CURVE('',#146,#155,#157,.T.);
#155 = VERTEX_POINT('',#156);
#156 = CARTESIAN_POINT('',(-0.5,33.325,12.));
#157 = LINE('',#158,#159);
#158 = CARTESIAN_POINT('',(-0.5,-250.25,12.));
#159 = VECTOR('',#160,1.);
#160 = DIRECTION('',(0.,-1.,0.));
#161 = ORIENTED_EDGE('',*,*,#162,.F.);
#162 = EDGE_CURVE('',#163,#155,#165,.T.);
#163 = VERTEX_POINT('',#164);
#164 = CARTESIAN_POINT('',(-2.9,33.325,12.));
#165 = LINE('',#166,#167);
#166 = CARTESIAN_POINT('',(-251.95,33.325,12.));
#167 = VECTOR('',#168,1.);
#168 = DIRECTION('',(1.,0.,0.));
#169 = ORIENTED_EDGE('',*,*,#170,.F.);
#170 = EDGE_CURVE('',#171,#163,#173,.T.);
#171 = VERTEX_POINT('',#172);
#172 = CARTESIAN_POINT('',(-2.9,34.09,12.));
#173 = LINE('',#174,#175);
#174 = CARTESIAN_POINT('',(-2.9,-251.45,12.));
#175 = VECTOR('',#176,1.);
#176 = DIRECTION('',(0.,-1.,0.));
#177 = ORIENTED_EDGE('',*,*,#178,.F.);
#178 = EDGE_CURVE('',#62,#171,#179,.T.);
#179 = CIRCLE('',#180,5.);
#180 = AXIS2_PLACEMENT_3D('',#181,#182,#183);
#181 = CARTESIAN_POINT('',(2.1,34.09,12.));
#182 = DIRECTION('',(0.,0.,1.));
#183 = DIRECTION('',(-1.,0.,0.));
#184 = PLANE('',#185);
#185 = AXIS2_PLACEMENT_3D('',#186,#187,#188);
#186 = CARTESIAN_POINT('',(30.461914861307,37.289162904043,12.));
#187 = DIRECTION('',(-0.,-0.,-1.));
#188 = DIRECTION('',(-1.,0.,0.));
#189 = ADVANCED_FACE('',(#190),#208,.F.);
#190 = FACE_BOUND('',#191,.F.);
#191 = EDGE_LOOP('',(#192,#200,#201,#202));
#192 = ORIENTED_EDGE('',*,*,#193,.F.);
#193 = EDGE_CURVE('',#130,#194,#196,.T.);
#194 = VERTEX_POINT('',#195);
#195 = CARTESIAN_POINT('',(9.27,33.63,26.));
#196 = LINE('',#197,#198);
#197 = CARTESIAN_POINT('',(9.27,33.63,12.));
#198 = VECTOR('',#199,1.);
#199 = DIRECTION('',(0.,0.,1.));
#200 = ORIENTED_EDGE('',*,*,#138,.T.);
#201 = ORIENTED_EDGE('',*,*,#47,.F.);
#202 = ORIENTED_EDGE('',*,*,#203,.F.);
#203 = EDGE_CURVE('',#194,#40,#204,.T.);
#204 = LINE('',#205,#206);
#205 = CARTESIAN_POINT('',(9.27,16.565,26.));
#206 = VECTOR('',#207,1.);
#207 = DIRECTION('',(0.,1.,0.));
#208 = PLANE('',#209);
#209 = AXIS2_PLACEMENT_3D('',#210,#211,#212);
#210 = CARTESIAN_POINT('',(9.27,33.63,12.));
#211 = DIRECTION('',(1.,0.,0.));
#212 = DIRECTION('',(0.,0.,1.));
#213 = ADVANCED_FACE('',(#214,#333),#344,.F.);
#214 = FACE_BOUND('',#215,.F.);
#215 = EDGE_LOOP('',(#216,#226,#234,#243,#251,#259,#267,#276,#284,#292,
    #301,#309,#317,#324,#325,#326));
#216 = ORIENTED_EDGE('',*,*,#217,.F.);
#217 = EDGE_CURVE('',#218,#220,#222,.T.);
#218 = VERTEX_POINT('',#219);
#219 = CARTESIAN_POINT('',(-0.5,5.27,26.));
#220 = VERTEX_POINT('',#221);
#221 = CARTESIAN_POINT('',(-0.5,35.29,26.));
#222 = LINE('',#223,#224);
#223 = CARTESIAN_POINT('',(-0.5,-0.5,26.));
#224 = VECTOR('',#225,1.);
#225 = DIRECTION('',(0.,1.,0.));
#226 = ORIENTED_EDGE('',*,*,#227,.F.);
#227 = EDGE_CURVE('',#228,#218,#230,.T.);
#228 = VERTEX_POINT('',#229);
#229 = CARTESIAN_POINT('',(2.62,5.27,26.));
#230 = LINE('',#231,#232);
#231 = CARTESIAN_POINT('',(-1.,5.27,26.));
#232 = VECTOR('',#233,1.);
#233 = DIRECTION('',(-1.,0.,0.));
#234 = ORIENTED_EDGE('',*,*,#235,.F.);
#235 = EDGE_CURVE('',#236,#228,#238,.T.);
#236 = VERTEX_POINT('',#237);
#237 = CARTESIAN_POINT('',(5.22,3.415823643358,26.));
#238 = CIRCLE('',#239,2.75);
#239 = AXIS2_PLACEMENT_3D('',#240,#241,#242);
#240 = CARTESIAN_POINT('',(2.62,2.52,26.));
#241 = DIRECTION('',(0.,0.,1.));
#242 = DIRECTION('',(1.,0.,0.));
#243 = ORIENTED_EDGE('',*,*,#244,.F.);
#244 = EDGE_CURVE('',#245,#236,#247,.T.);
#245 = VERTEX_POINT('',#246);
#246 = CARTESIAN_POINT('',(5.22,-0.5,26.));
#247 = LINE('',#248,#249);
#248 = CARTESIAN_POINT('',(5.22,-250.25,26.));
#249 = VECTOR('',#250,1.);
#250 = DIRECTION('',(0.,1.,0.));
#251 = ORIENTED_EDGE('',*,*,#252,.T.);
#252 = EDGE_CURVE('',#245,#253,#255,.T.);
#253 = VERTEX_POINT('',#254);
#254 = CARTESIAN_POINT('',(57.78,-0.5,26.));
#255 = LINE('',#256,#257);
#256 = CARTESIAN_POINT('',(-0.5,-0.5,26.));
#257 = VECTOR('',#258,1.);
#258 = DIRECTION('',(1.,0.,0.));
#259 = ORIENTED_EDGE('',*,*,#260,.T.);
#260 = EDGE_CURVE('',#253,#261,#263,.T.);
#261 = VERTEX_POINT('',#262);
#262 = CARTESIAN_POINT('',(57.78,2.68,26.));
#263 = LINE('',#264,#265);
#264 = CARTESIAN_POINT('',(57.78,-1.,26.));
#265 = VECTOR('',#266,1.);
#266 = DIRECTION('',(0.,1.,0.));
#267 = ORIENTED_EDGE('',*,*,#268,.F.);
#268 = EDGE_CURVE('',#269,#261,#271,.T.);
#269 = VERTEX_POINT('',#270);
#270 = CARTESIAN_POINT('',(60.53,5.43,26.));
#271 = CIRCLE('',#272,2.75);
#272 = AXIS2_PLACEMENT_3D('',#273,#274,#275);
#273 = CARTESIAN_POINT('',(60.53,2.68,26.));
#274 = DIRECTION('',(0.,0.,1.));
#275 = DIRECTION('',(1.,0.,0.));
#276 = ORIENTED_EDGE('',*,*,#277,.F.);
#277 = EDGE_CURVE('',#278,#269,#280,.T.);
#278 = VERTEX_POINT('',#279);
#279 = CARTESIAN_POINT('',(63.6,5.43,26.));
#280 = LINE('',#281,#282);
#281 = CARTESIAN_POINT('',(30.015,5.43,26.));
#282 = VECTOR('',#283,1.);
#283 = DIRECTION('',(-1.,0.,0.));
#284 = ORIENTED_EDGE('',*,*,#285,.T.);
#285 = EDGE_CURVE('',#278,#286,#288,.T.);
#286 = VERTEX_POINT('',#287);
#287 = CARTESIAN_POINT('',(63.6,35.29,26.));
#288 = LINE('',#289,#290);
#289 = CARTESIAN_POINT('',(63.6,-0.5,26.));
#290 = VECTOR('',#291,1.);
#291 = DIRECTION('',(0.,1.,0.));
#292 = ORIENTED_EDGE('',*,*,#293,.T.);
#293 = EDGE_CURVE('',#286,#294,#296,.T.);
#294 = VERTEX_POINT('',#295);
#295 = CARTESIAN_POINT('',(62.2,36.69,26.));
#296 = CIRCLE('',#297,1.4);
#297 = AXIS2_PLACEMENT_3D('',#298,#299,#300);
#298 = CARTESIAN_POINT('',(62.2,35.29,26.));
#299 = DIRECTION('',(-0.,0.,1.));
#300 = DIRECTION('',(0.,-1.,0.));
#301 = ORIENTED_EDGE('',*,*,#302,.F.);
#302 = EDGE_CURVE('',#303,#294,#305,.T.);
#303 = VERTEX_POINT('',#304);
#304 = CARTESIAN_POINT('',(14.77,36.69,26.));
#305 = LINE('',#306,#307);
#306 = CARTESIAN_POINT('',(-0.5,36.69,26.));
#307 = VECTOR('',#308,1.);
#308 = DIRECTION('',(1.,0.,0.));
#309 = ORIENTED_EDGE('',*,*,#310,.F.);
#310 = EDGE_CURVE('',#311,#303,#313,.T.);
#311 = VERTEX_POINT('',#312);
#312 = CARTESIAN_POINT('',(14.77,33.63,26.));
#313 = LINE('',#314,#315);
#314 = CARTESIAN_POINT('',(14.77,16.565,26.));
#315 = VECTOR('',#316,1.);
#316 = DIRECTION('',(0.,1.,0.));
#317 = ORIENTED_EDGE('',*,*,#318,.F.);
#318 = EDGE_CURVE('',#194,#311,#319,.T.);
#319 = CIRCLE('',#320,2.75);
#320 = AXIS2_PLACEMENT_3D('',#321,#322,#323);
#321 = CARTESIAN_POINT('',(12.02,33.63,26.));
#322 = DIRECTION('',(0.,0.,1.));
#323 = DIRECTION('',(1.,0.,0.));
#324 = ORIENTED_EDGE('',*,*,#203,.T.);
#325 = ORIENTED_EDGE('',*,*,#39,.F.);
#326 = ORIENTED_EDGE('',*,*,#327,.F.);
#327 = EDGE_CURVE('',#220,#32,#328,.T.);
#328 = CIRCLE('',#329,1.4);
#329 = AXIS2_PLACEMENT_3D('',#330,#331,#332);
#330 = CARTESIAN_POINT('',(0.9,35.29,26.));
#331 = DIRECTION('',(-0.,-0.,-1.));
#332 = DIRECTION('',(0.,-1.,0.));
#333 = FACE_BOUND('',#334,.F.);
#334 = EDGE_LOOP('',(#335));
#335 = ORIENTED_EDGE('',*,*,#336,.F.);
#336 = EDGE_CURVE('',#337,#337,#339,.T.);
#337 = VERTEX_POINT('',#338);
#338 = CARTESIAN_POINT('',(51.2,22.88,26.));
#339 = CIRCLE('',#340,2.75);
#340 = AXIS2_PLACEMENT_3D('',#341,#342,#343);
#341 = CARTESIAN_POINT('',(48.45,22.88,26.));
#342 = DIRECTION('',(0.,0.,1.));
#343 = DIRECTION('',(1.,0.,0.));
#344 = PLANE('',#345);
#345 = AXIS2_PLACEMENT_3D('',#346,#347,#348);
#346 = CARTESIAN_POINT('',(-0.5,-0.5,26.));
#347 = DIRECTION('',(0.,0.,1.));
#348 = DIRECTION('',(1.,0.,0.));
#349 = ADVANCED_FACE('',(#350),#361,.F.);
#350 = FACE_BOUND('',#351,.T.);
#351 = EDGE_LOOP('',(#352,#358,#359,#360));
#352 = ORIENTED_EDGE('',*,*,#353,.F.);
#353 = EDGE_CURVE('',#146,#220,#354,.T.);
#354 = LINE('',#355,#356);
#355 = CARTESIAN_POINT('',(-0.5,35.29,0.));
#356 = VECTOR('',#357,1.);
#357 = DIRECTION('',(0.,0.,1.));
#358 = ORIENTED_EDGE('',*,*,#145,.F.);
#359 = ORIENTED_EDGE('',*,*,#31,.T.);
#360 = ORIENTED_EDGE('',*,*,#327,.F.);
#361 = CYLINDRICAL_SURFACE('',#362,1.4);
#362 = AXIS2_PLACEMENT_3D('',#363,#364,#365);
#363 = CARTESIAN_POINT('',(0.9,35.29,0.));
#364 = DIRECTION('',(0.,0.,1.));
#365 = DIRECTION('',(-1.,0.,0.));
#366 = ADVANCED_FACE('',(#367),#392,.T.);
#367 = FACE_BOUND('',#368,.T.);
#368 = EDGE_LOOP('',(#369,#370,#378,#386));
#369 = ORIENTED_EDGE('',*,*,#61,.F.);
#370 = ORIENTED_EDGE('',*,*,#371,.T.);
#371 = EDGE_CURVE('',#62,#372,#374,.T.);
#372 = VERTEX_POINT('',#373);
#373 = CARTESIAN_POINT('',(2.1,39.09,26.5));
#374 = LINE('',#375,#376);
#375 = CARTESIAN_POINT('',(2.1,39.09,-2.5));
#376 = VECTOR('',#377,1.);
#377 = DIRECTION('',(0.,0.,1.));
#378 = ORIENTED_EDGE('',*,*,#379,.T.);
#379 = EDGE_CURVE('',#372,#380,#382,.T.);
#380 = VERTEX_POINT('',#381);
#381 = CARTESIAN_POINT('',(61.,39.09,26.5));
#382 = LINE('',#383,#384);
#383 = CARTESIAN_POINT('',(2.1,39.09,26.5));
#384 = VECTOR('',#385,1.);
#385 = DIRECTION('',(1.,0.,0.));
#386 = ORIENTED_EDGE('',*,*,#387,.F.);
#387 = EDGE_CURVE('',#64,#380,#388,.T.);
#388 = LINE('',#389,#390);
#389 = CARTESIAN_POINT('',(61.,39.09,-2.5));
#390 = VECTOR('',#391,1.);
#391 = DIRECTION('',(0.,0.,1.));
#392 = PLANE('',#393);
#393 = AXIS2_PLACEMENT_3D('',#394,#395,#396);
#394 = CARTESIAN_POINT('',(-2.9,39.09,-2.5));
#395 = DIRECTION('',(0.,1.,0.));
#396 = DIRECTION('',(0.,0.,1.));
#397 = ADVANCED_FACE('',(#398),#417,.T.);
#398 = FACE_BOUND('',#399,.T.);
#399 = EDGE_LOOP('',(#400,#408,#409,#410));
#400 = ORIENTED_EDGE('',*,*,#401,.F.);
#401 = EDGE_CURVE('',#72,#402,#404,.T.);
#402 = VERTEX_POINT('',#403);
#403 = CARTESIAN_POINT('',(66.,34.09,26.5));
#404 = LINE('',#405,#406);
#405 = CARTESIAN_POINT('',(66.,34.09,-2.5));
#406 = VECTOR('',#407,1.);
#407 = DIRECTION('',(0.,0.,1.));
#408 = ORIENTED_EDGE('',*,*,#71,.T.);
#409 = ORIENTED_EDGE('',*,*,#387,.T.);
#410 = ORIENTED_EDGE('',*,*,#411,.T.);
#411 = EDGE_CURVE('',#380,#402,#412,.T.);
#412 = CIRCLE('',#413,5.);
#413 = AXIS2_PLACEMENT_3D('',#414,#415,#416);
#414 = CARTESIAN_POINT('',(61.,34.09,26.5));
#415 = DIRECTION('',(0.,0.,-1.));
#416 = DIRECTION('',(0.,1.,0.));
#417 = CYLINDRICAL_SURFACE('',#418,5.);
#418 = AXIS2_PLACEMENT_3D('',#419,#420,#421);
#419 = CARTESIAN_POINT('',(61.,34.09,-2.5));
#420 = DIRECTION('',(0.,0.,1.));
#421 = DIRECTION('',(1.,0.,0.));
#422 = ADVANCED_FACE('',(#423,#473,#707,#765),#963,.T.);
#423 = FACE_BOUND('',#424,.T.);
#424 = EDGE_LOOP('',(#425,#435,#443,#451,#459,#465,#466,#467));
#425 = ORIENTED_EDGE('',*,*,#426,.F.);
#426 = EDGE_CURVE('',#427,#429,#431,.T.);
#427 = VERTEX_POINT('',#428);
#428 = CARTESIAN_POINT('',(66.,2.1,12.));
#429 = VERTEX_POINT('',#430);
#430 = CARTESIAN_POINT('',(66.,2.1,26.5));
#431 = LINE('',#432,#433);
#432 = CARTESIAN_POINT('',(66.,2.1,-2.5));
#433 = VECTOR('',#434,1.);
#434 = DIRECTION('',(0.,0.,1.));
#435 = ORIENTED_EDGE('',*,*,#436,.F.);
#436 = EDGE_CURVE('',#437,#427,#439,.T.);
#437 = VERTEX_POINT('',#438);
#438 = CARTESIAN_POINT('',(66.,20.325,12.));
#439 = LINE('',#440,#441);
#440 = CARTESIAN_POINT('',(66.,-251.45,12.));
#441 = VECTOR('',#442,1.);
#442 = DIRECTION('',(0.,-1.,0.));
#443 = ORIENTED_EDGE('',*,*,#444,.T.);
#444 = EDGE_CURVE('',#437,#445,#447,.T.);
#445 = VERTEX_POINT('',#446);
#446 = CARTESIAN_POINT('',(66.,20.325,15.6));
#447 = LINE('',#448,#449);
#448 = CARTESIAN_POINT('',(66.,20.325,1.));
#449 = VECTOR('',#450,1.);
#450 = DIRECTION('',(0.,0.,1.));
#451 = ORIENTED_EDGE('',*,*,#452,.F.);
#452 = EDGE_CURVE('',#453,#445,#455,.T.);
#453 = VERTEX_POINT('',#454);
#454 = CARTESIAN_POINT('',(66.,33.325,15.6));
#455 = LINE('',#456,#457);
#456 = CARTESIAN_POINT('',(66.,8.7125,15.6));
#457 = VECTOR('',#458,1.);
#458 = DIRECTION('',(0.,-1.,0.));
#459 = ORIENTED_EDGE('',*,*,#460,.F.);
#460 = EDGE_CURVE('',#81,#453,#461,.T.);
#461 = LINE('',#462,#463);
#462 = CARTESIAN_POINT('',(66.,33.325,1.));
#463 = VECTOR('',#464,1.);
#464 = DIRECTION('',(0.,0.,1.));
#465 = ORIENTED_EDGE('',*,*,#80,.F.);
#466 = ORIENTED_EDGE('',*,*,#401,.T.);
#467 = ORIENTED_EDGE('',*,*,#468,.T.);
#468 = EDGE_CURVE('',#402,#429,#469,.T.);
#469 = LINE('',#470,#471);
#470 = CARTESIAN_POINT('',(66.,34.09,26.5));
#471 = VECTOR('',#472,1.);
#472 = DIRECTION('',(0.,-1.,0.));
#473 = FACE_BOUND('',#474,.T.);
#474 = EDGE_LOOP('',(#475,#484,#491,#505,#520,#535,#550,#565,#578,#585,
    #592,#599,#618,#629,#640,#652,#667,#678,#689,#702));
#475 = ORIENTED_EDGE('',*,*,#476,.F.);
#476 = EDGE_CURVE('',#477,#479,#481,.T.);
#477 = VERTEX_POINT('',#478);
#478 = CARTESIAN_POINT('',(66.,26.379029143258,23.224157303371));
#479 = VERTEX_POINT('',#480);
#480 = CARTESIAN_POINT('',(66.,25.502097963483,23.224157303371));
#481 = B_SPLINE_CURVE_WITH_KNOTS('',1,(#482,#483),.UNSPECIFIED.,.F.,.F.,
  (2,2),(0.,1.),.PIECEWISE_BEZIER_KNOTS.);
#482 = CARTESIAN_POINT('',(66.,26.379029143258,23.224157303371));
#483 = CARTESIAN_POINT('',(66.,25.502097963483,23.224157303371));
#484 = ORIENTED_EDGE('',*,*,#485,.F.);
#485 = EDGE_CURVE('',#486,#477,#488,.T.);
#486 = VERTEX_POINT('',#487);
#487 = CARTESIAN_POINT('',(66.,26.379029143258,20.856838132022));
#488 = B_SPLINE_CURVE_WITH_KNOTS('',1,(#489,#490),.UNSPECIFIED.,.F.,.F.,
  (2,2),(0.,1.),.PIECEWISE_BEZIER_KNOTS.);
#489 = CARTESIAN_POINT('',(66.,26.379029143258,20.856838132022));
#490 = CARTESIAN_POINT('',(66.,26.379029143258,23.224157303371));
#491 = ORIENTED_EDGE('',*,*,#492,.F.);
#492 = EDGE_CURVE('',#493,#486,#495,.T.);
#493 = VERTEX_POINT('',#494);
#494 = CARTESIAN_POINT('',(66.,26.411617801966,20.126457162921));
#495 = B_SPLINE_CURVE_WITH_KNOTS('',8,(#496,#497,#498,#499,#500,#501,
    #502,#503,#504),.UNSPECIFIED.,.F.,.F.,(9,9),(0.,1.),
  .PIECEWISE_BEZIER_KNOTS.);
#496 = CARTESIAN_POINT('',(66.,26.411617801966,20.126457162921));
#497 = CARTESIAN_POINT('',(66.,26.401934755502,20.176046097843));
#498 = CARTESIAN_POINT('',(66.,26.394325686359,20.243441661198));
#499 = CARTESIAN_POINT('',(66.,26.388580423313,20.325298871922));
#500 = CARTESIAN_POINT('',(66.,26.384413688128,20.41820482457));
#501 = CARTESIAN_POINT('',(66.,26.381572748798,20.519442121698));
#502 = CARTESIAN_POINT('',(66.,26.37983557032,20.626972242785));
#503 = CARTESIAN_POINT('',(66.,26.379029143258,20.739574638998));
#504 = CARTESIAN_POINT('',(66.,26.379029143258,20.856838132022));
#505 = ORIENTED_EDGE('',*,*,#506,.F.);
#506 = EDGE_CURVE('',#507,#493,#509,.T.);
#507 = VERTEX_POINT('',#508);
#508 = CARTESIAN_POINT('',(66.,26.679634831461,19.695496839888));
#509 = B_SPLINE_CURVE_WITH_KNOTS('',5,(#510,#511,#512,#513,#514,#515,
    #516,#517,#518,#519),.UNSPECIFIED.,.F.,.F.,(6,4,6),(0.,
    0.443489076122,1.),.UNSPECIFIED.);
#510 = CARTESIAN_POINT('',(66.,26.679634831461,19.695496839888));
#511 = CARTESIAN_POINT('',(66.,26.642305399911,19.724155535938));
#512 = CARTESIAN_POINT('',(66.,26.607794024793,19.755025867361));
#513 = CARTESIAN_POINT('',(66.,26.576228783952,19.788104155462));
#514 = CARTESIAN_POINT('',(66.,26.547702348257,19.82335588501));
#515 = CARTESIAN_POINT('',(66.,26.490341000975,19.907582054422));
#516 = CARTESIAN_POINT('',(66.,26.463278113148,19.957767215288));
#517 = CARTESIAN_POINT('',(66.,26.441173220497,20.011121833125));
#518 = CARTESIAN_POINT('',(66.,26.423995188959,20.067436570207));
#519 = CARTESIAN_POINT('',(66.,26.411617801966,20.126457162921));
#520 = ORIENTED_EDGE('',*,*,#521,.F.);
#521 = EDGE_CURVE('',#522,#507,#524,.T.);
#522 = VERTEX_POINT('',#523);
#523 = CARTESIAN_POINT('',(66.,27.258922928371,19.533146067416));
#524 = B_SPLINE_CURVE_WITH_KNOTS('',5,(#525,#526,#527,#528,#529,#530,
    #531,#532,#533,#534),.UNSPECIFIED.,.F.,.F.,(6,4,6),(0.,
    0.522457799847,1.),.UNSPECIFIED.);
#525 = CARTESIAN_POINT('',(66.,27.258922928371,19.533146067416));
#526 = CARTESIAN_POINT('',(66.,27.186303463273,19.533146067416));
#527 = CARTESIAN_POINT('',(66.,27.116148267461,19.537111293875));
#528 = CARTESIAN_POINT('',(66.,27.048800681923,19.545331608017));
#529 = CARTESIAN_POINT('',(66.,26.984649647286,19.55808356265));
#530 = CARTESIAN_POINT('',(66.,26.868690740893,19.591494300952));
#531 = CARTESIAN_POINT('',(66.,26.816293082099,19.611379737313));
#532 = CARTESIAN_POINT('',(66.,26.767162024265,19.635325090907));
#533 = CARTESIAN_POINT('',(66.,26.72155048797,19.663386243755));
#534 = CARTESIAN_POINT('',(66.,26.679634831461,19.695496839888));
#535 = ORIENTED_EDGE('',*,*,#536,.F.);
#536 = EDGE_CURVE('',#537,#522,#539,.T.);
#537 = VERTEX_POINT('',#538);
#538 = CARTESIAN_POINT('',(66.,27.821817942416,19.686609023876));
#539 = B_SPLINE_CURVE_WITH_KNOTS('',5,(#540,#541,#542,#543,#544,#545,
    #546,#547,#548,#549),.UNSPECIFIED.,.F.,.F.,(6,4,6),(0.,
    0.459549641434,1.),.UNSPECIFIED.);
#540 = CARTESIAN_POINT('',(66.,27.821817942416,19.686609023876));
#541 = CARTESIAN_POINT('',(66.,27.785315552407,19.657064901963));
#542 = CARTESIAN_POINT('',(66.,27.744716863387,19.631203983218));
#543 = CARTESIAN_POINT('',(66.,27.700227888158,19.609070927108));
#544 = CARTESIAN_POINT('',(66.,27.652146828363,19.590585929321));
#545 = CARTESIAN_POINT('',(66.,27.540418074894,19.557988047366));
#546 = CARTESIAN_POINT('',(66.,27.47551715782,19.545217157905));
#547 = CARTESIAN_POINT('',(66.,27.406622442069,19.537054588154));
#548 = CARTESIAN_POINT('',(66.,27.334274327347,19.533146067416));
#549 = CARTESIAN_POINT('',(66.,27.258922928371,19.533146067416));
#550 = ORIENTED_EDGE('',*,*,#551,.F.);
#551 = EDGE_CURVE('',#552,#537,#554,.T.);
#552 = VERTEX_POINT('',#553);
#553 = CARTESIAN_POINT('',(66.,28.049938553371,20.063847436798));
#554 = B_SPLINE_CURVE_WITH_KNOTS('',5,(#555,#556,#557,#558,#559,#560,
    #561,#562,#563,#564),.UNSPECIFIED.,.F.,.F.,(6,4,6),(0.,
    0.352979945159,1.),.UNSPECIFIED.);
#555 = CARTESIAN_POINT('',(66.,28.049938553371,20.063847436798));
#556 = CARTESIAN_POINT('',(66.,28.044505992582,20.032310724935));
#557 = CARTESIAN_POINT('',(66.,28.037179012437,20.001552745184));
#558 = CARTESIAN_POINT('',(66.,28.027940704293,19.971612791971));
#559 = CARTESIAN_POINT('',(66.,28.016788941515,19.942524536804));
#560 = CARTESIAN_POINT('',(66.,27.979810744263,19.862609207546));
#561 = CARTESIAN_POINT('',(66.,27.949497316716,19.813855064645));
#562 = CARTESIAN_POINT('',(66.,27.912876842505,19.768231947626));
#563 = CARTESIAN_POINT('',(66.,27.870196822546,19.725816074649));
#564 = CARTESIAN_POINT('',(66.,27.821817942416,19.686609023876));
#565 = ORIENTED_EDGE('',*,*,#566,.F.);
#566 = EDGE_CURVE('',#567,#552,#569,.T.);
#567 = VERTEX_POINT('',#568);
#568 = CARTESIAN_POINT('',(66.,28.088452422753,20.80627633427));
#569 = B_SPLINE_CURVE_WITH_KNOTS('',7,(#570,#571,#572,#573,#574,#575,
    #576,#577),.UNSPECIFIED.,.F.,.F.,(8,8),(0.,1.),
  .PIECEWISE_BEZIER_KNOTS.);
#570 = CARTESIAN_POINT('',(66.,28.088452422753,20.80627633427));
#571 = CARTESIAN_POINT('',(66.,28.088452422753,20.677245989099));
#572 = CARTESIAN_POINT('',(66.,28.087062946622,20.553495481238));
#573 = CARTESIAN_POINT('',(66.,28.084076143432,20.435800860365));
#574 = CARTESIAN_POINT('',(66.,28.079216404486,20.325629591304));
#575 = CARTESIAN_POINT('',(66.,28.072155049604,20.225070275693));
#576 = CARTESIAN_POINT('',(66.,28.062510986191,20.136832021172));
#577 = CARTESIAN_POINT('',(66.,28.049938553371,20.063847436798));
#578 = ORIENTED_EDGE('',*,*,#579,.F.);
#579 = EDGE_CURVE('',#580,#567,#582,.T.);
#580 = VERTEX_POINT('',#581);
#581 = CARTESIAN_POINT('',(66.,28.088452422753,23.224157303371));
#582 = B_SPLINE_CURVE_WITH_KNOTS('',1,(#583,#584),.UNSPECIFIED.,.F.,.F.,
  (2,2),(0.,1.),.PIECEWISE_BEZIER_KNOTS.);
#583 = CARTESIAN_POINT('',(66.,28.088452422753,23.224157303371));
#584 = CARTESIAN_POINT('',(66.,28.088452422753,20.80627633427));
#585 = ORIENTED_EDGE('',*,*,#586,.F.);
#586 = EDGE_CURVE('',#587,#580,#589,.T.);
#587 = VERTEX_POINT('',#588);
#588 = CARTESIAN_POINT('',(66.,28.965383602528,23.224157303371));
#589 = B_SPLINE_CURVE_WITH_KNOTS('',1,(#590,#591),.UNSPECIFIED.,.F.,.F.,
  (2,2),(0.,1.),.PIECEWISE_BEZIER_KNOTS.);
#590 = CARTESIAN_POINT('',(66.,28.965383602528,23.224157303371));
#591 = CARTESIAN_POINT('',(66.,28.088452422753,23.224157303371));
#592 = ORIENTED_EDGE('',*,*,#593,.F.);
#593 = EDGE_CURVE('',#594,#587,#596,.T.);
#594 = VERTEX_POINT('',#595);
#595 = CARTESIAN_POINT('',(66.,28.965383602528,20.939396067416));
#596 = B_SPLINE_CURVE_WITH_KNOTS('',1,(#597,#598),.UNSPECIFIED.,.F.,.F.,
  (2,2),(0.,1.),.PIECEWISE_BEZIER_KNOTS.);
#597 = CARTESIAN_POINT('',(66.,28.965383602528,20.939396067416));
#598 = CARTESIAN_POINT('',(66.,28.965383602528,23.224157303371));
#599 = ORIENTED_EDGE('',*,*,#600,.F.);
#600 = EDGE_CURVE('',#601,#594,#603,.T.);
#601 = VERTEX_POINT('',#602);
#602 = CARTESIAN_POINT('',(66.,28.894281074438,19.832566713483));
#603 = B_SPLINE_CURVE_WITH_KNOTS('',7,(#604,#605,#606,#607,#608,#609,
    #610,#611,#612,#613,#614,#615,#616,#617),.UNSPECIFIED.,.F.,.F.,(8,6,
    8),(0.,0.805670485695,1.),.UNSPECIFIED.);
#604 = CARTESIAN_POINT('',(66.,28.894281074438,19.832566713483));
#605 = CARTESIAN_POINT('',(66.,28.914832234458,19.926074491572));
#606 = CARTESIAN_POINT('',(66.,28.930463448449,20.035366909871));
#607 = CARTESIAN_POINT('',(66.,28.942250110435,20.155625781879));
#608 = CARTESIAN_POINT('',(66.,28.95092724209,20.283583724022));
#609 = CARTESIAN_POINT('',(66.,28.957091519346,20.416973473338));
#610 = CARTESIAN_POINT('',(66.,28.961176980141,20.554606280064));
#611 = CARTESIAN_POINT('',(66.,28.964053465453,20.730417768233));
#612 = CARTESIAN_POINT('',(66.,28.964509188981,20.764791646913));
#613 = CARTESIAN_POINT('',(66.,28.964866073185,20.799361829824));
#614 = CARTESIAN_POINT('',(66.,28.96512825329,20.834117095925));
#615 = CARTESIAN_POINT('',(66.,28.965299576608,20.86904721647));
#616 = CARTESIAN_POINT('',(66.,28.965383602528,20.904142955016));
#617 = CARTESIAN_POINT('',(66.,28.965383602528,20.939396067416));
#618 = ORIENTED_EDGE('',*,*,#619,.F.);
#619 = EDGE_CURVE('',#620,#601,#622,.T.);
#620 = VERTEX_POINT('',#621);
#621 = CARTESIAN_POINT('',(66.,28.631991748596,19.286657303371));
#622 = B_SPLINE_CURVE_WITH_KNOTS('',5,(#623,#624,#625,#626,#627,#628),
  .UNSPECIFIED.,.F.,.F.,(6,6),(0.,1.),.PIECEWISE_BEZIER_KNOTS.);
#623 = CARTESIAN_POINT('',(66.,28.631991748596,19.286657303371));
#624 = CARTESIAN_POINT('',(66.,28.70932582382,19.376693979794));
#625 = CARTESIAN_POINT('',(66.,28.774423490789,19.477081728366));
#626 = CARTESIAN_POINT('',(66.,28.826734903268,19.587235712319));
#627 = CARTESIAN_POINT('',(66.,28.866476385971,19.706132616205));
#628 = CARTESIAN_POINT('',(66.,28.894281074438,19.832566713483));
#629 = ORIENTED_EDGE('',*,*,#630,.F.);
#630 = EDGE_CURVE('',#631,#620,#633,.T.);
#631 = VERTEX_POINT('',#632);
#632 = CARTESIAN_POINT('',(66.,28.121041081461,18.931934691011));
#633 = B_SPLINE_CURVE_WITH_KNOTS('',5,(#634,#635,#636,#637,#638,#639),
  .UNSPECIFIED.,.F.,.F.,(6,6),(0.,1.),.PIECEWISE_BEZIER_KNOTS.);
#634 = CARTESIAN_POINT('',(66.,28.121041081461,18.931934691011));
#635 = CARTESIAN_POINT('',(66.,28.245313165025,18.983254458853));
#636 = CARTESIAN_POINT('',(66.,28.359837804173,19.044099642172));
#637 = CARTESIAN_POINT('',(66.,28.463214242339,19.114940599375));
#638 = CARTESIAN_POINT('',(66.,28.554167276103,19.195955979173));
#639 = CARTESIAN_POINT('',(66.,28.631991748596,19.286657303371));
#640 = ORIENTED_EDGE('',*,*,#641,.F.);
#641 = EDGE_CURVE('',#642,#631,#644,.T.);
#642 = VERTEX_POINT('',#643);
#643 = CARTESIAN_POINT('',(66.,27.285586376404,18.8));
#644 = B_SPLINE_CURVE_WITH_KNOTS('',6,(#645,#646,#647,#648,#649,#650,
    #651),.UNSPECIFIED.,.F.,.F.,(7,7),(0.,1.),.PIECEWISE_BEZIER_KNOTS.);
#645 = CARTESIAN_POINT('',(66.,27.285586376404,18.8));
#646 = CARTESIAN_POINT('',(66.,27.442935984718,18.8));
#647 = CARTESIAN_POINT('',(66.,27.594963620245,18.807375009481));
#648 = CARTESIAN_POINT('',(66.,27.740579198645,18.823114548532));
#649 = CARTESIAN_POINT('',(66.,27.878174396942,18.848367857486));
#650 = CARTESIAN_POINT('',(66.,28.005685545805,18.884368334334));
#651 = CARTESIAN_POINT('',(66.,28.121041081461,18.931934691011));
#652 = ORIENTED_EDGE('',*,*,#653,.F.);
#653 = EDGE_CURVE('',#654,#642,#656,.T.);
#654 = VERTEX_POINT('',#655);
#655 = CARTESIAN_POINT('',(66.,26.341897823034,18.94378511236));
#656 = B_SPLINE_CURVE_WITH_KNOTS('',5,(#657,#658,#659,#660,#661,#662,
    #663,#664,#665,#666),.UNSPECIFIED.,.F.,.F.,(6,4,6),(0.,
    0.420732084815,1.),.UNSPECIFIED.);
#657 = CARTESIAN_POINT('',(66.,26.341897823034,18.94378511236));
#658 = CARTESIAN_POINT('',(66.,26.403460162061,18.916256007438));
#659 = CARTESIAN_POINT('',(66.,26.470408192529,18.892693192269));
#660 = CARTESIAN_POINT('',(66.,26.541924629015,18.872835402913));
#661 = CARTESIAN_POINT('',(66.,26.617246876677,18.856332032342));
#662 = CARTESIAN_POINT('',(66.,26.803993293241,18.824322612876));
#663 = CARTESIAN_POINT('',(66.,26.918297359918,18.811539762089));
#664 = CARTESIAN_POINT('',(66.,27.037285534855,18.803666554648));
#665 = CARTESIAN_POINT('',(66.,27.159920249188,18.8));
#666 = CARTESIAN_POINT('',(66.,27.285586376404,18.8));
#667 = ORIENTED_EDGE('',*,*,#668,.F.);
#668 = EDGE_CURVE('',#669,#654,#671,.T.);
#669 = VERTEX_POINT('',#670);
#670 = CARTESIAN_POINT('',(66.,25.833909761236,19.317665905899));
#671 = B_SPLINE_CURVE_WITH_KNOTS('',5,(#672,#673,#674,#675,#676,#677),
  .UNSPECIFIED.,.F.,.F.,(6,6),(0.,1.),.PIECEWISE_BEZIER_KNOTS.);
#672 = CARTESIAN_POINT('',(66.,25.833909761236,19.317665905899));
#673 = CARTESIAN_POINT('',(66.,25.910078220208,19.223845708816));
#674 = CARTESIAN_POINT('',(66.,25.999966675259,19.139339646939));
#675 = CARTESIAN_POINT('',(66.,26.102823802403,19.064652429658));
#676 = CARTESIAN_POINT('',(66.,26.217290295728,18.999617249671));
#677 = CARTESIAN_POINT('',(66.,26.341897823034,18.94378511236));
#678 = ORIENTED_EDGE('',*,*,#679,.F.);
#679 = EDGE_CURVE('',#680,#669,#682,.T.);
#680 = VERTEX_POINT('',#681);
#681 = CARTESIAN_POINT('',(66.,25.588013518258,19.799978054775));
#682 = B_SPLINE_CURVE_WITH_KNOTS('',5,(#683,#684,#685,#686,#687,#688),
  .UNSPECIFIED.,.F.,.F.,(6,6),(0.,1.),.PIECEWISE_BEZIER_KNOTS.);
#683 = CARTESIAN_POINT('',(66.,25.588013518258,19.799978054775));
#684 = CARTESIAN_POINT('',(66.,25.611993124874,19.697904862615));
#685 = CARTESIAN_POINT('',(66.,25.648977660975,19.59824831396));
#686 = CARTESIAN_POINT('',(66.,25.698775194933,19.501479503414));
#687 = CARTESIAN_POINT('',(66.,25.760720796526,19.407893571388));
#688 = CARTESIAN_POINT('',(66.,25.833909761236,19.317665905899));
#689 = ORIENTED_EDGE('',*,*,#690,.F.);
#690 = EDGE_CURVE('',#691,#680,#693,.T.);
#691 = VERTEX_POINT('',#692);
#692 = CARTESIAN_POINT('',(66.,25.502097963483,20.903844803371));
#693 = B_SPLINE_CURVE_WITH_KNOTS('',7,(#694,#695,#696,#697,#698,#699,
    #700,#701),.UNSPECIFIED.,.F.,.F.,(8,8),(0.,1.),
  .PIECEWISE_BEZIER_KNOTS.);
#694 = CARTESIAN_POINT('',(66.,25.502097963483,20.903844803371));
#695 = CARTESIAN_POINT('',(66.,25.502097963483,20.726964862371));
#696 = CARTESIAN_POINT('',(66.,25.50504016684,20.554344157059));
#697 = CARTESIAN_POINT('',(66.,25.511401967764,20.386337566305));
#698 = CARTESIAN_POINT('',(66.,25.521845175197,20.224176183491));
#699 = CARTESIAN_POINT('',(66.,25.537269321416,20.070068520791));
#700 = CARTESIAN_POINT('',(66.,25.55878953312,19.927152776309));
#701 = CARTESIAN_POINT('',(66.,25.588013518258,19.799978054775));
#702 = ORIENTED_EDGE('',*,*,#703,.F.);
#703 = EDGE_CURVE('',#479,#691,#704,.T.);
#704 = B_SPLINE_CURVE_WITH_KNOTS('',1,(#705,#706),.UNSPECIFIED.,.F.,.F.,
  (2,2),(0.,1.),.PIECEWISE_BEZIER_KNOTS.);
#705 = CARTESIAN_POINT('',(66.,25.502097963483,23.224157303371));
#706 = CARTESIAN_POINT('',(66.,25.502097963483,20.903844803371));
#707 = FACE_BOUND('',#708,.T.);
#708 = EDGE_LOOP('',(#709,#718,#725,#732,#739,#746,#753,#760));
#709 = ORIENTED_EDGE('',*,*,#710,.F.);
#710 = EDGE_CURVE('',#711,#713,#715,.T.);
#711 = VERTEX_POINT('',#712);
#712 = CARTESIAN_POINT('',(66.,30.871918890449,22.491011235955));
#713 = VERTEX_POINT('',#714);
#714 = CARTESIAN_POINT('',(66.,30.871918890449,18.875842696629));
#715 = B_SPLINE_CURVE_WITH_KNOTS('',1,(#716,#717),.UNSPECIFIED.,.F.,.F.,
  (2,2),(0.,1.),.PIECEWISE_BEZIER_KNOTS.);
#716 = CARTESIAN_POINT('',(66.,30.871918890449,22.491011235955));
#717 = CARTESIAN_POINT('',(66.,30.871918890449,18.875842696629));
#718 = ORIENTED_EDGE('',*,*,#719,.F.);
#719 = EDGE_CURVE('',#720,#711,#722,.T.);
#720 = VERTEX_POINT('',#721);
#721 = CARTESIAN_POINT('',(66.,29.58318556882,22.491011235955));
#722 = B_SPLINE_CURVE_WITH_KNOTS('',1,(#723,#724),.UNSPECIFIED.,.F.,.F.,
  (2,2),(0.,1.),.PIECEWISE_BEZIER_KNOTS.);
#723 = CARTESIAN_POINT('',(66.,29.58318556882,22.491011235955));
#724 = CARTESIAN_POINT('',(66.,30.871918890449,22.491011235955));
#725 = ORIENTED_EDGE('',*,*,#726,.F.);
#726 = EDGE_CURVE('',#727,#720,#729,.T.);
#727 = VERTEX_POINT('',#728);
#728 = CARTESIAN_POINT('',(66.,29.58318556882,23.224157303371));
#729 = B_SPLINE_CURVE_WITH_KNOTS('',1,(#730,#731),.UNSPECIFIED.,.F.,.F.,
  (2,2),(0.,1.),.PIECEWISE_BEZIER_KNOTS.);
#730 = CARTESIAN_POINT('',(66.,29.58318556882,23.224157303371));
#731 = CARTESIAN_POINT('',(66.,29.58318556882,22.491011235955));
#732 = ORIENTED_EDGE('',*,*,#733,.F.);
#733 = EDGE_CURVE('',#734,#727,#736,.T.);
#734 = VERTEX_POINT('',#735);
#735 = CARTESIAN_POINT('',(66.,33.034620786517,23.224157303371));
#736 = B_SPLINE_CURVE_WITH_KNOTS('',1,(#737,#738),.UNSPECIFIED.,.F.,.F.,
  (2,2),(0.,1.),.PIECEWISE_BEZIER_KNOTS.);
#737 = CARTESIAN_POINT('',(66.,33.034620786517,23.224157303371));
#738 = CARTESIAN_POINT('',(66.,29.58318556882,23.224157303371));
#739 = ORIENTED_EDGE('',*,*,#740,.F.);
#740 = EDGE_CURVE('',#741,#734,#743,.T.);
#741 = VERTEX_POINT('',#742);
#742 = CARTESIAN_POINT('',(66.,33.034620786517,22.491011235955));
#743 = B_SPLINE_CURVE_WITH_KNOTS('',1,(#744,#745),.UNSPECIFIED.,.F.,.F.,
  (2,2),(0.,1.),.PIECEWISE_BEZIER_KNOTS.);
#744 = CARTESIAN_POINT('',(66.,33.034620786517,22.491011235955));
#745 = CARTESIAN_POINT('',(66.,33.034620786517,23.224157303371));
#746 = ORIENTED_EDGE('',*,*,#747,.F.);
#747 = EDGE_CURVE('',#748,#741,#750,.T.);
#748 = VERTEX_POINT('',#749);
#749 = CARTESIAN_POINT('',(66.,31.748850070225,22.491011235955));
#750 = B_SPLINE_CURVE_WITH_KNOTS('',1,(#751,#752),.UNSPECIFIED.,.F.,.F.,
  (2,2),(0.,1.),.PIECEWISE_BEZIER_KNOTS.);
#751 = CARTESIAN_POINT('',(66.,31.748850070225,22.491011235955));
#752 = CARTESIAN_POINT('',(66.,33.034620786517,22.491011235955));
#753 = ORIENTED_EDGE('',*,*,#754,.F.);
#754 = EDGE_CURVE('',#755,#748,#757,.T.);
#755 = VERTEX_POINT('',#756);
#756 = CARTESIAN_POINT('',(66.,31.748850070225,18.875842696629));
#757 = B_SPLINE_CURVE_WITH_KNOTS('',1,(#758,#759),.UNSPECIFIED.,.F.,.F.,
  (2,2),(0.,1.),.PIECEWISE_BEZIER_KNOTS.);
#758 = CARTESIAN_POINT('',(66.,31.748850070225,18.875842696629));
#759 = CARTESIAN_POINT('',(66.,31.748850070225,22.491011235955));
#760 = ORIENTED_EDGE('',*,*,#761,.F.);
#761 = EDGE_CURVE('',#713,#755,#762,.T.);
#762 = B_SPLINE_CURVE_WITH_KNOTS('',1,(#763,#764),.UNSPECIFIED.,.F.,.F.,
  (2,2),(0.,1.),.PIECEWISE_BEZIER_KNOTS.);
#763 = CARTESIAN_POINT('',(66.,30.871918890449,18.875842696629));
#764 = CARTESIAN_POINT('',(66.,31.748850070225,18.875842696629));
#765 = FACE_BOUND('',#766,.T.);
#766 = EDGE_LOOP('',(#767,#784,#797,#808,#823,#846,#873,#896,#919,#942)
  );
#767 = ORIENTED_EDGE('',*,*,#768,.F.);
#768 = EDGE_CURVE('',#769,#771,#773,.T.);
#769 = VERTEX_POINT('',#770);
#770 = CARTESIAN_POINT('',(66.,20.813873771067,22.139448735955));
#771 = VERTEX_POINT('',#772);
#772 = CARTESIAN_POINT('',(66.,20.615379213483,21.023336551966));
#773 = B_SPLINE_CURVE_WITH_KNOTS('',5,(#774,#775,#776,#777,#778,#779,
    #780,#781,#782,#783),.UNSPECIFIED.,.F.,.F.,(6,4,6),(0.,
    0.480492570816,1.),.UNSPECIFIED.);
#774 = CARTESIAN_POINT('',(66.,20.813873771067,22.139448735955));
#775 = CARTESIAN_POINT('',(66.,20.772606462727,22.045622069728));
#776 = CARTESIAN_POINT('',(66.,20.737321653642,21.947437057582));
#777 = CARTESIAN_POINT('',(66.,20.707805160653,21.845492121911));
#778 = CARTESIAN_POINT('',(66.,20.683692581714,21.740367247512));
#779 = CARTESIAN_POINT('',(66.,20.643971001963,21.515948774332));
#780 = CARTESIAN_POINT('',(66.,20.629212042541,21.396201982521));
#781 = CARTESIAN_POINT('',(66.,20.619845929221,21.273884355769));
#782 = CARTESIAN_POINT('',(66.,20.615379213483,21.149480347725));
#783 = CARTESIAN_POINT('',(66.,20.615379213483,21.023336551966));
#784 = ORIENTED_EDGE('',*,*,#785,.F.);
#785 = EDGE_CURVE('',#786,#769,#788,.T.);
#786 = VERTEX_POINT('',#787);
#787 = CARTESIAN_POINT('',(66.,21.218170646067,22.73591994382));
#788 = B_SPLINE_CURVE_WITH_KNOTS('',4,(#789,#790,#791,#792,#793,#794,
    #795,#796),.UNSPECIFIED.,.F.,.F.,(5,3,5),(0.,0.588310512575,1.),
  .UNSPECIFIED.);
#789 = CARTESIAN_POINT('',(66.,21.218170646067,22.73591994382));
#790 = CARTESIAN_POINT('',(66.,21.143228190178,22.658666232545));
#791 = CARTESIAN_POINT('',(66.,21.074083523631,22.577136105355));
#792 = CARTESIAN_POINT('',(66.,21.011049123552,22.4914219575));
#793 = CARTESIAN_POINT('',(66.,20.914539728144,22.338999164434));
#794 = CARTESIAN_POINT('',(66.,20.87787125769,22.274309660897));
#795 = CARTESIAN_POINT('',(66.,20.844315045437,22.207758955641));
#796 = CARTESIAN_POINT('',(66.,20.813873771067,22.139448735955));
#797 = ORIENTED_EDGE('',*,*,#798,.F.);
#798 = EDGE_CURVE('',#799,#786,#801,.T.);
#799 = VERTEX_POINT('',#800);
#800 = CARTESIAN_POINT('',(66.,21.779683110955,23.127773876404));
#801 = B_SPLINE_CURVE_WITH_KNOTS('',5,(#802,#803,#804,#805,#806,#807),
  .UNSPECIFIED.,.F.,.F.,(6,6),(0.,1.),.PIECEWISE_BEZIER_KNOTS.);
#802 = CARTESIAN_POINT('',(66.,21.779683110955,23.127773876404));
#803 = CARTESIAN_POINT('',(66.,21.656017832166,23.076066581843));
#804 = CARTESIAN_POINT('',(66.,21.537571080845,23.010417843688));
#805 = CARTESIAN_POINT('',(66.,21.424965490546,22.931198668515));
#806 = CARTESIAN_POINT('',(66.,21.318477048781,22.839317452934));
#807 = CARTESIAN_POINT('',(66.,21.218170646067,22.73591994382));
#808 = ORIENTED_EDGE('',*,*,#809,.F.);
#809 = EDGE_CURVE('',#810,#799,#812,.T.);
#810 = VERTEX_POINT('',#811);
#811 = CARTESIAN_POINT('',(66.,22.715866397472,23.3));
#812 = B_SPLINE_CURVE_WITH_KNOTS('',5,(#813,#814,#815,#816,#817,#818,
    #819,#820,#821,#822),.UNSPECIFIED.,.F.,.F.,(6,4,6),(0.,
    0.511287920978,1.),.UNSPECIFIED.);
#813 = CARTESIAN_POINT('',(66.,22.715866397472,23.3));
#814 = CARTESIAN_POINT('',(66.,22.612777313723,23.3));
#815 = CARTESIAN_POINT('',(66.,22.511071093301,23.29593220618));
#816 = CARTESIAN_POINT('',(66.,22.410972095312,23.287551515838));
#817 = CARTESIAN_POINT('',(66.,22.312743187094,23.274618171198));
#818 = CARTESIAN_POINT('',(66.,22.124833821396,23.240049190842));
#819 = CARTESIAN_POINT('',(66.,22.034966118282,23.218822816579));
#820 = CARTESIAN_POINT('',(66.,21.947315057142,23.193100694296));
#821 = CARTESIAN_POINT('',(66.,21.862139247718,23.162762563148));
#822 = CARTESIAN_POINT('',(66.,21.779683110955,23.127773876405));
#823 = ORIENTED_EDGE('',*,*,#824,.F.);
#824 = EDGE_CURVE('',#825,#810,#827,.T.);
#825 = VERTEX_POINT('',#826);
#826 = CARTESIAN_POINT('',(66.,24.251878511236,22.703331285112));
#827 = B_SPLINE_CURVE_WITH_KNOTS('',5,(#828,#829,#830,#831,#832,#833,
    #834,#835,#836,#837,#838,#839,#840,#841,#842,#843,#844,#845),
  .UNSPECIFIED.,.F.,.F.,(6,4,4,4,6),(0.,0.260210920224,0.489991695869,
    0.725753829473,1.),.UNSPECIFIED.);
#828 = CARTESIAN_POINT('',(66.,24.251878511236,22.703331285112));
#829 = CARTESIAN_POINT('',(66.,24.190918504048,22.766464703595));
#830 = CARTESIAN_POINT('',(66.,24.126689557847,22.826027536648));
#831 = CARTESIAN_POINT('',(66.,24.059260005481,22.881682496711));
#832 = CARTESIAN_POINT('',(66.,23.98878012639,22.933159029182));
#833 = CARTESIAN_POINT('',(66.,23.850810288404,23.021910376459));
#834 = CARTESIAN_POINT('',(66.,23.783929215908,23.060145440822));
#835 = CARTESIAN_POINT('',(66.,23.715045083848,23.094880923428));
#836 = CARTESIAN_POINT('',(66.,23.644366361544,23.126087511923));
#837 = CARTESIAN_POINT('',(66.,23.497996733873,23.182236392724));
#838 = CARTESIAN_POINT('',(66.,23.422219438201,23.206995864018));
#839 = CARTESIAN_POINT('',(66.,23.345032216045,23.228119906384));
#840 = CARTESIAN_POINT('',(66.,23.266670089252,23.245728482765));
#841 = CARTESIAN_POINT('',(66.,23.09506851736,23.276546721514));
#842 = CARTESIAN_POINT('',(66.,23.001487846821,23.288569198069));
#843 = CARTESIAN_POINT('',(66.,22.906925267912,23.296286491955));
#844 = CARTESIAN_POINT('',(66.,22.811650919429,23.3));
#845 = CARTESIAN_POINT('',(66.,22.715866397472,23.3));
#846 = ORIENTED_EDGE('',*,*,#847,.F.);
#847 = EDGE_CURVE('',#848,#825,#850,.T.);
#848 = VERTEX_POINT('',#849);
#849 = CARTESIAN_POINT('',(66.,24.828204002809,21.044074789326));
#850 = B_SPLINE_CURVE_WITH_KNOTS('',6,(#851,#852,#853,#854,#855,#856,
    #857,#858,#859,#860,#861,#862,#863,#864,#865,#866,#867,#868,#869,
    #870,#871,#872),.UNSPECIFIED.,.F.,.F.,(7,5,5,5,7),(0.,0.371946293248
    ,0.64575553009,0.907175643217,1.),.UNSPECIFIED.);
#851 = CARTESIAN_POINT('',(66.,24.828204002809,21.044074789326));
#852 = CARTESIAN_POINT('',(66.,24.828204002809,21.159738962864));
#853 = CARTESIAN_POINT('',(66.,24.824106837342,21.274797765481));
#854 = CARTESIAN_POINT('',(66.,24.815552693083,21.389045332225));
#855 = CARTESIAN_POINT('',(66.,24.802148705331,21.502189693214));
#856 = CARTESIAN_POINT('',(66.,24.783488220865,21.613857340653));
#857 = CARTESIAN_POINT('',(66.,24.741335128756,21.804400482903));
#858 = CARTESIAN_POINT('',(66.,24.720416964844,21.884151701928));
#859 = CARTESIAN_POINT('',(66.,24.696312429863,21.962677598449));
#860 = CARTESIAN_POINT('',(66.,24.668894121664,22.039770961033));
#861 = CARTESIAN_POINT('',(66.,24.638068706045,22.115209880411));
#862 = CARTESIAN_POINT('',(66.,24.57107538601,22.258995151543));
#863 = CARTESIAN_POINT('',(66.,24.53521023428,22.327512819097));
#864 = CARTESIAN_POINT('',(66.,24.496169693963,22.394114710119));
#865 = CARTESIAN_POINT('',(66.,24.453962682804,22.458609980196));
#866 = CARTESIAN_POINT('',(66.,24.408647773594,22.520827987034));
#867 = CARTESIAN_POINT('',(66.,24.343190246468,22.601856760102));
#868 = CARTESIAN_POINT('',(66.,24.325660712109,22.622784222875));
#869 = CARTESIAN_POINT('',(66.,24.307758789548,22.643400611552));
#870 = CARTESIAN_POINT('',(66.,24.289490133425,22.663700395086));
#871 = CARTESIAN_POINT('',(66.,24.270861052815,22.683678694944));
#872 = CARTESIAN_POINT('',(66.,24.251878511236,22.703331285112));
#873 = ORIENTED_EDGE('',*,*,#874,.F.);
#874 = EDGE_CURVE('',#875,#848,#877,.T.);
#875 = VERTEX_POINT('',#876);
#876 = CARTESIAN_POINT('',(66.,24.256421172753,19.395088658708));
#877 = B_SPLINE_CURVE_WITH_KNOTS('',5,(#878,#879,#880,#881,#882,#883,
    #884,#885,#886,#887,#888,#889,#890,#891,#892,#893,#894,#895),
  .UNSPECIFIED.,.F.,.F.,(6,4,4,4,6),(0.,9.482366523608E-02,
    0.357508921964,0.630516021763,1.),.UNSPECIFIED.);
#878 = CARTESIAN_POINT('',(66.,24.256421172753,19.395088658708));
#879 = CARTESIAN_POINT('',(66.,24.279476086843,19.419091253204));
#880 = CARTESIAN_POINT('',(66.,24.301983759017,19.44359478464));
#881 = CARTESIAN_POINT('',(66.,24.323929672928,19.468590457146));
#882 = CARTESIAN_POINT('',(66.,24.345301389671,19.494067415145));
#883 = CARTESIAN_POINT('',(66.,24.423674172098,19.591887788295));
#884 = CARTESIAN_POINT('',(66.,24.47677782042,19.667362222051));
#885 = CARTESIAN_POINT('',(66.,24.525168045589,19.746149270687));
#886 = CARTESIAN_POINT('',(66.,24.568787990041,19.827884691468));
#887 = CARTESIAN_POINT('',(66.,24.648143246102,19.999752066202));
#888 = CARTESIAN_POINT('',(66.,24.683504725581,20.090095524313));
#889 = CARTESIAN_POINT('',(66.,24.713862891685,20.182752194059));
#890 = CARTESIAN_POINT('',(66.,24.73945022736,20.277298021398));
#891 = CARTESIAN_POINT('',(66.,24.789086155591,20.503406750107));
#892 = CARTESIAN_POINT('',(66.,24.80939365271,20.636237383236));
#893 = CARTESIAN_POINT('',(66.,24.822164187529,20.771019116309));
#894 = CARTESIAN_POINT('',(66.,24.828204002809,20.907098431562));
#895 = CARTESIAN_POINT('',(66.,24.828204002809,21.044074789326));
#896 = ORIENTED_EDGE('',*,*,#897,.F.);
#897 = EDGE_CURVE('',#898,#875,#900,.T.);
#898 = VERTEX_POINT('',#899);
#899 = CARTESIAN_POINT('',(66.,22.72771681882,18.8));
#900 = B_SPLINE_CURVE_WITH_KNOTS('',5,(#901,#902,#903,#904,#905,#906,
    #907,#908,#909,#910,#911,#912,#913,#914,#915,#916,#917,#918),
  .UNSPECIFIED.,.F.,.F.,(6,4,4,4,6),(0.,0.275416021424,0.51213862224,
    0.740870128936,1.),.UNSPECIFIED.);
#901 = CARTESIAN_POINT('',(66.,22.72771681882,18.8));
#902 = CARTESIAN_POINT('',(66.,22.823540495618,18.8));
#903 = CARTESIAN_POINT('',(66.,22.918846020954,18.80372969425));
#904 = CARTESIAN_POINT('',(66.,23.013429579227,18.811483198566));
#905 = CARTESIAN_POINT('',(66.,23.107017275522,18.823566566181));
#906 = CARTESIAN_POINT('',(66.,23.27858184114,18.85454864304));
#907 = CARTESIAN_POINT('',(66.,23.35690520041,18.872251386654));
#908 = CARTESIAN_POINT('',(66.,23.434037040289,18.893491875876));
#909 = CARTESIAN_POINT('',(66.,23.509738644528,18.918392020357));
#910 = CARTESIAN_POINT('',(66.,23.655290642963,18.974627024582));
#911 = CARTESIAN_POINT('',(66.,23.725255865818,19.005717601184));
#912 = CARTESIAN_POINT('',(66.,23.793433522744,19.040299257191));
#913 = CARTESIAN_POINT('',(66.,23.859617576609,19.078342792282));
#914 = CARTESIAN_POINT('',(66.,23.99615603524,19.166627348809));
#915 = CARTESIAN_POINT('',(66.,24.065902462246,19.217821835707));
#916 = CARTESIAN_POINT('',(66.,24.132614150771,19.27315306037));
#917 = CARTESIAN_POINT('',(66.,24.196142747486,19.332353288992));
#918 = CARTESIAN_POINT('',(66.,24.256421172753,19.395088658708));
#919 = ORIENTED_EDGE('',*,*,#920,.F.);
#920 = EDGE_CURVE('',#921,#898,#923,.T.);
#921 = VERTEX_POINT('',#922);
#922 = CARTESIAN_POINT('',(66.,21.187162043539,19.392126053371));
#923 = B_SPLINE_CURVE_WITH_KNOTS('',5,(#924,#925,#926,#927,#928,#929,
    #930,#931,#932,#933,#934,#935,#936,#937,#938,#939,#940,#941),
  .UNSPECIFIED.,.F.,.F.,(6,4,4,4,6),(0.,0.234847037805,0.469686183792,
    0.712142660342,1.),.UNSPECIFIED.);
#924 = CARTESIAN_POINT('',(66.,21.187162043539,19.392126053371));
#925 = CARTESIAN_POINT('',(66.,21.24213452962,19.335197724089));
#926 = CARTESIAN_POINT('',(66.,21.299843086859,19.281231760078));
#927 = CARTESIAN_POINT('',(66.,21.360229049609,19.23047567698));
#928 = CARTESIAN_POINT('',(66.,21.423175528443,19.183128103494));
#929 = CARTESIAN_POINT('',(66.,21.553802895131,19.095507854246));
#930 = CARTESIAN_POINT('',(66.,21.62148871279,19.055231527133));
#931 = CARTESIAN_POINT('',(66.,21.691356397415,19.018617702332));
#932 = CARTESIAN_POINT('',(66.,21.763177964279,18.985699441763));
#933 = CARTESIAN_POINT('',(66.,21.912611286041,18.92622607116));
#934 = CARTESIAN_POINT('',(66.,21.990339638814,18.899910355294));
#935 = CARTESIAN_POINT('',(66.,22.069616737878,18.877445050856));
#936 = CARTESIAN_POINT('',(66.,22.150180322103,18.85869419257));
#937 = CARTESIAN_POINT('',(66.,22.328698235418,18.825430738347));
#938 = CARTESIAN_POINT('',(66.,22.427084553148,18.812369300773));
#939 = CARTESIAN_POINT('',(66.,22.526577370426,18.804010982121));
#940 = CARTESIAN_POINT('',(66.,22.626863849548,18.8));
#941 = CARTESIAN_POINT('',(66.,22.72771681882,18.8));
#942 = ORIENTED_EDGE('',*,*,#943,.F.);
#943 = EDGE_CURVE('',#771,#921,#944,.T.);
#944 = B_SPLINE_CURVE_WITH_KNOTS('',5,(#945,#946,#947,#948,#949,#950,
    #951,#952,#953,#954,#955,#956,#957,#958,#959,#960,#961,#962),
  .UNSPECIFIED.,.F.,.F.,(6,4,4,4,6),(0.,0.357141451821,0.627833972162,
    0.887761387995,1.),.UNSPECIFIED.);
#945 = CARTESIAN_POINT('',(66.,20.615379213483,21.023336551966));
#946 = CARTESIAN_POINT('',(66.,20.615379213483,20.892232898351));
#947 = CARTESIAN_POINT('',(66.,20.621071050667,20.761970678522));
#948 = CARTESIAN_POINT('',(66.,20.633076502353,20.632919694098));
#949 = CARTESIAN_POINT('',(66.,20.652109457117,20.505664801852));
#950 = CARTESIAN_POINT('',(66.,20.69900112409,20.286435393558));
#951 = CARTESIAN_POINT('',(66.,20.723607527398,20.193379697494));
#952 = CARTESIAN_POINT('',(66.,20.752863473705,20.10212957447));
#953 = CARTESIAN_POINT('',(66.,20.786987476669,20.013085598694));
#954 = CARTESIAN_POINT('',(66.,20.863563025733,19.843678573002));
#955 = CARTESIAN_POINT('',(66.,20.905632228006,19.763104460313));
#956 = CARTESIAN_POINT('',(66.,20.95231918564,19.685321184309));
#957 = CARTESIAN_POINT('',(66.,21.003571169219,19.610670101301));
#958 = CARTESIAN_POINT('',(66.,21.08318478934,19.508657743795));
#959 = CARTESIAN_POINT('',(66.,21.108006934295,19.478526436082));
#960 = CARTESIAN_POINT('',(66.,21.133624726051,19.449049940078));
#961 = CARTESIAN_POINT('',(66.,21.160017832231,19.420245393514));
#962 = CARTESIAN_POINT('',(66.,21.187162043539,19.392126053371));
#963 = PLANE('',#964);
#964 = AXIS2_PLACEMENT_3D('',#965,#966,#967);
#965 = CARTESIAN_POINT('',(66.,-2.9,-2.5));
#966 = DIRECTION('',(1.,0.,0.));
#967 = DIRECTION('',(0.,0.,1.));
#968 = ADVANCED_FACE('',(#969),#987,.F.);
#969 = FACE_BOUND('',#970,.F.);
#970 = EDGE_LOOP('',(#971,#972,#980,#986));
#971 = ORIENTED_EDGE('',*,*,#88,.F.);
#972 = ORIENTED_EDGE('',*,*,#973,.T.);
#973 = EDGE_CURVE('',#89,#974,#976,.T.);
#974 = VERTEX_POINT('',#975);
#975 = CARTESIAN_POINT('',(63.6,33.325,15.6));
#976 = LINE('',#977,#978);
#977 = CARTESIAN_POINT('',(63.6,33.325,2.25));
#978 = VECTOR('',#979,1.);
#979 = DIRECTION('',(0.,0.,1.));
#980 = ORIENTED_EDGE('',*,*,#981,.T.);
#981 = EDGE_CURVE('',#974,#453,#982,.T.);
#982 = LINE('',#983,#984);
#983 = CARTESIAN_POINT('',(62.6,33.325,15.6));
#984 = VECTOR('',#985,1.);
#985 = DIRECTION('',(1.,0.,0.));
#986 = ORIENTED_EDGE('',*,*,#460,.F.);
#987 = PLANE('',#988);
#988 = AXIS2_PLACEMENT_3D('',#989,#990,#991);
#989 = CARTESIAN_POINT('',(62.6,33.325,4.5));
#990 = DIRECTION('',(0.,1.,0.));
#991 = DIRECTION('',(0.,0.,1.));
#992 = ADVANCED_FACE('',(#993),#1034,.F.);
#993 = FACE_BOUND('',#994,.F.);
#994 = EDGE_LOOP('',(#995,#996,#1004,#1012,#1020,#1026,#1027,#1028));
#995 = ORIENTED_EDGE('',*,*,#285,.F.);
#996 = ORIENTED_EDGE('',*,*,#997,.F.);
#997 = EDGE_CURVE('',#998,#278,#1000,.T.);
#998 = VERTEX_POINT('',#999);
#999 = CARTESIAN_POINT('',(63.6,5.43,12.));
#1000 = LINE('',#1001,#1002);
#1001 = CARTESIAN_POINT('',(63.6,5.43,6.));
#1002 = VECTOR('',#1003,1.);
#1003 = DIRECTION('',(0.,0.,1.));
#1004 = ORIENTED_EDGE('',*,*,#1005,.F.);
#1005 = EDGE_CURVE('',#1006,#998,#1008,.T.);
#1006 = VERTEX_POINT('',#1007);
#1007 = CARTESIAN_POINT('',(63.6,20.325,12.));
#1008 = LINE('',#1009,#1010);
#1009 = CARTESIAN_POINT('',(63.6,-250.25,12.));
#1010 = VECTOR('',#1011,1.);
#1011 = DIRECTION('',(0.,-1.,0.));
#1012 = ORIENTED_EDGE('',*,*,#1013,.T.);
#1013 = EDGE_CURVE('',#1006,#1014,#1016,.T.);
#1014 = VERTEX_POINT('',#1015);
#1015 = CARTESIAN_POINT('',(63.6,20.325,15.6));
#1016 = LINE('',#1017,#1018);
#1017 = CARTESIAN_POINT('',(63.6,20.325,2.25));
#1018 = VECTOR('',#1019,1.);
#1019 = DIRECTION('',(0.,0.,1.));
#1020 = ORIENTED_EDGE('',*,*,#1021,.F.);
#1021 = EDGE_CURVE('',#974,#1014,#1022,.T.);
#1022 = LINE('',#1023,#1024);
#1023 = CARTESIAN_POINT('',(63.6,9.9125,15.6));
#1024 = VECTOR('',#1025,1.);
#1025 = DIRECTION('',(0.,-1.,0.));
#1026 = ORIENTED_EDGE('',*,*,#973,.F.);
#1027 = ORIENTED_EDGE('',*,*,#96,.F.);
#1028 = ORIENTED_EDGE('',*,*,#1029,.T.);
#1029 = EDGE_CURVE('',#97,#286,#1030,.T.);
#1030 = LINE('',#1031,#1032);
#1031 = CARTESIAN_POINT('',(63.6,35.29,0.));
#1032 = VECTOR('',#1033,1.);
#1033 = DIRECTION('',(0.,0.,1.));
#1034 = PLANE('',#1035);
#1035 = AXIS2_PLACEMENT_3D('',#1036,#1037,#1038);
#1036 = CARTESIAN_POINT('',(63.6,-0.5,0.));
#1037 = DIRECTION('',(1.,0.,0.));
#1038 = DIRECTION('',(0.,0.,1.));
#1039 = ADVANCED_FACE('',(#1040),#1051,.F.);
#1040 = FACE_BOUND('',#1041,.F.);
#1041 = EDGE_LOOP('',(#1042,#1043,#1044,#1050));
#1042 = ORIENTED_EDGE('',*,*,#1029,.F.);
#1043 = ORIENTED_EDGE('',*,*,#104,.T.);
#1044 = ORIENTED_EDGE('',*,*,#1045,.T.);
#1045 = EDGE_CURVE('',#105,#294,#1046,.T.);
#1046 = LINE('',#1047,#1048);
#1047 = CARTESIAN_POINT('',(62.2,36.69,0.));
#1048 = VECTOR('',#1049,1.);
#1049 = DIRECTION('',(0.,0.,1.));
#1050 = ORIENTED_EDGE('',*,*,#293,.F.);
#1051 = CYLINDRICAL_SURFACE('',#1052,1.4);
#1052 = AXIS2_PLACEMENT_3D('',#1053,#1054,#1055);
#1053 = CARTESIAN_POINT('',(62.2,35.29,0.));
#1054 = DIRECTION('',(0.,0.,1.));
#1055 = DIRECTION('',(1.,0.,0.));
#1056 = ADVANCED_FACE('',(#1057),#1068,.F.);
#1057 = FACE_BOUND('',#1058,.F.);
#1058 = EDGE_LOOP('',(#1059,#1060,#1066,#1067));
#1059 = ORIENTED_EDGE('',*,*,#113,.F.);
#1060 = ORIENTED_EDGE('',*,*,#1061,.F.);
#1061 = EDGE_CURVE('',#303,#114,#1062,.T.);
#1062 = LINE('',#1063,#1064);
#1063 = CARTESIAN_POINT('',(14.77,36.69,6.));
#1064 = VECTOR('',#1065,1.);
#1065 = DIRECTION('',(0.,0.,-1.));
#1066 = ORIENTED_EDGE('',*,*,#302,.T.);
#1067 = ORIENTED_EDGE('',*,*,#1045,.F.);
#1068 = PLANE('',#1069);
#1069 = AXIS2_PLACEMENT_3D('',#1070,#1071,#1072);
#1070 = CARTESIAN_POINT('',(-0.5,36.69,0.));
#1071 = DIRECTION('',(0.,1.,0.));
#1072 = DIRECTION('',(0.,0.,1.));
#1073 = ADVANCED_FACE('',(#1074),#1085,.T.);
#1074 = FACE_BOUND('',#1075,.T.);
#1075 = EDGE_LOOP('',(#1076,#1082,#1083,#1084));
#1076 = ORIENTED_EDGE('',*,*,#1077,.F.);
#1077 = EDGE_CURVE('',#122,#311,#1078,.T.);
#1078 = LINE('',#1079,#1080);
#1079 = CARTESIAN_POINT('',(14.77,33.63,6.2));
#1080 = VECTOR('',#1081,1.);
#1081 = DIRECTION('',(0.,0.,1.));
#1082 = ORIENTED_EDGE('',*,*,#121,.T.);
#1083 = ORIENTED_EDGE('',*,*,#1061,.F.);
#1084 = ORIENTED_EDGE('',*,*,#310,.F.);
#1085 = PLANE('',#1086);
#1086 = AXIS2_PLACEMENT_3D('',#1087,#1088,#1089);
#1087 = CARTESIAN_POINT('',(14.77,33.63,12.));
#1088 = DIRECTION('',(1.,0.,0.));
#1089 = DIRECTION('',(0.,0.,1.));
#1090 = ADVANCED_FACE('',(#1091),#1113,.T.);
#1091 = FACE_BOUND('',#1092,.T.);
#1092 = EDGE_LOOP('',(#1093,#1101,#1102,#1103,#1104,#1105,#1106));
#1093 = ORIENTED_EDGE('',*,*,#1094,.T.);
#1094 = EDGE_CURVE('',#1095,#122,#1097,.T.);
#1095 = VERTEX_POINT('',#1096);
#1096 = CARTESIAN_POINT('',(14.77,33.63,6.2));
#1097 = LINE('',#1098,#1099);
#1098 = CARTESIAN_POINT('',(14.77,33.63,6.2));
#1099 = VECTOR('',#1100,1.);
#1100 = DIRECTION('',(0.,0.,1.));
#1101 = ORIENTED_EDGE('',*,*,#1077,.T.);
#1102 = ORIENTED_EDGE('',*,*,#318,.F.);
#1103 = ORIENTED_EDGE('',*,*,#193,.F.);
#1104 = ORIENTED_EDGE('',*,*,#129,.F.);
#1105 = ORIENTED_EDGE('',*,*,#1094,.F.);
#1106 = ORIENTED_EDGE('',*,*,#1107,.T.);
#1107 = EDGE_CURVE('',#1095,#1095,#1108,.T.);
#1108 = CIRCLE('',#1109,2.75);
#1109 = AXIS2_PLACEMENT_3D('',#1110,#1111,#1112);
#1110 = CARTESIAN_POINT('',(12.02,33.63,6.2));
#1111 = DIRECTION('',(0.,0.,1.));
#1112 = DIRECTION('',(1.,0.,0.));
#1113 = CYLINDRICAL_SURFACE('',#1114,2.75);
#1114 = AXIS2_PLACEMENT_3D('',#1115,#1116,#1117);
#1115 = CARTESIAN_POINT('',(12.02,33.63,6.2));
#1116 = DIRECTION('',(0.,0.,1.));
#1117 = DIRECTION('',(1.,0.,0.));
#1118 = ADVANCED_FACE('',(#1119),#1162,.T.);
#1119 = FACE_BOUND('',#1120,.T.);
#1120 = EDGE_LOOP('',(#1121,#1122,#1130,#1138,#1146,#1154,#1160,#1161));
#1121 = ORIENTED_EDGE('',*,*,#217,.F.);
#1122 = ORIENTED_EDGE('',*,*,#1123,.F.);
#1123 = EDGE_CURVE('',#1124,#218,#1126,.T.);
#1124 = VERTEX_POINT('',#1125);
#1125 = CARTESIAN_POINT('',(-0.5,5.27,12.));
#1126 = LINE('',#1127,#1128);
#1127 = CARTESIAN_POINT('',(-0.5,5.27,6.));
#1128 = VECTOR('',#1129,1.);
#1129 = DIRECTION('',(0.,0.,1.));
#1130 = ORIENTED_EDGE('',*,*,#1131,.F.);
#1131 = EDGE_CURVE('',#1132,#1124,#1134,.T.);
#1132 = VERTEX_POINT('',#1133);
#1133 = CARTESIAN_POINT('',(-0.5,20.325,12.));
#1134 = LINE('',#1135,#1136);
#1135 = CARTESIAN_POINT('',(-0.5,-250.25,12.));
#1136 = VECTOR('',#1137,1.);
#1137 = DIRECTION('',(0.,-1.,0.));
#1138 = ORIENTED_EDGE('',*,*,#1139,.T.);
#1139 = EDGE_CURVE('',#1132,#1140,#1142,.T.);
#1140 = VERTEX_POINT('',#1141);
#1141 = CARTESIAN_POINT('',(-0.5,20.325,15.6));
#1142 = LINE('',#1143,#1144);
#1143 = CARTESIAN_POINT('',(-0.5,20.325,2.25));
#1144 = VECTOR('',#1145,1.);
#1145 = DIRECTION('',(0.,0.,1.));
#1146 = ORIENTED_EDGE('',*,*,#1147,.F.);
#1147 = EDGE_CURVE('',#1148,#1140,#1150,.T.);
#1148 = VERTEX_POINT('',#1149);
#1149 = CARTESIAN_POINT('',(-0.5,33.325,15.6));
#1150 = LINE('',#1151,#1152);
#1151 = CARTESIAN_POINT('',(-0.5,9.9125,15.6));
#1152 = VECTOR('',#1153,1.);
#1153 = DIRECTION('',(0.,-1.,0.));
#1154 = ORIENTED_EDGE('',*,*,#1155,.F.);
#1155 = EDGE_CURVE('',#155,#1148,#1156,.T.);
#1156 = LINE('',#1157,#1158);
#1157 = CARTESIAN_POINT('',(-0.5,33.325,2.25));
#1158 = VECTOR('',#1159,1.);
#1159 = DIRECTION('',(0.,0.,1.));
#1160 = ORIENTED_EDGE('',*,*,#154,.F.);
#1161 = ORIENTED_EDGE('',*,*,#353,.T.);
#1162 = PLANE('',#1163);
#1163 = AXIS2_PLACEMENT_3D('',#1164,#1165,#1166);
#1164 = CARTESIAN_POINT('',(-0.5,-0.5,0.));
#1165 = DIRECTION('',(1.,0.,0.));
#1166 = DIRECTION('',(0.,0.,1.));
#1167 = ADVANCED_FACE('',(#1168),#1186,.F.);
#1168 = FACE_BOUND('',#1169,.F.);
#1169 = EDGE_LOOP('',(#1170,#1171,#1179,#1185));
#1170 = ORIENTED_EDGE('',*,*,#162,.F.);
#1171 = ORIENTED_EDGE('',*,*,#1172,.T.);
#1172 = EDGE_CURVE('',#163,#1173,#1175,.T.);
#1173 = VERTEX_POINT('',#1174);
#1174 = CARTESIAN_POINT('',(-2.9,33.325,15.6));
#1175 = LINE('',#1176,#1177);
#1176 = CARTESIAN_POINT('',(-2.9,33.325,1.));
#1177 = VECTOR('',#1178,1.);
#1178 = DIRECTION('',(0.,0.,1.));
#1179 = ORIENTED_EDGE('',*,*,#1180,.T.);
#1180 = EDGE_CURVE('',#1173,#1148,#1181,.T.);
#1181 = LINE('',#1182,#1183);
#1182 = CARTESIAN_POINT('',(-3.9,33.325,15.6));
#1183 = VECTOR('',#1184,1.);
#1184 = DIRECTION('',(1.,0.,0.));
#1185 = ORIENTED_EDGE('',*,*,#1155,.F.);
#1186 = PLANE('',#1187);
#1187 = AXIS2_PLACEMENT_3D('',#1188,#1189,#1190);
#1188 = CARTESIAN_POINT('',(-3.9,33.325,4.5));
#1189 = DIRECTION('',(0.,1.,0.));
#1190 = DIRECTION('',(0.,0.,1.));
#1191 = ADVANCED_FACE('',(#1192,#1242,#1542,#1600),#1796,.F.);
#1192 = FACE_BOUND('',#1193,.F.);
#1193 = EDGE_LOOP('',(#1194,#1204,#1212,#1220,#1226,#1227,#1228,#1236));
#1194 = ORIENTED_EDGE('',*,*,#1195,.F.);
#1195 = EDGE_CURVE('',#1196,#1198,#1200,.T.);
#1196 = VERTEX_POINT('',#1197);
#1197 = CARTESIAN_POINT('',(-2.9,2.1,12.));
#1198 = VERTEX_POINT('',#1199);
#1199 = CARTESIAN_POINT('',(-2.9,2.1,26.5));
#1200 = LINE('',#1201,#1202);
#1201 = CARTESIAN_POINT('',(-2.9,2.1,-2.5));
#1202 = VECTOR('',#1203,1.);
#1203 = DIRECTION('',(0.,0.,1.));
#1204 = ORIENTED_EDGE('',*,*,#1205,.F.);
#1205 = EDGE_CURVE('',#1206,#1196,#1208,.T.);
#1206 = VERTEX_POINT('',#1207);
#1207 = CARTESIAN_POINT('',(-2.9,20.325,12.));
#1208 = LINE('',#1209,#1210);
#1209 = CARTESIAN_POINT('',(-2.9,-251.45,12.));
#1210 = VECTOR('',#1211,1.);
#1211 = DIRECTION('',(0.,-1.,0.));
#1212 = ORIENTED_EDGE('',*,*,#1213,.T.);
#1213 = EDGE_CURVE('',#1206,#1214,#1216,.T.);
#1214 = VERTEX_POINT('',#1215);
#1215 = CARTESIAN_POINT('',(-2.9,20.325,15.6));
#1216 = LINE('',#1217,#1218);
#1217 = CARTESIAN_POINT('',(-2.9,20.325,1.));
#1218 = VECTOR('',#1219,1.);
#1219 = DIRECTION('',(0.,0.,1.));
#1220 = ORIENTED_EDGE('',*,*,#1221,.F.);
#1221 = EDGE_CURVE('',#1173,#1214,#1222,.T.);
#1222 = LINE('',#1223,#1224);
#1223 = CARTESIAN_POINT('',(-2.9,8.7125,15.6));
#1224 = VECTOR('',#1225,1.);
#1225 = DIRECTION('',(0.,-1.,0.));
#1226 = ORIENTED_EDGE('',*,*,#1172,.F.);
#1227 = ORIENTED_EDGE('',*,*,#170,.F.);
#1228 = ORIENTED_EDGE('',*,*,#1229,.T.);
#1229 = EDGE_CURVE('',#171,#1230,#1232,.T.);
#1230 = VERTEX_POINT('',#1231);
#1231 = CARTESIAN_POINT('',(-2.9,34.09,26.5));
#1232 = LINE('',#1233,#1234);
#1233 = CARTESIAN_POINT('',(-2.9,34.09,-2.5));
#1234 = VECTOR('',#1235,1.);
#1235 = DIRECTION('',(0.,0.,1.));
#1236 = ORIENTED_EDGE('',*,*,#1237,.F.);
#1237 = EDGE_CURVE('',#1198,#1230,#1238,.T.);
#1238 = LINE('',#1239,#1240);
#1239 = CARTESIAN_POINT('',(-2.9,2.1,26.5));
#1240 = VECTOR('',#1241,1.);
#1241 = DIRECTION('',(0.,1.,0.));
#1242 = FACE_BOUND('',#1243,.F.);
#1243 = EDGE_LOOP('',(#1244,#1263,#1270,#1285,#1300,#1315,#1332,#1349,
    #1364,#1379,#1394,#1401,#1416,#1439,#1458,#1485,#1508,#1527));
#1244 = ORIENTED_EDGE('',*,*,#1245,.T.);
#1245 = EDGE_CURVE('',#1246,#1248,#1250,.T.);
#1246 = VERTEX_POINT('',#1247);
#1247 = CARTESIAN_POINT('',(-2.9,30.109245523174,19.145439782303));
#1248 = VERTEX_POINT('',#1249);
#1249 = CARTESIAN_POINT('',(-2.9,29.458854898174,20.20308988764));
#1250 = B_SPLINE_CURVE_WITH_KNOTS('',6,(#1251,#1252,#1253,#1254,#1255,
    #1256,#1257,#1258,#1259,#1260,#1261,#1262),.UNSPECIFIED.,.F.,.F.,(7,
    5,7),(0.,0.481050263573,1.),.UNSPECIFIED.);
#1251 = CARTESIAN_POINT('',(-2.9,30.109245523174,19.145439782303));
#1252 = CARTESIAN_POINT('',(-2.9,30.031750620471,19.204326486485));
#1253 = CARTESIAN_POINT('',(-2.9,29.95888042678,19.269511941943));
#1254 = CARTESIAN_POINT('',(-2.9,29.89099412853,19.340670415617));
#1255 = CARTESIAN_POINT('',(-2.9,29.828233530703,19.417321489728));
#1256 = CARTESIAN_POINT('',(-2.9,29.77058122977,19.498893624187));
#1257 = CARTESIAN_POINT('',(-2.9,29.661107340755,19.677448967216));
#1258 = CARTESIAN_POINT('',(-2.9,29.61009473356,19.775152932367));
#1259 = CARTESIAN_POINT('',(-2.9,29.564703256608,19.877198008267));
#1260 = CARTESIAN_POINT('',(-2.9,29.524608930987,19.982903633999));
#1261 = CARTESIAN_POINT('',(-2.9,29.489448169833,20.09168711559));
#1262 = CARTESIAN_POINT('',(-2.9,29.458854898174,20.20308988764));
#1263 = ORIENTED_EDGE('',*,*,#1264,.T.);
#1264 = EDGE_CURVE('',#1248,#1265,#1267,.T.);
#1265 = VERTEX_POINT('',#1266);
#1266 = CARTESIAN_POINT('',(-2.9,30.309122629916,20.468539325843));
#1267 = B_SPLINE_CURVE_WITH_KNOTS('',1,(#1268,#1269),.UNSPECIFIED.,.F.,
  .F.,(2,2),(0.,1.),.PIECEWISE_BEZIER_KNOTS.);
#1268 = CARTESIAN_POINT('',(-2.9,29.458854898174,20.20308988764));
#1269 = CARTESIAN_POINT('',(-2.9,30.309122629916,20.468539325843));
#1270 = ORIENTED_EDGE('',*,*,#1271,.T.);
#1271 = EDGE_CURVE('',#1265,#1272,#1274,.T.);
#1272 = VERTEX_POINT('',#1273);
#1273 = CARTESIAN_POINT('',(-2.9,30.670560481039,19.768179424157));
#1274 = B_SPLINE_CURVE_WITH_KNOTS('',5,(#1275,#1276,#1277,#1278,#1279,
    #1280,#1281,#1282,#1283,#1284),.UNSPECIFIED.,.F.,.F.,(6,4,6),(0.,
    0.519271566308,1.),.UNSPECIFIED.);
#1275 = CARTESIAN_POINT('',(-2.9,30.309122629916,20.468539325843));
#1276 = CARTESIAN_POINT('',(-2.9,30.32998293867,20.377618448589));
#1277 = CARTESIAN_POINT('',(-2.9,30.354600022531,20.290130418168));
#1278 = CARTESIAN_POINT('',(-2.9,30.383310792314,20.206635635854));
#1279 = CARTESIAN_POINT('',(-2.9,30.416463786524,20.127861211335));
#1280 = CARTESIAN_POINT('',(-2.9,30.489309109401,19.98670847094));
#1281 = CARTESIAN_POINT('',(-2.9,30.528334616135,19.923544360413));
#1282 = CARTESIAN_POINT('',(-2.9,30.571537581487,19.865689425409));
#1283 = CARTESIAN_POINT('',(-2.9,30.618996125134,19.813758270515));
#1284 = CARTESIAN_POINT('',(-2.9,30.670560481039,19.768179424157));
#1285 = ORIENTED_EDGE('',*,*,#1286,.T.);
#1286 = EDGE_CURVE('',#1272,#1287,#1289,.T.);
#1287 = VERTEX_POINT('',#1288);
#1288 = CARTESIAN_POINT('',(-2.9,31.271969364466,19.545786516854));
#1289 = B_SPLINE_CURVE_WITH_KNOTS('',5,(#1290,#1291,#1292,#1293,#1294,
    #1295,#1296,#1297,#1298,#1299),.UNSPECIFIED.,.F.,.F.,(6,4,6),(0.,
    0.418954506363,1.),.UNSPECIFIED.);
#1290 = CARTESIAN_POINT('',(-2.9,30.670560481039,19.768179424157));
#1291 = CARTESIAN_POINT('',(-2.9,30.712457932269,19.731178224091));
#1292 = CARTESIAN_POINT('',(-2.9,30.756346476381,19.697759986744));
#1293 = CARTESIAN_POINT('',(-2.9,30.802183764565,19.66811499856));
#1294 = CARTESIAN_POINT('',(-2.9,30.849889662584,19.642376204422));
#1295 = CARTESIAN_POINT('',(-2.9,30.967913832177,19.590397497377));
#1296 = CARTESIAN_POINT('',(-2.9,31.039849489947,19.567812178357));
#1297 = CARTESIAN_POINT('',(-2.9,31.114795111775,19.553001480242));
#1298 = CARTESIAN_POINT('',(-2.9,31.192321822515,19.545786516854));
#1299 = CARTESIAN_POINT('',(-2.9,31.271969364466,19.545786516854));
#1300 = ORIENTED_EDGE('',*,*,#1301,.T.);
#1301 = EDGE_CURVE('',#1287,#1302,#1304,.T.);
#1302 = VERTEX_POINT('',#1303);
#1303 = CARTESIAN_POINT('',(-2.9,32.042246752107,19.897151509831));
#1304 = B_SPLINE_CURVE_WITH_KNOTS('',5,(#1305,#1306,#1307,#1308,#1309,
    #1310,#1311,#1312,#1313,#1314),.UNSPECIFIED.,.F.,.F.,(6,4,6),(0.,
    0.545233182374,1.),.UNSPECIFIED.);
#1305 = CARTESIAN_POINT('',(-2.9,31.271969364466,19.545786516854));
#1306 = CARTESIAN_POINT('',(-2.9,31.371719753512,19.545786516854));
#1307 = CARTESIAN_POINT('',(-2.9,31.468918550027,19.555511813876));
#1308 = CARTESIAN_POINT('',(-2.9,31.562549014477,19.575882600155));
#1309 = CARTESIAN_POINT('',(-2.9,31.65155776226,19.607449425101));
#1310 = CARTESIAN_POINT('',(-2.9,31.80477192384,19.685065101628));
#1311 = CARTESIAN_POINT('',(-2.9,31.870669599981,19.727855561149));
#1312 = CARTESIAN_POINT('',(-2.9,31.932301081057,19.777897571006));
#1313 = CARTESIAN_POINT('',(-2.9,31.989491400467,19.834583662787));
#1314 = CARTESIAN_POINT('',(-2.9,32.042246752107,19.897151509831));
#1315 = ORIENTED_EDGE('',*,*,#1316,.T.);
#1316 = EDGE_CURVE('',#1302,#1317,#1319,.T.);
#1317 = VERTEX_POINT('',#1318);
#1318 = CARTESIAN_POINT('',(-2.9,32.338507285815,21.076860955056));
#1319 = B_SPLINE_CURVE_WITH_KNOTS('',6,(#1320,#1321,#1322,#1323,#1324,
    #1325,#1326,#1327,#1328,#1329,#1330,#1331),.UNSPECIFIED.,.F.,.F.,(7,
    5,7),(0.,0.412810185641,1.),.UNSPECIFIED.);
#1320 = CARTESIAN_POINT('',(-2.9,32.042246752107,19.897151509831));
#1321 = CARTESIAN_POINT('',(-2.9,32.090228222287,19.954089521112));
#1322 = CARTESIAN_POINT('',(-2.9,32.132733072331,20.01756230809));
#1323 = CARTESIAN_POINT('',(-2.9,32.169742447766,20.086716348659));
#1324 = CARTESIAN_POINT('',(-2.9,32.201586168211,20.160571846432));
#1325 = CARTESIAN_POINT('',(-2.9,32.228685217438,20.238271510171));
#1326 = CARTESIAN_POINT('',(-2.9,32.283895553194,20.434200564351));
#1327 = CARTESIAN_POINT('',(-2.9,32.307581418778,20.555625819043));
#1328 = CARTESIAN_POINT('',(-2.9,32.323855778669,20.681686114321));
#1329 = CARTESIAN_POINT('',(-2.9,32.333858257933,20.811071732558));
#1330 = CARTESIAN_POINT('',(-2.9,32.338507285815,20.942930119369));
#1331 = CARTESIAN_POINT('',(-2.9,32.338507285815,21.076860955056));
#1332 = ORIENTED_EDGE('',*,*,#1333,.T.);
#1333 = EDGE_CURVE('',#1317,#1334,#1336,.T.);
#1334 = VERTEX_POINT('',#1335);
#1335 = CARTESIAN_POINT('',(-2.9,32.037901597612,22.205613588483));
#1336 = B_SPLINE_CURVE_WITH_KNOTS('',6,(#1337,#1338,#1339,#1340,#1341,
    #1342,#1343,#1344,#1345,#1346,#1347,#1348),.UNSPECIFIED.,.F.,.F.,(7,
    5,7),(0.,0.550376089468,1.),.UNSPECIFIED.);
#1337 = CARTESIAN_POINT('',(-2.9,32.338507285815,21.076860955056));
#1338 = CARTESIAN_POINT('',(-2.9,32.338507285815,21.197387449988));
#1339 = CARTESIAN_POINT('',(-2.9,32.334204789392,21.316074906312));
#1340 = CARTESIAN_POINT('',(-2.9,32.325017428387,21.432546783085));
#1341 = CARTESIAN_POINT('',(-2.9,32.310222446189,21.546127268997));
#1342 = CARTESIAN_POINT('',(-2.9,32.288959976624,21.655842178074));
#1343 = CARTESIAN_POINT('',(-2.9,32.23692241384,21.84594198761));
#1344 = CARTESIAN_POINT('',(-2.9,32.208605519571,21.928004731039));
#1345 = CARTESIAN_POINT('',(-2.9,32.174892967198,22.005929102815));
#1346 = CARTESIAN_POINT('',(-2.9,32.135342203342,22.078807998016));
#1347 = CARTESIAN_POINT('',(-2.9,32.089643204743,22.145644997827));
#1348 = CARTESIAN_POINT('',(-2.9,32.037901597612,22.205613588483));
#1349 = ORIENTED_EDGE('',*,*,#1350,.T.);
#1350 = EDGE_CURVE('',#1334,#1351,#1353,.T.);
#1351 = VERTEX_POINT('',#1352);
#1352 = CARTESIAN_POINT('',(-2.9,31.254193732444,22.554213483146));
#1353 = B_SPLINE_CURVE_WITH_KNOTS('',5,(#1354,#1355,#1356,#1357,#1358,
    #1359,#1360,#1361,#1362,#1363),.UNSPECIFIED.,.F.,.F.,(6,4,6),(0.,
    0.430079037585,1.),.UNSPECIFIED.);
#1354 = CARTESIAN_POINT('',(-2.9,32.037901597612,22.205613588483));
#1355 = CARTESIAN_POINT('',(-2.9,31.987019480674,22.26458071678));
#1356 = CARTESIAN_POINT('',(-2.9,31.932095266394,22.31822407183));
#1357 = CARTESIAN_POINT('',(-2.9,31.873139233079,22.365914066038));
#1358 = CARTESIAN_POINT('',(-2.9,31.81031275321,22.407157432806));
#1359 = CARTESIAN_POINT('',(-2.9,31.656179172875,22.487583017179));
#1360 = CARTESIAN_POINT('',(-2.9,31.562211528908,22.521755973146));
#1361 = CARTESIAN_POINT('',(-2.9,31.46309050264,22.543746894135));
#1362 = CARTESIAN_POINT('',(-2.9,31.360032578375,22.554213483146));
#1363 = CARTESIAN_POINT('',(-2.9,31.254193732444,22.554213483146));
#1364 = ORIENTED_EDGE('',*,*,#1365,.T.);
#1365 = EDGE_CURVE('',#1351,#1366,#1368,.T.);
#1366 = VERTEX_POINT('',#1367);
#1367 = CARTESIAN_POINT('',(-2.9,30.660290115871,22.357496488764));
#1368 = B_SPLINE_CURVE_WITH_KNOTS('',5,(#1369,#1370,#1371,#1372,#1373,
    #1374,#1375,#1376,#1377,#1378),.UNSPECIFIED.,.F.,.F.,(6,4,6),(0.,
    0.74215494889,1.),.UNSPECIFIED.);
#1369 = CARTESIAN_POINT('',(-2.9,31.254193732444,22.554213483146));
#1370 = CARTESIAN_POINT('',(-2.9,31.153282300922,22.554213483146));
#1371 = CARTESIAN_POINT('',(-2.9,31.056030241712,22.543968836871));
#1372 = CARTESIAN_POINT('',(-2.9,30.963302668453,22.52274026198));
#1373 = CARTESIAN_POINT('',(-2.9,30.875911424309,22.490138073392));
#1374 = CARTESIAN_POINT('',(-2.9,30.766149230579,22.431327151987));
#1375 = CARTESIAN_POINT('',(-2.9,30.738561665381,22.414828895732));
#1376 = CARTESIAN_POINT('',(-2.9,30.711711461263,22.397009180646));
#1377 = CARTESIAN_POINT('',(-2.9,30.685616671711,22.377888768163));
#1378 = CARTESIAN_POINT('',(-2.9,30.660290115871,22.357496488764));
#1379 = ORIENTED_EDGE('',*,*,#1380,.T.);
#1380 = EDGE_CURVE('',#1366,#1381,#1383,.T.);
#1381 = VERTEX_POINT('',#1382);
#1382 = CARTESIAN_POINT('',(-2.9,30.338748683287,21.82106741573));
#1383 = B_SPLINE_CURVE_WITH_KNOTS('',5,(#1384,#1385,#1386,#1387,#1388,
    #1389,#1390,#1391,#1392,#1393),.UNSPECIFIED.,.F.,.F.,(6,4,6),(0.,
    0.261909884043,1.),.UNSPECIFIED.);
#1384 = CARTESIAN_POINT('',(-2.9,30.660290115871,22.357496488764));
#1385 = CARTESIAN_POINT('',(-2.9,30.634553329609,22.336790641336));
#1386 = CARTESIAN_POINT('',(-2.9,30.609913846394,22.315044464191));
#1387 = CARTESIAN_POINT('',(-2.9,30.5864031999,22.29226444109));
#1388 = CARTESIAN_POINT('',(-2.9,30.56404601078,22.268464043446));
#1389 = CARTESIAN_POINT('',(-2.9,30.483155500671,22.173773790728));
#1390 = CARTESIAN_POINT('',(-2.9,30.432741483548,22.095930826187));
#1391 = CARTESIAN_POINT('',(-2.9,30.392045682922,22.010622870439));
#1392 = CARTESIAN_POINT('',(-2.9,30.360882299381,21.918682337994));
#1393 = CARTESIAN_POINT('',(-2.9,30.338748683287,21.82106741573));
#1394 = ORIENTED_EDGE('',*,*,#1395,.T.);
#1395 = EDGE_CURVE('',#1381,#1396,#1398,.T.);
#1396 = VERTEX_POINT('',#1397);
#1397 = CARTESIAN_POINT('',(-2.9,29.470705319522,22.023314606742));
#1398 = B_SPLINE_CURVE_WITH_KNOTS('',1,(#1399,#1400),.UNSPECIFIED.,.F.,
  .F.,(2,2),(0.,1.),.PIECEWISE_BEZIER_KNOTS.);
#1399 = CARTESIAN_POINT('',(-2.9,30.338748683287,21.82106741573));
#1400 = CARTESIAN_POINT('',(-2.9,29.470705319522,22.023314606742));
#1401 = ORIENTED_EDGE('',*,*,#1402,.T.);
#1402 = EDGE_CURVE('',#1396,#1403,#1405,.T.);
#1403 = VERTEX_POINT('',#1404);
#1404 = CARTESIAN_POINT('',(-2.9,29.915096120084,22.826773174157));
#1405 = B_SPLINE_CURVE_WITH_KNOTS('',5,(#1406,#1407,#1408,#1409,#1410,
    #1411,#1412,#1413,#1414,#1415),.UNSPECIFIED.,.F.,.F.,(6,4,6),(0.,
    0.517398776356,1.),.UNSPECIFIED.);
#1406 = CARTESIAN_POINT('',(-2.9,29.470705319522,22.023314606742));
#1407 = CARTESIAN_POINT('',(-2.9,29.499043261852,22.12351757082));
#1408 = CARTESIAN_POINT('',(-2.9,29.531426366779,22.220458351838));
#1409 = CARTESIAN_POINT('',(-2.9,29.568169049999,22.313628829913));
#1410 = CARTESIAN_POINT('',(-2.9,29.609582965176,22.402389940646));
#1411 = CARTESIAN_POINT('',(-2.9,29.699040439814,22.564129054791));
#1412 = CARTESIAN_POINT('',(-2.9,29.746451943334,22.637769428206));
#1413 = CARTESIAN_POINT('',(-2.9,29.798254788147,22.706439971168));
#1414 = CARTESIAN_POINT('',(-2.9,29.854513772139,22.769583437697));
#1415 = CARTESIAN_POINT('',(-2.9,29.915096120084,22.826773174157));
#1416 = ORIENTED_EDGE('',*,*,#1417,.T.);
#1417 = EDGE_CURVE('',#1403,#1418,#1420,.T.);
#1418 = VERTEX_POINT('',#1419);
#1419 = CARTESIAN_POINT('',(-2.9,31.209754652388,23.3));
#1420 = B_SPLINE_CURVE_WITH_KNOTS('',5,(#1421,#1422,#1423,#1424,#1425,
    #1426,#1427,#1428,#1429,#1430,#1431,#1432,#1433,#1434,#1435,#1436,
    #1437,#1438),.UNSPECIFIED.,.F.,.F.,(6,4,4,4,6),(0.,0.232449804102,
    0.474704251907,0.722459854249,1.),.UNSPECIFIED.);
#1421 = CARTESIAN_POINT('',(-2.9,29.915096120084,22.826773174157));
#1422 = CARTESIAN_POINT('',(-2.9,29.962281392637,22.871636631712));
#1423 = CARTESIAN_POINT('',(-2.9,30.011439302862,22.914119301788));
#1424 = CARTESIAN_POINT('',(-2.9,30.062521792927,22.954070141677));
#1425 = CARTESIAN_POINT('',(-2.9,30.115448020545,22.991370571363));
#1426 = CARTESIAN_POINT('',(-2.9,30.22705126486,23.06197655458));
#1427 = CARTESIAN_POINT('',(-2.9,30.285879631107,23.09504910843));
#1428 = CARTESIAN_POINT('',(-2.9,30.346445469892,23.125074904036));
#1429 = CARTESIAN_POINT('',(-2.9,30.408587399286,23.152031293986));
#1430 = CARTESIAN_POINT('',(-2.9,30.537109038205,23.200404628788));
#1431 = CARTESIAN_POINT('',(-2.9,30.603555662415,23.221682862755));
#1432 = CARTESIAN_POINT('',(-2.9,30.671278616112,23.23981194536));
#1433 = CARTESIAN_POINT('',(-2.9,30.740091969051,23.254883612185));
#1434 = CARTESIAN_POINT('',(-2.9,30.887940196822,23.280611117078));
#1435 = CARTESIAN_POINT('',(-2.9,30.967210293631,23.290518395321));
#1436 = CARTESIAN_POINT('',(-2.9,31.047398693319,23.296910174512));
#1437 = CARTESIAN_POINT('',(-2.9,31.128300763352,23.3));
#1438 = CARTESIAN_POINT('',(-2.9,31.209754652388,23.3));
#1439 = ORIENTED_EDGE('',*,*,#1440,.T.);
#1440 = EDGE_CURVE('',#1418,#1441,#1443,.T.);
#1441 = VERTEX_POINT('',#1442);
#1442 = CARTESIAN_POINT('',(-2.9,32.682169504916,22.698788623596));
#1443 = B_SPLINE_CURVE_WITH_KNOTS('',5,(#1444,#1445,#1446,#1447,#1448,
    #1449,#1450,#1451,#1452,#1453,#1454,#1455,#1456,#1457),
  .UNSPECIFIED.,.F.,.F.,(6,4,4,6),(0.,0.239527428332,0.668296323059,1.),
  .UNSPECIFIED.);
#1444 = CARTESIAN_POINT('',(-2.9,31.209754652388,23.3));
#1445 = CARTESIAN_POINT('',(-2.9,31.290426933147,23.3));
#1446 = CARTESIAN_POINT('',(-2.9,31.37070155479,23.2970629091));
#1447 = CARTESIAN_POINT('',(-2.9,31.450434621111,23.290996276696));
#1448 = CARTESIAN_POINT('',(-2.9,31.529444469947,23.281608351269));
#1449 = CARTESIAN_POINT('',(-2.9,31.747279145511,23.245723348218));
#1450 = CARTESIAN_POINT('',(-2.9,31.884096002097,23.211559963015));
#1451 = CARTESIAN_POINT('',(-2.9,32.016625721405,23.165392710444));
#1452 = CARTESIAN_POINT('',(-2.9,32.143453105815,23.106808284644));
#1453 = CARTESIAN_POINT('',(-2.9,32.356154986827,22.982148488731));
#1454 = CARTESIAN_POINT('',(-2.9,32.444831473275,22.920753579823));
#1455 = CARTESIAN_POINT('',(-2.9,32.528864390731,22.852651371068));
#1456 = CARTESIAN_POINT('',(-2.9,32.608000166349,22.778425825217));
#1457 = CARTESIAN_POINT('',(-2.9,32.682169504916,22.698788623596));
#1458 = ORIENTED_EDGE('',*,*,#1459,.T.);
#1459 = EDGE_CURVE('',#1441,#1460,#1462,.T.);
#1460 = VERTEX_POINT('',#1461);
#1461 = CARTESIAN_POINT('',(-2.9,33.242101913624,21.011486130618));
#1462 = B_SPLINE_CURVE_WITH_KNOTS('',6,(#1463,#1464,#1465,#1466,#1467,
    #1468,#1469,#1470,#1471,#1472,#1473,#1474,#1475,#1476,#1477,#1478,
    #1479,#1480,#1481,#1482,#1483,#1484),.UNSPECIFIED.,.F.,.F.,(7,5,5,5,
    7),(0.,3.698733625578E-02,0.308267431546,0.591611772175,1.),
  .UNSPECIFIED.);
#1463 = CARTESIAN_POINT('',(-2.9,32.682169504916,22.698788623596));
#1464 = CARTESIAN_POINT('',(-2.9,32.689632920962,22.690777627112));
#1465 = CARTESIAN_POINT('',(-2.9,32.697038060166,22.682713385325));
#1466 = CARTESIAN_POINT('',(-2.9,32.704384526742,22.67459624082));
#1467 = CARTESIAN_POINT('',(-2.9,32.711671943099,22.666426553356));
#1468 = CARTESIAN_POINT('',(-2.9,32.718899949839,22.658204699863));
#1469 = CARTESIAN_POINT('',(-2.9,32.778643096135,22.589248956698));
#1470 = CARTESIAN_POINT('',(-2.9,32.828007224783,22.52577789274));
#1471 = CARTESIAN_POINT('',(-2.9,32.874017117894,22.459681932276));
#1472 = CARTESIAN_POINT('',(-2.9,32.916601602014,22.391159588156));
#1473 = CARTESIAN_POINT('',(-2.9,32.95574961298,22.320435192815));
#1474 = CARTESIAN_POINT('',(-2.9,33.028836182986,22.171832905025));
#1475 = CARTESIAN_POINT('',(-2.9,33.062468524524,22.093770397107));
#1476 = CARTESIAN_POINT('',(-2.9,33.092441839026,22.013827479469));
#1477 = CARTESIAN_POINT('',(-2.9,33.118865818616,21.932261809734));
#1478 = CARTESIAN_POINT('',(-2.9,33.141888656001,21.84931231569));
#1479 = CARTESIAN_POINT('',(-2.9,33.190187632443,21.643937344264));
#1480 = CARTESIAN_POINT('',(-2.9,33.211972268724,21.520255861198));
#1481 = CARTESIAN_POINT('',(-2.9,33.227525681847,21.394736483278));
#1482 = CARTESIAN_POINT('',(-2.9,33.237396830166,21.267873596333));
#1483 = CARTESIAN_POINT('',(-2.9,33.242101913624,21.140040942437));
#1484 = CARTESIAN_POINT('',(-2.9,33.242101913624,21.011486130618));
#1485 = ORIENTED_EDGE('',*,*,#1486,.T.);
#1486 = EDGE_CURVE('',#1460,#1487,#1489,.T.);
#1487 = VERTEX_POINT('',#1488);
#1488 = CARTESIAN_POINT('',(-2.9,32.685132110253,19.392126053371));
#1489 = B_SPLINE_CURVE_WITH_KNOTS('',5,(#1490,#1491,#1492,#1493,#1494,
    #1495,#1496,#1497,#1498,#1499,#1500,#1501,#1502,#1503,#1504,#1505,
    #1506,#1507),.UNSPECIFIED.,.F.,.F.,(6,4,4,4,6),(0.,0.362050073368,
    0.636489538365,0.900093314882,1.),.UNSPECIFIED.);
#1490 = CARTESIAN_POINT('',(-2.9,33.242101913624,21.011486130618));
#1491 = CARTESIAN_POINT('',(-2.9,33.242101913624,20.879894787738));
#1492 = CARTESIAN_POINT('',(-2.9,33.236386569764,20.74916340656));
#1493 = CARTESIAN_POINT('',(-2.9,33.224334355356,20.6196643479));
#1494 = CARTESIAN_POINT('',(-2.9,33.205232956149,20.49198390318));
#1495 = CARTESIAN_POINT('',(-2.9,33.15818583061,20.272036666278));
#1496 = CARTESIAN_POINT('',(-2.9,33.133499578096,20.17867935566));
#1497 = CARTESIAN_POINT('',(-2.9,33.104153138191,20.087140613096));
#1498 = CARTESIAN_POINT('',(-2.9,33.069929356715,19.997819968355));
#1499 = CARTESIAN_POINT('',(-2.9,32.993130069058,19.827865910592));
#1500 = CARTESIAN_POINT('',(-2.9,32.950934884393,19.747022130481));
#1501 = CARTESIAN_POINT('',(-2.9,32.904111684625,19.668978752807));
#1502 = CARTESIAN_POINT('',(-2.9,32.852713150125,19.594075620449));
#1503 = CARTESIAN_POINT('',(-2.9,32.775817786176,19.495487179676));
#1504 = CARTESIAN_POINT('',(-2.9,32.754056732191,19.468880532031));
#1505 = CARTESIAN_POINT('',(-2.9,32.731679467739,19.442777264468));
#1506 = CARTESIAN_POINT('',(-2.9,32.708699360151,19.417189238635));
#1507 = CARTESIAN_POINT('',(-2.9,32.685132110253,19.392126053371));
#1508 = ORIENTED_EDGE('',*,*,#1509,.T.);
#1509 = EDGE_CURVE('',#1487,#1510,#1512,.T.);
#1510 = VERTEX_POINT('',#1511);
#1511 = CARTESIAN_POINT('',(-2.9,31.263081548455,18.8));
#1512 = B_SPLINE_CURVE_WITH_KNOTS('',5,(#1513,#1514,#1515,#1516,#1517,
    #1518,#1519,#1520,#1521,#1522,#1523,#1524,#1525,#1526),
  .UNSPECIFIED.,.F.,.F.,(6,4,4,6),(0.,0.398064234012,0.793096325134,1.),
  .UNSPECIFIED.);
#1513 = CARTESIAN_POINT('',(-2.9,32.685132110253,19.392126053371));
#1514 = CARTESIAN_POINT('',(-2.9,32.597973816148,19.299466278291));
#1515 = CARTESIAN_POINT('',(-2.9,32.504401370101,19.214063586094));
#1516 = CARTESIAN_POINT('',(-2.9,32.404474554883,19.137076677265));
#1517 = CARTESIAN_POINT('',(-2.9,32.298553946184,19.069485469205));
#1518 = CARTESIAN_POINT('',(-2.9,32.077364549831,18.954447630505));
#1519 = CARTESIAN_POINT('',(-2.9,31.962130159615,18.906829126098));
#1520 = CARTESIAN_POINT('',(-2.9,31.842701626543,18.86935095298));
#1521 = CARTESIAN_POINT('',(-2.9,31.720064891854,18.841756726384));
#1522 = CARTESIAN_POINT('',(-2.9,31.529773096668,18.813859738603));
#1523 = CARTESIAN_POINT('',(-2.9,31.463739083967,18.806816877796));
#1524 = CARTESIAN_POINT('',(-2.9,31.397207135902,18.802233731062));
#1525 = CARTESIAN_POINT('',(-2.9,31.330289778711,18.8));
#1526 = CARTESIAN_POINT('',(-2.9,31.263081548455,18.8));
#1527 = ORIENTED_EDGE('',*,*,#1528,.T.);
#1528 = EDGE_CURVE('',#1510,#1246,#1529,.T.);
#1529 = B_SPLINE_CURVE_WITH_KNOTS('',6,(#1530,#1531,#1532,#1533,#1534,
    #1535,#1536,#1537,#1538,#1539,#1540,#1541),.UNSPECIFIED.,.F.,.F.,(7,
    5,7),(0.,0.4943836395,1.),.UNSPECIFIED.);
#1530 = CARTESIAN_POINT('',(-2.9,31.263081548455,18.8));
#1531 = CARTESIAN_POINT('',(-2.9,31.156974154127,18.8));
#1532 = CARTESIAN_POINT('',(-2.9,31.052008098608,18.804773542894));
#1533 = CARTESIAN_POINT('',(-2.9,30.948480977438,18.814698299756));
#1534 = CARTESIAN_POINT('',(-2.9,30.846765299939,18.830155283658));
#1535 = CARTESIAN_POINT('',(-2.9,30.747295388548,18.851490232525));
#1536 = CARTESIAN_POINT('',(-2.9,30.551581915702,18.906988085816));
#1537 = CARTESIAN_POINT('',(-2.9,30.455444201711,18.94143674886));
#1538 = CARTESIAN_POINT('',(-2.9,30.36266715448,18.982505930827));
#1539 = CARTESIAN_POINT('',(-2.9,30.273760370732,19.03029480344));
#1540 = CARTESIAN_POINT('',(-2.9,30.189169562592,19.08471556643));
#1541 = CARTESIAN_POINT('',(-2.9,30.109245523174,19.145439782303));
#1542 = FACE_BOUND('',#1543,.F.);
#1543 = EDGE_LOOP('',(#1544,#1553,#1560,#1567,#1574,#1581,#1588,#1595));
#1544 = ORIENTED_EDGE('',*,*,#1545,.T.);
#1545 = EDGE_CURVE('',#1546,#1548,#1550,.T.);
#1546 = VERTEX_POINT('',#1547);
#1547 = CARTESIAN_POINT('',(-2.9,26.118418627107,19.861797752809));
#1548 = VERTEX_POINT('',#1549);
#1549 = CARTESIAN_POINT('',(-2.9,25.739205143961,18.875842696629));
#1550 = B_SPLINE_CURVE_WITH_KNOTS('',1,(#1551,#1552),.UNSPECIFIED.,.F.,
  .F.,(2,2),(0.,1.),.PIECEWISE_BEZIER_KNOTS.);
#1551 = CARTESIAN_POINT('',(-2.9,26.118418627107,19.861797752809));
#1552 = CARTESIAN_POINT('',(-2.9,25.739205143961,18.875842696629));
#1553 = ORIENTED_EDGE('',*,*,#1554,.T.);
#1554 = EDGE_CURVE('',#1548,#1555,#1557,.T.);
#1555 = VERTEX_POINT('',#1556);
#1556 = CARTESIAN_POINT('',(-2.9,24.785246225421,18.875842696629));
#1557 = B_SPLINE_CURVE_WITH_KNOTS('',1,(#1558,#1559),.UNSPECIFIED.,.F.,
  .F.,(2,2),(0.,1.),.PIECEWISE_BEZIER_KNOTS.);
#1558 = CARTESIAN_POINT('',(-2.9,25.739205143961,18.875842696629));
#1559 = CARTESIAN_POINT('',(-2.9,24.785246225421,18.875842696629));
#1560 = ORIENTED_EDGE('',*,*,#1561,.T.);
#1561 = EDGE_CURVE('',#1555,#1562,#1564,.T.);
#1562 = VERTEX_POINT('',#1563);
#1563 = CARTESIAN_POINT('',(-2.9,26.524295558287,23.224157303371));
#1564 = B_SPLINE_CURVE_WITH_KNOTS('',1,(#1565,#1566),.UNSPECIFIED.,.F.,
  .F.,(2,2),(0.,1.),.PIECEWISE_BEZIER_KNOTS.);
#1565 = CARTESIAN_POINT('',(-2.9,24.785246225421,18.875842696629));
#1566 = CARTESIAN_POINT('',(-2.9,26.524295558287,23.224157303371));
#1567 = ORIENTED_EDGE('',*,*,#1568,.T.);
#1568 = EDGE_CURVE('',#1562,#1569,#1571,.T.);
#1569 = VERTEX_POINT('',#1570);
#1570 = CARTESIAN_POINT('',(-2.9,27.451591028792,23.224157303371));
#1571 = B_SPLINE_CURVE_WITH_KNOTS('',1,(#1572,#1573),.UNSPECIFIED.,.F.,
  .F.,(2,2),(0.,1.),.PIECEWISE_BEZIER_KNOTS.);
#1572 = CARTESIAN_POINT('',(-2.9,26.524295558287,23.224157303371));
#1573 = CARTESIAN_POINT('',(-2.9,27.451591028792,23.224157303371));
#1574 = ORIENTED_EDGE('',*,*,#1575,.T.);
#1575 = EDGE_CURVE('',#1569,#1576,#1578,.T.);
#1576 = VERTEX_POINT('',#1577);
#1577 = CARTESIAN_POINT('',(-2.9,29.143238676264,18.875842696629));
#1578 = B_SPLINE_CURVE_WITH_KNOTS('',1,(#1579,#1580),.UNSPECIFIED.,.F.,
  .F.,(2,2),(0.,1.),.PIECEWISE_BEZIER_KNOTS.);
#1579 = CARTESIAN_POINT('',(-2.9,27.451591028792,23.224157303371));
#1580 = CARTESIAN_POINT('',(-2.9,29.143238676264,18.875842696629));
#1581 = ORIENTED_EDGE('',*,*,#1582,.T.);
#1582 = EDGE_CURVE('',#1576,#1583,#1585,.T.);
#1583 = VERTEX_POINT('',#1584);
#1584 = CARTESIAN_POINT('',(-2.9,28.212980600421,18.875842696629));
#1585 = B_SPLINE_CURVE_WITH_KNOTS('',1,(#1586,#1587),.UNSPECIFIED.,.F.,
  .F.,(2,2),(0.,1.),.PIECEWISE_BEZIER_KNOTS.);
#1586 = CARTESIAN_POINT('',(-2.9,29.143238676264,18.875842696629));
#1587 = CARTESIAN_POINT('',(-2.9,28.212980600421,18.875842696629));
#1588 = ORIENTED_EDGE('',*,*,#1589,.T.);
#1589 = EDGE_CURVE('',#1583,#1590,#1592,.T.);
#1590 = VERTEX_POINT('',#1591);
#1591 = CARTESIAN_POINT('',(-2.9,27.854505354635,19.861797752809));
#1592 = B_SPLINE_CURVE_WITH_KNOTS('',1,(#1593,#1594),.UNSPECIFIED.,.F.,
  .F.,(2,2),(0.,1.),.PIECEWISE_BEZIER_KNOTS.);
#1593 = CARTESIAN_POINT('',(-2.9,28.212980600421,18.875842696629));
#1594 = CARTESIAN_POINT('',(-2.9,27.854505354635,19.861797752809));
#1595 = ORIENTED_EDGE('',*,*,#1596,.T.);
#1596 = EDGE_CURVE('',#1590,#1546,#1597,.T.);
#1597 = B_SPLINE_CURVE_WITH_KNOTS('',1,(#1598,#1599),.UNSPECIFIED.,.F.,
  .F.,(2,2),(0.,1.),.PIECEWISE_BEZIER_KNOTS.);
#1598 = CARTESIAN_POINT('',(-2.9,27.854505354635,19.861797752809));
#1599 = CARTESIAN_POINT('',(-2.9,26.118418627107,19.861797752809));
#1600 = FACE_BOUND('',#1601,.F.);
#1601 = EDGE_LOOP('',(#1602,#1611,#1618,#1625,#1632,#1639,#1651,#1662,
    #1676,#1683,#1690,#1697,#1710,#1721,#1738,#1755,#1770,#1785));
#1602 = ORIENTED_EDGE('',*,*,#1603,.T.);
#1603 = EDGE_CURVE('',#1604,#1606,#1608,.T.);
#1604 = VERTEX_POINT('',#1605);
#1605 = CARTESIAN_POINT('',(-2.9,22.466908795646,23.224157303371));
#1606 = VERTEX_POINT('',#1607);
#1607 = CARTESIAN_POINT('',(-2.9,24.312611920646,23.224157303371));
#1608 = B_SPLINE_CURVE_WITH_KNOTS('',1,(#1609,#1610),.UNSPECIFIED.,.F.,
  .F.,(2,2),(0.,1.),.PIECEWISE_BEZIER_KNOTS.);
#1609 = CARTESIAN_POINT('',(-2.9,22.466908795646,23.224157303371));
#1610 = CARTESIAN_POINT('',(-2.9,24.312611920646,23.224157303371));
#1611 = ORIENTED_EDGE('',*,*,#1612,.T.);
#1612 = EDGE_CURVE('',#1606,#1613,#1615,.T.);
#1613 = VERTEX_POINT('',#1614);
#1614 = CARTESIAN_POINT('',(-2.9,24.312611920646,18.875842696629));
#1615 = B_SPLINE_CURVE_WITH_KNOTS('',1,(#1616,#1617),.UNSPECIFIED.,.F.,
  .F.,(2,2),(0.,1.),.PIECEWISE_BEZIER_KNOTS.);
#1616 = CARTESIAN_POINT('',(-2.9,24.312611920646,23.224157303371));
#1617 = CARTESIAN_POINT('',(-2.9,24.312611920646,18.875842696629));
#1618 = ORIENTED_EDGE('',*,*,#1619,.T.);
#1619 = EDGE_CURVE('',#1613,#1620,#1622,.T.);
#1620 = VERTEX_POINT('',#1621);
#1621 = CARTESIAN_POINT('',(-2.9,23.435680740871,18.875842696629));
#1622 = B_SPLINE_CURVE_WITH_KNOTS('',1,(#1623,#1624),.UNSPECIFIED.,.F.,
  .F.,(2,2),(0.,1.),.PIECEWISE_BEZIER_KNOTS.);
#1623 = CARTESIAN_POINT('',(-2.9,24.312611920646,18.875842696629));
#1624 = CARTESIAN_POINT('',(-2.9,23.435680740871,18.875842696629));
#1625 = ORIENTED_EDGE('',*,*,#1626,.T.);
#1626 = EDGE_CURVE('',#1620,#1627,#1629,.T.);
#1627 = VERTEX_POINT('',#1628);
#1628 = CARTESIAN_POINT('',(-2.9,23.435680740871,20.69606741573));
#1629 = B_SPLINE_CURVE_WITH_KNOTS('',1,(#1630,#1631),.UNSPECIFIED.,.F.,
  .F.,(2,2),(0.,1.),.PIECEWISE_BEZIER_KNOTS.);
#1630 = CARTESIAN_POINT('',(-2.9,23.435680740871,18.875842696629));
#1631 = CARTESIAN_POINT('',(-2.9,23.435680740871,20.69606741573));
#1632 = ORIENTED_EDGE('',*,*,#1633,.T.);
#1633 = EDGE_CURVE('',#1627,#1634,#1636,.T.);
#1634 = VERTEX_POINT('',#1635);
#1635 = CARTESIAN_POINT('',(-2.9,23.257924420646,20.69606741573));
#1636 = B_SPLINE_CURVE_WITH_KNOTS('',1,(#1637,#1638),.UNSPECIFIED.,.F.,
  .F.,(2,2),(0.,1.),.PIECEWISE_BEZIER_KNOTS.);
#1637 = CARTESIAN_POINT('',(-2.9,23.435680740871,20.69606741573));
#1638 = CARTESIAN_POINT('',(-2.9,23.257924420646,20.69606741573));
#1639 = ORIENTED_EDGE('',*,*,#1640,.T.);
#1640 = EDGE_CURVE('',#1634,#1641,#1643,.T.);
#1641 = VERTEX_POINT('',#1642);
#1642 = CARTESIAN_POINT('',(-2.9,22.816496225421,20.647085674157));
#1643 = B_SPLINE_CURVE_WITH_KNOTS('',6,(#1644,#1645,#1646,#1647,#1648,
    #1649,#1650),.UNSPECIFIED.,.F.,.F.,(7,7),(0.,1.),
  .PIECEWISE_BEZIER_KNOTS.);
#1644 = CARTESIAN_POINT('',(-2.9,23.257924420646,20.69606741573));
#1645 = CARTESIAN_POINT('',(-2.9,23.163273471094,20.69606741573));
#1646 = CARTESIAN_POINT('',(-2.9,23.075643042761,20.693184183857));
#1647 = CARTESIAN_POINT('',(-2.9,22.996014898928,20.687123679098));
#1648 = CARTESIAN_POINT('',(-2.9,22.925528500502,20.677580919932));
#1649 = CARTESIAN_POINT('',(-2.9,22.865374858007,20.664279859804));
#1650 = CARTESIAN_POINT('',(-2.9,22.816496225421,20.647085674157));
#1651 = ORIENTED_EDGE('',*,*,#1652,.T.);
#1652 = EDGE_CURVE('',#1641,#1653,#1655,.T.);
#1653 = VERTEX_POINT('',#1654);
#1654 = CARTESIAN_POINT('',(-2.9,22.552824350421,20.465971734551));
#1655 = B_SPLINE_CURVE_WITH_KNOTS('',5,(#1656,#1657,#1658,#1659,#1660,
    #1661),.UNSPECIFIED.,.F.,.F.,(6,6),(0.,1.),
  .PIECEWISE_BEZIER_KNOTS.);
#1656 = CARTESIAN_POINT('',(-2.9,22.816496225421,20.647085674157));
#1657 = CARTESIAN_POINT('',(-2.9,22.760352647737,20.627335876617));
#1658 = CARTESIAN_POINT('',(-2.9,22.705817650923,20.599173534686));
#1659 = CARTESIAN_POINT('',(-2.9,22.653007732467,20.562705793576));
#1660 = CARTESIAN_POINT('',(-2.9,22.601996278628,20.518187639266));
#1661 = CARTESIAN_POINT('',(-2.9,22.552824350421,20.465971734551));
#1662 = ORIENTED_EDGE('',*,*,#1663,.T.);
#1663 = EDGE_CURVE('',#1653,#1664,#1666,.T.);
#1664 = VERTEX_POINT('',#1665);
#1665 = CARTESIAN_POINT('',(-2.9,22.090657917837,19.826641502809));
#1666 = B_SPLINE_CURVE_WITH_KNOTS('',8,(#1667,#1668,#1669,#1670,#1671,
    #1672,#1673,#1674,#1675),.UNSPECIFIED.,.F.,.F.,(9,9),(0.,1.),
  .PIECEWISE_BEZIER_KNOTS.);
#1667 = CARTESIAN_POINT('',(-2.9,22.552824350421,20.465971734551));
#1668 = CARTESIAN_POINT('',(-2.9,22.515033449209,20.425901382154));
#1669 = CARTESIAN_POINT('',(-2.9,22.468005462679,20.368167740843));
#1670 = CARTESIAN_POINT('',(-2.9,22.41392694177,20.296553022456));
#1671 = CARTESIAN_POINT('',(-2.9,22.35480333697,20.21464195278));
#1672 = CARTESIAN_POINT('',(-2.9,22.292136365659,20.125169673529));
#1673 = CARTESIAN_POINT('',(-2.9,22.226965341079,20.030104181087));
#1674 = CARTESIAN_POINT('',(-2.9,22.159804578108,19.930523239789));
#1675 = CARTESIAN_POINT('',(-2.9,22.090657917837,19.826641502809));
#1676 = ORIENTED_EDGE('',*,*,#1677,.T.);
#1677 = EDGE_CURVE('',#1664,#1678,#1680,.T.);
#1678 = VERTEX_POINT('',#1679);
#1679 = CARTESIAN_POINT('',(-2.9,21.456660375702,18.875842696629));
#1680 = B_SPLINE_CURVE_WITH_KNOTS('',1,(#1681,#1682),.UNSPECIFIED.,.F.,
  .F.,(2,2),(0.,1.),.PIECEWISE_BEZIER_KNOTS.);
#1681 = CARTESIAN_POINT('',(-2.9,22.090657917837,19.826641502809));
#1682 = CARTESIAN_POINT('',(-2.9,21.456660375702,18.875842696629));
#1683 = ORIENTED_EDGE('',*,*,#1684,.T.);
#1684 = EDGE_CURVE('',#1678,#1685,#1687,.T.);
#1685 = VERTEX_POINT('',#1686);
#1686 = CARTESIAN_POINT('',(-2.9,20.407898086376,18.875842696629));
#1687 = B_SPLINE_CURVE_WITH_KNOTS('',1,(#1688,#1689),.UNSPECIFIED.,.F.,
  .F.,(2,2),(0.,1.),.PIECEWISE_BEZIER_KNOTS.);
#1688 = CARTESIAN_POINT('',(-2.9,21.456660375702,18.875842696629));
#1689 = CARTESIAN_POINT('',(-2.9,20.407898086376,18.875842696629));
#1690 = ORIENTED_EDGE('',*,*,#1691,.T.);
#1691 = EDGE_CURVE('',#1685,#1692,#1694,.T.);
#1692 = VERTEX_POINT('',#1693);
#1693 = CARTESIAN_POINT('',(-2.9,20.938204441713,19.726307935393));
#1694 = B_SPLINE_CURVE_WITH_KNOTS('',1,(#1695,#1696),.UNSPECIFIED.,.F.,
  .F.,(2,2),(0.,1.),.PIECEWISE_BEZIER_KNOTS.);
#1695 = CARTESIAN_POINT('',(-2.9,20.407898086376,18.875842696629));
#1696 = CARTESIAN_POINT('',(-2.9,20.938204441713,19.726307935393));
#1697 = ORIENTED_EDGE('',*,*,#1698,.T.);
#1698 = EDGE_CURVE('',#1692,#1699,#1701,.T.);
#1699 = VERTEX_POINT('',#1700);
#1700 = CARTESIAN_POINT('',(-2.9,21.437502194522,20.434173103933));
#1701 = B_SPLINE_CURVE_WITH_KNOTS('',7,(#1702,#1703,#1704,#1705,#1706,
    #1707,#1708,#1709),.UNSPECIFIED.,.F.,.F.,(8,8),(0.,1.),
  .PIECEWISE_BEZIER_KNOTS.);
#1702 = CARTESIAN_POINT('',(-2.9,20.938204441713,19.726307935393));
#1703 = CARTESIAN_POINT('',(-2.9,21.014906681884,19.850526972147));
#1704 = CARTESIAN_POINT('',(-2.9,21.090540904508,19.969510350114));
#1705 = CARTESIAN_POINT('',(-2.9,21.165043506137,20.082594061036));
#1706 = CARTESIAN_POINT('',(-2.9,21.237977271071,20.188289321016));
#1707 = CARTESIAN_POINT('',(-2.9,21.30853896133,20.284308414012));
#1708 = CARTESIAN_POINT('',(-2.9,21.375550546512,20.367532152074));
#1709 = CARTESIAN_POINT('',(-2.9,21.437502194522,20.434173103933));
#1710 = ORIENTED_EDGE('',*,*,#1711,.T.);
#1711 = EDGE_CURVE('',#1699,#1712,#1714,.T.);
#1712 = VERTEX_POINT('',#1713);
#1713 = CARTESIAN_POINT('',(-2.9,21.906976386938,20.799956109551));
#1714 = B_SPLINE_CURVE_WITH_KNOTS('',5,(#1715,#1716,#1717,#1718,#1719,
    #1720),.UNSPECIFIED.,.F.,.F.,(6,6),(0.,1.),
  .PIECEWISE_BEZIER_KNOTS.);
#1715 = CARTESIAN_POINT('',(-2.9,21.437502194522,20.434173103933));
#1716 = CARTESIAN_POINT('',(-2.9,21.513269704131,20.515762663372));
#1717 = CARTESIAN_POINT('',(-2.9,21.5987364452,20.593154336523));
#1718 = CARTESIAN_POINT('',(-2.9,21.69332043671,20.666271213099));
#1719 = CARTESIAN_POINT('',(-2.9,21.796303974586,20.735166634819));
#1720 = CARTESIAN_POINT('',(-2.9,21.906976386938,20.799956109551));
#1721 = ORIENTED_EDGE('',*,*,#1722,.T.);
#1722 = EDGE_CURVE('',#1712,#1723,#1725,.T.);
#1723 = VERTEX_POINT('',#1724);
#1724 = CARTESIAN_POINT('',(-2.9,21.047820839185,21.201092872191));
#1725 = B_SPLINE_CURVE_WITH_KNOTS('',6,(#1726,#1727,#1728,#1729,#1730,
    #1731,#1732,#1733,#1734,#1735,#1736,#1737),.UNSPECIFIED.,.F.,.F.,(7,
    5,7),(0.,0.519242629344,1.),.UNSPECIFIED.);
#1726 = CARTESIAN_POINT('',(-2.9,21.906976386938,20.799956109551));
#1727 = CARTESIAN_POINT('',(-2.9,21.816767743229,20.813043373923));
#1728 = CARTESIAN_POINT('',(-2.9,21.728713785299,20.829947228316));
#1729 = CARTESIAN_POINT('',(-2.9,21.64317190662,20.850975313835));
#1730 = CARTESIAN_POINT('',(-2.9,21.560583484065,20.876439569677));
#1731 = CARTESIAN_POINT('',(-2.9,21.481453386006,20.90662609024));
#1732 = CARTESIAN_POINT('',(-2.9,21.336709297623,20.974206605989));
#1733 = CARTESIAN_POINT('',(-2.9,21.270520465023,21.010904336609));
#1734 = CARTESIAN_POINT('',(-2.9,21.208163445213,21.051943687107));
#1735 = CARTESIAN_POINT('',(-2.9,21.150048273467,21.097384610906));
#1736 = CARTESIAN_POINT('',(-2.9,21.096520551916,21.147171746962));
#1737 = CARTESIAN_POINT('',(-2.9,21.047820839185,21.201092872191));
#1738 = ORIENTED_EDGE('',*,*,#1739,.T.);
#1739 = EDGE_CURVE('',#1723,#1740,#1742,.T.);
#1740 = VERTEX_POINT('',#1741);
#1741 = CARTESIAN_POINT('',(-2.9,20.760448121489,22.007711551966));
#1742 = B_SPLINE_CURVE_WITH_KNOTS('',6,(#1743,#1744,#1745,#1746,#1747,
    #1748,#1749,#1750,#1751,#1752,#1753,#1754),.UNSPECIFIED.,.F.,.F.,(7,
    5,7),(0.,0.250126880116,1.),.UNSPECIFIED.);
#1743 = CARTESIAN_POINT('',(-2.9,21.047820839185,21.201092872191));
#1744 = CARTESIAN_POINT('',(-2.9,21.023625560224,21.227882284155));
#1745 = CARTESIAN_POINT('',(-2.9,21.00057216641,21.255484637239));
#1746 = CARTESIAN_POINT('',(-2.9,20.978695176067,21.283888114029));
#1747 = CARTESIAN_POINT('',(-2.9,20.958022962704,21.313076034027));
#1748 = CARTESIAN_POINT('',(-2.9,20.938577755007,21.343026853656));
#1749 = CARTESIAN_POINT('',(-2.9,20.865806215425,21.465713837906));
#1750 = CARTESIAN_POINT('',(-2.9,20.822388911312,21.564365262282));
#1751 = CARTESIAN_POINT('',(-2.9,20.790611623686,21.668882160528));
#1752 = CARTESIAN_POINT('',(-2.9,20.770200012802,21.778286612052));
#1753 = CARTESIAN_POINT('',(-2.9,20.760448121489,21.891553144686));
#1754 = CARTESIAN_POINT('',(-2.9,20.760448121489,22.007711551966));
#1755 = ORIENTED_EDGE('',*,*,#1756,.T.);
#1756 = EDGE_CURVE('',#1740,#1757,#1759,.T.);
#1757 = VERTEX_POINT('',#1758);
#1758 = CARTESIAN_POINT('',(-2.9,20.950054863062,22.691283356742));
#1759 = B_SPLINE_CURVE_WITH_KNOTS('',5,(#1760,#1761,#1762,#1763,#1764,
    #1765,#1766,#1767,#1768,#1769),.UNSPECIFIED.,.F.,.F.,(6,4,6),(0.,
    0.763809341395,1.),.UNSPECIFIED.);
#1760 = CARTESIAN_POINT('',(-2.9,20.760448121489,22.007711551966));
#1761 = CARTESIAN_POINT('',(-2.9,20.760448121489,22.122469236087));
#1762 = CARTESIAN_POINT('',(-2.9,20.770990939066,22.234245692183));
#1763 = CARTESIAN_POINT('',(-2.9,20.792736141725,22.342262231568));
#1764 = CARTESIAN_POINT('',(-2.9,20.826013585266,22.445774330826));
#1765 = CARTESIAN_POINT('',(-2.9,20.88431158015,22.574602603011));
#1766 = CARTESIAN_POINT('',(-2.9,20.899157477363,22.604543142264));
#1767 = CARTESIAN_POINT('',(-2.9,20.915072168839,22.633979317321));
#1768 = CARTESIAN_POINT('',(-2.9,20.932043508044,22.662896710761));
#1769 = CARTESIAN_POINT('',(-2.9,20.950054863062,22.691283356742));
#1770 = ORIENTED_EDGE('',*,*,#1771,.T.);
#1771 = EDGE_CURVE('',#1757,#1772,#1774,.T.);
#1772 = VERTEX_POINT('',#1773);
#1773 = CARTESIAN_POINT('',(-2.9,21.455277826545,23.107233146067));
#1774 = B_SPLINE_CURVE_WITH_KNOTS('',5,(#1775,#1776,#1777,#1778,#1779,
    #1780,#1781,#1782,#1783,#1784),.UNSPECIFIED.,.F.,.F.,(6,4,6),(0.,
    0.625295128388,1.),.UNSPECIFIED.);
#1775 = CARTESIAN_POINT('',(-2.9,20.950054863062,22.691283356742));
#1776 = CARTESIAN_POINT('',(-2.9,20.99657023044,22.764641967378));
#1777 = CARTESIAN_POINT('',(-2.9,21.048411206473,22.832074494172));
#1778 = CARTESIAN_POINT('',(-2.9,21.105651857383,22.892976205948));
#1779 = CARTESIAN_POINT('',(-2.9,21.168207507852,22.946879358784));
#1780 = CARTESIAN_POINT('',(-2.9,21.276223120068,23.021535374451));
#1781 = CARTESIAN_POINT('',(-2.9,21.318490460471,23.046917877548));
#1782 = CARTESIAN_POINT('',(-2.9,21.362482752872,23.06966325725));
#1783 = CARTESIAN_POINT('',(-2.9,21.408113441387,23.08976048273));
#1784 = CARTESIAN_POINT('',(-2.9,21.455277826545,23.107233146067));
#1785 = ORIENTED_EDGE('',*,*,#1786,.T.);
#1786 = EDGE_CURVE('',#1772,#1604,#1787,.T.);
#1787 = B_SPLINE_CURVE_WITH_KNOTS('',7,(#1788,#1789,#1790,#1791,#1792,
    #1793,#1794,#1795),.UNSPECIFIED.,.F.,.F.,(8,8),(0.,1.),
  .PIECEWISE_BEZIER_KNOTS.);
#1788 = CARTESIAN_POINT('',(-2.9,21.455277826545,23.107233146067));
#1789 = CARTESIAN_POINT('',(-2.9,21.562920236414,23.147135654923));
#1790 = CARTESIAN_POINT('',(-2.9,21.689758224932,23.176620284905));
#1791 = CARTESIAN_POINT('',(-2.9,21.830393035759,23.19760088417));
#1792 = CARTESIAN_POINT('',(-2.9,21.980652980061,23.211707056546));
#1793 = CARTESIAN_POINT('',(-2.9,22.137676851296,23.220230967053));
#1794 = CARTESIAN_POINT('',(-2.9,22.299868705303,23.224157303371));
#1795 = CARTESIAN_POINT('',(-2.9,22.466908795646,23.224157303371));
#1796 = PLANE('',#1797);
#1797 = AXIS2_PLACEMENT_3D('',#1798,#1799,#1800);
#1798 = CARTESIAN_POINT('',(-2.9,-2.9,-2.5));
#1799 = DIRECTION('',(1.,0.,0.));
#1800 = DIRECTION('',(0.,0.,1.));
#1801 = ADVANCED_FACE('',(#1802),#1814,.T.);
#1802 = FACE_BOUND('',#1803,.F.);
#1803 = EDGE_LOOP('',(#1804,#1805,#1806,#1807));
#1804 = ORIENTED_EDGE('',*,*,#1229,.F.);
#1805 = ORIENTED_EDGE('',*,*,#178,.F.);
#1806 = ORIENTED_EDGE('',*,*,#371,.T.);
#1807 = ORIENTED_EDGE('',*,*,#1808,.F.);
#1808 = EDGE_CURVE('',#1230,#372,#1809,.T.);
#1809 = CIRCLE('',#1810,5.);
#1810 = AXIS2_PLACEMENT_3D('',#1811,#1812,#1813);
#1811 = CARTESIAN_POINT('',(2.1,34.09,26.5));
#1812 = DIRECTION('',(0.,0.,-1.));
#1813 = DIRECTION('',(-1.,0.,0.));
#1814 = CYLINDRICAL_SURFACE('',#1815,5.);
#1815 = AXIS2_PLACEMENT_3D('',#1816,#1817,#1818);
#1816 = CARTESIAN_POINT('',(2.1,34.09,-2.5));
#1817 = DIRECTION('',(0.,0.,1.));
#1818 = DIRECTION('',(-1.,0.,0.));
#1819 = ADVANCED_FACE('',(#1820),#1838,.T.);
#1820 = FACE_BOUND('',#1821,.T.);
#1821 = EDGE_LOOP('',(#1822,#1830,#1836,#1837));
#1822 = ORIENTED_EDGE('',*,*,#1823,.F.);
#1823 = EDGE_CURVE('',#1824,#998,#1826,.T.);
#1824 = VERTEX_POINT('',#1825);
#1825 = CARTESIAN_POINT('',(60.53,5.43,12.));
#1826 = LINE('',#1827,#1828);
#1827 = CARTESIAN_POINT('',(60.53,5.43,12.));
#1828 = VECTOR('',#1829,1.);
#1829 = DIRECTION('',(1.,0.,0.));
#1830 = ORIENTED_EDGE('',*,*,#1831,.T.);
#1831 = EDGE_CURVE('',#1824,#269,#1832,.T.);
#1832 = LINE('',#1833,#1834);
#1833 = CARTESIAN_POINT('',(60.53,5.43,12.));
#1834 = VECTOR('',#1835,1.);
#1835 = DIRECTION('',(0.,0.,1.));
#1836 = ORIENTED_EDGE('',*,*,#277,.F.);
#1837 = ORIENTED_EDGE('',*,*,#997,.F.);
#1838 = PLANE('',#1839);
#1839 = AXIS2_PLACEMENT_3D('',#1840,#1841,#1842);
#1840 = CARTESIAN_POINT('',(60.53,5.43,12.));
#1841 = DIRECTION('',(0.,1.,0.));
#1842 = DIRECTION('',(0.,0.,1.));
#1843 = ADVANCED_FACE('',(#1844),#1897,.T.);
#1844 = FACE_BOUND('',#1845,.T.);
#1845 = EDGE_LOOP('',(#1846,#1847,#1848,#1857,#1865,#1872,#1873,#1882,
    #1891));
#1846 = ORIENTED_EDGE('',*,*,#268,.F.);
#1847 = ORIENTED_EDGE('',*,*,#1831,.F.);
#1848 = ORIENTED_EDGE('',*,*,#1849,.F.);
#1849 = EDGE_CURVE('',#1850,#1824,#1852,.T.);
#1850 = VERTEX_POINT('',#1851);
#1851 = CARTESIAN_POINT('',(63.28,2.68,12.));
#1852 = CIRCLE('',#1853,2.75);
#1853 = AXIS2_PLACEMENT_3D('',#1854,#1855,#1856);
#1854 = CARTESIAN_POINT('',(60.53,2.68,12.));
#1855 = DIRECTION('',(0.,0.,1.));
#1856 = DIRECTION('',(1.,0.,0.));
#1857 = ORIENTED_EDGE('',*,*,#1858,.F.);
#1858 = EDGE_CURVE('',#1859,#1850,#1861,.T.);
#1859 = VERTEX_POINT('',#1860);
#1860 = CARTESIAN_POINT('',(63.28,2.68,6.2));
#1861 = LINE('',#1862,#1863);
#1862 = CARTESIAN_POINT('',(63.28,2.68,6.2));
#1863 = VECTOR('',#1864,1.);
#1864 = DIRECTION('',(0.,0.,1.));
#1865 = ORIENTED_EDGE('',*,*,#1866,.T.);
#1866 = EDGE_CURVE('',#1859,#1859,#1867,.T.);
#1867 = CIRCLE('',#1868,2.75);
#1868 = AXIS2_PLACEMENT_3D('',#1869,#1870,#1871);
#1869 = CARTESIAN_POINT('',(60.53,2.68,6.2));
#1870 = DIRECTION('',(0.,0.,1.));
#1871 = DIRECTION('',(1.,0.,0.));
#1872 = ORIENTED_EDGE('',*,*,#1858,.T.);
#1873 = ORIENTED_EDGE('',*,*,#1874,.F.);
#1874 = EDGE_CURVE('',#1875,#1850,#1877,.T.);
#1875 = VERTEX_POINT('',#1876);
#1876 = CARTESIAN_POINT('',(60.53,-7.E-02,12.));
#1877 = CIRCLE('',#1878,2.75);
#1878 = AXIS2_PLACEMENT_3D('',#1879,#1880,#1881);
#1879 = CARTESIAN_POINT('',(60.53,2.68,12.));
#1880 = DIRECTION('',(0.,0.,1.));
#1881 = DIRECTION('',(1.,0.,0.));
#1882 = ORIENTED_EDGE('',*,*,#1883,.F.);
#1883 = EDGE_CURVE('',#1884,#1875,#1886,.T.);
#1884 = VERTEX_POINT('',#1885);
#1885 = CARTESIAN_POINT('',(57.78,2.68,12.));
#1886 = CIRCLE('',#1887,2.75);
#1887 = AXIS2_PLACEMENT_3D('',#1888,#1889,#1890);
#1888 = CARTESIAN_POINT('',(60.53,2.68,12.));
#1889 = DIRECTION('',(0.,0.,1.));
#1890 = DIRECTION('',(1.,0.,0.));
#1891 = ORIENTED_EDGE('',*,*,#1892,.T.);
#1892 = EDGE_CURVE('',#1884,#261,#1893,.T.);
#1893 = LINE('',#1894,#1895);
#1894 = CARTESIAN_POINT('',(57.78,2.68,12.));
#1895 = VECTOR('',#1896,1.);
#1896 = DIRECTION('',(0.,0.,1.));
#1897 = CYLINDRICAL_SURFACE('',#1898,2.75);
#1898 = AXIS2_PLACEMENT_3D('',#1899,#1900,#1901);
#1899 = CARTESIAN_POINT('',(60.53,2.68,6.2));
#1900 = DIRECTION('',(0.,0.,1.));
#1901 = DIRECTION('',(1.,0.,0.));
#1902 = ADVANCED_FACE('',(#1903),#1921,.F.);
#1903 = FACE_BOUND('',#1904,.F.);
#1904 = EDGE_LOOP('',(#1905,#1913,#1919,#1920));
#1905 = ORIENTED_EDGE('',*,*,#1906,.T.);
#1906 = EDGE_CURVE('',#253,#1907,#1909,.T.);
#1907 = VERTEX_POINT('',#1908);
#1908 = CARTESIAN_POINT('',(57.78,-0.5,12.));
#1909 = LINE('',#1910,#1911);
#1910 = CARTESIAN_POINT('',(57.78,-0.5,6.));
#1911 = VECTOR('',#1912,1.);
#1912 = DIRECTION('',(0.,0.,-1.));
#1913 = ORIENTED_EDGE('',*,*,#1914,.T.);
#1914 = EDGE_CURVE('',#1907,#1884,#1915,.T.);
#1915 = LINE('',#1916,#1917);
#1916 = CARTESIAN_POINT('',(57.78,-1.5,12.));
#1917 = VECTOR('',#1918,1.);
#1918 = DIRECTION('',(0.,1.,0.));
#1919 = ORIENTED_EDGE('',*,*,#1892,.T.);
#1920 = ORIENTED_EDGE('',*,*,#260,.F.);
#1921 = PLANE('',#1922);
#1922 = AXIS2_PLACEMENT_3D('',#1923,#1924,#1925);
#1923 = CARTESIAN_POINT('',(57.78,-1.5,12.));
#1924 = DIRECTION('',(1.,0.,0.));
#1925 = DIRECTION('',(0.,0.,1.));
#1926 = ADVANCED_FACE('',(#1927),#1945,.T.);
#1927 = FACE_BOUND('',#1928,.T.);
#1928 = EDGE_LOOP('',(#1929,#1937,#1943,#1944));
#1929 = ORIENTED_EDGE('',*,*,#1930,.F.);
#1930 = EDGE_CURVE('',#1931,#1907,#1933,.T.);
#1931 = VERTEX_POINT('',#1932);
#1932 = CARTESIAN_POINT('',(5.22,-0.5,12.));
#1933 = LINE('',#1934,#1935);
#1934 = CARTESIAN_POINT('',(-250.25,-0.5,12.));
#1935 = VECTOR('',#1936,1.);
#1936 = DIRECTION('',(1.,0.,0.));
#1937 = ORIENTED_EDGE('',*,*,#1938,.F.);
#1938 = EDGE_CURVE('',#245,#1931,#1939,.T.);
#1939 = LINE('',#1940,#1941);
#1940 = CARTESIAN_POINT('',(5.22,-0.5,-250.));
#1941 = VECTOR('',#1942,1.);
#1942 = DIRECTION('',(0.,0.,-1.));
#1943 = ORIENTED_EDGE('',*,*,#252,.T.);
#1944 = ORIENTED_EDGE('',*,*,#1906,.T.);
#1945 = PLANE('',#1946);
#1946 = AXIS2_PLACEMENT_3D('',#1947,#1948,#1949);
#1947 = CARTESIAN_POINT('',(-0.5,-0.5,0.));
#1948 = DIRECTION('',(0.,1.,0.));
#1949 = DIRECTION('',(0.,0.,1.));
#1950 = ADVANCED_FACE('',(#1951),#1985,.T.);
#1951 = FACE_BOUND('',#1952,.T.);
#1952 = EDGE_LOOP('',(#1953,#1963,#1971,#1977,#1978,#1979));
#1953 = ORIENTED_EDGE('',*,*,#1954,.F.);
#1954 = EDGE_CURVE('',#1955,#1957,#1959,.T.);
#1955 = VERTEX_POINT('',#1956);
#1956 = CARTESIAN_POINT('',(5.22,1.624176356642,6.2));
#1957 = VERTEX_POINT('',#1958);
#1958 = CARTESIAN_POINT('',(5.22,1.624176356642,12.));
#1959 = LINE('',#1960,#1961);
#1960 = CARTESIAN_POINT('',(5.22,1.624176356642,6.2));
#1961 = VECTOR('',#1962,1.);
#1962 = DIRECTION('',(0.,0.,1.));
#1963 = ORIENTED_EDGE('',*,*,#1964,.T.);
#1964 = EDGE_CURVE('',#1955,#1965,#1967,.T.);
#1965 = VERTEX_POINT('',#1966);
#1966 = CARTESIAN_POINT('',(5.22,3.415823643358,6.2));
#1967 = LINE('',#1968,#1969);
#1968 = CARTESIAN_POINT('',(5.22,-248.74,6.2));
#1969 = VECTOR('',#1970,1.);
#1970 = DIRECTION('',(0.,1.,0.));
#1971 = ORIENTED_EDGE('',*,*,#1972,.T.);
#1972 = EDGE_CURVE('',#1965,#236,#1973,.T.);
#1973 = LINE('',#1974,#1975);
#1974 = CARTESIAN_POINT('',(5.22,3.415823643358,6.2));
#1975 = VECTOR('',#1976,1.);
#1976 = DIRECTION('',(0.,0.,1.));
#1977 = ORIENTED_EDGE('',*,*,#244,.F.);
#1978 = ORIENTED_EDGE('',*,*,#1938,.T.);
#1979 = ORIENTED_EDGE('',*,*,#1980,.T.);
#1980 = EDGE_CURVE('',#1931,#1957,#1981,.T.);
#1981 = LINE('',#1982,#1983);
#1982 = CARTESIAN_POINT('',(5.22,-250.75,12.));
#1983 = VECTOR('',#1984,1.);
#1984 = DIRECTION('',(0.,1.,0.));
#1985 = PLANE('',#1986);
#1986 = AXIS2_PLACEMENT_3D('',#1987,#1988,#1989);
#1987 = CARTESIAN_POINT('',(5.22,-500.,-500.));
#1988 = DIRECTION('',(1.,0.,0.));
#1989 = DIRECTION('',(0.,0.,1.));
#1990 = ADVANCED_FACE('',(#1991),#2036,.T.);
#1991 = FACE_BOUND('',#1992,.T.);
#1992 = EDGE_LOOP('',(#1993,#1994,#2001,#2002,#2011,#2020,#2029,#2035));
#1993 = ORIENTED_EDGE('',*,*,#1972,.F.);
#1994 = ORIENTED_EDGE('',*,*,#1995,.T.);
#1995 = EDGE_CURVE('',#1965,#1955,#1996,.T.);
#1996 = CIRCLE('',#1997,2.75);
#1997 = AXIS2_PLACEMENT_3D('',#1998,#1999,#2000);
#1998 = CARTESIAN_POINT('',(2.62,2.52,6.2));
#1999 = DIRECTION('',(0.,0.,1.));
#2000 = DIRECTION('',(1.,0.,0.));
#2001 = ORIENTED_EDGE('',*,*,#1954,.T.);
#2002 = ORIENTED_EDGE('',*,*,#2003,.F.);
#2003 = EDGE_CURVE('',#2004,#1957,#2006,.T.);
#2004 = VERTEX_POINT('',#2005);
#2005 = CARTESIAN_POINT('',(2.62,-0.23,12.));
#2006 = CIRCLE('',#2007,2.75);
#2007 = AXIS2_PLACEMENT_3D('',#2008,#2009,#2010);
#2008 = CARTESIAN_POINT('',(2.62,2.52,12.));
#2009 = DIRECTION('',(0.,0.,1.));
#2010 = DIRECTION('',(1.,0.,0.));
#2011 = ORIENTED_EDGE('',*,*,#2012,.F.);
#2012 = EDGE_CURVE('',#2013,#2004,#2015,.T.);
#2013 = VERTEX_POINT('',#2014);
#2014 = CARTESIAN_POINT('',(-0.13,2.52,12.));
#2015 = CIRCLE('',#2016,2.75);
#2016 = AXIS2_PLACEMENT_3D('',#2017,#2018,#2019);
#2017 = CARTESIAN_POINT('',(2.62,2.52,12.));
#2018 = DIRECTION('',(0.,0.,1.));
#2019 = DIRECTION('',(1.,0.,0.));
#2020 = ORIENTED_EDGE('',*,*,#2021,.F.);
#2021 = EDGE_CURVE('',#2022,#2013,#2024,.T.);
#2022 = VERTEX_POINT('',#2023);
#2023 = CARTESIAN_POINT('',(2.62,5.27,12.));
#2024 = CIRCLE('',#2025,2.75);
#2025 = AXIS2_PLACEMENT_3D('',#2026,#2027,#2028);
#2026 = CARTESIAN_POINT('',(2.62,2.52,12.));
#2027 = DIRECTION('',(0.,0.,1.));
#2028 = DIRECTION('',(1.,0.,0.));
#2029 = ORIENTED_EDGE('',*,*,#2030,.T.);
#2030 = EDGE_CURVE('',#2022,#228,#2031,.T.);
#2031 = LINE('',#2032,#2033);
#2032 = CARTESIAN_POINT('',(2.62,5.27,12.));
#2033 = VECTOR('',#2034,1.);
#2034 = DIRECTION('',(0.,0.,1.));
#2035 = ORIENTED_EDGE('',*,*,#235,.F.);
#2036 = CYLINDRICAL_SURFACE('',#2037,2.75);
#2037 = AXIS2_PLACEMENT_3D('',#2038,#2039,#2040);
#2038 = CARTESIAN_POINT('',(2.62,2.52,6.2));
#2039 = DIRECTION('',(0.,0.,1.));
#2040 = DIRECTION('',(1.,0.,0.));
#2041 = ADVANCED_FACE('',(#2042),#2053,.T.);
#2042 = FACE_BOUND('',#2043,.T.);
#2043 = EDGE_LOOP('',(#2044,#2050,#2051,#2052));
#2044 = ORIENTED_EDGE('',*,*,#2045,.F.);
#2045 = EDGE_CURVE('',#1124,#2022,#2046,.T.);
#2046 = LINE('',#2047,#2048);
#2047 = CARTESIAN_POINT('',(-1.5,5.27,12.));
#2048 = VECTOR('',#2049,1.);
#2049 = DIRECTION('',(1.,0.,0.));
#2050 = ORIENTED_EDGE('',*,*,#1123,.T.);
#2051 = ORIENTED_EDGE('',*,*,#227,.F.);
#2052 = ORIENTED_EDGE('',*,*,#2030,.F.);
#2053 = PLANE('',#2054);
#2054 = AXIS2_PLACEMENT_3D('',#2055,#2056,#2057);
#2055 = CARTESIAN_POINT('',(-1.5,5.27,12.));
#2056 = DIRECTION('',(0.,1.,0.));
#2057 = DIRECTION('',(0.,0.,1.));
#2058 = ADVANCED_FACE('',(#2059),#2078,.T.);
#2059 = FACE_BOUND('',#2060,.T.);
#2060 = EDGE_LOOP('',(#2061,#2062,#2070,#2077));
#2061 = ORIENTED_EDGE('',*,*,#336,.F.);
#2062 = ORIENTED_EDGE('',*,*,#2063,.F.);
#2063 = EDGE_CURVE('',#2064,#337,#2066,.T.);
#2064 = VERTEX_POINT('',#2065);
#2065 = CARTESIAN_POINT('',(51.2,22.88,7.5));
#2066 = LINE('',#2067,#2068);
#2067 = CARTESIAN_POINT('',(51.2,22.88,7.5));
#2068 = VECTOR('',#2069,1.);
#2069 = DIRECTION('',(0.,0.,1.));
#2070 = ORIENTED_EDGE('',*,*,#2071,.T.);
#2071 = EDGE_CURVE('',#2064,#2064,#2072,.T.);
#2072 = CIRCLE('',#2073,2.75);
#2073 = AXIS2_PLACEMENT_3D('',#2074,#2075,#2076);
#2074 = CARTESIAN_POINT('',(48.45,22.88,7.5));
#2075 = DIRECTION('',(0.,0.,1.));
#2076 = DIRECTION('',(1.,0.,0.));
#2077 = ORIENTED_EDGE('',*,*,#2063,.T.);
#2078 = CYLINDRICAL_SURFACE('',#2079,2.75);
#2079 = AXIS2_PLACEMENT_3D('',#2080,#2081,#2082);
#2080 = CARTESIAN_POINT('',(48.45,22.88,7.5));
#2081 = DIRECTION('',(0.,0.,1.));
#2082 = DIRECTION('',(1.,0.,0.));
#2083 = ADVANCED_FACE('',(#2084),#2111,.T.);
#2084 = FACE_BOUND('',#2085,.T.);
#2085 = EDGE_LOOP('',(#2086,#2095,#2103,#2110));
#2086 = ORIENTED_EDGE('',*,*,#2087,.T.);
#2087 = EDGE_CURVE('',#372,#2088,#2090,.T.);
#2088 = VERTEX_POINT('',#2089);
#2089 = CARTESIAN_POINT('',(2.1,37.09,28.5));
#2090 = CIRCLE('',#2091,2.);
#2091 = AXIS2_PLACEMENT_3D('',#2092,#2093,#2094);
#2092 = CARTESIAN_POINT('',(2.1,37.09,26.5));
#2093 = DIRECTION('',(1.,6.E-17,-0.));
#2094 = DIRECTION('',(-6.E-17,1.,0.));
#2095 = ORIENTED_EDGE('',*,*,#2096,.T.);
#2096 = EDGE_CURVE('',#2088,#2097,#2099,.T.);
#2097 = VERTEX_POINT('',#2098);
#2098 = CARTESIAN_POINT('',(61.,37.09,28.5));
#2099 = LINE('',#2100,#2101);
#2100 = CARTESIAN_POINT('',(2.1,37.09,28.5));
#2101 = VECTOR('',#2102,1.);
#2102 = DIRECTION('',(1.,0.,0.));
#2103 = ORIENTED_EDGE('',*,*,#2104,.F.);
#2104 = EDGE_CURVE('',#380,#2097,#2105,.T.);
#2105 = CIRCLE('',#2106,2.);
#2106 = AXIS2_PLACEMENT_3D('',#2107,#2108,#2109);
#2107 = CARTESIAN_POINT('',(61.,37.09,26.5));
#2108 = DIRECTION('',(1.,0.,0.));
#2109 = DIRECTION('',(0.,1.,0.));
#2110 = ORIENTED_EDGE('',*,*,#379,.F.);
#2111 = CYLINDRICAL_SURFACE('',#2112,2.);
#2112 = AXIS2_PLACEMENT_3D('',#2113,#2114,#2115);
#2113 = CARTESIAN_POINT('',(2.1,37.09,26.5));
#2114 = DIRECTION('',(1.,0.,0.));
#2115 = DIRECTION('',(0.,1.,0.));
#2116 = ADVANCED_FACE('',(#2117),#2137,.T.);
#2117 = FACE_BOUND('',#2118,.F.);
#2118 = EDGE_LOOP('',(#2119,#2120,#2121,#2130));
#2119 = ORIENTED_EDGE('',*,*,#2104,.F.);
#2120 = ORIENTED_EDGE('',*,*,#411,.T.);
#2121 = ORIENTED_EDGE('',*,*,#2122,.T.);
#2122 = EDGE_CURVE('',#402,#2123,#2125,.T.);
#2123 = VERTEX_POINT('',#2124);
#2124 = CARTESIAN_POINT('',(64.,34.09,28.5));
#2125 = CIRCLE('',#2126,2.);
#2126 = AXIS2_PLACEMENT_3D('',#2127,#2128,#2129);
#2127 = CARTESIAN_POINT('',(64.,34.09,26.5));
#2128 = DIRECTION('',(6.E-17,-1.,0.));
#2129 = DIRECTION('',(1.,6.E-17,0.));
#2130 = ORIENTED_EDGE('',*,*,#2131,.F.);
#2131 = EDGE_CURVE('',#2097,#2123,#2132,.T.);
#2132 = CIRCLE('',#2133,3.);
#2133 = AXIS2_PLACEMENT_3D('',#2134,#2135,#2136);
#2134 = CARTESIAN_POINT('',(61.,34.09,28.5));
#2135 = DIRECTION('',(0.,0.,-1.));
#2136 = DIRECTION('',(0.,1.,0.));
#2137 = TOROIDAL_SURFACE('',#2138,3.,2.);
#2138 = AXIS2_PLACEMENT_3D('',#2139,#2140,#2141);
#2139 = CARTESIAN_POINT('',(61.,34.09,26.5));
#2140 = DIRECTION('',(0.,0.,1.));
#2141 = DIRECTION('',(0.,1.,0.));
#2142 = ADVANCED_FACE('',(#2143),#2170,.T.);
#2143 = FACE_BOUND('',#2144,.F.);
#2144 = EDGE_LOOP('',(#2145,#2146,#2155,#2163));
#2145 = ORIENTED_EDGE('',*,*,#426,.F.);
#2146 = ORIENTED_EDGE('',*,*,#2147,.F.);
#2147 = EDGE_CURVE('',#2148,#427,#2150,.T.);
#2148 = VERTEX_POINT('',#2149);
#2149 = CARTESIAN_POINT('',(61.,-2.9,12.));
#2150 = CIRCLE('',#2151,5.);
#2151 = AXIS2_PLACEMENT_3D('',#2152,#2153,#2154);
#2152 = CARTESIAN_POINT('',(61.,2.1,12.));
#2153 = DIRECTION('',(0.,0.,1.));
#2154 = DIRECTION('',(1.,0.,0.));
#2155 = ORIENTED_EDGE('',*,*,#2156,.T.);
#2156 = EDGE_CURVE('',#2148,#2157,#2159,.T.);
#2157 = VERTEX_POINT('',#2158);
#2158 = CARTESIAN_POINT('',(61.,-2.9,26.5));
#2159 = LINE('',#2160,#2161);
#2160 = CARTESIAN_POINT('',(61.,-2.9,-2.5));
#2161 = VECTOR('',#2162,1.);
#2162 = DIRECTION('',(0.,0.,1.));
#2163 = ORIENTED_EDGE('',*,*,#2164,.F.);
#2164 = EDGE_CURVE('',#429,#2157,#2165,.T.);
#2165 = CIRCLE('',#2166,5.);
#2166 = AXIS2_PLACEMENT_3D('',#2167,#2168,#2169);
#2167 = CARTESIAN_POINT('',(61.,2.1,26.5));
#2168 = DIRECTION('',(0.,0.,-1.));
#2169 = DIRECTION('',(1.,0.,0.));
#2170 = CYLINDRICAL_SURFACE('',#2171,5.);
#2171 = AXIS2_PLACEMENT_3D('',#2172,#2173,#2174);
#2172 = CARTESIAN_POINT('',(61.,2.1,-2.5));
#2173 = DIRECTION('',(0.,0.,1.));
#2174 = DIRECTION('',(1.,0.,0.));
#2175 = ADVANCED_FACE('',(#2176),#2221,.T.);
#2176 = FACE_BOUND('',#2177,.T.);
#2177 = EDGE_LOOP('',(#2178,#2184,#2185,#2186,#2187,#2188,#2189,#2190,
    #2191,#2192,#2193,#2194,#2195,#2196,#2197,#2203,#2204,#2205,#2213,
    #2220));
#2178 = ORIENTED_EDGE('',*,*,#2179,.T.);
#2179 = EDGE_CURVE('',#1206,#1132,#2180,.T.);
#2180 = LINE('',#2181,#2182);
#2181 = CARTESIAN_POINT('',(-251.95,20.325,12.));
#2182 = VECTOR('',#2183,1.);
#2183 = DIRECTION('',(1.,0.,0.));
#2184 = ORIENTED_EDGE('',*,*,#1131,.T.);
#2185 = ORIENTED_EDGE('',*,*,#2045,.T.);
#2186 = ORIENTED_EDGE('',*,*,#2021,.T.);
#2187 = ORIENTED_EDGE('',*,*,#2012,.T.);
#2188 = ORIENTED_EDGE('',*,*,#2003,.T.);
#2189 = ORIENTED_EDGE('',*,*,#1980,.F.);
#2190 = ORIENTED_EDGE('',*,*,#1930,.T.);
#2191 = ORIENTED_EDGE('',*,*,#1914,.T.);
#2192 = ORIENTED_EDGE('',*,*,#1883,.T.);
#2193 = ORIENTED_EDGE('',*,*,#1874,.T.);
#2194 = ORIENTED_EDGE('',*,*,#1849,.T.);
#2195 = ORIENTED_EDGE('',*,*,#1823,.T.);
#2196 = ORIENTED_EDGE('',*,*,#1005,.F.);
#2197 = ORIENTED_EDGE('',*,*,#2198,.T.);
#2198 = EDGE_CURVE('',#1006,#437,#2199,.T.);
#2199 = LINE('',#2200,#2201);
#2200 = CARTESIAN_POINT('',(-218.7,20.325,12.));
#2201 = VECTOR('',#2202,1.);
#2202 = DIRECTION('',(1.,0.,0.));
#2203 = ORIENTED_EDGE('',*,*,#436,.T.);
#2204 = ORIENTED_EDGE('',*,*,#2147,.F.);
#2205 = ORIENTED_EDGE('',*,*,#2206,.F.);
#2206 = EDGE_CURVE('',#2207,#2148,#2209,.T.);
#2207 = VERTEX_POINT('',#2208);
#2208 = CARTESIAN_POINT('',(2.1,-2.9,12.));
#2209 = LINE('',#2210,#2211);
#2210 = CARTESIAN_POINT('',(-251.45,-2.9,12.));
#2211 = VECTOR('',#2212,1.);
#2212 = DIRECTION('',(1.,0.,0.));
#2213 = ORIENTED_EDGE('',*,*,#2214,.F.);
#2214 = EDGE_CURVE('',#1196,#2207,#2215,.T.);
#2215 = CIRCLE('',#2216,5.);
#2216 = AXIS2_PLACEMENT_3D('',#2217,#2218,#2219);
#2217 = CARTESIAN_POINT('',(2.1,2.1,12.));
#2218 = DIRECTION('',(0.,0.,1.));
#2219 = DIRECTION('',(-1.,0.,0.));
#2220 = ORIENTED_EDGE('',*,*,#1205,.F.);
#2221 = PLANE('',#2222);
#2222 = AXIS2_PLACEMENT_3D('',#2223,#2224,#2225);
#2223 = CARTESIAN_POINT('',(31.730355744538,3.266846232319,12.));
#2224 = DIRECTION('',(-0.,-0.,-1.));
#2225 = DIRECTION('',(-1.,0.,0.));
#2226 = ADVANCED_FACE('',(#2227),#2246,.T.);
#2227 = FACE_BOUND('',#2228,.T.);
#2228 = EDGE_LOOP('',(#2229,#2230,#2238,#2245));
#2229 = ORIENTED_EDGE('',*,*,#2122,.T.);
#2230 = ORIENTED_EDGE('',*,*,#2231,.T.);
#2231 = EDGE_CURVE('',#2123,#2232,#2234,.T.);
#2232 = VERTEX_POINT('',#2233);
#2233 = CARTESIAN_POINT('',(64.,2.1,28.5));
#2234 = LINE('',#2235,#2236);
#2235 = CARTESIAN_POINT('',(64.,34.09,28.5));
#2236 = VECTOR('',#2237,1.);
#2237 = DIRECTION('',(0.,-1.,0.));
#2238 = ORIENTED_EDGE('',*,*,#2239,.F.);
#2239 = EDGE_CURVE('',#429,#2232,#2240,.T.);
#2240 = CIRCLE('',#2241,2.);
#2241 = AXIS2_PLACEMENT_3D('',#2242,#2243,#2244);
#2242 = CARTESIAN_POINT('',(64.,2.1,26.5));
#2243 = DIRECTION('',(0.,-1.,0.));
#2244 = DIRECTION('',(1.,0.,0.));
#2245 = ORIENTED_EDGE('',*,*,#468,.F.);
#2246 = CYLINDRICAL_SURFACE('',#2247,2.);
#2247 = AXIS2_PLACEMENT_3D('',#2248,#2249,#2250);
#2248 = CARTESIAN_POINT('',(64.,34.09,26.5));
#2249 = DIRECTION('',(0.,-1.,0.));
#2250 = DIRECTION('',(1.,0.,0.));
#2251 = ADVANCED_FACE('',(#2252),#2263,.T.);
#2252 = FACE_BOUND('',#2253,.T.);
#2253 = EDGE_LOOP('',(#2254,#2255,#2256,#2262));
#2254 = ORIENTED_EDGE('',*,*,#2198,.F.);
#2255 = ORIENTED_EDGE('',*,*,#1013,.T.);
#2256 = ORIENTED_EDGE('',*,*,#2257,.T.);
#2257 = EDGE_CURVE('',#1014,#445,#2258,.T.);
#2258 = LINE('',#2259,#2260);
#2259 = CARTESIAN_POINT('',(62.6,20.325,15.6));
#2260 = VECTOR('',#2261,1.);
#2261 = DIRECTION('',(1.,0.,0.));
#2262 = ORIENTED_EDGE('',*,*,#444,.F.);
#2263 = PLANE('',#2264);
#2264 = AXIS2_PLACEMENT_3D('',#2265,#2266,#2267);
#2265 = CARTESIAN_POINT('',(62.6,20.325,4.5));
#2266 = DIRECTION('',(0.,1.,0.));
#2267 = DIRECTION('',(0.,0.,1.));
#2268 = ADVANCED_FACE('',(#2269),#2275,.F.);
#2269 = FACE_BOUND('',#2270,.F.);
#2270 = EDGE_LOOP('',(#2271,#2272,#2273,#2274));
#2271 = ORIENTED_EDGE('',*,*,#981,.F.);
#2272 = ORIENTED_EDGE('',*,*,#1021,.T.);
#2273 = ORIENTED_EDGE('',*,*,#2257,.T.);
#2274 = ORIENTED_EDGE('',*,*,#452,.F.);
#2275 = PLANE('',#2276);
#2276 = AXIS2_PLACEMENT_3D('',#2277,#2278,#2279);
#2277 = CARTESIAN_POINT('',(62.6,20.325,15.6));
#2278 = DIRECTION('',(0.,0.,1.));
#2279 = DIRECTION('',(1.,0.,0.));
#2280 = ADVANCED_FACE('',(#2281),#2303,.T.);
#2281 = FACE_BOUND('',#2282,.T.);
#2282 = EDGE_LOOP('',(#2283,#2284,#2291,#2298));
#2283 = ORIENTED_EDGE('',*,*,#476,.T.);
#2284 = ORIENTED_EDGE('',*,*,#2285,.T.);
#2285 = EDGE_CURVE('',#479,#2286,#2288,.T.);
#2286 = VERTEX_POINT('',#2287);
#2287 = CARTESIAN_POINT('',(66.6,25.502097963483,23.224157303371));
#2288 = B_SPLINE_CURVE_WITH_KNOTS('',1,(#2289,#2290),.UNSPECIFIED.,.F.,
  .F.,(2,2),(0.,0.8),.PIECEWISE_BEZIER_KNOTS.);
#2289 = CARTESIAN_POINT('',(65.8,25.502097963483,23.224157303371));
#2290 = CARTESIAN_POINT('',(66.6,25.502097963483,23.224157303371));
#2291 = ORIENTED_EDGE('',*,*,#2292,.T.);
#2292 = EDGE_CURVE('',#2286,#2293,#2295,.T.);
#2293 = VERTEX_POINT('',#2294);
#2294 = CARTESIAN_POINT('',(66.6,26.379029143258,23.224157303371));
#2295 = B_SPLINE_CURVE_WITH_KNOTS('',1,(#2296,#2297),.UNSPECIFIED.,.F.,
  .F.,(2,2),(0.,0.876931179775),.PIECEWISE_BEZIER_KNOTS.);
#2296 = CARTESIAN_POINT('',(66.6,25.502097963483,23.224157303371));
#2297 = CARTESIAN_POINT('',(66.6,26.379029143258,23.224157303371));
#2298 = ORIENTED_EDGE('',*,*,#2299,.F.);
#2299 = EDGE_CURVE('',#477,#2293,#2300,.T.);
#2300 = B_SPLINE_CURVE_WITH_KNOTS('',1,(#2301,#2302),.UNSPECIFIED.,.F.,
  .F.,(2,2),(0.,0.8),.PIECEWISE_BEZIER_KNOTS.);
#2301 = CARTESIAN_POINT('',(65.8,26.379029143258,23.224157303371));
#2302 = CARTESIAN_POINT('',(66.6,26.379029143258,23.224157303371));
#2303 = B_SPLINE_SURFACE_WITH_KNOTS('',1,1,(
    (#2304,#2305)
    ,(#2306,#2307
    )),.UNSPECIFIED.,.F.,.F.,.F.,(2,2),(2,2),(0.,0.876931179775),(-0.8,
    0.),.PIECEWISE_BEZIER_KNOTS.);
#2304 = CARTESIAN_POINT('',(66.6,25.502097963483,23.224157303371));
#2305 = CARTESIAN_POINT('',(65.8,25.502097963483,23.224157303371));
#2306 = CARTESIAN_POINT('',(66.6,26.379029143258,23.224157303371));
#2307 = CARTESIAN_POINT('',(65.8,26.379029143258,23.224157303371));
#2308 = ADVANCED_FACE('',(#2309),#2325,.T.);
#2309 = FACE_BOUND('',#2310,.T.);
#2310 = EDGE_LOOP('',(#2311,#2312,#2319,#2324));
#2311 = ORIENTED_EDGE('',*,*,#703,.T.);
#2312 = ORIENTED_EDGE('',*,*,#2313,.T.);
#2313 = EDGE_CURVE('',#691,#2314,#2316,.T.);
#2314 = VERTEX_POINT('',#2315);
#2315 = CARTESIAN_POINT('',(66.6,25.502097963483,20.903844803371));
#2316 = B_SPLINE_CURVE_WITH_KNOTS('',1,(#2317,#2318),.UNSPECIFIED.,.F.,
  .F.,(2,2),(0.,0.8),.PIECEWISE_BEZIER_KNOTS.);
#2317 = CARTESIAN_POINT('',(65.8,25.502097963483,20.903844803371));
#2318 = CARTESIAN_POINT('',(66.6,25.502097963483,20.903844803371));
#2319 = ORIENTED_EDGE('',*,*,#2320,.T.);
#2320 = EDGE_CURVE('',#2314,#2286,#2321,.T.);
#2321 = B_SPLINE_CURVE_WITH_KNOTS('',1,(#2322,#2323),.UNSPECIFIED.,.F.,
  .F.,(2,2),(0.,2.3203125),.PIECEWISE_BEZIER_KNOTS.);
#2322 = CARTESIAN_POINT('',(66.6,25.502097963483,20.903844803371));
#2323 = CARTESIAN_POINT('',(66.6,25.502097963483,23.224157303371));
#2324 = ORIENTED_EDGE('',*,*,#2285,.F.);
#2325 = B_SPLINE_SURFACE_WITH_KNOTS('',1,1,(
    (#2326,#2327)
    ,(#2328,#2329
  )),.UNSPECIFIED.,.F.,.F.,.F.,(2,2),(2,2),(0.,2.3203125),(-0.8,0.),
  .PIECEWISE_BEZIER_KNOTS.);
#2326 = CARTESIAN_POINT('',(66.6,25.502097963483,20.903844803371));
#2327 = CARTESIAN_POINT('',(65.8,25.502097963483,20.903844803371));
#2328 = CARTESIAN_POINT('',(66.6,25.502097963483,23.224157303371));
#2329 = CARTESIAN_POINT('',(65.8,25.502097963483,23.224157303371));
#2330 = ADVANCED_FACE('',(#2331),#2348,.T.);
#2331 = FACE_BOUND('',#2332,.T.);
#2332 = EDGE_LOOP('',(#2333,#2334,#2341,#2347));
#2333 = ORIENTED_EDGE('',*,*,#690,.T.);
#2334 = ORIENTED_EDGE('',*,*,#2335,.T.);
#2335 = EDGE_CURVE('',#680,#2336,#2338,.T.);
#2336 = VERTEX_POINT('',#2337);
#2337 = CARTESIAN_POINT('',(66.6,25.588013518258,19.799978054775));
#2338 = B_SPLINE_CURVE_WITH_KNOTS('',1,(#2339,#2340),.UNSPECIFIED.,.F.,
  .F.,(2,2),(0.,0.8),.PIECEWISE_BEZIER_KNOTS.);
#2339 = CARTESIAN_POINT('',(65.8,25.588013518258,19.799978054775));
#2340 = CARTESIAN_POINT('',(66.6,25.588013518258,19.799978054775));
#2341 = ORIENTED_EDGE('',*,*,#2342,.T.);
#2342 = EDGE_CURVE('',#2336,#2314,#2343,.T.);
#2343 = B_SPLINE_CURVE_WITH_KNOTS('',2,(#2344,#2345,#2346),
  .UNSPECIFIED.,.F.,.F.,(3,3),(0.,1.),.PIECEWISE_BEZIER_KNOTS.);
#2344 = CARTESIAN_POINT('',(66.6,25.588013518258,19.799978054775));
#2345 = CARTESIAN_POINT('',(66.6,25.502097963483,20.173858848315));
#2346 = CARTESIAN_POINT('',(66.6,25.502097963483,20.903844803371));
#2347 = ORIENTED_EDGE('',*,*,#2313,.F.);
#2348 = B_SPLINE_SURFACE_WITH_KNOTS('',2,1,(
    (#2349,#2350)
    ,(#2351,#2352)
    ,(#2353,#2354
    )),.UNSPECIFIED.,.F.,.F.,.F.,(3,3),(2,2),(0.,1.),(-0.8,0.),
  .PIECEWISE_BEZIER_KNOTS.);
#2349 = CARTESIAN_POINT('',(66.6,25.588013518258,19.799978054775));
#2350 = CARTESIAN_POINT('',(65.8,25.588013518258,19.799978054775));
#2351 = CARTESIAN_POINT('',(66.6,25.502097963483,20.173858848315));
#2352 = CARTESIAN_POINT('',(65.8,25.502097963483,20.173858848315));
#2353 = CARTESIAN_POINT('',(66.6,25.502097963483,20.903844803371));
#2354 = CARTESIAN_POINT('',(65.8,25.502097963483,20.903844803371));
#2355 = ADVANCED_FACE('',(#2356),#2373,.T.);
#2356 = FACE_BOUND('',#2357,.T.);
#2357 = EDGE_LOOP('',(#2358,#2359,#2366,#2372));
#2358 = ORIENTED_EDGE('',*,*,#679,.T.);
#2359 = ORIENTED_EDGE('',*,*,#2360,.T.);
#2360 = EDGE_CURVE('',#669,#2361,#2363,.T.);
#2361 = VERTEX_POINT('',#2362);
#2362 = CARTESIAN_POINT('',(66.6,25.833909761236,19.317665905899));
#2363 = B_SPLINE_CURVE_WITH_KNOTS('',1,(#2364,#2365),.UNSPECIFIED.,.F.,
  .F.,(2,2),(0.,0.8),.PIECEWISE_BEZIER_KNOTS.);
#2364 = CARTESIAN_POINT('',(65.8,25.833909761236,19.317665905899));
#2365 = CARTESIAN_POINT('',(66.6,25.833909761236,19.317665905899));
#2366 = ORIENTED_EDGE('',*,*,#2367,.T.);
#2367 = EDGE_CURVE('',#2361,#2336,#2368,.T.);
#2368 = B_SPLINE_CURVE_WITH_KNOTS('',2,(#2369,#2370,#2371),
  .UNSPECIFIED.,.F.,.F.,(3,3),(0.,1.),.PIECEWISE_BEZIER_KNOTS.);
#2369 = CARTESIAN_POINT('',(66.6,25.833909761236,19.317665905899));
#2370 = CARTESIAN_POINT('',(66.6,25.647265625,19.547761587079));
#2371 = CARTESIAN_POINT('',(66.6,25.588013518258,19.799978054775));
#2372 = ORIENTED_EDGE('',*,*,#2335,.F.);
#2373 = B_SPLINE_SURFACE_WITH_KNOTS('',2,1,(
    (#2374,#2375)
    ,(#2376,#2377)
    ,(#2378,#2379
    )),.UNSPECIFIED.,.F.,.F.,.F.,(3,3),(2,2),(0.,1.),(-0.8,0.),
  .PIECEWISE_BEZIER_KNOTS.);
#2374 = CARTESIAN_POINT('',(66.6,25.833909761236,19.317665905899));
#2375 = CARTESIAN_POINT('',(65.8,25.833909761236,19.317665905899));
#2376 = CARTESIAN_POINT('',(66.6,25.647265625,19.547761587079));
#2377 = CARTESIAN_POINT('',(65.8,25.647265625,19.547761587079));
#2378 = CARTESIAN_POINT('',(66.6,25.588013518258,19.799978054775));
#2379 = CARTESIAN_POINT('',(65.8,25.588013518258,19.799978054775));
#2380 = ADVANCED_FACE('',(#2381),#2398,.T.);
#2381 = FACE_BOUND('',#2382,.T.);
#2382 = EDGE_LOOP('',(#2383,#2384,#2391,#2397));
#2383 = ORIENTED_EDGE('',*,*,#668,.T.);
#2384 = ORIENTED_EDGE('',*,*,#2385,.T.);
#2385 = EDGE_CURVE('',#654,#2386,#2388,.T.);
#2386 = VERTEX_POINT('',#2387);
#2387 = CARTESIAN_POINT('',(66.6,26.341897823034,18.94378511236));
#2388 = B_SPLINE_CURVE_WITH_KNOTS('',1,(#2389,#2390),.UNSPECIFIED.,.F.,
  .F.,(2,2),(0.,0.8),.PIECEWISE_BEZIER_KNOTS.);
#2389 = CARTESIAN_POINT('',(65.8,26.341897823034,18.94378511236));
#2390 = CARTESIAN_POINT('',(66.6,26.341897823034,18.94378511236));
#2391 = ORIENTED_EDGE('',*,*,#2392,.T.);
#2392 = EDGE_CURVE('',#2386,#2361,#2393,.T.);
#2393 = B_SPLINE_CURVE_WITH_KNOTS('',2,(#2394,#2395,#2396),
  .UNSPECIFIED.,.F.,.F.,(3,3),(0.,1.),.PIECEWISE_BEZIER_KNOTS.);
#2394 = CARTESIAN_POINT('',(66.6,26.341897823034,18.94378511236));
#2395 = CARTESIAN_POINT('',(66.6,26.020553897472,19.087767731742));
#2396 = CARTESIAN_POINT('',(66.6,25.833909761236,19.317665905899));
#2397 = ORIENTED_EDGE('',*,*,#2360,.F.);
#2398 = B_SPLINE_SURFACE_WITH_KNOTS('',2,1,(
    (#2399,#2400)
    ,(#2401,#2402)
    ,(#2403,#2404
    )),.UNSPECIFIED.,.F.,.F.,.F.,(3,3),(2,2),(0.,1.),(-0.8,0.),
  .PIECEWISE_BEZIER_KNOTS.);
#2399 = CARTESIAN_POINT('',(66.6,26.341897823034,18.94378511236));
#2400 = CARTESIAN_POINT('',(65.8,26.341897823034,18.94378511236));
#2401 = CARTESIAN_POINT('',(66.6,26.020553897472,19.087767731742));
#2402 = CARTESIAN_POINT('',(65.8,26.020553897472,19.087767731742));
#2403 = CARTESIAN_POINT('',(66.6,25.833909761236,19.317665905899));
#2404 = CARTESIAN_POINT('',(65.8,25.833909761236,19.317665905899));
#2405 = ADVANCED_FACE('',(#2406),#2423,.T.);
#2406 = FACE_BOUND('',#2407,.T.);
#2407 = EDGE_LOOP('',(#2408,#2409,#2416,#2422));
#2408 = ORIENTED_EDGE('',*,*,#653,.T.);
#2409 = ORIENTED_EDGE('',*,*,#2410,.T.);
#2410 = EDGE_CURVE('',#642,#2411,#2413,.T.);
#2411 = VERTEX_POINT('',#2412);
#2412 = CARTESIAN_POINT('',(66.6,27.285586376404,18.8));
#2413 = B_SPLINE_CURVE_WITH_KNOTS('',1,(#2414,#2415),.UNSPECIFIED.,.F.,
  .F.,(2,2),(0.,0.8),.PIECEWISE_BEZIER_KNOTS.);
#2414 = CARTESIAN_POINT('',(65.8,27.285586376404,18.8));
#2415 = CARTESIAN_POINT('',(66.6,27.285586376404,18.8));
#2416 = ORIENTED_EDGE('',*,*,#2417,.T.);
#2417 = EDGE_CURVE('',#2411,#2386,#2418,.T.);
#2418 = B_SPLINE_CURVE_WITH_KNOTS('',2,(#2419,#2420,#2421),
  .UNSPECIFIED.,.F.,.F.,(3,3),(0.,1.),.PIECEWISE_BEZIER_KNOTS.);
#2419 = CARTESIAN_POINT('',(66.6,27.285586376404,18.8));
#2420 = CARTESIAN_POINT('',(66.6,26.663439255618,18.8));
#2421 = CARTESIAN_POINT('',(66.6,26.341897823034,18.94378511236));
#2422 = ORIENTED_EDGE('',*,*,#2385,.F.);
#2423 = B_SPLINE_SURFACE_WITH_KNOTS('',2,1,(
    (#2424,#2425)
    ,(#2426,#2427)
    ,(#2428,#2429
    )),.UNSPECIFIED.,.F.,.F.,.F.,(3,3),(2,2),(0.,1.),(-0.8,0.),
  .PIECEWISE_BEZIER_KNOTS.);
#2424 = CARTESIAN_POINT('',(66.6,27.285586376404,18.8));
#2425 = CARTESIAN_POINT('',(65.8,27.285586376404,18.8));
#2426 = CARTESIAN_POINT('',(66.6,26.663439255618,18.8));
#2427 = CARTESIAN_POINT('',(65.8,26.663439255618,18.8));
#2428 = CARTESIAN_POINT('',(66.6,26.341897823034,18.94378511236));
#2429 = CARTESIAN_POINT('',(65.8,26.341897823034,18.94378511236));
#2430 = ADVANCED_FACE('',(#2431),#2448,.T.);
#2431 = FACE_BOUND('',#2432,.T.);
#2432 = EDGE_LOOP('',(#2433,#2434,#2441,#2447));
#2433 = ORIENTED_EDGE('',*,*,#641,.T.);
#2434 = ORIENTED_EDGE('',*,*,#2435,.T.);
#2435 = EDGE_CURVE('',#631,#2436,#2438,.T.);
#2436 = VERTEX_POINT('',#2437);
#2437 = CARTESIAN_POINT('',(66.6,28.121041081461,18.931934691011));
#2438 = B_SPLINE_CURVE_WITH_KNOTS('',1,(#2439,#2440),.UNSPECIFIED.,.F.,
  .F.,(2,2),(0.,0.8),.PIECEWISE_BEZIER_KNOTS.);
#2439 = CARTESIAN_POINT('',(65.8,28.121041081461,18.931934691011));
#2440 = CARTESIAN_POINT('',(66.6,28.121041081461,18.931934691011));
#2441 = ORIENTED_EDGE('',*,*,#2442,.T.);
#2442 = EDGE_CURVE('',#2436,#2411,#2443,.T.);
#2443 = B_SPLINE_CURVE_WITH_KNOTS('',2,(#2444,#2445,#2446),
  .UNSPECIFIED.,.F.,.F.,(3,3),(0.,1.),.PIECEWISE_BEZIER_KNOTS.);
#2444 = CARTESIAN_POINT('',(66.6,28.121041081461,18.931934691011));
#2445 = CARTESIAN_POINT('',(66.6,27.801079705056,18.8));
#2446 = CARTESIAN_POINT('',(66.6,27.285586376404,18.8));
#2447 = ORIENTED_EDGE('',*,*,#2410,.F.);
#2448 = B_SPLINE_SURFACE_WITH_KNOTS('',2,1,(
    (#2449,#2450)
    ,(#2451,#2452)
    ,(#2453,#2454
    )),.UNSPECIFIED.,.F.,.F.,.F.,(3,3),(2,2),(0.,1.),(-0.8,0.),
  .PIECEWISE_BEZIER_KNOTS.);
#2449 = CARTESIAN_POINT('',(66.6,28.121041081461,18.931934691011));
#2450 = CARTESIAN_POINT('',(65.8,28.121041081461,18.931934691011));
#2451 = CARTESIAN_POINT('',(66.6,27.801079705056,18.8));
#2452 = CARTESIAN_POINT('',(65.8,27.801079705056,18.8));
#2453 = CARTESIAN_POINT('',(66.6,27.285586376404,18.8));
#2454 = CARTESIAN_POINT('',(65.8,27.285586376404,18.8));
#2455 = ADVANCED_FACE('',(#2456),#2473,.T.);
#2456 = FACE_BOUND('',#2457,.T.);
#2457 = EDGE_LOOP('',(#2458,#2459,#2466,#2472));
#2458 = ORIENTED_EDGE('',*,*,#630,.T.);
#2459 = ORIENTED_EDGE('',*,*,#2460,.T.);
#2460 = EDGE_CURVE('',#620,#2461,#2463,.T.);
#2461 = VERTEX_POINT('',#2462);
#2462 = CARTESIAN_POINT('',(66.6,28.631991748596,19.286657303371));
#2463 = B_SPLINE_CURVE_WITH_KNOTS('',1,(#2464,#2465),.UNSPECIFIED.,.F.,
  .F.,(2,2),(0.,0.8),.PIECEWISE_BEZIER_KNOTS.);
#2464 = CARTESIAN_POINT('',(65.8,28.631991748596,19.286657303371));
#2465 = CARTESIAN_POINT('',(66.6,28.631991748596,19.286657303371));
#2466 = ORIENTED_EDGE('',*,*,#2467,.T.);
#2467 = EDGE_CURVE('',#2461,#2436,#2468,.T.);
#2468 = B_SPLINE_CURVE_WITH_KNOTS('',2,(#2469,#2470,#2471),
  .UNSPECIFIED.,.F.,.F.,(3,3),(0.,1.),.PIECEWISE_BEZIER_KNOTS.);
#2469 = CARTESIAN_POINT('',(66.6,28.631991748596,19.286657303371));
#2470 = CARTESIAN_POINT('',(66.6,28.441002457865,19.064066889045));
#2471 = CARTESIAN_POINT('',(66.6,28.121041081461,18.931934691011));
#2472 = ORIENTED_EDGE('',*,*,#2435,.F.);
#2473 = B_SPLINE_SURFACE_WITH_KNOTS('',2,1,(
    (#2474,#2475)
    ,(#2476,#2477)
    ,(#2478,#2479
    )),.UNSPECIFIED.,.F.,.F.,.F.,(3,3),(2,2),(0.,1.),(-0.8,0.),
  .PIECEWISE_BEZIER_KNOTS.);
#2474 = CARTESIAN_POINT('',(66.6,28.631991748596,19.286657303371));
#2475 = CARTESIAN_POINT('',(65.8,28.631991748596,19.286657303371));
#2476 = CARTESIAN_POINT('',(66.6,28.441002457865,19.064066889045));
#2477 = CARTESIAN_POINT('',(65.8,28.441002457865,19.064066889045));
#2478 = CARTESIAN_POINT('',(66.6,28.121041081461,18.931934691011));
#2479 = CARTESIAN_POINT('',(65.8,28.121041081461,18.931934691011));
#2480 = ADVANCED_FACE('',(#2481),#2498,.T.);
#2481 = FACE_BOUND('',#2482,.T.);
#2482 = EDGE_LOOP('',(#2483,#2484,#2491,#2497));
#2483 = ORIENTED_EDGE('',*,*,#619,.T.);
#2484 = ORIENTED_EDGE('',*,*,#2485,.T.);
#2485 = EDGE_CURVE('',#601,#2486,#2488,.T.);
#2486 = VERTEX_POINT('',#2487);
#2487 = CARTESIAN_POINT('',(66.6,28.894281074438,19.832566713483));
#2488 = B_SPLINE_CURVE_WITH_KNOTS('',1,(#2489,#2490),.UNSPECIFIED.,.F.,
  .F.,(2,2),(0.,0.8),.PIECEWISE_BEZIER_KNOTS.);
#2489 = CARTESIAN_POINT('',(65.8,28.894281074438,19.832566713483));
#2490 = CARTESIAN_POINT('',(66.6,28.894281074438,19.832566713483));
#2491 = ORIENTED_EDGE('',*,*,#2492,.T.);
#2492 = EDGE_CURVE('',#2486,#2461,#2493,.T.);
#2493 = B_SPLINE_CURVE_WITH_KNOTS('',2,(#2494,#2495,#2496),
  .UNSPECIFIED.,.F.,.F.,(3,3),(0.,1.),.PIECEWISE_BEZIER_KNOTS.);
#2494 = CARTESIAN_POINT('',(66.6,28.894281074438,19.832566713483));
#2495 = CARTESIAN_POINT('',(66.6,28.823178546348,19.509247717697));
#2496 = CARTESIAN_POINT('',(66.6,28.631991748596,19.286657303371));
#2497 = ORIENTED_EDGE('',*,*,#2460,.F.);
#2498 = B_SPLINE_SURFACE_WITH_KNOTS('',2,1,(
    (#2499,#2500)
    ,(#2501,#2502)
    ,(#2503,#2504
    )),.UNSPECIFIED.,.F.,.F.,.F.,(3,3),(2,2),(0.,1.),(-0.8,0.),
  .PIECEWISE_BEZIER_KNOTS.);
#2499 = CARTESIAN_POINT('',(66.6,28.894281074438,19.832566713483));
#2500 = CARTESIAN_POINT('',(65.8,28.894281074438,19.832566713483));
#2501 = CARTESIAN_POINT('',(66.6,28.823178546348,19.509247717697));
#2502 = CARTESIAN_POINT('',(65.8,28.823178546348,19.509247717697));
#2503 = CARTESIAN_POINT('',(66.6,28.631991748596,19.286657303371));
#2504 = CARTESIAN_POINT('',(65.8,28.631991748596,19.286657303371));
#2505 = ADVANCED_FACE('',(#2506),#2523,.T.);
#2506 = FACE_BOUND('',#2507,.T.);
#2507 = EDGE_LOOP('',(#2508,#2509,#2516,#2522));
#2508 = ORIENTED_EDGE('',*,*,#600,.T.);
#2509 = ORIENTED_EDGE('',*,*,#2510,.T.);
#2510 = EDGE_CURVE('',#594,#2511,#2513,.T.);
#2511 = VERTEX_POINT('',#2512);
#2512 = CARTESIAN_POINT('',(66.6,28.965383602528,20.939396067416));
#2513 = B_SPLINE_CURVE_WITH_KNOTS('',1,(#2514,#2515),.UNSPECIFIED.,.F.,
  .F.,(2,2),(0.,0.8),.PIECEWISE_BEZIER_KNOTS.);
#2514 = CARTESIAN_POINT('',(65.8,28.965383602528,20.939396067416));
#2515 = CARTESIAN_POINT('',(66.6,28.965383602528,20.939396067416));
#2516 = ORIENTED_EDGE('',*,*,#2517,.T.);
#2517 = EDGE_CURVE('',#2511,#2486,#2518,.T.);
#2518 = B_SPLINE_CURVE_WITH_KNOTS('',2,(#2519,#2520,#2521),
  .UNSPECIFIED.,.F.,.F.,(3,3),(0.,1.),.PIECEWISE_BEZIER_KNOTS.);
#2519 = CARTESIAN_POINT('',(66.6,28.965383602528,20.939396067416));
#2520 = CARTESIAN_POINT('',(66.6,28.965383602528,20.156083216292));
#2521 = CARTESIAN_POINT('',(66.6,28.894281074438,19.832566713483));
#2522 = ORIENTED_EDGE('',*,*,#2485,.F.);
#2523 = B_SPLINE_SURFACE_WITH_KNOTS('',2,1,(
    (#2524,#2525)
    ,(#2526,#2527)
    ,(#2528,#2529
    )),.UNSPECIFIED.,.F.,.F.,.F.,(3,3),(2,2),(0.,1.),(-0.8,0.),
  .PIECEWISE_BEZIER_KNOTS.);
#2524 = CARTESIAN_POINT('',(66.6,28.965383602528,20.939396067416));
#2525 = CARTESIAN_POINT('',(65.8,28.965383602528,20.939396067416));
#2526 = CARTESIAN_POINT('',(66.6,28.965383602528,20.156083216292));
#2527 = CARTESIAN_POINT('',(65.8,28.965383602528,20.156083216292));
#2528 = CARTESIAN_POINT('',(66.6,28.894281074438,19.832566713483));
#2529 = CARTESIAN_POINT('',(65.8,28.894281074438,19.832566713483));
#2530 = ADVANCED_FACE('',(#2531),#2547,.T.);
#2531 = FACE_BOUND('',#2532,.T.);
#2532 = EDGE_LOOP('',(#2533,#2534,#2541,#2546));
#2533 = ORIENTED_EDGE('',*,*,#593,.T.);
#2534 = ORIENTED_EDGE('',*,*,#2535,.T.);
#2535 = EDGE_CURVE('',#587,#2536,#2538,.T.);
#2536 = VERTEX_POINT('',#2537);
#2537 = CARTESIAN_POINT('',(66.6,28.965383602528,23.224157303371));
#2538 = B_SPLINE_CURVE_WITH_KNOTS('',1,(#2539,#2540),.UNSPECIFIED.,.F.,
  .F.,(2,2),(0.,0.8),.PIECEWISE_BEZIER_KNOTS.);
#2539 = CARTESIAN_POINT('',(65.8,28.965383602528,23.224157303371));
#2540 = CARTESIAN_POINT('',(66.6,28.965383602528,23.224157303371));
#2541 = ORIENTED_EDGE('',*,*,#2542,.T.);
#2542 = EDGE_CURVE('',#2536,#2511,#2543,.T.);
#2543 = B_SPLINE_CURVE_WITH_KNOTS('',1,(#2544,#2545),.UNSPECIFIED.,.F.,
  .F.,(2,2),(0.,2.284761235955),.PIECEWISE_BEZIER_KNOTS.);
#2544 = CARTESIAN_POINT('',(66.6,28.965383602528,23.224157303371));
#2545 = CARTESIAN_POINT('',(66.6,28.965383602528,20.939396067416));
#2546 = ORIENTED_EDGE('',*,*,#2510,.F.);
#2547 = B_SPLINE_SURFACE_WITH_KNOTS('',1,1,(
    (#2548,#2549)
    ,(#2550,#2551
    )),.UNSPECIFIED.,.F.,.F.,.F.,(2,2),(2,2),(0.,2.284761235955),(-0.8,
    0.),.PIECEWISE_BEZIER_KNOTS.);
#2548 = CARTESIAN_POINT('',(66.6,28.965383602528,23.224157303371));
#2549 = CARTESIAN_POINT('',(65.8,28.965383602528,23.224157303371));
#2550 = CARTESIAN_POINT('',(66.6,28.965383602528,20.939396067416));
#2551 = CARTESIAN_POINT('',(65.8,28.965383602528,20.939396067416));
#2552 = ADVANCED_FACE('',(#2553),#2569,.T.);
#2553 = FACE_BOUND('',#2554,.T.);
#2554 = EDGE_LOOP('',(#2555,#2556,#2563,#2568));
#2555 = ORIENTED_EDGE('',*,*,#586,.T.);
#2556 = ORIENTED_EDGE('',*,*,#2557,.T.);
#2557 = EDGE_CURVE('',#580,#2558,#2560,.T.);
#2558 = VERTEX_POINT('',#2559);
#2559 = CARTESIAN_POINT('',(66.6,28.088452422753,23.224157303371));
#2560 = B_SPLINE_CURVE_WITH_KNOTS('',1,(#2561,#2562),.UNSPECIFIED.,.F.,
  .F.,(2,2),(0.,0.8),.PIECEWISE_BEZIER_KNOTS.);
#2561 = CARTESIAN_POINT('',(65.8,28.088452422753,23.224157303371));
#2562 = CARTESIAN_POINT('',(66.6,28.088452422753,23.224157303371));
#2563 = ORIENTED_EDGE('',*,*,#2564,.T.);
#2564 = EDGE_CURVE('',#2558,#2536,#2565,.T.);
#2565 = B_SPLINE_CURVE_WITH_KNOTS('',1,(#2566,#2567),.UNSPECIFIED.,.F.,
  .F.,(2,2),(0.,0.876931179775),.PIECEWISE_BEZIER_KNOTS.);
#2566 = CARTESIAN_POINT('',(66.6,28.088452422753,23.224157303371));
#2567 = CARTESIAN_POINT('',(66.6,28.965383602528,23.224157303371));
#2568 = ORIENTED_EDGE('',*,*,#2535,.F.);
#2569 = B_SPLINE_SURFACE_WITH_KNOTS('',1,1,(
    (#2570,#2571)
    ,(#2572,#2573
    )),.UNSPECIFIED.,.F.,.F.,.F.,(2,2),(2,2),(0.,0.876931179775),(-0.8,
    0.),.PIECEWISE_BEZIER_KNOTS.);
#2570 = CARTESIAN_POINT('',(66.6,28.088452422753,23.224157303371));
#2571 = CARTESIAN_POINT('',(65.8,28.088452422753,23.224157303371));
#2572 = CARTESIAN_POINT('',(66.6,28.965383602528,23.224157303371));
#2573 = CARTESIAN_POINT('',(65.8,28.965383602528,23.224157303371));
#2574 = ADVANCED_FACE('',(#2575),#2591,.T.);
#2575 = FACE_BOUND('',#2576,.T.);
#2576 = EDGE_LOOP('',(#2577,#2578,#2585,#2590));
#2577 = ORIENTED_EDGE('',*,*,#579,.T.);
#2578 = ORIENTED_EDGE('',*,*,#2579,.T.);
#2579 = EDGE_CURVE('',#567,#2580,#2582,.T.);
#2580 = VERTEX_POINT('',#2581);
#2581 = CARTESIAN_POINT('',(66.6,28.088452422753,20.80627633427));
#2582 = B_SPLINE_CURVE_WITH_KNOTS('',1,(#2583,#2584),.UNSPECIFIED.,.F.,
  .F.,(2,2),(0.,0.8),.PIECEWISE_BEZIER_KNOTS.);
#2583 = CARTESIAN_POINT('',(65.8,28.088452422753,20.80627633427));
#2584 = CARTESIAN_POINT('',(66.6,28.088452422753,20.80627633427));
#2585 = ORIENTED_EDGE('',*,*,#2586,.T.);
#2586 = EDGE_CURVE('',#2580,#2558,#2587,.T.);
#2587 = B_SPLINE_CURVE_WITH_KNOTS('',1,(#2588,#2589),.UNSPECIFIED.,.F.,
  .F.,(2,2),(0.,2.417880969101),.PIECEWISE_BEZIER_KNOTS.);
#2588 = CARTESIAN_POINT('',(66.6,28.088452422753,20.80627633427));
#2589 = CARTESIAN_POINT('',(66.6,28.088452422753,23.224157303371));
#2590 = ORIENTED_EDGE('',*,*,#2557,.F.);
#2591 = B_SPLINE_SURFACE_WITH_KNOTS('',1,1,(
    (#2592,#2593)
    ,(#2594,#2595
    )),.UNSPECIFIED.,.F.,.F.,.F.,(2,2),(2,2),(0.,2.417880969101),(-0.8,
    0.),.PIECEWISE_BEZIER_KNOTS.);
#2592 = CARTESIAN_POINT('',(66.6,28.088452422753,20.80627633427));
#2593 = CARTESIAN_POINT('',(65.8,28.088452422753,20.80627633427));
#2594 = CARTESIAN_POINT('',(66.6,28.088452422753,23.224157303371));
#2595 = CARTESIAN_POINT('',(65.8,28.088452422753,23.224157303371));
#2596 = ADVANCED_FACE('',(#2597),#2614,.T.);
#2597 = FACE_BOUND('',#2598,.T.);
#2598 = EDGE_LOOP('',(#2599,#2600,#2607,#2613));
#2599 = ORIENTED_EDGE('',*,*,#566,.T.);
#2600 = ORIENTED_EDGE('',*,*,#2601,.T.);
#2601 = EDGE_CURVE('',#552,#2602,#2604,.T.);
#2602 = VERTEX_POINT('',#2603);
#2603 = CARTESIAN_POINT('',(66.6,28.049938553371,20.063847436798));
#2604 = B_SPLINE_CURVE_WITH_KNOTS('',1,(#2605,#2606),.UNSPECIFIED.,.F.,
  .F.,(2,2),(0.,0.8),.PIECEWISE_BEZIER_KNOTS.);
#2605 = CARTESIAN_POINT('',(65.8,28.049938553371,20.063847436798));
#2606 = CARTESIAN_POINT('',(66.6,28.049938553371,20.063847436798));
#2607 = ORIENTED_EDGE('',*,*,#2608,.T.);
#2608 = EDGE_CURVE('',#2602,#2580,#2609,.T.);
#2609 = B_SPLINE_CURVE_WITH_KNOTS('',2,(#2610,#2611,#2612),
  .UNSPECIFIED.,.F.,.F.,(3,3),(0.,1.),.PIECEWISE_BEZIER_KNOTS.);
#2610 = CARTESIAN_POINT('',(66.6,28.049938553371,20.063847436798));
#2611 = CARTESIAN_POINT('',(66.6,28.088452422753,20.287425386236));
#2612 = CARTESIAN_POINT('',(66.6,28.088452422753,20.80627633427));
#2613 = ORIENTED_EDGE('',*,*,#2579,.F.);
#2614 = B_SPLINE_SURFACE_WITH_KNOTS('',2,1,(
    (#2615,#2616)
    ,(#2617,#2618)
    ,(#2619,#2620
    )),.UNSPECIFIED.,.F.,.F.,.F.,(3,3),(2,2),(0.,1.),(-0.8,0.),
  .PIECEWISE_BEZIER_KNOTS.);
#2615 = CARTESIAN_POINT('',(66.6,28.049938553371,20.063847436798));
#2616 = CARTESIAN_POINT('',(65.8,28.049938553371,20.063847436798));
#2617 = CARTESIAN_POINT('',(66.6,28.088452422753,20.287425386236));
#2618 = CARTESIAN_POINT('',(65.8,28.088452422753,20.287425386236));
#2619 = CARTESIAN_POINT('',(66.6,28.088452422753,20.80627633427));
#2620 = CARTESIAN_POINT('',(65.8,28.088452422753,20.80627633427));
#2621 = ADVANCED_FACE('',(#2622),#2639,.T.);
#2622 = FACE_BOUND('',#2623,.T.);
#2623 = EDGE_LOOP('',(#2624,#2625,#2632,#2638));
#2624 = ORIENTED_EDGE('',*,*,#551,.T.);
#2625 = ORIENTED_EDGE('',*,*,#2626,.T.);
#2626 = EDGE_CURVE('',#537,#2627,#2629,.T.);
#2627 = VERTEX_POINT('',#2628);
#2628 = CARTESIAN_POINT('',(66.6,27.821817942416,19.686609023876));
#2629 = B_SPLINE_CURVE_WITH_KNOTS('',1,(#2630,#2631),.UNSPECIFIED.,.F.,
  .F.,(2,2),(0.,0.8),.PIECEWISE_BEZIER_KNOTS.);
#2630 = CARTESIAN_POINT('',(65.8,27.821817942416,19.686609023876));
#2631 = CARTESIAN_POINT('',(66.6,27.821817942416,19.686609023876));
#2632 = ORIENTED_EDGE('',*,*,#2633,.T.);
#2633 = EDGE_CURVE('',#2627,#2602,#2634,.T.);
#2634 = B_SPLINE_CURVE_WITH_KNOTS('',2,(#2635,#2636,#2637),
  .UNSPECIFIED.,.F.,.F.,(3,3),(0.,1.),.PIECEWISE_BEZIER_KNOTS.);
#2635 = CARTESIAN_POINT('',(66.6,27.821817942416,19.686609023876));
#2636 = CARTESIAN_POINT('',(66.6,28.011424683989,19.84026948736));
#2637 = CARTESIAN_POINT('',(66.6,28.049938553371,20.063847436798));
#2638 = ORIENTED_EDGE('',*,*,#2601,.F.);
#2639 = B_SPLINE_SURFACE_WITH_KNOTS('',2,1,(
    (#2640,#2641)
    ,(#2642,#2643)
    ,(#2644,#2645
    )),.UNSPECIFIED.,.F.,.F.,.F.,(3,3),(2,2),(0.,1.),(-0.8,0.),
  .PIECEWISE_BEZIER_KNOTS.);
#2640 = CARTESIAN_POINT('',(66.6,27.821817942416,19.686609023876));
#2641 = CARTESIAN_POINT('',(65.8,27.821817942416,19.686609023876));
#2642 = CARTESIAN_POINT('',(66.6,28.011424683989,19.84026948736));
#2643 = CARTESIAN_POINT('',(65.8,28.011424683989,19.84026948736));
#2644 = CARTESIAN_POINT('',(66.6,28.049938553371,20.063847436798));
#2645 = CARTESIAN_POINT('',(65.8,28.049938553371,20.063847436798));
#2646 = ADVANCED_FACE('',(#2647),#2664,.T.);
#2647 = FACE_BOUND('',#2648,.T.);
#2648 = EDGE_LOOP('',(#2649,#2650,#2657,#2663));
#2649 = ORIENTED_EDGE('',*,*,#536,.T.);
#2650 = ORIENTED_EDGE('',*,*,#2651,.T.);
#2651 = EDGE_CURVE('',#522,#2652,#2654,.T.);
#2652 = VERTEX_POINT('',#2653);
#2653 = CARTESIAN_POINT('',(66.6,27.258922928371,19.533146067416));
#2654 = B_SPLINE_CURVE_WITH_KNOTS('',1,(#2655,#2656),.UNSPECIFIED.,.F.,
  .F.,(2,2),(0.,0.8),.PIECEWISE_BEZIER_KNOTS.);
#2655 = CARTESIAN_POINT('',(65.8,27.258922928371,19.533146067416));
#2656 = CARTESIAN_POINT('',(66.6,27.258922928371,19.533146067416));
#2657 = ORIENTED_EDGE('',*,*,#2658,.T.);
#2658 = EDGE_CURVE('',#2652,#2627,#2659,.T.);
#2659 = B_SPLINE_CURVE_WITH_KNOTS('',2,(#2660,#2661,#2662),
  .UNSPECIFIED.,.F.,.F.,(3,3),(0.,1.),.PIECEWISE_BEZIER_KNOTS.);
#2660 = CARTESIAN_POINT('',(66.6,27.258922928371,19.533146067416));
#2661 = CARTESIAN_POINT('',(66.6,27.632211200843,19.533146067416));
#2662 = CARTESIAN_POINT('',(66.6,27.821817942416,19.686609023876));
#2663 = ORIENTED_EDGE('',*,*,#2626,.F.);
#2664 = B_SPLINE_SURFACE_WITH_KNOTS('',2,1,(
    (#2665,#2666)
    ,(#2667,#2668)
    ,(#2669,#2670
    )),.UNSPECIFIED.,.F.,.F.,.F.,(3,3),(2,2),(0.,1.),(-0.8,0.),
  .PIECEWISE_BEZIER_KNOTS.);
#2665 = CARTESIAN_POINT('',(66.6,27.258922928371,19.533146067416));
#2666 = CARTESIAN_POINT('',(65.8,27.258922928371,19.533146067416));
#2667 = CARTESIAN_POINT('',(66.6,27.632211200843,19.533146067416));
#2668 = CARTESIAN_POINT('',(65.8,27.632211200843,19.533146067416));
#2669 = CARTESIAN_POINT('',(66.6,27.821817942416,19.686609023876));
#2670 = CARTESIAN_POINT('',(65.8,27.821817942416,19.686609023876));
#2671 = ADVANCED_FACE('',(#2672),#2689,.T.);
#2672 = FACE_BOUND('',#2673,.T.);
#2673 = EDGE_LOOP('',(#2674,#2675,#2682,#2688));
#2674 = ORIENTED_EDGE('',*,*,#521,.T.);
#2675 = ORIENTED_EDGE('',*,*,#2676,.T.);
#2676 = EDGE_CURVE('',#507,#2677,#2679,.T.);
#2677 = VERTEX_POINT('',#2678);
#2678 = CARTESIAN_POINT('',(66.6,26.679634831461,19.695496839888));
#2679 = B_SPLINE_CURVE_WITH_KNOTS('',1,(#2680,#2681),.UNSPECIFIED.,.F.,
  .F.,(2,2),(0.,0.8),.PIECEWISE_BEZIER_KNOTS.);
#2680 = CARTESIAN_POINT('',(65.8,26.679634831461,19.695496839888));
#2681 = CARTESIAN_POINT('',(66.6,26.679634831461,19.695496839888));
#2682 = ORIENTED_EDGE('',*,*,#2683,.T.);
#2683 = EDGE_CURVE('',#2677,#2652,#2684,.T.);
#2684 = B_SPLINE_CURVE_WITH_KNOTS('',2,(#2685,#2686,#2687),
  .UNSPECIFIED.,.F.,.F.,(3,3),(0.,1.),.PIECEWISE_BEZIER_KNOTS.);
#2685 = CARTESIAN_POINT('',(66.6,26.679634831461,19.695496839888));
#2686 = CARTESIAN_POINT('',(66.6,26.891559866573,19.533146067416));
#2687 = CARTESIAN_POINT('',(66.6,27.258922928371,19.533146067416));
#2688 = ORIENTED_EDGE('',*,*,#2651,.F.);
#2689 = B_SPLINE_SURFACE_WITH_KNOTS('',2,1,(
    (#2690,#2691)
    ,(#2692,#2693)
    ,(#2694,#2695
    )),.UNSPECIFIED.,.F.,.F.,.F.,(3,3),(2,2),(0.,1.),(-0.8,0.),
  .PIECEWISE_BEZIER_KNOTS.);
#2690 = CARTESIAN_POINT('',(66.6,26.679634831461,19.695496839888));
#2691 = CARTESIAN_POINT('',(65.8,26.679634831461,19.695496839888));
#2692 = CARTESIAN_POINT('',(66.6,26.891559866573,19.533146067416));
#2693 = CARTESIAN_POINT('',(65.8,26.891559866573,19.533146067416));
#2694 = CARTESIAN_POINT('',(66.6,27.258922928371,19.533146067416));
#2695 = CARTESIAN_POINT('',(65.8,27.258922928371,19.533146067416));
#2696 = ADVANCED_FACE('',(#2697),#2714,.T.);
#2697 = FACE_BOUND('',#2698,.T.);
#2698 = EDGE_LOOP('',(#2699,#2700,#2707,#2713));
#2699 = ORIENTED_EDGE('',*,*,#506,.T.);
#2700 = ORIENTED_EDGE('',*,*,#2701,.T.);
#2701 = EDGE_CURVE('',#493,#2702,#2704,.T.);
#2702 = VERTEX_POINT('',#2703);
#2703 = CARTESIAN_POINT('',(66.6,26.411617801966,20.126457162921));
#2704 = B_SPLINE_CURVE_WITH_KNOTS('',1,(#2705,#2706),.UNSPECIFIED.,.F.,
  .F.,(2,2),(0.,0.8),.PIECEWISE_BEZIER_KNOTS.);
#2705 = CARTESIAN_POINT('',(65.8,26.411617801966,20.126457162921));
#2706 = CARTESIAN_POINT('',(66.6,26.411617801966,20.126457162921));
#2707 = ORIENTED_EDGE('',*,*,#2708,.T.);
#2708 = EDGE_CURVE('',#2702,#2677,#2709,.T.);
#2709 = B_SPLINE_CURVE_WITH_KNOTS('',2,(#2710,#2711,#2712),
  .UNSPECIFIED.,.F.,.F.,(3,3),(0.,1.),.PIECEWISE_BEZIER_KNOTS.);
#2710 = CARTESIAN_POINT('',(66.6,26.411617801966,20.126457162921));
#2711 = CARTESIAN_POINT('',(66.6,26.467907303371,19.858045119382));
#2712 = CARTESIAN_POINT('',(66.6,26.679634831461,19.695496839888));
#2713 = ORIENTED_EDGE('',*,*,#2676,.F.);
#2714 = B_SPLINE_SURFACE_WITH_KNOTS('',2,1,(
    (#2715,#2716)
    ,(#2717,#2718)
    ,(#2719,#2720
    )),.UNSPECIFIED.,.F.,.F.,.F.,(3,3),(2,2),(0.,1.),(-0.8,0.),
  .PIECEWISE_BEZIER_KNOTS.);
#2715 = CARTESIAN_POINT('',(66.6,26.411617801966,20.126457162921));
#2716 = CARTESIAN_POINT('',(65.8,26.411617801966,20.126457162921));
#2717 = CARTESIAN_POINT('',(66.6,26.467907303371,19.858045119382));
#2718 = CARTESIAN_POINT('',(65.8,26.467907303371,19.858045119382));
#2719 = CARTESIAN_POINT('',(66.6,26.679634831461,19.695496839888));
#2720 = CARTESIAN_POINT('',(65.8,26.679634831461,19.695496839888));
#2721 = ADVANCED_FACE('',(#2722),#2739,.T.);
#2722 = FACE_BOUND('',#2723,.T.);
#2723 = EDGE_LOOP('',(#2724,#2725,#2732,#2738));
#2724 = ORIENTED_EDGE('',*,*,#492,.T.);
#2725 = ORIENTED_EDGE('',*,*,#2726,.T.);
#2726 = EDGE_CURVE('',#486,#2727,#2729,.T.);
#2727 = VERTEX_POINT('',#2728);
#2728 = CARTESIAN_POINT('',(66.6,26.379029143258,20.856838132022));
#2729 = B_SPLINE_CURVE_WITH_KNOTS('',1,(#2730,#2731),.UNSPECIFIED.,.F.,
  .F.,(2,2),(0.,0.8),.PIECEWISE_BEZIER_KNOTS.);
#2730 = CARTESIAN_POINT('',(65.8,26.379029143258,20.856838132022));
#2731 = CARTESIAN_POINT('',(66.6,26.379029143258,20.856838132022));
#2732 = ORIENTED_EDGE('',*,*,#2733,.T.);
#2733 = EDGE_CURVE('',#2727,#2702,#2734,.T.);
#2734 = B_SPLINE_CURVE_WITH_KNOTS('',2,(#2735,#2736,#2737),
  .UNSPECIFIED.,.F.,.F.,(3,3),(0.,1.),.PIECEWISE_BEZIER_KNOTS.);
#2735 = CARTESIAN_POINT('',(66.6,26.379029143258,20.856838132022));
#2736 = CARTESIAN_POINT('',(66.6,26.379029143258,20.29335059691));
#2737 = CARTESIAN_POINT('',(66.6,26.411617801966,20.126457162921));
#2738 = ORIENTED_EDGE('',*,*,#2701,.F.);
#2739 = B_SPLINE_SURFACE_WITH_KNOTS('',2,1,(
    (#2740,#2741)
    ,(#2742,#2743)
    ,(#2744,#2745
    )),.UNSPECIFIED.,.F.,.F.,.F.,(3,3),(2,2),(0.,1.),(-0.8,0.),
  .PIECEWISE_BEZIER_KNOTS.);
#2740 = CARTESIAN_POINT('',(66.6,26.379029143258,20.856838132022));
#2741 = CARTESIAN_POINT('',(65.8,26.379029143258,20.856838132022));
#2742 = CARTESIAN_POINT('',(66.6,26.379029143258,20.29335059691));
#2743 = CARTESIAN_POINT('',(65.8,26.379029143258,20.29335059691));
#2744 = CARTESIAN_POINT('',(66.6,26.411617801966,20.126457162921));
#2745 = CARTESIAN_POINT('',(65.8,26.411617801966,20.126457162921));
#2746 = ADVANCED_FACE('',(#2747),#2757,.T.);
#2747 = FACE_BOUND('',#2748,.T.);
#2748 = EDGE_LOOP('',(#2749,#2750,#2751,#2756));
#2749 = ORIENTED_EDGE('',*,*,#485,.T.);
#2750 = ORIENTED_EDGE('',*,*,#2299,.T.);
#2751 = ORIENTED_EDGE('',*,*,#2752,.T.);
#2752 = EDGE_CURVE('',#2293,#2727,#2753,.T.);
#2753 = B_SPLINE_CURVE_WITH_KNOTS('',1,(#2754,#2755),.UNSPECIFIED.,.F.,
  .F.,(2,2),(0.,2.367319171348),.PIECEWISE_BEZIER_KNOTS.);
#2754 = CARTESIAN_POINT('',(66.6,26.379029143258,23.224157303371));
#2755 = CARTESIAN_POINT('',(66.6,26.379029143258,20.856838132022));
#2756 = ORIENTED_EDGE('',*,*,#2726,.F.);
#2757 = B_SPLINE_SURFACE_WITH_KNOTS('',1,1,(
    (#2758,#2759)
    ,(#2760,#2761
    )),.UNSPECIFIED.,.F.,.F.,.F.,(2,2),(2,2),(0.,2.367319171348),(-0.8,
    0.),.PIECEWISE_BEZIER_KNOTS.);
#2758 = CARTESIAN_POINT('',(66.6,26.379029143258,23.224157303371));
#2759 = CARTESIAN_POINT('',(65.8,26.379029143258,23.224157303371));
#2760 = CARTESIAN_POINT('',(66.6,26.379029143258,20.856838132022));
#2761 = CARTESIAN_POINT('',(65.8,26.379029143258,20.856838132022));
#2762 = ADVANCED_FACE('',(#2763),#2785,.T.);
#2763 = FACE_BOUND('',#2764,.T.);
#2764 = EDGE_LOOP('',(#2765,#2766,#2773,#2780));
#2765 = ORIENTED_EDGE('',*,*,#710,.T.);
#2766 = ORIENTED_EDGE('',*,*,#2767,.T.);
#2767 = EDGE_CURVE('',#713,#2768,#2770,.T.);
#2768 = VERTEX_POINT('',#2769);
#2769 = CARTESIAN_POINT('',(66.6,30.871918890449,18.875842696629));
#2770 = B_SPLINE_CURVE_WITH_KNOTS('',1,(#2771,#2772),.UNSPECIFIED.,.F.,
  .F.,(2,2),(0.,0.8),.PIECEWISE_BEZIER_KNOTS.);
#2771 = CARTESIAN_POINT('',(65.8,30.871918890449,18.875842696629));
#2772 = CARTESIAN_POINT('',(66.6,30.871918890449,18.875842696629));
#2773 = ORIENTED_EDGE('',*,*,#2774,.T.);
#2774 = EDGE_CURVE('',#2768,#2775,#2777,.T.);
#2775 = VERTEX_POINT('',#2776);
#2776 = CARTESIAN_POINT('',(66.6,30.871918890449,22.491011235955));
#2777 = B_SPLINE_CURVE_WITH_KNOTS('',1,(#2778,#2779),.UNSPECIFIED.,.F.,
  .F.,(2,2),(0.,3.615168539326),.PIECEWISE_BEZIER_KNOTS.);
#2778 = CARTESIAN_POINT('',(66.6,30.871918890449,18.875842696629));
#2779 = CARTESIAN_POINT('',(66.6,30.871918890449,22.491011235955));
#2780 = ORIENTED_EDGE('',*,*,#2781,.F.);
#2781 = EDGE_CURVE('',#711,#2775,#2782,.T.);
#2782 = B_SPLINE_CURVE_WITH_KNOTS('',1,(#2783,#2784),.UNSPECIFIED.,.F.,
  .F.,(2,2),(0.,0.8),.PIECEWISE_BEZIER_KNOTS.);
#2783 = CARTESIAN_POINT('',(65.8,30.871918890449,22.491011235955));
#2784 = CARTESIAN_POINT('',(66.6,30.871918890449,22.491011235955));
#2785 = B_SPLINE_SURFACE_WITH_KNOTS('',1,1,(
    (#2786,#2787)
    ,(#2788,#2789
    )),.UNSPECIFIED.,.F.,.F.,.F.,(2,2),(2,2),(0.,3.615168539326),(-0.8,
    0.),.PIECEWISE_BEZIER_KNOTS.);
#2786 = CARTESIAN_POINT('',(66.6,30.871918890449,18.875842696629));
#2787 = CARTESIAN_POINT('',(65.8,30.871918890449,18.875842696629));
#2788 = CARTESIAN_POINT('',(66.6,30.871918890449,22.491011235955));
#2789 = CARTESIAN_POINT('',(65.8,30.871918890449,22.491011235955));
#2790 = ADVANCED_FACE('',(#2791),#2807,.T.);
#2791 = FACE_BOUND('',#2792,.T.);
#2792 = EDGE_LOOP('',(#2793,#2794,#2801,#2806));
#2793 = ORIENTED_EDGE('',*,*,#761,.T.);
#2794 = ORIENTED_EDGE('',*,*,#2795,.T.);
#2795 = EDGE_CURVE('',#755,#2796,#2798,.T.);
#2796 = VERTEX_POINT('',#2797);
#2797 = CARTESIAN_POINT('',(66.6,31.748850070225,18.875842696629));
#2798 = B_SPLINE_CURVE_WITH_KNOTS('',1,(#2799,#2800),.UNSPECIFIED.,.F.,
  .F.,(2,2),(0.,0.8),.PIECEWISE_BEZIER_KNOTS.);
#2799 = CARTESIAN_POINT('',(65.8,31.748850070225,18.875842696629));
#2800 = CARTESIAN_POINT('',(66.6,31.748850070225,18.875842696629));
#2801 = ORIENTED_EDGE('',*,*,#2802,.T.);
#2802 = EDGE_CURVE('',#2796,#2768,#2803,.T.);
#2803 = B_SPLINE_CURVE_WITH_KNOTS('',1,(#2804,#2805),.UNSPECIFIED.,.F.,
  .F.,(2,2),(0.,0.876931179775),.PIECEWISE_BEZIER_KNOTS.);
#2804 = CARTESIAN_POINT('',(66.6,31.748850070225,18.875842696629));
#2805 = CARTESIAN_POINT('',(66.6,30.871918890449,18.875842696629));
#2806 = ORIENTED_EDGE('',*,*,#2767,.F.);
#2807 = B_SPLINE_SURFACE_WITH_KNOTS('',1,1,(
    (#2808,#2809)
    ,(#2810,#2811
    )),.UNSPECIFIED.,.F.,.F.,.F.,(2,2),(2,2),(0.,0.876931179775),(-0.8,
    0.),.PIECEWISE_BEZIER_KNOTS.);
#2808 = CARTESIAN_POINT('',(66.6,31.748850070225,18.875842696629));
#2809 = CARTESIAN_POINT('',(65.8,31.748850070225,18.875842696629));
#2810 = CARTESIAN_POINT('',(66.6,30.871918890449,18.875842696629));
#2811 = CARTESIAN_POINT('',(65.8,30.871918890449,18.875842696629));
#2812 = ADVANCED_FACE('',(#2813),#2829,.T.);
#2813 = FACE_BOUND('',#2814,.T.);
#2814 = EDGE_LOOP('',(#2815,#2816,#2823,#2828));
#2815 = ORIENTED_EDGE('',*,*,#754,.T.);
#2816 = ORIENTED_EDGE('',*,*,#2817,.T.);
#2817 = EDGE_CURVE('',#748,#2818,#2820,.T.);
#2818 = VERTEX_POINT('',#2819);
#2819 = CARTESIAN_POINT('',(66.6,31.748850070225,22.491011235955));
#2820 = B_SPLINE_CURVE_WITH_KNOTS('',1,(#2821,#2822),.UNSPECIFIED.,.F.,
  .F.,(2,2),(0.,0.8),.PIECEWISE_BEZIER_KNOTS.);
#2821 = CARTESIAN_POINT('',(65.8,31.748850070225,22.491011235955));
#2822 = CARTESIAN_POINT('',(66.6,31.748850070225,22.491011235955));
#2823 = ORIENTED_EDGE('',*,*,#2824,.T.);
#2824 = EDGE_CURVE('',#2818,#2796,#2825,.T.);
#2825 = B_SPLINE_CURVE_WITH_KNOTS('',1,(#2826,#2827),.UNSPECIFIED.,.F.,
  .F.,(2,2),(0.,3.615168539326),.PIECEWISE_BEZIER_KNOTS.);
#2826 = CARTESIAN_POINT('',(66.6,31.748850070225,22.491011235955));
#2827 = CARTESIAN_POINT('',(66.6,31.748850070225,18.875842696629));
#2828 = ORIENTED_EDGE('',*,*,#2795,.F.);
#2829 = B_SPLINE_SURFACE_WITH_KNOTS('',1,1,(
    (#2830,#2831)
    ,(#2832,#2833
    )),.UNSPECIFIED.,.F.,.F.,.F.,(2,2),(2,2),(0.,3.615168539326),(-0.8,
    0.),.PIECEWISE_BEZIER_KNOTS.);
#2830 = CARTESIAN_POINT('',(66.6,31.748850070225,22.491011235955));
#2831 = CARTESIAN_POINT('',(65.8,31.748850070225,22.491011235955));
#2832 = CARTESIAN_POINT('',(66.6,31.748850070225,18.875842696629));
#2833 = CARTESIAN_POINT('',(65.8,31.748850070225,18.875842696629));
#2834 = ADVANCED_FACE('',(#2835),#2851,.T.);
#2835 = FACE_BOUND('',#2836,.T.);
#2836 = EDGE_LOOP('',(#2837,#2838,#2845,#2850));
#2837 = ORIENTED_EDGE('',*,*,#747,.T.);
#2838 = ORIENTED_EDGE('',*,*,#2839,.T.);
#2839 = EDGE_CURVE('',#741,#2840,#2842,.T.);
#2840 = VERTEX_POINT('',#2841);
#2841 = CARTESIAN_POINT('',(66.6,33.034620786517,22.491011235955));
#2842 = B_SPLINE_CURVE_WITH_KNOTS('',1,(#2843,#2844),.UNSPECIFIED.,.F.,
  .F.,(2,2),(0.,0.8),.PIECEWISE_BEZIER_KNOTS.);
#2843 = CARTESIAN_POINT('',(65.8,33.034620786517,22.491011235955));
#2844 = CARTESIAN_POINT('',(66.6,33.034620786517,22.491011235955));
#2845 = ORIENTED_EDGE('',*,*,#2846,.T.);
#2846 = EDGE_CURVE('',#2840,#2818,#2847,.T.);
#2847 = B_SPLINE_CURVE_WITH_KNOTS('',1,(#2848,#2849),.UNSPECIFIED.,.F.,
  .F.,(2,2),(0.,1.285770716292),.PIECEWISE_BEZIER_KNOTS.);
#2848 = CARTESIAN_POINT('',(66.6,33.034620786517,22.491011235955));
#2849 = CARTESIAN_POINT('',(66.6,31.748850070225,22.491011235955));
#2850 = ORIENTED_EDGE('',*,*,#2817,.F.);
#2851 = B_SPLINE_SURFACE_WITH_KNOTS('',1,1,(
    (#2852,#2853)
    ,(#2854,#2855
    )),.UNSPECIFIED.,.F.,.F.,.F.,(2,2),(2,2),(0.,1.285770716292),(-0.8,
    0.),.PIECEWISE_BEZIER_KNOTS.);
#2852 = CARTESIAN_POINT('',(66.6,33.034620786517,22.491011235955));
#2853 = CARTESIAN_POINT('',(65.8,33.034620786517,22.491011235955));
#2854 = CARTESIAN_POINT('',(66.6,31.748850070225,22.491011235955));
#2855 = CARTESIAN_POINT('',(65.8,31.748850070225,22.491011235955));
#2856 = ADVANCED_FACE('',(#2857),#2873,.T.);
#2857 = FACE_BOUND('',#2858,.T.);
#2858 = EDGE_LOOP('',(#2859,#2860,#2867,#2872));
#2859 = ORIENTED_EDGE('',*,*,#740,.T.);
#2860 = ORIENTED_EDGE('',*,*,#2861,.T.);
#2861 = EDGE_CURVE('',#734,#2862,#2864,.T.);
#2862 = VERTEX_POINT('',#2863);
#2863 = CARTESIAN_POINT('',(66.6,33.034620786517,23.224157303371));
#2864 = B_SPLINE_CURVE_WITH_KNOTS('',1,(#2865,#2866),.UNSPECIFIED.,.F.,
  .F.,(2,2),(0.,0.8),.PIECEWISE_BEZIER_KNOTS.);
#2865 = CARTESIAN_POINT('',(65.8,33.034620786517,23.224157303371));
#2866 = CARTESIAN_POINT('',(66.6,33.034620786517,23.224157303371));
#2867 = ORIENTED_EDGE('',*,*,#2868,.T.);
#2868 = EDGE_CURVE('',#2862,#2840,#2869,.T.);
#2869 = B_SPLINE_CURVE_WITH_KNOTS('',1,(#2870,#2871),.UNSPECIFIED.,.F.,
  .F.,(2,2),(0.,0.733146067416),.PIECEWISE_BEZIER_KNOTS.);
#2870 = CARTESIAN_POINT('',(66.6,33.034620786517,23.224157303371));
#2871 = CARTESIAN_POINT('',(66.6,33.034620786517,22.491011235955));
#2872 = ORIENTED_EDGE('',*,*,#2839,.F.);
#2873 = B_SPLINE_SURFACE_WITH_KNOTS('',1,1,(
    (#2874,#2875)
    ,(#2876,#2877
    )),.UNSPECIFIED.,.F.,.F.,.F.,(2,2),(2,2),(0.,0.733146067416),(-0.8,
    0.),.PIECEWISE_BEZIER_KNOTS.);
#2874 = CARTESIAN_POINT('',(66.6,33.034620786517,23.224157303371));
#2875 = CARTESIAN_POINT('',(65.8,33.034620786517,23.224157303371));
#2876 = CARTESIAN_POINT('',(66.6,33.034620786517,22.491011235955));
#2877 = CARTESIAN_POINT('',(65.8,33.034620786517,22.491011235955));
#2878 = ADVANCED_FACE('',(#2879),#2895,.T.);
#2879 = FACE_BOUND('',#2880,.T.);
#2880 = EDGE_LOOP('',(#2881,#2882,#2889,#2894));
#2881 = ORIENTED_EDGE('',*,*,#733,.T.);
#2882 = ORIENTED_EDGE('',*,*,#2883,.T.);
#2883 = EDGE_CURVE('',#727,#2884,#2886,.T.);
#2884 = VERTEX_POINT('',#2885);
#2885 = CARTESIAN_POINT('',(66.6,29.58318556882,23.224157303371));
#2886 = B_SPLINE_CURVE_WITH_KNOTS('',1,(#2887,#2888),.UNSPECIFIED.,.F.,
  .F.,(2,2),(0.,0.8),.PIECEWISE_BEZIER_KNOTS.);
#2887 = CARTESIAN_POINT('',(65.8,29.58318556882,23.224157303371));
#2888 = CARTESIAN_POINT('',(66.6,29.58318556882,23.224157303371));
#2889 = ORIENTED_EDGE('',*,*,#2890,.T.);
#2890 = EDGE_CURVE('',#2884,#2862,#2891,.T.);
#2891 = B_SPLINE_CURVE_WITH_KNOTS('',1,(#2892,#2893),.UNSPECIFIED.,.F.,
  .F.,(2,2),(0.,3.451435217697),.PIECEWISE_BEZIER_KNOTS.);
#2892 = CARTESIAN_POINT('',(66.6,29.58318556882,23.224157303371));
#2893 = CARTESIAN_POINT('',(66.6,33.034620786517,23.224157303371));
#2894 = ORIENTED_EDGE('',*,*,#2861,.F.);
#2895 = B_SPLINE_SURFACE_WITH_KNOTS('',1,1,(
    (#2896,#2897)
    ,(#2898,#2899
    )),.UNSPECIFIED.,.F.,.F.,.F.,(2,2),(2,2),(0.,3.451435217697),(-0.8,
    0.),.PIECEWISE_BEZIER_KNOTS.);
#2896 = CARTESIAN_POINT('',(66.6,29.58318556882,23.224157303371));
#2897 = CARTESIAN_POINT('',(65.8,29.58318556882,23.224157303371));
#2898 = CARTESIAN_POINT('',(66.6,33.034620786517,23.224157303371));
#2899 = CARTESIAN_POINT('',(65.8,33.034620786517,23.224157303371));
#2900 = ADVANCED_FACE('',(#2901),#2917,.T.);
#2901 = FACE_BOUND('',#2902,.T.);
#2902 = EDGE_LOOP('',(#2903,#2904,#2911,#2916));
#2903 = ORIENTED_EDGE('',*,*,#726,.T.);
#2904 = ORIENTED_EDGE('',*,*,#2905,.T.);
#2905 = EDGE_CURVE('',#720,#2906,#2908,.T.);
#2906 = VERTEX_POINT('',#2907);
#2907 = CARTESIAN_POINT('',(66.6,29.58318556882,22.491011235955));
#2908 = B_SPLINE_CURVE_WITH_KNOTS('',1,(#2909,#2910),.UNSPECIFIED.,.F.,
  .F.,(2,2),(0.,0.8),.PIECEWISE_BEZIER_KNOTS.);
#2909 = CARTESIAN_POINT('',(65.8,29.58318556882,22.491011235955));
#2910 = CARTESIAN_POINT('',(66.6,29.58318556882,22.491011235955));
#2911 = ORIENTED_EDGE('',*,*,#2912,.T.);
#2912 = EDGE_CURVE('',#2906,#2884,#2913,.T.);
#2913 = B_SPLINE_CURVE_WITH_KNOTS('',1,(#2914,#2915),.UNSPECIFIED.,.F.,
  .F.,(2,2),(0.,0.733146067416),.PIECEWISE_BEZIER_KNOTS.);
#2914 = CARTESIAN_POINT('',(66.6,29.58318556882,22.491011235955));
#2915 = CARTESIAN_POINT('',(66.6,29.58318556882,23.224157303371));
#2916 = ORIENTED_EDGE('',*,*,#2883,.F.);
#2917 = B_SPLINE_SURFACE_WITH_KNOTS('',1,1,(
    (#2918,#2919)
    ,(#2920,#2921
    )),.UNSPECIFIED.,.F.,.F.,.F.,(2,2),(2,2),(0.,0.733146067416),(-0.8,
    0.),.PIECEWISE_BEZIER_KNOTS.);
#2918 = CARTESIAN_POINT('',(66.6,29.58318556882,22.491011235955));
#2919 = CARTESIAN_POINT('',(65.8,29.58318556882,22.491011235955));
#2920 = CARTESIAN_POINT('',(66.6,29.58318556882,23.224157303371));
#2921 = CARTESIAN_POINT('',(65.8,29.58318556882,23.224157303371));
#2922 = ADVANCED_FACE('',(#2923),#2933,.T.);
#2923 = FACE_BOUND('',#2924,.T.);
#2924 = EDGE_LOOP('',(#2925,#2926,#2927,#2932));
#2925 = ORIENTED_EDGE('',*,*,#719,.T.);
#2926 = ORIENTED_EDGE('',*,*,#2781,.T.);
#2927 = ORIENTED_EDGE('',*,*,#2928,.T.);
#2928 = EDGE_CURVE('',#2775,#2906,#2929,.T.);
#2929 = B_SPLINE_CURVE_WITH_KNOTS('',1,(#2930,#2931),.UNSPECIFIED.,.F.,
  .F.,(2,2),(0.,1.288733321629),.PIECEWISE_BEZIER_KNOTS.);
#2930 = CARTESIAN_POINT('',(66.6,30.871918890449,22.491011235955));
#2931 = CARTESIAN_POINT('',(66.6,29.58318556882,22.491011235955));
#2932 = ORIENTED_EDGE('',*,*,#2905,.F.);
#2933 = B_SPLINE_SURFACE_WITH_KNOTS('',1,1,(
    (#2934,#2935)
    ,(#2936,#2937
    )),.UNSPECIFIED.,.F.,.F.,.F.,(2,2),(2,2),(0.,1.288733321629),(-0.8,
    0.),.PIECEWISE_BEZIER_KNOTS.);
#2934 = CARTESIAN_POINT('',(66.6,30.871918890449,22.491011235955));
#2935 = CARTESIAN_POINT('',(65.8,30.871918890449,22.491011235955));
#2936 = CARTESIAN_POINT('',(66.6,29.58318556882,22.491011235955));
#2937 = CARTESIAN_POINT('',(65.8,29.58318556882,22.491011235955));
#2938 = ADVANCED_FACE('',(#2939),#2962,.T.);
#2939 = FACE_BOUND('',#2940,.T.);
#2940 = EDGE_LOOP('',(#2941,#2942,#2949,#2957));
#2941 = ORIENTED_EDGE('',*,*,#768,.T.);
#2942 = ORIENTED_EDGE('',*,*,#2943,.T.);
#2943 = EDGE_CURVE('',#771,#2944,#2946,.T.);
#2944 = VERTEX_POINT('',#2945);
#2945 = CARTESIAN_POINT('',(66.6,20.615379213483,21.023336551966));
#2946 = B_SPLINE_CURVE_WITH_KNOTS('',1,(#2947,#2948),.UNSPECIFIED.,.F.,
  .F.,(2,2),(0.,0.8),.PIECEWISE_BEZIER_KNOTS.);
#2947 = CARTESIAN_POINT('',(65.8,20.615379213483,21.023336551966));
#2948 = CARTESIAN_POINT('',(66.6,20.615379213483,21.023336551966));
#2949 = ORIENTED_EDGE('',*,*,#2950,.T.);
#2950 = EDGE_CURVE('',#2944,#2951,#2953,.T.);
#2951 = VERTEX_POINT('',#2952);
#2952 = CARTESIAN_POINT('',(66.6,20.813873771067,22.139448735955));
#2953 = B_SPLINE_CURVE_WITH_KNOTS('',2,(#2954,#2955,#2956),
  .UNSPECIFIED.,.F.,.F.,(3,3),(0.,1.),.PIECEWISE_BEZIER_KNOTS.);
#2954 = CARTESIAN_POINT('',(66.6,20.615379213483,21.023336551966));
#2955 = CARTESIAN_POINT('',(66.6,20.615379213483,21.688145189607));
#2956 = CARTESIAN_POINT('',(66.6,20.813873771067,22.139448735955));
#2957 = ORIENTED_EDGE('',*,*,#2958,.F.);
#2958 = EDGE_CURVE('',#769,#2951,#2959,.T.);
#2959 = B_SPLINE_CURVE_WITH_KNOTS('',1,(#2960,#2961),.UNSPECIFIED.,.F.,
  .F.,(2,2),(0.,0.8),.PIECEWISE_BEZIER_KNOTS.);
#2960 = CARTESIAN_POINT('',(65.8,20.813873771067,22.139448735955));
#2961 = CARTESIAN_POINT('',(66.6,20.813873771067,22.139448735955));
#2962 = B_SPLINE_SURFACE_WITH_KNOTS('',2,1,(
    (#2963,#2964)
    ,(#2965,#2966)
    ,(#2967,#2968
    )),.UNSPECIFIED.,.F.,.F.,.F.,(3,3),(2,2),(0.,1.),(-0.8,0.),
  .PIECEWISE_BEZIER_KNOTS.);
#2963 = CARTESIAN_POINT('',(66.6,20.615379213483,21.023336551966));
#2964 = CARTESIAN_POINT('',(65.8,20.615379213483,21.023336551966));
#2965 = CARTESIAN_POINT('',(66.6,20.615379213483,21.688145189607));
#2966 = CARTESIAN_POINT('',(65.8,20.615379213483,21.688145189607));
#2967 = CARTESIAN_POINT('',(66.6,20.813873771067,22.139448735955));
#2968 = CARTESIAN_POINT('',(65.8,20.813873771067,22.139448735955));
#2969 = ADVANCED_FACE('',(#2970),#2987,.T.);
#2970 = FACE_BOUND('',#2971,.T.);
#2971 = EDGE_LOOP('',(#2972,#2973,#2980,#2986));
#2972 = ORIENTED_EDGE('',*,*,#943,.T.);
#2973 = ORIENTED_EDGE('',*,*,#2974,.T.);
#2974 = EDGE_CURVE('',#921,#2975,#2977,.T.);
#2975 = VERTEX_POINT('',#2976);
#2976 = CARTESIAN_POINT('',(66.6,21.187162043539,19.392126053371));
#2977 = B_SPLINE_CURVE_WITH_KNOTS('',1,(#2978,#2979),.UNSPECIFIED.,.F.,
  .F.,(2,2),(0.,0.8),.PIECEWISE_BEZIER_KNOTS.);
#2978 = CARTESIAN_POINT('',(65.8,21.187162043539,19.392126053371));
#2979 = CARTESIAN_POINT('',(66.6,21.187162043539,19.392126053371));
#2980 = ORIENTED_EDGE('',*,*,#2981,.T.);
#2981 = EDGE_CURVE('',#2975,#2944,#2982,.T.);
#2982 = B_SPLINE_CURVE_WITH_KNOTS('',2,(#2983,#2984,#2985),
  .UNSPECIFIED.,.F.,.F.,(3,3),(0.,1.),.PIECEWISE_BEZIER_KNOTS.);
#2983 = CARTESIAN_POINT('',(66.6,21.187162043539,19.392126053371));
#2984 = CARTESIAN_POINT('',(66.6,20.615379213483,19.984449613764));
#2985 = CARTESIAN_POINT('',(66.6,20.615379213483,21.023336551966));
#2986 = ORIENTED_EDGE('',*,*,#2943,.F.);
#2987 = B_SPLINE_SURFACE_WITH_KNOTS('',2,1,(
    (#2988,#2989)
    ,(#2990,#2991)
    ,(#2992,#2993
    )),.UNSPECIFIED.,.F.,.F.,.F.,(3,3),(2,2),(0.,1.),(-0.8,0.),
  .PIECEWISE_BEZIER_KNOTS.);
#2988 = CARTESIAN_POINT('',(66.6,21.187162043539,19.392126053371));
#2989 = CARTESIAN_POINT('',(65.8,21.187162043539,19.392126053371));
#2990 = CARTESIAN_POINT('',(66.6,20.615379213483,19.984449613764));
#2991 = CARTESIAN_POINT('',(65.8,20.615379213483,19.984449613764));
#2992 = CARTESIAN_POINT('',(66.6,20.615379213483,21.023336551966));
#2993 = CARTESIAN_POINT('',(65.8,20.615379213483,21.023336551966));
#2994 = ADVANCED_FACE('',(#2995),#3012,.T.);
#2995 = FACE_BOUND('',#2996,.T.);
#2996 = EDGE_LOOP('',(#2997,#2998,#3005,#3011));
#2997 = ORIENTED_EDGE('',*,*,#920,.T.);
#2998 = ORIENTED_EDGE('',*,*,#2999,.T.);
#2999 = EDGE_CURVE('',#898,#3000,#3002,.T.);
#3000 = VERTEX_POINT('',#3001);
#3001 = CARTESIAN_POINT('',(66.6,22.72771681882,18.8));
#3002 = B_SPLINE_CURVE_WITH_KNOTS('',1,(#3003,#3004),.UNSPECIFIED.,.F.,
  .F.,(2,2),(0.,0.8),.PIECEWISE_BEZIER_KNOTS.);
#3003 = CARTESIAN_POINT('',(65.8,22.72771681882,18.8));
#3004 = CARTESIAN_POINT('',(66.6,22.72771681882,18.8));
#3005 = ORIENTED_EDGE('',*,*,#3006,.T.);
#3006 = EDGE_CURVE('',#3000,#2975,#3007,.T.);
#3007 = B_SPLINE_CURVE_WITH_KNOTS('',2,(#3008,#3009,#3010),
  .UNSPECIFIED.,.F.,.F.,(3,3),(0.,1.),.PIECEWISE_BEZIER_KNOTS.);
#3008 = CARTESIAN_POINT('',(66.6,22.72771681882,18.8));
#3009 = CARTESIAN_POINT('',(66.6,21.758944873596,18.8));
#3010 = CARTESIAN_POINT('',(66.6,21.187162043539,19.392126053371));
#3011 = ORIENTED_EDGE('',*,*,#2974,.F.);
#3012 = B_SPLINE_SURFACE_WITH_KNOTS('',2,1,(
    (#3013,#3014)
    ,(#3015,#3016)
    ,(#3017,#3018
    )),.UNSPECIFIED.,.F.,.F.,.F.,(3,3),(2,2),(0.,1.),(-0.8,0.),
  .PIECEWISE_BEZIER_KNOTS.);
#3013 = CARTESIAN_POINT('',(66.6,22.72771681882,18.8));
#3014 = CARTESIAN_POINT('',(65.8,22.72771681882,18.8));
#3015 = CARTESIAN_POINT('',(66.6,21.758944873596,18.8));
#3016 = CARTESIAN_POINT('',(65.8,21.758944873596,18.8));
#3017 = CARTESIAN_POINT('',(66.6,21.187162043539,19.392126053371));
#3018 = CARTESIAN_POINT('',(65.8,21.187162043539,19.392126053371));
#3019 = ADVANCED_FACE('',(#3020),#3037,.T.);
#3020 = FACE_BOUND('',#3021,.T.);
#3021 = EDGE_LOOP('',(#3022,#3023,#3030,#3036));
#3022 = ORIENTED_EDGE('',*,*,#897,.T.);
#3023 = ORIENTED_EDGE('',*,*,#3024,.T.);
#3024 = EDGE_CURVE('',#875,#3025,#3027,.T.);
#3025 = VERTEX_POINT('',#3026);
#3026 = CARTESIAN_POINT('',(66.6,24.256421172753,19.395088658708));
#3027 = B_SPLINE_CURVE_WITH_KNOTS('',1,(#3028,#3029),.UNSPECIFIED.,.F.,
  .F.,(2,2),(0.,0.8),.PIECEWISE_BEZIER_KNOTS.);
#3028 = CARTESIAN_POINT('',(65.8,24.256421172753,19.395088658708));
#3029 = CARTESIAN_POINT('',(66.6,24.256421172753,19.395088658708));
#3030 = ORIENTED_EDGE('',*,*,#3031,.T.);
#3031 = EDGE_CURVE('',#3025,#3000,#3032,.T.);
#3032 = B_SPLINE_CURVE_WITH_KNOTS('',2,(#3033,#3034,#3035),
  .UNSPECIFIED.,.F.,.F.,(3,3),(0.,1.),.PIECEWISE_BEZIER_KNOTS.);
#3033 = CARTESIAN_POINT('',(66.6,24.256421172753,19.395088658708));
#3034 = CARTESIAN_POINT('',(66.6,23.684638342697,18.8));
#3035 = CARTESIAN_POINT('',(66.6,22.72771681882,18.8));
#3036 = ORIENTED_EDGE('',*,*,#2999,.F.);
#3037 = B_SPLINE_SURFACE_WITH_KNOTS('',2,1,(
    (#3038,#3039)
    ,(#3040,#3041)
    ,(#3042,#3043
    )),.UNSPECIFIED.,.F.,.F.,.F.,(3,3),(2,2),(0.,1.),(-0.8,0.),
  .PIECEWISE_BEZIER_KNOTS.);
#3038 = CARTESIAN_POINT('',(66.6,24.256421172753,19.395088658708));
#3039 = CARTESIAN_POINT('',(65.8,24.256421172753,19.395088658708));
#3040 = CARTESIAN_POINT('',(66.6,23.684638342697,18.8));
#3041 = CARTESIAN_POINT('',(65.8,23.684638342697,18.8));
#3042 = CARTESIAN_POINT('',(66.6,22.72771681882,18.8));
#3043 = CARTESIAN_POINT('',(65.8,22.72771681882,18.8));
#3044 = ADVANCED_FACE('',(#3045),#3062,.T.);
#3045 = FACE_BOUND('',#3046,.T.);
#3046 = EDGE_LOOP('',(#3047,#3048,#3055,#3061));
#3047 = ORIENTED_EDGE('',*,*,#874,.T.);
#3048 = ORIENTED_EDGE('',*,*,#3049,.T.);
#3049 = EDGE_CURVE('',#848,#3050,#3052,.T.);
#3050 = VERTEX_POINT('',#3051);
#3051 = CARTESIAN_POINT('',(66.6,24.828204002809,21.044074789326));
#3052 = B_SPLINE_CURVE_WITH_KNOTS('',1,(#3053,#3054),.UNSPECIFIED.,.F.,
  .F.,(2,2),(0.,0.8),.PIECEWISE_BEZIER_KNOTS.);
#3053 = CARTESIAN_POINT('',(65.8,24.828204002809,21.044074789326));
#3054 = CARTESIAN_POINT('',(66.6,24.828204002809,21.044074789326));
#3055 = ORIENTED_EDGE('',*,*,#3056,.T.);
#3056 = EDGE_CURVE('',#3050,#3025,#3057,.T.);
#3057 = B_SPLINE_CURVE_WITH_KNOTS('',2,(#3058,#3059,#3060),
  .UNSPECIFIED.,.F.,.F.,(3,3),(0.,1.),.PIECEWISE_BEZIER_KNOTS.);
#3058 = CARTESIAN_POINT('',(66.6,24.828204002809,21.044074789326));
#3059 = CARTESIAN_POINT('',(66.6,24.828204002809,19.990374824438));
#3060 = CARTESIAN_POINT('',(66.6,24.256421172753,19.395088658708));
#3061 = ORIENTED_EDGE('',*,*,#3024,.F.);
#3062 = B_SPLINE_SURFACE_WITH_KNOTS('',2,1,(
    (#3063,#3064)
    ,(#3065,#3066)
    ,(#3067,#3068
    )),.UNSPECIFIED.,.F.,.F.,.F.,(3,3),(2,2),(0.,1.),(-0.8,0.),
  .PIECEWISE_BEZIER_KNOTS.);
#3063 = CARTESIAN_POINT('',(66.6,24.828204002809,21.044074789326));
#3064 = CARTESIAN_POINT('',(65.8,24.828204002809,21.044074789326));
#3065 = CARTESIAN_POINT('',(66.6,24.828204002809,19.990374824438));
#3066 = CARTESIAN_POINT('',(65.8,24.828204002809,19.990374824438));
#3067 = CARTESIAN_POINT('',(66.6,24.256421172753,19.395088658708));
#3068 = CARTESIAN_POINT('',(65.8,24.256421172753,19.395088658708));
#3069 = ADVANCED_FACE('',(#3070),#3087,.T.);
#3070 = FACE_BOUND('',#3071,.T.);
#3071 = EDGE_LOOP('',(#3072,#3073,#3080,#3086));
#3072 = ORIENTED_EDGE('',*,*,#847,.T.);
#3073 = ORIENTED_EDGE('',*,*,#3074,.T.);
#3074 = EDGE_CURVE('',#825,#3075,#3077,.T.);
#3075 = VERTEX_POINT('',#3076);
#3076 = CARTESIAN_POINT('',(66.6,24.251878511236,22.703331285112));
#3077 = B_SPLINE_CURVE_WITH_KNOTS('',1,(#3078,#3079),.UNSPECIFIED.,.F.,
  .F.,(2,2),(0.,0.8),.PIECEWISE_BEZIER_KNOTS.);
#3078 = CARTESIAN_POINT('',(65.8,24.251878511236,22.703331285112));
#3079 = CARTESIAN_POINT('',(66.6,24.251878511236,22.703331285112));
#3080 = ORIENTED_EDGE('',*,*,#3081,.T.);
#3081 = EDGE_CURVE('',#3075,#3050,#3082,.T.);
#3082 = B_SPLINE_CURVE_WITH_KNOTS('',2,(#3083,#3084,#3085),
  .UNSPECIFIED.,.F.,.F.,(3,3),(0.,1.),.PIECEWISE_BEZIER_KNOTS.);
#3083 = CARTESIAN_POINT('',(66.6,24.251878511236,22.703331285112));
#3084 = CARTESIAN_POINT('',(66.6,24.828204002809,22.106662570225));
#3085 = CARTESIAN_POINT('',(66.6,24.828204002809,21.044074789326));
#3086 = ORIENTED_EDGE('',*,*,#3049,.F.);
#3087 = B_SPLINE_SURFACE_WITH_KNOTS('',2,1,(
    (#3088,#3089)
    ,(#3090,#3091)
    ,(#3092,#3093
    )),.UNSPECIFIED.,.F.,.F.,.F.,(3,3),(2,2),(0.,1.),(-0.8,0.),
  .PIECEWISE_BEZIER_KNOTS.);
#3088 = CARTESIAN_POINT('',(66.6,24.251878511236,22.703331285112));
#3089 = CARTESIAN_POINT('',(65.8,24.251878511236,22.703331285112));
#3090 = CARTESIAN_POINT('',(66.6,24.828204002809,22.106662570225));
#3091 = CARTESIAN_POINT('',(65.8,24.828204002809,22.106662570225));
#3092 = CARTESIAN_POINT('',(66.6,24.828204002809,21.044074789326));
#3093 = CARTESIAN_POINT('',(65.8,24.828204002809,21.044074789326));
#3094 = ADVANCED_FACE('',(#3095),#3112,.T.);
#3095 = FACE_BOUND('',#3096,.T.);
#3096 = EDGE_LOOP('',(#3097,#3098,#3105,#3111));
#3097 = ORIENTED_EDGE('',*,*,#824,.T.);
#3098 = ORIENTED_EDGE('',*,*,#3099,.T.);
#3099 = EDGE_CURVE('',#810,#3100,#3102,.T.);
#3100 = VERTEX_POINT('',#3101);
#3101 = CARTESIAN_POINT('',(66.6,22.715866397472,23.3));
#3102 = B_SPLINE_CURVE_WITH_KNOTS('',1,(#3103,#3104),.UNSPECIFIED.,.F.,
  .F.,(2,2),(0.,0.8),.PIECEWISE_BEZIER_KNOTS.);
#3103 = CARTESIAN_POINT('',(65.8,22.715866397472,23.3));
#3104 = CARTESIAN_POINT('',(66.6,22.715866397472,23.3));
#3105 = ORIENTED_EDGE('',*,*,#3106,.T.);
#3106 = EDGE_CURVE('',#3100,#3075,#3107,.T.);
#3107 = B_SPLINE_CURVE_WITH_KNOTS('',2,(#3108,#3109,#3110),
  .UNSPECIFIED.,.F.,.F.,(3,3),(0.,1.),.PIECEWISE_BEZIER_KNOTS.);
#3108 = CARTESIAN_POINT('',(66.6,22.715866397472,23.3));
#3109 = CARTESIAN_POINT('',(66.6,23.675750526685,23.3));
#3110 = CARTESIAN_POINT('',(66.6,24.251878511236,22.703331285112));
#3111 = ORIENTED_EDGE('',*,*,#3074,.F.);
#3112 = B_SPLINE_SURFACE_WITH_KNOTS('',2,1,(
    (#3113,#3114)
    ,(#3115,#3116)
    ,(#3117,#3118
    )),.UNSPECIFIED.,.F.,.F.,.F.,(3,3),(2,2),(0.,1.),(-0.8,0.),
  .PIECEWISE_BEZIER_KNOTS.);
#3113 = CARTESIAN_POINT('',(66.6,22.715866397472,23.3));
#3114 = CARTESIAN_POINT('',(65.8,22.715866397472,23.3));
#3115 = CARTESIAN_POINT('',(66.6,23.675750526685,23.3));
#3116 = CARTESIAN_POINT('',(65.8,23.675750526685,23.3));
#3117 = CARTESIAN_POINT('',(66.6,24.251878511236,22.703331285112));
#3118 = CARTESIAN_POINT('',(65.8,24.251878511236,22.703331285112));
#3119 = ADVANCED_FACE('',(#3120),#3137,.T.);
#3120 = FACE_BOUND('',#3121,.T.);
#3121 = EDGE_LOOP('',(#3122,#3123,#3130,#3136));
#3122 = ORIENTED_EDGE('',*,*,#809,.T.);
#3123 = ORIENTED_EDGE('',*,*,#3124,.T.);
#3124 = EDGE_CURVE('',#799,#3125,#3127,.T.);
#3125 = VERTEX_POINT('',#3126);
#3126 = CARTESIAN_POINT('',(66.6,21.779683110955,23.127773876404));
#3127 = B_SPLINE_CURVE_WITH_KNOTS('',1,(#3128,#3129),.UNSPECIFIED.,.F.,
  .F.,(2,2),(0.,0.8),.PIECEWISE_BEZIER_KNOTS.);
#3128 = CARTESIAN_POINT('',(65.8,21.779683110955,23.127773876404));
#3129 = CARTESIAN_POINT('',(66.6,21.779683110955,23.127773876404));
#3130 = ORIENTED_EDGE('',*,*,#3131,.T.);
#3131 = EDGE_CURVE('',#3125,#3100,#3132,.T.);
#3132 = B_SPLINE_CURVE_WITH_KNOTS('',2,(#3133,#3134,#3135),
  .UNSPECIFIED.,.F.,.F.,(3,3),(0.,1.),.PIECEWISE_BEZIER_KNOTS.);
#3133 = CARTESIAN_POINT('',(66.6,21.779683110955,23.127773876404));
#3134 = CARTESIAN_POINT('',(66.6,22.185560042135,23.3));
#3135 = CARTESIAN_POINT('',(66.6,22.715866397472,23.3));
#3136 = ORIENTED_EDGE('',*,*,#3099,.F.);
#3137 = B_SPLINE_SURFACE_WITH_KNOTS('',2,1,(
    (#3138,#3139)
    ,(#3140,#3141)
    ,(#3142,#3143
    )),.UNSPECIFIED.,.F.,.F.,.F.,(3,3),(2,2),(0.,1.),(-0.8,0.),
  .PIECEWISE_BEZIER_KNOTS.);
#3138 = CARTESIAN_POINT('',(66.6,21.779683110955,23.127773876404));
#3139 = CARTESIAN_POINT('',(65.8,21.779683110955,23.127773876404));
#3140 = CARTESIAN_POINT('',(66.6,22.185560042135,23.3));
#3141 = CARTESIAN_POINT('',(65.8,22.185560042135,23.3));
#3142 = CARTESIAN_POINT('',(66.6,22.715866397472,23.3));
#3143 = CARTESIAN_POINT('',(65.8,22.715866397472,23.3));
#3144 = ADVANCED_FACE('',(#3145),#3162,.T.);
#3145 = FACE_BOUND('',#3146,.T.);
#3146 = EDGE_LOOP('',(#3147,#3148,#3155,#3161));
#3147 = ORIENTED_EDGE('',*,*,#798,.T.);
#3148 = ORIENTED_EDGE('',*,*,#3149,.T.);
#3149 = EDGE_CURVE('',#786,#3150,#3152,.T.);
#3150 = VERTEX_POINT('',#3151);
#3151 = CARTESIAN_POINT('',(66.6,21.218170646067,22.73591994382));
#3152 = B_SPLINE_CURVE_WITH_KNOTS('',1,(#3153,#3154),.UNSPECIFIED.,.F.,
  .F.,(2,2),(0.,0.8),.PIECEWISE_BEZIER_KNOTS.);
#3153 = CARTESIAN_POINT('',(65.8,21.218170646067,22.73591994382));
#3154 = CARTESIAN_POINT('',(66.6,21.218170646067,22.73591994382));
#3155 = ORIENTED_EDGE('',*,*,#3156,.T.);
#3156 = EDGE_CURVE('',#3150,#3125,#3157,.T.);
#3157 = B_SPLINE_CURVE_WITH_KNOTS('',2,(#3158,#3159,#3160),
  .UNSPECIFIED.,.F.,.F.,(3,3),(0.,1.),.PIECEWISE_BEZIER_KNOTS.);
#3158 = CARTESIAN_POINT('',(66.6,21.218170646067,22.73591994382));
#3159 = CARTESIAN_POINT('',(66.6,21.474534761236,23.000184339888));
#3160 = CARTESIAN_POINT('',(66.6,21.779683110955,23.127773876404));
#3161 = ORIENTED_EDGE('',*,*,#3124,.F.);
#3162 = B_SPLINE_SURFACE_WITH_KNOTS('',2,1,(
    (#3163,#3164)
    ,(#3165,#3166)
    ,(#3167,#3168
    )),.UNSPECIFIED.,.F.,.F.,.F.,(3,3),(2,2),(0.,1.),(-0.8,0.),
  .PIECEWISE_BEZIER_KNOTS.);
#3163 = CARTESIAN_POINT('',(66.6,21.218170646067,22.73591994382));
#3164 = CARTESIAN_POINT('',(65.8,21.218170646067,22.73591994382));
#3165 = CARTESIAN_POINT('',(66.6,21.474534761236,23.000184339888));
#3166 = CARTESIAN_POINT('',(65.8,21.474534761236,23.000184339888));
#3167 = CARTESIAN_POINT('',(66.6,21.779683110955,23.127773876404));
#3168 = CARTESIAN_POINT('',(65.8,21.779683110955,23.127773876404));
#3169 = ADVANCED_FACE('',(#3170),#3181,.T.);
#3170 = FACE_BOUND('',#3171,.T.);
#3171 = EDGE_LOOP('',(#3172,#3173,#3174,#3180));
#3172 = ORIENTED_EDGE('',*,*,#785,.T.);
#3173 = ORIENTED_EDGE('',*,*,#2958,.T.);
#3174 = ORIENTED_EDGE('',*,*,#3175,.T.);
#3175 = EDGE_CURVE('',#2951,#3150,#3176,.T.);
#3176 = B_SPLINE_CURVE_WITH_KNOTS('',2,(#3177,#3178,#3179),
  .UNSPECIFIED.,.F.,.F.,(3,3),(0.,1.),.PIECEWISE_BEZIER_KNOTS.);
#3177 = CARTESIAN_POINT('',(66.6,20.813873771067,22.139448735955));
#3178 = CARTESIAN_POINT('',(66.6,20.962004037921,22.471853054775));
#3179 = CARTESIAN_POINT('',(66.6,21.218170646067,22.73591994382));
#3180 = ORIENTED_EDGE('',*,*,#3149,.F.);
#3181 = B_SPLINE_SURFACE_WITH_KNOTS('',2,1,(
    (#3182,#3183)
    ,(#3184,#3185)
    ,(#3186,#3187
    )),.UNSPECIFIED.,.F.,.F.,.F.,(3,3),(2,2),(0.,1.),(-0.8,0.),
  .PIECEWISE_BEZIER_KNOTS.);
#3182 = CARTESIAN_POINT('',(66.6,20.813873771067,22.139448735955));
#3183 = CARTESIAN_POINT('',(65.8,20.813873771067,22.139448735955));
#3184 = CARTESIAN_POINT('',(66.6,20.962004037921,22.471853054775));
#3185 = CARTESIAN_POINT('',(65.8,20.962004037921,22.471853054775));
#3186 = CARTESIAN_POINT('',(66.6,21.218170646067,22.73591994382));
#3187 = CARTESIAN_POINT('',(65.8,21.218170646067,22.73591994382));
#3188 = ADVANCED_FACE('',(#3189,#3192),#3203,.F.);
#3189 = FACE_BOUND('',#3190,.F.);
#3190 = EDGE_LOOP('',(#3191));
#3191 = ORIENTED_EDGE('',*,*,#1107,.T.);
#3192 = FACE_BOUND('',#3193,.F.);
#3193 = EDGE_LOOP('',(#3194));
#3194 = ORIENTED_EDGE('',*,*,#3195,.F.);
#3195 = EDGE_CURVE('',#3196,#3196,#3198,.T.);
#3196 = VERTEX_POINT('',#3197);
#3197 = CARTESIAN_POINT('',(14.52,33.63,6.2));
#3198 = CIRCLE('',#3199,2.5);
#3199 = AXIS2_PLACEMENT_3D('',#3200,#3201,#3202);
#3200 = CARTESIAN_POINT('',(12.02,33.63,6.2));
#3201 = DIRECTION('',(0.,0.,1.));
#3202 = DIRECTION('',(1.,0.,0.));
#3203 = PLANE('',#3204);
#3204 = AXIS2_PLACEMENT_3D('',#3205,#3206,#3207);
#3205 = CARTESIAN_POINT('',(12.02,33.63,6.2));
#3206 = DIRECTION('',(0.,0.,1.));
#3207 = DIRECTION('',(1.,0.,0.));
#3208 = ADVANCED_FACE('',(#3209),#3220,.F.);
#3209 = FACE_BOUND('',#3210,.F.);
#3210 = EDGE_LOOP('',(#3211,#3212,#3213,#3219));
#3211 = ORIENTED_EDGE('',*,*,#1180,.F.);
#3212 = ORIENTED_EDGE('',*,*,#1221,.T.);
#3213 = ORIENTED_EDGE('',*,*,#3214,.T.);
#3214 = EDGE_CURVE('',#1214,#1140,#3215,.T.);
#3215 = LINE('',#3216,#3217);
#3216 = CARTESIAN_POINT('',(-3.9,20.325,15.6));
#3217 = VECTOR('',#3218,1.);
#3218 = DIRECTION('',(1.,0.,0.));
#3219 = ORIENTED_EDGE('',*,*,#1147,.F.);
#3220 = PLANE('',#3221);
#3221 = AXIS2_PLACEMENT_3D('',#3222,#3223,#3224);
#3222 = CARTESIAN_POINT('',(-3.9,20.325,15.6));
#3223 = DIRECTION('',(0.,0.,1.));
#3224 = DIRECTION('',(1.,0.,0.));
#3225 = ADVANCED_FACE('',(#3226),#3232,.T.);
#3226 = FACE_BOUND('',#3227,.T.);
#3227 = EDGE_LOOP('',(#3228,#3229,#3230,#3231));
#3228 = ORIENTED_EDGE('',*,*,#2179,.F.);
#3229 = ORIENTED_EDGE('',*,*,#1213,.T.);
#3230 = ORIENTED_EDGE('',*,*,#3214,.T.);
#3231 = ORIENTED_EDGE('',*,*,#1139,.F.);
#3232 = PLANE('',#3233);
#3233 = AXIS2_PLACEMENT_3D('',#3234,#3235,#3236);
#3234 = CARTESIAN_POINT('',(-3.9,20.325,4.5));
#3235 = DIRECTION('',(0.,1.,0.));
#3236 = DIRECTION('',(0.,0.,1.));
#3237 = ADVANCED_FACE('',(#3238),#3257,.T.);
#3238 = FACE_BOUND('',#3239,.T.);
#3239 = EDGE_LOOP('',(#3240,#3241,#3242,#3250));
#3240 = ORIENTED_EDGE('',*,*,#1195,.F.);
#3241 = ORIENTED_EDGE('',*,*,#2214,.T.);
#3242 = ORIENTED_EDGE('',*,*,#3243,.T.);
#3243 = EDGE_CURVE('',#2207,#3244,#3246,.T.);
#3244 = VERTEX_POINT('',#3245);
#3245 = CARTESIAN_POINT('',(2.1,-2.9,26.5));
#3246 = LINE('',#3247,#3248);
#3247 = CARTESIAN_POINT('',(2.1,-2.9,-2.5));
#3248 = VECTOR('',#3249,1.);
#3249 = DIRECTION('',(0.,0.,1.));
#3250 = ORIENTED_EDGE('',*,*,#3251,.T.);
#3251 = EDGE_CURVE('',#3244,#1198,#3252,.T.);
#3252 = CIRCLE('',#3253,5.);
#3253 = AXIS2_PLACEMENT_3D('',#3254,#3255,#3256);
#3254 = CARTESIAN_POINT('',(2.1,2.1,26.5));
#3255 = DIRECTION('',(-0.,0.,-1.));
#3256 = DIRECTION('',(-2.7E-16,-1.,0.));
#3257 = CYLINDRICAL_SURFACE('',#3258,5.);
#3258 = AXIS2_PLACEMENT_3D('',#3259,#3260,#3261);
#3259 = CARTESIAN_POINT('',(2.1,2.1,-2.5));
#3260 = DIRECTION('',(0.,0.,1.));
#3261 = DIRECTION('',(-1.,0.,0.));
#3262 = ADVANCED_FACE('',(#3263),#3290,.T.);
#3263 = FACE_BOUND('',#3264,.T.);
#3264 = EDGE_LOOP('',(#3265,#3274,#3282,#3289));
#3265 = ORIENTED_EDGE('',*,*,#3266,.T.);
#3266 = EDGE_CURVE('',#1198,#3267,#3269,.T.);
#3267 = VERTEX_POINT('',#3268);
#3268 = CARTESIAN_POINT('',(-0.9,2.1,28.5));
#3269 = CIRCLE('',#3270,2.);
#3270 = AXIS2_PLACEMENT_3D('',#3271,#3272,#3273);
#3271 = CARTESIAN_POINT('',(-0.9,2.1,26.5));
#3272 = DIRECTION('',(0.,1.,-0.));
#3273 = DIRECTION('',(-1.,0.,0.));
#3274 = ORIENTED_EDGE('',*,*,#3275,.T.);
#3275 = EDGE_CURVE('',#3267,#3276,#3278,.T.);
#3276 = VERTEX_POINT('',#3277);
#3277 = CARTESIAN_POINT('',(-0.9,34.09,28.5));
#3278 = LINE('',#3279,#3280);
#3279 = CARTESIAN_POINT('',(-0.9,2.1,28.5));
#3280 = VECTOR('',#3281,1.);
#3281 = DIRECTION('',(0.,1.,0.));
#3282 = ORIENTED_EDGE('',*,*,#3283,.F.);
#3283 = EDGE_CURVE('',#1230,#3276,#3284,.T.);
#3284 = CIRCLE('',#3285,2.);
#3285 = AXIS2_PLACEMENT_3D('',#3286,#3287,#3288);
#3286 = CARTESIAN_POINT('',(-0.9,34.09,26.5));
#3287 = DIRECTION('',(0.,1.,-0.));
#3288 = DIRECTION('',(-1.,0.,0.));
#3289 = ORIENTED_EDGE('',*,*,#1237,.F.);
#3290 = CYLINDRICAL_SURFACE('',#3291,2.);
#3291 = AXIS2_PLACEMENT_3D('',#3292,#3293,#3294);
#3292 = CARTESIAN_POINT('',(-0.9,2.1,26.5));
#3293 = DIRECTION('',(0.,1.,0.));
#3294 = DIRECTION('',(-1.,0.,0.));
#3295 = ADVANCED_FACE('',(#3296),#3319,.T.);
#3296 = FACE_BOUND('',#3297,.T.);
#3297 = EDGE_LOOP('',(#3298,#3299,#3306,#3314));
#3298 = ORIENTED_EDGE('',*,*,#1245,.T.);
#3299 = ORIENTED_EDGE('',*,*,#3300,.T.);
#3300 = EDGE_CURVE('',#1248,#3301,#3303,.T.);
#3301 = VERTEX_POINT('',#3302);
#3302 = CARTESIAN_POINT('',(-3.5,29.458854898174,20.20308988764));
#3303 = B_SPLINE_CURVE_WITH_KNOTS('',1,(#3304,#3305),.UNSPECIFIED.,.F.,
  .F.,(2,2),(0.,0.8),.PIECEWISE_BEZIER_KNOTS.);
#3304 = CARTESIAN_POINT('',(-2.7,29.458854898174,20.20308988764));
#3305 = CARTESIAN_POINT('',(-3.5,29.458854898174,20.20308988764));
#3306 = ORIENTED_EDGE('',*,*,#3307,.T.);
#3307 = EDGE_CURVE('',#3301,#3308,#3310,.T.);
#3308 = VERTEX_POINT('',#3309);
#3309 = CARTESIAN_POINT('',(-3.5,30.109245523174,19.145439782303));
#3310 = B_SPLINE_CURVE_WITH_KNOTS('',2,(#3311,#3312,#3313),
  .UNSPECIFIED.,.F.,.F.,(3,3),(0.,1.),.PIECEWISE_BEZIER_KNOTS.);
#3311 = CARTESIAN_POINT('',(-3.5,29.458854898174,20.20308988764));
#3312 = CARTESIAN_POINT('',(-3.5,29.654386850421,19.491077071629));
#3313 = CARTESIAN_POINT('',(-3.5,30.109245523174,19.145439782303));
#3314 = ORIENTED_EDGE('',*,*,#3315,.F.);
#3315 = EDGE_CURVE('',#1246,#3308,#3316,.T.);
#3316 = B_SPLINE_CURVE_WITH_KNOTS('',1,(#3317,#3318),.UNSPECIFIED.,.F.,
  .F.,(2,2),(0.,0.8),.PIECEWISE_BEZIER_KNOTS.);
#3317 = CARTESIAN_POINT('',(-2.7,30.109245523174,19.145439782303));
#3318 = CARTESIAN_POINT('',(-3.5,30.109245523174,19.145439782303));
#3319 = B_SPLINE_SURFACE_WITH_KNOTS('',2,1,(
    (#3320,#3321)
    ,(#3322,#3323)
    ,(#3324,#3325
    )),.UNSPECIFIED.,.F.,.F.,.F.,(3,3),(2,2),(0.,1.),(-0.8,0.),
  .PIECEWISE_BEZIER_KNOTS.);
#3320 = CARTESIAN_POINT('',(-3.5,29.458854898174,20.20308988764));
#3321 = CARTESIAN_POINT('',(-2.7,29.458854898174,20.20308988764));
#3322 = CARTESIAN_POINT('',(-3.5,29.654386850421,19.491077071629));
#3323 = CARTESIAN_POINT('',(-2.7,29.654386850421,19.491077071629));
#3324 = CARTESIAN_POINT('',(-3.5,30.109245523174,19.145439782303));
#3325 = CARTESIAN_POINT('',(-2.7,30.109245523174,19.145439782303));
#3326 = ADVANCED_FACE('',(#3327),#3344,.T.);
#3327 = FACE_BOUND('',#3328,.T.);
#3328 = EDGE_LOOP('',(#3329,#3330,#3331,#3339));
#3329 = ORIENTED_EDGE('',*,*,#1528,.T.);
#3330 = ORIENTED_EDGE('',*,*,#3315,.T.);
#3331 = ORIENTED_EDGE('',*,*,#3332,.T.);
#3332 = EDGE_CURVE('',#3308,#3333,#3335,.T.);
#3333 = VERTEX_POINT('',#3334);
#3334 = CARTESIAN_POINT('',(-3.5,31.263081548455,18.8));
#3335 = B_SPLINE_CURVE_WITH_KNOTS('',2,(#3336,#3337,#3338),
  .UNSPECIFIED.,.F.,.F.,(3,3),(0.,1.),.PIECEWISE_BEZIER_KNOTS.);
#3336 = CARTESIAN_POINT('',(-3.5,30.109245523174,19.145439782303));
#3337 = CARTESIAN_POINT('',(-3.5,30.563906688904,18.8));
#3338 = CARTESIAN_POINT('',(-3.5,31.263081548455,18.8));
#3339 = ORIENTED_EDGE('',*,*,#3340,.F.);
#3340 = EDGE_CURVE('',#1510,#3333,#3341,.T.);
#3341 = B_SPLINE_CURVE_WITH_KNOTS('',1,(#3342,#3343),.UNSPECIFIED.,.F.,
  .F.,(2,2),(0.,0.8),.PIECEWISE_BEZIER_KNOTS.);
#3342 = CARTESIAN_POINT('',(-2.7,31.263081548455,18.8));
#3343 = CARTESIAN_POINT('',(-3.5,31.263081548455,18.8));
#3344 = B_SPLINE_SURFACE_WITH_KNOTS('',2,1,(
    (#3345,#3346)
    ,(#3347,#3348)
    ,(#3349,#3350
    )),.UNSPECIFIED.,.F.,.F.,.F.,(3,3),(2,2),(0.,1.),(-0.8,0.),
  .PIECEWISE_BEZIER_KNOTS.);
#3345 = CARTESIAN_POINT('',(-3.5,30.109245523174,19.145439782303));
#3346 = CARTESIAN_POINT('',(-2.7,30.109245523174,19.145439782303));
#3347 = CARTESIAN_POINT('',(-3.5,30.563906688904,18.8));
#3348 = CARTESIAN_POINT('',(-2.7,30.563906688904,18.8));
#3349 = CARTESIAN_POINT('',(-3.5,31.263081548455,18.8));
#3350 = CARTESIAN_POINT('',(-2.7,31.263081548455,18.8));
#3351 = ADVANCED_FACE('',(#3352),#3369,.T.);
#3352 = FACE_BOUND('',#3353,.T.);
#3353 = EDGE_LOOP('',(#3354,#3355,#3356,#3364));
#3354 = ORIENTED_EDGE('',*,*,#1509,.T.);
#3355 = ORIENTED_EDGE('',*,*,#3340,.T.);
#3356 = ORIENTED_EDGE('',*,*,#3357,.T.);
#3357 = EDGE_CURVE('',#3333,#3358,#3360,.T.);
#3358 = VERTEX_POINT('',#3359);
#3359 = CARTESIAN_POINT('',(-3.5,32.685132110253,19.392126053371));
#3360 = B_SPLINE_CURVE_WITH_KNOTS('',2,(#3361,#3362,#3363),
  .UNSPECIFIED.,.F.,.F.,(3,3),(0.,1.),.PIECEWISE_BEZIER_KNOTS.);
#3361 = CARTESIAN_POINT('',(-3.5,31.263081548455,18.8));
#3362 = CARTESIAN_POINT('',(-3.5,32.128162306882,18.8));
#3363 = CARTESIAN_POINT('',(-3.5,32.685132110253,19.392126053371));
#3364 = ORIENTED_EDGE('',*,*,#3365,.F.);
#3365 = EDGE_CURVE('',#1487,#3358,#3366,.T.);
#3366 = B_SPLINE_CURVE_WITH_KNOTS('',1,(#3367,#3368),.UNSPECIFIED.,.F.,
  .F.,(2,2),(0.,0.8),.PIECEWISE_BEZIER_KNOTS.);
#3367 = CARTESIAN_POINT('',(-2.7,32.685132110253,19.392126053371));
#3368 = CARTESIAN_POINT('',(-3.5,32.685132110253,19.392126053371));
#3369 = B_SPLINE_SURFACE_WITH_KNOTS('',2,1,(
    (#3370,#3371)
    ,(#3372,#3373)
    ,(#3374,#3375
    )),.UNSPECIFIED.,.F.,.F.,.F.,(3,3),(2,2),(0.,1.),(-0.8,0.),
  .PIECEWISE_BEZIER_KNOTS.);
#3370 = CARTESIAN_POINT('',(-3.5,31.263081548455,18.8));
#3371 = CARTESIAN_POINT('',(-2.7,31.263081548455,18.8));
#3372 = CARTESIAN_POINT('',(-3.5,32.128162306882,18.8));
#3373 = CARTESIAN_POINT('',(-2.7,32.128162306882,18.8));
#3374 = CARTESIAN_POINT('',(-3.5,32.685132110253,19.392126053371));
#3375 = CARTESIAN_POINT('',(-2.7,32.685132110253,19.392126053371));
#3376 = ADVANCED_FACE('',(#3377),#3394,.T.);
#3377 = FACE_BOUND('',#3378,.T.);
#3378 = EDGE_LOOP('',(#3379,#3380,#3381,#3389));
#3379 = ORIENTED_EDGE('',*,*,#1486,.T.);
#3380 = ORIENTED_EDGE('',*,*,#3365,.T.);
#3381 = ORIENTED_EDGE('',*,*,#3382,.T.);
#3382 = EDGE_CURVE('',#3358,#3383,#3385,.T.);
#3383 = VERTEX_POINT('',#3384);
#3384 = CARTESIAN_POINT('',(-3.5,33.242101913624,21.011486130618));
#3385 = B_SPLINE_CURVE_WITH_KNOTS('',2,(#3386,#3387,#3388),
  .UNSPECIFIED.,.F.,.F.,(3,3),(0.,1.),.PIECEWISE_BEZIER_KNOTS.);
#3386 = CARTESIAN_POINT('',(-3.5,32.685132110253,19.392126053371));
#3387 = CARTESIAN_POINT('',(-3.5,33.242101913624,19.984449613764));
#3388 = CARTESIAN_POINT('',(-3.5,33.242101913624,21.011486130618));
#3389 = ORIENTED_EDGE('',*,*,#3390,.F.);
#3390 = EDGE_CURVE('',#1460,#3383,#3391,.T.);
#3391 = B_SPLINE_CURVE_WITH_KNOTS('',1,(#3392,#3393),.UNSPECIFIED.,.F.,
  .F.,(2,2),(0.,0.8),.PIECEWISE_BEZIER_KNOTS.);
#3392 = CARTESIAN_POINT('',(-2.7,33.242101913624,21.011486130618));
#3393 = CARTESIAN_POINT('',(-3.5,33.242101913624,21.011486130618));
#3394 = B_SPLINE_SURFACE_WITH_KNOTS('',2,1,(
    (#3395,#3396)
    ,(#3397,#3398)
    ,(#3399,#3400
    )),.UNSPECIFIED.,.F.,.F.,.F.,(3,3),(2,2),(0.,1.),(-0.8,0.),
  .PIECEWISE_BEZIER_KNOTS.);
#3395 = CARTESIAN_POINT('',(-3.5,32.685132110253,19.392126053371));
#3396 = CARTESIAN_POINT('',(-2.7,32.685132110253,19.392126053371));
#3397 = CARTESIAN_POINT('',(-3.5,33.242101913624,19.984449613764));
#3398 = CARTESIAN_POINT('',(-2.7,33.242101913624,19.984449613764));
#3399 = CARTESIAN_POINT('',(-3.5,33.242101913624,21.011486130618));
#3400 = CARTESIAN_POINT('',(-2.7,33.242101913624,21.011486130618));
#3401 = ADVANCED_FACE('',(#3402),#3419,.T.);
#3402 = FACE_BOUND('',#3403,.T.);
#3403 = EDGE_LOOP('',(#3404,#3405,#3406,#3414));
#3404 = ORIENTED_EDGE('',*,*,#1459,.T.);
#3405 = ORIENTED_EDGE('',*,*,#3390,.T.);
#3406 = ORIENTED_EDGE('',*,*,#3407,.T.);
#3407 = EDGE_CURVE('',#3383,#3408,#3410,.T.);
#3408 = VERTEX_POINT('',#3409);
#3409 = CARTESIAN_POINT('',(-3.5,32.682169504916,22.698788623596));
#3410 = B_SPLINE_CURVE_WITH_KNOTS('',2,(#3411,#3412,#3413),
  .UNSPECIFIED.,.F.,.F.,(3,3),(0.,1.),.PIECEWISE_BEZIER_KNOTS.);
#3411 = CARTESIAN_POINT('',(-3.5,33.242101913624,21.011486130618));
#3412 = CARTESIAN_POINT('',(-3.5,33.242101913624,22.097774754213));
#3413 = CARTESIAN_POINT('',(-3.5,32.682169504916,22.698788623596));
#3414 = ORIENTED_EDGE('',*,*,#3415,.F.);
#3415 = EDGE_CURVE('',#1441,#3408,#3416,.T.);
#3416 = B_SPLINE_CURVE_WITH_KNOTS('',1,(#3417,#3418),.UNSPECIFIED.,.F.,
  .F.,(2,2),(0.,0.8),.PIECEWISE_BEZIER_KNOTS.);
#3417 = CARTESIAN_POINT('',(-2.7,32.682169504916,22.698788623596));
#3418 = CARTESIAN_POINT('',(-3.5,32.682169504916,22.698788623596));
#3419 = B_SPLINE_SURFACE_WITH_KNOTS('',2,1,(
    (#3420,#3421)
    ,(#3422,#3423)
    ,(#3424,#3425
    )),.UNSPECIFIED.,.F.,.F.,.F.,(3,3),(2,2),(0.,1.),(-0.8,0.),
  .PIECEWISE_BEZIER_KNOTS.);
#3420 = CARTESIAN_POINT('',(-3.5,33.242101913624,21.011486130618));
#3421 = CARTESIAN_POINT('',(-2.7,33.242101913624,21.011486130618));
#3422 = CARTESIAN_POINT('',(-3.5,33.242101913624,22.097774754213));
#3423 = CARTESIAN_POINT('',(-2.7,33.242101913624,22.097774754213));
#3424 = CARTESIAN_POINT('',(-3.5,32.682169504916,22.698788623596));
#3425 = CARTESIAN_POINT('',(-2.7,32.682169504916,22.698788623596));
#3426 = ADVANCED_FACE('',(#3427),#3444,.T.);
#3427 = FACE_BOUND('',#3428,.T.);
#3428 = EDGE_LOOP('',(#3429,#3430,#3431,#3439));
#3429 = ORIENTED_EDGE('',*,*,#1440,.T.);
#3430 = ORIENTED_EDGE('',*,*,#3415,.T.);
#3431 = ORIENTED_EDGE('',*,*,#3432,.T.);
#3432 = EDGE_CURVE('',#3408,#3433,#3435,.T.);
#3433 = VERTEX_POINT('',#3434);
#3434 = CARTESIAN_POINT('',(-3.5,31.209754652388,23.3));
#3435 = B_SPLINE_CURVE_WITH_KNOTS('',2,(#3436,#3437,#3438),
  .UNSPECIFIED.,.F.,.F.,(3,3),(0.,1.),.PIECEWISE_BEZIER_KNOTS.);
#3436 = CARTESIAN_POINT('',(-3.5,32.682169504916,22.698788623596));
#3437 = CARTESIAN_POINT('',(-3.5,32.122237096208,23.3));
#3438 = CARTESIAN_POINT('',(-3.5,31.209754652388,23.3));
#3439 = ORIENTED_EDGE('',*,*,#3440,.F.);
#3440 = EDGE_CURVE('',#1418,#3433,#3441,.T.);
#3441 = B_SPLINE_CURVE_WITH_KNOTS('',1,(#3442,#3443),.UNSPECIFIED.,.F.,
  .F.,(2,2),(0.,0.8),.PIECEWISE_BEZIER_KNOTS.);
#3442 = CARTESIAN_POINT('',(-2.7,31.209754652388,23.3));
#3443 = CARTESIAN_POINT('',(-3.5,31.209754652388,23.3));
#3444 = B_SPLINE_SURFACE_WITH_KNOTS('',2,1,(
    (#3445,#3446)
    ,(#3447,#3448)
    ,(#3449,#3450
    )),.UNSPECIFIED.,.F.,.F.,.F.,(3,3),(2,2),(0.,1.),(-0.8,0.),
  .PIECEWISE_BEZIER_KNOTS.);
#3445 = CARTESIAN_POINT('',(-3.5,32.682169504916,22.698788623596));
#3446 = CARTESIAN_POINT('',(-2.7,32.682169504916,22.698788623596));
#3447 = CARTESIAN_POINT('',(-3.5,32.122237096208,23.3));
#3448 = CARTESIAN_POINT('',(-2.7,32.122237096208,23.3));
#3449 = CARTESIAN_POINT('',(-3.5,31.209754652388,23.3));
#3450 = CARTESIAN_POINT('',(-2.7,31.209754652388,23.3));
#3451 = ADVANCED_FACE('',(#3452),#3469,.T.);
#3452 = FACE_BOUND('',#3453,.T.);
#3453 = EDGE_LOOP('',(#3454,#3455,#3456,#3464));
#3454 = ORIENTED_EDGE('',*,*,#1417,.T.);
#3455 = ORIENTED_EDGE('',*,*,#3440,.T.);
#3456 = ORIENTED_EDGE('',*,*,#3457,.T.);
#3457 = EDGE_CURVE('',#3433,#3458,#3460,.T.);
#3458 = VERTEX_POINT('',#3459);
#3459 = CARTESIAN_POINT('',(-3.5,29.915096120084,22.826773174157));
#3460 = B_SPLINE_CURVE_WITH_KNOTS('',2,(#3461,#3462,#3463),
  .UNSPECIFIED.,.F.,.F.,(3,3),(0.,1.),.PIECEWISE_BEZIER_KNOTS.);
#3461 = CARTESIAN_POINT('',(-3.5,31.209754652388,23.3));
#3462 = CARTESIAN_POINT('',(-3.5,30.412813816713,23.3));
#3463 = CARTESIAN_POINT('',(-3.5,29.915096120084,22.826773174157));
#3464 = ORIENTED_EDGE('',*,*,#3465,.F.);
#3465 = EDGE_CURVE('',#1403,#3458,#3466,.T.);
#3466 = B_SPLINE_CURVE_WITH_KNOTS('',1,(#3467,#3468),.UNSPECIFIED.,.F.,
  .F.,(2,2),(0.,0.8),.PIECEWISE_BEZIER_KNOTS.);
#3467 = CARTESIAN_POINT('',(-2.7,29.915096120084,22.826773174157));
#3468 = CARTESIAN_POINT('',(-3.5,29.915096120084,22.826773174157));
#3469 = B_SPLINE_SURFACE_WITH_KNOTS('',2,1,(
    (#3470,#3471)
    ,(#3472,#3473)
    ,(#3474,#3475
    )),.UNSPECIFIED.,.F.,.F.,.F.,(3,3),(2,2),(0.,1.),(-0.8,0.),
  .PIECEWISE_BEZIER_KNOTS.);
#3470 = CARTESIAN_POINT('',(-3.5,31.209754652388,23.3));
#3471 = CARTESIAN_POINT('',(-2.7,31.209754652388,23.3));
#3472 = CARTESIAN_POINT('',(-3.5,30.412813816713,23.3));
#3473 = CARTESIAN_POINT('',(-2.7,30.412813816713,23.3));
#3474 = CARTESIAN_POINT('',(-3.5,29.915096120084,22.826773174157));
#3475 = CARTESIAN_POINT('',(-2.7,29.915096120084,22.826773174157));
#3476 = ADVANCED_FACE('',(#3477),#3494,.T.);
#3477 = FACE_BOUND('',#3478,.T.);
#3478 = EDGE_LOOP('',(#3479,#3480,#3481,#3489));
#3479 = ORIENTED_EDGE('',*,*,#1402,.T.);
#3480 = ORIENTED_EDGE('',*,*,#3465,.T.);
#3481 = ORIENTED_EDGE('',*,*,#3482,.T.);
#3482 = EDGE_CURVE('',#3458,#3483,#3485,.T.);
#3483 = VERTEX_POINT('',#3484);
#3484 = CARTESIAN_POINT('',(-3.5,29.470705319522,22.023314606742));
#3485 = B_SPLINE_CURVE_WITH_KNOTS('',2,(#3486,#3487,#3488),
  .UNSPECIFIED.,.F.,.F.,(3,3),(0.,1.),.PIECEWISE_BEZIER_KNOTS.);
#3486 = CARTESIAN_POINT('',(-3.5,29.915096120084,22.826773174157));
#3487 = CARTESIAN_POINT('',(-3.5,29.618835586376,22.547103230337));
#3488 = CARTESIAN_POINT('',(-3.5,29.470705319522,22.023314606742));
#3489 = ORIENTED_EDGE('',*,*,#3490,.F.);
#3490 = EDGE_CURVE('',#1396,#3483,#3491,.T.);
#3491 = B_SPLINE_CURVE_WITH_KNOTS('',1,(#3492,#3493),.UNSPECIFIED.,.F.,
  .F.,(2,2),(0.,0.8),.PIECEWISE_BEZIER_KNOTS.);
#3492 = CARTESIAN_POINT('',(-2.7,29.470705319522,22.023314606742));
#3493 = CARTESIAN_POINT('',(-3.5,29.470705319522,22.023314606742));
#3494 = B_SPLINE_SURFACE_WITH_KNOTS('',2,1,(
    (#3495,#3496)
    ,(#3497,#3498)
    ,(#3499,#3500
    )),.UNSPECIFIED.,.F.,.F.,.F.,(3,3),(2,2),(0.,1.),(-0.8,0.),
  .PIECEWISE_BEZIER_KNOTS.);
#3495 = CARTESIAN_POINT('',(-3.5,29.915096120084,22.826773174157));
#3496 = CARTESIAN_POINT('',(-2.7,29.915096120084,22.826773174157));
#3497 = CARTESIAN_POINT('',(-3.5,29.618835586376,22.547103230337));
#3498 = CARTESIAN_POINT('',(-2.7,29.618835586376,22.547103230337));
#3499 = CARTESIAN_POINT('',(-3.5,29.470705319522,22.023314606742));
#3500 = CARTESIAN_POINT('',(-2.7,29.470705319522,22.023314606742));
#3501 = ADVANCED_FACE('',(#3502),#3518,.T.);
#3502 = FACE_BOUND('',#3503,.T.);
#3503 = EDGE_LOOP('',(#3504,#3505,#3506,#3513));
#3504 = ORIENTED_EDGE('',*,*,#1395,.T.);
#3505 = ORIENTED_EDGE('',*,*,#3490,.T.);
#3506 = ORIENTED_EDGE('',*,*,#3507,.T.);
#3507 = EDGE_CURVE('',#3483,#3508,#3510,.T.);
#3508 = VERTEX_POINT('',#3509);
#3509 = CARTESIAN_POINT('',(-3.5,30.338748683287,21.82106741573));
#3510 = B_SPLINE_CURVE_WITH_KNOTS('',1,(#3511,#3512),.UNSPECIFIED.,.F.,
  .F.,(2,2),(0.,0.891292997643),.PIECEWISE_BEZIER_KNOTS.);
#3511 = CARTESIAN_POINT('',(-3.5,29.470705319522,22.023314606742));
#3512 = CARTESIAN_POINT('',(-3.5,30.338748683287,21.82106741573));
#3513 = ORIENTED_EDGE('',*,*,#3514,.F.);
#3514 = EDGE_CURVE('',#1381,#3508,#3515,.T.);
#3515 = B_SPLINE_CURVE_WITH_KNOTS('',1,(#3516,#3517),.UNSPECIFIED.,.F.,
  .F.,(2,2),(0.,0.8),.PIECEWISE_BEZIER_KNOTS.);
#3516 = CARTESIAN_POINT('',(-2.7,30.338748683287,21.82106741573));
#3517 = CARTESIAN_POINT('',(-3.5,30.338748683287,21.82106741573));
#3518 = B_SPLINE_SURFACE_WITH_KNOTS('',1,1,(
    (#3519,#3520)
    ,(#3521,#3522
    )),.UNSPECIFIED.,.F.,.F.,.F.,(2,2),(2,2),(0.,0.891292997643),(-0.8,
    0.),.PIECEWISE_BEZIER_KNOTS.);
#3519 = CARTESIAN_POINT('',(-3.5,29.470705319522,22.023314606742));
#3520 = CARTESIAN_POINT('',(-2.7,29.470705319522,22.023314606742));
#3521 = CARTESIAN_POINT('',(-3.5,30.338748683287,21.82106741573));
#3522 = CARTESIAN_POINT('',(-2.7,30.338748683287,21.82106741573));
#3523 = ADVANCED_FACE('',(#3524),#3541,.T.);
#3524 = FACE_BOUND('',#3525,.T.);
#3525 = EDGE_LOOP('',(#3526,#3527,#3528,#3536));
#3526 = ORIENTED_EDGE('',*,*,#1380,.T.);
#3527 = ORIENTED_EDGE('',*,*,#3514,.T.);
#3528 = ORIENTED_EDGE('',*,*,#3529,.T.);
#3529 = EDGE_CURVE('',#3508,#3530,#3532,.T.);
#3530 = VERTEX_POINT('',#3531);
#3531 = CARTESIAN_POINT('',(-3.5,30.660290115871,22.357496488764));
#3532 = B_SPLINE_CURVE_WITH_KNOTS('',2,(#3533,#3534,#3535),
  .UNSPECIFIED.,.F.,.F.,(3,3),(0.,1.),.PIECEWISE_BEZIER_KNOTS.);
#3533 = CARTESIAN_POINT('',(-3.5,30.338748683287,21.82106741573));
#3534 = CARTESIAN_POINT('',(-3.5,30.415776422051,22.160779494382));
#3535 = CARTESIAN_POINT('',(-3.5,30.660290115871,22.357496488764));
#3536 = ORIENTED_EDGE('',*,*,#3537,.F.);
#3537 = EDGE_CURVE('',#1366,#3530,#3538,.T.);
#3538 = B_SPLINE_CURVE_WITH_KNOTS('',1,(#3539,#3540),.UNSPECIFIED.,.F.,
  .F.,(2,2),(0.,0.8),.PIECEWISE_BEZIER_KNOTS.);
#3539 = CARTESIAN_POINT('',(-2.7,30.660290115871,22.357496488764));
#3540 = CARTESIAN_POINT('',(-3.5,30.660290115871,22.357496488764));
#3541 = B_SPLINE_SURFACE_WITH_KNOTS('',2,1,(
    (#3542,#3543)
    ,(#3544,#3545)
    ,(#3546,#3547
    )),.UNSPECIFIED.,.F.,.F.,.F.,(3,3),(2,2),(0.,1.),(-0.8,0.),
  .PIECEWISE_BEZIER_KNOTS.);
#3542 = CARTESIAN_POINT('',(-3.5,30.338748683287,21.82106741573));
#3543 = CARTESIAN_POINT('',(-2.7,30.338748683287,21.82106741573));
#3544 = CARTESIAN_POINT('',(-3.5,30.415776422051,22.160779494382));
#3545 = CARTESIAN_POINT('',(-2.7,30.415776422051,22.160779494382));
#3546 = CARTESIAN_POINT('',(-3.5,30.660290115871,22.357496488764));
#3547 = CARTESIAN_POINT('',(-2.7,30.660290115871,22.357496488764));
#3548 = ADVANCED_FACE('',(#3549),#3566,.T.);
#3549 = FACE_BOUND('',#3550,.T.);
#3550 = EDGE_LOOP('',(#3551,#3552,#3553,#3561));
#3551 = ORIENTED_EDGE('',*,*,#1365,.T.);
#3552 = ORIENTED_EDGE('',*,*,#3537,.T.);
#3553 = ORIENTED_EDGE('',*,*,#3554,.T.);
#3554 = EDGE_CURVE('',#3530,#3555,#3557,.T.);
#3555 = VERTEX_POINT('',#3556);
#3556 = CARTESIAN_POINT('',(-3.5,31.254193732444,22.554213483146));
#3557 = B_SPLINE_CURVE_WITH_KNOTS('',2,(#3558,#3559,#3560),
  .UNSPECIFIED.,.F.,.F.,(3,3),(0.,1.),.PIECEWISE_BEZIER_KNOTS.);
#3558 = CARTESIAN_POINT('',(-3.5,30.660290115871,22.357496488764));
#3559 = CARTESIAN_POINT('',(-3.5,30.904606302669,22.554213483146));
#3560 = CARTESIAN_POINT('',(-3.5,31.254193732444,22.554213483146));
#3561 = ORIENTED_EDGE('',*,*,#3562,.F.);
#3562 = EDGE_CURVE('',#1351,#3555,#3563,.T.);
#3563 = B_SPLINE_CURVE_WITH_KNOTS('',1,(#3564,#3565),.UNSPECIFIED.,.F.,
  .F.,(2,2),(0.,0.8),.PIECEWISE_BEZIER_KNOTS.);
#3564 = CARTESIAN_POINT('',(-2.7,31.254193732444,22.554213483146));
#3565 = CARTESIAN_POINT('',(-3.5,31.254193732444,22.554213483146));
#3566 = B_SPLINE_SURFACE_WITH_KNOTS('',2,1,(
    (#3567,#3568)
    ,(#3569,#3570)
    ,(#3571,#3572
    )),.UNSPECIFIED.,.F.,.F.,.F.,(3,3),(2,2),(0.,1.),(-0.8,0.),
  .PIECEWISE_BEZIER_KNOTS.);
#3567 = CARTESIAN_POINT('',(-3.5,30.660290115871,22.357496488764));
#3568 = CARTESIAN_POINT('',(-2.7,30.660290115871,22.357496488764));
#3569 = CARTESIAN_POINT('',(-3.5,30.904606302669,22.554213483146));
#3570 = CARTESIAN_POINT('',(-2.7,30.904606302669,22.554213483146));
#3571 = CARTESIAN_POINT('',(-3.5,31.254193732444,22.554213483146));
#3572 = CARTESIAN_POINT('',(-2.7,31.254193732444,22.554213483146));
#3573 = ADVANCED_FACE('',(#3574),#3591,.T.);
#3574 = FACE_BOUND('',#3575,.T.);
#3575 = EDGE_LOOP('',(#3576,#3577,#3578,#3586));
#3576 = ORIENTED_EDGE('',*,*,#1350,.T.);
#3577 = ORIENTED_EDGE('',*,*,#3562,.T.);
#3578 = ORIENTED_EDGE('',*,*,#3579,.T.);
#3579 = EDGE_CURVE('',#3555,#3580,#3582,.T.);
#3580 = VERTEX_POINT('',#3581);
#3581 = CARTESIAN_POINT('',(-3.5,32.037901597612,22.205613588483));
#3582 = B_SPLINE_CURVE_WITH_KNOTS('',2,(#3583,#3584,#3585),
  .UNSPECIFIED.,.F.,.F.,(3,3),(0.,1.),.PIECEWISE_BEZIER_KNOTS.);
#3583 = CARTESIAN_POINT('',(-3.5,31.254193732444,22.554213483146));
#3584 = CARTESIAN_POINT('',(-3.5,31.737098402388,22.554213483146));
#3585 = CARTESIAN_POINT('',(-3.5,32.037901597612,22.205613588483));
#3586 = ORIENTED_EDGE('',*,*,#3587,.F.);
#3587 = EDGE_CURVE('',#1334,#3580,#3588,.T.);
#3588 = B_SPLINE_CURVE_WITH_KNOTS('',1,(#3589,#3590),.UNSPECIFIED.,.F.,
  .F.,(2,2),(0.,0.8),.PIECEWISE_BEZIER_KNOTS.);
#3589 = CARTESIAN_POINT('',(-2.7,32.037901597612,22.205613588483));
#3590 = CARTESIAN_POINT('',(-3.5,32.037901597612,22.205613588483));
#3591 = B_SPLINE_SURFACE_WITH_KNOTS('',2,1,(
    (#3592,#3593)
    ,(#3594,#3595)
    ,(#3596,#3597
    )),.UNSPECIFIED.,.F.,.F.,.F.,(3,3),(2,2),(0.,1.),(-0.8,0.),
  .PIECEWISE_BEZIER_KNOTS.);
#3592 = CARTESIAN_POINT('',(-3.5,31.254193732444,22.554213483146));
#3593 = CARTESIAN_POINT('',(-2.7,31.254193732444,22.554213483146));
#3594 = CARTESIAN_POINT('',(-3.5,31.737098402388,22.554213483146));
#3595 = CARTESIAN_POINT('',(-2.7,31.737098402388,22.554213483146));
#3596 = CARTESIAN_POINT('',(-3.5,32.037901597612,22.205613588483));
#3597 = CARTESIAN_POINT('',(-2.7,32.037901597612,22.205613588483));
#3598 = ADVANCED_FACE('',(#3599),#3616,.T.);
#3599 = FACE_BOUND('',#3600,.T.);
#3600 = EDGE_LOOP('',(#3601,#3602,#3603,#3611));
#3601 = ORIENTED_EDGE('',*,*,#1333,.T.);
#3602 = ORIENTED_EDGE('',*,*,#3587,.T.);
#3603 = ORIENTED_EDGE('',*,*,#3604,.T.);
#3604 = EDGE_CURVE('',#3580,#3605,#3607,.T.);
#3605 = VERTEX_POINT('',#3606);
#3606 = CARTESIAN_POINT('',(-3.5,32.338507285815,21.076860955056));
#3607 = B_SPLINE_CURVE_WITH_KNOTS('',2,(#3608,#3609,#3610),
  .UNSPECIFIED.,.F.,.F.,(3,3),(0.,1.),.PIECEWISE_BEZIER_KNOTS.);
#3608 = CARTESIAN_POINT('',(-3.5,32.037901597612,22.205613588483));
#3609 = CARTESIAN_POINT('',(-3.5,32.338507285815,21.857211200843));
#3610 = CARTESIAN_POINT('',(-3.5,32.338507285815,21.076860955056));
#3611 = ORIENTED_EDGE('',*,*,#3612,.F.);
#3612 = EDGE_CURVE('',#1317,#3605,#3613,.T.);
#3613 = B_SPLINE_CURVE_WITH_KNOTS('',1,(#3614,#3615),.UNSPECIFIED.,.F.,
  .F.,(2,2),(0.,0.8),.PIECEWISE_BEZIER_KNOTS.);
#3614 = CARTESIAN_POINT('',(-2.7,32.338507285815,21.076860955056));
#3615 = CARTESIAN_POINT('',(-3.5,32.338507285815,21.076860955056));
#3616 = B_SPLINE_SURFACE_WITH_KNOTS('',2,1,(
    (#3617,#3618)
    ,(#3619,#3620)
    ,(#3621,#3622
    )),.UNSPECIFIED.,.F.,.F.,.F.,(3,3),(2,2),(0.,1.),(-0.8,0.),
  .PIECEWISE_BEZIER_KNOTS.);
#3617 = CARTESIAN_POINT('',(-3.5,32.037901597612,22.205613588483));
#3618 = CARTESIAN_POINT('',(-2.7,32.037901597612,22.205613588483));
#3619 = CARTESIAN_POINT('',(-3.5,32.338507285815,21.857211200843));
#3620 = CARTESIAN_POINT('',(-2.7,32.338507285815,21.857211200843));
#3621 = CARTESIAN_POINT('',(-3.5,32.338507285815,21.076860955056));
#3622 = CARTESIAN_POINT('',(-2.7,32.338507285815,21.076860955056));
#3623 = ADVANCED_FACE('',(#3624),#3641,.T.);
#3624 = FACE_BOUND('',#3625,.T.);
#3625 = EDGE_LOOP('',(#3626,#3627,#3628,#3636));
#3626 = ORIENTED_EDGE('',*,*,#1316,.T.);
#3627 = ORIENTED_EDGE('',*,*,#3612,.T.);
#3628 = ORIENTED_EDGE('',*,*,#3629,.T.);
#3629 = EDGE_CURVE('',#3605,#3630,#3632,.T.);
#3630 = VERTEX_POINT('',#3631);
#3631 = CARTESIAN_POINT('',(-3.5,32.042246752107,19.897151509831));
#3632 = B_SPLINE_CURVE_WITH_KNOTS('',2,(#3633,#3634,#3635),
  .UNSPECIFIED.,.F.,.F.,(3,3),(0.,1.),.PIECEWISE_BEZIER_KNOTS.);
#3633 = CARTESIAN_POINT('',(-3.5,32.338507285815,21.076860955056));
#3634 = CARTESIAN_POINT('',(-3.5,32.338507285815,20.248714009831));
#3635 = CARTESIAN_POINT('',(-3.5,32.042246752107,19.897151509831));
#3636 = ORIENTED_EDGE('',*,*,#3637,.F.);
#3637 = EDGE_CURVE('',#1302,#3630,#3638,.T.);
#3638 = B_SPLINE_CURVE_WITH_KNOTS('',1,(#3639,#3640),.UNSPECIFIED.,.F.,
  .F.,(2,2),(0.,0.8),.PIECEWISE_BEZIER_KNOTS.);
#3639 = CARTESIAN_POINT('',(-2.7,32.042246752107,19.897151509831));
#3640 = CARTESIAN_POINT('',(-3.5,32.042246752107,19.897151509831));
#3641 = B_SPLINE_SURFACE_WITH_KNOTS('',2,1,(
    (#3642,#3643)
    ,(#3644,#3645)
    ,(#3646,#3647
    )),.UNSPECIFIED.,.F.,.F.,.F.,(3,3),(2,2),(0.,1.),(-0.8,0.),
  .PIECEWISE_BEZIER_KNOTS.);
#3642 = CARTESIAN_POINT('',(-3.5,32.338507285815,21.076860955056));
#3643 = CARTESIAN_POINT('',(-2.7,32.338507285815,21.076860955056));
#3644 = CARTESIAN_POINT('',(-3.5,32.338507285815,20.248714009831));
#3645 = CARTESIAN_POINT('',(-2.7,32.338507285815,20.248714009831));
#3646 = CARTESIAN_POINT('',(-3.5,32.042246752107,19.897151509831));
#3647 = CARTESIAN_POINT('',(-2.7,32.042246752107,19.897151509831));
#3648 = ADVANCED_FACE('',(#3649),#3666,.T.);
#3649 = FACE_BOUND('',#3650,.T.);
#3650 = EDGE_LOOP('',(#3651,#3652,#3653,#3661));
#3651 = ORIENTED_EDGE('',*,*,#1301,.T.);
#3652 = ORIENTED_EDGE('',*,*,#3637,.T.);
#3653 = ORIENTED_EDGE('',*,*,#3654,.T.);
#3654 = EDGE_CURVE('',#3630,#3655,#3657,.T.);
#3655 = VERTEX_POINT('',#3656);
#3656 = CARTESIAN_POINT('',(-3.5,31.271969364466,19.545786516854));
#3657 = B_SPLINE_CURVE_WITH_KNOTS('',2,(#3658,#3659,#3660),
  .UNSPECIFIED.,.F.,.F.,(3,3),(0.,1.),.PIECEWISE_BEZIER_KNOTS.);
#3658 = CARTESIAN_POINT('',(-3.5,32.042246752107,19.897151509831));
#3659 = CARTESIAN_POINT('',(-3.5,31.745986218399,19.545786516854));
#3660 = CARTESIAN_POINT('',(-3.5,31.271969364466,19.545786516854));
#3661 = ORIENTED_EDGE('',*,*,#3662,.F.);
#3662 = EDGE_CURVE('',#1287,#3655,#3663,.T.);
#3663 = B_SPLINE_CURVE_WITH_KNOTS('',1,(#3664,#3665),.UNSPECIFIED.,.F.,
  .F.,(2,2),(0.,0.8),.PIECEWISE_BEZIER_KNOTS.);
#3664 = CARTESIAN_POINT('',(-2.7,31.271969364466,19.545786516854));
#3665 = CARTESIAN_POINT('',(-3.5,31.271969364466,19.545786516854));
#3666 = B_SPLINE_SURFACE_WITH_KNOTS('',2,1,(
    (#3667,#3668)
    ,(#3669,#3670)
    ,(#3671,#3672
    )),.UNSPECIFIED.,.F.,.F.,.F.,(3,3),(2,2),(0.,1.),(-0.8,0.),
  .PIECEWISE_BEZIER_KNOTS.);
#3667 = CARTESIAN_POINT('',(-3.5,32.042246752107,19.897151509831));
#3668 = CARTESIAN_POINT('',(-2.7,32.042246752107,19.897151509831));
#3669 = CARTESIAN_POINT('',(-3.5,31.745986218399,19.545786516854));
#3670 = CARTESIAN_POINT('',(-2.7,31.745986218399,19.545786516854));
#3671 = CARTESIAN_POINT('',(-3.5,31.271969364466,19.545786516854));
#3672 = CARTESIAN_POINT('',(-2.7,31.271969364466,19.545786516854));
#3673 = ADVANCED_FACE('',(#3674),#3691,.T.);
#3674 = FACE_BOUND('',#3675,.T.);
#3675 = EDGE_LOOP('',(#3676,#3677,#3678,#3686));
#3676 = ORIENTED_EDGE('',*,*,#1286,.T.);
#3677 = ORIENTED_EDGE('',*,*,#3662,.T.);
#3678 = ORIENTED_EDGE('',*,*,#3679,.T.);
#3679 = EDGE_CURVE('',#3655,#3680,#3682,.T.);
#3680 = VERTEX_POINT('',#3681);
#3681 = CARTESIAN_POINT('',(-3.5,30.670560481039,19.768179424157));
#3682 = B_SPLINE_CURVE_WITH_KNOTS('',2,(#3683,#3684,#3685),
  .UNSPECIFIED.,.F.,.F.,(3,3),(0.,1.),.PIECEWISE_BEZIER_KNOTS.);
#3683 = CARTESIAN_POINT('',(-3.5,31.271969364466,19.545786516854));
#3684 = CARTESIAN_POINT('',(-3.5,30.922381934691,19.545786516854));
#3685 = CARTESIAN_POINT('',(-3.5,30.670560481039,19.768179424157));
#3686 = ORIENTED_EDGE('',*,*,#3687,.F.);
#3687 = EDGE_CURVE('',#1272,#3680,#3688,.T.);
#3688 = B_SPLINE_CURVE_WITH_KNOTS('',1,(#3689,#3690),.UNSPECIFIED.,.F.,
  .F.,(2,2),(0.,0.8),.PIECEWISE_BEZIER_KNOTS.);
#3689 = CARTESIAN_POINT('',(-2.7,30.670560481039,19.768179424157));
#3690 = CARTESIAN_POINT('',(-3.5,30.670560481039,19.768179424157));
#3691 = B_SPLINE_SURFACE_WITH_KNOTS('',2,1,(
    (#3692,#3693)
    ,(#3694,#3695)
    ,(#3696,#3697
    )),.UNSPECIFIED.,.F.,.F.,.F.,(3,3),(2,2),(0.,1.),(-0.8,0.),
  .PIECEWISE_BEZIER_KNOTS.);
#3692 = CARTESIAN_POINT('',(-3.5,31.271969364466,19.545786516854));
#3693 = CARTESIAN_POINT('',(-2.7,31.271969364466,19.545786516854));
#3694 = CARTESIAN_POINT('',(-3.5,30.922381934691,19.545786516854));
#3695 = CARTESIAN_POINT('',(-2.7,30.922381934691,19.545786516854));
#3696 = CARTESIAN_POINT('',(-3.5,30.670560481039,19.768179424157));
#3697 = CARTESIAN_POINT('',(-2.7,30.670560481039,19.768179424157));
#3698 = ADVANCED_FACE('',(#3699),#3716,.T.);
#3699 = FACE_BOUND('',#3700,.T.);
#3700 = EDGE_LOOP('',(#3701,#3702,#3703,#3711));
#3701 = ORIENTED_EDGE('',*,*,#1271,.T.);
#3702 = ORIENTED_EDGE('',*,*,#3687,.T.);
#3703 = ORIENTED_EDGE('',*,*,#3704,.T.);
#3704 = EDGE_CURVE('',#3680,#3705,#3707,.T.);
#3705 = VERTEX_POINT('',#3706);
#3706 = CARTESIAN_POINT('',(-3.5,30.309122629916,20.468539325843));
#3707 = B_SPLINE_CURVE_WITH_KNOTS('',2,(#3708,#3709,#3710),
  .UNSPECIFIED.,.F.,.F.,(3,3),(0.,1.),.PIECEWISE_BEZIER_KNOTS.);
#3708 = CARTESIAN_POINT('',(-3.5,30.670560481039,19.768179424157));
#3709 = CARTESIAN_POINT('',(-3.5,30.418739027388,19.990769838483));
#3710 = CARTESIAN_POINT('',(-3.5,30.309122629916,20.468539325843));
#3711 = ORIENTED_EDGE('',*,*,#3712,.F.);
#3712 = EDGE_CURVE('',#1265,#3705,#3713,.T.);
#3713 = B_SPLINE_CURVE_WITH_KNOTS('',1,(#3714,#3715),.UNSPECIFIED.,.F.,
  .F.,(2,2),(0.,0.8),.PIECEWISE_BEZIER_KNOTS.);
#3714 = CARTESIAN_POINT('',(-2.7,30.309122629916,20.468539325843));
#3715 = CARTESIAN_POINT('',(-3.5,30.309122629916,20.468539325843));
#3716 = B_SPLINE_SURFACE_WITH_KNOTS('',2,1,(
    (#3717,#3718)
    ,(#3719,#3720)
    ,(#3721,#3722
    )),.UNSPECIFIED.,.F.,.F.,.F.,(3,3),(2,2),(0.,1.),(-0.8,0.),
  .PIECEWISE_BEZIER_KNOTS.);
#3717 = CARTESIAN_POINT('',(-3.5,30.670560481039,19.768179424157));
#3718 = CARTESIAN_POINT('',(-2.7,30.670560481039,19.768179424157));
#3719 = CARTESIAN_POINT('',(-3.5,30.418739027388,19.990769838483));
#3720 = CARTESIAN_POINT('',(-2.7,30.418739027388,19.990769838483));
#3721 = CARTESIAN_POINT('',(-3.5,30.309122629916,20.468539325843));
#3722 = CARTESIAN_POINT('',(-2.7,30.309122629916,20.468539325843));
#3723 = ADVANCED_FACE('',(#3724),#3734,.T.);
#3724 = FACE_BOUND('',#3725,.T.);
#3725 = EDGE_LOOP('',(#3726,#3727,#3728,#3733));
#3726 = ORIENTED_EDGE('',*,*,#1264,.T.);
#3727 = ORIENTED_EDGE('',*,*,#3712,.T.);
#3728 = ORIENTED_EDGE('',*,*,#3729,.T.);
#3729 = EDGE_CURVE('',#3705,#3301,#3730,.T.);
#3730 = B_SPLINE_CURVE_WITH_KNOTS('',1,(#3731,#3732),.UNSPECIFIED.,.F.,
  .F.,(2,2),(0.,0.890740489639),.PIECEWISE_BEZIER_KNOTS.);
#3731 = CARTESIAN_POINT('',(-3.5,30.309122629916,20.468539325843));
#3732 = CARTESIAN_POINT('',(-3.5,29.458854898174,20.20308988764));
#3733 = ORIENTED_EDGE('',*,*,#3300,.F.);
#3734 = B_SPLINE_SURFACE_WITH_KNOTS('',1,1,(
    (#3735,#3736)
    ,(#3737,#3738
    )),.UNSPECIFIED.,.F.,.F.,.F.,(2,2),(2,2),(0.,0.890740489639),(-0.8,
    0.),.PIECEWISE_BEZIER_KNOTS.);
#3735 = CARTESIAN_POINT('',(-3.5,30.309122629916,20.468539325843));
#3736 = CARTESIAN_POINT('',(-2.7,30.309122629916,20.468539325843));
#3737 = CARTESIAN_POINT('',(-3.5,29.458854898174,20.20308988764));
#3738 = CARTESIAN_POINT('',(-2.7,29.458854898174,20.20308988764));
#3739 = ADVANCED_FACE('',(#3740),#3762,.T.);
#3740 = FACE_BOUND('',#3741,.T.);
#3741 = EDGE_LOOP('',(#3742,#3743,#3750,#3757));
#3742 = ORIENTED_EDGE('',*,*,#1545,.T.);
#3743 = ORIENTED_EDGE('',*,*,#3744,.T.);
#3744 = EDGE_CURVE('',#1548,#3745,#3747,.T.);
#3745 = VERTEX_POINT('',#3746);
#3746 = CARTESIAN_POINT('',(-3.5,25.739205143961,18.875842696629));
#3747 = B_SPLINE_CURVE_WITH_KNOTS('',1,(#3748,#3749),.UNSPECIFIED.,.F.,
  .F.,(2,2),(0.,0.8),.PIECEWISE_BEZIER_KNOTS.);
#3748 = CARTESIAN_POINT('',(-2.7,25.739205143961,18.875842696629));
#3749 = CARTESIAN_POINT('',(-3.5,25.739205143961,18.875842696629));
#3750 = ORIENTED_EDGE('',*,*,#3751,.T.);
#3751 = EDGE_CURVE('',#3745,#3752,#3754,.T.);
#3752 = VERTEX_POINT('',#3753);
#3753 = CARTESIAN_POINT('',(-3.5,26.118418627107,19.861797752809));
#3754 = B_SPLINE_CURVE_WITH_KNOTS('',1,(#3755,#3756),.UNSPECIFIED.,.F.,
  .F.,(2,2),(0.,1.05636652664),.PIECEWISE_BEZIER_KNOTS.);
#3755 = CARTESIAN_POINT('',(-3.5,25.739205143961,18.875842696629));
#3756 = CARTESIAN_POINT('',(-3.5,26.118418627107,19.861797752809));
#3757 = ORIENTED_EDGE('',*,*,#3758,.F.);
#3758 = EDGE_CURVE('',#1546,#3752,#3759,.T.);
#3759 = B_SPLINE_CURVE_WITH_KNOTS('',1,(#3760,#3761),.UNSPECIFIED.,.F.,
  .F.,(2,2),(0.,0.8),.PIECEWISE_BEZIER_KNOTS.);
#3760 = CARTESIAN_POINT('',(-2.7,26.118418627107,19.861797752809));
#3761 = CARTESIAN_POINT('',(-3.5,26.118418627107,19.861797752809));
#3762 = B_SPLINE_SURFACE_WITH_KNOTS('',1,1,(
    (#3763,#3764)
    ,(#3765,#3766
    )),.UNSPECIFIED.,.F.,.F.,.F.,(2,2),(2,2),(0.,1.05636652664),(-0.8,0.
    ),.PIECEWISE_BEZIER_KNOTS.);
#3763 = CARTESIAN_POINT('',(-3.5,25.739205143961,18.875842696629));
#3764 = CARTESIAN_POINT('',(-2.7,25.739205143961,18.875842696629));
#3765 = CARTESIAN_POINT('',(-3.5,26.118418627107,19.861797752809));
#3766 = CARTESIAN_POINT('',(-2.7,26.118418627107,19.861797752809));
#3767 = ADVANCED_FACE('',(#3768),#3784,.T.);
#3768 = FACE_BOUND('',#3769,.T.);
#3769 = EDGE_LOOP('',(#3770,#3771,#3772,#3779));
#3770 = ORIENTED_EDGE('',*,*,#1596,.T.);
#3771 = ORIENTED_EDGE('',*,*,#3758,.T.);
#3772 = ORIENTED_EDGE('',*,*,#3773,.T.);
#3773 = EDGE_CURVE('',#3752,#3774,#3776,.T.);
#3774 = VERTEX_POINT('',#3775);
#3775 = CARTESIAN_POINT('',(-3.5,27.854505354635,19.861797752809));
#3776 = B_SPLINE_CURVE_WITH_KNOTS('',1,(#3777,#3778),.UNSPECIFIED.,.F.,
  .F.,(2,2),(0.,1.736086727528),.PIECEWISE_BEZIER_KNOTS.);
#3777 = CARTESIAN_POINT('',(-3.5,26.118418627107,19.861797752809));
#3778 = CARTESIAN_POINT('',(-3.5,27.854505354635,19.861797752809));
#3779 = ORIENTED_EDGE('',*,*,#3780,.F.);
#3780 = EDGE_CURVE('',#1590,#3774,#3781,.T.);
#3781 = B_SPLINE_CURVE_WITH_KNOTS('',1,(#3782,#3783),.UNSPECIFIED.,.F.,
  .F.,(2,2),(0.,0.8),.PIECEWISE_BEZIER_KNOTS.);
#3782 = CARTESIAN_POINT('',(-2.7,27.854505354635,19.861797752809));
#3783 = CARTESIAN_POINT('',(-3.5,27.854505354635,19.861797752809));
#3784 = B_SPLINE_SURFACE_WITH_KNOTS('',1,1,(
    (#3785,#3786)
    ,(#3787,#3788
    )),.UNSPECIFIED.,.F.,.F.,.F.,(2,2),(2,2),(0.,1.736086727528),(-0.8,
    0.),.PIECEWISE_BEZIER_KNOTS.);
#3785 = CARTESIAN_POINT('',(-3.5,26.118418627107,19.861797752809));
#3786 = CARTESIAN_POINT('',(-2.7,26.118418627107,19.861797752809));
#3787 = CARTESIAN_POINT('',(-3.5,27.854505354635,19.861797752809));
#3788 = CARTESIAN_POINT('',(-2.7,27.854505354635,19.861797752809));
#3789 = ADVANCED_FACE('',(#3790),#3806,.T.);
#3790 = FACE_BOUND('',#3791,.T.);
#3791 = EDGE_LOOP('',(#3792,#3793,#3794,#3801));
#3792 = ORIENTED_EDGE('',*,*,#1589,.T.);
#3793 = ORIENTED_EDGE('',*,*,#3780,.T.);
#3794 = ORIENTED_EDGE('',*,*,#3795,.T.);
#3795 = EDGE_CURVE('',#3774,#3796,#3798,.T.);
#3796 = VERTEX_POINT('',#3797);
#3797 = CARTESIAN_POINT('',(-3.5,28.212980600421,18.875842696629));
#3798 = B_SPLINE_CURVE_WITH_KNOTS('',1,(#3799,#3800),.UNSPECIFIED.,.F.,
  .F.,(2,2),(0.,1.04910050741),.PIECEWISE_BEZIER_KNOTS.);
#3799 = CARTESIAN_POINT('',(-3.5,27.854505354635,19.861797752809));
#3800 = CARTESIAN_POINT('',(-3.5,28.212980600421,18.875842696629));
#3801 = ORIENTED_EDGE('',*,*,#3802,.F.);
#3802 = EDGE_CURVE('',#1583,#3796,#3803,.T.);
#3803 = B_SPLINE_CURVE_WITH_KNOTS('',1,(#3804,#3805),.UNSPECIFIED.,.F.,
  .F.,(2,2),(0.,0.8),.PIECEWISE_BEZIER_KNOTS.);
#3804 = CARTESIAN_POINT('',(-2.7,28.212980600421,18.875842696629));
#3805 = CARTESIAN_POINT('',(-3.5,28.212980600421,18.875842696629));
#3806 = B_SPLINE_SURFACE_WITH_KNOTS('',1,1,(
    (#3807,#3808)
    ,(#3809,#3810
    )),.UNSPECIFIED.,.F.,.F.,.F.,(2,2),(2,2),(0.,1.04910050741),(-0.8,0.
    ),.PIECEWISE_BEZIER_KNOTS.);
#3807 = CARTESIAN_POINT('',(-3.5,27.854505354635,19.861797752809));
#3808 = CARTESIAN_POINT('',(-2.7,27.854505354635,19.861797752809));
#3809 = CARTESIAN_POINT('',(-3.5,28.212980600421,18.875842696629));
#3810 = CARTESIAN_POINT('',(-2.7,28.212980600421,18.875842696629));
#3811 = ADVANCED_FACE('',(#3812),#3828,.T.);
#3812 = FACE_BOUND('',#3813,.T.);
#3813 = EDGE_LOOP('',(#3814,#3815,#3816,#3823));
#3814 = ORIENTED_EDGE('',*,*,#1582,.T.);
#3815 = ORIENTED_EDGE('',*,*,#3802,.T.);
#3816 = ORIENTED_EDGE('',*,*,#3817,.T.);
#3817 = EDGE_CURVE('',#3796,#3818,#3820,.T.);
#3818 = VERTEX_POINT('',#3819);
#3819 = CARTESIAN_POINT('',(-3.5,29.143238676264,18.875842696629));
#3820 = B_SPLINE_CURVE_WITH_KNOTS('',1,(#3821,#3822),.UNSPECIFIED.,.F.,
  .F.,(2,2),(0.,0.930258075843),.PIECEWISE_BEZIER_KNOTS.);
#3821 = CARTESIAN_POINT('',(-3.5,28.212980600421,18.875842696629));
#3822 = CARTESIAN_POINT('',(-3.5,29.143238676264,18.875842696629));
#3823 = ORIENTED_EDGE('',*,*,#3824,.F.);
#3824 = EDGE_CURVE('',#1576,#3818,#3825,.T.);
#3825 = B_SPLINE_CURVE_WITH_KNOTS('',1,(#3826,#3827),.UNSPECIFIED.,.F.,
  .F.,(2,2),(0.,0.8),.PIECEWISE_BEZIER_KNOTS.);
#3826 = CARTESIAN_POINT('',(-2.7,29.143238676264,18.875842696629));
#3827 = CARTESIAN_POINT('',(-3.5,29.143238676264,18.875842696629));
#3828 = B_SPLINE_SURFACE_WITH_KNOTS('',1,1,(
    (#3829,#3830)
    ,(#3831,#3832
    )),.UNSPECIFIED.,.F.,.F.,.F.,(2,2),(2,2),(0.,0.930258075843),(-0.8,
    0.),.PIECEWISE_BEZIER_KNOTS.);
#3829 = CARTESIAN_POINT('',(-3.5,28.212980600421,18.875842696629));
#3830 = CARTESIAN_POINT('',(-2.7,28.212980600421,18.875842696629));
#3831 = CARTESIAN_POINT('',(-3.5,29.143238676264,18.875842696629));
#3832 = CARTESIAN_POINT('',(-2.7,29.143238676264,18.875842696629));
#3833 = ADVANCED_FACE('',(#3834),#3850,.T.);
#3834 = FACE_BOUND('',#3835,.T.);
#3835 = EDGE_LOOP('',(#3836,#3837,#3838,#3845));
#3836 = ORIENTED_EDGE('',*,*,#1575,.T.);
#3837 = ORIENTED_EDGE('',*,*,#3824,.T.);
#3838 = ORIENTED_EDGE('',*,*,#3839,.T.);
#3839 = EDGE_CURVE('',#3818,#3840,#3842,.T.);
#3840 = VERTEX_POINT('',#3841);
#3841 = CARTESIAN_POINT('',(-3.5,27.451591028792,23.224157303371));
#3842 = B_SPLINE_CURVE_WITH_KNOTS('',1,(#3843,#3844),.UNSPECIFIED.,.F.,
  .F.,(2,2),(0.,4.665780929534),.PIECEWISE_BEZIER_KNOTS.);
#3843 = CARTESIAN_POINT('',(-3.5,29.143238676264,18.875842696629));
#3844 = CARTESIAN_POINT('',(-3.5,27.451591028792,23.224157303371));
#3845 = ORIENTED_EDGE('',*,*,#3846,.F.);
#3846 = EDGE_CURVE('',#1569,#3840,#3847,.T.);
#3847 = B_SPLINE_CURVE_WITH_KNOTS('',1,(#3848,#3849),.UNSPECIFIED.,.F.,
  .F.,(2,2),(0.,0.8),.PIECEWISE_BEZIER_KNOTS.);
#3848 = CARTESIAN_POINT('',(-2.7,27.451591028792,23.224157303371));
#3849 = CARTESIAN_POINT('',(-3.5,27.451591028792,23.224157303371));
#3850 = B_SPLINE_SURFACE_WITH_KNOTS('',1,1,(
    (#3851,#3852)
    ,(#3853,#3854
    )),.UNSPECIFIED.,.F.,.F.,.F.,(2,2),(2,2),(0.,4.665780929534),(-0.8,
    0.),.PIECEWISE_BEZIER_KNOTS.);
#3851 = CARTESIAN_POINT('',(-3.5,29.143238676264,18.875842696629));
#3852 = CARTESIAN_POINT('',(-2.7,29.143238676264,18.875842696629));
#3853 = CARTESIAN_POINT('',(-3.5,27.451591028792,23.224157303371));
#3854 = CARTESIAN_POINT('',(-2.7,27.451591028792,23.224157303371));
#3855 = ADVANCED_FACE('',(#3856),#3872,.T.);
#3856 = FACE_BOUND('',#3857,.T.);
#3857 = EDGE_LOOP('',(#3858,#3859,#3860,#3867));
#3858 = ORIENTED_EDGE('',*,*,#1568,.T.);
#3859 = ORIENTED_EDGE('',*,*,#3846,.T.);
#3860 = ORIENTED_EDGE('',*,*,#3861,.T.);
#3861 = EDGE_CURVE('',#3840,#3862,#3864,.T.);
#3862 = VERTEX_POINT('',#3863);
#3863 = CARTESIAN_POINT('',(-3.5,26.524295558287,23.224157303371));
#3864 = B_SPLINE_CURVE_WITH_KNOTS('',1,(#3865,#3866),.UNSPECIFIED.,.F.,
  .F.,(2,2),(0.,0.927295470506),.PIECEWISE_BEZIER_KNOTS.);
#3865 = CARTESIAN_POINT('',(-3.5,27.451591028792,23.224157303371));
#3866 = CARTESIAN_POINT('',(-3.5,26.524295558287,23.224157303371));
#3867 = ORIENTED_EDGE('',*,*,#3868,.F.);
#3868 = EDGE_CURVE('',#1562,#3862,#3869,.T.);
#3869 = B_SPLINE_CURVE_WITH_KNOTS('',1,(#3870,#3871),.UNSPECIFIED.,.F.,
  .F.,(2,2),(0.,0.8),.PIECEWISE_BEZIER_KNOTS.);
#3870 = CARTESIAN_POINT('',(-2.7,26.524295558287,23.224157303371));
#3871 = CARTESIAN_POINT('',(-3.5,26.524295558287,23.224157303371));
#3872 = B_SPLINE_SURFACE_WITH_KNOTS('',1,1,(
    (#3873,#3874)
    ,(#3875,#3876
    )),.UNSPECIFIED.,.F.,.F.,.F.,(2,2),(2,2),(0.,0.927295470506),(-0.8,
    0.),.PIECEWISE_BEZIER_KNOTS.);
#3873 = CARTESIAN_POINT('',(-3.5,27.451591028792,23.224157303371));
#3874 = CARTESIAN_POINT('',(-2.7,27.451591028792,23.224157303371));
#3875 = CARTESIAN_POINT('',(-3.5,26.524295558287,23.224157303371));
#3876 = CARTESIAN_POINT('',(-2.7,26.524295558287,23.224157303371));
#3877 = ADVANCED_FACE('',(#3878),#3894,.T.);
#3878 = FACE_BOUND('',#3879,.T.);
#3879 = EDGE_LOOP('',(#3880,#3881,#3882,#3889));
#3880 = ORIENTED_EDGE('',*,*,#1561,.T.);
#3881 = ORIENTED_EDGE('',*,*,#3868,.T.);
#3882 = ORIENTED_EDGE('',*,*,#3883,.T.);
#3883 = EDGE_CURVE('',#3862,#3884,#3886,.T.);
#3884 = VERTEX_POINT('',#3885);
#3885 = CARTESIAN_POINT('',(-3.5,24.785246225421,18.875842696629));
#3886 = B_SPLINE_CURVE_WITH_KNOTS('',1,(#3887,#3888),.UNSPECIFIED.,.F.,
  .F.,(2,2),(0.,4.683175471978),.PIECEWISE_BEZIER_KNOTS.);
#3887 = CARTESIAN_POINT('',(-3.5,26.524295558287,23.224157303371));
#3888 = CARTESIAN_POINT('',(-3.5,24.785246225421,18.875842696629));
#3889 = ORIENTED_EDGE('',*,*,#3890,.F.);
#3890 = EDGE_CURVE('',#1555,#3884,#3891,.T.);
#3891 = B_SPLINE_CURVE_WITH_KNOTS('',1,(#3892,#3893),.UNSPECIFIED.,.F.,
  .F.,(2,2),(0.,0.8),.PIECEWISE_BEZIER_KNOTS.);
#3892 = CARTESIAN_POINT('',(-2.7,24.785246225421,18.875842696629));
#3893 = CARTESIAN_POINT('',(-3.5,24.785246225421,18.875842696629));
#3894 = B_SPLINE_SURFACE_WITH_KNOTS('',1,1,(
    (#3895,#3896)
    ,(#3897,#3898
    )),.UNSPECIFIED.,.F.,.F.,.F.,(2,2),(2,2),(0.,4.683175471978),(-0.8,
    0.),.PIECEWISE_BEZIER_KNOTS.);
#3895 = CARTESIAN_POINT('',(-3.5,26.524295558287,23.224157303371));
#3896 = CARTESIAN_POINT('',(-2.7,26.524295558287,23.224157303371));
#3897 = CARTESIAN_POINT('',(-3.5,24.785246225421,18.875842696629));
#3898 = CARTESIAN_POINT('',(-2.7,24.785246225421,18.875842696629));
#3899 = ADVANCED_FACE('',(#3900),#3910,.T.);
#3900 = FACE_BOUND('',#3901,.T.);
#3901 = EDGE_LOOP('',(#3902,#3903,#3904,#3909));
#3902 = ORIENTED_EDGE('',*,*,#1554,.T.);
#3903 = ORIENTED_EDGE('',*,*,#3890,.T.);
#3904 = ORIENTED_EDGE('',*,*,#3905,.T.);
#3905 = EDGE_CURVE('',#3884,#3745,#3906,.T.);
#3906 = B_SPLINE_CURVE_WITH_KNOTS('',1,(#3907,#3908),.UNSPECIFIED.,.F.,
  .F.,(2,2),(0.,0.953958918539),.PIECEWISE_BEZIER_KNOTS.);
#3907 = CARTESIAN_POINT('',(-3.5,24.785246225421,18.875842696629));
#3908 = CARTESIAN_POINT('',(-3.5,25.739205143961,18.875842696629));
#3909 = ORIENTED_EDGE('',*,*,#3744,.F.);
#3910 = B_SPLINE_SURFACE_WITH_KNOTS('',1,1,(
    (#3911,#3912)
    ,(#3913,#3914
    )),.UNSPECIFIED.,.F.,.F.,.F.,(2,2),(2,2),(0.,0.953958918539),(-0.8,
    0.),.PIECEWISE_BEZIER_KNOTS.);
#3911 = CARTESIAN_POINT('',(-3.5,24.785246225421,18.875842696629));
#3912 = CARTESIAN_POINT('',(-2.7,24.785246225421,18.875842696629));
#3913 = CARTESIAN_POINT('',(-3.5,25.739205143961,18.875842696629));
#3914 = CARTESIAN_POINT('',(-2.7,25.739205143961,18.875842696629));
#3915 = ADVANCED_FACE('',(#3916),#3938,.T.);
#3916 = FACE_BOUND('',#3917,.T.);
#3917 = EDGE_LOOP('',(#3918,#3919,#3926,#3933));
#3918 = ORIENTED_EDGE('',*,*,#1603,.T.);
#3919 = ORIENTED_EDGE('',*,*,#3920,.T.);
#3920 = EDGE_CURVE('',#1606,#3921,#3923,.T.);
#3921 = VERTEX_POINT('',#3922);
#3922 = CARTESIAN_POINT('',(-3.5,24.312611920646,23.224157303371));
#3923 = B_SPLINE_CURVE_WITH_KNOTS('',1,(#3924,#3925),.UNSPECIFIED.,.F.,
  .F.,(2,2),(0.,0.8),.PIECEWISE_BEZIER_KNOTS.);
#3924 = CARTESIAN_POINT('',(-2.7,24.312611920646,23.224157303371));
#3925 = CARTESIAN_POINT('',(-3.5,24.312611920646,23.224157303371));
#3926 = ORIENTED_EDGE('',*,*,#3927,.T.);
#3927 = EDGE_CURVE('',#3921,#3928,#3930,.T.);
#3928 = VERTEX_POINT('',#3929);
#3929 = CARTESIAN_POINT('',(-3.5,22.466908795646,23.224157303371));
#3930 = B_SPLINE_CURVE_WITH_KNOTS('',1,(#3931,#3932),.UNSPECIFIED.,.F.,
  .F.,(2,2),(0.,1.845703125),.PIECEWISE_BEZIER_KNOTS.);
#3931 = CARTESIAN_POINT('',(-3.5,24.312611920646,23.224157303371));
#3932 = CARTESIAN_POINT('',(-3.5,22.466908795646,23.224157303371));
#3933 = ORIENTED_EDGE('',*,*,#3934,.F.);
#3934 = EDGE_CURVE('',#1604,#3928,#3935,.T.);
#3935 = B_SPLINE_CURVE_WITH_KNOTS('',1,(#3936,#3937),.UNSPECIFIED.,.F.,
  .F.,(2,2),(0.,0.8),.PIECEWISE_BEZIER_KNOTS.);
#3936 = CARTESIAN_POINT('',(-2.7,22.466908795646,23.224157303371));
#3937 = CARTESIAN_POINT('',(-3.5,22.466908795646,23.224157303371));
#3938 = B_SPLINE_SURFACE_WITH_KNOTS('',1,1,(
    (#3939,#3940)
    ,(#3941,#3942
    )),.UNSPECIFIED.,.F.,.F.,.F.,(2,2),(2,2),(0.,1.845703125),(-0.8,0.),
  .PIECEWISE_BEZIER_KNOTS.);
#3939 = CARTESIAN_POINT('',(-3.5,24.312611920646,23.224157303371));
#3940 = CARTESIAN_POINT('',(-2.7,24.312611920646,23.224157303371));
#3941 = CARTESIAN_POINT('',(-3.5,22.466908795646,23.224157303371));
#3942 = CARTESIAN_POINT('',(-2.7,22.466908795646,23.224157303371));
#3943 = ADVANCED_FACE('',(#3944),#3961,.T.);
#3944 = FACE_BOUND('',#3945,.T.);
#3945 = EDGE_LOOP('',(#3946,#3947,#3948,#3956));
#3946 = ORIENTED_EDGE('',*,*,#1786,.T.);
#3947 = ORIENTED_EDGE('',*,*,#3934,.T.);
#3948 = ORIENTED_EDGE('',*,*,#3949,.T.);
#3949 = EDGE_CURVE('',#3928,#3950,#3952,.T.);
#3950 = VERTEX_POINT('',#3951);
#3951 = CARTESIAN_POINT('',(-3.5,21.455277826545,23.107233146067));
#3952 = B_SPLINE_CURVE_WITH_KNOTS('',2,(#3953,#3954,#3955),
  .UNSPECIFIED.,.F.,.F.,(3,3),(0.,1.),.PIECEWISE_BEZIER_KNOTS.);
#3953 = CARTESIAN_POINT('',(-3.5,22.466908795646,23.224157303371));
#3954 = CARTESIAN_POINT('',(-3.5,21.770696541433,23.224157303371));
#3955 = CARTESIAN_POINT('',(-3.5,21.455277826545,23.107233146067));
#3956 = ORIENTED_EDGE('',*,*,#3957,.F.);
#3957 = EDGE_CURVE('',#1772,#3950,#3958,.T.);
#3958 = B_SPLINE_CURVE_WITH_KNOTS('',1,(#3959,#3960),.UNSPECIFIED.,.F.,
  .F.,(2,2),(0.,0.8),.PIECEWISE_BEZIER_KNOTS.);
#3959 = CARTESIAN_POINT('',(-2.7,21.455277826545,23.107233146067));
#3960 = CARTESIAN_POINT('',(-3.5,21.455277826545,23.107233146067));
#3961 = B_SPLINE_SURFACE_WITH_KNOTS('',2,1,(
    (#3962,#3963)
    ,(#3964,#3965)
    ,(#3966,#3967
    )),.UNSPECIFIED.,.F.,.F.,.F.,(3,3),(2,2),(0.,1.),(-0.8,0.),
  .PIECEWISE_BEZIER_KNOTS.);
#3962 = CARTESIAN_POINT('',(-3.5,22.466908795646,23.224157303371));
#3963 = CARTESIAN_POINT('',(-2.7,22.466908795646,23.224157303371));
#3964 = CARTESIAN_POINT('',(-3.5,21.770696541433,23.224157303371));
#3965 = CARTESIAN_POINT('',(-2.7,21.770696541433,23.224157303371));
#3966 = CARTESIAN_POINT('',(-3.5,21.455277826545,23.107233146067));
#3967 = CARTESIAN_POINT('',(-2.7,21.455277826545,23.107233146067));
#3968 = ADVANCED_FACE('',(#3969),#3986,.T.);
#3969 = FACE_BOUND('',#3970,.T.);
#3970 = EDGE_LOOP('',(#3971,#3972,#3973,#3981));
#3971 = ORIENTED_EDGE('',*,*,#1771,.T.);
#3972 = ORIENTED_EDGE('',*,*,#3957,.T.);
#3973 = ORIENTED_EDGE('',*,*,#3974,.T.);
#3974 = EDGE_CURVE('',#3950,#3975,#3977,.T.);
#3975 = VERTEX_POINT('',#3976);
#3976 = CARTESIAN_POINT('',(-3.5,20.950054863062,22.691283356742));
#3977 = B_SPLINE_CURVE_WITH_KNOTS('',2,(#3978,#3979,#3980),
  .UNSPECIFIED.,.F.,.F.,(3,3),(0.,1.),.PIECEWISE_BEZIER_KNOTS.);
#3978 = CARTESIAN_POINT('',(-3.5,21.455277826545,23.107233146067));
#3979 = CARTESIAN_POINT('',(-3.5,21.139661604635,22.990308988764));
#3980 = CARTESIAN_POINT('',(-3.5,20.950054863062,22.691283356742));
#3981 = ORIENTED_EDGE('',*,*,#3982,.F.);
#3982 = EDGE_CURVE('',#1757,#3975,#3983,.T.);
#3983 = B_SPLINE_CURVE_WITH_KNOTS('',1,(#3984,#3985),.UNSPECIFIED.,.F.,
  .F.,(2,2),(0.,0.8),.PIECEWISE_BEZIER_KNOTS.);
#3984 = CARTESIAN_POINT('',(-2.7,20.950054863062,22.691283356742));
#3985 = CARTESIAN_POINT('',(-3.5,20.950054863062,22.691283356742));
#3986 = B_SPLINE_SURFACE_WITH_KNOTS('',2,1,(
    (#3987,#3988)
    ,(#3989,#3990)
    ,(#3991,#3992
    )),.UNSPECIFIED.,.F.,.F.,.F.,(3,3),(2,2),(0.,1.),(-0.8,0.),
  .PIECEWISE_BEZIER_KNOTS.);
#3987 = CARTESIAN_POINT('',(-3.5,21.455277826545,23.107233146067));
#3988 = CARTESIAN_POINT('',(-2.7,21.455277826545,23.107233146067));
#3989 = CARTESIAN_POINT('',(-3.5,21.139661604635,22.990308988764));
#3990 = CARTESIAN_POINT('',(-2.7,21.139661604635,22.990308988764));
#3991 = CARTESIAN_POINT('',(-3.5,20.950054863062,22.691283356742));
#3992 = CARTESIAN_POINT('',(-2.7,20.950054863062,22.691283356742));
#3993 = ADVANCED_FACE('',(#3994),#4011,.T.);
#3994 = FACE_BOUND('',#3995,.T.);
#3995 = EDGE_LOOP('',(#3996,#3997,#3998,#4006));
#3996 = ORIENTED_EDGE('',*,*,#1756,.T.);
#3997 = ORIENTED_EDGE('',*,*,#3982,.T.);
#3998 = ORIENTED_EDGE('',*,*,#3999,.T.);
#3999 = EDGE_CURVE('',#3975,#4000,#4002,.T.);
#4000 = VERTEX_POINT('',#4001);
#4001 = CARTESIAN_POINT('',(-3.5,20.760448121489,22.007711551966));
#4002 = B_SPLINE_CURVE_WITH_KNOTS('',2,(#4003,#4004,#4005),
  .UNSPECIFIED.,.F.,.F.,(3,3),(0.,1.),.PIECEWISE_BEZIER_KNOTS.);
#4003 = CARTESIAN_POINT('',(-3.5,20.950054863062,22.691283356742));
#4004 = CARTESIAN_POINT('',(-3.5,20.760448121489,22.392455231742));
#4005 = CARTESIAN_POINT('',(-3.5,20.760448121489,22.007711551966));
#4006 = ORIENTED_EDGE('',*,*,#4007,.F.);
#4007 = EDGE_CURVE('',#1740,#4000,#4008,.T.);
#4008 = B_SPLINE_CURVE_WITH_KNOTS('',1,(#4009,#4010),.UNSPECIFIED.,.F.,
  .F.,(2,2),(0.,0.8),.PIECEWISE_BEZIER_KNOTS.);
#4009 = CARTESIAN_POINT('',(-2.7,20.760448121489,22.007711551966));
#4010 = CARTESIAN_POINT('',(-3.5,20.760448121489,22.007711551966));
#4011 = B_SPLINE_SURFACE_WITH_KNOTS('',2,1,(
    (#4012,#4013)
    ,(#4014,#4015)
    ,(#4016,#4017
    )),.UNSPECIFIED.,.F.,.F.,.F.,(3,3),(2,2),(0.,1.),(-0.8,0.),
  .PIECEWISE_BEZIER_KNOTS.);
#4012 = CARTESIAN_POINT('',(-3.5,20.950054863062,22.691283356742));
#4013 = CARTESIAN_POINT('',(-2.7,20.950054863062,22.691283356742));
#4014 = CARTESIAN_POINT('',(-3.5,20.760448121489,22.392455231742));
#4015 = CARTESIAN_POINT('',(-2.7,20.760448121489,22.392455231742));
#4016 = CARTESIAN_POINT('',(-3.5,20.760448121489,22.007711551966));
#4017 = CARTESIAN_POINT('',(-2.7,20.760448121489,22.007711551966));
#4018 = ADVANCED_FACE('',(#4019),#4036,.T.);
#4019 = FACE_BOUND('',#4020,.T.);
#4020 = EDGE_LOOP('',(#4021,#4022,#4023,#4031));
#4021 = ORIENTED_EDGE('',*,*,#1739,.T.);
#4022 = ORIENTED_EDGE('',*,*,#4007,.T.);
#4023 = ORIENTED_EDGE('',*,*,#4024,.T.);
#4024 = EDGE_CURVE('',#4000,#4025,#4027,.T.);
#4025 = VERTEX_POINT('',#4026);
#4026 = CARTESIAN_POINT('',(-3.5,21.047820839185,21.201092872191));
#4027 = B_SPLINE_CURVE_WITH_KNOTS('',2,(#4028,#4029,#4030),
  .UNSPECIFIED.,.F.,.F.,(3,3),(0.,1.),.PIECEWISE_BEZIER_KNOTS.);
#4028 = CARTESIAN_POINT('',(-3.5,20.760448121489,22.007711551966));
#4029 = CARTESIAN_POINT('',(-3.5,20.760448121489,21.519276685393));
#4030 = CARTESIAN_POINT('',(-3.5,21.047820839185,21.201092872191));
#4031 = ORIENTED_EDGE('',*,*,#4032,.F.);
#4032 = EDGE_CURVE('',#1723,#4025,#4033,.T.);
#4033 = B_SPLINE_CURVE_WITH_KNOTS('',1,(#4034,#4035),.UNSPECIFIED.,.F.,
  .F.,(2,2),(0.,0.8),.PIECEWISE_BEZIER_KNOTS.);
#4034 = CARTESIAN_POINT('',(-2.7,21.047820839185,21.201092872191));
#4035 = CARTESIAN_POINT('',(-3.5,21.047820839185,21.201092872191));
#4036 = B_SPLINE_SURFACE_WITH_KNOTS('',2,1,(
    (#4037,#4038)
    ,(#4039,#4040)
    ,(#4041,#4042
    )),.UNSPECIFIED.,.F.,.F.,.F.,(3,3),(2,2),(0.,1.),(-0.8,0.),
  .PIECEWISE_BEZIER_KNOTS.);
#4037 = CARTESIAN_POINT('',(-3.5,20.760448121489,22.007711551966));
#4038 = CARTESIAN_POINT('',(-2.7,20.760448121489,22.007711551966));
#4039 = CARTESIAN_POINT('',(-3.5,20.760448121489,21.519276685393));
#4040 = CARTESIAN_POINT('',(-2.7,20.760448121489,21.519276685393));
#4041 = CARTESIAN_POINT('',(-3.5,21.047820839185,21.201092872191));
#4042 = CARTESIAN_POINT('',(-2.7,21.047820839185,21.201092872191));
#4043 = ADVANCED_FACE('',(#4044),#4061,.T.);
#4044 = FACE_BOUND('',#4045,.T.);
#4045 = EDGE_LOOP('',(#4046,#4047,#4048,#4056));
#4046 = ORIENTED_EDGE('',*,*,#1722,.T.);
#4047 = ORIENTED_EDGE('',*,*,#4032,.T.);
#4048 = ORIENTED_EDGE('',*,*,#4049,.T.);
#4049 = EDGE_CURVE('',#4025,#4050,#4052,.T.);
#4050 = VERTEX_POINT('',#4051);
#4051 = CARTESIAN_POINT('',(-3.5,21.906976386938,20.799956109551));
#4052 = B_SPLINE_CURVE_WITH_KNOTS('',2,(#4053,#4054,#4055),
  .UNSPECIFIED.,.F.,.F.,(3,3),(0.,1.),.PIECEWISE_BEZIER_KNOTS.);
#4053 = CARTESIAN_POINT('',(-3.5,21.047820839185,21.201092872191));
#4054 = CARTESIAN_POINT('',(-3.5,21.335193556882,20.882909058989));
#4055 = CARTESIAN_POINT('',(-3.5,21.906976386938,20.799956109551));
#4056 = ORIENTED_EDGE('',*,*,#4057,.F.);
#4057 = EDGE_CURVE('',#1712,#4050,#4058,.T.);
#4058 = B_SPLINE_CURVE_WITH_KNOTS('',1,(#4059,#4060),.UNSPECIFIED.,.F.,
  .F.,(2,2),(0.,0.8),.PIECEWISE_BEZIER_KNOTS.);
#4059 = CARTESIAN_POINT('',(-2.7,21.906976386938,20.799956109551));
#4060 = CARTESIAN_POINT('',(-3.5,21.906976386938,20.799956109551));
#4061 = B_SPLINE_SURFACE_WITH_KNOTS('',2,1,(
    (#4062,#4063)
    ,(#4064,#4065)
    ,(#4066,#4067
    )),.UNSPECIFIED.,.F.,.F.,.F.,(3,3),(2,2),(0.,1.),(-0.8,0.),
  .PIECEWISE_BEZIER_KNOTS.);
#4062 = CARTESIAN_POINT('',(-3.5,21.047820839185,21.201092872191));
#4063 = CARTESIAN_POINT('',(-2.7,21.047820839185,21.201092872191));
#4064 = CARTESIAN_POINT('',(-3.5,21.335193556882,20.882909058989));
#4065 = CARTESIAN_POINT('',(-2.7,21.335193556882,20.882909058989));
#4066 = CARTESIAN_POINT('',(-3.5,21.906976386938,20.799956109551));
#4067 = CARTESIAN_POINT('',(-2.7,21.906976386938,20.799956109551));
#4068 = ADVANCED_FACE('',(#4069),#4086,.T.);
#4069 = FACE_BOUND('',#4070,.T.);
#4070 = EDGE_LOOP('',(#4071,#4072,#4073,#4081));
#4071 = ORIENTED_EDGE('',*,*,#1711,.T.);
#4072 = ORIENTED_EDGE('',*,*,#4057,.T.);
#4073 = ORIENTED_EDGE('',*,*,#4074,.T.);
#4074 = EDGE_CURVE('',#4050,#4075,#4077,.T.);
#4075 = VERTEX_POINT('',#4076);
#4076 = CARTESIAN_POINT('',(-3.5,21.437502194522,20.434173103933));
#4077 = B_SPLINE_CURVE_WITH_KNOTS('',2,(#4078,#4079,#4080),
  .UNSPECIFIED.,.F.,.F.,(3,3),(0.,1.),.PIECEWISE_BEZIER_KNOTS.);
#4078 = CARTESIAN_POINT('',(-3.5,21.906976386938,20.799956109551));
#4079 = CARTESIAN_POINT('',(-3.5,21.622566274579,20.633457689607));
#4080 = CARTESIAN_POINT('',(-3.5,21.437502194522,20.434173103933));
#4081 = ORIENTED_EDGE('',*,*,#4082,.F.);
#4082 = EDGE_CURVE('',#1699,#4075,#4083,.T.);
#4083 = B_SPLINE_CURVE_WITH_KNOTS('',1,(#4084,#4085),.UNSPECIFIED.,.F.,
  .F.,(2,2),(0.,0.8),.PIECEWISE_BEZIER_KNOTS.);
#4084 = CARTESIAN_POINT('',(-2.7,21.437502194522,20.434173103933));
#4085 = CARTESIAN_POINT('',(-3.5,21.437502194522,20.434173103933));
#4086 = B_SPLINE_SURFACE_WITH_KNOTS('',2,1,(
    (#4087,#4088)
    ,(#4089,#4090)
    ,(#4091,#4092
    )),.UNSPECIFIED.,.F.,.F.,.F.,(3,3),(2,2),(0.,1.),(-0.8,0.),
  .PIECEWISE_BEZIER_KNOTS.);
#4087 = CARTESIAN_POINT('',(-3.5,21.906976386938,20.799956109551));
#4088 = CARTESIAN_POINT('',(-2.7,21.906976386938,20.799956109551));
#4089 = CARTESIAN_POINT('',(-3.5,21.622566274579,20.633457689607));
#4090 = CARTESIAN_POINT('',(-2.7,21.622566274579,20.633457689607));
#4091 = CARTESIAN_POINT('',(-3.5,21.437502194522,20.434173103933));
#4092 = CARTESIAN_POINT('',(-2.7,21.437502194522,20.434173103933));
#4093 = ADVANCED_FACE('',(#4094),#4111,.T.);
#4094 = FACE_BOUND('',#4095,.T.);
#4095 = EDGE_LOOP('',(#4096,#4097,#4098,#4106));
#4096 = ORIENTED_EDGE('',*,*,#1698,.T.);
#4097 = ORIENTED_EDGE('',*,*,#4082,.T.);
#4098 = ORIENTED_EDGE('',*,*,#4099,.T.);
#4099 = EDGE_CURVE('',#4075,#4100,#4102,.T.);
#4100 = VERTEX_POINT('',#4101);
#4101 = CARTESIAN_POINT('',(-3.5,20.938204441713,19.726307935393));
#4102 = B_SPLINE_CURVE_WITH_KNOTS('',2,(#4103,#4104,#4105),
  .UNSPECIFIED.,.F.,.F.,(3,3),(0.,1.),.PIECEWISE_BEZIER_KNOTS.);
#4103 = CARTESIAN_POINT('',(-3.5,21.437502194522,20.434173103933));
#4104 = CARTESIAN_POINT('',(-3.5,21.252240607444,20.234888518258));
#4105 = CARTESIAN_POINT('',(-3.5,20.938204441713,19.726307935393));
#4106 = ORIENTED_EDGE('',*,*,#4107,.F.);
#4107 = EDGE_CURVE('',#1692,#4100,#4108,.T.);
#4108 = B_SPLINE_CURVE_WITH_KNOTS('',1,(#4109,#4110),.UNSPECIFIED.,.F.,
  .F.,(2,2),(0.,0.8),.PIECEWISE_BEZIER_KNOTS.);
#4109 = CARTESIAN_POINT('',(-2.7,20.938204441713,19.726307935393));
#4110 = CARTESIAN_POINT('',(-3.5,20.938204441713,19.726307935393));
#4111 = B_SPLINE_SURFACE_WITH_KNOTS('',2,1,(
    (#4112,#4113)
    ,(#4114,#4115)
    ,(#4116,#4117
    )),.UNSPECIFIED.,.F.,.F.,.F.,(3,3),(2,2),(0.,1.),(-0.8,0.),
  .PIECEWISE_BEZIER_KNOTS.);
#4112 = CARTESIAN_POINT('',(-3.5,21.437502194522,20.434173103933));
#4113 = CARTESIAN_POINT('',(-2.7,21.437502194522,20.434173103933));
#4114 = CARTESIAN_POINT('',(-3.5,21.252240607444,20.234888518258));
#4115 = CARTESIAN_POINT('',(-2.7,21.252240607444,20.234888518258));
#4116 = CARTESIAN_POINT('',(-3.5,20.938204441713,19.726307935393));
#4117 = CARTESIAN_POINT('',(-2.7,20.938204441713,19.726307935393));
#4118 = ADVANCED_FACE('',(#4119),#4135,.T.);
#4119 = FACE_BOUND('',#4120,.T.);
#4120 = EDGE_LOOP('',(#4121,#4122,#4123,#4130));
#4121 = ORIENTED_EDGE('',*,*,#1691,.T.);
#4122 = ORIENTED_EDGE('',*,*,#4107,.T.);
#4123 = ORIENTED_EDGE('',*,*,#4124,.T.);
#4124 = EDGE_CURVE('',#4100,#4125,#4127,.T.);
#4125 = VERTEX_POINT('',#4126);
#4126 = CARTESIAN_POINT('',(-3.5,20.407898086376,18.875842696629));
#4127 = B_SPLINE_CURVE_WITH_KNOTS('',1,(#4128,#4129),.UNSPECIFIED.,.F.,
  .F.,(2,2),(0.,1.00225543294),.PIECEWISE_BEZIER_KNOTS.);
#4128 = CARTESIAN_POINT('',(-3.5,20.938204441713,19.726307935393));
#4129 = CARTESIAN_POINT('',(-3.5,20.407898086376,18.875842696629));
#4130 = ORIENTED_EDGE('',*,*,#4131,.F.);
#4131 = EDGE_CURVE('',#1685,#4125,#4132,.T.);
#4132 = B_SPLINE_CURVE_WITH_KNOTS('',1,(#4133,#4134),.UNSPECIFIED.,.F.,
  .F.,(2,2),(0.,0.8),.PIECEWISE_BEZIER_KNOTS.);
#4133 = CARTESIAN_POINT('',(-2.7,20.407898086376,18.875842696629));
#4134 = CARTESIAN_POINT('',(-3.5,20.407898086376,18.875842696629));
#4135 = B_SPLINE_SURFACE_WITH_KNOTS('',1,1,(
    (#4136,#4137)
    ,(#4138,#4139
    )),.UNSPECIFIED.,.F.,.F.,.F.,(2,2),(2,2),(0.,1.00225543294),(-0.8,0.
    ),.PIECEWISE_BEZIER_KNOTS.);
#4136 = CARTESIAN_POINT('',(-3.5,20.938204441713,19.726307935393));
#4137 = CARTESIAN_POINT('',(-2.7,20.938204441713,19.726307935393));
#4138 = CARTESIAN_POINT('',(-3.5,20.407898086376,18.875842696629));
#4139 = CARTESIAN_POINT('',(-2.7,20.407898086376,18.875842696629));
#4140 = ADVANCED_FACE('',(#4141),#4157,.T.);
#4141 = FACE_BOUND('',#4142,.T.);
#4142 = EDGE_LOOP('',(#4143,#4144,#4145,#4152));
#4143 = ORIENTED_EDGE('',*,*,#1684,.T.);
#4144 = ORIENTED_EDGE('',*,*,#4131,.T.);
#4145 = ORIENTED_EDGE('',*,*,#4146,.T.);
#4146 = EDGE_CURVE('',#4125,#4147,#4149,.T.);
#4147 = VERTEX_POINT('',#4148);
#4148 = CARTESIAN_POINT('',(-3.5,21.456660375702,18.875842696629));
#4149 = B_SPLINE_CURVE_WITH_KNOTS('',1,(#4150,#4151),.UNSPECIFIED.,.F.,
  .F.,(2,2),(0.,1.048762289326),.PIECEWISE_BEZIER_KNOTS.);
#4150 = CARTESIAN_POINT('',(-3.5,20.407898086376,18.875842696629));
#4151 = CARTESIAN_POINT('',(-3.5,21.456660375702,18.875842696629));
#4152 = ORIENTED_EDGE('',*,*,#4153,.F.);
#4153 = EDGE_CURVE('',#1678,#4147,#4154,.T.);
#4154 = B_SPLINE_CURVE_WITH_KNOTS('',1,(#4155,#4156),.UNSPECIFIED.,.F.,
  .F.,(2,2),(0.,0.8),.PIECEWISE_BEZIER_KNOTS.);
#4155 = CARTESIAN_POINT('',(-2.7,21.456660375702,18.875842696629));
#4156 = CARTESIAN_POINT('',(-3.5,21.456660375702,18.875842696629));
#4157 = B_SPLINE_SURFACE_WITH_KNOTS('',1,1,(
    (#4158,#4159)
    ,(#4160,#4161
    )),.UNSPECIFIED.,.F.,.F.,.F.,(2,2),(2,2),(0.,1.048762289326),(-0.8,
    0.),.PIECEWISE_BEZIER_KNOTS.);
#4158 = CARTESIAN_POINT('',(-3.5,20.407898086376,18.875842696629));
#4159 = CARTESIAN_POINT('',(-2.7,20.407898086376,18.875842696629));
#4160 = CARTESIAN_POINT('',(-3.5,21.456660375702,18.875842696629));
#4161 = CARTESIAN_POINT('',(-2.7,21.456660375702,18.875842696629));
#4162 = ADVANCED_FACE('',(#4163),#4179,.T.);
#4163 = FACE_BOUND('',#4164,.T.);
#4164 = EDGE_LOOP('',(#4165,#4166,#4167,#4174));
#4165 = ORIENTED_EDGE('',*,*,#1677,.T.);
#4166 = ORIENTED_EDGE('',*,*,#4153,.T.);
#4167 = ORIENTED_EDGE('',*,*,#4168,.T.);
#4168 = EDGE_CURVE('',#4147,#4169,#4171,.T.);
#4169 = VERTEX_POINT('',#4170);
#4170 = CARTESIAN_POINT('',(-3.5,22.090657917837,19.826641502809));
#4171 = B_SPLINE_CURVE_WITH_KNOTS('',1,(#4172,#4173),.UNSPECIFIED.,.F.,
  .F.,(2,2),(0.,1.142790992818),.PIECEWISE_BEZIER_KNOTS.);
#4172 = CARTESIAN_POINT('',(-3.5,21.456660375702,18.875842696629));
#4173 = CARTESIAN_POINT('',(-3.5,22.090657917837,19.826641502809));
#4174 = ORIENTED_EDGE('',*,*,#4175,.F.);
#4175 = EDGE_CURVE('',#1664,#4169,#4176,.T.);
#4176 = B_SPLINE_CURVE_WITH_KNOTS('',1,(#4177,#4178),.UNSPECIFIED.,.F.,
  .F.,(2,2),(0.,0.8),.PIECEWISE_BEZIER_KNOTS.);
#4177 = CARTESIAN_POINT('',(-2.7,22.090657917837,19.826641502809));
#4178 = CARTESIAN_POINT('',(-3.5,22.090657917837,19.826641502809));
#4179 = B_SPLINE_SURFACE_WITH_KNOTS('',1,1,(
    (#4180,#4181)
    ,(#4182,#4183
    )),.UNSPECIFIED.,.F.,.F.,.F.,(2,2),(2,2),(0.,1.142790992818),(-0.8,
    0.),.PIECEWISE_BEZIER_KNOTS.);
#4180 = CARTESIAN_POINT('',(-3.5,21.456660375702,18.875842696629));
#4181 = CARTESIAN_POINT('',(-2.7,21.456660375702,18.875842696629));
#4182 = CARTESIAN_POINT('',(-3.5,22.090657917837,19.826641502809));
#4183 = CARTESIAN_POINT('',(-2.7,22.090657917837,19.826641502809));
#4184 = ADVANCED_FACE('',(#4185),#4202,.T.);
#4185 = FACE_BOUND('',#4186,.T.);
#4186 = EDGE_LOOP('',(#4187,#4188,#4189,#4197));
#4187 = ORIENTED_EDGE('',*,*,#1663,.T.);
#4188 = ORIENTED_EDGE('',*,*,#4175,.T.);
#4189 = ORIENTED_EDGE('',*,*,#4190,.T.);
#4190 = EDGE_CURVE('',#4169,#4191,#4193,.T.);
#4191 = VERTEX_POINT('',#4192);
#4192 = CARTESIAN_POINT('',(-3.5,22.552824350421,20.465971734551));
#4193 = B_SPLINE_CURVE_WITH_KNOTS('',2,(#4194,#4195,#4196),
  .UNSPECIFIED.,.F.,.F.,(3,3),(0.,1.),.PIECEWISE_BEZIER_KNOTS.);
#4194 = CARTESIAN_POINT('',(-3.5,22.090657917837,19.826641502809));
#4195 = CARTESIAN_POINT('',(-3.5,22.428394926264,20.334037043539));
#4196 = CARTESIAN_POINT('',(-3.5,22.552824350421,20.465971734551));
#4197 = ORIENTED_EDGE('',*,*,#4198,.F.);
#4198 = EDGE_CURVE('',#1653,#4191,#4199,.T.);
#4199 = B_SPLINE_CURVE_WITH_KNOTS('',1,(#4200,#4201),.UNSPECIFIED.,.F.,
  .F.,(2,2),(0.,0.8),.PIECEWISE_BEZIER_KNOTS.);
#4200 = CARTESIAN_POINT('',(-2.7,22.552824350421,20.465971734551));
#4201 = CARTESIAN_POINT('',(-3.5,22.552824350421,20.465971734551));
#4202 = B_SPLINE_SURFACE_WITH_KNOTS('',2,1,(
    (#4203,#4204)
    ,(#4205,#4206)
    ,(#4207,#4208
    )),.UNSPECIFIED.,.F.,.F.,.F.,(3,3),(2,2),(0.,1.),(-0.8,0.),
  .PIECEWISE_BEZIER_KNOTS.);
#4203 = CARTESIAN_POINT('',(-3.5,22.090657917837,19.826641502809));
#4204 = CARTESIAN_POINT('',(-2.7,22.090657917837,19.826641502809));
#4205 = CARTESIAN_POINT('',(-3.5,22.428394926264,20.334037043539));
#4206 = CARTESIAN_POINT('',(-2.7,22.428394926264,20.334037043539));
#4207 = CARTESIAN_POINT('',(-3.5,22.552824350421,20.465971734551));
#4208 = CARTESIAN_POINT('',(-2.7,22.552824350421,20.465971734551));
#4209 = ADVANCED_FACE('',(#4210),#4227,.T.);
#4210 = FACE_BOUND('',#4211,.T.);
#4211 = EDGE_LOOP('',(#4212,#4213,#4214,#4222));
#4212 = ORIENTED_EDGE('',*,*,#1652,.T.);
#4213 = ORIENTED_EDGE('',*,*,#4198,.T.);
#4214 = ORIENTED_EDGE('',*,*,#4215,.T.);
#4215 = EDGE_CURVE('',#4191,#4216,#4218,.T.);
#4216 = VERTEX_POINT('',#4217);
#4217 = CARTESIAN_POINT('',(-3.5,22.816496225421,20.647085674157));
#4218 = B_SPLINE_CURVE_WITH_KNOTS('',2,(#4219,#4220,#4221),
  .UNSPECIFIED.,.F.,.F.,(3,3),(0.,1.),.PIECEWISE_BEZIER_KNOTS.);
#4219 = CARTESIAN_POINT('',(-3.5,22.552824350421,20.465971734551));
#4220 = CARTESIAN_POINT('',(-3.5,22.677253774579,20.598103932584));
#4221 = CARTESIAN_POINT('',(-3.5,22.816496225421,20.647085674157));
#4222 = ORIENTED_EDGE('',*,*,#4223,.F.);
#4223 = EDGE_CURVE('',#1641,#4216,#4224,.T.);
#4224 = B_SPLINE_CURVE_WITH_KNOTS('',1,(#4225,#4226),.UNSPECIFIED.,.F.,
  .F.,(2,2),(0.,0.8),.PIECEWISE_BEZIER_KNOTS.);
#4225 = CARTESIAN_POINT('',(-2.7,22.816496225421,20.647085674157));
#4226 = CARTESIAN_POINT('',(-3.5,22.816496225421,20.647085674157));
#4227 = B_SPLINE_SURFACE_WITH_KNOTS('',2,1,(
    (#4228,#4229)
    ,(#4230,#4231)
    ,(#4232,#4233
    )),.UNSPECIFIED.,.F.,.F.,.F.,(3,3),(2,2),(0.,1.),(-0.8,0.),
  .PIECEWISE_BEZIER_KNOTS.);
#4228 = CARTESIAN_POINT('',(-3.5,22.552824350421,20.465971734551));
#4229 = CARTESIAN_POINT('',(-2.7,22.552824350421,20.465971734551));
#4230 = CARTESIAN_POINT('',(-3.5,22.677253774579,20.598103932584));
#4231 = CARTESIAN_POINT('',(-2.7,22.677253774579,20.598103932584));
#4232 = CARTESIAN_POINT('',(-3.5,22.816496225421,20.647085674157));
#4233 = CARTESIAN_POINT('',(-2.7,22.816496225421,20.647085674157));
#4234 = ADVANCED_FACE('',(#4235),#4252,.T.);
#4235 = FACE_BOUND('',#4236,.T.);
#4236 = EDGE_LOOP('',(#4237,#4238,#4239,#4247));
#4237 = ORIENTED_EDGE('',*,*,#1640,.T.);
#4238 = ORIENTED_EDGE('',*,*,#4223,.T.);
#4239 = ORIENTED_EDGE('',*,*,#4240,.T.);
#4240 = EDGE_CURVE('',#4216,#4241,#4243,.T.);
#4241 = VERTEX_POINT('',#4242);
#4242 = CARTESIAN_POINT('',(-3.5,23.257924420646,20.69606741573));
#4243 = B_SPLINE_CURVE_WITH_KNOTS('',2,(#4244,#4245,#4246),
  .UNSPECIFIED.,.F.,.F.,(3,3),(0.,1.),.PIECEWISE_BEZIER_KNOTS.);
#4244 = CARTESIAN_POINT('',(-3.5,22.816496225421,20.647085674157));
#4245 = CARTESIAN_POINT('',(-3.5,22.955738676264,20.69606741573));
#4246 = CARTESIAN_POINT('',(-3.5,23.257924420646,20.69606741573));
#4247 = ORIENTED_EDGE('',*,*,#4248,.F.);
#4248 = EDGE_CURVE('',#1634,#4241,#4249,.T.);
#4249 = B_SPLINE_CURVE_WITH_KNOTS('',1,(#4250,#4251),.UNSPECIFIED.,.F.,
  .F.,(2,2),(0.,0.8),.PIECEWISE_BEZIER_KNOTS.);
#4250 = CARTESIAN_POINT('',(-2.7,23.257924420646,20.69606741573));
#4251 = CARTESIAN_POINT('',(-3.5,23.257924420646,20.69606741573));
#4252 = B_SPLINE_SURFACE_WITH_KNOTS('',2,1,(
    (#4253,#4254)
    ,(#4255,#4256)
    ,(#4257,#4258
    )),.UNSPECIFIED.,.F.,.F.,.F.,(3,3),(2,2),(0.,1.),(-0.8,0.),
  .PIECEWISE_BEZIER_KNOTS.);
#4253 = CARTESIAN_POINT('',(-3.5,22.816496225421,20.647085674157));
#4254 = CARTESIAN_POINT('',(-2.7,22.816496225421,20.647085674157));
#4255 = CARTESIAN_POINT('',(-3.5,22.955738676264,20.69606741573));
#4256 = CARTESIAN_POINT('',(-2.7,22.955738676264,20.69606741573));
#4257 = CARTESIAN_POINT('',(-3.5,23.257924420646,20.69606741573));
#4258 = CARTESIAN_POINT('',(-2.7,23.257924420646,20.69606741573));
#4259 = ADVANCED_FACE('',(#4260),#4276,.T.);
#4260 = FACE_BOUND('',#4261,.T.);
#4261 = EDGE_LOOP('',(#4262,#4263,#4264,#4271));
#4262 = ORIENTED_EDGE('',*,*,#1633,.T.);
#4263 = ORIENTED_EDGE('',*,*,#4248,.T.);
#4264 = ORIENTED_EDGE('',*,*,#4265,.T.);
#4265 = EDGE_CURVE('',#4241,#4266,#4268,.T.);
#4266 = VERTEX_POINT('',#4267);
#4267 = CARTESIAN_POINT('',(-3.5,23.435680740871,20.69606741573));
#4268 = B_SPLINE_CURVE_WITH_KNOTS('',1,(#4269,#4270),.UNSPECIFIED.,.F.,
  .F.,(2,2),(0.,0.177756320225),.PIECEWISE_BEZIER_KNOTS.);
#4269 = CARTESIAN_POINT('',(-3.5,23.257924420646,20.69606741573));
#4270 = CARTESIAN_POINT('',(-3.5,23.435680740871,20.69606741573));
#4271 = ORIENTED_EDGE('',*,*,#4272,.F.);
#4272 = EDGE_CURVE('',#1627,#4266,#4273,.T.);
#4273 = B_SPLINE_CURVE_WITH_KNOTS('',1,(#4274,#4275),.UNSPECIFIED.,.F.,
  .F.,(2,2),(0.,0.8),.PIECEWISE_BEZIER_KNOTS.);
#4274 = CARTESIAN_POINT('',(-2.7,23.435680740871,20.69606741573));
#4275 = CARTESIAN_POINT('',(-3.5,23.435680740871,20.69606741573));
#4276 = B_SPLINE_SURFACE_WITH_KNOTS('',1,1,(
    (#4277,#4278)
    ,(#4279,#4280
    )),.UNSPECIFIED.,.F.,.F.,.F.,(2,2),(2,2),(0.,0.177756320225),(-0.8,
    0.),.PIECEWISE_BEZIER_KNOTS.);
#4277 = CARTESIAN_POINT('',(-3.5,23.257924420646,20.69606741573));
#4278 = CARTESIAN_POINT('',(-2.7,23.257924420646,20.69606741573));
#4279 = CARTESIAN_POINT('',(-3.5,23.435680740871,20.69606741573));
#4280 = CARTESIAN_POINT('',(-2.7,23.435680740871,20.69606741573));
#4281 = ADVANCED_FACE('',(#4282),#4298,.T.);
#4282 = FACE_BOUND('',#4283,.T.);
#4283 = EDGE_LOOP('',(#4284,#4285,#4286,#4293));
#4284 = ORIENTED_EDGE('',*,*,#1626,.T.);
#4285 = ORIENTED_EDGE('',*,*,#4272,.T.);
#4286 = ORIENTED_EDGE('',*,*,#4287,.T.);
#4287 = EDGE_CURVE('',#4266,#4288,#4290,.T.);
#4288 = VERTEX_POINT('',#4289);
#4289 = CARTESIAN_POINT('',(-3.5,23.435680740871,18.875842696629));
#4290 = B_SPLINE_CURVE_WITH_KNOTS('',1,(#4291,#4292),.UNSPECIFIED.,.F.,
  .F.,(2,2),(0.,1.820224719101),.PIECEWISE_BEZIER_KNOTS.);
#4291 = CARTESIAN_POINT('',(-3.5,23.435680740871,20.69606741573));
#4292 = CARTESIAN_POINT('',(-3.5,23.435680740871,18.875842696629));
#4293 = ORIENTED_EDGE('',*,*,#4294,.F.);
#4294 = EDGE_CURVE('',#1620,#4288,#4295,.T.);
#4295 = B_SPLINE_CURVE_WITH_KNOTS('',1,(#4296,#4297),.UNSPECIFIED.,.F.,
  .F.,(2,2),(0.,0.8),.PIECEWISE_BEZIER_KNOTS.);
#4296 = CARTESIAN_POINT('',(-2.7,23.435680740871,18.875842696629));
#4297 = CARTESIAN_POINT('',(-3.5,23.435680740871,18.875842696629));
#4298 = B_SPLINE_SURFACE_WITH_KNOTS('',1,1,(
    (#4299,#4300)
    ,(#4301,#4302
    )),.UNSPECIFIED.,.F.,.F.,.F.,(2,2),(2,2),(0.,1.820224719101),(-0.8,
    0.),.PIECEWISE_BEZIER_KNOTS.);
#4299 = CARTESIAN_POINT('',(-3.5,23.435680740871,20.69606741573));
#4300 = CARTESIAN_POINT('',(-2.7,23.435680740871,20.69606741573));
#4301 = CARTESIAN_POINT('',(-3.5,23.435680740871,18.875842696629));
#4302 = CARTESIAN_POINT('',(-2.7,23.435680740871,18.875842696629));
#4303 = ADVANCED_FACE('',(#4304),#4320,.T.);
#4304 = FACE_BOUND('',#4305,.T.);
#4305 = EDGE_LOOP('',(#4306,#4307,#4308,#4315));
#4306 = ORIENTED_EDGE('',*,*,#1619,.T.);
#4307 = ORIENTED_EDGE('',*,*,#4294,.T.);
#4308 = ORIENTED_EDGE('',*,*,#4309,.T.);
#4309 = EDGE_CURVE('',#4288,#4310,#4312,.T.);
#4310 = VERTEX_POINT('',#4311);
#4311 = CARTESIAN_POINT('',(-3.5,24.312611920646,18.875842696629));
#4312 = B_SPLINE_CURVE_WITH_KNOTS('',1,(#4313,#4314),.UNSPECIFIED.,.F.,
  .F.,(2,2),(0.,0.876931179775),.PIECEWISE_BEZIER_KNOTS.);
#4313 = CARTESIAN_POINT('',(-3.5,23.435680740871,18.875842696629));
#4314 = CARTESIAN_POINT('',(-3.5,24.312611920646,18.875842696629));
#4315 = ORIENTED_EDGE('',*,*,#4316,.F.);
#4316 = EDGE_CURVE('',#1613,#4310,#4317,.T.);
#4317 = B_SPLINE_CURVE_WITH_KNOTS('',1,(#4318,#4319),.UNSPECIFIED.,.F.,
  .F.,(2,2),(0.,0.8),.PIECEWISE_BEZIER_KNOTS.);
#4318 = CARTESIAN_POINT('',(-2.7,24.312611920646,18.875842696629));
#4319 = CARTESIAN_POINT('',(-3.5,24.312611920646,18.875842696629));
#4320 = B_SPLINE_SURFACE_WITH_KNOTS('',1,1,(
    (#4321,#4322)
    ,(#4323,#4324
    )),.UNSPECIFIED.,.F.,.F.,.F.,(2,2),(2,2),(0.,0.876931179775),(-0.8,
    0.),.PIECEWISE_BEZIER_KNOTS.);
#4321 = CARTESIAN_POINT('',(-3.5,23.435680740871,18.875842696629));
#4322 = CARTESIAN_POINT('',(-2.7,23.435680740871,18.875842696629));
#4323 = CARTESIAN_POINT('',(-3.5,24.312611920646,18.875842696629));
#4324 = CARTESIAN_POINT('',(-2.7,24.312611920646,18.875842696629));
#4325 = ADVANCED_FACE('',(#4326),#4336,.T.);
#4326 = FACE_BOUND('',#4327,.T.);
#4327 = EDGE_LOOP('',(#4328,#4329,#4330,#4335));
#4328 = ORIENTED_EDGE('',*,*,#1612,.T.);
#4329 = ORIENTED_EDGE('',*,*,#4316,.T.);
#4330 = ORIENTED_EDGE('',*,*,#4331,.T.);
#4331 = EDGE_CURVE('',#4310,#3921,#4332,.T.);
#4332 = B_SPLINE_CURVE_WITH_KNOTS('',1,(#4333,#4334),.UNSPECIFIED.,.F.,
  .F.,(2,2),(0.,4.348314606742),.PIECEWISE_BEZIER_KNOTS.);
#4333 = CARTESIAN_POINT('',(-3.5,24.312611920646,18.875842696629));
#4334 = CARTESIAN_POINT('',(-3.5,24.312611920646,23.224157303371));
#4335 = ORIENTED_EDGE('',*,*,#3920,.F.);
#4336 = B_SPLINE_SURFACE_WITH_KNOTS('',1,1,(
    (#4337,#4338)
    ,(#4339,#4340
    )),.UNSPECIFIED.,.F.,.F.,.F.,(2,2),(2,2),(0.,4.348314606742),(-0.8,
    0.),.PIECEWISE_BEZIER_KNOTS.);
#4337 = CARTESIAN_POINT('',(-3.5,24.312611920646,18.875842696629));
#4338 = CARTESIAN_POINT('',(-2.7,24.312611920646,18.875842696629));
#4339 = CARTESIAN_POINT('',(-3.5,24.312611920646,23.224157303371));
#4340 = CARTESIAN_POINT('',(-2.7,24.312611920646,23.224157303371));
#4341 = ADVANCED_FACE('',(#4342),#4354,.T.);
#4342 = FACE_BOUND('',#4343,.F.);
#4343 = EDGE_LOOP('',(#4344,#4345,#4346,#4347));
#4344 = ORIENTED_EDGE('',*,*,#3283,.F.);
#4345 = ORIENTED_EDGE('',*,*,#1808,.T.);
#4346 = ORIENTED_EDGE('',*,*,#2087,.T.);
#4347 = ORIENTED_EDGE('',*,*,#4348,.F.);
#4348 = EDGE_CURVE('',#3276,#2088,#4349,.T.);
#4349 = CIRCLE('',#4350,3.);
#4350 = AXIS2_PLACEMENT_3D('',#4351,#4352,#4353);
#4351 = CARTESIAN_POINT('',(2.1,34.09,28.5));
#4352 = DIRECTION('',(0.,0.,-1.));
#4353 = DIRECTION('',(-1.,0.,0.));
#4354 = TOROIDAL_SURFACE('',#4355,3.,2.);
#4355 = AXIS2_PLACEMENT_3D('',#4356,#4357,#4358);
#4356 = CARTESIAN_POINT('',(2.1,34.09,26.5));
#4357 = DIRECTION('',(0.,0.,1.));
#4358 = DIRECTION('',(-1.,0.,0.));
#4359 = ADVANCED_FACE('',(#4360,#4363),#4374,.F.);
#4360 = FACE_BOUND('',#4361,.F.);
#4361 = EDGE_LOOP('',(#4362));
#4362 = ORIENTED_EDGE('',*,*,#1866,.T.);
#4363 = FACE_BOUND('',#4364,.F.);
#4364 = EDGE_LOOP('',(#4365));
#4365 = ORIENTED_EDGE('',*,*,#4366,.F.);
#4366 = EDGE_CURVE('',#4367,#4367,#4369,.T.);
#4367 = VERTEX_POINT('',#4368);
#4368 = CARTESIAN_POINT('',(63.03,2.68,6.2));
#4369 = CIRCLE('',#4370,2.5);
#4370 = AXIS2_PLACEMENT_3D('',#4371,#4372,#4373);
#4371 = CARTESIAN_POINT('',(60.53,2.68,6.2));
#4372 = DIRECTION('',(0.,0.,1.));
#4373 = DIRECTION('',(1.,0.,0.));
#4374 = PLANE('',#4375);
#4375 = AXIS2_PLACEMENT_3D('',#4376,#4377,#4378);
#4376 = CARTESIAN_POINT('',(60.53,2.68,6.2));
#4377 = DIRECTION('',(0.,0.,1.));
#4378 = DIRECTION('',(1.,0.,0.));
#4379 = ADVANCED_FACE('',(#4380,#4384),#4395,.F.);
#4380 = FACE_BOUND('',#4381,.F.);
#4381 = EDGE_LOOP('',(#4382,#4383));
#4382 = ORIENTED_EDGE('',*,*,#1964,.T.);
#4383 = ORIENTED_EDGE('',*,*,#1995,.T.);
#4384 = FACE_BOUND('',#4385,.F.);
#4385 = EDGE_LOOP('',(#4386));
#4386 = ORIENTED_EDGE('',*,*,#4387,.F.);
#4387 = EDGE_CURVE('',#4388,#4388,#4390,.T.);
#4388 = VERTEX_POINT('',#4389);
#4389 = CARTESIAN_POINT('',(5.12,2.52,6.2));
#4390 = CIRCLE('',#4391,2.5);
#4391 = AXIS2_PLACEMENT_3D('',#4392,#4393,#4394);
#4392 = CARTESIAN_POINT('',(2.62,2.52,6.2));
#4393 = DIRECTION('',(0.,0.,1.));
#4394 = DIRECTION('',(1.,0.,0.));
#4395 = PLANE('',#4396);
#4396 = AXIS2_PLACEMENT_3D('',#4397,#4398,#4399);
#4397 = CARTESIAN_POINT('',(2.62,2.52,6.2));
#4398 = DIRECTION('',(0.,0.,1.));
#4399 = DIRECTION('',(1.,0.,0.));
#4400 = ADVANCED_FACE('',(#4401,#4404),#4449,.F.);
#4401 = FACE_BOUND('',#4402,.F.);
#4402 = EDGE_LOOP('',(#4403));
#4403 = ORIENTED_EDGE('',*,*,#2071,.T.);
#4404 = FACE_BOUND('',#4405,.F.);
#4405 = EDGE_LOOP('',(#4406,#4417,#4425,#4434,#4442));
#4406 = ORIENTED_EDGE('',*,*,#4407,.F.);
#4407 = EDGE_CURVE('',#4408,#4410,#4412,.T.);
#4408 = VERTEX_POINT('',#4409);
#4409 = CARTESIAN_POINT('',(46.402119889278,24.313941090878,7.5));
#4410 = VERTEX_POINT('',#4411);
#4411 = CARTESIAN_POINT('',(50.95,22.88,7.5));
#4412 = CIRCLE('',#4413,2.5);
#4413 = AXIS2_PLACEMENT_3D('',#4414,#4415,#4416);
#4414 = CARTESIAN_POINT('',(48.45,22.88,7.5));
#4415 = DIRECTION('',(0.,0.,1.));
#4416 = DIRECTION('',(1.,0.,0.));
#4417 = ORIENTED_EDGE('',*,*,#4418,.T.);
#4418 = EDGE_CURVE('',#4408,#4419,#4421,.T.);
#4419 = VERTEX_POINT('',#4420);
#4420 = CARTESIAN_POINT('',(47.139356729138,23.797722298162,7.5));
#4421 = LINE('',#4422,#4423);
#4422 = CARTESIAN_POINT('',(45.992543867133,24.600729309053,7.5));
#4423 = VECTOR('',#4424,1.);
#4424 = DIRECTION('',(0.819152044289,-0.573576436351,0.));
#4425 = ORIENTED_EDGE('',*,*,#4426,.F.);
#4426 = EDGE_CURVE('',#4427,#4419,#4429,.T.);
#4427 = VERTEX_POINT('',#4428);
#4428 = CARTESIAN_POINT('',(48.45,24.48,7.5));
#4429 = CIRCLE('',#4430,1.6);
#4430 = AXIS2_PLACEMENT_3D('',#4431,#4432,#4433);
#4431 = CARTESIAN_POINT('',(48.45,22.88,7.5));
#4432 = DIRECTION('',(0.,0.,1.));
#4433 = DIRECTION('',(1.,0.,0.));
#4434 = ORIENTED_EDGE('',*,*,#4435,.T.);
#4435 = EDGE_CURVE('',#4427,#4436,#4438,.T.);
#4436 = VERTEX_POINT('',#4437);
#4437 = CARTESIAN_POINT('',(48.45,25.38,7.5));
#4438 = LINE('',#4439,#4440);
#4439 = CARTESIAN_POINT('',(48.45,22.88,7.5));
#4440 = VECTOR('',#4441,1.);
#4441 = DIRECTION('',(0.,1.,0.));
#4442 = ORIENTED_EDGE('',*,*,#4443,.F.);
#4443 = EDGE_CURVE('',#4410,#4436,#4444,.T.);
#4444 = CIRCLE('',#4445,2.5);
#4445 = AXIS2_PLACEMENT_3D('',#4446,#4447,#4448);
#4446 = CARTESIAN_POINT('',(48.45,22.88,7.5));
#4447 = DIRECTION('',(0.,0.,1.));
#4448 = DIRECTION('',(1.,0.,0.));
#4449 = PLANE('',#4450);
#4450 = AXIS2_PLACEMENT_3D('',#4451,#4452,#4453);
#4451 = CARTESIAN_POINT('',(48.45,22.88,7.5));
#4452 = DIRECTION('',(0.,0.,1.));
#4453 = DIRECTION('',(1.,0.,0.));
#4454 = ADVANCED_FACE('',(#4455),#4486,.T.);
#4455 = FACE_BOUND('',#4456,.T.);
#4456 = EDGE_LOOP('',(#4457,#4458,#4467,#4475,#4482,#4483,#4484,#4485));
#4457 = ORIENTED_EDGE('',*,*,#3275,.F.);
#4458 = ORIENTED_EDGE('',*,*,#4459,.F.);
#4459 = EDGE_CURVE('',#4460,#3267,#4462,.T.);
#4460 = VERTEX_POINT('',#4461);
#4461 = CARTESIAN_POINT('',(2.1,-0.9,28.5));
#4462 = CIRCLE('',#4463,3.);
#4463 = AXIS2_PLACEMENT_3D('',#4464,#4465,#4466);
#4464 = CARTESIAN_POINT('',(2.1,2.1,28.5));
#4465 = DIRECTION('',(-0.,0.,-1.));
#4466 = DIRECTION('',(-2.7E-16,-1.,0.));
#4467 = ORIENTED_EDGE('',*,*,#4468,.F.);
#4468 = EDGE_CURVE('',#4469,#4460,#4471,.T.);
#4469 = VERTEX_POINT('',#4470);
#4470 = CARTESIAN_POINT('',(61.,-0.9,28.5));
#4471 = LINE('',#4472,#4473);
#4472 = CARTESIAN_POINT('',(61.,-0.9,28.5));
#4473 = VECTOR('',#4474,1.);
#4474 = DIRECTION('',(-1.,0.,0.));
#4475 = ORIENTED_EDGE('',*,*,#4476,.F.);
#4476 = EDGE_CURVE('',#2232,#4469,#4477,.T.);
#4477 = CIRCLE('',#4478,3.);
#4478 = AXIS2_PLACEMENT_3D('',#4479,#4480,#4481);
#4479 = CARTESIAN_POINT('',(61.,2.1,28.5));
#4480 = DIRECTION('',(0.,0.,-1.));
#4481 = DIRECTION('',(1.,0.,0.));
#4482 = ORIENTED_EDGE('',*,*,#2231,.F.);
#4483 = ORIENTED_EDGE('',*,*,#2131,.F.);
#4484 = ORIENTED_EDGE('',*,*,#2096,.F.);
#4485 = ORIENTED_EDGE('',*,*,#4348,.F.);
#4486 = PLANE('',#4487);
#4487 = AXIS2_PLACEMENT_3D('',#4488,#4489,#4490);
#4488 = CARTESIAN_POINT('',(-2.9,-2.9,28.5));
#4489 = DIRECTION('',(0.,0.,1.));
#4490 = DIRECTION('',(1.,0.,0.));
#4491 = ADVANCED_FACE('',(#4492),#4504,.T.);
#4492 = FACE_BOUND('',#4493,.F.);
#4493 = EDGE_LOOP('',(#4494,#4495,#4496,#4503));
#4494 = ORIENTED_EDGE('',*,*,#2239,.F.);
#4495 = ORIENTED_EDGE('',*,*,#2164,.T.);
#4496 = ORIENTED_EDGE('',*,*,#4497,.T.);
#4497 = EDGE_CURVE('',#2157,#4469,#4498,.T.);
#4498 = CIRCLE('',#4499,2.);
#4499 = AXIS2_PLACEMENT_3D('',#4500,#4501,#4502);
#4500 = CARTESIAN_POINT('',(61.,-0.9,26.5));
#4501 = DIRECTION('',(-1.,-6.E-17,0.));
#4502 = DIRECTION('',(6.E-17,-1.,0.));
#4503 = ORIENTED_EDGE('',*,*,#4476,.F.);
#4504 = TOROIDAL_SURFACE('',#4505,3.,2.);
#4505 = AXIS2_PLACEMENT_3D('',#4506,#4507,#4508);
#4506 = CARTESIAN_POINT('',(61.,2.1,26.5));
#4507 = DIRECTION('',(0.,0.,1.));
#4508 = DIRECTION('',(1.,0.,0.));
#4509 = ADVANCED_FACE('',(#4510),#4521,.F.);
#4510 = FACE_BOUND('',#4511,.F.);
#4511 = EDGE_LOOP('',(#4512,#4513,#4514,#4520));
#4512 = ORIENTED_EDGE('',*,*,#2206,.F.);
#4513 = ORIENTED_EDGE('',*,*,#3243,.T.);
#4514 = ORIENTED_EDGE('',*,*,#4515,.F.);
#4515 = EDGE_CURVE('',#2157,#3244,#4516,.T.);
#4516 = LINE('',#4517,#4518);
#4517 = CARTESIAN_POINT('',(61.,-2.9,26.5));
#4518 = VECTOR('',#4519,1.);
#4519 = DIRECTION('',(-1.,0.,0.));
#4520 = ORIENTED_EDGE('',*,*,#2156,.F.);
#4521 = PLANE('',#4522);
#4522 = AXIS2_PLACEMENT_3D('',#4523,#4524,#4525);
#4523 = CARTESIAN_POINT('',(-2.9,-2.9,-2.5));
#4524 = DIRECTION('',(0.,1.,0.));
#4525 = DIRECTION('',(0.,0.,1.));
#4526 = ADVANCED_FACE('',(#4527),#4549,.T.);
#4527 = FACE_BOUND('',#4528,.F.);
#4528 = EDGE_LOOP('',(#4529,#4530,#4531,#4532,#4533,#4534,#4535,#4536,
    #4537,#4538,#4539,#4540,#4541,#4542,#4543,#4544,#4545,#4546,#4547,
    #4548));
#4529 = ORIENTED_EDGE('',*,*,#2292,.T.);
#4530 = ORIENTED_EDGE('',*,*,#2752,.T.);
#4531 = ORIENTED_EDGE('',*,*,#2733,.T.);
#4532 = ORIENTED_EDGE('',*,*,#2708,.T.);
#4533 = ORIENTED_EDGE('',*,*,#2683,.T.);
#4534 = ORIENTED_EDGE('',*,*,#2658,.T.);
#4535 = ORIENTED_EDGE('',*,*,#2633,.T.);
#4536 = ORIENTED_EDGE('',*,*,#2608,.T.);
#4537 = ORIENTED_EDGE('',*,*,#2586,.T.);
#4538 = ORIENTED_EDGE('',*,*,#2564,.T.);
#4539 = ORIENTED_EDGE('',*,*,#2542,.T.);
#4540 = ORIENTED_EDGE('',*,*,#2517,.T.);
#4541 = ORIENTED_EDGE('',*,*,#2492,.T.);
#4542 = ORIENTED_EDGE('',*,*,#2467,.T.);
#4543 = ORIENTED_EDGE('',*,*,#2442,.T.);
#4544 = ORIENTED_EDGE('',*,*,#2417,.T.);
#4545 = ORIENTED_EDGE('',*,*,#2392,.T.);
#4546 = ORIENTED_EDGE('',*,*,#2367,.T.);
#4547 = ORIENTED_EDGE('',*,*,#2342,.T.);
#4548 = ORIENTED_EDGE('',*,*,#2320,.T.);
#4549 = B_SPLINE_SURFACE_WITH_KNOTS('',1,1,(
    (#4550,#4551)
    ,(#4552,#4553
    )),.UNSPECIFIED.,.F.,.F.,.F.,(2,2),(2,2),(-1.734771520894,
    1.728514118151),(-2.239210118484,2.184947184887),
  .PIECEWISE_BEZIER_KNOTS.);
#4550 = CARTESIAN_POINT('',(66.6,25.502097963483,18.8));
#4551 = CARTESIAN_POINT('',(66.6,25.502097963483,23.224157303371));
#4552 = CARTESIAN_POINT('',(66.6,28.965383602528,18.8));
#4553 = CARTESIAN_POINT('',(66.6,28.965383602528,23.224157303371));
#4554 = ADVANCED_FACE('',(#4555),#4565,.T.);
#4555 = FACE_BOUND('',#4556,.F.);
#4556 = EDGE_LOOP('',(#4557,#4558,#4559,#4560,#4561,#4562,#4563,#4564));
#4557 = ORIENTED_EDGE('',*,*,#2774,.T.);
#4558 = ORIENTED_EDGE('',*,*,#2928,.T.);
#4559 = ORIENTED_EDGE('',*,*,#2912,.T.);
#4560 = ORIENTED_EDGE('',*,*,#2890,.T.);
#4561 = ORIENTED_EDGE('',*,*,#2868,.T.);
#4562 = ORIENTED_EDGE('',*,*,#2846,.T.);
#4563 = ORIENTED_EDGE('',*,*,#2824,.T.);
#4564 = ORIENTED_EDGE('',*,*,#2802,.T.);
#4565 = B_SPLINE_SURFACE_WITH_KNOTS('',1,1,(
    (#4566,#4567)
    ,(#4568,#4569
    )),.UNSPECIFIED.,.F.,.F.,.F.,(2,2),(2,2),(-1.726404189691,
    1.725031028006),(-2.770796055366,1.577518551375),
  .PIECEWISE_BEZIER_KNOTS.);
#4566 = CARTESIAN_POINT('',(66.6,29.58318556882,18.875842696629));
#4567 = CARTESIAN_POINT('',(66.6,29.58318556882,23.224157303371));
#4568 = CARTESIAN_POINT('',(66.6,33.034620786517,18.875842696629));
#4569 = CARTESIAN_POINT('',(66.6,33.034620786517,23.224157303371));
#4570 = ADVANCED_FACE('',(#4571,#4583),#4649,.T.);
#4571 = FACE_BOUND('',#4572,.F.);
#4572 = EDGE_LOOP('',(#4573,#4574,#4575,#4576,#4577,#4578,#4579,#4580,
    #4581,#4582));
#4573 = ORIENTED_EDGE('',*,*,#2950,.T.);
#4574 = ORIENTED_EDGE('',*,*,#3175,.T.);
#4575 = ORIENTED_EDGE('',*,*,#3156,.T.);
#4576 = ORIENTED_EDGE('',*,*,#3131,.T.);
#4577 = ORIENTED_EDGE('',*,*,#3106,.T.);
#4578 = ORIENTED_EDGE('',*,*,#3081,.T.);
#4579 = ORIENTED_EDGE('',*,*,#3056,.T.);
#4580 = ORIENTED_EDGE('',*,*,#3031,.T.);
#4581 = ORIENTED_EDGE('',*,*,#3006,.T.);
#4582 = ORIENTED_EDGE('',*,*,#2981,.T.);
#4583 = FACE_BOUND('',#4584,.F.);
#4584 = EDGE_LOOP('',(#4585,#4595,#4603,#4611,#4619,#4627,#4635,#4643));
#4585 = ORIENTED_EDGE('',*,*,#4586,.T.);
#4586 = EDGE_CURVE('',#4587,#4589,#4591,.T.);
#4587 = VERTEX_POINT('',#4588);
#4588 = CARTESIAN_POINT('',(66.6,21.518973841292,21.052962605337));
#4589 = VERTEX_POINT('',#4590);
#4590 = CARTESIAN_POINT('',(66.6,21.859673455056,19.928555126404));
#4591 = B_SPLINE_CURVE_WITH_KNOTS('',2,(#4592,#4593,#4594),
  .UNSPECIFIED.,.F.,.F.,(3,3),(0.,1.),.PIECEWISE_BEZIER_KNOTS.);
#4592 = CARTESIAN_POINT('',(66.6,21.518973841292,21.052962605337));
#4593 = CARTESIAN_POINT('',(66.6,21.518973841292,20.311323735955));
#4594 = CARTESIAN_POINT('',(66.6,21.859673455056,19.928555126404));
#4595 = ORIENTED_EDGE('',*,*,#4596,.T.);
#4596 = EDGE_CURVE('',#4589,#4597,#4599,.T.);
#4597 = VERTEX_POINT('',#4598);
#4598 = CARTESIAN_POINT('',(66.6,22.724754213483,19.545786516854));
#4599 = B_SPLINE_CURVE_WITH_KNOTS('',2,(#4600,#4601,#4602),
  .UNSPECIFIED.,.F.,.F.,(3,3),(0.,1.),.PIECEWISE_BEZIER_KNOTS.);
#4600 = CARTESIAN_POINT('',(66.6,21.859673455056,19.928555126404));
#4601 = CARTESIAN_POINT('',(66.6,22.20037306882,19.545786516854));
#4602 = CARTESIAN_POINT('',(66.6,22.724754213483,19.545786516854));
#4603 = ORIENTED_EDGE('',*,*,#4604,.T.);
#4604 = EDGE_CURVE('',#4597,#4605,#4607,.T.);
#4605 = VERTEX_POINT('',#4606);
#4606 = CARTESIAN_POINT('',(66.6,23.585292310393,19.925592521067));
#4607 = B_SPLINE_CURVE_WITH_KNOTS('',2,(#4608,#4609,#4610),
  .UNSPECIFIED.,.F.,.F.,(3,3),(0.,1.),.PIECEWISE_BEZIER_KNOTS.);
#4608 = CARTESIAN_POINT('',(66.6,22.724754213483,19.545786516854));
#4609 = CARTESIAN_POINT('',(66.6,23.249135358146,19.545786516854));
#4610 = CARTESIAN_POINT('',(66.6,23.585292310393,19.925592521067));
#4611 = ORIENTED_EDGE('',*,*,#4612,.T.);
#4612 = EDGE_CURVE('',#4605,#4613,#4615,.T.);
#4613 = VERTEX_POINT('',#4614);
#4614 = CARTESIAN_POINT('',(66.6,23.921646769663,21.064813026685));
#4615 = B_SPLINE_CURVE_WITH_KNOTS('',2,(#4616,#4617,#4618),
  .UNSPECIFIED.,.F.,.F.,(3,3),(0.,1.),.PIECEWISE_BEZIER_KNOTS.);
#4616 = CARTESIAN_POINT('',(66.6,23.585292310393,19.925592521067));
#4617 = CARTESIAN_POINT('',(66.6,23.921646769663,20.305398525281));
#4618 = CARTESIAN_POINT('',(66.6,23.921646769663,21.064813026685));
#4619 = ORIENTED_EDGE('',*,*,#4620,.T.);
#4620 = EDGE_CURVE('',#4613,#4621,#4623,.T.);
#4621 = VERTEX_POINT('',#4622);
#4622 = CARTESIAN_POINT('',(66.6,23.594180126404,22.184875351124));
#4623 = B_SPLINE_CURVE_WITH_KNOTS('',2,(#4624,#4625,#4626),
  .UNSPECIFIED.,.F.,.F.,(3,3),(0.,1.),.PIECEWISE_BEZIER_KNOTS.);
#4624 = CARTESIAN_POINT('',(66.6,23.921646769663,21.064813026685));
#4625 = CARTESIAN_POINT('',(66.6,23.921646769663,21.815537219101));
#4626 = CARTESIAN_POINT('',(66.6,23.594180126404,22.184875351124));
#4627 = ORIENTED_EDGE('',*,*,#4628,.T.);
#4628 = EDGE_CURVE('',#4621,#4629,#4631,.T.);
#4629 = VERTEX_POINT('',#4630);
#4630 = CARTESIAN_POINT('',(66.6,22.724754213483,22.554213483146));
#4631 = B_SPLINE_CURVE_WITH_KNOTS('',2,(#4632,#4633,#4634),
  .UNSPECIFIED.,.F.,.F.,(3,3),(0.,1.),.PIECEWISE_BEZIER_KNOTS.);
#4632 = CARTESIAN_POINT('',(66.6,23.594180126404,22.184875351124));
#4633 = CARTESIAN_POINT('',(66.6,23.266910990169,22.554213483146));
#4634 = CARTESIAN_POINT('',(66.6,22.724754213483,22.554213483146));
#4635 = ORIENTED_EDGE('',*,*,#4636,.T.);
#4636 = EDGE_CURVE('',#4629,#4637,#4639,.T.);
#4637 = VERTEX_POINT('',#4638);
#4638 = CARTESIAN_POINT('',(66.6,21.850785639045,22.180332689607));
#4639 = B_SPLINE_CURVE_WITH_KNOTS('',2,(#4640,#4641,#4642),
  .UNSPECIFIED.,.F.,.F.,(3,3),(0.,1.),.PIECEWISE_BEZIER_KNOTS.);
#4640 = CARTESIAN_POINT('',(66.6,22.724754213483,22.554213483146));
#4641 = CARTESIAN_POINT('',(66.6,22.182597436798,22.554213483146));
#4642 = CARTESIAN_POINT('',(66.6,21.850785639045,22.180332689607));
#4643 = ORIENTED_EDGE('',*,*,#4644,.T.);
#4644 = EDGE_CURVE('',#4637,#4587,#4645,.T.);
#4645 = B_SPLINE_CURVE_WITH_KNOTS('',2,(#4646,#4647,#4648),
  .UNSPECIFIED.,.F.,.F.,(3,3),(0.,1.),.PIECEWISE_BEZIER_KNOTS.);
#4646 = CARTESIAN_POINT('',(66.6,21.850785639045,22.180332689607));
#4647 = CARTESIAN_POINT('',(66.6,21.518973841292,21.80664940309));
#4648 = CARTESIAN_POINT('',(66.6,21.518973841292,21.052962605337));
#4649 = B_SPLINE_SURFACE_WITH_KNOTS('',1,1,(
    (#4650,#4651)
    ,(#4652,#4653
    )),.UNSPECIFIED.,.F.,.F.,.F.,(2,2),(2,2),(-2.102418333229,
    2.110406456096),(-2.254663080081,2.245336919919),
  .PIECEWISE_BEZIER_KNOTS.);
#4650 = CARTESIAN_POINT('',(66.6,20.615379213483,18.8));
#4651 = CARTESIAN_POINT('',(66.6,20.615379213483,23.3));
#4652 = CARTESIAN_POINT('',(66.6,24.828204002809,18.8));
#4653 = CARTESIAN_POINT('',(66.6,24.828204002809,23.3));
#4654 = ADVANCED_FACE('',(#4655),#4674,.T.);
#4655 = FACE_BOUND('',#4656,.T.);
#4656 = EDGE_LOOP('',(#4657,#4658,#4666,#4673));
#4657 = ORIENTED_EDGE('',*,*,#3195,.F.);
#4658 = ORIENTED_EDGE('',*,*,#4659,.F.);
#4659 = EDGE_CURVE('',#4660,#3196,#4662,.T.);
#4660 = VERTEX_POINT('',#4661);
#4661 = CARTESIAN_POINT('',(14.52,33.63,5.6));
#4662 = LINE('',#4663,#4664);
#4663 = CARTESIAN_POINT('',(14.52,33.63,5.6));
#4664 = VECTOR('',#4665,1.);
#4665 = DIRECTION('',(0.,0.,1.));
#4666 = ORIENTED_EDGE('',*,*,#4667,.T.);
#4667 = EDGE_CURVE('',#4660,#4660,#4668,.T.);
#4668 = CIRCLE('',#4669,2.5);
#4669 = AXIS2_PLACEMENT_3D('',#4670,#4671,#4672);
#4670 = CARTESIAN_POINT('',(12.02,33.63,5.6));
#4671 = DIRECTION('',(0.,0.,1.));
#4672 = DIRECTION('',(1.,0.,0.));
#4673 = ORIENTED_EDGE('',*,*,#4659,.T.);
#4674 = CYLINDRICAL_SURFACE('',#4675,2.5);
#4675 = AXIS2_PLACEMENT_3D('',#4676,#4677,#4678);
#4676 = CARTESIAN_POINT('',(12.02,33.63,5.6));
#4677 = DIRECTION('',(0.,0.,1.));
#4678 = DIRECTION('',(1.,0.,0.));
#4679 = ADVANCED_FACE('',(#4680),#4692,.T.);
#4680 = FACE_BOUND('',#4681,.F.);
#4681 = EDGE_LOOP('',(#4682,#4689,#4690,#4691));
#4682 = ORIENTED_EDGE('',*,*,#4683,.F.);
#4683 = EDGE_CURVE('',#3244,#4460,#4684,.T.);
#4684 = CIRCLE('',#4685,2.);
#4685 = AXIS2_PLACEMENT_3D('',#4686,#4687,#4688);
#4686 = CARTESIAN_POINT('',(2.1,-0.9,26.5));
#4687 = DIRECTION('',(-1.,0.,0.));
#4688 = DIRECTION('',(0.,-1.,0.));
#4689 = ORIENTED_EDGE('',*,*,#3251,.T.);
#4690 = ORIENTED_EDGE('',*,*,#3266,.T.);
#4691 = ORIENTED_EDGE('',*,*,#4459,.F.);
#4692 = TOROIDAL_SURFACE('',#4693,3.,2.);
#4693 = AXIS2_PLACEMENT_3D('',#4694,#4695,#4696);
#4694 = CARTESIAN_POINT('',(2.1,2.1,26.5));
#4695 = DIRECTION('',(0.,0.,1.));
#4696 = DIRECTION('',(-2.7E-16,-1.,0.));
#4697 = ADVANCED_FACE('',(#4698),#4718,.T.);
#4698 = FACE_BOUND('',#4699,.F.);
#4699 = EDGE_LOOP('',(#4700,#4701,#4702,#4703,#4704,#4705,#4706,#4707,
    #4708,#4709,#4710,#4711,#4712,#4713,#4714,#4715,#4716,#4717));
#4700 = ORIENTED_EDGE('',*,*,#3729,.T.);
#4701 = ORIENTED_EDGE('',*,*,#3307,.T.);
#4702 = ORIENTED_EDGE('',*,*,#3332,.T.);
#4703 = ORIENTED_EDGE('',*,*,#3357,.T.);
#4704 = ORIENTED_EDGE('',*,*,#3382,.T.);
#4705 = ORIENTED_EDGE('',*,*,#3407,.T.);
#4706 = ORIENTED_EDGE('',*,*,#3432,.T.);
#4707 = ORIENTED_EDGE('',*,*,#3457,.T.);
#4708 = ORIENTED_EDGE('',*,*,#3482,.T.);
#4709 = ORIENTED_EDGE('',*,*,#3507,.T.);
#4710 = ORIENTED_EDGE('',*,*,#3529,.T.);
#4711 = ORIENTED_EDGE('',*,*,#3554,.T.);
#4712 = ORIENTED_EDGE('',*,*,#3579,.T.);
#4713 = ORIENTED_EDGE('',*,*,#3604,.T.);
#4714 = ORIENTED_EDGE('',*,*,#3629,.T.);
#4715 = ORIENTED_EDGE('',*,*,#3654,.T.);
#4716 = ORIENTED_EDGE('',*,*,#3679,.T.);
#4717 = ORIENTED_EDGE('',*,*,#3704,.T.);
#4718 = B_SPLINE_SURFACE_WITH_KNOTS('',1,1,(
    (#4719,#4720)
    ,(#4721,#4722
    )),.UNSPECIFIED.,.F.,.F.,.F.,(2,2),(2,2),(-1.84933957575,
    1.933907439699),(-2.249412065972,2.250587934028),
  .PIECEWISE_BEZIER_KNOTS.);
#4719 = CARTESIAN_POINT('',(-3.5,33.242101913624,18.8));
#4720 = CARTESIAN_POINT('',(-3.5,33.242101913624,23.3));
#4721 = CARTESIAN_POINT('',(-3.5,29.458854898174,18.8));
#4722 = CARTESIAN_POINT('',(-3.5,29.458854898174,23.3));
#4723 = ADVANCED_FACE('',(#4724,#4734),#4757,.T.);
#4724 = FACE_BOUND('',#4725,.F.);
#4725 = EDGE_LOOP('',(#4726,#4727,#4728,#4729,#4730,#4731,#4732,#4733));
#4726 = ORIENTED_EDGE('',*,*,#3905,.T.);
#4727 = ORIENTED_EDGE('',*,*,#3751,.T.);
#4728 = ORIENTED_EDGE('',*,*,#3773,.T.);
#4729 = ORIENTED_EDGE('',*,*,#3795,.T.);
#4730 = ORIENTED_EDGE('',*,*,#3817,.T.);
#4731 = ORIENTED_EDGE('',*,*,#3839,.T.);
#4732 = ORIENTED_EDGE('',*,*,#3861,.T.);
#4733 = ORIENTED_EDGE('',*,*,#3883,.T.);
#4734 = FACE_BOUND('',#4735,.F.);
#4735 = EDGE_LOOP('',(#4736,#4745,#4752));
#4736 = ORIENTED_EDGE('',*,*,#4737,.T.);
#4737 = EDGE_CURVE('',#4738,#4740,#4742,.T.);
#4738 = VERTEX_POINT('',#4739);
#4739 = CARTESIAN_POINT('',(-3.5,26.399866134129,20.594943820225));
#4740 = VERTEX_POINT('',#4741);
#4741 = CARTESIAN_POINT('',(-3.5,26.998312412219,22.212921348315));
#4742 = B_SPLINE_CURVE_WITH_KNOTS('',1,(#4743,#4744),.UNSPECIFIED.,.F.,
  .F.,(2,2),(0.,1.72510557044),.PIECEWISE_BEZIER_KNOTS.);
#4743 = CARTESIAN_POINT('',(-3.5,26.399866134129,20.594943820225));
#4744 = CARTESIAN_POINT('',(-3.5,26.998312412219,22.212921348315));
#4745 = ORIENTED_EDGE('',*,*,#4746,.T.);
#4746 = EDGE_CURVE('',#4740,#4747,#4749,.T.);
#4747 = VERTEX_POINT('',#4748);
#4748 = CARTESIAN_POINT('',(-3.5,27.584908268961,20.594943820225));
#4749 = B_SPLINE_CURVE_WITH_KNOTS('',1,(#4750,#4751),.UNSPECIFIED.,.F.,
  .F.,(2,2),(0.,1.721030499599),.PIECEWISE_BEZIER_KNOTS.);
#4750 = CARTESIAN_POINT('',(-3.5,26.998312412219,22.212921348315));
#4751 = CARTESIAN_POINT('',(-3.5,27.584908268961,20.594943820225));
#4752 = ORIENTED_EDGE('',*,*,#4753,.T.);
#4753 = EDGE_CURVE('',#4747,#4738,#4754,.T.);
#4754 = B_SPLINE_CURVE_WITH_KNOTS('',1,(#4755,#4756),.UNSPECIFIED.,.F.,
  .F.,(2,2),(0.,1.185042134831),.PIECEWISE_BEZIER_KNOTS.);
#4755 = CARTESIAN_POINT('',(-3.5,27.584908268961,20.594943820225));
#4756 = CARTESIAN_POINT('',(-3.5,26.399866134129,20.594943820225));
#4757 = B_SPLINE_SURFACE_WITH_KNOTS('',1,1,(
    (#4758,#4759)
    ,(#4760,#4761
    )),.UNSPECIFIED.,.F.,.F.,.F.,(2,2),(2,2),(-2.165105617533,
    2.192886833309),(-1.834774692573,2.513539914168),
  .PIECEWISE_BEZIER_KNOTS.);
#4758 = CARTESIAN_POINT('',(-3.5,29.143238676264,18.875842696629));
#4759 = CARTESIAN_POINT('',(-3.5,29.143238676264,23.224157303371));
#4760 = CARTESIAN_POINT('',(-3.5,24.785246225421,18.875842696629));
#4761 = CARTESIAN_POINT('',(-3.5,24.785246225421,23.224157303371));
#4762 = ADVANCED_FACE('',(#4763,#4783),#4854,.T.);
#4763 = FACE_BOUND('',#4764,.F.);
#4764 = EDGE_LOOP('',(#4765,#4766,#4767,#4768,#4769,#4770,#4771,#4772,
    #4773,#4774,#4775,#4776,#4777,#4778,#4779,#4780,#4781,#4782));
#4765 = ORIENTED_EDGE('',*,*,#4331,.T.);
#4766 = ORIENTED_EDGE('',*,*,#3927,.T.);
#4767 = ORIENTED_EDGE('',*,*,#3949,.T.);
#4768 = ORIENTED_EDGE('',*,*,#3974,.T.);
#4769 = ORIENTED_EDGE('',*,*,#3999,.T.);
#4770 = ORIENTED_EDGE('',*,*,#4024,.T.);
#4771 = ORIENTED_EDGE('',*,*,#4049,.T.);
#4772 = ORIENTED_EDGE('',*,*,#4074,.T.);
#4773 = ORIENTED_EDGE('',*,*,#4099,.T.);
#4774 = ORIENTED_EDGE('',*,*,#4124,.T.);
#4775 = ORIENTED_EDGE('',*,*,#4146,.T.);
#4776 = ORIENTED_EDGE('',*,*,#4168,.T.);
#4777 = ORIENTED_EDGE('',*,*,#4190,.T.);
#4778 = ORIENTED_EDGE('',*,*,#4215,.T.);
#4779 = ORIENTED_EDGE('',*,*,#4240,.T.);
#4780 = ORIENTED_EDGE('',*,*,#4265,.T.);
#4781 = ORIENTED_EDGE('',*,*,#4287,.T.);
#4782 = ORIENTED_EDGE('',*,*,#4309,.T.);
#4783 = FACE_BOUND('',#4784,.F.);
#4784 = EDGE_LOOP('',(#4785,#4794,#4802,#4810,#4818,#4826,#4834,#4842,
    #4849));
#4785 = ORIENTED_EDGE('',*,*,#4786,.T.);
#4786 = EDGE_CURVE('',#4787,#4789,#4791,.T.);
#4787 = VERTEX_POINT('',#4788);
#4788 = CARTESIAN_POINT('',(-3.5,23.435680740871,21.391292134831));
#4789 = VERTEX_POINT('',#4790);
#4790 = CARTESIAN_POINT('',(-3.5,22.786870172051,21.391292134831));
#4791 = B_SPLINE_CURVE_WITH_KNOTS('',1,(#4792,#4793),.UNSPECIFIED.,.F.,
  .F.,(2,2),(0.,0.64881056882),.PIECEWISE_BEZIER_KNOTS.);
#4792 = CARTESIAN_POINT('',(-3.5,23.435680740871,21.391292134831));
#4793 = CARTESIAN_POINT('',(-3.5,22.786870172051,21.391292134831));
#4794 = ORIENTED_EDGE('',*,*,#4795,.T.);
#4795 = EDGE_CURVE('',#4789,#4796,#4798,.T.);
#4796 = VERTEX_POINT('',#4797);
#4797 = CARTESIAN_POINT('',(-3.5,21.998817152388,21.444421523876));
#4798 = B_SPLINE_CURVE_WITH_KNOTS('',2,(#4799,#4800,#4801),
  .UNSPECIFIED.,.F.,.F.,(3,3),(0.,1.),.PIECEWISE_BEZIER_KNOTS.);
#4799 = CARTESIAN_POINT('',(-3.5,22.786870172051,21.391292134831));
#4800 = CARTESIAN_POINT('',(-3.5,22.155835235253,21.391292134831));
#4801 = CARTESIAN_POINT('',(-3.5,21.998817152388,21.444421523876));
#4802 = ORIENTED_EDGE('',*,*,#4803,.T.);
#4803 = EDGE_CURVE('',#4796,#4804,#4806,.T.);
#4804 = VERTEX_POINT('',#4805);
#4805 = CARTESIAN_POINT('',(-3.5,21.75292090941,21.62770804073));
#4806 = B_SPLINE_CURVE_WITH_KNOTS('',2,(#4807,#4808,#4809),
  .UNSPECIFIED.,.F.,.F.,(3,3),(0.,1.),.PIECEWISE_BEZIER_KNOTS.);
#4807 = CARTESIAN_POINT('',(-3.5,21.998817152388,21.444421523876));
#4808 = CARTESIAN_POINT('',(-3.5,21.841799069522,21.497748419944));
#4809 = CARTESIAN_POINT('',(-3.5,21.75292090941,21.62770804073));
#4810 = ORIENTED_EDGE('',*,*,#4811,.T.);
#4811 = EDGE_CURVE('',#4804,#4812,#4814,.T.);
#4812 = VERTEX_POINT('',#4813);
#4813 = CARTESIAN_POINT('',(-3.5,21.664042749298,21.953002106742));
#4814 = B_SPLINE_CURVE_WITH_KNOTS('',2,(#4815,#4816,#4817),
  .UNSPECIFIED.,.F.,.F.,(3,3),(0.,1.),.PIECEWISE_BEZIER_KNOTS.);
#4815 = CARTESIAN_POINT('',(-3.5,21.75292090941,21.62770804073));
#4816 = CARTESIAN_POINT('',(-3.5,21.664042749298,21.757865168539));
#4817 = CARTESIAN_POINT('',(-3.5,21.664042749298,21.953002106742));
#4818 = ORIENTED_EDGE('',*,*,#4819,.T.);
#4819 = EDGE_CURVE('',#4812,#4820,#4822,.T.);
#4820 = VERTEX_POINT('',#4821);
#4821 = CARTESIAN_POINT('',(-3.5,21.781164413624,22.306144662921));
#4822 = B_SPLINE_CURVE_WITH_KNOTS('',2,(#4823,#4824,#4825),
  .UNSPECIFIED.,.F.,.F.,(3,3),(0.,1.),.PIECEWISE_BEZIER_KNOTS.);
#4823 = CARTESIAN_POINT('',(-3.5,21.664042749298,21.953002106742));
#4824 = CARTESIAN_POINT('',(-3.5,21.664042749298,22.171642380618));
#4825 = CARTESIAN_POINT('',(-3.5,21.781164413624,22.306144662921));
#4826 = ORIENTED_EDGE('',*,*,#4827,.T.);
#4827 = EDGE_CURVE('',#4820,#4828,#4830,.T.);
#4828 = VERTEX_POINT('',#4829);
#4829 = CARTESIAN_POINT('',(-3.5,22.111396155197,22.47619820927));
#4830 = B_SPLINE_CURVE_WITH_KNOTS('',2,(#4831,#4832,#4833),
  .UNSPECIFIED.,.F.,.F.,(3,3),(0.,1.),.PIECEWISE_BEZIER_KNOTS.);
#4831 = CARTESIAN_POINT('',(-3.5,21.781164413624,22.306144662921));
#4832 = CARTESIAN_POINT('',(-3.5,21.898088570927,22.440844452247));
#4833 = CARTESIAN_POINT('',(-3.5,22.111396155197,22.47619820927));
#4834 = ORIENTED_EDGE('',*,*,#4835,.T.);
#4835 = EDGE_CURVE('',#4828,#4836,#4838,.T.);
#4836 = VERTEX_POINT('',#4837);
#4837 = CARTESIAN_POINT('',(-3.5,22.751318908006,22.491011235955));
#4838 = B_SPLINE_CURVE_WITH_KNOTS('',2,(#4839,#4840,#4841),
  .UNSPECIFIED.,.F.,.F.,(3,3),(0.,1.),.PIECEWISE_BEZIER_KNOTS.);
#4839 = CARTESIAN_POINT('',(-3.5,22.111396155197,22.47619820927));
#4840 = CARTESIAN_POINT('',(-3.5,22.218049947331,22.491011235955));
#4841 = CARTESIAN_POINT('',(-3.5,22.751318908006,22.491011235955));
#4842 = ORIENTED_EDGE('',*,*,#4843,.T.);
#4843 = EDGE_CURVE('',#4836,#4844,#4846,.T.);
#4844 = VERTEX_POINT('',#4845);
#4845 = CARTESIAN_POINT('',(-3.5,23.435680740871,22.491011235955));
#4846 = B_SPLINE_CURVE_WITH_KNOTS('',1,(#4847,#4848),.UNSPECIFIED.,.F.,
  .F.,(2,2),(0.,0.684361832865),.PIECEWISE_BEZIER_KNOTS.);
#4847 = CARTESIAN_POINT('',(-3.5,22.751318908006,22.491011235955));
#4848 = CARTESIAN_POINT('',(-3.5,23.435680740871,22.491011235955));
#4849 = ORIENTED_EDGE('',*,*,#4850,.T.);
#4850 = EDGE_CURVE('',#4844,#4787,#4851,.T.);
#4851 = B_SPLINE_CURVE_WITH_KNOTS('',1,(#4852,#4853),.UNSPECIFIED.,.F.,
  .F.,(2,2),(0.,1.099719101124),.PIECEWISE_BEZIER_KNOTS.);
#4852 = CARTESIAN_POINT('',(-3.5,23.435680740871,22.491011235955));
#4853 = CARTESIAN_POINT('',(-3.5,23.435680740871,21.391292134831));
#4854 = B_SPLINE_SURFACE_WITH_KNOTS('',1,1,(
    (#4855,#4856)
    ,(#4857,#4858
    )),.UNSPECIFIED.,.F.,.F.,.F.,(2,2),(2,2),(-1.713488226527,
    2.191225607742),(-2.21874285193,2.129571754812),
  .PIECEWISE_BEZIER_KNOTS.);
#4855 = CARTESIAN_POINT('',(-3.5,24.312611920646,18.875842696629));
#4856 = CARTESIAN_POINT('',(-3.5,24.312611920646,23.224157303371));
#4857 = CARTESIAN_POINT('',(-3.5,20.407898086376,18.875842696629));
#4858 = CARTESIAN_POINT('',(-3.5,20.407898086376,23.224157303371));
#4859 = ADVANCED_FACE('',(#4860),#4879,.T.);
#4860 = FACE_BOUND('',#4861,.T.);
#4861 = EDGE_LOOP('',(#4862,#4863,#4871,#4878));
#4862 = ORIENTED_EDGE('',*,*,#4366,.F.);
#4863 = ORIENTED_EDGE('',*,*,#4864,.F.);
#4864 = EDGE_CURVE('',#4865,#4367,#4867,.T.);
#4865 = VERTEX_POINT('',#4866);
#4866 = CARTESIAN_POINT('',(63.03,2.68,5.6));
#4867 = LINE('',#4868,#4869);
#4868 = CARTESIAN_POINT('',(63.03,2.68,5.6));
#4869 = VECTOR('',#4870,1.);
#4870 = DIRECTION('',(0.,0.,1.));
#4871 = ORIENTED_EDGE('',*,*,#4872,.T.);
#4872 = EDGE_CURVE('',#4865,#4865,#4873,.T.);
#4873 = CIRCLE('',#4874,2.5);
#4874 = AXIS2_PLACEMENT_3D('',#4875,#4876,#4877);
#4875 = CARTESIAN_POINT('',(60.53,2.68,5.6));
#4876 = DIRECTION('',(0.,0.,1.));
#4877 = DIRECTION('',(1.,0.,0.));
#4878 = ORIENTED_EDGE('',*,*,#4864,.T.);
#4879 = CYLINDRICAL_SURFACE('',#4880,2.5);
#4880 = AXIS2_PLACEMENT_3D('',#4881,#4882,#4883);
#4881 = CARTESIAN_POINT('',(60.53,2.68,5.6));
#4882 = DIRECTION('',(0.,0.,1.));
#4883 = DIRECTION('',(1.,0.,0.));
#4884 = ADVANCED_FACE('',(#4885),#4904,.T.);
#4885 = FACE_BOUND('',#4886,.T.);
#4886 = EDGE_LOOP('',(#4887,#4888,#4896,#4903));
#4887 = ORIENTED_EDGE('',*,*,#4387,.F.);
#4888 = ORIENTED_EDGE('',*,*,#4889,.F.);
#4889 = EDGE_CURVE('',#4890,#4388,#4892,.T.);
#4890 = VERTEX_POINT('',#4891);
#4891 = CARTESIAN_POINT('',(5.12,2.52,5.6));
#4892 = LINE('',#4893,#4894);
#4893 = CARTESIAN_POINT('',(5.12,2.52,5.6));
#4894 = VECTOR('',#4895,1.);
#4895 = DIRECTION('',(0.,0.,1.));
#4896 = ORIENTED_EDGE('',*,*,#4897,.T.);
#4897 = EDGE_CURVE('',#4890,#4890,#4898,.T.);
#4898 = CIRCLE('',#4899,2.5);
#4899 = AXIS2_PLACEMENT_3D('',#4900,#4901,#4902);
#4900 = CARTESIAN_POINT('',(2.62,2.52,5.6));
#4901 = DIRECTION('',(0.,0.,1.));
#4902 = DIRECTION('',(1.,0.,0.));
#4903 = ORIENTED_EDGE('',*,*,#4889,.T.);
#4904 = CYLINDRICAL_SURFACE('',#4905,2.5);
#4905 = AXIS2_PLACEMENT_3D('',#4906,#4907,#4908);
#4906 = CARTESIAN_POINT('',(2.62,2.52,5.6));
#4907 = DIRECTION('',(0.,0.,1.));
#4908 = DIRECTION('',(1.,0.,0.));
#4909 = ADVANCED_FACE('',(#4910),#4946,.T.);
#4910 = FACE_BOUND('',#4911,.T.);
#4911 = EDGE_LOOP('',(#4912,#4923,#4929,#4930,#4931,#4939));
#4912 = ORIENTED_EDGE('',*,*,#4913,.T.);
#4913 = EDGE_CURVE('',#4914,#4916,#4918,.T.);
#4914 = VERTEX_POINT('',#4915);
#4915 = CARTESIAN_POINT('',(50.95,22.88,5.6));
#4916 = VERTEX_POINT('',#4917);
#4917 = CARTESIAN_POINT('',(48.45,25.38,5.6));
#4918 = CIRCLE('',#4919,2.5);
#4919 = AXIS2_PLACEMENT_3D('',#4920,#4921,#4922);
#4920 = CARTESIAN_POINT('',(48.45,22.88,5.6));
#4921 = DIRECTION('',(0.,0.,1.));
#4922 = DIRECTION('',(1.,0.,0.));
#4923 = ORIENTED_EDGE('',*,*,#4924,.T.);
#4924 = EDGE_CURVE('',#4916,#4436,#4925,.T.);
#4925 = LINE('',#4926,#4927);
#4926 = CARTESIAN_POINT('',(48.45,25.38,5.6));
#4927 = VECTOR('',#4928,1.);
#4928 = DIRECTION('',(0.,0.,1.));
#4929 = ORIENTED_EDGE('',*,*,#4443,.F.);
#4930 = ORIENTED_EDGE('',*,*,#4407,.F.);
#4931 = ORIENTED_EDGE('',*,*,#4932,.F.);
#4932 = EDGE_CURVE('',#4933,#4408,#4935,.T.);
#4933 = VERTEX_POINT('',#4934);
#4934 = CARTESIAN_POINT('',(46.402119889278,24.313941090878,5.6));
#4935 = LINE('',#4936,#4937);
#4936 = CARTESIAN_POINT('',(46.402119889278,24.313941090878,5.6));
#4937 = VECTOR('',#4938,1.);
#4938 = DIRECTION('',(0.,0.,1.));
#4939 = ORIENTED_EDGE('',*,*,#4940,.T.);
#4940 = EDGE_CURVE('',#4933,#4914,#4941,.T.);
#4941 = CIRCLE('',#4942,2.5);
#4942 = AXIS2_PLACEMENT_3D('',#4943,#4944,#4945);
#4943 = CARTESIAN_POINT('',(48.45,22.88,5.6));
#4944 = DIRECTION('',(0.,0.,1.));
#4945 = DIRECTION('',(1.,0.,0.));
#4946 = CYLINDRICAL_SURFACE('',#4947,2.5);
#4947 = AXIS2_PLACEMENT_3D('',#4948,#4949,#4950);
#4948 = CARTESIAN_POINT('',(48.45,22.88,5.6));
#4949 = DIRECTION('',(0.,0.,1.));
#4950 = DIRECTION('',(1.,0.,0.));
#4951 = ADVANCED_FACE('',(#4952),#4978,.T.);
#4952 = FACE_BOUND('',#4953,.T.);
#4953 = EDGE_LOOP('',(#4954,#4955,#4963,#4971,#4977));
#4954 = ORIENTED_EDGE('',*,*,#4924,.F.);
#4955 = ORIENTED_EDGE('',*,*,#4956,.T.);
#4956 = EDGE_CURVE('',#4916,#4957,#4959,.T.);
#4957 = VERTEX_POINT('',#4958);
#4958 = CARTESIAN_POINT('',(48.45,24.03,5.6));
#4959 = LINE('',#4960,#4961);
#4960 = CARTESIAN_POINT('',(48.45,22.88,5.6));
#4961 = VECTOR('',#4962,1.);
#4962 = DIRECTION('',(0.,-1.,0.));
#4963 = ORIENTED_EDGE('',*,*,#4964,.T.);
#4964 = EDGE_CURVE('',#4957,#4965,#4967,.T.);
#4965 = VERTEX_POINT('',#4966);
#4966 = CARTESIAN_POINT('',(48.45,24.03,7.5));
#4967 = LINE('',#4968,#4969);
#4968 = CARTESIAN_POINT('',(48.45,24.03,5.59));
#4969 = VECTOR('',#4970,1.);
#4970 = DIRECTION('',(0.,0.,1.));
#4971 = ORIENTED_EDGE('',*,*,#4972,.T.);
#4972 = EDGE_CURVE('',#4965,#4427,#4973,.T.);
#4973 = LINE('',#4974,#4975);
#4974 = CARTESIAN_POINT('',(48.45,22.88,7.5));
#4975 = VECTOR('',#4976,1.);
#4976 = DIRECTION('',(0.,1.,0.));
#4977 = ORIENTED_EDGE('',*,*,#4435,.T.);
#4978 = PLANE('',#4979);
#4979 = AXIS2_PLACEMENT_3D('',#4980,#4981,#4982);
#4980 = CARTESIAN_POINT('',(48.45,22.88,4.6));
#4981 = DIRECTION('',(-1.,0.,0.));
#4982 = DIRECTION('',(0.,1.,0.));
#4983 = ADVANCED_FACE('',(#4984),#5019,.F.);
#4984 = FACE_BOUND('',#4985,.F.);
#4985 = EDGE_LOOP('',(#4986,#4996,#5003,#5004,#5011,#5012));
#4986 = ORIENTED_EDGE('',*,*,#4987,.T.);
#4987 = EDGE_CURVE('',#4988,#4990,#4992,.T.);
#4988 = VERTEX_POINT('',#4989);
#4989 = CARTESIAN_POINT('',(50.05,22.88,7.5));
#4990 = VERTEX_POINT('',#4991);
#4991 = CARTESIAN_POINT('',(50.05,22.88,12.1));
#4992 = LINE('',#4993,#4994);
#4993 = CARTESIAN_POINT('',(50.05,22.88,7.5));
#4994 = VECTOR('',#4995,1.);
#4995 = DIRECTION('',(0.,0.,1.));
#4996 = ORIENTED_EDGE('',*,*,#4997,.F.);
#4997 = EDGE_CURVE('',#4990,#4990,#4998,.T.);
#4998 = CIRCLE('',#4999,1.6);
#4999 = AXIS2_PLACEMENT_3D('',#5000,#5001,#5002);
#5000 = CARTESIAN_POINT('',(48.45,22.88,12.1));
#5001 = DIRECTION('',(0.,0.,1.));
#5002 = DIRECTION('',(1.,0.,0.));
#5003 = ORIENTED_EDGE('',*,*,#4987,.F.);
#5004 = ORIENTED_EDGE('',*,*,#5005,.T.);
#5005 = EDGE_CURVE('',#4988,#4427,#5006,.T.);
#5006 = CIRCLE('',#5007,1.6);
#5007 = AXIS2_PLACEMENT_3D('',#5008,#5009,#5010);
#5008 = CARTESIAN_POINT('',(48.45,22.88,7.5));
#5009 = DIRECTION('',(0.,0.,1.));
#5010 = DIRECTION('',(1.,0.,0.));
#5011 = ORIENTED_EDGE('',*,*,#4426,.T.);
#5012 = ORIENTED_EDGE('',*,*,#5013,.T.);
#5013 = EDGE_CURVE('',#4419,#4988,#5014,.T.);
#5014 = CIRCLE('',#5015,1.6);
#5015 = AXIS2_PLACEMENT_3D('',#5016,#5017,#5018);
#5016 = CARTESIAN_POINT('',(48.45,22.88,7.5));
#5017 = DIRECTION('',(0.,0.,1.));
#5018 = DIRECTION('',(1.,0.,0.));
#5019 = CYLINDRICAL_SURFACE('',#5020,1.6);
#5020 = AXIS2_PLACEMENT_3D('',#5021,#5022,#5023);
#5021 = CARTESIAN_POINT('',(48.45,22.88,7.5));
#5022 = DIRECTION('',(0.,0.,1.));
#5023 = DIRECTION('',(1.,0.,0.));
#5024 = ADVANCED_FACE('',(#5025),#5051,.T.);
#5025 = FACE_BOUND('',#5026,.T.);
#5026 = EDGE_LOOP('',(#5027,#5037,#5043,#5044,#5045));
#5027 = ORIENTED_EDGE('',*,*,#5028,.F.);
#5028 = EDGE_CURVE('',#5029,#5031,#5033,.T.);
#5029 = VERTEX_POINT('',#5030);
#5030 = CARTESIAN_POINT('',(47.507975149067,23.539612901804,5.6));
#5031 = VERTEX_POINT('',#5032);
#5032 = CARTESIAN_POINT('',(47.507975149067,23.539612901804,7.5));
#5033 = LINE('',#5034,#5035);
#5034 = CARTESIAN_POINT('',(47.507975149068,23.539612901804,5.59));
#5035 = VECTOR('',#5036,1.);
#5036 = DIRECTION('',(0.,0.,1.));
#5037 = ORIENTED_EDGE('',*,*,#5038,.T.);
#5038 = EDGE_CURVE('',#5029,#4933,#5039,.T.);
#5039 = LINE('',#5040,#5041);
#5040 = CARTESIAN_POINT('',(45.992543867133,24.600729309053,5.6));
#5041 = VECTOR('',#5042,1.);
#5042 = DIRECTION('',(-0.819152044289,0.573576436351,0.));
#5043 = ORIENTED_EDGE('',*,*,#4932,.T.);
#5044 = ORIENTED_EDGE('',*,*,#4418,.T.);
#5045 = ORIENTED_EDGE('',*,*,#5046,.T.);
#5046 = EDGE_CURVE('',#4419,#5031,#5047,.T.);
#5047 = LINE('',#5048,#5049);
#5048 = CARTESIAN_POINT('',(45.992543867133,24.600729309053,7.5));
#5049 = VECTOR('',#5050,1.);
#5050 = DIRECTION('',(0.819152044289,-0.573576436351,0.));
#5051 = PLANE('',#5052);
#5052 = AXIS2_PLACEMENT_3D('',#5053,#5054,#5055);
#5053 = CARTESIAN_POINT('',(43.535087734266,26.321458618106,4.6));
#5054 = DIRECTION('',(0.573576436351,0.819152044289,0.));
#5055 = DIRECTION('',(0.819152044289,-0.573576436351,0.));
#5056 = ADVANCED_FACE('',(#5057),#5063,.T.);
#5057 = FACE_BOUND('',#5058,.T.);
#5058 = EDGE_LOOP('',(#5059,#5060,#5061,#5062));
#5059 = ORIENTED_EDGE('',*,*,#4497,.T.);
#5060 = ORIENTED_EDGE('',*,*,#4468,.T.);
#5061 = ORIENTED_EDGE('',*,*,#4683,.F.);
#5062 = ORIENTED_EDGE('',*,*,#4515,.F.);
#5063 = CYLINDRICAL_SURFACE('',#5064,2.);
#5064 = AXIS2_PLACEMENT_3D('',#5065,#5066,#5067);
#5065 = CARTESIAN_POINT('',(61.,-0.9,26.5));
#5066 = DIRECTION('',(-1.,0.,0.));
#5067 = DIRECTION('',(0.,-1.,0.));
#5068 = ADVANCED_FACE('',(#5069),#5101,.T.);
#5069 = FACE_BOUND('',#5070,.T.);
#5070 = EDGE_LOOP('',(#5071,#5090,#5095,#5096));
#5071 = ORIENTED_EDGE('',*,*,#5072,.T.);
#5072 = EDGE_CURVE('',#5073,#5075,#5077,.T.);
#5073 = VERTEX_POINT('',#5074);
#5074 = CARTESIAN_POINT('',(66.,21.859673455056,19.928555126404));
#5075 = VERTEX_POINT('',#5076);
#5076 = CARTESIAN_POINT('',(66.,21.518973841292,21.052962605337));
#5077 = B_SPLINE_CURVE_WITH_KNOTS('',6,(#5078,#5079,#5080,#5081,#5082,
    #5083,#5084,#5085,#5086,#5087,#5088,#5089),.UNSPECIFIED.,.F.,.F.,(7,
    5,7),(0.,0.542423507976,1.),.UNSPECIFIED.);
#5078 = CARTESIAN_POINT('',(66.,21.859673455056,19.928555126404));
#5079 = CARTESIAN_POINT('',(66.,21.792320194183,20.004225050794));
#5080 = CARTESIAN_POINT('',(66.,21.733275055716,20.087951654539));
#5081 = CARTESIAN_POINT('',(66.,21.683009863292,20.178896362054));
#5082 = CARTESIAN_POINT('',(66.,21.641311278054,20.275934053824));
#5083 = CARTESIAN_POINT('',(66.,21.60765323852,20.377925975319));
#5084 = CARTESIAN_POINT('',(66.,21.559224881721,20.573221802189));
#5085 = CARTESIAN_POINT('',(66.,21.542317179451,20.665415534651));
#5086 = CARTESIAN_POINT('',(66.,21.530259672068,20.759900826829));
#5087 = CARTESIAN_POINT('',(66.,21.522614789335,20.856211689626));
#5088 = CARTESIAN_POINT('',(66.,21.518973841292,20.953984004815));
#5089 = CARTESIAN_POINT('',(66.,21.518973841292,21.052962605337));
#5090 = ORIENTED_EDGE('',*,*,#5091,.T.);
#5091 = EDGE_CURVE('',#5075,#4587,#5092,.T.);
#5092 = B_SPLINE_CURVE_WITH_KNOTS('',1,(#5093,#5094),.UNSPECIFIED.,.F.,
  .F.,(2,2),(0.,0.8),.PIECEWISE_BEZIER_KNOTS.);
#5093 = CARTESIAN_POINT('',(65.8,21.518973841292,21.052962605337));
#5094 = CARTESIAN_POINT('',(66.6,21.518973841292,21.052962605337));
#5095 = ORIENTED_EDGE('',*,*,#4586,.T.);
#5096 = ORIENTED_EDGE('',*,*,#5097,.F.);
#5097 = EDGE_CURVE('',#5073,#4589,#5098,.T.);
#5098 = B_SPLINE_CURVE_WITH_KNOTS('',1,(#5099,#5100),.UNSPECIFIED.,.F.,
  .F.,(2,2),(0.,0.8),.PIECEWISE_BEZIER_KNOTS.);
#5099 = CARTESIAN_POINT('',(65.8,21.859673455056,19.928555126404));
#5100 = CARTESIAN_POINT('',(66.6,21.859673455056,19.928555126404));
#5101 = B_SPLINE_SURFACE_WITH_KNOTS('',2,1,(
    (#5102,#5103)
    ,(#5104,#5105)
    ,(#5106,#5107
    )),.UNSPECIFIED.,.F.,.F.,.F.,(3,3),(2,2),(0.,1.),(-0.8,0.),
  .PIECEWISE_BEZIER_KNOTS.);
#5102 = CARTESIAN_POINT('',(66.6,21.518973841292,21.052962605337));
#5103 = CARTESIAN_POINT('',(65.8,21.518973841292,21.052962605337));
#5104 = CARTESIAN_POINT('',(66.6,21.518973841292,20.311323735955));
#5105 = CARTESIAN_POINT('',(65.8,21.518973841292,20.311323735955));
#5106 = CARTESIAN_POINT('',(66.6,21.859673455056,19.928555126404));
#5107 = CARTESIAN_POINT('',(65.8,21.859673455056,19.928555126404));
#5108 = ADVANCED_FACE('',(#5109),#5133,.T.);
#5109 = FACE_BOUND('',#5110,.T.);
#5110 = EDGE_LOOP('',(#5111,#5126,#5127,#5128));
#5111 = ORIENTED_EDGE('',*,*,#5112,.T.);
#5112 = EDGE_CURVE('',#5113,#5073,#5115,.T.);
#5113 = VERTEX_POINT('',#5114);
#5114 = CARTESIAN_POINT('',(66.,22.724754213483,19.545786516854));
#5115 = B_SPLINE_CURVE_WITH_KNOTS('',5,(#5116,#5117,#5118,#5119,#5120,
    #5121,#5122,#5123,#5124,#5125),.UNSPECIFIED.,.F.,.F.,(6,4,6),(0.,
    0.535041832846,1.),.UNSPECIFIED.);
#5116 = CARTESIAN_POINT('',(66.,22.724754213483,19.545786516854));
#5117 = CARTESIAN_POINT('',(66.,22.616492398281,19.545786516854));
#5118 = CARTESIAN_POINT('',(66.,22.510516924352,19.555984098273));
#5119 = CARTESIAN_POINT('',(66.,22.407898269987,19.577357705572));
#5120 = CARTESIAN_POINT('',(66.,22.309770498457,19.610498640797));
#5121 = CARTESIAN_POINT('',(66.,22.136555151246,19.693551290055));
#5122 = CARTESIAN_POINT('',(66.,22.060098490568,19.740714003703));
#5123 = CARTESIAN_POINT('',(66.,21.9883479792,19.796131826712));
#5124 = CARTESIAN_POINT('',(66.,21.92153582309,19.859054100753));
#5125 = CARTESIAN_POINT('',(66.,21.859673455056,19.928555126404));
#5126 = ORIENTED_EDGE('',*,*,#5097,.T.);
#5127 = ORIENTED_EDGE('',*,*,#4596,.T.);
#5128 = ORIENTED_EDGE('',*,*,#5129,.F.);
#5129 = EDGE_CURVE('',#5113,#4597,#5130,.T.);
#5130 = B_SPLINE_CURVE_WITH_KNOTS('',1,(#5131,#5132),.UNSPECIFIED.,.F.,
  .F.,(2,2),(0.,0.8),.PIECEWISE_BEZIER_KNOTS.);
#5131 = CARTESIAN_POINT('',(65.8,22.724754213483,19.545786516854));
#5132 = CARTESIAN_POINT('',(66.6,22.724754213483,19.545786516854));
#5133 = B_SPLINE_SURFACE_WITH_KNOTS('',2,1,(
    (#5134,#5135)
    ,(#5136,#5137)
    ,(#5138,#5139
    )),.UNSPECIFIED.,.F.,.F.,.F.,(3,3),(2,2),(0.,1.),(-0.8,0.),
  .PIECEWISE_BEZIER_KNOTS.);
#5134 = CARTESIAN_POINT('',(66.6,21.859673455056,19.928555126404));
#5135 = CARTESIAN_POINT('',(65.8,21.859673455056,19.928555126404));
#5136 = CARTESIAN_POINT('',(66.6,22.20037306882,19.545786516854));
#5137 = CARTESIAN_POINT('',(65.8,22.20037306882,19.545786516854));
#5138 = CARTESIAN_POINT('',(66.6,22.724754213483,19.545786516854));
#5139 = CARTESIAN_POINT('',(65.8,22.724754213483,19.545786516854));
#5140 = ADVANCED_FACE('',(#5141),#5165,.T.);
#5141 = FACE_BOUND('',#5142,.T.);
#5142 = EDGE_LOOP('',(#5143,#5158,#5159,#5160));
#5143 = ORIENTED_EDGE('',*,*,#5144,.T.);
#5144 = EDGE_CURVE('',#5145,#5113,#5147,.T.);
#5145 = VERTEX_POINT('',#5146);
#5146 = CARTESIAN_POINT('',(66.,23.585292310393,19.925592521067));
#5147 = B_SPLINE_CURVE_WITH_KNOTS('',5,(#5148,#5149,#5150,#5151,#5152,
    #5153,#5154,#5155,#5156,#5157),.UNSPECIFIED.,.F.,.F.,(6,4,6),(0.,
    0.448528194413,1.),.UNSPECIFIED.);
#5148 = CARTESIAN_POINT('',(66.,23.585292310393,19.925592521067));
#5149 = CARTESIAN_POINT('',(66.,23.526258941186,19.858893831887));
#5150 = CARTESIAN_POINT('',(66.,23.462550299604,19.798332723693));
#5151 = CARTESIAN_POINT('',(66.,23.394179426559,19.744733255831));
#5152 = CARTESIAN_POINT('',(66.,23.321357002733,19.698758568073));
#5153 = CARTESIAN_POINT('',(66.,23.150305663526,19.613857026946));
#5154 = CARTESIAN_POINT('',(66.,23.050033130726,19.578946060308));
#5155 = CARTESIAN_POINT('',(66.,22.944861675436,19.556479316491));
#5156 = CARTESIAN_POINT('',(66.,22.836044357798,19.545786516854));
#5157 = CARTESIAN_POINT('',(66.,22.724754213483,19.545786516854));
#5158 = ORIENTED_EDGE('',*,*,#5129,.T.);
#5159 = ORIENTED_EDGE('',*,*,#4604,.T.);
#5160 = ORIENTED_EDGE('',*,*,#5161,.F.);
#5161 = EDGE_CURVE('',#5145,#4605,#5162,.T.);
#5162 = B_SPLINE_CURVE_WITH_KNOTS('',1,(#5163,#5164),.UNSPECIFIED.,.F.,
  .F.,(2,2),(0.,0.8),.PIECEWISE_BEZIER_KNOTS.);
#5163 = CARTESIAN_POINT('',(65.8,23.585292310393,19.925592521067));
#5164 = CARTESIAN_POINT('',(66.6,23.585292310393,19.925592521067));
#5165 = B_SPLINE_SURFACE_WITH_KNOTS('',2,1,(
    (#5166,#5167)
    ,(#5168,#5169)
    ,(#5170,#5171
    )),.UNSPECIFIED.,.F.,.F.,.F.,(3,3),(2,2),(0.,1.),(-0.8,0.),
  .PIECEWISE_BEZIER_KNOTS.);
#5166 = CARTESIAN_POINT('',(66.6,22.724754213483,19.545786516854));
#5167 = CARTESIAN_POINT('',(65.8,22.724754213483,19.545786516854));
#5168 = CARTESIAN_POINT('',(66.6,23.249135358146,19.545786516854));
#5169 = CARTESIAN_POINT('',(65.8,23.249135358146,19.545786516854));
#5170 = CARTESIAN_POINT('',(66.6,23.585292310393,19.925592521067));
#5171 = CARTESIAN_POINT('',(65.8,23.585292310393,19.925592521067));
#5172 = ADVANCED_FACE('',(#5173),#5199,.T.);
#5173 = FACE_BOUND('',#5174,.T.);
#5174 = EDGE_LOOP('',(#5175,#5192,#5193,#5194));
#5175 = ORIENTED_EDGE('',*,*,#5176,.T.);
#5176 = EDGE_CURVE('',#5177,#5145,#5179,.T.);
#5177 = VERTEX_POINT('',#5178);
#5178 = CARTESIAN_POINT('',(66.,23.921646769663,21.064813026685));
#5179 = B_SPLINE_CURVE_WITH_KNOTS('',6,(#5180,#5181,#5182,#5183,#5184,
    #5185,#5186,#5187,#5188,#5189,#5190,#5191),.UNSPECIFIED.,.F.,.F.,(7,
    5,7),(0.,0.480377880372,1.),.UNSPECIFIED.);
#5180 = CARTESIAN_POINT('',(66.,23.921646769663,21.064813026685));
#5181 = CARTESIAN_POINT('',(66.,23.921646769663,20.959452991694));
#5182 = CARTESIAN_POINT('',(66.,23.917762277426,20.855431212154));
#5183 = CARTESIAN_POINT('',(66.,23.909571683073,20.753035047636));
#5184 = CARTESIAN_POINT('',(66.,23.896588978917,20.652696065982));
#5185 = CARTESIAN_POINT('',(66.,23.87827980015,20.554983132469));
#5186 = CARTESIAN_POINT('',(66.,23.828026204248,20.358436707082));
#5187 = CARTESIAN_POINT('',(66.,23.795084332535,20.260140823069));
#5188 = CARTESIAN_POINT('',(66.,23.754693611964,20.166626867463));
#5189 = CARTESIAN_POINT('',(66.,23.706330772304,20.07899487164));
#5190 = CARTESIAN_POINT('',(66.,23.649738882367,19.998364545674));
#5191 = CARTESIAN_POINT('',(66.,23.585292310393,19.925592521067));
#5192 = ORIENTED_EDGE('',*,*,#5161,.T.);
#5193 = ORIENTED_EDGE('',*,*,#4612,.T.);
#5194 = ORIENTED_EDGE('',*,*,#5195,.F.);
#5195 = EDGE_CURVE('',#5177,#4613,#5196,.T.);
#5196 = B_SPLINE_CURVE_WITH_KNOTS('',1,(#5197,#5198),.UNSPECIFIED.,.F.,
  .F.,(2,2),(0.,0.8),.PIECEWISE_BEZIER_KNOTS.);
#5197 = CARTESIAN_POINT('',(65.8,23.921646769663,21.064813026685));
#5198 = CARTESIAN_POINT('',(66.6,23.921646769663,21.064813026685));
#5199 = B_SPLINE_SURFACE_WITH_KNOTS('',2,1,(
    (#5200,#5201)
    ,(#5202,#5203)
    ,(#5204,#5205
    )),.UNSPECIFIED.,.F.,.F.,.F.,(3,3),(2,2),(0.,1.),(-0.8,0.),
  .PIECEWISE_BEZIER_KNOTS.);
#5200 = CARTESIAN_POINT('',(66.6,23.585292310393,19.925592521067));
#5201 = CARTESIAN_POINT('',(65.8,23.585292310393,19.925592521067));
#5202 = CARTESIAN_POINT('',(66.6,23.921646769663,20.305398525281));
#5203 = CARTESIAN_POINT('',(65.8,23.921646769663,20.305398525281));
#5204 = CARTESIAN_POINT('',(66.6,23.921646769663,21.064813026685));
#5205 = CARTESIAN_POINT('',(65.8,23.921646769663,21.064813026685));
#5206 = ADVANCED_FACE('',(#5207),#5233,.T.);
#5207 = FACE_BOUND('',#5208,.T.);
#5208 = EDGE_LOOP('',(#5209,#5226,#5227,#5228));
#5209 = ORIENTED_EDGE('',*,*,#5210,.T.);
#5210 = EDGE_CURVE('',#5211,#5177,#5213,.T.);
#5211 = VERTEX_POINT('',#5212);
#5212 = CARTESIAN_POINT('',(66.,23.594180126404,22.184875351124));
#5213 = B_SPLINE_CURVE_WITH_KNOTS('',6,(#5214,#5215,#5216,#5217,#5218,
    #5219,#5220,#5221,#5222,#5223,#5224,#5225),.UNSPECIFIED.,.F.,.F.,(7,
    5,7),(0.,0.510911093733,1.),.UNSPECIFIED.);
#5214 = CARTESIAN_POINT('',(66.,23.594180126404,22.184875351124));
#5215 = CARTESIAN_POINT('',(66.,23.656079177144,22.115061584608));
#5216 = CARTESIAN_POINT('',(66.,23.710485470627,22.037604526682));
#5217 = CARTESIAN_POINT('',(66.,23.757071847865,21.953334148199));
#5218 = CARTESIAN_POINT('',(66.,23.796097843611,21.86332772765));
#5219 = CARTESIAN_POINT('',(66.,23.828063325087,21.768637609156));
#5220 = CARTESIAN_POINT('',(66.,23.877957212607,21.575907382607));
#5221 = CARTESIAN_POINT('',(66.,23.896431134672,21.478165969796));
#5222 = CARTESIAN_POINT('',(66.,23.909507775753,21.377657857357));
#5223 = CARTESIAN_POINT('',(66.,23.91774509279,21.274985957737));
#5224 = CARTESIAN_POINT('',(66.,23.921646769663,21.170604676906));
#5225 = CARTESIAN_POINT('',(66.,23.921646769663,21.064813026685));
#5226 = ORIENTED_EDGE('',*,*,#5195,.T.);
#5227 = ORIENTED_EDGE('',*,*,#4620,.T.);
#5228 = ORIENTED_EDGE('',*,*,#5229,.F.);
#5229 = EDGE_CURVE('',#5211,#4621,#5230,.T.);
#5230 = B_SPLINE_CURVE_WITH_KNOTS('',1,(#5231,#5232),.UNSPECIFIED.,.F.,
  .F.,(2,2),(0.,0.8),.PIECEWISE_BEZIER_KNOTS.);
#5231 = CARTESIAN_POINT('',(65.8,23.594180126404,22.184875351124));
#5232 = CARTESIAN_POINT('',(66.6,23.594180126404,22.184875351124));
#5233 = B_SPLINE_SURFACE_WITH_KNOTS('',2,1,(
    (#5234,#5235)
    ,(#5236,#5237)
    ,(#5238,#5239
    )),.UNSPECIFIED.,.F.,.F.,.F.,(3,3),(2,2),(0.,1.),(-0.8,0.),
  .PIECEWISE_BEZIER_KNOTS.);
#5234 = CARTESIAN_POINT('',(66.6,23.921646769663,21.064813026685));
#5235 = CARTESIAN_POINT('',(65.8,23.921646769663,21.064813026685));
#5236 = CARTESIAN_POINT('',(66.6,23.921646769663,21.815537219101));
#5237 = CARTESIAN_POINT('',(65.8,23.921646769663,21.815537219101));
#5238 = CARTESIAN_POINT('',(66.6,23.594180126404,22.184875351124));
#5239 = CARTESIAN_POINT('',(65.8,23.594180126404,22.184875351124));
#5240 = ADVANCED_FACE('',(#5241),#5267,.T.);
#5241 = FACE_BOUND('',#5242,.T.);
#5242 = EDGE_LOOP('',(#5243,#5260,#5261,#5262));
#5243 = ORIENTED_EDGE('',*,*,#5244,.T.);
#5244 = EDGE_CURVE('',#5245,#5211,#5247,.T.);
#5245 = VERTEX_POINT('',#5246);
#5246 = CARTESIAN_POINT('',(66.,22.724754213483,22.554213483146));
#5247 = B_SPLINE_CURVE_WITH_KNOTS('',6,(#5248,#5249,#5250,#5251,#5252,
    #5253,#5254,#5255,#5256,#5257,#5258,#5259),.UNSPECIFIED.,.F.,.F.,(7,
    5,7),(0.,0.641927100967,1.),.UNSPECIFIED.);
#5248 = CARTESIAN_POINT('',(66.,22.724754213483,22.554213483146));
#5249 = CARTESIAN_POINT('',(66.,22.834622868835,22.554213483146));
#5250 = CARTESIAN_POINT('',(66.,22.942128305317,22.545112721445));
#5251 = CARTESIAN_POINT('',(66.,23.046326038306,22.526001142643));
#5252 = CARTESIAN_POINT('',(66.,23.146190415885,22.49615484153));
#5253 = CARTESIAN_POINT('',(66.,23.24071762494,22.455278892982));
#5254 = CARTESIAN_POINT('',(66.,23.378365514773,22.375203943086));
#5255 = CARTESIAN_POINT('',(66.,23.425747857675,22.343248202139));
#5256 = CARTESIAN_POINT('',(66.,23.471088474141,22.308087359329));
#5257 = CARTESIAN_POINT('',(66.,23.514299776753,22.269851958));
#5258 = CARTESIAN_POINT('',(66.,23.555334934531,22.228713920105));
#5259 = CARTESIAN_POINT('',(66.,23.594180126404,22.184875351124));
#5260 = ORIENTED_EDGE('',*,*,#5229,.T.);
#5261 = ORIENTED_EDGE('',*,*,#4628,.T.);
#5262 = ORIENTED_EDGE('',*,*,#5263,.F.);
#5263 = EDGE_CURVE('',#5245,#4629,#5264,.T.);
#5264 = B_SPLINE_CURVE_WITH_KNOTS('',1,(#5265,#5266),.UNSPECIFIED.,.F.,
  .F.,(2,2),(0.,0.8),.PIECEWISE_BEZIER_KNOTS.);
#5265 = CARTESIAN_POINT('',(65.8,22.724754213483,22.554213483146));
#5266 = CARTESIAN_POINT('',(66.6,22.724754213483,22.554213483146));
#5267 = B_SPLINE_SURFACE_WITH_KNOTS('',2,1,(
    (#5268,#5269)
    ,(#5270,#5271)
    ,(#5272,#5273
    )),.UNSPECIFIED.,.F.,.F.,.F.,(3,3),(2,2),(0.,1.),(-0.8,0.),
  .PIECEWISE_BEZIER_KNOTS.);
#5268 = CARTESIAN_POINT('',(66.6,23.594180126404,22.184875351124));
#5269 = CARTESIAN_POINT('',(65.8,23.594180126404,22.184875351124));
#5270 = CARTESIAN_POINT('',(66.6,23.266910990169,22.554213483146));
#5271 = CARTESIAN_POINT('',(65.8,23.266910990169,22.554213483146));
#5272 = CARTESIAN_POINT('',(66.6,22.724754213483,22.554213483146));
#5273 = CARTESIAN_POINT('',(65.8,22.724754213483,22.554213483146));
#5274 = ADVANCED_FACE('',(#5275),#5301,.T.);
#5275 = FACE_BOUND('',#5276,.T.);
#5276 = EDGE_LOOP('',(#5277,#5294,#5295,#5296));
#5277 = ORIENTED_EDGE('',*,*,#5278,.T.);
#5278 = EDGE_CURVE('',#5279,#5245,#5281,.T.);
#5279 = VERTEX_POINT('',#5280);
#5280 = CARTESIAN_POINT('',(66.,21.850785639045,22.180332689607));
#5281 = B_SPLINE_CURVE_WITH_KNOTS('',6,(#5282,#5283,#5284,#5285,#5286,
    #5287,#5288,#5289,#5290,#5291,#5292,#5293),.UNSPECIFIED.,.F.,.F.,(7,
    5,7),(0.,0.376528931384,1.),.UNSPECIFIED.);
#5282 = CARTESIAN_POINT('',(66.,21.850785639045,22.180332689607));
#5283 = CARTESIAN_POINT('',(66.,21.892060067649,22.226840126123));
#5284 = CARTESIAN_POINT('',(66.,21.93572255241,22.270366914752));
#5285 = CARTESIAN_POINT('',(66.,21.981759614367,22.310673616822));
#5286 = CARTESIAN_POINT('',(66.,22.030118701714,22.347555778894));
#5287 = CARTESIAN_POINT('',(66.,22.080698029663,22.380858951205));
#5288 = CARTESIAN_POINT('',(66.,22.220497089562,22.459564071674));
#5289 = CARTESIAN_POINT('',(66.,22.313344606678,22.498599736427));
#5290 = CARTESIAN_POINT('',(66.,22.411110507117,22.527149158278));
#5291 = CARTESIAN_POINT('',(66.,22.512880189133,22.545469648535));
#5292 = CARTESIAN_POINT('',(66.,22.617717801871,22.554213483146));
#5293 = CARTESIAN_POINT('',(66.,22.724754213483,22.554213483146));
#5294 = ORIENTED_EDGE('',*,*,#5263,.T.);
#5295 = ORIENTED_EDGE('',*,*,#4636,.T.);
#5296 = ORIENTED_EDGE('',*,*,#5297,.F.);
#5297 = EDGE_CURVE('',#5279,#4637,#5298,.T.);
#5298 = B_SPLINE_CURVE_WITH_KNOTS('',1,(#5299,#5300),.UNSPECIFIED.,.F.,
  .F.,(2,2),(0.,0.8),.PIECEWISE_BEZIER_KNOTS.);
#5299 = CARTESIAN_POINT('',(65.8,21.850785639045,22.180332689607));
#5300 = CARTESIAN_POINT('',(66.6,21.850785639045,22.180332689607));
#5301 = B_SPLINE_SURFACE_WITH_KNOTS('',2,1,(
    (#5302,#5303)
    ,(#5304,#5305)
    ,(#5306,#5307
    )),.UNSPECIFIED.,.F.,.F.,.F.,(3,3),(2,2),(0.,1.),(-0.8,0.),
  .PIECEWISE_BEZIER_KNOTS.);
#5302 = CARTESIAN_POINT('',(66.6,22.724754213483,22.554213483146));
#5303 = CARTESIAN_POINT('',(65.8,22.724754213483,22.554213483146));
#5304 = CARTESIAN_POINT('',(66.6,22.182597436798,22.554213483146));
#5305 = CARTESIAN_POINT('',(65.8,22.182597436798,22.554213483146));
#5306 = CARTESIAN_POINT('',(66.6,21.850785639045,22.180332689607));
#5307 = CARTESIAN_POINT('',(65.8,21.850785639045,22.180332689607));
#5308 = ADVANCED_FACE('',(#5309),#5329,.T.);
#5309 = FACE_BOUND('',#5310,.T.);
#5310 = EDGE_LOOP('',(#5311,#5326,#5327,#5328));
#5311 = ORIENTED_EDGE('',*,*,#5312,.T.);
#5312 = EDGE_CURVE('',#5075,#5279,#5313,.T.);
#5313 = B_SPLINE_CURVE_WITH_KNOTS('',6,(#5314,#5315,#5316,#5317,#5318,
    #5319,#5320,#5321,#5322,#5323,#5324,#5325),.UNSPECIFIED.,.F.,.F.,(7,
    5,7),(0.,0.484669327244,1.),.UNSPECIFIED.);
#5314 = CARTESIAN_POINT('',(66.,21.518973841292,21.052962605337));
#5315 = CARTESIAN_POINT('',(66.,21.518973841292,21.158358059761));
#5316 = CARTESIAN_POINT('',(66.,21.52286694883,21.262377770233));
#5317 = CARTESIAN_POINT('',(66.,21.531080719762,21.364728244151));
#5318 = CARTESIAN_POINT('',(66.,21.544109506997,21.464966482796));
#5319 = CARTESIAN_POINT('',(66.,21.562498559655,21.562506962751));
#5320 = CARTESIAN_POINT('',(66.,21.612565188181,21.756767802261));
#5321 = CARTESIAN_POINT('',(66.,21.645015237931,21.853067528345));
#5322 = CARTESIAN_POINT('',(66.,21.684715747019,21.944630469792));
#5323 = CARTESIAN_POINT('',(66.,21.732175454097,22.030382705458));
#5324 = CARTESIAN_POINT('',(66.,21.787649882542,22.109229801926));
#5325 = CARTESIAN_POINT('',(66.,21.850785639045,22.180332689607));
#5326 = ORIENTED_EDGE('',*,*,#5297,.T.);
#5327 = ORIENTED_EDGE('',*,*,#4644,.T.);
#5328 = ORIENTED_EDGE('',*,*,#5091,.F.);
#5329 = B_SPLINE_SURFACE_WITH_KNOTS('',2,1,(
    (#5330,#5331)
    ,(#5332,#5333)
    ,(#5334,#5335
    )),.UNSPECIFIED.,.F.,.F.,.F.,(3,3),(2,2),(0.,1.),(-0.8,0.),
  .PIECEWISE_BEZIER_KNOTS.);
#5330 = CARTESIAN_POINT('',(66.6,21.850785639045,22.180332689607));
#5331 = CARTESIAN_POINT('',(65.8,21.850785639045,22.180332689607));
#5332 = CARTESIAN_POINT('',(66.6,21.518973841292,21.80664940309));
#5333 = CARTESIAN_POINT('',(65.8,21.518973841292,21.80664940309));
#5334 = CARTESIAN_POINT('',(66.6,21.518973841292,21.052962605337));
#5335 = CARTESIAN_POINT('',(65.8,21.518973841292,21.052962605337));
#5336 = ADVANCED_FACE('',(#5337,#5340),#5351,.F.);
#5337 = FACE_BOUND('',#5338,.F.);
#5338 = EDGE_LOOP('',(#5339));
#5339 = ORIENTED_EDGE('',*,*,#4667,.T.);
#5340 = FACE_BOUND('',#5341,.F.);
#5341 = EDGE_LOOP('',(#5342));
#5342 = ORIENTED_EDGE('',*,*,#5343,.F.);
#5343 = EDGE_CURVE('',#5344,#5344,#5346,.T.);
#5344 = VERTEX_POINT('',#5345);
#5345 = CARTESIAN_POINT('',(13.62,33.63,5.6));
#5346 = CIRCLE('',#5347,1.6);
#5347 = AXIS2_PLACEMENT_3D('',#5348,#5349,#5350);
#5348 = CARTESIAN_POINT('',(12.02,33.63,5.6));
#5349 = DIRECTION('',(0.,0.,1.));
#5350 = DIRECTION('',(1.,0.,0.));
#5351 = PLANE('',#5352);
#5352 = AXIS2_PLACEMENT_3D('',#5353,#5354,#5355);
#5353 = CARTESIAN_POINT('',(12.02,33.63,5.6));
#5354 = DIRECTION('',(0.,0.,1.));
#5355 = DIRECTION('',(1.,0.,0.));
#5356 = ADVANCED_FACE('',(#5357),#5379,.T.);
#5357 = FACE_BOUND('',#5358,.T.);
#5358 = EDGE_LOOP('',(#5359,#5368,#5373,#5374));
#5359 = ORIENTED_EDGE('',*,*,#5360,.T.);
#5360 = EDGE_CURVE('',#5361,#5363,#5365,.T.);
#5361 = VERTEX_POINT('',#5362);
#5362 = CARTESIAN_POINT('',(-2.9,26.998312412219,22.212921348315));
#5363 = VERTEX_POINT('',#5364);
#5364 = CARTESIAN_POINT('',(-2.9,26.399866134129,20.594943820225));
#5365 = B_SPLINE_CURVE_WITH_KNOTS('',1,(#5366,#5367),.UNSPECIFIED.,.F.,
  .F.,(2,2),(0.,1.),.PIECEWISE_BEZIER_KNOTS.);
#5366 = CARTESIAN_POINT('',(-2.9,26.998312412219,22.212921348315));
#5367 = CARTESIAN_POINT('',(-2.9,26.399866134129,20.594943820225));
#5368 = ORIENTED_EDGE('',*,*,#5369,.T.);
#5369 = EDGE_CURVE('',#5363,#4738,#5370,.T.);
#5370 = B_SPLINE_CURVE_WITH_KNOTS('',1,(#5371,#5372),.UNSPECIFIED.,.F.,
  .F.,(2,2),(0.,0.8),.PIECEWISE_BEZIER_KNOTS.);
#5371 = CARTESIAN_POINT('',(-2.7,26.399866134129,20.594943820225));
#5372 = CARTESIAN_POINT('',(-3.5,26.399866134129,20.594943820225));
#5373 = ORIENTED_EDGE('',*,*,#4737,.T.);
#5374 = ORIENTED_EDGE('',*,*,#5375,.F.);
#5375 = EDGE_CURVE('',#5361,#4740,#5376,.T.);
#5376 = B_SPLINE_CURVE_WITH_KNOTS('',1,(#5377,#5378),.UNSPECIFIED.,.F.,
  .F.,(2,2),(0.,0.8),.PIECEWISE_BEZIER_KNOTS.);
#5377 = CARTESIAN_POINT('',(-2.7,26.998312412219,22.212921348315));
#5378 = CARTESIAN_POINT('',(-3.5,26.998312412219,22.212921348315));
#5379 = B_SPLINE_SURFACE_WITH_KNOTS('',1,1,(
    (#5380,#5381)
    ,(#5382,#5383
    )),.UNSPECIFIED.,.F.,.F.,.F.,(2,2),(2,2),(0.,1.72510557044),(-0.8,0.
    ),.PIECEWISE_BEZIER_KNOTS.);
#5380 = CARTESIAN_POINT('',(-3.5,26.399866134129,20.594943820225));
#5381 = CARTESIAN_POINT('',(-2.7,26.399866134129,20.594943820225));
#5382 = CARTESIAN_POINT('',(-3.5,26.998312412219,22.212921348315));
#5383 = CARTESIAN_POINT('',(-2.7,26.998312412219,22.212921348315));
#5384 = ADVANCED_FACE('',(#5385),#5401,.T.);
#5385 = FACE_BOUND('',#5386,.T.);
#5386 = EDGE_LOOP('',(#5387,#5394,#5395,#5396));
#5387 = ORIENTED_EDGE('',*,*,#5388,.T.);
#5388 = EDGE_CURVE('',#5389,#5361,#5391,.T.);
#5389 = VERTEX_POINT('',#5390);
#5390 = CARTESIAN_POINT('',(-2.9,27.584908268961,20.594943820225));
#5391 = B_SPLINE_CURVE_WITH_KNOTS('',1,(#5392,#5393),.UNSPECIFIED.,.F.,
  .F.,(2,2),(0.,1.),.PIECEWISE_BEZIER_KNOTS.);
#5392 = CARTESIAN_POINT('',(-2.9,27.584908268961,20.594943820225));
#5393 = CARTESIAN_POINT('',(-2.9,26.998312412219,22.212921348315));
#5394 = ORIENTED_EDGE('',*,*,#5375,.T.);
#5395 = ORIENTED_EDGE('',*,*,#4746,.T.);
#5396 = ORIENTED_EDGE('',*,*,#5397,.F.);
#5397 = EDGE_CURVE('',#5389,#4747,#5398,.T.);
#5398 = B_SPLINE_CURVE_WITH_KNOTS('',1,(#5399,#5400),.UNSPECIFIED.,.F.,
  .F.,(2,2),(0.,0.8),.PIECEWISE_BEZIER_KNOTS.);
#5399 = CARTESIAN_POINT('',(-2.7,27.584908268961,20.594943820225));
#5400 = CARTESIAN_POINT('',(-3.5,27.584908268961,20.594943820225));
#5401 = B_SPLINE_SURFACE_WITH_KNOTS('',1,1,(
    (#5402,#5403)
    ,(#5404,#5405
    )),.UNSPECIFIED.,.F.,.F.,.F.,(2,2),(2,2),(0.,1.721030499599),(-0.8,
    0.),.PIECEWISE_BEZIER_KNOTS.);
#5402 = CARTESIAN_POINT('',(-3.5,26.998312412219,22.212921348315));
#5403 = CARTESIAN_POINT('',(-2.7,26.998312412219,22.212921348315));
#5404 = CARTESIAN_POINT('',(-3.5,27.584908268961,20.594943820225));
#5405 = CARTESIAN_POINT('',(-2.7,27.584908268961,20.594943820225));
#5406 = ADVANCED_FACE('',(#5407),#5417,.T.);
#5407 = FACE_BOUND('',#5408,.T.);
#5408 = EDGE_LOOP('',(#5409,#5414,#5415,#5416));
#5409 = ORIENTED_EDGE('',*,*,#5410,.T.);
#5410 = EDGE_CURVE('',#5363,#5389,#5411,.T.);
#5411 = B_SPLINE_CURVE_WITH_KNOTS('',1,(#5412,#5413),.UNSPECIFIED.,.F.,
  .F.,(2,2),(0.,1.),.PIECEWISE_BEZIER_KNOTS.);
#5412 = CARTESIAN_POINT('',(-2.9,26.399866134129,20.594943820225));
#5413 = CARTESIAN_POINT('',(-2.9,27.584908268961,20.594943820225));
#5414 = ORIENTED_EDGE('',*,*,#5397,.T.);
#5415 = ORIENTED_EDGE('',*,*,#4753,.T.);
#5416 = ORIENTED_EDGE('',*,*,#5369,.F.);
#5417 = B_SPLINE_SURFACE_WITH_KNOTS('',1,1,(
    (#5418,#5419)
    ,(#5420,#5421
    )),.UNSPECIFIED.,.F.,.F.,.F.,(2,2),(2,2),(0.,1.185042134831),(-0.8,
    0.),.PIECEWISE_BEZIER_KNOTS.);
#5418 = CARTESIAN_POINT('',(-3.5,27.584908268961,20.594943820225));
#5419 = CARTESIAN_POINT('',(-2.7,27.584908268961,20.594943820225));
#5420 = CARTESIAN_POINT('',(-3.5,26.399866134129,20.594943820225));
#5421 = CARTESIAN_POINT('',(-2.7,26.399866134129,20.594943820225));
#5422 = ADVANCED_FACE('',(#5423),#5445,.T.);
#5423 = FACE_BOUND('',#5424,.T.);
#5424 = EDGE_LOOP('',(#5425,#5434,#5439,#5440));
#5425 = ORIENTED_EDGE('',*,*,#5426,.T.);
#5426 = EDGE_CURVE('',#5427,#5429,#5431,.T.);
#5427 = VERTEX_POINT('',#5428);
#5428 = CARTESIAN_POINT('',(-2.9,22.786870172051,21.391292134831));
#5429 = VERTEX_POINT('',#5430);
#5430 = CARTESIAN_POINT('',(-2.9,23.435680740871,21.391292134831));
#5431 = B_SPLINE_CURVE_WITH_KNOTS('',1,(#5432,#5433),.UNSPECIFIED.,.F.,
  .F.,(2,2),(0.,1.),.PIECEWISE_BEZIER_KNOTS.);
#5432 = CARTESIAN_POINT('',(-2.9,22.786870172051,21.391292134831));
#5433 = CARTESIAN_POINT('',(-2.9,23.435680740871,21.391292134831));
#5434 = ORIENTED_EDGE('',*,*,#5435,.T.);
#5435 = EDGE_CURVE('',#5429,#4787,#5436,.T.);
#5436 = B_SPLINE_CURVE_WITH_KNOTS('',1,(#5437,#5438),.UNSPECIFIED.,.F.,
  .F.,(2,2),(0.,0.8),.PIECEWISE_BEZIER_KNOTS.);
#5437 = CARTESIAN_POINT('',(-2.7,23.435680740871,21.391292134831));
#5438 = CARTESIAN_POINT('',(-3.5,23.435680740871,21.391292134831));
#5439 = ORIENTED_EDGE('',*,*,#4786,.T.);
#5440 = ORIENTED_EDGE('',*,*,#5441,.F.);
#5441 = EDGE_CURVE('',#5427,#4789,#5442,.T.);
#5442 = B_SPLINE_CURVE_WITH_KNOTS('',1,(#5443,#5444),.UNSPECIFIED.,.F.,
  .F.,(2,2),(0.,0.8),.PIECEWISE_BEZIER_KNOTS.);
#5443 = CARTESIAN_POINT('',(-2.7,22.786870172051,21.391292134831));
#5444 = CARTESIAN_POINT('',(-3.5,22.786870172051,21.391292134831));
#5445 = B_SPLINE_SURFACE_WITH_KNOTS('',1,1,(
    (#5446,#5447)
    ,(#5448,#5449
    )),.UNSPECIFIED.,.F.,.F.,.F.,(2,2),(2,2),(0.,0.64881056882),(-0.8,0.
    ),.PIECEWISE_BEZIER_KNOTS.);
#5446 = CARTESIAN_POINT('',(-3.5,23.435680740871,21.391292134831));
#5447 = CARTESIAN_POINT('',(-2.7,23.435680740871,21.391292134831));
#5448 = CARTESIAN_POINT('',(-3.5,22.786870172051,21.391292134831));
#5449 = CARTESIAN_POINT('',(-2.7,22.786870172051,21.391292134831));
#5450 = ADVANCED_FACE('',(#5451),#5482,.T.);
#5451 = FACE_BOUND('',#5452,.T.);
#5452 = EDGE_LOOP('',(#5453,#5475,#5476,#5477));
#5453 = ORIENTED_EDGE('',*,*,#5454,.T.);
#5454 = EDGE_CURVE('',#5455,#5427,#5457,.T.);
#5455 = VERTEX_POINT('',#5456);
#5456 = CARTESIAN_POINT('',(-2.9,21.998817152388,21.444421523876));
#5457 = B_SPLINE_CURVE_WITH_KNOTS('',6,(#5458,#5459,#5460,#5461,#5462,
    #5463,#5464,#5465,#5466,#5467,#5468,#5469,#5470,#5471,#5472,#5473,
    #5474),.UNSPECIFIED.,.F.,.F.,(7,5,5,7),(0.,0.327052185071,
    0.852340242107,1.),.UNSPECIFIED.);
#5458 = CARTESIAN_POINT('',(-2.9,21.998817152388,21.444421523876));
#5459 = CARTESIAN_POINT('',(-2.9,22.019834301463,21.437310060856));
#5460 = CARTESIAN_POINT('',(-2.9,22.045507862243,21.430918374428));
#5461 = CARTESIAN_POINT('',(-2.9,22.075348977257,21.425231624581));
#5462 = CARTESIAN_POINT('',(-2.9,22.108793212179,21.420203832144));
#5463 = CARTESIAN_POINT('',(-2.9,22.145338408031,21.415782138226));
#5464 = CARTESIAN_POINT('',(-2.9,22.24760792143,21.405699163204));
#5465 = CARTESIAN_POINT('',(-2.9,22.317543550142,21.400915744139));
#5466 = CARTESIAN_POINT('',(-2.9,22.392769519784,21.39733171404));
#5467 = CARTESIAN_POINT('',(-2.9,22.472072090783,21.394758934088));
#5468 = CARTESIAN_POINT('',(-2.9,22.554621655373,21.393047836253));
#5469 = CARTESIAN_POINT('',(-2.9,22.663939739971,21.391811670275));
#5470 = CARTESIAN_POINT('',(-2.9,22.688142104156,21.391599440746));
#5471 = CARTESIAN_POINT('',(-2.9,22.712547335574,21.391443667369));
#5472 = CARTESIAN_POINT('',(-2.9,22.737143873045,21.391341967956));
#5473 = CARTESIAN_POINT('',(-2.9,22.761921265513,21.391292134831));
#5474 = CARTESIAN_POINT('',(-2.9,22.786870172051,21.391292134831));
#5475 = ORIENTED_EDGE('',*,*,#5441,.T.);
#5476 = ORIENTED_EDGE('',*,*,#4795,.T.);
#5477 = ORIENTED_EDGE('',*,*,#5478,.F.);
#5478 = EDGE_CURVE('',#5455,#4796,#5479,.T.);
#5479 = B_SPLINE_CURVE_WITH_KNOTS('',1,(#5480,#5481),.UNSPECIFIED.,.F.,
  .F.,(2,2),(0.,0.8),.PIECEWISE_BEZIER_KNOTS.);
#5480 = CARTESIAN_POINT('',(-2.7,21.998817152388,21.444421523876));
#5481 = CARTESIAN_POINT('',(-3.5,21.998817152388,21.444421523876));
#5482 = B_SPLINE_SURFACE_WITH_KNOTS('',2,1,(
    (#5483,#5484)
    ,(#5485,#5486)
    ,(#5487,#5488
    )),.UNSPECIFIED.,.F.,.F.,.F.,(3,3),(2,2),(0.,1.),(-0.8,0.),
  .PIECEWISE_BEZIER_KNOTS.);
#5483 = CARTESIAN_POINT('',(-3.5,22.786870172051,21.391292134831));
#5484 = CARTESIAN_POINT('',(-2.7,22.786870172051,21.391292134831));
#5485 = CARTESIAN_POINT('',(-3.5,22.155835235253,21.391292134831));
#5486 = CARTESIAN_POINT('',(-2.7,22.155835235253,21.391292134831));
#5487 = CARTESIAN_POINT('',(-3.5,21.998817152388,21.444421523876));
#5488 = CARTESIAN_POINT('',(-2.7,21.998817152388,21.444421523876));
#5489 = ADVANCED_FACE('',(#5490),#5512,.T.);
#5490 = FACE_BOUND('',#5491,.T.);
#5491 = EDGE_LOOP('',(#5492,#5505,#5506,#5507));
#5492 = ORIENTED_EDGE('',*,*,#5493,.T.);
#5493 = EDGE_CURVE('',#5494,#5455,#5496,.T.);
#5494 = VERTEX_POINT('',#5495);
#5495 = CARTESIAN_POINT('',(-2.9,21.75292090941,21.62770804073));
#5496 = B_SPLINE_CURVE_WITH_KNOTS('',4,(#5497,#5498,#5499,#5500,#5501,
    #5502,#5503,#5504),.UNSPECIFIED.,.F.,.F.,(5,3,5),(0.,0.371615038259,
    1.),.UNSPECIFIED.);
#5497 = CARTESIAN_POINT('',(-2.9,21.75292090941,21.62770804073));
#5498 = CARTESIAN_POINT('',(-2.9,21.769423128999,21.603578128531));
#5499 = CARTESIAN_POINT('',(-2.9,21.787520421287,21.581166975586));
#5500 = CARTESIAN_POINT('',(-2.9,21.807210956043,21.560509556362));
#5501 = CARTESIAN_POINT('',(-2.9,21.864433558391,21.509686181163));
#5502 = CARTESIAN_POINT('',(-2.9,21.904893417633,21.482812402956));
#5503 = CARTESIAN_POINT('',(-2.9,21.949760432501,21.461082296668));
#5504 = CARTESIAN_POINT('',(-2.9,21.998817152388,21.444421523876));
#5505 = ORIENTED_EDGE('',*,*,#5478,.T.);
#5506 = ORIENTED_EDGE('',*,*,#4803,.T.);
#5507 = ORIENTED_EDGE('',*,*,#5508,.F.);
#5508 = EDGE_CURVE('',#5494,#4804,#5509,.T.);
#5509 = B_SPLINE_CURVE_WITH_KNOTS('',1,(#5510,#5511),.UNSPECIFIED.,.F.,
  .F.,(2,2),(0.,0.8),.PIECEWISE_BEZIER_KNOTS.);
#5510 = CARTESIAN_POINT('',(-2.7,21.75292090941,21.62770804073));
#5511 = CARTESIAN_POINT('',(-3.5,21.75292090941,21.62770804073));
#5512 = B_SPLINE_SURFACE_WITH_KNOTS('',2,1,(
    (#5513,#5514)
    ,(#5515,#5516)
    ,(#5517,#5518
    )),.UNSPECIFIED.,.F.,.F.,.F.,(3,3),(2,2),(0.,1.),(-0.8,0.),
  .PIECEWISE_BEZIER_KNOTS.);
#5513 = CARTESIAN_POINT('',(-3.5,21.998817152388,21.444421523876));
#5514 = CARTESIAN_POINT('',(-2.7,21.998817152388,21.444421523876));
#5515 = CARTESIAN_POINT('',(-3.5,21.841799069522,21.497748419944));
#5516 = CARTESIAN_POINT('',(-2.7,21.841799069522,21.497748419944));
#5517 = CARTESIAN_POINT('',(-3.5,21.75292090941,21.62770804073));
#5518 = CARTESIAN_POINT('',(-2.7,21.75292090941,21.62770804073));
#5519 = ADVANCED_FACE('',(#5520),#5540,.T.);
#5520 = FACE_BOUND('',#5521,.T.);
#5521 = EDGE_LOOP('',(#5522,#5533,#5534,#5535));
#5522 = ORIENTED_EDGE('',*,*,#5523,.T.);
#5523 = EDGE_CURVE('',#5524,#5494,#5526,.T.);
#5524 = VERTEX_POINT('',#5525);
#5525 = CARTESIAN_POINT('',(-2.9,21.664042749298,21.953002106742));
#5526 = B_SPLINE_CURVE_WITH_KNOTS('',5,(#5527,#5528,#5529,#5530,#5531,
    #5532),.UNSPECIFIED.,.F.,.F.,(6,6),(0.,1.),
  .PIECEWISE_BEZIER_KNOTS.);
#5527 = CARTESIAN_POINT('',(-2.9,21.664042749298,21.953002106742));
#5528 = CARTESIAN_POINT('',(-2.9,21.664042749298,21.876129929872));
#5529 = CARTESIAN_POINT('',(-2.9,21.672663283735,21.804721607008));
#5530 = CARTESIAN_POINT('',(-2.9,21.690280589053,21.739280022057));
#5531 = CARTESIAN_POINT('',(-2.9,21.717074765062,21.680202727676));
#5532 = CARTESIAN_POINT('',(-2.9,21.75292090941,21.62770804073));
#5533 = ORIENTED_EDGE('',*,*,#5508,.T.);
#5534 = ORIENTED_EDGE('',*,*,#4811,.T.);
#5535 = ORIENTED_EDGE('',*,*,#5536,.F.);
#5536 = EDGE_CURVE('',#5524,#4812,#5537,.T.);
#5537 = B_SPLINE_CURVE_WITH_KNOTS('',1,(#5538,#5539),.UNSPECIFIED.,.F.,
  .F.,(2,2),(0.,0.8),.PIECEWISE_BEZIER_KNOTS.);
#5538 = CARTESIAN_POINT('',(-2.7,21.664042749298,21.953002106742));
#5539 = CARTESIAN_POINT('',(-3.5,21.664042749298,21.953002106742));
#5540 = B_SPLINE_SURFACE_WITH_KNOTS('',2,1,(
    (#5541,#5542)
    ,(#5543,#5544)
    ,(#5545,#5546
    )),.UNSPECIFIED.,.F.,.F.,.F.,(3,3),(2,2),(0.,1.),(-0.8,0.),
  .PIECEWISE_BEZIER_KNOTS.);
#5541 = CARTESIAN_POINT('',(-3.5,21.75292090941,21.62770804073));
#5542 = CARTESIAN_POINT('',(-2.7,21.75292090941,21.62770804073));
#5543 = CARTESIAN_POINT('',(-3.5,21.664042749298,21.757865168539));
#5544 = CARTESIAN_POINT('',(-2.7,21.664042749298,21.757865168539));
#5545 = CARTESIAN_POINT('',(-3.5,21.664042749298,21.953002106742));
#5546 = CARTESIAN_POINT('',(-2.7,21.664042749298,21.953002106742));
#5547 = ADVANCED_FACE('',(#5548),#5572,.T.);
#5548 = FACE_BOUND('',#5549,.T.);
#5549 = EDGE_LOOP('',(#5550,#5565,#5566,#5567));
#5550 = ORIENTED_EDGE('',*,*,#5551,.T.);
#5551 = EDGE_CURVE('',#5552,#5524,#5554,.T.);
#5552 = VERTEX_POINT('',#5553);
#5553 = CARTESIAN_POINT('',(-2.9,21.781164413624,22.306144662921));
#5554 = B_SPLINE_CURVE_WITH_KNOTS('',5,(#5555,#5556,#5557,#5558,#5559,
    #5560,#5561,#5562,#5563,#5564),.UNSPECIFIED.,.F.,.F.,(6,4,6),(0.,
    0.113063555514,1.),.UNSPECIFIED.);
#5555 = CARTESIAN_POINT('',(-2.9,21.781164413624,22.306144662921));
#5556 = CARTESIAN_POINT('',(-2.9,21.775825405809,22.300013357151));
#5557 = CARTESIAN_POINT('',(-2.9,21.770637214047,22.293771288542));
#5558 = CARTESIAN_POINT('',(-2.9,21.765600411552,22.2874188393));
#5559 = CARTESIAN_POINT('',(-2.9,21.760715475556,22.280956463126));
#5560 = CARTESIAN_POINT('',(-2.9,21.71885682157,22.222831828018));
#5561 = CARTESIAN_POINT('',(-2.9,21.691095896384,22.164541289286));
#5562 = CARTESIAN_POINT('',(-2.9,21.672900386214,22.099780871327));
#5563 = CARTESIAN_POINT('',(-2.9,21.664042749298,22.029057555392));
#5564 = CARTESIAN_POINT('',(-2.9,21.664042749298,21.953002106742));
#5565 = ORIENTED_EDGE('',*,*,#5536,.T.);
#5566 = ORIENTED_EDGE('',*,*,#4819,.T.);
#5567 = ORIENTED_EDGE('',*,*,#5568,.F.);
#5568 = EDGE_CURVE('',#5552,#4820,#5569,.T.);
#5569 = B_SPLINE_CURVE_WITH_KNOTS('',1,(#5570,#5571),.UNSPECIFIED.,.F.,
  .F.,(2,2),(0.,0.8),.PIECEWISE_BEZIER_KNOTS.);
#5570 = CARTESIAN_POINT('',(-2.7,21.781164413624,22.306144662921));
#5571 = CARTESIAN_POINT('',(-3.5,21.781164413624,22.306144662921));
#5572 = B_SPLINE_SURFACE_WITH_KNOTS('',2,1,(
    (#5573,#5574)
    ,(#5575,#5576)
    ,(#5577,#5578
    )),.UNSPECIFIED.,.F.,.F.,.F.,(3,3),(2,2),(0.,1.),(-0.8,0.),
  .PIECEWISE_BEZIER_KNOTS.);
#5573 = CARTESIAN_POINT('',(-3.5,21.664042749298,21.953002106742));
#5574 = CARTESIAN_POINT('',(-2.7,21.664042749298,21.953002106742));
#5575 = CARTESIAN_POINT('',(-3.5,21.664042749298,22.171642380618));
#5576 = CARTESIAN_POINT('',(-2.7,21.664042749298,22.171642380618));
#5577 = CARTESIAN_POINT('',(-3.5,21.781164413624,22.306144662921));
#5578 = CARTESIAN_POINT('',(-2.7,21.781164413624,22.306144662921));
#5579 = ADVANCED_FACE('',(#5580),#5604,.T.);
#5580 = FACE_BOUND('',#5581,.T.);
#5581 = EDGE_LOOP('',(#5582,#5597,#5598,#5599));
#5582 = ORIENTED_EDGE('',*,*,#5583,.T.);
#5583 = EDGE_CURVE('',#5584,#5552,#5586,.T.);
#5584 = VERTEX_POINT('',#5585);
#5585 = CARTESIAN_POINT('',(-2.9,22.111396155197,22.47619820927));
#5586 = B_SPLINE_CURVE_WITH_KNOTS('',5,(#5587,#5588,#5589,#5590,#5591,
    #5592,#5593,#5594,#5595,#5596),.UNSPECIFIED.,.F.,.F.,(6,4,6),(0.,
    0.891841812924,1.),.UNSPECIFIED.);
#5587 = CARTESIAN_POINT('',(-2.9,22.111396155197,22.47619820927));
#5588 = CARTESIAN_POINT('',(-2.9,22.036685067577,22.463815538266));
#5589 = CARTESIAN_POINT('',(-2.9,21.968416147461,22.443658718567));
#5590 = CARTESIAN_POINT('',(-2.9,21.907230506891,22.415385345673));
#5591 = CARTESIAN_POINT('',(-2.9,21.853618153195,22.37886838605));
#5592 = CARTESIAN_POINT('',(-2.9,21.802242291333,22.328927355455));
#5593 = CARTESIAN_POINT('',(-2.9,21.796800129096,22.323407770578));
#5594 = CARTESIAN_POINT('',(-2.9,21.791472898408,22.317770497712));
#5595 = CARTESIAN_POINT('',(-2.9,21.786260910398,22.312015964949));
#5596 = CARTESIAN_POINT('',(-2.9,21.781164413624,22.306144662921));
#5597 = ORIENTED_EDGE('',*,*,#5568,.T.);
#5598 = ORIENTED_EDGE('',*,*,#4827,.T.);
#5599 = ORIENTED_EDGE('',*,*,#5600,.F.);
#5600 = EDGE_CURVE('',#5584,#4828,#5601,.T.);
#5601 = B_SPLINE_CURVE_WITH_KNOTS('',1,(#5602,#5603),.UNSPECIFIED.,.F.,
  .F.,(2,2),(0.,0.8),.PIECEWISE_BEZIER_KNOTS.);
#5602 = CARTESIAN_POINT('',(-2.7,22.111396155197,22.47619820927));
#5603 = CARTESIAN_POINT('',(-3.5,22.111396155197,22.47619820927));
#5604 = B_SPLINE_SURFACE_WITH_KNOTS('',2,1,(
    (#5605,#5606)
    ,(#5607,#5608)
    ,(#5609,#5610
    )),.UNSPECIFIED.,.F.,.F.,.F.,(3,3),(2,2),(0.,1.),(-0.8,0.),
  .PIECEWISE_BEZIER_KNOTS.);
#5605 = CARTESIAN_POINT('',(-3.5,21.781164413624,22.306144662921));
#5606 = CARTESIAN_POINT('',(-2.7,21.781164413624,22.306144662921));
#5607 = CARTESIAN_POINT('',(-3.5,21.898088570927,22.440844452247));
#5608 = CARTESIAN_POINT('',(-2.7,21.898088570927,22.440844452247));
#5609 = CARTESIAN_POINT('',(-3.5,22.111396155197,22.47619820927));
#5610 = CARTESIAN_POINT('',(-2.7,22.111396155197,22.47619820927));
#5611 = ADVANCED_FACE('',(#5612),#5638,.T.);
#5612 = FACE_BOUND('',#5613,.T.);
#5613 = EDGE_LOOP('',(#5614,#5631,#5632,#5633));
#5614 = ORIENTED_EDGE('',*,*,#5615,.T.);
#5615 = EDGE_CURVE('',#5616,#5584,#5618,.T.);
#5616 = VERTEX_POINT('',#5617);
#5617 = CARTESIAN_POINT('',(-2.9,22.751318908006,22.491011235955));
#5618 = B_SPLINE_CURVE_WITH_KNOTS('',6,(#5619,#5620,#5621,#5622,#5623,
    #5624,#5625,#5626,#5627,#5628,#5629,#5630),.UNSPECIFIED.,.F.,.F.,(7,
    5,7),(0.,0.586694768821,1.),.UNSPECIFIED.);
#5619 = CARTESIAN_POINT('',(-2.9,22.751318908006,22.491011235955));
#5620 = CARTESIAN_POINT('',(-2.9,22.665313840387,22.491011235955));
#5621 = CARTESIAN_POINT('',(-2.9,22.582474958671,22.490780027486));
#5622 = CARTESIAN_POINT('',(-2.9,22.503332493547,22.490282534009));
#5623 = CARTESIAN_POINT('',(-2.9,22.428807943811,22.489472341053));
#5624 = CARTESIAN_POINT('',(-2.9,22.360202263111,22.488292402102));
#5625 = CARTESIAN_POINT('',(-2.9,22.256198921588,22.485536867715));
#5626 = CARTESIAN_POINT('',(-2.9,22.216995137176,22.484181721074));
#5627 = CARTESIAN_POINT('',(-2.9,22.182183029961,22.48258806405));
#5628 = CARTESIAN_POINT('',(-2.9,22.152497155913,22.480734440258));
#5629 = CARTESIAN_POINT('',(-2.9,22.128718112282,22.478604036643));
#5630 = CARTESIAN_POINT('',(-2.9,22.111396155197,22.47619820927));
#5631 = ORIENTED_EDGE('',*,*,#5600,.T.);
#5632 = ORIENTED_EDGE('',*,*,#4835,.T.);
#5633 = ORIENTED_EDGE('',*,*,#5634,.F.);
#5634 = EDGE_CURVE('',#5616,#4836,#5635,.T.);
#5635 = B_SPLINE_CURVE_WITH_KNOTS('',1,(#5636,#5637),.UNSPECIFIED.,.F.,
  .F.,(2,2),(0.,0.8),.PIECEWISE_BEZIER_KNOTS.);
#5636 = CARTESIAN_POINT('',(-2.7,22.751318908006,22.491011235955));
#5637 = CARTESIAN_POINT('',(-3.5,22.751318908006,22.491011235955));
#5638 = B_SPLINE_SURFACE_WITH_KNOTS('',2,1,(
    (#5639,#5640)
    ,(#5641,#5642)
    ,(#5643,#5644
    )),.UNSPECIFIED.,.F.,.F.,.F.,(3,3),(2,2),(0.,1.),(-0.8,0.),
  .PIECEWISE_BEZIER_KNOTS.);
#5639 = CARTESIAN_POINT('',(-3.5,22.111396155197,22.47619820927));
#5640 = CARTESIAN_POINT('',(-2.7,22.111396155197,22.47619820927));
#5641 = CARTESIAN_POINT('',(-3.5,22.218049947331,22.491011235955));
#5642 = CARTESIAN_POINT('',(-2.7,22.218049947331,22.491011235955));
#5643 = CARTESIAN_POINT('',(-3.5,22.751318908006,22.491011235955));
#5644 = CARTESIAN_POINT('',(-2.7,22.751318908006,22.491011235955));
#5645 = ADVANCED_FACE('',(#5646),#5662,.T.);
#5646 = FACE_BOUND('',#5647,.T.);
#5647 = EDGE_LOOP('',(#5648,#5655,#5656,#5657));
#5648 = ORIENTED_EDGE('',*,*,#5649,.T.);
#5649 = EDGE_CURVE('',#5650,#5616,#5652,.T.);
#5650 = VERTEX_POINT('',#5651);
#5651 = CARTESIAN_POINT('',(-2.9,23.435680740871,22.491011235955));
#5652 = B_SPLINE_CURVE_WITH_KNOTS('',1,(#5653,#5654),.UNSPECIFIED.,.F.,
  .F.,(2,2),(0.,1.),.PIECEWISE_BEZIER_KNOTS.);
#5653 = CARTESIAN_POINT('',(-2.9,23.435680740871,22.491011235955));
#5654 = CARTESIAN_POINT('',(-2.9,22.751318908006,22.491011235955));
#5655 = ORIENTED_EDGE('',*,*,#5634,.T.);
#5656 = ORIENTED_EDGE('',*,*,#4843,.T.);
#5657 = ORIENTED_EDGE('',*,*,#5658,.F.);
#5658 = EDGE_CURVE('',#5650,#4844,#5659,.T.);
#5659 = B_SPLINE_CURVE_WITH_KNOTS('',1,(#5660,#5661),.UNSPECIFIED.,.F.,
  .F.,(2,2),(0.,0.8),.PIECEWISE_BEZIER_KNOTS.);
#5660 = CARTESIAN_POINT('',(-2.7,23.435680740871,22.491011235955));
#5661 = CARTESIAN_POINT('',(-3.5,23.435680740871,22.491011235955));
#5662 = B_SPLINE_SURFACE_WITH_KNOTS('',1,1,(
    (#5663,#5664)
    ,(#5665,#5666
    )),.UNSPECIFIED.,.F.,.F.,.F.,(2,2),(2,2),(0.,0.684361832865),(-0.8,
    0.),.PIECEWISE_BEZIER_KNOTS.);
#5663 = CARTESIAN_POINT('',(-3.5,22.751318908006,22.491011235955));
#5664 = CARTESIAN_POINT('',(-2.7,22.751318908006,22.491011235955));
#5665 = CARTESIAN_POINT('',(-3.5,23.435680740871,22.491011235955));
#5666 = CARTESIAN_POINT('',(-2.7,23.435680740871,22.491011235955));
#5667 = ADVANCED_FACE('',(#5668),#5678,.T.);
#5668 = FACE_BOUND('',#5669,.T.);
#5669 = EDGE_LOOP('',(#5670,#5675,#5676,#5677));
#5670 = ORIENTED_EDGE('',*,*,#5671,.T.);
#5671 = EDGE_CURVE('',#5429,#5650,#5672,.T.);
#5672 = B_SPLINE_CURVE_WITH_KNOTS('',1,(#5673,#5674),.UNSPECIFIED.,.F.,
  .F.,(2,2),(0.,1.),.PIECEWISE_BEZIER_KNOTS.);
#5673 = CARTESIAN_POINT('',(-2.9,23.435680740871,21.391292134831));
#5674 = CARTESIAN_POINT('',(-2.9,23.435680740871,22.491011235955));
#5675 = ORIENTED_EDGE('',*,*,#5658,.T.);
#5676 = ORIENTED_EDGE('',*,*,#4850,.T.);
#5677 = ORIENTED_EDGE('',*,*,#5435,.F.);
#5678 = B_SPLINE_SURFACE_WITH_KNOTS('',1,1,(
    (#5679,#5680)
    ,(#5681,#5682
    )),.UNSPECIFIED.,.F.,.F.,.F.,(2,2),(2,2),(0.,1.099719101124),(-0.8,
    0.),.PIECEWISE_BEZIER_KNOTS.);
#5679 = CARTESIAN_POINT('',(-3.5,23.435680740871,22.491011235955));
#5680 = CARTESIAN_POINT('',(-2.7,23.435680740871,22.491011235955));
#5681 = CARTESIAN_POINT('',(-3.5,23.435680740871,21.391292134831));
#5682 = CARTESIAN_POINT('',(-2.7,23.435680740871,21.391292134831));
#5683 = ADVANCED_FACE('',(#5684,#5687),#5698,.F.);
#5684 = FACE_BOUND('',#5685,.F.);
#5685 = EDGE_LOOP('',(#5686));
#5686 = ORIENTED_EDGE('',*,*,#4872,.T.);
#5687 = FACE_BOUND('',#5688,.F.);
#5688 = EDGE_LOOP('',(#5689));
#5689 = ORIENTED_EDGE('',*,*,#5690,.F.);
#5690 = EDGE_CURVE('',#5691,#5691,#5693,.T.);
#5691 = VERTEX_POINT('',#5692);
#5692 = CARTESIAN_POINT('',(62.13,2.68,5.6));
#5693 = CIRCLE('',#5694,1.6);
#5694 = AXIS2_PLACEMENT_3D('',#5695,#5696,#5697);
#5695 = CARTESIAN_POINT('',(60.53,2.68,5.6));
#5696 = DIRECTION('',(0.,0.,1.));
#5697 = DIRECTION('',(1.,0.,0.));
#5698 = PLANE('',#5699);
#5699 = AXIS2_PLACEMENT_3D('',#5700,#5701,#5702);
#5700 = CARTESIAN_POINT('',(60.53,2.68,5.6));
#5701 = DIRECTION('',(0.,0.,1.));
#5702 = DIRECTION('',(1.,0.,0.));
#5703 = ADVANCED_FACE('',(#5704,#5707),#5718,.F.);
#5704 = FACE_BOUND('',#5705,.F.);
#5705 = EDGE_LOOP('',(#5706));
#5706 = ORIENTED_EDGE('',*,*,#4897,.T.);
#5707 = FACE_BOUND('',#5708,.F.);
#5708 = EDGE_LOOP('',(#5709));
#5709 = ORIENTED_EDGE('',*,*,#5710,.F.);
#5710 = EDGE_CURVE('',#5711,#5711,#5713,.T.);
#5711 = VERTEX_POINT('',#5712);
#5712 = CARTESIAN_POINT('',(4.22,2.52,5.6));
#5713 = CIRCLE('',#5714,1.6);
#5714 = AXIS2_PLACEMENT_3D('',#5715,#5716,#5717);
#5715 = CARTESIAN_POINT('',(2.62,2.52,5.6));
#5716 = DIRECTION('',(0.,0.,1.));
#5717 = DIRECTION('',(1.,0.,0.));
#5718 = PLANE('',#5719);
#5719 = AXIS2_PLACEMENT_3D('',#5720,#5721,#5722);
#5720 = CARTESIAN_POINT('',(2.62,2.52,5.6));
#5721 = DIRECTION('',(0.,0.,1.));
#5722 = DIRECTION('',(1.,0.,0.));
#5723 = ADVANCED_FACE('',(#5724),#5746,.F.);
#5724 = FACE_BOUND('',#5725,.F.);
#5725 = EDGE_LOOP('',(#5726,#5727,#5728,#5729,#5730,#5739));
#5726 = ORIENTED_EDGE('',*,*,#5038,.T.);
#5727 = ORIENTED_EDGE('',*,*,#4940,.T.);
#5728 = ORIENTED_EDGE('',*,*,#4913,.T.);
#5729 = ORIENTED_EDGE('',*,*,#4956,.T.);
#5730 = ORIENTED_EDGE('',*,*,#5731,.F.);
#5731 = EDGE_CURVE('',#5732,#4957,#5734,.T.);
#5732 = VERTEX_POINT('',#5733);
#5733 = CARTESIAN_POINT('',(49.6,22.88,5.6));
#5734 = CIRCLE('',#5735,1.15);
#5735 = AXIS2_PLACEMENT_3D('',#5736,#5737,#5738);
#5736 = CARTESIAN_POINT('',(48.45,22.88,5.6));
#5737 = DIRECTION('',(0.,0.,1.));
#5738 = DIRECTION('',(1.,0.,0.));
#5739 = ORIENTED_EDGE('',*,*,#5740,.F.);
#5740 = EDGE_CURVE('',#5029,#5732,#5741,.T.);
#5741 = CIRCLE('',#5742,1.15);
#5742 = AXIS2_PLACEMENT_3D('',#5743,#5744,#5745);
#5743 = CARTESIAN_POINT('',(48.45,22.88,5.6));
#5744 = DIRECTION('',(0.,0.,1.));
#5745 = DIRECTION('',(1.,0.,0.));
#5746 = PLANE('',#5747);
#5747 = AXIS2_PLACEMENT_3D('',#5748,#5749,#5750);
#5748 = CARTESIAN_POINT('',(48.45,22.88,5.6));
#5749 = DIRECTION('',(0.,0.,1.));
#5750 = DIRECTION('',(1.,0.,0.));
#5751 = ADVANCED_FACE('',(#5752),#5774,.T.);
#5752 = FACE_BOUND('',#5753,.T.);
#5753 = EDGE_LOOP('',(#5754,#5755,#5756,#5757,#5766,#5773));
#5754 = ORIENTED_EDGE('',*,*,#5013,.T.);
#5755 = ORIENTED_EDGE('',*,*,#5005,.T.);
#5756 = ORIENTED_EDGE('',*,*,#4972,.F.);
#5757 = ORIENTED_EDGE('',*,*,#5758,.F.);
#5758 = EDGE_CURVE('',#5759,#4965,#5761,.T.);
#5759 = VERTEX_POINT('',#5760);
#5760 = CARTESIAN_POINT('',(49.6,22.88,7.5));
#5761 = CIRCLE('',#5762,1.15);
#5762 = AXIS2_PLACEMENT_3D('',#5763,#5764,#5765);
#5763 = CARTESIAN_POINT('',(48.45,22.88,7.5));
#5764 = DIRECTION('',(0.,0.,1.));
#5765 = DIRECTION('',(1.,0.,0.));
#5766 = ORIENTED_EDGE('',*,*,#5767,.F.);
#5767 = EDGE_CURVE('',#5031,#5759,#5768,.T.);
#5768 = CIRCLE('',#5769,1.15);
#5769 = AXIS2_PLACEMENT_3D('',#5770,#5771,#5772);
#5770 = CARTESIAN_POINT('',(48.45,22.88,7.5));
#5771 = DIRECTION('',(0.,0.,1.));
#5772 = DIRECTION('',(1.,0.,0.));
#5773 = ORIENTED_EDGE('',*,*,#5046,.F.);
#5774 = PLANE('',#5775);
#5775 = AXIS2_PLACEMENT_3D('',#5776,#5777,#5778);
#5776 = CARTESIAN_POINT('',(48.45,22.88,7.5));
#5777 = DIRECTION('',(0.,0.,1.));
#5778 = DIRECTION('',(1.,0.,0.));
#5779 = ADVANCED_FACE('',(#5780),#5788,.F.);
#5780 = FACE_BOUND('',#5781,.F.);
#5781 = EDGE_LOOP('',(#5782,#5783,#5784,#5785,#5786,#5787));
#5782 = ORIENTED_EDGE('',*,*,#5028,.F.);
#5783 = ORIENTED_EDGE('',*,*,#5740,.T.);
#5784 = ORIENTED_EDGE('',*,*,#5731,.T.);
#5785 = ORIENTED_EDGE('',*,*,#4964,.T.);
#5786 = ORIENTED_EDGE('',*,*,#5758,.F.);
#5787 = ORIENTED_EDGE('',*,*,#5767,.F.);
#5788 = CYLINDRICAL_SURFACE('',#5789,1.15);
#5789 = AXIS2_PLACEMENT_3D('',#5790,#5791,#5792);
#5790 = CARTESIAN_POINT('',(48.45,22.88,5.59));
#5791 = DIRECTION('',(0.,0.,1.));
#5792 = DIRECTION('',(1.,0.,0.));
#5793 = ADVANCED_FACE('',(#5794,#5797),#5808,.F.);
#5794 = FACE_BOUND('',#5795,.F.);
#5795 = EDGE_LOOP('',(#5796));
#5796 = ORIENTED_EDGE('',*,*,#4997,.T.);
#5797 = FACE_BOUND('',#5798,.F.);
#5798 = EDGE_LOOP('',(#5799));
#5799 = ORIENTED_EDGE('',*,*,#5800,.F.);
#5800 = EDGE_CURVE('',#5801,#5801,#5803,.T.);
#5801 = VERTEX_POINT('',#5802);
#5802 = CARTESIAN_POINT('',(49.6,22.88,12.1));
#5803 = CIRCLE('',#5804,1.15);
#5804 = AXIS2_PLACEMENT_3D('',#5805,#5806,#5807);
#5805 = CARTESIAN_POINT('',(48.45,22.88,12.1));
#5806 = DIRECTION('',(0.,0.,1.));
#5807 = DIRECTION('',(1.,0.,0.));
#5808 = PLANE('',#5809);
#5809 = AXIS2_PLACEMENT_3D('',#5810,#5811,#5812);
#5810 = CARTESIAN_POINT('',(48.45,22.88,12.1));
#5811 = DIRECTION('',(0.,0.,1.));
#5812 = DIRECTION('',(1.,0.,0.));
#5813 = ADVANCED_FACE('',(#5814),#5824,.T.);
#5814 = FACE_BOUND('',#5815,.T.);
#5815 = EDGE_LOOP('',(#5816,#5817,#5818,#5819,#5820,#5821,#5822,#5823));
#5816 = ORIENTED_EDGE('',*,*,#5072,.F.);
#5817 = ORIENTED_EDGE('',*,*,#5112,.F.);
#5818 = ORIENTED_EDGE('',*,*,#5144,.F.);
#5819 = ORIENTED_EDGE('',*,*,#5176,.F.);
#5820 = ORIENTED_EDGE('',*,*,#5210,.F.);
#5821 = ORIENTED_EDGE('',*,*,#5244,.F.);
#5822 = ORIENTED_EDGE('',*,*,#5278,.F.);
#5823 = ORIENTED_EDGE('',*,*,#5312,.F.);
#5824 = PLANE('',#5825);
#5825 = AXIS2_PLACEMENT_3D('',#5826,#5827,#5828);
#5826 = CARTESIAN_POINT('',(66.,-2.9,-2.5));
#5827 = DIRECTION('',(1.,0.,0.));
#5828 = DIRECTION('',(0.,0.,1.));
#5829 = ADVANCED_FACE('',(#5830),#5849,.F.);
#5830 = FACE_BOUND('',#5831,.F.);
#5831 = EDGE_LOOP('',(#5832,#5841,#5847,#5848));
#5832 = ORIENTED_EDGE('',*,*,#5833,.F.);
#5833 = EDGE_CURVE('',#5834,#5834,#5836,.T.);
#5834 = VERTEX_POINT('',#5835);
#5835 = CARTESIAN_POINT('',(13.62,33.63,10.2));
#5836 = CIRCLE('',#5837,1.6);
#5837 = AXIS2_PLACEMENT_3D('',#5838,#5839,#5840);
#5838 = CARTESIAN_POINT('',(12.02,33.63,10.2));
#5839 = DIRECTION('',(0.,0.,1.));
#5840 = DIRECTION('',(1.,0.,0.));
#5841 = ORIENTED_EDGE('',*,*,#5842,.F.);
#5842 = EDGE_CURVE('',#5344,#5834,#5843,.T.);
#5843 = LINE('',#5844,#5845);
#5844 = CARTESIAN_POINT('',(13.62,33.63,5.6));
#5845 = VECTOR('',#5846,1.);
#5846 = DIRECTION('',(0.,0.,1.));
#5847 = ORIENTED_EDGE('',*,*,#5343,.T.);
#5848 = ORIENTED_EDGE('',*,*,#5842,.T.);
#5849 = CYLINDRICAL_SURFACE('',#5850,1.6);
#5850 = AXIS2_PLACEMENT_3D('',#5851,#5852,#5853);
#5851 = CARTESIAN_POINT('',(12.02,33.63,5.6));
#5852 = DIRECTION('',(0.,0.,1.));
#5853 = DIRECTION('',(1.,0.,0.));
#5854 = ADVANCED_FACE('',(#5855),#5860,.F.);
#5855 = FACE_BOUND('',#5856,.F.);
#5856 = EDGE_LOOP('',(#5857,#5858,#5859));
#5857 = ORIENTED_EDGE('',*,*,#5388,.T.);
#5858 = ORIENTED_EDGE('',*,*,#5360,.T.);
#5859 = ORIENTED_EDGE('',*,*,#5410,.T.);
#5860 = PLANE('',#5861);
#5861 = AXIS2_PLACEMENT_3D('',#5862,#5863,#5864);
#5862 = CARTESIAN_POINT('',(-2.9,-2.9,-2.5));
#5863 = DIRECTION('',(1.,0.,0.));
#5864 = DIRECTION('',(0.,0.,1.));
#5865 = ADVANCED_FACE('',(#5866),#5877,.F.);
#5866 = FACE_BOUND('',#5867,.F.);
#5867 = EDGE_LOOP('',(#5868,#5869,#5870,#5871,#5872,#5873,#5874,#5875,
    #5876));
#5868 = ORIENTED_EDGE('',*,*,#5454,.T.);
#5869 = ORIENTED_EDGE('',*,*,#5426,.T.);
#5870 = ORIENTED_EDGE('',*,*,#5671,.T.);
#5871 = ORIENTED_EDGE('',*,*,#5649,.T.);
#5872 = ORIENTED_EDGE('',*,*,#5615,.T.);
#5873 = ORIENTED_EDGE('',*,*,#5583,.T.);
#5874 = ORIENTED_EDGE('',*,*,#5551,.T.);
#5875 = ORIENTED_EDGE('',*,*,#5523,.T.);
#5876 = ORIENTED_EDGE('',*,*,#5493,.T.);
#5877 = PLANE('',#5878);
#5878 = AXIS2_PLACEMENT_3D('',#5879,#5880,#5881);
#5879 = CARTESIAN_POINT('',(-2.9,-2.9,-2.5));
#5880 = DIRECTION('',(1.,0.,0.));
#5881 = DIRECTION('',(0.,0.,1.));
#5882 = ADVANCED_FACE('',(#5883),#5902,.F.);
#5883 = FACE_BOUND('',#5884,.F.);
#5884 = EDGE_LOOP('',(#5885,#5894,#5900,#5901));
#5885 = ORIENTED_EDGE('',*,*,#5886,.F.);
#5886 = EDGE_CURVE('',#5887,#5887,#5889,.T.);
#5887 = VERTEX_POINT('',#5888);
#5888 = CARTESIAN_POINT('',(62.13,2.68,10.2));
#5889 = CIRCLE('',#5890,1.6);
#5890 = AXIS2_PLACEMENT_3D('',#5891,#5892,#5893);
#5891 = CARTESIAN_POINT('',(60.53,2.68,10.2));
#5892 = DIRECTION('',(0.,0.,1.));
#5893 = DIRECTION('',(1.,0.,0.));
#5894 = ORIENTED_EDGE('',*,*,#5895,.F.);
#5895 = EDGE_CURVE('',#5691,#5887,#5896,.T.);
#5896 = LINE('',#5897,#5898);
#5897 = CARTESIAN_POINT('',(62.13,2.68,5.6));
#5898 = VECTOR('',#5899,1.);
#5899 = DIRECTION('',(0.,0.,1.));
#5900 = ORIENTED_EDGE('',*,*,#5690,.T.);
#5901 = ORIENTED_EDGE('',*,*,#5895,.T.);
#5902 = CYLINDRICAL_SURFACE('',#5903,1.6);
#5903 = AXIS2_PLACEMENT_3D('',#5904,#5905,#5906);
#5904 = CARTESIAN_POINT('',(60.53,2.68,5.6));
#5905 = DIRECTION('',(0.,0.,1.));
#5906 = DIRECTION('',(1.,0.,0.));
#5907 = ADVANCED_FACE('',(#5908),#5927,.F.);
#5908 = FACE_BOUND('',#5909,.F.);
#5909 = EDGE_LOOP('',(#5910,#5919,#5925,#5926));
#5910 = ORIENTED_EDGE('',*,*,#5911,.F.);
#5911 = EDGE_CURVE('',#5912,#5912,#5914,.T.);
#5912 = VERTEX_POINT('',#5913);
#5913 = CARTESIAN_POINT('',(4.22,2.52,10.2));
#5914 = CIRCLE('',#5915,1.6);
#5915 = AXIS2_PLACEMENT_3D('',#5916,#5917,#5918);
#5916 = CARTESIAN_POINT('',(2.62,2.52,10.2));
#5917 = DIRECTION('',(0.,0.,1.));
#5918 = DIRECTION('',(1.,0.,0.));
#5919 = ORIENTED_EDGE('',*,*,#5920,.F.);
#5920 = EDGE_CURVE('',#5711,#5912,#5921,.T.);
#5921 = LINE('',#5922,#5923);
#5922 = CARTESIAN_POINT('',(4.22,2.52,5.6));
#5923 = VECTOR('',#5924,1.);
#5924 = DIRECTION('',(0.,0.,1.));
#5925 = ORIENTED_EDGE('',*,*,#5710,.T.);
#5926 = ORIENTED_EDGE('',*,*,#5920,.T.);
#5927 = CYLINDRICAL_SURFACE('',#5928,1.6);
#5928 = AXIS2_PLACEMENT_3D('',#5929,#5930,#5931);
#5929 = CARTESIAN_POINT('',(2.62,2.52,5.6));
#5930 = DIRECTION('',(0.,0.,1.));
#5931 = DIRECTION('',(1.,0.,0.));
#5932 = ADVANCED_FACE('',(#5933),#5952,.F.);
#5933 = FACE_BOUND('',#5934,.F.);
#5934 = EDGE_LOOP('',(#5935,#5943,#5950,#5951));
#5935 = ORIENTED_EDGE('',*,*,#5936,.T.);
#5936 = EDGE_CURVE('',#5801,#5937,#5939,.T.);
#5937 = VERTEX_POINT('',#5938);
#5938 = CARTESIAN_POINT('',(49.6,22.88,14.4));
#5939 = LINE('',#5940,#5941);
#5940 = CARTESIAN_POINT('',(49.6,22.88,12.09));
#5941 = VECTOR('',#5942,1.);
#5942 = DIRECTION('',(0.,0.,1.));
#5943 = ORIENTED_EDGE('',*,*,#5944,.F.);
#5944 = EDGE_CURVE('',#5937,#5937,#5945,.T.);
#5945 = CIRCLE('',#5946,1.15);
#5946 = AXIS2_PLACEMENT_3D('',#5947,#5948,#5949);
#5947 = CARTESIAN_POINT('',(48.45,22.88,14.4));
#5948 = DIRECTION('',(0.,0.,1.));
#5949 = DIRECTION('',(1.,0.,0.));
#5950 = ORIENTED_EDGE('',*,*,#5936,.F.);
#5951 = ORIENTED_EDGE('',*,*,#5800,.T.);
#5952 = CYLINDRICAL_SURFACE('',#5953,1.15);
#5953 = AXIS2_PLACEMENT_3D('',#5954,#5955,#5956);
#5954 = CARTESIAN_POINT('',(48.45,22.88,12.09));
#5955 = DIRECTION('',(0.,0.,1.));
#5956 = DIRECTION('',(1.,0.,0.));
#5957 = ADVANCED_FACE('',(#5958,#5961),#5972,.F.);
#5958 = FACE_BOUND('',#5959,.F.);
#5959 = EDGE_LOOP('',(#5960));
#5960 = ORIENTED_EDGE('',*,*,#5833,.T.);
#5961 = FACE_BOUND('',#5962,.F.);
#5962 = EDGE_LOOP('',(#5963));
#5963 = ORIENTED_EDGE('',*,*,#5964,.F.);
#5964 = EDGE_CURVE('',#5965,#5965,#5967,.T.);
#5965 = VERTEX_POINT('',#5966);
#5966 = CARTESIAN_POINT('',(13.17,33.63,10.2));
#5967 = CIRCLE('',#5968,1.15);
#5968 = AXIS2_PLACEMENT_3D('',#5969,#5970,#5971);
#5969 = CARTESIAN_POINT('',(12.02,33.63,10.2));
#5970 = DIRECTION('',(0.,0.,1.));
#5971 = DIRECTION('',(1.,0.,0.));
#5972 = PLANE('',#5973);
#5973 = AXIS2_PLACEMENT_3D('',#5974,#5975,#5976);
#5974 = CARTESIAN_POINT('',(12.02,33.63,10.2));
#5975 = DIRECTION('',(0.,0.,1.));
#5976 = DIRECTION('',(1.,0.,0.));
#5977 = ADVANCED_FACE('',(#5978,#5981),#5992,.F.);
#5978 = FACE_BOUND('',#5979,.F.);
#5979 = EDGE_LOOP('',(#5980));
#5980 = ORIENTED_EDGE('',*,*,#5886,.T.);
#5981 = FACE_BOUND('',#5982,.F.);
#5982 = EDGE_LOOP('',(#5983));
#5983 = ORIENTED_EDGE('',*,*,#5984,.F.);
#5984 = EDGE_CURVE('',#5985,#5985,#5987,.T.);
#5985 = VERTEX_POINT('',#5986);
#5986 = CARTESIAN_POINT('',(61.68,2.68,10.2));
#5987 = CIRCLE('',#5988,1.15);
#5988 = AXIS2_PLACEMENT_3D('',#5989,#5990,#5991);
#5989 = CARTESIAN_POINT('',(60.53,2.68,10.2));
#5990 = DIRECTION('',(0.,0.,1.));
#5991 = DIRECTION('',(1.,0.,0.));
#5992 = PLANE('',#5993);
#5993 = AXIS2_PLACEMENT_3D('',#5994,#5995,#5996);
#5994 = CARTESIAN_POINT('',(60.53,2.68,10.2));
#5995 = DIRECTION('',(0.,0.,1.));
#5996 = DIRECTION('',(1.,0.,0.));
#5997 = ADVANCED_FACE('',(#5998,#6001),#6012,.F.);
#5998 = FACE_BOUND('',#5999,.F.);
#5999 = EDGE_LOOP('',(#6000));
#6000 = ORIENTED_EDGE('',*,*,#5911,.T.);
#6001 = FACE_BOUND('',#6002,.F.);
#6002 = EDGE_LOOP('',(#6003));
#6003 = ORIENTED_EDGE('',*,*,#6004,.F.);
#6004 = EDGE_CURVE('',#6005,#6005,#6007,.T.);
#6005 = VERTEX_POINT('',#6006);
#6006 = CARTESIAN_POINT('',(3.77,2.52,10.2));
#6007 = CIRCLE('',#6008,1.15);
#6008 = AXIS2_PLACEMENT_3D('',#6009,#6010,#6011);
#6009 = CARTESIAN_POINT('',(2.62,2.52,10.2));
#6010 = DIRECTION('',(0.,0.,1.));
#6011 = DIRECTION('',(1.,0.,0.));
#6012 = PLANE('',#6013);
#6013 = AXIS2_PLACEMENT_3D('',#6014,#6015,#6016);
#6014 = CARTESIAN_POINT('',(2.62,2.52,10.2));
#6015 = DIRECTION('',(0.,0.,1.));
#6016 = DIRECTION('',(1.,0.,0.));
#6017 = ADVANCED_FACE('',(#6018),#6021,.F.);
#6018 = FACE_BOUND('',#6019,.F.);
#6019 = EDGE_LOOP('',(#6020));
#6020 = ORIENTED_EDGE('',*,*,#5944,.T.);
#6021 = PLANE('',#6022);
#6022 = AXIS2_PLACEMENT_3D('',#6023,#6024,#6025);
#6023 = CARTESIAN_POINT('',(48.45,22.88,14.4));
#6024 = DIRECTION('',(0.,0.,1.));
#6025 = DIRECTION('',(1.,0.,0.));
#6026 = ADVANCED_FACE('',(#6027),#6046,.F.);
#6027 = FACE_BOUND('',#6028,.F.);
#6028 = EDGE_LOOP('',(#6029,#6037,#6044,#6045));
#6029 = ORIENTED_EDGE('',*,*,#6030,.T.);
#6030 = EDGE_CURVE('',#5965,#6031,#6033,.T.);
#6031 = VERTEX_POINT('',#6032);
#6032 = CARTESIAN_POINT('',(13.17,33.63,12.5));
#6033 = LINE('',#6034,#6035);
#6034 = CARTESIAN_POINT('',(13.17,33.63,10.19));
#6035 = VECTOR('',#6036,1.);
#6036 = DIRECTION('',(0.,0.,1.));
#6037 = ORIENTED_EDGE('',*,*,#6038,.F.);
#6038 = EDGE_CURVE('',#6031,#6031,#6039,.T.);
#6039 = CIRCLE('',#6040,1.15);
#6040 = AXIS2_PLACEMENT_3D('',#6041,#6042,#6043);
#6041 = CARTESIAN_POINT('',(12.02,33.63,12.5));
#6042 = DIRECTION('',(0.,0.,1.));
#6043 = DIRECTION('',(1.,0.,0.));
#6044 = ORIENTED_EDGE('',*,*,#6030,.F.);
#6045 = ORIENTED_EDGE('',*,*,#5964,.T.);
#6046 = CYLINDRICAL_SURFACE('',#6047,1.15);
#6047 = AXIS2_PLACEMENT_3D('',#6048,#6049,#6050);
#6048 = CARTESIAN_POINT('',(12.02,33.63,10.19));
#6049 = DIRECTION('',(0.,0.,1.));
#6050 = DIRECTION('',(1.,0.,0.));
#6051 = ADVANCED_FACE('',(#6052),#6071,.F.);
#6052 = FACE_BOUND('',#6053,.F.);
#6053 = EDGE_LOOP('',(#6054,#6062,#6069,#6070));
#6054 = ORIENTED_EDGE('',*,*,#6055,.T.);
#6055 = EDGE_CURVE('',#5985,#6056,#6058,.T.);
#6056 = VERTEX_POINT('',#6057);
#6057 = CARTESIAN_POINT('',(61.68,2.68,12.5));
#6058 = LINE('',#6059,#6060);
#6059 = CARTESIAN_POINT('',(61.68,2.68,10.19));
#6060 = VECTOR('',#6061,1.);
#6061 = DIRECTION('',(0.,0.,1.));
#6062 = ORIENTED_EDGE('',*,*,#6063,.F.);
#6063 = EDGE_CURVE('',#6056,#6056,#6064,.T.);
#6064 = CIRCLE('',#6065,1.15);
#6065 = AXIS2_PLACEMENT_3D('',#6066,#6067,#6068);
#6066 = CARTESIAN_POINT('',(60.53,2.68,12.5));
#6067 = DIRECTION('',(0.,0.,1.));
#6068 = DIRECTION('',(1.,0.,0.));
#6069 = ORIENTED_EDGE('',*,*,#6055,.F.);
#6070 = ORIENTED_EDGE('',*,*,#5984,.T.);
#6071 = CYLINDRICAL_SURFACE('',#6072,1.15);
#6072 = AXIS2_PLACEMENT_3D('',#6073,#6074,#6075);
#6073 = CARTESIAN_POINT('',(60.53,2.68,10.19));
#6074 = DIRECTION('',(0.,0.,1.));
#6075 = DIRECTION('',(1.,0.,0.));
#6076 = ADVANCED_FACE('',(#6077),#6096,.F.);
#6077 = FACE_BOUND('',#6078,.F.);
#6078 = EDGE_LOOP('',(#6079,#6087,#6094,#6095));
#6079 = ORIENTED_EDGE('',*,*,#6080,.T.);
#6080 = EDGE_CURVE('',#6005,#6081,#6083,.T.);
#6081 = VERTEX_POINT('',#6082);
#6082 = CARTESIAN_POINT('',(3.77,2.52,12.5));
#6083 = LINE('',#6084,#6085);
#6084 = CARTESIAN_POINT('',(3.77,2.52,10.19));
#6085 = VECTOR('',#6086,1.);
#6086 = DIRECTION('',(0.,0.,1.));
#6087 = ORIENTED_EDGE('',*,*,#6088,.F.);
#6088 = EDGE_CURVE('',#6081,#6081,#6089,.T.);
#6089 = CIRCLE('',#6090,1.15);
#6090 = AXIS2_PLACEMENT_3D('',#6091,#6092,#6093);
#6091 = CARTESIAN_POINT('',(2.62,2.52,12.5));
#6092 = DIRECTION('',(0.,0.,1.));
#6093 = DIRECTION('',(1.,0.,0.));
#6094 = ORIENTED_EDGE('',*,*,#6080,.F.);
#6095 = ORIENTED_EDGE('',*,*,#6004,.T.);
#6096 = CYLINDRICAL_SURFACE('',#6097,1.15);
#6097 = AXIS2_PLACEMENT_3D('',#6098,#6099,#6100);
#6098 = CARTESIAN_POINT('',(2.62,2.52,10.19));
#6099 = DIRECTION('',(0.,0.,1.));
#6100 = DIRECTION('',(1.,0.,0.));
#6101 = ADVANCED_FACE('',(#6102),#6105,.F.);
#6102 = FACE_BOUND('',#6103,.F.);
#6103 = EDGE_LOOP('',(#6104));
#6104 = ORIENTED_EDGE('',*,*,#6038,.T.);
#6105 = PLANE('',#6106);
#6106 = AXIS2_PLACEMENT_3D('',#6107,#6108,#6109);
#6107 = CARTESIAN_POINT('',(12.02,33.63,12.5));
#6108 = DIRECTION('',(0.,0.,1.));
#6109 = DIRECTION('',(1.,0.,0.));
#6110 = ADVANCED_FACE('',(#6111),#6114,.F.);
#6111 = FACE_BOUND('',#6112,.F.);
#6112 = EDGE_LOOP('',(#6113));
#6113 = ORIENTED_EDGE('',*,*,#6063,.T.);
#6114 = PLANE('',#6115);
#6115 = AXIS2_PLACEMENT_3D('',#6116,#6117,#6118);
#6116 = CARTESIAN_POINT('',(60.53,2.68,12.5));
#6117 = DIRECTION('',(0.,0.,1.));
#6118 = DIRECTION('',(1.,0.,0.));
#6119 = ADVANCED_FACE('',(#6120),#6123,.F.);
#6120 = FACE_BOUND('',#6121,.F.);
#6121 = EDGE_LOOP('',(#6122));
#6122 = ORIENTED_EDGE('',*,*,#6088,.T.);
#6123 = PLANE('',#6124);
#6124 = AXIS2_PLACEMENT_3D('',#6125,#6126,#6127);
#6125 = CARTESIAN_POINT('',(2.62,2.52,12.5));
#6126 = DIRECTION('',(0.,0.,1.));
#6127 = DIRECTION('',(1.,0.,0.));
#6128 = ( GEOMETRIC_REPRESENTATION_CONTEXT(3) 
GLOBAL_UNCERTAINTY_ASSIGNED_CONTEXT((#6132)) 
GLOBAL_UNIT_ASSIGNED_CONTEXT((#6129,#6130,#6131)) REPRESENTATION_CONTEXT
('Context #1','3D Context with UNIT and UNCERTAINTY') );
#6129 = ( LENGTH_UNIT() NAMED_UNIT(*) SI_UNIT(.MILLI.,.METRE.) );
#6130 = ( NAMED_UNIT(*) PLANE_ANGLE_UNIT() SI_UNIT($,.RADIAN.) );
#6131 = ( NAMED_UNIT(*) SI_UNIT($,.STERADIAN.) SOLID_ANGLE_UNIT() );
#6132 = UNCERTAINTY_MEASURE_WITH_UNIT(LENGTH_MEASURE(2.E-06),#6129,
  'distance_accuracy_value','confusion accuracy');
#6133 = PRODUCT_RELATED_PRODUCT_CATEGORY('part',$,(#7));
ENDSEC;
END-ISO-10303-21;
