ISO-10303-21;
HEADER;
FILE_DESCRIPTION(('FreeCAD Model'),'2;1');
FILE_NAME('Open CASCADE Shape Model','2026-09-25T15:20:29',('FreeCAD'),(
    'FreeCAD'),'Open CASCADE STEP processor 7.8','FreeCAD','Unknown');
FILE_SCHEMA(('AUTOMOTIVE_DESIGN { 1 0 10303 214 1 1 1 1 }'));
ENDSEC;
DATA;
#1 = APPLICATION_PROTOCOL_DEFINITION('international standard',
  'automotive_design',2000,#2);
#2 = APPLICATION_CONTEXT(
  'core data for automotive mechanical design processes');
#3 = SHAPE_DEFINITION_REPRESENTATION(#4,#10);
#4 = PRODUCT_DEFINITION_SHAPE('','',#5);
#5 = PRODUCT_DEFINITION('design','',#6,#9);
#6 = PRODUCT_DEFINITION_FORMATION('','',#7);
#7 = PRODUCT('Open CASCADE STEP translator 7.8 17',
  'Open CASCADE STEP translator 7.8 17','',(#8));
#8 = PRODUCT_CONTEXT('',#2,'mechanical');
#9 = PRODUCT_DEFINITION_CONTEXT('part definition',#2,'design');
#10 = ADVANCED_BREP_SHAPE_REPRESENTATION('',(#11,#15),#10256);
#11 = AXIS2_PLACEMENT_3D('',#12,#13,#14);
#12 = CARTESIAN_POINT('',(0.,0.,0.));
#13 = DIRECTION('',(0.,0.,1.));
#14 = DIRECTION('',(1.,0.,-0.));
#15 = MANIFOLD_SOLID_BREP('',#16);
#16 = CLOSED_SHELL('',(#17,#185,#235,#361,#413,#437,#461,#627,#651,#675,
    #699,#758,#782,#858,#882,#975,#999,#1050,#1244,#1451,#1475,#1508,
    #1525,#1557,#1613,#1637,#1655,#1686,#1750,#1774,#1831,#1848,#1882,
    #1922,#1938,#1962,#1986,#2002,#2058,#2083,#2123,#2134,#2166,#2202,
    #2227,#2262,#2318,#2346,#2378,#2436,#2476,#2486,#2511,#2590,#2614,
    #2686,#2703,#2737,#2790,#2826,#2854,#2909,#2990,#3017,#3034,#3070,
    #3100,#3124,#3144,#3175,#3189,#3226,#3243,#3260,#3277,#3299,#3316,
    #3333,#3345,#3357,#3375,#3415,#3470,#3510,#3527,#3539,#3551,#3569,
    #3581,#3606,#3624,#3636,#3664,#3686,#3708,#3725,#3742,#3759,#3771,
    #3788,#3800,#3834,#3859,#3871,#3880,#3913,#3939,#3956,#3965,#3991,
    #4016,#4034,#4052,#4063,#4088,#4108,#4133,#6194,#6203,#6228,#6237,
    #6272,#6300,#6328,#6349,#6384,#6412,#6436,#6464,#6492,#6516,#6544,
    #6572,#6596,#6620,#6637,#6668,#6696,#6724,#6752,#6776,#6804,#6832,
    #6860,#6884,#6912,#6940,#6968,#6992,#7020,#7048,#7069,#7100,#7124,
    #7148,#7172,#7196,#7220,#7244,#7268,#7296,#7324,#7348,#7376,#7404,
    #7428,#7452,#7469,#7500,#7528,#7556,#7584,#7608,#7632,#7660,#7688,
    #7712,#7740,#7768,#7792,#7816,#7833,#7864,#7888,#7912,#7940,#7968,
    #7992,#8020,#8048,#8072,#8096,#8120,#8144,#8168,#8192,#8216,#8240,
    #8257,#8288,#8312,#8336,#8360,#8384,#8408,#8432,#8456,#8480,#8497,
    #8528,#8552,#8576,#8604,#8632,#8656,#8684,#8712,#8736,#8760,#8784,
    #8801,#8810,#8896,#8943,#8967,#8991,#9058,#9083,#9101,#9175,#9212,
    #9236,#9292,#9360,#9397,#9421,#9477,#9545,#9613,#9674,#9691,#9754,
    #9805,#9829,#9853,#9902,#9970,#9994,#10055,#10116,#10140,#10194,
    #10206,#10218,#10229,#10242));
#17 = ADVANCED_FACE('',(#18),#180,.T.);
#18 = FACE_BOUND('',#19,.T.);
#19 = EDGE_LOOP('',(#20,#31,#39,#48,#56,#64,#73,#82,#91,#100,#108,#116,
    #124,#133,#141,#149,#157,#166,#174));
#20 = ORIENTED_EDGE('',*,*,#21,.F.);
#21 = EDGE_CURVE('',#22,#24,#26,.T.);
#22 = VERTEX_POINT('',#23);
#23 = CARTESIAN_POINT('',(-0.5,0.9,23.5));
#24 = VERTEX_POINT('',#25);
#25 = CARTESIAN_POINT('',(0.9,-0.5,23.5));
#26 = CIRCLE('',#27,1.4);
#27 = AXIS2_PLACEMENT_3D('',#28,#29,#30);
#28 = CARTESIAN_POINT('',(0.9,0.9,23.5));
#29 = DIRECTION('',(-0.,0.,1.));
#30 = DIRECTION('',(0.,-1.,0.));
#31 = ORIENTED_EDGE('',*,*,#32,.T.);
#32 = EDGE_CURVE('',#22,#33,#35,.T.);
#33 = VERTEX_POINT('',#34);
#34 = CARTESIAN_POINT('',(-0.5,36.65,23.5));
#35 = LINE('',#36,#37);
#36 = CARTESIAN_POINT('',(-0.5,-0.5,23.5));
#37 = VECTOR('',#38,1.);
#38 = DIRECTION('',(0.,1.,0.));
#39 = ORIENTED_EDGE('',*,*,#40,.T.);
#40 = EDGE_CURVE('',#33,#41,#43,.T.);
#41 = VERTEX_POINT('',#42);
#42 = CARTESIAN_POINT('',(0.9,38.05,23.5));
#43 = CIRCLE('',#44,1.4);
#44 = AXIS2_PLACEMENT_3D('',#45,#46,#47);
#45 = CARTESIAN_POINT('',(0.9,36.65,23.5));
#46 = DIRECTION('',(-0.,-0.,-1.));
#47 = DIRECTION('',(0.,-1.,0.));
#48 = ORIENTED_EDGE('',*,*,#49,.T.);
#49 = EDGE_CURVE('',#41,#50,#52,.T.);
#50 = VERTEX_POINT('',#51);
#51 = CARTESIAN_POINT('',(15.27,38.05,23.5));
#52 = LINE('',#53,#54);
#53 = CARTESIAN_POINT('',(-0.5,38.05,23.5));
#54 = VECTOR('',#55,1.);
#55 = DIRECTION('',(1.,0.,0.));
#56 = ORIENTED_EDGE('',*,*,#57,.F.);
#57 = EDGE_CURVE('',#58,#50,#60,.T.);
#58 = VERTEX_POINT('',#59);
#59 = CARTESIAN_POINT('',(15.27,37.53173769149,23.5));
#60 = LINE('',#61,#62);
#61 = CARTESIAN_POINT('',(15.27,36.85,23.5));
#62 = VECTOR('',#63,1.);
#63 = DIRECTION('',(0.,1.,0.));
#64 = ORIENTED_EDGE('',*,*,#65,.T.);
#65 = EDGE_CURVE('',#58,#66,#68,.T.);
#66 = VERTEX_POINT('',#67);
#67 = CARTESIAN_POINT('',(17.02425,31.729304559589,23.5));
#68 = CIRCLE('',#69,3.25);
#69 = AXIS2_PLACEMENT_3D('',#70,#71,#72);
#70 = CARTESIAN_POINT('',(17.27,34.97,23.5));
#71 = DIRECTION('',(0.,0.,1.));
#72 = DIRECTION('',(1.,0.,0.));
#73 = ORIENTED_EDGE('',*,*,#74,.T.);
#74 = EDGE_CURVE('',#66,#75,#77,.T.);
#75 = VERTEX_POINT('',#76);
#76 = CARTESIAN_POINT('',(17.078666666667,31.725636956881,23.5));
#77 = CIRCLE('',#78,3.25);
#78 = AXIS2_PLACEMENT_3D('',#79,#80,#81);
#79 = CARTESIAN_POINT('',(17.27,34.97,23.5));
#80 = DIRECTION('',(0.,0.,1.));
#81 = DIRECTION('',(1.,0.,0.));
#82 = ORIENTED_EDGE('',*,*,#83,.T.);
#83 = EDGE_CURVE('',#75,#84,#86,.T.);
#84 = VERTEX_POINT('',#85);
#85 = CARTESIAN_POINT('',(20.52,34.97,23.5));
#86 = CIRCLE('',#87,3.25);
#87 = AXIS2_PLACEMENT_3D('',#88,#89,#90);
#88 = CARTESIAN_POINT('',(17.27,34.97,23.5));
#89 = DIRECTION('',(0.,0.,1.));
#90 = DIRECTION('',(1.,0.,0.));
#91 = ORIENTED_EDGE('',*,*,#92,.T.);
#92 = EDGE_CURVE('',#84,#93,#95,.T.);
#93 = VERTEX_POINT('',#94);
#94 = CARTESIAN_POINT('',(19.27,37.53173769149,23.5));
#95 = CIRCLE('',#96,3.25);
#96 = AXIS2_PLACEMENT_3D('',#97,#98,#99);
#97 = CARTESIAN_POINT('',(17.27,34.97,23.5));
#98 = DIRECTION('',(0.,0.,1.));
#99 = DIRECTION('',(1.,0.,0.));
#100 = ORIENTED_EDGE('',*,*,#101,.T.);
#101 = EDGE_CURVE('',#93,#102,#104,.T.);
#102 = VERTEX_POINT('',#103);
#103 = CARTESIAN_POINT('',(19.27,38.05,23.5));
#104 = LINE('',#105,#106);
#105 = CARTESIAN_POINT('',(19.27,36.85,23.5));
#106 = VECTOR('',#107,1.);
#107 = DIRECTION('',(0.,1.,0.));
#108 = ORIENTED_EDGE('',*,*,#109,.T.);
#109 = EDGE_CURVE('',#102,#110,#112,.T.);
#110 = VERTEX_POINT('',#111);
#111 = CARTESIAN_POINT('',(61.94,38.05,23.5));
#112 = LINE('',#113,#114);
#113 = CARTESIAN_POINT('',(-0.5,38.05,23.5));
#114 = VECTOR('',#115,1.);
#115 = DIRECTION('',(1.,0.,0.));
#116 = ORIENTED_EDGE('',*,*,#117,.F.);
#117 = EDGE_CURVE('',#118,#110,#120,.T.);
#118 = VERTEX_POINT('',#119);
#119 = CARTESIAN_POINT('',(61.94,37.42173769149,23.5));
#120 = LINE('',#121,#122);
#121 = CARTESIAN_POINT('',(61.94,36.85,23.5));
#122 = VECTOR('',#123,1.);
#123 = DIRECTION('',(0.,1.,0.));
#124 = ORIENTED_EDGE('',*,*,#125,.T.);
#125 = EDGE_CURVE('',#118,#126,#128,.T.);
#126 = VERTEX_POINT('',#127);
#127 = CARTESIAN_POINT('',(66.50173769149,32.86,23.5));
#128 = CIRCLE('',#129,3.25);
#129 = AXIS2_PLACEMENT_3D('',#130,#131,#132);
#130 = CARTESIAN_POINT('',(63.94,34.86,23.5));
#131 = DIRECTION('',(0.,0.,1.));
#132 = DIRECTION('',(1.,0.,0.));
#133 = ORIENTED_EDGE('',*,*,#134,.T.);
#134 = EDGE_CURVE('',#126,#135,#137,.T.);
#135 = VERTEX_POINT('',#136);
#136 = CARTESIAN_POINT('',(67.15,32.86,23.5));
#137 = LINE('',#138,#139);
#138 = CARTESIAN_POINT('',(65.9,32.86,23.5));
#139 = VECTOR('',#140,1.);
#140 = DIRECTION('',(1.,0.,0.));
#141 = ORIENTED_EDGE('',*,*,#142,.F.);
#142 = EDGE_CURVE('',#143,#135,#145,.T.);
#143 = VERTEX_POINT('',#144);
#144 = CARTESIAN_POINT('',(67.15,4.7,23.5));
#145 = LINE('',#146,#147);
#146 = CARTESIAN_POINT('',(67.15,-0.5,23.5));
#147 = VECTOR('',#148,1.);
#148 = DIRECTION('',(0.,1.,0.));
#149 = ORIENTED_EDGE('',*,*,#150,.F.);
#150 = EDGE_CURVE('',#151,#143,#153,.T.);
#151 = VERTEX_POINT('',#152);
#152 = CARTESIAN_POINT('',(66.55173769149,4.7,23.5));
#153 = LINE('',#154,#155);
#154 = CARTESIAN_POINT('',(65.9,4.7,23.5));
#155 = VECTOR('',#156,1.);
#156 = DIRECTION('',(1.,0.,0.));
#157 = ORIENTED_EDGE('',*,*,#158,.T.);
#158 = EDGE_CURVE('',#151,#159,#161,.T.);
#159 = VERTEX_POINT('',#160);
#160 = CARTESIAN_POINT('',(61.99,0.13826230851,23.5));
#161 = CIRCLE('',#162,3.25);
#162 = AXIS2_PLACEMENT_3D('',#163,#164,#165);
#163 = CARTESIAN_POINT('',(63.99,2.7,23.5));
#164 = DIRECTION('',(0.,0.,1.));
#165 = DIRECTION('',(1.,0.,0.));
#166 = ORIENTED_EDGE('',*,*,#167,.F.);
#167 = EDGE_CURVE('',#168,#159,#170,.T.);
#168 = VERTEX_POINT('',#169);
#169 = CARTESIAN_POINT('',(61.99,-0.5,23.5));
#170 = LINE('',#171,#172);
#171 = CARTESIAN_POINT('',(61.99,-1.,23.5));
#172 = VECTOR('',#173,1.);
#173 = DIRECTION('',(0.,1.,0.));
#174 = ORIENTED_EDGE('',*,*,#175,.F.);
#175 = EDGE_CURVE('',#24,#168,#176,.T.);
#176 = LINE('',#177,#178);
#177 = CARTESIAN_POINT('',(-0.5,-0.5,23.5));
#178 = VECTOR('',#179,1.);
#179 = DIRECTION('',(1.,0.,0.));
#180 = PLANE('',#181);
#181 = AXIS2_PLACEMENT_3D('',#182,#183,#184);
#182 = CARTESIAN_POINT('',(33.579924223154,19.820060730619,23.5));
#183 = DIRECTION('',(-0.,-0.,-1.));
#184 = DIRECTION('',(-1.,0.,0.));
#185 = ADVANCED_FACE('',(#186),#230,.F.);
#186 = FACE_BOUND('',#187,.F.);
#187 = EDGE_LOOP('',(#188,#189,#197,#206,#215,#224));
#188 = ORIENTED_EDGE('',*,*,#21,.F.);
#189 = ORIENTED_EDGE('',*,*,#190,.F.);
#190 = EDGE_CURVE('',#191,#22,#193,.T.);
#191 = VERTEX_POINT('',#192);
#192 = CARTESIAN_POINT('',(-0.5,0.9,11.96));
#193 = LINE('',#194,#195);
#194 = CARTESIAN_POINT('',(-0.5,0.9,-3.));
#195 = VECTOR('',#196,1.);
#196 = DIRECTION('',(0.,0.,1.));
#197 = ORIENTED_EDGE('',*,*,#198,.T.);
#198 = EDGE_CURVE('',#191,#199,#201,.T.);
#199 = VERTEX_POINT('',#200);
#200 = CARTESIAN_POINT('',(-0.2,3.397459621562E-02,11.96));
#201 = CIRCLE('',#202,1.4);
#202 = AXIS2_PLACEMENT_3D('',#203,#204,#205);
#203 = CARTESIAN_POINT('',(0.9,0.9,11.96));
#204 = DIRECTION('',(0.,0.,1.));
#205 = DIRECTION('',(-1.,0.,0.));
#206 = ORIENTED_EDGE('',*,*,#207,.T.);
#207 = EDGE_CURVE('',#199,#208,#210,.T.);
#208 = VERTEX_POINT('',#209);
#209 = CARTESIAN_POINT('',(3.397459621563E-02,-0.2,11.96));
#210 = CIRCLE('',#211,1.4);
#211 = AXIS2_PLACEMENT_3D('',#212,#213,#214);
#212 = CARTESIAN_POINT('',(0.9,0.9,11.96));
#213 = DIRECTION('',(0.,0.,1.));
#214 = DIRECTION('',(-1.,0.,0.));
#215 = ORIENTED_EDGE('',*,*,#216,.T.);
#216 = EDGE_CURVE('',#208,#217,#219,.T.);
#217 = VERTEX_POINT('',#218);
#218 = CARTESIAN_POINT('',(0.9,-0.5,11.96));
#219 = CIRCLE('',#220,1.4);
#220 = AXIS2_PLACEMENT_3D('',#221,#222,#223);
#221 = CARTESIAN_POINT('',(0.9,0.9,11.96));
#222 = DIRECTION('',(0.,0.,1.));
#223 = DIRECTION('',(-1.,0.,0.));
#224 = ORIENTED_EDGE('',*,*,#225,.T.);
#225 = EDGE_CURVE('',#217,#24,#226,.T.);
#226 = LINE('',#227,#228);
#227 = CARTESIAN_POINT('',(0.9,-0.5,-1.));
#228 = VECTOR('',#229,1.);
#229 = DIRECTION('',(0.,0.,1.));
#230 = CYLINDRICAL_SURFACE('',#231,1.4);
#231 = AXIS2_PLACEMENT_3D('',#232,#233,#234);
#232 = CARTESIAN_POINT('',(0.9,0.9,-1.));
#233 = DIRECTION('',(0.,0.,1.));
#234 = DIRECTION('',(-1.,0.,0.));
#235 = ADVANCED_FACE('',(#236,#286,#322),#356,.T.);
#236 = FACE_BOUND('',#237,.T.);
#237 = EDGE_LOOP('',(#238,#246,#247,#248,#256,#264,#272,#280));
#238 = ORIENTED_EDGE('',*,*,#239,.T.);
#239 = EDGE_CURVE('',#240,#33,#242,.T.);
#240 = VERTEX_POINT('',#241);
#241 = CARTESIAN_POINT('',(-0.5,36.65,11.96));
#242 = LINE('',#243,#244);
#243 = CARTESIAN_POINT('',(-0.5,36.65,11.96));
#244 = VECTOR('',#245,1.);
#245 = DIRECTION('',(0.,0.,1.));
#246 = ORIENTED_EDGE('',*,*,#32,.F.);
#247 = ORIENTED_EDGE('',*,*,#190,.F.);
#248 = ORIENTED_EDGE('',*,*,#249,.T.);
#249 = EDGE_CURVE('',#191,#250,#252,.T.);
#250 = VERTEX_POINT('',#251);
#251 = CARTESIAN_POINT('',(-0.5,23.03,11.96));
#252 = LINE('',#253,#254);
#253 = CARTESIAN_POINT('',(-0.5,22.03,11.96));
#254 = VECTOR('',#255,1.);
#255 = DIRECTION('',(0.,1.,0.));
#256 = ORIENTED_EDGE('',*,*,#257,.T.);
#257 = EDGE_CURVE('',#250,#258,#260,.T.);
#258 = VERTEX_POINT('',#259);
#259 = CARTESIAN_POINT('',(-0.5,23.03,15.6));
#260 = LINE('',#261,#262);
#261 = CARTESIAN_POINT('',(-0.5,23.03,11.96));
#262 = VECTOR('',#263,1.);
#263 = DIRECTION('',(0.,0.,1.));
#264 = ORIENTED_EDGE('',*,*,#265,.F.);
#265 = EDGE_CURVE('',#266,#258,#268,.T.);
#266 = VERTEX_POINT('',#267);
#267 = CARTESIAN_POINT('',(-0.5,36.03,15.6));
#268 = LINE('',#269,#270);
#269 = CARTESIAN_POINT('',(-0.5,10.765,15.6));
#270 = VECTOR('',#271,1.);
#271 = DIRECTION('',(0.,-1.,0.));
#272 = ORIENTED_EDGE('',*,*,#273,.T.);
#273 = EDGE_CURVE('',#266,#274,#276,.T.);
#274 = VERTEX_POINT('',#275);
#275 = CARTESIAN_POINT('',(-0.5,36.03,11.96));
#276 = LINE('',#277,#278);
#277 = CARTESIAN_POINT('',(-0.5,36.03,11.96));
#278 = VECTOR('',#279,1.);
#279 = DIRECTION('',(0.,0.,-1.));
#280 = ORIENTED_EDGE('',*,*,#281,.T.);
#281 = EDGE_CURVE('',#274,#240,#282,.T.);
#282 = LINE('',#283,#284);
#283 = CARTESIAN_POINT('',(-0.5,0.,11.96));
#284 = VECTOR('',#285,1.);
#285 = DIRECTION('',(0.,1.,0.));
#286 = FACE_BOUND('',#287,.T.);
#287 = EDGE_LOOP('',(#288,#299,#307,#316));
#288 = ORIENTED_EDGE('',*,*,#289,.F.);
#289 = EDGE_CURVE('',#290,#292,#294,.T.);
#290 = VERTEX_POINT('',#291);
#291 = CARTESIAN_POINT('',(-0.5,6.785301005062,23.));
#292 = VERTEX_POINT('',#293);
#293 = CARTESIAN_POINT('',(-0.5,8.82,16.1));
#294 = CIRCLE('',#295,3.75);
#295 = AXIS2_PLACEMENT_3D('',#296,#297,#298);
#296 = CARTESIAN_POINT('',(-0.5,8.82,19.85));
#297 = DIRECTION('',(1.,0.,-0.));
#298 = DIRECTION('',(0.,0.,1.));
#299 = ORIENTED_EDGE('',*,*,#300,.F.);
#300 = EDGE_CURVE('',#301,#290,#303,.T.);
#301 = VERTEX_POINT('',#302);
#302 = CARTESIAN_POINT('',(-0.5,16.354698994938,23.));
#303 = LINE('',#304,#305);
#304 = CARTESIAN_POINT('',(-0.5,-15.24268892877,23.));
#305 = VECTOR('',#306,1.);
#306 = DIRECTION('',(0.,-1.,0.));
#307 = ORIENTED_EDGE('',*,*,#308,.F.);
#308 = EDGE_CURVE('',#309,#301,#311,.T.);
#309 = VERTEX_POINT('',#310);
#310 = CARTESIAN_POINT('',(-0.5,14.32,16.1));
#311 = CIRCLE('',#312,3.75);
#312 = AXIS2_PLACEMENT_3D('',#313,#314,#315);
#313 = CARTESIAN_POINT('',(-0.5,14.32,19.85));
#314 = DIRECTION('',(1.,0.,-0.));
#315 = DIRECTION('',(0.,0.,1.));
#316 = ORIENTED_EDGE('',*,*,#317,.T.);
#317 = EDGE_CURVE('',#309,#292,#318,.T.);
#318 = LINE('',#319,#320);
#319 = CARTESIAN_POINT('',(-0.5,14.150118552806,16.1));
#320 = VECTOR('',#321,1.);
#321 = DIRECTION('',(0.,-1.,0.));
#322 = FACE_BOUND('',#323,.T.);
#323 = EDGE_LOOP('',(#324,#334,#342,#350));
#324 = ORIENTED_EDGE('',*,*,#325,.F.);
#325 = EDGE_CURVE('',#326,#328,#330,.T.);
#326 = VERTEX_POINT('',#327);
#327 = CARTESIAN_POINT('',(-0.5,3.2,15.2));
#328 = VERTEX_POINT('',#329);
#329 = CARTESIAN_POINT('',(-0.5,7.2,15.2));
#330 = LINE('',#331,#332);
#331 = CARTESIAN_POINT('',(-0.5,3.2,15.2));
#332 = VECTOR('',#333,1.);
#333 = DIRECTION('',(0.,1.,0.));
#334 = ORIENTED_EDGE('',*,*,#335,.T.);
#335 = EDGE_CURVE('',#326,#336,#338,.T.);
#336 = VERTEX_POINT('',#337);
#337 = CARTESIAN_POINT('',(-0.5,3.2,16.4));
#338 = LINE('',#339,#340);
#339 = CARTESIAN_POINT('',(-0.5,3.2,15.2));
#340 = VECTOR('',#341,1.);
#341 = DIRECTION('',(0.,0.,1.));
#342 = ORIENTED_EDGE('',*,*,#343,.T.);
#343 = EDGE_CURVE('',#336,#344,#346,.T.);
#344 = VERTEX_POINT('',#345);
#345 = CARTESIAN_POINT('',(-0.5,7.2,16.4));
#346 = LINE('',#347,#348);
#347 = CARTESIAN_POINT('',(-0.5,3.2,16.4));
#348 = VECTOR('',#349,1.);
#349 = DIRECTION('',(0.,1.,0.));
#350 = ORIENTED_EDGE('',*,*,#351,.F.);
#351 = EDGE_CURVE('',#328,#344,#352,.T.);
#352 = LINE('',#353,#354);
#353 = CARTESIAN_POINT('',(-0.5,7.2,15.2));
#354 = VECTOR('',#355,1.);
#355 = DIRECTION('',(0.,0.,1.));
#356 = PLANE('',#357);
#357 = AXIS2_PLACEMENT_3D('',#358,#359,#360);
#358 = CARTESIAN_POINT('',(-0.5,19.543666797565,17.912250147261));
#359 = DIRECTION('',(1.,0.,0.));
#360 = DIRECTION('',(0.,0.,1.));
#361 = ADVANCED_FACE('',(#362),#408,.F.);
#362 = FACE_BOUND('',#363,.F.);
#363 = EDGE_LOOP('',(#364,#375,#384,#393,#400,#401,#402));
#364 = ORIENTED_EDGE('',*,*,#365,.T.);
#365 = EDGE_CURVE('',#366,#368,#370,.T.);
#366 = VERTEX_POINT('',#367);
#367 = CARTESIAN_POINT('',(0.9,38.05,11.96));
#368 = VERTEX_POINT('',#369);
#369 = CARTESIAN_POINT('',(3.397459621564E-02,37.75,11.96));
#370 = CIRCLE('',#371,1.4);
#371 = AXIS2_PLACEMENT_3D('',#372,#373,#374);
#372 = CARTESIAN_POINT('',(0.9,36.65,11.96));
#373 = DIRECTION('',(0.,0.,1.));
#374 = DIRECTION('',(-1.,0.,0.));
#375 = ORIENTED_EDGE('',*,*,#376,.T.);
#376 = EDGE_CURVE('',#368,#377,#379,.T.);
#377 = VERTEX_POINT('',#378);
#378 = CARTESIAN_POINT('',(-0.2,37.516025403784,11.96));
#379 = CIRCLE('',#380,1.4);
#380 = AXIS2_PLACEMENT_3D('',#381,#382,#383);
#381 = CARTESIAN_POINT('',(0.9,36.65,11.96));
#382 = DIRECTION('',(0.,0.,1.));
#383 = DIRECTION('',(-1.,0.,0.));
#384 = ORIENTED_EDGE('',*,*,#385,.T.);
#385 = EDGE_CURVE('',#377,#386,#388,.T.);
#386 = VERTEX_POINT('',#387);
#387 = CARTESIAN_POINT('',(-0.447442021016,37.03,11.96));
#388 = CIRCLE('',#389,1.4);
#389 = AXIS2_PLACEMENT_3D('',#390,#391,#392);
#390 = CARTESIAN_POINT('',(0.9,36.65,11.96));
#391 = DIRECTION('',(0.,0.,1.));
#392 = DIRECTION('',(-1.,0.,0.));
#393 = ORIENTED_EDGE('',*,*,#394,.T.);
#394 = EDGE_CURVE('',#386,#240,#395,.T.);
#395 = CIRCLE('',#396,1.4);
#396 = AXIS2_PLACEMENT_3D('',#397,#398,#399);
#397 = CARTESIAN_POINT('',(0.9,36.65,11.96));
#398 = DIRECTION('',(0.,0.,1.));
#399 = DIRECTION('',(1.,0.,0.));
#400 = ORIENTED_EDGE('',*,*,#239,.T.);
#401 = ORIENTED_EDGE('',*,*,#40,.T.);
#402 = ORIENTED_EDGE('',*,*,#403,.F.);
#403 = EDGE_CURVE('',#366,#41,#404,.T.);
#404 = LINE('',#405,#406);
#405 = CARTESIAN_POINT('',(0.9,38.05,-3.));
#406 = VECTOR('',#407,1.);
#407 = DIRECTION('',(0.,0.,1.));
#408 = CYLINDRICAL_SURFACE('',#409,1.4);
#409 = AXIS2_PLACEMENT_3D('',#410,#411,#412);
#410 = CARTESIAN_POINT('',(0.9,36.65,-1.));
#411 = DIRECTION('',(0.,0.,1.));
#412 = DIRECTION('',(-1.,0.,0.));
#413 = ADVANCED_FACE('',(#414),#432,.T.);
#414 = FACE_BOUND('',#415,.T.);
#415 = EDGE_LOOP('',(#416,#424,#430,#431));
#416 = ORIENTED_EDGE('',*,*,#417,.T.);
#417 = EDGE_CURVE('',#366,#418,#420,.T.);
#418 = VERTEX_POINT('',#419);
#419 = CARTESIAN_POINT('',(15.27,38.05,11.96));
#420 = LINE('',#421,#422);
#421 = CARTESIAN_POINT('',(-50.25,38.05,11.96));
#422 = VECTOR('',#423,1.);
#423 = DIRECTION('',(1.,0.,0.));
#424 = ORIENTED_EDGE('',*,*,#425,.F.);
#425 = EDGE_CURVE('',#50,#418,#426,.T.);
#426 = LINE('',#427,#428);
#427 = CARTESIAN_POINT('',(15.27,38.05,5.48));
#428 = VECTOR('',#429,1.);
#429 = DIRECTION('',(0.,0.,-1.));
#430 = ORIENTED_EDGE('',*,*,#49,.F.);
#431 = ORIENTED_EDGE('',*,*,#403,.F.);
#432 = PLANE('',#433);
#433 = AXIS2_PLACEMENT_3D('',#434,#435,#436);
#434 = CARTESIAN_POINT('',(8.085,38.05,17.73));
#435 = DIRECTION('',(-0.,-1.,-3.545787425979E-16));
#436 = DIRECTION('',(0.,3.545787425979E-16,-1.));
#437 = ADVANCED_FACE('',(#438),#456,.T.);
#438 = FACE_BOUND('',#439,.T.);
#439 = EDGE_LOOP('',(#440,#448,#449,#450));
#440 = ORIENTED_EDGE('',*,*,#441,.T.);
#441 = EDGE_CURVE('',#442,#58,#444,.T.);
#442 = VERTEX_POINT('',#443);
#443 = CARTESIAN_POINT('',(15.27,37.53173769149,11.96));
#444 = LINE('',#445,#446);
#445 = CARTESIAN_POINT('',(15.27,37.53173769149,11.96));
#446 = VECTOR('',#447,1.);
#447 = DIRECTION('',(0.,0.,1.));
#448 = ORIENTED_EDGE('',*,*,#57,.T.);
#449 = ORIENTED_EDGE('',*,*,#425,.T.);
#450 = ORIENTED_EDGE('',*,*,#451,.F.);
#451 = EDGE_CURVE('',#442,#418,#452,.T.);
#452 = LINE('',#453,#454);
#453 = CARTESIAN_POINT('',(15.27,36.85,11.96));
#454 = VECTOR('',#455,1.);
#455 = DIRECTION('',(0.,1.,0.));
#456 = PLANE('',#457);
#457 = AXIS2_PLACEMENT_3D('',#458,#459,#460);
#458 = CARTESIAN_POINT('',(15.27,37.790868845745,17.73));
#459 = DIRECTION('',(-1.,-0.,-0.));
#460 = DIRECTION('',(0.,0.,-1.));
#461 = ADVANCED_FACE('',(#462),#622,.T.);
#462 = FACE_BOUND('',#463,.T.);
#463 = EDGE_LOOP('',(#464,#472,#473,#474,#475,#476,#477,#486,#494,#503,
    #511,#520,#529,#538,#547,#555,#564,#572,#581,#590,#598,#607,#615));
#464 = ORIENTED_EDGE('',*,*,#465,.T.);
#465 = EDGE_CURVE('',#466,#93,#468,.T.);
#466 = VERTEX_POINT('',#467);
#467 = CARTESIAN_POINT('',(19.27,37.53173769149,11.96));
#468 = LINE('',#469,#470);
#469 = CARTESIAN_POINT('',(19.27,37.53173769149,9.96));
#470 = VECTOR('',#471,1.);
#471 = DIRECTION('',(0.,0.,1.));
#472 = ORIENTED_EDGE('',*,*,#92,.F.);
#473 = ORIENTED_EDGE('',*,*,#83,.F.);
#474 = ORIENTED_EDGE('',*,*,#74,.F.);
#475 = ORIENTED_EDGE('',*,*,#65,.F.);
#476 = ORIENTED_EDGE('',*,*,#441,.F.);
#477 = ORIENTED_EDGE('',*,*,#478,.F.);
#478 = EDGE_CURVE('',#479,#442,#481,.T.);
#479 = VERTEX_POINT('',#480);
#480 = CARTESIAN_POINT('',(15.586521458408,37.75,11.96));
#481 = CIRCLE('',#482,3.25);
#482 = AXIS2_PLACEMENT_3D('',#483,#484,#485);
#483 = CARTESIAN_POINT('',(17.27,34.97,11.96));
#484 = DIRECTION('',(0.,0.,1.));
#485 = DIRECTION('',(1.,0.,0.));
#486 = ORIENTED_EDGE('',*,*,#487,.F.);
#487 = EDGE_CURVE('',#488,#479,#490,.T.);
#488 = VERTEX_POINT('',#489);
#489 = CARTESIAN_POINT('',(15.586521458408,37.75,6.2));
#490 = LINE('',#491,#492);
#491 = CARTESIAN_POINT('',(15.586521458408,37.75,6.2));
#492 = VECTOR('',#493,1.);
#493 = DIRECTION('',(0.,0.,1.));
#494 = ORIENTED_EDGE('',*,*,#495,.T.);
#495 = EDGE_CURVE('',#488,#496,#498,.T.);
#496 = VERTEX_POINT('',#497);
#497 = CARTESIAN_POINT('',(14.614028934579,36.84305037296,6.2));
#498 = CIRCLE('',#499,3.25);
#499 = AXIS2_PLACEMENT_3D('',#500,#501,#502);
#500 = CARTESIAN_POINT('',(17.27,34.97,6.2));
#501 = DIRECTION('',(0.,0.,1.));
#502 = DIRECTION('',(1.,0.,0.));
#503 = ORIENTED_EDGE('',*,*,#504,.T.);
#504 = EDGE_CURVE('',#496,#505,#507,.T.);
#505 = VERTEX_POINT('',#506);
#506 = CARTESIAN_POINT('',(14.614028934579,36.84305037296,8.1));
#507 = LINE('',#508,#509);
#508 = CARTESIAN_POINT('',(14.614028934579,36.84305037296,6.2));
#509 = VECTOR('',#510,1.);
#510 = DIRECTION('',(0.,0.,1.));
#511 = ORIENTED_EDGE('',*,*,#512,.T.);
#512 = EDGE_CURVE('',#505,#513,#515,.T.);
#513 = VERTEX_POINT('',#514);
#514 = CARTESIAN_POINT('',(14.152133507973,34.052716762446,
    8.845464683886));
#515 = ELLIPSE('',#516,4.596194077713,3.25);
#516 = AXIS2_PLACEMENT_3D('',#517,#518,#519);
#517 = CARTESIAN_POINT('',(17.27,34.97,5.65));
#518 = DIRECTION('',(0.703382642451,7.247660517969E-02,0.707106781187));
#519 = DIRECTION('',(-0.703382642452,-7.247660517975E-02,0.707106781186)
  );
#520 = ORIENTED_EDGE('',*,*,#521,.T.);
#521 = EDGE_CURVE('',#513,#522,#524,.T.);
#522 = VERTEX_POINT('',#523);
#523 = CARTESIAN_POINT('',(14.767713141946,32.896100175994,
    8.819900093302));
#524 = ELLIPSE('',#525,4.596194077713,3.25);
#525 = AXIS2_PLACEMENT_3D('',#526,#527,#528);
#526 = CARTESIAN_POINT('',(17.27,34.97,5.65));
#527 = DIRECTION('',(0.630568159972,0.31997467967,0.707106781187));
#528 = DIRECTION('',(-0.630568159972,-0.31997467967,0.707106781186));
#529 = ORIENTED_EDGE('',*,*,#530,.T.);
#530 = EDGE_CURVE('',#522,#531,#533,.T.);
#531 = VERTEX_POINT('',#532);
#532 = CARTESIAN_POINT('',(16.222609642053,31.893399044712,
    8.726600955288));
#533 = ELLIPSE('',#534,4.596194077713,3.25);
#534 = AXIS2_PLACEMENT_3D('',#535,#536,#537);
#535 = CARTESIAN_POINT('',(17.27,34.97,5.65));
#536 = DIRECTION('',(0.431447560754,0.560225849385,0.707106781187));
#537 = DIRECTION('',(-0.431447560754,-0.560225849385,0.707106781186));
#538 = ORIENTED_EDGE('',*,*,#539,.T.);
#539 = EDGE_CURVE('',#531,#540,#542,.T.);
#540 = VERTEX_POINT('',#541);
#541 = CARTESIAN_POINT('',(19.405415650406,32.52,8.1));
#542 = ELLIPSE('',#543,4.596194077713,3.25);
#543 = AXIS2_PLACEMENT_3D('',#544,#545,#546);
#544 = CARTESIAN_POINT('',(17.27,34.97,5.65));
#545 = DIRECTION('',(-7.999999999995E-17,0.707106781187,0.707106781187)
  );
#546 = DIRECTION('',(7.999999999995E-17,-0.707106781187,0.707106781187)
  );
#547 = ORIENTED_EDGE('',*,*,#548,.F.);
#548 = EDGE_CURVE('',#549,#540,#551,.T.);
#549 = VERTEX_POINT('',#550);
#550 = CARTESIAN_POINT('',(19.405415650406,32.52,6.2));
#551 = LINE('',#552,#553);
#552 = CARTESIAN_POINT('',(19.405415650406,32.52,6.2));
#553 = VECTOR('',#554,1.);
#554 = DIRECTION('',(0.,0.,1.));
#555 = ORIENTED_EDGE('',*,*,#556,.T.);
#556 = EDGE_CURVE('',#549,#557,#559,.T.);
#557 = VERTEX_POINT('',#558);
#558 = CARTESIAN_POINT('',(19.72,32.834584349594,6.2));
#559 = CIRCLE('',#560,3.25);
#560 = AXIS2_PLACEMENT_3D('',#561,#562,#563);
#561 = CARTESIAN_POINT('',(17.27,34.97,6.2));
#562 = DIRECTION('',(0.,0.,1.));
#563 = DIRECTION('',(1.,0.,0.));
#564 = ORIENTED_EDGE('',*,*,#565,.T.);
#565 = EDGE_CURVE('',#557,#566,#568,.T.);
#566 = VERTEX_POINT('',#567);
#567 = CARTESIAN_POINT('',(19.72,32.834584349594,8.1));
#568 = LINE('',#569,#570);
#569 = CARTESIAN_POINT('',(19.72,32.834584349594,6.2));
#570 = VECTOR('',#571,1.);
#571 = DIRECTION('',(0.,0.,1.));
#572 = ORIENTED_EDGE('',*,*,#573,.T.);
#573 = EDGE_CURVE('',#566,#574,#576,.T.);
#574 = VERTEX_POINT('',#575);
#575 = CARTESIAN_POINT('',(20.52,34.97,8.9));
#576 = ELLIPSE('',#577,4.596194077713,3.25);
#577 = AXIS2_PLACEMENT_3D('',#578,#579,#580);
#578 = CARTESIAN_POINT('',(17.27,34.97,5.65));
#579 = DIRECTION('',(-0.707106781187,0.,0.707106781187));
#580 = DIRECTION('',(0.707106781187,0.,0.707106781187));
#581 = ORIENTED_EDGE('',*,*,#582,.T.);
#582 = EDGE_CURVE('',#574,#583,#585,.T.);
#583 = VERTEX_POINT('',#584);
#584 = CARTESIAN_POINT('',(19.72,37.105415650406,8.1));
#585 = ELLIPSE('',#586,4.596194077713,3.25);
#586 = AXIS2_PLACEMENT_3D('',#587,#588,#589);
#587 = CARTESIAN_POINT('',(17.27,34.97,5.65));
#588 = DIRECTION('',(-0.707106781187,0.,0.707106781187));
#589 = DIRECTION('',(0.707106781187,0.,0.707106781187));
#590 = ORIENTED_EDGE('',*,*,#591,.F.);
#591 = EDGE_CURVE('',#592,#583,#594,.T.);
#592 = VERTEX_POINT('',#593);
#593 = CARTESIAN_POINT('',(19.72,37.105415650406,6.2));
#594 = LINE('',#595,#596);
#595 = CARTESIAN_POINT('',(19.72,37.105415650406,6.2));
#596 = VECTOR('',#597,1.);
#597 = DIRECTION('',(0.,0.,1.));
#598 = ORIENTED_EDGE('',*,*,#599,.T.);
#599 = EDGE_CURVE('',#592,#600,#602,.T.);
#600 = VERTEX_POINT('',#601);
#601 = CARTESIAN_POINT('',(18.953478541592,37.75,6.2));
#602 = CIRCLE('',#603,3.25);
#603 = AXIS2_PLACEMENT_3D('',#604,#605,#606);
#604 = CARTESIAN_POINT('',(17.27,34.97,6.2));
#605 = DIRECTION('',(0.,0.,1.));
#606 = DIRECTION('',(1.,0.,0.));
#607 = ORIENTED_EDGE('',*,*,#608,.T.);
#608 = EDGE_CURVE('',#600,#609,#611,.T.);
#609 = VERTEX_POINT('',#610);
#610 = CARTESIAN_POINT('',(18.953478541592,37.75,11.96));
#611 = LINE('',#612,#613);
#612 = CARTESIAN_POINT('',(18.953478541592,37.75,6.2));
#613 = VECTOR('',#614,1.);
#614 = DIRECTION('',(0.,0.,1.));
#615 = ORIENTED_EDGE('',*,*,#616,.F.);
#616 = EDGE_CURVE('',#466,#609,#617,.T.);
#617 = CIRCLE('',#618,3.25);
#618 = AXIS2_PLACEMENT_3D('',#619,#620,#621);
#619 = CARTESIAN_POINT('',(17.27,34.97,11.96));
#620 = DIRECTION('',(0.,0.,1.));
#621 = DIRECTION('',(1.,0.,0.));
#622 = CYLINDRICAL_SURFACE('',#623,3.25);
#623 = AXIS2_PLACEMENT_3D('',#624,#625,#626);
#624 = CARTESIAN_POINT('',(17.27,34.97,11.96));
#625 = DIRECTION('',(0.,0.,1.));
#626 = DIRECTION('',(1.,0.,0.));
#627 = ADVANCED_FACE('',(#628),#646,.T.);
#628 = FACE_BOUND('',#629,.T.);
#629 = EDGE_LOOP('',(#630,#638,#644,#645));
#630 = ORIENTED_EDGE('',*,*,#631,.T.);
#631 = EDGE_CURVE('',#466,#632,#634,.T.);
#632 = VERTEX_POINT('',#633);
#633 = CARTESIAN_POINT('',(19.27,38.05,11.96));
#634 = LINE('',#635,#636);
#635 = CARTESIAN_POINT('',(19.27,36.85,11.96));
#636 = VECTOR('',#637,1.);
#637 = DIRECTION('',(0.,1.,0.));
#638 = ORIENTED_EDGE('',*,*,#639,.F.);
#639 = EDGE_CURVE('',#102,#632,#640,.T.);
#640 = LINE('',#641,#642);
#641 = CARTESIAN_POINT('',(19.27,38.05,3.48));
#642 = VECTOR('',#643,1.);
#643 = DIRECTION('',(0.,0.,-1.));
#644 = ORIENTED_EDGE('',*,*,#101,.F.);
#645 = ORIENTED_EDGE('',*,*,#465,.F.);
#646 = PLANE('',#647);
#647 = AXIS2_PLACEMENT_3D('',#648,#649,#650);
#648 = CARTESIAN_POINT('',(19.27,37.790868845745,17.73));
#649 = DIRECTION('',(1.,0.,0.));
#650 = DIRECTION('',(0.,0.,1.));
#651 = ADVANCED_FACE('',(#652),#670,.T.);
#652 = FACE_BOUND('',#653,.T.);
#653 = EDGE_LOOP('',(#654,#662,#668,#669));
#654 = ORIENTED_EDGE('',*,*,#655,.T.);
#655 = EDGE_CURVE('',#632,#656,#658,.T.);
#656 = VERTEX_POINT('',#657);
#657 = CARTESIAN_POINT('',(61.94,38.05,11.96));
#658 = LINE('',#659,#660);
#659 = CARTESIAN_POINT('',(-50.25,38.05,11.96));
#660 = VECTOR('',#661,1.);
#661 = DIRECTION('',(1.,0.,0.));
#662 = ORIENTED_EDGE('',*,*,#663,.F.);
#663 = EDGE_CURVE('',#110,#656,#664,.T.);
#664 = LINE('',#665,#666);
#665 = CARTESIAN_POINT('',(61.94,38.05,3.48));
#666 = VECTOR('',#667,1.);
#667 = DIRECTION('',(0.,0.,-1.));
#668 = ORIENTED_EDGE('',*,*,#109,.F.);
#669 = ORIENTED_EDGE('',*,*,#639,.T.);
#670 = PLANE('',#671);
#671 = AXIS2_PLACEMENT_3D('',#672,#673,#674);
#672 = CARTESIAN_POINT('',(40.605,38.05,17.73));
#673 = DIRECTION('',(-0.,-1.,-4.933558563135E-16));
#674 = DIRECTION('',(0.,4.933558563135E-16,-1.));
#675 = ADVANCED_FACE('',(#676),#694,.T.);
#676 = FACE_BOUND('',#677,.T.);
#677 = EDGE_LOOP('',(#678,#686,#687,#688));
#678 = ORIENTED_EDGE('',*,*,#679,.T.);
#679 = EDGE_CURVE('',#680,#118,#682,.T.);
#680 = VERTEX_POINT('',#681);
#681 = CARTESIAN_POINT('',(61.94,37.42173769149,11.96));
#682 = LINE('',#683,#684);
#683 = CARTESIAN_POINT('',(61.94,37.42173769149,6.2));
#684 = VECTOR('',#685,1.);
#685 = DIRECTION('',(0.,0.,1.));
#686 = ORIENTED_EDGE('',*,*,#117,.T.);
#687 = ORIENTED_EDGE('',*,*,#663,.T.);
#688 = ORIENTED_EDGE('',*,*,#689,.F.);
#689 = EDGE_CURVE('',#680,#656,#690,.T.);
#690 = LINE('',#691,#692);
#691 = CARTESIAN_POINT('',(61.94,36.85,11.96));
#692 = VECTOR('',#693,1.);
#693 = DIRECTION('',(0.,1.,0.));
#694 = PLANE('',#695);
#695 = AXIS2_PLACEMENT_3D('',#696,#697,#698);
#696 = CARTESIAN_POINT('',(61.94,37.735868845745,17.73));
#697 = DIRECTION('',(-1.,-0.,-0.));
#698 = DIRECTION('',(0.,0.,-1.));
#699 = ADVANCED_FACE('',(#700),#753,.T.);
#700 = FACE_BOUND('',#701,.T.);
#701 = EDGE_LOOP('',(#702,#710,#711,#712,#721,#729,#738,#746));
#702 = ORIENTED_EDGE('',*,*,#703,.T.);
#703 = EDGE_CURVE('',#704,#126,#706,.T.);
#704 = VERTEX_POINT('',#705);
#705 = CARTESIAN_POINT('',(66.50173769149,32.86,11.96));
#706 = LINE('',#707,#708);
#707 = CARTESIAN_POINT('',(66.50173769149,32.86,4.2));
#708 = VECTOR('',#709,1.);
#709 = DIRECTION('',(0.,0.,1.));
#710 = ORIENTED_EDGE('',*,*,#125,.F.);
#711 = ORIENTED_EDGE('',*,*,#679,.F.);
#712 = ORIENTED_EDGE('',*,*,#713,.F.);
#713 = EDGE_CURVE('',#714,#680,#716,.T.);
#714 = VERTEX_POINT('',#715);
#715 = CARTESIAN_POINT('',(62.453258596797,37.75,11.96));
#716 = CIRCLE('',#717,3.25);
#717 = AXIS2_PLACEMENT_3D('',#718,#719,#720);
#718 = CARTESIAN_POINT('',(63.94,34.86,11.96));
#719 = DIRECTION('',(0.,0.,1.));
#720 = DIRECTION('',(1.,0.,0.));
#721 = ORIENTED_EDGE('',*,*,#722,.F.);
#722 = EDGE_CURVE('',#723,#714,#725,.T.);
#723 = VERTEX_POINT('',#724);
#724 = CARTESIAN_POINT('',(62.453258596796,37.75,6.2));
#725 = LINE('',#726,#727);
#726 = CARTESIAN_POINT('',(62.453258596796,37.75,6.2));
#727 = VECTOR('',#728,1.);
#728 = DIRECTION('',(0.,0.,1.));
#729 = ORIENTED_EDGE('',*,*,#730,.T.);
#730 = EDGE_CURVE('',#723,#731,#733,.T.);
#731 = VERTEX_POINT('',#732);
#732 = CARTESIAN_POINT('',(66.855,33.422893532128,6.2));
#733 = CIRCLE('',#734,3.25);
#734 = AXIS2_PLACEMENT_3D('',#735,#736,#737);
#735 = CARTESIAN_POINT('',(63.94,34.86,6.2));
#736 = DIRECTION('',(0.,0.,1.));
#737 = DIRECTION('',(1.,0.,0.));
#738 = ORIENTED_EDGE('',*,*,#739,.T.);
#739 = EDGE_CURVE('',#731,#740,#742,.T.);
#740 = VERTEX_POINT('',#741);
#741 = CARTESIAN_POINT('',(66.855,33.422893532128,11.96));
#742 = LINE('',#743,#744);
#743 = CARTESIAN_POINT('',(66.855,33.422893532128,6.2));
#744 = VECTOR('',#745,1.);
#745 = DIRECTION('',(0.,0.,1.));
#746 = ORIENTED_EDGE('',*,*,#747,.F.);
#747 = EDGE_CURVE('',#704,#740,#748,.T.);
#748 = CIRCLE('',#749,3.25);
#749 = AXIS2_PLACEMENT_3D('',#750,#751,#752);
#750 = CARTESIAN_POINT('',(63.94,34.86,11.96));
#751 = DIRECTION('',(0.,0.,1.));
#752 = DIRECTION('',(1.,0.,0.));
#753 = CYLINDRICAL_SURFACE('',#754,3.25);
#754 = AXIS2_PLACEMENT_3D('',#755,#756,#757);
#755 = CARTESIAN_POINT('',(63.94,34.86,6.2));
#756 = DIRECTION('',(0.,0.,1.));
#757 = DIRECTION('',(1.,0.,0.));
#758 = ADVANCED_FACE('',(#759),#777,.T.);
#759 = FACE_BOUND('',#760,.T.);
#760 = EDGE_LOOP('',(#761,#769,#775,#776));
#761 = ORIENTED_EDGE('',*,*,#762,.T.);
#762 = EDGE_CURVE('',#704,#763,#765,.T.);
#763 = VERTEX_POINT('',#764);
#764 = CARTESIAN_POINT('',(67.15,32.86,11.96));
#765 = LINE('',#766,#767);
#766 = CARTESIAN_POINT('',(65.9,32.86,11.96));
#767 = VECTOR('',#768,1.);
#768 = DIRECTION('',(1.,0.,0.));
#769 = ORIENTED_EDGE('',*,*,#770,.T.);
#770 = EDGE_CURVE('',#763,#135,#771,.T.);
#771 = LINE('',#772,#773);
#772 = CARTESIAN_POINT('',(67.15,32.86,3.48));
#773 = VECTOR('',#774,1.);
#774 = DIRECTION('',(0.,0.,1.));
#775 = ORIENTED_EDGE('',*,*,#134,.F.);
#776 = ORIENTED_EDGE('',*,*,#703,.F.);
#777 = PLANE('',#778);
#778 = AXIS2_PLACEMENT_3D('',#779,#780,#781);
#779 = CARTESIAN_POINT('',(66.825868845745,32.86,17.73));
#780 = DIRECTION('',(-0.,-1.,-0.));
#781 = DIRECTION('',(0.,0.,-1.));
#782 = ADVANCED_FACE('',(#783),#853,.T.);
#783 = FACE_BOUND('',#784,.T.);
#784 = EDGE_LOOP('',(#785,#793,#794,#795,#803,#812,#821,#829,#838,#847)
  );
#785 = ORIENTED_EDGE('',*,*,#786,.T.);
#786 = EDGE_CURVE('',#787,#143,#789,.T.);
#787 = VERTEX_POINT('',#788);
#788 = CARTESIAN_POINT('',(67.15,4.7,11.96));
#789 = LINE('',#790,#791);
#790 = CARTESIAN_POINT('',(67.15,4.7,5.48));
#791 = VECTOR('',#792,1.);
#792 = DIRECTION('',(0.,0.,1.));
#793 = ORIENTED_EDGE('',*,*,#142,.T.);
#794 = ORIENTED_EDGE('',*,*,#770,.F.);
#795 = ORIENTED_EDGE('',*,*,#796,.T.);
#796 = EDGE_CURVE('',#763,#797,#799,.T.);
#797 = VERTEX_POINT('',#798);
#798 = CARTESIAN_POINT('',(67.15,30.98,11.96));
#799 = LINE('',#800,#801);
#800 = CARTESIAN_POINT('',(67.15,-50.25,11.96));
#801 = VECTOR('',#802,1.);
#802 = DIRECTION('',(0.,-1.,0.));
#803 = ORIENTED_EDGE('',*,*,#804,.T.);
#804 = EDGE_CURVE('',#797,#805,#807,.T.);
#805 = VERTEX_POINT('',#806);
#806 = CARTESIAN_POINT('',(67.15,27.38,15.56));
#807 = CIRCLE('',#808,3.6);
#808 = AXIS2_PLACEMENT_3D('',#809,#810,#811);
#809 = CARTESIAN_POINT('',(67.15,27.38,11.96));
#810 = DIRECTION('',(1.,0.,-0.));
#811 = DIRECTION('',(0.,0.,1.));
#812 = ORIENTED_EDGE('',*,*,#813,.T.);
#813 = EDGE_CURVE('',#805,#814,#816,.T.);
#814 = VERTEX_POINT('',#815);
#815 = CARTESIAN_POINT('',(67.15,23.78,11.96));
#816 = CIRCLE('',#817,3.6);
#817 = AXIS2_PLACEMENT_3D('',#818,#819,#820);
#818 = CARTESIAN_POINT('',(67.15,27.38,11.96));
#819 = DIRECTION('',(1.,0.,-0.));
#820 = DIRECTION('',(0.,0.,1.));
#821 = ORIENTED_EDGE('',*,*,#822,.T.);
#822 = EDGE_CURVE('',#814,#823,#825,.T.);
#823 = VERTEX_POINT('',#824);
#824 = CARTESIAN_POINT('',(67.15,14.33,11.96));
#825 = LINE('',#826,#827);
#826 = CARTESIAN_POINT('',(67.15,-50.25,11.96));
#827 = VECTOR('',#828,1.);
#828 = DIRECTION('',(0.,-1.,0.));
#829 = ORIENTED_EDGE('',*,*,#830,.T.);
#830 = EDGE_CURVE('',#823,#831,#833,.T.);
#831 = VERTEX_POINT('',#832);
#832 = CARTESIAN_POINT('',(67.15,10.73,15.56));
#833 = CIRCLE('',#834,3.6);
#834 = AXIS2_PLACEMENT_3D('',#835,#836,#837);
#835 = CARTESIAN_POINT('',(67.15,10.73,11.96));
#836 = DIRECTION('',(1.,0.,-0.));
#837 = DIRECTION('',(0.,0.,1.));
#838 = ORIENTED_EDGE('',*,*,#839,.T.);
#839 = EDGE_CURVE('',#831,#840,#842,.T.);
#840 = VERTEX_POINT('',#841);
#841 = CARTESIAN_POINT('',(67.15,7.13,11.96));
#842 = CIRCLE('',#843,3.6);
#843 = AXIS2_PLACEMENT_3D('',#844,#845,#846);
#844 = CARTESIAN_POINT('',(67.15,10.73,11.96));
#845 = DIRECTION('',(1.,0.,-0.));
#846 = DIRECTION('',(0.,0.,1.));
#847 = ORIENTED_EDGE('',*,*,#848,.T.);
#848 = EDGE_CURVE('',#840,#787,#849,.T.);
#849 = LINE('',#850,#851);
#850 = CARTESIAN_POINT('',(67.15,-50.25,11.96));
#851 = VECTOR('',#852,1.);
#852 = DIRECTION('',(0.,-1.,0.));
#853 = PLANE('',#854);
#854 = AXIS2_PLACEMENT_3D('',#855,#856,#857);
#855 = CARTESIAN_POINT('',(67.15,18.805062857723,17.777309534469));
#856 = DIRECTION('',(-1.,-0.,-0.));
#857 = DIRECTION('',(0.,0.,-1.));
#858 = ADVANCED_FACE('',(#859),#877,.T.);
#859 = FACE_BOUND('',#860,.T.);
#860 = EDGE_LOOP('',(#861,#869,#875,#876));
#861 = ORIENTED_EDGE('',*,*,#862,.F.);
#862 = EDGE_CURVE('',#863,#787,#865,.T.);
#863 = VERTEX_POINT('',#864);
#864 = CARTESIAN_POINT('',(66.55173769149,4.7,11.96));
#865 = LINE('',#866,#867);
#866 = CARTESIAN_POINT('',(65.9,4.7,11.96));
#867 = VECTOR('',#868,1.);
#868 = DIRECTION('',(1.,0.,0.));
#869 = ORIENTED_EDGE('',*,*,#870,.T.);
#870 = EDGE_CURVE('',#863,#151,#871,.T.);
#871 = LINE('',#872,#873);
#872 = CARTESIAN_POINT('',(66.55173769149,4.7,6.2));
#873 = VECTOR('',#874,1.);
#874 = DIRECTION('',(0.,0.,1.));
#875 = ORIENTED_EDGE('',*,*,#150,.T.);
#876 = ORIENTED_EDGE('',*,*,#786,.F.);
#877 = PLANE('',#878);
#878 = AXIS2_PLACEMENT_3D('',#879,#880,#881);
#879 = CARTESIAN_POINT('',(66.850868845745,4.7,17.73));
#880 = DIRECTION('',(0.,1.,0.));
#881 = DIRECTION('',(0.,0.,1.));
#882 = ADVANCED_FACE('',(#883),#970,.T.);
#883 = FACE_BOUND('',#884,.T.);
#884 = EDGE_LOOP('',(#885,#893,#894,#895,#904,#912,#921,#929,#938,#946,
    #955,#963));
#885 = ORIENTED_EDGE('',*,*,#886,.T.);
#886 = EDGE_CURVE('',#887,#159,#889,.T.);
#887 = VERTEX_POINT('',#888);
#888 = CARTESIAN_POINT('',(61.99,0.13826230851,11.96));
#889 = LINE('',#890,#891);
#890 = CARTESIAN_POINT('',(61.99,0.13826230851,4.2));
#891 = VECTOR('',#892,1.);
#892 = DIRECTION('',(0.,0.,1.));
#893 = ORIENTED_EDGE('',*,*,#158,.F.);
#894 = ORIENTED_EDGE('',*,*,#870,.F.);
#895 = ORIENTED_EDGE('',*,*,#896,.F.);
#896 = EDGE_CURVE('',#897,#863,#899,.T.);
#897 = VERTEX_POINT('',#898);
#898 = CARTESIAN_POINT('',(66.855,4.234364689375,11.96));
#899 = CIRCLE('',#900,3.25);
#900 = AXIS2_PLACEMENT_3D('',#901,#902,#903);
#901 = CARTESIAN_POINT('',(63.99,2.7,11.96));
#902 = DIRECTION('',(0.,0.,1.));
#903 = DIRECTION('',(1.,0.,0.));
#904 = ORIENTED_EDGE('',*,*,#905,.F.);
#905 = EDGE_CURVE('',#906,#897,#908,.T.);
#906 = VERTEX_POINT('',#907);
#907 = CARTESIAN_POINT('',(66.855,4.234364689375,6.2));
#908 = LINE('',#909,#910);
#909 = CARTESIAN_POINT('',(66.855,4.234364689375,6.2));
#910 = VECTOR('',#911,1.);
#911 = DIRECTION('',(0.,0.,1.));
#912 = ORIENTED_EDGE('',*,*,#913,.T.);
#913 = EDGE_CURVE('',#906,#914,#916,.T.);
#914 = VERTEX_POINT('',#915);
#915 = CARTESIAN_POINT('',(61.54,4.835415650406,6.2));
#916 = CIRCLE('',#917,3.25);
#917 = AXIS2_PLACEMENT_3D('',#918,#919,#920);
#918 = CARTESIAN_POINT('',(63.99,2.7,6.2));
#919 = DIRECTION('',(0.,0.,1.));
#920 = DIRECTION('',(1.,0.,0.));
#921 = ORIENTED_EDGE('',*,*,#922,.T.);
#922 = EDGE_CURVE('',#914,#923,#925,.T.);
#923 = VERTEX_POINT('',#924);
#924 = CARTESIAN_POINT('',(61.54,4.835415650406,8.1));
#925 = LINE('',#926,#927);
#926 = CARTESIAN_POINT('',(61.54,4.835415650406,6.2));
#927 = VECTOR('',#928,1.);
#928 = DIRECTION('',(0.,0.,1.));
#929 = ORIENTED_EDGE('',*,*,#930,.T.);
#930 = EDGE_CURVE('',#923,#931,#933,.T.);
#931 = VERTEX_POINT('',#932);
#932 = CARTESIAN_POINT('',(61.54,0.564584349594,8.1));
#933 = ELLIPSE('',#934,4.596194077713,3.25);
#934 = AXIS2_PLACEMENT_3D('',#935,#936,#937);
#935 = CARTESIAN_POINT('',(63.99,2.7,5.65));
#936 = DIRECTION('',(0.707106781187,-8.999999999994E-17,0.707106781187)
  );
#937 = DIRECTION('',(-0.707106781187,8.999999999994E-17,0.707106781187)
  );
#938 = ORIENTED_EDGE('',*,*,#939,.F.);
#939 = EDGE_CURVE('',#940,#931,#942,.T.);
#940 = VERTEX_POINT('',#941);
#941 = CARTESIAN_POINT('',(61.54,0.564584349594,6.2));
#942 = LINE('',#943,#944);
#943 = CARTESIAN_POINT('',(61.54,0.564584349594,6.2));
#944 = VECTOR('',#945,1.);
#945 = DIRECTION('',(0.,0.,1.));
#946 = ORIENTED_EDGE('',*,*,#947,.T.);
#947 = EDGE_CURVE('',#940,#948,#950,.T.);
#948 = VERTEX_POINT('',#949);
#949 = CARTESIAN_POINT('',(62.522859924888,-0.2,6.2));
#950 = CIRCLE('',#951,3.25);
#951 = AXIS2_PLACEMENT_3D('',#952,#953,#954);
#952 = CARTESIAN_POINT('',(63.99,2.7,6.2));
#953 = DIRECTION('',(0.,0.,1.));
#954 = DIRECTION('',(1.,0.,0.));
#955 = ORIENTED_EDGE('',*,*,#956,.T.);
#956 = EDGE_CURVE('',#948,#957,#959,.T.);
#957 = VERTEX_POINT('',#958);
#958 = CARTESIAN_POINT('',(62.522859924888,-0.2,11.96));
#959 = LINE('',#960,#961);
#960 = CARTESIAN_POINT('',(62.522859924888,-0.2,6.2));
#961 = VECTOR('',#962,1.);
#962 = DIRECTION('',(0.,0.,1.));
#963 = ORIENTED_EDGE('',*,*,#964,.F.);
#964 = EDGE_CURVE('',#887,#957,#965,.T.);
#965 = CIRCLE('',#966,3.25);
#966 = AXIS2_PLACEMENT_3D('',#967,#968,#969);
#967 = CARTESIAN_POINT('',(63.99,2.7,11.96));
#968 = DIRECTION('',(0.,0.,1.));
#969 = DIRECTION('',(1.,0.,0.));
#970 = CYLINDRICAL_SURFACE('',#971,3.25);
#971 = AXIS2_PLACEMENT_3D('',#972,#973,#974);
#972 = CARTESIAN_POINT('',(63.99,2.7,6.2));
#973 = DIRECTION('',(0.,0.,1.));
#974 = DIRECTION('',(1.,0.,0.));
#975 = ADVANCED_FACE('',(#976),#994,.T.);
#976 = FACE_BOUND('',#977,.T.);
#977 = EDGE_LOOP('',(#978,#986,#992,#993));
#978 = ORIENTED_EDGE('',*,*,#979,.F.);
#979 = EDGE_CURVE('',#980,#887,#982,.T.);
#980 = VERTEX_POINT('',#981);
#981 = CARTESIAN_POINT('',(61.99,-0.5,11.96));
#982 = LINE('',#983,#984);
#983 = CARTESIAN_POINT('',(61.99,-1.,11.96));
#984 = VECTOR('',#985,1.);
#985 = DIRECTION('',(0.,1.,0.));
#986 = ORIENTED_EDGE('',*,*,#987,.F.);
#987 = EDGE_CURVE('',#168,#980,#988,.T.);
#988 = LINE('',#989,#990);
#989 = CARTESIAN_POINT('',(61.99,-0.5,3.48));
#990 = VECTOR('',#991,1.);
#991 = DIRECTION('',(0.,0.,-1.));
#992 = ORIENTED_EDGE('',*,*,#167,.T.);
#993 = ORIENTED_EDGE('',*,*,#886,.F.);
#994 = PLANE('',#995);
#995 = AXIS2_PLACEMENT_3D('',#996,#997,#998);
#996 = CARTESIAN_POINT('',(61.99,-0.180868845745,17.73));
#997 = DIRECTION('',(-1.,-0.,-0.));
#998 = DIRECTION('',(0.,0.,-1.));
#999 = ADVANCED_FACE('',(#1000,#1011),#1045,.T.);
#1000 = FACE_BOUND('',#1001,.T.);
#1001 = EDGE_LOOP('',(#1002,#1008,#1009,#1010));
#1002 = ORIENTED_EDGE('',*,*,#1003,.F.);
#1003 = EDGE_CURVE('',#217,#980,#1004,.T.);
#1004 = LINE('',#1005,#1006);
#1005 = CARTESIAN_POINT('',(-50.25,-0.5,11.96));
#1006 = VECTOR('',#1007,1.);
#1007 = DIRECTION('',(1.,0.,0.));
#1008 = ORIENTED_EDGE('',*,*,#225,.T.);
#1009 = ORIENTED_EDGE('',*,*,#175,.T.);
#1010 = ORIENTED_EDGE('',*,*,#987,.T.);
#1011 = FACE_BOUND('',#1012,.T.);
#1012 = EDGE_LOOP('',(#1013,#1023,#1031,#1039));
#1013 = ORIENTED_EDGE('',*,*,#1014,.F.);
#1014 = EDGE_CURVE('',#1015,#1017,#1019,.T.);
#1015 = VERTEX_POINT('',#1016);
#1016 = CARTESIAN_POINT('',(4.,-0.5,15.2));
#1017 = VERTEX_POINT('',#1018);
#1018 = CARTESIAN_POINT('',(4.,-0.5,16.4));
#1019 = LINE('',#1020,#1021);
#1020 = CARTESIAN_POINT('',(4.,-0.5,15.2));
#1021 = VECTOR('',#1022,1.);
#1022 = DIRECTION('',(0.,0.,1.));
#1023 = ORIENTED_EDGE('',*,*,#1024,.T.);
#1024 = EDGE_CURVE('',#1015,#1025,#1027,.T.);
#1025 = VERTEX_POINT('',#1026);
#1026 = CARTESIAN_POINT('',(8.,-0.5,15.2));
#1027 = LINE('',#1028,#1029);
#1028 = CARTESIAN_POINT('',(4.,-0.5,15.2));
#1029 = VECTOR('',#1030,1.);
#1030 = DIRECTION('',(1.,0.,0.));
#1031 = ORIENTED_EDGE('',*,*,#1032,.T.);
#1032 = EDGE_CURVE('',#1025,#1033,#1035,.T.);
#1033 = VERTEX_POINT('',#1034);
#1034 = CARTESIAN_POINT('',(8.,-0.5,16.4));
#1035 = LINE('',#1036,#1037);
#1036 = CARTESIAN_POINT('',(8.,-0.5,15.2));
#1037 = VECTOR('',#1038,1.);
#1038 = DIRECTION('',(0.,0.,1.));
#1039 = ORIENTED_EDGE('',*,*,#1040,.F.);
#1040 = EDGE_CURVE('',#1017,#1033,#1041,.T.);
#1041 = LINE('',#1042,#1043);
#1042 = CARTESIAN_POINT('',(4.,-0.5,16.4));
#1043 = VECTOR('',#1044,1.);
#1044 = DIRECTION('',(1.,0.,0.));
#1045 = PLANE('',#1046);
#1046 = AXIS2_PLACEMENT_3D('',#1047,#1048,#1049);
#1047 = CARTESIAN_POINT('',(31.445,-0.5,17.73));
#1048 = DIRECTION('',(0.,1.,0.));
#1049 = DIRECTION('',(0.,0.,1.));
#1050 = ADVANCED_FACE('',(#1051),#1239,.T.);
#1051 = FACE_BOUND('',#1052,.T.);
#1052 = EDGE_LOOP('',(#1053,#1064,#1073,#1082,#1090,#1096,#1097,#1098,
    #1099,#1100,#1101,#1102,#1103,#1111,#1120,#1129,#1138,#1147,#1156,
    #1165,#1171,#1172,#1173,#1174,#1182,#1190,#1198,#1206,#1215,#1224,
    #1233));
#1053 = ORIENTED_EDGE('',*,*,#1054,.F.);
#1054 = EDGE_CURVE('',#1055,#1057,#1059,.T.);
#1055 = VERTEX_POINT('',#1056);
#1056 = CARTESIAN_POINT('',(-0.2,-2.339594576085,11.96));
#1057 = VERTEX_POINT('',#1058);
#1058 = CARTESIAN_POINT('',(2.1,-2.9,11.96));
#1059 = CIRCLE('',#1060,5.);
#1060 = AXIS2_PLACEMENT_3D('',#1061,#1062,#1063);
#1061 = CARTESIAN_POINT('',(2.1,2.1,11.96));
#1062 = DIRECTION('',(0.,0.,1.));
#1063 = DIRECTION('',(-1.,0.,0.));
#1064 = ORIENTED_EDGE('',*,*,#1065,.F.);
#1065 = EDGE_CURVE('',#1066,#1055,#1068,.T.);
#1066 = VERTEX_POINT('',#1067);
#1067 = CARTESIAN_POINT('',(-2.339594576085,-0.2,11.96));
#1068 = CIRCLE('',#1069,5.);
#1069 = AXIS2_PLACEMENT_3D('',#1070,#1071,#1072);
#1070 = CARTESIAN_POINT('',(2.1,2.1,11.96));
#1071 = DIRECTION('',(0.,0.,1.));
#1072 = DIRECTION('',(-1.,0.,0.));
#1073 = ORIENTED_EDGE('',*,*,#1074,.F.);
#1074 = EDGE_CURVE('',#1075,#1066,#1077,.T.);
#1075 = VERTEX_POINT('',#1076);
#1076 = CARTESIAN_POINT('',(-2.9,2.1,11.96));
#1077 = CIRCLE('',#1078,5.);
#1078 = AXIS2_PLACEMENT_3D('',#1079,#1080,#1081);
#1079 = CARTESIAN_POINT('',(2.1,2.1,11.96));
#1080 = DIRECTION('',(0.,0.,1.));
#1081 = DIRECTION('',(-1.,0.,0.));
#1082 = ORIENTED_EDGE('',*,*,#1083,.F.);
#1083 = EDGE_CURVE('',#1084,#1075,#1086,.T.);
#1084 = VERTEX_POINT('',#1085);
#1085 = CARTESIAN_POINT('',(-2.9,23.03,11.96));
#1086 = LINE('',#1087,#1088);
#1087 = CARTESIAN_POINT('',(-2.9,-51.45,11.96));
#1088 = VECTOR('',#1089,1.);
#1089 = DIRECTION('',(0.,-1.,0.));
#1090 = ORIENTED_EDGE('',*,*,#1091,.T.);
#1091 = EDGE_CURVE('',#1084,#250,#1092,.T.);
#1092 = LINE('',#1093,#1094);
#1093 = CARTESIAN_POINT('',(-2.9,23.03,11.96));
#1094 = VECTOR('',#1095,1.);
#1095 = DIRECTION('',(1.,0.,0.));
#1096 = ORIENTED_EDGE('',*,*,#249,.F.);
#1097 = ORIENTED_EDGE('',*,*,#198,.T.);
#1098 = ORIENTED_EDGE('',*,*,#207,.T.);
#1099 = ORIENTED_EDGE('',*,*,#216,.T.);
#1100 = ORIENTED_EDGE('',*,*,#1003,.T.);
#1101 = ORIENTED_EDGE('',*,*,#979,.T.);
#1102 = ORIENTED_EDGE('',*,*,#964,.T.);
#1103 = ORIENTED_EDGE('',*,*,#1104,.T.);
#1104 = EDGE_CURVE('',#957,#1105,#1107,.T.);
#1105 = VERTEX_POINT('',#1106);
#1106 = CARTESIAN_POINT('',(64.883974596216,-0.2,11.96));
#1107 = LINE('',#1108,#1109);
#1108 = CARTESIAN_POINT('',(-10.,-0.2,11.96));
#1109 = VECTOR('',#1110,1.);
#1110 = DIRECTION('',(1.,0.,0.));
#1111 = ORIENTED_EDGE('',*,*,#1112,.T.);
#1112 = EDGE_CURVE('',#1105,#1113,#1115,.T.);
#1113 = VERTEX_POINT('',#1114);
#1114 = CARTESIAN_POINT('',(65.116561237027,-0.348501234907,11.96));
#1115 = CIRCLE('',#1116,1.4);
#1116 = AXIS2_PLACEMENT_3D('',#1117,#1118,#1119);
#1117 = CARTESIAN_POINT('',(65.75,0.9,11.96));
#1118 = DIRECTION('',(0.,0.,1.));
#1119 = DIRECTION('',(1.,0.,0.));
#1120 = ORIENTED_EDGE('',*,*,#1121,.T.);
#1121 = EDGE_CURVE('',#1113,#1122,#1124,.T.);
#1122 = VERTEX_POINT('',#1123);
#1123 = CARTESIAN_POINT('',(66.616025403784,-0.2,11.96));
#1124 = CIRCLE('',#1125,1.4);
#1125 = AXIS2_PLACEMENT_3D('',#1126,#1127,#1128);
#1126 = CARTESIAN_POINT('',(65.75,0.9,11.96));
#1127 = DIRECTION('',(0.,0.,1.));
#1128 = DIRECTION('',(1.,0.,0.));
#1129 = ORIENTED_EDGE('',*,*,#1130,.T.);
#1130 = EDGE_CURVE('',#1122,#1131,#1133,.T.);
#1131 = VERTEX_POINT('',#1132);
#1132 = CARTESIAN_POINT('',(66.855,4.036344889255E-02,11.96));
#1133 = CIRCLE('',#1134,1.4);
#1134 = AXIS2_PLACEMENT_3D('',#1135,#1136,#1137);
#1135 = CARTESIAN_POINT('',(65.75,0.9,11.96));
#1136 = DIRECTION('',(0.,0.,1.));
#1137 = DIRECTION('',(1.,0.,0.));
#1138 = ORIENTED_EDGE('',*,*,#1139,.T.);
#1139 = EDGE_CURVE('',#1131,#1140,#1142,.T.);
#1140 = VERTEX_POINT('',#1141);
#1141 = CARTESIAN_POINT('',(67.15,0.9,11.96));
#1142 = CIRCLE('',#1143,1.4);
#1143 = AXIS2_PLACEMENT_3D('',#1144,#1145,#1146);
#1144 = CARTESIAN_POINT('',(65.75,0.9,11.96));
#1145 = DIRECTION('',(0.,0.,1.));
#1146 = DIRECTION('',(1.,0.,0.));
#1147 = ORIENTED_EDGE('',*,*,#1148,.T.);
#1148 = EDGE_CURVE('',#1140,#1149,#1151,.T.);
#1149 = VERTEX_POINT('',#1150);
#1150 = CARTESIAN_POINT('',(67.012418818514,1.505226178103,11.96));
#1151 = CIRCLE('',#1152,1.4);
#1152 = AXIS2_PLACEMENT_3D('',#1153,#1154,#1155);
#1153 = CARTESIAN_POINT('',(65.75,0.9,11.96));
#1154 = DIRECTION('',(0.,0.,1.));
#1155 = DIRECTION('',(1.,0.,0.));
#1156 = ORIENTED_EDGE('',*,*,#1157,.T.);
#1157 = EDGE_CURVE('',#1149,#1158,#1160,.T.);
#1158 = VERTEX_POINT('',#1159);
#1159 = CARTESIAN_POINT('',(66.855,1.759636551107,11.96));
#1160 = CIRCLE('',#1161,1.4);
#1161 = AXIS2_PLACEMENT_3D('',#1162,#1163,#1164);
#1162 = CARTESIAN_POINT('',(65.75,0.9,11.96));
#1163 = DIRECTION('',(0.,0.,1.));
#1164 = DIRECTION('',(1.,0.,0.));
#1165 = ORIENTED_EDGE('',*,*,#1166,.T.);
#1166 = EDGE_CURVE('',#1158,#897,#1167,.T.);
#1167 = LINE('',#1168,#1169);
#1168 = CARTESIAN_POINT('',(66.855,-10.,11.96));
#1169 = VECTOR('',#1170,1.);
#1170 = DIRECTION('',(0.,1.,0.));
#1171 = ORIENTED_EDGE('',*,*,#896,.T.);
#1172 = ORIENTED_EDGE('',*,*,#862,.T.);
#1173 = ORIENTED_EDGE('',*,*,#848,.F.);
#1174 = ORIENTED_EDGE('',*,*,#1175,.T.);
#1175 = EDGE_CURVE('',#840,#1176,#1178,.T.);
#1176 = VERTEX_POINT('',#1177);
#1177 = CARTESIAN_POINT('',(68.35,7.13,11.96));
#1178 = LINE('',#1179,#1180);
#1179 = CARTESIAN_POINT('',(66.15,7.13,11.96));
#1180 = VECTOR('',#1181,1.);
#1181 = DIRECTION('',(1.,0.,0.));
#1182 = ORIENTED_EDGE('',*,*,#1183,.F.);
#1183 = EDGE_CURVE('',#1184,#1176,#1186,.T.);
#1184 = VERTEX_POINT('',#1185);
#1185 = CARTESIAN_POINT('',(68.35,4.73,11.96));
#1186 = LINE('',#1187,#1188);
#1187 = CARTESIAN_POINT('',(68.35,7.865,11.96));
#1188 = VECTOR('',#1189,1.);
#1189 = DIRECTION('',(0.,1.,0.));
#1190 = ORIENTED_EDGE('',*,*,#1191,.T.);
#1191 = EDGE_CURVE('',#1184,#1192,#1194,.T.);
#1192 = VERTEX_POINT('',#1193);
#1193 = CARTESIAN_POINT('',(69.55,4.73,11.96));
#1194 = LINE('',#1195,#1196);
#1195 = CARTESIAN_POINT('',(68.35,4.73,11.96));
#1196 = VECTOR('',#1197,1.);
#1197 = DIRECTION('',(1.,0.,0.));
#1198 = ORIENTED_EDGE('',*,*,#1199,.T.);
#1199 = EDGE_CURVE('',#1192,#1200,#1202,.T.);
#1200 = VERTEX_POINT('',#1201);
#1201 = CARTESIAN_POINT('',(69.55,2.1,11.96));
#1202 = LINE('',#1203,#1204);
#1203 = CARTESIAN_POINT('',(69.55,-51.45,11.96));
#1204 = VECTOR('',#1205,1.);
#1205 = DIRECTION('',(0.,-1.,0.));
#1206 = ORIENTED_EDGE('',*,*,#1207,.F.);
#1207 = EDGE_CURVE('',#1208,#1200,#1210,.T.);
#1208 = VERTEX_POINT('',#1209);
#1209 = CARTESIAN_POINT('',(68.989594576085,-0.2,11.96));
#1210 = CIRCLE('',#1211,5.);
#1211 = AXIS2_PLACEMENT_3D('',#1212,#1213,#1214);
#1212 = CARTESIAN_POINT('',(64.55,2.1,11.96));
#1213 = DIRECTION('',(0.,0.,1.));
#1214 = DIRECTION('',(1.,0.,0.));
#1215 = ORIENTED_EDGE('',*,*,#1216,.F.);
#1216 = EDGE_CURVE('',#1217,#1208,#1219,.T.);
#1217 = VERTEX_POINT('',#1218);
#1218 = CARTESIAN_POINT('',(66.855,-2.337000676132,11.96));
#1219 = CIRCLE('',#1220,5.);
#1220 = AXIS2_PLACEMENT_3D('',#1221,#1222,#1223);
#1221 = CARTESIAN_POINT('',(64.55,2.1,11.96));
#1222 = DIRECTION('',(0.,0.,1.));
#1223 = DIRECTION('',(1.,0.,0.));
#1224 = ORIENTED_EDGE('',*,*,#1225,.F.);
#1225 = EDGE_CURVE('',#1226,#1217,#1228,.T.);
#1226 = VERTEX_POINT('',#1227);
#1227 = CARTESIAN_POINT('',(64.55,-2.9,11.96));
#1228 = CIRCLE('',#1229,5.);
#1229 = AXIS2_PLACEMENT_3D('',#1230,#1231,#1232);
#1230 = CARTESIAN_POINT('',(64.55,2.1,11.96));
#1231 = DIRECTION('',(0.,0.,1.));
#1232 = DIRECTION('',(1.,0.,0.));
#1233 = ORIENTED_EDGE('',*,*,#1234,.F.);
#1234 = EDGE_CURVE('',#1057,#1226,#1235,.T.);
#1235 = LINE('',#1236,#1237);
#1236 = CARTESIAN_POINT('',(-51.45,-2.9,11.96));
#1237 = VECTOR('',#1238,1.);
#1238 = DIRECTION('',(1.,0.,0.));
#1239 = PLANE('',#1240);
#1240 = AXIS2_PLACEMENT_3D('',#1241,#1242,#1243);
#1241 = CARTESIAN_POINT('',(28.185138613162,2.015913564142,11.96));
#1242 = DIRECTION('',(-0.,-0.,-1.));
#1243 = DIRECTION('',(-1.,0.,0.));
#1244 = ADVANCED_FACE('',(#1245),#1446,.T.);
#1245 = FACE_BOUND('',#1246,.T.);
#1246 = EDGE_LOOP('',(#1247,#1258,#1267,#1276,#1285,#1291,#1292,#1293,
    #1294,#1295,#1296,#1302,#1303,#1304,#1305,#1306,#1307,#1308,#1309,
    #1310,#1318,#1327,#1336,#1345,#1354,#1362,#1371,#1380,#1389,#1397,
    #1405,#1413,#1419,#1420,#1421,#1422,#1430,#1439));
#1247 = ORIENTED_EDGE('',*,*,#1248,.T.);
#1248 = EDGE_CURVE('',#1249,#1251,#1253,.T.);
#1249 = VERTEX_POINT('',#1250);
#1250 = CARTESIAN_POINT('',(67.15,36.65,11.96));
#1251 = VERTEX_POINT('',#1252);
#1252 = CARTESIAN_POINT('',(66.855,37.509636551107,11.96));
#1253 = CIRCLE('',#1254,1.4);
#1254 = AXIS2_PLACEMENT_3D('',#1255,#1256,#1257);
#1255 = CARTESIAN_POINT('',(65.75,36.65,11.96));
#1256 = DIRECTION('',(0.,0.,1.));
#1257 = DIRECTION('',(1.,0.,0.));
#1258 = ORIENTED_EDGE('',*,*,#1259,.T.);
#1259 = EDGE_CURVE('',#1251,#1260,#1262,.T.);
#1260 = VERTEX_POINT('',#1261);
#1261 = CARTESIAN_POINT('',(66.616025403784,37.75,11.96));
#1262 = CIRCLE('',#1263,1.4);
#1263 = AXIS2_PLACEMENT_3D('',#1264,#1265,#1266);
#1264 = CARTESIAN_POINT('',(65.75,36.65,11.96));
#1265 = DIRECTION('',(0.,0.,1.));
#1266 = DIRECTION('',(1.,0.,0.));
#1267 = ORIENTED_EDGE('',*,*,#1268,.T.);
#1268 = EDGE_CURVE('',#1260,#1269,#1271,.T.);
#1269 = VERTEX_POINT('',#1270);
#1270 = CARTESIAN_POINT('',(65.106608451393,37.893401510044,11.96));
#1271 = CIRCLE('',#1272,1.4);
#1272 = AXIS2_PLACEMENT_3D('',#1273,#1274,#1275);
#1273 = CARTESIAN_POINT('',(65.75,36.65,11.96));
#1274 = DIRECTION('',(0.,0.,1.));
#1275 = DIRECTION('',(1.,0.,0.));
#1276 = ORIENTED_EDGE('',*,*,#1277,.T.);
#1277 = EDGE_CURVE('',#1269,#1278,#1280,.T.);
#1278 = VERTEX_POINT('',#1279);
#1279 = CARTESIAN_POINT('',(64.883974596216,37.75,11.96));
#1280 = CIRCLE('',#1281,1.4);
#1281 = AXIS2_PLACEMENT_3D('',#1282,#1283,#1284);
#1282 = CARTESIAN_POINT('',(65.75,36.65,11.96));
#1283 = DIRECTION('',(0.,0.,1.));
#1284 = DIRECTION('',(1.,0.,0.));
#1285 = ORIENTED_EDGE('',*,*,#1286,.F.);
#1286 = EDGE_CURVE('',#714,#1278,#1287,.T.);
#1287 = LINE('',#1288,#1289);
#1288 = CARTESIAN_POINT('',(-10.,37.75,11.96));
#1289 = VECTOR('',#1290,1.);
#1290 = DIRECTION('',(1.,0.,0.));
#1291 = ORIENTED_EDGE('',*,*,#713,.T.);
#1292 = ORIENTED_EDGE('',*,*,#689,.T.);
#1293 = ORIENTED_EDGE('',*,*,#655,.F.);
#1294 = ORIENTED_EDGE('',*,*,#631,.F.);
#1295 = ORIENTED_EDGE('',*,*,#616,.T.);
#1296 = ORIENTED_EDGE('',*,*,#1297,.F.);
#1297 = EDGE_CURVE('',#479,#609,#1298,.T.);
#1298 = LINE('',#1299,#1300);
#1299 = CARTESIAN_POINT('',(-10.,37.75,11.96));
#1300 = VECTOR('',#1301,1.);
#1301 = DIRECTION('',(1.,0.,0.));
#1302 = ORIENTED_EDGE('',*,*,#478,.T.);
#1303 = ORIENTED_EDGE('',*,*,#451,.T.);
#1304 = ORIENTED_EDGE('',*,*,#417,.F.);
#1305 = ORIENTED_EDGE('',*,*,#365,.T.);
#1306 = ORIENTED_EDGE('',*,*,#376,.T.);
#1307 = ORIENTED_EDGE('',*,*,#385,.T.);
#1308 = ORIENTED_EDGE('',*,*,#394,.T.);
#1309 = ORIENTED_EDGE('',*,*,#281,.F.);
#1310 = ORIENTED_EDGE('',*,*,#1311,.F.);
#1311 = EDGE_CURVE('',#1312,#274,#1314,.T.);
#1312 = VERTEX_POINT('',#1313);
#1313 = CARTESIAN_POINT('',(-2.866246067202,36.03,11.96));
#1314 = LINE('',#1315,#1316);
#1315 = CARTESIAN_POINT('',(-3.2,36.03,11.96));
#1316 = VECTOR('',#1317,1.);
#1317 = DIRECTION('',(1.,0.,0.));
#1318 = ORIENTED_EDGE('',*,*,#1319,.F.);
#1319 = EDGE_CURVE('',#1320,#1312,#1322,.T.);
#1320 = VERTEX_POINT('',#1321);
#1321 = CARTESIAN_POINT('',(-2.643795948394,37.03,11.96));
#1322 = CIRCLE('',#1323,5.);
#1323 = AXIS2_PLACEMENT_3D('',#1324,#1325,#1326);
#1324 = CARTESIAN_POINT('',(2.1,35.45,11.96));
#1325 = DIRECTION('',(0.,0.,1.));
#1326 = DIRECTION('',(1.,0.,0.));
#1327 = ORIENTED_EDGE('',*,*,#1328,.F.);
#1328 = EDGE_CURVE('',#1329,#1320,#1331,.T.);
#1329 = VERTEX_POINT('',#1330);
#1330 = CARTESIAN_POINT('',(-2.339594576085,37.75,11.96));
#1331 = CIRCLE('',#1332,5.);
#1332 = AXIS2_PLACEMENT_3D('',#1333,#1334,#1335);
#1333 = CARTESIAN_POINT('',(2.1,35.45,11.96));
#1334 = DIRECTION('',(0.,0.,1.));
#1335 = DIRECTION('',(-1.,0.,0.));
#1336 = ORIENTED_EDGE('',*,*,#1337,.F.);
#1337 = EDGE_CURVE('',#1338,#1329,#1340,.T.);
#1338 = VERTEX_POINT('',#1339);
#1339 = CARTESIAN_POINT('',(-0.2,39.889594576085,11.96));
#1340 = CIRCLE('',#1341,5.);
#1341 = AXIS2_PLACEMENT_3D('',#1342,#1343,#1344);
#1342 = CARTESIAN_POINT('',(2.1,35.45,11.96));
#1343 = DIRECTION('',(0.,0.,1.));
#1344 = DIRECTION('',(-1.,0.,0.));
#1345 = ORIENTED_EDGE('',*,*,#1346,.F.);
#1346 = EDGE_CURVE('',#1347,#1338,#1349,.T.);
#1347 = VERTEX_POINT('',#1348);
#1348 = CARTESIAN_POINT('',(2.1,40.45,11.96));
#1349 = CIRCLE('',#1350,5.);
#1350 = AXIS2_PLACEMENT_3D('',#1351,#1352,#1353);
#1351 = CARTESIAN_POINT('',(2.1,35.45,11.96));
#1352 = DIRECTION('',(0.,0.,1.));
#1353 = DIRECTION('',(-1.,0.,0.));
#1354 = ORIENTED_EDGE('',*,*,#1355,.T.);
#1355 = EDGE_CURVE('',#1347,#1356,#1358,.T.);
#1356 = VERTEX_POINT('',#1357);
#1357 = CARTESIAN_POINT('',(64.55,40.45,11.96));
#1358 = LINE('',#1359,#1360);
#1359 = CARTESIAN_POINT('',(-51.45,40.45,11.96));
#1360 = VECTOR('',#1361,1.);
#1361 = DIRECTION('',(1.,0.,0.));
#1362 = ORIENTED_EDGE('',*,*,#1363,.F.);
#1363 = EDGE_CURVE('',#1364,#1356,#1366,.T.);
#1364 = VERTEX_POINT('',#1365);
#1365 = CARTESIAN_POINT('',(66.855,39.887000676132,11.96));
#1366 = CIRCLE('',#1367,5.);
#1367 = AXIS2_PLACEMENT_3D('',#1368,#1369,#1370);
#1368 = CARTESIAN_POINT('',(64.55,35.45,11.96));
#1369 = DIRECTION('',(0.,0.,1.));
#1370 = DIRECTION('',(1.,0.,0.));
#1371 = ORIENTED_EDGE('',*,*,#1372,.F.);
#1372 = EDGE_CURVE('',#1373,#1364,#1375,.T.);
#1373 = VERTEX_POINT('',#1374);
#1374 = CARTESIAN_POINT('',(68.989594576085,37.75,11.96));
#1375 = CIRCLE('',#1376,5.);
#1376 = AXIS2_PLACEMENT_3D('',#1377,#1378,#1379);
#1377 = CARTESIAN_POINT('',(64.55,35.45,11.96));
#1378 = DIRECTION('',(0.,0.,1.));
#1379 = DIRECTION('',(1.,0.,0.));
#1380 = ORIENTED_EDGE('',*,*,#1381,.F.);
#1381 = EDGE_CURVE('',#1382,#1373,#1384,.T.);
#1382 = VERTEX_POINT('',#1383);
#1383 = CARTESIAN_POINT('',(69.55,35.45,11.96));
#1384 = CIRCLE('',#1385,5.);
#1385 = AXIS2_PLACEMENT_3D('',#1386,#1387,#1388);
#1386 = CARTESIAN_POINT('',(64.55,35.45,11.96));
#1387 = DIRECTION('',(0.,0.,1.));
#1388 = DIRECTION('',(1.,0.,0.));
#1389 = ORIENTED_EDGE('',*,*,#1390,.T.);
#1390 = EDGE_CURVE('',#1382,#1391,#1393,.T.);
#1391 = VERTEX_POINT('',#1392);
#1392 = CARTESIAN_POINT('',(69.55,33.38,11.96));
#1393 = LINE('',#1394,#1395);
#1394 = CARTESIAN_POINT('',(69.55,-51.45,11.96));
#1395 = VECTOR('',#1396,1.);
#1396 = DIRECTION('',(0.,-1.,0.));
#1397 = ORIENTED_EDGE('',*,*,#1398,.F.);
#1398 = EDGE_CURVE('',#1399,#1391,#1401,.T.);
#1399 = VERTEX_POINT('',#1400);
#1400 = CARTESIAN_POINT('',(68.35,33.38,11.96));
#1401 = LINE('',#1402,#1403);
#1402 = CARTESIAN_POINT('',(68.35,33.38,11.96));
#1403 = VECTOR('',#1404,1.);
#1404 = DIRECTION('',(1.,0.,0.));
#1405 = ORIENTED_EDGE('',*,*,#1406,.T.);
#1406 = EDGE_CURVE('',#1399,#1407,#1409,.T.);
#1407 = VERTEX_POINT('',#1408);
#1408 = CARTESIAN_POINT('',(68.35,30.98,11.96));
#1409 = LINE('',#1410,#1411);
#1410 = CARTESIAN_POINT('',(68.35,32.708807812766,11.96));
#1411 = VECTOR('',#1412,1.);
#1412 = DIRECTION('',(0.,-1.,0.));
#1413 = ORIENTED_EDGE('',*,*,#1414,.F.);
#1414 = EDGE_CURVE('',#797,#1407,#1415,.T.);
#1415 = LINE('',#1416,#1417);
#1416 = CARTESIAN_POINT('',(67.,30.98,11.96));
#1417 = VECTOR('',#1418,1.);
#1418 = DIRECTION('',(1.,0.,0.));
#1419 = ORIENTED_EDGE('',*,*,#796,.F.);
#1420 = ORIENTED_EDGE('',*,*,#762,.F.);
#1421 = ORIENTED_EDGE('',*,*,#747,.T.);
#1422 = ORIENTED_EDGE('',*,*,#1423,.T.);
#1423 = EDGE_CURVE('',#740,#1424,#1426,.T.);
#1424 = VERTEX_POINT('',#1425);
#1425 = CARTESIAN_POINT('',(66.855,35.790363448893,11.96));
#1426 = LINE('',#1427,#1428);
#1427 = CARTESIAN_POINT('',(66.855,-10.,11.96));
#1428 = VECTOR('',#1429,1.);
#1429 = DIRECTION('',(0.,1.,0.));
#1430 = ORIENTED_EDGE('',*,*,#1431,.T.);
#1431 = EDGE_CURVE('',#1424,#1432,#1434,.T.);
#1432 = VERTEX_POINT('',#1433);
#1433 = CARTESIAN_POINT('',(66.986176184884,35.992833019754,11.96));
#1434 = CIRCLE('',#1435,1.4);
#1435 = AXIS2_PLACEMENT_3D('',#1436,#1437,#1438);
#1436 = CARTESIAN_POINT('',(65.75,36.65,11.96));
#1437 = DIRECTION('',(0.,0.,1.));
#1438 = DIRECTION('',(1.,0.,0.));
#1439 = ORIENTED_EDGE('',*,*,#1440,.T.);
#1440 = EDGE_CURVE('',#1432,#1249,#1441,.T.);
#1441 = CIRCLE('',#1442,1.4);
#1442 = AXIS2_PLACEMENT_3D('',#1443,#1444,#1445);
#1443 = CARTESIAN_POINT('',(65.75,36.65,11.96));
#1444 = DIRECTION('',(0.,0.,1.));
#1445 = DIRECTION('',(1.,0.,0.));
#1446 = PLANE('',#1447);
#1447 = AXIS2_PLACEMENT_3D('',#1448,#1449,#1450);
#1448 = CARTESIAN_POINT('',(35.639445407769,38.567972631837,11.96));
#1449 = DIRECTION('',(-0.,-0.,-1.));
#1450 = DIRECTION('',(-1.,0.,0.));
#1451 = ADVANCED_FACE('',(#1452),#1470,.F.);
#1452 = FACE_BOUND('',#1453,.F.);
#1453 = EDGE_LOOP('',(#1454,#1455,#1463,#1469));
#1454 = ORIENTED_EDGE('',*,*,#1311,.F.);
#1455 = ORIENTED_EDGE('',*,*,#1456,.T.);
#1456 = EDGE_CURVE('',#1312,#1457,#1459,.T.);
#1457 = VERTEX_POINT('',#1458);
#1458 = CARTESIAN_POINT('',(-2.866246067202,36.03,15.6));
#1459 = LINE('',#1460,#1461);
#1460 = CARTESIAN_POINT('',(-2.866246067202,36.03,11.96));
#1461 = VECTOR('',#1462,1.);
#1462 = DIRECTION('',(0.,0.,1.));
#1463 = ORIENTED_EDGE('',*,*,#1464,.T.);
#1464 = EDGE_CURVE('',#1457,#266,#1465,.T.);
#1465 = LINE('',#1466,#1467);
#1466 = CARTESIAN_POINT('',(-3.2,36.03,15.6));
#1467 = VECTOR('',#1468,1.);
#1468 = DIRECTION('',(1.,0.,0.));
#1469 = ORIENTED_EDGE('',*,*,#273,.T.);
#1470 = PLANE('',#1471);
#1471 = AXIS2_PLACEMENT_3D('',#1472,#1473,#1474);
#1472 = CARTESIAN_POINT('',(-3.2,36.03,11.96));
#1473 = DIRECTION('',(0.,1.,0.));
#1474 = DIRECTION('',(0.,0.,1.));
#1475 = ADVANCED_FACE('',(#1476),#1503,.F.);
#1476 = FACE_BOUND('',#1477,.F.);
#1477 = EDGE_LOOP('',(#1478,#1479,#1488,#1496,#1502));
#1478 = ORIENTED_EDGE('',*,*,#1464,.F.);
#1479 = ORIENTED_EDGE('',*,*,#1480,.T.);
#1480 = EDGE_CURVE('',#1457,#1481,#1483,.T.);
#1481 = VERTEX_POINT('',#1482);
#1482 = CARTESIAN_POINT('',(-2.9,35.45,15.6));
#1483 = CIRCLE('',#1484,5.);
#1484 = AXIS2_PLACEMENT_3D('',#1485,#1486,#1487);
#1485 = CARTESIAN_POINT('',(2.1,35.45,15.6));
#1486 = DIRECTION('',(0.,0.,1.));
#1487 = DIRECTION('',(-1.,0.,0.));
#1488 = ORIENTED_EDGE('',*,*,#1489,.T.);
#1489 = EDGE_CURVE('',#1481,#1490,#1492,.T.);
#1490 = VERTEX_POINT('',#1491);
#1491 = CARTESIAN_POINT('',(-2.9,23.03,15.6));
#1492 = LINE('',#1493,#1494);
#1493 = CARTESIAN_POINT('',(-2.9,9.565,15.6));
#1494 = VECTOR('',#1495,1.);
#1495 = DIRECTION('',(0.,-1.,0.));
#1496 = ORIENTED_EDGE('',*,*,#1497,.T.);
#1497 = EDGE_CURVE('',#1490,#258,#1498,.T.);
#1498 = LINE('',#1499,#1500);
#1499 = CARTESIAN_POINT('',(-2.9,23.03,15.6));
#1500 = VECTOR('',#1501,1.);
#1501 = DIRECTION('',(1.,0.,0.));
#1502 = ORIENTED_EDGE('',*,*,#265,.F.);
#1503 = PLANE('',#1504);
#1504 = AXIS2_PLACEMENT_3D('',#1505,#1506,#1507);
#1505 = CARTESIAN_POINT('',(-6.,22.03,15.6));
#1506 = DIRECTION('',(0.,0.,1.));
#1507 = DIRECTION('',(1.,0.,0.));
#1508 = ADVANCED_FACE('',(#1509),#1520,.T.);
#1509 = FACE_BOUND('',#1510,.T.);
#1510 = EDGE_LOOP('',(#1511,#1512,#1518,#1519));
#1511 = ORIENTED_EDGE('',*,*,#1091,.F.);
#1512 = ORIENTED_EDGE('',*,*,#1513,.T.);
#1513 = EDGE_CURVE('',#1084,#1490,#1514,.T.);
#1514 = LINE('',#1515,#1516);
#1515 = CARTESIAN_POINT('',(-2.9,23.03,11.96));
#1516 = VECTOR('',#1517,1.);
#1517 = DIRECTION('',(0.,0.,1.));
#1518 = ORIENTED_EDGE('',*,*,#1497,.T.);
#1519 = ORIENTED_EDGE('',*,*,#257,.F.);
#1520 = PLANE('',#1521);
#1521 = AXIS2_PLACEMENT_3D('',#1522,#1523,#1524);
#1522 = CARTESIAN_POINT('',(-2.9,23.03,11.96));
#1523 = DIRECTION('',(0.,1.,0.));
#1524 = DIRECTION('',(0.,0.,1.));
#1525 = ADVANCED_FACE('',(#1526),#1552,.F.);
#1526 = FACE_BOUND('',#1527,.F.);
#1527 = EDGE_LOOP('',(#1528,#1529,#1537,#1546));
#1528 = ORIENTED_EDGE('',*,*,#289,.F.);
#1529 = ORIENTED_EDGE('',*,*,#1530,.F.);
#1530 = EDGE_CURVE('',#1531,#290,#1533,.T.);
#1531 = VERTEX_POINT('',#1532);
#1532 = CARTESIAN_POINT('',(-1.6,6.785301005062,23.));
#1533 = LINE('',#1534,#1535);
#1534 = CARTESIAN_POINT('',(-3.5,6.785301005062,23.));
#1535 = VECTOR('',#1536,1.);
#1536 = DIRECTION('',(1.,0.,0.));
#1537 = ORIENTED_EDGE('',*,*,#1538,.T.);
#1538 = EDGE_CURVE('',#1531,#1539,#1541,.T.);
#1539 = VERTEX_POINT('',#1540);
#1540 = CARTESIAN_POINT('',(-1.6,8.82,16.1));
#1541 = CIRCLE('',#1542,3.75);
#1542 = AXIS2_PLACEMENT_3D('',#1543,#1544,#1545);
#1543 = CARTESIAN_POINT('',(-1.6,8.82,19.85));
#1544 = DIRECTION('',(1.,0.,-0.));
#1545 = DIRECTION('',(0.,0.,1.));
#1546 = ORIENTED_EDGE('',*,*,#1547,.T.);
#1547 = EDGE_CURVE('',#1539,#292,#1548,.T.);
#1548 = LINE('',#1549,#1550);
#1549 = CARTESIAN_POINT('',(-3.5,8.82,16.1));
#1550 = VECTOR('',#1551,1.);
#1551 = DIRECTION('',(1.,0.,0.));
#1552 = CYLINDRICAL_SURFACE('',#1553,3.75);
#1553 = AXIS2_PLACEMENT_3D('',#1554,#1555,#1556);
#1554 = CARTESIAN_POINT('',(-3.5,8.82,19.85));
#1555 = DIRECTION('',(1.,0.,0.));
#1556 = DIRECTION('',(0.,0.,1.));
#1557 = ADVANCED_FACE('',(#1558),#1608,.F.);
#1558 = FACE_BOUND('',#1559,.F.);
#1559 = EDGE_LOOP('',(#1560,#1570,#1578,#1586,#1592,#1593,#1594,#1602));
#1560 = ORIENTED_EDGE('',*,*,#1561,.F.);
#1561 = EDGE_CURVE('',#1562,#1564,#1566,.T.);
#1562 = VERTEX_POINT('',#1563);
#1563 = CARTESIAN_POINT('',(-2.9,17.875277766926,23.));
#1564 = VERTEX_POINT('',#1565);
#1565 = CARTESIAN_POINT('',(-1.6,17.875277766926,23.));
#1566 = LINE('',#1567,#1568);
#1567 = CARTESIAN_POINT('',(-3.5,17.875277766926,23.));
#1568 = VECTOR('',#1569,1.);
#1569 = DIRECTION('',(1.,0.,0.));
#1570 = ORIENTED_EDGE('',*,*,#1571,.F.);
#1571 = EDGE_CURVE('',#1572,#1562,#1574,.T.);
#1572 = VERTEX_POINT('',#1573);
#1573 = CARTESIAN_POINT('',(-2.9,5.264722233074,23.));
#1574 = LINE('',#1575,#1576);
#1575 = CARTESIAN_POINT('',(-2.9,-15.85099335302,23.));
#1576 = VECTOR('',#1577,1.);
#1577 = DIRECTION('',(0.,1.,0.));
#1578 = ORIENTED_EDGE('',*,*,#1579,.T.);
#1579 = EDGE_CURVE('',#1572,#1580,#1582,.T.);
#1580 = VERTEX_POINT('',#1581);
#1581 = CARTESIAN_POINT('',(-1.6,5.264722233074,23.));
#1582 = LINE('',#1583,#1584);
#1583 = CARTESIAN_POINT('',(-3.5,5.264722233074,23.));
#1584 = VECTOR('',#1585,1.);
#1585 = DIRECTION('',(1.,0.,0.));
#1586 = ORIENTED_EDGE('',*,*,#1587,.T.);
#1587 = EDGE_CURVE('',#1580,#1531,#1588,.T.);
#1588 = LINE('',#1589,#1590);
#1589 = CARTESIAN_POINT('',(-1.6,-19.215,23.));
#1590 = VECTOR('',#1591,1.);
#1591 = DIRECTION('',(0.,1.,0.));
#1592 = ORIENTED_EDGE('',*,*,#1530,.T.);
#1593 = ORIENTED_EDGE('',*,*,#300,.F.);
#1594 = ORIENTED_EDGE('',*,*,#1595,.F.);
#1595 = EDGE_CURVE('',#1596,#301,#1598,.T.);
#1596 = VERTEX_POINT('',#1597);
#1597 = CARTESIAN_POINT('',(-1.6,16.354698994938,23.));
#1598 = LINE('',#1599,#1600);
#1599 = CARTESIAN_POINT('',(-3.5,16.354698994938,23.));
#1600 = VECTOR('',#1601,1.);
#1601 = DIRECTION('',(1.,0.,0.));
#1602 = ORIENTED_EDGE('',*,*,#1603,.T.);
#1603 = EDGE_CURVE('',#1596,#1564,#1604,.T.);
#1604 = LINE('',#1605,#1606);
#1605 = CARTESIAN_POINT('',(-1.6,-19.215,23.));
#1606 = VECTOR('',#1607,1.);
#1607 = DIRECTION('',(0.,1.,0.));
#1608 = PLANE('',#1609);
#1609 = AXIS2_PLACEMENT_3D('',#1610,#1611,#1612);
#1610 = CARTESIAN_POINT('',(-50.,-50.,23.));
#1611 = DIRECTION('',(0.,0.,1.));
#1612 = DIRECTION('',(1.,0.,0.));
#1613 = ADVANCED_FACE('',(#1614),#1632,.T.);
#1614 = FACE_BOUND('',#1615,.T.);
#1615 = EDGE_LOOP('',(#1616,#1624,#1625,#1626));
#1616 = ORIENTED_EDGE('',*,*,#1617,.F.);
#1617 = EDGE_CURVE('',#1539,#1618,#1620,.T.);
#1618 = VERTEX_POINT('',#1619);
#1619 = CARTESIAN_POINT('',(-1.6,14.32,16.1));
#1620 = LINE('',#1621,#1622);
#1621 = CARTESIAN_POINT('',(-1.6,8.82,16.1));
#1622 = VECTOR('',#1623,1.);
#1623 = DIRECTION('',(0.,1.,0.));
#1624 = ORIENTED_EDGE('',*,*,#1547,.T.);
#1625 = ORIENTED_EDGE('',*,*,#317,.F.);
#1626 = ORIENTED_EDGE('',*,*,#1627,.F.);
#1627 = EDGE_CURVE('',#1618,#309,#1628,.T.);
#1628 = LINE('',#1629,#1630);
#1629 = CARTESIAN_POINT('',(-3.5,14.32,16.1));
#1630 = VECTOR('',#1631,1.);
#1631 = DIRECTION('',(1.,0.,0.));
#1632 = PLANE('',#1633);
#1633 = AXIS2_PLACEMENT_3D('',#1634,#1635,#1636);
#1634 = CARTESIAN_POINT('',(-3.5,8.82,16.1));
#1635 = DIRECTION('',(0.,0.,1.));
#1636 = DIRECTION('',(1.,0.,0.));
#1637 = ADVANCED_FACE('',(#1638),#1650,.F.);
#1638 = FACE_BOUND('',#1639,.F.);
#1639 = EDGE_LOOP('',(#1640,#1641,#1648,#1649));
#1640 = ORIENTED_EDGE('',*,*,#1627,.F.);
#1641 = ORIENTED_EDGE('',*,*,#1642,.T.);
#1642 = EDGE_CURVE('',#1618,#1596,#1643,.T.);
#1643 = CIRCLE('',#1644,3.75);
#1644 = AXIS2_PLACEMENT_3D('',#1645,#1646,#1647);
#1645 = CARTESIAN_POINT('',(-1.6,14.32,19.85));
#1646 = DIRECTION('',(1.,0.,-0.));
#1647 = DIRECTION('',(0.,0.,1.));
#1648 = ORIENTED_EDGE('',*,*,#1595,.T.);
#1649 = ORIENTED_EDGE('',*,*,#308,.F.);
#1650 = CYLINDRICAL_SURFACE('',#1651,3.75);
#1651 = AXIS2_PLACEMENT_3D('',#1652,#1653,#1654);
#1652 = CARTESIAN_POINT('',(-3.5,14.32,19.85));
#1653 = DIRECTION('',(1.,0.,0.));
#1654 = DIRECTION('',(0.,0.,1.));
#1655 = ADVANCED_FACE('',(#1656),#1681,.F.);
#1656 = FACE_BOUND('',#1657,.F.);
#1657 = EDGE_LOOP('',(#1658,#1666,#1667,#1675));
#1658 = ORIENTED_EDGE('',*,*,#1659,.F.);
#1659 = EDGE_CURVE('',#328,#1660,#1662,.T.);
#1660 = VERTEX_POINT('',#1661);
#1661 = CARTESIAN_POINT('',(0.,7.2,15.2));
#1662 = LINE('',#1663,#1664);
#1663 = CARTESIAN_POINT('',(-0.5,7.2,15.2));
#1664 = VECTOR('',#1665,1.);
#1665 = DIRECTION('',(1.,0.,0.));
#1666 = ORIENTED_EDGE('',*,*,#325,.F.);
#1667 = ORIENTED_EDGE('',*,*,#1668,.T.);
#1668 = EDGE_CURVE('',#326,#1669,#1671,.T.);
#1669 = VERTEX_POINT('',#1670);
#1670 = CARTESIAN_POINT('',(0.,3.2,15.2));
#1671 = LINE('',#1672,#1673);
#1672 = CARTESIAN_POINT('',(-0.5,3.2,15.2));
#1673 = VECTOR('',#1674,1.);
#1674 = DIRECTION('',(1.,0.,0.));
#1675 = ORIENTED_EDGE('',*,*,#1676,.F.);
#1676 = EDGE_CURVE('',#1660,#1669,#1677,.T.);
#1677 = LINE('',#1678,#1679);
#1678 = CARTESIAN_POINT('',(0.,3.2,15.2));
#1679 = VECTOR('',#1680,1.);
#1680 = DIRECTION('',(0.,-1.,0.));
#1681 = PLANE('',#1682);
#1682 = AXIS2_PLACEMENT_3D('',#1683,#1684,#1685);
#1683 = CARTESIAN_POINT('',(-0.5,3.2,15.2));
#1684 = DIRECTION('',(0.,0.,1.));
#1685 = DIRECTION('',(1.,0.,0.));
#1686 = ADVANCED_FACE('',(#1687),#1745,.T.);
#1687 = FACE_BOUND('',#1688,.T.);
#1688 = EDGE_LOOP('',(#1689,#1699,#1707,#1715,#1723,#1729,#1730,#1731,
    #1739));
#1689 = ORIENTED_EDGE('',*,*,#1690,.F.);
#1690 = EDGE_CURVE('',#1691,#1693,#1695,.T.);
#1691 = VERTEX_POINT('',#1692);
#1692 = CARTESIAN_POINT('',(0.,7.2,7.8));
#1693 = VERTEX_POINT('',#1694);
#1694 = CARTESIAN_POINT('',(1.,7.2,7.8));
#1695 = LINE('',#1696,#1697);
#1696 = CARTESIAN_POINT('',(0.,7.2,7.8));
#1697 = VECTOR('',#1698,1.);
#1698 = DIRECTION('',(1.,0.,0.));
#1699 = ORIENTED_EDGE('',*,*,#1700,.F.);
#1700 = EDGE_CURVE('',#1701,#1691,#1703,.T.);
#1701 = VERTEX_POINT('',#1702);
#1702 = CARTESIAN_POINT('',(-1.,7.2,8.8));
#1703 = LINE('',#1704,#1705);
#1704 = CARTESIAN_POINT('',(-1.,7.2,8.8));
#1705 = VECTOR('',#1706,1.);
#1706 = DIRECTION('',(0.707106781187,0.,-0.707106781187));
#1707 = ORIENTED_EDGE('',*,*,#1708,.F.);
#1708 = EDGE_CURVE('',#1709,#1701,#1711,.T.);
#1709 = VERTEX_POINT('',#1710);
#1710 = CARTESIAN_POINT('',(-1.,7.2,9.8));
#1711 = LINE('',#1712,#1713);
#1712 = CARTESIAN_POINT('',(-1.,7.2,9.8));
#1713 = VECTOR('',#1714,1.);
#1714 = DIRECTION('',(0.,0.,-1.));
#1715 = ORIENTED_EDGE('',*,*,#1716,.F.);
#1716 = EDGE_CURVE('',#1717,#1709,#1719,.T.);
#1717 = VERTEX_POINT('',#1718);
#1718 = CARTESIAN_POINT('',(0.,7.2,9.8));
#1719 = LINE('',#1720,#1721);
#1720 = CARTESIAN_POINT('',(0.,7.2,9.8));
#1721 = VECTOR('',#1722,1.);
#1722 = DIRECTION('',(-1.,0.,0.));
#1723 = ORIENTED_EDGE('',*,*,#1724,.T.);
#1724 = EDGE_CURVE('',#1717,#1660,#1725,.T.);
#1725 = LINE('',#1726,#1727);
#1726 = CARTESIAN_POINT('',(0.,7.2,7.8));
#1727 = VECTOR('',#1728,1.);
#1728 = DIRECTION('',(0.,0.,1.));
#1729 = ORIENTED_EDGE('',*,*,#1659,.F.);
#1730 = ORIENTED_EDGE('',*,*,#351,.T.);
#1731 = ORIENTED_EDGE('',*,*,#1732,.T.);
#1732 = EDGE_CURVE('',#344,#1733,#1735,.T.);
#1733 = VERTEX_POINT('',#1734);
#1734 = CARTESIAN_POINT('',(1.,7.2,16.4));
#1735 = LINE('',#1736,#1737);
#1736 = CARTESIAN_POINT('',(-0.5,7.2,16.4));
#1737 = VECTOR('',#1738,1.);
#1738 = DIRECTION('',(1.,0.,0.));
#1739 = ORIENTED_EDGE('',*,*,#1740,.F.);
#1740 = EDGE_CURVE('',#1693,#1733,#1741,.T.);
#1741 = LINE('',#1742,#1743);
#1742 = CARTESIAN_POINT('',(1.,7.2,7.8));
#1743 = VECTOR('',#1744,1.);
#1744 = DIRECTION('',(0.,0.,1.));
#1745 = PLANE('',#1746);
#1746 = AXIS2_PLACEMENT_3D('',#1747,#1748,#1749);
#1747 = CARTESIAN_POINT('',(0.302712527566,7.2,12.091949208029));
#1748 = DIRECTION('',(0.,1.,0.));
#1749 = DIRECTION('',(0.,0.,1.));
#1750 = ADVANCED_FACE('',(#1751),#1769,.T.);
#1751 = FACE_BOUND('',#1752,.T.);
#1752 = EDGE_LOOP('',(#1753,#1754,#1755,#1763));
#1753 = ORIENTED_EDGE('',*,*,#1732,.F.);
#1754 = ORIENTED_EDGE('',*,*,#343,.F.);
#1755 = ORIENTED_EDGE('',*,*,#1756,.T.);
#1756 = EDGE_CURVE('',#336,#1757,#1759,.T.);
#1757 = VERTEX_POINT('',#1758);
#1758 = CARTESIAN_POINT('',(1.,3.2,16.4));
#1759 = LINE('',#1760,#1761);
#1760 = CARTESIAN_POINT('',(0.,3.2,16.4));
#1761 = VECTOR('',#1762,1.);
#1762 = DIRECTION('',(1.,0.,0.));
#1763 = ORIENTED_EDGE('',*,*,#1764,.T.);
#1764 = EDGE_CURVE('',#1757,#1733,#1765,.T.);
#1765 = LINE('',#1766,#1767);
#1766 = CARTESIAN_POINT('',(1.,3.2,16.4));
#1767 = VECTOR('',#1768,1.);
#1768 = DIRECTION('',(0.,1.,0.));
#1769 = PLANE('',#1770);
#1770 = AXIS2_PLACEMENT_3D('',#1771,#1772,#1773);
#1771 = CARTESIAN_POINT('',(0.25,5.2,16.4));
#1772 = DIRECTION('',(0.,0.,1.));
#1773 = DIRECTION('',(1.,0.,0.));
#1774 = ADVANCED_FACE('',(#1775),#1826,.T.);
#1775 = FACE_BOUND('',#1776,.T.);
#1776 = EDGE_LOOP('',(#1777,#1785,#1786,#1787,#1788,#1796,#1804,#1812,
    #1820));
#1777 = ORIENTED_EDGE('',*,*,#1778,.T.);
#1778 = EDGE_CURVE('',#1779,#1757,#1781,.T.);
#1779 = VERTEX_POINT('',#1780);
#1780 = CARTESIAN_POINT('',(1.,3.2,7.8));
#1781 = LINE('',#1782,#1783);
#1782 = CARTESIAN_POINT('',(1.,3.2,7.8));
#1783 = VECTOR('',#1784,1.);
#1784 = DIRECTION('',(0.,0.,1.));
#1785 = ORIENTED_EDGE('',*,*,#1756,.F.);
#1786 = ORIENTED_EDGE('',*,*,#335,.F.);
#1787 = ORIENTED_EDGE('',*,*,#1668,.T.);
#1788 = ORIENTED_EDGE('',*,*,#1789,.F.);
#1789 = EDGE_CURVE('',#1790,#1669,#1792,.T.);
#1790 = VERTEX_POINT('',#1791);
#1791 = CARTESIAN_POINT('',(0.,3.2,9.8));
#1792 = LINE('',#1793,#1794);
#1793 = CARTESIAN_POINT('',(0.,3.2,7.8));
#1794 = VECTOR('',#1795,1.);
#1795 = DIRECTION('',(0.,0.,1.));
#1796 = ORIENTED_EDGE('',*,*,#1797,.T.);
#1797 = EDGE_CURVE('',#1790,#1798,#1800,.T.);
#1798 = VERTEX_POINT('',#1799);
#1799 = CARTESIAN_POINT('',(-1.,3.2,9.8));
#1800 = LINE('',#1801,#1802);
#1801 = CARTESIAN_POINT('',(0.,3.2,9.8));
#1802 = VECTOR('',#1803,1.);
#1803 = DIRECTION('',(-1.,0.,0.));
#1804 = ORIENTED_EDGE('',*,*,#1805,.T.);
#1805 = EDGE_CURVE('',#1798,#1806,#1808,.T.);
#1806 = VERTEX_POINT('',#1807);
#1807 = CARTESIAN_POINT('',(-1.,3.2,8.8));
#1808 = LINE('',#1809,#1810);
#1809 = CARTESIAN_POINT('',(-1.,3.2,9.8));
#1810 = VECTOR('',#1811,1.);
#1811 = DIRECTION('',(0.,0.,-1.));
#1812 = ORIENTED_EDGE('',*,*,#1813,.T.);
#1813 = EDGE_CURVE('',#1806,#1814,#1816,.T.);
#1814 = VERTEX_POINT('',#1815);
#1815 = CARTESIAN_POINT('',(0.,3.2,7.8));
#1816 = LINE('',#1817,#1818);
#1817 = CARTESIAN_POINT('',(-1.,3.2,8.8));
#1818 = VECTOR('',#1819,1.);
#1819 = DIRECTION('',(0.707106781187,0.,-0.707106781187));
#1820 = ORIENTED_EDGE('',*,*,#1821,.T.);
#1821 = EDGE_CURVE('',#1814,#1779,#1822,.T.);
#1822 = LINE('',#1823,#1824);
#1823 = CARTESIAN_POINT('',(0.,3.2,7.8));
#1824 = VECTOR('',#1825,1.);
#1825 = DIRECTION('',(1.,0.,0.));
#1826 = PLANE('',#1827);
#1827 = AXIS2_PLACEMENT_3D('',#1828,#1829,#1830);
#1828 = CARTESIAN_POINT('',(0.302712527566,3.2,12.091949208029));
#1829 = DIRECTION('',(-0.,-1.,-0.));
#1830 = DIRECTION('',(0.,0.,-1.));
#1831 = ADVANCED_FACE('',(#1832),#1843,.T.);
#1832 = FACE_BOUND('',#1833,.T.);
#1833 = EDGE_LOOP('',(#1834,#1835,#1836,#1837));
#1834 = ORIENTED_EDGE('',*,*,#487,.T.);
#1835 = ORIENTED_EDGE('',*,*,#1297,.T.);
#1836 = ORIENTED_EDGE('',*,*,#608,.F.);
#1837 = ORIENTED_EDGE('',*,*,#1838,.T.);
#1838 = EDGE_CURVE('',#600,#488,#1839,.T.);
#1839 = LINE('',#1840,#1841);
#1840 = CARTESIAN_POINT('',(3.635,37.75,6.2));
#1841 = VECTOR('',#1842,1.);
#1842 = DIRECTION('',(-1.,0.,0.));
#1843 = PLANE('',#1844);
#1844 = AXIS2_PLACEMENT_3D('',#1845,#1846,#1847);
#1845 = CARTESIAN_POINT('',(-10.,37.75,5.55));
#1846 = DIRECTION('',(0.,1.,0.));
#1847 = DIRECTION('',(0.,0.,1.));
#1848 = ADVANCED_FACE('',(#1849),#1877,.F.);
#1849 = FACE_BOUND('',#1850,.F.);
#1850 = EDGE_LOOP('',(#1851,#1852,#1853,#1854,#1862,#1871));
#1851 = ORIENTED_EDGE('',*,*,#599,.T.);
#1852 = ORIENTED_EDGE('',*,*,#1838,.T.);
#1853 = ORIENTED_EDGE('',*,*,#495,.T.);
#1854 = ORIENTED_EDGE('',*,*,#1855,.F.);
#1855 = EDGE_CURVE('',#1856,#496,#1858,.T.);
#1856 = VERTEX_POINT('',#1857);
#1857 = CARTESIAN_POINT('',(14.781911670721,35.213754929601,6.2));
#1858 = LINE('',#1859,#1860);
#1859 = CARTESIAN_POINT('',(14.422913890394,38.697814464869,6.2));
#1860 = VECTOR('',#1861,1.);
#1861 = DIRECTION('',(-0.102497398,0.994733272492,0.));
#1862 = ORIENTED_EDGE('',*,*,#1863,.F.);
#1863 = EDGE_CURVE('',#1864,#1856,#1866,.T.);
#1864 = VERTEX_POINT('',#1865);
#1865 = CARTESIAN_POINT('',(19.72,35.467493718553,6.2));
#1866 = CIRCLE('',#1867,2.5);
#1867 = AXIS2_PLACEMENT_3D('',#1868,#1869,#1870);
#1868 = CARTESIAN_POINT('',(17.27,34.97,6.2));
#1869 = DIRECTION('',(0.,0.,1.));
#1870 = DIRECTION('',(1.,0.,0.));
#1871 = ORIENTED_EDGE('',*,*,#1872,.F.);
#1872 = EDGE_CURVE('',#592,#1864,#1873,.T.);
#1873 = LINE('',#1874,#1875);
#1874 = CARTESIAN_POINT('',(19.72,30.97,6.2));
#1875 = VECTOR('',#1876,1.);
#1876 = DIRECTION('',(0.,-1.,0.));
#1877 = PLANE('',#1878);
#1878 = AXIS2_PLACEMENT_3D('',#1879,#1880,#1881);
#1879 = CARTESIAN_POINT('',(17.27,34.97,6.2));
#1880 = DIRECTION('',(0.,0.,1.));
#1881 = DIRECTION('',(1.,0.,0.));
#1882 = ADVANCED_FACE('',(#1883),#1917,.F.);
#1883 = FACE_BOUND('',#1884,.F.);
#1884 = EDGE_LOOP('',(#1885,#1886,#1887,#1895,#1903,#1911));
#1885 = ORIENTED_EDGE('',*,*,#1855,.T.);
#1886 = ORIENTED_EDGE('',*,*,#504,.T.);
#1887 = ORIENTED_EDGE('',*,*,#1888,.T.);
#1888 = EDGE_CURVE('',#505,#1889,#1891,.T.);
#1889 = VERTEX_POINT('',#1890);
#1890 = CARTESIAN_POINT('',(14.87949543771,34.266708255503,8.1));
#1891 = LINE('',#1892,#1893);
#1892 = CARTESIAN_POINT('',(14.012924298395,42.676747554839,8.1));
#1893 = VECTOR('',#1894,1.);
#1894 = DIRECTION('',(0.102497398,-0.994733272492,0.));
#1895 = ORIENTED_EDGE('',*,*,#1896,.F.);
#1896 = EDGE_CURVE('',#1897,#1889,#1899,.T.);
#1897 = VERTEX_POINT('',#1898);
#1898 = CARTESIAN_POINT('',(14.87949543771,34.266708255503,5.6));
#1899 = LINE('',#1900,#1901);
#1900 = CARTESIAN_POINT('',(14.87949543771,34.266708255503,8.1));
#1901 = VECTOR('',#1902,1.);
#1902 = DIRECTION('',(0.,0.,1.));
#1903 = ORIENTED_EDGE('',*,*,#1904,.T.);
#1904 = EDGE_CURVE('',#1897,#1905,#1907,.T.);
#1905 = VERTEX_POINT('',#1906);
#1906 = CARTESIAN_POINT('',(14.781911670721,35.213754929601,5.6));
#1907 = LINE('',#1908,#1909);
#1908 = CARTESIAN_POINT('',(14.422913890394,38.697814464869,5.6));
#1909 = VECTOR('',#1910,1.);
#1910 = DIRECTION('',(-0.102497398,0.994733272492,0.));
#1911 = ORIENTED_EDGE('',*,*,#1912,.T.);
#1912 = EDGE_CURVE('',#1905,#1856,#1913,.T.);
#1913 = LINE('',#1914,#1915);
#1914 = CARTESIAN_POINT('',(14.781911670721,35.213754929601,5.6));
#1915 = VECTOR('',#1916,1.);
#1916 = DIRECTION('',(0.,0.,1.));
#1917 = PLANE('',#1918);
#1918 = AXIS2_PLACEMENT_3D('',#1919,#1920,#1921);
#1919 = CARTESIAN_POINT('',(14.012924298395,42.676747554839,8.1));
#1920 = DIRECTION('',(0.994733272492,0.102497398,0.));
#1921 = DIRECTION('',(0.,0.,-1.));
#1922 = ADVANCED_FACE('',(#1923),#1933,.F.);
#1923 = FACE_BOUND('',#1924,.F.);
#1924 = EDGE_LOOP('',(#1925,#1926,#1927));
#1925 = ORIENTED_EDGE('',*,*,#1888,.F.);
#1926 = ORIENTED_EDGE('',*,*,#512,.T.);
#1927 = ORIENTED_EDGE('',*,*,#1928,.F.);
#1928 = EDGE_CURVE('',#1889,#513,#1929,.T.);
#1929 = LINE('',#1930,#1931);
#1930 = CARTESIAN_POINT('',(14.056659267972,34.024628029271,
    8.943315109144));
#1931 = VECTOR('',#1932,1.);
#1932 = DIRECTION('',(-0.684073449061,-0.201255926026,0.701098829359));
#1933 = PLANE('',#1934);
#1934 = AXIS2_PLACEMENT_3D('',#1935,#1936,#1937);
#1935 = CARTESIAN_POINT('',(13.117664353152,42.584499896639,9.));
#1936 = DIRECTION('',(0.703382642451,7.247660517969E-02,0.707106781187)
  );
#1937 = DIRECTION('',(0.703382642452,7.247660517975E-02,-0.707106781186)
  );
#1938 = ADVANCED_FACE('',(#1939),#1957,.F.);
#1939 = FACE_BOUND('',#1940,.F.);
#1940 = EDGE_LOOP('',(#1941,#1949,#1950,#1951));
#1941 = ORIENTED_EDGE('',*,*,#1942,.F.);
#1942 = EDGE_CURVE('',#1889,#1943,#1945,.T.);
#1943 = VERTEX_POINT('',#1944);
#1944 = CARTESIAN_POINT('',(15.33599494565,33.367093151437,8.1));
#1945 = LINE('',#1946,#1947);
#1946 = CARTESIAN_POINT('',(11.465092539772,40.995408648232,8.1));
#1947 = VECTOR('',#1948,1.);
#1948 = DIRECTION('',(0.452512531605,-0.891758043833,0.));
#1949 = ORIENTED_EDGE('',*,*,#1928,.T.);
#1950 = ORIENTED_EDGE('',*,*,#521,.T.);
#1951 = ORIENTED_EDGE('',*,*,#1952,.F.);
#1952 = EDGE_CURVE('',#1943,#522,#1953,.T.);
#1953 = LINE('',#1954,#1955);
#1954 = CARTESIAN_POINT('',(14.691522613024,32.832953329335,
    8.916418349777));
#1955 = VECTOR('',#1956,1.);
#1956 = DIRECTION('',(-0.551175649263,-0.456815364044,0.698229995655));
#1957 = PLANE('',#1958);
#1958 = AXIS2_PLACEMENT_3D('',#1959,#1960,#1961);
#1959 = CARTESIAN_POINT('',(10.662510300322,40.588147369788,9.));
#1960 = DIRECTION('',(0.630568159972,0.31997467967,0.707106781187));
#1961 = DIRECTION('',(0.630568159972,0.31997467967,-0.707106781186));
#1962 = ADVANCED_FACE('',(#1963),#1981,.F.);
#1963 = FACE_BOUND('',#1964,.F.);
#1964 = EDGE_LOOP('',(#1965,#1973,#1974,#1975));
#1965 = ORIENTED_EDGE('',*,*,#1966,.F.);
#1966 = EDGE_CURVE('',#1943,#1967,#1969,.T.);
#1967 = VERTEX_POINT('',#1968);
#1968 = CARTESIAN_POINT('',(16.435928108889,32.52,8.1));
#1969 = LINE('',#1970,#1971);
#1970 = CARTESIAN_POINT('',(9.436878516376,37.910188399198,8.1));
#1971 = VECTOR('',#1972,1.);
#1972 = DIRECTION('',(0.792278994192,-0.610158991871,0.));
#1973 = ORIENTED_EDGE('',*,*,#1952,.T.);
#1974 = ORIENTED_EDGE('',*,*,#530,.T.);
#1975 = ORIENTED_EDGE('',*,*,#1976,.T.);
#1976 = EDGE_CURVE('',#531,#1967,#1977,.T.);
#1977 = LINE('',#1978,#1979);
#1978 = CARTESIAN_POINT('',(16.192003035168,31.803495299402,
    8.816504700598));
#1979 = VECTOR('',#1980,1.);
#1980 = DIRECTION('',(0.234039988548,0.687468284272,-0.687468284272));
#1981 = PLANE('',#1982);
#1982 = AXIS2_PLACEMENT_3D('',#1983,#1984,#1985);
#1983 = CARTESIAN_POINT('',(8.887735423691,37.197137304425,9.));
#1984 = DIRECTION('',(0.431447560754,0.560225849385,0.707106781187));
#1985 = DIRECTION('',(0.431447560754,0.560225849385,-0.707106781186));
#1986 = ADVANCED_FACE('',(#1987),#1997,.F.);
#1987 = FACE_BOUND('',#1988,.F.);
#1988 = EDGE_LOOP('',(#1989,#1995,#1996));
#1989 = ORIENTED_EDGE('',*,*,#1990,.F.);
#1990 = EDGE_CURVE('',#1967,#540,#1991,.T.);
#1991 = LINE('',#1992,#1993);
#1992 = CARTESIAN_POINT('',(9.27,32.52,8.1));
#1993 = VECTOR('',#1994,1.);
#1994 = DIRECTION('',(1.,0.,0.));
#1995 = ORIENTED_EDGE('',*,*,#1976,.F.);
#1996 = ORIENTED_EDGE('',*,*,#539,.T.);
#1997 = PLANE('',#1998);
#1998 = AXIS2_PLACEMENT_3D('',#1999,#2000,#2001);
#1999 = CARTESIAN_POINT('',(9.27,31.62,9.));
#2000 = DIRECTION('',(0.,0.707106781187,0.707106781187));
#2001 = DIRECTION('',(0.,0.707106781187,-0.707106781187));
#2002 = ADVANCED_FACE('',(#2003),#2053,.F.);
#2003 = FACE_BOUND('',#2004,.F.);
#2004 = EDGE_LOOP('',(#2005,#2015,#2021,#2022,#2023,#2031,#2039,#2047));
#2005 = ORIENTED_EDGE('',*,*,#2006,.T.);
#2006 = EDGE_CURVE('',#2007,#2009,#2011,.T.);
#2007 = VERTEX_POINT('',#2008);
#2008 = CARTESIAN_POINT('',(16.772506281447,32.52,6.2));
#2009 = VERTEX_POINT('',#2010);
#2010 = CARTESIAN_POINT('',(16.435928108889,32.52,6.2));
#2011 = LINE('',#2012,#2013);
#2012 = CARTESIAN_POINT('',(13.27,32.52,6.2));
#2013 = VECTOR('',#2014,1.);
#2014 = DIRECTION('',(-1.,-1.1E-16,0.));
#2015 = ORIENTED_EDGE('',*,*,#2016,.F.);
#2016 = EDGE_CURVE('',#1967,#2009,#2017,.T.);
#2017 = LINE('',#2018,#2019);
#2018 = CARTESIAN_POINT('',(16.435928108889,32.52,8.1));
#2019 = VECTOR('',#2020,1.);
#2020 = DIRECTION('',(0.,0.,-1.));
#2021 = ORIENTED_EDGE('',*,*,#1990,.T.);
#2022 = ORIENTED_EDGE('',*,*,#548,.F.);
#2023 = ORIENTED_EDGE('',*,*,#2024,.T.);
#2024 = EDGE_CURVE('',#549,#2025,#2027,.T.);
#2025 = VERTEX_POINT('',#2026);
#2026 = CARTESIAN_POINT('',(17.767493718553,32.52,6.2));
#2027 = LINE('',#2028,#2029);
#2028 = CARTESIAN_POINT('',(13.27,32.52,6.2));
#2029 = VECTOR('',#2030,1.);
#2030 = DIRECTION('',(-1.,-1.1E-16,0.));
#2031 = ORIENTED_EDGE('',*,*,#2032,.F.);
#2032 = EDGE_CURVE('',#2033,#2025,#2035,.T.);
#2033 = VERTEX_POINT('',#2034);
#2034 = CARTESIAN_POINT('',(17.767493718553,32.52,5.6));
#2035 = LINE('',#2036,#2037);
#2036 = CARTESIAN_POINT('',(17.767493718553,32.52,5.6));
#2037 = VECTOR('',#2038,1.);
#2038 = DIRECTION('',(0.,0.,1.));
#2039 = ORIENTED_EDGE('',*,*,#2040,.T.);
#2040 = EDGE_CURVE('',#2033,#2041,#2043,.T.);
#2041 = VERTEX_POINT('',#2042);
#2042 = CARTESIAN_POINT('',(16.772506281447,32.52,5.6));
#2043 = LINE('',#2044,#2045);
#2044 = CARTESIAN_POINT('',(13.27,32.52,5.6));
#2045 = VECTOR('',#2046,1.);
#2046 = DIRECTION('',(-1.,-1.1E-16,0.));
#2047 = ORIENTED_EDGE('',*,*,#2048,.T.);
#2048 = EDGE_CURVE('',#2041,#2007,#2049,.T.);
#2049 = LINE('',#2050,#2051);
#2050 = CARTESIAN_POINT('',(16.772506281447,32.52,5.6));
#2051 = VECTOR('',#2052,1.);
#2052 = DIRECTION('',(0.,0.,1.));
#2053 = PLANE('',#2054);
#2054 = AXIS2_PLACEMENT_3D('',#2055,#2056,#2057);
#2055 = CARTESIAN_POINT('',(9.27,32.52,8.1));
#2056 = DIRECTION('',(0.,1.,0.));
#2057 = DIRECTION('',(0.,0.,-1.));
#2058 = ADVANCED_FACE('',(#2059),#2078,.F.);
#2059 = FACE_BOUND('',#2060,.F.);
#2060 = EDGE_LOOP('',(#2061,#2062,#2063,#2071));
#2061 = ORIENTED_EDGE('',*,*,#2024,.F.);
#2062 = ORIENTED_EDGE('',*,*,#556,.T.);
#2063 = ORIENTED_EDGE('',*,*,#2064,.F.);
#2064 = EDGE_CURVE('',#2065,#557,#2067,.T.);
#2065 = VERTEX_POINT('',#2066);
#2066 = CARTESIAN_POINT('',(19.72,34.472506281447,6.2));
#2067 = LINE('',#2068,#2069);
#2068 = CARTESIAN_POINT('',(19.72,30.97,6.2));
#2069 = VECTOR('',#2070,1.);
#2070 = DIRECTION('',(0.,-1.,0.));
#2071 = ORIENTED_EDGE('',*,*,#2072,.F.);
#2072 = EDGE_CURVE('',#2025,#2065,#2073,.T.);
#2073 = CIRCLE('',#2074,2.5);
#2074 = AXIS2_PLACEMENT_3D('',#2075,#2076,#2077);
#2075 = CARTESIAN_POINT('',(17.27,34.97,6.2));
#2076 = DIRECTION('',(0.,0.,1.));
#2077 = DIRECTION('',(1.,0.,0.));
#2078 = PLANE('',#2079);
#2079 = AXIS2_PLACEMENT_3D('',#2080,#2081,#2082);
#2080 = CARTESIAN_POINT('',(17.27,34.97,6.2));
#2081 = DIRECTION('',(0.,0.,1.));
#2082 = DIRECTION('',(1.,0.,0.));
#2083 = ADVANCED_FACE('',(#2084),#2118,.F.);
#2084 = FACE_BOUND('',#2085,.F.);
#2085 = EDGE_LOOP('',(#2086,#2087,#2093,#2094,#2095,#2103,#2111,#2117));
#2086 = ORIENTED_EDGE('',*,*,#565,.T.);
#2087 = ORIENTED_EDGE('',*,*,#2088,.T.);
#2088 = EDGE_CURVE('',#566,#583,#2089,.T.);
#2089 = LINE('',#2090,#2091);
#2090 = CARTESIAN_POINT('',(19.72,26.97,8.1));
#2091 = VECTOR('',#2092,1.);
#2092 = DIRECTION('',(0.,1.,0.));
#2093 = ORIENTED_EDGE('',*,*,#591,.F.);
#2094 = ORIENTED_EDGE('',*,*,#1872,.T.);
#2095 = ORIENTED_EDGE('',*,*,#2096,.F.);
#2096 = EDGE_CURVE('',#2097,#1864,#2099,.T.);
#2097 = VERTEX_POINT('',#2098);
#2098 = CARTESIAN_POINT('',(19.72,35.467493718553,5.6));
#2099 = LINE('',#2100,#2101);
#2100 = CARTESIAN_POINT('',(19.72,35.467493718553,5.6));
#2101 = VECTOR('',#2102,1.);
#2102 = DIRECTION('',(0.,0.,1.));
#2103 = ORIENTED_EDGE('',*,*,#2104,.T.);
#2104 = EDGE_CURVE('',#2097,#2105,#2107,.T.);
#2105 = VERTEX_POINT('',#2106);
#2106 = CARTESIAN_POINT('',(19.72,34.472506281447,5.6));
#2107 = LINE('',#2108,#2109);
#2108 = CARTESIAN_POINT('',(19.72,30.97,5.6));
#2109 = VECTOR('',#2110,1.);
#2110 = DIRECTION('',(0.,-1.,0.));
#2111 = ORIENTED_EDGE('',*,*,#2112,.T.);
#2112 = EDGE_CURVE('',#2105,#2065,#2113,.T.);
#2113 = LINE('',#2114,#2115);
#2114 = CARTESIAN_POINT('',(19.72,34.472506281447,5.6));
#2115 = VECTOR('',#2116,1.);
#2116 = DIRECTION('',(0.,0.,1.));
#2117 = ORIENTED_EDGE('',*,*,#2064,.T.);
#2118 = PLANE('',#2119);
#2119 = AXIS2_PLACEMENT_3D('',#2120,#2121,#2122);
#2120 = CARTESIAN_POINT('',(19.72,26.97,8.1));
#2121 = DIRECTION('',(-1.,0.,0.));
#2122 = DIRECTION('',(0.,0.,-1.));
#2123 = ADVANCED_FACE('',(#2124),#2129,.F.);
#2124 = FACE_BOUND('',#2125,.F.);
#2125 = EDGE_LOOP('',(#2126,#2127,#2128));
#2126 = ORIENTED_EDGE('',*,*,#2088,.F.);
#2127 = ORIENTED_EDGE('',*,*,#573,.T.);
#2128 = ORIENTED_EDGE('',*,*,#582,.T.);
#2129 = PLANE('',#2130);
#2130 = AXIS2_PLACEMENT_3D('',#2131,#2132,#2133);
#2131 = CARTESIAN_POINT('',(20.62,26.97,9.));
#2132 = DIRECTION('',(-0.707106781187,0.,0.707106781187));
#2133 = DIRECTION('',(-0.707106781187,0.,-0.707106781187));
#2134 = ADVANCED_FACE('',(#2135),#2161,.T.);
#2135 = FACE_BOUND('',#2136,.T.);
#2136 = EDGE_LOOP('',(#2137,#2145,#2153,#2159,#2160));
#2137 = ORIENTED_EDGE('',*,*,#2138,.T.);
#2138 = EDGE_CURVE('',#1278,#2139,#2141,.T.);
#2139 = VERTEX_POINT('',#2140);
#2140 = CARTESIAN_POINT('',(65.426741403204,37.75,11.96));
#2141 = LINE('',#2142,#2143);
#2142 = CARTESIAN_POINT('',(-10.,37.75,11.96));
#2143 = VECTOR('',#2144,1.);
#2144 = DIRECTION('',(1.,0.,0.));
#2145 = ORIENTED_EDGE('',*,*,#2146,.F.);
#2146 = EDGE_CURVE('',#2147,#2139,#2149,.T.);
#2147 = VERTEX_POINT('',#2148);
#2148 = CARTESIAN_POINT('',(65.426741403204,37.75,6.2));
#2149 = LINE('',#2150,#2151);
#2150 = CARTESIAN_POINT('',(65.426741403204,37.75,6.2));
#2151 = VECTOR('',#2152,1.);
#2152 = DIRECTION('',(0.,0.,1.));
#2153 = ORIENTED_EDGE('',*,*,#2154,.T.);
#2154 = EDGE_CURVE('',#2147,#723,#2155,.T.);
#2155 = LINE('',#2156,#2157);
#2156 = CARTESIAN_POINT('',(26.97,37.75,6.2));
#2157 = VECTOR('',#2158,1.);
#2158 = DIRECTION('',(-1.,0.,0.));
#2159 = ORIENTED_EDGE('',*,*,#722,.T.);
#2160 = ORIENTED_EDGE('',*,*,#1286,.T.);
#2161 = PLANE('',#2162);
#2162 = AXIS2_PLACEMENT_3D('',#2163,#2164,#2165);
#2163 = CARTESIAN_POINT('',(-10.,37.75,5.55));
#2164 = DIRECTION('',(0.,1.,0.));
#2165 = DIRECTION('',(0.,0.,1.));
#2166 = ADVANCED_FACE('',(#2167,#2186),#2197,.F.);
#2167 = FACE_BOUND('',#2168,.F.);
#2168 = EDGE_LOOP('',(#2169,#2170,#2178,#2185));
#2169 = ORIENTED_EDGE('',*,*,#730,.T.);
#2170 = ORIENTED_EDGE('',*,*,#2171,.T.);
#2171 = EDGE_CURVE('',#731,#2172,#2174,.T.);
#2172 = VERTEX_POINT('',#2173);
#2173 = CARTESIAN_POINT('',(66.855,36.297106467872,6.2));
#2174 = LINE('',#2175,#2176);
#2175 = CARTESIAN_POINT('',(66.855,12.43,6.2));
#2176 = VECTOR('',#2177,1.);
#2177 = DIRECTION('',(0.,1.,0.));
#2178 = ORIENTED_EDGE('',*,*,#2179,.T.);
#2179 = EDGE_CURVE('',#2172,#2147,#2180,.T.);
#2180 = CIRCLE('',#2181,3.25);
#2181 = AXIS2_PLACEMENT_3D('',#2182,#2183,#2184);
#2182 = CARTESIAN_POINT('',(63.94,34.86,6.2));
#2183 = DIRECTION('',(0.,0.,1.));
#2184 = DIRECTION('',(1.,0.,0.));
#2185 = ORIENTED_EDGE('',*,*,#2154,.T.);
#2186 = FACE_BOUND('',#2187,.F.);
#2187 = EDGE_LOOP('',(#2188));
#2188 = ORIENTED_EDGE('',*,*,#2189,.F.);
#2189 = EDGE_CURVE('',#2190,#2190,#2192,.T.);
#2190 = VERTEX_POINT('',#2191);
#2191 = CARTESIAN_POINT('',(66.44,34.86,6.2));
#2192 = CIRCLE('',#2193,2.5);
#2193 = AXIS2_PLACEMENT_3D('',#2194,#2195,#2196);
#2194 = CARTESIAN_POINT('',(63.94,34.86,6.2));
#2195 = DIRECTION('',(0.,0.,1.));
#2196 = DIRECTION('',(1.,0.,0.));
#2197 = PLANE('',#2198);
#2198 = AXIS2_PLACEMENT_3D('',#2199,#2200,#2201);
#2199 = CARTESIAN_POINT('',(63.94,34.86,6.2));
#2200 = DIRECTION('',(0.,0.,1.));
#2201 = DIRECTION('',(1.,0.,0.));
#2202 = ADVANCED_FACE('',(#2203),#2222,.T.);
#2203 = FACE_BOUND('',#2204,.T.);
#2204 = EDGE_LOOP('',(#2205,#2213,#2219,#2220,#2221));
#2205 = ORIENTED_EDGE('',*,*,#2206,.T.);
#2206 = EDGE_CURVE('',#2172,#2207,#2209,.T.);
#2207 = VERTEX_POINT('',#2208);
#2208 = CARTESIAN_POINT('',(66.855,36.297106467872,11.96));
#2209 = LINE('',#2210,#2211);
#2210 = CARTESIAN_POINT('',(66.855,36.297106467872,6.2));
#2211 = VECTOR('',#2212,1.);
#2212 = DIRECTION('',(0.,0.,1.));
#2213 = ORIENTED_EDGE('',*,*,#2214,.F.);
#2214 = EDGE_CURVE('',#1424,#2207,#2215,.T.);
#2215 = LINE('',#2216,#2217);
#2216 = CARTESIAN_POINT('',(66.855,-10.,11.96));
#2217 = VECTOR('',#2218,1.);
#2218 = DIRECTION('',(0.,1.,0.));
#2219 = ORIENTED_EDGE('',*,*,#1423,.F.);
#2220 = ORIENTED_EDGE('',*,*,#739,.F.);
#2221 = ORIENTED_EDGE('',*,*,#2171,.T.);
#2222 = PLANE('',#2223);
#2223 = AXIS2_PLACEMENT_3D('',#2224,#2225,#2226);
#2224 = CARTESIAN_POINT('',(66.855,-10.,5.55));
#2225 = DIRECTION('',(1.,0.,0.));
#2226 = DIRECTION('',(0.,0.,1.));
#2227 = ADVANCED_FACE('',(#2228),#2257,.F.);
#2228 = FACE_BOUND('',#2229,.F.);
#2229 = EDGE_LOOP('',(#2230,#2238,#2247,#2254,#2255,#2256));
#2230 = ORIENTED_EDGE('',*,*,#2231,.T.);
#2231 = EDGE_CURVE('',#814,#2232,#2234,.T.);
#2232 = VERTEX_POINT('',#2233);
#2233 = CARTESIAN_POINT('',(68.35,23.78,11.96));
#2234 = LINE('',#2235,#2236);
#2235 = CARTESIAN_POINT('',(66.15,23.78,11.96));
#2236 = VECTOR('',#2237,1.);
#2237 = DIRECTION('',(1.,0.,0.));
#2238 = ORIENTED_EDGE('',*,*,#2239,.F.);
#2239 = EDGE_CURVE('',#2240,#2232,#2242,.T.);
#2240 = VERTEX_POINT('',#2241);
#2241 = CARTESIAN_POINT('',(68.35,27.38,15.56));
#2242 = CIRCLE('',#2243,3.6);
#2243 = AXIS2_PLACEMENT_3D('',#2244,#2245,#2246);
#2244 = CARTESIAN_POINT('',(68.35,27.38,11.96));
#2245 = DIRECTION('',(1.,0.,-0.));
#2246 = DIRECTION('',(0.,0.,1.));
#2247 = ORIENTED_EDGE('',*,*,#2248,.F.);
#2248 = EDGE_CURVE('',#1407,#2240,#2249,.T.);
#2249 = CIRCLE('',#2250,3.6);
#2250 = AXIS2_PLACEMENT_3D('',#2251,#2252,#2253);
#2251 = CARTESIAN_POINT('',(68.35,27.38,11.96));
#2252 = DIRECTION('',(1.,0.,-0.));
#2253 = DIRECTION('',(0.,0.,1.));
#2254 = ORIENTED_EDGE('',*,*,#1414,.F.);
#2255 = ORIENTED_EDGE('',*,*,#804,.T.);
#2256 = ORIENTED_EDGE('',*,*,#813,.T.);
#2257 = CYLINDRICAL_SURFACE('',#2258,3.6);
#2258 = AXIS2_PLACEMENT_3D('',#2259,#2260,#2261);
#2259 = CARTESIAN_POINT('',(66.15,27.38,11.96));
#2260 = DIRECTION('',(1.,0.,0.));
#2261 = DIRECTION('',(0.,0.,1.));
#2262 = ADVANCED_FACE('',(#2263),#2313,.T.);
#2263 = FACE_BOUND('',#2264,.T.);
#2264 = EDGE_LOOP('',(#2265,#2266,#2274,#2282,#2290,#2298,#2306,#2312));
#2265 = ORIENTED_EDGE('',*,*,#2231,.T.);
#2266 = ORIENTED_EDGE('',*,*,#2267,.F.);
#2267 = EDGE_CURVE('',#2268,#2232,#2270,.T.);
#2268 = VERTEX_POINT('',#2269);
#2269 = CARTESIAN_POINT('',(68.35,21.38,11.96));
#2270 = LINE('',#2271,#2272);
#2271 = CARTESIAN_POINT('',(68.35,16.19,11.96));
#2272 = VECTOR('',#2273,1.);
#2273 = DIRECTION('',(0.,1.,0.));
#2274 = ORIENTED_EDGE('',*,*,#2275,.T.);
#2275 = EDGE_CURVE('',#2268,#2276,#2278,.T.);
#2276 = VERTEX_POINT('',#2277);
#2277 = CARTESIAN_POINT('',(69.55,21.38,11.96));
#2278 = LINE('',#2279,#2280);
#2279 = CARTESIAN_POINT('',(68.35,21.38,11.96));
#2280 = VECTOR('',#2281,1.);
#2281 = DIRECTION('',(1.,0.,0.));
#2282 = ORIENTED_EDGE('',*,*,#2283,.F.);
#2283 = EDGE_CURVE('',#2284,#2276,#2286,.T.);
#2284 = VERTEX_POINT('',#2285);
#2285 = CARTESIAN_POINT('',(69.55,16.73,11.96));
#2286 = LINE('',#2287,#2288);
#2287 = CARTESIAN_POINT('',(69.55,5.,11.96));
#2288 = VECTOR('',#2289,1.);
#2289 = DIRECTION('',(0.,1.,0.));
#2290 = ORIENTED_EDGE('',*,*,#2291,.F.);
#2291 = EDGE_CURVE('',#2292,#2284,#2294,.T.);
#2292 = VERTEX_POINT('',#2293);
#2293 = CARTESIAN_POINT('',(68.35,16.73,11.96));
#2294 = LINE('',#2295,#2296);
#2295 = CARTESIAN_POINT('',(68.35,16.73,11.96));
#2296 = VECTOR('',#2297,1.);
#2297 = DIRECTION('',(1.,0.,0.));
#2298 = ORIENTED_EDGE('',*,*,#2299,.F.);
#2299 = EDGE_CURVE('',#2300,#2292,#2302,.T.);
#2300 = VERTEX_POINT('',#2301);
#2301 = CARTESIAN_POINT('',(68.35,14.33,11.96));
#2302 = LINE('',#2303,#2304);
#2303 = CARTESIAN_POINT('',(68.35,7.865,11.96));
#2304 = VECTOR('',#2305,1.);
#2305 = DIRECTION('',(0.,1.,0.));
#2306 = ORIENTED_EDGE('',*,*,#2307,.F.);
#2307 = EDGE_CURVE('',#823,#2300,#2308,.T.);
#2308 = LINE('',#2309,#2310);
#2309 = CARTESIAN_POINT('',(67.,14.33,11.96));
#2310 = VECTOR('',#2311,1.);
#2311 = DIRECTION('',(1.,0.,0.));
#2312 = ORIENTED_EDGE('',*,*,#822,.F.);
#2313 = PLANE('',#2314);
#2314 = AXIS2_PLACEMENT_3D('',#2315,#2316,#2317);
#2315 = CARTESIAN_POINT('',(68.106962025316,19.055,11.96));
#2316 = DIRECTION('',(-0.,-0.,-1.));
#2317 = DIRECTION('',(-1.,0.,0.));
#2318 = ADVANCED_FACE('',(#2319),#2341,.F.);
#2319 = FACE_BOUND('',#2320,.F.);
#2320 = EDGE_LOOP('',(#2321,#2330,#2337,#2338,#2339,#2340));
#2321 = ORIENTED_EDGE('',*,*,#2322,.F.);
#2322 = EDGE_CURVE('',#2323,#1176,#2325,.T.);
#2323 = VERTEX_POINT('',#2324);
#2324 = CARTESIAN_POINT('',(68.35,10.73,15.56));
#2325 = CIRCLE('',#2326,3.6);
#2326 = AXIS2_PLACEMENT_3D('',#2327,#2328,#2329);
#2327 = CARTESIAN_POINT('',(68.35,10.73,11.96));
#2328 = DIRECTION('',(1.,0.,-0.));
#2329 = DIRECTION('',(0.,0.,1.));
#2330 = ORIENTED_EDGE('',*,*,#2331,.F.);
#2331 = EDGE_CURVE('',#2300,#2323,#2332,.T.);
#2332 = CIRCLE('',#2333,3.6);
#2333 = AXIS2_PLACEMENT_3D('',#2334,#2335,#2336);
#2334 = CARTESIAN_POINT('',(68.35,10.73,11.96));
#2335 = DIRECTION('',(1.,0.,-0.));
#2336 = DIRECTION('',(0.,0.,1.));
#2337 = ORIENTED_EDGE('',*,*,#2307,.F.);
#2338 = ORIENTED_EDGE('',*,*,#830,.T.);
#2339 = ORIENTED_EDGE('',*,*,#839,.T.);
#2340 = ORIENTED_EDGE('',*,*,#1175,.T.);
#2341 = CYLINDRICAL_SURFACE('',#2342,3.6);
#2342 = AXIS2_PLACEMENT_3D('',#2343,#2344,#2345);
#2343 = CARTESIAN_POINT('',(66.15,10.73,11.96));
#2344 = DIRECTION('',(1.,0.,0.));
#2345 = DIRECTION('',(0.,0.,1.));
#2346 = ADVANCED_FACE('',(#2347),#2373,.T.);
#2347 = FACE_BOUND('',#2348,.T.);
#2348 = EDGE_LOOP('',(#2349,#2357,#2365,#2371,#2372));
#2349 = ORIENTED_EDGE('',*,*,#2350,.F.);
#2350 = EDGE_CURVE('',#2351,#1158,#2353,.T.);
#2351 = VERTEX_POINT('',#2352);
#2352 = CARTESIAN_POINT('',(66.855,1.165635310625,11.96));
#2353 = LINE('',#2354,#2355);
#2354 = CARTESIAN_POINT('',(66.855,-10.,11.96));
#2355 = VECTOR('',#2356,1.);
#2356 = DIRECTION('',(0.,1.,0.));
#2357 = ORIENTED_EDGE('',*,*,#2358,.F.);
#2358 = EDGE_CURVE('',#2359,#2351,#2361,.T.);
#2359 = VERTEX_POINT('',#2360);
#2360 = CARTESIAN_POINT('',(66.855,1.165635310625,6.2));
#2361 = LINE('',#2362,#2363);
#2362 = CARTESIAN_POINT('',(66.855,1.165635310625,6.2));
#2363 = VECTOR('',#2364,1.);
#2364 = DIRECTION('',(0.,0.,1.));
#2365 = ORIENTED_EDGE('',*,*,#2366,.T.);
#2366 = EDGE_CURVE('',#2359,#906,#2367,.T.);
#2367 = LINE('',#2368,#2369);
#2368 = CARTESIAN_POINT('',(66.855,-3.65,6.2));
#2369 = VECTOR('',#2370,1.);
#2370 = DIRECTION('',(0.,1.,0.));
#2371 = ORIENTED_EDGE('',*,*,#905,.T.);
#2372 = ORIENTED_EDGE('',*,*,#1166,.F.);
#2373 = PLANE('',#2374);
#2374 = AXIS2_PLACEMENT_3D('',#2375,#2376,#2377);
#2375 = CARTESIAN_POINT('',(66.855,-10.,5.55));
#2376 = DIRECTION('',(1.,0.,0.));
#2377 = DIRECTION('',(0.,0.,1.));
#2378 = ADVANCED_FACE('',(#2379),#2431,.F.);
#2379 = FACE_BOUND('',#2380,.F.);
#2380 = EDGE_LOOP('',(#2381,#2389,#2396,#2397,#2398,#2406,#2415,#2424,
    #2430));
#2381 = ORIENTED_EDGE('',*,*,#2382,.F.);
#2382 = EDGE_CURVE('',#2383,#948,#2385,.T.);
#2383 = VERTEX_POINT('',#2384);
#2384 = CARTESIAN_POINT('',(65.457140075112,-0.2,6.2));
#2385 = LINE('',#2386,#2387);
#2386 = CARTESIAN_POINT('',(26.995,-0.2,6.2));
#2387 = VECTOR('',#2388,1.);
#2388 = DIRECTION('',(-1.,0.,0.));
#2389 = ORIENTED_EDGE('',*,*,#2390,.T.);
#2390 = EDGE_CURVE('',#2383,#2359,#2391,.T.);
#2391 = CIRCLE('',#2392,3.25);
#2392 = AXIS2_PLACEMENT_3D('',#2393,#2394,#2395);
#2393 = CARTESIAN_POINT('',(63.99,2.7,6.2));
#2394 = DIRECTION('',(0.,0.,1.));
#2395 = DIRECTION('',(1.,0.,0.));
#2396 = ORIENTED_EDGE('',*,*,#2366,.T.);
#2397 = ORIENTED_EDGE('',*,*,#913,.T.);
#2398 = ORIENTED_EDGE('',*,*,#2399,.F.);
#2399 = EDGE_CURVE('',#2400,#914,#2402,.T.);
#2400 = VERTEX_POINT('',#2401);
#2401 = CARTESIAN_POINT('',(61.54,3.197493718553,6.2));
#2402 = LINE('',#2403,#2404);
#2403 = CARTESIAN_POINT('',(61.54,6.7,6.2));
#2404 = VECTOR('',#2405,1.);
#2405 = DIRECTION('',(1.2E-16,1.,0.));
#2406 = ORIENTED_EDGE('',*,*,#2407,.F.);
#2407 = EDGE_CURVE('',#2408,#2400,#2410,.T.);
#2408 = VERTEX_POINT('',#2409);
#2409 = CARTESIAN_POINT('',(66.49,2.7,6.2));
#2410 = CIRCLE('',#2411,2.5);
#2411 = AXIS2_PLACEMENT_3D('',#2412,#2413,#2414);
#2412 = CARTESIAN_POINT('',(63.99,2.7,6.2));
#2413 = DIRECTION('',(0.,0.,1.));
#2414 = DIRECTION('',(1.,0.,0.));
#2415 = ORIENTED_EDGE('',*,*,#2416,.F.);
#2416 = EDGE_CURVE('',#2417,#2408,#2419,.T.);
#2417 = VERTEX_POINT('',#2418);
#2418 = CARTESIAN_POINT('',(61.54,2.202506281447,6.2));
#2419 = CIRCLE('',#2420,2.5);
#2420 = AXIS2_PLACEMENT_3D('',#2421,#2422,#2423);
#2421 = CARTESIAN_POINT('',(63.99,2.7,6.2));
#2422 = DIRECTION('',(0.,0.,1.));
#2423 = DIRECTION('',(1.,0.,0.));
#2424 = ORIENTED_EDGE('',*,*,#2425,.F.);
#2425 = EDGE_CURVE('',#940,#2417,#2426,.T.);
#2426 = LINE('',#2427,#2428);
#2427 = CARTESIAN_POINT('',(61.54,6.7,6.2));
#2428 = VECTOR('',#2429,1.);
#2429 = DIRECTION('',(1.2E-16,1.,0.));
#2430 = ORIENTED_EDGE('',*,*,#947,.T.);
#2431 = PLANE('',#2432);
#2432 = AXIS2_PLACEMENT_3D('',#2433,#2434,#2435);
#2433 = CARTESIAN_POINT('',(63.99,2.7,6.2));
#2434 = DIRECTION('',(0.,0.,1.));
#2435 = DIRECTION('',(1.,0.,0.));
#2436 = ADVANCED_FACE('',(#2437),#2471,.F.);
#2437 = FACE_BOUND('',#2438,.F.);
#2438 = EDGE_LOOP('',(#2439,#2440,#2446,#2447,#2448,#2456,#2464,#2470));
#2439 = ORIENTED_EDGE('',*,*,#922,.T.);
#2440 = ORIENTED_EDGE('',*,*,#2441,.T.);
#2441 = EDGE_CURVE('',#923,#931,#2442,.T.);
#2442 = LINE('',#2443,#2444);
#2443 = CARTESIAN_POINT('',(61.54,10.7,8.1));
#2444 = VECTOR('',#2445,1.);
#2445 = DIRECTION('',(0.,-1.,0.));
#2446 = ORIENTED_EDGE('',*,*,#939,.F.);
#2447 = ORIENTED_EDGE('',*,*,#2425,.T.);
#2448 = ORIENTED_EDGE('',*,*,#2449,.F.);
#2449 = EDGE_CURVE('',#2450,#2417,#2452,.T.);
#2450 = VERTEX_POINT('',#2451);
#2451 = CARTESIAN_POINT('',(61.54,2.202506281447,5.6));
#2452 = LINE('',#2453,#2454);
#2453 = CARTESIAN_POINT('',(61.54,2.202506281447,5.6));
#2454 = VECTOR('',#2455,1.);
#2455 = DIRECTION('',(0.,0.,1.));
#2456 = ORIENTED_EDGE('',*,*,#2457,.T.);
#2457 = EDGE_CURVE('',#2450,#2458,#2460,.T.);
#2458 = VERTEX_POINT('',#2459);
#2459 = CARTESIAN_POINT('',(61.54,3.197493718553,5.6));
#2460 = LINE('',#2461,#2462);
#2461 = CARTESIAN_POINT('',(61.54,6.7,5.6));
#2462 = VECTOR('',#2463,1.);
#2463 = DIRECTION('',(1.2E-16,1.,0.));
#2464 = ORIENTED_EDGE('',*,*,#2465,.T.);
#2465 = EDGE_CURVE('',#2458,#2400,#2466,.T.);
#2466 = LINE('',#2467,#2468);
#2467 = CARTESIAN_POINT('',(61.54,3.197493718553,5.6));
#2468 = VECTOR('',#2469,1.);
#2469 = DIRECTION('',(0.,0.,1.));
#2470 = ORIENTED_EDGE('',*,*,#2399,.T.);
#2471 = PLANE('',#2472);
#2472 = AXIS2_PLACEMENT_3D('',#2473,#2474,#2475);
#2473 = CARTESIAN_POINT('',(61.54,10.7,8.1));
#2474 = DIRECTION('',(1.,0.,0.));
#2475 = DIRECTION('',(0.,0.,-1.));
#2476 = ADVANCED_FACE('',(#2477),#2481,.F.);
#2477 = FACE_BOUND('',#2478,.F.);
#2478 = EDGE_LOOP('',(#2479,#2480));
#2479 = ORIENTED_EDGE('',*,*,#2441,.F.);
#2480 = ORIENTED_EDGE('',*,*,#930,.T.);
#2481 = PLANE('',#2482);
#2482 = AXIS2_PLACEMENT_3D('',#2483,#2484,#2485);
#2483 = CARTESIAN_POINT('',(60.64,10.7,9.));
#2484 = DIRECTION('',(0.707106781187,0.,0.707106781187));
#2485 = DIRECTION('',(0.707106781187,0.,-0.707106781187));
#2486 = ADVANCED_FACE('',(#2487),#2506,.F.);
#2487 = FACE_BOUND('',#2488,.F.);
#2488 = EDGE_LOOP('',(#2489,#2497,#2503,#2504,#2505));
#2489 = ORIENTED_EDGE('',*,*,#2490,.T.);
#2490 = EDGE_CURVE('',#1105,#2491,#2493,.T.);
#2491 = VERTEX_POINT('',#2492);
#2492 = CARTESIAN_POINT('',(65.457140075112,-0.2,11.96));
#2493 = LINE('',#2494,#2495);
#2494 = CARTESIAN_POINT('',(-10.,-0.2,11.96));
#2495 = VECTOR('',#2496,1.);
#2496 = DIRECTION('',(1.,0.,0.));
#2497 = ORIENTED_EDGE('',*,*,#2498,.F.);
#2498 = EDGE_CURVE('',#2383,#2491,#2499,.T.);
#2499 = LINE('',#2500,#2501);
#2500 = CARTESIAN_POINT('',(65.457140075112,-0.2,6.2));
#2501 = VECTOR('',#2502,1.);
#2502 = DIRECTION('',(0.,0.,1.));
#2503 = ORIENTED_EDGE('',*,*,#2382,.T.);
#2504 = ORIENTED_EDGE('',*,*,#956,.T.);
#2505 = ORIENTED_EDGE('',*,*,#1104,.T.);
#2506 = PLANE('',#2507);
#2507 = AXIS2_PLACEMENT_3D('',#2508,#2509,#2510);
#2508 = CARTESIAN_POINT('',(-10.,-0.2,5.55));
#2509 = DIRECTION('',(0.,1.,0.));
#2510 = DIRECTION('',(0.,0.,1.));
#2511 = ADVANCED_FACE('',(#2512),#2585,.T.);
#2512 = FACE_BOUND('',#2513,.T.);
#2513 = EDGE_LOOP('',(#2514,#2524,#2532,#2540,#2548,#2556,#2562,#2563,
    #2571,#2579));
#2514 = ORIENTED_EDGE('',*,*,#2515,.T.);
#2515 = EDGE_CURVE('',#2516,#2518,#2520,.T.);
#2516 = VERTEX_POINT('',#2517);
#2517 = CARTESIAN_POINT('',(4.,0.,7.8));
#2518 = VERTEX_POINT('',#2519);
#2519 = CARTESIAN_POINT('',(4.,0.,7.9));
#2520 = LINE('',#2521,#2522);
#2521 = CARTESIAN_POINT('',(4.,0.,7.8));
#2522 = VECTOR('',#2523,1.);
#2523 = DIRECTION('',(0.,0.,1.));
#2524 = ORIENTED_EDGE('',*,*,#2525,.F.);
#2525 = EDGE_CURVE('',#2526,#2518,#2528,.T.);
#2526 = VERTEX_POINT('',#2527);
#2527 = CARTESIAN_POINT('',(4.,-0.9,8.8));
#2528 = LINE('',#2529,#2530);
#2529 = CARTESIAN_POINT('',(4.,-0.9,8.8));
#2530 = VECTOR('',#2531,1.);
#2531 = DIRECTION('',(0.,0.707106781187,-0.707106781187));
#2532 = ORIENTED_EDGE('',*,*,#2533,.F.);
#2533 = EDGE_CURVE('',#2534,#2526,#2536,.T.);
#2534 = VERTEX_POINT('',#2535);
#2535 = CARTESIAN_POINT('',(4.,-0.9,9.8));
#2536 = LINE('',#2537,#2538);
#2537 = CARTESIAN_POINT('',(4.,-0.9,9.8));
#2538 = VECTOR('',#2539,1.);
#2539 = DIRECTION('',(0.,0.,-1.));
#2540 = ORIENTED_EDGE('',*,*,#2541,.F.);
#2541 = EDGE_CURVE('',#2542,#2534,#2544,.T.);
#2542 = VERTEX_POINT('',#2543);
#2543 = CARTESIAN_POINT('',(4.,0.,9.8));
#2544 = LINE('',#2545,#2546);
#2545 = CARTESIAN_POINT('',(4.,0.,9.8));
#2546 = VECTOR('',#2547,1.);
#2547 = DIRECTION('',(0.,-1.,0.));
#2548 = ORIENTED_EDGE('',*,*,#2549,.T.);
#2549 = EDGE_CURVE('',#2542,#2550,#2552,.T.);
#2550 = VERTEX_POINT('',#2551);
#2551 = CARTESIAN_POINT('',(4.,0.,15.2));
#2552 = LINE('',#2553,#2554);
#2553 = CARTESIAN_POINT('',(4.,0.,7.8));
#2554 = VECTOR('',#2555,1.);
#2555 = DIRECTION('',(0.,0.,1.));
#2556 = ORIENTED_EDGE('',*,*,#2557,.F.);
#2557 = EDGE_CURVE('',#1015,#2550,#2558,.T.);
#2558 = LINE('',#2559,#2560);
#2559 = CARTESIAN_POINT('',(4.,-0.5,15.2));
#2560 = VECTOR('',#2561,1.);
#2561 = DIRECTION('',(0.,1.,0.));
#2562 = ORIENTED_EDGE('',*,*,#1014,.T.);
#2563 = ORIENTED_EDGE('',*,*,#2564,.T.);
#2564 = EDGE_CURVE('',#1017,#2565,#2567,.T.);
#2565 = VERTEX_POINT('',#2566);
#2566 = CARTESIAN_POINT('',(4.,1.,16.4));
#2567 = LINE('',#2568,#2569);
#2568 = CARTESIAN_POINT('',(4.,-0.5,16.4));
#2569 = VECTOR('',#2570,1.);
#2570 = DIRECTION('',(0.,1.,0.));
#2571 = ORIENTED_EDGE('',*,*,#2572,.F.);
#2572 = EDGE_CURVE('',#2573,#2565,#2575,.T.);
#2573 = VERTEX_POINT('',#2574);
#2574 = CARTESIAN_POINT('',(4.,1.,7.8));
#2575 = LINE('',#2576,#2577);
#2576 = CARTESIAN_POINT('',(4.,1.,7.8));
#2577 = VECTOR('',#2578,1.);
#2578 = DIRECTION('',(0.,0.,1.));
#2579 = ORIENTED_EDGE('',*,*,#2580,.F.);
#2580 = EDGE_CURVE('',#2516,#2573,#2581,.T.);
#2581 = LINE('',#2582,#2583);
#2582 = CARTESIAN_POINT('',(4.,0.,7.8));
#2583 = VECTOR('',#2584,1.);
#2584 = DIRECTION('',(0.,1.,0.));
#2585 = PLANE('',#2586);
#2586 = AXIS2_PLACEMENT_3D('',#2587,#2588,#2589);
#2587 = CARTESIAN_POINT('',(4.,0.320044242093,12.110805731493));
#2588 = DIRECTION('',(-1.,-0.,-0.));
#2589 = DIRECTION('',(0.,0.,-1.));
#2590 = ADVANCED_FACE('',(#2591),#2609,.T.);
#2591 = FACE_BOUND('',#2592,.T.);
#2592 = EDGE_LOOP('',(#2593,#2594,#2595,#2603));
#2593 = ORIENTED_EDGE('',*,*,#2564,.F.);
#2594 = ORIENTED_EDGE('',*,*,#1040,.T.);
#2595 = ORIENTED_EDGE('',*,*,#2596,.T.);
#2596 = EDGE_CURVE('',#1033,#2597,#2599,.T.);
#2597 = VERTEX_POINT('',#2598);
#2598 = CARTESIAN_POINT('',(8.,1.,16.4));
#2599 = LINE('',#2600,#2601);
#2600 = CARTESIAN_POINT('',(8.,0.,16.4));
#2601 = VECTOR('',#2602,1.);
#2602 = DIRECTION('',(0.,1.,0.));
#2603 = ORIENTED_EDGE('',*,*,#2604,.F.);
#2604 = EDGE_CURVE('',#2565,#2597,#2605,.T.);
#2605 = LINE('',#2606,#2607);
#2606 = CARTESIAN_POINT('',(4.,1.,16.4));
#2607 = VECTOR('',#2608,1.);
#2608 = DIRECTION('',(1.,0.,0.));
#2609 = PLANE('',#2610);
#2610 = AXIS2_PLACEMENT_3D('',#2611,#2612,#2613);
#2611 = CARTESIAN_POINT('',(6.,0.25,16.4));
#2612 = DIRECTION('',(0.,0.,1.));
#2613 = DIRECTION('',(1.,0.,0.));
#2614 = ADVANCED_FACE('',(#2615),#2681,.T.);
#2615 = FACE_BOUND('',#2616,.T.);
#2616 = EDGE_LOOP('',(#2617,#2627,#2635,#2641,#2642,#2643,#2651,#2659,
    #2667,#2675));
#2617 = ORIENTED_EDGE('',*,*,#2618,.F.);
#2618 = EDGE_CURVE('',#2619,#2621,#2623,.T.);
#2619 = VERTEX_POINT('',#2620);
#2620 = CARTESIAN_POINT('',(8.,0.,7.8));
#2621 = VERTEX_POINT('',#2622);
#2622 = CARTESIAN_POINT('',(8.,0.,7.9));
#2623 = LINE('',#2624,#2625);
#2624 = CARTESIAN_POINT('',(8.,0.,7.8));
#2625 = VECTOR('',#2626,1.);
#2626 = DIRECTION('',(0.,0.,1.));
#2627 = ORIENTED_EDGE('',*,*,#2628,.T.);
#2628 = EDGE_CURVE('',#2619,#2629,#2631,.T.);
#2629 = VERTEX_POINT('',#2630);
#2630 = CARTESIAN_POINT('',(8.,1.,7.8));
#2631 = LINE('',#2632,#2633);
#2632 = CARTESIAN_POINT('',(8.,0.,7.8));
#2633 = VECTOR('',#2634,1.);
#2634 = DIRECTION('',(0.,1.,0.));
#2635 = ORIENTED_EDGE('',*,*,#2636,.T.);
#2636 = EDGE_CURVE('',#2629,#2597,#2637,.T.);
#2637 = LINE('',#2638,#2639);
#2638 = CARTESIAN_POINT('',(8.,1.,7.8));
#2639 = VECTOR('',#2640,1.);
#2640 = DIRECTION('',(0.,0.,1.));
#2641 = ORIENTED_EDGE('',*,*,#2596,.F.);
#2642 = ORIENTED_EDGE('',*,*,#1032,.F.);
#2643 = ORIENTED_EDGE('',*,*,#2644,.T.);
#2644 = EDGE_CURVE('',#1025,#2645,#2647,.T.);
#2645 = VERTEX_POINT('',#2646);
#2646 = CARTESIAN_POINT('',(8.,0.,15.2));
#2647 = LINE('',#2648,#2649);
#2648 = CARTESIAN_POINT('',(8.,-0.5,15.2));
#2649 = VECTOR('',#2650,1.);
#2650 = DIRECTION('',(0.,1.,0.));
#2651 = ORIENTED_EDGE('',*,*,#2652,.F.);
#2652 = EDGE_CURVE('',#2653,#2645,#2655,.T.);
#2653 = VERTEX_POINT('',#2654);
#2654 = CARTESIAN_POINT('',(8.,0.,9.8));
#2655 = LINE('',#2656,#2657);
#2656 = CARTESIAN_POINT('',(8.,0.,7.8));
#2657 = VECTOR('',#2658,1.);
#2658 = DIRECTION('',(0.,0.,1.));
#2659 = ORIENTED_EDGE('',*,*,#2660,.T.);
#2660 = EDGE_CURVE('',#2653,#2661,#2663,.T.);
#2661 = VERTEX_POINT('',#2662);
#2662 = CARTESIAN_POINT('',(8.,-0.9,9.8));
#2663 = LINE('',#2664,#2665);
#2664 = CARTESIAN_POINT('',(8.,0.,9.8));
#2665 = VECTOR('',#2666,1.);
#2666 = DIRECTION('',(0.,-1.,0.));
#2667 = ORIENTED_EDGE('',*,*,#2668,.T.);
#2668 = EDGE_CURVE('',#2661,#2669,#2671,.T.);
#2669 = VERTEX_POINT('',#2670);
#2670 = CARTESIAN_POINT('',(8.,-0.9,8.8));
#2671 = LINE('',#2672,#2673);
#2672 = CARTESIAN_POINT('',(8.,-0.9,9.8));
#2673 = VECTOR('',#2674,1.);
#2674 = DIRECTION('',(0.,0.,-1.));
#2675 = ORIENTED_EDGE('',*,*,#2676,.T.);
#2676 = EDGE_CURVE('',#2669,#2621,#2677,.T.);
#2677 = LINE('',#2678,#2679);
#2678 = CARTESIAN_POINT('',(8.,-0.9,8.8));
#2679 = VECTOR('',#2680,1.);
#2680 = DIRECTION('',(0.,0.707106781187,-0.707106781187));
#2681 = PLANE('',#2682);
#2682 = AXIS2_PLACEMENT_3D('',#2683,#2684,#2685);
#2683 = CARTESIAN_POINT('',(8.,0.320044242093,12.110805731493));
#2684 = DIRECTION('',(1.,0.,0.));
#2685 = DIRECTION('',(0.,0.,1.));
#2686 = ADVANCED_FACE('',(#2687),#2698,.F.);
#2687 = FACE_BOUND('',#2688,.F.);
#2688 = EDGE_LOOP('',(#2689,#2690,#2691,#2692));
#2689 = ORIENTED_EDGE('',*,*,#2557,.F.);
#2690 = ORIENTED_EDGE('',*,*,#1024,.T.);
#2691 = ORIENTED_EDGE('',*,*,#2644,.T.);
#2692 = ORIENTED_EDGE('',*,*,#2693,.F.);
#2693 = EDGE_CURVE('',#2550,#2645,#2694,.T.);
#2694 = LINE('',#2695,#2696);
#2695 = CARTESIAN_POINT('',(4.,0.,15.2));
#2696 = VECTOR('',#2697,1.);
#2697 = DIRECTION('',(1.,0.,0.));
#2698 = PLANE('',#2699);
#2699 = AXIS2_PLACEMENT_3D('',#2700,#2701,#2702);
#2700 = CARTESIAN_POINT('',(4.,-0.5,15.2));
#2701 = DIRECTION('',(0.,0.,1.));
#2702 = DIRECTION('',(1.,0.,0.));
#2703 = ADVANCED_FACE('',(#2704),#2732,.T.);
#2704 = FACE_BOUND('',#2705,.T.);
#2705 = EDGE_LOOP('',(#2706,#2714,#2723,#2729,#2730,#2731));
#2706 = ORIENTED_EDGE('',*,*,#2707,.T.);
#2707 = EDGE_CURVE('',#1057,#2708,#2710,.T.);
#2708 = VERTEX_POINT('',#2709);
#2709 = CARTESIAN_POINT('',(2.1,-2.9,24.));
#2710 = LINE('',#2711,#2712);
#2711 = CARTESIAN_POINT('',(2.1,-2.9,-2.));
#2712 = VECTOR('',#2713,1.);
#2713 = DIRECTION('',(0.,0.,1.));
#2714 = ORIENTED_EDGE('',*,*,#2715,.T.);
#2715 = EDGE_CURVE('',#2708,#2716,#2718,.T.);
#2716 = VERTEX_POINT('',#2717);
#2717 = CARTESIAN_POINT('',(-2.9,2.1,24.));
#2718 = CIRCLE('',#2719,5.);
#2719 = AXIS2_PLACEMENT_3D('',#2720,#2721,#2722);
#2720 = CARTESIAN_POINT('',(2.1,2.1,24.));
#2721 = DIRECTION('',(-0.,0.,-1.));
#2722 = DIRECTION('',(-2.7E-16,-1.,0.));
#2723 = ORIENTED_EDGE('',*,*,#2724,.F.);
#2724 = EDGE_CURVE('',#1075,#2716,#2725,.T.);
#2725 = LINE('',#2726,#2727);
#2726 = CARTESIAN_POINT('',(-2.9,2.1,0.));
#2727 = VECTOR('',#2728,1.);
#2728 = DIRECTION('',(0.,0.,1.));
#2729 = ORIENTED_EDGE('',*,*,#1074,.T.);
#2730 = ORIENTED_EDGE('',*,*,#1065,.T.);
#2731 = ORIENTED_EDGE('',*,*,#1054,.T.);
#2732 = CYLINDRICAL_SURFACE('',#2733,5.);
#2733 = AXIS2_PLACEMENT_3D('',#2734,#2735,#2736);
#2734 = CARTESIAN_POINT('',(2.1,2.1,0.));
#2735 = DIRECTION('',(0.,0.,1.));
#2736 = DIRECTION('',(-1.,0.,0.));
#2737 = ADVANCED_FACE('',(#2738,#2758),#2785,.T.);
#2738 = FACE_BOUND('',#2739,.T.);
#2739 = EDGE_LOOP('',(#2740,#2741,#2749,#2755,#2756,#2757));
#2740 = ORIENTED_EDGE('',*,*,#2724,.T.);
#2741 = ORIENTED_EDGE('',*,*,#2742,.T.);
#2742 = EDGE_CURVE('',#2716,#2743,#2745,.T.);
#2743 = VERTEX_POINT('',#2744);
#2744 = CARTESIAN_POINT('',(-2.9,35.45,24.));
#2745 = LINE('',#2746,#2747);
#2746 = CARTESIAN_POINT('',(-2.9,2.1,24.));
#2747 = VECTOR('',#2748,1.);
#2748 = DIRECTION('',(0.,1.,0.));
#2749 = ORIENTED_EDGE('',*,*,#2750,.F.);
#2750 = EDGE_CURVE('',#1481,#2743,#2751,.T.);
#2751 = LINE('',#2752,#2753);
#2752 = CARTESIAN_POINT('',(-2.9,35.45,-2.));
#2753 = VECTOR('',#2754,1.);
#2754 = DIRECTION('',(0.,0.,1.));
#2755 = ORIENTED_EDGE('',*,*,#1489,.T.);
#2756 = ORIENTED_EDGE('',*,*,#1513,.F.);
#2757 = ORIENTED_EDGE('',*,*,#1083,.T.);
#2758 = FACE_BOUND('',#2759,.T.);
#2759 = EDGE_LOOP('',(#2760,#2769,#2770,#2779));
#2760 = ORIENTED_EDGE('',*,*,#2761,.T.);
#2761 = EDGE_CURVE('',#2762,#1562,#2764,.T.);
#2762 = VERTEX_POINT('',#2763);
#2763 = CARTESIAN_POINT('',(-2.9,14.32,15.1));
#2764 = CIRCLE('',#2765,4.75);
#2765 = AXIS2_PLACEMENT_3D('',#2766,#2767,#2768);
#2766 = CARTESIAN_POINT('',(-2.9,14.32,19.85));
#2767 = DIRECTION('',(1.,0.,-0.));
#2768 = DIRECTION('',(0.,0.,1.));
#2769 = ORIENTED_EDGE('',*,*,#1571,.F.);
#2770 = ORIENTED_EDGE('',*,*,#2771,.T.);
#2771 = EDGE_CURVE('',#1572,#2772,#2774,.T.);
#2772 = VERTEX_POINT('',#2773);
#2773 = CARTESIAN_POINT('',(-2.9,8.82,15.1));
#2774 = CIRCLE('',#2775,4.75);
#2775 = AXIS2_PLACEMENT_3D('',#2776,#2777,#2778);
#2776 = CARTESIAN_POINT('',(-2.9,8.82,19.85));
#2777 = DIRECTION('',(1.,0.,-0.));
#2778 = DIRECTION('',(0.,0.,1.));
#2779 = ORIENTED_EDGE('',*,*,#2780,.F.);
#2780 = EDGE_CURVE('',#2762,#2772,#2781,.T.);
#2781 = LINE('',#2782,#2783);
#2782 = CARTESIAN_POINT('',(-2.9,2.96,15.1));
#2783 = VECTOR('',#2784,1.);
#2784 = DIRECTION('',(0.,-1.,0.));
#2785 = PLANE('',#2786);
#2786 = AXIS2_PLACEMENT_3D('',#2787,#2788,#2789);
#2787 = CARTESIAN_POINT('',(-2.9,18.276996034369,18.478003965631));
#2788 = DIRECTION('',(-1.,-0.,-0.));
#2789 = DIRECTION('',(0.,0.,-1.));
#2790 = ADVANCED_FACE('',(#2791),#2821,.F.);
#2791 = FACE_BOUND('',#2792,.F.);
#2792 = EDGE_LOOP('',(#2793,#2794,#2795,#2802,#2809,#2810,#2811,#2812,
    #2819,#2820));
#2793 = ORIENTED_EDGE('',*,*,#1130,.T.);
#2794 = ORIENTED_EDGE('',*,*,#1139,.T.);
#2795 = ORIENTED_EDGE('',*,*,#2796,.T.);
#2796 = EDGE_CURVE('',#1140,#2797,#2799,.T.);
#2797 = VERTEX_POINT('',#2798);
#2798 = CARTESIAN_POINT('',(67.15,0.9,23.5));
#2799 = B_SPLINE_CURVE_WITH_KNOTS('',1,(#2800,#2801),.UNSPECIFIED.,.F.,
  .F.,(2,2),(0.,11.54),.PIECEWISE_BEZIER_KNOTS.);
#2800 = CARTESIAN_POINT('',(67.15,0.9,11.96));
#2801 = CARTESIAN_POINT('',(67.15,0.9,23.5));
#2802 = ORIENTED_EDGE('',*,*,#2803,.F.);
#2803 = EDGE_CURVE('',#2797,#2797,#2804,.T.);
#2804 = CIRCLE('',#2805,1.4);
#2805 = AXIS2_PLACEMENT_3D('',#2806,#2807,#2808);
#2806 = CARTESIAN_POINT('',(65.75,0.9,23.5));
#2807 = DIRECTION('',(0.,0.,1.));
#2808 = DIRECTION('',(1.,0.,0.));
#2809 = ORIENTED_EDGE('',*,*,#2796,.F.);
#2810 = ORIENTED_EDGE('',*,*,#1148,.T.);
#2811 = ORIENTED_EDGE('',*,*,#1157,.T.);
#2812 = ORIENTED_EDGE('',*,*,#2813,.T.);
#2813 = EDGE_CURVE('',#1158,#1105,#2814,.T.);
#2814 = CIRCLE('',#2815,1.4);
#2815 = AXIS2_PLACEMENT_3D('',#2816,#2817,#2818);
#2816 = CARTESIAN_POINT('',(65.75,0.9,11.96));
#2817 = DIRECTION('',(0.,0.,1.));
#2818 = DIRECTION('',(1.,0.,0.));
#2819 = ORIENTED_EDGE('',*,*,#1112,.T.);
#2820 = ORIENTED_EDGE('',*,*,#1121,.T.);
#2821 = CYLINDRICAL_SURFACE('',#2822,1.4);
#2822 = AXIS2_PLACEMENT_3D('',#2823,#2824,#2825);
#2823 = CARTESIAN_POINT('',(65.75,0.9,11.96));
#2824 = DIRECTION('',(0.,0.,1.));
#2825 = DIRECTION('',(1.,0.,0.));
#2826 = ADVANCED_FACE('',(#2827),#2849,.T.);
#2827 = FACE_BOUND('',#2828,.T.);
#2828 = EDGE_LOOP('',(#2829,#2830,#2839,#2846,#2847,#2848));
#2829 = ORIENTED_EDGE('',*,*,#2299,.T.);
#2830 = ORIENTED_EDGE('',*,*,#2831,.T.);
#2831 = EDGE_CURVE('',#2292,#2832,#2834,.T.);
#2832 = VERTEX_POINT('',#2833);
#2833 = CARTESIAN_POINT('',(68.35,10.73,17.96));
#2834 = CIRCLE('',#2835,6.);
#2835 = AXIS2_PLACEMENT_3D('',#2836,#2837,#2838);
#2836 = CARTESIAN_POINT('',(68.35,10.73,11.96));
#2837 = DIRECTION('',(1.,0.,-0.));
#2838 = DIRECTION('',(0.,0.,1.));
#2839 = ORIENTED_EDGE('',*,*,#2840,.T.);
#2840 = EDGE_CURVE('',#2832,#1184,#2841,.T.);
#2841 = CIRCLE('',#2842,6.);
#2842 = AXIS2_PLACEMENT_3D('',#2843,#2844,#2845);
#2843 = CARTESIAN_POINT('',(68.35,10.73,11.96));
#2844 = DIRECTION('',(1.,0.,-0.));
#2845 = DIRECTION('',(0.,0.,1.));
#2846 = ORIENTED_EDGE('',*,*,#1183,.T.);
#2847 = ORIENTED_EDGE('',*,*,#2322,.F.);
#2848 = ORIENTED_EDGE('',*,*,#2331,.F.);
#2849 = PLANE('',#2850);
#2850 = AXIS2_PLACEMENT_3D('',#2851,#2852,#2853);
#2851 = CARTESIAN_POINT('',(68.35,10.73,11.96));
#2852 = DIRECTION('',(1.,0.,0.));
#2853 = DIRECTION('',(0.,0.,1.));
#2854 = ADVANCED_FACE('',(#2855),#2904,.F.);
#2855 = FACE_BOUND('',#2856,.F.);
#2856 = EDGE_LOOP('',(#2857,#2866,#2867,#2868,#2869,#2870,#2879,#2888,
    #2897));
#2857 = ORIENTED_EDGE('',*,*,#2858,.F.);
#2858 = EDGE_CURVE('',#2284,#2859,#2861,.T.);
#2859 = VERTEX_POINT('',#2860);
#2860 = CARTESIAN_POINT('',(69.55,12.477111902541,17.7));
#2861 = CIRCLE('',#2862,6.);
#2862 = AXIS2_PLACEMENT_3D('',#2863,#2864,#2865);
#2863 = CARTESIAN_POINT('',(69.55,10.73,11.96));
#2864 = DIRECTION('',(1.,0.,-0.));
#2865 = DIRECTION('',(0.,0.,1.));
#2866 = ORIENTED_EDGE('',*,*,#2291,.F.);
#2867 = ORIENTED_EDGE('',*,*,#2831,.T.);
#2868 = ORIENTED_EDGE('',*,*,#2840,.T.);
#2869 = ORIENTED_EDGE('',*,*,#1191,.T.);
#2870 = ORIENTED_EDGE('',*,*,#2871,.F.);
#2871 = EDGE_CURVE('',#2872,#1192,#2874,.T.);
#2872 = VERTEX_POINT('',#2873);
#2873 = CARTESIAN_POINT('',(69.55,5.,13.739634793996));
#2874 = CIRCLE('',#2875,6.);
#2875 = AXIS2_PLACEMENT_3D('',#2876,#2877,#2878);
#2876 = CARTESIAN_POINT('',(69.55,10.73,11.96));
#2877 = DIRECTION('',(1.,0.,-0.));
#2878 = DIRECTION('',(0.,0.,1.));
#2879 = ORIENTED_EDGE('',*,*,#2880,.F.);
#2880 = EDGE_CURVE('',#2881,#2872,#2883,.T.);
#2881 = VERTEX_POINT('',#2882);
#2882 = CARTESIAN_POINT('',(69.55,8.982888097459,17.7));
#2883 = CIRCLE('',#2884,6.);
#2884 = AXIS2_PLACEMENT_3D('',#2885,#2886,#2887);
#2885 = CARTESIAN_POINT('',(69.55,10.73,11.96));
#2886 = DIRECTION('',(1.,0.,-0.));
#2887 = DIRECTION('',(0.,0.,1.));
#2888 = ORIENTED_EDGE('',*,*,#2889,.F.);
#2889 = EDGE_CURVE('',#2890,#2881,#2892,.T.);
#2890 = VERTEX_POINT('',#2891);
#2891 = CARTESIAN_POINT('',(69.55,10.73,17.96));
#2892 = CIRCLE('',#2893,6.);
#2893 = AXIS2_PLACEMENT_3D('',#2894,#2895,#2896);
#2894 = CARTESIAN_POINT('',(69.55,10.73,11.96));
#2895 = DIRECTION('',(1.,0.,-0.));
#2896 = DIRECTION('',(0.,0.,1.));
#2897 = ORIENTED_EDGE('',*,*,#2898,.F.);
#2898 = EDGE_CURVE('',#2859,#2890,#2899,.T.);
#2899 = CIRCLE('',#2900,6.);
#2900 = AXIS2_PLACEMENT_3D('',#2901,#2902,#2903);
#2901 = CARTESIAN_POINT('',(69.55,10.73,11.96));
#2902 = DIRECTION('',(1.,0.,-0.));
#2903 = DIRECTION('',(0.,0.,1.));
#2904 = CYLINDRICAL_SURFACE('',#2905,6.);
#2905 = AXIS2_PLACEMENT_3D('',#2906,#2907,#2908);
#2906 = CARTESIAN_POINT('',(68.35,10.73,11.96));
#2907 = DIRECTION('',(1.,0.,0.));
#2908 = DIRECTION('',(0.,0.,1.));
#2909 = ADVANCED_FACE('',(#2910),#2985,.T.);
#2910 = FACE_BOUND('',#2911,.T.);
#2911 = EDGE_LOOP('',(#2912,#2913,#2914,#2915,#2916,#2917,#2918,#2919,
    #2928,#2937,#2946,#2955,#2962,#2963,#2971,#2979));
#2912 = ORIENTED_EDGE('',*,*,#1199,.F.);
#2913 = ORIENTED_EDGE('',*,*,#2871,.F.);
#2914 = ORIENTED_EDGE('',*,*,#2880,.F.);
#2915 = ORIENTED_EDGE('',*,*,#2889,.F.);
#2916 = ORIENTED_EDGE('',*,*,#2898,.F.);
#2917 = ORIENTED_EDGE('',*,*,#2858,.F.);
#2918 = ORIENTED_EDGE('',*,*,#2283,.T.);
#2919 = ORIENTED_EDGE('',*,*,#2920,.F.);
#2920 = EDGE_CURVE('',#2921,#2276,#2923,.T.);
#2921 = VERTEX_POINT('',#2922);
#2922 = CARTESIAN_POINT('',(69.55,25.632888097459,17.7));
#2923 = CIRCLE('',#2924,6.);
#2924 = AXIS2_PLACEMENT_3D('',#2925,#2926,#2927);
#2925 = CARTESIAN_POINT('',(69.55,27.38,11.96));
#2926 = DIRECTION('',(1.,0.,-0.));
#2927 = DIRECTION('',(0.,0.,1.));
#2928 = ORIENTED_EDGE('',*,*,#2929,.F.);
#2929 = EDGE_CURVE('',#2930,#2921,#2932,.T.);
#2930 = VERTEX_POINT('',#2931);
#2931 = CARTESIAN_POINT('',(69.55,27.38,17.96));
#2932 = CIRCLE('',#2933,6.);
#2933 = AXIS2_PLACEMENT_3D('',#2934,#2935,#2936);
#2934 = CARTESIAN_POINT('',(69.55,27.38,11.96));
#2935 = DIRECTION('',(1.,0.,-0.));
#2936 = DIRECTION('',(0.,0.,1.));
#2937 = ORIENTED_EDGE('',*,*,#2938,.F.);
#2938 = EDGE_CURVE('',#2939,#2930,#2941,.T.);
#2939 = VERTEX_POINT('',#2940);
#2940 = CARTESIAN_POINT('',(69.55,29.127111902541,17.7));
#2941 = CIRCLE('',#2942,6.);
#2942 = AXIS2_PLACEMENT_3D('',#2943,#2944,#2945);
#2943 = CARTESIAN_POINT('',(69.55,27.38,11.96));
#2944 = DIRECTION('',(1.,0.,-0.));
#2945 = DIRECTION('',(0.,0.,1.));
#2946 = ORIENTED_EDGE('',*,*,#2947,.F.);
#2947 = EDGE_CURVE('',#2948,#2939,#2950,.T.);
#2948 = VERTEX_POINT('',#2949);
#2949 = CARTESIAN_POINT('',(69.55,33.1,13.771518699876));
#2950 = CIRCLE('',#2951,6.);
#2951 = AXIS2_PLACEMENT_3D('',#2952,#2953,#2954);
#2952 = CARTESIAN_POINT('',(69.55,27.38,11.96));
#2953 = DIRECTION('',(1.,0.,-0.));
#2954 = DIRECTION('',(0.,0.,1.));
#2955 = ORIENTED_EDGE('',*,*,#2956,.F.);
#2956 = EDGE_CURVE('',#1391,#2948,#2957,.T.);
#2957 = CIRCLE('',#2958,6.);
#2958 = AXIS2_PLACEMENT_3D('',#2959,#2960,#2961);
#2959 = CARTESIAN_POINT('',(69.55,27.38,11.96));
#2960 = DIRECTION('',(1.,0.,-0.));
#2961 = DIRECTION('',(0.,0.,1.));
#2962 = ORIENTED_EDGE('',*,*,#1390,.F.);
#2963 = ORIENTED_EDGE('',*,*,#2964,.T.);
#2964 = EDGE_CURVE('',#1382,#2965,#2967,.T.);
#2965 = VERTEX_POINT('',#2966);
#2966 = CARTESIAN_POINT('',(69.55,35.45,24.));
#2967 = LINE('',#2968,#2969);
#2968 = CARTESIAN_POINT('',(69.55,35.45,0.));
#2969 = VECTOR('',#2970,1.);
#2970 = DIRECTION('',(0.,0.,1.));
#2971 = ORIENTED_EDGE('',*,*,#2972,.T.);
#2972 = EDGE_CURVE('',#2965,#2973,#2975,.T.);
#2973 = VERTEX_POINT('',#2974);
#2974 = CARTESIAN_POINT('',(69.55,2.1,24.));
#2975 = LINE('',#2976,#2977);
#2976 = CARTESIAN_POINT('',(69.55,35.45,24.));
#2977 = VECTOR('',#2978,1.);
#2978 = DIRECTION('',(0.,-1.,0.));
#2979 = ORIENTED_EDGE('',*,*,#2980,.F.);
#2980 = EDGE_CURVE('',#1200,#2973,#2981,.T.);
#2981 = LINE('',#2982,#2983);
#2982 = CARTESIAN_POINT('',(69.55,2.1,-2.));
#2983 = VECTOR('',#2984,1.);
#2984 = DIRECTION('',(0.,0.,1.));
#2985 = PLANE('',#2986);
#2986 = AXIS2_PLACEMENT_3D('',#2987,#2988,#2989);
#2987 = CARTESIAN_POINT('',(69.55,18.811398156526,18.562198731414));
#2988 = DIRECTION('',(1.,0.,0.));
#2989 = DIRECTION('',(0.,0.,1.));
#2990 = ADVANCED_FACE('',(#2991),#3012,.T.);
#2991 = FACE_BOUND('',#2992,.T.);
#2992 = EDGE_LOOP('',(#2993,#3001,#3002,#3003,#3004,#3005));
#2993 = ORIENTED_EDGE('',*,*,#2994,.F.);
#2994 = EDGE_CURVE('',#1226,#2995,#2997,.T.);
#2995 = VERTEX_POINT('',#2996);
#2996 = CARTESIAN_POINT('',(64.55,-2.9,24.));
#2997 = LINE('',#2998,#2999);
#2998 = CARTESIAN_POINT('',(64.55,-2.9,0.));
#2999 = VECTOR('',#3000,1.);
#3000 = DIRECTION('',(0.,0.,1.));
#3001 = ORIENTED_EDGE('',*,*,#1225,.T.);
#3002 = ORIENTED_EDGE('',*,*,#1216,.T.);
#3003 = ORIENTED_EDGE('',*,*,#1207,.T.);
#3004 = ORIENTED_EDGE('',*,*,#2980,.T.);
#3005 = ORIENTED_EDGE('',*,*,#3006,.T.);
#3006 = EDGE_CURVE('',#2973,#2995,#3007,.T.);
#3007 = CIRCLE('',#3008,5.);
#3008 = AXIS2_PLACEMENT_3D('',#3009,#3010,#3011);
#3009 = CARTESIAN_POINT('',(64.55,2.1,24.));
#3010 = DIRECTION('',(0.,0.,-1.));
#3011 = DIRECTION('',(1.,0.,0.));
#3012 = CYLINDRICAL_SURFACE('',#3013,5.);
#3013 = AXIS2_PLACEMENT_3D('',#3014,#3015,#3016);
#3014 = CARTESIAN_POINT('',(64.55,2.1,0.));
#3015 = DIRECTION('',(0.,0.,1.));
#3016 = DIRECTION('',(1.,0.,0.));
#3017 = ADVANCED_FACE('',(#3018),#3029,.T.);
#3018 = FACE_BOUND('',#3019,.T.);
#3019 = EDGE_LOOP('',(#3020,#3021,#3022,#3028));
#3020 = ORIENTED_EDGE('',*,*,#1234,.T.);
#3021 = ORIENTED_EDGE('',*,*,#2994,.T.);
#3022 = ORIENTED_EDGE('',*,*,#3023,.T.);
#3023 = EDGE_CURVE('',#2995,#2708,#3024,.T.);
#3024 = LINE('',#3025,#3026);
#3025 = CARTESIAN_POINT('',(64.55,-2.9,24.));
#3026 = VECTOR('',#3027,1.);
#3027 = DIRECTION('',(-1.,0.,0.));
#3028 = ORIENTED_EDGE('',*,*,#2707,.F.);
#3029 = PLANE('',#3030);
#3030 = AXIS2_PLACEMENT_3D('',#3031,#3032,#3033);
#3031 = CARTESIAN_POINT('',(33.325,-2.9,17.98));
#3032 = DIRECTION('',(-0.,-1.,-0.));
#3033 = DIRECTION('',(0.,0.,-1.));
#3034 = ADVANCED_FACE('',(#3035),#3065,.F.);
#3035 = FACE_BOUND('',#3036,.F.);
#3036 = EDGE_LOOP('',(#3037,#3038,#3039,#3046,#3053,#3054,#3055,#3056,
    #3057,#3058));
#3037 = ORIENTED_EDGE('',*,*,#1431,.T.);
#3038 = ORIENTED_EDGE('',*,*,#1440,.T.);
#3039 = ORIENTED_EDGE('',*,*,#3040,.T.);
#3040 = EDGE_CURVE('',#1249,#3041,#3043,.T.);
#3041 = VERTEX_POINT('',#3042);
#3042 = CARTESIAN_POINT('',(67.15,36.65,23.5));
#3043 = B_SPLINE_CURVE_WITH_KNOTS('',1,(#3044,#3045),.UNSPECIFIED.,.F.,
  .F.,(2,2),(0.,11.54),.PIECEWISE_BEZIER_KNOTS.);
#3044 = CARTESIAN_POINT('',(67.15,36.65,11.96));
#3045 = CARTESIAN_POINT('',(67.15,36.65,23.5));
#3046 = ORIENTED_EDGE('',*,*,#3047,.F.);
#3047 = EDGE_CURVE('',#3041,#3041,#3048,.T.);
#3048 = CIRCLE('',#3049,1.4);
#3049 = AXIS2_PLACEMENT_3D('',#3050,#3051,#3052);
#3050 = CARTESIAN_POINT('',(65.75,36.65,23.5));
#3051 = DIRECTION('',(0.,0.,1.));
#3052 = DIRECTION('',(1.,0.,0.));
#3053 = ORIENTED_EDGE('',*,*,#3040,.F.);
#3054 = ORIENTED_EDGE('',*,*,#1248,.T.);
#3055 = ORIENTED_EDGE('',*,*,#1259,.T.);
#3056 = ORIENTED_EDGE('',*,*,#1268,.T.);
#3057 = ORIENTED_EDGE('',*,*,#1277,.T.);
#3058 = ORIENTED_EDGE('',*,*,#3059,.T.);
#3059 = EDGE_CURVE('',#1278,#1424,#3060,.T.);
#3060 = CIRCLE('',#3061,1.4);
#3061 = AXIS2_PLACEMENT_3D('',#3062,#3063,#3064);
#3062 = CARTESIAN_POINT('',(65.75,36.65,11.96));
#3063 = DIRECTION('',(0.,0.,1.));
#3064 = DIRECTION('',(1.,0.,0.));
#3065 = CYLINDRICAL_SURFACE('',#3066,1.4);
#3066 = AXIS2_PLACEMENT_3D('',#3067,#3068,#3069);
#3067 = CARTESIAN_POINT('',(65.75,36.65,11.96));
#3068 = DIRECTION('',(0.,0.,1.));
#3069 = DIRECTION('',(1.,0.,0.));
#3070 = ADVANCED_FACE('',(#3071),#3095,.T.);
#3071 = FACE_BOUND('',#3072,.T.);
#3072 = EDGE_LOOP('',(#3073,#3081,#3082,#3083,#3084,#3085,#3086,#3087,
    #3088));
#3073 = ORIENTED_EDGE('',*,*,#3074,.F.);
#3074 = EDGE_CURVE('',#1347,#3075,#3077,.T.);
#3075 = VERTEX_POINT('',#3076);
#3076 = CARTESIAN_POINT('',(2.1,40.45,24.));
#3077 = LINE('',#3078,#3079);
#3078 = CARTESIAN_POINT('',(2.1,40.45,0.));
#3079 = VECTOR('',#3080,1.);
#3080 = DIRECTION('',(0.,0.,1.));
#3081 = ORIENTED_EDGE('',*,*,#1346,.T.);
#3082 = ORIENTED_EDGE('',*,*,#1337,.T.);
#3083 = ORIENTED_EDGE('',*,*,#1328,.T.);
#3084 = ORIENTED_EDGE('',*,*,#1319,.T.);
#3085 = ORIENTED_EDGE('',*,*,#1456,.T.);
#3086 = ORIENTED_EDGE('',*,*,#1480,.T.);
#3087 = ORIENTED_EDGE('',*,*,#2750,.T.);
#3088 = ORIENTED_EDGE('',*,*,#3089,.T.);
#3089 = EDGE_CURVE('',#2743,#3075,#3090,.T.);
#3090 = CIRCLE('',#3091,5.);
#3091 = AXIS2_PLACEMENT_3D('',#3092,#3093,#3094);
#3092 = CARTESIAN_POINT('',(2.1,35.45,24.));
#3093 = DIRECTION('',(0.,0.,-1.));
#3094 = DIRECTION('',(-1.,0.,0.));
#3095 = CYLINDRICAL_SURFACE('',#3096,5.);
#3096 = AXIS2_PLACEMENT_3D('',#3097,#3098,#3099);
#3097 = CARTESIAN_POINT('',(2.1,35.45,0.));
#3098 = DIRECTION('',(0.,0.,1.));
#3099 = DIRECTION('',(-1.,0.,0.));
#3100 = ADVANCED_FACE('',(#3101),#3119,.T.);
#3101 = FACE_BOUND('',#3102,.T.);
#3102 = EDGE_LOOP('',(#3103,#3104,#3105,#3113));
#3103 = ORIENTED_EDGE('',*,*,#1355,.F.);
#3104 = ORIENTED_EDGE('',*,*,#3074,.T.);
#3105 = ORIENTED_EDGE('',*,*,#3106,.T.);
#3106 = EDGE_CURVE('',#3075,#3107,#3109,.T.);
#3107 = VERTEX_POINT('',#3108);
#3108 = CARTESIAN_POINT('',(64.55,40.45,24.));
#3109 = LINE('',#3110,#3111);
#3110 = CARTESIAN_POINT('',(2.1,40.45,24.));
#3111 = VECTOR('',#3112,1.);
#3112 = DIRECTION('',(1.,0.,0.));
#3113 = ORIENTED_EDGE('',*,*,#3114,.F.);
#3114 = EDGE_CURVE('',#1356,#3107,#3115,.T.);
#3115 = LINE('',#3116,#3117);
#3116 = CARTESIAN_POINT('',(64.55,40.45,-2.));
#3117 = VECTOR('',#3118,1.);
#3118 = DIRECTION('',(0.,0.,1.));
#3119 = PLANE('',#3120);
#3120 = AXIS2_PLACEMENT_3D('',#3121,#3122,#3123);
#3121 = CARTESIAN_POINT('',(33.325,40.45,17.98));
#3122 = DIRECTION('',(0.,1.,-5.072763525531E-16));
#3123 = DIRECTION('',(0.,5.072763525531E-16,1.));
#3124 = ADVANCED_FACE('',(#3125),#3139,.T.);
#3125 = FACE_BOUND('',#3126,.T.);
#3126 = EDGE_LOOP('',(#3127,#3128,#3135,#3136,#3137,#3138));
#3127 = ORIENTED_EDGE('',*,*,#3114,.T.);
#3128 = ORIENTED_EDGE('',*,*,#3129,.T.);
#3129 = EDGE_CURVE('',#3107,#2965,#3130,.T.);
#3130 = CIRCLE('',#3131,5.);
#3131 = AXIS2_PLACEMENT_3D('',#3132,#3133,#3134);
#3132 = CARTESIAN_POINT('',(64.55,35.45,24.));
#3133 = DIRECTION('',(0.,0.,-1.));
#3134 = DIRECTION('',(0.,1.,0.));
#3135 = ORIENTED_EDGE('',*,*,#2964,.F.);
#3136 = ORIENTED_EDGE('',*,*,#1381,.T.);
#3137 = ORIENTED_EDGE('',*,*,#1372,.T.);
#3138 = ORIENTED_EDGE('',*,*,#1363,.T.);
#3139 = CYLINDRICAL_SURFACE('',#3140,5.);
#3140 = AXIS2_PLACEMENT_3D('',#3141,#3142,#3143);
#3141 = CARTESIAN_POINT('',(64.55,35.45,0.));
#3142 = DIRECTION('',(0.,0.,1.));
#3143 = DIRECTION('',(1.,0.,0.));
#3144 = ADVANCED_FACE('',(#3145),#3170,.F.);
#3145 = FACE_BOUND('',#3146,.F.);
#3146 = EDGE_LOOP('',(#3147,#3148,#3149,#3150,#3151,#3152,#3153,#3154,
    #3163));
#3147 = ORIENTED_EDGE('',*,*,#2275,.T.);
#3148 = ORIENTED_EDGE('',*,*,#2920,.F.);
#3149 = ORIENTED_EDGE('',*,*,#2929,.F.);
#3150 = ORIENTED_EDGE('',*,*,#2938,.F.);
#3151 = ORIENTED_EDGE('',*,*,#2947,.F.);
#3152 = ORIENTED_EDGE('',*,*,#2956,.F.);
#3153 = ORIENTED_EDGE('',*,*,#1398,.F.);
#3154 = ORIENTED_EDGE('',*,*,#3155,.T.);
#3155 = EDGE_CURVE('',#1399,#3156,#3158,.T.);
#3156 = VERTEX_POINT('',#3157);
#3157 = CARTESIAN_POINT('',(68.35,27.38,17.96));
#3158 = CIRCLE('',#3159,6.);
#3159 = AXIS2_PLACEMENT_3D('',#3160,#3161,#3162);
#3160 = CARTESIAN_POINT('',(68.35,27.38,11.96));
#3161 = DIRECTION('',(1.,0.,-0.));
#3162 = DIRECTION('',(0.,0.,1.));
#3163 = ORIENTED_EDGE('',*,*,#3164,.T.);
#3164 = EDGE_CURVE('',#3156,#2268,#3165,.T.);
#3165 = CIRCLE('',#3166,6.);
#3166 = AXIS2_PLACEMENT_3D('',#3167,#3168,#3169);
#3167 = CARTESIAN_POINT('',(68.35,27.38,11.96));
#3168 = DIRECTION('',(1.,0.,-0.));
#3169 = DIRECTION('',(0.,0.,1.));
#3170 = CYLINDRICAL_SURFACE('',#3171,6.);
#3171 = AXIS2_PLACEMENT_3D('',#3172,#3173,#3174);
#3172 = CARTESIAN_POINT('',(68.35,27.38,11.96));
#3173 = DIRECTION('',(1.,0.,0.));
#3174 = DIRECTION('',(0.,0.,1.));
#3175 = ADVANCED_FACE('',(#3176),#3184,.T.);
#3176 = FACE_BOUND('',#3177,.T.);
#3177 = EDGE_LOOP('',(#3178,#3179,#3180,#3181,#3182,#3183));
#3178 = ORIENTED_EDGE('',*,*,#1406,.F.);
#3179 = ORIENTED_EDGE('',*,*,#3155,.T.);
#3180 = ORIENTED_EDGE('',*,*,#3164,.T.);
#3181 = ORIENTED_EDGE('',*,*,#2267,.T.);
#3182 = ORIENTED_EDGE('',*,*,#2239,.F.);
#3183 = ORIENTED_EDGE('',*,*,#2248,.F.);
#3184 = PLANE('',#3185);
#3185 = AXIS2_PLACEMENT_3D('',#3186,#3187,#3188);
#3186 = CARTESIAN_POINT('',(68.35,27.38,11.96));
#3187 = DIRECTION('',(1.,0.,0.));
#3188 = DIRECTION('',(0.,0.,1.));
#3189 = ADVANCED_FACE('',(#3190),#3221,.T.);
#3190 = FACE_BOUND('',#3191,.T.);
#3191 = EDGE_LOOP('',(#3192,#3201,#3202,#3203,#3204,#3205,#3206,#3215));
#3192 = ORIENTED_EDGE('',*,*,#3193,.F.);
#3193 = EDGE_CURVE('',#1580,#3194,#3196,.T.);
#3194 = VERTEX_POINT('',#3195);
#3195 = CARTESIAN_POINT('',(-1.6,8.82,15.1));
#3196 = CIRCLE('',#3197,4.75);
#3197 = AXIS2_PLACEMENT_3D('',#3198,#3199,#3200);
#3198 = CARTESIAN_POINT('',(-1.6,8.82,19.85));
#3199 = DIRECTION('',(1.,0.,-0.));
#3200 = DIRECTION('',(0.,0.,1.));
#3201 = ORIENTED_EDGE('',*,*,#1587,.T.);
#3202 = ORIENTED_EDGE('',*,*,#1538,.T.);
#3203 = ORIENTED_EDGE('',*,*,#1617,.T.);
#3204 = ORIENTED_EDGE('',*,*,#1642,.T.);
#3205 = ORIENTED_EDGE('',*,*,#1603,.T.);
#3206 = ORIENTED_EDGE('',*,*,#3207,.F.);
#3207 = EDGE_CURVE('',#3208,#1564,#3210,.T.);
#3208 = VERTEX_POINT('',#3209);
#3209 = CARTESIAN_POINT('',(-1.6,14.32,15.1));
#3210 = CIRCLE('',#3211,4.75);
#3211 = AXIS2_PLACEMENT_3D('',#3212,#3213,#3214);
#3212 = CARTESIAN_POINT('',(-1.6,14.32,19.85));
#3213 = DIRECTION('',(1.,0.,-0.));
#3214 = DIRECTION('',(0.,0.,1.));
#3215 = ORIENTED_EDGE('',*,*,#3216,.F.);
#3216 = EDGE_CURVE('',#3194,#3208,#3217,.T.);
#3217 = LINE('',#3218,#3219);
#3218 = CARTESIAN_POINT('',(-1.6,8.82,15.1));
#3219 = VECTOR('',#3220,1.);
#3220 = DIRECTION('',(0.,1.,0.));
#3221 = PLANE('',#3222);
#3222 = AXIS2_PLACEMENT_3D('',#3223,#3224,#3225);
#3223 = CARTESIAN_POINT('',(-1.6,11.57,19.85));
#3224 = DIRECTION('',(-1.,-0.,-0.));
#3225 = DIRECTION('',(0.,0.,-1.));
#3226 = ADVANCED_FACE('',(#3227),#3238,.F.);
#3227 = FACE_BOUND('',#3228,.F.);
#3228 = EDGE_LOOP('',(#3229,#3230,#3236,#3237));
#3229 = ORIENTED_EDGE('',*,*,#3207,.F.);
#3230 = ORIENTED_EDGE('',*,*,#3231,.F.);
#3231 = EDGE_CURVE('',#2762,#3208,#3232,.T.);
#3232 = LINE('',#3233,#3234);
#3233 = CARTESIAN_POINT('',(-3.5,14.32,15.1));
#3234 = VECTOR('',#3235,1.);
#3235 = DIRECTION('',(1.,0.,0.));
#3236 = ORIENTED_EDGE('',*,*,#2761,.T.);
#3237 = ORIENTED_EDGE('',*,*,#1561,.T.);
#3238 = CYLINDRICAL_SURFACE('',#3239,4.75);
#3239 = AXIS2_PLACEMENT_3D('',#3240,#3241,#3242);
#3240 = CARTESIAN_POINT('',(-3.5,14.32,19.85));
#3241 = DIRECTION('',(1.,0.,0.));
#3242 = DIRECTION('',(0.,0.,1.));
#3243 = ADVANCED_FACE('',(#3244),#3255,.F.);
#3244 = FACE_BOUND('',#3245,.F.);
#3245 = EDGE_LOOP('',(#3246,#3247,#3248,#3249));
#3246 = ORIENTED_EDGE('',*,*,#3193,.F.);
#3247 = ORIENTED_EDGE('',*,*,#1579,.F.);
#3248 = ORIENTED_EDGE('',*,*,#2771,.T.);
#3249 = ORIENTED_EDGE('',*,*,#3250,.T.);
#3250 = EDGE_CURVE('',#2772,#3194,#3251,.T.);
#3251 = LINE('',#3252,#3253);
#3252 = CARTESIAN_POINT('',(-3.5,8.82,15.1));
#3253 = VECTOR('',#3254,1.);
#3254 = DIRECTION('',(1.,0.,0.));
#3255 = CYLINDRICAL_SURFACE('',#3256,4.75);
#3256 = AXIS2_PLACEMENT_3D('',#3257,#3258,#3259);
#3257 = CARTESIAN_POINT('',(-3.5,8.82,19.85));
#3258 = DIRECTION('',(1.,0.,0.));
#3259 = DIRECTION('',(0.,0.,1.));
#3260 = ADVANCED_FACE('',(#3261),#3272,.F.);
#3261 = FACE_BOUND('',#3262,.F.);
#3262 = EDGE_LOOP('',(#3263,#3264,#3270,#3271));
#3263 = ORIENTED_EDGE('',*,*,#1789,.F.);
#3264 = ORIENTED_EDGE('',*,*,#3265,.T.);
#3265 = EDGE_CURVE('',#1790,#1717,#3266,.T.);
#3266 = LINE('',#3267,#3268);
#3267 = CARTESIAN_POINT('',(0.,3.2,9.8));
#3268 = VECTOR('',#3269,1.);
#3269 = DIRECTION('',(0.,1.,0.));
#3270 = ORIENTED_EDGE('',*,*,#1724,.T.);
#3271 = ORIENTED_EDGE('',*,*,#1676,.T.);
#3272 = PLANE('',#3273);
#3273 = AXIS2_PLACEMENT_3D('',#3274,#3275,#3276);
#3274 = CARTESIAN_POINT('',(0.,3.2,7.8));
#3275 = DIRECTION('',(1.,0.,0.));
#3276 = DIRECTION('',(0.,0.,1.));
#3277 = ADVANCED_FACE('',(#3278),#3294,.F.);
#3278 = FACE_BOUND('',#3279,.F.);
#3279 = EDGE_LOOP('',(#3280,#3286,#3287,#3293));
#3280 = ORIENTED_EDGE('',*,*,#3281,.F.);
#3281 = EDGE_CURVE('',#1814,#1691,#3282,.T.);
#3282 = LINE('',#3283,#3284);
#3283 = CARTESIAN_POINT('',(0.,3.2,7.8));
#3284 = VECTOR('',#3285,1.);
#3285 = DIRECTION('',(0.,1.,0.));
#3286 = ORIENTED_EDGE('',*,*,#1821,.T.);
#3287 = ORIENTED_EDGE('',*,*,#3288,.T.);
#3288 = EDGE_CURVE('',#1779,#1693,#3289,.T.);
#3289 = LINE('',#3290,#3291);
#3290 = CARTESIAN_POINT('',(1.,3.2,7.8));
#3291 = VECTOR('',#3292,1.);
#3292 = DIRECTION('',(0.,1.,0.));
#3293 = ORIENTED_EDGE('',*,*,#1690,.F.);
#3294 = PLANE('',#3295);
#3295 = AXIS2_PLACEMENT_3D('',#3296,#3297,#3298);
#3296 = CARTESIAN_POINT('',(0.,3.2,7.8));
#3297 = DIRECTION('',(0.,0.,1.));
#3298 = DIRECTION('',(1.,0.,0.));
#3299 = ADVANCED_FACE('',(#3300),#3311,.T.);
#3300 = FACE_BOUND('',#3301,.T.);
#3301 = EDGE_LOOP('',(#3302,#3308,#3309,#3310));
#3302 = ORIENTED_EDGE('',*,*,#3303,.T.);
#3303 = EDGE_CURVE('',#1806,#1701,#3304,.T.);
#3304 = LINE('',#3305,#3306);
#3305 = CARTESIAN_POINT('',(-1.,3.2,8.8));
#3306 = VECTOR('',#3307,1.);
#3307 = DIRECTION('',(0.,1.,0.));
#3308 = ORIENTED_EDGE('',*,*,#1700,.T.);
#3309 = ORIENTED_EDGE('',*,*,#3281,.F.);
#3310 = ORIENTED_EDGE('',*,*,#1813,.F.);
#3311 = PLANE('',#3312);
#3312 = AXIS2_PLACEMENT_3D('',#3313,#3314,#3315);
#3313 = CARTESIAN_POINT('',(-1.,3.2,8.8));
#3314 = DIRECTION('',(-0.707106781187,0.,-0.707106781187));
#3315 = DIRECTION('',(0.707106781187,0.,-0.707106781187));
#3316 = ADVANCED_FACE('',(#3317),#3328,.T.);
#3317 = FACE_BOUND('',#3318,.T.);
#3318 = EDGE_LOOP('',(#3319,#3325,#3326,#3327));
#3319 = ORIENTED_EDGE('',*,*,#3320,.T.);
#3320 = EDGE_CURVE('',#1798,#1709,#3321,.T.);
#3321 = LINE('',#3322,#3323);
#3322 = CARTESIAN_POINT('',(-1.,3.2,9.8));
#3323 = VECTOR('',#3324,1.);
#3324 = DIRECTION('',(0.,1.,0.));
#3325 = ORIENTED_EDGE('',*,*,#1708,.T.);
#3326 = ORIENTED_EDGE('',*,*,#3303,.F.);
#3327 = ORIENTED_EDGE('',*,*,#1805,.F.);
#3328 = PLANE('',#3329);
#3329 = AXIS2_PLACEMENT_3D('',#3330,#3331,#3332);
#3330 = CARTESIAN_POINT('',(-1.,3.2,9.8));
#3331 = DIRECTION('',(-1.,0.,0.));
#3332 = DIRECTION('',(0.,0.,-1.));
#3333 = ADVANCED_FACE('',(#3334),#3340,.T.);
#3334 = FACE_BOUND('',#3335,.T.);
#3335 = EDGE_LOOP('',(#3336,#3337,#3338,#3339));
#3336 = ORIENTED_EDGE('',*,*,#3265,.T.);
#3337 = ORIENTED_EDGE('',*,*,#1716,.T.);
#3338 = ORIENTED_EDGE('',*,*,#3320,.F.);
#3339 = ORIENTED_EDGE('',*,*,#1797,.F.);
#3340 = PLANE('',#3341);
#3341 = AXIS2_PLACEMENT_3D('',#3342,#3343,#3344);
#3342 = CARTESIAN_POINT('',(0.,3.2,9.8));
#3343 = DIRECTION('',(0.,0.,1.));
#3344 = DIRECTION('',(-1.,0.,0.));
#3345 = ADVANCED_FACE('',(#3346),#3352,.T.);
#3346 = FACE_BOUND('',#3347,.T.);
#3347 = EDGE_LOOP('',(#3348,#3349,#3350,#3351));
#3348 = ORIENTED_EDGE('',*,*,#1778,.F.);
#3349 = ORIENTED_EDGE('',*,*,#3288,.T.);
#3350 = ORIENTED_EDGE('',*,*,#1740,.T.);
#3351 = ORIENTED_EDGE('',*,*,#1764,.F.);
#3352 = PLANE('',#3353);
#3353 = AXIS2_PLACEMENT_3D('',#3354,#3355,#3356);
#3354 = CARTESIAN_POINT('',(1.,3.2,7.8));
#3355 = DIRECTION('',(1.,0.,0.));
#3356 = DIRECTION('',(0.,0.,1.));
#3357 = ADVANCED_FACE('',(#3358),#3370,.T.);
#3358 = FACE_BOUND('',#3359,.T.);
#3359 = EDGE_LOOP('',(#3360,#3361,#3362,#3369));
#3360 = ORIENTED_EDGE('',*,*,#1863,.F.);
#3361 = ORIENTED_EDGE('',*,*,#2096,.F.);
#3362 = ORIENTED_EDGE('',*,*,#3363,.T.);
#3363 = EDGE_CURVE('',#2097,#1905,#3364,.T.);
#3364 = CIRCLE('',#3365,2.5);
#3365 = AXIS2_PLACEMENT_3D('',#3366,#3367,#3368);
#3366 = CARTESIAN_POINT('',(17.27,34.97,5.6));
#3367 = DIRECTION('',(0.,0.,1.));
#3368 = DIRECTION('',(1.,0.,0.));
#3369 = ORIENTED_EDGE('',*,*,#1912,.T.);
#3370 = CYLINDRICAL_SURFACE('',#3371,2.5);
#3371 = AXIS2_PLACEMENT_3D('',#3372,#3373,#3374);
#3372 = CARTESIAN_POINT('',(17.27,34.97,5.6));
#3373 = DIRECTION('',(0.,0.,1.));
#3374 = DIRECTION('',(1.,0.,0.));
#3375 = ADVANCED_FACE('',(#3376),#3410,.F.);
#3376 = FACE_BOUND('',#3377,.F.);
#3377 = EDGE_LOOP('',(#3378,#3388,#3394,#3395,#3396,#3404));
#3378 = ORIENTED_EDGE('',*,*,#3379,.F.);
#3379 = EDGE_CURVE('',#3380,#3382,#3384,.T.);
#3380 = VERTEX_POINT('',#3381);
#3381 = CARTESIAN_POINT('',(15.310314934649,33.417700272292,5.6));
#3382 = VERTEX_POINT('',#3383);
#3383 = CARTESIAN_POINT('',(15.310314934649,33.417700272292,6.2));
#3384 = LINE('',#3385,#3386);
#3385 = CARTESIAN_POINT('',(15.310314934649,33.417700272292,5.6));
#3386 = VECTOR('',#3387,1.);
#3387 = DIRECTION('',(0.,0.,1.));
#3388 = ORIENTED_EDGE('',*,*,#3389,.T.);
#3389 = EDGE_CURVE('',#3380,#1897,#3390,.T.);
#3390 = LINE('',#3391,#3392);
#3391 = CARTESIAN_POINT('',(13.275142666191,37.4283764729,5.6));
#3392 = VECTOR('',#3393,1.);
#3393 = DIRECTION('',(-0.452512531605,0.891758043833,0.));
#3394 = ORIENTED_EDGE('',*,*,#1896,.T.);
#3395 = ORIENTED_EDGE('',*,*,#1942,.T.);
#3396 = ORIENTED_EDGE('',*,*,#3397,.F.);
#3397 = EDGE_CURVE('',#3398,#1943,#3400,.T.);
#3398 = VERTEX_POINT('',#3399);
#3399 = CARTESIAN_POINT('',(15.33599494565,33.367093151437,6.2));
#3400 = LINE('',#3401,#3402);
#3401 = CARTESIAN_POINT('',(15.33599494565,33.367093151437,8.1));
#3402 = VECTOR('',#3403,1.);
#3403 = DIRECTION('',(0.,0.,1.));
#3404 = ORIENTED_EDGE('',*,*,#3405,.T.);
#3405 = EDGE_CURVE('',#3398,#3382,#3406,.T.);
#3406 = LINE('',#3407,#3408);
#3407 = CARTESIAN_POINT('',(13.275142666191,37.4283764729,6.2));
#3408 = VECTOR('',#3409,1.);
#3409 = DIRECTION('',(-0.452512531605,0.891758043833,0.));
#3410 = PLANE('',#3411);
#3411 = AXIS2_PLACEMENT_3D('',#3412,#3413,#3414);
#3412 = CARTESIAN_POINT('',(11.465092539772,40.995408648232,8.1));
#3413 = DIRECTION('',(0.891758043833,0.452512531605,0.));
#3414 = DIRECTION('',(0.,0.,-1.));
#3415 = ADVANCED_FACE('',(#3416,#3454),#3465,.F.);
#3416 = FACE_BOUND('',#3417,.F.);
#3417 = EDGE_LOOP('',(#3418,#3419,#3420,#3421,#3422,#3431,#3439,#3446,
    #3447));
#3418 = ORIENTED_EDGE('',*,*,#2104,.F.);
#3419 = ORIENTED_EDGE('',*,*,#3363,.T.);
#3420 = ORIENTED_EDGE('',*,*,#1904,.F.);
#3421 = ORIENTED_EDGE('',*,*,#3389,.F.);
#3422 = ORIENTED_EDGE('',*,*,#3423,.T.);
#3423 = EDGE_CURVE('',#3380,#3424,#3426,.T.);
#3424 = VERTEX_POINT('',#3425);
#3425 = CARTESIAN_POINT('',(15.380956646963,33.332466730003,5.6));
#3426 = CIRCLE('',#3427,2.5);
#3427 = AXIS2_PLACEMENT_3D('',#3428,#3429,#3430);
#3428 = CARTESIAN_POINT('',(17.27,34.97,5.6));
#3429 = DIRECTION('',(0.,0.,1.));
#3430 = DIRECTION('',(1.,0.,0.));
#3431 = ORIENTED_EDGE('',*,*,#3432,.F.);
#3432 = EDGE_CURVE('',#3433,#3424,#3435,.T.);
#3433 = VERTEX_POINT('',#3434);
#3434 = CARTESIAN_POINT('',(16.169264292868,32.725366198454,5.6));
#3435 = LINE('',#3436,#3437);
#3436 = CARTESIAN_POINT('',(12.605994493145,35.469552431713,5.6));
#3437 = VECTOR('',#3438,1.);
#3438 = DIRECTION('',(-0.792278994192,0.610158991871,0.));
#3439 = ORIENTED_EDGE('',*,*,#3440,.T.);
#3440 = EDGE_CURVE('',#3433,#2041,#3441,.T.);
#3441 = CIRCLE('',#3442,2.5);
#3442 = AXIS2_PLACEMENT_3D('',#3443,#3444,#3445);
#3443 = CARTESIAN_POINT('',(17.27,34.97,5.6));
#3444 = DIRECTION('',(0.,0.,1.));
#3445 = DIRECTION('',(1.,0.,0.));
#3446 = ORIENTED_EDGE('',*,*,#2040,.F.);
#3447 = ORIENTED_EDGE('',*,*,#3448,.T.);
#3448 = EDGE_CURVE('',#2033,#2105,#3449,.T.);
#3449 = CIRCLE('',#3450,2.5);
#3450 = AXIS2_PLACEMENT_3D('',#3451,#3452,#3453);
#3451 = CARTESIAN_POINT('',(17.27,34.97,5.6));
#3452 = DIRECTION('',(0.,0.,1.));
#3453 = DIRECTION('',(1.,0.,0.));
#3454 = FACE_BOUND('',#3455,.F.);
#3455 = EDGE_LOOP('',(#3456));
#3456 = ORIENTED_EDGE('',*,*,#3457,.F.);
#3457 = EDGE_CURVE('',#3458,#3458,#3460,.T.);
#3458 = VERTEX_POINT('',#3459);
#3459 = CARTESIAN_POINT('',(18.87,34.97,5.6));
#3460 = CIRCLE('',#3461,1.6);
#3461 = AXIS2_PLACEMENT_3D('',#3462,#3463,#3464);
#3462 = CARTESIAN_POINT('',(17.27,34.97,5.6));
#3463 = DIRECTION('',(0.,0.,1.));
#3464 = DIRECTION('',(1.,0.,0.));
#3465 = PLANE('',#3466);
#3466 = AXIS2_PLACEMENT_3D('',#3467,#3468,#3469);
#3467 = CARTESIAN_POINT('',(17.27,34.97,5.6));
#3468 = DIRECTION('',(0.,0.,1.));
#3469 = DIRECTION('',(1.,0.,0.));
#3470 = ADVANCED_FACE('',(#3471),#3505,.F.);
#3471 = FACE_BOUND('',#3472,.F.);
#3472 = EDGE_LOOP('',(#3473,#3474,#3475,#3476,#3484,#3490,#3491,#3499));
#3473 = ORIENTED_EDGE('',*,*,#3397,.T.);
#3474 = ORIENTED_EDGE('',*,*,#1966,.T.);
#3475 = ORIENTED_EDGE('',*,*,#2016,.T.);
#3476 = ORIENTED_EDGE('',*,*,#3477,.T.);
#3477 = EDGE_CURVE('',#2009,#3478,#3480,.T.);
#3478 = VERTEX_POINT('',#3479);
#3479 = CARTESIAN_POINT('',(16.169264292868,32.725366198454,6.2));
#3480 = LINE('',#3481,#3482);
#3481 = CARTESIAN_POINT('',(12.605994493145,35.469552431713,6.2));
#3482 = VECTOR('',#3483,1.);
#3483 = DIRECTION('',(-0.792278994192,0.610158991871,0.));
#3484 = ORIENTED_EDGE('',*,*,#3485,.F.);
#3485 = EDGE_CURVE('',#3433,#3478,#3486,.T.);
#3486 = LINE('',#3487,#3488);
#3487 = CARTESIAN_POINT('',(16.169264292868,32.725366198454,5.6));
#3488 = VECTOR('',#3489,1.);
#3489 = DIRECTION('',(0.,0.,1.));
#3490 = ORIENTED_EDGE('',*,*,#3432,.T.);
#3491 = ORIENTED_EDGE('',*,*,#3492,.T.);
#3492 = EDGE_CURVE('',#3424,#3493,#3495,.T.);
#3493 = VERTEX_POINT('',#3494);
#3494 = CARTESIAN_POINT('',(15.380956646963,33.332466730003,6.2));
#3495 = LINE('',#3496,#3497);
#3496 = CARTESIAN_POINT('',(15.380956646963,33.332466730003,5.6));
#3497 = VECTOR('',#3498,1.);
#3498 = DIRECTION('',(0.,0.,1.));
#3499 = ORIENTED_EDGE('',*,*,#3500,.T.);
#3500 = EDGE_CURVE('',#3493,#3398,#3501,.T.);
#3501 = LINE('',#3502,#3503);
#3502 = CARTESIAN_POINT('',(12.605994493145,35.469552431713,6.2));
#3503 = VECTOR('',#3504,1.);
#3504 = DIRECTION('',(-0.792278994192,0.610158991871,0.));
#3505 = PLANE('',#3506);
#3506 = AXIS2_PLACEMENT_3D('',#3507,#3508,#3509);
#3507 = CARTESIAN_POINT('',(9.436878516376,37.910188399198,8.1));
#3508 = DIRECTION('',(0.610158991871,0.792278994192,0.));
#3509 = DIRECTION('',(0.,0.,-1.));
#3510 = ADVANCED_FACE('',(#3511),#3522,.F.);
#3511 = FACE_BOUND('',#3512,.F.);
#3512 = EDGE_LOOP('',(#3513,#3514,#3515));
#3513 = ORIENTED_EDGE('',*,*,#3477,.F.);
#3514 = ORIENTED_EDGE('',*,*,#2006,.F.);
#3515 = ORIENTED_EDGE('',*,*,#3516,.F.);
#3516 = EDGE_CURVE('',#3478,#2007,#3517,.T.);
#3517 = CIRCLE('',#3518,2.5);
#3518 = AXIS2_PLACEMENT_3D('',#3519,#3520,#3521);
#3519 = CARTESIAN_POINT('',(17.27,34.97,6.2));
#3520 = DIRECTION('',(0.,0.,1.));
#3521 = DIRECTION('',(1.,0.,0.));
#3522 = PLANE('',#3523);
#3523 = AXIS2_PLACEMENT_3D('',#3524,#3525,#3526);
#3524 = CARTESIAN_POINT('',(17.27,34.97,6.2));
#3525 = DIRECTION('',(0.,0.,1.));
#3526 = DIRECTION('',(1.,0.,0.));
#3527 = ADVANCED_FACE('',(#3528),#3534,.T.);
#3528 = FACE_BOUND('',#3529,.T.);
#3529 = EDGE_LOOP('',(#3530,#3531,#3532,#3533));
#3530 = ORIENTED_EDGE('',*,*,#2072,.F.);
#3531 = ORIENTED_EDGE('',*,*,#2032,.F.);
#3532 = ORIENTED_EDGE('',*,*,#3448,.T.);
#3533 = ORIENTED_EDGE('',*,*,#2112,.T.);
#3534 = CYLINDRICAL_SURFACE('',#3535,2.5);
#3535 = AXIS2_PLACEMENT_3D('',#3536,#3537,#3538);
#3536 = CARTESIAN_POINT('',(17.27,34.97,5.6));
#3537 = DIRECTION('',(0.,0.,1.));
#3538 = DIRECTION('',(1.,0.,0.));
#3539 = ADVANCED_FACE('',(#3540),#3546,.T.);
#3540 = FACE_BOUND('',#3541,.T.);
#3541 = EDGE_LOOP('',(#3542,#3543,#3544,#3545));
#3542 = ORIENTED_EDGE('',*,*,#3516,.F.);
#3543 = ORIENTED_EDGE('',*,*,#3485,.F.);
#3544 = ORIENTED_EDGE('',*,*,#3440,.T.);
#3545 = ORIENTED_EDGE('',*,*,#2048,.T.);
#3546 = CYLINDRICAL_SURFACE('',#3547,2.5);
#3547 = AXIS2_PLACEMENT_3D('',#3548,#3549,#3550);
#3548 = CARTESIAN_POINT('',(17.27,34.97,5.6));
#3549 = DIRECTION('',(0.,0.,1.));
#3550 = DIRECTION('',(1.,0.,0.));
#3551 = ADVANCED_FACE('',(#3552),#3564,.T.);
#3552 = FACE_BOUND('',#3553,.T.);
#3553 = EDGE_LOOP('',(#3554,#3555,#3556,#3563));
#3554 = ORIENTED_EDGE('',*,*,#3059,.T.);
#3555 = ORIENTED_EDGE('',*,*,#2214,.T.);
#3556 = ORIENTED_EDGE('',*,*,#3557,.T.);
#3557 = EDGE_CURVE('',#2207,#2139,#3558,.T.);
#3558 = CIRCLE('',#3559,3.25);
#3559 = AXIS2_PLACEMENT_3D('',#3560,#3561,#3562);
#3560 = CARTESIAN_POINT('',(63.94,34.86,11.96));
#3561 = DIRECTION('',(0.,0.,1.));
#3562 = DIRECTION('',(1.,0.,0.));
#3563 = ORIENTED_EDGE('',*,*,#2138,.F.);
#3564 = PLANE('',#3565);
#3565 = AXIS2_PLACEMENT_3D('',#3566,#3567,#3568);
#3566 = CARTESIAN_POINT('',(63.94,34.86,11.96));
#3567 = DIRECTION('',(0.,0.,1.));
#3568 = DIRECTION('',(1.,0.,0.));
#3569 = ADVANCED_FACE('',(#3570),#3576,.T.);
#3570 = FACE_BOUND('',#3571,.T.);
#3571 = EDGE_LOOP('',(#3572,#3573,#3574,#3575));
#3572 = ORIENTED_EDGE('',*,*,#2146,.T.);
#3573 = ORIENTED_EDGE('',*,*,#3557,.F.);
#3574 = ORIENTED_EDGE('',*,*,#2206,.F.);
#3575 = ORIENTED_EDGE('',*,*,#2179,.T.);
#3576 = CYLINDRICAL_SURFACE('',#3577,3.25);
#3577 = AXIS2_PLACEMENT_3D('',#3578,#3579,#3580);
#3578 = CARTESIAN_POINT('',(63.94,34.86,6.2));
#3579 = DIRECTION('',(0.,0.,1.));
#3580 = DIRECTION('',(1.,0.,0.));
#3581 = ADVANCED_FACE('',(#3582),#3601,.T.);
#3582 = FACE_BOUND('',#3583,.T.);
#3583 = EDGE_LOOP('',(#3584,#3585,#3593,#3600));
#3584 = ORIENTED_EDGE('',*,*,#2189,.F.);
#3585 = ORIENTED_EDGE('',*,*,#3586,.F.);
#3586 = EDGE_CURVE('',#3587,#2190,#3589,.T.);
#3587 = VERTEX_POINT('',#3588);
#3588 = CARTESIAN_POINT('',(66.44,34.86,5.6));
#3589 = LINE('',#3590,#3591);
#3590 = CARTESIAN_POINT('',(66.44,34.86,5.6));
#3591 = VECTOR('',#3592,1.);
#3592 = DIRECTION('',(0.,0.,1.));
#3593 = ORIENTED_EDGE('',*,*,#3594,.T.);
#3594 = EDGE_CURVE('',#3587,#3587,#3595,.T.);
#3595 = CIRCLE('',#3596,2.5);
#3596 = AXIS2_PLACEMENT_3D('',#3597,#3598,#3599);
#3597 = CARTESIAN_POINT('',(63.94,34.86,5.6));
#3598 = DIRECTION('',(0.,0.,1.));
#3599 = DIRECTION('',(1.,0.,0.));
#3600 = ORIENTED_EDGE('',*,*,#3586,.T.);
#3601 = CYLINDRICAL_SURFACE('',#3602,2.5);
#3602 = AXIS2_PLACEMENT_3D('',#3603,#3604,#3605);
#3603 = CARTESIAN_POINT('',(63.94,34.86,5.6));
#3604 = DIRECTION('',(0.,0.,1.));
#3605 = DIRECTION('',(1.,0.,0.));
#3606 = ADVANCED_FACE('',(#3607),#3619,.T.);
#3607 = FACE_BOUND('',#3608,.T.);
#3608 = EDGE_LOOP('',(#3609,#3610,#3611,#3612));
#3609 = ORIENTED_EDGE('',*,*,#2350,.T.);
#3610 = ORIENTED_EDGE('',*,*,#2813,.T.);
#3611 = ORIENTED_EDGE('',*,*,#2490,.T.);
#3612 = ORIENTED_EDGE('',*,*,#3613,.T.);
#3613 = EDGE_CURVE('',#2491,#2351,#3614,.T.);
#3614 = CIRCLE('',#3615,3.25);
#3615 = AXIS2_PLACEMENT_3D('',#3616,#3617,#3618);
#3616 = CARTESIAN_POINT('',(63.99,2.7,11.96));
#3617 = DIRECTION('',(0.,0.,1.));
#3618 = DIRECTION('',(1.,0.,0.));
#3619 = PLANE('',#3620);
#3620 = AXIS2_PLACEMENT_3D('',#3621,#3622,#3623);
#3621 = CARTESIAN_POINT('',(63.99,2.7,11.96));
#3622 = DIRECTION('',(0.,0.,1.));
#3623 = DIRECTION('',(1.,0.,0.));
#3624 = ADVANCED_FACE('',(#3625),#3631,.T.);
#3625 = FACE_BOUND('',#3626,.T.);
#3626 = EDGE_LOOP('',(#3627,#3628,#3629,#3630));
#3627 = ORIENTED_EDGE('',*,*,#2498,.F.);
#3628 = ORIENTED_EDGE('',*,*,#2390,.T.);
#3629 = ORIENTED_EDGE('',*,*,#2358,.T.);
#3630 = ORIENTED_EDGE('',*,*,#3613,.F.);
#3631 = CYLINDRICAL_SURFACE('',#3632,3.25);
#3632 = AXIS2_PLACEMENT_3D('',#3633,#3634,#3635);
#3633 = CARTESIAN_POINT('',(63.99,2.7,6.2));
#3634 = DIRECTION('',(0.,0.,1.));
#3635 = DIRECTION('',(1.,0.,0.));
#3636 = ADVANCED_FACE('',(#3637),#3659,.T.);
#3637 = FACE_BOUND('',#3638,.T.);
#3638 = EDGE_LOOP('',(#3639,#3648,#3649,#3650,#3651,#3652));
#3639 = ORIENTED_EDGE('',*,*,#3640,.T.);
#3640 = EDGE_CURVE('',#3641,#2458,#3643,.T.);
#3641 = VERTEX_POINT('',#3642);
#3642 = CARTESIAN_POINT('',(66.49,2.7,5.6));
#3643 = CIRCLE('',#3644,2.5);
#3644 = AXIS2_PLACEMENT_3D('',#3645,#3646,#3647);
#3645 = CARTESIAN_POINT('',(63.99,2.7,5.6));
#3646 = DIRECTION('',(0.,0.,1.));
#3647 = DIRECTION('',(1.,0.,0.));
#3648 = ORIENTED_EDGE('',*,*,#2465,.T.);
#3649 = ORIENTED_EDGE('',*,*,#2407,.F.);
#3650 = ORIENTED_EDGE('',*,*,#2416,.F.);
#3651 = ORIENTED_EDGE('',*,*,#2449,.F.);
#3652 = ORIENTED_EDGE('',*,*,#3653,.T.);
#3653 = EDGE_CURVE('',#2450,#3641,#3654,.T.);
#3654 = CIRCLE('',#3655,2.5);
#3655 = AXIS2_PLACEMENT_3D('',#3656,#3657,#3658);
#3656 = CARTESIAN_POINT('',(63.99,2.7,5.6));
#3657 = DIRECTION('',(0.,0.,1.));
#3658 = DIRECTION('',(1.,0.,0.));
#3659 = CYLINDRICAL_SURFACE('',#3660,2.5);
#3660 = AXIS2_PLACEMENT_3D('',#3661,#3662,#3663);
#3661 = CARTESIAN_POINT('',(63.99,2.7,5.6));
#3662 = DIRECTION('',(0.,0.,1.));
#3663 = DIRECTION('',(1.,0.,0.));
#3664 = ADVANCED_FACE('',(#3665,#3670),#3681,.F.);
#3665 = FACE_BOUND('',#3666,.F.);
#3666 = EDGE_LOOP('',(#3667,#3668,#3669));
#3667 = ORIENTED_EDGE('',*,*,#3653,.T.);
#3668 = ORIENTED_EDGE('',*,*,#3640,.T.);
#3669 = ORIENTED_EDGE('',*,*,#2457,.F.);
#3670 = FACE_BOUND('',#3671,.F.);
#3671 = EDGE_LOOP('',(#3672));
#3672 = ORIENTED_EDGE('',*,*,#3673,.F.);
#3673 = EDGE_CURVE('',#3674,#3674,#3676,.T.);
#3674 = VERTEX_POINT('',#3675);
#3675 = CARTESIAN_POINT('',(65.59,2.7,5.6));
#3676 = CIRCLE('',#3677,1.6);
#3677 = AXIS2_PLACEMENT_3D('',#3678,#3679,#3680);
#3678 = CARTESIAN_POINT('',(63.99,2.7,5.6));
#3679 = DIRECTION('',(0.,0.,1.));
#3680 = DIRECTION('',(1.,0.,0.));
#3681 = PLANE('',#3682);
#3682 = AXIS2_PLACEMENT_3D('',#3683,#3684,#3685);
#3683 = CARTESIAN_POINT('',(63.99,2.7,5.6));
#3684 = DIRECTION('',(0.,0.,1.));
#3685 = DIRECTION('',(1.,0.,0.));
#3686 = ADVANCED_FACE('',(#3687),#3703,.F.);
#3687 = FACE_BOUND('',#3688,.F.);
#3688 = EDGE_LOOP('',(#3689,#3690,#3696,#3697));
#3689 = ORIENTED_EDGE('',*,*,#2618,.F.);
#3690 = ORIENTED_EDGE('',*,*,#3691,.F.);
#3691 = EDGE_CURVE('',#2516,#2619,#3692,.T.);
#3692 = LINE('',#3693,#3694);
#3693 = CARTESIAN_POINT('',(4.,0.,7.8));
#3694 = VECTOR('',#3695,1.);
#3695 = DIRECTION('',(1.,0.,0.));
#3696 = ORIENTED_EDGE('',*,*,#2515,.T.);
#3697 = ORIENTED_EDGE('',*,*,#3698,.T.);
#3698 = EDGE_CURVE('',#2518,#2621,#3699,.T.);
#3699 = LINE('',#3700,#3701);
#3700 = CARTESIAN_POINT('',(4.,0.,7.9));
#3701 = VECTOR('',#3702,1.);
#3702 = DIRECTION('',(1.,0.,0.));
#3703 = PLANE('',#3704);
#3704 = AXIS2_PLACEMENT_3D('',#3705,#3706,#3707);
#3705 = CARTESIAN_POINT('',(4.,0.,7.8));
#3706 = DIRECTION('',(0.,1.,0.));
#3707 = DIRECTION('',(0.,0.,1.));
#3708 = ADVANCED_FACE('',(#3709),#3720,.F.);
#3709 = FACE_BOUND('',#3710,.F.);
#3710 = EDGE_LOOP('',(#3711,#3717,#3718,#3719));
#3711 = ORIENTED_EDGE('',*,*,#3712,.T.);
#3712 = EDGE_CURVE('',#2526,#2669,#3713,.T.);
#3713 = LINE('',#3714,#3715);
#3714 = CARTESIAN_POINT('',(4.,-0.9,8.8));
#3715 = VECTOR('',#3716,1.);
#3716 = DIRECTION('',(1.,0.,0.));
#3717 = ORIENTED_EDGE('',*,*,#2676,.T.);
#3718 = ORIENTED_EDGE('',*,*,#3698,.F.);
#3719 = ORIENTED_EDGE('',*,*,#2525,.F.);
#3720 = PLANE('',#3721);
#3721 = AXIS2_PLACEMENT_3D('',#3722,#3723,#3724);
#3722 = CARTESIAN_POINT('',(4.,-0.9,8.8));
#3723 = DIRECTION('',(0.,0.707106781187,0.707106781187));
#3724 = DIRECTION('',(0.,0.707106781187,-0.707106781187));
#3725 = ADVANCED_FACE('',(#3726),#3737,.F.);
#3726 = FACE_BOUND('',#3727,.F.);
#3727 = EDGE_LOOP('',(#3728,#3734,#3735,#3736));
#3728 = ORIENTED_EDGE('',*,*,#3729,.T.);
#3729 = EDGE_CURVE('',#2534,#2661,#3730,.T.);
#3730 = LINE('',#3731,#3732);
#3731 = CARTESIAN_POINT('',(4.,-0.9,9.8));
#3732 = VECTOR('',#3733,1.);
#3733 = DIRECTION('',(1.,0.,0.));
#3734 = ORIENTED_EDGE('',*,*,#2668,.T.);
#3735 = ORIENTED_EDGE('',*,*,#3712,.F.);
#3736 = ORIENTED_EDGE('',*,*,#2533,.F.);
#3737 = PLANE('',#3738);
#3738 = AXIS2_PLACEMENT_3D('',#3739,#3740,#3741);
#3739 = CARTESIAN_POINT('',(4.,-0.9,9.8));
#3740 = DIRECTION('',(0.,1.,0.));
#3741 = DIRECTION('',(0.,0.,-1.));
#3742 = ADVANCED_FACE('',(#3743),#3754,.F.);
#3743 = FACE_BOUND('',#3744,.F.);
#3744 = EDGE_LOOP('',(#3745,#3751,#3752,#3753));
#3745 = ORIENTED_EDGE('',*,*,#3746,.T.);
#3746 = EDGE_CURVE('',#2542,#2653,#3747,.T.);
#3747 = LINE('',#3748,#3749);
#3748 = CARTESIAN_POINT('',(4.,0.,9.8));
#3749 = VECTOR('',#3750,1.);
#3750 = DIRECTION('',(1.,0.,0.));
#3751 = ORIENTED_EDGE('',*,*,#2660,.T.);
#3752 = ORIENTED_EDGE('',*,*,#3729,.F.);
#3753 = ORIENTED_EDGE('',*,*,#2541,.F.);
#3754 = PLANE('',#3755);
#3755 = AXIS2_PLACEMENT_3D('',#3756,#3757,#3758);
#3756 = CARTESIAN_POINT('',(4.,0.,9.8));
#3757 = DIRECTION('',(0.,0.,-1.));
#3758 = DIRECTION('',(0.,-1.,0.));
#3759 = ADVANCED_FACE('',(#3760),#3766,.F.);
#3760 = FACE_BOUND('',#3761,.F.);
#3761 = EDGE_LOOP('',(#3762,#3763,#3764,#3765));
#3762 = ORIENTED_EDGE('',*,*,#2652,.F.);
#3763 = ORIENTED_EDGE('',*,*,#3746,.F.);
#3764 = ORIENTED_EDGE('',*,*,#2549,.T.);
#3765 = ORIENTED_EDGE('',*,*,#2693,.T.);
#3766 = PLANE('',#3767);
#3767 = AXIS2_PLACEMENT_3D('',#3768,#3769,#3770);
#3768 = CARTESIAN_POINT('',(4.,0.,7.8));
#3769 = DIRECTION('',(0.,1.,0.));
#3770 = DIRECTION('',(0.,0.,1.));
#3771 = ADVANCED_FACE('',(#3772),#3783,.T.);
#3772 = FACE_BOUND('',#3773,.T.);
#3773 = EDGE_LOOP('',(#3774,#3780,#3781,#3782));
#3774 = ORIENTED_EDGE('',*,*,#3775,.F.);
#3775 = EDGE_CURVE('',#2573,#2629,#3776,.T.);
#3776 = LINE('',#3777,#3778);
#3777 = CARTESIAN_POINT('',(4.,1.,7.8));
#3778 = VECTOR('',#3779,1.);
#3779 = DIRECTION('',(1.,0.,0.));
#3780 = ORIENTED_EDGE('',*,*,#2572,.T.);
#3781 = ORIENTED_EDGE('',*,*,#2604,.T.);
#3782 = ORIENTED_EDGE('',*,*,#2636,.F.);
#3783 = PLANE('',#3784);
#3784 = AXIS2_PLACEMENT_3D('',#3785,#3786,#3787);
#3785 = CARTESIAN_POINT('',(4.,1.,7.8));
#3786 = DIRECTION('',(0.,1.,0.));
#3787 = DIRECTION('',(0.,0.,1.));
#3788 = ADVANCED_FACE('',(#3789),#3795,.F.);
#3789 = FACE_BOUND('',#3790,.F.);
#3790 = EDGE_LOOP('',(#3791,#3792,#3793,#3794));
#3791 = ORIENTED_EDGE('',*,*,#2580,.F.);
#3792 = ORIENTED_EDGE('',*,*,#3691,.T.);
#3793 = ORIENTED_EDGE('',*,*,#2628,.T.);
#3794 = ORIENTED_EDGE('',*,*,#3775,.F.);
#3795 = PLANE('',#3796);
#3796 = AXIS2_PLACEMENT_3D('',#3797,#3798,#3799);
#3797 = CARTESIAN_POINT('',(4.,0.,7.8));
#3798 = DIRECTION('',(0.,0.,1.));
#3799 = DIRECTION('',(1.,0.,0.));
#3800 = ADVANCED_FACE('',(#3801),#3829,.T.);
#3801 = FACE_BOUND('',#3802,.T.);
#3802 = EDGE_LOOP('',(#3803,#3814,#3821,#3822));
#3803 = ORIENTED_EDGE('',*,*,#3804,.T.);
#3804 = EDGE_CURVE('',#3805,#3807,#3809,.T.);
#3805 = VERTEX_POINT('',#3806);
#3806 = CARTESIAN_POINT('',(2.1,-0.9,26.));
#3807 = VERTEX_POINT('',#3808);
#3808 = CARTESIAN_POINT('',(-0.9,2.1,26.));
#3809 = CIRCLE('',#3810,3.);
#3810 = AXIS2_PLACEMENT_3D('',#3811,#3812,#3813);
#3811 = CARTESIAN_POINT('',(2.1,2.1,26.));
#3812 = DIRECTION('',(-0.,0.,-1.));
#3813 = DIRECTION('',(-2.7E-16,-1.,0.));
#3814 = ORIENTED_EDGE('',*,*,#3815,.F.);
#3815 = EDGE_CURVE('',#2716,#3807,#3816,.T.);
#3816 = CIRCLE('',#3817,2.);
#3817 = AXIS2_PLACEMENT_3D('',#3818,#3819,#3820);
#3818 = CARTESIAN_POINT('',(-0.9,2.1,24.));
#3819 = DIRECTION('',(0.,1.,-0.));
#3820 = DIRECTION('',(-1.,0.,0.));
#3821 = ORIENTED_EDGE('',*,*,#2715,.F.);
#3822 = ORIENTED_EDGE('',*,*,#3823,.T.);
#3823 = EDGE_CURVE('',#2708,#3805,#3824,.T.);
#3824 = CIRCLE('',#3825,2.);
#3825 = AXIS2_PLACEMENT_3D('',#3826,#3827,#3828);
#3826 = CARTESIAN_POINT('',(2.1,-0.9,24.));
#3827 = DIRECTION('',(-1.,0.,0.));
#3828 = DIRECTION('',(0.,-1.,0.));
#3829 = TOROIDAL_SURFACE('',#3830,3.,2.);
#3830 = AXIS2_PLACEMENT_3D('',#3831,#3832,#3833);
#3831 = CARTESIAN_POINT('',(2.1,2.1,24.));
#3832 = DIRECTION('',(0.,0.,1.));
#3833 = DIRECTION('',(-2.7E-16,-1.,0.));
#3834 = ADVANCED_FACE('',(#3835),#3854,.T.);
#3835 = FACE_BOUND('',#3836,.T.);
#3836 = EDGE_LOOP('',(#3837,#3838,#3846,#3853));
#3837 = ORIENTED_EDGE('',*,*,#3815,.T.);
#3838 = ORIENTED_EDGE('',*,*,#3839,.T.);
#3839 = EDGE_CURVE('',#3807,#3840,#3842,.T.);
#3840 = VERTEX_POINT('',#3841);
#3841 = CARTESIAN_POINT('',(-0.9,35.45,26.));
#3842 = LINE('',#3843,#3844);
#3843 = CARTESIAN_POINT('',(-0.9,2.1,26.));
#3844 = VECTOR('',#3845,1.);
#3845 = DIRECTION('',(0.,1.,0.));
#3846 = ORIENTED_EDGE('',*,*,#3847,.F.);
#3847 = EDGE_CURVE('',#2743,#3840,#3848,.T.);
#3848 = CIRCLE('',#3849,2.);
#3849 = AXIS2_PLACEMENT_3D('',#3850,#3851,#3852);
#3850 = CARTESIAN_POINT('',(-0.9,35.45,24.));
#3851 = DIRECTION('',(0.,1.,-0.));
#3852 = DIRECTION('',(-1.,0.,0.));
#3853 = ORIENTED_EDGE('',*,*,#2742,.F.);
#3854 = CYLINDRICAL_SURFACE('',#3855,2.);
#3855 = AXIS2_PLACEMENT_3D('',#3856,#3857,#3858);
#3856 = CARTESIAN_POINT('',(-0.9,2.1,24.));
#3857 = DIRECTION('',(0.,1.,0.));
#3858 = DIRECTION('',(-1.,0.,0.));
#3859 = ADVANCED_FACE('',(#3860),#3866,.T.);
#3860 = FACE_BOUND('',#3861,.T.);
#3861 = EDGE_LOOP('',(#3862,#3863,#3864,#3865));
#3862 = ORIENTED_EDGE('',*,*,#2780,.T.);
#3863 = ORIENTED_EDGE('',*,*,#3250,.T.);
#3864 = ORIENTED_EDGE('',*,*,#3216,.T.);
#3865 = ORIENTED_EDGE('',*,*,#3231,.F.);
#3866 = PLANE('',#3867);
#3867 = AXIS2_PLACEMENT_3D('',#3868,#3869,#3870);
#3868 = CARTESIAN_POINT('',(-3.5,8.82,15.1));
#3869 = DIRECTION('',(0.,0.,1.));
#3870 = DIRECTION('',(1.,0.,0.));
#3871 = ADVANCED_FACE('',(#3872),#3875,.F.);
#3872 = FACE_BOUND('',#3873,.F.);
#3873 = EDGE_LOOP('',(#3874));
#3874 = ORIENTED_EDGE('',*,*,#2803,.T.);
#3875 = PLANE('',#3876);
#3876 = AXIS2_PLACEMENT_3D('',#3877,#3878,#3879);
#3877 = CARTESIAN_POINT('',(65.75,0.9,23.5));
#3878 = DIRECTION('',(0.,0.,1.));
#3879 = DIRECTION('',(1.,0.,0.));
#3880 = ADVANCED_FACE('',(#3881),#3908,.T.);
#3881 = FACE_BOUND('',#3882,.T.);
#3882 = EDGE_LOOP('',(#3883,#3892,#3900,#3907));
#3883 = ORIENTED_EDGE('',*,*,#3884,.T.);
#3884 = EDGE_CURVE('',#2965,#3885,#3887,.T.);
#3885 = VERTEX_POINT('',#3886);
#3886 = CARTESIAN_POINT('',(67.55,35.45,26.));
#3887 = CIRCLE('',#3888,2.);
#3888 = AXIS2_PLACEMENT_3D('',#3889,#3890,#3891);
#3889 = CARTESIAN_POINT('',(67.55,35.45,24.));
#3890 = DIRECTION('',(6.E-17,-1.,0.));
#3891 = DIRECTION('',(1.,6.E-17,0.));
#3892 = ORIENTED_EDGE('',*,*,#3893,.T.);
#3893 = EDGE_CURVE('',#3885,#3894,#3896,.T.);
#3894 = VERTEX_POINT('',#3895);
#3895 = CARTESIAN_POINT('',(67.55,2.1,26.));
#3896 = LINE('',#3897,#3898);
#3897 = CARTESIAN_POINT('',(67.55,35.45,26.));
#3898 = VECTOR('',#3899,1.);
#3899 = DIRECTION('',(0.,-1.,0.));
#3900 = ORIENTED_EDGE('',*,*,#3901,.F.);
#3901 = EDGE_CURVE('',#2973,#3894,#3902,.T.);
#3902 = CIRCLE('',#3903,2.);
#3903 = AXIS2_PLACEMENT_3D('',#3904,#3905,#3906);
#3904 = CARTESIAN_POINT('',(67.55,2.1,24.));
#3905 = DIRECTION('',(0.,-1.,0.));
#3906 = DIRECTION('',(1.,0.,0.));
#3907 = ORIENTED_EDGE('',*,*,#2972,.F.);
#3908 = CYLINDRICAL_SURFACE('',#3909,2.);
#3909 = AXIS2_PLACEMENT_3D('',#3910,#3911,#3912);
#3910 = CARTESIAN_POINT('',(67.55,35.45,24.));
#3911 = DIRECTION('',(0.,-1.,0.));
#3912 = DIRECTION('',(1.,0.,0.));
#3913 = ADVANCED_FACE('',(#3914),#3934,.T.);
#3914 = FACE_BOUND('',#3915,.T.);
#3915 = EDGE_LOOP('',(#3916,#3925,#3932,#3933));
#3916 = ORIENTED_EDGE('',*,*,#3917,.T.);
#3917 = EDGE_CURVE('',#3894,#3918,#3920,.T.);
#3918 = VERTEX_POINT('',#3919);
#3919 = CARTESIAN_POINT('',(64.55,-0.9,26.));
#3920 = CIRCLE('',#3921,3.);
#3921 = AXIS2_PLACEMENT_3D('',#3922,#3923,#3924);
#3922 = CARTESIAN_POINT('',(64.55,2.1,26.));
#3923 = DIRECTION('',(0.,0.,-1.));
#3924 = DIRECTION('',(1.,0.,0.));
#3925 = ORIENTED_EDGE('',*,*,#3926,.F.);
#3926 = EDGE_CURVE('',#2995,#3918,#3927,.T.);
#3927 = CIRCLE('',#3928,2.);
#3928 = AXIS2_PLACEMENT_3D('',#3929,#3930,#3931);
#3929 = CARTESIAN_POINT('',(64.55,-0.9,24.));
#3930 = DIRECTION('',(-1.,-6.E-17,0.));
#3931 = DIRECTION('',(6.E-17,-1.,0.));
#3932 = ORIENTED_EDGE('',*,*,#3006,.F.);
#3933 = ORIENTED_EDGE('',*,*,#3901,.T.);
#3934 = TOROIDAL_SURFACE('',#3935,3.,2.);
#3935 = AXIS2_PLACEMENT_3D('',#3936,#3937,#3938);
#3936 = CARTESIAN_POINT('',(64.55,2.1,24.));
#3937 = DIRECTION('',(0.,0.,1.));
#3938 = DIRECTION('',(1.,0.,0.));
#3939 = ADVANCED_FACE('',(#3940),#3951,.T.);
#3940 = FACE_BOUND('',#3941,.T.);
#3941 = EDGE_LOOP('',(#3942,#3943,#3949,#3950));
#3942 = ORIENTED_EDGE('',*,*,#3926,.T.);
#3943 = ORIENTED_EDGE('',*,*,#3944,.T.);
#3944 = EDGE_CURVE('',#3918,#3805,#3945,.T.);
#3945 = LINE('',#3946,#3947);
#3946 = CARTESIAN_POINT('',(64.55,-0.9,26.));
#3947 = VECTOR('',#3948,1.);
#3948 = DIRECTION('',(-1.,0.,0.));
#3949 = ORIENTED_EDGE('',*,*,#3823,.F.);
#3950 = ORIENTED_EDGE('',*,*,#3023,.F.);
#3951 = CYLINDRICAL_SURFACE('',#3952,2.);
#3952 = AXIS2_PLACEMENT_3D('',#3953,#3954,#3955);
#3953 = CARTESIAN_POINT('',(64.55,-0.9,24.));
#3954 = DIRECTION('',(-1.,0.,0.));
#3955 = DIRECTION('',(0.,-1.,0.));
#3956 = ADVANCED_FACE('',(#3957),#3960,.F.);
#3957 = FACE_BOUND('',#3958,.F.);
#3958 = EDGE_LOOP('',(#3959));
#3959 = ORIENTED_EDGE('',*,*,#3047,.T.);
#3960 = PLANE('',#3961);
#3961 = AXIS2_PLACEMENT_3D('',#3962,#3963,#3964);
#3962 = CARTESIAN_POINT('',(65.75,36.65,23.5));
#3963 = DIRECTION('',(0.,0.,1.));
#3964 = DIRECTION('',(1.,0.,0.));
#3965 = ADVANCED_FACE('',(#3966),#3986,.T.);
#3966 = FACE_BOUND('',#3967,.T.);
#3967 = EDGE_LOOP('',(#3968,#3977,#3984,#3985));
#3968 = ORIENTED_EDGE('',*,*,#3969,.T.);
#3969 = EDGE_CURVE('',#3840,#3970,#3972,.T.);
#3970 = VERTEX_POINT('',#3971);
#3971 = CARTESIAN_POINT('',(2.1,38.45,26.));
#3972 = CIRCLE('',#3973,3.);
#3973 = AXIS2_PLACEMENT_3D('',#3974,#3975,#3976);
#3974 = CARTESIAN_POINT('',(2.1,35.45,26.));
#3975 = DIRECTION('',(0.,0.,-1.));
#3976 = DIRECTION('',(-1.,0.,0.));
#3977 = ORIENTED_EDGE('',*,*,#3978,.F.);
#3978 = EDGE_CURVE('',#3075,#3970,#3979,.T.);
#3979 = CIRCLE('',#3980,2.);
#3980 = AXIS2_PLACEMENT_3D('',#3981,#3982,#3983);
#3981 = CARTESIAN_POINT('',(2.1,38.45,24.));
#3982 = DIRECTION('',(1.,6.E-17,-0.));
#3983 = DIRECTION('',(-6.E-17,1.,0.));
#3984 = ORIENTED_EDGE('',*,*,#3089,.F.);
#3985 = ORIENTED_EDGE('',*,*,#3847,.T.);
#3986 = TOROIDAL_SURFACE('',#3987,3.,2.);
#3987 = AXIS2_PLACEMENT_3D('',#3988,#3989,#3990);
#3988 = CARTESIAN_POINT('',(2.1,35.45,24.));
#3989 = DIRECTION('',(0.,0.,1.));
#3990 = DIRECTION('',(-1.,0.,0.));
#3991 = ADVANCED_FACE('',(#3992),#4011,.T.);
#3992 = FACE_BOUND('',#3993,.T.);
#3993 = EDGE_LOOP('',(#3994,#3995,#4003,#4010));
#3994 = ORIENTED_EDGE('',*,*,#3978,.T.);
#3995 = ORIENTED_EDGE('',*,*,#3996,.T.);
#3996 = EDGE_CURVE('',#3970,#3997,#3999,.T.);
#3997 = VERTEX_POINT('',#3998);
#3998 = CARTESIAN_POINT('',(64.55,38.45,26.));
#3999 = LINE('',#4000,#4001);
#4000 = CARTESIAN_POINT('',(2.1,38.45,26.));
#4001 = VECTOR('',#4002,1.);
#4002 = DIRECTION('',(1.,0.,0.));
#4003 = ORIENTED_EDGE('',*,*,#4004,.F.);
#4004 = EDGE_CURVE('',#3107,#3997,#4005,.T.);
#4005 = CIRCLE('',#4006,2.);
#4006 = AXIS2_PLACEMENT_3D('',#4007,#4008,#4009);
#4007 = CARTESIAN_POINT('',(64.55,38.45,24.));
#4008 = DIRECTION('',(1.,0.,0.));
#4009 = DIRECTION('',(0.,1.,0.));
#4010 = ORIENTED_EDGE('',*,*,#3106,.F.);
#4011 = CYLINDRICAL_SURFACE('',#4012,2.);
#4012 = AXIS2_PLACEMENT_3D('',#4013,#4014,#4015);
#4013 = CARTESIAN_POINT('',(2.1,38.45,24.));
#4014 = DIRECTION('',(1.,0.,0.));
#4015 = DIRECTION('',(0.,1.,0.));
#4016 = ADVANCED_FACE('',(#4017),#4029,.T.);
#4017 = FACE_BOUND('',#4018,.T.);
#4018 = EDGE_LOOP('',(#4019,#4026,#4027,#4028));
#4019 = ORIENTED_EDGE('',*,*,#4020,.T.);
#4020 = EDGE_CURVE('',#3997,#3885,#4021,.T.);
#4021 = CIRCLE('',#4022,3.);
#4022 = AXIS2_PLACEMENT_3D('',#4023,#4024,#4025);
#4023 = CARTESIAN_POINT('',(64.55,35.45,26.));
#4024 = DIRECTION('',(0.,0.,-1.));
#4025 = DIRECTION('',(0.,1.,0.));
#4026 = ORIENTED_EDGE('',*,*,#3884,.F.);
#4027 = ORIENTED_EDGE('',*,*,#3129,.F.);
#4028 = ORIENTED_EDGE('',*,*,#4004,.T.);
#4029 = TOROIDAL_SURFACE('',#4030,3.,2.);
#4030 = AXIS2_PLACEMENT_3D('',#4031,#4032,#4033);
#4031 = CARTESIAN_POINT('',(64.55,35.45,24.));
#4032 = DIRECTION('',(0.,0.,1.));
#4033 = DIRECTION('',(0.,1.,0.));
#4034 = ADVANCED_FACE('',(#4035),#4047,.T.);
#4035 = FACE_BOUND('',#4036,.T.);
#4036 = EDGE_LOOP('',(#4037,#4044,#4045,#4046));
#4037 = ORIENTED_EDGE('',*,*,#4038,.F.);
#4038 = EDGE_CURVE('',#3382,#3493,#4039,.T.);
#4039 = CIRCLE('',#4040,2.5);
#4040 = AXIS2_PLACEMENT_3D('',#4041,#4042,#4043);
#4041 = CARTESIAN_POINT('',(17.27,34.97,6.2));
#4042 = DIRECTION('',(0.,0.,1.));
#4043 = DIRECTION('',(1.,0.,0.));
#4044 = ORIENTED_EDGE('',*,*,#3379,.F.);
#4045 = ORIENTED_EDGE('',*,*,#3423,.T.);
#4046 = ORIENTED_EDGE('',*,*,#3492,.T.);
#4047 = CYLINDRICAL_SURFACE('',#4048,2.5);
#4048 = AXIS2_PLACEMENT_3D('',#4049,#4050,#4051);
#4049 = CARTESIAN_POINT('',(17.27,34.97,5.6));
#4050 = DIRECTION('',(0.,0.,1.));
#4051 = DIRECTION('',(1.,0.,0.));
#4052 = ADVANCED_FACE('',(#4053),#4058,.F.);
#4053 = FACE_BOUND('',#4054,.F.);
#4054 = EDGE_LOOP('',(#4055,#4056,#4057));
#4055 = ORIENTED_EDGE('',*,*,#3405,.F.);
#4056 = ORIENTED_EDGE('',*,*,#3500,.F.);
#4057 = ORIENTED_EDGE('',*,*,#4038,.F.);
#4058 = PLANE('',#4059);
#4059 = AXIS2_PLACEMENT_3D('',#4060,#4061,#4062);
#4060 = CARTESIAN_POINT('',(17.27,34.97,6.2));
#4061 = DIRECTION('',(0.,0.,1.));
#4062 = DIRECTION('',(1.,0.,0.));
#4063 = ADVANCED_FACE('',(#4064),#4083,.F.);
#4064 = FACE_BOUND('',#4065,.F.);
#4065 = EDGE_LOOP('',(#4066,#4075,#4081,#4082));
#4066 = ORIENTED_EDGE('',*,*,#4067,.F.);
#4067 = EDGE_CURVE('',#4068,#4068,#4070,.T.);
#4068 = VERTEX_POINT('',#4069);
#4069 = CARTESIAN_POINT('',(18.87,34.97,10.2));
#4070 = CIRCLE('',#4071,1.6);
#4071 = AXIS2_PLACEMENT_3D('',#4072,#4073,#4074);
#4072 = CARTESIAN_POINT('',(17.27,34.97,10.2));
#4073 = DIRECTION('',(0.,0.,1.));
#4074 = DIRECTION('',(1.,0.,0.));
#4075 = ORIENTED_EDGE('',*,*,#4076,.F.);
#4076 = EDGE_CURVE('',#3458,#4068,#4077,.T.);
#4077 = LINE('',#4078,#4079);
#4078 = CARTESIAN_POINT('',(18.87,34.97,5.6));
#4079 = VECTOR('',#4080,1.);
#4080 = DIRECTION('',(0.,0.,1.));
#4081 = ORIENTED_EDGE('',*,*,#3457,.T.);
#4082 = ORIENTED_EDGE('',*,*,#4076,.T.);
#4083 = CYLINDRICAL_SURFACE('',#4084,1.6);
#4084 = AXIS2_PLACEMENT_3D('',#4085,#4086,#4087);
#4085 = CARTESIAN_POINT('',(17.27,34.97,5.6));
#4086 = DIRECTION('',(0.,0.,1.));
#4087 = DIRECTION('',(1.,0.,0.));
#4088 = ADVANCED_FACE('',(#4089,#4092),#4103,.F.);
#4089 = FACE_BOUND('',#4090,.F.);
#4090 = EDGE_LOOP('',(#4091));
#4091 = ORIENTED_EDGE('',*,*,#3594,.T.);
#4092 = FACE_BOUND('',#4093,.F.);
#4093 = EDGE_LOOP('',(#4094));
#4094 = ORIENTED_EDGE('',*,*,#4095,.F.);
#4095 = EDGE_CURVE('',#4096,#4096,#4098,.T.);
#4096 = VERTEX_POINT('',#4097);
#4097 = CARTESIAN_POINT('',(65.54,34.86,5.6));
#4098 = CIRCLE('',#4099,1.6);
#4099 = AXIS2_PLACEMENT_3D('',#4100,#4101,#4102);
#4100 = CARTESIAN_POINT('',(63.94,34.86,5.6));
#4101 = DIRECTION('',(0.,0.,1.));
#4102 = DIRECTION('',(1.,0.,0.));
#4103 = PLANE('',#4104);
#4104 = AXIS2_PLACEMENT_3D('',#4105,#4106,#4107);
#4105 = CARTESIAN_POINT('',(63.94,34.86,5.6));
#4106 = DIRECTION('',(0.,0.,1.));
#4107 = DIRECTION('',(1.,0.,0.));
#4108 = ADVANCED_FACE('',(#4109),#4128,.F.);
#4109 = FACE_BOUND('',#4110,.F.);
#4110 = EDGE_LOOP('',(#4111,#4120,#4126,#4127));
#4111 = ORIENTED_EDGE('',*,*,#4112,.F.);
#4112 = EDGE_CURVE('',#4113,#4113,#4115,.T.);
#4113 = VERTEX_POINT('',#4114);
#4114 = CARTESIAN_POINT('',(65.59,2.7,10.2));
#4115 = CIRCLE('',#4116,1.6);
#4116 = AXIS2_PLACEMENT_3D('',#4117,#4118,#4119);
#4117 = CARTESIAN_POINT('',(63.99,2.7,10.2));
#4118 = DIRECTION('',(0.,0.,1.));
#4119 = DIRECTION('',(1.,0.,0.));
#4120 = ORIENTED_EDGE('',*,*,#4121,.F.);
#4121 = EDGE_CURVE('',#3674,#4113,#4122,.T.);
#4122 = LINE('',#4123,#4124);
#4123 = CARTESIAN_POINT('',(65.59,2.7,5.6));
#4124 = VECTOR('',#4125,1.);
#4125 = DIRECTION('',(0.,0.,1.));
#4126 = ORIENTED_EDGE('',*,*,#3673,.T.);
#4127 = ORIENTED_EDGE('',*,*,#4121,.T.);
#4128 = CYLINDRICAL_SURFACE('',#4129,1.6);
#4129 = AXIS2_PLACEMENT_3D('',#4130,#4131,#4132);
#4130 = CARTESIAN_POINT('',(63.99,2.7,5.6));
#4131 = DIRECTION('',(0.,0.,1.));
#4132 = DIRECTION('',(1.,0.,0.));
#4133 = ADVANCED_FACE('',(#4134,#4144,#4370,#4639,#5102,#5365,#5668,
    #5893,#5975),#6189,.T.);
#4134 = FACE_BOUND('',#4135,.T.);
#4135 = EDGE_LOOP('',(#4136,#4137,#4138,#4139,#4140,#4141,#4142,#4143));
#4136 = ORIENTED_EDGE('',*,*,#3839,.F.);
#4137 = ORIENTED_EDGE('',*,*,#3804,.F.);
#4138 = ORIENTED_EDGE('',*,*,#3944,.F.);
#4139 = ORIENTED_EDGE('',*,*,#3917,.F.);
#4140 = ORIENTED_EDGE('',*,*,#3893,.F.);
#4141 = ORIENTED_EDGE('',*,*,#4020,.F.);
#4142 = ORIENTED_EDGE('',*,*,#3996,.F.);
#4143 = ORIENTED_EDGE('',*,*,#3969,.F.);
#4144 = FACE_BOUND('',#4145,.T.);
#4145 = EDGE_LOOP('',(#4146,#4204,#4260,#4316));
#4146 = ORIENTED_EDGE('',*,*,#4147,.T.);
#4147 = EDGE_CURVE('',#4148,#4150,#4152,.T.);
#4148 = VERTEX_POINT('',#4149);
#4149 = CARTESIAN_POINT('',(15.484338184338,14.520027720028,26.));
#4150 = VERTEX_POINT('',#4151);
#4151 = CARTESIAN_POINT('',(12.784407484407,18.700207900208,26.));
#4152 = B_SPLINE_CURVE_WITH_KNOTS('',8,(#4153,#4154,#4155,#4156,#4157,
    #4158,#4159,#4160,#4161,#4162,#4163,#4164,#4165,#4166,#4167,#4168,
    #4169,#4170,#4171,#4172,#4173,#4174,#4175,#4176,#4177,#4178,#4179,
    #4180,#4181,#4182,#4183,#4184,#4185,#4186,#4187,#4188,#4189,#4190,
    #4191,#4192,#4193,#4194,#4195,#4196,#4197,#4198,#4199,#4200,#4201,
    #4202,#4203),.UNSPECIFIED.,.F.,.F.,(9,7,7,7,7,7,7,9),(0.,
    8.10561305669E-02,0.126519288041,0.221916163214,0.335507392011,
    0.393349517393,0.50691677711,1.),.UNSPECIFIED.);
#4153 = CARTESIAN_POINT('',(15.484338184338,14.520027720028,26.));
#4154 = CARTESIAN_POINT('',(15.42765626113,14.520027720028,26.));
#4155 = CARTESIAN_POINT('',(15.370996692041,14.521227924657,26.));
#4156 = CARTESIAN_POINT('',(15.31438903902,14.523670113078,26.));
#4157 = CARTESIAN_POINT('',(15.257866915871,14.527396210339,26.));
#4158 = CARTESIAN_POINT('',(15.201467887145,14.532447343236,26.));
#4159 = CARTESIAN_POINT('',(15.145233367038,14.538862896158,26.));
#4160 = CARTESIAN_POINT('',(15.089208518288,14.546679566943,26.));
#4161 = CARTESIAN_POINT('',(15.002163639299,14.561119087801,26.));
#4162 = CARTESIAN_POINT('',(14.970966470711,14.566758846776,26.));
#4163 = CARTESIAN_POINT('',(14.939859392066,14.572855628302,26.));
#4164 = CARTESIAN_POINT('',(14.908851434555,14.579414842814,26.));
#4165 = CARTESIAN_POINT('',(14.877951913808,14.586441382536,26.));
#4166 = CARTESIAN_POINT('',(14.847170429892,14.593939621478,26.));
#4167 = CARTESIAN_POINT('',(14.81651686731,14.60191341544,26.));
#4168 = CARTESIAN_POINT('',(14.721969751273,14.628102659045,26.));
#4169 = CARTESIAN_POINT('',(14.658541690891,14.64794869058,26.));
#4170 = CARTESIAN_POINT('',(14.595816177743,14.66993271763,26.));
#4171 = CARTESIAN_POINT('',(14.533891355215,14.694071021881,26.));
#4172 = CARTESIAN_POINT('',(14.472863814836,14.720365931804,26.));
#4173 = CARTESIAN_POINT('',(14.412827864931,14.748804108772,26.));
#4174 = CARTESIAN_POINT('',(14.353874799262,14.779354833169,26.));
#4175 = CARTESIAN_POINT('',(14.227289069766,14.850801875857,26.));
#4176 = CARTESIAN_POINT('',(14.160134070523,14.892566519474,26.));
#4177 = CARTESIAN_POINT('',(14.094778559388,14.937178016296,26.));
#4178 = CARTESIAN_POINT('',(14.031343060346,14.9845263348,26.));
#4179 = CARTESIAN_POINT('',(13.969920229333,15.034479606615,26.));
#4180 = CARTESIAN_POINT('',(13.910577853662,15.086888116142,26.));
#4181 = CARTESIAN_POINT('',(13.853361851436,15.141588290162,26.));
#4182 = CARTESIAN_POINT('',(13.7702606916,15.227339351494,26.));
#4183 = CARTESIAN_POINT('',(13.742778632295,15.256823163076,26.));
#4184 = CARTESIAN_POINT('',(13.715855647453,15.286836457094,26.));
#4185 = CARTESIAN_POINT('',(13.689492636235,15.317357548372,26.));
#4186 = CARTESIAN_POINT('',(13.663689010862,15.348364880277,26.));
#4187 = CARTESIAN_POINT('',(13.638442864921,15.379837173329,26.));
#4188 = CARTESIAN_POINT('',(13.613751141669,15.411753573806,26.));
#4189 = CARTESIAN_POINT('',(13.542210683854,15.507590624279,26.));
#4190 = CARTESIAN_POINT('',(13.496935036167,15.572719219068,26.));
#4191 = CARTESIAN_POINT('',(13.453748964073,15.639328637345,26.));
#4192 = CARTESIAN_POINT('',(13.41260643075,15.707275885714,26.));
#4193 = CARTESIAN_POINT('',(13.373451958102,15.776427659433,26.));
#4194 = CARTESIAN_POINT('',(13.336223327101,15.84666207508,26.));
#4195 = CARTESIAN_POINT('',(13.300854278138,15.917870403228,26.));
#4196 = CARTESIAN_POINT('',(13.121493220973,16.302950235867,26.));
#4197 = CARTESIAN_POINT('',(13.010065256113,16.631283660525,26.));
#4198 = CARTESIAN_POINT('',(12.925998853212,16.969100265939,26.));
#4199 = CARTESIAN_POINT('',(12.864831476066,17.312291893183,26.));
#4200 = CARTESIAN_POINT('',(12.822674353172,17.657958220217,26.));
#4201 = CARTESIAN_POINT('',(12.79663686563,18.004540739218,26.));
#4202 = CARTESIAN_POINT('',(12.784407484407,18.351666363389,26.));
#4203 = CARTESIAN_POINT('',(12.784407484407,18.700207900208,26.));
#4204 = ORIENTED_EDGE('',*,*,#4205,.T.);
#4205 = EDGE_CURVE('',#4150,#4206,#4208,.T.);
#4206 = VERTEX_POINT('',#4207);
#4207 = CARTESIAN_POINT('',(15.484338184338,22.880388080388,26.));
#4208 = B_SPLINE_CURVE_WITH_KNOTS('',8,(#4209,#4210,#4211,#4212,#4213,
    #4214,#4215,#4216,#4217,#4218,#4219,#4220,#4221,#4222,#4223,#4224,
    #4225,#4226,#4227,#4228,#4229,#4230,#4231,#4232,#4233,#4234,#4235,
    #4236,#4237,#4238,#4239,#4240,#4241,#4242,#4243,#4244,#4245,#4246,
    #4247,#4248,#4249,#4250,#4251,#4252,#4253,#4254,#4255,#4256,#4257,
    #4258,#4259),.UNSPECIFIED.,.F.,.F.,(9,7,7,7,7,7,7,9),(0.,
    0.487218789011,0.60398688397,0.662781839593,0.7780739159,
    0.873475055843,0.918940245773,1.),.UNSPECIFIED.);
#4209 = CARTESIAN_POINT('',(12.784407484407,18.700207900208,26.));
#4210 = CARTESIAN_POINT('',(12.784407484407,19.044582758493,26.));
#4211 = CARTESIAN_POINT('',(12.796346129871,19.387633423063,26.));
#4212 = CARTESIAN_POINT('',(12.821753792882,19.7301489927,26.));
#4213 = CARTESIAN_POINT('',(12.862849352498,20.071755691335,26.));
#4214 = CARTESIAN_POINT('',(12.922404321103,20.410969511092,26.));
#4215 = CARTESIAN_POINT('',(13.004129897819,20.745055296561,26.));
#4216 = CARTESIAN_POINT('',(13.112303029303,21.070142762972,26.));
#4217 = CARTESIAN_POINT('',(13.287455792962,21.455167198445,26.));
#4218 = CARTESIAN_POINT('',(13.323190151834,21.528704165486,26.));
#4219 = CARTESIAN_POINT('',(13.360870564973,21.601243145943,26.));
#4220 = CARTESIAN_POINT('',(13.400569775587,21.672668955389,26.));
#4221 = CARTESIAN_POINT('',(13.442356527045,21.742851718668,26.));
#4222 = CARTESIAN_POINT('',(13.486292599127,21.811648744651,26.));
#4223 = CARTESIAN_POINT('',(13.532429844274,21.878906400998,26.));
#4224 = CARTESIAN_POINT('',(13.605166154124,21.977470473666,26.));
#4225 = CARTESIAN_POINT('',(13.630092503276,22.010046809487,26.));
#4226 = CARTESIAN_POINT('',(13.655590755901,22.04216984788,26.));
#4227 = CARTESIAN_POINT('',(13.681664376333,22.073817799832,26.));
#4228 = CARTESIAN_POINT('',(13.708315627125,22.104968394645,26.));
#4229 = CARTESIAN_POINT('',(13.735545387532,22.135599038771,26.));
#4230 = CARTESIAN_POINT('',(13.763352971996,22.165686974641,26.));
#4231 = CARTESIAN_POINT('',(13.847392633376,22.253100566986,26.));
#4232 = CARTESIAN_POINT('',(13.905269448039,22.308825196831,26.));
#4233 = CARTESIAN_POINT('',(13.96533983592,22.362201633179,26.));
#4234 = CARTESIAN_POINT('',(14.027557370097,22.413058232393,26.));
#4235 = CARTESIAN_POINT('',(14.091852489005,22.461237729785,26.));
#4236 = CARTESIAN_POINT('',(14.158129231998,22.506601566359,26.));
#4237 = CARTESIAN_POINT('',(14.226261974921,22.549034215539,26.));
#4238 = CARTESIAN_POINT('',(14.353874799262,22.621060967247,26.));
#4239 = CARTESIAN_POINT('',(14.412827864931,22.651611691644,26.));
#4240 = CARTESIAN_POINT('',(14.472863814836,22.680049868612,26.));
#4241 = CARTESIAN_POINT('',(14.533891355215,22.706344778535,26.));
#4242 = CARTESIAN_POINT('',(14.595816177743,22.730483082785,26.));
#4243 = CARTESIAN_POINT('',(14.658541690891,22.752467109835,26.));
#4244 = CARTESIAN_POINT('',(14.721969751273,22.772313141371,26.));
#4245 = CARTESIAN_POINT('',(14.81651686731,22.798502384975,26.));
#4246 = CARTESIAN_POINT('',(14.847170429892,22.806476178938,26.));
#4247 = CARTESIAN_POINT('',(14.877951913808,22.81397441788,26.));
#4248 = CARTESIAN_POINT('',(14.908851434555,22.821000957602,26.));
#4249 = CARTESIAN_POINT('',(14.939859392066,22.827560172114,26.));
#4250 = CARTESIAN_POINT('',(14.970966470711,22.83365695364,26.));
#4251 = CARTESIAN_POINT('',(15.002163639299,22.839296712614,26.));
#4252 = CARTESIAN_POINT('',(15.089208518288,22.853736233473,26.));
#4253 = CARTESIAN_POINT('',(15.145233367038,22.861552904258,26.));
#4254 = CARTESIAN_POINT('',(15.201467887145,22.86796845718,26.));
#4255 = CARTESIAN_POINT('',(15.257866915871,22.873019590077,26.));
#4256 = CARTESIAN_POINT('',(15.31438903902,22.876745687338,26.));
#4257 = CARTESIAN_POINT('',(15.370996692041,22.879187875758,26.));
#4258 = CARTESIAN_POINT('',(15.42765626113,22.880388080388,26.));
#4259 = CARTESIAN_POINT('',(15.484338184338,22.880388080388,26.));
#4260 = ORIENTED_EDGE('',*,*,#4261,.T.);
#4261 = EDGE_CURVE('',#4206,#4262,#4264,.T.);
#4262 = VERTEX_POINT('',#4263);
#4263 = CARTESIAN_POINT('',(18.184268884269,18.700207900208,26.));
#4264 = B_SPLINE_CURVE_WITH_KNOTS('',8,(#4265,#4266,#4267,#4268,#4269,
    #4270,#4271,#4272,#4273,#4274,#4275,#4276,#4277,#4278,#4279,#4280,
    #4281,#4282,#4283,#4284,#4285,#4286,#4287,#4288,#4289,#4290,#4291,
    #4292,#4293,#4294,#4295,#4296,#4297,#4298,#4299,#4300,#4301,#4302,
    #4303,#4304,#4305,#4306,#4307,#4308,#4309,#4310,#4311,#4312,#4313,
    #4314,#4315),.UNSPECIFIED.,.F.,.F.,(9,7,7,7,7,7,7,9),(0.,
    7.999472972801E-02,0.125409971211,0.220757857907,0.334344504528,
    0.392188180627,0.505743143172,1.),.UNSPECIFIED.);
#4265 = CARTESIAN_POINT('',(15.484338184338,22.880388080388,26.));
#4266 = CARTESIAN_POINT('',(15.540256865465,22.880388080388,26.));
#4267 = CARTESIAN_POINT('',(15.596153845314,22.879212507004,26.));
#4268 = CARTESIAN_POINT('',(15.652000367155,22.876821345791,26.));
#4269 = CARTESIAN_POINT('',(15.707763851886,22.873174521428,26.));
#4270 = CARTESIAN_POINT('',(15.763407991933,22.868232784004,26.));
#4271 = CARTESIAN_POINT('',(15.818892845147,22.861958595303,26.));
#4272 = CARTESIAN_POINT('',(15.874174928707,22.854317015088,26.));
#4273 = CARTESIAN_POINT('',(15.960450734065,22.840144084177,26.));
#4274 = CARTESIAN_POINT('',(15.991613655924,22.834560796837,26.));
#4275 = CARTESIAN_POINT('',(16.022687362841,22.828520874855,26.));
#4276 = CARTESIAN_POINT('',(16.053662859507,22.822018984687,26.));
#4277 = CARTESIAN_POINT('',(16.084530871053,22.815050309753,26.));
#4278 = CARTESIAN_POINT('',(16.115281843054,22.807610550442,26.));
#4279 = CARTESIAN_POINT('',(16.145905941523,22.799695924108,26.));
#4280 = CARTESIAN_POINT('',(16.240399794882,22.773682828563,26.));
#4281 = CARTESIAN_POINT('',(16.303807119006,22.753954098091,26.));
#4282 = CARTESIAN_POINT('',(16.366516465844,22.732089029209,26.));
#4283 = CARTESIAN_POINT('',(16.428430153333,22.708071877084,26.));
#4284 = CARTESIAN_POINT('',(16.48945208577,22.68190076426,26.));
#4285 = CARTESIAN_POINT('',(16.549488462789,22.653589348404,26.));
#4286 = CARTESIAN_POINT('',(16.608448488341,22.623168490069,26.));
#4287 = CARTESIAN_POINT('',(16.735097376476,22.551994257564,26.));
#4288 = CARTESIAN_POINT('',(16.802309821547,22.510371143454,26.));
#4289 = CARTESIAN_POINT('',(16.867731714336,22.465902729982,26.));
#4290 = CARTESIAN_POINT('',(16.931242908393,22.418698768404,26.));
#4291 = CARTESIAN_POINT('',(16.992750848962,22.368890647209,26.));
#4292 = CARTESIAN_POINT('',(17.052187610578,22.31662742995,26.));
#4293 = CARTESIAN_POINT('',(17.109506934666,22.262071893088,26.));
#4294 = CARTESIAN_POINT('',(17.192778638717,22.176534813908,26.));
#4295 = CARTESIAN_POINT('',(17.220321581937,22.14712146543,26.));
#4296 = CARTESIAN_POINT('',(17.247307464562,22.117178087831,26.));
#4297 = CARTESIAN_POINT('',(17.273735296172,22.086726273289,26.));
#4298 = CARTESIAN_POINT('',(17.299605562297,22.055787489556,26.));
#4299 = CARTESIAN_POINT('',(17.324920058549,22.024382932798,26.));
#4300 = CARTESIAN_POINT('',(17.349681724754,21.992533380426,26.));
#4301 = CARTESIAN_POINT('',(17.421427391871,21.896900154626,26.));
#4302 = CARTESIAN_POINT('',(17.466843102511,21.831906213667,26.));
#4303 = CARTESIAN_POINT('',(17.510174537075,21.765427639923,26.));
#4304 = CARTESIAN_POINT('',(17.551466747904,21.697606997825,26.));
#4305 = CARTESIAN_POINT('',(17.590774239365,21.628577273072,26.));
#4306 = CARTESIAN_POINT('',(17.628158293596,21.558460148334,26.));
#4307 = CARTESIAN_POINT('',(17.663684296258,21.487364278959,26.));
#4308 = CARTESIAN_POINT('',(17.844252270184,21.102081896789,26.));
#4309 = CARTESIAN_POINT('',(17.956568314666,20.77327218012,26.));
#4310 = CARTESIAN_POINT('',(18.041354111043,20.434866297393,26.));
#4311 = CARTESIAN_POINT('',(18.103073307722,20.0910126029,26.));
#4312 = CARTESIAN_POINT('',(18.145626379095,19.744643759679,26.));
#4313 = CARTESIAN_POINT('',(18.171916838309,19.397339647853,26.));
#4314 = CARTESIAN_POINT('',(18.184268884269,19.049485098058,26.));
#4315 = CARTESIAN_POINT('',(18.184268884269,18.700207900208,26.));
#4316 = ORIENTED_EDGE('',*,*,#4317,.T.);
#4317 = EDGE_CURVE('',#4262,#4148,#4318,.T.);
#4318 = B_SPLINE_CURVE_WITH_KNOTS('',8,(#4319,#4320,#4321,#4322,#4323,
    #4324,#4325,#4326,#4327,#4328,#4329,#4330,#4331,#4332,#4333,#4334,
    #4335,#4336,#4337,#4338,#4339,#4340,#4341,#4342,#4343,#4344,#4345,
    #4346,#4347,#4348,#4349,#4350,#4351,#4352,#4353,#4354,#4355,#4356,
    #4357,#4358,#4359,#4360,#4361,#4362,#4363,#4364,#4365,#4366,#4367,
    #4368,#4369),.UNSPECIFIED.,.F.,.F.,(9,7,7,7,7,7,7,9),(0.,
    0.489372817071,0.606033502252,0.664795077906,0.779233753178,
    0.874585263143,0.92000223043,1.),.UNSPECIFIED.);
#4319 = CARTESIAN_POINT('',(18.184268884269,18.700207900208,26.));
#4320 = CARTESIAN_POINT('',(18.184268884269,18.354399849118,26.));
#4321 = CARTESIAN_POINT('',(18.172161064297,18.009937603691,26.));
#4322 = CARTESIAN_POINT('',(18.146399426914,17.666019075689,26.));
#4323 = CARTESIAN_POINT('',(18.104737411907,17.323029338472,26.));
#4324 = CARTESIAN_POINT('',(18.044371166937,16.98248533579,26.));
#4325 = CARTESIAN_POINT('',(17.961548558815,16.647180543357,26.));
#4326 = CARTESIAN_POINT('',(17.851960095835,16.321063224447,26.));
#4327 = CARTESIAN_POINT('',(17.674781262352,15.935529777281,26.));
#4328 = CARTESIAN_POINT('',(17.638802203399,15.862223131652,26.));
#4329 = CARTESIAN_POINT('',(17.600878061929,15.789923547068,26.));
#4330 = CARTESIAN_POINT('',(17.560937315599,15.718746424922,26.));
#4331 = CARTESIAN_POINT('',(17.518912598421,15.648821679982,26.));
#4332 = CARTESIAN_POINT('',(17.47474365382,15.580291856479,26.));
#4333 = CARTESIAN_POINT('',(17.428380287688,15.513310244203,26.));
#4334 = CARTESIAN_POINT('',(17.355308208341,15.415162096384,26.));
#4335 = CARTESIAN_POINT('',(17.330265432051,15.382719738447,26.));
#4336 = CARTESIAN_POINT('',(17.304652724077,15.350733012557,26.));
#4337 = CARTESIAN_POINT('',(17.278466839075,15.319223631154,26.));
#4338 = CARTESIAN_POINT('',(17.251705733612,15.288213769573,26.));
#4339 = CARTESIAN_POINT('',(17.224368744931,15.257725908278,26.));
#4340 = CARTESIAN_POINT('',(17.19645676971,15.227782675099,26.));
#4341 = CARTESIAN_POINT('',(17.112498970611,15.141196698223,26.));
#4342 = CARTESIAN_POINT('',(17.054847373201,15.086130692584,26.));
#4343 = CARTESIAN_POINT('',(16.995044990388,15.033385273456,26.));
#4344 = CARTESIAN_POINT('',(16.933138359164,14.983127199362,26.));
#4345 = CARTESIAN_POINT('',(16.869196304573,14.935509257823,26.));
#4346 = CARTESIAN_POINT('',(16.803313030562,14.890666138753,26.));
#4347 = CARTESIAN_POINT('',(16.735611210827,14.848710307847,26.));
#4348 = CARTESIAN_POINT('',(16.608448488341,14.777247310347,26.));
#4349 = CARTESIAN_POINT('',(16.549488462789,14.746826452012,26.));
#4350 = CARTESIAN_POINT('',(16.48945208577,14.718515036156,26.));
#4351 = CARTESIAN_POINT('',(16.428430153333,14.692343923332,26.));
#4352 = CARTESIAN_POINT('',(16.366516465844,14.668326771207,26.));
#4353 = CARTESIAN_POINT('',(16.303807119006,14.646461702324,26.));
#4354 = CARTESIAN_POINT('',(16.240399794882,14.626732971852,26.));
#4355 = CARTESIAN_POINT('',(16.145905941523,14.600719876307,26.));
#4356 = CARTESIAN_POINT('',(16.115281843054,14.592805249973,26.));
#4357 = CARTESIAN_POINT('',(16.084530871053,14.585365490663,26.));
#4358 = CARTESIAN_POINT('',(16.053662859507,14.578396815729,26.));
#4359 = CARTESIAN_POINT('',(16.022687362841,14.571894925561,26.));
#4360 = CARTESIAN_POINT('',(15.991613655924,14.565855003579,26.));
#4361 = CARTESIAN_POINT('',(15.960450734065,14.560271716239,26.));
#4362 = CARTESIAN_POINT('',(15.874174928707,14.546098785328,26.));
#4363 = CARTESIAN_POINT('',(15.818892845147,14.538457205113,26.));
#4364 = CARTESIAN_POINT('',(15.763407991933,14.532183016412,26.));
#4365 = CARTESIAN_POINT('',(15.707763851886,14.527241278988,26.));
#4366 = CARTESIAN_POINT('',(15.652000367155,14.523594454625,26.));
#4367 = CARTESIAN_POINT('',(15.596153845314,14.521203293412,26.));
#4368 = CARTESIAN_POINT('',(15.540256865465,14.520027720028,26.));
#4369 = CARTESIAN_POINT('',(15.484338184338,14.520027720028,26.));
#4370 = FACE_BOUND('',#4371,.T.);
#4371 = EDGE_LOOP('',(#4372,#4416,#4443,#4451,#4483,#4525,#4533,#4575,
    #4617,#4625,#4633));
#4372 = ORIENTED_EDGE('',*,*,#4373,.T.);
#4373 = EDGE_CURVE('',#4374,#4376,#4378,.T.);
#4374 = VERTEX_POINT('',#4375);
#4375 = CARTESIAN_POINT('',(27.988288288288,17.219958419958,26.));
#4376 = VERTEX_POINT('',#4377);
#4377 = CARTESIAN_POINT('',(29.668121968122,15.407068607069,26.));
#4378 = B_SPLINE_CURVE_WITH_KNOTS('',6,(#4379,#4380,#4381,#4382,#4383,
    #4384,#4385,#4386,#4387,#4388,#4389,#4390,#4391,#4392,#4393,#4394,
    #4395,#4396,#4397,#4398,#4399,#4400,#4401,#4402,#4403,#4404,#4405,
    #4406,#4407,#4408,#4409,#4410,#4411,#4412,#4413,#4414,#4415),
  .UNSPECIFIED.,.F.,.F.,(7,5,5,5,5,5,5,7),(0.,0.25022088207,
    0.36626993329,0.435166401847,0.58379479453,0.75904135022,
    0.844478185312,1.),.UNSPECIFIED.);
#4379 = CARTESIAN_POINT('',(27.988288288288,17.219958419958,26.));
#4380 = CARTESIAN_POINT('',(27.988288288288,17.101651524297,26.));
#4381 = CARTESIAN_POINT('',(27.994306345999,16.983657955279,26.));
#4382 = CARTESIAN_POINT('',(28.006834526548,16.866354721058,26.));
#4383 = CARTESIAN_POINT('',(28.026406776838,16.750300148967,26.));
#4384 = CARTESIAN_POINT('',(28.053547575194,16.636227710029,26.));
#4385 = CARTESIAN_POINT('',(28.104957127327,16.473449349334,26.));
#4386 = CARTESIAN_POINT('',(28.122960945645,16.422495848417,26.));
#4387 = CARTESIAN_POINT('',(28.142719072972,16.372255721859,26.));
#4388 = CARTESIAN_POINT('',(28.164263997348,16.322830029463,26.));
#4389 = CARTESIAN_POINT('',(28.187617528774,16.274326781267,26.));
#4390 = CARTESIAN_POINT('',(28.22772929613,16.198678087543,26.));
#4391 = CARTESIAN_POINT('',(28.243311767673,16.17086204979,26.));
#4392 = CARTESIAN_POINT('',(28.259535749739,16.14343470071,26.));
#4393 = CARTESIAN_POINT('',(28.276400774105,16.116420009982,26.));
#4394 = CARTESIAN_POINT('',(28.293904307551,16.089842072436,26.));
#4395 = CARTESIAN_POINT('',(28.351169144753,16.007383723338,26.));
#4396 = CARTESIAN_POINT('',(28.393249947241,15.953182409527,26.));
#4397 = CARTESIAN_POINT('',(28.438230450211,15.901372261241,26.));
#4398 = CARTESIAN_POINT('',(28.486014678331,15.852183846295,26.));
#4399 = CARTESIAN_POINT('',(28.536457228326,15.805819033243,26.));
#4400 = CARTESIAN_POINT('',(28.65172875469,15.711298269622,26.));
#4401 = CARTESIAN_POINT('',(28.717530185215,15.664297459171,26.));
#4402 = CARTESIAN_POINT('',(28.786425437618,15.621716736485,26.));
#4403 = CARTESIAN_POINT('',(28.858034953738,15.583705715125,26.));
#4404 = CARTESIAN_POINT('',(28.931950176959,15.550308684831,26.));
#4405 = CARTESIAN_POINT('',(29.044702940701,15.507434294665,26.));
#4406 = CARTESIAN_POINT('',(29.082107543984,15.494468810125,26.));
#4407 = CARTESIAN_POINT('',(29.119916551219,15.482583514962,26.));
#4408 = CARTESIAN_POINT('',(29.158085513471,15.471768268971,26.));
#4409 = CARTESIAN_POINT('',(29.196571942189,15.462008846219,26.));
#4410 = CARTESIAN_POINT('',(29.305896785139,15.437410323346,26.));
#4411 = CARTESIAN_POINT('',(29.377375410429,15.42497255304,26.));
#4412 = CARTESIAN_POINT('',(29.449531519112,15.415865299797,26.));
#4413 = CARTESIAN_POINT('',(29.52215467647,15.409949049382,26.));
#4414 = CARTESIAN_POINT('',(29.595066247954,15.407068607069,26.));
#4415 = CARTESIAN_POINT('',(29.668121968122,15.407068607069,26.));
#4416 = ORIENTED_EDGE('',*,*,#4417,.T.);
#4417 = EDGE_CURVE('',#4376,#4418,#4420,.T.);
#4418 = VERTEX_POINT('',#4419);
#4419 = CARTESIAN_POINT('',(31.153915453915,16.255301455301,26.));
#4420 = B_SPLINE_CURVE_WITH_KNOTS('',6,(#4421,#4422,#4423,#4424,#4425,
    #4426,#4427,#4428,#4429,#4430,#4431,#4432,#4433,#4434,#4435,#4436,
    #4437,#4438,#4439,#4440,#4441,#4442),.UNSPECIFIED.,.F.,.F.,(7,5,5,5,
    7),(0.,0.469524653515,0.639568026502,0.925525836404,1.),
  .UNSPECIFIED.);
#4421 = CARTESIAN_POINT('',(29.668121968122,15.407068607069,26.));
#4422 = CARTESIAN_POINT('',(29.81789162341,15.407068607069,26.));
#4423 = CARTESIAN_POINT('',(29.966574142405,15.417070761019,26.));
#4424 = CARTESIAN_POINT('',(30.113395306885,15.438001670419,26.));
#4425 = CARTESIAN_POINT('',(30.256914229451,15.471009116396,26.));
#4426 = CARTESIAN_POINT('',(30.395041262082,15.517254708678,26.));
#4427 = CARTESIAN_POINT('',(30.572182834409,15.599605147989,26.));
#4428 = CARTESIAN_POINT('',(30.618203949676,15.623356344162,26.));
#4429 = CARTESIAN_POINT('',(30.663011465481,15.649002215352,26.));
#4430 = CARTESIAN_POINT('',(30.706450660976,15.676571204124,26.));
#4431 = CARTESIAN_POINT('',(30.74835535956,15.706074842834,26.));
#4432 = CARTESIAN_POINT('',(30.856153744037,15.790348462943,26.));
#4433 = CARTESIAN_POINT('',(30.918963454774,15.848659554585,26.));
#4434 = CARTESIAN_POINT('',(30.976089410257,15.912332041248,26.));
#4435 = CARTESIAN_POINT('',(31.026697690071,15.981080790951,26.));
#4436 = CARTESIAN_POINT('',(31.070082977358,16.054392550501,26.));
#4437 = CARTESIAN_POINT('',(31.115171461986,16.151477690311,26.));
#4438 = CARTESIAN_POINT('',(31.123972313961,16.17179155814,26.));
#4439 = CARTESIAN_POINT('',(31.132251148742,16.192345357406,26.));
#4440 = CARTESIAN_POINT('',(31.140003135711,16.213124847404,26.));
#4441 = CARTESIAN_POINT('',(31.147225086284,16.234115291134,26.));
#4442 = CARTESIAN_POINT('',(31.153915453915,16.255301455301,26.));
#4443 = ORIENTED_EDGE('',*,*,#4444,.T.);
#4444 = EDGE_CURVE('',#4418,#4445,#4447,.T.);
#4445 = VERTEX_POINT('',#4446);
#4446 = CARTESIAN_POINT('',(32.068676368676,16.255301455301,26.));
#4447 = LINE('',#4448,#4449);
#4448 = CARTESIAN_POINT('',(14.584338184338,16.255301455301,26.));
#4449 = VECTOR('',#4450,1.);
#4450 = DIRECTION('',(1.,0.,0.));
#4451 = ORIENTED_EDGE('',*,*,#4452,.T.);
#4452 = EDGE_CURVE('',#4445,#4453,#4455,.T.);
#4453 = VERTEX_POINT('',#4454);
#4454 = CARTESIAN_POINT('',(29.668121968122,14.5920997921,26.));
#4455 = B_SPLINE_CURVE_WITH_KNOTS('',6,(#4456,#4457,#4458,#4459,#4460,
    #4461,#4462,#4463,#4464,#4465,#4466,#4467,#4468,#4469,#4470,#4471,
    #4472,#4473,#4474,#4475,#4476,#4477,#4478,#4479,#4480,#4481,#4482),
  .UNSPECIFIED.,.F.,.F.,(7,5,5,5,5,7),(0.,0.123331256787,0.306050709781,
    0.397250845918,0.563368043182,1.),.UNSPECIFIED.);
#4456 = CARTESIAN_POINT('',(32.068676368676,16.255301455301,26.));
#4457 = CARTESIAN_POINT('',(32.056886933862,16.191352702822,26.));
#4458 = CARTESIAN_POINT('',(32.042441274858,16.127950314346,26.));
#4459 = CARTESIAN_POINT('',(32.025323958903,16.065237806578,26.));
#4460 = CARTESIAN_POINT('',(32.005542247233,16.003356476489,26.));
#4461 = CARTESIAN_POINT('',(31.983127563499,15.942444656805,26.));
#4462 = CARTESIAN_POINT('',(31.921112536076,15.794029850884,26.));
#4463 = CARTESIAN_POINT('',(31.878428679846,15.707834074348,26.));
#4464 = CARTESIAN_POINT('',(31.830273910516,15.624496969336,26.));
#4465 = CARTESIAN_POINT('',(31.776932945626,15.544381213359,26.));
#4466 = CARTESIAN_POINT('',(31.718763148007,15.467776151824,26.));
#4467 = CARTESIAN_POINT('',(31.624929550947,15.358539241242,26.));
#4468 = CARTESIAN_POINT('',(31.59258433644,15.323098409617,26.));
#4469 = CARTESIAN_POINT('',(31.559184551316,15.288612543969,26.));
#4470 = CARTESIAN_POINT('',(31.524779969784,15.255102906724,26.));
#4471 = CARTESIAN_POINT('',(31.489420915994,15.222586099769,26.));
#4472 = CARTESIAN_POINT('',(31.387107374593,15.133676222635,26.));
#4473 = CARTESIAN_POINT('',(31.318058187004,15.079612633937,26.));
#4474 = CARTESIAN_POINT('',(31.246313866604,15.028955520649,26.));
#4475 = CARTESIAN_POINT('',(31.172169646903,14.981731912567,26.));
#4476 = CARTESIAN_POINT('',(31.095904022312,14.93793525035,26.));
#4477 = CARTESIAN_POINT('',(30.812397845599,14.791351884313,26.));
#4478 = CARTESIAN_POINT('',(30.594271601711,14.708725317771,26.));
#4479 = CARTESIAN_POINT('',(30.367720473273,14.648901161384,26.));
#4480 = CARTESIAN_POINT('',(30.136261307493,14.610551613765,26.));
#4481 = CARTESIAN_POINT('',(29.902509276517,14.5920997921,26.));
#4482 = CARTESIAN_POINT('',(29.668121968122,14.5920997921,26.));
#4483 = ORIENTED_EDGE('',*,*,#4484,.T.);
#4484 = EDGE_CURVE('',#4453,#4485,#4487,.T.);
#4485 = VERTEX_POINT('',#4486);
#4486 = CARTESIAN_POINT('',(27.056895356895,17.297574497574,26.));
#4487 = B_SPLINE_CURVE_WITH_KNOTS('',6,(#4488,#4489,#4490,#4491,#4492,
    #4493,#4494,#4495,#4496,#4497,#4498,#4499,#4500,#4501,#4502,#4503,
    #4504,#4505,#4506,#4507,#4508,#4509,#4510,#4511,#4512,#4513,#4514,
    #4515,#4516,#4517,#4518,#4519,#4520,#4521,#4522,#4523,#4524),
  .UNSPECIFIED.,.F.,.F.,(7,5,5,5,5,5,5,7),(0.,0.203727888299,
    0.297256466692,0.471372836008,0.597501692866,0.656745726056,
    0.758744512315,1.),.UNSPECIFIED.);
#4488 = CARTESIAN_POINT('',(29.668121968122,14.5920997921,26.));
#4489 = CARTESIAN_POINT('',(29.522034779992,14.5920997921,26.));
#4490 = CARTESIAN_POINT('',(29.37613197383,14.59830711774,26.));
#4491 = CARTESIAN_POINT('',(29.230719758637,14.611308600901,26.));
#4492 = CARTESIAN_POINT('',(29.086294238117,14.631763307834,26.));
#4493 = CARTESIAN_POINT('',(28.943536653409,14.660361947242,26.));
#4494 = CARTESIAN_POINT('',(28.738911211617,14.714857317238,26.));
#4495 = CARTESIAN_POINT('',(28.675063060399,14.733846620411,26.));
#4496 = CARTESIAN_POINT('',(28.611836306296,14.754735561595,26.));
#4497 = CARTESIAN_POINT('',(28.549327321825,14.777575671713,26.));
#4498 = CARTESIAN_POINT('',(28.487640768453,14.802408723444,26.));
#4499 = CARTESIAN_POINT('',(28.313787892273,14.879253553689,26.));
#4500 = CARTESIAN_POINT('',(28.203889703812,14.936261848681,26.));
#4501 = CARTESIAN_POINT('',(28.097975280237,15.000444089554,26.));
#4502 = CARTESIAN_POINT('',(27.996811834722,15.07179059537,26.));
#4503 = CARTESIAN_POINT('',(27.901109661597,15.150063548573,26.));
#4504 = CARTESIAN_POINT('',(27.746509024023,15.296011961741,26.));
#4505 = CARTESIAN_POINT('',(27.684721570025,15.360676956242,26.));
#4506 = CARTESIAN_POINT('',(27.626309627604,15.428492524314,26.));
#4507 = CARTESIAN_POINT('',(27.571412944981,15.499213058814,26.));
#4508 = CARTESIAN_POINT('',(27.520105522192,15.572561217466,26.));
#4509 = CARTESIAN_POINT('',(27.450003237742,15.683784580049,26.));
#4510 = CARTESIAN_POINT('',(27.428394434708,15.719846293361,26.));
#4511 = CARTESIAN_POINT('',(27.407582155758,15.75639362897,26.));
#4512 = CARTESIAN_POINT('',(27.38756484721,15.793397251604,26.));
#4513 = CARTESIAN_POINT('',(27.368338332638,15.830828280526,26.));
#4514 = CARTESIAN_POINT('',(27.318143845132,15.933789152447,26.));
#4515 = CARTESIAN_POINT('',(27.288716103674,16.000102845667,26.));
#4516 = CARTESIAN_POINT('',(27.261578687678,16.067456064062,26.));
#4517 = CARTESIAN_POINT('',(27.236678825197,16.13571450967,26.));
#4518 = CARTESIAN_POINT('',(27.213951319455,16.204755612539,26.));
#4519 = CARTESIAN_POINT('',(27.144538003537,16.439368120511,26.));
#4520 = CARTESIAN_POINT('',(27.107521607008,16.607986300046,26.));
#4521 = CARTESIAN_POINT('',(27.081284907419,16.778992831439,26.));
#4522 = CARTESIAN_POINT('',(27.064741847798,16.951347545915,26.));
#4523 = CARTESIAN_POINT('',(27.056895356895,17.124335741648,26.));
#4524 = CARTESIAN_POINT('',(27.056895356895,17.297574497574,26.));
#4525 = ORIENTED_EDGE('',*,*,#4526,.T.);
#4526 = EDGE_CURVE('',#4485,#4527,#4529,.T.);
#4527 = VERTEX_POINT('',#4528);
#4528 = CARTESIAN_POINT('',(27.056895356895,18.201247401247,26.));
#4529 = LINE('',#4530,#4531);
#4530 = CARTESIAN_POINT('',(27.056895356895,7.650623700624,26.));
#4531 = VECTOR('',#4532,1.);
#4532 = DIRECTION('',(0.,1.,0.));
#4533 = ORIENTED_EDGE('',*,*,#4534,.T.);
#4534 = EDGE_CURVE('',#4527,#4535,#4537,.T.);
#4535 = VERTEX_POINT('',#4536);
#4536 = CARTESIAN_POINT('',(29.601593901594,20.829106029106,26.));
#4537 = B_SPLINE_CURVE_WITH_KNOTS('',6,(#4538,#4539,#4540,#4541,#4542,
    #4543,#4544,#4545,#4546,#4547,#4548,#4549,#4550,#4551,#4552,#4553,
    #4554,#4555,#4556,#4557,#4558,#4559,#4560,#4561,#4562,#4563,#4564,
    #4565,#4566,#4567,#4568,#4569,#4570,#4571,#4572,#4573,#4574),
  .UNSPECIFIED.,.F.,.F.,(7,5,5,5,5,5,5,7),(0.,0.217810222853,
    0.32714112658,0.393468733503,0.539086004598,0.731078753069,
    0.825902753479,1.),.UNSPECIFIED.);
#4538 = CARTESIAN_POINT('',(27.056895356895,18.201247401247,26.));
#4539 = CARTESIAN_POINT('',(27.056895356895,18.351899456338,26.));
#4540 = CARTESIAN_POINT('',(27.064222448973,18.50238093435,26.));
#4541 = CARTESIAN_POINT('',(27.07939041119,18.652253453774,26.));
#4542 = CARTESIAN_POINT('',(27.102929209539,18.800919364044,26.));
#4543 = CARTESIAN_POINT('',(27.135334943725,18.947627934272,26.));
#4544 = CARTESIAN_POINT('',(27.197878208418,19.163704751391,26.));
#4545 = CARTESIAN_POINT('',(27.221106360217,19.235198141018,26.));
#4546 = CARTESIAN_POINT('',(27.246705753664,19.305856423811,26.));
#4547 = CARTESIAN_POINT('',(27.274712590257,19.375554823826,26.));
#4548 = CARTESIAN_POINT('',(27.305149887948,19.444160985149,26.));
#4549 = CARTESIAN_POINT('',(27.357966416229,19.552411527487,26.));
#4550 = CARTESIAN_POINT('',(27.378806177843,19.592833625454,26.));
#4551 = CARTESIAN_POINT('',(27.400543894672,19.63277205225,26.));
#4552 = CARTESIAN_POINT('',(27.423178399461,19.672195629025,26.));
#4553 = CARTESIAN_POINT('',(27.446705957741,19.71107300746,26.));
#4554 = CARTESIAN_POINT('',(27.524720048916,19.833456697047,26.));
#4555 = CARTESIAN_POINT('',(27.582597842866,19.914762879911,26.));
#4556 = CARTESIAN_POINT('',(27.644678075202,19.992947252872,26.));
#4557 = CARTESIAN_POINT('',(27.710829366229,20.067691202683,26.));
#4558 = CARTESIAN_POINT('',(27.780856296276,20.13870964599,26.));
#4559 = CARTESIAN_POINT('',(27.951576920913,20.294162384731,26.));
#4560 = CARTESIAN_POINT('',(28.054959633828,20.375689228087,26.));
#4561 = CARTESIAN_POINT('',(28.164014087891,20.449761978566,26.));
#4562 = CARTESIAN_POINT('',(28.278016244352,20.516059610777,26.));
#4563 = CARTESIAN_POINT('',(28.396191358946,20.574451372331,26.));
#4564 = CARTESIAN_POINT('',(28.577756108095,20.649928735348,26.));
#4565 = CARTESIAN_POINT('',(28.638609986867,20.672965755126,26.));
#4566 = CARTESIAN_POINT('',(28.700199488379,20.694092569354,26.));
#4567 = CARTESIAN_POINT('',(28.762436636833,20.713326034509,26.));
#4568 = CARTESIAN_POINT('',(28.825237751422,20.730691351442,26.));
#4569 = CARTESIAN_POINT('',(29.004718589395,20.774730012705,26.));
#4570 = CARTESIAN_POINT('',(29.122546581967,20.797047342511,26.));
#4571 = CARTESIAN_POINT('',(29.241529528955,20.813369442427,26.));
#4572 = CARTESIAN_POINT('',(29.361251619583,20.823957944088,26.));
#4573 = CARTESIAN_POINT('',(29.481364847532,20.829106029106,26.));
#4574 = CARTESIAN_POINT('',(29.601593901594,20.829106029106,26.));
#4575 = ORIENTED_EDGE('',*,*,#4576,.T.);
#4576 = EDGE_CURVE('',#4535,#4577,#4579,.T.);
#4577 = VERTEX_POINT('',#4578);
#4578 = CARTESIAN_POINT('',(32.085308385308,18.051559251559,26.));
#4579 = B_SPLINE_CURVE_WITH_KNOTS('',6,(#4580,#4581,#4582,#4583,#4584,
    #4585,#4586,#4587,#4588,#4589,#4590,#4591,#4592,#4593,#4594,#4595,
    #4596,#4597,#4598,#4599,#4600,#4601,#4602,#4603,#4604,#4605,#4606,
    #4607,#4608,#4609,#4610,#4611,#4612,#4613,#4614,#4615,#4616),
  .UNSPECIFIED.,.F.,.F.,(7,5,5,5,5,5,5,7),(0.,0.162722766268,
    0.244823699046,0.405782376702,0.53995359593,0.603859730906,
    0.715924777572,1.),.UNSPECIFIED.);
#4580 = CARTESIAN_POINT('',(29.601593901594,20.829106029106,26.));
#4581 = CARTESIAN_POINT('',(29.716782404997,20.829106029106,26.));
#4582 = CARTESIAN_POINT('',(29.83184571084,20.824603377877,26.));
#4583 = CARTESIAN_POINT('',(29.946568572557,20.815262224786,26.));
#4584 = CARTESIAN_POINT('',(30.060648286694,20.800719905174,26.));
#4585 = CARTESIAN_POINT('',(30.173700568231,20.780625660197,26.));
#4586 = CARTESIAN_POINT('',(30.341554899675,20.741588283001,26.));
#4587 = CARTESIAN_POINT('',(30.397464041139,20.727007979998,26.));
#4588 = CARTESIAN_POINT('',(30.452931983621,20.710900872229,26.));
#4589 = CARTESIAN_POINT('',(30.507892353553,20.693233479471,26.));
#4590 = CARTESIAN_POINT('',(30.562274115459,20.673978916286,26.));
#4591 = CARTESIAN_POINT('',(30.721336620328,20.612224344538,26.));
#4592 = CARTESIAN_POINT('',(30.824182259355,20.565151293516,26.));
#4593 = CARTESIAN_POINT('',(30.923933237594,20.511778897937,26.));
#4594 = CARTESIAN_POINT('',(31.019993504079,20.452110578338,26.));
#4595 = CARTESIAN_POINT('',(31.111808012125,20.386323356775,26.));
#4596 = CARTESIAN_POINT('',(31.271486160668,20.25521049371,26.));
#4597 = CARTESIAN_POINT('',(31.340809493144,20.191616641683,26.));
#4598 = CARTESIAN_POINT('',(31.406587411715,20.124259911868,26.));
#4599 = CARTESIAN_POINT('',(31.468636700246,20.053422578877,26.));
#4600 = CARTESIAN_POINT('',(31.526852325891,19.979429630703,26.));
#4601 = CARTESIAN_POINT('',(31.607074990336,19.866055989565,26.));
#4602 = CARTESIAN_POINT('',(31.632079482237,19.82884014405,26.));
#4603 = CARTESIAN_POINT('',(31.656202996447,19.791023097607,26.));
#4604 = CARTESIAN_POINT('',(31.679445800636,19.752640968051,26.));
#4605 = CARTESIAN_POINT('',(31.701811484038,19.713729335075,26.));
#4606 = CARTESIAN_POINT('',(31.761001166807,19.605221175836,26.));
#4607 = CARTESIAN_POINT('',(31.796018830679,19.53459850701,26.));
#4608 = CARTESIAN_POINT('',(31.828396399756,19.462641351977,26.));
#4609 = CARTESIAN_POINT('',(31.858195409823,19.389523823922,26.));
#4610 = CARTESIAN_POINT('',(31.885493638957,19.31540386582,26.));
#4611 = CARTESIAN_POINT('',(31.973451573757,19.050339137424,26.));
#4612 = CARTESIAN_POINT('',(32.02097086563,18.854804551045,26.));
#4613 = CARTESIAN_POINT('',(32.054427898671,18.655867516261,26.));
#4614 = CARTESIAN_POINT('',(32.075401706123,18.455089507891,26.));
#4615 = CARTESIAN_POINT('',(32.085308385308,18.253494517916,26.));
#4616 = CARTESIAN_POINT('',(32.085308385308,18.051559251559,26.));
#4617 = ORIENTED_EDGE('',*,*,#4618,.T.);
#4618 = EDGE_CURVE('',#4577,#4619,#4621,.T.);
#4619 = VERTEX_POINT('',#4620);
#4620 = CARTESIAN_POINT('',(32.085308385308,17.463894663895,26.));
#4621 = LINE('',#4622,#4623);
#4622 = CARTESIAN_POINT('',(32.085308385308,7.281947331947,26.));
#4623 = VECTOR('',#4624,1.);
#4624 = DIRECTION('',(0.,-1.,0.));
#4625 = ORIENTED_EDGE('',*,*,#4626,.T.);
#4626 = EDGE_CURVE('',#4619,#4627,#4629,.T.);
#4627 = VERTEX_POINT('',#4628);
#4628 = CARTESIAN_POINT('',(27.988288288288,17.463894663895,26.));
#4629 = LINE('',#4630,#4631);
#4630 = CARTESIAN_POINT('',(12.544144144144,17.463894663895,26.));
#4631 = VECTOR('',#4632,1.);
#4632 = DIRECTION('',(-1.,0.,0.));
#4633 = ORIENTED_EDGE('',*,*,#4634,.T.);
#4634 = EDGE_CURVE('',#4627,#4374,#4635,.T.);
#4635 = LINE('',#4636,#4637);
#4636 = CARTESIAN_POINT('',(27.988288288288,7.159979209979,26.));
#4637 = VECTOR('',#4638,1.);
#4638 = DIRECTION('',(0.,-1.,0.));
#4639 = FACE_BOUND('',#4640,.T.);
#4640 = EDGE_LOOP('',(#4641,#4651,#4688,#4725,#4762,#4770,#4802,#4839,
    #4871,#4879,#4916,#4953,#4990,#4998,#5030,#5067));
#4641 = ORIENTED_EDGE('',*,*,#4642,.T.);
#4642 = EDGE_CURVE('',#4643,#4645,#4647,.T.);
#4643 = VERTEX_POINT('',#4644);
#4644 = CARTESIAN_POINT('',(36.881981981982,17.23659043659,26.));
#4645 = VERTEX_POINT('',#4646);
#4646 = CARTESIAN_POINT('',(35.989397089397,17.441718641719,26.));
#4647 = LINE('',#4648,#4649);
#4648 = CARTESIAN_POINT('',(19.740286719197,21.175986242324,26.));
#4649 = VECTOR('',#4650,1.);
#4650 = DIRECTION('',(-0.974594841169,0.223975211946,0.));
#4651 = ORIENTED_EDGE('',*,*,#4652,.T.);
#4652 = EDGE_CURVE('',#4645,#4653,#4655,.T.);
#4653 = VERTEX_POINT('',#4654);
#4654 = CARTESIAN_POINT('',(34.365003465003,19.093832293832,26.));
#4655 = B_SPLINE_CURVE_WITH_KNOTS('',6,(#4656,#4657,#4658,#4659,#4660,
    #4661,#4662,#4663,#4664,#4665,#4666,#4667,#4668,#4669,#4670,#4671,
    #4672,#4673,#4674,#4675,#4676,#4677,#4678,#4679,#4680,#4681,#4682,
    #4683,#4684,#4685,#4686,#4687),.UNSPECIFIED.,.F.,.F.,(7,5,5,5,5,5,7)
  ,(0.,0.346661638538,0.4718716291,0.54117247007,0.684204080811,
    0.884987991147,1.),.UNSPECIFIED.);
#4656 = CARTESIAN_POINT('',(35.989397089397,17.441718641719,26.));
#4657 = CARTESIAN_POINT('',(35.842220309701,17.475509228894,26.));
#4658 = CARTESIAN_POINT('',(35.69703973808,17.515084197216,26.));
#4659 = CARTESIAN_POINT('',(35.554274268674,17.561316348437,26.));
#4660 = CARTESIAN_POINT('',(35.41486922419,17.615245825615,26.));
#4661 = CARTESIAN_POINT('',(35.280304104991,17.678091562945,26.));
#4662 = CARTESIAN_POINT('',(35.106360959505,17.777478922897,26.));
#4663 = CARTESIAN_POINT('',(35.061102669019,17.805170405944,26.));
#4664 = CARTESIAN_POINT('',(35.016841001261,17.834233067861,26.));
#4665 = CARTESIAN_POINT('',(34.973689966553,17.86471353263,26.));
#4666 = CARTESIAN_POINT('',(34.931773330462,17.896647316069,26.));
#4667 = CARTESIAN_POINT('',(34.868774482055,17.948542250569,26.));
#4668 = CARTESIAN_POINT('',(34.846746679712,17.967482230022,26.));
#4669 = CARTESIAN_POINT('',(34.825158727087,17.98687607574,26.));
#4670 = CARTESIAN_POINT('',(34.804032808217,18.006724895148,26.));
#4671 = CARTESIAN_POINT('',(34.783391037865,18.027027749771,26.));
#4672 = CARTESIAN_POINT('',(34.721697179151,18.090616121417,26.));
#4673 = CARTESIAN_POINT('',(34.682290534635,18.135376014171,26.));
#4674 = CARTESIAN_POINT('',(34.645235618479,18.182025655836,26.));
#4675 = CARTESIAN_POINT('',(34.610707955834,18.230495351661,26.));
#4676 = CARTESIAN_POINT('',(34.578846580541,18.280672788117,26.));
#4677 = CARTESIAN_POINT('',(34.508886038718,18.404999876206,26.));
#4678 = CARTESIAN_POINT('',(34.473448461573,18.480674083732,26.));
#4679 = CARTESIAN_POINT('',(34.443696822957,18.558949797916,26.));
#4680 = CARTESIAN_POINT('',(34.419612778876,18.639319979186,26.));
#4681 = CARTESIAN_POINT('',(34.400982229132,18.721272244834,26.));
#4682 = CARTESIAN_POINT('',(34.379754137482,18.851896194191,26.));
#4683 = CARTESIAN_POINT('',(34.373705821096,18.899838744884,26.));
#4684 = CARTESIAN_POINT('',(34.369279382077,18.948070111312,26.));
#4685 = CARTESIAN_POINT('',(34.366403808313,18.99651869196,26.));
#4686 = CARTESIAN_POINT('',(34.365003465003,19.045122960784,26.));
#4687 = CARTESIAN_POINT('',(34.365003465003,19.093832293832,26.));
#4688 = ORIENTED_EDGE('',*,*,#4689,.T.);
#4689 = EDGE_CURVE('',#4653,#4690,#4692,.T.);
#4690 = VERTEX_POINT('',#4691);
#4691 = CARTESIAN_POINT('',(36.577061677062,20.83465003465,26.));
#4692 = B_SPLINE_CURVE_WITH_KNOTS('',6,(#4693,#4694,#4695,#4696,#4697,
    #4698,#4699,#4700,#4701,#4702,#4703,#4704,#4705,#4706,#4707,#4708,
    #4709,#4710,#4711,#4712,#4713,#4714,#4715,#4716,#4717,#4718,#4719,
    #4720,#4721,#4722,#4723,#4724),.UNSPECIFIED.,.F.,.F.,(7,5,5,5,5,5,7)
  ,(0.,7.660963559846E-02,0.233673951286,0.388227269975,0.464532183376,
    0.604494117522,1.),.UNSPECIFIED.);
#4693 = CARTESIAN_POINT('',(34.365003465003,19.093832293832,26.));
#4694 = CARTESIAN_POINT('',(34.365003465003,19.134117266713,26.));
#4695 = CARTESIAN_POINT('',(34.366063368336,19.174364345027,26.));
#4696 = CARTESIAN_POINT('',(34.368210254272,19.214538974202,26.));
#4697 = CARTESIAN_POINT('',(34.37146763707,19.25460378764,26.));
#4698 = CARTESIAN_POINT('',(34.375855465981,19.294518606715,26.));
#4699 = CARTESIAN_POINT('',(34.392737228817,19.415677751301,26.));
#4700 = CARTESIAN_POINT('',(34.408905888249,19.49631736765,26.));
#4701 = CARTESIAN_POINT('',(34.430029953995,19.575765155419,26.));
#4702 = CARTESIAN_POINT('',(34.456158276587,19.653622096374,26.));
#4703 = CARTESIAN_POINT('',(34.487232184553,19.729493465834,26.));
#4704 = CARTESIAN_POINT('',(34.558320911239,19.875327432552,26.));
#4705 = CARTESIAN_POINT('',(34.59819349704,19.945382739943,26.));
#4706 = CARTESIAN_POINT('',(34.64250391651,20.012801810768,26.));
#4707 = CARTESIAN_POINT('',(34.69099097509,20.077308453122,26.));
#4708 = CARTESIAN_POINT('',(34.743330976632,20.138699736013,26.));
#4709 = CARTESIAN_POINT('',(34.826722911757,20.22553460118,26.));
#4710 = CARTESIAN_POINT('',(34.855138658643,20.25344377029,26.));
#4711 = CARTESIAN_POINT('',(34.884364419775,20.280545849258,26.));
#4712 = CARTESIAN_POINT('',(34.914357756937,20.306829976345,26.));
#4713 = CARTESIAN_POINT('',(34.945076227726,20.332289406859,26.));
#4714 = CARTESIAN_POINT('',(35.034074813922,20.402102840103,26.));
#4715 = CARTESIAN_POINT('',(35.093969134753,20.444499666214,26.));
#4716 = CARTESIAN_POINT('',(35.155903073855,20.484095829624,26.));
#4717 = CARTESIAN_POINT('',(35.219631262348,20.520913411709,26.));
#4718 = CARTESIAN_POINT('',(35.284928297898,20.555000980201,26.));
#4719 = CARTESIAN_POINT('',(35.539989366231,20.675211201424,26.));
#4720 = CARTESIAN_POINT('',(35.739106344335,20.742600399808,26.));
#4721 = CARTESIAN_POINT('',(35.94489796422,20.790339573451,26.));
#4722 = CARTESIAN_POINT('',(36.15431593424,20.820382247612,26.));
#4723 = CARTESIAN_POINT('',(36.365344192045,20.83465003465,26.));
#4724 = CARTESIAN_POINT('',(36.577061677062,20.83465003465,26.));
#4725 = ORIENTED_EDGE('',*,*,#4726,.T.);
#4726 = EDGE_CURVE('',#4690,#4727,#4729,.T.);
#4727 = VERTEX_POINT('',#4728);
#4728 = CARTESIAN_POINT('',(38.78911988912,19.204712404712,26.));
#4729 = B_SPLINE_CURVE_WITH_KNOTS('',6,(#4730,#4731,#4732,#4733,#4734,
    #4735,#4736,#4737,#4738,#4739,#4740,#4741,#4742,#4743,#4744,#4745,
    #4746,#4747,#4748,#4749,#4750,#4751,#4752,#4753,#4754,#4755,#4756,
    #4757,#4758,#4759,#4760,#4761),.UNSPECIFIED.,.F.,.F.,(7,5,5,5,5,5,7)
  ,(0.,0.358435112847,0.498131036731,0.577407965986,0.740482058358,
    0.914990920507,1.),.UNSPECIFIED.);
#4730 = CARTESIAN_POINT('',(36.577061677062,20.83465003465,26.));
#4731 = CARTESIAN_POINT('',(36.761583677666,20.83465003465,26.));
#4732 = CARTESIAN_POINT('',(36.945569358437,20.823780384092,26.));
#4733 = CARTESIAN_POINT('',(37.128332174898,20.800925671198,26.));
#4734 = CARTESIAN_POINT('',(37.308566585691,20.764743607448,26.));
#4735 = CARTESIAN_POINT('',(37.484368067454,20.7138324553,26.));
#4736 = CARTESIAN_POINT('',(37.719120502161,20.620924057157,26.));
#4737 = CARTESIAN_POINT('',(37.783892362394,20.592453836262,26.));
#4738 = CARTESIAN_POINT('',(37.847445370982,20.561504648062,26.));
#4739 = CARTESIAN_POINT('',(37.909602353676,20.528023183628,26.));
#4740 = CARTESIAN_POINT('',(37.970170849955,20.491975682457,26.));
#4741 = CARTESIAN_POINT('',(38.06230427099,20.431440727341,26.));
#4742 = CARTESIAN_POINT('',(38.09508350591,20.40869671786,26.));
#4743 = CARTESIAN_POINT('',(38.127248410316,20.385123695137,26.));
#4744 = CARTESIAN_POINT('',(38.158761222297,20.36072412266,26.));
#4745 = CARTESIAN_POINT('',(38.189584000757,20.335504005629,26.));
#4746 = CARTESIAN_POINT('',(38.28158381837,20.2559264123,26.));
#4747 = CARTESIAN_POINT('',(38.340415952405,20.198942126326,26.));
#4748 = CARTESIAN_POINT('',(38.395831722365,20.138617351177,26.));
#4749 = CARTESIAN_POINT('',(38.447521088163,20.075107647576,26.));
#4750 = CARTESIAN_POINT('',(38.495223919632,20.00863889772,26.));
#4751 = CARTESIAN_POINT('',(38.585321180238,19.865553204222,26.));
#4752 = CARTESIAN_POINT('',(38.627119865174,19.788533918494,26.));
#4753 = CARTESIAN_POINT('',(38.663901151783,19.708841340895,26.));
#4754 = CARTESIAN_POINT('',(38.69556199938,19.626885183246,26.));
#4755 = CARTESIAN_POINT('',(38.722113441472,19.543091998043,26.));
#4756 = CARTESIAN_POINT('',(38.754150330158,19.416388423284,26.));
#4757 = CARTESIAN_POINT('',(38.763456589688,19.374547547653,26.));
#4758 = CARTESIAN_POINT('',(38.771587803923,19.332416428174,26.));
#4759 = CARTESIAN_POINT('',(38.778560843513,19.290039429334,26.));
#4760 = CARTESIAN_POINT('',(38.784396580662,19.247458346259,26.));
#4761 = CARTESIAN_POINT('',(38.78911988912,19.204712404712,26.));
#4762 = ORIENTED_EDGE('',*,*,#4763,.T.);
#4763 = EDGE_CURVE('',#4727,#4764,#4766,.T.);
#4764 = VERTEX_POINT('',#4765);
#4765 = CARTESIAN_POINT('',(37.879902979903,19.204712404712,26.));
#4766 = LINE('',#4767,#4768);
#4767 = CARTESIAN_POINT('',(17.489951489951,19.204712404712,26.));
#4768 = VECTOR('',#4769,1.);
#4769 = DIRECTION('',(-1.,0.,0.));
#4770 = ORIENTED_EDGE('',*,*,#4771,.T.);
#4771 = EDGE_CURVE('',#4764,#4772,#4774,.T.);
#4772 = VERTEX_POINT('',#4773);
#4773 = CARTESIAN_POINT('',(36.56042966043,20.052945252945,26.));
#4774 = B_SPLINE_CURVE_WITH_KNOTS('',6,(#4775,#4776,#4777,#4778,#4779,
    #4780,#4781,#4782,#4783,#4784,#4785,#4786,#4787,#4788,#4789,#4790,
    #4791,#4792,#4793,#4794,#4795,#4796,#4797,#4798,#4799,#4800,#4801),
  .UNSPECIFIED.,.F.,.F.,(7,5,5,5,5,7),(0.,0.156190070569,0.341747019077,
    0.431459576243,0.590892195213,1.),.UNSPECIFIED.);
#4775 = CARTESIAN_POINT('',(37.879902979903,19.204712404712,26.));
#4776 = CARTESIAN_POINT('',(37.870884864227,19.247548454176,26.));
#4777 = CARTESIAN_POINT('',(37.859688872107,19.289749360401,26.));
#4778 = CARTESIAN_POINT('',(37.846289425396,19.331177554163,26.));
#4779 = CARTESIAN_POINT('',(37.83068732537,19.371698446246,26.));
#4780 = CARTESIAN_POINT('',(37.812913398228,19.411182817711,26.));
#4781 = CARTESIAN_POINT('',(37.769412806247,19.495041736055,26.));
#4782 = CARTESIAN_POINT('',(37.742815473564,19.538946913725,26.));
#4783 = CARTESIAN_POINT('',(37.713348388675,19.581018447373,26.));
#4784 = CARTESIAN_POINT('',(37.681169693107,19.621098985497,26.));
#4785 = CARTESIAN_POINT('',(37.646474997076,19.659073911118,26.));
#4786 = CARTESIAN_POINT('',(37.591601109105,19.712169371882,26.));
#4787 = CARTESIAN_POINT('',(37.573179686425,19.728964065069,26.));
#4788 = CARTESIAN_POINT('',(37.554244958147,19.745241352086,26.));
#4789 = CARTESIAN_POINT('',(37.534821351307,19.760995567676,26.));
#4790 = CARTESIAN_POINT('',(37.514933446583,19.776223240806,26.));
#4791 = CARTESIAN_POINT('',(37.458481029809,19.817046931413,26.));
#4792 = CARTESIAN_POINT('',(37.42096763206,19.841503454255,26.));
#4793 = CARTESIAN_POINT('',(37.382202685112,19.864285194332,26.));
#4794 = CARTESIAN_POINT('',(37.342318711825,19.885403363986,26.));
#4795 = CARTESIAN_POINT('',(37.301439843193,19.904882433935,26.));
#4796 = CARTESIAN_POINT('',(37.152515439949,19.968615387231,26.));
#4797 = CARTESIAN_POINT('',(37.039601732357,20.003868911291,26.));
#4798 = CARTESIAN_POINT('',(36.922714060793,20.029143574606,26.));
#4799 = CARTESIAN_POINT('',(36.803277288156,20.045236879246,26.));
#4800 = CARTESIAN_POINT('',(36.682312591093,20.052945252945,26.));
#4801 = CARTESIAN_POINT('',(36.56042966043,20.052945252945,26.));
#4802 = ORIENTED_EDGE('',*,*,#4803,.T.);
#4803 = EDGE_CURVE('',#4772,#4804,#4806,.T.);
#4804 = VERTEX_POINT('',#4805);
#4805 = CARTESIAN_POINT('',(35.30194040194,19.149272349272,26.));
#4806 = B_SPLINE_CURVE_WITH_KNOTS('',6,(#4807,#4808,#4809,#4810,#4811,
    #4812,#4813,#4814,#4815,#4816,#4817,#4818,#4819,#4820,#4821,#4822,
    #4823,#4824,#4825,#4826,#4827,#4828,#4829,#4830,#4831,#4832,#4833,
    #4834,#4835,#4836,#4837,#4838),.UNSPECIFIED.,.F.,.F.,(7,5,5,5,5,5,7)
  ,(0.,0.427877345817,0.570911736955,0.648508480637,0.805381863402,
    0.937623266999,1.),.UNSPECIFIED.);
#4807 = CARTESIAN_POINT('',(36.56042966043,20.052945252945,26.));
#4808 = CARTESIAN_POINT('',(36.429263711669,20.052945252945,26.));
#4809 = CARTESIAN_POINT('',(36.299245656996,20.04460193855,26.));
#4810 = CARTESIAN_POINT('',(36.170930891762,20.02699052361,26.));
#4811 = CARTESIAN_POINT('',(36.045658305412,19.998868805249,26.));
#4812 = CARTESIAN_POINT('',(35.925518398878,19.958912228697,26.));
#4813 = CARTESIAN_POINT('',(35.775875994735,19.888091893005,26.));
#4814 = CARTESIAN_POINT('',(35.739296080986,19.868891136927,26.));
#4815 = CARTESIAN_POINT('',(35.70374458144,19.848193499538,26.));
#4816 = CARTESIAN_POINT('',(35.669356194581,19.825967446431,26.));
#4817 = CARTESIAN_POINT('',(35.636277308712,19.802196023075,26.));
#4818 = CARTESIAN_POINT('',(35.587508088746,19.763151729796,26.));
#4819 = CARTESIAN_POINT('',(35.570786060794,19.748966420064,26.));
#4820 = CARTESIAN_POINT('',(35.554519135039,19.734328552923,26.));
#4821 = CARTESIAN_POINT('',(35.538732006499,19.719241192867,26.));
#4822 = CARTESIAN_POINT('',(35.523449240712,19.7037097314,26.));
#4823 = CARTESIAN_POINT('',(35.478867930487,19.65546050974,26.));
#4824 = CARTESIAN_POINT('',(35.451197224212,19.62139127054,26.));
#4825 = CARTESIAN_POINT('',(35.425890862025,19.585607712437,26.));
#4826 = CARTESIAN_POINT('',(35.403130687875,19.548218426004,26.));
#4827 = CARTESIAN_POINT('',(35.383058086741,19.509373610351,26.));
#4828 = CARTESIAN_POINT('',(35.351176901653,19.43546639874,26.));
#4829 = CARTESIAN_POINT('',(35.338563184938,19.400762344768,26.));
#4830 = CARTESIAN_POINT('',(35.327970076547,19.365276535794,26.));
#4831 = CARTESIAN_POINT('',(35.31941358846,19.329131322641,26.));
#4832 = CARTESIAN_POINT('',(35.312878777074,19.292451923852,26.));
#4833 = CARTESIAN_POINT('',(35.306176467476,19.237870066507,26.));
#4834 = CARTESIAN_POINT('',(35.304468955943,19.220284571616,26.));
#4835 = CARTESIAN_POINT('',(35.303197616274,19.202620186787,26.));
#4836 = CARTESIAN_POINT('',(35.302356945826,19.184889044217,26.));
#4837 = CARTESIAN_POINT('',(35.30194040194,19.167102743029,26.));
#4838 = CARTESIAN_POINT('',(35.30194040194,19.149272349272,26.));
#4839 = ORIENTED_EDGE('',*,*,#4840,.T.);
#4840 = EDGE_CURVE('',#4804,#4841,#4843,.T.);
#4841 = VERTEX_POINT('',#4842);
#4842 = CARTESIAN_POINT('',(36.366389466389,18.262231462231,26.));
#4843 = B_SPLINE_CURVE_WITH_KNOTS('',6,(#4844,#4845,#4846,#4847,#4848,
    #4849,#4850,#4851,#4852,#4853,#4854,#4855,#4856,#4857,#4858,#4859,
    #4860,#4861,#4862,#4863,#4864,#4865,#4866,#4867,#4868,#4869,#4870),
  .UNSPECIFIED.,.F.,.F.,(7,5,5,5,5,7),(0.,9.096738986279E-02,
    0.258208253531,0.46052171699,0.585713499546,1.),.UNSPECIFIED.);
#4844 = CARTESIAN_POINT('',(35.30194040194,19.149272349272,26.));
#4845 = CARTESIAN_POINT('',(35.30194040194,19.126851958113,26.));
#4846 = CARTESIAN_POINT('',(35.302530051217,19.10456200556,26.));
#4847 = CARTESIAN_POINT('',(35.303739965236,19.082420712431,26.));
#4848 = CARTESIAN_POINT('',(35.305600782888,19.060448988744,26.));
#4849 = CARTESIAN_POINT('',(35.308141430758,19.038670011275,26.));
#4850 = CARTESIAN_POINT('',(35.317354982929,18.977469152051,26.));
#4851 = CARTESIAN_POINT('',(35.325707820389,18.938556457962,26.));
#4852 = CARTESIAN_POINT('',(35.336603313527,18.900543689987,26.));
#4853 = CARTESIAN_POINT('',(35.35015449987,18.863602420164,26.));
#4854 = CARTESIAN_POINT('',(35.366395406419,18.827892385134,26.));
#4855 = CARTESIAN_POINT('',(35.408050727773,18.752007886725,26.));
#4856 = CARTESIAN_POINT('',(35.434685572938,18.712448340474,26.));
#4857 = CARTESIAN_POINT('',(35.465014071077,18.675125470356,26.));
#4858 = CARTESIAN_POINT('',(35.498724801577,18.640116707274,26.));
#4859 = CARTESIAN_POINT('',(35.535411962786,18.607385247309,26.));
#4860 = CARTESIAN_POINT('',(35.598939493337,18.557940908635,26.));
#4861 = CARTESIAN_POINT('',(35.624208451347,18.53987320507,26.));
#4862 = CARTESIAN_POINT('',(35.650370887306,18.522611310682,26.));
#4863 = CARTESIAN_POINT('',(35.677338324705,18.506119629898,26.));
#4864 = CARTESIAN_POINT('',(35.705029595483,18.490357867011,26.));
#4865 = CARTESIAN_POINT('',(35.827176490988,18.425405204682,26.));
#4866 = CARTESIAN_POINT('',(35.928000297565,18.383143705265,26.));
#4867 = CARTESIAN_POINT('',(36.033579399647,18.346793121531,26.));
#4868 = CARTESIAN_POINT('',(36.142331573537,18.315109100213,26.));
#4869 = CARTESIAN_POINT('',(36.253358697744,18.287164720021,26.));
#4870 = CARTESIAN_POINT('',(36.366389466389,18.262231462231,26.));
#4871 = ORIENTED_EDGE('',*,*,#4872,.T.);
#4872 = EDGE_CURVE('',#4841,#4873,#4875,.T.);
#4873 = VERTEX_POINT('',#4874);
#4874 = CARTESIAN_POINT('',(37.214622314622,18.068191268191,26.));
#4875 = LINE('',#4876,#4877);
#4876 = CARTESIAN_POINT('',(20.433780195563,21.906946001309,26.));
#4877 = VECTOR('',#4878,1.);
#4878 = DIRECTION('',(0.974818948223,-0.222997798613,0.));
#4879 = ORIENTED_EDGE('',*,*,#4880,.T.);
#4880 = EDGE_CURVE('',#4873,#4881,#4883,.T.);
#4881 = VERTEX_POINT('',#4882);
#4882 = CARTESIAN_POINT('',(38.916632016632,16.421621621622,26.));
#4883 = B_SPLINE_CURVE_WITH_KNOTS('',6,(#4884,#4885,#4886,#4887,#4888,
    #4889,#4890,#4891,#4892,#4893,#4894,#4895,#4896,#4897,#4898,#4899,
    #4900,#4901,#4902,#4903,#4904,#4905,#4906,#4907,#4908,#4909,#4910,
    #4911,#4912,#4913,#4914,#4915),.UNSPECIFIED.,.F.,.F.,(7,5,5,5,5,5,7)
  ,(0.,0.377134720068,0.495881834424,0.560153052891,0.690042484884,
    0.882523214389,1.),.UNSPECIFIED.);
#4884 = CARTESIAN_POINT('',(37.214622314622,18.068191268191,26.));
#4885 = CARTESIAN_POINT('',(37.379295161431,18.030730146642,26.));
#4886 = CARTESIAN_POINT('',(37.541828160381,17.987589735673,26.));
#4887 = CARTESIAN_POINT('',(37.701918824533,17.937613788267,26.));
#4888 = CARTESIAN_POINT('',(37.858455529235,17.879349273111,26.));
#4889 = CARTESIAN_POINT('',(38.009467634013,17.810930447793,26.));
#4890 = CARTESIAN_POINT('',(38.197070117401,17.704591758692,26.));
#4891 = CARTESIAN_POINT('',(38.24114928917,17.677903154954,26.));
#4892 = CARTESIAN_POINT('',(38.284284362596,17.649928311516,26.));
#4893 = CARTESIAN_POINT('',(38.326359195813,17.620608478172,26.));
#4894 = CARTESIAN_POINT('',(38.367245655354,17.589894929548,26.));
#4895 = CARTESIAN_POINT('',(38.428222466969,17.540360280517,26.));
#4896 = CARTESIAN_POINT('',(38.449248263666,17.522547575241,26.));
#4897 = CARTESIAN_POINT('',(38.469864547686,17.504312364905,26.));
#4898 = CARTESIAN_POINT('',(38.490049430599,17.48565160623,26.));
#4899 = CARTESIAN_POINT('',(38.509780994589,17.466564276633,26.));
#4900 = CARTESIAN_POINT('',(38.567953461311,17.407616618331,26.));
#4901 = CARTESIAN_POINT('',(38.604933136955,17.366439845883,26.));
#4902 = CARTESIAN_POINT('',(38.639789011331,17.323538705991,26.));
#4903 = CARTESIAN_POINT('',(38.672356288763,17.278962899535,26.));
#4904 = CARTESIAN_POINT('',(38.702505303982,17.232803928445,26.));
#4905 = CARTESIAN_POINT('',(38.771126435419,17.11466864992,26.));
#4906 = CARTESIAN_POINT('',(38.806624720017,17.04094135916,26.));
#4907 = CARTESIAN_POINT('',(38.836360106489,16.96450755292,26.));
#4908 = CARTESIAN_POINT('',(38.860400033388,16.885904282362,26.));
#4909 = CARTESIAN_POINT('',(38.879040091901,16.805673062626,26.));
#4910 = CARTESIAN_POINT('',(38.900998167763,16.674654677381,26.));
#4911 = CARTESIAN_POINT('',(38.907458511387,16.624564202547,26.));
#4912 = CARTESIAN_POINT('',(38.912148537546,16.574138521647,26.));
#4913 = CARTESIAN_POINT('',(38.915171087826,16.523462305256,26.));
#4914 = CARTESIAN_POINT('',(38.916632016632,16.472605434554,26.));
#4915 = CARTESIAN_POINT('',(38.916632016632,16.421621621622,26.));
#4916 = ORIENTED_EDGE('',*,*,#4917,.T.);
#4917 = EDGE_CURVE('',#4881,#4918,#4920,.T.);
#4918 = VERTEX_POINT('',#4919);
#4919 = CARTESIAN_POINT('',(36.565973665974,14.5920997921,26.));
#4920 = B_SPLINE_CURVE_WITH_KNOTS('',6,(#4921,#4922,#4923,#4924,#4925,
    #4926,#4927,#4928,#4929,#4930,#4931,#4932,#4933,#4934,#4935,#4936,
    #4937,#4938,#4939,#4940,#4941,#4942,#4943,#4944,#4945,#4946,#4947,
    #4948,#4949,#4950,#4951,#4952),.UNSPECIFIED.,.F.,.F.,(7,5,5,5,5,5,7)
  ,(0.,8.336567242932E-02,0.248493093999,0.398370609016,0.472538644847,
    0.607599783115,1.),.UNSPECIFIED.);
#4921 = CARTESIAN_POINT('',(38.916632016632,16.421621621622,26.));
#4922 = CARTESIAN_POINT('',(38.916632016632,16.375137422453,26.));
#4923 = CARTESIAN_POINT('',(38.91533023881,16.328698263924,26.));
#4924 = CARTESIAN_POINT('',(38.912686739256,16.282349467383,26.));
#4925 = CARTESIAN_POINT('',(38.908664366945,16.236141435897,26.));
#4926 = CARTESIAN_POINT('',(38.903230837276,16.190129412939,26.));
#4927 = CARTESIAN_POINT('',(38.882752919031,16.053741228412,26.));
#4928 = CARTESIAN_POINT('',(38.863505658847,15.964092463966,26.));
#4929 = CARTESIAN_POINT('',(38.838424595065,15.875928552614,26.));
#4930 = CARTESIAN_POINT('',(38.807426163842,15.789762616346,26.));
#4931 = CARTESIAN_POINT('',(38.770577859229,15.706102843877,26.));
#4932 = CARTESIAN_POINT('',(38.689618372359,15.552219006053,26.));
#4933 = CARTESIAN_POINT('',(38.646481640854,15.481447419741,26.));
#4934 = CARTESIAN_POINT('',(38.598916824429,15.413481845475,26.));
#4935 = CARTESIAN_POINT('',(38.547198426669,15.348589139351,26.));
#4936 = CARTESIAN_POINT('',(38.491664042698,15.286957032276,26.));
#4937 = CARTESIAN_POINT('',(38.40350854725,15.199884086006,26.));
#4938 = CARTESIAN_POINT('',(38.373481310265,15.17188606325,26.));
#4939 = CARTESIAN_POINT('',(38.342654028429,15.144727286291,26.));
#4940 = CARTESIAN_POINT('',(38.311070692828,15.118416085949,26.));
#4941 = CARTESIAN_POINT('',(38.278775087402,15.092956482155,26.));
#4942 = CARTESIAN_POINT('',(38.185782292547,15.023536093011,26.));
#4943 = CARTESIAN_POINT('',(38.123536454233,14.981548177132,26.));
#4944 = CARTESIAN_POINT('',(38.059331269383,14.942382659579,26.));
#4945 = CARTESIAN_POINT('',(37.993410717614,14.906000185302,26.));
#4946 = CARTESIAN_POINT('',(37.925996714441,14.872336186425,26.));
#4947 = CARTESIAN_POINT('',(37.657637872451,14.751180674982,26.));
#4948 = CARTESIAN_POINT('',(37.447276578148,14.683461478839,26.));
#4949 = CARTESIAN_POINT('',(37.230413501721,14.635887665842,26.));
#4950 = CARTESIAN_POINT('',(37.010138949866,14.606152269012,26.));
#4951 = CARTESIAN_POINT('',(36.788407370217,14.5920997921,26.));
#4952 = CARTESIAN_POINT('',(36.565973665974,14.5920997921,26.));
#4953 = ORIENTED_EDGE('',*,*,#4954,.T.);
#4954 = EDGE_CURVE('',#4918,#4955,#4957,.T.);
#4955 = VERTEX_POINT('',#4956);
#4956 = CARTESIAN_POINT('',(34.193139293139,16.260845460845,26.));
#4957 = B_SPLINE_CURVE_WITH_KNOTS('',6,(#4958,#4959,#4960,#4961,#4962,
    #4963,#4964,#4965,#4966,#4967,#4968,#4969,#4970,#4971,#4972,#4973,
    #4974,#4975,#4976,#4977,#4978,#4979,#4980,#4981,#4982,#4983,#4984,
    #4985,#4986,#4987,#4988,#4989),.UNSPECIFIED.,.F.,.F.,(7,5,5,5,5,5,7)
  ,(0.,0.401200411611,0.541340836147,0.618416873296,0.773914790434,
    0.926566048689,1.),.UNSPECIFIED.);
#4958 = CARTESIAN_POINT('',(36.565973665974,14.5920997921,26.));
#4959 = CARTESIAN_POINT('',(36.347755644977,14.5920997921,26.));
#4960 = CARTESIAN_POINT('',(36.130247312192,14.605157838785,26.));
#4961 = CARTESIAN_POINT('',(35.914117645864,14.632829222408,26.));
#4962 = CARTESIAN_POINT('',(35.701115293686,14.677159179294,26.));
#4963 = CARTESIAN_POINT('',(35.494024663842,14.740394255545,26.));
#4964 = CARTESIAN_POINT('',(35.227695363385,14.854243037507,26.));
#4965 = CARTESIAN_POINT('',(35.15996282403,14.88628284639,26.));
#4966 = CARTESIAN_POINT('',(35.093624628074,14.920971524122,26.));
#4967 = CARTESIAN_POINT('',(35.028889997671,14.958379700689,26.));
#4968 = CARTESIAN_POINT('',(34.965989476873,14.998554879551,26.));
#4969 = CARTESIAN_POINT('',(34.871715955561,15.065134199418,26.));
#4970 = CARTESIAN_POINT('',(34.838893172385,15.089599316699,26.));
#4971 = CARTESIAN_POINT('',(34.806740632688,15.114906967978,26.));
#4972 = CARTESIAN_POINT('',(34.775300083346,15.141055179397,26.));
#4973 = CARTESIAN_POINT('',(34.744613551134,15.168037903145,26.));
#4974 = CARTESIAN_POINT('',(34.654421005937,15.251944792656,26.));
#4975 = CARTESIAN_POINT('',(34.597350901049,15.311407310425,26.));
#4976 = CARTESIAN_POINT('',(34.543873007952,15.374132409796,26.));
#4977 = CARTESIAN_POINT('',(34.494310832302,15.439957936551,26.));
#4978 = CARTESIAN_POINT('',(34.448930846438,15.508645477179,26.));
#4979 = CARTESIAN_POINT('',(34.367663753428,15.649782891691,26.));
#4980 = CARTESIAN_POINT('',(34.331609218866,15.722156149553,26.));
#4981 = CARTESIAN_POINT('',(34.299939116099,15.796675665069,26.));
#4982 = CARTESIAN_POINT('',(34.272724962486,15.873010608427,26.));
#4983 = CARTESIAN_POINT('',(34.249947894303,15.950818548615,26.));
#4984 = CARTESIAN_POINT('',(34.222651516011,16.067727160744,26.));
#4985 = CARTESIAN_POINT('',(34.214790942611,16.105963386521,26.));
#4986 = CARTESIAN_POINT('',(34.207924926594,16.144426819017,26.));
#4987 = CARTESIAN_POINT('',(34.202039502314,16.183083018837,26.));
#4988 = CARTESIAN_POINT('',(34.197117649476,16.221899446181,26.));
#4989 = CARTESIAN_POINT('',(34.193139293139,16.260845460845,26.));
#4990 = ORIENTED_EDGE('',*,*,#4991,.T.);
#4991 = EDGE_CURVE('',#4955,#4992,#4994,.T.);
#4992 = VERTEX_POINT('',#4993);
#4993 = CARTESIAN_POINT('',(35.152252252252,16.260845460845,26.));
#4994 = LINE('',#4995,#4996);
#4995 = CARTESIAN_POINT('',(16.126126126126,16.260845460845,26.));
#4996 = VECTOR('',#4997,1.);
#4997 = DIRECTION('',(1.,0.,0.));
#4998 = ORIENTED_EDGE('',*,*,#4999,.T.);
#4999 = EDGE_CURVE('',#4992,#5000,#5002,.T.);
#5000 = VERTEX_POINT('',#5001);
#5001 = CARTESIAN_POINT('',(36.599237699238,15.384892584893,26.));
#5002 = B_SPLINE_CURVE_WITH_KNOTS('',6,(#5003,#5004,#5005,#5006,#5007,
    #5008,#5009,#5010,#5011,#5012,#5013,#5014,#5015,#5016,#5017,#5018,
    #5019,#5020,#5021,#5022,#5023,#5024,#5025,#5026,#5027,#5028,#5029),
  .UNSPECIFIED.,.F.,.F.,(7,5,5,5,5,7),(0.,0.177216385636,0.355178360745,
    0.44159860816,0.59529766291,1.),.UNSPECIFIED.);
#5003 = CARTESIAN_POINT('',(35.152252252252,16.260845460845,26.));
#5004 = CARTESIAN_POINT('',(35.165177324659,16.209145171218,26.));
#5005 = CARTESIAN_POINT('',(35.18100662676,16.158402104412,26.));
#5006 = CARTESIAN_POINT('',(35.199794822602,16.108835459681,26.));
#5007 = CARTESIAN_POINT('',(35.221550798847,16.060659746563,26.));
#5008 = CARTESIAN_POINT('',(35.24622663247,16.014078105918,26.));
#5009 = CARTESIAN_POINT('',(35.301302098732,15.92428466186,26.));
#5010 = CARTESIAN_POINT('',(35.331730582208,15.881079409473,26.));
#5011 = CARTESIAN_POINT('',(35.364876287213,15.839847880111,26.));
#5012 = CARTESIAN_POINT('',(35.400576621729,15.800724364384,26.));
#5013 = CARTESIAN_POINT('',(35.438634070489,15.763797219478,26.));
#5014 = CARTESIAN_POINT('',(35.498346815131,15.71227539491,26.));
#5015 = CARTESIAN_POINT('',(35.518370493693,15.695963054802,26.));
#5016 = CARTESIAN_POINT('',(35.538874699141,15.680184392472,26.));
#5017 = CARTESIAN_POINT('',(35.559834979494,15.66494193805,26.));
#5018 = CARTESIAN_POINT('',(35.5812269094,15.650235990416,26.));
#5019 = CARTESIAN_POINT('',(35.641796095714,15.610860724221,26.));
#5020 = CARTESIAN_POINT('',(35.681854375978,15.587348158043,26.));
#5021 = CARTESIAN_POINT('',(35.723065834075,15.565516426314,26.));
#5022 = CARTESIAN_POINT('',(35.765301384826,15.545336897858,26.));
#5023 = CARTESIAN_POINT('',(35.808441913158,15.526768797087,26.));
#5024 = CARTESIAN_POINT('',(35.968080731582,15.464993315251,26.));
#5025 = CARTESIAN_POINT('',(36.089244148703,15.431099175387,26.));
#5026 = CARTESIAN_POINT('',(36.214094169816,15.407130834034,26.));
#5027 = CARTESIAN_POINT('',(36.341254103732,15.392047250895,26.));
#5028 = CARTESIAN_POINT('',(36.46979410287,15.384892584893,26.));
#5029 = CARTESIAN_POINT('',(36.599237699238,15.384892584893,26.));
#5030 = ORIENTED_EDGE('',*,*,#5031,.T.);
#5031 = EDGE_CURVE('',#5000,#5032,#5034,.T.);
#5032 = VERTEX_POINT('',#5033);
#5033 = CARTESIAN_POINT('',(37.940887040887,16.332917532918,26.));
#5034 = B_SPLINE_CURVE_WITH_KNOTS('',6,(#5035,#5036,#5037,#5038,#5039,
    #5040,#5041,#5042,#5043,#5044,#5045,#5046,#5047,#5048,#5049,#5050,
    #5051,#5052,#5053,#5054,#5055,#5056,#5057,#5058,#5059,#5060,#5061,
    #5062,#5063,#5064,#5065,#5066),.UNSPECIFIED.,.F.,.F.,(7,5,5,5,5,5,7)
  ,(0.,0.437617604532,0.578177513043,0.654345315988,0.807180516074,
    0.93816170374,1.),.UNSPECIFIED.);
#5035 = CARTESIAN_POINT('',(36.599237699238,15.384892584893,26.));
#5036 = CARTESIAN_POINT('',(36.740997690247,15.384892584893,26.));
#5037 = CARTESIAN_POINT('',(36.881572391287,15.393763048734,26.));
#5038 = CARTESIAN_POINT('',(37.020452067098,15.412557467541,26.));
#5039 = CARTESIAN_POINT('',(37.156180562965,15.442742479259,26.));
#5040 = CARTESIAN_POINT('',(37.286404547957,15.485913015754,26.));
#5041 = CARTESIAN_POINT('',(37.446813531862,15.562295354656,26.));
#5042 = CARTESIAN_POINT('',(37.484879286335,15.58236486685,26.));
#5043 = CARTESIAN_POINT('',(37.521891828202,15.603979296303,26.));
#5044 = CARTESIAN_POINT('',(37.557709706491,15.627175551753,26.));
#5045 = CARTESIAN_POINT('',(37.592178246113,15.651975287385,26.));
#5046 = CARTESIAN_POINT('',(37.642994822056,15.692684318575,26.));
#5047 = CARTESIAN_POINT('',(37.660410267613,15.707461570055,26.));
#5048 = CARTESIAN_POINT('',(37.677355643712,15.722708885099,26.));
#5049 = CARTESIAN_POINT('',(37.693804736002,15.738423533914,26.));
#5050 = CARTESIAN_POINT('',(37.709731415124,15.754600272068,26.));
#5051 = CARTESIAN_POINT('',(37.755966947545,15.804602562589,26.));
#5052 = CARTESIAN_POINT('',(37.784621002916,15.839807727071,26.));
#5053 = CARTESIAN_POINT('',(37.810855051558,15.876773504664,26.));
#5054 = CARTESIAN_POINT('',(37.834479208724,15.915389712004,26.));
#5055 = CARTESIAN_POINT('',(37.855345963131,15.955501992727,26.));
#5056 = CARTESIAN_POINT('',(37.888808752229,16.032386831077,26.));
#5057 = CARTESIAN_POINT('',(37.902163522802,16.068822962344,26.));
#5058 = CARTESIAN_POINT('',(37.913373368074,16.10608521887,26.));
#5059 = CARTESIAN_POINT('',(37.922422287769,16.144040267614,26.));
#5060 = CARTESIAN_POINT('',(37.929328925275,16.182551897766,26.));
#5061 = CARTESIAN_POINT('',(37.936412244412,16.239864172278,26.));
#5062 = CARTESIAN_POINT('',(37.938216994257,16.258338990052,26.));
#5063 = CARTESIAN_POINT('',(37.939559996392,16.276894526119,26.));
#5064 = CARTESIAN_POINT('',(37.94044754006,16.295517676493,26.));
#5065 = CARTESIAN_POINT('',(37.940887040887,16.314195962928,26.));
#5066 = CARTESIAN_POINT('',(37.940887040887,16.332917532918,26.));
#5067 = ORIENTED_EDGE('',*,*,#5068,.T.);
#5068 = EDGE_CURVE('',#5032,#4643,#5069,.T.);
#5069 = B_SPLINE_CURVE_WITH_KNOTS('',6,(#5070,#5071,#5072,#5073,#5074,
    #5075,#5076,#5077,#5078,#5079,#5080,#5081,#5082,#5083,#5084,#5085,
    #5086,#5087,#5088,#5089,#5090,#5091,#5092,#5093,#5094,#5095,#5096,
    #5097,#5098,#5099,#5100,#5101),.UNSPECIFIED.,.F.,.F.,(7,5,5,5,5,5,7)
  ,(0.,0.104045874164,0.283717032703,0.413601023392,0.478342954355,
    0.599002381763,1.),.UNSPECIFIED.);
#5070 = CARTESIAN_POINT('',(37.940887040887,16.332917532918,26.));
#5071 = CARTESIAN_POINT('',(37.940887040887,16.359002865525,26.));
#5072 = CARTESIAN_POINT('',(37.940183389856,16.384913773835,26.));
#5073 = CARTESIAN_POINT('',(37.938728542603,16.410625717315,26.));
#5074 = CARTESIAN_POINT('',(37.936473266218,16.436109147604,26.));
#5075 = CARTESIAN_POINT('',(37.933369835017,16.46133038375,26.));
#5076 = CARTESIAN_POINT('',(37.922477151635,16.529289112236,26.));
#5077 = CARTESIAN_POINT('',(37.91291952242,16.571447022085,26.));
#5078 = CARTESIAN_POINT('',(37.900482955639,16.61250930335,26.));
#5079 = CARTESIAN_POINT('',(37.884998386167,16.652258119154,26.));
#5080 = CARTESIAN_POINT('',(37.866405046793,16.690492734247,26.));
#5081 = CARTESIAN_POINT('',(37.829196303403,16.753472949851,26.));
#5082 = CARTESIAN_POINT('',(37.812010997377,16.779026740219,26.));
#5083 = CARTESIAN_POINT('',(37.793288626458,16.80364848742,26.));
#5084 = CARTESIAN_POINT('',(37.773097184174,16.827307038864,26.));
#5085 = CARTESIAN_POINT('',(37.751528532886,16.849993749514,26.));
#5086 = CARTESIAN_POINT('',(37.717306473734,16.882543243968,26.));
#5087 = CARTESIAN_POINT('',(37.705606515235,16.893131542862,26.));
#5088 = CARTESIAN_POINT('',(37.6936034514,16.903482107599,26.));
#5089 = CARTESIAN_POINT('',(37.681310367748,16.913597414228,26.));
#5090 = CARTESIAN_POINT('',(37.668740482983,16.923480922434,26.));
#5091 = CARTESIAN_POINT('',(37.631989686112,16.95113323177,26.));
#5092 = CARTESIAN_POINT('',(37.60715726361,16.968339184825,26.));
#5093 = CARTESIAN_POINT('',(37.581494297975,16.984783765569,26.));
#5094 = CARTESIAN_POINT('',(37.555082461102,17.00050330617,26.));
#5095 = CARTESIAN_POINT('',(37.527996735714,17.015538040127,26.));
#5096 = CARTESIAN_POINT('',(37.408259468648,17.077753534905,26.));
#5097 = CARTESIAN_POINT('',(37.309618769431,17.118393303192,26.));
#5098 = CARTESIAN_POINT('',(37.206500493084,17.15353660437,26.));
#5099 = CARTESIAN_POINT('',(37.100392552597,17.184393080717,26.));
#5100 = CARTESIAN_POINT('',(36.992133880591,17.211846169512,26.));
#5101 = CARTESIAN_POINT('',(36.881981981982,17.23659043659,26.));
#5102 = FACE_BOUND('',#5103,.T.);
#5103 = EDGE_LOOP('',(#5104,#5114,#5122,#5130,#5138,#5146,#5154,#5162,
    #5170,#5212,#5244,#5252,#5301,#5343,#5351,#5359));
#5104 = ORIENTED_EDGE('',*,*,#5105,.T.);
#5105 = EDGE_CURVE('',#5106,#5108,#5110,.T.);
#5106 = VERTEX_POINT('',#5107);
#5107 = CARTESIAN_POINT('',(40.952390852391,20.701593901594,26.));
#5108 = VERTEX_POINT('',#5109);
#5109 = CARTESIAN_POINT('',(42.554608454608,20.701593901594,26.));
#5110 = LINE('',#5111,#5112);
#5111 = CARTESIAN_POINT('',(19.827304227304,20.701593901594,26.));
#5112 = VECTOR('',#5113,1.);
#5113 = DIRECTION('',(1.,0.,0.));
#5114 = ORIENTED_EDGE('',*,*,#5115,.T.);
#5115 = EDGE_CURVE('',#5108,#5116,#5118,.T.);
#5116 = VERTEX_POINT('',#5117);
#5117 = CARTESIAN_POINT('',(42.554608454608,22.331531531532,26.));
#5118 = LINE('',#5119,#5120);
#5119 = CARTESIAN_POINT('',(42.554608454608,9.715765765766,26.));
#5120 = VECTOR('',#5121,1.);
#5121 = DIRECTION('',(0.,1.,0.));
#5122 = ORIENTED_EDGE('',*,*,#5123,.T.);
#5123 = EDGE_CURVE('',#5116,#5124,#5126,.T.);
#5124 = VERTEX_POINT('',#5125);
#5125 = CARTESIAN_POINT('',(43.486001386001,22.331531531532,26.));
#5126 = LINE('',#5127,#5128);
#5127 = CARTESIAN_POINT('',(20.293000693001,22.331531531532,26.));
#5128 = VECTOR('',#5129,1.);
#5129 = DIRECTION('',(1.,0.,0.));
#5130 = ORIENTED_EDGE('',*,*,#5131,.T.);
#5131 = EDGE_CURVE('',#5124,#5132,#5134,.T.);
#5132 = VERTEX_POINT('',#5133);
#5133 = CARTESIAN_POINT('',(43.486001386001,20.701593901594,26.));
#5134 = LINE('',#5135,#5136);
#5135 = CARTESIAN_POINT('',(43.486001386001,8.900796950797,26.));
#5136 = VECTOR('',#5137,1.);
#5137 = DIRECTION('',(0.,-1.,0.));
#5138 = ORIENTED_EDGE('',*,*,#5139,.T.);
#5139 = EDGE_CURVE('',#5132,#5140,#5142,.T.);
#5140 = VERTEX_POINT('',#5141);
#5141 = CARTESIAN_POINT('',(45.925363825364,20.701593901594,26.));
#5142 = LINE('',#5143,#5144);
#5143 = CARTESIAN_POINT('',(21.512681912682,20.701593901594,26.));
#5144 = VECTOR('',#5145,1.);
#5145 = DIRECTION('',(1.,0.,0.));
#5146 = ORIENTED_EDGE('',*,*,#5147,.T.);
#5147 = EDGE_CURVE('',#5140,#5148,#5150,.T.);
#5148 = VERTEX_POINT('',#5149);
#5149 = CARTESIAN_POINT('',(45.925363825364,19.897713097713,26.));
#5150 = LINE('',#5151,#5152);
#5151 = CARTESIAN_POINT('',(45.925363825364,8.498856548857,26.));
#5152 = VECTOR('',#5153,1.);
#5153 = DIRECTION('',(0.,-1.,0.));
#5154 = ORIENTED_EDGE('',*,*,#5155,.T.);
#5155 = EDGE_CURVE('',#5148,#5156,#5158,.T.);
#5156 = VERTEX_POINT('',#5157);
#5157 = CARTESIAN_POINT('',(43.497089397089,19.897713097713,26.));
#5158 = LINE('',#5159,#5160);
#5159 = CARTESIAN_POINT('',(20.298544698545,19.897713097713,26.));
#5160 = VECTOR('',#5161,1.);
#5161 = DIRECTION('',(-1.,0.,0.));
#5162 = ORIENTED_EDGE('',*,*,#5163,.T.);
#5163 = EDGE_CURVE('',#5156,#5164,#5166,.T.);
#5164 = VERTEX_POINT('',#5165);
#5165 = CARTESIAN_POINT('',(43.497089397089,16.504781704782,26.));
#5166 = LINE('',#5167,#5168);
#5167 = CARTESIAN_POINT('',(43.497089397089,6.802390852391,26.));
#5168 = VECTOR('',#5169,1.);
#5169 = DIRECTION('',(0.,-1.,0.));
#5170 = ORIENTED_EDGE('',*,*,#5171,.T.);
#5171 = EDGE_CURVE('',#5164,#5172,#5174,.T.);
#5172 = VERTEX_POINT('',#5173);
#5173 = CARTESIAN_POINT('',(44.805474705475,15.495772695773,26.));
#5174 = B_SPLINE_CURVE_WITH_KNOTS('',6,(#5175,#5176,#5177,#5178,#5179,
    #5180,#5181,#5182,#5183,#5184,#5185,#5186,#5187,#5188,#5189,#5190,
    #5191,#5192,#5193,#5194,#5195,#5196,#5197,#5198,#5199,#5200,#5201,
    #5202,#5203,#5204,#5205,#5206,#5207,#5208,#5209,#5210,#5211),
  .UNSPECIFIED.,.F.,.F.,(7,5,5,5,5,5,5,7),(0.,0.123939572895,
    0.191386167688,0.329399279085,0.465222935844,0.532168745656,
    0.652626162586,1.),.UNSPECIFIED.);
#5175 = CARTESIAN_POINT('',(43.497089397089,16.504781704782,26.));
#5176 = CARTESIAN_POINT('',(43.497089397089,16.465573666883,26.));
#5177 = CARTESIAN_POINT('',(43.49841176382,16.426543211689,26.));
#5178 = CARTESIAN_POINT('',(43.501136330565,16.387749981554,26.));
#5179 = CARTESIAN_POINT('',(43.505345504111,16.349268319921,26.));
#5180 = CARTESIAN_POINT('',(43.511117283351,16.311185675236,26.));
#5181 = CARTESIAN_POINT('',(43.522545820254,16.253147827753,26.));
#5182 = CARTESIAN_POINT('',(43.52705569362,16.232842221649,26.));
#5183 = CARTESIAN_POINT('',(43.532058806047,16.21270049763,26.));
#5184 = CARTESIAN_POINT('',(43.537564458354,16.192739730887,26.));
#5185 = CARTESIAN_POINT('',(43.543580344122,16.172977760704,26.));
#5186 = CARTESIAN_POINT('',(43.563479125396,16.113439963854,26.));
#5187 = CARTESIAN_POINT('',(43.579008889545,16.07435186045,26.));
#5188 = CARTESIAN_POINT('',(43.596749169788,16.036336710646,26.));
#5189 = CARTESIAN_POINT('',(43.61671180945,15.999556440489,26.));
#5190 = CARTESIAN_POINT('',(43.638861703766,15.964160151461,26.));
#5191 = CARTESIAN_POINT('',(43.68696436489,15.896931771825,26.));
#5192 = CARTESIAN_POINT('',(43.712855883163,15.865045537144,26.));
#5193 = CARTESIAN_POINT('',(43.740692215244,15.834742535763,26.));
#5194 = CARTESIAN_POINT('',(43.770350549746,15.806100957891,26.));
#5195 = CARTESIAN_POINT('',(43.80168229072,15.779161057808,26.));
#5196 = CARTESIAN_POINT('',(43.850708899072,15.741498501043,26.));
#5197 = CARTESIAN_POINT('',(43.8672628394,15.729479176156,26.));
#5198 = CARTESIAN_POINT('',(43.884165173091,15.717875503301,26.));
#5199 = CARTESIAN_POINT('',(43.901397011493,15.706686151071,26.));
#5200 = CARTESIAN_POINT('',(43.918939633996,15.695908045965,26.));
#5201 = CARTESIAN_POINT('',(43.968865226119,15.666874337957,26.));
#5202 = CARTESIAN_POINT('',(44.001902008474,15.649528655033,26.));
#5203 = CARTESIAN_POINT('',(44.035778941437,15.633471603915,26.));
#5204 = CARTESIAN_POINT('',(44.070396381452,15.618662099407,26.));
#5205 = CARTESIAN_POINT('',(44.10566430617,15.605051140804,26.));
#5206 = CARTESIAN_POINT('',(44.244864680065,15.556644058337,26.));
#5207 = CARTESIAN_POINT('',(44.352885815179,15.530277111928,26.));
#5208 = CARTESIAN_POINT('',(44.463917560436,15.512132518033,26.));
#5209 = CARTESIAN_POINT('',(44.576760239347,15.500970187932,26.));
#5210 = CARTESIAN_POINT('',(44.690693323583,15.495772695773,26.));
#5211 = CARTESIAN_POINT('',(44.805474705475,15.495772695773,26.));
#5212 = ORIENTED_EDGE('',*,*,#5213,.T.);
#5213 = EDGE_CURVE('',#5172,#5214,#5216,.T.);
#5214 = VERTEX_POINT('',#5215);
#5215 = CARTESIAN_POINT('',(45.908731808732,15.529036729037,26.));
#5216 = B_SPLINE_CURVE_WITH_KNOTS('',6,(#5217,#5218,#5219,#5220,#5221,
    #5222,#5223,#5224,#5225,#5226,#5227,#5228,#5229,#5230,#5231,#5232,
    #5233,#5234,#5235,#5236,#5237,#5238,#5239,#5240,#5241,#5242,#5243),
  .UNSPECIFIED.,.F.,.F.,(7,5,5,5,5,7),(0.,0.208453312478,0.391770205724,
    0.609322603413,0.818104694389,1.),.UNSPECIFIED.);
#5217 = CARTESIAN_POINT('',(44.805474705475,15.495772695773,26.));
#5218 = CARTESIAN_POINT('',(44.842547805485,15.495772695773,26.));
#5219 = CARTESIAN_POINT('',(44.880873389148,15.495932570935,26.));
#5220 = CARTESIAN_POINT('',(44.920068919042,15.496222614467,26.));
#5221 = CARTESIAN_POINT('',(44.959906354996,15.496625994658,26.));
#5222 = CARTESIAN_POINT('',(45.000218010933,15.497129963279,26.));
#5223 = CARTESIAN_POINT('',(45.076666193107,15.498250709135,26.));
#5224 = CARTESIAN_POINT('',(45.112712215146,15.498846416965,26.));
#5225 = CARTESIAN_POINT('',(45.148948580015,15.499507612497,26.));
#5226 = CARTESIAN_POINT('',(45.185306617118,15.500230365548,26.));
#5227 = CARTESIAN_POINT('',(45.221726105956,15.501012181027,26.));
#5228 = CARTESIAN_POINT('',(45.301372569405,15.502847704148,26.));
#5229 = CARTESIAN_POINT('',(45.344598011593,15.503924844468,26.));
#5230 = CARTESIAN_POINT('',(45.387727264527,15.505080703923,26.));
#5231 = CARTESIAN_POINT('',(45.430660710637,15.506314753693,26.));
#5232 = CARTESIAN_POINT('',(45.473279025329,15.50762853745,26.));
#5233 = CARTESIAN_POINT('',(45.555873327747,15.510367111756,26.));
#5234 = CARTESIAN_POINT('',(45.595871739317,15.511784855967,26.));
#5235 = CARTESIAN_POINT('',(45.635302077272,15.513283252394,26.));
#5236 = CARTESIAN_POINT('',(45.673967069642,15.514868156625,26.));
#5237 = CARTESIAN_POINT('',(45.711593016635,15.51654647833,26.));
#5238 = CARTESIAN_POINT('',(45.779161950696,15.519887025497,26.));
#5239 = CARTESIAN_POINT('',(45.809392372847,15.521519703608,26.));
#5240 = CARTESIAN_POINT('',(45.838196285429,15.523243124584,26.));
#5241 = CARTESIAN_POINT('',(45.865031764596,15.525067560103,26.));
#5242 = CARTESIAN_POINT('',(45.889022183842,15.526997802324,26.));
#5243 = CARTESIAN_POINT('',(45.908731808732,15.529036729037,26.));
#5244 = ORIENTED_EDGE('',*,*,#5245,.T.);
#5245 = EDGE_CURVE('',#5214,#5246,#5248,.T.);
#5246 = VERTEX_POINT('',#5247);
#5247 = CARTESIAN_POINT('',(45.908731808732,14.7306999307,26.));
#5248 = LINE('',#5249,#5250);
#5249 = CARTESIAN_POINT('',(45.908731808732,5.91534996535,26.));
#5250 = VECTOR('',#5251,1.);
#5251 = DIRECTION('',(0.,-1.,0.));
#5252 = ORIENTED_EDGE('',*,*,#5253,.T.);
#5253 = EDGE_CURVE('',#5246,#5254,#5256,.T.);
#5254 = VERTEX_POINT('',#5255);
#5255 = CARTESIAN_POINT('',(44.738946638947,14.67525987526,26.));
#5256 = B_SPLINE_CURVE_WITH_KNOTS('',7,(#5257,#5258,#5259,#5260,#5261,
    #5262,#5263,#5264,#5265,#5266,#5267,#5268,#5269,#5270,#5271,#5272,
    #5273,#5274,#5275,#5276,#5277,#5278,#5279,#5280,#5281,#5282,#5283,
    #5284,#5285,#5286,#5287,#5288,#5289,#5290,#5291,#5292,#5293,#5294,
    #5295,#5296,#5297,#5298,#5299,#5300),.UNSPECIFIED.,.F.,.F.,(8,6,6,6,
    6,6,6,8),(0.,8.58654167587E-02,0.252265341391,0.422941010795,
    0.552167806923,0.636753383413,0.779358923527,1.),.UNSPECIFIED.);
#5257 = CARTESIAN_POINT('',(45.908731808732,14.7306999307,26.));
#5258 = CARTESIAN_POINT('',(45.900960262563,14.729260755483,26.));
#5259 = CARTESIAN_POINT('',(45.892175672575,14.727860008806,26.));
#5260 = CARTESIAN_POINT('',(45.882544471271,14.726498442245,26.));
#5261 = CARTESIAN_POINT('',(45.872207415782,14.725175771114,26.));
#5262 = CARTESIAN_POINT('',(45.86127899813,14.723890779535,26.));
#5263 = CARTESIAN_POINT('',(45.849846855497,14.722641425516,26.));
#5264 = CARTESIAN_POINT('',(45.814957125449,14.719067511539,26.));
#5265 = CARTESIAN_POINT('',(45.790315478711,14.716837266672,26.));
#5266 = CARTESIAN_POINT('',(45.764510003431,14.714715447952,26.));
#5267 = CARTESIAN_POINT('',(45.737833508952,14.712690628357,26.));
#5268 = CARTESIAN_POINT('',(45.710483902166,14.71075359151,26.));
#5269 = CARTESIAN_POINT('',(45.682597367643,14.708895210938,26.));
#5270 = CARTESIAN_POINT('',(45.625151292036,14.705273517287,26.));
#5271 = CARTESIAN_POINT('',(45.595595160336,14.703515554144,26.));
#5272 = CARTESIAN_POINT('',(45.565675590637,14.701826182515,26.));
#5273 = CARTESIAN_POINT('',(45.535469867881,14.700200425314,26.));
#5274 = CARTESIAN_POINT('',(45.505037962118,14.698634560492,26.));
#5275 = CARTESIAN_POINT('',(45.474428389728,14.697125616047,26.));
#5276 = CARTESIAN_POINT('',(45.420397549262,14.694570325863,26.));
#5277 = CARTESIAN_POINT('',(45.397037348039,14.693500694614,26.));
#5278 = CARTESIAN_POINT('',(45.373616486448,14.692461591899,26.));
#5279 = CARTESIAN_POINT('',(45.350151112307,14.691452375372,26.));
#5280 = CARTESIAN_POINT('',(45.326656168938,14.690472642841,26.));
#5281 = CARTESIAN_POINT('',(45.303145906463,14.689522210036,26.));
#5282 = CARTESIAN_POINT('',(45.264244899806,14.687998166924,26.));
#5283 = CARTESIAN_POINT('',(45.248854964931,14.687407807908,26.));
#5284 = CARTESIAN_POINT('',(45.233468495531,14.686830016368,26.));
#5285 = CARTESIAN_POINT('',(45.218089504872,14.686264840442,26.));
#5286 = CARTESIAN_POINT('',(45.20272211243,14.68571237136,26.));
#5287 = CARTESIAN_POINT('',(45.18737054389,14.685172743444,26.));
#5288 = CARTESIAN_POINT('',(45.146191409982,14.683758306519,26.));
#5289 = CARTESIAN_POINT('',(45.120401505434,14.682907495382,26.));
#5290 = CARTESIAN_POINT('',(45.09469010547,14.68209456871,26.));
#5291 = CARTESIAN_POINT('',(45.069080018819,14.681320756456,26.));
#5292 = CARTESIAN_POINT('',(45.043597600325,14.680587773689,26.));
#5293 = CARTESIAN_POINT('',(45.0182741763,14.679897943764,26.));
#5294 = CARTESIAN_POINT('',(44.954271115234,14.67825850107,26.));
#5295 = CARTESIAN_POINT('',(44.915918441987,14.677374633551,26.));
#5296 = CARTESIAN_POINT('',(44.878165618214,14.676612234364,26.));
#5297 = CARTESIAN_POINT('',(44.841178897385,14.675986751869,26.));
#5298 = CARTESIAN_POINT('',(44.805285860446,14.675525053003,26.));
#5299 = CARTESIAN_POINT('',(44.77092217911,14.67525987526,26.));
#5300 = CARTESIAN_POINT('',(44.738946638947,14.67525987526,26.));
#5301 = ORIENTED_EDGE('',*,*,#5302,.T.);
#5302 = EDGE_CURVE('',#5254,#5303,#5305,.T.);
#5303 = VERTEX_POINT('',#5304);
#5304 = CARTESIAN_POINT('',(42.554608454608,16.493693693694,26.));
#5305 = B_SPLINE_CURVE_WITH_KNOTS('',6,(#5306,#5307,#5308,#5309,#5310,
    #5311,#5312,#5313,#5314,#5315,#5316,#5317,#5318,#5319,#5320,#5321,
    #5322,#5323,#5324,#5325,#5326,#5327,#5328,#5329,#5330,#5331,#5332,
    #5333,#5334,#5335,#5336,#5337,#5338,#5339,#5340,#5341,#5342),
  .UNSPECIFIED.,.F.,.F.,(7,5,5,5,5,5,5,7),(0.,0.336983888107,
    0.437279336437,0.49039088328,0.598715304751,0.736536025482,
    0.813587167606,1.),.UNSPECIFIED.);
#5306 = CARTESIAN_POINT('',(44.738946638947,14.67525987526,26.));
#5307 = CARTESIAN_POINT('',(44.551226957575,14.67525987526,26.));
#5308 = CARTESIAN_POINT('',(44.364265224065,14.682427657086,26.));
#5309 = CARTESIAN_POINT('',(44.177971362505,14.698200570129,26.));
#5310 = CARTESIAN_POINT('',(43.993250038059,14.724660600948,26.));
#5311 = CARTESIAN_POINT('',(43.8120153023,14.764633598646,26.));
#5312 = CARTESIAN_POINT('',(43.58520294112,14.838974961327,26.));
#5313 = CARTESIAN_POINT('',(43.533779759312,14.857550957164,26.));
#5314 = CARTESIAN_POINT('',(43.483050374335,14.877742603605,26.));
#5315 = CARTESIAN_POINT('',(43.433131345294,14.899640817207,26.));
#5316 = CARTESIAN_POINT('',(43.384156496302,14.923327596106,26.));
#5317 = CARTESIAN_POINT('',(43.31091528417,14.962391345838,26.));
#5318 = CARTESIAN_POINT('',(43.28586422683,14.976434957545,26.));
#5319 = CARTESIAN_POINT('',(43.261141533233,14.991007344429,26.));
#5320 = CARTESIAN_POINT('',(43.236770120801,15.006115856947,26.));
#5321 = CARTESIAN_POINT('',(43.212773487336,15.02176564162,26.));
#5322 = CARTESIAN_POINT('',(43.141046525945,15.070988346105,26.));
#5323 = CARTESIAN_POINT('',(43.094570187896,15.106284461706,26.));
#5324 = CARTESIAN_POINT('',(43.049960609364,15.143863308246,26.));
#5325 = CARTESIAN_POINT('',(43.007415147695,15.183699019544,26.));
#5326 = CARTESIAN_POINT('',(42.967102160775,15.225710666332,26.));
#5327 = CARTESIAN_POINT('',(42.880860354317,15.325777383402,26.));
#5328 = CARTESIAN_POINT('',(42.836375387455,15.385104772711,26.));
#5329 = CARTESIAN_POINT('',(42.795967775172,15.447416966772,26.));
#5330 = CARTESIAN_POINT('',(42.759705177571,15.512327165433,26.));
#5331 = CARTESIAN_POINT('',(42.727508887213,15.579413051336,26.));
#5332 = CARTESIAN_POINT('',(42.683395103312,15.686741532178,26.));
#5333 = CARTESIAN_POINT('',(42.668793121475,15.725783453425,26.));
#5334 = CARTESIAN_POINT('',(42.655376971419,15.765313489563,26.));
#5335 = CARTESIAN_POINT('',(42.643107084626,15.80526956087,26.));
#5336 = CARTESIAN_POINT('',(42.631938809381,15.845595614258,26.));
#5337 = CARTESIAN_POINT('',(42.597359338881,15.984582680389,26.));
#5338 = CARTESIAN_POINT('',(42.579077470905,16.084773113248,26.));
#5339 = CARTESIAN_POINT('',(42.566300789901,16.186180614536,26.));
#5340 = CARTESIAN_POINT('',(42.558341844589,16.288319607465,26.));
#5341 = CARTESIAN_POINT('',(42.554608454608,16.390873099416,26.));
#5342 = CARTESIAN_POINT('',(42.554608454608,16.493693693694,26.));
#5343 = ORIENTED_EDGE('',*,*,#5344,.T.);
#5344 = EDGE_CURVE('',#5303,#5345,#5347,.T.);
#5345 = VERTEX_POINT('',#5346);
#5346 = CARTESIAN_POINT('',(42.554608454608,19.897713097713,26.));
#5347 = LINE('',#5348,#5349);
#5348 = CARTESIAN_POINT('',(42.554608454608,8.498856548857,26.));
#5349 = VECTOR('',#5350,1.);
#5350 = DIRECTION('',(0.,1.,0.));
#5351 = ORIENTED_EDGE('',*,*,#5352,.T.);
#5352 = EDGE_CURVE('',#5345,#5353,#5355,.T.);
#5353 = VERTEX_POINT('',#5354);
#5354 = CARTESIAN_POINT('',(40.952390852391,19.897713097713,26.));
#5355 = LINE('',#5356,#5357);
#5356 = CARTESIAN_POINT('',(19.026195426195,19.897713097713,26.));
#5357 = VECTOR('',#5358,1.);
#5358 = DIRECTION('',(-1.,0.,0.));
#5359 = ORIENTED_EDGE('',*,*,#5360,.T.);
#5360 = EDGE_CURVE('',#5353,#5106,#5361,.T.);
#5361 = LINE('',#5362,#5363);
#5362 = CARTESIAN_POINT('',(40.952390852391,8.900796950797,26.));
#5363 = VECTOR('',#5364,1.);
#5364 = DIRECTION('',(0.,1.,0.));
#5365 = FACE_BOUND('',#5366,.T.);
#5366 = EDGE_LOOP('',(#5367,#5377,#5404,#5439,#5474,#5482,#5490,#5532,
    #5564,#5572,#5604,#5646,#5654,#5662));
#5367 = ORIENTED_EDGE('',*,*,#5368,.T.);
#5368 = EDGE_CURVE('',#5369,#5371,#5373,.T.);
#5369 = VERTEX_POINT('',#5370);
#5370 = CARTESIAN_POINT('',(51.908454608455,15.601108801109,26.));
#5371 = VERTEX_POINT('',#5372);
#5372 = CARTESIAN_POINT('',(51.814206514207,15.601108801109,26.));
#5373 = LINE('',#5374,#5375);
#5374 = CARTESIAN_POINT('',(24.457103257103,15.601108801109,26.));
#5375 = VECTOR('',#5376,1.);
#5376 = DIRECTION('',(-1.,0.,0.));
#5377 = ORIENTED_EDGE('',*,*,#5378,.T.);
#5378 = EDGE_CURVE('',#5371,#5379,#5381,.T.);
#5379 = VERTEX_POINT('',#5380);
#5380 = CARTESIAN_POINT('',(49.995772695773,14.597643797644,26.));
#5381 = B_SPLINE_CURVE_WITH_KNOTS('',6,(#5382,#5383,#5384,#5385,#5386,
    #5387,#5388,#5389,#5390,#5391,#5392,#5393,#5394,#5395,#5396,#5397,
    #5398,#5399,#5400,#5401,#5402,#5403),.UNSPECIFIED.,.F.,.F.,(7,5,5,5,
    7),(0.,0.187870786784,0.481284069022,0.641954844927,1.),
  .UNSPECIFIED.);
#5382 = CARTESIAN_POINT('',(51.814206514207,15.601108801109,26.));
#5383 = CARTESIAN_POINT('',(51.786181195804,15.538590783133,26.));
#5384 = CARTESIAN_POINT('',(51.755113839115,15.477595466467,26.));
#5385 = CARTESIAN_POINT('',(51.721004489704,15.418339268246,26.));
#5386 = CARTESIAN_POINT('',(51.683892251814,15.361026689181,26.));
#5387 = CARTESIAN_POINT('',(51.643861389881,15.305845387034,26.));
#5388 = CARTESIAN_POINT('',(51.53418134244,15.170367737513,26.));
#5389 = CARTESIAN_POINT('',(51.460504400179,15.09334956975,26.));
#5390 = CARTESIAN_POINT('',(51.380547251619,15.022572058589,26.));
#5391 = CARTESIAN_POINT('',(51.295021187489,14.958381835523,26.));
#5392 = CARTESIAN_POINT('',(51.204719438044,14.900904183654,26.));
#5393 = CARTESIAN_POINT('',(51.058862427424,14.822265925621,26.));
#5394 = CARTESIAN_POINT('',(51.006060015542,14.796434048967,26.));
#5395 = CARTESIAN_POINT('',(50.952190193558,14.772583389651,26.));
#5396 = CARTESIAN_POINT('',(50.897373236903,14.750685771647,26.));
#5397 = CARTESIAN_POINT('',(50.841721490984,14.730701514111,26.));
#5398 = CARTESIAN_POINT('',(50.659687136635,14.672210979735,26.));
#5399 = CARTESIAN_POINT('',(50.530425256476,14.641117778248,26.));
#5400 = CARTESIAN_POINT('',(50.398628424796,14.618763665359,26.));
#5401 = CARTESIAN_POINT('',(50.265182818857,14.604489142521,26.));
#5402 = CARTESIAN_POINT('',(50.130752414159,14.597643797644,26.));
#5403 = CARTESIAN_POINT('',(49.995772695773,14.597643797644,26.));
#5404 = ORIENTED_EDGE('',*,*,#5405,.T.);
#5405 = EDGE_CURVE('',#5379,#5406,#5408,.T.);
#5406 = VERTEX_POINT('',#5407);
#5407 = CARTESIAN_POINT('',(48.083090783091,16.410533610534,26.));
#5408 = B_SPLINE_CURVE_WITH_KNOTS('',5,(#5409,#5410,#5411,#5412,#5413,
    #5414,#5415,#5416,#5417,#5418,#5419,#5420,#5421,#5422,#5423,#5424,
    #5425,#5426,#5427,#5428,#5429,#5430,#5431,#5432,#5433,#5434,#5435,
    #5436,#5437,#5438),.UNSPECIFIED.,.F.,.F.,(6,4,4,4,4,4,4,6),(0.,
    0.231586916069,0.346857907075,0.417078673361,0.569626448428,
    0.75479563062,0.842798325756,1.),.UNSPECIFIED.);
#5409 = CARTESIAN_POINT('',(49.995772695773,14.597643797644,26.));
#5410 = CARTESIAN_POINT('',(49.856471751236,14.597643797644,26.));
#5411 = CARTESIAN_POINT('',(49.717542455105,14.606493718726,26.));
#5412 = CARTESIAN_POINT('',(49.579731900034,14.62499933574,26.));
#5413 = CARTESIAN_POINT('',(49.444192525832,14.654020949816,26.));
#5414 = CARTESIAN_POINT('',(49.246823259196,14.714076879725,26.));
#5415 = CARTESIAN_POINT('',(49.18216729165,14.73677797675,26.));
#5416 = CARTESIAN_POINT('',(49.118635688542,14.762287705819,26.));
#5417 = CARTESIAN_POINT('',(49.056439520394,14.790649969291,26.));
#5418 = CARTESIAN_POINT('',(48.958863779854,14.840882486971,26.));
#5419 = CARTESIAN_POINT('',(48.922503396555,14.860957866434,26.));
#5420 = CARTESIAN_POINT('',(48.886772326049,14.88209290283,26.));
#5421 = CARTESIAN_POINT('',(48.851721672701,14.904281820359,26.));
#5422 = CARTESIAN_POINT('',(48.742848236435,14.977978874377,26.));
#5423 = CARTESIAN_POINT('',(48.671739260448,15.033366531096,26.));
#5424 = CARTESIAN_POINT('',(48.604617685322,15.093536691809,26.));
#5425 = CARTESIAN_POINT('',(48.541960955785,15.158219272493,26.));
#5426 = CARTESIAN_POINT('',(48.413949756537,15.310433351959,26.));
#5427 = CARTESIAN_POINT('',(48.350864711602,15.399916060208,26.));
#5428 = CARTESIAN_POINT('',(48.295556845623,15.49462554964,26.));
#5429 = CARTESIAN_POINT('',(48.248275209314,15.593611098397,26.));
#5430 = CARTESIAN_POINT('',(48.190295276803,15.74446781472,26.));
#5431 = CARTESIAN_POINT('',(48.173417691621,15.79381068207,26.));
#5432 = CARTESIAN_POINT('',(48.158332846644,15.843795264865,26.));
#5433 = CARTESIAN_POINT('',(48.145019295411,15.894324972662,26.));
#5434 = CARTESIAN_POINT('',(48.112761528188,16.036383411376,26.));
#5435 = CARTESIAN_POINT('',(48.097622941655,16.128907623604,26.));
#5436 = CARTESIAN_POINT('',(48.087831658081,16.222372498991,26.));
#5437 = CARTESIAN_POINT('',(48.083090783091,16.316355209422,26.));
#5438 = CARTESIAN_POINT('',(48.083090783091,16.410533610534,26.));
#5439 = ORIENTED_EDGE('',*,*,#5440,.T.);
#5440 = EDGE_CURVE('',#5406,#5441,#5443,.T.);
#5441 = VERTEX_POINT('',#5442);
#5442 = CARTESIAN_POINT('',(50.217532917533,18.179071379071,26.));
#5443 = B_SPLINE_CURVE_WITH_KNOTS('',5,(#5444,#5445,#5446,#5447,#5448,
    #5449,#5450,#5451,#5452,#5453,#5454,#5455,#5456,#5457,#5458,#5459,
    #5460,#5461,#5462,#5463,#5464,#5465,#5466,#5467,#5468,#5469,#5470,
    #5471,#5472,#5473),.UNSPECIFIED.,.F.,.F.,(6,4,4,4,4,4,4,6),(0.,
    0.115988163804,0.180200407904,0.311155485325,0.447060931708,
    0.513625011463,0.635490081956,1.),.UNSPECIFIED.);
#5444 = CARTESIAN_POINT('',(48.083090783091,16.410533610534,26.));
#5445 = CARTESIAN_POINT('',(48.083090783091,16.482923104357,26.));
#5446 = CARTESIAN_POINT('',(48.086039552965,16.555163438412,26.));
#5447 = CARTESIAN_POINT('',(48.092160160083,16.627092660174,26.));
#5448 = CARTESIAN_POINT('',(48.101682225985,16.69848826073,26.));
#5449 = CARTESIAN_POINT('',(48.122039207244,16.808153332085,26.));
#5450 = CARTESIAN_POINT('',(48.130390385603,16.846983244186,26.));
#5451 = CARTESIAN_POINT('',(48.13986974532,16.885517681689,26.));
#5452 = CARTESIAN_POINT('',(48.150501062968,16.9237052098,26.));
#5453 = CARTESIAN_POINT('',(48.18636567487,17.038550246855,26.));
#5454 = CARTESIAN_POINT('',(48.215293298798,17.113948536255,26.));
#5455 = CARTESIAN_POINT('',(48.249211064236,17.187190677639,26.));
#5456 = CARTESIAN_POINT('',(48.28809300054,17.25779775292,26.));
#5457 = CARTESIAN_POINT('',(48.376891075438,17.395463416712,26.));
#5458 = CARTESIAN_POINT('',(48.427180343169,17.462304868653,26.));
#5459 = CARTESIAN_POINT('',(48.482236793252,17.525408605758,26.));
#5460 = CARTESIAN_POINT('',(48.541578700252,17.584536782293,26.));
#5461 = CARTESIAN_POINT('',(48.635528540463,17.66657365603,26.));
#5462 = CARTESIAN_POINT('',(48.66731084092,17.69257181038,26.));
#5463 = CARTESIAN_POINT('',(48.699924584595,17.717590616919,26.));
#5464 = CARTESIAN_POINT('',(48.733307017171,17.741632163286,26.));
#5465 = CARTESIAN_POINT('',(48.829807142826,17.806953965831,26.));
#5466 = CARTESIAN_POINT('',(48.894587164233,17.845960635916,26.));
#5467 = CARTESIAN_POINT('',(48.961366021662,17.88179577855,26.));
#5468 = CARTESIAN_POINT('',(49.029808708665,17.914602979464,26.));
#5469 = CARTESIAN_POINT('',(49.308557304718,18.034098755025,26.));
#5470 = CARTESIAN_POINT('',(49.529646432574,18.097862124051,26.));
#5471 = CARTESIAN_POINT('',(49.756704466558,18.140747203394,26.));
#5472 = CARTESIAN_POINT('',(49.98622865085,18.166897470299,26.));
#5473 = CARTESIAN_POINT('',(50.217532917533,18.179071379071,26.));
#5474 = ORIENTED_EDGE('',*,*,#5475,.T.);
#5475 = EDGE_CURVE('',#5441,#5476,#5478,.T.);
#5476 = VERTEX_POINT('',#5477);
#5477 = CARTESIAN_POINT('',(51.869646569647,18.262231462231,26.));
#5478 = LINE('',#5479,#5480);
#5479 = CARTESIAN_POINT('',(24.022771570449,16.860543123346,26.));
#5480 = VECTOR('',#5481,1.);
#5481 = DIRECTION('',(0.998735567407,5.027192453391E-02,0.));
#5482 = ORIENTED_EDGE('',*,*,#5483,.T.);
#5483 = EDGE_CURVE('',#5476,#5484,#5486,.T.);
#5484 = VERTEX_POINT('',#5485);
#5485 = CARTESIAN_POINT('',(51.869646569647,18.805544005544,26.));
#5486 = LINE('',#5487,#5488);
#5487 = CARTESIAN_POINT('',(51.869646569647,7.952772002772,26.));
#5488 = VECTOR('',#5489,1.);
#5489 = DIRECTION('',(0.,1.,0.));
#5490 = ORIENTED_EDGE('',*,*,#5491,.T.);
#5491 = EDGE_CURVE('',#5484,#5492,#5494,.T.);
#5492 = VERTEX_POINT('',#5493);
#5493 = CARTESIAN_POINT('',(50.572349272349,19.975329175329,26.));
#5494 = B_SPLINE_CURVE_WITH_KNOTS('',6,(#5495,#5496,#5497,#5498,#5499,
    #5500,#5501,#5502,#5503,#5504,#5505,#5506,#5507,#5508,#5509,#5510,
    #5511,#5512,#5513,#5514,#5515,#5516,#5517,#5518,#5519,#5520,#5521,
    #5522,#5523,#5524,#5525,#5526,#5527,#5528,#5529,#5530,#5531),
  .UNSPECIFIED.,.F.,.F.,(7,5,5,5,5,5,5,7),(0.,0.174755206036,
    0.260883536622,0.427840632332,0.559897573519,0.623151322959,
    0.732613884005,1.),.UNSPECIFIED.);
#5495 = CARTESIAN_POINT('',(51.869646569647,18.805544005544,26.));
#5496 = CARTESIAN_POINT('',(51.869646569647,18.864935026967,26.));
#5497 = CARTESIAN_POINT('',(51.867362241756,18.924048988029,26.));
#5498 = CARTESIAN_POINT('',(51.862608928797,18.982766399186,26.));
#5499 = CARTESIAN_POINT('',(51.85518313706,19.04091837729,26.));
#5500 = CARTESIAN_POINT('',(51.844883927809,19.098291724007,26.));
#5501 = CARTESIAN_POINT('',(51.824954931669,19.18240237036,26.));
#5502 = CARTESIAN_POINT('',(51.817634901785,19.209919315694,26.));
#5503 = CARTESIAN_POINT('',(51.809553584994,19.237153679323,26.));
#5504 = CARTESIAN_POINT('',(51.800692244009,19.264071585614,26.));
#5505 = CARTESIAN_POINT('',(51.791035385872,19.290637013969,26.));
#5506 = CARTESIAN_POINT('',(51.760289372817,19.367552480991,26.));
#5507 = CARTESIAN_POINT('',(51.736972013561,19.416837546423,26.));
#5508 = CARTESIAN_POINT('',(51.710546591768,19.464373842106,26.));
#5509 = CARTESIAN_POINT('',(51.681000929436,19.509876226416,26.));
#5510 = CARTESIAN_POINT('',(51.648410030395,19.553086624461,26.));
#5511 = CARTESIAN_POINT('',(51.584923908114,19.625989379591,26.));
#5512 = CARTESIAN_POINT('',(51.555092753673,19.656625852952,26.));
#5513 = CARTESIAN_POINT('',(51.523558280827,19.685598414641,26.));
#5514 = CARTESIAN_POINT('',(51.490435017696,19.712842388988,26.));
#5515 = CARTESIAN_POINT('',(51.455856183581,19.738325863435,26.));
#5516 = CARTESIAN_POINT('',(51.402777376987,19.773404133954,26.));
#5517 = CARTESIAN_POINT('',(51.385285887688,19.784359981031,26.));
#5518 = CARTESIAN_POINT('',(51.367508603502,19.794911105305,26.));
#5519 = CARTESIAN_POINT('',(51.349460862064,19.805058838312,26.));
#5520 = CARTESIAN_POINT('',(51.33115786317,19.81480588724,26.));
#5521 = CARTESIAN_POINT('',(51.280525099909,19.84033757255,26.));
#5522 = CARTESIAN_POINT('',(51.247716126632,19.85533087506,26.));
#5523 = CARTESIAN_POINT('',(51.214264715929,19.869156979489,26.));
#5524 = CARTESIAN_POINT('',(51.180243721902,19.881846436798,26.));
#5525 = CARTESIAN_POINT('',(51.145720025099,19.893436047309,26.));
#5526 = CARTESIAN_POINT('',(51.025337305332,19.929685276819,26.));
#5527 = CARTESIAN_POINT('',(50.937307394152,19.949068403774,26.));
#5528 = CARTESIAN_POINT('',(50.847464107055,19.962721484517,26.));
#5529 = CARTESIAN_POINT('',(50.756436952815,19.97128501954,26.));
#5530 = CARTESIAN_POINT('',(50.664656005251,19.975329175329,26.));
#5531 = CARTESIAN_POINT('',(50.572349272349,19.975329175329,26.));
#5532 = ORIENTED_EDGE('',*,*,#5533,.T.);
#5533 = EDGE_CURVE('',#5492,#5534,#5536,.T.);
#5534 = VERTEX_POINT('',#5535);
#5535 = CARTESIAN_POINT('',(49.236243936244,19.165904365904,26.));
#5536 = B_SPLINE_CURVE_WITH_KNOTS('',6,(#5537,#5538,#5539,#5540,#5541,
    #5542,#5543,#5544,#5545,#5546,#5547,#5548,#5549,#5550,#5551,#5552,
    #5553,#5554,#5555,#5556,#5557,#5558,#5559,#5560,#5561,#5562,#5563),
  .UNSPECIFIED.,.F.,.F.,(7,5,5,5,5,7),(0.,0.364685183669,0.518953790733,
    0.60865959117,0.796541197356,1.),.UNSPECIFIED.);
#5537 = CARTESIAN_POINT('',(50.572349272349,19.975329175329,26.));
#5538 = CARTESIAN_POINT('',(50.465055834952,19.975329175329,26.));
#5539 = CARTESIAN_POINT('',(50.358522278117,19.969694621143,26.));
#5540 = CARTESIAN_POINT('',(50.253143104549,19.957906715292,26.));
#5541 = CARTESIAN_POINT('',(50.149549322167,19.939369727426,26.));
#5542 = CARTESIAN_POINT('',(50.048603625675,19.913465950554,26.));
#5543 = CARTESIAN_POINT('',(49.910229103783,19.865385486628,26.));
#5544 = CARTESIAN_POINT('',(49.869763446908,19.849683855449,26.));
#5545 = CARTESIAN_POINT('',(49.830050823755,19.832536825358,26.));
#5546 = CARTESIAN_POINT('',(49.791184523338,19.813913077511,26.));
#5547 = CARTESIAN_POINT('',(49.753264286371,19.793790640344,26.));
#5548 = CARTESIAN_POINT('',(49.694953904491,19.759583530078,26.));
#5549 = CARTESIAN_POINT('',(49.673868913368,19.746496505778,26.));
#5550 = CARTESIAN_POINT('',(49.653159426121,19.732898141656,26.));
#5551 = CARTESIAN_POINT('',(49.632846059969,19.718788478291,26.));
#5552 = CARTESIAN_POINT('',(49.612949423941,19.704169363567,26.));
#5553 = CARTESIAN_POINT('',(49.552734164707,19.657366539576,26.));
#5554 = CARTESIAN_POINT('',(49.51389265823,19.623467219469,26.));
#5555 = CARTESIAN_POINT('',(49.477160408601,19.587386403452,26.));
#5556 = CARTESIAN_POINT('',(49.442713238077,19.549197480992,26.));
#5557 = CARTESIAN_POINT('',(49.410699285729,19.509013385587,26.));
#5558 = CARTESIAN_POINT('',(49.349318074493,19.421488012049,26.));
#5559 = CARTESIAN_POINT('',(49.320384418715,19.373821128196,26.));
#5560 = CARTESIAN_POINT('',(49.294573872757,19.324194119894,26.));
#5561 = CARTESIAN_POINT('',(49.271953824886,19.272834727546,26.));
#5562 = CARTESIAN_POINT('',(49.252526999887,19.219987398718,26.));
#5563 = CARTESIAN_POINT('',(49.236243936244,19.165904365904,26.));
#5564 = ORIENTED_EDGE('',*,*,#5565,.T.);
#5565 = EDGE_CURVE('',#5534,#5566,#5568,.T.);
#5566 = VERTEX_POINT('',#5567);
#5567 = CARTESIAN_POINT('',(48.310395010395,19.165904365904,26.));
#5568 = LINE('',#5569,#5570);
#5569 = CARTESIAN_POINT('',(22.705197505198,19.165904365904,26.));
#5570 = VECTOR('',#5571,1.);
#5571 = DIRECTION('',(-1.,0.,0.));
#5572 = ORIENTED_EDGE('',*,*,#5573,.T.);
#5573 = EDGE_CURVE('',#5566,#5574,#5576,.T.);
#5574 = VERTEX_POINT('',#5575);
#5575 = CARTESIAN_POINT('',(50.583437283437,20.790297990298,26.));
#5576 = B_SPLINE_CURVE_WITH_KNOTS('',6,(#5577,#5578,#5579,#5580,#5581,
    #5582,#5583,#5584,#5585,#5586,#5587,#5588,#5589,#5590,#5591,#5592,
    #5593,#5594,#5595,#5596,#5597,#5598,#5599,#5600,#5601,#5602,#5603),
  .UNSPECIFIED.,.F.,.F.,(7,5,5,5,5,7),(0.,0.119885710406,0.287187143548,
    0.371892006142,0.528687903478,1.),.UNSPECIFIED.);
#5577 = CARTESIAN_POINT('',(48.310395010395,19.165904365904,26.));
#5578 = CARTESIAN_POINT('',(48.317353954445,19.226447179139,26.));
#5579 = CARTESIAN_POINT('',(48.326966119785,19.286617565748,26.));
#5580 = CARTESIAN_POINT('',(48.339264994551,19.346266284342,26.));
#5581 = CARTESIAN_POINT('',(48.354257919359,19.405244454463,26.));
#5582 = CARTESIAN_POINT('',(48.371923649418,19.463404500181,26.));
#5583 = CARTESIAN_POINT('',(48.420519558921,19.600419380864,26.));
#5584 = CARTESIAN_POINT('',(48.453937209717,19.678373751338,26.));
#5585 = CARTESIAN_POINT('',(48.492319295473,19.754061275248,26.));
#5586 = CARTESIAN_POINT('',(48.535427722699,19.827153983222,26.));
#5587 = CARTESIAN_POINT('',(48.582953803575,19.897388634505,26.));
#5588 = CARTESIAN_POINT('',(48.66066142267,19.998563626872,26.));
#5589 = CARTESIAN_POINT('',(48.687823893581,20.031786847706,26.));
#5590 = CARTESIAN_POINT('',(48.715984638173,20.064201470496,26.));
#5591 = CARTESIAN_POINT('',(48.745098111546,20.095787235491,26.));
#5592 = CARTESIAN_POINT('',(48.775118180027,20.126528300288,26.));
#5593 = CARTESIAN_POINT('',(48.86315951584,20.211732802025,26.));
#5594 = CARTESIAN_POINT('',(48.923267444792,20.264117759421,26.));
#5595 = CARTESIAN_POINT('',(48.986030639767,20.313496283859,26.));
#5596 = CARTESIAN_POINT('',(49.051165514632,20.359840692623,26.));
#5597 = CARTESIAN_POINT('',(49.118406204144,20.403155576548,26.));
#5598 = CARTESIAN_POINT('',(49.39524723328,20.564634636177,26.));
#5599 = CARTESIAN_POINT('',(49.619559198664,20.658484825885,26.));
#5600 = CARTESIAN_POINT('',(49.854491819823,20.726207062949,26.));
#5601 = CARTESIAN_POINT('',(50.095407788765,20.7694807254,26.));
#5602 = CARTESIAN_POINT('',(50.339004587687,20.790297990298,26.));
#5603 = CARTESIAN_POINT('',(50.583437283437,20.790297990298,26.));
#5604 = ORIENTED_EDGE('',*,*,#5605,.T.);
#5605 = EDGE_CURVE('',#5574,#5606,#5608,.T.);
#5606 = VERTEX_POINT('',#5607);
#5607 = CARTESIAN_POINT('',(52.806583506584,18.816632016632,26.));
#5608 = B_SPLINE_CURVE_WITH_KNOTS('',6,(#5609,#5610,#5611,#5612,#5613,
    #5614,#5615,#5616,#5617,#5618,#5619,#5620,#5621,#5622,#5623,#5624,
    #5625,#5626,#5627,#5628,#5629,#5630,#5631,#5632,#5633,#5634,#5635,
    #5636,#5637,#5638,#5639,#5640,#5641,#5642,#5643,#5644,#5645),
  .UNSPECIFIED.,.F.,.F.,(7,5,5,5,5,5,5,7),(0.,0.286804616853,
    0.39785896838,0.46069256247,0.591652360466,0.750869297893,
    0.833519907095,1.),.UNSPECIFIED.);
#5609 = CARTESIAN_POINT('',(50.583437283437,20.790297990298,26.));
#5610 = CARTESIAN_POINT('',(50.7473773748,20.790297990298,26.));
#5611 = CARTESIAN_POINT('',(50.910908578962,20.782544685481,26.));
#5612 = CARTESIAN_POINT('',(51.07367459131,20.766073670343,26.));
#5613 = CARTESIAN_POINT('',(51.234854964054,20.739689983914,26.));
#5614 = CARTESIAN_POINT('',(51.393170685708,20.702029740599,26.));
#5615 = CARTESIAN_POINT('',(51.606459634508,20.632296273289,26.));
#5616 = CARTESIAN_POINT('',(51.665297317672,20.610945570084,26.));
#5617 = CARTESIAN_POINT('',(51.723329060435,20.587636971284,26.));
#5618 = CARTESIAN_POINT('',(51.780429829989,20.562303777686,26.));
#5619 = CARTESIAN_POINT('',(51.836461359946,20.534891773748,26.));
#5620 = CARTESIAN_POINT('',(51.922289115465,20.488661384921,26.));
#5621 = CARTESIAN_POINT('',(51.952912920685,20.471279922554,26.));
#5622 = CARTESIAN_POINT('',(51.983119834004,20.453215776727,26.));
#5623 = CARTESIAN_POINT('',(52.012882186223,20.434465181465,26.));
#5624 = CARTESIAN_POINT('',(52.0421718789,20.41502696022,26.));
#5625 = CARTESIAN_POINT('',(52.130962313477,20.35295853245,26.));
#5626 = CARTESIAN_POINT('',(52.188793862533,20.308029493496,26.));
#5627 = CARTESIAN_POINT('',(52.244186419747,20.260138393609,26.));
#5628 = CARTESIAN_POINT('',(52.29689265843,20.209356954976,26.));
#5629 = CARTESIAN_POINT('',(52.346698226484,20.155817448891,26.));
#5630 = CARTESIAN_POINT('',(52.450252681395,20.031528415714,26.));
#5631 = CARTESIAN_POINT('',(52.502549138603,19.959539257563,26.));
#5632 = CARTESIAN_POINT('',(52.550008008966,19.884129837433,26.));
#5633 = CARTESIAN_POINT('',(52.592496090932,19.805734784465,26.));
#5634 = CARTESIAN_POINT('',(52.630020565495,19.724823846332,26.));
#5635 = CARTESIAN_POINT('',(52.679645558771,19.598815960716,26.));
#5636 = CARTESIAN_POINT('',(52.695296454722,19.55520265592,26.));
#5637 = CARTESIAN_POINT('',(52.70965679183,19.51109741354,26.));
#5638 = CARTESIAN_POINT('',(52.722750598511,19.466559182605,26.));
#5639 = CARTESIAN_POINT('',(52.734607379559,19.421642923267,26.));
#5640 = CARTESIAN_POINT('',(52.766716840349,19.285265261679,26.));
#5641 = CARTESIAN_POINT('',(52.783285744134,19.192808218246,26.));
#5642 = CARTESIAN_POINT('',(52.795241781784,19.099424205618,26.));
#5643 = CARTESIAN_POINT('',(52.802900544155,19.005442504092,26.));
#5644 = CARTESIAN_POINT('',(52.806583506584,18.911119330474,26.));
#5645 = CARTESIAN_POINT('',(52.806583506584,18.816632016632,26.));
#5646 = ORIENTED_EDGE('',*,*,#5647,.T.);
#5647 = EDGE_CURVE('',#5606,#5648,#5650,.T.);
#5648 = VERTEX_POINT('',#5649);
#5649 = CARTESIAN_POINT('',(52.806583506584,14.697435897436,26.));
#5650 = LINE('',#5651,#5652);
#5651 = CARTESIAN_POINT('',(52.806583506584,5.898717948718,26.));
#5652 = VECTOR('',#5653,1.);
#5653 = DIRECTION('',(0.,-1.,0.));
#5654 = ORIENTED_EDGE('',*,*,#5655,.T.);
#5655 = EDGE_CURVE('',#5648,#5656,#5658,.T.);
#5656 = VERTEX_POINT('',#5657);
#5657 = CARTESIAN_POINT('',(51.908454608455,14.697435897436,26.));
#5658 = LINE('',#5659,#5660);
#5659 = CARTESIAN_POINT('',(24.504227304227,14.697435897436,26.));
#5660 = VECTOR('',#5661,1.);
#5661 = DIRECTION('',(-1.,0.,0.));
#5662 = ORIENTED_EDGE('',*,*,#5663,.T.);
#5663 = EDGE_CURVE('',#5656,#5369,#5664,.T.);
#5664 = LINE('',#5665,#5666);
#5665 = CARTESIAN_POINT('',(51.908454608455,6.350554400554,26.));
#5666 = VECTOR('',#5667,1.);
#5667 = DIRECTION('',(0.,1.,0.));
#5668 = FACE_BOUND('',#5669,.T.);
#5669 = EDGE_LOOP('',(#5670,#5680,#5688,#5696,#5733,#5754,#5762,#5781,
    #5823,#5831,#5839,#5847,#5855,#5863,#5871,#5879,#5887));
#5670 = ORIENTED_EDGE('',*,*,#5671,.T.);
#5671 = EDGE_CURVE('',#5672,#5674,#5676,.T.);
#5672 = VERTEX_POINT('',#5673);
#5673 = CARTESIAN_POINT('',(55.136174636175,20.718225918226,26.));
#5674 = VERTEX_POINT('',#5675);
#5675 = CARTESIAN_POINT('',(57.381496881497,20.718225918226,26.));
#5676 = LINE('',#5677,#5678);
#5677 = CARTESIAN_POINT('',(27.240748440748,20.718225918226,26.));
#5678 = VECTOR('',#5679,1.);
#5679 = DIRECTION('',(1.,0.,0.));
#5680 = ORIENTED_EDGE('',*,*,#5681,.T.);
#5681 = EDGE_CURVE('',#5674,#5682,#5684,.T.);
#5682 = VERTEX_POINT('',#5683);
#5683 = CARTESIAN_POINT('',(57.381496881497,19.182536382536,26.));
#5684 = LINE('',#5685,#5686);
#5685 = CARTESIAN_POINT('',(57.381496881497,8.141268191268,26.));
#5686 = VECTOR('',#5687,1.);
#5687 = DIRECTION('',(0.,-1.,0.));
#5688 = ORIENTED_EDGE('',*,*,#5689,.T.);
#5689 = EDGE_CURVE('',#5682,#5690,#5692,.T.);
#5690 = VERTEX_POINT('',#5691);
#5691 = CARTESIAN_POINT('',(57.503465003465,19.182536382536,26.));
#5692 = LINE('',#5693,#5694);
#5693 = CARTESIAN_POINT('',(27.301732501732,19.182536382536,26.));
#5694 = VECTOR('',#5695,1.);
#5695 = DIRECTION('',(1.,0.,0.));
#5696 = ORIENTED_EDGE('',*,*,#5697,.T.);
#5697 = EDGE_CURVE('',#5690,#5698,#5700,.T.);
#5698 = VERTEX_POINT('',#5699);
#5699 = CARTESIAN_POINT('',(59.632363132363,20.873458073458,26.));
#5700 = B_SPLINE_CURVE_WITH_KNOTS('',6,(#5701,#5702,#5703,#5704,#5705,
    #5706,#5707,#5708,#5709,#5710,#5711,#5712,#5713,#5714,#5715,#5716,
    #5717,#5718,#5719,#5720,#5721,#5722,#5723,#5724,#5725,#5726,#5727,
    #5728,#5729,#5730,#5731,#5732),.UNSPECIFIED.,.F.,.F.,(7,5,5,5,5,5,7)
  ,(0.,0.187435224798,0.281224856468,0.46564045678,0.665572534827,
    0.772072866691,1.),.UNSPECIFIED.);
#5701 = CARTESIAN_POINT('',(57.503465003465,19.182536382536,26.));
#5702 = CARTESIAN_POINT('',(57.521911563733,19.275230347882,26.));
#5703 = CARTESIAN_POINT('',(57.543695686971,19.367066990385,26.));
#5704 = CARTESIAN_POINT('',(57.569050257451,19.457839249813,26.));
#5705 = CARTESIAN_POINT('',(57.598219134637,19.547270877811,26.));
#5706 = CARTESIAN_POINT('',(57.63142930775,19.635027099572,26.));
#5707 = CARTESIAN_POINT('',(57.687594305,19.763607291745,26.));
#5708 = CARTESIAN_POINT('',(57.707382463056,19.805972827743,26.));
#5709 = CARTESIAN_POINT('',(57.72824940278,19.84777279569,26.));
#5710 = CARTESIAN_POINT('',(57.750213493775,19.888954737853,26.));
#5711 = CARTESIAN_POINT('',(57.773287880396,19.929463816785,26.));
#5712 = CARTESIAN_POINT('',(57.845044540412,20.047461945159,26.));
#5713 = CARTESIAN_POINT('',(57.89693624874,20.122876375653,26.));
#5714 = CARTESIAN_POINT('',(57.953186932939,20.195031359332,26.));
#5715 = CARTESIAN_POINT('',(58.013740310185,20.263496151176,26.));
#5716 = CARTESIAN_POINT('',(58.078417416262,20.327895004339,26.));
#5717 = CARTESIAN_POINT('',(58.221109705367,20.453031213589,26.));
#5718 = CARTESIAN_POINT('',(58.299815158098,20.513027146375,26.));
#5719 = CARTESIAN_POINT('',(58.382573148464,20.567545992382,26.));
#5720 = CARTESIAN_POINT('',(58.46887238492,20.616442498476,26.));
#5721 = CARTESIAN_POINT('',(58.558155801373,20.659746688368,26.));
#5722 = CARTESIAN_POINT('',(58.698708637055,20.717772092346,26.));
#5723 = CARTESIAN_POINT('',(58.748251080585,20.736396423071,26.));
#5724 = CARTESIAN_POINT('',(58.798408326693,20.753502735534,26.));
#5725 = CARTESIAN_POINT('',(58.849106202287,20.769125322738,26.));
#5726 = CARTESIAN_POINT('',(58.900276206201,20.783305200297,26.));
#5727 = CARTESIAN_POINT('',(59.062247022677,20.823441609311,26.));
#5728 = CARTESIAN_POINT('',(59.174503157373,20.844388628897,26.));
#5729 = CARTESIAN_POINT('',(59.288049165635,20.859375945508,26.));
#5730 = CARTESIAN_POINT('',(59.402417147355,20.868906485534,26.));
#5731 = CARTESIAN_POINT('',(59.517261660239,20.873458073458,26.));
#5732 = CARTESIAN_POINT('',(59.632363132363,20.873458073458,26.));
#5733 = ORIENTED_EDGE('',*,*,#5734,.T.);
#5734 = EDGE_CURVE('',#5698,#5735,#5737,.T.);
#5735 = VERTEX_POINT('',#5736);
#5736 = CARTESIAN_POINT('',(60.502772002772,20.740401940402,26.));
#5737 = B_SPLINE_CURVE_WITH_KNOTS('',8,(#5738,#5739,#5740,#5741,#5742,
    #5743,#5744,#5745,#5746,#5747,#5748,#5749,#5750,#5751,#5752,#5753),
  .UNSPECIFIED.,.F.,.F.,(9,7,9),(0.,0.935249456375,1.),.UNSPECIFIED.);
#5738 = CARTESIAN_POINT('',(59.632363132363,20.873458073458,26.));
#5739 = CARTESIAN_POINT('',(59.744807316776,20.873458073458,26.));
#5740 = CARTESIAN_POINT('',(59.856331617918,20.869389647844,26.));
#5741 = CARTESIAN_POINT('',(59.966500826319,20.861395791021,26.));
#5742 = CARTESIAN_POINT('',(60.074605314583,20.849439411367,26.));
#5743 = CARTESIAN_POINT('',(60.179628811757,20.833399801524,26.));
#5744 = CARTESIAN_POINT('',(60.280024701229,20.813037147624,26.));
#5745 = CARTESIAN_POINT('',(60.37381233274,20.788059465556,26.));
#5746 = CARTESIAN_POINT('',(60.463529359061,20.755748858907,26.));
#5747 = CARTESIAN_POINT('',(60.469290283878,20.753631947337,26.));
#5748 = CARTESIAN_POINT('',(60.475001714735,20.751490106473,26.));
#5749 = CARTESIAN_POINT('',(60.48066242026,20.749323191034,26.));
#5750 = CARTESIAN_POINT('',(60.486271130256,20.747131057524,26.));
#5751 = CARTESIAN_POINT('',(60.491826535706,20.744913564233,26.));
#5752 = CARTESIAN_POINT('',(60.497327288766,20.742670571238,26.));
#5753 = CARTESIAN_POINT('',(60.502772002772,20.740401940402,26.));
#5754 = ORIENTED_EDGE('',*,*,#5755,.T.);
#5755 = EDGE_CURVE('',#5735,#5756,#5758,.T.);
#5756 = VERTEX_POINT('',#5757);
#5757 = CARTESIAN_POINT('',(60.502772002772,19.681496881497,26.));
#5758 = LINE('',#5759,#5760);
#5759 = CARTESIAN_POINT('',(60.502772002772,8.390748440748,26.));
#5760 = VECTOR('',#5761,1.);
#5761 = DIRECTION('',(0.,-1.,0.));
#5762 = ORIENTED_EDGE('',*,*,#5763,.T.);
#5763 = EDGE_CURVE('',#5756,#5764,#5766,.T.);
#5764 = VERTEX_POINT('',#5765);
#5765 = CARTESIAN_POINT('',(59.510395010395,19.847817047817,26.));
#5766 = B_SPLINE_CURVE_WITH_KNOTS('',7,(#5767,#5768,#5769,#5770,#5771,
    #5772,#5773,#5774,#5775,#5776,#5777,#5778,#5779,#5780),
  .UNSPECIFIED.,.F.,.F.,(8,6,8),(0.,0.572622087447,1.),.UNSPECIFIED.);
#5767 = CARTESIAN_POINT('',(60.502772002772,19.681496881497,26.));
#5768 = CARTESIAN_POINT('',(60.430281325515,19.707593525309,26.));
#5769 = CARTESIAN_POINT('',(60.353971902406,19.731172572746,26.));
#5770 = CARTESIAN_POINT('',(60.274985288144,19.752409261077,26.));
#5771 = CARTESIAN_POINT('',(60.194078147077,19.771371868373,26.));
#5772 = CARTESIAN_POINT('',(60.111853231078,19.788088141552,26.));
#5773 = CARTESIAN_POINT('',(60.028767544176,19.802535977133,26.));
#5774 = CARTESIAN_POINT('',(59.882842817749,19.82364470397,26.));
#5775 = CARTESIAN_POINT('',(59.820245243489,19.831346549926,26.));
#5776 = CARTESIAN_POINT('',(59.757591369736,19.837690666514,26.));
#5777 = CARTESIAN_POINT('',(59.695064154941,19.842613577225,26.));
#5778 = CARTESIAN_POINT('',(59.6328623739,19.846028194419,26.));
#5779 = CARTESIAN_POINT('',(59.571214166913,19.847817047817,26.));
#5780 = CARTESIAN_POINT('',(59.510395010395,19.847817047817,26.));
#5781 = ORIENTED_EDGE('',*,*,#5782,.T.);
#5782 = EDGE_CURVE('',#5764,#5783,#5785,.T.);
#5783 = VERTEX_POINT('',#5784);
#5784 = CARTESIAN_POINT('',(57.392584892585,17.397366597367,26.));
#5785 = B_SPLINE_CURVE_WITH_KNOTS('',6,(#5786,#5787,#5788,#5789,#5790,
    #5791,#5792,#5793,#5794,#5795,#5796,#5797,#5798,#5799,#5800,#5801,
    #5802,#5803,#5804,#5805,#5806,#5807,#5808,#5809,#5810,#5811,#5812,
    #5813,#5814,#5815,#5816,#5817,#5818,#5819,#5820,#5821,#5822),
  .UNSPECIFIED.,.F.,.F.,(7,5,5,5,5,5,5,7),(0.,0.146064426479,
    0.222911223334,0.376263007858,0.512989996987,0.578672216037,
    0.695570197305,1.),.UNSPECIFIED.);
#5786 = CARTESIAN_POINT('',(59.510395010395,19.847817047817,26.));
#5787 = CARTESIAN_POINT('',(59.420577240705,19.847817047817,26.));
#5788 = CARTESIAN_POINT('',(59.330877803983,19.844461947195,26.));
#5789 = CARTESIAN_POINT('',(59.241453267025,19.837530141391,26.));
#5790 = CARTESIAN_POINT('',(59.152511299905,19.826789179059,26.));
#5791 = CARTESIAN_POINT('',(59.064307198276,19.81201895637,26.));
#5792 = CARTESIAN_POINT('',(58.93128058226,19.783047106005,26.));
#5793 = CARTESIAN_POINT('',(58.885708651226,19.771893154949,26.));
#5794 = CARTESIAN_POINT('',(58.840469166377,19.759546689542,26.));
#5795 = CARTESIAN_POINT('',(58.79561015523,19.745984467128,26.));
#5796 = CARTESIAN_POINT('',(58.75118260166,19.73118795754,26.));
#5797 = CARTESIAN_POINT('',(58.619550036267,19.683130232177,26.));
#5798 = CARTESIAN_POINT('',(58.533775235102,19.646145655353,26.));
#5799 = CARTESIAN_POINT('',(58.450368638422,19.604101952629,26.));
#5800 = CARTESIAN_POINT('',(58.369773963973,19.557002829692,26.));
#5801 = CARTESIAN_POINT('',(58.292406281578,19.504976592579,26.));
#5802 = CARTESIAN_POINT('',(58.152856993052,19.397782436798,26.));
#5803 = CARTESIAN_POINT('',(58.089923937518,19.343555568781,26.));
#5804 = CARTESIAN_POINT('',(58.0300921612,19.285824418148,26.));
#5805 = CARTESIAN_POINT('',(57.973535928016,19.224842116328,26.));
#5806 = CARTESIAN_POINT('',(57.920358697805,19.160903213311,26.));
#5807 = CARTESIAN_POINT('',(57.846706248732,19.062347725582,26.));
#5808 = CARTESIAN_POINT('',(57.823595082674,19.029756277214,26.));
#5809 = CARTESIAN_POINT('',(57.801276826107,18.996589133988,26.));
#5810 = CARTESIAN_POINT('',(57.779752037159,18.96288013729,26.));
#5811 = CARTESIAN_POINT('',(57.759018133092,18.928662682014,26.));
#5812 = CARTESIAN_POINT('',(57.703565599559,18.832224883864,26.));
#5813 = CARTESIAN_POINT('',(57.67054944827,18.768973829206,26.));
#5814 = CARTESIAN_POINT('',(57.639989336667,18.704399312887,26.));
#5815 = CARTESIAN_POINT('',(57.611828661863,18.638672532037,26.));
#5816 = CARTESIAN_POINT('',(57.58599469332,18.571948651119,26.));
#5817 = CARTESIAN_POINT('',(57.500980721615,18.328351682458,26.));
#5818 = CARTESIAN_POINT('',(57.454831732962,18.146608293188,26.));
#5819 = CARTESIAN_POINT('',(57.422421203284,17.961296443139,26.));
#5820 = CARTESIAN_POINT('',(57.402147590737,17.774048204012,26.));
#5821 = CARTESIAN_POINT('',(57.392584892585,17.585916963529,26.));
#5822 = CARTESIAN_POINT('',(57.392584892585,17.397366597367,26.));
#5823 = ORIENTED_EDGE('',*,*,#5824,.T.);
#5824 = EDGE_CURVE('',#5783,#5825,#5827,.T.);
#5825 = VERTEX_POINT('',#5826);
#5826 = CARTESIAN_POINT('',(57.392584892585,15.456964656965,26.));
#5827 = LINE('',#5828,#5829);
#5828 = CARTESIAN_POINT('',(57.392584892585,6.278482328482,26.));
#5829 = VECTOR('',#5830,1.);
#5830 = DIRECTION('',(0.,-1.,0.));
#5831 = ORIENTED_EDGE('',*,*,#5832,.T.);
#5832 = EDGE_CURVE('',#5825,#5833,#5835,.T.);
#5833 = VERTEX_POINT('',#5834);
#5834 = CARTESIAN_POINT('',(59.255370755371,15.456964656965,26.));
#5835 = LINE('',#5836,#5837);
#5836 = CARTESIAN_POINT('',(28.177685377685,15.456964656965,26.));
#5837 = VECTOR('',#5838,1.);
#5838 = DIRECTION('',(1.,0.,0.));
#5839 = ORIENTED_EDGE('',*,*,#5840,.T.);
#5840 = EDGE_CURVE('',#5833,#5841,#5843,.T.);
#5841 = VERTEX_POINT('',#5842);
#5842 = CARTESIAN_POINT('',(59.255370755371,14.70297990298,26.));
#5843 = LINE('',#5844,#5845);
#5844 = CARTESIAN_POINT('',(59.255370755371,5.90148995149,26.));
#5845 = VECTOR('',#5846,1.);
#5846 = DIRECTION('',(0.,-1.,0.));
#5847 = ORIENTED_EDGE('',*,*,#5848,.T.);
#5848 = EDGE_CURVE('',#5841,#5849,#5851,.T.);
#5849 = VERTEX_POINT('',#5850);
#5850 = CARTESIAN_POINT('',(55.258142758143,14.70297990298,26.));
#5851 = LINE('',#5852,#5853);
#5852 = CARTESIAN_POINT('',(26.179071379071,14.70297990298,26.));
#5853 = VECTOR('',#5854,1.);
#5854 = DIRECTION('',(-1.,0.,0.));
#5855 = ORIENTED_EDGE('',*,*,#5856,.T.);
#5856 = EDGE_CURVE('',#5849,#5857,#5859,.T.);
#5857 = VERTEX_POINT('',#5858);
#5858 = CARTESIAN_POINT('',(55.258142758143,15.456964656965,26.));
#5859 = LINE('',#5860,#5861);
#5860 = CARTESIAN_POINT('',(55.258142758143,6.278482328482,26.));
#5861 = VECTOR('',#5862,1.);
#5862 = DIRECTION('',(0.,1.,0.));
#5863 = ORIENTED_EDGE('',*,*,#5864,.T.);
#5864 = EDGE_CURVE('',#5857,#5865,#5867,.T.);
#5865 = VERTEX_POINT('',#5866);
#5866 = CARTESIAN_POINT('',(56.47227997228,15.456964656965,26.));
#5867 = LINE('',#5868,#5869);
#5868 = CARTESIAN_POINT('',(26.78613998614,15.456964656965,26.));
#5869 = VECTOR('',#5870,1.);
#5870 = DIRECTION('',(1.,0.,0.));
#5871 = ORIENTED_EDGE('',*,*,#5872,.T.);
#5872 = EDGE_CURVE('',#5865,#5873,#5875,.T.);
#5873 = VERTEX_POINT('',#5874);
#5874 = CARTESIAN_POINT('',(56.47227997228,19.964241164241,26.));
#5875 = LINE('',#5876,#5877);
#5876 = CARTESIAN_POINT('',(56.47227997228,8.532120582121,26.));
#5877 = VECTOR('',#5878,1.);
#5878 = DIRECTION('',(0.,1.,0.));
#5879 = ORIENTED_EDGE('',*,*,#5880,.T.);
#5880 = EDGE_CURVE('',#5873,#5881,#5883,.T.);
#5881 = VERTEX_POINT('',#5882);
#5882 = CARTESIAN_POINT('',(55.136174636175,19.964241164241,26.));
#5883 = LINE('',#5884,#5885);
#5884 = CARTESIAN_POINT('',(26.118087318087,19.964241164241,26.));
#5885 = VECTOR('',#5886,1.);
#5886 = DIRECTION('',(-1.,0.,0.));
#5887 = ORIENTED_EDGE('',*,*,#5888,.T.);
#5888 = EDGE_CURVE('',#5881,#5672,#5889,.T.);
#5889 = LINE('',#5890,#5891);
#5890 = CARTESIAN_POINT('',(55.136174636175,8.909112959113,26.));
#5891 = VECTOR('',#5892,1.);
#5892 = DIRECTION('',(0.,1.,0.));
#5893 = FACE_BOUND('',#5894,.T.);
#5894 = EDGE_LOOP('',(#5895,#5905,#5913,#5921,#5929,#5937,#5945,#5953,
    #5961,#5969));
#5895 = ORIENTED_EDGE('',*,*,#5896,.T.);
#5896 = EDGE_CURVE('',#5897,#5899,#5901,.T.);
#5897 = VERTEX_POINT('',#5898);
#5898 = CARTESIAN_POINT('',(9.096534996535,15.484684684685,26.));
#5899 = VERTEX_POINT('',#5900);
#5900 = CARTESIAN_POINT('',(11.081288981289,15.484684684685,26.));
#5901 = LINE('',#5902,#5903);
#5902 = CARTESIAN_POINT('',(4.090644490644,15.484684684685,26.));
#5903 = VECTOR('',#5904,1.);
#5904 = DIRECTION('',(1.,0.,0.));
#5905 = ORIENTED_EDGE('',*,*,#5906,.T.);
#5906 = EDGE_CURVE('',#5899,#5907,#5909,.T.);
#5907 = VERTEX_POINT('',#5908);
#5908 = CARTESIAN_POINT('',(11.081288981289,14.70297990298,26.));
#5909 = LINE('',#5910,#5911);
#5910 = CARTESIAN_POINT('',(11.081288981289,5.90148995149,26.));
#5911 = VECTOR('',#5912,1.);
#5912 = DIRECTION('',(0.,-1.,0.));
#5913 = ORIENTED_EDGE('',*,*,#5914,.T.);
#5914 = EDGE_CURVE('',#5907,#5915,#5917,.T.);
#5915 = VERTEX_POINT('',#5916);
#5916 = CARTESIAN_POINT('',(6.097227997228,14.70297990298,26.));
#5917 = LINE('',#5918,#5919);
#5918 = CARTESIAN_POINT('',(1.598613998614,14.70297990298,26.));
#5919 = VECTOR('',#5920,1.);
#5920 = DIRECTION('',(-1.,0.,0.));
#5921 = ORIENTED_EDGE('',*,*,#5922,.T.);
#5922 = EDGE_CURVE('',#5915,#5923,#5925,.T.);
#5923 = VERTEX_POINT('',#5924);
#5924 = CARTESIAN_POINT('',(6.097227997228,15.484684684685,26.));
#5925 = LINE('',#5926,#5927);
#5926 = CARTESIAN_POINT('',(6.097227997228,6.292342342342,26.));
#5927 = VECTOR('',#5928,1.);
#5928 = DIRECTION('',(0.,1.,0.));
#5929 = ORIENTED_EDGE('',*,*,#5930,.T.);
#5930 = EDGE_CURVE('',#5923,#5931,#5933,.T.);
#5931 = VERTEX_POINT('',#5932);
#5932 = CARTESIAN_POINT('',(8.154054054054,15.484684684685,26.));
#5933 = LINE('',#5934,#5935);
#5934 = CARTESIAN_POINT('',(2.627027027027,15.484684684685,26.));
#5935 = VECTOR('',#5936,1.);
#5936 = DIRECTION('',(1.,0.,0.));
#5937 = ORIENTED_EDGE('',*,*,#5938,.T.);
#5938 = EDGE_CURVE('',#5931,#5939,#5941,.T.);
#5939 = VERTEX_POINT('',#5940);
#5940 = CARTESIAN_POINT('',(8.154054054054,22.298267498267,26.));
#5941 = LINE('',#5942,#5943);
#5942 = CARTESIAN_POINT('',(8.154054054054,9.699133749134,26.));
#5943 = VECTOR('',#5944,1.);
#5944 = DIRECTION('',(0.,1.,0.));
#5945 = ORIENTED_EDGE('',*,*,#5946,.T.);
#5946 = EDGE_CURVE('',#5939,#5947,#5949,.T.);
#5947 = VERTEX_POINT('',#5948);
#5948 = CARTESIAN_POINT('',(6.11386001386,22.298267498267,26.));
#5949 = LINE('',#5950,#5951);
#5950 = CARTESIAN_POINT('',(1.60693000693,22.298267498267,26.));
#5951 = VECTOR('',#5952,1.);
#5952 = DIRECTION('',(-1.,0.,0.));
#5953 = ORIENTED_EDGE('',*,*,#5954,.T.);
#5954 = EDGE_CURVE('',#5947,#5955,#5957,.T.);
#5955 = VERTEX_POINT('',#5956);
#5956 = CARTESIAN_POINT('',(6.11386001386,23.079972279972,26.));
#5957 = LINE('',#5958,#5959);
#5958 = CARTESIAN_POINT('',(6.11386001386,10.089986139986,26.));
#5959 = VECTOR('',#5960,1.);
#5960 = DIRECTION('',(0.,1.,0.));
#5961 = ORIENTED_EDGE('',*,*,#5962,.T.);
#5962 = EDGE_CURVE('',#5955,#5963,#5965,.T.);
#5963 = VERTEX_POINT('',#5964);
#5964 = CARTESIAN_POINT('',(9.096534996535,23.079972279972,26.));
#5965 = LINE('',#5966,#5967);
#5966 = CARTESIAN_POINT('',(3.098267498267,23.079972279972,26.));
#5967 = VECTOR('',#5968,1.);
#5968 = DIRECTION('',(1.,0.,0.));
#5969 = ORIENTED_EDGE('',*,*,#5970,.T.);
#5970 = EDGE_CURVE('',#5963,#5897,#5971,.T.);
#5971 = LINE('',#5972,#5973);
#5972 = CARTESIAN_POINT('',(9.096534996535,6.292342342342,26.));
#5973 = VECTOR('',#5974,1.);
#5974 = DIRECTION('',(0.,-1.,0.));
#5975 = FACE_BOUND('',#5976,.T.);
#5976 = EDGE_LOOP('',(#5977,#5987,#5995,#6003,#6035,#6077,#6085,#6127,
    #6159,#6167,#6175,#6183));
#5977 = ORIENTED_EDGE('',*,*,#5978,.T.);
#5978 = EDGE_CURVE('',#5979,#5981,#5983,.T.);
#5979 = VERTEX_POINT('',#5980);
#5980 = CARTESIAN_POINT('',(24.960152460152,14.70297990298,26.));
#5981 = VERTEX_POINT('',#5982);
#5982 = CARTESIAN_POINT('',(24.034303534304,14.70297990298,26.));
#5983 = LINE('',#5984,#5985);
#5984 = CARTESIAN_POINT('',(10.567151767152,14.70297990298,26.));
#5985 = VECTOR('',#5986,1.);
#5986 = DIRECTION('',(-1.,0.,0.));
#5987 = ORIENTED_EDGE('',*,*,#5988,.T.);
#5988 = EDGE_CURVE('',#5981,#5989,#5991,.T.);
#5989 = VERTEX_POINT('',#5990);
#5990 = CARTESIAN_POINT('',(24.034303534304,15.623284823285,26.));
#5991 = LINE('',#5992,#5993);
#5992 = CARTESIAN_POINT('',(24.034303534304,6.361642411642,26.));
#5993 = VECTOR('',#5994,1.);
#5994 = DIRECTION('',(0.,1.,0.));
#5995 = ORIENTED_EDGE('',*,*,#5996,.T.);
#5996 = EDGE_CURVE('',#5989,#5997,#5999,.T.);
#5997 = VERTEX_POINT('',#5998);
#5998 = CARTESIAN_POINT('',(23.928967428967,15.623284823285,26.));
#5999 = LINE('',#6000,#6001);
#6000 = CARTESIAN_POINT('',(10.514483714484,15.623284823285,26.));
#6001 = VECTOR('',#6002,1.);
#6002 = DIRECTION('',(-1.,0.,0.));
#6003 = ORIENTED_EDGE('',*,*,#6004,.T.);
#6004 = EDGE_CURVE('',#5997,#6005,#6007,.T.);
#6005 = VERTEX_POINT('',#6006);
#6006 = CARTESIAN_POINT('',(22.127165627166,14.603187803188,26.));
#6007 = B_SPLINE_CURVE_WITH_KNOTS('',6,(#6008,#6009,#6010,#6011,#6012,
    #6013,#6014,#6015,#6016,#6017,#6018,#6019,#6020,#6021,#6022,#6023,
    #6024,#6025,#6026,#6027,#6028,#6029,#6030,#6031,#6032,#6033,#6034),
  .UNSPECIFIED.,.F.,.F.,(7,5,5,5,5,7),(0.,9.481608037359E-02,
    0.29493724086,0.565957240839,0.707077232831,1.),.UNSPECIFIED.);
#6008 = CARTESIAN_POINT('',(23.928967428967,15.623284823285,26.));
#6009 = CARTESIAN_POINT('',(23.914278139813,15.591807775097,26.));
#6010 = CARTESIAN_POINT('',(23.898921759835,15.560691031972,26.));
#6011 = CARTESIAN_POINT('',(23.882892748029,15.529958404881,26.));
#6012 = CARTESIAN_POINT('',(23.866187716862,15.499633946079,26.));
#6013 = CARTESIAN_POINT('',(23.848805432267,15.469741949107,26.));
#6014 = CARTESIAN_POINT('',(23.792631847281,15.378180710295,26.));
#6015 = CARTESIAN_POINT('',(23.751501201911,15.318085000428,26.));
#6016 = CARTESIAN_POINT('',(23.707370513166,15.260258506679,26.));
#6017 = CARTESIAN_POINT('',(23.660298443231,15.204921287882,26.));
#6018 = CARTESIAN_POINT('',(23.610394930062,15.152266850666,26.));
#6019 = CARTESIAN_POINT('',(23.486641062483,15.034994005693,26.));
#6020 = CARTESIAN_POINT('',(23.410550781892,14.972727727148,26.));
#6021 = CARTESIAN_POINT('',(23.329988747658,14.916065705399,26.));
#6022 = CARTESIAN_POINT('',(23.245479035611,14.865195252995,26.));
#6023 = CARTESIAN_POINT('',(23.157599966351,14.820131781969,26.));
#6024 = CARTESIAN_POINT('',(23.019740128501,14.760274194743,26.));
#6025 = CARTESIAN_POINT('',(22.971777077646,14.741321658148,26.));
#6026 = CARTESIAN_POINT('',(22.923133230043,14.723895445598,26.));
#6027 = CARTESIAN_POINT('',(22.873883073297,14.70796913852,26.));
#6028 = CARTESIAN_POINT('',(22.824096447017,14.693509510897,26.));
#6029 = CARTESIAN_POINT('',(22.66951458173,14.653432460132,26.));
#6030 = CARTESIAN_POINT('',(22.563165938557,14.632546776674,26.));
#6031 = CARTESIAN_POINT('',(22.455344662462,14.617480461187,26.));
#6032 = CARTESIAN_POINT('',(22.346514976796,14.607828169386,26.));
#6033 = CARTESIAN_POINT('',(22.237037561011,14.603187803188,26.));
#6034 = CARTESIAN_POINT('',(22.127165627166,14.603187803188,26.));
#6035 = ORIENTED_EDGE('',*,*,#6036,.T.);
#6036 = EDGE_CURVE('',#6005,#6037,#6039,.T.);
#6037 = VERTEX_POINT('',#6038);
#6038 = CARTESIAN_POINT('',(19.826403326403,17.15343035343,26.));
#6039 = B_SPLINE_CURVE_WITH_KNOTS('',6,(#6040,#6041,#6042,#6043,#6044,
    #6045,#6046,#6047,#6048,#6049,#6050,#6051,#6052,#6053,#6054,#6055,
    #6056,#6057,#6058,#6059,#6060,#6061,#6062,#6063,#6064,#6065,#6066,
    #6067,#6068,#6069,#6070,#6071,#6072,#6073,#6074,#6075,#6076),
  .UNSPECIFIED.,.F.,.F.,(7,5,5,5,5,5,5,7),(0.,0.13917336247,
    0.218160117618,0.383208507977,0.533988789024,0.605533391415,
    0.726499915491,1.),.UNSPECIFIED.);
#6040 = CARTESIAN_POINT('',(22.127165627166,14.603187803188,26.));
#6041 = CARTESIAN_POINT('',(22.03697842808,14.603187803188,26.));
#6042 = CARTESIAN_POINT('',(21.946878949552,14.60655990489,26.));
#6043 = CARTESIAN_POINT('',(21.85702561365,14.613468467461,26.));
#6044 = CARTESIAN_POINT('',(21.767609957213,14.624074623818,26.));
#6045 = CARTESIAN_POINT('',(21.678854624356,14.638521611685,26.));
#6046 = CARTESIAN_POINT('',(21.541156599622,14.667362025659,26.));
#6047 = CARTESIAN_POINT('',(21.491595637941,14.679076470232,26.));
#6048 = CARTESIAN_POINT('',(21.44237519811,14.692084085567,26.));
#6049 = CARTESIAN_POINT('',(21.393544175425,14.706400924735,26.));
#6050 = CARTESIAN_POINT('',(21.345153636297,14.722038446673,26.));
#6051 = CARTESIAN_POINT('',(21.197173042092,14.774453224307,26.));
#6052 = CARTESIAN_POINT('',(21.099229869479,14.815703992674,26.));
#6053 = CARTESIAN_POINT('',(21.003938322699,14.862804762445,26.));
#6054 = CARTESIAN_POINT('',(20.911794625531,14.91570467265,26.));
#6055 = CARTESIAN_POINT('',(20.823265254923,14.974229694542,26.));
#6056 = CARTESIAN_POINT('',(20.661583007036,15.096370896228,26.));
#6057 = CARTESIAN_POINT('',(20.58774744715,15.159120841754,26.));
#6058 = CARTESIAN_POINT('',(20.517584906067,15.226068420467,26.));
#6059 = CARTESIAN_POINT('',(20.451328566409,15.296913986099,26.));
#6060 = CARTESIAN_POINT('',(20.389136778089,15.371312283128,26.));
#6061 = CARTESIAN_POINT('',(20.303568631351,15.48569410655,26.));
#6062 = CARTESIAN_POINT('',(20.276967874117,15.523219174404,26.));
#6063 = CARTESIAN_POINT('',(20.251311139793,15.561422014573,26.));
#6064 = CARTESIAN_POINT('',(20.226603743466,15.600263871391,26.));
#6065 = CARTESIAN_POINT('',(20.202847539867,15.63970622425,26.));
#6066 = CARTESIAN_POINT('',(20.141479843551,15.747349894025,26.));
#6067 = CARTESIAN_POINT('',(20.105633655851,15.816596662209,26.));
#6068 = CARTESIAN_POINT('',(20.072495434253,15.887267935222,26.));
#6069 = CARTESIAN_POINT('',(20.042033488906,15.959189308956,26.));
#6070 = CARTESIAN_POINT('',(20.01419838962,16.032198587286,26.));
#6071 = CARTESIAN_POINT('',(19.931799228039,16.273348461705,26.));
#6072 = CARTESIAN_POINT('',(19.887804661126,16.445314615833,26.));
#6073 = CARTESIAN_POINT('',(19.856202676793,16.620438703164,26.));
#6074 = CARTESIAN_POINT('',(19.836051729241,16.797415712716,26.));
#6075 = CARTESIAN_POINT('',(19.826403326403,16.975282505676,26.));
#6076 = CARTESIAN_POINT('',(19.826403326403,17.15343035343,26.));
#6077 = ORIENTED_EDGE('',*,*,#6078,.T.);
#6078 = EDGE_CURVE('',#6037,#6079,#6081,.T.);
#6079 = VERTEX_POINT('',#6080);
#6080 = CARTESIAN_POINT('',(19.826403326403,18.273319473319,26.));
#6081 = LINE('',#6082,#6083);
#6082 = CARTESIAN_POINT('',(19.826403326403,7.68665973666,26.));
#6083 = VECTOR('',#6084,1.);
#6084 = DIRECTION('',(0.,1.,0.));
#6085 = ORIENTED_EDGE('',*,*,#6086,.T.);
#6086 = EDGE_CURVE('',#6079,#6087,#6089,.T.);
#6087 = VERTEX_POINT('',#6088);
#6088 = CARTESIAN_POINT('',(22.127165627166,20.818018018018,26.));
#6089 = B_SPLINE_CURVE_WITH_KNOTS('',6,(#6090,#6091,#6092,#6093,#6094,
    #6095,#6096,#6097,#6098,#6099,#6100,#6101,#6102,#6103,#6104,#6105,
    #6106,#6107,#6108,#6109,#6110,#6111,#6112,#6113,#6114,#6115,#6116,
    #6117,#6118,#6119,#6120,#6121,#6122,#6123,#6124,#6125,#6126),
  .UNSPECIFIED.,.F.,.F.,(7,5,5,5,5,5,5,7),(0.,0.272043204398,
    0.392996085821,0.464561516486,0.615436541661,0.781578367426,
    0.860658174352,1.),.UNSPECIFIED.);
#6090 = CARTESIAN_POINT('',(19.826403326403,18.273319473319,26.));
#6091 = CARTESIAN_POINT('',(19.826403326403,18.450275466127,26.));
#6092 = CARTESIAN_POINT('',(19.835991673502,18.626954267361,26.));
#6093 = CARTESIAN_POINT('',(19.856007052796,18.802748358172,26.));
#6094 = CARTESIAN_POINT('',(19.887377146012,18.976705114019,26.));
#6095 = CARTESIAN_POINT('',(19.931019252117,19.147539110923,26.));
#6096 = CARTESIAN_POINT('',(20.012833501705,19.38753216945,26.));
#6097 = CARTESIAN_POINT('',(20.040578903018,19.460456714306,26.));
#6098 = CARTESIAN_POINT('',(20.070948851549,19.532296761211,26.));
#6099 = CARTESIAN_POINT('',(20.103991825965,19.602890808818,26.));
#6100 = CARTESIAN_POINT('',(20.139738642677,19.672065343929,26.));
#6101 = CARTESIAN_POINT('',(20.200949712999,19.779619791846,26.));
#6102 = CARTESIAN_POINT('',(20.224652565773,19.819040788004,26.));
#6103 = CARTESIAN_POINT('',(20.249305552782,19.857863123377,26.));
#6104 = CARTESIAN_POINT('',(20.274906705273,19.896048465119,26.));
#6105 = CARTESIAN_POINT('',(20.301450622821,19.933558255185,26.));
#6106 = CARTESIAN_POINT('',(20.386857578855,20.047926292076,26.));
#6107 = CARTESIAN_POINT('',(20.448943218212,20.122332199908,26.));
#6108 = CARTESIAN_POINT('',(20.515089858938,20.193195649739,26.));
#6109 = CARTESIAN_POINT('',(20.585139203322,20.260172872204,26.));
#6110 = CARTESIAN_POINT('',(20.658858779848,20.322965270122,26.));
#6111 = CARTESIAN_POINT('',(20.8208010561,20.44560597538,26.));
#6112 = CARTESIAN_POINT('',(20.909754647982,20.504527082204,26.));
#6113 = CARTESIAN_POINT('',(21.002363688003,20.557769925242,26.));
#6114 = CARTESIAN_POINT('',(21.098155111004,20.605157268339,26.));
#6115 = CARTESIAN_POINT('',(21.19662560684,20.646636942134,26.));
#6116 = CARTESIAN_POINT('',(21.345155032517,20.699213089311,26.));
#6117 = CARTESIAN_POINT('',(21.393546256656,20.714841806179,26.));
#6118 = CARTESIAN_POINT('',(21.442377375846,20.729151130093,26.));
#6119 = CARTESIAN_POINT('',(21.491597435498,20.742152436461,26.));
#6120 = CARTESIAN_POINT('',(21.541157641252,20.753861672432,26.));
#6121 = CARTESIAN_POINT('',(21.678855630639,20.782690980056,26.));
#6122 = CARTESIAN_POINT('',(21.767611151662,20.797133871219,26.));
#6123 = CARTESIAN_POINT('',(21.857026593409,20.807738029322,26.));
#6124 = CARTESIAN_POINT('',(21.946879595078,20.814645942113,26.));
#6125 = CARTESIAN_POINT('',(22.036978755868,20.818018018018,26.));
#6126 = CARTESIAN_POINT('',(22.127165627166,20.818018018018,26.));
#6127 = ORIENTED_EDGE('',*,*,#6128,.T.);
#6128 = EDGE_CURVE('',#6087,#6129,#6131,.T.);
#6129 = VERTEX_POINT('',#6130);
#6130 = CARTESIAN_POINT('',(23.901247401247,19.786832986833,26.));
#6131 = B_SPLINE_CURVE_WITH_KNOTS('',6,(#6132,#6133,#6134,#6135,#6136,
    #6137,#6138,#6139,#6140,#6141,#6142,#6143,#6144,#6145,#6146,#6147,
    #6148,#6149,#6150,#6151,#6152,#6153,#6154,#6155,#6156,#6157,#6158),
  .UNSPECIFIED.,.F.,.F.,(7,5,5,5,5,7),(0.,0.346232087131,0.501098277715,
    0.592340903458,0.78544629446,1.),.UNSPECIFIED.);
#6132 = CARTESIAN_POINT('',(22.127165627166,20.818018018018,26.));
#6133 = CARTESIAN_POINT('',(22.256862843196,20.818018018018,26.));
#6134 = CARTESIAN_POINT('',(22.386028089759,20.811420266639,26.));
#6135 = CARTESIAN_POINT('',(22.51423983092,20.797665355985,26.));
#6136 = CARTESIAN_POINT('',(22.640857636336,20.776131024827,26.));
#6137 = CARTESIAN_POINT('',(22.765028247366,20.746187623488,26.));
#6138 = CARTESIAN_POINT('',(22.939697991592,20.689935862106,26.));
#6139 = CARTESIAN_POINT('',(22.99297822769,20.670767402002,26.));
#6140 = CARTESIAN_POINT('',(23.045459383186,20.649771610973,26.));
#6141 = CARTESIAN_POINT('',(23.097034634074,20.626911198073,26.));
#6142 = CARTESIAN_POINT('',(23.14758970027,20.602159766681,26.));
#6143 = CARTESIAN_POINT('',(23.226119361825,20.559802895273,26.));
#6144 = CARTESIAN_POINT('',(23.254838052102,20.543439296276,26.));
#6145 = CARTESIAN_POINT('',(23.283136612459,20.526413157624,26.));
#6146 = CARTESIAN_POINT('',(23.310990287115,20.508724253106,26.));
#6147 = CARTESIAN_POINT('',(23.338374220386,20.490374499314,26.));
#6148 = CARTESIAN_POINT('',(23.42217168842,20.431142611229,26.));
#6149 = CARTESIAN_POINT('',(23.476869091042,20.38797229166,26.));
#6150 = CARTESIAN_POINT('',(23.529111747851,20.34190285995,26.));
#6151 = CARTESIAN_POINT('',(23.578676346098,20.293021545026,26.));
#6152 = CARTESIAN_POINT('',(23.625369038297,20.241464473769,26.));
#6153 = CARTESIAN_POINT('',(23.717549492114,20.127381651823,26.));
#6154 = CARTESIAN_POINT('',(23.762336154303,20.06426274361,26.));
#6155 = CARTESIAN_POINT('',(23.803177101331,19.998333188183,26.));
#6156 = CARTESIAN_POINT('',(23.83995425973,19.929896416925,26.));
#6157 = CARTESIAN_POINT('',(23.872633155996,19.859281820554,26.));
#6158 = CARTESIAN_POINT('',(23.901247401247,19.786832986833,26.));
#6159 = ORIENTED_EDGE('',*,*,#6160,.T.);
#6160 = EDGE_CURVE('',#6129,#6161,#6163,.T.);
#6161 = VERTEX_POINT('',#6162);
#6162 = CARTESIAN_POINT('',(24.001039501039,19.786832986833,26.));
#6163 = LINE('',#6164,#6165);
#6164 = CARTESIAN_POINT('',(10.55051975052,19.786832986833,26.));
#6165 = VECTOR('',#6166,1.);
#6166 = DIRECTION('',(1.,0.,0.));
#6167 = ORIENTED_EDGE('',*,*,#6168,.T.);
#6168 = EDGE_CURVE('',#6161,#6169,#6171,.T.);
#6169 = VERTEX_POINT('',#6170);
#6170 = CARTESIAN_POINT('',(24.001039501039,23.079972279972,26.));
#6171 = LINE('',#6172,#6173);
#6172 = CARTESIAN_POINT('',(24.001039501039,10.089986139986,26.));
#6173 = VECTOR('',#6174,1.);
#6174 = DIRECTION('',(0.,1.,0.));
#6175 = ORIENTED_EDGE('',*,*,#6176,.T.);
#6176 = EDGE_CURVE('',#6169,#6177,#6179,.T.);
#6177 = VERTEX_POINT('',#6178);
#6178 = CARTESIAN_POINT('',(24.960152460152,23.079972279972,26.));
#6179 = LINE('',#6180,#6181);
#6180 = CARTESIAN_POINT('',(11.030076230076,23.079972279972,26.));
#6181 = VECTOR('',#6182,1.);
#6182 = DIRECTION('',(1.,0.,0.));
#6183 = ORIENTED_EDGE('',*,*,#6184,.T.);
#6184 = EDGE_CURVE('',#6177,#5979,#6185,.T.);
#6185 = LINE('',#6186,#6187);
#6186 = CARTESIAN_POINT('',(24.960152460152,5.90148995149,26.));
#6187 = VECTOR('',#6188,1.);
#6188 = DIRECTION('',(0.,-1.,0.));
#6189 = PLANE('',#6190);
#6190 = AXIS2_PLACEMENT_3D('',#6191,#6192,#6193);
#6191 = CARTESIAN_POINT('',(-2.9,-2.9,26.));
#6192 = DIRECTION('',(0.,0.,1.));
#6193 = DIRECTION('',(1.,0.,0.));
#6194 = ADVANCED_FACE('',(#6195),#6198,.F.);
#6195 = FACE_BOUND('',#6196,.F.);
#6196 = EDGE_LOOP('',(#6197));
#6197 = ORIENTED_EDGE('',*,*,#4067,.T.);
#6198 = PLANE('',#6199);
#6199 = AXIS2_PLACEMENT_3D('',#6200,#6201,#6202);
#6200 = CARTESIAN_POINT('',(17.27,34.97,10.2));
#6201 = DIRECTION('',(0.,0.,1.));
#6202 = DIRECTION('',(1.,0.,0.));
#6203 = ADVANCED_FACE('',(#6204),#6223,.F.);
#6204 = FACE_BOUND('',#6205,.F.);
#6205 = EDGE_LOOP('',(#6206,#6215,#6221,#6222));
#6206 = ORIENTED_EDGE('',*,*,#6207,.F.);
#6207 = EDGE_CURVE('',#6208,#6208,#6210,.T.);
#6208 = VERTEX_POINT('',#6209);
#6209 = CARTESIAN_POINT('',(65.54,34.86,10.2));
#6210 = CIRCLE('',#6211,1.6);
#6211 = AXIS2_PLACEMENT_3D('',#6212,#6213,#6214);
#6212 = CARTESIAN_POINT('',(63.94,34.86,10.2));
#6213 = DIRECTION('',(0.,0.,1.));
#6214 = DIRECTION('',(1.,0.,0.));
#6215 = ORIENTED_EDGE('',*,*,#6216,.F.);
#6216 = EDGE_CURVE('',#4096,#6208,#6217,.T.);
#6217 = LINE('',#6218,#6219);
#6218 = CARTESIAN_POINT('',(65.54,34.86,5.6));
#6219 = VECTOR('',#6220,1.);
#6220 = DIRECTION('',(0.,0.,1.));
#6221 = ORIENTED_EDGE('',*,*,#4095,.T.);
#6222 = ORIENTED_EDGE('',*,*,#6216,.T.);
#6223 = CYLINDRICAL_SURFACE('',#6224,1.6);
#6224 = AXIS2_PLACEMENT_3D('',#6225,#6226,#6227);
#6225 = CARTESIAN_POINT('',(63.94,34.86,5.6));
#6226 = DIRECTION('',(0.,0.,1.));
#6227 = DIRECTION('',(1.,0.,0.));
#6228 = ADVANCED_FACE('',(#6229),#6232,.F.);
#6229 = FACE_BOUND('',#6230,.F.);
#6230 = EDGE_LOOP('',(#6231));
#6231 = ORIENTED_EDGE('',*,*,#4112,.T.);
#6232 = PLANE('',#6233);
#6233 = AXIS2_PLACEMENT_3D('',#6234,#6235,#6236);
#6234 = CARTESIAN_POINT('',(63.99,2.7,10.2));
#6235 = DIRECTION('',(0.,0.,1.));
#6236 = DIRECTION('',(1.,0.,0.));
#6237 = ADVANCED_FACE('',(#6238),#6264,.T.);
#6238 = FACE_BOUND('',#6239,.T.);
#6239 = EDGE_LOOP('',(#6240,#6251,#6257,#6258));
#6240 = ORIENTED_EDGE('',*,*,#6241,.F.);
#6241 = EDGE_CURVE('',#6242,#6244,#6246,.T.);
#6242 = VERTEX_POINT('',#6243);
#6243 = CARTESIAN_POINT('',(12.784407484407,18.700207900208,25.5));
#6244 = VERTEX_POINT('',#6245);
#6245 = CARTESIAN_POINT('',(15.484338184338,14.520027720028,25.5));
#6246 = B_SPLINE_CURVE_WITH_KNOTS('',3,(#6247,#6248,#6249,#6250),
  .UNSPECIFIED.,.F.,.F.,(4,4),(0.,1.),.PIECEWISE_BEZIER_KNOTS.);
#6247 = CARTESIAN_POINT('',(12.784407484407,18.700207900208,25.5));
#6248 = CARTESIAN_POINT('',(12.784407484407,16.005821205821,25.5));
#6249 = CARTESIAN_POINT('',(13.74352044352,14.520027720028,25.5));
#6250 = CARTESIAN_POINT('',(15.484338184338,14.520027720028,25.5));
#6251 = ORIENTED_EDGE('',*,*,#6252,.T.);
#6252 = EDGE_CURVE('',#6242,#4150,#6253,.T.);
#6253 = LINE('',#6254,#6255);
#6254 = CARTESIAN_POINT('',(12.784407484407,18.700207900208,25.5));
#6255 = VECTOR('',#6256,1.);
#6256 = DIRECTION('',(0.,0.,1.));
#6257 = ORIENTED_EDGE('',*,*,#4147,.F.);
#6258 = ORIENTED_EDGE('',*,*,#6259,.F.);
#6259 = EDGE_CURVE('',#6244,#4148,#6260,.T.);
#6260 = LINE('',#6261,#6262);
#6261 = CARTESIAN_POINT('',(15.484338184338,14.520027720028,25.5));
#6262 = VECTOR('',#6263,1.);
#6263 = DIRECTION('',(0.,0.,1.));
#6264 = SURFACE_OF_LINEAR_EXTRUSION('',#6265,#6270);
#6265 = B_SPLINE_CURVE_WITH_KNOTS('',3,(#6266,#6267,#6268,#6269),
  .UNSPECIFIED.,.F.,.F.,(4,4),(0.,1.),.PIECEWISE_BEZIER_KNOTS.);
#6266 = CARTESIAN_POINT('',(12.784407484407,18.700207900208,25.5));
#6267 = CARTESIAN_POINT('',(12.784407484407,16.005821205821,25.5));
#6268 = CARTESIAN_POINT('',(13.74352044352,14.520027720028,25.5));
#6269 = CARTESIAN_POINT('',(15.484338184338,14.520027720028,25.5));
#6270 = VECTOR('',#6271,1.);
#6271 = DIRECTION('',(-0.,-0.,-1.));
#6272 = ADVANCED_FACE('',(#6273),#6292,.T.);
#6273 = FACE_BOUND('',#6274,.T.);
#6274 = EDGE_LOOP('',(#6275,#6284,#6290,#6291));
#6275 = ORIENTED_EDGE('',*,*,#6276,.F.);
#6276 = EDGE_CURVE('',#6277,#6242,#6279,.T.);
#6277 = VERTEX_POINT('',#6278);
#6278 = CARTESIAN_POINT('',(15.484338184338,22.880388080388,25.5));
#6279 = B_SPLINE_CURVE_WITH_KNOTS('',3,(#6280,#6281,#6282,#6283),
  .UNSPECIFIED.,.F.,.F.,(4,4),(0.,1.),.PIECEWISE_BEZIER_KNOTS.);
#6280 = CARTESIAN_POINT('',(15.484338184338,22.880388080388,25.5));
#6281 = CARTESIAN_POINT('',(13.74352044352,22.880388080388,25.5));
#6282 = CARTESIAN_POINT('',(12.784407484407,21.394594594595,25.5));
#6283 = CARTESIAN_POINT('',(12.784407484407,18.700207900208,25.5));
#6284 = ORIENTED_EDGE('',*,*,#6285,.T.);
#6285 = EDGE_CURVE('',#6277,#4206,#6286,.T.);
#6286 = LINE('',#6287,#6288);
#6287 = CARTESIAN_POINT('',(15.484338184338,22.880388080388,25.5));
#6288 = VECTOR('',#6289,1.);
#6289 = DIRECTION('',(0.,0.,1.));
#6290 = ORIENTED_EDGE('',*,*,#4205,.F.);
#6291 = ORIENTED_EDGE('',*,*,#6252,.F.);
#6292 = SURFACE_OF_LINEAR_EXTRUSION('',#6293,#6298);
#6293 = B_SPLINE_CURVE_WITH_KNOTS('',3,(#6294,#6295,#6296,#6297),
  .UNSPECIFIED.,.F.,.F.,(4,4),(0.,1.),.PIECEWISE_BEZIER_KNOTS.);
#6294 = CARTESIAN_POINT('',(15.484338184338,22.880388080388,25.5));
#6295 = CARTESIAN_POINT('',(13.74352044352,22.880388080388,25.5));
#6296 = CARTESIAN_POINT('',(12.784407484407,21.394594594595,25.5));
#6297 = CARTESIAN_POINT('',(12.784407484407,18.700207900208,25.5));
#6298 = VECTOR('',#6299,1.);
#6299 = DIRECTION('',(-0.,-0.,-1.));
#6300 = ADVANCED_FACE('',(#6301),#6320,.T.);
#6301 = FACE_BOUND('',#6302,.T.);
#6302 = EDGE_LOOP('',(#6303,#6312,#6318,#6319));
#6303 = ORIENTED_EDGE('',*,*,#6304,.F.);
#6304 = EDGE_CURVE('',#6305,#6277,#6307,.T.);
#6305 = VERTEX_POINT('',#6306);
#6306 = CARTESIAN_POINT('',(18.184268884269,18.700207900208,25.5));
#6307 = B_SPLINE_CURVE_WITH_KNOTS('',3,(#6308,#6309,#6310,#6311),
  .UNSPECIFIED.,.F.,.F.,(4,4),(0.,1.),.PIECEWISE_BEZIER_KNOTS.);
#6308 = CARTESIAN_POINT('',(18.184268884269,18.700207900208,25.5));
#6309 = CARTESIAN_POINT('',(18.184268884269,21.394594594595,25.5));
#6310 = CARTESIAN_POINT('',(17.219611919612,22.880388080388,25.5));
#6311 = CARTESIAN_POINT('',(15.484338184338,22.880388080388,25.5));
#6312 = ORIENTED_EDGE('',*,*,#6313,.T.);
#6313 = EDGE_CURVE('',#6305,#4262,#6314,.T.);
#6314 = LINE('',#6315,#6316);
#6315 = CARTESIAN_POINT('',(18.184268884269,18.700207900208,25.5));
#6316 = VECTOR('',#6317,1.);
#6317 = DIRECTION('',(0.,0.,1.));
#6318 = ORIENTED_EDGE('',*,*,#4261,.F.);
#6319 = ORIENTED_EDGE('',*,*,#6285,.F.);
#6320 = SURFACE_OF_LINEAR_EXTRUSION('',#6321,#6326);
#6321 = B_SPLINE_CURVE_WITH_KNOTS('',3,(#6322,#6323,#6324,#6325),
  .UNSPECIFIED.,.F.,.F.,(4,4),(0.,1.),.PIECEWISE_BEZIER_KNOTS.);
#6322 = CARTESIAN_POINT('',(18.184268884269,18.700207900208,25.5));
#6323 = CARTESIAN_POINT('',(18.184268884269,21.394594594595,25.5));
#6324 = CARTESIAN_POINT('',(17.219611919612,22.880388080388,25.5));
#6325 = CARTESIAN_POINT('',(15.484338184338,22.880388080388,25.5));
#6326 = VECTOR('',#6327,1.);
#6327 = DIRECTION('',(-0.,-0.,-1.));
#6328 = ADVANCED_FACE('',(#6329),#6341,.T.);
#6329 = FACE_BOUND('',#6330,.T.);
#6330 = EDGE_LOOP('',(#6331,#6338,#6339,#6340));
#6331 = ORIENTED_EDGE('',*,*,#6332,.F.);
#6332 = EDGE_CURVE('',#6244,#6305,#6333,.T.);
#6333 = B_SPLINE_CURVE_WITH_KNOTS('',3,(#6334,#6335,#6336,#6337),
  .UNSPECIFIED.,.F.,.F.,(4,4),(0.,1.),.PIECEWISE_BEZIER_KNOTS.);
#6334 = CARTESIAN_POINT('',(15.484338184338,14.520027720028,25.5));
#6335 = CARTESIAN_POINT('',(17.219611919612,14.520027720028,25.5));
#6336 = CARTESIAN_POINT('',(18.184268884269,16.005821205821,25.5));
#6337 = CARTESIAN_POINT('',(18.184268884269,18.700207900208,25.5));
#6338 = ORIENTED_EDGE('',*,*,#6259,.T.);
#6339 = ORIENTED_EDGE('',*,*,#4317,.F.);
#6340 = ORIENTED_EDGE('',*,*,#6313,.F.);
#6341 = SURFACE_OF_LINEAR_EXTRUSION('',#6342,#6347);
#6342 = B_SPLINE_CURVE_WITH_KNOTS('',3,(#6343,#6344,#6345,#6346),
  .UNSPECIFIED.,.F.,.F.,(4,4),(0.,1.),.PIECEWISE_BEZIER_KNOTS.);
#6343 = CARTESIAN_POINT('',(15.484338184338,14.520027720028,25.5));
#6344 = CARTESIAN_POINT('',(17.219611919612,14.520027720028,25.5));
#6345 = CARTESIAN_POINT('',(18.184268884269,16.005821205821,25.5));
#6346 = CARTESIAN_POINT('',(18.184268884269,18.700207900208,25.5));
#6347 = VECTOR('',#6348,1.);
#6348 = DIRECTION('',(-0.,-0.,-1.));
#6349 = ADVANCED_FACE('',(#6350),#6376,.T.);
#6350 = FACE_BOUND('',#6351,.T.);
#6351 = EDGE_LOOP('',(#6352,#6363,#6369,#6370));
#6352 = ORIENTED_EDGE('',*,*,#6353,.F.);
#6353 = EDGE_CURVE('',#6354,#6356,#6358,.T.);
#6354 = VERTEX_POINT('',#6355);
#6355 = CARTESIAN_POINT('',(29.668121968122,15.407068607069,25.5));
#6356 = VERTEX_POINT('',#6357);
#6357 = CARTESIAN_POINT('',(27.988288288288,17.219958419958,25.5));
#6358 = B_SPLINE_CURVE_WITH_KNOTS('',3,(#6359,#6360,#6361,#6362),
  .UNSPECIFIED.,.F.,.F.,(4,4),(0.,1.),.PIECEWISE_BEZIER_KNOTS.);
#6359 = CARTESIAN_POINT('',(29.668121968122,15.407068607069,25.5));
#6360 = CARTESIAN_POINT('',(28.642480942481,15.407068607069,25.5));
#6361 = CARTESIAN_POINT('',(27.988288288288,16.116701316701,25.5));
#6362 = CARTESIAN_POINT('',(27.988288288288,17.219958419958,25.5));
#6363 = ORIENTED_EDGE('',*,*,#6364,.T.);
#6364 = EDGE_CURVE('',#6354,#4376,#6365,.T.);
#6365 = LINE('',#6366,#6367);
#6366 = CARTESIAN_POINT('',(29.668121968122,15.407068607069,25.5));
#6367 = VECTOR('',#6368,1.);
#6368 = DIRECTION('',(0.,0.,1.));
#6369 = ORIENTED_EDGE('',*,*,#4373,.F.);
#6370 = ORIENTED_EDGE('',*,*,#6371,.F.);
#6371 = EDGE_CURVE('',#6356,#4374,#6372,.T.);
#6372 = LINE('',#6373,#6374);
#6373 = CARTESIAN_POINT('',(27.988288288288,17.219958419958,25.5));
#6374 = VECTOR('',#6375,1.);
#6375 = DIRECTION('',(0.,0.,1.));
#6376 = SURFACE_OF_LINEAR_EXTRUSION('',#6377,#6382);
#6377 = B_SPLINE_CURVE_WITH_KNOTS('',3,(#6378,#6379,#6380,#6381),
  .UNSPECIFIED.,.F.,.F.,(4,4),(0.,1.),.PIECEWISE_BEZIER_KNOTS.);
#6378 = CARTESIAN_POINT('',(29.668121968122,15.407068607069,25.5));
#6379 = CARTESIAN_POINT('',(28.642480942481,15.407068607069,25.5));
#6380 = CARTESIAN_POINT('',(27.988288288288,16.116701316701,25.5));
#6381 = CARTESIAN_POINT('',(27.988288288288,17.219958419958,25.5));
#6382 = VECTOR('',#6383,1.);
#6383 = DIRECTION('',(-0.,-0.,-1.));
#6384 = ADVANCED_FACE('',(#6385),#6404,.T.);
#6385 = FACE_BOUND('',#6386,.T.);
#6386 = EDGE_LOOP('',(#6387,#6396,#6402,#6403));
#6387 = ORIENTED_EDGE('',*,*,#6388,.F.);
#6388 = EDGE_CURVE('',#6389,#6354,#6391,.T.);
#6389 = VERTEX_POINT('',#6390);
#6390 = CARTESIAN_POINT('',(31.153915453915,16.255301455301,25.5));
#6391 = B_SPLINE_CURVE_WITH_KNOTS('',3,(#6392,#6393,#6394,#6395),
  .UNSPECIFIED.,.F.,.F.,(4,4),(0.,1.),.PIECEWISE_BEZIER_KNOTS.);
#6392 = CARTESIAN_POINT('',(31.153915453915,16.255301455301,25.5));
#6393 = CARTESIAN_POINT('',(30.987595287595,15.728620928621,25.5));
#6394 = CARTESIAN_POINT('',(30.427650727651,15.407068607069,25.5));
#6395 = CARTESIAN_POINT('',(29.668121968122,15.407068607069,25.5));
#6396 = ORIENTED_EDGE('',*,*,#6397,.T.);
#6397 = EDGE_CURVE('',#6389,#4418,#6398,.T.);
#6398 = LINE('',#6399,#6400);
#6399 = CARTESIAN_POINT('',(31.153915453915,16.255301455301,25.5));
#6400 = VECTOR('',#6401,1.);
#6401 = DIRECTION('',(0.,0.,1.));
#6402 = ORIENTED_EDGE('',*,*,#4417,.F.);
#6403 = ORIENTED_EDGE('',*,*,#6364,.F.);
#6404 = SURFACE_OF_LINEAR_EXTRUSION('',#6405,#6410);
#6405 = B_SPLINE_CURVE_WITH_KNOTS('',3,(#6406,#6407,#6408,#6409),
  .UNSPECIFIED.,.F.,.F.,(4,4),(0.,1.),.PIECEWISE_BEZIER_KNOTS.);
#6406 = CARTESIAN_POINT('',(31.153915453915,16.255301455301,25.5));
#6407 = CARTESIAN_POINT('',(30.987595287595,15.728620928621,25.5));
#6408 = CARTESIAN_POINT('',(30.427650727651,15.407068607069,25.5));
#6409 = CARTESIAN_POINT('',(29.668121968122,15.407068607069,25.5));
#6410 = VECTOR('',#6411,1.);
#6411 = DIRECTION('',(-0.,-0.,-1.));
#6412 = ADVANCED_FACE('',(#6413),#6431,.T.);
#6413 = FACE_BOUND('',#6414,.T.);
#6414 = EDGE_LOOP('',(#6415,#6423,#6429,#6430));
#6415 = ORIENTED_EDGE('',*,*,#6416,.F.);
#6416 = EDGE_CURVE('',#6417,#6389,#6419,.T.);
#6417 = VERTEX_POINT('',#6418);
#6418 = CARTESIAN_POINT('',(32.068676368676,16.255301455301,25.5));
#6419 = LINE('',#6420,#6421);
#6420 = CARTESIAN_POINT('',(32.068676368676,16.255301455301,25.5));
#6421 = VECTOR('',#6422,1.);
#6422 = DIRECTION('',(-1.,0.,0.));
#6423 = ORIENTED_EDGE('',*,*,#6424,.T.);
#6424 = EDGE_CURVE('',#6417,#4445,#6425,.T.);
#6425 = LINE('',#6426,#6427);
#6426 = CARTESIAN_POINT('',(32.068676368676,16.255301455301,25.5));
#6427 = VECTOR('',#6428,1.);
#6428 = DIRECTION('',(0.,0.,1.));
#6429 = ORIENTED_EDGE('',*,*,#4444,.F.);
#6430 = ORIENTED_EDGE('',*,*,#6397,.F.);
#6431 = PLANE('',#6432);
#6432 = AXIS2_PLACEMENT_3D('',#6433,#6434,#6435);
#6433 = CARTESIAN_POINT('',(32.068676368676,16.255301455301,25.5));
#6434 = DIRECTION('',(0.,-1.,0.));
#6435 = DIRECTION('',(-1.,0.,0.));
#6436 = ADVANCED_FACE('',(#6437),#6456,.T.);
#6437 = FACE_BOUND('',#6438,.T.);
#6438 = EDGE_LOOP('',(#6439,#6448,#6454,#6455));
#6439 = ORIENTED_EDGE('',*,*,#6440,.F.);
#6440 = EDGE_CURVE('',#6441,#6417,#6443,.T.);
#6441 = VERTEX_POINT('',#6442);
#6442 = CARTESIAN_POINT('',(29.668121968122,14.5920997921,25.5));
#6443 = B_SPLINE_CURVE_WITH_KNOTS('',3,(#6444,#6445,#6446,#6447),
  .UNSPECIFIED.,.F.,.F.,(4,4),(0.,1.),.PIECEWISE_BEZIER_KNOTS.);
#6444 = CARTESIAN_POINT('',(29.668121968122,14.5920997921,25.5));
#6445 = CARTESIAN_POINT('',(30.932155232155,14.5920997921,25.5));
#6446 = CARTESIAN_POINT('',(31.885724185724,15.262924462924,25.5));
#6447 = CARTESIAN_POINT('',(32.068676368676,16.255301455301,25.5));
#6448 = ORIENTED_EDGE('',*,*,#6449,.T.);
#6449 = EDGE_CURVE('',#6441,#4453,#6450,.T.);
#6450 = LINE('',#6451,#6452);
#6451 = CARTESIAN_POINT('',(29.668121968122,14.5920997921,25.5));
#6452 = VECTOR('',#6453,1.);
#6453 = DIRECTION('',(0.,0.,1.));
#6454 = ORIENTED_EDGE('',*,*,#4452,.F.);
#6455 = ORIENTED_EDGE('',*,*,#6424,.F.);
#6456 = SURFACE_OF_LINEAR_EXTRUSION('',#6457,#6462);
#6457 = B_SPLINE_CURVE_WITH_KNOTS('',3,(#6458,#6459,#6460,#6461),
  .UNSPECIFIED.,.F.,.F.,(4,4),(0.,1.),.PIECEWISE_BEZIER_KNOTS.);
#6458 = CARTESIAN_POINT('',(29.668121968122,14.5920997921,25.5));
#6459 = CARTESIAN_POINT('',(30.932155232155,14.5920997921,25.5));
#6460 = CARTESIAN_POINT('',(31.885724185724,15.262924462924,25.5));
#6461 = CARTESIAN_POINT('',(32.068676368676,16.255301455301,25.5));
#6462 = VECTOR('',#6463,1.);
#6463 = DIRECTION('',(-0.,-0.,-1.));
#6464 = ADVANCED_FACE('',(#6465),#6484,.T.);
#6465 = FACE_BOUND('',#6466,.T.);
#6466 = EDGE_LOOP('',(#6467,#6476,#6482,#6483));
#6467 = ORIENTED_EDGE('',*,*,#6468,.F.);
#6468 = EDGE_CURVE('',#6469,#6441,#6471,.T.);
#6469 = VERTEX_POINT('',#6470);
#6470 = CARTESIAN_POINT('',(27.056895356895,17.297574497574,25.5));
#6471 = B_SPLINE_CURVE_WITH_KNOTS('',3,(#6472,#6473,#6474,#6475),
  .UNSPECIFIED.,.F.,.F.,(4,4),(0.,1.),.PIECEWISE_BEZIER_KNOTS.);
#6472 = CARTESIAN_POINT('',(27.056895356895,17.297574497574,25.5));
#6473 = CARTESIAN_POINT('',(27.056895356895,15.584476784477,25.5));
#6474 = CARTESIAN_POINT('',(28.016008316008,14.5920997921,25.5));
#6475 = CARTESIAN_POINT('',(29.668121968122,14.5920997921,25.5));
#6476 = ORIENTED_EDGE('',*,*,#6477,.T.);
#6477 = EDGE_CURVE('',#6469,#4485,#6478,.T.);
#6478 = LINE('',#6479,#6480);
#6479 = CARTESIAN_POINT('',(27.056895356895,17.297574497574,25.5));
#6480 = VECTOR('',#6481,1.);
#6481 = DIRECTION('',(0.,0.,1.));
#6482 = ORIENTED_EDGE('',*,*,#4484,.F.);
#6483 = ORIENTED_EDGE('',*,*,#6449,.F.);
#6484 = SURFACE_OF_LINEAR_EXTRUSION('',#6485,#6490);
#6485 = B_SPLINE_CURVE_WITH_KNOTS('',3,(#6486,#6487,#6488,#6489),
  .UNSPECIFIED.,.F.,.F.,(4,4),(0.,1.),.PIECEWISE_BEZIER_KNOTS.);
#6486 = CARTESIAN_POINT('',(27.056895356895,17.297574497574,25.5));
#6487 = CARTESIAN_POINT('',(27.056895356895,15.584476784477,25.5));
#6488 = CARTESIAN_POINT('',(28.016008316008,14.5920997921,25.5));
#6489 = CARTESIAN_POINT('',(29.668121968122,14.5920997921,25.5));
#6490 = VECTOR('',#6491,1.);
#6491 = DIRECTION('',(-0.,-0.,-1.));
#6492 = ADVANCED_FACE('',(#6493),#6511,.T.);
#6493 = FACE_BOUND('',#6494,.T.);
#6494 = EDGE_LOOP('',(#6495,#6503,#6509,#6510));
#6495 = ORIENTED_EDGE('',*,*,#6496,.F.);
#6496 = EDGE_CURVE('',#6497,#6469,#6499,.T.);
#6497 = VERTEX_POINT('',#6498);
#6498 = CARTESIAN_POINT('',(27.056895356895,18.201247401247,25.5));
#6499 = LINE('',#6500,#6501);
#6500 = CARTESIAN_POINT('',(27.056895356895,18.201247401247,25.5));
#6501 = VECTOR('',#6502,1.);
#6502 = DIRECTION('',(0.,-1.,0.));
#6503 = ORIENTED_EDGE('',*,*,#6504,.T.);
#6504 = EDGE_CURVE('',#6497,#4527,#6505,.T.);
#6505 = LINE('',#6506,#6507);
#6506 = CARTESIAN_POINT('',(27.056895356895,18.201247401247,25.5));
#6507 = VECTOR('',#6508,1.);
#6508 = DIRECTION('',(0.,0.,1.));
#6509 = ORIENTED_EDGE('',*,*,#4526,.F.);
#6510 = ORIENTED_EDGE('',*,*,#6477,.F.);
#6511 = PLANE('',#6512);
#6512 = AXIS2_PLACEMENT_3D('',#6513,#6514,#6515);
#6513 = CARTESIAN_POINT('',(27.056895356895,18.201247401247,25.5));
#6514 = DIRECTION('',(1.,0.,0.));
#6515 = DIRECTION('',(0.,-1.,0.));
#6516 = ADVANCED_FACE('',(#6517),#6536,.T.);
#6517 = FACE_BOUND('',#6518,.T.);
#6518 = EDGE_LOOP('',(#6519,#6528,#6534,#6535));
#6519 = ORIENTED_EDGE('',*,*,#6520,.F.);
#6520 = EDGE_CURVE('',#6521,#6497,#6523,.T.);
#6521 = VERTEX_POINT('',#6522);
#6522 = CARTESIAN_POINT('',(29.601593901594,20.829106029106,25.5));
#6523 = B_SPLINE_CURVE_WITH_KNOTS('',3,(#6524,#6525,#6526,#6527),
  .UNSPECIFIED.,.F.,.F.,(4,4),(0.,1.),.PIECEWISE_BEZIER_KNOTS.);
#6524 = CARTESIAN_POINT('',(29.601593901594,20.829106029106,25.5));
#6525 = CARTESIAN_POINT('',(28.071448371448,20.829106029106,25.5));
#6526 = CARTESIAN_POINT('',(27.056895356895,19.786832986833,25.5));
#6527 = CARTESIAN_POINT('',(27.056895356895,18.201247401247,25.5));
#6528 = ORIENTED_EDGE('',*,*,#6529,.T.);
#6529 = EDGE_CURVE('',#6521,#4535,#6530,.T.);
#6530 = LINE('',#6531,#6532);
#6531 = CARTESIAN_POINT('',(29.601593901594,20.829106029106,25.5));
#6532 = VECTOR('',#6533,1.);
#6533 = DIRECTION('',(0.,0.,1.));
#6534 = ORIENTED_EDGE('',*,*,#4534,.F.);
#6535 = ORIENTED_EDGE('',*,*,#6504,.F.);
#6536 = SURFACE_OF_LINEAR_EXTRUSION('',#6537,#6542);
#6537 = B_SPLINE_CURVE_WITH_KNOTS('',3,(#6538,#6539,#6540,#6541),
  .UNSPECIFIED.,.F.,.F.,(4,4),(0.,1.),.PIECEWISE_BEZIER_KNOTS.);
#6538 = CARTESIAN_POINT('',(29.601593901594,20.829106029106,25.5));
#6539 = CARTESIAN_POINT('',(28.071448371448,20.829106029106,25.5));
#6540 = CARTESIAN_POINT('',(27.056895356895,19.786832986833,25.5));
#6541 = CARTESIAN_POINT('',(27.056895356895,18.201247401247,25.5));
#6542 = VECTOR('',#6543,1.);
#6543 = DIRECTION('',(-0.,-0.,-1.));
#6544 = ADVANCED_FACE('',(#6545),#6564,.T.);
#6545 = FACE_BOUND('',#6546,.T.);
#6546 = EDGE_LOOP('',(#6547,#6556,#6562,#6563));
#6547 = ORIENTED_EDGE('',*,*,#6548,.F.);
#6548 = EDGE_CURVE('',#6549,#6521,#6551,.T.);
#6549 = VERTEX_POINT('',#6550);
#6550 = CARTESIAN_POINT('',(32.085308385308,18.051559251559,25.5));
#6551 = B_SPLINE_CURVE_WITH_KNOTS('',3,(#6552,#6553,#6554,#6555),
  .UNSPECIFIED.,.F.,.F.,(4,4),(0.,1.),.PIECEWISE_BEZIER_KNOTS.);
#6552 = CARTESIAN_POINT('',(32.085308385308,18.051559251559,25.5));
#6553 = CARTESIAN_POINT('',(32.085308385308,19.792376992377,25.5));
#6554 = CARTESIAN_POINT('',(31.165003465003,20.829106029106,25.5));
#6555 = CARTESIAN_POINT('',(29.601593901594,20.829106029106,25.5));
#6556 = ORIENTED_EDGE('',*,*,#6557,.T.);
#6557 = EDGE_CURVE('',#6549,#4577,#6558,.T.);
#6558 = LINE('',#6559,#6560);
#6559 = CARTESIAN_POINT('',(32.085308385308,18.051559251559,25.5));
#6560 = VECTOR('',#6561,1.);
#6561 = DIRECTION('',(0.,0.,1.));
#6562 = ORIENTED_EDGE('',*,*,#4576,.F.);
#6563 = ORIENTED_EDGE('',*,*,#6529,.F.);
#6564 = SURFACE_OF_LINEAR_EXTRUSION('',#6565,#6570);
#6565 = B_SPLINE_CURVE_WITH_KNOTS('',3,(#6566,#6567,#6568,#6569),
  .UNSPECIFIED.,.F.,.F.,(4,4),(0.,1.),.PIECEWISE_BEZIER_KNOTS.);
#6566 = CARTESIAN_POINT('',(32.085308385308,18.051559251559,25.5));
#6567 = CARTESIAN_POINT('',(32.085308385308,19.792376992377,25.5));
#6568 = CARTESIAN_POINT('',(31.165003465003,20.829106029106,25.5));
#6569 = CARTESIAN_POINT('',(29.601593901594,20.829106029106,25.5));
#6570 = VECTOR('',#6571,1.);
#6571 = DIRECTION('',(-0.,-0.,-1.));
#6572 = ADVANCED_FACE('',(#6573),#6591,.T.);
#6573 = FACE_BOUND('',#6574,.T.);
#6574 = EDGE_LOOP('',(#6575,#6583,#6589,#6590));
#6575 = ORIENTED_EDGE('',*,*,#6576,.F.);
#6576 = EDGE_CURVE('',#6577,#6549,#6579,.T.);
#6577 = VERTEX_POINT('',#6578);
#6578 = CARTESIAN_POINT('',(32.085308385308,17.463894663895,25.5));
#6579 = LINE('',#6580,#6581);
#6580 = CARTESIAN_POINT('',(32.085308385308,17.463894663895,25.5));
#6581 = VECTOR('',#6582,1.);
#6582 = DIRECTION('',(0.,1.,0.));
#6583 = ORIENTED_EDGE('',*,*,#6584,.T.);
#6584 = EDGE_CURVE('',#6577,#4619,#6585,.T.);
#6585 = LINE('',#6586,#6587);
#6586 = CARTESIAN_POINT('',(32.085308385308,17.463894663895,25.5));
#6587 = VECTOR('',#6588,1.);
#6588 = DIRECTION('',(0.,0.,1.));
#6589 = ORIENTED_EDGE('',*,*,#4618,.F.);
#6590 = ORIENTED_EDGE('',*,*,#6557,.F.);
#6591 = PLANE('',#6592);
#6592 = AXIS2_PLACEMENT_3D('',#6593,#6594,#6595);
#6593 = CARTESIAN_POINT('',(32.085308385308,17.463894663895,25.5));
#6594 = DIRECTION('',(-1.,0.,0.));
#6595 = DIRECTION('',(0.,1.,0.));
#6596 = ADVANCED_FACE('',(#6597),#6615,.T.);
#6597 = FACE_BOUND('',#6598,.T.);
#6598 = EDGE_LOOP('',(#6599,#6607,#6613,#6614));
#6599 = ORIENTED_EDGE('',*,*,#6600,.F.);
#6600 = EDGE_CURVE('',#6601,#6577,#6603,.T.);
#6601 = VERTEX_POINT('',#6602);
#6602 = CARTESIAN_POINT('',(27.988288288288,17.463894663895,25.5));
#6603 = LINE('',#6604,#6605);
#6604 = CARTESIAN_POINT('',(27.988288288288,17.463894663895,25.5));
#6605 = VECTOR('',#6606,1.);
#6606 = DIRECTION('',(1.,0.,0.));
#6607 = ORIENTED_EDGE('',*,*,#6608,.T.);
#6608 = EDGE_CURVE('',#6601,#4627,#6609,.T.);
#6609 = LINE('',#6610,#6611);
#6610 = CARTESIAN_POINT('',(27.988288288288,17.463894663895,25.5));
#6611 = VECTOR('',#6612,1.);
#6612 = DIRECTION('',(0.,0.,1.));
#6613 = ORIENTED_EDGE('',*,*,#4626,.F.);
#6614 = ORIENTED_EDGE('',*,*,#6584,.F.);
#6615 = PLANE('',#6616);
#6616 = AXIS2_PLACEMENT_3D('',#6617,#6618,#6619);
#6617 = CARTESIAN_POINT('',(27.988288288288,17.463894663895,25.5));
#6618 = DIRECTION('',(0.,1.,0.));
#6619 = DIRECTION('',(1.,0.,0.));
#6620 = ADVANCED_FACE('',(#6621),#6632,.T.);
#6621 = FACE_BOUND('',#6622,.T.);
#6622 = EDGE_LOOP('',(#6623,#6629,#6630,#6631));
#6623 = ORIENTED_EDGE('',*,*,#6624,.F.);
#6624 = EDGE_CURVE('',#6356,#6601,#6625,.T.);
#6625 = LINE('',#6626,#6627);
#6626 = CARTESIAN_POINT('',(27.988288288288,17.219958419958,25.5));
#6627 = VECTOR('',#6628,1.);
#6628 = DIRECTION('',(0.,1.,0.));
#6629 = ORIENTED_EDGE('',*,*,#6371,.T.);
#6630 = ORIENTED_EDGE('',*,*,#4634,.F.);
#6631 = ORIENTED_EDGE('',*,*,#6608,.F.);
#6632 = PLANE('',#6633);
#6633 = AXIS2_PLACEMENT_3D('',#6634,#6635,#6636);
#6634 = CARTESIAN_POINT('',(27.988288288288,17.219958419958,25.5));
#6635 = DIRECTION('',(-1.,0.,0.));
#6636 = DIRECTION('',(0.,1.,0.));
#6637 = ADVANCED_FACE('',(#6638),#6663,.T.);
#6638 = FACE_BOUND('',#6639,.T.);
#6639 = EDGE_LOOP('',(#6640,#6650,#6656,#6657));
#6640 = ORIENTED_EDGE('',*,*,#6641,.F.);
#6641 = EDGE_CURVE('',#6642,#6644,#6646,.T.);
#6642 = VERTEX_POINT('',#6643);
#6643 = CARTESIAN_POINT('',(35.989397089397,17.441718641719,25.5));
#6644 = VERTEX_POINT('',#6645);
#6645 = CARTESIAN_POINT('',(36.881981981982,17.23659043659,25.5));
#6646 = LINE('',#6647,#6648);
#6647 = CARTESIAN_POINT('',(35.989397089397,17.441718641719,25.5));
#6648 = VECTOR('',#6649,1.);
#6649 = DIRECTION('',(0.974594841169,-0.223975211946,0.));
#6650 = ORIENTED_EDGE('',*,*,#6651,.T.);
#6651 = EDGE_CURVE('',#6642,#4645,#6652,.T.);
#6652 = LINE('',#6653,#6654);
#6653 = CARTESIAN_POINT('',(35.989397089397,17.441718641719,25.5));
#6654 = VECTOR('',#6655,1.);
#6655 = DIRECTION('',(0.,0.,1.));
#6656 = ORIENTED_EDGE('',*,*,#4642,.F.);
#6657 = ORIENTED_EDGE('',*,*,#6658,.F.);
#6658 = EDGE_CURVE('',#6644,#4643,#6659,.T.);
#6659 = LINE('',#6660,#6661);
#6660 = CARTESIAN_POINT('',(36.881981981982,17.23659043659,25.5));
#6661 = VECTOR('',#6662,1.);
#6662 = DIRECTION('',(0.,0.,1.));
#6663 = PLANE('',#6664);
#6664 = AXIS2_PLACEMENT_3D('',#6665,#6666,#6667);
#6665 = CARTESIAN_POINT('',(35.989397089397,17.441718641719,25.5));
#6666 = DIRECTION('',(0.223975211946,0.974594841169,0.));
#6667 = DIRECTION('',(0.974594841169,-0.223975211946,0.));
#6668 = ADVANCED_FACE('',(#6669),#6688,.T.);
#6669 = FACE_BOUND('',#6670,.T.);
#6670 = EDGE_LOOP('',(#6671,#6680,#6686,#6687));
#6671 = ORIENTED_EDGE('',*,*,#6672,.F.);
#6672 = EDGE_CURVE('',#6673,#6642,#6675,.T.);
#6673 = VERTEX_POINT('',#6674);
#6674 = CARTESIAN_POINT('',(34.365003465003,19.093832293832,25.5));
#6675 = B_SPLINE_CURVE_WITH_KNOTS('',3,(#6676,#6677,#6678,#6679),
  .UNSPECIFIED.,.F.,.F.,(4,4),(0.,1.),.PIECEWISE_BEZIER_KNOTS.);
#6676 = CARTESIAN_POINT('',(34.365003465003,19.093832293832,25.5));
#6677 = CARTESIAN_POINT('',(34.365003465003,18.240055440055,25.5));
#6678 = CARTESIAN_POINT('',(34.902772002772,17.691198891199,25.5));
#6679 = CARTESIAN_POINT('',(35.989397089397,17.441718641719,25.5));
#6680 = ORIENTED_EDGE('',*,*,#6681,.T.);
#6681 = EDGE_CURVE('',#6673,#4653,#6682,.T.);
#6682 = LINE('',#6683,#6684);
#6683 = CARTESIAN_POINT('',(34.365003465003,19.093832293832,25.5));
#6684 = VECTOR('',#6685,1.);
#6685 = DIRECTION('',(0.,0.,1.));
#6686 = ORIENTED_EDGE('',*,*,#4652,.F.);
#6687 = ORIENTED_EDGE('',*,*,#6651,.F.);
#6688 = SURFACE_OF_LINEAR_EXTRUSION('',#6689,#6694);
#6689 = B_SPLINE_CURVE_WITH_KNOTS('',3,(#6690,#6691,#6692,#6693),
  .UNSPECIFIED.,.F.,.F.,(4,4),(0.,1.),.PIECEWISE_BEZIER_KNOTS.);
#6690 = CARTESIAN_POINT('',(34.365003465003,19.093832293832,25.5));
#6691 = CARTESIAN_POINT('',(34.365003465003,18.240055440055,25.5));
#6692 = CARTESIAN_POINT('',(34.902772002772,17.691198891199,25.5));
#6693 = CARTESIAN_POINT('',(35.989397089397,17.441718641719,25.5));
#6694 = VECTOR('',#6695,1.);
#6695 = DIRECTION('',(-0.,-0.,-1.));
#6696 = ADVANCED_FACE('',(#6697),#6716,.T.);
#6697 = FACE_BOUND('',#6698,.T.);
#6698 = EDGE_LOOP('',(#6699,#6708,#6714,#6715));
#6699 = ORIENTED_EDGE('',*,*,#6700,.F.);
#6700 = EDGE_CURVE('',#6701,#6673,#6703,.T.);
#6701 = VERTEX_POINT('',#6702);
#6702 = CARTESIAN_POINT('',(36.577061677062,20.83465003465,25.5));
#6703 = B_SPLINE_CURVE_WITH_KNOTS('',3,(#6704,#6705,#6706,#6707),
  .UNSPECIFIED.,.F.,.F.,(4,4),(0.,1.),.PIECEWISE_BEZIER_KNOTS.);
#6704 = CARTESIAN_POINT('',(36.577061677062,20.83465003465,25.5));
#6705 = CARTESIAN_POINT('',(35.252044352044,20.83465003465,25.5));
#6706 = CARTESIAN_POINT('',(34.365003465003,20.136105336105,25.5));
#6707 = CARTESIAN_POINT('',(34.365003465003,19.093832293832,25.5));
#6708 = ORIENTED_EDGE('',*,*,#6709,.T.);
#6709 = EDGE_CURVE('',#6701,#4690,#6710,.T.);
#6710 = LINE('',#6711,#6712);
#6711 = CARTESIAN_POINT('',(36.577061677062,20.83465003465,25.5));
#6712 = VECTOR('',#6713,1.);
#6713 = DIRECTION('',(0.,0.,1.));
#6714 = ORIENTED_EDGE('',*,*,#4689,.F.);
#6715 = ORIENTED_EDGE('',*,*,#6681,.F.);
#6716 = SURFACE_OF_LINEAR_EXTRUSION('',#6717,#6722);
#6717 = B_SPLINE_CURVE_WITH_KNOTS('',3,(#6718,#6719,#6720,#6721),
  .UNSPECIFIED.,.F.,.F.,(4,4),(0.,1.),.PIECEWISE_BEZIER_KNOTS.);
#6718 = CARTESIAN_POINT('',(36.577061677062,20.83465003465,25.5));
#6719 = CARTESIAN_POINT('',(35.252044352044,20.83465003465,25.5));
#6720 = CARTESIAN_POINT('',(34.365003465003,20.136105336105,25.5));
#6721 = CARTESIAN_POINT('',(34.365003465003,19.093832293832,25.5));
#6722 = VECTOR('',#6723,1.);
#6723 = DIRECTION('',(-0.,-0.,-1.));
#6724 = ADVANCED_FACE('',(#6725),#6744,.T.);
#6725 = FACE_BOUND('',#6726,.T.);
#6726 = EDGE_LOOP('',(#6727,#6736,#6742,#6743));
#6727 = ORIENTED_EDGE('',*,*,#6728,.F.);
#6728 = EDGE_CURVE('',#6729,#6701,#6731,.T.);
#6729 = VERTEX_POINT('',#6730);
#6730 = CARTESIAN_POINT('',(38.78911988912,19.204712404712,25.5));
#6731 = B_SPLINE_CURVE_WITH_KNOTS('',3,(#6732,#6733,#6734,#6735),
  .UNSPECIFIED.,.F.,.F.,(4,4),(0.,1.),.PIECEWISE_BEZIER_KNOTS.);
#6732 = CARTESIAN_POINT('',(38.78911988912,19.204712404712,25.5));
#6733 = CARTESIAN_POINT('',(38.67823977824,20.208177408177,25.5));
#6734 = CARTESIAN_POINT('',(37.830006930007,20.83465003465,25.5));
#6735 = CARTESIAN_POINT('',(36.577061677062,20.83465003465,25.5));
#6736 = ORIENTED_EDGE('',*,*,#6737,.T.);
#6737 = EDGE_CURVE('',#6729,#4727,#6738,.T.);
#6738 = LINE('',#6739,#6740);
#6739 = CARTESIAN_POINT('',(38.78911988912,19.204712404712,25.5));
#6740 = VECTOR('',#6741,1.);
#6741 = DIRECTION('',(0.,0.,1.));
#6742 = ORIENTED_EDGE('',*,*,#4726,.F.);
#6743 = ORIENTED_EDGE('',*,*,#6709,.F.);
#6744 = SURFACE_OF_LINEAR_EXTRUSION('',#6745,#6750);
#6745 = B_SPLINE_CURVE_WITH_KNOTS('',3,(#6746,#6747,#6748,#6749),
  .UNSPECIFIED.,.F.,.F.,(4,4),(0.,1.),.PIECEWISE_BEZIER_KNOTS.);
#6746 = CARTESIAN_POINT('',(38.78911988912,19.204712404712,25.5));
#6747 = CARTESIAN_POINT('',(38.67823977824,20.208177408177,25.5));
#6748 = CARTESIAN_POINT('',(37.830006930007,20.83465003465,25.5));
#6749 = CARTESIAN_POINT('',(36.577061677062,20.83465003465,25.5));
#6750 = VECTOR('',#6751,1.);
#6751 = DIRECTION('',(-0.,-0.,-1.));
#6752 = ADVANCED_FACE('',(#6753),#6771,.T.);
#6753 = FACE_BOUND('',#6754,.T.);
#6754 = EDGE_LOOP('',(#6755,#6763,#6769,#6770));
#6755 = ORIENTED_EDGE('',*,*,#6756,.F.);
#6756 = EDGE_CURVE('',#6757,#6729,#6759,.T.);
#6757 = VERTEX_POINT('',#6758);
#6758 = CARTESIAN_POINT('',(37.879902979903,19.204712404712,25.5));
#6759 = LINE('',#6760,#6761);
#6760 = CARTESIAN_POINT('',(37.879902979903,19.204712404712,25.5));
#6761 = VECTOR('',#6762,1.);
#6762 = DIRECTION('',(1.,0.,0.));
#6763 = ORIENTED_EDGE('',*,*,#6764,.T.);
#6764 = EDGE_CURVE('',#6757,#4764,#6765,.T.);
#6765 = LINE('',#6766,#6767);
#6766 = CARTESIAN_POINT('',(37.879902979903,19.204712404712,25.5));
#6767 = VECTOR('',#6768,1.);
#6768 = DIRECTION('',(0.,0.,1.));
#6769 = ORIENTED_EDGE('',*,*,#4763,.F.);
#6770 = ORIENTED_EDGE('',*,*,#6737,.F.);
#6771 = PLANE('',#6772);
#6772 = AXIS2_PLACEMENT_3D('',#6773,#6774,#6775);
#6773 = CARTESIAN_POINT('',(37.879902979903,19.204712404712,25.5));
#6774 = DIRECTION('',(0.,1.,0.));
#6775 = DIRECTION('',(1.,0.,0.));
#6776 = ADVANCED_FACE('',(#6777),#6796,.T.);
#6777 = FACE_BOUND('',#6778,.T.);
#6778 = EDGE_LOOP('',(#6779,#6788,#6794,#6795));
#6779 = ORIENTED_EDGE('',*,*,#6780,.F.);
#6780 = EDGE_CURVE('',#6781,#6757,#6783,.T.);
#6781 = VERTEX_POINT('',#6782);
#6782 = CARTESIAN_POINT('',(36.56042966043,20.052945252945,25.5));
#6783 = B_SPLINE_CURVE_WITH_KNOTS('',3,(#6784,#6785,#6786,#6787),
  .UNSPECIFIED.,.F.,.F.,(4,4),(0.,1.),.PIECEWISE_BEZIER_KNOTS.);
#6784 = CARTESIAN_POINT('',(36.56042966043,20.052945252945,25.5));
#6785 = CARTESIAN_POINT('',(37.264518364518,20.052945252945,25.5));
#6786 = CARTESIAN_POINT('',(37.769022869023,19.731392931393,25.5));
#6787 = CARTESIAN_POINT('',(37.879902979903,19.204712404712,25.5));
#6788 = ORIENTED_EDGE('',*,*,#6789,.T.);
#6789 = EDGE_CURVE('',#6781,#4772,#6790,.T.);
#6790 = LINE('',#6791,#6792);
#6791 = CARTESIAN_POINT('',(36.56042966043,20.052945252945,25.5));
#6792 = VECTOR('',#6793,1.);
#6793 = DIRECTION('',(0.,0.,1.));
#6794 = ORIENTED_EDGE('',*,*,#4771,.F.);
#6795 = ORIENTED_EDGE('',*,*,#6764,.F.);
#6796 = SURFACE_OF_LINEAR_EXTRUSION('',#6797,#6802);
#6797 = B_SPLINE_CURVE_WITH_KNOTS('',3,(#6798,#6799,#6800,#6801),
  .UNSPECIFIED.,.F.,.F.,(4,4),(0.,1.),.PIECEWISE_BEZIER_KNOTS.);
#6798 = CARTESIAN_POINT('',(36.56042966043,20.052945252945,25.5));
#6799 = CARTESIAN_POINT('',(37.264518364518,20.052945252945,25.5));
#6800 = CARTESIAN_POINT('',(37.769022869023,19.731392931393,25.5));
#6801 = CARTESIAN_POINT('',(37.879902979903,19.204712404712,25.5));
#6802 = VECTOR('',#6803,1.);
#6803 = DIRECTION('',(-0.,-0.,-1.));
#6804 = ADVANCED_FACE('',(#6805),#6824,.T.);
#6805 = FACE_BOUND('',#6806,.T.);
#6806 = EDGE_LOOP('',(#6807,#6816,#6822,#6823));
#6807 = ORIENTED_EDGE('',*,*,#6808,.F.);
#6808 = EDGE_CURVE('',#6809,#6781,#6811,.T.);
#6809 = VERTEX_POINT('',#6810);
#6810 = CARTESIAN_POINT('',(35.30194040194,19.149272349272,25.5));
#6811 = B_SPLINE_CURVE_WITH_KNOTS('',3,(#6812,#6813,#6814,#6815),
  .UNSPECIFIED.,.F.,.F.,(4,4),(0.,1.),.PIECEWISE_BEZIER_KNOTS.);
#6812 = CARTESIAN_POINT('',(35.30194040194,19.149272349272,25.5));
#6813 = CARTESIAN_POINT('',(35.30194040194,19.698128898129,25.5));
#6814 = CARTESIAN_POINT('',(35.795356895357,20.052945252945,25.5));
#6815 = CARTESIAN_POINT('',(36.56042966043,20.052945252945,25.5));
#6816 = ORIENTED_EDGE('',*,*,#6817,.T.);
#6817 = EDGE_CURVE('',#6809,#4804,#6818,.T.);
#6818 = LINE('',#6819,#6820);
#6819 = CARTESIAN_POINT('',(35.30194040194,19.149272349272,25.5));
#6820 = VECTOR('',#6821,1.);
#6821 = DIRECTION('',(0.,0.,1.));
#6822 = ORIENTED_EDGE('',*,*,#4803,.F.);
#6823 = ORIENTED_EDGE('',*,*,#6789,.F.);
#6824 = SURFACE_OF_LINEAR_EXTRUSION('',#6825,#6830);
#6825 = B_SPLINE_CURVE_WITH_KNOTS('',3,(#6826,#6827,#6828,#6829),
  .UNSPECIFIED.,.F.,.F.,(4,4),(0.,1.),.PIECEWISE_BEZIER_KNOTS.);
#6826 = CARTESIAN_POINT('',(35.30194040194,19.149272349272,25.5));
#6827 = CARTESIAN_POINT('',(35.30194040194,19.698128898129,25.5));
#6828 = CARTESIAN_POINT('',(35.795356895357,20.052945252945,25.5));
#6829 = CARTESIAN_POINT('',(36.56042966043,20.052945252945,25.5));
#6830 = VECTOR('',#6831,1.);
#6831 = DIRECTION('',(-0.,-0.,-1.));
#6832 = ADVANCED_FACE('',(#6833),#6852,.T.);
#6833 = FACE_BOUND('',#6834,.T.);
#6834 = EDGE_LOOP('',(#6835,#6844,#6850,#6851));
#6835 = ORIENTED_EDGE('',*,*,#6836,.F.);
#6836 = EDGE_CURVE('',#6837,#6809,#6839,.T.);
#6837 = VERTEX_POINT('',#6838);
#6838 = CARTESIAN_POINT('',(36.366389466389,18.262231462231,25.5));
#6839 = B_SPLINE_CURVE_WITH_KNOTS('',3,(#6840,#6841,#6842,#6843),
  .UNSPECIFIED.,.F.,.F.,(4,4),(0.,1.),.PIECEWISE_BEZIER_KNOTS.);
#6840 = CARTESIAN_POINT('',(36.366389466389,18.262231462231,25.5));
#6841 = CARTESIAN_POINT('',(35.612404712405,18.428551628552,25.5));
#6842 = CARTESIAN_POINT('',(35.30194040194,18.68911988912,25.5));
#6843 = CARTESIAN_POINT('',(35.30194040194,19.149272349272,25.5));
#6844 = ORIENTED_EDGE('',*,*,#6845,.T.);
#6845 = EDGE_CURVE('',#6837,#4841,#6846,.T.);
#6846 = LINE('',#6847,#6848);
#6847 = CARTESIAN_POINT('',(36.366389466389,18.262231462231,25.5));
#6848 = VECTOR('',#6849,1.);
#6849 = DIRECTION('',(0.,0.,1.));
#6850 = ORIENTED_EDGE('',*,*,#4840,.F.);
#6851 = ORIENTED_EDGE('',*,*,#6817,.F.);
#6852 = SURFACE_OF_LINEAR_EXTRUSION('',#6853,#6858);
#6853 = B_SPLINE_CURVE_WITH_KNOTS('',3,(#6854,#6855,#6856,#6857),
  .UNSPECIFIED.,.F.,.F.,(4,4),(0.,1.),.PIECEWISE_BEZIER_KNOTS.);
#6854 = CARTESIAN_POINT('',(36.366389466389,18.262231462231,25.5));
#6855 = CARTESIAN_POINT('',(35.612404712405,18.428551628552,25.5));
#6856 = CARTESIAN_POINT('',(35.30194040194,18.68911988912,25.5));
#6857 = CARTESIAN_POINT('',(35.30194040194,19.149272349272,25.5));
#6858 = VECTOR('',#6859,1.);
#6859 = DIRECTION('',(-0.,-0.,-1.));
#6860 = ADVANCED_FACE('',(#6861),#6879,.T.);
#6861 = FACE_BOUND('',#6862,.T.);
#6862 = EDGE_LOOP('',(#6863,#6871,#6877,#6878));
#6863 = ORIENTED_EDGE('',*,*,#6864,.F.);
#6864 = EDGE_CURVE('',#6865,#6837,#6867,.T.);
#6865 = VERTEX_POINT('',#6866);
#6866 = CARTESIAN_POINT('',(37.214622314622,18.068191268191,25.5));
#6867 = LINE('',#6868,#6869);
#6868 = CARTESIAN_POINT('',(37.214622314622,18.068191268191,25.5));
#6869 = VECTOR('',#6870,1.);
#6870 = DIRECTION('',(-0.974818948223,0.222997798613,0.));
#6871 = ORIENTED_EDGE('',*,*,#6872,.T.);
#6872 = EDGE_CURVE('',#6865,#4873,#6873,.T.);
#6873 = LINE('',#6874,#6875);
#6874 = CARTESIAN_POINT('',(37.214622314622,18.068191268191,25.5));
#6875 = VECTOR('',#6876,1.);
#6876 = DIRECTION('',(0.,0.,1.));
#6877 = ORIENTED_EDGE('',*,*,#4872,.F.);
#6878 = ORIENTED_EDGE('',*,*,#6845,.F.);
#6879 = PLANE('',#6880);
#6880 = AXIS2_PLACEMENT_3D('',#6881,#6882,#6883);
#6881 = CARTESIAN_POINT('',(37.214622314622,18.068191268191,25.5));
#6882 = DIRECTION('',(-0.222997798613,-0.974818948223,0.));
#6883 = DIRECTION('',(-0.974818948223,0.222997798613,0.));
#6884 = ADVANCED_FACE('',(#6885),#6904,.T.);
#6885 = FACE_BOUND('',#6886,.T.);
#6886 = EDGE_LOOP('',(#6887,#6896,#6902,#6903));
#6887 = ORIENTED_EDGE('',*,*,#6888,.F.);
#6888 = EDGE_CURVE('',#6889,#6865,#6891,.T.);
#6889 = VERTEX_POINT('',#6890);
#6890 = CARTESIAN_POINT('',(38.916632016632,16.421621621622,25.5));
#6891 = B_SPLINE_CURVE_WITH_KNOTS('',3,(#6892,#6893,#6894,#6895),
  .UNSPECIFIED.,.F.,.F.,(4,4),(0.,1.),.PIECEWISE_BEZIER_KNOTS.);
#6892 = CARTESIAN_POINT('',(38.916632016632,16.421621621622,25.5));
#6893 = CARTESIAN_POINT('',(38.916632016632,17.29203049203,25.5));
#6894 = CARTESIAN_POINT('',(38.384407484407,17.802079002079,25.5));
#6895 = CARTESIAN_POINT('',(37.214622314622,18.068191268191,25.5));
#6896 = ORIENTED_EDGE('',*,*,#6897,.T.);
#6897 = EDGE_CURVE('',#6889,#4881,#6898,.T.);
#6898 = LINE('',#6899,#6900);
#6899 = CARTESIAN_POINT('',(38.916632016632,16.421621621622,25.5));
#6900 = VECTOR('',#6901,1.);
#6901 = DIRECTION('',(0.,0.,1.));
#6902 = ORIENTED_EDGE('',*,*,#4880,.F.);
#6903 = ORIENTED_EDGE('',*,*,#6872,.F.);
#6904 = SURFACE_OF_LINEAR_EXTRUSION('',#6905,#6910);
#6905 = B_SPLINE_CURVE_WITH_KNOTS('',3,(#6906,#6907,#6908,#6909),
  .UNSPECIFIED.,.F.,.F.,(4,4),(0.,1.),.PIECEWISE_BEZIER_KNOTS.);
#6906 = CARTESIAN_POINT('',(38.916632016632,16.421621621622,25.5));
#6907 = CARTESIAN_POINT('',(38.916632016632,17.29203049203,25.5));
#6908 = CARTESIAN_POINT('',(38.384407484407,17.802079002079,25.5));
#6909 = CARTESIAN_POINT('',(37.214622314622,18.068191268191,25.5));
#6910 = VECTOR('',#6911,1.);
#6911 = DIRECTION('',(-0.,-0.,-1.));
#6912 = ADVANCED_FACE('',(#6913),#6932,.T.);
#6913 = FACE_BOUND('',#6914,.T.);
#6914 = EDGE_LOOP('',(#6915,#6924,#6930,#6931));
#6915 = ORIENTED_EDGE('',*,*,#6916,.F.);
#6916 = EDGE_CURVE('',#6917,#6889,#6919,.T.);
#6917 = VERTEX_POINT('',#6918);
#6918 = CARTESIAN_POINT('',(36.565973665974,14.5920997921,25.5));
#6919 = B_SPLINE_CURVE_WITH_KNOTS('',3,(#6920,#6921,#6922,#6923),
  .UNSPECIFIED.,.F.,.F.,(4,4),(0.,1.),.PIECEWISE_BEZIER_KNOTS.);
#6920 = CARTESIAN_POINT('',(36.565973665974,14.5920997921,25.5));
#6921 = CARTESIAN_POINT('',(37.990783090783,14.5920997921,25.5));
#6922 = CARTESIAN_POINT('',(38.916632016632,15.312820512821,25.5));
#6923 = CARTESIAN_POINT('',(38.916632016632,16.421621621622,25.5));
#6924 = ORIENTED_EDGE('',*,*,#6925,.T.);
#6925 = EDGE_CURVE('',#6917,#4918,#6926,.T.);
#6926 = LINE('',#6927,#6928);
#6927 = CARTESIAN_POINT('',(36.565973665974,14.5920997921,25.5));
#6928 = VECTOR('',#6929,1.);
#6929 = DIRECTION('',(0.,0.,1.));
#6930 = ORIENTED_EDGE('',*,*,#4917,.F.);
#6931 = ORIENTED_EDGE('',*,*,#6897,.F.);
#6932 = SURFACE_OF_LINEAR_EXTRUSION('',#6933,#6938);
#6933 = B_SPLINE_CURVE_WITH_KNOTS('',3,(#6934,#6935,#6936,#6937),
  .UNSPECIFIED.,.F.,.F.,(4,4),(0.,1.),.PIECEWISE_BEZIER_KNOTS.);
#6934 = CARTESIAN_POINT('',(36.565973665974,14.5920997921,25.5));
#6935 = CARTESIAN_POINT('',(37.990783090783,14.5920997921,25.5));
#6936 = CARTESIAN_POINT('',(38.916632016632,15.312820512821,25.5));
#6937 = CARTESIAN_POINT('',(38.916632016632,16.421621621622,25.5));
#6938 = VECTOR('',#6939,1.);
#6939 = DIRECTION('',(-0.,-0.,-1.));
#6940 = ADVANCED_FACE('',(#6941),#6960,.T.);
#6941 = FACE_BOUND('',#6942,.T.);
#6942 = EDGE_LOOP('',(#6943,#6952,#6958,#6959));
#6943 = ORIENTED_EDGE('',*,*,#6944,.F.);
#6944 = EDGE_CURVE('',#6945,#6917,#6947,.T.);
#6945 = VERTEX_POINT('',#6946);
#6946 = CARTESIAN_POINT('',(34.193139293139,16.260845460845,25.5));
#6947 = B_SPLINE_CURVE_WITH_KNOTS('',3,(#6948,#6949,#6950,#6951),
  .UNSPECIFIED.,.F.,.F.,(4,4),(0.,1.),.PIECEWISE_BEZIER_KNOTS.);
#6948 = CARTESIAN_POINT('',(34.193139293139,16.260845460845,25.5));
#6949 = CARTESIAN_POINT('',(34.298475398475,15.22966042966,25.5));
#6950 = CARTESIAN_POINT('',(35.202148302148,14.5920997921,25.5));
#6951 = CARTESIAN_POINT('',(36.565973665974,14.5920997921,25.5));
#6952 = ORIENTED_EDGE('',*,*,#6953,.T.);
#6953 = EDGE_CURVE('',#6945,#4955,#6954,.T.);
#6954 = LINE('',#6955,#6956);
#6955 = CARTESIAN_POINT('',(34.193139293139,16.260845460845,25.5));
#6956 = VECTOR('',#6957,1.);
#6957 = DIRECTION('',(0.,0.,1.));
#6958 = ORIENTED_EDGE('',*,*,#4954,.F.);
#6959 = ORIENTED_EDGE('',*,*,#6925,.F.);
#6960 = SURFACE_OF_LINEAR_EXTRUSION('',#6961,#6966);
#6961 = B_SPLINE_CURVE_WITH_KNOTS('',3,(#6962,#6963,#6964,#6965),
  .UNSPECIFIED.,.F.,.F.,(4,4),(0.,1.),.PIECEWISE_BEZIER_KNOTS.);
#6962 = CARTESIAN_POINT('',(34.193139293139,16.260845460845,25.5));
#6963 = CARTESIAN_POINT('',(34.298475398475,15.22966042966,25.5));
#6964 = CARTESIAN_POINT('',(35.202148302148,14.5920997921,25.5));
#6965 = CARTESIAN_POINT('',(36.565973665974,14.5920997921,25.5));
#6966 = VECTOR('',#6967,1.);
#6967 = DIRECTION('',(-0.,-0.,-1.));
#6968 = ADVANCED_FACE('',(#6969),#6987,.T.);
#6969 = FACE_BOUND('',#6970,.T.);
#6970 = EDGE_LOOP('',(#6971,#6979,#6985,#6986));
#6971 = ORIENTED_EDGE('',*,*,#6972,.F.);
#6972 = EDGE_CURVE('',#6973,#6945,#6975,.T.);
#6973 = VERTEX_POINT('',#6974);
#6974 = CARTESIAN_POINT('',(35.152252252252,16.260845460845,25.5));
#6975 = LINE('',#6976,#6977);
#6976 = CARTESIAN_POINT('',(35.152252252252,16.260845460845,25.5));
#6977 = VECTOR('',#6978,1.);
#6978 = DIRECTION('',(-1.,0.,0.));
#6979 = ORIENTED_EDGE('',*,*,#6980,.T.);
#6980 = EDGE_CURVE('',#6973,#4992,#6981,.T.);
#6981 = LINE('',#6982,#6983);
#6982 = CARTESIAN_POINT('',(35.152252252252,16.260845460845,25.5));
#6983 = VECTOR('',#6984,1.);
#6984 = DIRECTION('',(0.,0.,1.));
#6985 = ORIENTED_EDGE('',*,*,#4991,.F.);
#6986 = ORIENTED_EDGE('',*,*,#6953,.F.);
#6987 = PLANE('',#6988);
#6988 = AXIS2_PLACEMENT_3D('',#6989,#6990,#6991);
#6989 = CARTESIAN_POINT('',(35.152252252252,16.260845460845,25.5));
#6990 = DIRECTION('',(0.,-1.,0.));
#6991 = DIRECTION('',(-1.,0.,0.));
#6992 = ADVANCED_FACE('',(#6993),#7012,.T.);
#6993 = FACE_BOUND('',#6994,.T.);
#6994 = EDGE_LOOP('',(#6995,#7004,#7010,#7011));
#6995 = ORIENTED_EDGE('',*,*,#6996,.F.);
#6996 = EDGE_CURVE('',#6997,#6973,#6999,.T.);
#6997 = VERTEX_POINT('',#6998);
#6998 = CARTESIAN_POINT('',(36.599237699238,15.384892584893,25.5));
#6999 = B_SPLINE_CURVE_WITH_KNOTS('',3,(#7000,#7001,#7002,#7003),
  .UNSPECIFIED.,.F.,.F.,(4,4),(0.,1.),.PIECEWISE_BEZIER_KNOTS.);
#7000 = CARTESIAN_POINT('',(36.599237699238,15.384892584893,25.5));
#7001 = CARTESIAN_POINT('',(35.823076923077,15.384892584893,25.5));
#7002 = CARTESIAN_POINT('',(35.290852390852,15.706444906445,25.5));
#7003 = CARTESIAN_POINT('',(35.152252252252,16.260845460845,25.5));
#7004 = ORIENTED_EDGE('',*,*,#7005,.T.);
#7005 = EDGE_CURVE('',#6997,#5000,#7006,.T.);
#7006 = LINE('',#7007,#7008);
#7007 = CARTESIAN_POINT('',(36.599237699238,15.384892584893,25.5));
#7008 = VECTOR('',#7009,1.);
#7009 = DIRECTION('',(0.,0.,1.));
#7010 = ORIENTED_EDGE('',*,*,#4999,.F.);
#7011 = ORIENTED_EDGE('',*,*,#6980,.F.);
#7012 = SURFACE_OF_LINEAR_EXTRUSION('',#7013,#7018);
#7013 = B_SPLINE_CURVE_WITH_KNOTS('',3,(#7014,#7015,#7016,#7017),
  .UNSPECIFIED.,.F.,.F.,(4,4),(0.,1.),.PIECEWISE_BEZIER_KNOTS.);
#7014 = CARTESIAN_POINT('',(36.599237699238,15.384892584893,25.5));
#7015 = CARTESIAN_POINT('',(35.823076923077,15.384892584893,25.5));
#7016 = CARTESIAN_POINT('',(35.290852390852,15.706444906445,25.5));
#7017 = CARTESIAN_POINT('',(35.152252252252,16.260845460845,25.5));
#7018 = VECTOR('',#7019,1.);
#7019 = DIRECTION('',(-0.,-0.,-1.));
#7020 = ADVANCED_FACE('',(#7021),#7040,.T.);
#7021 = FACE_BOUND('',#7022,.T.);
#7022 = EDGE_LOOP('',(#7023,#7032,#7038,#7039));
#7023 = ORIENTED_EDGE('',*,*,#7024,.F.);
#7024 = EDGE_CURVE('',#7025,#6997,#7027,.T.);
#7025 = VERTEX_POINT('',#7026);
#7026 = CARTESIAN_POINT('',(37.940887040887,16.332917532918,25.5));
#7027 = B_SPLINE_CURVE_WITH_KNOTS('',3,(#7028,#7029,#7030,#7031),
  .UNSPECIFIED.,.F.,.F.,(4,4),(0.,1.),.PIECEWISE_BEZIER_KNOTS.);
#7028 = CARTESIAN_POINT('',(37.940887040887,16.332917532918,25.5));
#7029 = CARTESIAN_POINT('',(37.940887040887,15.756340956341,25.5));
#7030 = CARTESIAN_POINT('',(37.419750519751,15.384892584893,25.5));
#7031 = CARTESIAN_POINT('',(36.599237699238,15.384892584893,25.5));
#7032 = ORIENTED_EDGE('',*,*,#7033,.T.);
#7033 = EDGE_CURVE('',#7025,#5032,#7034,.T.);
#7034 = LINE('',#7035,#7036);
#7035 = CARTESIAN_POINT('',(37.940887040887,16.332917532918,25.5));
#7036 = VECTOR('',#7037,1.);
#7037 = DIRECTION('',(0.,0.,1.));
#7038 = ORIENTED_EDGE('',*,*,#5031,.F.);
#7039 = ORIENTED_EDGE('',*,*,#7005,.F.);
#7040 = SURFACE_OF_LINEAR_EXTRUSION('',#7041,#7046);
#7041 = B_SPLINE_CURVE_WITH_KNOTS('',3,(#7042,#7043,#7044,#7045),
  .UNSPECIFIED.,.F.,.F.,(4,4),(0.,1.),.PIECEWISE_BEZIER_KNOTS.);
#7042 = CARTESIAN_POINT('',(37.940887040887,16.332917532918,25.5));
#7043 = CARTESIAN_POINT('',(37.940887040887,15.756340956341,25.5));
#7044 = CARTESIAN_POINT('',(37.419750519751,15.384892584893,25.5));
#7045 = CARTESIAN_POINT('',(36.599237699238,15.384892584893,25.5));
#7046 = VECTOR('',#7047,1.);
#7047 = DIRECTION('',(-0.,-0.,-1.));
#7048 = ADVANCED_FACE('',(#7049),#7061,.T.);
#7049 = FACE_BOUND('',#7050,.T.);
#7050 = EDGE_LOOP('',(#7051,#7058,#7059,#7060));
#7051 = ORIENTED_EDGE('',*,*,#7052,.F.);
#7052 = EDGE_CURVE('',#6644,#7025,#7053,.T.);
#7053 = B_SPLINE_CURVE_WITH_KNOTS('',3,(#7054,#7055,#7056,#7057),
  .UNSPECIFIED.,.F.,.F.,(4,4),(0.,1.),.PIECEWISE_BEZIER_KNOTS.);
#7054 = CARTESIAN_POINT('',(36.881981981982,17.23659043659,25.5));
#7055 = CARTESIAN_POINT('',(37.647054747055,17.064726264726,25.5));
#7056 = CARTESIAN_POINT('',(37.940887040887,16.809702009702,25.5));
#7057 = CARTESIAN_POINT('',(37.940887040887,16.332917532918,25.5));
#7058 = ORIENTED_EDGE('',*,*,#6658,.T.);
#7059 = ORIENTED_EDGE('',*,*,#5068,.F.);
#7060 = ORIENTED_EDGE('',*,*,#7033,.F.);
#7061 = SURFACE_OF_LINEAR_EXTRUSION('',#7062,#7067);
#7062 = B_SPLINE_CURVE_WITH_KNOTS('',3,(#7063,#7064,#7065,#7066),
  .UNSPECIFIED.,.F.,.F.,(4,4),(0.,1.),.PIECEWISE_BEZIER_KNOTS.);
#7063 = CARTESIAN_POINT('',(36.881981981982,17.23659043659,25.5));
#7064 = CARTESIAN_POINT('',(37.647054747055,17.064726264726,25.5));
#7065 = CARTESIAN_POINT('',(37.940887040887,16.809702009702,25.5));
#7066 = CARTESIAN_POINT('',(37.940887040887,16.332917532918,25.5));
#7067 = VECTOR('',#7068,1.);
#7068 = DIRECTION('',(-0.,-0.,-1.));
#7069 = ADVANCED_FACE('',(#7070),#7095,.T.);
#7070 = FACE_BOUND('',#7071,.T.);
#7071 = EDGE_LOOP('',(#7072,#7082,#7088,#7089));
#7072 = ORIENTED_EDGE('',*,*,#7073,.F.);
#7073 = EDGE_CURVE('',#7074,#7076,#7078,.T.);
#7074 = VERTEX_POINT('',#7075);
#7075 = CARTESIAN_POINT('',(42.554608454608,20.701593901594,25.5));
#7076 = VERTEX_POINT('',#7077);
#7077 = CARTESIAN_POINT('',(40.952390852391,20.701593901594,25.5));
#7078 = LINE('',#7079,#7080);
#7079 = CARTESIAN_POINT('',(42.554608454608,20.701593901594,25.5));
#7080 = VECTOR('',#7081,1.);
#7081 = DIRECTION('',(-1.,0.,0.));
#7082 = ORIENTED_EDGE('',*,*,#7083,.T.);
#7083 = EDGE_CURVE('',#7074,#5108,#7084,.T.);
#7084 = LINE('',#7085,#7086);
#7085 = CARTESIAN_POINT('',(42.554608454608,20.701593901594,25.5));
#7086 = VECTOR('',#7087,1.);
#7087 = DIRECTION('',(0.,0.,1.));
#7088 = ORIENTED_EDGE('',*,*,#5105,.F.);
#7089 = ORIENTED_EDGE('',*,*,#7090,.F.);
#7090 = EDGE_CURVE('',#7076,#5106,#7091,.T.);
#7091 = LINE('',#7092,#7093);
#7092 = CARTESIAN_POINT('',(40.952390852391,20.701593901594,25.5));
#7093 = VECTOR('',#7094,1.);
#7094 = DIRECTION('',(0.,0.,1.));
#7095 = PLANE('',#7096);
#7096 = AXIS2_PLACEMENT_3D('',#7097,#7098,#7099);
#7097 = CARTESIAN_POINT('',(42.554608454608,20.701593901594,25.5));
#7098 = DIRECTION('',(0.,-1.,0.));
#7099 = DIRECTION('',(-1.,0.,0.));
#7100 = ADVANCED_FACE('',(#7101),#7119,.T.);
#7101 = FACE_BOUND('',#7102,.T.);
#7102 = EDGE_LOOP('',(#7103,#7111,#7117,#7118));
#7103 = ORIENTED_EDGE('',*,*,#7104,.F.);
#7104 = EDGE_CURVE('',#7105,#7074,#7107,.T.);
#7105 = VERTEX_POINT('',#7106);
#7106 = CARTESIAN_POINT('',(42.554608454608,22.331531531532,25.5));
#7107 = LINE('',#7108,#7109);
#7108 = CARTESIAN_POINT('',(42.554608454608,22.331531531532,25.5));
#7109 = VECTOR('',#7110,1.);
#7110 = DIRECTION('',(0.,-1.,0.));
#7111 = ORIENTED_EDGE('',*,*,#7112,.T.);
#7112 = EDGE_CURVE('',#7105,#5116,#7113,.T.);
#7113 = LINE('',#7114,#7115);
#7114 = CARTESIAN_POINT('',(42.554608454608,22.331531531532,25.5));
#7115 = VECTOR('',#7116,1.);
#7116 = DIRECTION('',(0.,0.,1.));
#7117 = ORIENTED_EDGE('',*,*,#5115,.F.);
#7118 = ORIENTED_EDGE('',*,*,#7083,.F.);
#7119 = PLANE('',#7120);
#7120 = AXIS2_PLACEMENT_3D('',#7121,#7122,#7123);
#7121 = CARTESIAN_POINT('',(42.554608454608,22.331531531532,25.5));
#7122 = DIRECTION('',(1.,0.,0.));
#7123 = DIRECTION('',(0.,-1.,0.));
#7124 = ADVANCED_FACE('',(#7125),#7143,.T.);
#7125 = FACE_BOUND('',#7126,.T.);
#7126 = EDGE_LOOP('',(#7127,#7135,#7141,#7142));
#7127 = ORIENTED_EDGE('',*,*,#7128,.F.);
#7128 = EDGE_CURVE('',#7129,#7105,#7131,.T.);
#7129 = VERTEX_POINT('',#7130);
#7130 = CARTESIAN_POINT('',(43.486001386001,22.331531531532,25.5));
#7131 = LINE('',#7132,#7133);
#7132 = CARTESIAN_POINT('',(43.486001386001,22.331531531532,25.5));
#7133 = VECTOR('',#7134,1.);
#7134 = DIRECTION('',(-1.,0.,0.));
#7135 = ORIENTED_EDGE('',*,*,#7136,.T.);
#7136 = EDGE_CURVE('',#7129,#5124,#7137,.T.);
#7137 = LINE('',#7138,#7139);
#7138 = CARTESIAN_POINT('',(43.486001386001,22.331531531532,25.5));
#7139 = VECTOR('',#7140,1.);
#7140 = DIRECTION('',(0.,0.,1.));
#7141 = ORIENTED_EDGE('',*,*,#5123,.F.);
#7142 = ORIENTED_EDGE('',*,*,#7112,.F.);
#7143 = PLANE('',#7144);
#7144 = AXIS2_PLACEMENT_3D('',#7145,#7146,#7147);
#7145 = CARTESIAN_POINT('',(43.486001386001,22.331531531532,25.5));
#7146 = DIRECTION('',(0.,-1.,0.));
#7147 = DIRECTION('',(-1.,0.,0.));
#7148 = ADVANCED_FACE('',(#7149),#7167,.T.);
#7149 = FACE_BOUND('',#7150,.T.);
#7150 = EDGE_LOOP('',(#7151,#7159,#7165,#7166));
#7151 = ORIENTED_EDGE('',*,*,#7152,.F.);
#7152 = EDGE_CURVE('',#7153,#7129,#7155,.T.);
#7153 = VERTEX_POINT('',#7154);
#7154 = CARTESIAN_POINT('',(43.486001386001,20.701593901594,25.5));
#7155 = LINE('',#7156,#7157);
#7156 = CARTESIAN_POINT('',(43.486001386001,20.701593901594,25.5));
#7157 = VECTOR('',#7158,1.);
#7158 = DIRECTION('',(0.,1.,0.));
#7159 = ORIENTED_EDGE('',*,*,#7160,.T.);
#7160 = EDGE_CURVE('',#7153,#5132,#7161,.T.);
#7161 = LINE('',#7162,#7163);
#7162 = CARTESIAN_POINT('',(43.486001386001,20.701593901594,25.5));
#7163 = VECTOR('',#7164,1.);
#7164 = DIRECTION('',(0.,0.,1.));
#7165 = ORIENTED_EDGE('',*,*,#5131,.F.);
#7166 = ORIENTED_EDGE('',*,*,#7136,.F.);
#7167 = PLANE('',#7168);
#7168 = AXIS2_PLACEMENT_3D('',#7169,#7170,#7171);
#7169 = CARTESIAN_POINT('',(43.486001386001,20.701593901594,25.5));
#7170 = DIRECTION('',(-1.,0.,0.));
#7171 = DIRECTION('',(0.,1.,0.));
#7172 = ADVANCED_FACE('',(#7173),#7191,.T.);
#7173 = FACE_BOUND('',#7174,.T.);
#7174 = EDGE_LOOP('',(#7175,#7183,#7189,#7190));
#7175 = ORIENTED_EDGE('',*,*,#7176,.F.);
#7176 = EDGE_CURVE('',#7177,#7153,#7179,.T.);
#7177 = VERTEX_POINT('',#7178);
#7178 = CARTESIAN_POINT('',(45.925363825364,20.701593901594,25.5));
#7179 = LINE('',#7180,#7181);
#7180 = CARTESIAN_POINT('',(45.925363825364,20.701593901594,25.5));
#7181 = VECTOR('',#7182,1.);
#7182 = DIRECTION('',(-1.,0.,0.));
#7183 = ORIENTED_EDGE('',*,*,#7184,.T.);
#7184 = EDGE_CURVE('',#7177,#5140,#7185,.T.);
#7185 = LINE('',#7186,#7187);
#7186 = CARTESIAN_POINT('',(45.925363825364,20.701593901594,25.5));
#7187 = VECTOR('',#7188,1.);
#7188 = DIRECTION('',(0.,0.,1.));
#7189 = ORIENTED_EDGE('',*,*,#5139,.F.);
#7190 = ORIENTED_EDGE('',*,*,#7160,.F.);
#7191 = PLANE('',#7192);
#7192 = AXIS2_PLACEMENT_3D('',#7193,#7194,#7195);
#7193 = CARTESIAN_POINT('',(45.925363825364,20.701593901594,25.5));
#7194 = DIRECTION('',(0.,-1.,0.));
#7195 = DIRECTION('',(-1.,0.,0.));
#7196 = ADVANCED_FACE('',(#7197),#7215,.T.);
#7197 = FACE_BOUND('',#7198,.T.);
#7198 = EDGE_LOOP('',(#7199,#7207,#7213,#7214));
#7199 = ORIENTED_EDGE('',*,*,#7200,.F.);
#7200 = EDGE_CURVE('',#7201,#7177,#7203,.T.);
#7201 = VERTEX_POINT('',#7202);
#7202 = CARTESIAN_POINT('',(45.925363825364,19.897713097713,25.5));
#7203 = LINE('',#7204,#7205);
#7204 = CARTESIAN_POINT('',(45.925363825364,19.897713097713,25.5));
#7205 = VECTOR('',#7206,1.);
#7206 = DIRECTION('',(0.,1.,0.));
#7207 = ORIENTED_EDGE('',*,*,#7208,.T.);
#7208 = EDGE_CURVE('',#7201,#5148,#7209,.T.);
#7209 = LINE('',#7210,#7211);
#7210 = CARTESIAN_POINT('',(45.925363825364,19.897713097713,25.5));
#7211 = VECTOR('',#7212,1.);
#7212 = DIRECTION('',(0.,0.,1.));
#7213 = ORIENTED_EDGE('',*,*,#5147,.F.);
#7214 = ORIENTED_EDGE('',*,*,#7184,.F.);
#7215 = PLANE('',#7216);
#7216 = AXIS2_PLACEMENT_3D('',#7217,#7218,#7219);
#7217 = CARTESIAN_POINT('',(45.925363825364,19.897713097713,25.5));
#7218 = DIRECTION('',(-1.,0.,0.));
#7219 = DIRECTION('',(0.,1.,0.));
#7220 = ADVANCED_FACE('',(#7221),#7239,.T.);
#7221 = FACE_BOUND('',#7222,.T.);
#7222 = EDGE_LOOP('',(#7223,#7231,#7237,#7238));
#7223 = ORIENTED_EDGE('',*,*,#7224,.F.);
#7224 = EDGE_CURVE('',#7225,#7201,#7227,.T.);
#7225 = VERTEX_POINT('',#7226);
#7226 = CARTESIAN_POINT('',(43.497089397089,19.897713097713,25.5));
#7227 = LINE('',#7228,#7229);
#7228 = CARTESIAN_POINT('',(43.497089397089,19.897713097713,25.5));
#7229 = VECTOR('',#7230,1.);
#7230 = DIRECTION('',(1.,0.,0.));
#7231 = ORIENTED_EDGE('',*,*,#7232,.T.);
#7232 = EDGE_CURVE('',#7225,#5156,#7233,.T.);
#7233 = LINE('',#7234,#7235);
#7234 = CARTESIAN_POINT('',(43.497089397089,19.897713097713,25.5));
#7235 = VECTOR('',#7236,1.);
#7236 = DIRECTION('',(0.,0.,1.));
#7237 = ORIENTED_EDGE('',*,*,#5155,.F.);
#7238 = ORIENTED_EDGE('',*,*,#7208,.F.);
#7239 = PLANE('',#7240);
#7240 = AXIS2_PLACEMENT_3D('',#7241,#7242,#7243);
#7241 = CARTESIAN_POINT('',(43.497089397089,19.897713097713,25.5));
#7242 = DIRECTION('',(0.,1.,0.));
#7243 = DIRECTION('',(1.,0.,0.));
#7244 = ADVANCED_FACE('',(#7245),#7263,.T.);
#7245 = FACE_BOUND('',#7246,.T.);
#7246 = EDGE_LOOP('',(#7247,#7255,#7261,#7262));
#7247 = ORIENTED_EDGE('',*,*,#7248,.F.);
#7248 = EDGE_CURVE('',#7249,#7225,#7251,.T.);
#7249 = VERTEX_POINT('',#7250);
#7250 = CARTESIAN_POINT('',(43.497089397089,16.504781704782,25.5));
#7251 = LINE('',#7252,#7253);
#7252 = CARTESIAN_POINT('',(43.497089397089,16.504781704782,25.5));
#7253 = VECTOR('',#7254,1.);
#7254 = DIRECTION('',(0.,1.,0.));
#7255 = ORIENTED_EDGE('',*,*,#7256,.T.);
#7256 = EDGE_CURVE('',#7249,#5164,#7257,.T.);
#7257 = LINE('',#7258,#7259);
#7258 = CARTESIAN_POINT('',(43.497089397089,16.504781704782,25.5));
#7259 = VECTOR('',#7260,1.);
#7260 = DIRECTION('',(0.,0.,1.));
#7261 = ORIENTED_EDGE('',*,*,#5163,.F.);
#7262 = ORIENTED_EDGE('',*,*,#7232,.F.);
#7263 = PLANE('',#7264);
#7264 = AXIS2_PLACEMENT_3D('',#7265,#7266,#7267);
#7265 = CARTESIAN_POINT('',(43.497089397089,16.504781704782,25.5));
#7266 = DIRECTION('',(-1.,0.,0.));
#7267 = DIRECTION('',(0.,1.,0.));
#7268 = ADVANCED_FACE('',(#7269),#7288,.T.);
#7269 = FACE_BOUND('',#7270,.T.);
#7270 = EDGE_LOOP('',(#7271,#7280,#7286,#7287));
#7271 = ORIENTED_EDGE('',*,*,#7272,.F.);
#7272 = EDGE_CURVE('',#7273,#7249,#7275,.T.);
#7273 = VERTEX_POINT('',#7274);
#7274 = CARTESIAN_POINT('',(44.805474705475,15.495772695773,25.5));
#7275 = B_SPLINE_CURVE_WITH_KNOTS('',3,(#7276,#7277,#7278,#7279),
  .UNSPECIFIED.,.F.,.F.,(4,4),(0.,1.),.PIECEWISE_BEZIER_KNOTS.);
#7276 = CARTESIAN_POINT('',(44.805474705475,15.495772695773,25.5));
#7277 = CARTESIAN_POINT('',(43.957241857242,15.495772695773,25.5));
#7278 = CARTESIAN_POINT('',(43.497089397089,15.850589050589,25.5));
#7279 = CARTESIAN_POINT('',(43.497089397089,16.504781704782,25.5));
#7280 = ORIENTED_EDGE('',*,*,#7281,.T.);
#7281 = EDGE_CURVE('',#7273,#5172,#7282,.T.);
#7282 = LINE('',#7283,#7284);
#7283 = CARTESIAN_POINT('',(44.805474705475,15.495772695773,25.5));
#7284 = VECTOR('',#7285,1.);
#7285 = DIRECTION('',(0.,0.,1.));
#7286 = ORIENTED_EDGE('',*,*,#5171,.F.);
#7287 = ORIENTED_EDGE('',*,*,#7256,.F.);
#7288 = SURFACE_OF_LINEAR_EXTRUSION('',#7289,#7294);
#7289 = B_SPLINE_CURVE_WITH_KNOTS('',3,(#7290,#7291,#7292,#7293),
  .UNSPECIFIED.,.F.,.F.,(4,4),(0.,1.),.PIECEWISE_BEZIER_KNOTS.);
#7290 = CARTESIAN_POINT('',(44.805474705475,15.495772695773,25.5));
#7291 = CARTESIAN_POINT('',(43.957241857242,15.495772695773,25.5));
#7292 = CARTESIAN_POINT('',(43.497089397089,15.850589050589,25.5));
#7293 = CARTESIAN_POINT('',(43.497089397089,16.504781704782,25.5));
#7294 = VECTOR('',#7295,1.);
#7295 = DIRECTION('',(-0.,-0.,-1.));
#7296 = ADVANCED_FACE('',(#7297),#7316,.T.);
#7297 = FACE_BOUND('',#7298,.T.);
#7298 = EDGE_LOOP('',(#7299,#7308,#7314,#7315));
#7299 = ORIENTED_EDGE('',*,*,#7300,.F.);
#7300 = EDGE_CURVE('',#7301,#7273,#7303,.T.);
#7301 = VERTEX_POINT('',#7302);
#7302 = CARTESIAN_POINT('',(45.908731808732,15.529036729037,25.5));
#7303 = B_SPLINE_CURVE_WITH_KNOTS('',3,(#7304,#7305,#7306,#7307),
  .UNSPECIFIED.,.F.,.F.,(4,4),(0.,1.),.PIECEWISE_BEZIER_KNOTS.);
#7304 = CARTESIAN_POINT('',(45.908731808732,15.529036729037,25.5));
#7305 = CARTESIAN_POINT('',(45.747955647956,15.512404712405,25.5));
#7306 = CARTESIAN_POINT('',(45.143659043659,15.495772695773,25.5));
#7307 = CARTESIAN_POINT('',(44.805474705475,15.495772695773,25.5));
#7308 = ORIENTED_EDGE('',*,*,#7309,.T.);
#7309 = EDGE_CURVE('',#7301,#5214,#7310,.T.);
#7310 = LINE('',#7311,#7312);
#7311 = CARTESIAN_POINT('',(45.908731808732,15.529036729037,25.5));
#7312 = VECTOR('',#7313,1.);
#7313 = DIRECTION('',(0.,0.,1.));
#7314 = ORIENTED_EDGE('',*,*,#5213,.F.);
#7315 = ORIENTED_EDGE('',*,*,#7281,.F.);
#7316 = SURFACE_OF_LINEAR_EXTRUSION('',#7317,#7322);
#7317 = B_SPLINE_CURVE_WITH_KNOTS('',3,(#7318,#7319,#7320,#7321),
  .UNSPECIFIED.,.F.,.F.,(4,4),(0.,1.),.PIECEWISE_BEZIER_KNOTS.);
#7318 = CARTESIAN_POINT('',(45.908731808732,15.529036729037,25.5));
#7319 = CARTESIAN_POINT('',(45.747955647956,15.512404712405,25.5));
#7320 = CARTESIAN_POINT('',(45.143659043659,15.495772695773,25.5));
#7321 = CARTESIAN_POINT('',(44.805474705475,15.495772695773,25.5));
#7322 = VECTOR('',#7323,1.);
#7323 = DIRECTION('',(-0.,-0.,-1.));
#7324 = ADVANCED_FACE('',(#7325),#7343,.T.);
#7325 = FACE_BOUND('',#7326,.T.);
#7326 = EDGE_LOOP('',(#7327,#7335,#7341,#7342));
#7327 = ORIENTED_EDGE('',*,*,#7328,.F.);
#7328 = EDGE_CURVE('',#7329,#7301,#7331,.T.);
#7329 = VERTEX_POINT('',#7330);
#7330 = CARTESIAN_POINT('',(45.908731808732,14.7306999307,25.5));
#7331 = LINE('',#7332,#7333);
#7332 = CARTESIAN_POINT('',(45.908731808732,14.7306999307,25.5));
#7333 = VECTOR('',#7334,1.);
#7334 = DIRECTION('',(0.,1.,0.));
#7335 = ORIENTED_EDGE('',*,*,#7336,.T.);
#7336 = EDGE_CURVE('',#7329,#5246,#7337,.T.);
#7337 = LINE('',#7338,#7339);
#7338 = CARTESIAN_POINT('',(45.908731808732,14.7306999307,25.5));
#7339 = VECTOR('',#7340,1.);
#7340 = DIRECTION('',(0.,0.,1.));
#7341 = ORIENTED_EDGE('',*,*,#5245,.F.);
#7342 = ORIENTED_EDGE('',*,*,#7309,.F.);
#7343 = PLANE('',#7344);
#7344 = AXIS2_PLACEMENT_3D('',#7345,#7346,#7347);
#7345 = CARTESIAN_POINT('',(45.908731808732,14.7306999307,25.5));
#7346 = DIRECTION('',(-1.,0.,0.));
#7347 = DIRECTION('',(0.,1.,0.));
#7348 = ADVANCED_FACE('',(#7349),#7368,.T.);
#7349 = FACE_BOUND('',#7350,.T.);
#7350 = EDGE_LOOP('',(#7351,#7360,#7366,#7367));
#7351 = ORIENTED_EDGE('',*,*,#7352,.F.);
#7352 = EDGE_CURVE('',#7353,#7329,#7355,.T.);
#7353 = VERTEX_POINT('',#7354);
#7354 = CARTESIAN_POINT('',(44.738946638947,14.67525987526,25.5));
#7355 = B_SPLINE_CURVE_WITH_KNOTS('',3,(#7356,#7357,#7358,#7359),
  .UNSPECIFIED.,.F.,.F.,(4,4),(0.,1.),.PIECEWISE_BEZIER_KNOTS.);
#7356 = CARTESIAN_POINT('',(44.738946638947,14.67525987526,25.5));
#7357 = CARTESIAN_POINT('',(45.027234927235,14.67525987526,25.5));
#7358 = CARTESIAN_POINT('',(45.759043659044,14.70297990298,25.5));
#7359 = CARTESIAN_POINT('',(45.908731808732,14.7306999307,25.5));
#7360 = ORIENTED_EDGE('',*,*,#7361,.T.);
#7361 = EDGE_CURVE('',#7353,#5254,#7362,.T.);
#7362 = LINE('',#7363,#7364);
#7363 = CARTESIAN_POINT('',(44.738946638947,14.67525987526,25.5));
#7364 = VECTOR('',#7365,1.);
#7365 = DIRECTION('',(0.,0.,1.));
#7366 = ORIENTED_EDGE('',*,*,#5253,.F.);
#7367 = ORIENTED_EDGE('',*,*,#7336,.F.);
#7368 = SURFACE_OF_LINEAR_EXTRUSION('',#7369,#7374);
#7369 = B_SPLINE_CURVE_WITH_KNOTS('',3,(#7370,#7371,#7372,#7373),
  .UNSPECIFIED.,.F.,.F.,(4,4),(0.,1.),.PIECEWISE_BEZIER_KNOTS.);
#7370 = CARTESIAN_POINT('',(44.738946638947,14.67525987526,25.5));
#7371 = CARTESIAN_POINT('',(45.027234927235,14.67525987526,25.5));
#7372 = CARTESIAN_POINT('',(45.759043659044,14.70297990298,25.5));
#7373 = CARTESIAN_POINT('',(45.908731808732,14.7306999307,25.5));
#7374 = VECTOR('',#7375,1.);
#7375 = DIRECTION('',(-0.,-0.,-1.));
#7376 = ADVANCED_FACE('',(#7377),#7396,.T.);
#7377 = FACE_BOUND('',#7378,.T.);
#7378 = EDGE_LOOP('',(#7379,#7388,#7394,#7395));
#7379 = ORIENTED_EDGE('',*,*,#7380,.F.);
#7380 = EDGE_CURVE('',#7381,#7353,#7383,.T.);
#7381 = VERTEX_POINT('',#7382);
#7382 = CARTESIAN_POINT('',(42.554608454608,16.493693693694,25.5));
#7383 = B_SPLINE_CURVE_WITH_KNOTS('',3,(#7384,#7385,#7386,#7387),
  .UNSPECIFIED.,.F.,.F.,(4,4),(0.,1.),.PIECEWISE_BEZIER_KNOTS.);
#7384 = CARTESIAN_POINT('',(42.554608454608,16.493693693694,25.5));
#7385 = CARTESIAN_POINT('',(42.554608454608,15.240748440748,25.5));
#7386 = CARTESIAN_POINT('',(43.247609147609,14.67525987526,25.5));
#7387 = CARTESIAN_POINT('',(44.738946638947,14.67525987526,25.5));
#7388 = ORIENTED_EDGE('',*,*,#7389,.T.);
#7389 = EDGE_CURVE('',#7381,#5303,#7390,.T.);
#7390 = LINE('',#7391,#7392);
#7391 = CARTESIAN_POINT('',(42.554608454608,16.493693693694,25.5));
#7392 = VECTOR('',#7393,1.);
#7393 = DIRECTION('',(0.,0.,1.));
#7394 = ORIENTED_EDGE('',*,*,#5302,.F.);
#7395 = ORIENTED_EDGE('',*,*,#7361,.F.);
#7396 = SURFACE_OF_LINEAR_EXTRUSION('',#7397,#7402);
#7397 = B_SPLINE_CURVE_WITH_KNOTS('',3,(#7398,#7399,#7400,#7401),
  .UNSPECIFIED.,.F.,.F.,(4,4),(0.,1.),.PIECEWISE_BEZIER_KNOTS.);
#7398 = CARTESIAN_POINT('',(42.554608454608,16.493693693694,25.5));
#7399 = CARTESIAN_POINT('',(42.554608454608,15.240748440748,25.5));
#7400 = CARTESIAN_POINT('',(43.247609147609,14.67525987526,25.5));
#7401 = CARTESIAN_POINT('',(44.738946638947,14.67525987526,25.5));
#7402 = VECTOR('',#7403,1.);
#7403 = DIRECTION('',(-0.,-0.,-1.));
#7404 = ADVANCED_FACE('',(#7405),#7423,.T.);
#7405 = FACE_BOUND('',#7406,.T.);
#7406 = EDGE_LOOP('',(#7407,#7415,#7421,#7422));
#7407 = ORIENTED_EDGE('',*,*,#7408,.F.);
#7408 = EDGE_CURVE('',#7409,#7381,#7411,.T.);
#7409 = VERTEX_POINT('',#7410);
#7410 = CARTESIAN_POINT('',(42.554608454608,19.897713097713,25.5));
#7411 = LINE('',#7412,#7413);
#7412 = CARTESIAN_POINT('',(42.554608454608,19.897713097713,25.5));
#7413 = VECTOR('',#7414,1.);
#7414 = DIRECTION('',(0.,-1.,0.));
#7415 = ORIENTED_EDGE('',*,*,#7416,.T.);
#7416 = EDGE_CURVE('',#7409,#5345,#7417,.T.);
#7417 = LINE('',#7418,#7419);
#7418 = CARTESIAN_POINT('',(42.554608454608,19.897713097713,25.5));
#7419 = VECTOR('',#7420,1.);
#7420 = DIRECTION('',(0.,0.,1.));
#7421 = ORIENTED_EDGE('',*,*,#5344,.F.);
#7422 = ORIENTED_EDGE('',*,*,#7389,.F.);
#7423 = PLANE('',#7424);
#7424 = AXIS2_PLACEMENT_3D('',#7425,#7426,#7427);
#7425 = CARTESIAN_POINT('',(42.554608454608,19.897713097713,25.5));
#7426 = DIRECTION('',(1.,0.,0.));
#7427 = DIRECTION('',(0.,-1.,0.));
#7428 = ADVANCED_FACE('',(#7429),#7447,.T.);
#7429 = FACE_BOUND('',#7430,.T.);
#7430 = EDGE_LOOP('',(#7431,#7439,#7445,#7446));
#7431 = ORIENTED_EDGE('',*,*,#7432,.F.);
#7432 = EDGE_CURVE('',#7433,#7409,#7435,.T.);
#7433 = VERTEX_POINT('',#7434);
#7434 = CARTESIAN_POINT('',(40.952390852391,19.897713097713,25.5));
#7435 = LINE('',#7436,#7437);
#7436 = CARTESIAN_POINT('',(40.952390852391,19.897713097713,25.5));
#7437 = VECTOR('',#7438,1.);
#7438 = DIRECTION('',(1.,0.,0.));
#7439 = ORIENTED_EDGE('',*,*,#7440,.T.);
#7440 = EDGE_CURVE('',#7433,#5353,#7441,.T.);
#7441 = LINE('',#7442,#7443);
#7442 = CARTESIAN_POINT('',(40.952390852391,19.897713097713,25.5));
#7443 = VECTOR('',#7444,1.);
#7444 = DIRECTION('',(0.,0.,1.));
#7445 = ORIENTED_EDGE('',*,*,#5352,.F.);
#7446 = ORIENTED_EDGE('',*,*,#7416,.F.);
#7447 = PLANE('',#7448);
#7448 = AXIS2_PLACEMENT_3D('',#7449,#7450,#7451);
#7449 = CARTESIAN_POINT('',(40.952390852391,19.897713097713,25.5));
#7450 = DIRECTION('',(0.,1.,0.));
#7451 = DIRECTION('',(1.,0.,0.));
#7452 = ADVANCED_FACE('',(#7453),#7464,.T.);
#7453 = FACE_BOUND('',#7454,.T.);
#7454 = EDGE_LOOP('',(#7455,#7461,#7462,#7463));
#7455 = ORIENTED_EDGE('',*,*,#7456,.F.);
#7456 = EDGE_CURVE('',#7076,#7433,#7457,.T.);
#7457 = LINE('',#7458,#7459);
#7458 = CARTESIAN_POINT('',(40.952390852391,20.701593901594,25.5));
#7459 = VECTOR('',#7460,1.);
#7460 = DIRECTION('',(0.,-1.,0.));
#7461 = ORIENTED_EDGE('',*,*,#7090,.T.);
#7462 = ORIENTED_EDGE('',*,*,#5360,.F.);
#7463 = ORIENTED_EDGE('',*,*,#7440,.F.);
#7464 = PLANE('',#7465);
#7465 = AXIS2_PLACEMENT_3D('',#7466,#7467,#7468);
#7466 = CARTESIAN_POINT('',(40.952390852391,20.701593901594,25.5));
#7467 = DIRECTION('',(1.,0.,0.));
#7468 = DIRECTION('',(0.,-1.,0.));
#7469 = ADVANCED_FACE('',(#7470),#7495,.T.);
#7470 = FACE_BOUND('',#7471,.T.);
#7471 = EDGE_LOOP('',(#7472,#7482,#7488,#7489));
#7472 = ORIENTED_EDGE('',*,*,#7473,.F.);
#7473 = EDGE_CURVE('',#7474,#7476,#7478,.T.);
#7474 = VERTEX_POINT('',#7475);
#7475 = CARTESIAN_POINT('',(51.814206514207,15.601108801109,25.5));
#7476 = VERTEX_POINT('',#7477);
#7477 = CARTESIAN_POINT('',(51.908454608455,15.601108801109,25.5));
#7478 = LINE('',#7479,#7480);
#7479 = CARTESIAN_POINT('',(51.814206514207,15.601108801109,25.5));
#7480 = VECTOR('',#7481,1.);
#7481 = DIRECTION('',(1.,0.,0.));
#7482 = ORIENTED_EDGE('',*,*,#7483,.T.);
#7483 = EDGE_CURVE('',#7474,#5371,#7484,.T.);
#7484 = LINE('',#7485,#7486);
#7485 = CARTESIAN_POINT('',(51.814206514207,15.601108801109,25.5));
#7486 = VECTOR('',#7487,1.);
#7487 = DIRECTION('',(0.,0.,1.));
#7488 = ORIENTED_EDGE('',*,*,#5368,.F.);
#7489 = ORIENTED_EDGE('',*,*,#7490,.F.);
#7490 = EDGE_CURVE('',#7476,#5369,#7491,.T.);
#7491 = LINE('',#7492,#7493);
#7492 = CARTESIAN_POINT('',(51.908454608455,15.601108801109,25.5));
#7493 = VECTOR('',#7494,1.);
#7494 = DIRECTION('',(0.,0.,1.));
#7495 = PLANE('',#7496);
#7496 = AXIS2_PLACEMENT_3D('',#7497,#7498,#7499);
#7497 = CARTESIAN_POINT('',(51.814206514207,15.601108801109,25.5));
#7498 = DIRECTION('',(0.,1.,0.));
#7499 = DIRECTION('',(1.,0.,0.));
#7500 = ADVANCED_FACE('',(#7501),#7520,.T.);
#7501 = FACE_BOUND('',#7502,.T.);
#7502 = EDGE_LOOP('',(#7503,#7512,#7518,#7519));
#7503 = ORIENTED_EDGE('',*,*,#7504,.F.);
#7504 = EDGE_CURVE('',#7505,#7474,#7507,.T.);
#7505 = VERTEX_POINT('',#7506);
#7506 = CARTESIAN_POINT('',(49.995772695773,14.597643797644,25.5));
#7507 = B_SPLINE_CURVE_WITH_KNOTS('',3,(#7508,#7509,#7510,#7511),
  .UNSPECIFIED.,.F.,.F.,(4,4),(0.,1.),.PIECEWISE_BEZIER_KNOTS.);
#7508 = CARTESIAN_POINT('',(49.995772695773,14.597643797644,25.5));
#7509 = CARTESIAN_POINT('',(50.871725571726,14.597643797644,25.5));
#7510 = CARTESIAN_POINT('',(51.525918225918,14.958004158004,25.5));
#7511 = CARTESIAN_POINT('',(51.814206514207,15.601108801109,25.5));
#7512 = ORIENTED_EDGE('',*,*,#7513,.T.);
#7513 = EDGE_CURVE('',#7505,#5379,#7514,.T.);
#7514 = LINE('',#7515,#7516);
#7515 = CARTESIAN_POINT('',(49.995772695773,14.597643797644,25.5));
#7516 = VECTOR('',#7517,1.);
#7517 = DIRECTION('',(0.,0.,1.));
#7518 = ORIENTED_EDGE('',*,*,#5378,.F.);
#7519 = ORIENTED_EDGE('',*,*,#7483,.F.);
#7520 = SURFACE_OF_LINEAR_EXTRUSION('',#7521,#7526);
#7521 = B_SPLINE_CURVE_WITH_KNOTS('',3,(#7522,#7523,#7524,#7525),
  .UNSPECIFIED.,.F.,.F.,(4,4),(0.,1.),.PIECEWISE_BEZIER_KNOTS.);
#7522 = CARTESIAN_POINT('',(49.995772695773,14.597643797644,25.5));
#7523 = CARTESIAN_POINT('',(50.871725571726,14.597643797644,25.5));
#7524 = CARTESIAN_POINT('',(51.525918225918,14.958004158004,25.5));
#7525 = CARTESIAN_POINT('',(51.814206514207,15.601108801109,25.5));
#7526 = VECTOR('',#7527,1.);
#7527 = DIRECTION('',(-0.,-0.,-1.));
#7528 = ADVANCED_FACE('',(#7529),#7548,.T.);
#7529 = FACE_BOUND('',#7530,.T.);
#7530 = EDGE_LOOP('',(#7531,#7540,#7546,#7547));
#7531 = ORIENTED_EDGE('',*,*,#7532,.F.);
#7532 = EDGE_CURVE('',#7533,#7505,#7535,.T.);
#7533 = VERTEX_POINT('',#7534);
#7534 = CARTESIAN_POINT('',(48.083090783091,16.410533610534,25.5));
#7535 = B_SPLINE_CURVE_WITH_KNOTS('',3,(#7536,#7537,#7538,#7539),
  .UNSPECIFIED.,.F.,.F.,(4,4),(0.,1.),.PIECEWISE_BEZIER_KNOTS.);
#7536 = CARTESIAN_POINT('',(48.083090783091,16.410533610534,25.5));
#7537 = CARTESIAN_POINT('',(48.083090783091,15.318364518365,25.5));
#7538 = CARTESIAN_POINT('',(48.848163548164,14.597643797644,25.5));
#7539 = CARTESIAN_POINT('',(49.995772695773,14.597643797644,25.5));
#7540 = ORIENTED_EDGE('',*,*,#7541,.T.);
#7541 = EDGE_CURVE('',#7533,#5406,#7542,.T.);
#7542 = LINE('',#7543,#7544);
#7543 = CARTESIAN_POINT('',(48.083090783091,16.410533610534,25.5));
#7544 = VECTOR('',#7545,1.);
#7545 = DIRECTION('',(0.,0.,1.));
#7546 = ORIENTED_EDGE('',*,*,#5405,.F.);
#7547 = ORIENTED_EDGE('',*,*,#7513,.F.);
#7548 = SURFACE_OF_LINEAR_EXTRUSION('',#7549,#7554);
#7549 = B_SPLINE_CURVE_WITH_KNOTS('',3,(#7550,#7551,#7552,#7553),
  .UNSPECIFIED.,.F.,.F.,(4,4),(0.,1.),.PIECEWISE_BEZIER_KNOTS.);
#7550 = CARTESIAN_POINT('',(48.083090783091,16.410533610534,25.5));
#7551 = CARTESIAN_POINT('',(48.083090783091,15.318364518365,25.5));
#7552 = CARTESIAN_POINT('',(48.848163548164,14.597643797644,25.5));
#7553 = CARTESIAN_POINT('',(49.995772695773,14.597643797644,25.5));
#7554 = VECTOR('',#7555,1.);
#7555 = DIRECTION('',(-0.,-0.,-1.));
#7556 = ADVANCED_FACE('',(#7557),#7576,.T.);
#7557 = FACE_BOUND('',#7558,.T.);
#7558 = EDGE_LOOP('',(#7559,#7568,#7574,#7575));
#7559 = ORIENTED_EDGE('',*,*,#7560,.F.);
#7560 = EDGE_CURVE('',#7561,#7533,#7563,.T.);
#7561 = VERTEX_POINT('',#7562);
#7562 = CARTESIAN_POINT('',(50.217532917533,18.179071379071,25.5));
#7563 = B_SPLINE_CURVE_WITH_KNOTS('',3,(#7564,#7565,#7566,#7567),
  .UNSPECIFIED.,.F.,.F.,(4,4),(0.,1.),.PIECEWISE_BEZIER_KNOTS.);
#7564 = CARTESIAN_POINT('',(50.217532917533,18.179071379071,25.5));
#7565 = CARTESIAN_POINT('',(48.848163548164,18.106999306999,25.5));
#7566 = CARTESIAN_POINT('',(48.083090783091,17.474982674983,25.5));
#7567 = CARTESIAN_POINT('',(48.083090783091,16.410533610534,25.5));
#7568 = ORIENTED_EDGE('',*,*,#7569,.T.);
#7569 = EDGE_CURVE('',#7561,#5441,#7570,.T.);
#7570 = LINE('',#7571,#7572);
#7571 = CARTESIAN_POINT('',(50.217532917533,18.179071379071,25.5));
#7572 = VECTOR('',#7573,1.);
#7573 = DIRECTION('',(0.,0.,1.));
#7574 = ORIENTED_EDGE('',*,*,#5440,.F.);
#7575 = ORIENTED_EDGE('',*,*,#7541,.F.);
#7576 = SURFACE_OF_LINEAR_EXTRUSION('',#7577,#7582);
#7577 = B_SPLINE_CURVE_WITH_KNOTS('',3,(#7578,#7579,#7580,#7581),
  .UNSPECIFIED.,.F.,.F.,(4,4),(0.,1.),.PIECEWISE_BEZIER_KNOTS.);
#7578 = CARTESIAN_POINT('',(50.217532917533,18.179071379071,25.5));
#7579 = CARTESIAN_POINT('',(48.848163548164,18.106999306999,25.5));
#7580 = CARTESIAN_POINT('',(48.083090783091,17.474982674983,25.5));
#7581 = CARTESIAN_POINT('',(48.083090783091,16.410533610534,25.5));
#7582 = VECTOR('',#7583,1.);
#7583 = DIRECTION('',(-0.,-0.,-1.));
#7584 = ADVANCED_FACE('',(#7585),#7603,.T.);
#7585 = FACE_BOUND('',#7586,.T.);
#7586 = EDGE_LOOP('',(#7587,#7595,#7601,#7602));
#7587 = ORIENTED_EDGE('',*,*,#7588,.F.);
#7588 = EDGE_CURVE('',#7589,#7561,#7591,.T.);
#7589 = VERTEX_POINT('',#7590);
#7590 = CARTESIAN_POINT('',(51.869646569647,18.262231462231,25.5));
#7591 = LINE('',#7592,#7593);
#7592 = CARTESIAN_POINT('',(51.869646569647,18.262231462231,25.5));
#7593 = VECTOR('',#7594,1.);
#7594 = DIRECTION('',(-0.998735567407,-5.027192453391E-02,0.));
#7595 = ORIENTED_EDGE('',*,*,#7596,.T.);
#7596 = EDGE_CURVE('',#7589,#5476,#7597,.T.);
#7597 = LINE('',#7598,#7599);
#7598 = CARTESIAN_POINT('',(51.869646569647,18.262231462231,25.5));
#7599 = VECTOR('',#7600,1.);
#7600 = DIRECTION('',(0.,0.,1.));
#7601 = ORIENTED_EDGE('',*,*,#5475,.F.);
#7602 = ORIENTED_EDGE('',*,*,#7569,.F.);
#7603 = PLANE('',#7604);
#7604 = AXIS2_PLACEMENT_3D('',#7605,#7606,#7607);
#7605 = CARTESIAN_POINT('',(51.869646569647,18.262231462231,25.5));
#7606 = DIRECTION('',(5.027192453391E-02,-0.998735567407,0.));
#7607 = DIRECTION('',(-0.998735567407,-5.027192453391E-02,0.));
#7608 = ADVANCED_FACE('',(#7609),#7627,.T.);
#7609 = FACE_BOUND('',#7610,.T.);
#7610 = EDGE_LOOP('',(#7611,#7619,#7625,#7626));
#7611 = ORIENTED_EDGE('',*,*,#7612,.F.);
#7612 = EDGE_CURVE('',#7613,#7589,#7615,.T.);
#7613 = VERTEX_POINT('',#7614);
#7614 = CARTESIAN_POINT('',(51.869646569647,18.805544005544,25.5));
#7615 = LINE('',#7616,#7617);
#7616 = CARTESIAN_POINT('',(51.869646569647,18.805544005544,25.5));
#7617 = VECTOR('',#7618,1.);
#7618 = DIRECTION('',(0.,-1.,0.));
#7619 = ORIENTED_EDGE('',*,*,#7620,.T.);
#7620 = EDGE_CURVE('',#7613,#5484,#7621,.T.);
#7621 = LINE('',#7622,#7623);
#7622 = CARTESIAN_POINT('',(51.869646569647,18.805544005544,25.5));
#7623 = VECTOR('',#7624,1.);
#7624 = DIRECTION('',(0.,0.,1.));
#7625 = ORIENTED_EDGE('',*,*,#5483,.F.);
#7626 = ORIENTED_EDGE('',*,*,#7596,.F.);
#7627 = PLANE('',#7628);
#7628 = AXIS2_PLACEMENT_3D('',#7629,#7630,#7631);
#7629 = CARTESIAN_POINT('',(51.869646569647,18.805544005544,25.5));
#7630 = DIRECTION('',(1.,0.,0.));
#7631 = DIRECTION('',(0.,-1.,0.));
#7632 = ADVANCED_FACE('',(#7633),#7652,.T.);
#7633 = FACE_BOUND('',#7634,.T.);
#7634 = EDGE_LOOP('',(#7635,#7644,#7650,#7651));
#7635 = ORIENTED_EDGE('',*,*,#7636,.F.);
#7636 = EDGE_CURVE('',#7637,#7613,#7639,.T.);
#7637 = VERTEX_POINT('',#7638);
#7638 = CARTESIAN_POINT('',(50.572349272349,19.975329175329,25.5));
#7639 = B_SPLINE_CURVE_WITH_KNOTS('',3,(#7640,#7641,#7642,#7643),
  .UNSPECIFIED.,.F.,.F.,(4,4),(0.,1.),.PIECEWISE_BEZIER_KNOTS.);
#7640 = CARTESIAN_POINT('',(50.572349272349,19.975329175329,25.5));
#7641 = CARTESIAN_POINT('',(51.409494109494,19.975329175329,25.5));
#7642 = CARTESIAN_POINT('',(51.869646569647,19.559528759529,25.5));
#7643 = CARTESIAN_POINT('',(51.869646569647,18.805544005544,25.5));
#7644 = ORIENTED_EDGE('',*,*,#7645,.T.);
#7645 = EDGE_CURVE('',#7637,#5492,#7646,.T.);
#7646 = LINE('',#7647,#7648);
#7647 = CARTESIAN_POINT('',(50.572349272349,19.975329175329,25.5));
#7648 = VECTOR('',#7649,1.);
#7649 = DIRECTION('',(0.,0.,1.));
#7650 = ORIENTED_EDGE('',*,*,#5491,.F.);
#7651 = ORIENTED_EDGE('',*,*,#7620,.F.);
#7652 = SURFACE_OF_LINEAR_EXTRUSION('',#7653,#7658);
#7653 = B_SPLINE_CURVE_WITH_KNOTS('',3,(#7654,#7655,#7656,#7657),
  .UNSPECIFIED.,.F.,.F.,(4,4),(0.,1.),.PIECEWISE_BEZIER_KNOTS.);
#7654 = CARTESIAN_POINT('',(50.572349272349,19.975329175329,25.5));
#7655 = CARTESIAN_POINT('',(51.409494109494,19.975329175329,25.5));
#7656 = CARTESIAN_POINT('',(51.869646569647,19.559528759529,25.5));
#7657 = CARTESIAN_POINT('',(51.869646569647,18.805544005544,25.5));
#7658 = VECTOR('',#7659,1.);
#7659 = DIRECTION('',(-0.,-0.,-1.));
#7660 = ADVANCED_FACE('',(#7661),#7680,.T.);
#7661 = FACE_BOUND('',#7662,.T.);
#7662 = EDGE_LOOP('',(#7663,#7672,#7678,#7679));
#7663 = ORIENTED_EDGE('',*,*,#7664,.F.);
#7664 = EDGE_CURVE('',#7665,#7637,#7667,.T.);
#7665 = VERTEX_POINT('',#7666);
#7666 = CARTESIAN_POINT('',(49.236243936244,19.165904365904,25.5));
#7667 = B_SPLINE_CURVE_WITH_KNOTS('',3,(#7668,#7669,#7670,#7671),
  .UNSPECIFIED.,.F.,.F.,(4,4),(0.,1.),.PIECEWISE_BEZIER_KNOTS.);
#7668 = CARTESIAN_POINT('',(49.236243936244,19.165904365904,25.5));
#7669 = CARTESIAN_POINT('',(49.391476091476,19.681496881497,25.5));
#7670 = CARTESIAN_POINT('',(49.879348579349,19.975329175329,25.5));
#7671 = CARTESIAN_POINT('',(50.572349272349,19.975329175329,25.5));
#7672 = ORIENTED_EDGE('',*,*,#7673,.T.);
#7673 = EDGE_CURVE('',#7665,#5534,#7674,.T.);
#7674 = LINE('',#7675,#7676);
#7675 = CARTESIAN_POINT('',(49.236243936244,19.165904365904,25.5));
#7676 = VECTOR('',#7677,1.);
#7677 = DIRECTION('',(0.,0.,1.));
#7678 = ORIENTED_EDGE('',*,*,#5533,.F.);
#7679 = ORIENTED_EDGE('',*,*,#7645,.F.);
#7680 = SURFACE_OF_LINEAR_EXTRUSION('',#7681,#7686);
#7681 = B_SPLINE_CURVE_WITH_KNOTS('',3,(#7682,#7683,#7684,#7685),
  .UNSPECIFIED.,.F.,.F.,(4,4),(0.,1.),.PIECEWISE_BEZIER_KNOTS.);
#7682 = CARTESIAN_POINT('',(49.236243936244,19.165904365904,25.5));
#7683 = CARTESIAN_POINT('',(49.391476091476,19.681496881497,25.5));
#7684 = CARTESIAN_POINT('',(49.879348579349,19.975329175329,25.5));
#7685 = CARTESIAN_POINT('',(50.572349272349,19.975329175329,25.5));
#7686 = VECTOR('',#7687,1.);
#7687 = DIRECTION('',(-0.,-0.,-1.));
#7688 = ADVANCED_FACE('',(#7689),#7707,.T.);
#7689 = FACE_BOUND('',#7690,.T.);
#7690 = EDGE_LOOP('',(#7691,#7699,#7705,#7706));
#7691 = ORIENTED_EDGE('',*,*,#7692,.F.);
#7692 = EDGE_CURVE('',#7693,#7665,#7695,.T.);
#7693 = VERTEX_POINT('',#7694);
#7694 = CARTESIAN_POINT('',(48.310395010395,19.165904365904,25.5));
#7695 = LINE('',#7696,#7697);
#7696 = CARTESIAN_POINT('',(48.310395010395,19.165904365904,25.5));
#7697 = VECTOR('',#7698,1.);
#7698 = DIRECTION('',(1.,0.,0.));
#7699 = ORIENTED_EDGE('',*,*,#7700,.T.);
#7700 = EDGE_CURVE('',#7693,#5566,#7701,.T.);
#7701 = LINE('',#7702,#7703);
#7702 = CARTESIAN_POINT('',(48.310395010395,19.165904365904,25.5));
#7703 = VECTOR('',#7704,1.);
#7704 = DIRECTION('',(0.,0.,1.));
#7705 = ORIENTED_EDGE('',*,*,#5565,.F.);
#7706 = ORIENTED_EDGE('',*,*,#7673,.F.);
#7707 = PLANE('',#7708);
#7708 = AXIS2_PLACEMENT_3D('',#7709,#7710,#7711);
#7709 = CARTESIAN_POINT('',(48.310395010395,19.165904365904,25.5));
#7710 = DIRECTION('',(0.,1.,0.));
#7711 = DIRECTION('',(1.,0.,0.));
#7712 = ADVANCED_FACE('',(#7713),#7732,.T.);
#7713 = FACE_BOUND('',#7714,.T.);
#7714 = EDGE_LOOP('',(#7715,#7724,#7730,#7731));
#7715 = ORIENTED_EDGE('',*,*,#7716,.F.);
#7716 = EDGE_CURVE('',#7717,#7693,#7719,.T.);
#7717 = VERTEX_POINT('',#7718);
#7718 = CARTESIAN_POINT('',(50.583437283437,20.790297990298,25.5));
#7719 = B_SPLINE_CURVE_WITH_KNOTS('',3,(#7720,#7721,#7722,#7723),
  .UNSPECIFIED.,.F.,.F.,(4,4),(0.,1.),.PIECEWISE_BEZIER_KNOTS.);
#7720 = CARTESIAN_POINT('',(50.583437283437,20.790297990298,25.5));
#7721 = CARTESIAN_POINT('',(49.352668052668,20.790297990298,25.5));
#7722 = CARTESIAN_POINT('',(48.421275121275,20.130561330561,25.5));
#7723 = CARTESIAN_POINT('',(48.310395010395,19.165904365904,25.5));
#7724 = ORIENTED_EDGE('',*,*,#7725,.T.);
#7725 = EDGE_CURVE('',#7717,#5574,#7726,.T.);
#7726 = LINE('',#7727,#7728);
#7727 = CARTESIAN_POINT('',(50.583437283437,20.790297990298,25.5));
#7728 = VECTOR('',#7729,1.);
#7729 = DIRECTION('',(0.,0.,1.));
#7730 = ORIENTED_EDGE('',*,*,#5573,.F.);
#7731 = ORIENTED_EDGE('',*,*,#7700,.F.);
#7732 = SURFACE_OF_LINEAR_EXTRUSION('',#7733,#7738);
#7733 = B_SPLINE_CURVE_WITH_KNOTS('',3,(#7734,#7735,#7736,#7737),
  .UNSPECIFIED.,.F.,.F.,(4,4),(0.,1.),.PIECEWISE_BEZIER_KNOTS.);
#7734 = CARTESIAN_POINT('',(50.583437283437,20.790297990298,25.5));
#7735 = CARTESIAN_POINT('',(49.352668052668,20.790297990298,25.5));
#7736 = CARTESIAN_POINT('',(48.421275121275,20.130561330561,25.5));
#7737 = CARTESIAN_POINT('',(48.310395010395,19.165904365904,25.5));
#7738 = VECTOR('',#7739,1.);
#7739 = DIRECTION('',(-0.,-0.,-1.));
#7740 = ADVANCED_FACE('',(#7741),#7760,.T.);
#7741 = FACE_BOUND('',#7742,.T.);
#7742 = EDGE_LOOP('',(#7743,#7752,#7758,#7759));
#7743 = ORIENTED_EDGE('',*,*,#7744,.F.);
#7744 = EDGE_CURVE('',#7745,#7717,#7747,.T.);
#7745 = VERTEX_POINT('',#7746);
#7746 = CARTESIAN_POINT('',(52.806583506584,18.816632016632,25.5));
#7747 = B_SPLINE_CURVE_WITH_KNOTS('',3,(#7748,#7749,#7750,#7751),
  .UNSPECIFIED.,.F.,.F.,(4,4),(0.,1.),.PIECEWISE_BEZIER_KNOTS.);
#7748 = CARTESIAN_POINT('',(52.806583506584,18.816632016632,25.5));
#7749 = CARTESIAN_POINT('',(52.806583506584,20.069577269577,25.5));
#7750 = CARTESIAN_POINT('',(51.997158697159,20.790297990298,25.5));
#7751 = CARTESIAN_POINT('',(50.583437283437,20.790297990298,25.5));
#7752 = ORIENTED_EDGE('',*,*,#7753,.T.);
#7753 = EDGE_CURVE('',#7745,#5606,#7754,.T.);
#7754 = LINE('',#7755,#7756);
#7755 = CARTESIAN_POINT('',(52.806583506584,18.816632016632,25.5));
#7756 = VECTOR('',#7757,1.);
#7757 = DIRECTION('',(0.,0.,1.));
#7758 = ORIENTED_EDGE('',*,*,#5605,.F.);
#7759 = ORIENTED_EDGE('',*,*,#7725,.F.);
#7760 = SURFACE_OF_LINEAR_EXTRUSION('',#7761,#7766);
#7761 = B_SPLINE_CURVE_WITH_KNOTS('',3,(#7762,#7763,#7764,#7765),
  .UNSPECIFIED.,.F.,.F.,(4,4),(0.,1.),.PIECEWISE_BEZIER_KNOTS.);
#7762 = CARTESIAN_POINT('',(52.806583506584,18.816632016632,25.5));
#7763 = CARTESIAN_POINT('',(52.806583506584,20.069577269577,25.5));
#7764 = CARTESIAN_POINT('',(51.997158697159,20.790297990298,25.5));
#7765 = CARTESIAN_POINT('',(50.583437283437,20.790297990298,25.5));
#7766 = VECTOR('',#7767,1.);
#7767 = DIRECTION('',(-0.,-0.,-1.));
#7768 = ADVANCED_FACE('',(#7769),#7787,.T.);
#7769 = FACE_BOUND('',#7770,.T.);
#7770 = EDGE_LOOP('',(#7771,#7779,#7785,#7786));
#7771 = ORIENTED_EDGE('',*,*,#7772,.F.);
#7772 = EDGE_CURVE('',#7773,#7745,#7775,.T.);
#7773 = VERTEX_POINT('',#7774);
#7774 = CARTESIAN_POINT('',(52.806583506584,14.697435897436,25.5));
#7775 = LINE('',#7776,#7777);
#7776 = CARTESIAN_POINT('',(52.806583506584,14.697435897436,25.5));
#7777 = VECTOR('',#7778,1.);
#7778 = DIRECTION('',(0.,1.,0.));
#7779 = ORIENTED_EDGE('',*,*,#7780,.T.);
#7780 = EDGE_CURVE('',#7773,#5648,#7781,.T.);
#7781 = LINE('',#7782,#7783);
#7782 = CARTESIAN_POINT('',(52.806583506584,14.697435897436,25.5));
#7783 = VECTOR('',#7784,1.);
#7784 = DIRECTION('',(0.,0.,1.));
#7785 = ORIENTED_EDGE('',*,*,#5647,.F.);
#7786 = ORIENTED_EDGE('',*,*,#7753,.F.);
#7787 = PLANE('',#7788);
#7788 = AXIS2_PLACEMENT_3D('',#7789,#7790,#7791);
#7789 = CARTESIAN_POINT('',(52.806583506584,14.697435897436,25.5));
#7790 = DIRECTION('',(-1.,0.,0.));
#7791 = DIRECTION('',(0.,1.,0.));
#7792 = ADVANCED_FACE('',(#7793),#7811,.T.);
#7793 = FACE_BOUND('',#7794,.T.);
#7794 = EDGE_LOOP('',(#7795,#7803,#7809,#7810));
#7795 = ORIENTED_EDGE('',*,*,#7796,.F.);
#7796 = EDGE_CURVE('',#7797,#7773,#7799,.T.);
#7797 = VERTEX_POINT('',#7798);
#7798 = CARTESIAN_POINT('',(51.908454608455,14.697435897436,25.5));
#7799 = LINE('',#7800,#7801);
#7800 = CARTESIAN_POINT('',(51.908454608455,14.697435897436,25.5));
#7801 = VECTOR('',#7802,1.);
#7802 = DIRECTION('',(1.,0.,0.));
#7803 = ORIENTED_EDGE('',*,*,#7804,.T.);
#7804 = EDGE_CURVE('',#7797,#5656,#7805,.T.);
#7805 = LINE('',#7806,#7807);
#7806 = CARTESIAN_POINT('',(51.908454608455,14.697435897436,25.5));
#7807 = VECTOR('',#7808,1.);
#7808 = DIRECTION('',(0.,0.,1.));
#7809 = ORIENTED_EDGE('',*,*,#5655,.F.);
#7810 = ORIENTED_EDGE('',*,*,#7780,.F.);
#7811 = PLANE('',#7812);
#7812 = AXIS2_PLACEMENT_3D('',#7813,#7814,#7815);
#7813 = CARTESIAN_POINT('',(51.908454608455,14.697435897436,25.5));
#7814 = DIRECTION('',(0.,1.,0.));
#7815 = DIRECTION('',(1.,0.,0.));
#7816 = ADVANCED_FACE('',(#7817),#7828,.T.);
#7817 = FACE_BOUND('',#7818,.T.);
#7818 = EDGE_LOOP('',(#7819,#7825,#7826,#7827));
#7819 = ORIENTED_EDGE('',*,*,#7820,.F.);
#7820 = EDGE_CURVE('',#7476,#7797,#7821,.T.);
#7821 = LINE('',#7822,#7823);
#7822 = CARTESIAN_POINT('',(51.908454608455,15.601108801109,25.5));
#7823 = VECTOR('',#7824,1.);
#7824 = DIRECTION('',(0.,-1.,0.));
#7825 = ORIENTED_EDGE('',*,*,#7490,.T.);
#7826 = ORIENTED_EDGE('',*,*,#5663,.F.);
#7827 = ORIENTED_EDGE('',*,*,#7804,.F.);
#7828 = PLANE('',#7829);
#7829 = AXIS2_PLACEMENT_3D('',#7830,#7831,#7832);
#7830 = CARTESIAN_POINT('',(51.908454608455,15.601108801109,25.5));
#7831 = DIRECTION('',(1.,0.,0.));
#7832 = DIRECTION('',(0.,-1.,0.));
#7833 = ADVANCED_FACE('',(#7834),#7859,.T.);
#7834 = FACE_BOUND('',#7835,.T.);
#7835 = EDGE_LOOP('',(#7836,#7846,#7852,#7853));
#7836 = ORIENTED_EDGE('',*,*,#7837,.F.);
#7837 = EDGE_CURVE('',#7838,#7840,#7842,.T.);
#7838 = VERTEX_POINT('',#7839);
#7839 = CARTESIAN_POINT('',(57.381496881497,20.718225918226,25.5));
#7840 = VERTEX_POINT('',#7841);
#7841 = CARTESIAN_POINT('',(55.136174636175,20.718225918226,25.5));
#7842 = LINE('',#7843,#7844);
#7843 = CARTESIAN_POINT('',(57.381496881497,20.718225918226,25.5));
#7844 = VECTOR('',#7845,1.);
#7845 = DIRECTION('',(-1.,0.,0.));
#7846 = ORIENTED_EDGE('',*,*,#7847,.T.);
#7847 = EDGE_CURVE('',#7838,#5674,#7848,.T.);
#7848 = LINE('',#7849,#7850);
#7849 = CARTESIAN_POINT('',(57.381496881497,20.718225918226,25.5));
#7850 = VECTOR('',#7851,1.);
#7851 = DIRECTION('',(0.,0.,1.));
#7852 = ORIENTED_EDGE('',*,*,#5671,.F.);
#7853 = ORIENTED_EDGE('',*,*,#7854,.F.);
#7854 = EDGE_CURVE('',#7840,#5672,#7855,.T.);
#7855 = LINE('',#7856,#7857);
#7856 = CARTESIAN_POINT('',(55.136174636175,20.718225918226,25.5));
#7857 = VECTOR('',#7858,1.);
#7858 = DIRECTION('',(0.,0.,1.));
#7859 = PLANE('',#7860);
#7860 = AXIS2_PLACEMENT_3D('',#7861,#7862,#7863);
#7861 = CARTESIAN_POINT('',(57.381496881497,20.718225918226,25.5));
#7862 = DIRECTION('',(0.,-1.,0.));
#7863 = DIRECTION('',(-1.,0.,0.));
#7864 = ADVANCED_FACE('',(#7865),#7883,.T.);
#7865 = FACE_BOUND('',#7866,.T.);
#7866 = EDGE_LOOP('',(#7867,#7875,#7881,#7882));
#7867 = ORIENTED_EDGE('',*,*,#7868,.F.);
#7868 = EDGE_CURVE('',#7869,#7838,#7871,.T.);
#7869 = VERTEX_POINT('',#7870);
#7870 = CARTESIAN_POINT('',(57.381496881497,19.182536382536,25.5));
#7871 = LINE('',#7872,#7873);
#7872 = CARTESIAN_POINT('',(57.381496881497,19.182536382536,25.5));
#7873 = VECTOR('',#7874,1.);
#7874 = DIRECTION('',(0.,1.,0.));
#7875 = ORIENTED_EDGE('',*,*,#7876,.T.);
#7876 = EDGE_CURVE('',#7869,#5682,#7877,.T.);
#7877 = LINE('',#7878,#7879);
#7878 = CARTESIAN_POINT('',(57.381496881497,19.182536382536,25.5));
#7879 = VECTOR('',#7880,1.);
#7880 = DIRECTION('',(0.,0.,1.));
#7881 = ORIENTED_EDGE('',*,*,#5681,.F.);
#7882 = ORIENTED_EDGE('',*,*,#7847,.F.);
#7883 = PLANE('',#7884);
#7884 = AXIS2_PLACEMENT_3D('',#7885,#7886,#7887);
#7885 = CARTESIAN_POINT('',(57.381496881497,19.182536382536,25.5));
#7886 = DIRECTION('',(-1.,0.,0.));
#7887 = DIRECTION('',(0.,1.,0.));
#7888 = ADVANCED_FACE('',(#7889),#7907,.T.);
#7889 = FACE_BOUND('',#7890,.T.);
#7890 = EDGE_LOOP('',(#7891,#7899,#7905,#7906));
#7891 = ORIENTED_EDGE('',*,*,#7892,.F.);
#7892 = EDGE_CURVE('',#7893,#7869,#7895,.T.);
#7893 = VERTEX_POINT('',#7894);
#7894 = CARTESIAN_POINT('',(57.503465003465,19.182536382536,25.5));
#7895 = LINE('',#7896,#7897);
#7896 = CARTESIAN_POINT('',(57.503465003465,19.182536382536,25.5));
#7897 = VECTOR('',#7898,1.);
#7898 = DIRECTION('',(-1.,0.,0.));
#7899 = ORIENTED_EDGE('',*,*,#7900,.T.);
#7900 = EDGE_CURVE('',#7893,#5690,#7901,.T.);
#7901 = LINE('',#7902,#7903);
#7902 = CARTESIAN_POINT('',(57.503465003465,19.182536382536,25.5));
#7903 = VECTOR('',#7904,1.);
#7904 = DIRECTION('',(0.,0.,1.));
#7905 = ORIENTED_EDGE('',*,*,#5689,.F.);
#7906 = ORIENTED_EDGE('',*,*,#7876,.F.);
#7907 = PLANE('',#7908);
#7908 = AXIS2_PLACEMENT_3D('',#7909,#7910,#7911);
#7909 = CARTESIAN_POINT('',(57.503465003465,19.182536382536,25.5));
#7910 = DIRECTION('',(0.,-1.,0.));
#7911 = DIRECTION('',(-1.,0.,0.));
#7912 = ADVANCED_FACE('',(#7913),#7932,.T.);
#7913 = FACE_BOUND('',#7914,.T.);
#7914 = EDGE_LOOP('',(#7915,#7924,#7930,#7931));
#7915 = ORIENTED_EDGE('',*,*,#7916,.F.);
#7916 = EDGE_CURVE('',#7917,#7893,#7919,.T.);
#7917 = VERTEX_POINT('',#7918);
#7918 = CARTESIAN_POINT('',(59.632363132363,20.873458073458,25.5));
#7919 = B_SPLINE_CURVE_WITH_KNOTS('',3,(#7920,#7921,#7922,#7923),
  .UNSPECIFIED.,.F.,.F.,(4,4),(0.,1.),.PIECEWISE_BEZIER_KNOTS.);
#7920 = CARTESIAN_POINT('',(59.632363132363,20.873458073458,25.5));
#7921 = CARTESIAN_POINT('',(58.473665973666,20.873458073458,25.5));
#7922 = CARTESIAN_POINT('',(57.725225225225,20.296881496881,25.5));
#7923 = CARTESIAN_POINT('',(57.503465003465,19.182536382536,25.5));
#7924 = ORIENTED_EDGE('',*,*,#7925,.T.);
#7925 = EDGE_CURVE('',#7917,#5698,#7926,.T.);
#7926 = LINE('',#7927,#7928);
#7927 = CARTESIAN_POINT('',(59.632363132363,20.873458073458,25.5));
#7928 = VECTOR('',#7929,1.);
#7929 = DIRECTION('',(0.,0.,1.));
#7930 = ORIENTED_EDGE('',*,*,#5697,.F.);
#7931 = ORIENTED_EDGE('',*,*,#7900,.F.);
#7932 = SURFACE_OF_LINEAR_EXTRUSION('',#7933,#7938);
#7933 = B_SPLINE_CURVE_WITH_KNOTS('',3,(#7934,#7935,#7936,#7937),
  .UNSPECIFIED.,.F.,.F.,(4,4),(0.,1.),.PIECEWISE_BEZIER_KNOTS.);
#7934 = CARTESIAN_POINT('',(59.632363132363,20.873458073458,25.5));
#7935 = CARTESIAN_POINT('',(58.473665973666,20.873458073458,25.5));
#7936 = CARTESIAN_POINT('',(57.725225225225,20.296881496881,25.5));
#7937 = CARTESIAN_POINT('',(57.503465003465,19.182536382536,25.5));
#7938 = VECTOR('',#7939,1.);
#7939 = DIRECTION('',(-0.,-0.,-1.));
#7940 = ADVANCED_FACE('',(#7941),#7960,.T.);
#7941 = FACE_BOUND('',#7942,.T.);
#7942 = EDGE_LOOP('',(#7943,#7952,#7958,#7959));
#7943 = ORIENTED_EDGE('',*,*,#7944,.F.);
#7944 = EDGE_CURVE('',#7945,#7917,#7947,.T.);
#7945 = VERTEX_POINT('',#7946);
#7946 = CARTESIAN_POINT('',(60.502772002772,20.740401940402,25.5));
#7947 = B_SPLINE_CURVE_WITH_KNOTS('',3,(#7948,#7949,#7950,#7951),
  .UNSPECIFIED.,.F.,.F.,(4,4),(0.,1.),.PIECEWISE_BEZIER_KNOTS.);
#7948 = CARTESIAN_POINT('',(60.502772002772,20.740401940402,25.5));
#7949 = CARTESIAN_POINT('',(60.303187803188,20.823562023562,25.5));
#7950 = CARTESIAN_POINT('',(59.976091476091,20.873458073458,25.5));
#7951 = CARTESIAN_POINT('',(59.632363132363,20.873458073458,25.5));
#7952 = ORIENTED_EDGE('',*,*,#7953,.T.);
#7953 = EDGE_CURVE('',#7945,#5735,#7954,.T.);
#7954 = LINE('',#7955,#7956);
#7955 = CARTESIAN_POINT('',(60.502772002772,20.740401940402,25.5));
#7956 = VECTOR('',#7957,1.);
#7957 = DIRECTION('',(0.,0.,1.));
#7958 = ORIENTED_EDGE('',*,*,#5734,.F.);
#7959 = ORIENTED_EDGE('',*,*,#7925,.F.);
#7960 = SURFACE_OF_LINEAR_EXTRUSION('',#7961,#7966);
#7961 = B_SPLINE_CURVE_WITH_KNOTS('',3,(#7962,#7963,#7964,#7965),
  .UNSPECIFIED.,.F.,.F.,(4,4),(0.,1.),.PIECEWISE_BEZIER_KNOTS.);
#7962 = CARTESIAN_POINT('',(60.502772002772,20.740401940402,25.5));
#7963 = CARTESIAN_POINT('',(60.303187803188,20.823562023562,25.5));
#7964 = CARTESIAN_POINT('',(59.976091476091,20.873458073458,25.5));
#7965 = CARTESIAN_POINT('',(59.632363132363,20.873458073458,25.5));
#7966 = VECTOR('',#7967,1.);
#7967 = DIRECTION('',(-0.,-0.,-1.));
#7968 = ADVANCED_FACE('',(#7969),#7987,.T.);
#7969 = FACE_BOUND('',#7970,.T.);
#7970 = EDGE_LOOP('',(#7971,#7979,#7985,#7986));
#7971 = ORIENTED_EDGE('',*,*,#7972,.F.);
#7972 = EDGE_CURVE('',#7973,#7945,#7975,.T.);
#7973 = VERTEX_POINT('',#7974);
#7974 = CARTESIAN_POINT('',(60.502772002772,19.681496881497,25.5));
#7975 = LINE('',#7976,#7977);
#7976 = CARTESIAN_POINT('',(60.502772002772,19.681496881497,25.5));
#7977 = VECTOR('',#7978,1.);
#7978 = DIRECTION('',(0.,1.,0.));
#7979 = ORIENTED_EDGE('',*,*,#7980,.T.);
#7980 = EDGE_CURVE('',#7973,#5756,#7981,.T.);
#7981 = LINE('',#7982,#7983);
#7982 = CARTESIAN_POINT('',(60.502772002772,19.681496881497,25.5));
#7983 = VECTOR('',#7984,1.);
#7984 = DIRECTION('',(0.,0.,1.));
#7985 = ORIENTED_EDGE('',*,*,#5755,.F.);
#7986 = ORIENTED_EDGE('',*,*,#7953,.F.);
#7987 = PLANE('',#7988);
#7988 = AXIS2_PLACEMENT_3D('',#7989,#7990,#7991);
#7989 = CARTESIAN_POINT('',(60.502772002772,19.681496881497,25.5));
#7990 = DIRECTION('',(-1.,0.,0.));
#7991 = DIRECTION('',(0.,1.,0.));
#7992 = ADVANCED_FACE('',(#7993),#8012,.T.);
#7993 = FACE_BOUND('',#7994,.T.);
#7994 = EDGE_LOOP('',(#7995,#8004,#8010,#8011));
#7995 = ORIENTED_EDGE('',*,*,#7996,.F.);
#7996 = EDGE_CURVE('',#7997,#7973,#7999,.T.);
#7997 = VERTEX_POINT('',#7998);
#7998 = CARTESIAN_POINT('',(59.510395010395,19.847817047817,25.5));
#7999 = B_SPLINE_CURVE_WITH_KNOTS('',3,(#8000,#8001,#8002,#8003),
  .UNSPECIFIED.,.F.,.F.,(4,4),(0.,1.),.PIECEWISE_BEZIER_KNOTS.);
#8000 = CARTESIAN_POINT('',(59.510395010395,19.847817047817,25.5));
#8001 = CARTESIAN_POINT('',(59.837491337491,19.847817047817,25.5));
#8002 = CARTESIAN_POINT('',(60.225571725572,19.781288981289,25.5));
#8003 = CARTESIAN_POINT('',(60.502772002772,19.681496881497,25.5));
#8004 = ORIENTED_EDGE('',*,*,#8005,.T.);
#8005 = EDGE_CURVE('',#7997,#5764,#8006,.T.);
#8006 = LINE('',#8007,#8008);
#8007 = CARTESIAN_POINT('',(59.510395010395,19.847817047817,25.5));
#8008 = VECTOR('',#8009,1.);
#8009 = DIRECTION('',(0.,0.,1.));
#8010 = ORIENTED_EDGE('',*,*,#5763,.F.);
#8011 = ORIENTED_EDGE('',*,*,#7980,.F.);
#8012 = SURFACE_OF_LINEAR_EXTRUSION('',#8013,#8018);
#8013 = B_SPLINE_CURVE_WITH_KNOTS('',3,(#8014,#8015,#8016,#8017),
  .UNSPECIFIED.,.F.,.F.,(4,4),(0.,1.),.PIECEWISE_BEZIER_KNOTS.);
#8014 = CARTESIAN_POINT('',(59.510395010395,19.847817047817,25.5));
#8015 = CARTESIAN_POINT('',(59.837491337491,19.847817047817,25.5));
#8016 = CARTESIAN_POINT('',(60.225571725572,19.781288981289,25.5));
#8017 = CARTESIAN_POINT('',(60.502772002772,19.681496881497,25.5));
#8018 = VECTOR('',#8019,1.);
#8019 = DIRECTION('',(-0.,-0.,-1.));
#8020 = ADVANCED_FACE('',(#8021),#8040,.T.);
#8021 = FACE_BOUND('',#8022,.T.);
#8022 = EDGE_LOOP('',(#8023,#8032,#8038,#8039));
#8023 = ORIENTED_EDGE('',*,*,#8024,.F.);
#8024 = EDGE_CURVE('',#8025,#7997,#8027,.T.);
#8025 = VERTEX_POINT('',#8026);
#8026 = CARTESIAN_POINT('',(57.392584892585,17.397366597367,25.5));
#8027 = B_SPLINE_CURVE_WITH_KNOTS('',3,(#8028,#8029,#8030,#8031),
  .UNSPECIFIED.,.F.,.F.,(4,4),(0.,1.),.PIECEWISE_BEZIER_KNOTS.);
#8028 = CARTESIAN_POINT('',(57.392584892585,17.397366597367,25.5));
#8029 = CARTESIAN_POINT('',(57.392584892585,18.927512127512,25.5));
#8030 = CARTESIAN_POINT('',(58.179833679834,19.847817047817,25.5));
#8031 = CARTESIAN_POINT('',(59.510395010395,19.847817047817,25.5));
#8032 = ORIENTED_EDGE('',*,*,#8033,.T.);
#8033 = EDGE_CURVE('',#8025,#5783,#8034,.T.);
#8034 = LINE('',#8035,#8036);
#8035 = CARTESIAN_POINT('',(57.392584892585,17.397366597367,25.5));
#8036 = VECTOR('',#8037,1.);
#8037 = DIRECTION('',(0.,0.,1.));
#8038 = ORIENTED_EDGE('',*,*,#5782,.F.);
#8039 = ORIENTED_EDGE('',*,*,#8005,.F.);
#8040 = SURFACE_OF_LINEAR_EXTRUSION('',#8041,#8046);
#8041 = B_SPLINE_CURVE_WITH_KNOTS('',3,(#8042,#8043,#8044,#8045),
  .UNSPECIFIED.,.F.,.F.,(4,4),(0.,1.),.PIECEWISE_BEZIER_KNOTS.);
#8042 = CARTESIAN_POINT('',(57.392584892585,17.397366597367,25.5));
#8043 = CARTESIAN_POINT('',(57.392584892585,18.927512127512,25.5));
#8044 = CARTESIAN_POINT('',(58.179833679834,19.847817047817,25.5));
#8045 = CARTESIAN_POINT('',(59.510395010395,19.847817047817,25.5));
#8046 = VECTOR('',#8047,1.);
#8047 = DIRECTION('',(-0.,-0.,-1.));
#8048 = ADVANCED_FACE('',(#8049),#8067,.T.);
#8049 = FACE_BOUND('',#8050,.T.);
#8050 = EDGE_LOOP('',(#8051,#8059,#8065,#8066));
#8051 = ORIENTED_EDGE('',*,*,#8052,.F.);
#8052 = EDGE_CURVE('',#8053,#8025,#8055,.T.);
#8053 = VERTEX_POINT('',#8054);
#8054 = CARTESIAN_POINT('',(57.392584892585,15.456964656965,25.5));
#8055 = LINE('',#8056,#8057);
#8056 = CARTESIAN_POINT('',(57.392584892585,15.456964656965,25.5));
#8057 = VECTOR('',#8058,1.);
#8058 = DIRECTION('',(0.,1.,0.));
#8059 = ORIENTED_EDGE('',*,*,#8060,.T.);
#8060 = EDGE_CURVE('',#8053,#5825,#8061,.T.);
#8061 = LINE('',#8062,#8063);
#8062 = CARTESIAN_POINT('',(57.392584892585,15.456964656965,25.5));
#8063 = VECTOR('',#8064,1.);
#8064 = DIRECTION('',(0.,0.,1.));
#8065 = ORIENTED_EDGE('',*,*,#5824,.F.);
#8066 = ORIENTED_EDGE('',*,*,#8033,.F.);
#8067 = PLANE('',#8068);
#8068 = AXIS2_PLACEMENT_3D('',#8069,#8070,#8071);
#8069 = CARTESIAN_POINT('',(57.392584892585,15.456964656965,25.5));
#8070 = DIRECTION('',(-1.,0.,0.));
#8071 = DIRECTION('',(0.,1.,0.));
#8072 = ADVANCED_FACE('',(#8073),#8091,.T.);
#8073 = FACE_BOUND('',#8074,.T.);
#8074 = EDGE_LOOP('',(#8075,#8083,#8089,#8090));
#8075 = ORIENTED_EDGE('',*,*,#8076,.F.);
#8076 = EDGE_CURVE('',#8077,#8053,#8079,.T.);
#8077 = VERTEX_POINT('',#8078);
#8078 = CARTESIAN_POINT('',(59.255370755371,15.456964656965,25.5));
#8079 = LINE('',#8080,#8081);
#8080 = CARTESIAN_POINT('',(59.255370755371,15.456964656965,25.5));
#8081 = VECTOR('',#8082,1.);
#8082 = DIRECTION('',(-1.,0.,0.));
#8083 = ORIENTED_EDGE('',*,*,#8084,.T.);
#8084 = EDGE_CURVE('',#8077,#5833,#8085,.T.);
#8085 = LINE('',#8086,#8087);
#8086 = CARTESIAN_POINT('',(59.255370755371,15.456964656965,25.5));
#8087 = VECTOR('',#8088,1.);
#8088 = DIRECTION('',(0.,0.,1.));
#8089 = ORIENTED_EDGE('',*,*,#5832,.F.);
#8090 = ORIENTED_EDGE('',*,*,#8060,.F.);
#8091 = PLANE('',#8092);
#8092 = AXIS2_PLACEMENT_3D('',#8093,#8094,#8095);
#8093 = CARTESIAN_POINT('',(59.255370755371,15.456964656965,25.5));
#8094 = DIRECTION('',(0.,-1.,0.));
#8095 = DIRECTION('',(-1.,0.,0.));
#8096 = ADVANCED_FACE('',(#8097),#8115,.T.);
#8097 = FACE_BOUND('',#8098,.T.);
#8098 = EDGE_LOOP('',(#8099,#8107,#8113,#8114));
#8099 = ORIENTED_EDGE('',*,*,#8100,.F.);
#8100 = EDGE_CURVE('',#8101,#8077,#8103,.T.);
#8101 = VERTEX_POINT('',#8102);
#8102 = CARTESIAN_POINT('',(59.255370755371,14.70297990298,25.5));
#8103 = LINE('',#8104,#8105);
#8104 = CARTESIAN_POINT('',(59.255370755371,14.70297990298,25.5));
#8105 = VECTOR('',#8106,1.);
#8106 = DIRECTION('',(0.,1.,0.));
#8107 = ORIENTED_EDGE('',*,*,#8108,.T.);
#8108 = EDGE_CURVE('',#8101,#5841,#8109,.T.);
#8109 = LINE('',#8110,#8111);
#8110 = CARTESIAN_POINT('',(59.255370755371,14.70297990298,25.5));
#8111 = VECTOR('',#8112,1.);
#8112 = DIRECTION('',(0.,0.,1.));
#8113 = ORIENTED_EDGE('',*,*,#5840,.F.);
#8114 = ORIENTED_EDGE('',*,*,#8084,.F.);
#8115 = PLANE('',#8116);
#8116 = AXIS2_PLACEMENT_3D('',#8117,#8118,#8119);
#8117 = CARTESIAN_POINT('',(59.255370755371,14.70297990298,25.5));
#8118 = DIRECTION('',(-1.,0.,0.));
#8119 = DIRECTION('',(0.,1.,0.));
#8120 = ADVANCED_FACE('',(#8121),#8139,.T.);
#8121 = FACE_BOUND('',#8122,.T.);
#8122 = EDGE_LOOP('',(#8123,#8131,#8137,#8138));
#8123 = ORIENTED_EDGE('',*,*,#8124,.F.);
#8124 = EDGE_CURVE('',#8125,#8101,#8127,.T.);
#8125 = VERTEX_POINT('',#8126);
#8126 = CARTESIAN_POINT('',(55.258142758143,14.70297990298,25.5));
#8127 = LINE('',#8128,#8129);
#8128 = CARTESIAN_POINT('',(55.258142758143,14.70297990298,25.5));
#8129 = VECTOR('',#8130,1.);
#8130 = DIRECTION('',(1.,0.,0.));
#8131 = ORIENTED_EDGE('',*,*,#8132,.T.);
#8132 = EDGE_CURVE('',#8125,#5849,#8133,.T.);
#8133 = LINE('',#8134,#8135);
#8134 = CARTESIAN_POINT('',(55.258142758143,14.70297990298,25.5));
#8135 = VECTOR('',#8136,1.);
#8136 = DIRECTION('',(0.,0.,1.));
#8137 = ORIENTED_EDGE('',*,*,#5848,.F.);
#8138 = ORIENTED_EDGE('',*,*,#8108,.F.);
#8139 = PLANE('',#8140);
#8140 = AXIS2_PLACEMENT_3D('',#8141,#8142,#8143);
#8141 = CARTESIAN_POINT('',(55.258142758143,14.70297990298,25.5));
#8142 = DIRECTION('',(0.,1.,0.));
#8143 = DIRECTION('',(1.,0.,0.));
#8144 = ADVANCED_FACE('',(#8145),#8163,.T.);
#8145 = FACE_BOUND('',#8146,.T.);
#8146 = EDGE_LOOP('',(#8147,#8155,#8161,#8162));
#8147 = ORIENTED_EDGE('',*,*,#8148,.F.);
#8148 = EDGE_CURVE('',#8149,#8125,#8151,.T.);
#8149 = VERTEX_POINT('',#8150);
#8150 = CARTESIAN_POINT('',(55.258142758143,15.456964656965,25.5));
#8151 = LINE('',#8152,#8153);
#8152 = CARTESIAN_POINT('',(55.258142758143,15.456964656965,25.5));
#8153 = VECTOR('',#8154,1.);
#8154 = DIRECTION('',(0.,-1.,0.));
#8155 = ORIENTED_EDGE('',*,*,#8156,.T.);
#8156 = EDGE_CURVE('',#8149,#5857,#8157,.T.);
#8157 = LINE('',#8158,#8159);
#8158 = CARTESIAN_POINT('',(55.258142758143,15.456964656965,25.5));
#8159 = VECTOR('',#8160,1.);
#8160 = DIRECTION('',(0.,0.,1.));
#8161 = ORIENTED_EDGE('',*,*,#5856,.F.);
#8162 = ORIENTED_EDGE('',*,*,#8132,.F.);
#8163 = PLANE('',#8164);
#8164 = AXIS2_PLACEMENT_3D('',#8165,#8166,#8167);
#8165 = CARTESIAN_POINT('',(55.258142758143,15.456964656965,25.5));
#8166 = DIRECTION('',(1.,0.,0.));
#8167 = DIRECTION('',(0.,-1.,0.));
#8168 = ADVANCED_FACE('',(#8169),#8187,.T.);
#8169 = FACE_BOUND('',#8170,.T.);
#8170 = EDGE_LOOP('',(#8171,#8179,#8185,#8186));
#8171 = ORIENTED_EDGE('',*,*,#8172,.F.);
#8172 = EDGE_CURVE('',#8173,#8149,#8175,.T.);
#8173 = VERTEX_POINT('',#8174);
#8174 = CARTESIAN_POINT('',(56.47227997228,15.456964656965,25.5));
#8175 = LINE('',#8176,#8177);
#8176 = CARTESIAN_POINT('',(56.47227997228,15.456964656965,25.5));
#8177 = VECTOR('',#8178,1.);
#8178 = DIRECTION('',(-1.,0.,0.));
#8179 = ORIENTED_EDGE('',*,*,#8180,.T.);
#8180 = EDGE_CURVE('',#8173,#5865,#8181,.T.);
#8181 = LINE('',#8182,#8183);
#8182 = CARTESIAN_POINT('',(56.47227997228,15.456964656965,25.5));
#8183 = VECTOR('',#8184,1.);
#8184 = DIRECTION('',(0.,0.,1.));
#8185 = ORIENTED_EDGE('',*,*,#5864,.F.);
#8186 = ORIENTED_EDGE('',*,*,#8156,.F.);
#8187 = PLANE('',#8188);
#8188 = AXIS2_PLACEMENT_3D('',#8189,#8190,#8191);
#8189 = CARTESIAN_POINT('',(56.47227997228,15.456964656965,25.5));
#8190 = DIRECTION('',(0.,-1.,0.));
#8191 = DIRECTION('',(-1.,0.,0.));
#8192 = ADVANCED_FACE('',(#8193),#8211,.T.);
#8193 = FACE_BOUND('',#8194,.T.);
#8194 = EDGE_LOOP('',(#8195,#8203,#8209,#8210));
#8195 = ORIENTED_EDGE('',*,*,#8196,.F.);
#8196 = EDGE_CURVE('',#8197,#8173,#8199,.T.);
#8197 = VERTEX_POINT('',#8198);
#8198 = CARTESIAN_POINT('',(56.47227997228,19.964241164241,25.5));
#8199 = LINE('',#8200,#8201);
#8200 = CARTESIAN_POINT('',(56.47227997228,19.964241164241,25.5));
#8201 = VECTOR('',#8202,1.);
#8202 = DIRECTION('',(0.,-1.,0.));
#8203 = ORIENTED_EDGE('',*,*,#8204,.T.);
#8204 = EDGE_CURVE('',#8197,#5873,#8205,.T.);
#8205 = LINE('',#8206,#8207);
#8206 = CARTESIAN_POINT('',(56.47227997228,19.964241164241,25.5));
#8207 = VECTOR('',#8208,1.);
#8208 = DIRECTION('',(0.,0.,1.));
#8209 = ORIENTED_EDGE('',*,*,#5872,.F.);
#8210 = ORIENTED_EDGE('',*,*,#8180,.F.);
#8211 = PLANE('',#8212);
#8212 = AXIS2_PLACEMENT_3D('',#8213,#8214,#8215);
#8213 = CARTESIAN_POINT('',(56.47227997228,19.964241164241,25.5));
#8214 = DIRECTION('',(1.,0.,0.));
#8215 = DIRECTION('',(0.,-1.,0.));
#8216 = ADVANCED_FACE('',(#8217),#8235,.T.);
#8217 = FACE_BOUND('',#8218,.T.);
#8218 = EDGE_LOOP('',(#8219,#8227,#8233,#8234));
#8219 = ORIENTED_EDGE('',*,*,#8220,.F.);
#8220 = EDGE_CURVE('',#8221,#8197,#8223,.T.);
#8221 = VERTEX_POINT('',#8222);
#8222 = CARTESIAN_POINT('',(55.136174636175,19.964241164241,25.5));
#8223 = LINE('',#8224,#8225);
#8224 = CARTESIAN_POINT('',(55.136174636175,19.964241164241,25.5));
#8225 = VECTOR('',#8226,1.);
#8226 = DIRECTION('',(1.,0.,0.));
#8227 = ORIENTED_EDGE('',*,*,#8228,.T.);
#8228 = EDGE_CURVE('',#8221,#5881,#8229,.T.);
#8229 = LINE('',#8230,#8231);
#8230 = CARTESIAN_POINT('',(55.136174636175,19.964241164241,25.5));
#8231 = VECTOR('',#8232,1.);
#8232 = DIRECTION('',(0.,0.,1.));
#8233 = ORIENTED_EDGE('',*,*,#5880,.F.);
#8234 = ORIENTED_EDGE('',*,*,#8204,.F.);
#8235 = PLANE('',#8236);
#8236 = AXIS2_PLACEMENT_3D('',#8237,#8238,#8239);
#8237 = CARTESIAN_POINT('',(55.136174636175,19.964241164241,25.5));
#8238 = DIRECTION('',(0.,1.,0.));
#8239 = DIRECTION('',(1.,0.,0.));
#8240 = ADVANCED_FACE('',(#8241),#8252,.T.);
#8241 = FACE_BOUND('',#8242,.T.);
#8242 = EDGE_LOOP('',(#8243,#8249,#8250,#8251));
#8243 = ORIENTED_EDGE('',*,*,#8244,.F.);
#8244 = EDGE_CURVE('',#7840,#8221,#8245,.T.);
#8245 = LINE('',#8246,#8247);
#8246 = CARTESIAN_POINT('',(55.136174636175,20.718225918226,25.5));
#8247 = VECTOR('',#8248,1.);
#8248 = DIRECTION('',(0.,-1.,0.));
#8249 = ORIENTED_EDGE('',*,*,#7854,.T.);
#8250 = ORIENTED_EDGE('',*,*,#5888,.F.);
#8251 = ORIENTED_EDGE('',*,*,#8228,.F.);
#8252 = PLANE('',#8253);
#8253 = AXIS2_PLACEMENT_3D('',#8254,#8255,#8256);
#8254 = CARTESIAN_POINT('',(55.136174636175,20.718225918226,25.5));
#8255 = DIRECTION('',(1.,0.,0.));
#8256 = DIRECTION('',(0.,-1.,0.));
#8257 = ADVANCED_FACE('',(#8258),#8283,.T.);
#8258 = FACE_BOUND('',#8259,.T.);
#8259 = EDGE_LOOP('',(#8260,#8270,#8276,#8277));
#8260 = ORIENTED_EDGE('',*,*,#8261,.F.);
#8261 = EDGE_CURVE('',#8262,#8264,#8266,.T.);
#8262 = VERTEX_POINT('',#8263);
#8263 = CARTESIAN_POINT('',(11.081288981289,15.484684684685,25.5));
#8264 = VERTEX_POINT('',#8265);
#8265 = CARTESIAN_POINT('',(9.096534996535,15.484684684685,25.5));
#8266 = LINE('',#8267,#8268);
#8267 = CARTESIAN_POINT('',(11.081288981289,15.484684684685,25.5));
#8268 = VECTOR('',#8269,1.);
#8269 = DIRECTION('',(-1.,0.,0.));
#8270 = ORIENTED_EDGE('',*,*,#8271,.T.);
#8271 = EDGE_CURVE('',#8262,#5899,#8272,.T.);
#8272 = LINE('',#8273,#8274);
#8273 = CARTESIAN_POINT('',(11.081288981289,15.484684684685,25.5));
#8274 = VECTOR('',#8275,1.);
#8275 = DIRECTION('',(0.,0.,1.));
#8276 = ORIENTED_EDGE('',*,*,#5896,.F.);
#8277 = ORIENTED_EDGE('',*,*,#8278,.F.);
#8278 = EDGE_CURVE('',#8264,#5897,#8279,.T.);
#8279 = LINE('',#8280,#8281);
#8280 = CARTESIAN_POINT('',(9.096534996535,15.484684684685,25.5));
#8281 = VECTOR('',#8282,1.);
#8282 = DIRECTION('',(0.,0.,1.));
#8283 = PLANE('',#8284);
#8284 = AXIS2_PLACEMENT_3D('',#8285,#8286,#8287);
#8285 = CARTESIAN_POINT('',(11.081288981289,15.484684684685,25.5));
#8286 = DIRECTION('',(0.,-1.,0.));
#8287 = DIRECTION('',(-1.,0.,0.));
#8288 = ADVANCED_FACE('',(#8289),#8307,.T.);
#8289 = FACE_BOUND('',#8290,.T.);
#8290 = EDGE_LOOP('',(#8291,#8299,#8305,#8306));
#8291 = ORIENTED_EDGE('',*,*,#8292,.F.);
#8292 = EDGE_CURVE('',#8293,#8262,#8295,.T.);
#8293 = VERTEX_POINT('',#8294);
#8294 = CARTESIAN_POINT('',(11.081288981289,14.70297990298,25.5));
#8295 = LINE('',#8296,#8297);
#8296 = CARTESIAN_POINT('',(11.081288981289,14.70297990298,25.5));
#8297 = VECTOR('',#8298,1.);
#8298 = DIRECTION('',(0.,1.,0.));
#8299 = ORIENTED_EDGE('',*,*,#8300,.T.);
#8300 = EDGE_CURVE('',#8293,#5907,#8301,.T.);
#8301 = LINE('',#8302,#8303);
#8302 = CARTESIAN_POINT('',(11.081288981289,14.70297990298,25.5));
#8303 = VECTOR('',#8304,1.);
#8304 = DIRECTION('',(0.,0.,1.));
#8305 = ORIENTED_EDGE('',*,*,#5906,.F.);
#8306 = ORIENTED_EDGE('',*,*,#8271,.F.);
#8307 = PLANE('',#8308);
#8308 = AXIS2_PLACEMENT_3D('',#8309,#8310,#8311);
#8309 = CARTESIAN_POINT('',(11.081288981289,14.70297990298,25.5));
#8310 = DIRECTION('',(-1.,0.,0.));
#8311 = DIRECTION('',(0.,1.,0.));
#8312 = ADVANCED_FACE('',(#8313),#8331,.T.);
#8313 = FACE_BOUND('',#8314,.T.);
#8314 = EDGE_LOOP('',(#8315,#8323,#8329,#8330));
#8315 = ORIENTED_EDGE('',*,*,#8316,.F.);
#8316 = EDGE_CURVE('',#8317,#8293,#8319,.T.);
#8317 = VERTEX_POINT('',#8318);
#8318 = CARTESIAN_POINT('',(6.097227997228,14.70297990298,25.5));
#8319 = LINE('',#8320,#8321);
#8320 = CARTESIAN_POINT('',(6.097227997228,14.70297990298,25.5));
#8321 = VECTOR('',#8322,1.);
#8322 = DIRECTION('',(1.,0.,0.));
#8323 = ORIENTED_EDGE('',*,*,#8324,.T.);
#8324 = EDGE_CURVE('',#8317,#5915,#8325,.T.);
#8325 = LINE('',#8326,#8327);
#8326 = CARTESIAN_POINT('',(6.097227997228,14.70297990298,25.5));
#8327 = VECTOR('',#8328,1.);
#8328 = DIRECTION('',(0.,0.,1.));
#8329 = ORIENTED_EDGE('',*,*,#5914,.F.);
#8330 = ORIENTED_EDGE('',*,*,#8300,.F.);
#8331 = PLANE('',#8332);
#8332 = AXIS2_PLACEMENT_3D('',#8333,#8334,#8335);
#8333 = CARTESIAN_POINT('',(6.097227997228,14.70297990298,25.5));
#8334 = DIRECTION('',(0.,1.,0.));
#8335 = DIRECTION('',(1.,0.,0.));
#8336 = ADVANCED_FACE('',(#8337),#8355,.T.);
#8337 = FACE_BOUND('',#8338,.T.);
#8338 = EDGE_LOOP('',(#8339,#8347,#8353,#8354));
#8339 = ORIENTED_EDGE('',*,*,#8340,.F.);
#8340 = EDGE_CURVE('',#8341,#8317,#8343,.T.);
#8341 = VERTEX_POINT('',#8342);
#8342 = CARTESIAN_POINT('',(6.097227997228,15.484684684685,25.5));
#8343 = LINE('',#8344,#8345);
#8344 = CARTESIAN_POINT('',(6.097227997228,15.484684684685,25.5));
#8345 = VECTOR('',#8346,1.);
#8346 = DIRECTION('',(0.,-1.,0.));
#8347 = ORIENTED_EDGE('',*,*,#8348,.T.);
#8348 = EDGE_CURVE('',#8341,#5923,#8349,.T.);
#8349 = LINE('',#8350,#8351);
#8350 = CARTESIAN_POINT('',(6.097227997228,15.484684684685,25.5));
#8351 = VECTOR('',#8352,1.);
#8352 = DIRECTION('',(0.,0.,1.));
#8353 = ORIENTED_EDGE('',*,*,#5922,.F.);
#8354 = ORIENTED_EDGE('',*,*,#8324,.F.);
#8355 = PLANE('',#8356);
#8356 = AXIS2_PLACEMENT_3D('',#8357,#8358,#8359);
#8357 = CARTESIAN_POINT('',(6.097227997228,15.484684684685,25.5));
#8358 = DIRECTION('',(1.,0.,0.));
#8359 = DIRECTION('',(0.,-1.,0.));
#8360 = ADVANCED_FACE('',(#8361),#8379,.T.);
#8361 = FACE_BOUND('',#8362,.T.);
#8362 = EDGE_LOOP('',(#8363,#8371,#8377,#8378));
#8363 = ORIENTED_EDGE('',*,*,#8364,.F.);
#8364 = EDGE_CURVE('',#8365,#8341,#8367,.T.);
#8365 = VERTEX_POINT('',#8366);
#8366 = CARTESIAN_POINT('',(8.154054054054,15.484684684685,25.5));
#8367 = LINE('',#8368,#8369);
#8368 = CARTESIAN_POINT('',(8.154054054054,15.484684684685,25.5));
#8369 = VECTOR('',#8370,1.);
#8370 = DIRECTION('',(-1.,0.,0.));
#8371 = ORIENTED_EDGE('',*,*,#8372,.T.);
#8372 = EDGE_CURVE('',#8365,#5931,#8373,.T.);
#8373 = LINE('',#8374,#8375);
#8374 = CARTESIAN_POINT('',(8.154054054054,15.484684684685,25.5));
#8375 = VECTOR('',#8376,1.);
#8376 = DIRECTION('',(0.,0.,1.));
#8377 = ORIENTED_EDGE('',*,*,#5930,.F.);
#8378 = ORIENTED_EDGE('',*,*,#8348,.F.);
#8379 = PLANE('',#8380);
#8380 = AXIS2_PLACEMENT_3D('',#8381,#8382,#8383);
#8381 = CARTESIAN_POINT('',(8.154054054054,15.484684684685,25.5));
#8382 = DIRECTION('',(0.,-1.,0.));
#8383 = DIRECTION('',(-1.,0.,0.));
#8384 = ADVANCED_FACE('',(#8385),#8403,.T.);
#8385 = FACE_BOUND('',#8386,.T.);
#8386 = EDGE_LOOP('',(#8387,#8395,#8401,#8402));
#8387 = ORIENTED_EDGE('',*,*,#8388,.F.);
#8388 = EDGE_CURVE('',#8389,#8365,#8391,.T.);
#8389 = VERTEX_POINT('',#8390);
#8390 = CARTESIAN_POINT('',(8.154054054054,22.298267498267,25.5));
#8391 = LINE('',#8392,#8393);
#8392 = CARTESIAN_POINT('',(8.154054054054,22.298267498267,25.5));
#8393 = VECTOR('',#8394,1.);
#8394 = DIRECTION('',(0.,-1.,0.));
#8395 = ORIENTED_EDGE('',*,*,#8396,.T.);
#8396 = EDGE_CURVE('',#8389,#5939,#8397,.T.);
#8397 = LINE('',#8398,#8399);
#8398 = CARTESIAN_POINT('',(8.154054054054,22.298267498267,25.5));
#8399 = VECTOR('',#8400,1.);
#8400 = DIRECTION('',(0.,0.,1.));
#8401 = ORIENTED_EDGE('',*,*,#5938,.F.);
#8402 = ORIENTED_EDGE('',*,*,#8372,.F.);
#8403 = PLANE('',#8404);
#8404 = AXIS2_PLACEMENT_3D('',#8405,#8406,#8407);
#8405 = CARTESIAN_POINT('',(8.154054054054,22.298267498267,25.5));
#8406 = DIRECTION('',(1.,0.,0.));
#8407 = DIRECTION('',(0.,-1.,0.));
#8408 = ADVANCED_FACE('',(#8409),#8427,.T.);
#8409 = FACE_BOUND('',#8410,.T.);
#8410 = EDGE_LOOP('',(#8411,#8419,#8425,#8426));
#8411 = ORIENTED_EDGE('',*,*,#8412,.F.);
#8412 = EDGE_CURVE('',#8413,#8389,#8415,.T.);
#8413 = VERTEX_POINT('',#8414);
#8414 = CARTESIAN_POINT('',(6.11386001386,22.298267498267,25.5));
#8415 = LINE('',#8416,#8417);
#8416 = CARTESIAN_POINT('',(6.11386001386,22.298267498267,25.5));
#8417 = VECTOR('',#8418,1.);
#8418 = DIRECTION('',(1.,0.,0.));
#8419 = ORIENTED_EDGE('',*,*,#8420,.T.);
#8420 = EDGE_CURVE('',#8413,#5947,#8421,.T.);
#8421 = LINE('',#8422,#8423);
#8422 = CARTESIAN_POINT('',(6.11386001386,22.298267498267,25.5));
#8423 = VECTOR('',#8424,1.);
#8424 = DIRECTION('',(0.,0.,1.));
#8425 = ORIENTED_EDGE('',*,*,#5946,.F.);
#8426 = ORIENTED_EDGE('',*,*,#8396,.F.);
#8427 = PLANE('',#8428);
#8428 = AXIS2_PLACEMENT_3D('',#8429,#8430,#8431);
#8429 = CARTESIAN_POINT('',(6.11386001386,22.298267498267,25.5));
#8430 = DIRECTION('',(0.,1.,0.));
#8431 = DIRECTION('',(1.,0.,0.));
#8432 = ADVANCED_FACE('',(#8433),#8451,.T.);
#8433 = FACE_BOUND('',#8434,.T.);
#8434 = EDGE_LOOP('',(#8435,#8443,#8449,#8450));
#8435 = ORIENTED_EDGE('',*,*,#8436,.F.);
#8436 = EDGE_CURVE('',#8437,#8413,#8439,.T.);
#8437 = VERTEX_POINT('',#8438);
#8438 = CARTESIAN_POINT('',(6.11386001386,23.079972279972,25.5));
#8439 = LINE('',#8440,#8441);
#8440 = CARTESIAN_POINT('',(6.11386001386,23.079972279972,25.5));
#8441 = VECTOR('',#8442,1.);
#8442 = DIRECTION('',(0.,-1.,0.));
#8443 = ORIENTED_EDGE('',*,*,#8444,.T.);
#8444 = EDGE_CURVE('',#8437,#5955,#8445,.T.);
#8445 = LINE('',#8446,#8447);
#8446 = CARTESIAN_POINT('',(6.11386001386,23.079972279972,25.5));
#8447 = VECTOR('',#8448,1.);
#8448 = DIRECTION('',(0.,0.,1.));
#8449 = ORIENTED_EDGE('',*,*,#5954,.F.);
#8450 = ORIENTED_EDGE('',*,*,#8420,.F.);
#8451 = PLANE('',#8452);
#8452 = AXIS2_PLACEMENT_3D('',#8453,#8454,#8455);
#8453 = CARTESIAN_POINT('',(6.11386001386,23.079972279972,25.5));
#8454 = DIRECTION('',(1.,0.,0.));
#8455 = DIRECTION('',(0.,-1.,0.));
#8456 = ADVANCED_FACE('',(#8457),#8475,.T.);
#8457 = FACE_BOUND('',#8458,.T.);
#8458 = EDGE_LOOP('',(#8459,#8467,#8473,#8474));
#8459 = ORIENTED_EDGE('',*,*,#8460,.F.);
#8460 = EDGE_CURVE('',#8461,#8437,#8463,.T.);
#8461 = VERTEX_POINT('',#8462);
#8462 = CARTESIAN_POINT('',(9.096534996535,23.079972279972,25.5));
#8463 = LINE('',#8464,#8465);
#8464 = CARTESIAN_POINT('',(9.096534996535,23.079972279972,25.5));
#8465 = VECTOR('',#8466,1.);
#8466 = DIRECTION('',(-1.,0.,0.));
#8467 = ORIENTED_EDGE('',*,*,#8468,.T.);
#8468 = EDGE_CURVE('',#8461,#5963,#8469,.T.);
#8469 = LINE('',#8470,#8471);
#8470 = CARTESIAN_POINT('',(9.096534996535,23.079972279972,25.5));
#8471 = VECTOR('',#8472,1.);
#8472 = DIRECTION('',(0.,0.,1.));
#8473 = ORIENTED_EDGE('',*,*,#5962,.F.);
#8474 = ORIENTED_EDGE('',*,*,#8444,.F.);
#8475 = PLANE('',#8476);
#8476 = AXIS2_PLACEMENT_3D('',#8477,#8478,#8479);
#8477 = CARTESIAN_POINT('',(9.096534996535,23.079972279972,25.5));
#8478 = DIRECTION('',(0.,-1.,0.));
#8479 = DIRECTION('',(-1.,0.,0.));
#8480 = ADVANCED_FACE('',(#8481),#8492,.T.);
#8481 = FACE_BOUND('',#8482,.T.);
#8482 = EDGE_LOOP('',(#8483,#8489,#8490,#8491));
#8483 = ORIENTED_EDGE('',*,*,#8484,.F.);
#8484 = EDGE_CURVE('',#8264,#8461,#8485,.T.);
#8485 = LINE('',#8486,#8487);
#8486 = CARTESIAN_POINT('',(9.096534996535,15.484684684685,25.5));
#8487 = VECTOR('',#8488,1.);
#8488 = DIRECTION('',(0.,1.,0.));
#8489 = ORIENTED_EDGE('',*,*,#8278,.T.);
#8490 = ORIENTED_EDGE('',*,*,#5970,.F.);
#8491 = ORIENTED_EDGE('',*,*,#8468,.F.);
#8492 = PLANE('',#8493);
#8493 = AXIS2_PLACEMENT_3D('',#8494,#8495,#8496);
#8494 = CARTESIAN_POINT('',(9.096534996535,15.484684684685,25.5));
#8495 = DIRECTION('',(-1.,0.,0.));
#8496 = DIRECTION('',(0.,1.,0.));
#8497 = ADVANCED_FACE('',(#8498),#8523,.T.);
#8498 = FACE_BOUND('',#8499,.T.);
#8499 = EDGE_LOOP('',(#8500,#8510,#8516,#8517));
#8500 = ORIENTED_EDGE('',*,*,#8501,.F.);
#8501 = EDGE_CURVE('',#8502,#8504,#8506,.T.);
#8502 = VERTEX_POINT('',#8503);
#8503 = CARTESIAN_POINT('',(24.034303534304,14.70297990298,25.5));
#8504 = VERTEX_POINT('',#8505);
#8505 = CARTESIAN_POINT('',(24.960152460152,14.70297990298,25.5));
#8506 = LINE('',#8507,#8508);
#8507 = CARTESIAN_POINT('',(24.034303534304,14.70297990298,25.5));
#8508 = VECTOR('',#8509,1.);
#8509 = DIRECTION('',(1.,0.,0.));
#8510 = ORIENTED_EDGE('',*,*,#8511,.T.);
#8511 = EDGE_CURVE('',#8502,#5981,#8512,.T.);
#8512 = LINE('',#8513,#8514);
#8513 = CARTESIAN_POINT('',(24.034303534304,14.70297990298,25.5));
#8514 = VECTOR('',#8515,1.);
#8515 = DIRECTION('',(0.,0.,1.));
#8516 = ORIENTED_EDGE('',*,*,#5978,.F.);
#8517 = ORIENTED_EDGE('',*,*,#8518,.F.);
#8518 = EDGE_CURVE('',#8504,#5979,#8519,.T.);
#8519 = LINE('',#8520,#8521);
#8520 = CARTESIAN_POINT('',(24.960152460152,14.70297990298,25.5));
#8521 = VECTOR('',#8522,1.);
#8522 = DIRECTION('',(0.,0.,1.));
#8523 = PLANE('',#8524);
#8524 = AXIS2_PLACEMENT_3D('',#8525,#8526,#8527);
#8525 = CARTESIAN_POINT('',(24.034303534304,14.70297990298,25.5));
#8526 = DIRECTION('',(0.,1.,0.));
#8527 = DIRECTION('',(1.,0.,0.));
#8528 = ADVANCED_FACE('',(#8529),#8547,.T.);
#8529 = FACE_BOUND('',#8530,.T.);
#8530 = EDGE_LOOP('',(#8531,#8539,#8545,#8546));
#8531 = ORIENTED_EDGE('',*,*,#8532,.F.);
#8532 = EDGE_CURVE('',#8533,#8502,#8535,.T.);
#8533 = VERTEX_POINT('',#8534);
#8534 = CARTESIAN_POINT('',(24.034303534304,15.623284823285,25.5));
#8535 = LINE('',#8536,#8537);
#8536 = CARTESIAN_POINT('',(24.034303534304,15.623284823285,25.5));
#8537 = VECTOR('',#8538,1.);
#8538 = DIRECTION('',(0.,-1.,0.));
#8539 = ORIENTED_EDGE('',*,*,#8540,.T.);
#8540 = EDGE_CURVE('',#8533,#5989,#8541,.T.);
#8541 = LINE('',#8542,#8543);
#8542 = CARTESIAN_POINT('',(24.034303534304,15.623284823285,25.5));
#8543 = VECTOR('',#8544,1.);
#8544 = DIRECTION('',(0.,0.,1.));
#8545 = ORIENTED_EDGE('',*,*,#5988,.F.);
#8546 = ORIENTED_EDGE('',*,*,#8511,.F.);
#8547 = PLANE('',#8548);
#8548 = AXIS2_PLACEMENT_3D('',#8549,#8550,#8551);
#8549 = CARTESIAN_POINT('',(24.034303534304,15.623284823285,25.5));
#8550 = DIRECTION('',(1.,0.,0.));
#8551 = DIRECTION('',(0.,-1.,0.));
#8552 = ADVANCED_FACE('',(#8553),#8571,.T.);
#8553 = FACE_BOUND('',#8554,.T.);
#8554 = EDGE_LOOP('',(#8555,#8563,#8569,#8570));
#8555 = ORIENTED_EDGE('',*,*,#8556,.F.);
#8556 = EDGE_CURVE('',#8557,#8533,#8559,.T.);
#8557 = VERTEX_POINT('',#8558);
#8558 = CARTESIAN_POINT('',(23.928967428967,15.623284823285,25.5));
#8559 = LINE('',#8560,#8561);
#8560 = CARTESIAN_POINT('',(23.928967428967,15.623284823285,25.5));
#8561 = VECTOR('',#8562,1.);
#8562 = DIRECTION('',(1.,0.,0.));
#8563 = ORIENTED_EDGE('',*,*,#8564,.T.);
#8564 = EDGE_CURVE('',#8557,#5997,#8565,.T.);
#8565 = LINE('',#8566,#8567);
#8566 = CARTESIAN_POINT('',(23.928967428967,15.623284823285,25.5));
#8567 = VECTOR('',#8568,1.);
#8568 = DIRECTION('',(0.,0.,1.));
#8569 = ORIENTED_EDGE('',*,*,#5996,.F.);
#8570 = ORIENTED_EDGE('',*,*,#8540,.F.);
#8571 = PLANE('',#8572);
#8572 = AXIS2_PLACEMENT_3D('',#8573,#8574,#8575);
#8573 = CARTESIAN_POINT('',(23.928967428967,15.623284823285,25.5));
#8574 = DIRECTION('',(0.,1.,0.));
#8575 = DIRECTION('',(1.,0.,0.));
#8576 = ADVANCED_FACE('',(#8577),#8596,.T.);
#8577 = FACE_BOUND('',#8578,.T.);
#8578 = EDGE_LOOP('',(#8579,#8588,#8594,#8595));
#8579 = ORIENTED_EDGE('',*,*,#8580,.F.);
#8580 = EDGE_CURVE('',#8581,#8557,#8583,.T.);
#8581 = VERTEX_POINT('',#8582);
#8582 = CARTESIAN_POINT('',(22.127165627166,14.603187803188,25.5));
#8583 = B_SPLINE_CURVE_WITH_KNOTS('',3,(#8584,#8585,#8586,#8587),
  .UNSPECIFIED.,.F.,.F.,(4,4),(0.,1.),.PIECEWISE_BEZIER_KNOTS.);
#8584 = CARTESIAN_POINT('',(22.127165627166,14.603187803188,25.5));
#8585 = CARTESIAN_POINT('',(22.986486486486,14.603187803188,25.5));
#8586 = CARTESIAN_POINT('',(23.618503118503,14.958004158004,25.5));
#8587 = CARTESIAN_POINT('',(23.928967428967,15.623284823285,25.5));
#8588 = ORIENTED_EDGE('',*,*,#8589,.T.);
#8589 = EDGE_CURVE('',#8581,#6005,#8590,.T.);
#8590 = LINE('',#8591,#8592);
#8591 = CARTESIAN_POINT('',(22.127165627166,14.603187803188,25.5));
#8592 = VECTOR('',#8593,1.);
#8593 = DIRECTION('',(0.,0.,1.));
#8594 = ORIENTED_EDGE('',*,*,#6004,.F.);
#8595 = ORIENTED_EDGE('',*,*,#8564,.F.);
#8596 = SURFACE_OF_LINEAR_EXTRUSION('',#8597,#8602);
#8597 = B_SPLINE_CURVE_WITH_KNOTS('',3,(#8598,#8599,#8600,#8601),
  .UNSPECIFIED.,.F.,.F.,(4,4),(0.,1.),.PIECEWISE_BEZIER_KNOTS.);
#8598 = CARTESIAN_POINT('',(22.127165627166,14.603187803188,25.5));
#8599 = CARTESIAN_POINT('',(22.986486486486,14.603187803188,25.5));
#8600 = CARTESIAN_POINT('',(23.618503118503,14.958004158004,25.5));
#8601 = CARTESIAN_POINT('',(23.928967428967,15.623284823285,25.5));
#8602 = VECTOR('',#8603,1.);
#8603 = DIRECTION('',(-0.,-0.,-1.));
#8604 = ADVANCED_FACE('',(#8605),#8624,.T.);
#8605 = FACE_BOUND('',#8606,.T.);
#8606 = EDGE_LOOP('',(#8607,#8616,#8622,#8623));
#8607 = ORIENTED_EDGE('',*,*,#8608,.F.);
#8608 = EDGE_CURVE('',#8609,#8581,#8611,.T.);
#8609 = VERTEX_POINT('',#8610);
#8610 = CARTESIAN_POINT('',(19.826403326403,17.15343035343,25.5));
#8611 = B_SPLINE_CURVE_WITH_KNOTS('',3,(#8612,#8613,#8614,#8615),
  .UNSPECIFIED.,.F.,.F.,(4,4),(0.,1.),.PIECEWISE_BEZIER_KNOTS.);
#8612 = CARTESIAN_POINT('',(19.826403326403,17.15343035343,25.5));
#8613 = CARTESIAN_POINT('',(19.826403326403,15.606652806653,25.5));
#8614 = CARTESIAN_POINT('',(20.73562023562,14.603187803188,25.5));
#8615 = CARTESIAN_POINT('',(22.127165627166,14.603187803188,25.5));
#8616 = ORIENTED_EDGE('',*,*,#8617,.T.);
#8617 = EDGE_CURVE('',#8609,#6037,#8618,.T.);
#8618 = LINE('',#8619,#8620);
#8619 = CARTESIAN_POINT('',(19.826403326403,17.15343035343,25.5));
#8620 = VECTOR('',#8621,1.);
#8621 = DIRECTION('',(0.,0.,1.));
#8622 = ORIENTED_EDGE('',*,*,#6036,.F.);
#8623 = ORIENTED_EDGE('',*,*,#8589,.F.);
#8624 = SURFACE_OF_LINEAR_EXTRUSION('',#8625,#8630);
#8625 = B_SPLINE_CURVE_WITH_KNOTS('',3,(#8626,#8627,#8628,#8629),
  .UNSPECIFIED.,.F.,.F.,(4,4),(0.,1.),.PIECEWISE_BEZIER_KNOTS.);
#8626 = CARTESIAN_POINT('',(19.826403326403,17.15343035343,25.5));
#8627 = CARTESIAN_POINT('',(19.826403326403,15.606652806653,25.5));
#8628 = CARTESIAN_POINT('',(20.73562023562,14.603187803188,25.5));
#8629 = CARTESIAN_POINT('',(22.127165627166,14.603187803188,25.5));
#8630 = VECTOR('',#8631,1.);
#8631 = DIRECTION('',(-0.,-0.,-1.));
#8632 = ADVANCED_FACE('',(#8633),#8651,.T.);
#8633 = FACE_BOUND('',#8634,.T.);
#8634 = EDGE_LOOP('',(#8635,#8643,#8649,#8650));
#8635 = ORIENTED_EDGE('',*,*,#8636,.F.);
#8636 = EDGE_CURVE('',#8637,#8609,#8639,.T.);
#8637 = VERTEX_POINT('',#8638);
#8638 = CARTESIAN_POINT('',(19.826403326403,18.273319473319,25.5));
#8639 = LINE('',#8640,#8641);
#8640 = CARTESIAN_POINT('',(19.826403326403,18.273319473319,25.5));
#8641 = VECTOR('',#8642,1.);
#8642 = DIRECTION('',(0.,-1.,0.));
#8643 = ORIENTED_EDGE('',*,*,#8644,.T.);
#8644 = EDGE_CURVE('',#8637,#6079,#8645,.T.);
#8645 = LINE('',#8646,#8647);
#8646 = CARTESIAN_POINT('',(19.826403326403,18.273319473319,25.5));
#8647 = VECTOR('',#8648,1.);
#8648 = DIRECTION('',(0.,0.,1.));
#8649 = ORIENTED_EDGE('',*,*,#6078,.F.);
#8650 = ORIENTED_EDGE('',*,*,#8617,.F.);
#8651 = PLANE('',#8652);
#8652 = AXIS2_PLACEMENT_3D('',#8653,#8654,#8655);
#8653 = CARTESIAN_POINT('',(19.826403326403,18.273319473319,25.5));
#8654 = DIRECTION('',(1.,0.,0.));
#8655 = DIRECTION('',(0.,-1.,0.));
#8656 = ADVANCED_FACE('',(#8657),#8676,.T.);
#8657 = FACE_BOUND('',#8658,.T.);
#8658 = EDGE_LOOP('',(#8659,#8668,#8674,#8675));
#8659 = ORIENTED_EDGE('',*,*,#8660,.F.);
#8660 = EDGE_CURVE('',#8661,#8637,#8663,.T.);
#8661 = VERTEX_POINT('',#8662);
#8662 = CARTESIAN_POINT('',(22.127165627166,20.818018018018,25.5));
#8663 = B_SPLINE_CURVE_WITH_KNOTS('',3,(#8664,#8665,#8666,#8667),
  .UNSPECIFIED.,.F.,.F.,(4,4),(0.,1.),.PIECEWISE_BEZIER_KNOTS.);
#8664 = CARTESIAN_POINT('',(22.127165627166,20.818018018018,25.5));
#8665 = CARTESIAN_POINT('',(20.73562023562,20.818018018018,25.5));
#8666 = CARTESIAN_POINT('',(19.826403326403,19.814553014553,25.5));
#8667 = CARTESIAN_POINT('',(19.826403326403,18.273319473319,25.5));
#8668 = ORIENTED_EDGE('',*,*,#8669,.T.);
#8669 = EDGE_CURVE('',#8661,#6087,#8670,.T.);
#8670 = LINE('',#8671,#8672);
#8671 = CARTESIAN_POINT('',(22.127165627166,20.818018018018,25.5));
#8672 = VECTOR('',#8673,1.);
#8673 = DIRECTION('',(0.,0.,1.));
#8674 = ORIENTED_EDGE('',*,*,#6086,.F.);
#8675 = ORIENTED_EDGE('',*,*,#8644,.F.);
#8676 = SURFACE_OF_LINEAR_EXTRUSION('',#8677,#8682);
#8677 = B_SPLINE_CURVE_WITH_KNOTS('',3,(#8678,#8679,#8680,#8681),
  .UNSPECIFIED.,.F.,.F.,(4,4),(0.,1.),.PIECEWISE_BEZIER_KNOTS.);
#8678 = CARTESIAN_POINT('',(22.127165627166,20.818018018018,25.5));
#8679 = CARTESIAN_POINT('',(20.73562023562,20.818018018018,25.5));
#8680 = CARTESIAN_POINT('',(19.826403326403,19.814553014553,25.5));
#8681 = CARTESIAN_POINT('',(19.826403326403,18.273319473319,25.5));
#8682 = VECTOR('',#8683,1.);
#8683 = DIRECTION('',(-0.,-0.,-1.));
#8684 = ADVANCED_FACE('',(#8685),#8704,.T.);
#8685 = FACE_BOUND('',#8686,.T.);
#8686 = EDGE_LOOP('',(#8687,#8696,#8702,#8703));
#8687 = ORIENTED_EDGE('',*,*,#8688,.F.);
#8688 = EDGE_CURVE('',#8689,#8661,#8691,.T.);
#8689 = VERTEX_POINT('',#8690);
#8690 = CARTESIAN_POINT('',(23.901247401247,19.786832986833,25.5));
#8691 = B_SPLINE_CURVE_WITH_KNOTS('',3,(#8692,#8693,#8694,#8695),
  .UNSPECIFIED.,.F.,.F.,(4,4),(0.,1.),.PIECEWISE_BEZIER_KNOTS.);
#8692 = CARTESIAN_POINT('',(23.901247401247,19.786832986833,25.5));
#8693 = CARTESIAN_POINT('',(23.640679140679,20.44656964657,25.5));
#8694 = CARTESIAN_POINT('',(22.997574497574,20.818018018018,25.5));
#8695 = CARTESIAN_POINT('',(22.127165627166,20.818018018018,25.5));
#8696 = ORIENTED_EDGE('',*,*,#8697,.T.);
#8697 = EDGE_CURVE('',#8689,#6129,#8698,.T.);
#8698 = LINE('',#8699,#8700);
#8699 = CARTESIAN_POINT('',(23.901247401247,19.786832986833,25.5));
#8700 = VECTOR('',#8701,1.);
#8701 = DIRECTION('',(0.,0.,1.));
#8702 = ORIENTED_EDGE('',*,*,#6128,.F.);
#8703 = ORIENTED_EDGE('',*,*,#8669,.F.);
#8704 = SURFACE_OF_LINEAR_EXTRUSION('',#8705,#8710);
#8705 = B_SPLINE_CURVE_WITH_KNOTS('',3,(#8706,#8707,#8708,#8709),
  .UNSPECIFIED.,.F.,.F.,(4,4),(0.,1.),.PIECEWISE_BEZIER_KNOTS.);
#8706 = CARTESIAN_POINT('',(23.901247401247,19.786832986833,25.5));
#8707 = CARTESIAN_POINT('',(23.640679140679,20.44656964657,25.5));
#8708 = CARTESIAN_POINT('',(22.997574497574,20.818018018018,25.5));
#8709 = CARTESIAN_POINT('',(22.127165627166,20.818018018018,25.5));
#8710 = VECTOR('',#8711,1.);
#8711 = DIRECTION('',(-0.,-0.,-1.));
#8712 = ADVANCED_FACE('',(#8713),#8731,.T.);
#8713 = FACE_BOUND('',#8714,.T.);
#8714 = EDGE_LOOP('',(#8715,#8723,#8729,#8730));
#8715 = ORIENTED_EDGE('',*,*,#8716,.F.);
#8716 = EDGE_CURVE('',#8717,#8689,#8719,.T.);
#8717 = VERTEX_POINT('',#8718);
#8718 = CARTESIAN_POINT('',(24.001039501039,19.786832986833,25.5));
#8719 = LINE('',#8720,#8721);
#8720 = CARTESIAN_POINT('',(24.001039501039,19.786832986833,25.5));
#8721 = VECTOR('',#8722,1.);
#8722 = DIRECTION('',(-1.,0.,0.));
#8723 = ORIENTED_EDGE('',*,*,#8724,.T.);
#8724 = EDGE_CURVE('',#8717,#6161,#8725,.T.);
#8725 = LINE('',#8726,#8727);
#8726 = CARTESIAN_POINT('',(24.001039501039,19.786832986833,25.5));
#8727 = VECTOR('',#8728,1.);
#8728 = DIRECTION('',(0.,0.,1.));
#8729 = ORIENTED_EDGE('',*,*,#6160,.F.);
#8730 = ORIENTED_EDGE('',*,*,#8697,.F.);
#8731 = PLANE('',#8732);
#8732 = AXIS2_PLACEMENT_3D('',#8733,#8734,#8735);
#8733 = CARTESIAN_POINT('',(24.001039501039,19.786832986833,25.5));
#8734 = DIRECTION('',(0.,-1.,0.));
#8735 = DIRECTION('',(-1.,0.,0.));
#8736 = ADVANCED_FACE('',(#8737),#8755,.T.);
#8737 = FACE_BOUND('',#8738,.T.);
#8738 = EDGE_LOOP('',(#8739,#8747,#8753,#8754));
#8739 = ORIENTED_EDGE('',*,*,#8740,.F.);
#8740 = EDGE_CURVE('',#8741,#8717,#8743,.T.);
#8741 = VERTEX_POINT('',#8742);
#8742 = CARTESIAN_POINT('',(24.001039501039,23.079972279972,25.5));
#8743 = LINE('',#8744,#8745);
#8744 = CARTESIAN_POINT('',(24.001039501039,23.079972279972,25.5));
#8745 = VECTOR('',#8746,1.);
#8746 = DIRECTION('',(0.,-1.,0.));
#8747 = ORIENTED_EDGE('',*,*,#8748,.T.);
#8748 = EDGE_CURVE('',#8741,#6169,#8749,.T.);
#8749 = LINE('',#8750,#8751);
#8750 = CARTESIAN_POINT('',(24.001039501039,23.079972279972,25.5));
#8751 = VECTOR('',#8752,1.);
#8752 = DIRECTION('',(0.,0.,1.));
#8753 = ORIENTED_EDGE('',*,*,#6168,.F.);
#8754 = ORIENTED_EDGE('',*,*,#8724,.F.);
#8755 = PLANE('',#8756);
#8756 = AXIS2_PLACEMENT_3D('',#8757,#8758,#8759);
#8757 = CARTESIAN_POINT('',(24.001039501039,23.079972279972,25.5));
#8758 = DIRECTION('',(1.,0.,0.));
#8759 = DIRECTION('',(0.,-1.,0.));
#8760 = ADVANCED_FACE('',(#8761),#8779,.T.);
#8761 = FACE_BOUND('',#8762,.T.);
#8762 = EDGE_LOOP('',(#8763,#8771,#8777,#8778));
#8763 = ORIENTED_EDGE('',*,*,#8764,.F.);
#8764 = EDGE_CURVE('',#8765,#8741,#8767,.T.);
#8765 = VERTEX_POINT('',#8766);
#8766 = CARTESIAN_POINT('',(24.960152460152,23.079972279972,25.5));
#8767 = LINE('',#8768,#8769);
#8768 = CARTESIAN_POINT('',(24.960152460152,23.079972279972,25.5));
#8769 = VECTOR('',#8770,1.);
#8770 = DIRECTION('',(-1.,0.,0.));
#8771 = ORIENTED_EDGE('',*,*,#8772,.T.);
#8772 = EDGE_CURVE('',#8765,#6177,#8773,.T.);
#8773 = LINE('',#8774,#8775);
#8774 = CARTESIAN_POINT('',(24.960152460152,23.079972279972,25.5));
#8775 = VECTOR('',#8776,1.);
#8776 = DIRECTION('',(0.,0.,1.));
#8777 = ORIENTED_EDGE('',*,*,#6176,.F.);
#8778 = ORIENTED_EDGE('',*,*,#8748,.F.);
#8779 = PLANE('',#8780);
#8780 = AXIS2_PLACEMENT_3D('',#8781,#8782,#8783);
#8781 = CARTESIAN_POINT('',(24.960152460152,23.079972279972,25.5));
#8782 = DIRECTION('',(0.,-1.,0.));
#8783 = DIRECTION('',(-1.,0.,0.));
#8784 = ADVANCED_FACE('',(#8785),#8796,.T.);
#8785 = FACE_BOUND('',#8786,.T.);
#8786 = EDGE_LOOP('',(#8787,#8793,#8794,#8795));
#8787 = ORIENTED_EDGE('',*,*,#8788,.F.);
#8788 = EDGE_CURVE('',#8504,#8765,#8789,.T.);
#8789 = LINE('',#8790,#8791);
#8790 = CARTESIAN_POINT('',(24.960152460152,14.70297990298,25.5));
#8791 = VECTOR('',#8792,1.);
#8792 = DIRECTION('',(0.,1.,0.));
#8793 = ORIENTED_EDGE('',*,*,#8518,.T.);
#8794 = ORIENTED_EDGE('',*,*,#6184,.F.);
#8795 = ORIENTED_EDGE('',*,*,#8772,.F.);
#8796 = PLANE('',#8797);
#8797 = AXIS2_PLACEMENT_3D('',#8798,#8799,#8800);
#8798 = CARTESIAN_POINT('',(24.960152460152,14.70297990298,25.5));
#8799 = DIRECTION('',(-1.,0.,0.));
#8800 = DIRECTION('',(0.,1.,0.));
#8801 = ADVANCED_FACE('',(#8802),#8805,.F.);
#8802 = FACE_BOUND('',#8803,.F.);
#8803 = EDGE_LOOP('',(#8804));
#8804 = ORIENTED_EDGE('',*,*,#6207,.T.);
#8805 = PLANE('',#8806);
#8806 = AXIS2_PLACEMENT_3D('',#8807,#8808,#8809);
#8807 = CARTESIAN_POINT('',(63.94,34.86,10.2));
#8808 = DIRECTION('',(0.,0.,1.));
#8809 = DIRECTION('',(1.,0.,0.));
#8810 = ADVANCED_FACE('',(#8811,#8817,#8854),#8891,.T.);
#8811 = FACE_BOUND('',#8812,.F.);
#8812 = EDGE_LOOP('',(#8813,#8814,#8815,#8816));
#8813 = ORIENTED_EDGE('',*,*,#6276,.F.);
#8814 = ORIENTED_EDGE('',*,*,#6304,.F.);
#8815 = ORIENTED_EDGE('',*,*,#6332,.F.);
#8816 = ORIENTED_EDGE('',*,*,#6241,.F.);
#8817 = FACE_BOUND('',#8818,.F.);
#8818 = EDGE_LOOP('',(#8819,#8830,#8838,#8847));
#8819 = ORIENTED_EDGE('',*,*,#8820,.F.);
#8820 = EDGE_CURVE('',#8821,#8823,#8825,.T.);
#8821 = VERTEX_POINT('',#8822);
#8822 = CARTESIAN_POINT('',(17.169715869716,19.592792792793,25.5));
#8823 = VERTEX_POINT('',#8824);
#8824 = CARTESIAN_POINT('',(17.208523908524,18.700207900208,25.5));
#8825 = B_SPLINE_CURVE_WITH_KNOTS('',3,(#8826,#8827,#8828,#8829),
  .UNSPECIFIED.,.F.,.F.,(4,4),(0.,1.),.PIECEWISE_BEZIER_KNOTS.);
#8826 = CARTESIAN_POINT('',(17.169715869716,19.592792792793,25.5));
#8827 = CARTESIAN_POINT('',(17.197435897436,19.315592515593,25.5));
#8828 = CARTESIAN_POINT('',(17.208523908524,19.02176022176,25.5));
#8829 = CARTESIAN_POINT('',(17.208523908524,18.700207900208,25.5));
#8830 = ORIENTED_EDGE('',*,*,#8831,.F.);
#8831 = EDGE_CURVE('',#8832,#8821,#8834,.T.);
#8832 = VERTEX_POINT('',#8833);
#8833 = CARTESIAN_POINT('',(13.954192654193,16.87623007623,25.5));
#8834 = LINE('',#8835,#8836);
#8835 = CARTESIAN_POINT('',(13.954192654193,16.87623007623,25.5));
#8836 = VECTOR('',#8837,1.);
#8837 = DIRECTION('',(0.763885625546,0.645351649168,0.));
#8838 = ORIENTED_EDGE('',*,*,#8839,.F.);
#8839 = EDGE_CURVE('',#8840,#8832,#8842,.T.);
#8840 = VERTEX_POINT('',#8841);
#8841 = CARTESIAN_POINT('',(15.484338184338,15.384892584893,25.5));
#8842 = B_SPLINE_CURVE_WITH_KNOTS('',3,(#8843,#8844,#8845,#8846),
  .UNSPECIFIED.,.F.,.F.,(4,4),(0.,1.),.PIECEWISE_BEZIER_KNOTS.);
#8843 = CARTESIAN_POINT('',(15.484338184338,15.384892584893,25.5));
#8844 = CARTESIAN_POINT('',(14.730353430353,15.384892584893,25.5));
#8845 = CARTESIAN_POINT('',(14.214760914761,15.894941094941,25.5));
#8846 = CARTESIAN_POINT('',(13.954192654193,16.87623007623,25.5));
#8847 = ORIENTED_EDGE('',*,*,#8848,.F.);
#8848 = EDGE_CURVE('',#8823,#8840,#8849,.T.);
#8849 = B_SPLINE_CURVE_WITH_KNOTS('',3,(#8850,#8851,#8852,#8853),
  .UNSPECIFIED.,.F.,.F.,(4,4),(0.,1.),.PIECEWISE_BEZIER_KNOTS.);
#8850 = CARTESIAN_POINT('',(17.208523908524,18.700207900208,25.5));
#8851 = CARTESIAN_POINT('',(17.208523908524,16.532501732502,25.5));
#8852 = CARTESIAN_POINT('',(16.615315315315,15.384892584893,25.5));
#8853 = CARTESIAN_POINT('',(15.484338184338,15.384892584893,25.5));
#8854 = FACE_BOUND('',#8855,.F.);
#8855 = EDGE_LOOP('',(#8856,#8867,#8875,#8884));
#8856 = ORIENTED_EDGE('',*,*,#8857,.F.);
#8857 = EDGE_CURVE('',#8858,#8860,#8862,.T.);
#8858 = VERTEX_POINT('',#8859);
#8859 = CARTESIAN_POINT('',(13.793416493416,17.818711018711,25.5));
#8860 = VERTEX_POINT('',#8861);
#8861 = CARTESIAN_POINT('',(13.754608454608,18.700207900208,25.5));
#8862 = B_SPLINE_CURVE_WITH_KNOTS('',3,(#8863,#8864,#8865,#8866),
  .UNSPECIFIED.,.F.,.F.,(4,4),(0.,1.),.PIECEWISE_BEZIER_KNOTS.);
#8863 = CARTESIAN_POINT('',(13.793416493416,17.818711018711,25.5));
#8864 = CARTESIAN_POINT('',(13.765696465696,18.090367290367,25.5));
#8865 = CARTESIAN_POINT('',(13.754608454608,18.3841995842,25.5));
#8866 = CARTESIAN_POINT('',(13.754608454608,18.700207900208,25.5));
#8867 = ORIENTED_EDGE('',*,*,#8868,.F.);
#8868 = EDGE_CURVE('',#8869,#8858,#8871,.T.);
#8869 = VERTEX_POINT('',#8870);
#8870 = CARTESIAN_POINT('',(17.014483714484,20.507553707554,25.5));
#8871 = LINE('',#8872,#8873);
#8872 = CARTESIAN_POINT('',(17.014483714484,20.507553707554,25.5));
#8873 = VECTOR('',#8874,1.);
#8874 = DIRECTION('',(-0.767679485415,-0.640833993849,0.));
#8875 = ORIENTED_EDGE('',*,*,#8876,.F.);
#8876 = EDGE_CURVE('',#8877,#8869,#8879,.T.);
#8877 = VERTEX_POINT('',#8878);
#8878 = CARTESIAN_POINT('',(15.484338184338,22.015523215523,25.5));
#8879 = B_SPLINE_CURVE_WITH_KNOTS('',3,(#8880,#8881,#8882,#8883),
  .UNSPECIFIED.,.F.,.F.,(4,4),(0.,1.),.PIECEWISE_BEZIER_KNOTS.);
#8880 = CARTESIAN_POINT('',(15.484338184338,22.015523215523,25.5));
#8881 = CARTESIAN_POINT('',(16.243866943867,22.015523215523,25.5));
#8882 = CARTESIAN_POINT('',(16.759459459459,21.499930699931,25.5));
#8883 = CARTESIAN_POINT('',(17.014483714484,20.507553707554,25.5));
#8884 = ORIENTED_EDGE('',*,*,#8885,.F.);
#8885 = EDGE_CURVE('',#8860,#8877,#8886,.T.);
#8886 = B_SPLINE_CURVE_WITH_KNOTS('',3,(#8887,#8888,#8889,#8890),
  .UNSPECIFIED.,.F.,.F.,(4,4),(0.,1.),.PIECEWISE_BEZIER_KNOTS.);
#8887 = CARTESIAN_POINT('',(13.754608454608,18.700207900208,25.5));
#8888 = CARTESIAN_POINT('',(13.754608454608,20.873458073458,25.5));
#8889 = CARTESIAN_POINT('',(14.353361053361,22.015523215523,25.5));
#8890 = CARTESIAN_POINT('',(15.484338184338,22.015523215523,25.5));
#8891 = PLANE('',#8892);
#8892 = AXIS2_PLACEMENT_3D('',#8893,#8894,#8895);
#8893 = CARTESIAN_POINT('',(15.484181550604,18.700827641799,25.5));
#8894 = DIRECTION('',(0.,0.,1.));
#8895 = DIRECTION('',(1.,0.,0.));
#8896 = ADVANCED_FACE('',(#8897,#8910),#8938,.T.);
#8897 = FACE_BOUND('',#8898,.F.);
#8898 = EDGE_LOOP('',(#8899,#8900,#8901,#8902,#8903,#8904,#8905,#8906,
    #8907,#8908,#8909));
#8899 = ORIENTED_EDGE('',*,*,#6388,.F.);
#8900 = ORIENTED_EDGE('',*,*,#6416,.F.);
#8901 = ORIENTED_EDGE('',*,*,#6440,.F.);
#8902 = ORIENTED_EDGE('',*,*,#6468,.F.);
#8903 = ORIENTED_EDGE('',*,*,#6496,.F.);
#8904 = ORIENTED_EDGE('',*,*,#6520,.F.);
#8905 = ORIENTED_EDGE('',*,*,#6548,.F.);
#8906 = ORIENTED_EDGE('',*,*,#6576,.F.);
#8907 = ORIENTED_EDGE('',*,*,#6600,.F.);
#8908 = ORIENTED_EDGE('',*,*,#6624,.F.);
#8909 = ORIENTED_EDGE('',*,*,#6353,.F.);
#8910 = FACE_BOUND('',#8911,.F.);
#8911 = EDGE_LOOP('',(#8912,#8923,#8932));
#8912 = ORIENTED_EDGE('',*,*,#8913,.F.);
#8913 = EDGE_CURVE('',#8914,#8916,#8918,.T.);
#8914 = VERTEX_POINT('',#8915);
#8915 = CARTESIAN_POINT('',(29.59604989605,20.019681219681,25.5));
#8916 = VERTEX_POINT('',#8917);
#8917 = CARTESIAN_POINT('',(31.153915453915,18.179071379071,25.5));
#8918 = B_SPLINE_CURVE_WITH_KNOTS('',3,(#8919,#8920,#8921,#8922),
  .UNSPECIFIED.,.F.,.F.,(4,4),(0.,1.),.PIECEWISE_BEZIER_KNOTS.);
#8919 = CARTESIAN_POINT('',(29.59604989605,20.019681219681,25.5));
#8920 = CARTESIAN_POINT('',(30.566250866251,20.019681219681,25.5));
#8921 = CARTESIAN_POINT('',(31.153915453915,19.326680526681,25.5));
#8922 = CARTESIAN_POINT('',(31.153915453915,18.179071379071,25.5));
#8923 = ORIENTED_EDGE('',*,*,#8924,.F.);
#8924 = EDGE_CURVE('',#8925,#8914,#8927,.T.);
#8925 = VERTEX_POINT('',#8926);
#8926 = CARTESIAN_POINT('',(27.988288288288,18.179071379071,25.5));
#8927 = B_SPLINE_CURVE_WITH_KNOTS('',3,(#8928,#8929,#8930,#8931),
  .UNSPECIFIED.,.F.,.F.,(4,4),(0.,1.),.PIECEWISE_BEZIER_KNOTS.);
#8928 = CARTESIAN_POINT('',(27.988288288288,18.179071379071,25.5));
#8929 = CARTESIAN_POINT('',(27.988288288288,19.332224532225,25.5));
#8930 = CARTESIAN_POINT('',(28.592584892585,20.019681219681,25.5));
#8931 = CARTESIAN_POINT('',(29.59604989605,20.019681219681,25.5));
#8932 = ORIENTED_EDGE('',*,*,#8933,.F.);
#8933 = EDGE_CURVE('',#8916,#8925,#8934,.T.);
#8934 = LINE('',#8935,#8936);
#8935 = CARTESIAN_POINT('',(31.153915453915,18.179071379071,25.5));
#8936 = VECTOR('',#8937,1.);
#8937 = DIRECTION('',(-1.,0.,0.));
#8938 = PLANE('',#8939);
#8939 = AXIS2_PLACEMENT_3D('',#8940,#8941,#8942);
#8940 = CARTESIAN_POINT('',(29.571379136309,17.714000613508,25.5));
#8941 = DIRECTION('',(0.,0.,1.));
#8942 = DIRECTION('',(1.,0.,0.));
#8943 = ADVANCED_FACE('',(#8944),#8962,.T.);
#8944 = FACE_BOUND('',#8945,.F.);
#8945 = EDGE_LOOP('',(#8946,#8947,#8948,#8949,#8950,#8951,#8952,#8953,
    #8954,#8955,#8956,#8957,#8958,#8959,#8960,#8961));
#8946 = ORIENTED_EDGE('',*,*,#6672,.F.);
#8947 = ORIENTED_EDGE('',*,*,#6700,.F.);
#8948 = ORIENTED_EDGE('',*,*,#6728,.F.);
#8949 = ORIENTED_EDGE('',*,*,#6756,.F.);
#8950 = ORIENTED_EDGE('',*,*,#6780,.F.);
#8951 = ORIENTED_EDGE('',*,*,#6808,.F.);
#8952 = ORIENTED_EDGE('',*,*,#6836,.F.);
#8953 = ORIENTED_EDGE('',*,*,#6864,.F.);
#8954 = ORIENTED_EDGE('',*,*,#6888,.F.);
#8955 = ORIENTED_EDGE('',*,*,#6916,.F.);
#8956 = ORIENTED_EDGE('',*,*,#6944,.F.);
#8957 = ORIENTED_EDGE('',*,*,#6972,.F.);
#8958 = ORIENTED_EDGE('',*,*,#6996,.F.);
#8959 = ORIENTED_EDGE('',*,*,#7024,.F.);
#8960 = ORIENTED_EDGE('',*,*,#7052,.F.);
#8961 = ORIENTED_EDGE('',*,*,#6641,.F.);
#8962 = PLANE('',#8963);
#8963 = AXIS2_PLACEMENT_3D('',#8964,#8965,#8966);
#8964 = CARTESIAN_POINT('',(36.585178096414,17.68519488891,25.5));
#8965 = DIRECTION('',(0.,0.,1.));
#8966 = DIRECTION('',(1.,0.,0.));
#8967 = ADVANCED_FACE('',(#8968),#8986,.T.);
#8968 = FACE_BOUND('',#8969,.F.);
#8969 = EDGE_LOOP('',(#8970,#8971,#8972,#8973,#8974,#8975,#8976,#8977,
    #8978,#8979,#8980,#8981,#8982,#8983,#8984,#8985));
#8970 = ORIENTED_EDGE('',*,*,#7104,.F.);
#8971 = ORIENTED_EDGE('',*,*,#7128,.F.);
#8972 = ORIENTED_EDGE('',*,*,#7152,.F.);
#8973 = ORIENTED_EDGE('',*,*,#7176,.F.);
#8974 = ORIENTED_EDGE('',*,*,#7200,.F.);
#8975 = ORIENTED_EDGE('',*,*,#7224,.F.);
#8976 = ORIENTED_EDGE('',*,*,#7248,.F.);
#8977 = ORIENTED_EDGE('',*,*,#7272,.F.);
#8978 = ORIENTED_EDGE('',*,*,#7300,.F.);
#8979 = ORIENTED_EDGE('',*,*,#7328,.F.);
#8980 = ORIENTED_EDGE('',*,*,#7352,.F.);
#8981 = ORIENTED_EDGE('',*,*,#7380,.F.);
#8982 = ORIENTED_EDGE('',*,*,#7408,.F.);
#8983 = ORIENTED_EDGE('',*,*,#7432,.F.);
#8984 = ORIENTED_EDGE('',*,*,#7456,.F.);
#8985 = ORIENTED_EDGE('',*,*,#7073,.F.);
#8986 = PLANE('',#8987);
#8987 = AXIS2_PLACEMENT_3D('',#8988,#8989,#8990);
#8988 = CARTESIAN_POINT('',(43.554431403518,18.602559485273,25.5));
#8989 = DIRECTION('',(0.,0.,1.));
#8990 = DIRECTION('',(1.,0.,0.));
#8991 = ADVANCED_FACE('',(#8992,#9008),#9053,.T.);
#8992 = FACE_BOUND('',#8993,.F.);
#8993 = EDGE_LOOP('',(#8994,#8995,#8996,#8997,#8998,#8999,#9000,#9001,
    #9002,#9003,#9004,#9005,#9006,#9007));
#8994 = ORIENTED_EDGE('',*,*,#7504,.F.);
#8995 = ORIENTED_EDGE('',*,*,#7532,.F.);
#8996 = ORIENTED_EDGE('',*,*,#7560,.F.);
#8997 = ORIENTED_EDGE('',*,*,#7588,.F.);
#8998 = ORIENTED_EDGE('',*,*,#7612,.F.);
#8999 = ORIENTED_EDGE('',*,*,#7636,.F.);
#9000 = ORIENTED_EDGE('',*,*,#7664,.F.);
#9001 = ORIENTED_EDGE('',*,*,#7692,.F.);
#9002 = ORIENTED_EDGE('',*,*,#7716,.F.);
#9003 = ORIENTED_EDGE('',*,*,#7744,.F.);
#9004 = ORIENTED_EDGE('',*,*,#7772,.F.);
#9005 = ORIENTED_EDGE('',*,*,#7796,.F.);
#9006 = ORIENTED_EDGE('',*,*,#7820,.F.);
#9007 = ORIENTED_EDGE('',*,*,#7473,.F.);
#9008 = FACE_BOUND('',#9009,.F.);
#9009 = EDGE_LOOP('',(#9010,#9021,#9030,#9038,#9046));
#9010 = ORIENTED_EDGE('',*,*,#9011,.F.);
#9011 = EDGE_CURVE('',#9012,#9014,#9016,.T.);
#9012 = VERTEX_POINT('',#9013);
#9013 = CARTESIAN_POINT('',(50.267428967429,15.423700623701,25.5));
#9014 = VERTEX_POINT('',#9015);
#9015 = CARTESIAN_POINT('',(49.03665973666,16.443797643798,25.5));
#9016 = B_SPLINE_CURVE_WITH_KNOTS('',3,(#9017,#9018,#9019,#9020),
  .UNSPECIFIED.,.F.,.F.,(4,4),(0.,1.),.PIECEWISE_BEZIER_KNOTS.);
#9017 = CARTESIAN_POINT('',(50.267428967429,15.423700623701,25.5));
#9018 = CARTESIAN_POINT('',(49.5079002079,15.423700623701,25.5));
#9019 = CARTESIAN_POINT('',(49.03665973666,15.811781011781,25.5));
#9020 = CARTESIAN_POINT('',(49.03665973666,16.443797643798,25.5));
#9021 = ORIENTED_EDGE('',*,*,#9022,.F.);
#9022 = EDGE_CURVE('',#9023,#9012,#9025,.T.);
#9023 = VERTEX_POINT('',#9024);
#9024 = CARTESIAN_POINT('',(51.869646569647,16.831878031878,25.5));
#9025 = B_SPLINE_CURVE_WITH_KNOTS('',3,(#9026,#9027,#9028,#9029),
  .UNSPECIFIED.,.F.,.F.,(4,4),(0.,1.),.PIECEWISE_BEZIER_KNOTS.);
#9026 = CARTESIAN_POINT('',(51.869646569647,16.831878031878,25.5));
#9027 = CARTESIAN_POINT('',(51.869646569647,16.027997227997,25.5));
#9028 = CARTESIAN_POINT('',(51.176645876646,15.423700623701,25.5));
#9029 = CARTESIAN_POINT('',(50.267428967429,15.423700623701,25.5));
#9030 = ORIENTED_EDGE('',*,*,#9031,.F.);
#9031 = EDGE_CURVE('',#9032,#9023,#9034,.T.);
#9032 = VERTEX_POINT('',#9033);
#9033 = CARTESIAN_POINT('',(51.869646569647,17.541510741511,25.5));
#9034 = LINE('',#9035,#9036);
#9035 = CARTESIAN_POINT('',(51.869646569647,17.541510741511,25.5));
#9036 = VECTOR('',#9037,1.);
#9037 = DIRECTION('',(0.,-1.,0.));
#9038 = ORIENTED_EDGE('',*,*,#9039,.F.);
#9039 = EDGE_CURVE('',#9040,#9032,#9042,.T.);
#9040 = VERTEX_POINT('',#9041);
#9041 = CARTESIAN_POINT('',(50.322869022869,17.469438669439,25.5));
#9042 = LINE('',#9043,#9044);
#9043 = CARTESIAN_POINT('',(50.322869022869,17.469438669439,25.5));
#9044 = VECTOR('',#9045,1.);
#9045 = DIRECTION('',(0.998916218246,4.654448328747E-02,0.));
#9046 = ORIENTED_EDGE('',*,*,#9047,.F.);
#9047 = EDGE_CURVE('',#9014,#9040,#9048,.T.);
#9048 = B_SPLINE_CURVE_WITH_KNOTS('',3,(#9049,#9050,#9051,#9052),
  .UNSPECIFIED.,.F.,.F.,(4,4),(0.,1.),.PIECEWISE_BEZIER_KNOTS.);
#9049 = CARTESIAN_POINT('',(49.03665973666,16.443797643798,25.5));
#9050 = CARTESIAN_POINT('',(49.03665973666,17.07027027027,25.5));
#9051 = CARTESIAN_POINT('',(49.48018018018,17.430630630631,25.5));
#9052 = CARTESIAN_POINT('',(50.322869022869,17.469438669439,25.5));
#9053 = PLANE('',#9054);
#9054 = AXIS2_PLACEMENT_3D('',#9055,#9056,#9057);
#9055 = CARTESIAN_POINT('',(50.659850881955,17.511949496412,25.5));
#9056 = DIRECTION('',(0.,0.,1.));
#9057 = DIRECTION('',(1.,0.,0.));
#9058 = ADVANCED_FACE('',(#9059),#9078,.T.);
#9059 = FACE_BOUND('',#9060,.F.);
#9060 = EDGE_LOOP('',(#9061,#9062,#9063,#9064,#9065,#9066,#9067,#9068,
    #9069,#9070,#9071,#9072,#9073,#9074,#9075,#9076,#9077));
#9061 = ORIENTED_EDGE('',*,*,#7868,.F.);
#9062 = ORIENTED_EDGE('',*,*,#7892,.F.);
#9063 = ORIENTED_EDGE('',*,*,#7916,.F.);
#9064 = ORIENTED_EDGE('',*,*,#7944,.F.);
#9065 = ORIENTED_EDGE('',*,*,#7972,.F.);
#9066 = ORIENTED_EDGE('',*,*,#7996,.F.);
#9067 = ORIENTED_EDGE('',*,*,#8024,.F.);
#9068 = ORIENTED_EDGE('',*,*,#8052,.F.);
#9069 = ORIENTED_EDGE('',*,*,#8076,.F.);
#9070 = ORIENTED_EDGE('',*,*,#8100,.F.);
#9071 = ORIENTED_EDGE('',*,*,#8124,.F.);
#9072 = ORIENTED_EDGE('',*,*,#8148,.F.);
#9073 = ORIENTED_EDGE('',*,*,#8172,.F.);
#9074 = ORIENTED_EDGE('',*,*,#8196,.F.);
#9075 = ORIENTED_EDGE('',*,*,#8220,.F.);
#9076 = ORIENTED_EDGE('',*,*,#8244,.F.);
#9077 = ORIENTED_EDGE('',*,*,#7837,.F.);
#9078 = PLANE('',#9079);
#9079 = AXIS2_PLACEMENT_3D('',#9080,#9081,#9082);
#9080 = CARTESIAN_POINT('',(57.473740370993,18.019458726142,25.5));
#9081 = DIRECTION('',(0.,0.,1.));
#9082 = DIRECTION('',(1.,0.,0.));
#9083 = ADVANCED_FACE('',(#9084),#9096,.T.);
#9084 = FACE_BOUND('',#9085,.F.);
#9085 = EDGE_LOOP('',(#9086,#9087,#9088,#9089,#9090,#9091,#9092,#9093,
    #9094,#9095));
#9086 = ORIENTED_EDGE('',*,*,#8292,.F.);
#9087 = ORIENTED_EDGE('',*,*,#8316,.F.);
#9088 = ORIENTED_EDGE('',*,*,#8340,.F.);
#9089 = ORIENTED_EDGE('',*,*,#8364,.F.);
#9090 = ORIENTED_EDGE('',*,*,#8388,.F.);
#9091 = ORIENTED_EDGE('',*,*,#8412,.F.);
#9092 = ORIENTED_EDGE('',*,*,#8436,.F.);
#9093 = ORIENTED_EDGE('',*,*,#8460,.F.);
#9094 = ORIENTED_EDGE('',*,*,#8484,.F.);
#9095 = ORIENTED_EDGE('',*,*,#8261,.F.);
#9096 = PLANE('',#9097);
#9097 = AXIS2_PLACEMENT_3D('',#9098,#9099,#9100);
#9098 = CARTESIAN_POINT('',(8.362471143681,18.397973783719,25.5));
#9099 = DIRECTION('',(0.,0.,1.));
#9100 = DIRECTION('',(1.,0.,0.));
#9101 = ADVANCED_FACE('',(#9102,#9116),#9170,.T.);
#9102 = FACE_BOUND('',#9103,.F.);
#9103 = EDGE_LOOP('',(#9104,#9105,#9106,#9107,#9108,#9109,#9110,#9111,
    #9112,#9113,#9114,#9115));
#9104 = ORIENTED_EDGE('',*,*,#8532,.F.);
#9105 = ORIENTED_EDGE('',*,*,#8556,.F.);
#9106 = ORIENTED_EDGE('',*,*,#8580,.F.);
#9107 = ORIENTED_EDGE('',*,*,#8608,.F.);
#9108 = ORIENTED_EDGE('',*,*,#8636,.F.);
#9109 = ORIENTED_EDGE('',*,*,#8660,.F.);
#9110 = ORIENTED_EDGE('',*,*,#8688,.F.);
#9111 = ORIENTED_EDGE('',*,*,#8716,.F.);
#9112 = ORIENTED_EDGE('',*,*,#8740,.F.);
#9113 = ORIENTED_EDGE('',*,*,#8764,.F.);
#9114 = ORIENTED_EDGE('',*,*,#8788,.F.);
#9115 = ORIENTED_EDGE('',*,*,#8501,.F.);
#9116 = FACE_BOUND('',#9117,.F.);
#9117 = EDGE_LOOP('',(#9118,#9129,#9137,#9146,#9155,#9163));
#9118 = ORIENTED_EDGE('',*,*,#9119,.F.);
#9119 = EDGE_CURVE('',#9120,#9122,#9124,.T.);
#9120 = VERTEX_POINT('',#9121);
#9121 = CARTESIAN_POINT('',(20.774428274428,18.151351351351,25.5));
#9122 = VERTEX_POINT('',#9123);
#9123 = CARTESIAN_POINT('',(22.404365904366,19.969785169785,25.5));
#9124 = B_SPLINE_CURVE_WITH_KNOTS('',3,(#9125,#9126,#9127,#9128),
  .UNSPECIFIED.,.F.,.F.,(4,4),(0.,1.),.PIECEWISE_BEZIER_KNOTS.);
#9125 = CARTESIAN_POINT('',(20.774428274428,18.151351351351,25.5));
#9126 = CARTESIAN_POINT('',(20.774428274428,19.260152460152,25.5));
#9127 = CARTESIAN_POINT('',(21.411988911989,19.969785169785,25.5));
#9128 = CARTESIAN_POINT('',(22.404365904366,19.969785169785,25.5));
#9129 = ORIENTED_EDGE('',*,*,#9130,.F.);
#9130 = EDGE_CURVE('',#9131,#9120,#9133,.T.);
#9131 = VERTEX_POINT('',#9132);
#9132 = CARTESIAN_POINT('',(20.774428274428,17.286486486486,25.5));
#9133 = LINE('',#9134,#9135);
#9134 = CARTESIAN_POINT('',(20.774428274428,17.286486486486,25.5));
#9135 = VECTOR('',#9136,1.);
#9136 = DIRECTION('',(0.,1.,0.));
#9137 = ORIENTED_EDGE('',*,*,#9138,.F.);
#9138 = EDGE_CURVE('',#9139,#9131,#9141,.T.);
#9139 = VERTEX_POINT('',#9140);
#9140 = CARTESIAN_POINT('',(22.404365904366,15.462508662509,25.5));
#9141 = B_SPLINE_CURVE_WITH_KNOTS('',3,(#9142,#9143,#9144,#9145),
  .UNSPECIFIED.,.F.,.F.,(4,4),(0.,1.),.PIECEWISE_BEZIER_KNOTS.);
#9142 = CARTESIAN_POINT('',(22.404365904366,15.462508662509,25.5));
#9143 = CARTESIAN_POINT('',(21.411988911989,15.462508662509,25.5));
#9144 = CARTESIAN_POINT('',(20.774428274428,16.177685377685,25.5));
#9145 = CARTESIAN_POINT('',(20.774428274428,17.286486486486,25.5));
#9146 = ORIENTED_EDGE('',*,*,#9147,.F.);
#9147 = EDGE_CURVE('',#9148,#9139,#9150,.T.);
#9148 = VERTEX_POINT('',#9149);
#9149 = CARTESIAN_POINT('',(24.02875952876,17.286486486486,25.5));
#9150 = B_SPLINE_CURVE_WITH_KNOTS('',3,(#9151,#9152,#9153,#9154),
  .UNSPECIFIED.,.F.,.F.,(4,4),(0.,1.),.PIECEWISE_BEZIER_KNOTS.);
#9151 = CARTESIAN_POINT('',(24.02875952876,17.286486486486,25.5));
#9152 = CARTESIAN_POINT('',(24.02875952876,16.172141372141,25.5));
#9153 = CARTESIAN_POINT('',(23.391198891199,15.462508662509,25.5));
#9154 = CARTESIAN_POINT('',(22.404365904366,15.462508662509,25.5));
#9155 = ORIENTED_EDGE('',*,*,#9156,.F.);
#9156 = EDGE_CURVE('',#9157,#9148,#9159,.T.);
#9157 = VERTEX_POINT('',#9158);
#9158 = CARTESIAN_POINT('',(24.02875952876,18.151351351351,25.5));
#9159 = LINE('',#9160,#9161);
#9160 = CARTESIAN_POINT('',(24.02875952876,18.151351351351,25.5));
#9161 = VECTOR('',#9162,1.);
#9162 = DIRECTION('',(0.,-1.,0.));
#9163 = ORIENTED_EDGE('',*,*,#9164,.F.);
#9164 = EDGE_CURVE('',#9122,#9157,#9165,.T.);
#9165 = B_SPLINE_CURVE_WITH_KNOTS('',3,(#9166,#9167,#9168,#9169),
  .UNSPECIFIED.,.F.,.F.,(4,4),(0.,1.),.PIECEWISE_BEZIER_KNOTS.);
#9166 = CARTESIAN_POINT('',(22.404365904366,19.969785169785,25.5));
#9167 = CARTESIAN_POINT('',(23.391198891199,19.969785169785,25.5));
#9168 = CARTESIAN_POINT('',(24.02875952876,19.260152460152,25.5));
#9169 = CARTESIAN_POINT('',(24.02875952876,18.151351351351,25.5));
#9170 = PLANE('',#9171);
#9171 = AXIS2_PLACEMENT_3D('',#9172,#9173,#9174);
#9172 = CARTESIAN_POINT('',(22.878977274577,18.259950140053,25.5));
#9173 = DIRECTION('',(0.,0.,1.));
#9174 = DIRECTION('',(1.,0.,0.));
#9175 = ADVANCED_FACE('',(#9176),#9204,.T.);
#9176 = FACE_BOUND('',#9177,.T.);
#9177 = EDGE_LOOP('',(#9178,#9179,#9187,#9198));
#9178 = ORIENTED_EDGE('',*,*,#8820,.F.);
#9179 = ORIENTED_EDGE('',*,*,#9180,.T.);
#9180 = EDGE_CURVE('',#8821,#9181,#9183,.T.);
#9181 = VERTEX_POINT('',#9182);
#9182 = CARTESIAN_POINT('',(17.169715869716,19.592792792793,26.));
#9183 = LINE('',#9184,#9185);
#9184 = CARTESIAN_POINT('',(17.169715869716,19.592792792793,25.5));
#9185 = VECTOR('',#9186,1.);
#9186 = DIRECTION('',(0.,0.,1.));
#9187 = ORIENTED_EDGE('',*,*,#9188,.F.);
#9188 = EDGE_CURVE('',#9189,#9181,#9191,.T.);
#9189 = VERTEX_POINT('',#9190);
#9190 = CARTESIAN_POINT('',(17.208523908524,18.700207900208,26.));
#9191 = B_SPLINE_CURVE_WITH_KNOTS('',5,(#9192,#9193,#9194,#9195,#9196,
    #9197),.UNSPECIFIED.,.F.,.F.,(6,6),(0.,1.),
  .PIECEWISE_BEZIER_KNOTS.);
#9192 = CARTESIAN_POINT('',(17.208523908524,18.700207900208,26.));
#9193 = CARTESIAN_POINT('',(17.208523908524,18.886482788785,26.));
#9194 = CARTESIAN_POINT('',(17.205422580415,19.068743584243,26.));
#9195 = CARTESIAN_POINT('',(17.198475283699,19.247039501936,26.));
#9196 = CARTESIAN_POINT('',(17.186836100273,19.421590487223,26.));
#9197 = CARTESIAN_POINT('',(17.169715869716,19.592792792793,26.));
#9198 = ORIENTED_EDGE('',*,*,#9199,.F.);
#9199 = EDGE_CURVE('',#8823,#9189,#9200,.T.);
#9200 = LINE('',#9201,#9202);
#9201 = CARTESIAN_POINT('',(17.208523908524,18.700207900208,25.5));
#9202 = VECTOR('',#9203,1.);
#9203 = DIRECTION('',(0.,0.,1.));
#9204 = SURFACE_OF_LINEAR_EXTRUSION('',#9205,#9210);
#9205 = B_SPLINE_CURVE_WITH_KNOTS('',3,(#9206,#9207,#9208,#9209),
  .UNSPECIFIED.,.F.,.F.,(4,4),(0.,1.),.PIECEWISE_BEZIER_KNOTS.);
#9206 = CARTESIAN_POINT('',(17.169715869716,19.592792792793,25.5));
#9207 = CARTESIAN_POINT('',(17.197435897436,19.315592515593,25.5));
#9208 = CARTESIAN_POINT('',(17.208523908524,19.02176022176,25.5));
#9209 = CARTESIAN_POINT('',(17.208523908524,18.700207900208,25.5));
#9210 = VECTOR('',#9211,1.);
#9211 = DIRECTION('',(-0.,-0.,-1.));
#9212 = ADVANCED_FACE('',(#9213),#9231,.T.);
#9213 = FACE_BOUND('',#9214,.T.);
#9214 = EDGE_LOOP('',(#9215,#9216,#9224,#9230));
#9215 = ORIENTED_EDGE('',*,*,#8831,.F.);
#9216 = ORIENTED_EDGE('',*,*,#9217,.T.);
#9217 = EDGE_CURVE('',#8832,#9218,#9220,.T.);
#9218 = VERTEX_POINT('',#9219);
#9219 = CARTESIAN_POINT('',(13.954192654193,16.87623007623,26.));
#9220 = LINE('',#9221,#9222);
#9221 = CARTESIAN_POINT('',(13.954192654193,16.87623007623,25.5));
#9222 = VECTOR('',#9223,1.);
#9223 = DIRECTION('',(0.,0.,1.));
#9224 = ORIENTED_EDGE('',*,*,#9225,.F.);
#9225 = EDGE_CURVE('',#9181,#9218,#9226,.T.);
#9226 = LINE('',#9227,#9228);
#9227 = CARTESIAN_POINT('',(4.162210870554,8.603693741777,26.));
#9228 = VECTOR('',#9229,1.);
#9229 = DIRECTION('',(-0.763885625546,-0.645351649168,0.));
#9230 = ORIENTED_EDGE('',*,*,#9180,.F.);
#9231 = PLANE('',#9232);
#9232 = AXIS2_PLACEMENT_3D('',#9233,#9234,#9235);
#9233 = CARTESIAN_POINT('',(13.954192654193,16.87623007623,25.5));
#9234 = DIRECTION('',(-0.645351649168,0.763885625546,0.));
#9235 = DIRECTION('',(0.763885625546,0.645351649168,0.));
#9236 = ADVANCED_FACE('',(#9237),#9284,.T.);
#9237 = FACE_BOUND('',#9238,.T.);
#9238 = EDGE_LOOP('',(#9239,#9240,#9248,#9283));
#9239 = ORIENTED_EDGE('',*,*,#8839,.F.);
#9240 = ORIENTED_EDGE('',*,*,#9241,.T.);
#9241 = EDGE_CURVE('',#8840,#9242,#9244,.T.);
#9242 = VERTEX_POINT('',#9243);
#9243 = CARTESIAN_POINT('',(15.484338184338,15.384892584893,26.));
#9244 = LINE('',#9245,#9246);
#9245 = CARTESIAN_POINT('',(15.484338184338,15.384892584893,25.5));
#9246 = VECTOR('',#9247,1.);
#9247 = DIRECTION('',(0.,0.,1.));
#9248 = ORIENTED_EDGE('',*,*,#9249,.F.);
#9249 = EDGE_CURVE('',#9218,#9242,#9250,.T.);
#9250 = B_SPLINE_CURVE_WITH_KNOTS('',6,(#9251,#9252,#9253,#9254,#9255,
    #9256,#9257,#9258,#9259,#9260,#9261,#9262,#9263,#9264,#9265,#9266,
    #9267,#9268,#9269,#9270,#9271,#9272,#9273,#9274,#9275,#9276,#9277,
    #9278,#9279,#9280,#9281,#9282),.UNSPECIFIED.,.F.,.F.,(7,5,5,5,5,5,7)
  ,(0.,0.372633515586,0.506277737398,0.580167505005,0.733303827719,
    0.909224871917,1.),.UNSPECIFIED.);
#9251 = CARTESIAN_POINT('',(13.954192654193,16.87623007623,26.));
#9252 = CARTESIAN_POINT('',(13.992495840769,16.731981905505,26.));
#9253 = CARTESIAN_POINT('',(14.036745900071,16.590085731652,26.));
#9254 = CARTESIAN_POINT('',(14.087797464394,16.451028072142,26.));
#9255 = CARTESIAN_POINT('',(14.146650876781,16.315857308935,26.));
#9256 = CARTESIAN_POINT('',(14.214445032262,16.186185069696,26.));
#9257 = CARTESIAN_POINT('',(14.320242230414,16.020321192302,26.));
#9258 = CARTESIAN_POINT('',(14.349457691183,15.977526930032,26.));
#9259 = CARTESIAN_POINT('',(14.380005476873,15.935826771895,26.));
#9260 = CARTESIAN_POINT('',(14.411923795053,15.895339657766,26.));
#9261 = CARTESIAN_POINT('',(14.44523886101,15.856193731489,26.));
#9262 = CARTESIAN_POINT('',(14.49915565542,15.79769265532,26.));
#9263 = CARTESIAN_POINT('',(14.518781438961,15.777314489995,26.));
#9264 = CARTESIAN_POINT('',(14.538838071349,15.757409467789,26.));
#9265 = CARTESIAN_POINT('',(14.559324924136,15.738000156344,26.));
#9266 = CARTESIAN_POINT('',(14.580239304351,15.719108926948,26.));
#9267 = CARTESIAN_POINT('',(14.645797634443,15.662725619005,26.));
#9268 = CARTESIAN_POINT('',(14.691839168761,15.627009327236,26.));
#9269 = CARTESIAN_POINT('',(14.739648665511,15.593812313346,26.));
#9270 = CARTESIAN_POINT('',(14.789140306166,15.563310518513,26.));
#9271 = CARTESIAN_POINT('',(14.840186956559,15.535639599016,26.));
#9272 = CARTESIAN_POINT('',(14.952837814798,15.482440646448,26.));
#9273 = CARTESIAN_POINT('',(15.014897238923,15.457837240673,26.));
#9274 = CARTESIAN_POINT('',(15.078520563048,15.437201792737,26.));
#9275 = CARTESIAN_POINT('',(15.143423396968,15.420536242963,26.));
#9276 = CARTESIAN_POINT('',(15.209317487604,15.407745555108,26.));
#9277 = CARTESIAN_POINT('',(15.310288755824,15.393985315203,26.));
#9278 = CARTESIAN_POINT('',(15.344848413383,15.390290183027,26.));
#9279 = CARTESIAN_POINT('',(15.379564535181,15.387561242197,26.));
#9280 = CARTESIAN_POINT('',(15.414404236186,15.385771869264,26.));
#9281 = CARTESIAN_POINT('',(15.44933765808,15.384892584893,26.));
#9282 = CARTESIAN_POINT('',(15.484338184338,15.384892584893,26.));
#9283 = ORIENTED_EDGE('',*,*,#9217,.F.);
#9284 = SURFACE_OF_LINEAR_EXTRUSION('',#9285,#9290);
#9285 = B_SPLINE_CURVE_WITH_KNOTS('',3,(#9286,#9287,#9288,#9289),
  .UNSPECIFIED.,.F.,.F.,(4,4),(0.,1.),.PIECEWISE_BEZIER_KNOTS.);
#9286 = CARTESIAN_POINT('',(15.484338184338,15.384892584893,25.5));
#9287 = CARTESIAN_POINT('',(14.730353430353,15.384892584893,25.5));
#9288 = CARTESIAN_POINT('',(14.214760914761,15.894941094941,25.5));
#9289 = CARTESIAN_POINT('',(13.954192654193,16.87623007623,25.5));
#9290 = VECTOR('',#9291,1.);
#9291 = DIRECTION('',(-0.,-0.,-1.));
#9292 = ADVANCED_FACE('',(#9293),#9352,.T.);
#9293 = FACE_BOUND('',#9294,.T.);
#9294 = EDGE_LOOP('',(#9295,#9296,#9297,#9351));
#9295 = ORIENTED_EDGE('',*,*,#8848,.F.);
#9296 = ORIENTED_EDGE('',*,*,#9199,.T.);
#9297 = ORIENTED_EDGE('',*,*,#9298,.F.);
#9298 = EDGE_CURVE('',#9242,#9189,#9299,.T.);
#9299 = B_SPLINE_CURVE_WITH_KNOTS('',8,(#9300,#9301,#9302,#9303,#9304,
    #9305,#9306,#9307,#9308,#9309,#9310,#9311,#9312,#9313,#9314,#9315,
    #9316,#9317,#9318,#9319,#9320,#9321,#9322,#9323,#9324,#9325,#9326,
    #9327,#9328,#9329,#9330,#9331,#9332,#9333,#9334,#9335,#9336,#9337,
    #9338,#9339,#9340,#9341,#9342,#9343,#9344,#9345,#9346,#9347,#9348,
    #9349,#9350),.UNSPECIFIED.,.F.,.F.,(9,7,7,7,7,7,7,9),(0.,
    5.227564848922E-02,0.149954278277,0.244998314843,0.294307449912,
    0.394663999019,0.769604006058,1.),.UNSPECIFIED.);
#9300 = CARTESIAN_POINT('',(15.484338184338,15.384892584893,26.));
#9301 = CARTESIAN_POINT('',(15.511197626922,15.384892584893,26.));
#9302 = CARTESIAN_POINT('',(15.538038646628,15.38538574366,26.));
#9303 = CARTESIAN_POINT('',(15.564850794292,15.386385128681,26.));
#9304 = CARTESIAN_POINT('',(15.591622666658,15.387903566133,26.));
#9305 = CARTESIAN_POINT('',(15.618341930282,15.389953419364,26.));
#9306 = CARTESIAN_POINT('',(15.644995345438,15.392546367368,26.));
#9307 = CARTESIAN_POINT('',(15.671568790017,15.395693183275,26.));
#9308 = CARTESIAN_POINT('',(15.747523148986,15.406336375761,26.));
#9309 = CARTESIAN_POINT('',(15.796675219177,15.415237804872,26.));
#9310 = CARTESIAN_POINT('',(15.845396382792,15.426170190793,26.));
#9311 = CARTESIAN_POINT('',(15.893576941286,15.439181126007,26.));
#9312 = CARTESIAN_POINT('',(15.94110590815,15.454299360165,26.));
#9313 = CARTESIAN_POINT('',(15.987872308251,15.471530755424,26.));
#9314 = CARTESIAN_POINT('',(16.033766477193,15.490854241772,26.));
#9315 = CARTESIAN_POINT('',(16.1223847975,15.533005084655,26.));
#9316 = CARTESIAN_POINT('',(16.165170716604,15.555728461968,26.));
#9317 = CARTESIAN_POINT('',(16.206940241527,15.580341433248,26.));
#9318 = CARTESIAN_POINT('',(16.247614417814,15.606778213631,26.));
#9319 = CARTESIAN_POINT('',(16.287132209846,15.634956791209,26.));
#9320 = CARTESIAN_POINT('',(16.325448497696,15.664782013807,26.));
#9321 = CARTESIAN_POINT('',(16.362532073965,15.696148675753,26.));
#9322 = CARTESIAN_POINT('',(16.416953166342,15.745959232251,26.));
#9323 = CARTESIAN_POINT('',(16.435207073468,15.763359799215,26.));
#9324 = CARTESIAN_POINT('',(16.453123446073,15.78113148456,26.));
#9325 = CARTESIAN_POINT('',(16.47070151265,15.799259399123,26.));
#9326 = CARTESIAN_POINT('',(16.487941527067,15.81772870774,26.));
#9327 = CARTESIAN_POINT('',(16.504844649504,15.836524751435,26.));
#9328 = CARTESIAN_POINT('',(16.521412827396,15.855633169598,26.));
#9329 = CARTESIAN_POINT('',(16.570692731439,15.914537870821,26.));
#9330 = CARTESIAN_POINT('',(16.602358344809,15.955269966248,26.));
#9331 = CARTESIAN_POINT('',(16.632670805881,15.997120958022,26.));
#9332 = CARTESIAN_POINT('',(16.661664106451,16.039981799191,26.));
#9333 = CARTESIAN_POINT('',(16.689378939697,16.083751260148,26.));
#9334 = CARTESIAN_POINT('',(16.715860699159,16.128337442502,26.));
#9335 = CARTESIAN_POINT('',(16.741157477731,16.173659292939,26.));
#9336 = CARTESIAN_POINT('',(16.855583938231,16.391466002485,26.));
#9337 = CARTESIAN_POINT('',(16.929731661086,16.572094571898,26.));
#9338 = CARTESIAN_POINT('',(16.990882741767,16.758601560269,26.));
#9339 = CARTESIAN_POINT('',(17.041089397919,16.948920924334,26.));
#9340 = CARTESIAN_POINT('',(17.082090855035,17.141567260903,26.));
#9341 = CARTESIAN_POINT('',(17.115227495735,17.335674603821,26.));
#9342 = CARTESIAN_POINT('',(17.141602441181,17.530923930335,26.));
#9343 = CARTESIAN_POINT('',(17.174623029144,17.848388982446,26.));
#9344 = CARTESIAN_POINT('',(17.184935094052,17.969551398036,26.));
#9345 = CARTESIAN_POINT('',(17.193185634332,18.090972838266,26.));
#9346 = CARTESIAN_POINT('',(17.199538070427,18.212591991146,26.));
#9347 = CARTESIAN_POINT('',(17.204132621397,18.334358935906,26.));
#9348 = CARTESIAN_POINT('',(17.207091829849,18.456234573798,26.));
#9349 = CARTESIAN_POINT('',(17.208523908524,18.578190297655,26.));
#9350 = CARTESIAN_POINT('',(17.208523908524,18.700207900208,26.));
#9351 = ORIENTED_EDGE('',*,*,#9241,.F.);
#9352 = SURFACE_OF_LINEAR_EXTRUSION('',#9353,#9358);
#9353 = B_SPLINE_CURVE_WITH_KNOTS('',3,(#9354,#9355,#9356,#9357),
  .UNSPECIFIED.,.F.,.F.,(4,4),(0.,1.),.PIECEWISE_BEZIER_KNOTS.);
#9354 = CARTESIAN_POINT('',(17.208523908524,18.700207900208,25.5));
#9355 = CARTESIAN_POINT('',(17.208523908524,16.532501732502,25.5));
#9356 = CARTESIAN_POINT('',(16.615315315315,15.384892584893,25.5));
#9357 = CARTESIAN_POINT('',(15.484338184338,15.384892584893,25.5));
#9358 = VECTOR('',#9359,1.);
#9359 = DIRECTION('',(-0.,-0.,-1.));
#9360 = ADVANCED_FACE('',(#9361),#9389,.T.);
#9361 = FACE_BOUND('',#9362,.T.);
#9362 = EDGE_LOOP('',(#9363,#9364,#9372,#9383));
#9363 = ORIENTED_EDGE('',*,*,#8857,.F.);
#9364 = ORIENTED_EDGE('',*,*,#9365,.T.);
#9365 = EDGE_CURVE('',#8858,#9366,#9368,.T.);
#9366 = VERTEX_POINT('',#9367);
#9367 = CARTESIAN_POINT('',(13.793416493416,17.818711018711,26.));
#9368 = LINE('',#9369,#9370);
#9369 = CARTESIAN_POINT('',(13.793416493416,17.818711018711,25.5));
#9370 = VECTOR('',#9371,1.);
#9371 = DIRECTION('',(0.,0.,1.));
#9372 = ORIENTED_EDGE('',*,*,#9373,.F.);
#9373 = EDGE_CURVE('',#9374,#9366,#9376,.T.);
#9374 = VERTEX_POINT('',#9375);
#9375 = CARTESIAN_POINT('',(13.754608454608,18.700207900208,26.));
#9376 = B_SPLINE_CURVE_WITH_KNOTS('',5,(#9377,#9378,#9379,#9380,#9381,
    #9382),.UNSPECIFIED.,.F.,.F.,(6,6),(0.,1.),
  .PIECEWISE_BEZIER_KNOTS.);
#9377 = CARTESIAN_POINT('',(13.754608454608,18.700207900208,26.));
#9378 = CARTESIAN_POINT('',(13.754608454608,18.516627362013,26.));
#9379 = CARTESIAN_POINT('',(13.757727036019,18.336336078759,26.));
#9380 = CARTESIAN_POINT('',(13.764666421628,18.159635547171,26.));
#9381 = CARTESIAN_POINT('',(13.776251005659,17.986932798738,26.));
#9382 = CARTESIAN_POINT('',(13.793416493416,17.818711018711,26.));
#9383 = ORIENTED_EDGE('',*,*,#9384,.F.);
#9384 = EDGE_CURVE('',#8860,#9374,#9385,.T.);
#9385 = LINE('',#9386,#9387);
#9386 = CARTESIAN_POINT('',(13.754608454608,18.700207900208,25.5));
#9387 = VECTOR('',#9388,1.);
#9388 = DIRECTION('',(0.,0.,1.));
#9389 = SURFACE_OF_LINEAR_EXTRUSION('',#9390,#9395);
#9390 = B_SPLINE_CURVE_WITH_KNOTS('',3,(#9391,#9392,#9393,#9394),
  .UNSPECIFIED.,.F.,.F.,(4,4),(0.,1.),.PIECEWISE_BEZIER_KNOTS.);
#9391 = CARTESIAN_POINT('',(13.793416493416,17.818711018711,25.5));
#9392 = CARTESIAN_POINT('',(13.765696465696,18.090367290367,25.5));
#9393 = CARTESIAN_POINT('',(13.754608454608,18.3841995842,25.5));
#9394 = CARTESIAN_POINT('',(13.754608454608,18.700207900208,25.5));
#9395 = VECTOR('',#9396,1.);
#9396 = DIRECTION('',(-0.,-0.,-1.));
#9397 = ADVANCED_FACE('',(#9398),#9416,.T.);
#9398 = FACE_BOUND('',#9399,.T.);
#9399 = EDGE_LOOP('',(#9400,#9401,#9409,#9415));
#9400 = ORIENTED_EDGE('',*,*,#8868,.F.);
#9401 = ORIENTED_EDGE('',*,*,#9402,.T.);
#9402 = EDGE_CURVE('',#8869,#9403,#9405,.T.);
#9403 = VERTEX_POINT('',#9404);
#9404 = CARTESIAN_POINT('',(17.014483714484,20.507553707554,26.));
#9405 = LINE('',#9406,#9407);
#9406 = CARTESIAN_POINT('',(17.014483714484,20.507553707554,25.5));
#9407 = VECTOR('',#9408,1.);
#9408 = DIRECTION('',(0.,0.,1.));
#9409 = ORIENTED_EDGE('',*,*,#9410,.F.);
#9410 = EDGE_CURVE('',#9366,#9403,#9411,.T.);
#9411 = LINE('',#9412,#9413);
#9412 = CARTESIAN_POINT('',(5.388631687175,10.802668624516,26.));
#9413 = VECTOR('',#9414,1.);
#9414 = DIRECTION('',(0.767679485415,0.640833993849,0.));
#9415 = ORIENTED_EDGE('',*,*,#9365,.F.);
#9416 = PLANE('',#9417);
#9417 = AXIS2_PLACEMENT_3D('',#9418,#9419,#9420);
#9418 = CARTESIAN_POINT('',(17.014483714484,20.507553707554,25.5));
#9419 = DIRECTION('',(0.640833993849,-0.767679485415,0.));
#9420 = DIRECTION('',(-0.767679485415,-0.640833993849,0.));
#9421 = ADVANCED_FACE('',(#9422),#9469,.T.);
#9422 = FACE_BOUND('',#9423,.T.);
#9423 = EDGE_LOOP('',(#9424,#9425,#9433,#9468));
#9424 = ORIENTED_EDGE('',*,*,#8876,.F.);
#9425 = ORIENTED_EDGE('',*,*,#9426,.T.);
#9426 = EDGE_CURVE('',#8877,#9427,#9429,.T.);
#9427 = VERTEX_POINT('',#9428);
#9428 = CARTESIAN_POINT('',(15.484338184338,22.015523215523,26.));
#9429 = LINE('',#9430,#9431);
#9430 = CARTESIAN_POINT('',(15.484338184338,22.015523215523,25.5));
#9431 = VECTOR('',#9432,1.);
#9432 = DIRECTION('',(0.,0.,1.));
#9433 = ORIENTED_EDGE('',*,*,#9434,.F.);
#9434 = EDGE_CURVE('',#9403,#9427,#9435,.T.);
#9435 = B_SPLINE_CURVE_WITH_KNOTS('',6,(#9436,#9437,#9438,#9439,#9440,
    #9441,#9442,#9443,#9444,#9445,#9446,#9447,#9448,#9449,#9450,#9451,
    #9452,#9453,#9454,#9455,#9456,#9457,#9458,#9459,#9460,#9461,#9462,
    #9463,#9464,#9465,#9466,#9467),.UNSPECIFIED.,.F.,.F.,(7,5,5,5,5,5,7)
  ,(0.,0.374192328779,0.506755839919,0.580560796213,0.732571776457,
    0.908280577816,1.),.UNSPECIFIED.);
#9436 = CARTESIAN_POINT('',(17.014483714484,20.507553707554,26.));
#9437 = CARTESIAN_POINT('',(16.976938913904,20.653651953287,26.));
#9438 = CARTESIAN_POINT('',(16.933351392579,20.797417430331,26.));
#9439 = CARTESIAN_POINT('',(16.882839613357,20.938368781143,26.));
#9440 = CARTESIAN_POINT('',(16.824364567234,21.075440073876,26.));
#9441 = CARTESIAN_POINT('',(16.756735975744,21.206978720972,26.));
#9442 = CARTESIAN_POINT('',(16.651128411657,21.374699366889,26.));
#9443 = CARTESIAN_POINT('',(16.622211374772,21.417594960219,26.));
#9444 = CARTESIAN_POINT('',(16.591958019084,21.459407409799,26.));
#9445 = CARTESIAN_POINT('',(16.560329173902,21.50001793642,26.));
#9446 = CARTESIAN_POINT('',(16.527297577771,21.539298375023,26.));
#9447 = CARTESIAN_POINT('',(16.473676753678,21.598171475473,26.));
#9448 = CARTESIAN_POINT('',(16.454062338624,21.61877332925,26.));
#9449 = CARTESIAN_POINT('',(16.434008631514,21.638898555011,26.));
#9450 = CARTESIAN_POINT('',(16.413516107402,21.658524041162,26.));
#9451 = CARTESIAN_POINT('',(16.392587372812,21.677626859625,26.));
#9452 = CARTESIAN_POINT('',(16.327233019853,21.734405676045,26.));
#9453 = CARTESIAN_POINT('',(16.281404050657,21.770317982451,26.));
#9454 = CARTESIAN_POINT('',(16.233791822208,21.803716521683,26.));
#9455 = CARTESIAN_POINT('',(16.184481717007,21.834423967739,26.));
#9456 = CARTESIAN_POINT('',(16.133600980456,21.862303428083,26.));
#9457 = CARTESIAN_POINT('',(16.020903237549,21.916132066583,26.));
#9458 = CARTESIAN_POINT('',(15.958603050206,21.941109795029,26.));
#9459 = CARTESIAN_POINT('',(15.894702615622,21.962070558128,26.));
#9460 = CARTESIAN_POINT('',(15.829493454109,21.979012829091,26.));
#9461 = CARTESIAN_POINT('',(15.763270999195,21.992034964669,26.));
#9462 = CARTESIAN_POINT('',(15.661376975571,22.006140044916,26.));
#9463 = CARTESIAN_POINT('',(15.626229559017,22.009955053289,26.));
#9464 = CARTESIAN_POINT('',(15.590918922149,22.012771169346,26.));
#9465 = CARTESIAN_POINT('',(15.555479782561,22.014616765744,26.));
#9466 = CARTESIAN_POINT('',(15.51994356908,22.015523215523,26.));
#9467 = CARTESIAN_POINT('',(15.484338184338,22.015523215523,26.));
#9468 = ORIENTED_EDGE('',*,*,#9402,.F.);
#9469 = SURFACE_OF_LINEAR_EXTRUSION('',#9470,#9475);
#9470 = B_SPLINE_CURVE_WITH_KNOTS('',3,(#9471,#9472,#9473,#9474),
  .UNSPECIFIED.,.F.,.F.,(4,4),(0.,1.),.PIECEWISE_BEZIER_KNOTS.);
#9471 = CARTESIAN_POINT('',(15.484338184338,22.015523215523,25.5));
#9472 = CARTESIAN_POINT('',(16.243866943867,22.015523215523,25.5));
#9473 = CARTESIAN_POINT('',(16.759459459459,21.499930699931,25.5));
#9474 = CARTESIAN_POINT('',(17.014483714484,20.507553707554,25.5));
#9475 = VECTOR('',#9476,1.);
#9476 = DIRECTION('',(-0.,-0.,-1.));
#9477 = ADVANCED_FACE('',(#9478),#9537,.T.);
#9478 = FACE_BOUND('',#9479,.T.);
#9479 = EDGE_LOOP('',(#9480,#9481,#9482,#9536));
#9480 = ORIENTED_EDGE('',*,*,#8885,.F.);
#9481 = ORIENTED_EDGE('',*,*,#9384,.T.);
#9482 = ORIENTED_EDGE('',*,*,#9483,.F.);
#9483 = EDGE_CURVE('',#9427,#9374,#9484,.T.);
#9484 = B_SPLINE_CURVE_WITH_KNOTS('',8,(#9485,#9486,#9487,#9488,#9489,
    #9490,#9491,#9492,#9493,#9494,#9495,#9496,#9497,#9498,#9499,#9500,
    #9501,#9502,#9503,#9504,#9505,#9506,#9507,#9508,#9509,#9510,#9511,
    #9512,#9513,#9514,#9515,#9516,#9517,#9518,#9519,#9520,#9521,#9522,
    #9523,#9524,#9525,#9526,#9527,#9528,#9529,#9530,#9531,#9532,#9533,
    #9534,#9535),.UNSPECIFIED.,.F.,.F.,(9,7,7,7,7,7,7,9),(0.,
    5.224642204005E-02,0.150666659843,0.246502633299,0.295856923748,
    0.396330602932,0.773294896233,1.),.UNSPECIFIED.);
#9485 = CARTESIAN_POINT('',(15.484338184338,22.015523215523,26.));
#9486 = CARTESIAN_POINT('',(15.457471749966,22.015523215523,26.));
#9487 = CARTESIAN_POINT('',(15.430623559458,22.015032183745,26.));
#9488 = CARTESIAN_POINT('',(15.403803964702,22.014037172993,26.));
#9489 = CARTESIAN_POINT('',(15.377024259323,22.012525472582,26.));
#9490 = CARTESIAN_POINT('',(15.350296655381,22.010484825335,26.));
#9491 = CARTESIAN_POINT('',(15.323634260072,22.007903644576,26.));
#9492 = CARTESIAN_POINT('',(15.297051052427,22.004771231126,26.));
#9493 = CARTESIAN_POINT('',(15.220662316376,21.994120774352,26.));
#9494 = CARTESIAN_POINT('',(15.171088522239,21.985172281347,26.));
#9495 = CARTESIAN_POINT('',(15.121949162469,21.974168914218,26.));
#9496 = CARTESIAN_POINT('',(15.073355628149,21.961062062479,26.));
#9497 = CARTESIAN_POINT('',(15.025420683792,21.945822251739,26.));
#9498 = CARTESIAN_POINT('',(14.978257134555,21.92844329321,26.));
#9499 = CARTESIAN_POINT('',(14.931976493449,21.908946433221,26.));
#9500 = CARTESIAN_POINT('',(14.842587973182,21.866388733524,26.));
#9501 = CARTESIAN_POINT('',(14.799418832222,21.843430229999,26.));
#9502 = CARTESIAN_POINT('',(14.757281052723,21.818556278874,26.));
#9503 = CARTESIAN_POINT('',(14.716255073012,21.791833903084,26.));
#9504 = CARTESIAN_POINT('',(14.67640299972,21.763346696496,26.));
#9505 = CARTESIAN_POINT('',(14.637770664795,21.733191658609,26.));
#9506 = CARTESIAN_POINT('',(14.600389682531,21.701476029264,26.));
#9507 = CARTESIAN_POINT('',(14.54568323164,21.651236169459,26.));
#9508 = CARTESIAN_POINT('',(14.527422607891,21.633773387285,26.));
#9509 = CARTESIAN_POINT('',(14.509499512094,21.615940542259,26.));
#9510 = CARTESIAN_POINT('',(14.491914687104,21.59775246335,26.));
#9511 = CARTESIAN_POINT('',(14.474667859666,21.579223922503,26.));
#9512 = CARTESIAN_POINT('',(14.457757858205,21.560369514076,26.));
#9513 = CARTESIAN_POINT('',(14.441182730613,21.541203534281,26.));
#9514 = CARTESIAN_POINT('',(14.391873217767,21.482116417859,26.));
#9515 = CARTESIAN_POINT('',(14.360185396593,21.441261160317,26.));
#9516 = CARTESIAN_POINT('',(14.329851138936,21.399289018447,26.));
#9517 = CARTESIAN_POINT('',(14.300836535172,21.356308644187,26.));
#9518 = CARTESIAN_POINT('',(14.273101012036,21.312420911574,26.));
#9519 = CARTESIAN_POINT('',(14.246599319023,21.267717417348,26.));
#9520 = CARTESIAN_POINT('',(14.221283514778,21.222278981564,26.));
#9521 = CARTESIAN_POINT('',(14.106390108197,21.003194756263,26.));
#9522 = CARTESIAN_POINT('',(14.031945379231,20.821340123576,26.));
#9523 = CARTESIAN_POINT('',(13.970616911117,20.633570029946,26.));
#9524 = CARTESIAN_POINT('',(13.920332337721,20.441969426504,26.));
#9525 = CARTESIAN_POINT('',(13.879334383558,20.248036992383,26.));
#9526 = CARTESIAN_POINT('',(13.846269519505,20.052645299749,26.));
#9527 = CARTESIAN_POINT('',(13.820024193864,19.856114184309,26.));
#9528 = CARTESIAN_POINT('',(13.787560731028,19.539166025898,26.));
#9529 = CARTESIAN_POINT('',(13.77754839316,19.419820202675,26.));
#9530 = CARTESIAN_POINT('',(13.769531380248,19.300226378114,26.));
#9531 = CARTESIAN_POINT('',(13.763354487515,19.180442664023,26.));
#9532 = CARTESIAN_POINT('',(13.758884129458,19.060516527451,26.));
#9533 = CARTESIAN_POINT('',(13.756003293324,18.940485305266,26.));
#9534 = CARTESIAN_POINT('',(13.754608454608,18.820376506177,26.));
#9535 = CARTESIAN_POINT('',(13.754608454608,18.700207900208,26.));
#9536 = ORIENTED_EDGE('',*,*,#9426,.F.);
#9537 = SURFACE_OF_LINEAR_EXTRUSION('',#9538,#9543);
#9538 = B_SPLINE_CURVE_WITH_KNOTS('',3,(#9539,#9540,#9541,#9542),
  .UNSPECIFIED.,.F.,.F.,(4,4),(0.,1.),.PIECEWISE_BEZIER_KNOTS.);
#9539 = CARTESIAN_POINT('',(13.754608454608,18.700207900208,25.5));
#9540 = CARTESIAN_POINT('',(13.754608454608,20.873458073458,25.5));
#9541 = CARTESIAN_POINT('',(14.353361053361,22.015523215523,25.5));
#9542 = CARTESIAN_POINT('',(15.484338184338,22.015523215523,25.5));
#9543 = VECTOR('',#9544,1.);
#9544 = DIRECTION('',(-0.,-0.,-1.));
#9545 = ADVANCED_FACE('',(#9546),#9605,.T.);
#9546 = FACE_BOUND('',#9547,.T.);
#9547 = EDGE_LOOP('',(#9548,#9549,#9557,#9599));
#9548 = ORIENTED_EDGE('',*,*,#8913,.F.);
#9549 = ORIENTED_EDGE('',*,*,#9550,.T.);
#9550 = EDGE_CURVE('',#8914,#9551,#9553,.T.);
#9551 = VERTEX_POINT('',#9552);
#9552 = CARTESIAN_POINT('',(29.59604989605,20.019681219681,26.));
#9553 = LINE('',#9554,#9555);
#9554 = CARTESIAN_POINT('',(29.59604989605,20.019681219681,25.5));
#9555 = VECTOR('',#9556,1.);
#9556 = DIRECTION('',(0.,0.,1.));
#9557 = ORIENTED_EDGE('',*,*,#9558,.F.);
#9558 = EDGE_CURVE('',#9559,#9551,#9561,.T.);
#9559 = VERTEX_POINT('',#9560);
#9560 = CARTESIAN_POINT('',(31.153915453915,18.179071379071,26.));
#9561 = B_SPLINE_CURVE_WITH_KNOTS('',6,(#9562,#9563,#9564,#9565,#9566,
    #9567,#9568,#9569,#9570,#9571,#9572,#9573,#9574,#9575,#9576,#9577,
    #9578,#9579,#9580,#9581,#9582,#9583,#9584,#9585,#9586,#9587,#9588,
    #9589,#9590,#9591,#9592,#9593,#9594,#9595,#9596,#9597,#9598),
  .UNSPECIFIED.,.F.,.F.,(7,5,5,5,5,5,5,7),(0.,0.311356699041,
    0.432611701315,0.501389464784,0.644202551506,0.794290919584,
    0.867075824172,1.),.UNSPECIFIED.);
#9562 = CARTESIAN_POINT('',(31.153915453915,18.179071379071,26.));
#9563 = CARTESIAN_POINT('',(31.153915453915,18.323906244516,26.));
#9564 = CARTESIAN_POINT('',(31.146427424294,18.468232275848,26.));
#9565 = CARTESIAN_POINT('',(31.130590698731,18.611638332399,26.));
#9566 = CARTESIAN_POINT('',(31.105349768605,18.75326965604,26.));
#9567 = CARTESIAN_POINT('',(31.06953960807,18.891836477291,26.));
#9568 = CARTESIAN_POINT('',(31.003585361891,19.077767562725,26.));
#9569 = CARTESIAN_POINT('',(30.983335581449,19.129148689395,26.));
#9570 = CARTESIAN_POINT('',(30.961263072345,19.179688745653,26.));
#9571 = CARTESIAN_POINT('',(30.937314959635,19.229263938607,26.));
#9572 = CARTESIAN_POINT('',(30.911451186409,19.277738616177,26.));
#9573 = CARTESIAN_POINT('',(30.867882616844,19.351758641358,26.));
#9574 = CARTESIAN_POINT('',(30.851491230909,19.378148057455,26.));
#9575 = CARTESIAN_POINT('',(30.83447320363,19.404110457769,26.));
#9576 = CARTESIAN_POINT('',(30.816827200787,19.429618902608,26.));
#9577 = CARTESIAN_POINT('',(30.79855439936,19.454646186587,26.));
#9578 = CARTESIAN_POINT('',(30.74042220884,19.530076415337,26.));
#9579 = CARTESIAN_POINT('',(30.698495143296,19.578801122656,26.));
#9580 = CARTESIAN_POINT('',(30.653920274757,19.625083921138,26.));
#9581 = CARTESIAN_POINT('',(30.60678565067,19.668692389605,26.));
#9582 = CARTESIAN_POINT('',(30.557234428423,19.709428620813,26.));
#9583 = CARTESIAN_POINT('',(30.451078646978,19.786774789047,26.));
#9584 = CARTESIAN_POINT('',(30.39423187419,19.823077157711,26.));
#9585 = CARTESIAN_POINT('',(30.335176549694,19.855869632903,26.));
#9586 = CARTESIAN_POINT('',(30.274183648459,19.885067767726,26.));
#9587 = CARTESIAN_POINT('',(30.211542707568,19.910664357306,26.));
#9588 = CARTESIAN_POINT('',(30.11651894723,19.94340473643,26.));
#9589 = CARTESIAN_POINT('',(30.085166793881,19.953263038845,26.));
#9590 = CARTESIAN_POINT('',(30.053527100664,19.96229446371,26.));
#9591 = CARTESIAN_POINT('',(30.02163065645,19.970508811981,26.));
#9592 = CARTESIAN_POINT('',(29.989506837983,19.977918666592,26.));
#9593 = CARTESIAN_POINT('',(29.898152984245,19.996630560706,26.));
#9594 = CARTESIAN_POINT('',(29.838457697391,20.006089072975,26.));
#9595 = CARTESIAN_POINT('',(29.778264725222,20.013006889188,26.));
#9596 = CARTESIAN_POINT('',(29.717720468258,20.017496783956,26.));
#9597 = CARTESIAN_POINT('',(29.656948930129,20.019681219681,26.));
#9598 = CARTESIAN_POINT('',(29.59604989605,20.019681219681,26.));
#9599 = ORIENTED_EDGE('',*,*,#9600,.F.);
#9600 = EDGE_CURVE('',#8916,#9559,#9601,.T.);
#9601 = LINE('',#9602,#9603);
#9602 = CARTESIAN_POINT('',(31.153915453915,18.179071379071,25.5));
#9603 = VECTOR('',#9604,1.);
#9604 = DIRECTION('',(0.,0.,1.));
#9605 = SURFACE_OF_LINEAR_EXTRUSION('',#9606,#9611);
#9606 = B_SPLINE_CURVE_WITH_KNOTS('',3,(#9607,#9608,#9609,#9610),
  .UNSPECIFIED.,.F.,.F.,(4,4),(0.,1.),.PIECEWISE_BEZIER_KNOTS.);
#9607 = CARTESIAN_POINT('',(29.59604989605,20.019681219681,25.5));
#9608 = CARTESIAN_POINT('',(30.566250866251,20.019681219681,25.5));
#9609 = CARTESIAN_POINT('',(31.153915453915,19.326680526681,25.5));
#9610 = CARTESIAN_POINT('',(31.153915453915,18.179071379071,25.5));
#9611 = VECTOR('',#9612,1.);
#9612 = DIRECTION('',(-0.,-0.,-1.));
#9613 = ADVANCED_FACE('',(#9614),#9666,.T.);
#9614 = FACE_BOUND('',#9615,.T.);
#9615 = EDGE_LOOP('',(#9616,#9617,#9625,#9665));
#9616 = ORIENTED_EDGE('',*,*,#8924,.F.);
#9617 = ORIENTED_EDGE('',*,*,#9618,.T.);
#9618 = EDGE_CURVE('',#8925,#9619,#9621,.T.);
#9619 = VERTEX_POINT('',#9620);
#9620 = CARTESIAN_POINT('',(27.988288288288,18.179071379071,26.));
#9621 = LINE('',#9622,#9623);
#9622 = CARTESIAN_POINT('',(27.988288288288,18.179071379071,25.5));
#9623 = VECTOR('',#9624,1.);
#9624 = DIRECTION('',(0.,0.,1.));
#9625 = ORIENTED_EDGE('',*,*,#9626,.F.);
#9626 = EDGE_CURVE('',#9551,#9619,#9627,.T.);
#9627 = B_SPLINE_CURVE_WITH_KNOTS('',6,(#9628,#9629,#9630,#9631,#9632,
    #9633,#9634,#9635,#9636,#9637,#9638,#9639,#9640,#9641,#9642,#9643,
    #9644,#9645,#9646,#9647,#9648,#9649,#9650,#9651,#9652,#9653,#9654,
    #9655,#9656,#9657,#9658,#9659,#9660,#9661,#9662,#9663,#9664),
  .UNSPECIFIED.,.F.,.F.,(7,5,5,5,5,5,5,7),(0.,0.147920846786,
    0.225945215202,0.384767096425,0.524302948566,0.591368738556,
    0.708864733324,1.),.UNSPECIFIED.);
#9628 = CARTESIAN_POINT('',(29.59604989605,20.019681219681,26.));
#9629 = CARTESIAN_POINT('',(29.527163224258,20.019681219681,26.));
#9630 = CARTESIAN_POINT('',(29.458426867163,20.01708926889,26.));
#9631 = CARTESIAN_POINT('',(29.389965062309,20.011743649102,26.));
#9632 = CARTESIAN_POINT('',(29.321938350633,20.003476717143,26.));
#9633 = CARTESIAN_POINT('',(29.25454076052,19.992131466098,26.));
#9634 = CARTESIAN_POINT('',(29.15289689858,19.969901560394,26.));
#9635 = CARTESIAN_POINT('',(29.118034706299,19.961332792119,26.));
#9636 = CARTESIAN_POINT('',(29.083444278852,19.95185242598,26.));
#9637 = CARTESIAN_POINT('',(29.049161415667,19.941444542227,26.));
#9638 = CARTESIAN_POINT('',(29.015223851772,19.930096657094,26.));
#9639 = CARTESIAN_POINT('',(28.913373542566,19.892768796212,26.));
#9640 = CARTESIAN_POINT('',(28.846659031781,19.86380204693,26.));
#9641 = CARTESIAN_POINT('',(28.78188215847,19.830834719362,26.));
#9642 = CARTESIAN_POINT('',(28.719388338569,19.793874547188,26.));
#9643 = CARTESIAN_POINT('',(28.659498848701,19.753025052512,26.));
#9644 = CARTESIAN_POINT('',(28.55241455446,19.669398321335,26.));
#9645 = CARTESIAN_POINT('',(28.50455107921,19.627449601397,26.));
#9646 = CARTESIAN_POINT('',(28.459095098231,19.582810261234,26.));
#9647 = CARTESIAN_POINT('',(28.416175732481,19.535668665599,26.));
#9648 = CARTESIAN_POINT('',(28.375870546143,19.486243832157,26.));
#9649 = CARTESIAN_POINT('',(28.320115972535,19.410037724629,26.));
#9650 = CARTESIAN_POINT('',(28.302628436713,19.384826728186,26.));
#9651 = CARTESIAN_POINT('',(28.285755010296,19.359167964163,26.));
#9652 = CARTESIAN_POINT('',(28.269496295894,19.333086836578,26.));
#9653 = CARTESIAN_POINT('',(28.253850569881,19.306608495656,26.));
#9654 = CARTESIAN_POINT('',(28.212470063734,19.232716794244,26.));
#9655 = CARTESIAN_POINT('',(28.187995750606,19.184532859204,26.));
#9656 = CARTESIAN_POINT('',(28.165369633273,19.135338000601,26.));
#9657 = CARTESIAN_POINT('',(28.144552655497,19.085256687628,26.));
#9658 = CARTESIAN_POINT('',(28.125493981296,19.034402771698,26.));
#9659 = CARTESIAN_POINT('',(28.065129541079,18.85520262407,26.));
#9660 = CARTESIAN_POINT('',(28.032591025072,18.723462158996,26.));
#9661 = CARTESIAN_POINT('',(28.009596017546,18.58906444378,26.));
#9662 = CARTESIAN_POINT('',(27.995135569025,18.453101588138,26.));
#9663 = CARTESIAN_POINT('',(27.988288288288,18.3163115775,26.));
#9664 = CARTESIAN_POINT('',(27.988288288288,18.179071379071,26.));
#9665 = ORIENTED_EDGE('',*,*,#9550,.F.);
#9666 = SURFACE_OF_LINEAR_EXTRUSION('',#9667,#9672);
#9667 = B_SPLINE_CURVE_WITH_KNOTS('',3,(#9668,#9669,#9670,#9671),
  .UNSPECIFIED.,.F.,.F.,(4,4),(0.,1.),.PIECEWISE_BEZIER_KNOTS.);
#9668 = CARTESIAN_POINT('',(27.988288288288,18.179071379071,25.5));
#9669 = CARTESIAN_POINT('',(27.988288288288,19.332224532225,25.5));
#9670 = CARTESIAN_POINT('',(28.592584892585,20.019681219681,25.5));
#9671 = CARTESIAN_POINT('',(29.59604989605,20.019681219681,25.5));
#9672 = VECTOR('',#9673,1.);
#9673 = DIRECTION('',(-0.,-0.,-1.));
#9674 = ADVANCED_FACE('',(#9675),#9686,.T.);
#9675 = FACE_BOUND('',#9676,.T.);
#9676 = EDGE_LOOP('',(#9677,#9678,#9679,#9685));
#9677 = ORIENTED_EDGE('',*,*,#8933,.F.);
#9678 = ORIENTED_EDGE('',*,*,#9600,.T.);
#9679 = ORIENTED_EDGE('',*,*,#9680,.F.);
#9680 = EDGE_CURVE('',#9619,#9559,#9681,.T.);
#9681 = LINE('',#9682,#9683);
#9682 = CARTESIAN_POINT('',(14.126957726958,18.179071379071,26.));
#9683 = VECTOR('',#9684,1.);
#9684 = DIRECTION('',(1.,0.,0.));
#9685 = ORIENTED_EDGE('',*,*,#9618,.F.);
#9686 = PLANE('',#9687);
#9687 = AXIS2_PLACEMENT_3D('',#9688,#9689,#9690);
#9688 = CARTESIAN_POINT('',(31.153915453915,18.179071379071,25.5));
#9689 = DIRECTION('',(0.,-1.,0.));
#9690 = DIRECTION('',(-1.,0.,0.));
#9691 = ADVANCED_FACE('',(#9692),#9746,.T.);
#9692 = FACE_BOUND('',#9693,.T.);
#9693 = EDGE_LOOP('',(#9694,#9695,#9703,#9740));
#9694 = ORIENTED_EDGE('',*,*,#9011,.F.);
#9695 = ORIENTED_EDGE('',*,*,#9696,.T.);
#9696 = EDGE_CURVE('',#9012,#9697,#9699,.T.);
#9697 = VERTEX_POINT('',#9698);
#9698 = CARTESIAN_POINT('',(50.267428967429,15.423700623701,26.));
#9699 = LINE('',#9700,#9701);
#9700 = CARTESIAN_POINT('',(50.267428967429,15.423700623701,25.5));
#9701 = VECTOR('',#9702,1.);
#9702 = DIRECTION('',(0.,0.,1.));
#9703 = ORIENTED_EDGE('',*,*,#9704,.F.);
#9704 = EDGE_CURVE('',#9705,#9697,#9707,.T.);
#9705 = VERTEX_POINT('',#9706);
#9706 = CARTESIAN_POINT('',(49.03665973666,16.443797643798,26.));
#9707 = B_SPLINE_CURVE_WITH_KNOTS('',6,(#9708,#9709,#9710,#9711,#9712,
    #9713,#9714,#9715,#9716,#9717,#9718,#9719,#9720,#9721,#9722,#9723,
    #9724,#9725,#9726,#9727,#9728,#9729,#9730,#9731,#9732,#9733,#9734,
    #9735,#9736,#9737,#9738,#9739),.UNSPECIFIED.,.F.,.F.,(7,5,5,5,5,5,7)
  ,(0.,0.11465458225,0.327496369499,0.481258312191,0.555295966626,
    0.684762052147,1.),.UNSPECIFIED.);
#9708 = CARTESIAN_POINT('',(49.03665973666,16.443797643798,26.));
#9709 = CARTESIAN_POINT('',(49.03665973666,16.408893872065,26.));
#9710 = CARTESIAN_POINT('',(49.037809549801,16.374119503158,26.));
#9711 = CARTESIAN_POINT('',(49.040154302654,16.339522413192,26.));
#9712 = CARTESIAN_POINT('',(49.043737161118,16.305157305532,26.));
#9713 = CARTESIAN_POINT('',(49.048596222639,16.271085062624,26.));
#9714 = CARTESIAN_POINT('',(49.066206299172,16.174788225968,26.));
#9715 = CARTESIAN_POINT('',(49.08215648975,16.113421235652,26.));
#9716 = CARTESIAN_POINT('',(49.102799749469,16.053734882299,26.));
#9717 = CARTESIAN_POINT('',(49.128219684551,15.996205356939,26.));
#9718 = CARTESIAN_POINT('',(49.158344403007,15.941291199144,26.));
#9719 = CARTESIAN_POINT('',(49.217855477847,15.851918098998,26.));
#9720 = CARTESIAN_POINT('',(49.245132075633,15.816002428422,26.));
#9721 = CARTESIAN_POINT('',(49.274624608711,15.781806585917,26.));
#9722 = CARTESIAN_POINT('',(49.306197787151,15.749438572967,26.));
#9723 = CARTESIAN_POINT('',(49.339689860977,15.718969696153,26.));
#9724 = CARTESIAN_POINT('',(49.391885213785,15.676703096866,26.));
#9725 = CARTESIAN_POINT('',(49.409253445731,15.663414968595,26.));
#9726 = CARTESIAN_POINT('',(49.427006309848,15.65057966726,26.));
#9727 = CARTESIAN_POINT('',(49.445124342109,15.638199237006,26.));
#9728 = CARTESIAN_POINT('',(49.463588086366,15.626273972487,26.));
#9729 = CARTESIAN_POINT('',(49.515235277613,15.59474266478,26.));
#9730 = CARTESIAN_POINT('',(49.549090261647,15.57607049389,26.));
#9731 = CARTESIAN_POINT('',(49.583840431218,15.558778516679,26.));
#9732 = CARTESIAN_POINT('',(49.619387413949,15.542845586041,26.));
#9733 = CARTESIAN_POINT('',(49.655639774649,15.528241099507,26.));
#9734 = CARTESIAN_POINT('',(49.782305201782,15.482516304003,26.));
#9735 = CARTESIAN_POINT('',(49.875752377891,15.457781516911,26.));
#9736 = CARTESIAN_POINT('',(49.971746367195,15.44016500036,26.));
#9737 = CARTESIAN_POINT('',(50.069399422367,15.429012172311,26.));
#9738 = CARTESIAN_POINT('',(50.168082196299,15.423700623701,26.));
#9739 = CARTESIAN_POINT('',(50.267428967429,15.423700623701,26.));
#9740 = ORIENTED_EDGE('',*,*,#9741,.F.);
#9741 = EDGE_CURVE('',#9014,#9705,#9742,.T.);
#9742 = LINE('',#9743,#9744);
#9743 = CARTESIAN_POINT('',(49.03665973666,16.443797643798,25.5));
#9744 = VECTOR('',#9745,1.);
#9745 = DIRECTION('',(0.,0.,1.));
#9746 = SURFACE_OF_LINEAR_EXTRUSION('',#9747,#9752);
#9747 = B_SPLINE_CURVE_WITH_KNOTS('',3,(#9748,#9749,#9750,#9751),
  .UNSPECIFIED.,.F.,.F.,(4,4),(0.,1.),.PIECEWISE_BEZIER_KNOTS.);
#9748 = CARTESIAN_POINT('',(50.267428967429,15.423700623701,25.5));
#9749 = CARTESIAN_POINT('',(49.5079002079,15.423700623701,25.5));
#9750 = CARTESIAN_POINT('',(49.03665973666,15.811781011781,25.5));
#9751 = CARTESIAN_POINT('',(49.03665973666,16.443797643798,25.5));
#9752 = VECTOR('',#9753,1.);
#9753 = DIRECTION('',(-0.,-0.,-1.));
#9754 = ADVANCED_FACE('',(#9755),#9797,.T.);
#9755 = FACE_BOUND('',#9756,.T.);
#9756 = EDGE_LOOP('',(#9757,#9758,#9766,#9796));
#9757 = ORIENTED_EDGE('',*,*,#9022,.F.);
#9758 = ORIENTED_EDGE('',*,*,#9759,.T.);
#9759 = EDGE_CURVE('',#9023,#9760,#9762,.T.);
#9760 = VERTEX_POINT('',#9761);
#9761 = CARTESIAN_POINT('',(51.869646569647,16.831878031878,26.));
#9762 = LINE('',#9763,#9764);
#9763 = CARTESIAN_POINT('',(51.869646569647,16.831878031878,25.5));
#9764 = VECTOR('',#9765,1.);
#9765 = DIRECTION('',(0.,0.,1.));
#9766 = ORIENTED_EDGE('',*,*,#9767,.F.);
#9767 = EDGE_CURVE('',#9697,#9760,#9768,.T.);
#9768 = B_SPLINE_CURVE_WITH_KNOTS('',6,(#9769,#9770,#9771,#9772,#9773,
    #9774,#9775,#9776,#9777,#9778,#9779,#9780,#9781,#9782,#9783,#9784,
    #9785,#9786,#9787,#9788,#9789,#9790,#9791,#9792,#9793,#9794,#9795),
  .UNSPECIFIED.,.F.,.F.,(7,5,5,5,5,7),(0.,0.394808127034,0.559771464303,
    0.649693188798,0.826128753582,1.),.UNSPECIFIED.);
#9769 = CARTESIAN_POINT('',(50.267428967429,15.423700623701,26.));
#9770 = CARTESIAN_POINT('',(50.426830843032,15.423700623701,26.));
#9771 = CARTESIAN_POINT('',(50.585613065784,15.438559214668,26.));
#9772 = CARTESIAN_POINT('',(50.742030382516,15.469049108799,26.));
#9773 = CARTESIAN_POINT('',(50.893949380786,15.515672900537,26.));
#9774 = CARTESIAN_POINT('',(51.038852724025,15.578567463795,26.));
#9775 = CARTESIAN_POINT('',(51.230382100635,15.690191272457,26.));
#9776 = CARTESIAN_POINT('',(51.285106610931,15.725848043142,26.));
#9777 = CARTESIAN_POINT('',(51.337904779976,15.76423048621,26.));
#9778 = CARTESIAN_POINT('',(51.388559436076,15.805283210654,26.));
#9779 = CARTESIAN_POINT('',(51.436849446229,15.848925518251,26.));
#9780 = CARTESIAN_POINT('',(51.507469669764,15.920185813326,26.));
#9781 = CARTESIAN_POINT('',(51.531616334028,15.946062180561,26.));
#9782 = CARTESIAN_POINT('',(51.554959451392,15.972656686073,26.));
#9783 = CARTESIAN_POINT('',(51.577464128203,15.999948376796,26.));
#9784 = CARTESIAN_POINT('',(51.599096451473,16.027913425808,26.));
#9785 = CARTESIAN_POINT('',(51.660492043377,16.112664209154,26.));
#9786 = CARTESIAN_POINT('',(51.697679239983,16.17129775371,26.));
#9787 = CARTESIAN_POINT('',(51.731132149054,16.232214128414,26.));
#9788 = CARTESIAN_POINT('',(51.760632241849,16.295168499184,26.));
#9789 = CARTESIAN_POINT('',(51.786009644928,16.359878495382,26.));
#9790 = CARTESIAN_POINT('',(51.827997782272,16.491199943964,26.));
#9791 = CARTESIAN_POINT('',(51.844734024673,16.557780584511,26.));
#9792 = CARTESIAN_POINT('',(51.857262118446,16.62544858844,26.));
#9793 = CARTESIAN_POINT('',(51.865552943078,16.693891795841,26.));
#9794 = CARTESIAN_POINT('',(51.869646569647,16.762802029058,26.));
#9795 = CARTESIAN_POINT('',(51.869646569647,16.831878031878,26.));
#9796 = ORIENTED_EDGE('',*,*,#9696,.F.);
#9797 = SURFACE_OF_LINEAR_EXTRUSION('',#9798,#9803);
#9798 = B_SPLINE_CURVE_WITH_KNOTS('',3,(#9799,#9800,#9801,#9802),
  .UNSPECIFIED.,.F.,.F.,(4,4),(0.,1.),.PIECEWISE_BEZIER_KNOTS.);
#9799 = CARTESIAN_POINT('',(51.869646569647,16.831878031878,25.5));
#9800 = CARTESIAN_POINT('',(51.869646569647,16.027997227997,25.5));
#9801 = CARTESIAN_POINT('',(51.176645876646,15.423700623701,25.5));
#9802 = CARTESIAN_POINT('',(50.267428967429,15.423700623701,25.5));
#9803 = VECTOR('',#9804,1.);
#9804 = DIRECTION('',(-0.,-0.,-1.));
#9805 = ADVANCED_FACE('',(#9806),#9824,.T.);
#9806 = FACE_BOUND('',#9807,.T.);
#9807 = EDGE_LOOP('',(#9808,#9809,#9817,#9823));
#9808 = ORIENTED_EDGE('',*,*,#9031,.F.);
#9809 = ORIENTED_EDGE('',*,*,#9810,.T.);
#9810 = EDGE_CURVE('',#9032,#9811,#9813,.T.);
#9811 = VERTEX_POINT('',#9812);
#9812 = CARTESIAN_POINT('',(51.869646569647,17.541510741511,26.));
#9813 = LINE('',#9814,#9815);
#9814 = CARTESIAN_POINT('',(51.869646569647,17.541510741511,25.5));
#9815 = VECTOR('',#9816,1.);
#9816 = DIRECTION('',(0.,0.,1.));
#9817 = ORIENTED_EDGE('',*,*,#9818,.F.);
#9818 = EDGE_CURVE('',#9760,#9811,#9819,.T.);
#9819 = LINE('',#9820,#9821);
#9820 = CARTESIAN_POINT('',(51.869646569647,7.320755370755,26.));
#9821 = VECTOR('',#9822,1.);
#9822 = DIRECTION('',(0.,1.,0.));
#9823 = ORIENTED_EDGE('',*,*,#9759,.F.);
#9824 = PLANE('',#9825);
#9825 = AXIS2_PLACEMENT_3D('',#9826,#9827,#9828);
#9826 = CARTESIAN_POINT('',(51.869646569647,17.541510741511,25.5));
#9827 = DIRECTION('',(1.,0.,0.));
#9828 = DIRECTION('',(0.,-1.,0.));
#9829 = ADVANCED_FACE('',(#9830),#9848,.T.);
#9830 = FACE_BOUND('',#9831,.T.);
#9831 = EDGE_LOOP('',(#9832,#9833,#9841,#9847));
#9832 = ORIENTED_EDGE('',*,*,#9039,.F.);
#9833 = ORIENTED_EDGE('',*,*,#9834,.T.);
#9834 = EDGE_CURVE('',#9040,#9835,#9837,.T.);
#9835 = VERTEX_POINT('',#9836);
#9836 = CARTESIAN_POINT('',(50.322869022869,17.469438669439,26.));
#9837 = LINE('',#9838,#9839);
#9838 = CARTESIAN_POINT('',(50.322869022869,17.469438669439,25.5));
#9839 = VECTOR('',#9840,1.);
#9840 = DIRECTION('',(0.,0.,1.));
#9841 = ORIENTED_EDGE('',*,*,#9842,.F.);
#9842 = EDGE_CURVE('',#9811,#9835,#9843,.T.);
#9843 = LINE('',#9844,#9845);
#9844 = CARTESIAN_POINT('',(23.295556488173,16.210101526245,26.));
#9845 = VECTOR('',#9846,1.);
#9846 = DIRECTION('',(-0.998916218246,-4.654448328747E-02,0.));
#9847 = ORIENTED_EDGE('',*,*,#9810,.F.);
#9848 = PLANE('',#9849);
#9849 = AXIS2_PLACEMENT_3D('',#9850,#9851,#9852);
#9850 = CARTESIAN_POINT('',(50.322869022869,17.469438669439,25.5));
#9851 = DIRECTION('',(-4.654448328747E-02,0.998916218246,0.));
#9852 = DIRECTION('',(0.998916218246,4.654448328747E-02,0.));
#9853 = ADVANCED_FACE('',(#9854),#9894,.T.);
#9854 = FACE_BOUND('',#9855,.T.);
#9855 = EDGE_LOOP('',(#9856,#9857,#9858,#9893));
#9856 = ORIENTED_EDGE('',*,*,#9047,.F.);
#9857 = ORIENTED_EDGE('',*,*,#9741,.T.);
#9858 = ORIENTED_EDGE('',*,*,#9859,.F.);
#9859 = EDGE_CURVE('',#9835,#9705,#9860,.T.);
#9860 = B_SPLINE_CURVE_WITH_KNOTS('',6,(#9861,#9862,#9863,#9864,#9865,
    #9866,#9867,#9868,#9869,#9870,#9871,#9872,#9873,#9874,#9875,#9876,
    #9877,#9878,#9879,#9880,#9881,#9882,#9883,#9884,#9885,#9886,#9887,
    #9888,#9889,#9890,#9891,#9892),.UNSPECIFIED.,.F.,.F.,(7,5,5,5,5,5,7)
  ,(0.,0.356858245654,0.480494263789,0.54845082516,0.687881174578,
    0.885953964104,1.),.UNSPECIFIED.);
#9861 = CARTESIAN_POINT('',(50.322869022869,17.469438669439,26.));
#9862 = CARTESIAN_POINT('',(50.2064106644,17.464075455562,26.));
#9863 = CARTESIAN_POINT('',(50.091070833378,17.453570030868,26.));
#9864 = CARTESIAN_POINT('',(49.977126987516,17.437157496803,26.));
#9865 = CARTESIAN_POINT('',(49.865348913125,17.413842747154,26.));
#9866 = CARTESIAN_POINT('',(49.756999279975,17.382422355122,26.));
#9867 = CARTESIAN_POINT('',(49.618043674405,17.327451200305,26.));
#9868 = CARTESIAN_POINT('',(49.582919683922,17.312182509333,26.));
#9869 = CARTESIAN_POINT('',(49.548505880047,17.295741005819,26.));
#9870 = CARTESIAN_POINT('',(49.514894619539,17.278080901813,26.));
#9871 = CARTESIAN_POINT('',(49.482187484757,17.259164683389,26.));
#9872 = CARTESIAN_POINT('',(49.433070030465,17.227867537953,26.));
#9873 = CARTESIAN_POINT('',(49.415953959559,17.216380084828,26.));
#9874 = CARTESIAN_POINT('',(49.39916159263,17.204502047102,26.));
#9875 = CARTESIAN_POINT('',(49.382711169171,17.192231077092,26.));
#9876 = CARTESIAN_POINT('',(49.366621014241,17.179566491685,26.));
#9877 = CARTESIAN_POINT('',(49.318673408299,17.139719031382,26.));
#9878 = CARTESIAN_POINT('',(49.288027401185,17.111273111987,26.));
#9879 = CARTESIAN_POINT('',(49.259136129069,17.081186922188,26.));
#9880 = CARTESIAN_POINT('',(49.232146589856,17.049505110391,26.));
#9881 = CARTESIAN_POINT('',(49.207178487191,17.016309162085,26.));
#9882 = CARTESIAN_POINT('',(49.151834363613,16.932595218316,26.));
#9883 = CARTESIAN_POINT('',(49.12358766301,16.880643824227,26.));
#9884 = CARTESIAN_POINT('',(49.099826275016,16.826243808389,26.));
#9885 = CARTESIAN_POINT('',(49.080560443255,16.769822540888,26.));
#9886 = CARTESIAN_POINT('',(49.065634536354,16.711824217554,26.));
#9887 = CARTESIAN_POINT('',(49.048566050573,16.618613918293,26.));
#9888 = CARTESIAN_POINT('',(49.043685121547,16.584165362344,26.));
#9889 = CARTESIAN_POINT('',(49.040112123085,16.549398947742,26.));
#9890 = CARTESIAN_POINT('',(49.037790524623,16.514379521174,26.));
#9891 = CARTESIAN_POINT('',(49.03665973666,16.479163456954,26.));
#9892 = CARTESIAN_POINT('',(49.03665973666,16.443797643798,26.));
#9893 = ORIENTED_EDGE('',*,*,#9834,.F.);
#9894 = SURFACE_OF_LINEAR_EXTRUSION('',#9895,#9900);
#9895 = B_SPLINE_CURVE_WITH_KNOTS('',3,(#9896,#9897,#9898,#9899),
  .UNSPECIFIED.,.F.,.F.,(4,4),(0.,1.),.PIECEWISE_BEZIER_KNOTS.);
#9896 = CARTESIAN_POINT('',(49.03665973666,16.443797643798,25.5));
#9897 = CARTESIAN_POINT('',(49.03665973666,17.07027027027,25.5));
#9898 = CARTESIAN_POINT('',(49.48018018018,17.430630630631,25.5));
#9899 = CARTESIAN_POINT('',(50.322869022869,17.469438669439,25.5));
#9900 = VECTOR('',#9901,1.);
#9901 = DIRECTION('',(-0.,-0.,-1.));
#9902 = ADVANCED_FACE('',(#9903),#9962,.T.);
#9903 = FACE_BOUND('',#9904,.T.);
#9904 = EDGE_LOOP('',(#9905,#9906,#9914,#9956));
#9905 = ORIENTED_EDGE('',*,*,#9119,.F.);
#9906 = ORIENTED_EDGE('',*,*,#9907,.T.);
#9907 = EDGE_CURVE('',#9120,#9908,#9910,.T.);
#9908 = VERTEX_POINT('',#9909);
#9909 = CARTESIAN_POINT('',(20.774428274428,18.151351351351,26.));
#9910 = LINE('',#9911,#9912);
#9911 = CARTESIAN_POINT('',(20.774428274428,18.151351351351,25.5));
#9912 = VECTOR('',#9913,1.);
#9913 = DIRECTION('',(0.,0.,1.));
#9914 = ORIENTED_EDGE('',*,*,#9915,.F.);
#9915 = EDGE_CURVE('',#9916,#9908,#9918,.T.);
#9916 = VERTEX_POINT('',#9917);
#9917 = CARTESIAN_POINT('',(22.404365904366,19.969785169785,26.));
#9918 = B_SPLINE_CURVE_WITH_KNOTS('',6,(#9919,#9920,#9921,#9922,#9923,
    #9924,#9925,#9926,#9927,#9928,#9929,#9930,#9931,#9932,#9933,#9934,
    #9935,#9936,#9937,#9938,#9939,#9940,#9941,#9942,#9943,#9944,#9945,
    #9946,#9947,#9948,#9949,#9950,#9951,#9952,#9953,#9954,#9955),
  .UNSPECIFIED.,.F.,.F.,(7,5,5,5,5,5,5,7),(0.,0.138994641371,
    0.21796696883,0.382196196654,0.533120495607,0.604709365916,
    0.726708851485,1.),.UNSPECIFIED.);
#9919 = CARTESIAN_POINT('',(22.404365904366,19.969785169785,26.));
#9920 = CARTESIAN_POINT('',(22.339997794949,19.969785169785,26.));
#9921 = CARTESIAN_POINT('',(22.275750620015,19.967396672326,26.));
#9922 = CARTESIAN_POINT('',(22.211736702794,19.962504555904,26.));
#9923 = CARTESIAN_POINT('',(22.148091061878,19.954995947905,26.));
#9924 = CARTESIAN_POINT('',(22.084969795133,19.944770366081,26.));
#9925 = CARTESIAN_POINT('',(21.987082651524,19.924352023244,26.));
#9926 = CARTESIAN_POINT('',(21.951842792616,19.916052130745,26.));
#9927 = CARTESIAN_POINT('',(21.916861569338,19.90683559314,26.));
#9928 = CARTESIAN_POINT('',(21.882173092272,19.896691010898,26.));
#9929 = CARTESIAN_POINT('',(21.847812900137,19.885610174337,26.));
#9930 = CARTESIAN_POINT('',(21.743122781058,19.848587129462,26.));
#9931 = CARTESIAN_POINT('',(21.673997277335,19.819512576319,26.));
#9932 = CARTESIAN_POINT('',(21.606790266507,19.786328279963,26.));
#9933 = CARTESIAN_POINT('',(21.541839857521,19.749066486229,26.));
#9934 = CARTESIAN_POINT('',(21.479462691882,19.707843530268,26.));
#9935 = CARTESIAN_POINT('',(21.365245614276,19.621550633834,26.));
#9936 = CARTESIAN_POINT('',(21.312951402919,19.577055383863,26.));
#9937 = CARTESIAN_POINT('',(21.263280224057,19.529555067763,26.));
#9938 = CARTESIAN_POINT('',(21.21639158266,19.479257194195,26.));
#9939 = CARTESIAN_POINT('',(21.172392656286,19.426401897967,26.));
#9940 = CARTESIAN_POINT('',(21.111876281879,19.34509287354,26.));
#9941 = CARTESIAN_POINT('',(21.093069849554,19.318415956653,26.));
#9942 = CARTESIAN_POINT('',(21.074932599379,19.29124875683,26.));
#9943 = CARTESIAN_POINT('',(21.057467888674,19.263618338416,26.));
#9944 = CARTESIAN_POINT('',(21.040676671423,19.235551642012,26.));
#9945 = CARTESIAN_POINT('',(20.997087713898,19.158547318635,26.));
#9946 = CARTESIAN_POINT('',(20.971569862941,19.108829693996,26.));
#9947 = CARTESIAN_POINT('',(20.947997373435,19.058053966782,26.));
#9948 = CARTESIAN_POINT('',(20.926345973321,19.006345509735,26.));
#9949 = CARTESIAN_POINT('',(20.906578779862,18.953821087923,26.));
#9950 = CARTESIAN_POINT('',(20.848492226086,18.781334795467,26.));
#9951 = CARTESIAN_POINT('',(20.817575612775,18.658549164078,26.));
#9952 = CARTESIAN_POINT('',(20.7953698632,18.533358368929,26.));
#9953 = CARTESIAN_POINT('',(20.781209372181,18.406682139301,26.));
#9954 = CARTESIAN_POINT('',(20.774428274428,18.279201597601,26.));
#9955 = CARTESIAN_POINT('',(20.774428274428,18.151351351351,26.));
#9956 = ORIENTED_EDGE('',*,*,#9957,.F.);
#9957 = EDGE_CURVE('',#9122,#9916,#9958,.T.);
#9958 = LINE('',#9959,#9960);
#9959 = CARTESIAN_POINT('',(22.404365904366,19.969785169785,25.5));
#9960 = VECTOR('',#9961,1.);
#9961 = DIRECTION('',(0.,0.,1.));
#9962 = SURFACE_OF_LINEAR_EXTRUSION('',#9963,#9968);
#9963 = B_SPLINE_CURVE_WITH_KNOTS('',3,(#9964,#9965,#9966,#9967),
  .UNSPECIFIED.,.F.,.F.,(4,4),(0.,1.),.PIECEWISE_BEZIER_KNOTS.);
#9964 = CARTESIAN_POINT('',(20.774428274428,18.151351351351,25.5));
#9965 = CARTESIAN_POINT('',(20.774428274428,19.260152460152,25.5));
#9966 = CARTESIAN_POINT('',(21.411988911989,19.969785169785,25.5));
#9967 = CARTESIAN_POINT('',(22.404365904366,19.969785169785,25.5));
#9968 = VECTOR('',#9969,1.);
#9969 = DIRECTION('',(-0.,-0.,-1.));
#9970 = ADVANCED_FACE('',(#9971),#9989,.T.);
#9971 = FACE_BOUND('',#9972,.T.);
#9972 = EDGE_LOOP('',(#9973,#9974,#9982,#9988));
#9973 = ORIENTED_EDGE('',*,*,#9130,.F.);
#9974 = ORIENTED_EDGE('',*,*,#9975,.T.);
#9975 = EDGE_CURVE('',#9131,#9976,#9978,.T.);
#9976 = VERTEX_POINT('',#9977);
#9977 = CARTESIAN_POINT('',(20.774428274428,17.286486486486,26.));
#9978 = LINE('',#9979,#9980);
#9979 = CARTESIAN_POINT('',(20.774428274428,17.286486486486,25.5));
#9980 = VECTOR('',#9981,1.);
#9981 = DIRECTION('',(0.,0.,1.));
#9982 = ORIENTED_EDGE('',*,*,#9983,.F.);
#9983 = EDGE_CURVE('',#9908,#9976,#9984,.T.);
#9984 = LINE('',#9985,#9986);
#9985 = CARTESIAN_POINT('',(20.774428274428,7.193243243243,26.));
#9986 = VECTOR('',#9987,1.);
#9987 = DIRECTION('',(0.,-1.,0.));
#9988 = ORIENTED_EDGE('',*,*,#9907,.F.);
#9989 = PLANE('',#9990);
#9990 = AXIS2_PLACEMENT_3D('',#9991,#9992,#9993);
#9991 = CARTESIAN_POINT('',(20.774428274428,17.286486486486,25.5));
#9992 = DIRECTION('',(-1.,0.,0.));
#9993 = DIRECTION('',(0.,1.,0.));
#9994 = ADVANCED_FACE('',(#9995),#10047,.T.);
#9995 = FACE_BOUND('',#9996,.T.);
#9996 = EDGE_LOOP('',(#9997,#9998,#10006,#10046));
#9997 = ORIENTED_EDGE('',*,*,#9138,.F.);
#9998 = ORIENTED_EDGE('',*,*,#9999,.T.);
#9999 = EDGE_CURVE('',#9139,#10000,#10002,.T.);
#10000 = VERTEX_POINT('',#10001);
#10001 = CARTESIAN_POINT('',(22.404365904366,15.462508662509,26.));
#10002 = LINE('',#10003,#10004);
#10003 = CARTESIAN_POINT('',(22.404365904366,15.462508662509,25.5));
#10004 = VECTOR('',#10005,1.);
#10005 = DIRECTION('',(0.,0.,1.));
#10006 = ORIENTED_EDGE('',*,*,#10007,.F.);
#10007 = EDGE_CURVE('',#9976,#10000,#10008,.T.);
#10008 = B_SPLINE_CURVE_WITH_KNOTS('',6,(#10009,#10010,#10011,#10012,
    #10013,#10014,#10015,#10016,#10017,#10018,#10019,#10020,#10021,
    #10022,#10023,#10024,#10025,#10026,#10027,#10028,#10029,#10030,
    #10031,#10032,#10033,#10034,#10035,#10036,#10037,#10038,#10039,
    #10040,#10041,#10042,#10043,#10044,#10045),.UNSPECIFIED.,.F.,.F.,(7,
    5,5,5,5,5,5,7),(0.,0.276292575663,0.39920277137,0.470776162951,
    0.622674127016,0.78609047758,0.864139573675,1.),.UNSPECIFIED.);
#10009 = CARTESIAN_POINT('',(20.774428274428,17.286486486486,26.));
#10010 = CARTESIAN_POINT('',(20.774428274428,17.157074973732,26.));
#10011 = CARTESIAN_POINT('',(20.781375999095,17.028037342271,26.));
#10012 = CARTESIAN_POINT('',(20.795880756046,16.899823621589,26.));
#10013 = CARTESIAN_POINT('',(20.818620276669,16.773138099248,26.));
#10014 = CARTESIAN_POINT('',(20.850270031345,16.648931111408,26.));
#10015 = CARTESIAN_POINT('',(20.909648431956,16.474736059277,26.));
#10016 = CARTESIAN_POINT('',(20.929797715188,16.421830880664,26.));
#10017 = CARTESIAN_POINT('',(20.951858545181,16.369761160337,26.));
#10018 = CARTESIAN_POINT('',(20.975867422919,16.31864620723,26.));
#10019 = CARTESIAN_POINT('',(21.001847948701,16.268614069891,26.));
#10020 = CARTESIAN_POINT('',(21.046086050283,16.191372626067,26.));
#10021 = CARTESIAN_POINT('',(21.063036845572,16.163358963088,26.));
#10022 = CARTESIAN_POINT('',(21.08065924256,16.135784602136,26.));
#10023 = CARTESIAN_POINT('',(21.098952072193,16.10867641172,26.));
#10024 = CARTESIAN_POINT('',(21.117911788029,16.082061378021,26.));
#10025 = CARTESIAN_POINT('',(21.179172816226,16.000586486349,26.));
#10026 = CARTESIAN_POINT('',(21.223794064607,15.947543915341,26.));
#10027 = CARTESIAN_POINT('',(21.271330682964,15.897106492698,26.));
#10028 = CARTESIAN_POINT('',(21.321672080977,15.849518459898,26.));
#10029 = CARTESIAN_POINT('',(21.374654568583,15.804990711623,26.));
#10030 = CARTESIAN_POINT('',(21.489652941663,15.719259143184,26.));
#10031 = CARTESIAN_POINT('',(21.552060912189,15.678554706245,26.));
#10032 = CARTESIAN_POINT('',(21.616996048232,15.641789148283,26.));
#10033 = CARTESIAN_POINT('',(21.684146185609,15.609076909684,26.));
#10034 = CARTESIAN_POINT('',(21.753178321693,15.580450133363,26.));
#10035 = CARTESIAN_POINT('',(21.857453825775,15.544135597074,26.));
#10036 = CARTESIAN_POINT('',(21.891511996754,15.533320868222,26.));
#10037 = CARTESIAN_POINT('',(21.925887567614,15.523424612668,26.));
#10038 = CARTESIAN_POINT('',(21.9605461833,15.514438979851,26.));
#10039 = CARTESIAN_POINT('',(21.995454838709,15.506353047116,26.));
#10040 = CARTESIAN_POINT('',(22.091727681337,15.486619350227,26.));
#10041 = CARTESIAN_POINT('',(22.153535269179,15.476770128214,26.));
#10042 = CARTESIAN_POINT('',(22.215839966346,15.469532835211,26.));
#10043 = CARTESIAN_POINT('',(22.278494914501,15.464814091681,26.));
#10044 = CARTESIAN_POINT('',(22.341372520549,15.462508662509,26.));
#10045 = CARTESIAN_POINT('',(22.404365904366,15.462508662509,26.));
#10046 = ORIENTED_EDGE('',*,*,#9975,.F.);
#10047 = SURFACE_OF_LINEAR_EXTRUSION('',#10048,#10053);
#10048 = B_SPLINE_CURVE_WITH_KNOTS('',3,(#10049,#10050,#10051,#10052),
  .UNSPECIFIED.,.F.,.F.,(4,4),(0.,1.),.PIECEWISE_BEZIER_KNOTS.);
#10049 = CARTESIAN_POINT('',(22.404365904366,15.462508662509,25.5));
#10050 = CARTESIAN_POINT('',(21.411988911989,15.462508662509,25.5));
#10051 = CARTESIAN_POINT('',(20.774428274428,16.177685377685,25.5));
#10052 = CARTESIAN_POINT('',(20.774428274428,17.286486486486,25.5));
#10053 = VECTOR('',#10054,1.);
#10054 = DIRECTION('',(-0.,-0.,-1.));
#10055 = ADVANCED_FACE('',(#10056),#10108,.T.);
#10056 = FACE_BOUND('',#10057,.T.);
#10057 = EDGE_LOOP('',(#10058,#10059,#10067,#10107));
#10058 = ORIENTED_EDGE('',*,*,#9147,.F.);
#10059 = ORIENTED_EDGE('',*,*,#10060,.T.);
#10060 = EDGE_CURVE('',#9148,#10061,#10063,.T.);
#10061 = VERTEX_POINT('',#10062);
#10062 = CARTESIAN_POINT('',(24.02875952876,17.286486486486,26.));
#10063 = LINE('',#10064,#10065);
#10064 = CARTESIAN_POINT('',(24.02875952876,17.286486486486,25.5));
#10065 = VECTOR('',#10066,1.);
#10066 = DIRECTION('',(0.,0.,1.));
#10067 = ORIENTED_EDGE('',*,*,#10068,.F.);
#10068 = EDGE_CURVE('',#10000,#10061,#10069,.T.);
#10069 = B_SPLINE_CURVE_WITH_KNOTS('',6,(#10070,#10071,#10072,#10073,
    #10074,#10075,#10076,#10077,#10078,#10079,#10080,#10081,#10082,
    #10083,#10084,#10085,#10086,#10087,#10088,#10089,#10090,#10091,
    #10092,#10093,#10094,#10095,#10096,#10097,#10098,#10099,#10100,
    #10101,#10102,#10103,#10104,#10105,#10106),.UNSPECIFIED.,.F.,.F.,(7,
    5,5,5,5,5,5,7),(0.,0.136382368517,0.214178832413,0.376284479711,
    0.528961597104,0.60055651742,0.722641401134,1.),.UNSPECIFIED.);
#10070 = CARTESIAN_POINT('',(22.404365904366,15.462508662509,26.));
#10071 = CARTESIAN_POINT('',(22.467492547269,15.462508662509,26.));
#10072 = CARTESIAN_POINT('',(22.530502267516,15.464831795098,26.));
#10073 = CARTESIAN_POINT('',(22.593286860465,15.469587479887,26.));
#10074 = CARTESIAN_POINT('',(22.655716947178,15.476882603703,26.));
#10075 = CARTESIAN_POINT('',(22.717643470753,15.486812074409,26.));
#10076 = CARTESIAN_POINT('',(22.813841235459,15.506658057836,26.));
#10077 = CARTESIAN_POINT('',(22.848565020392,15.514747667866,26.));
#10078 = CARTESIAN_POINT('',(22.883039068391,15.523732123621,26.));
#10079 = CARTESIAN_POINT('',(22.917230558344,15.533622294676,26.));
#10080 = CARTESIAN_POINT('',(22.951105327101,15.544426001363,26.));
#10081 = CARTESIAN_POINT('',(23.054479288906,15.580573348224,26.));
#10082 = CARTESIAN_POINT('',(23.122810782386,15.608988600215,26.));
#10083 = CARTESIAN_POINT('',(23.189285635749,15.641428473743,26.));
#10084 = CARTESIAN_POINT('',(23.253577428902,15.677862016348,26.));
#10085 = CARTESIAN_POINT('',(23.315380062857,15.718177825251,26.));
#10086 = CARTESIAN_POINT('',(23.430021707137,15.80360201203,26.));
#10087 = CARTESIAN_POINT('',(23.48318332419,15.848302920631,26.));
#10088 = CARTESIAN_POINT('',(23.533672879724,15.896101533663,26.));
#10089 = CARTESIAN_POINT('',(23.581323974598,15.946782591843,26.));
#10090 = CARTESIAN_POINT('',(23.626025190499,16.000096404158,26.));
#10091 = CARTESIAN_POINT('',(23.687259782931,16.081875903812,26.));
#10092 = CARTESIAN_POINT('',(23.706145831448,16.108502628692,26.));
#10093 = CARTESIAN_POINT('',(23.724364129862,16.13562210378,26.));
#10094 = CARTESIAN_POINT('',(23.741911356575,16.163207163866,26.));
#10095 = CARTESIAN_POINT('',(23.758786595786,16.19123078016,26.));
#10096 = CARTESIAN_POINT('',(23.802623940448,16.268154386738,26.));
#10097 = CARTESIAN_POINT('',(23.82830669385,16.31784002802,26.));
#10098 = CARTESIAN_POINT('',(23.852046392448,16.368591039491,26.));
#10099 = CARTESIAN_POINT('',(23.873867536266,16.420281545668,26.));
#10100 = CARTESIAN_POINT('',(23.893807225658,16.472794391189,26.));
#10101 = CARTESIAN_POINT('',(23.953036980565,16.646953029799,26.));
#10102 = CARTESIAN_POINT('',(23.984671987738,16.771547186456,26.));
#10103 = CARTESIAN_POINT('',(24.007373468542,16.898627677855,26.));
#10104 = CARTESIAN_POINT('',(24.021837835732,17.02723746312,26.));
#10105 = CARTESIAN_POINT('',(24.02875952876,17.156671781672,26.));
#10106 = CARTESIAN_POINT('',(24.02875952876,17.286486486486,26.));
#10107 = ORIENTED_EDGE('',*,*,#9999,.F.);
#10108 = SURFACE_OF_LINEAR_EXTRUSION('',#10109,#10114);
#10109 = B_SPLINE_CURVE_WITH_KNOTS('',3,(#10110,#10111,#10112,#10113),
  .UNSPECIFIED.,.F.,.F.,(4,4),(0.,1.),.PIECEWISE_BEZIER_KNOTS.);
#10110 = CARTESIAN_POINT('',(24.02875952876,17.286486486486,25.5));
#10111 = CARTESIAN_POINT('',(24.02875952876,16.172141372141,25.5));
#10112 = CARTESIAN_POINT('',(23.391198891199,15.462508662509,25.5));
#10113 = CARTESIAN_POINT('',(22.404365904366,15.462508662509,25.5));
#10114 = VECTOR('',#10115,1.);
#10115 = DIRECTION('',(-0.,-0.,-1.));
#10116 = ADVANCED_FACE('',(#10117),#10135,.T.);
#10117 = FACE_BOUND('',#10118,.T.);
#10118 = EDGE_LOOP('',(#10119,#10120,#10128,#10134));
#10119 = ORIENTED_EDGE('',*,*,#9156,.F.);
#10120 = ORIENTED_EDGE('',*,*,#10121,.T.);
#10121 = EDGE_CURVE('',#9157,#10122,#10124,.T.);
#10122 = VERTEX_POINT('',#10123);
#10123 = CARTESIAN_POINT('',(24.02875952876,18.151351351351,26.));
#10124 = LINE('',#10125,#10126);
#10125 = CARTESIAN_POINT('',(24.02875952876,18.151351351351,25.5));
#10126 = VECTOR('',#10127,1.);
#10127 = DIRECTION('',(0.,0.,1.));
#10128 = ORIENTED_EDGE('',*,*,#10129,.F.);
#10129 = EDGE_CURVE('',#10061,#10122,#10130,.T.);
#10130 = LINE('',#10131,#10132);
#10131 = CARTESIAN_POINT('',(24.02875952876,7.625675675676,26.));
#10132 = VECTOR('',#10133,1.);
#10133 = DIRECTION('',(0.,1.,0.));
#10134 = ORIENTED_EDGE('',*,*,#10060,.F.);
#10135 = PLANE('',#10136);
#10136 = AXIS2_PLACEMENT_3D('',#10137,#10138,#10139);
#10137 = CARTESIAN_POINT('',(24.02875952876,18.151351351351,25.5));
#10138 = DIRECTION('',(1.,0.,0.));
#10139 = DIRECTION('',(0.,-1.,0.));
#10140 = ADVANCED_FACE('',(#10141),#10186,.T.);
#10141 = FACE_BOUND('',#10142,.T.);
#10142 = EDGE_LOOP('',(#10143,#10144,#10145,#10185));
#10143 = ORIENTED_EDGE('',*,*,#9164,.F.);
#10144 = ORIENTED_EDGE('',*,*,#9957,.T.);
#10145 = ORIENTED_EDGE('',*,*,#10146,.F.);
#10146 = EDGE_CURVE('',#10122,#9916,#10147,.T.);
#10147 = B_SPLINE_CURVE_WITH_KNOTS('',6,(#10148,#10149,#10150,#10151,
    #10152,#10153,#10154,#10155,#10156,#10157,#10158,#10159,#10160,
    #10161,#10162,#10163,#10164,#10165,#10166,#10167,#10168,#10169,
    #10170,#10171,#10172,#10173,#10174,#10175,#10176,#10177,#10178,
    #10179,#10180,#10181,#10182,#10183,#10184),.UNSPECIFIED.,.F.,.F.,(7,
    5,5,5,5,5,5,7),(0.,0.27575196188,0.397804886348,0.469422726035,
    0.622226669229,0.7854793601,0.863397938626,1.),.UNSPECIFIED.);
#10148 = CARTESIAN_POINT('',(24.02875952876,18.151351351351,26.));
#10149 = CARTESIAN_POINT('',(24.02875952876,18.280153095269,26.));
#10150 = CARTESIAN_POINT('',(24.021877122871,18.408579452346,26.));
#10151 = CARTESIAN_POINT('',(24.007504064351,18.536186207025,26.));
#10152 = CARTESIAN_POINT('',(23.984963492058,18.662276289419,26.));
#10153 = CARTESIAN_POINT('',(23.953580170819,18.785907985518,26.));
#10154 = CARTESIAN_POINT('',(23.89477508703,18.959046913492,26.));
#10155 = CARTESIAN_POINT('',(23.874897313198,19.011454367868,26.));
#10156 = CARTESIAN_POINT('',(23.853140493296,19.063042119089,26.));
#10157 = CARTESIAN_POINT('',(23.829468543753,19.113693694805,26.));
#10158 = CARTESIAN_POINT('',(23.803857922576,19.16328410564,26.));
#10159 = CARTESIAN_POINT('',(23.760133833898,19.240081474081,26.));
#10160 = CARTESIAN_POINT('',(23.743295532309,19.268070167802,26.));
#10161 = CARTESIAN_POINT('',(23.725786404105,19.295621806735,26.));
#10162 = CARTESIAN_POINT('',(23.707607499806,19.322709546514,26.));
#10163 = CARTESIAN_POINT('',(23.688762250234,19.349306418052,26.));
#10164 = CARTESIAN_POINT('',(23.627638893575,19.431027332696,26.));
#10165 = CARTESIAN_POINT('',(23.58301039139,19.48431732852,26.));
#10166 = CARTESIAN_POINT('',(23.535436512099,19.534983332742,26.));
#10167 = CARTESIAN_POINT('',(23.485028933461,19.582777252414,26.));
#10168 = CARTESIAN_POINT('',(23.431953643912,19.627485052518,26.));
#10169 = CARTESIAN_POINT('',(23.317128523598,19.713223279426,26.));
#10170 = CARTESIAN_POINT('',(23.255021979303,19.753801909859,26.));
#10171 = CARTESIAN_POINT('',(23.190399057994,19.79046296467,26.));
#10172 = CARTESIAN_POINT('',(23.123570070802,19.823093046874,26.));
#10173 = CARTESIAN_POINT('',(23.054865907866,19.851660283025,26.));
#10174 = CARTESIAN_POINT('',(22.951104084468,19.887911619303,26.));
#10175 = CARTESIAN_POINT('',(22.91722870525,19.898706861566,26.));
#10176 = CARTESIAN_POINT('',(22.883037128473,19.908589822719,26.));
#10177 = CARTESIAN_POINT('',(22.848563418347,19.917568235958,26.));
#10178 = CARTESIAN_POINT('',(22.813840306635,19.925652864306,26.));
#10179 = CARTESIAN_POINT('',(22.717642579846,19.945488226023,26.));
#10180 = CARTESIAN_POINT('',(22.655715887359,19.955413781713,26.));
#10181 = CARTESIAN_POINT('',(22.593285989505,19.962706995901,26.));
#10182 = CARTESIAN_POINT('',(22.530501692902,19.967462059786,26.));
#10183 = CARTESIAN_POINT('',(22.467492255295,19.969785169785,26.));
#10184 = CARTESIAN_POINT('',(22.404365904366,19.969785169785,26.));
#10185 = ORIENTED_EDGE('',*,*,#10121,.F.);
#10186 = SURFACE_OF_LINEAR_EXTRUSION('',#10187,#10192);
#10187 = B_SPLINE_CURVE_WITH_KNOTS('',3,(#10188,#10189,#10190,#10191),
  .UNSPECIFIED.,.F.,.F.,(4,4),(0.,1.),.PIECEWISE_BEZIER_KNOTS.);
#10188 = CARTESIAN_POINT('',(22.404365904366,19.969785169785,25.5));
#10189 = CARTESIAN_POINT('',(23.391198891199,19.969785169785,25.5));
#10190 = CARTESIAN_POINT('',(24.02875952876,19.260152460152,25.5));
#10191 = CARTESIAN_POINT('',(24.02875952876,18.151351351351,25.5));
#10192 = VECTOR('',#10193,1.);
#10193 = DIRECTION('',(-0.,-0.,-1.));
#10194 = ADVANCED_FACE('',(#10195),#10201,.T.);
#10195 = FACE_BOUND('',#10196,.T.);
#10196 = EDGE_LOOP('',(#10197,#10198,#10199,#10200));
#10197 = ORIENTED_EDGE('',*,*,#9298,.T.);
#10198 = ORIENTED_EDGE('',*,*,#9188,.T.);
#10199 = ORIENTED_EDGE('',*,*,#9225,.T.);
#10200 = ORIENTED_EDGE('',*,*,#9249,.T.);
#10201 = PLANE('',#10202);
#10202 = AXIS2_PLACEMENT_3D('',#10203,#10204,#10205);
#10203 = CARTESIAN_POINT('',(-2.9,-2.9,26.));
#10204 = DIRECTION('',(0.,0.,1.));
#10205 = DIRECTION('',(1.,0.,0.));
#10206 = ADVANCED_FACE('',(#10207),#10213,.T.);
#10207 = FACE_BOUND('',#10208,.T.);
#10208 = EDGE_LOOP('',(#10209,#10210,#10211,#10212));
#10209 = ORIENTED_EDGE('',*,*,#9483,.T.);
#10210 = ORIENTED_EDGE('',*,*,#9373,.T.);
#10211 = ORIENTED_EDGE('',*,*,#9410,.T.);
#10212 = ORIENTED_EDGE('',*,*,#9434,.T.);
#10213 = PLANE('',#10214);
#10214 = AXIS2_PLACEMENT_3D('',#10215,#10216,#10217);
#10215 = CARTESIAN_POINT('',(-2.9,-2.9,26.));
#10216 = DIRECTION('',(0.,0.,1.));
#10217 = DIRECTION('',(1.,0.,0.));
#10218 = ADVANCED_FACE('',(#10219),#10224,.T.);
#10219 = FACE_BOUND('',#10220,.T.);
#10220 = EDGE_LOOP('',(#10221,#10222,#10223));
#10221 = ORIENTED_EDGE('',*,*,#9680,.T.);
#10222 = ORIENTED_EDGE('',*,*,#9558,.T.);
#10223 = ORIENTED_EDGE('',*,*,#9626,.T.);
#10224 = PLANE('',#10225);
#10225 = AXIS2_PLACEMENT_3D('',#10226,#10227,#10228);
#10226 = CARTESIAN_POINT('',(-2.9,-2.9,26.));
#10227 = DIRECTION('',(0.,0.,1.));
#10228 = DIRECTION('',(1.,0.,0.));
#10229 = ADVANCED_FACE('',(#10230),#10237,.T.);
#10230 = FACE_BOUND('',#10231,.T.);
#10231 = EDGE_LOOP('',(#10232,#10233,#10234,#10235,#10236));
#10232 = ORIENTED_EDGE('',*,*,#9859,.T.);
#10233 = ORIENTED_EDGE('',*,*,#9704,.T.);
#10234 = ORIENTED_EDGE('',*,*,#9767,.T.);
#10235 = ORIENTED_EDGE('',*,*,#9818,.T.);
#10236 = ORIENTED_EDGE('',*,*,#9842,.T.);
#10237 = PLANE('',#10238);
#10238 = AXIS2_PLACEMENT_3D('',#10239,#10240,#10241);
#10239 = CARTESIAN_POINT('',(-2.9,-2.9,26.));
#10240 = DIRECTION('',(0.,0.,1.));
#10241 = DIRECTION('',(1.,0.,0.));
#10242 = ADVANCED_FACE('',(#10243),#10251,.T.);
#10243 = FACE_BOUND('',#10244,.T.);
#10244 = EDGE_LOOP('',(#10245,#10246,#10247,#10248,#10249,#10250));
#10245 = ORIENTED_EDGE('',*,*,#10146,.T.);
#10246 = ORIENTED_EDGE('',*,*,#9915,.T.);
#10247 = ORIENTED_EDGE('',*,*,#9983,.T.);
#10248 = ORIENTED_EDGE('',*,*,#10007,.T.);
#10249 = ORIENTED_EDGE('',*,*,#10068,.T.);
#10250 = ORIENTED_EDGE('',*,*,#10129,.T.);
#10251 = PLANE('',#10252);
#10252 = AXIS2_PLACEMENT_3D('',#10253,#10254,#10255);
#10253 = CARTESIAN_POINT('',(-2.9,-2.9,26.));
#10254 = DIRECTION('',(0.,0.,1.));
#10255 = DIRECTION('',(1.,0.,0.));
#10256 = ( GEOMETRIC_REPRESENTATION_CONTEXT(3) 
GLOBAL_UNCERTAINTY_ASSIGNED_CONTEXT((#10260)) 
GLOBAL_UNIT_ASSIGNED_CONTEXT((#10257,#10258,#10259)) 
REPRESENTATION_CONTEXT('Context #1',
  '3D Context with UNIT and UNCERTAINTY') );
#10257 = ( LENGTH_UNIT() NAMED_UNIT(*) SI_UNIT(.MILLI.,.METRE.) );
#10258 = ( NAMED_UNIT(*) PLANE_ANGLE_UNIT() SI_UNIT($,.RADIAN.) );
#10259 = ( NAMED_UNIT(*) SI_UNIT($,.STERADIAN.) SOLID_ANGLE_UNIT() );
#10260 = UNCERTAINTY_MEASURE_WITH_UNIT(LENGTH_MEASURE(1.E-07),#10257,
  'distance_accuracy_value','confusion accuracy');
#10261 = PRODUCT_RELATED_PRODUCT_CATEGORY('part',$,(#7));
ENDSEC;
END-ISO-10303-21;
