ISO-10303-21;
HEADER;
FILE_DESCRIPTION(('FreeCAD Model'),'2;1');
FILE_NAME('Open CASCADE Shape Model','2026-09-25T15:20:29',('FreeCAD'),(
    'FreeCAD'),'Open CASCADE STEP processor 7.8','FreeCAD','Unknown');
FILE_SCHEMA(('AUTOMOTIVE_DESIGN { 1 0 10303 214 1 1 1 1 }'));
ENDSEC;
DATA;
#1 = APPLICATION_PROTOCOL_DEFINITION('international standard',
  'automotive_design',2000,#2);
#2 = APPLICATION_CONTEXT(
  'core data for automotive mechanical design processes');
#3 = SHAPE_DEFINITION_REPRESENTATION(#4,#10);
#4 = PRODUCT_DEFINITION_SHAPE('','',#5);
#5 = PRODUCT_DEFINITION('design','',#6,#9);
#6 = PRODUCT_DEFINITION_FORMATION('','',#7);
#7 = PRODUCT('Open CASCADE STEP translator 7.8 18',
  'Open CASCADE STEP translator 7.8 18','',(#8));
#8 = PRODUCT_CONTEXT('',#2,'mechanical');
#9 = PRODUCT_DEFINITION_CONTEXT('part definition',#2,'design');
#10 = ADVANCED_BREP_SHAPE_REPRESENTATION('',(#11,#15),#4119);
#11 = AXIS2_PLACEMENT_3D('',#12,#13,#14);
#12 = CARTESIAN_POINT('',(0.,0.,0.));
#13 = DIRECTION('',(0.,0.,1.));
#14 = DIRECTION('',(1.,0.,-0.));
#15 = MANIFOLD_SOLID_BREP('',#16);
#16 = CLOSED_SHELL('',(#17,#121,#352,#412,#530,#541,#566,#653,#663,#688,
    #775,#785,#810,#908,#919,#936,#1000,#1027,#1073,#1105,#1163,#1188,
    #1262,#1313,#1337,#1362,#1503,#1563,#1583,#1623,#1758,#1789,#1813,
    #1837,#1854,#1878,#1903,#1934,#1958,#1982,#1999,#2023,#2177,#2207,
    #2263,#2286,#2332,#2357,#2453,#2471,#2489,#2562,#2586,#2610,#2645,
    #2669,#2738,#2756,#2817,#2851,#2883,#2962,#2980,#3004,#3039,#3063,
    #3080,#3098,#3110,#3165,#3205,#3225,#3473,#3497,#3685,#3702,#3724,
    #3738,#3758,#3774,#3784,#3794,#3804,#3835,#3869,#3910,#3927,#3944,
    #3961,#3978,#3990,#4007,#4019,#4036,#4053,#4065,#4085,#4110));
#17 = ADVANCED_FACE('',(#18),#116,.F.);
#18 = FACE_BOUND('',#19,.F.);
#19 = EDGE_LOOP('',(#20,#31,#40,#49,#56,#65,#74,#83,#92,#99,#100,#109));
#20 = ORIENTED_EDGE('',*,*,#21,.T.);
#21 = EDGE_CURVE('',#22,#24,#26,.T.);
#22 = VERTEX_POINT('',#23);
#23 = CARTESIAN_POINT('',(64.111590598019,37.103447495858,-2.5));
#24 = VERTEX_POINT('',#25);
#25 = CARTESIAN_POINT('',(62.752444226636,36.771075949603,-2.5));
#26 = CIRCLE('',#27,2.25);
#27 = AXIS2_PLACEMENT_3D('',#28,#29,#30);
#28 = CARTESIAN_POINT('',(63.94,34.86,-2.5));
#29 = DIRECTION('',(0.,0.,1.));
#30 = DIRECTION('',(1.,0.,0.));
#31 = ORIENTED_EDGE('',*,*,#32,.T.);
#32 = EDGE_CURVE('',#24,#33,#35,.T.);
#33 = VERTEX_POINT('',#34);
#34 = CARTESIAN_POINT('',(65.837763328686,33.651284008423,-2.5));
#35 = CIRCLE('',#36,2.25);
#36 = AXIS2_PLACEMENT_3D('',#37,#38,#39);
#37 = CARTESIAN_POINT('',(63.94,34.86,-2.5));
#38 = DIRECTION('',(0.,0.,1.));
#39 = DIRECTION('',(1.,0.,0.));
#40 = ORIENTED_EDGE('',*,*,#41,.T.);
#41 = EDGE_CURVE('',#33,#42,#44,.T.);
#42 = VERTEX_POINT('',#43);
#43 = CARTESIAN_POINT('',(66.19,34.86,-2.5));
#44 = CIRCLE('',#45,2.25);
#45 = AXIS2_PLACEMENT_3D('',#46,#47,#48);
#46 = CARTESIAN_POINT('',(63.94,34.86,-2.5));
#47 = DIRECTION('',(0.,0.,1.));
#48 = DIRECTION('',(1.,0.,0.));
#49 = ORIENTED_EDGE('',*,*,#50,.T.);
#50 = EDGE_CURVE('',#42,#51,#53,.T.);
#51 = VERTEX_POINT('',#52);
#52 = CARTESIAN_POINT('',(66.19,34.86,-0.8));
#53 = B_SPLINE_CURVE_WITH_KNOTS('',1,(#54,#55),.UNSPECIFIED.,.F.,.F.,(2,
    2),(0.,1.7),.PIECEWISE_BEZIER_KNOTS.);
#54 = CARTESIAN_POINT('',(66.19,34.86,-2.5));
#55 = CARTESIAN_POINT('',(66.19,34.86,-0.8));
#56 = ORIENTED_EDGE('',*,*,#57,.F.);
#57 = EDGE_CURVE('',#58,#51,#60,.T.);
#58 = VERTEX_POINT('',#59);
#59 = CARTESIAN_POINT('',(65.837763328686,33.651284008423,-0.8));
#60 = CIRCLE('',#61,2.25);
#61 = AXIS2_PLACEMENT_3D('',#62,#63,#64);
#62 = CARTESIAN_POINT('',(63.94,34.86,-0.8));
#63 = DIRECTION('',(0.,0.,1.));
#64 = DIRECTION('',(1.,0.,0.));
#65 = ORIENTED_EDGE('',*,*,#66,.F.);
#66 = EDGE_CURVE('',#67,#58,#69,.T.);
#67 = VERTEX_POINT('',#68);
#68 = CARTESIAN_POINT('',(62.752444226636,36.771075949603,-0.8));
#69 = CIRCLE('',#70,2.25);
#70 = AXIS2_PLACEMENT_3D('',#71,#72,#73);
#71 = CARTESIAN_POINT('',(63.94,34.86,-0.8));
#72 = DIRECTION('',(0.,0.,1.));
#73 = DIRECTION('',(1.,0.,0.));
#74 = ORIENTED_EDGE('',*,*,#75,.F.);
#75 = EDGE_CURVE('',#76,#67,#78,.T.);
#76 = VERTEX_POINT('',#77);
#77 = CARTESIAN_POINT('',(64.111590598019,37.103447495858,-0.8));
#78 = CIRCLE('',#79,2.25);
#79 = AXIS2_PLACEMENT_3D('',#80,#81,#82);
#80 = CARTESIAN_POINT('',(63.94,34.86,-0.8));
#81 = DIRECTION('',(0.,0.,1.));
#82 = DIRECTION('',(1.,0.,0.));
#83 = ORIENTED_EDGE('',*,*,#84,.F.);
#84 = EDGE_CURVE('',#85,#76,#87,.T.);
#85 = VERTEX_POINT('',#86);
#86 = CARTESIAN_POINT('',(66.185215519076,35.006653581269,-0.8));
#87 = CIRCLE('',#88,2.25);
#88 = AXIS2_PLACEMENT_3D('',#89,#90,#91);
#89 = CARTESIAN_POINT('',(63.94,34.86,-0.8));
#90 = DIRECTION('',(0.,0.,1.));
#91 = DIRECTION('',(1.,0.,0.));
#92 = ORIENTED_EDGE('',*,*,#93,.F.);
#93 = EDGE_CURVE('',#51,#85,#94,.T.);
#94 = CIRCLE('',#95,2.25);
#95 = AXIS2_PLACEMENT_3D('',#96,#97,#98);
#96 = CARTESIAN_POINT('',(63.94,34.86,-0.8));
#97 = DIRECTION('',(0.,0.,1.));
#98 = DIRECTION('',(1.,0.,0.));
#99 = ORIENTED_EDGE('',*,*,#50,.F.);
#100 = ORIENTED_EDGE('',*,*,#101,.T.);
#101 = EDGE_CURVE('',#42,#102,#104,.T.);
#102 = VERTEX_POINT('',#103);
#103 = CARTESIAN_POINT('',(66.185215519076,35.006653581269,-2.5));
#104 = CIRCLE('',#105,2.25);
#105 = AXIS2_PLACEMENT_3D('',#106,#107,#108);
#106 = CARTESIAN_POINT('',(63.94,34.86,-2.5));
#107 = DIRECTION('',(0.,0.,1.));
#108 = DIRECTION('',(1.,0.,0.));
#109 = ORIENTED_EDGE('',*,*,#110,.T.);
#110 = EDGE_CURVE('',#102,#22,#111,.T.);
#111 = CIRCLE('',#112,2.25);
#112 = AXIS2_PLACEMENT_3D('',#113,#114,#115);
#113 = CARTESIAN_POINT('',(63.94,34.86,-2.5));
#114 = DIRECTION('',(0.,0.,1.));
#115 = DIRECTION('',(1.,0.,0.));
#116 = CYLINDRICAL_SURFACE('',#117,2.25);
#117 = AXIS2_PLACEMENT_3D('',#118,#119,#120);
#118 = CARTESIAN_POINT('',(63.94,34.86,-2.5));
#119 = DIRECTION('',(0.,0.,1.));
#120 = DIRECTION('',(1.,0.,0.));
#121 = ADVANCED_FACE('',(#122,#264,#311,#318),#347,.T.);
#122 = FACE_BOUND('',#123,.T.);
#123 = EDGE_LOOP('',(#124,#135,#144,#153,#161,#170,#179,#188,#196,#205,
    #214,#223,#231,#240,#249,#258));
#124 = ORIENTED_EDGE('',*,*,#125,.T.);
#125 = EDGE_CURVE('',#126,#128,#130,.T.);
#126 = VERTEX_POINT('',#127);
#127 = CARTESIAN_POINT('',(68.55,2.1,-2.5));
#128 = VERTEX_POINT('',#129);
#129 = CARTESIAN_POINT('',(68.548246704824,1.981580038157,-2.5));
#130 = CIRCLE('',#131,4.);
#131 = AXIS2_PLACEMENT_3D('',#132,#133,#134);
#132 = CARTESIAN_POINT('',(64.55,2.1,-2.5));
#133 = DIRECTION('',(0.,0.,-1.));
#134 = DIRECTION('',(1.,0.,0.));
#135 = ORIENTED_EDGE('',*,*,#136,.T.);
#136 = EDGE_CURVE('',#128,#137,#139,.T.);
#137 = VERTEX_POINT('',#138);
#138 = CARTESIAN_POINT('',(64.668419961843,-1.898246704824,-2.5));
#139 = CIRCLE('',#140,4.);
#140 = AXIS2_PLACEMENT_3D('',#141,#142,#143);
#141 = CARTESIAN_POINT('',(64.55,2.1,-2.5));
#142 = DIRECTION('',(0.,0.,-1.));
#143 = DIRECTION('',(1.,0.,0.));
#144 = ORIENTED_EDGE('',*,*,#145,.T.);
#145 = EDGE_CURVE('',#137,#146,#148,.T.);
#146 = VERTEX_POINT('',#147);
#147 = CARTESIAN_POINT('',(64.55,-1.9,-2.5));
#148 = CIRCLE('',#149,4.);
#149 = AXIS2_PLACEMENT_3D('',#150,#151,#152);
#150 = CARTESIAN_POINT('',(64.55,2.1,-2.5));
#151 = DIRECTION('',(0.,0.,-1.));
#152 = DIRECTION('',(1.,0.,0.));
#153 = ORIENTED_EDGE('',*,*,#154,.T.);
#154 = EDGE_CURVE('',#146,#155,#157,.T.);
#155 = VERTEX_POINT('',#156);
#156 = CARTESIAN_POINT('',(2.1,-1.9,-2.5));
#157 = LINE('',#158,#159);
#158 = CARTESIAN_POINT('',(64.55,-1.9,-2.5));
#159 = VECTOR('',#160,1.);
#160 = DIRECTION('',(-1.,0.,0.));
#161 = ORIENTED_EDGE('',*,*,#162,.T.);
#162 = EDGE_CURVE('',#155,#163,#165,.T.);
#163 = VERTEX_POINT('',#164);
#164 = CARTESIAN_POINT('',(1.981580038157,-1.898246704824,-2.5));
#165 = CIRCLE('',#166,4.);
#166 = AXIS2_PLACEMENT_3D('',#167,#168,#169);
#167 = CARTESIAN_POINT('',(2.1,2.1,-2.5));
#168 = DIRECTION('',(-0.,0.,-1.));
#169 = DIRECTION('',(-2.7E-16,-1.,0.));
#170 = ORIENTED_EDGE('',*,*,#171,.T.);
#171 = EDGE_CURVE('',#163,#172,#174,.T.);
#172 = VERTEX_POINT('',#173);
#173 = CARTESIAN_POINT('',(-1.898246704824,1.981580038157,-2.5));
#174 = CIRCLE('',#175,4.);
#175 = AXIS2_PLACEMENT_3D('',#176,#177,#178);
#176 = CARTESIAN_POINT('',(2.1,2.1,-2.5));
#177 = DIRECTION('',(-0.,0.,-1.));
#178 = DIRECTION('',(-2.7E-16,-1.,0.));
#179 = ORIENTED_EDGE('',*,*,#180,.T.);
#180 = EDGE_CURVE('',#172,#181,#183,.T.);
#181 = VERTEX_POINT('',#182);
#182 = CARTESIAN_POINT('',(-1.9,2.1,-2.5));
#183 = CIRCLE('',#184,4.);
#184 = AXIS2_PLACEMENT_3D('',#185,#186,#187);
#185 = CARTESIAN_POINT('',(2.1,2.1,-2.5));
#186 = DIRECTION('',(-0.,0.,-1.));
#187 = DIRECTION('',(-2.7E-16,-1.,0.));
#188 = ORIENTED_EDGE('',*,*,#189,.T.);
#189 = EDGE_CURVE('',#181,#190,#192,.T.);
#190 = VERTEX_POINT('',#191);
#191 = CARTESIAN_POINT('',(-1.9,35.45,-2.5));
#192 = LINE('',#193,#194);
#193 = CARTESIAN_POINT('',(-1.9,2.1,-2.5));
#194 = VECTOR('',#195,1.);
#195 = DIRECTION('',(0.,1.,0.));
#196 = ORIENTED_EDGE('',*,*,#197,.T.);
#197 = EDGE_CURVE('',#190,#198,#200,.T.);
#198 = VERTEX_POINT('',#199);
#199 = CARTESIAN_POINT('',(-1.898246704824,35.568419961843,-2.5));
#200 = CIRCLE('',#201,4.);
#201 = AXIS2_PLACEMENT_3D('',#202,#203,#204);
#202 = CARTESIAN_POINT('',(2.1,35.45,-2.5));
#203 = DIRECTION('',(0.,0.,-1.));
#204 = DIRECTION('',(-1.,0.,0.));
#205 = ORIENTED_EDGE('',*,*,#206,.T.);
#206 = EDGE_CURVE('',#198,#207,#209,.T.);
#207 = VERTEX_POINT('',#208);
#208 = CARTESIAN_POINT('',(1.981580038157,39.448246704824,-2.5));
#209 = CIRCLE('',#210,4.);
#210 = AXIS2_PLACEMENT_3D('',#211,#212,#213);
#211 = CARTESIAN_POINT('',(2.1,35.45,-2.5));
#212 = DIRECTION('',(0.,0.,-1.));
#213 = DIRECTION('',(-1.,0.,0.));
#214 = ORIENTED_EDGE('',*,*,#215,.T.);
#215 = EDGE_CURVE('',#207,#216,#218,.T.);
#216 = VERTEX_POINT('',#217);
#217 = CARTESIAN_POINT('',(2.1,39.45,-2.5));
#218 = CIRCLE('',#219,4.);
#219 = AXIS2_PLACEMENT_3D('',#220,#221,#222);
#220 = CARTESIAN_POINT('',(2.1,35.45,-2.5));
#221 = DIRECTION('',(0.,0.,-1.));
#222 = DIRECTION('',(-1.,0.,0.));
#223 = ORIENTED_EDGE('',*,*,#224,.T.);
#224 = EDGE_CURVE('',#216,#225,#227,.T.);
#225 = VERTEX_POINT('',#226);
#226 = CARTESIAN_POINT('',(64.55,39.45,-2.5));
#227 = LINE('',#228,#229);
#228 = CARTESIAN_POINT('',(2.1,39.45,-2.5));
#229 = VECTOR('',#230,1.);
#230 = DIRECTION('',(1.,0.,0.));
#231 = ORIENTED_EDGE('',*,*,#232,.T.);
#232 = EDGE_CURVE('',#225,#233,#235,.T.);
#233 = VERTEX_POINT('',#234);
#234 = CARTESIAN_POINT('',(64.668419961843,39.448246704824,-2.5));
#235 = CIRCLE('',#236,4.);
#236 = AXIS2_PLACEMENT_3D('',#237,#238,#239);
#237 = CARTESIAN_POINT('',(64.55,35.45,-2.5));
#238 = DIRECTION('',(0.,0.,-1.));
#239 = DIRECTION('',(0.,1.,0.));
#240 = ORIENTED_EDGE('',*,*,#241,.T.);
#241 = EDGE_CURVE('',#233,#242,#244,.T.);
#242 = VERTEX_POINT('',#243);
#243 = CARTESIAN_POINT('',(68.548246704824,35.568419961842,-2.5));
#244 = CIRCLE('',#245,4.);
#245 = AXIS2_PLACEMENT_3D('',#246,#247,#248);
#246 = CARTESIAN_POINT('',(64.55,35.45,-2.5));
#247 = DIRECTION('',(0.,0.,-1.));
#248 = DIRECTION('',(0.,1.,0.));
#249 = ORIENTED_EDGE('',*,*,#250,.T.);
#250 = EDGE_CURVE('',#242,#251,#253,.T.);
#251 = VERTEX_POINT('',#252);
#252 = CARTESIAN_POINT('',(68.55,35.45,-2.5));
#253 = CIRCLE('',#254,4.);
#254 = AXIS2_PLACEMENT_3D('',#255,#256,#257);
#255 = CARTESIAN_POINT('',(64.55,35.45,-2.5));
#256 = DIRECTION('',(0.,0.,-1.));
#257 = DIRECTION('',(0.,1.,0.));
#258 = ORIENTED_EDGE('',*,*,#259,.T.);
#259 = EDGE_CURVE('',#251,#126,#260,.T.);
#260 = LINE('',#261,#262);
#261 = CARTESIAN_POINT('',(68.55,35.45,-2.5));
#262 = VECTOR('',#263,1.);
#263 = DIRECTION('',(0.,-1.,0.));
#264 = FACE_BOUND('',#265,.T.);
#265 = EDGE_LOOP('',(#266,#277,#286,#295,#304));
#266 = ORIENTED_EDGE('',*,*,#267,.T.);
#267 = EDGE_CURVE('',#268,#270,#272,.T.);
#268 = VERTEX_POINT('',#269);
#269 = CARTESIAN_POINT('',(66.24,2.7,-2.5));
#270 = VERTEX_POINT('',#271);
#271 = CARTESIAN_POINT('',(65.895508220054,3.896469148497,-2.5));
#272 = CIRCLE('',#273,2.25);
#273 = AXIS2_PLACEMENT_3D('',#274,#275,#276);
#274 = CARTESIAN_POINT('',(63.99,2.7,-2.5));
#275 = DIRECTION('',(0.,0.,1.));
#276 = DIRECTION('',(1.,0.,0.));
#277 = ORIENTED_EDGE('',*,*,#278,.T.);
#278 = EDGE_CURVE('',#270,#279,#281,.T.);
#279 = VERTEX_POINT('',#280);
#280 = CARTESIAN_POINT('',(62.751017909711,0.821856400606,-2.5));
#281 = CIRCLE('',#282,2.25);
#282 = AXIS2_PLACEMENT_3D('',#283,#284,#285);
#283 = CARTESIAN_POINT('',(63.99,2.7,-2.5));
#284 = DIRECTION('',(0.,0.,1.));
#285 = DIRECTION('',(1.,0.,0.));
#286 = ORIENTED_EDGE('',*,*,#287,.T.);
#287 = EDGE_CURVE('',#279,#288,#290,.T.);
#288 = VERTEX_POINT('',#289);
#289 = CARTESIAN_POINT('',(64.10976808396,0.453189904317,-2.5));
#290 = CIRCLE('',#291,2.25);
#291 = AXIS2_PLACEMENT_3D('',#292,#293,#294);
#292 = CARTESIAN_POINT('',(63.99,2.7,-2.5));
#293 = DIRECTION('',(0.,0.,1.));
#294 = DIRECTION('',(1.,0.,0.));
#295 = ORIENTED_EDGE('',*,*,#296,.T.);
#296 = EDGE_CURVE('',#288,#297,#299,.T.);
#297 = VERTEX_POINT('',#298);
#298 = CARTESIAN_POINT('',(66.23355178476,2.529778411765,-2.5));
#299 = CIRCLE('',#300,2.25);
#300 = AXIS2_PLACEMENT_3D('',#301,#302,#303);
#301 = CARTESIAN_POINT('',(63.99,2.7,-2.5));
#302 = DIRECTION('',(0.,0.,1.));
#303 = DIRECTION('',(1.,0.,0.));
#304 = ORIENTED_EDGE('',*,*,#305,.T.);
#305 = EDGE_CURVE('',#297,#268,#306,.T.);
#306 = CIRCLE('',#307,2.25);
#307 = AXIS2_PLACEMENT_3D('',#308,#309,#310);
#308 = CARTESIAN_POINT('',(63.99,2.7,-2.5));
#309 = DIRECTION('',(0.,0.,1.));
#310 = DIRECTION('',(1.,0.,0.));
#311 = FACE_BOUND('',#312,.T.);
#312 = EDGE_LOOP('',(#313,#314,#315,#316,#317));
#313 = ORIENTED_EDGE('',*,*,#21,.T.);
#314 = ORIENTED_EDGE('',*,*,#32,.T.);
#315 = ORIENTED_EDGE('',*,*,#41,.T.);
#316 = ORIENTED_EDGE('',*,*,#101,.T.);
#317 = ORIENTED_EDGE('',*,*,#110,.T.);
#318 = FACE_BOUND('',#319,.T.);
#319 = EDGE_LOOP('',(#320,#331,#340));
#320 = ORIENTED_EDGE('',*,*,#321,.T.);
#321 = EDGE_CURVE('',#322,#324,#326,.T.);
#322 = VERTEX_POINT('',#323);
#323 = CARTESIAN_POINT('',(19.52,34.97,-2.5));
#324 = VERTEX_POINT('',#325);
#325 = CARTESIAN_POINT('',(16.97,37.199910312098,-2.5));
#326 = CIRCLE('',#327,2.25);
#327 = AXIS2_PLACEMENT_3D('',#328,#329,#330);
#328 = CARTESIAN_POINT('',(17.27,34.97,-2.5));
#329 = DIRECTION('',(0.,0.,1.));
#330 = DIRECTION('',(1.,0.,0.));
#331 = ORIENTED_EDGE('',*,*,#332,.T.);
#332 = EDGE_CURVE('',#324,#333,#335,.T.);
#333 = VERTEX_POINT('',#334);
#334 = CARTESIAN_POINT('',(16.97,32.740089687902,-2.5));
#335 = CIRCLE('',#336,2.25);
#336 = AXIS2_PLACEMENT_3D('',#337,#338,#339);
#337 = CARTESIAN_POINT('',(17.27,34.97,-2.5));
#338 = DIRECTION('',(0.,0.,1.));
#339 = DIRECTION('',(1.,0.,0.));
#340 = ORIENTED_EDGE('',*,*,#341,.T.);
#341 = EDGE_CURVE('',#333,#322,#342,.T.);
#342 = CIRCLE('',#343,2.25);
#343 = AXIS2_PLACEMENT_3D('',#344,#345,#346);
#344 = CARTESIAN_POINT('',(17.27,34.97,-2.5));
#345 = DIRECTION('',(0.,0.,1.));
#346 = DIRECTION('',(1.,0.,0.));
#347 = PLANE('',#348);
#348 = AXIS2_PLACEMENT_3D('',#349,#350,#351);
#349 = CARTESIAN_POINT('',(33.325,18.775,-2.5));
#350 = DIRECTION('',(-0.,-0.,-1.));
#351 = DIRECTION('',(-1.,0.,0.));
#352 = ADVANCED_FACE('',(#353,#360),#407,.T.);
#353 = FACE_BOUND('',#354,.T.);
#354 = EDGE_LOOP('',(#355,#356,#357,#358,#359));
#355 = ORIENTED_EDGE('',*,*,#93,.F.);
#356 = ORIENTED_EDGE('',*,*,#57,.F.);
#357 = ORIENTED_EDGE('',*,*,#66,.F.);
#358 = ORIENTED_EDGE('',*,*,#75,.F.);
#359 = ORIENTED_EDGE('',*,*,#84,.F.);
#360 = FACE_BOUND('',#361,.T.);
#361 = EDGE_LOOP('',(#362,#373,#382,#391,#400));
#362 = ORIENTED_EDGE('',*,*,#363,.T.);
#363 = EDGE_CURVE('',#364,#366,#368,.T.);
#364 = VERTEX_POINT('',#365);
#365 = CARTESIAN_POINT('',(64.564343929716,33.894238819673,-0.8));
#366 = VERTEX_POINT('',#367);
#367 = CARTESIAN_POINT('',(65.09,34.86,-0.8));
#368 = CIRCLE('',#369,1.15);
#369 = AXIS2_PLACEMENT_3D('',#370,#371,#372);
#370 = CARTESIAN_POINT('',(63.94,34.86,-0.8));
#371 = DIRECTION('',(0.,0.,1.));
#372 = DIRECTION('',(1.,0.,0.));
#373 = ORIENTED_EDGE('',*,*,#374,.T.);
#374 = EDGE_CURVE('',#366,#375,#377,.T.);
#375 = VERTEX_POINT('',#376);
#376 = CARTESIAN_POINT('',(65.066009512311,35.093671945652,-0.8));
#377 = CIRCLE('',#378,1.15);
#378 = AXIS2_PLACEMENT_3D('',#379,#380,#381);
#379 = CARTESIAN_POINT('',(63.94,34.86,-0.8));
#380 = DIRECTION('',(0.,0.,1.));
#381 = DIRECTION('',(1.,0.,0.));
#382 = ORIENTED_EDGE('',*,*,#383,.T.);
#383 = EDGE_CURVE('',#375,#384,#386,.T.);
#384 = VERTEX_POINT('',#385);
#385 = CARTESIAN_POINT('',(64.18616835257,35.983343732877,-0.8));
#386 = CIRCLE('',#387,1.15);
#387 = AXIS2_PLACEMENT_3D('',#388,#389,#390);
#388 = CARTESIAN_POINT('',(63.94,34.86,-0.8));
#389 = DIRECTION('',(0.,0.,1.));
#390 = DIRECTION('',(1.,0.,0.));
#391 = ORIENTED_EDGE('',*,*,#392,.T.);
#392 = EDGE_CURVE('',#384,#393,#395,.T.);
#393 = VERTEX_POINT('',#394);
#394 = CARTESIAN_POINT('',(62.981235373392,35.495035739754,-0.8));
#395 = CIRCLE('',#396,1.15);
#396 = AXIS2_PLACEMENT_3D('',#397,#398,#399);
#397 = CARTESIAN_POINT('',(63.94,34.86,-0.8));
#398 = DIRECTION('',(0.,0.,1.));
#399 = DIRECTION('',(1.,0.,0.));
#400 = ORIENTED_EDGE('',*,*,#401,.T.);
#401 = EDGE_CURVE('',#393,#364,#402,.T.);
#402 = CIRCLE('',#403,1.15);
#403 = AXIS2_PLACEMENT_3D('',#404,#405,#406);
#404 = CARTESIAN_POINT('',(63.94,34.86,-0.8));
#405 = DIRECTION('',(0.,0.,1.));
#406 = DIRECTION('',(1.,0.,0.));
#407 = PLANE('',#408);
#408 = AXIS2_PLACEMENT_3D('',#409,#410,#411);
#409 = CARTESIAN_POINT('',(64.019076411439,34.937798387714,-0.8));
#410 = DIRECTION('',(-0.,-0.,-1.));
#411 = DIRECTION('',(-1.,0.,0.));
#412 = ADVANCED_FACE('',(#413),#525,.T.);
#413 = FACE_BOUND('',#414,.T.);
#414 = EDGE_LOOP('',(#415,#427,#428,#437,#446,#453,#454));
#415 = ORIENTED_EDGE('',*,*,#416,.T.);
#416 = EDGE_CURVE('',#417,#128,#419,.T.);
#417 = VERTEX_POINT('',#418);
#418 = CARTESIAN_POINT('',(68.75,0.9,-2.429799692701));
#419 = B_SPLINE_CURVE_WITH_KNOTS('',6,(#420,#421,#422,#423,#424,#425,
    #426),.UNSPECIFIED.,.F.,.F.,(7,7),(0.,1.),.PIECEWISE_BEZIER_KNOTS.);
#420 = CARTESIAN_POINT('',(68.75,0.9,-2.429799692701));
#421 = CARTESIAN_POINT('',(68.75,1.085708395424,-2.449995435131));
#422 = CARTESIAN_POINT('',(68.736205190043,1.270925191969,
    -2.468035368139));
#423 = CARTESIAN_POINT('',(68.708750919953,1.454492952076,
    -2.483001362548));
#424 = CARTESIAN_POINT('',(68.667876434213,1.635094424267,-2.49397909939
    ));
#425 = CARTESIAN_POINT('',(68.614067719406,1.811288954128,-2.5));
#426 = CARTESIAN_POINT('',(68.548246704824,1.981580038157,-2.5));
#427 = ORIENTED_EDGE('',*,*,#125,.F.);
#428 = ORIENTED_EDGE('',*,*,#429,.F.);
#429 = EDGE_CURVE('',#430,#126,#432,.T.);
#430 = VERTEX_POINT('',#431);
#431 = CARTESIAN_POINT('',(69.55,2.1,-1.5));
#432 = CIRCLE('',#433,1.);
#433 = AXIS2_PLACEMENT_3D('',#434,#435,#436);
#434 = CARTESIAN_POINT('',(68.55,2.1,-1.5));
#435 = DIRECTION('',(-0.,1.,0.));
#436 = DIRECTION('',(1.,0.,0.));
#437 = ORIENTED_EDGE('',*,*,#438,.T.);
#438 = EDGE_CURVE('',#430,#439,#441,.T.);
#439 = VERTEX_POINT('',#440);
#440 = CARTESIAN_POINT('',(64.55,-2.9,-1.5));
#441 = CIRCLE('',#442,5.);
#442 = AXIS2_PLACEMENT_3D('',#443,#444,#445);
#443 = CARTESIAN_POINT('',(64.55,2.1,-1.5));
#444 = DIRECTION('',(0.,0.,-1.));
#445 = DIRECTION('',(1.,0.,0.));
#446 = ORIENTED_EDGE('',*,*,#447,.T.);
#447 = EDGE_CURVE('',#439,#146,#448,.T.);
#448 = CIRCLE('',#449,1.);
#449 = AXIS2_PLACEMENT_3D('',#450,#451,#452);
#450 = CARTESIAN_POINT('',(64.55,-1.9,-1.5));
#451 = DIRECTION('',(1.,6.E-17,0.));
#452 = DIRECTION('',(6.E-17,-1.,0.));
#453 = ORIENTED_EDGE('',*,*,#145,.F.);
#454 = ORIENTED_EDGE('',*,*,#455,.T.);
#455 = EDGE_CURVE('',#137,#417,#456,.T.);
#456 = B_SPLINE_CURVE_WITH_KNOTS('',7,(#457,#458,#459,#460,#461,#462,
    #463,#464,#465,#466,#467,#468,#469,#470,#471,#472,#473,#474,#475,
    #476,#477,#478,#479,#480,#481,#482,#483,#484,#485,#486,#487,#488,
    #489,#490,#491,#492,#493,#494,#495,#496,#497,#498,#499,#500,#501,
    #502,#503,#504,#505,#506,#507,#508,#509,#510,#511,#512,#513,#514,
    #515,#516,#517,#518,#519,#520,#521,#522,#523,#524),.UNSPECIFIED.,.F.
  ,.F.,(8,6,6,6,6,6,6,6,6,6,6,8),(0.,7.379525249127E-02,0.236184354523,
    0.38587444451,0.445885398109,0.499331551254,0.596837977751,
    0.748378137802,0.958120710171,0.979621068075,0.990182248904,1.),
  .UNSPECIFIED.);
#457 = CARTESIAN_POINT('',(64.668419961843,-1.898246704824,-2.5));
#458 = CARTESIAN_POINT('',(64.723689653093,-1.919609579894,-2.5));
#459 = CARTESIAN_POINT('',(64.779566720739,-1.939743335135,
    -2.499383380325));
#460 = CARTESIAN_POINT('',(64.83600347225,-1.958618576178,
    -2.498183043214));
#461 = CARTESIAN_POINT('',(64.892952963402,-1.976210096754,
    -2.496431145622));
#462 = CARTESIAN_POINT('',(64.950369202555,-1.992496380778,
    -2.494159150112));
#463 = CARTESIAN_POINT('',(65.008207354924,-2.007459104435,
    -2.491397875745));
#464 = CARTESIAN_POINT('',(65.194531647124,-2.051061713481,
    -2.481091104297));
#465 = CARTESIAN_POINT('',(65.324463645029,-2.074553976368,
    -2.471782252961));
#466 = CARTESIAN_POINT('',(65.455766439831,-2.091397195446,
    -2.460573005137));
#467 = CARTESIAN_POINT('',(65.588002818074,-2.101484917328,
    -2.447771673624));
#468 = CARTESIAN_POINT('',(65.720755252561,-2.104751961876,
    -2.433679978863));
#469 = CARTESIAN_POINT('',(65.853629301322,-2.101159917356,
    -2.418600153951));
#470 = CARTESIAN_POINT('',(66.108513074822,-2.081024689151,
    -2.38831624701));
#471 = CARTESIAN_POINT('',(66.230547703427,-2.065517216179,
    -2.373215465252));
#472 = CARTESIAN_POINT('',(66.35207791043,-2.044141132218,
    -2.357782146605));
#473 = CARTESIAN_POINT('',(66.47281301529,-2.016886727489,
    -2.342266002642));
#474 = CARTESIAN_POINT('',(66.592456658557,-1.983754433315,
    -2.326931883193));
#475 = CARTESIAN_POINT('',(66.71070656866,-1.944755945808,
    -2.312060028146));
#476 = CARTESIAN_POINT('',(66.873975322663,-1.881939196096,
    -2.292277444054));
#477 = CARTESIAN_POINT('',(66.920423128395,-1.863024465066,
    -2.286736884459));
#478 = CARTESIAN_POINT('',(66.966574556793,-1.843173350456,
    -2.281335910638));
#479 = CARTESIAN_POINT('',(67.012407865139,-1.822388652763,
    -2.276093377152));
#480 = CARTESIAN_POINT('',(67.057900504227,-1.800674136221,
    -2.271028105871));
#481 = CARTESIAN_POINT('',(67.103029118362,-1.778034528803,
    -2.266158885981));
#482 = CARTESIAN_POINT('',(67.187615666275,-1.733493714759,
    -2.257359223787));
#483 = CARTESIAN_POINT('',(67.227153872427,-1.711782826736,
    -2.253384162424));
#484 = CARTESIAN_POINT('',(67.266366897907,-1.689346960342,
    -2.249592602628));
#485 = CARTESIAN_POINT('',(67.305236974252,-1.666191281194,
    -2.245997299548));
#486 = CARTESIAN_POINT('',(67.343745830441,-1.642322018333,
    -2.242610450744));
#487 = CARTESIAN_POINT('',(67.381874692897,-1.617746464223,
    -2.239443696188));
#488 = CARTESIAN_POINT('',(67.488437635139,-1.546364368272,
    -2.231152490274));
#489 = CARTESIAN_POINT('',(67.555945396948,-1.497930766303,
    -2.226565565164));
#490 = CARTESIAN_POINT('',(67.622005741874,-1.44722712376,
    -2.222813963441));
#491 = CARTESIAN_POINT('',(67.686497502032,-1.394320008732,
    -2.219952785803));
#492 = CARTESIAN_POINT('',(67.749301357644,-1.339289353742,
    -2.21802212996));
#493 = CARTESIAN_POINT('',(67.810301023993,-1.282230206998,
    -2.217043607473));
#494 = CARTESIAN_POINT('',(67.961209258491,-1.13159703218,
    -2.216975291753));
#495 = CARTESIAN_POINT('',(68.048423423787,-1.035292572256,
    -2.21923263375));
#496 = CARTESIAN_POINT('',(68.130590037375,-0.93477257259,
    -2.223793397074));
#497 = CARTESIAN_POINT('',(68.207389146595,-0.830485772114,
    -2.230533447901));
#498 = CARTESIAN_POINT('',(68.278588761974,-0.722880708012,
    -2.239228879899));
#499 = CARTESIAN_POINT('',(68.344024325024,-0.612395705824,
    -2.249594096183));
#500 = CARTESIAN_POINT('',(68.486025167861,-0.343140046491,
    -2.277571199826));
#501 = CARTESIAN_POINT('',(68.557208899361,-0.182128654537,
    -2.296435994509));
#502 = CARTESIAN_POINT('',(68.616940296119,-1.737956648327E-02,
    -2.317140433149));
#503 = CARTESIAN_POINT('',(68.66514160669,0.15022080434,-2.338842622185)
  );
#504 = CARTESIAN_POINT('',(68.701786176782,0.319826950437,
    -2.360782503604));
#505 = CARTESIAN_POINT('',(68.72690199094,0.490639199532,-2.382263969786
    ));
#506 = CARTESIAN_POINT('',(68.741935537399,0.679473464089,-2.40471210527
    ));
#507 = CARTESIAN_POINT('',(68.743212652823,0.69703524553,-2.406787449862
    ));
#508 = CARTESIAN_POINT('',(68.74436916046,0.714600618102,-2.408850249053
    ));
#509 = CARTESIAN_POINT('',(68.745405122044,0.73216869952,-2.410899783674
    ));
#510 = CARTESIAN_POINT('',(68.74632060474,0.74973860353,-2.41293533694)
  );
#511 = CARTESIAN_POINT('',(68.747115681148,0.767309439915,
    -2.414956194448));
#512 = CARTESIAN_POINT('',(68.748121872028,0.793511295632,
    -2.417946740201));
#513 = CARTESIAN_POINT('',(68.748423336827,0.80211768909,-2.418925311109
    ));
#514 = CARTESIAN_POINT('',(68.748695142679,0.81069970935,-2.419897347253
    ));
#515 = CARTESIAN_POINT('',(68.748937601183,0.819257563606,
    -2.420862839078));
#516 = CARTESIAN_POINT('',(68.749151016555,0.82779145176,-2.421821777126
    ));
#517 = CARTESIAN_POINT('',(68.74933568563,0.83630156642,-2.422774152028)
  );
#518 = CARTESIAN_POINT('',(68.74963711389,0.85267723011,-2.424599179423)
  );
#519 = CARTESIAN_POINT('',(68.749758105742,0.860565823742,
    -2.425474936474));
#520 = CARTESIAN_POINT('',(68.749854881675,0.868454466387,
    -2.426347232445));
#521 = CARTESIAN_POINT('',(68.749927450295,0.876341221174,
    -2.427215808144));
#522 = CARTESIAN_POINT('',(68.74997581992,0.884228948924,-2.428080908236
    ));
#523 = CARTESIAN_POINT('',(68.750000000193,0.892114698155,
    -2.428942168664));
#524 = CARTESIAN_POINT('',(68.75,0.9,-2.429799692701));
#525 = TOROIDAL_SURFACE('',#526,4.,1.);
#526 = AXIS2_PLACEMENT_3D('',#527,#528,#529);
#527 = CARTESIAN_POINT('',(64.55,2.1,-1.5));
#528 = DIRECTION('',(-0.,-0.,-1.));
#529 = DIRECTION('',(1.,0.,0.));
#530 = ADVANCED_FACE('',(#531),#536,.T.);
#531 = FACE_BOUND('',#532,.T.);
#532 = EDGE_LOOP('',(#533,#534,#535));
#533 = ORIENTED_EDGE('',*,*,#455,.F.);
#534 = ORIENTED_EDGE('',*,*,#136,.F.);
#535 = ORIENTED_EDGE('',*,*,#416,.F.);
#536 = TOROIDAL_SURFACE('',#537,4.,1.);
#537 = AXIS2_PLACEMENT_3D('',#538,#539,#540);
#538 = CARTESIAN_POINT('',(64.55,2.1,-1.5));
#539 = DIRECTION('',(-0.,-0.,-1.));
#540 = DIRECTION('',(1.,0.,0.));
#541 = ADVANCED_FACE('',(#542),#561,.T.);
#542 = FACE_BOUND('',#543,.T.);
#543 = EDGE_LOOP('',(#544,#552,#559,#560));
#544 = ORIENTED_EDGE('',*,*,#545,.T.);
#545 = EDGE_CURVE('',#439,#546,#548,.T.);
#546 = VERTEX_POINT('',#547);
#547 = CARTESIAN_POINT('',(2.1,-2.9,-1.5));
#548 = LINE('',#549,#550);
#549 = CARTESIAN_POINT('',(64.55,-2.9,-1.5));
#550 = VECTOR('',#551,1.);
#551 = DIRECTION('',(-1.,0.,0.));
#552 = ORIENTED_EDGE('',*,*,#553,.T.);
#553 = EDGE_CURVE('',#546,#155,#554,.T.);
#554 = CIRCLE('',#555,1.);
#555 = AXIS2_PLACEMENT_3D('',#556,#557,#558);
#556 = CARTESIAN_POINT('',(2.1,-1.9,-1.5));
#557 = DIRECTION('',(1.,0.,0.));
#558 = DIRECTION('',(0.,-1.,0.));
#559 = ORIENTED_EDGE('',*,*,#154,.F.);
#560 = ORIENTED_EDGE('',*,*,#447,.F.);
#561 = CYLINDRICAL_SURFACE('',#562,1.);
#562 = AXIS2_PLACEMENT_3D('',#563,#564,#565);
#563 = CARTESIAN_POINT('',(64.55,-1.9,-1.5));
#564 = DIRECTION('',(-1.,0.,0.));
#565 = DIRECTION('',(0.,-1.,0.));
#566 = ADVANCED_FACE('',(#567),#648,.T.);
#567 = FACE_BOUND('',#568,.T.);
#568 = EDGE_LOOP('',(#569,#570,#579,#586,#587,#647));
#569 = ORIENTED_EDGE('',*,*,#553,.F.);
#570 = ORIENTED_EDGE('',*,*,#571,.T.);
#571 = EDGE_CURVE('',#546,#572,#574,.T.);
#572 = VERTEX_POINT('',#573);
#573 = CARTESIAN_POINT('',(-2.9,2.1,-1.5));
#574 = CIRCLE('',#575,5.);
#575 = AXIS2_PLACEMENT_3D('',#576,#577,#578);
#576 = CARTESIAN_POINT('',(2.1,2.1,-1.5));
#577 = DIRECTION('',(-0.,0.,-1.));
#578 = DIRECTION('',(-2.7E-16,-1.,0.));
#579 = ORIENTED_EDGE('',*,*,#580,.T.);
#580 = EDGE_CURVE('',#572,#181,#581,.T.);
#581 = CIRCLE('',#582,1.);
#582 = AXIS2_PLACEMENT_3D('',#583,#584,#585);
#583 = CARTESIAN_POINT('',(-1.9,2.1,-1.5));
#584 = DIRECTION('',(-0.,-1.,-0.));
#585 = DIRECTION('',(-1.,0.,0.));
#586 = ORIENTED_EDGE('',*,*,#180,.F.);
#587 = ORIENTED_EDGE('',*,*,#588,.T.);
#588 = EDGE_CURVE('',#172,#163,#589,.T.);
#589 = B_SPLINE_CURVE_WITH_KNOTS('',6,(#590,#591,#592,#593,#594,#595,
    #596,#597,#598,#599,#600,#601,#602,#603,#604,#605,#606,#607,#608,
    #609,#610,#611,#612,#613,#614,#615,#616,#617,#618,#619,#620,#621,
    #622,#623,#624,#625,#626,#627,#628,#629,#630,#631,#632,#633,#634,
    #635,#636,#637,#638,#639,#640,#641,#642,#643,#644,#645,#646),
  .UNSPECIFIED.,.F.,.F.,(7,5,5,5,5,5,5,5,5,5,5,7),(0.,6.177311206785E-02
    ,0.197707062556,0.323010823869,0.373245266287,0.417984393756,
    0.4996058424,0.626458274959,0.676589057198,0.802011747125,
    0.938717639441,1.),.UNSPECIFIED.);
#590 = CARTESIAN_POINT('',(-1.898246704824,1.981580038157,-2.5));
#591 = CARTESIAN_POINT('',(-1.923170059073,1.9170987317,-2.5));
#592 = CARTESIAN_POINT('',(-1.94637264556,1.851767098285,-2.499136732455
    ));
#593 = CARTESIAN_POINT('',(-1.967803024142,1.785668599848,
    -2.497467776283));
#594 = CARTESIAN_POINT('',(-1.987419526904,1.718884952264,
    -2.495048971407));
#595 = CARTESIAN_POINT('',(-2.005188515463,1.651495410398,
    -2.491934596874));
#596 = CARTESIAN_POINT('',(-2.056058226017,1.434117069498,
    -2.479910030186));
#597 = CARTESIAN_POINT('',(-2.081952276509,1.282104069161,
    -2.468531142071));
#598 = CARTESIAN_POINT('',(-2.098480884649,1.128330678426,
    -2.454604402436));
#599 = CARTESIAN_POINT('',(-2.105490294233,0.973552519926,
    -2.438661368542));
#600 = CARTESIAN_POINT('',(-2.102906130984,0.818475316224,
    -2.421226504665));
#601 = CARTESIAN_POINT('',(-2.079415031411,0.521110913807,
    -2.385895279901));
#602 = CARTESIAN_POINT('',(-2.059958090086,0.37878884968,-2.368143539392
    ));
#603 = CARTESIAN_POINT('',(-2.032278413818,0.237272019487,
    -2.350011102014));
#604 = CARTESIAN_POINT('',(-1.99636447905,9.707360500705E-02,
    -2.33193920348));
#605 = CARTESIAN_POINT('',(-1.952229318978,-4.12823174648E-02,
    -2.314413582474));
#606 = CARTESIAN_POINT('',(-1.878943110981,-0.231762530469,
    -2.291333901033));
#607 = CARTESIAN_POINT('',(-1.8566570067,-0.285887367565,-2.284898077829
    ));
#608 = CARTESIAN_POINT('',(-1.833060608273,-0.339589948714,
    -2.278664285245));
#609 = CARTESIAN_POINT('',(-1.80815937875,-0.392831753706,
    -2.272665499694));
#610 = CARTESIAN_POINT('',(-1.781961029901,-0.445572380529,
    -2.266934621315));
#611 = CARTESIAN_POINT('',(-1.729996746849,-0.544256686427,
    -2.256668348755));
#612 = CARTESIAN_POINT('',(-1.704497258691,-0.590312746826,
    -2.252070487891));
#613 = CARTESIAN_POINT('',(-1.677984236581,-0.635907511217,
    -2.24773418868));
#614 = CARTESIAN_POINT('',(-1.650467340679,-0.681009591631,
    -2.243681447372));
#615 = CARTESIAN_POINT('',(-1.621958712469,-0.725586427465,
    -2.239932959176));
#616 = CARTESIAN_POINT('',(-1.538679600525,-0.84990986008,
    -2.230259885609));
#617 = CARTESIAN_POINT('',(-1.481631232615,-0.928359611694,
    -2.225087836985));
#618 = CARTESIAN_POINT('',(-1.421424042119,-1.004740339509,
    -2.221108558283));
#619 = CARTESIAN_POINT('',(-1.358181297549,-1.078840385396,
    -2.218411755828));
#620 = CARTESIAN_POINT('',(-1.292059494223,-1.150453788261,
    -2.217048065288));
#621 = CARTESIAN_POINT('',(-1.116320790266,-1.326513395178,
    -2.216968363615));
#622 = CARTESIAN_POINT('',(-1.002881285045,-1.427187435237,
    -2.220138341805));
#623 = CARTESIAN_POINT('',(-0.883691038237,-1.520641988988,
    -2.226534688526));
#624 = CARTESIAN_POINT('',(-0.759545417261,-1.606385356755,
    -2.235865127069));
#625 = CARTESIAN_POINT('',(-0.631218934842,-1.684097275053,
    -2.247638261976));
#626 = CARTESIAN_POINT('',(-0.447385100195,-1.781048104336,
    -2.266739580989));
#627 = CARTESIAN_POINT('',(-0.394771807874,-1.807228136267,
    -2.272450204182));
#628 = CARTESIAN_POINT('',(-0.341658505376,-1.832116771621,
    -2.278428371391));
#629 = CARTESIAN_POINT('',(-0.288085373819,-1.855706301444,
    -2.284641398182));
#630 = CARTESIAN_POINT('',(-0.234090724709,-1.877991256919,
    -2.291056515325));
#631 = CARTESIAN_POINT('',(-4.365783950332E-02,-1.951451350366,
    -2.314114326523));
#632 = CARTESIAN_POINT('',(9.479253238034E-02,-1.995742094046,
    -2.331646494443));
#633 = CARTESIAN_POINT('',(0.235094530798,-2.031797290815,
    -2.349731399373));
#634 = CARTESIAN_POINT('',(0.376722473548,-2.059603695804,
    -2.367881653668));
#635 = CARTESIAN_POINT('',(0.519161792512,-2.079172742638,
    -2.385654662853));
#636 = CARTESIAN_POINT('',(0.817512895598,-2.102925185975,
    -2.421121880625));
#637 = CARTESIAN_POINT('',(0.973463574366,-2.105564487498,
    -2.438662872939));
#638 = CARTESIAN_POINT('',(1.129113725268,-2.0985020166,-2.454696390894)
  );
#639 = CARTESIAN_POINT('',(1.283745613943,-2.081813182814,
    -2.468689183648));
#640 = CARTESIAN_POINT('',(1.436590485029,-2.055654679456,
    -2.480100706031));
#641 = CARTESIAN_POINT('',(1.654194856739,-2.004475448508,
    -2.492058921723));
#642 = CARTESIAN_POINT('',(1.721025134855,-1.986790109957,
    -2.495126206094));
#643 = CARTESIAN_POINT('',(1.787257315827,-1.967287543147,
    -2.497507739083));
#644 = CARTESIAN_POINT('',(1.852813998064,-1.946000708628,
    -2.499150511226));
#645 = CARTESIAN_POINT('',(1.917615397895,-1.922970356937,-2.5));
#646 = CARTESIAN_POINT('',(1.981580038157,-1.898246704824,-2.5));
#647 = ORIENTED_EDGE('',*,*,#162,.F.);
#648 = TOROIDAL_SURFACE('',#649,4.,1.);
#649 = AXIS2_PLACEMENT_3D('',#650,#651,#652);
#650 = CARTESIAN_POINT('',(2.1,2.1,-1.5));
#651 = DIRECTION('',(-0.,-0.,-1.));
#652 = DIRECTION('',(-2.7E-16,-1.,0.));
#653 = ADVANCED_FACE('',(#654),#658,.T.);
#654 = FACE_BOUND('',#655,.T.);
#655 = EDGE_LOOP('',(#656,#657));
#656 = ORIENTED_EDGE('',*,*,#171,.F.);
#657 = ORIENTED_EDGE('',*,*,#588,.F.);
#658 = TOROIDAL_SURFACE('',#659,4.,1.);
#659 = AXIS2_PLACEMENT_3D('',#660,#661,#662);
#660 = CARTESIAN_POINT('',(2.1,2.1,-1.5));
#661 = DIRECTION('',(-0.,-0.,-1.));
#662 = DIRECTION('',(-2.7E-16,-1.,0.));
#663 = ADVANCED_FACE('',(#664),#683,.T.);
#664 = FACE_BOUND('',#665,.T.);
#665 = EDGE_LOOP('',(#666,#674,#681,#682));
#666 = ORIENTED_EDGE('',*,*,#667,.T.);
#667 = EDGE_CURVE('',#572,#668,#670,.T.);
#668 = VERTEX_POINT('',#669);
#669 = CARTESIAN_POINT('',(-2.9,35.45,-1.5));
#670 = LINE('',#671,#672);
#671 = CARTESIAN_POINT('',(-2.9,2.1,-1.5));
#672 = VECTOR('',#673,1.);
#673 = DIRECTION('',(0.,1.,0.));
#674 = ORIENTED_EDGE('',*,*,#675,.T.);
#675 = EDGE_CURVE('',#668,#190,#676,.T.);
#676 = CIRCLE('',#677,1.);
#677 = AXIS2_PLACEMENT_3D('',#678,#679,#680);
#678 = CARTESIAN_POINT('',(-1.9,35.45,-1.5));
#679 = DIRECTION('',(-0.,-1.,-0.));
#680 = DIRECTION('',(-1.,0.,0.));
#681 = ORIENTED_EDGE('',*,*,#189,.F.);
#682 = ORIENTED_EDGE('',*,*,#580,.F.);
#683 = CYLINDRICAL_SURFACE('',#684,1.);
#684 = AXIS2_PLACEMENT_3D('',#685,#686,#687);
#685 = CARTESIAN_POINT('',(-1.9,2.1,-1.5));
#686 = DIRECTION('',(0.,1.,0.));
#687 = DIRECTION('',(-1.,0.,0.));
#688 = ADVANCED_FACE('',(#689),#770,.T.);
#689 = FACE_BOUND('',#690,.T.);
#690 = EDGE_LOOP('',(#691,#692,#701,#708,#709,#769));
#691 = ORIENTED_EDGE('',*,*,#675,.F.);
#692 = ORIENTED_EDGE('',*,*,#693,.T.);
#693 = EDGE_CURVE('',#668,#694,#696,.T.);
#694 = VERTEX_POINT('',#695);
#695 = CARTESIAN_POINT('',(2.1,40.45,-1.5));
#696 = CIRCLE('',#697,5.);
#697 = AXIS2_PLACEMENT_3D('',#698,#699,#700);
#698 = CARTESIAN_POINT('',(2.1,35.45,-1.5));
#699 = DIRECTION('',(0.,0.,-1.));
#700 = DIRECTION('',(-1.,0.,0.));
#701 = ORIENTED_EDGE('',*,*,#702,.T.);
#702 = EDGE_CURVE('',#694,#216,#703,.T.);
#703 = CIRCLE('',#704,1.);
#704 = AXIS2_PLACEMENT_3D('',#705,#706,#707);
#705 = CARTESIAN_POINT('',(2.1,39.45,-1.5));
#706 = DIRECTION('',(-1.,-6.E-17,-0.));
#707 = DIRECTION('',(-6.E-17,1.,0.));
#708 = ORIENTED_EDGE('',*,*,#215,.F.);
#709 = ORIENTED_EDGE('',*,*,#710,.T.);
#710 = EDGE_CURVE('',#207,#198,#711,.T.);
#711 = B_SPLINE_CURVE_WITH_KNOTS('',6,(#712,#713,#714,#715,#716,#717,
    #718,#719,#720,#721,#722,#723,#724,#725,#726,#727,#728,#729,#730,
    #731,#732,#733,#734,#735,#736,#737,#738,#739,#740,#741,#742,#743,
    #744,#745,#746,#747,#748,#749,#750,#751,#752,#753,#754,#755,#756,
    #757,#758,#759,#760,#761,#762,#763,#764,#765,#766,#767,#768),
  .UNSPECIFIED.,.F.,.F.,(7,5,5,5,5,5,5,5,5,5,5,7),(0.,6.177311206788E-02
    ,0.197707062556,0.323010823869,0.373245266287,0.417984393756,
    0.4996058424,0.626458274962,0.676589057201,0.802011747127,
    0.938717639443,1.),.UNSPECIFIED.);
#712 = CARTESIAN_POINT('',(1.981580038158,39.448246704824,-2.5));
#713 = CARTESIAN_POINT('',(1.9170987317,39.473170059073,-2.5));
#714 = CARTESIAN_POINT('',(1.851767098285,39.49637264556,-2.499136732455
    ));
#715 = CARTESIAN_POINT('',(1.785668599848,39.517803024141,
    -2.497467776283));
#716 = CARTESIAN_POINT('',(1.718884952264,39.537419526904,
    -2.495048971407));
#717 = CARTESIAN_POINT('',(1.651495410398,39.555188515463,
    -2.491934596874));
#718 = CARTESIAN_POINT('',(1.434117069498,39.606058226017,
    -2.479910030186));
#719 = CARTESIAN_POINT('',(1.282104069161,39.631952276509,
    -2.468531142071));
#720 = CARTESIAN_POINT('',(1.128330678426,39.648480884649,
    -2.454604402436));
#721 = CARTESIAN_POINT('',(0.973552519926,39.655490294233,
    -2.438661368542));
#722 = CARTESIAN_POINT('',(0.818475316224,39.652906130984,
    -2.421226504665));
#723 = CARTESIAN_POINT('',(0.521110913807,39.629415031411,
    -2.385895279901));
#724 = CARTESIAN_POINT('',(0.378788849679,39.609958090086,
    -2.368143539392));
#725 = CARTESIAN_POINT('',(0.237272019488,39.582278413818,
    -2.350011102014));
#726 = CARTESIAN_POINT('',(9.707360500666E-02,39.54636447905,
    -2.33193920348));
#727 = CARTESIAN_POINT('',(-4.128231746462E-02,39.502229318978,
    -2.314413582474));
#728 = CARTESIAN_POINT('',(-0.231762530469,39.428943110981,
    -2.291333901033));
#729 = CARTESIAN_POINT('',(-0.285887367565,39.4066570067,-2.284898077829
    ));
#730 = CARTESIAN_POINT('',(-0.339589948714,39.383060608273,
    -2.278664285245));
#731 = CARTESIAN_POINT('',(-0.392831753706,39.35815937875,
    -2.272665499694));
#732 = CARTESIAN_POINT('',(-0.445572380529,39.331961029901,
    -2.266934621315));
#733 = CARTESIAN_POINT('',(-0.544256686427,39.279996746849,
    -2.256668348755));
#734 = CARTESIAN_POINT('',(-0.590312746826,39.254497258691,
    -2.252070487891));
#735 = CARTESIAN_POINT('',(-0.635907511217,39.227984236581,
    -2.24773418868));
#736 = CARTESIAN_POINT('',(-0.681009591631,39.200467340679,
    -2.243681447372));
#737 = CARTESIAN_POINT('',(-0.725586427465,39.171958712469,
    -2.239932959176));
#738 = CARTESIAN_POINT('',(-0.84990986008,39.088679600525,
    -2.230259885609));
#739 = CARTESIAN_POINT('',(-0.928359611694,39.031631232615,
    -2.225087836985));
#740 = CARTESIAN_POINT('',(-1.004740339509,38.971424042119,
    -2.221108558283));
#741 = CARTESIAN_POINT('',(-1.078840385396,38.908181297549,
    -2.218411755828));
#742 = CARTESIAN_POINT('',(-1.150453788261,38.842059494223,
    -2.217048065288));
#743 = CARTESIAN_POINT('',(-1.326513395181,38.666320790263,
    -2.216968363615));
#744 = CARTESIAN_POINT('',(-1.427187435242,38.552881285039,
    -2.220138341805));
#745 = CARTESIAN_POINT('',(-1.520641988996,38.433691038228,
    -2.226534688527));
#746 = CARTESIAN_POINT('',(-1.606385356763,38.309545417249,
    -2.23586512707));
#747 = CARTESIAN_POINT('',(-1.684097275063,38.181218934826,
    -2.247638261977));
#748 = CARTESIAN_POINT('',(-1.781048104347,37.997385100174,
    -2.266739580991));
#749 = CARTESIAN_POINT('',(-1.807228136277,37.944771807854,
    -2.272450204185));
#750 = CARTESIAN_POINT('',(-1.832116771631,37.891658505355,
    -2.278428371393));
#751 = CARTESIAN_POINT('',(-1.855706301453,37.838085373798,
    -2.284641398185));
#752 = CARTESIAN_POINT('',(-1.877991256928,37.784090724688,
    -2.291056515327));
#753 = CARTESIAN_POINT('',(-1.951451350373,37.593657839482,
    -2.314114326526));
#754 = CARTESIAN_POINT('',(-1.995742094051,37.455207467599,
    -2.331646494445));
#755 = CARTESIAN_POINT('',(-2.03179729082,37.314905469182,
    -2.349731399376));
#756 = CARTESIAN_POINT('',(-2.059603695807,37.173277526433,
    -2.36788165367));
#757 = CARTESIAN_POINT('',(-2.07917274264,37.03083820747,-2.385654662855
    ));
#758 = CARTESIAN_POINT('',(-2.102925185976,36.732487104384,
    -2.421121880627));
#759 = CARTESIAN_POINT('',(-2.105564487498,36.576536425618,
    -2.438662872941));
#760 = CARTESIAN_POINT('',(-2.098502016598,36.420886274716,
    -2.454696390896));
#761 = CARTESIAN_POINT('',(-2.081813182812,36.266254386041,
    -2.468689183649));
#762 = CARTESIAN_POINT('',(-2.055654679453,36.113409514956,
    -2.480100706032));
#763 = CARTESIAN_POINT('',(-2.004475448505,35.895805143249,
    -2.492058921724));
#764 = CARTESIAN_POINT('',(-1.986790109954,35.828974865136,
    -2.495126206095));
#765 = CARTESIAN_POINT('',(-1.967287543144,35.762742684167,
    -2.497507739083));
#766 = CARTESIAN_POINT('',(-1.946000708626,35.697186001931,
    -2.499150511226));
#767 = CARTESIAN_POINT('',(-1.922970356936,35.632384602103,-2.5));
#768 = CARTESIAN_POINT('',(-1.898246704824,35.568419961842,-2.5));
#769 = ORIENTED_EDGE('',*,*,#197,.F.);
#770 = TOROIDAL_SURFACE('',#771,4.,1.);
#771 = AXIS2_PLACEMENT_3D('',#772,#773,#774);
#772 = CARTESIAN_POINT('',(2.1,35.45,-1.5));
#773 = DIRECTION('',(-0.,-0.,-1.));
#774 = DIRECTION('',(-1.,0.,0.));
#775 = ADVANCED_FACE('',(#776),#780,.T.);
#776 = FACE_BOUND('',#777,.T.);
#777 = EDGE_LOOP('',(#778,#779));
#778 = ORIENTED_EDGE('',*,*,#206,.F.);
#779 = ORIENTED_EDGE('',*,*,#710,.F.);
#780 = TOROIDAL_SURFACE('',#781,4.,1.);
#781 = AXIS2_PLACEMENT_3D('',#782,#783,#784);
#782 = CARTESIAN_POINT('',(2.1,35.45,-1.5));
#783 = DIRECTION('',(-0.,-0.,-1.));
#784 = DIRECTION('',(-1.,0.,0.));
#785 = ADVANCED_FACE('',(#786),#805,.T.);
#786 = FACE_BOUND('',#787,.T.);
#787 = EDGE_LOOP('',(#788,#796,#803,#804));
#788 = ORIENTED_EDGE('',*,*,#789,.T.);
#789 = EDGE_CURVE('',#694,#790,#792,.T.);
#790 = VERTEX_POINT('',#791);
#791 = CARTESIAN_POINT('',(64.55,40.45,-1.5));
#792 = LINE('',#793,#794);
#793 = CARTESIAN_POINT('',(2.1,40.45,-1.5));
#794 = VECTOR('',#795,1.);
#795 = DIRECTION('',(1.,0.,0.));
#796 = ORIENTED_EDGE('',*,*,#797,.T.);
#797 = EDGE_CURVE('',#790,#225,#798,.T.);
#798 = CIRCLE('',#799,1.);
#799 = AXIS2_PLACEMENT_3D('',#800,#801,#802);
#800 = CARTESIAN_POINT('',(64.55,39.45,-1.5));
#801 = DIRECTION('',(-1.,0.,0.));
#802 = DIRECTION('',(0.,1.,0.));
#803 = ORIENTED_EDGE('',*,*,#224,.F.);
#804 = ORIENTED_EDGE('',*,*,#702,.F.);
#805 = CYLINDRICAL_SURFACE('',#806,1.);
#806 = AXIS2_PLACEMENT_3D('',#807,#808,#809);
#807 = CARTESIAN_POINT('',(2.1,39.45,-1.5));
#808 = DIRECTION('',(1.,0.,0.));
#809 = DIRECTION('',(0.,1.,0.));
#810 = ADVANCED_FACE('',(#811),#903,.T.);
#811 = FACE_BOUND('',#812,.T.);
#812 = EDGE_LOOP('',(#813,#874,#875,#876,#885,#892,#893));
#813 = ORIENTED_EDGE('',*,*,#814,.T.);
#814 = EDGE_CURVE('',#815,#233,#817,.T.);
#815 = VERTEX_POINT('',#816);
#816 = CARTESIAN_POINT('',(68.75,36.65,-2.429799692701));
#817 = B_SPLINE_CURVE_WITH_KNOTS('',7,(#818,#819,#820,#821,#822,#823,
    #824,#825,#826,#827,#828,#829,#830,#831,#832,#833,#834,#835,#836,
    #837,#838,#839,#840,#841,#842,#843,#844,#845,#846,#847,#848,#849,
    #850,#851,#852,#853,#854,#855,#856,#857,#858,#859,#860,#861,#862,
    #863,#864,#865,#866,#867,#868,#869,#870,#871,#872,#873),
  .UNSPECIFIED.,.F.,.F.,(8,6,6,6,6,6,6,6,6,8),(0.,4.131563116371E-02,
    0.25108977974,0.304548633747,0.40207823152,0.553654403344,
    0.613555754143,0.763423524239,0.926773610673,1.),.UNSPECIFIED.);
#818 = CARTESIAN_POINT('',(68.75,36.65,-2.429799692701));
#819 = CARTESIAN_POINT('',(68.75,36.683736617895,-2.426130843784));
#820 = CARTESIAN_POINT('',(68.749557377195,36.717488706275,
    -2.422392861947));
#821 = CARTESIAN_POINT('',(68.748671413553,36.751249798142,
    -2.418590752693));
#822 = CARTESIAN_POINT('',(68.747341472343,36.785013487813,
    -2.414729547186));
#823 = CARTESIAN_POINT('',(68.745566998142,36.818773430925,
    -2.410814302247));
#824 = CARTESIAN_POINT('',(68.743347516831,36.852523344429,
    -2.406850100358));
#825 = CARTESIAN_POINT('',(68.727152086087,37.057534802916,
    -2.382491751275));
#826 = CARTESIAN_POINT('',(68.70214227311,37.228354110818,
    -2.361015887619));
#827 = CARTESIAN_POINT('',(68.665604267663,37.397973348259,
    -2.339076358753));
#828 = CARTESIAN_POINT('',(68.617509938114,37.565592965702,
    -2.317368927384));
#829 = CARTESIAN_POINT('',(68.557885676956,37.730367823116,
    -2.296653166149));
#830 = CARTESIAN_POINT('',(68.486808764808,37.891412170255,
    -2.277770560209));
#831 = CARTESIAN_POINT('',(68.383493714759,38.087615666275,
    -2.257359223787));
#832 = CARTESIAN_POINT('',(68.361782826736,38.127153872426,
    -2.253384162424));
#833 = CARTESIAN_POINT('',(68.339346960342,38.166366897907,
    -2.249592602628));
#834 = CARTESIAN_POINT('',(68.316191281194,38.205236974252,
    -2.245997299548));
#835 = CARTESIAN_POINT('',(68.292322018333,38.24374583044,
    -2.242610450744));
#836 = CARTESIAN_POINT('',(68.267746464224,38.281874692897,
    -2.239443696188));
#837 = CARTESIAN_POINT('',(68.196364368272,38.388437635138,
    -2.231152490274));
#838 = CARTESIAN_POINT('',(68.147930766303,38.455945396947,
    -2.226565565164));
#839 = CARTESIAN_POINT('',(68.09722712376,38.522005741874,
    -2.222813963441));
#840 = CARTESIAN_POINT('',(68.044320008732,38.586497502032,
    -2.219952785803));
#841 = CARTESIAN_POINT('',(67.989289353742,38.649301357643,
    -2.21802212996));
#842 = CARTESIAN_POINT('',(67.932230206998,38.710301023992,
    -2.217043607473));
#843 = CARTESIAN_POINT('',(67.781597032178,38.861209258493,
    -2.216975291753));
#844 = CARTESIAN_POINT('',(67.685292572249,38.948423423793,
    -2.219232633751));
#845 = CARTESIAN_POINT('',(67.584772572581,39.030590037382,
    -2.223793397074));
#846 = CARTESIAN_POINT('',(67.480485772101,39.107389146605,
    -2.230533447902));
#847 = CARTESIAN_POINT('',(67.372880707994,39.178588761986,-2.2392288799
    ));
#848 = CARTESIAN_POINT('',(67.262395705802,39.244024325037,
    -2.249594096186));
#849 = CARTESIAN_POINT('',(67.104823847532,39.327125035851,
    -2.26596665534));
#850 = CARTESIAN_POINT('',(67.059804177102,39.349748127148,
    -2.270818597556));
#851 = CARTESIAN_POINT('',(67.014421349297,39.371450213616,
    -2.275866299731));
#852 = CARTESIAN_POINT('',(66.968698591845,39.39222657012,
    -2.281091097159));
#853 = CARTESIAN_POINT('',(66.922658331209,39.412073431583,
    -2.286474288795));
#854 = CARTESIAN_POINT('',(66.876322192591,39.430987992986,
    -2.291997137249));
#855 = CARTESIAN_POINT('',(66.713094005272,39.493953787368,
    -2.311760975419));
#856 = CARTESIAN_POINT('',(66.594764716722,39.533087595854,
    -2.326637303609));
#857 = CARTESIAN_POINT('',(66.475034897088,39.56634506363,
    -2.341980725832));
#858 = CARTESIAN_POINT('',(66.354207779445,39.593714321526,
    -2.357510079786));
#859 = CARTESIAN_POINT('',(66.23258057817,39.615194852043,
    -2.372959656293));
#860 = CARTESIAN_POINT('',(66.110444727539,39.630796316246,
    -2.388078987707));
#861 = CARTESIAN_POINT('',(65.854715210608,39.651155553392,
    -2.418479460083));
#862 = CARTESIAN_POINT('',(65.721093762419,39.654810401349,
    -2.43365116085));
#863 = CARTESIAN_POINT('',(65.587593482256,39.651528789842,-2.4478248832
    ));
#864 = CARTESIAN_POINT('',(65.454615465294,39.641349659262,
    -2.460693302075));
#865 = CARTESIAN_POINT('',(65.322584422884,39.624339324711,
    -2.471949618615));
#866 = CARTESIAN_POINT('',(65.191945182487,39.600606398391,
    -2.481280255483));
#867 = CARTESIAN_POINT('',(65.005427149593,39.556738486151,
    -2.491530154648));
#868 = CARTESIAN_POINT('',(64.948069230317,39.541843063828,
    -2.494249839131));
#869 = CARTESIAN_POINT('',(64.891127904587,39.525645786065,
    -2.496487082088));
#870 = CARTESIAN_POINT('',(64.834646963212,39.508164614066,
    -2.498211784287));
#871 = CARTESIAN_POINT('',(64.778671316269,39.489420608144,
    -2.499393222304));
#872 = CARTESIAN_POINT('',(64.723246796353,39.469438406635,-2.5));
#873 = CARTESIAN_POINT('',(64.668419961842,39.448246704824,-2.5));
#874 = ORIENTED_EDGE('',*,*,#232,.F.);
#875 = ORIENTED_EDGE('',*,*,#797,.F.);
#876 = ORIENTED_EDGE('',*,*,#877,.T.);
#877 = EDGE_CURVE('',#790,#878,#880,.T.);
#878 = VERTEX_POINT('',#879);
#879 = CARTESIAN_POINT('',(69.55,35.45,-1.5));
#880 = CIRCLE('',#881,5.);
#881 = AXIS2_PLACEMENT_3D('',#882,#883,#884);
#882 = CARTESIAN_POINT('',(64.55,35.45,-1.5));
#883 = DIRECTION('',(0.,0.,-1.));
#884 = DIRECTION('',(0.,1.,0.));
#885 = ORIENTED_EDGE('',*,*,#886,.T.);
#886 = EDGE_CURVE('',#878,#251,#887,.T.);
#887 = CIRCLE('',#888,1.);
#888 = AXIS2_PLACEMENT_3D('',#889,#890,#891);
#889 = CARTESIAN_POINT('',(68.55,35.45,-1.5));
#890 = DIRECTION('',(-6.E-17,1.,0.));
#891 = DIRECTION('',(1.,6.E-17,0.));
#892 = ORIENTED_EDGE('',*,*,#250,.F.);
#893 = ORIENTED_EDGE('',*,*,#894,.T.);
#894 = EDGE_CURVE('',#242,#815,#895,.T.);
#895 = B_SPLINE_CURVE_WITH_KNOTS('',6,(#896,#897,#898,#899,#900,#901,
    #902),.UNSPECIFIED.,.F.,.F.,(7,7),(0.,1.),.PIECEWISE_BEZIER_KNOTS.);
#896 = CARTESIAN_POINT('',(68.548246704824,35.568419961842,-2.5));
#897 = CARTESIAN_POINT('',(68.614067719017,35.738711044864,-2.5));
#898 = CARTESIAN_POINT('',(68.667876434725,35.914905575236,
    -2.49397909982));
#899 = CARTESIAN_POINT('',(68.708750919239,36.095507050026,
    -2.483001361507));
#900 = CARTESIAN_POINT('',(68.736205190046,36.279074803951,
    -2.468035369301));
#901 = CARTESIAN_POINT('',(68.749999999887,36.464291602909,
    -2.449995434958));
#902 = CARTESIAN_POINT('',(68.75,36.65,-2.429799692701));
#903 = TOROIDAL_SURFACE('',#904,4.,1.);
#904 = AXIS2_PLACEMENT_3D('',#905,#906,#907);
#905 = CARTESIAN_POINT('',(64.55,35.45,-1.5));
#906 = DIRECTION('',(-0.,-0.,-1.));
#907 = DIRECTION('',(0.,1.,0.));
#908 = ADVANCED_FACE('',(#909),#914,.T.);
#909 = FACE_BOUND('',#910,.T.);
#910 = EDGE_LOOP('',(#911,#912,#913));
#911 = ORIENTED_EDGE('',*,*,#894,.F.);
#912 = ORIENTED_EDGE('',*,*,#241,.F.);
#913 = ORIENTED_EDGE('',*,*,#814,.F.);
#914 = TOROIDAL_SURFACE('',#915,4.,1.);
#915 = AXIS2_PLACEMENT_3D('',#916,#917,#918);
#916 = CARTESIAN_POINT('',(64.55,35.45,-1.5));
#917 = DIRECTION('',(-0.,-0.,-1.));
#918 = DIRECTION('',(0.,1.,0.));
#919 = ADVANCED_FACE('',(#920),#931,.T.);
#920 = FACE_BOUND('',#921,.T.);
#921 = EDGE_LOOP('',(#922,#928,#929,#930));
#922 = ORIENTED_EDGE('',*,*,#923,.T.);
#923 = EDGE_CURVE('',#878,#430,#924,.T.);
#924 = LINE('',#925,#926);
#925 = CARTESIAN_POINT('',(69.55,35.45,-1.5));
#926 = VECTOR('',#927,1.);
#927 = DIRECTION('',(0.,-1.,0.));
#928 = ORIENTED_EDGE('',*,*,#429,.T.);
#929 = ORIENTED_EDGE('',*,*,#259,.F.);
#930 = ORIENTED_EDGE('',*,*,#886,.F.);
#931 = CYLINDRICAL_SURFACE('',#932,1.);
#932 = AXIS2_PLACEMENT_3D('',#933,#934,#935);
#933 = CARTESIAN_POINT('',(68.55,35.45,-1.5));
#934 = DIRECTION('',(0.,-1.,0.));
#935 = DIRECTION('',(1.,0.,0.));
#936 = ADVANCED_FACE('',(#937),#995,.F.);
#937 = FACE_BOUND('',#938,.F.);
#938 = EDGE_LOOP('',(#939,#940,#947,#956,#965,#974,#983,#990,#991,#992,
    #993,#994));
#939 = ORIENTED_EDGE('',*,*,#305,.T.);
#940 = ORIENTED_EDGE('',*,*,#941,.T.);
#941 = EDGE_CURVE('',#268,#942,#944,.T.);
#942 = VERTEX_POINT('',#943);
#943 = CARTESIAN_POINT('',(66.24,2.7,-0.8));
#944 = B_SPLINE_CURVE_WITH_KNOTS('',1,(#945,#946),.UNSPECIFIED.,.F.,.F.,
  (2,2),(0.,1.7),.PIECEWISE_BEZIER_KNOTS.);
#945 = CARTESIAN_POINT('',(66.24,2.7,-2.5));
#946 = CARTESIAN_POINT('',(66.24,2.7,-0.8));
#947 = ORIENTED_EDGE('',*,*,#948,.F.);
#948 = EDGE_CURVE('',#949,#942,#951,.T.);
#949 = VERTEX_POINT('',#950);
#950 = CARTESIAN_POINT('',(66.23355178476,2.529778411765,-0.8));
#951 = CIRCLE('',#952,2.25);
#952 = AXIS2_PLACEMENT_3D('',#953,#954,#955);
#953 = CARTESIAN_POINT('',(63.99,2.7,-0.8));
#954 = DIRECTION('',(0.,0.,1.));
#955 = DIRECTION('',(1.,0.,0.));
#956 = ORIENTED_EDGE('',*,*,#957,.F.);
#957 = EDGE_CURVE('',#958,#949,#960,.T.);
#958 = VERTEX_POINT('',#959);
#959 = CARTESIAN_POINT('',(64.109768083961,0.453189904317,-0.8));
#960 = CIRCLE('',#961,2.25);
#961 = AXIS2_PLACEMENT_3D('',#962,#963,#964);
#962 = CARTESIAN_POINT('',(63.99,2.7,-0.8));
#963 = DIRECTION('',(0.,0.,1.));
#964 = DIRECTION('',(1.,0.,0.));
#965 = ORIENTED_EDGE('',*,*,#966,.F.);
#966 = EDGE_CURVE('',#967,#958,#969,.T.);
#967 = VERTEX_POINT('',#968);
#968 = CARTESIAN_POINT('',(62.751017909711,0.821856400606,-0.8));
#969 = CIRCLE('',#970,2.25);
#970 = AXIS2_PLACEMENT_3D('',#971,#972,#973);
#971 = CARTESIAN_POINT('',(63.99,2.7,-0.8));
#972 = DIRECTION('',(0.,0.,1.));
#973 = DIRECTION('',(1.,0.,0.));
#974 = ORIENTED_EDGE('',*,*,#975,.F.);
#975 = EDGE_CURVE('',#976,#967,#978,.T.);
#976 = VERTEX_POINT('',#977);
#977 = CARTESIAN_POINT('',(65.895508220054,3.896469148497,-0.8));
#978 = CIRCLE('',#979,2.25);
#979 = AXIS2_PLACEMENT_3D('',#980,#981,#982);
#980 = CARTESIAN_POINT('',(63.99,2.7,-0.8));
#981 = DIRECTION('',(0.,0.,1.));
#982 = DIRECTION('',(1.,0.,0.));
#983 = ORIENTED_EDGE('',*,*,#984,.F.);
#984 = EDGE_CURVE('',#942,#976,#985,.T.);
#985 = CIRCLE('',#986,2.25);
#986 = AXIS2_PLACEMENT_3D('',#987,#988,#989);
#987 = CARTESIAN_POINT('',(63.99,2.7,-0.8));
#988 = DIRECTION('',(0.,0.,1.));
#989 = DIRECTION('',(1.,0.,0.));
#990 = ORIENTED_EDGE('',*,*,#941,.F.);
#991 = ORIENTED_EDGE('',*,*,#267,.T.);
#992 = ORIENTED_EDGE('',*,*,#278,.T.);
#993 = ORIENTED_EDGE('',*,*,#287,.T.);
#994 = ORIENTED_EDGE('',*,*,#296,.T.);
#995 = CYLINDRICAL_SURFACE('',#996,2.25);
#996 = AXIS2_PLACEMENT_3D('',#997,#998,#999);
#997 = CARTESIAN_POINT('',(63.99,2.7,-2.5));
#998 = DIRECTION('',(0.,0.,1.));
#999 = DIRECTION('',(1.,0.,0.));
#1000 = ADVANCED_FACE('',(#1001),#1022,.F.);
#1001 = FACE_BOUND('',#1002,.F.);
#1002 = EDGE_LOOP('',(#1003,#1011,#1018,#1019,#1020,#1021));
#1003 = ORIENTED_EDGE('',*,*,#1004,.T.);
#1004 = EDGE_CURVE('',#322,#1005,#1007,.T.);
#1005 = VERTEX_POINT('',#1006);
#1006 = CARTESIAN_POINT('',(19.52,34.97,-0.8));
#1007 = LINE('',#1008,#1009);
#1008 = CARTESIAN_POINT('',(19.52,34.97,-2.55));
#1009 = VECTOR('',#1010,1.);
#1010 = DIRECTION('',(0.,0.,1.));
#1011 = ORIENTED_EDGE('',*,*,#1012,.F.);
#1012 = EDGE_CURVE('',#1005,#1005,#1013,.T.);
#1013 = CIRCLE('',#1014,2.25);
#1014 = AXIS2_PLACEMENT_3D('',#1015,#1016,#1017);
#1015 = CARTESIAN_POINT('',(17.27,34.97,-0.8));
#1016 = DIRECTION('',(0.,0.,1.));
#1017 = DIRECTION('',(1.,0.,0.));
#1018 = ORIENTED_EDGE('',*,*,#1004,.F.);
#1019 = ORIENTED_EDGE('',*,*,#321,.T.);
#1020 = ORIENTED_EDGE('',*,*,#332,.T.);
#1021 = ORIENTED_EDGE('',*,*,#341,.T.);
#1022 = CYLINDRICAL_SURFACE('',#1023,2.25);
#1023 = AXIS2_PLACEMENT_3D('',#1024,#1025,#1026);
#1024 = CARTESIAN_POINT('',(17.27,34.97,-2.55));
#1025 = DIRECTION('',(0.,0.,1.));
#1026 = DIRECTION('',(1.,0.,0.));
#1027 = ADVANCED_FACE('',(#1028),#1068,.F.);
#1028 = FACE_BOUND('',#1029,.F.);
#1029 = EDGE_LOOP('',(#1030,#1031,#1032,#1033,#1040,#1049,#1058,#1065,
    #1066,#1067));
#1030 = ORIENTED_EDGE('',*,*,#392,.T.);
#1031 = ORIENTED_EDGE('',*,*,#401,.T.);
#1032 = ORIENTED_EDGE('',*,*,#363,.T.);
#1033 = ORIENTED_EDGE('',*,*,#1034,.T.);
#1034 = EDGE_CURVE('',#366,#1035,#1037,.T.);
#1035 = VERTEX_POINT('',#1036);
#1036 = CARTESIAN_POINT('',(65.09,34.86,4.));
#1037 = B_SPLINE_CURVE_WITH_KNOTS('',1,(#1038,#1039),.UNSPECIFIED.,.F.,
  .F.,(2,2),(2.2,7.),.PIECEWISE_BEZIER_KNOTS.);
#1038 = CARTESIAN_POINT('',(65.09,34.86,-0.8));
#1039 = CARTESIAN_POINT('',(65.09,34.86,4.));
#1040 = ORIENTED_EDGE('',*,*,#1041,.F.);
#1041 = EDGE_CURVE('',#1042,#1035,#1044,.T.);
#1042 = VERTEX_POINT('',#1043);
#1043 = CARTESIAN_POINT('',(64.186168352569,35.983343732878,4.));
#1044 = CIRCLE('',#1045,1.15);
#1045 = AXIS2_PLACEMENT_3D('',#1046,#1047,#1048);
#1046 = CARTESIAN_POINT('',(63.94,34.86,4.));
#1047 = DIRECTION('',(0.,0.,1.));
#1048 = DIRECTION('',(1.,0.,0.));
#1049 = ORIENTED_EDGE('',*,*,#1050,.F.);
#1050 = EDGE_CURVE('',#1051,#1042,#1053,.T.);
#1051 = VERTEX_POINT('',#1052);
#1052 = CARTESIAN_POINT('',(65.066009512312,35.093671945651,4.));
#1053 = CIRCLE('',#1054,1.15);
#1054 = AXIS2_PLACEMENT_3D('',#1055,#1056,#1057);
#1055 = CARTESIAN_POINT('',(63.94,34.86,4.));
#1056 = DIRECTION('',(0.,0.,1.));
#1057 = DIRECTION('',(1.,0.,0.));
#1058 = ORIENTED_EDGE('',*,*,#1059,.F.);
#1059 = EDGE_CURVE('',#1035,#1051,#1060,.T.);
#1060 = CIRCLE('',#1061,1.15);
#1061 = AXIS2_PLACEMENT_3D('',#1062,#1063,#1064);
#1062 = CARTESIAN_POINT('',(63.94,34.86,4.));
#1063 = DIRECTION('',(0.,0.,1.));
#1064 = DIRECTION('',(1.,0.,0.));
#1065 = ORIENTED_EDGE('',*,*,#1034,.F.);
#1066 = ORIENTED_EDGE('',*,*,#374,.T.);
#1067 = ORIENTED_EDGE('',*,*,#383,.T.);
#1068 = CYLINDRICAL_SURFACE('',#1069,1.15);
#1069 = AXIS2_PLACEMENT_3D('',#1070,#1071,#1072);
#1070 = CARTESIAN_POINT('',(63.94,34.86,-3.));
#1071 = DIRECTION('',(0.,0.,1.));
#1072 = DIRECTION('',(1.,0.,0.));
#1073 = ADVANCED_FACE('',(#1074),#1100,.T.);
#1074 = FACE_BOUND('',#1075,.T.);
#1075 = EDGE_LOOP('',(#1076,#1084,#1085,#1093));
#1076 = ORIENTED_EDGE('',*,*,#1077,.F.);
#1077 = EDGE_CURVE('',#439,#1078,#1080,.T.);
#1078 = VERTEX_POINT('',#1079);
#1079 = CARTESIAN_POINT('',(64.55,-2.9,11.96));
#1080 = LINE('',#1081,#1082);
#1081 = CARTESIAN_POINT('',(64.55,-2.9,-2.5));
#1082 = VECTOR('',#1083,1.);
#1083 = DIRECTION('',(0.,0.,1.));
#1084 = ORIENTED_EDGE('',*,*,#438,.F.);
#1085 = ORIENTED_EDGE('',*,*,#1086,.T.);
#1086 = EDGE_CURVE('',#430,#1087,#1089,.T.);
#1087 = VERTEX_POINT('',#1088);
#1088 = CARTESIAN_POINT('',(69.55,2.1,11.96));
#1089 = LINE('',#1090,#1091);
#1090 = CARTESIAN_POINT('',(69.55,2.1,0.));
#1091 = VECTOR('',#1092,1.);
#1092 = DIRECTION('',(0.,0.,1.));
#1093 = ORIENTED_EDGE('',*,*,#1094,.F.);
#1094 = EDGE_CURVE('',#1078,#1087,#1095,.T.);
#1095 = CIRCLE('',#1096,5.);
#1096 = AXIS2_PLACEMENT_3D('',#1097,#1098,#1099);
#1097 = CARTESIAN_POINT('',(64.55,2.1,11.96));
#1098 = DIRECTION('',(0.,0.,1.));
#1099 = DIRECTION('',(1.,0.,0.));
#1100 = CYLINDRICAL_SURFACE('',#1101,5.);
#1101 = AXIS2_PLACEMENT_3D('',#1102,#1103,#1104);
#1102 = CARTESIAN_POINT('',(64.55,2.1,0.));
#1103 = DIRECTION('',(0.,0.,1.));
#1104 = DIRECTION('',(1.,0.,0.));
#1105 = ADVANCED_FACE('',(#1106,#1124),#1158,.T.);
#1106 = FACE_BOUND('',#1107,.T.);
#1107 = EDGE_LOOP('',(#1108,#1116,#1117,#1118));
#1108 = ORIENTED_EDGE('',*,*,#1109,.F.);
#1109 = EDGE_CURVE('',#546,#1110,#1112,.T.);
#1110 = VERTEX_POINT('',#1111);
#1111 = CARTESIAN_POINT('',(2.1,-2.9,11.96));
#1112 = LINE('',#1113,#1114);
#1113 = CARTESIAN_POINT('',(2.1,-2.9,0.));
#1114 = VECTOR('',#1115,1.);
#1115 = DIRECTION('',(0.,0.,1.));
#1116 = ORIENTED_EDGE('',*,*,#545,.F.);
#1117 = ORIENTED_EDGE('',*,*,#1077,.T.);
#1118 = ORIENTED_EDGE('',*,*,#1119,.F.);
#1119 = EDGE_CURVE('',#1110,#1078,#1120,.T.);
#1120 = LINE('',#1121,#1122);
#1121 = CARTESIAN_POINT('',(-51.45,-2.9,11.96));
#1122 = VECTOR('',#1123,1.);
#1123 = DIRECTION('',(1.,0.,0.));
#1124 = FACE_BOUND('',#1125,.T.);
#1125 = EDGE_LOOP('',(#1126,#1136,#1144,#1152));
#1126 = ORIENTED_EDGE('',*,*,#1127,.T.);
#1127 = EDGE_CURVE('',#1128,#1130,#1132,.T.);
#1128 = VERTEX_POINT('',#1129);
#1129 = CARTESIAN_POINT('',(8.2,-2.9,8.));
#1130 = VERTEX_POINT('',#1131);
#1131 = CARTESIAN_POINT('',(3.8,-2.9,8.));
#1132 = LINE('',#1133,#1134);
#1133 = CARTESIAN_POINT('',(18.5625,-2.9,8.));
#1134 = VECTOR('',#1135,1.);
#1135 = DIRECTION('',(-1.,0.,0.));
#1136 = ORIENTED_EDGE('',*,*,#1137,.T.);
#1137 = EDGE_CURVE('',#1130,#1138,#1140,.T.);
#1138 = VERTEX_POINT('',#1139);
#1139 = CARTESIAN_POINT('',(3.8,-2.9,9.9));
#1140 = LINE('',#1141,#1142);
#1141 = CARTESIAN_POINT('',(3.8,-2.9,6.615));
#1142 = VECTOR('',#1143,1.);
#1143 = DIRECTION('',(0.,0.,1.));
#1144 = ORIENTED_EDGE('',*,*,#1145,.F.);
#1145 = EDGE_CURVE('',#1146,#1138,#1148,.T.);
#1146 = VERTEX_POINT('',#1147);
#1147 = CARTESIAN_POINT('',(8.2,-2.9,9.9));
#1148 = LINE('',#1149,#1150);
#1149 = CARTESIAN_POINT('',(18.5625,-2.9,9.9));
#1150 = VECTOR('',#1151,1.);
#1151 = DIRECTION('',(-1.,0.,0.));
#1152 = ORIENTED_EDGE('',*,*,#1153,.F.);
#1153 = EDGE_CURVE('',#1128,#1146,#1154,.T.);
#1154 = LINE('',#1155,#1156);
#1155 = CARTESIAN_POINT('',(8.2,-2.9,6.615));
#1156 = VECTOR('',#1157,1.);
#1157 = DIRECTION('',(0.,0.,1.));
#1158 = PLANE('',#1159);
#1159 = AXIS2_PLACEMENT_3D('',#1160,#1161,#1162);
#1160 = CARTESIAN_POINT('',(33.325,-2.9,5.23));
#1161 = DIRECTION('',(-0.,-1.,-0.));
#1162 = DIRECTION('',(0.,0.,-1.));
#1163 = ADVANCED_FACE('',(#1164),#1183,.T.);
#1164 = FACE_BOUND('',#1165,.T.);
#1165 = EDGE_LOOP('',(#1166,#1167,#1176,#1182));
#1166 = ORIENTED_EDGE('',*,*,#1109,.T.);
#1167 = ORIENTED_EDGE('',*,*,#1168,.F.);
#1168 = EDGE_CURVE('',#1169,#1110,#1171,.T.);
#1169 = VERTEX_POINT('',#1170);
#1170 = CARTESIAN_POINT('',(-2.9,2.1,11.96));
#1171 = CIRCLE('',#1172,5.);
#1172 = AXIS2_PLACEMENT_3D('',#1173,#1174,#1175);
#1173 = CARTESIAN_POINT('',(2.1,2.1,11.96));
#1174 = DIRECTION('',(0.,0.,1.));
#1175 = DIRECTION('',(-1.,0.,0.));
#1176 = ORIENTED_EDGE('',*,*,#1177,.F.);
#1177 = EDGE_CURVE('',#572,#1169,#1178,.T.);
#1178 = LINE('',#1179,#1180);
#1179 = CARTESIAN_POINT('',(-2.9,2.1,-2.5));
#1180 = VECTOR('',#1181,1.);
#1181 = DIRECTION('',(0.,0.,1.));
#1182 = ORIENTED_EDGE('',*,*,#571,.F.);
#1183 = CYLINDRICAL_SURFACE('',#1184,5.);
#1184 = AXIS2_PLACEMENT_3D('',#1185,#1186,#1187);
#1185 = CARTESIAN_POINT('',(2.1,2.1,0.));
#1186 = DIRECTION('',(0.,0.,1.));
#1187 = DIRECTION('',(-1.,0.,0.));
#1188 = ADVANCED_FACE('',(#1189,#1223),#1257,.T.);
#1189 = FACE_BOUND('',#1190,.T.);
#1190 = EDGE_LOOP('',(#1191,#1199,#1207,#1215,#1221,#1222));
#1191 = ORIENTED_EDGE('',*,*,#1192,.T.);
#1192 = EDGE_CURVE('',#1169,#1193,#1195,.T.);
#1193 = VERTEX_POINT('',#1194);
#1194 = CARTESIAN_POINT('',(-2.9,23.03,11.96));
#1195 = LINE('',#1196,#1197);
#1196 = CARTESIAN_POINT('',(-2.9,22.03,11.96));
#1197 = VECTOR('',#1198,1.);
#1198 = DIRECTION('',(0.,1.,0.));
#1199 = ORIENTED_EDGE('',*,*,#1200,.F.);
#1200 = EDGE_CURVE('',#1201,#1193,#1203,.T.);
#1201 = VERTEX_POINT('',#1202);
#1202 = CARTESIAN_POINT('',(-2.9,23.03,4.5));
#1203 = LINE('',#1204,#1205);
#1204 = CARTESIAN_POINT('',(-2.9,23.03,4.5));
#1205 = VECTOR('',#1206,1.);
#1206 = DIRECTION('',(0.,0.,1.));
#1207 = ORIENTED_EDGE('',*,*,#1208,.F.);
#1208 = EDGE_CURVE('',#1209,#1201,#1211,.T.);
#1209 = VERTEX_POINT('',#1210);
#1210 = CARTESIAN_POINT('',(-2.9,35.45,4.5));
#1211 = LINE('',#1212,#1213);
#1212 = CARTESIAN_POINT('',(-2.9,9.565,4.5));
#1213 = VECTOR('',#1214,1.);
#1214 = DIRECTION('',(0.,-1.,0.));
#1215 = ORIENTED_EDGE('',*,*,#1216,.F.);
#1216 = EDGE_CURVE('',#668,#1209,#1217,.T.);
#1217 = LINE('',#1218,#1219);
#1218 = CARTESIAN_POINT('',(-2.9,35.45,0.));
#1219 = VECTOR('',#1220,1.);
#1220 = DIRECTION('',(0.,0.,1.));
#1221 = ORIENTED_EDGE('',*,*,#667,.F.);
#1222 = ORIENTED_EDGE('',*,*,#1177,.T.);
#1223 = FACE_BOUND('',#1224,.T.);
#1224 = EDGE_LOOP('',(#1225,#1235,#1243,#1251));
#1225 = ORIENTED_EDGE('',*,*,#1226,.F.);
#1226 = EDGE_CURVE('',#1227,#1229,#1231,.T.);
#1227 = VERTEX_POINT('',#1228);
#1228 = CARTESIAN_POINT('',(-2.9,3.,9.9));
#1229 = VERTEX_POINT('',#1230);
#1230 = CARTESIAN_POINT('',(-2.9,7.4,9.9));
#1231 = LINE('',#1232,#1233);
#1232 = CARTESIAN_POINT('',(-2.9,10.392663426618,9.9));
#1233 = VECTOR('',#1234,1.);
#1234 = DIRECTION('',(0.,1.,0.));
#1235 = ORIENTED_EDGE('',*,*,#1236,.T.);
#1236 = EDGE_CURVE('',#1227,#1237,#1239,.T.);
#1237 = VERTEX_POINT('',#1238);
#1238 = CARTESIAN_POINT('',(-2.9,3.,8.));
#1239 = LINE('',#1240,#1241);
#1240 = CARTESIAN_POINT('',(-2.9,3.,6.120163426618));
#1241 = VECTOR('',#1242,1.);
#1242 = DIRECTION('',(0.,0.,-1.));
#1243 = ORIENTED_EDGE('',*,*,#1244,.T.);
#1244 = EDGE_CURVE('',#1237,#1245,#1247,.T.);
#1245 = VERTEX_POINT('',#1246);
#1246 = CARTESIAN_POINT('',(-2.9,7.4,8.));
#1247 = LINE('',#1248,#1249);
#1248 = CARTESIAN_POINT('',(-2.9,10.392663426618,8.));
#1249 = VECTOR('',#1250,1.);
#1250 = DIRECTION('',(0.,1.,0.));
#1251 = ORIENTED_EDGE('',*,*,#1252,.F.);
#1252 = EDGE_CURVE('',#1229,#1245,#1253,.T.);
#1253 = LINE('',#1254,#1255);
#1254 = CARTESIAN_POINT('',(-2.9,7.4,6.120163426618));
#1255 = VECTOR('',#1256,1.);
#1256 = DIRECTION('',(0.,0.,-1.));
#1257 = PLANE('',#1258);
#1258 = AXIS2_PLACEMENT_3D('',#1259,#1260,#1261);
#1259 = CARTESIAN_POINT('',(-2.9,17.785326853236,4.240326853236));
#1260 = DIRECTION('',(-1.,-0.,-0.));
#1261 = DIRECTION('',(0.,0.,-1.));
#1262 = ADVANCED_FACE('',(#1263),#1308,.T.);
#1263 = FACE_BOUND('',#1264,.T.);
#1264 = EDGE_LOOP('',(#1265,#1275,#1284,#1293,#1299,#1300,#1301));
#1265 = ORIENTED_EDGE('',*,*,#1266,.T.);
#1266 = EDGE_CURVE('',#1267,#1269,#1271,.T.);
#1267 = VERTEX_POINT('',#1268);
#1268 = CARTESIAN_POINT('',(-2.866246067202,36.03,4.5));
#1269 = VERTEX_POINT('',#1270);
#1270 = CARTESIAN_POINT('',(-2.866246067202,36.03,11.96));
#1271 = LINE('',#1272,#1273);
#1272 = CARTESIAN_POINT('',(-2.866246067202,36.03,4.5));
#1273 = VECTOR('',#1274,1.);
#1274 = DIRECTION('',(0.,0.,1.));
#1275 = ORIENTED_EDGE('',*,*,#1276,.F.);
#1276 = EDGE_CURVE('',#1277,#1269,#1279,.T.);
#1277 = VERTEX_POINT('',#1278);
#1278 = CARTESIAN_POINT('',(-2.643795948394,37.03,11.96));
#1279 = CIRCLE('',#1280,5.);
#1280 = AXIS2_PLACEMENT_3D('',#1281,#1282,#1283);
#1281 = CARTESIAN_POINT('',(2.1,35.45,11.96));
#1282 = DIRECTION('',(0.,0.,1.));
#1283 = DIRECTION('',(1.,0.,0.));
#1284 = ORIENTED_EDGE('',*,*,#1285,.F.);
#1285 = EDGE_CURVE('',#1286,#1277,#1288,.T.);
#1286 = VERTEX_POINT('',#1287);
#1287 = CARTESIAN_POINT('',(2.1,40.45,11.96));
#1288 = CIRCLE('',#1289,5.);
#1289 = AXIS2_PLACEMENT_3D('',#1290,#1291,#1292);
#1290 = CARTESIAN_POINT('',(2.1,35.45,11.96));
#1291 = DIRECTION('',(0.,0.,1.));
#1292 = DIRECTION('',(-1.,0.,0.));
#1293 = ORIENTED_EDGE('',*,*,#1294,.F.);
#1294 = EDGE_CURVE('',#694,#1286,#1295,.T.);
#1295 = LINE('',#1296,#1297);
#1296 = CARTESIAN_POINT('',(2.1,40.45,-2.5));
#1297 = VECTOR('',#1298,1.);
#1298 = DIRECTION('',(0.,0.,1.));
#1299 = ORIENTED_EDGE('',*,*,#693,.F.);
#1300 = ORIENTED_EDGE('',*,*,#1216,.T.);
#1301 = ORIENTED_EDGE('',*,*,#1302,.F.);
#1302 = EDGE_CURVE('',#1267,#1209,#1303,.T.);
#1303 = CIRCLE('',#1304,5.);
#1304 = AXIS2_PLACEMENT_3D('',#1305,#1306,#1307);
#1305 = CARTESIAN_POINT('',(2.1,35.45,4.5));
#1306 = DIRECTION('',(0.,0.,1.));
#1307 = DIRECTION('',(-1.,0.,0.));
#1308 = CYLINDRICAL_SURFACE('',#1309,5.);
#1309 = AXIS2_PLACEMENT_3D('',#1310,#1311,#1312);
#1310 = CARTESIAN_POINT('',(2.1,35.45,0.));
#1311 = DIRECTION('',(0.,0.,1.));
#1312 = DIRECTION('',(-1.,0.,0.));
#1313 = ADVANCED_FACE('',(#1314),#1332,.T.);
#1314 = FACE_BOUND('',#1315,.T.);
#1315 = EDGE_LOOP('',(#1316,#1324,#1325,#1326));
#1316 = ORIENTED_EDGE('',*,*,#1317,.F.);
#1317 = EDGE_CURVE('',#790,#1318,#1320,.T.);
#1318 = VERTEX_POINT('',#1319);
#1319 = CARTESIAN_POINT('',(64.55,40.45,11.96));
#1320 = LINE('',#1321,#1322);
#1321 = CARTESIAN_POINT('',(64.55,40.45,0.));
#1322 = VECTOR('',#1323,1.);
#1323 = DIRECTION('',(0.,0.,1.));
#1324 = ORIENTED_EDGE('',*,*,#789,.F.);
#1325 = ORIENTED_EDGE('',*,*,#1294,.T.);
#1326 = ORIENTED_EDGE('',*,*,#1327,.T.);
#1327 = EDGE_CURVE('',#1286,#1318,#1328,.T.);
#1328 = LINE('',#1329,#1330);
#1329 = CARTESIAN_POINT('',(-51.45,40.45,11.96));
#1330 = VECTOR('',#1331,1.);
#1331 = DIRECTION('',(1.,0.,0.));
#1332 = PLANE('',#1333);
#1333 = AXIS2_PLACEMENT_3D('',#1334,#1335,#1336);
#1334 = CARTESIAN_POINT('',(33.325,40.45,5.23));
#1335 = DIRECTION('',(0.,1.,4.5E-16));
#1336 = DIRECTION('',(0.,-4.5E-16,1.));
#1337 = ADVANCED_FACE('',(#1338),#1357,.T.);
#1338 = FACE_BOUND('',#1339,.T.);
#1339 = EDGE_LOOP('',(#1340,#1341,#1350,#1356));
#1340 = ORIENTED_EDGE('',*,*,#1317,.T.);
#1341 = ORIENTED_EDGE('',*,*,#1342,.F.);
#1342 = EDGE_CURVE('',#1343,#1318,#1345,.T.);
#1343 = VERTEX_POINT('',#1344);
#1344 = CARTESIAN_POINT('',(69.55,35.45,11.96));
#1345 = CIRCLE('',#1346,5.);
#1346 = AXIS2_PLACEMENT_3D('',#1347,#1348,#1349);
#1347 = CARTESIAN_POINT('',(64.55,35.45,11.96));
#1348 = DIRECTION('',(0.,0.,1.));
#1349 = DIRECTION('',(1.,0.,0.));
#1350 = ORIENTED_EDGE('',*,*,#1351,.F.);
#1351 = EDGE_CURVE('',#878,#1343,#1352,.T.);
#1352 = LINE('',#1353,#1354);
#1353 = CARTESIAN_POINT('',(69.55,35.45,-2.5));
#1354 = VECTOR('',#1355,1.);
#1355 = DIRECTION('',(0.,0.,1.));
#1356 = ORIENTED_EDGE('',*,*,#877,.F.);
#1357 = CYLINDRICAL_SURFACE('',#1358,5.);
#1358 = AXIS2_PLACEMENT_3D('',#1359,#1360,#1361);
#1359 = CARTESIAN_POINT('',(64.55,35.45,0.));
#1360 = DIRECTION('',(0.,0.,1.));
#1361 = DIRECTION('',(1.,0.,0.));
#1362 = ADVANCED_FACE('',(#1363),#1498,.T.);
#1363 = FACE_BOUND('',#1364,.T.);
#1364 = EDGE_LOOP('',(#1365,#1366,#1367,#1368,#1376,#1385,#1394,#1403,
    #1412,#1421,#1430,#1438,#1447,#1456,#1465,#1474,#1483,#1492));
#1365 = ORIENTED_EDGE('',*,*,#1086,.F.);
#1366 = ORIENTED_EDGE('',*,*,#923,.F.);
#1367 = ORIENTED_EDGE('',*,*,#1351,.T.);
#1368 = ORIENTED_EDGE('',*,*,#1369,.T.);
#1369 = EDGE_CURVE('',#1343,#1370,#1372,.T.);
#1370 = VERTEX_POINT('',#1371);
#1371 = CARTESIAN_POINT('',(69.55,33.38,11.96));
#1372 = LINE('',#1373,#1374);
#1373 = CARTESIAN_POINT('',(69.55,-51.45,11.96));
#1374 = VECTOR('',#1375,1.);
#1375 = DIRECTION('',(0.,-1.,0.));
#1376 = ORIENTED_EDGE('',*,*,#1377,.F.);
#1377 = EDGE_CURVE('',#1378,#1370,#1380,.T.);
#1378 = VERTEX_POINT('',#1379);
#1379 = CARTESIAN_POINT('',(69.55,33.1,10.148481300124));
#1380 = CIRCLE('',#1381,6.);
#1381 = AXIS2_PLACEMENT_3D('',#1382,#1383,#1384);
#1382 = CARTESIAN_POINT('',(69.55,27.38,11.96));
#1383 = DIRECTION('',(1.,0.,-0.));
#1384 = DIRECTION('',(0.,0.,1.));
#1385 = ORIENTED_EDGE('',*,*,#1386,.F.);
#1386 = EDGE_CURVE('',#1387,#1378,#1389,.T.);
#1387 = VERTEX_POINT('',#1388);
#1388 = CARTESIAN_POINT('',(69.55,29.06,6.2));
#1389 = CIRCLE('',#1390,6.);
#1390 = AXIS2_PLACEMENT_3D('',#1391,#1392,#1393);
#1391 = CARTESIAN_POINT('',(69.55,27.38,11.96));
#1392 = DIRECTION('',(1.,0.,-0.));
#1393 = DIRECTION('',(0.,0.,1.));
#1394 = ORIENTED_EDGE('',*,*,#1395,.F.);
#1395 = EDGE_CURVE('',#1396,#1387,#1398,.T.);
#1396 = VERTEX_POINT('',#1397);
#1397 = CARTESIAN_POINT('',(69.55,28.071664658632,6.));
#1398 = CIRCLE('',#1399,6.);
#1399 = AXIS2_PLACEMENT_3D('',#1400,#1401,#1402);
#1400 = CARTESIAN_POINT('',(69.55,27.38,11.96));
#1401 = DIRECTION('',(1.,0.,-0.));
#1402 = DIRECTION('',(0.,0.,1.));
#1403 = ORIENTED_EDGE('',*,*,#1404,.F.);
#1404 = EDGE_CURVE('',#1405,#1396,#1407,.T.);
#1405 = VERTEX_POINT('',#1406);
#1406 = CARTESIAN_POINT('',(69.55,26.688335341368,6.));
#1407 = CIRCLE('',#1408,6.);
#1408 = AXIS2_PLACEMENT_3D('',#1409,#1410,#1411);
#1409 = CARTESIAN_POINT('',(69.55,27.38,11.96));
#1410 = DIRECTION('',(1.,0.,-0.));
#1411 = DIRECTION('',(0.,0.,1.));
#1412 = ORIENTED_EDGE('',*,*,#1413,.F.);
#1413 = EDGE_CURVE('',#1414,#1405,#1416,.T.);
#1414 = VERTEX_POINT('',#1415);
#1415 = CARTESIAN_POINT('',(69.55,25.7,6.2));
#1416 = CIRCLE('',#1417,6.);
#1417 = AXIS2_PLACEMENT_3D('',#1418,#1419,#1420);
#1418 = CARTESIAN_POINT('',(69.55,27.38,11.96));
#1419 = DIRECTION('',(1.,0.,-0.));
#1420 = DIRECTION('',(0.,0.,1.));
#1421 = ORIENTED_EDGE('',*,*,#1422,.F.);
#1422 = EDGE_CURVE('',#1423,#1414,#1425,.T.);
#1423 = VERTEX_POINT('',#1424);
#1424 = CARTESIAN_POINT('',(69.55,21.38,11.96));
#1425 = CIRCLE('',#1426,6.);
#1426 = AXIS2_PLACEMENT_3D('',#1427,#1428,#1429);
#1427 = CARTESIAN_POINT('',(69.55,27.38,11.96));
#1428 = DIRECTION('',(1.,0.,-0.));
#1429 = DIRECTION('',(0.,0.,1.));
#1430 = ORIENTED_EDGE('',*,*,#1431,.F.);
#1431 = EDGE_CURVE('',#1432,#1423,#1434,.T.);
#1432 = VERTEX_POINT('',#1433);
#1433 = CARTESIAN_POINT('',(69.55,16.73,11.96));
#1434 = LINE('',#1435,#1436);
#1435 = CARTESIAN_POINT('',(69.55,5.,11.96));
#1436 = VECTOR('',#1437,1.);
#1437 = DIRECTION('',(0.,1.,0.));
#1438 = ORIENTED_EDGE('',*,*,#1439,.F.);
#1439 = EDGE_CURVE('',#1440,#1432,#1442,.T.);
#1440 = VERTEX_POINT('',#1441);
#1441 = CARTESIAN_POINT('',(69.55,12.41,6.2));
#1442 = CIRCLE('',#1443,6.);
#1443 = AXIS2_PLACEMENT_3D('',#1444,#1445,#1446);
#1444 = CARTESIAN_POINT('',(69.55,10.73,11.96));
#1445 = DIRECTION('',(1.,0.,-0.));
#1446 = DIRECTION('',(0.,0.,1.));
#1447 = ORIENTED_EDGE('',*,*,#1448,.F.);
#1448 = EDGE_CURVE('',#1449,#1440,#1451,.T.);
#1449 = VERTEX_POINT('',#1450);
#1450 = CARTESIAN_POINT('',(69.55,11.421664658632,6.));
#1451 = CIRCLE('',#1452,6.);
#1452 = AXIS2_PLACEMENT_3D('',#1453,#1454,#1455);
#1453 = CARTESIAN_POINT('',(69.55,10.73,11.96));
#1454 = DIRECTION('',(1.,0.,-0.));
#1455 = DIRECTION('',(0.,0.,1.));
#1456 = ORIENTED_EDGE('',*,*,#1457,.F.);
#1457 = EDGE_CURVE('',#1458,#1449,#1460,.T.);
#1458 = VERTEX_POINT('',#1459);
#1459 = CARTESIAN_POINT('',(69.55,10.038335341368,6.));
#1460 = CIRCLE('',#1461,6.);
#1461 = AXIS2_PLACEMENT_3D('',#1462,#1463,#1464);
#1462 = CARTESIAN_POINT('',(69.55,10.73,11.96));
#1463 = DIRECTION('',(1.,0.,-0.));
#1464 = DIRECTION('',(0.,0.,1.));
#1465 = ORIENTED_EDGE('',*,*,#1466,.F.);
#1466 = EDGE_CURVE('',#1467,#1458,#1469,.T.);
#1467 = VERTEX_POINT('',#1468);
#1468 = CARTESIAN_POINT('',(69.55,9.05,6.2));
#1469 = CIRCLE('',#1470,6.);
#1470 = AXIS2_PLACEMENT_3D('',#1471,#1472,#1473);
#1471 = CARTESIAN_POINT('',(69.55,10.73,11.96));
#1472 = DIRECTION('',(1.,0.,-0.));
#1473 = DIRECTION('',(0.,0.,1.));
#1474 = ORIENTED_EDGE('',*,*,#1475,.F.);
#1475 = EDGE_CURVE('',#1476,#1467,#1478,.T.);
#1476 = VERTEX_POINT('',#1477);
#1477 = CARTESIAN_POINT('',(69.55,5.,10.180365206004));
#1478 = CIRCLE('',#1479,6.);
#1479 = AXIS2_PLACEMENT_3D('',#1480,#1481,#1482);
#1480 = CARTESIAN_POINT('',(69.55,10.73,11.96));
#1481 = DIRECTION('',(1.,0.,-0.));
#1482 = DIRECTION('',(0.,0.,1.));
#1483 = ORIENTED_EDGE('',*,*,#1484,.F.);
#1484 = EDGE_CURVE('',#1485,#1476,#1487,.T.);
#1485 = VERTEX_POINT('',#1486);
#1486 = CARTESIAN_POINT('',(69.55,4.73,11.96));
#1487 = CIRCLE('',#1488,6.);
#1488 = AXIS2_PLACEMENT_3D('',#1489,#1490,#1491);
#1489 = CARTESIAN_POINT('',(69.55,10.73,11.96));
#1490 = DIRECTION('',(1.,0.,-0.));
#1491 = DIRECTION('',(0.,0.,1.));
#1492 = ORIENTED_EDGE('',*,*,#1493,.T.);
#1493 = EDGE_CURVE('',#1485,#1087,#1494,.T.);
#1494 = LINE('',#1495,#1496);
#1495 = CARTESIAN_POINT('',(69.55,-51.45,11.96));
#1496 = VECTOR('',#1497,1.);
#1497 = DIRECTION('',(0.,-1.,0.));
#1498 = PLANE('',#1499);
#1499 = AXIS2_PLACEMENT_3D('',#1500,#1501,#1502);
#1500 = CARTESIAN_POINT('',(69.55,18.810427638985,4.752988427112));
#1501 = DIRECTION('',(1.,0.,0.));
#1502 = DIRECTION('',(0.,0.,1.));
#1503 = ADVANCED_FACE('',(#1504,#1511),#1558,.T.);
#1504 = FACE_BOUND('',#1505,.T.);
#1505 = EDGE_LOOP('',(#1506,#1507,#1508,#1509,#1510));
#1506 = ORIENTED_EDGE('',*,*,#966,.F.);
#1507 = ORIENTED_EDGE('',*,*,#975,.F.);
#1508 = ORIENTED_EDGE('',*,*,#984,.F.);
#1509 = ORIENTED_EDGE('',*,*,#948,.F.);
#1510 = ORIENTED_EDGE('',*,*,#957,.F.);
#1511 = FACE_BOUND('',#1512,.T.);
#1512 = EDGE_LOOP('',(#1513,#1524,#1533,#1542,#1551));
#1513 = ORIENTED_EDGE('',*,*,#1514,.T.);
#1514 = EDGE_CURVE('',#1515,#1517,#1519,.T.);
#1515 = VERTEX_POINT('',#1516);
#1516 = CARTESIAN_POINT('',(63.004011194697,2.108116501482,-0.8));
#1517 = VERTEX_POINT('',#1518);
#1518 = CARTESIAN_POINT('',(64.1862597642,1.566870658329,-0.8));
#1519 = CIRCLE('',#1520,1.15);
#1520 = AXIS2_PLACEMENT_3D('',#1521,#1522,#1523);
#1521 = CARTESIAN_POINT('',(63.99,2.7,-0.8));
#1522 = DIRECTION('',(0.,0.,1.));
#1523 = DIRECTION('',(1.,0.,0.));
#1524 = ORIENTED_EDGE('',*,*,#1525,.T.);
#1525 = EDGE_CURVE('',#1517,#1526,#1528,.T.);
#1526 = VERTEX_POINT('',#1527);
#1527 = CARTESIAN_POINT('',(65.118433495078,2.478329417409,-0.8));
#1528 = CIRCLE('',#1529,1.15);
#1529 = AXIS2_PLACEMENT_3D('',#1530,#1531,#1532);
#1530 = CARTESIAN_POINT('',(63.99,2.7,-0.8));
#1531 = DIRECTION('',(0.,0.,1.));
#1532 = DIRECTION('',(1.,0.,0.));
#1533 = ORIENTED_EDGE('',*,*,#1534,.T.);
#1534 = EDGE_CURVE('',#1526,#1535,#1537,.T.);
#1535 = VERTEX_POINT('',#1536);
#1536 = CARTESIAN_POINT('',(65.14,2.7,-0.8));
#1537 = CIRCLE('',#1538,1.15);
#1538 = AXIS2_PLACEMENT_3D('',#1539,#1540,#1541);
#1539 = CARTESIAN_POINT('',(63.99,2.7,-0.8));
#1540 = DIRECTION('',(0.,0.,1.));
#1541 = DIRECTION('',(1.,0.,0.));
#1542 = ORIENTED_EDGE('',*,*,#1543,.T.);
#1543 = EDGE_CURVE('',#1535,#1544,#1546,.T.);
#1544 = VERTEX_POINT('',#1545);
#1545 = CARTESIAN_POINT('',(64.603888325626,3.672440807279,-0.8));
#1546 = CIRCLE('',#1547,1.15);
#1547 = AXIS2_PLACEMENT_3D('',#1548,#1549,#1550);
#1548 = CARTESIAN_POINT('',(63.99,2.7,-0.8));
#1549 = DIRECTION('',(0.,0.,1.));
#1550 = DIRECTION('',(1.,0.,0.));
#1551 = ORIENTED_EDGE('',*,*,#1552,.T.);
#1552 = EDGE_CURVE('',#1544,#1515,#1553,.T.);
#1553 = CIRCLE('',#1554,1.15);
#1554 = AXIS2_PLACEMENT_3D('',#1555,#1556,#1557);
#1555 = CARTESIAN_POINT('',(63.99,2.7,-0.8));
#1556 = DIRECTION('',(0.,0.,1.));
#1557 = DIRECTION('',(1.,0.,0.));
#1558 = PLANE('',#1559);
#1559 = AXIS2_PLACEMENT_3D('',#1560,#1561,#1562);
#1560 = CARTESIAN_POINT('',(64.066746188342,2.621988057696,-0.8));
#1561 = DIRECTION('',(-0.,-0.,-1.));
#1562 = DIRECTION('',(-1.,0.,0.));
#1563 = ADVANCED_FACE('',(#1564,#1567),#1578,.F.);
#1564 = FACE_BOUND('',#1565,.F.);
#1565 = EDGE_LOOP('',(#1566));
#1566 = ORIENTED_EDGE('',*,*,#1012,.T.);
#1567 = FACE_BOUND('',#1568,.F.);
#1568 = EDGE_LOOP('',(#1569));
#1569 = ORIENTED_EDGE('',*,*,#1570,.F.);
#1570 = EDGE_CURVE('',#1571,#1571,#1573,.T.);
#1571 = VERTEX_POINT('',#1572);
#1572 = CARTESIAN_POINT('',(18.42,34.97,-0.8));
#1573 = CIRCLE('',#1574,1.15);
#1574 = AXIS2_PLACEMENT_3D('',#1575,#1576,#1577);
#1575 = CARTESIAN_POINT('',(17.27,34.97,-0.8));
#1576 = DIRECTION('',(0.,0.,1.));
#1577 = DIRECTION('',(1.,0.,0.));
#1578 = PLANE('',#1579);
#1579 = AXIS2_PLACEMENT_3D('',#1580,#1581,#1582);
#1580 = CARTESIAN_POINT('',(17.27,34.97,-0.8));
#1581 = DIRECTION('',(0.,0.,1.));
#1582 = DIRECTION('',(1.,0.,0.));
#1583 = ADVANCED_FACE('',(#1584,#1613),#1618,.T.);
#1584 = FACE_BOUND('',#1585,.T.);
#1585 = EDGE_LOOP('',(#1586,#1597,#1606));
#1586 = ORIENTED_EDGE('',*,*,#1587,.T.);
#1587 = EDGE_CURVE('',#1588,#1590,#1592,.T.);
#1588 = VERTEX_POINT('',#1589);
#1589 = CARTESIAN_POINT('',(64.328521971264,37.582416330734,4.));
#1590 = VERTEX_POINT('',#1591);
#1591 = CARTESIAN_POINT('',(66.69,34.86,4.));
#1592 = CIRCLE('',#1593,2.75);
#1593 = AXIS2_PLACEMENT_3D('',#1594,#1595,#1596);
#1594 = CARTESIAN_POINT('',(63.94,34.86,4.));
#1595 = DIRECTION('',(0.,0.,1.));
#1596 = DIRECTION('',(1.,0.,0.));
#1597 = ORIENTED_EDGE('',*,*,#1598,.T.);
#1598 = EDGE_CURVE('',#1590,#1599,#1601,.T.);
#1599 = VERTEX_POINT('',#1600);
#1600 = CARTESIAN_POINT('',(66.666565063087,35.218249852409,4.));
#1601 = CIRCLE('',#1602,2.75);
#1602 = AXIS2_PLACEMENT_3D('',#1603,#1604,#1605);
#1603 = CARTESIAN_POINT('',(63.94,34.86,4.));
#1604 = DIRECTION('',(0.,0.,1.));
#1605 = DIRECTION('',(1.,0.,0.));
#1606 = ORIENTED_EDGE('',*,*,#1607,.T.);
#1607 = EDGE_CURVE('',#1599,#1588,#1608,.T.);
#1608 = CIRCLE('',#1609,2.75);
#1609 = AXIS2_PLACEMENT_3D('',#1610,#1611,#1612);
#1610 = CARTESIAN_POINT('',(63.94,34.86,4.));
#1611 = DIRECTION('',(0.,0.,1.));
#1612 = DIRECTION('',(1.,0.,0.));
#1613 = FACE_BOUND('',#1614,.T.);
#1614 = EDGE_LOOP('',(#1615,#1616,#1617));
#1615 = ORIENTED_EDGE('',*,*,#1059,.F.);
#1616 = ORIENTED_EDGE('',*,*,#1041,.F.);
#1617 = ORIENTED_EDGE('',*,*,#1050,.F.);
#1618 = PLANE('',#1619);
#1619 = AXIS2_PLACEMENT_3D('',#1620,#1621,#1622);
#1620 = CARTESIAN_POINT('',(64.076820055448,34.977528983475,4.));
#1621 = DIRECTION('',(0.,0.,1.));
#1622 = DIRECTION('',(1.,0.,0.));
#1623 = ADVANCED_FACE('',(#1624),#1753,.T.);
#1624 = FACE_BOUND('',#1625,.T.);
#1625 = EDGE_LOOP('',(#1626,#1627,#1628,#1629,#1630,#1638,#1646,#1654,
    #1662,#1670,#1678,#1687,#1696,#1704,#1712,#1721,#1729,#1738,#1746,
    #1752));
#1626 = ORIENTED_EDGE('',*,*,#1168,.T.);
#1627 = ORIENTED_EDGE('',*,*,#1119,.T.);
#1628 = ORIENTED_EDGE('',*,*,#1094,.T.);
#1629 = ORIENTED_EDGE('',*,*,#1493,.F.);
#1630 = ORIENTED_EDGE('',*,*,#1631,.F.);
#1631 = EDGE_CURVE('',#1632,#1485,#1634,.T.);
#1632 = VERTEX_POINT('',#1633);
#1633 = CARTESIAN_POINT('',(68.35,4.73,11.96));
#1634 = LINE('',#1635,#1636);
#1635 = CARTESIAN_POINT('',(68.35,4.73,11.96));
#1636 = VECTOR('',#1637,1.);
#1637 = DIRECTION('',(1.,0.,0.));
#1638 = ORIENTED_EDGE('',*,*,#1639,.T.);
#1639 = EDGE_CURVE('',#1632,#1640,#1642,.T.);
#1640 = VERTEX_POINT('',#1641);
#1641 = CARTESIAN_POINT('',(68.35,7.13,11.96));
#1642 = LINE('',#1643,#1644);
#1643 = CARTESIAN_POINT('',(68.35,-44.635,11.96));
#1644 = VECTOR('',#1645,1.);
#1645 = DIRECTION('',(0.,1.,0.));
#1646 = ORIENTED_EDGE('',*,*,#1647,.F.);
#1647 = EDGE_CURVE('',#1648,#1640,#1650,.T.);
#1648 = VERTEX_POINT('',#1649);
#1649 = CARTESIAN_POINT('',(67.15,7.13,11.96));
#1650 = LINE('',#1651,#1652);
#1651 = CARTESIAN_POINT('',(67.,7.13,11.96));
#1652 = VECTOR('',#1653,1.);
#1653 = DIRECTION('',(1.,0.,0.));
#1654 = ORIENTED_EDGE('',*,*,#1655,.T.);
#1655 = EDGE_CURVE('',#1648,#1656,#1658,.T.);
#1656 = VERTEX_POINT('',#1657);
#1657 = CARTESIAN_POINT('',(67.15,4.7,11.96));
#1658 = LINE('',#1659,#1660);
#1659 = CARTESIAN_POINT('',(67.15,-50.25,11.96));
#1660 = VECTOR('',#1661,1.);
#1661 = DIRECTION('',(0.,-1.,0.));
#1662 = ORIENTED_EDGE('',*,*,#1663,.T.);
#1663 = EDGE_CURVE('',#1656,#1664,#1666,.T.);
#1664 = VERTEX_POINT('',#1665);
#1665 = CARTESIAN_POINT('',(67.155,4.7,11.96));
#1666 = LINE('',#1667,#1668);
#1667 = CARTESIAN_POINT('',(65.9,4.7,11.96));
#1668 = VECTOR('',#1669,1.);
#1669 = DIRECTION('',(1.,0.,0.));
#1670 = ORIENTED_EDGE('',*,*,#1671,.F.);
#1671 = EDGE_CURVE('',#1672,#1664,#1674,.T.);
#1672 = VERTEX_POINT('',#1673);
#1673 = CARTESIAN_POINT('',(67.155,3.438427383024,11.96));
#1674 = LINE('',#1675,#1676);
#1675 = CARTESIAN_POINT('',(67.155,-0.5,11.96));
#1676 = VECTOR('',#1677,1.);
#1677 = DIRECTION('',(0.,1.,0.));
#1678 = ORIENTED_EDGE('',*,*,#1679,.F.);
#1679 = EDGE_CURVE('',#1680,#1672,#1682,.T.);
#1680 = VERTEX_POINT('',#1681);
#1681 = CARTESIAN_POINT('',(67.24,2.7,11.96));
#1682 = CIRCLE('',#1683,3.25);
#1683 = AXIS2_PLACEMENT_3D('',#1684,#1685,#1686);
#1684 = CARTESIAN_POINT('',(63.99,2.7,11.96));
#1685 = DIRECTION('',(0.,0.,1.));
#1686 = DIRECTION('',(1.,0.,0.));
#1687 = ORIENTED_EDGE('',*,*,#1688,.F.);
#1688 = EDGE_CURVE('',#1689,#1680,#1691,.T.);
#1689 = VERTEX_POINT('',#1690);
#1690 = CARTESIAN_POINT('',(67.155,1.961572616976,11.96));
#1691 = CIRCLE('',#1692,3.25);
#1692 = AXIS2_PLACEMENT_3D('',#1693,#1694,#1695);
#1693 = CARTESIAN_POINT('',(63.99,2.7,11.96));
#1694 = DIRECTION('',(0.,0.,1.));
#1695 = DIRECTION('',(1.,0.,0.));
#1696 = ORIENTED_EDGE('',*,*,#1697,.F.);
#1697 = EDGE_CURVE('',#1698,#1689,#1700,.T.);
#1698 = VERTEX_POINT('',#1699);
#1699 = CARTESIAN_POINT('',(67.155,-0.5,11.96));
#1700 = LINE('',#1701,#1702);
#1701 = CARTESIAN_POINT('',(67.155,-0.5,11.96));
#1702 = VECTOR('',#1703,1.);
#1703 = DIRECTION('',(0.,1.,0.));
#1704 = ORIENTED_EDGE('',*,*,#1705,.F.);
#1705 = EDGE_CURVE('',#1706,#1698,#1708,.T.);
#1706 = VERTEX_POINT('',#1707);
#1707 = CARTESIAN_POINT('',(64.55789083458,-0.5,11.96));
#1708 = LINE('',#1709,#1710);
#1709 = CARTESIAN_POINT('',(61.99,-0.5,11.96));
#1710 = VECTOR('',#1711,1.);
#1711 = DIRECTION('',(1.,0.,0.));
#1712 = ORIENTED_EDGE('',*,*,#1713,.F.);
#1713 = EDGE_CURVE('',#1714,#1706,#1716,.T.);
#1714 = VERTEX_POINT('',#1715);
#1715 = CARTESIAN_POINT('',(63.42210916542,-0.5,11.96));
#1716 = CIRCLE('',#1717,3.25);
#1717 = AXIS2_PLACEMENT_3D('',#1718,#1719,#1720);
#1718 = CARTESIAN_POINT('',(63.99,2.7,11.96));
#1719 = DIRECTION('',(0.,0.,1.));
#1720 = DIRECTION('',(1.,0.,0.));
#1721 = ORIENTED_EDGE('',*,*,#1722,.F.);
#1722 = EDGE_CURVE('',#1723,#1714,#1725,.T.);
#1723 = VERTEX_POINT('',#1724);
#1724 = CARTESIAN_POINT('',(0.9,-0.5,11.96));
#1725 = LINE('',#1726,#1727);
#1726 = CARTESIAN_POINT('',(61.99,-0.5,11.96));
#1727 = VECTOR('',#1728,1.);
#1728 = DIRECTION('',(1.,0.,0.));
#1729 = ORIENTED_EDGE('',*,*,#1730,.F.);
#1730 = EDGE_CURVE('',#1731,#1723,#1733,.T.);
#1731 = VERTEX_POINT('',#1732);
#1732 = CARTESIAN_POINT('',(-0.5,0.9,11.96));
#1733 = CIRCLE('',#1734,1.4);
#1734 = AXIS2_PLACEMENT_3D('',#1735,#1736,#1737);
#1735 = CARTESIAN_POINT('',(0.9,0.9,11.96));
#1736 = DIRECTION('',(0.,0.,1.));
#1737 = DIRECTION('',(-1.,0.,0.));
#1738 = ORIENTED_EDGE('',*,*,#1739,.F.);
#1739 = EDGE_CURVE('',#1740,#1731,#1742,.T.);
#1740 = VERTEX_POINT('',#1741);
#1741 = CARTESIAN_POINT('',(-0.5,23.03,11.96));
#1742 = LINE('',#1743,#1744);
#1743 = CARTESIAN_POINT('',(-0.5,-5.25,11.96));
#1744 = VECTOR('',#1745,1.);
#1745 = DIRECTION('',(0.,-1.,0.));
#1746 = ORIENTED_EDGE('',*,*,#1747,.F.);
#1747 = EDGE_CURVE('',#1193,#1740,#1748,.T.);
#1748 = LINE('',#1749,#1750);
#1749 = CARTESIAN_POINT('',(-2.9,23.03,11.96));
#1750 = VECTOR('',#1751,1.);
#1751 = DIRECTION('',(1.,0.,0.));
#1752 = ORIENTED_EDGE('',*,*,#1192,.F.);
#1753 = PLANE('',#1754);
#1754 = AXIS2_PLACEMENT_3D('',#1755,#1756,#1757);
#1755 = CARTESIAN_POINT('',(28.037282490478,2.009890046929,11.96));
#1756 = DIRECTION('',(0.,0.,1.));
#1757 = DIRECTION('',(1.,0.,0.));
#1758 = ADVANCED_FACE('',(#1759),#1784,.T.);
#1759 = FACE_BOUND('',#1760,.T.);
#1760 = EDGE_LOOP('',(#1761,#1769,#1770,#1778));
#1761 = ORIENTED_EDGE('',*,*,#1762,.F.);
#1762 = EDGE_CURVE('',#1130,#1763,#1765,.T.);
#1763 = VERTEX_POINT('',#1764);
#1764 = CARTESIAN_POINT('',(3.8,-0.5,8.));
#1765 = LINE('',#1766,#1767);
#1766 = CARTESIAN_POINT('',(3.8,-3.1,8.));
#1767 = VECTOR('',#1768,1.);
#1768 = DIRECTION('',(0.,1.,0.));
#1769 = ORIENTED_EDGE('',*,*,#1127,.F.);
#1770 = ORIENTED_EDGE('',*,*,#1771,.T.);
#1771 = EDGE_CURVE('',#1128,#1772,#1774,.T.);
#1772 = VERTEX_POINT('',#1773);
#1773 = CARTESIAN_POINT('',(8.2,-0.5,8.));
#1774 = LINE('',#1775,#1776);
#1775 = CARTESIAN_POINT('',(8.2,-3.1,8.));
#1776 = VECTOR('',#1777,1.);
#1777 = DIRECTION('',(0.,1.,0.));
#1778 = ORIENTED_EDGE('',*,*,#1779,.F.);
#1779 = EDGE_CURVE('',#1763,#1772,#1780,.T.);
#1780 = LINE('',#1781,#1782);
#1781 = CARTESIAN_POINT('',(19.9400140194,-0.5,8.));
#1782 = VECTOR('',#1783,1.);
#1783 = DIRECTION('',(1.,0.,0.));
#1784 = PLANE('',#1785);
#1785 = AXIS2_PLACEMENT_3D('',#1786,#1787,#1788);
#1786 = CARTESIAN_POINT('',(3.8,-3.1,8.));
#1787 = DIRECTION('',(0.,0.,1.));
#1788 = DIRECTION('',(1.,0.,0.));
#1789 = ADVANCED_FACE('',(#1790),#1808,.F.);
#1790 = FACE_BOUND('',#1791,.F.);
#1791 = EDGE_LOOP('',(#1792,#1800,#1801,#1802));
#1792 = ORIENTED_EDGE('',*,*,#1793,.F.);
#1793 = EDGE_CURVE('',#1146,#1794,#1796,.T.);
#1794 = VERTEX_POINT('',#1795);
#1795 = CARTESIAN_POINT('',(8.2,-0.5,9.9));
#1796 = LINE('',#1797,#1798);
#1797 = CARTESIAN_POINT('',(8.2,-3.1,9.9));
#1798 = VECTOR('',#1799,1.);
#1799 = DIRECTION('',(0.,1.,0.));
#1800 = ORIENTED_EDGE('',*,*,#1153,.F.);
#1801 = ORIENTED_EDGE('',*,*,#1771,.T.);
#1802 = ORIENTED_EDGE('',*,*,#1803,.F.);
#1803 = EDGE_CURVE('',#1794,#1772,#1804,.T.);
#1804 = LINE('',#1805,#1806);
#1805 = CARTESIAN_POINT('',(8.2,-0.5,7.447247340362));
#1806 = VECTOR('',#1807,1.);
#1807 = DIRECTION('',(0.,0.,-1.));
#1808 = PLANE('',#1809);
#1809 = AXIS2_PLACEMENT_3D('',#1810,#1811,#1812);
#1810 = CARTESIAN_POINT('',(8.2,-3.1,8.));
#1811 = DIRECTION('',(1.,0.,0.));
#1812 = DIRECTION('',(0.,0.,1.));
#1813 = ADVANCED_FACE('',(#1814),#1832,.F.);
#1814 = FACE_BOUND('',#1815,.F.);
#1815 = EDGE_LOOP('',(#1816,#1824,#1825,#1826));
#1816 = ORIENTED_EDGE('',*,*,#1817,.F.);
#1817 = EDGE_CURVE('',#1138,#1818,#1820,.T.);
#1818 = VERTEX_POINT('',#1819);
#1819 = CARTESIAN_POINT('',(3.8,-0.5,9.9));
#1820 = LINE('',#1821,#1822);
#1821 = CARTESIAN_POINT('',(3.8,-3.1,9.9));
#1822 = VECTOR('',#1823,1.);
#1823 = DIRECTION('',(0.,1.,0.));
#1824 = ORIENTED_EDGE('',*,*,#1145,.F.);
#1825 = ORIENTED_EDGE('',*,*,#1793,.T.);
#1826 = ORIENTED_EDGE('',*,*,#1827,.F.);
#1827 = EDGE_CURVE('',#1818,#1794,#1828,.T.);
#1828 = LINE('',#1829,#1830);
#1829 = CARTESIAN_POINT('',(19.9400140194,-0.5,9.9));
#1830 = VECTOR('',#1831,1.);
#1831 = DIRECTION('',(1.,0.,0.));
#1832 = PLANE('',#1833);
#1833 = AXIS2_PLACEMENT_3D('',#1834,#1835,#1836);
#1834 = CARTESIAN_POINT('',(3.8,-3.1,9.9));
#1835 = DIRECTION('',(0.,0.,1.));
#1836 = DIRECTION('',(1.,0.,0.));
#1837 = ADVANCED_FACE('',(#1838),#1849,.T.);
#1838 = FACE_BOUND('',#1839,.T.);
#1839 = EDGE_LOOP('',(#1840,#1841,#1842,#1843));
#1840 = ORIENTED_EDGE('',*,*,#1817,.F.);
#1841 = ORIENTED_EDGE('',*,*,#1137,.F.);
#1842 = ORIENTED_EDGE('',*,*,#1762,.T.);
#1843 = ORIENTED_EDGE('',*,*,#1844,.F.);
#1844 = EDGE_CURVE('',#1818,#1763,#1845,.T.);
#1845 = LINE('',#1846,#1847);
#1846 = CARTESIAN_POINT('',(3.8,-0.5,7.447247340362));
#1847 = VECTOR('',#1848,1.);
#1848 = DIRECTION('',(0.,0.,-1.));
#1849 = PLANE('',#1850);
#1850 = AXIS2_PLACEMENT_3D('',#1851,#1852,#1853);
#1851 = CARTESIAN_POINT('',(3.8,-3.1,8.));
#1852 = DIRECTION('',(1.,0.,0.));
#1853 = DIRECTION('',(0.,0.,1.));
#1854 = ADVANCED_FACE('',(#1855),#1873,.T.);
#1855 = FACE_BOUND('',#1856,.T.);
#1856 = EDGE_LOOP('',(#1857,#1865,#1866,#1867));
#1857 = ORIENTED_EDGE('',*,*,#1858,.F.);
#1858 = EDGE_CURVE('',#1201,#1859,#1861,.T.);
#1859 = VERTEX_POINT('',#1860);
#1860 = CARTESIAN_POINT('',(-0.5,23.03,4.5));
#1861 = LINE('',#1862,#1863);
#1862 = CARTESIAN_POINT('',(-2.9,23.03,4.5));
#1863 = VECTOR('',#1864,1.);
#1864 = DIRECTION('',(1.,0.,0.));
#1865 = ORIENTED_EDGE('',*,*,#1200,.T.);
#1866 = ORIENTED_EDGE('',*,*,#1747,.T.);
#1867 = ORIENTED_EDGE('',*,*,#1868,.F.);
#1868 = EDGE_CURVE('',#1859,#1740,#1869,.T.);
#1869 = LINE('',#1870,#1871);
#1870 = CARTESIAN_POINT('',(-0.5,23.03,4.5));
#1871 = VECTOR('',#1872,1.);
#1872 = DIRECTION('',(0.,0.,1.));
#1873 = PLANE('',#1874);
#1874 = AXIS2_PLACEMENT_3D('',#1875,#1876,#1877);
#1875 = CARTESIAN_POINT('',(-2.9,23.03,4.5));
#1876 = DIRECTION('',(0.,1.,0.));
#1877 = DIRECTION('',(0.,0.,1.));
#1878 = ADVANCED_FACE('',(#1879),#1898,.T.);
#1879 = FACE_BOUND('',#1880,.T.);
#1880 = EDGE_LOOP('',(#1881,#1889,#1890,#1891,#1892));
#1881 = ORIENTED_EDGE('',*,*,#1882,.F.);
#1882 = EDGE_CURVE('',#1267,#1883,#1885,.T.);
#1883 = VERTEX_POINT('',#1884);
#1884 = CARTESIAN_POINT('',(-0.5,36.03,4.5));
#1885 = LINE('',#1886,#1887);
#1886 = CARTESIAN_POINT('',(-3.2,36.03,4.5));
#1887 = VECTOR('',#1888,1.);
#1888 = DIRECTION('',(1.,0.,0.));
#1889 = ORIENTED_EDGE('',*,*,#1302,.T.);
#1890 = ORIENTED_EDGE('',*,*,#1208,.T.);
#1891 = ORIENTED_EDGE('',*,*,#1858,.T.);
#1892 = ORIENTED_EDGE('',*,*,#1893,.F.);
#1893 = EDGE_CURVE('',#1883,#1859,#1894,.T.);
#1894 = LINE('',#1895,#1896);
#1895 = CARTESIAN_POINT('',(-0.5,10.765,4.5));
#1896 = VECTOR('',#1897,1.);
#1897 = DIRECTION('',(0.,-1.,0.));
#1898 = PLANE('',#1899);
#1899 = AXIS2_PLACEMENT_3D('',#1900,#1901,#1902);
#1900 = CARTESIAN_POINT('',(-1.686572904409,29.492368771265,4.5));
#1901 = DIRECTION('',(0.,0.,1.));
#1902 = DIRECTION('',(1.,0.,0.));
#1903 = ADVANCED_FACE('',(#1904),#1929,.F.);
#1904 = FACE_BOUND('',#1905,.F.);
#1905 = EDGE_LOOP('',(#1906,#1914,#1915,#1923));
#1906 = ORIENTED_EDGE('',*,*,#1907,.F.);
#1907 = EDGE_CURVE('',#1229,#1908,#1910,.T.);
#1908 = VERTEX_POINT('',#1909);
#1909 = CARTESIAN_POINT('',(-0.5,7.4,9.9));
#1910 = LINE('',#1911,#1912);
#1911 = CARTESIAN_POINT('',(-3.1,7.4,9.9));
#1912 = VECTOR('',#1913,1.);
#1913 = DIRECTION('',(1.,0.,0.));
#1914 = ORIENTED_EDGE('',*,*,#1226,.F.);
#1915 = ORIENTED_EDGE('',*,*,#1916,.T.);
#1916 = EDGE_CURVE('',#1227,#1917,#1919,.T.);
#1917 = VERTEX_POINT('',#1918);
#1918 = CARTESIAN_POINT('',(-0.5,3.,9.9));
#1919 = LINE('',#1920,#1921);
#1920 = CARTESIAN_POINT('',(-3.1,3.,9.9));
#1921 = VECTOR('',#1922,1.);
#1922 = DIRECTION('',(1.,0.,0.));
#1923 = ORIENTED_EDGE('',*,*,#1924,.F.);
#1924 = EDGE_CURVE('',#1908,#1917,#1925,.T.);
#1925 = LINE('',#1926,#1927);
#1926 = CARTESIAN_POINT('',(-0.5,11.634959474567,9.9));
#1927 = VECTOR('',#1928,1.);
#1928 = DIRECTION('',(0.,-1.,0.));
#1929 = PLANE('',#1930);
#1930 = AXIS2_PLACEMENT_3D('',#1931,#1932,#1933);
#1931 = CARTESIAN_POINT('',(-3.1,3.,9.9));
#1932 = DIRECTION('',(0.,0.,1.));
#1933 = DIRECTION('',(1.,0.,0.));
#1934 = ADVANCED_FACE('',(#1935),#1953,.F.);
#1935 = FACE_BOUND('',#1936,.F.);
#1936 = EDGE_LOOP('',(#1937,#1945,#1946,#1947));
#1937 = ORIENTED_EDGE('',*,*,#1938,.F.);
#1938 = EDGE_CURVE('',#1245,#1939,#1941,.T.);
#1939 = VERTEX_POINT('',#1940);
#1940 = CARTESIAN_POINT('',(-0.5,7.4,8.));
#1941 = LINE('',#1942,#1943);
#1942 = CARTESIAN_POINT('',(-3.1,7.4,8.));
#1943 = VECTOR('',#1944,1.);
#1944 = DIRECTION('',(1.,0.,0.));
#1945 = ORIENTED_EDGE('',*,*,#1252,.F.);
#1946 = ORIENTED_EDGE('',*,*,#1907,.T.);
#1947 = ORIENTED_EDGE('',*,*,#1948,.F.);
#1948 = EDGE_CURVE('',#1939,#1908,#1949,.T.);
#1949 = LINE('',#1950,#1951);
#1950 = CARTESIAN_POINT('',(-0.5,7.4,7.017506055524));
#1951 = VECTOR('',#1952,1.);
#1952 = DIRECTION('',(0.,0.,1.));
#1953 = PLANE('',#1954);
#1954 = AXIS2_PLACEMENT_3D('',#1955,#1956,#1957);
#1955 = CARTESIAN_POINT('',(-3.1,7.4,8.));
#1956 = DIRECTION('',(0.,1.,0.));
#1957 = DIRECTION('',(0.,0.,1.));
#1958 = ADVANCED_FACE('',(#1959),#1977,.T.);
#1959 = FACE_BOUND('',#1960,.T.);
#1960 = EDGE_LOOP('',(#1961,#1962,#1963,#1971));
#1961 = ORIENTED_EDGE('',*,*,#1938,.F.);
#1962 = ORIENTED_EDGE('',*,*,#1244,.F.);
#1963 = ORIENTED_EDGE('',*,*,#1964,.T.);
#1964 = EDGE_CURVE('',#1237,#1965,#1967,.T.);
#1965 = VERTEX_POINT('',#1966);
#1966 = CARTESIAN_POINT('',(-0.5,3.,8.));
#1967 = LINE('',#1968,#1969);
#1968 = CARTESIAN_POINT('',(-3.1,3.,8.));
#1969 = VECTOR('',#1970,1.);
#1970 = DIRECTION('',(1.,0.,0.));
#1971 = ORIENTED_EDGE('',*,*,#1972,.F.);
#1972 = EDGE_CURVE('',#1939,#1965,#1973,.T.);
#1973 = LINE('',#1974,#1975);
#1974 = CARTESIAN_POINT('',(-0.5,11.634959474567,8.));
#1975 = VECTOR('',#1976,1.);
#1976 = DIRECTION('',(0.,-1.,0.));
#1977 = PLANE('',#1978);
#1978 = AXIS2_PLACEMENT_3D('',#1979,#1980,#1981);
#1979 = CARTESIAN_POINT('',(-3.1,3.,8.));
#1980 = DIRECTION('',(0.,0.,1.));
#1981 = DIRECTION('',(1.,0.,0.));
#1982 = ADVANCED_FACE('',(#1983),#1994,.T.);
#1983 = FACE_BOUND('',#1984,.T.);
#1984 = EDGE_LOOP('',(#1985,#1986,#1987,#1988));
#1985 = ORIENTED_EDGE('',*,*,#1964,.F.);
#1986 = ORIENTED_EDGE('',*,*,#1236,.F.);
#1987 = ORIENTED_EDGE('',*,*,#1916,.T.);
#1988 = ORIENTED_EDGE('',*,*,#1989,.F.);
#1989 = EDGE_CURVE('',#1965,#1917,#1990,.T.);
#1990 = LINE('',#1991,#1992);
#1991 = CARTESIAN_POINT('',(-0.5,3.,7.017506055524));
#1992 = VECTOR('',#1993,1.);
#1993 = DIRECTION('',(0.,0.,1.));
#1994 = PLANE('',#1995);
#1995 = AXIS2_PLACEMENT_3D('',#1996,#1997,#1998);
#1996 = CARTESIAN_POINT('',(-3.1,3.,8.));
#1997 = DIRECTION('',(0.,1.,0.));
#1998 = DIRECTION('',(0.,0.,1.));
#1999 = ADVANCED_FACE('',(#2000),#2018,.F.);
#2000 = FACE_BOUND('',#2001,.F.);
#2001 = EDGE_LOOP('',(#2002,#2003,#2004,#2012));
#2002 = ORIENTED_EDGE('',*,*,#1882,.F.);
#2003 = ORIENTED_EDGE('',*,*,#1266,.T.);
#2004 = ORIENTED_EDGE('',*,*,#2005,.T.);
#2005 = EDGE_CURVE('',#1269,#2006,#2008,.T.);
#2006 = VERTEX_POINT('',#2007);
#2007 = CARTESIAN_POINT('',(-0.5,36.03,11.96));
#2008 = LINE('',#2009,#2010);
#2009 = CARTESIAN_POINT('',(-3.2,36.03,11.96));
#2010 = VECTOR('',#2011,1.);
#2011 = DIRECTION('',(1.,0.,0.));
#2012 = ORIENTED_EDGE('',*,*,#2013,.T.);
#2013 = EDGE_CURVE('',#2006,#1883,#2014,.T.);
#2014 = LINE('',#2015,#2016);
#2015 = CARTESIAN_POINT('',(-0.5,36.03,4.5));
#2016 = VECTOR('',#2017,1.);
#2017 = DIRECTION('',(0.,0.,-1.));
#2018 = PLANE('',#2019);
#2019 = AXIS2_PLACEMENT_3D('',#2020,#2021,#2022);
#2020 = CARTESIAN_POINT('',(-3.2,36.03,4.5));
#2021 = DIRECTION('',(0.,1.,0.));
#2022 = DIRECTION('',(0.,0.,1.));
#2023 = ADVANCED_FACE('',(#2024),#2172,.T.);
#2024 = FACE_BOUND('',#2025,.T.);
#2025 = EDGE_LOOP('',(#2026,#2037,#2045,#2054,#2062,#2070,#2079,#2088,
    #2096,#2104,#2112,#2120,#2128,#2134,#2135,#2136,#2137,#2138,#2139,
    #2140,#2148,#2157,#2166));
#2026 = ORIENTED_EDGE('',*,*,#2027,.F.);
#2027 = EDGE_CURVE('',#2028,#2030,#2032,.T.);
#2028 = VERTEX_POINT('',#2029);
#2029 = CARTESIAN_POINT('',(18.307352399139,38.05,11.96));
#2030 = VERTEX_POINT('',#2031);
#2031 = CARTESIAN_POINT('',(16.232647600861,38.05,11.96));
#2032 = CIRCLE('',#2033,3.25);
#2033 = AXIS2_PLACEMENT_3D('',#2034,#2035,#2036);
#2034 = CARTESIAN_POINT('',(17.27,34.97,11.96));
#2035 = DIRECTION('',(0.,0.,1.));
#2036 = DIRECTION('',(1.,0.,0.));
#2037 = ORIENTED_EDGE('',*,*,#2038,.T.);
#2038 = EDGE_CURVE('',#2028,#2039,#2041,.T.);
#2039 = VERTEX_POINT('',#2040);
#2040 = CARTESIAN_POINT('',(63.318389189283,38.05,11.96));
#2041 = LINE('',#2042,#2043);
#2042 = CARTESIAN_POINT('',(15.27,38.05,11.96));
#2043 = VECTOR('',#2044,1.);
#2044 = DIRECTION('',(1.,0.,0.));
#2045 = ORIENTED_EDGE('',*,*,#2046,.F.);
#2046 = EDGE_CURVE('',#2047,#2039,#2049,.T.);
#2047 = VERTEX_POINT('',#2048);
#2048 = CARTESIAN_POINT('',(64.561610810717,38.05,11.96));
#2049 = CIRCLE('',#2050,3.25);
#2050 = AXIS2_PLACEMENT_3D('',#2051,#2052,#2053);
#2051 = CARTESIAN_POINT('',(63.94,34.86,11.96));
#2052 = DIRECTION('',(0.,0.,1.));
#2053 = DIRECTION('',(1.,0.,0.));
#2054 = ORIENTED_EDGE('',*,*,#2055,.T.);
#2055 = EDGE_CURVE('',#2047,#2056,#2058,.T.);
#2056 = VERTEX_POINT('',#2057);
#2057 = CARTESIAN_POINT('',(67.155,38.05,11.96));
#2058 = LINE('',#2059,#2060);
#2059 = CARTESIAN_POINT('',(61.94,38.05,11.96));
#2060 = VECTOR('',#2061,1.);
#2061 = DIRECTION('',(1.,0.,0.));
#2062 = ORIENTED_EDGE('',*,*,#2063,.F.);
#2063 = EDGE_CURVE('',#2064,#2056,#2066,.T.);
#2064 = VERTEX_POINT('',#2065);
#2065 = CARTESIAN_POINT('',(67.155,35.335683718452,11.96));
#2066 = LINE('',#2067,#2068);
#2067 = CARTESIAN_POINT('',(67.155,32.86,11.96));
#2068 = VECTOR('',#2069,1.);
#2069 = DIRECTION('',(0.,1.,0.));
#2070 = ORIENTED_EDGE('',*,*,#2071,.F.);
#2071 = EDGE_CURVE('',#2072,#2064,#2074,.T.);
#2072 = VERTEX_POINT('',#2073);
#2073 = CARTESIAN_POINT('',(67.19,34.86,11.96));
#2074 = CIRCLE('',#2075,3.25);
#2075 = AXIS2_PLACEMENT_3D('',#2076,#2077,#2078);
#2076 = CARTESIAN_POINT('',(63.94,34.86,11.96));
#2077 = DIRECTION('',(0.,0.,1.));
#2078 = DIRECTION('',(1.,0.,0.));
#2079 = ORIENTED_EDGE('',*,*,#2080,.F.);
#2080 = EDGE_CURVE('',#2081,#2072,#2083,.T.);
#2081 = VERTEX_POINT('',#2082);
#2082 = CARTESIAN_POINT('',(67.155,34.384316281548,11.96));
#2083 = CIRCLE('',#2084,3.25);
#2084 = AXIS2_PLACEMENT_3D('',#2085,#2086,#2087);
#2085 = CARTESIAN_POINT('',(63.94,34.86,11.96));
#2086 = DIRECTION('',(0.,0.,1.));
#2087 = DIRECTION('',(1.,0.,0.));
#2088 = ORIENTED_EDGE('',*,*,#2089,.F.);
#2089 = EDGE_CURVE('',#2090,#2081,#2092,.T.);
#2090 = VERTEX_POINT('',#2091);
#2091 = CARTESIAN_POINT('',(67.155,32.86,11.96));
#2092 = LINE('',#2093,#2094);
#2093 = CARTESIAN_POINT('',(67.155,32.86,11.96));
#2094 = VECTOR('',#2095,1.);
#2095 = DIRECTION('',(0.,1.,0.));
#2096 = ORIENTED_EDGE('',*,*,#2097,.F.);
#2097 = EDGE_CURVE('',#2098,#2090,#2100,.T.);
#2098 = VERTEX_POINT('',#2099);
#2099 = CARTESIAN_POINT('',(67.15,32.86,11.96));
#2100 = LINE('',#2101,#2102);
#2101 = CARTESIAN_POINT('',(65.9,32.86,11.96));
#2102 = VECTOR('',#2103,1.);
#2103 = DIRECTION('',(1.,0.,0.));
#2104 = ORIENTED_EDGE('',*,*,#2105,.T.);
#2105 = EDGE_CURVE('',#2098,#2106,#2108,.T.);
#2106 = VERTEX_POINT('',#2107);
#2107 = CARTESIAN_POINT('',(67.15,30.98,11.96));
#2108 = LINE('',#2109,#2110);
#2109 = CARTESIAN_POINT('',(67.15,-50.25,11.96));
#2110 = VECTOR('',#2111,1.);
#2111 = DIRECTION('',(0.,-1.,0.));
#2112 = ORIENTED_EDGE('',*,*,#2113,.T.);
#2113 = EDGE_CURVE('',#2106,#2114,#2116,.T.);
#2114 = VERTEX_POINT('',#2115);
#2115 = CARTESIAN_POINT('',(68.35,30.98,11.96));
#2116 = LINE('',#2117,#2118);
#2117 = CARTESIAN_POINT('',(66.15,30.98,11.96));
#2118 = VECTOR('',#2119,1.);
#2119 = DIRECTION('',(1.,0.,0.));
#2120 = ORIENTED_EDGE('',*,*,#2121,.T.);
#2121 = EDGE_CURVE('',#2114,#2122,#2124,.T.);
#2122 = VERTEX_POINT('',#2123);
#2123 = CARTESIAN_POINT('',(68.35,33.38,11.96));
#2124 = LINE('',#2125,#2126);
#2125 = CARTESIAN_POINT('',(68.35,16.19,11.96));
#2126 = VECTOR('',#2127,1.);
#2127 = DIRECTION('',(0.,1.,0.));
#2128 = ORIENTED_EDGE('',*,*,#2129,.T.);
#2129 = EDGE_CURVE('',#2122,#1370,#2130,.T.);
#2130 = LINE('',#2131,#2132);
#2131 = CARTESIAN_POINT('',(68.35,33.38,11.96));
#2132 = VECTOR('',#2133,1.);
#2133 = DIRECTION('',(1.,0.,0.));
#2134 = ORIENTED_EDGE('',*,*,#1369,.F.);
#2135 = ORIENTED_EDGE('',*,*,#1342,.T.);
#2136 = ORIENTED_EDGE('',*,*,#1327,.F.);
#2137 = ORIENTED_EDGE('',*,*,#1285,.T.);
#2138 = ORIENTED_EDGE('',*,*,#1276,.T.);
#2139 = ORIENTED_EDGE('',*,*,#2005,.T.);
#2140 = ORIENTED_EDGE('',*,*,#2141,.T.);
#2141 = EDGE_CURVE('',#2006,#2142,#2144,.T.);
#2142 = VERTEX_POINT('',#2143);
#2143 = CARTESIAN_POINT('',(-0.5,36.65,11.96));
#2144 = LINE('',#2145,#2146);
#2145 = CARTESIAN_POINT('',(-0.5,0.,11.96));
#2146 = VECTOR('',#2147,1.);
#2147 = DIRECTION('',(0.,1.,0.));
#2148 = ORIENTED_EDGE('',*,*,#2149,.F.);
#2149 = EDGE_CURVE('',#2150,#2142,#2152,.T.);
#2150 = VERTEX_POINT('',#2151);
#2151 = CARTESIAN_POINT('',(-0.447442021016,37.03,11.96));
#2152 = CIRCLE('',#2153,1.4);
#2153 = AXIS2_PLACEMENT_3D('',#2154,#2155,#2156);
#2154 = CARTESIAN_POINT('',(0.9,36.65,11.96));
#2155 = DIRECTION('',(0.,0.,1.));
#2156 = DIRECTION('',(1.,0.,0.));
#2157 = ORIENTED_EDGE('',*,*,#2158,.F.);
#2158 = EDGE_CURVE('',#2159,#2150,#2161,.T.);
#2159 = VERTEX_POINT('',#2160);
#2160 = CARTESIAN_POINT('',(0.9,38.05,11.96));
#2161 = CIRCLE('',#2162,1.4);
#2162 = AXIS2_PLACEMENT_3D('',#2163,#2164,#2165);
#2163 = CARTESIAN_POINT('',(0.9,36.65,11.96));
#2164 = DIRECTION('',(0.,0.,1.));
#2165 = DIRECTION('',(-1.,0.,0.));
#2166 = ORIENTED_EDGE('',*,*,#2167,.T.);
#2167 = EDGE_CURVE('',#2159,#2030,#2168,.T.);
#2168 = LINE('',#2169,#2170);
#2169 = CARTESIAN_POINT('',(-5.25,38.05,11.96));
#2170 = VECTOR('',#2171,1.);
#2171 = DIRECTION('',(1.,0.,0.));
#2172 = PLANE('',#2173);
#2173 = AXIS2_PLACEMENT_3D('',#2174,#2175,#2176);
#2174 = CARTESIAN_POINT('',(35.605638975173,38.614372036614,11.96));
#2175 = DIRECTION('',(0.,0.,1.));
#2176 = DIRECTION('',(1.,0.,0.));
#2177 = ADVANCED_FACE('',(#2178),#2202,.F.);
#2178 = FACE_BOUND('',#2179,.F.);
#2179 = EDGE_LOOP('',(#2180,#2188,#2195,#2196,#2197,#2198,#2199,#2200,
    #2201));
#2180 = ORIENTED_EDGE('',*,*,#2181,.F.);
#2181 = EDGE_CURVE('',#2182,#1423,#2184,.T.);
#2182 = VERTEX_POINT('',#2183);
#2183 = CARTESIAN_POINT('',(68.35,21.38,11.96));
#2184 = LINE('',#2185,#2186);
#2185 = CARTESIAN_POINT('',(68.35,21.38,11.96));
#2186 = VECTOR('',#2187,1.);
#2187 = DIRECTION('',(1.,0.,0.));
#2188 = ORIENTED_EDGE('',*,*,#2189,.T.);
#2189 = EDGE_CURVE('',#2182,#2122,#2190,.T.);
#2190 = CIRCLE('',#2191,6.);
#2191 = AXIS2_PLACEMENT_3D('',#2192,#2193,#2194);
#2192 = CARTESIAN_POINT('',(68.35,27.38,11.96));
#2193 = DIRECTION('',(1.,0.,-0.));
#2194 = DIRECTION('',(0.,0.,1.));
#2195 = ORIENTED_EDGE('',*,*,#2129,.T.);
#2196 = ORIENTED_EDGE('',*,*,#1377,.F.);
#2197 = ORIENTED_EDGE('',*,*,#1386,.F.);
#2198 = ORIENTED_EDGE('',*,*,#1395,.F.);
#2199 = ORIENTED_EDGE('',*,*,#1404,.F.);
#2200 = ORIENTED_EDGE('',*,*,#1413,.F.);
#2201 = ORIENTED_EDGE('',*,*,#1422,.F.);
#2202 = CYLINDRICAL_SURFACE('',#2203,6.);
#2203 = AXIS2_PLACEMENT_3D('',#2204,#2205,#2206);
#2204 = CARTESIAN_POINT('',(68.35,27.38,11.96));
#2205 = DIRECTION('',(1.,0.,0.));
#2206 = DIRECTION('',(0.,0.,1.));
#2207 = ADVANCED_FACE('',(#2208),#2258,.T.);
#2208 = FACE_BOUND('',#2209,.T.);
#2209 = EDGE_LOOP('',(#2210,#2220,#2228,#2236,#2242,#2243,#2244,#2252));
#2210 = ORIENTED_EDGE('',*,*,#2211,.T.);
#2211 = EDGE_CURVE('',#2212,#2214,#2216,.T.);
#2212 = VERTEX_POINT('',#2213);
#2213 = CARTESIAN_POINT('',(67.15,23.78,11.96));
#2214 = VERTEX_POINT('',#2215);
#2215 = CARTESIAN_POINT('',(67.15,14.33,11.96));
#2216 = LINE('',#2217,#2218);
#2217 = CARTESIAN_POINT('',(67.15,-50.25,11.96));
#2218 = VECTOR('',#2219,1.);
#2219 = DIRECTION('',(0.,-1.,0.));
#2220 = ORIENTED_EDGE('',*,*,#2221,.T.);
#2221 = EDGE_CURVE('',#2214,#2222,#2224,.T.);
#2222 = VERTEX_POINT('',#2223);
#2223 = CARTESIAN_POINT('',(68.35,14.33,11.96));
#2224 = LINE('',#2225,#2226);
#2225 = CARTESIAN_POINT('',(66.15,14.33,11.96));
#2226 = VECTOR('',#2227,1.);
#2227 = DIRECTION('',(1.,0.,0.));
#2228 = ORIENTED_EDGE('',*,*,#2229,.T.);
#2229 = EDGE_CURVE('',#2222,#2230,#2232,.T.);
#2230 = VERTEX_POINT('',#2231);
#2231 = CARTESIAN_POINT('',(68.35,16.73,11.96));
#2232 = LINE('',#2233,#2234);
#2233 = CARTESIAN_POINT('',(68.35,7.865,11.96));
#2234 = VECTOR('',#2235,1.);
#2235 = DIRECTION('',(0.,1.,0.));
#2236 = ORIENTED_EDGE('',*,*,#2237,.T.);
#2237 = EDGE_CURVE('',#2230,#1432,#2238,.T.);
#2238 = LINE('',#2239,#2240);
#2239 = CARTESIAN_POINT('',(68.35,16.73,11.96));
#2240 = VECTOR('',#2241,1.);
#2241 = DIRECTION('',(1.,0.,0.));
#2242 = ORIENTED_EDGE('',*,*,#1431,.T.);
#2243 = ORIENTED_EDGE('',*,*,#2181,.F.);
#2244 = ORIENTED_EDGE('',*,*,#2245,.T.);
#2245 = EDGE_CURVE('',#2182,#2246,#2248,.T.);
#2246 = VERTEX_POINT('',#2247);
#2247 = CARTESIAN_POINT('',(68.35,23.78,11.96));
#2248 = LINE('',#2249,#2250);
#2249 = CARTESIAN_POINT('',(68.35,16.19,11.96));
#2250 = VECTOR('',#2251,1.);
#2251 = DIRECTION('',(0.,1.,0.));
#2252 = ORIENTED_EDGE('',*,*,#2253,.F.);
#2253 = EDGE_CURVE('',#2212,#2246,#2254,.T.);
#2254 = LINE('',#2255,#2256);
#2255 = CARTESIAN_POINT('',(67.,23.78,11.96));
#2256 = VECTOR('',#2257,1.);
#2257 = DIRECTION('',(1.,0.,0.));
#2258 = PLANE('',#2259);
#2259 = AXIS2_PLACEMENT_3D('',#2260,#2261,#2262);
#2260 = CARTESIAN_POINT('',(68.106962025316,19.055,11.96));
#2261 = DIRECTION('',(0.,0.,1.));
#2262 = DIRECTION('',(1.,0.,0.));
#2263 = ADVANCED_FACE('',(#2264),#2281,.F.);
#2264 = FACE_BOUND('',#2265,.F.);
#2265 = EDGE_LOOP('',(#2266,#2267,#2274,#2275,#2276,#2277,#2278,#2279,
    #2280));
#2266 = ORIENTED_EDGE('',*,*,#1631,.F.);
#2267 = ORIENTED_EDGE('',*,*,#2268,.T.);
#2268 = EDGE_CURVE('',#1632,#2230,#2269,.T.);
#2269 = CIRCLE('',#2270,6.);
#2270 = AXIS2_PLACEMENT_3D('',#2271,#2272,#2273);
#2271 = CARTESIAN_POINT('',(68.35,10.73,11.96));
#2272 = DIRECTION('',(1.,0.,-0.));
#2273 = DIRECTION('',(0.,0.,1.));
#2274 = ORIENTED_EDGE('',*,*,#2237,.T.);
#2275 = ORIENTED_EDGE('',*,*,#1439,.F.);
#2276 = ORIENTED_EDGE('',*,*,#1448,.F.);
#2277 = ORIENTED_EDGE('',*,*,#1457,.F.);
#2278 = ORIENTED_EDGE('',*,*,#1466,.F.);
#2279 = ORIENTED_EDGE('',*,*,#1475,.F.);
#2280 = ORIENTED_EDGE('',*,*,#1484,.F.);
#2281 = CYLINDRICAL_SURFACE('',#2282,6.);
#2282 = AXIS2_PLACEMENT_3D('',#2283,#2284,#2285);
#2283 = CARTESIAN_POINT('',(68.35,10.73,11.96));
#2284 = DIRECTION('',(1.,0.,0.));
#2285 = DIRECTION('',(0.,0.,1.));
#2286 = ADVANCED_FACE('',(#2287),#2327,.F.);
#2287 = FACE_BOUND('',#2288,.F.);
#2288 = EDGE_LOOP('',(#2289,#2290,#2297,#2306,#2315,#2322,#2323,#2324,
    #2325,#2326));
#2289 = ORIENTED_EDGE('',*,*,#1534,.T.);
#2290 = ORIENTED_EDGE('',*,*,#2291,.T.);
#2291 = EDGE_CURVE('',#1535,#2292,#2294,.T.);
#2292 = VERTEX_POINT('',#2293);
#2293 = CARTESIAN_POINT('',(65.14,2.7,4.));
#2294 = B_SPLINE_CURVE_WITH_KNOTS('',1,(#2295,#2296),.UNSPECIFIED.,.F.,
  .F.,(2,2),(2.2,7.),.PIECEWISE_BEZIER_KNOTS.);
#2295 = CARTESIAN_POINT('',(65.14,2.7,-0.8));
#2296 = CARTESIAN_POINT('',(65.14,2.7,4.));
#2297 = ORIENTED_EDGE('',*,*,#2298,.F.);
#2298 = EDGE_CURVE('',#2299,#2292,#2301,.T.);
#2299 = VERTEX_POINT('',#2300);
#2300 = CARTESIAN_POINT('',(65.118433495078,2.478329417409,4.));
#2301 = CIRCLE('',#2302,1.15);
#2302 = AXIS2_PLACEMENT_3D('',#2303,#2304,#2305);
#2303 = CARTESIAN_POINT('',(63.99,2.7,4.));
#2304 = DIRECTION('',(0.,0.,1.));
#2305 = DIRECTION('',(1.,0.,0.));
#2306 = ORIENTED_EDGE('',*,*,#2307,.F.);
#2307 = EDGE_CURVE('',#2308,#2299,#2310,.T.);
#2308 = VERTEX_POINT('',#2309);
#2309 = CARTESIAN_POINT('',(64.1862597642,1.566870658329,4.));
#2310 = CIRCLE('',#2311,1.15);
#2311 = AXIS2_PLACEMENT_3D('',#2312,#2313,#2314);
#2312 = CARTESIAN_POINT('',(63.99,2.7,4.));
#2313 = DIRECTION('',(0.,0.,1.));
#2314 = DIRECTION('',(1.,0.,0.));
#2315 = ORIENTED_EDGE('',*,*,#2316,.F.);
#2316 = EDGE_CURVE('',#2292,#2308,#2317,.T.);
#2317 = CIRCLE('',#2318,1.15);
#2318 = AXIS2_PLACEMENT_3D('',#2319,#2320,#2321);
#2319 = CARTESIAN_POINT('',(63.99,2.7,4.));
#2320 = DIRECTION('',(0.,0.,1.));
#2321 = DIRECTION('',(1.,0.,0.));
#2322 = ORIENTED_EDGE('',*,*,#2291,.F.);
#2323 = ORIENTED_EDGE('',*,*,#1543,.T.);
#2324 = ORIENTED_EDGE('',*,*,#1552,.T.);
#2325 = ORIENTED_EDGE('',*,*,#1514,.T.);
#2326 = ORIENTED_EDGE('',*,*,#1525,.T.);
#2327 = CYLINDRICAL_SURFACE('',#2328,1.15);
#2328 = AXIS2_PLACEMENT_3D('',#2329,#2330,#2331);
#2329 = CARTESIAN_POINT('',(63.99,2.7,-3.));
#2330 = DIRECTION('',(0.,0.,1.));
#2331 = DIRECTION('',(1.,0.,0.));
#2332 = ADVANCED_FACE('',(#2333),#2352,.F.);
#2333 = FACE_BOUND('',#2334,.F.);
#2334 = EDGE_LOOP('',(#2335,#2343,#2350,#2351));
#2335 = ORIENTED_EDGE('',*,*,#2336,.T.);
#2336 = EDGE_CURVE('',#1571,#2337,#2339,.T.);
#2337 = VERTEX_POINT('',#2338);
#2338 = CARTESIAN_POINT('',(18.42,34.97,4.));
#2339 = LINE('',#2340,#2341);
#2340 = CARTESIAN_POINT('',(18.42,34.97,-0.85));
#2341 = VECTOR('',#2342,1.);
#2342 = DIRECTION('',(0.,0.,1.));
#2343 = ORIENTED_EDGE('',*,*,#2344,.F.);
#2344 = EDGE_CURVE('',#2337,#2337,#2345,.T.);
#2345 = CIRCLE('',#2346,1.15);
#2346 = AXIS2_PLACEMENT_3D('',#2347,#2348,#2349);
#2347 = CARTESIAN_POINT('',(17.27,34.97,4.));
#2348 = DIRECTION('',(0.,0.,1.));
#2349 = DIRECTION('',(1.,0.,0.));
#2350 = ORIENTED_EDGE('',*,*,#2336,.F.);
#2351 = ORIENTED_EDGE('',*,*,#1570,.T.);
#2352 = CYLINDRICAL_SURFACE('',#2353,1.15);
#2353 = AXIS2_PLACEMENT_3D('',#2354,#2355,#2356);
#2354 = CARTESIAN_POINT('',(17.27,34.97,-0.85));
#2355 = DIRECTION('',(0.,0.,1.));
#2356 = DIRECTION('',(1.,0.,0.));
#2357 = ADVANCED_FACE('',(#2358),#2448,.T.);
#2358 = FACE_BOUND('',#2359,.T.);
#2359 = EDGE_LOOP('',(#2360,#2371,#2380,#2389,#2398,#2406,#2415,#2423,
    #2432,#2437,#2438,#2439,#2440,#2441));
#2360 = ORIENTED_EDGE('',*,*,#2361,.T.);
#2361 = EDGE_CURVE('',#2362,#2364,#2366,.T.);
#2362 = VERTEX_POINT('',#2363);
#2363 = CARTESIAN_POINT('',(66.666565063087,35.218249852409,1.5));
#2364 = VERTEX_POINT('',#2365);
#2365 = CARTESIAN_POINT('',(65.98374655963,36.7,1.5));
#2366 = CIRCLE('',#2367,2.75);
#2367 = AXIS2_PLACEMENT_3D('',#2368,#2369,#2370);
#2368 = CARTESIAN_POINT('',(63.94,34.86,1.5));
#2369 = DIRECTION('',(0.,0.,1.));
#2370 = DIRECTION('',(1.,0.,0.));
#2371 = ORIENTED_EDGE('',*,*,#2372,.T.);
#2372 = EDGE_CURVE('',#2364,#2373,#2375,.T.);
#2373 = VERTEX_POINT('',#2374);
#2374 = CARTESIAN_POINT('',(65.8,36.885561650506,1.5));
#2375 = CIRCLE('',#2376,2.75);
#2376 = AXIS2_PLACEMENT_3D('',#2377,#2378,#2379);
#2377 = CARTESIAN_POINT('',(63.94,34.86,1.5));
#2378 = DIRECTION('',(0.,0.,1.));
#2379 = DIRECTION('',(1.,0.,0.));
#2380 = ORIENTED_EDGE('',*,*,#2381,.T.);
#2381 = EDGE_CURVE('',#2373,#2382,#2384,.T.);
#2382 = VERTEX_POINT('',#2383);
#2383 = CARTESIAN_POINT('',(64.328521971264,37.582416330734,1.5));
#2384 = CIRCLE('',#2385,2.75);
#2385 = AXIS2_PLACEMENT_3D('',#2386,#2387,#2388);
#2386 = CARTESIAN_POINT('',(63.94,34.86,1.5));
#2387 = DIRECTION('',(0.,0.,1.));
#2388 = DIRECTION('',(1.,0.,0.));
#2389 = ORIENTED_EDGE('',*,*,#2390,.T.);
#2390 = EDGE_CURVE('',#2382,#2391,#2393,.T.);
#2391 = VERTEX_POINT('',#2392);
#2392 = CARTESIAN_POINT('',(61.89625344037,36.7,1.5));
#2393 = CIRCLE('',#2394,2.75);
#2394 = AXIS2_PLACEMENT_3D('',#2395,#2396,#2397);
#2395 = CARTESIAN_POINT('',(63.94,34.86,1.5));
#2396 = DIRECTION('',(0.,0.,1.));
#2397 = DIRECTION('',(1.,0.,0.));
#2398 = ORIENTED_EDGE('',*,*,#2399,.F.);
#2399 = EDGE_CURVE('',#2400,#2391,#2402,.T.);
#2400 = VERTEX_POINT('',#2401);
#2401 = CARTESIAN_POINT('',(61.89625344037,36.7,0.));
#2402 = LINE('',#2403,#2404);
#2403 = CARTESIAN_POINT('',(61.89625344037,36.7,0.));
#2404 = VECTOR('',#2405,1.);
#2405 = DIRECTION('',(0.,0.,1.));
#2406 = ORIENTED_EDGE('',*,*,#2407,.T.);
#2407 = EDGE_CURVE('',#2400,#2408,#2410,.T.);
#2408 = VERTEX_POINT('',#2409);
#2409 = CARTESIAN_POINT('',(65.8,32.834438349494,0.));
#2410 = CIRCLE('',#2411,2.75);
#2411 = AXIS2_PLACEMENT_3D('',#2412,#2413,#2414);
#2412 = CARTESIAN_POINT('',(63.94,34.86,0.));
#2413 = DIRECTION('',(0.,0.,1.));
#2414 = DIRECTION('',(1.,0.,0.));
#2415 = ORIENTED_EDGE('',*,*,#2416,.T.);
#2416 = EDGE_CURVE('',#2408,#2417,#2419,.T.);
#2417 = VERTEX_POINT('',#2418);
#2418 = CARTESIAN_POINT('',(65.8,32.834438349494,1.5));
#2419 = LINE('',#2420,#2421);
#2420 = CARTESIAN_POINT('',(65.8,32.834438349494,0.));
#2421 = VECTOR('',#2422,1.);
#2422 = DIRECTION('',(0.,0.,1.));
#2423 = ORIENTED_EDGE('',*,*,#2424,.T.);
#2424 = EDGE_CURVE('',#2417,#2425,#2427,.T.);
#2425 = VERTEX_POINT('',#2426);
#2426 = CARTESIAN_POINT('',(66.69,34.86,1.5));
#2427 = CIRCLE('',#2428,2.75);
#2428 = AXIS2_PLACEMENT_3D('',#2429,#2430,#2431);
#2429 = CARTESIAN_POINT('',(63.94,34.86,1.5));
#2430 = DIRECTION('',(0.,0.,1.));
#2431 = DIRECTION('',(1.,0.,0.));
#2432 = ORIENTED_EDGE('',*,*,#2433,.T.);
#2433 = EDGE_CURVE('',#2425,#1590,#2434,.T.);
#2434 = B_SPLINE_CURVE_WITH_KNOTS('',1,(#2435,#2436),.UNSPECIFIED.,.F.,
  .F.,(2,2),(1.5,4.),.PIECEWISE_BEZIER_KNOTS.);
#2435 = CARTESIAN_POINT('',(66.69,34.86,1.5));
#2436 = CARTESIAN_POINT('',(66.69,34.86,4.));
#2437 = ORIENTED_EDGE('',*,*,#1587,.F.);
#2438 = ORIENTED_EDGE('',*,*,#1607,.F.);
#2439 = ORIENTED_EDGE('',*,*,#1598,.F.);
#2440 = ORIENTED_EDGE('',*,*,#2433,.F.);
#2441 = ORIENTED_EDGE('',*,*,#2442,.T.);
#2442 = EDGE_CURVE('',#2425,#2362,#2443,.T.);
#2443 = CIRCLE('',#2444,2.75);
#2444 = AXIS2_PLACEMENT_3D('',#2445,#2446,#2447);
#2445 = CARTESIAN_POINT('',(63.94,34.86,1.5));
#2446 = DIRECTION('',(0.,0.,1.));
#2447 = DIRECTION('',(1.,0.,0.));
#2448 = CYLINDRICAL_SURFACE('',#2449,2.75);
#2449 = AXIS2_PLACEMENT_3D('',#2450,#2451,#2452);
#2450 = CARTESIAN_POINT('',(63.94,34.86,0.));
#2451 = DIRECTION('',(0.,0.,1.));
#2452 = DIRECTION('',(1.,0.,0.));
#2453 = ADVANCED_FACE('',(#2454),#2466,.T.);
#2454 = FACE_BOUND('',#2455,.T.);
#2455 = EDGE_LOOP('',(#2456,#2457,#2458,#2459));
#2456 = ORIENTED_EDGE('',*,*,#1639,.F.);
#2457 = ORIENTED_EDGE('',*,*,#2268,.T.);
#2458 = ORIENTED_EDGE('',*,*,#2229,.F.);
#2459 = ORIENTED_EDGE('',*,*,#2460,.F.);
#2460 = EDGE_CURVE('',#1640,#2222,#2461,.T.);
#2461 = CIRCLE('',#2462,3.6);
#2462 = AXIS2_PLACEMENT_3D('',#2463,#2464,#2465);
#2463 = CARTESIAN_POINT('',(68.35,10.73,11.96));
#2464 = DIRECTION('',(1.,0.,-0.));
#2465 = DIRECTION('',(0.,0.,1.));
#2466 = PLANE('',#2467);
#2467 = AXIS2_PLACEMENT_3D('',#2468,#2469,#2470);
#2468 = CARTESIAN_POINT('',(68.35,10.73,11.96));
#2469 = DIRECTION('',(1.,0.,0.));
#2470 = DIRECTION('',(0.,0.,1.));
#2471 = ADVANCED_FACE('',(#2472),#2484,.F.);
#2472 = FACE_BOUND('',#2473,.F.);
#2473 = EDGE_LOOP('',(#2474,#2475,#2476,#2483));
#2474 = ORIENTED_EDGE('',*,*,#2460,.F.);
#2475 = ORIENTED_EDGE('',*,*,#1647,.F.);
#2476 = ORIENTED_EDGE('',*,*,#2477,.T.);
#2477 = EDGE_CURVE('',#1648,#2214,#2478,.T.);
#2478 = CIRCLE('',#2479,3.6);
#2479 = AXIS2_PLACEMENT_3D('',#2480,#2481,#2482);
#2480 = CARTESIAN_POINT('',(67.15,10.73,11.96));
#2481 = DIRECTION('',(1.,0.,-0.));
#2482 = DIRECTION('',(0.,0.,1.));
#2483 = ORIENTED_EDGE('',*,*,#2221,.T.);
#2484 = CYLINDRICAL_SURFACE('',#2485,3.6);
#2485 = AXIS2_PLACEMENT_3D('',#2486,#2487,#2488);
#2486 = CARTESIAN_POINT('',(66.15,10.73,11.96));
#2487 = DIRECTION('',(1.,0.,0.));
#2488 = DIRECTION('',(0.,0.,1.));
#2489 = ADVANCED_FACE('',(#2490),#2557,.T.);
#2490 = FACE_BOUND('',#2491,.T.);
#2491 = EDGE_LOOP('',(#2492,#2500,#2501,#2502,#2503,#2510,#2511,#2519,
    #2527,#2535,#2543,#2551));
#2492 = ORIENTED_EDGE('',*,*,#2493,.T.);
#2493 = EDGE_CURVE('',#2494,#1656,#2496,.T.);
#2494 = VERTEX_POINT('',#2495);
#2495 = CARTESIAN_POINT('',(67.15,4.7,6.2));
#2496 = LINE('',#2497,#2498);
#2497 = CARTESIAN_POINT('',(67.15,4.7,2.6));
#2498 = VECTOR('',#2499,1.);
#2499 = DIRECTION('',(0.,0.,1.));
#2500 = ORIENTED_EDGE('',*,*,#1655,.F.);
#2501 = ORIENTED_EDGE('',*,*,#2477,.T.);
#2502 = ORIENTED_EDGE('',*,*,#2211,.F.);
#2503 = ORIENTED_EDGE('',*,*,#2504,.T.);
#2504 = EDGE_CURVE('',#2212,#2106,#2505,.T.);
#2505 = CIRCLE('',#2506,3.6);
#2506 = AXIS2_PLACEMENT_3D('',#2507,#2508,#2509);
#2507 = CARTESIAN_POINT('',(67.15,27.38,11.96));
#2508 = DIRECTION('',(1.,0.,-0.));
#2509 = DIRECTION('',(0.,0.,1.));
#2510 = ORIENTED_EDGE('',*,*,#2105,.F.);
#2511 = ORIENTED_EDGE('',*,*,#2512,.F.);
#2512 = EDGE_CURVE('',#2513,#2098,#2515,.T.);
#2513 = VERTEX_POINT('',#2514);
#2514 = CARTESIAN_POINT('',(67.15,32.86,6.2));
#2515 = LINE('',#2516,#2517);
#2516 = CARTESIAN_POINT('',(67.15,32.86,2.6));
#2517 = VECTOR('',#2518,1.);
#2518 = DIRECTION('',(0.,0.,1.));
#2519 = ORIENTED_EDGE('',*,*,#2520,.F.);
#2520 = EDGE_CURVE('',#2521,#2513,#2523,.T.);
#2521 = VERTEX_POINT('',#2522);
#2522 = CARTESIAN_POINT('',(67.15,36.65,6.2));
#2523 = LINE('',#2524,#2525);
#2524 = CARTESIAN_POINT('',(67.15,16.18,6.2));
#2525 = VECTOR('',#2526,1.);
#2526 = DIRECTION('',(0.,-1.,0.));
#2527 = ORIENTED_EDGE('',*,*,#2528,.F.);
#2528 = EDGE_CURVE('',#2529,#2521,#2531,.T.);
#2529 = VERTEX_POINT('',#2530);
#2530 = CARTESIAN_POINT('',(67.15,36.65,1.5));
#2531 = LINE('',#2532,#2533);
#2532 = CARTESIAN_POINT('',(67.15,36.65,-1.));
#2533 = VECTOR('',#2534,1.);
#2534 = DIRECTION('',(0.,0.,1.));
#2535 = ORIENTED_EDGE('',*,*,#2536,.T.);
#2536 = EDGE_CURVE('',#2529,#2537,#2539,.T.);
#2537 = VERTEX_POINT('',#2538);
#2538 = CARTESIAN_POINT('',(67.15,0.9,1.5));
#2539 = LINE('',#2540,#2541);
#2540 = CARTESIAN_POINT('',(67.15,15.075,1.5));
#2541 = VECTOR('',#2542,1.);
#2542 = DIRECTION('',(0.,-1.,0.));
#2543 = ORIENTED_EDGE('',*,*,#2544,.T.);
#2544 = EDGE_CURVE('',#2537,#2545,#2547,.T.);
#2545 = VERTEX_POINT('',#2546);
#2546 = CARTESIAN_POINT('',(67.15,0.9,6.2));
#2547 = LINE('',#2548,#2549);
#2548 = CARTESIAN_POINT('',(67.15,0.9,-1.));
#2549 = VECTOR('',#2550,1.);
#2550 = DIRECTION('',(0.,0.,1.));
#2551 = ORIENTED_EDGE('',*,*,#2552,.F.);
#2552 = EDGE_CURVE('',#2494,#2545,#2553,.T.);
#2553 = LINE('',#2554,#2555);
#2554 = CARTESIAN_POINT('',(67.15,-0.5,6.2));
#2555 = VECTOR('',#2556,1.);
#2556 = DIRECTION('',(0.,-1.,0.));
#2557 = PLANE('',#2558);
#2558 = AXIS2_PLACEMENT_3D('',#2559,#2560,#2561);
#2559 = CARTESIAN_POINT('',(67.15,18.79581509737,6.218484672433));
#2560 = DIRECTION('',(-1.,-0.,-0.));
#2561 = DIRECTION('',(0.,0.,-1.));
#2562 = ADVANCED_FACE('',(#2563),#2581,.F.);
#2563 = FACE_BOUND('',#2564,.F.);
#2564 = EDGE_LOOP('',(#2565,#2573,#2574,#2575));
#2565 = ORIENTED_EDGE('',*,*,#2566,.F.);
#2566 = EDGE_CURVE('',#2494,#2567,#2569,.T.);
#2567 = VERTEX_POINT('',#2568);
#2568 = CARTESIAN_POINT('',(67.155,4.7,6.2));
#2569 = LINE('',#2570,#2571);
#2570 = CARTESIAN_POINT('',(65.9,4.7,6.2));
#2571 = VECTOR('',#2572,1.);
#2572 = DIRECTION('',(1.,0.,0.));
#2573 = ORIENTED_EDGE('',*,*,#2493,.T.);
#2574 = ORIENTED_EDGE('',*,*,#1663,.T.);
#2575 = ORIENTED_EDGE('',*,*,#2576,.F.);
#2576 = EDGE_CURVE('',#2567,#1664,#2577,.T.);
#2577 = LINE('',#2578,#2579);
#2578 = CARTESIAN_POINT('',(67.155,4.7,6.2));
#2579 = VECTOR('',#2580,1.);
#2580 = DIRECTION('',(0.,0.,1.));
#2581 = PLANE('',#2582);
#2582 = AXIS2_PLACEMENT_3D('',#2583,#2584,#2585);
#2583 = CARTESIAN_POINT('',(65.9,4.7,6.2));
#2584 = DIRECTION('',(0.,1.,0.));
#2585 = DIRECTION('',(0.,0.,1.));
#2586 = ADVANCED_FACE('',(#2587),#2605,.F.);
#2587 = FACE_BOUND('',#2588,.F.);
#2588 = EDGE_LOOP('',(#2589,#2597,#2603,#2604));
#2589 = ORIENTED_EDGE('',*,*,#2590,.F.);
#2590 = EDGE_CURVE('',#2591,#1672,#2593,.T.);
#2591 = VERTEX_POINT('',#2592);
#2592 = CARTESIAN_POINT('',(67.155,3.438427383024,6.2));
#2593 = LINE('',#2594,#2595);
#2594 = CARTESIAN_POINT('',(67.155,3.438427383024,6.2));
#2595 = VECTOR('',#2596,1.);
#2596 = DIRECTION('',(0.,0.,1.));
#2597 = ORIENTED_EDGE('',*,*,#2598,.T.);
#2598 = EDGE_CURVE('',#2591,#2567,#2599,.T.);
#2599 = LINE('',#2600,#2601);
#2600 = CARTESIAN_POINT('',(67.155,-0.5,6.2));
#2601 = VECTOR('',#2602,1.);
#2602 = DIRECTION('',(0.,1.,0.));
#2603 = ORIENTED_EDGE('',*,*,#2576,.T.);
#2604 = ORIENTED_EDGE('',*,*,#1671,.F.);
#2605 = PLANE('',#2606);
#2606 = AXIS2_PLACEMENT_3D('',#2607,#2608,#2609);
#2607 = CARTESIAN_POINT('',(67.155,-0.5,6.2));
#2608 = DIRECTION('',(1.,0.,0.));
#2609 = DIRECTION('',(0.,0.,1.));
#2610 = ADVANCED_FACE('',(#2611),#2640,.F.);
#2611 = FACE_BOUND('',#2612,.F.);
#2612 = EDGE_LOOP('',(#2613,#2614,#2615,#2616,#2624,#2633));
#2613 = ORIENTED_EDGE('',*,*,#2590,.T.);
#2614 = ORIENTED_EDGE('',*,*,#1679,.F.);
#2615 = ORIENTED_EDGE('',*,*,#1688,.F.);
#2616 = ORIENTED_EDGE('',*,*,#2617,.F.);
#2617 = EDGE_CURVE('',#2618,#1689,#2620,.T.);
#2618 = VERTEX_POINT('',#2619);
#2619 = CARTESIAN_POINT('',(67.155,1.961572616976,6.2));
#2620 = LINE('',#2621,#2622);
#2621 = CARTESIAN_POINT('',(67.155,1.961572616976,6.2));
#2622 = VECTOR('',#2623,1.);
#2623 = DIRECTION('',(0.,0.,1.));
#2624 = ORIENTED_EDGE('',*,*,#2625,.T.);
#2625 = EDGE_CURVE('',#2618,#2626,#2628,.T.);
#2626 = VERTEX_POINT('',#2627);
#2627 = CARTESIAN_POINT('',(67.24,2.7,6.2));
#2628 = CIRCLE('',#2629,3.25);
#2629 = AXIS2_PLACEMENT_3D('',#2630,#2631,#2632);
#2630 = CARTESIAN_POINT('',(63.99,2.7,6.2));
#2631 = DIRECTION('',(0.,0.,1.));
#2632 = DIRECTION('',(1.,0.,0.));
#2633 = ORIENTED_EDGE('',*,*,#2634,.T.);
#2634 = EDGE_CURVE('',#2626,#2591,#2635,.T.);
#2635 = CIRCLE('',#2636,3.25);
#2636 = AXIS2_PLACEMENT_3D('',#2637,#2638,#2639);
#2637 = CARTESIAN_POINT('',(63.99,2.7,6.2));
#2638 = DIRECTION('',(0.,0.,1.));
#2639 = DIRECTION('',(1.,0.,0.));
#2640 = CYLINDRICAL_SURFACE('',#2641,3.25);
#2641 = AXIS2_PLACEMENT_3D('',#2642,#2643,#2644);
#2642 = CARTESIAN_POINT('',(63.99,2.7,6.2));
#2643 = DIRECTION('',(0.,0.,1.));
#2644 = DIRECTION('',(1.,0.,0.));
#2645 = ADVANCED_FACE('',(#2646),#2664,.T.);
#2646 = FACE_BOUND('',#2647,.T.);
#2647 = EDGE_LOOP('',(#2648,#2656,#2662,#2663));
#2648 = ORIENTED_EDGE('',*,*,#2649,.F.);
#2649 = EDGE_CURVE('',#2650,#2618,#2652,.T.);
#2650 = VERTEX_POINT('',#2651);
#2651 = CARTESIAN_POINT('',(67.155,-0.5,6.2));
#2652 = LINE('',#2653,#2654);
#2653 = CARTESIAN_POINT('',(67.155,-0.5,6.2));
#2654 = VECTOR('',#2655,1.);
#2655 = DIRECTION('',(0.,1.,0.));
#2656 = ORIENTED_EDGE('',*,*,#2657,.T.);
#2657 = EDGE_CURVE('',#2650,#1698,#2658,.T.);
#2658 = LINE('',#2659,#2660);
#2659 = CARTESIAN_POINT('',(67.155,-0.5,6.2));
#2660 = VECTOR('',#2661,1.);
#2661 = DIRECTION('',(0.,0.,1.));
#2662 = ORIENTED_EDGE('',*,*,#1697,.T.);
#2663 = ORIENTED_EDGE('',*,*,#2617,.F.);
#2664 = PLANE('',#2665);
#2665 = AXIS2_PLACEMENT_3D('',#2666,#2667,#2668);
#2666 = CARTESIAN_POINT('',(67.155,0.730786308488,9.08));
#2667 = DIRECTION('',(-1.,-0.,-0.));
#2668 = DIRECTION('',(0.,0.,-1.));
#2669 = ADVANCED_FACE('',(#2670,#2727),#2733,.T.);
#2670 = FACE_BOUND('',#2671,.T.);
#2671 = EDGE_LOOP('',(#2672,#2680,#2688,#2696,#2702,#2703,#2711,#2719,
    #2725,#2726));
#2672 = ORIENTED_EDGE('',*,*,#2673,.F.);
#2673 = EDGE_CURVE('',#2674,#2650,#2676,.T.);
#2674 = VERTEX_POINT('',#2675);
#2675 = CARTESIAN_POINT('',(65.75,-0.5,6.2));
#2676 = LINE('',#2677,#2678);
#2677 = CARTESIAN_POINT('',(61.99,-0.5,6.2));
#2678 = VECTOR('',#2679,1.);
#2679 = DIRECTION('',(1.,0.,0.));
#2680 = ORIENTED_EDGE('',*,*,#2681,.F.);
#2681 = EDGE_CURVE('',#2682,#2674,#2684,.T.);
#2682 = VERTEX_POINT('',#2683);
#2683 = CARTESIAN_POINT('',(65.75,-0.5,1.5));
#2684 = LINE('',#2685,#2686);
#2685 = CARTESIAN_POINT('',(65.75,-0.5,-1.));
#2686 = VECTOR('',#2687,1.);
#2687 = DIRECTION('',(0.,0.,1.));
#2688 = ORIENTED_EDGE('',*,*,#2689,.F.);
#2689 = EDGE_CURVE('',#2690,#2682,#2692,.T.);
#2690 = VERTEX_POINT('',#2691);
#2691 = CARTESIAN_POINT('',(0.9,-0.5,1.5));
#2692 = LINE('',#2693,#2694);
#2693 = CARTESIAN_POINT('',(29.625,-0.5,1.5));
#2694 = VECTOR('',#2695,1.);
#2695 = DIRECTION('',(1.,0.,0.));
#2696 = ORIENTED_EDGE('',*,*,#2697,.T.);
#2697 = EDGE_CURVE('',#2690,#1723,#2698,.T.);
#2698 = LINE('',#2699,#2700);
#2699 = CARTESIAN_POINT('',(0.9,-0.5,-1.));
#2700 = VECTOR('',#2701,1.);
#2701 = DIRECTION('',(0.,0.,1.));
#2702 = ORIENTED_EDGE('',*,*,#1722,.T.);
#2703 = ORIENTED_EDGE('',*,*,#2704,.F.);
#2704 = EDGE_CURVE('',#2705,#1714,#2707,.T.);
#2705 = VERTEX_POINT('',#2706);
#2706 = CARTESIAN_POINT('',(63.42210916542,-0.5,6.2));
#2707 = LINE('',#2708,#2709);
#2708 = CARTESIAN_POINT('',(63.42210916542,-0.5,6.2));
#2709 = VECTOR('',#2710,1.);
#2710 = DIRECTION('',(0.,0.,1.));
#2711 = ORIENTED_EDGE('',*,*,#2712,.T.);
#2712 = EDGE_CURVE('',#2705,#2713,#2715,.T.);
#2713 = VERTEX_POINT('',#2714);
#2714 = CARTESIAN_POINT('',(64.55789083458,-0.5,6.2));
#2715 = LINE('',#2716,#2717);
#2716 = CARTESIAN_POINT('',(30.745,-0.5,6.2));
#2717 = VECTOR('',#2718,1.);
#2718 = DIRECTION('',(1.,0.,0.));
#2719 = ORIENTED_EDGE('',*,*,#2720,.T.);
#2720 = EDGE_CURVE('',#2713,#1706,#2721,.T.);
#2721 = LINE('',#2722,#2723);
#2722 = CARTESIAN_POINT('',(64.55789083458,-0.5,6.2));
#2723 = VECTOR('',#2724,1.);
#2724 = DIRECTION('',(0.,0.,1.));
#2725 = ORIENTED_EDGE('',*,*,#1705,.T.);
#2726 = ORIENTED_EDGE('',*,*,#2657,.F.);
#2727 = FACE_BOUND('',#2728,.T.);
#2728 = EDGE_LOOP('',(#2729,#2730,#2731,#2732));
#2729 = ORIENTED_EDGE('',*,*,#1827,.F.);
#2730 = ORIENTED_EDGE('',*,*,#1844,.T.);
#2731 = ORIENTED_EDGE('',*,*,#1779,.T.);
#2732 = ORIENTED_EDGE('',*,*,#1803,.F.);
#2733 = PLANE('',#2734);
#2734 = AXIS2_PLACEMENT_3D('',#2735,#2736,#2737);
#2735 = CARTESIAN_POINT('',(36.0800280388,-0.5,6.894494680725));
#2736 = DIRECTION('',(0.,1.,0.));
#2737 = DIRECTION('',(0.,0.,1.));
#2738 = ADVANCED_FACE('',(#2739),#2751,.F.);
#2739 = FACE_BOUND('',#2740,.F.);
#2740 = EDGE_LOOP('',(#2741,#2742,#2743,#2750));
#2741 = ORIENTED_EDGE('',*,*,#1713,.F.);
#2742 = ORIENTED_EDGE('',*,*,#2704,.F.);
#2743 = ORIENTED_EDGE('',*,*,#2744,.T.);
#2744 = EDGE_CURVE('',#2705,#2713,#2745,.T.);
#2745 = CIRCLE('',#2746,3.25);
#2746 = AXIS2_PLACEMENT_3D('',#2747,#2748,#2749);
#2747 = CARTESIAN_POINT('',(63.99,2.7,6.2));
#2748 = DIRECTION('',(0.,0.,1.));
#2749 = DIRECTION('',(1.,0.,0.));
#2750 = ORIENTED_EDGE('',*,*,#2720,.T.);
#2751 = CYLINDRICAL_SURFACE('',#2752,3.25);
#2752 = AXIS2_PLACEMENT_3D('',#2753,#2754,#2755);
#2753 = CARTESIAN_POINT('',(63.99,2.7,6.2));
#2754 = DIRECTION('',(0.,0.,1.));
#2755 = DIRECTION('',(1.,0.,0.));
#2756 = ADVANCED_FACE('',(#2757),#2812,.F.);
#2757 = FACE_BOUND('',#2758,.F.);
#2758 = EDGE_LOOP('',(#2759,#2767,#2776,#2785,#2794,#2803,#2810,#2811));
#2759 = ORIENTED_EDGE('',*,*,#2760,.F.);
#2760 = EDGE_CURVE('',#2761,#1731,#2763,.T.);
#2761 = VERTEX_POINT('',#2762);
#2762 = CARTESIAN_POINT('',(-0.5,0.9,1.5));
#2763 = LINE('',#2764,#2765);
#2764 = CARTESIAN_POINT('',(-0.5,0.9,-1.));
#2765 = VECTOR('',#2766,1.);
#2766 = DIRECTION('',(0.,0.,1.));
#2767 = ORIENTED_EDGE('',*,*,#2768,.T.);
#2768 = EDGE_CURVE('',#2761,#2769,#2771,.T.);
#2769 = VERTEX_POINT('',#2770);
#2770 = CARTESIAN_POINT('',(-0.499106857963,0.85,1.5));
#2771 = CIRCLE('',#2772,1.4);
#2772 = AXIS2_PLACEMENT_3D('',#2773,#2774,#2775);
#2773 = CARTESIAN_POINT('',(0.9,0.9,1.5));
#2774 = DIRECTION('',(0.,0.,1.));
#2775 = DIRECTION('',(-1.,0.,0.));
#2776 = ORIENTED_EDGE('',*,*,#2777,.T.);
#2777 = EDGE_CURVE('',#2769,#2778,#2780,.T.);
#2778 = VERTEX_POINT('',#2779);
#2779 = CARTESIAN_POINT('',(-0.3,0.178889744907,1.5));
#2780 = CIRCLE('',#2781,1.4);
#2781 = AXIS2_PLACEMENT_3D('',#2782,#2783,#2784);
#2782 = CARTESIAN_POINT('',(0.9,0.9,1.5));
#2783 = DIRECTION('',(0.,0.,1.));
#2784 = DIRECTION('',(-1.,0.,0.));
#2785 = ORIENTED_EDGE('',*,*,#2786,.T.);
#2786 = EDGE_CURVE('',#2778,#2787,#2789,.T.);
#2787 = VERTEX_POINT('',#2788);
#2788 = CARTESIAN_POINT('',(0.178889744907,-0.3,1.5));
#2789 = CIRCLE('',#2790,1.4);
#2790 = AXIS2_PLACEMENT_3D('',#2791,#2792,#2793);
#2791 = CARTESIAN_POINT('',(0.9,0.9,1.5));
#2792 = DIRECTION('',(0.,0.,1.));
#2793 = DIRECTION('',(-1.,0.,0.));
#2794 = ORIENTED_EDGE('',*,*,#2795,.T.);
#2795 = EDGE_CURVE('',#2787,#2796,#2798,.T.);
#2796 = VERTEX_POINT('',#2797);
#2797 = CARTESIAN_POINT('',(0.85,-0.499106857963,1.5));
#2798 = CIRCLE('',#2799,1.4);
#2799 = AXIS2_PLACEMENT_3D('',#2800,#2801,#2802);
#2800 = CARTESIAN_POINT('',(0.9,0.9,1.5));
#2801 = DIRECTION('',(0.,0.,1.));
#2802 = DIRECTION('',(-1.,0.,0.));
#2803 = ORIENTED_EDGE('',*,*,#2804,.T.);
#2804 = EDGE_CURVE('',#2796,#2690,#2805,.T.);
#2805 = CIRCLE('',#2806,1.4);
#2806 = AXIS2_PLACEMENT_3D('',#2807,#2808,#2809);
#2807 = CARTESIAN_POINT('',(0.9,0.9,1.5));
#2808 = DIRECTION('',(0.,0.,1.));
#2809 = DIRECTION('',(-1.,0.,0.));
#2810 = ORIENTED_EDGE('',*,*,#2697,.T.);
#2811 = ORIENTED_EDGE('',*,*,#1730,.F.);
#2812 = CYLINDRICAL_SURFACE('',#2813,1.4);
#2813 = AXIS2_PLACEMENT_3D('',#2814,#2815,#2816);
#2814 = CARTESIAN_POINT('',(0.9,0.9,-1.));
#2815 = DIRECTION('',(0.,0.,1.));
#2816 = DIRECTION('',(-1.,0.,0.));
#2817 = ADVANCED_FACE('',(#2818,#2840),#2846,.T.);
#2818 = FACE_BOUND('',#2819,.T.);
#2819 = EDGE_LOOP('',(#2820,#2821,#2822,#2823,#2824,#2825,#2826,#2834));
#2820 = ORIENTED_EDGE('',*,*,#2141,.F.);
#2821 = ORIENTED_EDGE('',*,*,#2013,.T.);
#2822 = ORIENTED_EDGE('',*,*,#1893,.T.);
#2823 = ORIENTED_EDGE('',*,*,#1868,.T.);
#2824 = ORIENTED_EDGE('',*,*,#1739,.T.);
#2825 = ORIENTED_EDGE('',*,*,#2760,.F.);
#2826 = ORIENTED_EDGE('',*,*,#2827,.T.);
#2827 = EDGE_CURVE('',#2761,#2828,#2830,.T.);
#2828 = VERTEX_POINT('',#2829);
#2829 = CARTESIAN_POINT('',(-0.5,36.65,1.5));
#2830 = LINE('',#2831,#2832);
#2831 = CARTESIAN_POINT('',(-0.5,-0.5,1.5));
#2832 = VECTOR('',#2833,1.);
#2833 = DIRECTION('',(0.,1.,0.));
#2834 = ORIENTED_EDGE('',*,*,#2835,.T.);
#2835 = EDGE_CURVE('',#2828,#2142,#2836,.T.);
#2836 = LINE('',#2837,#2838);
#2837 = CARTESIAN_POINT('',(-0.5,36.65,-1.));
#2838 = VECTOR('',#2839,1.);
#2839 = DIRECTION('',(0.,0.,1.));
#2840 = FACE_BOUND('',#2841,.T.);
#2841 = EDGE_LOOP('',(#2842,#2843,#2844,#2845));
#2842 = ORIENTED_EDGE('',*,*,#1972,.T.);
#2843 = ORIENTED_EDGE('',*,*,#1989,.T.);
#2844 = ORIENTED_EDGE('',*,*,#1924,.F.);
#2845 = ORIENTED_EDGE('',*,*,#1948,.F.);
#2846 = PLANE('',#2847);
#2847 = AXIS2_PLACEMENT_3D('',#2848,#2849,#2850);
#2848 = CARTESIAN_POINT('',(-0.5,20.269918949134,6.035012111049));
#2849 = DIRECTION('',(1.,0.,0.));
#2850 = DIRECTION('',(0.,0.,1.));
#2851 = ADVANCED_FACE('',(#2852),#2878,.F.);
#2852 = FACE_BOUND('',#2853,.F.);
#2853 = EDGE_LOOP('',(#2854,#2855,#2863,#2872));
#2854 = ORIENTED_EDGE('',*,*,#2027,.F.);
#2855 = ORIENTED_EDGE('',*,*,#2856,.F.);
#2856 = EDGE_CURVE('',#2857,#2028,#2859,.T.);
#2857 = VERTEX_POINT('',#2858);
#2858 = CARTESIAN_POINT('',(18.307352399139,38.05,6.2));
#2859 = LINE('',#2860,#2861);
#2860 = CARTESIAN_POINT('',(18.307352399139,38.05,6.2));
#2861 = VECTOR('',#2862,1.);
#2862 = DIRECTION('',(0.,0.,1.));
#2863 = ORIENTED_EDGE('',*,*,#2864,.T.);
#2864 = EDGE_CURVE('',#2857,#2865,#2867,.T.);
#2865 = VERTEX_POINT('',#2866);
#2866 = CARTESIAN_POINT('',(16.232647600861,38.05,6.2));
#2867 = CIRCLE('',#2868,3.25);
#2868 = AXIS2_PLACEMENT_3D('',#2869,#2870,#2871);
#2869 = CARTESIAN_POINT('',(17.27,34.97,6.2));
#2870 = DIRECTION('',(0.,0.,1.));
#2871 = DIRECTION('',(1.,0.,0.));
#2872 = ORIENTED_EDGE('',*,*,#2873,.T.);
#2873 = EDGE_CURVE('',#2865,#2030,#2874,.T.);
#2874 = LINE('',#2875,#2876);
#2875 = CARTESIAN_POINT('',(16.232647600861,38.05,6.2));
#2876 = VECTOR('',#2877,1.);
#2877 = DIRECTION('',(0.,0.,1.));
#2878 = CYLINDRICAL_SURFACE('',#2879,3.25);
#2879 = AXIS2_PLACEMENT_3D('',#2880,#2881,#2882);
#2880 = CARTESIAN_POINT('',(17.27,34.97,6.2));
#2881 = DIRECTION('',(0.,0.,1.));
#2882 = DIRECTION('',(1.,0.,0.));
#2883 = ADVANCED_FACE('',(#2884),#2957,.T.);
#2884 = FACE_BOUND('',#2885,.T.);
#2885 = EDGE_LOOP('',(#2886,#2887,#2895,#2903,#2909,#2910,#2911,#2917,
    #2918,#2919,#2927,#2935,#2943,#2951));
#2886 = ORIENTED_EDGE('',*,*,#2055,.F.);
#2887 = ORIENTED_EDGE('',*,*,#2888,.F.);
#2888 = EDGE_CURVE('',#2889,#2047,#2891,.T.);
#2889 = VERTEX_POINT('',#2890);
#2890 = CARTESIAN_POINT('',(64.561610810717,38.05,6.2));
#2891 = LINE('',#2892,#2893);
#2892 = CARTESIAN_POINT('',(64.561610810717,38.05,6.2));
#2893 = VECTOR('',#2894,1.);
#2894 = DIRECTION('',(0.,0.,1.));
#2895 = ORIENTED_EDGE('',*,*,#2896,.F.);
#2896 = EDGE_CURVE('',#2897,#2889,#2899,.T.);
#2897 = VERTEX_POINT('',#2898);
#2898 = CARTESIAN_POINT('',(63.318389189283,38.05,6.2));
#2899 = LINE('',#2900,#2901);
#2900 = CARTESIAN_POINT('',(30.72,38.05,6.2));
#2901 = VECTOR('',#2902,1.);
#2902 = DIRECTION('',(1.,0.,0.));
#2903 = ORIENTED_EDGE('',*,*,#2904,.T.);
#2904 = EDGE_CURVE('',#2897,#2039,#2905,.T.);
#2905 = LINE('',#2906,#2907);
#2906 = CARTESIAN_POINT('',(63.318389189283,38.05,6.2));
#2907 = VECTOR('',#2908,1.);
#2908 = DIRECTION('',(0.,0.,1.));
#2909 = ORIENTED_EDGE('',*,*,#2038,.F.);
#2910 = ORIENTED_EDGE('',*,*,#2856,.F.);
#2911 = ORIENTED_EDGE('',*,*,#2912,.F.);
#2912 = EDGE_CURVE('',#2865,#2857,#2913,.T.);
#2913 = LINE('',#2914,#2915);
#2914 = CARTESIAN_POINT('',(7.385,38.05,6.2));
#2915 = VECTOR('',#2916,1.);
#2916 = DIRECTION('',(1.,0.,0.));
#2917 = ORIENTED_EDGE('',*,*,#2873,.T.);
#2918 = ORIENTED_EDGE('',*,*,#2167,.F.);
#2919 = ORIENTED_EDGE('',*,*,#2920,.F.);
#2920 = EDGE_CURVE('',#2921,#2159,#2923,.T.);
#2921 = VERTEX_POINT('',#2922);
#2922 = CARTESIAN_POINT('',(0.9,38.05,1.5));
#2923 = LINE('',#2924,#2925);
#2924 = CARTESIAN_POINT('',(0.9,38.05,-1.));
#2925 = VECTOR('',#2926,1.);
#2926 = DIRECTION('',(0.,0.,1.));
#2927 = ORIENTED_EDGE('',*,*,#2928,.T.);
#2928 = EDGE_CURVE('',#2921,#2929,#2931,.T.);
#2929 = VERTEX_POINT('',#2930);
#2930 = CARTESIAN_POINT('',(65.75,38.05,1.5));
#2931 = LINE('',#2932,#2933);
#2932 = CARTESIAN_POINT('',(29.625,38.05,1.5));
#2933 = VECTOR('',#2934,1.);
#2934 = DIRECTION('',(1.,0.,0.));
#2935 = ORIENTED_EDGE('',*,*,#2936,.T.);
#2936 = EDGE_CURVE('',#2929,#2937,#2939,.T.);
#2937 = VERTEX_POINT('',#2938);
#2938 = CARTESIAN_POINT('',(65.75,38.05,6.2));
#2939 = LINE('',#2940,#2941);
#2940 = CARTESIAN_POINT('',(65.75,38.05,-1.));
#2941 = VECTOR('',#2942,1.);
#2942 = DIRECTION('',(0.,0.,1.));
#2943 = ORIENTED_EDGE('',*,*,#2944,.T.);
#2944 = EDGE_CURVE('',#2937,#2945,#2947,.T.);
#2945 = VERTEX_POINT('',#2946);
#2946 = CARTESIAN_POINT('',(67.155,38.05,6.2));
#2947 = LINE('',#2948,#2949);
#2948 = CARTESIAN_POINT('',(65.9,38.05,6.2));
#2949 = VECTOR('',#2950,1.);
#2950 = DIRECTION('',(1.,0.,0.));
#2951 = ORIENTED_EDGE('',*,*,#2952,.T.);
#2952 = EDGE_CURVE('',#2945,#2056,#2953,.T.);
#2953 = LINE('',#2954,#2955);
#2954 = CARTESIAN_POINT('',(67.155,38.05,6.2));
#2955 = VECTOR('',#2956,1.);
#2956 = DIRECTION('',(0.,0.,1.));
#2957 = PLANE('',#2958);
#2958 = AXIS2_PLACEMENT_3D('',#2959,#2960,#2961);
#2959 = CARTESIAN_POINT('',(34.848841304471,38.05,6.965939501459));
#2960 = DIRECTION('',(-0.,-1.,-0.));
#2961 = DIRECTION('',(0.,0.,-1.));
#2962 = ADVANCED_FACE('',(#2963),#2975,.F.);
#2963 = FACE_BOUND('',#2964,.F.);
#2964 = EDGE_LOOP('',(#2965,#2972,#2973,#2974));
#2965 = ORIENTED_EDGE('',*,*,#2966,.T.);
#2966 = EDGE_CURVE('',#2889,#2897,#2967,.T.);
#2967 = CIRCLE('',#2968,3.25);
#2968 = AXIS2_PLACEMENT_3D('',#2969,#2970,#2971);
#2969 = CARTESIAN_POINT('',(63.94,34.86,6.2));
#2970 = DIRECTION('',(0.,0.,1.));
#2971 = DIRECTION('',(1.,0.,0.));
#2972 = ORIENTED_EDGE('',*,*,#2904,.T.);
#2973 = ORIENTED_EDGE('',*,*,#2046,.F.);
#2974 = ORIENTED_EDGE('',*,*,#2888,.F.);
#2975 = CYLINDRICAL_SURFACE('',#2976,3.25);
#2976 = AXIS2_PLACEMENT_3D('',#2977,#2978,#2979);
#2977 = CARTESIAN_POINT('',(63.94,34.86,6.2));
#2978 = DIRECTION('',(0.,0.,1.));
#2979 = DIRECTION('',(1.,0.,0.));
#2980 = ADVANCED_FACE('',(#2981),#2999,.T.);
#2981 = FACE_BOUND('',#2982,.T.);
#2982 = EDGE_LOOP('',(#2983,#2991,#2997,#2998));
#2983 = ORIENTED_EDGE('',*,*,#2984,.F.);
#2984 = EDGE_CURVE('',#2985,#2945,#2987,.T.);
#2985 = VERTEX_POINT('',#2986);
#2986 = CARTESIAN_POINT('',(67.155,35.335683718452,6.2));
#2987 = LINE('',#2988,#2989);
#2988 = CARTESIAN_POINT('',(67.155,32.86,6.2));
#2989 = VECTOR('',#2990,1.);
#2990 = DIRECTION('',(0.,1.,0.));
#2991 = ORIENTED_EDGE('',*,*,#2992,.T.);
#2992 = EDGE_CURVE('',#2985,#2064,#2993,.T.);
#2993 = LINE('',#2994,#2995);
#2994 = CARTESIAN_POINT('',(67.155,35.335683718452,6.2));
#2995 = VECTOR('',#2996,1.);
#2996 = DIRECTION('',(0.,0.,1.));
#2997 = ORIENTED_EDGE('',*,*,#2063,.T.);
#2998 = ORIENTED_EDGE('',*,*,#2952,.F.);
#2999 = PLANE('',#3000);
#3000 = AXIS2_PLACEMENT_3D('',#3001,#3002,#3003);
#3001 = CARTESIAN_POINT('',(67.155,36.692841859226,9.08));
#3002 = DIRECTION('',(-1.,-0.,-0.));
#3003 = DIRECTION('',(0.,0.,-1.));
#3004 = ADVANCED_FACE('',(#3005),#3034,.F.);
#3005 = FACE_BOUND('',#3006,.F.);
#3006 = EDGE_LOOP('',(#3007,#3008,#3009,#3010,#3018,#3027));
#3007 = ORIENTED_EDGE('',*,*,#2992,.T.);
#3008 = ORIENTED_EDGE('',*,*,#2071,.F.);
#3009 = ORIENTED_EDGE('',*,*,#2080,.F.);
#3010 = ORIENTED_EDGE('',*,*,#3011,.F.);
#3011 = EDGE_CURVE('',#3012,#2081,#3014,.T.);
#3012 = VERTEX_POINT('',#3013);
#3013 = CARTESIAN_POINT('',(67.155,34.384316281548,6.2));
#3014 = LINE('',#3015,#3016);
#3015 = CARTESIAN_POINT('',(67.155,34.384316281548,6.2));
#3016 = VECTOR('',#3017,1.);
#3017 = DIRECTION('',(0.,0.,1.));
#3018 = ORIENTED_EDGE('',*,*,#3019,.T.);
#3019 = EDGE_CURVE('',#3012,#3020,#3022,.T.);
#3020 = VERTEX_POINT('',#3021);
#3021 = CARTESIAN_POINT('',(67.19,34.86,6.2));
#3022 = CIRCLE('',#3023,3.25);
#3023 = AXIS2_PLACEMENT_3D('',#3024,#3025,#3026);
#3024 = CARTESIAN_POINT('',(63.94,34.86,6.2));
#3025 = DIRECTION('',(0.,0.,1.));
#3026 = DIRECTION('',(1.,0.,0.));
#3027 = ORIENTED_EDGE('',*,*,#3028,.T.);
#3028 = EDGE_CURVE('',#3020,#2985,#3029,.T.);
#3029 = CIRCLE('',#3030,3.25);
#3030 = AXIS2_PLACEMENT_3D('',#3031,#3032,#3033);
#3031 = CARTESIAN_POINT('',(63.94,34.86,6.2));
#3032 = DIRECTION('',(0.,0.,1.));
#3033 = DIRECTION('',(1.,0.,0.));
#3034 = CYLINDRICAL_SURFACE('',#3035,3.25);
#3035 = AXIS2_PLACEMENT_3D('',#3036,#3037,#3038);
#3036 = CARTESIAN_POINT('',(63.94,34.86,6.2));
#3037 = DIRECTION('',(0.,0.,1.));
#3038 = DIRECTION('',(1.,0.,0.));
#3039 = ADVANCED_FACE('',(#3040),#3058,.F.);
#3040 = FACE_BOUND('',#3041,.F.);
#3041 = EDGE_LOOP('',(#3042,#3050,#3056,#3057));
#3042 = ORIENTED_EDGE('',*,*,#3043,.F.);
#3043 = EDGE_CURVE('',#3044,#2090,#3046,.T.);
#3044 = VERTEX_POINT('',#3045);
#3045 = CARTESIAN_POINT('',(67.155,32.86,6.2));
#3046 = LINE('',#3047,#3048);
#3047 = CARTESIAN_POINT('',(67.155,32.86,6.2));
#3048 = VECTOR('',#3049,1.);
#3049 = DIRECTION('',(0.,0.,1.));
#3050 = ORIENTED_EDGE('',*,*,#3051,.T.);
#3051 = EDGE_CURVE('',#3044,#3012,#3052,.T.);
#3052 = LINE('',#3053,#3054);
#3053 = CARTESIAN_POINT('',(67.155,32.86,6.2));
#3054 = VECTOR('',#3055,1.);
#3055 = DIRECTION('',(0.,1.,0.));
#3056 = ORIENTED_EDGE('',*,*,#3011,.T.);
#3057 = ORIENTED_EDGE('',*,*,#2089,.F.);
#3058 = PLANE('',#3059);
#3059 = AXIS2_PLACEMENT_3D('',#3060,#3061,#3062);
#3060 = CARTESIAN_POINT('',(67.155,32.86,6.2));
#3061 = DIRECTION('',(1.,0.,0.));
#3062 = DIRECTION('',(0.,0.,1.));
#3063 = ADVANCED_FACE('',(#3064),#3075,.T.);
#3064 = FACE_BOUND('',#3065,.T.);
#3065 = EDGE_LOOP('',(#3066,#3072,#3073,#3074));
#3066 = ORIENTED_EDGE('',*,*,#3067,.F.);
#3067 = EDGE_CURVE('',#2513,#3044,#3068,.T.);
#3068 = LINE('',#3069,#3070);
#3069 = CARTESIAN_POINT('',(65.9,32.86,6.2));
#3070 = VECTOR('',#3071,1.);
#3071 = DIRECTION('',(1.,0.,0.));
#3072 = ORIENTED_EDGE('',*,*,#2512,.T.);
#3073 = ORIENTED_EDGE('',*,*,#2097,.T.);
#3074 = ORIENTED_EDGE('',*,*,#3043,.F.);
#3075 = PLANE('',#3076);
#3076 = AXIS2_PLACEMENT_3D('',#3077,#3078,#3079);
#3077 = CARTESIAN_POINT('',(65.9,32.86,6.2));
#3078 = DIRECTION('',(0.,1.,0.));
#3079 = DIRECTION('',(0.,0.,1.));
#3080 = ADVANCED_FACE('',(#3081),#3093,.F.);
#3081 = FACE_BOUND('',#3082,.F.);
#3082 = EDGE_LOOP('',(#3083,#3090,#3091,#3092));
#3083 = ORIENTED_EDGE('',*,*,#3084,.F.);
#3084 = EDGE_CURVE('',#2246,#2114,#3085,.T.);
#3085 = CIRCLE('',#3086,3.6);
#3086 = AXIS2_PLACEMENT_3D('',#3087,#3088,#3089);
#3087 = CARTESIAN_POINT('',(68.35,27.38,11.96));
#3088 = DIRECTION('',(1.,0.,-0.));
#3089 = DIRECTION('',(0.,0.,1.));
#3090 = ORIENTED_EDGE('',*,*,#2253,.F.);
#3091 = ORIENTED_EDGE('',*,*,#2504,.T.);
#3092 = ORIENTED_EDGE('',*,*,#2113,.T.);
#3093 = CYLINDRICAL_SURFACE('',#3094,3.6);
#3094 = AXIS2_PLACEMENT_3D('',#3095,#3096,#3097);
#3095 = CARTESIAN_POINT('',(66.15,27.38,11.96));
#3096 = DIRECTION('',(1.,0.,0.));
#3097 = DIRECTION('',(0.,0.,1.));
#3098 = ADVANCED_FACE('',(#3099),#3105,.T.);
#3099 = FACE_BOUND('',#3100,.T.);
#3100 = EDGE_LOOP('',(#3101,#3102,#3103,#3104));
#3101 = ORIENTED_EDGE('',*,*,#2245,.F.);
#3102 = ORIENTED_EDGE('',*,*,#2189,.T.);
#3103 = ORIENTED_EDGE('',*,*,#2121,.F.);
#3104 = ORIENTED_EDGE('',*,*,#3084,.F.);
#3105 = PLANE('',#3106);
#3106 = AXIS2_PLACEMENT_3D('',#3107,#3108,#3109);
#3107 = CARTESIAN_POINT('',(68.35,27.38,11.96));
#3108 = DIRECTION('',(1.,0.,0.));
#3109 = DIRECTION('',(0.,0.,1.));
#3110 = ADVANCED_FACE('',(#3111),#3160,.F.);
#3111 = FACE_BOUND('',#3112,.F.);
#3112 = EDGE_LOOP('',(#3113,#3114,#3115,#3116,#3125,#3134,#3143,#3152,
    #3159));
#3113 = ORIENTED_EDGE('',*,*,#2149,.F.);
#3114 = ORIENTED_EDGE('',*,*,#2158,.F.);
#3115 = ORIENTED_EDGE('',*,*,#2920,.F.);
#3116 = ORIENTED_EDGE('',*,*,#3117,.T.);
#3117 = EDGE_CURVE('',#2921,#3118,#3120,.T.);
#3118 = VERTEX_POINT('',#3119);
#3119 = CARTESIAN_POINT('',(0.85,38.049106857963,1.5));
#3120 = CIRCLE('',#3121,1.4);
#3121 = AXIS2_PLACEMENT_3D('',#3122,#3123,#3124);
#3122 = CARTESIAN_POINT('',(0.9,36.65,1.5));
#3123 = DIRECTION('',(0.,0.,1.));
#3124 = DIRECTION('',(-1.,0.,0.));
#3125 = ORIENTED_EDGE('',*,*,#3126,.T.);
#3126 = EDGE_CURVE('',#3118,#3127,#3129,.T.);
#3127 = VERTEX_POINT('',#3128);
#3128 = CARTESIAN_POINT('',(0.269523989354,37.9,1.5));
#3129 = CIRCLE('',#3130,1.4);
#3130 = AXIS2_PLACEMENT_3D('',#3131,#3132,#3133);
#3131 = CARTESIAN_POINT('',(0.9,36.65,1.5));
#3132 = DIRECTION('',(0.,0.,1.));
#3133 = DIRECTION('',(-1.,0.,0.));
#3134 = ORIENTED_EDGE('',*,*,#3135,.T.);
#3135 = EDGE_CURVE('',#3127,#3136,#3138,.T.);
#3136 = VERTEX_POINT('',#3137);
#3137 = CARTESIAN_POINT('',(-0.3,37.371110255093,1.5));
#3138 = CIRCLE('',#3139,1.4);
#3139 = AXIS2_PLACEMENT_3D('',#3140,#3141,#3142);
#3140 = CARTESIAN_POINT('',(0.9,36.65,1.5));
#3141 = DIRECTION('',(0.,0.,1.));
#3142 = DIRECTION('',(-1.,0.,0.));
#3143 = ORIENTED_EDGE('',*,*,#3144,.T.);
#3144 = EDGE_CURVE('',#3136,#3145,#3147,.T.);
#3145 = VERTEX_POINT('',#3146);
#3146 = CARTESIAN_POINT('',(-0.499106857963,36.7,1.5));
#3147 = CIRCLE('',#3148,1.4);
#3148 = AXIS2_PLACEMENT_3D('',#3149,#3150,#3151);
#3149 = CARTESIAN_POINT('',(0.9,36.65,1.5));
#3150 = DIRECTION('',(0.,0.,1.));
#3151 = DIRECTION('',(-1.,0.,0.));
#3152 = ORIENTED_EDGE('',*,*,#3153,.T.);
#3153 = EDGE_CURVE('',#3145,#2828,#3154,.T.);
#3154 = CIRCLE('',#3155,1.4);
#3155 = AXIS2_PLACEMENT_3D('',#3156,#3157,#3158);
#3156 = CARTESIAN_POINT('',(0.9,36.65,1.5));
#3157 = DIRECTION('',(0.,0.,1.));
#3158 = DIRECTION('',(-1.,0.,0.));
#3159 = ORIENTED_EDGE('',*,*,#2835,.T.);
#3160 = CYLINDRICAL_SURFACE('',#3161,1.4);
#3161 = AXIS2_PLACEMENT_3D('',#3162,#3163,#3164);
#3162 = CARTESIAN_POINT('',(0.9,36.65,-1.));
#3163 = DIRECTION('',(0.,0.,1.));
#3164 = DIRECTION('',(-1.,0.,0.));
#3165 = ADVANCED_FACE('',(#3166,#3195),#3200,.T.);
#3166 = FACE_BOUND('',#3167,.T.);
#3167 = EDGE_LOOP('',(#3168,#3179,#3188));
#3168 = ORIENTED_EDGE('',*,*,#3169,.T.);
#3169 = EDGE_CURVE('',#3170,#3172,#3174,.T.);
#3170 = VERTEX_POINT('',#3171);
#3171 = CARTESIAN_POINT('',(66.7110840573,2.302254411582,4.));
#3172 = VERTEX_POINT('',#3173);
#3173 = CARTESIAN_POINT('',(66.74,2.7,4.));
#3174 = CIRCLE('',#3175,2.75);
#3175 = AXIS2_PLACEMENT_3D('',#3176,#3177,#3178);
#3176 = CARTESIAN_POINT('',(63.99,2.7,4.));
#3177 = DIRECTION('',(0.,0.,1.));
#3178 = DIRECTION('',(1.,0.,0.));
#3179 = ORIENTED_EDGE('',*,*,#3180,.T.);
#3180 = EDGE_CURVE('',#3172,#3181,#3183,.T.);
#3181 = VERTEX_POINT('',#3182);
#3182 = CARTESIAN_POINT('',(64.326504935379,-2.933406318571E-02,4.));
#3183 = CIRCLE('',#3184,2.75);
#3184 = AXIS2_PLACEMENT_3D('',#3185,#3186,#3187);
#3185 = CARTESIAN_POINT('',(63.99,2.7,4.));
#3186 = DIRECTION('',(0.,0.,1.));
#3187 = DIRECTION('',(1.,0.,0.));
#3188 = ORIENTED_EDGE('',*,*,#3189,.T.);
#3189 = EDGE_CURVE('',#3181,#3170,#3190,.T.);
#3190 = CIRCLE('',#3191,2.75);
#3191 = AXIS2_PLACEMENT_3D('',#3192,#3193,#3194);
#3192 = CARTESIAN_POINT('',(63.99,2.7,4.));
#3193 = DIRECTION('',(0.,0.,1.));
#3194 = DIRECTION('',(1.,0.,0.));
#3195 = FACE_BOUND('',#3196,.T.);
#3196 = EDGE_LOOP('',(#3197,#3198,#3199));
#3197 = ORIENTED_EDGE('',*,*,#2316,.F.);
#3198 = ORIENTED_EDGE('',*,*,#2298,.F.);
#3199 = ORIENTED_EDGE('',*,*,#2307,.F.);
#3200 = PLANE('',#3201);
#3201 = AXIS2_PLACEMENT_3D('',#3202,#3203,#3204);
#3202 = CARTESIAN_POINT('',(64.126026876555,2.581012625116,4.));
#3203 = DIRECTION('',(0.,0.,1.));
#3204 = DIRECTION('',(1.,0.,0.));
#3205 = ADVANCED_FACE('',(#3206,#3217),#3220,.T.);
#3206 = FACE_BOUND('',#3207,.T.);
#3207 = EDGE_LOOP('',(#3208));
#3208 = ORIENTED_EDGE('',*,*,#3209,.T.);
#3209 = EDGE_CURVE('',#3210,#3210,#3212,.T.);
#3210 = VERTEX_POINT('',#3211);
#3211 = CARTESIAN_POINT('',(20.02,34.97,4.));
#3212 = CIRCLE('',#3213,2.75);
#3213 = AXIS2_PLACEMENT_3D('',#3214,#3215,#3216);
#3214 = CARTESIAN_POINT('',(17.27,34.97,4.));
#3215 = DIRECTION('',(0.,0.,1.));
#3216 = DIRECTION('',(1.,0.,0.));
#3217 = FACE_BOUND('',#3218,.T.);
#3218 = EDGE_LOOP('',(#3219));
#3219 = ORIENTED_EDGE('',*,*,#2344,.F.);
#3220 = PLANE('',#3221);
#3221 = AXIS2_PLACEMENT_3D('',#3222,#3223,#3224);
#3222 = CARTESIAN_POINT('',(17.27,34.97,4.));
#3223 = DIRECTION('',(0.,0.,1.));
#3224 = DIRECTION('',(1.,0.,0.));
#3225 = ADVANCED_FACE('',(#3226,#3292),#3468,.T.);
#3226 = FACE_BOUND('',#3227,.T.);
#3227 = EDGE_LOOP('',(#3228,#3229,#3230,#3231,#3232,#3233,#3234,#3235,
    #3244,#3253,#3260,#3261,#3270,#3279,#3286,#3287,#3288,#3289,#3290,
    #3291));
#3228 = ORIENTED_EDGE('',*,*,#2827,.F.);
#3229 = ORIENTED_EDGE('',*,*,#2768,.T.);
#3230 = ORIENTED_EDGE('',*,*,#2777,.T.);
#3231 = ORIENTED_EDGE('',*,*,#2786,.T.);
#3232 = ORIENTED_EDGE('',*,*,#2795,.T.);
#3233 = ORIENTED_EDGE('',*,*,#2804,.T.);
#3234 = ORIENTED_EDGE('',*,*,#2689,.T.);
#3235 = ORIENTED_EDGE('',*,*,#3236,.T.);
#3236 = EDGE_CURVE('',#2682,#3237,#3239,.T.);
#3237 = VERTEX_POINT('',#3238);
#3238 = CARTESIAN_POINT('',(65.8,-0.499106857963,1.5));
#3239 = CIRCLE('',#3240,1.4);
#3240 = AXIS2_PLACEMENT_3D('',#3241,#3242,#3243);
#3241 = CARTESIAN_POINT('',(65.75,0.9,1.5));
#3242 = DIRECTION('',(0.,0.,1.));
#3243 = DIRECTION('',(1.,0.,0.));
#3244 = ORIENTED_EDGE('',*,*,#3245,.T.);
#3245 = EDGE_CURVE('',#3237,#3246,#3248,.T.);
#3246 = VERTEX_POINT('',#3247);
#3247 = CARTESIAN_POINT('',(67.149106857963,0.85,1.5));
#3248 = CIRCLE('',#3249,1.4);
#3249 = AXIS2_PLACEMENT_3D('',#3250,#3251,#3252);
#3250 = CARTESIAN_POINT('',(65.75,0.9,1.5));
#3251 = DIRECTION('',(0.,0.,1.));
#3252 = DIRECTION('',(1.,0.,0.));
#3253 = ORIENTED_EDGE('',*,*,#3254,.T.);
#3254 = EDGE_CURVE('',#3246,#2537,#3255,.T.);
#3255 = CIRCLE('',#3256,1.4);
#3256 = AXIS2_PLACEMENT_3D('',#3257,#3258,#3259);
#3257 = CARTESIAN_POINT('',(65.75,0.9,1.5));
#3258 = DIRECTION('',(0.,0.,1.));
#3259 = DIRECTION('',(1.,0.,0.));
#3260 = ORIENTED_EDGE('',*,*,#2536,.F.);
#3261 = ORIENTED_EDGE('',*,*,#3262,.T.);
#3262 = EDGE_CURVE('',#2529,#3263,#3265,.T.);
#3263 = VERTEX_POINT('',#3264);
#3264 = CARTESIAN_POINT('',(67.149106857963,36.7,1.5));
#3265 = CIRCLE('',#3266,1.4);
#3266 = AXIS2_PLACEMENT_3D('',#3267,#3268,#3269);
#3267 = CARTESIAN_POINT('',(65.75,36.65,1.5));
#3268 = DIRECTION('',(0.,0.,1.));
#3269 = DIRECTION('',(1.,0.,0.));
#3270 = ORIENTED_EDGE('',*,*,#3271,.T.);
#3271 = EDGE_CURVE('',#3263,#3272,#3274,.T.);
#3272 = VERTEX_POINT('',#3273);
#3273 = CARTESIAN_POINT('',(65.8,38.049106857963,1.5));
#3274 = CIRCLE('',#3275,1.4);
#3275 = AXIS2_PLACEMENT_3D('',#3276,#3277,#3278);
#3276 = CARTESIAN_POINT('',(65.75,36.65,1.5));
#3277 = DIRECTION('',(0.,0.,1.));
#3278 = DIRECTION('',(1.,0.,0.));
#3279 = ORIENTED_EDGE('',*,*,#3280,.T.);
#3280 = EDGE_CURVE('',#3272,#2929,#3281,.T.);
#3281 = CIRCLE('',#3282,1.4);
#3282 = AXIS2_PLACEMENT_3D('',#3283,#3284,#3285);
#3283 = CARTESIAN_POINT('',(65.75,36.65,1.5));
#3284 = DIRECTION('',(0.,0.,1.));
#3285 = DIRECTION('',(1.,0.,0.));
#3286 = ORIENTED_EDGE('',*,*,#2928,.F.);
#3287 = ORIENTED_EDGE('',*,*,#3117,.T.);
#3288 = ORIENTED_EDGE('',*,*,#3126,.T.);
#3289 = ORIENTED_EDGE('',*,*,#3135,.T.);
#3290 = ORIENTED_EDGE('',*,*,#3144,.T.);
#3291 = ORIENTED_EDGE('',*,*,#3153,.T.);
#3292 = FACE_BOUND('',#3293,.T.);
#3293 = EDGE_LOOP('',(#3294,#3305,#3313,#3322,#3330,#3338,#3346,#3355,
    #3363,#3371,#3377,#3378,#3379,#3380,#3381,#3382,#3383,#3391,#3400,
    #3409,#3418,#3427,#3436,#3445,#3453,#3462));
#3294 = ORIENTED_EDGE('',*,*,#3295,.F.);
#3295 = EDGE_CURVE('',#3296,#3298,#3300,.T.);
#3296 = VERTEX_POINT('',#3297);
#3297 = CARTESIAN_POINT('',(0.85,9.273030998353,1.5));
#3298 = VERTEX_POINT('',#3299);
#3299 = CARTESIAN_POINT('',(0.85,5.046969001647,1.5));
#3300 = CIRCLE('',#3301,2.75);
#3301 = AXIS2_PLACEMENT_3D('',#3302,#3303,#3304);
#3302 = CARTESIAN_POINT('',(2.61,7.16,1.5));
#3303 = DIRECTION('',(0.,0.,1.));
#3304 = DIRECTION('',(1.,0.,0.));
#3305 = ORIENTED_EDGE('',*,*,#3306,.T.);
#3306 = EDGE_CURVE('',#3296,#3307,#3309,.T.);
#3307 = VERTEX_POINT('',#3308);
#3308 = CARTESIAN_POINT('',(0.85,36.1,1.5));
#3309 = LINE('',#3310,#3311);
#3310 = CARTESIAN_POINT('',(0.85,0.25,1.5));
#3311 = VECTOR('',#3312,1.);
#3312 = DIRECTION('',(0.,1.,0.));
#3313 = ORIENTED_EDGE('',*,*,#3314,.F.);
#3314 = EDGE_CURVE('',#3315,#3307,#3317,.T.);
#3315 = VERTEX_POINT('',#3316);
#3316 = CARTESIAN_POINT('',(1.45,36.7,1.5));
#3317 = CIRCLE('',#3318,0.6);
#3318 = AXIS2_PLACEMENT_3D('',#3319,#3320,#3321);
#3319 = CARTESIAN_POINT('',(1.45,36.1,1.5));
#3320 = DIRECTION('',(0.,0.,1.));
#3321 = DIRECTION('',(1.,0.,0.));
#3322 = ORIENTED_EDGE('',*,*,#3323,.T.);
#3323 = EDGE_CURVE('',#3315,#3324,#3326,.T.);
#3324 = VERTEX_POINT('',#3325);
#3325 = CARTESIAN_POINT('',(13.,36.7,1.5));
#3326 = LINE('',#3327,#3328);
#3327 = CARTESIAN_POINT('',(-5.1,36.7,1.5));
#3328 = VECTOR('',#3329,1.);
#3329 = DIRECTION('',(1.,0.,0.));
#3330 = ORIENTED_EDGE('',*,*,#3331,.F.);
#3331 = EDGE_CURVE('',#3332,#3324,#3334,.T.);
#3332 = VERTEX_POINT('',#3333);
#3333 = CARTESIAN_POINT('',(13.,36.695,1.5));
#3334 = LINE('',#3335,#3336);
#3335 = CARTESIAN_POINT('',(13.,36.695,1.5));
#3336 = VECTOR('',#3337,1.);
#3337 = DIRECTION('',(0.,1.,0.));
#3338 = ORIENTED_EDGE('',*,*,#3339,.T.);
#3339 = EDGE_CURVE('',#3332,#3340,#3342,.T.);
#3340 = VERTEX_POINT('',#3341);
#3341 = CARTESIAN_POINT('',(15.128300908157,36.695,1.5));
#3342 = LINE('',#3343,#3344);
#3343 = CARTESIAN_POINT('',(13.,36.695,1.5));
#3344 = VECTOR('',#3345,1.);
#3345 = DIRECTION('',(1.,0.,0.));
#3346 = ORIENTED_EDGE('',*,*,#3347,.F.);
#3347 = EDGE_CURVE('',#3348,#3340,#3350,.T.);
#3348 = VERTEX_POINT('',#3349);
#3349 = CARTESIAN_POINT('',(19.411699091843,36.695,1.5));
#3350 = CIRCLE('',#3351,2.75);
#3351 = AXIS2_PLACEMENT_3D('',#3352,#3353,#3354);
#3352 = CARTESIAN_POINT('',(17.27,34.97,1.5));
#3353 = DIRECTION('',(0.,0.,1.));
#3354 = DIRECTION('',(1.,0.,0.));
#3355 = ORIENTED_EDGE('',*,*,#3356,.T.);
#3356 = EDGE_CURVE('',#3348,#3357,#3359,.T.);
#3357 = VERTEX_POINT('',#3358);
#3358 = CARTESIAN_POINT('',(20.6,36.695,1.5));
#3359 = LINE('',#3360,#3361);
#3360 = CARTESIAN_POINT('',(13.,36.695,1.5));
#3361 = VECTOR('',#3362,1.);
#3362 = DIRECTION('',(1.,0.,0.));
#3363 = ORIENTED_EDGE('',*,*,#3364,.T.);
#3364 = EDGE_CURVE('',#3357,#3365,#3367,.T.);
#3365 = VERTEX_POINT('',#3366);
#3366 = CARTESIAN_POINT('',(20.6,36.7,1.5));
#3367 = LINE('',#3368,#3369);
#3368 = CARTESIAN_POINT('',(20.6,36.695,1.5));
#3369 = VECTOR('',#3370,1.);
#3370 = DIRECTION('',(0.,1.,0.));
#3371 = ORIENTED_EDGE('',*,*,#3372,.F.);
#3372 = EDGE_CURVE('',#2391,#3365,#3373,.T.);
#3373 = LINE('',#3374,#3375);
#3374 = CARTESIAN_POINT('',(0.25,36.7,1.5));
#3375 = VECTOR('',#3376,1.);
#3376 = DIRECTION('',(-1.,0.,0.));
#3377 = ORIENTED_EDGE('',*,*,#2390,.F.);
#3378 = ORIENTED_EDGE('',*,*,#2381,.F.);
#3379 = ORIENTED_EDGE('',*,*,#2372,.F.);
#3380 = ORIENTED_EDGE('',*,*,#2361,.F.);
#3381 = ORIENTED_EDGE('',*,*,#2442,.F.);
#3382 = ORIENTED_EDGE('',*,*,#2424,.F.);
#3383 = ORIENTED_EDGE('',*,*,#3384,.F.);
#3384 = EDGE_CURVE('',#3385,#2417,#3387,.T.);
#3385 = VERTEX_POINT('',#3386);
#3386 = CARTESIAN_POINT('',(65.8,4.770362287137,1.5));
#3387 = LINE('',#3388,#3389);
#3388 = CARTESIAN_POINT('',(65.8,0.25,1.5));
#3389 = VECTOR('',#3390,1.);
#3390 = DIRECTION('',(0.,1.,0.));
#3391 = ORIENTED_EDGE('',*,*,#3392,.F.);
#3392 = EDGE_CURVE('',#3393,#3385,#3395,.T.);
#3393 = VERTEX_POINT('',#3394);
#3394 = CARTESIAN_POINT('',(66.74,2.7,1.5));
#3395 = CIRCLE('',#3396,2.75);
#3396 = AXIS2_PLACEMENT_3D('',#3397,#3398,#3399);
#3397 = CARTESIAN_POINT('',(63.99,2.7,1.5));
#3398 = DIRECTION('',(0.,0.,1.));
#3399 = DIRECTION('',(1.,0.,0.));
#3400 = ORIENTED_EDGE('',*,*,#3401,.F.);
#3401 = EDGE_CURVE('',#3402,#3393,#3404,.T.);
#3402 = VERTEX_POINT('',#3403);
#3403 = CARTESIAN_POINT('',(66.7110840573,2.302254411582,1.5));
#3404 = CIRCLE('',#3405,2.75);
#3405 = AXIS2_PLACEMENT_3D('',#3406,#3407,#3408);
#3406 = CARTESIAN_POINT('',(63.99,2.7,1.5));
#3407 = DIRECTION('',(0.,0.,1.));
#3408 = DIRECTION('',(1.,0.,0.));
#3409 = ORIENTED_EDGE('',*,*,#3410,.F.);
#3410 = EDGE_CURVE('',#3411,#3402,#3413,.T.);
#3411 = VERTEX_POINT('',#3412);
#3412 = CARTESIAN_POINT('',(66.024698994938,0.85,1.5));
#3413 = CIRCLE('',#3414,2.75);
#3414 = AXIS2_PLACEMENT_3D('',#3415,#3416,#3417);
#3415 = CARTESIAN_POINT('',(63.99,2.7,1.5));
#3416 = DIRECTION('',(0.,0.,1.));
#3417 = DIRECTION('',(1.,0.,0.));
#3418 = ORIENTED_EDGE('',*,*,#3419,.F.);
#3419 = EDGE_CURVE('',#3420,#3411,#3422,.T.);
#3420 = VERTEX_POINT('',#3421);
#3421 = CARTESIAN_POINT('',(65.8,0.629637712863,1.5));
#3422 = CIRCLE('',#3423,2.75);
#3423 = AXIS2_PLACEMENT_3D('',#3424,#3425,#3426);
#3424 = CARTESIAN_POINT('',(63.99,2.7,1.5));
#3425 = DIRECTION('',(0.,0.,1.));
#3426 = DIRECTION('',(1.,0.,0.));
#3427 = ORIENTED_EDGE('',*,*,#3428,.F.);
#3428 = EDGE_CURVE('',#3429,#3420,#3431,.T.);
#3429 = VERTEX_POINT('',#3430);
#3430 = CARTESIAN_POINT('',(64.326504935379,-2.933406318571E-02,1.5));
#3431 = CIRCLE('',#3432,2.75);
#3432 = AXIS2_PLACEMENT_3D('',#3433,#3434,#3435);
#3433 = CARTESIAN_POINT('',(63.99,2.7,1.5));
#3434 = DIRECTION('',(0.,0.,1.));
#3435 = DIRECTION('',(1.,0.,0.));
#3436 = ORIENTED_EDGE('',*,*,#3437,.F.);
#3437 = EDGE_CURVE('',#3438,#3429,#3440,.T.);
#3438 = VERTEX_POINT('',#3439);
#3439 = CARTESIAN_POINT('',(61.955301005062,0.85,1.5));
#3440 = CIRCLE('',#3441,2.75);
#3441 = AXIS2_PLACEMENT_3D('',#3442,#3443,#3444);
#3442 = CARTESIAN_POINT('',(63.99,2.7,1.5));
#3443 = DIRECTION('',(0.,0.,1.));
#3444 = DIRECTION('',(1.,0.,0.));
#3445 = ORIENTED_EDGE('',*,*,#3446,.T.);
#3446 = EDGE_CURVE('',#3438,#3447,#3449,.T.);
#3447 = VERTEX_POINT('',#3448);
#3448 = CARTESIAN_POINT('',(1.45,0.85,1.5));
#3449 = LINE('',#3450,#3451);
#3450 = CARTESIAN_POINT('',(0.25,0.85,1.5));
#3451 = VECTOR('',#3452,1.);
#3452 = DIRECTION('',(-1.,0.,0.));
#3453 = ORIENTED_EDGE('',*,*,#3454,.F.);
#3454 = EDGE_CURVE('',#3455,#3447,#3457,.T.);
#3455 = VERTEX_POINT('',#3456);
#3456 = CARTESIAN_POINT('',(0.85,1.45,1.5));
#3457 = CIRCLE('',#3458,0.6);
#3458 = AXIS2_PLACEMENT_3D('',#3459,#3460,#3461);
#3459 = CARTESIAN_POINT('',(1.45,1.45,1.5));
#3460 = DIRECTION('',(0.,0.,1.));
#3461 = DIRECTION('',(1.,0.,0.));
#3462 = ORIENTED_EDGE('',*,*,#3463,.T.);
#3463 = EDGE_CURVE('',#3455,#3298,#3464,.T.);
#3464 = LINE('',#3465,#3466);
#3465 = CARTESIAN_POINT('',(0.85,-5.1,1.5));
#3466 = VECTOR('',#3467,1.);
#3467 = DIRECTION('',(0.,1.,0.));
#3468 = PLANE('',#3469);
#3469 = AXIS2_PLACEMENT_3D('',#3470,#3471,#3472);
#3470 = CARTESIAN_POINT('',(33.318541816315,18.774992816037,1.5));
#3471 = DIRECTION('',(0.,0.,1.));
#3472 = DIRECTION('',(1.,0.,0.));
#3473 = ADVANCED_FACE('',(#3474),#3492,.F.);
#3474 = FACE_BOUND('',#3475,.F.);
#3475 = EDGE_LOOP('',(#3476,#3477,#3485,#3491));
#3476 = ORIENTED_EDGE('',*,*,#2399,.F.);
#3477 = ORIENTED_EDGE('',*,*,#3478,.T.);
#3478 = EDGE_CURVE('',#2400,#3479,#3481,.T.);
#3479 = VERTEX_POINT('',#3480);
#3480 = CARTESIAN_POINT('',(20.6,36.7,0.));
#3481 = LINE('',#3482,#3483);
#3482 = CARTESIAN_POINT('',(0.25,36.7,0.));
#3483 = VECTOR('',#3484,1.);
#3484 = DIRECTION('',(-1.,0.,0.));
#3485 = ORIENTED_EDGE('',*,*,#3486,.F.);
#3486 = EDGE_CURVE('',#3365,#3479,#3487,.T.);
#3487 = LINE('',#3488,#3489);
#3488 = CARTESIAN_POINT('',(20.6,36.7,-0.25));
#3489 = VECTOR('',#3490,1.);
#3490 = DIRECTION('',(0.,0.,-1.));
#3491 = ORIENTED_EDGE('',*,*,#3372,.F.);
#3492 = PLANE('',#3493);
#3493 = AXIS2_PLACEMENT_3D('',#3494,#3495,#3496);
#3494 = CARTESIAN_POINT('',(0.85,36.7,-0.5));
#3495 = DIRECTION('',(0.,1.,0.));
#3496 = DIRECTION('',(0.,0.,1.));
#3497 = ADVANCED_FACE('',(#3498),#3680,.T.);
#3498 = FACE_BOUND('',#3499,.T.);
#3499 = EDGE_LOOP('',(#3500,#3511,#3520,#3528,#3537,#3545,#3554,#3560,
    #3561,#3562,#3570,#3578,#3587,#3596,#3605,#3614,#3623,#3631,#3639,
    #3647,#3656,#3664,#3673));
#3500 = ORIENTED_EDGE('',*,*,#3501,.F.);
#3501 = EDGE_CURVE('',#3502,#3504,#3506,.T.);
#3502 = VERTEX_POINT('',#3503);
#3503 = CARTESIAN_POINT('',(3.41510765397,4.530494026339,0.));
#3504 = VERTEX_POINT('',#3505);
#3505 = CARTESIAN_POINT('',(5.36,7.16,0.));
#3506 = CIRCLE('',#3507,2.75);
#3507 = AXIS2_PLACEMENT_3D('',#3508,#3509,#3510);
#3508 = CARTESIAN_POINT('',(2.61,7.16,0.));
#3509 = DIRECTION('',(0.,0.,1.));
#3510 = DIRECTION('',(1.,0.,0.));
#3511 = ORIENTED_EDGE('',*,*,#3512,.F.);
#3512 = EDGE_CURVE('',#3513,#3502,#3515,.T.);
#3513 = VERTEX_POINT('',#3514);
#3514 = CARTESIAN_POINT('',(0.85,5.046969001647,0.));
#3515 = CIRCLE('',#3516,2.75);
#3516 = AXIS2_PLACEMENT_3D('',#3517,#3518,#3519);
#3517 = CARTESIAN_POINT('',(2.61,7.16,0.));
#3518 = DIRECTION('',(0.,0.,1.));
#3519 = DIRECTION('',(1.,0.,0.));
#3520 = ORIENTED_EDGE('',*,*,#3521,.F.);
#3521 = EDGE_CURVE('',#3522,#3513,#3524,.T.);
#3522 = VERTEX_POINT('',#3523);
#3523 = CARTESIAN_POINT('',(0.85,1.45,0.));
#3524 = LINE('',#3525,#3526);
#3525 = CARTESIAN_POINT('',(0.85,-5.1,0.));
#3526 = VECTOR('',#3527,1.);
#3527 = DIRECTION('',(0.,1.,0.));
#3528 = ORIENTED_EDGE('',*,*,#3529,.T.);
#3529 = EDGE_CURVE('',#3522,#3530,#3532,.T.);
#3530 = VERTEX_POINT('',#3531);
#3531 = CARTESIAN_POINT('',(1.45,0.85,0.));
#3532 = CIRCLE('',#3533,0.6);
#3533 = AXIS2_PLACEMENT_3D('',#3534,#3535,#3536);
#3534 = CARTESIAN_POINT('',(1.45,1.45,0.));
#3535 = DIRECTION('',(0.,0.,1.));
#3536 = DIRECTION('',(1.,0.,0.));
#3537 = ORIENTED_EDGE('',*,*,#3538,.F.);
#3538 = EDGE_CURVE('',#3539,#3530,#3541,.T.);
#3539 = VERTEX_POINT('',#3540);
#3540 = CARTESIAN_POINT('',(61.955301005063,0.85,0.));
#3541 = LINE('',#3542,#3543);
#3542 = CARTESIAN_POINT('',(0.25,0.85,0.));
#3543 = VECTOR('',#3544,1.);
#3544 = DIRECTION('',(-1.,0.,0.));
#3545 = ORIENTED_EDGE('',*,*,#3546,.F.);
#3546 = EDGE_CURVE('',#3547,#3539,#3549,.T.);
#3547 = VERTEX_POINT('',#3548);
#3548 = CARTESIAN_POINT('',(65.8,4.770362287137,0.));
#3549 = CIRCLE('',#3550,2.75);
#3550 = AXIS2_PLACEMENT_3D('',#3551,#3552,#3553);
#3551 = CARTESIAN_POINT('',(63.99,2.7,0.));
#3552 = DIRECTION('',(0.,0.,1.));
#3553 = DIRECTION('',(1.,0.,0.));
#3554 = ORIENTED_EDGE('',*,*,#3555,.T.);
#3555 = EDGE_CURVE('',#3547,#2408,#3556,.T.);
#3556 = LINE('',#3557,#3558);
#3557 = CARTESIAN_POINT('',(65.8,0.25,0.));
#3558 = VECTOR('',#3559,1.);
#3559 = DIRECTION('',(0.,1.,0.));
#3560 = ORIENTED_EDGE('',*,*,#2407,.F.);
#3561 = ORIENTED_EDGE('',*,*,#3478,.T.);
#3562 = ORIENTED_EDGE('',*,*,#3563,.F.);
#3563 = EDGE_CURVE('',#3564,#3479,#3566,.T.);
#3564 = VERTEX_POINT('',#3565);
#3565 = CARTESIAN_POINT('',(20.6,36.695,0.));
#3566 = LINE('',#3567,#3568);
#3567 = CARTESIAN_POINT('',(20.6,36.695,0.));
#3568 = VECTOR('',#3569,1.);
#3569 = DIRECTION('',(0.,1.,0.));
#3570 = ORIENTED_EDGE('',*,*,#3571,.F.);
#3571 = EDGE_CURVE('',#3572,#3564,#3574,.T.);
#3572 = VERTEX_POINT('',#3573);
#3573 = CARTESIAN_POINT('',(19.411699091843,36.695,0.));
#3574 = LINE('',#3575,#3576);
#3575 = CARTESIAN_POINT('',(13.,36.695,0.));
#3576 = VECTOR('',#3577,1.);
#3577 = DIRECTION('',(1.,0.,0.));
#3578 = ORIENTED_EDGE('',*,*,#3579,.F.);
#3579 = EDGE_CURVE('',#3580,#3572,#3582,.T.);
#3580 = VERTEX_POINT('',#3581);
#3581 = CARTESIAN_POINT('',(19.52425,36.545073629231,0.));
#3582 = CIRCLE('',#3583,2.75);
#3583 = AXIS2_PLACEMENT_3D('',#3584,#3585,#3586);
#3584 = CARTESIAN_POINT('',(17.27,34.97,0.));
#3585 = DIRECTION('',(0.,0.,1.));
#3586 = DIRECTION('',(1.,0.,0.));
#3587 = ORIENTED_EDGE('',*,*,#3588,.F.);
#3588 = EDGE_CURVE('',#3589,#3580,#3591,.T.);
#3589 = VERTEX_POINT('',#3590);
#3590 = CARTESIAN_POINT('',(20.02,34.97,0.));
#3591 = CIRCLE('',#3592,2.75);
#3592 = AXIS2_PLACEMENT_3D('',#3593,#3594,#3595);
#3593 = CARTESIAN_POINT('',(17.27,34.97,0.));
#3594 = DIRECTION('',(0.,0.,1.));
#3595 = DIRECTION('',(1.,0.,0.));
#3596 = ORIENTED_EDGE('',*,*,#3597,.F.);
#3597 = EDGE_CURVE('',#3598,#3589,#3600,.T.);
#3598 = VERTEX_POINT('',#3599);
#3599 = CARTESIAN_POINT('',(19.52425,33.394926370769,0.));
#3600 = CIRCLE('',#3601,2.75);
#3601 = AXIS2_PLACEMENT_3D('',#3602,#3603,#3604);
#3602 = CARTESIAN_POINT('',(17.27,34.97,0.));
#3603 = DIRECTION('',(0.,0.,1.));
#3604 = DIRECTION('',(1.,0.,0.));
#3605 = ORIENTED_EDGE('',*,*,#3606,.F.);
#3606 = EDGE_CURVE('',#3607,#3598,#3609,.T.);
#3607 = VERTEX_POINT('',#3608);
#3608 = CARTESIAN_POINT('',(16.97,32.236412613433,0.));
#3609 = CIRCLE('',#3610,2.75);
#3610 = AXIS2_PLACEMENT_3D('',#3611,#3612,#3613);
#3611 = CARTESIAN_POINT('',(17.27,34.97,0.));
#3612 = DIRECTION('',(0.,0.,1.));
#3613 = DIRECTION('',(1.,0.,0.));
#3614 = ORIENTED_EDGE('',*,*,#3615,.F.);
#3615 = EDGE_CURVE('',#3616,#3607,#3618,.T.);
#3616 = VERTEX_POINT('',#3617);
#3617 = CARTESIAN_POINT('',(15.128300908157,36.695,0.));
#3618 = CIRCLE('',#3619,2.75);
#3619 = AXIS2_PLACEMENT_3D('',#3620,#3621,#3622);
#3620 = CARTESIAN_POINT('',(17.27,34.97,0.));
#3621 = DIRECTION('',(0.,0.,1.));
#3622 = DIRECTION('',(1.,0.,0.));
#3623 = ORIENTED_EDGE('',*,*,#3624,.T.);
#3624 = EDGE_CURVE('',#3616,#3625,#3627,.T.);
#3625 = VERTEX_POINT('',#3626);
#3626 = CARTESIAN_POINT('',(13.,36.695,0.));
#3627 = LINE('',#3628,#3629);
#3628 = CARTESIAN_POINT('',(-16.665,36.695,0.));
#3629 = VECTOR('',#3630,1.);
#3630 = DIRECTION('',(-1.,0.,0.));
#3631 = ORIENTED_EDGE('',*,*,#3632,.T.);
#3632 = EDGE_CURVE('',#3625,#3633,#3635,.T.);
#3633 = VERTEX_POINT('',#3634);
#3634 = CARTESIAN_POINT('',(13.,36.7,0.));
#3635 = LINE('',#3636,#3637);
#3636 = CARTESIAN_POINT('',(13.,36.695,0.));
#3637 = VECTOR('',#3638,1.);
#3638 = DIRECTION('',(0.,1.,0.));
#3639 = ORIENTED_EDGE('',*,*,#3640,.T.);
#3640 = EDGE_CURVE('',#3633,#3641,#3643,.T.);
#3641 = VERTEX_POINT('',#3642);
#3642 = CARTESIAN_POINT('',(1.45,36.7,0.));
#3643 = LINE('',#3644,#3645);
#3644 = CARTESIAN_POINT('',(0.25,36.7,0.));
#3645 = VECTOR('',#3646,1.);
#3646 = DIRECTION('',(-1.,0.,0.));
#3647 = ORIENTED_EDGE('',*,*,#3648,.T.);
#3648 = EDGE_CURVE('',#3641,#3649,#3651,.T.);
#3649 = VERTEX_POINT('',#3650);
#3650 = CARTESIAN_POINT('',(0.85,36.1,0.));
#3651 = CIRCLE('',#3652,0.6);
#3652 = AXIS2_PLACEMENT_3D('',#3653,#3654,#3655);
#3653 = CARTESIAN_POINT('',(1.45,36.1,0.));
#3654 = DIRECTION('',(0.,0.,1.));
#3655 = DIRECTION('',(1.,0.,0.));
#3656 = ORIENTED_EDGE('',*,*,#3657,.F.);
#3657 = EDGE_CURVE('',#3658,#3649,#3660,.T.);
#3658 = VERTEX_POINT('',#3659);
#3659 = CARTESIAN_POINT('',(0.85,9.273030998353,0.));
#3660 = LINE('',#3661,#3662);
#3661 = CARTESIAN_POINT('',(0.85,0.25,0.));
#3662 = VECTOR('',#3663,1.);
#3663 = DIRECTION('',(0.,1.,0.));
#3664 = ORIENTED_EDGE('',*,*,#3665,.F.);
#3665 = EDGE_CURVE('',#3666,#3658,#3668,.T.);
#3666 = VERTEX_POINT('',#3667);
#3667 = CARTESIAN_POINT('',(2.27489234603,9.889505973661,0.));
#3668 = CIRCLE('',#3669,2.75);
#3669 = AXIS2_PLACEMENT_3D('',#3670,#3671,#3672);
#3670 = CARTESIAN_POINT('',(2.61,7.16,0.));
#3671 = DIRECTION('',(0.,0.,1.));
#3672 = DIRECTION('',(1.,0.,0.));
#3673 = ORIENTED_EDGE('',*,*,#3674,.F.);
#3674 = EDGE_CURVE('',#3504,#3666,#3675,.T.);
#3675 = CIRCLE('',#3676,2.75);
#3676 = AXIS2_PLACEMENT_3D('',#3677,#3678,#3679);
#3677 = CARTESIAN_POINT('',(2.61,7.16,0.));
#3678 = DIRECTION('',(0.,0.,1.));
#3679 = DIRECTION('',(1.,0.,0.));
#3680 = PLANE('',#3681);
#3681 = AXIS2_PLACEMENT_3D('',#3682,#3683,#3684);
#3682 = CARTESIAN_POINT('',(31.677167980315,18.847781961564,0.));
#3683 = DIRECTION('',(0.,0.,1.));
#3684 = DIRECTION('',(1.,0.,0.));
#3685 = ADVANCED_FACE('',(#3686),#3697,.F.);
#3686 = FACE_BOUND('',#3687,.F.);
#3687 = EDGE_LOOP('',(#3688,#3689,#3695,#3696));
#3688 = ORIENTED_EDGE('',*,*,#3384,.F.);
#3689 = ORIENTED_EDGE('',*,*,#3690,.F.);
#3690 = EDGE_CURVE('',#3547,#3385,#3691,.T.);
#3691 = LINE('',#3692,#3693);
#3692 = CARTESIAN_POINT('',(65.8,4.770362287137,0.));
#3693 = VECTOR('',#3694,1.);
#3694 = DIRECTION('',(0.,0.,1.));
#3695 = ORIENTED_EDGE('',*,*,#3555,.T.);
#3696 = ORIENTED_EDGE('',*,*,#2416,.T.);
#3697 = PLANE('',#3698);
#3698 = AXIS2_PLACEMENT_3D('',#3699,#3700,#3701);
#3699 = CARTESIAN_POINT('',(65.8,0.85,-0.5));
#3700 = DIRECTION('',(1.,0.,0.));
#3701 = DIRECTION('',(0.,0.,1.));
#3702 = ADVANCED_FACE('',(#3703),#3719,.T.);
#3703 = FACE_BOUND('',#3704,.T.);
#3704 = EDGE_LOOP('',(#3705,#3706,#3707,#3714,#3715,#3716,#3717,#3718));
#3705 = ORIENTED_EDGE('',*,*,#2984,.T.);
#3706 = ORIENTED_EDGE('',*,*,#2944,.F.);
#3707 = ORIENTED_EDGE('',*,*,#3708,.F.);
#3708 = EDGE_CURVE('',#2521,#2937,#3709,.T.);
#3709 = CIRCLE('',#3710,1.4);
#3710 = AXIS2_PLACEMENT_3D('',#3711,#3712,#3713);
#3711 = CARTESIAN_POINT('',(65.75,36.65,6.2));
#3712 = DIRECTION('',(0.,0.,1.));
#3713 = DIRECTION('',(1.,0.,0.));
#3714 = ORIENTED_EDGE('',*,*,#2520,.T.);
#3715 = ORIENTED_EDGE('',*,*,#3067,.T.);
#3716 = ORIENTED_EDGE('',*,*,#3051,.T.);
#3717 = ORIENTED_EDGE('',*,*,#3019,.T.);
#3718 = ORIENTED_EDGE('',*,*,#3028,.T.);
#3719 = PLANE('',#3720);
#3720 = AXIS2_PLACEMENT_3D('',#3721,#3722,#3723);
#3721 = CARTESIAN_POINT('',(66.984265432462,35.890193420672,6.2));
#3722 = DIRECTION('',(0.,0.,1.));
#3723 = DIRECTION('',(1.,0.,0.));
#3724 = ADVANCED_FACE('',(#3725),#3733,.F.);
#3725 = FACE_BOUND('',#3726,.F.);
#3726 = EDGE_LOOP('',(#3727,#3728,#3729,#3730,#3731,#3732));
#3727 = ORIENTED_EDGE('',*,*,#2528,.F.);
#3728 = ORIENTED_EDGE('',*,*,#3262,.T.);
#3729 = ORIENTED_EDGE('',*,*,#3271,.T.);
#3730 = ORIENTED_EDGE('',*,*,#3280,.T.);
#3731 = ORIENTED_EDGE('',*,*,#2936,.T.);
#3732 = ORIENTED_EDGE('',*,*,#3708,.F.);
#3733 = CYLINDRICAL_SURFACE('',#3734,1.4);
#3734 = AXIS2_PLACEMENT_3D('',#3735,#3736,#3737);
#3735 = CARTESIAN_POINT('',(65.75,36.65,-1.));
#3736 = DIRECTION('',(0.,0.,1.));
#3737 = DIRECTION('',(1.,0.,0.));
#3738 = ADVANCED_FACE('',(#3739),#3753,.F.);
#3739 = FACE_BOUND('',#3740,.F.);
#3740 = EDGE_LOOP('',(#3741,#3742,#3743,#3744,#3751,#3752));
#3741 = ORIENTED_EDGE('',*,*,#3245,.T.);
#3742 = ORIENTED_EDGE('',*,*,#3254,.T.);
#3743 = ORIENTED_EDGE('',*,*,#2544,.T.);
#3744 = ORIENTED_EDGE('',*,*,#3745,.F.);
#3745 = EDGE_CURVE('',#2674,#2545,#3746,.T.);
#3746 = CIRCLE('',#3747,1.4);
#3747 = AXIS2_PLACEMENT_3D('',#3748,#3749,#3750);
#3748 = CARTESIAN_POINT('',(65.75,0.9,6.2));
#3749 = DIRECTION('',(0.,0.,1.));
#3750 = DIRECTION('',(1.,0.,0.));
#3751 = ORIENTED_EDGE('',*,*,#2681,.F.);
#3752 = ORIENTED_EDGE('',*,*,#3236,.T.);
#3753 = CYLINDRICAL_SURFACE('',#3754,1.4);
#3754 = AXIS2_PLACEMENT_3D('',#3755,#3756,#3757);
#3755 = CARTESIAN_POINT('',(65.75,0.9,-1.));
#3756 = DIRECTION('',(0.,0.,1.));
#3757 = DIRECTION('',(1.,0.,0.));
#3758 = ADVANCED_FACE('',(#3759),#3769,.T.);
#3759 = FACE_BOUND('',#3760,.T.);
#3760 = EDGE_LOOP('',(#3761,#3762,#3763,#3764,#3765,#3766,#3767,#3768));
#3761 = ORIENTED_EDGE('',*,*,#2649,.T.);
#3762 = ORIENTED_EDGE('',*,*,#2625,.T.);
#3763 = ORIENTED_EDGE('',*,*,#2634,.T.);
#3764 = ORIENTED_EDGE('',*,*,#2598,.T.);
#3765 = ORIENTED_EDGE('',*,*,#2566,.F.);
#3766 = ORIENTED_EDGE('',*,*,#2552,.T.);
#3767 = ORIENTED_EDGE('',*,*,#3745,.F.);
#3768 = ORIENTED_EDGE('',*,*,#2673,.T.);
#3769 = PLANE('',#3770);
#3770 = AXIS2_PLACEMENT_3D('',#3771,#3772,#3773);
#3771 = CARTESIAN_POINT('',(66.989449393474,1.665401368204,6.2));
#3772 = DIRECTION('',(0.,0.,1.));
#3773 = DIRECTION('',(1.,0.,0.));
#3774 = ADVANCED_FACE('',(#3775),#3779,.T.);
#3775 = FACE_BOUND('',#3776,.T.);
#3776 = EDGE_LOOP('',(#3777,#3778));
#3777 = ORIENTED_EDGE('',*,*,#2712,.F.);
#3778 = ORIENTED_EDGE('',*,*,#2744,.T.);
#3779 = PLANE('',#3780);
#3780 = AXIS2_PLACEMENT_3D('',#3781,#3782,#3783);
#3781 = CARTESIAN_POINT('',(63.99,2.7,6.2));
#3782 = DIRECTION('',(0.,0.,1.));
#3783 = DIRECTION('',(1.,0.,0.));
#3784 = ADVANCED_FACE('',(#3785),#3789,.T.);
#3785 = FACE_BOUND('',#3786,.T.);
#3786 = EDGE_LOOP('',(#3787,#3788));
#3787 = ORIENTED_EDGE('',*,*,#2912,.T.);
#3788 = ORIENTED_EDGE('',*,*,#2864,.T.);
#3789 = PLANE('',#3790);
#3790 = AXIS2_PLACEMENT_3D('',#3791,#3792,#3793);
#3791 = CARTESIAN_POINT('',(17.27,34.97,6.2));
#3792 = DIRECTION('',(0.,0.,1.));
#3793 = DIRECTION('',(1.,0.,0.));
#3794 = ADVANCED_FACE('',(#3795),#3799,.T.);
#3795 = FACE_BOUND('',#3796,.T.);
#3796 = EDGE_LOOP('',(#3797,#3798));
#3797 = ORIENTED_EDGE('',*,*,#2966,.T.);
#3798 = ORIENTED_EDGE('',*,*,#2896,.T.);
#3799 = PLANE('',#3800);
#3800 = AXIS2_PLACEMENT_3D('',#3801,#3802,#3803);
#3801 = CARTESIAN_POINT('',(63.94,34.86,6.2));
#3802 = DIRECTION('',(0.,0.,1.));
#3803 = DIRECTION('',(1.,0.,0.));
#3804 = ADVANCED_FACE('',(#3805),#3830,.T.);
#3805 = FACE_BOUND('',#3806,.T.);
#3806 = EDGE_LOOP('',(#3807,#3808,#3809,#3810,#3811,#3816,#3817,#3818,
    #3819,#3820,#3821,#3822,#3823,#3829));
#3807 = ORIENTED_EDGE('',*,*,#3428,.T.);
#3808 = ORIENTED_EDGE('',*,*,#3419,.T.);
#3809 = ORIENTED_EDGE('',*,*,#3410,.T.);
#3810 = ORIENTED_EDGE('',*,*,#3401,.T.);
#3811 = ORIENTED_EDGE('',*,*,#3812,.T.);
#3812 = EDGE_CURVE('',#3393,#3172,#3813,.T.);
#3813 = B_SPLINE_CURVE_WITH_KNOTS('',1,(#3814,#3815),.UNSPECIFIED.,.F.,
  .F.,(2,2),(1.5,4.),.PIECEWISE_BEZIER_KNOTS.);
#3814 = CARTESIAN_POINT('',(66.74,2.7,1.5));
#3815 = CARTESIAN_POINT('',(66.74,2.7,4.));
#3816 = ORIENTED_EDGE('',*,*,#3169,.F.);
#3817 = ORIENTED_EDGE('',*,*,#3189,.F.);
#3818 = ORIENTED_EDGE('',*,*,#3180,.F.);
#3819 = ORIENTED_EDGE('',*,*,#3812,.F.);
#3820 = ORIENTED_EDGE('',*,*,#3392,.T.);
#3821 = ORIENTED_EDGE('',*,*,#3690,.F.);
#3822 = ORIENTED_EDGE('',*,*,#3546,.T.);
#3823 = ORIENTED_EDGE('',*,*,#3824,.T.);
#3824 = EDGE_CURVE('',#3539,#3438,#3825,.T.);
#3825 = LINE('',#3826,#3827);
#3826 = CARTESIAN_POINT('',(61.955301005062,0.85,0.));
#3827 = VECTOR('',#3828,1.);
#3828 = DIRECTION('',(0.,0.,1.));
#3829 = ORIENTED_EDGE('',*,*,#3437,.T.);
#3830 = CYLINDRICAL_SURFACE('',#3831,2.75);
#3831 = AXIS2_PLACEMENT_3D('',#3832,#3833,#3834);
#3832 = CARTESIAN_POINT('',(63.99,2.7,0.));
#3833 = DIRECTION('',(0.,0.,1.));
#3834 = DIRECTION('',(1.,0.,0.));
#3835 = ADVANCED_FACE('',(#3836),#3864,.T.);
#3836 = FACE_BOUND('',#3837,.T.);
#3837 = EDGE_LOOP('',(#3838,#3839,#3840,#3841,#3847,#3848,#3849,#3850,
    #3851,#3857,#3858));
#3838 = ORIENTED_EDGE('',*,*,#3615,.T.);
#3839 = ORIENTED_EDGE('',*,*,#3606,.T.);
#3840 = ORIENTED_EDGE('',*,*,#3597,.T.);
#3841 = ORIENTED_EDGE('',*,*,#3842,.T.);
#3842 = EDGE_CURVE('',#3589,#3210,#3843,.T.);
#3843 = LINE('',#3844,#3845);
#3844 = CARTESIAN_POINT('',(20.02,34.97,0.));
#3845 = VECTOR('',#3846,1.);
#3846 = DIRECTION('',(0.,0.,1.));
#3847 = ORIENTED_EDGE('',*,*,#3209,.F.);
#3848 = ORIENTED_EDGE('',*,*,#3842,.F.);
#3849 = ORIENTED_EDGE('',*,*,#3588,.T.);
#3850 = ORIENTED_EDGE('',*,*,#3579,.T.);
#3851 = ORIENTED_EDGE('',*,*,#3852,.T.);
#3852 = EDGE_CURVE('',#3572,#3348,#3853,.T.);
#3853 = LINE('',#3854,#3855);
#3854 = CARTESIAN_POINT('',(19.411699091843,36.695,0.));
#3855 = VECTOR('',#3856,1.);
#3856 = DIRECTION('',(0.,0.,1.));
#3857 = ORIENTED_EDGE('',*,*,#3347,.T.);
#3858 = ORIENTED_EDGE('',*,*,#3859,.F.);
#3859 = EDGE_CURVE('',#3616,#3340,#3860,.T.);
#3860 = LINE('',#3861,#3862);
#3861 = CARTESIAN_POINT('',(15.128300908157,36.695,0.));
#3862 = VECTOR('',#3863,1.);
#3863 = DIRECTION('',(0.,0.,1.));
#3864 = CYLINDRICAL_SURFACE('',#3865,2.75);
#3865 = AXIS2_PLACEMENT_3D('',#3866,#3867,#3868);
#3866 = CARTESIAN_POINT('',(17.27,34.97,0.));
#3867 = DIRECTION('',(0.,0.,1.));
#3868 = DIRECTION('',(1.,0.,0.));
#3869 = ADVANCED_FACE('',(#3870),#3905,.T.);
#3870 = FACE_BOUND('',#3871,.T.);
#3871 = EDGE_LOOP('',(#3872,#3880,#3887,#3888,#3889,#3890,#3896,#3897,
    #3903,#3904));
#3872 = ORIENTED_EDGE('',*,*,#3873,.T.);
#3873 = EDGE_CURVE('',#3504,#3874,#3876,.T.);
#3874 = VERTEX_POINT('',#3875);
#3875 = CARTESIAN_POINT('',(5.36,7.16,4.));
#3876 = LINE('',#3877,#3878);
#3877 = CARTESIAN_POINT('',(5.36,7.16,-1.));
#3878 = VECTOR('',#3879,1.);
#3879 = DIRECTION('',(0.,0.,1.));
#3880 = ORIENTED_EDGE('',*,*,#3881,.F.);
#3881 = EDGE_CURVE('',#3874,#3874,#3882,.T.);
#3882 = CIRCLE('',#3883,2.75);
#3883 = AXIS2_PLACEMENT_3D('',#3884,#3885,#3886);
#3884 = CARTESIAN_POINT('',(2.61,7.16,4.));
#3885 = DIRECTION('',(0.,0.,1.));
#3886 = DIRECTION('',(1.,0.,0.));
#3887 = ORIENTED_EDGE('',*,*,#3873,.F.);
#3888 = ORIENTED_EDGE('',*,*,#3674,.T.);
#3889 = ORIENTED_EDGE('',*,*,#3665,.T.);
#3890 = ORIENTED_EDGE('',*,*,#3891,.T.);
#3891 = EDGE_CURVE('',#3658,#3296,#3892,.T.);
#3892 = LINE('',#3893,#3894);
#3893 = CARTESIAN_POINT('',(0.85,9.273030998353,-1.));
#3894 = VECTOR('',#3895,1.);
#3895 = DIRECTION('',(0.,0.,1.));
#3896 = ORIENTED_EDGE('',*,*,#3295,.T.);
#3897 = ORIENTED_EDGE('',*,*,#3898,.F.);
#3898 = EDGE_CURVE('',#3513,#3298,#3899,.T.);
#3899 = LINE('',#3900,#3901);
#3900 = CARTESIAN_POINT('',(0.85,5.046969001647,-1.));
#3901 = VECTOR('',#3902,1.);
#3902 = DIRECTION('',(0.,0.,1.));
#3903 = ORIENTED_EDGE('',*,*,#3512,.T.);
#3904 = ORIENTED_EDGE('',*,*,#3501,.T.);
#3905 = CYLINDRICAL_SURFACE('',#3906,2.75);
#3906 = AXIS2_PLACEMENT_3D('',#3907,#3908,#3909);
#3907 = CARTESIAN_POINT('',(2.61,7.16,-1.));
#3908 = DIRECTION('',(0.,0.,1.));
#3909 = DIRECTION('',(1.,0.,0.));
#3910 = ADVANCED_FACE('',(#3911),#3922,.T.);
#3911 = FACE_BOUND('',#3912,.T.);
#3912 = EDGE_LOOP('',(#3913,#3914,#3915,#3916));
#3913 = ORIENTED_EDGE('',*,*,#3306,.F.);
#3914 = ORIENTED_EDGE('',*,*,#3891,.F.);
#3915 = ORIENTED_EDGE('',*,*,#3657,.T.);
#3916 = ORIENTED_EDGE('',*,*,#3917,.T.);
#3917 = EDGE_CURVE('',#3649,#3307,#3918,.T.);
#3918 = LINE('',#3919,#3920);
#3919 = CARTESIAN_POINT('',(0.85,36.1,0.));
#3920 = VECTOR('',#3921,1.);
#3921 = DIRECTION('',(0.,0.,1.));
#3922 = PLANE('',#3923);
#3923 = AXIS2_PLACEMENT_3D('',#3924,#3925,#3926);
#3924 = CARTESIAN_POINT('',(0.85,22.484611707595,0.75));
#3925 = DIRECTION('',(1.,0.,0.));
#3926 = DIRECTION('',(0.,0.,1.));
#3927 = ADVANCED_FACE('',(#3928),#3939,.F.);
#3928 = FACE_BOUND('',#3929,.F.);
#3929 = EDGE_LOOP('',(#3930,#3931,#3937,#3938));
#3930 = ORIENTED_EDGE('',*,*,#3314,.F.);
#3931 = ORIENTED_EDGE('',*,*,#3932,.F.);
#3932 = EDGE_CURVE('',#3641,#3315,#3933,.T.);
#3933 = LINE('',#3934,#3935);
#3934 = CARTESIAN_POINT('',(1.45,36.7,0.));
#3935 = VECTOR('',#3936,1.);
#3936 = DIRECTION('',(0.,0.,1.));
#3937 = ORIENTED_EDGE('',*,*,#3648,.T.);
#3938 = ORIENTED_EDGE('',*,*,#3917,.T.);
#3939 = CYLINDRICAL_SURFACE('',#3940,0.6);
#3940 = AXIS2_PLACEMENT_3D('',#3941,#3942,#3943);
#3941 = CARTESIAN_POINT('',(1.45,36.1,0.));
#3942 = DIRECTION('',(0.,0.,1.));
#3943 = DIRECTION('',(1.,0.,0.));
#3944 = ADVANCED_FACE('',(#3945),#3956,.T.);
#3945 = FACE_BOUND('',#3946,.T.);
#3946 = EDGE_LOOP('',(#3947,#3953,#3954,#3955));
#3947 = ORIENTED_EDGE('',*,*,#3948,.F.);
#3948 = EDGE_CURVE('',#3324,#3633,#3949,.T.);
#3949 = LINE('',#3950,#3951);
#3950 = CARTESIAN_POINT('',(13.,36.7,-0.25));
#3951 = VECTOR('',#3952,1.);
#3952 = DIRECTION('',(0.,0.,-1.));
#3953 = ORIENTED_EDGE('',*,*,#3323,.F.);
#3954 = ORIENTED_EDGE('',*,*,#3932,.F.);
#3955 = ORIENTED_EDGE('',*,*,#3640,.F.);
#3956 = PLANE('',#3957);
#3957 = AXIS2_PLACEMENT_3D('',#3958,#3959,#3960);
#3958 = CARTESIAN_POINT('',(7.225,36.7,0.75));
#3959 = DIRECTION('',(-0.,-1.,-0.));
#3960 = DIRECTION('',(0.,0.,-1.));
#3961 = ADVANCED_FACE('',(#3962),#3973,.F.);
#3962 = FACE_BOUND('',#3963,.F.);
#3963 = EDGE_LOOP('',(#3964,#3970,#3971,#3972));
#3964 = ORIENTED_EDGE('',*,*,#3965,.F.);
#3965 = EDGE_CURVE('',#3625,#3332,#3966,.T.);
#3966 = LINE('',#3967,#3968);
#3967 = CARTESIAN_POINT('',(13.,36.695,0.));
#3968 = VECTOR('',#3969,1.);
#3969 = DIRECTION('',(0.,0.,1.));
#3970 = ORIENTED_EDGE('',*,*,#3632,.T.);
#3971 = ORIENTED_EDGE('',*,*,#3948,.F.);
#3972 = ORIENTED_EDGE('',*,*,#3331,.F.);
#3973 = PLANE('',#3974);
#3974 = AXIS2_PLACEMENT_3D('',#3975,#3976,#3977);
#3975 = CARTESIAN_POINT('',(13.,36.695,0.));
#3976 = DIRECTION('',(1.,0.,0.));
#3977 = DIRECTION('',(0.,0.,1.));
#3978 = ADVANCED_FACE('',(#3979),#3985,.F.);
#3979 = FACE_BOUND('',#3980,.F.);
#3980 = EDGE_LOOP('',(#3981,#3982,#3983,#3984));
#3981 = ORIENTED_EDGE('',*,*,#3624,.T.);
#3982 = ORIENTED_EDGE('',*,*,#3965,.T.);
#3983 = ORIENTED_EDGE('',*,*,#3339,.T.);
#3984 = ORIENTED_EDGE('',*,*,#3859,.F.);
#3985 = PLANE('',#3986);
#3986 = AXIS2_PLACEMENT_3D('',#3987,#3988,#3989);
#3987 = CARTESIAN_POINT('',(13.,36.695,0.));
#3988 = DIRECTION('',(0.,1.,0.));
#3989 = DIRECTION('',(0.,0.,1.));
#3990 = ADVANCED_FACE('',(#3991),#4002,.F.);
#3991 = FACE_BOUND('',#3992,.F.);
#3992 = EDGE_LOOP('',(#3993,#3994,#3995,#3996));
#3993 = ORIENTED_EDGE('',*,*,#3571,.F.);
#3994 = ORIENTED_EDGE('',*,*,#3852,.T.);
#3995 = ORIENTED_EDGE('',*,*,#3356,.T.);
#3996 = ORIENTED_EDGE('',*,*,#3997,.F.);
#3997 = EDGE_CURVE('',#3564,#3357,#3998,.T.);
#3998 = LINE('',#3999,#4000);
#3999 = CARTESIAN_POINT('',(20.6,36.695,0.));
#4000 = VECTOR('',#4001,1.);
#4001 = DIRECTION('',(0.,0.,1.));
#4002 = PLANE('',#4003);
#4003 = AXIS2_PLACEMENT_3D('',#4004,#4005,#4006);
#4004 = CARTESIAN_POINT('',(13.,36.695,0.));
#4005 = DIRECTION('',(0.,1.,0.));
#4006 = DIRECTION('',(0.,0.,1.));
#4007 = ADVANCED_FACE('',(#4008),#4014,.T.);
#4008 = FACE_BOUND('',#4009,.T.);
#4009 = EDGE_LOOP('',(#4010,#4011,#4012,#4013));
#4010 = ORIENTED_EDGE('',*,*,#3997,.F.);
#4011 = ORIENTED_EDGE('',*,*,#3563,.T.);
#4012 = ORIENTED_EDGE('',*,*,#3486,.F.);
#4013 = ORIENTED_EDGE('',*,*,#3364,.F.);
#4014 = PLANE('',#4015);
#4015 = AXIS2_PLACEMENT_3D('',#4016,#4017,#4018);
#4016 = CARTESIAN_POINT('',(20.6,36.695,0.));
#4017 = DIRECTION('',(1.,0.,0.));
#4018 = DIRECTION('',(0.,0.,1.));
#4019 = ADVANCED_FACE('',(#4020),#4031,.T.);
#4020 = FACE_BOUND('',#4021,.T.);
#4021 = EDGE_LOOP('',(#4022,#4023,#4024,#4030));
#4022 = ORIENTED_EDGE('',*,*,#3824,.F.);
#4023 = ORIENTED_EDGE('',*,*,#3538,.T.);
#4024 = ORIENTED_EDGE('',*,*,#4025,.T.);
#4025 = EDGE_CURVE('',#3530,#3447,#4026,.T.);
#4026 = LINE('',#4027,#4028);
#4027 = CARTESIAN_POINT('',(1.45,0.85,0.));
#4028 = VECTOR('',#4029,1.);
#4029 = DIRECTION('',(0.,0.,1.));
#4030 = ORIENTED_EDGE('',*,*,#3446,.F.);
#4031 = PLANE('',#4032);
#4032 = AXIS2_PLACEMENT_3D('',#4033,#4034,#4035);
#4033 = CARTESIAN_POINT('',(31.702650502531,0.85,0.75));
#4034 = DIRECTION('',(0.,1.,0.));
#4035 = DIRECTION('',(0.,0.,1.));
#4036 = ADVANCED_FACE('',(#4037),#4048,.F.);
#4037 = FACE_BOUND('',#4038,.F.);
#4038 = EDGE_LOOP('',(#4039,#4040,#4046,#4047));
#4039 = ORIENTED_EDGE('',*,*,#3454,.F.);
#4040 = ORIENTED_EDGE('',*,*,#4041,.F.);
#4041 = EDGE_CURVE('',#3522,#3455,#4042,.T.);
#4042 = LINE('',#4043,#4044);
#4043 = CARTESIAN_POINT('',(0.85,1.45,0.));
#4044 = VECTOR('',#4045,1.);
#4045 = DIRECTION('',(0.,0.,1.));
#4046 = ORIENTED_EDGE('',*,*,#3529,.T.);
#4047 = ORIENTED_EDGE('',*,*,#4025,.T.);
#4048 = CYLINDRICAL_SURFACE('',#4049,0.6);
#4049 = AXIS2_PLACEMENT_3D('',#4050,#4051,#4052);
#4050 = CARTESIAN_POINT('',(1.45,1.45,0.));
#4051 = DIRECTION('',(0.,0.,1.));
#4052 = DIRECTION('',(1.,0.,0.));
#4053 = ADVANCED_FACE('',(#4054),#4060,.T.);
#4054 = FACE_BOUND('',#4055,.T.);
#4055 = EDGE_LOOP('',(#4056,#4057,#4058,#4059));
#4056 = ORIENTED_EDGE('',*,*,#3463,.F.);
#4057 = ORIENTED_EDGE('',*,*,#4041,.F.);
#4058 = ORIENTED_EDGE('',*,*,#3521,.T.);
#4059 = ORIENTED_EDGE('',*,*,#3898,.T.);
#4060 = PLANE('',#4061);
#4061 = AXIS2_PLACEMENT_3D('',#4062,#4063,#4064);
#4062 = CARTESIAN_POINT('',(0.85,3.550388292405,0.75));
#4063 = DIRECTION('',(1.,0.,0.));
#4064 = DIRECTION('',(0.,0.,1.));
#4065 = ADVANCED_FACE('',(#4066,#4069),#4080,.T.);
#4066 = FACE_BOUND('',#4067,.T.);
#4067 = EDGE_LOOP('',(#4068));
#4068 = ORIENTED_EDGE('',*,*,#3881,.T.);
#4069 = FACE_BOUND('',#4070,.T.);
#4070 = EDGE_LOOP('',(#4071));
#4071 = ORIENTED_EDGE('',*,*,#4072,.F.);
#4072 = EDGE_CURVE('',#4073,#4073,#4075,.T.);
#4073 = VERTEX_POINT('',#4074);
#4074 = CARTESIAN_POINT('',(4.21,7.16,4.));
#4075 = CIRCLE('',#4076,1.6);
#4076 = AXIS2_PLACEMENT_3D('',#4077,#4078,#4079);
#4077 = CARTESIAN_POINT('',(2.61,7.16,4.));
#4078 = DIRECTION('',(0.,0.,1.));
#4079 = DIRECTION('',(1.,0.,0.));
#4080 = PLANE('',#4081);
#4081 = AXIS2_PLACEMENT_3D('',#4082,#4083,#4084);
#4082 = CARTESIAN_POINT('',(2.61,7.16,4.));
#4083 = DIRECTION('',(0.,0.,1.));
#4084 = DIRECTION('',(1.,0.,0.));
#4085 = ADVANCED_FACE('',(#4086),#4105,.F.);
#4086 = FACE_BOUND('',#4087,.F.);
#4087 = EDGE_LOOP('',(#4088,#4089,#4097,#4104));
#4088 = ORIENTED_EDGE('',*,*,#4072,.F.);
#4089 = ORIENTED_EDGE('',*,*,#4090,.F.);
#4090 = EDGE_CURVE('',#4091,#4073,#4093,.T.);
#4091 = VERTEX_POINT('',#4092);
#4092 = CARTESIAN_POINT('',(4.21,7.16,-1.1));
#4093 = LINE('',#4094,#4095);
#4094 = CARTESIAN_POINT('',(4.21,7.16,-1.1));
#4095 = VECTOR('',#4096,1.);
#4096 = DIRECTION('',(0.,0.,1.));
#4097 = ORIENTED_EDGE('',*,*,#4098,.T.);
#4098 = EDGE_CURVE('',#4091,#4091,#4099,.T.);
#4099 = CIRCLE('',#4100,1.6);
#4100 = AXIS2_PLACEMENT_3D('',#4101,#4102,#4103);
#4101 = CARTESIAN_POINT('',(2.61,7.16,-1.1));
#4102 = DIRECTION('',(0.,0.,1.));
#4103 = DIRECTION('',(1.,0.,0.));
#4104 = ORIENTED_EDGE('',*,*,#4090,.T.);
#4105 = CYLINDRICAL_SURFACE('',#4106,1.6);
#4106 = AXIS2_PLACEMENT_3D('',#4107,#4108,#4109);
#4107 = CARTESIAN_POINT('',(2.61,7.16,-1.1));
#4108 = DIRECTION('',(0.,0.,1.));
#4109 = DIRECTION('',(1.,0.,0.));
#4110 = ADVANCED_FACE('',(#4111),#4114,.T.);
#4111 = FACE_BOUND('',#4112,.F.);
#4112 = EDGE_LOOP('',(#4113));
#4113 = ORIENTED_EDGE('',*,*,#4098,.F.);
#4114 = PLANE('',#4115);
#4115 = AXIS2_PLACEMENT_3D('',#4116,#4117,#4118);
#4116 = CARTESIAN_POINT('',(2.61,7.16,-1.1));
#4117 = DIRECTION('',(0.,0.,1.));
#4118 = DIRECTION('',(1.,0.,0.));
#4119 = ( GEOMETRIC_REPRESENTATION_CONTEXT(3) 
GLOBAL_UNCERTAINTY_ASSIGNED_CONTEXT((#4123)) 
GLOBAL_UNIT_ASSIGNED_CONTEXT((#4120,#4121,#4122)) REPRESENTATION_CONTEXT
('Context #1','3D Context with UNIT and UNCERTAINTY') );
#4120 = ( LENGTH_UNIT() NAMED_UNIT(*) SI_UNIT(.MILLI.,.METRE.) );
#4121 = ( NAMED_UNIT(*) PLANE_ANGLE_UNIT() SI_UNIT($,.RADIAN.) );
#4122 = ( NAMED_UNIT(*) SI_UNIT($,.STERADIAN.) SOLID_ANGLE_UNIT() );
#4123 = UNCERTAINTY_MEASURE_WITH_UNIT(LENGTH_MEASURE(1.E-07),#4120,
  'distance_accuracy_value','confusion accuracy');
#4124 = PRODUCT_RELATED_PRODUCT_CATEGORY('part',$,(#7));
ENDSEC;
END-ISO-10303-21;
