13:08:23 ** Booting MCUboot v2.3.0-dev-fce4dac2e629 ***
13:08:23 *** Using nRF Connect SDK v3.3.0-ba167d9f3db4 ***
13:08:23 *** Using Zephyr OS v4.3.99-fd9204a02d52 ***
13:08:23 I: Starting bootloader
13:08:23 I: Primary image: magic=unset, swap_type=0x1, copy_done=0x3, image_ok=0x3
13:08:23 I: Secondary image: magic=unset, swap_type=0x1, copy_done=0x3, image_ok=0x3
13:08:23 I: Boot source: none
13:08:23 I: Image index: 0, Swap type: none
13:08:23 I: Bootloader chainload address offset: 0x10000
13:08:23 I: Image version: v0.4.0
13:08:23 I: Jumping to the first image slotAll pins have been configured as non-secure
13:08:23 Booting TF-M v2.2.2**
13:08:23 [Sec Thread] Secure image initializing!
13:08:23 *** Booting My Application v0.4.0-a2c13bdee4bb ***
13:08:23 *** Using nRF Connect SDK v3.3.0-ba167d9f3db4 ***
13:08:23 *** Using Zephyr OS v4.3.99-fd9204a02d52 ***
13:08:23 [00:00:00.265,960] <inf> main: === l0destar firmware boot (v0.4.0, board v3.4+can) ===
13:08:23 [00:00:00.274,414] <inf> main: reset cause: (none reported)
13:08:23 [00:00:00.280,456] <inf> crypto: ready
13:08:23 [00:00:00.284,729] <inf> settings: apn=sensor.net user=
13:08:23 [00:00:00.290,405] <inf> settings: int=900 ma=1 tm=0
13:08:23 [00:00:00.295,898] <inf> settings: imei=(unset)
13:08:23 [00:00:00.316,162] <inf> hw_domain: AUX domain on (P0.13)
13:08:23 [00:00:00.332,122] <inf> hw_selftest: === power rail self-test ===
13:08:23 [00:00:00.338,775] <inf> hw_selftest: PP3V3_GPS: OK
13:08:28 *** Booting MCUboot v2.3.0-dev-fce4dac2e629 ***
13:08:28 *** Using nRF Connect SDK v3.3.0-ba167d9f3db4 ***
13:08:28 *** Using Zephyr OS v4.3.99-fd9204a02d52 ***
13:08:28 I: Starting bootloader
13:08:28 I: Primary image: magic=unset, swap_type=0x1, copy_done=0x3, image_ok=0x3
13:08:28 I: Secondary image: magic=unset, swap_type=0x1, copy_done=0x3, image_ok=0x3
13:08:28 I: Boot source: none
13:08:28 I: Image index: 0, Swap type: none
13:08:28 I: Bootloader chainload address offset: 0x10000
13:08:28 I: Image version: v0.4.0
13:08:28 I: Jumping to the first image slotAll pins have been configured as non-secure
13:08:28 Booting TF-M v2.2.2**
13:08:28 [Sec Thread] Secure image initializing!
13:08:29 *** Booting My Application v0.4.0-a2c13bdee4bb ***
13:08:29 *** Using nRF Connect SDK v3.3.0-ba167d9f3db4 ***
13:08:29 *** Using Zephyr OS v4.3.99-fd9204a02d52 ***
13:08:29 [00:00:00.265,930] <inf> main: === l0destar firmware boot (v0.4.0, board v3.4+can) ===
13:08:29 [00:00:00.274,414] <inf> main: reset cause: pin
13:08:29 [00:00:00.279,388] <inf> crypto: ready
13:08:29 [00:00:00.283,691] <inf> settings: apn=sensor.net user=
13:08:29 [00:00:00.289,367] <inf> settings: int=900 ma=1 tm=0
13:08:29 [00:00:00.294,830] <inf> settings: imei=(unset)
13:08:29 [00:00:00.315,093] <inf> hw_domain: AUX domain on (P0.13)
13:08:29 [00:00:00.331,054] <inf> hw_selftest: === power rail self-test ===
13:08:29 [00:00:00.337,707] <inf> hw_selftest: PP3V3_GPS: OK
13:08:29 [00:00:00.358,245] <inf> hw_domain: CAN domain on (P0.23)
13:08:29 [00:00:00.364,166] <inf> hw_domain: CAN domain off (P0.23)
13:08:29 [00:00:00.375,213] <inf> hw_selftest: PP3V3_CAN off: OK
13:08:29 [00:00:00.380,889] <inf> hw_selftest: self-test: all rails OK
13:08:29 [00:00:00.397,369] <inf> hw_common: INA228 pins: SCL(P0.21)=1 SDA(P0.20)=1 OK
13:08:29 [00:00:00.468,353] <inf> hw_power: INA228 ready  VBUS=0.432 V
13:08:29 [00:00:00.485,076] <inf> hw_common: ACC pins: SCL(P0.21)=1 SDA(P0.20)=1 OK
13:08:29 [00:00:00.578,063] <inf> hw_accel: ACC ready (WHO_AM_I=0x6B, XL 416 Hz +/-8g, G 104 Hz +/-250dps)
13:08:29 [00:00:00.602,630] <inf> hw_domain: CAN domain on (P0.23)
13:08:29 [00:00:00.612,823] <inf> hw_can: CAN_INT idle=1 (expect 1)
13:08:29 [00:00:00.618,774] <inf> hw_can: MCP2518FD ready (OSC=0x00000460), XSTBY -> transceiver standby  entering sleep
13:08:29 [00:00:00.630,493] <inf> hw_domain: CAN domain off (P0.23)
13:08:29 [00:00:00.636,505] <inf> hw_kline: L sense ready (P0.14 = AIN1, pull-up ladder)
13:08:29 
13:08:29 *** CAN BENCH AGENT ***
13:08:29 
13:08:29 *** CAN LOOPBACK TEST ***
13:08:29 [00:00:00.664,428] <inf> hw_domain: CAN domain on (P0.23)
13:08:29   internal (controller): OK (ID=0x100, 4 bytes echoed)
13:08:29   external (transceiver): OK (ID=0x101, 4 bytes echoed)
13:08:29 [00:00:00.715,576] <inf> hw_domain: CAN domain off (P0.23)
13:08:29 PASS: CAN loopback test
13:08:29 *** CAN LOOPBACK TEST DONE ***
13:08:29 
13:08:29 [00:00:00.741,912] <inf> hw_domain: CAN domain on (P0.23)
13:08:29 bench: ready  CAN 2.0 500 kbps, control 0x7e0 -> 0x7e8, OSC=0x00000460 rail=1 int=1
13:08:58 bench: setmode mode=6 nom=500000 bps dat=2000000 bps flags=0x00 -> ok (opmod=6)
13:08:58 bench: SPI fast (direct GPIO)
13:08:58 bench: burst id=0x300 n=500 len=8 fd=0 brs=0 ext=0 -> sent=500 failed=0 231800 us drained=1 TEC=0 REC=0 fifo_flags=0x0
13:08:58 bench: burst id=0x300 n=500 len=8 fd=0 brs=0 ext=0 -> sent=500 failed=0 231735 us drained=1 TEC=0 REC=0 fifo_flags=0x0
13:08:59 bench: burst id=0x300 n=500 len=8 fd=0 brs=0 ext=0 -> sent=500 failed=0 231670 us drained=1 TEC=0 REC=0 fifo_flags=0x0
13:08:59 bench: burst id=0x300 n=500 len=8 fd=0 brs=0 ext=0 -> sent=500 failed=0 231704 us drained=1 TEC=0 REC=0 fifo_flags=0x0
13:08:59 bench: burst id=0x300 n=500 len=8 fd=0 brs=0 ext=0 -> sent=500 failed=0 231741 us drained=1 TEC=0 REC=0 fifo_flags=0x0
13:08:59 bench: burst id=0x300 n=500 len=8 fd=0 brs=0 ext=0 -> sent=500 failed=0 231746 us drained=1 TEC=0 REC=0 fifo_flags=0x0
13:09:00 bench: burst id=0x300 n=500 len=8 fd=0 brs=0 ext=0 -> sent=500 failed=0 231638 us drained=1 TEC=0 REC=0 fifo_flags=0x0
13:09:00 bench: burst id=0x300 n=500 len=8 fd=0 brs=0 ext=0 -> sent=500 failed=0 231590 us drained=1 TEC=0 REC=0 fifo_flags=0x0
13:09:00 bench: burst id=0x300 n=500 len=8 fd=0 brs=0 ext=0 -> sent=500 failed=0 231661 us drained=1 TEC=0 REC=0 fifo_flags=0x0
13:09:00 bench: burst id=0x300 n=500 len=8 fd=0 brs=0 ext=0 -> sent=500 failed=0 231647 us drained=1 TEC=0 REC=0 fifo_flags=0x0
13:09:00 bench: burst id=0x300 n=500 len=8 fd=0 brs=0 ext=0 -> sent=500 failed=0 231670 us drained=1 TEC=0 REC=0 fifo_flags=0x0
13:09:01 bench: burst id=0x300 n=500 len=8 fd=0 brs=0 ext=0 -> sent=500 failed=0 231585 us drained=1 TEC=0 REC=0 fifo_flags=0x0
13:09:01 bench: burst id=0x300 n=500 len=8 fd=0 brs=0 ext=0 -> sent=500 failed=0 231915 us drained=1 TEC=0 REC=0 fifo_flags=0x0
13:09:01 bench: burst id=0x300 n=500 len=8 fd=0 brs=0 ext=0 -> sent=500 failed=0 231699 us drained=1 TEC=0 REC=0 fifo_flags=0x0
13:09:01 bench: burst id=0x300 n=500 len=8 fd=0 brs=0 ext=0 -> sent=500 failed=0 231742 us drained=1 TEC=0 REC=0 fifo_flags=0x0
13:09:02 bench: burst id=0x300 n=500 len=8 fd=0 brs=0 ext=0 -> sent=500 failed=0 231735 us drained=1 TEC=0 REC=0 fifo_flags=0x0
13:09:02 bench: burst id=0x300 n=500 len=8 fd=0 brs=0 ext=0 -> sent=500 failed=0 231772 us drained=1 TEC=0 REC=0 fifo_flags=0x0
13:09:02 bench: burst id=0x300 n=500 len=8 fd=0 brs=0 ext=0 -> sent=500 failed=0 231776 us drained=1 TEC=0 REC=0 fifo_flags=0x0
13:09:02 bench: burst id=0x300 n=500 len=8 fd=0 brs=0 ext=0 -> sent=500 failed=0 231777 us drained=1 TEC=0 REC=0 fifo_flags=0x0
13:09:03 bench: burst id=0x300 n=500 len=8 fd=0 brs=0 ext=0 -> sent=500 failed=0 231778 us drained=1 TEC=0 REC=0 fifo_flags=0x0
13:09:03 bench: burst id=0x300 n=500 len=8 fd=0 brs=0 ext=0 -> sent=500 failed=0 231650 us drained=1 TEC=0 REC=0 fifo_flags=0x0
13:09:03 bench: burst id=0x300 n=500 len=8 fd=0 brs=0 ext=0 -> sent=500 failed=0 231691 us drained=1 TEC=0 REC=0 fifo_flags=0x0
13:09:03 bench: burst id=0x300 n=500 len=8 fd=0 brs=0 ext=0 -> sent=500 failed=0 231586 us drained=1 TEC=0 REC=0 fifo_flags=0x0
13:09:04 bench: burst id=0x300 n=500 len=8 fd=0 brs=0 ext=0 -> sent=500 failed=0 231514 us drained=1 TEC=0 REC=0 fifo_flags=0x0
13:09:04 bench: burst id=0x300 n=500 len=8 fd=0 brs=0 ext=0 -> sent=500 failed=0 231474 us drained=1 TEC=0 REC=0 fifo_flags=0x0
13:09:04 bench: burst id=0x300 n=500 len=8 fd=0 brs=0 ext=0 -> sent=500 failed=0 231645 us drained=1 TEC=0 REC=0 fifo_flags=0x0
13:09:04 bench: burst id=0x300 n=500 len=8 fd=0 brs=0 ext=0 -> sent=500 failed=0 231670 us drained=1 TEC=0 REC=0 fifo_flags=0x0
13:09:05 bench: burst id=0x300 n=500 len=8 fd=0 brs=0 ext=0 -> sent=500 failed=0 231737 us drained=1 TEC=0 REC=0 fifo_flags=0x0
13:09:05 bench: burst id=0x300 n=500 len=8 fd=0 brs=0 ext=0 -> sent=500 failed=0 231752 us drained=1 TEC=0 REC=0 fifo_flags=0x0
13:09:05 bench: burst id=0x300 n=500 len=8 fd=0 brs=0 ext=0 -> sent=500 failed=0 231591 us drained=1 TEC=0 REC=0 fifo_flags=0x0
13:09:05 bench: burst id=0x300 n=500 len=8 fd=0 brs=0 ext=0 -> sent=500 failed=0 231923 us drained=1 TEC=0 REC=0 fifo_flags=0x0
13:09:06 bench: burst id=0x300 n=500 len=8 fd=0 brs=0 ext=0 -> sent=500 failed=0 231785 us drained=1 TEC=0 REC=0 fifo_flags=0x0
13:09:06 bench: burst id=0x300 n=500 len=8 fd=0 brs=0 ext=0 -> sent=500 failed=0 231997 us drained=1 TEC=0 REC=0 fifo_flags=0x0
13:09:06 bench: burst id=0x300 n=500 len=8 fd=0 brs=0 ext=0 -> sent=500 failed=0 231778 us drained=1 TEC=0 REC=0 fifo_flags=0x0
13:09:06 bench: burst id=0x300 n=500 len=8 fd=0 brs=0 ext=0 -> sent=500 failed=0 231694 us drained=1 TEC=0 REC=0 fifo_flags=0x0
13:09:07 bench: burst id=0x300 n=500 len=8 fd=0 brs=0 ext=0 -> sent=500 failed=0 231596 us drained=1 TEC=0 REC=0 fifo_flags=0x0
13:09:07 bench: burst id=0x300 n=500 len=8 fd=0 brs=0 ext=0 -> sent=500 failed=0 231403 us drained=1 TEC=0 REC=0 fifo_flags=0x0
13:09:07 bench: burst id=0x300 n=500 len=8 fd=0 brs=0 ext=0 -> sent=500 failed=0 231760 us drained=1 TEC=0 REC=0 fifo_flags=0x0
13:09:07 bench: burst id=0x300 n=500 len=8 fd=0 brs=0 ext=0 -> sent=500 failed=0 231765 us drained=1 TEC=0 REC=0 fifo_flags=0x0
13:09:07 bench: burst id=0x300 n=500 len=8 fd=0 brs=0 ext=0 -> sent=500 failed=0 231587 us drained=1 TEC=0 REC=0 fifo_flags=0x0
13:09:08 bench: burst id=0x300 n=500 len=8 fd=0 brs=0 ext=0 -> sent=500 failed=0 231629 us drained=1 TEC=0 REC=0 fifo_flags=0x0
13:09:08 bench: burst id=0x300 n=500 len=8 fd=0 brs=0 ext=0 -> sent=500 failed=0 231697 us drained=1 TEC=0 REC=0 fifo_flags=0x0
13:09:08 bench: burst id=0x300 n=500 len=8 fd=0 brs=0 ext=0 -> sent=500 failed=0 231685 us drained=1 TEC=0 REC=0 fifo_flags=0x0
13:09:08 bench: burst id=0x300 n=500 len=8 fd=0 brs=0 ext=0 -> sent=500 failed=0 231581 us drained=1 TEC=0 REC=0 fifo_flags=0x0
13:09:09 bench: burst id=0x300 n=500 len=8 fd=0 brs=0 ext=0 -> sent=500 failed=0 231557 us drained=1 TEC=0 REC=0 fifo_flags=0x0
13:09:09 bench: burst id=0x300 n=500 len=8 fd=0 brs=0 ext=0 -> sent=500 failed=0 231658 us drained=1 TEC=0 REC=0 fifo_flags=0x0
13:09:09 bench: burst id=0x300 n=500 len=8 fd=0 brs=0 ext=0 -> sent=500 failed=0 231682 us drained=1 TEC=0 REC=0 fifo_flags=0x0
13:09:10 bench: burst id=0x300 n=500 len=8 fd=0 brs=0 ext=0 -> sent=500 failed=0 231517 us drained=1 TEC=0 REC=0 fifo_flags=0x0
13:09:10 bench: burst id=0x300 n=500 len=8 fd=0 brs=0 ext=0 -> sent=500 failed=0 231579 us drained=1 TEC=0 REC=0 fifo_flags=0x0
13:09:10 bench: burst id=0x300 n=500 len=8 fd=0 brs=0 ext=0 -> sent=500 failed=0 231745 us drained=1 TEC=0 REC=0 fifo_flags=0x0
13:09:10 bench: burst id=0x300 n=500 len=8 fd=0 brs=0 ext=0 -> sent=500 failed=0 231701 us drained=1 TEC=0 REC=0 fifo_flags=0x0
13:09:11 bench: burst id=0x300 n=500 len=8 fd=0 brs=0 ext=0 -> sent=500 failed=0 231679 us drained=1 TEC=0 REC=0 fifo_flags=0x0
13:09:11 bench: burst id=0x300 n=500 len=8 fd=0 brs=0 ext=0 -> sent=500 failed=0 231606 us drained=1 TEC=0 REC=0 fifo_flags=0x0
13:09:11 bench: burst id=0x300 n=500 len=8 fd=0 brs=0 ext=0 -> sent=500 failed=0 231602 us drained=1 TEC=0 REC=0 fifo_flags=0x0
13:09:11 bench: burst id=0x300 n=500 len=8 fd=0 brs=0 ext=0 -> sent=500 failed=0 231655 us drained=1 TEC=0 REC=0 fifo_flags=0x0
13:09:12 bench: burst id=0x300 n=500 len=8 fd=0 brs=0 ext=0 -> sent=500 failed=0 231619 us drained=1 TEC=0 REC=0 fifo_flags=0x0
13:09:12 bench: burst id=0x300 n=500 len=8 fd=0 brs=0 ext=0 -> sent=500 failed=0 231584 us drained=1 TEC=0 REC=0 fifo_flags=0x0
13:09:12 bench: burst id=0x300 n=500 len=8 fd=0 brs=0 ext=0 -> sent=500 failed=0 231669 us drained=1 TEC=0 REC=0 fifo_flags=0x0
13:09:12 bench: burst id=0x300 n=500 len=8 fd=0 brs=0 ext=0 -> sent=500 failed=0 231638 us drained=1 TEC=0 REC=0 fifo_flags=0x0
13:09:13 bench: burst id=0x300 n=500 len=8 fd=0 brs=0 ext=0 -> sent=500 failed=0 231576 us drained=1 TEC=0 REC=0 fifo_flags=0x0
13:09:13 bench: burst id=0x300 n=500 len=8 fd=0 brs=0 ext=0 -> sent=500 failed=0 231649 us drained=1 TEC=0 REC=0 fifo_flags=0x0
13:09:13 bench: burst id=0x300 n=500 len=8 fd=0 brs=0 ext=0 -> sent=500 failed=0 231742 us drained=1 TEC=0 REC=0 fifo_flags=0x0
13:09:13 bench: burst id=0x300 n=500 len=8 fd=0 brs=0 ext=0 -> sent=500 failed=0 231735 us drained=1 TEC=0 REC=0 fifo_flags=0x0
13:09:14 bench: burst id=0x300 n=500 len=8 fd=0 brs=0 ext=0 -> sent=500 failed=0 231621 us drained=1 TEC=0 REC=0 fifo_flags=0x0
13:09:14 bench: burst id=0x300 n=500 len=8 fd=0 brs=0 ext=0 -> sent=500 failed=0 231669 us drained=1 TEC=0 REC=0 fifo_flags=0x0
13:09:14 bench: burst id=0x300 n=500 len=8 fd=0 brs=0 ext=0 -> sent=500 failed=0 231677 us drained=1 TEC=0 REC=0 fifo_flags=0x0
13:09:14 bench: burst id=0x300 n=500 len=8 fd=0 brs=0 ext=0 -> sent=500 failed=0 231687 us drained=1 TEC=0 REC=0 fifo_flags=0x0
13:09:15 bench: burst id=0x300 n=500 len=8 fd=0 brs=0 ext=0 -> sent=500 failed=0 231689 us drained=1 TEC=0 REC=0 fifo_flags=0x0
13:09:15 bench: burst id=0x300 n=500 len=8 fd=0 brs=0 ext=0 -> sent=500 failed=0 231601 us drained=1 TEC=0 REC=0 fifo_flags=0x0
13:09:15 bench: burst id=0x300 n=500 len=8 fd=0 brs=0 ext=0 -> sent=500 failed=0 231602 us drained=1 TEC=0 REC=0 fifo_flags=0x0
13:09:15 bench: burst id=0x300 n=500 len=8 fd=0 brs=0 ext=0 -> sent=500 failed=0 231654 us drained=1 TEC=0 REC=0 fifo_flags=0x0
13:09:15 bench: burst id=0x300 n=500 len=8 fd=0 brs=0 ext=0 -> sent=500 failed=0 231633 us drained=1 TEC=0 REC=0 fifo_flags=0x0
13:09:16 bench: burst id=0x300 n=500 len=8 fd=0 brs=0 ext=0 -> sent=500 failed=0 231629 us drained=1 TEC=0 REC=0 fifo_flags=0x0
13:09:16 bench: burst id=0x300 n=500 len=8 fd=0 brs=0 ext=0 -> sent=500 failed=0 231772 us drained=1 TEC=0 REC=0 fifo_flags=0x0
13:09:16 bench: burst id=0x300 n=500 len=8 fd=0 brs=0 ext=0 -> sent=500 failed=0 231789 us drained=1 TEC=0 REC=0 fifo_flags=0x0
13:09:16 bench: burst id=0x300 n=500 len=8 fd=0 brs=0 ext=0 -> sent=500 failed=0 232013 us drained=1 TEC=0 REC=0 fifo_flags=0x0
13:09:17 bench: burst id=0x300 n=500 len=8 fd=0 brs=0 ext=0 -> sent=500 failed=0 231693 us drained=1 TEC=0 REC=0 fifo_flags=0x0
13:09:17 bench: burst id=0x300 n=500 len=8 fd=0 brs=0 ext=0 -> sent=500 failed=0 231686 us drained=1 TEC=0 REC=0 fifo_flags=0x0
13:09:17 bench: burst id=0x300 n=500 len=8 fd=0 brs=0 ext=0 -> sent=500 failed=0 231653 us drained=1 TEC=0 REC=0 fifo_flags=0x0
13:09:17 bench: burst id=0x300 n=500 len=8 fd=0 brs=0 ext=0 -> sent=500 failed=0 231568 us drained=1 TEC=0 REC=0 fifo_flags=0x0
13:09:18 bench: burst id=0x300 n=500 len=8 fd=0 brs=0 ext=0 -> sent=500 failed=0 231674 us drained=1 TEC=0 REC=0 fifo_flags=0x0
13:09:18 bench: burst id=0x300 n=500 len=8 fd=0 brs=0 ext=0 -> sent=500 failed=0 231382 us drained=1 TEC=0 REC=0 fifo_flags=0x0
13:09:18 bench: burst id=0x300 n=500 len=8 fd=0 brs=0 ext=0 -> sent=500 failed=0 231543 us drained=1 TEC=0 REC=0 fifo_flags=0x0
13:09:18 bench: burst id=0x300 n=500 len=8 fd=0 brs=0 ext=0 -> sent=500 failed=0 231576 us drained=1 TEC=0 REC=0 fifo_flags=0x0
13:09:19 bench: burst id=0x300 n=500 len=8 fd=0 brs=0 ext=0 -> sent=500 failed=0 231512 us drained=1 TEC=0 REC=0 fifo_flags=0x0
13:09:19 bench: burst id=0x300 n=500 len=8 fd=0 brs=0 ext=0 -> sent=500 failed=0 231566 us drained=1 TEC=0 REC=0 fifo_flags=0x0
13:09:19 bench: burst id=0x300 n=500 len=8 fd=0 brs=0 ext=0 -> sent=500 failed=0 231664 us drained=1 TEC=0 REC=0 fifo_flags=0x0
13:09:19 bench: burst id=0x300 n=500 len=8 fd=0 brs=0 ext=0 -> sent=500 failed=0 231645 us drained=1 TEC=0 REC=0 fifo_flags=0x0
13:09:20 bench: burst id=0x300 n=500 len=8 fd=0 brs=0 ext=0 -> sent=500 failed=0 231589 us drained=1 TEC=0 REC=0 fifo_flags=0x0
13:09:20 bench: burst id=0x300 n=500 len=8 fd=0 brs=0 ext=0 -> sent=500 failed=0 231601 us drained=1 TEC=0 REC=0 fifo_flags=0x0
13:09:20 bench: burst id=0x300 n=500 len=8 fd=0 brs=0 ext=0 -> sent=500 failed=0 231609 us drained=1 TEC=0 REC=0 fifo_flags=0x0
13:09:20 bench: burst id=0x300 n=500 len=8 fd=0 brs=0 ext=0 -> sent=500 failed=0 231614 us drained=1 TEC=0 REC=0 fifo_flags=0x0
13:09:21 bench: burst id=0x300 n=500 len=8 fd=0 brs=0 ext=0 -> sent=500 failed=0 231561 us drained=1 TEC=0 REC=0 fifo_flags=0x0
13:09:21 bench: burst id=0x300 n=500 len=8 fd=0 brs=0 ext=0 -> sent=500 failed=0 231560 us drained=1 TEC=0 REC=0 fifo_flags=0x0
13:09:21 bench: burst id=0x300 n=500 len=8 fd=0 brs=0 ext=0 -> sent=500 failed=0 231487 us drained=1 TEC=0 REC=0 fifo_flags=0x0
13:09:21 bench: burst id=0x300 n=500 len=8 fd=0 brs=0 ext=0 -> sent=500 failed=0 231544 us drained=1 TEC=0 REC=0 fifo_flags=0x0
13:09:21 bench: burst id=0x300 n=500 len=8 fd=0 brs=0 ext=0 -> sent=500 failed=0 231502 us drained=1 TEC=0 REC=0 fifo_flags=0x0
13:09:22 bench: burst id=0x300 n=500 len=8 fd=0 brs=0 ext=0 -> sent=500 failed=0 231554 us drained=1 TEC=0 REC=0 fifo_flags=0x0
13:09:22 bench: burst id=0x300 n=500 len=8 fd=0 brs=0 ext=0 -> sent=500 failed=0 231632 us drained=1 TEC=0 REC=0 fifo_flags=0x0
13:09:22 bench: burst id=0x300 n=500 len=8 fd=0 brs=0 ext=0 -> sent=500 failed=0 231575 us drained=1 TEC=0 REC=0 fifo_flags=0x0
13:09:23 bench: burst id=0x300 n=500 len=8 fd=0 brs=0 ext=0 -> sent=500 failed=0 231665 us drained=1 TEC=0 REC=0 fifo_flags=0x0
13:09:23 bench: burst id=0x300 n=500 len=8 fd=0 brs=0 ext=0 -> sent=500 failed=0 231555 us drained=1 TEC=0 REC=0 fifo_flags=0x0
13:09:23 bench: burst id=0x300 n=500 len=8 fd=0 brs=0 ext=0 -> sent=500 failed=0 231615 us drained=1 TEC=0 REC=0 fifo_flags=0x0
13:09:23 bench: burst id=0x300 n=500 len=8 fd=0 brs=0 ext=0 -> sent=500 failed=0 231660 us drained=1 TEC=0 REC=0 fifo_flags=0x0
13:09:24 bench: burst id=0x300 n=500 len=8 fd=0 brs=0 ext=0 -> sent=500 failed=0 231522 us drained=1 TEC=0 REC=0 fifo_flags=0x0
13:09:24 bench: burst id=0x300 n=500 len=8 fd=0 brs=0 ext=0 -> sent=500 failed=0 231264 us drained=1 TEC=0 REC=0 fifo_flags=0x0
13:09:24 bench: burst id=0x300 n=500 len=8 fd=0 brs=0 ext=0 -> sent=500 failed=0 231620 us drained=1 TEC=0 REC=0 fifo_flags=0x0
13:09:24 bench: burst id=0x300 n=500 len=8 fd=0 brs=0 ext=0 -> sent=500 failed=0 231633 us drained=1 TEC=0 REC=0 fifo_flags=0x0
13:09:25 bench: burst id=0x300 n=500 len=8 fd=0 brs=0 ext=0 -> sent=500 failed=0 231587 us drained=1 TEC=0 REC=0 fifo_flags=0x0
13:09:25 bench: burst id=0x300 n=500 len=8 fd=0 brs=0 ext=0 -> sent=500 failed=0 231907 us drained=1 TEC=0 REC=0 fifo_flags=0x0
13:09:25 bench: burst id=0x300 n=500 len=8 fd=0 brs=0 ext=0 -> sent=500 failed=0 231671 us drained=1 TEC=0 REC=0 fifo_flags=0x0
13:09:25 bench: burst id=0x300 n=500 len=8 fd=0 brs=0 ext=0 -> sent=500 failed=0 231624 us drained=1 TEC=0 REC=0 fifo_flags=0x0
13:09:26 bench: burst id=0x300 n=500 len=8 fd=0 brs=0 ext=0 -> sent=500 failed=0 231621 us drained=1 TEC=0 REC=0 fifo_flags=0x0
13:09:26 bench: burst id=0x300 n=500 len=8 fd=0 brs=0 ext=0 -> sent=500 failed=0 231547 us drained=1 TEC=0 REC=0 fifo_flags=0x0
13:09:26 bench: burst id=0x300 n=500 len=8 fd=0 brs=0 ext=0 -> sent=500 failed=0 231370 us drained=1 TEC=0 REC=0 fifo_flags=0x0
13:09:26 bench: burst id=0x300 n=500 len=8 fd=0 brs=0 ext=0 -> sent=500 failed=0 231636 us drained=1 TEC=0 REC=0 fifo_flags=0x0
13:09:27 bench: burst id=0x300 n=500 len=8 fd=0 brs=0 ext=0 -> sent=500 failed=0 231621 us drained=1 TEC=0 REC=0 fifo_flags=0x0
13:09:27 bench: burst id=0x300 n=500 len=8 fd=0 brs=0 ext=0 -> sent=500 failed=0 231568 us drained=1 TEC=0 REC=0 fifo_flags=0x0
13:09:27 bench: burst id=0x300 n=500 len=8 fd=0 brs=0 ext=0 -> sent=500 failed=0 231509 us drained=1 TEC=0 REC=0 fifo_flags=0x0
13:09:27 bench: burst id=0x300 n=500 len=8 fd=0 brs=0 ext=0 -> sent=500 failed=0 231854 us drained=1 TEC=0 REC=0 fifo_flags=0x0
13:09:27 bench: burst id=0x300 n=500 len=8 fd=0 brs=0 ext=0 -> sent=500 failed=0 231598 us drained=1 TEC=0 REC=0 fifo_flags=0x0
13:09:28 bench: burst id=0x300 n=500 len=8 fd=0 brs=0 ext=0 -> sent=500 failed=0 231574 us drained=1 TEC=0 REC=0 fifo_flags=0x0
13:09:28 bench: burst id=0x300 n=500 len=8 fd=0 brs=0 ext=0 -> sent=500 failed=0 231530 us drained=1 TEC=0 REC=0 fifo_flags=0x0
13:09:28 bench: burst id=0x300 n=500 len=8 fd=0 brs=0 ext=0 -> sent=500 failed=0 231683 us drained=1 TEC=0 REC=0 fifo_flags=0x0
13:09:28 bench: burst id=0x300 n=500 len=8 fd=0 brs=0 ext=0 -> sent=500 failed=0 231674 us drained=1 TEC=0 REC=0 fifo_flags=0x0
13:09:29 bench: burst id=0x300 n=500 len=8 fd=0 brs=0 ext=0 -> sent=500 failed=0 231547 us drained=1 TEC=0 REC=0 fifo_flags=0x0
13:09:29 bench: burst id=0x300 n=500 len=8 fd=0 brs=0 ext=0 -> sent=500 failed=0 231536 us drained=1 TEC=0 REC=0 fifo_flags=0x0
13:09:29 bench: burst id=0x300 n=500 len=8 fd=0 brs=0 ext=0 -> sent=500 failed=0 231621 us drained=1 TEC=0 REC=0 fifo_flags=0x0
13:09:29 bench: burst id=0x300 n=500 len=8 fd=0 brs=0 ext=0 -> sent=500 failed=0 231644 us drained=1 TEC=0 REC=0 fifo_flags=0x0
13:09:30 bench: burst id=0x300 n=500 len=8 fd=0 brs=0 ext=0 -> sent=500 failed=0 231649 us drained=1 TEC=0 REC=0 fifo_flags=0x0
13:09:30 bench: burst id=0x300 n=500 len=8 fd=0 brs=0 ext=0 -> sent=500 failed=0 231610 us drained=1 TEC=0 REC=0 fifo_flags=0x0
13:09:30 bench: burst id=0x300 n=500 len=8 fd=0 brs=0 ext=0 -> sent=500 failed=0 231589 us drained=1 TEC=0 REC=0 fifo_flags=0x0
13:09:30 bench: burst id=0x300 n=500 len=8 fd=0 brs=0 ext=0 -> sent=500 failed=0 231379 us drained=1 TEC=0 REC=0 fifo_flags=0x0
13:09:31 bench: burst id=0x300 n=500 len=8 fd=0 brs=0 ext=0 -> sent=500 failed=0 231599 us drained=1 TEC=0 REC=0 fifo_flags=0x0
13:09:31 bench: burst id=0x300 n=500 len=8 fd=0 brs=0 ext=0 -> sent=500 failed=0 231713 us drained=1 TEC=0 REC=0 fifo_flags=0x0
13:09:31 bench: burst id=0x300 n=500 len=8 fd=0 brs=0 ext=0 -> sent=500 failed=0 231730 us drained=1 TEC=0 REC=0 fifo_flags=0x0
13:09:31 bench: burst id=0x300 n=500 len=8 fd=0 brs=0 ext=0 -> sent=500 failed=0 231691 us drained=1 TEC=0 REC=0 fifo_flags=0x0
13:09:32 bench: burst id=0x300 n=500 len=8 fd=0 brs=0 ext=0 -> sent=500 failed=0 231722 us drained=1 TEC=0 REC=0 fifo_flags=0x0
13:09:32 bench: burst id=0x300 n=500 len=8 fd=0 brs=0 ext=0 -> sent=500 failed=0 231723 us drained=1 TEC=0 REC=0 fifo_flags=0x0
13:09:32 bench: burst id=0x300 n=500 len=8 fd=0 brs=0 ext=0 -> sent=500 failed=0 231783 us drained=1 TEC=0 REC=0 fifo_flags=0x0
13:09:32 bench: burst id=0x300 n=500 len=8 fd=0 brs=0 ext=0 -> sent=500 failed=0 231762 us drained=1 TEC=0 REC=0 fifo_flags=0x0
13:09:33 bench: burst id=0x300 n=500 len=8 fd=0 brs=0 ext=0 -> sent=500 failed=0 231711 us drained=1 TEC=0 REC=0 fifo_flags=0x0
13:09:33 bench: burst id=0x300 n=500 len=8 fd=0 brs=0 ext=0 -> sent=500 failed=0 231701 us drained=1 TEC=0 REC=0 fifo_flags=0x0
13:09:33 bench: burst id=0x300 n=500 len=8 fd=0 brs=0 ext=0 -> sent=500 failed=0 231764 us drained=1 TEC=0 REC=0 fifo_flags=0x0
13:09:33 bench: burst id=0x300 n=500 len=8 fd=0 brs=0 ext=0 -> sent=500 failed=0 231675 us drained=1 TEC=0 REC=0 fifo_flags=0x0
13:09:34 bench: burst id=0x300 n=500 len=8 fd=0 brs=0 ext=0 -> sent=500 failed=0 231603 us drained=1 TEC=0 REC=0 fifo_flags=0x0
13:09:34 bench: burst id=0x300 n=500 len=8 fd=0 brs=0 ext=0 -> sent=500 failed=0 231611 us drained=1 TEC=0 REC=0 fifo_flags=0x0
13:09:34 bench: burst id=0x300 n=500 len=8 fd=0 brs=0 ext=0 -> sent=500 failed=0 231696 us drained=1 TEC=0 REC=0 fifo_flags=0x0
13:09:34 bench: burst id=0x300 n=500 len=8 fd=0 brs=0 ext=0 -> sent=500 failed=0 231632 us drained=1 TEC=0 REC=0 fifo_flags=0x0
13:09:34 bench: burst id=0x300 n=500 len=8 fd=0 brs=0 ext=0 -> sent=500 failed=0 231494 us drained=1 TEC=0 REC=0 fifo_flags=0x0
13:09:35 bench: burst id=0x300 n=500 len=8 fd=0 brs=0 ext=0 -> sent=500 failed=0 231550 us drained=1 TEC=0 REC=0 fifo_flags=0x0
13:09:35 bench: burst id=0x300 n=500 len=8 fd=0 brs=0 ext=0 -> sent=500 failed=0 231646 us drained=1 TEC=0 REC=0 fifo_flags=0x0
13:09:35 bench: burst id=0x300 n=500 len=8 fd=0 brs=0 ext=0 -> sent=500 failed=0 231638 us drained=1 TEC=0 REC=0 fifo_flags=0x0
13:09:36 bench: burst id=0x300 n=500 len=8 fd=0 brs=0 ext=0 -> sent=500 failed=0 231639 us drained=1 TEC=0 REC=0 fifo_flags=0x0
13:09:36 bench: burst id=0x300 n=500 len=8 fd=0 brs=0 ext=0 -> sent=500 failed=0 231661 us drained=1 TEC=0 REC=0 fifo_flags=0x0
13:09:36 bench: burst id=0x300 n=500 len=8 fd=0 brs=0 ext=0 -> sent=500 failed=0 231667 us drained=1 TEC=0 REC=0 fifo_flags=0x0
13:09:36 bench: burst id=0x300 n=500 len=8 fd=0 brs=0 ext=0 -> sent=500 failed=0 231660 us drained=1 TEC=0 REC=0 fifo_flags=0x0
13:09:37 bench: burst id=0x300 n=500 len=8 fd=0 brs=0 ext=0 -> sent=500 failed=0 231689 us drained=1 TEC=0 REC=0 fifo_flags=0x0
13:09:37 bench: burst id=0x300 n=500 len=8 fd=0 brs=0 ext=0 -> sent=500 failed=0 231657 us drained=1 TEC=0 REC=0 fifo_flags=0x0
13:09:37 bench: burst id=0x300 n=500 len=8 fd=0 brs=0 ext=0 -> sent=500 failed=0 231565 us drained=1 TEC=0 REC=0 fifo_flags=0x0
13:09:37 bench: burst id=0x300 n=500 len=8 fd=0 brs=0 ext=0 -> sent=500 failed=0 231545 us drained=1 TEC=0 REC=0 fifo_flags=0x0
13:09:38 bench: burst id=0x300 n=500 len=8 fd=0 brs=0 ext=0 -> sent=500 failed=0 231628 us drained=1 TEC=0 REC=0 fifo_flags=0x0
13:09:38 bench: burst id=0x300 n=500 len=8 fd=0 brs=0 ext=0 -> sent=500 failed=0 231600 us drained=1 TEC=0 REC=0 fifo_flags=0x0
13:09:38 bench: burst id=0x300 n=500 len=8 fd=0 brs=0 ext=0 -> sent=500 failed=0 231620 us drained=1 TEC=0 REC=0 fifo_flags=0x0
13:09:38 bench: burst id=0x300 n=500 len=8 fd=0 brs=0 ext=0 -> sent=500 failed=0 231620 us drained=1 TEC=0 REC=0 fifo_flags=0x0
13:09:39 bench: burst id=0x300 n=500 len=8 fd=0 brs=0 ext=0 -> sent=500 failed=0 231639 us drained=1 TEC=0 REC=0 fifo_flags=0x0
13:09:39 bench: burst id=0x300 n=500 len=8 fd=0 brs=0 ext=0 -> sent=500 failed=0 231670 us drained=1 TEC=0 REC=0 fifo_flags=0x0
13:09:39 bench: burst id=0x300 n=500 len=8 fd=0 brs=0 ext=0 -> sent=500 failed=0 231513 us drained=1 TEC=0 REC=0 fifo_flags=0x0
13:09:39 bench: burst id=0x300 n=500 len=8 fd=0 brs=0 ext=0 -> sent=500 failed=0 231582 us drained=1 TEC=0 REC=0 fifo_flags=0x0
13:09:40 bench: burst id=0x300 n=500 len=8 fd=0 brs=0 ext=0 -> sent=500 failed=0 231624 us drained=1 TEC=0 REC=0 fifo_flags=0x0
13:09:40 bench: burst id=0x300 n=500 len=8 fd=0 brs=0 ext=0 -> sent=500 failed=0 231525 us drained=1 TEC=0 REC=0 fifo_flags=0x0
13:09:40 bench: burst id=0x300 n=500 len=8 fd=0 brs=0 ext=0 -> sent=500 failed=0 231534 us drained=1 TEC=0 REC=0 fifo_flags=0x0
13:09:40 bench: burst id=0x300 n=500 len=8 fd=0 brs=0 ext=0 -> sent=500 failed=0 231640 us drained=1 TEC=0 REC=0 fifo_flags=0x0
13:09:40 bench: burst id=0x300 n=500 len=8 fd=0 brs=0 ext=0 -> sent=500 failed=0 231646 us drained=1 TEC=0 REC=0 fifo_flags=0x0
13:09:41 bench: burst id=0x300 n=500 len=8 fd=0 brs=0 ext=0 -> sent=500 failed=0 231537 us drained=1 TEC=0 REC=0 fifo_flags=0x0
13:09:41 bench: burst id=0x300 n=500 len=8 fd=0 brs=0 ext=0 -> sent=500 failed=0 231509 us drained=1 TEC=0 REC=0 fifo_flags=0x0
13:09:41 bench: burst id=0x300 n=500 len=8 fd=0 brs=0 ext=0 -> sent=500 failed=0 231521 us drained=1 TEC=0 REC=0 fifo_flags=0x0
13:09:41 bench: burst id=0x300 n=500 len=8 fd=0 brs=0 ext=0 -> sent=500 failed=0 231544 us drained=1 TEC=0 REC=0 fifo_flags=0x0
13:09:42 bench: burst id=0x300 n=500 len=8 fd=0 brs=0 ext=0 -> sent=500 failed=0 231471 us drained=1 TEC=0 REC=0 fifo_flags=0x0
13:09:42 bench: burst id=0x300 n=500 len=8 fd=0 brs=0 ext=0 -> sent=500 failed=0 231552 us drained=1 TEC=0 REC=0 fifo_flags=0x0
13:09:42 bench: burst id=0x300 n=500 len=8 fd=0 brs=0 ext=0 -> sent=500 failed=0 231600 us drained=1 TEC=0 REC=0 fifo_flags=0x0
13:09:42 bench: burst id=0x300 n=500 len=8 fd=0 brs=0 ext=0 -> sent=500 failed=0 231644 us drained=1 TEC=0 REC=0 fifo_flags=0x0
13:09:43 bench: burst id=0x300 n=500 len=8 fd=0 brs=0 ext=0 -> sent=500 failed=0 231647 us drained=1 TEC=0 REC=0 fifo_flags=0x0
13:09:43 bench: burst id=0x300 n=500 len=8 fd=0 brs=0 ext=0 -> sent=500 failed=0 231611 us drained=1 TEC=0 REC=0 fifo_flags=0x0
13:09:43 bench: burst id=0x300 n=500 len=8 fd=0 brs=0 ext=0 -> sent=500 failed=0 231655 us drained=1 TEC=0 REC=0 fifo_flags=0x0
13:09:43 bench: burst id=0x300 n=500 len=8 fd=0 brs=0 ext=0 -> sent=500 failed=0 231652 us drained=1 TEC=0 REC=0 fifo_flags=0x0
13:09:44 bench: burst id=0x300 n=500 len=8 fd=0 brs=0 ext=0 -> sent=500 failed=0 231668 us drained=1 TEC=0 REC=0 fifo_flags=0x0
13:09:44 bench: burst id=0x300 n=500 len=8 fd=0 brs=0 ext=0 -> sent=500 failed=0 231632 us drained=1 TEC=0 REC=0 fifo_flags=0x0
13:09:44 bench: burst id=0x300 n=500 len=8 fd=0 brs=0 ext=0 -> sent=500 failed=0 231590 us drained=1 TEC=0 REC=0 fifo_flags=0x0
13:09:44 bench: burst id=0x300 n=500 len=8 fd=0 brs=0 ext=0 -> sent=500 failed=0 231667 us drained=1 TEC=0 REC=0 fifo_flags=0x0
13:09:45 bench: burst id=0x300 n=500 len=8 fd=0 brs=0 ext=0 -> sent=500 failed=0 231669 us drained=1 TEC=0 REC=0 fifo_flags=0x0
13:09:45 bench: burst id=0x300 n=500 len=8 fd=0 brs=0 ext=0 -> sent=500 failed=0 231656 us drained=1 TEC=0 REC=0 fifo_flags=0x0
13:09:45 bench: burst id=0x300 n=500 len=8 fd=0 brs=0 ext=0 -> sent=500 failed=0 231674 us drained=1 TEC=0 REC=0 fifo_flags=0x0
13:09:45 bench: burst id=0x300 n=500 len=8 fd=0 brs=0 ext=0 -> sent=500 failed=0 231746 us drained=1 TEC=0 REC=0 fifo_flags=0x0
13:09:46 bench: burst id=0x300 n=500 len=8 fd=0 brs=0 ext=0 -> sent=500 failed=0 231705 us drained=1 TEC=0 REC=0 fifo_flags=0x0
13:09:46 bench: burst id=0x300 n=500 len=8 fd=0 brs=0 ext=0 -> sent=500 failed=0 231673 us drained=1 TEC=0 REC=0 fifo_flags=0x0
13:09:46 bench: burst id=0x300 n=500 len=8 fd=0 brs=0 ext=0 -> sent=500 failed=0 231607 us drained=1 TEC=0 REC=0 fifo_flags=0x0
13:09:46 bench: burst id=0x300 n=500 len=8 fd=0 brs=0 ext=0 -> sent=500 failed=0 231654 us drained=1 TEC=0 REC=0 fifo_flags=0x0
13:09:47 bench: burst id=0x300 n=500 len=8 fd=0 brs=0 ext=0 -> sent=500 failed=0 231728 us drained=1 TEC=0 REC=0 fifo_flags=0x0
13:09:47 bench: burst id=0x300 n=500 len=8 fd=0 brs=0 ext=0 -> sent=500 failed=0 231743 us drained=1 TEC=0 REC=0 fifo_flags=0x0
13:09:47 bench: burst id=0x300 n=500 len=8 fd=0 brs=0 ext=0 -> sent=500 failed=0 231759 us drained=1 TEC=0 REC=0 fifo_flags=0x0
13:09:47 bench: burst id=0x300 n=500 len=8 fd=0 brs=0 ext=0 -> sent=500 failed=0 231757 us drained=1 TEC=0 REC=0 fifo_flags=0x0
13:09:48 bench: burst id=0x300 n=500 len=8 fd=0 brs=0 ext=0 -> sent=500 failed=0 231813 us drained=1 TEC=0 REC=0 fifo_flags=0x0
13:09:48 bench: burst id=0x300 n=500 len=8 fd=0 brs=0 ext=0 -> sent=500 failed=0 231785 us drained=1 TEC=0 REC=0 fifo_flags=0x0
13:09:48 bench: burst id=0x300 n=500 len=8 fd=0 brs=0 ext=0 -> sent=500 failed=0 231762 us drained=1 TEC=0 REC=0 fifo_flags=0x0
13:09:48 bench: burst id=0x300 n=500 len=8 fd=0 brs=0 ext=0 -> sent=500 failed=0 231726 us drained=1 TEC=0 REC=0 fifo_flags=0x0
13:09:49 bench: burst id=0x300 n=500 len=8 fd=0 brs=0 ext=0 -> sent=500 failed=0 231466 us drained=1 TEC=0 REC=0 fifo_flags=0x0
13:09:49 bench: burst id=0x300 n=500 len=8 fd=0 brs=0 ext=0 -> sent=500 failed=0 231644 us drained=1 TEC=0 REC=0 fifo_flags=0x0
13:09:49 bench: burst id=0x300 n=500 len=8 fd=0 brs=0 ext=0 -> sent=500 failed=0 231580 us drained=1 TEC=0 REC=0 fifo_flags=0x0
13:09:49 bench: burst id=0x300 n=500 len=8 fd=0 brs=0 ext=0 -> sent=500 failed=0 231696 us drained=1 TEC=0 REC=0 fifo_flags=0x0
13:09:50 bench: burst id=0x300 n=500 len=8 fd=0 brs=0 ext=0 -> sent=500 failed=0 232041 us drained=1 TEC=0 REC=0 fifo_flags=0x0
13:09:50 bench: burst id=0x300 n=500 len=8 fd=0 brs=0 ext=0 -> sent=500 failed=0 231728 us drained=1 TEC=0 REC=0 fifo_flags=0x0
13:09:50 bench: burst id=0x300 n=500 len=8 fd=0 brs=0 ext=0 -> sent=500 failed=0 231690 us drained=1 TEC=0 REC=0 fifo_flags=0x0
13:09:50 bench: burst id=0x300 n=500 len=8 fd=0 brs=0 ext=0 -> sent=500 failed=0 231710 us drained=1 TEC=0 REC=0 fifo_flags=0x0
13:09:51 bench: burst id=0x300 n=500 len=8 fd=0 brs=0 ext=0 -> sent=500 failed=0 231753 us drained=1 TEC=0 REC=0 fifo_flags=0x0
13:09:51 bench: burst id=0x300 n=500 len=8 fd=0 brs=0 ext=0 -> sent=500 failed=0 231730 us drained=1 TEC=0 REC=0 fifo_flags=0x0
13:09:51 bench: burst id=0x300 n=500 len=8 fd=0 brs=0 ext=0 -> sent=500 failed=0 231631 us drained=1 TEC=0 REC=0 fifo_flags=0x0
13:09:51 bench: burst id=0x300 n=500 len=8 fd=0 brs=0 ext=0 -> sent=500 failed=0 231721 us drained=1 TEC=0 REC=0 fifo_flags=0x0
13:09:52 bench: burst id=0x300 n=500 len=8 fd=0 brs=0 ext=0 -> sent=500 failed=0 231983 us drained=1 TEC=0 REC=0 fifo_flags=0x0
13:09:52 bench: burst id=0x300 n=500 len=8 fd=0 brs=0 ext=0 -> sent=500 failed=0 231734 us drained=1 TEC=0 REC=0 fifo_flags=0x0
13:09:52 bench: burst id=0x300 n=500 len=8 fd=0 brs=0 ext=0 -> sent=500 failed=0 231699 us drained=1 TEC=0 REC=0 fifo_flags=0x0
13:09:52 bench: burst id=0x300 n=500 len=8 fd=0 brs=0 ext=0 -> sent=500 failed=0 231805 us drained=1 TEC=0 REC=0 fifo_flags=0x0
13:09:53 bench: burst id=0x300 n=500 len=8 fd=0 brs=0 ext=0 -> sent=500 failed=0 231721 us drained=1 TEC=0 REC=0 fifo_flags=0x0
13:09:53 bench: burst id=0x300 n=500 len=8 fd=0 brs=0 ext=0 -> sent=500 failed=0 231755 us drained=1 TEC=0 REC=0 fifo_flags=0x0
13:09:53 bench: burst id=0x300 n=500 len=8 fd=0 brs=0 ext=0 -> sent=500 failed=0 231751 us drained=1 TEC=0 REC=0 fifo_flags=0x0
13:09:53 bench: burst id=0x300 n=500 len=8 fd=0 brs=0 ext=0 -> sent=500 failed=0 231760 us drained=1 TEC=0 REC=0 fifo_flags=0x0
13:09:53 bench: burst id=0x300 n=500 len=8 fd=0 brs=0 ext=0 -> sent=500 failed=0 231783 us drained=1 TEC=0 REC=0 fifo_flags=0x0
13:09:54 bench: burst id=0x300 n=500 len=8 fd=0 brs=0 ext=0 -> sent=500 failed=0 231715 us drained=1 TEC=0 REC=0 fifo_flags=0x0
13:09:54 bench: burst id=0x300 n=500 len=8 fd=0 brs=0 ext=0 -> sent=500 failed=0 231734 us drained=1 TEC=0 REC=0 fifo_flags=0x0
13:09:54 bench: burst id=0x300 n=500 len=8 fd=0 brs=0 ext=0 -> sent=500 failed=0 231728 us drained=1 TEC=0 REC=0 fifo_flags=0x0
13:09:54 bench: burst id=0x300 n=500 len=8 fd=0 brs=0 ext=0 -> sent=500 failed=0 231754 us drained=1 TEC=0 REC=0 fifo_flags=0x0
13:09:55 bench: burst id=0x300 n=500 len=8 fd=0 brs=0 ext=0 -> sent=500 failed=0 231603 us drained=1 TEC=0 REC=0 fifo_flags=0x0
13:09:55 bench: burst id=0x300 n=500 len=8 fd=0 brs=0 ext=0 -> sent=500 failed=0 231675 us drained=1 TEC=0 REC=0 fifo_flags=0x0
13:09:55 bench: burst id=0x300 n=500 len=8 fd=0 brs=0 ext=0 -> sent=500 failed=0 231793 us drained=1 TEC=0 REC=0 fifo_flags=0x0
13:09:55 bench: burst id=0x300 n=500 len=8 fd=0 brs=0 ext=0 -> sent=500 failed=0 231771 us drained=1 TEC=0 REC=0 fifo_flags=0x0
13:09:56 bench: burst id=0x300 n=500 len=8 fd=0 brs=0 ext=0 -> sent=500 failed=0 232022 us drained=1 TEC=0 REC=0 fifo_flags=0x0
13:09:56 bench: burst id=0x300 n=500 len=8 fd=0 brs=0 ext=0 -> sent=500 failed=0 231654 us drained=1 TEC=0 REC=0 fifo_flags=0x0
13:09:56 bench: burst id=0x300 n=500 len=8 fd=0 brs=0 ext=0 -> sent=500 failed=0 231681 us drained=1 TEC=0 REC=0 fifo_flags=0x0
13:09:56 bench: burst id=0x300 n=500 len=8 fd=0 brs=0 ext=0 -> sent=500 failed=0 231647 us drained=1 TEC=0 REC=0 fifo_flags=0x0
13:09:57 bench: burst id=0x300 n=500 len=8 fd=0 brs=0 ext=0 -> sent=500 failed=0 231709 us drained=1 TEC=0 REC=0 fifo_flags=0x0
13:09:57 bench: burst id=0x300 n=500 len=8 fd=0 brs=0 ext=0 -> sent=500 failed=0 231607 us drained=1 TEC=0 REC=0 fifo_flags=0x0
13:09:57 bench: burst id=0x300 n=500 len=8 fd=0 brs=0 ext=0 -> sent=500 failed=0 231611 us drained=1 TEC=0 REC=0 fifo_flags=0x0
13:09:57 bench: burst id=0x300 n=500 len=8 fd=0 brs=0 ext=0 -> sent=500 failed=0 231596 us drained=1 TEC=0 REC=0 fifo_flags=0x0
13:09:58 bench: burst id=0x300 n=500 len=8 fd=0 brs=0 ext=0 -> sent=500 failed=0 231549 us drained=1 TEC=0 REC=0 fifo_flags=0x0
13:09:58 bench: burst id=0x300 n=500 len=8 fd=0 brs=0 ext=0 -> sent=500 failed=0 231516 us drained=1 TEC=0 REC=0 fifo_flags=0x0
13:09:58 bench: burst id=0x300 n=500 len=8 fd=0 brs=0 ext=0 -> sent=500 failed=0 231531 us drained=1 TEC=0 REC=0 fifo_flags=0x0
13:09:58 bench: burst id=0x300 n=500 len=8 fd=0 brs=0 ext=0 -> sent=500 failed=0 231277 us drained=1 TEC=0 REC=0 fifo_flags=0x0
13:09:59 bench: burst id=0x300 n=500 len=8 fd=0 brs=0 ext=0 -> sent=500 failed=0 231460 us drained=1 TEC=0 REC=0 fifo_flags=0x0
13:09:59 bench: burst id=0x300 n=500 len=8 fd=0 brs=0 ext=0 -> sent=500 failed=0 231560 us drained=1 TEC=0 REC=0 fifo_flags=0x0
13:09:59 bench: burst id=0x300 n=500 len=8 fd=0 brs=0 ext=0 -> sent=500 failed=0 231537 us drained=1 TEC=0 REC=0 fifo_flags=0x0
13:09:59 bench: burst id=0x300 n=500 len=8 fd=0 brs=0 ext=0 -> sent=500 failed=0 231612 us drained=1 TEC=0 REC=0 fifo_flags=0x0
13:10:00 bench: burst id=0x300 n=500 len=8 fd=0 brs=0 ext=0 -> sent=500 failed=0 231709 us drained=1 TEC=0 REC=0 fifo_flags=0x0
13:10:00 bench: burst id=0x300 n=500 len=8 fd=0 brs=0 ext=0 -> sent=500 failed=0 231642 us drained=1 TEC=0 REC=0 fifo_flags=0x0
13:10:00 bench: burst id=0x300 n=500 len=8 fd=0 brs=0 ext=0 -> sent=500 failed=0 231714 us drained=1 TEC=0 REC=0 fifo_flags=0x0
13:10:00 bench: burst id=0x300 n=500 len=8 fd=0 brs=0 ext=0 -> sent=500 failed=0 231652 us drained=1 TEC=0 REC=0 fifo_flags=0x0
13:10:01 bench: burst id=0x300 n=500 len=8 fd=0 brs=0 ext=0 -> sent=500 failed=0 231730 us drained=1 TEC=0 REC=0 fifo_flags=0x0
13:10:01 bench: burst id=0x300 n=500 len=8 fd=0 brs=0 ext=0 -> sent=500 failed=0 231680 us drained=1 TEC=0 REC=0 fifo_flags=0x0
13:10:01 bench: burst id=0x300 n=500 len=8 fd=0 brs=0 ext=0 -> sent=500 failed=0 231702 us drained=1 TEC=0 REC=0 fifo_flags=0x0
13:10:01 bench: burst id=0x300 n=500 len=8 fd=0 brs=0 ext=0 -> sent=500 failed=0 231779 us drained=1 TEC=0 REC=0 fifo_flags=0x0
13:10:02 bench: burst id=0x300 n=500 len=8 fd=0 brs=0 ext=0 -> sent=500 failed=0 231752 us drained=1 TEC=0 REC=0 fifo_flags=0x0
13:10:02 bench: burst id=0x300 n=500 len=8 fd=0 brs=0 ext=0 -> sent=500 failed=0 231715 us drained=1 TEC=0 REC=0 fifo_flags=0x0
13:10:02 bench: burst id=0x300 n=500 len=8 fd=0 brs=0 ext=0 -> sent=500 failed=0 231722 us drained=1 TEC=0 REC=0 fifo_flags=0x0
13:10:03 bench: burst id=0x300 n=500 len=8 fd=0 brs=0 ext=0 -> sent=500 failed=0 231656 us drained=1 TEC=0 REC=0 fifo_flags=0x0
13:10:03 bench: burst id=0x300 n=500 len=8 fd=0 brs=0 ext=0 -> sent=500 failed=0 231772 us drained=1 TEC=0 REC=0 fifo_flags=0x0
13:10:03 bench: burst id=0x300 n=500 len=8 fd=0 brs=0 ext=0 -> sent=500 failed=0 231663 us drained=1 TEC=0 REC=0 fifo_flags=0x0
13:10:03 bench: burst id=0x300 n=500 len=8 fd=0 brs=0 ext=0 -> sent=500 failed=0 231601 us drained=1 TEC=0 REC=0 fifo_flags=0x0
13:10:03 bench: burst id=0x300 n=500 len=8 fd=0 brs=0 ext=0 -> sent=500 failed=0 231673 us drained=1 TEC=0 REC=0 fifo_flags=0x0
13:10:04 bench: burst id=0x300 n=500 len=8 fd=0 brs=0 ext=0 -> sent=500 failed=0 231753 us drained=1 TEC=0 REC=0 fifo_flags=0x0
13:10:04 bench: burst id=0x300 n=500 len=8 fd=0 brs=0 ext=0 -> sent=500 failed=0 231724 us drained=1 TEC=0 REC=0 fifo_flags=0x0
13:10:04 bench: burst id=0x300 n=500 len=8 fd=0 brs=0 ext=0 -> sent=500 failed=0 231722 us drained=1 TEC=0 REC=0 fifo_flags=0x0
13:10:04 bench: burst id=0x300 n=500 len=8 fd=0 brs=0 ext=0 -> sent=500 failed=0 231812 us drained=1 TEC=0 REC=0 fifo_flags=0x0
13:10:05 bench: burst id=0x300 n=500 len=8 fd=0 brs=0 ext=0 -> sent=500 failed=0 231824 us drained=1 TEC=0 REC=0 fifo_flags=0x0
13:10:05 bench: burst id=0x300 n=500 len=8 fd=0 brs=0 ext=0 -> sent=500 failed=0 231801 us drained=1 TEC=0 REC=0 fifo_flags=0x0
13:10:05 bench: burst id=0x300 n=500 len=8 fd=0 brs=0 ext=0 -> sent=500 failed=0 231754 us drained=1 TEC=0 REC=0 fifo_flags=0x0
13:10:05 bench: burst id=0x300 n=500 len=8 fd=0 brs=0 ext=0 -> sent=500 failed=0 231742 us drained=1 TEC=0 REC=0 fifo_flags=0x0
13:10:06 bench: burst id=0x300 n=500 len=8 fd=0 brs=0 ext=0 -> sent=500 failed=0 231713 us drained=1 TEC=0 REC=0 fifo_flags=0x0
13:10:06 bench: burst id=0x300 n=500 len=8 fd=0 brs=0 ext=0 -> sent=500 failed=0 231688 us drained=1 TEC=0 REC=0 fifo_flags=0x0
13:10:06 bench: burst id=0x300 n=500 len=8 fd=0 brs=0 ext=0 -> sent=500 failed=0 231615 us drained=1 TEC=0 REC=0 fifo_flags=0x0
13:10:06 bench: burst id=0x300 n=500 len=8 fd=0 brs=0 ext=0 -> sent=500 failed=0 231730 us drained=1 TEC=0 REC=0 fifo_flags=0x0
13:10:07 bench: burst id=0x300 n=500 len=8 fd=0 brs=0 ext=0 -> sent=500 failed=0 231678 us drained=1 TEC=0 REC=0 fifo_flags=0x0
13:10:07 bench: burst id=0x300 n=500 len=8 fd=0 brs=0 ext=0 -> sent=500 failed=0 231618 us drained=1 TEC=0 REC=0 fifo_flags=0x0
13:10:07 bench: burst id=0x300 n=500 len=8 fd=0 brs=0 ext=0 -> sent=500 failed=0 231556 us drained=1 TEC=0 REC=0 fifo_flags=0x0
13:10:07 bench: burst id=0x300 n=500 len=8 fd=0 brs=0 ext=0 -> sent=500 failed=0 231658 us drained=1 TEC=0 REC=0 fifo_flags=0x0
13:10:07 bench: burst id=0x300 n=500 len=8 fd=0 brs=0 ext=0 -> sent=500 failed=0 231669 us drained=1 TEC=0 REC=0 fifo_flags=0x0
13:10:08 bench: burst id=0x300 n=500 len=8 fd=0 brs=0 ext=0 -> sent=500 failed=0 231712 us drained=1 TEC=0 REC=0 fifo_flags=0x0
13:10:08 bench: burst id=0x300 n=500 len=8 fd=0 brs=0 ext=0 -> sent=500 failed=0 231611 us drained=1 TEC=0 REC=0 fifo_flags=0x0
13:10:08 bench: burst id=0x300 n=500 len=8 fd=0 brs=0 ext=0 -> sent=500 failed=0 231452 us drained=1 TEC=0 REC=0 fifo_flags=0x0
13:10:08 bench: burst id=0x300 n=500 len=8 fd=0 brs=0 ext=0 -> sent=500 failed=0 231732 us drained=1 TEC=0 REC=0 fifo_flags=0x0
13:10:09 bench: burst id=0x300 n=500 len=8 fd=0 brs=0 ext=0 -> sent=500 failed=0 231631 us drained=1 TEC=0 REC=0 fifo_flags=0x0
13:10:09 bench: burst id=0x300 n=500 len=8 fd=0 brs=0 ext=0 -> sent=500 failed=0 231686 us drained=1 TEC=0 REC=0 fifo_flags=0x0
13:10:09 bench: burst id=0x300 n=500 len=8 fd=0 brs=0 ext=0 -> sent=500 failed=0 231759 us drained=1 TEC=0 REC=0 fifo_flags=0x0
13:10:09 bench: burst id=0x300 n=500 len=8 fd=0 brs=0 ext=0 -> sent=500 failed=0 231751 us drained=1 TEC=0 REC=0 fifo_flags=0x0
13:10:10 bench: burst id=0x300 n=500 len=8 fd=0 brs=0 ext=0 -> sent=500 failed=0 231694 us drained=1 TEC=0 REC=0 fifo_flags=0x0
13:10:10 bench: burst id=0x300 n=500 len=8 fd=0 brs=0 ext=0 -> sent=500 failed=0 231618 us drained=1 TEC=0 REC=0 fifo_flags=0x0
13:10:10 bench: burst id=0x300 n=500 len=8 fd=0 brs=0 ext=0 -> sent=500 failed=0 231690 us drained=1 TEC=0 REC=0 fifo_flags=0x0
13:10:10 bench: burst id=0x300 n=500 len=8 fd=0 brs=0 ext=0 -> sent=500 failed=0 231680 us drained=1 TEC=0 REC=0 fifo_flags=0x0
13:10:11 bench: burst id=0x300 n=500 len=8 fd=0 brs=0 ext=0 -> sent=500 failed=0 231667 us drained=1 TEC=0 REC=0 fifo_flags=0x0
13:10:11 bench: burst id=0x300 n=500 len=8 fd=0 brs=0 ext=0 -> sent=500 failed=0 231645 us drained=1 TEC=0 REC=0 fifo_flags=0x0
13:10:11 bench: burst id=0x300 n=500 len=8 fd=0 brs=0 ext=0 -> sent=500 failed=0 231563 us drained=1 TEC=0 REC=0 fifo_flags=0x0
13:10:11 bench: burst id=0x300 n=500 len=8 fd=0 brs=0 ext=0 -> sent=500 failed=0 231636 us drained=1 TEC=0 REC=0 fifo_flags=0x0
13:10:12 bench: burst id=0x300 n=500 len=8 fd=0 brs=0 ext=0 -> sent=500 failed=0 231701 us drained=1 TEC=0 REC=0 fifo_flags=0x0
13:10:12 bench: burst id=0x300 n=500 len=8 fd=0 brs=0 ext=0 -> sent=500 failed=0 231552 us drained=1 TEC=0 REC=0 fifo_flags=0x0
13:10:12 bench: burst id=0x300 n=500 len=8 fd=0 brs=0 ext=0 -> sent=500 failed=0 231686 us drained=1 TEC=0 REC=0 fifo_flags=0x0
13:10:12 bench: burst id=0x300 n=500 len=8 fd=0 brs=0 ext=0 -> sent=500 failed=0 231771 us drained=1 TEC=0 REC=0 fifo_flags=0x0
13:10:13 bench: burst id=0x300 n=500 len=8 fd=0 brs=0 ext=0 -> sent=500 failed=0 231777 us drained=1 TEC=0 REC=0 fifo_flags=0x0
13:10:13 bench: burst id=0x300 n=500 len=8 fd=0 brs=0 ext=0 -> sent=500 failed=0 231711 us drained=1 TEC=0 REC=0 fifo_flags=0x0
13:10:13 bench: burst id=0x300 n=500 len=8 fd=0 brs=0 ext=0 -> sent=500 failed=0 231680 us drained=1 TEC=0 REC=0 fifo_flags=0x0
13:10:13 bench: burst id=0x300 n=500 len=8 fd=0 brs=0 ext=0 -> sent=500 failed=0 231690 us drained=1 TEC=0 REC=0 fifo_flags=0x0
13:10:14 bench: burst id=0x300 n=500 len=8 fd=0 brs=0 ext=0 -> sent=500 failed=0 231673 us drained=1 TEC=0 REC=0 fifo_flags=0x0
13:10:14 bench: burst id=0x300 n=500 len=8 fd=0 brs=0 ext=0 -> sent=500 failed=0 231612 us drained=1 TEC=0 REC=0 fifo_flags=0x0
13:10:14 bench: burst id=0x300 n=500 len=8 fd=0 brs=0 ext=0 -> sent=500 failed=0 231764 us drained=1 TEC=0 REC=0 fifo_flags=0x0
13:10:14 bench: burst id=0x300 n=500 len=8 fd=0 brs=0 ext=0 -> sent=500 failed=0 231791 us drained=1 TEC=0 REC=0 fifo_flags=0x0
13:10:15 bench: burst id=0x300 n=500 len=8 fd=0 brs=0 ext=0 -> sent=500 failed=0 231477 us drained=1 TEC=0 REC=0 fifo_flags=0x0
13:10:15 bench: burst id=0x300 n=500 len=8 fd=0 brs=0 ext=0 -> sent=500 failed=0 231642 us drained=1 TEC=0 REC=0 fifo_flags=0x0
13:10:15 bench: burst id=0x300 n=500 len=8 fd=0 brs=0 ext=0 -> sent=500 failed=0 231707 us drained=1 TEC=0 REC=0 fifo_flags=0x0
13:10:15 bench: burst id=0x300 n=500 len=8 fd=0 brs=0 ext=0 -> sent=500 failed=0 231779 us drained=1 TEC=0 REC=0 fifo_flags=0x0
13:10:16 bench: burst id=0x300 n=500 len=8 fd=0 brs=0 ext=0 -> sent=500 failed=0 231740 us drained=1 TEC=0 REC=0 fifo_flags=0x0
13:10:16 bench: burst id=0x300 n=500 len=8 fd=0 brs=0 ext=0 -> sent=500 failed=0 231641 us drained=1 TEC=0 REC=0 fifo_flags=0x0
13:10:16 bench: burst id=0x300 n=500 len=8 fd=0 brs=0 ext=0 -> sent=500 failed=0 231672 us drained=1 TEC=0 REC=0 fifo_flags=0x0
13:10:16 bench: burst id=0x300 n=500 len=8 fd=0 brs=0 ext=0 -> sent=500 failed=0 231659 us drained=1 TEC=0 REC=0 fifo_flags=0x0
13:10:17 bench: burst id=0x300 n=500 len=8 fd=0 brs=0 ext=0 -> sent=500 failed=0 231711 us drained=1 TEC=0 REC=0 fifo_flags=0x0
13:10:17 bench: burst id=0x300 n=500 len=8 fd=0 brs=0 ext=0 -> sent=500 failed=0 231713 us drained=1 TEC=0 REC=0 fifo_flags=0x0
13:10:17 bench: burst id=0x300 n=500 len=8 fd=0 brs=0 ext=0 -> sent=500 failed=0 231700 us drained=1 TEC=0 REC=0 fifo_flags=0x0
13:10:17 bench: burst id=0x300 n=500 len=8 fd=0 brs=0 ext=0 -> sent=500 failed=0 231689 us drained=1 TEC=0 REC=0 fifo_flags=0x0
13:10:18 bench: burst id=0x300 n=500 len=8 fd=0 brs=0 ext=0 -> sent=500 failed=0 231686 us drained=1 TEC=0 REC=0 fifo_flags=0x0
13:10:18 bench: burst id=0x300 n=500 len=8 fd=0 brs=0 ext=0 -> sent=500 failed=0 231634 us drained=1 TEC=0 REC=0 fifo_flags=0x0
13:10:18 bench: burst id=0x300 n=500 len=8 fd=0 brs=0 ext=0 -> sent=500 failed=0 231631 us drained=1 TEC=0 REC=0 fifo_flags=0x0
13:10:18 bench: burst id=0x300 n=500 len=8 fd=0 brs=0 ext=0 -> sent=500 failed=0 231853 us drained=1 TEC=0 REC=0 fifo_flags=0x0
13:10:19 bench: burst id=0x300 n=500 len=8 fd=0 brs=0 ext=0 -> sent=500 failed=0 231843 us drained=1 TEC=0 REC=0 fifo_flags=0x0
13:10:19 bench: burst id=0x300 n=500 len=8 fd=0 brs=0 ext=0 -> sent=500 failed=0 231555 us drained=1 TEC=0 REC=0 fifo_flags=0x0
13:10:19 bench: burst id=0x300 n=500 len=8 fd=0 brs=0 ext=0 -> sent=500 failed=0 231730 us drained=1 TEC=0 REC=0 fifo_flags=0x0
13:10:19 bench: burst id=0x300 n=500 len=8 fd=0 brs=0 ext=0 -> sent=500 failed=0 231812 us drained=1 TEC=0 REC=0 fifo_flags=0x0
13:10:20 bench: burst id=0x300 n=500 len=8 fd=0 brs=0 ext=0 -> sent=500 failed=0 231823 us drained=1 TEC=0 REC=0 fifo_flags=0x0
13:10:20 bench: burst id=0x300 n=500 len=8 fd=0 brs=0 ext=0 -> sent=500 failed=0 231614 us drained=1 TEC=0 REC=0 fifo_flags=0x0
13:10:20 bench: burst id=0x300 n=500 len=8 fd=0 brs=0 ext=0 -> sent=500 failed=0 231638 us drained=1 TEC=0 REC=0 fifo_flags=0x0
13:10:20 bench: burst id=0x300 n=500 len=8 fd=0 brs=0 ext=0 -> sent=500 failed=0 231771 us drained=1 TEC=0 REC=0 fifo_flags=0x0
13:10:21 bench: burst id=0x300 n=500 len=8 fd=0 brs=0 ext=0 -> sent=500 failed=0 231758 us drained=1 TEC=0 REC=0 fifo_flags=0x0
13:10:21 bench: burst id=0x300 n=500 len=8 fd=0 brs=0 ext=0 -> sent=500 failed=0 231708 us drained=1 TEC=0 REC=0 fifo_flags=0x0
13:10:21 bench: burst id=0x300 n=500 len=8 fd=0 brs=0 ext=0 -> sent=500 failed=0 231625 us drained=1 TEC=0 REC=0 fifo_flags=0x0
13:10:21 bench: burst id=0x300 n=500 len=8 fd=0 brs=0 ext=0 -> sent=500 failed=0 231621 us drained=1 TEC=0 REC=0 fifo_flags=0x0
13:10:21 bench: burst id=0x300 n=500 len=8 fd=0 brs=0 ext=0 -> sent=500 failed=0 231696 us drained=1 TEC=0 REC=0 fifo_flags=0x0
13:10:22 bench: burst id=0x300 n=500 len=8 fd=0 brs=0 ext=0 -> sent=500 failed=0 231707 us drained=1 TEC=0 REC=0 fifo_flags=0x0
13:10:22 bench: burst id=0x300 n=500 len=8 fd=0 brs=0 ext=0 -> sent=500 failed=0 231446 us drained=1 TEC=0 REC=0 fifo_flags=0x0
13:10:22 bench: burst id=0x300 n=500 len=8 fd=0 brs=0 ext=0 -> sent=500 failed=0 231672 us drained=1 TEC=0 REC=0 fifo_flags=0x0
13:10:22 bench: burst id=0x300 n=500 len=8 fd=0 brs=0 ext=0 -> sent=500 failed=0 231703 us drained=1 TEC=0 REC=0 fifo_flags=0x0
13:10:23 bench: burst id=0x300 n=500 len=8 fd=0 brs=0 ext=0 -> sent=500 failed=0 231665 us drained=1 TEC=0 REC=0 fifo_flags=0x0
13:10:23 bench: burst id=0x300 n=500 len=8 fd=0 brs=0 ext=0 -> sent=500 failed=0 231554 us drained=1 TEC=0 REC=0 fifo_flags=0x0
13:10:23 bench: burst id=0x300 n=500 len=8 fd=0 brs=0 ext=0 -> sent=500 failed=0 231472 us drained=1 TEC=0 REC=0 fifo_flags=0x0
13:10:23 bench: burst id=0x300 n=500 len=8 fd=0 brs=0 ext=0 -> sent=500 failed=0 231591 us drained=1 TEC=0 REC=0 fifo_flags=0x0
13:10:24 bench: burst id=0x300 n=500 len=8 fd=0 brs=0 ext=0 -> sent=500 failed=0 231619 us drained=1 TEC=0 REC=0 fifo_flags=0x0
13:10:24 bench: burst id=0x300 n=500 len=8 fd=0 brs=0 ext=0 -> sent=500 failed=0 231335 us drained=1 TEC=0 REC=0 fifo_flags=0x0
13:10:24 bench: burst id=0x300 n=500 len=8 fd=0 brs=0 ext=0 -> sent=500 failed=0 231566 us drained=1 TEC=0 REC=0 fifo_flags=0x0
13:10:24 bench: burst id=0x300 n=500 len=8 fd=0 brs=0 ext=0 -> sent=500 failed=0 231637 us drained=1 TEC=0 REC=0 fifo_flags=0x0
13:10:25 bench: burst id=0x300 n=500 len=8 fd=0 brs=0 ext=0 -> sent=500 failed=0 231648 us drained=1 TEC=0 REC=0 fifo_flags=0x0
13:10:25 bench: burst id=0x300 n=500 len=8 fd=0 brs=0 ext=0 -> sent=500 failed=0 231652 us drained=1 TEC=0 REC=0 fifo_flags=0x0
13:10:25 bench: burst id=0x300 n=500 len=8 fd=0 brs=0 ext=0 -> sent=500 failed=0 231651 us drained=1 TEC=0 REC=0 fifo_flags=0x0
13:10:25 bench: burst id=0x300 n=500 len=8 fd=0 brs=0 ext=0 -> sent=500 failed=0 231690 us drained=1 TEC=0 REC=0 fifo_flags=0x0
13:10:26 bench: burst id=0x300 n=500 len=8 fd=0 brs=0 ext=0 -> sent=500 failed=0 231714 us drained=1 TEC=0 REC=0 fifo_flags=0x0
13:10:26 bench: burst id=0x300 n=500 len=8 fd=0 brs=0 ext=0 -> sent=500 failed=0 231360 us drained=1 TEC=0 REC=0 fifo_flags=0x0
13:10:26 bench: burst id=0x300 n=500 len=8 fd=0 brs=0 ext=0 -> sent=500 failed=0 231604 us drained=1 TEC=0 REC=0 fifo_flags=0x0
13:10:26 bench: burst id=0x300 n=500 len=8 fd=0 brs=0 ext=0 -> sent=500 failed=0 231672 us drained=1 TEC=0 REC=0 fifo_flags=0x0
13:10:27 bench: burst id=0x300 n=500 len=8 fd=0 brs=0 ext=0 -> sent=500 failed=0 231601 us drained=1 TEC=0 REC=0 fifo_flags=0x0
13:10:27 bench: burst id=0x300 n=500 len=8 fd=0 brs=0 ext=0 -> sent=500 failed=0 231580 us drained=1 TEC=0 REC=0 fifo_flags=0x0
13:10:27 bench: burst id=0x300 n=500 len=8 fd=0 brs=0 ext=0 -> sent=500 failed=0 231677 us drained=1 TEC=0 REC=0 fifo_flags=0x0
13:10:27 bench: burst id=0x300 n=500 len=8 fd=0 brs=0 ext=0 -> sent=500 failed=0 231638 us drained=1 TEC=0 REC=0 fifo_flags=0x0
13:10:28 bench: burst id=0x300 n=500 len=8 fd=0 brs=0 ext=0 -> sent=500 failed=0 231649 us drained=1 TEC=0 REC=0 fifo_flags=0x0
13:10:28 bench: burst id=0x300 n=500 len=8 fd=0 brs=0 ext=0 -> sent=500 failed=0 231622 us drained=1 TEC=0 REC=0 fifo_flags=0x0
13:10:28 bench: burst id=0x300 n=500 len=8 fd=0 brs=0 ext=0 -> sent=500 failed=0 231653 us drained=1 TEC=0 REC=0 fifo_flags=0x0
13:10:28 bench: burst id=0x300 n=500 len=8 fd=0 brs=0 ext=0 -> sent=500 failed=0 231674 us drained=1 TEC=0 REC=0 fifo_flags=0x0
13:10:29 bench: burst id=0x300 n=500 len=8 fd=0 brs=0 ext=0 -> sent=500 failed=0 231775 us drained=1 TEC=0 REC=0 fifo_flags=0x0
13:10:29 bench: burst id=0x300 n=500 len=8 fd=0 brs=0 ext=0 -> sent=500 failed=0 231730 us drained=1 TEC=0 REC=0 fifo_flags=0x0
13:10:29 bench: burst id=0x300 n=500 len=8 fd=0 brs=0 ext=0 -> sent=500 failed=0 231634 us drained=1 TEC=0 REC=0 fifo_flags=0x0
13:10:29 bench: burst id=0x300 n=500 len=8 fd=0 brs=0 ext=0 -> sent=500 failed=0 231603 us drained=1 TEC=0 REC=0 fifo_flags=0x0
13:10:29 bench: burst id=0x300 n=500 len=8 fd=0 brs=0 ext=0 -> sent=500 failed=0 231715 us drained=1 TEC=0 REC=0 fifo_flags=0x0
13:10:30 bench: burst id=0x300 n=500 len=8 fd=0 brs=0 ext=0 -> sent=500 failed=0 231653 us drained=1 TEC=0 REC=0 fifo_flags=0x0
13:10:30 bench: burst id=0x300 n=500 len=8 fd=0 brs=0 ext=0 -> sent=500 failed=0 231695 us drained=1 TEC=0 REC=0 fifo_flags=0x0
13:10:30 bench: burst id=0x300 n=500 len=8 fd=0 brs=0 ext=0 -> sent=500 failed=0 232047 us drained=1 TEC=0 REC=0 fifo_flags=0x0
13:10:31 bench: burst id=0x300 n=500 len=8 fd=0 brs=0 ext=0 -> sent=500 failed=0 231741 us drained=1 TEC=0 REC=0 fifo_flags=0x0
13:10:31 bench: burst id=0x300 n=500 len=8 fd=0 brs=0 ext=0 -> sent=500 failed=0 231599 us drained=1 TEC=0 REC=0 fifo_flags=0x0
13:10:31 bench: burst id=0x300 n=500 len=8 fd=0 brs=0 ext=0 -> sent=500 failed=0 231671 us drained=1 TEC=0 REC=0 fifo_flags=0x0
13:10:31 bench: burst id=0x300 n=500 len=8 fd=0 brs=0 ext=0 -> sent=500 failed=0 231664 us drained=1 TEC=0 REC=0 fifo_flags=0x0
13:10:32 bench: burst id=0x300 n=500 len=8 fd=0 brs=0 ext=0 -> sent=500 failed=0 231362 us drained=1 TEC=0 REC=0 fifo_flags=0x0
13:10:32 bench: burst id=0x300 n=500 len=8 fd=0 brs=0 ext=0 -> sent=500 failed=0 231615 us drained=1 TEC=0 REC=0 fifo_flags=0x0
13:10:32 bench: burst id=0x300 n=500 len=8 fd=0 brs=0 ext=0 -> sent=500 failed=0 231695 us drained=1 TEC=0 REC=0 fifo_flags=0x0
13:10:32 bench: burst id=0x300 n=500 len=8 fd=0 brs=0 ext=0 -> sent=500 failed=0 231646 us drained=1 TEC=0 REC=0 fifo_flags=0x0
13:10:33 bench: burst id=0x300 n=500 len=8 fd=0 brs=0 ext=0 -> sent=500 failed=0 231638 us drained=1 TEC=0 REC=0 fifo_flags=0x0
13:10:33 bench: burst id=0x300 n=500 len=8 fd=0 brs=0 ext=0 -> sent=500 failed=0 231613 us drained=1 TEC=0 REC=0 fifo_flags=0x0
13:10:33 bench: burst id=0x300 n=500 len=8 fd=0 brs=0 ext=0 -> sent=500 failed=0 231538 us drained=1 TEC=0 REC=0 fifo_flags=0x0
13:10:33 bench: burst id=0x300 n=500 len=8 fd=0 brs=0 ext=0 -> sent=500 failed=0 231669 us drained=1 TEC=0 REC=0 fifo_flags=0x0
13:10:34 bench: burst id=0x300 n=500 len=8 fd=0 brs=0 ext=0 -> sent=500 failed=0 231979 us drained=1 TEC=0 REC=0 fifo_flags=0x0
13:10:34 bench: burst id=0x300 n=500 len=8 fd=0 brs=0 ext=0 -> sent=500 failed=0 231672 us drained=1 TEC=0 REC=0 fifo_flags=0x0
13:10:34 bench: burst id=0x300 n=500 len=8 fd=0 brs=0 ext=0 -> sent=500 failed=0 231612 us drained=1 TEC=0 REC=0 fifo_flags=0x0
13:10:34 bench: burst id=0x300 n=500 len=8 fd=0 brs=0 ext=0 -> sent=500 failed=0 231605 us drained=1 TEC=0 REC=0 fifo_flags=0x0
13:10:35 bench: burst id=0x300 n=500 len=8 fd=0 brs=0 ext=0 -> sent=500 failed=0 231702 us drained=1 TEC=0 REC=0 fifo_flags=0x0
13:10:35 bench: burst id=0x300 n=500 len=8 fd=0 brs=0 ext=0 -> sent=500 failed=0 231626 us drained=1 TEC=0 REC=0 fifo_flags=0x0
13:10:35 bench: burst id=0x300 n=500 len=8 fd=0 brs=0 ext=0 -> sent=500 failed=0 231621 us drained=1 TEC=0 REC=0 fifo_flags=0x0
13:10:35 bench: burst id=0x300 n=500 len=8 fd=0 brs=0 ext=0 -> sent=500 failed=0 231674 us drained=1 TEC=0 REC=0 fifo_flags=0x0
13:10:35 bench: burst id=0x300 n=500 len=8 fd=0 brs=0 ext=0 -> sent=500 failed=0 231707 us drained=1 TEC=0 REC=0 fifo_flags=0x0
13:10:36 bench: burst id=0x300 n=500 len=8 fd=0 brs=0 ext=0 -> sent=500 failed=0 231780 us drained=1 TEC=0 REC=0 fifo_flags=0x0
13:10:36 bench: burst id=0x300 n=500 len=8 fd=0 brs=0 ext=0 -> sent=500 failed=0 231656 us drained=1 TEC=0 REC=0 fifo_flags=0x0
13:10:36 bench: burst id=0x300 n=500 len=8 fd=0 brs=0 ext=0 -> sent=500 failed=0 231718 us drained=1 TEC=0 REC=0 fifo_flags=0x0
13:10:36 bench: burst id=0x300 n=500 len=8 fd=0 brs=0 ext=0 -> sent=500 failed=0 231690 us drained=1 TEC=0 REC=0 fifo_flags=0x0
13:10:37 bench: burst id=0x300 n=500 len=8 fd=0 brs=0 ext=0 -> sent=500 failed=0 231346 us drained=1 TEC=0 REC=0 fifo_flags=0x0
13:10:37 bench: burst id=0x300 n=500 len=8 fd=0 brs=0 ext=0 -> sent=500 failed=0 231613 us drained=1 TEC=0 REC=0 fifo_flags=0x0
13:10:37 bench: burst id=0x300 n=500 len=8 fd=0 brs=0 ext=0 -> sent=500 failed=0 231565 us drained=1 TEC=0 REC=0 fifo_flags=0x0
13:10:37 bench: burst id=0x300 n=500 len=8 fd=0 brs=0 ext=0 -> sent=500 failed=0 231644 us drained=1 TEC=0 REC=0 fifo_flags=0x0
13:10:38 bench: burst id=0x300 n=500 len=8 fd=0 brs=0 ext=0 -> sent=500 failed=0 231684 us drained=1 TEC=0 REC=0 fifo_flags=0x0
13:10:38 bench: burst id=0x300 n=500 len=8 fd=0 brs=0 ext=0 -> sent=500 failed=0 231731 us drained=1 TEC=0 REC=0 fifo_flags=0x0
13:10:38 bench: burst id=0x300 n=500 len=8 fd=0 brs=0 ext=0 -> sent=500 failed=0 231767 us drained=1 TEC=0 REC=0 fifo_flags=0x0
13:10:38 bench: burst id=0x300 n=500 len=8 fd=0 brs=0 ext=0 -> sent=500 failed=0 231727 us drained=1 TEC=0 REC=0 fifo_flags=0x0
13:10:39 bench: burst id=0x300 n=500 len=8 fd=0 brs=0 ext=0 -> sent=500 failed=0 231697 us drained=1 TEC=0 REC=0 fifo_flags=0x0
13:10:39 bench: burst id=0x300 n=500 len=8 fd=0 brs=0 ext=0 -> sent=500 failed=0 231934 us drained=1 TEC=0 REC=0 fifo_flags=0x0
13:10:39 bench: burst id=0x300 n=500 len=8 fd=0 brs=0 ext=0 -> sent=500 failed=0 231644 us drained=1 TEC=0 REC=0 fifo_flags=0x0
13:10:39 bench: burst id=0x300 n=500 len=8 fd=0 brs=0 ext=0 -> sent=500 failed=0 231708 us drained=1 TEC=0 REC=0 fifo_flags=0x0
13:10:40 bench: burst id=0x300 n=500 len=8 fd=0 brs=0 ext=0 -> sent=500 failed=0 231729 us drained=1 TEC=0 REC=0 fifo_flags=0x0
13:10:40 bench: burst id=0x300 n=500 len=8 fd=0 brs=0 ext=0 -> sent=500 failed=0 231686 us drained=1 TEC=0 REC=0 fifo_flags=0x0
13:10:40 bench: burst id=0x300 n=500 len=8 fd=0 brs=0 ext=0 -> sent=500 failed=0 231680 us drained=1 TEC=0 REC=0 fifo_flags=0x0
13:10:40 bench: burst id=0x300 n=500 len=8 fd=0 brs=0 ext=0 -> sent=500 failed=0 231634 us drained=1 TEC=0 REC=0 fifo_flags=0x0
13:10:41 bench: burst id=0x300 n=500 len=8 fd=0 brs=0 ext=0 -> sent=500 failed=0 231555 us drained=1 TEC=0 REC=0 fifo_flags=0x0
13:10:41 bench: burst id=0x300 n=500 len=8 fd=0 brs=0 ext=0 -> sent=500 failed=0 231544 us drained=1 TEC=0 REC=0 fifo_flags=0x0
13:10:41 bench: burst id=0x300 n=500 len=8 fd=0 brs=0 ext=0 -> sent=500 failed=0 231580 us drained=1 TEC=0 REC=0 fifo_flags=0x0
13:10:41 bench: burst id=0x300 n=500 len=8 fd=0 brs=0 ext=0 -> sent=500 failed=0 231653 us drained=1 TEC=0 REC=0 fifo_flags=0x0
13:10:42 bench: burst id=0x300 n=500 len=8 fd=0 brs=0 ext=0 -> sent=500 failed=0 231692 us drained=1 TEC=0 REC=0 fifo_flags=0x0
13:10:42 bench: burst id=0x300 n=500 len=8 fd=0 brs=0 ext=0 -> sent=500 failed=0 231677 us drained=1 TEC=0 REC=0 fifo_flags=0x0
13:10:42 bench: burst id=0x300 n=500 len=8 fd=0 brs=0 ext=0 -> sent=500 failed=0 231643 us drained=1 TEC=0 REC=0 fifo_flags=0x0
13:10:42 bench: burst id=0x300 n=500 len=8 fd=0 brs=0 ext=0 -> sent=500 failed=0 231656 us drained=1 TEC=0 REC=0 fifo_flags=0x0
13:10:42 bench: burst id=0x300 n=500 len=8 fd=0 brs=0 ext=0 -> sent=500 failed=0 231473 us drained=1 TEC=0 REC=0 fifo_flags=0x0
13:10:43 bench: burst id=0x300 n=500 len=8 fd=0 brs=0 ext=0 -> sent=500 failed=0 231772 us drained=1 TEC=0 REC=0 fifo_flags=0x0
13:10:43 bench: burst id=0x300 n=500 len=8 fd=0 brs=0 ext=0 -> sent=500 failed=0 231711 us drained=1 TEC=0 REC=0 fifo_flags=0x0
13:10:43 bench: burst id=0x300 n=500 len=8 fd=0 brs=0 ext=0 -> sent=500 failed=0 231699 us drained=1 TEC=0 REC=0 fifo_flags=0x0
13:10:44 bench: burst id=0x300 n=500 len=8 fd=0 brs=0 ext=0 -> sent=500 failed=0 231794 us drained=1 TEC=0 REC=0 fifo_flags=0x0
13:10:44 bench: burst id=0x300 n=500 len=8 fd=0 brs=0 ext=0 -> sent=500 failed=0 231735 us drained=1 TEC=0 REC=0 fifo_flags=0x0
13:10:44 bench: burst id=0x300 n=500 len=8 fd=0 brs=0 ext=0 -> sent=500 failed=0 231682 us drained=1 TEC=0 REC=0 fifo_flags=0x0
13:10:44 bench: burst id=0x300 n=500 len=8 fd=0 brs=0 ext=0 -> sent=500 failed=0 231736 us drained=1 TEC=0 REC=0 fifo_flags=0x0
13:10:45 bench: burst id=0x300 n=500 len=8 fd=0 brs=0 ext=0 -> sent=500 failed=0 231828 us drained=1 TEC=0 REC=0 fifo_flags=0x0
13:10:45 bench: burst id=0x300 n=500 len=8 fd=0 brs=0 ext=0 -> sent=500 failed=0 231794 us drained=1 TEC=0 REC=0 fifo_flags=0x0
13:10:45 bench: burst id=0x300 n=500 len=8 fd=0 brs=0 ext=0 -> sent=500 failed=0 232050 us drained=1 TEC=0 REC=0 fifo_flags=0x0
13:10:45 bench: burst id=0x300 n=500 len=8 fd=0 brs=0 ext=0 -> sent=500 failed=0 231702 us drained=1 TEC=0 REC=0 fifo_flags=0x0
13:10:46 bench: burst id=0x300 n=500 len=8 fd=0 brs=0 ext=0 -> sent=500 failed=0 231660 us drained=1 TEC=0 REC=0 fifo_flags=0x0
13:10:46 bench: burst id=0x300 n=500 len=8 fd=0 brs=0 ext=0 -> sent=500 failed=0 231719 us drained=1 TEC=0 REC=0 fifo_flags=0x0
13:10:46 bench: burst id=0x300 n=500 len=8 fd=0 brs=0 ext=0 -> sent=500 failed=0 231747 us drained=1 TEC=0 REC=0 fifo_flags=0x0
13:10:46 bench: burst id=0x300 n=500 len=8 fd=0 brs=0 ext=0 -> sent=500 failed=0 231782 us drained=1 TEC=0 REC=0 fifo_flags=0x0
13:10:47 bench: burst id=0x300 n=500 len=8 fd=0 brs=0 ext=0 -> sent=500 failed=0 231809 us drained=1 TEC=0 REC=0 fifo_flags=0x0
13:10:47 bench: burst id=0x300 n=500 len=8 fd=0 brs=0 ext=0 -> sent=500 failed=0 231815 us drained=1 TEC=0 REC=0 fifo_flags=0x0
13:10:47 bench: burst id=0x300 n=500 len=8 fd=0 brs=0 ext=0 -> sent=500 failed=0 231762 us drained=1 TEC=0 REC=0 fifo_flags=0x0
13:10:47 bench: burst id=0x300 n=500 len=8 fd=0 brs=0 ext=0 -> sent=500 failed=0 231758 us drained=1 TEC=0 REC=0 fifo_flags=0x0
13:10:48 bench: burst id=0x300 n=500 len=8 fd=0 brs=0 ext=0 -> sent=500 failed=0 231733 us drained=1 TEC=0 REC=0 fifo_flags=0x0
13:10:48 bench: burst id=0x300 n=500 len=8 fd=0 brs=0 ext=0 -> sent=500 failed=0 231732 us drained=1 TEC=0 REC=0 fifo_flags=0x0
13:10:48 bench: burst id=0x300 n=500 len=8 fd=0 brs=0 ext=0 -> sent=500 failed=0 231788 us drained=1 TEC=0 REC=0 fifo_flags=0x0
13:10:48 bench: burst id=0x300 n=500 len=8 fd=0 brs=0 ext=0 -> sent=500 failed=0 231742 us drained=1 TEC=0 REC=0 fifo_flags=0x0
13:10:48 bench: burst id=0x300 n=500 len=8 fd=0 brs=0 ext=0 -> sent=500 failed=0 231718 us drained=1 TEC=0 REC=0 fifo_flags=0x0
13:10:49 bench: burst id=0x300 n=500 len=8 fd=0 brs=0 ext=0 -> sent=500 failed=0 231698 us drained=1 TEC=0 REC=0 fifo_flags=0x0
13:10:49 bench: burst id=0x300 n=500 len=8 fd=0 brs=0 ext=0 -> sent=500 failed=0 231690 us drained=1 TEC=0 REC=0 fifo_flags=0x0
13:10:49 bench: burst id=0x300 n=500 len=8 fd=0 brs=0 ext=0 -> sent=500 failed=0 231661 us drained=1 TEC=0 REC=0 fifo_flags=0x0
13:10:49 bench: burst id=0x300 n=500 len=8 fd=0 brs=0 ext=0 -> sent=500 failed=0 231620 us drained=1 TEC=0 REC=0 fifo_flags=0x0
13:10:50 bench: burst id=0x300 n=500 len=8 fd=0 brs=0 ext=0 -> sent=500 failed=0 231575 us drained=1 TEC=0 REC=0 fifo_flags=0x0
13:10:50 bench: burst id=0x300 n=500 len=8 fd=0 brs=0 ext=0 -> sent=500 failed=0 231606 us drained=1 TEC=0 REC=0 fifo_flags=0x0
13:10:50 bench: burst id=0x300 n=500 len=8 fd=0 brs=0 ext=0 -> sent=500 failed=0 231711 us drained=1 TEC=0 REC=0 fifo_flags=0x0
13:10:50 bench: burst id=0x300 n=500 len=8 fd=0 brs=0 ext=0 -> sent=500 failed=0 231923 us drained=1 TEC=0 REC=0 fifo_flags=0x0
13:10:51 bench: burst id=0x300 n=500 len=8 fd=0 brs=0 ext=0 -> sent=500 failed=0 231837 us drained=1 TEC=0 REC=0 fifo_flags=0x0
13:10:51 bench: burst id=0x300 n=500 len=8 fd=0 brs=0 ext=0 -> sent=500 failed=0 231677 us drained=1 TEC=0 REC=0 fifo_flags=0x0
13:10:51 bench: burst id=0x300 n=500 len=8 fd=0 brs=0 ext=0 -> sent=500 failed=0 231673 us drained=1 TEC=0 REC=0 fifo_flags=0x0
13:10:51 bench: burst id=0x300 n=500 len=8 fd=0 brs=0 ext=0 -> sent=500 failed=0 231729 us drained=1 TEC=0 REC=0 fifo_flags=0x0
13:10:52 bench: burst id=0x300 n=500 len=8 fd=0 brs=0 ext=0 -> sent=500 failed=0 231749 us drained=1 TEC=0 REC=0 fifo_flags=0x0
13:10:52 bench: burst id=0x300 n=500 len=8 fd=0 brs=0 ext=0 -> sent=500 failed=0 231667 us drained=1 TEC=0 REC=0 fifo_flags=0x0
13:10:52 bench: burst id=0x300 n=500 len=8 fd=0 brs=0 ext=0 -> sent=500 failed=0 231658 us drained=1 TEC=0 REC=0 fifo_flags=0x0
13:10:52 bench: burst id=0x300 n=500 len=8 fd=0 brs=0 ext=0 -> sent=500 failed=0 231727 us drained=1 TEC=0 REC=0 fifo_flags=0x0
13:10:53 bench: burst id=0x300 n=500 len=8 fd=0 brs=0 ext=0 -> sent=500 failed=0 231807 us drained=1 TEC=0 REC=0 fifo_flags=0x0
13:10:53 bench: burst id=0x300 n=500 len=8 fd=0 brs=0 ext=0 -> sent=500 failed=0 231781 us drained=1 TEC=0 REC=0 fifo_flags=0x0
13:10:53 bench: burst id=0x300 n=500 len=8 fd=0 brs=0 ext=0 -> sent=500 failed=0 231762 us drained=1 TEC=0 REC=0 fifo_flags=0x0
13:10:53 bench: burst id=0x300 n=500 len=8 fd=0 brs=0 ext=0 -> sent=500 failed=0 231703 us drained=1 TEC=0 REC=0 fifo_flags=0x0
13:10:54 bench: burst id=0x300 n=500 len=8 fd=0 brs=0 ext=0 -> sent=500 failed=0 231690 us drained=1 TEC=0 REC=0 fifo_flags=0x0
13:10:54 bench: burst id=0x300 n=500 len=8 fd=0 brs=0 ext=0 -> sent=500 failed=0 231711 us drained=1 TEC=0 REC=0 fifo_flags=0x0
13:10:54 bench: burst id=0x300 n=500 len=8 fd=0 brs=0 ext=0 -> sent=500 failed=0 231775 us drained=1 TEC=0 REC=0 fifo_flags=0x0
13:10:54 bench: burst id=0x300 n=500 len=8 fd=0 brs=0 ext=0 -> sent=500 failed=0 231753 us drained=1 TEC=0 REC=0 fifo_flags=0x0
13:10:55 bench: burst id=0x300 n=500 len=8 fd=0 brs=0 ext=0 -> sent=500 failed=0 231765 us drained=1 TEC=0 REC=0 fifo_flags=0x0
13:10:55 bench: burst id=0x300 n=500 len=8 fd=0 brs=0 ext=0 -> sent=500 failed=0 231718 us drained=1 TEC=0 REC=0 fifo_flags=0x0
13:10:55 bench: burst id=0x300 n=500 len=8 fd=0 brs=0 ext=0 -> sent=500 failed=0 231673 us drained=1 TEC=0 REC=0 fifo_flags=0x0
13:10:55 bench: burst id=0x300 n=500 len=8 fd=0 brs=0 ext=0 -> sent=500 failed=0 231714 us drained=1 TEC=0 REC=0 fifo_flags=0x0
13:10:56 bench: burst id=0x300 n=500 len=8 fd=0 brs=0 ext=0 -> sent=500 failed=0 231758 us drained=1 TEC=0 REC=0 fifo_flags=0x0
13:10:56 bench: burst id=0x300 n=500 len=8 fd=0 brs=0 ext=0 -> sent=500 failed=0 231536 us drained=1 TEC=0 REC=0 fifo_flags=0x0
13:10:56 bench: burst id=0x300 n=500 len=8 fd=0 brs=0 ext=0 -> sent=500 failed=0 231737 us drained=1 TEC=0 REC=0 fifo_flags=0x0
13:10:56 bench: burst id=0x300 n=500 len=8 fd=0 brs=0 ext=0 -> sent=500 failed=0 231775 us drained=1 TEC=0 REC=0 fifo_flags=0x0
13:10:57 bench: burst id=0x300 n=500 len=8 fd=0 brs=0 ext=0 -> sent=500 failed=0 231727 us drained=1 TEC=0 REC=0 fifo_flags=0x0
13:10:57 bench: burst id=0x300 n=500 len=8 fd=0 brs=0 ext=0 -> sent=500 failed=0 231777 us drained=1 TEC=0 REC=0 fifo_flags=0x0
13:10:57 bench: burst id=0x300 n=500 len=8 fd=0 brs=0 ext=0 -> sent=500 failed=0 231683 us drained=1 TEC=0 REC=0 fifo_flags=0x0
13:10:57 bench: burst id=0x300 n=500 len=8 fd=0 brs=0 ext=0 -> sent=500 failed=0 231727 us drained=1 TEC=0 REC=0 fifo_flags=0x0
13:10:58 bench: burst id=0x300 n=500 len=8 fd=0 brs=0 ext=0 -> sent=500 failed=0 231989 us drained=1 TEC=0 REC=0 fifo_flags=0x0
13:10:58 bench: burst id=0x300 n=500 len=8 fd=0 brs=0 ext=0 -> sent=500 failed=0 231731 us drained=1 TEC=0 REC=0 fifo_flags=0x0
13:10:58 bench: burst id=0x300 n=500 len=8 fd=0 brs=0 ext=0 -> sent=500 failed=0 231686 us drained=1 TEC=0 REC=0 fifo_flags=0x0
13:10:58 bench: burst id=0x300 n=500 len=8 fd=0 brs=0 ext=0 -> sent=500 failed=0 231681 us drained=1 TEC=0 REC=0 fifo_flags=0x0
13:10:59 bench: burst id=0x300 n=500 len=8 fd=0 brs=0 ext=0 -> sent=500 failed=0 231745 us drained=1 TEC=0 REC=0 fifo_flags=0x0
13:10:59 bench: burst id=0x300 n=500 len=8 fd=0 brs=0 ext=0 -> sent=500 failed=0 231663 us drained=1 TEC=0 REC=0 fifo_flags=0x0
13:10:59 bench: burst id=0x300 n=500 len=8 fd=0 brs=0 ext=0 -> sent=500 failed=0 231721 us drained=1 TEC=0 REC=0 fifo_flags=0x0
13:10:59 bench: burst id=0x300 n=500 len=8 fd=0 brs=0 ext=0 -> sent=500 failed=0 231745 us drained=1 TEC=0 REC=0 fifo_flags=0x0
13:11:00 bench: burst id=0x300 n=500 len=8 fd=0 brs=0 ext=0 -> sent=500 failed=0 231800 us drained=1 TEC=0 REC=0 fifo_flags=0x0
13:11:00 bench: burst id=0x300 n=500 len=8 fd=0 brs=0 ext=0 -> sent=500 failed=0 231712 us drained=1 TEC=0 REC=0 fifo_flags=0x0
13:11:00 bench: burst id=0x300 n=500 len=8 fd=0 brs=0 ext=0 -> sent=500 failed=0 231620 us drained=1 TEC=0 REC=0 fifo_flags=0x0
13:11:00 bench: burst id=0x300 n=500 len=8 fd=0 brs=0 ext=0 -> sent=500 failed=0 231712 us drained=1 TEC=0 REC=0 fifo_flags=0x0
13:11:01 bench: burst id=0x300 n=500 len=8 fd=0 brs=0 ext=0 -> sent=500 failed=0 231977 us drained=1 TEC=0 REC=0 fifo_flags=0x0
13:11:01 bench: burst id=0x300 n=500 len=8 fd=0 brs=0 ext=0 -> sent=500 failed=0 231662 us drained=1 TEC=0 REC=0 fifo_flags=0x0
13:11:01 bench: burst id=0x300 n=500 len=8 fd=0 brs=0 ext=0 -> sent=500 failed=0 231393 us drained=1 TEC=0 REC=0 fifo_flags=0x0
13:11:01 bench: burst id=0x300 n=500 len=8 fd=0 brs=0 ext=0 -> sent=500 failed=0 231786 us drained=1 TEC=0 REC=0 fifo_flags=0x0
13:11:02 bench: burst id=0x300 n=500 len=8 fd=0 brs=0 ext=0 -> sent=500 failed=0 231825 us drained=1 TEC=0 REC=0 fifo_flags=0x0
13:11:02 bench: burst id=0x300 n=500 len=8 fd=0 brs=0 ext=0 -> sent=500 failed=0 231804 us drained=1 TEC=0 REC=0 fifo_flags=0x0
13:11:02 bench: burst id=0x300 n=500 len=8 fd=0 brs=0 ext=0 -> sent=500 failed=0 231834 us drained=1 TEC=0 REC=0 fifo_flags=0x0
13:11:02 bench: burst id=0x300 n=500 len=8 fd=0 brs=0 ext=0 -> sent=500 failed=0 231926 us drained=1 TEC=0 REC=0 fifo_flags=0x0
13:11:02 bench: burst id=0x300 n=500 len=8 fd=0 brs=0 ext=0 -> sent=500 failed=0 231681 us drained=1 TEC=0 REC=0 fifo_flags=0x0
13:11:03 bench: burst id=0x300 n=500 len=8 fd=0 brs=0 ext=0 -> sent=500 failed=0 231537 us drained=1 TEC=0 REC=0 fifo_flags=0x0
13:11:03 bench: burst id=0x300 n=500 len=8 fd=0 brs=0 ext=0 -> sent=500 failed=0 231645 us drained=1 TEC=0 REC=0 fifo_flags=0x0
13:11:03 bench: burst id=0x300 n=500 len=8 fd=0 brs=0 ext=0 -> sent=500 failed=0 231712 us drained=1 TEC=0 REC=0 fifo_flags=0x0
13:11:03 bench: burst id=0x300 n=500 len=8 fd=0 brs=0 ext=0 -> sent=500 failed=0 231674 us drained=1 TEC=0 REC=0 fifo_flags=0x0
13:11:04 bench: burst id=0x300 n=500 len=8 fd=0 brs=0 ext=0 -> sent=500 failed=0 231628 us drained=1 TEC=0 REC=0 fifo_flags=0x0
13:11:04 bench: burst id=0x300 n=500 len=8 fd=0 brs=0 ext=0 -> sent=500 failed=0 231639 us drained=1 TEC=0 REC=0 fifo_flags=0x0
13:11:04 bench: burst id=0x300 n=500 len=8 fd=0 brs=0 ext=0 -> sent=500 failed=0 231660 us drained=1 TEC=0 REC=0 fifo_flags=0x0
13:11:04 bench: burst id=0x300 n=500 len=8 fd=0 brs=0 ext=0 -> sent=500 failed=0 231710 us drained=1 TEC=0 REC=0 fifo_flags=0x0
13:11:05 bench: burst id=0x300 n=500 len=8 fd=0 brs=0 ext=0 -> sent=500 failed=0 231766 us drained=1 TEC=0 REC=0 fifo_flags=0x0
13:11:05 bench: burst id=0x300 n=500 len=8 fd=0 brs=0 ext=0 -> sent=500 failed=0 231771 us drained=1 TEC=0 REC=0 fifo_flags=0x0
13:11:05 bench: burst id=0x300 n=500 len=8 fd=0 brs=0 ext=0 -> sent=500 failed=0 231789 us drained=1 TEC=0 REC=0 fifo_flags=0x0
13:11:05 bench: burst id=0x300 n=500 len=8 fd=0 brs=0 ext=0 -> sent=500 failed=0 231793 us drained=1 TEC=0 REC=0 fifo_flags=0x0
13:11:06 bench: burst id=0x300 n=500 len=8 fd=0 brs=0 ext=0 -> sent=500 failed=0 231783 us drained=1 TEC=0 REC=0 fifo_flags=0x0
13:11:06 bench: burst id=0x300 n=500 len=8 fd=0 brs=0 ext=0 -> sent=500 failed=0 231780 us drained=1 TEC=0 REC=0 fifo_flags=0x0
13:11:06 bench: burst id=0x300 n=500 len=8 fd=0 brs=0 ext=0 -> sent=500 failed=0 231761 us drained=1 TEC=0 REC=0 fifo_flags=0x0
13:11:06 bench: burst id=0x300 n=500 len=8 fd=0 brs=0 ext=0 -> sent=500 failed=0 232051 us drained=1 TEC=0 REC=0 fifo_flags=0x0
13:11:07 bench: burst id=0x300 n=500 len=8 fd=0 brs=0 ext=0 -> sent=500 failed=0 231794 us drained=1 TEC=0 REC=0 fifo_flags=0x0
13:11:07 bench: burst id=0x300 n=500 len=8 fd=0 brs=0 ext=0 -> sent=500 failed=0 231774 us drained=1 TEC=0 REC=0 fifo_flags=0x0
13:11:07 bench: burst id=0x300 n=500 len=8 fd=0 brs=0 ext=0 -> sent=500 failed=0 231881 us drained=1 TEC=0 REC=0 fifo_flags=0x0
13:11:07 bench: burst id=0x300 n=500 len=8 fd=0 brs=0 ext=0 -> sent=500 failed=0 231789 us drained=1 TEC=0 REC=0 fifo_flags=0x0
13:11:08 bench: burst id=0x300 n=500 len=8 fd=0 brs=0 ext=0 -> sent=500 failed=0 232021 us drained=1 TEC=0 REC=0 fifo_flags=0x0
13:11:08 bench: burst id=0x300 n=500 len=8 fd=0 brs=0 ext=0 -> sent=500 failed=0 231776 us drained=1 TEC=0 REC=0 fifo_flags=0x0
13:11:08 bench: burst id=0x300 n=500 len=8 fd=0 brs=0 ext=0 -> sent=500 failed=0 231756 us drained=1 TEC=0 REC=0 fifo_flags=0x0
13:11:08 bench: burst id=0x300 n=500 len=8 fd=0 brs=0 ext=0 -> sent=500 failed=0 231765 us drained=1 TEC=0 REC=0 fifo_flags=0x0
13:11:09 bench: burst id=0x300 n=500 len=8 fd=0 brs=0 ext=0 -> sent=500 failed=0 231733 us drained=1 TEC=0 REC=0 fifo_flags=0x0
13:11:09 bench: burst id=0x300 n=500 len=8 fd=0 brs=0 ext=0 -> sent=500 failed=0 231530 us drained=1 TEC=0 REC=0 fifo_flags=0x0
13:11:09 bench: burst id=0x300 n=500 len=8 fd=0 brs=0 ext=0 -> sent=500 failed=0 231712 us drained=1 TEC=0 REC=0 fifo_flags=0x0
13:11:09 bench: burst id=0x300 n=500 len=8 fd=0 brs=0 ext=0 -> sent=500 failed=0 231814 us drained=1 TEC=0 REC=0 fifo_flags=0x0
13:11:10 bench: burst id=0x300 n=500 len=8 fd=0 brs=0 ext=0 -> sent=500 failed=0 231806 us drained=1 TEC=0 REC=0 fifo_flags=0x0
13:11:10 bench: burst id=0x300 n=500 len=8 fd=0 brs=0 ext=0 -> sent=500 failed=0 231724 us drained=1 TEC=0 REC=0 fifo_flags=0x0
13:11:10 bench: burst id=0x300 n=500 len=8 fd=0 brs=0 ext=0 -> sent=500 failed=0 231777 us drained=1 TEC=0 REC=0 fifo_flags=0x0
13:11:10 bench: burst id=0x300 n=500 len=8 fd=0 brs=0 ext=0 -> sent=500 failed=0 231722 us drained=1 TEC=0 REC=0 fifo_flags=0x0
13:11:11 bench: burst id=0x300 n=500 len=8 fd=0 brs=0 ext=0 -> sent=500 failed=0 231758 us drained=1 TEC=0 REC=0 fifo_flags=0x0
13:11:11 bench: burst id=0x300 n=500 len=8 fd=0 brs=0 ext=0 -> sent=500 failed=0 231685 us drained=1 TEC=0 REC=0 fifo_flags=0x0
13:11:11 bench: burst id=0x300 n=500 len=8 fd=0 brs=0 ext=0 -> sent=500 failed=0 231713 us drained=1 TEC=0 REC=0 fifo_flags=0x0
13:11:11 bench: burst id=0x300 n=500 len=8 fd=0 brs=0 ext=0 -> sent=500 failed=0 231734 us drained=1 TEC=0 REC=0 fifo_flags=0x0
13:11:12 bench: burst id=0x300 n=500 len=8 fd=0 brs=0 ext=0 -> sent=500 failed=0 231760 us drained=1 TEC=0 REC=0 fifo_flags=0x0
13:11:12 bench: burst id=0x300 n=500 len=8 fd=0 brs=0 ext=0 -> sent=500 failed=0 231698 us drained=1 TEC=0 REC=0 fifo_flags=0x0
13:11:12 bench: burst id=0x300 n=500 len=8 fd=0 brs=0 ext=0 -> sent=500 failed=0 231494 us drained=1 TEC=0 REC=0 fifo_flags=0x0
13:11:12 bench: burst id=0x300 n=500 len=8 fd=0 brs=0 ext=0 -> sent=500 failed=0 231708 us drained=1 TEC=0 REC=0 fifo_flags=0x0
13:11:13 bench: burst id=0x300 n=500 len=8 fd=0 brs=0 ext=0 -> sent=500 failed=0 231790 us drained=1 TEC=0 REC=0 fifo_flags=0x0
13:11:13 bench: burst id=0x300 n=500 len=8 fd=0 brs=0 ext=0 -> sent=500 failed=0 231791 us drained=1 TEC=0 REC=0 fifo_flags=0x0
13:11:13 bench: burst id=0x300 n=500 len=8 fd=0 brs=0 ext=0 -> sent=500 failed=0 231748 us drained=1 TEC=0 REC=0 fifo_flags=0x0
13:11:13 bench: burst id=0x300 n=500 len=8 fd=0 brs=0 ext=0 -> sent=500 failed=0 231754 us drained=1 TEC=0 REC=0 fifo_flags=0x0
13:11:14 bench: burst id=0x300 n=500 len=8 fd=0 brs=0 ext=0 -> sent=500 failed=0 231786 us drained=1 TEC=0 REC=0 fifo_flags=0x0
13:11:14 bench: burst id=0x300 n=500 len=8 fd=0 brs=0 ext=0 -> sent=500 failed=0 231784 us drained=1 TEC=0 REC=0 fifo_flags=0x0
13:11:14 bench: burst id=0x300 n=500 len=8 fd=0 brs=0 ext=0 -> sent=500 failed=0 231745 us drained=1 TEC=0 REC=0 fifo_flags=0x0
13:11:14 bench: burst id=0x300 n=500 len=8 fd=0 brs=0 ext=0 -> sent=500 failed=0 231766 us drained=1 TEC=0 REC=0 fifo_flags=0x0
13:11:15 bench: burst id=0x300 n=500 len=8 fd=0 brs=0 ext=0 -> sent=500 failed=0 231707 us drained=1 TEC=0 REC=0 fifo_flags=0x0
13:11:15 bench: burst id=0x300 n=500 len=8 fd=0 brs=0 ext=0 -> sent=500 failed=0 231695 us drained=1 TEC=0 REC=0 fifo_flags=0x0
13:11:15 bench: burst id=0x300 n=500 len=8 fd=0 brs=0 ext=0 -> sent=500 failed=0 231705 us drained=1 TEC=0 REC=0 fifo_flags=0x0
13:11:15 bench: burst id=0x300 n=500 len=8 fd=0 brs=0 ext=0 -> sent=500 failed=0 231734 us drained=1 TEC=0 REC=0 fifo_flags=0x0
13:11:15 bench: burst id=0x300 n=500 len=8 fd=0 brs=0 ext=0 -> sent=500 failed=0 231647 us drained=1 TEC=0 REC=0 fifo_flags=0x0
13:11:16 bench: burst id=0x300 n=500 len=8 fd=0 brs=0 ext=0 -> sent=500 failed=0 231636 us drained=1 TEC=0 REC=0 fifo_flags=0x0
13:11:16 bench: burst id=0x300 n=500 len=8 fd=0 brs=0 ext=0 -> sent=500 failed=0 231722 us drained=1 TEC=0 REC=0 fifo_flags=0x0
13:11:16 bench: burst id=0x300 n=500 len=8 fd=0 brs=0 ext=0 -> sent=500 failed=0 231704 us drained=1 TEC=0 REC=0 fifo_flags=0x0
13:11:16 bench: burst id=0x300 n=500 len=8 fd=0 brs=0 ext=0 -> sent=500 failed=0 231526 us drained=1 TEC=0 REC=0 fifo_flags=0x0
13:11:17 bench: burst id=0x300 n=500 len=8 fd=0 brs=0 ext=0 -> sent=500 failed=0 231633 us drained=1 TEC=0 REC=0 fifo_flags=0x0
13:11:17 bench: burst id=0x300 n=500 len=8 fd=0 brs=0 ext=0 -> sent=500 failed=0 231695 us drained=1 TEC=0 REC=0 fifo_flags=0x0
13:11:17 bench: burst id=0x300 n=500 len=8 fd=0 brs=0 ext=0 -> sent=500 failed=0 231507 us drained=1 TEC=0 REC=0 fifo_flags=0x0
13:11:17 bench: burst id=0x300 n=500 len=8 fd=0 brs=0 ext=0 -> sent=500 failed=0 231785 us drained=1 TEC=0 REC=0 fifo_flags=0x0
13:11:18 bench: burst id=0x300 n=500 len=8 fd=0 brs=0 ext=0 -> sent=500 failed=0 231686 us drained=1 TEC=0 REC=0 fifo_flags=0x0
13:11:18 bench: burst id=0x300 n=500 len=8 fd=0 brs=0 ext=0 -> sent=500 failed=0 231606 us drained=1 TEC=0 REC=0 fifo_flags=0x0
13:11:18 bench: burst id=0x300 n=500 len=8 fd=0 brs=0 ext=0 -> sent=500 failed=0 231710 us drained=1 TEC=0 REC=0 fifo_flags=0x0
13:11:18 bench: burst id=0x300 n=500 len=8 fd=0 brs=0 ext=0 -> sent=500 failed=0 231728 us drained=1 TEC=0 REC=0 fifo_flags=0x0
13:11:19 bench: burst id=0x300 n=500 len=8 fd=0 brs=0 ext=0 -> sent=500 failed=0 231900 us drained=1 TEC=0 REC=0 fifo_flags=0x0
13:11:19 bench: burst id=0x300 n=500 len=8 fd=0 brs=0 ext=0 -> sent=500 failed=0 231745 us drained=1 TEC=0 REC=0 fifo_flags=0x0
13:11:19 bench: burst id=0x300 n=500 len=8 fd=0 brs=0 ext=0 -> sent=500 failed=0 231744 us drained=1 TEC=0 REC=0 fifo_flags=0x0
13:11:19 bench: burst id=0x300 n=500 len=8 fd=0 brs=0 ext=0 -> sent=500 failed=0 231729 us drained=1 TEC=0 REC=0 fifo_flags=0x0
13:11:20 bench: burst id=0x300 n=500 len=8 fd=0 brs=0 ext=0 -> sent=500 failed=0 231735 us drained=1 TEC=0 REC=0 fifo_flags=0x0
13:11:20 bench: burst id=0x300 n=500 len=8 fd=0 brs=0 ext=0 -> sent=500 failed=0 231964 us drained=1 TEC=0 REC=0 fifo_flags=0x0
13:11:20 bench: burst id=0x300 n=500 len=8 fd=0 brs=0 ext=0 -> sent=500 failed=0 231662 us drained=1 TEC=0 REC=0 fifo_flags=0x0
13:11:20 bench: burst id=0x300 n=500 len=8 fd=0 brs=0 ext=0 -> sent=500 failed=0 232030 us drained=1 TEC=0 REC=0 fifo_flags=0x0
13:11:21 bench: burst id=0x300 n=500 len=8 fd=0 brs=0 ext=0 -> sent=500 failed=0 231680 us drained=1 TEC=0 REC=0 fifo_flags=0x0
13:11:21 bench: burst id=0x300 n=500 len=8 fd=0 brs=0 ext=0 -> sent=500 failed=0 231674 us drained=1 TEC=0 REC=0 fifo_flags=0x0
13:11:21 bench: burst id=0x300 n=500 len=8 fd=0 brs=0 ext=0 -> sent=500 failed=0 231576 us drained=1 TEC=0 REC=0 fifo_flags=0x0
13:11:21 bench: burst id=0x300 n=500 len=8 fd=0 brs=0 ext=0 -> sent=500 failed=0 231710 us drained=1 TEC=0 REC=0 fifo_flags=0x0
13:11:22 bench: burst id=0x300 n=500 len=8 fd=0 brs=0 ext=0 -> sent=500 failed=0 231738 us drained=1 TEC=0 REC=0 fifo_flags=0x0
13:11:22 bench: burst id=0x300 n=500 len=8 fd=0 brs=0 ext=0 -> sent=500 failed=0 232011 us drained=1 TEC=0 REC=0 fifo_flags=0x0
13:11:22 bench: burst id=0x300 n=500 len=8 fd=0 brs=0 ext=0 -> sent=500 failed=0 231798 us drained=1 TEC=0 REC=0 fifo_flags=0x0
13:11:22 bench: burst id=0x300 n=500 len=8 fd=0 brs=0 ext=0 -> sent=500 failed=0 231730 us drained=1 TEC=0 REC=0 fifo_flags=0x0
13:11:23 bench: burst id=0x300 n=500 len=8 fd=0 brs=0 ext=0 -> sent=500 failed=0 231692 us drained=1 TEC=0 REC=0 fifo_flags=0x0
13:11:23 bench: burst id=0x300 n=500 len=8 fd=0 brs=0 ext=0 -> sent=500 failed=0 231694 us drained=1 TEC=0 REC=0 fifo_flags=0x0
13:11:23 bench: burst id=0x300 n=500 len=8 fd=0 brs=0 ext=0 -> sent=500 failed=0 231769 us drained=1 TEC=0 REC=0 fifo_flags=0x0
13:11:23 bench: burst id=0x300 n=500 len=8 fd=0 brs=0 ext=0 -> sent=500 failed=0 231750 us drained=1 TEC=0 REC=0 fifo_flags=0x0
13:11:24 bench: burst id=0x300 n=500 len=8 fd=0 brs=0 ext=0 -> sent=500 failed=0 231692 us drained=1 TEC=0 REC=0 fifo_flags=0x0
13:11:24 bench: burst id=0x300 n=500 len=8 fd=0 brs=0 ext=0 -> sent=500 failed=0 231696 us drained=1 TEC=0 REC=0 fifo_flags=0x0
13:11:24 bench: burst id=0x300 n=500 len=8 fd=0 brs=0 ext=0 -> sent=500 failed=0 231749 us drained=1 TEC=0 REC=0 fifo_flags=0x0
13:11:24 bench: burst id=0x300 n=500 len=8 fd=0 brs=0 ext=0 -> sent=500 failed=0 231700 us drained=1 TEC=0 REC=0 fifo_flags=0x0
13:11:25 bench: burst id=0x300 n=500 len=8 fd=0 brs=0 ext=0 -> sent=500 failed=0 231982 us drained=1 TEC=0 REC=0 fifo_flags=0x0
13:11:25 bench: burst id=0x300 n=500 len=8 fd=0 brs=0 ext=0 -> sent=500 failed=0 231755 us drained=1 TEC=0 REC=0 fifo_flags=0x0
13:11:25 bench: burst id=0x300 n=500 len=8 fd=0 brs=0 ext=0 -> sent=500 failed=0 231780 us drained=1 TEC=0 REC=0 fifo_flags=0x0
13:11:25 bench: burst id=0x300 n=500 len=8 fd=0 brs=0 ext=0 -> sent=500 failed=0 231787 us drained=1 TEC=0 REC=0 fifo_flags=0x0
13:11:26 bench: burst id=0x300 n=500 len=8 fd=0 brs=0 ext=0 -> sent=500 failed=0 231720 us drained=1 TEC=0 REC=0 fifo_flags=0x0
13:11:26 bench: burst id=0x300 n=500 len=8 fd=0 brs=0 ext=0 -> sent=500 failed=0 231667 us drained=1 TEC=0 REC=0 fifo_flags=0x0
13:11:26 bench: burst id=0x300 n=500 len=8 fd=0 brs=0 ext=0 -> sent=500 failed=0 231738 us drained=1 TEC=0 REC=0 fifo_flags=0x0
13:11:26 bench: burst id=0x300 n=500 len=8 fd=0 brs=0 ext=0 -> sent=500 failed=0 231712 us drained=1 TEC=0 REC=0 fifo_flags=0x0
13:11:27 bench: burst id=0x300 n=500 len=8 fd=0 brs=0 ext=0 -> sent=500 failed=0 231575 us drained=1 TEC=0 REC=0 fifo_flags=0x0
13:11:27 bench: burst id=0x300 n=500 len=8 fd=0 brs=0 ext=0 -> sent=500 failed=0 231344 us drained=1 TEC=0 REC=0 fifo_flags=0x0
13:11:27 bench: burst id=0x300 n=500 len=8 fd=0 brs=0 ext=0 -> sent=500 failed=0 231363 us drained=1 TEC=0 REC=0 fifo_flags=0x0
13:11:27 bench: burst id=0x300 n=500 len=8 fd=0 brs=0 ext=0 -> sent=500 failed=0 231590 us drained=1 TEC=0 REC=0 fifo_flags=0x0
13:11:28 bench: burst id=0x300 n=500 len=8 fd=0 brs=0 ext=0 -> sent=500 failed=0 231693 us drained=1 TEC=0 REC=0 fifo_flags=0x0
13:11:28 bench: burst id=0x300 n=500 len=8 fd=0 brs=0 ext=0 -> sent=500 failed=0 231721 us drained=1 TEC=0 REC=0 fifo_flags=0x0
13:11:28 bench: burst id=0x300 n=500 len=8 fd=0 brs=0 ext=0 -> sent=500 failed=0 231778 us drained=1 TEC=0 REC=0 fifo_flags=0x0
13:11:28 bench: burst id=0x300 n=500 len=8 fd=0 brs=0 ext=0 -> sent=500 failed=0 231762 us drained=1 TEC=0 REC=0 fifo_flags=0x0
13:11:28 bench: burst id=0x300 n=500 len=8 fd=0 brs=0 ext=0 -> sent=500 failed=0 231986 us drained=1 TEC=0 REC=0 fifo_flags=0x0
13:11:29 bench: burst id=0x300 n=500 len=8 fd=0 brs=0 ext=0 -> sent=500 failed=0 231832 us drained=1 TEC=0 REC=0 fifo_flags=0x0
13:11:29 bench: burst id=0x300 n=500 len=8 fd=0 brs=0 ext=0 -> sent=500 failed=0 231793 us drained=1 TEC=0 REC=0 fifo_flags=0x0
13:11:29 bench: burst id=0x300 n=500 len=8 fd=0 brs=0 ext=0 -> sent=500 failed=0 231807 us drained=1 TEC=0 REC=0 fifo_flags=0x0
13:11:29 bench: burst id=0x300 n=500 len=8 fd=0 brs=0 ext=0 -> sent=500 failed=0 231786 us drained=1 TEC=0 REC=0 fifo_flags=0x0
13:11:30 bench: burst id=0x300 n=500 len=8 fd=0 brs=0 ext=0 -> sent=500 failed=0 231542 us drained=1 TEC=0 REC=0 fifo_flags=0x0
13:11:30 bench: burst id=0x300 n=500 len=8 fd=0 brs=0 ext=0 -> sent=500 failed=0 231617 us drained=1 TEC=0 REC=0 fifo_flags=0x0
13:11:30 bench: burst id=0x300 n=500 len=8 fd=0 brs=0 ext=0 -> sent=500 failed=0 231681 us drained=1 TEC=0 REC=0 fifo_flags=0x0
13:11:30 bench: burst id=0x300 n=500 len=8 fd=0 brs=0 ext=0 -> sent=500 failed=0 231726 us drained=1 TEC=0 REC=0 fifo_flags=0x0
13:11:31 bench: burst id=0x300 n=500 len=8 fd=0 brs=0 ext=0 -> sent=500 failed=0 231723 us drained=1 TEC=0 REC=0 fifo_flags=0x0
13:11:31 bench: burst id=0x300 n=500 len=8 fd=0 brs=0 ext=0 -> sent=500 failed=0 231748 us drained=1 TEC=0 REC=0 fifo_flags=0x0
13:11:31 bench: burst id=0x300 n=500 len=8 fd=0 brs=0 ext=0 -> sent=500 failed=0 231713 us drained=1 TEC=0 REC=0 fifo_flags=0x0
13:11:31 bench: burst id=0x300 n=500 len=8 fd=0 brs=0 ext=0 -> sent=500 failed=0 231735 us drained=1 TEC=0 REC=0 fifo_flags=0x0
13:11:32 bench: burst id=0x300 n=500 len=8 fd=0 brs=0 ext=0 -> sent=500 failed=0 231672 us drained=1 TEC=0 REC=0 fifo_flags=0x0
13:11:32 bench: burst id=0x300 n=500 len=8 fd=0 brs=0 ext=0 -> sent=500 failed=0 231674 us drained=1 TEC=0 REC=0 fifo_flags=0x0
13:11:32 bench: burst id=0x300 n=500 len=8 fd=0 brs=0 ext=0 -> sent=500 failed=0 231766 us drained=1 TEC=0 REC=0 fifo_flags=0x0
13:11:32 bench: burst id=0x300 n=500 len=8 fd=0 brs=0 ext=0 -> sent=500 failed=0 231725 us drained=1 TEC=0 REC=0 fifo_flags=0x0
13:11:33 bench: burst id=0x300 n=500 len=8 fd=0 brs=0 ext=0 -> sent=500 failed=0 231671 us drained=1 TEC=0 REC=0 fifo_flags=0x0
13:11:33 bench: burst id=0x300 n=500 len=8 fd=0 brs=0 ext=0 -> sent=500 failed=0 231715 us drained=1 TEC=0 REC=0 fifo_flags=0x0
13:11:33 bench: burst id=0x300 n=500 len=8 fd=0 brs=0 ext=0 -> sent=500 failed=0 231736 us drained=1 TEC=0 REC=0 fifo_flags=0x0
13:11:34 bench: burst id=0x300 n=500 len=8 fd=0 brs=0 ext=0 -> sent=500 failed=0 231799 us drained=1 TEC=0 REC=0 fifo_flags=0x0
13:11:34 bench: burst id=0x300 n=500 len=8 fd=0 brs=0 ext=0 -> sent=500 failed=0 231678 us drained=1 TEC=0 REC=0 fifo_flags=0x0
13:11:34 bench: burst id=0x300 n=500 len=8 fd=0 brs=0 ext=0 -> sent=500 failed=0 231960 us drained=1 TEC=0 REC=0 fifo_flags=0x0
13:11:34 bench: burst id=0x300 n=500 len=8 fd=0 brs=0 ext=0 -> sent=500 failed=0 231723 us drained=1 TEC=0 REC=0 fifo_flags=0x0
13:11:34 bench: burst id=0x300 n=500 len=8 fd=0 brs=0 ext=0 -> sent=500 failed=0 231720 us drained=1 TEC=0 REC=0 fifo_flags=0x0
13:11:35 bench: burst id=0x300 n=500 len=8 fd=0 brs=0 ext=0 -> sent=500 failed=0 231713 us drained=1 TEC=0 REC=0 fifo_flags=0x0
13:11:35 bench: burst id=0x300 n=500 len=8 fd=0 brs=0 ext=0 -> sent=500 failed=0 231681 us drained=1 TEC=0 REC=0 fifo_flags=0x0
13:11:35 bench: burst id=0x300 n=500 len=8 fd=0 brs=0 ext=0 -> sent=500 failed=0 231770 us drained=1 TEC=0 REC=0 fifo_flags=0x0
13:11:35 bench: burst id=0x300 n=500 len=8 fd=0 brs=0 ext=0 -> sent=500 failed=0 231823 us drained=1 TEC=0 REC=0 fifo_flags=0x0
13:11:36 bench: burst id=0x300 n=500 len=8 fd=0 brs=0 ext=0 -> sent=500 failed=0 231788 us drained=1 TEC=0 REC=0 fifo_flags=0x0
13:11:36 bench: burst id=0x300 n=500 len=8 fd=0 brs=0 ext=0 -> sent=500 failed=0 231447 us drained=1 TEC=0 REC=0 fifo_flags=0x0
13:11:36 bench: burst id=0x300 n=500 len=8 fd=0 brs=0 ext=0 -> sent=500 failed=0 231949 us drained=1 TEC=0 REC=0 fifo_flags=0x0
13:11:36 bench: burst id=0x300 n=500 len=8 fd=0 brs=0 ext=0 -> sent=500 failed=0 231760 us drained=1 TEC=0 REC=0 fifo_flags=0x0
13:11:37 bench: burst id=0x300 n=500 len=8 fd=0 brs=0 ext=0 -> sent=500 failed=0 231742 us drained=1 TEC=0 REC=0 fifo_flags=0x0
13:11:37 bench: burst id=0x300 n=500 len=8 fd=0 brs=0 ext=0 -> sent=500 failed=0 231701 us drained=1 TEC=0 REC=0 fifo_flags=0x0
13:11:37 bench: burst id=0x300 n=500 len=8 fd=0 brs=0 ext=0 -> sent=500 failed=0 231746 us drained=1 TEC=0 REC=0 fifo_flags=0x0
13:11:37 bench: burst id=0x300 n=500 len=8 fd=0 brs=0 ext=0 -> sent=500 failed=0 231687 us drained=1 TEC=0 REC=0 fifo_flags=0x0
13:11:38 bench: burst id=0x300 n=500 len=8 fd=0 brs=0 ext=0 -> sent=500 failed=0 231608 us drained=1 TEC=0 REC=0 fifo_flags=0x0
13:11:38 bench: burst id=0x300 n=500 len=8 fd=0 brs=0 ext=0 -> sent=500 failed=0 231665 us drained=1 TEC=0 REC=0 fifo_flags=0x0
13:11:38 bench: burst id=0x300 n=500 len=8 fd=0 brs=0 ext=0 -> sent=500 failed=0 231829 us drained=1 TEC=0 REC=0 fifo_flags=0x0
13:11:38 bench: burst id=0x300 n=500 len=8 fd=0 brs=0 ext=0 -> sent=500 failed=0 231820 us drained=1 TEC=0 REC=0 fifo_flags=0x0
13:11:39 bench: burst id=0x300 n=500 len=8 fd=0 brs=0 ext=0 -> sent=500 failed=0 231699 us drained=1 TEC=0 REC=0 fifo_flags=0x0
13:11:39 bench: burst id=0x300 n=500 len=8 fd=0 brs=0 ext=0 -> sent=500 failed=0 231751 us drained=1 TEC=0 REC=0 fifo_flags=0x0
13:11:39 bench: burst id=0x300 n=500 len=8 fd=0 brs=0 ext=0 -> sent=500 failed=0 231818 us drained=1 TEC=0 REC=0 fifo_flags=0x0
13:11:39 bench: burst id=0x300 n=500 len=8 fd=0 brs=0 ext=0 -> sent=500 failed=0 231798 us drained=1 TEC=0 REC=0 fifo_flags=0x0
13:11:40 bench: burst id=0x300 n=500 len=8 fd=0 brs=0 ext=0 -> sent=500 failed=0 231769 us drained=1 TEC=0 REC=0 fifo_flags=0x0
13:11:40 bench: burst id=0x300 n=500 len=8 fd=0 brs=0 ext=0 -> sent=500 failed=0 231679 us drained=1 TEC=0 REC=0 fifo_flags=0x0
13:11:40 bench: burst id=0x300 n=500 len=8 fd=0 brs=0 ext=0 -> sent=500 failed=0 231787 us drained=1 TEC=0 REC=0 fifo_flags=0x0
13:11:40 bench: burst id=0x300 n=500 len=8 fd=0 brs=0 ext=0 -> sent=500 failed=0 231848 us drained=1 TEC=0 REC=0 fifo_flags=0x0
13:11:41 bench: burst id=0x300 n=500 len=8 fd=0 brs=0 ext=0 -> sent=500 failed=0 231780 us drained=1 TEC=0 REC=0 fifo_flags=0x0
13:11:41 bench: burst id=0x300 n=500 len=8 fd=0 brs=0 ext=0 -> sent=500 failed=0 231699 us drained=1 TEC=0 REC=0 fifo_flags=0x0
13:11:41 bench: burst id=0x300 n=500 len=8 fd=0 brs=0 ext=0 -> sent=500 failed=0 231732 us drained=1 TEC=0 REC=0 fifo_flags=0x0
13:11:41 bench: burst id=0x300 n=500 len=8 fd=0 brs=0 ext=0 -> sent=500 failed=0 231812 us drained=1 TEC=0 REC=0 fifo_flags=0x0
13:11:41 bench: burst id=0x300 n=500 len=8 fd=0 brs=0 ext=0 -> sent=500 failed=0 231638 us drained=1 TEC=0 REC=0 fifo_flags=0x0
13:11:42 bench: burst id=0x300 n=500 len=8 fd=0 brs=0 ext=0 -> sent=500 failed=0 231555 us drained=1 TEC=0 REC=0 fifo_flags=0x0
13:11:42 bench: burst id=0x300 n=500 len=8 fd=0 brs=0 ext=0 -> sent=500 failed=0 231763 us drained=1 TEC=0 REC=0 fifo_flags=0x0
13:11:42 bench: burst id=0x300 n=500 len=8 fd=0 brs=0 ext=0 -> sent=500 failed=0 231724 us drained=1 TEC=0 REC=0 fifo_flags=0x0
13:11:42 bench: burst id=0x300 n=500 len=8 fd=0 brs=0 ext=0 -> sent=500 failed=0 231724 us drained=1 TEC=0 REC=0 fifo_flags=0x0
13:11:43 bench: burst id=0x300 n=500 len=8 fd=0 brs=0 ext=0 -> sent=500 failed=0 231785 us drained=1 TEC=0 REC=0 fifo_flags=0x0
13:11:43 bench: burst id=0x300 n=500 len=8 fd=0 brs=0 ext=0 -> sent=500 failed=0 231827 us drained=1 TEC=0 REC=0 fifo_flags=0x0
13:11:43 bench: burst id=0x300 n=500 len=8 fd=0 brs=0 ext=0 -> sent=500 failed=0 231761 us drained=1 TEC=0 REC=0 fifo_flags=0x0
13:11:43 bench: burst id=0x300 n=500 len=8 fd=0 brs=0 ext=0 -> sent=500 failed=0 231758 us drained=1 TEC=0 REC=0 fifo_flags=0x0
13:11:44 bench: burst id=0x300 n=500 len=8 fd=0 brs=0 ext=0 -> sent=500 failed=0 231662 us drained=1 TEC=0 REC=0 fifo_flags=0x0
13:11:44 bench: burst id=0x300 n=500 len=8 fd=0 brs=0 ext=0 -> sent=500 failed=0 231793 us drained=1 TEC=0 REC=0 fifo_flags=0x0
13:11:44 bench: burst id=0x300 n=500 len=8 fd=0 brs=0 ext=0 -> sent=500 failed=0 231807 us drained=1 TEC=0 REC=0 fifo_flags=0x0
13:11:44 bench: burst id=0x300 n=500 len=8 fd=0 brs=0 ext=0 -> sent=500 failed=0 231799 us drained=1 TEC=0 REC=0 fifo_flags=0x0
13:11:45 bench: burst id=0x300 n=500 len=8 fd=0 brs=0 ext=0 -> sent=500 failed=0 231678 us drained=1 TEC=0 REC=0 fifo_flags=0x0
13:11:45 bench: burst id=0x300 n=500 len=8 fd=0 brs=0 ext=0 -> sent=500 failed=0 231806 us drained=1 TEC=0 REC=0 fifo_flags=0x0
13:11:45 bench: burst id=0x300 n=500 len=8 fd=0 brs=0 ext=0 -> sent=500 failed=0 231837 us drained=1 TEC=0 REC=0 fifo_flags=0x0
13:11:45 bench: burst id=0x300 n=500 len=8 fd=0 brs=0 ext=0 -> sent=500 failed=0 231674 us drained=1 TEC=0 REC=0 fifo_flags=0x0
13:11:46 bench: burst id=0x300 n=500 len=8 fd=0 brs=0 ext=0 -> sent=500 failed=0 231617 us drained=1 TEC=0 REC=0 fifo_flags=0x0
13:11:46 bench: burst id=0x300 n=500 len=8 fd=0 brs=0 ext=0 -> sent=500 failed=0 231709 us drained=1 TEC=0 REC=0 fifo_flags=0x0
13:11:46 bench: burst id=0x300 n=500 len=8 fd=0 brs=0 ext=0 -> sent=500 failed=0 231668 us drained=1 TEC=0 REC=0 fifo_flags=0x0
13:11:47 bench: burst id=0x300 n=500 len=8 fd=0 brs=0 ext=0 -> sent=500 failed=0 231715 us drained=1 TEC=0 REC=0 fifo_flags=0x0
13:11:47 bench: burst id=0x300 n=500 len=8 fd=0 brs=0 ext=0 -> sent=500 failed=0 231632 us drained=1 TEC=0 REC=0 fifo_flags=0x0
13:11:47 bench: burst id=0x300 n=500 len=8 fd=0 brs=0 ext=0 -> sent=500 failed=0 231356 us drained=1 TEC=0 REC=0 fifo_flags=0x0
13:11:47 bench: burst id=0x300 n=500 len=8 fd=0 brs=0 ext=0 -> sent=500 failed=0 231658 us drained=1 TEC=0 REC=0 fifo_flags=0x0
13:11:47 bench: burst id=0x300 n=500 len=8 fd=0 brs=0 ext=0 -> sent=500 failed=0 231688 us drained=1 TEC=0 REC=0 fifo_flags=0x0
13:11:48 bench: burst id=0x300 n=500 len=8 fd=0 brs=0 ext=0 -> sent=500 failed=0 231646 us drained=1 TEC=0 REC=0 fifo_flags=0x0
13:11:48 bench: burst id=0x300 n=500 len=8 fd=0 brs=0 ext=0 -> sent=500 failed=0 231729 us drained=1 TEC=0 REC=0 fifo_flags=0x0
13:11:48 bench: burst id=0x300 n=500 len=8 fd=0 brs=0 ext=0 -> sent=500 failed=0 231651 us drained=1 TEC=0 REC=0 fifo_flags=0x0
13:11:48 bench: burst id=0x300 n=500 len=8 fd=0 brs=0 ext=0 -> sent=500 failed=0 231651 us drained=1 TEC=0 REC=0 fifo_flags=0x0
13:11:49 bench: burst id=0x300 n=500 len=8 fd=0 brs=0 ext=0 -> sent=500 failed=0 231740 us drained=1 TEC=0 REC=0 fifo_flags=0x0
13:11:49 bench: burst id=0x300 n=500 len=8 fd=0 brs=0 ext=0 -> sent=500 failed=0 231779 us drained=1 TEC=0 REC=0 fifo_flags=0x0
13:11:49 bench: burst id=0x300 n=500 len=8 fd=0 brs=0 ext=0 -> sent=500 failed=0 231858 us drained=1 TEC=0 REC=0 fifo_flags=0x0
13:11:49 bench: burst id=0x300 n=500 len=8 fd=0 brs=0 ext=0 -> sent=500 failed=0 231747 us drained=1 TEC=0 REC=0 fifo_flags=0x0
13:11:50 bench: burst id=0x300 n=500 len=8 fd=0 brs=0 ext=0 -> sent=500 failed=0 231703 us drained=1 TEC=0 REC=0 fifo_flags=0x0
13:11:50 bench: burst id=0x300 n=500 len=8 fd=0 brs=0 ext=0 -> sent=500 failed=0 231817 us drained=1 TEC=0 REC=0 fifo_flags=0x0
13:11:50 bench: burst id=0x300 n=500 len=8 fd=0 brs=0 ext=0 -> sent=500 failed=0 231800 us drained=1 TEC=0 REC=0 fifo_flags=0x0
13:11:50 bench: burst id=0x300 n=500 len=8 fd=0 brs=0 ext=0 -> sent=500 failed=0 231747 us drained=1 TEC=0 REC=0 fifo_flags=0x0
13:11:51 bench: burst id=0x300 n=500 len=8 fd=0 brs=0 ext=0 -> sent=500 failed=0 231723 us drained=1 TEC=0 REC=0 fifo_flags=0x0
13:11:51 bench: burst id=0x300 n=500 len=8 fd=0 brs=0 ext=0 -> sent=500 failed=0 231714 us drained=1 TEC=0 REC=0 fifo_flags=0x0
13:11:51 bench: burst id=0x300 n=500 len=8 fd=0 brs=0 ext=0 -> sent=500 failed=0 231533 us drained=1 TEC=0 REC=0 fifo_flags=0x0
13:11:51 bench: burst id=0x300 n=500 len=8 fd=0 brs=0 ext=0 -> sent=500 failed=0 231651 us drained=1 TEC=0 REC=0 fifo_flags=0x0
13:11:52 bench: burst id=0x300 n=500 len=8 fd=0 brs=0 ext=0 -> sent=500 failed=0 231650 us drained=1 TEC=0 REC=0 fifo_flags=0x0
13:11:52 bench: burst id=0x300 n=500 len=8 fd=0 brs=0 ext=0 -> sent=500 failed=0 231694 us drained=1 TEC=0 REC=0 fifo_flags=0x0
13:11:52 bench: burst id=0x300 n=500 len=8 fd=0 brs=0 ext=0 -> sent=500 failed=0 231680 us drained=1 TEC=0 REC=0 fifo_flags=0x0
13:11:52 bench: burst id=0x300 n=500 len=8 fd=0 brs=0 ext=0 -> sent=500 failed=0 231598 us drained=1 TEC=0 REC=0 fifo_flags=0x0
13:11:53 bench: burst id=0x300 n=500 len=8 fd=0 brs=0 ext=0 -> sent=500 failed=0 231629 us drained=1 TEC=0 REC=0 fifo_flags=0x0
13:11:53 bench: burst id=0x300 n=500 len=8 fd=0 brs=0 ext=0 -> sent=500 failed=0 231438 us drained=1 TEC=0 REC=0 fifo_flags=0x0
13:11:53 bench: burst id=0x300 n=500 len=8 fd=0 brs=0 ext=0 -> sent=500 failed=0 231708 us drained=1 TEC=0 REC=0 fifo_flags=0x0
13:11:53 bench: burst id=0x300 n=500 len=8 fd=0 brs=0 ext=0 -> sent=500 failed=0 231749 us drained=1 TEC=0 REC=0 fifo_flags=0x0
13:11:54 bench: burst id=0x300 n=500 len=8 fd=0 brs=0 ext=0 -> sent=500 failed=0 231734 us drained=1 TEC=0 REC=0 fifo_flags=0x0
13:11:54 bench: burst id=0x300 n=500 len=8 fd=0 brs=0 ext=0 -> sent=500 failed=0 231733 us drained=1 TEC=0 REC=0 fifo_flags=0x0
13:11:54 bench: burst id=0x300 n=500 len=8 fd=0 brs=0 ext=0 -> sent=500 failed=0 231691 us drained=1 TEC=0 REC=0 fifo_flags=0x0
13:11:54 bench: burst id=0x300 n=500 len=8 fd=0 brs=0 ext=0 -> sent=500 failed=0 231730 us drained=1 TEC=0 REC=0 fifo_flags=0x0
13:11:54 bench: burst id=0x300 n=500 len=8 fd=0 brs=0 ext=0 -> sent=500 failed=0 231693 us drained=1 TEC=0 REC=0 fifo_flags=0x0
13:11:55 bench: burst id=0x300 n=500 len=8 fd=0 brs=0 ext=0 -> sent=500 failed=0 231658 us drained=1 TEC=0 REC=0 fifo_flags=0x0
13:11:55 bench: burst id=0x300 n=500 len=8 fd=0 brs=0 ext=0 -> sent=500 failed=0 231611 us drained=1 TEC=0 REC=0 fifo_flags=0x0
13:11:55 bench: burst id=0x300 n=500 len=8 fd=0 brs=0 ext=0 -> sent=500 failed=0 231664 us drained=1 TEC=0 REC=0 fifo_flags=0x0
13:11:55 bench: burst id=0x300 n=500 len=8 fd=0 brs=0 ext=0 -> sent=500 failed=0 231588 us drained=1 TEC=0 REC=0 fifo_flags=0x0
13:11:56 bench: burst id=0x300 n=500 len=8 fd=0 brs=0 ext=0 -> sent=500 failed=0 231610 us drained=1 TEC=0 REC=0 fifo_flags=0x0
13:11:56 bench: burst id=0x300 n=500 len=8 fd=0 brs=0 ext=0 -> sent=500 failed=0 231693 us drained=1 TEC=0 REC=0 fifo_flags=0x0
13:11:56 bench: burst id=0x300 n=500 len=8 fd=0 brs=0 ext=0 -> sent=500 failed=0 231688 us drained=1 TEC=0 REC=0 fifo_flags=0x0
13:11:56 bench: burst id=0x300 n=500 len=8 fd=0 brs=0 ext=0 -> sent=500 failed=0 231790 us drained=1 TEC=0 REC=0 fifo_flags=0x0
13:11:57 bench: burst id=0x300 n=500 len=8 fd=0 brs=0 ext=0 -> sent=500 failed=0 231969 us drained=1 TEC=0 REC=0 fifo_flags=0x0
13:11:57 bench: burst id=0x300 n=500 len=8 fd=0 brs=0 ext=0 -> sent=500 failed=0 231714 us drained=1 TEC=0 REC=0 fifo_flags=0x0
13:11:57 bench: burst id=0x300 n=500 len=8 fd=0 brs=0 ext=0 -> sent=500 failed=0 231987 us drained=1 TEC=0 REC=0 fifo_flags=0x0
13:11:57 bench: burst id=0x300 n=500 len=8 fd=0 brs=0 ext=0 -> sent=500 failed=0 231667 us drained=1 TEC=0 REC=0 fifo_flags=0x0
13:11:58 bench: burst id=0x300 n=500 len=8 fd=0 brs=0 ext=0 -> sent=500 failed=0 231682 us drained=1 TEC=0 REC=0 fifo_flags=0x0
13:11:58 bench: burst id=0x300 n=500 len=8 fd=0 brs=0 ext=0 -> sent=500 failed=0 231728 us drained=1 TEC=0 REC=0 fifo_flags=0x0
13:11:58 bench: burst id=0x300 n=500 len=8 fd=0 brs=0 ext=0 -> sent=500 failed=0 231707 us drained=1 TEC=0 REC=0 fifo_flags=0x0
13:11:58 bench: burst id=0x300 n=500 len=8 fd=0 brs=0 ext=0 -> sent=500 failed=0 231651 us drained=1 TEC=0 REC=0 fifo_flags=0x0
13:11:59 bench: burst id=0x300 n=500 len=8 fd=0 brs=0 ext=0 -> sent=500 failed=0 231699 us drained=1 TEC=0 REC=0 fifo_flags=0x0
13:11:59 bench: burst id=0x300 n=500 len=8 fd=0 brs=0 ext=0 -> sent=500 failed=0 231870 us drained=1 TEC=0 REC=0 fifo_flags=0x0
13:11:59 bench: burst id=0x300 n=500 len=8 fd=0 brs=0 ext=0 -> sent=500 failed=0 231742 us drained=1 TEC=0 REC=0 fifo_flags=0x0
13:12:00 bench: burst id=0x300 n=500 len=8 fd=0 brs=0 ext=0 -> sent=500 failed=0 231679 us drained=1 TEC=0 REC=0 fifo_flags=0x0
13:12:00 bench: burst id=0x300 n=500 len=8 fd=0 brs=0 ext=0 -> sent=500 failed=0 231716 us drained=1 TEC=0 REC=0 fifo_flags=0x0
13:12:00 bench: burst id=0x300 n=500 len=8 fd=0 brs=0 ext=0 -> sent=500 failed=0 231806 us drained=1 TEC=0 REC=0 fifo_flags=0x0
13:12:00 bench: burst id=0x300 n=500 len=8 fd=0 brs=0 ext=0 -> sent=500 failed=0 231834 us drained=1 TEC=0 REC=0 fifo_flags=0x0
13:12:01 bench: burst id=0x300 n=500 len=8 fd=0 brs=0 ext=0 -> sent=500 failed=0 231817 us drained=1 TEC=0 REC=0 fifo_flags=0x0
13:12:01 bench: burst id=0x300 n=500 len=8 fd=0 brs=0 ext=0 -> sent=500 failed=0 231817 us drained=1 TEC=0 REC=0 fifo_flags=0x0
13:12:01 bench: burst id=0x300 n=500 len=8 fd=0 brs=0 ext=0 -> sent=500 failed=0 231634 us drained=1 TEC=0 REC=0 fifo_flags=0x0
13:12:01 bench: burst id=0x300 n=500 len=8 fd=0 brs=0 ext=0 -> sent=500 failed=0 231873 us drained=1 TEC=0 REC=0 fifo_flags=0x0
13:12:01 bench: burst id=0x300 n=500 len=8 fd=0 brs=0 ext=0 -> sent=500 failed=0 231815 us drained=1 TEC=0 REC=0 fifo_flags=0x0
13:12:02 bench: burst id=0x300 n=500 len=8 fd=0 brs=0 ext=0 -> sent=500 failed=0 231807 us drained=1 TEC=0 REC=0 fifo_flags=0x0
13:12:02 bench: burst id=0x300 n=500 len=8 fd=0 brs=0 ext=0 -> sent=500 failed=0 231852 us drained=1 TEC=0 REC=0 fifo_flags=0x0
13:12:02 bench: burst id=0x300 n=500 len=8 fd=0 brs=0 ext=0 -> sent=500 failed=0 231828 us drained=1 TEC=0 REC=0 fifo_flags=0x0
13:12:02 bench: burst id=0x300 n=500 len=8 fd=0 brs=0 ext=0 -> sent=500 failed=0 231767 us drained=1 TEC=0 REC=0 fifo_flags=0x0
13:12:03 bench: burst id=0x300 n=500 len=8 fd=0 brs=0 ext=0 -> sent=500 failed=0 231748 us drained=1 TEC=0 REC=0 fifo_flags=0x0
13:12:03 bench: burst id=0x300 n=500 len=8 fd=0 brs=0 ext=0 -> sent=500 failed=0 231984 us drained=1 TEC=0 REC=0 fifo_flags=0x0
13:12:03 bench: burst id=0x300 n=500 len=8 fd=0 brs=0 ext=0 -> sent=500 failed=0 231719 us drained=1 TEC=0 REC=0 fifo_flags=0x0
13:12:03 bench: burst id=0x300 n=500 len=8 fd=0 brs=0 ext=0 -> sent=500 failed=0 231729 us drained=1 TEC=0 REC=0 fifo_flags=0x0
13:12:04 bench: burst id=0x300 n=500 len=8 fd=0 brs=0 ext=0 -> sent=500 failed=0 231832 us drained=1 TEC=0 REC=0 fifo_flags=0x0
13:12:04 bench: burst id=0x300 n=500 len=8 fd=0 brs=0 ext=0 -> sent=500 failed=0 231881 us drained=1 TEC=0 REC=0 fifo_flags=0x0
13:12:04 bench: burst id=0x300 n=500 len=8 fd=0 brs=0 ext=0 -> sent=500 failed=0 231782 us drained=1 TEC=0 REC=0 fifo_flags=0x0
13:12:04 bench: burst id=0x300 n=500 len=8 fd=0 brs=0 ext=0 -> sent=500 failed=0 231749 us drained=1 TEC=0 REC=0 fifo_flags=0x0
13:12:05 bench: burst id=0x300 n=500 len=8 fd=0 brs=0 ext=0 -> sent=500 failed=0 231810 us drained=1 TEC=0 REC=0 fifo_flags=0x0
13:12:05 bench: burst id=0x300 n=500 len=8 fd=0 brs=0 ext=0 -> sent=500 failed=0 231805 us drained=1 TEC=0 REC=0 fifo_flags=0x0
13:12:05 bench: burst id=0x300 n=500 len=8 fd=0 brs=0 ext=0 -> sent=500 failed=0 231794 us drained=1 TEC=0 REC=0 fifo_flags=0x0
13:12:05 bench: burst id=0x300 n=500 len=8 fd=0 brs=0 ext=0 -> sent=500 failed=0 231752 us drained=1 TEC=0 REC=0 fifo_flags=0x0
13:12:06 bench: burst id=0x300 n=500 len=8 fd=0 brs=0 ext=0 -> sent=500 failed=0 231807 us drained=1 TEC=0 REC=0 fifo_flags=0x0
13:12:06 bench: burst id=0x300 n=500 len=8 fd=0 brs=0 ext=0 -> sent=500 failed=0 231841 us drained=1 TEC=0 REC=0 fifo_flags=0x0
13:12:06 bench: burst id=0x300 n=500 len=8 fd=0 brs=0 ext=0 -> sent=500 failed=0 231841 us drained=1 TEC=0 REC=0 fifo_flags=0x0
13:12:06 bench: burst id=0x300 n=500 len=8 fd=0 brs=0 ext=0 -> sent=500 failed=0 231689 us drained=1 TEC=0 REC=0 fifo_flags=0x0
13:12:07 bench: burst id=0x300 n=500 len=8 fd=0 brs=0 ext=0 -> sent=500 failed=0 231720 us drained=1 TEC=0 REC=0 fifo_flags=0x0
13:12:07 bench: burst id=0x300 n=500 len=8 fd=0 brs=0 ext=0 -> sent=500 failed=0 231757 us drained=1 TEC=0 REC=0 fifo_flags=0x0
13:12:07 bench: burst id=0x300 n=500 len=8 fd=0 brs=0 ext=0 -> sent=500 failed=0 231763 us drained=1 TEC=0 REC=0 fifo_flags=0x0
13:12:07 bench: burst id=0x300 n=500 len=8 fd=0 brs=0 ext=0 -> sent=500 failed=0 231647 us drained=1 TEC=0 REC=0 fifo_flags=0x0
13:12:08 bench: burst id=0x300 n=500 len=8 fd=0 brs=0 ext=0 -> sent=500 failed=0 231683 us drained=1 TEC=0 REC=0 fifo_flags=0x0
13:12:08 bench: burst id=0x300 n=500 len=8 fd=0 brs=0 ext=0 -> sent=500 failed=0 231730 us drained=1 TEC=0 REC=0 fifo_flags=0x0
13:12:08 bench: burst id=0x300 n=500 len=8 fd=0 brs=0 ext=0 -> sent=500 failed=0 231679 us drained=1 TEC=0 REC=0 fifo_flags=0x0
13:12:08 bench: burst id=0x300 n=500 len=8 fd=0 brs=0 ext=0 -> sent=500 failed=0 231657 us drained=1 TEC=0 REC=0 fifo_flags=0x0
13:12:08 bench: burst id=0x300 n=500 len=8 fd=0 brs=0 ext=0 -> sent=500 failed=0 231704 us drained=1 TEC=0 REC=0 fifo_flags=0x0
13:12:09 bench: burst id=0x300 n=500 len=8 fd=0 brs=0 ext=0 -> sent=500 failed=0 231716 us drained=1 TEC=0 REC=0 fifo_flags=0x0
13:12:09 bench: burst id=0x300 n=500 len=8 fd=0 brs=0 ext=0 -> sent=500 failed=0 231431 us drained=1 TEC=0 REC=0 fifo_flags=0x0
13:12:09 bench: burst id=0x300 n=500 len=8 fd=0 brs=0 ext=0 -> sent=500 failed=0 231929 us drained=1 TEC=0 REC=0 fifo_flags=0x0
13:12:09 bench: burst id=0x300 n=500 len=8 fd=0 brs=0 ext=0 -> sent=500 failed=0 231679 us drained=1 TEC=0 REC=0 fifo_flags=0x0
13:12:10 bench: burst id=0x300 n=500 len=8 fd=0 brs=0 ext=0 -> sent=500 failed=0 231774 us drained=1 TEC=0 REC=0 fifo_flags=0x0
13:12:10 bench: burst id=0x300 n=500 len=8 fd=0 brs=0 ext=0 -> sent=500 failed=0 231695 us drained=1 TEC=0 REC=0 fifo_flags=0x0
13:12:10 bench: burst id=0x300 n=500 len=8 fd=0 brs=0 ext=0 -> sent=500 failed=0 231691 us drained=1 TEC=0 REC=0 fifo_flags=0x0
13:12:10 bench: burst id=0x300 n=500 len=8 fd=0 brs=0 ext=0 -> sent=500 failed=0 231666 us drained=1 TEC=0 REC=0 fifo_flags=0x0
13:12:11 bench: burst id=0x300 n=500 len=8 fd=0 brs=0 ext=0 -> sent=500 failed=0 231783 us drained=1 TEC=0 REC=0 fifo_flags=0x0
13:12:11 bench: burst id=0x300 n=500 len=8 fd=0 brs=0 ext=0 -> sent=500 failed=0 231762 us drained=1 TEC=0 REC=0 fifo_flags=0x0
13:12:11 bench: burst id=0x300 n=500 len=8 fd=0 brs=0 ext=0 -> sent=500 failed=0 231614 us drained=1 TEC=0 REC=0 fifo_flags=0x0
13:12:11 bench: burst id=0x300 n=500 len=8 fd=0 brs=0 ext=0 -> sent=500 failed=0 231668 us drained=1 TEC=0 REC=0 fifo_flags=0x0
13:12:12 bench: burst id=0x300 n=500 len=8 fd=0 brs=0 ext=0 -> sent=500 failed=0 231709 us drained=1 TEC=0 REC=0 fifo_flags=0x0
13:12:12 bench: burst id=0x300 n=500 len=8 fd=0 brs=0 ext=0 -> sent=500 failed=0 231782 us drained=1 TEC=0 REC=0 fifo_flags=0x0
13:12:12 bench: burst id=0x300 n=500 len=8 fd=0 brs=0 ext=0 -> sent=500 failed=0 231628 us drained=1 TEC=0 REC=0 fifo_flags=0x0
13:12:13 bench: burst id=0x300 n=500 len=8 fd=0 brs=0 ext=0 -> sent=500 failed=0 231681 us drained=1 TEC=0 REC=0 fifo_flags=0x0
13:12:13 bench: burst id=0x300 n=500 len=8 fd=0 brs=0 ext=0 -> sent=500 failed=0 231746 us drained=1 TEC=0 REC=0 fifo_flags=0x0
13:12:13 bench: burst id=0x300 n=500 len=8 fd=0 brs=0 ext=0 -> sent=500 failed=0 231719 us drained=1 TEC=0 REC=0 fifo_flags=0x0
13:12:13 bench: burst id=0x300 n=500 len=8 fd=0 brs=0 ext=0 -> sent=500 failed=0 231775 us drained=1 TEC=0 REC=0 fifo_flags=0x0
13:12:14 bench: burst id=0x300 n=500 len=8 fd=0 brs=0 ext=0 -> sent=500 failed=0 231640 us drained=1 TEC=0 REC=0 fifo_flags=0x0
13:12:14 bench: burst id=0x300 n=500 len=8 fd=0 brs=0 ext=0 -> sent=500 failed=0 231747 us drained=1 TEC=0 REC=0 fifo_flags=0x0
13:12:14 bench: burst id=0x300 n=500 len=8 fd=0 brs=0 ext=0 -> sent=500 failed=0 231799 us drained=1 TEC=0 REC=0 fifo_flags=0x0
13:12:14 bench: burst id=0x300 n=500 len=8 fd=0 brs=0 ext=0 -> sent=500 failed=0 231712 us drained=1 TEC=0 REC=0 fifo_flags=0x0
13:12:14 bench: burst id=0x300 n=500 len=8 fd=0 brs=0 ext=0 -> sent=500 failed=0 231642 us drained=1 TEC=0 REC=0 fifo_flags=0x0
13:12:15 bench: burst id=0x300 n=500 len=8 fd=0 brs=0 ext=0 -> sent=500 failed=0 231673 us drained=1 TEC=0 REC=0 fifo_flags=0x0
13:12:15 bench: burst id=0x300 n=500 len=8 fd=0 brs=0 ext=0 -> sent=500 failed=0 231759 us drained=1 TEC=0 REC=0 fifo_flags=0x0
13:12:15 bench: burst id=0x300 n=500 len=8 fd=0 brs=0 ext=0 -> sent=500 failed=0 231640 us drained=1 TEC=0 REC=0 fifo_flags=0x0
13:12:15 bench: burst id=0x300 n=500 len=8 fd=0 brs=0 ext=0 -> sent=500 failed=0 231712 us drained=1 TEC=0 REC=0 fifo_flags=0x0
13:12:16 bench: burst id=0x300 n=500 len=8 fd=0 brs=0 ext=0 -> sent=500 failed=0 231709 us drained=1 TEC=0 REC=0 fifo_flags=0x0
13:12:16 bench: burst id=0x300 n=500 len=8 fd=0 brs=0 ext=0 -> sent=500 failed=0 231798 us drained=1 TEC=0 REC=0 fifo_flags=0x0
13:12:16 bench: burst id=0x300 n=500 len=8 fd=0 brs=0 ext=0 -> sent=500 failed=0 231829 us drained=1 TEC=0 REC=0 fifo_flags=0x0
13:12:16 bench: burst id=0x300 n=500 len=8 fd=0 brs=0 ext=0 -> sent=500 failed=0 231738 us drained=1 TEC=0 REC=0 fifo_flags=0x0
13:12:17 bench: burst id=0x300 n=500 len=8 fd=0 brs=0 ext=0 -> sent=500 failed=0 231751 us drained=1 TEC=0 REC=0 fifo_flags=0x0
13:12:17 bench: burst id=0x300 n=500 len=8 fd=0 brs=0 ext=0 -> sent=500 failed=0 231767 us drained=1 TEC=0 REC=0 fifo_flags=0x0
13:12:17 bench: burst id=0x300 n=500 len=8 fd=0 brs=0 ext=0 -> sent=500 failed=0 231637 us drained=1 TEC=0 REC=0 fifo_flags=0x0
13:12:17 bench: burst id=0x300 n=500 len=8 fd=0 brs=0 ext=0 -> sent=500 failed=0 231630 us drained=1 TEC=0 REC=0 fifo_flags=0x0
13:12:18 bench: burst id=0x300 n=500 len=8 fd=0 brs=0 ext=0 -> sent=500 failed=0 231677 us drained=1 TEC=0 REC=0 fifo_flags=0x0
13:12:18 bench: burst id=0x300 n=500 len=8 fd=0 brs=0 ext=0 -> sent=500 failed=0 231658 us drained=1 TEC=0 REC=0 fifo_flags=0x0
13:12:18 bench: burst id=0x300 n=500 len=8 fd=0 brs=0 ext=0 -> sent=500 failed=0 231572 us drained=1 TEC=0 REC=0 fifo_flags=0x0
13:12:18 bench: burst id=0x300 n=500 len=8 fd=0 brs=0 ext=0 -> sent=500 failed=0 231701 us drained=1 TEC=0 REC=0 fifo_flags=0x0
13:12:19 bench: burst id=0x300 n=500 len=8 fd=0 brs=0 ext=0 -> sent=500 failed=0 231744 us drained=1 TEC=0 REC=0 fifo_flags=0x0
13:12:19 bench: burst id=0x300 n=500 len=8 fd=0 brs=0 ext=0 -> sent=500 failed=0 231730 us drained=1 TEC=0 REC=0 fifo_flags=0x0
13:12:19 bench: burst id=0x300 n=500 len=8 fd=0 brs=0 ext=0 -> sent=500 failed=0 231754 us drained=1 TEC=0 REC=0 fifo_flags=0x0
13:12:19 bench: burst id=0x300 n=500 len=8 fd=0 brs=0 ext=0 -> sent=500 failed=0 231656 us drained=1 TEC=0 REC=0 fifo_flags=0x0
13:12:20 bench: burst id=0x300 n=500 len=8 fd=0 brs=0 ext=0 -> sent=500 failed=0 231711 us drained=1 TEC=0 REC=0 fifo_flags=0x0
13:12:20 bench: burst id=0x300 n=500 len=8 fd=0 brs=0 ext=0 -> sent=500 failed=0 231635 us drained=1 TEC=0 REC=0 fifo_flags=0x0
13:12:20 bench: burst id=0x300 n=500 len=8 fd=0 brs=0 ext=0 -> sent=500 failed=0 231679 us drained=1 TEC=0 REC=0 fifo_flags=0x0
13:12:20 bench: burst id=0x300 n=500 len=8 fd=0 brs=0 ext=0 -> sent=500 failed=0 231589 us drained=1 TEC=0 REC=0 fifo_flags=0x0
13:12:21 bench: burst id=0x300 n=500 len=8 fd=0 brs=0 ext=0 -> sent=500 failed=0 231682 us drained=1 TEC=0 REC=0 fifo_flags=0x0
13:12:21 bench: burst id=0x300 n=500 len=8 fd=0 brs=0 ext=0 -> sent=500 failed=0 231633 us drained=1 TEC=0 REC=0 fifo_flags=0x0
13:12:21 bench: burst id=0x300 n=500 len=8 fd=0 brs=0 ext=0 -> sent=500 failed=0 231612 us drained=1 TEC=0 REC=0 fifo_flags=0x0
13:12:21 bench: burst id=0x300 n=500 len=8 fd=0 brs=0 ext=0 -> sent=500 failed=0 231584 us drained=1 TEC=0 REC=0 fifo_flags=0x0
13:12:21 bench: burst id=0x300 n=500 len=8 fd=0 brs=0 ext=0 -> sent=500 failed=0 231575 us drained=1 TEC=0 REC=0 fifo_flags=0x0
13:12:22 bench: burst id=0x300 n=500 len=8 fd=0 brs=0 ext=0 -> sent=500 failed=0 231631 us drained=1 TEC=0 REC=0 fifo_flags=0x0
13:12:22 bench: burst id=0x300 n=500 len=8 fd=0 brs=0 ext=0 -> sent=500 failed=0 231623 us drained=1 TEC=0 REC=0 fifo_flags=0x0
13:12:22 bench: burst id=0x300 n=500 len=8 fd=0 brs=0 ext=0 -> sent=500 failed=0 231568 us drained=1 TEC=0 REC=0 fifo_flags=0x0
13:12:22 bench: burst id=0x300 n=500 len=8 fd=0 brs=0 ext=0 -> sent=500 failed=0 231644 us drained=1 TEC=0 REC=0 fifo_flags=0x0
13:12:23 bench: burst id=0x300 n=500 len=8 fd=0 brs=0 ext=0 -> sent=500 failed=0 231650 us drained=1 TEC=0 REC=0 fifo_flags=0x0
13:12:23 bench: burst id=0x300 n=500 len=8 fd=0 brs=0 ext=0 -> sent=500 failed=0 231592 us drained=1 TEC=0 REC=0 fifo_flags=0x0
13:12:23 bench: burst id=0x300 n=500 len=8 fd=0 brs=0 ext=0 -> sent=500 failed=0 231593 us drained=1 TEC=0 REC=0 fifo_flags=0x0
13:12:23 bench: burst id=0x300 n=500 len=8 fd=0 brs=0 ext=0 -> sent=500 failed=0 231745 us drained=1 TEC=0 REC=0 fifo_flags=0x0
13:12:24 bench: burst id=0x300 n=500 len=8 fd=0 brs=0 ext=0 -> sent=500 failed=0 231837 us drained=1 TEC=0 REC=0 fifo_flags=0x0
13:12:24 bench: burst id=0x300 n=500 len=8 fd=0 brs=0 ext=0 -> sent=500 failed=0 231528 us drained=1 TEC=0 REC=0 fifo_flags=0x0
13:12:24 bench: burst id=0x300 n=500 len=8 fd=0 brs=0 ext=0 -> sent=500 failed=0 231669 us drained=1 TEC=0 REC=0 fifo_flags=0x0
13:12:24 bench: burst id=0x300 n=500 len=8 fd=0 brs=0 ext=0 -> sent=500 failed=0 231703 us drained=1 TEC=0 REC=0 fifo_flags=0x0
13:12:25 bench: burst id=0x300 n=500 len=8 fd=0 brs=0 ext=0 -> sent=500 failed=0 231640 us drained=1 TEC=0 REC=0 fifo_flags=0x0
13:12:25 bench: burst id=0x300 n=500 len=8 fd=0 brs=0 ext=0 -> sent=500 failed=0 231620 us drained=1 TEC=0 REC=0 fifo_flags=0x0
13:12:25 bench: burst id=0x300 n=500 len=8 fd=0 brs=0 ext=0 -> sent=500 failed=0 231627 us drained=1 TEC=0 REC=0 fifo_flags=0x0
13:12:26 bench: burst id=0x300 n=500 len=8 fd=0 brs=0 ext=0 -> sent=500 failed=0 231621 us drained=1 TEC=0 REC=0 fifo_flags=0x0
13:12:26 bench: burst id=0x300 n=500 len=8 fd=0 brs=0 ext=0 -> sent=500 failed=0 231721 us drained=1 TEC=0 REC=0 fifo_flags=0x0
13:12:26 bench: burst id=0x300 n=500 len=8 fd=0 brs=0 ext=0 -> sent=500 failed=0 231726 us drained=1 TEC=0 REC=0 fifo_flags=0x0
13:12:26 bench: burst id=0x300 n=500 len=8 fd=0 brs=0 ext=0 -> sent=500 failed=0 231684 us drained=1 TEC=0 REC=0 fifo_flags=0x0
13:12:27 bench: burst id=0x300 n=500 len=8 fd=0 brs=0 ext=0 -> sent=500 failed=0 231711 us drained=1 TEC=0 REC=0 fifo_flags=0x0
13:12:27 bench: burst id=0x300 n=500 len=8 fd=0 brs=0 ext=0 -> sent=500 failed=0 231736 us drained=1 TEC=0 REC=0 fifo_flags=0x0
13:12:27 bench: burst id=0x300 n=500 len=8 fd=0 brs=0 ext=0 -> sent=500 failed=0 231709 us drained=1 TEC=0 REC=0 fifo_flags=0x0
13:12:27 bench: burst id=0x300 n=500 len=8 fd=0 brs=0 ext=0 -> sent=500 failed=0 231729 us drained=1 TEC=0 REC=0 fifo_flags=0x0
13:12:27 bench: burst id=0x300 n=500 len=8 fd=0 brs=0 ext=0 -> sent=500 failed=0 231674 us drained=1 TEC=0 REC=0 fifo_flags=0x0
13:12:28 bench: burst id=0x300 n=500 len=8 fd=0 brs=0 ext=0 -> sent=500 failed=0 231877 us drained=1 TEC=0 REC=0 fifo_flags=0x0
13:12:28 bench: burst id=0x300 n=500 len=8 fd=0 brs=0 ext=0 -> sent=500 failed=0 231969 us drained=1 TEC=0 REC=0 fifo_flags=0x0
13:12:28 bench: burst id=0x300 n=500 len=8 fd=0 brs=0 ext=0 -> sent=500 failed=0 231679 us drained=1 TEC=0 REC=0 fifo_flags=0x0
13:12:28 bench: burst id=0x300 n=500 len=8 fd=0 brs=0 ext=0 -> sent=500 failed=0 231664 us drained=1 TEC=0 REC=0 fifo_flags=0x0
13:12:29 bench: burst id=0x300 n=500 len=8 fd=0 brs=0 ext=0 -> sent=500 failed=0 231761 us drained=1 TEC=0 REC=0 fifo_flags=0x0
13:12:29 bench: burst id=0x300 n=500 len=8 fd=0 brs=0 ext=0 -> sent=500 failed=0 231726 us drained=1 TEC=0 REC=0 fifo_flags=0x0
13:12:29 bench: burst id=0x300 n=500 len=8 fd=0 brs=0 ext=0 -> sent=500 failed=0 231649 us drained=1 TEC=0 REC=0 fifo_flags=0x0
13:12:29 bench: burst id=0x300 n=500 len=8 fd=0 brs=0 ext=0 -> sent=500 failed=0 231623 us drained=1 TEC=0 REC=0 fifo_flags=0x0
13:12:30 bench: burst id=0x300 n=500 len=8 fd=0 brs=0 ext=0 -> sent=500 failed=0 231639 us drained=1 TEC=0 REC=0 fifo_flags=0x0
13:12:30 bench: burst id=0x300 n=500 len=8 fd=0 brs=0 ext=0 -> sent=500 failed=0 231631 us drained=1 TEC=0 REC=0 fifo_flags=0x0
13:12:30 bench: burst id=0x300 n=500 len=8 fd=0 brs=0 ext=0 -> sent=500 failed=0 231686 us drained=1 TEC=0 REC=0 fifo_flags=0x0
13:12:30 bench: burst id=0x300 n=500 len=8 fd=0 brs=0 ext=0 -> sent=500 failed=0 231671 us drained=1 TEC=0 REC=0 fifo_flags=0x0
13:12:31 bench: burst id=0x300 n=500 len=8 fd=0 brs=0 ext=0 -> sent=500 failed=0 231673 us drained=1 TEC=0 REC=0 fifo_flags=0x0
13:12:31 bench: burst id=0x300 n=500 len=8 fd=0 brs=0 ext=0 -> sent=500 failed=0 231695 us drained=1 TEC=0 REC=0 fifo_flags=0x0
13:12:31 bench: burst id=0x300 n=500 len=8 fd=0 brs=0 ext=0 -> sent=500 failed=0 231693 us drained=1 TEC=0 REC=0 fifo_flags=0x0
13:12:31 bench: burst id=0x300 n=500 len=8 fd=0 brs=0 ext=0 -> sent=500 failed=0 231676 us drained=1 TEC=0 REC=0 fifo_flags=0x0
13:12:32 bench: burst id=0x300 n=500 len=8 fd=0 brs=0 ext=0 -> sent=500 failed=0 231754 us drained=1 TEC=0 REC=0 fifo_flags=0x0
13:12:32 bench: burst id=0x300 n=500 len=8 fd=0 brs=0 ext=0 -> sent=500 failed=0 231713 us drained=1 TEC=0 REC=0 fifo_flags=0x0
13:12:32 bench: burst id=0x300 n=500 len=8 fd=0 brs=0 ext=0 -> sent=500 failed=0 231704 us drained=1 TEC=0 REC=0 fifo_flags=0x0
13:12:32 bench: burst id=0x300 n=500 len=8 fd=0 brs=0 ext=0 -> sent=500 failed=0 231533 us drained=1 TEC=0 REC=0 fifo_flags=0x0
13:12:33 bench: burst id=0x300 n=500 len=8 fd=0 brs=0 ext=0 -> sent=500 failed=0 231522 us drained=1 TEC=0 REC=0 fifo_flags=0x0
13:12:33 bench: burst id=0x300 n=500 len=8 fd=0 brs=0 ext=0 -> sent=500 failed=0 231679 us drained=1 TEC=0 REC=0 fifo_flags=0x0
13:12:33 bench: burst id=0x300 n=500 len=8 fd=0 brs=0 ext=0 -> sent=500 failed=0 231611 us drained=1 TEC=0 REC=0 fifo_flags=0x0
13:12:33 bench: burst id=0x300 n=500 len=8 fd=0 brs=0 ext=0 -> sent=500 failed=0 231584 us drained=1 TEC=0 REC=0 fifo_flags=0x0
13:12:34 bench: burst id=0x300 n=500 len=8 fd=0 brs=0 ext=0 -> sent=500 failed=0 231675 us drained=1 TEC=0 REC=0 fifo_flags=0x0
13:12:34 bench: burst id=0x300 n=500 len=8 fd=0 brs=0 ext=0 -> sent=500 failed=0 231644 us drained=1 TEC=0 REC=0 fifo_flags=0x0
13:12:34 bench: burst id=0x300 n=500 len=8 fd=0 brs=0 ext=0 -> sent=500 failed=0 231670 us drained=1 TEC=0 REC=0 fifo_flags=0x0
13:12:34 bench: burst id=0x300 n=500 len=8 fd=0 brs=0 ext=0 -> sent=500 failed=0 231633 us drained=1 TEC=0 REC=0 fifo_flags=0x0
13:12:35 bench: burst id=0x300 n=500 len=8 fd=0 brs=0 ext=0 -> sent=500 failed=0 231630 us drained=1 TEC=0 REC=0 fifo_flags=0x0
13:12:35 bench: burst id=0x300 n=500 len=8 fd=0 brs=0 ext=0 -> sent=500 failed=0 231624 us drained=1 TEC=0 REC=0 fifo_flags=0x0
13:12:35 bench: burst id=0x300 n=500 len=8 fd=0 brs=0 ext=0 -> sent=500 failed=0 231580 us drained=1 TEC=0 REC=0 fifo_flags=0x0
13:12:35 bench: burst id=0x300 n=500 len=8 fd=0 brs=0 ext=0 -> sent=500 failed=0 231519 us drained=1 TEC=0 REC=0 fifo_flags=0x0
13:12:35 bench: burst id=0x300 n=500 len=8 fd=0 brs=0 ext=0 -> sent=500 failed=0 231685 us drained=1 TEC=0 REC=0 fifo_flags=0x0
13:12:36 bench: burst id=0x300 n=500 len=8 fd=0 brs=0 ext=0 -> sent=500 failed=0 231726 us drained=1 TEC=0 REC=0 fifo_flags=0x0
13:12:36 bench: burst id=0x300 n=500 len=8 fd=0 brs=0 ext=0 -> sent=500 failed=0 231984 us drained=1 TEC=0 REC=0 fifo_flags=0x0
13:12:36 bench: burst id=0x300 n=500 len=8 fd=0 brs=0 ext=0 -> sent=500 failed=0 231706 us drained=1 TEC=0 REC=0 fifo_flags=0x0
13:12:36 bench: burst id=0x300 n=500 len=8 fd=0 brs=0 ext=0 -> sent=500 failed=0 231781 us drained=1 TEC=0 REC=0 fifo_flags=0x0
13:12:37 bench: burst id=0x300 n=500 len=8 fd=0 brs=0 ext=0 -> sent=500 failed=0 231741 us drained=1 TEC=0 REC=0 fifo_flags=0x0
13:12:37 bench: burst id=0x300 n=500 len=8 fd=0 brs=0 ext=0 -> sent=500 failed=0 231715 us drained=1 TEC=0 REC=0 fifo_flags=0x0
13:12:37 bench: burst id=0x300 n=500 len=8 fd=0 brs=0 ext=0 -> sent=500 failed=0 231582 us drained=1 TEC=0 REC=0 fifo_flags=0x0
13:12:37 bench: burst id=0x300 n=500 len=8 fd=0 brs=0 ext=0 -> sent=500 failed=0 231739 us drained=1 TEC=0 REC=0 fifo_flags=0x0
13:12:38 bench: burst id=0x300 n=500 len=8 fd=0 brs=0 ext=0 -> sent=500 failed=0 231811 us drained=1 TEC=0 REC=0 fifo_flags=0x0
13:12:38 bench: burst id=0x300 n=500 len=8 fd=0 brs=0 ext=0 -> sent=500 failed=0 231852 us drained=1 TEC=0 REC=0 fifo_flags=0x0
13:12:38 bench: burst id=0x300 n=500 len=8 fd=0 brs=0 ext=0 -> sent=500 failed=0 231743 us drained=1 TEC=0 REC=0 fifo_flags=0x0
13:12:38 bench: burst id=0x300 n=500 len=8 fd=0 brs=0 ext=0 -> sent=500 failed=0 231779 us drained=1 TEC=0 REC=0 fifo_flags=0x0
13:12:39 bench: burst id=0x300 n=500 len=8 fd=0 brs=0 ext=0 -> sent=500 failed=0 231798 us drained=1 TEC=0 REC=0 fifo_flags=0x0
13:12:39 bench: burst id=0x300 n=500 len=8 fd=0 brs=0 ext=0 -> sent=500 failed=0 231496 us drained=1 TEC=0 REC=0 fifo_flags=0x0
13:12:39 bench: burst id=0x300 n=500 len=8 fd=0 brs=0 ext=0 -> sent=500 failed=0 231732 us drained=1 TEC=0 REC=0 fifo_flags=0x0
13:12:40 bench: burst id=0x300 n=500 len=8 fd=0 brs=0 ext=0 -> sent=500 failed=0 231693 us drained=1 TEC=0 REC=0 fifo_flags=0x0
13:12:40 bench: burst id=0x300 n=500 len=8 fd=0 brs=0 ext=0 -> sent=500 failed=0 231814 us drained=1 TEC=0 REC=0 fifo_flags=0x0
13:12:40 bench: burst id=0x300 n=500 len=8 fd=0 brs=0 ext=0 -> sent=500 failed=0 231825 us drained=1 TEC=0 REC=0 fifo_flags=0x0
13:12:40 bench: burst id=0x300 n=500 len=8 fd=0 brs=0 ext=0 -> sent=500 failed=0 231827 us drained=1 TEC=0 REC=0 fifo_flags=0x0
13:12:41 bench: burst id=0x300 n=500 len=8 fd=0 brs=0 ext=0 -> sent=500 failed=0 231801 us drained=1 TEC=0 REC=0 fifo_flags=0x0
13:12:41 bench: burst id=0x300 n=500 len=8 fd=0 brs=0 ext=0 -> sent=500 failed=0 231869 us drained=1 TEC=0 REC=0 fifo_flags=0x0
13:12:41 bench: burst id=0x300 n=500 len=8 fd=0 brs=0 ext=0 -> sent=500 failed=0 231828 us drained=1 TEC=0 REC=0 fifo_flags=0x0
13:12:41 bench: burst id=0x300 n=500 len=8 fd=0 brs=0 ext=0 -> sent=500 failed=0 231804 us drained=1 TEC=0 REC=0 fifo_flags=0x0
13:12:41 bench: burst id=0x300 n=500 len=8 fd=0 brs=0 ext=0 -> sent=500 failed=0 231789 us drained=1 TEC=0 REC=0 fifo_flags=0x0
13:12:42 bench: burst id=0x300 n=500 len=8 fd=0 brs=0 ext=0 -> sent=500 failed=0 231797 us drained=1 TEC=0 REC=0 fifo_flags=0x0
13:12:42 bench: burst id=0x300 n=500 len=8 fd=0 brs=0 ext=0 -> sent=500 failed=0 231802 us drained=1 TEC=0 REC=0 fifo_flags=0x0
13:12:42 bench: burst id=0x300 n=500 len=8 fd=0 brs=0 ext=0 -> sent=500 failed=0 231724 us drained=1 TEC=0 REC=0 fifo_flags=0x0
13:12:42 bench: burst id=0x300 n=500 len=8 fd=0 brs=0 ext=0 -> sent=500 failed=0 231714 us drained=1 TEC=0 REC=0 fifo_flags=0x0
13:12:43 bench: burst id=0x300 n=500 len=8 fd=0 brs=0 ext=0 -> sent=500 failed=0 231797 us drained=1 TEC=0 REC=0 fifo_flags=0x0
13:12:43 bench: burst id=0x300 n=500 len=8 fd=0 brs=0 ext=0 -> sent=500 failed=0 231691 us drained=1 TEC=0 REC=0 fifo_flags=0x0
13:12:43 bench: burst id=0x300 n=500 len=8 fd=0 brs=0 ext=0 -> sent=500 failed=0 231664 us drained=1 TEC=0 REC=0 fifo_flags=0x0
13:12:43 bench: burst id=0x300 n=500 len=8 fd=0 brs=0 ext=0 -> sent=500 failed=0 231689 us drained=1 TEC=0 REC=0 fifo_flags=0x0
13:12:44 bench: burst id=0x300 n=500 len=8 fd=0 brs=0 ext=0 -> sent=500 failed=0 231674 us drained=1 TEC=0 REC=0 fifo_flags=0x0
13:12:44 bench: burst id=0x300 n=500 len=8 fd=0 brs=0 ext=0 -> sent=500 failed=0 231662 us drained=1 TEC=0 REC=0 fifo_flags=0x0
13:12:44 bench: burst id=0x300 n=500 len=8 fd=0 brs=0 ext=0 -> sent=500 failed=0 231742 us drained=1 TEC=0 REC=0 fifo_flags=0x0
13:12:44 bench: burst id=0x300 n=500 len=8 fd=0 brs=0 ext=0 -> sent=500 failed=0 231740 us drained=1 TEC=0 REC=0 fifo_flags=0x0
13:12:45 bench: burst id=0x300 n=500 len=8 fd=0 brs=0 ext=0 -> sent=500 failed=0 231735 us drained=1 TEC=0 REC=0 fifo_flags=0x0
13:12:45 bench: burst id=0x300 n=500 len=8 fd=0 brs=0 ext=0 -> sent=500 failed=0 231738 us drained=1 TEC=0 REC=0 fifo_flags=0x0
13:12:45 bench: burst id=0x300 n=500 len=8 fd=0 brs=0 ext=0 -> sent=500 failed=0 231764 us drained=1 TEC=0 REC=0 fifo_flags=0x0
13:12:45 bench: burst id=0x300 n=500 len=8 fd=0 brs=0 ext=0 -> sent=500 failed=0 231719 us drained=1 TEC=0 REC=0 fifo_flags=0x0
13:12:46 bench: burst id=0x300 n=500 len=8 fd=0 brs=0 ext=0 -> sent=500 failed=0 231745 us drained=1 TEC=0 REC=0 fifo_flags=0x0
13:12:46 bench: burst id=0x300 n=500 len=8 fd=0 brs=0 ext=0 -> sent=500 failed=0 231709 us drained=1 TEC=0 REC=0 fifo_flags=0x0
13:12:46 bench: burst id=0x300 n=500 len=8 fd=0 brs=0 ext=0 -> sent=500 failed=0 231641 us drained=1 TEC=0 REC=0 fifo_flags=0x0
13:12:46 bench: burst id=0x300 n=500 len=8 fd=0 brs=0 ext=0 -> sent=500 failed=0 231696 us drained=1 TEC=0 REC=0 fifo_flags=0x0
13:12:47 bench: burst id=0x300 n=500 len=8 fd=0 brs=0 ext=0 -> sent=500 failed=0 231820 us drained=1 TEC=0 REC=0 fifo_flags=0x0
13:12:47 bench: burst id=0x300 n=500 len=8 fd=0 brs=0 ext=0 -> sent=500 failed=0 231775 us drained=1 TEC=0 REC=0 fifo_flags=0x0
13:12:47 bench: burst id=0x300 n=500 len=8 fd=0 brs=0 ext=0 -> sent=500 failed=0 231848 us drained=1 TEC=0 REC=0 fifo_flags=0x0
13:12:47 bench: burst id=0x300 n=500 len=8 fd=0 brs=0 ext=0 -> sent=500 failed=0 231760 us drained=1 TEC=0 REC=0 fifo_flags=0x0
13:12:48 bench: burst id=0x300 n=500 len=8 fd=0 brs=0 ext=0 -> sent=500 failed=0 231789 us drained=1 TEC=0 REC=0 fifo_flags=0x0
13:12:48 bench: burst id=0x300 n=500 len=8 fd=0 brs=0 ext=0 -> sent=500 failed=0 231882 us drained=1 TEC=0 REC=0 fifo_flags=0x0
13:12:48 bench: burst id=0x300 n=500 len=8 fd=0 brs=0 ext=0 -> sent=500 failed=0 231819 us drained=1 TEC=0 REC=0 fifo_flags=0x0
13:12:48 bench: burst id=0x300 n=500 len=8 fd=0 brs=0 ext=0 -> sent=500 failed=0 231801 us drained=1 TEC=0 REC=0 fifo_flags=0x0
13:12:48 bench: burst id=0x300 n=500 len=8 fd=0 brs=0 ext=0 -> sent=500 failed=0 231824 us drained=1 TEC=0 REC=0 fifo_flags=0x0
13:12:49 bench: burst id=0x300 n=500 len=8 fd=0 brs=0 ext=0 -> sent=500 failed=0 231846 us drained=1 TEC=0 REC=0 fifo_flags=0x0
13:12:49 bench: burst id=0x300 n=500 len=8 fd=0 brs=0 ext=0 -> sent=500 failed=0 231729 us drained=1 TEC=0 REC=0 fifo_flags=0x0
13:12:49 bench: burst id=0x300 n=500 len=8 fd=0 brs=0 ext=0 -> sent=500 failed=0 231780 us drained=1 TEC=0 REC=0 fifo_flags=0x0
13:12:49 bench: burst id=0x300 n=500 len=8 fd=0 brs=0 ext=0 -> sent=500 failed=0 231778 us drained=1 TEC=0 REC=0 fifo_flags=0x0
13:12:50 bench: burst id=0x300 n=500 len=8 fd=0 brs=0 ext=0 -> sent=500 failed=0 231773 us drained=1 TEC=0 REC=0 fifo_flags=0x0
13:12:50 bench: burst id=0x300 n=500 len=8 fd=0 brs=0 ext=0 -> sent=500 failed=0 231774 us drained=1 TEC=0 REC=0 fifo_flags=0x0
13:12:50 bench: burst id=0x300 n=500 len=8 fd=0 brs=0 ext=0 -> sent=500 failed=0 231733 us drained=1 TEC=0 REC=0 fifo_flags=0x0
13:12:50 bench: burst id=0x300 n=500 len=8 fd=0 brs=0 ext=0 -> sent=500 failed=0 231743 us drained=1 TEC=0 REC=0 fifo_flags=0x0
13:12:51 bench: burst id=0x300 n=500 len=8 fd=0 brs=0 ext=0 -> sent=500 failed=0 231760 us drained=1 TEC=0 REC=0 fifo_flags=0x0
13:12:51 bench: burst id=0x300 n=500 len=8 fd=0 brs=0 ext=0 -> sent=500 failed=0 231832 us drained=1 TEC=0 REC=0 fifo_flags=0x0
13:12:51 bench: burst id=0x300 n=500 len=8 fd=0 brs=0 ext=0 -> sent=500 failed=0 231782 us drained=1 TEC=0 REC=0 fifo_flags=0x0
13:12:52 bench: burst id=0x300 n=500 len=8 fd=0 brs=0 ext=0 -> sent=500 failed=0 231825 us drained=1 TEC=0 REC=0 fifo_flags=0x0
13:12:52 bench: burst id=0x300 n=500 len=8 fd=0 brs=0 ext=0 -> sent=500 failed=0 231825 us drained=1 TEC=0 REC=0 fifo_flags=0x0
13:12:52 bench: burst id=0x300 n=500 len=8 fd=0 brs=0 ext=0 -> sent=500 failed=0 231885 us drained=1 TEC=0 REC=0 fifo_flags=0x0
13:12:52 bench: burst id=0x300 n=500 len=8 fd=0 brs=0 ext=0 -> sent=500 failed=0 231744 us drained=1 TEC=0 REC=0 fifo_flags=0x0
13:12:53 bench: burst id=0x300 n=500 len=8 fd=0 brs=0 ext=0 -> sent=500 failed=0 231850 us drained=1 TEC=0 REC=0 fifo_flags=0x0
13:12:53 bench: burst id=0x300 n=500 len=8 fd=0 brs=0 ext=0 -> sent=500 failed=0 231784 us drained=1 TEC=0 REC=0 fifo_flags=0x0
13:12:53 bench: burst id=0x300 n=500 len=8 fd=0 brs=0 ext=0 -> sent=500 failed=0 231678 us drained=1 TEC=0 REC=0 fifo_flags=0x0
13:12:53 bench: burst id=0x300 n=500 len=8 fd=0 brs=0 ext=0 -> sent=500 failed=0 231636 us drained=1 TEC=0 REC=0 fifo_flags=0x0
13:12:54 bench: burst id=0x300 n=500 len=8 fd=0 brs=0 ext=0 -> sent=500 failed=0 231842 us drained=1 TEC=0 REC=0 fifo_flags=0x0
13:12:54 bench: burst id=0x300 n=500 len=8 fd=0 brs=0 ext=0 -> sent=500 failed=0 231755 us drained=1 TEC=0 REC=0 fifo_flags=0x0
13:12:54 bench: burst id=0x300 n=500 len=8 fd=0 brs=0 ext=0 -> sent=500 failed=0 231733 us drained=1 TEC=0 REC=0 fifo_flags=0x0
13:12:54 bench: burst id=0x300 n=500 len=8 fd=0 brs=0 ext=0 -> sent=500 failed=0 231678 us drained=1 TEC=0 REC=0 fifo_flags=0x0
13:12:54 bench: burst id=0x300 n=500 len=8 fd=0 brs=0 ext=0 -> sent=500 failed=0 231714 us drained=1 TEC=0 REC=0 fifo_flags=0x0
13:12:55 bench: burst id=0x300 n=500 len=8 fd=0 brs=0 ext=0 -> sent=500 failed=0 231489 us drained=1 TEC=0 REC=0 fifo_flags=0x0
13:12:55 bench: burst id=0x300 n=500 len=8 fd=0 brs=0 ext=0 -> sent=500 failed=0 231875 us drained=1 TEC=0 REC=0 fifo_flags=0x0
13:12:55 bench: burst id=0x300 n=500 len=8 fd=0 brs=0 ext=0 -> sent=500 failed=0 231822 us drained=1 TEC=0 REC=0 fifo_flags=0x0
13:12:55 bench: burst id=0x300 n=500 len=8 fd=0 brs=0 ext=0 -> sent=500 failed=0 231788 us drained=1 TEC=0 REC=0 fifo_flags=0x0
13:12:56 bench: burst id=0x300 n=500 len=8 fd=0 brs=0 ext=0 -> sent=500 failed=0 231775 us drained=1 TEC=0 REC=0 fifo_flags=0x0
13:12:56 bench: burst id=0x300 n=500 len=8 fd=0 brs=0 ext=0 -> sent=500 failed=0 231826 us drained=1 TEC=0 REC=0 fifo_flags=0x0
13:12:56 bench: burst id=0x300 n=500 len=8 fd=0 brs=0 ext=0 -> sent=500 failed=0 231730 us drained=1 TEC=0 REC=0 fifo_flags=0x0
13:12:56 bench: burst id=0x300 n=500 len=8 fd=0 brs=0 ext=0 -> sent=500 failed=0 231814 us drained=1 TEC=0 REC=0 fifo_flags=0x0
13:12:57 bench: burst id=0x300 n=500 len=8 fd=0 brs=0 ext=0 -> sent=500 failed=0 231547 us drained=1 TEC=0 REC=0 fifo_flags=0x0
13:12:57 bench: burst id=0x300 n=500 len=8 fd=0 brs=0 ext=0 -> sent=500 failed=0 231831 us drained=1 TEC=0 REC=0 fifo_flags=0x0
13:12:57 bench: burst id=0x300 n=500 len=8 fd=0 brs=0 ext=0 -> sent=500 failed=0 231842 us drained=1 TEC=0 REC=0 fifo_flags=0x0
13:12:57 bench: burst id=0x300 n=500 len=8 fd=0 brs=0 ext=0 -> sent=500 failed=0 231834 us drained=1 TEC=0 REC=0 fifo_flags=0x0
13:12:58 bench: burst id=0x300 n=500 len=8 fd=0 brs=0 ext=0 -> sent=500 failed=0 231727 us drained=1 TEC=0 REC=0 fifo_flags=0x0
13:12:58 bench: burst id=0x300 n=500 len=8 fd=0 brs=0 ext=0 -> sent=500 failed=0 231778 us drained=1 TEC=0 REC=0 fifo_flags=0x0
13:12:58 bench: burst id=0x300 n=500 len=8 fd=0 brs=0 ext=0 -> sent=500 failed=0 231850 us drained=1 TEC=0 REC=0 fifo_flags=0x0
13:12:58 bench: burst id=0x300 n=500 len=8 fd=0 brs=0 ext=0 -> sent=500 failed=0 232059 us drained=1 TEC=0 REC=0 fifo_flags=0x0
13:12:59 bench: burst id=0x300 n=500 len=8 fd=0 brs=0 ext=0 -> sent=500 failed=0 231738 us drained=1 TEC=0 REC=0 fifo_flags=0x0
13:12:59 bench: burst id=0x300 n=500 len=8 fd=0 brs=0 ext=0 -> sent=500 failed=0 231802 us drained=1 TEC=0 REC=0 fifo_flags=0x0
13:12:59 bench: burst id=0x300 n=500 len=8 fd=0 brs=0 ext=0 -> sent=500 failed=0 231751 us drained=1 TEC=0 REC=0 fifo_flags=0x0
13:12:59 bench: burst id=0x300 n=500 len=8 fd=0 brs=0 ext=0 -> sent=500 failed=0 231824 us drained=1 TEC=0 REC=0 fifo_flags=0x0
13:13:00 bench: burst id=0x300 n=500 len=8 fd=0 brs=0 ext=0 -> sent=500 failed=0 231804 us drained=1 TEC=0 REC=0 fifo_flags=0x0
13:13:00 bench: burst id=0x300 n=500 len=8 fd=0 brs=0 ext=0 -> sent=500 failed=0 231803 us drained=1 TEC=0 REC=0 fifo_flags=0x0
13:13:00 bench: burst id=0x300 n=500 len=8 fd=0 brs=0 ext=0 -> sent=500 failed=0 231759 us drained=1 TEC=0 REC=0 fifo_flags=0x0
13:13:00 bench: burst id=0x300 n=500 len=8 fd=0 brs=0 ext=0 -> sent=500 failed=0 231788 us drained=1 TEC=0 REC=0 fifo_flags=0x0
13:13:01 bench: burst id=0x300 n=500 len=8 fd=0 brs=0 ext=0 -> sent=500 failed=0 231744 us drained=1 TEC=0 REC=0 fifo_flags=0x0
13:13:01 bench: burst id=0x300 n=500 len=8 fd=0 brs=0 ext=0 -> sent=500 failed=0 231767 us drained=1 TEC=0 REC=0 fifo_flags=0x0
13:13:01 bench: burst id=0x300 n=500 len=8 fd=0 brs=0 ext=0 -> sent=500 failed=0 231783 us drained=1 TEC=0 REC=0 fifo_flags=0x0
13:13:01 bench: burst id=0x300 n=500 len=8 fd=0 brs=0 ext=0 -> sent=500 failed=0 231798 us drained=1 TEC=0 REC=0 fifo_flags=0x0
13:13:01 bench: burst id=0x300 n=500 len=8 fd=0 brs=0 ext=0 -> sent=500 failed=0 231819 us drained=1 TEC=0 REC=0 fifo_flags=0x0
13:13:02 bench: burst id=0x300 n=500 len=8 fd=0 brs=0 ext=0 -> sent=500 failed=0 231806 us drained=1 TEC=0 REC=0 fifo_flags=0x0
13:13:02 bench: burst id=0x300 n=500 len=8 fd=0 brs=0 ext=0 -> sent=500 failed=0 231821 us drained=1 TEC=0 REC=0 fifo_flags=0x0
13:13:02 bench: burst id=0x300 n=500 len=8 fd=0 brs=0 ext=0 -> sent=500 failed=0 231888 us drained=1 TEC=0 REC=0 fifo_flags=0x0
13:13:03 bench: burst id=0x300 n=500 len=8 fd=0 brs=0 ext=0 -> sent=500 failed=0 231852 us drained=1 TEC=0 REC=0 fifo_flags=0x0
13:13:03 bench: burst id=0x300 n=500 len=8 fd=0 brs=0 ext=0 -> sent=500 failed=0 231829 us drained=1 TEC=0 REC=0 fifo_flags=0x0
13:13:03 bench: burst id=0x300 n=500 len=8 fd=0 brs=0 ext=0 -> sent=500 failed=0 231784 us drained=1 TEC=0 REC=0 fifo_flags=0x0
13:13:03 bench: burst id=0x300 n=500 len=8 fd=0 brs=0 ext=0 -> sent=500 failed=0 231836 us drained=1 TEC=0 REC=0 fifo_flags=0x0
13:13:04 bench: burst id=0x300 n=500 len=8 fd=0 brs=0 ext=0 -> sent=500 failed=0 231731 us drained=1 TEC=0 REC=0 fifo_flags=0x0
13:13:04 bench: burst id=0x300 n=500 len=8 fd=0 brs=0 ext=0 -> sent=500 failed=0 231815 us drained=1 TEC=0 REC=0 fifo_flags=0x0
13:13:04 bench: burst id=0x300 n=500 len=8 fd=0 brs=0 ext=0 -> sent=500 failed=0 231762 us drained=1 TEC=0 REC=0 fifo_flags=0x0
13:13:04 bench: burst id=0x300 n=500 len=8 fd=0 brs=0 ext=0 -> sent=500 failed=0 231804 us drained=1 TEC=0 REC=0 fifo_flags=0x0
13:13:05 bench: burst id=0x300 n=500 len=8 fd=0 brs=0 ext=0 -> sent=500 failed=0 231789 us drained=1 TEC=0 REC=0 fifo_flags=0x0
13:13:05 bench: burst id=0x300 n=500 len=8 fd=0 brs=0 ext=0 -> sent=500 failed=0 231712 us drained=1 TEC=0 REC=0 fifo_flags=0x0
13:13:05 bench: burst id=0x300 n=500 len=8 fd=0 brs=0 ext=0 -> sent=500 failed=0 231737 us drained=1 TEC=0 REC=0 fifo_flags=0x0
13:13:05 bench: burst id=0x300 n=500 len=8 fd=0 brs=0 ext=0 -> sent=500 failed=0 231847 us drained=1 TEC=0 REC=0 fifo_flags=0x0
13:13:06 bench: burst id=0x300 n=500 len=8 fd=0 brs=0 ext=0 -> sent=500 failed=0 231759 us drained=1 TEC=0 REC=0 fifo_flags=0x0
13:13:06 bench: burst id=0x300 n=500 len=8 fd=0 brs=0 ext=0 -> sent=500 failed=0 231738 us drained=1 TEC=0 REC=0 fifo_flags=0x0
13:13:06 bench: burst id=0x300 n=500 len=8 fd=0 brs=0 ext=0 -> sent=500 failed=0 231751 us drained=1 TEC=0 REC=0 fifo_flags=0x0
13:13:06 bench: burst id=0x300 n=500 len=8 fd=0 brs=0 ext=0 -> sent=500 failed=0 231771 us drained=1 TEC=0 REC=0 fifo_flags=0x0
13:13:07 bench: burst id=0x300 n=500 len=8 fd=0 brs=0 ext=0 -> sent=500 failed=0 231764 us drained=1 TEC=0 REC=0 fifo_flags=0x0
13:13:07 bench: burst id=0x300 n=500 len=8 fd=0 brs=0 ext=0 -> sent=500 failed=0 231662 us drained=1 TEC=0 REC=0 fifo_flags=0x0
13:13:07 bench: burst id=0x300 n=500 len=8 fd=0 brs=0 ext=0 -> sent=500 failed=0 231677 us drained=1 TEC=0 REC=0 fifo_flags=0x0
13:13:07 bench: burst id=0x300 n=500 len=8 fd=0 brs=0 ext=0 -> sent=500 failed=0 231716 us drained=1 TEC=0 REC=0 fifo_flags=0x0
13:13:07 bench: burst id=0x300 n=500 len=8 fd=0 brs=0 ext=0 -> sent=500 failed=0 231674 us drained=1 TEC=0 REC=0 fifo_flags=0x0
13:13:08 bench: burst id=0x300 n=500 len=8 fd=0 brs=0 ext=0 -> sent=500 failed=0 231776 us drained=1 TEC=0 REC=0 fifo_flags=0x0
13:13:08 bench: burst id=0x300 n=500 len=8 fd=0 brs=0 ext=0 -> sent=500 failed=0 231641 us drained=1 TEC=0 REC=0 fifo_flags=0x0
13:13:08 bench: burst id=0x300 n=500 len=8 fd=0 brs=0 ext=0 -> sent=500 failed=0 231723 us drained=1 TEC=0 REC=0 fifo_flags=0x0
13:13:08 bench: burst id=0x300 n=500 len=8 fd=0 brs=0 ext=0 -> sent=500 failed=0 231488 us drained=1 TEC=0 REC=0 fifo_flags=0x0
13:13:09 bench: burst id=0x300 n=500 len=8 fd=0 brs=0 ext=0 -> sent=500 failed=0 231806 us drained=1 TEC=0 REC=0 fifo_flags=0x0
13:13:09 bench: burst id=0x300 n=500 len=8 fd=0 brs=0 ext=0 -> sent=500 failed=0 231812 us drained=1 TEC=0 REC=0 fifo_flags=0x0
13:13:09 bench: burst id=0x300 n=500 len=8 fd=0 brs=0 ext=0 -> sent=500 failed=0 231802 us drained=1 TEC=0 REC=0 fifo_flags=0x0
13:13:09 bench: burst id=0x300 n=500 len=8 fd=0 brs=0 ext=0 -> sent=500 failed=0 231795 us drained=1 TEC=0 REC=0 fifo_flags=0x0
13:13:10 bench: burst id=0x300 n=500 len=8 fd=0 brs=0 ext=0 -> sent=500 failed=0 231870 us drained=1 TEC=0 REC=0 fifo_flags=0x0
13:13:10 bench: burst id=0x300 n=500 len=8 fd=0 brs=0 ext=0 -> sent=500 failed=0 231756 us drained=1 TEC=0 REC=0 fifo_flags=0x0
13:13:10 bench: burst id=0x300 n=500 len=8 fd=0 brs=0 ext=0 -> sent=500 failed=0 231733 us drained=1 TEC=0 REC=0 fifo_flags=0x0
13:13:10 bench: burst id=0x300 n=500 len=8 fd=0 brs=0 ext=0 -> sent=500 failed=0 231802 us drained=1 TEC=0 REC=0 fifo_flags=0x0
13:13:11 bench: burst id=0x300 n=500 len=8 fd=0 brs=0 ext=0 -> sent=500 failed=0 231762 us drained=1 TEC=0 REC=0 fifo_flags=0x0
13:13:11 bench: burst id=0x300 n=500 len=8 fd=0 brs=0 ext=0 -> sent=500 failed=0 231820 us drained=1 TEC=0 REC=0 fifo_flags=0x0
13:13:11 bench: burst id=0x300 n=500 len=8 fd=0 brs=0 ext=0 -> sent=500 failed=0 231872 us drained=1 TEC=0 REC=0 fifo_flags=0x0
13:13:11 bench: burst id=0x300 n=500 len=8 fd=0 brs=0 ext=0 -> sent=500 failed=0 231871 us drained=1 TEC=0 REC=0 fifo_flags=0x0
13:13:12 bench: burst id=0x300 n=500 len=8 fd=0 brs=0 ext=0 -> sent=500 failed=0 231844 us drained=1 TEC=0 REC=0 fifo_flags=0x0
13:13:12 bench: burst id=0x300 n=500 len=8 fd=0 brs=0 ext=0 -> sent=500 failed=0 232063 us drained=1 TEC=0 REC=0 fifo_flags=0x0
13:13:12 bench: burst id=0x300 n=500 len=8 fd=0 brs=0 ext=0 -> sent=500 failed=0 231845 us drained=1 TEC=0 REC=0 fifo_flags=0x0
13:13:12 bench: burst id=0x300 n=500 len=8 fd=0 brs=0 ext=0 -> sent=500 failed=0 231730 us drained=1 TEC=0 REC=0 fifo_flags=0x0
13:13:13 bench: burst id=0x300 n=500 len=8 fd=0 brs=0 ext=0 -> sent=500 failed=0 232016 us drained=1 TEC=0 REC=0 fifo_flags=0x0
13:13:13 bench: burst id=0x300 n=500 len=8 fd=0 brs=0 ext=0 -> sent=500 failed=0 231800 us drained=1 TEC=0 REC=0 fifo_flags=0x0
13:13:13 bench: burst id=0x300 n=500 len=8 fd=0 brs=0 ext=0 -> sent=500 failed=0 231880 us drained=1 TEC=0 REC=0 fifo_flags=0x0
13:13:13 bench: burst id=0x300 n=500 len=8 fd=0 brs=0 ext=0 -> sent=500 failed=0 231879 us drained=1 TEC=0 REC=0 fifo_flags=0x0
13:13:14 bench: burst id=0x300 n=500 len=8 fd=0 brs=0 ext=0 -> sent=500 failed=0 231883 us drained=1 TEC=0 REC=0 fifo_flags=0x0
13:13:14 bench: burst id=0x300 n=500 len=8 fd=0 brs=0 ext=0 -> sent=500 failed=0 231806 us drained=1 TEC=0 REC=0 fifo_flags=0x0
13:13:14 bench: burst id=0x300 n=500 len=8 fd=0 brs=0 ext=0 -> sent=500 failed=0 231945 us drained=1 TEC=0 REC=0 fifo_flags=0x0
13:13:14 bench: burst id=0x300 n=500 len=8 fd=0 brs=0 ext=0 -> sent=500 failed=0 231893 us drained=1 TEC=0 REC=0 fifo_flags=0x0
13:13:15 bench: burst id=0x300 n=500 len=8 fd=0 brs=0 ext=0 -> sent=500 failed=0 231787 us drained=1 TEC=0 REC=0 fifo_flags=0x0
13:13:15 bench: burst id=0x300 n=500 len=8 fd=0 brs=0 ext=0 -> sent=500 failed=0 231885 us drained=1 TEC=0 REC=0 fifo_flags=0x0
13:13:15 bench: burst id=0x300 n=500 len=8 fd=0 brs=0 ext=0 -> sent=500 failed=0 231896 us drained=1 TEC=0 REC=0 fifo_flags=0x0
13:13:15 bench: burst id=0x300 n=500 len=8 fd=0 brs=0 ext=0 -> sent=500 failed=0 231898 us drained=1 TEC=0 REC=0 fifo_flags=0x0
13:13:16 bench: burst id=0x300 n=500 len=8 fd=0 brs=0 ext=0 -> sent=500 failed=0 231906 us drained=1 TEC=0 REC=0 fifo_flags=0x0
13:13:16 bench: burst id=0x300 n=500 len=8 fd=0 brs=0 ext=0 -> sent=500 failed=0 231844 us drained=1 TEC=0 REC=0 fifo_flags=0x0
13:13:16 bench: burst id=0x300 n=500 len=8 fd=0 brs=0 ext=0 -> sent=500 failed=0 231952 us drained=1 TEC=0 REC=0 fifo_flags=0x0
13:13:16 bench: burst id=0x300 n=500 len=8 fd=0 brs=0 ext=0 -> sent=500 failed=0 231873 us drained=1 TEC=0 REC=0 fifo_flags=0x0
13:13:17 bench: burst id=0x300 n=500 len=8 fd=0 brs=0 ext=0 -> sent=500 failed=0 231739 us drained=1 TEC=0 REC=0 fifo_flags=0x0
13:13:17 bench: burst id=0x300 n=500 len=8 fd=0 brs=0 ext=0 -> sent=500 failed=0 231789 us drained=1 TEC=0 REC=0 fifo_flags=0x0
13:13:17 bench: burst id=0x300 n=500 len=8 fd=0 brs=0 ext=0 -> sent=500 failed=0 231835 us drained=1 TEC=0 REC=0 fifo_flags=0x0
13:13:17 bench: burst id=0x300 n=500 len=8 fd=0 brs=0 ext=0 -> sent=500 failed=0 231739 us drained=1 TEC=0 REC=0 fifo_flags=0x0
13:13:18 bench: burst id=0x300 n=500 len=8 fd=0 brs=0 ext=0 -> sent=500 failed=0 231836 us drained=1 TEC=0 REC=0 fifo_flags=0x0
13:13:18 bench: burst id=0x300 n=500 len=8 fd=0 brs=0 ext=0 -> sent=500 failed=0 231771 us drained=1 TEC=0 REC=0 fifo_flags=0x0
13:13:18 bench: burst id=0x300 n=500 len=8 fd=0 brs=0 ext=0 -> sent=500 failed=0 231883 us drained=1 TEC=0 REC=0 fifo_flags=0x0
13:13:18 bench: burst id=0x300 n=500 len=8 fd=0 brs=0 ext=0 -> sent=500 failed=0 231918 us drained=1 TEC=0 REC=0 fifo_flags=0x0
13:13:19 bench: burst id=0x300 n=500 len=8 fd=0 brs=0 ext=0 -> sent=500 failed=0 231703 us drained=1 TEC=0 REC=0 fifo_flags=0x0
13:13:19 bench: burst id=0x300 n=500 len=8 fd=0 brs=0 ext=0 -> sent=500 failed=0 231734 us drained=1 TEC=0 REC=0 fifo_flags=0x0
13:13:19 bench: burst id=0x300 n=500 len=8 fd=0 brs=0 ext=0 -> sent=500 failed=0 231717 us drained=1 TEC=0 REC=0 fifo_flags=0x0
13:13:19 bench: burst id=0x300 n=500 len=8 fd=0 brs=0 ext=0 -> sent=500 failed=0 231747 us drained=1 TEC=0 REC=0 fifo_flags=0x0
13:13:20 bench: burst id=0x300 n=500 len=8 fd=0 brs=0 ext=0 -> sent=500 failed=0 231661 us drained=1 TEC=0 REC=0 fifo_flags=0x0
13:13:20 bench: burst id=0x300 n=500 len=8 fd=0 brs=0 ext=0 -> sent=500 failed=0 231707 us drained=1 TEC=0 REC=0 fifo_flags=0x0
13:13:20 bench: burst id=0x300 n=500 len=8 fd=0 brs=0 ext=0 -> sent=500 failed=0 231716 us drained=1 TEC=0 REC=0 fifo_flags=0x0
13:13:20 bench: burst id=0x300 n=500 len=8 fd=0 brs=0 ext=0 -> sent=500 failed=0 231738 us drained=1 TEC=0 REC=0 fifo_flags=0x0
13:13:20 bench: burst id=0x300 n=500 len=8 fd=0 brs=0 ext=0 -> sent=500 failed=0 231690 us drained=1 TEC=0 REC=0 fifo_flags=0x0
13:13:21 bench: burst id=0x300 n=500 len=8 fd=0 brs=0 ext=0 -> sent=500 failed=0 231682 us drained=1 TEC=0 REC=0 fifo_flags=0x0
13:13:21 bench: burst id=0x300 n=500 len=8 fd=0 brs=0 ext=0 -> sent=500 failed=0 231747 us drained=1 TEC=0 REC=0 fifo_flags=0x0
13:13:21 bench: burst id=0x300 n=500 len=8 fd=0 brs=0 ext=0 -> sent=500 failed=0 231649 us drained=1 TEC=0 REC=0 fifo_flags=0x0
13:13:21 bench: burst id=0x300 n=500 len=8 fd=0 brs=0 ext=0 -> sent=500 failed=0 231699 us drained=1 TEC=0 REC=0 fifo_flags=0x0
13:13:22 bench: burst id=0x300 n=500 len=8 fd=0 brs=0 ext=0 -> sent=500 failed=0 231536 us drained=1 TEC=0 REC=0 fifo_flags=0x0
13:13:22 bench: burst id=0x300 n=500 len=8 fd=0 brs=0 ext=0 -> sent=500 failed=0 231911 us drained=1 TEC=0 REC=0 fifo_flags=0x0
13:13:22 bench: burst id=0x300 n=500 len=8 fd=0 brs=0 ext=0 -> sent=500 failed=0 231812 us drained=1 TEC=0 REC=0 fifo_flags=0x0
13:13:22 bench: burst id=0x300 n=500 len=8 fd=0 brs=0 ext=0 -> sent=500 failed=0 231711 us drained=1 TEC=0 REC=0 fifo_flags=0x0
13:13:23 bench: burst id=0x300 n=500 len=8 fd=0 brs=0 ext=0 -> sent=500 failed=0 231738 us drained=1 TEC=0 REC=0 fifo_flags=0x0
13:13:23 bench: burst id=0x300 n=500 len=8 fd=0 brs=0 ext=0 -> sent=500 failed=0 231715 us drained=1 TEC=0 REC=0 fifo_flags=0x0
13:13:23 bench: burst id=0x300 n=500 len=8 fd=0 brs=0 ext=0 -> sent=500 failed=0 231757 us drained=1 TEC=0 REC=0 fifo_flags=0x0
13:13:23 bench: burst id=0x300 n=500 len=8 fd=0 brs=0 ext=0 -> sent=500 failed=0 231702 us drained=1 TEC=0 REC=0 fifo_flags=0x0
13:13:24 bench: burst id=0x300 n=500 len=8 fd=0 brs=0 ext=0 -> sent=500 failed=0 231756 us drained=1 TEC=0 REC=0 fifo_flags=0x0
13:13:24 bench: burst id=0x300 n=500 len=8 fd=0 brs=0 ext=0 -> sent=500 failed=0 231737 us drained=1 TEC=0 REC=0 fifo_flags=0x0
13:13:24 bench: burst id=0x300 n=500 len=8 fd=0 brs=0 ext=0 -> sent=500 failed=0 231725 us drained=1 TEC=0 REC=0 fifo_flags=0x0
13:13:24 bench: burst id=0x300 n=500 len=8 fd=0 brs=0 ext=0 -> sent=500 failed=0 231664 us drained=1 TEC=0 REC=0 fifo_flags=0x0
13:13:25 bench: burst id=0x300 n=500 len=8 fd=0 brs=0 ext=0 -> sent=500 failed=0 231602 us drained=1 TEC=0 REC=0 fifo_flags=0x0
13:13:25 bench: burst id=0x300 n=500 len=8 fd=0 brs=0 ext=0 -> sent=500 failed=0 231712 us drained=1 TEC=0 REC=0 fifo_flags=0x0
13:13:25 bench: burst id=0x300 n=500 len=8 fd=0 brs=0 ext=0 -> sent=500 failed=0 231693 us drained=1 TEC=0 REC=0 fifo_flags=0x0
13:13:25 bench: burst id=0x300 n=500 len=8 fd=0 brs=0 ext=0 -> sent=500 failed=0 231667 us drained=1 TEC=0 REC=0 fifo_flags=0x0
13:13:26 bench: burst id=0x300 n=500 len=8 fd=0 brs=0 ext=0 -> sent=500 failed=0 231776 us drained=1 TEC=0 REC=0 fifo_flags=0x0
13:13:26 bench: burst id=0x300 n=500 len=8 fd=0 brs=0 ext=0 -> sent=500 failed=0 231789 us drained=1 TEC=0 REC=0 fifo_flags=0x0
13:13:26 bench: burst id=0x300 n=500 len=8 fd=0 brs=0 ext=0 -> sent=500 failed=0 231831 us drained=1 TEC=0 REC=0 fifo_flags=0x0
13:13:26 bench: burst id=0x300 n=500 len=8 fd=0 brs=0 ext=0 -> sent=500 failed=0 231697 us drained=1 TEC=0 REC=0 fifo_flags=0x0
13:13:27 bench: burst id=0x300 n=500 len=8 fd=0 brs=0 ext=0 -> sent=500 failed=0 231782 us drained=1 TEC=0 REC=0 fifo_flags=0x0
13:13:27 bench: burst id=0x300 n=500 len=8 fd=0 brs=0 ext=0 -> sent=500 failed=0 231774 us drained=1 TEC=0 REC=0 fifo_flags=0x0
13:13:27 bench: burst id=0x300 n=500 len=8 fd=0 brs=0 ext=0 -> sent=500 failed=0 231606 us drained=1 TEC=0 REC=0 fifo_flags=0x0
13:13:27 bench: burst id=0x300 n=500 len=8 fd=0 brs=0 ext=0 -> sent=500 failed=0 231588 us drained=1 TEC=0 REC=0 fifo_flags=0x0
13:13:28 bench: burst id=0x300 n=500 len=8 fd=0 brs=0 ext=0 -> sent=500 failed=0 231611 us drained=1 TEC=0 REC=0 fifo_flags=0x0
13:13:28 bench: burst id=0x300 n=500 len=8 fd=0 brs=0 ext=0 -> sent=500 failed=0 231622 us drained=1 TEC=0 REC=0 fifo_flags=0x0
13:13:28 bench: burst id=0x300 n=500 len=8 fd=0 brs=0 ext=0 -> sent=500 failed=0 231679 us drained=1 TEC=0 REC=0 fifo_flags=0x0
13:13:28 bench: burst id=0x300 n=500 len=8 fd=0 brs=0 ext=0 -> sent=500 failed=0 231734 us drained=1 TEC=0 REC=0 fifo_flags=0x0
13:13:29 bench: burst id=0x300 n=500 len=8 fd=0 brs=0 ext=0 -> sent=500 failed=0 231678 us drained=1 TEC=0 REC=0 fifo_flags=0x0
13:13:29 bench: burst id=0x300 n=500 len=8 fd=0 brs=0 ext=0 -> sent=500 failed=0 231761 us drained=1 TEC=0 REC=0 fifo_flags=0x0
13:13:29 bench: burst id=0x300 n=500 len=8 fd=0 brs=0 ext=0 -> sent=500 failed=0 231810 us drained=1 TEC=0 REC=0 fifo_flags=0x0
13:13:29 bench: burst id=0x300 n=500 len=8 fd=0 brs=0 ext=0 -> sent=500 failed=0 231802 us drained=1 TEC=0 REC=0 fifo_flags=0x0
13:13:30 bench: burst id=0x300 n=500 len=8 fd=0 brs=0 ext=0 -> sent=500 failed=0 231800 us drained=1 TEC=0 REC=0 fifo_flags=0x0
13:13:30 bench: burst id=0x300 n=500 len=8 fd=0 brs=0 ext=0 -> sent=500 failed=0 231852 us drained=1 TEC=0 REC=0 fifo_flags=0x0
13:13:30 bench: burst id=0x300 n=500 len=8 fd=0 brs=0 ext=0 -> sent=500 failed=0 231793 us drained=1 TEC=0 REC=0 fifo_flags=0x0
13:13:30 bench: burst id=0x300 n=500 len=8 fd=0 brs=0 ext=0 -> sent=500 failed=0 231856 us drained=1 TEC=0 REC=0 fifo_flags=0x0
13:13:31 bench: burst id=0x300 n=500 len=8 fd=0 brs=0 ext=0 -> sent=500 failed=0 231715 us drained=1 TEC=0 REC=0 fifo_flags=0x0
13:13:31 bench: burst id=0x300 n=500 len=8 fd=0 brs=0 ext=0 -> sent=500 failed=0 231693 us drained=1 TEC=0 REC=0 fifo_flags=0x0
13:13:31 bench: burst id=0x300 n=500 len=8 fd=0 brs=0 ext=0 -> sent=500 failed=0 231684 us drained=1 TEC=0 REC=0 fifo_flags=0x0
13:13:31 bench: burst id=0x300 n=500 len=8 fd=0 brs=0 ext=0 -> sent=500 failed=0 231720 us drained=1 TEC=0 REC=0 fifo_flags=0x0
13:13:32 bench: burst id=0x300 n=500 len=8 fd=0 brs=0 ext=0 -> sent=500 failed=0 231866 us drained=1 TEC=0 REC=0 fifo_flags=0x0
13:13:32 bench: burst id=0x300 n=500 len=8 fd=0 brs=0 ext=0 -> sent=500 failed=0 231771 us drained=1 TEC=0 REC=0 fifo_flags=0x0
13:13:32 bench: burst id=0x300 n=500 len=8 fd=0 brs=0 ext=0 -> sent=500 failed=0 231734 us drained=1 TEC=0 REC=0 fifo_flags=0x0
13:13:32 bench: burst id=0x300 n=500 len=8 fd=0 brs=0 ext=0 -> sent=500 failed=0 231696 us drained=1 TEC=0 REC=0 fifo_flags=0x0
13:13:33 bench: burst id=0x300 n=500 len=8 fd=0 brs=0 ext=0 -> sent=500 failed=0 231681 us drained=1 TEC=0 REC=0 fifo_flags=0x0
13:13:33 bench: burst id=0x300 n=500 len=8 fd=0 brs=0 ext=0 -> sent=500 failed=0 231757 us drained=1 TEC=0 REC=0 fifo_flags=0x0
13:13:33 bench: burst id=0x300 n=500 len=8 fd=0 brs=0 ext=0 -> sent=500 failed=0 231821 us drained=1 TEC=0 REC=0 fifo_flags=0x0
13:13:33 bench: burst id=0x300 n=500 len=8 fd=0 brs=0 ext=0 -> sent=500 failed=0 231776 us drained=1 TEC=0 REC=0 fifo_flags=0x0
13:13:33 bench: burst id=0x300 n=500 len=8 fd=0 brs=0 ext=0 -> sent=500 failed=0 231806 us drained=1 TEC=0 REC=0 fifo_flags=0x0
13:13:34 bench: burst id=0x300 n=500 len=8 fd=0 brs=0 ext=0 -> sent=500 failed=0 231872 us drained=1 TEC=0 REC=0 fifo_flags=0x0
13:13:34 bench: burst id=0x300 n=500 len=8 fd=0 brs=0 ext=0 -> sent=500 failed=0 231841 us drained=1 TEC=0 REC=0 fifo_flags=0x0
13:13:34 bench: burst id=0x300 n=500 len=8 fd=0 brs=0 ext=0 -> sent=500 failed=0 231789 us drained=1 TEC=0 REC=0 fifo_flags=0x0
13:13:34 bench: burst id=0x300 n=500 len=8 fd=0 brs=0 ext=0 -> sent=500 failed=0 231775 us drained=1 TEC=0 REC=0 fifo_flags=0x0
13:13:35 bench: burst id=0x300 n=500 len=8 fd=0 brs=0 ext=0 -> sent=500 failed=0 231814 us drained=1 TEC=0 REC=0 fifo_flags=0x0
13:13:35 bench: burst id=0x300 n=500 len=8 fd=0 brs=0 ext=0 -> sent=500 failed=0 231785 us drained=1 TEC=0 REC=0 fifo_flags=0x0
13:13:35 bench: burst id=0x300 n=500 len=8 fd=0 brs=0 ext=0 -> sent=500 failed=0 231730 us drained=1 TEC=0 REC=0 fifo_flags=0x0
13:13:35 bench: burst id=0x300 n=500 len=8 fd=0 brs=0 ext=0 -> sent=500 failed=0 231682 us drained=1 TEC=0 REC=0 fifo_flags=0x0
13:13:36 bench: burst id=0x300 n=500 len=8 fd=0 brs=0 ext=0 -> sent=500 failed=0 231642 us drained=1 TEC=0 REC=0 fifo_flags=0x0
13:13:36 bench: burst id=0x300 n=500 len=8 fd=0 brs=0 ext=0 -> sent=500 failed=0 231668 us drained=1 TEC=0 REC=0 fifo_flags=0x0
13:13:36 bench: burst id=0x300 n=500 len=8 fd=0 brs=0 ext=0 -> sent=500 failed=0 231711 us drained=1 TEC=0 REC=0 fifo_flags=0x0
13:13:36 bench: burst id=0x300 n=500 len=8 fd=0 brs=0 ext=0 -> sent=500 failed=0 231746 us drained=1 TEC=0 REC=0 fifo_flags=0x0
13:13:37 bench: burst id=0x300 n=500 len=8 fd=0 brs=0 ext=0 -> sent=500 failed=0 231746 us drained=1 TEC=0 REC=0 fifo_flags=0x0
13:13:37 bench: burst id=0x300 n=500 len=8 fd=0 brs=0 ext=0 -> sent=500 failed=0 231707 us drained=1 TEC=0 REC=0 fifo_flags=0x0
13:13:37 bench: burst id=0x300 n=500 len=8 fd=0 brs=0 ext=0 -> sent=500 failed=0 231779 us drained=1 TEC=0 REC=0 fifo_flags=0x0
13:13:37 bench: burst id=0x300 n=500 len=8 fd=0 brs=0 ext=0 -> sent=500 failed=0 231783 us drained=1 TEC=0 REC=0 fifo_flags=0x0
13:13:38 bench: burst id=0x300 n=500 len=8 fd=0 brs=0 ext=0 -> sent=500 failed=0 232109 us drained=1 TEC=0 REC=0 fifo_flags=0x0
13:13:38 bench: burst id=0x300 n=500 len=8 fd=0 brs=0 ext=0 -> sent=500 failed=0 231898 us drained=1 TEC=0 REC=0 fifo_flags=0x0
13:13:38 bench: burst id=0x300 n=500 len=8 fd=0 brs=0 ext=0 -> sent=500 failed=0 231817 us drained=1 TEC=0 REC=0 fifo_flags=0x0
13:13:38 bench: burst id=0x300 n=500 len=8 fd=0 brs=0 ext=0 -> sent=500 failed=0 232036 us drained=1 TEC=0 REC=0 fifo_flags=0x0
13:13:39 bench: burst id=0x300 n=500 len=8 fd=0 brs=0 ext=0 -> sent=500 failed=0 231694 us drained=1 TEC=0 REC=0 fifo_flags=0x0
13:13:39 bench: burst id=0x300 n=500 len=8 fd=0 brs=0 ext=0 -> sent=500 failed=0 231747 us drained=1 TEC=0 REC=0 fifo_flags=0x0
13:13:39 bench: burst id=0x300 n=500 len=8 fd=0 brs=0 ext=0 -> sent=500 failed=0 231909 us drained=1 TEC=0 REC=0 fifo_flags=0x0
13:13:39 bench: burst id=0x300 n=500 len=8 fd=0 brs=0 ext=0 -> sent=500 failed=0 231854 us drained=1 TEC=0 REC=0 fifo_flags=0x0
13:13:40 bench: burst id=0x300 n=500 len=8 fd=0 brs=0 ext=0 -> sent=500 failed=0 231902 us drained=1 TEC=0 REC=0 fifo_flags=0x0
13:13:40 bench: burst id=0x300 n=500 len=8 fd=0 brs=0 ext=0 -> sent=500 failed=0 231881 us drained=1 TEC=0 REC=0 fifo_flags=0x0
13:13:40 bench: burst id=0x300 n=500 len=8 fd=0 brs=0 ext=0 -> sent=500 failed=0 231869 us drained=1 TEC=0 REC=0 fifo_flags=0x0
13:13:40 bench: burst id=0x300 n=500 len=8 fd=0 brs=0 ext=0 -> sent=500 failed=0 231807 us drained=1 TEC=0 REC=0 fifo_flags=0x0
13:13:41 bench: burst id=0x300 n=500 len=8 fd=0 brs=0 ext=0 -> sent=500 failed=0 231790 us drained=1 TEC=0 REC=0 fifo_flags=0x0
13:13:41 bench: burst id=0x300 n=500 len=8 fd=0 brs=0 ext=0 -> sent=500 failed=0 231783 us drained=1 TEC=0 REC=0 fifo_flags=0x0
13:13:41 bench: burst id=0x300 n=500 len=8 fd=0 brs=0 ext=0 -> sent=500 failed=0 231743 us drained=1 TEC=0 REC=0 fifo_flags=0x0
13:13:41 bench: burst id=0x300 n=500 len=8 fd=0 brs=0 ext=0 -> sent=500 failed=0 231778 us drained=1 TEC=0 REC=0 fifo_flags=0x0
13:13:42 bench: burst id=0x300 n=500 len=8 fd=0 brs=0 ext=0 -> sent=500 failed=0 231851 us drained=1 TEC=0 REC=0 fifo_flags=0x0
13:13:42 bench: burst id=0x300 n=500 len=8 fd=0 brs=0 ext=0 -> sent=500 failed=0 231821 us drained=1 TEC=0 REC=0 fifo_flags=0x0
13:13:42 bench: burst id=0x300 n=500 len=8 fd=0 brs=0 ext=0 -> sent=500 failed=0 231831 us drained=1 TEC=0 REC=0 fifo_flags=0x0
13:13:42 bench: burst id=0x300 n=500 len=8 fd=0 brs=0 ext=0 -> sent=500 failed=0 231579 us drained=1 TEC=0 REC=0 fifo_flags=0x0
13:13:43 bench: burst id=0x300 n=500 len=8 fd=0 brs=0 ext=0 -> sent=500 failed=0 231877 us drained=1 TEC=0 REC=0 fifo_flags=0x0
13:13:43 bench: burst id=0x300 n=500 len=8 fd=0 brs=0 ext=0 -> sent=500 failed=0 231813 us drained=1 TEC=0 REC=0 fifo_flags=0x0
13:13:43 bench: burst id=0x300 n=500 len=8 fd=0 brs=0 ext=0 -> sent=500 failed=0 231859 us drained=1 TEC=0 REC=0 fifo_flags=0x0
13:13:43 bench: burst id=0x300 n=500 len=8 fd=0 brs=0 ext=0 -> sent=500 failed=0 231925 us drained=1 TEC=0 REC=0 fifo_flags=0x0
13:13:44 bench: burst id=0x300 n=500 len=8 fd=0 brs=0 ext=0 -> sent=500 failed=0 231859 us drained=1 TEC=0 REC=0 fifo_flags=0x0
13:13:44 bench: burst id=0x300 n=500 len=8 fd=0 brs=0 ext=0 -> sent=500 failed=0 231856 us drained=1 TEC=0 REC=0 fifo_flags=0x0
13:13:44 bench: burst id=0x300 n=500 len=8 fd=0 brs=0 ext=0 -> sent=500 failed=0 231814 us drained=1 TEC=0 REC=0 fifo_flags=0x0
13:13:44 bench: burst id=0x300 n=500 len=8 fd=0 brs=0 ext=0 -> sent=500 failed=0 231770 us drained=1 TEC=0 REC=0 fifo_flags=0x0
13:13:45 bench: burst id=0x300 n=500 len=8 fd=0 brs=0 ext=0 -> sent=500 failed=0 231726 us drained=1 TEC=0 REC=0 fifo_flags=0x0
13:13:45 bench: burst id=0x300 n=500 len=8 fd=0 brs=0 ext=0 -> sent=500 failed=0 231744 us drained=1 TEC=0 REC=0 fifo_flags=0x0
13:13:45 bench: burst id=0x300 n=500 len=8 fd=0 brs=0 ext=0 -> sent=500 failed=0 231788 us drained=1 TEC=0 REC=0 fifo_flags=0x0
13:13:45 bench: burst id=0x300 n=500 len=8 fd=0 brs=0 ext=0 -> sent=500 failed=0 231753 us drained=1 TEC=0 REC=0 fifo_flags=0x0
13:13:46 bench: burst id=0x300 n=500 len=8 fd=0 brs=0 ext=0 -> sent=500 failed=0 231797 us drained=1 TEC=0 REC=0 fifo_flags=0x0
13:13:46 bench: burst id=0x300 n=500 len=8 fd=0 brs=0 ext=0 -> sent=500 failed=0 231763 us drained=1 TEC=0 REC=0 fifo_flags=0x0
13:13:46 bench: burst id=0x300 n=500 len=8 fd=0 brs=0 ext=0 -> sent=500 failed=0 231781 us drained=1 TEC=0 REC=0 fifo_flags=0x0
13:13:46 bench: burst id=0x300 n=500 len=8 fd=0 brs=0 ext=0 -> sent=500 failed=0 231477 us drained=1 TEC=0 REC=0 fifo_flags=0x0
13:13:46 bench: burst id=0x300 n=500 len=8 fd=0 brs=0 ext=0 -> sent=500 failed=0 231808 us drained=1 TEC=0 REC=0 fifo_flags=0x0
13:13:47 bench: burst id=0x300 n=500 len=8 fd=0 brs=0 ext=0 -> sent=500 failed=0 231769 us drained=1 TEC=0 REC=0 fifo_flags=0x0
13:13:47 bench: burst id=0x300 n=500 len=8 fd=0 brs=0 ext=0 -> sent=500 failed=0 231733 us drained=1 TEC=0 REC=0 fifo_flags=0x0
13:13:47 bench: burst id=0x300 n=500 len=8 fd=0 brs=0 ext=0 -> sent=500 failed=0 231685 us drained=1 TEC=0 REC=0 fifo_flags=0x0
13:13:47 bench: burst id=0x300 n=500 len=8 fd=0 brs=0 ext=0 -> sent=500 failed=0 231685 us drained=1 TEC=0 REC=0 fifo_flags=0x0
13:13:48 bench: burst id=0x300 n=500 len=8 fd=0 brs=0 ext=0 -> sent=500 failed=0 231704 us drained=1 TEC=0 REC=0 fifo_flags=0x0
13:13:48 bench: burst id=0x300 n=500 len=8 fd=0 brs=0 ext=0 -> sent=500 failed=0 231729 us drained=1 TEC=0 REC=0 fifo_flags=0x0
13:13:48 bench: burst id=0x300 n=500 len=8 fd=0 brs=0 ext=0 -> sent=500 failed=0 231710 us drained=1 TEC=0 REC=0 fifo_flags=0x0
13:13:48 bench: burst id=0x300 n=500 len=8 fd=0 brs=0 ext=0 -> sent=500 failed=0 231754 us drained=1 TEC=0 REC=0 fifo_flags=0x0
13:13:49 bench: burst id=0x300 n=500 len=8 fd=0 brs=0 ext=0 -> sent=500 failed=0 231739 us drained=1 TEC=0 REC=0 fifo_flags=0x0
13:13:49 bench: burst id=0x300 n=500 len=8 fd=0 brs=0 ext=0 -> sent=500 failed=0 231690 us drained=1 TEC=0 REC=0 fifo_flags=0x0
13:13:49 bench: burst id=0x300 n=500 len=8 fd=0 brs=0 ext=0 -> sent=500 failed=0 231660 us drained=1 TEC=0 REC=0 fifo_flags=0x0
13:13:49 bench: burst id=0x300 n=500 len=8 fd=0 brs=0 ext=0 -> sent=500 failed=0 232065 us drained=1 TEC=0 REC=0 fifo_flags=0x0
13:13:50 bench: burst id=0x300 n=500 len=8 fd=0 brs=0 ext=0 -> sent=500 failed=0 231779 us drained=1 TEC=0 REC=0 fifo_flags=0x0
13:13:50 bench: burst id=0x300 n=500 len=8 fd=0 brs=0 ext=0 -> sent=500 failed=0 231713 us drained=1 TEC=0 REC=0 fifo_flags=0x0
13:13:50 bench: burst id=0x300 n=500 len=8 fd=0 brs=0 ext=0 -> sent=500 failed=0 231661 us drained=1 TEC=0 REC=0 fifo_flags=0x0
13:13:50 bench: burst id=0x300 n=500 len=8 fd=0 brs=0 ext=0 -> sent=500 failed=0 231666 us drained=1 TEC=0 REC=0 fifo_flags=0x0
13:13:51 bench: burst id=0x300 n=500 len=8 fd=0 brs=0 ext=0 -> sent=500 failed=0 231681 us drained=1 TEC=0 REC=0 fifo_flags=0x0
13:13:51 bench: burst id=0x300 n=500 len=8 fd=0 brs=0 ext=0 -> sent=500 failed=0 231621 us drained=1 TEC=0 REC=0 fifo_flags=0x0
13:13:51 bench: burst id=0x300 n=500 len=8 fd=0 brs=0 ext=0 -> sent=500 failed=0 231644 us drained=1 TEC=0 REC=0 fifo_flags=0x0
13:13:51 bench: burst id=0x300 n=500 len=8 fd=0 brs=0 ext=0 -> sent=500 failed=0 231683 us drained=1 TEC=0 REC=0 fifo_flags=0x0
13:13:52 bench: burst id=0x300 n=500 len=8 fd=0 brs=0 ext=0 -> sent=500 failed=0 231731 us drained=1 TEC=0 REC=0 fifo_flags=0x0
13:13:52 bench: burst id=0x300 n=500 len=8 fd=0 brs=0 ext=0 -> sent=500 failed=0 231816 us drained=1 TEC=0 REC=0 fifo_flags=0x0
13:13:52 bench: burst id=0x300 n=500 len=8 fd=0 brs=0 ext=0 -> sent=500 failed=0 231846 us drained=1 TEC=0 REC=0 fifo_flags=0x0
13:13:52 bench: burst id=0x300 n=500 len=8 fd=0 brs=0 ext=0 -> sent=500 failed=0 231751 us drained=1 TEC=0 REC=0 fifo_flags=0x0
13:13:53 bench: burst id=0x300 n=500 len=8 fd=0 brs=0 ext=0 -> sent=500 failed=0 231808 us drained=1 TEC=0 REC=0 fifo_flags=0x0
13:13:53 bench: burst id=0x300 n=500 len=8 fd=0 brs=0 ext=0 -> sent=500 failed=0 231716 us drained=1 TEC=0 REC=0 fifo_flags=0x0
13:13:53 bench: burst id=0x300 n=500 len=8 fd=0 brs=0 ext=0 -> sent=500 failed=0 231605 us drained=1 TEC=0 REC=0 fifo_flags=0x0
13:13:53 bench: burst id=0x300 n=500 len=8 fd=0 brs=0 ext=0 -> sent=500 failed=0 231665 us drained=1 TEC=0 REC=0 fifo_flags=0x0
13:13:54 bench: burst id=0x300 n=500 len=8 fd=0 brs=0 ext=0 -> sent=500 failed=0 231648 us drained=1 TEC=0 REC=0 fifo_flags=0x0
13:13:54 bench: burst id=0x300 n=500 len=8 fd=0 brs=0 ext=0 -> sent=500 failed=0 231745 us drained=1 TEC=0 REC=0 fifo_flags=0x0
13:13:54 bench: burst id=0x300 n=500 len=8 fd=0 brs=0 ext=0 -> sent=500 failed=0 231688 us drained=1 TEC=0 REC=0 fifo_flags=0x0
13:13:54 bench: burst id=0x300 n=500 len=8 fd=0 brs=0 ext=0 -> sent=500 failed=0 231640 us drained=1 TEC=0 REC=0 fifo_flags=0x0
13:13:55 bench: burst id=0x300 n=500 len=8 fd=0 brs=0 ext=0 -> sent=500 failed=0 231776 us drained=1 TEC=0 REC=0 fifo_flags=0x0
13:13:55 bench: burst id=0x300 n=500 len=8 fd=0 brs=0 ext=0 -> sent=500 failed=0 231800 us drained=1 TEC=0 REC=0 fifo_flags=0x0
13:13:55 bench: burst id=0x300 n=500 len=8 fd=0 brs=0 ext=0 -> sent=500 failed=0 231624 us drained=1 TEC=0 REC=0 fifo_flags=0x0
13:13:55 bench: burst id=0x300 n=500 len=8 fd=0 brs=0 ext=0 -> sent=500 failed=0 231711 us drained=1 TEC=0 REC=0 fifo_flags=0x0
13:13:56 bench: burst id=0x300 n=500 len=8 fd=0 brs=0 ext=0 -> sent=500 failed=0 231816 us drained=1 TEC=0 REC=0 fifo_flags=0x0
13:13:56 bench: burst id=0x300 n=500 len=8 fd=0 brs=0 ext=0 -> sent=500 failed=0 231888 us drained=1 TEC=0 REC=0 fifo_flags=0x0
13:13:56 bench: burst id=0x300 n=500 len=8 fd=0 brs=0 ext=0 -> sent=500 failed=0 231822 us drained=1 TEC=0 REC=0 fifo_flags=0x0
13:13:56 bench: burst id=0x300 n=500 len=8 fd=0 brs=0 ext=0 -> sent=500 failed=0 231740 us drained=1 TEC=0 REC=0 fifo_flags=0x0
13:13:57 bench: burst id=0x300 n=500 len=8 fd=0 brs=0 ext=0 -> sent=500 failed=0 231743 us drained=1 TEC=0 REC=0 fifo_flags=0x0
13:13:57 bench: burst id=0x300 n=500 len=8 fd=0 brs=0 ext=0 -> sent=500 failed=0 231763 us drained=1 TEC=0 REC=0 fifo_flags=0x0
13:13:57 bench: burst id=0x300 n=500 len=8 fd=0 brs=0 ext=0 -> sent=500 failed=0 231794 us drained=1 TEC=0 REC=0 fifo_flags=0x0
13:13:57 bench: burst id=0x300 n=500 len=8 fd=0 brs=0 ext=0 -> sent=500 failed=0 231719 us drained=1 TEC=0 REC=0 fifo_flags=0x0
13:13:58 bench: burst id=0x300 n=500 len=8 fd=0 brs=0 ext=0 -> sent=500 failed=0 231731 us drained=1 TEC=0 REC=0 fifo_flags=0x0
13:13:58 bench: burst id=0x300 n=500 len=8 fd=0 brs=0 ext=0 -> sent=500 failed=0 231680 us drained=1 TEC=0 REC=0 fifo_flags=0x0
13:13:58 bench: burst id=0x300 n=500 len=8 fd=0 brs=0 ext=0 -> sent=500 failed=0 231607 us drained=1 TEC=0 REC=0 fifo_flags=0x0
13:13:58 bench: burst id=0x300 n=500 len=8 fd=0 brs=0 ext=0 -> sent=500 failed=0 231660 us drained=1 TEC=0 REC=0 fifo_flags=0x0
13:13:59 bench: burst id=0x300 n=500 len=8 fd=0 brs=0 ext=0 -> sent=500 failed=0 231728 us drained=1 TEC=0 REC=0 fifo_flags=0x0
13:13:59 bench: burst id=0x300 n=500 len=8 fd=0 brs=0 ext=0 -> sent=500 failed=0 231753 us drained=1 TEC=0 REC=0 fifo_flags=0x0
13:13:59 bench: burst id=0x300 n=500 len=8 fd=0 brs=0 ext=0 -> sent=500 failed=0 231687 us drained=1 TEC=0 REC=0 fifo_flags=0x0
13:13:59 bench: burst id=0x300 n=500 len=8 fd=0 brs=0 ext=0 -> sent=500 failed=0 231695 us drained=1 TEC=0 REC=0 fifo_flags=0x0
13:14:00 bench: burst id=0x300 n=500 len=8 fd=0 brs=0 ext=0 -> sent=500 failed=0 231777 us drained=1 TEC=0 REC=0 fifo_flags=0x0
13:14:00 bench: burst id=0x300 n=500 len=8 fd=0 brs=0 ext=0 -> sent=500 failed=0 231682 us drained=1 TEC=0 REC=0 fifo_flags=0x0
13:14:00 bench: burst id=0x300 n=500 len=8 fd=0 brs=0 ext=0 -> sent=500 failed=0 231644 us drained=1 TEC=0 REC=0 fifo_flags=0x0
13:14:00 bench: burst id=0x300 n=500 len=8 fd=0 brs=0 ext=0 -> sent=500 failed=0 231576 us drained=1 TEC=0 REC=0 fifo_flags=0x0
13:14:00 bench: burst id=0x300 n=500 len=8 fd=0 brs=0 ext=0 -> sent=500 failed=0 231664 us drained=1 TEC=0 REC=0 fifo_flags=0x0
13:14:01 bench: burst id=0x300 n=500 len=8 fd=0 brs=0 ext=0 -> sent=500 failed=0 231613 us drained=1 TEC=0 REC=0 fifo_flags=0x0
13:14:01 bench: burst id=0x300 n=500 len=8 fd=0 brs=0 ext=0 -> sent=500 failed=0 231523 us drained=1 TEC=0 REC=0 fifo_flags=0x0
13:14:01 bench: burst id=0x300 n=500 len=8 fd=0 brs=0 ext=0 -> sent=500 failed=0 231554 us drained=1 TEC=0 REC=0 fifo_flags=0x0
13:14:02 bench: burst id=0x300 n=500 len=8 fd=0 brs=0 ext=0 -> sent=500 failed=0 231698 us drained=1 TEC=0 REC=0 fifo_flags=0x0
13:14:02 bench: burst id=0x300 n=500 len=8 fd=0 brs=0 ext=0 -> sent=500 failed=0 231657 us drained=1 TEC=0 REC=0 fifo_flags=0x0
13:14:02 bench: burst id=0x300 n=500 len=8 fd=0 brs=0 ext=0 -> sent=500 failed=0 231657 us drained=1 TEC=0 REC=0 fifo_flags=0x0
13:14:02 bench: burst id=0x300 n=500 len=8 fd=0 brs=0 ext=0 -> sent=500 failed=0 231550 us drained=1 TEC=0 REC=0 fifo_flags=0x0
13:14:02 bench: burst id=0x300 n=500 len=8 fd=0 brs=0 ext=0 -> sent=500 failed=0 231635 us drained=1 TEC=0 REC=0 fifo_flags=0x0
13:14:03 bench: burst id=0x300 n=500 len=8 fd=0 brs=0 ext=0 -> sent=500 failed=0 231663 us drained=1 TEC=0 REC=0 fifo_flags=0x0
13:14:03 bench: burst id=0x300 n=500 len=8 fd=0 brs=0 ext=0 -> sent=500 failed=0 231604 us drained=1 TEC=0 REC=0 fifo_flags=0x0
13:14:03 bench: burst id=0x300 n=500 len=8 fd=0 brs=0 ext=0 -> sent=500 failed=0 231626 us drained=1 TEC=0 REC=0 fifo_flags=0x0
13:14:03 bench: burst id=0x300 n=500 len=8 fd=0 brs=0 ext=0 -> sent=500 failed=0 231716 us drained=1 TEC=0 REC=0 fifo_flags=0x0
13:14:04 bench: burst id=0x300 n=500 len=8 fd=0 brs=0 ext=0 -> sent=500 failed=0 231754 us drained=1 TEC=0 REC=0 fifo_flags=0x0
13:14:04 bench: burst id=0x300 n=500 len=8 fd=0 brs=0 ext=0 -> sent=500 failed=0 231756 us drained=1 TEC=0 REC=0 fifo_flags=0x0
13:14:04 bench: burst id=0x300 n=500 len=8 fd=0 brs=0 ext=0 -> sent=500 failed=0 231682 us drained=1 TEC=0 REC=0 fifo_flags=0x0
13:14:04 bench: burst id=0x300 n=500 len=8 fd=0 brs=0 ext=0 -> sent=500 failed=0 231791 us drained=1 TEC=0 REC=0 fifo_flags=0x0
13:14:05 bench: burst id=0x300 n=500 len=8 fd=0 brs=0 ext=0 -> sent=500 failed=0 231816 us drained=1 TEC=0 REC=0 fifo_flags=0x0
13:14:05 bench: burst id=0x300 n=500 len=8 fd=0 brs=0 ext=0 -> sent=500 failed=0 231821 us drained=1 TEC=0 REC=0 fifo_flags=0x0
13:14:05 bench: burst id=0x300 n=500 len=8 fd=0 brs=0 ext=0 -> sent=500 failed=0 231740 us drained=1 TEC=0 REC=0 fifo_flags=0x0
13:14:06 bench: burst id=0x300 n=500 len=8 fd=0 brs=0 ext=0 -> sent=500 failed=0 231823 us drained=1 TEC=0 REC=0 fifo_flags=0x0
13:14:06 bench: burst id=0x300 n=500 len=8 fd=0 brs=0 ext=0 -> sent=500 failed=0 231856 us drained=1 TEC=0 REC=0 fifo_flags=0x0
13:14:06 bench: burst id=0x300 n=500 len=8 fd=0 brs=0 ext=0 -> sent=500 failed=0 231874 us drained=1 TEC=0 REC=0 fifo_flags=0x0
13:14:06 bench: burst id=0x300 n=500 len=8 fd=0 brs=0 ext=0 -> sent=500 failed=0 231831 us drained=1 TEC=0 REC=0 fifo_flags=0x0
13:14:06 bench: burst id=0x300 n=500 len=8 fd=0 brs=0 ext=0 -> sent=500 failed=0 231785 us drained=1 TEC=0 REC=0 fifo_flags=0x0
13:14:07 bench: burst id=0x300 n=500 len=8 fd=0 brs=0 ext=0 -> sent=500 failed=0 231828 us drained=1 TEC=0 REC=0 fifo_flags=0x0
13:14:07 bench: burst id=0x300 n=500 len=8 fd=0 brs=0 ext=0 -> sent=500 failed=0 231795 us drained=1 TEC=0 REC=0 fifo_flags=0x0
13:14:07 bench: burst id=0x300 n=500 len=8 fd=0 brs=0 ext=0 -> sent=500 failed=0 231789 us drained=1 TEC=0 REC=0 fifo_flags=0x0
13:14:07 bench: burst id=0x300 n=500 len=8 fd=0 brs=0 ext=0 -> sent=500 failed=0 231909 us drained=1 TEC=0 REC=0 fifo_flags=0x0
13:14:08 bench: burst id=0x300 n=500 len=8 fd=0 brs=0 ext=0 -> sent=500 failed=0 231868 us drained=1 TEC=0 REC=0 fifo_flags=0x0
13:14:08 bench: burst id=0x300 n=500 len=8 fd=0 brs=0 ext=0 -> sent=500 failed=0 231763 us drained=1 TEC=0 REC=0 fifo_flags=0x0
13:14:08 bench: burst id=0x300 n=500 len=8 fd=0 brs=0 ext=0 -> sent=500 failed=0 231671 us drained=1 TEC=0 REC=0 fifo_flags=0x0
13:14:08 bench: burst id=0x300 n=500 len=8 fd=0 brs=0 ext=0 -> sent=500 failed=0 231688 us drained=1 TEC=0 REC=0 fifo_flags=0x0
13:14:09 bench: burst id=0x300 n=500 len=8 fd=0 brs=0 ext=0 -> sent=500 failed=0 231804 us drained=1 TEC=0 REC=0 fifo_flags=0x0
13:14:09 bench: burst id=0x300 n=500 len=8 fd=0 brs=0 ext=0 -> sent=500 failed=0 231778 us drained=1 TEC=0 REC=0 fifo_flags=0x0
13:14:09 bench: burst id=0x300 n=500 len=8 fd=0 brs=0 ext=0 -> sent=500 failed=0 231787 us drained=1 TEC=0 REC=0 fifo_flags=0x0
13:14:09 bench: burst id=0x300 n=500 len=8 fd=0 brs=0 ext=0 -> sent=500 failed=0 231745 us drained=1 TEC=0 REC=0 fifo_flags=0x0
13:14:10 bench: burst id=0x300 n=500 len=8 fd=0 brs=0 ext=0 -> sent=500 failed=0 231707 us drained=1 TEC=0 REC=0 fifo_flags=0x0
13:14:10 bench: burst id=0x300 n=500 len=8 fd=0 brs=0 ext=0 -> sent=500 failed=0 231710 us drained=1 TEC=0 REC=0 fifo_flags=0x0
13:14:10 bench: burst id=0x300 n=500 len=8 fd=0 brs=0 ext=0 -> sent=500 failed=0 231689 us drained=1 TEC=0 REC=0 fifo_flags=0x0
13:14:10 bench: burst id=0x300 n=500 len=8 fd=0 brs=0 ext=0 -> sent=500 failed=0 231725 us drained=1 TEC=0 REC=0 fifo_flags=0x0
13:14:11 bench: burst id=0x300 n=500 len=8 fd=0 brs=0 ext=0 -> sent=500 failed=0 231814 us drained=1 TEC=0 REC=0 fifo_flags=0x0
13:14:11 bench: burst id=0x300 n=500 len=8 fd=0 brs=0 ext=0 -> sent=500 failed=0 231746 us drained=1 TEC=0 REC=0 fifo_flags=0x0
13:14:11 bench: burst id=0x300 n=500 len=8 fd=0 brs=0 ext=0 -> sent=500 failed=0 231615 us drained=1 TEC=0 REC=0 fifo_flags=0x0
13:14:11 bench: burst id=0x300 n=500 len=8 fd=0 brs=0 ext=0 -> sent=500 failed=0 231690 us drained=1 TEC=0 REC=0 fifo_flags=0x0
13:14:12 bench: burst id=0x300 n=500 len=8 fd=0 brs=0 ext=0 -> sent=500 failed=0 231407 us drained=1 TEC=0 REC=0 fifo_flags=0x0
13:14:12 bench: burst id=0x300 n=500 len=8 fd=0 brs=0 ext=0 -> sent=500 failed=0 231723 us drained=1 TEC=0 REC=0 fifo_flags=0x0
13:14:12 bench: burst id=0x300 n=500 len=8 fd=0 brs=0 ext=0 -> sent=500 failed=0 231720 us drained=1 TEC=0 REC=0 fifo_flags=0x0
13:14:12 bench: burst id=0x300 n=500 len=8 fd=0 brs=0 ext=0 -> sent=500 failed=0 231637 us drained=1 TEC=0 REC=0 fifo_flags=0x0
13:14:13 bench: burst id=0x300 n=500 len=8 fd=0 brs=0 ext=0 -> sent=500 failed=0 231999 us drained=1 TEC=0 REC=0 fifo_flags=0x0
13:14:13 bench: burst id=0x300 n=500 len=8 fd=0 brs=0 ext=0 -> sent=500 failed=0 231625 us drained=1 TEC=0 REC=0 fifo_flags=0x0
13:14:13 bench: burst id=0x300 n=500 len=8 fd=0 brs=0 ext=0 -> sent=500 failed=0 231591 us drained=1 TEC=0 REC=0 fifo_flags=0x0
13:14:13 bench: burst id=0x300 n=500 len=8 fd=0 brs=0 ext=0 -> sent=500 failed=0 231722 us drained=1 TEC=0 REC=0 fifo_flags=0x0
13:14:13 bench: burst id=0x300 n=500 len=8 fd=0 brs=0 ext=0 -> sent=500 failed=0 231713 us drained=1 TEC=0 REC=0 fifo_flags=0x0
13:14:14 bench: burst id=0x300 n=500 len=8 fd=0 brs=0 ext=0 -> sent=500 failed=0 231734 us drained=1 TEC=0 REC=0 fifo_flags=0x0
13:14:14 bench: burst id=0x300 n=500 len=8 fd=0 brs=0 ext=0 -> sent=500 failed=0 231661 us drained=1 TEC=0 REC=0 fifo_flags=0x0
13:14:14 bench: burst id=0x300 n=500 len=8 fd=0 brs=0 ext=0 -> sent=500 failed=0 231708 us drained=1 TEC=0 REC=0 fifo_flags=0x0
13:14:14 bench: burst id=0x300 n=500 len=8 fd=0 brs=0 ext=0 -> sent=500 failed=0 231758 us drained=1 TEC=0 REC=0 fifo_flags=0x0
13:14:15 bench: burst id=0x300 n=500 len=8 fd=0 brs=0 ext=0 -> sent=500 failed=0 231712 us drained=1 TEC=0 REC=0 fifo_flags=0x0
13:14:15 bench: burst id=0x300 n=500 len=8 fd=0 brs=0 ext=0 -> sent=500 failed=0 231794 us drained=1 TEC=0 REC=0 fifo_flags=0x0
13:14:15 bench: burst id=0x300 n=500 len=8 fd=0 brs=0 ext=0 -> sent=500 failed=0 231694 us drained=1 TEC=0 REC=0 fifo_flags=0x0
13:14:15 bench: burst id=0x300 n=500 len=8 fd=0 brs=0 ext=0 -> sent=500 failed=0 231682 us drained=1 TEC=0 REC=0 fifo_flags=0x0
13:14:16 bench: burst id=0x300 n=500 len=8 fd=0 brs=0 ext=0 -> sent=500 failed=0 231786 us drained=1 TEC=0 REC=0 fifo_flags=0x0
13:14:16 bench: burst id=0x300 n=500 len=8 fd=0 brs=0 ext=0 -> sent=500 failed=0 231744 us drained=1 TEC=0 REC=0 fifo_flags=0x0
13:14:16 bench: burst id=0x300 n=500 len=8 fd=0 brs=0 ext=0 -> sent=500 failed=0 231725 us drained=1 TEC=0 REC=0 fifo_flags=0x0
13:14:16 bench: burst id=0x300 n=500 len=8 fd=0 brs=0 ext=0 -> sent=500 failed=0 231828 us drained=1 TEC=0 REC=0 fifo_flags=0x0
13:14:17 bench: burst id=0x300 n=500 len=8 fd=0 brs=0 ext=0 -> sent=500 failed=0 231767 us drained=1 TEC=0 REC=0 fifo_flags=0x0
13:14:17 bench: burst id=0x300 n=500 len=8 fd=0 brs=0 ext=0 -> sent=500 failed=0 231706 us drained=1 TEC=0 REC=0 fifo_flags=0x0
13:14:17 bench: burst id=0x300 n=500 len=8 fd=0 brs=0 ext=0 -> sent=500 failed=0 231765 us drained=1 TEC=0 REC=0 fifo_flags=0x0
13:14:17 bench: burst id=0x300 n=500 len=8 fd=0 brs=0 ext=0 -> sent=500 failed=0 231738 us drained=1 TEC=0 REC=0 fifo_flags=0x0
13:14:18 bench: burst id=0x300 n=500 len=8 fd=0 brs=0 ext=0 -> sent=500 failed=0 231465 us drained=1 TEC=0 REC=0 fifo_flags=0x0
13:14:18 bench: burst id=0x300 n=500 len=8 fd=0 brs=0 ext=0 -> sent=500 failed=0 231433 us drained=1 TEC=0 REC=0 fifo_flags=0x0
13:14:18 bench: burst id=0x300 n=500 len=8 fd=0 brs=0 ext=0 -> sent=500 failed=0 231660 us drained=1 TEC=0 REC=0 fifo_flags=0x0
13:14:18 bench: burst id=0x300 n=500 len=8 fd=0 brs=0 ext=0 -> sent=500 failed=0 231735 us drained=1 TEC=0 REC=0 fifo_flags=0x0
13:14:19 bench: burst id=0x300 n=500 len=8 fd=0 brs=0 ext=0 -> sent=500 failed=0 231744 us drained=1 TEC=0 REC=0 fifo_flags=0x0
13:14:19 bench: burst id=0x300 n=500 len=8 fd=0 brs=0 ext=0 -> sent=500 failed=0 231732 us drained=1 TEC=0 REC=0 fifo_flags=0x0
13:14:19 bench: burst id=0x300 n=500 len=8 fd=0 brs=0 ext=0 -> sent=500 failed=0 231784 us drained=1 TEC=0 REC=0 fifo_flags=0x0
13:14:20 bench: burst id=0x300 n=500 len=8 fd=0 brs=0 ext=0 -> sent=500 failed=0 231775 us drained=1 TEC=0 REC=0 fifo_flags=0x0
13:14:20 bench: burst id=0x300 n=500 len=8 fd=0 brs=0 ext=0 -> sent=500 failed=0 231731 us drained=1 TEC=0 REC=0 fifo_flags=0x0
13:14:20 bench: burst id=0x300 n=500 len=8 fd=0 brs=0 ext=0 -> sent=500 failed=0 231731 us drained=1 TEC=0 REC=0 fifo_flags=0x0
13:14:20 bench: burst id=0x300 n=500 len=8 fd=0 brs=0 ext=0 -> sent=500 failed=0 231804 us drained=1 TEC=0 REC=0 fifo_flags=0x0
13:14:20 bench: burst id=0x300 n=500 len=8 fd=0 brs=0 ext=0 -> sent=500 failed=0 231832 us drained=1 TEC=0 REC=0 fifo_flags=0x0
13:14:21 bench: burst id=0x300 n=500 len=8 fd=0 brs=0 ext=0 -> sent=500 failed=0 231830 us drained=1 TEC=0 REC=0 fifo_flags=0x0
13:14:21 bench: burst id=0x300 n=500 len=8 fd=0 brs=0 ext=0 -> sent=500 failed=0 231736 us drained=1 TEC=0 REC=0 fifo_flags=0x0
13:14:21 bench: burst id=0x300 n=500 len=8 fd=0 brs=0 ext=0 -> sent=500 failed=0 231872 us drained=1 TEC=0 REC=0 fifo_flags=0x0
13:14:21 bench: burst id=0x300 n=500 len=8 fd=0 brs=0 ext=0 -> sent=500 failed=0 231901 us drained=1 TEC=0 REC=0 fifo_flags=0x0
13:14:22 bench: burst id=0x300 n=500 len=8 fd=0 brs=0 ext=0 -> sent=500 failed=0 231817 us drained=1 TEC=0 REC=0 fifo_flags=0x0
13:14:22 bench: burst id=0x300 n=500 len=8 fd=0 brs=0 ext=0 -> sent=500 failed=0 231774 us drained=1 TEC=0 REC=0 fifo_flags=0x0
13:14:22 bench: burst id=0x300 n=500 len=8 fd=0 brs=0 ext=0 -> sent=500 failed=0 231771 us drained=1 TEC=0 REC=0 fifo_flags=0x0
13:14:22 bench: burst id=0x300 n=500 len=8 fd=0 brs=0 ext=0 -> sent=500 failed=0 231861 us drained=1 TEC=0 REC=0 fifo_flags=0x0
13:14:23 bench: burst id=0x300 n=500 len=8 fd=0 brs=0 ext=0 -> sent=500 failed=0 231853 us drained=1 TEC=0 REC=0 fifo_flags=0x0
13:14:23 bench: burst id=0x300 n=500 len=8 fd=0 brs=0 ext=0 -> sent=500 failed=0 231798 us drained=1 TEC=0 REC=0 fifo_flags=0x0
13:14:23 bench: burst id=0x300 n=500 len=8 fd=0 brs=0 ext=0 -> sent=500 failed=0 231772 us drained=1 TEC=0 REC=0 fifo_flags=0x0
13:14:23 bench: burst id=0x300 n=500 len=8 fd=0 brs=0 ext=0 -> sent=500 failed=0 231882 us drained=1 TEC=0 REC=0 fifo_flags=0x0
13:14:24 bench: burst id=0x300 n=500 len=8 fd=0 brs=0 ext=0 -> sent=500 failed=0 231839 us drained=1 TEC=0 REC=0 fifo_flags=0x0
13:14:24 bench: burst id=0x300 n=500 len=8 fd=0 brs=0 ext=0 -> sent=500 failed=0 231742 us drained=1 TEC=0 REC=0 fifo_flags=0x0
13:14:24 bench: burst id=0x300 n=500 len=8 fd=0 brs=0 ext=0 -> sent=500 failed=0 231751 us drained=1 TEC=0 REC=0 fifo_flags=0x0
13:14:24 bench: burst id=0x300 n=500 len=8 fd=0 brs=0 ext=0 -> sent=500 failed=0 231786 us drained=1 TEC=0 REC=0 fifo_flags=0x0
13:14:25 bench: burst id=0x300 n=500 len=8 fd=0 brs=0 ext=0 -> sent=500 failed=0 231878 us drained=1 TEC=0 REC=0 fifo_flags=0x0
13:14:25 bench: burst id=0x300 n=500 len=8 fd=0 brs=0 ext=0 -> sent=500 failed=0 231725 us drained=1 TEC=0 REC=0 fifo_flags=0x0
13:14:25 bench: burst id=0x300 n=500 len=8 fd=0 brs=0 ext=0 -> sent=500 failed=0 231721 us drained=1 TEC=0 REC=0 fifo_flags=0x0
13:14:25 bench: burst id=0x300 n=500 len=8 fd=0 brs=0 ext=0 -> sent=500 failed=0 231812 us drained=1 TEC=0 REC=0 fifo_flags=0x0
13:14:26 bench: burst id=0x300 n=500 len=8 fd=0 brs=0 ext=0 -> sent=500 failed=0 231850 us drained=1 TEC=0 REC=0 fifo_flags=0x0
13:14:26 bench: burst id=0x300 n=500 len=8 fd=0 brs=0 ext=0 -> sent=500 failed=0 231774 us drained=1 TEC=0 REC=0 fifo_flags=0x0
13:14:26 bench: burst id=0x300 n=500 len=8 fd=0 brs=0 ext=0 -> sent=500 failed=0 231761 us drained=1 TEC=0 REC=0 fifo_flags=0x0
13:14:26 bench: burst id=0x300 n=500 len=8 fd=0 brs=0 ext=0 -> sent=500 failed=0 231809 us drained=1 TEC=0 REC=0 fifo_flags=0x0
13:14:27 bench: burst id=0x300 n=500 len=8 fd=0 brs=0 ext=0 -> sent=500 failed=0 231873 us drained=1 TEC=0 REC=0 fifo_flags=0x0
13:14:27 bench: burst id=0x300 n=500 len=8 fd=0 brs=0 ext=0 -> sent=500 failed=0 231798 us drained=1 TEC=0 REC=0 fifo_flags=0x0
13:14:27 bench: burst id=0x300 n=500 len=8 fd=0 brs=0 ext=0 -> sent=500 failed=0 231676 us drained=1 TEC=0 REC=0 fifo_flags=0x0
13:14:27 bench: burst id=0x300 n=500 len=8 fd=0 brs=0 ext=0 -> sent=500 failed=0 231784 us drained=1 TEC=0 REC=0 fifo_flags=0x0
13:14:27 bench: burst id=0x300 n=500 len=8 fd=0 brs=0 ext=0 -> sent=500 failed=0 231727 us drained=1 TEC=0 REC=0 fifo_flags=0x0
13:14:28 bench: burst id=0x300 n=500 len=8 fd=0 brs=0 ext=0 -> sent=500 failed=0 231641 us drained=1 TEC=0 REC=0 fifo_flags=0x0
13:14:28 bench: burst id=0x300 n=500 len=8 fd=0 brs=0 ext=0 -> sent=500 failed=0 231655 us drained=1 TEC=0 REC=0 fifo_flags=0x0
13:14:28 bench: burst id=0x300 n=500 len=8 fd=0 brs=0 ext=0 -> sent=500 failed=0 231494 us drained=1 TEC=0 REC=0 fifo_flags=0x0
13:14:28 bench: burst id=0x300 n=500 len=8 fd=0 brs=0 ext=0 -> sent=500 failed=0 231729 us drained=1 TEC=0 REC=0 fifo_flags=0x0
13:14:29 bench: burst id=0x300 n=500 len=8 fd=0 brs=0 ext=0 -> sent=500 failed=0 231600 us drained=1 TEC=0 REC=0 fifo_flags=0x0
13:14:29 bench: burst id=0x300 n=500 len=8 fd=0 brs=0 ext=0 -> sent=500 failed=0 231599 us drained=1 TEC=0 REC=0 fifo_flags=0x0
13:14:29 bench: burst id=0x300 n=500 len=8 fd=0 brs=0 ext=0 -> sent=500 failed=0 231687 us drained=1 TEC=0 REC=0 fifo_flags=0x0
13:14:29 bench: burst id=0x300 n=500 len=8 fd=0 brs=0 ext=0 -> sent=500 failed=0 231723 us drained=1 TEC=0 REC=0 fifo_flags=0x0
13:14:30 bench: burst id=0x300 n=500 len=8 fd=0 brs=0 ext=0 -> sent=500 failed=0 231836 us drained=1 TEC=0 REC=0 fifo_flags=0x0
13:14:30 bench: burst id=0x300 n=500 len=8 fd=0 brs=0 ext=0 -> sent=500 failed=0 231779 us drained=1 TEC=0 REC=0 fifo_flags=0x0
13:14:30 bench: burst id=0x300 n=500 len=8 fd=0 brs=0 ext=0 -> sent=500 failed=0 231763 us drained=1 TEC=0 REC=0 fifo_flags=0x0
13:14:30 bench: burst id=0x300 n=500 len=8 fd=0 brs=0 ext=0 -> sent=500 failed=0 231750 us drained=1 TEC=0 REC=0 fifo_flags=0x0
13:14:31 bench: burst id=0x300 n=500 len=8 fd=0 brs=0 ext=0 -> sent=500 failed=0 231641 us drained=1 TEC=0 REC=0 fifo_flags=0x0
13:14:31 bench: burst id=0x300 n=500 len=8 fd=0 brs=0 ext=0 -> sent=500 failed=0 231668 us drained=1 TEC=0 REC=0 fifo_flags=0x0
13:14:31 bench: burst id=0x300 n=500 len=8 fd=0 brs=0 ext=0 -> sent=500 failed=0 231735 us drained=1 TEC=0 REC=0 fifo_flags=0x0
13:14:31 bench: burst id=0x300 n=500 len=8 fd=0 brs=0 ext=0 -> sent=500 failed=0 231693 us drained=1 TEC=0 REC=0 fifo_flags=0x0
13:14:32 bench: burst id=0x300 n=500 len=8 fd=0 brs=0 ext=0 -> sent=500 failed=0 231690 us drained=1 TEC=0 REC=0 fifo_flags=0x0
13:14:32 bench: burst id=0x300 n=500 len=8 fd=0 brs=0 ext=0 -> sent=500 failed=0 231616 us drained=1 TEC=0 REC=0 fifo_flags=0x0
13:14:32 bench: burst id=0x300 n=500 len=8 fd=0 brs=0 ext=0 -> sent=500 failed=0 231705 us drained=1 TEC=0 REC=0 fifo_flags=0x0
13:14:32 bench: burst id=0x300 n=500 len=8 fd=0 brs=0 ext=0 -> sent=500 failed=0 231764 us drained=1 TEC=0 REC=0 fifo_flags=0x0
13:14:33 bench: burst id=0x300 n=500 len=8 fd=0 brs=0 ext=0 -> sent=500 failed=0 231990 us drained=1 TEC=0 REC=0 fifo_flags=0x0
13:14:33 bench: burst id=0x300 n=500 len=8 fd=0 brs=0 ext=0 -> sent=500 failed=0 231686 us drained=1 TEC=0 REC=0 fifo_flags=0x0
13:14:33 bench: burst id=0x300 n=500 len=8 fd=0 brs=0 ext=0 -> sent=500 failed=0 231500 us drained=1 TEC=0 REC=0 fifo_flags=0x0
13:14:34 bench: burst id=0x300 n=500 len=8 fd=0 brs=0 ext=0 -> sent=500 failed=0 231698 us drained=1 TEC=0 REC=0 fifo_flags=0x0
13:14:34 bench: burst id=0x300 n=500 len=8 fd=0 brs=0 ext=0 -> sent=500 failed=0 231777 us drained=1 TEC=0 REC=0 fifo_flags=0x0
13:14:34 bench: burst id=0x300 n=500 len=8 fd=0 brs=0 ext=0 -> sent=500 failed=0 231731 us drained=1 TEC=0 REC=0 fifo_flags=0x0
13:14:34 bench: burst id=0x300 n=500 len=8 fd=0 brs=0 ext=0 -> sent=500 failed=0 231834 us drained=1 TEC=0 REC=0 fifo_flags=0x0
13:14:34 bench: burst id=0x300 n=500 len=8 fd=0 brs=0 ext=0 -> sent=500 failed=0 231861 us drained=1 TEC=0 REC=0 fifo_flags=0x0
13:14:35 bench: burst id=0x300 n=500 len=8 fd=0 brs=0 ext=0 -> sent=500 failed=0 231830 us drained=1 TEC=0 REC=0 fifo_flags=0x0
13:14:35 bench: burst id=0x300 n=500 len=8 fd=0 brs=0 ext=0 -> sent=500 failed=0 231761 us drained=1 TEC=0 REC=0 fifo_flags=0x0
13:14:35 bench: burst id=0x300 n=500 len=8 fd=0 brs=0 ext=0 -> sent=500 failed=0 231802 us drained=1 TEC=0 REC=0 fifo_flags=0x0
13:14:35 bench: burst id=0x300 n=500 len=8 fd=0 brs=0 ext=0 -> sent=500 failed=0 231782 us drained=1 TEC=0 REC=0 fifo_flags=0x0
13:14:36 bench: burst id=0x300 n=500 len=8 fd=0 brs=0 ext=0 -> sent=500 failed=0 231703 us drained=1 TEC=0 REC=0 fifo_flags=0x0
13:14:36 bench: burst id=0x300 n=500 len=8 fd=0 brs=0 ext=0 -> sent=500 failed=0 231383 us drained=1 TEC=0 REC=0 fifo_flags=0x0
13:14:36 bench: burst id=0x300 n=500 len=8 fd=0 brs=0 ext=0 -> sent=500 failed=0 231712 us drained=1 TEC=0 REC=0 fifo_flags=0x0
13:14:36 bench: burst id=0x300 n=500 len=8 fd=0 brs=0 ext=0 -> sent=500 failed=0 231734 us drained=1 TEC=0 REC=0 fifo_flags=0x0
13:14:37 bench: burst id=0x300 n=500 len=8 fd=0 brs=0 ext=0 -> sent=500 failed=0 231658 us drained=1 TEC=0 REC=0 fifo_flags=0x0
13:14:37 bench: burst id=0x300 n=500 len=8 fd=0 brs=0 ext=0 -> sent=500 failed=0 231571 us drained=1 TEC=0 REC=0 fifo_flags=0x0
13:14:37 bench: burst id=0x300 n=500 len=8 fd=0 brs=0 ext=0 -> sent=500 failed=0 231557 us drained=1 TEC=0 REC=0 fifo_flags=0x0
13:14:37 bench: burst id=0x300 n=500 len=8 fd=0 brs=0 ext=0 -> sent=500 failed=0 231609 us drained=1 TEC=0 REC=0 fifo_flags=0x0
13:14:38 bench: burst id=0x300 n=500 len=8 fd=0 brs=0 ext=0 -> sent=500 failed=0 231645 us drained=1 TEC=0 REC=0 fifo_flags=0x0
13:14:38 bench: burst id=0x300 n=500 len=8 fd=0 brs=0 ext=0 -> sent=500 failed=0 231531 us drained=1 TEC=0 REC=0 fifo_flags=0x0
13:14:38 bench: burst id=0x300 n=500 len=8 fd=0 brs=0 ext=0 -> sent=500 failed=0 231584 us drained=1 TEC=0 REC=0 fifo_flags=0x0
13:14:38 bench: burst id=0x300 n=500 len=8 fd=0 brs=0 ext=0 -> sent=500 failed=0 231669 us drained=1 TEC=0 REC=0 fifo_flags=0x0
13:14:39 bench: burst id=0x300 n=500 len=8 fd=0 brs=0 ext=0 -> sent=500 failed=0 231666 us drained=1 TEC=0 REC=0 fifo_flags=0x0
13:14:39 bench: burst id=0x300 n=500 len=8 fd=0 brs=0 ext=0 -> sent=500 failed=0 231655 us drained=1 TEC=0 REC=0 fifo_flags=0x0
13:14:39 bench: burst id=0x300 n=500 len=8 fd=0 brs=0 ext=0 -> sent=500 failed=0 231673 us drained=1 TEC=0 REC=0 fifo_flags=0x0
13:14:39 bench: burst id=0x300 n=500 len=8 fd=0 brs=0 ext=0 -> sent=500 failed=0 231449 us drained=1 TEC=0 REC=0 fifo_flags=0x0
13:14:40 bench: burst id=0x300 n=500 len=8 fd=0 brs=0 ext=0 -> sent=500 failed=0 231596 us drained=1 TEC=0 REC=0 fifo_flags=0x0
13:14:40 bench: burst id=0x300 n=500 len=8 fd=0 brs=0 ext=0 -> sent=500 failed=0 231622 us drained=1 TEC=0 REC=0 fifo_flags=0x0
13:14:40 bench: burst id=0x300 n=500 len=8 fd=0 brs=0 ext=0 -> sent=500 failed=0 231573 us drained=1 TEC=0 REC=0 fifo_flags=0x0
13:14:40 bench: burst id=0x300 n=500 len=8 fd=0 brs=0 ext=0 -> sent=500 failed=0 231596 us drained=1 TEC=0 REC=0 fifo_flags=0x0
13:14:41 bench: burst id=0x300 n=500 len=8 fd=0 brs=0 ext=0 -> sent=500 failed=0 231638 us drained=1 TEC=0 REC=0 fifo_flags=0x0
13:14:41 bench: burst id=0x300 n=500 len=8 fd=0 brs=0 ext=0 -> sent=500 failed=0 231588 us drained=1 TEC=0 REC=0 fifo_flags=0x0
13:14:41 bench: burst id=0x300 n=500 len=8 fd=0 brs=0 ext=0 -> sent=500 failed=0 231532 us drained=1 TEC=0 REC=0 fifo_flags=0x0
13:14:41 bench: burst id=0x300 n=500 len=8 fd=0 brs=0 ext=0 -> sent=500 failed=0 231626 us drained=1 TEC=0 REC=0 fifo_flags=0x0
13:14:41 bench: burst id=0x300 n=500 len=8 fd=0 brs=0 ext=0 -> sent=500 failed=0 231751 us drained=1 TEC=0 REC=0 fifo_flags=0x0
13:14:42 bench: burst id=0x300 n=500 len=8 fd=0 brs=0 ext=0 -> sent=500 failed=0 231650 us drained=1 TEC=0 REC=0 fifo_flags=0x0
13:14:42 bench: burst id=0x300 n=500 len=8 fd=0 brs=0 ext=0 -> sent=500 failed=0 231601 us drained=1 TEC=0 REC=0 fifo_flags=0x0
13:14:42 bench: burst id=0x300 n=500 len=8 fd=0 brs=0 ext=0 -> sent=500 failed=0 231735 us drained=1 TEC=0 REC=0 fifo_flags=0x0
13:14:42 bench: burst id=0x300 n=500 len=8 fd=0 brs=0 ext=0 -> sent=500 failed=0 231463 us drained=1 TEC=0 REC=0 fifo_flags=0x0
13:14:43 bench: burst id=0x300 n=500 len=8 fd=0 brs=0 ext=0 -> sent=500 failed=0 231620 us drained=1 TEC=0 REC=0 fifo_flags=0x0
13:14:43 bench: burst id=0x300 n=500 len=8 fd=0 brs=0 ext=0 -> sent=500 failed=0 231640 us drained=1 TEC=0 REC=0 fifo_flags=0x0
13:14:43 bench: burst id=0x300 n=500 len=8 fd=0 brs=0 ext=0 -> sent=500 failed=0 231672 us drained=1 TEC=0 REC=0 fifo_flags=0x0
13:14:43 bench: burst id=0x300 n=500 len=8 fd=0 brs=0 ext=0 -> sent=500 failed=0 231745 us drained=1 TEC=0 REC=0 fifo_flags=0x0
13:14:44 bench: burst id=0x300 n=500 len=8 fd=0 brs=0 ext=0 -> sent=500 failed=0 231714 us drained=1 TEC=0 REC=0 fifo_flags=0x0
13:14:44 bench: burst id=0x300 n=500 len=8 fd=0 brs=0 ext=0 -> sent=500 failed=0 231637 us drained=1 TEC=0 REC=0 fifo_flags=0x0
13:14:44 bench: burst id=0x300 n=500 len=8 fd=0 brs=0 ext=0 -> sent=500 failed=0 231633 us drained=1 TEC=0 REC=0 fifo_flags=0x0
13:14:44 bench: burst id=0x300 n=500 len=8 fd=0 brs=0 ext=0 -> sent=500 failed=0 231465 us drained=1 TEC=0 REC=0 fifo_flags=0x0
13:14:45 bench: burst id=0x300 n=500 len=8 fd=0 brs=0 ext=0 -> sent=500 failed=0 231774 us drained=1 TEC=0 REC=0 fifo_flags=0x0
13:14:45 bench: burst id=0x300 n=500 len=8 fd=0 brs=0 ext=0 -> sent=500 failed=0 231645 us drained=1 TEC=0 REC=0 fifo_flags=0x0
13:14:45 bench: burst id=0x300 n=500 len=8 fd=0 brs=0 ext=0 -> sent=500 failed=0 231698 us drained=1 TEC=0 REC=0 fifo_flags=0x0
13:14:45 bench: burst id=0x300 n=500 len=8 fd=0 brs=0 ext=0 -> sent=500 failed=0 231783 us drained=1 TEC=0 REC=0 fifo_flags=0x0
13:14:46 bench: burst id=0x300 n=500 len=8 fd=0 brs=0 ext=0 -> sent=500 failed=0 231640 us drained=1 TEC=0 REC=0 fifo_flags=0x0
13:14:46 bench: burst id=0x300 n=500 len=8 fd=0 brs=0 ext=0 -> sent=500 failed=0 231574 us drained=1 TEC=0 REC=0 fifo_flags=0x0
13:14:46 bench: burst id=0x300 n=500 len=8 fd=0 brs=0 ext=0 -> sent=500 failed=0 231533 us drained=1 TEC=0 REC=0 fifo_flags=0x0
13:14:47 bench: burst id=0x300 n=500 len=8 fd=0 brs=0 ext=0 -> sent=500 failed=0 231586 us drained=1 TEC=0 REC=0 fifo_flags=0x0
13:14:47 bench: burst id=0x300 n=500 len=8 fd=0 brs=0 ext=0 -> sent=500 failed=0 231694 us drained=1 TEC=0 REC=0 fifo_flags=0x0
13:14:47 bench: burst id=0x300 n=500 len=8 fd=0 brs=0 ext=0 -> sent=500 failed=0 231581 us drained=1 TEC=0 REC=0 fifo_flags=0x0
13:14:47 bench: burst id=0x300 n=500 len=8 fd=0 brs=0 ext=0 -> sent=500 failed=0 231580 us drained=1 TEC=0 REC=0 fifo_flags=0x0
13:14:47 bench: burst id=0x300 n=500 len=8 fd=0 brs=0 ext=0 -> sent=500 failed=0 231674 us drained=1 TEC=0 REC=0 fifo_flags=0x0
13:14:48 bench: burst id=0x300 n=500 len=8 fd=0 brs=0 ext=0 -> sent=500 failed=0 231635 us drained=1 TEC=0 REC=0 fifo_flags=0x0
13:14:48 bench: burst id=0x300 n=500 len=8 fd=0 brs=0 ext=0 -> sent=500 failed=0 231676 us drained=1 TEC=0 REC=0 fifo_flags=0x0
13:14:48 bench: burst id=0x300 n=500 len=8 fd=0 brs=0 ext=0 -> sent=500 failed=0 231629 us drained=1 TEC=0 REC=0 fifo_flags=0x0
13:14:48 bench: burst id=0x300 n=500 len=8 fd=0 brs=0 ext=0 -> sent=500 failed=0 231660 us drained=1 TEC=0 REC=0 fifo_flags=0x0
13:14:49 bench: burst id=0x300 n=500 len=8 fd=0 brs=0 ext=0 -> sent=500 failed=0 231649 us drained=1 TEC=0 REC=0 fifo_flags=0x0
13:14:49 bench: burst id=0x300 n=500 len=8 fd=0 brs=0 ext=0 -> sent=500 failed=0 231682 us drained=1 TEC=0 REC=0 fifo_flags=0x0
13:14:49 bench: burst id=0x300 n=500 len=8 fd=0 brs=0 ext=0 -> sent=500 failed=0 231643 us drained=1 TEC=0 REC=0 fifo_flags=0x0
13:14:49 bench: burst id=0x300 n=500 len=8 fd=0 brs=0 ext=0 -> sent=500 failed=0 231637 us drained=1 TEC=0 REC=0 fifo_flags=0x0
13:14:50 bench: burst id=0x300 n=500 len=8 fd=0 brs=0 ext=0 -> sent=500 failed=0 231467 us drained=1 TEC=0 REC=0 fifo_flags=0x0
13:14:50 bench: burst id=0x300 n=500 len=8 fd=0 brs=0 ext=0 -> sent=500 failed=0 231640 us drained=1 TEC=0 REC=0 fifo_flags=0x0
13:14:50 bench: burst id=0x300 n=500 len=8 fd=0 brs=0 ext=0 -> sent=500 failed=0 231280 us drained=1 TEC=0 REC=0 fifo_flags=0x0
13:14:50 bench: burst id=0x300 n=500 len=8 fd=0 brs=0 ext=0 -> sent=500 failed=0 231600 us drained=1 TEC=0 REC=0 fifo_flags=0x0
13:14:51 bench: burst id=0x300 n=500 len=8 fd=0 brs=0 ext=0 -> sent=500 failed=0 231927 us drained=1 TEC=0 REC=0 fifo_flags=0x0
13:14:51 bench: burst id=0x300 n=500 len=8 fd=0 brs=0 ext=0 -> sent=500 failed=0 231578 us drained=1 TEC=0 REC=0 fifo_flags=0x0
13:14:51 bench: burst id=0x300 n=500 len=8 fd=0 brs=0 ext=0 -> sent=500 failed=0 231647 us drained=1 TEC=0 REC=0 fifo_flags=0x0
13:14:51 bench: burst id=0x300 n=500 len=8 fd=0 brs=0 ext=0 -> sent=500 failed=0 231650 us drained=1 TEC=0 REC=0 fifo_flags=0x0
13:14:52 bench: burst id=0x300 n=500 len=8 fd=0 brs=0 ext=0 -> sent=500 failed=0 231782 us drained=1 TEC=0 REC=0 fifo_flags=0x0
13:14:52 bench: burst id=0x300 n=500 len=8 fd=0 brs=0 ext=0 -> sent=500 failed=0 231796 us drained=1 TEC=0 REC=0 fifo_flags=0x0
13:14:52 bench: burst id=0x300 n=500 len=8 fd=0 brs=0 ext=0 -> sent=500 failed=0 231768 us drained=1 TEC=0 REC=0 fifo_flags=0x0
13:14:52 bench: burst id=0x300 n=500 len=8 fd=0 brs=0 ext=0 -> sent=500 failed=0 231755 us drained=1 TEC=0 REC=0 fifo_flags=0x0
13:14:53 bench: burst id=0x300 n=500 len=8 fd=0 brs=0 ext=0 -> sent=500 failed=0 231692 us drained=1 TEC=0 REC=0 fifo_flags=0x0
13:14:53 bench: burst id=0x300 n=500 len=8 fd=0 brs=0 ext=0 -> sent=500 failed=0 231604 us drained=1 TEC=0 REC=0 fifo_flags=0x0
13:14:53 bench: burst id=0x300 n=500 len=8 fd=0 brs=0 ext=0 -> sent=500 failed=0 231558 us drained=1 TEC=0 REC=0 fifo_flags=0x0
13:14:53 bench: burst id=0x300 n=500 len=8 fd=0 brs=0 ext=0 -> sent=500 failed=0 231607 us drained=1 TEC=0 REC=0 fifo_flags=0x0
13:14:54 bench: burst id=0x300 n=500 len=8 fd=0 brs=0 ext=0 -> sent=500 failed=0 231654 us drained=1 TEC=0 REC=0 fifo_flags=0x0
13:14:54 bench: burst id=0x300 n=500 len=8 fd=0 brs=0 ext=0 -> sent=500 failed=0 231996 us drained=1 TEC=0 REC=0 fifo_flags=0x0
13:14:54 bench: burst id=0x300 n=500 len=8 fd=0 brs=0 ext=0 -> sent=500 failed=0 231639 us drained=1 TEC=0 REC=0 fifo_flags=0x0
13:14:54 bench: burst id=0x300 n=500 len=8 fd=0 brs=0 ext=0 -> sent=500 failed=0 231661 us drained=1 TEC=0 REC=0 fifo_flags=0x0
13:14:54 bench: burst id=0x300 n=500 len=8 fd=0 brs=0 ext=0 -> sent=500 failed=0 231663 us drained=1 TEC=0 REC=0 fifo_flags=0x0
13:14:55 bench: burst id=0x300 n=500 len=8 fd=0 brs=0 ext=0 -> sent=500 failed=0 231799 us drained=1 TEC=0 REC=0 fifo_flags=0x0
13:14:55 bench: burst id=0x300 n=500 len=8 fd=0 brs=0 ext=0 -> sent=500 failed=0 231661 us drained=1 TEC=0 REC=0 fifo_flags=0x0
13:14:55 bench: burst id=0x300 n=500 len=8 fd=0 brs=0 ext=0 -> sent=500 failed=0 231661 us drained=1 TEC=0 REC=0 fifo_flags=0x0
13:14:55 bench: burst id=0x300 n=500 len=8 fd=0 brs=0 ext=0 -> sent=500 failed=0 231729 us drained=1 TEC=0 REC=0 fifo_flags=0x0
13:14:56 bench: burst id=0x300 n=500 len=8 fd=0 brs=0 ext=0 -> sent=500 failed=0 231752 us drained=1 TEC=0 REC=0 fifo_flags=0x0
13:14:56 bench: burst id=0x300 n=500 len=8 fd=0 brs=0 ext=0 -> sent=500 failed=0 231685 us drained=1 TEC=0 REC=0 fifo_flags=0x0
13:14:56 bench: burst id=0x300 n=500 len=8 fd=0 brs=0 ext=0 -> sent=500 failed=0 232021 us drained=1 TEC=0 REC=0 fifo_flags=0x0
13:14:56 bench: burst id=0x300 n=500 len=8 fd=0 brs=0 ext=0 -> sent=500 failed=0 231718 us drained=1 TEC=0 REC=0 fifo_flags=0x0
13:14:57 bench: burst id=0x300 n=500 len=8 fd=0 brs=0 ext=0 -> sent=500 failed=0 231725 us drained=1 TEC=0 REC=0 fifo_flags=0x0
13:14:57 bench: burst id=0x300 n=500 len=8 fd=0 brs=0 ext=0 -> sent=500 failed=0 231673 us drained=1 TEC=0 REC=0 fifo_flags=0x0
13:14:57 bench: burst id=0x300 n=500 len=8 fd=0 brs=0 ext=0 -> sent=500 failed=0 231662 us drained=1 TEC=0 REC=0 fifo_flags=0x0
13:14:57 bench: burst id=0x300 n=500 len=8 fd=0 brs=0 ext=0 -> sent=500 failed=0 231765 us drained=1 TEC=0 REC=0 fifo_flags=0x0
13:14:58 bench: burst id=0x300 n=500 len=8 fd=0 brs=0 ext=0 -> sent=500 failed=0 231768 us drained=1 TEC=0 REC=0 fifo_flags=0x0
13:14:58 bench: burst id=0x300 n=500 len=8 fd=0 brs=0 ext=0 -> sent=500 failed=0 231682 us drained=1 TEC=0 REC=0 fifo_flags=0x0
13:14:58 bench: burst id=0x300 n=500 len=8 fd=0 brs=0 ext=0 -> sent=500 failed=0 231649 us drained=1 TEC=0 REC=0 fifo_flags=0x0
13:14:59 bench: burst id=0x300 n=500 len=8 fd=0 brs=0 ext=0 -> sent=500 failed=0 231721 us drained=1 TEC=0 REC=0 fifo_flags=0x0
13:14:59 bench: burst id=0x300 n=500 len=8 fd=0 brs=0 ext=0 -> sent=500 failed=0 231760 us drained=1 TEC=0 REC=0 fifo_flags=0x0
13:14:59 bench: burst id=0x300 n=500 len=8 fd=0 brs=0 ext=0 -> sent=500 failed=0 231723 us drained=1 TEC=0 REC=0 fifo_flags=0x0
13:14:59 bench: burst id=0x300 n=500 len=8 fd=0 brs=0 ext=0 -> sent=500 failed=0 231732 us drained=1 TEC=0 REC=0 fifo_flags=0x0
13:15:00 bench: burst id=0x300 n=500 len=8 fd=0 brs=0 ext=0 -> sent=500 failed=0 231755 us drained=1 TEC=0 REC=0 fifo_flags=0x0
13:15:00 bench: burst id=0x300 n=500 len=8 fd=0 brs=0 ext=0 -> sent=500 failed=0 231753 us drained=1 TEC=0 REC=0 fifo_flags=0x0
13:15:00 bench: burst id=0x300 n=500 len=8 fd=0 brs=0 ext=0 -> sent=500 failed=0 231668 us drained=1 TEC=0 REC=0 fifo_flags=0x0
13:15:00 bench: burst id=0x300 n=500 len=8 fd=0 brs=0 ext=0 -> sent=500 failed=0 231638 us drained=1 TEC=0 REC=0 fifo_flags=0x0
13:15:00 bench: burst id=0x300 n=500 len=8 fd=0 brs=0 ext=0 -> sent=500 failed=0 231675 us drained=1 TEC=0 REC=0 fifo_flags=0x0
13:15:01 bench: burst id=0x300 n=500 len=8 fd=0 brs=0 ext=0 -> sent=500 failed=0 231691 us drained=1 TEC=0 REC=0 fifo_flags=0x0
13:15:01 bench: burst id=0x300 n=500 len=8 fd=0 brs=0 ext=0 -> sent=500 failed=0 231675 us drained=1 TEC=0 REC=0 fifo_flags=0x0
13:15:01 bench: burst id=0x300 n=500 len=8 fd=0 brs=0 ext=0 -> sent=500 failed=0 231636 us drained=1 TEC=0 REC=0 fifo_flags=0x0
13:15:01 bench: burst id=0x300 n=500 len=8 fd=0 brs=0 ext=0 -> sent=500 failed=0 231771 us drained=1 TEC=0 REC=0 fifo_flags=0x0
13:15:02 bench: burst id=0x300 n=500 len=8 fd=0 brs=0 ext=0 -> sent=500 failed=0 231706 us drained=1 TEC=0 REC=0 fifo_flags=0x0
13:15:02 bench: burst id=0x300 n=500 len=8 fd=0 brs=0 ext=0 -> sent=500 failed=0 231692 us drained=1 TEC=0 REC=0 fifo_flags=0x0
13:15:02 bench: burst id=0x300 n=500 len=8 fd=0 brs=0 ext=0 -> sent=500 failed=0 231682 us drained=1 TEC=0 REC=0 fifo_flags=0x0
13:15:02 bench: burst id=0x300 n=500 len=8 fd=0 brs=0 ext=0 -> sent=500 failed=0 231766 us drained=1 TEC=0 REC=0 fifo_flags=0x0
13:15:03 bench: burst id=0x300 n=500 len=8 fd=0 brs=0 ext=0 -> sent=500 failed=0 231796 us drained=1 TEC=0 REC=0 fifo_flags=0x0
13:15:03 bench: burst id=0x300 n=500 len=8 fd=0 brs=0 ext=0 -> sent=500 failed=0 231707 us drained=1 TEC=0 REC=0 fifo_flags=0x0
13:15:03 bench: burst id=0x300 n=500 len=8 fd=0 brs=0 ext=0 -> sent=500 failed=0 231700 us drained=1 TEC=0 REC=0 fifo_flags=0x0
13:15:03 bench: burst id=0x300 n=500 len=8 fd=0 brs=0 ext=0 -> sent=500 failed=0 231686 us drained=1 TEC=0 REC=0 fifo_flags=0x0
13:15:04 bench: burst id=0x300 n=500 len=8 fd=0 brs=0 ext=0 -> sent=500 failed=0 231673 us drained=1 TEC=0 REC=0 fifo_flags=0x0
13:15:04 bench: burst id=0x300 n=500 len=8 fd=0 brs=0 ext=0 -> sent=500 failed=0 231610 us drained=1 TEC=0 REC=0 fifo_flags=0x0
13:15:04 bench: burst id=0x300 n=500 len=8 fd=0 brs=0 ext=0 -> sent=500 failed=0 231658 us drained=1 TEC=0 REC=0 fifo_flags=0x0
13:15:04 bench: burst id=0x300 n=500 len=8 fd=0 brs=0 ext=0 -> sent=500 failed=0 231736 us drained=1 TEC=0 REC=0 fifo_flags=0x0
13:15:05 bench: burst id=0x300 n=500 len=8 fd=0 brs=0 ext=0 -> sent=500 failed=0 231633 us drained=1 TEC=0 REC=0 fifo_flags=0x0
13:15:05 bench: burst id=0x300 n=500 len=8 fd=0 brs=0 ext=0 -> sent=500 failed=0 231609 us drained=1 TEC=0 REC=0 fifo_flags=0x0
13:15:05 bench: burst id=0x300 n=500 len=8 fd=0 brs=0 ext=0 -> sent=500 failed=0 231631 us drained=1 TEC=0 REC=0 fifo_flags=0x0
13:15:05 bench: burst id=0x300 n=500 len=8 fd=0 brs=0 ext=0 -> sent=500 failed=0 231743 us drained=1 TEC=0 REC=0 fifo_flags=0x0
13:15:06 bench: burst id=0x300 n=500 len=8 fd=0 brs=0 ext=0 -> sent=500 failed=0 231803 us drained=1 TEC=0 REC=0 fifo_flags=0x0
13:15:06 bench: burst id=0x300 n=500 len=8 fd=0 brs=0 ext=0 -> sent=500 failed=0 231645 us drained=1 TEC=0 REC=0 fifo_flags=0x0
13:15:07 bench: setmode mode=6 nom=500000 bps dat=2000000 bps flags=0x00 -> ok (opmod=6)
13:15:07 bench: SPI fast (direct GPIO)
13:15:44 bench: setmode mode=0 nom=500000 bps dat=2000000 bps flags=0x00 -> ok (opmod=0)
13:15:44 bench: SPI fast (direct GPIO)
13:15:44 bench: burst id=0x300 n=500 len=64 fd=1 brs=1 ext=0 -> sent=500 failed=0 473506 us drained=1 TEC=0 REC=0 fifo_flags=0x0
13:15:45 bench: burst id=0x300 n=500 len=64 fd=1 brs=1 ext=0 -> sent=500 failed=0 473598 us drained=1 TEC=0 REC=0 fifo_flags=0x0
13:15:45 bench: burst id=0x300 n=500 len=64 fd=1 brs=1 ext=0 -> sent=500 failed=0 473558 us drained=1 TEC=0 REC=0 fifo_flags=0x0
13:15:46 bench: burst id=0x300 n=500 len=64 fd=1 brs=1 ext=0 -> sent=500 failed=0 473552 us drained=1 TEC=0 REC=0 fifo_flags=0x0
13:15:46 bench: burst id=0x300 n=500 len=64 fd=1 brs=1 ext=0 -> sent=500 failed=0 473596 us drained=1 TEC=0 REC=0 fifo_flags=0x0
13:15:47 bench: burst id=0x300 n=500 len=64 fd=1 brs=1 ext=0 -> sent=500 failed=0 473567 us drained=1 TEC=0 REC=0 fifo_flags=0x0
13:15:47 bench: burst id=0x300 n=500 len=64 fd=1 brs=1 ext=0 -> sent=500 failed=0 473519 us drained=1 TEC=0 REC=0 fifo_flags=0x0
13:15:48 bench: burst id=0x300 n=500 len=64 fd=1 brs=1 ext=0 -> sent=500 failed=0 473625 us drained=1 TEC=0 REC=0 fifo_flags=0x0
13:15:48 bench: burst id=0x300 n=500 len=64 fd=1 brs=1 ext=0 -> sent=500 failed=0 473745 us drained=1 TEC=0 REC=0 fifo_flags=0x0
13:15:49 bench: burst id=0x300 n=500 len=64 fd=1 brs=1 ext=0 -> sent=500 failed=0 473748 us drained=1 TEC=0 REC=0 fifo_flags=0x0
13:15:49 bench: burst id=0x300 n=500 len=64 fd=1 brs=1 ext=0 -> sent=500 failed=0 473917 us drained=1 TEC=0 REC=0 fifo_flags=0x0
13:15:50 bench: burst id=0x300 n=500 len=64 fd=1 brs=1 ext=0 -> sent=500 failed=0 473917 us drained=1 TEC=0 REC=0 fifo_flags=0x0
13:15:50 bench: burst id=0x300 n=500 len=64 fd=1 brs=1 ext=0 -> sent=500 failed=0 473842 us drained=1 TEC=0 REC=0 fifo_flags=0x0
13:15:51 bench: burst id=0x300 n=500 len=64 fd=1 brs=1 ext=0 -> sent=500 failed=0 473913 us drained=1 TEC=0 REC=0 fifo_flags=0x0
13:15:51 bench: burst id=0x300 n=500 len=64 fd=1 brs=1 ext=0 -> sent=500 failed=0 473882 us drained=1 TEC=0 REC=0 fifo_flags=0x0
13:15:52 bench: burst id=0x300 n=500 len=64 fd=1 brs=1 ext=0 -> sent=500 failed=0 473709 us drained=1 TEC=0 REC=0 fifo_flags=0x0
13:15:52 bench: burst id=0x300 n=500 len=64 fd=1 brs=1 ext=0 -> sent=500 failed=0 474051 us drained=1 TEC=0 REC=0 fifo_flags=0x0
13:15:53 bench: burst id=0x300 n=500 len=64 fd=1 brs=1 ext=0 -> sent=500 failed=0 473878 us drained=1 TEC=0 REC=0 fifo_flags=0x0
13:15:53 bench: burst id=0x300 n=500 len=64 fd=1 brs=1 ext=0 -> sent=500 failed=0 473941 us drained=1 TEC=0 REC=0 fifo_flags=0x0
13:15:54 bench: burst id=0x300 n=500 len=64 fd=1 brs=1 ext=0 -> sent=500 failed=0 473730 us drained=1 TEC=0 REC=0 fifo_flags=0x0
13:15:54 bench: burst id=0x300 n=500 len=64 fd=1 brs=1 ext=0 -> sent=500 failed=0 473572 us drained=1 TEC=0 REC=0 fifo_flags=0x0
13:15:55 bench: burst id=0x300 n=500 len=64 fd=1 brs=1 ext=0 -> sent=500 failed=0 473691 us drained=1 TEC=0 REC=0 fifo_flags=0x0
13:15:55 bench: burst id=0x300 n=500 len=64 fd=1 brs=1 ext=0 -> sent=500 failed=0 473728 us drained=1 TEC=0 REC=0 fifo_flags=0x0
13:15:56 bench: burst id=0x300 n=500 len=64 fd=1 brs=1 ext=0 -> sent=500 failed=0 473692 us drained=1 TEC=0 REC=0 fifo_flags=0x0
13:15:56 bench: burst id=0x300 n=500 len=64 fd=1 brs=1 ext=0 -> sent=500 failed=0 473674 us drained=1 TEC=0 REC=0 fifo_flags=0x0
13:15:57 bench: burst id=0x300 n=500 len=64 fd=1 brs=1 ext=0 -> sent=500 failed=0 473631 us drained=1 TEC=0 REC=0 fifo_flags=0x0
13:15:57 bench: burst id=0x300 n=500 len=64 fd=1 brs=1 ext=0 -> sent=500 failed=0 473628 us drained=1 TEC=0 REC=0 fifo_flags=0x0
13:15:58 bench: burst id=0x300 n=500 len=64 fd=1 brs=1 ext=0 -> sent=500 failed=0 473766 us drained=1 TEC=0 REC=0 fifo_flags=0x0
13:15:58 bench: burst id=0x300 n=500 len=64 fd=1 brs=1 ext=0 -> sent=500 failed=0 473795 us drained=1 TEC=0 REC=0 fifo_flags=0x0
13:15:59 bench: burst id=0x300 n=500 len=64 fd=1 brs=1 ext=0 -> sent=500 failed=0 473767 us drained=1 TEC=0 REC=0 fifo_flags=0x0
13:15:59 bench: burst id=0x300 n=500 len=64 fd=1 brs=1 ext=0 -> sent=500 failed=0 473634 us drained=1 TEC=0 REC=0 fifo_flags=0x0
13:15:59 bench: burst id=0x300 n=500 len=64 fd=1 brs=1 ext=0 -> sent=500 failed=0 473668 us drained=1 TEC=0 REC=0 fifo_flags=0x0
13:16:00 bench: burst id=0x300 n=500 len=64 fd=1 brs=1 ext=0 -> sent=500 failed=0 473656 us drained=1 TEC=0 REC=0 fifo_flags=0x0
13:16:00 bench: burst id=0x300 n=500 len=64 fd=1 brs=1 ext=0 -> sent=500 failed=0 473403 us drained=1 TEC=0 REC=0 fifo_flags=0x0
13:16:01 bench: burst id=0x300 n=500 len=64 fd=1 brs=1 ext=0 -> sent=500 failed=0 473500 us drained=1 TEC=0 REC=0 fifo_flags=0x0
13:16:01 bench: burst id=0x300 n=500 len=64 fd=1 brs=1 ext=0 -> sent=500 failed=0 473768 us drained=1 TEC=0 REC=0 fifo_flags=0x0
13:16:02 bench: burst id=0x300 n=500 len=64 fd=1 brs=1 ext=0 -> sent=500 failed=0 473719 us drained=1 TEC=0 REC=0 fifo_flags=0x0
13:16:02 bench: burst id=0x300 n=500 len=64 fd=1 brs=1 ext=0 -> sent=500 failed=0 474050 us drained=1 TEC=0 REC=0 fifo_flags=0x0
13:16:03 bench: burst id=0x300 n=500 len=64 fd=1 brs=1 ext=0 -> sent=500 failed=0 473645 us drained=1 TEC=0 REC=0 fifo_flags=0x0
13:16:04 bench: burst id=0x300 n=500 len=64 fd=1 brs=1 ext=0 -> sent=500 failed=0 473538 us drained=1 TEC=0 REC=0 fifo_flags=0x0
13:16:04 bench: burst id=0x300 n=500 len=64 fd=1 brs=1 ext=0 -> sent=500 failed=0 473481 us drained=1 TEC=0 REC=0 fifo_flags=0x0
13:16:04 bench: burst id=0x300 n=500 len=64 fd=1 brs=1 ext=0 -> sent=500 failed=0 473202 us drained=1 TEC=0 REC=0 fifo_flags=0x0
13:16:05 bench: burst id=0x300 n=500 len=64 fd=1 brs=1 ext=0 -> sent=500 failed=0 473497 us drained=1 TEC=0 REC=0 fifo_flags=0x0
13:16:05 bench: burst id=0x300 n=500 len=64 fd=1 brs=1 ext=0 -> sent=500 failed=0 473571 us drained=1 TEC=0 REC=0 fifo_flags=0x0
13:16:06 bench: burst id=0x300 n=500 len=64 fd=1 brs=1 ext=0 -> sent=500 failed=0 473701 us drained=1 TEC=0 REC=0 fifo_flags=0x0
13:16:06 bench: burst id=0x300 n=500 len=64 fd=1 brs=1 ext=0 -> sent=500 failed=0 473728 us drained=1 TEC=0 REC=0 fifo_flags=0x0
13:16:07 bench: burst id=0x300 n=500 len=64 fd=1 brs=1 ext=0 -> sent=500 failed=0 473691 us drained=1 TEC=0 REC=0 fifo_flags=0x0
13:16:07 bench: burst id=0x300 n=500 len=64 fd=1 brs=1 ext=0 -> sent=500 failed=0 473545 us drained=1 TEC=0 REC=0 fifo_flags=0x0
13:16:08 bench: burst id=0x300 n=500 len=64 fd=1 brs=1 ext=0 -> sent=500 failed=0 473354 us drained=1 TEC=0 REC=0 fifo_flags=0x0
13:16:08 bench: burst id=0x300 n=500 len=64 fd=1 brs=1 ext=0 -> sent=500 failed=0 473267 us drained=1 TEC=0 REC=0 fifo_flags=0x0
13:16:09 bench: burst id=0x300 n=500 len=64 fd=1 brs=1 ext=0 -> sent=500 failed=0 473520 us drained=1 TEC=0 REC=0 fifo_flags=0x0
13:16:09 bench: burst id=0x300 n=500 len=64 fd=1 brs=1 ext=0 -> sent=500 failed=0 473475 us drained=1 TEC=0 REC=0 fifo_flags=0x0
13:16:10 bench: burst id=0x300 n=500 len=64 fd=1 brs=1 ext=0 -> sent=500 failed=0 473573 us drained=1 TEC=0 REC=0 fifo_flags=0x0
13:16:10 bench: burst id=0x300 n=500 len=64 fd=1 brs=1 ext=0 -> sent=500 failed=0 473205 us drained=1 TEC=0 REC=0 fifo_flags=0x0
13:16:11 bench: burst id=0x300 n=500 len=64 fd=1 brs=1 ext=0 -> sent=500 failed=0 473456 us drained=1 TEC=0 REC=0 fifo_flags=0x0
13:16:11 bench: burst id=0x300 n=500 len=64 fd=1 brs=1 ext=0 -> sent=500 failed=0 473482 us drained=1 TEC=0 REC=0 fifo_flags=0x0
13:16:12 bench: burst id=0x300 n=500 len=64 fd=1 brs=1 ext=0 -> sent=500 failed=0 473434 us drained=1 TEC=0 REC=0 fifo_flags=0x0
13:16:12 bench: burst id=0x300 n=500 len=64 fd=1 brs=1 ext=0 -> sent=500 failed=0 473523 us drained=1 TEC=0 REC=0 fifo_flags=0x0
13:16:13 bench: burst id=0x300 n=500 len=64 fd=1 brs=1 ext=0 -> sent=500 failed=0 473583 us drained=1 TEC=0 REC=0 fifo_flags=0x0
13:16:13 bench: burst id=0x300 n=500 len=64 fd=1 brs=1 ext=0 -> sent=500 failed=0 473427 us drained=1 TEC=0 REC=0 fifo_flags=0x0
13:16:14 bench: burst id=0x300 n=500 len=64 fd=1 brs=1 ext=0 -> sent=500 failed=0 473664 us drained=1 TEC=0 REC=0 fifo_flags=0x0
13:16:14 bench: burst id=0x300 n=500 len=64 fd=1 brs=1 ext=0 -> sent=500 failed=0 473504 us drained=1 TEC=0 REC=0 fifo_flags=0x0
13:16:15 bench: burst id=0x300 n=500 len=64 fd=1 brs=1 ext=0 -> sent=500 failed=0 473416 us drained=1 TEC=0 REC=0 fifo_flags=0x0
13:16:15 bench: burst id=0x300 n=500 len=64 fd=1 brs=1 ext=0 -> sent=500 failed=0 473655 us drained=1 TEC=0 REC=0 fifo_flags=0x0
13:16:16 bench: burst id=0x300 n=500 len=64 fd=1 brs=1 ext=0 -> sent=500 failed=0 473660 us drained=1 TEC=0 REC=0 fifo_flags=0x0
13:16:16 bench: burst id=0x300 n=500 len=64 fd=1 brs=1 ext=0 -> sent=500 failed=0 473590 us drained=1 TEC=0 REC=0 fifo_flags=0x0
13:16:17 bench: burst id=0x300 n=500 len=64 fd=1 brs=1 ext=0 -> sent=500 failed=0 473593 us drained=1 TEC=0 REC=0 fifo_flags=0x0
13:16:17 bench: burst id=0x300 n=500 len=64 fd=1 brs=1 ext=0 -> sent=500 failed=0 473535 us drained=1 TEC=0 REC=0 fifo_flags=0x0
13:16:18 bench: burst id=0x300 n=500 len=64 fd=1 brs=1 ext=0 -> sent=500 failed=0 473453 us drained=1 TEC=0 REC=0 fifo_flags=0x0
13:16:18 bench: burst id=0x300 n=500 len=64 fd=1 brs=1 ext=0 -> sent=500 failed=0 473460 us drained=1 TEC=0 REC=0 fifo_flags=0x0
13:16:19 bench: burst id=0x300 n=500 len=64 fd=1 brs=1 ext=0 -> sent=500 failed=0 473388 us drained=1 TEC=0 REC=0 fifo_flags=0x0
13:16:19 bench: burst id=0x300 n=500 len=64 fd=1 brs=1 ext=0 -> sent=500 failed=0 473247 us drained=1 TEC=0 REC=0 fifo_flags=0x0
13:16:20 bench: burst id=0x300 n=500 len=64 fd=1 brs=1 ext=0 -> sent=500 failed=0 473440 us drained=1 TEC=0 REC=0 fifo_flags=0x0
13:16:20 bench: burst id=0x300 n=500 len=64 fd=1 brs=1 ext=0 -> sent=500 failed=0 473075 us drained=1 TEC=0 REC=0 fifo_flags=0x0
13:16:21 bench: burst id=0x300 n=500 len=64 fd=1 brs=1 ext=0 -> sent=500 failed=0 473230 us drained=1 TEC=0 REC=0 fifo_flags=0x0
13:16:21 bench: burst id=0x300 n=500 len=64 fd=1 brs=1 ext=0 -> sent=500 failed=0 473494 us drained=1 TEC=0 REC=0 fifo_flags=0x0
13:16:21 bench: burst id=0x300 n=500 len=64 fd=1 brs=1 ext=0 -> sent=500 failed=0 473511 us drained=1 TEC=0 REC=0 fifo_flags=0x0
13:16:22 bench: burst id=0x300 n=500 len=64 fd=1 brs=1 ext=0 -> sent=500 failed=0 473437 us drained=1 TEC=0 REC=0 fifo_flags=0x0
13:16:22 bench: burst id=0x300 n=500 len=64 fd=1 brs=1 ext=0 -> sent=500 failed=0 473416 us drained=1 TEC=0 REC=0 fifo_flags=0x0
13:16:23 bench: burst id=0x300 n=500 len=64 fd=1 brs=1 ext=0 -> sent=500 failed=0 473579 us drained=1 TEC=0 REC=0 fifo_flags=0x0
13:16:23 bench: burst id=0x300 n=500 len=64 fd=1 brs=1 ext=0 -> sent=500 failed=0 473640 us drained=1 TEC=0 REC=0 fifo_flags=0x0
13:16:24 bench: burst id=0x300 n=500 len=64 fd=1 brs=1 ext=0 -> sent=500 failed=0 473406 us drained=1 TEC=0 REC=0 fifo_flags=0x0
13:16:24 bench: burst id=0x300 n=500 len=64 fd=1 brs=1 ext=0 -> sent=500 failed=0 473580 us drained=1 TEC=0 REC=0 fifo_flags=0x0
13:16:25 bench: burst id=0x300 n=500 len=64 fd=1 brs=1 ext=0 -> sent=500 failed=0 473737 us drained=1 TEC=0 REC=0 fifo_flags=0x0
13:16:25 bench: burst id=0x300 n=500 len=64 fd=1 brs=1 ext=0 -> sent=500 failed=0 473524 us drained=1 TEC=0 REC=0 fifo_flags=0x0
13:16:26 bench: burst id=0x300 n=500 len=64 fd=1 brs=1 ext=0 -> sent=500 failed=0 473410 us drained=1 TEC=0 REC=0 fifo_flags=0x0
13:16:26 bench: burst id=0x300 n=500 len=64 fd=1 brs=1 ext=0 -> sent=500 failed=0 473459 us drained=1 TEC=0 REC=0 fifo_flags=0x0
13:16:27 bench: burst id=0x300 n=500 len=64 fd=1 brs=1 ext=0 -> sent=500 failed=0 473440 us drained=1 TEC=0 REC=0 fifo_flags=0x0
13:16:27 bench: burst id=0x300 n=500 len=64 fd=1 brs=1 ext=0 -> sent=500 failed=0 473480 us drained=1 TEC=0 REC=0 fifo_flags=0x0
13:16:28 bench: burst id=0x300 n=500 len=64 fd=1 brs=1 ext=0 -> sent=500 failed=0 473576 us drained=1 TEC=0 REC=0 fifo_flags=0x0
13:16:28 bench: burst id=0x300 n=500 len=64 fd=1 brs=1 ext=0 -> sent=500 failed=0 473238 us drained=1 TEC=0 REC=0 fifo_flags=0x0
13:16:29 bench: burst id=0x300 n=500 len=64 fd=1 brs=1 ext=0 -> sent=500 failed=0 473296 us drained=1 TEC=0 REC=0 fifo_flags=0x0
13:16:29 bench: burst id=0x300 n=500 len=64 fd=1 brs=1 ext=0 -> sent=500 failed=0 473220 us drained=1 TEC=0 REC=0 fifo_flags=0x0
13:16:30 bench: burst id=0x300 n=500 len=64 fd=1 brs=1 ext=0 -> sent=500 failed=0 473432 us drained=1 TEC=0 REC=0 fifo_flags=0x0
13:16:30 bench: burst id=0x300 n=500 len=64 fd=1 brs=1 ext=0 -> sent=500 failed=0 473402 us drained=1 TEC=0 REC=0 fifo_flags=0x0
13:16:31 bench: burst id=0x300 n=500 len=64 fd=1 brs=1 ext=0 -> sent=500 failed=0 473477 us drained=1 TEC=0 REC=0 fifo_flags=0x0
13:16:31 bench: burst id=0x300 n=500 len=64 fd=1 brs=1 ext=0 -> sent=500 failed=0 473328 us drained=1 TEC=0 REC=0 fifo_flags=0x0
13:16:32 bench: burst id=0x300 n=500 len=64 fd=1 brs=1 ext=0 -> sent=500 failed=0 473490 us drained=1 TEC=0 REC=0 fifo_flags=0x0
13:16:32 bench: burst id=0x300 n=500 len=64 fd=1 brs=1 ext=0 -> sent=500 failed=0 473329 us drained=1 TEC=0 REC=0 fifo_flags=0x0
13:16:33 bench: burst id=0x300 n=500 len=64 fd=1 brs=1 ext=0 -> sent=500 failed=0 473130 us drained=1 TEC=0 REC=0 fifo_flags=0x0
13:16:33 bench: burst id=0x300 n=500 len=64 fd=1 brs=1 ext=0 -> sent=500 failed=0 473250 us drained=1 TEC=0 REC=0 fifo_flags=0x0
13:16:34 bench: burst id=0x300 n=500 len=64 fd=1 brs=1 ext=0 -> sent=500 failed=0 473155 us drained=1 TEC=0 REC=0 fifo_flags=0x0
13:16:34 bench: burst id=0x300 n=500 len=64 fd=1 brs=1 ext=0 -> sent=500 failed=0 473054 us drained=1 TEC=0 REC=0 fifo_flags=0x0
13:16:35 bench: burst id=0x300 n=500 len=64 fd=1 brs=1 ext=0 -> sent=500 failed=0 473308 us drained=1 TEC=0 REC=0 fifo_flags=0x0
13:16:35 bench: burst id=0x300 n=500 len=64 fd=1 brs=1 ext=0 -> sent=500 failed=0 473311 us drained=1 TEC=0 REC=0 fifo_flags=0x0
13:16:36 bench: setmode mode=0 nom=500000 bps dat=2000000 bps flags=0x00 -> ok (opmod=0)
13:16:36 bench: SPI fast (direct GPIO)
13:17:10 bench: setmode mode=0 nom=500000 bps dat=5000000 bps flags=0x00 -> ok (opmod=0)
13:17:11 bench: SPI fast (direct GPIO)
13:17:11 bench: burst id=0x300 n=500 len=64 fd=1 brs=1 ext=0 -> sent=500 failed=0 473461 us drained=1 TEC=0 REC=0 fifo_flags=0x0
13:17:12 bench: burst id=0x300 n=500 len=64 fd=1 brs=1 ext=0 -> sent=500 failed=0 473360 us drained=1 TEC=0 REC=0 fifo_flags=0x0
13:17:12 bench: burst id=0x300 n=500 len=64 fd=1 brs=1 ext=0 -> sent=500 failed=0 473355 us drained=1 TEC=0 REC=0 fifo_flags=0x0
13:17:13 bench: burst id=0x300 n=500 len=64 fd=1 brs=1 ext=0 -> sent=500 failed=0 473441 us drained=1 TEC=0 REC=0 fifo_flags=0x0
13:17:13 bench: burst id=0x300 n=500 len=64 fd=1 brs=1 ext=0 -> sent=500 failed=0 473347 us drained=1 TEC=0 REC=0 fifo_flags=0x0
13:17:14 bench: burst id=0x300 n=500 len=64 fd=1 brs=1 ext=0 -> sent=500 failed=0 473340 us drained=1 TEC=0 REC=0 fifo_flags=0x0
13:17:14 bench: burst id=0x300 n=500 len=64 fd=1 brs=1 ext=0 -> sent=500 failed=0 473447 us drained=1 TEC=0 REC=0 fifo_flags=0x0
13:17:14 bench: burst id=0x300 n=500 len=64 fd=1 brs=1 ext=0 -> sent=500 failed=0 473438 us drained=1 TEC=0 REC=0 fifo_flags=0x0
13:17:15 bench: burst id=0x300 n=500 len=64 fd=1 brs=1 ext=0 -> sent=500 failed=0 473336 us drained=1 TEC=0 REC=0 fifo_flags=0x0
13:17:15 bench: burst id=0x300 n=500 len=64 fd=1 brs=1 ext=0 -> sent=500 failed=0 473165 us drained=1 TEC=0 REC=0 fifo_flags=0x0
13:17:16 bench: burst id=0x300 n=500 len=64 fd=1 brs=1 ext=0 -> sent=500 failed=0 473477 us drained=1 TEC=0 REC=0 fifo_flags=0x0
13:17:16 bench: burst id=0x300 n=500 len=64 fd=1 brs=1 ext=0 -> sent=500 failed=0 473551 us drained=1 TEC=0 REC=0 fifo_flags=0x0
13:17:17 bench: burst id=0x300 n=500 len=64 fd=1 brs=1 ext=0 -> sent=500 failed=0 473685 us drained=1 TEC=0 REC=0 fifo_flags=0x0
13:17:17 bench: burst id=0x300 n=500 len=64 fd=1 brs=1 ext=0 -> sent=500 failed=0 473389 us drained=1 TEC=0 REC=0 fifo_flags=0x0
13:17:18 bench: burst id=0x300 n=500 len=64 fd=1 brs=1 ext=0 -> sent=500 failed=0 473436 us drained=1 TEC=0 REC=0 fifo_flags=0x0
13:17:18 bench: burst id=0x300 n=500 len=64 fd=1 brs=1 ext=0 -> sent=500 failed=0 473492 us drained=1 TEC=0 REC=0 fifo_flags=0x0
13:17:19 bench: burst id=0x300 n=500 len=64 fd=1 brs=1 ext=0 -> sent=500 failed=0 473473 us drained=1 TEC=0 REC=0 fifo_flags=0x0
13:17:19 bench: burst id=0x300 n=500 len=64 fd=1 brs=1 ext=0 -> sent=500 failed=0 473546 us drained=1 TEC=0 REC=0 fifo_flags=0x0
13:17:20 bench: burst id=0x300 n=500 len=64 fd=1 brs=1 ext=0 -> sent=500 failed=0 473425 us drained=1 TEC=0 REC=0 fifo_flags=0x0
13:17:20 bench: burst id=0x300 n=500 len=64 fd=1 brs=1 ext=0 -> sent=500 failed=0 473424 us drained=1 TEC=0 REC=0 fifo_flags=0x0
13:17:21 bench: burst id=0x300 n=500 len=64 fd=1 brs=1 ext=0 -> sent=500 failed=0 473663 us drained=1 TEC=0 REC=0 fifo_flags=0x0
13:17:21 bench: burst id=0x300 n=500 len=64 fd=1 brs=1 ext=0 -> sent=500 failed=0 473475 us drained=1 TEC=0 REC=0 fifo_flags=0x0
13:17:22 bench: burst id=0x300 n=500 len=64 fd=1 brs=1 ext=0 -> sent=500 failed=0 473491 us drained=1 TEC=0 REC=0 fifo_flags=0x0
13:17:22 bench: burst id=0x300 n=500 len=64 fd=1 brs=1 ext=0 -> sent=500 failed=0 473440 us drained=1 TEC=0 REC=0 fifo_flags=0x0
13:17:23 bench: burst id=0x300 n=500 len=64 fd=1 brs=1 ext=0 -> sent=500 failed=0 473477 us drained=1 TEC=0 REC=0 fifo_flags=0x0
13:17:23 bench: burst id=0x300 n=500 len=64 fd=1 brs=1 ext=0 -> sent=500 failed=0 473617 us drained=1 TEC=0 REC=0 fifo_flags=0x0
13:17:24 bench: burst id=0x300 n=500 len=64 fd=1 brs=1 ext=0 -> sent=500 failed=0 473475 us drained=1 TEC=0 REC=0 fifo_flags=0x0
13:17:24 bench: burst id=0x300 n=500 len=64 fd=1 brs=1 ext=0 -> sent=500 failed=0 473372 us drained=1 TEC=0 REC=0 fifo_flags=0x0
13:17:25 bench: burst id=0x300 n=500 len=64 fd=1 brs=1 ext=0 -> sent=500 failed=0 473394 us drained=1 TEC=0 REC=0 fifo_flags=0x0
13:17:25 bench: burst id=0x300 n=500 len=64 fd=1 brs=1 ext=0 -> sent=500 failed=0 473280 us drained=1 TEC=0 REC=0 fifo_flags=0x0
13:17:26 bench: burst id=0x300 n=500 len=64 fd=1 brs=1 ext=0 -> sent=500 failed=0 473233 us drained=1 TEC=0 REC=0 fifo_flags=0x0
13:17:26 bench: burst id=0x300 n=500 len=64 fd=1 brs=1 ext=0 -> sent=500 failed=0 473218 us drained=1 TEC=0 REC=0 fifo_flags=0x0
13:17:27 bench: burst id=0x300 n=500 len=64 fd=1 brs=1 ext=0 -> sent=500 failed=0 473572 us drained=1 TEC=0 REC=0 fifo_flags=0x0
13:17:27 bench: burst id=0x300 n=500 len=64 fd=1 brs=1 ext=0 -> sent=500 failed=0 473587 us drained=1 TEC=0 REC=0 fifo_flags=0x0
13:17:28 bench: burst id=0x300 n=500 len=64 fd=1 brs=1 ext=0 -> sent=500 failed=0 473429 us drained=1 TEC=0 REC=0 fifo_flags=0x0
13:17:28 bench: burst id=0x300 n=500 len=64 fd=1 brs=1 ext=0 -> sent=500 failed=0 473374 us drained=1 TEC=0 REC=0 fifo_flags=0x0
13:17:29 bench: burst id=0x300 n=500 len=64 fd=1 brs=1 ext=0 -> sent=500 failed=0 473482 us drained=1 TEC=0 REC=0 fifo_flags=0x0
13:17:29 bench: burst id=0x300 n=500 len=64 fd=1 brs=1 ext=0 -> sent=500 failed=0 473548 us drained=1 TEC=0 REC=0 fifo_flags=0x0
13:17:30 bench: burst id=0x300 n=500 len=64 fd=1 brs=1 ext=0 -> sent=500 failed=0 473394 us drained=1 TEC=0 REC=0 fifo_flags=0x0
13:17:30 bench: burst id=0x300 n=500 len=64 fd=1 brs=1 ext=0 -> sent=500 failed=0 473535 us drained=1 TEC=0 REC=0 fifo_flags=0x0
13:17:31 bench: burst id=0x300 n=500 len=64 fd=1 brs=1 ext=0 -> sent=500 failed=0 473196 us drained=1 TEC=0 REC=0 fifo_flags=0x0
13:17:31 bench: burst id=0x300 n=500 len=64 fd=1 brs=1 ext=0 -> sent=500 failed=0 473299 us drained=1 TEC=0 REC=0 fifo_flags=0x0
13:17:31 bench: burst id=0x300 n=500 len=64 fd=1 brs=1 ext=0 -> sent=500 failed=0 473258 us drained=1 TEC=0 REC=0 fifo_flags=0x0
13:17:32 bench: burst id=0x300 n=500 len=64 fd=1 brs=1 ext=0 -> sent=500 failed=0 473110 us drained=1 TEC=0 REC=0 fifo_flags=0x0
13:17:32 bench: burst id=0x300 n=500 len=64 fd=1 brs=1 ext=0 -> sent=500 failed=0 473188 us drained=1 TEC=0 REC=0 fifo_flags=0x0
13:17:33 bench: burst id=0x300 n=500 len=64 fd=1 brs=1 ext=0 -> sent=500 failed=0 473269 us drained=1 TEC=0 REC=0 fifo_flags=0x0
13:17:33 bench: burst id=0x300 n=500 len=64 fd=1 brs=1 ext=0 -> sent=500 failed=0 473362 us drained=1 TEC=0 REC=0 fifo_flags=0x0
13:17:34 bench: burst id=0x300 n=500 len=64 fd=1 brs=1 ext=0 -> sent=500 failed=0 473248 us drained=1 TEC=0 REC=0 fifo_flags=0x0
13:17:34 bench: burst id=0x300 n=500 len=64 fd=1 brs=1 ext=0 -> sent=500 failed=0 473564 us drained=1 TEC=0 REC=0 fifo_flags=0x0
13:17:35 bench: burst id=0x300 n=500 len=64 fd=1 brs=1 ext=0 -> sent=500 failed=0 473620 us drained=1 TEC=0 REC=0 fifo_flags=0x0
13:17:36 bench: burst id=0x300 n=500 len=64 fd=1 brs=1 ext=0 -> sent=500 failed=0 473518 us drained=1 TEC=0 REC=0 fifo_flags=0x0
13:17:36 bench: burst id=0x300 n=500 len=64 fd=1 brs=1 ext=0 -> sent=500 failed=0 473567 us drained=1 TEC=0 REC=0 fifo_flags=0x0
13:17:36 bench: burst id=0x300 n=500 len=64 fd=1 brs=1 ext=0 -> sent=500 failed=0 473486 us drained=1 TEC=0 REC=0 fifo_flags=0x0
13:17:37 bench: burst id=0x300 n=500 len=64 fd=1 brs=1 ext=0 -> sent=500 failed=0 473687 us drained=1 TEC=0 REC=0 fifo_flags=0x0
13:17:37 bench: burst id=0x300 n=500 len=64 fd=1 brs=1 ext=0 -> sent=500 failed=0 473760 us drained=1 TEC=0 REC=0 fifo_flags=0x0
13:17:38 bench: burst id=0x300 n=500 len=64 fd=1 brs=1 ext=0 -> sent=500 failed=0 473582 us drained=1 TEC=0 REC=0 fifo_flags=0x0
13:17:38 bench: burst id=0x300 n=500 len=64 fd=1 brs=1 ext=0 -> sent=500 failed=0 473519 us drained=1 TEC=0 REC=0 fifo_flags=0x0
13:17:39 bench: burst id=0x300 n=500 len=64 fd=1 brs=1 ext=0 -> sent=500 failed=0 473342 us drained=1 TEC=0 REC=0 fifo_flags=0x0
13:17:39 bench: burst id=0x300 n=500 len=64 fd=1 brs=1 ext=0 -> sent=500 failed=0 473490 us drained=1 TEC=0 REC=0 fifo_flags=0x0
13:17:40 bench: burst id=0x300 n=500 len=64 fd=1 brs=1 ext=0 -> sent=500 failed=0 473589 us drained=1 TEC=0 REC=0 fifo_flags=0x0
13:17:40 bench: burst id=0x300 n=500 len=64 fd=1 brs=1 ext=0 -> sent=500 failed=0 473713 us drained=1 TEC=0 REC=0 fifo_flags=0x0
13:17:41 bench: burst id=0x300 n=500 len=64 fd=1 brs=1 ext=0 -> sent=500 failed=0 473504 us drained=1 TEC=0 REC=0 fifo_flags=0x0
13:17:41 bench: burst id=0x300 n=500 len=64 fd=1 brs=1 ext=0 -> sent=500 failed=0 473531 us drained=1 TEC=0 REC=0 fifo_flags=0x0
13:17:42 bench: burst id=0x300 n=500 len=64 fd=1 brs=1 ext=0 -> sent=500 failed=0 473324 us drained=1 TEC=0 REC=0 fifo_flags=0x0
13:17:42 bench: burst id=0x300 n=500 len=64 fd=1 brs=1 ext=0 -> sent=500 failed=0 473404 us drained=1 TEC=0 REC=0 fifo_flags=0x0
13:17:43 bench: burst id=0x300 n=500 len=64 fd=1 brs=1 ext=0 -> sent=500 failed=0 473479 us drained=1 TEC=0 REC=0 fifo_flags=0x0
13:17:43 bench: burst id=0x300 n=500 len=64 fd=1 brs=1 ext=0 -> sent=500 failed=0 473325 us drained=1 TEC=0 REC=0 fifo_flags=0x0
13:17:44 bench: burst id=0x300 n=500 len=64 fd=1 brs=1 ext=0 -> sent=500 failed=0 473268 us drained=1 TEC=0 REC=0 fifo_flags=0x0
13:17:44 bench: burst id=0x300 n=500 len=64 fd=1 brs=1 ext=0 -> sent=500 failed=0 473469 us drained=1 TEC=0 REC=0 fifo_flags=0x0
13:17:45 bench: setmode mode=0 nom=500000 bps dat=5000000 bps flags=0x00 -> ok (opmod=0)
13:17:45 bench: SPI fast (direct GPIO)
13:18:22 bench: setmode mode=6 nom=500000 bps dat=2000000 bps flags=0x00 -> ok (opmod=6)
13:18:23 bench: SPI fast (direct GPIO)
13:18:23 bench: burst id=0x300 n=500 len=8 fd=0 brs=0 ext=0 -> sent=500 failed=0 231859 us drained=1 TEC=0 REC=0 fifo_flags=0x0
13:18:23 bench: burst id=0x300 n=500 len=8 fd=0 brs=0 ext=0 -> sent=500 failed=0 231872 us drained=1 TEC=0 REC=0 fifo_flags=0x0
13:18:23 bench: burst id=0x300 n=500 len=8 fd=0 brs=0 ext=0 -> sent=500 failed=0 231839 us drained=1 TEC=0 REC=0 fifo_flags=0x0
13:18:24 bench: burst id=0x300 n=500 len=8 fd=0 brs=0 ext=0 -> sent=500 failed=0 231800 us drained=1 TEC=0 REC=0 fifo_flags=0x0
13:18:24 bench: burst id=0x300 n=500 len=8 fd=0 brs=0 ext=0 -> sent=500 failed=0 231801 us drained=1 TEC=0 REC=0 fifo_flags=0x0
13:18:24 bench: burst id=0x300 n=500 len=8 fd=0 brs=0 ext=0 -> sent=500 failed=0 231722 us drained=1 TEC=0 REC=0 fifo_flags=0x0
13:18:24 bench: burst id=0x300 n=500 len=8 fd=0 brs=0 ext=0 -> sent=500 failed=0 231761 us drained=1 TEC=0 REC=0 fifo_flags=0x0
13:18:24 bench: burst id=0x300 n=500 len=8 fd=0 brs=0 ext=0 -> sent=500 failed=0 231754 us drained=1 TEC=0 REC=0 fifo_flags=0x0
13:18:25 bench: burst id=0x300 n=500 len=8 fd=0 brs=0 ext=0 -> sent=500 failed=0 231848 us drained=1 TEC=0 REC=0 fifo_flags=0x0
13:18:25 bench: burst id=0x300 n=500 len=8 fd=0 brs=0 ext=0 -> sent=500 failed=0 231779 us drained=1 TEC=0 REC=0 fifo_flags=0x0
13:18:25 bench: burst id=0x300 n=500 len=8 fd=0 brs=0 ext=0 -> sent=500 failed=0 231743 us drained=1 TEC=0 REC=0 fifo_flags=0x0
13:18:25 bench: burst id=0x300 n=500 len=8 fd=0 brs=0 ext=0 -> sent=500 failed=0 231820 us drained=1 TEC=0 REC=0 fifo_flags=0x0
13:18:26 bench: burst id=0x300 n=500 len=8 fd=0 brs=0 ext=0 -> sent=500 failed=0 231848 us drained=1 TEC=0 REC=0 fifo_flags=0x0
13:18:26 bench: burst id=0x300 n=500 len=8 fd=0 brs=0 ext=0 -> sent=500 failed=0 231718 us drained=1 TEC=0 REC=0 fifo_flags=0x0
13:18:26 bench: burst id=0x300 n=500 len=8 fd=0 brs=0 ext=0 -> sent=500 failed=0 231503 us drained=1 TEC=0 REC=0 fifo_flags=0x0
13:18:26 bench: burst id=0x300 n=500 len=8 fd=0 brs=0 ext=0 -> sent=500 failed=0 231760 us drained=1 TEC=0 REC=0 fifo_flags=0x0
13:18:27 bench: burst id=0x300 n=500 len=8 fd=0 brs=0 ext=0 -> sent=500 failed=0 231843 us drained=1 TEC=0 REC=0 fifo_flags=0x0
13:18:27 bench: burst id=0x300 n=500 len=8 fd=0 brs=0 ext=0 -> sent=500 failed=0 231759 us drained=1 TEC=0 REC=0 fifo_flags=0x0
13:18:27 bench: burst id=0x300 n=500 len=8 fd=0 brs=0 ext=0 -> sent=500 failed=0 231722 us drained=1 TEC=0 REC=0 fifo_flags=0x0
13:18:27 bench: burst id=0x300 n=500 len=8 fd=0 brs=0 ext=0 -> sent=500 failed=0 231772 us drained=1 TEC=0 REC=0 fifo_flags=0x0
13:18:28 bench: burst id=0x300 n=500 len=8 fd=0 brs=0 ext=0 -> sent=500 failed=0 231844 us drained=1 TEC=0 REC=0 fifo_flags=0x0
13:18:28 bench: burst id=0x300 n=500 len=8 fd=0 brs=0 ext=0 -> sent=500 failed=0 231725 us drained=1 TEC=0 REC=0 fifo_flags=0x0
13:18:28 bench: burst id=0x300 n=500 len=8 fd=0 brs=0 ext=0 -> sent=500 failed=0 231784 us drained=1 TEC=0 REC=0 fifo_flags=0x0
13:18:28 bench: burst id=0x300 n=500 len=8 fd=0 brs=0 ext=0 -> sent=500 failed=0 231798 us drained=1 TEC=0 REC=0 fifo_flags=0x0
13:18:29 bench: burst id=0x300 n=500 len=8 fd=0 brs=0 ext=0 -> sent=500 failed=0 231879 us drained=1 TEC=0 REC=0 fifo_flags=0x0
13:18:29 bench: burst id=0x300 n=500 len=8 fd=0 brs=0 ext=0 -> sent=500 failed=0 231837 us drained=1 TEC=0 REC=0 fifo_flags=0x0
13:18:29 bench: burst id=0x300 n=500 len=8 fd=0 brs=0 ext=0 -> sent=500 failed=0 231788 us drained=1 TEC=0 REC=0 fifo_flags=0x0
13:18:29 bench: burst id=0x300 n=500 len=8 fd=0 brs=0 ext=0 -> sent=500 failed=0 231774 us drained=1 TEC=0 REC=0 fifo_flags=0x0
13:18:30 bench: burst id=0x300 n=500 len=8 fd=0 brs=0 ext=0 -> sent=500 failed=0 231818 us drained=1 TEC=0 REC=0 fifo_flags=0x0
13:18:30 bench: burst id=0x300 n=500 len=8 fd=0 brs=0 ext=0 -> sent=500 failed=0 231763 us drained=1 TEC=0 REC=0 fifo_flags=0x0
13:18:30 bench: burst id=0x300 n=500 len=8 fd=0 brs=0 ext=0 -> sent=500 failed=0 231813 us drained=1 TEC=0 REC=0 fifo_flags=0x0
13:18:30 bench: burst id=0x300 n=500 len=8 fd=0 brs=0 ext=0 -> sent=500 failed=0 231861 us drained=1 TEC=0 REC=0 fifo_flags=0x0
13:18:31 bench: burst id=0x300 n=500 len=8 fd=0 brs=0 ext=0 -> sent=500 failed=0 231879 us drained=1 TEC=0 REC=0 fifo_flags=0x0
13:18:31 bench: burst id=0x300 n=500 len=8 fd=0 brs=0 ext=0 -> sent=500 failed=0 231827 us drained=1 TEC=0 REC=0 fifo_flags=0x0
13:18:31 bench: burst id=0x300 n=500 len=8 fd=0 brs=0 ext=0 -> sent=500 failed=0 231781 us drained=1 TEC=0 REC=0 fifo_flags=0x0
13:18:31 bench: burst id=0x300 n=500 len=8 fd=0 brs=0 ext=0 -> sent=500 failed=0 231873 us drained=1 TEC=0 REC=0 fifo_flags=0x0
13:18:31 bench: burst id=0x300 n=500 len=8 fd=0 brs=0 ext=0 -> sent=500 failed=0 231943 us drained=1 TEC=0 REC=0 fifo_flags=0x0
13:18:32 bench: burst id=0x300 n=500 len=8 fd=0 brs=0 ext=0 -> sent=500 failed=0 231818 us drained=1 TEC=0 REC=0 fifo_flags=0x0
13:18:32 bench: burst id=0x300 n=500 len=8 fd=0 brs=0 ext=0 -> sent=500 failed=0 232107 us drained=1 TEC=0 REC=0 fifo_flags=0x0
13:18:32 bench: burst id=0x300 n=500 len=8 fd=0 brs=0 ext=0 -> sent=500 failed=0 231853 us drained=1 TEC=0 REC=0 fifo_flags=0x0
13:18:33 bench: burst id=0x300 n=500 len=8 fd=0 brs=0 ext=0 -> sent=500 failed=0 231819 us drained=1 TEC=0 REC=0 fifo_flags=0x0
13:18:33 bench: burst id=0x300 n=500 len=8 fd=0 brs=0 ext=0 -> sent=500 failed=0 231793 us drained=1 TEC=0 REC=0 fifo_flags=0x0
13:18:33 bench: burst id=0x300 n=500 len=8 fd=0 brs=0 ext=0 -> sent=500 failed=0 231906 us drained=1 TEC=0 REC=0 fifo_flags=0x0
13:18:33 bench: burst id=0x300 n=500 len=8 fd=0 brs=0 ext=0 -> sent=500 failed=0 231848 us drained=1 TEC=0 REC=0 fifo_flags=0x0
13:18:34 bench: burst id=0x300 n=500 len=8 fd=0 brs=0 ext=0 -> sent=500 failed=0 231905 us drained=1 TEC=0 REC=0 fifo_flags=0x0
13:18:34 bench: burst id=0x300 n=500 len=8 fd=0 brs=0 ext=0 -> sent=500 failed=0 231960 us drained=1 TEC=0 REC=0 fifo_flags=0x0
13:18:34 bench: burst id=0x300 n=500 len=8 fd=0 brs=0 ext=0 -> sent=500 failed=0 231937 us drained=1 TEC=0 REC=0 fifo_flags=0x0
13:18:34 bench: burst id=0x300 n=500 len=8 fd=0 brs=0 ext=0 -> sent=500 failed=0 231859 us drained=1 TEC=0 REC=0 fifo_flags=0x0
13:18:35 bench: burst id=0x300 n=500 len=8 fd=0 brs=0 ext=0 -> sent=500 failed=0 231843 us drained=1 TEC=0 REC=0 fifo_flags=0x0
13:18:35 bench: burst id=0x300 n=500 len=8 fd=0 brs=0 ext=0 -> sent=500 failed=0 231816 us drained=1 TEC=0 REC=0 fifo_flags=0x0
13:18:35 bench: burst id=0x300 n=500 len=8 fd=0 brs=0 ext=0 -> sent=500 failed=0 231847 us drained=1 TEC=0 REC=0 fifo_flags=0x0
13:18:35 bench: burst id=0x300 n=500 len=8 fd=0 brs=0 ext=0 -> sent=500 failed=0 231782 us drained=1 TEC=0 REC=0 fifo_flags=0x0
13:18:36 bench: burst id=0x300 n=500 len=8 fd=0 brs=0 ext=0 -> sent=500 failed=0 232091 us drained=1 TEC=0 REC=0 fifo_flags=0x0
13:18:36 bench: burst id=0x300 n=500 len=8 fd=0 brs=0 ext=0 -> sent=500 failed=0 231816 us drained=1 TEC=0 REC=0 fifo_flags=0x0
13:18:36 bench: burst id=0x300 n=500 len=8 fd=0 brs=0 ext=0 -> sent=500 failed=0 231828 us drained=1 TEC=0 REC=0 fifo_flags=0x0
13:18:36 bench: burst id=0x300 n=500 len=8 fd=0 brs=0 ext=0 -> sent=500 failed=0 231885 us drained=1 TEC=0 REC=0 fifo_flags=0x0
13:18:37 bench: burst id=0x300 n=500 len=8 fd=0 brs=0 ext=0 -> sent=500 failed=0 231898 us drained=1 TEC=0 REC=0 fifo_flags=0x0
13:18:37 bench: burst id=0x300 n=500 len=8 fd=0 brs=0 ext=0 -> sent=500 failed=0 231780 us drained=1 TEC=0 REC=0 fifo_flags=0x0
13:18:37 bench: burst id=0x300 n=500 len=8 fd=0 brs=0 ext=0 -> sent=500 failed=0 231768 us drained=1 TEC=0 REC=0 fifo_flags=0x0
13:18:37 bench: burst id=0x300 n=500 len=8 fd=0 brs=0 ext=0 -> sent=500 failed=0 231784 us drained=1 TEC=0 REC=0 fifo_flags=0x0
13:18:37 bench: burst id=0x300 n=500 len=8 fd=0 brs=0 ext=0 -> sent=500 failed=0 231793 us drained=1 TEC=0 REC=0 fifo_flags=0x0
13:18:38 bench: burst id=0x300 n=500 len=8 fd=0 brs=0 ext=0 -> sent=500 failed=0 231739 us drained=1 TEC=0 REC=0 fifo_flags=0x0
13:18:38 bench: burst id=0x300 n=500 len=8 fd=0 brs=0 ext=0 -> sent=500 failed=0 231779 us drained=1 TEC=0 REC=0 fifo_flags=0x0
13:18:38 bench: burst id=0x300 n=500 len=8 fd=0 brs=0 ext=0 -> sent=500 failed=0 231800 us drained=1 TEC=0 REC=0 fifo_flags=0x0
13:18:38 bench: burst id=0x300 n=500 len=8 fd=0 brs=0 ext=0 -> sent=500 failed=0 231791 us drained=1 TEC=0 REC=0 fifo_flags=0x0
13:18:39 bench: burst id=0x300 n=500 len=8 fd=0 brs=0 ext=0 -> sent=500 failed=0 231780 us drained=1 TEC=0 REC=0 fifo_flags=0x0
13:18:39 bench: burst id=0x300 n=500 len=8 fd=0 brs=0 ext=0 -> sent=500 failed=0 231845 us drained=1 TEC=0 REC=0 fifo_flags=0x0
13:18:39 bench: burst id=0x300 n=500 len=8 fd=0 brs=0 ext=0 -> sent=500 failed=0 231828 us drained=1 TEC=0 REC=0 fifo_flags=0x0
13:18:39 bench: burst id=0x300 n=500 len=8 fd=0 brs=0 ext=0 -> sent=500 failed=0 231889 us drained=1 TEC=0 REC=0 fifo_flags=0x0
13:18:40 bench: burst id=0x300 n=500 len=8 fd=0 brs=0 ext=0 -> sent=500 failed=0 231836 us drained=1 TEC=0 REC=0 fifo_flags=0x0
13:18:40 bench: burst id=0x300 n=500 len=8 fd=0 brs=0 ext=0 -> sent=500 failed=0 231811 us drained=1 TEC=0 REC=0 fifo_flags=0x0
13:18:40 bench: burst id=0x300 n=500 len=8 fd=0 brs=0 ext=0 -> sent=500 failed=0 231859 us drained=1 TEC=0 REC=0 fifo_flags=0x0
13:18:40 bench: burst id=0x300 n=500 len=8 fd=0 brs=0 ext=0 -> sent=500 failed=0 231823 us drained=1 TEC=0 REC=0 fifo_flags=0x0
13:18:41 bench: burst id=0x300 n=500 len=8 fd=0 brs=0 ext=0 -> sent=500 failed=0 231782 us drained=1 TEC=0 REC=0 fifo_flags=0x0
13:18:41 bench: burst id=0x300 n=500 len=8 fd=0 brs=0 ext=0 -> sent=500 failed=0 231886 us drained=1 TEC=0 REC=0 fifo_flags=0x0
13:18:41 bench: burst id=0x300 n=500 len=8 fd=0 brs=0 ext=0 -> sent=500 failed=0 231906 us drained=1 TEC=0 REC=0 fifo_flags=0x0
13:18:41 bench: burst id=0x300 n=500 len=8 fd=0 brs=0 ext=0 -> sent=500 failed=0 231866 us drained=1 TEC=0 REC=0 fifo_flags=0x0
13:18:42 bench: burst id=0x300 n=500 len=8 fd=0 brs=0 ext=0 -> sent=500 failed=0 231791 us drained=1 TEC=0 REC=0 fifo_flags=0x0
13:18:42 bench: burst id=0x300 n=500 len=8 fd=0 brs=0 ext=0 -> sent=500 failed=0 231846 us drained=1 TEC=0 REC=0 fifo_flags=0x0
13:18:42 bench: burst id=0x300 n=500 len=8 fd=0 brs=0 ext=0 -> sent=500 failed=0 232100 us drained=1 TEC=0 REC=0 fifo_flags=0x0
13:18:42 bench: burst id=0x300 n=500 len=8 fd=0 brs=0 ext=0 -> sent=500 failed=0 231854 us drained=1 TEC=0 REC=0 fifo_flags=0x0
13:18:43 bench: burst id=0x300 n=500 len=8 fd=0 brs=0 ext=0 -> sent=500 failed=0 231781 us drained=1 TEC=0 REC=0 fifo_flags=0x0
13:18:43 bench: burst id=0x300 n=500 len=8 fd=0 brs=0 ext=0 -> sent=500 failed=0 231922 us drained=1 TEC=0 REC=0 fifo_flags=0x0
13:18:43 bench: burst id=0x300 n=500 len=8 fd=0 brs=0 ext=0 -> sent=500 failed=0 231823 us drained=1 TEC=0 REC=0 fifo_flags=0x0
13:18:43 bench: burst id=0x300 n=500 len=8 fd=0 brs=0 ext=0 -> sent=500 failed=0 231756 us drained=1 TEC=0 REC=0 fifo_flags=0x0
13:18:44 bench: burst id=0x300 n=500 len=8 fd=0 brs=0 ext=0 -> sent=500 failed=0 231766 us drained=1 TEC=0 REC=0 fifo_flags=0x0
13:18:44 bench: burst id=0x300 n=500 len=8 fd=0 brs=0 ext=0 -> sent=500 failed=0 231859 us drained=1 TEC=0 REC=0 fifo_flags=0x0
13:18:44 bench: burst id=0x300 n=500 len=8 fd=0 brs=0 ext=0 -> sent=500 failed=0 232047 us drained=1 TEC=0 REC=0 fifo_flags=0x0
13:18:44 bench: burst id=0x300 n=500 len=8 fd=0 brs=0 ext=0 -> sent=500 failed=0 231774 us drained=1 TEC=0 REC=0 fifo_flags=0x0
13:18:45 bench: burst id=0x300 n=500 len=8 fd=0 brs=0 ext=0 -> sent=500 failed=0 231756 us drained=1 TEC=0 REC=0 fifo_flags=0x0
13:18:45 bench: burst id=0x300 n=500 len=8 fd=0 brs=0 ext=0 -> sent=500 failed=0 231553 us drained=1 TEC=0 REC=0 fifo_flags=0x0
13:18:45 bench: burst id=0x300 n=500 len=8 fd=0 brs=0 ext=0 -> sent=500 failed=0 231772 us drained=1 TEC=0 REC=0 fifo_flags=0x0
13:18:45 bench: burst id=0x300 n=500 len=8 fd=0 brs=0 ext=0 -> sent=500 failed=0 231685 us drained=1 TEC=0 REC=0 fifo_flags=0x0
13:18:46 bench: burst id=0x300 n=500 len=8 fd=0 brs=0 ext=0 -> sent=500 failed=0 231706 us drained=1 TEC=0 REC=0 fifo_flags=0x0
13:18:46 bench: burst id=0x300 n=500 len=8 fd=0 brs=0 ext=0 -> sent=500 failed=0 231760 us drained=1 TEC=0 REC=0 fifo_flags=0x0
13:18:46 bench: burst id=0x300 n=500 len=8 fd=0 brs=0 ext=0 -> sent=500 failed=0 231794 us drained=1 TEC=0 REC=0 fifo_flags=0x0
13:18:46 bench: burst id=0x300 n=500 len=8 fd=0 brs=0 ext=0 -> sent=500 failed=0 231756 us drained=1 TEC=0 REC=0 fifo_flags=0x0
13:18:47 bench: burst id=0x300 n=500 len=8 fd=0 brs=0 ext=0 -> sent=500 failed=0 231735 us drained=1 TEC=0 REC=0 fifo_flags=0x0
13:18:47 bench: burst id=0x300 n=500 len=8 fd=0 brs=0 ext=0 -> sent=500 failed=0 231784 us drained=1 TEC=0 REC=0 fifo_flags=0x0
13:18:47 bench: burst id=0x300 n=500 len=8 fd=0 brs=0 ext=0 -> sent=500 failed=0 231513 us drained=1 TEC=0 REC=0 fifo_flags=0x0
13:18:47 bench: burst id=0x300 n=500 len=8 fd=0 brs=0 ext=0 -> sent=500 failed=0 231716 us drained=1 TEC=0 REC=0 fifo_flags=0x0
13:18:48 bench: burst id=0x300 n=500 len=8 fd=0 brs=0 ext=0 -> sent=500 failed=0 231733 us drained=1 TEC=0 REC=0 fifo_flags=0x0
13:18:48 bench: burst id=0x300 n=500 len=8 fd=0 brs=0 ext=0 -> sent=500 failed=0 231829 us drained=1 TEC=0 REC=0 fifo_flags=0x0
13:18:48 bench: burst id=0x300 n=500 len=8 fd=0 brs=0 ext=0 -> sent=500 failed=0 231718 us drained=1 TEC=0 REC=0 fifo_flags=0x0
13:18:48 bench: burst id=0x300 n=500 len=8 fd=0 brs=0 ext=0 -> sent=500 failed=0 231526 us drained=1 TEC=0 REC=0 fifo_flags=0x0
13:18:49 bench: burst id=0x300 n=500 len=8 fd=0 brs=0 ext=0 -> sent=500 failed=0 231794 us drained=1 TEC=0 REC=0 fifo_flags=0x0
13:18:49 bench: burst id=0x300 n=500 len=8 fd=0 brs=0 ext=0 -> sent=500 failed=0 231791 us drained=1 TEC=0 REC=0 fifo_flags=0x0
13:18:49 bench: burst id=0x300 n=500 len=8 fd=0 brs=0 ext=0 -> sent=500 failed=0 231792 us drained=1 TEC=0 REC=0 fifo_flags=0x0
13:18:49 bench: burst id=0x300 n=500 len=8 fd=0 brs=0 ext=0 -> sent=500 failed=0 231732 us drained=1 TEC=0 REC=0 fifo_flags=0x0
13:18:50 bench: burst id=0x300 n=500 len=8 fd=0 brs=0 ext=0 -> sent=500 failed=0 231693 us drained=1 TEC=0 REC=0 fifo_flags=0x0
13:18:50 bench: burst id=0x300 n=500 len=8 fd=0 brs=0 ext=0 -> sent=500 failed=0 231794 us drained=1 TEC=0 REC=0 fifo_flags=0x0
13:18:50 bench: burst id=0x300 n=500 len=8 fd=0 brs=0 ext=0 -> sent=500 failed=0 231756 us drained=1 TEC=0 REC=0 fifo_flags=0x0
13:18:50 bench: burst id=0x300 n=500 len=8 fd=0 brs=0 ext=0 -> sent=500 failed=0 231650 us drained=1 TEC=0 REC=0 fifo_flags=0x0
13:18:50 bench: burst id=0x300 n=500 len=8 fd=0 brs=0 ext=0 -> sent=500 failed=0 231682 us drained=1 TEC=0 REC=0 fifo_flags=0x0
13:18:51 bench: burst id=0x300 n=500 len=8 fd=0 brs=0 ext=0 -> sent=500 failed=0 231770 us drained=1 TEC=0 REC=0 fifo_flags=0x0
13:18:51 bench: burst id=0x300 n=500 len=8 fd=0 brs=0 ext=0 -> sent=500 failed=0 231668 us drained=1 TEC=0 REC=0 fifo_flags=0x0
13:18:51 bench: burst id=0x300 n=500 len=8 fd=0 brs=0 ext=0 -> sent=500 failed=0 231439 us drained=1 TEC=0 REC=0 fifo_flags=0x0
13:18:51 bench: burst id=0x300 n=500 len=8 fd=0 brs=0 ext=0 -> sent=500 failed=0 231723 us drained=1 TEC=0 REC=0 fifo_flags=0x0
13:18:52 bench: burst id=0x300 n=500 len=8 fd=0 brs=0 ext=0 -> sent=500 failed=0 231704 us drained=1 TEC=0 REC=0 fifo_flags=0x0
13:18:52 bench: burst id=0x300 n=500 len=8 fd=0 brs=0 ext=0 -> sent=500 failed=0 231612 us drained=1 TEC=0 REC=0 fifo_flags=0x0
13:18:52 bench: burst id=0x300 n=500 len=8 fd=0 brs=0 ext=0 -> sent=500 failed=0 231702 us drained=1 TEC=0 REC=0 fifo_flags=0x0
13:18:52 bench: burst id=0x300 n=500 len=8 fd=0 brs=0 ext=0 -> sent=500 failed=0 231642 us drained=1 TEC=0 REC=0 fifo_flags=0x0
13:18:53 bench: burst id=0x300 n=500 len=8 fd=0 brs=0 ext=0 -> sent=500 failed=0 231762 us drained=1 TEC=0 REC=0 fifo_flags=0x0
13:18:53 bench: burst id=0x300 n=500 len=8 fd=0 brs=0 ext=0 -> sent=500 failed=0 231707 us drained=1 TEC=0 REC=0 fifo_flags=0x0
13:18:53 bench: burst id=0x300 n=500 len=8 fd=0 brs=0 ext=0 -> sent=500 failed=0 231658 us drained=1 TEC=0 REC=0 fifo_flags=0x0
13:18:53 bench: burst id=0x300 n=500 len=8 fd=0 brs=0 ext=0 -> sent=500 failed=0 231718 us drained=1 TEC=0 REC=0 fifo_flags=0x0
13:18:54 bench: burst id=0x300 n=500 len=8 fd=0 brs=0 ext=0 -> sent=500 failed=0 231724 us drained=1 TEC=0 REC=0 fifo_flags=0x0
13:18:54 bench: burst id=0x300 n=500 len=8 fd=0 brs=0 ext=0 -> sent=500 failed=0 231727 us drained=1 TEC=0 REC=0 fifo_flags=0x0
13:18:54 bench: burst id=0x300 n=500 len=8 fd=0 brs=0 ext=0 -> sent=500 failed=0 231693 us drained=1 TEC=0 REC=0 fifo_flags=0x0
13:18:54 bench: burst id=0x300 n=500 len=8 fd=0 brs=0 ext=0 -> sent=500 failed=0 231698 us drained=1 TEC=0 REC=0 fifo_flags=0x0
13:18:55 bench: burst id=0x300 n=500 len=8 fd=0 brs=0 ext=0 -> sent=500 failed=0 231811 us drained=1 TEC=0 REC=0 fifo_flags=0x0
13:18:55 bench: burst id=0x300 n=500 len=8 fd=0 brs=0 ext=0 -> sent=500 failed=0 231699 us drained=1 TEC=0 REC=0 fifo_flags=0x0
13:18:55 bench: burst id=0x300 n=500 len=8 fd=0 brs=0 ext=0 -> sent=500 failed=0 231763 us drained=1 TEC=0 REC=0 fifo_flags=0x0
13:18:55 bench: burst id=0x300 n=500 len=8 fd=0 brs=0 ext=0 -> sent=500 failed=0 231639 us drained=1 TEC=0 REC=0 fifo_flags=0x0
13:18:56 bench: burst id=0x300 n=500 len=8 fd=0 brs=0 ext=0 -> sent=500 failed=0 231755 us drained=1 TEC=0 REC=0 fifo_flags=0x0
13:18:56 bench: burst id=0x300 n=500 len=8 fd=0 brs=0 ext=0 -> sent=500 failed=0 231716 us drained=1 TEC=0 REC=0 fifo_flags=0x0
13:18:56 bench: burst id=0x300 n=500 len=8 fd=0 brs=0 ext=0 -> sent=500 failed=0 231692 us drained=1 TEC=0 REC=0 fifo_flags=0x0
13:18:56 bench: burst id=0x300 n=500 len=8 fd=0 brs=0 ext=0 -> sent=500 failed=0 231727 us drained=1 TEC=0 REC=0 fifo_flags=0x0
13:18:57 bench: burst id=0x300 n=500 len=8 fd=0 brs=0 ext=0 -> sent=500 failed=0 231774 us drained=1 TEC=0 REC=0 fifo_flags=0x0
13:18:57 bench: burst id=0x300 n=500 len=8 fd=0 brs=0 ext=0 -> sent=500 failed=0 231799 us drained=1 TEC=0 REC=0 fifo_flags=0x0
13:18:58 bench: setmode mode=6 nom=500000 bps dat=2000000 bps flags=0x00 -> ok (opmod=6)
13:18:58 bench: SPI slow (Zephyr GPIO API)
13:19:04 bench: setmode mode=6 nom=500000 bps dat=2000000 bps flags=0x00 -> ok (opmod=6)
13:19:04 bench: stats rx=0 miss=0 bad=0 ovf=0 echo=0/0 txfail=0 TEC=0 REC=0 trec=0x00 bdiag0=0x00000000 bdiag1=0x00000003 int=0x00 opmod=6 gap=0..0 us (>10ms: 0) loop_max=427 us
13:19:04 bench: setmode mode=6 nom=500000 bps dat=2000000 bps flags=0x00 -> ok (opmod=6)
13:19:04 bench: SPI slow (Zephyr GPIO API)
13:19:06 bench: spibench fast=0 n=200 ram_err=0 rw_err=0 write16=1089 us read16=1096 us (~131 kbit/s SPI)
13:19:06 bench: SPI fast (direct GPIO)
13:19:06 bench: spibench fast=1 n=200 ram_err=0 rw_err=0 write16=152 us read16=161 us (~894 kbit/s SPI)
13:19:06 bench: SPI slow (Zephyr GPIO API)
13:19:06 bench: setmode mode=6 nom=500000 bps dat=2000000 bps flags=0x00 -> ok (opmod=6)
13:19:07 bench: stats rx=30 miss=0 bad=0 ovf=0 echo=0/0 txfail=0 TEC=0 REC=0 trec=0x00 bdiag0=0x00000000 bdiag1=0x00000020 int=0x00 opmod=6 gap=1749..4289 us (>10ms: 0) loop_max=4486 us
13:19:07 bench: setmode mode=6 nom=500000 bps dat=2000000 bps flags=0x00 -> ok (opmod=6)
13:19:07 bench: echo on
13:19:07 bench: echo off
13:19:07 bench: stats rx=83 miss=3802672201 bad=11 ovf=0 echo=53/0 txfail=0 TEC=0 REC=0 trec=0x00 bdiag0=0x00000000 bdiag1=0x0000006f int=0x00 opmod=6 gap=1749..620303 us (>10ms: 1) loop_max=4852 us
13:19:07 bench: setmode mode=6 nom=500000 bps dat=2000000 bps flags=0x00 -> ok (opmod=6)
13:19:08 bench: stats rx=5 miss=0 bad=0 ovf=0 echo=0/0 txfail=0 TEC=0 REC=0 trec=0x00 bdiag0=0x00000000 bdiag1=0x00000007 int=0x00 opmod=6 gap=1617..1688 us (>10ms: 0) loop_max=10528 us
13:19:08 bench: setmode mode=6 nom=500000 bps dat=2000000 bps flags=0x00 -> ok (opmod=6)
13:19:08 bench: SPI slow (Zephyr GPIO API)
13:19:08 bench: echo on
13:19:10 bench: echo off
13:19:10 bench: SPI fast (direct GPIO)
13:19:10 bench: echo on
13:19:10 bench: echo off
13:19:10 bench: SPI slow (Zephyr GPIO API)
13:19:10 bench: setmode mode=6 nom=500000 bps dat=2000000 bps flags=0x00 -> ok (opmod=6)
13:19:11 bench: SPI slow (Zephyr GPIO API)
13:19:13 bench: stats rx=300 miss=0 bad=0 ovf=0 echo=0/0 txfail=0 TEC=0 REC=0 trec=0x00 bdiag0=0x00000000 bdiag1=0x0000012e int=0x00 opmod=6 gap=3894..5829 us (>10ms: 0) loop_max=2471 us
13:19:14 bench: stats rx=300 miss=0 bad=0 ovf=0 echo=0/0 txfail=0 TEC=0 REC=0 trec=0x00 bdiag0=0x00000000 bdiag1=0x0000012e int=0x00 opmod=6 gap=1715..4259 us (>10ms: 0) loop_max=4486 us
13:19:15 bench: stats rx=300 miss=0 bad=0 ovf=0 echo=0/0 txfail=0 TEC=0 REC=0 trec=0x00 bdiag0=0x00000000 bdiag1=0x0000012e int=0x00 opmod=6 gap=1331..3138 us (>10ms: 0) loop_max=518157 us
13:19:16 bench: stats rx=248 miss=52 bad=0 ovf=52 echo=0/0 txfail=0 TEC=0 REC=0 trec=0x00 bdiag0=0x00000000 bdiag1=0x0000012e int=0x00 opmod=6 gap=236..4216 us (>10ms: 0) loop_max=512268 us
13:19:16 bench: SPI fast (direct GPIO)
13:19:18 bench: stats rx=300 miss=0 bad=0 ovf=0 echo=0/0 txfail=0 TEC=0 REC=0 trec=0x00 bdiag0=0x00000000 bdiag1=0x0000012e int=0x00 opmod=6 gap=3953..6362 us (>10ms: 0) loop_max=396 us
13:19:19 bench: stats rx=300 miss=0 bad=0 ovf=0 echo=0/0 txfail=0 TEC=0 REC=0 trec=0x00 bdiag0=0x00000000 bdiag1=0x0000012e int=0x00 opmod=6 gap=2411..4179 us (>10ms: 0) loop_max=427 us
13:19:20 bench: stats rx=300 miss=0 bad=0 ovf=0 echo=0/0 txfail=0 TEC=0 REC=0 trec=0x00 bdiag0=0x00000000 bdiag1=0x0000012e int=0x00 opmod=6 gap=1356..3262 us (>10ms: 0) loop_max=427 us
13:19:21 bench: stats rx=300 miss=0 bad=0 ovf=0 echo=0/0 txfail=0 TEC=0 REC=0 trec=0x00 bdiag0=0x00000000 bdiag1=0x0000012e int=0x00 opmod=6 gap=235..2655 us (>10ms: 0) loop_max=671 us
13:19:22 bench: stats rx=300 miss=0 bad=0 ovf=0 echo=0/0 txfail=0 TEC=0 REC=0 trec=0x00 bdiag0=0x00000000 bdiag1=0x0000012e int=0x00 opmod=6 gap=233..14640 us (>10ms: 1) loop_max=3021 us
13:19:23 bench: stats rx=300 miss=0 bad=0 ovf=0 echo=0/0 txfail=0 TEC=0 REC=0 trec=0x00 bdiag0=0x00000000 bdiag1=0x0000012e int=0x00 opmod=6 gap=233..1948 us (>10ms: 0) loop_max=701 us
13:19:23 bench: stats rx=300 miss=0 bad=0 ovf=0 echo=0/0 txfail=0 TEC=0 REC=0 trec=0x00 bdiag0=0x00000000 bdiag1=0x0000012e int=0x00 opmod=6 gap=233..1950 us (>10ms: 0) loop_max=1007 us
13:19:24 bench: stats rx=300 miss=0 bad=0 ovf=0 echo=0/0 txfail=0 TEC=0 REC=0 trec=0x00 bdiag0=0x00000000 bdiag1=0x0000012e int=0x00 opmod=6 gap=233..1973 us (>10ms: 0) loop_max=1586 us
13:19:24 bench: stats rx=300 miss=0 bad=0 ovf=0 echo=0/0 txfail=0 TEC=0 REC=0 trec=0x00 bdiag0=0x00000000 bdiag1=0x0000012e int=0x00 opmod=6 gap=233..9309 us (>10ms: 0) loop_max=12268 us
13:19:25 bench: stats rx=300 miss=0 bad=0 ovf=0 echo=0/0 txfail=0 TEC=0 REC=0 trec=0x00 bdiag0=0x00000000 bdiag1=0x0000012e int=0x00 opmod=6 gap=233..3412 us (>10ms: 0) loop_max=12237 us
13:19:26 bench: stats rx=300 miss=0 bad=0 ovf=0 echo=0/0 txfail=0 TEC=0 REC=0 trec=0x00 bdiag0=0x00000000 bdiag1=0x0000012e int=0x00 opmod=6 gap=233..1557 us (>10ms: 0) loop_max=14892 us
13:19:26 bench: stats rx=283 miss=17 bad=0 ovf=17 echo=0/0 txfail=0 TEC=0 REC=0 trec=0x00 bdiag0=0x00000000 bdiag1=0x0000012e int=0x00 opmod=6 gap=233..1859 us (>10ms: 0) loop_max=76538 us
13:19:26 bench: SPI slow (Zephyr GPIO API)
13:19:26 bench: setmode mode=6 nom=500000 bps dat=2000000 bps flags=0x00 -> ok (opmod=6)
13:19:27 bench: stats rx=16 miss=0 bad=0 ovf=0 echo=0/0 txfail=0 TEC=0 REC=0 trec=0x00 bdiag0=0x00000000 bdiag1=0x00000012 int=0x00 opmod=6 gap=236..352 us (>10ms: 0) loop_max=32775 us
13:19:27 bench: stats rx=32 miss=0 bad=0 ovf=0 echo=0/0 txfail=0 TEC=0 REC=0 trec=0x00 bdiag0=0x00000000 bdiag1=0x00000022 int=0x00 opmod=6 gap=235..242 us (>10ms: 0) loop_max=65155 us
13:19:28 bench: stats rx=38 miss=16 bad=0 ovf=3 echo=0/0 txfail=0 TEC=0 REC=0 trec=0x00 bdiag0=0x00000000 bdiag1=0x0000003e int=0x00 opmod=6 gap=235..2374 us (>10ms: 0) loop_max=77850 us
13:19:29 bench: stats rx=42 miss=50 bad=0 ovf=7 echo=0/0 txfail=0 TEC=0 REC=0 trec=0x00 bdiag0=0x00000000 bdiag1=0x00000066 int=0x00 opmod=6 gap=235..2369 us (>10ms: 0) loop_max=86730 us
13:19:29 bench: setmode mode=6 nom=500000 bps dat=2000000 bps flags=0x00 -> ok (opmod=6)
13:19:29 bench: SPI slow (Zephyr GPIO API)
13:19:30 bench: burst id=0x300 n=500 len=8 fd=0 brs=0 ext=0 -> sent=500 failed=0 1570114 us drained=1 TEC=0 REC=0 fifo_flags=0x0
13:19:32 bench: burst id=0x300 n=500 len=0 fd=0 brs=0 ext=0 -> sent=500 failed=0 1328433 us drained=1 TEC=0 REC=0 fifo_flags=0x0
13:19:32 bench: SPI fast (direct GPIO)
13:19:32 bench: burst id=0x300 n=500 len=8 fd=0 brs=0 ext=0 -> sent=500 failed=0 231765 us drained=1 TEC=0 REC=0 fifo_flags=0x0
13:19:33 bench: burst id=0x300 n=500 len=0 fd=0 brs=0 ext=0 -> sent=500 failed=0 196746 us drained=1 TEC=0 REC=0 fifo_flags=0x0
13:19:33 bench: SPI slow (Zephyr GPIO API)
13:19:33 bench: setmode mode=6 nom=500000 bps dat=2000000 bps flags=0x00 -> ok (opmod=6)
13:19:35 bench: burst id=0x300 n=200 len=8 fd=0 brs=0 ext=0 -> sent=200 failed=0 629457 us drained=1 TEC=0 REC=0 fifo_flags=0x0
13:19:36 bench: stats rx=200 miss=0 bad=0 ovf=0 echo=0/0 txfail=0 TEC=0 REC=0 trec=0x00 bdiag0=0x00000000 bdiag1=0x00000195 int=0x00 opmod=6 gap=1663..4363 us (>10ms: 0) loop_max=6439 us
13:19:36 bench: stats rx=200 miss=0 bad=0 ovf=0 echo=0/0 txfail=0 TEC=0 REC=0 trec=0x00 bdiag0=0x00000000 bdiag1=0x0000019f int=0x00 opmod=6 gap=1663..4363 us (>10ms: 0) loop_max=396 us
13:19:36 bench: setmode mode=6 nom=125000 bps dat=2000000 bps flags=0x00 -> ok (opmod=6)
13:19:36 bench: echo on
13:19:36 bench: echo off
13:19:37 bench: burst id=0x300 n=100 len=8 fd=0 brs=0 ext=0 -> sent=100 failed=0 317063 us drained=1 TEC=0 REC=0 fifo_flags=0x0
13:19:37 bench: stats rx=220 miss=370479928 bad=0 ovf=0 echo=20/0 txfail=0 TEC=0 REC=0 trec=0x00 bdiag0=0x00000000 bdiag1=0x00000096 int=0x00 opmod=6 gap=1663..2249595 us (>10ms: 1) loop_max=315185 us
13:19:37 bench: setmode mode=6 nom=250000 bps dat=2000000 bps flags=0x00 -> ok (opmod=6)
13:19:37 bench: echo on
13:19:37 bench: echo off
13:19:38 bench: burst id=0x300 n=100 len=8 fd=0 brs=0 ext=0 -> sent=100 failed=0 315207 us drained=1 TEC=0 REC=0 fifo_flags=0x0
13:19:38 bench: stats rx=240 miss=690497080 bad=1 ovf=0 echo=40/0 txfail=0 TEC=0 REC=0 trec=0x00 bdiag0=0x00000000 bdiag1=0x00000096 int=0x00 opmod=6 gap=1663..2249595 us (>10ms: 2) loop_max=4852 us
13:19:38 bench: setmode mode=6 nom=500000 bps dat=2000000 bps flags=0x00 -> ok (opmod=6)
13:19:38 bench: echo on
13:19:39 bench: echo off
13:19:39 bench: burst id=0x300 n=100 len=8 fd=0 brs=0 ext=0 -> sent=100 failed=0 315502 us drained=1 TEC=0 REC=0 fifo_flags=0x0
13:19:39 bench: stats rx=260 miss=1010514232 bad=2 ovf=0 echo=60/0 txfail=0 TEC=0 REC=0 trec=0x00 bdiag0=0x00000000 bdiag1=0x00000096 int=0x00 opmod=6 gap=1663..2249595 us (>10ms: 4) loop_max=4852 us
13:19:39 bench: setmode mode=6 nom=1000000 bps dat=2000000 bps flags=0x00 -> ok (opmod=6)
13:19:39 bench: echo on
13:19:40 bench: echo off
13:19:40 bench: burst id=0x300 n=100 len=8 fd=0 brs=0 ext=0 -> sent=100 failed=0 315449 us drained=1 TEC=0 REC=0 fifo_flags=0x0
13:19:40 bench: stats rx=280 miss=1330531384 bad=3 ovf=0 echo=80/0 txfail=0 TEC=0 REC=0 trec=0x00 bdiag0=0x00000000 bdiag1=0x00000096 int=0x00 opmod=6 gap=1663..2249595 us (>10ms: 5) loop_max=4821 us
13:19:42 bench: setmode mode=6 nom=500000 bps dat=2000000 bps flags=0x00 -> ok (opmod=6)
13:19:42 bench: echo off
13:19:42 bench: filter accept-all sid=0x000 mask=0x000
13:19:42 bench: setmode mode=6 nom=500000 bps dat=2000000 bps flags=0x00 -> ok (opmod=6)
13:19:44 bench: setmode mode=6 nom=500000 bps dat=2000000 bps flags=0x00 -> ok (opmod=6)
13:24:01 bench: setmode mode=0 nom=500000 bps dat=2000000 bps flags=0x00 -> ok (opmod=0)
13:24:01 bench: echo on
13:24:01 bench: echo off
13:24:01 bench: stats rx=36 miss=4189439201 bad=18 ovf=0 echo=36/0 txfail=0 TEC=0 REC=0 trec=0x00 bdiag0=0x00000000 bdiag1=0x0000004f int=0x00 opmod=0 gap=5448..15373 us (>10ms: 12) loop_max=11596 us
13:24:01 bench: setmode mode=0 nom=500000 bps dat=1000000 bps flags=0x00 -> ok (opmod=0)
13:24:02 bench: echo on
13:24:02 bench: echo off
13:24:02 bench: stats rx=20 miss=2240120178 bad=0 ovf=0 echo=20/0 txfail=0 TEC=0 REC=0 trec=0x00 bdiag0=0x00000000 bdiag1=0x0000002e int=0x00 opmod=0 gap=15462..16155 us (>10ms: 19) loop_max=11566 us
13:24:02 bench: setmode mode=0 nom=500000 bps dat=2000000 bps flags=0x00 -> ok (opmod=0)
13:24:02 bench: echo on
13:24:03 bench: echo off
13:24:03 bench: stats rx=20 miss=2240120178 bad=0 ovf=0 echo=20/0 txfail=0 TEC=0 REC=0 trec=0x00 bdiag0=0x00000000 bdiag1=0x0000002e int=0x00 opmod=0 gap=14595..16291 us (>10ms: 19) loop_max=11566 us
13:24:03 bench: setmode mode=0 nom=500000 bps dat=4000000 bps flags=0x00 -> ok (opmod=0)
13:24:03 bench: echo on
13:24:03 bench: echo off
13:24:03 bench: stats rx=20 miss=2240120178 bad=0 ovf=0 echo=20/0 txfail=0 TEC=0 REC=0 trec=0x00 bdiag0=0x00000000 bdiag1=0x0000002e int=0x00 opmod=0 gap=15054..17644 us (>10ms: 19) loop_max=11596 us
13:24:04 bench: setmode mode=0 nom=500000 bps dat=5000000 bps flags=0x00 -> ok (opmod=0)
13:24:04 bench: echo on
13:24:04 bench: echo off
13:24:04 bench: stats rx=20 miss=2240120178 bad=0 ovf=0 echo=20/0 txfail=0 TEC=0 REC=0 trec=0x00 bdiag0=0x00000000 bdiag1=0x0000002e int=0x00 opmod=0 gap=14448..17446 us (>10ms: 19) loop_max=11596 us
13:24:04 bench: setmode mode=0 nom=500000 bps dat=8000000 bps flags=0x00 -> ok (opmod=0)
13:24:04 bench: echo on
13:24:05 bench: echo off
13:24:05 bench: stats rx=20 miss=2240120178 bad=0 ovf=0 echo=20/0 txfail=0 TEC=0 REC=0 trec=0x00 bdiag0=0x02000000 bdiag1=0x0300002e int=0x80 opmod=0 gap=14526..18065 us (>10ms: 19) loop_max=11596 us
13:24:05 bench: setmode mode=6 nom=500000 bps dat=2000000 bps flags=0x00 -> ok (opmod=6)
13:24:05 bench: echo off
13:24:05 bench: filter accept-all sid=0x000 mask=0x000
13:24:05 bench: setmode mode=0 nom=500000 bps dat=2000000 bps flags=0x00 -> ok (opmod=0)
13:24:05 bench: SPI slow (Zephyr GPIO API)
13:24:07 bench: burst id=0x300 n=200 len=64 fd=1 brs=1 ext=0 -> sent=200 failed=0 1304935 us drained=1 TEC=0 REC=0 fifo_flags=0x0
13:24:08 bench: stats rx=100 miss=0 bad=0 ovf=0 echo=0/0 txfail=0 TEC=0 REC=0 trec=0x00 bdiag0=0x00000000 bdiag1=0x00000066 int=0x00 opmod=0 gap=2923..5089 us (>10ms: 0) loop_max=2471 us
13:24:08 bench: SPI fast (direct GPIO)
13:24:08 bench: burst id=0x300 n=200 len=64 fd=1 brs=1 ext=0 -> sent=200 failed=0 189844 us drained=1 TEC=0 REC=0 fifo_flags=0x0
13:24:09 bench: stats rx=100 miss=0 bad=0 ovf=0 echo=0/0 txfail=0 TEC=0 REC=0 trec=0x00 bdiag0=0x00000000 bdiag1=0x00000066 int=0x00 opmod=0 gap=2952..5087 us (>10ms: 0) loop_max=427 us
13:24:09 bench: SPI slow (Zephyr GPIO API)
13:24:09 bench: setmode mode=0 nom=500000 bps dat=5000000 bps flags=0x00 -> ok (opmod=0)
13:24:10 bench: SPI slow (Zephyr GPIO API)
13:24:11 bench: burst id=0x300 n=200 len=64 fd=1 brs=1 ext=0 -> sent=200 failed=0 1305316 us drained=1 TEC=0 REC=0 fifo_flags=0x0
13:24:12 bench: stats rx=100 miss=0 bad=0 ovf=0 echo=0/0 txfail=0 TEC=0 REC=0 trec=0x00 bdiag0=0x00000000 bdiag1=0x00000066 int=0x00 opmod=0 gap=2870..4669 us (>10ms: 0) loop_max=2471 us
13:24:12 bench: SPI fast (direct GPIO)
13:24:12 bench: burst id=0x300 n=200 len=64 fd=1 brs=1 ext=0 -> sent=200 failed=0 189498 us drained=1 TEC=0 REC=0 fifo_flags=0x0
13:24:14 bench: stats rx=100 miss=0 bad=0 ovf=0 echo=0/0 txfail=0 TEC=0 REC=0 trec=0x00 bdiag0=0x00000000 bdiag1=0x00000066 int=0x00 opmod=0 gap=2882..4813 us (>10ms: 0) loop_max=396 us
13:24:14 bench: SPI slow (Zephyr GPIO API)
13:24:14 bench: setmode mode=6 nom=500000 bps dat=2000000 bps flags=0x00 -> ok (opmod=6)
13:24:14 bench: echo off
13:24:14 bench: filter accept-all sid=0x000 mask=0x000
13:24:14 bench: setmode mode=0 nom=500000 bps dat=2000000 bps flags=0x00 -> ok (opmod=0)
13:24:14 bench: SPI slow (Zephyr GPIO API)
13:24:16 bench: stats rx=100 miss=0 bad=0 ovf=0 echo=0/0 txfail=0 TEC=0 REC=0 trec=0x00 bdiag0=0x00000000 bdiag1=0x00000066 int=0x00 opmod=0 gap=6926..9017 us (>10ms: 0) loop_max=2471 us
13:24:17 bench: stats rx=100 miss=0 bad=0 ovf=0 echo=0/0 txfail=0 TEC=0 REC=0 trec=0x00 bdiag0=0x00000000 bdiag1=0x00000066 int=0x00 opmod=0 gap=4254..6329 us (>10ms: 0) loop_max=2471 us
13:24:17 bench: stats rx=100 miss=0 bad=0 ovf=0 echo=0/0 txfail=0 TEC=0 REC=0 trec=0x00 bdiag0=0x00000000 bdiag1=0x00000066 int=0x00 opmod=0 gap=2945..4857 us (>10ms: 0) loop_max=2471 us
13:24:18 bench: stats rx=100 miss=0 bad=0 ovf=0 echo=0/0 txfail=0 TEC=0 REC=0 trec=0x00 bdiag0=0x00000000 bdiag1=0x00000066 int=0x00 opmod=0 gap=1802..4039 us (>10ms: 0) loop_max=4455 us
13:24:19 bench: stats rx=100 miss=0 bad=0 ovf=0 echo=0/0 txfail=0 TEC=0 REC=0 trec=0x00 bdiag0=0x00000000 bdiag1=0x00000066 int=0x00 opmod=0 gap=1565..3427 us (>10ms: 0) loop_max=6469 us
13:24:21 bench: stats rx=100 miss=0 bad=0 ovf=0 echo=0/0 txfail=0 TEC=0 REC=0 trec=0x00 bdiag0=0x00000000 bdiag1=0x00000066 int=0x00 opmod=0 gap=1604..3247 us (>10ms: 0) loop_max=194610 us
13:24:21 bench: stats rx=94 miss=5 bad=0 ovf=6 echo=0/0 txfail=0 TEC=0 REC=0 trec=0x00 bdiag0=0x00000000 bdiag1=0x00000066 int=0x00 opmod=0 gap=339..3798 us (>10ms: 0) loop_max=191741 us
13:24:21 bench: SPI fast (direct GPIO)
13:24:22 bench: stats rx=100 miss=0 bad=0 ovf=0 echo=0/0 txfail=0 TEC=0 REC=0 trec=0x00 bdiag0=0x00000000 bdiag1=0x00000066 int=0x00 opmod=0 gap=6787..9261 us (>10ms: 0) loop_max=396 us
13:24:23 bench: stats rx=100 miss=0 bad=0 ovf=0 echo=0/0 txfail=0 TEC=0 REC=0 trec=0x00 bdiag0=0x00000000 bdiag1=0x00000066 int=0x00 opmod=0 gap=3857..6071 us (>10ms: 0) loop_max=366 us
13:24:24 bench: stats rx=100 miss=0 bad=0 ovf=0 echo=0/0 txfail=0 TEC=0 REC=0 trec=0x00 bdiag0=0x00000000 bdiag1=0x00000066 int=0x00 opmod=0 gap=2842..4628 us (>10ms: 0) loop_max=366 us
13:24:25 bench: stats rx=100 miss=0 bad=0 ovf=0 echo=0/0 txfail=0 TEC=0 REC=0 trec=0x00 bdiag0=0x00000000 bdiag1=0x00000066 int=0x00 opmod=0 gap=1836..4220 us (>10ms: 0) loop_max=366 us
13:24:26 bench: stats rx=100 miss=0 bad=0 ovf=0 echo=0/0 txfail=0 TEC=0 REC=0 trec=0x00 bdiag0=0x00000000 bdiag1=0x00000066 int=0x00 opmod=0 gap=1562..3431 us (>10ms: 0) loop_max=366 us
13:24:26 bench: stats rx=100 miss=0 bad=0 ovf=0 echo=0/0 txfail=0 TEC=0 REC=0 trec=0x00 bdiag0=0x00000000 bdiag1=0x00000066 int=0x00 opmod=0 gap=1597..3225 us (>10ms: 0) loop_max=396 us
13:24:27 bench: stats rx=100 miss=0 bad=0 ovf=0 echo=0/0 txfail=0 TEC=0 REC=0 trec=0x00 bdiag0=0x00000000 bdiag1=0x00000066 int=0x00 opmod=0 gap=338..2020 us (>10ms: 0) loop_max=640 us
13:24:28 bench: stats rx=100 miss=0 bad=0 ovf=0 echo=0/0 txfail=0 TEC=0 REC=0 trec=0x00 bdiag0=0x00000000 bdiag1=0x00000066 int=0x00 opmod=0 gap=338..2075 us (>10ms: 0) loop_max=701 us
13:24:28 bench: stats rx=100 miss=0 bad=0 ovf=0 echo=0/0 txfail=0 TEC=0 REC=0 trec=0x00 bdiag0=0x00000000 bdiag1=0x00000066 int=0x00 opmod=0 gap=338..1722 us (>10ms: 0) loop_max=671 us
13:24:29 bench: stats rx=100 miss=0 bad=0 ovf=0 echo=0/0 txfail=0 TEC=0 REC=0 trec=0x00 bdiag0=0x00000000 bdiag1=0x00000066 int=0x00 opmod=0 gap=338..717 us (>10ms: 0) loop_max=1007 us
13:24:29 bench: SPI slow (Zephyr GPIO API)
13:24:29 bench: setmode mode=6 nom=500000 bps dat=2000000 bps flags=0x00 -> ok (opmod=6)
13:24:29 bench: echo off
13:24:29 bench: filter accept-all sid=0x000 mask=0x000
13:24:29 bench: setmode mode=6 nom=500000 bps dat=2000000 bps flags=0x00 -> ok (opmod=6)
13:24:31 bench: stats rx=0 miss=0 bad=0 ovf=0 echo=0/0 txfail=0 TEC=0 REC=17 trec=0x00 bdiag0=0x0000000a bdiag1=0x00100002 int=0x80 opmod=6 gap=0..0 us (>10ms: 0) loop_max=427 us
13:24:31 bench: setmode mode=6 nom=500000 bps dat=2000000 bps flags=0x00 -> ok (opmod=6)
13:24:31 bench: echo off
13:24:31 bench: filter accept-all sid=0x000 mask=0x000
13:24:31 bench: setmode mode=6 nom=500000 bps dat=1000000 bps flags=0x00 -> ok (opmod=6)
13:24:32 bench: looptest internal fd=1 brs=1 ext=0 len=64 n=16 -> sent=16 got=16 mismatch=0 198995 us TEC=0 REC=0 bdiag1=0x00000010 fifo=0x0
13:24:35 bench: looptest external fd=1 brs=1 ext=0 len=64 n=16 -> sent=16 got=16 mismatch=0 198991 us TEC=0 REC=0 bdiag1=0x00000010 fifo=0x0
13:24:36 bench: setmode mode=6 nom=500000 bps dat=2000000 bps flags=0x00 -> ok (opmod=6)
13:24:38 bench: looptest internal fd=1 brs=1 ext=0 len=64 n=16 -> sent=16 got=16 mismatch=0 199176 us TEC=0 REC=0 bdiag1=0x00000010 fifo=0x0
13:24:40 bench: looptest external fd=1 brs=1 ext=0 len=64 n=16 -> sent=16 got=16 mismatch=0 199307 us TEC=0 REC=0 bdiag1=0x00000010 fifo=0x0
13:24:42 bench: setmode mode=6 nom=500000 bps dat=4000000 bps flags=0x00 -> ok (opmod=6)
13:24:43 bench: looptest internal fd=1 brs=1 ext=0 len=64 n=16 -> sent=16 got=16 mismatch=0 198735 us TEC=0 REC=0 bdiag1=0x00000010 fifo=0x0
13:24:45 bench: looptest external fd=1 brs=1 ext=0 len=64 n=16 -> sent=16 got=16 mismatch=0 198742 us TEC=0 REC=0 bdiag1=0x00000010 fifo=0x0
13:24:47 bench: setmode mode=6 nom=500000 bps dat=5000000 bps flags=0x00 -> ok (opmod=6)
13:24:48 bench: looptest internal fd=1 brs=1 ext=0 len=64 n=16 -> sent=16 got=16 mismatch=0 198988 us TEC=0 REC=0 bdiag1=0x00000010 fifo=0x0
13:24:51 bench: looptest external fd=1 brs=1 ext=0 len=64 n=16 -> sent=16 got=16 mismatch=0 198990 us TEC=0 REC=0 bdiag1=0x00000010 fifo=0x0
13:24:52 bench: setmode mode=6 nom=500000 bps dat=8000000 bps flags=0x00 -> ok (opmod=6)
13:24:54 bench: looptest internal fd=1 brs=1 ext=0 len=64 n=16 -> sent=16 got=16 mismatch=0 175942 us TEC=0 REC=0 bdiag1=0x00000010 fifo=0x0
13:24:56 bench: looptest external fd=1 brs=1 ext=0 len=64 n=16 -> sent=16 got=16 mismatch=0 175667 us TEC=0 REC=0 bdiag1=0x00000010 fifo=0x0
13:24:58 bench: setmode mode=6 nom=500000 bps dat=2000000 bps flags=0x00 -> ok (opmod=6)
13:24:58 bench: echo off
13:24:58 bench: filter accept-all sid=0x000 mask=0x000
13:24:58 bench: setmode mode=0 nom=500000 bps dat=5000000 bps flags=0x04 -> ok (opmod=0)
13:24:59 bench: burst id=0x300 n=50 len=64 fd=1 brs=1 ext=0 -> sent=50 failed=0 327446 us drained=1 TEC=0 REC=0 fifo_flags=0x0
13:24:59 bench: stats rx=0 miss=0 bad=0 ovf=0 echo=0/0 txfail=0 TEC=0 REC=0 trec=0x00 bdiag0=0x00000000 bdiag1=0x00000038 int=0x00 opmod=0 gap=0..0 us (>10ms: 0) loop_max=427 us
13:24:59 bench: setmode mode=6 nom=500000 bps dat=2000000 bps flags=0x00 -> ok (opmod=6)
13:24:59 bench: echo off
13:24:59 bench: filter accept-all sid=0x000 mask=0x000
13:24:59 bench: setmode mode=6 nom=500000 bps dat=2000000 bps flags=0x01 -> ok (opmod=6)
13:25:00 bench: burst id=0x300 n=10 len=8 fd=0 brs=0 ext=0 -> sent=9 failed=2 36309 us drained=1 TEC=72 REC=0 fifo_flags=0x0
13:25:01 bench: stats rx=0 miss=0 bad=0 ovf=0 echo=0/0 txfail=0 TEC=88 REC=0 trec=0x00 bdiag0=0x00000b00 bdiag1=0x00040003 int=0x80 opmod=6 gap=0..0 us (>10ms: 0) loop_max=26550 us
13:25:02 bench: setmode mode=6 nom=500000 bps dat=2000000 bps flags=0x00 -> ok (opmod=6)
13:25:03 bench: stats rx=0 miss=0 bad=0 ovf=0 echo=0/0 txfail=0 TEC=126 REC=0 trec=0x05 bdiag0=0x00000200 bdiag1=0x00040005 int=0xa0 opmod=6 gap=0..0 us (>10ms: 0) loop_max=427 us
13:25:04 bench: burst id=0x300 n=100 len=8 fd=0 brs=0 ext=0 -> sent=100 failed=0 315741 us drained=1 TEC=17 REC=0 fifo_flags=0x0
13:25:04 bench: stats rx=0 miss=0 bad=0 ovf=0 echo=0/0 txfail=0 TEC=15 REC=0 trec=0x00 bdiag0=0x00000200 bdiag1=0x00040076 int=0xa0 opmod=6 gap=0..0 us (>10ms: 0) loop_max=427 us
13:25:04 bench: setmode mode=6 nom=500000 bps dat=2000000 bps flags=0x00 -> ok (opmod=6)
13:25:04 bench: echo off
13:25:04 bench: filter accept-all sid=0x000 mask=0x000
13:25:04 bench: setmode mode=6 nom=500000 bps dat=2000000 bps flags=0x00 -> ok (opmod=6)
13:25:26 bench: burst id=0x300 n=400 len=8 fd=0 brs=0 ext=0 -> sent=400 failed=0 1256339 us drained=1 TEC=0 REC=0 fifo_flags=0x0
13:25:28 bench: stats rx=77 miss=321 bad=0 ovf=42 echo=0/0 txfail=0 TEC=0 REC=0 trec=0x00 bdiag0=0x00000000 bdiag1=0x00000326 int=0x00 opmod=6 gap=249..2261 us (>10ms: 0) loop_max=164031 us
13:25:28 bench: setmode mode=6 nom=500000 bps dat=2000000 bps flags=0x00 -> ok (opmod=6)
13:25:28 bench: echo off
13:25:28 bench: filter accept-all sid=0x000 mask=0x000
13:25:29 bench: setmode mode=6 nom=500000 bps dat=2000000 bps flags=0x00 -> ok (opmod=6)
13:25:29 bench: setmode mode=3 nom=500000 bps dat=2000000 bps flags=0x00 -> ok (opmod=3)
13:25:30 bench: setmode mode=6 nom=500000 bps dat=2000000 bps flags=0x00 -> ok (opmod=6)
13:25:30 bench: setmode mode=6 nom=500000 bps dat=2000000 bps flags=0x00 -> ok (opmod=6)
13:25:30 bench: stats rx=4 miss=0 bad=0 ovf=0 echo=0/0 txfail=0 TEC=0 REC=0 trec=0x00 bdiag0=0x00000000 bdiag1=0x00000001 int=0x00 opmod=6 gap=4284..5789 us (>10ms: 0) loop_max=2410 us
13:25:30 bench: setmode mode=6 nom=500000 bps dat=2000000 bps flags=0x00 -> ok (opmod=6)
13:25:30 bench: filter std sid=0x123 mask=0x7ff
13:25:31 bench: stats rx=20 miss=0 bad=0 ovf=0 echo=0/0 txfail=0 TEC=0 REC=0 trec=0x00 bdiag0=0x00000000 bdiag1=0x0000003e int=0x00 opmod=6 gap=1819..4144 us (>10ms: 0) loop_max=4425 us
13:25:31 bench: filter accept-all sid=0x000 mask=0x000
13:25:31 bench: stats rx=20 miss=0 bad=0 ovf=0 echo=0/0 txfail=0 TEC=0 REC=0 trec=0x00 bdiag0=0x00000000 bdiag1=0x00000016 int=0x00 opmod=6 gap=2255..3365 us (>10ms: 0) loop_max=2441 us
13:25:31 bench: setmode mode=6 nom=500000 bps dat=2000000 bps flags=0x02 -> ok (opmod=6)
13:25:32 bench: stats rx=9 miss=37 bad=0 ovf=6 echo=0/0 txfail=0 TEC=0 REC=0 trec=0x00 bdiag0=0x00000000 bdiag1=0x00000034 int=0x00 opmod=6 gap=240..2376 us (>10ms: 0) loop_max=19714 us
13:25:32 bench: setmode mode=6 nom=500000 bps dat=2000000 bps flags=0x00 -> ok (opmod=6)
13:25:33 bench: stats rx=20 miss=0 bad=0 ovf=0 echo=0/0 txfail=0 TEC=0 REC=0 trec=0x00 bdiag0=0x00000000 bdiag1=0x00000016 int=0x00 opmod=6 gap=1874..4265 us (>10ms: 0) loop_max=4455 us
13:25:33 bench: setmode mode=6 nom=500000 bps dat=2000000 bps flags=0x00 -> ok (opmod=6)
13:25:35 bench: sleep 2000 ms xstby=1 -> WAKIF=1 INT low@503 ms (before=1 end=0) osc_before=0x0460 wake=366 us opmod_after=4 c1int=0x40 reconfig=ok
13:25:38 bench: sleep 2000 ms xstby=0 -> WAKIF=1 INT low@520 ms (before=1 end=0) osc_before=0x0460 wake=366 us opmod_after=4 c1int=0x40 reconfig=ok
13:25:38 bench: setmode mode=6 nom=500000 bps dat=2000000 bps flags=0x00 -> ok (opmod=6)
13:25:38 [00:17:09.497,863] <inf> hw_domain: CAN domain off (P0.23)
13:25:38 [00:17:09.818,908] <inf> hw_domain: CAN domain on (P0.23)
13:25:38 bench: railcycle off=300 ms -> rail on/off/back=1/0/1 (sense low after 22 ms) power_on=0 (25 ms) osc=0x00000460 reconfig=0 opmod=6
13:25:39 bench: echo on
13:25:39 bench: echo off
13:25:39 [00:17:10.148,590] <inf> hw_domain: CAN domain off (P0.23)
13:25:39 [00:17:10.469,635] <inf> hw_domain: CAN domain on (P0.23)
13:25:39 bench: railcycle off=300 ms -> rail on/off/back=1/0/1 (sense low after 22 ms) power_on=0 (24 ms) osc=0x00000460 reconfig=0 opmod=6
13:25:39 bench: echo on
13:25:39 bench: echo off
13:25:39 [00:17:10.808,868] <inf> hw_domain: CAN domain off (P0.23)
13:25:40 [00:17:11.129,913] <inf> hw_domain: CAN domain on (P0.23)
13:25:40 bench: railcycle off=300 ms -> rail on/off/back=1/0/1 (sense low after 22 ms) power_on=0 (25 ms) osc=0x00000460 reconfig=0 opmod=6
13:25:40 bench: echo on
13:25:40 bench: echo off
13:25:40 [00:17:11.460,418] <inf> hw_domain: CAN domain off (P0.23)
13:25:41 [00:17:12.982,269] <inf> hw_domain: CAN domain on (P0.23)
13:25:41 bench: railcycle off=1500 ms -> rail on/off/back=1/0/1 (sense low after 22 ms) power_on=0 (24 ms) osc=0x00000460 reconfig=0 opmod=6
13:25:42 bench: echo on
13:25:42 bench: echo off
13:25:42 [00:17:13.311,737] <inf> hw_domain: CAN domain off (P0.23)
13:25:43 [00:17:14.832,489] <inf> hw_domain: CAN domain on (P0.23)
13:25:43 bench: railcycle off=1500 ms -> rail on/off/back=1/0/1 (sense low after 22 ms) power_on=0 (24 ms) osc=0x00000460 reconfig=0 opmod=6
13:25:44 bench: echo on
13:25:44 bench: echo off
13:25:44 bench: reboot
13:25:44 *** Booting MCUboot v2.3.0-dev-fce4dac2e629 ***
13:25:44 *** Using nRF Connect SDK v3.3.0-ba167d9f3db4 ***
13:25:44 *** Using Zephyr OS v4.3.99-fd9204a02d52 ***
13:25:44 I: Starting bootloader
13:25:44 I: Primary image: magic=unset, swap_type=0x1, copy_done=0x3, image_ok=0x3
13:25:44 I: Secondary image: magic=unset, swap_type=0x1, copy_done=0x3, image_ok=0x3
13:25:44 I: Boot source: none
13:25:44 I: Image index: 0, Swap type: none
13:25:44 I: Bootloader chainload address offset: 0x10000
13:25:44 I: Image version: v0.4.0
13:25:44 I: Jumping to the first image slotAll pins have been configured as non-secure
13:25:44 Booting TF-M v2.2.2**
13:25:44 [Sec Thread] Secure image initializing!
13:25:45 *** Booting My Application v0.4.0-a2c13bdee4bb ***
13:25:45 *** Using nRF Connect SDK v3.3.0-ba167d9f3db4 ***
13:25:45 *** Using Zephyr OS v4.3.99-fd9204a02d52 ***
13:25:45 [00:00:00.265,991] <inf> main: === l0destar firmware boot (v0.4.0, board v3.4+can) ===
13:25:45 [00:00:00.274,505] <inf> main: reset cause: sw
13:25:45 [00:00:00.279,388] <inf> crypto: ready
13:25:45 [00:00:00.283,660] <inf> settings: apn=sensor.net user=
13:25:45 [00:00:00.289,367] <inf> settings: int=900 ma=1 tm=0
13:25:45 [00:00:00.294,830] <inf> settings: imei=(unset)
13:25:45 [00:00:00.315,093] <inf> hw_domain: AUX domain on (P0.13)
13:25:45 [00:00:00.331,054] <inf> hw_selftest: === power rail self-test ===
13:25:45 [00:00:00.337,707] <inf> hw_selftest: PP3V3_GPS: OK
13:25:45 [00:00:00.358,245] <inf> hw_domain: CAN domain on (P0.23)
13:25:45 [00:00:00.364,166] <inf> hw_domain: CAN domain off (P0.23)
13:25:45 [00:00:00.375,213] <inf> hw_selftest: PP3V3_CAN off: OK
13:25:45 [00:00:00.380,889] <inf> hw_selftest: self-test: all rails OK
13:25:45 [00:00:00.397,369] <inf> hw_common: INA228 pins: SCL(P0.21)=1 SDA(P0.20)=1 OK
13:25:45 [00:00:00.468,383] <inf> hw_power: INA228 ready  VBUS=0.016 V
13:25:45 [00:00:00.485,137] <inf> hw_common: ACC pins: SCL(P0.21)=1 SDA(P0.20)=1 OK
13:25:45 [00:00:00.578,125] <inf> hw_accel: ACC ready (WHO_AM_I=0x6B, XL 416 Hz +/-8g, G 104 Hz +/-250dps)
13:25:45 [00:00:00.602,691] <inf> hw_domain: CAN domain on (P0.23)
13:25:45 [00:00:00.612,915] <inf> hw_can: CAN_INT idle=1 (expect 1)
13:25:45 [00:00:00.618,896] <inf> hw_can: MCP2518FD ready (OSC=0x00000460), XSTBY -> transceiver standby  entering sleep
13:25:45 [00:00:00.630,615] <inf> hw_domain: CAN domain off (P0.23)
13:25:45 [00:00:00.636,596] <inf> hw_kline: L sense ready (P0.14 = AIN1, pull-up ladder)
13:25:45 
13:25:45 *** CAN BENCH AGENT ***
13:25:45 
13:25:45 *** CAN LOOPBACK TEST ***
13:25:45 [00:00:00.664,550] <inf> hw_domain: CAN domain on (P0.23)
13:25:45   internal (controller): OK (ID=0x100, 4 bytes echoed)
13:25:45   external (transceiver): OK (ID=0x101, 4 bytes echoed)
13:25:45 [00:00:00.715,728] <inf> hw_domain: CAN domain off (P0.23)
13:25:45 PASS: CAN loopback test
13:25:45 *** CAN LOOPBACK TEST DONE ***
13:25:45 
13:25:45 [00:00:00.742,095] <inf> hw_domain: CAN domain on (P0.23)
13:25:45 bench: ready  CAN 2.0 500 kbps, control 0x7e0 -> 0x7e8, OSC=0x00000460 rail=1 int=1
13:25:50 bench: setmode mode=6 nom=500000 bps dat=2000000 bps flags=0x00 -> ok (opmod=6)
13:25:50 bench: echo on
13:27:51 bench: echo off
13:27:51 bench: stats rx=22200 miss=0 bad=0 ovf=0 echo=22200/0 txfail=0 TEC=0 REC=0 trec=0x00 bdiag0=0x00000000 bdiag1=0x0000ad76 int=0x00 opmod=6 gap=232..57032 us (>10ms: 228) loop_max=79833 us
13:27:51 bench: setmode mode=6 nom=500000 bps dat=2000000 bps flags=0x00 -> ok (opmod=6)
13:27:51 bench: echo off
13:27:51 bench: filter accept-all sid=0x000 mask=0x000
