#VRML V2.0 utf8
WorldInfo
{
	info ["Generated by TraceParts CAD VRML Translator"]
	title "TraceParts Assembly"
}
DEF TraceParts_Assembly Group
{
	children
	[
		Shape
		{
			appearance Appearance
			{
				material Material
				{
					diffuseColor 0.800 0.800 0.800
				}
			}
			geometry IndexedFaceSet
			{
				creaseAngle 0.5
				solid TRUE
				coord Coordinate
				{
					point
					[
						-6.325 -1.100 3.305,
						-6.325 -1.100 1.785,
						-6.325 -2.410 3.305,
						-6.325 -3.050 1.785,
						-6.325 -3.050 3.305
					]
				}
				coordIndex
				[
					0, 1, 2, -1,
					2, 1, 3, -1,
					2, 3, 4, -1
				]
				normal Normal
				{
					vector
					[
						-1.000 -0.000 -0.000
					]
				}
				normalIndex
				[
					0, 0, 0, -1,
					0, 0, 0, -1,
					0, 0, 0, -1
				]
			}
		}
		Shape
		{
			appearance Appearance
			{
				material Material
				{
					diffuseColor 0.800 0.800 0.800
				}
			}
			geometry IndexedFaceSet
			{
				creaseAngle 0.5
				solid TRUE
				coord Coordinate
				{
					point
					[
						-6.325 1.100 3.305,
						-6.325 2.680 3.305,
						-6.325 1.100 1.785,
						-6.325 3.430 1.785,
						-6.325 3.430 3.305
					]
				}
				coordIndex
				[
					0, 1, 2, -1,
					2, 1, 3, -1,
					1, 4, 3, -1
				]
				normal Normal
				{
					vector
					[
						-1.000 -0.000 -0.000
					]
				}
				normalIndex
				[
					0, 0, 0, -1,
					0, 0, 0, -1,
					0, 0, 0, -1
				]
			}
		}
		Shape
		{
			appearance Appearance
			{
				material Material
				{
					diffuseColor 0.800 0.800 0.800
				}
			}
			geometry IndexedFaceSet
			{
				creaseAngle 0.5
				solid TRUE
				coord Coordinate
				{
					point
					[
						-6.325 -1.100 3.305,
						-4.940 -1.100 3.305,
						-6.325 -1.100 1.785,
						-4.940 -1.100 -0.195,
						-6.575 -1.100 -0.195,
						-6.575 -1.100 1.785
					]
				}
				coordIndex
				[
					0, 1, 2, -1,
					2, 1, 3, -1,
					2, 3, 4, -1,
					4, 5, 2, -1
				]
				normal Normal
				{
					vector
					[
						-0.000 1.000 0.000
					]
				}
				normalIndex
				[
					0, 0, 0, -1,
					0, 0, 0, -1,
					0, 0, 0, -1,
					0, 0, 0, -1
				]
			}
		}
		Shape
		{
			appearance Appearance
			{
				material Material
				{
					diffuseColor 0.800 0.800 0.800
				}
			}
			geometry IndexedFaceSet
			{
				creaseAngle 0.5
				solid TRUE
				coord Coordinate
				{
					point
					[
						-6.325 -1.100 1.785,
						-6.575 -1.100 1.785,
						-6.325 -3.050 1.785,
						-6.575 -3.940 1.785,
						-6.325 -3.940 1.785
					]
				}
				coordIndex
				[
					0, 1, 2, -1,
					2, 1, 3, -1,
					2, 3, 4, -1
				]
				normal Normal
				{
					vector
					[
						0.000 0.000 1.000
					]
				}
				normalIndex
				[
					0, 0, 0, -1,
					0, 0, 0, -1,
					0, 0, 0, -1
				]
			}
		}
		Shape
		{
			appearance Appearance
			{
				material Material
				{
					diffuseColor 0.800 0.800 0.800
				}
			}
			geometry IndexedFaceSet
			{
				creaseAngle 0.5
				solid TRUE
				coord Coordinate
				{
					point
					[
						-6.325 3.430 1.785,
						-6.575 3.430 1.785,
						-6.325 1.100 1.785,
						-6.575 1.100 1.785
					]
				}
				coordIndex
				[
					0, 1, 2, -1,
					2, 1, 3, -1
				]
				normal Normal
				{
					vector
					[
						0.000 0.000 1.000
					]
				}
				normalIndex
				[
					0, 0, 0, -1,
					0, 0, 0, -1
				]
			}
		}
		Shape
		{
			appearance Appearance
			{
				material Material
				{
					diffuseColor 0.800 0.800 0.800
				}
			}
			geometry IndexedFaceSet
			{
				creaseAngle 0.5
				solid TRUE
				coord Coordinate
				{
					point
					[
						-6.325 -3.050 -3.355,
						-6.325 -3.050 1.785,
						-6.325 -3.940 -3.355,
						-6.325 -3.940 1.785
					]
				}
				coordIndex
				[
					0, 1, 2, -1,
					2, 1, 3, -1
				]
				normal Normal
				{
					vector
					[
						1.000 -0.000 -0.000
					]
				}
				normalIndex
				[
					0, 0, 0, -1,
					0, 0, 0, -1
				]
			}
		}
		Shape
		{
			appearance Appearance
			{
				material Material
				{
					diffuseColor 0.800 0.800 0.800
				}
			}
			geometry IndexedFaceSet
			{
				creaseAngle 0.5
				solid TRUE
				coord Coordinate
				{
					point
					[
						5.305 -3.940 -3.355,
						6.325 -3.940 -3.355,
						5.305 -3.430 -3.355,
						6.325 -3.050 -3.355
					]
				}
				coordIndex
				[
					0, 1, 2, -1,
					2, 1, 3, -1
				]
				normal Normal
				{
					vector
					[
						0.000 0.000 1.000
					]
				}
				normalIndex
				[
					0, 0, 0, -1,
					0, 0, 0, -1
				]
			}
		}
		Shape
		{
			appearance Appearance
			{
				material Material
				{
					diffuseColor 0.800 0.800 0.800
				}
			}
			geometry IndexedFaceSet
			{
				creaseAngle 0.5
				solid TRUE
				coord Coordinate
				{
					point
					[
						-5.305 -3.430 -3.355,
						-6.325 -3.050 -3.355,
						-5.325 -3.430 -3.355,
						-6.325 -3.940 -3.355,
						-5.325 -3.940 -3.355
					]
				}
				coordIndex
				[
					0, 1, 2, -1,
					2, 1, 3, -1,
					2, 3, 4, -1
				]
				normal Normal
				{
					vector
					[
						0.000 0.000 1.000
					]
				}
				normalIndex
				[
					0, 0, 0, -1,
					0, 0, 0, -1,
					0, 0, 0, -1
				]
			}
		}
		Shape
		{
			appearance Appearance
			{
				material Material
				{
					diffuseColor 0.800 0.800 0.800
				}
			}
			geometry IndexedFaceSet
			{
				creaseAngle 0.5
				solid TRUE
				coord Coordinate
				{
					point
					[
						5.305 -3.430 -4.955,
						5.305 -3.940 -4.955,
						5.305 -3.430 -3.355,
						5.305 -3.940 -3.355
					]
				}
				coordIndex
				[
					0, 1, 2, -1,
					2, 1, 3, -1
				]
				normal Normal
				{
					vector
					[
						-1.000 -0.000 -0.000
					]
				}
				normalIndex
				[
					0, 0, 0, -1,
					0, 0, 0, -1
				]
			}
		}
		Shape
		{
			appearance Appearance
			{
				material Material
				{
					diffuseColor 0.800 0.800 0.800
				}
			}
			geometry IndexedFaceSet
			{
				creaseAngle 0.5
				solid TRUE
				coord Coordinate
				{
					point
					[
						5.305 -3.940 -3.355,
						5.305 -3.940 -4.955,
						6.325 -3.940 -3.355,
						6.575 -3.940 -4.955,
						6.575 -3.940 1.785,
						6.325 -3.940 1.785
					]
				}
				coordIndex
				[
					0, 1, 2, -1,
					2, 1, 3, -1,
					2, 3, 4, -1,
					4, 5, 2, -1
				]
				normal Normal
				{
					vector
					[
						0.000 -1.000 0.000
					]
				}
				normalIndex
				[
					0, 0, 0, -1,
					0, 0, 0, -1,
					0, 0, 0, -1,
					0, 0, 0, -1
				]
			}
		}
		Shape
		{
			appearance Appearance
			{
				material Material
				{
					diffuseColor 0.800 0.800 0.800
				}
			}
			geometry IndexedFaceSet
			{
				creaseAngle 0.5
				solid TRUE
				coord Coordinate
				{
					point
					[
						-5.325 -3.940 -3.355,
						-6.325 -3.940 -3.355,
						-5.325 -3.940 -4.955,
						-6.575 -3.940 -4.955,
						-6.325 -3.940 1.785,
						-6.575 -3.940 1.785
					]
				}
				coordIndex
				[
					0, 1, 2, -1,
					2, 1, 3, -1,
					4, 5, 1, -1,
					1, 5, 3, -1
				]
				normal Normal
				{
					vector
					[
						0.000 -1.000 0.000
					]
				}
				normalIndex
				[
					0, 0, 0, -1,
					0, 0, 0, -1,
					0, 0, 0, -1,
					0, 0, 0, -1
				]
			}
		}
		Shape
		{
			appearance Appearance
			{
				material Material
				{
					diffuseColor 0.800 0.800 0.800
				}
			}
			geometry IndexedFaceSet
			{
				creaseAngle 0.5
				solid TRUE
				coord Coordinate
				{
					point
					[
						6.325 -3.050 -3.355,
						6.325 -3.940 -3.355,
						6.325 -3.050 1.785,
						6.325 -3.940 1.785
					]
				}
				coordIndex
				[
					0, 1, 2, -1,
					2, 1, 3, -1
				]
				normal Normal
				{
					vector
					[
						-1.000 -0.000 -0.000
					]
				}
				normalIndex
				[
					0, 0, 0, -1,
					0, 0, 0, -1
				]
			}
		}
		Shape
		{
			appearance Appearance
			{
				material Material
				{
					diffuseColor 0.800 0.800 0.800
				}
			}
			geometry IndexedFaceSet
			{
				creaseAngle 0.5
				solid TRUE
				coord Coordinate
				{
					point
					[
						6.575 3.430 1.785,
						6.325 3.430 1.785,
						6.575 1.100 1.785,
						6.325 1.100 1.785
					]
				}
				coordIndex
				[
					0, 1, 2, -1,
					2, 1, 3, -1
				]
				normal Normal
				{
					vector
					[
						0.000 0.000 1.000
					]
				}
				normalIndex
				[
					0, 0, 0, -1,
					0, 0, 0, -1
				]
			}
		}
		Shape
		{
			appearance Appearance
			{
				material Material
				{
					diffuseColor 0.800 0.800 0.800
				}
			}
			geometry IndexedFaceSet
			{
				creaseAngle 0.5
				solid TRUE
				coord Coordinate
				{
					point
					[
						6.325 -1.100 1.785,
						6.325 -2.200 1.785,
						6.575 -1.100 1.785,
						6.325 -2.350 1.785,
						6.575 -3.940 1.785,
						6.325 -3.050 1.785,
						6.325 -3.940 1.785
					]
				}
				coordIndex
				[
					0, 1, 2, -1,
					2, 1, 3, -1,
					2, 3, 4, -1,
					4, 3, 5, -1,
					4, 5, 6, -1
				]
				normal Normal
				{
					vector
					[
						0.000 0.000 1.000
					]
				}
				normalIndex
				[
					0, 0, 0, -1,
					0, 0, 0, -1,
					0, 0, 0, -1,
					0, 0, 0, -1,
					0, 0, 0, -1
				]
			}
		}
		Shape
		{
			appearance Appearance
			{
				material Material
				{
					diffuseColor 0.800 0.800 0.800
				}
			}
			geometry IndexedFaceSet
			{
				creaseAngle 0.5
				solid TRUE
				coord Coordinate
				{
					point
					[
						6.325 1.100 3.305,
						4.940 1.100 3.305,
						6.325 1.100 1.785,
						4.940 1.100 -0.195,
						6.575 1.100 -0.195,
						6.575 1.100 1.785
					]
				}
				coordIndex
				[
					0, 1, 2, -1,
					2, 1, 3, -1,
					2, 3, 4, -1,
					4, 5, 2, -1
				]
				normal Normal
				{
					vector
					[
						0.000 -1.000 -0.000
					]
				}
				normalIndex
				[
					0, 0, 0, -1,
					0, 0, 0, -1,
					0, 0, 0, -1,
					0, 0, 0, -1
				]
			}
		}
		Shape
		{
			appearance Appearance
			{
				material Material
				{
					diffuseColor 0.800 0.800 0.800
				}
			}
			geometry IndexedFaceSet
			{
				creaseAngle 0.5
				solid TRUE
				coord Coordinate
				{
					point
					[
						6.325 1.100 3.305,
						6.325 1.100 1.785,
						6.325 2.680 3.305,
						6.325 3.430 1.785,
						6.325 3.430 3.305
					]
				}
				coordIndex
				[
					0, 1, 2, -1,
					2, 1, 3, -1,
					2, 3, 4, -1
				]
				normal Normal
				{
					vector
					[
						1.000 0.000 0.000
					]
				}
				normalIndex
				[
					0, 0, 0, -1,
					0, 0, 0, -1,
					0, 0, 0, -1
				]
			}
		}
		Shape
		{
			appearance Appearance
			{
				material Material
				{
					diffuseColor 0.800 0.800 0.800
				}
			}
			geometry IndexedFaceSet
			{
				creaseAngle 0.5
				solid TRUE
				coord Coordinate
				{
					point
					[
						6.325 -2.200 1.785,
						6.325 -1.100 1.785,
						6.325 -2.200 2.805,
						6.325 -1.100 3.305,
						6.325 -2.410 3.305,
						6.325 -2.350 2.805,
						6.325 -3.050 3.305,
						6.325 -2.500 2.626,
						6.325 -3.050 1.785,
						6.325 -2.500 2.422,
						6.325 -2.350 1.785,
						6.325 -2.350 2.601
					]
				}
				coordIndex
				[
					0, 1, 2, -1,
					2, 1, 3, -1,
					2, 3, 4, -1,
					2, 4, 5, -1,
					5, 4, 6, -1,
					5, 6, 7, -1,
					7, 6, 8, -1,
					7, 8, 9, -1,
					9, 8, 10, -1,
					9, 10, 11, -1
				]
				normal Normal
				{
					vector
					[
						1.000 0.000 0.000
					]
				}
				normalIndex
				[
					0, 0, 0, -1,
					0, 0, 0, -1,
					0, 0, 0, -1,
					0, 0, 0, -1,
					0, 0, 0, -1,
					0, 0, 0, -1,
					0, 0, 0, -1,
					0, 0, 0, -1,
					0, 0, 0, -1,
					0, 0, 0, -1
				]
			}
		}
		Shape
		{
			appearance Appearance
			{
				material Material
				{
					diffuseColor 0.800 0.800 0.800
				}
			}
			geometry IndexedFaceSet
			{
				creaseAngle 0.5
				solid TRUE
				coord Coordinate
				{
					point
					[
						4.940 -1.100 3.305,
						4.940 -2.410 3.305,
						6.325 -1.100 3.305,
						6.325 -2.410 3.305
					]
				}
				coordIndex
				[
					0, 1, 2, -1,
					2, 1, 3, -1
				]
				normal Normal
				{
					vector
					[
						-0.000 -0.000 1.000
					]
				}
				normalIndex
				[
					0, 0, 0, -1,
					0, 0, 0, -1
				]
			}
		}
		Shape
		{
			appearance Appearance
			{
				material Material
				{
					diffuseColor 0.800 0.800 0.800
				}
			}
			geometry IndexedFaceSet
			{
				creaseAngle 0.5
				solid TRUE
				coord Coordinate
				{
					point
					[
						6.325 2.680 3.305,
						4.940 2.680 3.305,
						6.325 1.100 3.305,
						4.940 1.100 3.305
					]
				}
				coordIndex
				[
					0, 1, 2, -1,
					2, 1, 3, -1
				]
				normal Normal
				{
					vector
					[
						-0.000 -0.000 1.000
					]
				}
				normalIndex
				[
					0, 0, 0, -1,
					0, 0, 0, -1
				]
			}
		}
		Shape
		{
			appearance Appearance
			{
				material Material
				{
					diffuseColor 0.800 0.800 0.800
				}
			}
			geometry IndexedFaceSet
			{
				creaseAngle 0.5
				solid TRUE
				coord Coordinate
				{
					point
					[
						6.575 -1.100 1.785,
						6.575 -1.100 -0.195,
						6.325 -1.100 1.785,
						4.940 -1.100 -0.195,
						4.940 -1.100 3.305,
						6.325 -1.100 3.305
					]
				}
				coordIndex
				[
					0, 1, 2, -1,
					2, 1, 3, -1,
					2, 3, 4, -1,
					4, 5, 2, -1
				]
				normal Normal
				{
					vector
					[
						-0.000 1.000 -0.000
					]
				}
				normalIndex
				[
					0, 0, 0, -1,
					0, 0, 0, -1,
					0, 0, 0, -1,
					0, 0, 0, -1
				]
			}
		}
		Shape
		{
			appearance Appearance
			{
				material Material
				{
					diffuseColor 0.800 0.800 0.800
				}
			}
			geometry IndexedFaceSet
			{
				creaseAngle 0.5
				solid TRUE
				coord Coordinate
				{
					point
					[
						4.940 1.100 -0.195,
						4.940 1.100 3.305,
						4.940 0.575 -0.195,
						4.940 -1.100 3.305,
						4.940 -0.575 -0.195,
						4.940 -1.100 -0.195,
						4.940 2.680 3.305,
						4.940 2.680 4.955,
						4.940 -2.410 4.955,
						4.940 -2.410 3.305,
						4.940 -0.575 -2.795,
						4.940 0.575 -2.795
					]
				}
				coordIndex
				[
					0, 1, 2, -1,
					2, 1, 3, -1,
					2, 3, 4, -1,
					4, 3, 5, -1,
					6, 7, 1, -1,
					1, 7, 8, -1,
					1, 8, 3, -1,
					3, 8, 9, -1,
					4, 10, 2, -1,
					2, 10, 11, -1
				]
				normal Normal
				{
					vector
					[
						1.000 -0.000 -0.000
					]
				}
				normalIndex
				[
					0, 0, 0, -1,
					0, 0, 0, -1,
					0, 0, 0, -1,
					0, 0, 0, -1,
					0, 0, 0, -1,
					0, 0, 0, -1,
					0, 0, 0, -1,
					0, 0, 0, -1,
					0, 0, 0, -1,
					0, 0, 0, -1
				]
			}
		}
		Shape
		{
			appearance Appearance
			{
				material Material
				{
					diffuseColor 0.800 0.800 0.800
				}
			}
			geometry IndexedFaceSet
			{
				creaseAngle 0.5
				solid TRUE
				coord Coordinate
				{
					point
					[
						6.575 0.575 -2.695,
						6.575 0.575 -0.195,
						5.340 0.575 -2.695,
						4.940 0.575 -0.195,
						4.940 0.575 -2.795,
						5.340 0.575 -2.795
					]
				}
				coordIndex
				[
					0, 1, 2, -1,
					2, 1, 3, -1,
					2, 3, 4, -1,
					4, 5, 2, -1
				]
				normal Normal
				{
					vector
					[
						0.000 -1.000 -0.000
					]
				}
				normalIndex
				[
					0, 0, 0, -1,
					0, 0, 0, -1,
					0, 0, 0, -1,
					0, 0, 0, -1
				]
			}
		}
		Shape
		{
			appearance Appearance
			{
				material Material
				{
					diffuseColor 0.800 0.800 0.800
				}
			}
			geometry IndexedFaceSet
			{
				creaseAngle 0.5
				solid TRUE
				coord Coordinate
				{
					point
					[
						5.340 -0.400 -2.695,
						5.340 -0.575 -2.695,
						5.640 -0.400 -2.695,
						6.575 -0.575 -2.695,
						6.575 0.575 -2.695,
						5.640 0.400 -2.695,
						5.340 0.575 -2.695,
						5.340 0.400 -2.695
					]
				}
				coordIndex
				[
					0, 1, 2, -1,
					2, 1, 3, -1,
					2, 3, 4, -1,
					2, 4, 5, -1,
					5, 4, 6, -1,
					5, 6, 7, -1
				]
				normal Normal
				{
					vector
					[
						-0.000 -0.000 1.000
					]
				}
				normalIndex
				[
					0, 0, 0, -1,
					0, 0, 0, -1,
					0, 0, 0, -1,
					0, 0, 0, -1,
					0, 0, 0, -1,
					0, 0, 0, -1
				]
			}
		}
		Shape
		{
			appearance Appearance
			{
				material Material
				{
					diffuseColor 0.800 0.800 0.800
				}
			}
			geometry IndexedFaceSet
			{
				creaseAngle 0.5
				solid TRUE
				coord Coordinate
				{
					point
					[
						5.340 -0.400 -2.795,
						5.340 -0.575 -2.795,
						5.340 -0.400 -2.695,
						5.340 -0.575 -2.695
					]
				}
				coordIndex
				[
					0, 1, 2, -1,
					2, 1, 3, -1
				]
				normal Normal
				{
					vector
					[
						-1.000 -0.000 -0.000
					]
				}
				normalIndex
				[
					0, 0, 0, -1,
					0, 0, 0, -1
				]
			}
		}
		Shape
		{
			appearance Appearance
			{
				material Material
				{
					diffuseColor 0.800 0.800 0.800
				}
			}
			geometry IndexedFaceSet
			{
				creaseAngle 0.5
				solid TRUE
				coord Coordinate
				{
					point
					[
						4.940 -0.575 -2.795,
						4.940 -0.575 -0.195,
						5.340 -0.575 -2.695,
						6.575 -0.575 -0.195,
						6.575 -0.575 -2.695,
						5.340 -0.575 -2.795
					]
				}
				coordIndex
				[
					0, 1, 2, -1,
					2, 1, 3, -1,
					2, 3, 4, -1,
					2, 5, 0, -1
				]
				normal Normal
				{
					vector
					[
						-0.000 1.000 -0.000
					]
				}
				normalIndex
				[
					0, 0, 0, -1,
					0, 0, 0, -1,
					0, 0, 0, -1,
					0, 0, 0, -1
				]
			}
		}
		Shape
		{
			appearance Appearance
			{
				material Material
				{
					diffuseColor 0.800 0.800 0.800
				}
			}
			geometry IndexedFaceSet
			{
				creaseAngle 0.5
				solid TRUE
				coord Coordinate
				{
					point
					[
						5.340 0.575 -2.795,
						4.940 0.575 -2.795,
						5.340 0.400 -2.795,
						4.940 -0.575 -2.795,
						5.340 -0.400 -2.795,
						5.340 -0.575 -2.795,
						5.640 -0.400 -2.795,
						5.640 0.400 -2.795
					]
				}
				coordIndex
				[
					0, 1, 2, -1,
					2, 1, 3, -1,
					2, 3, 4, -1,
					4, 3, 5, -1,
					4, 6, 2, -1,
					2, 6, 7, -1
				]
				normal Normal
				{
					vector
					[
						0.000 0.000 1.000
					]
				}
				normalIndex
				[
					0, 0, 0, -1,
					0, 0, 0, -1,
					0, 0, 0, -1,
					0, 0, 0, -1,
					0, 0, 0, -1,
					0, 0, 0, -1
				]
			}
		}
		Shape
		{
			appearance Appearance
			{
				material Material
				{
					diffuseColor 0.800 0.800 0.800
				}
			}
			geometry IndexedFaceSet
			{
				creaseAngle 0.5
				solid TRUE
				coord Coordinate
				{
					point
					[
						-5.640 0.400 -2.795,
						-5.340 -0.400 -2.795,
						-5.340 0.400 -2.795,
						-4.940 -0.575 -2.795,
						-4.940 0.575 -2.795,
						-5.640 -0.400 -2.795,
						-5.340 -0.575 -2.795,
						-5.340 0.575 -2.795
					]
				}
				coordIndex
				[
					0, 1, 2, -1,
					2, 1, 3, -1,
					2, 3, 4, -1,
					0, 5, 1, -1,
					1, 6, 3, -1,
					4, 7, 2, -1
				]
				normal Normal
				{
					vector
					[
						0.000 0.000 1.000
					]
				}
				normalIndex
				[
					0, 0, 0, -1,
					0, 0, 0, -1,
					0, 0, 0, -1,
					0, 0, 0, -1,
					0, 0, 0, -1,
					0, 0, 0, -1
				]
			}
		}
		Shape
		{
			appearance Appearance
			{
				material Material
				{
					diffuseColor 0.800 0.800 0.800
				}
			}
			geometry IndexedFaceSet
			{
				creaseAngle 0.5
				solid TRUE
				coord Coordinate
				{
					point
					[
						5.340 0.575 -2.795,
						5.340 0.400 -2.795,
						5.340 0.575 -2.695,
						5.340 0.400 -2.695
					]
				}
				coordIndex
				[
					0, 1, 2, -1,
					2, 1, 3, -1
				]
				normal Normal
				{
					vector
					[
						-1.000 -0.000 -0.000
					]
				}
				normalIndex
				[
					0, 0, 0, -1,
					0, 0, 0, -1
				]
			}
		}
		Shape
		{
			appearance Appearance
			{
				material Material
				{
					diffuseColor 0.800 0.800 0.800
				}
			}
			geometry IndexedFaceSet
			{
				creaseAngle 0.5
				solid TRUE
				coord Coordinate
				{
					point
					[
						5.340 0.400 -2.795,
						5.640 0.400 -2.795,
						5.340 0.400 -2.695,
						5.640 0.400 -2.695
					]
				}
				coordIndex
				[
					0, 1, 2, -1,
					2, 1, 3, -1
				]
				normal Normal
				{
					vector
					[
						0.000 -1.000 -0.000
					]
				}
				normalIndex
				[
					0, 0, 0, -1,
					0, 0, 0, -1
				]
			}
		}
		Shape
		{
			appearance Appearance
			{
				material Material
				{
					diffuseColor 0.800 0.800 0.800
				}
			}
			geometry IndexedFaceSet
			{
				creaseAngle 0.5
				solid TRUE
				coord Coordinate
				{
					point
					[
						5.640 0.400 -2.795,
						5.640 -0.400 -2.795,
						5.640 0.400 -2.695,
						5.640 -0.400 -2.695
					]
				}
				coordIndex
				[
					0, 1, 2, -1,
					2, 1, 3, -1
				]
				normal Normal
				{
					vector
					[
						-1.000 -0.000 -0.000
					]
				}
				normalIndex
				[
					0, 0, 0, -1,
					0, 0, 0, -1
				]
			}
		}
		Shape
		{
			appearance Appearance
			{
				material Material
				{
					diffuseColor 0.800 0.800 0.800
				}
			}
			geometry IndexedFaceSet
			{
				creaseAngle 0.5
				solid TRUE
				coord Coordinate
				{
					point
					[
						5.640 -0.400 -2.695,
						5.640 -0.400 -2.795,
						5.340 -0.400 -2.695,
						5.340 -0.400 -2.795
					]
				}
				coordIndex
				[
					0, 1, 2, -1,
					2, 1, 3, -1
				]
				normal Normal
				{
					vector
					[
						-0.000 1.000 -0.000
					]
				}
				normalIndex
				[
					0, 0, 0, -1,
					0, 0, 0, -1
				]
			}
		}
		Shape
		{
			appearance Appearance
			{
				material Material
				{
					diffuseColor 0.800 0.800 0.800
				}
			}
			geometry IndexedFaceSet
			{
				creaseAngle 0.5
				solid TRUE
				coord Coordinate
				{
					point
					[
						-5.340 0.400 -2.695,
						-5.340 0.400 -2.795,
						-5.340 0.575 -2.695,
						-5.340 0.575 -2.795
					]
				}
				coordIndex
				[
					0, 1, 2, -1,
					2, 1, 3, -1
				]
				normal Normal
				{
					vector
					[
						1.000 -0.000 -0.000
					]
				}
				normalIndex
				[
					0, 0, 0, -1,
					0, 0, 0, -1
				]
			}
		}
		Shape
		{
			appearance Appearance
			{
				material Material
				{
					diffuseColor 0.800 0.800 0.800
				}
			}
			geometry IndexedFaceSet
			{
				creaseAngle 0.5
				solid TRUE
				coord Coordinate
				{
					point
					[
						-5.340 0.400 -2.695,
						-5.340 0.575 -2.695,
						-5.640 0.400 -2.695,
						-6.575 0.575 -2.695,
						-6.575 -0.575 -2.695,
						-5.640 -0.400 -2.695,
						-5.340 -0.575 -2.695,
						-5.340 -0.400 -2.695
					]
				}
				coordIndex
				[
					0, 1, 2, -1,
					2, 1, 3, -1,
					2, 3, 4, -1,
					2, 4, 5, -1,
					5, 4, 6, -1,
					5, 6, 7, -1
				]
				normal Normal
				{
					vector
					[
						0.000 0.000 1.000
					]
				}
				normalIndex
				[
					0, 0, 0, -1,
					0, 0, 0, -1,
					0, 0, 0, -1,
					0, 0, 0, -1,
					0, 0, 0, -1,
					0, 0, 0, -1
				]
			}
		}
		Shape
		{
			appearance Appearance
			{
				material Material
				{
					diffuseColor 0.800 0.800 0.800
				}
			}
			geometry IndexedFaceSet
			{
				creaseAngle 0.5
				solid TRUE
				coord Coordinate
				{
					point
					[
						-5.640 0.400 -2.795,
						-5.340 0.400 -2.795,
						-5.640 0.400 -2.695,
						-5.340 0.400 -2.695
					]
				}
				coordIndex
				[
					0, 1, 2, -1,
					2, 1, 3, -1
				]
				normal Normal
				{
					vector
					[
						0.000 -1.000 -0.000
					]
				}
				normalIndex
				[
					0, 0, 0, -1,
					0, 0, 0, -1
				]
			}
		}
		Shape
		{
			appearance Appearance
			{
				material Material
				{
					diffuseColor 0.800 0.800 0.800
				}
			}
			geometry IndexedFaceSet
			{
				creaseAngle 0.5
				solid TRUE
				coord Coordinate
				{
					point
					[
						-5.640 -0.400 -2.695,
						-5.640 -0.400 -2.795,
						-5.640 0.400 -2.695,
						-5.640 0.400 -2.795
					]
				}
				coordIndex
				[
					0, 1, 2, -1,
					2, 1, 3, -1
				]
				normal Normal
				{
					vector
					[
						1.000 -0.000 -0.000
					]
				}
				normalIndex
				[
					0, 0, 0, -1,
					0, 0, 0, -1
				]
			}
		}
		Shape
		{
			appearance Appearance
			{
				material Material
				{
					diffuseColor 0.800 0.800 0.800
				}
			}
			geometry IndexedFaceSet
			{
				creaseAngle 0.5
				solid TRUE
				coord Coordinate
				{
					point
					[
						-5.340 -0.400 -2.695,
						-5.340 -0.400 -2.795,
						-5.640 -0.400 -2.695,
						-5.640 -0.400 -2.795
					]
				}
				coordIndex
				[
					0, 1, 2, -1,
					2, 1, 3, -1
				]
				normal Normal
				{
					vector
					[
						-0.000 1.000 -0.000
					]
				}
				normalIndex
				[
					0, 0, 0, -1,
					0, 0, 0, -1
				]
			}
		}
		Shape
		{
			appearance Appearance
			{
				material Material
				{
					diffuseColor 0.800 0.800 0.800
				}
			}
			geometry IndexedFaceSet
			{
				creaseAngle 0.5
				solid TRUE
				coord Coordinate
				{
					point
					[
						-5.340 -0.575 -2.695,
						-5.340 -0.575 -2.795,
						-5.340 -0.400 -2.695,
						-5.340 -0.400 -2.795
					]
				}
				coordIndex
				[
					0, 1, 2, -1,
					2, 1, 3, -1
				]
				normal Normal
				{
					vector
					[
						1.000 -0.000 -0.000
					]
				}
				normalIndex
				[
					0, 0, 0, -1,
					0, 0, 0, -1
				]
			}
		}
		Shape
		{
			appearance Appearance
			{
				material Material
				{
					diffuseColor 0.800 0.800 0.800
				}
			}
			geometry IndexedFaceSet
			{
				creaseAngle 0.5
				solid TRUE
				coord Coordinate
				{
					point
					[
						-6.575 -0.575 -2.695,
						-6.575 -0.575 -0.195,
						-5.340 -0.575 -2.695,
						-4.940 -0.575 -0.195,
						-4.940 -0.575 -2.795,
						-5.340 -0.575 -2.795
					]
				}
				coordIndex
				[
					0, 1, 2, -1,
					2, 1, 3, -1,
					2, 3, 4, -1,
					4, 5, 2, -1
				]
				normal Normal
				{
					vector
					[
						-0.000 1.000 0.000
					]
				}
				normalIndex
				[
					0, 0, 0, -1,
					0, 0, 0, -1,
					0, 0, 0, -1,
					0, 0, 0, -1
				]
			}
		}
		Shape
		{
			appearance Appearance
			{
				material Material
				{
					diffuseColor 0.800 0.800 0.800
				}
			}
			geometry IndexedFaceSet
			{
				creaseAngle 0.5
				solid TRUE
				coord Coordinate
				{
					point
					[
						-4.940 -1.100 -0.195,
						-4.940 -1.100 3.305,
						-4.940 -0.575 -0.195,
						-4.940 1.100 3.305,
						-4.940 0.575 -0.195,
						-4.940 1.100 -0.195,
						-4.940 -2.410 3.305,
						-4.940 -2.410 4.955,
						-4.940 2.680 4.955,
						-4.940 2.680 3.305,
						-4.940 0.575 -2.795,
						-4.940 -0.575 -2.795
					]
				}
				coordIndex
				[
					0, 1, 2, -1,
					2, 1, 3, -1,
					2, 3, 4, -1,
					4, 3, 5, -1,
					6, 7, 1, -1,
					1, 7, 3, -1,
					7, 8, 3, -1,
					3, 8, 9, -1,
					10, 11, 4, -1,
					4, 11, 2, -1
				]
				normal Normal
				{
					vector
					[
						-1.000 -0.000 -0.000
					]
				}
				normalIndex
				[
					0, 0, 0, -1,
					0, 0, 0, -1,
					0, 0, 0, -1,
					0, 0, 0, -1,
					0, 0, 0, -1,
					0, 0, 0, -1,
					0, 0, 0, -1,
					0, 0, 0, -1,
					0, 0, 0, -1,
					0, 0, 0, -1
				]
			}
		}
		Shape
		{
			appearance Appearance
			{
				material Material
				{
					diffuseColor 0.800 0.800 0.800
				}
			}
			geometry IndexedFaceSet
			{
				creaseAngle 0.5
				solid TRUE
				coord Coordinate
				{
					point
					[
						-4.940 0.575 -2.795,
						-4.940 0.575 -0.195,
						-5.340 0.575 -2.695,
						-6.575 0.575 -0.195,
						-6.575 0.575 -2.695,
						-5.340 0.575 -2.795
					]
				}
				coordIndex
				[
					0, 1, 2, -1,
					2, 1, 3, -1,
					2, 3, 4, -1,
					2, 5, 0, -1
				]
				normal Normal
				{
					vector
					[
						0.000 -1.000 0.000
					]
				}
				normalIndex
				[
					0, 0, 0, -1,
					0, 0, 0, -1,
					0, 0, 0, -1,
					0, 0, 0, -1
				]
			}
		}
		Shape
		{
			appearance Appearance
			{
				material Material
				{
					diffuseColor 0.800 0.800 0.800
				}
			}
			geometry IndexedFaceSet
			{
				creaseAngle 0.5
				solid TRUE
				coord Coordinate
				{
					point
					[
						-6.575 -2.780 -4.955,
						-6.575 -3.940 -4.955,
						-6.575 -2.780 -4.285,
						-6.575 -3.940 1.785,
						-6.575 -1.100 -0.195,
						-6.575 -1.100 1.785,
						-6.575 -0.575 -0.195,
						-6.575 -0.575 -2.695,
						-6.575 -1.000 -3.685,
						-6.575 0.575 -2.695,
						-6.575 1.000 -3.685,
						-6.575 1.600 -4.285,
						-6.575 1.000 -4.285,
						-6.575 0.575 -0.195,
						-6.575 1.100 -0.195,
						-6.575 1.100 1.785,
						-6.575 3.430 1.785,
						-6.575 3.430 -4.955,
						-6.575 1.600 -4.955,
						-6.575 -1.000 -4.285
					]
				}
				coordIndex
				[
					0, 1, 2, -1,
					2, 1, 3, -1,
					2, 3, 4, -1,
					4, 3, 5, -1,
					6, 7, 4, -1,
					4, 7, 2, -1,
					2, 7, 8, -1,
					8, 7, 9, -1,
					8, 9, 10, -1,
					10, 9, 11, -1,
					10, 11, 12, -1,
					13, 14, 9, -1,
					9, 14, 11, -1,
					15, 16, 14, -1,
					14, 16, 17, -1,
					14, 17, 11, -1,
					11, 17, 18, -1,
					8, 19, 2, -1
				]
				normal Normal
				{
					vector
					[
						-1.000 0.000 0.000
					]
				}
				normalIndex
				[
					0, 0, 0, -1,
					0, 0, 0, -1,
					0, 0, 0, -1,
					0, 0, 0, -1,
					0, 0, 0, -1,
					0, 0, 0, -1,
					0, 0, 0, -1,
					0, 0, 0, -1,
					0, 0, 0, -1,
					0, 0, 0, -1,
					0, 0, 0, -1,
					0, 0, 0, -1,
					0, 0, 0, -1,
					0, 0, 0, -1,
					0, 0, 0, -1,
					0, 0, 0, -1,
					0, 0, 0, -1,
					0, 0, 0, -1
				]
			}
		}
		Shape
		{
			appearance Appearance
			{
				material Material
				{
					diffuseColor 0.800 0.800 0.800
				}
			}
			geometry IndexedFaceSet
			{
				creaseAngle 0.5
				solid TRUE
				coord Coordinate
				{
					point
					[
						-3.320 -6.120 -4.285,
						-3.320 -3.430 -4.285,
						-2.680 -6.120 -4.285,
						-2.680 -3.430 -4.285,
						-3.320 -2.780 -4.285,
						-2.680 -2.780 -4.285,
						-6.575 -2.780 -4.285,
						-5.325 -1.000 -4.285,
						-3.320 -1.180 -4.285,
						-2.680 -1.180 -4.285,
						-0.320 -2.780 -4.285,
						-0.320 -1.180 -4.285,
						0.320 -2.780 -4.285,
						0.320 -1.180 -4.285,
						2.680 -2.780 -4.285,
						2.680 -1.180 -4.285,
						3.320 -2.780 -4.285,
						3.320 -1.180 -4.285,
						5.325 -1.000 -4.285,
						3.320 -0.320 -4.285,
						3.320 0.320 -4.285,
						-6.575 -1.000 -4.285,
						-3.320 -0.320 -4.285,
						-5.325 1.000 -4.285,
						-3.320 0.320 -4.285,
						-3.320 0.949 -4.285,
						-6.575 1.000 -4.285,
						-6.575 1.600 -4.285,
						-3.320 1.600 -4.285,
						-3.320 1.589 -4.285,
						-2.680 -0.320 -4.285,
						-0.320 -0.320 -4.285,
						-2.680 0.320 -4.285,
						-0.320 0.320 -4.285,
						-2.680 0.949 -4.285,
						-0.320 0.949 -4.285,
						-2.680 1.589 -4.285,
						-0.320 1.589 -4.285,
						-2.680 1.600 -4.285,
						-0.320 1.600 -4.285,
						0.320 -0.320 -4.285,
						2.680 -0.320 -4.285,
						0.320 0.320 -4.285,
						2.680 0.320 -4.285,
						0.320 0.949 -4.285,
						2.680 0.949 -4.285,
						0.320 1.589 -4.285,
						2.680 1.589 -4.285,
						0.320 1.600 -4.285,
						2.680 1.600 -4.285,
						5.325 1.000 -4.285,
						3.320 0.949 -4.285,
						3.320 1.589 -4.285,
						3.320 1.600 -4.285,
						6.575 1.600 -4.285,
						6.575 1.000 -4.285,
						6.575 -1.000 -4.285,
						6.575 -2.780 -4.285,
						3.320 -3.430 -4.285,
						2.680 -3.430 -4.285,
						3.320 -6.120 -4.285,
						2.680 -6.120 -4.285,
						0.320 -3.430 -4.285,
						-0.320 -3.430 -4.285,
						0.320 -6.120 -4.285,
						-0.320 -6.120 -4.285
					]
				}
				coordIndex
				[
					0, 1, 2, -1,
					2, 1, 3, -1,
					1, 4, 3, -1,
					3, 4, 5, -1,
					6, 7, 4, -1,
					4, 7, 8, -1,
					4, 8, 5, -1,
					5, 8, 9, -1,
					5, 9, 10, -1,
					10, 9, 11, -1,
					10, 11, 12, -1,
					12, 11, 13, -1,
					12, 13, 14, -1,
					14, 13, 15, -1,
					14, 15, 16, -1,
					16, 15, 17, -1,
					16, 17, 18, -1,
					18, 17, 19, -1,
					18, 19, 20, -1,
					6, 21, 7, -1,
					8, 7, 22, -1,
					22, 7, 23, -1,
					22, 23, 24, -1,
					24, 23, 25, -1,
					26, 27, 23, -1,
					23, 27, 28, -1,
					23, 28, 29, -1,
					29, 25, 23, -1,
					9, 30, 11, -1,
					11, 30, 31, -1,
					30, 32, 31, -1,
					31, 32, 33, -1,
					32, 34, 33, -1,
					33, 34, 35, -1,
					34, 36, 35, -1,
					35, 36, 37, -1,
					36, 38, 37, -1,
					37, 38, 39, -1,
					13, 40, 15, -1,
					15, 40, 41, -1,
					40, 42, 41, -1,
					41, 42, 43, -1,
					42, 44, 43, -1,
					43, 44, 45, -1,
					44, 46, 45, -1,
					45, 46, 47, -1,
					46, 48, 47, -1,
					47, 48, 49, -1,
					18, 20, 50, -1,
					50, 20, 51, -1,
					50, 51, 52, -1,
					52, 53, 50, -1,
					50, 53, 54, -1,
					50, 54, 55, -1,
					56, 57, 18, -1,
					18, 57, 16, -1,
					16, 58, 14, -1,
					14, 58, 59, -1,
					58, 60, 59, -1,
					59, 60, 61, -1,
					12, 62, 10, -1,
					10, 62, 63, -1,
					62, 64, 63, -1,
					63, 64, 65, -1
				]
				normal Normal
				{
					vector
					[
						0.000 0.000 -1.000
					]
				}
				normalIndex
				[
					0, 0, 0, -1,
					0, 0, 0, -1,
					0, 0, 0, -1,
					0, 0, 0, -1,
					0, 0, 0, -1,
					0, 0, 0, -1,
					0, 0, 0, -1,
					0, 0, 0, -1,
					0, 0, 0, -1,
					0, 0, 0, -1,
					0, 0, 0, -1,
					0, 0, 0, -1,
					0, 0, 0, -1,
					0, 0, 0, -1,
					0, 0, 0, -1,
					0, 0, 0, -1,
					0, 0, 0, -1,
					0, 0, 0, -1,
					0, 0, 0, -1,
					0, 0, 0, -1,
					0, 0, 0, -1,
					0, 0, 0, -1,
					0, 0, 0, -1,
					0, 0, 0, -1,
					0, 0, 0, -1,
					0, 0, 0, -1,
					0, 0, 0, -1,
					0, 0, 0, -1,
					0, 0, 0, -1,
					0, 0, 0, -1,
					0, 0, 0, -1,
					0, 0, 0, -1,
					0, 0, 0, -1,
					0, 0, 0, -1,
					0, 0, 0, -1,
					0, 0, 0, -1,
					0, 0, 0, -1,
					0, 0, 0, -1,
					0, 0, 0, -1,
					0, 0, 0, -1,
					0, 0, 0, -1,
					0, 0, 0, -1,
					0, 0, 0, -1,
					0, 0, 0, -1,
					0, 0, 0, -1,
					0, 0, 0, -1,
					0, 0, 0, -1,
					0, 0, 0, -1,
					0, 0, 0, -1,
					0, 0, 0, -1,
					0, 0, 0, -1,
					0, 0, 0, -1,
					0, 0, 0, -1,
					0, 0, 0, -1,
					0, 0, 0, -1,
					0, 0, 0, -1,
					0, 0, 0, -1,
					0, 0, 0, -1,
					0, 0, 0, -1,
					0, 0, 0, -1,
					0, 0, 0, -1,
					0, 0, 0, -1,
					0, 0, 0, -1,
					0, 0, 0, -1
				]
			}
		}
		Shape
		{
			appearance Appearance
			{
				material Material
				{
					diffuseColor 0.800 0.800 0.800
				}
			}
			geometry IndexedFaceSet
			{
				creaseAngle 0.5
				solid TRUE
				coord Coordinate
				{
					point
					[
						-2.680 -0.320 -4.955,
						-2.680 0.320 -4.955,
						-2.680 -0.320 -4.285,
						-2.680 0.320 -4.285
					]
				}
				coordIndex
				[
					0, 1, 2, -1,
					2, 1, 3, -1
				]
				normal Normal
				{
					vector
					[
						1.000 0.000 0.000
					]
				}
				normalIndex
				[
					0, 0, 0, -1,
					0, 0, 0, -1
				]
			}
		}
		Shape
		{
			appearance Appearance
			{
				material Material
				{
					diffuseColor 0.800 0.800 0.800
				}
			}
			geometry IndexedFaceSet
			{
				creaseAngle 0.5
				solid TRUE
				coord Coordinate
				{
					point
					[
						-2.680 1.180 -1.645,
						-2.680 1.820 -1.645,
						-2.680 1.180 1.555,
						-2.680 1.820 1.555
					]
				}
				coordIndex
				[
					0, 1, 2, -1,
					2, 1, 3, -1
				]
				normal Normal
				{
					vector
					[
						1.000 0.000 0.000
					]
				}
				normalIndex
				[
					0, 0, 0, -1,
					0, 0, 0, -1
				]
			}
		}
		Shape
		{
			appearance Appearance
			{
				material Material
				{
					diffuseColor 0.800 0.800 0.800
				}
			}
			geometry IndexedFaceSet
			{
				creaseAngle 0.5
				solid TRUE
				coord Coordinate
				{
					point
					[
						-2.680 -1.820 -1.645,
						-2.680 -1.180 -1.645,
						-2.680 -1.820 1.555,
						-2.680 -1.180 1.555
					]
				}
				coordIndex
				[
					0, 1, 2, -1,
					2, 1, 3, -1
				]
				normal Normal
				{
					vector
					[
						1.000 0.000 0.000
					]
				}
				normalIndex
				[
					0, 0, 0, -1,
					0, 0, 0, -1
				]
			}
		}
		Shape
		{
			appearance Appearance
			{
				material Material
				{
					diffuseColor 0.800 0.800 0.800
				}
			}
			geometry IndexedFaceSet
			{
				creaseAngle 0.5
				solid TRUE
				coord Coordinate
				{
					point
					[
						-2.680 -6.120 -6.645,
						-2.680 -6.120 -7.285,
						-2.680 0.949 -6.645,
						-2.680 1.589 -7.285,
						-2.680 1.589 -4.285,
						-2.680 0.949 -4.285
					]
				}
				coordIndex
				[
					0, 1, 2, -1,
					2, 1, 3, -1,
					2, 3, 4, -1,
					4, 5, 2, -1
				]
				normal Normal
				{
					vector
					[
						1.000 0.000 0.000
					]
				}
				normalIndex
				[
					0, 0, 0, -1,
					0, 0, 0, -1,
					0, 0, 0, -1,
					0, 0, 0, -1
				]
			}
		}
		Shape
		{
			appearance Appearance
			{
				material Material
				{
					diffuseColor 0.800 0.800 0.800
				}
			}
			geometry IndexedFaceSet
			{
				creaseAngle 0.5
				solid TRUE
				coord Coordinate
				{
					point
					[
						-2.680 -6.120 -4.285,
						-2.680 -3.430 -4.285,
						-2.680 -6.120 -3.645,
						-2.680 -3.430 -3.645
					]
				}
				coordIndex
				[
					0, 1, 2, -1,
					2, 1, 3, -1
				]
				normal Normal
				{
					vector
					[
						1.000 0.000 0.000
					]
				}
				normalIndex
				[
					0, 0, 0, -1,
					0, 0, 0, -1
				]
			}
		}
		Shape
		{
			appearance Appearance
			{
				material Material
				{
					diffuseColor 0.800 0.800 0.800
				}
			}
			geometry IndexedFaceSet
			{
				creaseAngle 0.5
				solid TRUE
				coord Coordinate
				{
					point
					[
						-2.680 0.320 -4.955,
						-3.320 0.320 -4.955,
						-2.680 0.320 -4.285,
						-3.320 0.320 -4.285,
						-2.680 0.320 -3.655,
						-3.320 0.320 -3.655
					]
				}
				coordIndex
				[
					0, 1, 2, -1,
					2, 1, 3, -1,
					2, 3, 4, -1,
					4, 3, 5, -1
				]
				normal Normal
				{
					vector
					[
						-0.000 1.000 0.000
					]
				}
				normalIndex
				[
					0, 0, 0, -1,
					0, 0, 0, -1,
					0, 0, 0, -1,
					0, 0, 0, -1
				]
			}
		}
		Shape
		{
			appearance Appearance
			{
				material Material
				{
					diffuseColor 0.800 0.800 0.800
				}
			}
			geometry IndexedFaceSet
			{
				creaseAngle 0.5
				solid TRUE
				coord Coordinate
				{
					point
					[
						-2.680 -2.780 -4.955,
						-2.680 -3.430 -4.955,
						-2.680 -2.780 -4.285,
						-2.680 -3.430 -4.285
					]
				}
				coordIndex
				[
					0, 1, 2, -1,
					2, 1, 3, -1
				]
				normal Normal
				{
					vector
					[
						-1.000 -0.000 -0.000
					]
				}
				normalIndex
				[
					0, 0, 0, -1,
					0, 0, 0, -1
				]
			}
		}
		Shape
		{
			appearance Appearance
			{
				material Material
				{
					diffuseColor 0.800 0.800 0.800
				}
			}
			geometry IndexedFaceSet
			{
				creaseAngle 0.5
				solid TRUE
				coord Coordinate
				{
					point
					[
						-2.680 -1.180 -3.655,
						-2.680 -0.320 -3.655,
						-2.680 -1.180 -4.285,
						-2.680 -0.320 -4.285
					]
				}
				coordIndex
				[
					0, 1, 2, -1,
					2, 1, 3, -1
				]
				normal Normal
				{
					vector
					[
						-1.000 -0.000 -0.000
					]
				}
				normalIndex
				[
					0, 0, 0, -1,
					0, 0, 0, -1
				]
			}
		}
		Shape
		{
			appearance Appearance
			{
				material Material
				{
					diffuseColor 0.800 0.800 0.800
				}
			}
			geometry IndexedFaceSet
			{
				creaseAngle 0.5
				solid TRUE
				coord Coordinate
				{
					point
					[
						-2.680 1.589 -3.655,
						-2.680 3.175 -3.655,
						-2.680 1.600 -4.285,
						-2.680 3.175 -4.955,
						-2.680 1.600 -4.955,
						-2.680 1.589 -4.285
					]
				}
				coordIndex
				[
					0, 1, 2, -1,
					2, 1, 3, -1,
					2, 3, 4, -1,
					2, 5, 0, -1
				]
				normal Normal
				{
					vector
					[
						-1.000 -0.000 -0.000
					]
				}
				normalIndex
				[
					0, 0, 0, -1,
					0, 0, 0, -1,
					0, 0, 0, -1,
					0, 0, 0, -1
				]
			}
		}
		Shape
		{
			appearance Appearance
			{
				material Material
				{
					diffuseColor 0.800 0.800 0.800
				}
			}
			geometry IndexedFaceSet
			{
				creaseAngle 0.5
				solid TRUE
				coord Coordinate
				{
					point
					[
						-2.680 0.949 -4.285,
						-2.680 0.320 -4.285,
						-2.680 0.949 -3.655,
						-2.680 0.320 -3.655
					]
				}
				coordIndex
				[
					0, 1, 2, -1,
					2, 1, 3, -1
				]
				normal Normal
				{
					vector
					[
						-1.000 -0.000 -0.000
					]
				}
				normalIndex
				[
					0, 0, 0, -1,
					0, 0, 0, -1
				]
			}
		}
		Shape
		{
			appearance Appearance
			{
				material Material
				{
					diffuseColor 0.800 0.800 0.800
				}
			}
			geometry IndexedFaceSet
			{
				creaseAngle 0.5
				solid TRUE
				coord Coordinate
				{
					point
					[
						0.320 -3.430 -4.955,
						1.475 -3.430 -3.655,
						0.320 -3.430 -4.285,
						0.475 -3.430 -3.655,
						0.320 -3.430 -3.655,
						0.475 -3.430 3.545,
						-0.475 -3.430 3.545,
						-4.940 -3.430 4.955,
						-1.475 -3.430 3.545,
						-5.305 -3.430 4.521,
						-5.305 -3.430 -3.355,
						2.680 -3.430 -4.955,
						2.680 -3.430 -4.285,
						2.680 -3.430 -3.645,
						1.475 -3.430 3.545,
						3.320 -3.430 -3.645,
						5.305 -3.430 -3.355,
						3.320 -3.430 -4.285,
						5.305 -3.430 -4.955,
						3.320 -3.430 -4.955,
						5.305 -3.430 4.521,
						4.940 -3.430 4.955,
						-5.325 -3.430 -3.355,
						-5.325 -3.430 -4.955,
						-3.320 -3.430 -4.285,
						-3.320 -3.430 -3.645,
						-3.320 -3.430 -4.955,
						-2.680 -3.430 -3.645,
						-1.475 -3.430 -3.655,
						-2.680 -3.430 -4.285,
						-2.680 -3.430 -4.955,
						-0.320 -3.430 -4.955,
						-0.320 -3.430 -4.285,
						-0.475 -3.430 -3.655,
						-0.320 -3.430 -3.655
					]
				}
				coordIndex
				[
					0, 1, 2, -1,
					2, 1, 3, -1,
					2, 3, 4, -1,
					4, 3, 5, -1,
					4, 5, 6, -1,
					6, 5, 7, -1,
					6, 7, 8, -1,
					8, 7, 9, -1,
					8, 9, 10, -1,
					0, 11, 1, -1,
					1, 11, 12, -1,
					1, 12, 13, -1,
					1, 13, 14, -1,
					14, 13, 15, -1,
					14, 15, 16, -1,
					16, 15, 17, -1,
					16, 17, 18, -1,
					18, 17, 19, -1,
					16, 20, 14, -1,
					14, 20, 21, -1,
					14, 21, 5, -1,
					5, 21, 7, -1,
					22, 23, 10, -1,
					10, 23, 24, -1,
					10, 24, 25, -1,
					23, 26, 24, -1,
					10, 25, 8, -1,
					8, 25, 27, -1,
					8, 27, 28, -1,
					28, 27, 29, -1,
					28, 29, 30, -1,
					30, 31, 28, -1,
					28, 31, 32, -1,
					28, 32, 33, -1,
					33, 32, 34, -1,
					33, 34, 6, -1,
					6, 34, 4, -1
				]
				normal Normal
				{
					vector
					[
						0.000 -1.000 0.000
					]
				}
				normalIndex
				[
					0, 0, 0, -1,
					0, 0, 0, -1,
					0, 0, 0, -1,
					0, 0, 0, -1,
					0, 0, 0, -1,
					0, 0, 0, -1,
					0, 0, 0, -1,
					0, 0, 0, -1,
					0, 0, 0, -1,
					0, 0, 0, -1,
					0, 0, 0, -1,
					0, 0, 0, -1,
					0, 0, 0, -1,
					0, 0, 0, -1,
					0, 0, 0, -1,
					0, 0, 0, -1,
					0, 0, 0, -1,
					0, 0, 0, -1,
					0, 0, 0, -1,
					0, 0, 0, -1,
					0, 0, 0, -1,
					0, 0, 0, -1,
					0, 0, 0, -1,
					0, 0, 0, -1,
					0, 0, 0, -1,
					0, 0, 0, -1,
					0, 0, 0, -1,
					0, 0, 0, -1,
					0, 0, 0, -1,
					0, 0, 0, -1,
					0, 0, 0, -1,
					0, 0, 0, -1,
					0, 0, 0, -1,
					0, 0, 0, -1,
					0, 0, 0, -1,
					0, 0, 0, -1,
					0, 0, 0, -1
				]
			}
		}
		Shape
		{
			appearance Appearance
			{
				material Material
				{
					diffuseColor 0.800 0.800 0.800
				}
			}
			geometry IndexedFaceSet
			{
				creaseAngle 0.5
				solid TRUE
				coord Coordinate
				{
					point
					[
						0.475 -3.940 3.545,
						0.475 -3.430 3.545,
						0.475 -3.940 1.355,
						0.475 -3.940 -0.645,
						0.475 -5.690 1.355,
						0.475 -5.690 -0.645,
						0.475 -6.560 1.355,
						0.475 -6.560 -0.645,
						0.475 -7.120 0.887,
						0.475 -7.120 -0.177,
						0.475 -3.430 -3.655,
						0.475 -3.940 -3.655,
						0.475 -6.995 -0.394,
						0.475 -7.002 -0.390,
						0.475 -7.038 -0.362,
						0.475 -7.070 -0.328,
						0.475 -7.094 -0.289,
						0.475 -7.110 -0.246,
						0.475 -7.118 -0.212,
						0.475 -7.118 0.922,
						0.475 -7.110 0.956,
						0.475 -7.094 0.999,
						0.475 -7.070 1.038,
						0.475 -7.038 1.072,
						0.475 -7.002 1.100,
						0.475 -6.995 1.104
					]
				}
				coordIndex
				[
					0, 1, 2, -1,
					2, 1, 3, -1,
					2, 3, 4, -1,
					4, 3, 5, -1,
					4, 5, 6, -1,
					6, 5, 7, -1,
					6, 7, 8, -1,
					8, 7, 9, -1,
					1, 10, 3, -1,
					3, 10, 11, -1,
					7, 12, 9, -1,
					9, 12, 13, -1,
					9, 13, 14, -1,
					14, 15, 9, -1,
					9, 15, 16, -1,
					9, 16, 17, -1,
					17, 18, 9, -1,
					19, 20, 8, -1,
					8, 20, 21, -1,
					8, 21, 22, -1,
					22, 23, 8, -1,
					8, 23, 24, -1,
					8, 24, 25, -1,
					25, 6, 8, -1
				]
				normal Normal
				{
					vector
					[
						-1.000 0.000 0.000
					]
				}
				normalIndex
				[
					0, 0, 0, -1,
					0, 0, 0, -1,
					0, 0, 0, -1,
					0, 0, 0, -1,
					0, 0, 0, -1,
					0, 0, 0, -1,
					0, 0, 0, -1,
					0, 0, 0, -1,
					0, 0, 0, -1,
					0, 0, 0, -1,
					0, 0, 0, -1,
					0, 0, 0, -1,
					0, 0, 0, -1,
					0, 0, 0, -1,
					0, 0, 0, -1,
					0, 0, 0, -1,
					0, 0, 0, -1,
					0, 0, 0, -1,
					0, 0, 0, -1,
					0, 0, 0, -1,
					0, 0, 0, -1,
					0, 0, 0, -1,
					0, 0, 0, -1,
					0, 0, 0, -1
				]
			}
		}
		Shape
		{
			appearance Appearance
			{
				material Material
				{
					diffuseColor 0.800 0.800 0.800
				}
			}
			geometry IndexedFaceSet
			{
				creaseAngle 0.5
				solid TRUE
				coord Coordinate
				{
					point
					[
						0.475 -6.560 1.355,
						0.563 -6.553 1.355,
						0.475 -5.690 1.355,
						0.653 -6.533 1.355,
						0.845 -6.445 1.355,
						1.062 -6.283 1.355,
						1.306 -6.040 1.355,
						1.306 -5.690 1.355
					]
				}
				coordIndex
				[
					0, 1, 2, -1,
					2, 1, 3, -1,
					2, 3, 4, -1,
					4, 5, 2, -1,
					2, 5, 6, -1,
					2, 6, 7, -1
				]
				normal Normal
				{
					vector
					[
						-0.000 -0.000 1.000
					]
				}
				normalIndex
				[
					0, 0, 0, -1,
					0, 0, 0, -1,
					0, 0, 0, -1,
					0, 0, 0, -1,
					0, 0, 0, -1,
					0, 0, 0, -1
				]
			}
		}
		Shape
		{
			appearance Appearance
			{
				material Material
				{
					diffuseColor 0.800 0.800 0.800
				}
			}
			geometry IndexedFaceSet
			{
				creaseAngle 0.5
				solid TRUE
				coord Coordinate
				{
					point
					[
						-1.306 -5.690 1.355,
						-1.306 -6.040 1.355,
						-0.475 -5.690 1.355,
						-1.062 -6.283 1.355,
						-0.845 -6.445 1.355,
						-0.653 -6.533 1.355,
						-0.563 -6.553 1.355,
						-0.475 -6.560 1.355
					]
				}
				coordIndex
				[
					0, 1, 2, -1,
					2, 1, 3, -1,
					2, 3, 4, -1,
					4, 5, 2, -1,
					2, 5, 6, -1,
					2, 6, 7, -1
				]
				normal Normal
				{
					vector
					[
						-0.000 -0.000 1.000
					]
				}
				normalIndex
				[
					0, 0, 0, -1,
					0, 0, 0, -1,
					0, 0, 0, -1,
					0, 0, 0, -1,
					0, 0, 0, -1,
					0, 0, 0, -1
				]
			}
		}
		Shape
		{
			appearance Appearance
			{
				material Material
				{
					diffuseColor 0.800 0.800 0.800
				}
			}
			geometry IndexedFaceSet
			{
				creaseAngle 0.5
				solid TRUE
				coord Coordinate
				{
					point
					[
						1.753 -5.690 0.117,
						1.441 -5.690 0.096,
						1.765 -5.690 0.192,
						1.475 -5.690 0.355,
						1.765 -5.690 0.518,
						1.441 -5.690 0.614,
						1.684 -5.690 0.833,
						1.341 -5.690 0.855,
						1.528 -5.690 1.118,
						1.182 -5.690 1.062,
						1.306 -5.690 1.355,
						0.975 -5.690 1.221,
						0.734 -5.690 1.321,
						1.684 -5.690 -0.123,
						1.341 -5.690 -0.145,
						1.528 -5.690 -0.408,
						1.182 -5.690 -0.352,
						1.306 -5.690 -0.645,
						0.975 -5.690 -0.511,
						0.475 -5.690 -0.645,
						0.734 -5.690 -0.611,
						0.475 -5.690 1.355
					]
				}
				coordIndex
				[
					0, 1, 2, -1,
					2, 1, 3, -1,
					2, 3, 4, -1,
					4, 3, 5, -1,
					4, 5, 6, -1,
					6, 5, 7, -1,
					6, 7, 8, -1,
					8, 7, 9, -1,
					8, 9, 10, -1,
					10, 9, 11, -1,
					10, 11, 12, -1,
					0, 13, 1, -1,
					1, 13, 14, -1,
					13, 15, 14, -1,
					14, 15, 16, -1,
					15, 17, 16, -1,
					16, 17, 18, -1,
					19, 20, 17, -1,
					17, 20, 18, -1,
					12, 21, 10, -1
				]
				normal Normal
				{
					vector
					[
						-0.000 1.000 -0.000
					]
				}
				normalIndex
				[
					0, 0, 0, -1,
					0, 0, 0, -1,
					0, 0, 0, -1,
					0, 0, 0, -1,
					0, 0, 0, -1,
					0, 0, 0, -1,
					0, 0, 0, -1,
					0, 0, 0, -1,
					0, 0, 0, -1,
					0, 0, 0, -1,
					0, 0, 0, -1,
					0, 0, 0, -1,
					0, 0, 0, -1,
					0, 0, 0, -1,
					0, 0, 0, -1,
					0, 0, 0, -1,
					0, 0, 0, -1,
					0, 0, 0, -1,
					0, 0, 0, -1,
					0, 0, 0, -1
				]
			}
		}
		Shape
		{
			appearance Appearance
			{
				material Material
				{
					diffuseColor 0.800 0.800 0.800
				}
			}
			geometry IndexedFaceSet
			{
				creaseAngle 0.5
				solid TRUE
				coord Coordinate
				{
					point
					[
						0.475 -5.690 -0.645,
						0.475 -3.940 -0.645,
						0.734 -5.690 -0.611,
						0.734 -3.940 -0.611,
						0.975 -3.940 -0.511,
						0.975 -5.690 -0.511,
						1.182 -3.940 -0.352,
						1.182 -5.690 -0.352,
						1.341 -5.690 -0.145,
						1.341 -3.940 -0.145,
						1.441 -3.940 0.096,
						1.441 -5.690 0.096,
						1.475 -3.940 0.355,
						1.475 -5.690 0.355,
						1.441 -5.690 0.614,
						1.441 -3.940 0.614,
						1.341 -3.940 0.855,
						1.341 -5.690 0.855,
						1.182 -3.940 1.062,
						1.182 -5.690 1.062,
						0.975 -3.940 1.221,
						0.975 -5.690 1.221,
						0.734 -5.690 1.321,
						0.734 -3.940 1.321,
						0.475 -3.940 1.355,
						0.475 -5.690 1.355
					]
				}
				coordIndex
				[
					0, 1, 2, -1,
					2, 1, 3, -1,
					2, 3, 4, -1,
					2, 4, 5, -1,
					5, 4, 6, -1,
					5, 6, 7, -1,
					7, 6, 8, -1,
					6, 9, 8, -1,
					8, 9, 10, -1,
					8, 10, 11, -1,
					11, 10, 12, -1,
					11, 12, 13, -1,
					13, 12, 14, -1,
					12, 15, 14, -1,
					14, 15, 16, -1,
					14, 16, 17, -1,
					17, 16, 18, -1,
					17, 18, 19, -1,
					19, 18, 20, -1,
					19, 20, 21, -1,
					21, 20, 22, -1,
					20, 23, 22, -1,
					22, 23, 24, -1,
					22, 24, 25, -1
				]
				normal Normal
				{
					vector
					[
						0.000 0.000 -1.000,
						0.259 0.000 -0.966,
						0.500 0.000 -0.866,
						0.707 0.000 -0.707,
						0.866 0.000 -0.500,
						0.966 0.000 -0.259,
						1.000 0.000 0.000,
						1.000 0.000 -0.000,
						0.966 0.000 0.259,
						0.866 0.000 0.500,
						0.707 0.000 0.707,
						0.500 0.000 0.866,
						0.259 0.000 0.966,
						0.000 0.000 1.000
					]
				}
				normalIndex
				[
					0, 0, 1, -1,
					1, 0, 1, -1,
					1, 1, 2, -1,
					1, 2, 2, -1,
					2, 2, 3, -1,
					2, 3, 3, -1,
					3, 3, 4, -1,
					3, 4, 4, -1,
					4, 4, 5, -1,
					4, 5, 5, -1,
					5, 5, 6, -1,
					5, 6, 7, -1,
					7, 6, 8, -1,
					6, 8, 8, -1,
					8, 8, 9, -1,
					8, 9, 9, -1,
					9, 9, 10, -1,
					9, 10, 10, -1,
					10, 10, 11, -1,
					10, 11, 11, -1,
					11, 11, 12, -1,
					11, 12, 12, -1,
					12, 12, 13, -1,
					12, 13, 13, -1
				]
			}
		}
		Shape
		{
			appearance Appearance
			{
				material Material
				{
					diffuseColor 0.800 0.800 0.800
				}
			}
			geometry IndexedFaceSet
			{
				creaseAngle 0.5
				solid TRUE
				coord Coordinate
				{
					point
					[
						0.475 -3.940 -0.645,
						0.475 -3.940 -3.655,
						0.734 -3.940 -0.611,
						1.475 -3.940 -3.655,
						0.975 -3.940 -0.511,
						1.182 -3.940 -0.352,
						1.475 -3.940 0.355,
						1.441 -3.940 0.096,
						1.341 -3.940 -0.145
					]
				}
				coordIndex
				[
					0, 1, 2, -1,
					2, 1, 3, -1,
					2, 3, 4, -1,
					4, 3, 5, -1,
					6, 7, 3, -1,
					3, 7, 8, -1,
					3, 8, 5, -1
				]
				normal Normal
				{
					vector
					[
						0.000 -1.000 0.000
					]
				}
				normalIndex
				[
					0, 0, 0, -1,
					0, 0, 0, -1,
					0, 0, 0, -1,
					0, 0, 0, -1,
					0, 0, 0, -1,
					0, 0, 0, -1,
					0, 0, 0, -1
				]
			}
		}
		Shape
		{
			appearance Appearance
			{
				material Material
				{
					diffuseColor 0.800 0.800 0.800
				}
			}
			geometry IndexedFaceSet
			{
				creaseAngle 0.5
				solid TRUE
				coord Coordinate
				{
					point
					[
						1.475 -3.940 0.355,
						1.475 -3.940 3.545,
						1.441 -3.940 0.614,
						1.341 -3.940 0.855,
						0.475 -3.940 3.545,
						0.734 -3.940 1.321,
						0.975 -3.940 1.221,
						1.182 -3.940 1.062,
						0.475 -3.940 1.355
					]
				}
				coordIndex
				[
					0, 1, 2, -1,
					2, 1, 3, -1,
					4, 5, 1, -1,
					1, 5, 6, -1,
					1, 6, 7, -1,
					4, 8, 5, -1,
					7, 3, 1, -1
				]
				normal Normal
				{
					vector
					[
						0.000 -1.000 0.000
					]
				}
				normalIndex
				[
					0, 0, 0, -1,
					0, 0, 0, -1,
					0, 0, 0, -1,
					0, 0, 0, -1,
					0, 0, 0, -1,
					0, 0, 0, -1,
					0, 0, 0, -1
				]
			}
		}
		Shape
		{
			appearance Appearance
			{
				material Material
				{
					diffuseColor 0.800 0.800 0.800
				}
			}
			geometry IndexedFaceSet
			{
				creaseAngle 0.5
				solid TRUE
				coord Coordinate
				{
					point
					[
						1.475 -3.940 -3.655,
						1.475 -3.430 -3.655,
						1.475 -3.940 0.355,
						1.475 -3.430 3.545,
						1.475 -3.940 3.545
					]
				}
				coordIndex
				[
					0, 1, 2, -1,
					2, 1, 3, -1,
					2, 3, 4, -1
				]
				normal Normal
				{
					vector
					[
						1.000 0.000 0.000
					]
				}
				normalIndex
				[
					0, 0, 0, -1,
					0, 0, 0, -1,
					0, 0, 0, -1
				]
			}
		}
		Shape
		{
			appearance Appearance
			{
				material Material
				{
					diffuseColor 0.800 0.800 0.800
				}
			}
			geometry IndexedFaceSet
			{
				creaseAngle 0.5
				solid TRUE
				coord Coordinate
				{
					point
					[
						0.475 -3.940 3.545,
						1.475 -3.940 3.545,
						0.475 -3.430 3.545,
						1.475 -3.430 3.545
					]
				}
				coordIndex
				[
					0, 1, 2, -1,
					2, 1, 3, -1
				]
				normal Normal
				{
					vector
					[
						0.000 0.000 1.000
					]
				}
				normalIndex
				[
					0, 0, 0, -1,
					0, 0, 0, -1
				]
			}
		}
		Shape
		{
			appearance Appearance
			{
				material Material
				{
					diffuseColor 0.800 0.800 0.800
				}
			}
			geometry IndexedFaceSet
			{
				creaseAngle 0.5
				solid TRUE
				coord Coordinate
				{
					point
					[
						1.475 -3.430 -3.655,
						1.475 -3.940 -3.655,
						0.475 -3.430 -3.655,
						0.475 -3.940 -3.655
					]
				}
				coordIndex
				[
					0, 1, 2, -1,
					2, 1, 3, -1
				]
				normal Normal
				{
					vector
					[
						0.000 0.000 -1.000
					]
				}
				normalIndex
				[
					0, 0, 0, -1,
					0, 0, 0, -1
				]
			}
		}
		Shape
		{
			appearance Appearance
			{
				material Material
				{
					diffuseColor 0.800 0.800 0.800
				}
			}
			geometry IndexedFaceSet
			{
				creaseAngle 0.5
				solid TRUE
				coord Coordinate
				{
					point
					[
						1.306 -5.690 -0.645,
						1.306 -6.040 -0.645,
						0.475 -5.690 -0.645,
						1.062 -6.283 -0.645,
						0.845 -6.445 -0.645,
						0.653 -6.533 -0.645,
						0.563 -6.553 -0.645,
						0.475 -6.560 -0.645
					]
				}
				coordIndex
				[
					0, 1, 2, -1,
					2, 1, 3, -1,
					2, 3, 4, -1,
					4, 5, 2, -1,
					2, 5, 6, -1,
					2, 6, 7, -1
				]
				normal Normal
				{
					vector
					[
						-0.000 -0.000 -1.000
					]
				}
				normalIndex
				[
					0, 0, 0, -1,
					0, 0, 0, -1,
					0, 0, 0, -1,
					0, 0, 0, -1,
					0, 0, 0, -1,
					0, 0, 0, -1
				]
			}
		}
		Shape
		{
			appearance Appearance
			{
				material Material
				{
					diffuseColor 0.800 0.800 0.800
				}
			}
			geometry IndexedFaceSet
			{
				creaseAngle 0.5
				solid TRUE
				coord Coordinate
				{
					point
					[
						-0.475 -6.560 -0.645,
						-0.563 -6.553 -0.645,
						-0.475 -5.690 -0.645,
						-0.653 -6.533 -0.645,
						-0.845 -6.445 -0.645,
						-1.062 -6.283 -0.645,
						-1.306 -6.040 -0.645,
						-1.306 -5.690 -0.645
					]
				}
				coordIndex
				[
					0, 1, 2, -1,
					2, 1, 3, -1,
					2, 3, 4, -1,
					4, 5, 2, -1,
					2, 5, 6, -1,
					2, 6, 7, -1
				]
				normal Normal
				{
					vector
					[
						-0.000 -0.000 -1.000
					]
				}
				normalIndex
				[
					0, 0, 0, -1,
					0, 0, 0, -1,
					0, 0, 0, -1,
					0, 0, 0, -1,
					0, 0, 0, -1,
					0, 0, 0, -1
				]
			}
		}
		Shape
		{
			appearance Appearance
			{
				material Material
				{
					diffuseColor 0.800 0.800 0.800
				}
			}
			geometry IndexedFaceSet
			{
				creaseAngle 0.5
				solid TRUE
				coord Coordinate
				{
					point
					[
						0.475 -6.560 1.355,
						0.475 -6.995 1.104,
						0.563 -6.553 1.355,
						0.613 -6.995 1.091,
						0.653 -6.533 1.355,
						0.745 -6.995 1.053,
						0.845 -6.445 1.355,
						0.869 -6.995 0.991,
						1.062 -6.283 1.355,
						0.979 -6.995 0.908,
						1.306 -6.040 1.355,
						1.528 -6.040 1.118,
						1.072 -6.995 0.806,
						1.145 -6.995 0.689,
						1.684 -6.040 0.833,
						1.195 -6.995 0.560,
						1.765 -6.040 0.518,
						1.220 -6.995 0.424,
						1.765 -6.040 0.192,
						1.220 -6.995 0.286,
						1.753 -6.040 0.117,
						1.195 -6.995 0.150,
						1.684 -6.040 -0.123,
						1.145 -6.995 0.021,
						1.528 -6.040 -0.408,
						1.072 -6.995 -0.096,
						0.979 -6.995 -0.198,
						0.745 -6.995 -0.343,
						0.845 -6.445 -0.645,
						0.869 -6.995 -0.281,
						1.062 -6.283 -0.645,
						1.306 -6.040 -0.645,
						0.613 -6.995 -0.381,
						0.653 -6.533 -0.645,
						0.563 -6.553 -0.645,
						0.475 -6.995 -0.394,
						0.475 -6.560 -0.645
					]
				}
				coordIndex
				[
					0, 1, 2, -1,
					2, 1, 3, -1,
					2, 3, 4, -1,
					4, 3, 5, -1,
					4, 5, 6, -1,
					6, 5, 7, -1,
					6, 7, 8, -1,
					8, 7, 9, -1,
					8, 9, 10, -1,
					10, 9, 11, -1,
					9, 12, 11, -1,
					11, 12, 13, -1,
					11, 13, 14, -1,
					14, 13, 15, -1,
					14, 15, 16, -1,
					16, 15, 17, -1,
					16, 17, 18, -1,
					18, 17, 19, -1,
					18, 19, 20, -1,
					20, 19, 21, -1,
					20, 21, 22, -1,
					22, 21, 23, -1,
					22, 23, 24, -1,
					24, 23, 25, -1,
					24, 25, 26, -1,
					27, 28, 29, -1,
					29, 28, 30, -1,
					29, 30, 26, -1,
					26, 30, 31, -1,
					26, 31, 24, -1,
					27, 32, 28, -1,
					28, 32, 33, -1,
					33, 32, 34, -1,
					34, 32, 35, -1,
					34, 35, 36, -1
				]
				normal Normal
				{
					vector
					[
						0.000 -0.500 0.866,
						0.076 -0.500 0.863,
						0.159 -0.500 0.851,
						0.151 -0.500 0.853,
						0.313 -0.500 0.808,
						0.301 -0.500 0.812,
						0.456 -0.500 0.736,
						0.439 -0.500 0.747,
						0.583 -0.500 0.640,
						0.553 -0.500 0.666,
						0.701 -0.500 0.508,
						0.691 -0.500 0.522,
						0.775 -0.500 0.386,
						0.805 -0.500 0.318,
						0.833 -0.500 0.237,
						0.859 -0.500 0.108,
						0.862 -0.500 0.080,
						0.859 -0.500 -0.108,
						0.862 -0.500 -0.080,
						0.851 -0.500 -0.159,
						0.833 -0.500 -0.237,
						0.805 -0.500 -0.318,
						0.775 -0.500 -0.386,
						0.701 -0.500 -0.508,
						0.691 -0.500 -0.522,
						0.583 -0.500 -0.640,
						0.313 -0.500 -0.808,
						0.301 -0.500 -0.812,
						0.456 -0.500 -0.736,
						0.439 -0.500 -0.747,
						0.553 -0.500 -0.666,
						0.159 -0.500 -0.851,
						0.151 -0.500 -0.853,
						0.076 -0.500 -0.863,
						0.000 -0.500 -0.866
					]
				}
				normalIndex
				[
					0, 0, 1, -1,
					1, 0, 2, -1,
					1, 2, 3, -1,
					3, 2, 4, -1,
					3, 4, 5, -1,
					5, 4, 6, -1,
					5, 6, 7, -1,
					7, 6, 8, -1,
					7, 8, 9, -1,
					9, 8, 10, -1,
					8, 11, 10, -1,
					10, 11, 12, -1,
					10, 12, 13, -1,
					13, 12, 14, -1,
					13, 14, 15, -1,
					15, 14, 16, -1,
					15, 16, 17, -1,
					17, 16, 18, -1,
					17, 18, 19, -1,
					19, 18, 20, -1,
					19, 20, 21, -1,
					21, 20, 22, -1,
					21, 22, 23, -1,
					23, 22, 24, -1,
					23, 24, 25, -1,
					26, 27, 28, -1,
					28, 27, 29, -1,
					28, 29, 25, -1,
					25, 29, 30, -1,
					25, 30, 23, -1,
					26, 31, 27, -1,
					27, 31, 32, -1,
					32, 31, 33, -1,
					33, 31, 34, -1,
					33, 34, 34, -1
				]
			}
		}
		Shape
		{
			appearance Appearance
			{
				material Material
				{
					diffuseColor 0.800 0.800 0.800
				}
			}
			geometry IndexedFaceSet
			{
				creaseAngle 0.5
				solid TRUE
				coord Coordinate
				{
					point
					[
						1.306 -5.690 1.355,
						1.306 -6.040 1.355,
						1.528 -5.690 1.118,
						1.528 -6.040 1.118,
						1.684 -6.040 0.833,
						1.684 -5.690 0.833,
						1.765 -6.040 0.518,
						1.765 -5.690 0.518,
						1.765 -5.690 0.192,
						1.765 -6.040 0.192,
						1.753 -6.040 0.117,
						1.753 -5.690 0.117,
						1.684 -5.690 -0.123,
						1.684 -6.040 -0.123,
						1.528 -6.040 -0.408,
						1.528 -5.690 -0.408,
						1.306 -5.690 -0.645,
						1.306 -6.040 -0.645
					]
				}
				coordIndex
				[
					0, 1, 2, -1,
					2, 1, 3, -1,
					2, 3, 4, -1,
					2, 4, 5, -1,
					5, 4, 6, -1,
					5, 6, 7, -1,
					7, 6, 8, -1,
					6, 9, 8, -1,
					8, 9, 10, -1,
					8, 10, 11, -1,
					11, 10, 12, -1,
					10, 13, 12, -1,
					12, 13, 14, -1,
					12, 14, 15, -1,
					15, 14, 16, -1,
					14, 17, 16, -1
				]
				normal Normal
				{
					vector
					[
						0.639 0.000 0.769,
						0.810 0.000 0.587,
						0.930 0.000 0.367,
						0.992 0.000 0.125,
						0.992 0.000 -0.125,
						0.983 0.000 -0.183,
						0.930 0.000 -0.367,
						0.810 0.000 -0.587,
						0.639 0.000 -0.769
					]
				}
				normalIndex
				[
					0, 0, 1, -1,
					1, 0, 1, -1,
					1, 1, 2, -1,
					1, 2, 2, -1,
					2, 2, 3, -1,
					2, 3, 3, -1,
					3, 3, 4, -1,
					3, 4, 4, -1,
					4, 4, 5, -1,
					4, 5, 5, -1,
					5, 5, 6, -1,
					5, 6, 6, -1,
					6, 6, 7, -1,
					6, 7, 7, -1,
					7, 7, 8, -1,
					7, 8, 8, -1
				]
			}
		}
		Shape
		{
			appearance Appearance
			{
				material Material
				{
					diffuseColor 0.800 0.800 0.800
				}
			}
			geometry IndexedFaceSet
			{
				creaseAngle 0.5
				solid TRUE
				coord Coordinate
				{
					point
					[
						0.475 -6.995 -0.394,
						0.613 -6.995 -0.381,
						0.475 -7.002 -0.390,
						0.475 -7.038 -0.362,
						0.744 -7.002 -0.339,
						0.745 -6.995 -0.343,
						0.869 -6.995 -0.281,
						0.979 -6.995 -0.198,
						0.977 -7.002 -0.195,
						0.935 -7.070 -0.150,
						0.722 -7.070 -0.282,
						0.880 -7.110 -0.089,
						0.692 -7.110 -0.205,
						0.755 -7.120 -0.097,
						0.667 -7.120 -0.141,
						1.072 -6.995 -0.096,
						1.145 -6.995 0.021,
						1.142 -7.002 0.023,
						1.086 -7.070 0.051,
						1.013 -7.110 0.087,
						0.900 -7.120 0.034,
						0.833 -7.120 -0.038,
						1.195 -6.995 0.150,
						1.220 -6.995 0.286,
						1.217 -7.002 0.286,
						1.155 -7.070 0.292,
						1.073 -7.110 0.300,
						0.987 -7.120 0.209,
						0.951 -7.120 0.118,
						1.220 -6.995 0.424,
						1.195 -6.995 0.560,
						1.191 -7.002 0.559,
						1.132 -7.070 0.542,
						1.053 -7.110 0.519,
						1.005 -7.120 0.404,
						1.005 -7.120 0.306,
						1.145 -6.995 0.689,
						1.072 -6.995 0.806,
						1.069 -7.002 0.804,
						1.020 -7.070 0.766,
						0.954 -7.110 0.717,
						0.951 -7.120 0.592,
						0.987 -7.120 0.501,
						0.979 -6.995 0.908,
						0.869 -6.995 0.991,
						0.867 -7.002 0.988,
						0.834 -7.070 0.936,
						0.791 -7.110 0.866,
						0.833 -7.120 0.748,
						0.900 -7.120 0.676,
						0.745 -6.995 1.053,
						0.475 -6.995 1.104,
						0.475 -7.002 1.100,
						0.613 -6.995 1.091,
						0.612 -7.002 1.087,
						0.600 -7.070 1.026,
						0.585 -7.110 0.945,
						0.667 -7.120 0.851,
						0.755 -7.120 0.807,
						0.475 -7.038 1.072,
						0.475 -7.070 1.038,
						0.475 -7.094 0.999,
						0.475 -7.110 0.956,
						0.475 -7.118 0.922,
						0.475 -7.120 0.887,
						0.573 -7.120 0.878,
						0.573 -7.120 -0.168,
						0.475 -7.110 -0.246,
						0.475 -7.094 -0.289,
						0.475 -7.120 -0.177,
						0.475 -7.118 -0.212,
						0.475 -7.070 -0.328
					]
				}
				coordIndex
				[
					0, 1, 2, -1,
					2, 1, 3, -1,
					3, 1, 4, -1,
					4, 1, 5, -1,
					4, 5, 6, -1,
					7, 8, 6, -1,
					6, 8, 9, -1,
					6, 9, 10, -1,
					10, 9, 11, -1,
					10, 11, 12, -1,
					12, 11, 13, -1,
					12, 13, 14, -1,
					7, 15, 8, -1,
					8, 15, 9, -1,
					16, 17, 15, -1,
					15, 17, 18, -1,
					15, 18, 9, -1,
					9, 18, 19, -1,
					9, 19, 11, -1,
					11, 19, 20, -1,
					11, 20, 21, -1,
					16, 22, 17, -1,
					17, 22, 18, -1,
					23, 24, 22, -1,
					22, 24, 25, -1,
					22, 25, 18, -1,
					18, 25, 26, -1,
					18, 26, 19, -1,
					19, 26, 27, -1,
					19, 27, 28, -1,
					23, 29, 24, -1,
					24, 29, 25, -1,
					30, 31, 29, -1,
					29, 31, 32, -1,
					29, 32, 25, -1,
					25, 32, 33, -1,
					25, 33, 26, -1,
					26, 33, 34, -1,
					26, 34, 35, -1,
					30, 36, 31, -1,
					31, 36, 32, -1,
					37, 38, 36, -1,
					36, 38, 39, -1,
					36, 39, 32, -1,
					32, 39, 40, -1,
					32, 40, 33, -1,
					33, 40, 41, -1,
					33, 41, 42, -1,
					37, 43, 38, -1,
					38, 43, 39, -1,
					44, 45, 43, -1,
					43, 45, 46, -1,
					43, 46, 39, -1,
					39, 46, 47, -1,
					39, 47, 40, -1,
					40, 47, 48, -1,
					40, 48, 49, -1,
					44, 50, 45, -1,
					45, 50, 46, -1,
					51, 52, 53, -1,
					53, 52, 54, -1,
					53, 54, 50, -1,
					50, 54, 55, -1,
					50, 55, 46, -1,
					46, 55, 56, -1,
					46, 56, 47, -1,
					47, 56, 57, -1,
					47, 57, 58, -1,
					52, 59, 54, -1,
					54, 59, 55, -1,
					59, 60, 55, -1,
					55, 60, 61, -1,
					55, 61, 56, -1,
					56, 61, 62, -1,
					56, 62, 63, -1,
					64, 65, 63, -1,
					63, 65, 56, -1,
					65, 57, 56, -1,
					58, 48, 47, -1,
					49, 41, 40, -1,
					42, 34, 33, -1,
					35, 27, 26, -1,
					28, 20, 19, -1,
					21, 13, 11, -1,
					14, 66, 12, -1,
					12, 66, 67, -1,
					12, 67, 68, -1,
					69, 70, 66, -1,
					66, 70, 67, -1,
					12, 68, 10, -1,
					10, 68, 71, -1,
					10, 71, 3, -1,
					6, 10, 4, -1,
					4, 10, 3, -1
				]
				normal Normal
				{
					vector
					[
						0.000 -0.500 -0.866,
						0.159 -0.500 -0.851,
						0.000 -0.526 -0.850,
						0.000 -0.674 -0.739,
						0.307 -0.526 -0.793,
						0.313 -0.500 -0.808,
						0.456 -0.500 -0.736,
						0.583 -0.500 -0.640,
						0.573 -0.526 -0.628,
						0.406 -0.798 -0.445,
						0.218 -0.798 -0.562,
						0.184 -0.962 -0.202,
						0.099 -0.962 -0.255,
						-0.000 -1.000 0.000,
						0.691 -0.500 -0.522,
						0.775 -0.500 -0.386,
						0.761 -0.526 -0.379,
						0.539 -0.798 -0.269,
						0.245 -0.962 -0.122,
						0.000 -1.000 0.000,
						0.833 -0.500 -0.237,
						0.862 -0.500 -0.080,
						0.847 -0.526 -0.078,
						0.600 -0.798 -0.056,
						0.272 -0.962 -0.025,
						0.862 -0.500 0.080,
						0.833 -0.500 0.237,
						0.818 -0.526 0.233,
						0.580 -0.798 0.165,
						0.263 -0.962 0.075,
						-0.000 -1.000 -0.000,
						0.775 -0.500 0.386,
						0.691 -0.500 0.522,
						0.678 -0.526 0.512,
						0.481 -0.798 0.363,
						0.218 -0.962 0.165,
						0.583 -0.500 0.640,
						0.456 -0.500 0.736,
						0.448 -0.526 0.723,
						0.317 -0.798 0.512,
						0.144 -0.962 0.233,
						0.313 -0.500 0.808,
						0.000 -0.500 0.866,
						0.000 -0.526 0.850,
						0.159 -0.500 0.851,
						0.156 -0.526 0.836,
						0.111 -0.798 0.592,
						0.050 -0.962 0.269,
						0.000 -0.674 0.739,
						0.000 -0.798 0.603,
						0.000 -0.895 0.446,
						0.000 -0.962 0.274,
						0.000 -0.990 0.138,
						0.000 -0.962 -0.274,
						0.000 -0.895 -0.446,
						0.000 -0.990 -0.138,
						0.000 -0.798 -0.603
					]
				}
				normalIndex
				[
					0, 1, 2, -1,
					2, 1, 3, -1,
					3, 1, 4, -1,
					4, 1, 5, -1,
					4, 5, 6, -1,
					7, 8, 6, -1,
					6, 8, 9, -1,
					6, 9, 10, -1,
					10, 9, 11, -1,
					10, 11, 12, -1,
					12, 11, 13, -1,
					12, 13, 13, -1,
					7, 14, 8, -1,
					8, 14, 9, -1,
					15, 16, 14, -1,
					14, 16, 17, -1,
					14, 17, 9, -1,
					9, 17, 18, -1,
					9, 18, 11, -1,
					11, 18, 19, -1,
					11, 19, 19, -1,
					15, 20, 16, -1,
					16, 20, 17, -1,
					21, 22, 20, -1,
					20, 22, 23, -1,
					20, 23, 17, -1,
					17, 23, 24, -1,
					17, 24, 18, -1,
					18, 24, 13, -1,
					18, 13, 13, -1,
					21, 25, 22, -1,
					22, 25, 23, -1,
					26, 27, 25, -1,
					25, 27, 28, -1,
					25, 28, 23, -1,
					23, 28, 29, -1,
					23, 29, 24, -1,
					24, 29, 30, -1,
					24, 30, 13, -1,
					26, 31, 27, -1,
					27, 31, 28, -1,
					32, 33, 31, -1,
					31, 33, 34, -1,
					31, 34, 28, -1,
					28, 34, 35, -1,
					28, 35, 29, -1,
					29, 35, 30, -1,
					29, 30, 30, -1,
					32, 36, 33, -1,
					33, 36, 34, -1,
					37, 38, 36, -1,
					36, 38, 39, -1,
					36, 39, 34, -1,
					34, 39, 40, -1,
					34, 40, 35, -1,
					35, 40, 19, -1,
					35, 19, 30, -1,
					37, 41, 38, -1,
					38, 41, 39, -1,
					42, 43, 44, -1,
					44, 43, 45, -1,
					44, 45, 41, -1,
					41, 45, 46, -1,
					41, 46, 39, -1,
					39, 46, 47, -1,
					39, 47, 40, -1,
					40, 47, 19, -1,
					40, 19, 30, -1,
					43, 48, 45, -1,
					45, 48, 46, -1,
					48, 49, 46, -1,
					46, 49, 50, -1,
					46, 50, 47, -1,
					47, 50, 51, -1,
					47, 51, 52, -1,
					19, 19, 52, -1,
					52, 19, 47, -1,
					19, 19, 47, -1,
					30, 19, 40, -1,
					30, 30, 35, -1,
					30, 30, 29, -1,
					13, 13, 24, -1,
					13, 19, 18, -1,
					19, 13, 11, -1,
					13, 13, 12, -1,
					12, 13, 53, -1,
					12, 53, 54, -1,
					19, 55, 13, -1,
					13, 55, 53, -1,
					12, 54, 10, -1,
					10, 54, 56, -1,
					10, 56, 3, -1,
					6, 10, 4, -1,
					4, 10, 3, -1
				]
			}
		}
		Shape
		{
			appearance Appearance
			{
				material Material
				{
					diffuseColor 0.800 0.800 0.800
				}
			}
			geometry IndexedFaceSet
			{
				creaseAngle 0.5
				solid TRUE
				coord Coordinate
				{
					point
					[
						0.475 -7.120 0.887,
						0.475 -7.120 -0.177,
						0.573 -7.120 0.878,
						0.573 -7.120 -0.168,
						0.667 -7.120 0.851,
						0.667 -7.120 -0.141,
						0.755 -7.120 0.807,
						0.755 -7.120 -0.097,
						0.833 -7.120 0.748,
						0.833 -7.120 -0.038,
						0.900 -7.120 0.676,
						0.900 -7.120 0.034,
						0.951 -7.120 0.592,
						0.951 -7.120 0.118,
						0.987 -7.120 0.501,
						0.987 -7.120 0.209,
						1.005 -7.120 0.404,
						1.005 -7.120 0.306
					]
				}
				coordIndex
				[
					0, 1, 2, -1,
					2, 1, 3, -1,
					2, 3, 4, -1,
					4, 3, 5, -1,
					4, 5, 6, -1,
					6, 5, 7, -1,
					6, 7, 8, -1,
					8, 7, 9, -1,
					8, 9, 10, -1,
					10, 9, 11, -1,
					10, 11, 12, -1,
					12, 11, 13, -1,
					12, 13, 14, -1,
					14, 13, 15, -1,
					14, 15, 16, -1,
					16, 15, 17, -1
				]
				normal Normal
				{
					vector
					[
						0.000 -1.000 0.000
					]
				}
				normalIndex
				[
					0, 0, 0, -1,
					0, 0, 0, -1,
					0, 0, 0, -1,
					0, 0, 0, -1,
					0, 0, 0, -1,
					0, 0, 0, -1,
					0, 0, 0, -1,
					0, 0, 0, -1,
					0, 0, 0, -1,
					0, 0, 0, -1,
					0, 0, 0, -1,
					0, 0, 0, -1,
					0, 0, 0, -1,
					0, 0, 0, -1,
					0, 0, 0, -1,
					0, 0, 0, -1
				]
			}
		}
		Shape
		{
			appearance Appearance
			{
				material Material
				{
					diffuseColor 0.800 0.800 0.800
				}
			}
			geometry IndexedFaceSet
			{
				creaseAngle 0.5
				solid TRUE
				coord Coordinate
				{
					point
					[
						-0.475 -6.995 1.104,
						-0.475 -7.120 0.887,
						-0.475 -6.560 1.355,
						-0.475 -6.560 -0.645,
						-0.475 -5.690 -0.645,
						-0.475 -7.002 1.100,
						-0.475 -7.038 1.072,
						-0.475 -7.070 1.038,
						-0.475 -7.094 0.999,
						-0.475 -7.110 0.956,
						-0.475 -7.118 0.922,
						-0.475 -7.120 -0.177,
						-0.475 -6.995 -0.394,
						-0.475 -7.118 -0.212,
						-0.475 -7.110 -0.246,
						-0.475 -7.094 -0.289,
						-0.475 -7.070 -0.328,
						-0.475 -7.038 -0.362,
						-0.475 -7.002 -0.390,
						-0.475 -5.690 1.355,
						-0.475 -3.940 -0.645,
						-0.475 -3.940 1.355,
						-0.475 -3.430 3.545,
						-0.475 -3.940 3.545,
						-0.475 -3.940 -3.655,
						-0.475 -3.430 -3.655
					]
				}
				coordIndex
				[
					0, 1, 2, -1,
					2, 1, 3, -1,
					2, 3, 4, -1,
					0, 5, 1, -1,
					1, 5, 6, -1,
					1, 6, 7, -1,
					7, 8, 1, -1,
					1, 8, 9, -1,
					1, 9, 10, -1,
					1, 11, 3, -1,
					3, 11, 12, -1,
					11, 13, 12, -1,
					12, 13, 14, -1,
					12, 14, 15, -1,
					15, 16, 12, -1,
					12, 16, 17, -1,
					12, 17, 18, -1,
					2, 4, 19, -1,
					19, 4, 20, -1,
					19, 20, 21, -1,
					21, 20, 22, -1,
					21, 22, 23, -1,
					24, 25, 20, -1,
					20, 25, 22, -1
				]
				normal Normal
				{
					vector
					[
						1.000 0.000 0.000
					]
				}
				normalIndex
				[
					0, 0, 0, -1,
					0, 0, 0, -1,
					0, 0, 0, -1,
					0, 0, 0, -1,
					0, 0, 0, -1,
					0, 0, 0, -1,
					0, 0, 0, -1,
					0, 0, 0, -1,
					0, 0, 0, -1,
					0, 0, 0, -1,
					0, 0, 0, -1,
					0, 0, 0, -1,
					0, 0, 0, -1,
					0, 0, 0, -1,
					0, 0, 0, -1,
					0, 0, 0, -1,
					0, 0, 0, -1,
					0, 0, 0, -1,
					0, 0, 0, -1,
					0, 0, 0, -1,
					0, 0, 0, -1,
					0, 0, 0, -1,
					0, 0, 0, -1,
					0, 0, 0, -1
				]
			}
		}
		Shape
		{
			appearance Appearance
			{
				material Material
				{
					diffuseColor 0.800 0.800 0.800
				}
			}
			geometry IndexedFaceSet
			{
				creaseAngle 0.5
				solid TRUE
				coord Coordinate
				{
					point
					[
						-0.475 -3.940 1.355,
						-0.734 -3.940 1.321,
						-0.475 -5.690 1.355,
						-0.734 -5.690 1.321,
						-0.975 -5.690 1.221,
						-0.975 -3.940 1.221,
						-1.182 -3.940 1.062,
						-1.182 -5.690 1.062,
						-1.341 -3.940 0.855,
						-1.341 -5.690 0.855,
						-1.441 -3.940 0.614,
						-1.441 -5.690 0.614,
						-1.475 -5.690 0.355,
						-1.475 -3.940 0.355,
						-1.441 -3.940 0.096,
						-1.441 -5.690 0.096,
						-1.341 -3.940 -0.145,
						-1.341 -5.690 -0.145,
						-1.182 -5.690 -0.352,
						-1.182 -3.940 -0.352,
						-0.975 -3.940 -0.511,
						-0.975 -5.690 -0.511,
						-0.734 -3.940 -0.611,
						-0.734 -5.690 -0.611,
						-0.475 -5.690 -0.645,
						-0.475 -3.940 -0.645
					]
				}
				coordIndex
				[
					0, 1, 2, -1,
					2, 1, 3, -1,
					3, 1, 4, -1,
					4, 1, 5, -1,
					4, 5, 6, -1,
					4, 6, 7, -1,
					7, 6, 8, -1,
					7, 8, 9, -1,
					9, 8, 10, -1,
					9, 10, 11, -1,
					11, 10, 12, -1,
					10, 13, 12, -1,
					12, 13, 14, -1,
					12, 14, 15, -1,
					15, 14, 16, -1,
					15, 16, 17, -1,
					17, 16, 18, -1,
					16, 19, 18, -1,
					18, 19, 20, -1,
					18, 20, 21, -1,
					21, 20, 22, -1,
					21, 22, 23, -1,
					23, 22, 24, -1,
					22, 25, 24, -1
				]
				normal Normal
				{
					vector
					[
						0.000 0.000 1.000,
						-0.259 0.000 0.966,
						-0.500 0.000 0.866,
						-0.707 0.000 0.707,
						-0.866 0.000 0.500,
						-0.966 0.000 0.259,
						-1.000 0.000 -0.000,
						-1.000 0.000 0.000,
						-0.966 0.000 -0.259,
						-0.866 0.000 -0.500,
						-0.707 0.000 -0.707,
						-0.500 0.000 -0.866,
						-0.259 0.000 -0.966,
						0.000 0.000 -1.000
					]
				}
				normalIndex
				[
					0, 1, 0, -1,
					0, 1, 1, -1,
					1, 1, 2, -1,
					2, 1, 2, -1,
					2, 2, 3, -1,
					2, 3, 3, -1,
					3, 3, 4, -1,
					3, 4, 4, -1,
					4, 4, 5, -1,
					4, 5, 5, -1,
					5, 5, 6, -1,
					5, 7, 6, -1,
					6, 7, 8, -1,
					6, 8, 8, -1,
					8, 8, 9, -1,
					8, 9, 9, -1,
					9, 9, 10, -1,
					9, 10, 10, -1,
					10, 10, 11, -1,
					10, 11, 11, -1,
					11, 11, 12, -1,
					11, 12, 12, -1,
					12, 12, 13, -1,
					12, 13, 13, -1
				]
			}
		}
		Shape
		{
			appearance Appearance
			{
				material Material
				{
					diffuseColor 0.800 0.800 0.800
				}
			}
			geometry IndexedFaceSet
			{
				creaseAngle 0.5
				solid TRUE
				coord Coordinate
				{
					point
					[
						-0.475 -5.690 1.355,
						-0.734 -5.690 1.321,
						-1.306 -5.690 1.355,
						-0.975 -5.690 1.221,
						-1.182 -5.690 1.062,
						-1.528 -5.690 1.118,
						-1.341 -5.690 0.855,
						-1.684 -5.690 0.833,
						-1.441 -5.690 0.614,
						-1.765 -5.690 0.518,
						-1.475 -5.690 0.355,
						-1.765 -5.690 0.192,
						-1.441 -5.690 0.096,
						-1.753 -5.690 0.117,
						-1.684 -5.690 -0.123,
						-1.341 -5.690 -0.145,
						-1.528 -5.690 -0.408,
						-1.182 -5.690 -0.352,
						-1.306 -5.690 -0.645,
						-0.975 -5.690 -0.511,
						-0.734 -5.690 -0.611,
						-0.475 -5.690 -0.645
					]
				}
				coordIndex
				[
					0, 1, 2, -1,
					2, 1, 3, -1,
					2, 3, 4, -1,
					2, 4, 5, -1,
					5, 4, 6, -1,
					5, 6, 7, -1,
					7, 6, 8, -1,
					7, 8, 9, -1,
					9, 8, 10, -1,
					9, 10, 11, -1,
					11, 10, 12, -1,
					11, 12, 13, -1,
					13, 12, 14, -1,
					12, 15, 14, -1,
					14, 15, 16, -1,
					15, 17, 16, -1,
					16, 17, 18, -1,
					17, 19, 18, -1,
					18, 19, 20, -1,
					18, 20, 21, -1
				]
				normal Normal
				{
					vector
					[
						-0.000 1.000 0.000
					]
				}
				normalIndex
				[
					0, 0, 0, -1,
					0, 0, 0, -1,
					0, 0, 0, -1,
					0, 0, 0, -1,
					0, 0, 0, -1,
					0, 0, 0, -1,
					0, 0, 0, -1,
					0, 0, 0, -1,
					0, 0, 0, -1,
					0, 0, 0, -1,
					0, 0, 0, -1,
					0, 0, 0, -1,
					0, 0, 0, -1,
					0, 0, 0, -1,
					0, 0, 0, -1,
					0, 0, 0, -1,
					0, 0, 0, -1,
					0, 0, 0, -1,
					0, 0, 0, -1,
					0, 0, 0, -1
				]
			}
		}
		Shape
		{
			appearance Appearance
			{
				material Material
				{
					diffuseColor 0.800 0.800 0.800
				}
			}
			geometry IndexedFaceSet
			{
				creaseAngle 0.5
				solid TRUE
				coord Coordinate
				{
					point
					[
						-1.306 -6.040 1.355,
						-1.306 -5.690 1.355,
						-1.528 -6.040 1.118,
						-1.528 -5.690 1.118,
						-1.684 -5.690 0.833,
						-1.684 -6.040 0.833,
						-1.765 -5.690 0.518,
						-1.765 -6.040 0.518,
						-1.765 -6.040 0.192,
						-1.765 -5.690 0.192,
						-1.753 -5.690 0.117,
						-1.753 -6.040 0.117,
						-1.684 -6.040 -0.123,
						-1.684 -5.690 -0.123,
						-1.528 -5.690 -0.408,
						-1.528 -6.040 -0.408,
						-1.306 -6.040 -0.645,
						-1.306 -5.690 -0.645
					]
				}
				coordIndex
				[
					0, 1, 2, -1,
					2, 1, 3, -1,
					2, 3, 4, -1,
					2, 4, 5, -1,
					5, 4, 6, -1,
					5, 6, 7, -1,
					7, 6, 8, -1,
					6, 9, 8, -1,
					8, 9, 10, -1,
					8, 10, 11, -1,
					11, 10, 12, -1,
					10, 13, 12, -1,
					12, 13, 14, -1,
					12, 14, 15, -1,
					15, 14, 16, -1,
					14, 17, 16, -1
				]
				normal Normal
				{
					vector
					[
						-0.639 0.000 0.769,
						-0.810 0.000 0.587,
						-0.930 0.000 0.367,
						-0.992 0.000 0.125,
						-0.992 0.000 -0.125,
						-0.983 0.000 -0.183,
						-0.930 0.000 -0.367,
						-0.810 0.000 -0.587,
						-0.639 0.000 -0.769
					]
				}
				normalIndex
				[
					0, 0, 1, -1,
					1, 0, 1, -1,
					1, 1, 2, -1,
					1, 2, 2, -1,
					2, 2, 3, -1,
					2, 3, 3, -1,
					3, 3, 4, -1,
					3, 4, 4, -1,
					4, 4, 5, -1,
					4, 5, 5, -1,
					5, 5, 6, -1,
					5, 6, 6, -1,
					6, 6, 7, -1,
					6, 7, 7, -1,
					7, 7, 8, -1,
					7, 8, 8, -1
				]
			}
		}
		Shape
		{
			appearance Appearance
			{
				material Material
				{
					diffuseColor 0.800 0.800 0.800
				}
			}
			geometry IndexedFaceSet
			{
				creaseAngle 0.5
				solid TRUE
				coord Coordinate
				{
					point
					[
						-1.062 -6.283 1.355,
						-1.306 -6.040 1.355,
						-0.979 -6.995 0.908,
						-1.528 -6.040 1.118,
						-1.072 -6.995 0.806,
						-1.145 -6.995 0.689,
						-1.684 -6.040 0.833,
						-1.195 -6.995 0.560,
						-1.765 -6.040 0.518,
						-1.220 -6.995 0.424,
						-1.220 -6.995 0.286,
						-1.765 -6.040 0.192,
						-1.753 -6.040 0.117,
						-1.195 -6.995 0.150,
						-1.684 -6.040 -0.123,
						-1.145 -6.995 0.021,
						-1.528 -6.040 -0.408,
						-1.072 -6.995 -0.096,
						-0.979 -6.995 -0.198,
						-1.306 -6.040 -0.645,
						-1.062 -6.283 -0.645,
						-0.869 -6.995 -0.281,
						-0.845 -6.445 -0.645,
						-0.745 -6.995 -0.343,
						-0.653 -6.533 -0.645,
						-0.613 -6.995 -0.381,
						-0.563 -6.553 -0.645,
						-0.475 -6.995 -0.394,
						-0.475 -6.560 -0.645,
						-0.869 -6.995 0.991,
						-0.845 -6.445 1.355,
						-0.745 -6.995 1.053,
						-0.613 -6.995 1.091,
						-0.653 -6.533 1.355,
						-0.563 -6.553 1.355,
						-0.475 -6.995 1.104,
						-0.475 -6.560 1.355
					]
				}
				coordIndex
				[
					0, 1, 2, -1,
					2, 1, 3, -1,
					2, 3, 4, -1,
					4, 3, 5, -1,
					3, 6, 5, -1,
					5, 6, 7, -1,
					6, 8, 7, -1,
					7, 8, 9, -1,
					9, 8, 10, -1,
					10, 8, 11, -1,
					10, 11, 12, -1,
					10, 12, 13, -1,
					13, 12, 14, -1,
					13, 14, 15, -1,
					15, 14, 16, -1,
					15, 16, 17, -1,
					17, 16, 18, -1,
					16, 19, 18, -1,
					18, 19, 20, -1,
					18, 20, 21, -1,
					21, 20, 22, -1,
					21, 22, 23, -1,
					23, 22, 24, -1,
					23, 24, 25, -1,
					25, 24, 26, -1,
					25, 26, 27, -1,
					27, 26, 28, -1,
					2, 29, 0, -1,
					0, 29, 30, -1,
					29, 31, 30, -1,
					30, 31, 32, -1,
					30, 32, 33, -1,
					33, 32, 34, -1,
					32, 35, 34, -1,
					34, 35, 36, -1
				]
				normal Normal
				{
					vector
					[
						-0.439 -0.500 0.747,
						-0.553 -0.500 0.666,
						-0.583 -0.500 0.640,
						-0.701 -0.500 0.508,
						-0.691 -0.500 0.522,
						-0.775 -0.500 0.386,
						-0.805 -0.500 0.318,
						-0.833 -0.500 0.237,
						-0.859 -0.500 0.108,
						-0.862 -0.500 0.080,
						-0.862 -0.500 -0.080,
						-0.859 -0.500 -0.108,
						-0.851 -0.500 -0.159,
						-0.833 -0.500 -0.237,
						-0.805 -0.500 -0.318,
						-0.775 -0.500 -0.386,
						-0.701 -0.500 -0.508,
						-0.691 -0.500 -0.522,
						-0.583 -0.500 -0.640,
						-0.553 -0.500 -0.666,
						-0.439 -0.500 -0.747,
						-0.456 -0.500 -0.736,
						-0.301 -0.500 -0.812,
						-0.313 -0.500 -0.808,
						-0.151 -0.500 -0.853,
						-0.159 -0.500 -0.851,
						-0.076 -0.500 -0.863,
						-0.000 -0.500 -0.866,
						-0.456 -0.500 0.736,
						-0.301 -0.500 0.812,
						-0.313 -0.500 0.808,
						-0.159 -0.500 0.851,
						-0.151 -0.500 0.853,
						-0.076 -0.500 0.863,
						0.000 -0.500 0.866
					]
				}
				normalIndex
				[
					0, 1, 2, -1,
					2, 1, 3, -1,
					2, 3, 4, -1,
					4, 3, 5, -1,
					3, 6, 5, -1,
					5, 6, 7, -1,
					6, 8, 7, -1,
					7, 8, 9, -1,
					9, 8, 10, -1,
					10, 8, 11, -1,
					10, 11, 12, -1,
					10, 12, 13, -1,
					13, 12, 14, -1,
					13, 14, 15, -1,
					15, 14, 16, -1,
					15, 16, 17, -1,
					17, 16, 18, -1,
					16, 19, 18, -1,
					18, 19, 20, -1,
					18, 20, 21, -1,
					21, 20, 22, -1,
					21, 22, 23, -1,
					23, 22, 24, -1,
					23, 24, 25, -1,
					25, 24, 26, -1,
					25, 26, 27, -1,
					27, 26, 27, -1,
					2, 28, 0, -1,
					0, 28, 29, -1,
					28, 30, 29, -1,
					29, 30, 31, -1,
					29, 31, 32, -1,
					32, 31, 33, -1,
					31, 34, 33, -1,
					33, 34, 34, -1
				]
			}
		}
		Shape
		{
			appearance Appearance
			{
				material Material
				{
					diffuseColor 0.800 0.800 0.800
				}
			}
			geometry IndexedFaceSet
			{
				creaseAngle 0.5
				solid TRUE
				coord Coordinate
				{
					point
					[
						-0.475 -7.120 -0.177,
						-0.573 -7.120 -0.168,
						-0.475 -7.118 -0.212,
						-0.475 -7.110 -0.246,
						-0.692 -7.110 -0.205,
						-0.667 -7.120 -0.141,
						-0.755 -7.120 -0.097,
						-0.880 -7.110 -0.089,
						-0.833 -7.120 -0.038,
						-0.900 -7.120 0.034,
						-1.013 -7.110 0.087,
						-0.951 -7.120 0.118,
						-0.987 -7.120 0.209,
						-1.073 -7.110 0.300,
						-1.005 -7.120 0.306,
						-1.005 -7.120 0.404,
						-1.053 -7.110 0.519,
						-0.987 -7.120 0.501,
						-0.951 -7.120 0.592,
						-0.954 -7.110 0.717,
						-0.900 -7.120 0.676,
						-0.833 -7.120 0.748,
						-0.791 -7.110 0.866,
						-0.755 -7.120 0.807,
						-0.667 -7.120 0.851,
						-0.585 -7.110 0.945,
						-0.573 -7.120 0.878,
						-0.475 -7.118 0.922,
						-0.475 -7.120 0.887,
						-0.475 -7.110 0.956,
						-0.475 -7.094 0.999,
						-0.600 -7.070 1.026,
						-0.475 -7.070 1.038,
						-0.475 -7.038 1.072,
						-0.612 -7.002 1.087,
						-0.475 -7.002 1.100,
						-0.475 -6.995 1.104,
						-0.613 -6.995 1.091,
						-0.745 -6.995 1.053,
						-0.867 -7.002 0.988,
						-0.869 -6.995 0.991,
						-0.979 -6.995 0.908,
						-1.069 -7.002 0.804,
						-1.072 -6.995 0.806,
						-1.145 -6.995 0.689,
						-1.191 -7.002 0.559,
						-1.195 -6.995 0.560,
						-1.220 -6.995 0.424,
						-1.217 -7.002 0.286,
						-1.220 -6.995 0.286,
						-1.195 -6.995 0.150,
						-1.142 -7.002 0.023,
						-1.145 -6.995 0.021,
						-1.072 -6.995 -0.096,
						-0.977 -7.002 -0.195,
						-0.979 -6.995 -0.198,
						-0.869 -6.995 -0.281,
						-0.744 -7.002 -0.339,
						-0.745 -6.995 -0.343,
						-0.613 -6.995 -0.381,
						-0.475 -6.995 -0.394,
						-0.475 -7.002 -0.390,
						-0.475 -7.038 -0.362,
						-0.722 -7.070 -0.282,
						-0.475 -7.070 -0.328,
						-0.475 -7.094 -0.289,
						-0.935 -7.070 -0.150,
						-1.086 -7.070 0.051,
						-1.155 -7.070 0.292,
						-1.132 -7.070 0.542,
						-1.020 -7.070 0.766,
						-0.834 -7.070 0.936
					]
				}
				coordIndex
				[
					0, 1, 2, -1,
					2, 1, 3, -1,
					3, 1, 4, -1,
					4, 1, 5, -1,
					4, 5, 6, -1,
					4, 6, 7, -1,
					7, 6, 8, -1,
					7, 8, 9, -1,
					7, 9, 10, -1,
					10, 9, 11, -1,
					10, 11, 12, -1,
					10, 12, 13, -1,
					13, 12, 14, -1,
					13, 14, 15, -1,
					13, 15, 16, -1,
					16, 15, 17, -1,
					16, 17, 18, -1,
					16, 18, 19, -1,
					19, 18, 20, -1,
					19, 20, 21, -1,
					19, 21, 22, -1,
					22, 21, 23, -1,
					22, 23, 24, -1,
					22, 24, 25, -1,
					25, 24, 26, -1,
					25, 26, 27, -1,
					27, 26, 28, -1,
					27, 29, 25, -1,
					25, 29, 30, -1,
					25, 30, 31, -1,
					31, 30, 32, -1,
					31, 32, 33, -1,
					31, 33, 34, -1,
					34, 33, 35, -1,
					34, 35, 36, -1,
					36, 37, 34, -1,
					34, 37, 38, -1,
					34, 38, 39, -1,
					39, 38, 40, -1,
					39, 40, 41, -1,
					39, 41, 42, -1,
					42, 41, 43, -1,
					42, 43, 44, -1,
					42, 44, 45, -1,
					45, 44, 46, -1,
					45, 46, 47, -1,
					45, 47, 48, -1,
					48, 47, 49, -1,
					48, 49, 50, -1,
					48, 50, 51, -1,
					51, 50, 52, -1,
					51, 52, 53, -1,
					51, 53, 54, -1,
					54, 53, 55, -1,
					54, 55, 56, -1,
					54, 56, 57, -1,
					57, 56, 58, -1,
					57, 58, 59, -1,
					60, 61, 59, -1,
					59, 61, 62, -1,
					59, 62, 63, -1,
					63, 62, 64, -1,
					63, 64, 65, -1,
					63, 65, 4, -1,
					4, 65, 3, -1,
					54, 57, 63, -1,
					63, 57, 59, -1,
					63, 4, 66, -1,
					66, 4, 7, -1,
					66, 7, 67, -1,
					67, 7, 10, -1,
					67, 10, 68, -1,
					68, 10, 13, -1,
					68, 13, 69, -1,
					69, 13, 16, -1,
					69, 16, 70, -1,
					70, 16, 19, -1,
					70, 19, 71, -1,
					71, 19, 22, -1,
					71, 22, 31, -1,
					31, 22, 25, -1,
					51, 54, 66, -1,
					66, 54, 63, -1,
					48, 51, 67, -1,
					67, 51, 66, -1,
					45, 48, 68, -1,
					68, 48, 67, -1,
					42, 45, 69, -1,
					69, 45, 68, -1,
					39, 42, 70, -1,
					70, 42, 69, -1,
					34, 39, 71, -1,
					71, 39, 70, -1,
					31, 34, 71, -1
				]
				normal Normal
				{
					vector
					[
						0.000 -1.000 0.000,
						0.000 -0.990 -0.138,
						0.000 -0.962 -0.274,
						-0.099 -0.962 -0.255,
						-0.184 -0.962 -0.202,
						-0.245 -0.962 -0.122,
						-0.272 -0.962 -0.025,
						0.000 -1.000 -0.000,
						-0.263 -0.962 0.075,
						-0.218 -0.962 0.165,
						-0.144 -0.962 0.233,
						-0.050 -0.962 0.269,
						0.000 -0.990 0.138,
						0.000 -0.962 0.274,
						0.000 -0.895 0.446,
						-0.111 -0.798 0.592,
						0.000 -0.798 0.603,
						0.000 -0.674 0.739,
						-0.156 -0.526 0.836,
						0.000 -0.526 0.850,
						0.000 -0.500 0.866,
						-0.159 -0.500 0.851,
						-0.313 -0.500 0.808,
						-0.448 -0.526 0.723,
						-0.456 -0.500 0.736,
						-0.583 -0.500 0.640,
						-0.678 -0.526 0.512,
						-0.691 -0.500 0.522,
						-0.775 -0.500 0.386,
						-0.818 -0.526 0.233,
						-0.833 -0.500 0.237,
						-0.862 -0.500 0.080,
						-0.847 -0.526 -0.078,
						-0.862 -0.500 -0.080,
						-0.833 -0.500 -0.237,
						-0.761 -0.526 -0.379,
						-0.775 -0.500 -0.386,
						-0.691 -0.500 -0.522,
						-0.573 -0.526 -0.628,
						-0.583 -0.500 -0.640,
						-0.456 -0.500 -0.736,
						-0.307 -0.526 -0.793,
						-0.313 -0.500 -0.808,
						-0.159 -0.500 -0.851,
						0.000 -0.500 -0.866,
						0.000 -0.526 -0.850,
						0.000 -0.674 -0.739,
						-0.218 -0.798 -0.562,
						0.000 -0.798 -0.603,
						0.000 -0.895 -0.446,
						-0.406 -0.798 -0.445,
						-0.539 -0.798 -0.269,
						-0.600 -0.798 -0.056,
						-0.580 -0.798 0.165,
						-0.481 -0.798 0.363,
						-0.317 -0.798 0.512
					]
				}
				normalIndex
				[
					0, 0, 1, -1,
					1, 0, 2, -1,
					2, 0, 3, -1,
					3, 0, 0, -1,
					3, 0, 0, -1,
					3, 0, 4, -1,
					4, 0, 0, -1,
					4, 0, 0, -1,
					4, 0, 5, -1,
					5, 0, 0, -1,
					5, 0, 0, -1,
					5, 0, 6, -1,
					6, 0, 0, -1,
					6, 0, 7, -1,
					6, 7, 8, -1,
					8, 7, 7, -1,
					8, 7, 7, -1,
					8, 7, 9, -1,
					9, 7, 7, -1,
					9, 7, 0, -1,
					9, 0, 10, -1,
					10, 0, 7, -1,
					10, 7, 0, -1,
					10, 0, 11, -1,
					11, 0, 0, -1,
					11, 0, 12, -1,
					12, 0, 0, -1,
					12, 13, 11, -1,
					11, 13, 14, -1,
					11, 14, 15, -1,
					15, 14, 16, -1,
					15, 16, 17, -1,
					15, 17, 18, -1,
					18, 17, 19, -1,
					18, 19, 20, -1,
					20, 21, 18, -1,
					18, 21, 22, -1,
					18, 22, 23, -1,
					23, 22, 24, -1,
					23, 24, 25, -1,
					23, 25, 26, -1,
					26, 25, 27, -1,
					26, 27, 28, -1,
					26, 28, 29, -1,
					29, 28, 30, -1,
					29, 30, 31, -1,
					29, 31, 32, -1,
					32, 31, 33, -1,
					32, 33, 34, -1,
					32, 34, 35, -1,
					35, 34, 36, -1,
					35, 36, 37, -1,
					35, 37, 38, -1,
					38, 37, 39, -1,
					38, 39, 40, -1,
					38, 40, 41, -1,
					41, 40, 42, -1,
					41, 42, 43, -1,
					44, 45, 43, -1,
					43, 45, 46, -1,
					43, 46, 47, -1,
					47, 46, 48, -1,
					47, 48, 49, -1,
					47, 49, 3, -1,
					3, 49, 2, -1,
					38, 41, 47, -1,
					47, 41, 43, -1,
					47, 3, 50, -1,
					50, 3, 4, -1,
					50, 4, 51, -1,
					51, 4, 5, -1,
					51, 5, 52, -1,
					52, 5, 6, -1,
					52, 6, 53, -1,
					53, 6, 8, -1,
					53, 8, 54, -1,
					54, 8, 9, -1,
					54, 9, 55, -1,
					55, 9, 10, -1,
					55, 10, 15, -1,
					15, 10, 11, -1,
					35, 38, 50, -1,
					50, 38, 47, -1,
					32, 35, 51, -1,
					51, 35, 50, -1,
					29, 32, 52, -1,
					52, 32, 51, -1,
					26, 29, 53, -1,
					53, 29, 52, -1,
					23, 26, 54, -1,
					54, 26, 53, -1,
					18, 23, 55, -1,
					55, 23, 54, -1,
					15, 18, 55, -1
				]
			}
		}
		Shape
		{
			appearance Appearance
			{
				material Material
				{
					diffuseColor 0.800 0.800 0.800
				}
			}
			geometry IndexedFaceSet
			{
				creaseAngle 0.5
				solid TRUE
				coord Coordinate
				{
					point
					[
						-0.573 -7.120 0.878,
						-0.667 -7.120 0.851,
						-0.475 -7.120 0.887,
						-0.755 -7.120 0.807,
						-0.833 -7.120 0.748,
						-0.900 -7.120 0.676,
						-0.951 -7.120 0.592,
						-0.987 -7.120 0.501,
						-1.005 -7.120 0.404,
						-1.005 -7.120 0.306,
						-0.987 -7.120 0.209,
						-0.951 -7.120 0.118,
						-0.900 -7.120 0.034,
						-0.833 -7.120 -0.038,
						-0.755 -7.120 -0.097,
						-0.667 -7.120 -0.141,
						-0.573 -7.120 -0.168,
						-0.475 -7.120 -0.177
					]
				}
				coordIndex
				[
					0, 1, 2, -1,
					2, 1, 3, -1,
					2, 3, 4, -1,
					4, 5, 2, -1,
					2, 5, 6, -1,
					2, 6, 7, -1,
					7, 8, 2, -1,
					2, 8, 9, -1,
					2, 9, 10, -1,
					10, 11, 2, -1,
					2, 11, 12, -1,
					2, 12, 13, -1,
					13, 14, 2, -1,
					2, 14, 15, -1,
					2, 15, 16, -1,
					16, 17, 2, -1
				]
				normal Normal
				{
					vector
					[
						0.000 -1.000 -0.000
					]
				}
				normalIndex
				[
					0, 0, 0, -1,
					0, 0, 0, -1,
					0, 0, 0, -1,
					0, 0, 0, -1,
					0, 0, 0, -1,
					0, 0, 0, -1,
					0, 0, 0, -1,
					0, 0, 0, -1,
					0, 0, 0, -1,
					0, 0, 0, -1,
					0, 0, 0, -1,
					0, 0, 0, -1,
					0, 0, 0, -1,
					0, 0, 0, -1,
					0, 0, 0, -1,
					0, 0, 0, -1
				]
			}
		}
		Shape
		{
			appearance Appearance
			{
				material Material
				{
					diffuseColor 0.800 0.800 0.800
				}
			}
			geometry IndexedFaceSet
			{
				creaseAngle 0.5
				solid TRUE
				coord Coordinate
				{
					point
					[
						-0.475 -3.940 1.355,
						-0.475 -3.940 3.545,
						-0.734 -3.940 1.321,
						-1.475 -3.940 3.545,
						-0.975 -3.940 1.221,
						-1.182 -3.940 1.062,
						-1.475 -3.940 0.355,
						-1.441 -3.940 0.614,
						-1.341 -3.940 0.855
					]
				}
				coordIndex
				[
					0, 1, 2, -1,
					2, 1, 3, -1,
					2, 3, 4, -1,
					4, 3, 5, -1,
					6, 7, 3, -1,
					3, 7, 8, -1,
					3, 8, 5, -1
				]
				normal Normal
				{
					vector
					[
						0.000 -1.000 -0.000
					]
				}
				normalIndex
				[
					0, 0, 0, -1,
					0, 0, 0, -1,
					0, 0, 0, -1,
					0, 0, 0, -1,
					0, 0, 0, -1,
					0, 0, 0, -1,
					0, 0, 0, -1
				]
			}
		}
		Shape
		{
			appearance Appearance
			{
				material Material
				{
					diffuseColor 0.800 0.800 0.800
				}
			}
			geometry IndexedFaceSet
			{
				creaseAngle 0.5
				solid TRUE
				coord Coordinate
				{
					point
					[
						-0.475 -3.940 -0.645,
						-0.734 -3.940 -0.611,
						-0.475 -3.940 -3.655,
						-1.475 -3.940 -3.655,
						-0.975 -3.940 -0.511,
						-1.182 -3.940 -0.352,
						-1.341 -3.940 -0.145,
						-1.441 -3.940 0.096,
						-1.475 -3.940 0.355
					]
				}
				coordIndex
				[
					0, 1, 2, -1,
					2, 1, 3, -1,
					1, 4, 3, -1,
					3, 4, 5, -1,
					3, 5, 6, -1,
					6, 7, 3, -1,
					3, 7, 8, -1
				]
				normal Normal
				{
					vector
					[
						0.000 -1.000 -0.000
					]
				}
				normalIndex
				[
					0, 0, 0, -1,
					0, 0, 0, -1,
					0, 0, 0, -1,
					0, 0, 0, -1,
					0, 0, 0, -1,
					0, 0, 0, -1,
					0, 0, 0, -1
				]
			}
		}
		Shape
		{
			appearance Appearance
			{
				material Material
				{
					diffuseColor 0.800 0.800 0.800
				}
			}
			geometry IndexedFaceSet
			{
				creaseAngle 0.5
				solid TRUE
				coord Coordinate
				{
					point
					[
						-1.475 -3.940 -3.655,
						-1.475 -3.940 0.355,
						-1.475 -3.430 -3.655,
						-1.475 -3.430 3.545,
						-1.475 -3.940 3.545
					]
				}
				coordIndex
				[
					0, 1, 2, -1,
					2, 1, 3, -1,
					1, 4, 3, -1
				]
				normal Normal
				{
					vector
					[
						-1.000 -0.000 -0.000
					]
				}
				normalIndex
				[
					0, 0, 0, -1,
					0, 0, 0, -1,
					0, 0, 0, -1
				]
			}
		}
		Shape
		{
			appearance Appearance
			{
				material Material
				{
					diffuseColor 0.800 0.800 0.800
				}
			}
			geometry IndexedFaceSet
			{
				creaseAngle 0.5
				solid TRUE
				coord Coordinate
				{
					point
					[
						-0.475 -3.940 -3.655,
						-1.475 -3.940 -3.655,
						-0.475 -3.430 -3.655,
						-1.475 -3.430 -3.655
					]
				}
				coordIndex
				[
					0, 1, 2, -1,
					2, 1, 3, -1
				]
				normal Normal
				{
					vector
					[
						-0.000 -0.000 -1.000
					]
				}
				normalIndex
				[
					0, 0, 0, -1,
					0, 0, 0, -1
				]
			}
		}
		Shape
		{
			appearance Appearance
			{
				material Material
				{
					diffuseColor 0.800 0.800 0.800
				}
			}
			geometry IndexedFaceSet
			{
				creaseAngle 0.5
				solid TRUE
				coord Coordinate
				{
					point
					[
						-1.475 -3.430 3.545,
						-1.475 -3.940 3.545,
						-0.475 -3.430 3.545,
						-0.475 -3.940 3.545
					]
				}
				coordIndex
				[
					0, 1, 2, -1,
					2, 1, 3, -1
				]
				normal Normal
				{
					vector
					[
						-0.000 -0.000 1.000
					]
				}
				normalIndex
				[
					0, 0, 0, -1,
					0, 0, 0, -1
				]
			}
		}
		Shape
		{
			appearance Appearance
			{
				material Material
				{
					diffuseColor 0.800 0.800 0.800
				}
			}
			geometry IndexedFaceSet
			{
				creaseAngle 0.5
				solid TRUE
				coord Coordinate
				{
					point
					[
						0.320 -0.320 -4.955,
						0.320 0.320 -4.955,
						0.320 -0.320 -4.285,
						0.320 0.320 -4.285
					]
				}
				coordIndex
				[
					0, 1, 2, -1,
					2, 1, 3, -1
				]
				normal Normal
				{
					vector
					[
						1.000 0.000 0.000
					]
				}
				normalIndex
				[
					0, 0, 0, -1,
					0, 0, 0, -1
				]
			}
		}
		Shape
		{
			appearance Appearance
			{
				material Material
				{
					diffuseColor 0.800 0.800 0.800
				}
			}
			geometry IndexedFaceSet
			{
				creaseAngle 0.5
				solid TRUE
				coord Coordinate
				{
					point
					[
						0.320 1.180 -1.645,
						0.320 1.820 -1.645,
						0.320 1.180 1.555,
						0.320 1.820 1.555
					]
				}
				coordIndex
				[
					0, 1, 2, -1,
					2, 1, 3, -1
				]
				normal Normal
				{
					vector
					[
						1.000 0.000 0.000
					]
				}
				normalIndex
				[
					0, 0, 0, -1,
					0, 0, 0, -1
				]
			}
		}
		Shape
		{
			appearance Appearance
			{
				material Material
				{
					diffuseColor 0.800 0.800 0.800
				}
			}
			geometry IndexedFaceSet
			{
				creaseAngle 0.5
				solid TRUE
				coord Coordinate
				{
					point
					[
						0.320 -1.820 -1.645,
						0.320 -1.180 -1.645,
						0.320 -1.820 1.555,
						0.320 -1.180 1.555
					]
				}
				coordIndex
				[
					0, 1, 2, -1,
					2, 1, 3, -1
				]
				normal Normal
				{
					vector
					[
						1.000 0.000 0.000
					]
				}
				normalIndex
				[
					0, 0, 0, -1,
					0, 0, 0, -1
				]
			}
		}
		Shape
		{
			appearance Appearance
			{
				material Material
				{
					diffuseColor 0.800 0.800 0.800
				}
			}
			geometry IndexedFaceSet
			{
				creaseAngle 0.5
				solid TRUE
				coord Coordinate
				{
					point
					[
						0.320 -6.120 -6.645,
						0.320 -6.120 -7.285,
						0.320 0.949 -6.645,
						0.320 1.589 -7.285,
						0.320 1.589 -4.285,
						0.320 0.949 -4.285
					]
				}
				coordIndex
				[
					0, 1, 2, -1,
					2, 1, 3, -1,
					2, 3, 4, -1,
					4, 5, 2, -1
				]
				normal Normal
				{
					vector
					[
						1.000 0.000 0.000
					]
				}
				normalIndex
				[
					0, 0, 0, -1,
					0, 0, 0, -1,
					0, 0, 0, -1,
					0, 0, 0, -1
				]
			}
		}
		Shape
		{
			appearance Appearance
			{
				material Material
				{
					diffuseColor 0.800 0.800 0.800
				}
			}
			geometry IndexedFaceSet
			{
				creaseAngle 0.5
				solid TRUE
				coord Coordinate
				{
					point
					[
						0.320 -6.120 -4.285,
						0.320 -3.430 -4.285,
						0.320 -6.120 -3.655,
						0.320 -3.430 -3.655
					]
				}
				coordIndex
				[
					0, 1, 2, -1,
					2, 1, 3, -1
				]
				normal Normal
				{
					vector
					[
						1.000 0.000 0.000
					]
				}
				normalIndex
				[
					0, 0, 0, -1,
					0, 0, 0, -1
				]
			}
		}
		Shape
		{
			appearance Appearance
			{
				material Material
				{
					diffuseColor 0.800 0.800 0.800
				}
			}
			geometry IndexedFaceSet
			{
				creaseAngle 0.5
				solid TRUE
				coord Coordinate
				{
					point
					[
						0.320 0.320 -4.955,
						-0.320 0.320 -4.955,
						0.320 0.320 -4.285,
						-0.320 0.320 -4.285,
						0.320 0.320 -3.655,
						-0.320 0.320 -3.655
					]
				}
				coordIndex
				[
					0, 1, 2, -1,
					2, 1, 3, -1,
					2, 3, 4, -1,
					4, 3, 5, -1
				]
				normal Normal
				{
					vector
					[
						-0.000 1.000 0.000
					]
				}
				normalIndex
				[
					0, 0, 0, -1,
					0, 0, 0, -1,
					0, 0, 0, -1,
					0, 0, 0, -1
				]
			}
		}
		Shape
		{
			appearance Appearance
			{
				material Material
				{
					diffuseColor 0.800 0.800 0.800
				}
			}
			geometry IndexedFaceSet
			{
				creaseAngle 0.5
				solid TRUE
				coord Coordinate
				{
					point
					[
						0.320 -2.780 -4.955,
						0.320 -3.430 -4.955,
						0.320 -2.780 -4.285,
						0.320 -3.430 -4.285
					]
				}
				coordIndex
				[
					0, 1, 2, -1,
					2, 1, 3, -1
				]
				normal Normal
				{
					vector
					[
						-1.000 -0.000 -0.000
					]
				}
				normalIndex
				[
					0, 0, 0, -1,
					0, 0, 0, -1
				]
			}
		}
		Shape
		{
			appearance Appearance
			{
				material Material
				{
					diffuseColor 0.800 0.800 0.800
				}
			}
			geometry IndexedFaceSet
			{
				creaseAngle 0.5
				solid TRUE
				coord Coordinate
				{
					point
					[
						0.320 -1.180 -3.655,
						0.320 -0.320 -3.655,
						0.320 -1.180 -4.285,
						0.320 -0.320 -4.285
					]
				}
				coordIndex
				[
					0, 1, 2, -1,
					2, 1, 3, -1
				]
				normal Normal
				{
					vector
					[
						-1.000 -0.000 -0.000
					]
				}
				normalIndex
				[
					0, 0, 0, -1,
					0, 0, 0, -1
				]
			}
		}
		Shape
		{
			appearance Appearance
			{
				material Material
				{
					diffuseColor 0.800 0.800 0.800
				}
			}
			geometry IndexedFaceSet
			{
				creaseAngle 0.5
				solid TRUE
				coord Coordinate
				{
					point
					[
						0.320 1.589 -3.655,
						0.320 3.175 -3.655,
						0.320 1.600 -4.285,
						0.320 3.175 -4.955,
						0.320 1.600 -4.955,
						0.320 1.589 -4.285
					]
				}
				coordIndex
				[
					0, 1, 2, -1,
					2, 1, 3, -1,
					2, 3, 4, -1,
					2, 5, 0, -1
				]
				normal Normal
				{
					vector
					[
						-1.000 -0.000 -0.000
					]
				}
				normalIndex
				[
					0, 0, 0, -1,
					0, 0, 0, -1,
					0, 0, 0, -1,
					0, 0, 0, -1
				]
			}
		}
		Shape
		{
			appearance Appearance
			{
				material Material
				{
					diffuseColor 0.800 0.800 0.800
				}
			}
			geometry IndexedFaceSet
			{
				creaseAngle 0.5
				solid TRUE
				coord Coordinate
				{
					point
					[
						0.320 0.949 -4.285,
						0.320 0.320 -4.285,
						0.320 0.949 -3.655,
						0.320 0.320 -3.655
					]
				}
				coordIndex
				[
					0, 1, 2, -1,
					2, 1, 3, -1
				]
				normal Normal
				{
					vector
					[
						-1.000 -0.000 -0.000
					]
				}
				normalIndex
				[
					0, 0, 0, -1,
					0, 0, 0, -1
				]
			}
		}
		Shape
		{
			appearance Appearance
			{
				material Material
				{
					diffuseColor 0.800 0.800 0.800
				}
			}
			geometry IndexedFaceSet
			{
				creaseAngle 0.5
				solid TRUE
				coord Coordinate
				{
					point
					[
						3.320 -3.430 -4.955,
						3.320 -2.780 -4.955,
						5.305 -3.430 -4.955,
						6.575 -2.780 -4.955,
						6.575 -3.940 -4.955,
						5.305 -3.940 -4.955
					]
				}
				coordIndex
				[
					0, 1, 2, -1,
					2, 1, 3, -1,
					2, 3, 4, -1,
					4, 5, 2, -1
				]
				normal Normal
				{
					vector
					[
						0.000 0.000 -1.000
					]
				}
				normalIndex
				[
					0, 0, 0, -1,
					0, 0, 0, -1,
					0, 0, 0, -1,
					0, 0, 0, -1
				]
			}
		}
		Shape
		{
			appearance Appearance
			{
				material Material
				{
					diffuseColor 0.800 0.800 0.800
				}
			}
			geometry IndexedFaceSet
			{
				creaseAngle 0.5
				solid TRUE
				coord Coordinate
				{
					point
					[
						3.320 3.175 -4.955,
						4.825 3.175 -4.955,
						3.320 1.600 -4.955,
						6.575 1.600 -4.955,
						4.825 3.430 -4.955,
						6.575 3.430 -4.955
					]
				}
				coordIndex
				[
					0, 1, 2, -1,
					2, 1, 3, -1,
					4, 5, 1, -1,
					1, 5, 3, -1
				]
				normal Normal
				{
					vector
					[
						0.000 0.000 -1.000
					]
				}
				normalIndex
				[
					0, 0, 0, -1,
					0, 0, 0, -1,
					0, 0, 0, -1,
					0, 0, 0, -1
				]
			}
		}
		Shape
		{
			appearance Appearance
			{
				material Material
				{
					diffuseColor 0.800 0.800 0.800
				}
			}
			geometry IndexedFaceSet
			{
				creaseAngle 0.5
				solid TRUE
				coord Coordinate
				{
					point
					[
						2.680 -2.780 -4.955,
						2.680 -3.430 -4.955,
						0.320 -2.780 -4.955,
						0.320 -3.430 -4.955
					]
				}
				coordIndex
				[
					0, 1, 2, -1,
					2, 1, 3, -1
				]
				normal Normal
				{
					vector
					[
						0.000 0.000 -1.000
					]
				}
				normalIndex
				[
					0, 0, 0, -1,
					0, 0, 0, -1
				]
			}
		}
		Shape
		{
			appearance Appearance
			{
				material Material
				{
					diffuseColor 0.800 0.800 0.800
				}
			}
			geometry IndexedFaceSet
			{
				creaseAngle 0.5
				solid TRUE
				coord Coordinate
				{
					point
					[
						2.680 3.175 -4.955,
						2.680 1.600 -4.955,
						0.320 3.175 -4.955,
						0.320 1.600 -4.955
					]
				}
				coordIndex
				[
					0, 1, 2, -1,
					2, 1, 3, -1
				]
				normal Normal
				{
					vector
					[
						0.000 0.000 -1.000
					]
				}
				normalIndex
				[
					0, 0, 0, -1,
					0, 0, 0, -1
				]
			}
		}
		Shape
		{
			appearance Appearance
			{
				material Material
				{
					diffuseColor 0.800 0.800 0.800
				}
			}
			geometry IndexedFaceSet
			{
				creaseAngle 0.5
				solid TRUE
				coord Coordinate
				{
					point
					[
						-3.320 -3.430 -4.955,
						-5.325 -3.430 -4.955,
						-3.320 -2.780 -4.955,
						-6.575 -2.780 -4.955,
						-5.325 -3.940 -4.955,
						-6.575 -3.940 -4.955
					]
				}
				coordIndex
				[
					0, 1, 2, -1,
					2, 1, 3, -1,
					4, 5, 1, -1,
					1, 5, 3, -1
				]
				normal Normal
				{
					vector
					[
						0.000 0.000 -1.000
					]
				}
				normalIndex
				[
					0, 0, 0, -1,
					0, 0, 0, -1,
					0, 0, 0, -1,
					0, 0, 0, -1
				]
			}
		}
		Shape
		{
			appearance Appearance
			{
				material Material
				{
					diffuseColor 0.800 0.800 0.800
				}
			}
			geometry IndexedFaceSet
			{
				creaseAngle 0.5
				solid TRUE
				coord Coordinate
				{
					point
					[
						-0.320 -2.780 -4.955,
						-0.320 -3.430 -4.955,
						-2.680 -2.780 -4.955,
						-2.680 -3.430 -4.955
					]
				}
				coordIndex
				[
					0, 1, 2, -1,
					2, 1, 3, -1
				]
				normal Normal
				{
					vector
					[
						0.000 0.000 -1.000
					]
				}
				normalIndex
				[
					0, 0, 0, -1,
					0, 0, 0, -1
				]
			}
		}
		Shape
		{
			appearance Appearance
			{
				material Material
				{
					diffuseColor 0.800 0.800 0.800
				}
			}
			geometry IndexedFaceSet
			{
				creaseAngle 0.5
				solid TRUE
				coord Coordinate
				{
					point
					[
						-3.320 3.175 -4.955,
						-3.320 1.600 -4.955,
						-4.825 3.175 -4.955,
						-6.575 1.600 -4.955,
						-6.575 3.430 -4.955,
						-4.825 3.430 -4.955
					]
				}
				coordIndex
				[
					0, 1, 2, -1,
					2, 1, 3, -1,
					2, 3, 4, -1,
					4, 5, 2, -1
				]
				normal Normal
				{
					vector
					[
						0.000 0.000 -1.000
					]
				}
				normalIndex
				[
					0, 0, 0, -1,
					0, 0, 0, -1,
					0, 0, 0, -1,
					0, 0, 0, -1
				]
			}
		}
		Shape
		{
			appearance Appearance
			{
				material Material
				{
					diffuseColor 0.800 0.800 0.800
				}
			}
			geometry IndexedFaceSet
			{
				creaseAngle 0.5
				solid TRUE
				coord Coordinate
				{
					point
					[
						-0.320 3.175 -4.955,
						-0.320 1.600 -4.955,
						-2.680 3.175 -4.955,
						-2.680 1.600 -4.955
					]
				}
				coordIndex
				[
					0, 1, 2, -1,
					2, 1, 3, -1
				]
				normal Normal
				{
					vector
					[
						0.000 0.000 -1.000
					]
				}
				normalIndex
				[
					0, 0, 0, -1,
					0, 0, 0, -1
				]
			}
		}
		Shape
		{
			appearance Appearance
			{
				material Material
				{
					diffuseColor 0.800 0.800 0.800
				}
			}
			geometry IndexedFaceSet
			{
				creaseAngle 0.5
				solid TRUE
				coord Coordinate
				{
					point
					[
						3.320 -2.780 -4.955,
						3.320 -3.430 -4.955,
						3.320 -2.780 -4.285,
						3.320 -3.430 -4.285
					]
				}
				coordIndex
				[
					0, 1, 2, -1,
					2, 1, 3, -1
				]
				normal Normal
				{
					vector
					[
						-1.000 -0.000 -0.000
					]
				}
				normalIndex
				[
					0, 0, 0, -1,
					0, 0, 0, -1
				]
			}
		}
		Shape
		{
			appearance Appearance
			{
				material Material
				{
					diffuseColor 0.800 0.800 0.800
				}
			}
			geometry IndexedFaceSet
			{
				creaseAngle 0.5
				solid TRUE
				coord Coordinate
				{
					point
					[
						3.320 1.589 -3.655,
						3.320 3.175 -3.655,
						3.320 1.600 -4.285,
						3.320 3.175 -4.955,
						3.320 1.600 -4.955,
						3.320 1.589 -4.285
					]
				}
				coordIndex
				[
					0, 1, 2, -1,
					2, 1, 3, -1,
					2, 3, 4, -1,
					2, 5, 0, -1
				]
				normal Normal
				{
					vector
					[
						-1.000 -0.000 -0.000
					]
				}
				normalIndex
				[
					0, 0, 0, -1,
					0, 0, 0, -1,
					0, 0, 0, -1,
					0, 0, 0, -1
				]
			}
		}
		Shape
		{
			appearance Appearance
			{
				material Material
				{
					diffuseColor 0.800 0.800 0.800
				}
			}
			geometry IndexedFaceSet
			{
				creaseAngle 0.5
				solid TRUE
				coord Coordinate
				{
					point
					[
						3.320 0.949 -4.285,
						3.320 0.320 -4.285,
						3.320 0.949 -3.655,
						3.320 0.320 -3.655
					]
				}
				coordIndex
				[
					0, 1, 2, -1,
					2, 1, 3, -1
				]
				normal Normal
				{
					vector
					[
						-1.000 -0.000 -0.000
					]
				}
				normalIndex
				[
					0, 0, 0, -1,
					0, 0, 0, -1
				]
			}
		}
		Shape
		{
			appearance Appearance
			{
				material Material
				{
					diffuseColor 0.800 0.800 0.800
				}
			}
			geometry IndexedFaceSet
			{
				creaseAngle 0.5
				solid TRUE
				coord Coordinate
				{
					point
					[
						3.320 -1.180 -3.655,
						3.320 -0.320 -3.655,
						3.320 -1.180 -4.285,
						3.320 -0.320 -4.285
					]
				}
				coordIndex
				[
					0, 1, 2, -1,
					2, 1, 3, -1
				]
				normal Normal
				{
					vector
					[
						-1.000 -0.000 -0.000
					]
				}
				normalIndex
				[
					0, 0, 0, -1,
					0, 0, 0, -1
				]
			}
		}
		Shape
		{
			appearance Appearance
			{
				material Material
				{
					diffuseColor 0.800 0.800 0.800
				}
			}
			geometry IndexedFaceSet
			{
				creaseAngle 0.5
				solid TRUE
				coord Coordinate
				{
					point
					[
						3.320 -2.780 -4.285,
						6.575 -2.780 -4.285,
						3.320 -2.780 -4.955,
						6.575 -2.780 -4.955
					]
				}
				coordIndex
				[
					0, 1, 2, -1,
					2, 1, 3, -1
				]
				normal Normal
				{
					vector
					[
						-0.000 1.000 0.000
					]
				}
				normalIndex
				[
					0, 0, 0, -1,
					0, 0, 0, -1
				]
			}
		}
		Shape
		{
			appearance Appearance
			{
				material Material
				{
					diffuseColor 0.800 0.800 0.800
				}
			}
			geometry IndexedFaceSet
			{
				creaseAngle 0.5
				solid TRUE
				coord Coordinate
				{
					point
					[
						0.320 -2.780 -4.285,
						2.680 -2.780 -4.285,
						0.320 -2.780 -4.955,
						2.680 -2.780 -4.955
					]
				}
				coordIndex
				[
					0, 1, 2, -1,
					2, 1, 3, -1
				]
				normal Normal
				{
					vector
					[
						-0.000 1.000 0.000
					]
				}
				normalIndex
				[
					0, 0, 0, -1,
					0, 0, 0, -1
				]
			}
		}
		Shape
		{
			appearance Appearance
			{
				material Material
				{
					diffuseColor 0.800 0.800 0.800
				}
			}
			geometry IndexedFaceSet
			{
				creaseAngle 0.5
				solid TRUE
				coord Coordinate
				{
					point
					[
						-3.320 -2.780 -4.955,
						-6.575 -2.780 -4.955,
						-3.320 -2.780 -4.285,
						-6.575 -2.780 -4.285
					]
				}
				coordIndex
				[
					0, 1, 2, -1,
					2, 1, 3, -1
				]
				normal Normal
				{
					vector
					[
						-0.000 1.000 0.000
					]
				}
				normalIndex
				[
					0, 0, 0, -1,
					0, 0, 0, -1
				]
			}
		}
		Shape
		{
			appearance Appearance
			{
				material Material
				{
					diffuseColor 0.800 0.800 0.800
				}
			}
			geometry IndexedFaceSet
			{
				creaseAngle 0.5
				solid TRUE
				coord Coordinate
				{
					point
					[
						-2.680 -2.780 -4.285,
						-0.320 -2.780 -4.285,
						-2.680 -2.780 -4.955,
						-0.320 -2.780 -4.955
					]
				}
				coordIndex
				[
					0, 1, 2, -1,
					2, 1, 3, -1
				]
				normal Normal
				{
					vector
					[
						-0.000 1.000 0.000
					]
				}
				normalIndex
				[
					0, 0, 0, -1,
					0, 0, 0, -1
				]
			}
		}
		Shape
		{
			appearance Appearance
			{
				material Material
				{
					diffuseColor 0.800 0.800 0.800
				}
			}
			geometry IndexedFaceSet
			{
				creaseAngle 0.5
				solid TRUE
				coord Coordinate
				{
					point
					[
						6.575 -1.000 -4.285,
						6.575 -1.000 -3.685,
						6.575 -2.780 -4.285,
						6.575 -0.575 -2.695,
						6.575 -1.100 -0.195,
						6.575 -0.575 -0.195,
						6.575 1.000 -3.685,
						6.575 0.575 -2.695,
						6.575 1.000 -4.285,
						6.575 1.600 -4.285,
						6.575 1.600 -4.955,
						6.575 3.430 -4.955,
						6.575 1.100 -0.195,
						6.575 0.575 -0.195,
						6.575 3.430 1.785,
						6.575 1.100 1.785,
						6.575 -1.100 1.785,
						6.575 -3.940 1.785,
						6.575 -3.940 -4.955,
						6.575 -2.780 -4.955
					]
				}
				coordIndex
				[
					0, 1, 2, -1,
					2, 1, 3, -1,
					2, 3, 4, -1,
					4, 3, 5, -1,
					1, 6, 3, -1,
					3, 6, 7, -1,
					8, 9, 6, -1,
					6, 9, 7, -1,
					10, 11, 9, -1,
					9, 11, 12, -1,
					9, 12, 7, -1,
					7, 12, 13, -1,
					11, 14, 12, -1,
					12, 14, 15, -1,
					16, 17, 4, -1,
					4, 17, 2, -1,
					17, 18, 2, -1,
					2, 18, 19, -1
				]
				normal Normal
				{
					vector
					[
						1.000 0.000 0.000
					]
				}
				normalIndex
				[
					0, 0, 0, -1,
					0, 0, 0, -1,
					0, 0, 0, -1,
					0, 0, 0, -1,
					0, 0, 0, -1,
					0, 0, 0, -1,
					0, 0, 0, -1,
					0, 0, 0, -1,
					0, 0, 0, -1,
					0, 0, 0, -1,
					0, 0, 0, -1,
					0, 0, 0, -1,
					0, 0, 0, -1,
					0, 0, 0, -1,
					0, 0, 0, -1,
					0, 0, 0, -1,
					0, 0, 0, -1,
					0, 0, 0, -1
				]
			}
		}
		Shape
		{
			appearance Appearance
			{
				material Material
				{
					diffuseColor 0.800 0.800 0.800
				}
			}
			geometry IndexedFaceSet
			{
				creaseAngle 0.5
				solid TRUE
				coord Coordinate
				{
					point
					[
						6.575 -1.100 -0.195,
						6.575 -0.575 -0.195,
						4.940 -1.100 -0.195,
						4.940 -0.575 -0.195
					]
				}
				coordIndex
				[
					0, 1, 2, -1,
					2, 1, 3, -1
				]
				normal Normal
				{
					vector
					[
						-0.000 -0.000 1.000
					]
				}
				normalIndex
				[
					0, 0, 0, -1,
					0, 0, 0, -1
				]
			}
		}
		Shape
		{
			appearance Appearance
			{
				material Material
				{
					diffuseColor 0.800 0.800 0.800
				}
			}
			geometry IndexedFaceSet
			{
				creaseAngle 0.5
				solid TRUE
				coord Coordinate
				{
					point
					[
						6.575 0.575 -0.195,
						6.575 1.100 -0.195,
						4.940 0.575 -0.195,
						4.940 1.100 -0.195
					]
				}
				coordIndex
				[
					0, 1, 2, -1,
					2, 1, 3, -1
				]
				normal Normal
				{
					vector
					[
						-0.000 -0.000 1.000
					]
				}
				normalIndex
				[
					0, 0, 0, -1,
					0, 0, 0, -1
				]
			}
		}
		Shape
		{
			appearance Appearance
			{
				material Material
				{
					diffuseColor 0.800 0.800 0.800
				}
			}
			geometry IndexedFaceSet
			{
				creaseAngle 0.5
				solid TRUE
				coord Coordinate
				{
					point
					[
						-4.825 3.430 -4.955,
						-6.575 3.430 -4.955,
						-4.825 3.430 -3.205,
						-6.575 3.430 1.785,
						-6.325 3.430 1.785,
						-6.325 3.430 3.305,
						-4.940 3.430 4.955,
						-0.700 3.430 1.255,
						0.700 3.430 1.255,
						4.825 3.430 -3.205,
						6.325 3.430 1.785,
						6.575 3.430 1.785,
						-0.700 3.430 4.415,
						4.940 3.430 4.955,
						0.700 3.430 4.415,
						6.325 3.430 3.305,
						6.575 3.430 -4.955,
						4.825 3.430 -4.955
					]
				}
				coordIndex
				[
					0, 1, 2, -1,
					2, 1, 3, -1,
					2, 3, 4, -1,
					5, 6, 4, -1,
					4, 6, 7, -1,
					4, 7, 2, -1,
					2, 7, 8, -1,
					2, 8, 9, -1,
					9, 8, 10, -1,
					9, 10, 11, -1,
					7, 6, 12, -1,
					12, 6, 13, -1,
					12, 13, 14, -1,
					14, 13, 8, -1,
					15, 10, 13, -1,
					13, 10, 8, -1,
					11, 16, 9, -1,
					9, 16, 17, -1
				]
				normal Normal
				{
					vector
					[
						-0.000 1.000 0.000
					]
				}
				normalIndex
				[
					0, 0, 0, -1,
					0, 0, 0, -1,
					0, 0, 0, -1,
					0, 0, 0, -1,
					0, 0, 0, -1,
					0, 0, 0, -1,
					0, 0, 0, -1,
					0, 0, 0, -1,
					0, 0, 0, -1,
					0, 0, 0, -1,
					0, 0, 0, -1,
					0, 0, 0, -1,
					0, 0, 0, -1,
					0, 0, 0, -1,
					0, 0, 0, -1,
					0, 0, 0, -1,
					0, 0, 0, -1,
					0, 0, 0, -1
				]
			}
		}
		Shape
		{
			appearance Appearance
			{
				material Material
				{
					diffuseColor 0.800 0.800 0.800
				}
			}
			geometry IndexedFaceSet
			{
				creaseAngle 0.5
				solid TRUE
				coord Coordinate
				{
					point
					[
						-0.700 4.830 2.005,
						-0.700 4.180 2.005,
						-0.700 4.830 2.755,
						-0.700 3.986 1.979,
						-0.700 3.430 4.415,
						-0.700 3.805 1.905,
						-0.700 3.650 1.785,
						-0.700 3.530 1.630,
						-0.700 3.456 1.449,
						-0.700 3.430 1.255
					]
				}
				coordIndex
				[
					0, 1, 2, -1,
					2, 1, 3, -1,
					2, 3, 4, -1,
					4, 3, 5, -1,
					4, 5, 6, -1,
					6, 7, 4, -1,
					4, 7, 8, -1,
					4, 8, 9, -1
				]
				normal Normal
				{
					vector
					[
						-1.000 -0.000 -0.000
					]
				}
				normalIndex
				[
					0, 0, 0, -1,
					0, 0, 0, -1,
					0, 0, 0, -1,
					0, 0, 0, -1,
					0, 0, 0, -1,
					0, 0, 0, -1,
					0, 0, 0, -1,
					0, 0, 0, -1
				]
			}
		}
		Shape
		{
			appearance Appearance
			{
				material Material
				{
					diffuseColor 0.800 0.800 0.800
				}
			}
			geometry IndexedFaceSet
			{
				creaseAngle 0.5
				solid TRUE
				coord Coordinate
				{
					point
					[
						-0.700 3.430 1.255,
						-0.700 3.456 1.449,
						0.700 3.430 1.255,
						0.700 3.456 1.449,
						-0.700 3.530 1.630,
						0.700 3.530 1.630,
						0.700 3.650 1.785,
						-0.700 3.650 1.785,
						-0.700 3.805 1.905,
						0.700 3.805 1.905,
						-0.700 3.986 1.979,
						0.700 3.986 1.979,
						0.700 4.180 2.005,
						-0.700 4.180 2.005
					]
				}
				coordIndex
				[
					0, 1, 2, -1,
					2, 1, 3, -1,
					1, 4, 3, -1,
					3, 4, 5, -1,
					5, 4, 6, -1,
					6, 4, 7, -1,
					6, 7, 8, -1,
					6, 8, 9, -1,
					9, 8, 10, -1,
					9, 10, 11, -1,
					11, 10, 12, -1,
					10, 13, 12, -1
				]
				normal Normal
				{
					vector
					[
						-0.000 1.000 -0.000,
						-0.000 0.966 -0.259,
						-0.000 0.866 -0.500,
						-0.000 0.707 -0.707,
						-0.000 0.500 -0.866,
						-0.000 0.259 -0.966,
						-0.000 -0.000 -1.000
					]
				}
				normalIndex
				[
					0, 1, 0, -1,
					0, 1, 1, -1,
					1, 2, 1, -1,
					1, 2, 2, -1,
					2, 2, 3, -1,
					3, 2, 3, -1,
					3, 3, 4, -1,
					3, 4, 4, -1,
					4, 4, 5, -1,
					4, 5, 5, -1,
					5, 5, 6, -1,
					5, 6, 6, -1
				]
			}
		}
		Shape
		{
			appearance Appearance
			{
				material Material
				{
					diffuseColor 0.800 0.800 0.800
				}
			}
			geometry IndexedFaceSet
			{
				creaseAngle 0.5
				solid TRUE
				coord Coordinate
				{
					point
					[
						0.700 3.430 1.255,
						0.700 3.456 1.449,
						0.700 3.430 4.415,
						0.700 3.530 1.630,
						0.700 3.650 1.785,
						0.700 3.805 1.905,
						0.700 3.986 1.979,
						0.700 4.830 2.755,
						0.700 4.180 2.005,
						0.700 4.830 2.005
					]
				}
				coordIndex
				[
					0, 1, 2, -1,
					2, 1, 3, -1,
					2, 3, 4, -1,
					4, 5, 2, -1,
					2, 5, 6, -1,
					2, 6, 7, -1,
					7, 6, 8, -1,
					7, 8, 9, -1
				]
				normal Normal
				{
					vector
					[
						1.000 0.000 0.000
					]
				}
				normalIndex
				[
					0, 0, 0, -1,
					0, 0, 0, -1,
					0, 0, 0, -1,
					0, 0, 0, -1,
					0, 0, 0, -1,
					0, 0, 0, -1,
					0, 0, 0, -1,
					0, 0, 0, -1
				]
			}
		}
		Shape
		{
			appearance Appearance
			{
				material Material
				{
					diffuseColor 0.800 0.800 0.800
				}
			}
			geometry IndexedFaceSet
			{
				creaseAngle 0.5
				solid TRUE
				coord Coordinate
				{
					point
					[
						0.700 4.830 2.755,
						-0.700 4.830 2.755,
						0.700 3.430 4.415,
						-0.700 3.430 4.415
					]
				}
				coordIndex
				[
					0, 1, 2, -1,
					2, 1, 3, -1
				]
				normal Normal
				{
					vector
					[
						0.000 0.764 0.645
					]
				}
				normalIndex
				[
					0, 0, 0, -1,
					0, 0, 0, -1
				]
			}
		}
		Shape
		{
			appearance Appearance
			{
				material Material
				{
					diffuseColor 0.800 0.800 0.800
				}
			}
			geometry IndexedFaceSet
			{
				creaseAngle 0.5
				solid TRUE
				coord Coordinate
				{
					point
					[
						-0.700 4.830 2.755,
						0.700 4.830 2.755,
						-0.700 4.830 2.005,
						0.700 4.830 2.005
					]
				}
				coordIndex
				[
					0, 1, 2, -1,
					2, 1, 3, -1
				]
				normal Normal
				{
					vector
					[
						-0.000 1.000 0.000
					]
				}
				normalIndex
				[
					0, 0, 0, -1,
					0, 0, 0, -1
				]
			}
		}
		Shape
		{
			appearance Appearance
			{
				material Material
				{
					diffuseColor 0.800 0.800 0.800
				}
			}
			geometry IndexedFaceSet
			{
				creaseAngle 0.5
				solid TRUE
				coord Coordinate
				{
					point
					[
						0.700 4.830 2.005,
						0.700 4.180 2.005,
						-0.700 4.830 2.005,
						-0.700 4.180 2.005
					]
				}
				coordIndex
				[
					0, 1, 2, -1,
					2, 1, 3, -1
				]
				normal Normal
				{
					vector
					[
						0.000 0.000 -1.000
					]
				}
				normalIndex
				[
					0, 0, 0, -1,
					0, 0, 0, -1
				]
			}
		}
		Shape
		{
			appearance Appearance
			{
				material Material
				{
					diffuseColor 0.800 0.800 0.800
				}
			}
			geometry IndexedFaceSet
			{
				creaseAngle 0.5
				solid TRUE
				coord Coordinate
				{
					point
					[
						-4.825 3.430 -4.955,
						-4.825 3.430 -3.205,
						-4.825 3.175 -4.955,
						-4.825 3.175 -3.205
					]
				}
				coordIndex
				[
					0, 1, 2, -1,
					2, 1, 3, -1
				]
				normal Normal
				{
					vector
					[
						1.000 -0.000 -0.000
					]
				}
				normalIndex
				[
					0, 0, 0, -1,
					0, 0, 0, -1
				]
			}
		}
		Shape
		{
			appearance Appearance
			{
				material Material
				{
					diffuseColor 0.800 0.800 0.800
				}
			}
			geometry IndexedFaceSet
			{
				creaseAngle 0.5
				solid TRUE
				coord Coordinate
				{
					point
					[
						-3.320 3.175 -4.955,
						-4.825 3.175 -4.955,
						-3.320 3.175 -3.655,
						-4.825 3.175 -3.205,
						-2.680 3.175 -3.655,
						-0.320 3.175 -3.655,
						-2.680 3.175 -4.955,
						-0.320 3.175 -4.955,
						4.825 3.175 -3.205,
						0.320 3.175 -3.655,
						4.825 3.175 -4.955,
						3.320 3.175 -3.655,
						2.680 3.175 -3.655,
						0.320 3.175 -4.955,
						3.320 3.175 -4.955,
						2.680 3.175 -4.955
					]
				}
				coordIndex
				[
					0, 1, 2, -1,
					2, 1, 3, -1,
					2, 3, 4, -1,
					4, 3, 5, -1,
					4, 5, 6, -1,
					6, 5, 7, -1,
					3, 8, 5, -1,
					5, 8, 9, -1,
					10, 11, 8, -1,
					8, 11, 12, -1,
					8, 12, 9, -1,
					9, 12, 13, -1,
					10, 14, 11, -1,
					12, 15, 13, -1
				]
				normal Normal
				{
					vector
					[
						-0.000 1.000 0.000
					]
				}
				normalIndex
				[
					0, 0, 0, -1,
					0, 0, 0, -1,
					0, 0, 0, -1,
					0, 0, 0, -1,
					0, 0, 0, -1,
					0, 0, 0, -1,
					0, 0, 0, -1,
					0, 0, 0, -1,
					0, 0, 0, -1,
					0, 0, 0, -1,
					0, 0, 0, -1,
					0, 0, 0, -1,
					0, 0, 0, -1,
					0, 0, 0, -1
				]
			}
		}
		Shape
		{
			appearance Appearance
			{
				material Material
				{
					diffuseColor 0.800 0.800 0.800
				}
			}
			geometry IndexedFaceSet
			{
				creaseAngle 0.5
				solid TRUE
				coord Coordinate
				{
					point
					[
						-3.320 -3.430 -4.285,
						-3.320 -3.430 -4.955,
						-3.320 -2.780 -4.285,
						-3.320 -2.780 -4.955
					]
				}
				coordIndex
				[
					0, 1, 2, -1,
					2, 1, 3, -1
				]
				normal Normal
				{
					vector
					[
						1.000 -0.000 -0.000
					]
				}
				normalIndex
				[
					0, 0, 0, -1,
					0, 0, 0, -1
				]
			}
		}
		Shape
		{
			appearance Appearance
			{
				material Material
				{
					diffuseColor 0.800 0.800 0.800
				}
			}
			geometry IndexedFaceSet
			{
				creaseAngle 0.5
				solid TRUE
				coord Coordinate
				{
					point
					[
						-3.320 -0.320 -4.285,
						-3.320 -0.320 -3.655,
						-3.320 -1.180 -4.285,
						-3.320 -1.180 -3.655
					]
				}
				coordIndex
				[
					0, 1, 2, -1,
					2, 1, 3, -1
				]
				normal Normal
				{
					vector
					[
						1.000 -0.000 -0.000
					]
				}
				normalIndex
				[
					0, 0, 0, -1,
					0, 0, 0, -1
				]
			}
		}
		Shape
		{
			appearance Appearance
			{
				material Material
				{
					diffuseColor 0.800 0.800 0.800
				}
			}
			geometry IndexedFaceSet
			{
				creaseAngle 0.5
				solid TRUE
				coord Coordinate
				{
					point
					[
						-3.320 1.589 -4.285,
						-3.320 1.600 -4.285,
						-3.320 1.589 -3.655,
						-3.320 3.175 -3.655,
						-3.320 1.600 -4.955,
						-3.320 3.175 -4.955
					]
				}
				coordIndex
				[
					0, 1, 2, -1,
					2, 1, 3, -1,
					4, 5, 1, -1,
					1, 5, 3, -1
				]
				normal Normal
				{
					vector
					[
						1.000 -0.000 -0.000
					]
				}
				normalIndex
				[
					0, 0, 0, -1,
					0, 0, 0, -1,
					0, 0, 0, -1,
					0, 0, 0, -1
				]
			}
		}
		Shape
		{
			appearance Appearance
			{
				material Material
				{
					diffuseColor 0.800 0.800 0.800
				}
			}
			geometry IndexedFaceSet
			{
				creaseAngle 0.5
				solid TRUE
				coord Coordinate
				{
					point
					[
						-3.320 0.320 -3.655,
						-3.320 0.320 -4.285,
						-3.320 0.949 -3.655,
						-3.320 0.949 -4.285
					]
				}
				coordIndex
				[
					0, 1, 2, -1,
					2, 1, 3, -1
				]
				normal Normal
				{
					vector
					[
						1.000 -0.000 -0.000
					]
				}
				normalIndex
				[
					0, 0, 0, -1,
					0, 0, 0, -1
				]
			}
		}
		Shape
		{
			appearance Appearance
			{
				material Material
				{
					diffuseColor 0.800 0.800 0.800
				}
			}
			geometry IndexedFaceSet
			{
				creaseAngle 0.5
				solid TRUE
				coord Coordinate
				{
					point
					[
						-3.320 -1.180 -3.655,
						-2.680 -1.180 -3.655,
						-3.320 -1.180 -4.285,
						-2.680 -1.180 -4.285
					]
				}
				coordIndex
				[
					0, 1, 2, -1,
					2, 1, 3, -1
				]
				normal Normal
				{
					vector
					[
						-0.000 1.000 0.000
					]
				}
				normalIndex
				[
					0, 0, 0, -1,
					0, 0, 0, -1
				]
			}
		}
		Shape
		{
			appearance Appearance
			{
				material Material
				{
					diffuseColor 0.800 0.800 0.800
				}
			}
			geometry IndexedFaceSet
			{
				creaseAngle 0.5
				solid TRUE
				coord Coordinate
				{
					point
					[
						-2.680 -1.180 -1.645,
						-3.320 -1.180 -1.645,
						-2.680 -1.180 1.555,
						-3.320 -1.180 1.555
					]
				}
				coordIndex
				[
					0, 1, 2, -1,
					2, 1, 3, -1
				]
				normal Normal
				{
					vector
					[
						-0.000 1.000 0.000
					]
				}
				normalIndex
				[
					0, 0, 0, -1,
					0, 0, 0, -1
				]
			}
		}
		Shape
		{
			appearance Appearance
			{
				material Material
				{
					diffuseColor 0.800 0.800 0.800
				}
			}
			geometry IndexedFaceSet
			{
				creaseAngle 0.5
				solid TRUE
				coord Coordinate
				{
					point
					[
						-3.320 3.175 -3.655,
						-2.680 3.175 -3.655,
						-3.320 1.589 -3.655,
						-2.680 1.589 -3.655
					]
				}
				coordIndex
				[
					0, 1, 2, -1,
					2, 1, 3, -1
				]
				normal Normal
				{
					vector
					[
						-0.000 -0.000 -1.000
					]
				}
				normalIndex
				[
					0, 0, 0, -1,
					0, 0, 0, -1
				]
			}
		}
		Shape
		{
			appearance Appearance
			{
				material Material
				{
					diffuseColor 0.800 0.800 0.800
				}
			}
			geometry IndexedFaceSet
			{
				creaseAngle 0.5
				solid TRUE
				coord Coordinate
				{
					point
					[
						-3.320 0.949 -3.655,
						-2.680 0.949 -3.655,
						-3.320 0.320 -3.655,
						-2.680 0.320 -3.655
					]
				}
				coordIndex
				[
					0, 1, 2, -1,
					2, 1, 3, -1
				]
				normal Normal
				{
					vector
					[
						-0.000 -0.000 -1.000
					]
				}
				normalIndex
				[
					0, 0, 0, -1,
					0, 0, 0, -1
				]
			}
		}
		Shape
		{
			appearance Appearance
			{
				material Material
				{
					diffuseColor 0.800 0.800 0.800
				}
			}
			geometry IndexedFaceSet
			{
				creaseAngle 0.5
				solid TRUE
				coord Coordinate
				{
					point
					[
						-2.680 -1.180 -3.655,
						-3.320 -1.180 -3.655,
						-2.680 -0.320 -3.655,
						-3.320 -0.320 -3.655
					]
				}
				coordIndex
				[
					0, 1, 2, -1,
					2, 1, 3, -1
				]
				normal Normal
				{
					vector
					[
						-0.000 -0.000 -1.000
					]
				}
				normalIndex
				[
					0, 0, 0, -1,
					0, 0, 0, -1
				]
			}
		}
		Shape
		{
			appearance Appearance
			{
				material Material
				{
					diffuseColor 0.800 0.800 0.800
				}
			}
			geometry IndexedFaceSet
			{
				creaseAngle 0.5
				solid TRUE
				coord Coordinate
				{
					point
					[
						-3.320 1.589 -3.655,
						-2.680 1.589 -3.655,
						-3.320 1.589 -4.285,
						-2.680 1.589 -4.285,
						-3.320 1.589 -7.285,
						-2.680 1.589 -7.285
					]
				}
				coordIndex
				[
					0, 1, 2, -1,
					2, 1, 3, -1,
					2, 3, 4, -1,
					4, 3, 5, -1
				]
				normal Normal
				{
					vector
					[
						-0.000 1.000 0.000
					]
				}
				normalIndex
				[
					0, 0, 0, -1,
					0, 0, 0, -1,
					0, 0, 0, -1,
					0, 0, 0, -1
				]
			}
		}
		Shape
		{
			appearance Appearance
			{
				material Material
				{
					diffuseColor 0.800 0.800 0.800
				}
			}
			geometry IndexedFaceSet
			{
				creaseAngle 0.5
				solid TRUE
				coord Coordinate
				{
					point
					[
						-3.320 0.320 -4.955,
						-3.320 -0.320 -4.955,
						-3.320 0.320 -4.285,
						-3.320 -0.320 -4.285
					]
				}
				coordIndex
				[
					0, 1, 2, -1,
					2, 1, 3, -1
				]
				normal Normal
				{
					vector
					[
						-1.000 -0.000 -0.000
					]
				}
				normalIndex
				[
					0, 0, 0, -1,
					0, 0, 0, -1
				]
			}
		}
		Shape
		{
			appearance Appearance
			{
				material Material
				{
					diffuseColor 0.800 0.800 0.800
				}
			}
			geometry IndexedFaceSet
			{
				creaseAngle 0.5
				solid TRUE
				coord Coordinate
				{
					point
					[
						-3.320 1.820 -1.645,
						-3.320 1.180 -1.645,
						-3.320 1.820 1.555,
						-3.320 1.180 1.555
					]
				}
				coordIndex
				[
					0, 1, 2, -1,
					2, 1, 3, -1
				]
				normal Normal
				{
					vector
					[
						-1.000 -0.000 -0.000
					]
				}
				normalIndex
				[
					0, 0, 0, -1,
					0, 0, 0, -1
				]
			}
		}
		Shape
		{
			appearance Appearance
			{
				material Material
				{
					diffuseColor 0.800 0.800 0.800
				}
			}
			geometry IndexedFaceSet
			{
				creaseAngle 0.5
				solid TRUE
				coord Coordinate
				{
					point
					[
						-3.320 -1.180 -1.645,
						-3.320 -1.820 -1.645,
						-3.320 -1.180 1.555,
						-3.320 -1.820 1.555
					]
				}
				coordIndex
				[
					0, 1, 2, -1,
					2, 1, 3, -1
				]
				normal Normal
				{
					vector
					[
						-1.000 -0.000 -0.000
					]
				}
				normalIndex
				[
					0, 0, 0, -1,
					0, 0, 0, -1
				]
			}
		}
		Shape
		{
			appearance Appearance
			{
				material Material
				{
					diffuseColor 0.800 0.800 0.800
				}
			}
			geometry IndexedFaceSet
			{
				creaseAngle 0.5
				solid TRUE
				coord Coordinate
				{
					point
					[
						-3.320 -6.120 -6.645,
						-3.320 0.949 -6.645,
						-3.320 -6.120 -7.285,
						-3.320 1.589 -7.285,
						-3.320 0.949 -4.285,
						-3.320 1.589 -4.285
					]
				}
				coordIndex
				[
					0, 1, 2, -1,
					2, 1, 3, -1,
					4, 5, 1, -1,
					1, 5, 3, -1
				]
				normal Normal
				{
					vector
					[
						-1.000 -0.000 -0.000
					]
				}
				normalIndex
				[
					0, 0, 0, -1,
					0, 0, 0, -1,
					0, 0, 0, -1,
					0, 0, 0, -1
				]
			}
		}
		Shape
		{
			appearance Appearance
			{
				material Material
				{
					diffuseColor 0.800 0.800 0.800
				}
			}
			geometry IndexedFaceSet
			{
				creaseAngle 0.5
				solid TRUE
				coord Coordinate
				{
					point
					[
						-3.320 -6.120 -3.645,
						-3.320 -3.430 -3.645,
						-3.320 -6.120 -4.285,
						-3.320 -3.430 -4.285
					]
				}
				coordIndex
				[
					0, 1, 2, -1,
					2, 1, 3, -1
				]
				normal Normal
				{
					vector
					[
						-1.000 -0.000 -0.000
					]
				}
				normalIndex
				[
					0, 0, 0, -1,
					0, 0, 0, -1
				]
			}
		}
		Shape
		{
			appearance Appearance
			{
				material Material
				{
					diffuseColor 0.800 0.800 0.800
				}
			}
			geometry IndexedFaceSet
			{
				creaseAngle 0.5
				solid TRUE
				coord Coordinate
				{
					point
					[
						-2.680 -0.320 -3.655,
						-3.320 -0.320 -4.285,
						-2.680 -0.320 -4.285,
						-3.320 -0.320 -4.955,
						-2.680 -0.320 -4.955,
						-3.320 -0.320 -3.655
					]
				}
				coordIndex
				[
					0, 1, 2, -1,
					2, 1, 3, -1,
					2, 3, 4, -1,
					0, 5, 1, -1
				]
				normal Normal
				{
					vector
					[
						0.000 -1.000 0.000
					]
				}
				normalIndex
				[
					0, 0, 0, -1,
					0, 0, 0, -1,
					0, 0, 0, -1,
					0, 0, 0, -1
				]
			}
		}
		Shape
		{
			appearance Appearance
			{
				material Material
				{
					diffuseColor 0.800 0.800 0.800
				}
			}
			geometry IndexedFaceSet
			{
				creaseAngle 0.5
				solid TRUE
				coord Coordinate
				{
					point
					[
						-3.320 -0.320 -4.955,
						-3.320 0.320 -4.955,
						-2.680 -0.320 -4.955,
						-2.680 0.320 -4.955
					]
				}
				coordIndex
				[
					0, 1, 2, -1,
					2, 1, 3, -1
				]
				normal Normal
				{
					vector
					[
						0.000 0.000 -1.000
					]
				}
				normalIndex
				[
					0, 0, 0, -1,
					0, 0, 0, -1
				]
			}
		}
		Shape
		{
			appearance Appearance
			{
				material Material
				{
					diffuseColor 0.800 0.800 0.800
				}
			}
			geometry IndexedFaceSet
			{
				creaseAngle 0.5
				solid TRUE
				coord Coordinate
				{
					point
					[
						-3.140 1.360 2.555,
						-3.140 1.640 2.555,
						-3.320 1.180 1.555,
						-3.320 1.820 1.555
					]
				}
				coordIndex
				[
					0, 1, 2, -1,
					2, 1, 3, -1
				]
				normal Normal
				{
					vector
					[
						-0.984 0.000 0.177
					]
				}
				normalIndex
				[
					0, 0, 0, -1,
					0, 0, 0, -1
				]
			}
		}
		Shape
		{
			appearance Appearance
			{
				material Material
				{
					diffuseColor 0.800 0.800 0.800
				}
			}
			geometry IndexedFaceSet
			{
				creaseAngle 0.5
				solid TRUE
				coord Coordinate
				{
					point
					[
						-2.680 1.820 1.555,
						-3.320 1.820 1.555,
						-2.860 1.640 2.555,
						-3.140 1.640 2.555
					]
				}
				coordIndex
				[
					0, 1, 2, -1,
					2, 1, 3, -1
				]
				normal Normal
				{
					vector
					[
						0.000 0.984 0.177
					]
				}
				normalIndex
				[
					0, 0, 0, -1,
					0, 0, 0, -1
				]
			}
		}
		Shape
		{
			appearance Appearance
			{
				material Material
				{
					diffuseColor 0.800 0.800 0.800
				}
			}
			geometry IndexedFaceSet
			{
				creaseAngle 0.5
				solid TRUE
				coord Coordinate
				{
					point
					[
						-2.680 1.180 1.555,
						-2.680 1.820 1.555,
						-2.860 1.360 2.555,
						-2.860 1.640 2.555
					]
				}
				coordIndex
				[
					0, 1, 2, -1,
					2, 1, 3, -1
				]
				normal Normal
				{
					vector
					[
						0.984 0.000 0.177
					]
				}
				normalIndex
				[
					0, 0, 0, -1,
					0, 0, 0, -1
				]
			}
		}
		Shape
		{
			appearance Appearance
			{
				material Material
				{
					diffuseColor 0.800 0.800 0.800
				}
			}
			geometry IndexedFaceSet
			{
				creaseAngle 0.5
				solid TRUE
				coord Coordinate
				{
					point
					[
						-2.860 1.640 2.555,
						-3.140 1.640 2.555,
						-2.860 1.360 2.555,
						-3.140 1.360 2.555
					]
				}
				coordIndex
				[
					0, 1, 2, -1,
					2, 1, 3, -1
				]
				normal Normal
				{
					vector
					[
						0.000 0.000 1.000
					]
				}
				normalIndex
				[
					0, 0, 0, -1,
					0, 0, 0, -1
				]
			}
		}
		Shape
		{
			appearance Appearance
			{
				material Material
				{
					diffuseColor 0.800 0.800 0.800
				}
			}
			geometry IndexedFaceSet
			{
				creaseAngle 0.5
				solid TRUE
				coord Coordinate
				{
					point
					[
						-3.320 1.180 1.555,
						-2.680 1.180 1.555,
						-3.140 1.360 2.555,
						-2.860 1.360 2.555
					]
				}
				coordIndex
				[
					0, 1, 2, -1,
					2, 1, 3, -1
				]
				normal Normal
				{
					vector
					[
						0.000 -0.984 0.177
					]
				}
				normalIndex
				[
					0, 0, 0, -1,
					0, 0, 0, -1
				]
			}
		}
		Shape
		{
			appearance Appearance
			{
				material Material
				{
					diffuseColor 0.800 0.800 0.800
				}
			}
			geometry IndexedFaceSet
			{
				creaseAngle 0.5
				solid TRUE
				coord Coordinate
				{
					point
					[
						-3.320 1.180 1.555,
						-3.320 1.180 -1.645,
						-2.680 1.180 1.555,
						-2.680 1.180 -1.645
					]
				}
				coordIndex
				[
					0, 1, 2, -1,
					2, 1, 3, -1
				]
				normal Normal
				{
					vector
					[
						0.000 -1.000 0.000
					]
				}
				normalIndex
				[
					0, 0, 0, -1,
					0, 0, 0, -1
				]
			}
		}
		Shape
		{
			appearance Appearance
			{
				material Material
				{
					diffuseColor 0.800 0.800 0.800
				}
			}
			geometry IndexedFaceSet
			{
				creaseAngle 0.5
				solid TRUE
				coord Coordinate
				{
					point
					[
						4.270 2.770 -1.645,
						3.320 1.820 -1.645,
						4.270 0.930 -1.645,
						3.320 1.180 -1.645,
						3.570 0.230 -1.645,
						2.680 1.180 -1.645,
						1.730 0.230 -1.645,
						2.680 1.820 -1.645,
						1.730 2.770 -1.645
					]
				}
				coordIndex
				[
					0, 1, 2, -1,
					2, 1, 3, -1,
					2, 3, 4, -1,
					4, 3, 5, -1,
					4, 5, 6, -1,
					6, 5, 7, -1,
					6, 7, 8, -1,
					8, 7, 1, -1,
					8, 1, 0, -1
				]
				normal Normal
				{
					vector
					[
						0.000 0.000 1.000
					]
				}
				normalIndex
				[
					0, 0, 0, -1,
					0, 0, 0, -1,
					0, 0, 0, -1,
					0, 0, 0, -1,
					0, 0, 0, -1,
					0, 0, 0, -1,
					0, 0, 0, -1,
					0, 0, 0, -1,
					0, 0, 0, -1
				]
			}
		}
		Shape
		{
			appearance Appearance
			{
				material Material
				{
					diffuseColor 0.800 0.800 0.800
				}
			}
			geometry IndexedFaceSet
			{
				creaseAngle 0.5
				solid TRUE
				coord Coordinate
				{
					point
					[
						4.270 -0.230 -1.645,
						3.320 -1.180 -1.645,
						4.270 -2.770 -1.645,
						3.320 -1.820 -1.645,
						2.430 -2.770 -1.645,
						2.680 -1.820 -1.645,
						1.730 -2.070 -1.645,
						2.680 -1.180 -1.645,
						1.730 -0.230 -1.645
					]
				}
				coordIndex
				[
					0, 1, 2, -1,
					2, 1, 3, -1,
					2, 3, 4, -1,
					4, 3, 5, -1,
					4, 5, 6, -1,
					6, 5, 7, -1,
					6, 7, 8, -1,
					8, 7, 1, -1,
					8, 1, 0, -1
				]
				normal Normal
				{
					vector
					[
						0.000 0.000 1.000
					]
				}
				normalIndex
				[
					0, 0, 0, -1,
					0, 0, 0, -1,
					0, 0, 0, -1,
					0, 0, 0, -1,
					0, 0, 0, -1,
					0, 0, 0, -1,
					0, 0, 0, -1,
					0, 0, 0, -1,
					0, 0, 0, -1
				]
			}
		}
		Shape
		{
			appearance Appearance
			{
				material Material
				{
					diffuseColor 0.800 0.800 0.800
				}
			}
			geometry IndexedFaceSet
			{
				creaseAngle 0.5
				solid TRUE
				coord Coordinate
				{
					point
					[
						1.270 -0.230 -1.645,
						0.320 -1.180 -1.645,
						1.270 -2.770 -1.645,
						0.320 -1.820 -1.645,
						-0.570 -2.770 -1.645,
						-0.320 -1.820 -1.645,
						-1.270 -2.070 -1.645,
						-0.320 -1.180 -1.645,
						-1.270 -0.230 -1.645
					]
				}
				coordIndex
				[
					0, 1, 2, -1,
					2, 1, 3, -1,
					2, 3, 4, -1,
					4, 3, 5, -1,
					4, 5, 6, -1,
					6, 5, 7, -1,
					6, 7, 8, -1,
					8, 7, 1, -1,
					8, 1, 0, -1
				]
				normal Normal
				{
					vector
					[
						0.000 0.000 1.000
					]
				}
				normalIndex
				[
					0, 0, 0, -1,
					0, 0, 0, -1,
					0, 0, 0, -1,
					0, 0, 0, -1,
					0, 0, 0, -1,
					0, 0, 0, -1,
					0, 0, 0, -1,
					0, 0, 0, -1,
					0, 0, 0, -1
				]
			}
		}
		Shape
		{
			appearance Appearance
			{
				material Material
				{
					diffuseColor 0.800 0.800 0.800
				}
			}
			geometry IndexedFaceSet
			{
				creaseAngle 0.5
				solid TRUE
				coord Coordinate
				{
					point
					[
						1.270 2.770 -1.645,
						0.320 1.820 -1.645,
						1.270 0.230 -1.645,
						0.320 1.180 -1.645,
						-0.570 0.230 -1.645,
						-0.320 1.180 -1.645,
						-1.270 0.930 -1.645,
						-0.320 1.820 -1.645,
						-1.270 2.770 -1.645
					]
				}
				coordIndex
				[
					0, 1, 2, -1,
					2, 1, 3, -1,
					2, 3, 4, -1,
					4, 3, 5, -1,
					4, 5, 6, -1,
					6, 5, 7, -1,
					6, 7, 8, -1,
					8, 7, 1, -1,
					8, 1, 0, -1
				]
				normal Normal
				{
					vector
					[
						0.000 0.000 1.000
					]
				}
				normalIndex
				[
					0, 0, 0, -1,
					0, 0, 0, -1,
					0, 0, 0, -1,
					0, 0, 0, -1,
					0, 0, 0, -1,
					0, 0, 0, -1,
					0, 0, 0, -1,
					0, 0, 0, -1,
					0, 0, 0, -1
				]
			}
		}
		Shape
		{
			appearance Appearance
			{
				material Material
				{
					diffuseColor 0.800 0.800 0.800
				}
			}
			geometry IndexedFaceSet
			{
				creaseAngle 0.5
				solid TRUE
				coord Coordinate
				{
					point
					[
						-1.730 2.770 -1.645,
						-2.680 1.820 -1.645,
						-1.730 0.230 -1.645,
						-2.680 1.180 -1.645,
						-3.570 0.230 -1.645,
						-3.320 1.180 -1.645,
						-4.270 0.930 -1.645,
						-3.320 1.820 -1.645,
						-4.270 2.770 -1.645
					]
				}
				coordIndex
				[
					0, 1, 2, -1,
					2, 1, 3, -1,
					2, 3, 4, -1,
					4, 3, 5, -1,
					4, 5, 6, -1,
					6, 5, 7, -1,
					6, 7, 8, -1,
					8, 7, 1, -1,
					8, 1, 0, -1
				]
				normal Normal
				{
					vector
					[
						0.000 0.000 1.000
					]
				}
				normalIndex
				[
					0, 0, 0, -1,
					0, 0, 0, -1,
					0, 0, 0, -1,
					0, 0, 0, -1,
					0, 0, 0, -1,
					0, 0, 0, -1,
					0, 0, 0, -1,
					0, 0, 0, -1,
					0, 0, 0, -1
				]
			}
		}
		Shape
		{
			appearance Appearance
			{
				material Material
				{
					diffuseColor 0.800 0.800 0.800
				}
			}
			geometry IndexedFaceSet
			{
				creaseAngle 0.5
				solid TRUE
				coord Coordinate
				{
					point
					[
						-1.730 -0.230 -1.645,
						-2.680 -1.180 -1.645,
						-1.730 -2.770 -1.645,
						-2.680 -1.820 -1.645,
						-3.570 -2.770 -1.645,
						-3.320 -1.820 -1.645,
						-4.270 -2.070 -1.645,
						-3.320 -1.180 -1.645,
						-4.270 -0.230 -1.645
					]
				}
				coordIndex
				[
					0, 1, 2, -1,
					2, 1, 3, -1,
					2, 3, 4, -1,
					4, 3, 5, -1,
					4, 5, 6, -1,
					6, 5, 7, -1,
					6, 7, 8, -1,
					8, 7, 1, -1,
					8, 1, 0, -1
				]
				normal Normal
				{
					vector
					[
						0.000 0.000 1.000
					]
				}
				normalIndex
				[
					0, 0, 0, -1,
					0, 0, 0, -1,
					0, 0, 0, -1,
					0, 0, 0, -1,
					0, 0, 0, -1,
					0, 0, 0, -1,
					0, 0, 0, -1,
					0, 0, 0, -1,
					0, 0, 0, -1
				]
			}
		}
		Shape
		{
			appearance Appearance
			{
				material Material
				{
					diffuseColor 0.800 0.800 0.800
				}
			}
			geometry IndexedFaceSet
			{
				creaseAngle 0.5
				solid TRUE
				coord Coordinate
				{
					point
					[
						1.730 0.230 4.955,
						1.730 0.230 -1.645,
						1.730 2.770 4.955,
						1.730 2.770 -1.645
					]
				}
				coordIndex
				[
					0, 1, 2, -1,
					2, 1, 3, -1
				]
				normal Normal
				{
					vector
					[
						1.000 -0.000 -0.000
					]
				}
				normalIndex
				[
					0, 0, 0, -1,
					0, 0, 0, -1
				]
			}
		}
		Shape
		{
			appearance Appearance
			{
				material Material
				{
					diffuseColor 0.800 0.800 0.800
				}
			}
			geometry IndexedFaceSet
			{
				creaseAngle 0.5
				solid TRUE
				coord Coordinate
				{
					point
					[
						4.270 2.770 4.955,
						4.270 0.930 4.955,
						4.940 2.680 4.955,
						4.270 -0.230 4.955,
						4.940 -2.410 4.955,
						4.270 -2.770 4.955,
						4.940 -3.430 4.955,
						2.430 -2.770 4.955,
						1.270 -2.770 4.955,
						1.730 -2.070 4.955,
						1.270 -0.230 4.955,
						1.730 -0.230 4.955,
						1.270 0.230 4.955,
						1.730 0.230 4.955,
						1.270 2.770 4.955,
						1.730 2.770 4.955,
						4.940 3.430 4.955,
						-4.940 3.430 4.955,
						-1.270 2.770 4.955,
						-0.570 0.230 4.955,
						-1.270 -0.230 4.955,
						-1.730 0.230 4.955,
						-1.730 -0.230 4.955,
						-3.570 0.230 4.955,
						-4.270 -0.230 4.955,
						-4.270 0.930 4.955,
						-4.940 2.680 4.955,
						-4.270 2.770 4.955,
						-1.730 2.770 4.955,
						-1.270 0.930 4.955,
						-4.940 -2.410 4.955,
						-4.270 -2.070 4.955,
						-3.570 -2.770 4.955,
						-4.940 -3.430 4.955,
						-1.730 -2.770 4.955,
						-0.570 -2.770 4.955,
						-1.270 -2.070 4.955,
						3.570 0.230 4.955
					]
				}
				coordIndex
				[
					0, 1, 2, -1,
					2, 1, 3, -1,
					2, 3, 4, -1,
					4, 3, 5, -1,
					4, 5, 6, -1,
					6, 5, 7, -1,
					6, 7, 8, -1,
					8, 7, 9, -1,
					8, 9, 10, -1,
					10, 9, 11, -1,
					10, 11, 12, -1,
					12, 11, 13, -1,
					12, 13, 14, -1,
					14, 13, 15, -1,
					14, 15, 16, -1,
					16, 15, 0, -1,
					16, 0, 2, -1,
					16, 17, 14, -1,
					14, 17, 18, -1,
					10, 19, 20, -1,
					20, 19, 21, -1,
					20, 21, 22, -1,
					22, 21, 23, -1,
					22, 23, 24, -1,
					24, 23, 25, -1,
					24, 25, 26, -1,
					26, 25, 27, -1,
					26, 27, 17, -1,
					17, 27, 28, -1,
					17, 28, 18, -1,
					18, 28, 29, -1,
					26, 30, 24, -1,
					24, 30, 31, -1,
					31, 30, 32, -1,
					32, 30, 33, -1,
					32, 33, 34, -1,
					34, 33, 35, -1,
					34, 35, 36, -1,
					33, 6, 35, -1,
					35, 6, 8, -1,
					1, 37, 3, -1,
					3, 37, 11, -1,
					37, 13, 11, -1,
					28, 21, 29, -1,
					29, 21, 19, -1,
					20, 22, 36, -1,
					36, 22, 34, -1,
					12, 19, 10, -1
				]
				normal Normal
				{
					vector
					[
						0.000 0.000 1.000
					]
				}
				normalIndex
				[
					0, 0, 0, -1,
					0, 0, 0, -1,
					0, 0, 0, -1,
					0, 0, 0, -1,
					0, 0, 0, -1,
					0, 0, 0, -1,
					0, 0, 0, -1,
					0, 0, 0, -1,
					0, 0, 0, -1,
					0, 0, 0, -1,
					0, 0, 0, -1,
					0, 0, 0, -1,
					0, 0, 0, -1,
					0, 0, 0, -1,
					0, 0, 0, -1,
					0, 0, 0, -1,
					0, 0, 0, -1,
					0, 0, 0, -1,
					0, 0, 0, -1,
					0, 0, 0, -1,
					0, 0, 0, -1,
					0, 0, 0, -1,
					0, 0, 0, -1,
					0, 0, 0, -1,
					0, 0, 0, -1,
					0, 0, 0, -1,
					0, 0, 0, -1,
					0, 0, 0, -1,
					0, 0, 0, -1,
					0, 0, 0, -1,
					0, 0, 0, -1,
					0, 0, 0, -1,
					0, 0, 0, -1,
					0, 0, 0, -1,
					0, 0, 0, -1,
					0, 0, 0, -1,
					0, 0, 0, -1,
					0, 0, 0, -1,
					0, 0, 0, -1,
					0, 0, 0, -1,
					0, 0, 0, -1,
					0, 0, 0, -1,
					0, 0, 0, -1,
					0, 0, 0, -1,
					0, 0, 0, -1,
					0, 0, 0, -1,
					0, 0, 0, -1,
					0, 0, 0, -1
				]
			}
		}
		Shape
		{
			appearance Appearance
			{
				material Material
				{
					diffuseColor 0.800 0.800 0.800
				}
			}
			geometry IndexedFaceSet
			{
				creaseAngle 0.5
				solid TRUE
				coord Coordinate
				{
					point
					[
						6.325 3.430 3.305,
						4.940 3.430 4.955,
						6.325 2.680 3.305,
						4.940 2.680 4.955
					]
				}
				coordIndex
				[
					0, 1, 2, -1,
					2, 1, 3, -1
				]
				normal Normal
				{
					vector
					[
						0.766 -0.000 0.643
					]
				}
				normalIndex
				[
					0, 0, 0, -1,
					0, 0, 0, -1
				]
			}
		}
		Shape
		{
			appearance Appearance
			{
				material Material
				{
					diffuseColor 0.800 0.800 0.800
				}
			}
			geometry IndexedFaceSet
			{
				creaseAngle 0.5
				solid TRUE
				coord Coordinate
				{
					point
					[
						4.940 -3.430 4.955,
						5.305 -3.430 4.521,
						4.940 -2.410 4.955,
						6.325 -2.410 3.305,
						6.325 -3.050 3.305
					]
				}
				coordIndex
				[
					0, 1, 2, -1,
					2, 1, 3, -1,
					1, 4, 3, -1
				]
				normal Normal
				{
					vector
					[
						0.766 -0.000 0.643
					]
				}
				normalIndex
				[
					0, 0, 0, -1,
					0, 0, 0, -1,
					0, 0, 0, -1
				]
			}
		}
		Shape
		{
			appearance Appearance
			{
				material Material
				{
					diffuseColor 0.800 0.800 0.800
				}
			}
			geometry IndexedFaceSet
			{
				creaseAngle 0.5
				solid TRUE
				coord Coordinate
				{
					point
					[
						4.940 2.680 4.955,
						4.940 2.680 3.305,
						6.325 2.680 3.305
					]
				}
				coordIndex
				[
					0, 1, 2, -1
				]
				normal Normal
				{
					vector
					[
						0.000 -1.000 -0.000
					]
				}
				normalIndex
				[
					0, 0, 0, -1
				]
			}
		}
		Shape
		{
			appearance Appearance
			{
				material Material
				{
					diffuseColor 0.800 0.800 0.800
				}
			}
			geometry IndexedFaceSet
			{
				creaseAngle 0.5
				solid TRUE
				coord Coordinate
				{
					point
					[
						-6.325 2.680 3.305,
						-4.940 2.680 3.305,
						-4.940 2.680 4.955
					]
				}
				coordIndex
				[
					0, 1, 2, -1
				]
				normal Normal
				{
					vector
					[
						0.000 -1.000 -0.000
					]
				}
				normalIndex
				[
					0, 0, 0, -1
				]
			}
		}
		Shape
		{
			appearance Appearance
			{
				material Material
				{
					diffuseColor 0.800 0.800 0.800
				}
			}
			geometry IndexedFaceSet
			{
				creaseAngle 0.5
				solid TRUE
				coord Coordinate
				{
					point
					[
						-4.940 2.680 4.955,
						-4.940 3.430 4.955,
						-6.325 2.680 3.305,
						-6.325 3.430 3.305
					]
				}
				coordIndex
				[
					0, 1, 2, -1,
					2, 1, 3, -1
				]
				normal Normal
				{
					vector
					[
						-0.766 -0.000 0.643
					]
				}
				normalIndex
				[
					0, 0, 0, -1,
					0, 0, 0, -1
				]
			}
		}
		Shape
		{
			appearance Appearance
			{
				material Material
				{
					diffuseColor 0.800 0.800 0.800
				}
			}
			geometry IndexedFaceSet
			{
				creaseAngle 0.5
				solid TRUE
				coord Coordinate
				{
					point
					[
						-6.325 -3.050 3.305,
						-5.305 -3.430 4.521,
						-6.325 -2.410 3.305,
						-4.940 -2.410 4.955,
						-4.940 -3.430 4.955
					]
				}
				coordIndex
				[
					0, 1, 2, -1,
					2, 1, 3, -1,
					1, 4, 3, -1
				]
				normal Normal
				{
					vector
					[
						-0.766 -0.000 0.643
					]
				}
				normalIndex
				[
					0, 0, 0, -1,
					0, 0, 0, -1,
					0, 0, 0, -1
				]
			}
		}
		Shape
		{
			appearance Appearance
			{
				material Material
				{
					diffuseColor 0.800 0.800 0.800
				}
			}
			geometry IndexedFaceSet
			{
				creaseAngle 0.5
				solid TRUE
				coord Coordinate
				{
					point
					[
						6.325 -2.410 3.305,
						4.940 -2.410 3.305,
						4.940 -2.410 4.955
					]
				}
				coordIndex
				[
					0, 1, 2, -1
				]
				normal Normal
				{
					vector
					[
						-0.000 1.000 0.000
					]
				}
				normalIndex
				[
					0, 0, 0, -1
				]
			}
		}
		Shape
		{
			appearance Appearance
			{
				material Material
				{
					diffuseColor 0.800 0.800 0.800
				}
			}
			geometry IndexedFaceSet
			{
				creaseAngle 0.5
				solid TRUE
				coord Coordinate
				{
					point
					[
						-4.940 -2.410 4.955,
						-4.940 -2.410 3.305,
						-6.325 -2.410 3.305
					]
				}
				coordIndex
				[
					0, 1, 2, -1
				]
				normal Normal
				{
					vector
					[
						-0.000 1.000 0.000
					]
				}
				normalIndex
				[
					0, 0, 0, -1
				]
			}
		}
		Shape
		{
			appearance Appearance
			{
				material Material
				{
					diffuseColor 0.800 0.800 0.800
				}
			}
			geometry IndexedFaceSet
			{
				creaseAngle 0.5
				solid TRUE
				coord Coordinate
				{
					point
					[
						-6.325 -2.410 3.305,
						-4.940 -2.410 3.305,
						-6.325 -1.100 3.305,
						-4.940 -1.100 3.305
					]
				}
				coordIndex
				[
					0, 1, 2, -1,
					2, 1, 3, -1
				]
				normal Normal
				{
					vector
					[
						-0.000 -0.000 1.000
					]
				}
				normalIndex
				[
					0, 0, 0, -1,
					0, 0, 0, -1
				]
			}
		}
		Shape
		{
			appearance Appearance
			{
				material Material
				{
					diffuseColor 0.800 0.800 0.800
				}
			}
			geometry IndexedFaceSet
			{
				creaseAngle 0.5
				solid TRUE
				coord Coordinate
				{
					point
					[
						-4.940 1.100 3.305,
						-4.940 2.680 3.305,
						-6.325 1.100 3.305,
						-6.325 2.680 3.305
					]
				}
				coordIndex
				[
					0, 1, 2, -1,
					2, 1, 3, -1
				]
				normal Normal
				{
					vector
					[
						-0.000 -0.000 1.000
					]
				}
				normalIndex
				[
					0, 0, 0, -1,
					0, 0, 0, -1
				]
			}
		}
		Shape
		{
			appearance Appearance
			{
				material Material
				{
					diffuseColor 0.800 0.800 0.800
				}
			}
			geometry IndexedFaceSet
			{
				creaseAngle 0.5
				solid TRUE
				coord Coordinate
				{
					point
					[
						-6.575 1.100 1.785,
						-6.575 1.100 -0.195,
						-6.325 1.100 1.785,
						-4.940 1.100 -0.195,
						-4.940 1.100 3.305,
						-6.325 1.100 3.305
					]
				}
				coordIndex
				[
					0, 1, 2, -1,
					2, 1, 3, -1,
					2, 3, 4, -1,
					4, 5, 2, -1
				]
				normal Normal
				{
					vector
					[
						0.000 -1.000 0.000
					]
				}
				normalIndex
				[
					0, 0, 0, -1,
					0, 0, 0, -1,
					0, 0, 0, -1,
					0, 0, 0, -1
				]
			}
		}
		Shape
		{
			appearance Appearance
			{
				material Material
				{
					diffuseColor 0.800 0.800 0.800
				}
			}
			geometry IndexedFaceSet
			{
				creaseAngle 0.5
				solid TRUE
				coord Coordinate
				{
					point
					[
						-4.940 1.100 -0.195,
						-6.575 1.100 -0.195,
						-4.940 0.575 -0.195,
						-6.575 0.575 -0.195
					]
				}
				coordIndex
				[
					0, 1, 2, -1,
					2, 1, 3, -1
				]
				normal Normal
				{
					vector
					[
						0.000 0.000 1.000
					]
				}
				normalIndex
				[
					0, 0, 0, -1,
					0, 0, 0, -1
				]
			}
		}
		Shape
		{
			appearance Appearance
			{
				material Material
				{
					diffuseColor 0.800 0.800 0.800
				}
			}
			geometry IndexedFaceSet
			{
				creaseAngle 0.5
				solid TRUE
				coord Coordinate
				{
					point
					[
						-6.325 -3.050 -3.355,
						-5.305 -3.430 -3.355,
						-6.325 -3.050 1.785,
						-5.305 -3.430 4.521,
						-6.325 -3.050 3.305
					]
				}
				coordIndex
				[
					0, 1, 2, -1,
					2, 1, 3, -1,
					2, 3, 4, -1
				]
				normal Normal
				{
					vector
					[
						-0.349 -0.937 -0.000
					]
				}
				normalIndex
				[
					0, 0, 0, -1,
					0, 0, 0, -1,
					0, 0, 0, -1
				]
			}
		}
		Shape
		{
			appearance Appearance
			{
				material Material
				{
					diffuseColor 0.800 0.800 0.800
				}
			}
			geometry IndexedFaceSet
			{
				creaseAngle 0.5
				solid TRUE
				coord Coordinate
				{
					point
					[
						6.325 -3.050 -3.355,
						6.325 -3.050 1.785,
						5.305 -3.430 -3.355,
						5.305 -3.430 4.521,
						6.325 -3.050 3.305
					]
				}
				coordIndex
				[
					0, 1, 2, -1,
					2, 1, 3, -1,
					1, 4, 3, -1
				]
				normal Normal
				{
					vector
					[
						0.349 -0.937 -0.000
					]
				}
				normalIndex
				[
					0, 0, 0, -1,
					0, 0, 0, -1,
					0, 0, 0, -1
				]
			}
		}
		Shape
		{
			appearance Appearance
			{
				material Material
				{
					diffuseColor 0.800 0.800 0.800
				}
			}
			geometry IndexedFaceSet
			{
				creaseAngle 0.5
				solid TRUE
				coord Coordinate
				{
					point
					[
						3.570 0.230 4.955,
						3.570 0.230 -1.645,
						1.730 0.230 4.955,
						1.730 0.230 -1.645
					]
				}
				coordIndex
				[
					0, 1, 2, -1,
					2, 1, 3, -1
				]
				normal Normal
				{
					vector
					[
						-0.000 1.000 -0.000
					]
				}
				normalIndex
				[
					0, 0, 0, -1,
					0, 0, 0, -1
				]
			}
		}
		Shape
		{
			appearance Appearance
			{
				material Material
				{
					diffuseColor 0.800 0.800 0.800
				}
			}
			geometry IndexedFaceSet
			{
				creaseAngle 0.5
				solid TRUE
				coord Coordinate
				{
					point
					[
						4.270 0.930 4.955,
						4.270 0.930 -1.645,
						3.570 0.230 4.955,
						3.570 0.230 -1.645
					]
				}
				coordIndex
				[
					0, 1, 2, -1,
					2, 1, 3, -1
				]
				normal Normal
				{
					vector
					[
						-0.707 0.707 -0.000
					]
				}
				normalIndex
				[
					0, 0, 0, -1,
					0, 0, 0, -1
				]
			}
		}
		Shape
		{
			appearance Appearance
			{
				material Material
				{
					diffuseColor 0.800 0.800 0.800
				}
			}
			geometry IndexedFaceSet
			{
				creaseAngle 0.5
				solid TRUE
				coord Coordinate
				{
					point
					[
						4.270 2.770 -1.645,
						4.270 0.930 -1.645,
						4.270 2.770 4.955,
						4.270 0.930 4.955
					]
				}
				coordIndex
				[
					0, 1, 2, -1,
					2, 1, 3, -1
				]
				normal Normal
				{
					vector
					[
						-1.000 -0.000 -0.000
					]
				}
				normalIndex
				[
					0, 0, 0, -1,
					0, 0, 0, -1
				]
			}
		}
		Shape
		{
			appearance Appearance
			{
				material Material
				{
					diffuseColor 0.800 0.800 0.800
				}
			}
			geometry IndexedFaceSet
			{
				creaseAngle 0.5
				solid TRUE
				coord Coordinate
				{
					point
					[
						1.730 2.770 -1.645,
						4.270 2.770 -1.645,
						1.730 2.770 4.955,
						4.270 2.770 4.955
					]
				}
				coordIndex
				[
					0, 1, 2, -1,
					2, 1, 3, -1
				]
				normal Normal
				{
					vector
					[
						0.000 -1.000 -0.000
					]
				}
				normalIndex
				[
					0, 0, 0, -1,
					0, 0, 0, -1
				]
			}
		}
		Shape
		{
			appearance Appearance
			{
				material Material
				{
					diffuseColor 0.800 0.800 0.800
				}
			}
			geometry IndexedFaceSet
			{
				creaseAngle 0.5
				solid TRUE
				coord Coordinate
				{
					point
					[
						1.730 -0.230 -1.645,
						4.270 -0.230 -1.645,
						1.730 -0.230 4.955,
						4.270 -0.230 4.955
					]
				}
				coordIndex
				[
					0, 1, 2, -1,
					2, 1, 3, -1
				]
				normal Normal
				{
					vector
					[
						0.000 -1.000 -0.000
					]
				}
				normalIndex
				[
					0, 0, 0, -1,
					0, 0, 0, -1
				]
			}
		}
		Shape
		{
			appearance Appearance
			{
				material Material
				{
					diffuseColor 0.800 0.800 0.800
				}
			}
			geometry IndexedFaceSet
			{
				creaseAngle 0.5
				solid TRUE
				coord Coordinate
				{
					point
					[
						4.270 -0.230 -1.645,
						4.270 -2.770 -1.645,
						4.270 -0.230 4.955,
						4.270 -2.770 4.955
					]
				}
				coordIndex
				[
					0, 1, 2, -1,
					2, 1, 3, -1
				]
				normal Normal
				{
					vector
					[
						-1.000 -0.000 -0.000
					]
				}
				normalIndex
				[
					0, 0, 0, -1,
					0, 0, 0, -1
				]
			}
		}
		Shape
		{
			appearance Appearance
			{
				material Material
				{
					diffuseColor 0.800 0.800 0.800
				}
			}
			geometry IndexedFaceSet
			{
				creaseAngle 0.5
				solid TRUE
				coord Coordinate
				{
					point
					[
						4.270 -2.770 4.955,
						4.270 -2.770 -1.645,
						2.430 -2.770 4.955,
						2.430 -2.770 -1.645
					]
				}
				coordIndex
				[
					0, 1, 2, -1,
					2, 1, 3, -1
				]
				normal Normal
				{
					vector
					[
						-0.000 1.000 -0.000
					]
				}
				normalIndex
				[
					0, 0, 0, -1,
					0, 0, 0, -1
				]
			}
		}
		Shape
		{
			appearance Appearance
			{
				material Material
				{
					diffuseColor 0.800 0.800 0.800
				}
			}
			geometry IndexedFaceSet
			{
				creaseAngle 0.5
				solid TRUE
				coord Coordinate
				{
					point
					[
						2.430 -2.770 -1.645,
						1.730 -2.070 -1.645,
						2.430 -2.770 4.955,
						1.730 -2.070 4.955
					]
				}
				coordIndex
				[
					0, 1, 2, -1,
					2, 1, 3, -1
				]
				normal Normal
				{
					vector
					[
						0.707 0.707 -0.000
					]
				}
				normalIndex
				[
					0, 0, 0, -1,
					0, 0, 0, -1
				]
			}
		}
		Shape
		{
			appearance Appearance
			{
				material Material
				{
					diffuseColor 0.800 0.800 0.800
				}
			}
			geometry IndexedFaceSet
			{
				creaseAngle 0.5
				solid TRUE
				coord Coordinate
				{
					point
					[
						1.730 -2.070 4.955,
						1.730 -2.070 -1.645,
						1.730 -0.230 4.955,
						1.730 -0.230 -1.645
					]
				}
				coordIndex
				[
					0, 1, 2, -1,
					2, 1, 3, -1
				]
				normal Normal
				{
					vector
					[
						1.000 -0.000 -0.000
					]
				}
				normalIndex
				[
					0, 0, 0, -1,
					0, 0, 0, -1
				]
			}
		}
		Shape
		{
			appearance Appearance
			{
				material Material
				{
					diffuseColor 0.800 0.800 0.800
				}
			}
			geometry IndexedFaceSet
			{
				creaseAngle 0.5
				solid TRUE
				coord Coordinate
				{
					point
					[
						-1.730 0.230 4.955,
						-1.730 0.230 -1.645,
						-3.570 0.230 4.955,
						-3.570 0.230 -1.645
					]
				}
				coordIndex
				[
					0, 1, 2, -1,
					2, 1, 3, -1
				]
				normal Normal
				{
					vector
					[
						-0.000 1.000 -0.000
					]
				}
				normalIndex
				[
					0, 0, 0, -1,
					0, 0, 0, -1
				]
			}
		}
		Shape
		{
			appearance Appearance
			{
				material Material
				{
					diffuseColor 0.800 0.800 0.800
				}
			}
			geometry IndexedFaceSet
			{
				creaseAngle 0.5
				solid TRUE
				coord Coordinate
				{
					point
					[
						-3.570 0.230 -1.645,
						-4.270 0.930 -1.645,
						-3.570 0.230 4.955,
						-4.270 0.930 4.955
					]
				}
				coordIndex
				[
					0, 1, 2, -1,
					2, 1, 3, -1
				]
				normal Normal
				{
					vector
					[
						0.707 0.707 -0.000
					]
				}
				normalIndex
				[
					0, 0, 0, -1,
					0, 0, 0, -1
				]
			}
		}
		Shape
		{
			appearance Appearance
			{
				material Material
				{
					diffuseColor 0.800 0.800 0.800
				}
			}
			geometry IndexedFaceSet
			{
				creaseAngle 0.5
				solid TRUE
				coord Coordinate
				{
					point
					[
						-4.270 0.930 4.955,
						-4.270 0.930 -1.645,
						-4.270 2.770 4.955,
						-4.270 2.770 -1.645
					]
				}
				coordIndex
				[
					0, 1, 2, -1,
					2, 1, 3, -1
				]
				normal Normal
				{
					vector
					[
						1.000 -0.000 -0.000
					]
				}
				normalIndex
				[
					0, 0, 0, -1,
					0, 0, 0, -1
				]
			}
		}
		Shape
		{
			appearance Appearance
			{
				material Material
				{
					diffuseColor 0.800 0.800 0.800
				}
			}
			geometry IndexedFaceSet
			{
				creaseAngle 0.5
				solid TRUE
				coord Coordinate
				{
					point
					[
						-4.270 2.770 -1.645,
						-1.730 2.770 -1.645,
						-4.270 2.770 4.955,
						-1.730 2.770 4.955
					]
				}
				coordIndex
				[
					0, 1, 2, -1,
					2, 1, 3, -1
				]
				normal Normal
				{
					vector
					[
						0.000 -1.000 -0.000
					]
				}
				normalIndex
				[
					0, 0, 0, -1,
					0, 0, 0, -1
				]
			}
		}
		Shape
		{
			appearance Appearance
			{
				material Material
				{
					diffuseColor 0.800 0.800 0.800
				}
			}
			geometry IndexedFaceSet
			{
				creaseAngle 0.5
				solid TRUE
				coord Coordinate
				{
					point
					[
						-1.730 2.770 -1.645,
						-1.730 0.230 -1.645,
						-1.730 2.770 4.955,
						-1.730 0.230 4.955
					]
				}
				coordIndex
				[
					0, 1, 2, -1,
					2, 1, 3, -1
				]
				normal Normal
				{
					vector
					[
						-1.000 -0.000 -0.000
					]
				}
				normalIndex
				[
					0, 0, 0, -1,
					0, 0, 0, -1
				]
			}
		}
		Shape
		{
			appearance Appearance
			{
				material Material
				{
					diffuseColor 0.800 0.800 0.800
				}
			}
			geometry IndexedFaceSet
			{
				creaseAngle 0.5
				solid TRUE
				coord Coordinate
				{
					point
					[
						-4.270 -0.230 -1.645,
						-1.730 -0.230 -1.645,
						-4.270 -0.230 4.955,
						-1.730 -0.230 4.955
					]
				}
				coordIndex
				[
					0, 1, 2, -1,
					2, 1, 3, -1
				]
				normal Normal
				{
					vector
					[
						0.000 -1.000 -0.000
					]
				}
				normalIndex
				[
					0, 0, 0, -1,
					0, 0, 0, -1
				]
			}
		}
		Shape
		{
			appearance Appearance
			{
				material Material
				{
					diffuseColor 0.800 0.800 0.800
				}
			}
			geometry IndexedFaceSet
			{
				creaseAngle 0.5
				solid TRUE
				coord Coordinate
				{
					point
					[
						-1.730 -0.230 -1.645,
						-1.730 -2.770 -1.645,
						-1.730 -0.230 4.955,
						-1.730 -2.770 4.955
					]
				}
				coordIndex
				[
					0, 1, 2, -1,
					2, 1, 3, -1
				]
				normal Normal
				{
					vector
					[
						-1.000 -0.000 -0.000
					]
				}
				normalIndex
				[
					0, 0, 0, -1,
					0, 0, 0, -1
				]
			}
		}
		Shape
		{
			appearance Appearance
			{
				material Material
				{
					diffuseColor 0.800 0.800 0.800
				}
			}
			geometry IndexedFaceSet
			{
				creaseAngle 0.5
				solid TRUE
				coord Coordinate
				{
					point
					[
						-1.730 -2.770 4.955,
						-1.730 -2.770 -1.645,
						-3.570 -2.770 4.955,
						-3.570 -2.770 -1.645
					]
				}
				coordIndex
				[
					0, 1, 2, -1,
					2, 1, 3, -1
				]
				normal Normal
				{
					vector
					[
						-0.000 1.000 -0.000
					]
				}
				normalIndex
				[
					0, 0, 0, -1,
					0, 0, 0, -1
				]
			}
		}
		Shape
		{
			appearance Appearance
			{
				material Material
				{
					diffuseColor 0.800 0.800 0.800
				}
			}
			geometry IndexedFaceSet
			{
				creaseAngle 0.5
				solid TRUE
				coord Coordinate
				{
					point
					[
						-3.570 -2.770 -1.645,
						-4.270 -2.070 -1.645,
						-3.570 -2.770 4.955,
						-4.270 -2.070 4.955
					]
				}
				coordIndex
				[
					0, 1, 2, -1,
					2, 1, 3, -1
				]
				normal Normal
				{
					vector
					[
						0.707 0.707 -0.000
					]
				}
				normalIndex
				[
					0, 0, 0, -1,
					0, 0, 0, -1
				]
			}
		}
		Shape
		{
			appearance Appearance
			{
				material Material
				{
					diffuseColor 0.800 0.800 0.800
				}
			}
			geometry IndexedFaceSet
			{
				creaseAngle 0.5
				solid TRUE
				coord Coordinate
				{
					point
					[
						-4.270 -2.070 4.955,
						-4.270 -2.070 -1.645,
						-4.270 -0.230 4.955,
						-4.270 -0.230 -1.645
					]
				}
				coordIndex
				[
					0, 1, 2, -1,
					2, 1, 3, -1
				]
				normal Normal
				{
					vector
					[
						1.000 -0.000 -0.000
					]
				}
				normalIndex
				[
					0, 0, 0, -1,
					0, 0, 0, -1
				]
			}
		}
		Shape
		{
			appearance Appearance
			{
				material Material
				{
					diffuseColor 0.800 0.800 0.800
				}
			}
			geometry IndexedFaceSet
			{
				creaseAngle 0.5
				solid TRUE
				coord Coordinate
				{
					point
					[
						-1.270 -2.070 4.955,
						-1.270 -2.070 -1.645,
						-1.270 -0.230 4.955,
						-1.270 -0.230 -1.645
					]
				}
				coordIndex
				[
					0, 1, 2, -1,
					2, 1, 3, -1
				]
				normal Normal
				{
					vector
					[
						1.000 -0.000 -0.000
					]
				}
				normalIndex
				[
					0, 0, 0, -1,
					0, 0, 0, -1
				]
			}
		}
		Shape
		{
			appearance Appearance
			{
				material Material
				{
					diffuseColor 0.800 0.800 0.800
				}
			}
			geometry IndexedFaceSet
			{
				creaseAngle 0.5
				solid TRUE
				coord Coordinate
				{
					point
					[
						-1.270 -0.230 -1.645,
						1.270 -0.230 -1.645,
						-1.270 -0.230 4.955,
						1.270 -0.230 4.955
					]
				}
				coordIndex
				[
					0, 1, 2, -1,
					2, 1, 3, -1
				]
				normal Normal
				{
					vector
					[
						0.000 -1.000 -0.000
					]
				}
				normalIndex
				[
					0, 0, 0, -1,
					0, 0, 0, -1
				]
			}
		}
		Shape
		{
			appearance Appearance
			{
				material Material
				{
					diffuseColor 0.800 0.800 0.800
				}
			}
			geometry IndexedFaceSet
			{
				creaseAngle 0.5
				solid TRUE
				coord Coordinate
				{
					point
					[
						1.270 -0.230 -1.645,
						1.270 -2.770 -1.645,
						1.270 -0.230 4.955,
						1.270 -2.770 4.955
					]
				}
				coordIndex
				[
					0, 1, 2, -1,
					2, 1, 3, -1
				]
				normal Normal
				{
					vector
					[
						-1.000 -0.000 -0.000
					]
				}
				normalIndex
				[
					0, 0, 0, -1,
					0, 0, 0, -1
				]
			}
		}
		Shape
		{
			appearance Appearance
			{
				material Material
				{
					diffuseColor 0.800 0.800 0.800
				}
			}
			geometry IndexedFaceSet
			{
				creaseAngle 0.5
				solid TRUE
				coord Coordinate
				{
					point
					[
						1.270 -2.770 4.955,
						1.270 -2.770 -1.645,
						-0.570 -2.770 4.955,
						-0.570 -2.770 -1.645
					]
				}
				coordIndex
				[
					0, 1, 2, -1,
					2, 1, 3, -1
				]
				normal Normal
				{
					vector
					[
						-0.000 1.000 -0.000
					]
				}
				normalIndex
				[
					0, 0, 0, -1,
					0, 0, 0, -1
				]
			}
		}
		Shape
		{
			appearance Appearance
			{
				material Material
				{
					diffuseColor 0.800 0.800 0.800
				}
			}
			geometry IndexedFaceSet
			{
				creaseAngle 0.5
				solid TRUE
				coord Coordinate
				{
					point
					[
						-0.570 -2.770 -1.645,
						-1.270 -2.070 -1.645,
						-0.570 -2.770 4.955,
						-1.270 -2.070 4.955
					]
				}
				coordIndex
				[
					0, 1, 2, -1,
					2, 1, 3, -1
				]
				normal Normal
				{
					vector
					[
						0.707 0.707 -0.000
					]
				}
				normalIndex
				[
					0, 0, 0, -1,
					0, 0, 0, -1
				]
			}
		}
		Shape
		{
			appearance Appearance
			{
				material Material
				{
					diffuseColor 0.800 0.800 0.800
				}
			}
			geometry IndexedFaceSet
			{
				creaseAngle 0.5
				solid TRUE
				coord Coordinate
				{
					point
					[
						1.270 0.230 4.955,
						1.270 0.230 -1.645,
						-0.570 0.230 4.955,
						-0.570 0.230 -1.645
					]
				}
				coordIndex
				[
					0, 1, 2, -1,
					2, 1, 3, -1
				]
				normal Normal
				{
					vector
					[
						-0.000 1.000 -0.000
					]
				}
				normalIndex
				[
					0, 0, 0, -1,
					0, 0, 0, -1
				]
			}
		}
		Shape
		{
			appearance Appearance
			{
				material Material
				{
					diffuseColor 0.800 0.800 0.800
				}
			}
			geometry IndexedFaceSet
			{
				creaseAngle 0.5
				solid TRUE
				coord Coordinate
				{
					point
					[
						-0.570 0.230 -1.645,
						-1.270 0.930 -1.645,
						-0.570 0.230 4.955,
						-1.270 0.930 4.955
					]
				}
				coordIndex
				[
					0, 1, 2, -1,
					2, 1, 3, -1
				]
				normal Normal
				{
					vector
					[
						0.707 0.707 -0.000
					]
				}
				normalIndex
				[
					0, 0, 0, -1,
					0, 0, 0, -1
				]
			}
		}
		Shape
		{
			appearance Appearance
			{
				material Material
				{
					diffuseColor 0.800 0.800 0.800
				}
			}
			geometry IndexedFaceSet
			{
				creaseAngle 0.5
				solid TRUE
				coord Coordinate
				{
					point
					[
						-1.270 0.930 4.955,
						-1.270 0.930 -1.645,
						-1.270 2.770 4.955,
						-1.270 2.770 -1.645
					]
				}
				coordIndex
				[
					0, 1, 2, -1,
					2, 1, 3, -1
				]
				normal Normal
				{
					vector
					[
						1.000 -0.000 -0.000
					]
				}
				normalIndex
				[
					0, 0, 0, -1,
					0, 0, 0, -1
				]
			}
		}
		Shape
		{
			appearance Appearance
			{
				material Material
				{
					diffuseColor 0.800 0.800 0.800
				}
			}
			geometry IndexedFaceSet
			{
				creaseAngle 0.5
				solid TRUE
				coord Coordinate
				{
					point
					[
						-1.270 2.770 -1.645,
						1.270 2.770 -1.645,
						-1.270 2.770 4.955,
						1.270 2.770 4.955
					]
				}
				coordIndex
				[
					0, 1, 2, -1,
					2, 1, 3, -1
				]
				normal Normal
				{
					vector
					[
						0.000 -1.000 -0.000
					]
				}
				normalIndex
				[
					0, 0, 0, -1,
					0, 0, 0, -1
				]
			}
		}
		Shape
		{
			appearance Appearance
			{
				material Material
				{
					diffuseColor 0.800 0.800 0.800
				}
			}
			geometry IndexedFaceSet
			{
				creaseAngle 0.5
				solid TRUE
				coord Coordinate
				{
					point
					[
						1.270 2.770 -1.645,
						1.270 0.230 -1.645,
						1.270 2.770 4.955,
						1.270 0.230 4.955
					]
				}
				coordIndex
				[
					0, 1, 2, -1,
					2, 1, 3, -1
				]
				normal Normal
				{
					vector
					[
						-1.000 -0.000 -0.000
					]
				}
				normalIndex
				[
					0, 0, 0, -1,
					0, 0, 0, -1
				]
			}
		}
		Shape
		{
			appearance Appearance
			{
				material Material
				{
					diffuseColor 0.800 0.800 0.800
				}
			}
			geometry IndexedFaceSet
			{
				creaseAngle 0.5
				solid TRUE
				coord Coordinate
				{
					point
					[
						3.320 -0.320 -4.955,
						3.320 0.320 -4.955,
						3.320 -0.320 -4.285,
						3.320 0.320 -4.285
					]
				}
				coordIndex
				[
					0, 1, 2, -1,
					2, 1, 3, -1
				]
				normal Normal
				{
					vector
					[
						1.000 0.000 0.000
					]
				}
				normalIndex
				[
					0, 0, 0, -1,
					0, 0, 0, -1
				]
			}
		}
		Shape
		{
			appearance Appearance
			{
				material Material
				{
					diffuseColor 0.800 0.800 0.800
				}
			}
			geometry IndexedFaceSet
			{
				creaseAngle 0.5
				solid TRUE
				coord Coordinate
				{
					point
					[
						3.320 1.180 -1.645,
						3.320 1.820 -1.645,
						3.320 1.180 1.555,
						3.320 1.820 1.555
					]
				}
				coordIndex
				[
					0, 1, 2, -1,
					2, 1, 3, -1
				]
				normal Normal
				{
					vector
					[
						1.000 0.000 0.000
					]
				}
				normalIndex
				[
					0, 0, 0, -1,
					0, 0, 0, -1
				]
			}
		}
		Shape
		{
			appearance Appearance
			{
				material Material
				{
					diffuseColor 0.800 0.800 0.800
				}
			}
			geometry IndexedFaceSet
			{
				creaseAngle 0.5
				solid TRUE
				coord Coordinate
				{
					point
					[
						3.320 -1.820 -1.645,
						3.320 -1.180 -1.645,
						3.320 -1.820 1.555,
						3.320 -1.180 1.555
					]
				}
				coordIndex
				[
					0, 1, 2, -1,
					2, 1, 3, -1
				]
				normal Normal
				{
					vector
					[
						1.000 0.000 0.000
					]
				}
				normalIndex
				[
					0, 0, 0, -1,
					0, 0, 0, -1
				]
			}
		}
		Shape
		{
			appearance Appearance
			{
				material Material
				{
					diffuseColor 0.800 0.800 0.800
				}
			}
			geometry IndexedFaceSet
			{
				creaseAngle 0.5
				solid TRUE
				coord Coordinate
				{
					point
					[
						3.320 -6.120 -6.645,
						3.320 -6.120 -7.285,
						3.320 0.949 -6.645,
						3.320 1.589 -7.285,
						3.320 1.589 -4.285,
						3.320 0.949 -4.285
					]
				}
				coordIndex
				[
					0, 1, 2, -1,
					2, 1, 3, -1,
					2, 3, 4, -1,
					4, 5, 2, -1
				]
				normal Normal
				{
					vector
					[
						1.000 0.000 0.000
					]
				}
				normalIndex
				[
					0, 0, 0, -1,
					0, 0, 0, -1,
					0, 0, 0, -1,
					0, 0, 0, -1
				]
			}
		}
		Shape
		{
			appearance Appearance
			{
				material Material
				{
					diffuseColor 0.800 0.800 0.800
				}
			}
			geometry IndexedFaceSet
			{
				creaseAngle 0.5
				solid TRUE
				coord Coordinate
				{
					point
					[
						3.320 -6.120 -4.285,
						3.320 -3.430 -4.285,
						3.320 -6.120 -3.645,
						3.320 -3.430 -3.645
					]
				}
				coordIndex
				[
					0, 1, 2, -1,
					2, 1, 3, -1
				]
				normal Normal
				{
					vector
					[
						1.000 0.000 0.000
					]
				}
				normalIndex
				[
					0, 0, 0, -1,
					0, 0, 0, -1
				]
			}
		}
		Shape
		{
			appearance Appearance
			{
				material Material
				{
					diffuseColor 0.800 0.800 0.800
				}
			}
			geometry IndexedFaceSet
			{
				creaseAngle 0.5
				solid TRUE
				coord Coordinate
				{
					point
					[
						3.320 0.320 -4.955,
						2.680 0.320 -4.955,
						3.320 0.320 -4.285,
						2.680 0.320 -4.285,
						3.320 0.320 -3.655,
						2.680 0.320 -3.655
					]
				}
				coordIndex
				[
					0, 1, 2, -1,
					2, 1, 3, -1,
					2, 3, 4, -1,
					4, 3, 5, -1
				]
				normal Normal
				{
					vector
					[
						-0.000 1.000 0.000
					]
				}
				normalIndex
				[
					0, 0, 0, -1,
					0, 0, 0, -1,
					0, 0, 0, -1,
					0, 0, 0, -1
				]
			}
		}
		Shape
		{
			appearance Appearance
			{
				material Material
				{
					diffuseColor 0.800 0.800 0.800
				}
			}
			geometry IndexedFaceSet
			{
				creaseAngle 0.5
				solid TRUE
				coord Coordinate
				{
					point
					[
						2.680 3.175 -3.655,
						3.320 3.175 -3.655,
						2.680 1.589 -3.655,
						3.320 1.589 -3.655
					]
				}
				coordIndex
				[
					0, 1, 2, -1,
					2, 1, 3, -1
				]
				normal Normal
				{
					vector
					[
						-0.000 -0.000 -1.000
					]
				}
				normalIndex
				[
					0, 0, 0, -1,
					0, 0, 0, -1
				]
			}
		}
		Shape
		{
			appearance Appearance
			{
				material Material
				{
					diffuseColor 0.800 0.800 0.800
				}
			}
			geometry IndexedFaceSet
			{
				creaseAngle 0.5
				solid TRUE
				coord Coordinate
				{
					point
					[
						2.680 0.949 -3.655,
						3.320 0.949 -3.655,
						2.680 0.320 -3.655,
						3.320 0.320 -3.655
					]
				}
				coordIndex
				[
					0, 1, 2, -1,
					2, 1, 3, -1
				]
				normal Normal
				{
					vector
					[
						-0.000 -0.000 -1.000
					]
				}
				normalIndex
				[
					0, 0, 0, -1,
					0, 0, 0, -1
				]
			}
		}
		Shape
		{
			appearance Appearance
			{
				material Material
				{
					diffuseColor 0.800 0.800 0.800
				}
			}
			geometry IndexedFaceSet
			{
				creaseAngle 0.5
				solid TRUE
				coord Coordinate
				{
					point
					[
						3.320 -1.180 -3.655,
						2.680 -1.180 -3.655,
						3.320 -0.320 -3.655,
						2.680 -0.320 -3.655
					]
				}
				coordIndex
				[
					0, 1, 2, -1,
					2, 1, 3, -1
				]
				normal Normal
				{
					vector
					[
						-0.000 -0.000 -1.000
					]
				}
				normalIndex
				[
					0, 0, 0, -1,
					0, 0, 0, -1
				]
			}
		}
		Shape
		{
			appearance Appearance
			{
				material Material
				{
					diffuseColor 0.800 0.800 0.800
				}
			}
			geometry IndexedFaceSet
			{
				creaseAngle 0.5
				solid TRUE
				coord Coordinate
				{
					point
					[
						2.680 -3.430 -4.285,
						2.680 -3.430 -4.955,
						2.680 -2.780 -4.285,
						2.680 -2.780 -4.955
					]
				}
				coordIndex
				[
					0, 1, 2, -1,
					2, 1, 3, -1
				]
				normal Normal
				{
					vector
					[
						1.000 -0.000 -0.000
					]
				}
				normalIndex
				[
					0, 0, 0, -1,
					0, 0, 0, -1
				]
			}
		}
		Shape
		{
			appearance Appearance
			{
				material Material
				{
					diffuseColor 0.800 0.800 0.800
				}
			}
			geometry IndexedFaceSet
			{
				creaseAngle 0.5
				solid TRUE
				coord Coordinate
				{
					point
					[
						2.680 1.589 -4.285,
						2.680 1.600 -4.285,
						2.680 1.589 -3.655,
						2.680 3.175 -3.655,
						2.680 1.600 -4.955,
						2.680 3.175 -4.955
					]
				}
				coordIndex
				[
					0, 1, 2, -1,
					2, 1, 3, -1,
					4, 5, 1, -1,
					1, 5, 3, -1
				]
				normal Normal
				{
					vector
					[
						1.000 -0.000 -0.000
					]
				}
				normalIndex
				[
					0, 0, 0, -1,
					0, 0, 0, -1,
					0, 0, 0, -1,
					0, 0, 0, -1
				]
			}
		}
		Shape
		{
			appearance Appearance
			{
				material Material
				{
					diffuseColor 0.800 0.800 0.800
				}
			}
			geometry IndexedFaceSet
			{
				creaseAngle 0.5
				solid TRUE
				coord Coordinate
				{
					point
					[
						2.680 0.320 -3.655,
						2.680 0.320 -4.285,
						2.680 0.949 -3.655,
						2.680 0.949 -4.285
					]
				}
				coordIndex
				[
					0, 1, 2, -1,
					2, 1, 3, -1
				]
				normal Normal
				{
					vector
					[
						1.000 -0.000 -0.000
					]
				}
				normalIndex
				[
					0, 0, 0, -1,
					0, 0, 0, -1
				]
			}
		}
		Shape
		{
			appearance Appearance
			{
				material Material
				{
					diffuseColor 0.800 0.800 0.800
				}
			}
			geometry IndexedFaceSet
			{
				creaseAngle 0.5
				solid TRUE
				coord Coordinate
				{
					point
					[
						2.680 -0.320 -4.285,
						2.680 -0.320 -3.655,
						2.680 -1.180 -4.285,
						2.680 -1.180 -3.655
					]
				}
				coordIndex
				[
					0, 1, 2, -1,
					2, 1, 3, -1
				]
				normal Normal
				{
					vector
					[
						1.000 -0.000 -0.000
					]
				}
				normalIndex
				[
					0, 0, 0, -1,
					0, 0, 0, -1
				]
			}
		}
		Shape
		{
			appearance Appearance
			{
				material Material
				{
					diffuseColor 0.800 0.800 0.800
				}
			}
			geometry IndexedFaceSet
			{
				creaseAngle 0.5
				solid TRUE
				coord Coordinate
				{
					point
					[
						6.575 1.600 -4.955,
						6.575 1.600 -4.285,
						3.320 1.600 -4.955,
						3.320 1.600 -4.285
					]
				}
				coordIndex
				[
					0, 1, 2, -1,
					2, 1, 3, -1
				]
				normal Normal
				{
					vector
					[
						0.000 -1.000 0.000
					]
				}
				normalIndex
				[
					0, 0, 0, -1,
					0, 0, 0, -1
				]
			}
		}
		Shape
		{
			appearance Appearance
			{
				material Material
				{
					diffuseColor 0.800 0.800 0.800
				}
			}
			geometry IndexedFaceSet
			{
				creaseAngle 0.5
				solid TRUE
				coord Coordinate
				{
					point
					[
						2.680 1.600 -4.955,
						2.680 1.600 -4.285,
						0.320 1.600 -4.955,
						0.320 1.600 -4.285
					]
				}
				coordIndex
				[
					0, 1, 2, -1,
					2, 1, 3, -1
				]
				normal Normal
				{
					vector
					[
						0.000 -1.000 0.000
					]
				}
				normalIndex
				[
					0, 0, 0, -1,
					0, 0, 0, -1
				]
			}
		}
		Shape
		{
			appearance Appearance
			{
				material Material
				{
					diffuseColor 0.800 0.800 0.800
				}
			}
			geometry IndexedFaceSet
			{
				creaseAngle 0.5
				solid TRUE
				coord Coordinate
				{
					point
					[
						-6.575 1.600 -4.285,
						-6.575 1.600 -4.955,
						-3.320 1.600 -4.285,
						-3.320 1.600 -4.955
					]
				}
				coordIndex
				[
					0, 1, 2, -1,
					2, 1, 3, -1
				]
				normal Normal
				{
					vector
					[
						0.000 -1.000 0.000
					]
				}
				normalIndex
				[
					0, 0, 0, -1,
					0, 0, 0, -1
				]
			}
		}
		Shape
		{
			appearance Appearance
			{
				material Material
				{
					diffuseColor 0.800 0.800 0.800
				}
			}
			geometry IndexedFaceSet
			{
				creaseAngle 0.5
				solid TRUE
				coord Coordinate
				{
					point
					[
						-0.320 1.600 -4.955,
						-0.320 1.600 -4.285,
						-2.680 1.600 -4.955,
						-2.680 1.600 -4.285
					]
				}
				coordIndex
				[
					0, 1, 2, -1,
					2, 1, 3, -1
				]
				normal Normal
				{
					vector
					[
						0.000 -1.000 0.000
					]
				}
				normalIndex
				[
					0, 0, 0, -1,
					0, 0, 0, -1
				]
			}
		}
		Shape
		{
			appearance Appearance
			{
				material Material
				{
					diffuseColor 0.800 0.800 0.800
				}
			}
			geometry IndexedFaceSet
			{
				creaseAngle 0.5
				solid TRUE
				coord Coordinate
				{
					point
					[
						-0.320 -3.430 -4.285,
						-0.320 -3.430 -4.955,
						-0.320 -2.780 -4.285,
						-0.320 -2.780 -4.955
					]
				}
				coordIndex
				[
					0, 1, 2, -1,
					2, 1, 3, -1
				]
				normal Normal
				{
					vector
					[
						1.000 -0.000 -0.000
					]
				}
				normalIndex
				[
					0, 0, 0, -1,
					0, 0, 0, -1
				]
			}
		}
		Shape
		{
			appearance Appearance
			{
				material Material
				{
					diffuseColor 0.800 0.800 0.800
				}
			}
			geometry IndexedFaceSet
			{
				creaseAngle 0.5
				solid TRUE
				coord Coordinate
				{
					point
					[
						-0.320 -0.320 -4.285,
						-0.320 -0.320 -3.655,
						-0.320 -1.180 -4.285,
						-0.320 -1.180 -3.655
					]
				}
				coordIndex
				[
					0, 1, 2, -1,
					2, 1, 3, -1
				]
				normal Normal
				{
					vector
					[
						1.000 -0.000 -0.000
					]
				}
				normalIndex
				[
					0, 0, 0, -1,
					0, 0, 0, -1
				]
			}
		}
		Shape
		{
			appearance Appearance
			{
				material Material
				{
					diffuseColor 0.800 0.800 0.800
				}
			}
			geometry IndexedFaceSet
			{
				creaseAngle 0.5
				solid TRUE
				coord Coordinate
				{
					point
					[
						-0.320 1.589 -4.285,
						-0.320 1.600 -4.285,
						-0.320 1.589 -3.655,
						-0.320 3.175 -3.655,
						-0.320 1.600 -4.955,
						-0.320 3.175 -4.955
					]
				}
				coordIndex
				[
					0, 1, 2, -1,
					2, 1, 3, -1,
					4, 5, 1, -1,
					1, 5, 3, -1
				]
				normal Normal
				{
					vector
					[
						1.000 -0.000 -0.000
					]
				}
				normalIndex
				[
					0, 0, 0, -1,
					0, 0, 0, -1,
					0, 0, 0, -1,
					0, 0, 0, -1
				]
			}
		}
		Shape
		{
			appearance Appearance
			{
				material Material
				{
					diffuseColor 0.800 0.800 0.800
				}
			}
			geometry IndexedFaceSet
			{
				creaseAngle 0.5
				solid TRUE
				coord Coordinate
				{
					point
					[
						-0.320 0.320 -3.655,
						-0.320 0.320 -4.285,
						-0.320 0.949 -3.655,
						-0.320 0.949 -4.285
					]
				}
				coordIndex
				[
					0, 1, 2, -1,
					2, 1, 3, -1
				]
				normal Normal
				{
					vector
					[
						1.000 -0.000 -0.000
					]
				}
				normalIndex
				[
					0, 0, 0, -1,
					0, 0, 0, -1
				]
			}
		}
		Shape
		{
			appearance Appearance
			{
				material Material
				{
					diffuseColor 0.800 0.800 0.800
				}
			}
			geometry IndexedFaceSet
			{
				creaseAngle 0.5
				solid TRUE
				coord Coordinate
				{
					point
					[
						-0.320 -1.180 -3.655,
						0.320 -1.180 -3.655,
						-0.320 -1.180 -4.285,
						0.320 -1.180 -4.285
					]
				}
				coordIndex
				[
					0, 1, 2, -1,
					2, 1, 3, -1
				]
				normal Normal
				{
					vector
					[
						-0.000 1.000 0.000
					]
				}
				normalIndex
				[
					0, 0, 0, -1,
					0, 0, 0, -1
				]
			}
		}
		Shape
		{
			appearance Appearance
			{
				material Material
				{
					diffuseColor 0.800 0.800 0.800
				}
			}
			geometry IndexedFaceSet
			{
				creaseAngle 0.5
				solid TRUE
				coord Coordinate
				{
					point
					[
						0.320 -1.180 -1.645,
						-0.320 -1.180 -1.645,
						0.320 -1.180 1.555,
						-0.320 -1.180 1.555
					]
				}
				coordIndex
				[
					0, 1, 2, -1,
					2, 1, 3, -1
				]
				normal Normal
				{
					vector
					[
						-0.000 1.000 0.000
					]
				}
				normalIndex
				[
					0, 0, 0, -1,
					0, 0, 0, -1
				]
			}
		}
		Shape
		{
			appearance Appearance
			{
				material Material
				{
					diffuseColor 0.800 0.800 0.800
				}
			}
			geometry IndexedFaceSet
			{
				creaseAngle 0.5
				solid TRUE
				coord Coordinate
				{
					point
					[
						-0.320 3.175 -3.655,
						0.320 3.175 -3.655,
						-0.320 1.589 -3.655,
						0.320 1.589 -3.655
					]
				}
				coordIndex
				[
					0, 1, 2, -1,
					2, 1, 3, -1
				]
				normal Normal
				{
					vector
					[
						-0.000 -0.000 -1.000
					]
				}
				normalIndex
				[
					0, 0, 0, -1,
					0, 0, 0, -1
				]
			}
		}
		Shape
		{
			appearance Appearance
			{
				material Material
				{
					diffuseColor 0.800 0.800 0.800
				}
			}
			geometry IndexedFaceSet
			{
				creaseAngle 0.5
				solid TRUE
				coord Coordinate
				{
					point
					[
						-0.320 0.949 -3.655,
						0.320 0.949 -3.655,
						-0.320 0.320 -3.655,
						0.320 0.320 -3.655
					]
				}
				coordIndex
				[
					0, 1, 2, -1,
					2, 1, 3, -1
				]
				normal Normal
				{
					vector
					[
						-0.000 -0.000 -1.000
					]
				}
				normalIndex
				[
					0, 0, 0, -1,
					0, 0, 0, -1
				]
			}
		}
		Shape
		{
			appearance Appearance
			{
				material Material
				{
					diffuseColor 0.800 0.800 0.800
				}
			}
			geometry IndexedFaceSet
			{
				creaseAngle 0.5
				solid TRUE
				coord Coordinate
				{
					point
					[
						0.320 -1.180 -3.655,
						-0.320 -1.180 -3.655,
						0.320 -0.320 -3.655,
						-0.320 -0.320 -3.655
					]
				}
				coordIndex
				[
					0, 1, 2, -1,
					2, 1, 3, -1
				]
				normal Normal
				{
					vector
					[
						-0.000 -0.000 -1.000
					]
				}
				normalIndex
				[
					0, 0, 0, -1,
					0, 0, 0, -1
				]
			}
		}
		Shape
		{
			appearance Appearance
			{
				material Material
				{
					diffuseColor 0.800 0.800 0.800
				}
			}
			geometry IndexedFaceSet
			{
				creaseAngle 0.5
				solid TRUE
				coord Coordinate
				{
					point
					[
						-0.320 1.589 -3.655,
						0.320 1.589 -3.655,
						-0.320 1.589 -4.285,
						0.320 1.589 -4.285,
						-0.320 1.589 -7.285,
						0.320 1.589 -7.285
					]
				}
				coordIndex
				[
					0, 1, 2, -1,
					2, 1, 3, -1,
					2, 3, 4, -1,
					4, 3, 5, -1
				]
				normal Normal
				{
					vector
					[
						-0.000 1.000 0.000
					]
				}
				normalIndex
				[
					0, 0, 0, -1,
					0, 0, 0, -1,
					0, 0, 0, -1,
					0, 0, 0, -1
				]
			}
		}
		Shape
		{
			appearance Appearance
			{
				material Material
				{
					diffuseColor 0.800 0.800 0.800
				}
			}
			geometry IndexedFaceSet
			{
				creaseAngle 0.5
				solid TRUE
				coord Coordinate
				{
					point
					[
						-0.320 0.320 -4.955,
						-0.320 -0.320 -4.955,
						-0.320 0.320 -4.285,
						-0.320 -0.320 -4.285
					]
				}
				coordIndex
				[
					0, 1, 2, -1,
					2, 1, 3, -1
				]
				normal Normal
				{
					vector
					[
						-1.000 -0.000 -0.000
					]
				}
				normalIndex
				[
					0, 0, 0, -1,
					0, 0, 0, -1
				]
			}
		}
		Shape
		{
			appearance Appearance
			{
				material Material
				{
					diffuseColor 0.800 0.800 0.800
				}
			}
			geometry IndexedFaceSet
			{
				creaseAngle 0.5
				solid TRUE
				coord Coordinate
				{
					point
					[
						-0.320 1.820 -1.645,
						-0.320 1.180 -1.645,
						-0.320 1.820 1.555,
						-0.320 1.180 1.555
					]
				}
				coordIndex
				[
					0, 1, 2, -1,
					2, 1, 3, -1
				]
				normal Normal
				{
					vector
					[
						-1.000 -0.000 -0.000
					]
				}
				normalIndex
				[
					0, 0, 0, -1,
					0, 0, 0, -1
				]
			}
		}
		Shape
		{
			appearance Appearance
			{
				material Material
				{
					diffuseColor 0.800 0.800 0.800
				}
			}
			geometry IndexedFaceSet
			{
				creaseAngle 0.5
				solid TRUE
				coord Coordinate
				{
					point
					[
						-0.320 -1.180 -1.645,
						-0.320 -1.820 -1.645,
						-0.320 -1.180 1.555,
						-0.320 -1.820 1.555
					]
				}
				coordIndex
				[
					0, 1, 2, -1,
					2, 1, 3, -1
				]
				normal Normal
				{
					vector
					[
						-1.000 -0.000 -0.000
					]
				}
				normalIndex
				[
					0, 0, 0, -1,
					0, 0, 0, -1
				]
			}
		}
		Shape
		{
			appearance Appearance
			{
				material Material
				{
					diffuseColor 0.800 0.800 0.800
				}
			}
			geometry IndexedFaceSet
			{
				creaseAngle 0.5
				solid TRUE
				coord Coordinate
				{
					point
					[
						-0.320 -6.120 -6.645,
						-0.320 0.949 -6.645,
						-0.320 -6.120 -7.285,
						-0.320 1.589 -7.285,
						-0.320 0.949 -4.285,
						-0.320 1.589 -4.285
					]
				}
				coordIndex
				[
					0, 1, 2, -1,
					2, 1, 3, -1,
					4, 5, 1, -1,
					1, 5, 3, -1
				]
				normal Normal
				{
					vector
					[
						-1.000 -0.000 -0.000
					]
				}
				normalIndex
				[
					0, 0, 0, -1,
					0, 0, 0, -1,
					0, 0, 0, -1,
					0, 0, 0, -1
				]
			}
		}
		Shape
		{
			appearance Appearance
			{
				material Material
				{
					diffuseColor 0.800 0.800 0.800
				}
			}
			geometry IndexedFaceSet
			{
				creaseAngle 0.5
				solid TRUE
				coord Coordinate
				{
					point
					[
						-0.320 -3.430 -4.285,
						-0.320 -6.120 -4.285,
						-0.320 -3.430 -3.655,
						-0.320 -6.120 -3.655
					]
				}
				coordIndex
				[
					0, 1, 2, -1,
					2, 1, 3, -1
				]
				normal Normal
				{
					vector
					[
						-1.000 -0.000 -0.000
					]
				}
				normalIndex
				[
					0, 0, 0, -1,
					0, 0, 0, -1
				]
			}
		}
		Shape
		{
			appearance Appearance
			{
				material Material
				{
					diffuseColor 0.800 0.800 0.800
				}
			}
			geometry IndexedFaceSet
			{
				creaseAngle 0.5
				solid TRUE
				coord Coordinate
				{
					point
					[
						0.320 -0.320 -3.655,
						-0.320 -0.320 -4.285,
						0.320 -0.320 -4.285,
						-0.320 -0.320 -4.955,
						0.320 -0.320 -4.955,
						-0.320 -0.320 -3.655
					]
				}
				coordIndex
				[
					0, 1, 2, -1,
					2, 1, 3, -1,
					2, 3, 4, -1,
					0, 5, 1, -1
				]
				normal Normal
				{
					vector
					[
						0.000 -1.000 0.000
					]
				}
				normalIndex
				[
					0, 0, 0, -1,
					0, 0, 0, -1,
					0, 0, 0, -1,
					0, 0, 0, -1
				]
			}
		}
		Shape
		{
			appearance Appearance
			{
				material Material
				{
					diffuseColor 0.800 0.800 0.800
				}
			}
			geometry IndexedFaceSet
			{
				creaseAngle 0.5
				solid TRUE
				coord Coordinate
				{
					point
					[
						-0.320 -0.320 -4.955,
						-0.320 0.320 -4.955,
						0.320 -0.320 -4.955,
						0.320 0.320 -4.955
					]
				}
				coordIndex
				[
					0, 1, 2, -1,
					2, 1, 3, -1
				]
				normal Normal
				{
					vector
					[
						0.000 0.000 -1.000
					]
				}
				normalIndex
				[
					0, 0, 0, -1,
					0, 0, 0, -1
				]
			}
		}
		Shape
		{
			appearance Appearance
			{
				material Material
				{
					diffuseColor 0.800 0.800 0.800
				}
			}
			geometry IndexedFaceSet
			{
				creaseAngle 0.5
				solid TRUE
				coord Coordinate
				{
					point
					[
						-0.140 1.360 2.555,
						-0.140 1.640 2.555,
						-0.320 1.180 1.555,
						-0.320 1.820 1.555
					]
				}
				coordIndex
				[
					0, 1, 2, -1,
					2, 1, 3, -1
				]
				normal Normal
				{
					vector
					[
						-0.984 0.000 0.177
					]
				}
				normalIndex
				[
					0, 0, 0, -1,
					0, 0, 0, -1
				]
			}
		}
		Shape
		{
			appearance Appearance
			{
				material Material
				{
					diffuseColor 0.800 0.800 0.800
				}
			}
			geometry IndexedFaceSet
			{
				creaseAngle 0.5
				solid TRUE
				coord Coordinate
				{
					point
					[
						0.320 1.820 1.555,
						-0.320 1.820 1.555,
						0.140 1.640 2.555,
						-0.140 1.640 2.555
					]
				}
				coordIndex
				[
					0, 1, 2, -1,
					2, 1, 3, -1
				]
				normal Normal
				{
					vector
					[
						0.000 0.984 0.177
					]
				}
				normalIndex
				[
					0, 0, 0, -1,
					0, 0, 0, -1
				]
			}
		}
		Shape
		{
			appearance Appearance
			{
				material Material
				{
					diffuseColor 0.800 0.800 0.800
				}
			}
			geometry IndexedFaceSet
			{
				creaseAngle 0.5
				solid TRUE
				coord Coordinate
				{
					point
					[
						0.320 1.180 1.555,
						0.320 1.820 1.555,
						0.140 1.360 2.555,
						0.140 1.640 2.555
					]
				}
				coordIndex
				[
					0, 1, 2, -1,
					2, 1, 3, -1
				]
				normal Normal
				{
					vector
					[
						0.984 0.000 0.177
					]
				}
				normalIndex
				[
					0, 0, 0, -1,
					0, 0, 0, -1
				]
			}
		}
		Shape
		{
			appearance Appearance
			{
				material Material
				{
					diffuseColor 0.800 0.800 0.800
				}
			}
			geometry IndexedFaceSet
			{
				creaseAngle 0.5
				solid TRUE
				coord Coordinate
				{
					point
					[
						0.140 1.640 2.555,
						-0.140 1.640 2.555,
						0.140 1.360 2.555,
						-0.140 1.360 2.555
					]
				}
				coordIndex
				[
					0, 1, 2, -1,
					2, 1, 3, -1
				]
				normal Normal
				{
					vector
					[
						0.000 0.000 1.000
					]
				}
				normalIndex
				[
					0, 0, 0, -1,
					0, 0, 0, -1
				]
			}
		}
		Shape
		{
			appearance Appearance
			{
				material Material
				{
					diffuseColor 0.800 0.800 0.800
				}
			}
			geometry IndexedFaceSet
			{
				creaseAngle 0.5
				solid TRUE
				coord Coordinate
				{
					point
					[
						-0.320 1.180 1.555,
						0.320 1.180 1.555,
						-0.140 1.360 2.555,
						0.140 1.360 2.555
					]
				}
				coordIndex
				[
					0, 1, 2, -1,
					2, 1, 3, -1
				]
				normal Normal
				{
					vector
					[
						0.000 -0.984 0.177
					]
				}
				normalIndex
				[
					0, 0, 0, -1,
					0, 0, 0, -1
				]
			}
		}
		Shape
		{
			appearance Appearance
			{
				material Material
				{
					diffuseColor 0.800 0.800 0.800
				}
			}
			geometry IndexedFaceSet
			{
				creaseAngle 0.5
				solid TRUE
				coord Coordinate
				{
					point
					[
						-0.320 1.180 1.555,
						-0.320 1.180 -1.645,
						0.320 1.180 1.555,
						0.320 1.180 -1.645
					]
				}
				coordIndex
				[
					0, 1, 2, -1,
					2, 1, 3, -1
				]
				normal Normal
				{
					vector
					[
						0.000 -1.000 0.000
					]
				}
				normalIndex
				[
					0, 0, 0, -1,
					0, 0, 0, -1
				]
			}
		}
		Shape
		{
			appearance Appearance
			{
				material Material
				{
					diffuseColor 0.800 0.800 0.800
				}
			}
			geometry IndexedFaceSet
			{
				creaseAngle 0.5
				solid TRUE
				coord Coordinate
				{
					point
					[
						0.320 1.820 -1.645,
						-0.320 1.820 -1.645,
						0.320 1.820 1.555,
						-0.320 1.820 1.555
					]
				}
				coordIndex
				[
					0, 1, 2, -1,
					2, 1, 3, -1
				]
				normal Normal
				{
					vector
					[
						-0.000 1.000 0.000
					]
				}
				normalIndex
				[
					0, 0, 0, -1,
					0, 0, 0, -1
				]
			}
		}
		Shape
		{
			appearance Appearance
			{
				material Material
				{
					diffuseColor 0.800 0.800 0.800
				}
			}
			geometry IndexedFaceSet
			{
				creaseAngle 0.5
				solid TRUE
				coord Coordinate
				{
					point
					[
						-0.140 -1.640 2.555,
						-0.140 -1.360 2.555,
						-0.320 -1.820 1.555,
						-0.320 -1.180 1.555
					]
				}
				coordIndex
				[
					0, 1, 2, -1,
					2, 1, 3, -1
				]
				normal Normal
				{
					vector
					[
						-0.984 0.000 0.177
					]
				}
				normalIndex
				[
					0, 0, 0, -1,
					0, 0, 0, -1
				]
			}
		}
		Shape
		{
			appearance Appearance
			{
				material Material
				{
					diffuseColor 0.800 0.800 0.800
				}
			}
			geometry IndexedFaceSet
			{
				creaseAngle 0.5
				solid TRUE
				coord Coordinate
				{
					point
					[
						-0.140 -1.360 2.555,
						0.140 -1.360 2.555,
						-0.320 -1.180 1.555,
						0.320 -1.180 1.555
					]
				}
				coordIndex
				[
					0, 1, 2, -1,
					2, 1, 3, -1
				]
				normal Normal
				{
					vector
					[
						0.000 0.984 0.177
					]
				}
				normalIndex
				[
					0, 0, 0, -1,
					0, 0, 0, -1
				]
			}
		}
		Shape
		{
			appearance Appearance
			{
				material Material
				{
					diffuseColor 0.800 0.800 0.800
				}
			}
			geometry IndexedFaceSet
			{
				creaseAngle 0.5
				solid TRUE
				coord Coordinate
				{
					point
					[
						0.320 -1.820 1.555,
						0.320 -1.180 1.555,
						0.140 -1.640 2.555,
						0.140 -1.360 2.555
					]
				}
				coordIndex
				[
					0, 1, 2, -1,
					2, 1, 3, -1
				]
				normal Normal
				{
					vector
					[
						0.984 0.000 0.177
					]
				}
				normalIndex
				[
					0, 0, 0, -1,
					0, 0, 0, -1
				]
			}
		}
		Shape
		{
			appearance Appearance
			{
				material Material
				{
					diffuseColor 0.800 0.800 0.800
				}
			}
			geometry IndexedFaceSet
			{
				creaseAngle 0.5
				solid TRUE
				coord Coordinate
				{
					point
					[
						0.140 -1.360 2.555,
						-0.140 -1.360 2.555,
						0.140 -1.640 2.555,
						-0.140 -1.640 2.555
					]
				}
				coordIndex
				[
					0, 1, 2, -1,
					2, 1, 3, -1
				]
				normal Normal
				{
					vector
					[
						0.000 0.000 1.000
					]
				}
				normalIndex
				[
					0, 0, 0, -1,
					0, 0, 0, -1
				]
			}
		}
		Shape
		{
			appearance Appearance
			{
				material Material
				{
					diffuseColor 0.800 0.800 0.800
				}
			}
			geometry IndexedFaceSet
			{
				creaseAngle 0.5
				solid TRUE
				coord Coordinate
				{
					point
					[
						-0.320 -1.820 1.555,
						0.320 -1.820 1.555,
						-0.140 -1.640 2.555,
						0.140 -1.640 2.555
					]
				}
				coordIndex
				[
					0, 1, 2, -1,
					2, 1, 3, -1
				]
				normal Normal
				{
					vector
					[
						0.000 -0.984 0.177
					]
				}
				normalIndex
				[
					0, 0, 0, -1,
					0, 0, 0, -1
				]
			}
		}
		Shape
		{
			appearance Appearance
			{
				material Material
				{
					diffuseColor 0.800 0.800 0.800
				}
			}
			geometry IndexedFaceSet
			{
				creaseAngle 0.5
				solid TRUE
				coord Coordinate
				{
					point
					[
						-0.320 -1.820 1.555,
						-0.320 -1.820 -1.645,
						0.320 -1.820 1.555,
						0.320 -1.820 -1.645
					]
				}
				coordIndex
				[
					0, 1, 2, -1,
					2, 1, 3, -1
				]
				normal Normal
				{
					vector
					[
						0.000 -1.000 0.000
					]
				}
				normalIndex
				[
					0, 0, 0, -1,
					0, 0, 0, -1
				]
			}
		}
		Shape
		{
			appearance Appearance
			{
				material Material
				{
					diffuseColor 0.800 0.800 0.800
				}
			}
			geometry IndexedFaceSet
			{
				creaseAngle 0.5
				solid TRUE
				coord Coordinate
				{
					point
					[
						-0.320 -6.120 -7.285,
						-0.140 -7.120 -7.105,
						-0.320 -6.120 -6.645,
						-0.140 -7.120 -6.825
					]
				}
				coordIndex
				[
					0, 1, 2, -1,
					2, 1, 3, -1
				]
				normal Normal
				{
					vector
					[
						-0.984 -0.177 0.000
					]
				}
				normalIndex
				[
					0, 0, 0, -1,
					0, 0, 0, -1
				]
			}
		}
		Shape
		{
			appearance Appearance
			{
				material Material
				{
					diffuseColor 0.800 0.800 0.800
				}
			}
			geometry IndexedFaceSet
			{
				creaseAngle 0.5
				solid TRUE
				coord Coordinate
				{
					point
					[
						-0.140 -7.120 -6.825,
						0.140 -7.120 -6.825,
						-0.320 -6.120 -6.645,
						0.320 -6.120 -6.645
					]
				}
				coordIndex
				[
					0, 1, 2, -1,
					2, 1, 3, -1
				]
				normal Normal
				{
					vector
					[
						0.000 -0.177 0.984
					]
				}
				normalIndex
				[
					0, 0, 0, -1,
					0, 0, 0, -1
				]
			}
		}
		Shape
		{
			appearance Appearance
			{
				material Material
				{
					diffuseColor 0.800 0.800 0.800
				}
			}
			geometry IndexedFaceSet
			{
				creaseAngle 0.5
				solid TRUE
				coord Coordinate
				{
					point
					[
						0.320 0.949 -6.645,
						-0.320 0.949 -6.645,
						0.320 -6.120 -6.645,
						-0.320 -6.120 -6.645
					]
				}
				coordIndex
				[
					0, 1, 2, -1,
					2, 1, 3, -1
				]
				normal Normal
				{
					vector
					[
						0.000 0.000 1.000
					]
				}
				normalIndex
				[
					0, 0, 0, -1,
					0, 0, 0, -1
				]
			}
		}
		Shape
		{
			appearance Appearance
			{
				material Material
				{
					diffuseColor 0.800 0.800 0.800
				}
			}
			geometry IndexedFaceSet
			{
				creaseAngle 0.5
				solid TRUE
				coord Coordinate
				{
					point
					[
						-0.320 0.949 -6.645,
						0.320 0.949 -4.285,
						-0.320 0.949 -4.285,
						0.320 0.949 -3.655,
						-0.320 0.949 -3.655,
						0.320 0.949 -6.645
					]
				}
				coordIndex
				[
					0, 1, 2, -1,
					2, 1, 3, -1,
					2, 3, 4, -1,
					0, 5, 1, -1
				]
				normal Normal
				{
					vector
					[
						0.000 -1.000 0.000
					]
				}
				normalIndex
				[
					0, 0, 0, -1,
					0, 0, 0, -1,
					0, 0, 0, -1,
					0, 0, 0, -1
				]
			}
		}
		Shape
		{
			appearance Appearance
			{
				material Material
				{
					diffuseColor 0.800 0.800 0.800
				}
			}
			geometry IndexedFaceSet
			{
				creaseAngle 0.5
				solid TRUE
				coord Coordinate
				{
					point
					[
						0.320 -6.120 -7.285,
						0.320 -6.120 -6.645,
						0.140 -7.120 -7.105,
						0.140 -7.120 -6.825
					]
				}
				coordIndex
				[
					0, 1, 2, -1,
					2, 1, 3, -1
				]
				normal Normal
				{
					vector
					[
						0.984 -0.177 0.000
					]
				}
				normalIndex
				[
					0, 0, 0, -1,
					0, 0, 0, -1
				]
			}
		}
		Shape
		{
			appearance Appearance
			{
				material Material
				{
					diffuseColor 0.800 0.800 0.800
				}
			}
			geometry IndexedFaceSet
			{
				creaseAngle 0.5
				solid TRUE
				coord Coordinate
				{
					point
					[
						0.140 -7.120 -7.105,
						0.140 -7.120 -6.825,
						-0.140 -7.120 -7.105,
						-0.140 -7.120 -6.825
					]
				}
				coordIndex
				[
					0, 1, 2, -1,
					2, 1, 3, -1
				]
				normal Normal
				{
					vector
					[
						0.000 -1.000 0.000
					]
				}
				normalIndex
				[
					0, 0, 0, -1,
					0, 0, 0, -1
				]
			}
		}
		Shape
		{
			appearance Appearance
			{
				material Material
				{
					diffuseColor 0.800 0.800 0.800
				}
			}
			geometry IndexedFaceSet
			{
				creaseAngle 0.5
				solid TRUE
				coord Coordinate
				{
					point
					[
						-0.320 -6.120 -7.285,
						0.320 -6.120 -7.285,
						-0.140 -7.120 -7.105,
						0.140 -7.120 -7.105
					]
				}
				coordIndex
				[
					0, 1, 2, -1,
					2, 1, 3, -1
				]
				normal Normal
				{
					vector
					[
						0.000 -0.177 -0.984
					]
				}
				normalIndex
				[
					0, 0, 0, -1,
					0, 0, 0, -1
				]
			}
		}
		Shape
		{
			appearance Appearance
			{
				material Material
				{
					diffuseColor 0.800 0.800 0.800
				}
			}
			geometry IndexedFaceSet
			{
				creaseAngle 0.5
				solid TRUE
				coord Coordinate
				{
					point
					[
						-0.320 -6.120 -7.285,
						-0.320 1.589 -7.285,
						0.320 -6.120 -7.285,
						0.320 1.589 -7.285
					]
				}
				coordIndex
				[
					0, 1, 2, -1,
					2, 1, 3, -1
				]
				normal Normal
				{
					vector
					[
						0.000 0.000 -1.000
					]
				}
				normalIndex
				[
					0, 0, 0, -1,
					0, 0, 0, -1
				]
			}
		}
		Shape
		{
			appearance Appearance
			{
				material Material
				{
					diffuseColor 0.800 0.800 0.800
				}
			}
			geometry IndexedFaceSet
			{
				creaseAngle 0.5
				solid TRUE
				coord Coordinate
				{
					point
					[
						-0.320 -3.430 -3.655,
						-0.320 -6.120 -3.655,
						0.320 -3.430 -3.655,
						0.320 -6.120 -3.655,
						-0.310 -6.176 -3.655,
						0.310 -6.176 -3.655
					]
				}
				coordIndex
				[
					0, 1, 2, -1,
					2, 1, 3, -1,
					1, 4, 3, -1,
					3, 4, 5, -1
				]
				normal Normal
				{
					vector
					[
						-0.000 -0.000 1.000
					]
				}
				normalIndex
				[
					0, 0, 0, -1,
					0, 0, 0, -1,
					0, 0, 0, -1,
					0, 0, 0, -1
				]
			}
		}
		Shape
		{
			appearance Appearance
			{
				material Material
				{
					diffuseColor 0.800 0.800 0.800
				}
			}
			geometry IndexedFaceSet
			{
				creaseAngle 0.5
				solid TRUE
				coord Coordinate
				{
					point
					[
						0.140 -7.120 -3.825,
						0.140 -7.120 -4.105,
						0.310 -6.176 -3.655,
						0.320 -6.120 -4.285,
						0.320 -6.120 -3.655
					]
				}
				coordIndex
				[
					0, 1, 2, -1,
					2, 1, 3, -1,
					2, 3, 4, -1
				]
				normal Normal
				{
					vector
					[
						0.984 -0.177 0.000
					]
				}
				normalIndex
				[
					0, 0, 0, -1,
					0, 0, 0, -1,
					0, 0, 0, -1
				]
			}
		}
		Shape
		{
			appearance Appearance
			{
				material Material
				{
					diffuseColor 0.800 0.800 0.800
				}
			}
			geometry IndexedFaceSet
			{
				creaseAngle 0.5
				solid TRUE
				coord Coordinate
				{
					point
					[
						0.140 -7.120 -4.105,
						-0.140 -7.120 -4.105,
						0.320 -6.120 -4.285,
						-0.320 -6.120 -4.285
					]
				}
				coordIndex
				[
					0, 1, 2, -1,
					2, 1, 3, -1
				]
				normal Normal
				{
					vector
					[
						0.000 -0.177 -0.984
					]
				}
				normalIndex
				[
					0, 0, 0, -1,
					0, 0, 0, -1
				]
			}
		}
		Shape
		{
			appearance Appearance
			{
				material Material
				{
					diffuseColor 0.800 0.800 0.800
				}
			}
			geometry IndexedFaceSet
			{
				creaseAngle 0.5
				solid TRUE
				coord Coordinate
				{
					point
					[
						-0.320 -6.120 -3.655,
						-0.320 -6.120 -4.285,
						-0.310 -6.176 -3.655,
						-0.140 -7.120 -4.105,
						-0.140 -7.120 -3.825
					]
				}
				coordIndex
				[
					0, 1, 2, -1,
					2, 1, 3, -1,
					2, 3, 4, -1
				]
				normal Normal
				{
					vector
					[
						-0.984 -0.177 0.000
					]
				}
				normalIndex
				[
					0, 0, 0, -1,
					0, 0, 0, -1,
					0, 0, 0, -1
				]
			}
		}
		Shape
		{
			appearance Appearance
			{
				material Material
				{
					diffuseColor 0.800 0.800 0.800
				}
			}
			geometry IndexedFaceSet
			{
				creaseAngle 0.5
				solid TRUE
				coord Coordinate
				{
					point
					[
						-0.140 -7.120 -3.825,
						0.140 -7.120 -3.825,
						-0.310 -6.176 -3.655,
						0.310 -6.176 -3.655
					]
				}
				coordIndex
				[
					0, 1, 2, -1,
					2, 1, 3, -1
				]
				normal Normal
				{
					vector
					[
						0.000 -0.177 0.984
					]
				}
				normalIndex
				[
					0, 0, 0, -1,
					0, 0, 0, -1
				]
			}
		}
		Shape
		{
			appearance Appearance
			{
				material Material
				{
					diffuseColor 0.800 0.800 0.800
				}
			}
			geometry IndexedFaceSet
			{
				creaseAngle 0.5
				solid TRUE
				coord Coordinate
				{
					point
					[
						0.140 -7.120 -4.105,
						0.140 -7.120 -3.825,
						-0.140 -7.120 -4.105,
						-0.140 -7.120 -3.825
					]
				}
				coordIndex
				[
					0, 1, 2, -1,
					2, 1, 3, -1
				]
				normal Normal
				{
					vector
					[
						0.000 -1.000 0.000
					]
				}
				normalIndex
				[
					0, 0, 0, -1,
					0, 0, 0, -1
				]
			}
		}
		Shape
		{
			appearance Appearance
			{
				material Material
				{
					diffuseColor 0.800 0.800 0.800
				}
			}
			geometry IndexedFaceSet
			{
				creaseAngle 0.5
				solid TRUE
				coord Coordinate
				{
					point
					[
						2.680 1.589 -3.655,
						3.320 1.589 -3.655,
						2.680 1.589 -4.285,
						3.320 1.589 -4.285,
						2.680 1.589 -7.285,
						3.320 1.589 -7.285
					]
				}
				coordIndex
				[
					0, 1, 2, -1,
					2, 1, 3, -1,
					2, 3, 4, -1,
					4, 3, 5, -1
				]
				normal Normal
				{
					vector
					[
						-0.000 1.000 0.000
					]
				}
				normalIndex
				[
					0, 0, 0, -1,
					0, 0, 0, -1,
					0, 0, 0, -1,
					0, 0, 0, -1
				]
			}
		}
		Shape
		{
			appearance Appearance
			{
				material Material
				{
					diffuseColor 0.800 0.800 0.800
				}
			}
			geometry IndexedFaceSet
			{
				creaseAngle 0.5
				solid TRUE
				coord Coordinate
				{
					point
					[
						2.680 0.320 -4.955,
						2.680 -0.320 -4.955,
						2.680 0.320 -4.285,
						2.680 -0.320 -4.285
					]
				}
				coordIndex
				[
					0, 1, 2, -1,
					2, 1, 3, -1
				]
				normal Normal
				{
					vector
					[
						-1.000 -0.000 -0.000
					]
				}
				normalIndex
				[
					0, 0, 0, -1,
					0, 0, 0, -1
				]
			}
		}
		Shape
		{
			appearance Appearance
			{
				material Material
				{
					diffuseColor 0.800 0.800 0.800
				}
			}
			geometry IndexedFaceSet
			{
				creaseAngle 0.5
				solid TRUE
				coord Coordinate
				{
					point
					[
						2.680 1.820 -1.645,
						2.680 1.180 -1.645,
						2.680 1.820 1.555,
						2.680 1.180 1.555
					]
				}
				coordIndex
				[
					0, 1, 2, -1,
					2, 1, 3, -1
				]
				normal Normal
				{
					vector
					[
						-1.000 -0.000 -0.000
					]
				}
				normalIndex
				[
					0, 0, 0, -1,
					0, 0, 0, -1
				]
			}
		}
		Shape
		{
			appearance Appearance
			{
				material Material
				{
					diffuseColor 0.800 0.800 0.800
				}
			}
			geometry IndexedFaceSet
			{
				creaseAngle 0.5
				solid TRUE
				coord Coordinate
				{
					point
					[
						2.680 -1.180 -1.645,
						2.680 -1.820 -1.645,
						2.680 -1.180 1.555,
						2.680 -1.820 1.555
					]
				}
				coordIndex
				[
					0, 1, 2, -1,
					2, 1, 3, -1
				]
				normal Normal
				{
					vector
					[
						-1.000 -0.000 -0.000
					]
				}
				normalIndex
				[
					0, 0, 0, -1,
					0, 0, 0, -1
				]
			}
		}
		Shape
		{
			appearance Appearance
			{
				material Material
				{
					diffuseColor 0.800 0.800 0.800
				}
			}
			geometry IndexedFaceSet
			{
				creaseAngle 0.5
				solid TRUE
				coord Coordinate
				{
					point
					[
						2.680 -6.120 -6.645,
						2.680 0.949 -6.645,
						2.680 -6.120 -7.285,
						2.680 1.589 -7.285,
						2.680 0.949 -4.285,
						2.680 1.589 -4.285
					]
				}
				coordIndex
				[
					0, 1, 2, -1,
					2, 1, 3, -1,
					4, 5, 1, -1,
					1, 5, 3, -1
				]
				normal Normal
				{
					vector
					[
						-1.000 -0.000 -0.000
					]
				}
				normalIndex
				[
					0, 0, 0, -1,
					0, 0, 0, -1,
					0, 0, 0, -1,
					0, 0, 0, -1
				]
			}
		}
		Shape
		{
			appearance Appearance
			{
				material Material
				{
					diffuseColor 0.800 0.800 0.800
				}
			}
			geometry IndexedFaceSet
			{
				creaseAngle 0.5
				solid TRUE
				coord Coordinate
				{
					point
					[
						2.680 -6.120 -3.645,
						2.680 -3.430 -3.645,
						2.680 -6.120 -4.285,
						2.680 -3.430 -4.285
					]
				}
				coordIndex
				[
					0, 1, 2, -1,
					2, 1, 3, -1
				]
				normal Normal
				{
					vector
					[
						-1.000 -0.000 -0.000
					]
				}
				normalIndex
				[
					0, 0, 0, -1,
					0, 0, 0, -1
				]
			}
		}
		Shape
		{
			appearance Appearance
			{
				material Material
				{
					diffuseColor 0.800 0.800 0.800
				}
			}
			geometry IndexedFaceSet
			{
				creaseAngle 0.5
				solid TRUE
				coord Coordinate
				{
					point
					[
						3.320 -0.320 -3.655,
						2.680 -0.320 -4.285,
						3.320 -0.320 -4.285,
						2.680 -0.320 -4.955,
						3.320 -0.320 -4.955,
						2.680 -0.320 -3.655
					]
				}
				coordIndex
				[
					0, 1, 2, -1,
					2, 1, 3, -1,
					2, 3, 4, -1,
					0, 5, 1, -1
				]
				normal Normal
				{
					vector
					[
						0.000 -1.000 0.000
					]
				}
				normalIndex
				[
					0, 0, 0, -1,
					0, 0, 0, -1,
					0, 0, 0, -1,
					0, 0, 0, -1
				]
			}
		}
		Shape
		{
			appearance Appearance
			{
				material Material
				{
					diffuseColor 0.800 0.800 0.800
				}
			}
			geometry IndexedFaceSet
			{
				creaseAngle 0.5
				solid TRUE
				coord Coordinate
				{
					point
					[
						2.680 -0.320 -4.955,
						2.680 0.320 -4.955,
						3.320 -0.320 -4.955,
						3.320 0.320 -4.955
					]
				}
				coordIndex
				[
					0, 1, 2, -1,
					2, 1, 3, -1
				]
				normal Normal
				{
					vector
					[
						0.000 0.000 -1.000
					]
				}
				normalIndex
				[
					0, 0, 0, -1,
					0, 0, 0, -1
				]
			}
		}
		Shape
		{
			appearance Appearance
			{
				material Material
				{
					diffuseColor 0.800 0.800 0.800
				}
			}
			geometry IndexedFaceSet
			{
				creaseAngle 0.5
				solid TRUE
				coord Coordinate
				{
					point
					[
						2.860 1.360 2.555,
						2.860 1.640 2.555,
						2.680 1.180 1.555,
						2.680 1.820 1.555
					]
				}
				coordIndex
				[
					0, 1, 2, -1,
					2, 1, 3, -1
				]
				normal Normal
				{
					vector
					[
						-0.984 0.000 0.177
					]
				}
				normalIndex
				[
					0, 0, 0, -1,
					0, 0, 0, -1
				]
			}
		}
		Shape
		{
			appearance Appearance
			{
				material Material
				{
					diffuseColor 0.800 0.800 0.800
				}
			}
			geometry IndexedFaceSet
			{
				creaseAngle 0.5
				solid TRUE
				coord Coordinate
				{
					point
					[
						3.320 1.820 1.555,
						2.680 1.820 1.555,
						3.140 1.640 2.555,
						2.860 1.640 2.555
					]
				}
				coordIndex
				[
					0, 1, 2, -1,
					2, 1, 3, -1
				]
				normal Normal
				{
					vector
					[
						0.000 0.984 0.177
					]
				}
				normalIndex
				[
					0, 0, 0, -1,
					0, 0, 0, -1
				]
			}
		}
		Shape
		{
			appearance Appearance
			{
				material Material
				{
					diffuseColor 0.800 0.800 0.800
				}
			}
			geometry IndexedFaceSet
			{
				creaseAngle 0.5
				solid TRUE
				coord Coordinate
				{
					point
					[
						3.320 1.180 1.555,
						3.320 1.820 1.555,
						3.140 1.360 2.555,
						3.140 1.640 2.555
					]
				}
				coordIndex
				[
					0, 1, 2, -1,
					2, 1, 3, -1
				]
				normal Normal
				{
					vector
					[
						0.984 0.000 0.177
					]
				}
				normalIndex
				[
					0, 0, 0, -1,
					0, 0, 0, -1
				]
			}
		}
		Shape
		{
			appearance Appearance
			{
				material Material
				{
					diffuseColor 0.800 0.800 0.800
				}
			}
			geometry IndexedFaceSet
			{
				creaseAngle 0.5
				solid TRUE
				coord Coordinate
				{
					point
					[
						3.140 1.640 2.555,
						2.860 1.640 2.555,
						3.140 1.360 2.555,
						2.860 1.360 2.555
					]
				}
				coordIndex
				[
					0, 1, 2, -1,
					2, 1, 3, -1
				]
				normal Normal
				{
					vector
					[
						0.000 0.000 1.000
					]
				}
				normalIndex
				[
					0, 0, 0, -1,
					0, 0, 0, -1
				]
			}
		}
		Shape
		{
			appearance Appearance
			{
				material Material
				{
					diffuseColor 0.800 0.800 0.800
				}
			}
			geometry IndexedFaceSet
			{
				creaseAngle 0.5
				solid TRUE
				coord Coordinate
				{
					point
					[
						2.680 1.180 1.555,
						3.320 1.180 1.555,
						2.860 1.360 2.555,
						3.140 1.360 2.555
					]
				}
				coordIndex
				[
					0, 1, 2, -1,
					2, 1, 3, -1
				]
				normal Normal
				{
					vector
					[
						0.000 -0.984 0.177
					]
				}
				normalIndex
				[
					0, 0, 0, -1,
					0, 0, 0, -1
				]
			}
		}
		Shape
		{
			appearance Appearance
			{
				material Material
				{
					diffuseColor 0.800 0.800 0.800
				}
			}
			geometry IndexedFaceSet
			{
				creaseAngle 0.5
				solid TRUE
				coord Coordinate
				{
					point
					[
						2.680 1.180 1.555,
						2.680 1.180 -1.645,
						3.320 1.180 1.555,
						3.320 1.180 -1.645
					]
				}
				coordIndex
				[
					0, 1, 2, -1,
					2, 1, 3, -1
				]
				normal Normal
				{
					vector
					[
						0.000 -1.000 0.000
					]
				}
				normalIndex
				[
					0, 0, 0, -1,
					0, 0, 0, -1
				]
			}
		}
		Shape
		{
			appearance Appearance
			{
				material Material
				{
					diffuseColor 0.800 0.800 0.800
				}
			}
			geometry IndexedFaceSet
			{
				creaseAngle 0.5
				solid TRUE
				coord Coordinate
				{
					point
					[
						3.320 1.820 -1.645,
						2.680 1.820 -1.645,
						3.320 1.820 1.555,
						2.680 1.820 1.555
					]
				}
				coordIndex
				[
					0, 1, 2, -1,
					2, 1, 3, -1
				]
				normal Normal
				{
					vector
					[
						-0.000 1.000 0.000
					]
				}
				normalIndex
				[
					0, 0, 0, -1,
					0, 0, 0, -1
				]
			}
		}
		Shape
		{
			appearance Appearance
			{
				material Material
				{
					diffuseColor 0.800 0.800 0.800
				}
			}
			geometry IndexedFaceSet
			{
				creaseAngle 0.5
				solid TRUE
				coord Coordinate
				{
					point
					[
						2.860 -1.640 2.555,
						2.860 -1.360 2.555,
						2.680 -1.820 1.555,
						2.680 -1.180 1.555
					]
				}
				coordIndex
				[
					0, 1, 2, -1,
					2, 1, 3, -1
				]
				normal Normal
				{
					vector
					[
						-0.984 0.000 0.177
					]
				}
				normalIndex
				[
					0, 0, 0, -1,
					0, 0, 0, -1
				]
			}
		}
		Shape
		{
			appearance Appearance
			{
				material Material
				{
					diffuseColor 0.800 0.800 0.800
				}
			}
			geometry IndexedFaceSet
			{
				creaseAngle 0.5
				solid TRUE
				coord Coordinate
				{
					point
					[
						2.860 -1.360 2.555,
						3.140 -1.360 2.555,
						2.680 -1.180 1.555,
						3.320 -1.180 1.555
					]
				}
				coordIndex
				[
					0, 1, 2, -1,
					2, 1, 3, -1
				]
				normal Normal
				{
					vector
					[
						0.000 0.984 0.177
					]
				}
				normalIndex
				[
					0, 0, 0, -1,
					0, 0, 0, -1
				]
			}
		}
		Shape
		{
			appearance Appearance
			{
				material Material
				{
					diffuseColor 0.800 0.800 0.800
				}
			}
			geometry IndexedFaceSet
			{
				creaseAngle 0.5
				solid TRUE
				coord Coordinate
				{
					point
					[
						2.680 -1.180 -3.655,
						3.320 -1.180 -3.655,
						2.680 -1.180 -4.285,
						3.320 -1.180 -4.285
					]
				}
				coordIndex
				[
					0, 1, 2, -1,
					2, 1, 3, -1
				]
				normal Normal
				{
					vector
					[
						-0.000 1.000 0.000
					]
				}
				normalIndex
				[
					0, 0, 0, -1,
					0, 0, 0, -1
				]
			}
		}
		Shape
		{
			appearance Appearance
			{
				material Material
				{
					diffuseColor 0.800 0.800 0.800
				}
			}
			geometry IndexedFaceSet
			{
				creaseAngle 0.5
				solid TRUE
				coord Coordinate
				{
					point
					[
						3.320 -1.180 -1.645,
						2.680 -1.180 -1.645,
						3.320 -1.180 1.555,
						2.680 -1.180 1.555
					]
				}
				coordIndex
				[
					0, 1, 2, -1,
					2, 1, 3, -1
				]
				normal Normal
				{
					vector
					[
						-0.000 1.000 0.000
					]
				}
				normalIndex
				[
					0, 0, 0, -1,
					0, 0, 0, -1
				]
			}
		}
		Shape
		{
			appearance Appearance
			{
				material Material
				{
					diffuseColor 0.800 0.800 0.800
				}
			}
			geometry IndexedFaceSet
			{
				creaseAngle 0.5
				solid TRUE
				coord Coordinate
				{
					point
					[
						3.320 -1.820 1.555,
						3.320 -1.180 1.555,
						3.140 -1.640 2.555,
						3.140 -1.360 2.555
					]
				}
				coordIndex
				[
					0, 1, 2, -1,
					2, 1, 3, -1
				]
				normal Normal
				{
					vector
					[
						0.984 0.000 0.177
					]
				}
				normalIndex
				[
					0, 0, 0, -1,
					0, 0, 0, -1
				]
			}
		}
		Shape
		{
			appearance Appearance
			{
				material Material
				{
					diffuseColor 0.800 0.800 0.800
				}
			}
			geometry IndexedFaceSet
			{
				creaseAngle 0.5
				solid TRUE
				coord Coordinate
				{
					point
					[
						3.140 -1.360 2.555,
						2.860 -1.360 2.555,
						3.140 -1.640 2.555,
						2.860 -1.640 2.555
					]
				}
				coordIndex
				[
					0, 1, 2, -1,
					2, 1, 3, -1
				]
				normal Normal
				{
					vector
					[
						0.000 0.000 1.000
					]
				}
				normalIndex
				[
					0, 0, 0, -1,
					0, 0, 0, -1
				]
			}
		}
		Shape
		{
			appearance Appearance
			{
				material Material
				{
					diffuseColor 0.800 0.800 0.800
				}
			}
			geometry IndexedFaceSet
			{
				creaseAngle 0.5
				solid TRUE
				coord Coordinate
				{
					point
					[
						2.680 -1.820 1.555,
						3.320 -1.820 1.555,
						2.860 -1.640 2.555,
						3.140 -1.640 2.555
					]
				}
				coordIndex
				[
					0, 1, 2, -1,
					2, 1, 3, -1
				]
				normal Normal
				{
					vector
					[
						0.000 -0.984 0.177
					]
				}
				normalIndex
				[
					0, 0, 0, -1,
					0, 0, 0, -1
				]
			}
		}
		Shape
		{
			appearance Appearance
			{
				material Material
				{
					diffuseColor 0.800 0.800 0.800
				}
			}
			geometry IndexedFaceSet
			{
				creaseAngle 0.5
				solid TRUE
				coord Coordinate
				{
					point
					[
						2.680 -1.820 1.555,
						2.680 -1.820 -1.645,
						3.320 -1.820 1.555,
						3.320 -1.820 -1.645
					]
				}
				coordIndex
				[
					0, 1, 2, -1,
					2, 1, 3, -1
				]
				normal Normal
				{
					vector
					[
						0.000 -1.000 0.000
					]
				}
				normalIndex
				[
					0, 0, 0, -1,
					0, 0, 0, -1
				]
			}
		}
		Shape
		{
			appearance Appearance
			{
				material Material
				{
					diffuseColor 0.800 0.800 0.800
				}
			}
			geometry IndexedFaceSet
			{
				creaseAngle 0.5
				solid TRUE
				coord Coordinate
				{
					point
					[
						2.680 -6.120 -7.285,
						2.860 -7.120 -7.105,
						2.680 -6.120 -6.645,
						2.860 -7.120 -6.825
					]
				}
				coordIndex
				[
					0, 1, 2, -1,
					2, 1, 3, -1
				]
				normal Normal
				{
					vector
					[
						-0.984 -0.177 0.000
					]
				}
				normalIndex
				[
					0, 0, 0, -1,
					0, 0, 0, -1
				]
			}
		}
		Shape
		{
			appearance Appearance
			{
				material Material
				{
					diffuseColor 0.800 0.800 0.800
				}
			}
			geometry IndexedFaceSet
			{
				creaseAngle 0.5
				solid TRUE
				coord Coordinate
				{
					point
					[
						2.860 -7.120 -6.825,
						3.140 -7.120 -6.825,
						2.680 -6.120 -6.645,
						3.320 -6.120 -6.645
					]
				}
				coordIndex
				[
					0, 1, 2, -1,
					2, 1, 3, -1
				]
				normal Normal
				{
					vector
					[
						0.000 -0.177 0.984
					]
				}
				normalIndex
				[
					0, 0, 0, -1,
					0, 0, 0, -1
				]
			}
		}
		Shape
		{
			appearance Appearance
			{
				material Material
				{
					diffuseColor 0.800 0.800 0.800
				}
			}
			geometry IndexedFaceSet
			{
				creaseAngle 0.5
				solid TRUE
				coord Coordinate
				{
					point
					[
						3.320 0.949 -6.645,
						2.680 0.949 -6.645,
						3.320 -6.120 -6.645,
						2.680 -6.120 -6.645
					]
				}
				coordIndex
				[
					0, 1, 2, -1,
					2, 1, 3, -1
				]
				normal Normal
				{
					vector
					[
						0.000 0.000 1.000
					]
				}
				normalIndex
				[
					0, 0, 0, -1,
					0, 0, 0, -1
				]
			}
		}
		Shape
		{
			appearance Appearance
			{
				material Material
				{
					diffuseColor 0.800 0.800 0.800
				}
			}
			geometry IndexedFaceSet
			{
				creaseAngle 0.5
				solid TRUE
				coord Coordinate
				{
					point
					[
						2.680 0.949 -6.645,
						3.320 0.949 -4.285,
						2.680 0.949 -4.285,
						3.320 0.949 -3.655,
						2.680 0.949 -3.655,
						3.320 0.949 -6.645
					]
				}
				coordIndex
				[
					0, 1, 2, -1,
					2, 1, 3, -1,
					2, 3, 4, -1,
					0, 5, 1, -1
				]
				normal Normal
				{
					vector
					[
						0.000 -1.000 0.000
					]
				}
				normalIndex
				[
					0, 0, 0, -1,
					0, 0, 0, -1,
					0, 0, 0, -1,
					0, 0, 0, -1
				]
			}
		}
		Shape
		{
			appearance Appearance
			{
				material Material
				{
					diffuseColor 0.800 0.800 0.800
				}
			}
			geometry IndexedFaceSet
			{
				creaseAngle 0.5
				solid TRUE
				coord Coordinate
				{
					point
					[
						3.320 -6.120 -7.285,
						3.320 -6.120 -6.645,
						3.140 -7.120 -7.105,
						3.140 -7.120 -6.825
					]
				}
				coordIndex
				[
					0, 1, 2, -1,
					2, 1, 3, -1
				]
				normal Normal
				{
					vector
					[
						0.984 -0.177 0.000
					]
				}
				normalIndex
				[
					0, 0, 0, -1,
					0, 0, 0, -1
				]
			}
		}
		Shape
		{
			appearance Appearance
			{
				material Material
				{
					diffuseColor 0.800 0.800 0.800
				}
			}
			geometry IndexedFaceSet
			{
				creaseAngle 0.5
				solid TRUE
				coord Coordinate
				{
					point
					[
						3.140 -7.120 -7.105,
						3.140 -7.120 -6.825,
						2.860 -7.120 -7.105,
						2.860 -7.120 -6.825
					]
				}
				coordIndex
				[
					0, 1, 2, -1,
					2, 1, 3, -1
				]
				normal Normal
				{
					vector
					[
						0.000 -1.000 0.000
					]
				}
				normalIndex
				[
					0, 0, 0, -1,
					0, 0, 0, -1
				]
			}
		}
		Shape
		{
			appearance Appearance
			{
				material Material
				{
					diffuseColor 0.800 0.800 0.800
				}
			}
			geometry IndexedFaceSet
			{
				creaseAngle 0.5
				solid TRUE
				coord Coordinate
				{
					point
					[
						2.680 -6.120 -7.285,
						3.320 -6.120 -7.285,
						2.860 -7.120 -7.105,
						3.140 -7.120 -7.105
					]
				}
				coordIndex
				[
					0, 1, 2, -1,
					2, 1, 3, -1
				]
				normal Normal
				{
					vector
					[
						0.000 -0.177 -0.984
					]
				}
				normalIndex
				[
					0, 0, 0, -1,
					0, 0, 0, -1
				]
			}
		}
		Shape
		{
			appearance Appearance
			{
				material Material
				{
					diffuseColor 0.800 0.800 0.800
				}
			}
			geometry IndexedFaceSet
			{
				creaseAngle 0.5
				solid TRUE
				coord Coordinate
				{
					point
					[
						2.680 -6.120 -7.285,
						2.680 1.589 -7.285,
						3.320 -6.120 -7.285,
						3.320 1.589 -7.285
					]
				}
				coordIndex
				[
					0, 1, 2, -1,
					2, 1, 3, -1
				]
				normal Normal
				{
					vector
					[
						0.000 0.000 -1.000
					]
				}
				normalIndex
				[
					0, 0, 0, -1,
					0, 0, 0, -1
				]
			}
		}
		Shape
		{
			appearance Appearance
			{
				material Material
				{
					diffuseColor 0.800 0.800 0.800
				}
			}
			geometry IndexedFaceSet
			{
				creaseAngle 0.5
				solid TRUE
				coord Coordinate
				{
					point
					[
						2.680 -6.120 -4.285,
						2.860 -7.120 -4.105,
						2.680 -6.120 -3.645,
						2.860 -7.120 -3.825
					]
				}
				coordIndex
				[
					0, 1, 2, -1,
					2, 1, 3, -1
				]
				normal Normal
				{
					vector
					[
						-0.984 -0.177 0.000
					]
				}
				normalIndex
				[
					0, 0, 0, -1,
					0, 0, 0, -1
				]
			}
		}
		Shape
		{
			appearance Appearance
			{
				material Material
				{
					diffuseColor 0.800 0.800 0.800
				}
			}
			geometry IndexedFaceSet
			{
				creaseAngle 0.5
				solid TRUE
				coord Coordinate
				{
					point
					[
						2.860 -7.120 -3.825,
						3.140 -7.120 -3.825,
						2.680 -6.120 -3.645,
						3.320 -6.120 -3.645
					]
				}
				coordIndex
				[
					0, 1, 2, -1,
					2, 1, 3, -1
				]
				normal Normal
				{
					vector
					[
						0.000 -0.177 0.984
					]
				}
				normalIndex
				[
					0, 0, 0, -1,
					0, 0, 0, -1
				]
			}
		}
		Shape
		{
			appearance Appearance
			{
				material Material
				{
					diffuseColor 0.800 0.800 0.800
				}
			}
			geometry IndexedFaceSet
			{
				creaseAngle 0.5
				solid TRUE
				coord Coordinate
				{
					point
					[
						3.320 -3.430 -3.645,
						2.680 -3.430 -3.645,
						3.320 -6.120 -3.645,
						2.680 -6.120 -3.645
					]
				}
				coordIndex
				[
					0, 1, 2, -1,
					2, 1, 3, -1
				]
				normal Normal
				{
					vector
					[
						0.000 0.000 1.000
					]
				}
				normalIndex
				[
					0, 0, 0, -1,
					0, 0, 0, -1
				]
			}
		}
		Shape
		{
			appearance Appearance
			{
				material Material
				{
					diffuseColor 0.800 0.800 0.800
				}
			}
			geometry IndexedFaceSet
			{
				creaseAngle 0.5
				solid TRUE
				coord Coordinate
				{
					point
					[
						3.320 -6.120 -4.285,
						3.320 -6.120 -3.645,
						3.140 -7.120 -4.105,
						3.140 -7.120 -3.825
					]
				}
				coordIndex
				[
					0, 1, 2, -1,
					2, 1, 3, -1
				]
				normal Normal
				{
					vector
					[
						0.984 -0.177 0.000
					]
				}
				normalIndex
				[
					0, 0, 0, -1,
					0, 0, 0, -1
				]
			}
		}
		Shape
		{
			appearance Appearance
			{
				material Material
				{
					diffuseColor 0.800 0.800 0.800
				}
			}
			geometry IndexedFaceSet
			{
				creaseAngle 0.5
				solid TRUE
				coord Coordinate
				{
					point
					[
						3.140 -7.120 -4.105,
						3.140 -7.120 -3.825,
						2.860 -7.120 -4.105,
						2.860 -7.120 -3.825
					]
				}
				coordIndex
				[
					0, 1, 2, -1,
					2, 1, 3, -1
				]
				normal Normal
				{
					vector
					[
						0.000 -1.000 0.000
					]
				}
				normalIndex
				[
					0, 0, 0, -1,
					0, 0, 0, -1
				]
			}
		}
		Shape
		{
			appearance Appearance
			{
				material Material
				{
					diffuseColor 0.800 0.800 0.800
				}
			}
			geometry IndexedFaceSet
			{
				creaseAngle 0.5
				solid TRUE
				coord Coordinate
				{
					point
					[
						3.140 -7.120 -4.105,
						2.860 -7.120 -4.105,
						3.320 -6.120 -4.285,
						2.680 -6.120 -4.285
					]
				}
				coordIndex
				[
					0, 1, 2, -1,
					2, 1, 3, -1
				]
				normal Normal
				{
					vector
					[
						0.000 -0.177 -0.984
					]
				}
				normalIndex
				[
					0, 0, 0, -1,
					0, 0, 0, -1
				]
			}
		}
		Shape
		{
			appearance Appearance
			{
				material Material
				{
					diffuseColor 0.800 0.800 0.800
				}
			}
			geometry IndexedFaceSet
			{
				creaseAngle 0.5
				solid TRUE
				coord Coordinate
				{
					point
					[
						-3.320 -1.820 1.555,
						-3.320 -1.820 -1.645,
						-2.680 -1.820 1.555,
						-2.680 -1.820 -1.645
					]
				}
				coordIndex
				[
					0, 1, 2, -1,
					2, 1, 3, -1
				]
				normal Normal
				{
					vector
					[
						0.000 -1.000 0.000
					]
				}
				normalIndex
				[
					0, 0, 0, -1,
					0, 0, 0, -1
				]
			}
		}
		Shape
		{
			appearance Appearance
			{
				material Material
				{
					diffuseColor 0.800 0.800 0.800
				}
			}
			geometry IndexedFaceSet
			{
				creaseAngle 0.5
				solid TRUE
				coord Coordinate
				{
					point
					[
						-3.320 -1.820 1.555,
						-2.680 -1.820 1.555,
						-3.140 -1.640 2.555,
						-2.860 -1.640 2.555
					]
				}
				coordIndex
				[
					0, 1, 2, -1,
					2, 1, 3, -1
				]
				normal Normal
				{
					vector
					[
						0.000 -0.984 0.177
					]
				}
				normalIndex
				[
					0, 0, 0, -1,
					0, 0, 0, -1
				]
			}
		}
		Shape
		{
			appearance Appearance
			{
				material Material
				{
					diffuseColor 0.800 0.800 0.800
				}
			}
			geometry IndexedFaceSet
			{
				creaseAngle 0.5
				solid TRUE
				coord Coordinate
				{
					point
					[
						-2.860 -1.360 2.555,
						-3.140 -1.360 2.555,
						-2.860 -1.640 2.555,
						-3.140 -1.640 2.555
					]
				}
				coordIndex
				[
					0, 1, 2, -1,
					2, 1, 3, -1
				]
				normal Normal
				{
					vector
					[
						0.000 0.000 1.000
					]
				}
				normalIndex
				[
					0, 0, 0, -1,
					0, 0, 0, -1
				]
			}
		}
		Shape
		{
			appearance Appearance
			{
				material Material
				{
					diffuseColor 0.800 0.800 0.800
				}
			}
			geometry IndexedFaceSet
			{
				creaseAngle 0.5
				solid TRUE
				coord Coordinate
				{
					point
					[
						-3.140 -1.640 2.555,
						-3.140 -1.360 2.555,
						-3.320 -1.820 1.555,
						-3.320 -1.180 1.555
					]
				}
				coordIndex
				[
					0, 1, 2, -1,
					2, 1, 3, -1
				]
				normal Normal
				{
					vector
					[
						-0.984 0.000 0.177
					]
				}
				normalIndex
				[
					0, 0, 0, -1,
					0, 0, 0, -1
				]
			}
		}
		Shape
		{
			appearance Appearance
			{
				material Material
				{
					diffuseColor 0.800 0.800 0.800
				}
			}
			geometry IndexedFaceSet
			{
				creaseAngle 0.5
				solid TRUE
				coord Coordinate
				{
					point
					[
						-3.140 -1.360 2.555,
						-2.860 -1.360 2.555,
						-3.320 -1.180 1.555,
						-2.680 -1.180 1.555
					]
				}
				coordIndex
				[
					0, 1, 2, -1,
					2, 1, 3, -1
				]
				normal Normal
				{
					vector
					[
						0.000 0.984 0.177
					]
				}
				normalIndex
				[
					0, 0, 0, -1,
					0, 0, 0, -1
				]
			}
		}
		Shape
		{
			appearance Appearance
			{
				material Material
				{
					diffuseColor 0.800 0.800 0.800
				}
			}
			geometry IndexedFaceSet
			{
				creaseAngle 0.5
				solid TRUE
				coord Coordinate
				{
					point
					[
						-2.680 -1.820 1.555,
						-2.680 -1.180 1.555,
						-2.860 -1.640 2.555,
						-2.860 -1.360 2.555
					]
				}
				coordIndex
				[
					0, 1, 2, -1,
					2, 1, 3, -1
				]
				normal Normal
				{
					vector
					[
						0.984 0.000 0.177
					]
				}
				normalIndex
				[
					0, 0, 0, -1,
					0, 0, 0, -1
				]
			}
		}
		Shape
		{
			appearance Appearance
			{
				material Material
				{
					diffuseColor 0.800 0.800 0.800
				}
			}
			geometry IndexedFaceSet
			{
				creaseAngle 0.5
				solid TRUE
				coord Coordinate
				{
					point
					[
						-2.680 1.820 -1.645,
						-3.320 1.820 -1.645,
						-2.680 1.820 1.555,
						-3.320 1.820 1.555
					]
				}
				coordIndex
				[
					0, 1, 2, -1,
					2, 1, 3, -1
				]
				normal Normal
				{
					vector
					[
						-0.000 1.000 0.000
					]
				}
				normalIndex
				[
					0, 0, 0, -1,
					0, 0, 0, -1
				]
			}
		}
		Shape
		{
			appearance Appearance
			{
				material Material
				{
					diffuseColor 0.800 0.800 0.800
				}
			}
			geometry IndexedFaceSet
			{
				creaseAngle 0.5
				solid TRUE
				coord Coordinate
				{
					point
					[
						-3.320 -6.120 -7.285,
						-3.140 -7.120 -7.105,
						-3.320 -6.120 -6.645,
						-3.140 -7.120 -6.825
					]
				}
				coordIndex
				[
					0, 1, 2, -1,
					2, 1, 3, -1
				]
				normal Normal
				{
					vector
					[
						-0.984 -0.177 0.000
					]
				}
				normalIndex
				[
					0, 0, 0, -1,
					0, 0, 0, -1
				]
			}
		}
		Shape
		{
			appearance Appearance
			{
				material Material
				{
					diffuseColor 0.800 0.800 0.800
				}
			}
			geometry IndexedFaceSet
			{
				creaseAngle 0.5
				solid TRUE
				coord Coordinate
				{
					point
					[
						-3.140 -7.120 -6.825,
						-2.860 -7.120 -6.825,
						-3.320 -6.120 -6.645,
						-2.680 -6.120 -6.645
					]
				}
				coordIndex
				[
					0, 1, 2, -1,
					2, 1, 3, -1
				]
				normal Normal
				{
					vector
					[
						0.000 -0.177 0.984
					]
				}
				normalIndex
				[
					0, 0, 0, -1,
					0, 0, 0, -1
				]
			}
		}
		Shape
		{
			appearance Appearance
			{
				material Material
				{
					diffuseColor 0.800 0.800 0.800
				}
			}
			geometry IndexedFaceSet
			{
				creaseAngle 0.5
				solid TRUE
				coord Coordinate
				{
					point
					[
						-2.680 0.949 -6.645,
						-3.320 0.949 -6.645,
						-2.680 -6.120 -6.645,
						-3.320 -6.120 -6.645
					]
				}
				coordIndex
				[
					0, 1, 2, -1,
					2, 1, 3, -1
				]
				normal Normal
				{
					vector
					[
						0.000 0.000 1.000
					]
				}
				normalIndex
				[
					0, 0, 0, -1,
					0, 0, 0, -1
				]
			}
		}
		Shape
		{
			appearance Appearance
			{
				material Material
				{
					diffuseColor 0.800 0.800 0.800
				}
			}
			geometry IndexedFaceSet
			{
				creaseAngle 0.5
				solid TRUE
				coord Coordinate
				{
					point
					[
						-3.320 0.949 -6.645,
						-2.680 0.949 -4.285,
						-3.320 0.949 -4.285,
						-2.680 0.949 -3.655,
						-3.320 0.949 -3.655,
						-2.680 0.949 -6.645
					]
				}
				coordIndex
				[
					0, 1, 2, -1,
					2, 1, 3, -1,
					2, 3, 4, -1,
					0, 5, 1, -1
				]
				normal Normal
				{
					vector
					[
						0.000 -1.000 0.000
					]
				}
				normalIndex
				[
					0, 0, 0, -1,
					0, 0, 0, -1,
					0, 0, 0, -1,
					0, 0, 0, -1
				]
			}
		}
		Shape
		{
			appearance Appearance
			{
				material Material
				{
					diffuseColor 0.800 0.800 0.800
				}
			}
			geometry IndexedFaceSet
			{
				creaseAngle 0.5
				solid TRUE
				coord Coordinate
				{
					point
					[
						-2.680 -6.120 -7.285,
						-2.680 -6.120 -6.645,
						-2.860 -7.120 -7.105,
						-2.860 -7.120 -6.825
					]
				}
				coordIndex
				[
					0, 1, 2, -1,
					2, 1, 3, -1
				]
				normal Normal
				{
					vector
					[
						0.984 -0.177 0.000
					]
				}
				normalIndex
				[
					0, 0, 0, -1,
					0, 0, 0, -1
				]
			}
		}
		Shape
		{
			appearance Appearance
			{
				material Material
				{
					diffuseColor 0.800 0.800 0.800
				}
			}
			geometry IndexedFaceSet
			{
				creaseAngle 0.5
				solid TRUE
				coord Coordinate
				{
					point
					[
						-2.860 -7.120 -7.105,
						-2.860 -7.120 -6.825,
						-3.140 -7.120 -7.105,
						-3.140 -7.120 -6.825
					]
				}
				coordIndex
				[
					0, 1, 2, -1,
					2, 1, 3, -1
				]
				normal Normal
				{
					vector
					[
						0.000 -1.000 0.000
					]
				}
				normalIndex
				[
					0, 0, 0, -1,
					0, 0, 0, -1
				]
			}
		}
		Shape
		{
			appearance Appearance
			{
				material Material
				{
					diffuseColor 0.800 0.800 0.800
				}
			}
			geometry IndexedFaceSet
			{
				creaseAngle 0.5
				solid TRUE
				coord Coordinate
				{
					point
					[
						-3.320 -6.120 -7.285,
						-2.680 -6.120 -7.285,
						-3.140 -7.120 -7.105,
						-2.860 -7.120 -7.105
					]
				}
				coordIndex
				[
					0, 1, 2, -1,
					2, 1, 3, -1
				]
				normal Normal
				{
					vector
					[
						0.000 -0.177 -0.984
					]
				}
				normalIndex
				[
					0, 0, 0, -1,
					0, 0, 0, -1
				]
			}
		}
		Shape
		{
			appearance Appearance
			{
				material Material
				{
					diffuseColor 0.800 0.800 0.800
				}
			}
			geometry IndexedFaceSet
			{
				creaseAngle 0.5
				solid TRUE
				coord Coordinate
				{
					point
					[
						-3.320 -6.120 -7.285,
						-3.320 1.589 -7.285,
						-2.680 -6.120 -7.285,
						-2.680 1.589 -7.285
					]
				}
				coordIndex
				[
					0, 1, 2, -1,
					2, 1, 3, -1
				]
				normal Normal
				{
					vector
					[
						0.000 0.000 -1.000
					]
				}
				normalIndex
				[
					0, 0, 0, -1,
					0, 0, 0, -1
				]
			}
		}
		Shape
		{
			appearance Appearance
			{
				material Material
				{
					diffuseColor 0.800 0.800 0.800
				}
			}
			geometry IndexedFaceSet
			{
				creaseAngle 0.5
				solid TRUE
				coord Coordinate
				{
					point
					[
						-3.320 -6.120 -4.285,
						-3.140 -7.120 -4.105,
						-3.320 -6.120 -3.645,
						-3.140 -7.120 -3.825
					]
				}
				coordIndex
				[
					0, 1, 2, -1,
					2, 1, 3, -1
				]
				normal Normal
				{
					vector
					[
						-0.984 -0.177 0.000
					]
				}
				normalIndex
				[
					0, 0, 0, -1,
					0, 0, 0, -1
				]
			}
		}
		Shape
		{
			appearance Appearance
			{
				material Material
				{
					diffuseColor 0.800 0.800 0.800
				}
			}
			geometry IndexedFaceSet
			{
				creaseAngle 0.5
				solid TRUE
				coord Coordinate
				{
					point
					[
						-3.140 -7.120 -3.825,
						-2.860 -7.120 -3.825,
						-3.320 -6.120 -3.645,
						-2.680 -6.120 -3.645
					]
				}
				coordIndex
				[
					0, 1, 2, -1,
					2, 1, 3, -1
				]
				normal Normal
				{
					vector
					[
						0.000 -0.177 0.984
					]
				}
				normalIndex
				[
					0, 0, 0, -1,
					0, 0, 0, -1
				]
			}
		}
		Shape
		{
			appearance Appearance
			{
				material Material
				{
					diffuseColor 0.800 0.800 0.800
				}
			}
			geometry IndexedFaceSet
			{
				creaseAngle 0.5
				solid TRUE
				coord Coordinate
				{
					point
					[
						-2.680 -3.430 -3.645,
						-3.320 -3.430 -3.645,
						-2.680 -6.120 -3.645,
						-3.320 -6.120 -3.645
					]
				}
				coordIndex
				[
					0, 1, 2, -1,
					2, 1, 3, -1
				]
				normal Normal
				{
					vector
					[
						0.000 0.000 1.000
					]
				}
				normalIndex
				[
					0, 0, 0, -1,
					0, 0, 0, -1
				]
			}
		}
		Shape
		{
			appearance Appearance
			{
				material Material
				{
					diffuseColor 0.800 0.800 0.800
				}
			}
			geometry IndexedFaceSet
			{
				creaseAngle 0.5
				solid TRUE
				coord Coordinate
				{
					point
					[
						-2.680 -6.120 -4.285,
						-2.680 -6.120 -3.645,
						-2.860 -7.120 -4.105,
						-2.860 -7.120 -3.825
					]
				}
				coordIndex
				[
					0, 1, 2, -1,
					2, 1, 3, -1
				]
				normal Normal
				{
					vector
					[
						0.984 -0.177 0.000
					]
				}
				normalIndex
				[
					0, 0, 0, -1,
					0, 0, 0, -1
				]
			}
		}
		Shape
		{
			appearance Appearance
			{
				material Material
				{
					diffuseColor 0.800 0.800 0.800
				}
			}
			geometry IndexedFaceSet
			{
				creaseAngle 0.5
				solid TRUE
				coord Coordinate
				{
					point
					[
						-2.860 -7.120 -4.105,
						-2.860 -7.120 -3.825,
						-3.140 -7.120 -4.105,
						-3.140 -7.120 -3.825
					]
				}
				coordIndex
				[
					0, 1, 2, -1,
					2, 1, 3, -1
				]
				normal Normal
				{
					vector
					[
						0.000 -1.000 0.000
					]
				}
				normalIndex
				[
					0, 0, 0, -1,
					0, 0, 0, -1
				]
			}
		}
		Shape
		{
			appearance Appearance
			{
				material Material
				{
					diffuseColor 0.800 0.800 0.800
				}
			}
			geometry IndexedFaceSet
			{
				creaseAngle 0.5
				solid TRUE
				coord Coordinate
				{
					point
					[
						-2.860 -7.120 -4.105,
						-3.140 -7.120 -4.105,
						-2.680 -6.120 -4.285,
						-3.320 -6.120 -4.285
					]
				}
				coordIndex
				[
					0, 1, 2, -1,
					2, 1, 3, -1
				]
				normal Normal
				{
					vector
					[
						0.000 -0.177 -0.984
					]
				}
				normalIndex
				[
					0, 0, 0, -1,
					0, 0, 0, -1
				]
			}
		}
		Shape
		{
			appearance Appearance
			{
				material Material
				{
					diffuseColor 0.800 0.800 0.800
				}
			}
			geometry IndexedFaceSet
			{
				creaseAngle 0.5
				solid TRUE
				coord Coordinate
				{
					point
					[
						4.825 3.175 -3.205,
						4.825 3.430 -3.205,
						4.825 3.175 -4.955,
						4.825 3.430 -4.955
					]
				}
				coordIndex
				[
					0, 1, 2, -1,
					2, 1, 3, -1
				]
				normal Normal
				{
					vector
					[
						-1.000 -0.000 -0.000
					]
				}
				normalIndex
				[
					0, 0, 0, -1,
					0, 0, 0, -1
				]
			}
		}
		Shape
		{
			appearance Appearance
			{
				material Material
				{
					diffuseColor 0.800 0.800 0.800
				}
			}
			geometry IndexedFaceSet
			{
				creaseAngle 0.5
				solid TRUE
				coord Coordinate
				{
					point
					[
						4.825 3.175 -3.205,
						-4.825 3.175 -3.205,
						4.825 3.430 -3.205,
						-4.825 3.430 -3.205
					]
				}
				coordIndex
				[
					0, 1, 2, -1,
					2, 1, 3, -1
				]
				normal Normal
				{
					vector
					[
						-0.000 -0.000 -1.000
					]
				}
				normalIndex
				[
					0, 0, 0, -1,
					0, 0, 0, -1
				]
			}
		}
		Shape
		{
			appearance Appearance
			{
				material Material
				{
					diffuseColor 0.800 0.800 0.800
				}
			}
			geometry IndexedFaceSet
			{
				creaseAngle 0.5
				solid TRUE
				coord Coordinate
				{
					point
					[
						6.575 1.000 -3.685,
						5.325 1.000 -3.685,
						6.575 1.000 -4.285,
						5.325 1.000 -4.285
					]
				}
				coordIndex
				[
					0, 1, 2, -1,
					2, 1, 3, -1
				]
				normal Normal
				{
					vector
					[
						0.000 -1.000 -0.000
					]
				}
				normalIndex
				[
					0, 0, 0, -1,
					0, 0, 0, -1
				]
			}
		}
		Shape
		{
			appearance Appearance
			{
				material Material
				{
					diffuseColor 0.800 0.800 0.800
				}
			}
			geometry IndexedFaceSet
			{
				creaseAngle 0.5
				solid TRUE
				coord Coordinate
				{
					point
					[
						5.325 1.000 -3.685,
						5.325 -1.000 -3.685,
						5.325 1.000 -4.285,
						5.325 -1.000 -4.285
					]
				}
				coordIndex
				[
					0, 1, 2, -1,
					2, 1, 3, -1
				]
				normal Normal
				{
					vector
					[
						1.000 0.000 0.000
					]
				}
				normalIndex
				[
					0, 0, 0, -1,
					0, 0, 0, -1
				]
			}
		}
		Shape
		{
			appearance Appearance
			{
				material Material
				{
					diffuseColor 0.800 0.800 0.800
				}
			}
			geometry IndexedFaceSet
			{
				creaseAngle 0.5
				solid TRUE
				coord Coordinate
				{
					point
					[
						5.325 -1.000 -4.285,
						5.325 -1.000 -3.685,
						6.575 -1.000 -4.285,
						6.575 -1.000 -3.685
					]
				}
				coordIndex
				[
					0, 1, 2, -1,
					2, 1, 3, -1
				]
				normal Normal
				{
					vector
					[
						-0.000 1.000 -0.000
					]
				}
				normalIndex
				[
					0, 0, 0, -1,
					0, 0, 0, -1
				]
			}
		}
		Shape
		{
			appearance Appearance
			{
				material Material
				{
					diffuseColor 0.800 0.800 0.800
				}
			}
			geometry IndexedFaceSet
			{
				creaseAngle 0.5
				solid TRUE
				coord Coordinate
				{
					point
					[
						6.575 -1.000 -3.685,
						5.325 -1.000 -3.685,
						6.575 1.000 -3.685,
						5.325 1.000 -3.685
					]
				}
				coordIndex
				[
					0, 1, 2, -1,
					2, 1, 3, -1
				]
				normal Normal
				{
					vector
					[
						-0.000 -0.000 -1.000
					]
				}
				normalIndex
				[
					0, 0, 0, -1,
					0, 0, 0, -1
				]
			}
		}
		Shape
		{
			appearance Appearance
			{
				material Material
				{
					diffuseColor 0.800 0.800 0.800
				}
			}
			geometry IndexedFaceSet
			{
				creaseAngle 0.5
				solid TRUE
				coord Coordinate
				{
					point
					[
						-5.325 -3.940 -3.355,
						-5.325 -3.940 -4.955,
						-5.325 -3.430 -3.355,
						-5.325 -3.430 -4.955
					]
				}
				coordIndex
				[
					0, 1, 2, -1,
					2, 1, 3, -1
				]
				normal Normal
				{
					vector
					[
						1.000 -0.000 -0.000
					]
				}
				normalIndex
				[
					0, 0, 0, -1,
					0, 0, 0, -1
				]
			}
		}
		Shape
		{
			appearance Appearance
			{
				material Material
				{
					diffuseColor 0.800 0.800 0.800
				}
			}
			geometry IndexedFaceSet
			{
				creaseAngle 0.5
				solid TRUE
				coord Coordinate
				{
					point
					[
						-5.325 1.000 -4.285,
						-5.325 1.000 -3.685,
						-6.575 1.000 -4.285,
						-6.575 1.000 -3.685
					]
				}
				coordIndex
				[
					0, 1, 2, -1,
					2, 1, 3, -1
				]
				normal Normal
				{
					vector
					[
						0.000 -1.000 0.000
					]
				}
				normalIndex
				[
					0, 0, 0, -1,
					0, 0, 0, -1
				]
			}
		}
		Shape
		{
			appearance Appearance
			{
				material Material
				{
					diffuseColor 0.800 0.800 0.800
				}
			}
			geometry IndexedFaceSet
			{
				creaseAngle 0.5
				solid TRUE
				coord Coordinate
				{
					point
					[
						-5.325 1.000 -3.685,
						-5.325 -1.000 -3.685,
						-6.575 1.000 -3.685,
						-6.575 -1.000 -3.685
					]
				}
				coordIndex
				[
					0, 1, 2, -1,
					2, 1, 3, -1
				]
				normal Normal
				{
					vector
					[
						0.000 0.000 -1.000
					]
				}
				normalIndex
				[
					0, 0, 0, -1,
					0, 0, 0, -1
				]
			}
		}
		Shape
		{
			appearance Appearance
			{
				material Material
				{
					diffuseColor 0.800 0.800 0.800
				}
			}
			geometry IndexedFaceSet
			{
				creaseAngle 0.5
				solid TRUE
				coord Coordinate
				{
					point
					[
						-6.575 -1.000 -3.685,
						-5.325 -1.000 -3.685,
						-6.575 -1.000 -4.285,
						-5.325 -1.000 -4.285
					]
				}
				coordIndex
				[
					0, 1, 2, -1,
					2, 1, 3, -1
				]
				normal Normal
				{
					vector
					[
						-0.000 1.000 0.000
					]
				}
				normalIndex
				[
					0, 0, 0, -1,
					0, 0, 0, -1
				]
			}
		}
		Shape
		{
			appearance Appearance
			{
				material Material
				{
					diffuseColor 0.800 0.800 0.800
				}
			}
			geometry IndexedFaceSet
			{
				creaseAngle 0.5
				solid TRUE
				coord Coordinate
				{
					point
					[
						-5.325 -1.000 -3.685,
						-5.325 1.000 -3.685,
						-5.325 -1.000 -4.285,
						-5.325 1.000 -4.285
					]
				}
				coordIndex
				[
					0, 1, 2, -1,
					2, 1, 3, -1
				]
				normal Normal
				{
					vector
					[
						-1.000 -0.000 -0.000
					]
				}
				normalIndex
				[
					0, 0, 0, -1,
					0, 0, 0, -1
				]
			}
		}
		Shape
		{
			appearance Appearance
			{
				material Material
				{
					diffuseColor 0.800 0.800 0.800
				}
			}
			geometry IndexedFaceSet
			{
				creaseAngle 0.5
				solid TRUE
				coord Coordinate
				{
					point
					[
						-4.940 -0.575 -0.195,
						-6.575 -0.575 -0.195,
						-4.940 -1.100 -0.195,
						-6.575 -1.100 -0.195
					]
				}
				coordIndex
				[
					0, 1, 2, -1,
					2, 1, 3, -1
				]
				normal Normal
				{
					vector
					[
						0.000 0.000 1.000
					]
				}
				normalIndex
				[
					0, 0, 0, -1,
					0, 0, 0, -1
				]
			}
		}
		Shape
		{
			appearance Appearance
			{
				material Material
				{
					diffuseColor 0.800 0.800 0.800
				}
			}
			geometry IndexedFaceSet
			{
				creaseAngle 0.5
				solid TRUE
				coord Coordinate
				{
					point
					[
						6.325 -2.200 2.805,
						6.275 -2.200 2.805,
						6.325 -2.200 1.785,
						6.275 -2.200 1.605,
						6.325 -2.200 1.605
					]
				}
				coordIndex
				[
					0, 1, 2, -1,
					2, 1, 3, -1,
					2, 3, 4, -1
				]
				normal Normal
				{
					vector
					[
						0.000 -1.000 -0.000
					]
				}
				normalIndex
				[
					0, 0, 0, -1,
					0, 0, 0, -1,
					0, 0, 0, -1
				]
			}
		}
		Shape
		{
			appearance Appearance
			{
				material Material
				{
					diffuseColor 0.800 0.800 0.800
				}
			}
			geometry IndexedFaceSet
			{
				creaseAngle 0.5
				solid TRUE
				coord Coordinate
				{
					point
					[
						6.325 -2.200 1.605,
						6.325 -2.350 1.605,
						6.325 -2.200 1.785,
						6.325 -2.350 1.785
					]
				}
				coordIndex
				[
					0, 1, 2, -1,
					2, 1, 3, -1
				]
				normal Normal
				{
					vector
					[
						-1.000 -0.000 -0.000
					]
				}
				normalIndex
				[
					0, 0, 0, -1,
					0, 0, 0, -1
				]
			}
		}
		Shape
		{
			appearance Appearance
			{
				material Material
				{
					diffuseColor 0.800 0.800 0.800
				}
			}
			geometry IndexedFaceSet
			{
				creaseAngle 0.5
				solid TRUE
				coord Coordinate
				{
					point
					[
						6.325 -2.350 1.605,
						6.275 -2.350 1.605,
						6.325 -2.350 1.785,
						6.275 -2.350 2.601,
						6.325 -2.350 2.601
					]
				}
				coordIndex
				[
					0, 1, 2, -1,
					2, 1, 3, -1,
					2, 3, 4, -1
				]
				normal Normal
				{
					vector
					[
						-0.000 1.000 -0.000
					]
				}
				normalIndex
				[
					0, 0, 0, -1,
					0, 0, 0, -1,
					0, 0, 0, -1
				]
			}
		}
		Shape
		{
			appearance Appearance
			{
				material Material
				{
					diffuseColor 0.800 0.800 0.800
				}
			}
			geometry IndexedFaceSet
			{
				creaseAngle 0.5
				solid TRUE
				coord Coordinate
				{
					point
					[
						6.325 -2.350 2.601,
						6.275 -2.350 2.601,
						6.325 -2.500 2.422,
						6.275 -2.500 2.422
					]
				}
				coordIndex
				[
					0, 1, 2, -1,
					2, 1, 3, -1
				]
				normal Normal
				{
					vector
					[
						-0.000 -0.766 0.643
					]
				}
				normalIndex
				[
					0, 0, 0, -1,
					0, 0, 0, -1
				]
			}
		}
		Shape
		{
			appearance Appearance
			{
				material Material
				{
					diffuseColor 0.800 0.800 0.800
				}
			}
			geometry IndexedFaceSet
			{
				creaseAngle 0.5
				solid TRUE
				coord Coordinate
				{
					point
					[
						6.275 -2.500 2.422,
						6.275 -2.500 2.626,
						6.325 -2.500 2.422,
						6.325 -2.500 2.626
					]
				}
				coordIndex
				[
					0, 1, 2, -1,
					2, 1, 3, -1
				]
				normal Normal
				{
					vector
					[
						-0.000 1.000 -0.000
					]
				}
				normalIndex
				[
					0, 0, 0, -1,
					0, 0, 0, -1
				]
			}
		}
		Shape
		{
			appearance Appearance
			{
				material Material
				{
					diffuseColor 0.800 0.800 0.800
				}
			}
			geometry IndexedFaceSet
			{
				creaseAngle 0.5
				solid TRUE
				coord Coordinate
				{
					point
					[
						6.325 -2.500 2.626,
						6.275 -2.500 2.626,
						6.325 -2.350 2.805,
						6.275 -2.350 2.805
					]
				}
				coordIndex
				[
					0, 1, 2, -1,
					2, 1, 3, -1
				]
				normal Normal
				{
					vector
					[
						-0.000 0.766 -0.643
					]
				}
				normalIndex
				[
					0, 0, 0, -1,
					0, 0, 0, -1
				]
			}
		}
		Shape
		{
			appearance Appearance
			{
				material Material
				{
					diffuseColor 0.800 0.800 0.800
				}
			}
			geometry IndexedFaceSet
			{
				creaseAngle 0.5
				solid TRUE
				coord Coordinate
				{
					point
					[
						6.325 -2.350 2.805,
						6.275 -2.350 2.805,
						6.325 -2.200 2.805,
						6.275 -2.200 2.805
					]
				}
				coordIndex
				[
					0, 1, 2, -1,
					2, 1, 3, -1
				]
				normal Normal
				{
					vector
					[
						-0.000 -0.000 -1.000
					]
				}
				normalIndex
				[
					0, 0, 0, -1,
					0, 0, 0, -1
				]
			}
		}
		Shape
		{
			appearance Appearance
			{
				material Material
				{
					diffuseColor 0.800 0.800 0.800
				}
			}
			geometry IndexedFaceSet
			{
				creaseAngle 0.5
				solid TRUE
				coord Coordinate
				{
					point
					[
						6.275 -2.200 1.605,
						6.275 -2.200 2.805,
						6.275 -2.350 2.601,
						6.275 -2.350 2.805,
						6.275 -2.500 2.626,
						6.275 -2.500 2.422,
						6.275 -2.350 1.605
					]
				}
				coordIndex
				[
					0, 1, 2, -1,
					2, 1, 3, -1,
					2, 3, 4, -1,
					4, 5, 2, -1,
					2, 6, 0, -1
				]
				normal Normal
				{
					vector
					[
						1.000 0.000 0.000
					]
				}
				normalIndex
				[
					0, 0, 0, -1,
					0, 0, 0, -1,
					0, 0, 0, -1,
					0, 0, 0, -1,
					0, 0, 0, -1
				]
			}
		}
		Shape
		{
			appearance Appearance
			{
				material Material
				{
					diffuseColor 0.800 0.800 0.800
				}
			}
			geometry IndexedFaceSet
			{
				creaseAngle 0.5
				solid TRUE
				coord Coordinate
				{
					point
					[
						6.275 -2.200 1.605,
						6.275 -2.350 1.605,
						6.325 -2.200 1.605,
						6.325 -2.350 1.605
					]
				}
				coordIndex
				[
					0, 1, 2, -1,
					2, 1, 3, -1
				]
				normal Normal
				{
					vector
					[
						-0.000 -0.000 1.000
					]
				}
				normalIndex
				[
					0, 0, 0, -1,
					0, 0, 0, -1
				]
			}
		}
	]
}
NavigationInfo
{
	headlight TRUE
	type "EXAMINE"
}
