ISO-10303-21;
HEADER;
FILE_DESCRIPTION(('FreeCAD Model'),'2;1');
FILE_NAME('Open CASCADE Shape Model','2026-08-27T15:46:41',('FreeCAD'),(
    'FreeCAD'),'Open CASCADE STEP processor 7.8','FreeCAD','Unknown');
FILE_SCHEMA(('AUTOMOTIVE_DESIGN { 1 0 10303 214 1 1 1 1 }'));
ENDSEC;
DATA;
#1 = APPLICATION_PROTOCOL_DEFINITION('international standard',
  'automotive_design',2000,#2);
#2 = APPLICATION_CONTEXT(
  'core data for automotive mechanical design processes');
#3 = SHAPE_DEFINITION_REPRESENTATION(#4,#10);
#4 = PRODUCT_DEFINITION_SHAPE('','',#5);
#5 = PRODUCT_DEFINITION('design','',#6,#9);
#6 = PRODUCT_DEFINITION_FORMATION('','',#7);
#7 = PRODUCT('Open CASCADE STEP translator 7.8 21',
  'Open CASCADE STEP translator 7.8 21','',(#8));
#8 = PRODUCT_CONTEXT('',#2,'mechanical');
#9 = PRODUCT_DEFINITION_CONTEXT('part definition',#2,'design');
#10 = ADVANCED_BREP_SHAPE_REPRESENTATION('',(#11,#15),#3554);
#11 = AXIS2_PLACEMENT_3D('',#12,#13,#14);
#12 = CARTESIAN_POINT('',(0.,0.,0.));
#13 = DIRECTION('',(0.,0.,1.));
#14 = DIRECTION('',(1.,0.,-0.));
#15 = MANIFOLD_SOLID_BREP('',#16);
#16 = CLOSED_SHELL('',(#17,#185,#235,#259,#283,#376,#400,#476,#500,#559,
    #583,#607,#631,#797,#821,#845,#897,#982,#1176,#1208,#1266,#1306,
    #1316,#1341,#1548,#1583,#1639,#1667,#1699,#1735,#1760,#1777,#1811,
    #1851,#1867,#1891,#1915,#1931,#1987,#2012,#2052,#2063,#2087,#2120,
    #2137,#2169,#2225,#2250,#2267,#2301,#2354,#2390,#2418,#2473,#2554,
    #2581,#2598,#2616,#2628,#2656,#2678,#2714,#2744,#2768,#2788,#2819,
    #2833,#2851,#2863,#2888,#2906,#2968,#3001,#3041,#3058,#3070,#3082,
    #3119,#3136,#3153,#3187,#3212,#3224,#3233,#3266,#3292,#3309,#3334,
    #3343,#3369,#3394,#3412,#3432,#3450,#3475,#3486,#3495,#3520,#3529,
    #3538));
#17 = ADVANCED_FACE('',(#18),#180,.T.);
#18 = FACE_BOUND('',#19,.T.);
#19 = EDGE_LOOP('',(#20,#31,#39,#48,#56,#64,#73,#82,#91,#100,#108,#116,
    #124,#133,#141,#149,#157,#166,#174));
#20 = ORIENTED_EDGE('',*,*,#21,.F.);
#21 = EDGE_CURVE('',#22,#24,#26,.T.);
#22 = VERTEX_POINT('',#23);
#23 = CARTESIAN_POINT('',(-0.5,0.9,23.5));
#24 = VERTEX_POINT('',#25);
#25 = CARTESIAN_POINT('',(0.9,-0.5,23.5));
#26 = CIRCLE('',#27,1.4);
#27 = AXIS2_PLACEMENT_3D('',#28,#29,#30);
#28 = CARTESIAN_POINT('',(0.9,0.9,23.5));
#29 = DIRECTION('',(-0.,0.,1.));
#30 = DIRECTION('',(0.,-1.,0.));
#31 = ORIENTED_EDGE('',*,*,#32,.T.);
#32 = EDGE_CURVE('',#22,#33,#35,.T.);
#33 = VERTEX_POINT('',#34);
#34 = CARTESIAN_POINT('',(-0.5,36.65,23.5));
#35 = LINE('',#36,#37);
#36 = CARTESIAN_POINT('',(-0.5,-0.5,23.5));
#37 = VECTOR('',#38,1.);
#38 = DIRECTION('',(0.,1.,0.));
#39 = ORIENTED_EDGE('',*,*,#40,.T.);
#40 = EDGE_CURVE('',#33,#41,#43,.T.);
#41 = VERTEX_POINT('',#42);
#42 = CARTESIAN_POINT('',(0.9,38.05,23.5));
#43 = CIRCLE('',#44,1.4);
#44 = AXIS2_PLACEMENT_3D('',#45,#46,#47);
#45 = CARTESIAN_POINT('',(0.9,36.65,23.5));
#46 = DIRECTION('',(-0.,-0.,-1.));
#47 = DIRECTION('',(0.,-1.,0.));
#48 = ORIENTED_EDGE('',*,*,#49,.T.);
#49 = EDGE_CURVE('',#41,#50,#52,.T.);
#50 = VERTEX_POINT('',#51);
#51 = CARTESIAN_POINT('',(15.27,38.05,23.5));
#52 = LINE('',#53,#54);
#53 = CARTESIAN_POINT('',(-0.5,38.05,23.5));
#54 = VECTOR('',#55,1.);
#55 = DIRECTION('',(1.,0.,0.));
#56 = ORIENTED_EDGE('',*,*,#57,.F.);
#57 = EDGE_CURVE('',#58,#50,#60,.T.);
#58 = VERTEX_POINT('',#59);
#59 = CARTESIAN_POINT('',(15.27,37.53173769149,23.5));
#60 = LINE('',#61,#62);
#61 = CARTESIAN_POINT('',(15.27,36.85,23.5));
#62 = VECTOR('',#63,1.);
#63 = DIRECTION('',(0.,1.,0.));
#64 = ORIENTED_EDGE('',*,*,#65,.T.);
#65 = EDGE_CURVE('',#58,#66,#68,.T.);
#66 = VERTEX_POINT('',#67);
#67 = CARTESIAN_POINT('',(17.02425,31.729304559589,23.5));
#68 = CIRCLE('',#69,3.25);
#69 = AXIS2_PLACEMENT_3D('',#70,#71,#72);
#70 = CARTESIAN_POINT('',(17.27,34.97,23.5));
#71 = DIRECTION('',(0.,0.,1.));
#72 = DIRECTION('',(1.,0.,0.));
#73 = ORIENTED_EDGE('',*,*,#74,.T.);
#74 = EDGE_CURVE('',#66,#75,#77,.T.);
#75 = VERTEX_POINT('',#76);
#76 = CARTESIAN_POINT('',(17.078666666667,31.725636956881,23.5));
#77 = CIRCLE('',#78,3.25);
#78 = AXIS2_PLACEMENT_3D('',#79,#80,#81);
#79 = CARTESIAN_POINT('',(17.27,34.97,23.5));
#80 = DIRECTION('',(0.,0.,1.));
#81 = DIRECTION('',(1.,0.,0.));
#82 = ORIENTED_EDGE('',*,*,#83,.T.);
#83 = EDGE_CURVE('',#75,#84,#86,.T.);
#84 = VERTEX_POINT('',#85);
#85 = CARTESIAN_POINT('',(20.52,34.97,23.5));
#86 = CIRCLE('',#87,3.25);
#87 = AXIS2_PLACEMENT_3D('',#88,#89,#90);
#88 = CARTESIAN_POINT('',(17.27,34.97,23.5));
#89 = DIRECTION('',(0.,0.,1.));
#90 = DIRECTION('',(1.,0.,0.));
#91 = ORIENTED_EDGE('',*,*,#92,.T.);
#92 = EDGE_CURVE('',#84,#93,#95,.T.);
#93 = VERTEX_POINT('',#94);
#94 = CARTESIAN_POINT('',(19.27,37.53173769149,23.5));
#95 = CIRCLE('',#96,3.25);
#96 = AXIS2_PLACEMENT_3D('',#97,#98,#99);
#97 = CARTESIAN_POINT('',(17.27,34.97,23.5));
#98 = DIRECTION('',(0.,0.,1.));
#99 = DIRECTION('',(1.,0.,0.));
#100 = ORIENTED_EDGE('',*,*,#101,.T.);
#101 = EDGE_CURVE('',#93,#102,#104,.T.);
#102 = VERTEX_POINT('',#103);
#103 = CARTESIAN_POINT('',(19.27,38.05,23.5));
#104 = LINE('',#105,#106);
#105 = CARTESIAN_POINT('',(19.27,36.85,23.5));
#106 = VECTOR('',#107,1.);
#107 = DIRECTION('',(0.,1.,0.));
#108 = ORIENTED_EDGE('',*,*,#109,.T.);
#109 = EDGE_CURVE('',#102,#110,#112,.T.);
#110 = VERTEX_POINT('',#111);
#111 = CARTESIAN_POINT('',(61.94,38.05,23.5));
#112 = LINE('',#113,#114);
#113 = CARTESIAN_POINT('',(-0.5,38.05,23.5));
#114 = VECTOR('',#115,1.);
#115 = DIRECTION('',(1.,0.,0.));
#116 = ORIENTED_EDGE('',*,*,#117,.F.);
#117 = EDGE_CURVE('',#118,#110,#120,.T.);
#118 = VERTEX_POINT('',#119);
#119 = CARTESIAN_POINT('',(61.94,37.42173769149,23.5));
#120 = LINE('',#121,#122);
#121 = CARTESIAN_POINT('',(61.94,36.85,23.5));
#122 = VECTOR('',#123,1.);
#123 = DIRECTION('',(0.,1.,0.));
#124 = ORIENTED_EDGE('',*,*,#125,.T.);
#125 = EDGE_CURVE('',#118,#126,#128,.T.);
#126 = VERTEX_POINT('',#127);
#127 = CARTESIAN_POINT('',(66.50173769149,32.86,23.5));
#128 = CIRCLE('',#129,3.25);
#129 = AXIS2_PLACEMENT_3D('',#130,#131,#132);
#130 = CARTESIAN_POINT('',(63.94,34.86,23.5));
#131 = DIRECTION('',(0.,0.,1.));
#132 = DIRECTION('',(1.,0.,0.));
#133 = ORIENTED_EDGE('',*,*,#134,.T.);
#134 = EDGE_CURVE('',#126,#135,#137,.T.);
#135 = VERTEX_POINT('',#136);
#136 = CARTESIAN_POINT('',(67.15,32.86,23.5));
#137 = LINE('',#138,#139);
#138 = CARTESIAN_POINT('',(65.9,32.86,23.5));
#139 = VECTOR('',#140,1.);
#140 = DIRECTION('',(1.,0.,0.));
#141 = ORIENTED_EDGE('',*,*,#142,.F.);
#142 = EDGE_CURVE('',#143,#135,#145,.T.);
#143 = VERTEX_POINT('',#144);
#144 = CARTESIAN_POINT('',(67.15,4.7,23.5));
#145 = LINE('',#146,#147);
#146 = CARTESIAN_POINT('',(67.15,-0.5,23.5));
#147 = VECTOR('',#148,1.);
#148 = DIRECTION('',(0.,1.,0.));
#149 = ORIENTED_EDGE('',*,*,#150,.F.);
#150 = EDGE_CURVE('',#151,#143,#153,.T.);
#151 = VERTEX_POINT('',#152);
#152 = CARTESIAN_POINT('',(66.55173769149,4.7,23.5));
#153 = LINE('',#154,#155);
#154 = CARTESIAN_POINT('',(65.9,4.7,23.5));
#155 = VECTOR('',#156,1.);
#156 = DIRECTION('',(1.,0.,0.));
#157 = ORIENTED_EDGE('',*,*,#158,.T.);
#158 = EDGE_CURVE('',#151,#159,#161,.T.);
#159 = VERTEX_POINT('',#160);
#160 = CARTESIAN_POINT('',(61.99,0.13826230851,23.5));
#161 = CIRCLE('',#162,3.25);
#162 = AXIS2_PLACEMENT_3D('',#163,#164,#165);
#163 = CARTESIAN_POINT('',(63.99,2.7,23.5));
#164 = DIRECTION('',(0.,0.,1.));
#165 = DIRECTION('',(1.,0.,0.));
#166 = ORIENTED_EDGE('',*,*,#167,.F.);
#167 = EDGE_CURVE('',#168,#159,#170,.T.);
#168 = VERTEX_POINT('',#169);
#169 = CARTESIAN_POINT('',(61.99,-0.5,23.5));
#170 = LINE('',#171,#172);
#171 = CARTESIAN_POINT('',(61.99,-1.,23.5));
#172 = VECTOR('',#173,1.);
#173 = DIRECTION('',(0.,1.,0.));
#174 = ORIENTED_EDGE('',*,*,#175,.F.);
#175 = EDGE_CURVE('',#24,#168,#176,.T.);
#176 = LINE('',#177,#178);
#177 = CARTESIAN_POINT('',(-0.5,-0.5,23.5));
#178 = VECTOR('',#179,1.);
#179 = DIRECTION('',(1.,0.,0.));
#180 = PLANE('',#181);
#181 = AXIS2_PLACEMENT_3D('',#182,#183,#184);
#182 = CARTESIAN_POINT('',(33.579924223154,19.820060730619,23.5));
#183 = DIRECTION('',(-0.,-0.,-1.));
#184 = DIRECTION('',(-1.,0.,0.));
#185 = ADVANCED_FACE('',(#186),#230,.F.);
#186 = FACE_BOUND('',#187,.F.);
#187 = EDGE_LOOP('',(#188,#189,#197,#206,#215,#224));
#188 = ORIENTED_EDGE('',*,*,#21,.F.);
#189 = ORIENTED_EDGE('',*,*,#190,.F.);
#190 = EDGE_CURVE('',#191,#22,#193,.T.);
#191 = VERTEX_POINT('',#192);
#192 = CARTESIAN_POINT('',(-0.5,0.9,11.96));
#193 = LINE('',#194,#195);
#194 = CARTESIAN_POINT('',(-0.5,0.9,-3.));
#195 = VECTOR('',#196,1.);
#196 = DIRECTION('',(0.,0.,1.));
#197 = ORIENTED_EDGE('',*,*,#198,.T.);
#198 = EDGE_CURVE('',#191,#199,#201,.T.);
#199 = VERTEX_POINT('',#200);
#200 = CARTESIAN_POINT('',(-0.2,3.397459621562E-02,11.96));
#201 = CIRCLE('',#202,1.4);
#202 = AXIS2_PLACEMENT_3D('',#203,#204,#205);
#203 = CARTESIAN_POINT('',(0.9,0.9,11.96));
#204 = DIRECTION('',(0.,0.,1.));
#205 = DIRECTION('',(-1.,0.,0.));
#206 = ORIENTED_EDGE('',*,*,#207,.T.);
#207 = EDGE_CURVE('',#199,#208,#210,.T.);
#208 = VERTEX_POINT('',#209);
#209 = CARTESIAN_POINT('',(3.397459621563E-02,-0.2,11.96));
#210 = CIRCLE('',#211,1.4);
#211 = AXIS2_PLACEMENT_3D('',#212,#213,#214);
#212 = CARTESIAN_POINT('',(0.9,0.9,11.96));
#213 = DIRECTION('',(0.,0.,1.));
#214 = DIRECTION('',(-1.,0.,0.));
#215 = ORIENTED_EDGE('',*,*,#216,.T.);
#216 = EDGE_CURVE('',#208,#217,#219,.T.);
#217 = VERTEX_POINT('',#218);
#218 = CARTESIAN_POINT('',(0.9,-0.5,11.96));
#219 = CIRCLE('',#220,1.4);
#220 = AXIS2_PLACEMENT_3D('',#221,#222,#223);
#221 = CARTESIAN_POINT('',(0.9,0.9,11.96));
#222 = DIRECTION('',(0.,0.,1.));
#223 = DIRECTION('',(-1.,0.,0.));
#224 = ORIENTED_EDGE('',*,*,#225,.T.);
#225 = EDGE_CURVE('',#217,#24,#226,.T.);
#226 = LINE('',#227,#228);
#227 = CARTESIAN_POINT('',(0.9,-0.5,-1.));
#228 = VECTOR('',#229,1.);
#229 = DIRECTION('',(0.,0.,1.));
#230 = CYLINDRICAL_SURFACE('',#231,1.4);
#231 = AXIS2_PLACEMENT_3D('',#232,#233,#234);
#232 = CARTESIAN_POINT('',(0.9,0.9,-1.));
#233 = DIRECTION('',(0.,0.,1.));
#234 = DIRECTION('',(-1.,0.,0.));
#235 = ADVANCED_FACE('',(#236),#254,.T.);
#236 = FACE_BOUND('',#237,.T.);
#237 = EDGE_LOOP('',(#238,#246,#247,#248));
#238 = ORIENTED_EDGE('',*,*,#239,.F.);
#239 = EDGE_CURVE('',#217,#240,#242,.T.);
#240 = VERTEX_POINT('',#241);
#241 = CARTESIAN_POINT('',(61.99,-0.5,11.96));
#242 = LINE('',#243,#244);
#243 = CARTESIAN_POINT('',(-50.25,-0.5,11.96));
#244 = VECTOR('',#245,1.);
#245 = DIRECTION('',(1.,0.,0.));
#246 = ORIENTED_EDGE('',*,*,#225,.T.);
#247 = ORIENTED_EDGE('',*,*,#175,.T.);
#248 = ORIENTED_EDGE('',*,*,#249,.T.);
#249 = EDGE_CURVE('',#168,#240,#250,.T.);
#250 = LINE('',#251,#252);
#251 = CARTESIAN_POINT('',(61.99,-0.5,3.48));
#252 = VECTOR('',#253,1.);
#253 = DIRECTION('',(0.,0.,-1.));
#254 = PLANE('',#255);
#255 = AXIS2_PLACEMENT_3D('',#256,#257,#258);
#256 = CARTESIAN_POINT('',(31.445,-0.5,17.73));
#257 = DIRECTION('',(0.,1.,0.));
#258 = DIRECTION('',(0.,0.,1.));
#259 = ADVANCED_FACE('',(#260),#278,.T.);
#260 = FACE_BOUND('',#261,.T.);
#261 = EDGE_LOOP('',(#262,#270,#271,#272));
#262 = ORIENTED_EDGE('',*,*,#263,.F.);
#263 = EDGE_CURVE('',#240,#264,#266,.T.);
#264 = VERTEX_POINT('',#265);
#265 = CARTESIAN_POINT('',(61.99,0.13826230851,11.96));
#266 = LINE('',#267,#268);
#267 = CARTESIAN_POINT('',(61.99,-1.,11.96));
#268 = VECTOR('',#269,1.);
#269 = DIRECTION('',(0.,1.,0.));
#270 = ORIENTED_EDGE('',*,*,#249,.F.);
#271 = ORIENTED_EDGE('',*,*,#167,.T.);
#272 = ORIENTED_EDGE('',*,*,#273,.F.);
#273 = EDGE_CURVE('',#264,#159,#274,.T.);
#274 = LINE('',#275,#276);
#275 = CARTESIAN_POINT('',(61.99,0.13826230851,4.2));
#276 = VECTOR('',#277,1.);
#277 = DIRECTION('',(0.,0.,1.));
#278 = PLANE('',#279);
#279 = AXIS2_PLACEMENT_3D('',#280,#281,#282);
#280 = CARTESIAN_POINT('',(61.99,-0.180868845745,17.73));
#281 = DIRECTION('',(-1.,-0.,-0.));
#282 = DIRECTION('',(0.,0.,-1.));
#283 = ADVANCED_FACE('',(#284),#371,.T.);
#284 = FACE_BOUND('',#285,.T.);
#285 = EDGE_LOOP('',(#286,#287,#288,#296,#305,#313,#322,#330,#339,#347,
    #356,#364));
#286 = ORIENTED_EDGE('',*,*,#273,.T.);
#287 = ORIENTED_EDGE('',*,*,#158,.F.);
#288 = ORIENTED_EDGE('',*,*,#289,.F.);
#289 = EDGE_CURVE('',#290,#151,#292,.T.);
#290 = VERTEX_POINT('',#291);
#291 = CARTESIAN_POINT('',(66.55173769149,4.7,11.96));
#292 = LINE('',#293,#294);
#293 = CARTESIAN_POINT('',(66.55173769149,4.7,6.2));
#294 = VECTOR('',#295,1.);
#295 = DIRECTION('',(0.,0.,1.));
#296 = ORIENTED_EDGE('',*,*,#297,.F.);
#297 = EDGE_CURVE('',#298,#290,#300,.T.);
#298 = VERTEX_POINT('',#299);
#299 = CARTESIAN_POINT('',(66.855,4.234364689375,11.96));
#300 = CIRCLE('',#301,3.25);
#301 = AXIS2_PLACEMENT_3D('',#302,#303,#304);
#302 = CARTESIAN_POINT('',(63.99,2.7,11.96));
#303 = DIRECTION('',(0.,0.,1.));
#304 = DIRECTION('',(1.,0.,0.));
#305 = ORIENTED_EDGE('',*,*,#306,.F.);
#306 = EDGE_CURVE('',#307,#298,#309,.T.);
#307 = VERTEX_POINT('',#308);
#308 = CARTESIAN_POINT('',(66.855,4.234364689375,6.2));
#309 = LINE('',#310,#311);
#310 = CARTESIAN_POINT('',(66.855,4.234364689375,6.2));
#311 = VECTOR('',#312,1.);
#312 = DIRECTION('',(0.,0.,1.));
#313 = ORIENTED_EDGE('',*,*,#314,.T.);
#314 = EDGE_CURVE('',#307,#315,#317,.T.);
#315 = VERTEX_POINT('',#316);
#316 = CARTESIAN_POINT('',(61.54,4.835415650406,6.2));
#317 = CIRCLE('',#318,3.25);
#318 = AXIS2_PLACEMENT_3D('',#319,#320,#321);
#319 = CARTESIAN_POINT('',(63.99,2.7,6.2));
#320 = DIRECTION('',(0.,0.,1.));
#321 = DIRECTION('',(1.,0.,0.));
#322 = ORIENTED_EDGE('',*,*,#323,.T.);
#323 = EDGE_CURVE('',#315,#324,#326,.T.);
#324 = VERTEX_POINT('',#325);
#325 = CARTESIAN_POINT('',(61.54,4.835415650406,8.1));
#326 = LINE('',#327,#328);
#327 = CARTESIAN_POINT('',(61.54,4.835415650406,6.2));
#328 = VECTOR('',#329,1.);
#329 = DIRECTION('',(0.,0.,1.));
#330 = ORIENTED_EDGE('',*,*,#331,.T.);
#331 = EDGE_CURVE('',#324,#332,#334,.T.);
#332 = VERTEX_POINT('',#333);
#333 = CARTESIAN_POINT('',(61.54,0.564584349594,8.1));
#334 = ELLIPSE('',#335,4.596194077713,3.25);
#335 = AXIS2_PLACEMENT_3D('',#336,#337,#338);
#336 = CARTESIAN_POINT('',(63.99,2.7,5.65));
#337 = DIRECTION('',(0.707106781187,-9.E-17,0.707106781187));
#338 = DIRECTION('',(-0.707106781187,9.E-17,0.707106781187));
#339 = ORIENTED_EDGE('',*,*,#340,.F.);
#340 = EDGE_CURVE('',#341,#332,#343,.T.);
#341 = VERTEX_POINT('',#342);
#342 = CARTESIAN_POINT('',(61.54,0.564584349594,6.2));
#343 = LINE('',#344,#345);
#344 = CARTESIAN_POINT('',(61.54,0.564584349594,6.2));
#345 = VECTOR('',#346,1.);
#346 = DIRECTION('',(0.,0.,1.));
#347 = ORIENTED_EDGE('',*,*,#348,.T.);
#348 = EDGE_CURVE('',#341,#349,#351,.T.);
#349 = VERTEX_POINT('',#350);
#350 = CARTESIAN_POINT('',(62.522859924888,-0.2,6.2));
#351 = CIRCLE('',#352,3.25);
#352 = AXIS2_PLACEMENT_3D('',#353,#354,#355);
#353 = CARTESIAN_POINT('',(63.99,2.7,6.2));
#354 = DIRECTION('',(0.,0.,1.));
#355 = DIRECTION('',(1.,0.,0.));
#356 = ORIENTED_EDGE('',*,*,#357,.T.);
#357 = EDGE_CURVE('',#349,#358,#360,.T.);
#358 = VERTEX_POINT('',#359);
#359 = CARTESIAN_POINT('',(62.522859924888,-0.2,11.96));
#360 = LINE('',#361,#362);
#361 = CARTESIAN_POINT('',(62.522859924888,-0.2,6.2));
#362 = VECTOR('',#363,1.);
#363 = DIRECTION('',(0.,0.,1.));
#364 = ORIENTED_EDGE('',*,*,#365,.F.);
#365 = EDGE_CURVE('',#264,#358,#366,.T.);
#366 = CIRCLE('',#367,3.25);
#367 = AXIS2_PLACEMENT_3D('',#368,#369,#370);
#368 = CARTESIAN_POINT('',(63.99,2.7,11.96));
#369 = DIRECTION('',(0.,0.,1.));
#370 = DIRECTION('',(1.,0.,0.));
#371 = CYLINDRICAL_SURFACE('',#372,3.25);
#372 = AXIS2_PLACEMENT_3D('',#373,#374,#375);
#373 = CARTESIAN_POINT('',(63.99,2.7,6.2));
#374 = DIRECTION('',(0.,0.,1.));
#375 = DIRECTION('',(1.,0.,0.));
#376 = ADVANCED_FACE('',(#377),#395,.T.);
#377 = FACE_BOUND('',#378,.T.);
#378 = EDGE_LOOP('',(#379,#387,#388,#389));
#379 = ORIENTED_EDGE('',*,*,#380,.F.);
#380 = EDGE_CURVE('',#290,#381,#383,.T.);
#381 = VERTEX_POINT('',#382);
#382 = CARTESIAN_POINT('',(67.15,4.7,11.96));
#383 = LINE('',#384,#385);
#384 = CARTESIAN_POINT('',(65.9,4.7,11.96));
#385 = VECTOR('',#386,1.);
#386 = DIRECTION('',(1.,0.,0.));
#387 = ORIENTED_EDGE('',*,*,#289,.T.);
#388 = ORIENTED_EDGE('',*,*,#150,.T.);
#389 = ORIENTED_EDGE('',*,*,#390,.F.);
#390 = EDGE_CURVE('',#381,#143,#391,.T.);
#391 = LINE('',#392,#393);
#392 = CARTESIAN_POINT('',(67.15,4.7,5.48));
#393 = VECTOR('',#394,1.);
#394 = DIRECTION('',(0.,0.,1.));
#395 = PLANE('',#396);
#396 = AXIS2_PLACEMENT_3D('',#397,#398,#399);
#397 = CARTESIAN_POINT('',(66.850868845745,4.7,17.73));
#398 = DIRECTION('',(0.,1.,0.));
#399 = DIRECTION('',(0.,0.,1.));
#400 = ADVANCED_FACE('',(#401),#471,.T.);
#401 = FACE_BOUND('',#402,.T.);
#402 = EDGE_LOOP('',(#403,#404,#405,#413,#421,#430,#439,#447,#456,#465)
  );
#403 = ORIENTED_EDGE('',*,*,#390,.T.);
#404 = ORIENTED_EDGE('',*,*,#142,.T.);
#405 = ORIENTED_EDGE('',*,*,#406,.F.);
#406 = EDGE_CURVE('',#407,#135,#409,.T.);
#407 = VERTEX_POINT('',#408);
#408 = CARTESIAN_POINT('',(67.15,32.86,11.96));
#409 = LINE('',#410,#411);
#410 = CARTESIAN_POINT('',(67.15,32.86,3.48));
#411 = VECTOR('',#412,1.);
#412 = DIRECTION('',(0.,0.,1.));
#413 = ORIENTED_EDGE('',*,*,#414,.T.);
#414 = EDGE_CURVE('',#407,#415,#417,.T.);
#415 = VERTEX_POINT('',#416);
#416 = CARTESIAN_POINT('',(67.15,30.98,11.96));
#417 = LINE('',#418,#419);
#418 = CARTESIAN_POINT('',(67.15,-50.25,11.96));
#419 = VECTOR('',#420,1.);
#420 = DIRECTION('',(0.,-1.,0.));
#421 = ORIENTED_EDGE('',*,*,#422,.T.);
#422 = EDGE_CURVE('',#415,#423,#425,.T.);
#423 = VERTEX_POINT('',#424);
#424 = CARTESIAN_POINT('',(67.15,27.38,15.56));
#425 = CIRCLE('',#426,3.6);
#426 = AXIS2_PLACEMENT_3D('',#427,#428,#429);
#427 = CARTESIAN_POINT('',(67.15,27.38,11.96));
#428 = DIRECTION('',(1.,0.,-0.));
#429 = DIRECTION('',(0.,0.,1.));
#430 = ORIENTED_EDGE('',*,*,#431,.T.);
#431 = EDGE_CURVE('',#423,#432,#434,.T.);
#432 = VERTEX_POINT('',#433);
#433 = CARTESIAN_POINT('',(67.15,23.78,11.96));
#434 = CIRCLE('',#435,3.6);
#435 = AXIS2_PLACEMENT_3D('',#436,#437,#438);
#436 = CARTESIAN_POINT('',(67.15,27.38,11.96));
#437 = DIRECTION('',(1.,0.,-0.));
#438 = DIRECTION('',(0.,0.,1.));
#439 = ORIENTED_EDGE('',*,*,#440,.T.);
#440 = EDGE_CURVE('',#432,#441,#443,.T.);
#441 = VERTEX_POINT('',#442);
#442 = CARTESIAN_POINT('',(67.15,14.33,11.96));
#443 = LINE('',#444,#445);
#444 = CARTESIAN_POINT('',(67.15,-50.25,11.96));
#445 = VECTOR('',#446,1.);
#446 = DIRECTION('',(0.,-1.,0.));
#447 = ORIENTED_EDGE('',*,*,#448,.T.);
#448 = EDGE_CURVE('',#441,#449,#451,.T.);
#449 = VERTEX_POINT('',#450);
#450 = CARTESIAN_POINT('',(67.15,10.73,15.56));
#451 = CIRCLE('',#452,3.6);
#452 = AXIS2_PLACEMENT_3D('',#453,#454,#455);
#453 = CARTESIAN_POINT('',(67.15,10.73,11.96));
#454 = DIRECTION('',(1.,0.,-0.));
#455 = DIRECTION('',(0.,0.,1.));
#456 = ORIENTED_EDGE('',*,*,#457,.T.);
#457 = EDGE_CURVE('',#449,#458,#460,.T.);
#458 = VERTEX_POINT('',#459);
#459 = CARTESIAN_POINT('',(67.15,7.13,11.96));
#460 = CIRCLE('',#461,3.6);
#461 = AXIS2_PLACEMENT_3D('',#462,#463,#464);
#462 = CARTESIAN_POINT('',(67.15,10.73,11.96));
#463 = DIRECTION('',(1.,0.,-0.));
#464 = DIRECTION('',(0.,0.,1.));
#465 = ORIENTED_EDGE('',*,*,#466,.T.);
#466 = EDGE_CURVE('',#458,#381,#467,.T.);
#467 = LINE('',#468,#469);
#468 = CARTESIAN_POINT('',(67.15,-50.25,11.96));
#469 = VECTOR('',#470,1.);
#470 = DIRECTION('',(0.,-1.,0.));
#471 = PLANE('',#472);
#472 = AXIS2_PLACEMENT_3D('',#473,#474,#475);
#473 = CARTESIAN_POINT('',(67.15,18.805062857723,17.777309534469));
#474 = DIRECTION('',(-1.,-0.,-0.));
#475 = DIRECTION('',(0.,0.,-1.));
#476 = ADVANCED_FACE('',(#477),#495,.T.);
#477 = FACE_BOUND('',#478,.T.);
#478 = EDGE_LOOP('',(#479,#487,#488,#489));
#479 = ORIENTED_EDGE('',*,*,#480,.T.);
#480 = EDGE_CURVE('',#481,#407,#483,.T.);
#481 = VERTEX_POINT('',#482);
#482 = CARTESIAN_POINT('',(66.50173769149,32.86,11.96));
#483 = LINE('',#484,#485);
#484 = CARTESIAN_POINT('',(65.9,32.86,11.96));
#485 = VECTOR('',#486,1.);
#486 = DIRECTION('',(1.,0.,0.));
#487 = ORIENTED_EDGE('',*,*,#406,.T.);
#488 = ORIENTED_EDGE('',*,*,#134,.F.);
#489 = ORIENTED_EDGE('',*,*,#490,.F.);
#490 = EDGE_CURVE('',#481,#126,#491,.T.);
#491 = LINE('',#492,#493);
#492 = CARTESIAN_POINT('',(66.50173769149,32.86,4.2));
#493 = VECTOR('',#494,1.);
#494 = DIRECTION('',(0.,0.,1.));
#495 = PLANE('',#496);
#496 = AXIS2_PLACEMENT_3D('',#497,#498,#499);
#497 = CARTESIAN_POINT('',(66.825868845745,32.86,17.73));
#498 = DIRECTION('',(-0.,-1.,-0.));
#499 = DIRECTION('',(0.,0.,-1.));
#500 = ADVANCED_FACE('',(#501),#554,.T.);
#501 = FACE_BOUND('',#502,.T.);
#502 = EDGE_LOOP('',(#503,#504,#505,#513,#522,#530,#539,#547));
#503 = ORIENTED_EDGE('',*,*,#490,.T.);
#504 = ORIENTED_EDGE('',*,*,#125,.F.);
#505 = ORIENTED_EDGE('',*,*,#506,.F.);
#506 = EDGE_CURVE('',#507,#118,#509,.T.);
#507 = VERTEX_POINT('',#508);
#508 = CARTESIAN_POINT('',(61.94,37.42173769149,11.96));
#509 = LINE('',#510,#511);
#510 = CARTESIAN_POINT('',(61.94,37.42173769149,6.2));
#511 = VECTOR('',#512,1.);
#512 = DIRECTION('',(0.,0.,1.));
#513 = ORIENTED_EDGE('',*,*,#514,.F.);
#514 = EDGE_CURVE('',#515,#507,#517,.T.);
#515 = VERTEX_POINT('',#516);
#516 = CARTESIAN_POINT('',(62.453258596797,37.75,11.96));
#517 = CIRCLE('',#518,3.25);
#518 = AXIS2_PLACEMENT_3D('',#519,#520,#521);
#519 = CARTESIAN_POINT('',(63.94,34.86,11.96));
#520 = DIRECTION('',(0.,0.,1.));
#521 = DIRECTION('',(1.,0.,0.));
#522 = ORIENTED_EDGE('',*,*,#523,.F.);
#523 = EDGE_CURVE('',#524,#515,#526,.T.);
#524 = VERTEX_POINT('',#525);
#525 = CARTESIAN_POINT('',(62.453258596796,37.75,6.2));
#526 = LINE('',#527,#528);
#527 = CARTESIAN_POINT('',(62.453258596796,37.75,6.2));
#528 = VECTOR('',#529,1.);
#529 = DIRECTION('',(0.,0.,1.));
#530 = ORIENTED_EDGE('',*,*,#531,.T.);
#531 = EDGE_CURVE('',#524,#532,#534,.T.);
#532 = VERTEX_POINT('',#533);
#533 = CARTESIAN_POINT('',(66.855,33.422893532128,6.2));
#534 = CIRCLE('',#535,3.25);
#535 = AXIS2_PLACEMENT_3D('',#536,#537,#538);
#536 = CARTESIAN_POINT('',(63.94,34.86,6.2));
#537 = DIRECTION('',(0.,0.,1.));
#538 = DIRECTION('',(1.,0.,0.));
#539 = ORIENTED_EDGE('',*,*,#540,.T.);
#540 = EDGE_CURVE('',#532,#541,#543,.T.);
#541 = VERTEX_POINT('',#542);
#542 = CARTESIAN_POINT('',(66.855,33.422893532128,11.96));
#543 = LINE('',#544,#545);
#544 = CARTESIAN_POINT('',(66.855,33.422893532128,6.2));
#545 = VECTOR('',#546,1.);
#546 = DIRECTION('',(0.,0.,1.));
#547 = ORIENTED_EDGE('',*,*,#548,.F.);
#548 = EDGE_CURVE('',#481,#541,#549,.T.);
#549 = CIRCLE('',#550,3.25);
#550 = AXIS2_PLACEMENT_3D('',#551,#552,#553);
#551 = CARTESIAN_POINT('',(63.94,34.86,11.96));
#552 = DIRECTION('',(0.,0.,1.));
#553 = DIRECTION('',(1.,0.,0.));
#554 = CYLINDRICAL_SURFACE('',#555,3.25);
#555 = AXIS2_PLACEMENT_3D('',#556,#557,#558);
#556 = CARTESIAN_POINT('',(63.94,34.86,6.2));
#557 = DIRECTION('',(0.,0.,1.));
#558 = DIRECTION('',(1.,0.,0.));
#559 = ADVANCED_FACE('',(#560),#578,.T.);
#560 = FACE_BOUND('',#561,.T.);
#561 = EDGE_LOOP('',(#562,#563,#564,#572));
#562 = ORIENTED_EDGE('',*,*,#506,.T.);
#563 = ORIENTED_EDGE('',*,*,#117,.T.);
#564 = ORIENTED_EDGE('',*,*,#565,.T.);
#565 = EDGE_CURVE('',#110,#566,#568,.T.);
#566 = VERTEX_POINT('',#567);
#567 = CARTESIAN_POINT('',(61.94,38.05,11.96));
#568 = LINE('',#569,#570);
#569 = CARTESIAN_POINT('',(61.94,38.05,3.48));
#570 = VECTOR('',#571,1.);
#571 = DIRECTION('',(0.,0.,-1.));
#572 = ORIENTED_EDGE('',*,*,#573,.F.);
#573 = EDGE_CURVE('',#507,#566,#574,.T.);
#574 = LINE('',#575,#576);
#575 = CARTESIAN_POINT('',(61.94,36.85,11.96));
#576 = VECTOR('',#577,1.);
#577 = DIRECTION('',(0.,1.,0.));
#578 = PLANE('',#579);
#579 = AXIS2_PLACEMENT_3D('',#580,#581,#582);
#580 = CARTESIAN_POINT('',(61.94,37.735868845745,17.73));
#581 = DIRECTION('',(-1.,-0.,-0.));
#582 = DIRECTION('',(0.,0.,-1.));
#583 = ADVANCED_FACE('',(#584),#602,.T.);
#584 = FACE_BOUND('',#585,.T.);
#585 = EDGE_LOOP('',(#586,#594,#595,#596));
#586 = ORIENTED_EDGE('',*,*,#587,.T.);
#587 = EDGE_CURVE('',#588,#566,#590,.T.);
#588 = VERTEX_POINT('',#589);
#589 = CARTESIAN_POINT('',(19.27,38.05,11.96));
#590 = LINE('',#591,#592);
#591 = CARTESIAN_POINT('',(-50.25,38.05,11.96));
#592 = VECTOR('',#593,1.);
#593 = DIRECTION('',(1.,0.,0.));
#594 = ORIENTED_EDGE('',*,*,#565,.F.);
#595 = ORIENTED_EDGE('',*,*,#109,.F.);
#596 = ORIENTED_EDGE('',*,*,#597,.T.);
#597 = EDGE_CURVE('',#102,#588,#598,.T.);
#598 = LINE('',#599,#600);
#599 = CARTESIAN_POINT('',(19.27,38.05,3.48));
#600 = VECTOR('',#601,1.);
#601 = DIRECTION('',(0.,0.,-1.));
#602 = PLANE('',#603);
#603 = AXIS2_PLACEMENT_3D('',#604,#605,#606);
#604 = CARTESIAN_POINT('',(40.605,38.05,17.73));
#605 = DIRECTION('',(-0.,-1.,-4.9E-16));
#606 = DIRECTION('',(0.,4.9E-16,-1.));
#607 = ADVANCED_FACE('',(#608),#626,.T.);
#608 = FACE_BOUND('',#609,.T.);
#609 = EDGE_LOOP('',(#610,#618,#619,#620));
#610 = ORIENTED_EDGE('',*,*,#611,.T.);
#611 = EDGE_CURVE('',#612,#588,#614,.T.);
#612 = VERTEX_POINT('',#613);
#613 = CARTESIAN_POINT('',(19.27,37.53173769149,11.96));
#614 = LINE('',#615,#616);
#615 = CARTESIAN_POINT('',(19.27,36.85,11.96));
#616 = VECTOR('',#617,1.);
#617 = DIRECTION('',(0.,1.,0.));
#618 = ORIENTED_EDGE('',*,*,#597,.F.);
#619 = ORIENTED_EDGE('',*,*,#101,.F.);
#620 = ORIENTED_EDGE('',*,*,#621,.F.);
#621 = EDGE_CURVE('',#612,#93,#622,.T.);
#622 = LINE('',#623,#624);
#623 = CARTESIAN_POINT('',(19.27,37.53173769149,9.96));
#624 = VECTOR('',#625,1.);
#625 = DIRECTION('',(0.,0.,1.));
#626 = PLANE('',#627);
#627 = AXIS2_PLACEMENT_3D('',#628,#629,#630);
#628 = CARTESIAN_POINT('',(19.27,37.790868845745,17.73));
#629 = DIRECTION('',(1.,0.,0.));
#630 = DIRECTION('',(0.,0.,1.));
#631 = ADVANCED_FACE('',(#632),#792,.T.);
#632 = FACE_BOUND('',#633,.T.);
#633 = EDGE_LOOP('',(#634,#635,#636,#637,#638,#639,#647,#656,#664,#673,
    #681,#690,#699,#708,#717,#725,#734,#742,#751,#760,#768,#777,#785));
#634 = ORIENTED_EDGE('',*,*,#621,.T.);
#635 = ORIENTED_EDGE('',*,*,#92,.F.);
#636 = ORIENTED_EDGE('',*,*,#83,.F.);
#637 = ORIENTED_EDGE('',*,*,#74,.F.);
#638 = ORIENTED_EDGE('',*,*,#65,.F.);
#639 = ORIENTED_EDGE('',*,*,#640,.F.);
#640 = EDGE_CURVE('',#641,#58,#643,.T.);
#641 = VERTEX_POINT('',#642);
#642 = CARTESIAN_POINT('',(15.27,37.53173769149,11.96));
#643 = LINE('',#644,#645);
#644 = CARTESIAN_POINT('',(15.27,37.53173769149,11.96));
#645 = VECTOR('',#646,1.);
#646 = DIRECTION('',(0.,0.,1.));
#647 = ORIENTED_EDGE('',*,*,#648,.F.);
#648 = EDGE_CURVE('',#649,#641,#651,.T.);
#649 = VERTEX_POINT('',#650);
#650 = CARTESIAN_POINT('',(15.586521458408,37.75,11.96));
#651 = CIRCLE('',#652,3.25);
#652 = AXIS2_PLACEMENT_3D('',#653,#654,#655);
#653 = CARTESIAN_POINT('',(17.27,34.97,11.96));
#654 = DIRECTION('',(0.,0.,1.));
#655 = DIRECTION('',(1.,0.,0.));
#656 = ORIENTED_EDGE('',*,*,#657,.F.);
#657 = EDGE_CURVE('',#658,#649,#660,.T.);
#658 = VERTEX_POINT('',#659);
#659 = CARTESIAN_POINT('',(15.586521458408,37.75,6.2));
#660 = LINE('',#661,#662);
#661 = CARTESIAN_POINT('',(15.586521458408,37.75,6.2));
#662 = VECTOR('',#663,1.);
#663 = DIRECTION('',(0.,0.,1.));
#664 = ORIENTED_EDGE('',*,*,#665,.T.);
#665 = EDGE_CURVE('',#658,#666,#668,.T.);
#666 = VERTEX_POINT('',#667);
#667 = CARTESIAN_POINT('',(14.614028934579,36.84305037296,6.2));
#668 = CIRCLE('',#669,3.25);
#669 = AXIS2_PLACEMENT_3D('',#670,#671,#672);
#670 = CARTESIAN_POINT('',(17.27,34.97,6.2));
#671 = DIRECTION('',(0.,0.,1.));
#672 = DIRECTION('',(1.,0.,0.));
#673 = ORIENTED_EDGE('',*,*,#674,.T.);
#674 = EDGE_CURVE('',#666,#675,#677,.T.);
#675 = VERTEX_POINT('',#676);
#676 = CARTESIAN_POINT('',(14.614028934579,36.84305037296,8.1));
#677 = LINE('',#678,#679);
#678 = CARTESIAN_POINT('',(14.614028934579,36.84305037296,6.2));
#679 = VECTOR('',#680,1.);
#680 = DIRECTION('',(0.,0.,1.));
#681 = ORIENTED_EDGE('',*,*,#682,.T.);
#682 = EDGE_CURVE('',#675,#683,#685,.T.);
#683 = VERTEX_POINT('',#684);
#684 = CARTESIAN_POINT('',(14.152133507973,34.052716762446,
    8.845464683886));
#685 = ELLIPSE('',#686,4.596194077713,3.25);
#686 = AXIS2_PLACEMENT_3D('',#687,#688,#689);
#687 = CARTESIAN_POINT('',(17.27,34.97,5.65));
#688 = DIRECTION('',(0.703382642451,7.24766051797E-02,0.707106781187));
#689 = DIRECTION('',(-0.703382642451,-7.24766051797E-02,0.707106781187)
  );
#690 = ORIENTED_EDGE('',*,*,#691,.T.);
#691 = EDGE_CURVE('',#683,#692,#694,.T.);
#692 = VERTEX_POINT('',#693);
#693 = CARTESIAN_POINT('',(14.767713141946,32.896100175994,
    8.819900093302));
#694 = ELLIPSE('',#695,4.596194077713,3.25);
#695 = AXIS2_PLACEMENT_3D('',#696,#697,#698);
#696 = CARTESIAN_POINT('',(17.27,34.97,5.65));
#697 = DIRECTION('',(0.630568159972,0.31997467967,0.707106781187));
#698 = DIRECTION('',(-0.630568159972,-0.31997467967,0.707106781187));
#699 = ORIENTED_EDGE('',*,*,#700,.T.);
#700 = EDGE_CURVE('',#692,#701,#703,.T.);
#701 = VERTEX_POINT('',#702);
#702 = CARTESIAN_POINT('',(16.222609642053,31.893399044712,
    8.726600955288));
#703 = ELLIPSE('',#704,4.596194077713,3.25);
#704 = AXIS2_PLACEMENT_3D('',#705,#706,#707);
#705 = CARTESIAN_POINT('',(17.27,34.97,5.65));
#706 = DIRECTION('',(0.431447560754,0.560225849385,0.707106781187));
#707 = DIRECTION('',(-0.431447560754,-0.560225849385,0.707106781187));
#708 = ORIENTED_EDGE('',*,*,#709,.T.);
#709 = EDGE_CURVE('',#701,#710,#712,.T.);
#710 = VERTEX_POINT('',#711);
#711 = CARTESIAN_POINT('',(19.405415650406,32.52,8.1));
#712 = ELLIPSE('',#713,4.596194077713,3.25);
#713 = AXIS2_PLACEMENT_3D('',#714,#715,#716);
#714 = CARTESIAN_POINT('',(17.27,34.97,5.65));
#715 = DIRECTION('',(-8.E-17,0.707106781187,0.707106781187));
#716 = DIRECTION('',(8.E-17,-0.707106781187,0.707106781187));
#717 = ORIENTED_EDGE('',*,*,#718,.F.);
#718 = EDGE_CURVE('',#719,#710,#721,.T.);
#719 = VERTEX_POINT('',#720);
#720 = CARTESIAN_POINT('',(19.405415650406,32.52,6.2));
#721 = LINE('',#722,#723);
#722 = CARTESIAN_POINT('',(19.405415650406,32.52,6.2));
#723 = VECTOR('',#724,1.);
#724 = DIRECTION('',(0.,0.,1.));
#725 = ORIENTED_EDGE('',*,*,#726,.T.);
#726 = EDGE_CURVE('',#719,#727,#729,.T.);
#727 = VERTEX_POINT('',#728);
#728 = CARTESIAN_POINT('',(19.72,32.834584349594,6.2));
#729 = CIRCLE('',#730,3.25);
#730 = AXIS2_PLACEMENT_3D('',#731,#732,#733);
#731 = CARTESIAN_POINT('',(17.27,34.97,6.2));
#732 = DIRECTION('',(0.,0.,1.));
#733 = DIRECTION('',(1.,0.,0.));
#734 = ORIENTED_EDGE('',*,*,#735,.T.);
#735 = EDGE_CURVE('',#727,#736,#738,.T.);
#736 = VERTEX_POINT('',#737);
#737 = CARTESIAN_POINT('',(19.72,32.834584349594,8.1));
#738 = LINE('',#739,#740);
#739 = CARTESIAN_POINT('',(19.72,32.834584349594,6.2));
#740 = VECTOR('',#741,1.);
#741 = DIRECTION('',(0.,0.,1.));
#742 = ORIENTED_EDGE('',*,*,#743,.T.);
#743 = EDGE_CURVE('',#736,#744,#746,.T.);
#744 = VERTEX_POINT('',#745);
#745 = CARTESIAN_POINT('',(20.52,34.97,8.9));
#746 = ELLIPSE('',#747,4.596194077713,3.25);
#747 = AXIS2_PLACEMENT_3D('',#748,#749,#750);
#748 = CARTESIAN_POINT('',(17.27,34.97,5.65));
#749 = DIRECTION('',(-0.707106781187,0.,0.707106781187));
#750 = DIRECTION('',(0.707106781187,0.,0.707106781187));
#751 = ORIENTED_EDGE('',*,*,#752,.T.);
#752 = EDGE_CURVE('',#744,#753,#755,.T.);
#753 = VERTEX_POINT('',#754);
#754 = CARTESIAN_POINT('',(19.72,37.105415650406,8.1));
#755 = ELLIPSE('',#756,4.596194077713,3.25);
#756 = AXIS2_PLACEMENT_3D('',#757,#758,#759);
#757 = CARTESIAN_POINT('',(17.27,34.97,5.65));
#758 = DIRECTION('',(-0.707106781187,0.,0.707106781187));
#759 = DIRECTION('',(0.707106781187,0.,0.707106781187));
#760 = ORIENTED_EDGE('',*,*,#761,.F.);
#761 = EDGE_CURVE('',#762,#753,#764,.T.);
#762 = VERTEX_POINT('',#763);
#763 = CARTESIAN_POINT('',(19.72,37.105415650406,6.2));
#764 = LINE('',#765,#766);
#765 = CARTESIAN_POINT('',(19.72,37.105415650406,6.2));
#766 = VECTOR('',#767,1.);
#767 = DIRECTION('',(0.,0.,1.));
#768 = ORIENTED_EDGE('',*,*,#769,.T.);
#769 = EDGE_CURVE('',#762,#770,#772,.T.);
#770 = VERTEX_POINT('',#771);
#771 = CARTESIAN_POINT('',(18.953478541592,37.75,6.2));
#772 = CIRCLE('',#773,3.25);
#773 = AXIS2_PLACEMENT_3D('',#774,#775,#776);
#774 = CARTESIAN_POINT('',(17.27,34.97,6.2));
#775 = DIRECTION('',(0.,0.,1.));
#776 = DIRECTION('',(1.,0.,0.));
#777 = ORIENTED_EDGE('',*,*,#778,.T.);
#778 = EDGE_CURVE('',#770,#779,#781,.T.);
#779 = VERTEX_POINT('',#780);
#780 = CARTESIAN_POINT('',(18.953478541592,37.75,11.96));
#781 = LINE('',#782,#783);
#782 = CARTESIAN_POINT('',(18.953478541592,37.75,6.2));
#783 = VECTOR('',#784,1.);
#784 = DIRECTION('',(0.,0.,1.));
#785 = ORIENTED_EDGE('',*,*,#786,.F.);
#786 = EDGE_CURVE('',#612,#779,#787,.T.);
#787 = CIRCLE('',#788,3.25);
#788 = AXIS2_PLACEMENT_3D('',#789,#790,#791);
#789 = CARTESIAN_POINT('',(17.27,34.97,11.96));
#790 = DIRECTION('',(0.,0.,1.));
#791 = DIRECTION('',(1.,0.,0.));
#792 = CYLINDRICAL_SURFACE('',#793,3.25);
#793 = AXIS2_PLACEMENT_3D('',#794,#795,#796);
#794 = CARTESIAN_POINT('',(17.27,34.97,11.96));
#795 = DIRECTION('',(0.,0.,1.));
#796 = DIRECTION('',(1.,0.,0.));
#797 = ADVANCED_FACE('',(#798),#816,.T.);
#798 = FACE_BOUND('',#799,.T.);
#799 = EDGE_LOOP('',(#800,#801,#802,#810));
#800 = ORIENTED_EDGE('',*,*,#640,.T.);
#801 = ORIENTED_EDGE('',*,*,#57,.T.);
#802 = ORIENTED_EDGE('',*,*,#803,.T.);
#803 = EDGE_CURVE('',#50,#804,#806,.T.);
#804 = VERTEX_POINT('',#805);
#805 = CARTESIAN_POINT('',(15.27,38.05,11.96));
#806 = LINE('',#807,#808);
#807 = CARTESIAN_POINT('',(15.27,38.05,5.48));
#808 = VECTOR('',#809,1.);
#809 = DIRECTION('',(0.,0.,-1.));
#810 = ORIENTED_EDGE('',*,*,#811,.F.);
#811 = EDGE_CURVE('',#641,#804,#812,.T.);
#812 = LINE('',#813,#814);
#813 = CARTESIAN_POINT('',(15.27,36.85,11.96));
#814 = VECTOR('',#815,1.);
#815 = DIRECTION('',(0.,1.,0.));
#816 = PLANE('',#817);
#817 = AXIS2_PLACEMENT_3D('',#818,#819,#820);
#818 = CARTESIAN_POINT('',(15.27,37.790868845745,17.73));
#819 = DIRECTION('',(-1.,-0.,-0.));
#820 = DIRECTION('',(0.,0.,-1.));
#821 = ADVANCED_FACE('',(#822),#840,.T.);
#822 = FACE_BOUND('',#823,.T.);
#823 = EDGE_LOOP('',(#824,#832,#833,#834));
#824 = ORIENTED_EDGE('',*,*,#825,.T.);
#825 = EDGE_CURVE('',#826,#804,#828,.T.);
#826 = VERTEX_POINT('',#827);
#827 = CARTESIAN_POINT('',(0.9,38.05,11.96));
#828 = LINE('',#829,#830);
#829 = CARTESIAN_POINT('',(-50.25,38.05,11.96));
#830 = VECTOR('',#831,1.);
#831 = DIRECTION('',(1.,0.,0.));
#832 = ORIENTED_EDGE('',*,*,#803,.F.);
#833 = ORIENTED_EDGE('',*,*,#49,.F.);
#834 = ORIENTED_EDGE('',*,*,#835,.F.);
#835 = EDGE_CURVE('',#826,#41,#836,.T.);
#836 = LINE('',#837,#838);
#837 = CARTESIAN_POINT('',(0.9,38.05,-3.));
#838 = VECTOR('',#839,1.);
#839 = DIRECTION('',(0.,0.,1.));
#840 = PLANE('',#841);
#841 = AXIS2_PLACEMENT_3D('',#842,#843,#844);
#842 = CARTESIAN_POINT('',(8.085,38.05,17.73));
#843 = DIRECTION('',(-0.,-1.,-3.5E-16));
#844 = DIRECTION('',(0.,3.5E-16,-1.));
#845 = ADVANCED_FACE('',(#846),#892,.F.);
#846 = FACE_BOUND('',#847,.T.);
#847 = EDGE_LOOP('',(#848,#849,#850,#858,#867,#876,#885));
#848 = ORIENTED_EDGE('',*,*,#835,.T.);
#849 = ORIENTED_EDGE('',*,*,#40,.F.);
#850 = ORIENTED_EDGE('',*,*,#851,.F.);
#851 = EDGE_CURVE('',#852,#33,#854,.T.);
#852 = VERTEX_POINT('',#853);
#853 = CARTESIAN_POINT('',(-0.5,36.65,11.96));
#854 = LINE('',#855,#856);
#855 = CARTESIAN_POINT('',(-0.5,36.65,11.96));
#856 = VECTOR('',#857,1.);
#857 = DIRECTION('',(0.,0.,1.));
#858 = ORIENTED_EDGE('',*,*,#859,.F.);
#859 = EDGE_CURVE('',#860,#852,#862,.T.);
#860 = VERTEX_POINT('',#861);
#861 = CARTESIAN_POINT('',(-0.447442021016,37.03,11.96));
#862 = CIRCLE('',#863,1.4);
#863 = AXIS2_PLACEMENT_3D('',#864,#865,#866);
#864 = CARTESIAN_POINT('',(0.9,36.65,11.96));
#865 = DIRECTION('',(0.,0.,1.));
#866 = DIRECTION('',(1.,0.,0.));
#867 = ORIENTED_EDGE('',*,*,#868,.F.);
#868 = EDGE_CURVE('',#869,#860,#871,.T.);
#869 = VERTEX_POINT('',#870);
#870 = CARTESIAN_POINT('',(-0.2,37.516025403784,11.96));
#871 = CIRCLE('',#872,1.4);
#872 = AXIS2_PLACEMENT_3D('',#873,#874,#875);
#873 = CARTESIAN_POINT('',(0.9,36.65,11.96));
#874 = DIRECTION('',(0.,0.,1.));
#875 = DIRECTION('',(-1.,0.,0.));
#876 = ORIENTED_EDGE('',*,*,#877,.F.);
#877 = EDGE_CURVE('',#878,#869,#880,.T.);
#878 = VERTEX_POINT('',#879);
#879 = CARTESIAN_POINT('',(3.397459621564E-02,37.75,11.96));
#880 = CIRCLE('',#881,1.4);
#881 = AXIS2_PLACEMENT_3D('',#882,#883,#884);
#882 = CARTESIAN_POINT('',(0.9,36.65,11.96));
#883 = DIRECTION('',(0.,0.,1.));
#884 = DIRECTION('',(-1.,0.,0.));
#885 = ORIENTED_EDGE('',*,*,#886,.F.);
#886 = EDGE_CURVE('',#826,#878,#887,.T.);
#887 = CIRCLE('',#888,1.4);
#888 = AXIS2_PLACEMENT_3D('',#889,#890,#891);
#889 = CARTESIAN_POINT('',(0.9,36.65,11.96));
#890 = DIRECTION('',(0.,0.,1.));
#891 = DIRECTION('',(-1.,0.,0.));
#892 = CYLINDRICAL_SURFACE('',#893,1.4);
#893 = AXIS2_PLACEMENT_3D('',#894,#895,#896);
#894 = CARTESIAN_POINT('',(0.9,36.65,-1.));
#895 = DIRECTION('',(0.,0.,1.));
#896 = DIRECTION('',(-1.,0.,0.));
#897 = ADVANCED_FACE('',(#898,#941),#977,.T.);
#898 = FACE_BOUND('',#899,.T.);
#899 = EDGE_LOOP('',(#900,#901,#902,#903,#911,#919,#927,#935));
#900 = ORIENTED_EDGE('',*,*,#851,.T.);
#901 = ORIENTED_EDGE('',*,*,#32,.F.);
#902 = ORIENTED_EDGE('',*,*,#190,.F.);
#903 = ORIENTED_EDGE('',*,*,#904,.T.);
#904 = EDGE_CURVE('',#191,#905,#907,.T.);
#905 = VERTEX_POINT('',#906);
#906 = CARTESIAN_POINT('',(-0.5,23.03,11.96));
#907 = LINE('',#908,#909);
#908 = CARTESIAN_POINT('',(-0.5,22.03,11.96));
#909 = VECTOR('',#910,1.);
#910 = DIRECTION('',(0.,1.,0.));
#911 = ORIENTED_EDGE('',*,*,#912,.T.);
#912 = EDGE_CURVE('',#905,#913,#915,.T.);
#913 = VERTEX_POINT('',#914);
#914 = CARTESIAN_POINT('',(-0.5,23.03,15.6));
#915 = LINE('',#916,#917);
#916 = CARTESIAN_POINT('',(-0.5,23.03,11.96));
#917 = VECTOR('',#918,1.);
#918 = DIRECTION('',(0.,0.,1.));
#919 = ORIENTED_EDGE('',*,*,#920,.F.);
#920 = EDGE_CURVE('',#921,#913,#923,.T.);
#921 = VERTEX_POINT('',#922);
#922 = CARTESIAN_POINT('',(-0.5,36.03,15.6));
#923 = LINE('',#924,#925);
#924 = CARTESIAN_POINT('',(-0.5,10.765,15.6));
#925 = VECTOR('',#926,1.);
#926 = DIRECTION('',(0.,-1.,0.));
#927 = ORIENTED_EDGE('',*,*,#928,.T.);
#928 = EDGE_CURVE('',#921,#929,#931,.T.);
#929 = VERTEX_POINT('',#930);
#930 = CARTESIAN_POINT('',(-0.5,36.03,11.96));
#931 = LINE('',#932,#933);
#932 = CARTESIAN_POINT('',(-0.5,36.03,11.96));
#933 = VECTOR('',#934,1.);
#934 = DIRECTION('',(0.,0.,-1.));
#935 = ORIENTED_EDGE('',*,*,#936,.T.);
#936 = EDGE_CURVE('',#929,#852,#937,.T.);
#937 = LINE('',#938,#939);
#938 = CARTESIAN_POINT('',(-0.5,0.,11.96));
#939 = VECTOR('',#940,1.);
#940 = DIRECTION('',(0.,1.,0.));
#941 = FACE_BOUND('',#942,.T.);
#942 = EDGE_LOOP('',(#943,#954,#962,#971));
#943 = ORIENTED_EDGE('',*,*,#944,.F.);
#944 = EDGE_CURVE('',#945,#947,#949,.T.);
#945 = VERTEX_POINT('',#946);
#946 = CARTESIAN_POINT('',(-0.5,6.785301005062,23.));
#947 = VERTEX_POINT('',#948);
#948 = CARTESIAN_POINT('',(-0.5,8.82,16.1));
#949 = CIRCLE('',#950,3.75);
#950 = AXIS2_PLACEMENT_3D('',#951,#952,#953);
#951 = CARTESIAN_POINT('',(-0.5,8.82,19.85));
#952 = DIRECTION('',(1.,0.,-0.));
#953 = DIRECTION('',(0.,0.,1.));
#954 = ORIENTED_EDGE('',*,*,#955,.F.);
#955 = EDGE_CURVE('',#956,#945,#958,.T.);
#956 = VERTEX_POINT('',#957);
#957 = CARTESIAN_POINT('',(-0.5,16.354698994938,23.));
#958 = LINE('',#959,#960);
#959 = CARTESIAN_POINT('',(-0.5,-15.24268892877,23.));
#960 = VECTOR('',#961,1.);
#961 = DIRECTION('',(0.,-1.,0.));
#962 = ORIENTED_EDGE('',*,*,#963,.F.);
#963 = EDGE_CURVE('',#964,#956,#966,.T.);
#964 = VERTEX_POINT('',#965);
#965 = CARTESIAN_POINT('',(-0.5,14.32,16.1));
#966 = CIRCLE('',#967,3.75);
#967 = AXIS2_PLACEMENT_3D('',#968,#969,#970);
#968 = CARTESIAN_POINT('',(-0.5,14.32,19.85));
#969 = DIRECTION('',(1.,0.,-0.));
#970 = DIRECTION('',(0.,0.,1.));
#971 = ORIENTED_EDGE('',*,*,#972,.T.);
#972 = EDGE_CURVE('',#964,#947,#973,.T.);
#973 = LINE('',#974,#975);
#974 = CARTESIAN_POINT('',(-0.5,14.150118552806,16.1));
#975 = VECTOR('',#976,1.);
#976 = DIRECTION('',(0.,-1.,0.));
#977 = PLANE('',#978);
#978 = AXIS2_PLACEMENT_3D('',#979,#980,#981);
#979 = CARTESIAN_POINT('',(-0.5,19.543666797565,17.912250147261));
#980 = DIRECTION('',(1.,0.,0.));
#981 = DIRECTION('',(0.,0.,1.));
#982 = ADVANCED_FACE('',(#983),#1171,.T.);
#983 = FACE_BOUND('',#984,.T.);
#984 = EDGE_LOOP('',(#985,#996,#1005,#1014,#1022,#1028,#1029,#1030,#1031
    ,#1032,#1033,#1034,#1035,#1043,#1052,#1061,#1070,#1079,#1088,#1097,
    #1103,#1104,#1105,#1106,#1114,#1122,#1130,#1138,#1147,#1156,#1165));
#985 = ORIENTED_EDGE('',*,*,#986,.F.);
#986 = EDGE_CURVE('',#987,#989,#991,.T.);
#987 = VERTEX_POINT('',#988);
#988 = CARTESIAN_POINT('',(-0.2,-2.339594576085,11.96));
#989 = VERTEX_POINT('',#990);
#990 = CARTESIAN_POINT('',(2.1,-2.9,11.96));
#991 = CIRCLE('',#992,5.);
#992 = AXIS2_PLACEMENT_3D('',#993,#994,#995);
#993 = CARTESIAN_POINT('',(2.1,2.1,11.96));
#994 = DIRECTION('',(0.,0.,1.));
#995 = DIRECTION('',(-1.,0.,0.));
#996 = ORIENTED_EDGE('',*,*,#997,.F.);
#997 = EDGE_CURVE('',#998,#987,#1000,.T.);
#998 = VERTEX_POINT('',#999);
#999 = CARTESIAN_POINT('',(-2.339594576085,-0.2,11.96));
#1000 = CIRCLE('',#1001,5.);
#1001 = AXIS2_PLACEMENT_3D('',#1002,#1003,#1004);
#1002 = CARTESIAN_POINT('',(2.1,2.1,11.96));
#1003 = DIRECTION('',(0.,0.,1.));
#1004 = DIRECTION('',(-1.,0.,0.));
#1005 = ORIENTED_EDGE('',*,*,#1006,.F.);
#1006 = EDGE_CURVE('',#1007,#998,#1009,.T.);
#1007 = VERTEX_POINT('',#1008);
#1008 = CARTESIAN_POINT('',(-2.9,2.1,11.96));
#1009 = CIRCLE('',#1010,5.);
#1010 = AXIS2_PLACEMENT_3D('',#1011,#1012,#1013);
#1011 = CARTESIAN_POINT('',(2.1,2.1,11.96));
#1012 = DIRECTION('',(0.,0.,1.));
#1013 = DIRECTION('',(-1.,0.,0.));
#1014 = ORIENTED_EDGE('',*,*,#1015,.F.);
#1015 = EDGE_CURVE('',#1016,#1007,#1018,.T.);
#1016 = VERTEX_POINT('',#1017);
#1017 = CARTESIAN_POINT('',(-2.9,23.03,11.96));
#1018 = LINE('',#1019,#1020);
#1019 = CARTESIAN_POINT('',(-2.9,-51.45,11.96));
#1020 = VECTOR('',#1021,1.);
#1021 = DIRECTION('',(0.,-1.,0.));
#1022 = ORIENTED_EDGE('',*,*,#1023,.T.);
#1023 = EDGE_CURVE('',#1016,#905,#1024,.T.);
#1024 = LINE('',#1025,#1026);
#1025 = CARTESIAN_POINT('',(-2.9,23.03,11.96));
#1026 = VECTOR('',#1027,1.);
#1027 = DIRECTION('',(1.,0.,0.));
#1028 = ORIENTED_EDGE('',*,*,#904,.F.);
#1029 = ORIENTED_EDGE('',*,*,#198,.T.);
#1030 = ORIENTED_EDGE('',*,*,#207,.T.);
#1031 = ORIENTED_EDGE('',*,*,#216,.T.);
#1032 = ORIENTED_EDGE('',*,*,#239,.T.);
#1033 = ORIENTED_EDGE('',*,*,#263,.T.);
#1034 = ORIENTED_EDGE('',*,*,#365,.T.);
#1035 = ORIENTED_EDGE('',*,*,#1036,.T.);
#1036 = EDGE_CURVE('',#358,#1037,#1039,.T.);
#1037 = VERTEX_POINT('',#1038);
#1038 = CARTESIAN_POINT('',(64.883974596216,-0.2,11.96));
#1039 = LINE('',#1040,#1041);
#1040 = CARTESIAN_POINT('',(-10.,-0.2,11.96));
#1041 = VECTOR('',#1042,1.);
#1042 = DIRECTION('',(1.,0.,0.));
#1043 = ORIENTED_EDGE('',*,*,#1044,.T.);
#1044 = EDGE_CURVE('',#1037,#1045,#1047,.T.);
#1045 = VERTEX_POINT('',#1046);
#1046 = CARTESIAN_POINT('',(65.116561237027,-0.348501234907,11.96));
#1047 = CIRCLE('',#1048,1.4);
#1048 = AXIS2_PLACEMENT_3D('',#1049,#1050,#1051);
#1049 = CARTESIAN_POINT('',(65.75,0.9,11.96));
#1050 = DIRECTION('',(0.,0.,1.));
#1051 = DIRECTION('',(1.,0.,0.));
#1052 = ORIENTED_EDGE('',*,*,#1053,.T.);
#1053 = EDGE_CURVE('',#1045,#1054,#1056,.T.);
#1054 = VERTEX_POINT('',#1055);
#1055 = CARTESIAN_POINT('',(66.616025403784,-0.2,11.96));
#1056 = CIRCLE('',#1057,1.4);
#1057 = AXIS2_PLACEMENT_3D('',#1058,#1059,#1060);
#1058 = CARTESIAN_POINT('',(65.75,0.9,11.96));
#1059 = DIRECTION('',(0.,0.,1.));
#1060 = DIRECTION('',(1.,0.,0.));
#1061 = ORIENTED_EDGE('',*,*,#1062,.T.);
#1062 = EDGE_CURVE('',#1054,#1063,#1065,.T.);
#1063 = VERTEX_POINT('',#1064);
#1064 = CARTESIAN_POINT('',(66.855,4.036344889255E-02,11.96));
#1065 = CIRCLE('',#1066,1.4);
#1066 = AXIS2_PLACEMENT_3D('',#1067,#1068,#1069);
#1067 = CARTESIAN_POINT('',(65.75,0.9,11.96));
#1068 = DIRECTION('',(0.,0.,1.));
#1069 = DIRECTION('',(1.,0.,0.));
#1070 = ORIENTED_EDGE('',*,*,#1071,.T.);
#1071 = EDGE_CURVE('',#1063,#1072,#1074,.T.);
#1072 = VERTEX_POINT('',#1073);
#1073 = CARTESIAN_POINT('',(67.15,0.9,11.96));
#1074 = CIRCLE('',#1075,1.4);
#1075 = AXIS2_PLACEMENT_3D('',#1076,#1077,#1078);
#1076 = CARTESIAN_POINT('',(65.75,0.9,11.96));
#1077 = DIRECTION('',(0.,0.,1.));
#1078 = DIRECTION('',(1.,0.,0.));
#1079 = ORIENTED_EDGE('',*,*,#1080,.T.);
#1080 = EDGE_CURVE('',#1072,#1081,#1083,.T.);
#1081 = VERTEX_POINT('',#1082);
#1082 = CARTESIAN_POINT('',(67.012418818514,1.505226178103,11.96));
#1083 = CIRCLE('',#1084,1.4);
#1084 = AXIS2_PLACEMENT_3D('',#1085,#1086,#1087);
#1085 = CARTESIAN_POINT('',(65.75,0.9,11.96));
#1086 = DIRECTION('',(0.,0.,1.));
#1087 = DIRECTION('',(1.,0.,0.));
#1088 = ORIENTED_EDGE('',*,*,#1089,.T.);
#1089 = EDGE_CURVE('',#1081,#1090,#1092,.T.);
#1090 = VERTEX_POINT('',#1091);
#1091 = CARTESIAN_POINT('',(66.855,1.759636551107,11.96));
#1092 = CIRCLE('',#1093,1.4);
#1093 = AXIS2_PLACEMENT_3D('',#1094,#1095,#1096);
#1094 = CARTESIAN_POINT('',(65.75,0.9,11.96));
#1095 = DIRECTION('',(0.,0.,1.));
#1096 = DIRECTION('',(1.,0.,0.));
#1097 = ORIENTED_EDGE('',*,*,#1098,.T.);
#1098 = EDGE_CURVE('',#1090,#298,#1099,.T.);
#1099 = LINE('',#1100,#1101);
#1100 = CARTESIAN_POINT('',(66.855,-10.,11.96));
#1101 = VECTOR('',#1102,1.);
#1102 = DIRECTION('',(0.,1.,0.));
#1103 = ORIENTED_EDGE('',*,*,#297,.T.);
#1104 = ORIENTED_EDGE('',*,*,#380,.T.);
#1105 = ORIENTED_EDGE('',*,*,#466,.F.);
#1106 = ORIENTED_EDGE('',*,*,#1107,.T.);
#1107 = EDGE_CURVE('',#458,#1108,#1110,.T.);
#1108 = VERTEX_POINT('',#1109);
#1109 = CARTESIAN_POINT('',(68.35,7.13,11.96));
#1110 = LINE('',#1111,#1112);
#1111 = CARTESIAN_POINT('',(66.15,7.13,11.96));
#1112 = VECTOR('',#1113,1.);
#1113 = DIRECTION('',(1.,0.,0.));
#1114 = ORIENTED_EDGE('',*,*,#1115,.F.);
#1115 = EDGE_CURVE('',#1116,#1108,#1118,.T.);
#1116 = VERTEX_POINT('',#1117);
#1117 = CARTESIAN_POINT('',(68.35,4.73,11.96));
#1118 = LINE('',#1119,#1120);
#1119 = CARTESIAN_POINT('',(68.35,7.865,11.96));
#1120 = VECTOR('',#1121,1.);
#1121 = DIRECTION('',(0.,1.,0.));
#1122 = ORIENTED_EDGE('',*,*,#1123,.T.);
#1123 = EDGE_CURVE('',#1116,#1124,#1126,.T.);
#1124 = VERTEX_POINT('',#1125);
#1125 = CARTESIAN_POINT('',(69.55,4.73,11.96));
#1126 = LINE('',#1127,#1128);
#1127 = CARTESIAN_POINT('',(68.35,4.73,11.96));
#1128 = VECTOR('',#1129,1.);
#1129 = DIRECTION('',(1.,0.,0.));
#1130 = ORIENTED_EDGE('',*,*,#1131,.T.);
#1131 = EDGE_CURVE('',#1124,#1132,#1134,.T.);
#1132 = VERTEX_POINT('',#1133);
#1133 = CARTESIAN_POINT('',(69.55,2.1,11.96));
#1134 = LINE('',#1135,#1136);
#1135 = CARTESIAN_POINT('',(69.55,-51.45,11.96));
#1136 = VECTOR('',#1137,1.);
#1137 = DIRECTION('',(0.,-1.,0.));
#1138 = ORIENTED_EDGE('',*,*,#1139,.F.);
#1139 = EDGE_CURVE('',#1140,#1132,#1142,.T.);
#1140 = VERTEX_POINT('',#1141);
#1141 = CARTESIAN_POINT('',(68.989594576085,-0.2,11.96));
#1142 = CIRCLE('',#1143,5.);
#1143 = AXIS2_PLACEMENT_3D('',#1144,#1145,#1146);
#1144 = CARTESIAN_POINT('',(64.55,2.1,11.96));
#1145 = DIRECTION('',(0.,0.,1.));
#1146 = DIRECTION('',(1.,0.,0.));
#1147 = ORIENTED_EDGE('',*,*,#1148,.F.);
#1148 = EDGE_CURVE('',#1149,#1140,#1151,.T.);
#1149 = VERTEX_POINT('',#1150);
#1150 = CARTESIAN_POINT('',(66.855,-2.337000676132,11.96));
#1151 = CIRCLE('',#1152,5.);
#1152 = AXIS2_PLACEMENT_3D('',#1153,#1154,#1155);
#1153 = CARTESIAN_POINT('',(64.55,2.1,11.96));
#1154 = DIRECTION('',(0.,0.,1.));
#1155 = DIRECTION('',(1.,0.,0.));
#1156 = ORIENTED_EDGE('',*,*,#1157,.F.);
#1157 = EDGE_CURVE('',#1158,#1149,#1160,.T.);
#1158 = VERTEX_POINT('',#1159);
#1159 = CARTESIAN_POINT('',(64.55,-2.9,11.96));
#1160 = CIRCLE('',#1161,5.);
#1161 = AXIS2_PLACEMENT_3D('',#1162,#1163,#1164);
#1162 = CARTESIAN_POINT('',(64.55,2.1,11.96));
#1163 = DIRECTION('',(0.,0.,1.));
#1164 = DIRECTION('',(1.,0.,0.));
#1165 = ORIENTED_EDGE('',*,*,#1166,.F.);
#1166 = EDGE_CURVE('',#989,#1158,#1167,.T.);
#1167 = LINE('',#1168,#1169);
#1168 = CARTESIAN_POINT('',(-51.45,-2.9,11.96));
#1169 = VECTOR('',#1170,1.);
#1170 = DIRECTION('',(1.,0.,0.));
#1171 = PLANE('',#1172);
#1172 = AXIS2_PLACEMENT_3D('',#1173,#1174,#1175);
#1173 = CARTESIAN_POINT('',(28.185138613162,2.015913564142,11.96));
#1174 = DIRECTION('',(-0.,-0.,-1.));
#1175 = DIRECTION('',(-1.,0.,0.));
#1176 = ADVANCED_FACE('',(#1177),#1203,.T.);
#1177 = FACE_BOUND('',#1178,.T.);
#1178 = EDGE_LOOP('',(#1179,#1187,#1195,#1201,#1202));
#1179 = ORIENTED_EDGE('',*,*,#1180,.F.);
#1180 = EDGE_CURVE('',#1181,#1090,#1183,.T.);
#1181 = VERTEX_POINT('',#1182);
#1182 = CARTESIAN_POINT('',(66.855,1.165635310625,11.96));
#1183 = LINE('',#1184,#1185);
#1184 = CARTESIAN_POINT('',(66.855,-10.,11.96));
#1185 = VECTOR('',#1186,1.);
#1186 = DIRECTION('',(0.,1.,0.));
#1187 = ORIENTED_EDGE('',*,*,#1188,.F.);
#1188 = EDGE_CURVE('',#1189,#1181,#1191,.T.);
#1189 = VERTEX_POINT('',#1190);
#1190 = CARTESIAN_POINT('',(66.855,1.165635310625,6.2));
#1191 = LINE('',#1192,#1193);
#1192 = CARTESIAN_POINT('',(66.855,1.165635310625,6.2));
#1193 = VECTOR('',#1194,1.);
#1194 = DIRECTION('',(0.,0.,1.));
#1195 = ORIENTED_EDGE('',*,*,#1196,.T.);
#1196 = EDGE_CURVE('',#1189,#307,#1197,.T.);
#1197 = LINE('',#1198,#1199);
#1198 = CARTESIAN_POINT('',(66.855,-3.65,6.2));
#1199 = VECTOR('',#1200,1.);
#1200 = DIRECTION('',(0.,1.,0.));
#1201 = ORIENTED_EDGE('',*,*,#306,.T.);
#1202 = ORIENTED_EDGE('',*,*,#1098,.F.);
#1203 = PLANE('',#1204);
#1204 = AXIS2_PLACEMENT_3D('',#1205,#1206,#1207);
#1205 = CARTESIAN_POINT('',(66.855,-10.,5.55));
#1206 = DIRECTION('',(1.,0.,0.));
#1207 = DIRECTION('',(0.,0.,1.));
#1208 = ADVANCED_FACE('',(#1209),#1261,.F.);
#1209 = FACE_BOUND('',#1210,.F.);
#1210 = EDGE_LOOP('',(#1211,#1219,#1226,#1227,#1228,#1236,#1245,#1254,
    #1260));
#1211 = ORIENTED_EDGE('',*,*,#1212,.F.);
#1212 = EDGE_CURVE('',#1213,#349,#1215,.T.);
#1213 = VERTEX_POINT('',#1214);
#1214 = CARTESIAN_POINT('',(65.457140075112,-0.2,6.2));
#1215 = LINE('',#1216,#1217);
#1216 = CARTESIAN_POINT('',(26.995,-0.2,6.2));
#1217 = VECTOR('',#1218,1.);
#1218 = DIRECTION('',(-1.,0.,0.));
#1219 = ORIENTED_EDGE('',*,*,#1220,.T.);
#1220 = EDGE_CURVE('',#1213,#1189,#1221,.T.);
#1221 = CIRCLE('',#1222,3.25);
#1222 = AXIS2_PLACEMENT_3D('',#1223,#1224,#1225);
#1223 = CARTESIAN_POINT('',(63.99,2.7,6.2));
#1224 = DIRECTION('',(0.,0.,1.));
#1225 = DIRECTION('',(1.,0.,0.));
#1226 = ORIENTED_EDGE('',*,*,#1196,.T.);
#1227 = ORIENTED_EDGE('',*,*,#314,.T.);
#1228 = ORIENTED_EDGE('',*,*,#1229,.F.);
#1229 = EDGE_CURVE('',#1230,#315,#1232,.T.);
#1230 = VERTEX_POINT('',#1231);
#1231 = CARTESIAN_POINT('',(61.54,3.197493718553,6.2));
#1232 = LINE('',#1233,#1234);
#1233 = CARTESIAN_POINT('',(61.54,6.7,6.2));
#1234 = VECTOR('',#1235,1.);
#1235 = DIRECTION('',(1.2E-16,1.,0.));
#1236 = ORIENTED_EDGE('',*,*,#1237,.F.);
#1237 = EDGE_CURVE('',#1238,#1230,#1240,.T.);
#1238 = VERTEX_POINT('',#1239);
#1239 = CARTESIAN_POINT('',(66.49,2.7,6.2));
#1240 = CIRCLE('',#1241,2.5);
#1241 = AXIS2_PLACEMENT_3D('',#1242,#1243,#1244);
#1242 = CARTESIAN_POINT('',(63.99,2.7,6.2));
#1243 = DIRECTION('',(0.,0.,1.));
#1244 = DIRECTION('',(1.,0.,0.));
#1245 = ORIENTED_EDGE('',*,*,#1246,.F.);
#1246 = EDGE_CURVE('',#1247,#1238,#1249,.T.);
#1247 = VERTEX_POINT('',#1248);
#1248 = CARTESIAN_POINT('',(61.54,2.202506281447,6.2));
#1249 = CIRCLE('',#1250,2.5);
#1250 = AXIS2_PLACEMENT_3D('',#1251,#1252,#1253);
#1251 = CARTESIAN_POINT('',(63.99,2.7,6.2));
#1252 = DIRECTION('',(0.,0.,1.));
#1253 = DIRECTION('',(1.,0.,0.));
#1254 = ORIENTED_EDGE('',*,*,#1255,.F.);
#1255 = EDGE_CURVE('',#341,#1247,#1256,.T.);
#1256 = LINE('',#1257,#1258);
#1257 = CARTESIAN_POINT('',(61.54,6.7,6.2));
#1258 = VECTOR('',#1259,1.);
#1259 = DIRECTION('',(1.2E-16,1.,0.));
#1260 = ORIENTED_EDGE('',*,*,#348,.T.);
#1261 = PLANE('',#1262);
#1262 = AXIS2_PLACEMENT_3D('',#1263,#1264,#1265);
#1263 = CARTESIAN_POINT('',(63.99,2.7,6.2));
#1264 = DIRECTION('',(0.,0.,1.));
#1265 = DIRECTION('',(1.,0.,0.));
#1266 = ADVANCED_FACE('',(#1267),#1301,.F.);
#1267 = FACE_BOUND('',#1268,.F.);
#1268 = EDGE_LOOP('',(#1269,#1270,#1276,#1277,#1278,#1286,#1294,#1300));
#1269 = ORIENTED_EDGE('',*,*,#323,.T.);
#1270 = ORIENTED_EDGE('',*,*,#1271,.T.);
#1271 = EDGE_CURVE('',#324,#332,#1272,.T.);
#1272 = LINE('',#1273,#1274);
#1273 = CARTESIAN_POINT('',(61.54,10.7,8.1));
#1274 = VECTOR('',#1275,1.);
#1275 = DIRECTION('',(0.,-1.,0.));
#1276 = ORIENTED_EDGE('',*,*,#340,.F.);
#1277 = ORIENTED_EDGE('',*,*,#1255,.T.);
#1278 = ORIENTED_EDGE('',*,*,#1279,.F.);
#1279 = EDGE_CURVE('',#1280,#1247,#1282,.T.);
#1280 = VERTEX_POINT('',#1281);
#1281 = CARTESIAN_POINT('',(61.54,2.202506281447,5.6));
#1282 = LINE('',#1283,#1284);
#1283 = CARTESIAN_POINT('',(61.54,2.202506281447,5.6));
#1284 = VECTOR('',#1285,1.);
#1285 = DIRECTION('',(0.,0.,1.));
#1286 = ORIENTED_EDGE('',*,*,#1287,.T.);
#1287 = EDGE_CURVE('',#1280,#1288,#1290,.T.);
#1288 = VERTEX_POINT('',#1289);
#1289 = CARTESIAN_POINT('',(61.54,3.197493718553,5.6));
#1290 = LINE('',#1291,#1292);
#1291 = CARTESIAN_POINT('',(61.54,6.7,5.6));
#1292 = VECTOR('',#1293,1.);
#1293 = DIRECTION('',(1.2E-16,1.,0.));
#1294 = ORIENTED_EDGE('',*,*,#1295,.T.);
#1295 = EDGE_CURVE('',#1288,#1230,#1296,.T.);
#1296 = LINE('',#1297,#1298);
#1297 = CARTESIAN_POINT('',(61.54,3.197493718553,5.6));
#1298 = VECTOR('',#1299,1.);
#1299 = DIRECTION('',(0.,0.,1.));
#1300 = ORIENTED_EDGE('',*,*,#1229,.T.);
#1301 = PLANE('',#1302);
#1302 = AXIS2_PLACEMENT_3D('',#1303,#1304,#1305);
#1303 = CARTESIAN_POINT('',(61.54,10.7,8.1));
#1304 = DIRECTION('',(1.,0.,0.));
#1305 = DIRECTION('',(0.,0.,-1.));
#1306 = ADVANCED_FACE('',(#1307),#1311,.F.);
#1307 = FACE_BOUND('',#1308,.F.);
#1308 = EDGE_LOOP('',(#1309,#1310));
#1309 = ORIENTED_EDGE('',*,*,#1271,.F.);
#1310 = ORIENTED_EDGE('',*,*,#331,.T.);
#1311 = PLANE('',#1312);
#1312 = AXIS2_PLACEMENT_3D('',#1313,#1314,#1315);
#1313 = CARTESIAN_POINT('',(60.64,10.7,9.));
#1314 = DIRECTION('',(0.707106781187,0.,0.707106781187));
#1315 = DIRECTION('',(0.707106781187,-0.,-0.707106781187));
#1316 = ADVANCED_FACE('',(#1317),#1336,.F.);
#1317 = FACE_BOUND('',#1318,.F.);
#1318 = EDGE_LOOP('',(#1319,#1327,#1333,#1334,#1335));
#1319 = ORIENTED_EDGE('',*,*,#1320,.T.);
#1320 = EDGE_CURVE('',#1037,#1321,#1323,.T.);
#1321 = VERTEX_POINT('',#1322);
#1322 = CARTESIAN_POINT('',(65.457140075112,-0.2,11.96));
#1323 = LINE('',#1324,#1325);
#1324 = CARTESIAN_POINT('',(-10.,-0.2,11.96));
#1325 = VECTOR('',#1326,1.);
#1326 = DIRECTION('',(1.,0.,0.));
#1327 = ORIENTED_EDGE('',*,*,#1328,.F.);
#1328 = EDGE_CURVE('',#1213,#1321,#1329,.T.);
#1329 = LINE('',#1330,#1331);
#1330 = CARTESIAN_POINT('',(65.457140075112,-0.2,6.2));
#1331 = VECTOR('',#1332,1.);
#1332 = DIRECTION('',(0.,0.,1.));
#1333 = ORIENTED_EDGE('',*,*,#1212,.T.);
#1334 = ORIENTED_EDGE('',*,*,#357,.T.);
#1335 = ORIENTED_EDGE('',*,*,#1036,.T.);
#1336 = PLANE('',#1337);
#1337 = AXIS2_PLACEMENT_3D('',#1338,#1339,#1340);
#1338 = CARTESIAN_POINT('',(-10.,-0.2,5.55));
#1339 = DIRECTION('',(0.,1.,0.));
#1340 = DIRECTION('',(0.,0.,1.));
#1341 = ADVANCED_FACE('',(#1342),#1543,.T.);
#1342 = FACE_BOUND('',#1343,.T.);
#1343 = EDGE_LOOP('',(#1344,#1355,#1364,#1373,#1382,#1388,#1389,#1390,
    #1391,#1392,#1393,#1399,#1400,#1401,#1402,#1403,#1404,#1405,#1406,
    #1407,#1415,#1424,#1433,#1442,#1451,#1459,#1468,#1477,#1486,#1494,
    #1502,#1510,#1516,#1517,#1518,#1519,#1527,#1536));
#1344 = ORIENTED_EDGE('',*,*,#1345,.T.);
#1345 = EDGE_CURVE('',#1346,#1348,#1350,.T.);
#1346 = VERTEX_POINT('',#1347);
#1347 = CARTESIAN_POINT('',(67.15,36.65,11.96));
#1348 = VERTEX_POINT('',#1349);
#1349 = CARTESIAN_POINT('',(66.855,37.509636551107,11.96));
#1350 = CIRCLE('',#1351,1.4);
#1351 = AXIS2_PLACEMENT_3D('',#1352,#1353,#1354);
#1352 = CARTESIAN_POINT('',(65.75,36.65,11.96));
#1353 = DIRECTION('',(0.,0.,1.));
#1354 = DIRECTION('',(1.,0.,0.));
#1355 = ORIENTED_EDGE('',*,*,#1356,.T.);
#1356 = EDGE_CURVE('',#1348,#1357,#1359,.T.);
#1357 = VERTEX_POINT('',#1358);
#1358 = CARTESIAN_POINT('',(66.616025403784,37.75,11.96));
#1359 = CIRCLE('',#1360,1.4);
#1360 = AXIS2_PLACEMENT_3D('',#1361,#1362,#1363);
#1361 = CARTESIAN_POINT('',(65.75,36.65,11.96));
#1362 = DIRECTION('',(0.,0.,1.));
#1363 = DIRECTION('',(1.,0.,0.));
#1364 = ORIENTED_EDGE('',*,*,#1365,.T.);
#1365 = EDGE_CURVE('',#1357,#1366,#1368,.T.);
#1366 = VERTEX_POINT('',#1367);
#1367 = CARTESIAN_POINT('',(65.106608451393,37.893401510044,11.96));
#1368 = CIRCLE('',#1369,1.4);
#1369 = AXIS2_PLACEMENT_3D('',#1370,#1371,#1372);
#1370 = CARTESIAN_POINT('',(65.75,36.65,11.96));
#1371 = DIRECTION('',(0.,0.,1.));
#1372 = DIRECTION('',(1.,0.,0.));
#1373 = ORIENTED_EDGE('',*,*,#1374,.T.);
#1374 = EDGE_CURVE('',#1366,#1375,#1377,.T.);
#1375 = VERTEX_POINT('',#1376);
#1376 = CARTESIAN_POINT('',(64.883974596216,37.75,11.96));
#1377 = CIRCLE('',#1378,1.4);
#1378 = AXIS2_PLACEMENT_3D('',#1379,#1380,#1381);
#1379 = CARTESIAN_POINT('',(65.75,36.65,11.96));
#1380 = DIRECTION('',(0.,0.,1.));
#1381 = DIRECTION('',(1.,0.,0.));
#1382 = ORIENTED_EDGE('',*,*,#1383,.F.);
#1383 = EDGE_CURVE('',#515,#1375,#1384,.T.);
#1384 = LINE('',#1385,#1386);
#1385 = CARTESIAN_POINT('',(-10.,37.75,11.96));
#1386 = VECTOR('',#1387,1.);
#1387 = DIRECTION('',(1.,0.,0.));
#1388 = ORIENTED_EDGE('',*,*,#514,.T.);
#1389 = ORIENTED_EDGE('',*,*,#573,.T.);
#1390 = ORIENTED_EDGE('',*,*,#587,.F.);
#1391 = ORIENTED_EDGE('',*,*,#611,.F.);
#1392 = ORIENTED_EDGE('',*,*,#786,.T.);
#1393 = ORIENTED_EDGE('',*,*,#1394,.F.);
#1394 = EDGE_CURVE('',#649,#779,#1395,.T.);
#1395 = LINE('',#1396,#1397);
#1396 = CARTESIAN_POINT('',(-10.,37.75,11.96));
#1397 = VECTOR('',#1398,1.);
#1398 = DIRECTION('',(1.,0.,0.));
#1399 = ORIENTED_EDGE('',*,*,#648,.T.);
#1400 = ORIENTED_EDGE('',*,*,#811,.T.);
#1401 = ORIENTED_EDGE('',*,*,#825,.F.);
#1402 = ORIENTED_EDGE('',*,*,#886,.T.);
#1403 = ORIENTED_EDGE('',*,*,#877,.T.);
#1404 = ORIENTED_EDGE('',*,*,#868,.T.);
#1405 = ORIENTED_EDGE('',*,*,#859,.T.);
#1406 = ORIENTED_EDGE('',*,*,#936,.F.);
#1407 = ORIENTED_EDGE('',*,*,#1408,.F.);
#1408 = EDGE_CURVE('',#1409,#929,#1411,.T.);
#1409 = VERTEX_POINT('',#1410);
#1410 = CARTESIAN_POINT('',(-2.866246067202,36.03,11.96));
#1411 = LINE('',#1412,#1413);
#1412 = CARTESIAN_POINT('',(-3.2,36.03,11.96));
#1413 = VECTOR('',#1414,1.);
#1414 = DIRECTION('',(1.,0.,0.));
#1415 = ORIENTED_EDGE('',*,*,#1416,.F.);
#1416 = EDGE_CURVE('',#1417,#1409,#1419,.T.);
#1417 = VERTEX_POINT('',#1418);
#1418 = CARTESIAN_POINT('',(-2.643795948394,37.03,11.96));
#1419 = CIRCLE('',#1420,5.);
#1420 = AXIS2_PLACEMENT_3D('',#1421,#1422,#1423);
#1421 = CARTESIAN_POINT('',(2.1,35.45,11.96));
#1422 = DIRECTION('',(0.,0.,1.));
#1423 = DIRECTION('',(1.,0.,0.));
#1424 = ORIENTED_EDGE('',*,*,#1425,.F.);
#1425 = EDGE_CURVE('',#1426,#1417,#1428,.T.);
#1426 = VERTEX_POINT('',#1427);
#1427 = CARTESIAN_POINT('',(-2.339594576085,37.75,11.96));
#1428 = CIRCLE('',#1429,5.);
#1429 = AXIS2_PLACEMENT_3D('',#1430,#1431,#1432);
#1430 = CARTESIAN_POINT('',(2.1,35.45,11.96));
#1431 = DIRECTION('',(0.,0.,1.));
#1432 = DIRECTION('',(-1.,0.,0.));
#1433 = ORIENTED_EDGE('',*,*,#1434,.F.);
#1434 = EDGE_CURVE('',#1435,#1426,#1437,.T.);
#1435 = VERTEX_POINT('',#1436);
#1436 = CARTESIAN_POINT('',(-0.2,39.889594576085,11.96));
#1437 = CIRCLE('',#1438,5.);
#1438 = AXIS2_PLACEMENT_3D('',#1439,#1440,#1441);
#1439 = CARTESIAN_POINT('',(2.1,35.45,11.96));
#1440 = DIRECTION('',(0.,0.,1.));
#1441 = DIRECTION('',(-1.,0.,0.));
#1442 = ORIENTED_EDGE('',*,*,#1443,.F.);
#1443 = EDGE_CURVE('',#1444,#1435,#1446,.T.);
#1444 = VERTEX_POINT('',#1445);
#1445 = CARTESIAN_POINT('',(2.1,40.45,11.96));
#1446 = CIRCLE('',#1447,5.);
#1447 = AXIS2_PLACEMENT_3D('',#1448,#1449,#1450);
#1448 = CARTESIAN_POINT('',(2.1,35.45,11.96));
#1449 = DIRECTION('',(0.,0.,1.));
#1450 = DIRECTION('',(-1.,0.,0.));
#1451 = ORIENTED_EDGE('',*,*,#1452,.T.);
#1452 = EDGE_CURVE('',#1444,#1453,#1455,.T.);
#1453 = VERTEX_POINT('',#1454);
#1454 = CARTESIAN_POINT('',(64.55,40.45,11.96));
#1455 = LINE('',#1456,#1457);
#1456 = CARTESIAN_POINT('',(-51.45,40.45,11.96));
#1457 = VECTOR('',#1458,1.);
#1458 = DIRECTION('',(1.,0.,0.));
#1459 = ORIENTED_EDGE('',*,*,#1460,.F.);
#1460 = EDGE_CURVE('',#1461,#1453,#1463,.T.);
#1461 = VERTEX_POINT('',#1462);
#1462 = CARTESIAN_POINT('',(66.855,39.887000676132,11.96));
#1463 = CIRCLE('',#1464,5.);
#1464 = AXIS2_PLACEMENT_3D('',#1465,#1466,#1467);
#1465 = CARTESIAN_POINT('',(64.55,35.45,11.96));
#1466 = DIRECTION('',(0.,0.,1.));
#1467 = DIRECTION('',(1.,0.,0.));
#1468 = ORIENTED_EDGE('',*,*,#1469,.F.);
#1469 = EDGE_CURVE('',#1470,#1461,#1472,.T.);
#1470 = VERTEX_POINT('',#1471);
#1471 = CARTESIAN_POINT('',(68.989594576085,37.75,11.96));
#1472 = CIRCLE('',#1473,5.);
#1473 = AXIS2_PLACEMENT_3D('',#1474,#1475,#1476);
#1474 = CARTESIAN_POINT('',(64.55,35.45,11.96));
#1475 = DIRECTION('',(0.,0.,1.));
#1476 = DIRECTION('',(1.,0.,0.));
#1477 = ORIENTED_EDGE('',*,*,#1478,.F.);
#1478 = EDGE_CURVE('',#1479,#1470,#1481,.T.);
#1479 = VERTEX_POINT('',#1480);
#1480 = CARTESIAN_POINT('',(69.55,35.45,11.96));
#1481 = CIRCLE('',#1482,5.);
#1482 = AXIS2_PLACEMENT_3D('',#1483,#1484,#1485);
#1483 = CARTESIAN_POINT('',(64.55,35.45,11.96));
#1484 = DIRECTION('',(0.,0.,1.));
#1485 = DIRECTION('',(1.,0.,0.));
#1486 = ORIENTED_EDGE('',*,*,#1487,.T.);
#1487 = EDGE_CURVE('',#1479,#1488,#1490,.T.);
#1488 = VERTEX_POINT('',#1489);
#1489 = CARTESIAN_POINT('',(69.55,33.38,11.96));
#1490 = LINE('',#1491,#1492);
#1491 = CARTESIAN_POINT('',(69.55,-51.45,11.96));
#1492 = VECTOR('',#1493,1.);
#1493 = DIRECTION('',(0.,-1.,0.));
#1494 = ORIENTED_EDGE('',*,*,#1495,.F.);
#1495 = EDGE_CURVE('',#1496,#1488,#1498,.T.);
#1496 = VERTEX_POINT('',#1497);
#1497 = CARTESIAN_POINT('',(68.35,33.38,11.96));
#1498 = LINE('',#1499,#1500);
#1499 = CARTESIAN_POINT('',(68.35,33.38,11.96));
#1500 = VECTOR('',#1501,1.);
#1501 = DIRECTION('',(1.,0.,0.));
#1502 = ORIENTED_EDGE('',*,*,#1503,.T.);
#1503 = EDGE_CURVE('',#1496,#1504,#1506,.T.);
#1504 = VERTEX_POINT('',#1505);
#1505 = CARTESIAN_POINT('',(68.35,30.98,11.96));
#1506 = LINE('',#1507,#1508);
#1507 = CARTESIAN_POINT('',(68.35,32.708807812766,11.96));
#1508 = VECTOR('',#1509,1.);
#1509 = DIRECTION('',(0.,-1.,0.));
#1510 = ORIENTED_EDGE('',*,*,#1511,.F.);
#1511 = EDGE_CURVE('',#415,#1504,#1512,.T.);
#1512 = LINE('',#1513,#1514);
#1513 = CARTESIAN_POINT('',(67.,30.98,11.96));
#1514 = VECTOR('',#1515,1.);
#1515 = DIRECTION('',(1.,0.,0.));
#1516 = ORIENTED_EDGE('',*,*,#414,.F.);
#1517 = ORIENTED_EDGE('',*,*,#480,.F.);
#1518 = ORIENTED_EDGE('',*,*,#548,.T.);
#1519 = ORIENTED_EDGE('',*,*,#1520,.T.);
#1520 = EDGE_CURVE('',#541,#1521,#1523,.T.);
#1521 = VERTEX_POINT('',#1522);
#1522 = CARTESIAN_POINT('',(66.855,35.790363448893,11.96));
#1523 = LINE('',#1524,#1525);
#1524 = CARTESIAN_POINT('',(66.855,-10.,11.96));
#1525 = VECTOR('',#1526,1.);
#1526 = DIRECTION('',(0.,1.,0.));
#1527 = ORIENTED_EDGE('',*,*,#1528,.T.);
#1528 = EDGE_CURVE('',#1521,#1529,#1531,.T.);
#1529 = VERTEX_POINT('',#1530);
#1530 = CARTESIAN_POINT('',(66.986176184884,35.992833019754,11.96));
#1531 = CIRCLE('',#1532,1.4);
#1532 = AXIS2_PLACEMENT_3D('',#1533,#1534,#1535);
#1533 = CARTESIAN_POINT('',(65.75,36.65,11.96));
#1534 = DIRECTION('',(0.,0.,1.));
#1535 = DIRECTION('',(1.,0.,0.));
#1536 = ORIENTED_EDGE('',*,*,#1537,.T.);
#1537 = EDGE_CURVE('',#1529,#1346,#1538,.T.);
#1538 = CIRCLE('',#1539,1.4);
#1539 = AXIS2_PLACEMENT_3D('',#1540,#1541,#1542);
#1540 = CARTESIAN_POINT('',(65.75,36.65,11.96));
#1541 = DIRECTION('',(0.,0.,1.));
#1542 = DIRECTION('',(1.,0.,0.));
#1543 = PLANE('',#1544);
#1544 = AXIS2_PLACEMENT_3D('',#1545,#1546,#1547);
#1545 = CARTESIAN_POINT('',(35.639445407769,38.567972631837,11.96));
#1546 = DIRECTION('',(-0.,-0.,-1.));
#1547 = DIRECTION('',(-1.,0.,0.));
#1548 = ADVANCED_FACE('',(#1549),#1578,.F.);
#1549 = FACE_BOUND('',#1550,.F.);
#1550 = EDGE_LOOP('',(#1551,#1559,#1568,#1575,#1576,#1577));
#1551 = ORIENTED_EDGE('',*,*,#1552,.T.);
#1552 = EDGE_CURVE('',#432,#1553,#1555,.T.);
#1553 = VERTEX_POINT('',#1554);
#1554 = CARTESIAN_POINT('',(68.35,23.78,11.96));
#1555 = LINE('',#1556,#1557);
#1556 = CARTESIAN_POINT('',(66.15,23.78,11.96));
#1557 = VECTOR('',#1558,1.);
#1558 = DIRECTION('',(1.,0.,0.));
#1559 = ORIENTED_EDGE('',*,*,#1560,.F.);
#1560 = EDGE_CURVE('',#1561,#1553,#1563,.T.);
#1561 = VERTEX_POINT('',#1562);
#1562 = CARTESIAN_POINT('',(68.35,27.38,15.56));
#1563 = CIRCLE('',#1564,3.6);
#1564 = AXIS2_PLACEMENT_3D('',#1565,#1566,#1567);
#1565 = CARTESIAN_POINT('',(68.35,27.38,11.96));
#1566 = DIRECTION('',(1.,0.,-0.));
#1567 = DIRECTION('',(0.,0.,1.));
#1568 = ORIENTED_EDGE('',*,*,#1569,.F.);
#1569 = EDGE_CURVE('',#1504,#1561,#1570,.T.);
#1570 = CIRCLE('',#1571,3.6);
#1571 = AXIS2_PLACEMENT_3D('',#1572,#1573,#1574);
#1572 = CARTESIAN_POINT('',(68.35,27.38,11.96));
#1573 = DIRECTION('',(1.,0.,-0.));
#1574 = DIRECTION('',(0.,0.,1.));
#1575 = ORIENTED_EDGE('',*,*,#1511,.F.);
#1576 = ORIENTED_EDGE('',*,*,#422,.T.);
#1577 = ORIENTED_EDGE('',*,*,#431,.T.);
#1578 = CYLINDRICAL_SURFACE('',#1579,3.6);
#1579 = AXIS2_PLACEMENT_3D('',#1580,#1581,#1582);
#1580 = CARTESIAN_POINT('',(66.15,27.38,11.96));
#1581 = DIRECTION('',(1.,0.,0.));
#1582 = DIRECTION('',(0.,0.,1.));
#1583 = ADVANCED_FACE('',(#1584),#1634,.T.);
#1584 = FACE_BOUND('',#1585,.T.);
#1585 = EDGE_LOOP('',(#1586,#1587,#1595,#1603,#1611,#1619,#1627,#1633));
#1586 = ORIENTED_EDGE('',*,*,#1552,.T.);
#1587 = ORIENTED_EDGE('',*,*,#1588,.F.);
#1588 = EDGE_CURVE('',#1589,#1553,#1591,.T.);
#1589 = VERTEX_POINT('',#1590);
#1590 = CARTESIAN_POINT('',(68.35,21.38,11.96));
#1591 = LINE('',#1592,#1593);
#1592 = CARTESIAN_POINT('',(68.35,16.19,11.96));
#1593 = VECTOR('',#1594,1.);
#1594 = DIRECTION('',(0.,1.,0.));
#1595 = ORIENTED_EDGE('',*,*,#1596,.T.);
#1596 = EDGE_CURVE('',#1589,#1597,#1599,.T.);
#1597 = VERTEX_POINT('',#1598);
#1598 = CARTESIAN_POINT('',(69.55,21.38,11.96));
#1599 = LINE('',#1600,#1601);
#1600 = CARTESIAN_POINT('',(68.35,21.38,11.96));
#1601 = VECTOR('',#1602,1.);
#1602 = DIRECTION('',(1.,0.,0.));
#1603 = ORIENTED_EDGE('',*,*,#1604,.F.);
#1604 = EDGE_CURVE('',#1605,#1597,#1607,.T.);
#1605 = VERTEX_POINT('',#1606);
#1606 = CARTESIAN_POINT('',(69.55,16.73,11.96));
#1607 = LINE('',#1608,#1609);
#1608 = CARTESIAN_POINT('',(69.55,5.,11.96));
#1609 = VECTOR('',#1610,1.);
#1610 = DIRECTION('',(0.,1.,0.));
#1611 = ORIENTED_EDGE('',*,*,#1612,.F.);
#1612 = EDGE_CURVE('',#1613,#1605,#1615,.T.);
#1613 = VERTEX_POINT('',#1614);
#1614 = CARTESIAN_POINT('',(68.35,16.73,11.96));
#1615 = LINE('',#1616,#1617);
#1616 = CARTESIAN_POINT('',(68.35,16.73,11.96));
#1617 = VECTOR('',#1618,1.);
#1618 = DIRECTION('',(1.,0.,0.));
#1619 = ORIENTED_EDGE('',*,*,#1620,.F.);
#1620 = EDGE_CURVE('',#1621,#1613,#1623,.T.);
#1621 = VERTEX_POINT('',#1622);
#1622 = CARTESIAN_POINT('',(68.35,14.33,11.96));
#1623 = LINE('',#1624,#1625);
#1624 = CARTESIAN_POINT('',(68.35,7.865,11.96));
#1625 = VECTOR('',#1626,1.);
#1626 = DIRECTION('',(0.,1.,0.));
#1627 = ORIENTED_EDGE('',*,*,#1628,.F.);
#1628 = EDGE_CURVE('',#441,#1621,#1629,.T.);
#1629 = LINE('',#1630,#1631);
#1630 = CARTESIAN_POINT('',(67.,14.33,11.96));
#1631 = VECTOR('',#1632,1.);
#1632 = DIRECTION('',(1.,0.,0.));
#1633 = ORIENTED_EDGE('',*,*,#440,.F.);
#1634 = PLANE('',#1635);
#1635 = AXIS2_PLACEMENT_3D('',#1636,#1637,#1638);
#1636 = CARTESIAN_POINT('',(68.106962025316,19.055,11.96));
#1637 = DIRECTION('',(-0.,-0.,-1.));
#1638 = DIRECTION('',(-1.,0.,0.));
#1639 = ADVANCED_FACE('',(#1640),#1662,.F.);
#1640 = FACE_BOUND('',#1641,.F.);
#1641 = EDGE_LOOP('',(#1642,#1651,#1658,#1659,#1660,#1661));
#1642 = ORIENTED_EDGE('',*,*,#1643,.F.);
#1643 = EDGE_CURVE('',#1644,#1108,#1646,.T.);
#1644 = VERTEX_POINT('',#1645);
#1645 = CARTESIAN_POINT('',(68.35,10.73,15.56));
#1646 = CIRCLE('',#1647,3.6);
#1647 = AXIS2_PLACEMENT_3D('',#1648,#1649,#1650);
#1648 = CARTESIAN_POINT('',(68.35,10.73,11.96));
#1649 = DIRECTION('',(1.,0.,-0.));
#1650 = DIRECTION('',(0.,0.,1.));
#1651 = ORIENTED_EDGE('',*,*,#1652,.F.);
#1652 = EDGE_CURVE('',#1621,#1644,#1653,.T.);
#1653 = CIRCLE('',#1654,3.6);
#1654 = AXIS2_PLACEMENT_3D('',#1655,#1656,#1657);
#1655 = CARTESIAN_POINT('',(68.35,10.73,11.96));
#1656 = DIRECTION('',(1.,0.,-0.));
#1657 = DIRECTION('',(0.,0.,1.));
#1658 = ORIENTED_EDGE('',*,*,#1628,.F.);
#1659 = ORIENTED_EDGE('',*,*,#448,.T.);
#1660 = ORIENTED_EDGE('',*,*,#457,.T.);
#1661 = ORIENTED_EDGE('',*,*,#1107,.T.);
#1662 = CYLINDRICAL_SURFACE('',#1663,3.6);
#1663 = AXIS2_PLACEMENT_3D('',#1664,#1665,#1666);
#1664 = CARTESIAN_POINT('',(66.15,10.73,11.96));
#1665 = DIRECTION('',(1.,0.,0.));
#1666 = DIRECTION('',(0.,0.,1.));
#1667 = ADVANCED_FACE('',(#1668),#1694,.T.);
#1668 = FACE_BOUND('',#1669,.T.);
#1669 = EDGE_LOOP('',(#1670,#1678,#1686,#1692,#1693));
#1670 = ORIENTED_EDGE('',*,*,#1671,.T.);
#1671 = EDGE_CURVE('',#1375,#1672,#1674,.T.);
#1672 = VERTEX_POINT('',#1673);
#1673 = CARTESIAN_POINT('',(65.426741403204,37.75,11.96));
#1674 = LINE('',#1675,#1676);
#1675 = CARTESIAN_POINT('',(-10.,37.75,11.96));
#1676 = VECTOR('',#1677,1.);
#1677 = DIRECTION('',(1.,0.,0.));
#1678 = ORIENTED_EDGE('',*,*,#1679,.F.);
#1679 = EDGE_CURVE('',#1680,#1672,#1682,.T.);
#1680 = VERTEX_POINT('',#1681);
#1681 = CARTESIAN_POINT('',(65.426741403204,37.75,6.2));
#1682 = LINE('',#1683,#1684);
#1683 = CARTESIAN_POINT('',(65.426741403204,37.75,6.2));
#1684 = VECTOR('',#1685,1.);
#1685 = DIRECTION('',(0.,0.,1.));
#1686 = ORIENTED_EDGE('',*,*,#1687,.T.);
#1687 = EDGE_CURVE('',#1680,#524,#1688,.T.);
#1688 = LINE('',#1689,#1690);
#1689 = CARTESIAN_POINT('',(26.97,37.75,6.2));
#1690 = VECTOR('',#1691,1.);
#1691 = DIRECTION('',(-1.,0.,0.));
#1692 = ORIENTED_EDGE('',*,*,#523,.T.);
#1693 = ORIENTED_EDGE('',*,*,#1383,.T.);
#1694 = PLANE('',#1695);
#1695 = AXIS2_PLACEMENT_3D('',#1696,#1697,#1698);
#1696 = CARTESIAN_POINT('',(-10.,37.75,5.55));
#1697 = DIRECTION('',(0.,1.,0.));
#1698 = DIRECTION('',(0.,0.,1.));
#1699 = ADVANCED_FACE('',(#1700,#1719),#1730,.F.);
#1700 = FACE_BOUND('',#1701,.F.);
#1701 = EDGE_LOOP('',(#1702,#1703,#1711,#1718));
#1702 = ORIENTED_EDGE('',*,*,#531,.T.);
#1703 = ORIENTED_EDGE('',*,*,#1704,.T.);
#1704 = EDGE_CURVE('',#532,#1705,#1707,.T.);
#1705 = VERTEX_POINT('',#1706);
#1706 = CARTESIAN_POINT('',(66.855,36.297106467872,6.2));
#1707 = LINE('',#1708,#1709);
#1708 = CARTESIAN_POINT('',(66.855,12.43,6.2));
#1709 = VECTOR('',#1710,1.);
#1710 = DIRECTION('',(0.,1.,0.));
#1711 = ORIENTED_EDGE('',*,*,#1712,.T.);
#1712 = EDGE_CURVE('',#1705,#1680,#1713,.T.);
#1713 = CIRCLE('',#1714,3.25);
#1714 = AXIS2_PLACEMENT_3D('',#1715,#1716,#1717);
#1715 = CARTESIAN_POINT('',(63.94,34.86,6.2));
#1716 = DIRECTION('',(0.,0.,1.));
#1717 = DIRECTION('',(1.,0.,0.));
#1718 = ORIENTED_EDGE('',*,*,#1687,.T.);
#1719 = FACE_BOUND('',#1720,.F.);
#1720 = EDGE_LOOP('',(#1721));
#1721 = ORIENTED_EDGE('',*,*,#1722,.F.);
#1722 = EDGE_CURVE('',#1723,#1723,#1725,.T.);
#1723 = VERTEX_POINT('',#1724);
#1724 = CARTESIAN_POINT('',(66.44,34.86,6.2));
#1725 = CIRCLE('',#1726,2.5);
#1726 = AXIS2_PLACEMENT_3D('',#1727,#1728,#1729);
#1727 = CARTESIAN_POINT('',(63.94,34.86,6.2));
#1728 = DIRECTION('',(0.,0.,1.));
#1729 = DIRECTION('',(1.,0.,0.));
#1730 = PLANE('',#1731);
#1731 = AXIS2_PLACEMENT_3D('',#1732,#1733,#1734);
#1732 = CARTESIAN_POINT('',(63.94,34.86,6.2));
#1733 = DIRECTION('',(0.,0.,1.));
#1734 = DIRECTION('',(1.,0.,0.));
#1735 = ADVANCED_FACE('',(#1736),#1755,.T.);
#1736 = FACE_BOUND('',#1737,.T.);
#1737 = EDGE_LOOP('',(#1738,#1746,#1752,#1753,#1754));
#1738 = ORIENTED_EDGE('',*,*,#1739,.T.);
#1739 = EDGE_CURVE('',#1705,#1740,#1742,.T.);
#1740 = VERTEX_POINT('',#1741);
#1741 = CARTESIAN_POINT('',(66.855,36.297106467872,11.96));
#1742 = LINE('',#1743,#1744);
#1743 = CARTESIAN_POINT('',(66.855,36.297106467872,6.2));
#1744 = VECTOR('',#1745,1.);
#1745 = DIRECTION('',(0.,0.,1.));
#1746 = ORIENTED_EDGE('',*,*,#1747,.F.);
#1747 = EDGE_CURVE('',#1521,#1740,#1748,.T.);
#1748 = LINE('',#1749,#1750);
#1749 = CARTESIAN_POINT('',(66.855,-10.,11.96));
#1750 = VECTOR('',#1751,1.);
#1751 = DIRECTION('',(0.,1.,0.));
#1752 = ORIENTED_EDGE('',*,*,#1520,.F.);
#1753 = ORIENTED_EDGE('',*,*,#540,.F.);
#1754 = ORIENTED_EDGE('',*,*,#1704,.T.);
#1755 = PLANE('',#1756);
#1756 = AXIS2_PLACEMENT_3D('',#1757,#1758,#1759);
#1757 = CARTESIAN_POINT('',(66.855,-10.,5.55));
#1758 = DIRECTION('',(1.,0.,0.));
#1759 = DIRECTION('',(0.,0.,1.));
#1760 = ADVANCED_FACE('',(#1761),#1772,.T.);
#1761 = FACE_BOUND('',#1762,.T.);
#1762 = EDGE_LOOP('',(#1763,#1764,#1765,#1766));
#1763 = ORIENTED_EDGE('',*,*,#657,.T.);
#1764 = ORIENTED_EDGE('',*,*,#1394,.T.);
#1765 = ORIENTED_EDGE('',*,*,#778,.F.);
#1766 = ORIENTED_EDGE('',*,*,#1767,.T.);
#1767 = EDGE_CURVE('',#770,#658,#1768,.T.);
#1768 = LINE('',#1769,#1770);
#1769 = CARTESIAN_POINT('',(3.635,37.75,6.2));
#1770 = VECTOR('',#1771,1.);
#1771 = DIRECTION('',(-1.,0.,0.));
#1772 = PLANE('',#1773);
#1773 = AXIS2_PLACEMENT_3D('',#1774,#1775,#1776);
#1774 = CARTESIAN_POINT('',(-10.,37.75,5.55));
#1775 = DIRECTION('',(0.,1.,0.));
#1776 = DIRECTION('',(0.,0.,1.));
#1777 = ADVANCED_FACE('',(#1778),#1806,.F.);
#1778 = FACE_BOUND('',#1779,.F.);
#1779 = EDGE_LOOP('',(#1780,#1781,#1782,#1783,#1791,#1800));
#1780 = ORIENTED_EDGE('',*,*,#769,.T.);
#1781 = ORIENTED_EDGE('',*,*,#1767,.T.);
#1782 = ORIENTED_EDGE('',*,*,#665,.T.);
#1783 = ORIENTED_EDGE('',*,*,#1784,.F.);
#1784 = EDGE_CURVE('',#1785,#666,#1787,.T.);
#1785 = VERTEX_POINT('',#1786);
#1786 = CARTESIAN_POINT('',(14.781911670721,35.213754929601,6.2));
#1787 = LINE('',#1788,#1789);
#1788 = CARTESIAN_POINT('',(14.422913890394,38.697814464869,6.2));
#1789 = VECTOR('',#1790,1.);
#1790 = DIRECTION('',(-0.102497398,0.994733272492,0.));
#1791 = ORIENTED_EDGE('',*,*,#1792,.F.);
#1792 = EDGE_CURVE('',#1793,#1785,#1795,.T.);
#1793 = VERTEX_POINT('',#1794);
#1794 = CARTESIAN_POINT('',(19.72,35.467493718553,6.2));
#1795 = CIRCLE('',#1796,2.5);
#1796 = AXIS2_PLACEMENT_3D('',#1797,#1798,#1799);
#1797 = CARTESIAN_POINT('',(17.27,34.97,6.2));
#1798 = DIRECTION('',(0.,0.,1.));
#1799 = DIRECTION('',(1.,0.,0.));
#1800 = ORIENTED_EDGE('',*,*,#1801,.F.);
#1801 = EDGE_CURVE('',#762,#1793,#1802,.T.);
#1802 = LINE('',#1803,#1804);
#1803 = CARTESIAN_POINT('',(19.72,30.97,6.2));
#1804 = VECTOR('',#1805,1.);
#1805 = DIRECTION('',(0.,-1.,0.));
#1806 = PLANE('',#1807);
#1807 = AXIS2_PLACEMENT_3D('',#1808,#1809,#1810);
#1808 = CARTESIAN_POINT('',(17.27,34.97,6.2));
#1809 = DIRECTION('',(0.,0.,1.));
#1810 = DIRECTION('',(1.,0.,0.));
#1811 = ADVANCED_FACE('',(#1812),#1846,.F.);
#1812 = FACE_BOUND('',#1813,.F.);
#1813 = EDGE_LOOP('',(#1814,#1815,#1816,#1824,#1832,#1840));
#1814 = ORIENTED_EDGE('',*,*,#1784,.T.);
#1815 = ORIENTED_EDGE('',*,*,#674,.T.);
#1816 = ORIENTED_EDGE('',*,*,#1817,.T.);
#1817 = EDGE_CURVE('',#675,#1818,#1820,.T.);
#1818 = VERTEX_POINT('',#1819);
#1819 = CARTESIAN_POINT('',(14.87949543771,34.266708255503,8.1));
#1820 = LINE('',#1821,#1822);
#1821 = CARTESIAN_POINT('',(14.012924298395,42.676747554839,8.1));
#1822 = VECTOR('',#1823,1.);
#1823 = DIRECTION('',(0.102497398,-0.994733272492,0.));
#1824 = ORIENTED_EDGE('',*,*,#1825,.F.);
#1825 = EDGE_CURVE('',#1826,#1818,#1828,.T.);
#1826 = VERTEX_POINT('',#1827);
#1827 = CARTESIAN_POINT('',(14.87949543771,34.266708255503,5.6));
#1828 = LINE('',#1829,#1830);
#1829 = CARTESIAN_POINT('',(14.87949543771,34.266708255503,8.1));
#1830 = VECTOR('',#1831,1.);
#1831 = DIRECTION('',(0.,0.,1.));
#1832 = ORIENTED_EDGE('',*,*,#1833,.T.);
#1833 = EDGE_CURVE('',#1826,#1834,#1836,.T.);
#1834 = VERTEX_POINT('',#1835);
#1835 = CARTESIAN_POINT('',(14.781911670721,35.213754929601,5.6));
#1836 = LINE('',#1837,#1838);
#1837 = CARTESIAN_POINT('',(14.422913890394,38.697814464869,5.6));
#1838 = VECTOR('',#1839,1.);
#1839 = DIRECTION('',(-0.102497398,0.994733272492,0.));
#1840 = ORIENTED_EDGE('',*,*,#1841,.T.);
#1841 = EDGE_CURVE('',#1834,#1785,#1842,.T.);
#1842 = LINE('',#1843,#1844);
#1843 = CARTESIAN_POINT('',(14.781911670721,35.213754929601,5.6));
#1844 = VECTOR('',#1845,1.);
#1845 = DIRECTION('',(0.,0.,1.));
#1846 = PLANE('',#1847);
#1847 = AXIS2_PLACEMENT_3D('',#1848,#1849,#1850);
#1848 = CARTESIAN_POINT('',(14.012924298395,42.676747554839,8.1));
#1849 = DIRECTION('',(0.994733272492,0.102497398,0.));
#1850 = DIRECTION('',(0.,-0.,-1.));
#1851 = ADVANCED_FACE('',(#1852),#1862,.F.);
#1852 = FACE_BOUND('',#1853,.F.);
#1853 = EDGE_LOOP('',(#1854,#1855,#1856));
#1854 = ORIENTED_EDGE('',*,*,#1817,.F.);
#1855 = ORIENTED_EDGE('',*,*,#682,.T.);
#1856 = ORIENTED_EDGE('',*,*,#1857,.F.);
#1857 = EDGE_CURVE('',#1818,#683,#1858,.T.);
#1858 = LINE('',#1859,#1860);
#1859 = CARTESIAN_POINT('',(14.056659267972,34.024628029271,
    8.943315109144));
#1860 = VECTOR('',#1861,1.);
#1861 = DIRECTION('',(-0.684073449061,-0.201255926026,0.701098829359));
#1862 = PLANE('',#1863);
#1863 = AXIS2_PLACEMENT_3D('',#1864,#1865,#1866);
#1864 = CARTESIAN_POINT('',(13.117664353152,42.584499896639,9.));
#1865 = DIRECTION('',(0.703382642451,7.24766051797E-02,0.707106781187));
#1866 = DIRECTION('',(0.703382642451,7.24766051797E-02,-0.707106781187)
  );
#1867 = ADVANCED_FACE('',(#1868),#1886,.F.);
#1868 = FACE_BOUND('',#1869,.F.);
#1869 = EDGE_LOOP('',(#1870,#1878,#1879,#1880));
#1870 = ORIENTED_EDGE('',*,*,#1871,.F.);
#1871 = EDGE_CURVE('',#1818,#1872,#1874,.T.);
#1872 = VERTEX_POINT('',#1873);
#1873 = CARTESIAN_POINT('',(15.33599494565,33.367093151437,8.1));
#1874 = LINE('',#1875,#1876);
#1875 = CARTESIAN_POINT('',(11.465092539772,40.995408648232,8.1));
#1876 = VECTOR('',#1877,1.);
#1877 = DIRECTION('',(0.452512531605,-0.891758043833,0.));
#1878 = ORIENTED_EDGE('',*,*,#1857,.T.);
#1879 = ORIENTED_EDGE('',*,*,#691,.T.);
#1880 = ORIENTED_EDGE('',*,*,#1881,.F.);
#1881 = EDGE_CURVE('',#1872,#692,#1882,.T.);
#1882 = LINE('',#1883,#1884);
#1883 = CARTESIAN_POINT('',(14.691522613024,32.832953329335,
    8.916418349777));
#1884 = VECTOR('',#1885,1.);
#1885 = DIRECTION('',(-0.551175649263,-0.456815364044,0.698229995655));
#1886 = PLANE('',#1887);
#1887 = AXIS2_PLACEMENT_3D('',#1888,#1889,#1890);
#1888 = CARTESIAN_POINT('',(10.662510300322,40.588147369788,9.));
#1889 = DIRECTION('',(0.630568159972,0.31997467967,0.707106781187));
#1890 = DIRECTION('',(0.630568159972,0.31997467967,-0.707106781187));
#1891 = ADVANCED_FACE('',(#1892),#1910,.F.);
#1892 = FACE_BOUND('',#1893,.F.);
#1893 = EDGE_LOOP('',(#1894,#1902,#1903,#1904));
#1894 = ORIENTED_EDGE('',*,*,#1895,.F.);
#1895 = EDGE_CURVE('',#1872,#1896,#1898,.T.);
#1896 = VERTEX_POINT('',#1897);
#1897 = CARTESIAN_POINT('',(16.435928108889,32.52,8.1));
#1898 = LINE('',#1899,#1900);
#1899 = CARTESIAN_POINT('',(9.436878516376,37.910188399198,8.1));
#1900 = VECTOR('',#1901,1.);
#1901 = DIRECTION('',(0.792278994192,-0.610158991871,0.));
#1902 = ORIENTED_EDGE('',*,*,#1881,.T.);
#1903 = ORIENTED_EDGE('',*,*,#700,.T.);
#1904 = ORIENTED_EDGE('',*,*,#1905,.T.);
#1905 = EDGE_CURVE('',#701,#1896,#1906,.T.);
#1906 = LINE('',#1907,#1908);
#1907 = CARTESIAN_POINT('',(16.192003035168,31.803495299402,
    8.816504700598));
#1908 = VECTOR('',#1909,1.);
#1909 = DIRECTION('',(0.234039988548,0.687468284272,-0.687468284272));
#1910 = PLANE('',#1911);
#1911 = AXIS2_PLACEMENT_3D('',#1912,#1913,#1914);
#1912 = CARTESIAN_POINT('',(8.887735423691,37.197137304425,9.));
#1913 = DIRECTION('',(0.431447560754,0.560225849385,0.707106781187));
#1914 = DIRECTION('',(0.431447560754,0.560225849385,-0.707106781187));
#1915 = ADVANCED_FACE('',(#1916),#1926,.F.);
#1916 = FACE_BOUND('',#1917,.F.);
#1917 = EDGE_LOOP('',(#1918,#1924,#1925));
#1918 = ORIENTED_EDGE('',*,*,#1919,.F.);
#1919 = EDGE_CURVE('',#1896,#710,#1920,.T.);
#1920 = LINE('',#1921,#1922);
#1921 = CARTESIAN_POINT('',(9.27,32.52,8.1));
#1922 = VECTOR('',#1923,1.);
#1923 = DIRECTION('',(1.,0.,0.));
#1924 = ORIENTED_EDGE('',*,*,#1905,.F.);
#1925 = ORIENTED_EDGE('',*,*,#709,.T.);
#1926 = PLANE('',#1927);
#1927 = AXIS2_PLACEMENT_3D('',#1928,#1929,#1930);
#1928 = CARTESIAN_POINT('',(9.27,31.62,9.));
#1929 = DIRECTION('',(0.,0.707106781187,0.707106781187));
#1930 = DIRECTION('',(0.,0.707106781187,-0.707106781187));
#1931 = ADVANCED_FACE('',(#1932),#1982,.F.);
#1932 = FACE_BOUND('',#1933,.F.);
#1933 = EDGE_LOOP('',(#1934,#1944,#1950,#1951,#1952,#1960,#1968,#1976));
#1934 = ORIENTED_EDGE('',*,*,#1935,.T.);
#1935 = EDGE_CURVE('',#1936,#1938,#1940,.T.);
#1936 = VERTEX_POINT('',#1937);
#1937 = CARTESIAN_POINT('',(16.772506281447,32.52,6.2));
#1938 = VERTEX_POINT('',#1939);
#1939 = CARTESIAN_POINT('',(16.435928108889,32.52,6.2));
#1940 = LINE('',#1941,#1942);
#1941 = CARTESIAN_POINT('',(13.27,32.52,6.2));
#1942 = VECTOR('',#1943,1.);
#1943 = DIRECTION('',(-1.,-1.1E-16,0.));
#1944 = ORIENTED_EDGE('',*,*,#1945,.F.);
#1945 = EDGE_CURVE('',#1896,#1938,#1946,.T.);
#1946 = LINE('',#1947,#1948);
#1947 = CARTESIAN_POINT('',(16.435928108889,32.52,8.1));
#1948 = VECTOR('',#1949,1.);
#1949 = DIRECTION('',(0.,0.,-1.));
#1950 = ORIENTED_EDGE('',*,*,#1919,.T.);
#1951 = ORIENTED_EDGE('',*,*,#718,.F.);
#1952 = ORIENTED_EDGE('',*,*,#1953,.T.);
#1953 = EDGE_CURVE('',#719,#1954,#1956,.T.);
#1954 = VERTEX_POINT('',#1955);
#1955 = CARTESIAN_POINT('',(17.767493718553,32.52,6.2));
#1956 = LINE('',#1957,#1958);
#1957 = CARTESIAN_POINT('',(13.27,32.52,6.2));
#1958 = VECTOR('',#1959,1.);
#1959 = DIRECTION('',(-1.,-1.1E-16,0.));
#1960 = ORIENTED_EDGE('',*,*,#1961,.F.);
#1961 = EDGE_CURVE('',#1962,#1954,#1964,.T.);
#1962 = VERTEX_POINT('',#1963);
#1963 = CARTESIAN_POINT('',(17.767493718553,32.52,5.6));
#1964 = LINE('',#1965,#1966);
#1965 = CARTESIAN_POINT('',(17.767493718553,32.52,5.6));
#1966 = VECTOR('',#1967,1.);
#1967 = DIRECTION('',(0.,0.,1.));
#1968 = ORIENTED_EDGE('',*,*,#1969,.T.);
#1969 = EDGE_CURVE('',#1962,#1970,#1972,.T.);
#1970 = VERTEX_POINT('',#1971);
#1971 = CARTESIAN_POINT('',(16.772506281447,32.52,5.6));
#1972 = LINE('',#1973,#1974);
#1973 = CARTESIAN_POINT('',(13.27,32.52,5.6));
#1974 = VECTOR('',#1975,1.);
#1975 = DIRECTION('',(-1.,-1.1E-16,0.));
#1976 = ORIENTED_EDGE('',*,*,#1977,.T.);
#1977 = EDGE_CURVE('',#1970,#1936,#1978,.T.);
#1978 = LINE('',#1979,#1980);
#1979 = CARTESIAN_POINT('',(16.772506281447,32.52,5.6));
#1980 = VECTOR('',#1981,1.);
#1981 = DIRECTION('',(0.,0.,1.));
#1982 = PLANE('',#1983);
#1983 = AXIS2_PLACEMENT_3D('',#1984,#1985,#1986);
#1984 = CARTESIAN_POINT('',(9.27,32.52,8.1));
#1985 = DIRECTION('',(0.,1.,0.));
#1986 = DIRECTION('',(0.,0.,-1.));
#1987 = ADVANCED_FACE('',(#1988),#2007,.F.);
#1988 = FACE_BOUND('',#1989,.F.);
#1989 = EDGE_LOOP('',(#1990,#1991,#1992,#2000));
#1990 = ORIENTED_EDGE('',*,*,#1953,.F.);
#1991 = ORIENTED_EDGE('',*,*,#726,.T.);
#1992 = ORIENTED_EDGE('',*,*,#1993,.F.);
#1993 = EDGE_CURVE('',#1994,#727,#1996,.T.);
#1994 = VERTEX_POINT('',#1995);
#1995 = CARTESIAN_POINT('',(19.72,34.472506281447,6.2));
#1996 = LINE('',#1997,#1998);
#1997 = CARTESIAN_POINT('',(19.72,30.97,6.2));
#1998 = VECTOR('',#1999,1.);
#1999 = DIRECTION('',(0.,-1.,0.));
#2000 = ORIENTED_EDGE('',*,*,#2001,.F.);
#2001 = EDGE_CURVE('',#1954,#1994,#2002,.T.);
#2002 = CIRCLE('',#2003,2.5);
#2003 = AXIS2_PLACEMENT_3D('',#2004,#2005,#2006);
#2004 = CARTESIAN_POINT('',(17.27,34.97,6.2));
#2005 = DIRECTION('',(0.,0.,1.));
#2006 = DIRECTION('',(1.,0.,0.));
#2007 = PLANE('',#2008);
#2008 = AXIS2_PLACEMENT_3D('',#2009,#2010,#2011);
#2009 = CARTESIAN_POINT('',(17.27,34.97,6.2));
#2010 = DIRECTION('',(0.,0.,1.));
#2011 = DIRECTION('',(1.,0.,0.));
#2012 = ADVANCED_FACE('',(#2013),#2047,.F.);
#2013 = FACE_BOUND('',#2014,.F.);
#2014 = EDGE_LOOP('',(#2015,#2016,#2022,#2023,#2024,#2032,#2040,#2046));
#2015 = ORIENTED_EDGE('',*,*,#735,.T.);
#2016 = ORIENTED_EDGE('',*,*,#2017,.T.);
#2017 = EDGE_CURVE('',#736,#753,#2018,.T.);
#2018 = LINE('',#2019,#2020);
#2019 = CARTESIAN_POINT('',(19.72,26.97,8.1));
#2020 = VECTOR('',#2021,1.);
#2021 = DIRECTION('',(0.,1.,0.));
#2022 = ORIENTED_EDGE('',*,*,#761,.F.);
#2023 = ORIENTED_EDGE('',*,*,#1801,.T.);
#2024 = ORIENTED_EDGE('',*,*,#2025,.F.);
#2025 = EDGE_CURVE('',#2026,#1793,#2028,.T.);
#2026 = VERTEX_POINT('',#2027);
#2027 = CARTESIAN_POINT('',(19.72,35.467493718553,5.6));
#2028 = LINE('',#2029,#2030);
#2029 = CARTESIAN_POINT('',(19.72,35.467493718553,5.6));
#2030 = VECTOR('',#2031,1.);
#2031 = DIRECTION('',(0.,0.,1.));
#2032 = ORIENTED_EDGE('',*,*,#2033,.T.);
#2033 = EDGE_CURVE('',#2026,#2034,#2036,.T.);
#2034 = VERTEX_POINT('',#2035);
#2035 = CARTESIAN_POINT('',(19.72,34.472506281447,5.6));
#2036 = LINE('',#2037,#2038);
#2037 = CARTESIAN_POINT('',(19.72,30.97,5.6));
#2038 = VECTOR('',#2039,1.);
#2039 = DIRECTION('',(0.,-1.,0.));
#2040 = ORIENTED_EDGE('',*,*,#2041,.T.);
#2041 = EDGE_CURVE('',#2034,#1994,#2042,.T.);
#2042 = LINE('',#2043,#2044);
#2043 = CARTESIAN_POINT('',(19.72,34.472506281447,5.6));
#2044 = VECTOR('',#2045,1.);
#2045 = DIRECTION('',(0.,0.,1.));
#2046 = ORIENTED_EDGE('',*,*,#1993,.T.);
#2047 = PLANE('',#2048);
#2048 = AXIS2_PLACEMENT_3D('',#2049,#2050,#2051);
#2049 = CARTESIAN_POINT('',(19.72,26.97,8.1));
#2050 = DIRECTION('',(-1.,0.,0.));
#2051 = DIRECTION('',(0.,0.,-1.));
#2052 = ADVANCED_FACE('',(#2053),#2058,.F.);
#2053 = FACE_BOUND('',#2054,.F.);
#2054 = EDGE_LOOP('',(#2055,#2056,#2057));
#2055 = ORIENTED_EDGE('',*,*,#2017,.F.);
#2056 = ORIENTED_EDGE('',*,*,#743,.T.);
#2057 = ORIENTED_EDGE('',*,*,#752,.T.);
#2058 = PLANE('',#2059);
#2059 = AXIS2_PLACEMENT_3D('',#2060,#2061,#2062);
#2060 = CARTESIAN_POINT('',(20.62,26.97,9.));
#2061 = DIRECTION('',(-0.707106781187,0.,0.707106781187));
#2062 = DIRECTION('',(-0.707106781187,0.,-0.707106781187));
#2063 = ADVANCED_FACE('',(#2064),#2082,.T.);
#2064 = FACE_BOUND('',#2065,.T.);
#2065 = EDGE_LOOP('',(#2066,#2067,#2075,#2081));
#2066 = ORIENTED_EDGE('',*,*,#1023,.F.);
#2067 = ORIENTED_EDGE('',*,*,#2068,.T.);
#2068 = EDGE_CURVE('',#1016,#2069,#2071,.T.);
#2069 = VERTEX_POINT('',#2070);
#2070 = CARTESIAN_POINT('',(-2.9,23.03,15.6));
#2071 = LINE('',#2072,#2073);
#2072 = CARTESIAN_POINT('',(-2.9,23.03,11.96));
#2073 = VECTOR('',#2074,1.);
#2074 = DIRECTION('',(0.,0.,1.));
#2075 = ORIENTED_EDGE('',*,*,#2076,.T.);
#2076 = EDGE_CURVE('',#2069,#913,#2077,.T.);
#2077 = LINE('',#2078,#2079);
#2078 = CARTESIAN_POINT('',(-2.9,23.03,15.6));
#2079 = VECTOR('',#2080,1.);
#2080 = DIRECTION('',(1.,0.,0.));
#2081 = ORIENTED_EDGE('',*,*,#912,.F.);
#2082 = PLANE('',#2083);
#2083 = AXIS2_PLACEMENT_3D('',#2084,#2085,#2086);
#2084 = CARTESIAN_POINT('',(-2.9,23.03,11.96));
#2085 = DIRECTION('',(0.,1.,0.));
#2086 = DIRECTION('',(0.,0.,1.));
#2087 = ADVANCED_FACE('',(#2088),#2115,.F.);
#2088 = FACE_BOUND('',#2089,.F.);
#2089 = EDGE_LOOP('',(#2090,#2098,#2107,#2113,#2114));
#2090 = ORIENTED_EDGE('',*,*,#2091,.F.);
#2091 = EDGE_CURVE('',#2092,#921,#2094,.T.);
#2092 = VERTEX_POINT('',#2093);
#2093 = CARTESIAN_POINT('',(-2.866246067202,36.03,15.6));
#2094 = LINE('',#2095,#2096);
#2095 = CARTESIAN_POINT('',(-3.2,36.03,15.6));
#2096 = VECTOR('',#2097,1.);
#2097 = DIRECTION('',(1.,0.,0.));
#2098 = ORIENTED_EDGE('',*,*,#2099,.T.);
#2099 = EDGE_CURVE('',#2092,#2100,#2102,.T.);
#2100 = VERTEX_POINT('',#2101);
#2101 = CARTESIAN_POINT('',(-2.9,35.45,15.6));
#2102 = CIRCLE('',#2103,5.);
#2103 = AXIS2_PLACEMENT_3D('',#2104,#2105,#2106);
#2104 = CARTESIAN_POINT('',(2.1,35.45,15.6));
#2105 = DIRECTION('',(0.,0.,1.));
#2106 = DIRECTION('',(-1.,0.,0.));
#2107 = ORIENTED_EDGE('',*,*,#2108,.T.);
#2108 = EDGE_CURVE('',#2100,#2069,#2109,.T.);
#2109 = LINE('',#2110,#2111);
#2110 = CARTESIAN_POINT('',(-2.9,9.565,15.6));
#2111 = VECTOR('',#2112,1.);
#2112 = DIRECTION('',(0.,-1.,0.));
#2113 = ORIENTED_EDGE('',*,*,#2076,.T.);
#2114 = ORIENTED_EDGE('',*,*,#920,.F.);
#2115 = PLANE('',#2116);
#2116 = AXIS2_PLACEMENT_3D('',#2117,#2118,#2119);
#2117 = CARTESIAN_POINT('',(-6.,22.03,15.6));
#2118 = DIRECTION('',(0.,0.,1.));
#2119 = DIRECTION('',(1.,0.,0.));
#2120 = ADVANCED_FACE('',(#2121),#2132,.F.);
#2121 = FACE_BOUND('',#2122,.F.);
#2122 = EDGE_LOOP('',(#2123,#2124,#2130,#2131));
#2123 = ORIENTED_EDGE('',*,*,#1408,.F.);
#2124 = ORIENTED_EDGE('',*,*,#2125,.T.);
#2125 = EDGE_CURVE('',#1409,#2092,#2126,.T.);
#2126 = LINE('',#2127,#2128);
#2127 = CARTESIAN_POINT('',(-2.866246067202,36.03,11.96));
#2128 = VECTOR('',#2129,1.);
#2129 = DIRECTION('',(0.,0.,1.));
#2130 = ORIENTED_EDGE('',*,*,#2091,.T.);
#2131 = ORIENTED_EDGE('',*,*,#928,.T.);
#2132 = PLANE('',#2133);
#2133 = AXIS2_PLACEMENT_3D('',#2134,#2135,#2136);
#2134 = CARTESIAN_POINT('',(-3.2,36.03,11.96));
#2135 = DIRECTION('',(0.,1.,0.));
#2136 = DIRECTION('',(0.,0.,1.));
#2137 = ADVANCED_FACE('',(#2138),#2164,.F.);
#2138 = FACE_BOUND('',#2139,.F.);
#2139 = EDGE_LOOP('',(#2140,#2141,#2149,#2158));
#2140 = ORIENTED_EDGE('',*,*,#944,.F.);
#2141 = ORIENTED_EDGE('',*,*,#2142,.F.);
#2142 = EDGE_CURVE('',#2143,#945,#2145,.T.);
#2143 = VERTEX_POINT('',#2144);
#2144 = CARTESIAN_POINT('',(-1.6,6.785301005062,23.));
#2145 = LINE('',#2146,#2147);
#2146 = CARTESIAN_POINT('',(-3.5,6.785301005062,23.));
#2147 = VECTOR('',#2148,1.);
#2148 = DIRECTION('',(1.,0.,0.));
#2149 = ORIENTED_EDGE('',*,*,#2150,.T.);
#2150 = EDGE_CURVE('',#2143,#2151,#2153,.T.);
#2151 = VERTEX_POINT('',#2152);
#2152 = CARTESIAN_POINT('',(-1.6,8.82,16.1));
#2153 = CIRCLE('',#2154,3.75);
#2154 = AXIS2_PLACEMENT_3D('',#2155,#2156,#2157);
#2155 = CARTESIAN_POINT('',(-1.6,8.82,19.85));
#2156 = DIRECTION('',(1.,0.,-0.));
#2157 = DIRECTION('',(0.,0.,1.));
#2158 = ORIENTED_EDGE('',*,*,#2159,.T.);
#2159 = EDGE_CURVE('',#2151,#947,#2160,.T.);
#2160 = LINE('',#2161,#2162);
#2161 = CARTESIAN_POINT('',(-3.5,8.82,16.1));
#2162 = VECTOR('',#2163,1.);
#2163 = DIRECTION('',(1.,0.,0.));
#2164 = CYLINDRICAL_SURFACE('',#2165,3.75);
#2165 = AXIS2_PLACEMENT_3D('',#2166,#2167,#2168);
#2166 = CARTESIAN_POINT('',(-3.5,8.82,19.85));
#2167 = DIRECTION('',(1.,0.,0.));
#2168 = DIRECTION('',(0.,0.,1.));
#2169 = ADVANCED_FACE('',(#2170),#2220,.F.);
#2170 = FACE_BOUND('',#2171,.F.);
#2171 = EDGE_LOOP('',(#2172,#2182,#2190,#2198,#2204,#2205,#2206,#2214));
#2172 = ORIENTED_EDGE('',*,*,#2173,.F.);
#2173 = EDGE_CURVE('',#2174,#2176,#2178,.T.);
#2174 = VERTEX_POINT('',#2175);
#2175 = CARTESIAN_POINT('',(-2.9,17.875277766926,23.));
#2176 = VERTEX_POINT('',#2177);
#2177 = CARTESIAN_POINT('',(-1.6,17.875277766926,23.));
#2178 = LINE('',#2179,#2180);
#2179 = CARTESIAN_POINT('',(-3.5,17.875277766926,23.));
#2180 = VECTOR('',#2181,1.);
#2181 = DIRECTION('',(1.,0.,0.));
#2182 = ORIENTED_EDGE('',*,*,#2183,.F.);
#2183 = EDGE_CURVE('',#2184,#2174,#2186,.T.);
#2184 = VERTEX_POINT('',#2185);
#2185 = CARTESIAN_POINT('',(-2.9,5.264722233074,23.));
#2186 = LINE('',#2187,#2188);
#2187 = CARTESIAN_POINT('',(-2.9,-15.85099335302,23.));
#2188 = VECTOR('',#2189,1.);
#2189 = DIRECTION('',(0.,1.,0.));
#2190 = ORIENTED_EDGE('',*,*,#2191,.T.);
#2191 = EDGE_CURVE('',#2184,#2192,#2194,.T.);
#2192 = VERTEX_POINT('',#2193);
#2193 = CARTESIAN_POINT('',(-1.6,5.264722233074,23.));
#2194 = LINE('',#2195,#2196);
#2195 = CARTESIAN_POINT('',(-3.5,5.264722233074,23.));
#2196 = VECTOR('',#2197,1.);
#2197 = DIRECTION('',(1.,0.,0.));
#2198 = ORIENTED_EDGE('',*,*,#2199,.T.);
#2199 = EDGE_CURVE('',#2192,#2143,#2200,.T.);
#2200 = LINE('',#2201,#2202);
#2201 = CARTESIAN_POINT('',(-1.6,-19.215,23.));
#2202 = VECTOR('',#2203,1.);
#2203 = DIRECTION('',(0.,1.,0.));
#2204 = ORIENTED_EDGE('',*,*,#2142,.T.);
#2205 = ORIENTED_EDGE('',*,*,#955,.F.);
#2206 = ORIENTED_EDGE('',*,*,#2207,.F.);
#2207 = EDGE_CURVE('',#2208,#956,#2210,.T.);
#2208 = VERTEX_POINT('',#2209);
#2209 = CARTESIAN_POINT('',(-1.6,16.354698994938,23.));
#2210 = LINE('',#2211,#2212);
#2211 = CARTESIAN_POINT('',(-3.5,16.354698994938,23.));
#2212 = VECTOR('',#2213,1.);
#2213 = DIRECTION('',(1.,0.,0.));
#2214 = ORIENTED_EDGE('',*,*,#2215,.T.);
#2215 = EDGE_CURVE('',#2208,#2176,#2216,.T.);
#2216 = LINE('',#2217,#2218);
#2217 = CARTESIAN_POINT('',(-1.6,-19.215,23.));
#2218 = VECTOR('',#2219,1.);
#2219 = DIRECTION('',(0.,1.,0.));
#2220 = PLANE('',#2221);
#2221 = AXIS2_PLACEMENT_3D('',#2222,#2223,#2224);
#2222 = CARTESIAN_POINT('',(-50.,-50.,23.));
#2223 = DIRECTION('',(0.,0.,1.));
#2224 = DIRECTION('',(1.,0.,0.));
#2225 = ADVANCED_FACE('',(#2226),#2245,.F.);
#2226 = FACE_BOUND('',#2227,.F.);
#2227 = EDGE_LOOP('',(#2228,#2236,#2243,#2244));
#2228 = ORIENTED_EDGE('',*,*,#2229,.F.);
#2229 = EDGE_CURVE('',#2230,#964,#2232,.T.);
#2230 = VERTEX_POINT('',#2231);
#2231 = CARTESIAN_POINT('',(-1.6,14.32,16.1));
#2232 = LINE('',#2233,#2234);
#2233 = CARTESIAN_POINT('',(-3.5,14.32,16.1));
#2234 = VECTOR('',#2235,1.);
#2235 = DIRECTION('',(1.,0.,0.));
#2236 = ORIENTED_EDGE('',*,*,#2237,.T.);
#2237 = EDGE_CURVE('',#2230,#2208,#2238,.T.);
#2238 = CIRCLE('',#2239,3.75);
#2239 = AXIS2_PLACEMENT_3D('',#2240,#2241,#2242);
#2240 = CARTESIAN_POINT('',(-1.6,14.32,19.85));
#2241 = DIRECTION('',(1.,0.,-0.));
#2242 = DIRECTION('',(0.,0.,1.));
#2243 = ORIENTED_EDGE('',*,*,#2207,.T.);
#2244 = ORIENTED_EDGE('',*,*,#963,.F.);
#2245 = CYLINDRICAL_SURFACE('',#2246,3.75);
#2246 = AXIS2_PLACEMENT_3D('',#2247,#2248,#2249);
#2247 = CARTESIAN_POINT('',(-3.5,14.32,19.85));
#2248 = DIRECTION('',(1.,0.,0.));
#2249 = DIRECTION('',(0.,0.,1.));
#2250 = ADVANCED_FACE('',(#2251),#2262,.T.);
#2251 = FACE_BOUND('',#2252,.T.);
#2252 = EDGE_LOOP('',(#2253,#2259,#2260,#2261));
#2253 = ORIENTED_EDGE('',*,*,#2254,.F.);
#2254 = EDGE_CURVE('',#2151,#2230,#2255,.T.);
#2255 = LINE('',#2256,#2257);
#2256 = CARTESIAN_POINT('',(-1.6,8.82,16.1));
#2257 = VECTOR('',#2258,1.);
#2258 = DIRECTION('',(0.,1.,0.));
#2259 = ORIENTED_EDGE('',*,*,#2159,.T.);
#2260 = ORIENTED_EDGE('',*,*,#972,.F.);
#2261 = ORIENTED_EDGE('',*,*,#2229,.F.);
#2262 = PLANE('',#2263);
#2263 = AXIS2_PLACEMENT_3D('',#2264,#2265,#2266);
#2264 = CARTESIAN_POINT('',(-3.5,8.82,16.1));
#2265 = DIRECTION('',(0.,0.,1.));
#2266 = DIRECTION('',(1.,0.,0.));
#2267 = ADVANCED_FACE('',(#2268),#2296,.T.);
#2268 = FACE_BOUND('',#2269,.T.);
#2269 = EDGE_LOOP('',(#2270,#2278,#2287,#2293,#2294,#2295));
#2270 = ORIENTED_EDGE('',*,*,#2271,.T.);
#2271 = EDGE_CURVE('',#989,#2272,#2274,.T.);
#2272 = VERTEX_POINT('',#2273);
#2273 = CARTESIAN_POINT('',(2.1,-2.9,24.));
#2274 = LINE('',#2275,#2276);
#2275 = CARTESIAN_POINT('',(2.1,-2.9,-2.));
#2276 = VECTOR('',#2277,1.);
#2277 = DIRECTION('',(0.,0.,1.));
#2278 = ORIENTED_EDGE('',*,*,#2279,.T.);
#2279 = EDGE_CURVE('',#2272,#2280,#2282,.T.);
#2280 = VERTEX_POINT('',#2281);
#2281 = CARTESIAN_POINT('',(-2.9,2.1,24.));
#2282 = CIRCLE('',#2283,5.);
#2283 = AXIS2_PLACEMENT_3D('',#2284,#2285,#2286);
#2284 = CARTESIAN_POINT('',(2.1,2.1,24.));
#2285 = DIRECTION('',(-0.,0.,-1.));
#2286 = DIRECTION('',(-2.7E-16,-1.,0.));
#2287 = ORIENTED_EDGE('',*,*,#2288,.F.);
#2288 = EDGE_CURVE('',#1007,#2280,#2289,.T.);
#2289 = LINE('',#2290,#2291);
#2290 = CARTESIAN_POINT('',(-2.9,2.1,0.));
#2291 = VECTOR('',#2292,1.);
#2292 = DIRECTION('',(0.,0.,1.));
#2293 = ORIENTED_EDGE('',*,*,#1006,.T.);
#2294 = ORIENTED_EDGE('',*,*,#997,.T.);
#2295 = ORIENTED_EDGE('',*,*,#986,.T.);
#2296 = CYLINDRICAL_SURFACE('',#2297,5.);
#2297 = AXIS2_PLACEMENT_3D('',#2298,#2299,#2300);
#2298 = CARTESIAN_POINT('',(2.1,2.1,0.));
#2299 = DIRECTION('',(0.,0.,1.));
#2300 = DIRECTION('',(-1.,0.,0.));
#2301 = ADVANCED_FACE('',(#2302,#2322),#2349,.T.);
#2302 = FACE_BOUND('',#2303,.T.);
#2303 = EDGE_LOOP('',(#2304,#2305,#2313,#2319,#2320,#2321));
#2304 = ORIENTED_EDGE('',*,*,#2288,.T.);
#2305 = ORIENTED_EDGE('',*,*,#2306,.T.);
#2306 = EDGE_CURVE('',#2280,#2307,#2309,.T.);
#2307 = VERTEX_POINT('',#2308);
#2308 = CARTESIAN_POINT('',(-2.9,35.45,24.));
#2309 = LINE('',#2310,#2311);
#2310 = CARTESIAN_POINT('',(-2.9,2.1,24.));
#2311 = VECTOR('',#2312,1.);
#2312 = DIRECTION('',(0.,1.,0.));
#2313 = ORIENTED_EDGE('',*,*,#2314,.F.);
#2314 = EDGE_CURVE('',#2100,#2307,#2315,.T.);
#2315 = LINE('',#2316,#2317);
#2316 = CARTESIAN_POINT('',(-2.9,35.45,-2.));
#2317 = VECTOR('',#2318,1.);
#2318 = DIRECTION('',(0.,0.,1.));
#2319 = ORIENTED_EDGE('',*,*,#2108,.T.);
#2320 = ORIENTED_EDGE('',*,*,#2068,.F.);
#2321 = ORIENTED_EDGE('',*,*,#1015,.T.);
#2322 = FACE_BOUND('',#2323,.T.);
#2323 = EDGE_LOOP('',(#2324,#2333,#2334,#2343));
#2324 = ORIENTED_EDGE('',*,*,#2325,.T.);
#2325 = EDGE_CURVE('',#2326,#2174,#2328,.T.);
#2326 = VERTEX_POINT('',#2327);
#2327 = CARTESIAN_POINT('',(-2.9,14.32,15.1));
#2328 = CIRCLE('',#2329,4.75);
#2329 = AXIS2_PLACEMENT_3D('',#2330,#2331,#2332);
#2330 = CARTESIAN_POINT('',(-2.9,14.32,19.85));
#2331 = DIRECTION('',(1.,0.,-0.));
#2332 = DIRECTION('',(0.,0.,1.));
#2333 = ORIENTED_EDGE('',*,*,#2183,.F.);
#2334 = ORIENTED_EDGE('',*,*,#2335,.T.);
#2335 = EDGE_CURVE('',#2184,#2336,#2338,.T.);
#2336 = VERTEX_POINT('',#2337);
#2337 = CARTESIAN_POINT('',(-2.9,8.82,15.1));
#2338 = CIRCLE('',#2339,4.75);
#2339 = AXIS2_PLACEMENT_3D('',#2340,#2341,#2342);
#2340 = CARTESIAN_POINT('',(-2.9,8.82,19.85));
#2341 = DIRECTION('',(1.,0.,-0.));
#2342 = DIRECTION('',(0.,0.,1.));
#2343 = ORIENTED_EDGE('',*,*,#2344,.F.);
#2344 = EDGE_CURVE('',#2326,#2336,#2345,.T.);
#2345 = LINE('',#2346,#2347);
#2346 = CARTESIAN_POINT('',(-2.9,2.96,15.1));
#2347 = VECTOR('',#2348,1.);
#2348 = DIRECTION('',(0.,-1.,0.));
#2349 = PLANE('',#2350);
#2350 = AXIS2_PLACEMENT_3D('',#2351,#2352,#2353);
#2351 = CARTESIAN_POINT('',(-2.9,18.276996034369,18.478003965631));
#2352 = DIRECTION('',(-1.,-0.,-0.));
#2353 = DIRECTION('',(0.,0.,-1.));
#2354 = ADVANCED_FACE('',(#2355),#2385,.F.);
#2355 = FACE_BOUND('',#2356,.F.);
#2356 = EDGE_LOOP('',(#2357,#2358,#2359,#2366,#2373,#2374,#2375,#2376,
    #2383,#2384));
#2357 = ORIENTED_EDGE('',*,*,#1062,.T.);
#2358 = ORIENTED_EDGE('',*,*,#1071,.T.);
#2359 = ORIENTED_EDGE('',*,*,#2360,.T.);
#2360 = EDGE_CURVE('',#1072,#2361,#2363,.T.);
#2361 = VERTEX_POINT('',#2362);
#2362 = CARTESIAN_POINT('',(67.15,0.9,23.5));
#2363 = B_SPLINE_CURVE_WITH_KNOTS('',1,(#2364,#2365),.UNSPECIFIED.,.F.,
  .F.,(2,2),(0.,11.54),.PIECEWISE_BEZIER_KNOTS.);
#2364 = CARTESIAN_POINT('',(67.15,0.9,11.96));
#2365 = CARTESIAN_POINT('',(67.15,0.9,23.5));
#2366 = ORIENTED_EDGE('',*,*,#2367,.F.);
#2367 = EDGE_CURVE('',#2361,#2361,#2368,.T.);
#2368 = CIRCLE('',#2369,1.4);
#2369 = AXIS2_PLACEMENT_3D('',#2370,#2371,#2372);
#2370 = CARTESIAN_POINT('',(65.75,0.9,23.5));
#2371 = DIRECTION('',(0.,0.,1.));
#2372 = DIRECTION('',(1.,0.,0.));
#2373 = ORIENTED_EDGE('',*,*,#2360,.F.);
#2374 = ORIENTED_EDGE('',*,*,#1080,.T.);
#2375 = ORIENTED_EDGE('',*,*,#1089,.T.);
#2376 = ORIENTED_EDGE('',*,*,#2377,.T.);
#2377 = EDGE_CURVE('',#1090,#1037,#2378,.T.);
#2378 = CIRCLE('',#2379,1.4);
#2379 = AXIS2_PLACEMENT_3D('',#2380,#2381,#2382);
#2380 = CARTESIAN_POINT('',(65.75,0.9,11.96));
#2381 = DIRECTION('',(0.,0.,1.));
#2382 = DIRECTION('',(1.,0.,0.));
#2383 = ORIENTED_EDGE('',*,*,#1044,.T.);
#2384 = ORIENTED_EDGE('',*,*,#1053,.T.);
#2385 = CYLINDRICAL_SURFACE('',#2386,1.4);
#2386 = AXIS2_PLACEMENT_3D('',#2387,#2388,#2389);
#2387 = CARTESIAN_POINT('',(65.75,0.9,11.96));
#2388 = DIRECTION('',(0.,0.,1.));
#2389 = DIRECTION('',(1.,0.,0.));
#2390 = ADVANCED_FACE('',(#2391),#2413,.T.);
#2391 = FACE_BOUND('',#2392,.T.);
#2392 = EDGE_LOOP('',(#2393,#2394,#2403,#2410,#2411,#2412));
#2393 = ORIENTED_EDGE('',*,*,#1620,.T.);
#2394 = ORIENTED_EDGE('',*,*,#2395,.T.);
#2395 = EDGE_CURVE('',#1613,#2396,#2398,.T.);
#2396 = VERTEX_POINT('',#2397);
#2397 = CARTESIAN_POINT('',(68.35,10.73,17.96));
#2398 = CIRCLE('',#2399,6.);
#2399 = AXIS2_PLACEMENT_3D('',#2400,#2401,#2402);
#2400 = CARTESIAN_POINT('',(68.35,10.73,11.96));
#2401 = DIRECTION('',(1.,0.,-0.));
#2402 = DIRECTION('',(0.,0.,1.));
#2403 = ORIENTED_EDGE('',*,*,#2404,.T.);
#2404 = EDGE_CURVE('',#2396,#1116,#2405,.T.);
#2405 = CIRCLE('',#2406,6.);
#2406 = AXIS2_PLACEMENT_3D('',#2407,#2408,#2409);
#2407 = CARTESIAN_POINT('',(68.35,10.73,11.96));
#2408 = DIRECTION('',(1.,0.,-0.));
#2409 = DIRECTION('',(0.,0.,1.));
#2410 = ORIENTED_EDGE('',*,*,#1115,.T.);
#2411 = ORIENTED_EDGE('',*,*,#1643,.F.);
#2412 = ORIENTED_EDGE('',*,*,#1652,.F.);
#2413 = PLANE('',#2414);
#2414 = AXIS2_PLACEMENT_3D('',#2415,#2416,#2417);
#2415 = CARTESIAN_POINT('',(68.35,10.73,11.96));
#2416 = DIRECTION('',(1.,0.,0.));
#2417 = DIRECTION('',(0.,0.,1.));
#2418 = ADVANCED_FACE('',(#2419),#2468,.F.);
#2419 = FACE_BOUND('',#2420,.F.);
#2420 = EDGE_LOOP('',(#2421,#2430,#2431,#2432,#2433,#2434,#2443,#2452,
    #2461));
#2421 = ORIENTED_EDGE('',*,*,#2422,.F.);
#2422 = EDGE_CURVE('',#1605,#2423,#2425,.T.);
#2423 = VERTEX_POINT('',#2424);
#2424 = CARTESIAN_POINT('',(69.55,12.477111902541,17.7));
#2425 = CIRCLE('',#2426,6.);
#2426 = AXIS2_PLACEMENT_3D('',#2427,#2428,#2429);
#2427 = CARTESIAN_POINT('',(69.55,10.73,11.96));
#2428 = DIRECTION('',(1.,0.,-0.));
#2429 = DIRECTION('',(0.,0.,1.));
#2430 = ORIENTED_EDGE('',*,*,#1612,.F.);
#2431 = ORIENTED_EDGE('',*,*,#2395,.T.);
#2432 = ORIENTED_EDGE('',*,*,#2404,.T.);
#2433 = ORIENTED_EDGE('',*,*,#1123,.T.);
#2434 = ORIENTED_EDGE('',*,*,#2435,.F.);
#2435 = EDGE_CURVE('',#2436,#1124,#2438,.T.);
#2436 = VERTEX_POINT('',#2437);
#2437 = CARTESIAN_POINT('',(69.55,5.,13.739634793996));
#2438 = CIRCLE('',#2439,6.);
#2439 = AXIS2_PLACEMENT_3D('',#2440,#2441,#2442);
#2440 = CARTESIAN_POINT('',(69.55,10.73,11.96));
#2441 = DIRECTION('',(1.,0.,-0.));
#2442 = DIRECTION('',(0.,0.,1.));
#2443 = ORIENTED_EDGE('',*,*,#2444,.F.);
#2444 = EDGE_CURVE('',#2445,#2436,#2447,.T.);
#2445 = VERTEX_POINT('',#2446);
#2446 = CARTESIAN_POINT('',(69.55,8.982888097459,17.7));
#2447 = CIRCLE('',#2448,6.);
#2448 = AXIS2_PLACEMENT_3D('',#2449,#2450,#2451);
#2449 = CARTESIAN_POINT('',(69.55,10.73,11.96));
#2450 = DIRECTION('',(1.,0.,-0.));
#2451 = DIRECTION('',(0.,0.,1.));
#2452 = ORIENTED_EDGE('',*,*,#2453,.F.);
#2453 = EDGE_CURVE('',#2454,#2445,#2456,.T.);
#2454 = VERTEX_POINT('',#2455);
#2455 = CARTESIAN_POINT('',(69.55,10.73,17.96));
#2456 = CIRCLE('',#2457,6.);
#2457 = AXIS2_PLACEMENT_3D('',#2458,#2459,#2460);
#2458 = CARTESIAN_POINT('',(69.55,10.73,11.96));
#2459 = DIRECTION('',(1.,0.,-0.));
#2460 = DIRECTION('',(0.,0.,1.));
#2461 = ORIENTED_EDGE('',*,*,#2462,.F.);
#2462 = EDGE_CURVE('',#2423,#2454,#2463,.T.);
#2463 = CIRCLE('',#2464,6.);
#2464 = AXIS2_PLACEMENT_3D('',#2465,#2466,#2467);
#2465 = CARTESIAN_POINT('',(69.55,10.73,11.96));
#2466 = DIRECTION('',(1.,0.,-0.));
#2467 = DIRECTION('',(0.,0.,1.));
#2468 = CYLINDRICAL_SURFACE('',#2469,6.);
#2469 = AXIS2_PLACEMENT_3D('',#2470,#2471,#2472);
#2470 = CARTESIAN_POINT('',(68.35,10.73,11.96));
#2471 = DIRECTION('',(1.,0.,0.));
#2472 = DIRECTION('',(0.,0.,1.));
#2473 = ADVANCED_FACE('',(#2474),#2549,.T.);
#2474 = FACE_BOUND('',#2475,.T.);
#2475 = EDGE_LOOP('',(#2476,#2477,#2478,#2479,#2480,#2481,#2482,#2483,
    #2492,#2501,#2510,#2519,#2526,#2527,#2535,#2543));
#2476 = ORIENTED_EDGE('',*,*,#1131,.F.);
#2477 = ORIENTED_EDGE('',*,*,#2435,.F.);
#2478 = ORIENTED_EDGE('',*,*,#2444,.F.);
#2479 = ORIENTED_EDGE('',*,*,#2453,.F.);
#2480 = ORIENTED_EDGE('',*,*,#2462,.F.);
#2481 = ORIENTED_EDGE('',*,*,#2422,.F.);
#2482 = ORIENTED_EDGE('',*,*,#1604,.T.);
#2483 = ORIENTED_EDGE('',*,*,#2484,.F.);
#2484 = EDGE_CURVE('',#2485,#1597,#2487,.T.);
#2485 = VERTEX_POINT('',#2486);
#2486 = CARTESIAN_POINT('',(69.55,25.632888097459,17.7));
#2487 = CIRCLE('',#2488,6.);
#2488 = AXIS2_PLACEMENT_3D('',#2489,#2490,#2491);
#2489 = CARTESIAN_POINT('',(69.55,27.38,11.96));
#2490 = DIRECTION('',(1.,0.,-0.));
#2491 = DIRECTION('',(0.,0.,1.));
#2492 = ORIENTED_EDGE('',*,*,#2493,.F.);
#2493 = EDGE_CURVE('',#2494,#2485,#2496,.T.);
#2494 = VERTEX_POINT('',#2495);
#2495 = CARTESIAN_POINT('',(69.55,27.38,17.96));
#2496 = CIRCLE('',#2497,6.);
#2497 = AXIS2_PLACEMENT_3D('',#2498,#2499,#2500);
#2498 = CARTESIAN_POINT('',(69.55,27.38,11.96));
#2499 = DIRECTION('',(1.,0.,-0.));
#2500 = DIRECTION('',(0.,0.,1.));
#2501 = ORIENTED_EDGE('',*,*,#2502,.F.);
#2502 = EDGE_CURVE('',#2503,#2494,#2505,.T.);
#2503 = VERTEX_POINT('',#2504);
#2504 = CARTESIAN_POINT('',(69.55,29.127111902541,17.7));
#2505 = CIRCLE('',#2506,6.);
#2506 = AXIS2_PLACEMENT_3D('',#2507,#2508,#2509);
#2507 = CARTESIAN_POINT('',(69.55,27.38,11.96));
#2508 = DIRECTION('',(1.,0.,-0.));
#2509 = DIRECTION('',(0.,0.,1.));
#2510 = ORIENTED_EDGE('',*,*,#2511,.F.);
#2511 = EDGE_CURVE('',#2512,#2503,#2514,.T.);
#2512 = VERTEX_POINT('',#2513);
#2513 = CARTESIAN_POINT('',(69.55,33.1,13.771518699876));
#2514 = CIRCLE('',#2515,6.);
#2515 = AXIS2_PLACEMENT_3D('',#2516,#2517,#2518);
#2516 = CARTESIAN_POINT('',(69.55,27.38,11.96));
#2517 = DIRECTION('',(1.,0.,-0.));
#2518 = DIRECTION('',(0.,0.,1.));
#2519 = ORIENTED_EDGE('',*,*,#2520,.F.);
#2520 = EDGE_CURVE('',#1488,#2512,#2521,.T.);
#2521 = CIRCLE('',#2522,6.);
#2522 = AXIS2_PLACEMENT_3D('',#2523,#2524,#2525);
#2523 = CARTESIAN_POINT('',(69.55,27.38,11.96));
#2524 = DIRECTION('',(1.,0.,-0.));
#2525 = DIRECTION('',(0.,0.,1.));
#2526 = ORIENTED_EDGE('',*,*,#1487,.F.);
#2527 = ORIENTED_EDGE('',*,*,#2528,.T.);
#2528 = EDGE_CURVE('',#1479,#2529,#2531,.T.);
#2529 = VERTEX_POINT('',#2530);
#2530 = CARTESIAN_POINT('',(69.55,35.45,24.));
#2531 = LINE('',#2532,#2533);
#2532 = CARTESIAN_POINT('',(69.55,35.45,0.));
#2533 = VECTOR('',#2534,1.);
#2534 = DIRECTION('',(0.,0.,1.));
#2535 = ORIENTED_EDGE('',*,*,#2536,.T.);
#2536 = EDGE_CURVE('',#2529,#2537,#2539,.T.);
#2537 = VERTEX_POINT('',#2538);
#2538 = CARTESIAN_POINT('',(69.55,2.1,24.));
#2539 = LINE('',#2540,#2541);
#2540 = CARTESIAN_POINT('',(69.55,35.45,24.));
#2541 = VECTOR('',#2542,1.);
#2542 = DIRECTION('',(0.,-1.,0.));
#2543 = ORIENTED_EDGE('',*,*,#2544,.F.);
#2544 = EDGE_CURVE('',#1132,#2537,#2545,.T.);
#2545 = LINE('',#2546,#2547);
#2546 = CARTESIAN_POINT('',(69.55,2.1,-2.));
#2547 = VECTOR('',#2548,1.);
#2548 = DIRECTION('',(0.,0.,1.));
#2549 = PLANE('',#2550);
#2550 = AXIS2_PLACEMENT_3D('',#2551,#2552,#2553);
#2551 = CARTESIAN_POINT('',(69.55,18.811398156526,18.562198731414));
#2552 = DIRECTION('',(1.,0.,0.));
#2553 = DIRECTION('',(0.,0.,1.));
#2554 = ADVANCED_FACE('',(#2555),#2576,.T.);
#2555 = FACE_BOUND('',#2556,.F.);
#2556 = EDGE_LOOP('',(#2557,#2566,#2567,#2568,#2569,#2570));
#2557 = ORIENTED_EDGE('',*,*,#2558,.F.);
#2558 = EDGE_CURVE('',#2537,#2559,#2561,.T.);
#2559 = VERTEX_POINT('',#2560);
#2560 = CARTESIAN_POINT('',(64.55,-2.9,24.));
#2561 = CIRCLE('',#2562,5.);
#2562 = AXIS2_PLACEMENT_3D('',#2563,#2564,#2565);
#2563 = CARTESIAN_POINT('',(64.55,2.1,24.));
#2564 = DIRECTION('',(0.,0.,-1.));
#2565 = DIRECTION('',(1.,0.,0.));
#2566 = ORIENTED_EDGE('',*,*,#2544,.F.);
#2567 = ORIENTED_EDGE('',*,*,#1139,.F.);
#2568 = ORIENTED_EDGE('',*,*,#1148,.F.);
#2569 = ORIENTED_EDGE('',*,*,#1157,.F.);
#2570 = ORIENTED_EDGE('',*,*,#2571,.T.);
#2571 = EDGE_CURVE('',#1158,#2559,#2572,.T.);
#2572 = LINE('',#2573,#2574);
#2573 = CARTESIAN_POINT('',(64.55,-2.9,0.));
#2574 = VECTOR('',#2575,1.);
#2575 = DIRECTION('',(0.,0.,1.));
#2576 = CYLINDRICAL_SURFACE('',#2577,5.);
#2577 = AXIS2_PLACEMENT_3D('',#2578,#2579,#2580);
#2578 = CARTESIAN_POINT('',(64.55,2.1,0.));
#2579 = DIRECTION('',(0.,0.,1.));
#2580 = DIRECTION('',(1.,0.,0.));
#2581 = ADVANCED_FACE('',(#2582),#2593,.T.);
#2582 = FACE_BOUND('',#2583,.T.);
#2583 = EDGE_LOOP('',(#2584,#2585,#2586,#2592));
#2584 = ORIENTED_EDGE('',*,*,#1166,.T.);
#2585 = ORIENTED_EDGE('',*,*,#2571,.T.);
#2586 = ORIENTED_EDGE('',*,*,#2587,.T.);
#2587 = EDGE_CURVE('',#2559,#2272,#2588,.T.);
#2588 = LINE('',#2589,#2590);
#2589 = CARTESIAN_POINT('',(64.55,-2.9,24.));
#2590 = VECTOR('',#2591,1.);
#2591 = DIRECTION('',(-1.,0.,0.));
#2592 = ORIENTED_EDGE('',*,*,#2271,.F.);
#2593 = PLANE('',#2594);
#2594 = AXIS2_PLACEMENT_3D('',#2595,#2596,#2597);
#2595 = CARTESIAN_POINT('',(33.325,-2.9,17.98));
#2596 = DIRECTION('',(-0.,-1.,-0.));
#2597 = DIRECTION('',(0.,0.,-1.));
#2598 = ADVANCED_FACE('',(#2599),#2611,.T.);
#2599 = FACE_BOUND('',#2600,.T.);
#2600 = EDGE_LOOP('',(#2601,#2602,#2603,#2604));
#2601 = ORIENTED_EDGE('',*,*,#1180,.T.);
#2602 = ORIENTED_EDGE('',*,*,#2377,.T.);
#2603 = ORIENTED_EDGE('',*,*,#1320,.T.);
#2604 = ORIENTED_EDGE('',*,*,#2605,.T.);
#2605 = EDGE_CURVE('',#1321,#1181,#2606,.T.);
#2606 = CIRCLE('',#2607,3.25);
#2607 = AXIS2_PLACEMENT_3D('',#2608,#2609,#2610);
#2608 = CARTESIAN_POINT('',(63.99,2.7,11.96));
#2609 = DIRECTION('',(0.,0.,1.));
#2610 = DIRECTION('',(1.,0.,0.));
#2611 = PLANE('',#2612);
#2612 = AXIS2_PLACEMENT_3D('',#2613,#2614,#2615);
#2613 = CARTESIAN_POINT('',(63.99,2.7,11.96));
#2614 = DIRECTION('',(0.,0.,1.));
#2615 = DIRECTION('',(1.,0.,0.));
#2616 = ADVANCED_FACE('',(#2617),#2623,.T.);
#2617 = FACE_BOUND('',#2618,.T.);
#2618 = EDGE_LOOP('',(#2619,#2620,#2621,#2622));
#2619 = ORIENTED_EDGE('',*,*,#1328,.F.);
#2620 = ORIENTED_EDGE('',*,*,#1220,.T.);
#2621 = ORIENTED_EDGE('',*,*,#1188,.T.);
#2622 = ORIENTED_EDGE('',*,*,#2605,.F.);
#2623 = CYLINDRICAL_SURFACE('',#2624,3.25);
#2624 = AXIS2_PLACEMENT_3D('',#2625,#2626,#2627);
#2625 = CARTESIAN_POINT('',(63.99,2.7,6.2));
#2626 = DIRECTION('',(0.,0.,1.));
#2627 = DIRECTION('',(1.,0.,0.));
#2628 = ADVANCED_FACE('',(#2629),#2651,.T.);
#2629 = FACE_BOUND('',#2630,.T.);
#2630 = EDGE_LOOP('',(#2631,#2640,#2641,#2642,#2643,#2644));
#2631 = ORIENTED_EDGE('',*,*,#2632,.T.);
#2632 = EDGE_CURVE('',#2633,#1288,#2635,.T.);
#2633 = VERTEX_POINT('',#2634);
#2634 = CARTESIAN_POINT('',(66.49,2.7,5.6));
#2635 = CIRCLE('',#2636,2.5);
#2636 = AXIS2_PLACEMENT_3D('',#2637,#2638,#2639);
#2637 = CARTESIAN_POINT('',(63.99,2.7,5.6));
#2638 = DIRECTION('',(0.,0.,1.));
#2639 = DIRECTION('',(1.,0.,0.));
#2640 = ORIENTED_EDGE('',*,*,#1295,.T.);
#2641 = ORIENTED_EDGE('',*,*,#1237,.F.);
#2642 = ORIENTED_EDGE('',*,*,#1246,.F.);
#2643 = ORIENTED_EDGE('',*,*,#1279,.F.);
#2644 = ORIENTED_EDGE('',*,*,#2645,.T.);
#2645 = EDGE_CURVE('',#1280,#2633,#2646,.T.);
#2646 = CIRCLE('',#2647,2.5);
#2647 = AXIS2_PLACEMENT_3D('',#2648,#2649,#2650);
#2648 = CARTESIAN_POINT('',(63.99,2.7,5.6));
#2649 = DIRECTION('',(0.,0.,1.));
#2650 = DIRECTION('',(1.,0.,0.));
#2651 = CYLINDRICAL_SURFACE('',#2652,2.5);
#2652 = AXIS2_PLACEMENT_3D('',#2653,#2654,#2655);
#2653 = CARTESIAN_POINT('',(63.99,2.7,5.6));
#2654 = DIRECTION('',(0.,0.,1.));
#2655 = DIRECTION('',(1.,0.,0.));
#2656 = ADVANCED_FACE('',(#2657,#2662),#2673,.F.);
#2657 = FACE_BOUND('',#2658,.F.);
#2658 = EDGE_LOOP('',(#2659,#2660,#2661));
#2659 = ORIENTED_EDGE('',*,*,#2645,.T.);
#2660 = ORIENTED_EDGE('',*,*,#2632,.T.);
#2661 = ORIENTED_EDGE('',*,*,#1287,.F.);
#2662 = FACE_BOUND('',#2663,.F.);
#2663 = EDGE_LOOP('',(#2664));
#2664 = ORIENTED_EDGE('',*,*,#2665,.F.);
#2665 = EDGE_CURVE('',#2666,#2666,#2668,.T.);
#2666 = VERTEX_POINT('',#2667);
#2667 = CARTESIAN_POINT('',(65.59,2.7,5.6));
#2668 = CIRCLE('',#2669,1.6);
#2669 = AXIS2_PLACEMENT_3D('',#2670,#2671,#2672);
#2670 = CARTESIAN_POINT('',(63.99,2.7,5.6));
#2671 = DIRECTION('',(0.,0.,1.));
#2672 = DIRECTION('',(1.,0.,0.));
#2673 = PLANE('',#2674);
#2674 = AXIS2_PLACEMENT_3D('',#2675,#2676,#2677);
#2675 = CARTESIAN_POINT('',(63.99,2.7,5.6));
#2676 = DIRECTION('',(0.,0.,1.));
#2677 = DIRECTION('',(1.,0.,0.));
#2678 = ADVANCED_FACE('',(#2679),#2709,.F.);
#2679 = FACE_BOUND('',#2680,.F.);
#2680 = EDGE_LOOP('',(#2681,#2682,#2683,#2690,#2697,#2698,#2699,#2700,
    #2701,#2702));
#2681 = ORIENTED_EDGE('',*,*,#1528,.T.);
#2682 = ORIENTED_EDGE('',*,*,#1537,.T.);
#2683 = ORIENTED_EDGE('',*,*,#2684,.T.);
#2684 = EDGE_CURVE('',#1346,#2685,#2687,.T.);
#2685 = VERTEX_POINT('',#2686);
#2686 = CARTESIAN_POINT('',(67.15,36.65,23.5));
#2687 = B_SPLINE_CURVE_WITH_KNOTS('',1,(#2688,#2689),.UNSPECIFIED.,.F.,
  .F.,(2,2),(0.,11.54),.PIECEWISE_BEZIER_KNOTS.);
#2688 = CARTESIAN_POINT('',(67.15,36.65,11.96));
#2689 = CARTESIAN_POINT('',(67.15,36.65,23.5));
#2690 = ORIENTED_EDGE('',*,*,#2691,.F.);
#2691 = EDGE_CURVE('',#2685,#2685,#2692,.T.);
#2692 = CIRCLE('',#2693,1.4);
#2693 = AXIS2_PLACEMENT_3D('',#2694,#2695,#2696);
#2694 = CARTESIAN_POINT('',(65.75,36.65,23.5));
#2695 = DIRECTION('',(0.,0.,1.));
#2696 = DIRECTION('',(1.,0.,0.));
#2697 = ORIENTED_EDGE('',*,*,#2684,.F.);
#2698 = ORIENTED_EDGE('',*,*,#1345,.T.);
#2699 = ORIENTED_EDGE('',*,*,#1356,.T.);
#2700 = ORIENTED_EDGE('',*,*,#1365,.T.);
#2701 = ORIENTED_EDGE('',*,*,#1374,.T.);
#2702 = ORIENTED_EDGE('',*,*,#2703,.T.);
#2703 = EDGE_CURVE('',#1375,#1521,#2704,.T.);
#2704 = CIRCLE('',#2705,1.4);
#2705 = AXIS2_PLACEMENT_3D('',#2706,#2707,#2708);
#2706 = CARTESIAN_POINT('',(65.75,36.65,11.96));
#2707 = DIRECTION('',(0.,0.,1.));
#2708 = DIRECTION('',(1.,0.,0.));
#2709 = CYLINDRICAL_SURFACE('',#2710,1.4);
#2710 = AXIS2_PLACEMENT_3D('',#2711,#2712,#2713);
#2711 = CARTESIAN_POINT('',(65.75,36.65,11.96));
#2712 = DIRECTION('',(0.,0.,1.));
#2713 = DIRECTION('',(1.,0.,0.));
#2714 = ADVANCED_FACE('',(#2715),#2739,.T.);
#2715 = FACE_BOUND('',#2716,.F.);
#2716 = EDGE_LOOP('',(#2717,#2726,#2727,#2728,#2729,#2730,#2731,#2732,
    #2733));
#2717 = ORIENTED_EDGE('',*,*,#2718,.F.);
#2718 = EDGE_CURVE('',#2307,#2719,#2721,.T.);
#2719 = VERTEX_POINT('',#2720);
#2720 = CARTESIAN_POINT('',(2.1,40.45,24.));
#2721 = CIRCLE('',#2722,5.);
#2722 = AXIS2_PLACEMENT_3D('',#2723,#2724,#2725);
#2723 = CARTESIAN_POINT('',(2.1,35.45,24.));
#2724 = DIRECTION('',(0.,0.,-1.));
#2725 = DIRECTION('',(-1.,0.,0.));
#2726 = ORIENTED_EDGE('',*,*,#2314,.F.);
#2727 = ORIENTED_EDGE('',*,*,#2099,.F.);
#2728 = ORIENTED_EDGE('',*,*,#2125,.F.);
#2729 = ORIENTED_EDGE('',*,*,#1416,.F.);
#2730 = ORIENTED_EDGE('',*,*,#1425,.F.);
#2731 = ORIENTED_EDGE('',*,*,#1434,.F.);
#2732 = ORIENTED_EDGE('',*,*,#1443,.F.);
#2733 = ORIENTED_EDGE('',*,*,#2734,.T.);
#2734 = EDGE_CURVE('',#1444,#2719,#2735,.T.);
#2735 = LINE('',#2736,#2737);
#2736 = CARTESIAN_POINT('',(2.1,40.45,0.));
#2737 = VECTOR('',#2738,1.);
#2738 = DIRECTION('',(0.,0.,1.));
#2739 = CYLINDRICAL_SURFACE('',#2740,5.);
#2740 = AXIS2_PLACEMENT_3D('',#2741,#2742,#2743);
#2741 = CARTESIAN_POINT('',(2.1,35.45,0.));
#2742 = DIRECTION('',(0.,0.,1.));
#2743 = DIRECTION('',(-1.,0.,0.));
#2744 = ADVANCED_FACE('',(#2745),#2763,.T.);
#2745 = FACE_BOUND('',#2746,.T.);
#2746 = EDGE_LOOP('',(#2747,#2748,#2749,#2757));
#2747 = ORIENTED_EDGE('',*,*,#1452,.F.);
#2748 = ORIENTED_EDGE('',*,*,#2734,.T.);
#2749 = ORIENTED_EDGE('',*,*,#2750,.T.);
#2750 = EDGE_CURVE('',#2719,#2751,#2753,.T.);
#2751 = VERTEX_POINT('',#2752);
#2752 = CARTESIAN_POINT('',(64.55,40.45,24.));
#2753 = LINE('',#2754,#2755);
#2754 = CARTESIAN_POINT('',(2.1,40.45,24.));
#2755 = VECTOR('',#2756,1.);
#2756 = DIRECTION('',(1.,0.,0.));
#2757 = ORIENTED_EDGE('',*,*,#2758,.F.);
#2758 = EDGE_CURVE('',#1453,#2751,#2759,.T.);
#2759 = LINE('',#2760,#2761);
#2760 = CARTESIAN_POINT('',(64.55,40.45,-2.));
#2761 = VECTOR('',#2762,1.);
#2762 = DIRECTION('',(0.,0.,1.));
#2763 = PLANE('',#2764);
#2764 = AXIS2_PLACEMENT_3D('',#2765,#2766,#2767);
#2765 = CARTESIAN_POINT('',(33.325,40.45,17.98));
#2766 = DIRECTION('',(0.,1.,-5.1E-16));
#2767 = DIRECTION('',(0.,5.1E-16,1.));
#2768 = ADVANCED_FACE('',(#2769),#2783,.T.);
#2769 = FACE_BOUND('',#2770,.T.);
#2770 = EDGE_LOOP('',(#2771,#2772,#2779,#2780,#2781,#2782));
#2771 = ORIENTED_EDGE('',*,*,#2758,.T.);
#2772 = ORIENTED_EDGE('',*,*,#2773,.T.);
#2773 = EDGE_CURVE('',#2751,#2529,#2774,.T.);
#2774 = CIRCLE('',#2775,5.);
#2775 = AXIS2_PLACEMENT_3D('',#2776,#2777,#2778);
#2776 = CARTESIAN_POINT('',(64.55,35.45,24.));
#2777 = DIRECTION('',(0.,0.,-1.));
#2778 = DIRECTION('',(0.,1.,0.));
#2779 = ORIENTED_EDGE('',*,*,#2528,.F.);
#2780 = ORIENTED_EDGE('',*,*,#1478,.T.);
#2781 = ORIENTED_EDGE('',*,*,#1469,.T.);
#2782 = ORIENTED_EDGE('',*,*,#1460,.T.);
#2783 = CYLINDRICAL_SURFACE('',#2784,5.);
#2784 = AXIS2_PLACEMENT_3D('',#2785,#2786,#2787);
#2785 = CARTESIAN_POINT('',(64.55,35.45,0.));
#2786 = DIRECTION('',(0.,0.,1.));
#2787 = DIRECTION('',(1.,0.,0.));
#2788 = ADVANCED_FACE('',(#2789),#2814,.F.);
#2789 = FACE_BOUND('',#2790,.F.);
#2790 = EDGE_LOOP('',(#2791,#2792,#2793,#2794,#2795,#2796,#2797,#2798,
    #2807));
#2791 = ORIENTED_EDGE('',*,*,#1596,.T.);
#2792 = ORIENTED_EDGE('',*,*,#2484,.F.);
#2793 = ORIENTED_EDGE('',*,*,#2493,.F.);
#2794 = ORIENTED_EDGE('',*,*,#2502,.F.);
#2795 = ORIENTED_EDGE('',*,*,#2511,.F.);
#2796 = ORIENTED_EDGE('',*,*,#2520,.F.);
#2797 = ORIENTED_EDGE('',*,*,#1495,.F.);
#2798 = ORIENTED_EDGE('',*,*,#2799,.T.);
#2799 = EDGE_CURVE('',#1496,#2800,#2802,.T.);
#2800 = VERTEX_POINT('',#2801);
#2801 = CARTESIAN_POINT('',(68.35,27.38,17.96));
#2802 = CIRCLE('',#2803,6.);
#2803 = AXIS2_PLACEMENT_3D('',#2804,#2805,#2806);
#2804 = CARTESIAN_POINT('',(68.35,27.38,11.96));
#2805 = DIRECTION('',(1.,0.,-0.));
#2806 = DIRECTION('',(0.,0.,1.));
#2807 = ORIENTED_EDGE('',*,*,#2808,.T.);
#2808 = EDGE_CURVE('',#2800,#1589,#2809,.T.);
#2809 = CIRCLE('',#2810,6.);
#2810 = AXIS2_PLACEMENT_3D('',#2811,#2812,#2813);
#2811 = CARTESIAN_POINT('',(68.35,27.38,11.96));
#2812 = DIRECTION('',(1.,0.,-0.));
#2813 = DIRECTION('',(0.,0.,1.));
#2814 = CYLINDRICAL_SURFACE('',#2815,6.);
#2815 = AXIS2_PLACEMENT_3D('',#2816,#2817,#2818);
#2816 = CARTESIAN_POINT('',(68.35,27.38,11.96));
#2817 = DIRECTION('',(1.,0.,0.));
#2818 = DIRECTION('',(0.,0.,1.));
#2819 = ADVANCED_FACE('',(#2820),#2828,.T.);
#2820 = FACE_BOUND('',#2821,.T.);
#2821 = EDGE_LOOP('',(#2822,#2823,#2824,#2825,#2826,#2827));
#2822 = ORIENTED_EDGE('',*,*,#1503,.F.);
#2823 = ORIENTED_EDGE('',*,*,#2799,.T.);
#2824 = ORIENTED_EDGE('',*,*,#2808,.T.);
#2825 = ORIENTED_EDGE('',*,*,#1588,.T.);
#2826 = ORIENTED_EDGE('',*,*,#1560,.F.);
#2827 = ORIENTED_EDGE('',*,*,#1569,.F.);
#2828 = PLANE('',#2829);
#2829 = AXIS2_PLACEMENT_3D('',#2830,#2831,#2832);
#2830 = CARTESIAN_POINT('',(68.35,27.38,11.96));
#2831 = DIRECTION('',(1.,0.,0.));
#2832 = DIRECTION('',(0.,0.,1.));
#2833 = ADVANCED_FACE('',(#2834),#2846,.T.);
#2834 = FACE_BOUND('',#2835,.T.);
#2835 = EDGE_LOOP('',(#2836,#2837,#2838,#2845));
#2836 = ORIENTED_EDGE('',*,*,#2703,.T.);
#2837 = ORIENTED_EDGE('',*,*,#1747,.T.);
#2838 = ORIENTED_EDGE('',*,*,#2839,.T.);
#2839 = EDGE_CURVE('',#1740,#1672,#2840,.T.);
#2840 = CIRCLE('',#2841,3.25);
#2841 = AXIS2_PLACEMENT_3D('',#2842,#2843,#2844);
#2842 = CARTESIAN_POINT('',(63.94,34.86,11.96));
#2843 = DIRECTION('',(0.,0.,1.));
#2844 = DIRECTION('',(1.,0.,0.));
#2845 = ORIENTED_EDGE('',*,*,#1671,.F.);
#2846 = PLANE('',#2847);
#2847 = AXIS2_PLACEMENT_3D('',#2848,#2849,#2850);
#2848 = CARTESIAN_POINT('',(63.94,34.86,11.96));
#2849 = DIRECTION('',(0.,0.,1.));
#2850 = DIRECTION('',(1.,0.,0.));
#2851 = ADVANCED_FACE('',(#2852),#2858,.T.);
#2852 = FACE_BOUND('',#2853,.T.);
#2853 = EDGE_LOOP('',(#2854,#2855,#2856,#2857));
#2854 = ORIENTED_EDGE('',*,*,#1679,.T.);
#2855 = ORIENTED_EDGE('',*,*,#2839,.F.);
#2856 = ORIENTED_EDGE('',*,*,#1739,.F.);
#2857 = ORIENTED_EDGE('',*,*,#1712,.T.);
#2858 = CYLINDRICAL_SURFACE('',#2859,3.25);
#2859 = AXIS2_PLACEMENT_3D('',#2860,#2861,#2862);
#2860 = CARTESIAN_POINT('',(63.94,34.86,6.2));
#2861 = DIRECTION('',(0.,0.,1.));
#2862 = DIRECTION('',(1.,0.,0.));
#2863 = ADVANCED_FACE('',(#2864),#2883,.T.);
#2864 = FACE_BOUND('',#2865,.T.);
#2865 = EDGE_LOOP('',(#2866,#2867,#2875,#2882));
#2866 = ORIENTED_EDGE('',*,*,#1722,.F.);
#2867 = ORIENTED_EDGE('',*,*,#2868,.F.);
#2868 = EDGE_CURVE('',#2869,#1723,#2871,.T.);
#2869 = VERTEX_POINT('',#2870);
#2870 = CARTESIAN_POINT('',(66.44,34.86,5.6));
#2871 = LINE('',#2872,#2873);
#2872 = CARTESIAN_POINT('',(66.44,34.86,5.6));
#2873 = VECTOR('',#2874,1.);
#2874 = DIRECTION('',(0.,0.,1.));
#2875 = ORIENTED_EDGE('',*,*,#2876,.T.);
#2876 = EDGE_CURVE('',#2869,#2869,#2877,.T.);
#2877 = CIRCLE('',#2878,2.5);
#2878 = AXIS2_PLACEMENT_3D('',#2879,#2880,#2881);
#2879 = CARTESIAN_POINT('',(63.94,34.86,5.6));
#2880 = DIRECTION('',(0.,0.,1.));
#2881 = DIRECTION('',(1.,0.,0.));
#2882 = ORIENTED_EDGE('',*,*,#2868,.T.);
#2883 = CYLINDRICAL_SURFACE('',#2884,2.5);
#2884 = AXIS2_PLACEMENT_3D('',#2885,#2886,#2887);
#2885 = CARTESIAN_POINT('',(63.94,34.86,5.6));
#2886 = DIRECTION('',(0.,0.,1.));
#2887 = DIRECTION('',(1.,0.,0.));
#2888 = ADVANCED_FACE('',(#2889),#2901,.T.);
#2889 = FACE_BOUND('',#2890,.T.);
#2890 = EDGE_LOOP('',(#2891,#2892,#2893,#2900));
#2891 = ORIENTED_EDGE('',*,*,#1792,.F.);
#2892 = ORIENTED_EDGE('',*,*,#2025,.F.);
#2893 = ORIENTED_EDGE('',*,*,#2894,.T.);
#2894 = EDGE_CURVE('',#2026,#1834,#2895,.T.);
#2895 = CIRCLE('',#2896,2.5);
#2896 = AXIS2_PLACEMENT_3D('',#2897,#2898,#2899);
#2897 = CARTESIAN_POINT('',(17.27,34.97,5.6));
#2898 = DIRECTION('',(0.,0.,1.));
#2899 = DIRECTION('',(1.,0.,0.));
#2900 = ORIENTED_EDGE('',*,*,#1841,.T.);
#2901 = CYLINDRICAL_SURFACE('',#2902,2.5);
#2902 = AXIS2_PLACEMENT_3D('',#2903,#2904,#2905);
#2903 = CARTESIAN_POINT('',(17.27,34.97,5.6));
#2904 = DIRECTION('',(0.,0.,1.));
#2905 = DIRECTION('',(1.,0.,0.));
#2906 = ADVANCED_FACE('',(#2907,#2952),#2963,.F.);
#2907 = FACE_BOUND('',#2908,.F.);
#2908 = EDGE_LOOP('',(#2909,#2910,#2911,#2912,#2920,#2929,#2937,#2944,
    #2945));
#2909 = ORIENTED_EDGE('',*,*,#2033,.F.);
#2910 = ORIENTED_EDGE('',*,*,#2894,.T.);
#2911 = ORIENTED_EDGE('',*,*,#1833,.F.);
#2912 = ORIENTED_EDGE('',*,*,#2913,.F.);
#2913 = EDGE_CURVE('',#2914,#1826,#2916,.T.);
#2914 = VERTEX_POINT('',#2915);
#2915 = CARTESIAN_POINT('',(15.310314934649,33.417700272292,5.6));
#2916 = LINE('',#2917,#2918);
#2917 = CARTESIAN_POINT('',(13.275142666191,37.4283764729,5.6));
#2918 = VECTOR('',#2919,1.);
#2919 = DIRECTION('',(-0.452512531605,0.891758043833,0.));
#2920 = ORIENTED_EDGE('',*,*,#2921,.T.);
#2921 = EDGE_CURVE('',#2914,#2922,#2924,.T.);
#2922 = VERTEX_POINT('',#2923);
#2923 = CARTESIAN_POINT('',(15.380956646963,33.332466730003,5.6));
#2924 = CIRCLE('',#2925,2.5);
#2925 = AXIS2_PLACEMENT_3D('',#2926,#2927,#2928);
#2926 = CARTESIAN_POINT('',(17.27,34.97,5.6));
#2927 = DIRECTION('',(0.,0.,1.));
#2928 = DIRECTION('',(1.,0.,0.));
#2929 = ORIENTED_EDGE('',*,*,#2930,.F.);
#2930 = EDGE_CURVE('',#2931,#2922,#2933,.T.);
#2931 = VERTEX_POINT('',#2932);
#2932 = CARTESIAN_POINT('',(16.169264292868,32.725366198454,5.6));
#2933 = LINE('',#2934,#2935);
#2934 = CARTESIAN_POINT('',(12.605994493145,35.469552431713,5.6));
#2935 = VECTOR('',#2936,1.);
#2936 = DIRECTION('',(-0.792278994192,0.610158991871,0.));
#2937 = ORIENTED_EDGE('',*,*,#2938,.T.);
#2938 = EDGE_CURVE('',#2931,#1970,#2939,.T.);
#2939 = CIRCLE('',#2940,2.5);
#2940 = AXIS2_PLACEMENT_3D('',#2941,#2942,#2943);
#2941 = CARTESIAN_POINT('',(17.27,34.97,5.6));
#2942 = DIRECTION('',(0.,0.,1.));
#2943 = DIRECTION('',(1.,0.,0.));
#2944 = ORIENTED_EDGE('',*,*,#1969,.F.);
#2945 = ORIENTED_EDGE('',*,*,#2946,.T.);
#2946 = EDGE_CURVE('',#1962,#2034,#2947,.T.);
#2947 = CIRCLE('',#2948,2.5);
#2948 = AXIS2_PLACEMENT_3D('',#2949,#2950,#2951);
#2949 = CARTESIAN_POINT('',(17.27,34.97,5.6));
#2950 = DIRECTION('',(0.,0.,1.));
#2951 = DIRECTION('',(1.,0.,0.));
#2952 = FACE_BOUND('',#2953,.F.);
#2953 = EDGE_LOOP('',(#2954));
#2954 = ORIENTED_EDGE('',*,*,#2955,.F.);
#2955 = EDGE_CURVE('',#2956,#2956,#2958,.T.);
#2956 = VERTEX_POINT('',#2957);
#2957 = CARTESIAN_POINT('',(18.87,34.97,5.6));
#2958 = CIRCLE('',#2959,1.6);
#2959 = AXIS2_PLACEMENT_3D('',#2960,#2961,#2962);
#2960 = CARTESIAN_POINT('',(17.27,34.97,5.6));
#2961 = DIRECTION('',(0.,0.,1.));
#2962 = DIRECTION('',(1.,0.,0.));
#2963 = PLANE('',#2964);
#2964 = AXIS2_PLACEMENT_3D('',#2965,#2966,#2967);
#2965 = CARTESIAN_POINT('',(17.27,34.97,5.6));
#2966 = DIRECTION('',(0.,0.,1.));
#2967 = DIRECTION('',(1.,0.,0.));
#2968 = ADVANCED_FACE('',(#2969),#2996,.F.);
#2969 = FACE_BOUND('',#2970,.F.);
#2970 = EDGE_LOOP('',(#2971,#2979,#2980,#2981,#2982,#2990));
#2971 = ORIENTED_EDGE('',*,*,#2972,.F.);
#2972 = EDGE_CURVE('',#2914,#2973,#2975,.T.);
#2973 = VERTEX_POINT('',#2974);
#2974 = CARTESIAN_POINT('',(15.310314934649,33.417700272292,6.2));
#2975 = LINE('',#2976,#2977);
#2976 = CARTESIAN_POINT('',(15.310314934649,33.417700272292,5.6));
#2977 = VECTOR('',#2978,1.);
#2978 = DIRECTION('',(0.,0.,1.));
#2979 = ORIENTED_EDGE('',*,*,#2913,.T.);
#2980 = ORIENTED_EDGE('',*,*,#1825,.T.);
#2981 = ORIENTED_EDGE('',*,*,#1871,.T.);
#2982 = ORIENTED_EDGE('',*,*,#2983,.F.);
#2983 = EDGE_CURVE('',#2984,#1872,#2986,.T.);
#2984 = VERTEX_POINT('',#2985);
#2985 = CARTESIAN_POINT('',(15.33599494565,33.367093151437,6.2));
#2986 = LINE('',#2987,#2988);
#2987 = CARTESIAN_POINT('',(15.33599494565,33.367093151437,8.1));
#2988 = VECTOR('',#2989,1.);
#2989 = DIRECTION('',(0.,0.,1.));
#2990 = ORIENTED_EDGE('',*,*,#2991,.T.);
#2991 = EDGE_CURVE('',#2984,#2973,#2992,.T.);
#2992 = LINE('',#2993,#2994);
#2993 = CARTESIAN_POINT('',(13.275142666191,37.4283764729,6.2));
#2994 = VECTOR('',#2995,1.);
#2995 = DIRECTION('',(-0.452512531605,0.891758043833,0.));
#2996 = PLANE('',#2997);
#2997 = AXIS2_PLACEMENT_3D('',#2998,#2999,#3000);
#2998 = CARTESIAN_POINT('',(11.465092539772,40.995408648232,8.1));
#2999 = DIRECTION('',(0.891758043833,0.452512531605,0.));
#3000 = DIRECTION('',(0.,-0.,-1.));
#3001 = ADVANCED_FACE('',(#3002),#3036,.F.);
#3002 = FACE_BOUND('',#3003,.F.);
#3003 = EDGE_LOOP('',(#3004,#3005,#3006,#3007,#3015,#3021,#3022,#3030));
#3004 = ORIENTED_EDGE('',*,*,#2983,.T.);
#3005 = ORIENTED_EDGE('',*,*,#1895,.T.);
#3006 = ORIENTED_EDGE('',*,*,#1945,.T.);
#3007 = ORIENTED_EDGE('',*,*,#3008,.T.);
#3008 = EDGE_CURVE('',#1938,#3009,#3011,.T.);
#3009 = VERTEX_POINT('',#3010);
#3010 = CARTESIAN_POINT('',(16.169264292868,32.725366198454,6.2));
#3011 = LINE('',#3012,#3013);
#3012 = CARTESIAN_POINT('',(12.605994493145,35.469552431713,6.2));
#3013 = VECTOR('',#3014,1.);
#3014 = DIRECTION('',(-0.792278994192,0.610158991871,0.));
#3015 = ORIENTED_EDGE('',*,*,#3016,.F.);
#3016 = EDGE_CURVE('',#2931,#3009,#3017,.T.);
#3017 = LINE('',#3018,#3019);
#3018 = CARTESIAN_POINT('',(16.169264292868,32.725366198454,5.6));
#3019 = VECTOR('',#3020,1.);
#3020 = DIRECTION('',(0.,0.,1.));
#3021 = ORIENTED_EDGE('',*,*,#2930,.T.);
#3022 = ORIENTED_EDGE('',*,*,#3023,.T.);
#3023 = EDGE_CURVE('',#2922,#3024,#3026,.T.);
#3024 = VERTEX_POINT('',#3025);
#3025 = CARTESIAN_POINT('',(15.380956646963,33.332466730003,6.2));
#3026 = LINE('',#3027,#3028);
#3027 = CARTESIAN_POINT('',(15.380956646963,33.332466730003,5.6));
#3028 = VECTOR('',#3029,1.);
#3029 = DIRECTION('',(0.,0.,1.));
#3030 = ORIENTED_EDGE('',*,*,#3031,.T.);
#3031 = EDGE_CURVE('',#3024,#2984,#3032,.T.);
#3032 = LINE('',#3033,#3034);
#3033 = CARTESIAN_POINT('',(12.605994493145,35.469552431713,6.2));
#3034 = VECTOR('',#3035,1.);
#3035 = DIRECTION('',(-0.792278994192,0.610158991871,0.));
#3036 = PLANE('',#3037);
#3037 = AXIS2_PLACEMENT_3D('',#3038,#3039,#3040);
#3038 = CARTESIAN_POINT('',(9.436878516376,37.910188399198,8.1));
#3039 = DIRECTION('',(0.610158991871,0.792278994192,0.));
#3040 = DIRECTION('',(0.,-0.,-1.));
#3041 = ADVANCED_FACE('',(#3042),#3053,.F.);
#3042 = FACE_BOUND('',#3043,.F.);
#3043 = EDGE_LOOP('',(#3044,#3045,#3046));
#3044 = ORIENTED_EDGE('',*,*,#3008,.F.);
#3045 = ORIENTED_EDGE('',*,*,#1935,.F.);
#3046 = ORIENTED_EDGE('',*,*,#3047,.F.);
#3047 = EDGE_CURVE('',#3009,#1936,#3048,.T.);
#3048 = CIRCLE('',#3049,2.5);
#3049 = AXIS2_PLACEMENT_3D('',#3050,#3051,#3052);
#3050 = CARTESIAN_POINT('',(17.27,34.97,6.2));
#3051 = DIRECTION('',(0.,0.,1.));
#3052 = DIRECTION('',(1.,0.,0.));
#3053 = PLANE('',#3054);
#3054 = AXIS2_PLACEMENT_3D('',#3055,#3056,#3057);
#3055 = CARTESIAN_POINT('',(17.27,34.97,6.2));
#3056 = DIRECTION('',(0.,0.,1.));
#3057 = DIRECTION('',(1.,0.,0.));
#3058 = ADVANCED_FACE('',(#3059),#3065,.T.);
#3059 = FACE_BOUND('',#3060,.T.);
#3060 = EDGE_LOOP('',(#3061,#3062,#3063,#3064));
#3061 = ORIENTED_EDGE('',*,*,#3047,.F.);
#3062 = ORIENTED_EDGE('',*,*,#3016,.F.);
#3063 = ORIENTED_EDGE('',*,*,#2938,.T.);
#3064 = ORIENTED_EDGE('',*,*,#1977,.T.);
#3065 = CYLINDRICAL_SURFACE('',#3066,2.5);
#3066 = AXIS2_PLACEMENT_3D('',#3067,#3068,#3069);
#3067 = CARTESIAN_POINT('',(17.27,34.97,5.6));
#3068 = DIRECTION('',(0.,0.,1.));
#3069 = DIRECTION('',(1.,0.,0.));
#3070 = ADVANCED_FACE('',(#3071),#3077,.T.);
#3071 = FACE_BOUND('',#3072,.T.);
#3072 = EDGE_LOOP('',(#3073,#3074,#3075,#3076));
#3073 = ORIENTED_EDGE('',*,*,#2001,.F.);
#3074 = ORIENTED_EDGE('',*,*,#1961,.F.);
#3075 = ORIENTED_EDGE('',*,*,#2946,.T.);
#3076 = ORIENTED_EDGE('',*,*,#2041,.T.);
#3077 = CYLINDRICAL_SURFACE('',#3078,2.5);
#3078 = AXIS2_PLACEMENT_3D('',#3079,#3080,#3081);
#3079 = CARTESIAN_POINT('',(17.27,34.97,5.6));
#3080 = DIRECTION('',(0.,0.,1.));
#3081 = DIRECTION('',(1.,0.,0.));
#3082 = ADVANCED_FACE('',(#3083),#3114,.T.);
#3083 = FACE_BOUND('',#3084,.T.);
#3084 = EDGE_LOOP('',(#3085,#3094,#3095,#3096,#3097,#3098,#3099,#3108));
#3085 = ORIENTED_EDGE('',*,*,#3086,.F.);
#3086 = EDGE_CURVE('',#2192,#3087,#3089,.T.);
#3087 = VERTEX_POINT('',#3088);
#3088 = CARTESIAN_POINT('',(-1.6,8.82,15.1));
#3089 = CIRCLE('',#3090,4.75);
#3090 = AXIS2_PLACEMENT_3D('',#3091,#3092,#3093);
#3091 = CARTESIAN_POINT('',(-1.6,8.82,19.85));
#3092 = DIRECTION('',(1.,0.,-0.));
#3093 = DIRECTION('',(0.,0.,1.));
#3094 = ORIENTED_EDGE('',*,*,#2199,.T.);
#3095 = ORIENTED_EDGE('',*,*,#2150,.T.);
#3096 = ORIENTED_EDGE('',*,*,#2254,.T.);
#3097 = ORIENTED_EDGE('',*,*,#2237,.T.);
#3098 = ORIENTED_EDGE('',*,*,#2215,.T.);
#3099 = ORIENTED_EDGE('',*,*,#3100,.F.);
#3100 = EDGE_CURVE('',#3101,#2176,#3103,.T.);
#3101 = VERTEX_POINT('',#3102);
#3102 = CARTESIAN_POINT('',(-1.6,14.32,15.1));
#3103 = CIRCLE('',#3104,4.75);
#3104 = AXIS2_PLACEMENT_3D('',#3105,#3106,#3107);
#3105 = CARTESIAN_POINT('',(-1.6,14.32,19.85));
#3106 = DIRECTION('',(1.,0.,-0.));
#3107 = DIRECTION('',(0.,0.,1.));
#3108 = ORIENTED_EDGE('',*,*,#3109,.F.);
#3109 = EDGE_CURVE('',#3087,#3101,#3110,.T.);
#3110 = LINE('',#3111,#3112);
#3111 = CARTESIAN_POINT('',(-1.6,8.82,15.1));
#3112 = VECTOR('',#3113,1.);
#3113 = DIRECTION('',(0.,1.,0.));
#3114 = PLANE('',#3115);
#3115 = AXIS2_PLACEMENT_3D('',#3116,#3117,#3118);
#3116 = CARTESIAN_POINT('',(-1.6,11.57,19.85));
#3117 = DIRECTION('',(-1.,-0.,-0.));
#3118 = DIRECTION('',(0.,0.,-1.));
#3119 = ADVANCED_FACE('',(#3120),#3131,.F.);
#3120 = FACE_BOUND('',#3121,.F.);
#3121 = EDGE_LOOP('',(#3122,#3123,#3129,#3130));
#3122 = ORIENTED_EDGE('',*,*,#3100,.F.);
#3123 = ORIENTED_EDGE('',*,*,#3124,.F.);
#3124 = EDGE_CURVE('',#2326,#3101,#3125,.T.);
#3125 = LINE('',#3126,#3127);
#3126 = CARTESIAN_POINT('',(-3.5,14.32,15.1));
#3127 = VECTOR('',#3128,1.);
#3128 = DIRECTION('',(1.,0.,0.));
#3129 = ORIENTED_EDGE('',*,*,#2325,.T.);
#3130 = ORIENTED_EDGE('',*,*,#2173,.T.);
#3131 = CYLINDRICAL_SURFACE('',#3132,4.75);
#3132 = AXIS2_PLACEMENT_3D('',#3133,#3134,#3135);
#3133 = CARTESIAN_POINT('',(-3.5,14.32,19.85));
#3134 = DIRECTION('',(1.,0.,0.));
#3135 = DIRECTION('',(0.,0.,1.));
#3136 = ADVANCED_FACE('',(#3137),#3148,.F.);
#3137 = FACE_BOUND('',#3138,.F.);
#3138 = EDGE_LOOP('',(#3139,#3140,#3141,#3142));
#3139 = ORIENTED_EDGE('',*,*,#3086,.F.);
#3140 = ORIENTED_EDGE('',*,*,#2191,.F.);
#3141 = ORIENTED_EDGE('',*,*,#2335,.T.);
#3142 = ORIENTED_EDGE('',*,*,#3143,.T.);
#3143 = EDGE_CURVE('',#2336,#3087,#3144,.T.);
#3144 = LINE('',#3145,#3146);
#3145 = CARTESIAN_POINT('',(-3.5,8.82,15.1));
#3146 = VECTOR('',#3147,1.);
#3147 = DIRECTION('',(1.,0.,0.));
#3148 = CYLINDRICAL_SURFACE('',#3149,4.75);
#3149 = AXIS2_PLACEMENT_3D('',#3150,#3151,#3152);
#3150 = CARTESIAN_POINT('',(-3.5,8.82,19.85));
#3151 = DIRECTION('',(1.,0.,0.));
#3152 = DIRECTION('',(0.,0.,1.));
#3153 = ADVANCED_FACE('',(#3154),#3182,.T.);
#3154 = FACE_BOUND('',#3155,.F.);
#3155 = EDGE_LOOP('',(#3156,#3165,#3166,#3175));
#3156 = ORIENTED_EDGE('',*,*,#3157,.F.);
#3157 = EDGE_CURVE('',#2272,#3158,#3160,.T.);
#3158 = VERTEX_POINT('',#3159);
#3159 = CARTESIAN_POINT('',(2.1,-0.9,26.));
#3160 = CIRCLE('',#3161,2.);
#3161 = AXIS2_PLACEMENT_3D('',#3162,#3163,#3164);
#3162 = CARTESIAN_POINT('',(2.1,-0.9,24.));
#3163 = DIRECTION('',(-1.,0.,0.));
#3164 = DIRECTION('',(0.,-1.,0.));
#3165 = ORIENTED_EDGE('',*,*,#2279,.T.);
#3166 = ORIENTED_EDGE('',*,*,#3167,.T.);
#3167 = EDGE_CURVE('',#2280,#3168,#3170,.T.);
#3168 = VERTEX_POINT('',#3169);
#3169 = CARTESIAN_POINT('',(-0.9,2.1,26.));
#3170 = CIRCLE('',#3171,2.);
#3171 = AXIS2_PLACEMENT_3D('',#3172,#3173,#3174);
#3172 = CARTESIAN_POINT('',(-0.9,2.1,24.));
#3173 = DIRECTION('',(0.,1.,-0.));
#3174 = DIRECTION('',(-1.,0.,0.));
#3175 = ORIENTED_EDGE('',*,*,#3176,.F.);
#3176 = EDGE_CURVE('',#3158,#3168,#3177,.T.);
#3177 = CIRCLE('',#3178,3.);
#3178 = AXIS2_PLACEMENT_3D('',#3179,#3180,#3181);
#3179 = CARTESIAN_POINT('',(2.1,2.1,26.));
#3180 = DIRECTION('',(-0.,0.,-1.));
#3181 = DIRECTION('',(-2.7E-16,-1.,0.));
#3182 = TOROIDAL_SURFACE('',#3183,3.,2.);
#3183 = AXIS2_PLACEMENT_3D('',#3184,#3185,#3186);
#3184 = CARTESIAN_POINT('',(2.1,2.1,24.));
#3185 = DIRECTION('',(0.,0.,1.));
#3186 = DIRECTION('',(-2.7E-16,-1.,0.));
#3187 = ADVANCED_FACE('',(#3188),#3207,.T.);
#3188 = FACE_BOUND('',#3189,.T.);
#3189 = EDGE_LOOP('',(#3190,#3191,#3199,#3206));
#3190 = ORIENTED_EDGE('',*,*,#3167,.T.);
#3191 = ORIENTED_EDGE('',*,*,#3192,.T.);
#3192 = EDGE_CURVE('',#3168,#3193,#3195,.T.);
#3193 = VERTEX_POINT('',#3194);
#3194 = CARTESIAN_POINT('',(-0.9,35.45,26.));
#3195 = LINE('',#3196,#3197);
#3196 = CARTESIAN_POINT('',(-0.9,2.1,26.));
#3197 = VECTOR('',#3198,1.);
#3198 = DIRECTION('',(0.,1.,0.));
#3199 = ORIENTED_EDGE('',*,*,#3200,.F.);
#3200 = EDGE_CURVE('',#2307,#3193,#3201,.T.);
#3201 = CIRCLE('',#3202,2.);
#3202 = AXIS2_PLACEMENT_3D('',#3203,#3204,#3205);
#3203 = CARTESIAN_POINT('',(-0.9,35.45,24.));
#3204 = DIRECTION('',(0.,1.,-0.));
#3205 = DIRECTION('',(-1.,0.,0.));
#3206 = ORIENTED_EDGE('',*,*,#2306,.F.);
#3207 = CYLINDRICAL_SURFACE('',#3208,2.);
#3208 = AXIS2_PLACEMENT_3D('',#3209,#3210,#3211);
#3209 = CARTESIAN_POINT('',(-0.9,2.1,24.));
#3210 = DIRECTION('',(0.,1.,0.));
#3211 = DIRECTION('',(-1.,0.,0.));
#3212 = ADVANCED_FACE('',(#3213),#3219,.T.);
#3213 = FACE_BOUND('',#3214,.T.);
#3214 = EDGE_LOOP('',(#3215,#3216,#3217,#3218));
#3215 = ORIENTED_EDGE('',*,*,#2344,.T.);
#3216 = ORIENTED_EDGE('',*,*,#3143,.T.);
#3217 = ORIENTED_EDGE('',*,*,#3109,.T.);
#3218 = ORIENTED_EDGE('',*,*,#3124,.F.);
#3219 = PLANE('',#3220);
#3220 = AXIS2_PLACEMENT_3D('',#3221,#3222,#3223);
#3221 = CARTESIAN_POINT('',(-3.5,8.82,15.1));
#3222 = DIRECTION('',(0.,0.,1.));
#3223 = DIRECTION('',(1.,0.,0.));
#3224 = ADVANCED_FACE('',(#3225),#3228,.F.);
#3225 = FACE_BOUND('',#3226,.F.);
#3226 = EDGE_LOOP('',(#3227));
#3227 = ORIENTED_EDGE('',*,*,#2367,.T.);
#3228 = PLANE('',#3229);
#3229 = AXIS2_PLACEMENT_3D('',#3230,#3231,#3232);
#3230 = CARTESIAN_POINT('',(65.75,0.9,23.5));
#3231 = DIRECTION('',(0.,0.,1.));
#3232 = DIRECTION('',(1.,0.,0.));
#3233 = ADVANCED_FACE('',(#3234),#3261,.T.);
#3234 = FACE_BOUND('',#3235,.T.);
#3235 = EDGE_LOOP('',(#3236,#3245,#3253,#3260));
#3236 = ORIENTED_EDGE('',*,*,#3237,.T.);
#3237 = EDGE_CURVE('',#2529,#3238,#3240,.T.);
#3238 = VERTEX_POINT('',#3239);
#3239 = CARTESIAN_POINT('',(67.55,35.45,26.));
#3240 = CIRCLE('',#3241,2.);
#3241 = AXIS2_PLACEMENT_3D('',#3242,#3243,#3244);
#3242 = CARTESIAN_POINT('',(67.55,35.45,24.));
#3243 = DIRECTION('',(6.E-17,-1.,0.));
#3244 = DIRECTION('',(1.,6.E-17,0.));
#3245 = ORIENTED_EDGE('',*,*,#3246,.T.);
#3246 = EDGE_CURVE('',#3238,#3247,#3249,.T.);
#3247 = VERTEX_POINT('',#3248);
#3248 = CARTESIAN_POINT('',(67.55,2.1,26.));
#3249 = LINE('',#3250,#3251);
#3250 = CARTESIAN_POINT('',(67.55,35.45,26.));
#3251 = VECTOR('',#3252,1.);
#3252 = DIRECTION('',(0.,-1.,0.));
#3253 = ORIENTED_EDGE('',*,*,#3254,.F.);
#3254 = EDGE_CURVE('',#2537,#3247,#3255,.T.);
#3255 = CIRCLE('',#3256,2.);
#3256 = AXIS2_PLACEMENT_3D('',#3257,#3258,#3259);
#3257 = CARTESIAN_POINT('',(67.55,2.1,24.));
#3258 = DIRECTION('',(0.,-1.,0.));
#3259 = DIRECTION('',(1.,0.,0.));
#3260 = ORIENTED_EDGE('',*,*,#2536,.F.);
#3261 = CYLINDRICAL_SURFACE('',#3262,2.);
#3262 = AXIS2_PLACEMENT_3D('',#3263,#3264,#3265);
#3263 = CARTESIAN_POINT('',(67.55,35.45,24.));
#3264 = DIRECTION('',(0.,-1.,0.));
#3265 = DIRECTION('',(1.,0.,0.));
#3266 = ADVANCED_FACE('',(#3267),#3287,.T.);
#3267 = FACE_BOUND('',#3268,.F.);
#3268 = EDGE_LOOP('',(#3269,#3270,#3271,#3280));
#3269 = ORIENTED_EDGE('',*,*,#3254,.F.);
#3270 = ORIENTED_EDGE('',*,*,#2558,.T.);
#3271 = ORIENTED_EDGE('',*,*,#3272,.T.);
#3272 = EDGE_CURVE('',#2559,#3273,#3275,.T.);
#3273 = VERTEX_POINT('',#3274);
#3274 = CARTESIAN_POINT('',(64.55,-0.9,26.));
#3275 = CIRCLE('',#3276,2.);
#3276 = AXIS2_PLACEMENT_3D('',#3277,#3278,#3279);
#3277 = CARTESIAN_POINT('',(64.55,-0.9,24.));
#3278 = DIRECTION('',(-1.,-6.E-17,0.));
#3279 = DIRECTION('',(6.E-17,-1.,0.));
#3280 = ORIENTED_EDGE('',*,*,#3281,.F.);
#3281 = EDGE_CURVE('',#3247,#3273,#3282,.T.);
#3282 = CIRCLE('',#3283,3.);
#3283 = AXIS2_PLACEMENT_3D('',#3284,#3285,#3286);
#3284 = CARTESIAN_POINT('',(64.55,2.1,26.));
#3285 = DIRECTION('',(0.,0.,-1.));
#3286 = DIRECTION('',(1.,0.,0.));
#3287 = TOROIDAL_SURFACE('',#3288,3.,2.);
#3288 = AXIS2_PLACEMENT_3D('',#3289,#3290,#3291);
#3289 = CARTESIAN_POINT('',(64.55,2.1,24.));
#3290 = DIRECTION('',(0.,0.,1.));
#3291 = DIRECTION('',(1.,0.,0.));
#3292 = ADVANCED_FACE('',(#3293),#3304,.T.);
#3293 = FACE_BOUND('',#3294,.T.);
#3294 = EDGE_LOOP('',(#3295,#3296,#3302,#3303));
#3295 = ORIENTED_EDGE('',*,*,#3272,.T.);
#3296 = ORIENTED_EDGE('',*,*,#3297,.T.);
#3297 = EDGE_CURVE('',#3273,#3158,#3298,.T.);
#3298 = LINE('',#3299,#3300);
#3299 = CARTESIAN_POINT('',(64.55,-0.9,26.));
#3300 = VECTOR('',#3301,1.);
#3301 = DIRECTION('',(-1.,0.,0.));
#3302 = ORIENTED_EDGE('',*,*,#3157,.F.);
#3303 = ORIENTED_EDGE('',*,*,#2587,.F.);
#3304 = CYLINDRICAL_SURFACE('',#3305,2.);
#3305 = AXIS2_PLACEMENT_3D('',#3306,#3307,#3308);
#3306 = CARTESIAN_POINT('',(64.55,-0.9,24.));
#3307 = DIRECTION('',(-1.,0.,0.));
#3308 = DIRECTION('',(0.,-1.,0.));
#3309 = ADVANCED_FACE('',(#3310),#3329,.F.);
#3310 = FACE_BOUND('',#3311,.F.);
#3311 = EDGE_LOOP('',(#3312,#3321,#3327,#3328));
#3312 = ORIENTED_EDGE('',*,*,#3313,.F.);
#3313 = EDGE_CURVE('',#3314,#3314,#3316,.T.);
#3314 = VERTEX_POINT('',#3315);
#3315 = CARTESIAN_POINT('',(65.59,2.7,10.2));
#3316 = CIRCLE('',#3317,1.6);
#3317 = AXIS2_PLACEMENT_3D('',#3318,#3319,#3320);
#3318 = CARTESIAN_POINT('',(63.99,2.7,10.2));
#3319 = DIRECTION('',(0.,0.,1.));
#3320 = DIRECTION('',(1.,0.,0.));
#3321 = ORIENTED_EDGE('',*,*,#3322,.F.);
#3322 = EDGE_CURVE('',#2666,#3314,#3323,.T.);
#3323 = LINE('',#3324,#3325);
#3324 = CARTESIAN_POINT('',(65.59,2.7,5.6));
#3325 = VECTOR('',#3326,1.);
#3326 = DIRECTION('',(0.,0.,1.));
#3327 = ORIENTED_EDGE('',*,*,#2665,.T.);
#3328 = ORIENTED_EDGE('',*,*,#3322,.T.);
#3329 = CYLINDRICAL_SURFACE('',#3330,1.6);
#3330 = AXIS2_PLACEMENT_3D('',#3331,#3332,#3333);
#3331 = CARTESIAN_POINT('',(63.99,2.7,5.6));
#3332 = DIRECTION('',(0.,0.,1.));
#3333 = DIRECTION('',(1.,0.,0.));
#3334 = ADVANCED_FACE('',(#3335),#3338,.F.);
#3335 = FACE_BOUND('',#3336,.F.);
#3336 = EDGE_LOOP('',(#3337));
#3337 = ORIENTED_EDGE('',*,*,#2691,.T.);
#3338 = PLANE('',#3339);
#3339 = AXIS2_PLACEMENT_3D('',#3340,#3341,#3342);
#3340 = CARTESIAN_POINT('',(65.75,36.65,23.5));
#3341 = DIRECTION('',(0.,0.,1.));
#3342 = DIRECTION('',(1.,0.,0.));
#3343 = ADVANCED_FACE('',(#3344),#3364,.T.);
#3344 = FACE_BOUND('',#3345,.F.);
#3345 = EDGE_LOOP('',(#3346,#3347,#3348,#3357));
#3346 = ORIENTED_EDGE('',*,*,#3200,.F.);
#3347 = ORIENTED_EDGE('',*,*,#2718,.T.);
#3348 = ORIENTED_EDGE('',*,*,#3349,.T.);
#3349 = EDGE_CURVE('',#2719,#3350,#3352,.T.);
#3350 = VERTEX_POINT('',#3351);
#3351 = CARTESIAN_POINT('',(2.1,38.45,26.));
#3352 = CIRCLE('',#3353,2.);
#3353 = AXIS2_PLACEMENT_3D('',#3354,#3355,#3356);
#3354 = CARTESIAN_POINT('',(2.1,38.45,24.));
#3355 = DIRECTION('',(1.,6.E-17,-0.));
#3356 = DIRECTION('',(-6.E-17,1.,0.));
#3357 = ORIENTED_EDGE('',*,*,#3358,.F.);
#3358 = EDGE_CURVE('',#3193,#3350,#3359,.T.);
#3359 = CIRCLE('',#3360,3.);
#3360 = AXIS2_PLACEMENT_3D('',#3361,#3362,#3363);
#3361 = CARTESIAN_POINT('',(2.1,35.45,26.));
#3362 = DIRECTION('',(0.,0.,-1.));
#3363 = DIRECTION('',(-1.,0.,0.));
#3364 = TOROIDAL_SURFACE('',#3365,3.,2.);
#3365 = AXIS2_PLACEMENT_3D('',#3366,#3367,#3368);
#3366 = CARTESIAN_POINT('',(2.1,35.45,24.));
#3367 = DIRECTION('',(0.,0.,1.));
#3368 = DIRECTION('',(-1.,0.,0.));
#3369 = ADVANCED_FACE('',(#3370),#3389,.T.);
#3370 = FACE_BOUND('',#3371,.T.);
#3371 = EDGE_LOOP('',(#3372,#3373,#3381,#3388));
#3372 = ORIENTED_EDGE('',*,*,#3349,.T.);
#3373 = ORIENTED_EDGE('',*,*,#3374,.T.);
#3374 = EDGE_CURVE('',#3350,#3375,#3377,.T.);
#3375 = VERTEX_POINT('',#3376);
#3376 = CARTESIAN_POINT('',(64.55,38.45,26.));
#3377 = LINE('',#3378,#3379);
#3378 = CARTESIAN_POINT('',(2.1,38.45,26.));
#3379 = VECTOR('',#3380,1.);
#3380 = DIRECTION('',(1.,0.,0.));
#3381 = ORIENTED_EDGE('',*,*,#3382,.F.);
#3382 = EDGE_CURVE('',#2751,#3375,#3383,.T.);
#3383 = CIRCLE('',#3384,2.);
#3384 = AXIS2_PLACEMENT_3D('',#3385,#3386,#3387);
#3385 = CARTESIAN_POINT('',(64.55,38.45,24.));
#3386 = DIRECTION('',(1.,0.,0.));
#3387 = DIRECTION('',(0.,1.,0.));
#3388 = ORIENTED_EDGE('',*,*,#2750,.F.);
#3389 = CYLINDRICAL_SURFACE('',#3390,2.);
#3390 = AXIS2_PLACEMENT_3D('',#3391,#3392,#3393);
#3391 = CARTESIAN_POINT('',(2.1,38.45,24.));
#3392 = DIRECTION('',(1.,0.,0.));
#3393 = DIRECTION('',(0.,1.,0.));
#3394 = ADVANCED_FACE('',(#3395),#3407,.T.);
#3395 = FACE_BOUND('',#3396,.F.);
#3396 = EDGE_LOOP('',(#3397,#3398,#3399,#3400));
#3397 = ORIENTED_EDGE('',*,*,#3382,.F.);
#3398 = ORIENTED_EDGE('',*,*,#2773,.T.);
#3399 = ORIENTED_EDGE('',*,*,#3237,.T.);
#3400 = ORIENTED_EDGE('',*,*,#3401,.F.);
#3401 = EDGE_CURVE('',#3375,#3238,#3402,.T.);
#3402 = CIRCLE('',#3403,3.);
#3403 = AXIS2_PLACEMENT_3D('',#3404,#3405,#3406);
#3404 = CARTESIAN_POINT('',(64.55,35.45,26.));
#3405 = DIRECTION('',(0.,0.,-1.));
#3406 = DIRECTION('',(0.,1.,0.));
#3407 = TOROIDAL_SURFACE('',#3408,3.,2.);
#3408 = AXIS2_PLACEMENT_3D('',#3409,#3410,#3411);
#3409 = CARTESIAN_POINT('',(64.55,35.45,24.));
#3410 = DIRECTION('',(0.,0.,1.));
#3411 = DIRECTION('',(0.,1.,0.));
#3412 = ADVANCED_FACE('',(#3413,#3416),#3427,.F.);
#3413 = FACE_BOUND('',#3414,.F.);
#3414 = EDGE_LOOP('',(#3415));
#3415 = ORIENTED_EDGE('',*,*,#2876,.T.);
#3416 = FACE_BOUND('',#3417,.F.);
#3417 = EDGE_LOOP('',(#3418));
#3418 = ORIENTED_EDGE('',*,*,#3419,.F.);
#3419 = EDGE_CURVE('',#3420,#3420,#3422,.T.);
#3420 = VERTEX_POINT('',#3421);
#3421 = CARTESIAN_POINT('',(65.54,34.86,5.6));
#3422 = CIRCLE('',#3423,1.6);
#3423 = AXIS2_PLACEMENT_3D('',#3424,#3425,#3426);
#3424 = CARTESIAN_POINT('',(63.94,34.86,5.6));
#3425 = DIRECTION('',(0.,0.,1.));
#3426 = DIRECTION('',(1.,0.,0.));
#3427 = PLANE('',#3428);
#3428 = AXIS2_PLACEMENT_3D('',#3429,#3430,#3431);
#3429 = CARTESIAN_POINT('',(63.94,34.86,5.6));
#3430 = DIRECTION('',(0.,0.,1.));
#3431 = DIRECTION('',(1.,0.,0.));
#3432 = ADVANCED_FACE('',(#3433),#3445,.T.);
#3433 = FACE_BOUND('',#3434,.T.);
#3434 = EDGE_LOOP('',(#3435,#3442,#3443,#3444));
#3435 = ORIENTED_EDGE('',*,*,#3436,.F.);
#3436 = EDGE_CURVE('',#2973,#3024,#3437,.T.);
#3437 = CIRCLE('',#3438,2.5);
#3438 = AXIS2_PLACEMENT_3D('',#3439,#3440,#3441);
#3439 = CARTESIAN_POINT('',(17.27,34.97,6.2));
#3440 = DIRECTION('',(0.,0.,1.));
#3441 = DIRECTION('',(1.,0.,0.));
#3442 = ORIENTED_EDGE('',*,*,#2972,.F.);
#3443 = ORIENTED_EDGE('',*,*,#2921,.T.);
#3444 = ORIENTED_EDGE('',*,*,#3023,.T.);
#3445 = CYLINDRICAL_SURFACE('',#3446,2.5);
#3446 = AXIS2_PLACEMENT_3D('',#3447,#3448,#3449);
#3447 = CARTESIAN_POINT('',(17.27,34.97,5.6));
#3448 = DIRECTION('',(0.,0.,1.));
#3449 = DIRECTION('',(1.,0.,0.));
#3450 = ADVANCED_FACE('',(#3451),#3470,.F.);
#3451 = FACE_BOUND('',#3452,.F.);
#3452 = EDGE_LOOP('',(#3453,#3462,#3468,#3469));
#3453 = ORIENTED_EDGE('',*,*,#3454,.F.);
#3454 = EDGE_CURVE('',#3455,#3455,#3457,.T.);
#3455 = VERTEX_POINT('',#3456);
#3456 = CARTESIAN_POINT('',(18.87,34.97,10.2));
#3457 = CIRCLE('',#3458,1.6);
#3458 = AXIS2_PLACEMENT_3D('',#3459,#3460,#3461);
#3459 = CARTESIAN_POINT('',(17.27,34.97,10.2));
#3460 = DIRECTION('',(0.,0.,1.));
#3461 = DIRECTION('',(1.,0.,0.));
#3462 = ORIENTED_EDGE('',*,*,#3463,.F.);
#3463 = EDGE_CURVE('',#2956,#3455,#3464,.T.);
#3464 = LINE('',#3465,#3466);
#3465 = CARTESIAN_POINT('',(18.87,34.97,5.6));
#3466 = VECTOR('',#3467,1.);
#3467 = DIRECTION('',(0.,0.,1.));
#3468 = ORIENTED_EDGE('',*,*,#2955,.T.);
#3469 = ORIENTED_EDGE('',*,*,#3463,.T.);
#3470 = CYLINDRICAL_SURFACE('',#3471,1.6);
#3471 = AXIS2_PLACEMENT_3D('',#3472,#3473,#3474);
#3472 = CARTESIAN_POINT('',(17.27,34.97,5.6));
#3473 = DIRECTION('',(0.,0.,1.));
#3474 = DIRECTION('',(1.,0.,0.));
#3475 = ADVANCED_FACE('',(#3476),#3481,.F.);
#3476 = FACE_BOUND('',#3477,.F.);
#3477 = EDGE_LOOP('',(#3478,#3479,#3480));
#3478 = ORIENTED_EDGE('',*,*,#2991,.F.);
#3479 = ORIENTED_EDGE('',*,*,#3031,.F.);
#3480 = ORIENTED_EDGE('',*,*,#3436,.F.);
#3481 = PLANE('',#3482);
#3482 = AXIS2_PLACEMENT_3D('',#3483,#3484,#3485);
#3483 = CARTESIAN_POINT('',(17.27,34.97,6.2));
#3484 = DIRECTION('',(0.,0.,1.));
#3485 = DIRECTION('',(1.,0.,0.));
#3486 = ADVANCED_FACE('',(#3487),#3490,.F.);
#3487 = FACE_BOUND('',#3488,.F.);
#3488 = EDGE_LOOP('',(#3489));
#3489 = ORIENTED_EDGE('',*,*,#3313,.T.);
#3490 = PLANE('',#3491);
#3491 = AXIS2_PLACEMENT_3D('',#3492,#3493,#3494);
#3492 = CARTESIAN_POINT('',(63.99,2.7,10.2));
#3493 = DIRECTION('',(0.,0.,1.));
#3494 = DIRECTION('',(1.,0.,0.));
#3495 = ADVANCED_FACE('',(#3496),#3515,.F.);
#3496 = FACE_BOUND('',#3497,.F.);
#3497 = EDGE_LOOP('',(#3498,#3507,#3513,#3514));
#3498 = ORIENTED_EDGE('',*,*,#3499,.F.);
#3499 = EDGE_CURVE('',#3500,#3500,#3502,.T.);
#3500 = VERTEX_POINT('',#3501);
#3501 = CARTESIAN_POINT('',(65.54,34.86,10.2));
#3502 = CIRCLE('',#3503,1.6);
#3503 = AXIS2_PLACEMENT_3D('',#3504,#3505,#3506);
#3504 = CARTESIAN_POINT('',(63.94,34.86,10.2));
#3505 = DIRECTION('',(0.,0.,1.));
#3506 = DIRECTION('',(1.,0.,0.));
#3507 = ORIENTED_EDGE('',*,*,#3508,.F.);
#3508 = EDGE_CURVE('',#3420,#3500,#3509,.T.);
#3509 = LINE('',#3510,#3511);
#3510 = CARTESIAN_POINT('',(65.54,34.86,5.6));
#3511 = VECTOR('',#3512,1.);
#3512 = DIRECTION('',(0.,0.,1.));
#3513 = ORIENTED_EDGE('',*,*,#3419,.T.);
#3514 = ORIENTED_EDGE('',*,*,#3508,.T.);
#3515 = CYLINDRICAL_SURFACE('',#3516,1.6);
#3516 = AXIS2_PLACEMENT_3D('',#3517,#3518,#3519);
#3517 = CARTESIAN_POINT('',(63.94,34.86,5.6));
#3518 = DIRECTION('',(0.,0.,1.));
#3519 = DIRECTION('',(1.,0.,0.));
#3520 = ADVANCED_FACE('',(#3521),#3524,.F.);
#3521 = FACE_BOUND('',#3522,.F.);
#3522 = EDGE_LOOP('',(#3523));
#3523 = ORIENTED_EDGE('',*,*,#3454,.T.);
#3524 = PLANE('',#3525);
#3525 = AXIS2_PLACEMENT_3D('',#3526,#3527,#3528);
#3526 = CARTESIAN_POINT('',(17.27,34.97,10.2));
#3527 = DIRECTION('',(0.,0.,1.));
#3528 = DIRECTION('',(1.,0.,0.));
#3529 = ADVANCED_FACE('',(#3530),#3533,.F.);
#3530 = FACE_BOUND('',#3531,.F.);
#3531 = EDGE_LOOP('',(#3532));
#3532 = ORIENTED_EDGE('',*,*,#3499,.T.);
#3533 = PLANE('',#3534);
#3534 = AXIS2_PLACEMENT_3D('',#3535,#3536,#3537);
#3535 = CARTESIAN_POINT('',(63.94,34.86,10.2));
#3536 = DIRECTION('',(0.,0.,1.));
#3537 = DIRECTION('',(1.,0.,0.));
#3538 = ADVANCED_FACE('',(#3539),#3549,.T.);
#3539 = FACE_BOUND('',#3540,.T.);
#3540 = EDGE_LOOP('',(#3541,#3542,#3543,#3544,#3545,#3546,#3547,#3548));
#3541 = ORIENTED_EDGE('',*,*,#3192,.F.);
#3542 = ORIENTED_EDGE('',*,*,#3176,.F.);
#3543 = ORIENTED_EDGE('',*,*,#3297,.F.);
#3544 = ORIENTED_EDGE('',*,*,#3281,.F.);
#3545 = ORIENTED_EDGE('',*,*,#3246,.F.);
#3546 = ORIENTED_EDGE('',*,*,#3401,.F.);
#3547 = ORIENTED_EDGE('',*,*,#3374,.F.);
#3548 = ORIENTED_EDGE('',*,*,#3358,.F.);
#3549 = PLANE('',#3550);
#3550 = AXIS2_PLACEMENT_3D('',#3551,#3552,#3553);
#3551 = CARTESIAN_POINT('',(-2.9,-2.9,26.));
#3552 = DIRECTION('',(0.,0.,1.));
#3553 = DIRECTION('',(1.,0.,0.));
#3554 = ( GEOMETRIC_REPRESENTATION_CONTEXT(3) 
GLOBAL_UNCERTAINTY_ASSIGNED_CONTEXT((#3558)) 
GLOBAL_UNIT_ASSIGNED_CONTEXT((#3555,#3556,#3557)) REPRESENTATION_CONTEXT
('Context #1','3D Context with UNIT and UNCERTAINTY') );
#3555 = ( LENGTH_UNIT() NAMED_UNIT(*) SI_UNIT(.MILLI.,.METRE.) );
#3556 = ( NAMED_UNIT(*) PLANE_ANGLE_UNIT() SI_UNIT($,.RADIAN.) );
#3557 = ( NAMED_UNIT(*) SI_UNIT($,.STERADIAN.) SOLID_ANGLE_UNIT() );
#3558 = UNCERTAINTY_MEASURE_WITH_UNIT(LENGTH_MEASURE(2.E-07),#3555,
  'distance_accuracy_value','confusion accuracy');
#3559 = PRODUCT_RELATED_PRODUCT_CATEGORY('part',$,(#7));
ENDSEC;
END-ISO-10303-21;
